{
  "type": "FeatureCollection",
  "crs": {
    "type": "name",
    "properties": {
      "name": "urn:ogc:def:crs:EPSG::3857"
    }
  },
  "features": [
    {
      "type": "Feature",
      "geometry": {
        "type": "Point",
        "coordinates": [
          -8242002.850099999,
          531131.0238000005
        ]
      },
      "properties": {
        "NOMBRE_EST": "COLEGIO AQUILEO PARRA (IED)",
        "NOMBRE_SED": "AQUILEO PARRA",
        "ORDEN_DE_S": "A",
        "DANE12_EST": "111001000132",
        "TMATRIC_GE": 2677
      }
    },
    {
      "type": "Feature",
      "geometry": {
        "type": "Point",
        "coordinates": [
          -8240325.387800001,
          527100.8167999983
        ]
      },
      "properties": {
        "NOMBRE_EST": "COLEGIO AGUSTIN FERNANDEZ (IED)",
        "NOMBRE_SED": "AGUSTIN FERNANDEZ",
        "ORDEN_DE_S": "A",
        "DANE12_EST": "111001029955",
        "TMATRIC_GE": 1304
      }
    },
    {
      "type": "Feature",
      "geometry": {
        "type": "Point",
        "coordinates": [
          -8239609.692600001,
          527423.2327000014
        ]
      },
      "properties": {
        "NOMBRE_EST": "COLEGIO AGUSTIN FERNANDEZ (IED)",
        "NOMBRE_SED": "SAN BERNARDO",
        "ORDEN_DE_S": "B",
        "DANE12_EST": "111001029955",
        "TMATRIC_GE": 215
      }
    },
    {
      "type": "Feature",
      "geometry": {
        "type": "Point",
        "coordinates": [
          -8239441.8061,
          527704.9831000008
        ]
      },
      "properties": {
        "NOMBRE_EST": "COLEGIO AGUSTIN FERNANDEZ (IED)",
        "NOMBRE_SED": "SANTA CECILIA ALTA",
        "ORDEN_DE_S": "C",
        "DANE12_EST": "111001029955",
        "TMATRIC_GE": 416
      }
    },
    {
      "type": "Feature",
      "geometry": {
        "type": "Point",
        "coordinates": [
          -8240364.9363,
          527535.5458999984
        ]
      },
      "properties": {
        "NOMBRE_EST": "COLEGIO AGUSTIN FERNANDEZ (IED)",
        "NOMBRE_SED": "LOS PISINGOS",
        "ORDEN_DE_S": "D",
        "DANE12_EST": "111001029955",
        "TMATRIC_GE": 220
      }
    },
    {
      "type": "Feature",
      "geometry": {
        "type": "Point",
        "coordinates": [
          -8240226.3124,
          529285.6992000006
        ]
      },
      "properties": {
        "NOMBRE_EST": "COLEGIO FRIEDRICH NAUMANN (IED)",
        "NOMBRE_SED": "FRIEDRICH NAUMANN",
        "ORDEN_DE_S": "A",
        "DANE12_EST": "111001044806",
        "TMATRIC_GE": 851
      }
    },
    {
      "type": "Feature",
      "geometry": {
        "type": "Point",
        "coordinates": [
          -8240485.5031,
          530365.1327
        ]
      },
      "properties": {
        "NOMBRE_EST": "COLEGIO FRIEDRICH NAUMANN (IED)",
        "NOMBRE_SED": "EL CODITO",
        "ORDEN_DE_S": "B",
        "DANE12_EST": "111001044806",
        "TMATRIC_GE": 518
      }
    },
    {
      "type": "Feature",
      "geometry": {
        "type": "Point",
        "coordinates": [
          -8242038.074899999,
          528862.0967000015
        ]
      },
      "properties": {
        "NOMBRE_EST": "COLEGIO TOBERIN (IED)",
        "NOMBRE_SED": "TOBERIN",
        "ORDEN_DE_S": "A",
        "DANE12_EST": "111001046957",
        "TMATRIC_GE": 1336
      }
    },
    {
      "type": "Feature",
      "geometry": {
        "type": "Point",
        "coordinates": [
          -8241617.113600001,
          528591.9571000002
        ]
      },
      "properties": {
        "NOMBRE_EST": "COLEGIO TOBERIN (IED)",
        "NOMBRE_SED": "BABILONIA",
        "ORDEN_DE_S": "B",
        "DANE12_EST": "111001046957",
        "TMATRIC_GE": 831
      }
    },
    {
      "type": "Feature",
      "geometry": {
        "type": "Point",
        "coordinates": [
          -8242145.646299999,
          528597.6099000014
        ]
      },
      "properties": {
        "NOMBRE_EST": "COLEGIO TOBERIN (IED)",
        "NOMBRE_SED": "LAS ORQUIDEAS",
        "ORDEN_DE_S": "C",
        "DANE12_EST": "111001046957",
        "TMATRIC_GE": 520
      }
    },
    {
      "type": "Feature",
      "geometry": {
        "type": "Point",
        "coordinates": [
          -8240516.5956999995,
          531256.9450000003
        ]
      },
      "properties": {
        "NOMBRE_EST": "COLEGIO NUEVO HORIZONTE (IED)",
        "NOMBRE_SED": "NUEVO HORIZONTE",
        "ORDEN_DE_S": "A",
        "DANE12_EST": "111001086681",
        "TMATRIC_GE": 1030
      }
    },
    {
      "type": "Feature",
      "geometry": {
        "type": "Point",
        "coordinates": [
          -8240356.3379999995,
          531267.2285000011
        ]
      },
      "properties": {
        "NOMBRE_EST": "COLEGIO NUEVO HORIZONTE (IED)",
        "NOMBRE_SED": "BUENAVISTA",
        "ORDEN_DE_S": "B",
        "DANE12_EST": "111001086681",
        "TMATRIC_GE": 732
      }
    },
    {
      "type": "Feature",
      "geometry": {
        "type": "Point",
        "coordinates": [
          -8240214.2053,
          530823.5942000002
        ]
      },
      "properties": {
        "NOMBRE_EST": "COLEGIO NUEVO HORIZONTE (IED)",
        "NOMBRE_SED": "HORIZONTE",
        "ORDEN_DE_S": "C",
        "DANE12_EST": "111001086681",
        "TMATRIC_GE": 691
      }
    },
    {
      "type": "Feature",
      "geometry": {
        "type": "Point",
        "coordinates": [
          -8240874.7117,
          534968.2685000002
        ]
      },
      "properties": {
        "NOMBRE_EST": "COLEGIO NUEVO HORIZONTE (IED)",
        "NOMBRE_SED": "TORCA",
        "ORDEN_DE_S": "D",
        "DANE12_EST": "111001086681",
        "TMATRIC_GE": 386
      }
    },
    {
      "type": "Feature",
      "geometry": {
        "type": "Point",
        "coordinates": [
          -8240320.039999999,
          530979.7914000005
        ]
      },
      "properties": {
        "NOMBRE_EST": "COLEGIO LA ESTRELLITA (IED)",
        "NOMBRE_SED": "COLEGIO LA ESTRELLITA (IED) - SEDE PRINCIPAL",
        "ORDEN_DE_S": "A",
        "DANE12_EST": "111001098612",
        "TMATRIC_GE": 1220
      }
    },
    {
      "type": "Feature",
      "geometry": {
        "type": "Point",
        "coordinates": [
          -8242141.635399999,
          530273.5868999995
        ]
      },
      "properties": {
        "NOMBRE_EST": "COLEGIO SALUDCOOP NORTE (IED)",
        "NOMBRE_SED": "SALUDCOOP NORTE",
        "ORDEN_DE_S": "A",
        "DANE12_EST": "111001107743",
        "TMATRIC_GE": 2224
      }
    },
    {
      "type": "Feature",
      "geometry": {
        "type": "Point",
        "coordinates": [
          -8241497.846999999,
          524594.5172000006
        ]
      },
      "properties": {
        "NOMBRE_EST": "COLEGIO USAQUEN (IED)",
        "NOMBRE_SED": "USAQUEN",
        "ORDEN_DE_S": "A",
        "DANE12_EST": "111848002662",
        "TMATRIC_GE": 1659
      }
    },
    {
      "type": "Feature",
      "geometry": {
        "type": "Point",
        "coordinates": [
          -8241219.302300001,
          526513.006000001
        ]
      },
      "properties": {
        "NOMBRE_EST": "COLEGIO USAQUEN (IED)",
        "NOMBRE_SED": "LOS CEDRITOS",
        "ORDEN_DE_S": "B",
        "DANE12_EST": "111848002662",
        "TMATRIC_GE": 174
      }
    },
    {
      "type": "Feature",
      "geometry": {
        "type": "Point",
        "coordinates": [
          -8240699.9857,
          530418.8341000006
        ]
      },
      "properties": {
        "NOMBRE_EST": "COLEGIO UNION COLOMBIA (IED)",
        "NOMBRE_SED": "PILOTO DE APLICACION",
        "ORDEN_DE_S": "A",
        "DANE12_EST": "111848002671",
        "TMATRIC_GE": 933
      }
    },
    {
      "type": "Feature",
      "geometry": {
        "type": "Point",
        "coordinates": [
          -8240758.419500001,
          531113.9888000004
        ]
      },
      "properties": {
        "NOMBRE_EST": "COLEGIO UNION COLOMBIA (IED)",
        "NOMBRE_SED": "SANTA CLAUDIA",
        "ORDEN_DE_S": "B",
        "DANE12_EST": "111848002671",
        "TMATRIC_GE": 307
      }
    },
    {
      "type": "Feature",
      "geometry": {
        "type": "Point",
        "coordinates": [
          -8240730.0152,
          528252.6158999987
        ]
      },
      "properties": {
        "NOMBRE_EST": "COLEGIO DIVINO MAESTRO (IED)",
        "NOMBRE_SED": "PILOTO BAVARIA",
        "ORDEN_DE_S": "A",
        "DANE12_EST": "111848002689",
        "TMATRIC_GE": 890
      }
    },
    {
      "type": "Feature",
      "geometry": {
        "type": "Point",
        "coordinates": [
          -8240433.3432,
          528232.3126000017
        ]
      },
      "properties": {
        "NOMBRE_EST": "COLEGIO DIVINO MAESTRO (IED)",
        "NOMBRE_SED": "DIVINO MAESTRO",
        "ORDEN_DE_S": "B",
        "DANE12_EST": "111848002689",
        "TMATRIC_GE": 938
      }
    },
    {
      "type": "Feature",
      "geometry": {
        "type": "Point",
        "coordinates": [
          -8240373.590299999,
          528180.8291999996
        ]
      },
      "properties": {
        "NOMBRE_EST": "COLEGIO DIVINO MAESTRO (IED)",
        "NOMBRE_SED": "SAN CRISTOBAL NORTE",
        "ORDEN_DE_S": "C",
        "DANE12_EST": "111848002689",
        "TMATRIC_GE": 679
      }
    },
    {
      "type": "Feature",
      "geometry": {
        "type": "Point",
        "coordinates": [
          -8240518.1965,
          528440.6664000005
        ]
      },
      "properties": {
        "NOMBRE_EST": "COLEGIO CRISTOBAL COLON (IED)",
        "NOMBRE_SED": "CRISTOBAL COLON",
        "ORDEN_DE_S": "A",
        "DANE12_EST": "111848003031",
        "TMATRIC_GE": 1427
      }
    },
    {
      "type": "Feature",
      "geometry": {
        "type": "Point",
        "coordinates": [
          -8240032.9615,
          528112.0025999993
        ]
      },
      "properties": {
        "NOMBRE_EST": "COLEGIO CRISTOBAL COLON (IED)",
        "NOMBRE_SED": "SANTA CECILIA BAJA",
        "ORDEN_DE_S": "B",
        "DANE12_EST": "111848003031",
        "TMATRIC_GE": 201
      }
    },
    {
      "type": "Feature",
      "geometry": {
        "type": "Point",
        "coordinates": [
          -8239789.2553,
          528643.1086999997
        ]
      },
      "properties": {
        "NOMBRE_EST": "COLEGIO CRISTOBAL COLON (IED)",
        "NOMBRE_SED": "SORATAMA",
        "ORDEN_DE_S": "C",
        "DANE12_EST": "111848003031",
        "TMATRIC_GE": 208
      }
    },
    {
      "type": "Feature",
      "geometry": {
        "type": "Point",
        "coordinates": [
          -8240751.702500001,
          527659.6246000007
        ]
      },
      "properties": {
        "NOMBRE_EST": "COLEGIO GENERAL SANTANDER (IED)",
        "NOMBRE_SED": "GENERAL SANTANDER",
        "ORDEN_DE_S": "A",
        "DANE12_EST": "111848003910",
        "TMATRIC_GE": 1005
      }
    },
    {
      "type": "Feature",
      "geometry": {
        "type": "Point",
        "coordinates": [
          -8244461.073899999,
          518691.18400000036
        ]
      },
      "properties": {
        "NOMBRE_EST": "COLEGIO SIMON RODRIGUEZ (IED)",
        "NOMBRE_SED": "SIMON RODRIGUEZ",
        "ORDEN_DE_S": "A",
        "DANE12_EST": "111001016314",
        "TMATRIC_GE": 446
      }
    },
    {
      "type": "Feature",
      "geometry": {
        "type": "Point",
        "coordinates": [
          -8243949.5374,
          518024.1094000004
        ]
      },
      "properties": {
        "NOMBRE_EST": "COLEGIO SIMON RODRIGUEZ (IED)",
        "NOMBRE_SED": "NUEVA GRANADA",
        "ORDEN_DE_S": "B",
        "DANE12_EST": "111001016314",
        "TMATRIC_GE": 237
      }
    },
    {
      "type": "Feature",
      "geometry": {
        "type": "Point",
        "coordinates": [
          -8243662.4355999995,
          517173.3894000016
        ]
      },
      "properties": {
        "NOMBRE_EST": "COLEGIO SIMON RODRIGUEZ (IED)",
        "NOMBRE_SED": "BOSQUE CALDERON TEJADA",
        "ORDEN_DE_S": "C",
        "DANE12_EST": "111001016314",
        "TMATRIC_GE": 176
      }
    },
    {
      "type": "Feature",
      "geometry": {
        "type": "Point",
        "coordinates": [
          -8240028.705800001,
          520540.436900001
        ]
      },
      "properties": {
        "NOMBRE_EST": "COLEGIO CAMPESTRE MONTE VERDE (IED)",
        "NOMBRE_SED": "PLAN PADRINOS SAN LUIS",
        "ORDEN_DE_S": "A",
        "DANE12_EST": "111001033901",
        "TMATRIC_GE": 1488
      }
    },
    {
      "type": "Feature",
      "geometry": {
        "type": "Point",
        "coordinates": [
          -8240998.387599999,
          521018.69750000164
        ]
      },
      "properties": {
        "NOMBRE_EST": "COLEGIO CAMPESTRE MONTE VERDE (IED)",
        "NOMBRE_SED": "JULIO ANTONIO GAITAN",
        "ORDEN_DE_S": "B",
        "DANE12_EST": "111001033901",
        "TMATRIC_GE": 153
      }
    },
    {
      "type": "Feature",
      "geometry": {
        "type": "Point",
        "coordinates": [
          -8244222.038699999,
          515981.34800000116
        ]
      },
      "properties": {
        "NOMBRE_EST": "COLEGIO SAN MARTIN DE PORRES (IED)",
        "NOMBRE_SED": "SAN MARTIN DE PORRES",
        "ORDEN_DE_S": "A",
        "DANE12_EST": "111001034665",
        "TMATRIC_GE": 337
      }
    },
    {
      "type": "Feature",
      "geometry": {
        "type": "Point",
        "coordinates": [
          -8244462.2071,
          516043.66860000044
        ]
      },
      "properties": {
        "NOMBRE_EST": "COLEGIO SAN MARTIN DE PORRES (IED)",
        "NOMBRE_SED": "ANTONIO JOSE DE SUCRE",
        "ORDEN_DE_S": "B",
        "DANE12_EST": "111001034665",
        "TMATRIC_GE": 195
      }
    },
    {
      "type": "Feature",
      "geometry": {
        "type": "Point",
        "coordinates": [
          -8245194.6248,
          514256.11659999937
        ]
      },
      "properties": {
        "NOMBRE_EST": "COLEGIO POLICARPA SALAVARRIETA (IED)",
        "NOMBRE_SED": "POLICARPA SALAVARRIETA",
        "ORDEN_DE_S": "A",
        "DANE12_EST": "111001009831",
        "TMATRIC_GE": 489
      }
    },
    {
      "type": "Feature",
      "geometry": {
        "type": "Point",
        "coordinates": [
          -8245345.270099999,
          513169.83729999885
        ]
      },
      "properties": {
        "NOMBRE_EST": "COLEGIO POLICARPA SALAVARRIETA (IED)",
        "NOMBRE_SED": "REPUBLICA DE ARGENTINA",
        "ORDEN_DE_S": "B",
        "DANE12_EST": "111001009831",
        "TMATRIC_GE": 546
      }
    },
    {
      "type": "Feature",
      "geometry": {
        "type": "Point",
        "coordinates": [
          -8245141.8983,
          514898.66750000045
        ]
      },
      "properties": {
        "NOMBRE_EST": "COLEGIO EXTERNADO NACIONAL CAMILO TORRES (IED)",
        "NOMBRE_SED": "CAMILO TORRES",
        "ORDEN_DE_S": "A",
        "DANE12_EST": "111001010839",
        "TMATRIC_GE": 1034
      }
    },
    {
      "type": "Feature",
      "geometry": {
        "type": "Point",
        "coordinates": [
          -8245561.730900001,
          510479.65260000154
        ]
      },
      "properties": {
        "NOMBRE_EST": "COLEGIO AULAS COLOMBIANAS SAN LUIS (IED)",
        "NOMBRE_SED": "AULAS COLOMBIANAS EL CONSUELO",
        "ORDEN_DE_S": "A",
        "DANE12_EST": "111001013242",
        "TMATRIC_GE": 1273
      }
    },
    {
      "type": "Feature",
      "geometry": {
        "type": "Point",
        "coordinates": [
          -8245768.1873,
          510414.14350000024
        ]
      },
      "properties": {
        "NOMBRE_EST": "COLEGIO AULAS COLOMBIANAS SAN LUIS (IED)",
        "NOMBRE_SED": "SAN LUIS EL DORADO",
        "ORDEN_DE_S": "B",
        "DANE12_EST": "111001013242",
        "TMATRIC_GE": 195
      }
    },
    {
      "type": "Feature",
      "geometry": {
        "type": "Point",
        "coordinates": [
          -8245812.4980999995,
          511251.8060999997
        ]
      },
      "properties": {
        "NOMBRE_EST": "COLEGIO JORGE SOTO DEL CORRAL (IED)",
        "NOMBRE_SED": "JORGE SOTO DEL CORRAL",
        "ORDEN_DE_S": "A",
        "DANE12_EST": "111001032409",
        "TMATRIC_GE": 562
      }
    },
    {
      "type": "Feature",
      "geometry": {
        "type": "Point",
        "coordinates": [
          -8245810.3061999995,
          510914.5
        ]
      },
      "properties": {
        "NOMBRE_EST": "COLEGIO JORGE SOTO DEL CORRAL (IED)",
        "NOMBRE_SED": "ATANASIO GIRARDOT",
        "ORDEN_DE_S": "B",
        "DANE12_EST": "111001032409",
        "TMATRIC_GE": 381
      }
    },
    {
      "type": "Feature",
      "geometry": {
        "type": "Point",
        "coordinates": [
          -8245473.291999999,
          511344.9378999993
        ]
      },
      "properties": {
        "NOMBRE_EST": "COLEGIO JORGE SOTO DEL CORRAL (IED)",
        "NOMBRE_SED": "EL GUAVIO",
        "ORDEN_DE_S": "C",
        "DANE12_EST": "111001032409",
        "TMATRIC_GE": 140
      }
    },
    {
      "type": "Feature",
      "geometry": {
        "type": "Point",
        "coordinates": [
          -8246805.5436,
          511749.04569999874
        ]
      },
      "properties": {
        "NOMBRE_EST": "COLEGIO ANTONIO JOSE URIBE (IED)",
        "NOMBRE_SED": "ANTONIO JOSE URIBE",
        "ORDEN_DE_S": "A",
        "DANE12_EST": "111001036544",
        "TMATRIC_GE": 1025
      }
    },
    {
      "type": "Feature",
      "geometry": {
        "type": "Point",
        "coordinates": [
          -8247063.138,
          511891.6400000006
        ]
      },
      "properties": {
        "NOMBRE_EST": "COLEGIO ANTONIO JOSE URIBE (IED)",
        "NOMBRE_SED": "LOS ANGELES",
        "ORDEN_DE_S": "B",
        "DANE12_EST": "111001036544",
        "TMATRIC_GE": 119
      }
    },
    {
      "type": "Feature",
      "geometry": {
        "type": "Point",
        "coordinates": [
          -8244830.5309999995,
          514595.5122999996
        ]
      },
      "properties": {
        "NOMBRE_EST": "COLEGIO MANUEL ELKIN PATARROYO (IED)",
        "NOMBRE_SED": "MANUEL ELKIN PATARROYO",
        "ORDEN_DE_S": "A",
        "DANE12_EST": "111001094901",
        "TMATRIC_GE": 409
      }
    },
    {
      "type": "Feature",
      "geometry": {
        "type": "Point",
        "coordinates": [
          -8246457.3674,
          510730.34530000016
        ]
      },
      "properties": {
        "NOMBRE_EST": "COLEGIO LA GIRALDA (IED)",
        "NOMBRE_SED": "COLEGIO LA GIRALDA (IED) - SEDE PRINCIPAL",
        "ORDEN_DE_S": "A",
        "DANE12_EST": "111001100030",
        "TMATRIC_GE": 1403
      }
    },
    {
      "type": "Feature",
      "geometry": {
        "type": "Point",
        "coordinates": [
          -8240313.986500001,
          510722.129900001
        ]
      },
      "properties": {
        "NOMBRE_EST": "COLEGIO EL VERJON (IED)",
        "NOMBRE_SED": "EL VERJON ALTO",
        "ORDEN_DE_S": "A",
        "DANE12_EST": "211001027485",
        "TMATRIC_GE": 207
      }
    },
    {
      "type": "Feature",
      "geometry": {
        "type": "Point",
        "coordinates": [
          -8245223.674699999,
          511247.31340000033
        ]
      },
      "properties": {
        "NOMBRE_EST": "COLEGIO LOS PINOS (IED)",
        "NOMBRE_SED": "LOS PINOS",
        "ORDEN_DE_S": "A",
        "DANE12_EST": "311001026441",
        "TMATRIC_GE": 389
      }
    },
    {
      "type": "Feature",
      "geometry": {
        "type": "Point",
        "coordinates": [
          -8245068.044500001,
          511229.40399999917
        ]
      },
      "properties": {
        "NOMBRE_EST": "COLEGIO LOS PINOS (IED)",
        "NOMBRE_SED": "EFRAIN CAÑAVERA",
        "ORDEN_DE_S": "B",
        "DANE12_EST": "311001026441",
        "TMATRIC_GE": 248
      }
    },
    {
      "type": "Feature",
      "geometry": {
        "type": "Point",
        "coordinates": [
          -8245053.804500001,
          511658.2501000017
        ]
      },
      "properties": {
        "NOMBRE_EST": "COLEGIO LOS PINOS (IED)",
        "NOMBRE_SED": "EL PAREJO",
        "ORDEN_DE_S": "C",
        "DANE12_EST": "311001026441",
        "TMATRIC_GE": 85
      }
    },
    {
      "type": "Feature",
      "geometry": {
        "type": "Point",
        "coordinates": [
          -8245449.3138,
          509056.2468999997
        ]
      },
      "properties": {
        "NOMBRE_EST": "COLEGIO GRAN COLOMBIA (CED)",
        "NOMBRE_SED": "GRAN COLOMBIA",
        "ORDEN_DE_S": "A",
        "DANE12_EST": "111001011975",
        "TMATRIC_GE": 111
      }
    },
    {
      "type": "Feature",
      "geometry": {
        "type": "Point",
        "coordinates": [
          -8248099.824200001,
          509400.3443999998
        ]
      },
      "properties": {
        "NOMBRE_EST": "COLEGIO VEINTE DE JULIO (IED)",
        "NOMBRE_SED": "VEINTE DE JULIO",
        "ORDEN_DE_S": "A",
        "DANE12_EST": "111001012033",
        "TMATRIC_GE": 964
      }
    },
    {
      "type": "Feature",
      "geometry": {
        "type": "Point",
        "coordinates": [
          -8245966.553099999,
          509175.9527999982
        ]
      },
      "properties": {
        "NOMBRE_EST": "COLEGIO PANTALEON GAITAN PEREZ (CED)",
        "NOMBRE_SED": "PANTALEON GAITAN PEREZ",
        "ORDEN_DE_S": "A",
        "DANE12_EST": "111001012246",
        "TMATRIC_GE": 147
      }
    },
    {
      "type": "Feature",
      "geometry": {
        "type": "Point",
        "coordinates": [
          -8247019.193600001,
          506625.34270000085
        ]
      },
      "properties": {
        "NOMBRE_EST": "COLEGIO SAN JOSE SUR ORIENTAL (IED)",
        "NOMBRE_SED": "SAN JOSE SUR ORIENTAL",
        "ORDEN_DE_S": "A",
        "DANE12_EST": "111001012301",
        "TMATRIC_GE": 1035
      }
    },
    {
      "type": "Feature",
      "geometry": {
        "type": "Point",
        "coordinates": [
          -8247172.2545,
          504905.8277999982
        ]
      },
      "properties": {
        "NOMBRE_EST": "COLEGIO JUANA ESCOBAR (IED)",
        "NOMBRE_SED": "JUANA ESCOBAR",
        "ORDEN_DE_S": "A",
        "DANE12_EST": "111001012335",
        "TMATRIC_GE": 1048
      }
    },
    {
      "type": "Feature",
      "geometry": {
        "type": "Point",
        "coordinates": [
          -8247557.6381,
          505031.6046999991
        ]
      },
      "properties": {
        "NOMBRE_EST": "COLEGIO JUANA ESCOBAR (IED)",
        "NOMBRE_SED": "SAN LUIS SURORIENTAL",
        "ORDEN_DE_S": "B",
        "DANE12_EST": "111001012335",
        "TMATRIC_GE": 521
      }
    },
    {
      "type": "Feature",
      "geometry": {
        "type": "Point",
        "coordinates": [
          -8247538.8441,
          505045.78620000184
        ]
      },
      "properties": {
        "NOMBRE_EST": "COLEGIO JUANA ESCOBAR (IED)",
        "NOMBRE_SED": "REPUBLICA DE CANADA II",
        "ORDEN_DE_S": "C",
        "DANE12_EST": "111001012335",
        "TMATRIC_GE": 236
      }
    },
    {
      "type": "Feature",
      "geometry": {
        "type": "Point",
        "coordinates": [
          -8245149.599400001,
          508366.2941999994
        ]
      },
      "properties": {
        "NOMBRE_EST": "COLEGIO AGUAS CLARAS (CED)",
        "NOMBRE_SED": "AGUAS CLARAS",
        "ORDEN_DE_S": "A",
        "DANE12_EST": "111001012475",
        "TMATRIC_GE": 174
      }
    },
    {
      "type": "Feature",
      "geometry": {
        "type": "Point",
        "coordinates": [
          -8247103.5426,
          506533.14090000093
        ]
      },
      "properties": {
        "NOMBRE_EST": "COLEGIO ALTAMIRA SUR ORIENTAL (IED)",
        "NOMBRE_SED": "ALTAMIRA SUR ORIENTAL",
        "ORDEN_DE_S": "A",
        "DANE12_EST": "111001014168",
        "TMATRIC_GE": 769
      }
    },
    {
      "type": "Feature",
      "geometry": {
        "type": "Point",
        "coordinates": [
          -8247244.422900001,
          505868.88760000095
        ]
      },
      "properties": {
        "NOMBRE_EST": "COLEGIO ALTAMIRA SUR ORIENTAL (IED)",
        "NOMBRE_SED": "NUEVA GLORIA",
        "ORDEN_DE_S": "B",
        "DANE12_EST": "111001014168",
        "TMATRIC_GE": 579
      }
    },
    {
      "type": "Feature",
      "geometry": {
        "type": "Point",
        "coordinates": [
          -8247613.5929000005,
          506365.2457000017
        ]
      },
      "properties": {
        "NOMBRE_EST": "COLEGIO ALTAMIRA SUR ORIENTAL (IED)",
        "NOMBRE_SED": "REPUBLICA DE ISRAEL",
        "ORDEN_DE_S": "C",
        "DANE12_EST": "111001014168",
        "TMATRIC_GE": 334
      }
    },
    {
      "type": "Feature",
      "geometry": {
        "type": "Point",
        "coordinates": [
          -8246486.5899,
          509235.430399999
        ]
      },
      "properties": {
        "NOMBRE_EST": "COLEGIO TECNICO SAN CRISTOBAL SUR (IED)",
        "NOMBRE_SED": "SAN CRISTOBAL SUR",
        "ORDEN_DE_S": "A",
        "DANE12_EST": "111001014176",
        "TMATRIC_GE": 1156
      }
    },
    {
      "type": "Feature",
      "geometry": {
        "type": "Point",
        "coordinates": [
          -8246644.316299999,
          509186.4063999988
        ]
      },
      "properties": {
        "NOMBRE_EST": "COLEGIO TECNICO SAN CRISTOBAL SUR (IED)",
        "NOMBRE_SED": "JOSE A MORALES",
        "ORDEN_DE_S": "B",
        "DANE12_EST": "111001014176",
        "TMATRIC_GE": 602
      }
    },
    {
      "type": "Feature",
      "geometry": {
        "type": "Point",
        "coordinates": [
          -8246819.0956999995,
          509471.2298000008
        ]
      },
      "properties": {
        "NOMBRE_EST": "COLEGIO TECNICO SAN CRISTOBAL SUR (IED)",
        "NOMBRE_SED": "JARDIN INFANTIL NACIONAL POPULAR No 2",
        "ORDEN_DE_S": "C",
        "DANE12_EST": "111001014176",
        "TMATRIC_GE": 280
      }
    },
    {
      "type": "Feature",
      "geometry": {
        "type": "Point",
        "coordinates": [
          -8246957.0272,
          508419.5069999993
        ]
      },
      "properties": {
        "NOMBRE_EST": "COLEGIO JOSE ACEVEDO Y GOMEZ (IED)",
        "NOMBRE_SED": "JOSE ACEVEDO Y GOMEZ",
        "ORDEN_DE_S": "A",
        "DANE12_EST": "111001014451",
        "TMATRIC_GE": 263
      }
    },
    {
      "type": "Feature",
      "geometry": {
        "type": "Point",
        "coordinates": [
          -8246865.8465,
          508101.0262000002
        ]
      },
      "properties": {
        "NOMBRE_EST": "COLEGIO JOSE ACEVEDO Y GOMEZ (IED)",
        "NOMBRE_SED": "RAMAJAL",
        "ORDEN_DE_S": "B",
        "DANE12_EST": "111001014451",
        "TMATRIC_GE": 349
      }
    },
    {
      "type": "Feature",
      "geometry": {
        "type": "Point",
        "coordinates": [
          -8247440.1438,
          508910.371199999
        ]
      },
      "properties": {
        "NOMBRE_EST": "COLEGIO MONTEBELLO (IED)",
        "NOMBRE_SED": "MONTEBELLO",
        "ORDEN_DE_S": "A",
        "DANE12_EST": "111001015903",
        "TMATRIC_GE": 1238
      }
    },
    {
      "type": "Feature",
      "geometry": {
        "type": "Point",
        "coordinates": [
          -8247618.7859000005,
          508574.1579999998
        ]
      },
      "properties": {
        "NOMBRE_EST": "COLEGIO MONTEBELLO (IED)",
        "NOMBRE_SED": "JOSE MARIA CORDOBA",
        "ORDEN_DE_S": "B",
        "DANE12_EST": "111001015903",
        "TMATRIC_GE": 203
      }
    },
    {
      "type": "Feature",
      "geometry": {
        "type": "Point",
        "coordinates": [
          -8247075.456700001,
          507338.81870000064
        ]
      },
      "properties": {
        "NOMBRE_EST": "COLEGIO LOS ALPES (IED)",
        "NOMBRE_SED": "LOS ALPES",
        "ORDEN_DE_S": "A",
        "DANE12_EST": "111001015911",
        "TMATRIC_GE": 2547
      }
    },
    {
      "type": "Feature",
      "geometry": {
        "type": "Point",
        "coordinates": [
          -8247411.0337000005,
          507073.37790000066
        ]
      },
      "properties": {
        "NOMBRE_EST": "COLEGIO LOS ALPES (IED)",
        "NOMBRE_SED": "BELLAVISTA",
        "ORDEN_DE_S": "B",
        "DANE12_EST": "111001015911",
        "TMATRIC_GE": 293
      }
    },
    {
      "type": "Feature",
      "geometry": {
        "type": "Point",
        "coordinates": [
          -8247905.3478999995,
          504853.15459999815
        ]
      },
      "properties": {
        "NOMBRE_EST": "COLEGIO LA BELLEZA LOS LIBERTADORES (IED)",
        "NOMBRE_SED": "LA BELLEZA",
        "ORDEN_DE_S": "A",
        "DANE12_EST": "111001016004",
        "TMATRIC_GE": 494
      }
    },
    {
      "type": "Feature",
      "geometry": {
        "type": "Point",
        "coordinates": [
          -8247635.786699999,
          505125.9268999994
        ]
      },
      "properties": {
        "NOMBRE_EST": "COLEGIO LA BELLEZA LOS LIBERTADORES (IED)",
        "NOMBRE_SED": "LOS LIBERTADORES",
        "ORDEN_DE_S": "B",
        "DANE12_EST": "111001016004",
        "TMATRIC_GE": 416
      }
    },
    {
      "type": "Feature",
      "geometry": {
        "type": "Point",
        "coordinates": [
          -8248879.1753,
          508078.6323999986
        ]
      },
      "properties": {
        "NOMBRE_EST": "COLEGIO JOSE MARIA CARBONELL (IED)",
        "NOMBRE_SED": "JOSE MARIA CARBONELL",
        "ORDEN_DE_S": "A",
        "DANE12_EST": "111001018252",
        "TMATRIC_GE": 771
      }
    },
    {
      "type": "Feature",
      "geometry": {
        "type": "Point",
        "coordinates": [
          -8248077.524700001,
          507801.4974000007
        ]
      },
      "properties": {
        "NOMBRE_EST": "COLEGIO ATENAS (IED)",
        "NOMBRE_SED": "ATENAS",
        "ORDEN_DE_S": "A",
        "DANE12_EST": "111001018309",
        "TMATRIC_GE": 882
      }
    },
    {
      "type": "Feature",
      "geometry": {
        "type": "Point",
        "coordinates": [
          -8247984.411499999,
          508127.78510000184
        ]
      },
      "properties": {
        "NOMBRE_EST": "COLEGIO JOSE JOAQUIN CASTRO MARTINEZ (IED)",
        "NOMBRE_SED": "JOSE JOAQUIN CASTRO MARTINEZ",
        "ORDEN_DE_S": "A",
        "DANE12_EST": "111001018325",
        "TMATRIC_GE": 731
      }
    },
    {
      "type": "Feature",
      "geometry": {
        "type": "Point",
        "coordinates": [
          -8247487.3221,
          507663.20699999854
        ]
      },
      "properties": {
        "NOMBRE_EST": "COLEGIO JOSE JOAQUIN CASTRO MARTINEZ (IED)",
        "NOMBRE_SED": "SAN VICENTE SURORIENTAL",
        "ORDEN_DE_S": "B",
        "DANE12_EST": "111001018325",
        "TMATRIC_GE": 336
      }
    },
    {
      "type": "Feature",
      "geometry": {
        "type": "Point",
        "coordinates": [
          -8248244.709799999,
          507183.2289999984
        ]
      },
      "properties": {
        "NOMBRE_EST": "COLEGIO EL RODEO (IED)",
        "NOMBRE_SED": "EL RODEO",
        "ORDEN_DE_S": "A",
        "DANE12_EST": "111001018333",
        "TMATRIC_GE": 1166
      }
    },
    {
      "type": "Feature",
      "geometry": {
        "type": "Point",
        "coordinates": [
          -8247952.069800001,
          506587.14449999854
        ]
      },
      "properties": {
        "NOMBRE_EST": "COLEGIO EL RODEO (IED)",
        "NOMBRE_SED": "LA GLORIA",
        "ORDEN_DE_S": "B",
        "DANE12_EST": "111001018333",
        "TMATRIC_GE": 381
      }
    },
    {
      "type": "Feature",
      "geometry": {
        "type": "Point",
        "coordinates": [
          -8248040.041200001,
          508735.1794000007
        ]
      },
      "properties": {
        "NOMBRE_EST": "COLEGIO FRANCISCO JAVIER MATIZ (IED)",
        "NOMBRE_SED": "FRANCISCO JAVIER MATIZ",
        "ORDEN_DE_S": "A",
        "DANE12_EST": "111001018341",
        "TMATRIC_GE": 544
      }
    },
    {
      "type": "Feature",
      "geometry": {
        "type": "Point",
        "coordinates": [
          -8248205.4474,
          508828.19999999925
        ]
      },
      "properties": {
        "NOMBRE_EST": "COLEGIO FRANCISCO JAVIER MATIZ (IED)",
        "NOMBRE_SED": "SURAMERICA",
        "ORDEN_DE_S": "B",
        "DANE12_EST": "111001018341",
        "TMATRIC_GE": 606
      }
    },
    {
      "type": "Feature",
      "geometry": {
        "type": "Point",
        "coordinates": [
          -8248042.5681,
          507288.9353
        ]
      },
      "properties": {
        "NOMBRE_EST": "COLEGIO LA VICTORIA (IED)",
        "NOMBRE_SED": "LA VICTORIA",
        "ORDEN_DE_S": "A",
        "DANE12_EST": "111001018368",
        "TMATRIC_GE": 985
      }
    },
    {
      "type": "Feature",
      "geometry": {
        "type": "Point",
        "coordinates": [
          -8248078.258300001,
          507511.1015000008
        ]
      },
      "properties": {
        "NOMBRE_EST": "COLEGIO LA VICTORIA (IED)",
        "NOMBRE_SED": "SANTAFEREÑA I",
        "ORDEN_DE_S": "B",
        "DANE12_EST": "111001018368",
        "TMATRIC_GE": 835
      }
    },
    {
      "type": "Feature",
      "geometry": {
        "type": "Point",
        "coordinates": [
          -8248897.2535999995,
          508778.5800999999
        ]
      },
      "properties": {
        "NOMBRE_EST": "COLEGIO SAN ISIDRO SUR ORIENTAL (IED)",
        "NOMBRE_SED": "SAN ISIDRO SUR ORIENTAL",
        "ORDEN_DE_S": "A",
        "DANE12_EST": "111001018384",
        "TMATRIC_GE": 635
      }
    },
    {
      "type": "Feature",
      "geometry": {
        "type": "Point",
        "coordinates": [
          -8248995.123400001,
          508604.83029999956
        ]
      },
      "properties": {
        "NOMBRE_EST": "COLEGIO SAN ISIDRO SUR ORIENTAL (IED)",
        "NOMBRE_SED": "OMAR TORRIJOS",
        "ORDEN_DE_S": "B",
        "DANE12_EST": "111001018384",
        "TMATRIC_GE": 468
      }
    },
    {
      "type": "Feature",
      "geometry": {
        "type": "Point",
        "coordinates": [
          -8248497.484099999,
          506816.498399999
        ]
      },
      "properties": {
        "NOMBRE_EST": "COLEGIO ENTRE NUBES SUR ORIENTAL (IED)",
        "NOMBRE_SED": "ANIBAL FERNANDEZ DE SOTO",
        "ORDEN_DE_S": "A",
        "DANE12_EST": "111001020443",
        "TMATRIC_GE": 458
      }
    },
    {
      "type": "Feature",
      "geometry": {
        "type": "Point",
        "coordinates": [
          -8248876.021600001,
          506619.9824000001
        ]
      },
      "properties": {
        "NOMBRE_EST": "COLEGIO ENTRE NUBES SUR ORIENTAL (IED)",
        "NOMBRE_SED": "LA PENINSULA",
        "ORDEN_DE_S": "B",
        "DANE12_EST": "111001020443",
        "TMATRIC_GE": 320
      }
    },
    {
      "type": "Feature",
      "geometry": {
        "type": "Point",
        "coordinates": [
          -8248630.6578,
          506402.9710999988
        ]
      },
      "properties": {
        "NOMBRE_EST": "COLEGIO ENTRE NUBES SUR ORIENTAL (IED)",
        "NOMBRE_SED": "CANADA GÜIRA",
        "ORDEN_DE_S": "C",
        "DANE12_EST": "111001020443",
        "TMATRIC_GE": 277
      }
    },
    {
      "type": "Feature",
      "geometry": {
        "type": "Point",
        "coordinates": [
          -8246609.5067,
          506088.91789999977
        ]
      },
      "properties": {
        "NOMBRE_EST": "COLEGIO MORALBA SURORIENTAL (IED)",
        "NOMBRE_SED": "MORALBA SURORIENTAL",
        "ORDEN_DE_S": "A",
        "DANE12_EST": "111001024686",
        "TMATRIC_GE": 878
      }
    },
    {
      "type": "Feature",
      "geometry": {
        "type": "Point",
        "coordinates": [
          -8246859.2508000005,
          505651.9387000017
        ]
      },
      "properties": {
        "NOMBRE_EST": "COLEGIO MORALBA SURORIENTAL (IED)",
        "NOMBRE_SED": "EL QUINDIO",
        "ORDEN_DE_S": "B",
        "DANE12_EST": "111001024686",
        "TMATRIC_GE": 316
      }
    },
    {
      "type": "Feature",
      "geometry": {
        "type": "Point",
        "coordinates": [
          -8246840.3232,
          505983.40729999915
        ]
      },
      "properties": {
        "NOMBRE_EST": "COLEGIO MORALBA SURORIENTAL (IED)",
        "NOMBRE_SED": "FUNDACION EL CONSUELO",
        "ORDEN_DE_S": "C",
        "DANE12_EST": "111001024686",
        "TMATRIC_GE": 108
      }
    },
    {
      "type": "Feature",
      "geometry": {
        "type": "Point",
        "coordinates": [
          -8248367.981699999,
          508954.6933000013
        ]
      },
      "properties": {
        "NOMBRE_EST": "COLEGIO FLORENTINO GONZALEZ (IED)",
        "NOMBRE_SED": "FLORENTINO GONZALEZ",
        "ORDEN_DE_S": "A",
        "DANE12_EST": "111001027324",
        "TMATRIC_GE": 1353
      }
    },
    {
      "type": "Feature",
      "geometry": {
        "type": "Point",
        "coordinates": [
          -8247146.343800001,
          509415.1543000005
        ]
      },
      "properties": {
        "NOMBRE_EST": "COLEGIO MANUELITA SAENZ (IED)",
        "NOMBRE_SED": "MANUELITA SAENZ",
        "ORDEN_DE_S": "A",
        "DANE12_EST": "111001030066",
        "TMATRIC_GE": 2916
      }
    },
    {
      "type": "Feature",
      "geometry": {
        "type": "Point",
        "coordinates": [
          -8248225.946900001,
          507693.27050000057
        ]
      },
      "properties": {
        "NOMBRE_EST": "COLEGIO ALEMANIA UNIFICADA (IED)",
        "NOMBRE_SED": "GUACAMAYAS",
        "ORDEN_DE_S": "A",
        "DANE12_EST": "111001030864",
        "TMATRIC_GE": 602
      }
    },
    {
      "type": "Feature",
      "geometry": {
        "type": "Point",
        "coordinates": [
          -8248798.0601,
          507958.8134999983
        ]
      },
      "properties": {
        "NOMBRE_EST": "COLEGIO ALEMANIA UNIFICADA (IED)",
        "NOMBRE_SED": "ALEMANIA UNIFICADA",
        "ORDEN_DE_S": "B",
        "DANE12_EST": "111001030864",
        "TMATRIC_GE": 376
      }
    },
    {
      "type": "Feature",
      "geometry": {
        "type": "Point",
        "coordinates": [
          -8247334.366900001,
          508731.310800001
        ]
      },
      "properties": {
        "NOMBRE_EST": "COLEGIO TECNICO TOMAS RUEDA VARGAS (IED)",
        "NOMBRE_SED": "TOMAS RUEDA VARGAS",
        "ORDEN_DE_S": "A",
        "DANE12_EST": "111001032280",
        "TMATRIC_GE": 826
      }
    },
    {
      "type": "Feature",
      "geometry": {
        "type": "Point",
        "coordinates": [
          -8247472.7214,
          508327.52699999884
        ]
      },
      "properties": {
        "NOMBRE_EST": "COLEGIO TECNICO TOMAS RUEDA VARGAS (IED)",
        "NOMBRE_SED": "SANTA INES SURORIENTAL",
        "ORDEN_DE_S": "B",
        "DANE12_EST": "111001032280",
        "TMATRIC_GE": 270
      }
    },
    {
      "type": "Feature",
      "geometry": {
        "type": "Point",
        "coordinates": [
          -8247271.8632,
          508323.45340000093
        ]
      },
      "properties": {
        "NOMBRE_EST": "COLEGIO TECNICO TOMAS RUEDA VARGAS (IED)",
        "NOMBRE_SED": "REPUBLICA DEL CANADA I",
        "ORDEN_DE_S": "C",
        "DANE12_EST": "111001032280",
        "TMATRIC_GE": 377
      }
    },
    {
      "type": "Feature",
      "geometry": {
        "type": "Point",
        "coordinates": [
          -8246579.1599,
          510042.9063999988
        ]
      },
      "properties": {
        "NOMBRE_EST": "COLEGIO REPUBLICA DEL ECUADOR (IED)",
        "NOMBRE_SED": "REPUBLICA DEL ECUADOR",
        "ORDEN_DE_S": "A",
        "DANE12_EST": "111001032433",
        "TMATRIC_GE": 904
      }
    },
    {
      "type": "Feature",
      "geometry": {
        "type": "Point",
        "coordinates": [
          -8247648.3836,
          503972.4653000012
        ]
      },
      "properties": {
        "NOMBRE_EST": "COLEGIO JUAN REY (IED)",
        "NOMBRE_SED": "JUAN REY",
        "ORDEN_DE_S": "A",
        "DANE12_EST": "111001034011",
        "TMATRIC_GE": 701
      }
    },
    {
      "type": "Feature",
      "geometry": {
        "type": "Point",
        "coordinates": [
          -8247417.952199999,
          503666.9512999989
        ]
      },
      "properties": {
        "NOMBRE_EST": "COLEGIO JUAN REY (IED)",
        "NOMBRE_SED": "CIUDAD DE LONDRES",
        "ORDEN_DE_S": "B",
        "DANE12_EST": "111001034011",
        "TMATRIC_GE": 192
      }
    },
    {
      "type": "Feature",
      "geometry": {
        "type": "Point",
        "coordinates": [
          -8247655.2108,
          509784.4673999995
        ]
      },
      "properties": {
        "NOMBRE_EST": "COLEGIO TECNICO JOSE FELIX RESTREPO (IED)",
        "NOMBRE_SED": "JOSE FELIX RESTREPO",
        "ORDEN_DE_S": "A",
        "DANE12_EST": "111001035530",
        "TMATRIC_GE": 2387
      }
    },
    {
      "type": "Feature",
      "geometry": {
        "type": "Point",
        "coordinates": [
          -8246999.4021000005,
          510063.8623000011
        ]
      },
      "properties": {
        "NOMBRE_EST": "COLEGIO TECNICO JOSE FELIX RESTREPO (IED)",
        "NOMBRE_SED": "SANTA ANA SUR",
        "ORDEN_DE_S": "B",
        "DANE12_EST": "111001035530",
        "TMATRIC_GE": 686
      }
    },
    {
      "type": "Feature",
      "geometry": {
        "type": "Point",
        "coordinates": [
          -8246487.148700001,
          509582.3425000012
        ]
      },
      "properties": {
        "NOMBRE_EST": "COLEGIO TECNICO JOSE FELIX RESTREPO (IED)",
        "NOMBRE_SED": "JUAN XXIII",
        "ORDEN_DE_S": "C",
        "DANE12_EST": "111001035530",
        "TMATRIC_GE": 339
      }
    },
    {
      "type": "Feature",
      "geometry": {
        "type": "Point",
        "coordinates": [
          -8247394.7477,
          509822.2395000011
        ]
      },
      "properties": {
        "NOMBRE_EST": "COLEGIO TECNICO JOSE FELIX RESTREPO (IED)",
        "NOMBRE_SED": "CARLOS ALBAN HOLGUIN",
        "ORDEN_DE_S": "D",
        "DANE12_EST": "111001035530",
        "TMATRIC_GE": 346
      }
    },
    {
      "type": "Feature",
      "geometry": {
        "type": "Point",
        "coordinates": [
          -8248287.680299999,
          507266.83100000024
        ]
      },
      "properties": {
        "NOMBRE_EST": "COLEGIO JUAN EVANGELISTA GOMEZ (IED)",
        "NOMBRE_SED": "JUAN EVANGELISTA GOMEZ",
        "ORDEN_DE_S": "A",
        "DANE12_EST": "111001035602",
        "TMATRIC_GE": 2172
      }
    },
    {
      "type": "Feature",
      "geometry": {
        "type": "Point",
        "coordinates": [
          -8247223.7465,
          504617.5436999984
        ]
      },
      "properties": {
        "NOMBRE_EST": "COLEGIO NUEVA DELHI (IED)",
        "NOMBRE_SED": "NUEVA DELHI",
        "ORDEN_DE_S": "A",
        "DANE12_EST": "111001046621",
        "TMATRIC_GE": 1023
      }
    },
    {
      "type": "Feature",
      "geometry": {
        "type": "Point",
        "coordinates": [
          -8248018.316,
          509969.8082999997
        ]
      },
      "properties": {
        "NOMBRE_EST": "COLEGIO RAFAEL NUÑEZ (IED)",
        "NOMBRE_SED": "RAFAEL NUÑEZ",
        "ORDEN_DE_S": "A",
        "DANE12_EST": "111001086789",
        "TMATRIC_GE": 445
      }
    },
    {
      "type": "Feature",
      "geometry": {
        "type": "Point",
        "coordinates": [
          -8248262.475299999,
          509716.6917999983
        ]
      },
      "properties": {
        "NOMBRE_EST": "COLEGIO RAFAEL NUÑEZ (IED)",
        "NOMBRE_SED": "ANDRES ROSILLO Y MERUELO",
        "ORDEN_DE_S": "B",
        "DANE12_EST": "111001086789",
        "TMATRIC_GE": 327
      }
    },
    {
      "type": "Feature",
      "geometry": {
        "type": "Point",
        "coordinates": [
          -8248303.0657,
          506082.7578999996
        ]
      },
      "properties": {
        "NOMBRE_EST": "COLEGIO NUEVA ROMA (IED)",
        "NOMBRE_SED": "COLEGIO NUEVA ROMA (IED) - SEDE PRINCIPAL",
        "ORDEN_DE_S": "A",
        "DANE12_EST": "111001098817",
        "TMATRIC_GE": 1149
      }
    },
    {
      "type": "Feature",
      "geometry": {
        "type": "Point",
        "coordinates": [
          -8247473.2223000005,
          507621.6794000007
        ]
      },
      "properties": {
        "NOMBRE_EST": "COLEGIO SAN VICENTE (IED)",
        "NOMBRE_SED": "COLEGIO SAN VICENTE (IED) - SEDE PRINCIPAL",
        "ORDEN_DE_S": "A",
        "DANE12_EST": "111001098825",
        "TMATRIC_GE": 1221
      }
    },
    {
      "type": "Feature",
      "geometry": {
        "type": "Point",
        "coordinates": [
          -8247759.0129,
          510441.2243999988
        ]
      },
      "properties": {
        "NOMBRE_EST": "COLEGIO TECNICO ALDEMAR ROJAS PLAZAS (IED)",
        "NOMBRE_SED": "ALDEMAR ROJAS PLAZAS",
        "ORDEN_DE_S": "A",
        "DANE12_EST": "111001102016",
        "TMATRIC_GE": 708
      }
    },
    {
      "type": "Feature",
      "geometry": {
        "type": "Point",
        "coordinates": [
          -8247332.012499999,
          505007.39730000123
        ]
      },
      "properties": {
        "NOMBRE_EST": "COLEGIO GLORIA VALENCIA DE CASTAÑO (IED)",
        "NOMBRE_SED": "COLEGIO GLORIA VALENCIA DE CASTAÑO (IED)",
        "ORDEN_DE_S": "A",
        "DANE12_EST": "111001801047",
        "TMATRIC_GE": 925
      }
    },
    {
      "type": "Feature",
      "geometry": {
        "type": "Point",
        "coordinates": [
          -8250278.7084,
          503049.9294000007
        ]
      },
      "properties": {
        "NOMBRE_EST": "COLEGIO SANTA LIBRADA (IED)",
        "NOMBRE_SED": "SANTA LIBRADA",
        "ORDEN_DE_S": "A",
        "DANE12_EST": "111001013820",
        "TMATRIC_GE": 1464
      }
    },
    {
      "type": "Feature",
      "geometry": {
        "type": "Point",
        "coordinates": [
          -8250513.825200001,
          504279.82389999926
        ]
      },
      "properties": {
        "NOMBRE_EST": "COLEGIO SANTA MARTHA (IED)",
        "NOMBRE_SED": "SANTA MARTHA",
        "ORDEN_DE_S": "A",
        "DANE12_EST": "111001013935",
        "TMATRIC_GE": 900
      }
    },
    {
      "type": "Feature",
      "geometry": {
        "type": "Point",
        "coordinates": [
          -8251126.701300001,
          503560.00180000067
        ]
      },
      "properties": {
        "NOMBRE_EST": "COLEGIO ORLANDO FALS BORDA (IED)",
        "NOMBRE_SED": "ORLANDO FALS BORDA",
        "ORDEN_DE_S": "A",
        "DANE12_EST": "111001016039",
        "TMATRIC_GE": 1696
      }
    },
    {
      "type": "Feature",
      "geometry": {
        "type": "Point",
        "coordinates": [
          -8247775.8989,
          502954.78830000013
        ]
      },
      "properties": {
        "NOMBRE_EST": "COLEGIO NUEVA ESPERANZA (IED)",
        "NOMBRE_SED": "NUEVA ESPERANZA",
        "ORDEN_DE_S": "A",
        "DANE12_EST": "111001024643",
        "TMATRIC_GE": 711
      }
    },
    {
      "type": "Feature",
      "geometry": {
        "type": "Point",
        "coordinates": [
          -8247686.223300001,
          502975.9598999992
        ]
      },
      "properties": {
        "NOMBRE_EST": "COLEGIO NUEVA ESPERANZA (IED)",
        "NOMBRE_SED": "SEDE B",
        "ORDEN_DE_S": "B",
        "DANE12_EST": "111001024643",
        "TMATRIC_GE": 525
      }
    },
    {
      "type": "Feature",
      "geometry": {
        "type": "Point",
        "coordinates": [
          -8248831.207699999,
          501285.5357000008
        ]
      },
      "properties": {
        "NOMBRE_EST": "COLEGIO ESTANISLAO ZULETA (IED)",
        "NOMBRE_SED": "ESTANISLAO ZULETA",
        "ORDEN_DE_S": "A",
        "DANE12_EST": "111001030872",
        "TMATRIC_GE": 942
      }
    },
    {
      "type": "Feature",
      "geometry": {
        "type": "Point",
        "coordinates": [
          -8249259.1855,
          501146.26199999824
        ]
      },
      "properties": {
        "NOMBRE_EST": "COLEGIO ESTANISLAO ZULETA (IED)",
        "NOMBRE_SED": "LA ALBORADA",
        "ORDEN_DE_S": "B",
        "DANE12_EST": "111001030872",
        "TMATRIC_GE": 983
      }
    },
    {
      "type": "Feature",
      "geometry": {
        "type": "Point",
        "coordinates": [
          -8247775.8422,
          503234.8359999992
        ]
      },
      "properties": {
        "NOMBRE_EST": "COLEGIO PROVINCIA DE QUEBEC (IED)",
        "NOMBRE_SED": "PROVINCIA DE QUEBEC",
        "ORDEN_DE_S": "A",
        "DANE12_EST": "111001041556",
        "TMATRIC_GE": 1068
      }
    },
    {
      "type": "Feature",
      "geometry": {
        "type": "Point",
        "coordinates": [
          -8249745.2687,
          501288.2980999984
        ]
      },
      "properties": {
        "NOMBRE_EST": "COLEGIO LOS COMUNEROS - OSWALDO GUAYAZAMIN (IED)",
        "NOMBRE_SED": "LOS COMUNEROS",
        "ORDEN_DE_S": "A",
        "DANE12_EST": "111001044270",
        "TMATRIC_GE": 1090
      }
    },
    {
      "type": "Feature",
      "geometry": {
        "type": "Point",
        "coordinates": [
          -8249976.4827,
          501289.3090999983
        ]
      },
      "properties": {
        "NOMBRE_EST": "COLEGIO LOS COMUNEROS - OSWALDO GUAYAZAMIN (IED)",
        "NOMBRE_SED": "EL VIRREY ULTIMA ETAPA",
        "ORDEN_DE_S": "B",
        "DANE12_EST": "111001044270",
        "TMATRIC_GE": 819
      }
    },
    {
      "type": "Feature",
      "geometry": {
        "type": "Point",
        "coordinates": [
          -8251258.012700001,
          504057.43719999865
        ]
      },
      "properties": {
        "NOMBRE_EST": "COLEGIO LA AURORA (IED)",
        "NOMBRE_SED": "LA AURORA",
        "ORDEN_DE_S": "A",
        "DANE12_EST": "111001045705",
        "TMATRIC_GE": 1510
      }
    },
    {
      "type": "Feature",
      "geometry": {
        "type": "Point",
        "coordinates": [
          -8251005.020199999,
          504281.86950000003
        ]
      },
      "properties": {
        "NOMBRE_EST": "COLEGIO NUEVO SAN ANDRES DE LOS ALTOS (IED)",
        "NOMBRE_SED": "NUEVO SAN ANDRES DE LOS ALTOS",
        "ORDEN_DE_S": "A",
        "DANE12_EST": "111001046485",
        "TMATRIC_GE": 1335
      }
    },
    {
      "type": "Feature",
      "geometry": {
        "type": "Point",
        "coordinates": [
          -8250641.5843,
          502215.89460000023
        ]
      },
      "properties": {
        "NOMBRE_EST": "COLEGIO ATABANZHA (IED)",
        "NOMBRE_SED": "ATABANZHA",
        "ORDEN_DE_S": "A",
        "DANE12_EST": "111001046931",
        "TMATRIC_GE": 1296
      }
    },
    {
      "type": "Feature",
      "geometry": {
        "type": "Point",
        "coordinates": [
          -8250691.759400001,
          500899.98640000075
        ]
      },
      "properties": {
        "NOMBRE_EST": "COLEGIO USMINIA (IED)",
        "NOMBRE_SED": "USMINIA",
        "ORDEN_DE_S": "A",
        "DANE12_EST": "111001065234",
        "TMATRIC_GE": 347
      }
    },
    {
      "type": "Feature",
      "geometry": {
        "type": "Point",
        "coordinates": [
          -8250401.9124,
          500929.8973999992
        ]
      },
      "properties": {
        "NOMBRE_EST": "COLEGIO USMINIA (IED)",
        "NOMBRE_SED": "LORENZO ALCANTUZ",
        "ORDEN_DE_S": "B",
        "DANE12_EST": "111001065234",
        "TMATRIC_GE": 536
      }
    },
    {
      "type": "Feature",
      "geometry": {
        "type": "Point",
        "coordinates": [
          -8250350.3191,
          500720.2093999982
        ]
      },
      "properties": {
        "NOMBRE_EST": "COLEGIO USMINIA (IED)",
        "NOMBRE_SED": "ANTONIO JOSE DE SUCRE",
        "ORDEN_DE_S": "C",
        "DANE12_EST": "111001065234",
        "TMATRIC_GE": 224
      }
    },
    {
      "type": "Feature",
      "geometry": {
        "type": "Point",
        "coordinates": [
          -8249185.6011,
          502236.2318000011
        ]
      },
      "properties": {
        "NOMBRE_EST": "COLEGIO OFELIA URIBE DE ACOSTA (IED)",
        "NOMBRE_SED": "OFELIA URIBE DE ACOSTA",
        "ORDEN_DE_S": "A",
        "DANE12_EST": "111001077895",
        "TMATRIC_GE": 1908
      }
    },
    {
      "type": "Feature",
      "geometry": {
        "type": "Point",
        "coordinates": [
          -8249052.321599999,
          501967.21240000054
        ]
      },
      "properties": {
        "NOMBRE_EST": "COLEGIO OFELIA URIBE DE ACOSTA (IED)",
        "NOMBRE_SED": "ANTIGUA",
        "ORDEN_DE_S": "B",
        "DANE12_EST": "111001077895",
        "TMATRIC_GE": 583
      }
    },
    {
      "type": "Feature",
      "geometry": {
        "type": "Point",
        "coordinates": [
          -8250419.701199999,
          503455.35759999976
        ]
      },
      "properties": {
        "NOMBRE_EST": "COLEGIO BRASILIA - USME (IED)",
        "NOMBRE_SED": "BRASILIA - USME",
        "ORDEN_DE_S": "A",
        "DANE12_EST": "111001077917",
        "TMATRIC_GE": 1257
      }
    },
    {
      "type": "Feature",
      "geometry": {
        "type": "Point",
        "coordinates": [
          -8250071.051899999,
          501764.5769000016
        ]
      },
      "properties": {
        "NOMBRE_EST": "COLEGIO EL VIRREY JOSE SOLIS (IED)",
        "NOMBRE_SED": "EL VIRREY JOSE SOLIS",
        "ORDEN_DE_S": "A",
        "DANE12_EST": "111001078638",
        "TMATRIC_GE": 1295
      }
    },
    {
      "type": "Feature",
      "geometry": {
        "type": "Point",
        "coordinates": [
          -8249420.5242,
          502828.7697999999
        ]
      },
      "properties": {
        "NOMBRE_EST": "COLEGIO MIGUEL DE CERVANTES SAAVEDRA (IED)",
        "NOMBRE_SED": "MIGUEL DE CERVANTES SAAVEDRA",
        "ORDEN_DE_S": "A",
        "DANE12_EST": "111001083011",
        "TMATRIC_GE": 2314
      }
    },
    {
      "type": "Feature",
      "geometry": {
        "type": "Point",
        "coordinates": [
          -8250352.708000001,
          502779.85449999943
        ]
      },
      "properties": {
        "NOMBRE_EST": "COLEGIO MIGUEL DE CERVANTES SAAVEDRA (IED)",
        "NOMBRE_SED": "MARICHUELA",
        "ORDEN_DE_S": "B",
        "DANE12_EST": "111001083011",
        "TMATRIC_GE": 540
      }
    },
    {
      "type": "Feature",
      "geometry": {
        "type": "Point",
        "coordinates": [
          -8249987.9263,
          502163.82550000027
        ]
      },
      "properties": {
        "NOMBRE_EST": "COLEGIO CHUNIZA (IED)",
        "NOMBRE_SED": "CHUNIZA",
        "ORDEN_DE_S": "A",
        "DANE12_EST": "111001086614",
        "TMATRIC_GE": 2109
      }
    },
    {
      "type": "Feature",
      "geometry": {
        "type": "Point",
        "coordinates": [
          -8249554.927999999,
          501767.4836000018
        ]
      },
      "properties": {
        "NOMBRE_EST": "COLEGIO FERNANDO GONZALEZ OCHOA (IED)",
        "NOMBRE_SED": "FERNANDO GONZALEZ OCHOA",
        "ORDEN_DE_S": "A",
        "DANE12_EST": "111001094439",
        "TMATRIC_GE": 2108
      }
    },
    {
      "type": "Feature",
      "geometry": {
        "type": "Point",
        "coordinates": [
          -8247383.5934999995,
          503363.52540000156
        ]
      },
      "properties": {
        "NOMBRE_EST": "COLEGIO SAN CAYETANO (IED)",
        "NOMBRE_SED": "SAN CAYETANO",
        "ORDEN_DE_S": "A",
        "DANE12_EST": "111001098833",
        "TMATRIC_GE": 1843
      }
    },
    {
      "type": "Feature",
      "geometry": {
        "type": "Point",
        "coordinates": [
          -8250814.313200001,
          501648.75549999997
        ]
      },
      "properties": {
        "NOMBRE_EST": "COLEGIO SAN JOSE DE USME (IED)",
        "NOMBRE_SED": "COLEGIO SAN JOSE DE USME (IED) - SEDE PRINCIPAL",
        "ORDEN_DE_S": "A",
        "DANE12_EST": "111001098841",
        "TMATRIC_GE": 1106
      }
    },
    {
      "type": "Feature",
      "geometry": {
        "type": "Point",
        "coordinates": [
          -8249247.1897,
          501121.184799999
        ]
      },
      "properties": {
        "NOMBRE_EST": "COLEGIO CHUNIZA FAMACO (IED)",
        "NOMBRE_SED": "COLEGIO CHUNIZA FAMACO (IED) - SEDE PRINCIPAL",
        "ORDEN_DE_S": "A",
        "DANE12_EST": "111001098850",
        "TMATRIC_GE": 1105
      }
    },
    {
      "type": "Feature",
      "geometry": {
        "type": "Point",
        "coordinates": [
          -8250138.8566,
          501506.51359999925
        ]
      },
      "properties": {
        "NOMBRE_EST": "COLEGIO LUIS EDUARDO MORA OSEJO (IED)",
        "NOMBRE_SED": "LUIS EDUARDO MORA OSEJO",
        "ORDEN_DE_S": "A",
        "DANE12_EST": "111001098868",
        "TMATRIC_GE": 710
      }
    },
    {
      "type": "Feature",
      "geometry": {
        "type": "Point",
        "coordinates": [
          -8250960.6282,
          502883.81060000136
        ]
      },
      "properties": {
        "NOMBRE_EST": "COLEGIO MIRAVALLE (IED)",
        "NOMBRE_SED": "COLEGIO MIRAVALLE (IED) - SEDE PRINCIPAL",
        "ORDEN_DE_S": "A",
        "DANE12_EST": "111001100081",
        "TMATRIC_GE": 1221
      }
    },
    {
      "type": "Feature",
      "geometry": {
        "type": "Point",
        "coordinates": [
          -8250451.9683,
          505047.0487000011
        ]
      },
      "properties": {
        "NOMBRE_EST": "COLEGIO JUAN LUIS LONDOÑO (IED)",
        "NOMBRE_SED": "COLEGIO JUAN LUIS LONDOÑO (IED) - SEDE PRINCIPAL",
        "ORDEN_DE_S": "A",
        "DANE12_EST": "111001102008",
        "TMATRIC_GE": 1407
      }
    },
    {
      "type": "Feature",
      "geometry": {
        "type": "Point",
        "coordinates": [
          -8250269.887399999,
          500350.44029999897
        ]
      },
      "properties": {
        "NOMBRE_EST": "COLEGIO EDUARDO UMAÑA MENDOZA (IED)",
        "NOMBRE_SED": "EDUARDO UMAÑA MENDOZA",
        "ORDEN_DE_S": "A",
        "DANE12_EST": "111001104337",
        "TMATRIC_GE": 1722
      }
    },
    {
      "type": "Feature",
      "geometry": {
        "type": "Point",
        "coordinates": [
          -8250454.705600001,
          501091.0080999993
        ]
      },
      "properties": {
        "NOMBRE_EST": "COLEGIO DIEGO MONTAÑA CUELLAR (IED)",
        "NOMBRE_SED": "EL UVAL",
        "ORDEN_DE_S": "A",
        "DANE12_EST": "111001104345",
        "TMATRIC_GE": 1334
      }
    },
    {
      "type": "Feature",
      "geometry": {
        "type": "Point",
        "coordinates": [
          -8250642.501599999,
          501624.2624000013
        ]
      },
      "properties": {
        "NOMBRE_EST": "COLEGIO DIEGO MONTAÑA CUELLAR (IED)",
        "NOMBRE_SED": "DIEGO MONTAÑA CUELLAR",
        "ORDEN_DE_S": "B",
        "DANE12_EST": "111001104345",
        "TMATRIC_GE": 990
      }
    },
    {
      "type": "Feature",
      "geometry": {
        "type": "Point",
        "coordinates": [
          -8250514.0812,
          501472.99500000104
        ]
      },
      "properties": {
        "NOMBRE_EST": "COLEGIO DIEGO MONTAÑA CUELLAR (IED)",
        "NOMBRE_SED": "SERRANIAS",
        "ORDEN_DE_S": "C",
        "DANE12_EST": "111001104345",
        "TMATRIC_GE": 362
      }
    },
    {
      "type": "Feature",
      "geometry": {
        "type": "Point",
        "coordinates": [
          -8249269.4980999995,
          499829.5144999996
        ]
      },
      "properties": {
        "NOMBRE_EST": "COLEGIO CIUDAD DE VILLAVICENCIO (IED)",
        "NOMBRE_SED": "CIUDAD DE VILLAVICENCIO",
        "ORDEN_DE_S": "A",
        "DANE12_EST": "111001104353",
        "TMATRIC_GE": 1131
      }
    },
    {
      "type": "Feature",
      "geometry": {
        "type": "Point",
        "coordinates": [
          -8248865.3605,
          500027.20219999924
        ]
      },
      "properties": {
        "NOMBRE_EST": "COLEGIO CIUDAD DE VILLAVICENCIO (IED)",
        "NOMBRE_SED": "PUERTA AL LLANO",
        "ORDEN_DE_S": "B",
        "DANE12_EST": "111001104353",
        "TMATRIC_GE": 851
      }
    },
    {
      "type": "Feature",
      "geometry": {
        "type": "Point",
        "coordinates": [
          -8249032.8418000005,
          500780.7303000018
        ]
      },
      "properties": {
        "NOMBRE_EST": "COLEGIO CIUDAD DE VILLAVICENCIO (IED)",
        "NOMBRE_SED": "VILLA HERMOSA",
        "ORDEN_DE_S": "C",
        "DANE12_EST": "111001104353",
        "TMATRIC_GE": 344
      }
    },
    {
      "type": "Feature",
      "geometry": {
        "type": "Point",
        "coordinates": [
          -8250570.105,
          505093.0309000015
        ]
      },
      "properties": {
        "NOMBRE_EST": "COLEGIO PAULO FREIRE (IED)",
        "NOMBRE_SED": "PAULO FREIRE",
        "ORDEN_DE_S": "A",
        "DANE12_EST": "111001107760",
        "TMATRIC_GE": 3072
      }
    },
    {
      "type": "Feature",
      "geometry": {
        "type": "Point",
        "coordinates": [
          -8251346.276799999,
          498656.945700001
        ]
      },
      "properties": {
        "NOMBRE_EST": "COLEGIO JOSE EUSTASIO RIVERA (IED)",
        "NOMBRE_SED": "COLEGIO JOSE EUSTASIO RIVERA (IED) - SEDE PRINCIPAL",
        "ORDEN_DE_S": "A",
        "DANE12_EST": "111001800562",
        "TMATRIC_GE": 672
      }
    },
    {
      "type": "Feature",
      "geometry": {
        "type": "Point",
        "coordinates": [
          -8248707.727700001,
          502704.2184999995
        ]
      },
      "properties": {
        "NOMBRE_EST": "COLEGIO CIUDAD CHENGDU (IED)",
        "NOMBRE_SED": "COLEGIO CIUDAD CHENGDU (IED) - SEDE PRINCIPAL",
        "ORDEN_DE_S": "A",
        "DANE12_EST": "111001800660",
        "TMATRIC_GE": 523
      }
    },
    {
      "type": "Feature",
      "geometry": {
        "type": "Point",
        "coordinates": [
          -8251128.227499999,
          498589.7353999987
        ]
      },
      "properties": {
        "NOMBRE_EST": "COLEGIO FRANCISCO ANTONIO ZEA DE USME (IED)",
        "NOMBRE_SED": "USME",
        "ORDEN_DE_S": "A",
        "DANE12_EST": "111850000740",
        "TMATRIC_GE": 942
      }
    },
    {
      "type": "Feature",
      "geometry": {
        "type": "Point",
        "coordinates": [
          -8251578.0228,
          498056.78020000085
        ]
      },
      "properties": {
        "NOMBRE_EST": "COLEGIO FRANCISCO ANTONIO ZEA DE USME (IED)",
        "NOMBRE_SED": "FRANCISCO ANTONIO ZEA",
        "ORDEN_DE_S": "B",
        "DANE12_EST": "111850000740",
        "TMATRIC_GE": 747
      }
    },
    {
      "type": "Feature",
      "geometry": {
        "type": "Point",
        "coordinates": [
          -8251655.449999999,
          498211.7809999995
        ]
      },
      "properties": {
        "NOMBRE_EST": "COLEGIO FRANCISCO ANTONIO ZEA DE USME (IED)",
        "NOMBRE_SED": "MARIA AUXILIADORA",
        "ORDEN_DE_S": "C",
        "DANE12_EST": "111850000740",
        "TMATRIC_GE": 128
      }
    },
    {
      "type": "Feature",
      "geometry": {
        "type": "Point",
        "coordinates": [
          -8251346.276799999,
          498656.945700001
        ]
      },
      "properties": {
        "NOMBRE_EST": "COLEGIO FRANCISCO ANTONIO ZEA DE USME (IED)",
        "NOMBRE_SED": "SEDE D",
        "ORDEN_DE_S": "D",
        "DANE12_EST": "111850000740",
        "TMATRIC_GE": 432
      }
    },
    {
      "type": "Feature",
      "geometry": {
        "type": "Point",
        "coordinates": [
          -8249520.5392,
          503401.29190000147
        ]
      },
      "properties": {
        "NOMBRE_EST": "COLEGIO EL CORTIJO - VIANEY (IED)",
        "NOMBRE_SED": "EL CORTIJO",
        "ORDEN_DE_S": "A",
        "DANE12_EST": "111850001380",
        "TMATRIC_GE": 458
      }
    },
    {
      "type": "Feature",
      "geometry": {
        "type": "Point",
        "coordinates": [
          -8250880.0251,
          503439.33300000057
        ]
      },
      "properties": {
        "NOMBRE_EST": "COLEGIO EL CORTIJO - VIANEY (IED)",
        "NOMBRE_SED": "VIANEY",
        "ORDEN_DE_S": "B",
        "DANE12_EST": "111850001380",
        "TMATRIC_GE": 317
      }
    },
    {
      "type": "Feature",
      "geometry": {
        "type": "Point",
        "coordinates": [
          -8250100.9991,
          502825.3487999998
        ]
      },
      "properties": {
        "NOMBRE_EST": "COLEGIO ALMIRANTE PADILLA (IED)",
        "NOMBRE_SED": "ALMIRANTE PADILLA",
        "ORDEN_DE_S": "A",
        "DANE12_EST": "111850001428",
        "TMATRIC_GE": 2131
      }
    },
    {
      "type": "Feature",
      "geometry": {
        "type": "Point",
        "coordinates": [
          -8250241.266100001,
          502855.99870000035
        ]
      },
      "properties": {
        "NOMBRE_EST": "COLEGIO ALMIRANTE PADILLA (IED)",
        "NOMBRE_SED": "VILLA NELLY",
        "ORDEN_DE_S": "B",
        "DANE12_EST": "111850001428",
        "TMATRIC_GE": 217
      }
    },
    {
      "type": "Feature",
      "geometry": {
        "type": "Point",
        "coordinates": [
          -8250277.925799999,
          502757.4153999984
        ]
      },
      "properties": {
        "NOMBRE_EST": "COLEGIO ALMIRANTE PADILLA (IED)",
        "NOMBRE_SED": "ALMIRANTE PADILLA PRIMARIA",
        "ORDEN_DE_S": "C",
        "DANE12_EST": "111850001428",
        "TMATRIC_GE": 268
      }
    },
    {
      "type": "Feature",
      "geometry": {
        "type": "Point",
        "coordinates": [
          -8249136.5693,
          502661.41600000113
        ]
      },
      "properties": {
        "NOMBRE_EST": "COLEGIO LOS TEJARES (IED)",
        "NOMBRE_SED": "LOS TEJARES",
        "ORDEN_DE_S": "A",
        "DANE12_EST": "111850001461",
        "TMATRIC_GE": 791
      }
    },
    {
      "type": "Feature",
      "geometry": {
        "type": "Point",
        "coordinates": [
          -8249138.280300001,
          502669.0340999998
        ]
      },
      "properties": {
        "NOMBRE_EST": "COLEGIO LOS TEJARES (IED)",
        "NOMBRE_SED": "EL CURUBO",
        "ORDEN_DE_S": "B",
        "DANE12_EST": "111850001461",
        "TMATRIC_GE": 147
      }
    },
    {
      "type": "Feature",
      "geometry": {
        "type": "Point",
        "coordinates": [
          -8249566.058800001,
          502254.3526000008
        ]
      },
      "properties": {
        "NOMBRE_EST": "COLEGIO FEDERICO GARCIA LORCA (IED)",
        "NOMBRE_SED": "FEDERICO GARCIA LORCA",
        "ORDEN_DE_S": "A",
        "DANE12_EST": "111850001576",
        "TMATRIC_GE": 1074
      }
    },
    {
      "type": "Feature",
      "geometry": {
        "type": "Point",
        "coordinates": [
          -8249660.1149,
          502493.3431000002
        ]
      },
      "properties": {
        "NOMBRE_EST": "COLEGIO FEDERICO GARCIA LORCA (IED)",
        "NOMBRE_SED": "BETANIA",
        "ORDEN_DE_S": "B",
        "DANE12_EST": "111850001576",
        "TMATRIC_GE": 1227
      }
    },
    {
      "type": "Feature",
      "geometry": {
        "type": "Point",
        "coordinates": [
          -8247988.8542,
          502473.929299999
        ]
      },
      "properties": {
        "NOMBRE_EST": "COLEGIO GABRIEL GARCIA MARQUEZ (IED)",
        "NOMBRE_SED": "GABRIEL GARCIA MARQUEZ",
        "ORDEN_DE_S": "A",
        "DANE12_EST": "211001032501",
        "TMATRIC_GE": 1161
      }
    },
    {
      "type": "Feature",
      "geometry": {
        "type": "Point",
        "coordinates": [
          -8258075.758199999,
          483964.90579999983
        ]
      },
      "properties": {
        "NOMBRE_EST": "COLEGIO RURAL LA UNION USME (CED)",
        "NOMBRE_SED": "RURAL LA UNION USME",
        "ORDEN_DE_S": "A",
        "DANE12_EST": "211850000043",
        "TMATRIC_GE": 10
      }
    },
    {
      "type": "Feature",
      "geometry": {
        "type": "Point",
        "coordinates": [
          -8249840.659499999,
          502364.83999999985
        ]
      },
      "properties": {
        "NOMBRE_EST": "COLEGIO GRAN YOMASA (IED)",
        "NOMBRE_SED": "GRAN YOMASA",
        "ORDEN_DE_S": "A",
        "DANE12_EST": "211850000051",
        "TMATRIC_GE": 1612
      }
    },
    {
      "type": "Feature",
      "geometry": {
        "type": "Point",
        "coordinates": [
          -8252639.4386,
          494889.83669999987
        ]
      },
      "properties": {
        "NOMBRE_EST": "COLEGIO RURAL OLARTE (CED)",
        "NOMBRE_SED": "RURAL OLARTE",
        "ORDEN_DE_S": "A",
        "DANE12_EST": "211850000108",
        "TMATRIC_GE": 171
      }
    },
    {
      "type": "Feature",
      "geometry": {
        "type": "Point",
        "coordinates": [
          -8256080.468800001,
          485118.5705000013
        ]
      },
      "properties": {
        "NOMBRE_EST": "COLEGIO RURAL LOS ANDES (CED)",
        "NOMBRE_SED": "RURAL LOS ANDES",
        "ORDEN_DE_S": "A",
        "DANE12_EST": "211850000698",
        "TMATRIC_GE": 6
      }
    },
    {
      "type": "Feature",
      "geometry": {
        "type": "Point",
        "coordinates": [
          -8253273.616800001,
          486169.4723000005
        ]
      },
      "properties": {
        "NOMBRE_EST": "COLEGIO RURAL LOS ARRAYANES (CED)",
        "NOMBRE_SED": "RURAL LOS ARRAYANES",
        "ORDEN_DE_S": "A",
        "DANE12_EST": "211850000710",
        "TMATRIC_GE": 25
      }
    },
    {
      "type": "Feature",
      "geometry": {
        "type": "Point",
        "coordinates": [
          -8254161.836100001,
          488720.4743999988
        ]
      },
      "properties": {
        "NOMBRE_EST": "COLEGIO RURAL LA ARGENTINA (CED)",
        "NOMBRE_SED": "RURAL LA ARGENTINA",
        "ORDEN_DE_S": "A",
        "DANE12_EST": "211850000736",
        "TMATRIC_GE": 45
      }
    },
    {
      "type": "Feature",
      "geometry": {
        "type": "Point",
        "coordinates": [
          -8249643.9858,
          501301.12959999964
        ]
      },
      "properties": {
        "NOMBRE_EST": "COLEGIO TENERIFE - GRANADA SUR (IED)",
        "NOMBRE_SED": "TENERIFE",
        "ORDEN_DE_S": "A",
        "DANE12_EST": "211850000787",
        "TMATRIC_GE": 969
      }
    },
    {
      "type": "Feature",
      "geometry": {
        "type": "Point",
        "coordinates": [
          -8251305.4615,
          503321.995099999
        ]
      },
      "properties": {
        "NOMBRE_EST": "COLEGIO TENERIFE - GRANADA SUR (IED)",
        "NOMBRE_SED": "GRANADA SUR",
        "ORDEN_DE_S": "B",
        "DANE12_EST": "211850000787",
        "TMATRIC_GE": 131
      }
    },
    {
      "type": "Feature",
      "geometry": {
        "type": "Point",
        "coordinates": [
          -8260267.7859000005,
          483528.85759999976
        ]
      },
      "properties": {
        "NOMBRE_EST": "COLEGIO RURAL CHIZACA (CED)",
        "NOMBRE_SED": "RURAL CHIZACA",
        "ORDEN_DE_S": "A",
        "DANE12_EST": "211850000841",
        "TMATRIC_GE": 6
      }
    },
    {
      "type": "Feature",
      "geometry": {
        "type": "Point",
        "coordinates": [
          -8252853.298900001,
          484643.4664000012
        ]
      },
      "properties": {
        "NOMBRE_EST": "COLEGIO RURAL EL CURUBITAL (CED)",
        "NOMBRE_SED": "RURAL EL CURUBITAL",
        "ORDEN_DE_S": "A",
        "DANE12_EST": "211850000868",
        "TMATRIC_GE": 24
      }
    },
    {
      "type": "Feature",
      "geometry": {
        "type": "Point",
        "coordinates": [
          -8253049.6932,
          491193.00670000166
        ]
      },
      "properties": {
        "NOMBRE_EST": "COLEGIO EL DESTINO (IED)",
        "NOMBRE_SED": "RURAL EL DESTINO",
        "ORDEN_DE_S": "A",
        "DANE12_EST": "211850000876",
        "TMATRIC_GE": 485
      }
    },
    {
      "type": "Feature",
      "geometry": {
        "type": "Point",
        "coordinates": [
          -8255895.9712000005,
          488773.88980000094
        ]
      },
      "properties": {
        "NOMBRE_EST": "COLEGIO RURAL EL HATO (CED)",
        "NOMBRE_SED": "RURAL EL HATO",
        "ORDEN_DE_S": "A",
        "DANE12_EST": "211850000884",
        "TMATRIC_GE": 36
      }
    },
    {
      "type": "Feature",
      "geometry": {
        "type": "Point",
        "coordinates": [
          -8250986.8551,
          500889.0122999996
        ]
      },
      "properties": {
        "NOMBRE_EST": "COLEGIO BRAZUELOS (IED)",
        "NOMBRE_SED": "BRAZUELOS",
        "ORDEN_DE_S": "A",
        "DANE12_EST": "211850000931",
        "TMATRIC_GE": 746
      }
    },
    {
      "type": "Feature",
      "geometry": {
        "type": "Point",
        "coordinates": [
          -8249358.6194,
          498951.53079999983
        ]
      },
      "properties": {
        "NOMBRE_EST": "COLEGIO EL UVAL (IED)",
        "NOMBRE_SED": "RURAL EL UVAL",
        "ORDEN_DE_S": "A",
        "DANE12_EST": "211850000981",
        "TMATRIC_GE": 721
      }
    },
    {
      "type": "Feature",
      "geometry": {
        "type": "Point",
        "coordinates": [
          -8258551.5989,
          487002.9241000004
        ]
      },
      "properties": {
        "NOMBRE_EST": "COLEGIO RURAL LA MAYORIA (CED)",
        "NOMBRE_SED": "RURAL LA MAYORIA",
        "ORDEN_DE_S": "A",
        "DANE12_EST": "211850001007",
        "TMATRIC_GE": 39
      }
    },
    {
      "type": "Feature",
      "geometry": {
        "type": "Point",
        "coordinates": [
          -8257259.299900001,
          489422.21489999816
        ]
      },
      "properties": {
        "NOMBRE_EST": "COLEGIO RURAL LAS MERCEDES (CED)",
        "NOMBRE_SED": "RURAL LAS MERCEDES",
        "ORDEN_DE_S": "A",
        "DANE12_EST": "211850001074",
        "TMATRIC_GE": 22
      }
    },
    {
      "type": "Feature",
      "geometry": {
        "type": "Point",
        "coordinates": [
          -8249810.050000001,
          505154.9525000006
        ]
      },
      "properties": {
        "NOMBRE_EST": "COLEGIO FABIO LOZANO SIMONELLI (IED)",
        "NOMBRE_SED": "FABIO LOZANO SIMONELLI",
        "ORDEN_DE_S": "A",
        "DANE12_EST": "211850001481",
        "TMATRIC_GE": 1787
      }
    },
    {
      "type": "Feature",
      "geometry": {
        "type": "Point",
        "coordinates": [
          -8250458.3925,
          505686.5573000014
        ]
      },
      "properties": {
        "NOMBRE_EST": "COLEGIO FABIO LOZANO SIMONELLI (IED)",
        "NOMBRE_SED": "DANUBIO AZUL",
        "ORDEN_DE_S": "B",
        "DANE12_EST": "211850001481",
        "TMATRIC_GE": 537
      }
    },
    {
      "type": "Feature",
      "geometry": {
        "type": "Point",
        "coordinates": [
          -8249223.319499999,
          505159.1658000015
        ]
      },
      "properties": {
        "NOMBRE_EST": "COLEGIO FABIO LOZANO SIMONELLI (IED)",
        "NOMBRE_SED": "FISCALA ALTA",
        "ORDEN_DE_S": "C",
        "DANE12_EST": "211850001481",
        "TMATRIC_GE": 405
      }
    },
    {
      "type": "Feature",
      "geometry": {
        "type": "Point",
        "coordinates": [
          -8252260.5516,
          510232.2707999982
        ]
      },
      "properties": {
        "NOMBRE_EST": "COLEGIO CENTRO INTEGRAL JOSE MARIA CORDOBA (IED)",
        "NOMBRE_SED": "JOSE MARIA CORDOBA",
        "ORDEN_DE_S": "A",
        "DANE12_EST": "111001009652",
        "TMATRIC_GE": 2269
      }
    },
    {
      "type": "Feature",
      "geometry": {
        "type": "Point",
        "coordinates": [
          -8252400.4123,
          510193.1015999988
        ]
      },
      "properties": {
        "NOMBRE_EST": "COLEGIO CENTRO INTEGRAL JOSE MARIA CORDOBA (IED)",
        "NOMBRE_SED": "SANTA FE DE BOGOTA",
        "ORDEN_DE_S": "B",
        "DANE12_EST": "111001009652",
        "TMATRIC_GE": 481
      }
    },
    {
      "type": "Feature",
      "geometry": {
        "type": "Point",
        "coordinates": [
          -8253625.2951,
          511730.8280999996
        ]
      },
      "properties": {
        "NOMBRE_EST": "COLEGIO VENECIA (IED)",
        "NOMBRE_SED": "VENECIA",
        "ORDEN_DE_S": "A",
        "DANE12_EST": "111001010251",
        "TMATRIC_GE": 3511
      }
    },
    {
      "type": "Feature",
      "geometry": {
        "type": "Point",
        "coordinates": [
          -8254102.3314,
          511113.9789999984
        ]
      },
      "properties": {
        "NOMBRE_EST": "COLEGIO VENECIA (IED)",
        "NOMBRE_SED": "NUEVO MUZU",
        "ORDEN_DE_S": "B",
        "DANE12_EST": "111001010251",
        "TMATRIC_GE": 584
      }
    },
    {
      "type": "Feature",
      "geometry": {
        "type": "Point",
        "coordinates": [
          -8253001.037699999,
          510998.379900001
        ]
      },
      "properties": {
        "NOMBRE_EST": "COLEGIO INSTITUTO TECNICO INDUSTRIAL PILOTO (IED)",
        "NOMBRE_SED": "PILOTO",
        "ORDEN_DE_S": "A",
        "DANE12_EST": "111001011011",
        "TMATRIC_GE": 2377
      }
    },
    {
      "type": "Feature",
      "geometry": {
        "type": "Point",
        "coordinates": [
          -8253060.4845,
          510920.32030000165
        ]
      },
      "properties": {
        "NOMBRE_EST": "COLEGIO INSTITUTO TECNICO INDUSTRIAL PILOTO (IED)",
        "NOMBRE_SED": "NUESTRA SEÑORA DE FATIMA",
        "ORDEN_DE_S": "B",
        "DANE12_EST": "111001011011",
        "TMATRIC_GE": 922
      }
    },
    {
      "type": "Feature",
      "geometry": {
        "type": "Point",
        "coordinates": [
          -8253473.260500001,
          511150.5190999992
        ]
      },
      "properties": {
        "NOMBRE_EST": "COLEGIO INSTITUTO TECNICO INDUSTRIAL PILOTO (IED)",
        "NOMBRE_SED": "FATIMA COLMOTORES",
        "ORDEN_DE_S": "C",
        "DANE12_EST": "111001011011",
        "TMATRIC_GE": 677
      }
    },
    {
      "type": "Feature",
      "geometry": {
        "type": "Point",
        "coordinates": [
          -8252971.899800001,
          511240.95160000026
        ]
      },
      "properties": {
        "NOMBRE_EST": "COLEGIO INSTITUTO TECNICO INDUSTRIAL PILOTO (IED)",
        "NOMBRE_SED": "NUESTRA SEÑORA DEL ROSARIO",
        "ORDEN_DE_S": "D",
        "DANE12_EST": "111001011011",
        "TMATRIC_GE": 279
      }
    },
    {
      "type": "Feature",
      "geometry": {
        "type": "Point",
        "coordinates": [
          -8251993.8946,
          510389.3542999998
        ]
      },
      "properties": {
        "NOMBRE_EST": "COLEGIO RAFAEL URIBE URIBE (IED)",
        "NOMBRE_SED": "RAFAEL URIBE URIBE",
        "ORDEN_DE_S": "A",
        "DANE12_EST": "111001012271",
        "TMATRIC_GE": 1473
      }
    },
    {
      "type": "Feature",
      "geometry": {
        "type": "Point",
        "coordinates": [
          -8252346.669399999,
          510754.64820000157
        ]
      },
      "properties": {
        "NOMBRE_EST": "COLEGIO RAFAEL URIBE URIBE (IED)",
        "NOMBRE_SED": "NUESTRA SEÑORA DEL CARMEN",
        "ORDEN_DE_S": "B",
        "DANE12_EST": "111001012271",
        "TMATRIC_GE": 356
      }
    },
    {
      "type": "Feature",
      "geometry": {
        "type": "Point",
        "coordinates": [
          -8252466.5449,
          510321.624400001
        ]
      },
      "properties": {
        "NOMBRE_EST": "COLEGIO MARCO FIDEL SUAREZ (IED)",
        "NOMBRE_SED": "MARCO FIDEL SUAREZ",
        "ORDEN_DE_S": "A",
        "DANE12_EST": "111001014206",
        "TMATRIC_GE": 2051
      }
    },
    {
      "type": "Feature",
      "geometry": {
        "type": "Point",
        "coordinates": [
          -8253049.851299999,
          510106.5203999989
        ]
      },
      "properties": {
        "NOMBRE_EST": "COLEGIO CIUDAD DE BOGOTA (IED)",
        "NOMBRE_SED": "CIUDAD DE BOGOTA",
        "ORDEN_DE_S": "A",
        "DANE12_EST": "111001014214",
        "TMATRIC_GE": 2042
      }
    },
    {
      "type": "Feature",
      "geometry": {
        "type": "Point",
        "coordinates": [
          -8253254.751499999,
          510103.8425000012
        ]
      },
      "properties": {
        "NOMBRE_EST": "COLEGIO CIUDAD DE BOGOTA (IED)",
        "NOMBRE_SED": "ROCKEFELLER",
        "ORDEN_DE_S": "B",
        "DANE12_EST": "111001014214",
        "TMATRIC_GE": 724
      }
    },
    {
      "type": "Feature",
      "geometry": {
        "type": "Point",
        "coordinates": [
          -8251539.8347,
          508161.97480000183
        ]
      },
      "properties": {
        "NOMBRE_EST": "COLEGIO RUFINO JOSE CUERVO (IED)",
        "NOMBRE_SED": "RUFINO JOSE CUERVO",
        "ORDEN_DE_S": "A",
        "DANE12_EST": "111001018201",
        "TMATRIC_GE": 1445
      }
    },
    {
      "type": "Feature",
      "geometry": {
        "type": "Point",
        "coordinates": [
          -8251437.123500001,
          507651.79030000046
        ]
      },
      "properties": {
        "NOMBRE_EST": "COLEGIO RUFINO JOSE CUERVO (IED)",
        "NOMBRE_SED": "CECILIA DE LA FUENTE DE LLERAS",
        "ORDEN_DE_S": "B",
        "DANE12_EST": "111001018201",
        "TMATRIC_GE": 489
      }
    },
    {
      "type": "Feature",
      "geometry": {
        "type": "Point",
        "coordinates": [
          -8252036.0747,
          508047.8599999994
        ]
      },
      "properties": {
        "NOMBRE_EST": "COLEGIO RUFINO JOSE CUERVO (IED)",
        "NOMBRE_SED": "NUEVO TUNJUELITO",
        "ORDEN_DE_S": "C",
        "DANE12_EST": "111001018201",
        "TMATRIC_GE": 272
      }
    },
    {
      "type": "Feature",
      "geometry": {
        "type": "Point",
        "coordinates": [
          -8252036.0747,
          508047.8599999994
        ]
      },
      "properties": {
        "NOMBRE_EST": "COLEGIO RUFINO JOSE CUERVO (IED)",
        "NOMBRE_SED": "SEDE D",
        "ORDEN_DE_S": "D",
        "DANE12_EST": "111001018201",
        "TMATRIC_GE": 229
      }
    },
    {
      "type": "Feature",
      "geometry": {
        "type": "Point",
        "coordinates": [
          -8252336.217599999,
          509952.3310999982
        ]
      },
      "properties": {
        "NOMBRE_EST": "COLEGIO INEM SANTIAGO PEREZ (IED)",
        "NOMBRE_SED": "INEM SANTIAGO PEREZ",
        "ORDEN_DE_S": "A",
        "DANE12_EST": "111001019411",
        "TMATRIC_GE": 3389
      }
    },
    {
      "type": "Feature",
      "geometry": {
        "type": "Point",
        "coordinates": [
          -8251725.975299999,
          509415.6387999989
        ]
      },
      "properties": {
        "NOMBRE_EST": "COLEGIO BERNARDO JARAMILLO (IED)",
        "NOMBRE_SED": "BERNARDO JARAMILLO",
        "ORDEN_DE_S": "A",
        "DANE12_EST": "111001032450",
        "TMATRIC_GE": 1812
      }
    },
    {
      "type": "Feature",
      "geometry": {
        "type": "Point",
        "coordinates": [
          -8254615.1458,
          511440.19150000066
        ]
      },
      "properties": {
        "NOMBRE_EST": "COLEGIO ISLA DEL SOL (IED)",
        "NOMBRE_SED": "ISLA DEL SOL",
        "ORDEN_DE_S": "A",
        "DANE12_EST": "111001075736",
        "TMATRIC_GE": 1019
      }
    },
    {
      "type": "Feature",
      "geometry": {
        "type": "Point",
        "coordinates": [
          -8252375.6481,
          508646.9626000002
        ]
      },
      "properties": {
        "NOMBRE_EST": "COLEGIO SAN CARLOS (IED)",
        "NOMBRE_SED": "JOSE ANTONIO RICAURTE",
        "ORDEN_DE_S": "A",
        "DANE12_EST": "111001075957",
        "TMATRIC_GE": 850
      }
    },
    {
      "type": "Feature",
      "geometry": {
        "type": "Point",
        "coordinates": [
          -8251904.6620000005,
          509215.9864999987
        ]
      },
      "properties": {
        "NOMBRE_EST": "COLEGIO SAN CARLOS (IED)",
        "NOMBRE_SED": "SAN CARLOS",
        "ORDEN_DE_S": "B",
        "DANE12_EST": "111001075957",
        "TMATRIC_GE": 1208
      }
    },
    {
      "type": "Feature",
      "geometry": {
        "type": "Point",
        "coordinates": [
          -8252902.831599999,
          508895.6125999987
        ]
      },
      "properties": {
        "NOMBRE_EST": "COLEGIO SAN BENITO ABAD (IED)",
        "NOMBRE_SED": "DIANA TURBAY",
        "ORDEN_DE_S": "A",
        "DANE12_EST": "111001086631",
        "TMATRIC_GE": 669
      }
    },
    {
      "type": "Feature",
      "geometry": {
        "type": "Point",
        "coordinates": [
          -8252603.232999999,
          508850.1620000005
        ]
      },
      "properties": {
        "NOMBRE_EST": "COLEGIO SAN BENITO ABAD (IED)",
        "NOMBRE_SED": "SAN BENITO",
        "ORDEN_DE_S": "B",
        "DANE12_EST": "111001086631",
        "TMATRIC_GE": 417
      }
    },
    {
      "type": "Feature",
      "geometry": {
        "type": "Point",
        "coordinates": [
          -8259566.331700001,
          513197.78599999845
        ]
      },
      "properties": {
        "NOMBRE_EST": "COLEGIO CARLOS ALBAN HOLGUIN (IED)",
        "NOMBRE_SED": "CARLOS ALBAN HOLGUIN",
        "ORDEN_DE_S": "A",
        "DANE12_EST": "111001002909",
        "TMATRIC_GE": 3818
      }
    },
    {
      "type": "Feature",
      "geometry": {
        "type": "Point",
        "coordinates": [
          -8259627.4439,
          512571.1325000003
        ]
      },
      "properties": {
        "NOMBRE_EST": "COLEGIO CARLOS ALBAN HOLGUIN (IED)",
        "NOMBRE_SED": "JOSE MARIA CARBONELL",
        "ORDEN_DE_S": "B",
        "DANE12_EST": "111001002909",
        "TMATRIC_GE": 411
      }
    },
    {
      "type": "Feature",
      "geometry": {
        "type": "Point",
        "coordinates": [
          -8261004.283500001,
          514140.6704999991
        ]
      },
      "properties": {
        "NOMBRE_EST": "COLEGIO CARLOS ALBAN HOLGUIN (IED)",
        "NOMBRE_SED": "SAN JOSE",
        "ORDEN_DE_S": "C",
        "DANE12_EST": "111001002909",
        "TMATRIC_GE": 703
      }
    },
    {
      "type": "Feature",
      "geometry": {
        "type": "Point",
        "coordinates": [
          -8258507.183599999,
          512578.82930000126
        ]
      },
      "properties": {
        "NOMBRE_EST": "COLEGIO CEDID SAN PABLO (IED)",
        "NOMBRE_SED": "SAN PABLO BOSA",
        "ORDEN_DE_S": "A",
        "DANE12_EST": "111001010031",
        "TMATRIC_GE": 2252
      }
    },
    {
      "type": "Feature",
      "geometry": {
        "type": "Point",
        "coordinates": [
          -8258236.670499999,
          513309.37689999864
        ]
      },
      "properties": {
        "NOMBRE_EST": "COLEGIO CEDID SAN PABLO (IED)",
        "NOMBRE_SED": "LA AMISTAD",
        "ORDEN_DE_S": "B",
        "DANE12_EST": "111001010031",
        "TMATRIC_GE": 1575
      }
    },
    {
      "type": "Feature",
      "geometry": {
        "type": "Point",
        "coordinates": [
          -8259018.0209,
          512729.3321999982
        ]
      },
      "properties": {
        "NOMBRE_EST": "COLEGIO CEDID SAN PABLO (IED)",
        "NOMBRE_SED": "NUEVA GRANADA",
        "ORDEN_DE_S": "C",
        "DANE12_EST": "111001010031",
        "TMATRIC_GE": 279
      }
    },
    {
      "type": "Feature",
      "geometry": {
        "type": "Point",
        "coordinates": [
          -8256144.6088,
          512993.70870000124
        ]
      },
      "properties": {
        "NOMBRE_EST": "COLEGIO NUEVO CHILE (IED)",
        "NOMBRE_SED": "NUEVO CHILE",
        "ORDEN_DE_S": "A",
        "DANE12_EST": "111001013676",
        "TMATRIC_GE": 3102
      }
    },
    {
      "type": "Feature",
      "geometry": {
        "type": "Point",
        "coordinates": [
          -8255990.217599999,
          512805.46119999886
        ]
      },
      "properties": {
        "NOMBRE_EST": "COLEGIO NUEVO CHILE (IED)",
        "NOMBRE_SED": "RODRIGO DE BASTIDAS",
        "ORDEN_DE_S": "B",
        "DANE12_EST": "111001013676",
        "TMATRIC_GE": 856
      }
    },
    {
      "type": "Feature",
      "geometry": {
        "type": "Point",
        "coordinates": [
          -8257825.7546999995,
          515755.88500000164
        ]
      },
      "properties": {
        "NOMBRE_EST": "COLEGIO BRASILIA - BOSA (IED)",
        "NOMBRE_SED": "BRASILIA - BOSA",
        "ORDEN_DE_S": "A",
        "DANE12_EST": "111001014109",
        "TMATRIC_GE": 1892
      }
    },
    {
      "type": "Feature",
      "geometry": {
        "type": "Point",
        "coordinates": [
          -8258347.388900001,
          515625.1865000017
        ]
      },
      "properties": {
        "NOMBRE_EST": "COLEGIO BRASILIA - BOSA (IED)",
        "NOMBRE_SED": "LUIS HERNANDO PEREA",
        "ORDEN_DE_S": "B",
        "DANE12_EST": "111001014109",
        "TMATRIC_GE": 1093
      }
    },
    {
      "type": "Feature",
      "geometry": {
        "type": "Point",
        "coordinates": [
          -8257816.796800001,
          515754.72260000184
        ]
      },
      "properties": {
        "NOMBRE_EST": "COLEGIO BRASILIA - BOSA (IED)",
        "NOMBRE_SED": "BRASILIA - BOSA",
        "ORDEN_DE_S": "C",
        "DANE12_EST": "111001014109",
        "TMATRIC_GE": 549
      }
    },
    {
      "type": "Feature",
      "geometry": {
        "type": "Point",
        "coordinates": [
          -8257191.0065,
          512385.54140000045
        ]
      },
      "properties": {
        "NOMBRE_EST": "COLEGIO MOTORISTA (CED)",
        "NOMBRE_SED": "MOTORISTA",
        "ORDEN_DE_S": "A",
        "DANE12_EST": "111001041599",
        "TMATRIC_GE": 450
      }
    },
    {
      "type": "Feature",
      "geometry": {
        "type": "Point",
        "coordinates": [
          -8259869.7675,
          513763.63170000166
        ]
      },
      "properties": {
        "NOMBRE_EST": "COLEGIO GRANCOLOMBIANO (IED)",
        "NOMBRE_SED": "GRANCOLOMBIANO",
        "ORDEN_DE_S": "A",
        "DANE12_EST": "111001046477",
        "TMATRIC_GE": 2063
      }
    },
    {
      "type": "Feature",
      "geometry": {
        "type": "Point",
        "coordinates": [
          -8259924.0814,
          513629.8313000016
        ]
      },
      "properties": {
        "NOMBRE_EST": "COLEGIO GRANCOLOMBIANO (IED)",
        "NOMBRE_SED": "LOS LAURELES",
        "ORDEN_DE_S": "B",
        "DANE12_EST": "111001046477",
        "TMATRIC_GE": 758
      }
    },
    {
      "type": "Feature",
      "geometry": {
        "type": "Point",
        "coordinates": [
          -8259869.815400001,
          513763.5874999985
        ]
      },
      "properties": {
        "NOMBRE_EST": "COLEGIO GRANCOLOMBIANO (IED)",
        "NOMBRE_SED": "CHARLES DE GAULLE",
        "ORDEN_DE_S": "C",
        "DANE12_EST": "111001046477",
        "TMATRIC_GE": 187
      }
    },
    {
      "type": "Feature",
      "geometry": {
        "type": "Point",
        "coordinates": [
          -8259558.2511,
          513414.3874000013
        ]
      },
      "properties": {
        "NOMBRE_EST": "COLEGIO GRANCOLOMBIANO (IED)",
        "NOMBRE_SED": "LOS NARANJOS",
        "ORDEN_DE_S": "D",
        "DANE12_EST": "111001046477",
        "TMATRIC_GE": 676
      }
    },
    {
      "type": "Feature",
      "geometry": {
        "type": "Point",
        "coordinates": [
          -8257575.930299999,
          513303.76619999856
        ]
      },
      "properties": {
        "NOMBRE_EST": "COLEGIO JOSE ANTONIO GALAN (IED)",
        "NOMBRE_SED": "JOSE ANTONIO GALAN",
        "ORDEN_DE_S": "A",
        "DANE12_EST": "111001046591",
        "TMATRIC_GE": 1738
      }
    },
    {
      "type": "Feature",
      "geometry": {
        "type": "Point",
        "coordinates": [
          -8259882.140699999,
          513000.83089999855
        ]
      },
      "properties": {
        "NOMBRE_EST": "COLEGIO LLANO ORIENTAL (IED)",
        "NOMBRE_SED": "LLANO ORIENTAL",
        "ORDEN_DE_S": "A",
        "DANE12_EST": "111001086606",
        "TMATRIC_GE": 1070
      }
    },
    {
      "type": "Feature",
      "geometry": {
        "type": "Point",
        "coordinates": [
          -8259340.6537,
          515118.35170000046
        ]
      },
      "properties": {
        "NOMBRE_EST": "COLEGIO LA CONCEPCION (IED)",
        "NOMBRE_SED": "LA CONCEPCION",
        "ORDEN_DE_S": "A",
        "DANE12_EST": "111001086754",
        "TMATRIC_GE": 475
      }
    },
    {
      "type": "Feature",
      "geometry": {
        "type": "Point",
        "coordinates": [
          -8257940.2601,
          513196.39339999855
        ]
      },
      "properties": {
        "NOMBRE_EST": "COLEGIO LA CONCEPCION (IED)",
        "NOMBRE_SED": "NUESTRA SEÑORA DE LOURDES",
        "ORDEN_DE_S": "B",
        "DANE12_EST": "111001086754",
        "TMATRIC_GE": 1211
      }
    },
    {
      "type": "Feature",
      "geometry": {
        "type": "Point",
        "coordinates": [
          -8260447.897500001,
          513718.6917999983
        ]
      },
      "properties": {
        "NOMBRE_EST": "COLEGIO LA ESPERANZA (IED)",
        "NOMBRE_SED": "COLEGIO LA ESPERANZA (IED) - SEDE PRINCIPAL",
        "ORDEN_DE_S": "A",
        "DANE12_EST": "111001098876",
        "TMATRIC_GE": 1048
      }
    },
    {
      "type": "Feature",
      "geometry": {
        "type": "Point",
        "coordinates": [
          -8260143.603399999,
          513731.5421999991
        ]
      },
      "properties": {
        "NOMBRE_EST": "COLEGIO LOS NARANJOS (IED)",
        "NOMBRE_SED": "COLEGIO LOS NARANJOS (IED) - SEDE PRINCIPAL",
        "ORDEN_DE_S": "A",
        "DANE12_EST": "111001098884",
        "TMATRIC_GE": 979
      }
    },
    {
      "type": "Feature",
      "geometry": {
        "type": "Point",
        "coordinates": [
          -8258393.327099999,
          513951.4957999997
        ]
      },
      "properties": {
        "NOMBRE_EST": "COLEGIO ARGELIA (IED)",
        "NOMBRE_SED": "COLEGIO ARGELIA (IED) - SEDE PRINCIPAL",
        "ORDEN_DE_S": "A",
        "DANE12_EST": "111001100064",
        "TMATRIC_GE": 1224
      }
    },
    {
      "type": "Feature",
      "geometry": {
        "type": "Point",
        "coordinates": [
          -8259101.664100001,
          515907.96460000053
        ]
      },
      "properties": {
        "NOMBRE_EST": "COLEGIO SANTIAGO DE LAS ATALAYAS (IED)",
        "NOMBRE_SED": "COLEGIO SANTIAGO DE LAS ATALAYAS (IED) - SEDE PRINCIPAL",
        "ORDEN_DE_S": "A",
        "DANE12_EST": "111001100072",
        "TMATRIC_GE": 1381
      }
    },
    {
      "type": "Feature",
      "geometry": {
        "type": "Point",
        "coordinates": [
          -8258782.4844,
          516308.0694000013
        ]
      },
      "properties": {
        "NOMBRE_EST": "COLEGIO SAN IGNACIO (IED)",
        "NOMBRE_SED": "COLEGIO SAN IGNACIO (IED) - SEDE PRINCIPAL",
        "ORDEN_DE_S": "A",
        "DANE12_EST": "111001104051",
        "TMATRIC_GE": 1349
      }
    },
    {
      "type": "Feature",
      "geometry": {
        "type": "Point",
        "coordinates": [
          -8260072.0462,
          515721.1215999983
        ]
      },
      "properties": {
        "NOMBRE_EST": "COLEGIO LEONARDO POSADA PEDRAZA (IED)",
        "NOMBRE_SED": "LEONARDO POSADA PEDRAZA",
        "ORDEN_DE_S": "A",
        "DANE12_EST": "111001104183",
        "TMATRIC_GE": 3362
      }
    },
    {
      "type": "Feature",
      "geometry": {
        "type": "Point",
        "coordinates": [
          -8259897.4482,
          514455.7269000001
        ]
      },
      "properties": {
        "NOMBRE_EST": "COLEGIO ALFONSO REYES ECHANDIA (IED)",
        "NOMBRE_SED": "ALFONSO REYES ECHANDIA",
        "ORDEN_DE_S": "A",
        "DANE12_EST": "111001104299",
        "TMATRIC_GE": 3166
      }
    },
    {
      "type": "Feature",
      "geometry": {
        "type": "Point",
        "coordinates": [
          -8258711.5361,
          515821.6556000002
        ]
      },
      "properties": {
        "NOMBRE_EST": "COLEGIO ORLANDO HIGUITA ROJAS (IED)",
        "NOMBRE_SED": "ORLANDO HIGUITA ROJAS",
        "ORDEN_DE_S": "A",
        "DANE12_EST": "111001104302",
        "TMATRIC_GE": 2508
      }
    },
    {
      "type": "Feature",
      "geometry": {
        "type": "Point",
        "coordinates": [
          -8258210.1909,
          515166.9567999989
        ]
      },
      "properties": {
        "NOMBRE_EST": "COLEGIO ORLANDO HIGUITA ROJAS (IED)",
        "NOMBRE_SED": "JUAN MAXIMILIANO AMBROSIO",
        "ORDEN_DE_S": "B",
        "DANE12_EST": "111001104302",
        "TMATRIC_GE": 938
      }
    },
    {
      "type": "Feature",
      "geometry": {
        "type": "Point",
        "coordinates": [
          -8260441.090299999,
          516592.02959999815
        ]
      },
      "properties": {
        "NOMBRE_EST": "COLEGIO CARLOS PIZARRO LEON GOMEZ (IED)",
        "NOMBRE_SED": "CARLOS PIZARRO LEON GOMEZ",
        "ORDEN_DE_S": "A",
        "DANE12_EST": "111001104329",
        "TMATRIC_GE": 4029
      }
    },
    {
      "type": "Feature",
      "geometry": {
        "type": "Point",
        "coordinates": [
          -8260635.4608,
          516159.2395000011
        ]
      },
      "properties": {
        "NOMBRE_EST": "COLEGIO ALFONSO LOPEZ MICHELSEN (IED)",
        "NOMBRE_SED": "ALFONSO LOPEZ MICHELSEN",
        "ORDEN_DE_S": "A",
        "DANE12_EST": "111001106950",
        "TMATRIC_GE": 3310
      }
    },
    {
      "type": "Feature",
      "geometry": {
        "type": "Point",
        "coordinates": [
          -8259285.1877,
          515397.1389000006
        ]
      },
      "properties": {
        "NOMBRE_EST": "COLEGIO JOSE FRANCISCO SOCARRAS (IED)",
        "NOMBRE_SED": "JOSE FRANCISCO SOCARRAS",
        "ORDEN_DE_S": "A",
        "DANE12_EST": "111001106968",
        "TMATRIC_GE": 3443
      }
    },
    {
      "type": "Feature",
      "geometry": {
        "type": "Point",
        "coordinates": [
          -8258272.475299999,
          516032.1042000018
        ]
      },
      "properties": {
        "NOMBRE_EST": "COLEGIO GERMAN ARCINIEGAS (IED)",
        "NOMBRE_SED": "GERMAN ARCINIEGAS",
        "ORDEN_DE_S": "A",
        "DANE12_EST": "111001107832",
        "TMATRIC_GE": 2062
      }
    },
    {
      "type": "Feature",
      "geometry": {
        "type": "Point",
        "coordinates": [
          -8260720.52,
          515099.3850999996
        ]
      },
      "properties": {
        "NOMBRE_EST": "COLEGIO KIMI PERNIA DOMICO (IED)",
        "NOMBRE_SED": "KIMI PERNIA DOMICO",
        "ORDEN_DE_S": "A",
        "DANE12_EST": "111001107867",
        "TMATRIC_GE": 3076
      }
    },
    {
      "type": "Feature",
      "geometry": {
        "type": "Point",
        "coordinates": [
          -8258477.5503,
          517183.2782000005
        ]
      },
      "properties": {
        "NOMBRE_EST": "COLEGIO CIUDADELA EDUCATIVA DE BOSA (IED)",
        "NOMBRE_SED": "CIUDADELA EDUCATIVA DE BOSA",
        "ORDEN_DE_S": "A",
        "DANE12_EST": "111001107875",
        "TMATRIC_GE": 6413
      }
    },
    {
      "type": "Feature",
      "geometry": {
        "type": "Point",
        "coordinates": [
          -8258067.413699999,
          514723.3854999989
        ]
      },
      "properties": {
        "NOMBRE_EST": "COLEGIO DEBORA ARANGO PEREZ (IED)",
        "NOMBRE_SED": "DEBORA ARANGO PEREZ",
        "ORDEN_DE_S": "A",
        "DANE12_EST": "111001107883",
        "TMATRIC_GE": 2897
      }
    },
    {
      "type": "Feature",
      "geometry": {
        "type": "Point",
        "coordinates": [
          -8260188.5787,
          515640.21119999886
        ]
      },
      "properties": {
        "NOMBRE_EST": "COLEGIO JORGE ISAACS (IED)",
        "NOMBRE_SED": "COLEGIO JORGE ISAACS (IED) - SEDE PRINCIPAL",
        "ORDEN_DE_S": "A",
        "DANE12_EST": "111001800384",
        "TMATRIC_GE": 1117
      }
    },
    {
      "type": "Feature",
      "geometry": {
        "type": "Point",
        "coordinates": [
          -8258334.3367,
          517399.92760000005
        ]
      },
      "properties": {
        "NOMBRE_EST": "COLEGIO SOLEDAD ACOSTA DE SAMPER (IED)",
        "NOMBRE_SED": "COLEGIO SOLEDAD ACOSTA DE SAMPER (IED) - SEDE PRINCIPAL",
        "ORDEN_DE_S": "A",
        "DANE12_EST": "111001800392",
        "TMATRIC_GE": 511
      }
    },
    {
      "type": "Feature",
      "geometry": {
        "type": "Point",
        "coordinates": [
          -8260330.3441,
          514293.62640000135
        ]
      },
      "properties": {
        "NOMBRE_EST": "COLEGIO BICENTENARIO DE LA INDEPENDENCIA (IED)",
        "NOMBRE_SED": "COLEGIO BICENTENARIO DE LA INDEPENDENCIA (IED) - SEDE PRINCIPAL",
        "ORDEN_DE_S": "A",
        "DANE12_EST": "111001800457",
        "TMATRIC_GE": 1567
      }
    },
    {
      "type": "Feature",
      "geometry": {
        "type": "Point",
        "coordinates": [
          -8257941.4690000005,
          514153.5273000002
        ]
      },
      "properties": {
        "NOMBRE_EST": "COLEGIO DE LA BICI (IED)",
        "NOMBRE_SED": "DE LA BICI",
        "ORDEN_DE_S": "A",
        "DANE12_EST": "111001800643",
        "TMATRIC_GE": 1045
      }
    },
    {
      "type": "Feature",
      "geometry": {
        "type": "Point",
        "coordinates": [
          -8259047.049699999,
          515434.44110000134
        ]
      },
      "properties": {
        "NOMBRE_EST": "COLEGIO PARQUES DE BOGOTA (IED)",
        "NOMBRE_SED": "COLEGIO PARQUES DE BOGOTA (IED) - SEDE PRINCIPAL",
        "ORDEN_DE_S": "A",
        "DANE12_EST": "111001800678",
        "TMATRIC_GE": 1043
      }
    },
    {
      "type": "Feature",
      "geometry": {
        "type": "Point",
        "coordinates": [
          -8261239.2589,
          515594.2478
        ]
      },
      "properties": {
        "NOMBRE_EST": "COLEGIO LAUREL DE CERA (IED)",
        "NOMBRE_SED": "COLEGIO LAUREL DE CERA (IED) - SEDE PRINCIPAL",
        "ORDEN_DE_S": "A",
        "DANE12_EST": "111001800694",
        "TMATRIC_GE": 1046
      }
    },
    {
      "type": "Feature",
      "geometry": {
        "type": "Point",
        "coordinates": [
          -8259290.620100001,
          514362.868999999
        ]
      },
      "properties": {
        "NOMBRE_EST": "COLEGIO ESMERALDA ARBOLEDA CADAVID (IED)",
        "NOMBRE_SED": "COLEGIO ESMERALDA ARBOLEDA CADAVID (IED)",
        "ORDEN_DE_S": "A",
        "DANE12_EST": "111001801080",
        "TMATRIC_GE": 2882
      }
    },
    {
      "type": "Feature",
      "geometry": {
        "type": "Point",
        "coordinates": [
          -8259812.192,
          516412.77329999954
        ]
      },
      "properties": {
        "NOMBRE_EST": "COLEGIO CIUDADELA EL RECREO SONIA OSORIO DE SAINT-MALO (IED)",
        "NOMBRE_SED": "COLEGIO CIUDADELA EL RECREO SONIA OSORIO DE SAINT-MALO (IED)",
        "ORDEN_DE_S": "A",
        "DANE12_EST": "111001801098",
        "TMATRIC_GE": 2063
      }
    },
    {
      "type": "Feature",
      "geometry": {
        "type": "Point",
        "coordinates": [
          -8258406.477299999,
          515977.6897
        ]
      },
      "properties": {
        "NOMBRE_EST": "COLEGIO LAURA HERRERA DE VARELA (IED)",
        "NOMBRE_SED": "COLEGIO LAURA HERRERA DE VARELA (IED)",
        "ORDEN_DE_S": "A",
        "DANE12_EST": "111001801101",
        "TMATRIC_GE": 2103
      }
    },
    {
      "type": "Feature",
      "geometry": {
        "type": "Point",
        "coordinates": [
          -8258330.082,
          512688.7120000012
        ]
      },
      "properties": {
        "NOMBRE_EST": "COLEGIO LUIS LOPEZ DE MESA (IED)",
        "NOMBRE_SED": "LUIS LOPEZ DE MESA",
        "ORDEN_DE_S": "A",
        "DANE12_EST": "111102000265",
        "TMATRIC_GE": 2740
      }
    },
    {
      "type": "Feature",
      "geometry": {
        "type": "Point",
        "coordinates": [
          -8258506.525699999,
          513041.4666999988
        ]
      },
      "properties": {
        "NOMBRE_EST": "COLEGIO PABLO DE TARSO (IED)",
        "NOMBRE_SED": "PABLO DE TARSO",
        "ORDEN_DE_S": "A",
        "DANE12_EST": "111102000281",
        "TMATRIC_GE": 2503
      }
    },
    {
      "type": "Feature",
      "geometry": {
        "type": "Point",
        "coordinates": [
          -8259280.110400001,
          512568.29679999873
        ]
      },
      "properties": {
        "NOMBRE_EST": "COLEGIO PABLO DE TARSO (IED)",
        "NOMBRE_SED": "PAULO VI",
        "ORDEN_DE_S": "B",
        "DANE12_EST": "111102000281",
        "TMATRIC_GE": 330
      }
    },
    {
      "type": "Feature",
      "geometry": {
        "type": "Point",
        "coordinates": [
          -8258215.4953000005,
          513831.8957999982
        ]
      },
      "properties": {
        "NOMBRE_EST": "COLEGIO FRANCISCO DE PAULA SANTANDER (IED)",
        "NOMBRE_SED": "FRANCISCO DE PAULA SANTANDER",
        "ORDEN_DE_S": "A",
        "DANE12_EST": "111102000621",
        "TMATRIC_GE": 1359
      }
    },
    {
      "type": "Feature",
      "geometry": {
        "type": "Point",
        "coordinates": [
          -8258868.031300001,
          513391.16739999875
        ]
      },
      "properties": {
        "NOMBRE_EST": "COLEGIO FERNANDO MAZUERA VILLEGAS (IED)",
        "NOMBRE_SED": "FERNANDO MAZUERA VILLEGAS",
        "ORDEN_DE_S": "A",
        "DANE12_EST": "111102000753",
        "TMATRIC_GE": 3619
      }
    },
    {
      "type": "Feature",
      "geometry": {
        "type": "Point",
        "coordinates": [
          -8258629.9255,
          513317.3372000009
        ]
      },
      "properties": {
        "NOMBRE_EST": "COLEGIO FERNANDO MAZUERA VILLEGAS (IED)",
        "NOMBRE_SED": "GONZALO JIMENEZ DE QUESADA",
        "ORDEN_DE_S": "B",
        "DANE12_EST": "111102000753",
        "TMATRIC_GE": 538
      }
    },
    {
      "type": "Feature",
      "geometry": {
        "type": "Point",
        "coordinates": [
          -8259449.9081999995,
          513819.95639999956
        ]
      },
      "properties": {
        "NOMBRE_EST": "COLEGIO FERNANDO MAZUERA VILLEGAS (IED)",
        "NOMBRE_SED": "HUMBERTO VALENCIA",
        "ORDEN_DE_S": "C",
        "DANE12_EST": "111102000753",
        "TMATRIC_GE": 463
      }
    },
    {
      "type": "Feature",
      "geometry": {
        "type": "Point",
        "coordinates": [
          -8259509.5309999995,
          514301.14930000156
        ]
      },
      "properties": {
        "NOMBRE_EST": "COLEGIO FERNANDO MAZUERA VILLEGAS (IED)",
        "NOMBRE_SED": "NUEVA ISLANDIA",
        "ORDEN_DE_S": "D",
        "DANE12_EST": "111102000753",
        "TMATRIC_GE": 326
      }
    },
    {
      "type": "Feature",
      "geometry": {
        "type": "Point",
        "coordinates": [
          -8258489.206599999,
          513342.36410000175
        ]
      },
      "properties": {
        "NOMBRE_EST": "COLEGIO FERNANDO MAZUERA VILLEGAS (IED)",
        "NOMBRE_SED": "SEDE E",
        "ORDEN_DE_S": "E",
        "DANE12_EST": "111102000753",
        "TMATRIC_GE": 201
      }
    },
    {
      "type": "Feature",
      "geometry": {
        "type": "Point",
        "coordinates": [
          -8259173.175799999,
          513937.0421999991
        ]
      },
      "properties": {
        "NOMBRE_EST": "COLEGIO PORFIRIO BARBA JACOB (IED)",
        "NOMBRE_SED": "PORFIRIO BARBA JACOB",
        "ORDEN_DE_S": "A",
        "DANE12_EST": "111102000958",
        "TMATRIC_GE": 1949
      }
    },
    {
      "type": "Feature",
      "geometry": {
        "type": "Point",
        "coordinates": [
          -8259987.4879,
          515473.2664999999
        ]
      },
      "properties": {
        "NOMBRE_EST": "COLEGIO VILLAS DEL PROGRESO (IED)",
        "NOMBRE_SED": "VILLAS DEL PROGRESO",
        "ORDEN_DE_S": "A",
        "DANE12_EST": "211001076958",
        "TMATRIC_GE": 669
      }
    },
    {
      "type": "Feature",
      "geometry": {
        "type": "Point",
        "coordinates": [
          -8259356.521199999,
          517196.17269999906
        ]
      },
      "properties": {
        "NOMBRE_EST": "COLEGIO VILLAS DEL PROGRESO (IED)",
        "NOMBRE_SED": "SEDE C",
        "ORDEN_DE_S": "B",
        "DANE12_EST": "211001076958",
        "TMATRIC_GE": 2881
      }
    },
    {
      "type": "Feature",
      "geometry": {
        "type": "Point",
        "coordinates": [
          -8259239.6614,
          517496.5540000014
        ]
      },
      "properties": {
        "NOMBRE_EST": "COLEGIO VILLAS DEL PROGRESO (IED)",
        "NOMBRE_SED": "PRIMERA INFANCIA PORVENIR VII",
        "ORDEN_DE_S": "C",
        "DANE12_EST": "211001076958",
        "TMATRIC_GE": 478
      }
    },
    {
      "type": "Feature",
      "geometry": {
        "type": "Point",
        "coordinates": [
          -8260378.405200001,
          514607.65900000185
        ]
      },
      "properties": {
        "NOMBRE_EST": "COLEGIO SAN BERNARDINO (IED)",
        "NOMBRE_SED": "SAN BERNARDINO",
        "ORDEN_DE_S": "A",
        "DANE12_EST": "211102000201",
        "TMATRIC_GE": 1832
      }
    },
    {
      "type": "Feature",
      "geometry": {
        "type": "Point",
        "coordinates": [
          -8258085.8782,
          516624.5313999988
        ]
      },
      "properties": {
        "NOMBRE_EST": "COLEGIO EL PORVENIR (IED)",
        "NOMBRE_SED": "EL PORVENIR",
        "ORDEN_DE_S": "A",
        "DANE12_EST": "211102000243",
        "TMATRIC_GE": 2657
      }
    },
    {
      "type": "Feature",
      "geometry": {
        "type": "Point",
        "coordinates": [
          -8259658.332800001,
          517276.25239999965
        ]
      },
      "properties": {
        "NOMBRE_EST": "COLEGIO EL PORVENIR (IED)",
        "NOMBRE_SED": "EL RECUERDO",
        "ORDEN_DE_S": "C",
        "DANE12_EST": "211102000243",
        "TMATRIC_GE": 1606
      }
    },
    {
      "type": "Feature",
      "geometry": {
        "type": "Point",
        "coordinates": [
          -8258624.6468,
          515138.9199000001
        ]
      },
      "properties": {
        "NOMBRE_EST": "COLEGIO BOSANOVA (IED)",
        "NOMBRE_SED": "BOSANOVA",
        "ORDEN_DE_S": "A",
        "DANE12_EST": "211102000995",
        "TMATRIC_GE": 1283
      }
    },
    {
      "type": "Feature",
      "geometry": {
        "type": "Point",
        "coordinates": [
          -8252777.130799999,
          514430.65260000154
        ]
      },
      "properties": {
        "NOMBRE_EST": "COLEGIO CARLOS ARANGO VELEZ (IED)",
        "NOMBRE_SED": "CARLOS ARANGO VELEZ",
        "ORDEN_DE_S": "A",
        "DANE12_EST": "111001000124",
        "TMATRIC_GE": 2019
      }
    },
    {
      "type": "Feature",
      "geometry": {
        "type": "Point",
        "coordinates": [
          -8255684.263800001,
          517292.4387000017
        ]
      },
      "properties": {
        "NOMBRE_EST": "COLEGIO DARIO ECHANDIA (IED)",
        "NOMBRE_SED": "DARIO ECHANDIA",
        "ORDEN_DE_S": "A",
        "DANE12_EST": "111001001279",
        "TMATRIC_GE": 1175
      }
    },
    {
      "type": "Feature",
      "geometry": {
        "type": "Point",
        "coordinates": [
          -8255628.9046,
          517456.4219000004
        ]
      },
      "properties": {
        "NOMBRE_EST": "COLEGIO DARIO ECHANDIA (IED)",
        "NOMBRE_SED": "LOS PATIOS",
        "ORDEN_DE_S": "B",
        "DANE12_EST": "111001001279",
        "TMATRIC_GE": 558
      }
    },
    {
      "type": "Feature",
      "geometry": {
        "type": "Point",
        "coordinates": [
          -8255581.2743,
          517535.84540000185
        ]
      },
      "properties": {
        "NOMBRE_EST": "COLEGIO DARIO ECHANDIA (IED)",
        "NOMBRE_SED": "TOCAREMA",
        "ORDEN_DE_S": "C",
        "DANE12_EST": "111001001279",
        "TMATRIC_GE": 202
      }
    },
    {
      "type": "Feature",
      "geometry": {
        "type": "Point",
        "coordinates": [
          -8251492.515000001,
          516395.7164000012
        ]
      },
      "properties": {
        "NOMBRE_EST": "COLEGIO NACIONAL NICOLAS ESGUERRA (IED)",
        "NOMBRE_SED": "NACIONAL NICOLAS ESGUERRA",
        "ORDEN_DE_S": "A",
        "DANE12_EST": "111001010910",
        "TMATRIC_GE": 1418
      }
    },
    {
      "type": "Feature",
      "geometry": {
        "type": "Point",
        "coordinates": [
          -8253939.3597,
          512571.0471000001
        ]
      },
      "properties": {
        "NOMBRE_EST": "COLEGIO CARLOS ARTURO TORRES (IED)",
        "NOMBRE_SED": "CARLOS ARTURO TORRES",
        "ORDEN_DE_S": "A",
        "DANE12_EST": "111001011321",
        "TMATRIC_GE": 2121
      }
    },
    {
      "type": "Feature",
      "geometry": {
        "type": "Point",
        "coordinates": [
          -8253932.663799999,
          512562.62750000134
        ]
      },
      "properties": {
        "NOMBRE_EST": "COLEGIO CARLOS ARTURO TORRES (IED)",
        "NOMBRE_SED": "REPUBLICA DE FINLANDIA",
        "ORDEN_DE_S": "B",
        "DANE12_EST": "111001011321",
        "TMATRIC_GE": 130
      }
    },
    {
      "type": "Feature",
      "geometry": {
        "type": "Point",
        "coordinates": [
          -8254142.992000001,
          515231.0826999992
        ]
      },
      "properties": {
        "NOMBRE_EST": "COLEGIO LA AMISTAD (IED)",
        "NOMBRE_SED": "LA AMISTAD",
        "ORDEN_DE_S": "A",
        "DANE12_EST": "111001011690",
        "TMATRIC_GE": 1789
      }
    },
    {
      "type": "Feature",
      "geometry": {
        "type": "Point",
        "coordinates": [
          -8255771.4024,
          516317.6785000004
        ]
      },
      "properties": {
        "NOMBRE_EST": "COLEGIO LA AMISTAD (IED)",
        "NOMBRE_SED": "LLANO GRANDE",
        "ORDEN_DE_S": "B",
        "DANE12_EST": "111001011690",
        "TMATRIC_GE": 372
      }
    },
    {
      "type": "Feature",
      "geometry": {
        "type": "Point",
        "coordinates": [
          -8256190.607100001,
          515957.0031999983
        ]
      },
      "properties": {
        "NOMBRE_EST": "COLEGIO LA AMISTAD (IED)",
        "NOMBRE_SED": "PINAR DEL RIO",
        "ORDEN_DE_S": "C",
        "DANE12_EST": "111001011690",
        "TMATRIC_GE": 238
      }
    },
    {
      "type": "Feature",
      "geometry": {
        "type": "Point",
        "coordinates": [
          -8254975.672900001,
          514640.2050999999
        ]
      },
      "properties": {
        "NOMBRE_EST": "COLEGIO TOM ADAMS (IED)",
        "NOMBRE_SED": "TOM ADAMS",
        "ORDEN_DE_S": "A",
        "DANE12_EST": "111001012343",
        "TMATRIC_GE": 1456
      }
    },
    {
      "type": "Feature",
      "geometry": {
        "type": "Point",
        "coordinates": [
          -8255336.6285999995,
          515329.67449999973
        ]
      },
      "properties": {
        "NOMBRE_EST": "COLEGIO TOM ADAMS (IED)",
        "NOMBRE_SED": "SAN JORGE",
        "ORDEN_DE_S": "B",
        "DANE12_EST": "111001012343",
        "TMATRIC_GE": 763
      }
    },
    {
      "type": "Feature",
      "geometry": {
        "type": "Point",
        "coordinates": [
          -8254731.232000001,
          515024.46730000153
        ]
      },
      "properties": {
        "NOMBRE_EST": "COLEGIO EL JAPON (IED)",
        "NOMBRE_SED": "EL JAPON",
        "ORDEN_DE_S": "A",
        "DANE12_EST": "111001012360",
        "TMATRIC_GE": 1721
      }
    },
    {
      "type": "Feature",
      "geometry": {
        "type": "Point",
        "coordinates": [
          -8255553.1238,
          515056.43620000035
        ]
      },
      "properties": {
        "NOMBRE_EST": "COLEGIO SAN PEDRO CLAVER (IED)",
        "NOMBRE_SED": "SAN PEDRO CLAVER",
        "ORDEN_DE_S": "A",
        "DANE12_EST": "111001013102",
        "TMATRIC_GE": 1896
      }
    },
    {
      "type": "Feature",
      "geometry": {
        "type": "Point",
        "coordinates": [
          -8256722.8813000005,
          516136.1528000012
        ]
      },
      "properties": {
        "NOMBRE_EST": "COLEGIO SAN PEDRO CLAVER (IED)",
        "NOMBRE_SED": "GERMAN ZEA HERNANDEZ",
        "ORDEN_DE_S": "B",
        "DANE12_EST": "111001013102",
        "TMATRIC_GE": 558
      }
    },
    {
      "type": "Feature",
      "geometry": {
        "type": "Point",
        "coordinates": [
          -8257574.2728,
          514196.69949999824
        ]
      },
      "properties": {
        "NOMBRE_EST": "COLEGIO CLASS (IED)",
        "NOMBRE_SED": "CLASS",
        "ORDEN_DE_S": "A",
        "DANE12_EST": "111001013129",
        "TMATRIC_GE": 1209
      }
    },
    {
      "type": "Feature",
      "geometry": {
        "type": "Point",
        "coordinates": [
          -8256704.4913,
          513609.6882000007
        ]
      },
      "properties": {
        "NOMBRE_EST": "COLEGIO CLASS (IED)",
        "NOMBRE_SED": "CIUDAD ROMA",
        "ORDEN_DE_S": "B",
        "DANE12_EST": "111001013129",
        "TMATRIC_GE": 597
      }
    },
    {
      "type": "Feature",
      "geometry": {
        "type": "Point",
        "coordinates": [
          -8257013.5209,
          513786.68290000036
        ]
      },
      "properties": {
        "NOMBRE_EST": "COLEGIO CLASS (IED)",
        "NOMBRE_SED": "ROMULO GALLEGOS",
        "ORDEN_DE_S": "C",
        "DANE12_EST": "111001013129",
        "TMATRIC_GE": 864
      }
    },
    {
      "type": "Feature",
      "geometry": {
        "type": "Point",
        "coordinates": [
          -8255275.6622,
          515037.5229999982
        ]
      },
      "properties": {
        "NOMBRE_EST": "COLEGIO PAULO VI (IED)",
        "NOMBRE_SED": "PAULO VI",
        "ORDEN_DE_S": "A",
        "DANE12_EST": "111001013153",
        "TMATRIC_GE": 2827
      }
    },
    {
      "type": "Feature",
      "geometry": {
        "type": "Point",
        "coordinates": [
          -8255777.713099999,
          515016.63809999824
        ]
      },
      "properties": {
        "NOMBRE_EST": "COLEGIO SAN JOSE (IED)",
        "NOMBRE_SED": "SAN JOSE",
        "ORDEN_DE_S": "A",
        "DANE12_EST": "111001013161",
        "TMATRIC_GE": 2102
      }
    },
    {
      "type": "Feature",
      "geometry": {
        "type": "Point",
        "coordinates": [
          -8256092.231899999,
          514465.3665000014
        ]
      },
      "properties": {
        "NOMBRE_EST": "COLEGIO SAN JOSE (IED)",
        "NOMBRE_SED": "EL DESCANSO",
        "ORDEN_DE_S": "B",
        "DANE12_EST": "111001013161",
        "TMATRIC_GE": 555
      }
    },
    {
      "type": "Feature",
      "geometry": {
        "type": "Point",
        "coordinates": [
          -8255606.0295,
          514530.23970000073
        ]
      },
      "properties": {
        "NOMBRE_EST": "COLEGIO SAN RAFAEL (IED)",
        "NOMBRE_SED": "SAN RAFAEL",
        "ORDEN_DE_S": "A",
        "DANE12_EST": "111001013170",
        "TMATRIC_GE": 1732
      }
    },
    {
      "type": "Feature",
      "geometry": {
        "type": "Point",
        "coordinates": [
          -8256503.9793,
          513869.0940999985
        ]
      },
      "properties": {
        "NOMBRE_EST": "COLEGIO SAN RAFAEL (IED)",
        "NOMBRE_SED": "CATALINA",
        "ORDEN_DE_S": "B",
        "DANE12_EST": "111001013170",
        "TMATRIC_GE": 357
      }
    },
    {
      "type": "Feature",
      "geometry": {
        "type": "Point",
        "coordinates": [
          -8251823.081499999,
          516202.3735000007
        ]
      },
      "properties": {
        "NOMBRE_EST": "COLEGIO MARSELLA (IED)",
        "NOMBRE_SED": "MARSELLA",
        "ORDEN_DE_S": "A",
        "DANE12_EST": "111001014290",
        "TMATRIC_GE": 1906
      }
    },
    {
      "type": "Feature",
      "geometry": {
        "type": "Point",
        "coordinates": [
          -8254837.187000001,
          514022.0150000006
        ]
      },
      "properties": {
        "NOMBRE_EST": "COLEGIO FRANCISCO DE MIRANDA (IED)",
        "NOMBRE_SED": "FRANCISCO DE MIRANDA",
        "ORDEN_DE_S": "A",
        "DANE12_EST": "111001014974",
        "TMATRIC_GE": 1154
      }
    },
    {
      "type": "Feature",
      "geometry": {
        "type": "Point",
        "coordinates": [
          -8254397.414899999,
          514501.2039999999
        ]
      },
      "properties": {
        "NOMBRE_EST": "COLEGIO LAS AMERICAS (IED)",
        "NOMBRE_SED": "LAS AMERICAS",
        "ORDEN_DE_S": "A",
        "DANE12_EST": "111001015598",
        "TMATRIC_GE": 2470
      }
    },
    {
      "type": "Feature",
      "geometry": {
        "type": "Point",
        "coordinates": [
          -8253406.817299999,
          514619.1645000018
        ]
      },
      "properties": {
        "NOMBRE_EST": "COLEGIO O.E.A. (IED)",
        "NOMBRE_SED": "O.E.A.",
        "ORDEN_DE_S": "A",
        "DANE12_EST": "111001015601",
        "TMATRIC_GE": 1596
      }
    },
    {
      "type": "Feature",
      "geometry": {
        "type": "Point",
        "coordinates": [
          -8253327.915100001,
          513695.9653999992
        ]
      },
      "properties": {
        "NOMBRE_EST": "COLEGIO O.E.A. (IED)",
        "NOMBRE_SED": "ANTONIA SANTOS I",
        "ORDEN_DE_S": "B",
        "DANE12_EST": "111001015601",
        "TMATRIC_GE": 550
      }
    },
    {
      "type": "Feature",
      "geometry": {
        "type": "Point",
        "coordinates": [
          -8254668.150599999,
          516369.7382000014
        ]
      },
      "properties": {
        "NOMBRE_EST": "COLEGIO ISABEL II (IED)",
        "NOMBRE_SED": "ISABEL II",
        "ORDEN_DE_S": "A",
        "DANE12_EST": "111001016071",
        "TMATRIC_GE": 1453
      }
    },
    {
      "type": "Feature",
      "geometry": {
        "type": "Point",
        "coordinates": [
          -8254505.9213,
          516522.38280000165
        ]
      },
      "properties": {
        "NOMBRE_EST": "COLEGIO ISABEL II (IED)",
        "NOMBRE_SED": "PIO XII",
        "ORDEN_DE_S": "B",
        "DANE12_EST": "111001016071",
        "TMATRIC_GE": 818
      }
    },
    {
      "type": "Feature",
      "geometry": {
        "type": "Point",
        "coordinates": [
          -8252795.8157,
          513174.0863999985
        ]
      },
      "properties": {
        "NOMBRE_EST": "COLEGIO ALQUERIA DE LA FRAGUA (IED)",
        "NOMBRE_SED": "ALQUERIA DE LA FRAGUA",
        "ORDEN_DE_S": "A",
        "DANE12_EST": "111001016098",
        "TMATRIC_GE": 812
      }
    },
    {
      "type": "Feature",
      "geometry": {
        "type": "Point",
        "coordinates": [
          -8255254.3123,
          514571.86129999906
        ]
      },
      "properties": {
        "NOMBRE_EST": "COLEGIO LOS PERIODISTAS (IED)",
        "NOMBRE_SED": "LOS PERIODISTAS",
        "ORDEN_DE_S": "A",
        "DANE12_EST": "111001016101",
        "TMATRIC_GE": 1421
      }
    },
    {
      "type": "Feature",
      "geometry": {
        "type": "Point",
        "coordinates": [
          -8254178.633099999,
          513041.9321999997
        ]
      },
      "properties": {
        "NOMBRE_EST": "COLEGIO LA CHUCUA (IED)",
        "NOMBRE_SED": "LA CHUCUA",
        "ORDEN_DE_S": "A",
        "DANE12_EST": "111001016136",
        "TMATRIC_GE": 1590
      }
    },
    {
      "type": "Feature",
      "geometry": {
        "type": "Point",
        "coordinates": [
          -8253313.452500001,
          514882.30310000107
        ]
      },
      "properties": {
        "NOMBRE_EST": "COLEGIO KENNEDY (IED)",
        "NOMBRE_SED": "KENNEDY",
        "ORDEN_DE_S": "A",
        "DANE12_EST": "111001016292",
        "TMATRIC_GE": 1037
      }
    },
    {
      "type": "Feature",
      "geometry": {
        "type": "Point",
        "coordinates": [
          -8252715.109099999,
          514335.35060000047
        ]
      },
      "properties": {
        "NOMBRE_EST": "COLEGIO KENNEDY (IED)",
        "NOMBRE_SED": "ANTONIA SANTOS II",
        "ORDEN_DE_S": "B",
        "DANE12_EST": "111001016292",
        "TMATRIC_GE": 217
      }
    },
    {
      "type": "Feature",
      "geometry": {
        "type": "Point",
        "coordinates": [
          -8253829.8347,
          514834.6783000007
        ]
      },
      "properties": {
        "NOMBRE_EST": "COLEGIO KENNEDY (IED)",
        "NOMBRE_SED": "LOS HEROES",
        "ORDEN_DE_S": "C",
        "DANE12_EST": "111001016292",
        "TMATRIC_GE": 221
      }
    },
    {
      "type": "Feature",
      "geometry": {
        "type": "Point",
        "coordinates": [
          -8253956.285800001,
          515067.9664000012
        ]
      },
      "properties": {
        "NOMBRE_EST": "COLEGIO KENNEDY (IED)",
        "NOMBRE_SED": "ROSA MARIA GORDILLO",
        "ORDEN_DE_S": "D",
        "DANE12_EST": "111001016292",
        "TMATRIC_GE": 290
      }
    },
    {
      "type": "Feature",
      "geometry": {
        "type": "Point",
        "coordinates": [
          -8254064.500600001,
          514726.29890000075
        ]
      },
      "properties": {
        "NOMBRE_EST": "COLEGIO FERNANDO SOTO APARICIO (IED)",
        "NOMBRE_SED": "FERNANDO SOTO APARICIO",
        "ORDEN_DE_S": "A",
        "DANE12_EST": "111001024660",
        "TMATRIC_GE": 952
      }
    },
    {
      "type": "Feature",
      "geometry": {
        "type": "Point",
        "coordinates": [
          -8256857.51,
          514540.17379999906
        ]
      },
      "properties": {
        "NOMBRE_EST": "COLEGIO FERNANDO SOTO APARICIO (IED)",
        "NOMBRE_SED": "PASTRANITA",
        "ORDEN_DE_S": "B",
        "DANE12_EST": "111001024660",
        "TMATRIC_GE": 1249
      }
    },
    {
      "type": "Feature",
      "geometry": {
        "type": "Point",
        "coordinates": [
          -8255058.5425,
          515379.34530000016
        ]
      },
      "properties": {
        "NOMBRE_EST": "COLEGIO INEM FRANCISCO DE PAULA SANTANDER (IED)",
        "NOMBRE_SED": "INEM FRANCISCO DE PAULA SANTANDER",
        "ORDEN_DE_S": "A",
        "DANE12_EST": "111001024732",
        "TMATRIC_GE": 4744
      }
    },
    {
      "type": "Feature",
      "geometry": {
        "type": "Point",
        "coordinates": [
          -8254641.6877,
          515581.8161999993
        ]
      },
      "properties": {
        "NOMBRE_EST": "COLEGIO INEM FRANCISCO DE PAULA SANTANDER (IED)",
        "NOMBRE_SED": "CASABLANCA",
        "ORDEN_DE_S": "B",
        "DANE12_EST": "111001024732",
        "TMATRIC_GE": 1234
      }
    },
    {
      "type": "Feature",
      "geometry": {
        "type": "Point",
        "coordinates": [
          -8254528.219799999,
          515063.78290000185
        ]
      },
      "properties": {
        "NOMBRE_EST": "COLEGIO JOHN F. KENNEDY (IED)",
        "NOMBRE_SED": "JOHN F. KENNEDY",
        "ORDEN_DE_S": "A",
        "DANE12_EST": "111001026964",
        "TMATRIC_GE": 2263
      }
    },
    {
      "type": "Feature",
      "geometry": {
        "type": "Point",
        "coordinates": [
          -8254459.3508,
          515339.09120000154
        ]
      },
      "properties": {
        "NOMBRE_EST": "COLEGIO PROSPERO PINZON (IED)",
        "NOMBRE_SED": "PROSPERO PINZON",
        "ORDEN_DE_S": "A",
        "DANE12_EST": "111001027308",
        "TMATRIC_GE": 1240
      }
    },
    {
      "type": "Feature",
      "geometry": {
        "type": "Point",
        "coordinates": [
          -8257450.7772,
          514467.85379999876
        ]
      },
      "properties": {
        "NOMBRE_EST": "COLEGIO MANUEL CEPEDA VARGAS (IED)",
        "NOMBRE_SED": "MANUEL CEPEDA VARGAS",
        "ORDEN_DE_S": "A",
        "DANE12_EST": "111001027391",
        "TMATRIC_GE": 4322
      }
    },
    {
      "type": "Feature",
      "geometry": {
        "type": "Point",
        "coordinates": [
          -8256895.5945999995,
          515447.1143999994
        ]
      },
      "properties": {
        "NOMBRE_EST": "COLEGIO MANUEL CEPEDA VARGAS (IED)",
        "NOMBRE_SED": "GRAN BRITALIA",
        "ORDEN_DE_S": "B",
        "DANE12_EST": "111001027391",
        "TMATRIC_GE": 885
      }
    },
    {
      "type": "Feature",
      "geometry": {
        "type": "Point",
        "coordinates": [
          -8256897.568299999,
          515483.14550000057
        ]
      },
      "properties": {
        "NOMBRE_EST": "COLEGIO MANUEL CEPEDA VARGAS (IED)",
        "NOMBRE_SED": "CAMILO TORRES",
        "ORDEN_DE_S": "C",
        "DANE12_EST": "111001027391",
        "TMATRIC_GE": 399
      }
    },
    {
      "type": "Feature",
      "geometry": {
        "type": "Point",
        "coordinates": [
          -8256239.042300001,
          516718.34530000016
        ]
      },
      "properties": {
        "NOMBRE_EST": "COLEGIO JAIRO ANIBAL NIÑO (CED)",
        "NOMBRE_SED": "JAIRO ANIBAL NIÑO",
        "ORDEN_DE_S": "A",
        "DANE12_EST": "111001027405",
        "TMATRIC_GE": 1460
      }
    },
    {
      "type": "Feature",
      "geometry": {
        "type": "Point",
        "coordinates": [
          -8255769.895199999,
          513622.9871999994
        ]
      },
      "properties": {
        "NOMBRE_EST": "COLEGIO JACKELINE (IED)",
        "NOMBRE_SED": "JACKELINE",
        "ORDEN_DE_S": "A",
        "DANE12_EST": "111001029114",
        "TMATRIC_GE": 936
      }
    },
    {
      "type": "Feature",
      "geometry": {
        "type": "Point",
        "coordinates": [
          -8255945.281199999,
          513549.0733000003
        ]
      },
      "properties": {
        "NOMBRE_EST": "COLEGIO JACKELINE (IED)",
        "NOMBRE_SED": "SEDE B",
        "ORDEN_DE_S": "B",
        "DANE12_EST": "111001029114",
        "TMATRIC_GE": 576
      }
    },
    {
      "type": "Feature",
      "geometry": {
        "type": "Point",
        "coordinates": [
          -8255487.7247,
          517147.4620999992
        ]
      },
      "properties": {
        "NOMBRE_EST": "COLEGIO MANUEL ZAPATA OLIVELLA (IED)",
        "NOMBRE_SED": "MANUEL ZAPATA OLIVELLA",
        "ORDEN_DE_S": "A",
        "DANE12_EST": "111001033898",
        "TMATRIC_GE": 2005
      }
    },
    {
      "type": "Feature",
      "geometry": {
        "type": "Point",
        "coordinates": [
          -8251813.7574000005,
          514932.39070000127
        ]
      },
      "properties": {
        "NOMBRE_EST": "COLEGIO LA FLORESTA SUR (IED)",
        "NOMBRE_SED": "LA FLORESTA SUR",
        "ORDEN_DE_S": "A",
        "DANE12_EST": "111001034045",
        "TMATRIC_GE": 641
      }
    },
    {
      "type": "Feature",
      "geometry": {
        "type": "Point",
        "coordinates": [
          -8251857.8344,
          514903.9138999991
        ]
      },
      "properties": {
        "NOMBRE_EST": "COLEGIO LA FLORESTA SUR (IED)",
        "NOMBRE_SED": "JUAN PABLO II",
        "ORDEN_DE_S": "B",
        "DANE12_EST": "111001034045",
        "TMATRIC_GE": 614
      }
    },
    {
      "type": "Feature",
      "geometry": {
        "type": "Point",
        "coordinates": [
          -8253676.8038,
          516857.66380000114
        ]
      },
      "properties": {
        "NOMBRE_EST": "COLEGIO SAN JOSE DE CASTILLA (IED)",
        "NOMBRE_SED": "CASTILLA",
        "ORDEN_DE_S": "A",
        "DANE12_EST": "111001041475",
        "TMATRIC_GE": 1323
      }
    },
    {
      "type": "Feature",
      "geometry": {
        "type": "Point",
        "coordinates": [
          -8252704.224300001,
          518283.6699000001
        ]
      },
      "properties": {
        "NOMBRE_EST": "COLEGIO SAN JOSE DE CASTILLA (IED)",
        "NOMBRE_SED": "VISION DE COLOMBIA",
        "ORDEN_DE_S": "C",
        "DANE12_EST": "111001041475",
        "TMATRIC_GE": 1110
      }
    },
    {
      "type": "Feature",
      "geometry": {
        "type": "Point",
        "coordinates": [
          -8253437.357799999,
          517138.2346000001
        ]
      },
      "properties": {
        "NOMBRE_EST": "COLEGIO CASTILLA (IED)",
        "NOMBRE_SED": "NUEVA CASTILLA",
        "ORDEN_DE_S": "A",
        "DANE12_EST": "111001076767",
        "TMATRIC_GE": 3198
      }
    },
    {
      "type": "Feature",
      "geometry": {
        "type": "Point",
        "coordinates": [
          -8256245.7436999995,
          513267.7283000015
        ]
      },
      "properties": {
        "NOMBRE_EST": "COLEGIO VILLA RICA (IED)",
        "NOMBRE_SED": "VILLA RICA",
        "ORDEN_DE_S": "A",
        "DANE12_EST": "111001079154",
        "TMATRIC_GE": 927
      }
    },
    {
      "type": "Feature",
      "geometry": {
        "type": "Point",
        "coordinates": [
          -8256144.1324000005,
          513862.14180000126
        ]
      },
      "properties": {
        "NOMBRE_EST": "COLEGIO VILLA RICA (IED)",
        "NOMBRE_SED": "PERPETUO SOCORRO",
        "ORDEN_DE_S": "B",
        "DANE12_EST": "111001079154",
        "TMATRIC_GE": 971
      }
    },
    {
      "type": "Feature",
      "geometry": {
        "type": "Point",
        "coordinates": [
          -8253632.636600001,
          513487.4952000007
        ]
      },
      "properties": {
        "NOMBRE_EST": "COLEGIO ALFONSO LOPEZ PUMAREJO (IED)",
        "NOMBRE_SED": "ALFONSO LOPEZ PUMAREJO",
        "ORDEN_DE_S": "A",
        "DANE12_EST": "111001086649",
        "TMATRIC_GE": 1402
      }
    },
    {
      "type": "Feature",
      "geometry": {
        "type": "Point",
        "coordinates": [
          -8253335.501499999,
          513014.51850000024
        ]
      },
      "properties": {
        "NOMBRE_EST": "COLEGIO ALFONSO LOPEZ PUMAREJO (IED)",
        "NOMBRE_SED": "AGOBERTO MEJIA CIFUENTES",
        "ORDEN_DE_S": "B",
        "DANE12_EST": "111001086649",
        "TMATRIC_GE": 446
      }
    },
    {
      "type": "Feature",
      "geometry": {
        "type": "Point",
        "coordinates": [
          -8256285.217599999,
          517119.0443000011
        ]
      },
      "properties": {
        "NOMBRE_EST": "COLEGIO INSTITUTO TECNICO RODRIGO DE TRIANA (IED)",
        "NOMBRE_SED": "RODRIGO DE TRIANA",
        "ORDEN_DE_S": "A",
        "DANE12_EST": "111001086771",
        "TMATRIC_GE": 1509
      }
    },
    {
      "type": "Feature",
      "geometry": {
        "type": "Point",
        "coordinates": [
          -8256519.9781,
          517168.85720000044
        ]
      },
      "properties": {
        "NOMBRE_EST": "COLEGIO INSTITUTO TECNICO RODRIGO DE TRIANA (IED)",
        "NOMBRE_SED": "LAS PALMERAS",
        "ORDEN_DE_S": "B",
        "DANE12_EST": "111001086771",
        "TMATRIC_GE": 905
      }
    },
    {
      "type": "Feature",
      "geometry": {
        "type": "Point",
        "coordinates": [
          -8256050.938999999,
          517084.43360000104
        ]
      },
      "properties": {
        "NOMBRE_EST": "COLEGIO INSTITUTO TECNICO RODRIGO DE TRIANA (IED)",
        "NOMBRE_SED": "CAMPO HERMOSO",
        "ORDEN_DE_S": "C",
        "DANE12_EST": "111001086771",
        "TMATRIC_GE": 467
      }
    },
    {
      "type": "Feature",
      "geometry": {
        "type": "Point",
        "coordinates": [
          -8256922.639699999,
          517686.1928000003
        ]
      },
      "properties": {
        "NOMBRE_EST": "COLEGIO BELLAVISTA (IED)",
        "NOMBRE_SED": "COLEGIO BELLAVISTA (IED) - SEDE PRINCIPAL",
        "ORDEN_DE_S": "A",
        "DANE12_EST": "111001098892",
        "TMATRIC_GE": 1210
      }
    },
    {
      "type": "Feature",
      "geometry": {
        "type": "Point",
        "coordinates": [
          -8257108.166999999,
          517272.94640000165
        ]
      },
      "properties": {
        "NOMBRE_EST": "COLEGIO EDUARDO UMAÑA LUNA (IED)",
        "NOMBRE_SED": "EDUARDO UMAÑA LUNA",
        "ORDEN_DE_S": "A",
        "DANE12_EST": "111001098906",
        "TMATRIC_GE": 1737
      }
    },
    {
      "type": "Feature",
      "geometry": {
        "type": "Point",
        "coordinates": [
          -8256820.206800001,
          516512.5731999986
        ]
      },
      "properties": {
        "NOMBRE_EST": "COLEGIO HERNANDO DURAN DUSSAN (IED)",
        "NOMBRE_SED": "HERNANDO DURAN DUSSAN",
        "ORDEN_DE_S": "A",
        "DANE12_EST": "111001100048",
        "TMATRIC_GE": 2343
      }
    },
    {
      "type": "Feature",
      "geometry": {
        "type": "Point",
        "coordinates": [
          -8257939.911699999,
          516867.8984000012
        ]
      },
      "properties": {
        "NOMBRE_EST": "COLEGIO JAIME HERNANDO GARZON FORERO (IED)",
        "NOMBRE_SED": "COLEGIO JAIME HERNANDO GARZON FORERO (IED) - SEDE PRINCIPAL",
        "ORDEN_DE_S": "A",
        "DANE12_EST": "111001100056",
        "TMATRIC_GE": 1355
      }
    },
    {
      "type": "Feature",
      "geometry": {
        "type": "Point",
        "coordinates": [
          -8254983.7959,
          517630.1259999983
        ]
      },
      "properties": {
        "NOMBRE_EST": "COLEGIO GABRIEL BETANCOURT MEJIA (IED)",
        "NOMBRE_SED": "GABRIEL BETANCOURT MEJIA",
        "ORDEN_DE_S": "A",
        "DANE12_EST": "111001104281",
        "TMATRIC_GE": 2614
      }
    },
    {
      "type": "Feature",
      "geometry": {
        "type": "Point",
        "coordinates": [
          -8256090.0756,
          518002.6821000017
        ]
      },
      "properties": {
        "NOMBRE_EST": "COLEGIO CODEMA (IED)",
        "NOMBRE_SED": "CODEMA",
        "ORDEN_DE_S": "A",
        "DANE12_EST": "111001104558",
        "TMATRIC_GE": 2637
      }
    },
    {
      "type": "Feature",
      "geometry": {
        "type": "Point",
        "coordinates": [
          -8253189.363500001,
          518048.23479999974
        ]
      },
      "properties": {
        "NOMBRE_EST": "COLEGIO GENERAL GUSTAVO ROJAS PINILLA (IED)",
        "NOMBRE_SED": "GENERAL GUSTAVO ROJAS PINILLA",
        "ORDEN_DE_S": "A",
        "DANE12_EST": "111001106984",
        "TMATRIC_GE": 2990
      }
    },
    {
      "type": "Feature",
      "geometry": {
        "type": "Point",
        "coordinates": [
          -8253169.5286,
          518494.9054999985
        ]
      },
      "properties": {
        "NOMBRE_EST": "COLEGIO GENERAL GUSTAVO ROJAS PINILLA (IED)",
        "NOMBRE_SED": "EL TINTAL",
        "ORDEN_DE_S": "B",
        "DANE12_EST": "111001106984",
        "TMATRIC_GE": 377
      }
    },
    {
      "type": "Feature",
      "geometry": {
        "type": "Point",
        "coordinates": [
          -8255872.358100001,
          517347.9182000011
        ]
      },
      "properties": {
        "NOMBRE_EST": "COLEGIO SALUDCOOP SUR (IED)",
        "NOMBRE_SED": "SALUDCOOP SUR",
        "ORDEN_DE_S": "A",
        "DANE12_EST": "111001107778",
        "TMATRIC_GE": 2538
      }
    },
    {
      "type": "Feature",
      "geometry": {
        "type": "Point",
        "coordinates": [
          -8257448.4684,
          516652.069600001
        ]
      },
      "properties": {
        "NOMBRE_EST": "COLEGIO NELSON MANDELA (IED)",
        "NOMBRE_SED": "NELSON MANDELA",
        "ORDEN_DE_S": "A",
        "DANE12_EST": "111001110477",
        "TMATRIC_GE": 1825
      }
    },
    {
      "type": "Feature",
      "geometry": {
        "type": "Point",
        "coordinates": [
          -8257075.488,
          516381.42920000106
        ]
      },
      "properties": {
        "NOMBRE_EST": "COLEGIO LAS MARGARITAS (IED)",
        "NOMBRE_SED": "COLEGIO LAS MARGARITAS (IED) - SEDE PRINCIPAL",
        "ORDEN_DE_S": "A",
        "DANE12_EST": "111001800431",
        "TMATRIC_GE": 521
      }
    },
    {
      "type": "Feature",
      "geometry": {
        "type": "Point",
        "coordinates": [
          -8253840.2475000005,
          516451.65359999985
        ]
      },
      "properties": {
        "NOMBRE_EST": "COLEGIO EMMA REYES (IED)",
        "NOMBRE_SED": "COLEGIO EMMA REYES (IED) - SEDE PRINCIPAL",
        "ORDEN_DE_S": "A",
        "DANE12_EST": "111001800554",
        "TMATRIC_GE": 493
      }
    },
    {
      "type": "Feature",
      "geometry": {
        "type": "Point",
        "coordinates": [
          -8253726.978800001,
          520470.25869999826
        ]
      },
      "properties": {
        "NOMBRE_EST": "COLEGIO RODRIGO ARENAS BETANCOURT (IED)",
        "NOMBRE_SED": "RODRIGO ARENAS BETANCOURT",
        "ORDEN_DE_S": "A",
        "DANE12_EST": "111001014346",
        "TMATRIC_GE": 1997
      }
    },
    {
      "type": "Feature",
      "geometry": {
        "type": "Point",
        "coordinates": [
          -8254270.429400001,
          520678.5155999996
        ]
      },
      "properties": {
        "NOMBRE_EST": "COLEGIO PABLO NERUDA (IED)",
        "NOMBRE_SED": "PABLO NERUDA",
        "ORDEN_DE_S": "A",
        "DANE12_EST": "111001102199",
        "TMATRIC_GE": 1319
      }
    },
    {
      "type": "Feature",
      "geometry": {
        "type": "Point",
        "coordinates": [
          -8253942.386499999,
          520712.04839999974
        ]
      },
      "properties": {
        "NOMBRE_EST": "COLEGIO PABLO NERUDA (IED)",
        "NOMBRE_SED": "ANTONIO NARIÑO",
        "ORDEN_DE_S": "B",
        "DANE12_EST": "111001102199",
        "TMATRIC_GE": 495
      }
    },
    {
      "type": "Feature",
      "geometry": {
        "type": "Point",
        "coordinates": [
          -8255422.9067,
          520632.2093999982
        ]
      },
      "properties": {
        "NOMBRE_EST": "COLEGIO CARLO FEDERICI (IED)",
        "NOMBRE_SED": "CARLO FEDERICI",
        "ORDEN_DE_S": "A",
        "DANE12_EST": "111001104272",
        "TMATRIC_GE": 2139
      }
    },
    {
      "type": "Feature",
      "geometry": {
        "type": "Point",
        "coordinates": [
          -8252167.127800001,
          518927.83509999886
        ]
      },
      "properties": {
        "NOMBRE_EST": "COLEGIO LA FELICIDAD (IED)",
        "NOMBRE_SED": "LA FELICIDAD",
        "ORDEN_DE_S": "A",
        "DANE12_EST": "111001800091",
        "TMATRIC_GE": 1000
      }
    },
    {
      "type": "Feature",
      "geometry": {
        "type": "Point",
        "coordinates": [
          -8255302.951099999,
          522553.5903000012
        ]
      },
      "properties": {
        "NOMBRE_EST": "COLEGIO ANTONIO VAN UDEN (IED)",
        "NOMBRE_SED": "ANTONIO VAN UDEN",
        "ORDEN_DE_S": "A",
        "DANE12_EST": "111279000061",
        "TMATRIC_GE": 1288
      }
    },
    {
      "type": "Feature",
      "geometry": {
        "type": "Point",
        "coordinates": [
          -8255613.085000001,
          522950.22839999944
        ]
      },
      "properties": {
        "NOMBRE_EST": "COLEGIO ANTONIO VAN UDEN (IED)",
        "NOMBRE_SED": "LA ESTACION",
        "ORDEN_DE_S": "B",
        "DANE12_EST": "111279000061",
        "TMATRIC_GE": 512
      }
    },
    {
      "type": "Feature",
      "geometry": {
        "type": "Point",
        "coordinates": [
          -8255542.5952,
          522476.27639999986
        ]
      },
      "properties": {
        "NOMBRE_EST": "COLEGIO ANTONIO VAN UDEN (IED)",
        "NOMBRE_SED": "SAN VICENTE",
        "ORDEN_DE_S": "C",
        "DANE12_EST": "111279000061",
        "TMATRIC_GE": 474
      }
    },
    {
      "type": "Feature",
      "geometry": {
        "type": "Point",
        "coordinates": [
          -8253138.6197,
          520756.242899999
        ]
      },
      "properties": {
        "NOMBRE_EST": "COLEGIO VILLEMAR EL CARMEN (IED)",
        "NOMBRE_SED": "VILLEMAR EL CARMEN",
        "ORDEN_DE_S": "A",
        "DANE12_EST": "111279000125",
        "TMATRIC_GE": 1592
      }
    },
    {
      "type": "Feature",
      "geometry": {
        "type": "Point",
        "coordinates": [
          -8251083.744200001,
          520660.05310000107
        ]
      },
      "properties": {
        "NOMBRE_EST": "COLEGIO VILLEMAR EL CARMEN (IED)",
        "NOMBRE_SED": "SANTA CECILIA",
        "ORDEN_DE_S": "B",
        "DANE12_EST": "111279000125",
        "TMATRIC_GE": 530
      }
    },
    {
      "type": "Feature",
      "geometry": {
        "type": "Point",
        "coordinates": [
          -8253039.481899999,
          521104.6261
        ]
      },
      "properties": {
        "NOMBRE_EST": "COLEGIO VILLEMAR EL CARMEN (IED)",
        "NOMBRE_SED": "GIMNASIO ACADEMICO",
        "ORDEN_DE_S": "C",
        "DANE12_EST": "111279000125",
        "TMATRIC_GE": 947
      }
    },
    {
      "type": "Feature",
      "geometry": {
        "type": "Point",
        "coordinates": [
          -8253808.1173,
          522307.8286000006
        ]
      },
      "properties": {
        "NOMBRE_EST": "COLEGIO INSTITUTO TECNICO INTERNACIONAL (IED)",
        "NOMBRE_SED": "INTERNACIONAL",
        "ORDEN_DE_S": "A",
        "DANE12_EST": "111279000168",
        "TMATRIC_GE": 3082
      }
    },
    {
      "type": "Feature",
      "geometry": {
        "type": "Point",
        "coordinates": [
          -8253008.877900001,
          521793.1444000006
        ]
      },
      "properties": {
        "NOMBRE_EST": "COLEGIO LUIS ANGEL ARANGO (IED)",
        "NOMBRE_SED": "LUIS ANGEL ARANGO",
        "ORDEN_DE_S": "A",
        "DANE12_EST": "111279000184",
        "TMATRIC_GE": 766
      }
    },
    {
      "type": "Feature",
      "geometry": {
        "type": "Point",
        "coordinates": [
          -8253127.830600001,
          521982.1722000018
        ]
      },
      "properties": {
        "NOMBRE_EST": "COLEGIO LUIS ANGEL ARANGO (IED)",
        "NOMBRE_SED": "LA CABAÑA",
        "ORDEN_DE_S": "B",
        "DANE12_EST": "111279000184",
        "TMATRIC_GE": 290
      }
    },
    {
      "type": "Feature",
      "geometry": {
        "type": "Point",
        "coordinates": [
          -8253003.905300001,
          521483.94839999825
        ]
      },
      "properties": {
        "NOMBRE_EST": "COLEGIO COSTA RICA (IED)",
        "NOMBRE_SED": "REPUBLICA DE COSTA RICA",
        "ORDEN_DE_S": "A",
        "DANE12_EST": "111279000362",
        "TMATRIC_GE": 2027
      }
    },
    {
      "type": "Feature",
      "geometry": {
        "type": "Point",
        "coordinates": [
          -8251726.3215,
          521968.59899999946
        ]
      },
      "properties": {
        "NOMBRE_EST": "COLEGIO COSTA RICA (IED)",
        "NOMBRE_SED": "PUERTA DE TEJA",
        "ORDEN_DE_S": "B",
        "DANE12_EST": "111279000362",
        "TMATRIC_GE": 113
      }
    },
    {
      "type": "Feature",
      "geometry": {
        "type": "Point",
        "coordinates": [
          -8254053.4199,
          521359.49489999935
        ]
      },
      "properties": {
        "NOMBRE_EST": "COLEGIO INTEGRADO DE FONTIBON IBEP (IED)",
        "NOMBRE_SED": "INTEGRADO DE FONTIBON",
        "ORDEN_DE_S": "A",
        "DANE12_EST": "111279000966",
        "TMATRIC_GE": 2163
      }
    },
    {
      "type": "Feature",
      "geometry": {
        "type": "Point",
        "coordinates": [
          -8253912.942500001,
          521912.695700001
        ]
      },
      "properties": {
        "NOMBRE_EST": "COLEGIO INTEGRADO DE FONTIBON IBEP (IED)",
        "NOMBRE_SED": "EMMA VILLEGAS DE GAITAN",
        "ORDEN_DE_S": "B",
        "DANE12_EST": "111279000966",
        "TMATRIC_GE": 1151
      }
    },
    {
      "type": "Feature",
      "geometry": {
        "type": "Point",
        "coordinates": [
          -8254345.1559999995,
          521986.2718000002
        ]
      },
      "properties": {
        "NOMBRE_EST": "COLEGIO INTEGRADO DE FONTIBON IBEP (IED)",
        "NOMBRE_SED": "PALESTINA",
        "ORDEN_DE_S": "D",
        "DANE12_EST": "111279000966",
        "TMATRIC_GE": 198
      }
    },
    {
      "type": "Feature",
      "geometry": {
        "type": "Point",
        "coordinates": [
          -8254160.8398,
          522479.2714000009
        ]
      },
      "properties": {
        "NOMBRE_EST": "COLEGIO ATAHUALPA (IED)",
        "NOMBRE_SED": "ATAHUALPA",
        "ORDEN_DE_S": "A",
        "DANE12_EST": "111279001296",
        "TMATRIC_GE": 1208
      }
    },
    {
      "type": "Feature",
      "geometry": {
        "type": "Point",
        "coordinates": [
          -8248930.171800001,
          525800.2470000014
        ]
      },
      "properties": {
        "NOMBRE_EST": "COLEGIO INSTITUTO TECNICO LAUREANO GOMEZ (IED)",
        "NOMBRE_SED": "LAUREANO GOMEZ",
        "ORDEN_DE_S": "A",
        "DANE12_EST": "111001000272",
        "TMATRIC_GE": 1449
      }
    },
    {
      "type": "Feature",
      "geometry": {
        "type": "Point",
        "coordinates": [
          -8248993.8477,
          525866.5854999982
        ]
      },
      "properties": {
        "NOMBRE_EST": "COLEGIO INSTITUTO TECNICO LAUREANO GOMEZ (IED)",
        "NOMBRE_SED": "BACHUE",
        "ORDEN_DE_S": "B",
        "DANE12_EST": "111001000272",
        "TMATRIC_GE": 1297
      }
    },
    {
      "type": "Feature",
      "geometry": {
        "type": "Point",
        "coordinates": [
          -8249025.873199999,
          520916.7960000001
        ]
      },
      "properties": {
        "NOMBRE_EST": "COLEGIO MARCO TULIO FERNANDEZ (IED)",
        "NOMBRE_SED": "MARIANO OSPINA PEREZ",
        "ORDEN_DE_S": "A",
        "DANE12_EST": "111001001121",
        "TMATRIC_GE": 345
      }
    },
    {
      "type": "Feature",
      "geometry": {
        "type": "Point",
        "coordinates": [
          -8248956.537900001,
          520851.99749999866
        ]
      },
      "properties": {
        "NOMBRE_EST": "COLEGIO MARCO TULIO FERNANDEZ (IED)",
        "NOMBRE_SED": "MERCEDES DE FERNANDEZ",
        "ORDEN_DE_S": "B",
        "DANE12_EST": "111001001121",
        "TMATRIC_GE": 247
      }
    },
    {
      "type": "Feature",
      "geometry": {
        "type": "Point",
        "coordinates": [
          -8248774.1175,
          521088.92269999906
        ]
      },
      "properties": {
        "NOMBRE_EST": "COLEGIO MARCO TULIO FERNANDEZ (IED)",
        "NOMBRE_SED": "SAN JOAQUIN",
        "ORDEN_DE_S": "C",
        "DANE12_EST": "111001001121",
        "TMATRIC_GE": 143
      }
    },
    {
      "type": "Feature",
      "geometry": {
        "type": "Point",
        "coordinates": [
          -8250079.555600001,
          520895.78290000185
        ]
      },
      "properties": {
        "NOMBRE_EST": "COLEGIO MARCO TULIO FERNANDEZ (IED)",
        "NOMBRE_SED": "SAN IGNACIO",
        "ORDEN_DE_S": "D",
        "DANE12_EST": "111001001121",
        "TMATRIC_GE": 154
      }
    },
    {
      "type": "Feature",
      "geometry": {
        "type": "Point",
        "coordinates": [
          -8251204.818700001,
          525005.6726999991
        ]
      },
      "properties": {
        "NOMBRE_EST": "COLEGIO NUEVA CONSTITUCION (IED)",
        "NOMBRE_SED": "NUEVA CONSTITUCION",
        "ORDEN_DE_S": "A",
        "DANE12_EST": "111001001538",
        "TMATRIC_GE": 2119
      }
    },
    {
      "type": "Feature",
      "geometry": {
        "type": "Point",
        "coordinates": [
          -8249221.2601,
          522199.7949000001
        ]
      },
      "properties": {
        "NOMBRE_EST": "COLEGIO ANTONIO NARIÑO (IED)",
        "NOMBRE_SED": "ANTONIO NARIÑO",
        "ORDEN_DE_S": "A",
        "DANE12_EST": "111001006483",
        "TMATRIC_GE": 2220
      }
    },
    {
      "type": "Feature",
      "geometry": {
        "type": "Point",
        "coordinates": [
          -8248852.148,
          521890.88589999825
        ]
      },
      "properties": {
        "NOMBRE_EST": "COLEGIO ANTONIO NARIÑO (IED)",
        "NOMBRE_SED": "LA CONSOLACION",
        "ORDEN_DE_S": "B",
        "DANE12_EST": "111001006483",
        "TMATRIC_GE": 58
      }
    },
    {
      "type": "Feature",
      "geometry": {
        "type": "Point",
        "coordinates": [
          -8248920.3846,
          521444.48690000176
        ]
      },
      "properties": {
        "NOMBRE_EST": "COLEGIO ROBERT F. KENNEDY (IED)",
        "NOMBRE_SED": "ROBERT F. KENNEDY",
        "ORDEN_DE_S": "A",
        "DANE12_EST": "111001009521",
        "TMATRIC_GE": 1227
      }
    },
    {
      "type": "Feature",
      "geometry": {
        "type": "Point",
        "coordinates": [
          -8249252.2136,
          521902.4847000018
        ]
      },
      "properties": {
        "NOMBRE_EST": "COLEGIO ROBERT F. KENNEDY (IED)",
        "NOMBRE_SED": "EL REAL",
        "ORDEN_DE_S": "B",
        "DANE12_EST": "111001009521",
        "TMATRIC_GE": 322
      }
    },
    {
      "type": "Feature",
      "geometry": {
        "type": "Point",
        "coordinates": [
          -8246826.8747000005,
          522363.4976999983
        ]
      },
      "properties": {
        "NOMBRE_EST": "COLEGIO INSTITUTO TECNICO JUAN DEL CORRAL (IED)",
        "NOMBRE_SED": "JUAN DEL CORRAL",
        "ORDEN_DE_S": "A",
        "DANE12_EST": "111001009580",
        "TMATRIC_GE": 740
      }
    },
    {
      "type": "Feature",
      "geometry": {
        "type": "Point",
        "coordinates": [
          -8246778.3104,
          522044.33630000055
        ]
      },
      "properties": {
        "NOMBRE_EST": "COLEGIO INSTITUTO TECNICO JUAN DEL CORRAL (IED)",
        "NOMBRE_SED": "SANTA FE DE BOGOTA",
        "ORDEN_DE_S": "B",
        "DANE12_EST": "111001009580",
        "TMATRIC_GE": 540
      }
    },
    {
      "type": "Feature",
      "geometry": {
        "type": "Point",
        "coordinates": [
          -8247837.858200001,
          521262.2564999983
        ]
      },
      "properties": {
        "NOMBRE_EST": "COLEGIO REPUBLICA DE COLOMBIA (IED)",
        "NOMBRE_SED": "REPUBLICA DE COLOMBIA",
        "ORDEN_DE_S": "A",
        "DANE12_EST": "111001009971",
        "TMATRIC_GE": 1267
      }
    },
    {
      "type": "Feature",
      "geometry": {
        "type": "Point",
        "coordinates": [
          -8247825.9493,
          521432.06120000035
        ]
      },
      "properties": {
        "NOMBRE_EST": "COLEGIO REPUBLICA DE COLOMBIA (IED)",
        "NOMBRE_SED": "REPUBLICA DE CHILE",
        "ORDEN_DE_S": "B",
        "DANE12_EST": "111001009971",
        "TMATRIC_GE": 315
      }
    },
    {
      "type": "Feature",
      "geometry": {
        "type": "Point",
        "coordinates": [
          -8247556.369100001,
          521604.6726000011
        ]
      },
      "properties": {
        "NOMBRE_EST": "COLEGIO REPUBLICA DE COLOMBIA (IED)",
        "NOMBRE_SED": "NUEVA ESTRADA",
        "ORDEN_DE_S": "C",
        "DANE12_EST": "111001009971",
        "TMATRIC_GE": 392
      }
    },
    {
      "type": "Feature",
      "geometry": {
        "type": "Point",
        "coordinates": [
          -8248262.335000001,
          520315.39730000123
        ]
      },
      "properties": {
        "NOMBRE_EST": "COLEGIO INSTITUTO TECNICO INDUSTRIAL FRANCISCO JOSE DE CALDAS (IED)",
        "NOMBRE_SED": "FRANCISCO JOSE DE CALDAS",
        "ORDEN_DE_S": "A",
        "DANE12_EST": "111001010740",
        "TMATRIC_GE": 2218
      }
    },
    {
      "type": "Feature",
      "geometry": {
        "type": "Point",
        "coordinates": [
          -8248061.9945,
          520765.57919999957
        ]
      },
      "properties": {
        "NOMBRE_EST": "COLEGIO INSTITUTO TECNICO INDUSTRIAL FRANCISCO JOSE DE CALDAS (IED)",
        "NOMBRE_SED": "CIUDAD DE HONDA",
        "ORDEN_DE_S": "B",
        "DANE12_EST": "111001010740",
        "TMATRIC_GE": 806
      }
    },
    {
      "type": "Feature",
      "geometry": {
        "type": "Point",
        "coordinates": [
          -8247655.216399999,
          521178.8524999991
        ]
      },
      "properties": {
        "NOMBRE_EST": "COLEGIO INSTITUTO TECNICO INDUSTRIAL FRANCISCO JOSE DE CALDAS (IED)",
        "NOMBRE_SED": "CLEMENCIA DE CAYCEDO",
        "ORDEN_DE_S": "C",
        "DANE12_EST": "111001010740",
        "TMATRIC_GE": 483
      }
    },
    {
      "type": "Feature",
      "geometry": {
        "type": "Point",
        "coordinates": [
          -8247655.216399999,
          521178.8524999991
        ]
      },
      "properties": {
        "NOMBRE_EST": "COLEGIO INSTITUTO TECNICO INDUSTRIAL FRANCISCO JOSE DE CALDAS (IED)",
        "NOMBRE_SED": "DAMASO ZAPATA",
        "ORDEN_DE_S": "D",
        "DANE12_EST": "111001010740",
        "TMATRIC_GE": 375
      }
    },
    {
      "type": "Feature",
      "geometry": {
        "type": "Point",
        "coordinates": [
          -8249322.851299999,
          524716.2952000014
        ]
      },
      "properties": {
        "NOMBRE_EST": "COLEGIO MIGUEL ANTONIO CARO (IED)",
        "NOMBRE_SED": "MIGUEL ANTONIO CARO",
        "ORDEN_DE_S": "A",
        "DANE12_EST": "111001011070",
        "TMATRIC_GE": 1241
      }
    },
    {
      "type": "Feature",
      "geometry": {
        "type": "Point",
        "coordinates": [
          -8248612.5896000005,
          525211.9693999998
        ]
      },
      "properties": {
        "NOMBRE_EST": "COLEGIO JOSE ASUNCION SILVA (IED)",
        "NOMBRE_SED": "JOSE ASUNCION SILVA",
        "ORDEN_DE_S": "A",
        "DANE12_EST": "111001011771",
        "TMATRIC_GE": 549
      }
    },
    {
      "type": "Feature",
      "geometry": {
        "type": "Point",
        "coordinates": [
          -8248324.160800001,
          525288.1578000002
        ]
      },
      "properties": {
        "NOMBRE_EST": "COLEGIO JOSE ASUNCION SILVA (IED)",
        "NOMBRE_SED": "SIDAUTO",
        "ORDEN_DE_S": "B",
        "DANE12_EST": "111001011771",
        "TMATRIC_GE": 211
      }
    },
    {
      "type": "Feature",
      "geometry": {
        "type": "Point",
        "coordinates": [
          -8247720.6611,
          524420.1691000015
        ]
      },
      "properties": {
        "NOMBRE_EST": "COLEGIO MORISCO (IED)",
        "NOMBRE_SED": "MORISCO",
        "ORDEN_DE_S": "A",
        "DANE12_EST": "111001012441",
        "TMATRIC_GE": 1005
      }
    },
    {
      "type": "Feature",
      "geometry": {
        "type": "Point",
        "coordinates": [
          -8248996.509400001,
          523709.195700001
        ]
      },
      "properties": {
        "NOMBRE_EST": "COLEGIO SAN JOSE NORTE (IED)",
        "NOMBRE_SED": "SAN JOSE NORTE",
        "ORDEN_DE_S": "A",
        "DANE12_EST": "111001012459",
        "TMATRIC_GE": 669
      }
    },
    {
      "type": "Feature",
      "geometry": {
        "type": "Point",
        "coordinates": [
          -8249083.102600001,
          523336.06859999895
        ]
      },
      "properties": {
        "NOMBRE_EST": "COLEGIO SAN JOSE NORTE (IED)",
        "NOMBRE_SED": "AGUAS CLARAS",
        "ORDEN_DE_S": "B",
        "DANE12_EST": "111001012459",
        "TMATRIC_GE": 444
      }
    },
    {
      "type": "Feature",
      "geometry": {
        "type": "Point",
        "coordinates": [
          -8248550.0648,
          523124.6651000008
        ]
      },
      "properties": {
        "NOMBRE_EST": "COLEGIO TABORA (IED)",
        "NOMBRE_SED": "TABORA",
        "ORDEN_DE_S": "A",
        "DANE12_EST": "111001012483",
        "TMATRIC_GE": 1176
      }
    },
    {
      "type": "Feature",
      "geometry": {
        "type": "Point",
        "coordinates": [
          -8248191.5626,
          522859.1561000012
        ]
      },
      "properties": {
        "NOMBRE_EST": "COLEGIO TABORA (IED)",
        "NOMBRE_SED": "SANTA MARIA DEL LAGO",
        "ORDEN_DE_S": "B",
        "DANE12_EST": "111001012483",
        "TMATRIC_GE": 407
      }
    },
    {
      "type": "Feature",
      "geometry": {
        "type": "Point",
        "coordinates": [
          -8247343.0053,
          521642.43939999864
        ]
      },
      "properties": {
        "NOMBRE_EST": "COLEGIO NACIONES UNIDAS (IED)",
        "NOMBRE_SED": "NACIONES UNIDAS",
        "ORDEN_DE_S": "A",
        "DANE12_EST": "111001013293",
        "TMATRIC_GE": 451
      }
    },
    {
      "type": "Feature",
      "geometry": {
        "type": "Point",
        "coordinates": [
          -8247503.2206999995,
          522043.1741999984
        ]
      },
      "properties": {
        "NOMBRE_EST": "COLEGIO NACIONES UNIDAS (IED)",
        "NOMBRE_SED": "JAIRO ANIBAL NIÑO",
        "ORDEN_DE_S": "B",
        "DANE12_EST": "111001013293",
        "TMATRIC_GE": 549
      }
    },
    {
      "type": "Feature",
      "geometry": {
        "type": "Point",
        "coordinates": [
          -8250361.163899999,
          523567.23039999977
        ]
      },
      "properties": {
        "NOMBRE_EST": "COLEGIO FLORIDABLANCA (IED)",
        "NOMBRE_SED": "FLORIDABLANCA",
        "ORDEN_DE_S": "A",
        "DANE12_EST": "111001015458",
        "TMATRIC_GE": 941
      }
    },
    {
      "type": "Feature",
      "geometry": {
        "type": "Point",
        "coordinates": [
          -8250057.045700001,
          522837.38430000097
        ]
      },
      "properties": {
        "NOMBRE_EST": "COLEGIO FLORIDABLANCA (IED)",
        "NOMBRE_SED": "RAFAEL POMBO",
        "ORDEN_DE_S": "B",
        "DANE12_EST": "111001015458",
        "TMATRIC_GE": 545
      }
    },
    {
      "type": "Feature",
      "geometry": {
        "type": "Point",
        "coordinates": [
          -8249927.5188,
          523435.47569999844
        ]
      },
      "properties": {
        "NOMBRE_EST": "COLEGIO FLORIDABLANCA (IED)",
        "NOMBRE_SED": "FLORIDABLANCA II",
        "ORDEN_DE_S": "C",
        "DANE12_EST": "111001015458",
        "TMATRIC_GE": 343
      }
    },
    {
      "type": "Feature",
      "geometry": {
        "type": "Point",
        "coordinates": [
          -8248676.0929000005,
          524777.2725999989
        ]
      },
      "properties": {
        "NOMBRE_EST": "COLEGIO JORGE GAITAN CORTES (IED)",
        "NOMBRE_SED": "JORGE GAITAN CORTES",
        "ORDEN_DE_S": "A",
        "DANE12_EST": "111001015806",
        "TMATRIC_GE": 398
      }
    },
    {
      "type": "Feature",
      "geometry": {
        "type": "Point",
        "coordinates": [
          -8248536.7443,
          524326.3508000001
        ]
      },
      "properties": {
        "NOMBRE_EST": "COLEGIO JORGE GAITAN CORTES (IED)",
        "NOMBRE_SED": "LA ESPAÑOLA",
        "ORDEN_DE_S": "B",
        "DANE12_EST": "111001015806",
        "TMATRIC_GE": 173
      }
    },
    {
      "type": "Feature",
      "geometry": {
        "type": "Point",
        "coordinates": [
          -8248380.6833,
          524133.9681000002
        ]
      },
      "properties": {
        "NOMBRE_EST": "COLEGIO JORGE GAITAN CORTES (IED)",
        "NOMBRE_SED": "ANDALUCIA",
        "ORDEN_DE_S": "C",
        "DANE12_EST": "111001015806",
        "TMATRIC_GE": 582
      }
    },
    {
      "type": "Feature",
      "geometry": {
        "type": "Point",
        "coordinates": [
          -8249199.206599999,
          524648.9888999984
        ]
      },
      "properties": {
        "NOMBRE_EST": "COLEGIO REPUBLICA DE CHINA (IED)",
        "NOMBRE_SED": "REPUBLICA DE CHINA",
        "ORDEN_DE_S": "A",
        "DANE12_EST": "111001015814",
        "TMATRIC_GE": 1492
      }
    },
    {
      "type": "Feature",
      "geometry": {
        "type": "Point",
        "coordinates": [
          -8249442.098999999,
          524463.3614999987
        ]
      },
      "properties": {
        "NOMBRE_EST": "COLEGIO REPUBLICA DE CHINA (IED)",
        "NOMBRE_SED": "PRIMAVERA NORTE",
        "ORDEN_DE_S": "B",
        "DANE12_EST": "111001015814",
        "TMATRIC_GE": 342
      }
    },
    {
      "type": "Feature",
      "geometry": {
        "type": "Point",
        "coordinates": [
          -8246906.27,
          522297.49130000174
        ]
      },
      "properties": {
        "NOMBRE_EST": "COLEGIO MAGDALENA ORTEGA DE NARIÑO (IED)",
        "NOMBRE_SED": "MAGDALENA ORTEGA DE NARIÑO",
        "ORDEN_DE_S": "A",
        "DANE12_EST": "111001017795",
        "TMATRIC_GE": 1620
      }
    },
    {
      "type": "Feature",
      "geometry": {
        "type": "Point",
        "coordinates": [
          -8251654.578299999,
          525012.3524999991
        ]
      },
      "properties": {
        "NOMBRE_EST": "COLEGIO VILLA AMALIA (IED)",
        "NOMBRE_SED": "VILLA AMALIA",
        "ORDEN_DE_S": "A",
        "DANE12_EST": "111001025216",
        "TMATRIC_GE": 1328
      }
    },
    {
      "type": "Feature",
      "geometry": {
        "type": "Point",
        "coordinates": [
          -8250689.4473,
          524952.7358000018
        ]
      },
      "properties": {
        "NOMBRE_EST": "COLEGIO GARCES NAVAS (IED)",
        "NOMBRE_SED": "GARCES NAVAS III",
        "ORDEN_DE_S": "A",
        "DANE12_EST": "111001033979",
        "TMATRIC_GE": 1503
      }
    },
    {
      "type": "Feature",
      "geometry": {
        "type": "Point",
        "coordinates": [
          -8250605.509,
          525081.3022000007
        ]
      },
      "properties": {
        "NOMBRE_EST": "COLEGIO GARCES NAVAS (IED)",
        "NOMBRE_SED": "GARCES NAVAS II",
        "ORDEN_DE_S": "B",
        "DANE12_EST": "111001033979",
        "TMATRIC_GE": 401
      }
    },
    {
      "type": "Feature",
      "geometry": {
        "type": "Point",
        "coordinates": [
          -8249720.006999999,
          524285.6722000018
        ]
      },
      "properties": {
        "NOMBRE_EST": "COLEGIO GUILLERMO LEON VALENCIA (IED)",
        "NOMBRE_SED": "GUILLERMO LEON VALENCIA",
        "ORDEN_DE_S": "A",
        "DANE12_EST": "111001034002",
        "TMATRIC_GE": 429
      }
    },
    {
      "type": "Feature",
      "geometry": {
        "type": "Point",
        "coordinates": [
          -8248052.5601,
          521977.1928999983
        ]
      },
      "properties": {
        "NOMBRE_EST": "COLEGIO NESTOR FORERO ALCALA (IED)",
        "NOMBRE_SED": "NESTOR FORERO ALCALA",
        "ORDEN_DE_S": "A",
        "DANE12_EST": "111001035521",
        "TMATRIC_GE": 418
      }
    },
    {
      "type": "Feature",
      "geometry": {
        "type": "Point",
        "coordinates": [
          -8248023.134,
          521778.3178000003
        ]
      },
      "properties": {
        "NOMBRE_EST": "COLEGIO NESTOR FORERO ALCALA (IED)",
        "NOMBRE_SED": "CLUB DEL COMERCIO",
        "ORDEN_DE_S": "B",
        "DANE12_EST": "111001035521",
        "TMATRIC_GE": 190
      }
    },
    {
      "type": "Feature",
      "geometry": {
        "type": "Point",
        "coordinates": [
          -8248116.5143,
          521714.54830000177
        ]
      },
      "properties": {
        "NOMBRE_EST": "COLEGIO NESTOR FORERO ALCALA (IED)",
        "NOMBRE_SED": "NUEVO LAUREL",
        "ORDEN_DE_S": "C",
        "DANE12_EST": "111001035521",
        "TMATRIC_GE": 164
      }
    },
    {
      "type": "Feature",
      "geometry": {
        "type": "Point",
        "coordinates": [
          -8247305.3759,
          522690.79129999876
        ]
      },
      "properties": {
        "NOMBRE_EST": "COLEGIO INSTITUTO TECNICO DISTRITAL REPUBLICA DE GUATEMALA (IED)",
        "NOMBRE_SED": "REPUBLICA DE GUATEMALA",
        "ORDEN_DE_S": "A",
        "DANE12_EST": "111001036625",
        "TMATRIC_GE": 1078
      }
    },
    {
      "type": "Feature",
      "geometry": {
        "type": "Point",
        "coordinates": [
          -8248723.204399999,
          522470.0390000008
        ]
      },
      "properties": {
        "NOMBRE_EST": "COLEGIO MANUELA AYALA DE GAITAN (IED)",
        "NOMBRE_SED": "MANUELA AYALA DE GAITAN",
        "ORDEN_DE_S": "A",
        "DANE12_EST": "111001046299",
        "TMATRIC_GE": 991
      }
    },
    {
      "type": "Feature",
      "geometry": {
        "type": "Point",
        "coordinates": [
          -8249139.8232,
          522545.82360000163
        ]
      },
      "properties": {
        "NOMBRE_EST": "COLEGIO MANUELA AYALA DE GAITAN (IED)",
        "NOMBRE_SED": "CARLOS LLERAS RESTREPO",
        "ORDEN_DE_S": "B",
        "DANE12_EST": "111001046299",
        "TMATRIC_GE": 615
      }
    },
    {
      "type": "Feature",
      "geometry": {
        "type": "Point",
        "coordinates": [
          -8251578.044,
          523816.99329999834
        ]
      },
      "properties": {
        "NOMBRE_EST": "COLEGIO LAS MERCEDES (IED)",
        "NOMBRE_SED": "COLEGIO LAS MERCEDES (IED) - SEDE PRINCIPAL",
        "ORDEN_DE_S": "A",
        "DANE12_EST": "111001098922",
        "TMATRIC_GE": 1182
      }
    },
    {
      "type": "Feature",
      "geometry": {
        "type": "Point",
        "coordinates": [
          -8253662.7742,
          526202.8922999986
        ]
      },
      "properties": {
        "NOMBRE_EST": "COLEGIO TORQUIGUA (IED)",
        "NOMBRE_SED": "COLEGIO TORQUIGUA (IED) - SEDE PRINCIPAL",
        "ORDEN_DE_S": "A",
        "DANE12_EST": "111001098931",
        "TMATRIC_GE": 1104
      }
    },
    {
      "type": "Feature",
      "geometry": {
        "type": "Point",
        "coordinates": [
          -8246778.3104,
          522044.33630000055
        ]
      },
      "properties": {
        "NOMBRE_EST": "COLEGIO BOLIVIA (IED)",
        "NOMBRE_SED": "BOLIVIA",
        "ORDEN_DE_S": "A",
        "DANE12_EST": "111001104035",
        "TMATRIC_GE": 429
      }
    },
    {
      "type": "Feature",
      "geometry": {
        "type": "Point",
        "coordinates": [
          -8252623.2093,
          524697.9847999997
        ]
      },
      "properties": {
        "NOMBRE_EST": "COLEGIO TOMAS CIPRIANO DE MOSQUERA (IED)",
        "NOMBRE_SED": "TOMAS CIPRIANO DE MOSQUERA",
        "ORDEN_DE_S": "A",
        "DANE12_EST": "111001108456",
        "TMATRIC_GE": 2015
      }
    },
    {
      "type": "Feature",
      "geometry": {
        "type": "Point",
        "coordinates": [
          -8251034.816,
          525355.2593999989
        ]
      },
      "properties": {
        "NOMBRE_EST": "COLEGIO CHARRY (IED)",
        "NOMBRE_SED": "CHARRY",
        "ORDEN_DE_S": "A",
        "DANE12_EST": "111001108901",
        "TMATRIC_GE": 2195
      }
    },
    {
      "type": "Feature",
      "geometry": {
        "type": "Point",
        "coordinates": [
          -8249783.4246,
          525993.3451000005
        ]
      },
      "properties": {
        "NOMBRE_EST": "COLEGIO RODOLFO LLINAS (IED)",
        "NOMBRE_SED": "RODOLFO LLINAS",
        "ORDEN_DE_S": "A",
        "DANE12_EST": "111001109550",
        "TMATRIC_GE": 1017
      }
    },
    {
      "type": "Feature",
      "geometry": {
        "type": "Point",
        "coordinates": [
          -8249555.7217,
          525920.3242999986
        ]
      },
      "properties": {
        "NOMBRE_EST": "COLEGIO RODOLFO LLINAS (IED)",
        "NOMBRE_SED": "SEDE B",
        "ORDEN_DE_S": "B",
        "DANE12_EST": "111001109550",
        "TMATRIC_GE": 1309
      }
    },
    {
      "type": "Feature",
      "geometry": {
        "type": "Point",
        "coordinates": [
          -8252076.954500001,
          525588.7041000016
        ]
      },
      "properties": {
        "NOMBRE_EST": "COLEGIO ABEL RODRIGUEZ CESPEDES (IED)",
        "NOMBRE_SED": "COLEGIO ABEL RODRIGUEZ CESPEDES (IED)",
        "ORDEN_DE_S": "A",
        "DANE12_EST": "111001801055",
        "TMATRIC_GE": 1015
      }
    },
    {
      "type": "Feature",
      "geometry": {
        "type": "Point",
        "coordinates": [
          -8252830.0765,
          526598.0315000005
        ]
      },
      "properties": {
        "NOMBRE_EST": "COLEGIO LUCILA RUBIO DE LAVERDE (IED)",
        "NOMBRE_SED": "COLEGIO LUCILA RUBIO DE LAVERDE (IED)",
        "ORDEN_DE_S": "A",
        "DANE12_EST": "111001801071",
        "TMATRIC_GE": 987
      }
    },
    {
      "type": "Feature",
      "geometry": {
        "type": "Point",
        "coordinates": [
          -8248059.0144,
          523474.1779999994
        ]
      },
      "properties": {
        "NOMBRE_EST": "COLEGIO LA PALESTINA (IED)",
        "NOMBRE_SED": "CENTRO DE ESTUDIOS DEL NIÑO",
        "ORDEN_DE_S": "A",
        "DANE12_EST": "111265000017",
        "TMATRIC_GE": 273
      }
    },
    {
      "type": "Feature",
      "geometry": {
        "type": "Point",
        "coordinates": [
          -8248109.235099999,
          523760.7531999983
        ]
      },
      "properties": {
        "NOMBRE_EST": "COLEGIO LA PALESTINA (IED)",
        "NOMBRE_SED": "LA PALESTINA",
        "ORDEN_DE_S": "B",
        "DANE12_EST": "111265000017",
        "TMATRIC_GE": 1022
      }
    },
    {
      "type": "Feature",
      "geometry": {
        "type": "Point",
        "coordinates": [
          -8253275.595000001,
          525633.8695
        ]
      },
      "properties": {
        "NOMBRE_EST": "COLEGIO GENERAL SANTANDER (IED)",
        "NOMBRE_SED": "GENERAL SANTANDER",
        "ORDEN_DE_S": "A",
        "DANE12_EST": "111265000025",
        "TMATRIC_GE": 1814
      }
    },
    {
      "type": "Feature",
      "geometry": {
        "type": "Point",
        "coordinates": [
          -8253394.876,
          525467.1217
        ]
      },
      "properties": {
        "NOMBRE_EST": "COLEGIO GENERAL SANTANDER (IED)",
        "NOMBRE_SED": "CARDENAL LUQUE",
        "ORDEN_DE_S": "B",
        "DANE12_EST": "111265000025",
        "TMATRIC_GE": 1688
      }
    },
    {
      "type": "Feature",
      "geometry": {
        "type": "Point",
        "coordinates": [
          -8252995.3726,
          525752.4820999987
        ]
      },
      "properties": {
        "NOMBRE_EST": "COLEGIO GENERAL SANTANDER (IED)",
        "NOMBRE_SED": "SEDE C",
        "ORDEN_DE_S": "C",
        "DANE12_EST": "111265000025",
        "TMATRIC_GE": 361
      }
    },
    {
      "type": "Feature",
      "geometry": {
        "type": "Point",
        "coordinates": [
          -8252585.5265,
          524358.4926999994
        ]
      },
      "properties": {
        "NOMBRE_EST": "COLEGIO ANTONIO VILLAVICENCIO (IED)",
        "NOMBRE_SED": "ANTONIO VILLAVICENCIO",
        "ORDEN_DE_S": "A",
        "DANE12_EST": "111265000343",
        "TMATRIC_GE": 749
      }
    },
    {
      "type": "Feature",
      "geometry": {
        "type": "Point",
        "coordinates": [
          -8253265.148700001,
          524818.8779000007
        ]
      },
      "properties": {
        "NOMBRE_EST": "COLEGIO ANTONIO VILLAVICENCIO (IED)",
        "NOMBRE_SED": "LOS LAURELES",
        "ORDEN_DE_S": "B",
        "DANE12_EST": "111265000343",
        "TMATRIC_GE": 198
      }
    },
    {
      "type": "Feature",
      "geometry": {
        "type": "Point",
        "coordinates": [
          -8251712.4410999995,
          524710.8572999984
        ]
      },
      "properties": {
        "NOMBRE_EST": "COLEGIO ANTONIO VILLAVICENCIO (IED)",
        "NOMBRE_SED": "BOSQUES DE MARIANA",
        "ORDEN_DE_S": "C",
        "DANE12_EST": "111265000343",
        "TMATRIC_GE": 641
      }
    },
    {
      "type": "Feature",
      "geometry": {
        "type": "Point",
        "coordinates": [
          -8248755.8489,
          525071.9743999988
        ]
      },
      "properties": {
        "NOMBRE_EST": "COLEGIO SIMON BOLIVAR (IED)",
        "NOMBRE_SED": "SIMON BOLIVAR",
        "ORDEN_DE_S": "A",
        "DANE12_EST": "111265000394",
        "TMATRIC_GE": 789
      }
    },
    {
      "type": "Feature",
      "geometry": {
        "type": "Point",
        "coordinates": [
          -8248205.191400001,
          524753.3414999992
        ]
      },
      "properties": {
        "NOMBRE_EST": "COLEGIO SIMON BOLIVAR (IED)",
        "NOMBRE_SED": "MATILDE ANARAY",
        "ORDEN_DE_S": "B",
        "DANE12_EST": "111265000394",
        "TMATRIC_GE": 644
      }
    },
    {
      "type": "Feature",
      "geometry": {
        "type": "Point",
        "coordinates": [
          -8249682.522399999,
          524011.38760000095
        ]
      },
      "properties": {
        "NOMBRE_EST": "COLEGIO NIDIA QUINTERO DE TURBAY (IED)",
        "NOMBRE_SED": "NIDYA QUINTERO DE TURBAY",
        "ORDEN_DE_S": "A",
        "DANE12_EST": "111265000408",
        "TMATRIC_GE": 1343
      }
    },
    {
      "type": "Feature",
      "geometry": {
        "type": "Point",
        "coordinates": [
          -8249732.772,
          528505.0282999985
        ]
      },
      "properties": {
        "NOMBRE_EST": "COLEGIO LA GAITANA (IED)",
        "NOMBRE_SED": "LA GAITANA",
        "ORDEN_DE_S": "A",
        "DANE12_EST": "111001002330",
        "TMATRIC_GE": 1167
      }
    },
    {
      "type": "Feature",
      "geometry": {
        "type": "Point",
        "coordinates": [
          -8249509.2981,
          528246.4580999985
        ]
      },
      "properties": {
        "NOMBRE_EST": "COLEGIO LA GAITANA (IED)",
        "NOMBRE_SED": "VILLA MARIA",
        "ORDEN_DE_S": "B",
        "DANE12_EST": "111001002330",
        "TMATRIC_GE": 934
      }
    },
    {
      "type": "Feature",
      "geometry": {
        "type": "Point",
        "coordinates": [
          -8245892.5890999995,
          523337.6158000007
        ]
      },
      "properties": {
        "NOMBRE_EST": "COLEGIO INSTITUTO TECNICO DISTRITAL JULIO FLOREZ (IED)",
        "NOMBRE_SED": "SANTA ROSA",
        "ORDEN_DE_S": "A",
        "DANE12_EST": "111001015776",
        "TMATRIC_GE": 633
      }
    },
    {
      "type": "Feature",
      "geometry": {
        "type": "Point",
        "coordinates": [
          -8246276.6658,
          522359.0406000018
        ]
      },
      "properties": {
        "NOMBRE_EST": "COLEGIO INSTITUTO TECNICO DISTRITAL JULIO FLOREZ (IED)",
        "NOMBRE_SED": "JULIO FLOREZ",
        "ORDEN_DE_S": "B",
        "DANE12_EST": "111001015776",
        "TMATRIC_GE": 687
      }
    },
    {
      "type": "Feature",
      "geometry": {
        "type": "Point",
        "coordinates": [
          -8249050.3245,
          528646.5815999992
        ]
      },
      "properties": {
        "NOMBRE_EST": "COLEGIO ALBERTO LLERAS CAMARGO (IED)",
        "NOMBRE_SED": "ALBERTO LLERAS CAMARGO",
        "ORDEN_DE_S": "A",
        "DANE12_EST": "111001025020",
        "TMATRIC_GE": 3213
      }
    },
    {
      "type": "Feature",
      "geometry": {
        "type": "Point",
        "coordinates": [
          -8249939.7272,
          528951.2994999997
        ]
      },
      "properties": {
        "NOMBRE_EST": "COLEGIO TIBABUYES UNIVERSAL (IED)",
        "NOMBRE_SED": "TIBABUYES UNIVERSAL",
        "ORDEN_DE_S": "A",
        "DANE12_EST": "111001045225",
        "TMATRIC_GE": 1574
      }
    },
    {
      "type": "Feature",
      "geometry": {
        "type": "Point",
        "coordinates": [
          -8249313.3736000005,
          528507.1537999995
        ]
      },
      "properties": {
        "NOMBRE_EST": "COLEGIO TIBABUYES UNIVERSAL (IED)",
        "NOMBRE_SED": "SEDE B",
        "ORDEN_DE_S": "B",
        "DANE12_EST": "111001045225",
        "TMATRIC_GE": 928
      }
    },
    {
      "type": "Feature",
      "geometry": {
        "type": "Point",
        "coordinates": [
          -8248687.1647,
          528607.2358999997
        ]
      },
      "properties": {
        "NOMBRE_EST": "COLEGIO TIBABUYES UNIVERSAL (IED)",
        "NOMBRE_SED": "SEDE C",
        "ORDEN_DE_S": "C",
        "DANE12_EST": "111001045225",
        "TMATRIC_GE": 1232
      }
    },
    {
      "type": "Feature",
      "geometry": {
        "type": "Point",
        "coordinates": [
          -8248703.273800001,
          526974.4219000004
        ]
      },
      "properties": {
        "NOMBRE_EST": "COLEGIO NUEVA COLOMBIA (IED)",
        "NOMBRE_SED": "NUEVA COLOMBIA",
        "ORDEN_DE_S": "A",
        "DANE12_EST": "111001075272",
        "TMATRIC_GE": 2007
      }
    },
    {
      "type": "Feature",
      "geometry": {
        "type": "Point",
        "coordinates": [
          -8248906.990700001,
          527663.3940000013
        ]
      },
      "properties": {
        "NOMBRE_EST": "COLEGIO NUEVA COLOMBIA (IED)",
        "NOMBRE_SED": "AURES II",
        "ORDEN_DE_S": "B",
        "DANE12_EST": "111001075272",
        "TMATRIC_GE": 794
      }
    },
    {
      "type": "Feature",
      "geometry": {
        "type": "Point",
        "coordinates": [
          -8244810.1774,
          525653.4184000008
        ]
      },
      "properties": {
        "NOMBRE_EST": "COLEGIO GUSTAVO MORALES MORALES (IED)",
        "NOMBRE_SED": "GUSTAVO MORALES MORALES",
        "ORDEN_DE_S": "A",
        "DANE12_EST": "111001075515",
        "TMATRIC_GE": 1791
      }
    },
    {
      "type": "Feature",
      "geometry": {
        "type": "Point",
        "coordinates": [
          -8245410.251800001,
          525948.0689999983
        ]
      },
      "properties": {
        "NOMBRE_EST": "COLEGIO GUSTAVO MORALES MORALES (IED)",
        "NOMBRE_SED": "CIUDAD JARDIN NORTE",
        "ORDEN_DE_S": "B",
        "DANE12_EST": "111001075515",
        "TMATRIC_GE": 424
      }
    },
    {
      "type": "Feature",
      "geometry": {
        "type": "Point",
        "coordinates": [
          -8247916.985300001,
          526664.6512999982
        ]
      },
      "properties": {
        "NOMBRE_EST": "COLEGIO RAMON DE ZUBIRIA (IED)",
        "NOMBRE_SED": "RAMON DE ZUBIRIA",
        "ORDEN_DE_S": "A",
        "DANE12_EST": "111001086665",
        "TMATRIC_GE": 899
      }
    },
    {
      "type": "Feature",
      "geometry": {
        "type": "Point",
        "coordinates": [
          -8247296.6997,
          526869.0284999982
        ]
      },
      "properties": {
        "NOMBRE_EST": "COLEGIO RAMON DE ZUBIRIA (IED)",
        "NOMBRE_SED": "LA PALMA",
        "ORDEN_DE_S": "B",
        "DANE12_EST": "111001086665",
        "TMATRIC_GE": 1518
      }
    },
    {
      "type": "Feature",
      "geometry": {
        "type": "Point",
        "coordinates": [
          -8247307.9329,
          526807.9956
        ]
      },
      "properties": {
        "NOMBRE_EST": "COLEGIO RAMON DE ZUBIRIA (IED)",
        "NOMBRE_SED": "STEPHEN HAWKING",
        "ORDEN_DE_S": "C",
        "DANE12_EST": "111001086665",
        "TMATRIC_GE": 890
      }
    },
    {
      "type": "Feature",
      "geometry": {
        "type": "Point",
        "coordinates": [
          -8248439.0046,
          527176.9243000001
        ]
      },
      "properties": {
        "NOMBRE_EST": "COLEGIO ALVARO GOMEZ HURTADO (IED)",
        "NOMBRE_SED": "ALVARO GOMEZ HURTADO",
        "ORDEN_DE_S": "A",
        "DANE12_EST": "111001093084",
        "TMATRIC_GE": 1516
      }
    },
    {
      "type": "Feature",
      "geometry": {
        "type": "Point",
        "coordinates": [
          -8248039.4377999995,
          527716.0417999998
        ]
      },
      "properties": {
        "NOMBRE_EST": "COLEGIO ALVARO GOMEZ HURTADO (IED)",
        "NOMBRE_SED": "LA CHUCUA NORTE",
        "ORDEN_DE_S": "B",
        "DANE12_EST": "111001093084",
        "TMATRIC_GE": 1065
      }
    },
    {
      "type": "Feature",
      "geometry": {
        "type": "Point",
        "coordinates": [
          -8248510.7445,
          527573.1697999984
        ]
      },
      "properties": {
        "NOMBRE_EST": "COLEGIO ALVARO GOMEZ HURTADO (IED)",
        "NOMBRE_SED": "SEDE C",
        "ORDEN_DE_S": "C",
        "DANE12_EST": "111001093084",
        "TMATRIC_GE": 411
      }
    },
    {
      "type": "Feature",
      "geometry": {
        "type": "Point",
        "coordinates": [
          -8248384.3234,
          527438.6327
        ]
      },
      "properties": {
        "NOMBRE_EST": "COLEGIO ALVARO GOMEZ HURTADO (IED)",
        "NOMBRE_SED": "SEDE D",
        "ORDEN_DE_S": "D",
        "DANE12_EST": "111001093084",
        "TMATRIC_GE": 219
      }
    },
    {
      "type": "Feature",
      "geometry": {
        "type": "Point",
        "coordinates": [
          -8250269.177200001,
          528655.1876000017
        ]
      },
      "properties": {
        "NOMBRE_EST": "COLEGIO LA TOSCANA - LISBOA (IED)",
        "NOMBRE_SED": "LA TOSCANA",
        "ORDEN_DE_S": "A",
        "DANE12_EST": "111001094889",
        "TMATRIC_GE": 809
      }
    },
    {
      "type": "Feature",
      "geometry": {
        "type": "Point",
        "coordinates": [
          -8251199.031199999,
          528301.4602000006
        ]
      },
      "properties": {
        "NOMBRE_EST": "COLEGIO LA TOSCANA - LISBOA (IED)",
        "NOMBRE_SED": "LISBOA",
        "ORDEN_DE_S": "B",
        "DANE12_EST": "111001094889",
        "TMATRIC_GE": 678
      }
    },
    {
      "type": "Feature",
      "geometry": {
        "type": "Point",
        "coordinates": [
          -8250514.364,
          528452.0447999984
        ]
      },
      "properties": {
        "NOMBRE_EST": "COLEGIO LA TOSCANA - LISBOA (IED)",
        "NOMBRE_SED": "SEDE C",
        "ORDEN_DE_S": "C",
        "DANE12_EST": "111001094889",
        "TMATRIC_GE": 412
      }
    },
    {
      "type": "Feature",
      "geometry": {
        "type": "Point",
        "coordinates": [
          -8249910.449100001,
          529064.1365999989
        ]
      },
      "properties": {
        "NOMBRE_EST": "COLEGIO LA TOSCANA - LISBOA (IED)",
        "NOMBRE_SED": "SEDE D PRIMERA INFANCIA - MARIA CRISTINA SALAZAR CAMACHO - SABANA DE TIBABUYES",
        "ORDEN_DE_S": "D",
        "DANE12_EST": "111001094889",
        "TMATRIC_GE": 357
      }
    },
    {
      "type": "Feature",
      "geometry": {
        "type": "Point",
        "coordinates": [
          -8249594.7915,
          529352.5731999986
        ]
      },
      "properties": {
        "NOMBRE_EST": "COLEGIO BILBAO (IED)",
        "NOMBRE_SED": "COLEGIO BILBAO (IED) - SEDE PRINCIPAL",
        "ORDEN_DE_S": "A",
        "DANE12_EST": "111001098949",
        "TMATRIC_GE": 1191
      }
    },
    {
      "type": "Feature",
      "geometry": {
        "type": "Point",
        "coordinates": [
          -8250175.0956,
          528774.9023999982
        ]
      },
      "properties": {
        "NOMBRE_EST": "COLEGIO JOSE MARIA VELAZ (IED)",
        "NOMBRE_SED": "COLEGIO JOSE MARIA VELAZ (IED) - SEDE PRINCIPAL",
        "ORDEN_DE_S": "A",
        "DANE12_EST": "111001104043",
        "TMATRIC_GE": 1267
      }
    },
    {
      "type": "Feature",
      "geometry": {
        "type": "Point",
        "coordinates": [
          -8250257.8148,
          529733.2978000008
        ]
      },
      "properties": {
        "NOMBRE_EST": "COLEGIO DELIA ZAPATA OLIVELLA (IED)",
        "NOMBRE_SED": "DELIA ZAPATA OLIVELLA",
        "ORDEN_DE_S": "A",
        "DANE12_EST": "111001104256",
        "TMATRIC_GE": 2205
      }
    },
    {
      "type": "Feature",
      "geometry": {
        "type": "Point",
        "coordinates": [
          -8250535.507999999,
          529269.761500001
        ]
      },
      "properties": {
        "NOMBRE_EST": "COLEGIO GERARDO MOLINA RAMIREZ (IED)",
        "NOMBRE_SED": "GERARDO MOLINA RAMIREZ",
        "ORDEN_DE_S": "A",
        "DANE12_EST": "111001104264",
        "TMATRIC_GE": 3190
      }
    },
    {
      "type": "Feature",
      "geometry": {
        "type": "Point",
        "coordinates": [
          -8248180.484099999,
          527160.3740000017
        ]
      },
      "properties": {
        "NOMBRE_EST": "COLEGIO GONZALO ARANGO (IED)",
        "NOMBRE_SED": "GONZALO ARANGO",
        "ORDEN_DE_S": "A",
        "DANE12_EST": "111001104388",
        "TMATRIC_GE": 2399
      }
    },
    {
      "type": "Feature",
      "geometry": {
        "type": "Point",
        "coordinates": [
          -8248364.858100001,
          528052.9505999982
        ]
      },
      "properties": {
        "NOMBRE_EST": "COLEGIO GONZALO ARANGO (IED)",
        "NOMBRE_SED": "SEDE B",
        "ORDEN_DE_S": "B",
        "DANE12_EST": "111001104388",
        "TMATRIC_GE": 207
      }
    },
    {
      "type": "Feature",
      "geometry": {
        "type": "Point",
        "coordinates": [
          -8247803.1644,
          527285.4776999988
        ]
      },
      "properties": {
        "NOMBRE_EST": "COLEGIO VIRGINIA GUTIERREZ DE PINEDA (IED)",
        "NOMBRE_SED": "VIRGINIA GUTIERREZ DE PINEDA",
        "ORDEN_DE_S": "A",
        "DANE12_EST": "111001107069",
        "TMATRIC_GE": 2097
      }
    },
    {
      "type": "Feature",
      "geometry": {
        "type": "Point",
        "coordinates": [
          -8246586.3455,
          529313.1917000003
        ]
      },
      "properties": {
        "NOMBRE_EST": "COLEGIO VEINTIUN ANGELES (IED)",
        "NOMBRE_SED": "VEINTIUN ANGELES",
        "ORDEN_DE_S": "A",
        "DANE12_EST": "111001107077",
        "TMATRIC_GE": 2118
      }
    },
    {
      "type": "Feature",
      "geometry": {
        "type": "Point",
        "coordinates": [
          -8246397.765900001,
          529363.8044000007
        ]
      },
      "properties": {
        "NOMBRE_EST": "COLEGIO VEINTIUN ANGELES (IED)",
        "NOMBRE_SED": "TUNA ALTA",
        "ORDEN_DE_S": "B",
        "DANE12_EST": "111001107077",
        "TMATRIC_GE": 331
      }
    },
    {
      "type": "Feature",
      "geometry": {
        "type": "Point",
        "coordinates": [
          -8246084.1087,
          528041.4237999991
        ]
      },
      "properties": {
        "NOMBRE_EST": "COLEGIO VEINTIUN ANGELES (IED)",
        "NOMBRE_SED": "CASABLANCA",
        "ORDEN_DE_S": "C",
        "DANE12_EST": "111001107077",
        "TMATRIC_GE": 303
      }
    },
    {
      "type": "Feature",
      "geometry": {
        "type": "Point",
        "coordinates": [
          -8246114.384299999,
          529897.0155999996
        ]
      },
      "properties": {
        "NOMBRE_EST": "COLEGIO VEINTIUN ANGELES (IED)",
        "NOMBRE_SED": "SEDE D",
        "ORDEN_DE_S": "D",
        "DANE12_EST": "111001107077",
        "TMATRIC_GE": 176
      }
    },
    {
      "type": "Feature",
      "geometry": {
        "type": "Point",
        "coordinates": [
          -8247775.2611,
          529825.9483999982
        ]
      },
      "properties": {
        "NOMBRE_EST": "COLEGIO NICOLAS BUENAVENTURA (IED)",
        "NOMBRE_SED": "NICOLAS BUENAVENTURA",
        "ORDEN_DE_S": "A",
        "DANE12_EST": "111001107786",
        "TMATRIC_GE": 1844
      }
    },
    {
      "type": "Feature",
      "geometry": {
        "type": "Point",
        "coordinates": [
          -8247796.616599999,
          533274.8779000007
        ]
      },
      "properties": {
        "NOMBRE_EST": "COLEGIO NICOLAS BUENAVENTURA (IED)",
        "NOMBRE_SED": "CHORRILLOS",
        "ORDEN_DE_S": "B",
        "DANE12_EST": "111001107786",
        "TMATRIC_GE": 314
      }
    },
    {
      "type": "Feature",
      "geometry": {
        "type": "Point",
        "coordinates": [
          -8249119.3816,
          529221.2492000014
        ]
      },
      "properties": {
        "NOMBRE_EST": "COLEGIO FILARMONICO JORGE MARIO BERGOGLIO (IED)",
        "NOMBRE_SED": "FILARMONICO JORGE MARIO BERGOGLIO",
        "ORDEN_DE_S": "A",
        "DANE12_EST": "111001800163",
        "TMATRIC_GE": 517
      }
    },
    {
      "type": "Feature",
      "geometry": {
        "type": "Point",
        "coordinates": [
          -8249487.8157,
          529928.1006000005
        ]
      },
      "properties": {
        "NOMBRE_EST": "COLEGIO COMPARTIR SUBA (IED)",
        "NOMBRE_SED": "COMPARTIR SUBA",
        "ORDEN_DE_S": "A",
        "DANE12_EST": "111001800813",
        "TMATRIC_GE": 662
      }
    },
    {
      "type": "Feature",
      "geometry": {
        "type": "Point",
        "coordinates": [
          -8249251.8818,
          529749.7747000009
        ]
      },
      "properties": {
        "NOMBRE_EST": "COLEGIO COMPARTIR SUBA (IED)",
        "NOMBRE_SED": "SEDE B",
        "ORDEN_DE_S": "B",
        "DANE12_EST": "111001800813",
        "TMATRIC_GE": 480
      }
    },
    {
      "type": "Feature",
      "geometry": {
        "type": "Point",
        "coordinates": [
          -8247012.619000001,
          528409.9796999991
        ]
      },
      "properties": {
        "NOMBRE_EST": "COLEGIO FILARMONICO SIMON BOLIVAR (IED)",
        "NOMBRE_SED": "FILARMONICO SIMON BOLIVAR",
        "ORDEN_DE_S": "A",
        "DANE12_EST": "111769000174",
        "TMATRIC_GE": 1585
      }
    },
    {
      "type": "Feature",
      "geometry": {
        "type": "Point",
        "coordinates": [
          -8246996.8785,
          528079.1906999983
        ]
      },
      "properties": {
        "NOMBRE_EST": "COLEGIO FILARMONICO SIMON BOLIVAR (IED)",
        "NOMBRE_SED": "SEDE B",
        "ORDEN_DE_S": "B",
        "DANE12_EST": "111769000174",
        "TMATRIC_GE": 248
      }
    },
    {
      "type": "Feature",
      "geometry": {
        "type": "Point",
        "coordinates": [
          -8246226.863700001,
          530450.2157999985
        ]
      },
      "properties": {
        "NOMBRE_EST": "COLEGIO EL SALITRE - SUBA (IED)",
        "NOMBRE_SED": "EL SALITRE",
        "ORDEN_DE_S": "A",
        "DANE12_EST": "111769000247",
        "TMATRIC_GE": 907
      }
    },
    {
      "type": "Feature",
      "geometry": {
        "type": "Point",
        "coordinates": [
          -8247458.9657000005,
          529679.0606999993
        ]
      },
      "properties": {
        "NOMBRE_EST": "COLEGIO EL SALITRE - SUBA (IED)",
        "NOMBRE_SED": "SAN CARLOS DE SUBA",
        "ORDEN_DE_S": "B",
        "DANE12_EST": "111769000247",
        "TMATRIC_GE": 1197
      }
    },
    {
      "type": "Feature",
      "geometry": {
        "type": "Point",
        "coordinates": [
          -8246900.8543,
          529266.0401000008
        ]
      },
      "properties": {
        "NOMBRE_EST": "COLEGIO EL SALITRE - SUBA (IED)",
        "NOMBRE_SED": "LICEO MIXTO DEL DAS",
        "ORDEN_DE_S": "C",
        "DANE12_EST": "111769000247",
        "TMATRIC_GE": 1191
      }
    },
    {
      "type": "Feature",
      "geometry": {
        "type": "Point",
        "coordinates": [
          -8243712.3212,
          525681.6587000005
        ]
      },
      "properties": {
        "NOMBRE_EST": "COLEGIO PRADO VERANIEGO (IED)",
        "NOMBRE_SED": "PRADO VERANIEGO II",
        "ORDEN_DE_S": "A",
        "DANE12_EST": "111769000956",
        "TMATRIC_GE": 870
      }
    },
    {
      "type": "Feature",
      "geometry": {
        "type": "Point",
        "coordinates": [
          -8244393.0866,
          525288.3302000016
        ]
      },
      "properties": {
        "NOMBRE_EST": "COLEGIO PRADO VERANIEGO (IED)",
        "NOMBRE_SED": "PRADO VERANIEGO I",
        "ORDEN_DE_S": "B",
        "DANE12_EST": "111769000956",
        "TMATRIC_GE": 596
      }
    },
    {
      "type": "Feature",
      "geometry": {
        "type": "Point",
        "coordinates": [
          -8244025.565300001,
          526366.4222999997
        ]
      },
      "properties": {
        "NOMBRE_EST": "COLEGIO ANIBAL FERNANDEZ DE SOTO (IED)",
        "NOMBRE_SED": "ANIBAL FERNANDEZ DE SOTO",
        "ORDEN_DE_S": "A",
        "DANE12_EST": "111769001502",
        "TMATRIC_GE": 785
      }
    },
    {
      "type": "Feature",
      "geometry": {
        "type": "Point",
        "coordinates": [
          -8243685.9329,
          526771.7331000008
        ]
      },
      "properties": {
        "NOMBRE_EST": "COLEGIO ANIBAL FERNANDEZ DE SOTO (IED)",
        "NOMBRE_SED": "PRADO PINZON",
        "ORDEN_DE_S": "B",
        "DANE12_EST": "111769001502",
        "TMATRIC_GE": 617
      }
    },
    {
      "type": "Feature",
      "geometry": {
        "type": "Point",
        "coordinates": [
          -8243169.2568,
          530400.0881000012
        ]
      },
      "properties": {
        "NOMBRE_EST": "COLEGIO NUEVA ZELANDIA (IED)",
        "NOMBRE_SED": "NUEVA ZELANDIA",
        "ORDEN_DE_S": "A",
        "DANE12_EST": "111769001871",
        "TMATRIC_GE": 887
      }
    },
    {
      "type": "Feature",
      "geometry": {
        "type": "Point",
        "coordinates": [
          -8242866.1417,
          531108.2281999998
        ]
      },
      "properties": {
        "NOMBRE_EST": "COLEGIO NUEVA ZELANDIA (IED)",
        "NOMBRE_SED": "ABC",
        "ORDEN_DE_S": "B",
        "DANE12_EST": "111769001871",
        "TMATRIC_GE": 650
      }
    },
    {
      "type": "Feature",
      "geometry": {
        "type": "Point",
        "coordinates": [
          -8243766.3301,
          529236.2113999985
        ]
      },
      "properties": {
        "NOMBRE_EST": "COLEGIO VISTA BELLA (IED)",
        "NOMBRE_SED": "SAN CIPRIANO",
        "ORDEN_DE_S": "A",
        "DANE12_EST": "111769003114",
        "TMATRIC_GE": 572
      }
    },
    {
      "type": "Feature",
      "geometry": {
        "type": "Point",
        "coordinates": [
          -8243703.0438,
          529354.8676999994
        ]
      },
      "properties": {
        "NOMBRE_EST": "COLEGIO VISTA BELLA (IED)",
        "NOMBRE_SED": "VISTA BELLA",
        "ORDEN_DE_S": "B",
        "DANE12_EST": "111769003114",
        "TMATRIC_GE": 418
      }
    },
    {
      "type": "Feature",
      "geometry": {
        "type": "Point",
        "coordinates": [
          -8243013.855900001,
          529377.2991999984
        ]
      },
      "properties": {
        "NOMBRE_EST": "COLEGIO VISTA BELLA (IED)",
        "NOMBRE_SED": "GRANADA NORTE",
        "ORDEN_DE_S": "C",
        "DANE12_EST": "111769003114",
        "TMATRIC_GE": 409
      }
    },
    {
      "type": "Feature",
      "geometry": {
        "type": "Point",
        "coordinates": [
          -8247425.6611,
          527408.1253999993
        ]
      },
      "properties": {
        "NOMBRE_EST": "COLEGIO VILLA ELISA (IED)",
        "NOMBRE_SED": "VILLA ELISA",
        "ORDEN_DE_S": "A",
        "DANE12_EST": "111769003122",
        "TMATRIC_GE": 748
      }
    },
    {
      "type": "Feature",
      "geometry": {
        "type": "Point",
        "coordinates": [
          -8248035.3925,
          526329.6889999993
        ]
      },
      "properties": {
        "NOMBRE_EST": "COLEGIO VILLA ELISA (IED)",
        "NOMBRE_SED": "EL RUBI-JAPON",
        "ORDEN_DE_S": "B",
        "DANE12_EST": "111769003122",
        "TMATRIC_GE": 846
      }
    },
    {
      "type": "Feature",
      "geometry": {
        "type": "Point",
        "coordinates": [
          -8247520.2315,
          526898.8944000006
        ]
      },
      "properties": {
        "NOMBRE_EST": "COLEGIO VILLA ELISA (IED)",
        "NOMBRE_SED": "NUEVA COLOMBIA",
        "ORDEN_DE_S": "C",
        "DANE12_EST": "111769003122",
        "TMATRIC_GE": 378
      }
    },
    {
      "type": "Feature",
      "geometry": {
        "type": "Point",
        "coordinates": [
          -8249772.6711,
          528174.2333000004
        ]
      },
      "properties": {
        "NOMBRE_EST": "COLEGIO REPUBLICA DOMINICANA (IED)",
        "NOMBRE_SED": "REPUBLICA DOMINICANA",
        "ORDEN_DE_S": "A",
        "DANE12_EST": "111769003360",
        "TMATRIC_GE": 3371
      }
    },
    {
      "type": "Feature",
      "geometry": {
        "type": "Point",
        "coordinates": [
          -8249633.501700001,
          527672.3471999988
        ]
      },
      "properties": {
        "NOMBRE_EST": "COLEGIO REPUBLICA DOMINICANA (IED)",
        "NOMBRE_SED": "SEDE B",
        "ORDEN_DE_S": "B",
        "DANE12_EST": "111769003360",
        "TMATRIC_GE": 1718
      }
    },
    {
      "type": "Feature",
      "geometry": {
        "type": "Point",
        "coordinates": [
          -8247999.039999999,
          528357.7498999983
        ]
      },
      "properties": {
        "NOMBRE_EST": "COLEGIO JUAN LOZANO Y LOZANO (IED)",
        "NOMBRE_SED": "JUAN LOZANO Y LOZANO",
        "ORDEN_DE_S": "A",
        "DANE12_EST": "111769003416",
        "TMATRIC_GE": 1216
      }
    },
    {
      "type": "Feature",
      "geometry": {
        "type": "Point",
        "coordinates": [
          -8247251.2157000005,
          529902.2415000014
        ]
      },
      "properties": {
        "NOMBRE_EST": "COLEGIO JUAN LOZANO Y LOZANO (IED)",
        "NOMBRE_SED": "SUBA CENTRO",
        "ORDEN_DE_S": "B",
        "DANE12_EST": "111769003416",
        "TMATRIC_GE": 1839
      }
    },
    {
      "type": "Feature",
      "geometry": {
        "type": "Point",
        "coordinates": [
          -8248158.498500001,
          529678.1884999983
        ]
      },
      "properties": {
        "NOMBRE_EST": "COLEGIO JUAN LOZANO Y LOZANO (IED)",
        "NOMBRE_SED": "PRIMERA INFANCIA ANA MERCEDES HOYOS MEJIA",
        "ORDEN_DE_S": "C",
        "DANE12_EST": "111769003416",
        "TMATRIC_GE": 402
      }
    },
    {
      "type": "Feature",
      "geometry": {
        "type": "Point",
        "coordinates": [
          -8248066.847999999,
          526679.5520000011
        ]
      },
      "properties": {
        "NOMBRE_EST": "COLEGIO GERARDO PAREDES (IED)",
        "NOMBRE_SED": "GERARDO PAREDES MARTINEZ",
        "ORDEN_DE_S": "A",
        "DANE12_EST": "111769003424",
        "TMATRIC_GE": 4794
      }
    },
    {
      "type": "Feature",
      "geometry": {
        "type": "Point",
        "coordinates": [
          -8247980.177999999,
          525875.8295999989
        ]
      },
      "properties": {
        "NOMBRE_EST": "COLEGIO GERARDO PAREDES (IED)",
        "NOMBRE_SED": "LA FRONTERA",
        "ORDEN_DE_S": "B",
        "DANE12_EST": "111769003424",
        "TMATRIC_GE": 436
      }
    },
    {
      "type": "Feature",
      "geometry": {
        "type": "Point",
        "coordinates": [
          -8246898.1269000005,
          526394.9056000002
        ]
      },
      "properties": {
        "NOMBRE_EST": "COLEGIO HUNZA (IED)",
        "NOMBRE_SED": "LA AGUADITA",
        "ORDEN_DE_S": "A",
        "DANE12_EST": "111769004188",
        "TMATRIC_GE": 521
      }
    },
    {
      "type": "Feature",
      "geometry": {
        "type": "Point",
        "coordinates": [
          -8247356.785499999,
          526103.4778000005
        ]
      },
      "properties": {
        "NOMBRE_EST": "COLEGIO HUNZA (IED)",
        "NOMBRE_SED": "DIVINO NIÑO JESUS EL CONDOR",
        "ORDEN_DE_S": "B",
        "DANE12_EST": "111769004188",
        "TMATRIC_GE": 462
      }
    },
    {
      "type": "Feature",
      "geometry": {
        "type": "Point",
        "coordinates": [
          -8247174.096899999,
          526078.1986000016
        ]
      },
      "properties": {
        "NOMBRE_EST": "COLEGIO HUNZA (IED)",
        "NOMBRE_SED": "CIUDAD HUNZA",
        "ORDEN_DE_S": "C",
        "DANE12_EST": "111769004188",
        "TMATRIC_GE": 576
      }
    },
    {
      "type": "Feature",
      "geometry": {
        "type": "Point",
        "coordinates": [
          -8247469.626700001,
          526198.1554999985
        ]
      },
      "properties": {
        "NOMBRE_EST": "COLEGIO HUNZA (IED)",
        "NOMBRE_SED": "SEDE D",
        "ORDEN_DE_S": "D",
        "DANE12_EST": "111769004188",
        "TMATRIC_GE": 147
      }
    },
    {
      "type": "Feature",
      "geometry": {
        "type": "Point",
        "coordinates": [
          -8245651.1928,
          520731.6620000005
        ]
      },
      "properties": {
        "NOMBRE_EST": "COLEGIO FEMENINO LORENCITA VILLEGAS DE SANTOS (IED)",
        "NOMBRE_SED": "SEDE A",
        "ORDEN_DE_S": "A",
        "DANE12_EST": "111001000612",
        "TMATRIC_GE": 472
      }
    },
    {
      "type": "Feature",
      "geometry": {
        "type": "Point",
        "coordinates": [
          -8245481.5308,
          520791.9389999993
        ]
      },
      "properties": {
        "NOMBRE_EST": "COLEGIO FEMENINO LORENCITA VILLEGAS DE SANTOS (IED)",
        "NOMBRE_SED": "SEDE B",
        "ORDEN_DE_S": "C",
        "DANE12_EST": "111001000612",
        "TMATRIC_GE": 156
      }
    },
    {
      "type": "Feature",
      "geometry": {
        "type": "Point",
        "coordinates": [
          -8245050.9191,
          522091.5012000017
        ]
      },
      "properties": {
        "NOMBRE_EST": "COLEGIO TECNICO DOMINGO FAUSTINO SARMIENTO (IED)",
        "NOMBRE_SED": "DOMINGO FAUSTINO SARMIENTO",
        "ORDEN_DE_S": "A",
        "DANE12_EST": "111001008389",
        "TMATRIC_GE": 632
      }
    },
    {
      "type": "Feature",
      "geometry": {
        "type": "Point",
        "coordinates": [
          -8245065.0088,
          521616.65100000054
        ]
      },
      "properties": {
        "NOMBRE_EST": "COLEGIO TECNICO DOMINGO FAUSTINO SARMIENTO (IED)",
        "NOMBRE_SED": "SEVILLA",
        "ORDEN_DE_S": "B",
        "DANE12_EST": "111001008389",
        "TMATRIC_GE": 160
      }
    },
    {
      "type": "Feature",
      "geometry": {
        "type": "Point",
        "coordinates": [
          -8244697.8883,
          522026.4299999997
        ]
      },
      "properties": {
        "NOMBRE_EST": "COLEGIO TECNICO DOMINGO FAUSTINO SARMIENTO (IED)",
        "NOMBRE_SED": "CARLOS SANZ DE SANTAMARIA",
        "ORDEN_DE_S": "C",
        "DANE12_EST": "111001008389",
        "TMATRIC_GE": 193
      }
    },
    {
      "type": "Feature",
      "geometry": {
        "type": "Point",
        "coordinates": [
          -8244702.4212,
          521897.7923000008
        ]
      },
      "properties": {
        "NOMBRE_EST": "COLEGIO TECNICO DOMINGO FAUSTINO SARMIENTO (IED)",
        "NOMBRE_SED": "JOSE ANTONIO RICAURTE",
        "ORDEN_DE_S": "D",
        "DANE12_EST": "111001008389",
        "TMATRIC_GE": 188
      }
    },
    {
      "type": "Feature",
      "geometry": {
        "type": "Point",
        "coordinates": [
          -8244960.822699999,
          518552.75569999963
        ]
      },
      "properties": {
        "NOMBRE_EST": "COLEGIO HELADIA MEJIA (IED)",
        "NOMBRE_SED": "MODELO DEL NORTE",
        "ORDEN_DE_S": "A",
        "DANE12_EST": "111001009148",
        "TMATRIC_GE": 665
      }
    },
    {
      "type": "Feature",
      "geometry": {
        "type": "Point",
        "coordinates": [
          -8245364.898,
          518711.8903999999
        ]
      },
      "properties": {
        "NOMBRE_EST": "COLEGIO HELADIA MEJIA (IED)",
        "NOMBRE_SED": "HELADIA MEJIA HIJOS DE EDUCADORES",
        "ORDEN_DE_S": "B",
        "DANE12_EST": "111001009148",
        "TMATRIC_GE": 538
      }
    },
    {
      "type": "Feature",
      "geometry": {
        "type": "Point",
        "coordinates": [
          -8246668.514900001,
          519888.35060000047
        ]
      },
      "properties": {
        "NOMBRE_EST": "COLEGIO JORGE ELIECER GAITAN (IED)",
        "NOMBRE_SED": "JORGE ELIECER GAITAN",
        "ORDEN_DE_S": "A",
        "DANE12_EST": "111001010421",
        "TMATRIC_GE": 801
      }
    },
    {
      "type": "Feature",
      "geometry": {
        "type": "Point",
        "coordinates": [
          -8246479.51,
          520653.37689999864
        ]
      },
      "properties": {
        "NOMBRE_EST": "COLEGIO JORGE ELIECER GAITAN (IED)",
        "NOMBRE_SED": "MANUEL MURILLO TORO",
        "ORDEN_DE_S": "B",
        "DANE12_EST": "111001010421",
        "TMATRIC_GE": 494
      }
    },
    {
      "type": "Feature",
      "geometry": {
        "type": "Point",
        "coordinates": [
          -8246599.1295,
          519853.41330000013
        ]
      },
      "properties": {
        "NOMBRE_EST": "COLEGIO JORGE ELIECER GAITAN (IED)",
        "NOMBRE_SED": "JARDIN INFANTIL NACIONAL POPULAR No 1",
        "ORDEN_DE_S": "C",
        "DANE12_EST": "111001010421",
        "TMATRIC_GE": 123
      }
    },
    {
      "type": "Feature",
      "geometry": {
        "type": "Point",
        "coordinates": [
          -8246203.8105999995,
          520815.80000000075
        ]
      },
      "properties": {
        "NOMBRE_EST": "COLEGIO REPUBLICA DE PANAMA (IED)",
        "NOMBRE_SED": "REPUBLICA DE PANAMA",
        "ORDEN_DE_S": "A",
        "DANE12_EST": "111001011088",
        "TMATRIC_GE": 465
      }
    },
    {
      "type": "Feature",
      "geometry": {
        "type": "Point",
        "coordinates": [
          -8246734.790100001,
          520810.9996000007
        ]
      },
      "properties": {
        "NOMBRE_EST": "COLEGIO REPUBLICA DE PANAMA (IED)",
        "NOMBRE_SED": "AVENIDA CHILE",
        "ORDEN_DE_S": "B",
        "DANE12_EST": "111001011088",
        "TMATRIC_GE": 89
      }
    },
    {
      "type": "Feature",
      "geometry": {
        "type": "Point",
        "coordinates": [
          -8246168.8807,
          521152.65150000155
        ]
      },
      "properties": {
        "NOMBRE_EST": "COLEGIO REPUBLICA DE PANAMA (IED)",
        "NOMBRE_SED": "SIMON BOLIVAR",
        "ORDEN_DE_S": "C",
        "DANE12_EST": "111001011088",
        "TMATRIC_GE": 195
      }
    },
    {
      "type": "Feature",
      "geometry": {
        "type": "Point",
        "coordinates": [
          -8246071.476199999,
          518443.9340999983
        ]
      },
      "properties": {
        "NOMBRE_EST": "COLEGIO FRANCISCO PRIMERO S.S. (IED)",
        "NOMBRE_SED": "SEDE PRINCIPAL",
        "ORDEN_DE_S": "A",
        "DANE12_EST": "111001024830",
        "TMATRIC_GE": 424
      }
    },
    {
      "type": "Feature",
      "geometry": {
        "type": "Point",
        "coordinates": [
          -8246015.4691,
          519350.7831999995
        ]
      },
      "properties": {
        "NOMBRE_EST": "COLEGIO FRANCISCO PRIMERO S.S. (IED)",
        "NOMBRE_SED": "SEDE B",
        "ORDEN_DE_S": "B",
        "DANE12_EST": "111001024830",
        "TMATRIC_GE": 321
      }
    },
    {
      "type": "Feature",
      "geometry": {
        "type": "Point",
        "coordinates": [
          -8245805.8367,
          520091.1105000004
        ]
      },
      "properties": {
        "NOMBRE_EST": "COLEGIO FRANCISCO PRIMERO S.S. (IED)",
        "NOMBRE_SED": "SEDE C",
        "ORDEN_DE_S": "D",
        "DANE12_EST": "111001024830",
        "TMATRIC_GE": 335
      }
    },
    {
      "type": "Feature",
      "geometry": {
        "type": "Point",
        "coordinates": [
          -8245824.439300001,
          520644.93829999864
        ]
      },
      "properties": {
        "NOMBRE_EST": "COLEGIO RAFAEL BERNAL JIMENEZ (IED)",
        "NOMBRE_SED": "RAFAEL BERNAL JIMENEZ",
        "ORDEN_DE_S": "A",
        "DANE12_EST": "111001028258",
        "TMATRIC_GE": 681
      }
    },
    {
      "type": "Feature",
      "geometry": {
        "type": "Point",
        "coordinates": [
          -8245697.798900001,
          520910.9840000011
        ]
      },
      "properties": {
        "NOMBRE_EST": "COLEGIO RAFAEL BERNAL JIMENEZ (IED)",
        "NOMBRE_SED": "GLORIA GAITAN",
        "ORDEN_DE_S": "B",
        "DANE12_EST": "111001028258",
        "TMATRIC_GE": 544
      }
    },
    {
      "type": "Feature",
      "geometry": {
        "type": "Point",
        "coordinates": [
          -8245086.626,
          520554.62640000135
        ]
      },
      "properties": {
        "NOMBRE_EST": "COLEGIO JUAN FRANCISCO BERBEO (IED)",
        "NOMBRE_SED": "JUAN FRANCISCO BERBEO",
        "ORDEN_DE_S": "A",
        "DANE12_EST": "111001029912",
        "TMATRIC_GE": 885
      }
    },
    {
      "type": "Feature",
      "geometry": {
        "type": "Point",
        "coordinates": [
          -8244710.133400001,
          520087.7954999991
        ]
      },
      "properties": {
        "NOMBRE_EST": "COLEGIO JUAN FRANCISCO BERBEO (IED)",
        "NOMBRE_SED": "POLICARPA SALAVARRIETA",
        "ORDEN_DE_S": "B",
        "DANE12_EST": "111001029912",
        "TMATRIC_GE": 212
      }
    },
    {
      "type": "Feature",
      "geometry": {
        "type": "Point",
        "coordinates": [
          -8246608.9333999995,
          521104.07840000093
        ]
      },
      "properties": {
        "NOMBRE_EST": "COLEGIO TOMAS CARRASQUILLA (IED)",
        "NOMBRE_SED": "TOMAS CARRASQUILLA",
        "ORDEN_DE_S": "A",
        "DANE12_EST": "111001032255",
        "TMATRIC_GE": 944
      }
    },
    {
      "type": "Feature",
      "geometry": {
        "type": "Point",
        "coordinates": [
          -8246588.490700001,
          521208.1746000014
        ]
      },
      "properties": {
        "NOMBRE_EST": "COLEGIO TOMAS CARRASQUILLA (IED)",
        "NOMBRE_SED": "PANAMERICANA",
        "ORDEN_DE_S": "B",
        "DANE12_EST": "111001032255",
        "TMATRIC_GE": 582
      }
    },
    {
      "type": "Feature",
      "geometry": {
        "type": "Point",
        "coordinates": [
          -8245036.465399999,
          517585.3427999988
        ]
      },
      "properties": {
        "NOMBRE_EST": "COLEGIO MANUELA BELTRAN (IED)",
        "NOMBRE_SED": "MANUELA BELTRAN",
        "ORDEN_DE_S": "A",
        "DANE12_EST": "111001010731",
        "TMATRIC_GE": 1019
      }
    },
    {
      "type": "Feature",
      "geometry": {
        "type": "Point",
        "coordinates": [
          -8246735.8532,
          515939.2738999985
        ]
      },
      "properties": {
        "NOMBRE_EST": "COLEGIO MANUELA BELTRAN (IED)",
        "NOMBRE_SED": "ANTONIO NARIÑO",
        "ORDEN_DE_S": "B",
        "DANE12_EST": "111001010731",
        "TMATRIC_GE": 534
      }
    },
    {
      "type": "Feature",
      "geometry": {
        "type": "Point",
        "coordinates": [
          -8245905.625700001,
          516876.6466999985
        ]
      },
      "properties": {
        "NOMBRE_EST": "COLEGIO TECNICO PALERMO (IED)",
        "NOMBRE_SED": "PALERMO",
        "ORDEN_DE_S": "A",
        "DANE12_EST": "111001094897",
        "TMATRIC_GE": 1275
      }
    },
    {
      "type": "Feature",
      "geometry": {
        "type": "Point",
        "coordinates": [
          -8247906.4166,
          511995.7696999982
        ]
      },
      "properties": {
        "NOMBRE_EST": "COLEGIO EDUARDO SANTOS (IED)",
        "NOMBRE_SED": "EDUARDO SANTOS",
        "ORDEN_DE_S": "A",
        "DANE12_EST": "111001014001",
        "TMATRIC_GE": 1037
      }
    },
    {
      "type": "Feature",
      "geometry": {
        "type": "Point",
        "coordinates": [
          -8248307.279200001,
          512265.1425999999
        ]
      },
      "properties": {
        "NOMBRE_EST": "COLEGIO EDUARDO SANTOS (IED)",
        "NOMBRE_SED": "SEDE B",
        "ORDEN_DE_S": "B",
        "DANE12_EST": "111001014001",
        "TMATRIC_GE": 130
      }
    },
    {
      "type": "Feature",
      "geometry": {
        "type": "Point",
        "coordinates": [
          -8246489.1614,
          514312.2021000013
        ]
      },
      "properties": {
        "NOMBRE_EST": "COLEGIO REPUBLICA BOLIVARIANA DE VENEZUELA (IED)",
        "NOMBRE_SED": "REPUBLICA BOLIVARIANA DE VENEZUELA",
        "ORDEN_DE_S": "A",
        "DANE12_EST": "111001016250",
        "TMATRIC_GE": 374
      }
    },
    {
      "type": "Feature",
      "geometry": {
        "type": "Point",
        "coordinates": [
          -8246904.176000001,
          514677.29399999976
        ]
      },
      "properties": {
        "NOMBRE_EST": "COLEGIO REPUBLICA BOLIVARIANA DE VENEZUELA (IED)",
        "NOMBRE_SED": "SAMPER MENDOZA",
        "ORDEN_DE_S": "B",
        "DANE12_EST": "111001016250",
        "TMATRIC_GE": 367
      }
    },
    {
      "type": "Feature",
      "geometry": {
        "type": "Point",
        "coordinates": [
          -8247910.7391,
          511971.8238000013
        ]
      },
      "properties": {
        "NOMBRE_EST": "COLEGIO SAN FRANCISCO DE ASIS (IED)",
        "NOMBRE_SED": "POLITECNICO NACIONAL FEMENINO",
        "ORDEN_DE_S": "A",
        "DANE12_EST": "111001016772",
        "TMATRIC_GE": 575
      }
    },
    {
      "type": "Feature",
      "geometry": {
        "type": "Point",
        "coordinates": [
          -8248137.34,
          512213.5331999995
        ]
      },
      "properties": {
        "NOMBRE_EST": "COLEGIO SAN FRANCISCO DE ASIS (IED)",
        "NOMBRE_SED": "EMMA VILLEGAS DE GAITAN",
        "ORDEN_DE_S": "B",
        "DANE12_EST": "111001016772",
        "TMATRIC_GE": 609
      }
    },
    {
      "type": "Feature",
      "geometry": {
        "type": "Point",
        "coordinates": [
          -8247437.839400001,
          513547.94409999996
        ]
      },
      "properties": {
        "NOMBRE_EST": "COLEGIO LICEO NACIONAL ANTONIA SANTOS (IED)",
        "NOMBRE_SED": "ANTONIA SANTOS",
        "ORDEN_DE_S": "A",
        "DANE12_EST": "111001019526",
        "TMATRIC_GE": 852
      }
    },
    {
      "type": "Feature",
      "geometry": {
        "type": "Point",
        "coordinates": [
          -8247439.4191,
          513496.23849999905
        ]
      },
      "properties": {
        "NOMBRE_EST": "COLEGIO LICEO NACIONAL ANTONIA SANTOS (IED)",
        "NOMBRE_SED": "SEDE B",
        "ORDEN_DE_S": "B",
        "DANE12_EST": "111001019526",
        "TMATRIC_GE": 734
      }
    },
    {
      "type": "Feature",
      "geometry": {
        "type": "Point",
        "coordinates": [
          -8247205.686000001,
          513234.3687000014
        ]
      },
      "properties": {
        "NOMBRE_EST": "COLEGIO LICEO NACIONAL AGUSTIN NIETO CABALLERO (IED)",
        "NOMBRE_SED": "AGUSTIN NIETO CABALLERO",
        "ORDEN_DE_S": "A",
        "DANE12_EST": "111001025313",
        "TMATRIC_GE": 731
      }
    },
    {
      "type": "Feature",
      "geometry": {
        "type": "Point",
        "coordinates": [
          -8247958.927100001,
          511964.11459999904
        ]
      },
      "properties": {
        "NOMBRE_EST": "COLEGIO TECNICO MENORAH (IED)",
        "NOMBRE_SED": "MENORAH",
        "ORDEN_DE_S": "A",
        "DANE12_EST": "111001026069",
        "TMATRIC_GE": 1382
      }
    },
    {
      "type": "Feature",
      "geometry": {
        "type": "Point",
        "coordinates": [
          -8249155.381200001,
          512195.5901999995
        ]
      },
      "properties": {
        "NOMBRE_EST": "COLEGIO TECNICO MENORAH (IED)",
        "NOMBRE_SED": "SEDE B",
        "ORDEN_DE_S": "B",
        "DANE12_EST": "111001026069",
        "TMATRIC_GE": 84
      }
    },
    {
      "type": "Feature",
      "geometry": {
        "type": "Point",
        "coordinates": [
          -8246415.950999999,
          515193.7335000001
        ]
      },
      "properties": {
        "NOMBRE_EST": "COLEGIO PANAMERICANO (IED)",
        "NOMBRE_SED": "PANAMERICANO",
        "ORDEN_DE_S": "A",
        "DANE12_EST": "111001030856",
        "TMATRIC_GE": 967
      }
    },
    {
      "type": "Feature",
      "geometry": {
        "type": "Point",
        "coordinates": [
          -8248105.233200001,
          513308.3751000017
        ]
      },
      "properties": {
        "NOMBRE_EST": "COLEGIO RICAURTE (IED)",
        "NOMBRE_SED": "RICAURTE",
        "ORDEN_DE_S": "A",
        "DANE12_EST": "111001041459",
        "TMATRIC_GE": 551
      }
    },
    {
      "type": "Feature",
      "geometry": {
        "type": "Point",
        "coordinates": [
          -8248186.7892,
          513759.26040000096
        ]
      },
      "properties": {
        "NOMBRE_EST": "COLEGIO RICAURTE (IED)",
        "NOMBRE_SED": "ANTONIO RICAURTE",
        "ORDEN_DE_S": "B",
        "DANE12_EST": "111001041459",
        "TMATRIC_GE": 379
      }
    },
    {
      "type": "Feature",
      "geometry": {
        "type": "Point",
        "coordinates": [
          -8248895.874299999,
          511184.6616999991
        ]
      },
      "properties": {
        "NOMBRE_EST": "COLEGIO GUILLERMO LEON VALENCIA (IED)",
        "NOMBRE_SED": "GUILLERMO LEON VALENCIA",
        "ORDEN_DE_S": "A",
        "DANE12_EST": "111001011053",
        "TMATRIC_GE": 1414
      }
    },
    {
      "type": "Feature",
      "geometry": {
        "type": "Point",
        "coordinates": [
          -8249104.791999999,
          511377.90740000084
        ]
      },
      "properties": {
        "NOMBRE_EST": "COLEGIO GUILLERMO LEON VALENCIA (IED)",
        "NOMBRE_SED": "NUESTRA SEÑORA DE LA SABIDURIA",
        "ORDEN_DE_S": "B",
        "DANE12_EST": "111001011053",
        "TMATRIC_GE": 106
      }
    },
    {
      "type": "Feature",
      "geometry": {
        "type": "Point",
        "coordinates": [
          -8248062.806,
          511649.9340999983
        ]
      },
      "properties": {
        "NOMBRE_EST": "COLEGIO GUILLERMO LEON VALENCIA (IED)",
        "NOMBRE_SED": "REPUBLICA DE PANAMA",
        "ORDEN_DE_S": "C",
        "DANE12_EST": "111001011053",
        "TMATRIC_GE": 136
      }
    },
    {
      "type": "Feature",
      "geometry": {
        "type": "Point",
        "coordinates": [
          -8248437.6109,
          510968.2520999983
        ]
      },
      "properties": {
        "NOMBRE_EST": "COLEGIO ESCUELA NORMAL SUPERIOR DISTRITAL MARIA MONTESSORI (IED)",
        "NOMBRE_SED": "NORMAL SUPERIOR DISTRITAL MARIA MONTESSORI",
        "ORDEN_DE_S": "A",
        "DANE12_EST": "111001011908",
        "TMATRIC_GE": 866
      }
    },
    {
      "type": "Feature",
      "geometry": {
        "type": "Point",
        "coordinates": [
          -8248047.73,
          511077.1677000001
        ]
      },
      "properties": {
        "NOMBRE_EST": "COLEGIO ESCUELA NORMAL SUPERIOR DISTRITAL MARIA MONTESSORI (IED)",
        "NOMBRE_SED": "ANEXA A LA NORMAL SUPERIOR DISTRITAL MARIA MONTESSORI",
        "ORDEN_DE_S": "B",
        "DANE12_EST": "111001011908",
        "TMATRIC_GE": 1554
      }
    },
    {
      "type": "Feature",
      "geometry": {
        "type": "Point",
        "coordinates": [
          -8249285.0940000005,
          511989.6627999991
        ]
      },
      "properties": {
        "NOMBRE_EST": "COLEGIO ATANASIO GIRARDOT (IED)",
        "NOMBRE_SED": "ATANASIO GIRARDOT",
        "ORDEN_DE_S": "A",
        "DANE12_EST": "111001012602",
        "TMATRIC_GE": 2058
      }
    },
    {
      "type": "Feature",
      "geometry": {
        "type": "Point",
        "coordinates": [
          -8248490.0012,
          511840.6655000001
        ]
      },
      "properties": {
        "NOMBRE_EST": "COLEGIO ATANASIO GIRARDOT (IED)",
        "NOMBRE_SED": "REPUBLICA ORIENTAL DEL URUGUAY",
        "ORDEN_DE_S": "B",
        "DANE12_EST": "111001012602",
        "TMATRIC_GE": 227
      }
    },
    {
      "type": "Feature",
      "geometry": {
        "type": "Point",
        "coordinates": [
          -8249881.134199999,
          511950.3055999987
        ]
      },
      "properties": {
        "NOMBRE_EST": "COLEGIO ATANASIO GIRARDOT (IED)",
        "NOMBRE_SED": "PASITOS FIRMES",
        "ORDEN_DE_S": "C",
        "DANE12_EST": "111001012602",
        "TMATRIC_GE": 92
      }
    },
    {
      "type": "Feature",
      "geometry": {
        "type": "Point",
        "coordinates": [
          -8248503.236,
          511560.2879000008
        ]
      },
      "properties": {
        "NOMBRE_EST": "COLEGIO FRANCISCO DE PAULA SANTANDER (IED)",
        "NOMBRE_SED": "FRANCISCO DE PAULA SANTANDER",
        "ORDEN_DE_S": "A",
        "DANE12_EST": "111001014630",
        "TMATRIC_GE": 525
      }
    },
    {
      "type": "Feature",
      "geometry": {
        "type": "Point",
        "coordinates": [
          -8250319.672900001,
          511619.94750000164
        ]
      },
      "properties": {
        "NOMBRE_EST": "COLEGIO FRANCISCO DE PAULA SANTANDER (IED)",
        "NOMBRE_SED": "REPUBLICA DE MEXICO",
        "ORDEN_DE_S": "B",
        "DANE12_EST": "111001014630",
        "TMATRIC_GE": 356
      }
    },
    {
      "type": "Feature",
      "geometry": {
        "type": "Point",
        "coordinates": [
          -8247483.3747000005,
          511067.3392000012
        ]
      },
      "properties": {
        "NOMBRE_EST": "COLEGIO TECNICO JAIME PARDO LEAL (IED)",
        "NOMBRE_SED": "JAIME PARDO LEAL",
        "ORDEN_DE_S": "A",
        "DANE12_EST": "111001086720",
        "TMATRIC_GE": 1196
      }
    },
    {
      "type": "Feature",
      "geometry": {
        "type": "Point",
        "coordinates": [
          -8251051.1688,
          513321.00499999896
        ]
      },
      "properties": {
        "NOMBRE_EST": "COLEGIO DE CULTURA POPULAR (IED)",
        "NOMBRE_SED": "DE CULTURA POPULAR",
        "ORDEN_DE_S": "A",
        "DANE12_EST": "111001000078",
        "TMATRIC_GE": 445
      }
    },
    {
      "type": "Feature",
      "geometry": {
        "type": "Point",
        "coordinates": [
          -8251412.5030000005,
          512389.7122000009
        ]
      },
      "properties": {
        "NOMBRE_EST": "COLEGIO DE CULTURA POPULAR (IED)",
        "NOMBRE_SED": "SANTA RITA",
        "ORDEN_DE_S": "B",
        "DANE12_EST": "111001000078",
        "TMATRIC_GE": 270
      }
    },
    {
      "type": "Feature",
      "geometry": {
        "type": "Point",
        "coordinates": [
          -8251315.9222,
          512503.0434000008
        ]
      },
      "properties": {
        "NOMBRE_EST": "COLEGIO DE CULTURA POPULAR (IED)",
        "NOMBRE_SED": "DIEGO LUIS CORDOBA",
        "ORDEN_DE_S": "C",
        "DANE12_EST": "111001000078",
        "TMATRIC_GE": 269
      }
    },
    {
      "type": "Feature",
      "geometry": {
        "type": "Point",
        "coordinates": [
          -8248924.236300001,
          515118.8154999986
        ]
      },
      "properties": {
        "NOMBRE_EST": "COLEGIO LA MERCED (IED)",
        "NOMBRE_SED": "LA MERCED",
        "ORDEN_DE_S": "A",
        "DANE12_EST": "111001006122",
        "TMATRIC_GE": 1397
      }
    },
    {
      "type": "Feature",
      "geometry": {
        "type": "Point",
        "coordinates": [
          -8250153.417199999,
          515960.78269999847
        ]
      },
      "properties": {
        "NOMBRE_EST": "COLEGIO SILVERIA ESPINOSA DE RENDON (IED)",
        "NOMBRE_SED": "SILVERIA ESPINOSA DE RENDON",
        "ORDEN_DE_S": "A",
        "DANE12_EST": "111001011045",
        "TMATRIC_GE": 693
      }
    },
    {
      "type": "Feature",
      "geometry": {
        "type": "Point",
        "coordinates": [
          -8251176.293,
          515302.4523999989
        ]
      },
      "properties": {
        "NOMBRE_EST": "COLEGIO SILVERIA ESPINOSA DE RENDON (IED)",
        "NOMBRE_SED": "RAFAEL POMBO",
        "ORDEN_DE_S": "B",
        "DANE12_EST": "111001011045",
        "TMATRIC_GE": 652
      }
    },
    {
      "type": "Feature",
      "geometry": {
        "type": "Point",
        "coordinates": [
          -8250668.367799999,
          515637.17350000143
        ]
      },
      "properties": {
        "NOMBRE_EST": "COLEGIO SILVERIA ESPINOSA DE RENDON (IED)",
        "NOMBRE_SED": "TRINIDAD",
        "ORDEN_DE_S": "C",
        "DANE12_EST": "111001011045",
        "TMATRIC_GE": 281
      }
    },
    {
      "type": "Feature",
      "geometry": {
        "type": "Point",
        "coordinates": [
          -8252148.6154,
          512548.6158999987
        ]
      },
      "properties": {
        "NOMBRE_EST": "COLEGIO ANDRES BELLO (IED)",
        "NOMBRE_SED": "ANDRES BELLO",
        "ORDEN_DE_S": "A",
        "DANE12_EST": "111001011274",
        "TMATRIC_GE": 1413
      }
    },
    {
      "type": "Feature",
      "geometry": {
        "type": "Point",
        "coordinates": [
          -8252148.6154,
          512548.6158999987
        ]
      },
      "properties": {
        "NOMBRE_EST": "COLEGIO ANDRES BELLO (IED)",
        "NOMBRE_SED": "JOSE JOAQUIN CASTRO MARTINEZ",
        "ORDEN_DE_S": "B",
        "DANE12_EST": "111001011274",
        "TMATRIC_GE": 306
      }
    },
    {
      "type": "Feature",
      "geometry": {
        "type": "Point",
        "coordinates": [
          -8250437.2841,
          513752.14350000024
        ]
      },
      "properties": {
        "NOMBRE_EST": "COLEGIO EL JAZMIN (IED)",
        "NOMBRE_SED": "EL JAZMIN",
        "ORDEN_DE_S": "A",
        "DANE12_EST": "111001012530",
        "TMATRIC_GE": 1001
      }
    },
    {
      "type": "Feature",
      "geometry": {
        "type": "Point",
        "coordinates": [
          -8249808.355699999,
          514354.4935999997
        ]
      },
      "properties": {
        "NOMBRE_EST": "COLEGIO EL JAZMIN (IED)",
        "NOMBRE_SED": "LA PRIMAVERA",
        "ORDEN_DE_S": "B",
        "DANE12_EST": "111001012530",
        "TMATRIC_GE": 486
      }
    },
    {
      "type": "Feature",
      "geometry": {
        "type": "Point",
        "coordinates": [
          -8247998.818399999,
          515055.97729999945
        ]
      },
      "properties": {
        "NOMBRE_EST": "COLEGIO ESPAÑA (IED)",
        "NOMBRE_SED": "ESPAÑA",
        "ORDEN_DE_S": "A",
        "DANE12_EST": "111001012556",
        "TMATRIC_GE": 319
      }
    },
    {
      "type": "Feature",
      "geometry": {
        "type": "Point",
        "coordinates": [
          -8247609.844799999,
          515139.91039999947
        ]
      },
      "properties": {
        "NOMBRE_EST": "COLEGIO ESPAÑA (IED)",
        "NOMBRE_SED": "CUNDINAMARCA",
        "ORDEN_DE_S": "B",
        "DANE12_EST": "111001012556",
        "TMATRIC_GE": 247
      }
    },
    {
      "type": "Feature",
      "geometry": {
        "type": "Point",
        "coordinates": [
          -8251433.5145,
          512999.96709999815
        ]
      },
      "properties": {
        "NOMBRE_EST": "COLEGIO TECNICO BENJAMIN HERRERA (IED)",
        "NOMBRE_SED": "BENJAMIN HERRERA",
        "ORDEN_DE_S": "A",
        "DANE12_EST": "111001012963",
        "TMATRIC_GE": 1009
      }
    },
    {
      "type": "Feature",
      "geometry": {
        "type": "Point",
        "coordinates": [
          -8251788.752800001,
          512839.86740000173
        ]
      },
      "properties": {
        "NOMBRE_EST": "COLEGIO TECNICO BENJAMIN HERRERA (IED)",
        "NOMBRE_SED": "REPUBLICA DE FRANCIA",
        "ORDEN_DE_S": "B",
        "DANE12_EST": "111001012963",
        "TMATRIC_GE": 477
      }
    },
    {
      "type": "Feature",
      "geometry": {
        "type": "Point",
        "coordinates": [
          -8251155.426200001,
          512777.9871000014
        ]
      },
      "properties": {
        "NOMBRE_EST": "COLEGIO TECNICO BENJAMIN HERRERA (IED)",
        "NOMBRE_SED": "TAYRONA",
        "ORDEN_DE_S": "C",
        "DANE12_EST": "111001012963",
        "TMATRIC_GE": 129
      }
    },
    {
      "type": "Feature",
      "geometry": {
        "type": "Point",
        "coordinates": [
          -8249754.4726,
          516201.05270000175
        ]
      },
      "properties": {
        "NOMBRE_EST": "COLEGIO JOSE JOAQUIN CASAS (IED)",
        "NOMBRE_SED": "JOSE JOAQUIN CASAS",
        "ORDEN_DE_S": "A",
        "DANE12_EST": "111001014729",
        "TMATRIC_GE": 215
      }
    },
    {
      "type": "Feature",
      "geometry": {
        "type": "Point",
        "coordinates": [
          -8249705.423,
          516259.11780000106
        ]
      },
      "properties": {
        "NOMBRE_EST": "COLEGIO JOSE JOAQUIN CASAS (IED)",
        "NOMBRE_SED": "JOSE JOAQUIN CASAS",
        "ORDEN_DE_S": "B",
        "DANE12_EST": "111001014729",
        "TMATRIC_GE": 165
      }
    },
    {
      "type": "Feature",
      "geometry": {
        "type": "Point",
        "coordinates": [
          -8250798.956700001,
          516359.5042999983
        ]
      },
      "properties": {
        "NOMBRE_EST": "COLEGIO ANTONIO JOSE DE SUCRE (IED)",
        "NOMBRE_SED": "ANTONIO JOSE DE SUCRE",
        "ORDEN_DE_S": "A",
        "DANE12_EST": "111001014745",
        "TMATRIC_GE": 433
      }
    },
    {
      "type": "Feature",
      "geometry": {
        "type": "Point",
        "coordinates": [
          -8250196.766100001,
          512382.73600000143
        ]
      },
      "properties": {
        "NOMBRE_EST": "COLEGIO MARCO ANTONIO CARREÑO SILVA (IED)",
        "NOMBRE_SED": "EL REMANSO",
        "ORDEN_DE_S": "A",
        "DANE12_EST": "111001014826",
        "TMATRIC_GE": 470
      }
    },
    {
      "type": "Feature",
      "geometry": {
        "type": "Point",
        "coordinates": [
          -8249804.858100001,
          512820.3966999985
        ]
      },
      "properties": {
        "NOMBRE_EST": "COLEGIO MARCO ANTONIO CARREÑO SILVA (IED)",
        "NOMBRE_SED": "MARCO ANTONIO CARREÑO SILVA",
        "ORDEN_DE_S": "B",
        "DANE12_EST": "111001014826",
        "TMATRIC_GE": 372
      }
    },
    {
      "type": "Feature",
      "geometry": {
        "type": "Point",
        "coordinates": [
          -8249564.3456,
          512926.95329999924
        ]
      },
      "properties": {
        "NOMBRE_EST": "COLEGIO MARCO ANTONIO CARREÑO SILVA (IED)",
        "NOMBRE_SED": "JORGE GAITAN CORTES",
        "ORDEN_DE_S": "C",
        "DANE12_EST": "111001014826",
        "TMATRIC_GE": 308
      }
    },
    {
      "type": "Feature",
      "geometry": {
        "type": "Point",
        "coordinates": [
          -8251650.0844,
          513686.31060000136
        ]
      },
      "properties": {
        "NOMBRE_EST": "COLEGIO LUIS VARGAS TEJADA (IED)",
        "NOMBRE_SED": "LUIS VARGAS TEJADA",
        "ORDEN_DE_S": "A",
        "DANE12_EST": "111001014869",
        "TMATRIC_GE": 405
      }
    },
    {
      "type": "Feature",
      "geometry": {
        "type": "Point",
        "coordinates": [
          -8251839.099300001,
          513584.2925999984
        ]
      },
      "properties": {
        "NOMBRE_EST": "COLEGIO LUIS VARGAS TEJADA (IED)",
        "NOMBRE_SED": "JOHN F KENNEDY",
        "ORDEN_DE_S": "B",
        "DANE12_EST": "111001014869",
        "TMATRIC_GE": 215
      }
    },
    {
      "type": "Feature",
      "geometry": {
        "type": "Point",
        "coordinates": [
          -8252584.395500001,
          512578.5106000006
        ]
      },
      "properties": {
        "NOMBRE_EST": "COLEGIO JULIO GARAVITO ARMERO (IED)",
        "NOMBRE_SED": "LA ALQUERIA",
        "ORDEN_DE_S": "A",
        "DANE12_EST": "111001014885",
        "TMATRIC_GE": 642
      }
    },
    {
      "type": "Feature",
      "geometry": {
        "type": "Point",
        "coordinates": [
          -8252191.237400001,
          512592.9376000017
        ]
      },
      "properties": {
        "NOMBRE_EST": "COLEGIO JULIO GARAVITO ARMERO (IED)",
        "NOMBRE_SED": "MUZU I",
        "ORDEN_DE_S": "B",
        "DANE12_EST": "111001014885",
        "TMATRIC_GE": 231
      }
    },
    {
      "type": "Feature",
      "geometry": {
        "type": "Point",
        "coordinates": [
          -8252055.7393,
          512844.19110000134
        ]
      },
      "properties": {
        "NOMBRE_EST": "COLEGIO JULIO GARAVITO ARMERO (IED)",
        "NOMBRE_SED": "MUZU II",
        "ORDEN_DE_S": "C",
        "DANE12_EST": "111001014885",
        "TMATRIC_GE": 552
      }
    },
    {
      "type": "Feature",
      "geometry": {
        "type": "Point",
        "coordinates": [
          -8250252.9023,
          515188.3020000011
        ]
      },
      "properties": {
        "NOMBRE_EST": "COLEGIO SORRENTO (IED)",
        "NOMBRE_SED": "SORRENTO",
        "ORDEN_DE_S": "A",
        "DANE12_EST": "111001020168",
        "TMATRIC_GE": 1250
      }
    },
    {
      "type": "Feature",
      "geometry": {
        "type": "Point",
        "coordinates": [
          -8250258.4816,
          514824.62739999965
        ]
      },
      "properties": {
        "NOMBRE_EST": "COLEGIO SORRENTO (IED)",
        "NOMBRE_SED": "SAN RAFAEL",
        "ORDEN_DE_S": "B",
        "DANE12_EST": "111001020168",
        "TMATRIC_GE": 1005
      }
    },
    {
      "type": "Feature",
      "geometry": {
        "type": "Point",
        "coordinates": [
          -8251303.0726,
          514600.4134000018
        ]
      },
      "properties": {
        "NOMBRE_EST": "COLEGIO JOSE MANUEL RESTREPO (IED)",
        "NOMBRE_SED": "JOSE MANUEL RESTREPO",
        "ORDEN_DE_S": "A",
        "DANE12_EST": "111001045535",
        "TMATRIC_GE": 1180
      }
    },
    {
      "type": "Feature",
      "geometry": {
        "type": "Point",
        "coordinates": [
          -8250908.345899999,
          513901.0117999986
        ]
      },
      "properties": {
        "NOMBRE_EST": "COLEGIO LUIS CARLOS GALAN SARMIENTO (IED)",
        "NOMBRE_SED": "LUIS CARLOS GALAN SARMIENTO",
        "ORDEN_DE_S": "A",
        "DANE12_EST": "111001065056",
        "TMATRIC_GE": 864
      }
    },
    {
      "type": "Feature",
      "geometry": {
        "type": "Point",
        "coordinates": [
          -8250758.7214,
          513970.2591000013
        ]
      },
      "properties": {
        "NOMBRE_EST": "COLEGIO LUIS CARLOS GALAN SARMIENTO (IED)",
        "NOMBRE_SED": "LA PONDEROSA",
        "ORDEN_DE_S": "B",
        "DANE12_EST": "111001065056",
        "TMATRIC_GE": 495
      }
    },
    {
      "type": "Feature",
      "geometry": {
        "type": "Point",
        "coordinates": [
          -8245353.334100001,
          512424.0003999993
        ]
      },
      "properties": {
        "NOMBRE_EST": "COLEGIO INTEGRADA LA CANDELARIA (IED)",
        "NOMBRE_SED": "LA CONCORDIA",
        "ORDEN_DE_S": "A",
        "DANE12_EST": "111001013323",
        "TMATRIC_GE": 1140
      }
    },
    {
      "type": "Feature",
      "geometry": {
        "type": "Point",
        "coordinates": [
          -8245211.698999999,
          512789.45149999857
        ]
      },
      "properties": {
        "NOMBRE_EST": "COLEGIO INTEGRADA LA CANDELARIA (IED)",
        "NOMBRE_SED": "LA INMACULADA",
        "ORDEN_DE_S": "C",
        "DANE12_EST": "111001013323",
        "TMATRIC_GE": 246
      }
    },
    {
      "type": "Feature",
      "geometry": {
        "type": "Point",
        "coordinates": [
          -8245433.6866999995,
          511830.3513999991
        ]
      },
      "properties": {
        "NOMBRE_EST": "COLEGIO ESCUELA NACIONAL DE COMERCIO (IED)",
        "NOMBRE_SED": "ESCUELA NACIONAL DE COMERCIO",
        "ORDEN_DE_S": "A",
        "DANE12_EST": "111001013374",
        "TMATRIC_GE": 1018
      }
    },
    {
      "type": "Feature",
      "geometry": {
        "type": "Point",
        "coordinates": [
          -8251088.6512,
          510310.93400000036
        ]
      },
      "properties": {
        "NOMBRE_EST": "COLEGIO RESTREPO MILLAN (IED)",
        "NOMBRE_SED": "RESTREPO MILLAN",
        "ORDEN_DE_S": "A",
        "DANE12_EST": "111001010928",
        "TMATRIC_GE": 1179
      }
    },
    {
      "type": "Feature",
      "geometry": {
        "type": "Point",
        "coordinates": [
          -8251376.6236000005,
          510740.67339999974
        ]
      },
      "properties": {
        "NOMBRE_EST": "COLEGIO RESTREPO MILLAN (IED)",
        "NOMBRE_SED": "ISABEL II DE INGLATERRA",
        "ORDEN_DE_S": "B",
        "DANE12_EST": "111001010928",
        "TMATRIC_GE": 350
      }
    },
    {
      "type": "Feature",
      "geometry": {
        "type": "Point",
        "coordinates": [
          -8250916.8452,
          509917.3247999996
        ]
      },
      "properties": {
        "NOMBRE_EST": "COLEGIO RESTREPO MILLAN (IED)",
        "NOMBRE_SED": "EL PESEBRE",
        "ORDEN_DE_S": "C",
        "DANE12_EST": "111001010928",
        "TMATRIC_GE": 319
      }
    },
    {
      "type": "Feature",
      "geometry": {
        "type": "Point",
        "coordinates": [
          -8251074.955600001,
          510538.7688000016
        ]
      },
      "properties": {
        "NOMBRE_EST": "COLEGIO RESTREPO MILLAN (IED)",
        "NOMBRE_SED": "GABRIELA MISTRAL",
        "ORDEN_DE_S": "D",
        "DANE12_EST": "111001010928",
        "TMATRIC_GE": 480
      }
    },
    {
      "type": "Feature",
      "geometry": {
        "type": "Point",
        "coordinates": [
          -8250531.944700001,
          508924.38369999826
        ]
      },
      "properties": {
        "NOMBRE_EST": "COLEGIO REINO DE HOLANDA (IED)",
        "NOMBRE_SED": "REINO DE HOLANDA",
        "ORDEN_DE_S": "A",
        "DANE12_EST": "111001011029",
        "TMATRIC_GE": 952
      }
    },
    {
      "type": "Feature",
      "geometry": {
        "type": "Point",
        "coordinates": [
          -8250590.1625,
          508985.49010000005
        ]
      },
      "properties": {
        "NOMBRE_EST": "COLEGIO REINO DE HOLANDA (IED)",
        "NOMBRE_SED": "MARCO FIDEL SUAREZ",
        "ORDEN_DE_S": "B",
        "DANE12_EST": "111001011029",
        "TMATRIC_GE": 539
      }
    },
    {
      "type": "Feature",
      "geometry": {
        "type": "Point",
        "coordinates": [
          -8251176.527899999,
          509127.14649999887
        ]
      },
      "properties": {
        "NOMBRE_EST": "COLEGIO REINO DE HOLANDA (IED)",
        "NOMBRE_SED": "PARROQUIAL SAN JUDAS TADEO",
        "ORDEN_DE_S": "D",
        "DANE12_EST": "111001011029",
        "TMATRIC_GE": 379
      }
    },
    {
      "type": "Feature",
      "geometry": {
        "type": "Point",
        "coordinates": [
          -8249201.3517,
          510477.1127000004
        ]
      },
      "properties": {
        "NOMBRE_EST": "COLEGIO LICEO FEMENINO DE CUNDINAMARCA MERCEDES NARIÑO (IED)",
        "NOMBRE_SED": "LICEO FEMENINO DE CUNDINAMARCA MERCEDES NARIÑO",
        "ORDEN_DE_S": "A",
        "DANE12_EST": "111001011819",
        "TMATRIC_GE": 3786
      }
    },
    {
      "type": "Feature",
      "geometry": {
        "type": "Point",
        "coordinates": [
          -8250890.1118,
          510368.08509999886
        ]
      },
      "properties": {
        "NOMBRE_EST": "COLEGIO BRAVO PAEZ (IED)",
        "NOMBRE_SED": "BRAVO PAEZ",
        "ORDEN_DE_S": "A",
        "DANE12_EST": "111001012611",
        "TMATRIC_GE": 1718
      }
    },
    {
      "type": "Feature",
      "geometry": {
        "type": "Point",
        "coordinates": [
          -8250699.516100001,
          510353.26359999925
        ]
      },
      "properties": {
        "NOMBRE_EST": "COLEGIO QUIROGA ALIANZA (IED)",
        "NOMBRE_SED": "QUIROGA ALIANZA",
        "ORDEN_DE_S": "A",
        "DANE12_EST": "111001012815",
        "TMATRIC_GE": 1235
      }
    },
    {
      "type": "Feature",
      "geometry": {
        "type": "Point",
        "coordinates": [
          -8251041.5942,
          510919.2093000002
        ]
      },
      "properties": {
        "NOMBRE_EST": "COLEGIO RAFAEL DELGADO SALGUERO (IED)",
        "NOMBRE_SED": "GENERAL PAEZ",
        "ORDEN_DE_S": "A",
        "DANE12_EST": "111001012971",
        "TMATRIC_GE": 397
      }
    },
    {
      "type": "Feature",
      "geometry": {
        "type": "Point",
        "coordinates": [
          -8251872.012,
          511041.0595000014
        ]
      },
      "properties": {
        "NOMBRE_EST": "COLEGIO RAFAEL DELGADO SALGUERO (IED)",
        "NOMBRE_SED": "MATER ADMIRABILIS",
        "ORDEN_DE_S": "B",
        "DANE12_EST": "111001012971",
        "TMATRIC_GE": 168
      }
    },
    {
      "type": "Feature",
      "geometry": {
        "type": "Point",
        "coordinates": [
          -8250926.1414,
          510835.18459999934
        ]
      },
      "properties": {
        "NOMBRE_EST": "COLEGIO RAFAEL DELGADO SALGUERO (IED)",
        "NOMBRE_SED": "ESCUELA HOGAR BRAVO PAEZ",
        "ORDEN_DE_S": "C",
        "DANE12_EST": "111001012971",
        "TMATRIC_GE": 266
      }
    },
    {
      "type": "Feature",
      "geometry": {
        "type": "Point",
        "coordinates": [
          -8250336.3541,
          506755.30680000037
        ]
      },
      "properties": {
        "NOMBRE_EST": "COLEGIO SAN AGUSTIN (IED)",
        "NOMBRE_SED": "SAN AGUSTIN",
        "ORDEN_DE_S": "A",
        "DANE12_EST": "111001013811",
        "TMATRIC_GE": 2649
      }
    },
    {
      "type": "Feature",
      "geometry": {
        "type": "Point",
        "coordinates": [
          -8251592.330700001,
          510238.96079999954
        ]
      },
      "properties": {
        "NOMBRE_EST": "COLEGIO REPUBLICA FEDERAL DE ALEMANIA (IED)",
        "NOMBRE_SED": "REPUBLICA FEDERAL DE ALEMANIA",
        "ORDEN_DE_S": "A",
        "DANE12_EST": "111001014028",
        "TMATRIC_GE": 487
      }
    },
    {
      "type": "Feature",
      "geometry": {
        "type": "Point",
        "coordinates": [
          -8251672.8726,
          510123.10819999874
        ]
      },
      "properties": {
        "NOMBRE_EST": "COLEGIO MANUEL DEL SOCORRO RODRIGUEZ (IED)",
        "NOMBRE_SED": "MANUEL DEL SOCORRO RODRIGUEZ",
        "ORDEN_DE_S": "A",
        "DANE12_EST": "111001014591",
        "TMATRIC_GE": 1389
      }
    },
    {
      "type": "Feature",
      "geometry": {
        "type": "Point",
        "coordinates": [
          -8251898.0886,
          510727.29250000045
        ]
      },
      "properties": {
        "NOMBRE_EST": "COLEGIO MANUEL DEL SOCORRO RODRIGUEZ (IED)",
        "NOMBRE_SED": "REPUBLICA DE ISRAEL",
        "ORDEN_DE_S": "B",
        "DANE12_EST": "111001014591",
        "TMATRIC_GE": 384
      }
    },
    {
      "type": "Feature",
      "geometry": {
        "type": "Point",
        "coordinates": [
          -8250585.5605999995,
          510867.5760000013
        ]
      },
      "properties": {
        "NOMBRE_EST": "COLEGIO EL LIBERTADOR (IED)",
        "NOMBRE_SED": "EL LIBERTADOR",
        "ORDEN_DE_S": "A",
        "DANE12_EST": "111001014664",
        "TMATRIC_GE": 761
      }
    },
    {
      "type": "Feature",
      "geometry": {
        "type": "Point",
        "coordinates": [
          -8250740.352600001,
          511309.82189999893
        ]
      },
      "properties": {
        "NOMBRE_EST": "COLEGIO EL LIBERTADOR (IED)",
        "NOMBRE_SED": "MANUEL MURILLO TORO",
        "ORDEN_DE_S": "B",
        "DANE12_EST": "111001014664",
        "TMATRIC_GE": 590
      }
    },
    {
      "type": "Feature",
      "geometry": {
        "type": "Point",
        "coordinates": [
          -8250242.6598000005,
          511118.29140000045
        ]
      },
      "properties": {
        "NOMBRE_EST": "COLEGIO EL LIBERTADOR (IED)",
        "NOMBRE_SED": "JUAN DEL RIZZO",
        "ORDEN_DE_S": "C",
        "DANE12_EST": "111001014664",
        "TMATRIC_GE": 330
      }
    },
    {
      "type": "Feature",
      "geometry": {
        "type": "Point",
        "coordinates": [
          -8249947.0776,
          510292.1772999987
        ]
      },
      "properties": {
        "NOMBRE_EST": "COLEGIO CLEMENCIA HOLGUIN DE URDANETA (IED)",
        "NOMBRE_SED": "CLEMENCIA HOLGUIN DE URDANETA",
        "ORDEN_DE_S": "A",
        "DANE12_EST": "111001014958",
        "TMATRIC_GE": 782
      }
    },
    {
      "type": "Feature",
      "geometry": {
        "type": "Point",
        "coordinates": [
          -8249761.2642,
          509998.08989999816
        ]
      },
      "properties": {
        "NOMBRE_EST": "COLEGIO ALEJANDRO OBREGON (IED)",
        "NOMBRE_SED": "ALEJANDRO OBREGON",
        "ORDEN_DE_S": "A",
        "DANE12_EST": "111001015172",
        "TMATRIC_GE": 1601
      }
    },
    {
      "type": "Feature",
      "geometry": {
        "type": "Point",
        "coordinates": [
          -8249804.421700001,
          510802.1365999989
        ]
      },
      "properties": {
        "NOMBRE_EST": "COLEGIO ANTONIO BARAYA (IED)",
        "NOMBRE_SED": "ANTONIO BARAYA",
        "ORDEN_DE_S": "A",
        "DANE12_EST": "111001015733",
        "TMATRIC_GE": 838
      }
    },
    {
      "type": "Feature",
      "geometry": {
        "type": "Point",
        "coordinates": [
          -8249804.5308,
          511063.32730000094
        ]
      },
      "properties": {
        "NOMBRE_EST": "COLEGIO ANTONIO BARAYA (IED)",
        "NOMBRE_SED": "PABLO VI",
        "ORDEN_DE_S": "B",
        "DANE12_EST": "111001015733",
        "TMATRIC_GE": 289
      }
    },
    {
      "type": "Feature",
      "geometry": {
        "type": "Point",
        "coordinates": [
          -8251084.2129,
          509489.0403999984
        ]
      },
      "properties": {
        "NOMBRE_EST": "COLEGIO ALEXANDER FLEMING (IED)",
        "NOMBRE_SED": "REINO UNIDO DE HOLANDA",
        "ORDEN_DE_S": "A",
        "DANE12_EST": "111001018058",
        "TMATRIC_GE": 674
      }
    },
    {
      "type": "Feature",
      "geometry": {
        "type": "Point",
        "coordinates": [
          -8251003.6599,
          509421.6323999986
        ]
      },
      "properties": {
        "NOMBRE_EST": "COLEGIO ALEXANDER FLEMING (IED)",
        "NOMBRE_SED": "ANTONIO RICAURTE",
        "ORDEN_DE_S": "B",
        "DANE12_EST": "111001018058",
        "TMATRIC_GE": 919
      }
    },
    {
      "type": "Feature",
      "geometry": {
        "type": "Point",
        "coordinates": [
          -8251472.322699999,
          508720.5304000005
        ]
      },
      "properties": {
        "NOMBRE_EST": "COLEGIO ALEXANDER FLEMING (IED)",
        "NOMBRE_SED": "CONSUELO SUR",
        "ORDEN_DE_S": "C",
        "DANE12_EST": "111001018058",
        "TMATRIC_GE": 144
      }
    },
    {
      "type": "Feature",
      "geometry": {
        "type": "Point",
        "coordinates": [
          -8249702.3785,
          508674.9904000014
        ]
      },
      "properties": {
        "NOMBRE_EST": "COLEGIO MISAEL PASTRANA BORRERO (IED)",
        "NOMBRE_SED": "MISAEL PASTRANA BORRERO",
        "ORDEN_DE_S": "A",
        "DANE12_EST": "111001020095",
        "TMATRIC_GE": 1345
      }
    },
    {
      "type": "Feature",
      "geometry": {
        "type": "Point",
        "coordinates": [
          -8249685.823000001,
          510274.8002000004
        ]
      },
      "properties": {
        "NOMBRE_EST": "COLEGIO GUSTAVO RESTREPO (IED)",
        "NOMBRE_SED": "GUSTAVO RESTREPO",
        "ORDEN_DE_S": "A",
        "DANE12_EST": "111001027332",
        "TMATRIC_GE": 751
      }
    },
    {
      "type": "Feature",
      "geometry": {
        "type": "Point",
        "coordinates": [
          -8249061.8083,
          510086.66220000014
        ]
      },
      "properties": {
        "NOMBRE_EST": "COLEGIO GUSTAVO RESTREPO (IED)",
        "NOMBRE_SED": "JOSE ACEVEDO Y GOMEZ",
        "ORDEN_DE_S": "B",
        "DANE12_EST": "111001027332",
        "TMATRIC_GE": 874
      }
    },
    {
      "type": "Feature",
      "geometry": {
        "type": "Point",
        "coordinates": [
          -8248434.9626,
          510811.07979999855
        ]
      },
      "properties": {
        "NOMBRE_EST": "COLEGIO GUSTAVO RESTREPO (IED)",
        "NOMBRE_SED": "GABRIEL TURBAY",
        "ORDEN_DE_S": "C",
        "DANE12_EST": "111001027332",
        "TMATRIC_GE": 385
      }
    },
    {
      "type": "Feature",
      "geometry": {
        "type": "Point",
        "coordinates": [
          -8250118.6065,
          507941.8669999987
        ]
      },
      "properties": {
        "NOMBRE_EST": "COLEGIO ALFREDO IRIARTE (IED)",
        "NOMBRE_SED": "CHIRCALES",
        "ORDEN_DE_S": "A",
        "DANE12_EST": "111001027383",
        "TMATRIC_GE": 1459
      }
    },
    {
      "type": "Feature",
      "geometry": {
        "type": "Point",
        "coordinates": [
          -8250584.4307,
          508115.6484999992
        ]
      },
      "properties": {
        "NOMBRE_EST": "COLEGIO ALFREDO IRIARTE (IED)",
        "NOMBRE_SED": "EL MIRADOR",
        "ORDEN_DE_S": "B",
        "DANE12_EST": "111001027383",
        "TMATRIC_GE": 333
      }
    },
    {
      "type": "Feature",
      "geometry": {
        "type": "Point",
        "coordinates": [
          -8251091.676899999,
          508365.871199999
        ]
      },
      "properties": {
        "NOMBRE_EST": "COLEGIO ALFREDO IRIARTE (IED)",
        "NOMBRE_SED": "LA MERCED SUR",
        "ORDEN_DE_S": "C",
        "DANE12_EST": "111001027383",
        "TMATRIC_GE": 204
      }
    },
    {
      "type": "Feature",
      "geometry": {
        "type": "Point",
        "coordinates": [
          -8249858.485099999,
          506271.9990000017
        ]
      },
      "properties": {
        "NOMBRE_EST": "COLEGIO PALERMO SUR (CED)",
        "NOMBRE_SED": "PALERMO SUR",
        "ORDEN_DE_S": "A",
        "DANE12_EST": "111001028380",
        "TMATRIC_GE": 1300
      }
    },
    {
      "type": "Feature",
      "geometry": {
        "type": "Point",
        "coordinates": [
          -8248923.3891,
          509103.96240000054
        ]
      },
      "properties": {
        "NOMBRE_EST": "COLEGIO ENRIQUE OLAYA HERRERA (IED)",
        "NOMBRE_SED": "ENRIQUE OLAYA HERRERA",
        "ORDEN_DE_S": "A",
        "DANE12_EST": "111001030015",
        "TMATRIC_GE": 4491
      }
    },
    {
      "type": "Feature",
      "geometry": {
        "type": "Point",
        "coordinates": [
          -8249362.761600001,
          510865.91259999946
        ]
      },
      "properties": {
        "NOMBRE_EST": "COLEGIO REPUBLICA EE.UU. DE AMERICA (IED)",
        "NOMBRE_SED": "REPUBLICA EE.UU. DE AMERICA",
        "ORDEN_DE_S": "A",
        "DANE12_EST": "111001032395",
        "TMATRIC_GE": 628
      }
    },
    {
      "type": "Feature",
      "geometry": {
        "type": "Point",
        "coordinates": [
          -8250414.9835,
          510463.2954999991
        ]
      },
      "properties": {
        "NOMBRE_EST": "COLEGIO CLEMENCIA DE CAYCEDO (IED)",
        "NOMBRE_SED": "CLEMENCIA DE CAYCEDO",
        "ORDEN_DE_S": "A",
        "DANE12_EST": "111001034134",
        "TMATRIC_GE": 867
      }
    },
    {
      "type": "Feature",
      "geometry": {
        "type": "Point",
        "coordinates": [
          -8249894.8476,
          509606.91429999843
        ]
      },
      "properties": {
        "NOMBRE_EST": "COLEGIO JOSE MARTI (IED)",
        "NOMBRE_SED": "LUIS LOPEZ DE MESA",
        "ORDEN_DE_S": "A",
        "DANE12_EST": "111001036765",
        "TMATRIC_GE": 535
      }
    },
    {
      "type": "Feature",
      "geometry": {
        "type": "Point",
        "coordinates": [
          -8250205.658299999,
          509759.21930000186
        ]
      },
      "properties": {
        "NOMBRE_EST": "COLEGIO JOSE MARTI (IED)",
        "NOMBRE_SED": "NAZARETH",
        "ORDEN_DE_S": "B",
        "DANE12_EST": "111001036765",
        "TMATRIC_GE": 419
      }
    },
    {
      "type": "Feature",
      "geometry": {
        "type": "Point",
        "coordinates": [
          -8250565.927200001,
          509444.72679999843
        ]
      },
      "properties": {
        "NOMBRE_EST": "COLEGIO JOSE MARTI (IED)",
        "NOMBRE_SED": "GRANJAS SAN PABLO",
        "ORDEN_DE_S": "C",
        "DANE12_EST": "111001036765",
        "TMATRIC_GE": 622
      }
    },
    {
      "type": "Feature",
      "geometry": {
        "type": "Point",
        "coordinates": [
          -8249824.2655,
          509068.00989999995
        ]
      },
      "properties": {
        "NOMBRE_EST": "COLEGIO JOSE MARTI (IED)",
        "NOMBRE_SED": "LA RESURRECCION",
        "ORDEN_DE_S": "D",
        "DANE12_EST": "111001036765",
        "TMATRIC_GE": 338
      }
    },
    {
      "type": "Feature",
      "geometry": {
        "type": "Point",
        "coordinates": [
          -8250558.967499999,
          509762.98699999973
        ]
      },
      "properties": {
        "NOMBRE_EST": "COLEGIO JOSE MARTI (IED)",
        "NOMBRE_SED": "RIO DE JANEIRO",
        "ORDEN_DE_S": "E",
        "DANE12_EST": "111001036765",
        "TMATRIC_GE": 120
      }
    },
    {
      "type": "Feature",
      "geometry": {
        "type": "Point",
        "coordinates": [
          -8249898.3442,
          506763.4611000009
        ]
      },
      "properties": {
        "NOMBRE_EST": "COLEGIO DIANA TURBAY (IED)",
        "NOMBRE_SED": "DIANA TURBAY I",
        "ORDEN_DE_S": "A",
        "DANE12_EST": "111001041611",
        "TMATRIC_GE": 1468
      }
    },
    {
      "type": "Feature",
      "geometry": {
        "type": "Point",
        "coordinates": [
          -8249626.6667,
          506520.38489999995
        ]
      },
      "properties": {
        "NOMBRE_EST": "COLEGIO DIANA TURBAY (IED)",
        "NOMBRE_SED": "DIANA TURBAY II",
        "ORDEN_DE_S": "B",
        "DANE12_EST": "111001041611",
        "TMATRIC_GE": 324
      }
    },
    {
      "type": "Feature",
      "geometry": {
        "type": "Point",
        "coordinates": [
          -8250773.447799999,
          507624.57140000165
        ]
      },
      "properties": {
        "NOMBRE_EST": "COLEGIO MARRUECOS Y MOLINOS (IED)",
        "NOMBRE_SED": "MARRUECOS Y MOLINOS",
        "ORDEN_DE_S": "A",
        "DANE12_EST": "111001076376",
        "TMATRIC_GE": 3681
      }
    },
    {
      "type": "Feature",
      "geometry": {
        "type": "Point",
        "coordinates": [
          -8250640.376499999,
          506320.248300001
        ]
      },
      "properties": {
        "NOMBRE_EST": "COLEGIO LA PAZ (IED)",
        "NOMBRE_SED": "LA PAZ",
        "ORDEN_DE_S": "A",
        "DANE12_EST": "111001078930",
        "TMATRIC_GE": 450
      }
    },
    {
      "type": "Feature",
      "geometry": {
        "type": "Point",
        "coordinates": [
          -8250262.367799999,
          506429.63390000165
        ]
      },
      "properties": {
        "NOMBRE_EST": "COLEGIO LA PAZ (IED)",
        "NOMBRE_SED": "FE Y ALEGRIA",
        "ORDEN_DE_S": "B",
        "DANE12_EST": "111001078930",
        "TMATRIC_GE": 281
      }
    },
    {
      "type": "Feature",
      "geometry": {
        "type": "Point",
        "coordinates": [
          -8250699.801100001,
          509713.74170000106
        ]
      },
      "properties": {
        "NOMBRE_EST": "COLEGIO SANTA LUCIA (IED)",
        "NOMBRE_SED": "COLEGIO SANTA LUCIA (IED) - SEDE PRINCIPAL",
        "ORDEN_DE_S": "A",
        "DANE12_EST": "111001098965",
        "TMATRIC_GE": 1105
      }
    },
    {
      "type": "Feature",
      "geometry": {
        "type": "Point",
        "coordinates": [
          -8249627.3914,
          507427.45270000026
        ]
      },
      "properties": {
        "NOMBRE_EST": "COLEGIO COLOMBIA VIVA (IED)",
        "NOMBRE_SED": "NESTOR FORERO ALCALA",
        "ORDEN_DE_S": "A",
        "DANE12_EST": "111001102091",
        "TMATRIC_GE": 1528
      }
    },
    {
      "type": "Feature",
      "geometry": {
        "type": "Point",
        "coordinates": [
          -8250497.083799999,
          508071.3856999986
        ]
      },
      "properties": {
        "NOMBRE_EST": "COLEGIO MARIA CANO (IED)",
        "NOMBRE_SED": "MARIA CANO",
        "ORDEN_DE_S": "A",
        "DANE12_EST": "111001107794",
        "TMATRIC_GE": 1718
      }
    },
    {
      "type": "Feature",
      "geometry": {
        "type": "Point",
        "coordinates": [
          -8252835.828400001,
          507623.0020999983
        ]
      },
      "properties": {
        "NOMBRE_EST": "COLEGIO REPUBLICA DE MEXICO (IED)",
        "NOMBRE_SED": "REPUBLICA DE MEXICO",
        "ORDEN_DE_S": "A",
        "DANE12_EST": "111001014486",
        "TMATRIC_GE": 2370
      }
    },
    {
      "type": "Feature",
      "geometry": {
        "type": "Point",
        "coordinates": [
          -8254150.796599999,
          506725.1746999994
        ]
      },
      "properties": {
        "NOMBRE_EST": "COLEGIO RAFAEL URIBE URIBE (IED)",
        "NOMBRE_SED": "RAFAEL URIBE URIBE",
        "ORDEN_DE_S": "A",
        "DANE12_EST": "111001014524",
        "TMATRIC_GE": 1756
      }
    },
    {
      "type": "Feature",
      "geometry": {
        "type": "Point",
        "coordinates": [
          -8256022.5537,
          511197.6462999992
        ]
      },
      "properties": {
        "NOMBRE_EST": "COLEGIO ISMAEL PERDOMO (IED)",
        "NOMBRE_SED": "ISMAEL PERDOMO",
        "ORDEN_DE_S": "A",
        "DANE12_EST": "111001020320",
        "TMATRIC_GE": 2381
      }
    },
    {
      "type": "Feature",
      "geometry": {
        "type": "Point",
        "coordinates": [
          -8253058.252599999,
          507153.2745999992
        ]
      },
      "properties": {
        "NOMBRE_EST": "COLEGIO LEON DE GREIFF (IED)",
        "NOMBRE_SED": "LEON DE GREIFF",
        "ORDEN_DE_S": "A",
        "DANE12_EST": "111001027251",
        "TMATRIC_GE": 1811
      }
    },
    {
      "type": "Feature",
      "geometry": {
        "type": "Point",
        "coordinates": [
          -8253018.423599999,
          507415.06430000067
        ]
      },
      "properties": {
        "NOMBRE_EST": "COLEGIO CIUDAD DE MONTREAL (IED)",
        "NOMBRE_SED": "CIUDAD DE MONTREAL",
        "ORDEN_DE_S": "A",
        "DANE12_EST": "111001028266",
        "TMATRIC_GE": 833
      }
    },
    {
      "type": "Feature",
      "geometry": {
        "type": "Point",
        "coordinates": [
          -8253551.704,
          507327.997299999
        ]
      },
      "properties": {
        "NOMBRE_EST": "COLEGIO SANTA BARBARA (IED)",
        "NOMBRE_SED": "COMPARTIR MEISSEN",
        "ORDEN_DE_S": "A",
        "DANE12_EST": "111001030821",
        "TMATRIC_GE": 518
      }
    },
    {
      "type": "Feature",
      "geometry": {
        "type": "Point",
        "coordinates": [
          -8254214.8498,
          507866.64939999953
        ]
      },
      "properties": {
        "NOMBRE_EST": "COLEGIO SANTA BARBARA (IED)",
        "NOMBRE_SED": "COMPARTIR MEISSEN",
        "ORDEN_DE_S": "B",
        "DANE12_EST": "111001030821",
        "TMATRIC_GE": 430
      }
    },
    {
      "type": "Feature",
      "geometry": {
        "type": "Point",
        "coordinates": [
          -8254097.9955,
          507620.13899999857
        ]
      },
      "properties": {
        "NOMBRE_EST": "COLEGIO SANTA BARBARA (IED)",
        "NOMBRE_SED": "SANTA BARBARA",
        "ORDEN_DE_S": "C",
        "DANE12_EST": "111001030821",
        "TMATRIC_GE": 483
      }
    },
    {
      "type": "Feature",
      "geometry": {
        "type": "Point",
        "coordinates": [
          -8253406.8573,
          507689.08359999955
        ]
      },
      "properties": {
        "NOMBRE_EST": "COLEGIO UNION EUROPEA (IED)",
        "NOMBRE_SED": "UNION EUROPEA",
        "ORDEN_DE_S": "A",
        "DANE12_EST": "111001030830",
        "TMATRIC_GE": 1709
      }
    },
    {
      "type": "Feature",
      "geometry": {
        "type": "Point",
        "coordinates": [
          -8252899.7214,
          507052.0256000012
        ]
      },
      "properties": {
        "NOMBRE_EST": "COLEGIO UNION EUROPEA (IED)",
        "NOMBRE_SED": "MARIA CANO",
        "ORDEN_DE_S": "B",
        "DANE12_EST": "111001030830",
        "TMATRIC_GE": 268
      }
    },
    {
      "type": "Feature",
      "geometry": {
        "type": "Point",
        "coordinates": [
          -8254622.043199999,
          509811.7613000013
        ]
      },
      "properties": {
        "NOMBRE_EST": "COLEGIO ARBORIZADORA BAJA (IED)",
        "NOMBRE_SED": "ARBORIZADORA BAJA",
        "ORDEN_DE_S": "A",
        "DANE12_EST": "111001030848",
        "TMATRIC_GE": 2402
      }
    },
    {
      "type": "Feature",
      "geometry": {
        "type": "Point",
        "coordinates": [
          -8254233.652799999,
          505798.8198999986
        ]
      },
      "properties": {
        "NOMBRE_EST": "COLEGIO EL TESORO DE LA CUMBRE (IED)",
        "NOMBRE_SED": "EL TESORO",
        "ORDEN_DE_S": "A",
        "DANE12_EST": "111001033928",
        "TMATRIC_GE": 381
      }
    },
    {
      "type": "Feature",
      "geometry": {
        "type": "Point",
        "coordinates": [
          -8252831.8365,
          508184.2617999986
        ]
      },
      "properties": {
        "NOMBRE_EST": "COLEGIO EL TESORO DE LA CUMBRE (IED)",
        "NOMBRE_SED": "LA CUMBRE",
        "ORDEN_DE_S": "B",
        "DANE12_EST": "111001033928",
        "TMATRIC_GE": 124
      }
    },
    {
      "type": "Feature",
      "geometry": {
        "type": "Point",
        "coordinates": [
          -8254257.843599999,
          505358.2547999993
        ]
      },
      "properties": {
        "NOMBRE_EST": "COLEGIO EL TESORO DE LA CUMBRE (IED)",
        "NOMBRE_SED": "SEDE C",
        "ORDEN_DE_S": "C",
        "DANE12_EST": "111001033928",
        "TMATRIC_GE": 1500
      }
    },
    {
      "type": "Feature",
      "geometry": {
        "type": "Point",
        "coordinates": [
          -8254241.8815,
          508555.7302000001
        ]
      },
      "properties": {
        "NOMBRE_EST": "COLEGIO NICOLAS GOMEZ DAVILA (IED)",
        "NOMBRE_SED": "NICOLAS GOMEZ DAVILA",
        "ORDEN_DE_S": "A",
        "DANE12_EST": "111001034240",
        "TMATRIC_GE": 2101
      }
    },
    {
      "type": "Feature",
      "geometry": {
        "type": "Point",
        "coordinates": [
          -8255087.083699999,
          508738.9279000014
        ]
      },
      "properties": {
        "NOMBRE_EST": "COLEGIO NICOLAS GOMEZ DAVILA (IED)",
        "NOMBRE_SED": "LA CASONA",
        "ORDEN_DE_S": "B",
        "DANE12_EST": "111001034240",
        "TMATRIC_GE": 498
      }
    },
    {
      "type": "Feature",
      "geometry": {
        "type": "Point",
        "coordinates": [
          -8253853.096000001,
          506934.8680000007
        ]
      },
      "properties": {
        "NOMBRE_EST": "COLEGIO COMPARTIR RECUERDO (IED)",
        "NOMBRE_SED": "COMPARTIR LUCERO ALTO",
        "ORDEN_DE_S": "A",
        "DANE12_EST": "111001034754",
        "TMATRIC_GE": 1120
      }
    },
    {
      "type": "Feature",
      "geometry": {
        "type": "Point",
        "coordinates": [
          -8253630.514900001,
          507394.875599999
        ]
      },
      "properties": {
        "NOMBRE_EST": "COLEGIO COMPARTIR RECUERDO (IED)",
        "NOMBRE_SED": "EL RECUERDO",
        "ORDEN_DE_S": "B",
        "DANE12_EST": "111001034754",
        "TMATRIC_GE": 426
      }
    },
    {
      "type": "Feature",
      "geometry": {
        "type": "Point",
        "coordinates": [
          -8253488.1072,
          508230.2886000015
        ]
      },
      "properties": {
        "NOMBRE_EST": "COLEGIO ACACIA II (IED)",
        "NOMBRE_SED": "ACACIA II",
        "ORDEN_DE_S": "A",
        "DANE12_EST": "111001035572",
        "TMATRIC_GE": 2211
      }
    },
    {
      "type": "Feature",
      "geometry": {
        "type": "Point",
        "coordinates": [
          -8253699.853599999,
          508080.7424999997
        ]
      },
      "properties": {
        "NOMBRE_EST": "COLEGIO ACACIA II (IED)",
        "NOMBRE_SED": "ACACIA I",
        "ORDEN_DE_S": "B",
        "DANE12_EST": "111001035572",
        "TMATRIC_GE": 555
      }
    },
    {
      "type": "Feature",
      "geometry": {
        "type": "Point",
        "coordinates": [
          -8254446.231799999,
          505921.9893999994
        ]
      },
      "properties": {
        "NOMBRE_EST": "COLEGIO JOSE JAIME ROJAS (IED)",
        "NOMBRE_SED": "JOSE JAIME ROJAS",
        "ORDEN_DE_S": "A",
        "DANE12_EST": "111001036561",
        "TMATRIC_GE": 1050
      }
    },
    {
      "type": "Feature",
      "geometry": {
        "type": "Point",
        "coordinates": [
          -8254794.734200001,
          509638.37970000133
        ]
      },
      "properties": {
        "NOMBRE_EST": "COLEGIO RODRIGO LARA BONILLA (IED)",
        "NOMBRE_SED": "RODRIGO LARA BONILLA",
        "ORDEN_DE_S": "A",
        "DANE12_EST": "111001036781",
        "TMATRIC_GE": 2580
      }
    },
    {
      "type": "Feature",
      "geometry": {
        "type": "Point",
        "coordinates": [
          -8252639.2193,
          507604.0417000018
        ]
      },
      "properties": {
        "NOMBRE_EST": "COLEGIO RODRIGO LARA BONILLA (IED)",
        "NOMBRE_SED": "JOSE CELESTINO MUTIS",
        "ORDEN_DE_S": "B",
        "DANE12_EST": "111001036781",
        "TMATRIC_GE": 849
      }
    },
    {
      "type": "Feature",
      "geometry": {
        "type": "Point",
        "coordinates": [
          -8254900.4165,
          510199.27160000056
        ]
      },
      "properties": {
        "NOMBRE_EST": "COLEGIO RODRIGO LARA BONILLA (IED)",
        "NOMBRE_SED": "PRIMERA INFANCIA RODRIGUITO",
        "ORDEN_DE_S": "C",
        "DANE12_EST": "111001036781",
        "TMATRIC_GE": 218
      }
    },
    {
      "type": "Feature",
      "geometry": {
        "type": "Point",
        "coordinates": [
          -8252719.647600001,
          507877.07449999824
        ]
      },
      "properties": {
        "NOMBRE_EST": "COLEGIO CEDID GUILLERMO CANO ISAZA (IED)",
        "NOMBRE_SED": "GUILLERMO CANO ISAZA",
        "ORDEN_DE_S": "A",
        "DANE12_EST": "111001044385",
        "TMATRIC_GE": 2743
      }
    },
    {
      "type": "Feature",
      "geometry": {
        "type": "Point",
        "coordinates": [
          -8255243.7313,
          509539.16479999945
        ]
      },
      "properties": {
        "NOMBRE_EST": "COLEGIO EL PARAISO DE MANUELA BELTRAN (IED)",
        "NOMBRE_SED": "MANUELA BELTRAN",
        "ORDEN_DE_S": "A",
        "DANE12_EST": "111001045730",
        "TMATRIC_GE": 1289
      }
    },
    {
      "type": "Feature",
      "geometry": {
        "type": "Point",
        "coordinates": [
          -8255592.705700001,
          509445.7954000011
        ]
      },
      "properties": {
        "NOMBRE_EST": "COLEGIO EL PARAISO DE MANUELA BELTRAN (IED)",
        "NOMBRE_SED": "EL PARAISO",
        "ORDEN_DE_S": "B",
        "DANE12_EST": "111001045730",
        "TMATRIC_GE": 1039
      }
    },
    {
      "type": "Feature",
      "geometry": {
        "type": "Point",
        "coordinates": [
          -8254638.4427000005,
          507424.6083999984
        ]
      },
      "properties": {
        "NOMBRE_EST": "COLEGIO VILLAMAR (IED)",
        "NOMBRE_SED": "VILLA GLORIA",
        "ORDEN_DE_S": "A",
        "DANE12_EST": "111001046663",
        "TMATRIC_GE": 337
      }
    },
    {
      "type": "Feature",
      "geometry": {
        "type": "Point",
        "coordinates": [
          -8254379.0383,
          507909.6270999983
        ]
      },
      "properties": {
        "NOMBRE_EST": "COLEGIO VILLAMAR (IED)",
        "NOMBRE_SED": "MARANDU",
        "ORDEN_DE_S": "B",
        "DANE12_EST": "111001046663",
        "TMATRIC_GE": 192
      }
    },
    {
      "type": "Feature",
      "geometry": {
        "type": "Point",
        "coordinates": [
          -8254033.3267,
          505230.3665000014
        ]
      },
      "properties": {
        "NOMBRE_EST": "COLEGIO LA ARABIA (IED)",
        "NOMBRE_SED": "LA ARABIA",
        "ORDEN_DE_S": "A",
        "DANE12_EST": "111001047457",
        "TMATRIC_GE": 902
      }
    },
    {
      "type": "Feature",
      "geometry": {
        "type": "Point",
        "coordinates": [
          -8255157.5956999995,
          509168.77639999986
        ]
      },
      "properties": {
        "NOMBRE_EST": "COLEGIO ARBORIZADORA ALTA (IED)",
        "NOMBRE_SED": "ARBORIZADORA ALTA",
        "ORDEN_DE_S": "A",
        "DANE12_EST": "111001047571",
        "TMATRIC_GE": 1882
      }
    },
    {
      "type": "Feature",
      "geometry": {
        "type": "Point",
        "coordinates": [
          -8255706.3751,
          509157.06340000033
        ]
      },
      "properties": {
        "NOMBRE_EST": "COLEGIO ARBORIZADORA ALTA (IED)",
        "NOMBRE_SED": "PRADERA ESPERANZA",
        "ORDEN_DE_S": "B",
        "DANE12_EST": "111001047571",
        "TMATRIC_GE": 670
      }
    },
    {
      "type": "Feature",
      "geometry": {
        "type": "Point",
        "coordinates": [
          -8255701.432600001,
          507167.81639999896
        ]
      },
      "properties": {
        "NOMBRE_EST": "COLEGIO PARAISO MIRADOR (IED)",
        "NOMBRE_SED": "PARAISO MIRADOR",
        "ORDEN_DE_S": "A",
        "DANE12_EST": "111001047678",
        "TMATRIC_GE": 152
      }
    },
    {
      "type": "Feature",
      "geometry": {
        "type": "Point",
        "coordinates": [
          -8255350.4745000005,
          506987.60709999874
        ]
      },
      "properties": {
        "NOMBRE_EST": "COLEGIO PARAISO MIRADOR (IED)",
        "NOMBRE_SED": "PARAISO MIRADOR",
        "ORDEN_DE_S": "B",
        "DANE12_EST": "111001047678",
        "TMATRIC_GE": 1133
      }
    },
    {
      "type": "Feature",
      "geometry": {
        "type": "Point",
        "coordinates": [
          -8255354.738,
          507283.315200001
        ]
      },
      "properties": {
        "NOMBRE_EST": "COLEGIO PARAISO MIRADOR (IED)",
        "NOMBRE_SED": "PARAISO MIRADOR",
        "ORDEN_DE_S": "C",
        "DANE12_EST": "111001047678",
        "TMATRIC_GE": 1636
      }
    },
    {
      "type": "Feature",
      "geometry": {
        "type": "Point",
        "coordinates": [
          -8255874.4264,
          511107.66899999976
        ]
      },
      "properties": {
        "NOMBRE_EST": "COLEGIO MARIA MERCEDES CARRANZA (IED)",
        "NOMBRE_SED": "MARIA MERCEDES CARRANZA",
        "ORDEN_DE_S": "A",
        "DANE12_EST": "111001075329",
        "TMATRIC_GE": 2982
      }
    },
    {
      "type": "Feature",
      "geometry": {
        "type": "Point",
        "coordinates": [
          -8253496.0766,
          506467.88800000027
        ]
      },
      "properties": {
        "NOMBRE_EST": "COLEGIO ESTRELLA DEL SUR (IED)",
        "NOMBRE_SED": "ESTRELLA DEL SUR",
        "ORDEN_DE_S": "A",
        "DANE12_EST": "111001075663",
        "TMATRIC_GE": 305
      }
    },
    {
      "type": "Feature",
      "geometry": {
        "type": "Point",
        "coordinates": [
          -8253717.238299999,
          506172.8016999997
        ]
      },
      "properties": {
        "NOMBRE_EST": "COLEGIO ESTRELLA DEL SUR (IED)",
        "NOMBRE_SED": "ESTRELLA DEL SUR",
        "ORDEN_DE_S": "B",
        "DANE12_EST": "111001075663",
        "TMATRIC_GE": 570
      }
    },
    {
      "type": "Feature",
      "geometry": {
        "type": "Point",
        "coordinates": [
          -8253517.5156,
          506269.9624999985
        ]
      },
      "properties": {
        "NOMBRE_EST": "COLEGIO ESTRELLA DEL SUR (IED)",
        "NOMBRE_SED": "ESTRELLA DEL SUR",
        "ORDEN_DE_S": "C",
        "DANE12_EST": "111001075663",
        "TMATRIC_GE": 628
      }
    },
    {
      "type": "Feature",
      "geometry": {
        "type": "Point",
        "coordinates": [
          -8253816.5854,
          506399.46719999984
        ]
      },
      "properties": {
        "NOMBRE_EST": "COLEGIO ESTRELLA DEL SUR (IED)",
        "NOMBRE_SED": "ESTRELLA DEL SUR",
        "ORDEN_DE_S": "D",
        "DANE12_EST": "111001075663",
        "TMATRIC_GE": 421
      }
    },
    {
      "type": "Feature",
      "geometry": {
        "type": "Point",
        "coordinates": [
          -8252944.5364,
          506430.9697000012
        ]
      },
      "properties": {
        "NOMBRE_EST": "COLEGIO SOTAVENTO (IED)",
        "NOMBRE_SED": "SOTAVENTO",
        "ORDEN_DE_S": "A",
        "DANE12_EST": "111001075752",
        "TMATRIC_GE": 950
      }
    },
    {
      "type": "Feature",
      "geometry": {
        "type": "Point",
        "coordinates": [
          -8253986.682700001,
          508825.38219999894
        ]
      },
      "properties": {
        "NOMBRE_EST": "COLEGIO SAN FRANCISCO (IED)",
        "NOMBRE_SED": "SAN FRANCISCO",
        "ORDEN_DE_S": "A",
        "DANE12_EST": "111001076937",
        "TMATRIC_GE": 2353
      }
    },
    {
      "type": "Feature",
      "geometry": {
        "type": "Point",
        "coordinates": [
          -8254227.6371,
          508485.65370000154
        ]
      },
      "properties": {
        "NOMBRE_EST": "COLEGIO SAN FRANCISCO (IED)",
        "NOMBRE_SED": "SAN FRANCISCO II",
        "ORDEN_DE_S": "B",
        "DANE12_EST": "111001076937",
        "TMATRIC_GE": 823
      }
    },
    {
      "type": "Feature",
      "geometry": {
        "type": "Point",
        "coordinates": [
          -8254292.6666,
          508355.5914000012
        ]
      },
      "properties": {
        "NOMBRE_EST": "COLEGIO SAN FRANCISCO (IED)",
        "NOMBRE_SED": "SAN FRANCISCO III",
        "ORDEN_DE_S": "C",
        "DANE12_EST": "111001076937",
        "TMATRIC_GE": 333
      }
    },
    {
      "type": "Feature",
      "geometry": {
        "type": "Point",
        "coordinates": [
          -8254096.545,
          506770.1592999995
        ]
      },
      "properties": {
        "NOMBRE_EST": "COLEGIO CONFEDERACION BRISAS DEL DIAMANTE (IED)",
        "NOMBRE_SED": "CONFEDERACION SUIZA",
        "ORDEN_DE_S": "A",
        "DANE12_EST": "111001086584",
        "TMATRIC_GE": 1004
      }
    },
    {
      "type": "Feature",
      "geometry": {
        "type": "Point",
        "coordinates": [
          -8254671.364399999,
          507065.935800001
        ]
      },
      "properties": {
        "NOMBRE_EST": "COLEGIO CONFEDERACION BRISAS DEL DIAMANTE (IED)",
        "NOMBRE_SED": "VILLAS DEL DIAMANTE",
        "ORDEN_DE_S": "B",
        "DANE12_EST": "111001086584",
        "TMATRIC_GE": 648
      }
    },
    {
      "type": "Feature",
      "geometry": {
        "type": "Point",
        "coordinates": [
          -8254773.9319,
          508919.21079999954
        ]
      },
      "properties": {
        "NOMBRE_EST": "COLEGIO CONFEDERACION BRISAS DEL DIAMANTE (IED)",
        "NOMBRE_SED": "LAS MANITAS",
        "ORDEN_DE_S": "D",
        "DANE12_EST": "111001086584",
        "TMATRIC_GE": 439
      }
    },
    {
      "type": "Feature",
      "geometry": {
        "type": "Point",
        "coordinates": [
          -8253203.315199999,
          505851.9252000004
        ]
      },
      "properties": {
        "NOMBRE_EST": "COLEGIO EL MINUTO DE BUENOS AIRES (IED)",
        "NOMBRE_SED": "BUENOS AIRES",
        "ORDEN_DE_S": "A",
        "DANE12_EST": "111001086762",
        "TMATRIC_GE": 488
      }
    },
    {
      "type": "Feature",
      "geometry": {
        "type": "Point",
        "coordinates": [
          -8253467.783600001,
          505594.67810000107
        ]
      },
      "properties": {
        "NOMBRE_EST": "COLEGIO EL MINUTO DE BUENOS AIRES (IED)",
        "NOMBRE_SED": "MINUTO DE MARIA",
        "ORDEN_DE_S": "B",
        "DANE12_EST": "111001086762",
        "TMATRIC_GE": 662
      }
    },
    {
      "type": "Feature",
      "geometry": {
        "type": "Point",
        "coordinates": [
          -8255978.1194,
          510161.1853
        ]
      },
      "properties": {
        "NOMBRE_EST": "COLEGIO CEDID CIUDAD BOLIVAR (IED)",
        "NOMBRE_SED": "CIUDAD BOLIVAR",
        "ORDEN_DE_S": "A",
        "DANE12_EST": "111001086801",
        "TMATRIC_GE": 2975
      }
    },
    {
      "type": "Feature",
      "geometry": {
        "type": "Point",
        "coordinates": [
          -8256066.7765,
          509495.8856999986
        ]
      },
      "properties": {
        "NOMBRE_EST": "COLEGIO CEDID CIUDAD BOLIVAR (IED)",
        "NOMBRE_SED": "TANQUE LAGUNA",
        "ORDEN_DE_S": "B",
        "DANE12_EST": "111001086801",
        "TMATRIC_GE": 776
      }
    },
    {
      "type": "Feature",
      "geometry": {
        "type": "Point",
        "coordinates": [
          -8256427.862400001,
          510502.56599999964
        ]
      },
      "properties": {
        "NOMBRE_EST": "COLEGIO CEDID CIUDAD BOLIVAR (IED)",
        "NOMBRE_SED": "PERDOMO ALTO",
        "ORDEN_DE_S": "C",
        "DANE12_EST": "111001086801",
        "TMATRIC_GE": 478
      }
    },
    {
      "type": "Feature",
      "geometry": {
        "type": "Point",
        "coordinates": [
          -8255835.363299999,
          509899.51689999923
        ]
      },
      "properties": {
        "NOMBRE_EST": "COLEGIO CEDID CIUDAD BOLIVAR (IED)",
        "NOMBRE_SED": "SANTA ROSITA LAS VEGAS",
        "ORDEN_DE_S": "D",
        "DANE12_EST": "111001086801",
        "TMATRIC_GE": 301
      }
    },
    {
      "type": "Feature",
      "geometry": {
        "type": "Point",
        "coordinates": [
          -8256519.710999999,
          509812.7974999994
        ]
      },
      "properties": {
        "NOMBRE_EST": "COLEGIO SIERRA MORENA (IED)",
        "NOMBRE_SED": "SIERRA MORENA",
        "ORDEN_DE_S": "A",
        "DANE12_EST": "111001086835",
        "TMATRIC_GE": 3038
      }
    },
    {
      "type": "Feature",
      "geometry": {
        "type": "Point",
        "coordinates": [
          -8257833.645,
          511421.27980000153
        ]
      },
      "properties": {
        "NOMBRE_EST": "COLEGIO SIERRA MORENA (IED)",
        "NOMBRE_SED": "SANTO DOMINGO SAVIO",
        "ORDEN_DE_S": "B",
        "DANE12_EST": "111001086835",
        "TMATRIC_GE": 806
      }
    },
    {
      "type": "Feature",
      "geometry": {
        "type": "Point",
        "coordinates": [
          -8256517.6427,
          509345.9219000004
        ]
      },
      "properties": {
        "NOMBRE_EST": "COLEGIO SIERRA MORENA (IED)",
        "NOMBRE_SED": "DIVINO NIÑO",
        "ORDEN_DE_S": "C",
        "DANE12_EST": "111001086835",
        "TMATRIC_GE": 681
      }
    },
    {
      "type": "Feature",
      "geometry": {
        "type": "Point",
        "coordinates": [
          -8256576.0286,
          509449.63650000095
        ]
      },
      "properties": {
        "NOMBRE_EST": "COLEGIO SIERRA MORENA (IED)",
        "NOMBRE_SED": "SIERRA MORENA D",
        "ORDEN_DE_S": "D",
        "DANE12_EST": "111001086835",
        "TMATRIC_GE": 448
      }
    },
    {
      "type": "Feature",
      "geometry": {
        "type": "Point",
        "coordinates": [
          -8257244.967499999,
          511804.9875999987
        ]
      },
      "properties": {
        "NOMBRE_EST": "COLEGIO LA ESTANCIA - SAN ISIDRO LABRADOR (IED)",
        "NOMBRE_SED": "LA ESTANCIA",
        "ORDEN_DE_S": "A",
        "DANE12_EST": "111001092410",
        "TMATRIC_GE": 1938
      }
    },
    {
      "type": "Feature",
      "geometry": {
        "type": "Point",
        "coordinates": [
          -8257893.888900001,
          511697.12310000136
        ]
      },
      "properties": {
        "NOMBRE_EST": "COLEGIO LA ESTANCIA - SAN ISIDRO LABRADOR (IED)",
        "NOMBRE_SED": "SAN ISIDRO LABRADOR",
        "ORDEN_DE_S": "B",
        "DANE12_EST": "111001092410",
        "TMATRIC_GE": 518
      }
    },
    {
      "type": "Feature",
      "geometry": {
        "type": "Point",
        "coordinates": [
          -8256003.946599999,
          510195.7336000018
        ]
      },
      "properties": {
        "NOMBRE_EST": "COLEGIO CIUDAD BOLIVAR - ARGENTINA (IED)",
        "NOMBRE_SED": "CIUDAD BOLIVAR",
        "ORDEN_DE_S": "A",
        "DANE12_EST": "111001096555",
        "TMATRIC_GE": 1629
      }
    },
    {
      "type": "Feature",
      "geometry": {
        "type": "Point",
        "coordinates": [
          -8255698.3101,
          509640.8894999996
        ]
      },
      "properties": {
        "NOMBRE_EST": "COLEGIO CIUDAD BOLIVAR - ARGENTINA (IED)",
        "NOMBRE_SED": "ARGENTINA LA NUEVA",
        "ORDEN_DE_S": "B",
        "DANE12_EST": "111001096555",
        "TMATRIC_GE": 360
      }
    },
    {
      "type": "Feature",
      "geometry": {
        "type": "Point",
        "coordinates": [
          -8253850.768300001,
          505555.7459000014
        ]
      },
      "properties": {
        "NOMBRE_EST": "COLEGIO LA JOYA (IED)",
        "NOMBRE_SED": "LA JOYA",
        "ORDEN_DE_S": "A",
        "DANE12_EST": "111001098973",
        "TMATRIC_GE": 940
      }
    },
    {
      "type": "Feature",
      "geometry": {
        "type": "Point",
        "coordinates": [
          -8253152.1216,
          505962.38800000027
        ]
      },
      "properties": {
        "NOMBRE_EST": "COLEGIO BUENAVISTA (IED)",
        "NOMBRE_SED": "COLEGIO BUENAVISTA (IED) - SEDE PRINCIPAL",
        "ORDEN_DE_S": "A",
        "DANE12_EST": "111001100013",
        "TMATRIC_GE": 1149
      }
    },
    {
      "type": "Feature",
      "geometry": {
        "type": "Point",
        "coordinates": [
          -8255870.889799999,
          509040.67489999905
        ]
      },
      "properties": {
        "NOMBRE_EST": "COLEGIO GIMNASIO SABIO CALDAS (IED)",
        "NOMBRE_SED": "COLEGIO GIMNASIO SABIO CALDAS (IED) - SEDE PRINCIPAL",
        "ORDEN_DE_S": "A",
        "DANE12_EST": "111001100021",
        "TMATRIC_GE": 1006
      }
    },
    {
      "type": "Feature",
      "geometry": {
        "type": "Point",
        "coordinates": [
          -8255598.1203000005,
          506181.57250000164
        ]
      },
      "properties": {
        "NOMBRE_EST": "COLEGIO JOSE MARIA VARGAS VILA (IED)",
        "NOMBRE_SED": "JOSE MARIA VARGAS VILA",
        "ORDEN_DE_S": "A",
        "DANE12_EST": "111001107115",
        "TMATRIC_GE": 3002
      }
    },
    {
      "type": "Feature",
      "geometry": {
        "type": "Point",
        "coordinates": [
          -8253036.9081999995,
          508374.5377999991
        ]
      },
      "properties": {
        "NOMBRE_EST": "COLEGIO CUNDINAMARCA (IED)",
        "NOMBRE_SED": "CUNDINAMARCA",
        "ORDEN_DE_S": "A",
        "DANE12_EST": "111001107816",
        "TMATRIC_GE": 3556
      }
    },
    {
      "type": "Feature",
      "geometry": {
        "type": "Point",
        "coordinates": [
          -8253134.5031,
          506406.1886
        ]
      },
      "properties": {
        "NOMBRE_EST": "COLEGIO ANTONIO GARCIA (IED)",
        "NOMBRE_SED": "ANTONIO GARCIA",
        "ORDEN_DE_S": "A",
        "DANE12_EST": "111001107859",
        "TMATRIC_GE": 2646
      }
    },
    {
      "type": "Feature",
      "geometry": {
        "type": "Point",
        "coordinates": [
          -8254662.5122,
          506981.72260000184
        ]
      },
      "properties": {
        "NOMBRE_EST": "COLEGIO FANNY MIKEY (IED)",
        "NOMBRE_SED": "FANNY MIKEY",
        "ORDEN_DE_S": "A",
        "DANE12_EST": "111001109304",
        "TMATRIC_GE": 1885
      }
    },
    {
      "type": "Feature",
      "geometry": {
        "type": "Point",
        "coordinates": [
          -8255337.744000001,
          510818.3610999994
        ]
      },
      "properties": {
        "NOMBRE_EST": "COLEGIO EL ENSUEÑO (IED)",
        "NOMBRE_SED": "COLEGIO EL ENSUEÑO (IED) - SEDE PRINCIPAL",
        "ORDEN_DE_S": "A",
        "DANE12_EST": "111001800414",
        "TMATRIC_GE": 1040
      }
    },
    {
      "type": "Feature",
      "geometry": {
        "type": "Point",
        "coordinates": [
          -8254894.699100001,
          511203.80579999834
        ]
      },
      "properties": {
        "NOMBRE_EST": "COLEGIO ROGELIO SALMONA (IED)",
        "NOMBRE_SED": "COLEGIO ROGELIO SALMONA (IED) - SEDE PRINCIPAL",
        "ORDEN_DE_S": "A",
        "DANE12_EST": "111001800422",
        "TMATRIC_GE": 1575
      }
    },
    {
      "type": "Feature",
      "geometry": {
        "type": "Point",
        "coordinates": [
          -8255929.853499999,
          510677.0166000016
        ]
      },
      "properties": {
        "NOMBRE_EST": "COLEGIO ANGELA RESTREPO MORENO (IED)",
        "NOMBRE_SED": "COLEGIO ANGELA RESTREPO MORENO (IED) - SEDE PRINCIPAL",
        "ORDEN_DE_S": "A",
        "DANE12_EST": "111001800571",
        "TMATRIC_GE": 1033
      }
    },
    {
      "type": "Feature",
      "geometry": {
        "type": "Point",
        "coordinates": [
          -8255965.1173,
          509990.3359999992
        ]
      },
      "properties": {
        "NOMBRE_EST": "COLEGIO EL NOGAL (IED)",
        "NOMBRE_SED": "COLEGIO EL NOGAL (IED) - SEDE PRINCIPAL",
        "ORDEN_DE_S": "A",
        "DANE12_EST": "111001800635",
        "TMATRIC_GE": 1042
      }
    },
    {
      "type": "Feature",
      "geometry": {
        "type": "Point",
        "coordinates": [
          -8254684.972100001,
          510554.75769999996
        ]
      },
      "properties": {
        "NOMBRE_EST": "COLEGIO MARIA CURREA MANRIQUE (IED)",
        "NOMBRE_SED": "COLEGIO MARIA CURREA MANRIQUE (IED)",
        "ORDEN_DE_S": "A",
        "DANE12_EST": "111001801276",
        "TMATRIC_GE": 224
      }
    },
    {
      "type": "Feature",
      "geometry": {
        "type": "Point",
        "coordinates": [
          -8255742.1588,
          511105.5896999985
        ]
      },
      "properties": {
        "NOMBRE_EST": "COLEGIO AGUDELO RESTREPO (IED)",
        "NOMBRE_SED": "COLEGIO AGUDELO RESTREPO (IED)",
        "ORDEN_DE_S": "A",
        "DANE12_EST": "111001801314",
        "TMATRIC_GE": 912
      }
    },
    {
      "type": "Feature",
      "geometry": {
        "type": "Point",
        "coordinates": [
          -8255091.0834,
          495275.23220000044
        ]
      },
      "properties": {
        "NOMBRE_EST": "COLEGIO RURAL PASQUILLA (IED)",
        "NOMBRE_SED": "RURAL PASQUILLA",
        "ORDEN_DE_S": "A",
        "DANE12_EST": "211850001121",
        "TMATRIC_GE": 911
      }
    },
    {
      "type": "Feature",
      "geometry": {
        "type": "Point",
        "coordinates": [
          -8254582.2643,
          491072.2802999988
        ]
      },
      "properties": {
        "NOMBRE_EST": "COLEGIO RURAL PASQUILLA (IED)",
        "NOMBRE_SED": "SANTA BARBARA",
        "ORDEN_DE_S": "B",
        "DANE12_EST": "211850001121",
        "TMATRIC_GE": 33
      }
    },
    {
      "type": "Feature",
      "geometry": {
        "type": "Point",
        "coordinates": [
          -8254694.837200001,
          493443.3066000007
        ]
      },
      "properties": {
        "NOMBRE_EST": "COLEGIO RURAL PASQUILLA (IED)",
        "NOMBRE_SED": "PASQUILLITA",
        "ORDEN_DE_S": "C",
        "DANE12_EST": "211850001121",
        "TMATRIC_GE": 69
      }
    },
    {
      "type": "Feature",
      "geometry": {
        "type": "Point",
        "coordinates": [
          -8255983.8412,
          502995.5142999999
        ]
      },
      "properties": {
        "NOMBRE_EST": "COLEGIO RURAL QUIBA ALTA (IED)",
        "NOMBRE_SED": "RURAL QUIBA ALTA",
        "ORDEN_DE_S": "A",
        "DANE12_EST": "211850001171",
        "TMATRIC_GE": 622
      }
    },
    {
      "type": "Feature",
      "geometry": {
        "type": "Point",
        "coordinates": [
          -8256117.651699999,
          504556.47250000015
        ]
      },
      "properties": {
        "NOMBRE_EST": "COLEGIO RURAL QUIBA ALTA (IED)",
        "NOMBRE_SED": "RURAL QUIBA BAJA",
        "ORDEN_DE_S": "B",
        "DANE12_EST": "211850001171",
        "TMATRIC_GE": 733
      }
    },
    {
      "type": "Feature",
      "geometry": {
        "type": "Point",
        "coordinates": [
          -8254142.468800001,
          500198.2820000015
        ]
      },
      "properties": {
        "NOMBRE_EST": "COLEGIO MOCHUELO ALTO (CED)",
        "NOMBRE_SED": "MOCHUELO ALTO",
        "ORDEN_DE_S": "A",
        "DANE12_EST": "211850001180",
        "TMATRIC_GE": 332
      }
    },
    {
      "type": "Feature",
      "geometry": {
        "type": "Point",
        "coordinates": [
          -8254562.8813000005,
          502681.82030000165
        ]
      },
      "properties": {
        "NOMBRE_EST": "COLEGIO RURAL JOSE CELESTINO MUTIS (IED)",
        "NOMBRE_SED": "RURAL JOSE CELESTINO MUTIS",
        "ORDEN_DE_S": "A",
        "DANE12_EST": "211850001317",
        "TMATRIC_GE": 1615
      }
    },
    {
      "type": "Feature",
      "geometry": {
        "type": "Point",
        "coordinates": [
          -8254852.7127,
          506055.39090000093
        ]
      },
      "properties": {
        "NOMBRE_EST": "COLEGIO CANADA (IED)",
        "NOMBRE_SED": "CANADA",
        "ORDEN_DE_S": "A",
        "DANE12_EST": "311001075034",
        "TMATRIC_GE": 768
      }
    },
    {
      "type": "Feature",
      "geometry": {
        "type": "Point",
        "coordinates": [
          -8256734.3661,
          464720.80260000005
        ]
      },
      "properties": {
        "NOMBRE_EST": "COLEGIO CAMPESTRE JAIME GARZON (IED)",
        "NOMBRE_SED": "RURAL LAS AURAS",
        "ORDEN_DE_S": "A",
        "DANE12_EST": "211001076346",
        "TMATRIC_GE": 159
      }
    },
    {
      "type": "Feature",
      "geometry": {
        "type": "Point",
        "coordinates": [
          -8253119.870100001,
          467238.9587999992
        ]
      },
      "properties": {
        "NOMBRE_EST": "COLEGIO CAMPESTRE JAIME GARZON (IED)",
        "NOMBRE_SED": "RURAL EL RAIZAL",
        "ORDEN_DE_S": "B",
        "DANE12_EST": "211001076346",
        "TMATRIC_GE": 32
      }
    },
    {
      "type": "Feature",
      "geometry": {
        "type": "Point",
        "coordinates": [
          -8255037.8816,
          467501.0502999984
        ]
      },
      "properties": {
        "NOMBRE_EST": "COLEGIO CAMPESTRE JAIME GARZON (IED)",
        "NOMBRE_SED": "RURAL LAGUNA VERDE",
        "ORDEN_DE_S": "C",
        "DANE12_EST": "211001076346",
        "TMATRIC_GE": 8
      }
    },
    {
      "type": "Feature",
      "geometry": {
        "type": "Point",
        "coordinates": [
          -8253561.005899999,
          472426.0282999985
        ]
      },
      "properties": {
        "NOMBRE_EST": "COLEGIO CAMPESTRE JAIME GARZON (IED)",
        "NOMBRE_SED": "RURAL EL TABACO",
        "ORDEN_DE_S": "D",
        "DANE12_EST": "211001076346",
        "TMATRIC_GE": 11
      }
    },
    {
      "type": "Feature",
      "geometry": {
        "type": "Point",
        "coordinates": [
          -8252030.559900001,
          467023.90780000016
        ]
      },
      "properties": {
        "NOMBRE_EST": "COLEGIO CAMPESTRE JAIME GARZON (IED)",
        "NOMBRE_SED": "RURAL PEÑALIZA",
        "ORDEN_DE_S": "E",
        "DANE12_EST": "211001076346",
        "TMATRIC_GE": 7
      }
    },
    {
      "type": "Feature",
      "geometry": {
        "type": "Point",
        "coordinates": [
          -8253866.449899999,
          469989.1116000004
        ]
      },
      "properties": {
        "NOMBRE_EST": "COLEGIO CAMPESTRE JAIME GARZON (IED)",
        "NOMBRE_SED": "RURAL ADELINA GUTIERREZ PALACIOS",
        "ORDEN_DE_S": "F",
        "DANE12_EST": "211001076346",
        "TMATRIC_GE": 46
      }
    },
    {
      "type": "Feature",
      "geometry": {
        "type": "Point",
        "coordinates": [
          -8258532.105799999,
          467139.873399999
        ]
      },
      "properties": {
        "NOMBRE_EST": "COLEGIO CAMPESTRE JAIME GARZON (IED)",
        "NOMBRE_SED": "RURAL SANTA ROSA DE NAZARETH",
        "ORDEN_DE_S": "I",
        "DANE12_EST": "211001076346",
        "TMATRIC_GE": 11
      }
    },
    {
      "type": "Feature",
      "geometry": {
        "type": "Point",
        "coordinates": [
          -8257770.8061999995,
          462090.1105999984
        ]
      },
      "properties": {
        "NOMBRE_EST": "COLEGIO CAMPESTRE JAIME GARZON (IED)",
        "NOMBRE_SED": "RURAL LAS ANIMAS",
        "ORDEN_DE_S": "J",
        "DANE12_EST": "211001076346",
        "TMATRIC_GE": 4
      }
    },
    {
      "type": "Feature",
      "geometry": {
        "type": "Point",
        "coordinates": [
          -8254055.1019,
          463633.68030000106
        ]
      },
      "properties": {
        "NOMBRE_EST": "COLEGIO CAMPESTRE JAIME GARZON (IED)",
        "NOMBRE_SED": "RURAL LOS RIOS",
        "ORDEN_DE_S": "M",
        "DANE12_EST": "211001076346",
        "TMATRIC_GE": 1
      }
    },
    {
      "type": "Feature",
      "geometry": {
        "type": "Point",
        "coordinates": [
          -8278129.733999999,
          444035.93879999965
        ]
      },
      "properties": {
        "NOMBRE_EST": "COLEGIO GIMNASIO DEL CAMPO JUAN DE LA CRUZ VARELA (IED)",
        "NOMBRE_SED": "RURAL LA UNION",
        "ORDEN_DE_S": "A",
        "DANE12_EST": "211850001473",
        "TMATRIC_GE": 253
      }
    },
    {
      "type": "Feature",
      "geometry": {
        "type": "Point",
        "coordinates": [
          -8275045.6676,
          440618.63760000095
        ]
      },
      "properties": {
        "NOMBRE_EST": "COLEGIO GIMNASIO DEL CAMPO JUAN DE LA CRUZ VARELA (IED)",
        "NOMBRE_SED": "RURAL TUNAL ALTO",
        "ORDEN_DE_S": "B",
        "DANE12_EST": "211850001473",
        "TMATRIC_GE": 100
      }
    },
    {
      "type": "Feature",
      "geometry": {
        "type": "Point",
        "coordinates": [
          -8276604.1405,
          443743.0767999999
        ]
      },
      "properties": {
        "NOMBRE_EST": "COLEGIO GIMNASIO DEL CAMPO JUAN DE LA CRUZ VARELA (IED)",
        "NOMBRE_SED": "RURAL TUNAL BAJO",
        "ORDEN_DE_S": "C",
        "DANE12_EST": "211850001473",
        "TMATRIC_GE": 6
      }
    },
    {
      "type": "Feature",
      "geometry": {
        "type": "Point",
        "coordinates": [
          -8274009.3555,
          443829.2875000015
        ]
      },
      "properties": {
        "NOMBRE_EST": "COLEGIO GIMNASIO DEL CAMPO JUAN DE LA CRUZ VARELA (IED)",
        "NOMBRE_SED": "RURAL LAGUNITAS",
        "ORDEN_DE_S": "D",
        "DANE12_EST": "211850001473",
        "TMATRIC_GE": 7
      }
    },
    {
      "type": "Feature",
      "geometry": {
        "type": "Point",
        "coordinates": [
          -8277569.8226,
          433450.1264999993
        ]
      },
      "properties": {
        "NOMBRE_EST": "COLEGIO GIMNASIO DEL CAMPO JUAN DE LA CRUZ VARELA (IED)",
        "NOMBRE_SED": "RURAL EL SALITRE",
        "ORDEN_DE_S": "E",
        "DANE12_EST": "211850001473",
        "TMATRIC_GE": 12
      }
    },
    {
      "type": "Feature",
      "geometry": {
        "type": "Point",
        "coordinates": [
          -8276578.4034,
          437631.67650000006
        ]
      },
      "properties": {
        "NOMBRE_EST": "COLEGIO GIMNASIO DEL CAMPO JUAN DE LA CRUZ VARELA (IED)",
        "NOMBRE_SED": "RURAL LA CONCEPCION",
        "ORDEN_DE_S": "F",
        "DANE12_EST": "211850001473",
        "TMATRIC_GE": 5
      }
    },
    {
      "type": "Feature",
      "geometry": {
        "type": "Point",
        "coordinates": [
          -8281429.2983,
          426618.9294000007
        ]
      },
      "properties": {
        "NOMBRE_EST": "COLEGIO GIMNASIO DEL CAMPO JUAN DE LA CRUZ VARELA (IED)",
        "NOMBRE_SED": "RURAL SAN JOSE",
        "ORDEN_DE_S": "G",
        "DANE12_EST": "211850001473",
        "TMATRIC_GE": 6
      }
    },
    {
      "type": "Feature",
      "geometry": {
        "type": "Point",
        "coordinates": [
          -8271659.3532,
          445724.5465000011
        ]
      },
      "properties": {
        "NOMBRE_EST": "COLEGIO GIMNASIO DEL CAMPO JUAN DE LA CRUZ VARELA (IED)",
        "NOMBRE_SED": "RURAL LAS CHORRERAS",
        "ORDEN_DE_S": "H",
        "DANE12_EST": "211850001473",
        "TMATRIC_GE": 4
      }
    },
    {
      "type": "Feature",
      "geometry": {
        "type": "Point",
        "coordinates": [
          -8271087.6285,
          449019.8946999982
        ]
      },
      "properties": {
        "NOMBRE_EST": "COLEGIO GIMNASIO DEL CAMPO JUAN DE LA CRUZ VARELA (IED)",
        "NOMBRE_SED": "RURAL ERASMO VALENCIA",
        "ORDEN_DE_S": "I",
        "DANE12_EST": "211850001473",
        "TMATRIC_GE": 97
      }
    },
    {
      "type": "Feature",
      "geometry": {
        "type": "Point",
        "coordinates": [
          -8272596.638800001,
          448876.31540000066
        ]
      },
      "properties": {
        "NOMBRE_EST": "COLEGIO GIMNASIO DEL CAMPO JUAN DE LA CRUZ VARELA (IED)",
        "NOMBRE_SED": "RURAL SAN JUAN",
        "ORDEN_DE_S": "J",
        "DANE12_EST": "211850001473",
        "TMATRIC_GE": 19
      }
    },
    {
      "type": "Feature",
      "geometry": {
        "type": "Point",
        "coordinates": [
          -8273964.7565,
          451988.70800000057
        ]
      },
      "properties": {
        "NOMBRE_EST": "COLEGIO GIMNASIO DEL CAMPO JUAN DE LA CRUZ VARELA (IED)",
        "NOMBRE_SED": "RURAL EL TOLDO",
        "ORDEN_DE_S": "K",
        "DANE12_EST": "211850001473",
        "TMATRIC_GE": 3
      }
    },
    {
      "type": "Feature",
      "geometry": {
        "type": "Point",
        "coordinates": [
          -8274258.984999999,
          456150.0703999996
        ]
      },
      "properties": {
        "NOMBRE_EST": "COLEGIO GIMNASIO DEL CAMPO JUAN DE LA CRUZ VARELA (IED)",
        "NOMBRE_SED": "RURAL SAN ANTONIO",
        "ORDEN_DE_S": "L",
        "DANE12_EST": "211850001473",
        "TMATRIC_GE": 6
      }
    },
    {
      "type": "Feature",
      "geometry": {
        "type": "Point",
        "coordinates": [
          -8275905.295600001,
          446613.3808999993
        ]
      },
      "properties": {
        "NOMBRE_EST": "COLEGIO GIMNASIO DEL CAMPO JUAN DE LA CRUZ VARELA (IED)",
        "NOMBRE_SED": "RURAL SANTO DOMINGO",
        "ORDEN_DE_S": "M",
        "DANE12_EST": "211850001473",
        "TMATRIC_GE": 5
      }
    },
    {
      "type": "Feature",
      "geometry": {
        "type": "Point",
        "coordinates": [
          -8276697.7323,
          449170.2452000007
        ]
      },
      "properties": {
        "NOMBRE_EST": "COLEGIO GIMNASIO DEL CAMPO JUAN DE LA CRUZ VARELA (IED)",
        "NOMBRE_SED": "RURAL EL CAPITOLIO",
        "ORDEN_DE_S": "N",
        "DANE12_EST": "211850001473",
        "TMATRIC_GE": 4
      }
    }
  ]
}