{
  "type": "FeatureCollection",
  "features": [
    {
      "type": "Feature",
      "geometry": {
        "type": "Point",
        "coordinates": [
          -8251050.7513999995,
          513320.88589999825
        ]
      },
      "properties": {
        "DANE12_EST": "111001000078",
        "NOMBRE_EST": "COLEGIO DE CULTURA POPULAR (IED)",
        "ORDEN_DE_S": "A",
        "puntaje_2023": 265.77,
        "cole_caracter": "ACADÉMICO",
        "punt_global_2020": 259.76,
        "punt_global_2022": 273.91
      }
    },
    {
      "type": "Feature",
      "geometry": {
        "type": "Point",
        "coordinates": [
          -8252777.3167,
          514430.99489999935
        ]
      },
      "properties": {
        "DANE12_EST": "111001000124",
        "NOMBRE_EST": "COLEGIO CARLOS ARANGO VELEZ (IED)",
        "ORDEN_DE_S": "A",
        "puntaje_2023": 261.47,
        "cole_caracter": "ACADÉMICO",
        "punt_global_2020": 266.11,
        "punt_global_2022": 267.61
      }
    },
    {
      "type": "Feature",
      "geometry": {
        "type": "Point",
        "coordinates": [
          -8242002.703199999,
          531131.4316000007
        ]
      },
      "properties": {
        "DANE12_EST": "111001000132",
        "NOMBRE_EST": "COLEGIO AQUILEO PARRA (IED)",
        "ORDEN_DE_S": "A",
        "puntaje_2023": 261.54,
        "cole_caracter": "ACADÉMICO",
        "punt_global_2020": 257.08,
        "punt_global_2022": 258.71
      }
    },
    {
      "type": "Feature",
      "geometry": {
        "type": "Point",
        "coordinates": [
          -8248930.1151,
          525799.9037000015
        ]
      },
      "properties": {
        "DANE12_EST": "111001000272",
        "NOMBRE_EST": "COLEGIO INSTITUTO TECNICO LAUREANO GOMEZ (IED)",
        "ORDEN_DE_S": "A",
        "puntaje_2023": 275.14,
        "cole_caracter": "TÉCNICO/ACADÉMICO",
        "punt_global_2020": 264.82,
        "punt_global_2022": 271.42
      }
    },
    {
      "type": "Feature",
      "geometry": {
        "type": "Point",
        "coordinates": [
          -8248215.4439,
          509178.7747000009
        ]
      },
      "properties": {
        "DANE12_EST": "111001000353",
        "NOMBRE_EST": "COLEGIO SALESIANO JUAN DEL RIZZO",
        "ORDEN_DE_S": "A",
        "puntaje_2023": 286.92,
        "cole_caracter": "ACADÉMICO",
        "punt_global_2020": 275.98,
        "punt_global_2022": 291.74
      }
    },
    {
      "type": "Feature",
      "geometry": {
        "type": "Point",
        "coordinates": [
          -8245650.642899999,
          520731.21499999985
        ]
      },
      "properties": {
        "DANE12_EST": "111001000612",
        "NOMBRE_EST": "COLEGIO FEMENINO LORENCITA VILLEGAS DE SANTOS (IED)",
        "ORDEN_DE_S": "A",
        "puntaje_2023": 292.31,
        "cole_caracter": "ACADÉMICO",
        "punt_global_2020": 286.0,
        "punt_global_2022": 290.05
      }
    },
    {
      "type": "Feature",
      "geometry": {
        "type": "Point",
        "coordinates": [
          -8249025.8498,
          520916.6218000017
        ]
      },
      "properties": {
        "DANE12_EST": "111001001121",
        "NOMBRE_EST": "COLEGIO MARCO TULIO FERNANDEZ (IED)",
        "ORDEN_DE_S": "A",
        "puntaje_2023": 275.77,
        "cole_caracter": "ACADÉMICO",
        "punt_global_2020": 281.4,
        "punt_global_2022": 270.64
      }
    },
    {
      "type": "Feature",
      "geometry": {
        "type": "Point",
        "coordinates": [
          -8255683.8686,
          517292.33359999955
        ]
      },
      "properties": {
        "DANE12_EST": "111001001279",
        "NOMBRE_EST": "COLEGIO DARIO ECHANDIA (IED)",
        "ORDEN_DE_S": "A",
        "puntaje_2023": 263.92,
        "cole_caracter": "TÉCNICO/ACADÉMICO",
        "punt_global_2020": 268.16,
        "punt_global_2022": 266.48
      }
    },
    {
      "type": "Feature",
      "geometry": {
        "type": "Point",
        "coordinates": [
          -8251204.372300001,
          525005.7351999991
        ]
      },
      "properties": {
        "DANE12_EST": "111001001538",
        "NOMBRE_EST": "COLEGIO NUEVA CONSTITUCION (IED)",
        "ORDEN_DE_S": "A",
        "puntaje_2023": 270.64,
        "cole_caracter": "ACADÉMICO",
        "punt_global_2020": 248.19,
        "punt_global_2022": 248.21
      }
    },
    {
      "type": "Feature",
      "geometry": {
        "type": "Point",
        "coordinates": [
          -8249732.728599999,
          528505.2756999992
        ]
      },
      "properties": {
        "DANE12_EST": "111001002330",
        "NOMBRE_EST": "COLEGIO LA GAITANA (IED)",
        "ORDEN_DE_S": "A",
        "puntaje_2023": 245.52,
        "cole_caracter": "ACADÉMICO",
        "punt_global_2020": 246.02,
        "punt_global_2022": 252.9
      }
    },
    {
      "type": "Feature",
      "geometry": {
        "type": "Point",
        "coordinates": [
          -8246521.1613,
          516502.71880000085
        ]
      },
      "properties": {
        "DANE12_EST": "111001002895",
        "NOMBRE_EST": "INSTITUTO PEDAGOGICO ARTURO RAMIREZ MONTUFAR",
        "ORDEN_DE_S": "A",
        "puntaje_2023": 325.0,
        "cole_caracter": "ACADÉMICO",
        "punt_global_2020": 329.25,
        "punt_global_2022": 308.67
      }
    },
    {
      "type": "Feature",
      "geometry": {
        "type": "Point",
        "coordinates": [
          -8259566.692399999,
          513198.03770000115
        ]
      },
      "properties": {
        "DANE12_EST": "111001002909",
        "NOMBRE_EST": "COLEGIO CARLOS ALBAN HOLGUIN (IED)",
        "ORDEN_DE_S": "A",
        "puntaje_2023": 240.94,
        "cole_caracter": "ACADÉMICO",
        "punt_global_2020": 246.78,
        "punt_global_2022": 249.56
      }
    },
    {
      "type": "Feature",
      "geometry": {
        "type": "Point",
        "coordinates": [
          -8248924.5491,
          515118.95760000125
        ]
      },
      "properties": {
        "DANE12_EST": "111001006122",
        "NOMBRE_EST": "COLEGIO LA MERCED (IED)",
        "ORDEN_DE_S": "A",
        "puntaje_2023": 285.88,
        "cole_caracter": "TÉCNICO/ACADÉMICO",
        "punt_global_2020": 269.49,
        "punt_global_2022": 279.99
      }
    },
    {
      "type": "Feature",
      "geometry": {
        "type": "Point",
        "coordinates": [
          -8249221.7721,
          522199.9615000002
        ]
      },
      "properties": {
        "DANE12_EST": "111001006483",
        "NOMBRE_EST": "COLEGIO ANTONIO NARIÑO (IED)",
        "ORDEN_DE_S": "A",
        "puntaje_2023": 268.43,
        "cole_caracter": "ACADÉMICO",
        "punt_global_2020": 254.5,
        "punt_global_2022": 254.25
      }
    },
    {
      "type": "Feature",
      "geometry": {
        "type": "Point",
        "coordinates": [
          -8245050.630799999,
          522091.6196000017
        ]
      },
      "properties": {
        "DANE12_EST": "111001008389",
        "NOMBRE_EST": "COLEGIO TECNICO DOMINGO FAUSTINO SARMIENTO (IED)",
        "ORDEN_DE_S": "A",
        "puntaje_2023": 262.96,
        "cole_caracter": "TÉCNICO/ACADÉMICO",
        "punt_global_2020": 255.99,
        "punt_global_2022": 264.41
      }
    },
    {
      "type": "Feature",
      "geometry": {
        "type": "Point",
        "coordinates": [
          -8244960.461999999,
          518553.27650000155
        ]
      },
      "properties": {
        "DANE12_EST": "111001009148",
        "NOMBRE_EST": "COLEGIO HELADIA MEJIA (IED)",
        "ORDEN_DE_S": "A",
        "puntaje_2023": 266.15,
        "cole_caracter": "ACADÉMICO",
        "punt_global_2020": 251.11,
        "punt_global_2022": 264.98
      }
    },
    {
      "type": "Feature",
      "geometry": {
        "type": "Point",
        "coordinates": [
          -8248920.0963,
          521444.92179999873
        ]
      },
      "properties": {
        "DANE12_EST": "111001009521",
        "NOMBRE_EST": "COLEGIO ROBERT F. KENNEDY (IED)",
        "ORDEN_DE_S": "A",
        "puntaje_2023": 260.84,
        "cole_caracter": "ACADÉMICO",
        "punt_global_2020": 263.6,
        "punt_global_2022": 261.15
      }
    },
    {
      "type": "Feature",
      "geometry": {
        "type": "Point",
        "coordinates": [
          -8246827.289899999,
          522363.0331999995
        ]
      },
      "properties": {
        "DANE12_EST": "111001009580",
        "NOMBRE_EST": "COLEGIO INSTITUTO TECNICO JUAN DEL CORRAL (IED)",
        "ORDEN_DE_S": "A",
        "puntaje_2023": 271.92,
        "cole_caracter": "TÉCNICO/ACADÉMICO",
        "punt_global_2020": 267.95,
        "punt_global_2022": 277.69
      }
    },
    {
      "type": "Feature",
      "geometry": {
        "type": "Point",
        "coordinates": [
          -8252260.794199999,
          510231.8713000007
        ]
      },
      "properties": {
        "DANE12_EST": "111001009652",
        "NOMBRE_EST": "COLEGIO CENTRO INTEGRAL JOSE MARIA CORDOBA (IED)",
        "ORDEN_DE_S": "A",
        "puntaje_2023": 266.02,
        "cole_caracter": "ACADÉMICO",
        "punt_global_2020": 257.56,
        "punt_global_2022": 256.94
      }
    },
    {
      "type": "Feature",
      "geometry": {
        "type": "Point",
        "coordinates": [
          -8245194.232999999,
          514255.65469999984
        ]
      },
      "properties": {
        "DANE12_EST": "111001009831",
        "NOMBRE_EST": "COLEGIO POLICARPA SALAVARRIETA (IED)",
        "ORDEN_DE_S": "A",
        "puntaje_2023": 258.08,
        "cole_caracter": "ACADÉMICO",
        "punt_global_2020": 250.08,
        "punt_global_2022": 261.2
      }
    },
    {
      "type": "Feature",
      "geometry": {
        "type": "Point",
        "coordinates": [
          -8247838.070900001,
          521261.74760000035
        ]
      },
      "properties": {
        "DANE12_EST": "111001009971",
        "NOMBRE_EST": "COLEGIO REPUBLICA DE COLOMBIA (IED)",
        "ORDEN_DE_S": "A",
        "puntaje_2023": 269.23,
        "cole_caracter": "ACADÉMICO",
        "punt_global_2020": 260.09,
        "punt_global_2022": 261.38
      }
    },
    {
      "type": "Feature",
      "geometry": {
        "type": "Point",
        "coordinates": [
          -8258506.9309,
          512579.3328000009
        ]
      },
      "properties": {
        "DANE12_EST": "111001010031",
        "NOMBRE_EST": "COLEGIO CEDID SAN PABLO (IED)",
        "ORDEN_DE_S": "A",
        "puntaje_2023": 260.86,
        "cole_caracter": "TÉCNICO/ACADÉMICO",
        "punt_global_2020": 245.18,
        "punt_global_2022": 241.82
      }
    },
    {
      "type": "Feature",
      "geometry": {
        "type": "Point",
        "coordinates": [
          -8253625.5712,
          511730.57559999824
        ]
      },
      "properties": {
        "DANE12_EST": "111001010251",
        "NOMBRE_EST": "COLEGIO VENECIA (IED)",
        "ORDEN_DE_S": "A",
        "puntaje_2023": 260.4,
        "cole_caracter": "ACADÉMICO",
        "punt_global_2020": 251.8,
        "punt_global_2022": 258.62
      }
    },
    {
      "type": "Feature",
      "geometry": {
        "type": "Point",
        "coordinates": [
          -8246668.103,
          519887.9547000006
        ]
      },
      "properties": {
        "DANE12_EST": "111001010421",
        "NOMBRE_EST": "COLEGIO JORGE ELIECER GAITAN (IED)",
        "ORDEN_DE_S": "A",
        "puntaje_2023": 278.85,
        "cole_caracter": "ACADÉMICO",
        "punt_global_2020": 275.58,
        "punt_global_2022": 272.11
      }
    },
    {
      "type": "Feature",
      "geometry": {
        "type": "Point",
        "coordinates": [
          -8245036.1592999995,
          517584.9510000013
        ]
      },
      "properties": {
        "DANE12_EST": "111001010731",
        "NOMBRE_EST": "COLEGIO MANUELA BELTRAN (IED)",
        "ORDEN_DE_S": "A",
        "puntaje_2023": 262.55,
        "cole_caracter": "TÉCNICO/ACADÉMICO",
        "punt_global_2020": 243.97,
        "punt_global_2022": 257.45
      }
    },
    {
      "type": "Feature",
      "geometry": {
        "type": "Point",
        "coordinates": [
          -8248262.198100001,
          520315.72670000046
        ]
      },
      "properties": {
        "DANE12_EST": "111001010740",
        "NOMBRE_EST": "COLEGIO INSTITUTO TECNICO INDUSTRIAL FRANCISCO JOSE DE CALDAS (IED)",
        "ORDEN_DE_S": "A",
        "puntaje_2023": 281.92,
        "cole_caracter": "TÉCNICO/ACADÉMICO",
        "punt_global_2020": 275.21,
        "punt_global_2022": 278.48
      }
    },
    {
      "type": "Feature",
      "geometry": {
        "type": "Point",
        "coordinates": [
          -8245141.912799999,
          514898.9428999983
        ]
      },
      "properties": {
        "DANE12_EST": "111001010839",
        "NOMBRE_EST": "COLEGIO EXTERNADO NACIONAL CAMILO TORRES (IED)",
        "ORDEN_DE_S": "A",
        "puntaje_2023": 261.92,
        "cole_caracter": "ACADÉMICO",
        "punt_global_2020": 251.89,
        "punt_global_2022": 255.84
      }
    },
    {
      "type": "Feature",
      "geometry": {
        "type": "Point",
        "coordinates": [
          -8251492.6897,
          516395.501600001
        ]
      },
      "properties": {
        "DANE12_EST": "111001010910",
        "NOMBRE_EST": "COLEGIO NACIONAL NICOLAS ESGUERRA (IED)",
        "ORDEN_DE_S": "A",
        "puntaje_2023": 285.77,
        "cole_caracter": "ACADÉMICO",
        "punt_global_2020": 265.61,
        "punt_global_2022": 270.64
      }
    },
    {
      "type": "Feature",
      "geometry": {
        "type": "Point",
        "coordinates": [
          -8251088.6,
          510311.16120000184
        ]
      },
      "properties": {
        "DANE12_EST": "111001010928",
        "NOMBRE_EST": "COLEGIO RESTREPO MILLAN (IED)",
        "ORDEN_DE_S": "A",
        "puntaje_2023": 260.38,
        "cole_caracter": "ACADÉMICO",
        "punt_global_2020": 255.1,
        "punt_global_2022": 249.09
      }
    },
    {
      "type": "Feature",
      "geometry": {
        "type": "Point",
        "coordinates": [
          -8253001.0688000005,
          510997.97150000185
        ]
      },
      "properties": {
        "DANE12_EST": "111001011011",
        "NOMBRE_EST": "COLEGIO INSTITUTO TECNICO INDUSTRIAL PILOTO (IED)",
        "ORDEN_DE_S": "A",
        "puntaje_2023": 274.26,
        "cole_caracter": "TÉCNICO/ACADÉMICO",
        "punt_global_2020": 256.06,
        "punt_global_2022": 267.88
      }
    },
    {
      "type": "Feature",
      "geometry": {
        "type": "Point",
        "coordinates": [
          -8250532.0024999995,
          508924.1574999988
        ]
      },
      "properties": {
        "DANE12_EST": "111001011029",
        "NOMBRE_EST": "COLEGIO REINO DE HOLANDA (IED)",
        "ORDEN_DE_S": "A",
        "puntaje_2023": 272.69,
        "cole_caracter": "ACADÉMICO",
        "punt_global_2020": 247.75,
        "punt_global_2022": 256.29
      }
    },
    {
      "type": "Feature",
      "geometry": {
        "type": "Point",
        "coordinates": [
          -8250153.5163,
          515961.04989999905
        ]
      },
      "properties": {
        "DANE12_EST": "111001011045",
        "NOMBRE_EST": "COLEGIO SILVERIA ESPINOSA DE RENDON (IED)",
        "ORDEN_DE_S": "A",
        "puntaje_2023": 274.62,
        "cole_caracter": "ACADÉMICO",
        "punt_global_2020": 265.86,
        "punt_global_2022": 274.32
      }
    },
    {
      "type": "Feature",
      "geometry": {
        "type": "Point",
        "coordinates": [
          -8248895.606000001,
          511184.4721999988
        ]
      },
      "properties": {
        "DANE12_EST": "111001011053",
        "NOMBRE_EST": "COLEGIO GUILLERMO LEON VALENCIA (IED)",
        "ORDEN_DE_S": "A",
        "puntaje_2023": 255.24,
        "cole_caracter": "ACADÉMICO",
        "punt_global_2020": 254.54,
        "punt_global_2022": 248.54
      }
    },
    {
      "type": "Feature",
      "geometry": {
        "type": "Point",
        "coordinates": [
          -8249323.072899999,
          524716.4409000017
        ]
      },
      "properties": {
        "DANE12_EST": "111001011070",
        "NOMBRE_EST": "COLEGIO MIGUEL ANTONIO CARO (IED)",
        "ORDEN_DE_S": "A",
        "puntaje_2023": 267.42,
        "cole_caracter": "TÉCNICO/ACADÉMICO",
        "punt_global_2020": 249.13,
        "punt_global_2022": 245.85
      }
    },
    {
      "type": "Feature",
      "geometry": {
        "type": "Point",
        "coordinates": [
          -8246203.900699999,
          520816.1000000015
        ]
      },
      "properties": {
        "DANE12_EST": "111001011088",
        "NOMBRE_EST": "COLEGIO REPUBLICA DE PANAMA (IED)",
        "ORDEN_DE_S": "A",
        "puntaje_2023": 273.85,
        "cole_caracter": "ACADÉMICO",
        "punt_global_2020": 260.92,
        "punt_global_2022": 256.2
      }
    },
    {
      "type": "Feature",
      "geometry": {
        "type": "Point",
        "coordinates": [
          -8252148.361500001,
          512548.0626000017
        ]
      },
      "properties": {
        "DANE12_EST": "111001011274",
        "NOMBRE_EST": "COLEGIO ANDRES BELLO (IED)",
        "ORDEN_DE_S": "A",
        "puntaje_2023": 266.92,
        "cole_caracter": "ACADÉMICO",
        "punt_global_2020": 255.86,
        "punt_global_2022": 263.76
      }
    },
    {
      "type": "Feature",
      "geometry": {
        "type": "Point",
        "coordinates": [
          -8253939.4922,
          512571.51520000026
        ]
      },
      "properties": {
        "DANE12_EST": "111001011321",
        "NOMBRE_EST": "COLEGIO CARLOS ARTURO TORRES (IED)",
        "ORDEN_DE_S": "A",
        "puntaje_2023": 245.96,
        "cole_caracter": "ACADÉMICO",
        "punt_global_2020": 233.55,
        "punt_global_2022": 240.43
      }
    },
    {
      "type": "Feature",
      "geometry": {
        "type": "Point",
        "coordinates": [
          -8254143.206800001,
          515230.6403999999
        ]
      },
      "properties": {
        "DANE12_EST": "111001011690",
        "NOMBRE_EST": "COLEGIO LA AMISTAD (IED)",
        "ORDEN_DE_S": "A",
        "puntaje_2023": 246.12,
        "cole_caracter": "ACADÉMICO",
        "punt_global_2020": 237.59,
        "punt_global_2022": 236.34
      }
    },
    {
      "type": "Feature",
      "geometry": {
        "type": "Point",
        "coordinates": [
          -8248612.854499999,
          525212.3746000007
        ]
      },
      "properties": {
        "DANE12_EST": "111001011771",
        "NOMBRE_EST": "COLEGIO JOSE ASUNCION SILVA (IED)",
        "ORDEN_DE_S": "A",
        "puntaje_2023": 264.23,
        "cole_caracter": "ACADÉMICO",
        "punt_global_2020": 267.39,
        "punt_global_2022": 274.36
      }
    },
    {
      "type": "Feature",
      "geometry": {
        "type": "Point",
        "coordinates": [
          -8249201.7346,
          510477.55860000104
        ]
      },
      "properties": {
        "DANE12_EST": "111001011819",
        "NOMBRE_EST": "COLEGIO LICEO FEMENINO DE CUNDINAMARCA MERCEDES NARIÑO (IED)",
        "ORDEN_DE_S": "A",
        "puntaje_2023": 266.25,
        "cole_caracter": "ACADÉMICO",
        "punt_global_2020": 259.71,
        "punt_global_2022": 257.12
      }
    },
    {
      "type": "Feature",
      "geometry": {
        "type": "Point",
        "coordinates": [
          -8248438.082900001,
          510967.81870000064
        ]
      },
      "properties": {
        "DANE12_EST": "111001011908",
        "NOMBRE_EST": "COLEGIO ESCUELA NORMAL SUPERIOR DISTRITAL MARIA MONTESSORI (IED)",
        "ORDEN_DE_S": "A",
        "puntaje_2023": 288.85,
        "cole_caracter": "TÉCNICO/ACADÉMICO",
        "punt_global_2020": 282.33,
        "punt_global_2022": 290.07
      }
    },
    {
      "type": "Feature",
      "geometry": {
        "type": "Point",
        "coordinates": [
          -8248099.671700001,
          509399.8902999982
        ]
      },
      "properties": {
        "DANE12_EST": "111001012033",
        "NOMBRE_EST": "COLEGIO VEINTE DE JULIO (IED)",
        "ORDEN_DE_S": "A",
        "puntaje_2023": 249.62,
        "cole_caracter": "ACADÉMICO",
        "punt_global_2020": 249.23,
        "punt_global_2022": 243.08
      }
    },
    {
      "type": "Feature",
      "geometry": {
        "type": "Point",
        "coordinates": [
          -8251993.6274999995,
          510389.3343999982
        ]
      },
      "properties": {
        "DANE12_EST": "111001012271",
        "NOMBRE_EST": "COLEGIO RAFAEL URIBE URIBE (IED)",
        "ORDEN_DE_S": "A",
        "puntaje_2023": 273.46,
        "cole_caracter": "ACADÉMICO",
        "punt_global_2020": 259.67,
        "punt_global_2022": 273.72
      }
    },
    {
      "type": "Feature",
      "geometry": {
        "type": "Point",
        "coordinates": [
          -8247018.759400001,
          506624.8216999993
        ]
      },
      "properties": {
        "DANE12_EST": "111001012301",
        "NOMBRE_EST": "COLEGIO SAN JOSE SUR ORIENTAL (IED)",
        "ORDEN_DE_S": "A",
        "puntaje_2023": 258.76,
        "cole_caracter": "ACADÉMICO",
        "punt_global_2020": 259.44,
        "punt_global_2022": 255.91
      }
    },
    {
      "type": "Feature",
      "geometry": {
        "type": "Point",
        "coordinates": [
          -8247172.3803,
          504906.22560000047
        ]
      },
      "properties": {
        "DANE12_EST": "111001012335",
        "NOMBRE_EST": "COLEGIO JUANA ESCOBAR (IED)",
        "ORDEN_DE_S": "A",
        "puntaje_2023": 246.79,
        "cole_caracter": "ACADÉMICO",
        "punt_global_2020": 249.0,
        "punt_global_2022": 244.43
      }
    },
    {
      "type": "Feature",
      "geometry": {
        "type": "Point",
        "coordinates": [
          -8254975.876599999,
          514639.84010000154
        ]
      },
      "properties": {
        "DANE12_EST": "111001012343",
        "NOMBRE_EST": "COLEGIO TOM ADAMS (IED)",
        "ORDEN_DE_S": "A",
        "puntaje_2023": 260.33,
        "cole_caracter": "ACADÉMICO",
        "punt_global_2020": 263.02,
        "punt_global_2022": 259.42
      }
    },
    {
      "type": "Feature",
      "geometry": {
        "type": "Point",
        "coordinates": [
          -8254730.9737,
          515024.0273000002
        ]
      },
      "properties": {
        "DANE12_EST": "111001012360",
        "NOMBRE_EST": "COLEGIO EL JAPON (IED)",
        "ORDEN_DE_S": "A",
        "puntaje_2023": 256.54,
        "cole_caracter": "ACADÉMICO",
        "punt_global_2020": 247.42,
        "punt_global_2022": 252.47
      }
    },
    {
      "type": "Feature",
      "geometry": {
        "type": "Point",
        "coordinates": [
          -8247721.1854,
          524420.4459999986
        ]
      },
      "properties": {
        "DANE12_EST": "111001012441",
        "NOMBRE_EST": "COLEGIO MORISCO (IED)",
        "ORDEN_DE_S": "A",
        "puntaje_2023": 283.85,
        "cole_caracter": "ACADÉMICO",
        "punt_global_2020": 275.98,
        "punt_global_2022": 280.17
      }
    },
    {
      "type": "Feature",
      "geometry": {
        "type": "Point",
        "coordinates": [
          -8248996.9068,
          523708.94579999894
        ]
      },
      "properties": {
        "DANE12_EST": "111001012459",
        "NOMBRE_EST": "COLEGIO SAN JOSE NORTE (IED)",
        "ORDEN_DE_S": "A",
        "puntaje_2023": 328.85,
        "cole_caracter": "ACADÉMICO",
        "punt_global_2020": 290.98,
        "punt_global_2022": 300.31
      }
    },
    {
      "type": "Feature",
      "geometry": {
        "type": "Point",
        "coordinates": [
          -8248550.5156,
          523124.78339999914
        ]
      },
      "properties": {
        "DANE12_EST": "111001012483",
        "NOMBRE_EST": "COLEGIO TABORA (IED)",
        "ORDEN_DE_S": "A",
        "puntaje_2023": 273.46,
        "cole_caracter": "ACADÉMICO",
        "punt_global_2020": 259.62,
        "punt_global_2022": 277.99
      }
    },
    {
      "type": "Feature",
      "geometry": {
        "type": "Point",
        "coordinates": [
          -8250437.380999999,
          513751.97260000184
        ]
      },
      "properties": {
        "DANE12_EST": "111001012530",
        "NOMBRE_EST": "COLEGIO EL JAZMIN (IED)",
        "ORDEN_DE_S": "A",
        "puntaje_2023": 270.45,
        "cole_caracter": "ACADÉMICO",
        "punt_global_2020": 252.47,
        "punt_global_2022": 267.93
      }
    },
    {
      "type": "Feature",
      "geometry": {
        "type": "Point",
        "coordinates": [
          -8247998.3708999995,
          515056.41530000046
        ]
      },
      "properties": {
        "DANE12_EST": "111001012556",
        "NOMBRE_EST": "COLEGIO ESPAÑA (IED)",
        "ORDEN_DE_S": "A",
        "puntaje_2023": 243.46,
        "cole_caracter": "ACADÉMICO",
        "punt_global_2020": 253.5,
        "punt_global_2022": 266.1
      }
    },
    {
      "type": "Feature",
      "geometry": {
        "type": "Point",
        "coordinates": [
          -8249285.224199999,
          511989.66899999976
        ]
      },
      "properties": {
        "DANE12_EST": "111001012602",
        "NOMBRE_EST": "COLEGIO ATANASIO GIRARDOT (IED)",
        "ORDEN_DE_S": "A",
        "puntaje_2023": 266.37,
        "cole_caracter": "ACADÉMICO",
        "punt_global_2020": 265.97,
        "punt_global_2022": 273.6
      }
    },
    {
      "type": "Feature",
      "geometry": {
        "type": "Point",
        "coordinates": [
          -8250890.451300001,
          510368.1160000004
        ]
      },
      "properties": {
        "DANE12_EST": "111001012611",
        "NOMBRE_EST": "COLEGIO BRAVO PAEZ (IED)",
        "ORDEN_DE_S": "A",
        "puntaje_2023": 255.2,
        "cole_caracter": "ACADÉMICO",
        "punt_global_2020": 246.12,
        "punt_global_2022": 243.22
      }
    },
    {
      "type": "Feature",
      "geometry": {
        "type": "Point",
        "coordinates": [
          -8250698.981799999,
          510353.59809999913
        ]
      },
      "properties": {
        "DANE12_EST": "111001012815",
        "NOMBRE_EST": "COLEGIO QUIROGA ALIANZA (IED)",
        "ORDEN_DE_S": "A",
        "puntaje_2023": 269.62,
        "cole_caracter": "ACADÉMICO",
        "punt_global_2020": 265.69,
        "punt_global_2022": 258.57
      }
    },
    {
      "type": "Feature",
      "geometry": {
        "type": "Point",
        "coordinates": [
          -8251433.690400001,
          513000.3643000014
        ]
      },
      "properties": {
        "DANE12_EST": "111001012963",
        "NOMBRE_EST": "COLEGIO TECNICO BENJAMIN HERRERA (IED)",
        "ORDEN_DE_S": "A",
        "puntaje_2023": 264.01,
        "cole_caracter": "TÉCNICO/ACADÉMICO",
        "punt_global_2020": 269.52,
        "punt_global_2022": 259.74
      }
    },
    {
      "type": "Feature",
      "geometry": {
        "type": "Point",
        "coordinates": [
          -8251041.845799999,
          510918.68090000004
        ]
      },
      "properties": {
        "DANE12_EST": "111001012971",
        "NOMBRE_EST": "COLEGIO RAFAEL DELGADO SALGUERO (IED)",
        "ORDEN_DE_S": "A",
        "puntaje_2023": 264.62,
        "cole_caracter": "ACADÉMICO",
        "punt_global_2020": 248.85,
        "punt_global_2022": 266.04
      }
    },
    {
      "type": "Feature",
      "geometry": {
        "type": "Point",
        "coordinates": [
          -8255553.6248,
          515056.41530000046
        ]
      },
      "properties": {
        "DANE12_EST": "111001013102",
        "NOMBRE_EST": "COLEGIO SAN PEDRO CLAVER (IED)",
        "ORDEN_DE_S": "A",
        "puntaje_2023": 265.0,
        "cole_caracter": "ACADÉMICO",
        "punt_global_2020": 262.7,
        "punt_global_2022": 272.5
      }
    },
    {
      "type": "Feature",
      "geometry": {
        "type": "Point",
        "coordinates": [
          -8257574.0735,
          514196.46350000054
        ]
      },
      "properties": {
        "DANE12_EST": "111001013129",
        "NOMBRE_EST": "COLEGIO CLASS (IED)",
        "ORDEN_DE_S": "A",
        "puntaje_2023": 241.89,
        "cole_caracter": "TÉCNICO/ACADÉMICO",
        "punt_global_2020": 250.42,
        "punt_global_2022": 239.11
      }
    },
    {
      "type": "Feature",
      "geometry": {
        "type": "Point",
        "coordinates": [
          -8255275.325999999,
          515037.42920000106
        ]
      },
      "properties": {
        "DANE12_EST": "111001013153",
        "NOMBRE_EST": "COLEGIO PAULO VI (IED)",
        "ORDEN_DE_S": "A",
        "puntaje_2023": 253.62,
        "cole_caracter": "ACADÉMICO",
        "punt_global_2020": 250.47,
        "punt_global_2022": 254.18
      }
    },
    {
      "type": "Feature",
      "geometry": {
        "type": "Point",
        "coordinates": [
          -8255777.3769000005,
          515016.2094999999
        ]
      },
      "properties": {
        "DANE12_EST": "111001013161",
        "NOMBRE_EST": "COLEGIO SAN JOSE (IED)",
        "ORDEN_DE_S": "A",
        "puntaje_2023": 255.38,
        "cole_caracter": "ACADÉMICO",
        "punt_global_2020": 252.48,
        "punt_global_2022": 257.42
      }
    },
    {
      "type": "Feature",
      "geometry": {
        "type": "Point",
        "coordinates": [
          -8255605.9449000005,
          514530.39169999957
        ]
      },
      "properties": {
        "DANE12_EST": "111001013170",
        "NOMBRE_EST": "COLEGIO SAN RAFAEL (IED)",
        "ORDEN_DE_S": "A",
        "puntaje_2023": 261.54,
        "cole_caracter": "ACADÉMICO",
        "punt_global_2020": 263.1,
        "punt_global_2022": 259.11
      }
    },
    {
      "type": "Feature",
      "geometry": {
        "type": "Point",
        "coordinates": [
          -8247342.699100001,
          521642.6163999997
        ]
      },
      "properties": {
        "DANE12_EST": "111001013293",
        "NOMBRE_EST": "COLEGIO NACIONES UNIDAS (IED)",
        "ORDEN_DE_S": "A",
        "puntaje_2023": 250.0,
        "cole_caracter": "ACADÉMICO",
        "punt_global_2020": 258.97,
        "punt_global_2022": 266.31
      }
    },
    {
      "type": "Feature",
      "geometry": {
        "type": "Point",
        "coordinates": [
          -8245433.5699000005,
          511829.9690999985
        ]
      },
      "properties": {
        "DANE12_EST": "111001013374",
        "NOMBRE_EST": "COLEGIO ESCUELA NACIONAL DE COMERCIO (IED)",
        "ORDEN_DE_S": "A",
        "puntaje_2023": 242.5,
        "cole_caracter": "ACADÉMICO",
        "punt_global_2020": 234.6,
        "punt_global_2022": 241.95
      }
    },
    {
      "type": "Feature",
      "geometry": {
        "type": "Point",
        "coordinates": [
          -8256144.7313,
          512993.6634999998
        ]
      },
      "properties": {
        "DANE12_EST": "111001013676",
        "NOMBRE_EST": "COLEGIO NUEVO CHILE (IED)",
        "ORDEN_DE_S": "A",
        "puntaje_2023": 254.42,
        "cole_caracter": "ACADÉMICO",
        "punt_global_2020": 245.19,
        "punt_global_2022": 238.12
      }
    },
    {
      "type": "Feature",
      "geometry": {
        "type": "Point",
        "coordinates": [
          -8250336.0802,
          506755.47670000046
        ]
      },
      "properties": {
        "DANE12_EST": "111001013811",
        "NOMBRE_EST": "COLEGIO SAN AGUSTIN (IED)",
        "ORDEN_DE_S": "A",
        "puntaje_2023": 250.16,
        "cole_caracter": "ACADÉMICO",
        "punt_global_2020": 245.96,
        "punt_global_2022": 248.06
      }
    },
    {
      "type": "Feature",
      "geometry": {
        "type": "Point",
        "coordinates": [
          -8250278.1941,
          503050.3169
        ]
      },
      "properties": {
        "DANE12_EST": "111001013820",
        "NOMBRE_EST": "COLEGIO SANTA LIBRADA (IED)",
        "ORDEN_DE_S": "A",
        "puntaje_2023": 265.92,
        "cole_caracter": "ACADÉMICO",
        "punt_global_2020": 261.46,
        "punt_global_2022": 261.23
      }
    },
    {
      "type": "Feature",
      "geometry": {
        "type": "Point",
        "coordinates": [
          -8250514.191400001,
          504279.76790000126
        ]
      },
      "properties": {
        "DANE12_EST": "111001013935",
        "NOMBRE_EST": "COLEGIO SANTA MARTHA (IED)",
        "ORDEN_DE_S": "A",
        "puntaje_2023": 259.23,
        "cole_caracter": "ACADÉMICO",
        "punt_global_2020": 261.5,
        "punt_global_2022": 246.86
      }
    },
    {
      "type": "Feature",
      "geometry": {
        "type": "Point",
        "coordinates": [
          -8247905.9758,
          511995.25290000066
        ]
      },
      "properties": {
        "DANE12_EST": "111001014001",
        "NOMBRE_EST": "COLEGIO EDUARDO SANTOS (IED)",
        "ORDEN_DE_S": "A",
        "puntaje_2023": 263.08,
        "cole_caracter": "ACADÉMICO",
        "punt_global_2020": 258.16,
        "punt_global_2022": 260.22
      }
    },
    {
      "type": "Feature",
      "geometry": {
        "type": "Point",
        "coordinates": [
          -8251592.8773,
          510238.57189999893
        ]
      },
      "properties": {
        "DANE12_EST": "111001014028",
        "NOMBRE_EST": "COLEGIO REPUBLICA FEDERAL DE ALEMANIA (IED)",
        "ORDEN_DE_S": "A",
        "puntaje_2023": 258.85,
        "cole_caracter": "ACADÉMICO",
        "punt_global_2020": 252.96,
        "punt_global_2022": 261.23
      }
    },
    {
      "type": "Feature",
      "geometry": {
        "type": "Point",
        "coordinates": [
          -8257825.6556,
          515755.5518000014
        ]
      },
      "properties": {
        "DANE12_EST": "111001014109",
        "NOMBRE_EST": "COLEGIO BRASILIA - BOSA (IED)",
        "ORDEN_DE_S": "A",
        "puntaje_2023": 268.0,
        "cole_caracter": "ACADÉMICO",
        "punt_global_2020": 257.66,
        "punt_global_2022": 261.83
      }
    },
    {
      "type": "Feature",
      "geometry": {
        "type": "Point",
        "coordinates": [
          -8247103.362199999,
          506533.251699999
        ]
      },
      "properties": {
        "DANE12_EST": "111001014168",
        "NOMBRE_EST": "COLEGIO ALTAMIRA SUR ORIENTAL (IED)",
        "ORDEN_DE_S": "A",
        "puntaje_2023": 239.46,
        "cole_caracter": "ACADÉMICO",
        "punt_global_2020": 232.03,
        "punt_global_2022": 238.19
      }
    },
    {
      "type": "Feature",
      "geometry": {
        "type": "Point",
        "coordinates": [
          -8246486.6522,
          509235.7287000008
        ]
      },
      "properties": {
        "DANE12_EST": "111001014176",
        "NOMBRE_EST": "COLEGIO TECNICO SAN CRISTOBAL SUR (IED)",
        "ORDEN_DE_S": "A",
        "puntaje_2023": 262.31,
        "cole_caracter": "ACADÉMICO",
        "punt_global_2020": 247.97,
        "punt_global_2022": 258.95
      }
    },
    {
      "type": "Feature",
      "geometry": {
        "type": "Point",
        "coordinates": [
          -8252466.735300001,
          510321.2120999992
        ]
      },
      "properties": {
        "DANE12_EST": "111001014206",
        "NOMBRE_EST": "COLEGIO MARCO FIDEL SUAREZ (IED)",
        "ORDEN_DE_S": "A",
        "puntaje_2023": 262.92,
        "cole_caracter": "ACADÉMICO",
        "punt_global_2020": 261.65,
        "punt_global_2022": 262.06
      }
    },
    {
      "type": "Feature",
      "geometry": {
        "type": "Point",
        "coordinates": [
          -8253050.0494,
          510106.7943999991
        ]
      },
      "properties": {
        "DANE12_EST": "111001014214",
        "NOMBRE_EST": "COLEGIO CIUDAD DE BOGOTA (IED)",
        "ORDEN_DE_S": "A",
        "puntaje_2023": 258.24,
        "cole_caracter": "ACADÉMICO",
        "punt_global_2020": 247.79,
        "punt_global_2022": 262.43
      }
    },
    {
      "type": "Feature",
      "geometry": {
        "type": "Point",
        "coordinates": [
          -8251823.308599999,
          516202.28759999946
        ]
      },
      "properties": {
        "DANE12_EST": "111001014290",
        "NOMBRE_EST": "COLEGIO MARSELLA (IED)",
        "ORDEN_DE_S": "A",
        "puntaje_2023": 286.51,
        "cole_caracter": "ACADÉMICO",
        "punt_global_2020": 277.8,
        "punt_global_2022": 281.08
      }
    },
    {
      "type": "Feature",
      "geometry": {
        "type": "Point",
        "coordinates": [
          -8253726.8719,
          520469.85920000076
        ]
      },
      "properties": {
        "DANE12_EST": "111001014346",
        "NOMBRE_EST": "COLEGIO RODRIGO ARENAS BETANCOURT (IED)",
        "ORDEN_DE_S": "A",
        "puntaje_2023": 265.31,
        "cole_caracter": "ACADÉMICO",
        "punt_global_2020": 260.91,
        "punt_global_2022": 255.96
      }
    },
    {
      "type": "Feature",
      "geometry": {
        "type": "Point",
        "coordinates": [
          -8246957.5337000005,
          508419.39240000024
        ]
      },
      "properties": {
        "DANE12_EST": "111001014451",
        "NOMBRE_EST": "COLEGIO JOSE ACEVEDO Y GOMEZ (IED)",
        "ORDEN_DE_S": "A",
        "puntaje_2023": 243.46,
        "cole_caracter": "ACADÉMICO",
        "punt_global_2020": 232.23,
        "punt_global_2022": 269.48
      }
    },
    {
      "type": "Feature",
      "geometry": {
        "type": "Point",
        "coordinates": [
          -8252836.316,
          507623.16530000046
        ]
      },
      "properties": {
        "DANE12_EST": "111001014486",
        "NOMBRE_EST": "COLEGIO REPUBLICA DE MEXICO (IED)",
        "ORDEN_DE_S": "A",
        "puntaje_2023": 243.88,
        "cole_caracter": "ACADÉMICO",
        "punt_global_2020": 247.89,
        "punt_global_2022": 243.8
      }
    },
    {
      "type": "Feature",
      "geometry": {
        "type": "Point",
        "coordinates": [
          -8254150.9991999995,
          506725.32550000027
        ]
      },
      "properties": {
        "DANE12_EST": "111001014524",
        "NOMBRE_EST": "COLEGIO RAFAEL URIBE URIBE (IED)",
        "ORDEN_DE_S": "A",
        "puntaje_2023": 257.5,
        "cole_caracter": "ACADÉMICO",
        "punt_global_2020": 253.28,
        "punt_global_2022": 244.52
      }
    },
    {
      "type": "Feature",
      "geometry": {
        "type": "Point",
        "coordinates": [
          -8251673.0273,
          510123.54580000043
        ]
      },
      "properties": {
        "DANE12_EST": "111001014591",
        "NOMBRE_EST": "COLEGIO MANUEL DEL SOCORRO RODRIGUEZ (IED)",
        "ORDEN_DE_S": "A",
        "puntaje_2023": 262.31,
        "cole_caracter": "ACADÉMICO",
        "punt_global_2020": 251.6,
        "punt_global_2022": 260.06
      }
    },
    {
      "type": "Feature",
      "geometry": {
        "type": "Point",
        "coordinates": [
          -8248503.761399999,
          511560.8253000006
        ]
      },
      "properties": {
        "DANE12_EST": "111001014630",
        "NOMBRE_EST": "COLEGIO FRANCISCO DE PAULA SANTANDER (IED)",
        "ORDEN_DE_S": "A",
        "puntaje_2023": 260.38,
        "cole_caracter": "TÉCNICO/ACADÉMICO",
        "punt_global_2020": 267.57,
        "punt_global_2022": 266.97
      }
    },
    {
      "type": "Feature",
      "geometry": {
        "type": "Point",
        "coordinates": [
          -8250585.435900001,
          510867.30959999934
        ]
      },
      "properties": {
        "DANE12_EST": "111001014664",
        "NOMBRE_EST": "COLEGIO EL LIBERTADOR (IED)",
        "ORDEN_DE_S": "A",
        "puntaje_2023": 250.38,
        "cole_caracter": "TÉCNICO/ACADÉMICO",
        "punt_global_2020": 245.55,
        "punt_global_2022": 250.28
      }
    },
    {
      "type": "Feature",
      "geometry": {
        "type": "Point",
        "coordinates": [
          -8249754.9925,
          516201.17069999874
        ]
      },
      "properties": {
        "DANE12_EST": "111001014729",
        "NOMBRE_EST": "COLEGIO JOSE JOAQUIN CASAS (IED)",
        "ORDEN_DE_S": "A",
        "puntaje_2023": 267.31,
        "cole_caracter": "ACADÉMICO",
        "punt_global_2020": 255.4,
        "punt_global_2022": 249.86
      }
    },
    {
      "type": "Feature",
      "geometry": {
        "type": "Point",
        "coordinates": [
          -8250799.169299999,
          516359.76260000095
        ]
      },
      "properties": {
        "DANE12_EST": "111001014745",
        "NOMBRE_EST": "COLEGIO ANTONIO JOSE DE SUCRE (IED)",
        "ORDEN_DE_S": "A",
        "puntaje_2023": 273.85,
        "cole_caracter": "ACADÉMICO",
        "punt_global_2020": 254.6,
        "punt_global_2022": 289.9
      }
    },
    {
      "type": "Feature",
      "geometry": {
        "type": "Point",
        "coordinates": [
          -8250196.9309,
          512382.7776999995
        ]
      },
      "properties": {
        "DANE12_EST": "111001014826",
        "NOMBRE_EST": "COLEGIO MARCO ANTONIO CARREÑO SILVA (IED)",
        "ORDEN_DE_S": "A",
        "puntaje_2023": 275.0,
        "cole_caracter": "ACADÉMICO",
        "punt_global_2020": 264.22,
        "punt_global_2022": 276.81
      }
    },
    {
      "type": "Feature",
      "geometry": {
        "type": "Point",
        "coordinates": [
          -8251649.6502,
          513686.08100000024
        ]
      },
      "properties": {
        "DANE12_EST": "111001014869",
        "NOMBRE_EST": "COLEGIO LUIS VARGAS TEJADA (IED)",
        "ORDEN_DE_S": "A",
        "puntaje_2023": 268.46,
        "cole_caracter": "ACADÉMICO",
        "punt_global_2020": 259.5,
        "punt_global_2022": 270.82
      }
    },
    {
      "type": "Feature",
      "geometry": {
        "type": "Point",
        "coordinates": [
          -8249947.575200001,
          510292.1763000004
        ]
      },
      "properties": {
        "DANE12_EST": "111001014958",
        "NOMBRE_EST": "COLEGIO CLEMENCIA HOLGUIN DE URDANETA (IED)",
        "ORDEN_DE_S": "A",
        "puntaje_2023": 266.15,
        "cole_caracter": "ACADÉMICO",
        "punt_global_2020": 254.76,
        "punt_global_2022": 263.4
      }
    },
    {
      "type": "Feature",
      "geometry": {
        "type": "Point",
        "coordinates": [
          -8254836.727299999,
          514022.24069999903
        ]
      },
      "properties": {
        "DANE12_EST": "111001014974",
        "NOMBRE_EST": "COLEGIO FRANCISCO DE MIRANDA (IED)",
        "ORDEN_DE_S": "A",
        "puntaje_2023": 268.85,
        "cole_caracter": "ACADÉMICO",
        "punt_global_2020": 254.06,
        "punt_global_2022": 272.54
      }
    },
    {
      "type": "Feature",
      "geometry": {
        "type": "Point",
        "coordinates": [
          -8249761.671700001,
          509998.4690999985
        ]
      },
      "properties": {
        "DANE12_EST": "111001015172",
        "NOMBRE_EST": "COLEGIO ALEJANDRO OBREGON (IED)",
        "ORDEN_DE_S": "A",
        "puntaje_2023": 260.96,
        "cole_caracter": "ACADÉMICO",
        "punt_global_2020": 250.41,
        "punt_global_2022": 266.4
      }
    },
    {
      "type": "Feature",
      "geometry": {
        "type": "Point",
        "coordinates": [
          -8250361.683700001,
          523567.0934000015
        ]
      },
      "properties": {
        "DANE12_EST": "111001015458",
        "NOMBRE_EST": "COLEGIO FLORIDABLANCA (IED)",
        "ORDEN_DE_S": "A",
        "puntaje_2023": 283.0,
        "cole_caracter": "ACADÉMICO",
        "punt_global_2020": 262.1,
        "punt_global_2022": 271.24
      }
    },
    {
      "type": "Feature",
      "geometry": {
        "type": "Point",
        "coordinates": [
          -8254397.0153,
          514501.35440000147
        ]
      },
      "properties": {
        "DANE12_EST": "111001015598",
        "NOMBRE_EST": "COLEGIO LAS AMERICAS (IED)",
        "ORDEN_DE_S": "A",
        "puntaje_2023": 259.83,
        "cole_caracter": "ACADÉMICO",
        "punt_global_2020": 250.7,
        "punt_global_2022": 264.19
      }
    },
    {
      "type": "Feature",
      "geometry": {
        "type": "Point",
        "coordinates": [
          -8253406.2718,
          514618.62049999833
        ]
      },
      "properties": {
        "DANE12_EST": "111001015601",
        "NOMBRE_EST": "COLEGIO O.E.A. (IED)",
        "ORDEN_DE_S": "A",
        "puntaje_2023": 273.46,
        "cole_caracter": "ACADÉMICO",
        "punt_global_2020": 265.45,
        "punt_global_2022": 267.36
      }
    },
    {
      "type": "Feature",
      "geometry": {
        "type": "Point",
        "coordinates": [
          -8249803.973099999,
          510802.53709999844
        ]
      },
      "properties": {
        "DANE12_EST": "111001015733",
        "NOMBRE_EST": "COLEGIO ANTONIO BARAYA (IED)",
        "ORDEN_DE_S": "A",
        "puntaje_2023": 257.31,
        "cole_caracter": "ACADÉMICO",
        "punt_global_2020": 260.78,
        "punt_global_2022": 261.59
      }
    },
    {
      "type": "Feature",
      "geometry": {
        "type": "Point",
        "coordinates": [
          -8246276.258400001,
          522358.56540000066
        ]
      },
      "properties": {
        "DANE12_EST": "111001015776",
        "NOMBRE_EST": "COLEGIO INSTITUTO TECNICO DISTRITAL JULIO FLOREZ (IED)",
        "ORDEN_DE_S": "B",
        "puntaje_2023": 280.77,
        "cole_caracter": "TÉCNICO/ACADÉMICO",
        "punt_global_2020": 265.95,
        "punt_global_2022": 279.03
      }
    },
    {
      "type": "Feature",
      "geometry": {
        "type": "Point",
        "coordinates": [
          -8248676.306600001,
          524776.7569999993
        ]
      },
      "properties": {
        "DANE12_EST": "111001015806",
        "NOMBRE_EST": "COLEGIO JORGE GAITAN CORTES (IED)",
        "ORDEN_DE_S": "A",
        "puntaje_2023": 267.18,
        "cole_caracter": "ACADÉMICO",
        "punt_global_2020": 272.1,
        "punt_global_2022": 277.01
      }
    },
    {
      "type": "Feature",
      "geometry": {
        "type": "Point",
        "coordinates": [
          -8249199.508199999,
          524649.4230999984
        ]
      },
      "properties": {
        "DANE12_EST": "111001015814",
        "NOMBRE_EST": "COLEGIO REPUBLICA DE CHINA (IED)",
        "ORDEN_DE_S": "A",
        "puntaje_2023": 267.6,
        "cole_caracter": "ACADÉMICO",
        "punt_global_2020": 257.33,
        "punt_global_2022": 260.1
      }
    },
    {
      "type": "Feature",
      "geometry": {
        "type": "Point",
        "coordinates": [
          -8247440.6603,
          508910.75659999996
        ]
      },
      "properties": {
        "DANE12_EST": "111001015903",
        "NOMBRE_EST": "COLEGIO MONTEBELLO (IED)",
        "ORDEN_DE_S": "A",
        "puntaje_2023": 244.25,
        "cole_caracter": "ACADÉMICO",
        "punt_global_2020": 243.25,
        "punt_global_2022": 234.04
      }
    },
    {
      "type": "Feature",
      "geometry": {
        "type": "Point",
        "coordinates": [
          -8247075.532400001,
          507338.4015999995
        ]
      },
      "properties": {
        "DANE12_EST": "111001015911",
        "NOMBRE_EST": "COLEGIO LOS ALPES (IED)",
        "ORDEN_DE_S": "A",
        "puntaje_2023": 233.18,
        "cole_caracter": "TÉCNICO/ACADÉMICO",
        "punt_global_2020": 227.23,
        "punt_global_2022": 233.47
      }
    },
    {
      "type": "Feature",
      "geometry": {
        "type": "Point",
        "coordinates": [
          -8247904.862600001,
          504852.62480000034
        ]
      },
      "properties": {
        "DANE12_EST": "111001016004",
        "NOMBRE_EST": "COLEGIO LA BELLEZA LOS LIBERTADORES (IED)",
        "ORDEN_DE_S": "A",
        "puntaje_2023": 257.31,
        "cole_caracter": "ACADÉMICO",
        "punt_global_2020": 239.8,
        "punt_global_2022": 246.76
      }
    },
    {
      "type": "Feature",
      "geometry": {
        "type": "Point",
        "coordinates": [
          -8251126.4486,
          503559.51509999856
        ]
      },
      "properties": {
        "DANE12_EST": "111001016039",
        "NOMBRE_EST": "COLEGIO ORLANDO FALS BORDA (IED)",
        "ORDEN_DE_S": "A",
        "puntaje_2023": 258.46,
        "cole_caracter": "ACADÉMICO",
        "punt_global_2020": 253.31,
        "punt_global_2022": 251.86
      }
    },
    {
      "type": "Feature",
      "geometry": {
        "type": "Point",
        "coordinates": [
          -8254668.6348,
          516369.814199999
        ]
      },
      "properties": {
        "DANE12_EST": "111001016071",
        "NOMBRE_EST": "COLEGIO ISABEL II (IED)",
        "ORDEN_DE_S": "A",
        "puntaje_2023": 272.54,
        "cole_caracter": "ACADÉMICO",
        "punt_global_2020": 258.03,
        "punt_global_2022": 256.02
      }
    },
    {
      "type": "Feature",
      "geometry": {
        "type": "Point",
        "coordinates": [
          -8252796.241,
          513174.5848999992
        ]
      },
      "properties": {
        "DANE12_EST": "111001016098",
        "NOMBRE_EST": "COLEGIO ALQUERIA DE LA FRAGUA (IED)",
        "ORDEN_DE_S": "A",
        "puntaje_2023": 280.0,
        "cole_caracter": "ACADÉMICO",
        "punt_global_2020": 268.5,
        "punt_global_2022": 273.64
      }
    },
    {
      "type": "Feature",
      "geometry": {
        "type": "Point",
        "coordinates": [
          -8255254.1753,
          514571.7140999995
        ]
      },
      "properties": {
        "DANE12_EST": "111001016101",
        "NOMBRE_EST": "COLEGIO LOS PERIODISTAS (IED)",
        "ORDEN_DE_S": "A",
        "puntaje_2023": 273.08,
        "cole_caracter": "ACADÉMICO",
        "punt_global_2020": 275.24,
        "punt_global_2022": 275.97
      }
    },
    {
      "type": "Feature",
      "geometry": {
        "type": "Point",
        "coordinates": [
          -8254178.8291,
          513041.685800001
        ]
      },
      "properties": {
        "DANE12_EST": "111001016136",
        "NOMBRE_EST": "COLEGIO LA CHUCUA (IED)",
        "ORDEN_DE_S": "A",
        "puntaje_2023": 264.62,
        "cole_caracter": "ACADÉMICO",
        "punt_global_2020": 261.64,
        "punt_global_2022": 264.73
      }
    },
    {
      "type": "Feature",
      "geometry": {
        "type": "Point",
        "coordinates": [
          -8246488.8785999995,
          514312.6123000011
        ]
      },
      "properties": {
        "DANE12_EST": "111001016250",
        "NOMBRE_EST": "COLEGIO REPUBLICA BOLIVARIANA DE VENEZUELA (IED)",
        "ORDEN_DE_S": "A",
        "puntaje_2023": 245.0,
        "cole_caracter": "ACADÉMICO",
        "punt_global_2020": 252.95,
        "punt_global_2022": 239.26
      }
    },
    {
      "type": "Feature",
      "geometry": {
        "type": "Point",
        "coordinates": [
          -8253313.876599999,
          514882.1904999986
        ]
      },
      "properties": {
        "DANE12_EST": "111001016292",
        "NOMBRE_EST": "COLEGIO KENNEDY (IED)",
        "ORDEN_DE_S": "A",
        "puntaje_2023": 264.65,
        "cole_caracter": "ACADÉMICO",
        "punt_global_2020": 265.59,
        "punt_global_2022": 269.81
      }
    },
    {
      "type": "Feature",
      "geometry": {
        "type": "Point",
        "coordinates": [
          -8244460.637499999,
          518690.65239999816
        ]
      },
      "properties": {
        "DANE12_EST": "111001016314",
        "NOMBRE_EST": "COLEGIO SIMON RODRIGUEZ (IED)",
        "ORDEN_DE_S": "A",
        "puntaje_2023": 258.85,
        "cole_caracter": "ACADÉMICO",
        "punt_global_2020": 240.94,
        "punt_global_2022": 265.89
      }
    },
    {
      "type": "Feature",
      "geometry": {
        "type": "Point",
        "coordinates": [
          -8246906.3267,
          522297.13430000097
        ]
      },
      "properties": {
        "DANE12_EST": "111001017795",
        "NOMBRE_EST": "COLEGIO MAGDALENA ORTEGA DE NARIÑO (IED)",
        "ORDEN_DE_S": "A",
        "puntaje_2023": 268.67,
        "cole_caracter": "ACADÉMICO",
        "punt_global_2020": 268.42,
        "punt_global_2022": 269.91
      }
    },
    {
      "type": "Feature",
      "geometry": {
        "type": "Point",
        "coordinates": [
          -8251084.1472,
          509489.2302000001
        ]
      },
      "properties": {
        "DANE12_EST": "111001018058",
        "NOMBRE_EST": "COLEGIO ALEXANDER FLEMING (IED)",
        "ORDEN_DE_S": "A",
        "puntaje_2023": 247.51,
        "cole_caracter": "ACADÉMICO",
        "punt_global_2020": 237.85,
        "punt_global_2022": 236.55
      }
    },
    {
      "type": "Feature",
      "geometry": {
        "type": "Point",
        "coordinates": [
          -8251539.4439,
          508161.4272999987
        ]
      },
      "properties": {
        "DANE12_EST": "111001018201",
        "NOMBRE_EST": "COLEGIO RUFINO JOSE CUERVO (IED)",
        "ORDEN_DE_S": "A",
        "puntaje_2023": 260.0,
        "cole_caracter": "ACADÉMICO",
        "punt_global_2020": 258.57,
        "punt_global_2022": 259.38
      }
    },
    {
      "type": "Feature",
      "geometry": {
        "type": "Point",
        "coordinates": [
          -8248878.9081,
          508078.7894000001
        ]
      },
      "properties": {
        "DANE12_EST": "111001018252",
        "NOMBRE_EST": "COLEGIO JOSE MARIA CARBONELL (IED)",
        "ORDEN_DE_S": "A",
        "puntaje_2023": 250.38,
        "cole_caracter": "ACADÉMICO",
        "punt_global_2020": 230.78,
        "punt_global_2022": 254.48
      }
    },
    {
      "type": "Feature",
      "geometry": {
        "type": "Point",
        "coordinates": [
          -8248077.4078,
          507801.84109999985
        ]
      },
      "properties": {
        "DANE12_EST": "111001018309",
        "NOMBRE_EST": "COLEGIO ATENAS (IED)",
        "ORDEN_DE_S": "A",
        "puntaje_2023": 258.67,
        "cole_caracter": "NO APLICA",
        "punt_global_2020": 249.73,
        "punt_global_2022": 254.08
      }
    },
    {
      "type": "Feature",
      "geometry": {
        "type": "Point",
        "coordinates": [
          -8247983.8993999995,
          508127.92540000007
        ]
      },
      "properties": {
        "DANE12_EST": "111001018325",
        "NOMBRE_EST": "COLEGIO JOSE JOAQUIN CASTRO MARTINEZ (IED)",
        "ORDEN_DE_S": "A",
        "puntaje_2023": 241.42,
        "cole_caracter": "ACADÉMICO",
        "punt_global_2020": 255.74,
        "punt_global_2022": 244.85
      }
    },
    {
      "type": "Feature",
      "geometry": {
        "type": "Point",
        "coordinates": [
          -8248244.387,
          507183.1779000014
        ]
      },
      "properties": {
        "DANE12_EST": "111001018333",
        "NOMBRE_EST": "COLEGIO EL RODEO (IED)",
        "ORDEN_DE_S": "A",
        "puntaje_2023": 266.04,
        "cole_caracter": "ACADÉMICO",
        "punt_global_2020": 263.88,
        "punt_global_2022": 263.78
      }
    },
    {
      "type": "Feature",
      "geometry": {
        "type": "Point",
        "coordinates": [
          -8248039.5591,
          508735.42859999835
        ]
      },
      "properties": {
        "DANE12_EST": "111001018341",
        "NOMBRE_EST": "COLEGIO FRANCISCO JAVIER MATIZ (IED)",
        "ORDEN_DE_S": "A",
        "puntaje_2023": 248.17,
        "cole_caracter": "ACADÉMICO",
        "punt_global_2020": 236.12,
        "punt_global_2022": 238.44
      }
    },
    {
      "type": "Feature",
      "geometry": {
        "type": "Point",
        "coordinates": [
          -8248042.898700001,
          507289.2659999989
        ]
      },
      "properties": {
        "DANE12_EST": "111001018368",
        "NOMBRE_EST": "COLEGIO LA VICTORIA (IED)",
        "ORDEN_DE_S": "A",
        "puntaje_2023": 244.8,
        "cole_caracter": "ACADÉMICO",
        "punt_global_2020": 240.1,
        "punt_global_2022": 245.64
      }
    },
    {
      "type": "Feature",
      "geometry": {
        "type": "Point",
        "coordinates": [
          -8248896.7192,
          508778.9813000001
        ]
      },
      "properties": {
        "DANE12_EST": "111001018384",
        "NOMBRE_EST": "COLEGIO SAN ISIDRO SUR ORIENTAL (IED)",
        "ORDEN_DE_S": "A",
        "puntaje_2023": 254.76,
        "cole_caracter": "ACADÉMICO",
        "punt_global_2020": 249.77,
        "punt_global_2022": 248.82
      }
    },
    {
      "type": "Feature",
      "geometry": {
        "type": "Point",
        "coordinates": [
          -8252336.4915,
          509952.6821000017
        ]
      },
      "properties": {
        "DANE12_EST": "111001019411",
        "NOMBRE_EST": "COLEGIO INEM SANTIAGO PEREZ (IED)",
        "ORDEN_DE_S": "A",
        "puntaje_2023": 260.38,
        "cole_caracter": "TÉCNICO/ACADÉMICO",
        "punt_global_2020": 254.35,
        "punt_global_2022": 254.9
      }
    },
    {
      "type": "Feature",
      "geometry": {
        "type": "Point",
        "coordinates": [
          -8247437.320699999,
          513547.59699999914
        ]
      },
      "properties": {
        "DANE12_EST": "111001019526",
        "NOMBRE_EST": "COLEGIO LICEO NACIONAL ANTONIA SANTOS (IED)",
        "ORDEN_DE_S": "A",
        "puntaje_2023": 254.32,
        "cole_caracter": "ACADÉMICO",
        "punt_global_2020": 255.31,
        "punt_global_2022": 262.15
      }
    },
    {
      "type": "Feature",
      "geometry": {
        "type": "Point",
        "coordinates": [
          -8249702.6723,
          508675.12469999865
        ]
      },
      "properties": {
        "DANE12_EST": "111001020095",
        "NOMBRE_EST": "COLEGIO MISAEL PASTRANA BORRERO (IED)",
        "ORDEN_DE_S": "A",
        "puntaje_2023": 245.21,
        "cole_caracter": "ACADÉMICO",
        "punt_global_2020": 238.56,
        "punt_global_2022": 240.92
      }
    },
    {
      "type": "Feature",
      "geometry": {
        "type": "Point",
        "coordinates": [
          -8250252.590600001,
          515188.2008999996
        ]
      },
      "properties": {
        "DANE12_EST": "111001020168",
        "NOMBRE_EST": "COLEGIO SORRENTO (IED)",
        "ORDEN_DE_S": "A",
        "puntaje_2023": 297.75,
        "cole_caracter": "ACADÉMICO",
        "punt_global_2020": 298.6,
        "punt_global_2022": 290.94
      }
    },
    {
      "type": "Feature",
      "geometry": {
        "type": "Point",
        "coordinates": [
          -8256022.2798,
          511197.8735000007
        ]
      },
      "properties": {
        "DANE12_EST": "111001020320",
        "NOMBRE_EST": "COLEGIO ISMAEL PERDOMO (IED)",
        "ORDEN_DE_S": "A",
        "puntaje_2023": 257.53,
        "cole_caracter": "ACADÉMICO",
        "punt_global_2020": 241.58,
        "punt_global_2022": 243.58
      }
    },
    {
      "type": "Feature",
      "geometry": {
        "type": "Point",
        "coordinates": [
          -8247146.776799999,
          510017.4538999982
        ]
      },
      "properties": {
        "DANE12_EST": "111001020338",
        "NOMBRE_EST": "COLEGIO AVE MARIA",
        "ORDEN_DE_S": "A",
        "puntaje_2023": 332.69,
        "cole_caracter": "ACADÉMICO",
        "punt_global_2020": 317.67,
        "punt_global_2022": 319.22
      }
    },
    {
      "type": "Feature",
      "geometry": {
        "type": "Point",
        "coordinates": [
          -8246761.611400001,
          513261.6953999996
        ]
      },
      "properties": {
        "DANE12_EST": "111001020401",
        "NOMBRE_EST": "ESCUELA TECNOLOGICA INSTITUTO TECNICO CENTRAL",
        "ORDEN_DE_S": "A",
        "puntaje_2023": 340.0,
        "cole_caracter": "TÉCNICO/ACADÉMICO",
        "punt_global_2020": 320.41,
        "punt_global_2022": 334.6
      }
    },
    {
      "type": "Feature",
      "geometry": {
        "type": "Point",
        "coordinates": [
          -8247775.731899999,
          502954.2842999995
        ]
      },
      "properties": {
        "DANE12_EST": "111001024643",
        "NOMBRE_EST": "COLEGIO NUEVA ESPERANZA (IED)",
        "ORDEN_DE_S": "A",
        "puntaje_2023": 238.46,
        "cole_caracter": "ACADÉMICO",
        "punt_global_2020": 249.89,
        "punt_global_2022": 236.42
      }
    },
    {
      "type": "Feature",
      "geometry": {
        "type": "Point",
        "coordinates": [
          -8254064.17,
          514725.8352999985
        ]
      },
      "properties": {
        "DANE12_EST": "111001024660",
        "NOMBRE_EST": "COLEGIO FERNANDO SOTO APARICIO (IED)",
        "ORDEN_DE_S": "A",
        "puntaje_2023": 264.23,
        "cole_caracter": "ACADÉMICO",
        "punt_global_2020": 264.62,
        "punt_global_2022": 260.58
      }
    },
    {
      "type": "Feature",
      "geometry": {
        "type": "Point",
        "coordinates": [
          -8246609.103700001,
          506088.8033999987
        ]
      },
      "properties": {
        "DANE12_EST": "111001024686",
        "NOMBRE_EST": "COLEGIO MORALBA SURORIENTAL (IED)",
        "ORDEN_DE_S": "A",
        "puntaje_2023": 250.06,
        "cole_caracter": "ACADÉMICO",
        "punt_global_2020": 238.64,
        "punt_global_2022": 239.57
      }
    },
    {
      "type": "Feature",
      "geometry": {
        "type": "Point",
        "coordinates": [
          -8255058.2530000005,
          515379.17880000174
        ]
      },
      "properties": {
        "DANE12_EST": "111001024732",
        "NOMBRE_EST": "COLEGIO INEM FRANCISCO DE PAULA SANTANDER (IED)",
        "ORDEN_DE_S": "A",
        "puntaje_2023": 261.99,
        "cole_caracter": "TÉCNICO/ACADÉMICO",
        "punt_global_2020": 258.03,
        "punt_global_2022": 262.15
      }
    },
    {
      "type": "Feature",
      "geometry": {
        "type": "Point",
        "coordinates": [
          -8246071.430500001,
          518443.8227000013
        ]
      },
      "properties": {
        "DANE12_EST": "111001024830",
        "NOMBRE_EST": "COLEGIO FRANCISCO PRIMERO S.S. (IED)",
        "ORDEN_DE_S": "A",
        "puntaje_2023": 250.0,
        "cole_caracter": "ACADÉMICO",
        "punt_global_2020": 248.62,
        "punt_global_2022": 254.08
      }
    },
    {
      "type": "Feature",
      "geometry": {
        "type": "Point",
        "coordinates": [
          -8249050.3401,
          528647.1372000016
        ]
      },
      "properties": {
        "DANE12_EST": "111001025020",
        "NOMBRE_EST": "COLEGIO ALBERTO LLERAS CAMARGO (IED)",
        "ORDEN_DE_S": "A",
        "puntaje_2023": 258.16,
        "cole_caracter": "ACADÉMICO",
        "punt_global_2020": 250.68,
        "punt_global_2022": 261.19
      }
    },
    {
      "type": "Feature",
      "geometry": {
        "type": "Point",
        "coordinates": [
          -8251654.103,
          525012.436999999
        ]
      },
      "properties": {
        "DANE12_EST": "111001025216",
        "NOMBRE_EST": "COLEGIO VILLA AMALIA (IED)",
        "ORDEN_DE_S": "A",
        "puntaje_2023": 255.77,
        "cole_caracter": "ACADÉMICO",
        "punt_global_2020": 257.76,
        "punt_global_2022": 256.36
      }
    },
    {
      "type": "Feature",
      "geometry": {
        "type": "Point",
        "coordinates": [
          -8247205.7762,
          513234.8922000006
        ]
      },
      "properties": {
        "DANE12_EST": "111001025313",
        "NOMBRE_EST": "COLEGIO LICEO NACIONAL AGUSTIN NIETO CABALLERO (IED)",
        "ORDEN_DE_S": "A",
        "puntaje_2023": 242.69,
        "cole_caracter": "TÉCNICO/ACADÉMICO",
        "punt_global_2020": 246.04,
        "punt_global_2022": 259.72
      }
    },
    {
      "type": "Feature",
      "geometry": {
        "type": "Point",
        "coordinates": [
          -8247959.4091,
          511963.9829000011
        ]
      },
      "properties": {
        "DANE12_EST": "111001026069",
        "NOMBRE_EST": "COLEGIO TECNICO MENORAH (IED)",
        "ORDEN_DE_S": "A",
        "puntaje_2023": 271.54,
        "cole_caracter": "TÉCNICO/ACADÉMICO",
        "punt_global_2020": 269.84,
        "punt_global_2022": 280.81
      }
    },
    {
      "type": "Feature",
      "geometry": {
        "type": "Point",
        "coordinates": [
          -8254528.372300001,
          515064.23310000077
        ]
      },
      "properties": {
        "DANE12_EST": "111001026964",
        "NOMBRE_EST": "COLEGIO JOHN F. KENNEDY (IED)",
        "ORDEN_DE_S": "A",
        "puntaje_2023": 261.42,
        "cole_caracter": "ACADÉMICO",
        "punt_global_2020": 251.09,
        "punt_global_2022": 254.05
      }
    },
    {
      "type": "Feature",
      "geometry": {
        "type": "Point",
        "coordinates": [
          -8253057.8418000005,
          507153.0265999995
        ]
      },
      "properties": {
        "DANE12_EST": "111001027251",
        "NOMBRE_EST": "COLEGIO LEON DE GREIFF (IED)",
        "ORDEN_DE_S": "A",
        "puntaje_2023": 235.0,
        "cole_caracter": "ACADÉMICO",
        "punt_global_2020": 217.58,
        "punt_global_2022": 225.74
      }
    },
    {
      "type": "Feature",
      "geometry": {
        "type": "Point",
        "coordinates": [
          -8254459.3542,
          515338.97289999947
        ]
      },
      "properties": {
        "DANE12_EST": "111001027308",
        "NOMBRE_EST": "COLEGIO PROSPERO PINZON (IED)",
        "ORDEN_DE_S": "A",
        "puntaje_2023": 278.85,
        "cole_caracter": "ACADÉMICO",
        "punt_global_2020": 263.47,
        "punt_global_2022": 265.33
      }
    },
    {
      "type": "Feature",
      "geometry": {
        "type": "Point",
        "coordinates": [
          -8248367.9516,
          508954.3095000014
        ]
      },
      "properties": {
        "DANE12_EST": "111001027324",
        "NOMBRE_EST": "COLEGIO FLORENTINO GONZALEZ (IED)",
        "ORDEN_DE_S": "A",
        "puntaje_2023": 256.79,
        "cole_caracter": "ACADÉMICO",
        "punt_global_2020": 251.0,
        "punt_global_2022": 254.76
      }
    },
    {
      "type": "Feature",
      "geometry": {
        "type": "Point",
        "coordinates": [
          -8249685.974400001,
          510274.3081
        ]
      },
      "properties": {
        "DANE12_EST": "111001027332",
        "NOMBRE_EST": "COLEGIO GUSTAVO RESTREPO (IED)",
        "ORDEN_DE_S": "A",
        "puntaje_2023": 261.15,
        "cole_caracter": "TÉCNICO/ACADÉMICO",
        "punt_global_2020": 264.46,
        "punt_global_2022": 265.29
      }
    },
    {
      "type": "Feature",
      "geometry": {
        "type": "Point",
        "coordinates": [
          -8250119.007200001,
          507941.43189999834
        ]
      },
      "properties": {
        "DANE12_EST": "111001027383",
        "NOMBRE_EST": "COLEGIO ALFREDO IRIARTE (IED)",
        "ORDEN_DE_S": "A",
        "puntaje_2023": 262.31,
        "cole_caracter": "ACADÉMICO",
        "punt_global_2020": 261.8,
        "punt_global_2022": 256.51
      }
    },
    {
      "type": "Feature",
      "geometry": {
        "type": "Point",
        "coordinates": [
          -8257450.5089,
          514467.8498999998
        ]
      },
      "properties": {
        "DANE12_EST": "111001027391",
        "NOMBRE_EST": "COLEGIO MANUEL CEPEDA VARGAS (IED)",
        "ORDEN_DE_S": "A",
        "puntaje_2023": 259.28,
        "cole_caracter": "TÉCNICO/ACADÉMICO",
        "punt_global_2020": 254.43,
        "punt_global_2022": 247.68
      }
    },
    {
      "type": "Feature",
      "geometry": {
        "type": "Point",
        "coordinates": [
          -8246789.441299999,
          517846.2972000018
        ]
      },
      "properties": {
        "DANE12_EST": "111001027634",
        "NOMBRE_EST": "COLEGIO PARA HIJOS DE LOS EMPLEADOS DE LA CONTRALORIA GENERAL DE LA REPUBLICA (COOTRANAL)",
        "ORDEN_DE_S": "A",
        "puntaje_2023": 287.69,
        "cole_caracter": "ACADÉMICO",
        "punt_global_2020": 290.36,
        "punt_global_2022": 305.0
      }
    },
    {
      "type": "Feature",
      "geometry": {
        "type": "Point",
        "coordinates": [
          -8253746.909399999,
          526252.2818000019
        ]
      },
      "properties": {
        "DANE12_EST": "111001028207",
        "NOMBRE_EST": "ESCUELA PEDAGOGICA INTEGRAL IDIPRON",
        "ORDEN_DE_S": "A",
        "puntaje_2023": 212.69,
        "cole_caracter": "ACADÉMICO",
        "punt_global_2020": 215.73,
        "punt_global_2022": 214.54
      }
    },
    {
      "type": "Feature",
      "geometry": {
        "type": "Point",
        "coordinates": [
          -8245824.3013,
          520645.2131999992
        ]
      },
      "properties": {
        "DANE12_EST": "111001028258",
        "NOMBRE_EST": "COLEGIO RAFAEL BERNAL JIMENEZ (IED)",
        "ORDEN_DE_S": "A",
        "puntaje_2023": 268.85,
        "cole_caracter": "ACADÉMICO",
        "punt_global_2020": 273.44,
        "punt_global_2022": 268.4
      }
    },
    {
      "type": "Feature",
      "geometry": {
        "type": "Point",
        "coordinates": [
          -8253018.880000001,
          507415.4552000016
        ]
      },
      "properties": {
        "DANE12_EST": "111001028266",
        "NOMBRE_EST": "COLEGIO CIUDAD DE MONTREAL (IED)",
        "ORDEN_DE_S": "A",
        "puntaje_2023": 248.46,
        "cole_caracter": "NO APLICA",
        "punt_global_2020": 244.09,
        "punt_global_2022": 258.75
      }
    },
    {
      "type": "Feature",
      "geometry": {
        "type": "Point",
        "coordinates": [
          -8255769.5846,
          513623.53979999945
        ]
      },
      "properties": {
        "DANE12_EST": "111001029114",
        "NOMBRE_EST": "COLEGIO JACKELINE (IED)",
        "ORDEN_DE_S": "A",
        "puntaje_2023": 266.54,
        "cole_caracter": "NO APLICA",
        "punt_global_2020": 254.35,
        "punt_global_2022": 264.87
      }
    },
    {
      "type": "Feature",
      "geometry": {
        "type": "Point",
        "coordinates": [
          -8245086.2531,
          520554.74390000105
        ]
      },
      "properties": {
        "DANE12_EST": "111001029912",
        "NOMBRE_EST": "COLEGIO JUAN FRANCISCO BERBEO (IED)",
        "ORDEN_DE_S": "A",
        "puntaje_2023": 280.38,
        "cole_caracter": "ACADÉMICO",
        "punt_global_2020": 267.43,
        "punt_global_2022": 261.04
      }
    },
    {
      "type": "Feature",
      "geometry": {
        "type": "Point",
        "coordinates": [
          -8240325.1184,
          527101.1959000006
        ]
      },
      "properties": {
        "DANE12_EST": "111001029955",
        "NOMBRE_EST": "COLEGIO AGUSTIN FERNANDEZ (IED)",
        "ORDEN_DE_S": "A",
        "puntaje_2023": 250.38,
        "cole_caracter": "ACADÉMICO",
        "punt_global_2020": 240.41,
        "punt_global_2022": 234.72
      }
    },
    {
      "type": "Feature",
      "geometry": {
        "type": "Point",
        "coordinates": [
          -8248923.435900001,
          509103.9528999999
        ]
      },
      "properties": {
        "DANE12_EST": "111001030015",
        "NOMBRE_EST": "COLEGIO ENRIQUE OLAYA HERRERA (IED)",
        "ORDEN_DE_S": "A",
        "puntaje_2023": 256.14,
        "cole_caracter": "ACADÉMICO",
        "punt_global_2020": 249.83,
        "punt_global_2022": 257.32
      }
    },
    {
      "type": "Feature",
      "geometry": {
        "type": "Point",
        "coordinates": [
          -8247146.776799999,
          509415.52479999885
        ]
      },
      "properties": {
        "DANE12_EST": "111001030066",
        "NOMBRE_EST": "COLEGIO MANUELITA SAENZ (IED)",
        "ORDEN_DE_S": "A",
        "puntaje_2023": 262.73,
        "cole_caracter": "ACADÉMICO",
        "punt_global_2020": 263.06,
        "punt_global_2022": 256.19
      }
    },
    {
      "type": "Feature",
      "geometry": {
        "type": "Point",
        "coordinates": [
          -8253552.100299999,
          507328.35119999945
        ]
      },
      "properties": {
        "DANE12_EST": "111001030821",
        "NOMBRE_EST": "COLEGIO SANTA BARBARA (IED)",
        "ORDEN_DE_S": "A",
        "puntaje_2023": 244.23,
        "cole_caracter": "ACADÉMICO",
        "punt_global_2020": 226.76,
        "punt_global_2022": 248.54
      }
    },
    {
      "type": "Feature",
      "geometry": {
        "type": "Point",
        "coordinates": [
          -8253407.385,
          507689.0520000011
        ]
      },
      "properties": {
        "DANE12_EST": "111001030830",
        "NOMBRE_EST": "COLEGIO UNION EUROPEA (IED)",
        "ORDEN_DE_S": "A",
        "puntaje_2023": 242.85,
        "cole_caracter": "ACADÉMICO",
        "punt_global_2020": 247.24,
        "punt_global_2022": 228.65
      }
    },
    {
      "type": "Feature",
      "geometry": {
        "type": "Point",
        "coordinates": [
          -8254621.8806,
          509811.9710999988
        ]
      },
      "properties": {
        "DANE12_EST": "111001030848",
        "NOMBRE_EST": "COLEGIO ARBORIZADORA BAJA (IED)",
        "ORDEN_DE_S": "A",
        "puntaje_2023": 260.49,
        "cole_caracter": "ACADÉMICO",
        "punt_global_2020": 250.15,
        "punt_global_2022": 251.23
      }
    },
    {
      "type": "Feature",
      "geometry": {
        "type": "Point",
        "coordinates": [
          -8246415.4078,
          515193.78510000184
        ]
      },
      "properties": {
        "DANE12_EST": "111001030856",
        "NOMBRE_EST": "COLEGIO PANAMERICANO (IED)",
        "ORDEN_DE_S": "A",
        "puntaje_2023": 243.46,
        "cole_caracter": "ACADÉMICO",
        "punt_global_2020": 221.26,
        "punt_global_2022": 232.58
      }
    },
    {
      "type": "Feature",
      "geometry": {
        "type": "Point",
        "coordinates": [
          -8248225.4627,
          507693.51889999956
        ]
      },
      "properties": {
        "DANE12_EST": "111001030864",
        "NOMBRE_EST": "COLEGIO ALEMANIA UNIFICADA (IED)",
        "ORDEN_DE_S": "A",
        "puntaje_2023": 228.95,
        "cole_caracter": "ACADÉMICO",
        "punt_global_2020": 222.76,
        "punt_global_2022": 226.11
      }
    },
    {
      "type": "Feature",
      "geometry": {
        "type": "Point",
        "coordinates": [
          -8248831.0407,
          501286.01469999924
        ]
      },
      "properties": {
        "DANE12_EST": "111001030872",
        "NOMBRE_EST": "COLEGIO ESTANISLAO ZULETA (IED)",
        "ORDEN_DE_S": "A",
        "puntaje_2023": 248.6,
        "cole_caracter": "ACADÉMICO",
        "punt_global_2020": 253.6,
        "punt_global_2022": 247.5
      }
    },
    {
      "type": "Feature",
      "geometry": {
        "type": "Point",
        "coordinates": [
          -8246609.103700001,
          521104.2628000006
        ]
      },
      "properties": {
        "DANE12_EST": "111001032255",
        "NOMBRE_EST": "COLEGIO TOMAS CARRASQUILLA (IED)",
        "ORDEN_DE_S": "A",
        "puntaje_2023": 253.08,
        "cole_caracter": "ACADÉMICO",
        "punt_global_2020": 257.65,
        "punt_global_2022": 255.31
      }
    },
    {
      "type": "Feature",
      "geometry": {
        "type": "Point",
        "coordinates": [
          -8247334.9068,
          508730.9615999982
        ]
      },
      "properties": {
        "DANE12_EST": "111001032280",
        "NOMBRE_EST": "COLEGIO TECNICO TOMAS RUEDA VARGAS (IED)",
        "ORDEN_DE_S": "A",
        "puntaje_2023": 250.0,
        "cole_caracter": "TÉCNICO/ACADÉMICO",
        "punt_global_2020": 245.25,
        "punt_global_2022": 240.42
      }
    },
    {
      "type": "Feature",
      "geometry": {
        "type": "Point",
        "coordinates": [
          -8249363.1479,
          510866.1928000003
        ]
      },
      "properties": {
        "DANE12_EST": "111001032395",
        "NOMBRE_EST": "COLEGIO REPUBLICA EE.UU. DE AMERICA (IED)",
        "ORDEN_DE_S": "A",
        "puntaje_2023": 290.77,
        "cole_caracter": "ACADÉMICO",
        "punt_global_2020": 247.91,
        "punt_global_2022": 282.97
      }
    },
    {
      "type": "Feature",
      "geometry": {
        "type": "Point",
        "coordinates": [
          -8245812.0561,
          511251.4785999991
        ]
      },
      "properties": {
        "DANE12_EST": "111001032409",
        "NOMBRE_EST": "COLEGIO JORGE SOTO DEL CORRAL (IED)",
        "ORDEN_DE_S": "A",
        "puntaje_2023": 230.77,
        "cole_caracter": "ACADÉMICO",
        "punt_global_2020": 244.36,
        "punt_global_2022": 234.62
      }
    },
    {
      "type": "Feature",
      "geometry": {
        "type": "Point",
        "coordinates": [
          -8246579.0474,
          510043.1392999999
        ]
      },
      "properties": {
        "DANE12_EST": "111001032433",
        "NOMBRE_EST": "COLEGIO REPUBLICA DEL ECUADOR (IED)",
        "ORDEN_DE_S": "A",
        "puntaje_2023": 243.46,
        "cole_caracter": "ACADÉMICO",
        "punt_global_2020": 259.9,
        "punt_global_2022": 247.12
      }
    },
    {
      "type": "Feature",
      "geometry": {
        "type": "Point",
        "coordinates": [
          -8251726.4607,
          509415.52479999885
        ]
      },
      "properties": {
        "DANE12_EST": "111001032450",
        "NOMBRE_EST": "COLEGIO BERNARDO JARAMILLO (IED)",
        "ORDEN_DE_S": "A",
        "puntaje_2023": 256.54,
        "cole_caracter": "ACADÉMICO",
        "punt_global_2020": 243.97,
        "punt_global_2022": 253.76
      }
    },
    {
      "type": "Feature",
      "geometry": {
        "type": "Point",
        "coordinates": [
          -8255487.9463,
          517147.1422000006
        ]
      },
      "properties": {
        "DANE12_EST": "111001033898",
        "NOMBRE_EST": "COLEGIO MANUEL ZAPATA OLIVELLA (IED)",
        "ORDEN_DE_S": "A",
        "puntaje_2023": 259.43,
        "cole_caracter": "ACADÉMICO",
        "punt_global_2020": 254.29,
        "punt_global_2022": 258.43
      }
    },
    {
      "type": "Feature",
      "geometry": {
        "type": "Point",
        "coordinates": [
          -8250688.9629999995,
          524953.2377000004
        ]
      },
      "properties": {
        "DANE12_EST": "111001033979",
        "NOMBRE_EST": "COLEGIO GARCES NAVAS (IED)",
        "ORDEN_DE_S": "A",
        "puntaje_2023": 260.06,
        "cole_caracter": "ACADÉMICO",
        "punt_global_2020": 257.2,
        "punt_global_2022": 258.53
      }
    },
    {
      "type": "Feature",
      "geometry": {
        "type": "Point",
        "coordinates": [
          -8249720.4835,
          524285.29399999976
        ]
      },
      "properties": {
        "DANE12_EST": "111001034002",
        "NOMBRE_EST": "COLEGIO GUILLERMO LEON VALENCIA (IED)",
        "ORDEN_DE_S": "A",
        "puntaje_2023": 276.15,
        "cole_caracter": "ACADÉMICO",
        "punt_global_2020": 252.32,
        "punt_global_2022": 248.29
      }
    },
    {
      "type": "Feature",
      "geometry": {
        "type": "Point",
        "coordinates": [
          -8247648.8277,
          503972.682599999
        ]
      },
      "properties": {
        "DANE12_EST": "111001034011",
        "NOMBRE_EST": "COLEGIO JUAN REY (IED)",
        "ORDEN_DE_S": "A",
        "puntaje_2023": 238.46,
        "cole_caracter": "ACADÉMICO",
        "punt_global_2020": 240.0,
        "punt_global_2022": 235.07
      }
    },
    {
      "type": "Feature",
      "geometry": {
        "type": "Point",
        "coordinates": [
          -8251813.289899999,
          514932.4475999996
        ]
      },
      "properties": {
        "DANE12_EST": "111001034045",
        "NOMBRE_EST": "COLEGIO LA FLORESTA SUR (IED)",
        "ORDEN_DE_S": "A",
        "puntaje_2023": 246.23,
        "cole_caracter": "ACADÉMICO",
        "punt_global_2020": 249.84,
        "punt_global_2022": 259.98
      }
    },
    {
      "type": "Feature",
      "geometry": {
        "type": "Point",
        "coordinates": [
          -8250415.1171,
          510463.0406999998
        ]
      },
      "properties": {
        "DANE12_EST": "111001034134",
        "NOMBRE_EST": "COLEGIO CLEMENCIA DE CAYCEDO (IED)",
        "ORDEN_DE_S": "A",
        "puntaje_2023": 255.0,
        "cole_caracter": "ACADÉMICO",
        "punt_global_2020": 257.37,
        "punt_global_2022": 249.2
      }
    },
    {
      "type": "Feature",
      "geometry": {
        "type": "Point",
        "coordinates": [
          -8254242.281199999,
          508555.6339999996
        ]
      },
      "properties": {
        "DANE12_EST": "111001034240",
        "NOMBRE_EST": "COLEGIO NICOLAS GOMEZ DAVILA (IED)",
        "ORDEN_DE_S": "A",
        "puntaje_2023": 255.17,
        "cole_caracter": "ACADÉMICO",
        "punt_global_2020": 250.2,
        "punt_global_2022": 251.45
      }
    },
    {
      "type": "Feature",
      "geometry": {
        "type": "Point",
        "coordinates": [
          -8244222.413799999,
          515981.15300000086
        ]
      },
      "properties": {
        "DANE12_EST": "111001034665",
        "NOMBRE_EST": "COLEGIO SAN MARTIN DE PORRES (IED)",
        "ORDEN_DE_S": "A",
        "puntaje_2023": 226.79,
        "cole_caracter": "ACADÉMICO",
        "punt_global_2020": 228.08,
        "punt_global_2022": 241.67
      }
    },
    {
      "type": "Feature",
      "geometry": {
        "type": "Point",
        "coordinates": [
          -8248052.9175,
          521977.69310000166
        ]
      },
      "properties": {
        "DANE12_EST": "111001035521",
        "NOMBRE_EST": "COLEGIO NESTOR FORERO ALCALA (IED)",
        "ORDEN_DE_S": "A",
        "puntaje_2023": 276.54,
        "cole_caracter": "ACADÉMICO",
        "punt_global_2020": 285.78,
        "punt_global_2022": 277.38
      }
    },
    {
      "type": "Feature",
      "geometry": {
        "type": "Point",
        "coordinates": [
          -8247655.506899999,
          509784.0522999987
        ]
      },
      "properties": {
        "DANE12_EST": "111001035530",
        "NOMBRE_EST": "COLEGIO TECNICO JOSE FELIX RESTREPO (IED)",
        "ORDEN_DE_S": "A",
        "puntaje_2023": 271.92,
        "cole_caracter": "ACADÉMICO",
        "punt_global_2020": 250.89,
        "punt_global_2022": 242.3
      }
    },
    {
      "type": "Feature",
      "geometry": {
        "type": "Point",
        "coordinates": [
          -8253488.6482,
          508230.6645999998
        ]
      },
      "properties": {
        "DANE12_EST": "111001035572",
        "NOMBRE_EST": "COLEGIO ACACIA II (IED)",
        "ORDEN_DE_S": "A",
        "puntaje_2023": 244.03,
        "cole_caracter": "ACADÉMICO",
        "punt_global_2020": 247.6,
        "punt_global_2022": 248.08
      }
    },
    {
      "type": "Feature",
      "geometry": {
        "type": "Point",
        "coordinates": [
          -8248287.8016,
          507266.9316999987
        ]
      },
      "properties": {
        "DANE12_EST": "111001035602",
        "NOMBRE_EST": "COLEGIO JUAN EVANGELISTA GOMEZ (IED)",
        "ORDEN_DE_S": "A",
        "puntaje_2023": 254.46,
        "cole_caracter": "ACADÉMICO",
        "punt_global_2020": 238.07,
        "punt_global_2022": 239.44
      }
    },
    {
      "type": "Feature",
      "geometry": {
        "type": "Point",
        "coordinates": [
          -8246805.026000001,
          511749.560899999
        ]
      },
      "properties": {
        "DANE12_EST": "111001036544",
        "NOMBRE_EST": "COLEGIO ANTONIO JOSE URIBE (IED)",
        "ORDEN_DE_S": "A",
        "puntaje_2023": 262.69,
        "cole_caracter": "ACADÉMICO",
        "punt_global_2020": 220.47,
        "punt_global_2022": 238.5
      }
    },
    {
      "type": "Feature",
      "geometry": {
        "type": "Point",
        "coordinates": [
          -8254445.9958,
          505922.4151000008
        ]
      },
      "properties": {
        "DANE12_EST": "111001036561",
        "NOMBRE_EST": "COLEGIO JOSE JAIME ROJAS (IED)",
        "ORDEN_DE_S": "A",
        "puntaje_2023": 231.92,
        "cole_caracter": "ACADÉMICO",
        "punt_global_2020": 227.3,
        "punt_global_2022": 234.88
      }
    },
    {
      "type": "Feature",
      "geometry": {
        "type": "Point",
        "coordinates": [
          -8247327.114399999,
          522690.79129999876
        ]
      },
      "properties": {
        "DANE12_EST": "111001036625",
        "NOMBRE_EST": "COLEGIO INSTITUTO TECNICO DISTRITAL REPUBLICA DE GUATEMALA (IED)",
        "ORDEN_DE_S": "A",
        "puntaje_2023": 266.54,
        "cole_caracter": "ACADÉMICO",
        "punt_global_2020": 275.68,
        "punt_global_2022": 265.95
      }
    },
    {
      "type": "Feature",
      "geometry": {
        "type": "Point",
        "coordinates": [
          -8249895.255100001,
          509606.4888000004
        ]
      },
      "properties": {
        "DANE12_EST": "111001036765",
        "NOMBRE_EST": "COLEGIO JOSE MARTI (IED)",
        "ORDEN_DE_S": "A",
        "puntaje_2023": 240.77,
        "cole_caracter": "ACADÉMICO",
        "punt_global_2020": 243.31,
        "punt_global_2022": 244.74
      }
    },
    {
      "type": "Feature",
      "geometry": {
        "type": "Point",
        "coordinates": [
          -8254794.425799999,
          509638.8746000007
        ]
      },
      "properties": {
        "DANE12_EST": "111001036781",
        "NOMBRE_EST": "COLEGIO RODRIGO LARA BONILLA (IED)",
        "ORDEN_DE_S": "A",
        "puntaje_2023": 260.0,
        "cole_caracter": "ACADÉMICO",
        "punt_global_2020": 244.56,
        "punt_global_2022": 245.83
      }
    },
    {
      "type": "Feature",
      "geometry": {
        "type": "Point",
        "coordinates": [
          -8248105.237600001,
          513308.6011000015
        ]
      },
      "properties": {
        "DANE12_EST": "111001041459",
        "NOMBRE_EST": "COLEGIO RICAURTE (IED)",
        "ORDEN_DE_S": "A",
        "puntaje_2023": 260.77,
        "cole_caracter": "ACADÉMICO",
        "punt_global_2020": 259.85,
        "punt_global_2022": 266.62
      }
    },
    {
      "type": "Feature",
      "geometry": {
        "type": "Point",
        "coordinates": [
          -8247775.731899999,
          503234.5659000017
        ]
      },
      "properties": {
        "DANE12_EST": "111001041556",
        "NOMBRE_EST": "COLEGIO PROVINCIA DE QUEBEC (IED)",
        "ORDEN_DE_S": "A",
        "puntaje_2023": 258.95,
        "cole_caracter": "ACADÉMICO",
        "punt_global_2020": 246.45,
        "punt_global_2022": 255.22
      }
    },
    {
      "type": "Feature",
      "geometry": {
        "type": "Point",
        "coordinates": [
          -8249898.5945999995,
          506763.2936999984
        ]
      },
      "properties": {
        "DANE12_EST": "111001041611",
        "NOMBRE_EST": "COLEGIO DIANA TURBAY (IED)",
        "ORDEN_DE_S": "A",
        "puntaje_2023": 256.54,
        "cole_caracter": null,
        "punt_global_2020": null,
        "punt_global_2022": null
      }
    },
    {
      "type": "Feature",
      "geometry": {
        "type": "Point",
        "coordinates": [
          -8249744.9737,
          501288.2479999997
        ]
      },
      "properties": {
        "DANE12_EST": "111001044270",
        "NOMBRE_EST": "COLEGIO LOS COMUNEROS - OSWALDO GUAYAZAMIN (IED)",
        "ORDEN_DE_S": "A",
        "puntaje_2023": 248.85,
        "cole_caracter": "ACADÉMICO",
        "punt_global_2020": 238.36,
        "punt_global_2022": 247.26
      }
    },
    {
      "type": "Feature",
      "geometry": {
        "type": "Point",
        "coordinates": [
          -8252719.430500001,
          507876.6616999991
        ]
      },
      "properties": {
        "DANE12_EST": "111001044385",
        "NOMBRE_EST": "COLEGIO CEDID GUILLERMO CANO ISAZA (IED)",
        "ORDEN_DE_S": "A",
        "puntaje_2023": 258.44,
        "cole_caracter": "TÉCNICO/ACADÉMICO",
        "punt_global_2020": 238.61,
        "punt_global_2022": 240.34
      }
    },
    {
      "type": "Feature",
      "geometry": {
        "type": "Point",
        "coordinates": [
          -8240226.0441,
          529286.0758000016
        ]
      },
      "properties": {
        "DANE12_EST": "111001044806",
        "NOMBRE_EST": "COLEGIO FRIEDRICH NAUMANN (IED)",
        "ORDEN_DE_S": "A",
        "puntaje_2023": 250.38,
        "cole_caracter": "ACADÉMICO",
        "punt_global_2020": 259.4,
        "punt_global_2022": 255.83
      }
    },
    {
      "type": "Feature",
      "geometry": {
        "type": "Point",
        "coordinates": [
          -8249939.7829,
          528950.9675000012
        ]
      },
      "properties": {
        "DANE12_EST": "111001045225",
        "NOMBRE_EST": "COLEGIO TIBABUYES UNIVERSAL (IED)",
        "ORDEN_DE_S": "A",
        "puntaje_2023": 254.86,
        "cole_caracter": "ACADÉMICO",
        "punt_global_2020": 252.05,
        "punt_global_2022": 247.52
      }
    },
    {
      "type": "Feature",
      "geometry": {
        "type": "Point",
        "coordinates": [
          -8251303.446599999,
          514600.75140000135
        ]
      },
      "properties": {
        "DANE12_EST": "111001045535",
        "NOMBRE_EST": "COLEGIO JOSE MANUEL RESTREPO (IED)",
        "ORDEN_DE_S": "A",
        "puntaje_2023": 279.23,
        "cole_caracter": "ACADÉMICO",
        "punt_global_2020": 279.6,
        "punt_global_2022": 284.62
      }
    },
    {
      "type": "Feature",
      "geometry": {
        "type": "Point",
        "coordinates": [
          -8251257.805600001,
          504057.5496999994
        ]
      },
      "properties": {
        "DANE12_EST": "111001045705",
        "NOMBRE_EST": "COLEGIO LA AURORA (IED)",
        "ORDEN_DE_S": "A",
        "puntaje_2023": 251.92,
        "cole_caracter": "ACADÉMICO",
        "punt_global_2020": 254.14,
        "punt_global_2022": 256.19
      }
    },
    {
      "type": "Feature",
      "geometry": {
        "type": "Point",
        "coordinates": [
          -8255244.1566,
          509539.4838999994
        ]
      },
      "properties": {
        "DANE12_EST": "111001045730",
        "NOMBRE_EST": "COLEGIO EL PARAISO DE MANUELA BELTRAN (IED)",
        "ORDEN_DE_S": "A",
        "puntaje_2023": 252.93,
        "cole_caracter": "ACADÉMICO",
        "punt_global_2020": 254.15,
        "punt_global_2022": 262.76
      }
    },
    {
      "type": "Feature",
      "geometry": {
        "type": "Point",
        "coordinates": [
          -8248723.060799999,
          522470.2584999986
        ]
      },
      "properties": {
        "DANE12_EST": "111001046299",
        "NOMBRE_EST": "COLEGIO MANUELA AYALA DE GAITAN (IED)",
        "ORDEN_DE_S": "A",
        "puntaje_2023": 276.33,
        "cole_caracter": "ACADÉMICO",
        "punt_global_2020": 273.07,
        "punt_global_2022": 271.82
      }
    },
    {
      "type": "Feature",
      "geometry": {
        "type": "Point",
        "coordinates": [
          -8259869.4814,
          513763.14070000127
        ]
      },
      "properties": {
        "DANE12_EST": "111001046477",
        "NOMBRE_EST": "COLEGIO GRANCOLOMBIANO (IED)",
        "ORDEN_DE_S": "A",
        "puntaje_2023": 264.23,
        "cole_caracter": "ACADÉMICO",
        "punt_global_2020": 269.36,
        "punt_global_2022": 258.84
      }
    },
    {
      "type": "Feature",
      "geometry": {
        "type": "Point",
        "coordinates": [
          -8251005.110400001,
          504282.00129999965
        ]
      },
      "properties": {
        "DANE12_EST": "111001046485",
        "NOMBRE_EST": "COLEGIO NUEVO SAN ANDRES DE LOS ALTOS (IED)",
        "ORDEN_DE_S": "A",
        "puntaje_2023": 248.43,
        "cole_caracter": "ACADÉMICO",
        "punt_global_2020": 245.31,
        "punt_global_2022": 249.02
      }
    },
    {
      "type": "Feature",
      "geometry": {
        "type": "Point",
        "coordinates": [
          -8257576.299900001,
          513304.13379999995
        ]
      },
      "properties": {
        "DANE12_EST": "111001046591",
        "NOMBRE_EST": "COLEGIO JOSE ANTONIO GALAN (IED)",
        "ORDEN_DE_S": "A",
        "puntaje_2023": 247.47,
        "cole_caracter": "ACADÉMICO",
        "punt_global_2020": 245.29,
        "punt_global_2022": 254.14
      }
    },
    {
      "type": "Feature",
      "geometry": {
        "type": "Point",
        "coordinates": [
          -8247223.587300001,
          504617.0047999993
        ]
      },
      "properties": {
        "DANE12_EST": "111001046621",
        "NOMBRE_EST": "COLEGIO NUEVA DELHI (IED)",
        "ORDEN_DE_S": "A",
        "puntaje_2023": 241.11,
        "cole_caracter": "ACADÉMICO",
        "punt_global_2020": 240.06,
        "punt_global_2022": 242.28
      }
    },
    {
      "type": "Feature",
      "geometry": {
        "type": "Point",
        "coordinates": [
          -8250641.0956,
          502216.1768999994
        ]
      },
      "properties": {
        "DANE12_EST": "111001046931",
        "NOMBRE_EST": "COLEGIO ATABANZHA (IED)",
        "ORDEN_DE_S": "A",
        "puntaje_2023": 249.35,
        "cole_caracter": "ACADÉMICO",
        "punt_global_2020": 248.23,
        "punt_global_2022": 250.26
      }
    },
    {
      "type": "Feature",
      "geometry": {
        "type": "Point",
        "coordinates": [
          -8242038.3254,
          528861.6055000015
        ]
      },
      "properties": {
        "DANE12_EST": "111001046957",
        "NOMBRE_EST": "COLEGIO TOBERIN (IED)",
        "ORDEN_DE_S": "A",
        "puntaje_2023": 257.69,
        "cole_caracter": "ACADÉMICO",
        "punt_global_2020": 262.11,
        "punt_global_2022": 260.98
      }
    },
    {
      "type": "Feature",
      "geometry": {
        "type": "Point",
        "coordinates": [
          -8255157.327400001,
          509168.72399999946
        ]
      },
      "properties": {
        "DANE12_EST": "111001047571",
        "NOMBRE_EST": "COLEGIO ARBORIZADORA ALTA (IED)",
        "ORDEN_DE_S": "A",
        "puntaje_2023": 245.64,
        "cole_caracter": "ACADÉMICO",
        "punt_global_2020": 242.1,
        "punt_global_2022": 240.64
      }
    },
    {
      "type": "Feature",
      "geometry": {
        "type": "Point",
        "coordinates": [
          -8255701.6797,
          507167.5439000018
        ]
      },
      "properties": {
        "DANE12_EST": "111001047678",
        "NOMBRE_EST": "COLEGIO PARAISO MIRADOR (IED)",
        "ORDEN_DE_S": "A",
        "puntaje_2023": 244.68,
        "cole_caracter": "ACADÉMICO",
        "punt_global_2020": 230.23,
        "punt_global_2022": 224.8
      }
    },
    {
      "type": "Feature",
      "geometry": {
        "type": "Point",
        "coordinates": [
          -8250908.262399999,
          513900.50829999894
        ]
      },
      "properties": {
        "DANE12_EST": "111001065056",
        "NOMBRE_EST": "COLEGIO LUIS CARLOS GALAN SARMIENTO (IED)",
        "ORDEN_DE_S": "A",
        "puntaje_2023": 282.77,
        "cole_caracter": "ACADÉMICO",
        "punt_global_2020": 278.89,
        "punt_global_2022": 282.1
      }
    },
    {
      "type": "Feature",
      "geometry": {
        "type": "Point",
        "coordinates": [
          -8250692.3026,
          500899.66000000015
        ]
      },
      "properties": {
        "DANE12_EST": "111001065234",
        "NOMBRE_EST": "COLEGIO USMINIA (IED)",
        "ORDEN_DE_S": "A",
        "puntaje_2023": 246.54,
        "cole_caracter": "NO APLICA",
        "punt_global_2020": 241.41,
        "punt_global_2022": 245.89
      }
    },
    {
      "type": "Feature",
      "geometry": {
        "type": "Point",
        "coordinates": [
          -8248703.0233,
          526974.9752000012
        ]
      },
      "properties": {
        "DANE12_EST": "111001075272",
        "NOMBRE_EST": "COLEGIO NUEVA COLOMBIA (IED)",
        "ORDEN_DE_S": "A",
        "puntaje_2023": 245.77,
        "cole_caracter": "ACADÉMICO",
        "punt_global_2020": 250.42,
        "punt_global_2022": 254.41
      }
    },
    {
      "type": "Feature",
      "geometry": {
        "type": "Point",
        "coordinates": [
          -8255874.2249,
          511107.4149999991
        ]
      },
      "properties": {
        "DANE12_EST": "111001075329",
        "NOMBRE_EST": "COLEGIO MARIA MERCEDES CARRANZA (IED)",
        "ORDEN_DE_S": "A",
        "puntaje_2023": 260.42,
        "cole_caracter": "ACADÉMICO",
        "punt_global_2020": 257.84,
        "punt_global_2022": 263.36
      }
    },
    {
      "type": "Feature",
      "geometry": {
        "type": "Point",
        "coordinates": [
          -8244810.1807,
          525653.5795000009
        ]
      },
      "properties": {
        "DANE12_EST": "111001075515",
        "NOMBRE_EST": "COLEGIO GUSTAVO MORALES MORALES (IED)",
        "ORDEN_DE_S": "A",
        "puntaje_2023": 276.54,
        "cole_caracter": "ACADÉMICO",
        "punt_global_2020": 261.23,
        "punt_global_2022": 262.74
      }
    },
    {
      "type": "Feature",
      "geometry": {
        "type": "Point",
        "coordinates": [
          -8253496.4406,
          506467.3660000004
        ]
      },
      "properties": {
        "DANE12_EST": "111001075663",
        "NOMBRE_EST": "COLEGIO ESTRELLA DEL SUR (IED)",
        "ORDEN_DE_S": "A",
        "puntaje_2023": 243.28,
        "cole_caracter": "ACADÉMICO",
        "punt_global_2020": 235.39,
        "punt_global_2022": 241.77
      }
    },
    {
      "type": "Feature",
      "geometry": {
        "type": "Point",
        "coordinates": [
          -8254615.2015,
          511440.21339999884
        ]
      },
      "properties": {
        "DANE12_EST": "111001075736",
        "NOMBRE_EST": "COLEGIO ISLA DEL SOL (IED)",
        "ORDEN_DE_S": "A",
        "puntaje_2023": 258.85,
        "cole_caracter": "ACADÉMICO",
        "punt_global_2020": 261.46,
        "punt_global_2022": 265.22
      }
    },
    {
      "type": "Feature",
      "geometry": {
        "type": "Point",
        "coordinates": [
          -8252944.2959,
          506430.51469999924
        ]
      },
      "properties": {
        "DANE12_EST": "111001075752",
        "NOMBRE_EST": "COLEGIO SOTAVENTO (IED)",
        "ORDEN_DE_S": "A",
        "puntaje_2023": 269.62,
        "cole_caracter": "ACADÉMICO",
        "punt_global_2020": 281.72,
        "punt_global_2022": 266.62
      }
    },
    {
      "type": "Feature",
      "geometry": {
        "type": "Point",
        "coordinates": [
          -8252375.453299999,
          508647.2063000016
        ]
      },
      "properties": {
        "DANE12_EST": "111001075957",
        "NOMBRE_EST": "COLEGIO SAN CARLOS (IED)",
        "ORDEN_DE_S": "A",
        "puntaje_2023": 236.92,
        "cole_caracter": "ACADÉMICO",
        "punt_global_2020": 223.29,
        "punt_global_2022": 230.97
      }
    },
    {
      "type": "Feature",
      "geometry": {
        "type": "Point",
        "coordinates": [
          -8250642.208799999,
          501624.3557999991
        ]
      },
      "properties": {
        "DANE12_EST": "111001076201",
        "NOMBRE_EST": "COLEGIO DIEGO MONTAÑA CUELLAR (IED)",
        "ORDEN_DE_S": "B",
        "puntaje_2023": 243.29,
        "cole_caracter": "ACADÉMICO",
        "punt_global_2020": 241.94,
        "punt_global_2022": 250.69
      }
    },
    {
      "type": "Feature",
      "geometry": {
        "type": "Point",
        "coordinates": [
          -8250773.5658,
          507624.2820999995
        ]
      },
      "properties": {
        "DANE12_EST": "111001076376",
        "NOMBRE_EST": "COLEGIO MARRUECOS Y MOLINOS (IED)",
        "ORDEN_DE_S": "A",
        "puntaje_2023": 270.61,
        "cole_caracter": "ACADÉMICO",
        "punt_global_2020": 244.77,
        "punt_global_2022": 252.07
      }
    },
    {
      "type": "Feature",
      "geometry": {
        "type": "Point",
        "coordinates": [
          -8253437.441299999,
          517138.2072999999
        ]
      },
      "properties": {
        "DANE12_EST": "111001076767",
        "NOMBRE_EST": "COLEGIO CASTILLA (IED)",
        "ORDEN_DE_S": "A",
        "puntaje_2023": 279.18,
        "cole_caracter": "ACADÉMICO",
        "punt_global_2020": 268.17,
        "punt_global_2022": 273.91
      }
    },
    {
      "type": "Feature",
      "geometry": {
        "type": "Point",
        "coordinates": [
          -8253986.246300001,
          508825.88439999893
        ]
      },
      "properties": {
        "DANE12_EST": "111001076937",
        "NOMBRE_EST": "COLEGIO SAN FRANCISCO (IED)",
        "ORDEN_DE_S": "A",
        "puntaje_2023": 259.15,
        "cole_caracter": "ACADÉMICO",
        "punt_global_2020": 253.76,
        "punt_global_2022": 250.98
      }
    },
    {
      "type": "Feature",
      "geometry": {
        "type": "Point",
        "coordinates": [
          -8249186.149900001,
          502236.27650000155
        ]
      },
      "properties": {
        "DANE12_EST": "111001077895",
        "NOMBRE_EST": "COLEGIO OFELIA URIBE DE ACOSTA (IED)",
        "ORDEN_DE_S": "A",
        "puntaje_2023": 242.86,
        "cole_caracter": "ACADÉMICO",
        "punt_global_2020": 248.72,
        "punt_global_2022": 243.9
      }
    },
    {
      "type": "Feature",
      "geometry": {
        "type": "Point",
        "coordinates": [
          -8250419.5699000005,
          503455.66519999877
        ]
      },
      "properties": {
        "DANE12_EST": "111001077917",
        "NOMBRE_EST": "COLEGIO BRASILIA - USME (IED)",
        "ORDEN_DE_S": "A",
        "puntaje_2023": 255.38,
        "cole_caracter": "ACADÉMICO",
        "punt_global_2020": 252.42,
        "punt_global_2022": 255.97
      }
    },
    {
      "type": "Feature",
      "geometry": {
        "type": "Point",
        "coordinates": [
          -8250071.139799999,
          501765.05249999836
        ]
      },
      "properties": {
        "DANE12_EST": "111001078638",
        "NOMBRE_EST": "COLEGIO EL VIRREY JOSE SOLIS (IED)",
        "ORDEN_DE_S": "A",
        "puntaje_2023": 250.0,
        "cole_caracter": "ACADÉMICO",
        "punt_global_2020": 249.45,
        "punt_global_2022": 258.52
      }
    },
    {
      "type": "Feature",
      "geometry": {
        "type": "Point",
        "coordinates": [
          -8256246.032,
          513267.2793999985
        ]
      },
      "properties": {
        "DANE12_EST": "111001079154",
        "NOMBRE_EST": "COLEGIO VILLA RICA (IED)",
        "ORDEN_DE_S": "A",
        "puntaje_2023": 258.85,
        "cole_caracter": "ACADÉMICO",
        "punt_global_2020": 260.73,
        "punt_global_2022": 255.52
      }
    },
    {
      "type": "Feature",
      "geometry": {
        "type": "Point",
        "coordinates": [
          -8249421.034,
          502829.21869999915
        ]
      },
      "properties": {
        "DANE12_EST": "111001083011",
        "NOMBRE_EST": "COLEGIO MIGUEL DE CERVANTES SAAVEDRA (IED)",
        "ORDEN_DE_S": "A",
        "puntaje_2023": 257.69,
        "cole_caracter": "ACADÉMICO",
        "punt_global_2020": 243.91,
        "punt_global_2022": 241.49
      }
    },
    {
      "type": "Feature",
      "geometry": {
        "type": "Point",
        "coordinates": [
          -8259881.726600001,
          513000.3643000014
        ]
      },
      "properties": {
        "DANE12_EST": "111001086606",
        "NOMBRE_EST": "COLEGIO LLANO ORIENTAL (IED)",
        "ORDEN_DE_S": "A",
        "puntaje_2023": 237.31,
        "cole_caracter": "ACADÉMICO",
        "punt_global_2020": 247.43,
        "punt_global_2022": 251.82
      }
    },
    {
      "type": "Feature",
      "geometry": {
        "type": "Point",
        "coordinates": [
          -8249987.6502,
          502163.6944999993
        ]
      },
      "properties": {
        "DANE12_EST": "111001086614",
        "NOMBRE_EST": "COLEGIO CHUNIZA (IED)",
        "ORDEN_DE_S": "A",
        "puntaje_2023": 261.1,
        "cole_caracter": "ACADÉMICO",
        "punt_global_2020": 257.77,
        "punt_global_2022": 259.97
      }
    },
    {
      "type": "Feature",
      "geometry": {
        "type": "Point",
        "coordinates": [
          -8252903.1077,
          508895.12220000103
        ]
      },
      "properties": {
        "DANE12_EST": "111001086631",
        "NOMBRE_EST": "COLEGIO SAN BENITO ABAD (IED)",
        "ORDEN_DE_S": "A",
        "puntaje_2023": 246.54,
        "cole_caracter": "ACADÉMICO",
        "punt_global_2020": 234.0,
        "punt_global_2022": 243.94
      }
    },
    {
      "type": "Feature",
      "geometry": {
        "type": "Point",
        "coordinates": [
          -8253632.250399999,
          513487.2895999998
        ]
      },
      "properties": {
        "DANE12_EST": "111001086649",
        "NOMBRE_EST": "COLEGIO ALFONSO LOPEZ PUMAREJO (IED)",
        "ORDEN_DE_S": "A",
        "puntaje_2023": 264.95,
        "cole_caracter": "TÉCNICO/ACADÉMICO",
        "punt_global_2020": 273.14,
        "punt_global_2022": 269.38
      }
    },
    {
      "type": "Feature",
      "geometry": {
        "type": "Point",
        "coordinates": [
          -8247917.1077,
          526664.4508000016
        ]
      },
      "properties": {
        "DANE12_EST": "111001086665",
        "NOMBRE_EST": "COLEGIO RAMON DE ZUBIRIA (IED)",
        "ORDEN_DE_S": "A",
        "puntaje_2023": 240.77,
        "cole_caracter": "ACADÉMICO",
        "punt_global_2020": 242.07,
        "punt_global_2022": 232.56
      }
    },
    {
      "type": "Feature",
      "geometry": {
        "type": "Point",
        "coordinates": [
          -8240516.5879999995,
          531256.5421000011
        ]
      },
      "properties": {
        "DANE12_EST": "111001086681",
        "NOMBRE_EST": "COLEGIO NUEVO HORIZONTE (IED)",
        "ORDEN_DE_S": "A",
        "puntaje_2023": 241.15,
        "cole_caracter": "ACADÉMICO",
        "punt_global_2020": 240.87,
        "punt_global_2022": 247.64
      }
    },
    {
      "type": "Feature",
      "geometry": {
        "type": "Point",
        "coordinates": [
          -8247482.9617,
          511067.21119999886
        ]
      },
      "properties": {
        "DANE12_EST": "111001086720",
        "NOMBRE_EST": "COLEGIO TECNICO JAIME PARDO LEAL (IED)",
        "ORDEN_DE_S": "A",
        "puntaje_2023": 261.54,
        "cole_caracter": "TÉCNICO/ACADÉMICO",
        "punt_global_2020": 263.66,
        "punt_global_2022": 265.54
      }
    },
    {
      "type": "Feature",
      "geometry": {
        "type": "Point",
        "coordinates": [
          -8259340.7138,
          515117.8407999985
        ]
      },
      "properties": {
        "DANE12_EST": "111001086754",
        "NOMBRE_EST": "COLEGIO LA CONCEPCION (IED)",
        "ORDEN_DE_S": "A",
        "puntaje_2023": 255.0,
        "cole_caracter": "NO APLICA",
        "punt_global_2020": 252.81,
        "punt_global_2022": 258.28
      }
    },
    {
      "type": "Feature",
      "geometry": {
        "type": "Point",
        "coordinates": [
          -8256284.993799999,
          517119.2208000012
        ]
      },
      "properties": {
        "DANE12_EST": "111001086771",
        "NOMBRE_EST": "COLEGIO INSTITUTO TECNICO RODRIGO DE TRIANA (IED)",
        "ORDEN_DE_S": "A",
        "puntaje_2023": 262.4,
        "cole_caracter": "TÉCNICO/ACADÉMICO",
        "punt_global_2020": 248.64,
        "punt_global_2022": 261.23
      }
    },
    {
      "type": "Feature",
      "geometry": {
        "type": "Point",
        "coordinates": [
          -8248018.408399999,
          509969.4334000014
        ]
      },
      "properties": {
        "DANE12_EST": "111001086789",
        "NOMBRE_EST": "COLEGIO RAFAEL NUÑEZ (IED)",
        "ORDEN_DE_S": "A",
        "puntaje_2023": 260.77,
        "cole_caracter": "ACADÉMICO",
        "punt_global_2020": 271.9,
        "punt_global_2022": 256.39
      }
    },
    {
      "type": "Feature",
      "geometry": {
        "type": "Point",
        "coordinates": [
          -8255977.752,
          510161.5155000016
        ]
      },
      "properties": {
        "DANE12_EST": "111001086801",
        "NOMBRE_EST": "COLEGIO CEDID CIUDAD BOLIVAR (IED)",
        "ORDEN_DE_S": "A",
        "puntaje_2023": 243.88,
        "cole_caracter": "ACADÉMICO",
        "punt_global_2020": 236.61,
        "punt_global_2022": 239.18
      }
    },
    {
      "type": "Feature",
      "geometry": {
        "type": "Point",
        "coordinates": [
          -8256519.8780000005,
          509813.08790000156
        ]
      },
      "properties": {
        "DANE12_EST": "111001086835",
        "NOMBRE_EST": "COLEGIO SIERRA MORENA (IED)",
        "ORDEN_DE_S": "A",
        "puntaje_2023": 239.17,
        "cole_caracter": "ACADÉMICO",
        "punt_global_2020": 226.22,
        "punt_global_2022": 232.71
      }
    },
    {
      "type": "Feature",
      "geometry": {
        "type": "Point",
        "coordinates": [
          -8257244.5678,
          511805.39990000054
        ]
      },
      "properties": {
        "DANE12_EST": "111001092410",
        "NOMBRE_EST": "COLEGIO LA ESTANCIA - SAN ISIDRO LABRADOR (IED)",
        "ORDEN_DE_S": "A",
        "puntaje_2023": 244.09,
        "cole_caracter": "ACADÉMICO",
        "punt_global_2020": 237.17,
        "punt_global_2022": 241.39
      }
    },
    {
      "type": "Feature",
      "geometry": {
        "type": "Point",
        "coordinates": [
          -8248439.1961,
          527177.1519000009
        ]
      },
      "properties": {
        "DANE12_EST": "111001093084",
        "NOMBRE_EST": "COLEGIO ALVARO GOMEZ HURTADO (IED)",
        "ORDEN_DE_S": "A",
        "puntaje_2023": 244.52,
        "cole_caracter": "ACADÉMICO",
        "punt_global_2020": 236.26,
        "punt_global_2022": 241.96
      }
    },
    {
      "type": "Feature",
      "geometry": {
        "type": "Point",
        "coordinates": [
          -8249554.6174,
          501767.2857999988
        ]
      },
      "properties": {
        "DANE12_EST": "111001094439",
        "NOMBRE_EST": "COLEGIO FERNANDO GONZALEZ OCHOA (IED)",
        "ORDEN_DE_S": "A",
        "puntaje_2023": 253.46,
        "cole_caracter": "ACADÉMICO",
        "punt_global_2020": 250.61,
        "punt_global_2022": 247.02
      }
    },
    {
      "type": "Feature",
      "geometry": {
        "type": "Point",
        "coordinates": [
          -8250269.2885,
          528654.9563999996
        ]
      },
      "properties": {
        "DANE12_EST": "111001094889",
        "NOMBRE_EST": "COLEGIO LA TOSCANA - LISBOA (IED)",
        "ORDEN_DE_S": "A",
        "puntaje_2023": 262.48,
        "cole_caracter": "ACADÉMICO",
        "punt_global_2020": 247.41,
        "punt_global_2022": 250.4
      }
    },
    {
      "type": "Feature",
      "geometry": {
        "type": "Point",
        "coordinates": [
          -8245905.5645,
          516876.86349999905
        ]
      },
      "properties": {
        "DANE12_EST": "111001094897",
        "NOMBRE_EST": "COLEGIO TECNICO PALERMO (IED)",
        "ORDEN_DE_S": "A",
        "puntaje_2023": 277.6,
        "cole_caracter": "TÉCNICO/ACADÉMICO",
        "punt_global_2020": 273.93,
        "punt_global_2022": 282.85
      }
    },
    {
      "type": "Feature",
      "geometry": {
        "type": "Point",
        "coordinates": [
          -8244830.2182,
          514595.1673000008
        ]
      },
      "properties": {
        "DANE12_EST": "111001094901",
        "NOMBRE_EST": "COLEGIO MANUEL ELKIN PATARROYO (IED)",
        "ORDEN_DE_S": "A",
        "puntaje_2023": 266.92,
        "cole_caracter": "ACADÉMICO",
        "punt_global_2020": 265.16,
        "punt_global_2022": 260.64
      }
    },
    {
      "type": "Feature",
      "geometry": {
        "type": "Point",
        "coordinates": [
          -8256004.468699999,
          510196.13500000164
        ]
      },
      "properties": {
        "DANE12_EST": "111001096555",
        "NOMBRE_EST": "COLEGIO CIUDAD BOLIVAR - ARGENTINA (IED)",
        "ORDEN_DE_S": "A",
        "puntaje_2023": 265.39,
        "cole_caracter": "ACADÉMICO",
        "punt_global_2020": 251.12,
        "punt_global_2022": 249.32
      }
    },
    {
      "type": "Feature",
      "geometry": {
        "type": "Point",
        "coordinates": [
          -8240319.5525,
          530979.5119999982
        ]
      },
      "properties": {
        "DANE12_EST": "111001098612",
        "NOMBRE_EST": "COLEGIO LA ESTRELLITA (IED)",
        "ORDEN_DE_S": "A",
        "puntaje_2023": 253.08,
        "cole_caracter": "ACADÉMICO",
        "punt_global_2020": 248.34,
        "punt_global_2022": 248.08
      }
    },
    {
      "type": "Feature",
      "geometry": {
        "type": "Point",
        "coordinates": [
          -8248303.386299999,
          506083.21990000084
        ]
      },
      "properties": {
        "DANE12_EST": "111001098817",
        "NOMBRE_EST": "COLEGIO NUEVA ROMA (IED)",
        "ORDEN_DE_S": "A",
        "puntaje_2023": 253.85,
        "cole_caracter": "ACADÉMICO",
        "punt_global_2020": 259.43,
        "punt_global_2022": 264.91
      }
    },
    {
      "type": "Feature",
      "geometry": {
        "type": "Point",
        "coordinates": [
          -8247472.9429,
          507622.0485999994
        ]
      },
      "properties": {
        "DANE12_EST": "111001098825",
        "NOMBRE_EST": "COLEGIO SAN VICENTE (IED)",
        "ORDEN_DE_S": "A",
        "puntaje_2023": 258.46,
        "cole_caracter": "ACADÉMICO",
        "punt_global_2020": 260.09,
        "punt_global_2022": 255.64
      }
    },
    {
      "type": "Feature",
      "geometry": {
        "type": "Point",
        "coordinates": [
          -8247383.8873,
          503362.98209999874
        ]
      },
      "properties": {
        "DANE12_EST": "111001098833",
        "NOMBRE_EST": "COLEGIO SAN CAYETANO (IED)",
        "ORDEN_DE_S": "A",
        "puntaje_2023": 256.15,
        "cole_caracter": "ACADÉMICO",
        "punt_global_2020": 240.6,
        "punt_global_2022": 251.05
      }
    },
    {
      "type": "Feature",
      "geometry": {
        "type": "Point",
        "coordinates": [
          -8250814.754000001,
          501648.9219000004
        ]
      },
      "properties": {
        "DANE12_EST": "111001098841",
        "NOMBRE_EST": "COLEGIO SAN JOSE DE USME (IED)",
        "ORDEN_DE_S": "A",
        "puntaje_2023": 277.69,
        "cole_caracter": "ACADÉMICO",
        "punt_global_2020": 255.76,
        "punt_global_2022": 261.07
      }
    },
    {
      "type": "Feature",
      "geometry": {
        "type": "Point",
        "coordinates": [
          -8249247.375600001,
          501120.7529999986
        ]
      },
      "properties": {
        "DANE12_EST": "111001098850",
        "NOMBRE_EST": "COLEGIO CHUNIZA FAMACO (IED)",
        "ORDEN_DE_S": "A",
        "puntaje_2023": 261.92,
        "cole_caracter": "ACADÉMICO",
        "punt_global_2020": 260.86,
        "punt_global_2022": 266.25
      }
    },
    {
      "type": "Feature",
      "geometry": {
        "type": "Point",
        "coordinates": [
          -8250139.0447,
          501505.9921000004
        ]
      },
      "properties": {
        "DANE12_EST": "111001098868",
        "NOMBRE_EST": "COLEGIO LUIS EDUARDO MORA OSEJO (IED)",
        "ORDEN_DE_S": "A",
        "puntaje_2023": 243.08,
        "cole_caracter": "ACADÉMICO",
        "punt_global_2020": 249.03,
        "punt_global_2022": 248.63
      }
    },
    {
      "type": "Feature",
      "geometry": {
        "type": "Point",
        "coordinates": [
          -8260447.897500001,
          513718.4684000015
        ]
      },
      "properties": {
        "DANE12_EST": "111001098876",
        "NOMBRE_EST": "COLEGIO LA ESPERANZA (IED)",
        "ORDEN_DE_S": "A",
        "puntaje_2023": 271.54,
        "cole_caracter": "ACADÉMICO",
        "punt_global_2020": 255.21,
        "punt_global_2022": 268.5
      }
    },
    {
      "type": "Feature",
      "geometry": {
        "type": "Point",
        "coordinates": [
          -8260143.327400001,
          513731.870099999
        ]
      },
      "properties": {
        "DANE12_EST": "111001098884",
        "NOMBRE_EST": "COLEGIO LOS NARANJOS (IED)",
        "ORDEN_DE_S": "A",
        "puntaje_2023": 252.31,
        "cole_caracter": "ACADÉMICO",
        "punt_global_2020": 261.29,
        "punt_global_2022": 263.6
      }
    },
    {
      "type": "Feature",
      "geometry": {
        "type": "Point",
        "coordinates": [
          -8256922.854499999,
          517686.5854999982
        ]
      },
      "properties": {
        "DANE12_EST": "111001098892",
        "NOMBRE_EST": "COLEGIO BELLAVISTA (IED)",
        "ORDEN_DE_S": "A",
        "puntaje_2023": 272.69,
        "cole_caracter": "ACADÉMICO",
        "punt_global_2020": 266.97,
        "punt_global_2022": 265.55
      }
    },
    {
      "type": "Feature",
      "geometry": {
        "type": "Point",
        "coordinates": [
          -8257107.6449,
          517273.34699999914
        ]
      },
      "properties": {
        "DANE12_EST": "111001098906",
        "NOMBRE_EST": "COLEGIO EDUARDO UMAÑA LUNA (IED)",
        "ORDEN_DE_S": "A",
        "puntaje_2023": 245.39,
        "cole_caracter": "ACADÉMICO",
        "punt_global_2020": 247.26,
        "punt_global_2022": 253.3
      }
    },
    {
      "type": "Feature",
      "geometry": {
        "type": "Point",
        "coordinates": [
          -8251578.4058,
          523817.2899999991
        ]
      },
      "properties": {
        "DANE12_EST": "111001098922",
        "NOMBRE_EST": "COLEGIO LAS MERCEDES (IED)",
        "ORDEN_DE_S": "A",
        "puntaje_2023": 255.77,
        "cole_caracter": "TÉCNICO/ACADÉMICO",
        "punt_global_2020": 263.11,
        "punt_global_2022": 260.08
      }
    },
    {
      "type": "Feature",
      "geometry": {
        "type": "Point",
        "coordinates": [
          -8253662.306600001,
          526203.1343999989
        ]
      },
      "properties": {
        "DANE12_EST": "111001098931",
        "NOMBRE_EST": "COLEGIO TORQUIGUA (IED)",
        "ORDEN_DE_S": "A",
        "puntaje_2023": 263.08,
        "cole_caracter": "ACADÉMICO",
        "punt_global_2020": 259.61,
        "punt_global_2022": 265.59
      }
    },
    {
      "type": "Feature",
      "geometry": {
        "type": "Point",
        "coordinates": [
          -8249594.692399999,
          529353.0976000018
        ]
      },
      "properties": {
        "DANE12_EST": "111001098949",
        "NOMBRE_EST": "COLEGIO BILBAO (IED)",
        "ORDEN_DE_S": "A",
        "puntaje_2023": 274.62,
        "cole_caracter": "ACADÉMICO",
        "punt_global_2020": 270.27,
        "punt_global_2022": 266.06
      }
    },
    {
      "type": "Feature",
      "geometry": {
        "type": "Point",
        "coordinates": [
          -8250700.095000001,
          509713.69689999893
        ]
      },
      "properties": {
        "DANE12_EST": "111001098965",
        "NOMBRE_EST": "COLEGIO SANTA LUCIA (IED)",
        "ORDEN_DE_S": "A",
        "puntaje_2023": 258.08,
        "cole_caracter": "ACADÉMICO",
        "punt_global_2020": 266.57,
        "punt_global_2022": 267.23
      }
    },
    {
      "type": "Feature",
      "geometry": {
        "type": "Point",
        "coordinates": [
          -8253850.4366,
          505556.13870000094
        ]
      },
      "properties": {
        "DANE12_EST": "111001098973",
        "NOMBRE_EST": "COLEGIO LA JOYA (IED)",
        "ORDEN_DE_S": "A",
        "puntaje_2023": 253.08,
        "cole_caracter": "ACADÉMICO",
        "punt_global_2020": 248.41,
        "punt_global_2022": 245.29
      }
    },
    {
      "type": "Feature",
      "geometry": {
        "type": "Point",
        "coordinates": [
          -8253152.463400001,
          505962.61630000174
        ]
      },
      "properties": {
        "DANE12_EST": "111001100013",
        "NOMBRE_EST": "COLEGIO BUENAVISTA (IED)",
        "ORDEN_DE_S": "A",
        "puntaje_2023": 299.23,
        "cole_caracter": "ACADÉMICO",
        "punt_global_2020": 296.76,
        "punt_global_2022": 298.05
      }
    },
    {
      "type": "Feature",
      "geometry": {
        "type": "Point",
        "coordinates": [
          -8255870.885299999,
          509040.2985999994
        ]
      },
      "properties": {
        "DANE12_EST": "111001100021",
        "NOMBRE_EST": "COLEGIO GIMNASIO SABIO CALDAS (IED)",
        "ORDEN_DE_S": "A",
        "puntaje_2023": 276.54,
        "cole_caracter": "ACADÉMICO",
        "punt_global_2020": 264.12,
        "punt_global_2022": 285.45
      }
    },
    {
      "type": "Feature",
      "geometry": {
        "type": "Point",
        "coordinates": [
          -8246457.7092,
          510729.94729999825
        ]
      },
      "properties": {
        "DANE12_EST": "111001100030",
        "NOMBRE_EST": "COLEGIO LA GIRALDA (IED)",
        "ORDEN_DE_S": "A",
        "puntaje_2023": 281.92,
        "cole_caracter": "ACADÉMICO",
        "punt_global_2020": 276.37,
        "punt_global_2022": 275.24
      }
    },
    {
      "type": "Feature",
      "geometry": {
        "type": "Point",
        "coordinates": [
          -8256820.4406,
          516512.77050000057
        ]
      },
      "properties": {
        "DANE12_EST": "111001100048",
        "NOMBRE_EST": "COLEGIO HERNANDO DURAN DUSSAN (IED)",
        "ORDEN_DE_S": "A",
        "puntaje_2023": 261.15,
        "cole_caracter": "ACADÉMICO",
        "punt_global_2020": 261.09,
        "punt_global_2022": 264.04
      }
    },
    {
      "type": "Feature",
      "geometry": {
        "type": "Point",
        "coordinates": [
          -8257940.3147,
          516867.92859999835
        ]
      },
      "properties": {
        "DANE12_EST": "111001100056",
        "NOMBRE_EST": "COLEGIO JAIME HERNANDO GARZON FORERO (IED)",
        "ORDEN_DE_S": "A",
        "puntaje_2023": 297.69,
        "cole_caracter": "TÉCNICO/ACADÉMICO",
        "punt_global_2020": 279.16,
        "punt_global_2022": 289.86
      }
    },
    {
      "type": "Feature",
      "geometry": {
        "type": "Point",
        "coordinates": [
          -8258393.385,
          513951.88159999996
        ]
      },
      "properties": {
        "DANE12_EST": "111001100064",
        "NOMBRE_EST": "COLEGIO ARGELIA (IED)",
        "ORDEN_DE_S": "A",
        "puntaje_2023": 282.31,
        "cole_caracter": "ACADÉMICO",
        "punt_global_2020": 271.73,
        "punt_global_2022": 281.49
      }
    },
    {
      "type": "Feature",
      "geometry": {
        "type": "Point",
        "coordinates": [
          -8259101.3769000005,
          515907.4417000003
        ]
      },
      "properties": {
        "DANE12_EST": "111001100072",
        "NOMBRE_EST": "COLEGIO SANTIAGO DE LAS ATALAYAS (IED)",
        "ORDEN_DE_S": "A",
        "puntaje_2023": 288.85,
        "cole_caracter": "ACADÉMICO",
        "punt_global_2020": 279.35,
        "punt_global_2022": 295.35
      }
    },
    {
      "type": "Feature",
      "geometry": {
        "type": "Point",
        "coordinates": [
          -8250960.582599999,
          502883.9349000007
        ]
      },
      "properties": {
        "DANE12_EST": "111001100081",
        "NOMBRE_EST": "COLEGIO MIRAVALLE (IED)",
        "ORDEN_DE_S": "A",
        "puntaje_2023": 281.15,
        "cole_caracter": "ACADÉMICO",
        "punt_global_2020": 278.9,
        "punt_global_2022": 286.81
      }
    },
    {
      "type": "Feature",
      "geometry": {
        "type": "Point",
        "coordinates": [
          -8250451.852499999,
          505046.9279999994
        ]
      },
      "properties": {
        "DANE12_EST": "111001102008",
        "NOMBRE_EST": "COLEGIO JUAN LUIS LONDOÑO (IED)",
        "ORDEN_DE_S": "A",
        "puntaje_2023": 281.15,
        "cole_caracter": "ACADÉMICO",
        "punt_global_2020": 285.53,
        "punt_global_2022": 273.93
      }
    },
    {
      "type": "Feature",
      "geometry": {
        "type": "Point",
        "coordinates": [
          -8247759.034,
          510440.7054999992
        ]
      },
      "properties": {
        "DANE12_EST": "111001102016",
        "NOMBRE_EST": "COLEGIO TECNICO ALDEMAR ROJAS PLAZAS (IED)",
        "ORDEN_DE_S": "A",
        "puntaje_2023": 270.0,
        "cole_caracter": "TÉCNICO/ACADÉMICO",
        "punt_global_2020": 265.31,
        "punt_global_2022": 268.6
      }
    },
    {
      "type": "Feature",
      "geometry": {
        "type": "Point",
        "coordinates": [
          -8249626.975099999,
          507427.7391999997
        ]
      },
      "properties": {
        "DANE12_EST": "111001102091",
        "NOMBRE_EST": "COLEGIO COLOMBIA VIVA (IED)",
        "ORDEN_DE_S": "A",
        "puntaje_2023": 249.23,
        "cole_caracter": "ACADÉMICO",
        "punt_global_2020": 241.48,
        "punt_global_2022": 251.84
      }
    },
    {
      "type": "Feature",
      "geometry": {
        "type": "Point",
        "coordinates": [
          -8254270.111,
          520678.72040000185
        ]
      },
      "properties": {
        "DANE12_EST": "111001102199",
        "NOMBRE_EST": "COLEGIO PABLO NERUDA (IED)",
        "ORDEN_DE_S": "A",
        "puntaje_2023": 263.08,
        "cole_caracter": "ACADÉMICO",
        "punt_global_2020": 258.85,
        "punt_global_2022": 264.84
      }
    },
    {
      "type": "Feature",
      "geometry": {
        "type": "Point",
        "coordinates": [
          -8250174.666999999,
          528774.4776999988
        ]
      },
      "properties": {
        "DANE12_EST": "111001104043",
        "NOMBRE_EST": "COLEGIO JOSE MARIA VELAZ (IED)",
        "ORDEN_DE_S": "A",
        "puntaje_2023": 269.62,
        "cole_caracter": "ACADÉMICO",
        "punt_global_2020": 267.58,
        "punt_global_2022": 261.31
      }
    },
    {
      "type": "Feature",
      "geometry": {
        "type": "Point",
        "coordinates": [
          -8258783.0032,
          516308.3876999989
        ]
      },
      "properties": {
        "DANE12_EST": "111001104051",
        "NOMBRE_EST": "COLEGIO SAN IGNACIO (IED)",
        "ORDEN_DE_S": "A",
        "puntaje_2023": 267.69,
        "cole_caracter": "ACADÉMICO",
        "punt_global_2020": 259.48,
        "punt_global_2022": 270.0
      }
    },
    {
      "type": "Feature",
      "geometry": {
        "type": "Point",
        "coordinates": [
          -8260072.082900001,
          515720.92980000004
        ]
      },
      "properties": {
        "DANE12_EST": "111001104183",
        "NOMBRE_EST": "COLEGIO LEONARDO POSADA PEDRAZA (IED)",
        "ORDEN_DE_S": "A",
        "puntaje_2023": 261.74,
        "cole_caracter": "ACADÉMICO",
        "punt_global_2020": 260.0,
        "punt_global_2022": 262.1
      }
    },
    {
      "type": "Feature",
      "geometry": {
        "type": "Point",
        "coordinates": [
          -8250258.1566,
          529732.8891000003
        ]
      },
      "properties": {
        "DANE12_EST": "111001104256",
        "NOMBRE_EST": "COLEGIO DELIA ZAPATA OLIVELLA (IED)",
        "ORDEN_DE_S": "A",
        "puntaje_2023": 258.08,
        "cole_caracter": "ACADÉMICO",
        "punt_global_2020": 257.29,
        "punt_global_2022": 263.14
      }
    },
    {
      "type": "Feature",
      "geometry": {
        "type": "Point",
        "coordinates": [
          -8250535.3421,
          529269.3203000017
        ]
      },
      "properties": {
        "DANE12_EST": "111001104264",
        "NOMBRE_EST": "COLEGIO GERARDO MOLINA RAMIREZ (IED)",
        "ORDEN_DE_S": "A",
        "puntaje_2023": 265.83,
        "cole_caracter": "ACADÉMICO",
        "punt_global_2020": 253.22,
        "punt_global_2022": 264.46
      }
    },
    {
      "type": "Feature",
      "geometry": {
        "type": "Point",
        "coordinates": [
          -8255423.380999999,
          520631.8103
        ]
      },
      "properties": {
        "DANE12_EST": "111001104272",
        "NOMBRE_EST": "COLEGIO CARLO FEDERICI (IED)",
        "ORDEN_DE_S": "A",
        "puntaje_2023": 279.01,
        "cole_caracter": "ACADÉMICO",
        "punt_global_2020": 264.24,
        "punt_global_2022": 268.88
      }
    },
    {
      "type": "Feature",
      "geometry": {
        "type": "Point",
        "coordinates": [
          -8254983.669,
          517629.625500001
        ]
      },
      "properties": {
        "DANE12_EST": "111001104281",
        "NOMBRE_EST": "COLEGIO GABRIEL BETANCOURT MEJIA (IED)",
        "ORDEN_DE_S": "A",
        "puntaje_2023": 264.2,
        "cole_caracter": "ACADÉMICO",
        "punt_global_2020": 266.23,
        "punt_global_2022": 268.86
      }
    },
    {
      "type": "Feature",
      "geometry": {
        "type": "Point",
        "coordinates": [
          -8259897.3113,
          514455.56489999965
        ]
      },
      "properties": {
        "DANE12_EST": "111001104299",
        "NOMBRE_EST": "COLEGIO ALFONSO REYES ECHANDIA (IED)",
        "ORDEN_DE_S": "A",
        "puntaje_2023": 272.07,
        "cole_caracter": "ACADÉMICO",
        "punt_global_2020": 261.99,
        "punt_global_2022": 272.44
      }
    },
    {
      "type": "Feature",
      "geometry": {
        "type": "Point",
        "coordinates": [
          -8258711.7587,
          515821.44509999827
        ]
      },
      "properties": {
        "DANE12_EST": "111001104302",
        "NOMBRE_EST": "COLEGIO ORLANDO HIGUITA ROJAS (IED)",
        "ORDEN_DE_S": "A",
        "puntaje_2023": 251.77,
        "cole_caracter": "ACADÉMICO",
        "punt_global_2020": 244.35,
        "punt_global_2022": 252.86
      }
    },
    {
      "type": "Feature",
      "geometry": {
        "type": "Point",
        "coordinates": [
          -8260440.5504,
          516592.0667000003
        ]
      },
      "properties": {
        "DANE12_EST": "111001104329",
        "NOMBRE_EST": "COLEGIO CARLOS PIZARRO LEON GOMEZ (IED)",
        "ORDEN_DE_S": "A",
        "puntaje_2023": 249.7,
        "cole_caracter": "ACADÉMICO",
        "punt_global_2020": 245.52,
        "punt_global_2022": 250.58
      }
    },
    {
      "type": "Feature",
      "geometry": {
        "type": "Point",
        "coordinates": [
          -8250270.401699999,
          500350.28009999916
        ]
      },
      "properties": {
        "DANE12_EST": "111001104337",
        "NOMBRE_EST": "COLEGIO EDUARDO UMAÑA MENDOZA (IED)",
        "ORDEN_DE_S": "A",
        "puntaje_2023": 254.23,
        "cole_caracter": "ACADÉMICO",
        "punt_global_2020": 246.97,
        "punt_global_2022": 247.6
      }
    },
    {
      "type": "Feature",
      "geometry": {
        "type": "Point",
        "coordinates": [
          -8248180.934900001,
          527160.3968999982
        ]
      },
      "properties": {
        "DANE12_EST": "111001104388",
        "NOMBRE_EST": "COLEGIO GONZALO ARANGO (IED)",
        "ORDEN_DE_S": "A",
        "puntaje_2023": 267.69,
        "cole_caracter": "ACADÉMICO",
        "punt_global_2020": 255.65,
        "punt_global_2022": 265.84
      }
    },
    {
      "type": "Feature",
      "geometry": {
        "type": "Point",
        "coordinates": [
          -8256090.184699999,
          518002.6585999988
        ]
      },
      "properties": {
        "DANE12_EST": "111001104558",
        "NOMBRE_EST": "COLEGIO CODEMA (IED)",
        "ORDEN_DE_S": "A",
        "puntaje_2023": 266.95,
        "cole_caracter": "ACADÉMICO",
        "punt_global_2020": 261.04,
        "punt_global_2022": 262.92
      }
    },
    {
      "type": "Feature",
      "geometry": {
        "type": "Point",
        "coordinates": [
          -8260635.3595,
          516158.7307000011
        ]
      },
      "properties": {
        "DANE12_EST": "111001106950",
        "NOMBRE_EST": "COLEGIO ALFONSO LOPEZ MICHELSEN (IED)",
        "ORDEN_DE_S": "A",
        "puntaje_2023": 259.86,
        "cole_caracter": "ACADÉMICO",
        "punt_global_2020": 251.29,
        "punt_global_2022": 251.76
      }
    },
    {
      "type": "Feature",
      "geometry": {
        "type": "Point",
        "coordinates": [
          -8259285.054099999,
          515397.0480999984
        ]
      },
      "properties": {
        "DANE12_EST": "111001106968",
        "NOMBRE_EST": "COLEGIO JOSE FRANCISCO SOCARRAS (IED)",
        "ORDEN_DE_S": "A",
        "puntaje_2023": 253.89,
        "cole_caracter": "ACADÉMICO",
        "punt_global_2020": 243.64,
        "punt_global_2022": 247.43
      }
    },
    {
      "type": "Feature",
      "geometry": {
        "type": "Point",
        "coordinates": [
          -8253189.198799999,
          518048.4501999989
        ]
      },
      "properties": {
        "DANE12_EST": "111001106984",
        "NOMBRE_EST": "COLEGIO GENERAL GUSTAVO ROJAS PINILLA (IED)",
        "ORDEN_DE_S": "A",
        "puntaje_2023": 273.4,
        "cole_caracter": "ACADÉMICO",
        "punt_global_2020": 261.64,
        "punt_global_2022": 268.32
      }
    },
    {
      "type": "Feature",
      "geometry": {
        "type": "Point",
        "coordinates": [
          -8247803.561799999,
          527285.5009000003
        ]
      },
      "properties": {
        "DANE12_EST": "111001107069",
        "NOMBRE_EST": "COLEGIO VIRGINIA GUTIERREZ DE PINEDA (IED)",
        "ORDEN_DE_S": "A",
        "puntaje_2023": 258.74,
        "cole_caracter": "ACADÉMICO",
        "punt_global_2020": 261.35,
        "punt_global_2022": 255.37
      }
    },
    {
      "type": "Feature",
      "geometry": {
        "type": "Point",
        "coordinates": [
          -8246586.8398,
          529312.8845000006
        ]
      },
      "properties": {
        "DANE12_EST": "111001107077",
        "NOMBRE_EST": "COLEGIO VEINTIUN ANGELES (IED)",
        "ORDEN_DE_S": "A",
        "puntaje_2023": 259.18,
        "cole_caracter": "ACADÉMICO",
        "punt_global_2020": 260.15,
        "punt_global_2022": 269.7
      }
    },
    {
      "type": "Feature",
      "geometry": {
        "type": "Point",
        "coordinates": [
          -8255598.1526,
          506181.48970000073
        ]
      },
      "properties": {
        "DANE12_EST": "111001107115",
        "NOMBRE_EST": "COLEGIO JOSE MARIA VARGAS VILA (IED)",
        "ORDEN_DE_S": "A",
        "puntaje_2023": 239.9,
        "cole_caracter": "ACADÉMICO",
        "punt_global_2020": 228.27,
        "punt_global_2022": 221.99
      }
    },
    {
      "type": "Feature",
      "geometry": {
        "type": "Point",
        "coordinates": [
          -8242141.852499999,
          530273.5366999991
        ]
      },
      "properties": {
        "DANE12_EST": "111001107743",
        "NOMBRE_EST": "COLEGIO SALUDCOOP NORTE (IED)",
        "ORDEN_DE_S": "A",
        "puntaje_2023": 266.27,
        "cole_caracter": "ACADÉMICO",
        "punt_global_2020": 269.42,
        "punt_global_2022": 265.38
      }
    },
    {
      "type": "Feature",
      "geometry": {
        "type": "Point",
        "coordinates": [
          -8250569.851199999,
          505092.7122000009
        ]
      },
      "properties": {
        "DANE12_EST": "111001107760",
        "NOMBRE_EST": "COLEGIO PAULO FREIRE (IED)",
        "ORDEN_DE_S": "A",
        "puntaje_2023": 257.31,
        "cole_caracter": "TÉCNICO",
        "punt_global_2020": 250.44,
        "punt_global_2022": 249.15
      }
    },
    {
      "type": "Feature",
      "geometry": {
        "type": "Point",
        "coordinates": [
          -8255871.998500001,
          517348.17650000006
        ]
      },
      "properties": {
        "DANE12_EST": "111001107778",
        "NOMBRE_EST": "COLEGIO SALUDCOOP SUR (IED)",
        "ORDEN_DE_S": "A",
        "puntaje_2023": 259.7,
        "cole_caracter": "ACADÉMICO",
        "punt_global_2020": 268.82,
        "punt_global_2022": 268.21
      }
    },
    {
      "type": "Feature",
      "geometry": {
        "type": "Point",
        "coordinates": [
          -8250497.4935,
          508070.9723000005
        ]
      },
      "properties": {
        "DANE12_EST": "111001107794",
        "NOMBRE_EST": "COLEGIO MARIA CANO (IED)",
        "ORDEN_DE_S": "A",
        "puntaje_2023": 248.08,
        "cole_caracter": "ACADÉMICO",
        "punt_global_2020": 255.04,
        "punt_global_2022": 255.95
      }
    },
    {
      "type": "Feature",
      "geometry": {
        "type": "Point",
        "coordinates": [
          -8253036.6910999995,
          508374.72300000116
        ]
      },
      "properties": {
        "DANE12_EST": "111001107816",
        "NOMBRE_EST": "COLEGIO CUNDINAMARCA (IED)",
        "ORDEN_DE_S": "A",
        "puntaje_2023": 265.76,
        "cole_caracter": "ACADÉMICO",
        "punt_global_2020": 263.28,
        "punt_global_2022": 265.36
      }
    },
    {
      "type": "Feature",
      "geometry": {
        "type": "Point",
        "coordinates": [
          -8258272.046700001,
          516032.5276999995
        ]
      },
      "properties": {
        "DANE12_EST": "111001107832",
        "NOMBRE_EST": "COLEGIO GERMAN ARCINIEGAS (IED)",
        "ORDEN_DE_S": "A",
        "puntaje_2023": 258.96,
        "cole_caracter": "ACADÉMICO",
        "punt_global_2020": 250.87,
        "punt_global_2022": 257.56
      }
    },
    {
      "type": "Feature",
      "geometry": {
        "type": "Point",
        "coordinates": [
          -8253134.6522,
          506405.9470999986
        ]
      },
      "properties": {
        "DANE12_EST": "111001107859",
        "NOMBRE_EST": "COLEGIO ANTONIO GARCIA (IED)",
        "ORDEN_DE_S": "A",
        "puntaje_2023": 257.11,
        "cole_caracter": "ACADÉMICO",
        "punt_global_2020": 258.32,
        "punt_global_2022": 248.46
      }
    },
    {
      "type": "Feature",
      "geometry": {
        "type": "Point",
        "coordinates": [
          -8260721.0755,
          515098.8546999991
        ]
      },
      "properties": {
        "DANE12_EST": "111001107867",
        "NOMBRE_EST": "COLEGIO KIMI PERNIA DOMICO (IED)",
        "ORDEN_DE_S": "A",
        "puntaje_2023": 251.17,
        "cole_caracter": "ACADÉMICO",
        "punt_global_2020": 243.45,
        "punt_global_2022": 256.98
      }
    },
    {
      "type": "Feature",
      "geometry": {
        "type": "Point",
        "coordinates": [
          -8258477.9878,
          517182.88159999996
        ]
      },
      "properties": {
        "DANE12_EST": "111001107875",
        "NOMBRE_EST": "COLEGIO CIUDADELA EDUCATIVA DE BOSA (IED)",
        "ORDEN_DE_S": "A",
        "puntaje_2023": 259.72,
        "cole_caracter": "ACADÉMICO",
        "punt_global_2020": 255.93,
        "punt_global_2022": 257.22
      }
    },
    {
      "type": "Feature",
      "geometry": {
        "type": "Point",
        "coordinates": [
          -8258067.218900001,
          514723.60170000046
        ]
      },
      "properties": {
        "DANE12_EST": "111001107883",
        "NOMBRE_EST": "COLEGIO DEBORA ARANGO PEREZ (IED)",
        "ORDEN_DE_S": "A",
        "puntaje_2023": 269.62,
        "cole_caracter": "ACADÉMICO",
        "punt_global_2020": 249.67,
        "punt_global_2022": 263.2
      }
    },
    {
      "type": "Feature",
      "geometry": {
        "type": "Point",
        "coordinates": [
          -8252623.695800001,
          524697.4525000006
        ]
      },
      "properties": {
        "DANE12_EST": "111001108456",
        "NOMBRE_EST": "COLEGIO TOMAS CIPRIANO DE MOSQUERA (IED)",
        "ORDEN_DE_S": "A",
        "puntaje_2023": 255.77,
        "cole_caracter": "ACADÉMICO",
        "punt_global_2020": 252.03,
        "punt_global_2022": 255.1
      }
    },
    {
      "type": "Feature",
      "geometry": {
        "type": "Point",
        "coordinates": [
          -8251035.1666,
          525355.3469999991
        ]
      },
      "properties": {
        "DANE12_EST": "111001108901",
        "NOMBRE_EST": "COLEGIO CHARRY (IED)",
        "ORDEN_DE_S": "A",
        "puntaje_2023": 252.5,
        "cole_caracter": "ACADÉMICO",
        "punt_global_2020": 233.46,
        "punt_global_2022": 237.02
      }
    },
    {
      "type": "Feature",
      "geometry": {
        "type": "Point",
        "coordinates": [
          -8254663.0688000005,
          506982.1691999994
        ]
      },
      "properties": {
        "DANE12_EST": "111001109304",
        "NOMBRE_EST": "COLEGIO FANNY MIKEY (IED)",
        "ORDEN_DE_S": "A",
        "puntaje_2023": 246.78,
        "cole_caracter": "ACADÉMICO",
        "punt_global_2020": 238.65,
        "punt_global_2022": 233.45
      }
    },
    {
      "type": "Feature",
      "geometry": {
        "type": "Point",
        "coordinates": [
          -8249783.9355999995,
          525993.1413999982
        ]
      },
      "properties": {
        "DANE12_EST": "111001109550",
        "NOMBRE_EST": "COLEGIO RODOLFO LLINAS (IED)",
        "ORDEN_DE_S": "A",
        "puntaje_2023": 297.2,
        "cole_caracter": "ACADÉMICO",
        "punt_global_2020": 292.39,
        "punt_global_2022": 283.48
      }
    },
    {
      "type": "Feature",
      "geometry": {
        "type": "Point",
        "coordinates": [
          -8257448.282500001,
          516652.3764999993
        ]
      },
      "properties": {
        "DANE12_EST": "111001110477",
        "NOMBRE_EST": "COLEGIO NELSON MANDELA (IED)",
        "ORDEN_DE_S": "A",
        "puntaje_2023": 266.79,
        "cole_caracter": null,
        "punt_global_2020": null,
        "punt_global_2022": null
      }
    },
    {
      "type": "Feature",
      "geometry": {
        "type": "Point",
        "coordinates": [
          -8252167.2859000005,
          518927.43090000004
        ]
      },
      "properties": {
        "DANE12_EST": "111001800091",
        "NOMBRE_EST": "COLEGIO LA FELICIDAD (IED)",
        "ORDEN_DE_S": "A",
        "puntaje_2023": 304.23,
        "cole_caracter": null,
        "punt_global_2020": null,
        "punt_global_2022": null
      }
    },
    {
      "type": "Feature",
      "geometry": {
        "type": "Point",
        "coordinates": [
          -8249119.358200001,
          529221.2881000005
        ]
      },
      "properties": {
        "DANE12_EST": "111001800163",
        "NOMBRE_EST": "COLEGIO FILARMONICO JORGE MARIO BERGOGLIO (IED)",
        "ORDEN_DE_S": "A",
        "puntaje_2023": 275.0,
        "cole_caracter": null,
        "punt_global_2020": null,
        "punt_global_2022": null
      }
    },
    {
      "type": "Feature",
      "geometry": {
        "type": "Point",
        "coordinates": [
          -8260188.9684,
          515640.5177000016
        ]
      },
      "properties": {
        "DANE12_EST": "111001800384",
        "NOMBRE_EST": "COLEGIO JORGE ISAACS (IED)",
        "ORDEN_DE_S": "A",
        "puntaje_2023": 267.31,
        "cole_caracter": null,
        "punt_global_2020": null,
        "punt_global_2022": null
      }
    },
    {
      "type": "Feature",
      "geometry": {
        "type": "Point",
        "coordinates": [
          -8258334.3857,
          517399.5520000011
        ]
      },
      "properties": {
        "DANE12_EST": "111001800392",
        "NOMBRE_EST": "COLEGIO SOLEDAD ACOSTA DE SAMPER (IED)",
        "ORDEN_DE_S": "A",
        "puntaje_2023": 266.15,
        "cole_caracter": null,
        "punt_global_2020": null,
        "punt_global_2022": null
      }
    },
    {
      "type": "Feature",
      "geometry": {
        "type": "Point",
        "coordinates": [
          -8255337.664999999,
          510818.17179999873
        ]
      },
      "properties": {
        "DANE12_EST": "111001800414",
        "NOMBRE_EST": "COLEGIO EL ENSUEÑO (IED)",
        "ORDEN_DE_S": "A",
        "puntaje_2023": 268.08,
        "cole_caracter": null,
        "punt_global_2020": null,
        "punt_global_2022": null
      }
    },
    {
      "type": "Feature",
      "geometry": {
        "type": "Point",
        "coordinates": [
          -8254894.613399999,
          511203.4572999999
        ]
      },
      "properties": {
        "DANE12_EST": "111001800422",
        "NOMBRE_EST": "COLEGIO ROGELIO SALMONA (IED)",
        "ORDEN_DE_S": "A",
        "puntaje_2023": 276.15,
        "cole_caracter": null,
        "punt_global_2020": null,
        "punt_global_2022": null
      }
    },
    {
      "type": "Feature",
      "geometry": {
        "type": "Point",
        "coordinates": [
          -8257075.362199999,
          516380.98259999976
        ]
      },
      "properties": {
        "DANE12_EST": "111001800431",
        "NOMBRE_EST": "COLEGIO LAS MARGARITAS (IED)",
        "ORDEN_DE_S": "A",
        "puntaje_2023": 287.69,
        "cole_caracter": null,
        "punt_global_2020": null,
        "punt_global_2022": null
      }
    },
    {
      "type": "Feature",
      "geometry": {
        "type": "Point",
        "coordinates": [
          -8260330.3441,
          514293.62640000135
        ]
      },
      "properties": {
        "DANE12_EST": "111001800457",
        "NOMBRE_EST": "COLEGIO BICENTENARIO DE LA INDEPENDENCIA (IED)",
        "ORDEN_DE_S": "A",
        "puntaje_2023": 248.08,
        "cole_caracter": null,
        "punt_global_2020": null,
        "punt_global_2022": null
      }
    },
    {
      "type": "Feature",
      "geometry": {
        "type": "Point",
        "coordinates": [
          -8253840.4178,
          516451.3438999988
        ]
      },
      "properties": {
        "DANE12_EST": "111001800554",
        "NOMBRE_EST": "COLEGIO EMMA REYES (IED)",
        "ORDEN_DE_S": "A",
        "puntaje_2023": 283.85,
        "cole_caracter": null,
        "punt_global_2020": null,
        "punt_global_2022": null
      }
    },
    {
      "type": "Feature",
      "geometry": {
        "type": "Point",
        "coordinates": [
          -8251345.748,
          498657.4987999983
        ]
      },
      "properties": {
        "DANE12_EST": "111001800562",
        "NOMBRE_EST": "COLEGIO JOSE EUSTASIO RIVERA (IED)",
        "ORDEN_DE_S": "A",
        "puntaje_2023": 270.0,
        "cole_caracter": null,
        "punt_global_2020": null,
        "punt_global_2022": null
      }
    },
    {
      "type": "Feature",
      "geometry": {
        "type": "Point",
        "coordinates": [
          -8255929.8846,
          510677.4593000002
        ]
      },
      "properties": {
        "DANE12_EST": "111001800571",
        "NOMBRE_EST": "COLEGIO ANGELA RESTREPO MORENO (IED)",
        "ORDEN_DE_S": "A",
        "puntaje_2023": 275.77,
        "cole_caracter": null,
        "punt_global_2020": null,
        "punt_global_2022": null
      }
    },
    {
      "type": "Feature",
      "geometry": {
        "type": "Point",
        "coordinates": [
          -8255965.506899999,
          509990.6517999992
        ]
      },
      "properties": {
        "DANE12_EST": "111001800635",
        "NOMBRE_EST": "COLEGIO EL NOGAL (IED)",
        "ORDEN_DE_S": "A",
        "puntaje_2023": 263.46,
        "cole_caracter": null,
        "punt_global_2020": null,
        "punt_global_2022": null
      }
    },
    {
      "type": "Feature",
      "geometry": {
        "type": "Point",
        "coordinates": [
          -8257941.4278,
          514154.0245999992
        ]
      },
      "properties": {
        "DANE12_EST": "111001800643",
        "NOMBRE_EST": "COLEGIO DE LA BICI (IED)",
        "ORDEN_DE_S": "A",
        "puntaje_2023": 271.15,
        "cole_caracter": null,
        "punt_global_2020": null,
        "punt_global_2022": null
      }
    },
    {
      "type": "Feature",
      "geometry": {
        "type": "Point",
        "coordinates": [
          -8248707.4761,
          502704.1532999985
        ]
      },
      "properties": {
        "DANE12_EST": "111001800660",
        "NOMBRE_EST": "COLEGIO CIUDAD CHENGDU (IED)",
        "ORDEN_DE_S": "A",
        "puntaje_2023": 248.08,
        "cole_caracter": null,
        "punt_global_2020": null,
        "punt_global_2022": null
      }
    },
    {
      "type": "Feature",
      "geometry": {
        "type": "Point",
        "coordinates": [
          -8259046.830399999,
          515433.90349999815
        ]
      },
      "properties": {
        "DANE12_EST": "111001800678",
        "NOMBRE_EST": "COLEGIO PARQUES DE BOGOTA (IED)",
        "ORDEN_DE_S": "A",
        "puntaje_2023": 272.31,
        "cole_caracter": null,
        "punt_global_2020": null,
        "punt_global_2022": null
      }
    },
    {
      "type": "Feature",
      "geometry": {
        "type": "Point",
        "coordinates": [
          -8261260.975099999,
          515585.7928000018
        ]
      },
      "properties": {
        "DANE12_EST": "111001800694",
        "NOMBRE_EST": "COLEGIO LAUREL DE CERA (IED)",
        "ORDEN_DE_S": "A",
        "puntaje_2023": 269.62,
        "cole_caracter": null,
        "punt_global_2020": null,
        "punt_global_2022": null
      }
    },
    {
      "type": "Feature",
      "geometry": {
        "type": "Point",
        "coordinates": [
          -8249487.8257,
          529928.3707999997
        ]
      },
      "properties": {
        "DANE12_EST": "111001800813",
        "NOMBRE_EST": "COLEGIO COMPARTIR SUBA (IED)",
        "ORDEN_DE_S": "A",
        "puntaje_2023": 281.54,
        "cole_caracter": null,
        "punt_global_2020": null,
        "punt_global_2022": null
      }
    },
    {
      "type": "Feature",
      "geometry": {
        "type": "Point",
        "coordinates": [
          -8259290.620100001,
          514362.868999999
        ]
      },
      "properties": {
        "DANE12_EST": "111001801080",
        "NOMBRE_EST": "COLEGIO ESMERALDA ARBOLEDA CADAVID (IED)",
        "ORDEN_DE_S": "A",
        "puntaje_2023": 245.92,
        "cole_caracter": null,
        "punt_global_2020": null,
        "punt_global_2022": null
      }
    },
    {
      "type": "Feature",
      "geometry": {
        "type": "Point",
        "coordinates": [
          -8258329.9329,
          512688.7784000002
        ]
      },
      "properties": {
        "DANE12_EST": "111102000265",
        "NOMBRE_EST": "COLEGIO LUIS LOPEZ DE MESA (IED)",
        "ORDEN_DE_S": "A",
        "puntaje_2023": 255.77,
        "cole_caracter": "TÉCNICO",
        "punt_global_2020": 248.54,
        "punt_global_2022": 245.34
      }
    },
    {
      "type": "Feature",
      "geometry": {
        "type": "Point",
        "coordinates": [
          -8258506.9309,
          513041.685800001
        ]
      },
      "properties": {
        "DANE12_EST": "111102000281",
        "NOMBRE_EST": "COLEGIO PABLO DE TARSO (IED)",
        "ORDEN_DE_S": "A",
        "puntaje_2023": 256.12,
        "cole_caracter": "ACADÉMICO",
        "punt_global_2020": 239.65,
        "punt_global_2022": 242.86
      }
    },
    {
      "type": "Feature",
      "geometry": {
        "type": "Point",
        "coordinates": [
          -8258215.273800001,
          513832.3828999996
        ]
      },
      "properties": {
        "DANE12_EST": "111102000621",
        "NOMBRE_EST": "COLEGIO FRANCISCO DE PAULA SANTANDER (IED)",
        "ORDEN_DE_S": "A",
        "puntaje_2023": 269.94,
        "cole_caracter": "ACADÉMICO",
        "punt_global_2020": 260.35,
        "punt_global_2022": 260.79
      }
    },
    {
      "type": "Feature",
      "geometry": {
        "type": "Point",
        "coordinates": [
          -8258867.606000001,
          513391.24439999834
        ]
      },
      "properties": {
        "DANE12_EST": "111102000753",
        "NOMBRE_EST": "COLEGIO FERNANDO MAZUERA VILLEGAS (IED)",
        "ORDEN_DE_S": "A",
        "puntaje_2023": 266.73,
        "cole_caracter": "TÉCNICO/ACADÉMICO",
        "punt_global_2020": 252.54,
        "punt_global_2022": 257.22
      }
    },
    {
      "type": "Feature",
      "geometry": {
        "type": "Point",
        "coordinates": [
          -8259172.6214000005,
          513937.36300000176
        ]
      },
      "properties": {
        "DANE12_EST": "111102000958",
        "NOMBRE_EST": "COLEGIO PORFIRIO BARBA JACOB (IED)",
        "ORDEN_DE_S": "A",
        "puntaje_2023": 246.73,
        "cole_caracter": "TÉCNICO/ACADÉMICO",
        "punt_global_2020": 240.61,
        "punt_global_2022": 248.17
      }
    },
    {
      "type": "Feature",
      "geometry": {
        "type": "Point",
        "coordinates": [
          -8248058.4835,
          523474.3867999986
        ]
      },
      "properties": {
        "DANE12_EST": "111265000017",
        "NOMBRE_EST": "COLEGIO LA PALESTINA (IED)",
        "ORDEN_DE_S": "A",
        "puntaje_2023": 290.77,
        "cole_caracter": "ACADÉMICO",
        "punt_global_2020": 278.41,
        "punt_global_2022": 285.36
      }
    },
    {
      "type": "Feature",
      "geometry": {
        "type": "Point",
        "coordinates": [
          -8253276.028000001,
          525633.4739000015
        ]
      },
      "properties": {
        "DANE12_EST": "111265000025",
        "NOMBRE_EST": "COLEGIO GENERAL SANTANDER (IED)",
        "ORDEN_DE_S": "A",
        "puntaje_2023": 259.54,
        "cole_caracter": "ACADÉMICO",
        "punt_global_2020": 254.85,
        "punt_global_2022": 254.09
      }
    },
    {
      "type": "Feature",
      "geometry": {
        "type": "Point",
        "coordinates": [
          -8252585.847100001,
          524359.0131999999
        ]
      },
      "properties": {
        "DANE12_EST": "111265000343",
        "NOMBRE_EST": "COLEGIO ANTONIO VILLAVICENCIO (IED)",
        "ORDEN_DE_S": "A",
        "puntaje_2023": 255.92,
        "cole_caracter": "ACADÉMICO",
        "punt_global_2020": 223.13,
        "punt_global_2022": 240.49
      }
    },
    {
      "type": "Feature",
      "geometry": {
        "type": "Point",
        "coordinates": [
          -8248755.3434999995,
          525071.6363000013
        ]
      },
      "properties": {
        "DANE12_EST": "111265000394",
        "NOMBRE_EST": "COLEGIO SIMON BOLIVAR (IED)",
        "ORDEN_DE_S": "A",
        "puntaje_2023": 261.87,
        "cole_caracter": "ACADÉMICO",
        "punt_global_2020": 259.5,
        "punt_global_2022": 263.4
      }
    },
    {
      "type": "Feature",
      "geometry": {
        "type": "Point",
        "coordinates": [
          -8249682.6348,
          524011.63980000094
        ]
      },
      "properties": {
        "DANE12_EST": "111265000408",
        "NOMBRE_EST": "COLEGIO NIDIA QUINTERO DE TURBAY (IED)",
        "ORDEN_DE_S": "A",
        "puntaje_2023": 274.23,
        "cole_caracter": "ACADÉMICO",
        "punt_global_2020": 266.79,
        "punt_global_2022": 273.42
      }
    },
    {
      "type": "Feature",
      "geometry": {
        "type": "Point",
        "coordinates": [
          -8255303.1559,
          522554.02849999815
        ]
      },
      "properties": {
        "DANE12_EST": "111279000061",
        "NOMBRE_EST": "COLEGIO ANTONIO VAN UDEN (IED)",
        "ORDEN_DE_S": "A",
        "puntaje_2023": 250.32,
        "cole_caracter": "ACADÉMICO",
        "punt_global_2020": 242.11,
        "punt_global_2022": 250.96
      }
    },
    {
      "type": "Feature",
      "geometry": {
        "type": "Point",
        "coordinates": [
          -8253139.105,
          520755.7868999988
        ]
      },
      "properties": {
        "DANE12_EST": "111279000125",
        "NOMBRE_EST": "COLEGIO VILLEMAR EL CARMEN (IED)",
        "ORDEN_DE_S": "A",
        "puntaje_2023": 272.38,
        "cole_caracter": "ACADÉMICO",
        "punt_global_2020": 277.85,
        "punt_global_2022": 273.45
      }
    },
    {
      "type": "Feature",
      "geometry": {
        "type": "Point",
        "coordinates": [
          -8253808.135199999,
          522308.30359999835
        ]
      },
      "properties": {
        "DANE12_EST": "111279000168",
        "NOMBRE_EST": "COLEGIO INSTITUTO TECNICO INTERNACIONAL (IED)",
        "ORDEN_DE_S": "A",
        "puntaje_2023": 265.44,
        "cole_caracter": "ACADÉMICO",
        "punt_global_2020": 261.93,
        "punt_global_2022": 258.41
      }
    },
    {
      "type": "Feature",
      "geometry": {
        "type": "Point",
        "coordinates": [
          -8253008.861199999,
          521793.4008000009
        ]
      },
      "properties": {
        "DANE12_EST": "111279000184",
        "NOMBRE_EST": "COLEGIO LUIS ANGEL ARANGO (IED)",
        "ORDEN_DE_S": "A",
        "puntaje_2023": 280.38,
        "cole_caracter": "ACADÉMICO",
        "punt_global_2020": 273.58,
        "punt_global_2022": 277.2
      }
    },
    {
      "type": "Feature",
      "geometry": {
        "type": "Point",
        "coordinates": [
          -8253004.408399999,
          521484.0139000006
        ]
      },
      "properties": {
        "DANE12_EST": "111279000362",
        "NOMBRE_EST": "COLEGIO COSTA RICA (IED)",
        "ORDEN_DE_S": "A",
        "puntaje_2023": 258.06,
        "cole_caracter": "ACADÉMICO",
        "punt_global_2020": 241.75,
        "punt_global_2022": 254.04
      }
    },
    {
      "type": "Feature",
      "geometry": {
        "type": "Point",
        "coordinates": [
          -8254053.038000001,
          521360.03620000184
        ]
      },
      "properties": {
        "DANE12_EST": "111279000966",
        "NOMBRE_EST": "COLEGIO INTEGRADO DE FONTIBON IBEP (IED)",
        "ORDEN_DE_S": "A",
        "puntaje_2023": 248.79,
        "cole_caracter": "ACADÉMICO",
        "punt_global_2020": 241.62,
        "punt_global_2022": 235.1
      }
    },
    {
      "type": "Feature",
      "geometry": {
        "type": "Point",
        "coordinates": [
          -8254161.017899999,
          522479.1939999983
        ]
      },
      "properties": {
        "DANE12_EST": "111279001296",
        "NOMBRE_EST": "COLEGIO ATAHUALPA (IED)",
        "ORDEN_DE_S": "A",
        "puntaje_2023": 267.69,
        "cole_caracter": "ACADÉMICO",
        "punt_global_2020": 246.71,
        "punt_global_2022": 266.76
      }
    },
    {
      "type": "Feature",
      "geometry": {
        "type": "Point",
        "coordinates": [
          -8247012.0802,
          528410.3291999996
        ]
      },
      "properties": {
        "DANE12_EST": "111769000174",
        "NOMBRE_EST": "COLEGIO FILARMONICO SIMON BOLIVAR (IED)",
        "ORDEN_DE_S": "A",
        "puntaje_2023": 265.38,
        "cole_caracter": "ACADÉMICO",
        "punt_global_2020": 248.54,
        "punt_global_2022": 258.87
      }
    },
    {
      "type": "Feature",
      "geometry": {
        "type": "Point",
        "coordinates": [
          -8246227.277799999,
          530450.0298999995
        ]
      },
      "properties": {
        "DANE12_EST": "111769000247",
        "NOMBRE_EST": "COLEGIO EL SALITRE - SUBA (IED)",
        "ORDEN_DE_S": "A",
        "puntaje_2023": 259.56,
        "cole_caracter": "ACADÉMICO",
        "punt_global_2020": 250.56,
        "punt_global_2022": 256.04
      }
    },
    {
      "type": "Feature",
      "geometry": {
        "type": "Point",
        "coordinates": [
          -8243712.570499999,
          525681.503899999
        ]
      },
      "properties": {
        "DANE12_EST": "111769000956",
        "NOMBRE_EST": "COLEGIO PRADO VERANIEGO (IED)",
        "ORDEN_DE_S": "A",
        "puntaje_2023": 278.77,
        "cole_caracter": "ACADÉMICO",
        "punt_global_2020": 267.49,
        "punt_global_2022": 270.25
      }
    },
    {
      "type": "Feature",
      "geometry": {
        "type": "Point",
        "coordinates": [
          -8244025.3783,
          526366.2144000009
        ]
      },
      "properties": {
        "DANE12_EST": "111769001502",
        "NOMBRE_EST": "COLEGIO ANIBAL FERNANDEZ DE SOTO (IED)",
        "ORDEN_DE_S": "A",
        "puntaje_2023": 280.49,
        "cole_caracter": "ACADÉMICO",
        "punt_global_2020": 264.37,
        "punt_global_2022": 288.67
      }
    },
    {
      "type": "Feature",
      "geometry": {
        "type": "Point",
        "coordinates": [
          -8243169.3314,
          530399.7628000006
        ]
      },
      "properties": {
        "DANE12_EST": "111769001871",
        "NOMBRE_EST": "COLEGIO NUEVA ZELANDIA (IED)",
        "ORDEN_DE_S": "A",
        "puntaje_2023": 264.23,
        "cole_caracter": "ACADÉMICO",
        "punt_global_2020": 268.64,
        "punt_global_2022": 266.81
      }
    },
    {
      "type": "Feature",
      "geometry": {
        "type": "Point",
        "coordinates": [
          -8243766.003900001,
          529235.8095000014
        ]
      },
      "properties": {
        "DANE12_EST": "111769003114",
        "NOMBRE_EST": "COLEGIO VISTA BELLA (IED)",
        "ORDEN_DE_S": "A",
        "puntaje_2023": 272.24,
        "cole_caracter": "ACADÉMICO",
        "punt_global_2020": 275.27,
        "punt_global_2022": 277.1
      }
    },
    {
      "type": "Feature",
      "geometry": {
        "type": "Point",
        "coordinates": [
          -8247426.1887,
          527408.371100001
        ]
      },
      "properties": {
        "DANE12_EST": "111769003122",
        "NOMBRE_EST": "COLEGIO VILLA ELISA (IED)",
        "ORDEN_DE_S": "A",
        "puntaje_2023": 265.89,
        "cole_caracter": "ACADÉMICO",
        "punt_global_2020": 250.69,
        "punt_global_2022": 267.78
      }
    },
    {
      "type": "Feature",
      "geometry": {
        "type": "Point",
        "coordinates": [
          -8249772.8036,
          528174.6389000006
        ]
      },
      "properties": {
        "DANE12_EST": "111769003360",
        "NOMBRE_EST": "COLEGIO REPUBLICA DOMINICANA (IED)",
        "ORDEN_DE_S": "A",
        "puntaje_2023": 259.69,
        "cole_caracter": "ACADÉMICO",
        "punt_global_2020": 249.33,
        "punt_global_2022": 255.75
      }
    },
    {
      "type": "Feature",
      "geometry": {
        "type": "Point",
        "coordinates": [
          -8247999.484099999,
          528357.8293999992
        ]
      },
      "properties": {
        "DANE12_EST": "111769003416",
        "NOMBRE_EST": "COLEGIO JUAN LOZANO Y LOZANO (IED)",
        "ORDEN_DE_S": "A",
        "puntaje_2023": 265.01,
        "cole_caracter": "ACADÉMICO",
        "punt_global_2020": 247.39,
        "punt_global_2022": 252.23
      }
    },
    {
      "type": "Feature",
      "geometry": {
        "type": "Point",
        "coordinates": [
          -8248067.389,
          526680.0885999985
        ]
      },
      "properties": {
        "DANE12_EST": "111769003424",
        "NOMBRE_EST": "COLEGIO GERARDO PAREDES (IED)",
        "ORDEN_DE_S": "A",
        "puntaje_2023": 245.0,
        "cole_caracter": "ACADÉMICO",
        "punt_global_2020": 238.45,
        "punt_global_2022": 234.98
      }
    },
    {
      "type": "Feature",
      "geometry": {
        "type": "Point",
        "coordinates": [
          -8246898.534399999,
          526395.256099999
        ]
      },
      "properties": {
        "DANE12_EST": "111769004188",
        "NOMBRE_EST": "COLEGIO HUNZA (IED)",
        "ORDEN_DE_S": "A",
        "puntaje_2023": 255.24,
        "cole_caracter": "ACADÉMICO",
        "punt_global_2020": 251.76,
        "punt_global_2022": 247.64
      }
    },
    {
      "type": "Feature",
      "geometry": {
        "type": "Point",
        "coordinates": [
          -8242465.792199999,
          521869.3515000008
        ]
      },
      "properties": {
        "DANE12_EST": "111848000911",
        "NOMBRE_EST": "COLEGIO DE BACHILLERATO PATRIA",
        "ORDEN_DE_S": "A",
        "puntaje_2023": 333.08,
        "cole_caracter": "ACADÉMICO",
        "punt_global_2020": 320.44,
        "punt_global_2022": 334.28
      }
    },
    {
      "type": "Feature",
      "geometry": {
        "type": "Point",
        "coordinates": [
          -8244197.9235,
          526722.5344000012
        ]
      },
      "properties": {
        "DANE12_EST": "111848002107",
        "NOMBRE_EST": "LICEO DEL EJERCITO PATRIA SECTOR NORTE B LICEO COLOMBIA",
        "ORDEN_DE_S": "A",
        "puntaje_2023": 339.23,
        "cole_caracter": "ACADÉMICO",
        "punt_global_2020": 343.9,
        "punt_global_2022": 336.61
      }
    },
    {
      "type": "Feature",
      "geometry": {
        "type": "Point",
        "coordinates": [
          -8241514.010600001,
          524255.13610000163
        ]
      },
      "properties": {
        "DANE12_EST": "111848002522",
        "NOMBRE_EST": "INSTITUTO PEDAGOGICO NACIONAL",
        "ORDEN_DE_S": "A",
        "puntaje_2023": 311.92,
        "cole_caracter": "ACADÉMICO",
        "punt_global_2020": 301.56,
        "punt_global_2022": 308.25
      }
    },
    {
      "type": "Feature",
      "geometry": {
        "type": "Point",
        "coordinates": [
          -8241497.3127,
          524594.6919
        ]
      },
      "properties": {
        "DANE12_EST": "111848002662",
        "NOMBRE_EST": "COLEGIO USAQUEN (IED)",
        "ORDEN_DE_S": "A",
        "puntaje_2023": 265.46,
        "cole_caracter": "ACADÉMICO",
        "punt_global_2020": 259.88,
        "punt_global_2022": 272.08
      }
    },
    {
      "type": "Feature",
      "geometry": {
        "type": "Point",
        "coordinates": [
          -8240730.3214,
          528252.8299000002
        ]
      },
      "properties": {
        "DANE12_EST": "111848002689",
        "NOMBRE_EST": "COLEGIO DIVINO MAESTRO (IED)",
        "ORDEN_DE_S": "A",
        "puntaje_2023": 250.06,
        "cole_caracter": "ACADÉMICO",
        "punt_global_2020": 248.35,
        "punt_global_2022": 262.11
      }
    },
    {
      "type": "Feature",
      "geometry": {
        "type": "Point",
        "coordinates": [
          -8240517.701099999,
          528440.4886999987
        ]
      },
      "properties": {
        "DANE12_EST": "111848003031",
        "NOMBRE_EST": "COLEGIO CRISTOBAL COLON (IED)",
        "ORDEN_DE_S": "A",
        "puntaje_2023": 251.54,
        "cole_caracter": "ACADÉMICO",
        "punt_global_2020": 239.78,
        "punt_global_2022": 241.95
      }
    },
    {
      "type": "Feature",
      "geometry": {
        "type": "Point",
        "coordinates": [
          -8240751.472100001,
          527659.6972000003
        ]
      },
      "properties": {
        "DANE12_EST": "111848003910",
        "NOMBRE_EST": "COLEGIO GENERAL SANTANDER (IED)",
        "ORDEN_DE_S": "A",
        "puntaje_2023": 253.08,
        "cole_caracter": "ACADÉMICO",
        "punt_global_2020": 251.11,
        "punt_global_2022": 246.66
      }
    },
    {
      "type": "Feature",
      "geometry": {
        "type": "Point",
        "coordinates": [
          -8251128.675000001,
          498589.3863000013
        ]
      },
      "properties": {
        "DANE12_EST": "111850000740",
        "NOMBRE_EST": "COLEGIO FRANCISCO ANTONIO ZEA DE USME (IED)",
        "ORDEN_DE_S": "A",
        "puntaje_2023": 255.81,
        "cole_caracter": "ACADÉMICO",
        "punt_global_2020": 263.37,
        "punt_global_2022": 258.88
      }
    },
    {
      "type": "Feature",
      "geometry": {
        "type": "Point",
        "coordinates": [
          -8251265.597999999,
          506977.7023999989
        ]
      },
      "properties": {
        "DANE12_EST": "111850001037",
        "NOMBRE_EST": "LICEO DEL EJERCITO PATRIA SECTOR SUR C (SANTA BARBARA)",
        "ORDEN_DE_S": "A",
        "puntaje_2023": 322.31,
        "cole_caracter": "ACADÉMICO",
        "punt_global_2020": 326.66,
        "punt_global_2022": 323.37
      }
    },
    {
      "type": "Feature",
      "geometry": {
        "type": "Point",
        "coordinates": [
          -8249520.1084,
          503400.94860000163
        ]
      },
      "properties": {
        "DANE12_EST": "111850001380",
        "NOMBRE_EST": "COLEGIO EL CORTIJO - VIANEY (IED)",
        "ORDEN_DE_S": "A",
        "puntaje_2023": 246.15,
        "cole_caracter": "ACADÉMICO",
        "punt_global_2020": 247.17,
        "punt_global_2022": 255.6
      }
    },
    {
      "type": "Feature",
      "geometry": {
        "type": "Point",
        "coordinates": [
          -8250101.1961,
          502825.86879999936
        ]
      },
      "properties": {
        "DANE12_EST": "111850001428",
        "NOMBRE_EST": "COLEGIO ALMIRANTE PADILLA (IED)",
        "ORDEN_DE_S": "A",
        "puntaje_2023": 247.25,
        "cole_caracter": "ACADÉMICO",
        "punt_global_2020": 236.48,
        "punt_global_2022": 229.99
      }
    },
    {
      "type": "Feature",
      "geometry": {
        "type": "Point",
        "coordinates": [
          -8249136.0561,
          502661.7204999998
        ]
      },
      "properties": {
        "DANE12_EST": "111850001461",
        "NOMBRE_EST": "COLEGIO LOS TEJARES (IED)",
        "ORDEN_DE_S": "A",
        "puntaje_2023": 236.89,
        "cole_caracter": "ACADÉMICO",
        "punt_global_2020": 248.04,
        "punt_global_2022": 239.63
      }
    },
    {
      "type": "Feature",
      "geometry": {
        "type": "Point",
        "coordinates": [
          -8249565.749399999,
          502254.14290000126
        ]
      },
      "properties": {
        "DANE12_EST": "111850001576",
        "NOMBRE_EST": "COLEGIO FEDERICO GARCIA LORCA (IED)",
        "ORDEN_DE_S": "A",
        "puntaje_2023": 252.31,
        "cole_caracter": "ACADÉMICO",
        "punt_global_2020": 232.83,
        "punt_global_2022": 247.94
      }
    },
    {
      "type": "Feature",
      "geometry": {
        "type": "Point",
        "coordinates": [
          -8240313.986500001,
          510722.129900001
        ]
      },
      "properties": {
        "DANE12_EST": "211001027485",
        "NOMBRE_EST": "COLEGIO EL VERJON (IED)",
        "ORDEN_DE_S": "A",
        "puntaje_2023": 236.54,
        "cole_caracter": "ACADÉMICO",
        "punt_global_2020": 224.91,
        "punt_global_2022": 246.27
      }
    },
    {
      "type": "Feature",
      "geometry": {
        "type": "Point",
        "coordinates": [
          -8247988.3522,
          502474.1229000017
        ]
      },
      "properties": {
        "DANE12_EST": "211001032501",
        "NOMBRE_EST": "COLEGIO GABRIEL GARCIA MARQUEZ (IED)",
        "ORDEN_DE_S": "A",
        "puntaje_2023": 256.54,
        "cole_caracter": "ACADÉMICO",
        "punt_global_2020": 255.97,
        "punt_global_2022": 246.88
      }
    },
    {
      "type": "Feature",
      "geometry": {
        "type": "Point",
        "coordinates": [
          -8256734.7246,
          464720.8969999999
        ]
      },
      "properties": {
        "DANE12_EST": "211001076346",
        "NOMBRE_EST": "COLEGIO CAMPESTRE JAIME GARZON (IED)",
        "ORDEN_DE_S": "A",
        "puntaje_2023": 244.23,
        "cole_caracter": "ACADÉMICO",
        "punt_global_2020": 248.43,
        "punt_global_2022": 223.44
      }
    },
    {
      "type": "Feature",
      "geometry": {
        "type": "Point",
        "coordinates": [
          -8259987.4801,
          515472.99269999936
        ]
      },
      "properties": {
        "DANE12_EST": "211001076958",
        "NOMBRE_EST": "COLEGIO VILLAS DEL PROGRESO (IED)",
        "ORDEN_DE_S": "A",
        "puntaje_2023": 267.35,
        "cole_caracter": "ACADÉMICO",
        "punt_global_2020": 256.5,
        "punt_global_2022": 259.1
      }
    },
    {
      "type": "Feature",
      "geometry": {
        "type": "Point",
        "coordinates": [
          -8248865.549799999,
          500027.5769999996
        ]
      },
      "properties": {
        "DANE12_EST": "211001094832",
        "NOMBRE_EST": "COLEGIO CIUDAD DE VILLAVICENCIO (IED)",
        "ORDEN_DE_S": "B",
        "puntaje_2023": 231.92,
        "cole_caracter": "ACADÉMICO",
        "punt_global_2020": 229.93,
        "punt_global_2022": 242.96
      }
    },
    {
      "type": "Feature",
      "geometry": {
        "type": "Point",
        "coordinates": [
          -8260378.2115,
          514607.45230000094
        ]
      },
      "properties": {
        "DANE12_EST": "211102000201",
        "NOMBRE_EST": "COLEGIO SAN BERNARDINO (IED)",
        "ORDEN_DE_S": "A",
        "puntaje_2023": 238.25,
        "cole_caracter": "ACADÉMICO",
        "punt_global_2020": 238.25,
        "punt_global_2022": 235.99
      }
    },
    {
      "type": "Feature",
      "geometry": {
        "type": "Point",
        "coordinates": [
          -8258086.143200001,
          516624.45529999956
        ]
      },
      "properties": {
        "DANE12_EST": "211102000243",
        "NOMBRE_EST": "COLEGIO EL PORVENIR (IED)",
        "ORDEN_DE_S": "A",
        "puntaje_2023": 266.0,
        "cole_caracter": "ACADÉMICO",
        "punt_global_2020": 254.55,
        "punt_global_2022": 259.51
      }
    },
    {
      "type": "Feature",
      "geometry": {
        "type": "Point",
        "coordinates": [
          -8258624.929500001,
          515139.0604999997
        ]
      },
      "properties": {
        "DANE12_EST": "211102000995",
        "NOMBRE_EST": "COLEGIO BOSANOVA (IED)",
        "ORDEN_DE_S": "A",
        "puntaje_2023": 254.71,
        "cole_caracter": "ACADÉMICO",
        "punt_global_2020": 254.04,
        "punt_global_2022": 252.96
      }
    },
    {
      "type": "Feature",
      "geometry": {
        "type": "Point",
        "coordinates": [
          -8247796.8827,
          533275.0936999992
        ]
      },
      "properties": {
        "DANE12_EST": "211769003151",
        "NOMBRE_EST": "COLEGIO NICOLAS BUENAVENTURA (IED)",
        "ORDEN_DE_S": "A",
        "puntaje_2023": 259.79,
        "cole_caracter": "ACADÉMICO",
        "punt_global_2020": 258.71,
        "punt_global_2022": 263.35
      }
    },
    {
      "type": "Feature",
      "geometry": {
        "type": "Point",
        "coordinates": [
          -8249840.7085,
          502364.69110000134
        ]
      },
      "properties": {
        "DANE12_EST": "211850000051",
        "NOMBRE_EST": "COLEGIO GRAN YOMASA (IED)",
        "ORDEN_DE_S": "A",
        "puntaje_2023": 253.6,
        "cole_caracter": "ACADÉMICO",
        "punt_global_2020": 257.37,
        "punt_global_2022": 247.68
      }
    },
    {
      "type": "Feature",
      "geometry": {
        "type": "Point",
        "coordinates": [
          -8249643.673,
          501301.64759999886
        ]
      },
      "properties": {
        "DANE12_EST": "211850000787",
        "NOMBRE_EST": "COLEGIO TENERIFE - GRANADA SUR (IED)",
        "ORDEN_DE_S": "A",
        "puntaje_2023": 268.46,
        "cole_caracter": "ACADÉMICO",
        "punt_global_2020": 256.44,
        "punt_global_2022": 269.72
      }
    },
    {
      "type": "Feature",
      "geometry": {
        "type": "Point",
        "coordinates": [
          -8253050.0494,
          491193.37469999865
        ]
      },
      "properties": {
        "DANE12_EST": "211850000876",
        "NOMBRE_EST": "COLEGIO EL DESTINO (IED)",
        "ORDEN_DE_S": "A",
        "puntaje_2023": 250.0,
        "cole_caracter": "TÉCNICO",
        "punt_global_2020": 235.25,
        "punt_global_2022": 254.2
      }
    },
    {
      "type": "Feature",
      "geometry": {
        "type": "Point",
        "coordinates": [
          -8249358.6951,
          498951.16479999945
        ]
      },
      "properties": {
        "DANE12_EST": "211850000981",
        "NOMBRE_EST": "COLEGIO EL UVAL (IED)",
        "ORDEN_DE_S": "A",
        "puntaje_2023": 235.38,
        "cole_caracter": "ACADÉMICO",
        "punt_global_2020": 232.61,
        "punt_global_2022": 245.86
      }
    },
    {
      "type": "Feature",
      "geometry": {
        "type": "Point",
        "coordinates": [
          -8255090.535700001,
          495275.39070000127
        ]
      },
      "properties": {
        "DANE12_EST": "211850001121",
        "NOMBRE_EST": "COLEGIO RURAL PASQUILLA (IED)",
        "ORDEN_DE_S": "A",
        "puntaje_2023": 253.85,
        "cole_caracter": "TÉCNICO/ACADÉMICO",
        "punt_global_2020": 247.74,
        "punt_global_2022": 247.58
      }
    },
    {
      "type": "Feature",
      "geometry": {
        "type": "Point",
        "coordinates": [
          -8255983.318,
          502995.60069999844
        ]
      },
      "properties": {
        "DANE12_EST": "211850001171",
        "NOMBRE_EST": "COLEGIO RURAL QUIBA ALTA (IED)",
        "ORDEN_DE_S": "A",
        "puntaje_2023": 233.08,
        "cole_caracter": "ACADÉMICO",
        "punt_global_2020": 242.09,
        "punt_global_2022": 246.84
      }
    },
    {
      "type": "Feature",
      "geometry": {
        "type": "Point",
        "coordinates": [
          -8254562.8813000005,
          502681.82030000165
        ]
      },
      "properties": {
        "DANE12_EST": "211850001317",
        "NOMBRE_EST": "COLEGIO RURAL JOSE CELESTINO MUTIS (IED)",
        "ORDEN_DE_S": "A",
        "puntaje_2023": 242.69,
        "cole_caracter": "ACADÉMICO",
        "punt_global_2020": 249.46,
        "punt_global_2022": 252.52
      }
    },
    {
      "type": "Feature",
      "geometry": {
        "type": "Point",
        "coordinates": [
          -8278129.217499999,
          444035.4404999986
        ]
      },
      "properties": {
        "DANE12_EST": "211850001473",
        "NOMBRE_EST": "COLEGIO GIMNASIO DEL CAMPO JUAN DE LA CRUZ VARELA (IED)",
        "ORDEN_DE_S": "A",
        "puntaje_2023": 235.71,
        "cole_caracter": "ACADÉMICO",
        "punt_global_2020": 215.57,
        "punt_global_2022": 224.43
      }
    },
    {
      "type": "Feature",
      "geometry": {
        "type": "Point",
        "coordinates": [
          -8249809.539000001,
          505155.2467
        ]
      },
      "properties": {
        "DANE12_EST": "211850001481",
        "NOMBRE_EST": "COLEGIO FABIO LOZANO SIMONELLI (IED)",
        "ORDEN_DE_S": "A",
        "puntaje_2023": 256.25,
        "cole_caracter": "ACADÉMICO",
        "punt_global_2020": 255.99,
        "punt_global_2022": 249.46
      }
    },
    {
      "type": "Feature",
      "geometry": {
        "type": "Point",
        "coordinates": [
          -8245876.6214000005,
          514685.62970000133
        ]
      },
      "properties": {
        "DANE12_EST": "311001000018",
        "NOMBRE_EST": "COLEGIO GEORGE WILLIAMS",
        "ORDEN_DE_S": "A",
        "puntaje_2023": 302.69,
        "cole_caracter": "ACADÉMICO",
        "punt_global_2020": 296.05,
        "punt_global_2022": 331.86
      }
    },
    {
      "type": "Feature",
      "geometry": {
        "type": "Point",
        "coordinates": [
          -8257175.549799999,
          514551.61129999906
        ]
      },
      "properties": {
        "DANE12_EST": "311001000034",
        "NOMBRE_EST": "LICEO RODRIGO ARENAS BETANCOURT",
        "ORDEN_DE_S": "A",
        "puntaje_2023": 318.85,
        "cole_caracter": "ACADÉMICO",
        "punt_global_2020": 302.96,
        "punt_global_2022": 301.64
      }
    },
    {
      "type": "Feature",
      "geometry": {
        "type": "Point",
        "coordinates": [
          -8255021.5176,
          513309.7179000005
        ]
      },
      "properties": {
        "DANE12_EST": "311001000158",
        "NOMBRE_EST": "GIMNASIO COLOMBO ANDINO",
        "ORDEN_DE_S": "A",
        "puntaje_2023": 288.85,
        "cole_caracter": "ACADÉMICO",
        "punt_global_2020": 237.86,
        "punt_global_2022": 274.89
      }
    },
    {
      "type": "Feature",
      "geometry": {
        "type": "Point",
        "coordinates": [
          -8245118.535700001,
          519067.0412000008
        ]
      },
      "properties": {
        "DANE12_EST": "311001000221",
        "NOMBRE_EST": "LICEO PEDAGOGICO",
        "ORDEN_DE_S": "A",
        "puntaje_2023": 240.0,
        "cole_caracter": "ACADÉMICO",
        "punt_global_2020": 253.62,
        "punt_global_2022": 281.7
      }
    },
    {
      "type": "Feature",
      "geometry": {
        "type": "Point",
        "coordinates": [
          -8242345.5671999995,
          535011.0683999993
        ]
      },
      "properties": {
        "DANE12_EST": "311001000263",
        "NOMBRE_EST": "COLEGIO GIMNASIO LA SALETTE",
        "ORDEN_DE_S": "A",
        "puntaje_2023": 306.54,
        "cole_caracter": "ACADÉMICO",
        "punt_global_2020": 290.0,
        "punt_global_2022": 315.89
      }
    },
    {
      "type": "Feature",
      "geometry": {
        "type": "Point",
        "coordinates": [
          -8250828.112400001,
          515103.3220000006
        ]
      },
      "properties": {
        "DANE12_EST": "311001000298",
        "NOMBRE_EST": "COLEGIO SANTA TERESITA",
        "ORDEN_DE_S": "A",
        "puntaje_2023": 278.46,
        "cole_caracter": "ACADÉMICO",
        "punt_global_2020": 260.0,
        "punt_global_2022": 277.91
      }
    },
    {
      "type": "Feature",
      "geometry": {
        "type": "Point",
        "coordinates": [
          -8246430.9925,
          515937.59629999846
        ]
      },
      "properties": {
        "DANE12_EST": "311001000310",
        "NOMBRE_EST": "COLEGIO GLENN DOMAN",
        "ORDEN_DE_S": "A",
        "puntaje_2023": 282.69,
        "cole_caracter": "ACADÉMICO",
        "punt_global_2020": 297.19,
        "punt_global_2022": 280.1
      }
    },
    {
      "type": "Feature",
      "geometry": {
        "type": "Point",
        "coordinates": [
          -8245314.458000001,
          514609.685899999
        ]
      },
      "properties": {
        "DANE12_EST": "311001000328",
        "NOMBRE_EST": "COLEGIO DE MARIA AUXILIADORA",
        "ORDEN_DE_S": "A",
        "puntaje_2023": 318.08,
        "cole_caracter": "ACADÉMICO",
        "punt_global_2020": 320.18,
        "punt_global_2022": 307.72
      }
    },
    {
      "type": "Feature",
      "geometry": {
        "type": "Point",
        "coordinates": [
          -8256837.138499999,
          516329.6077999994
        ]
      },
      "properties": {
        "DANE12_EST": "311001000352",
        "NOMBRE_EST": "COLEGIO ERNESTO GUHL",
        "ORDEN_DE_S": "A",
        "puntaje_2023": 284.23,
        "cole_caracter": "ACADÉMICO",
        "punt_global_2020": 262.26,
        "punt_global_2022": 285.83
      }
    },
    {
      "type": "Feature",
      "geometry": {
        "type": "Point",
        "coordinates": [
          -8252116.0789,
          508237.36499999836
        ]
      },
      "properties": {
        "DANE12_EST": "311001000379",
        "NOMBRE_EST": "COLEGIO NUESTRA SEÑORA DE LAS VICTORIAS",
        "ORDEN_DE_S": "A",
        "puntaje_2023": 283.08,
        "cole_caracter": "ACADÉMICO",
        "punt_global_2020": 267.45,
        "punt_global_2022": 287.81
      }
    },
    {
      "type": "Feature",
      "geometry": {
        "type": "Point",
        "coordinates": [
          -8259356.298599999,
          514980.4710999988
        ]
      },
      "properties": {
        "DANE12_EST": "311001000387",
        "NOMBRE_EST": "COLEGIO MIXTO VILLA CAROLINA",
        "ORDEN_DE_S": "A",
        "puntaje_2023": 269.23,
        "cole_caracter": "ACADÉMICO",
        "punt_global_2020": 253.82,
        "punt_global_2022": 263.76
      }
    },
    {
      "type": "Feature",
      "geometry": {
        "type": "Point",
        "coordinates": [
          -8251229.9757,
          509184.3583999984
        ]
      },
      "properties": {
        "DANE12_EST": "311001000441",
        "NOMBRE_EST": "LICEO PARROQUIAL SAN JOSE",
        "ORDEN_DE_S": "A",
        "puntaje_2023": 265.38,
        "cole_caracter": "TÉCNICO/ACADÉMICO",
        "punt_global_2020": 267.51,
        "punt_global_2022": 291.64
      }
    },
    {
      "type": "Feature",
      "geometry": {
        "type": "Point",
        "coordinates": [
          -8248434.7433,
          512119.2159000002
        ]
      },
      "properties": {
        "DANE12_EST": "311001000450",
        "NOMBRE_EST": "COLEGIO HERMANAS MISIONERAS DE LA CONSOLATA",
        "ORDEN_DE_S": "A",
        "puntaje_2023": 308.85,
        "cole_caracter": "ACADÉMICO",
        "punt_global_2020": 302.29,
        "punt_global_2022": 310.92
      }
    },
    {
      "type": "Feature",
      "geometry": {
        "type": "Point",
        "coordinates": [
          -8247722.298599999,
          517941.2307999991
        ]
      },
      "properties": {
        "DANE12_EST": "311001000506",
        "NOMBRE_EST": "COLEGIO CALASANZ LA ESMERALDA ESCOLAPIAS",
        "ORDEN_DE_S": "A",
        "puntaje_2023": 318.08,
        "cole_caracter": "ACADÉMICO",
        "punt_global_2020": 305.81,
        "punt_global_2022": 310.98
      }
    },
    {
      "type": "Feature",
      "geometry": {
        "type": "Point",
        "coordinates": [
          -8253657.853800001,
          507098.30750000104
        ]
      },
      "properties": {
        "DANE12_EST": "311001000514",
        "NOMBRE_EST": "NUEVO COLEGIO LUSADI LTDA",
        "ORDEN_DE_S": "A",
        "puntaje_2023": 282.69,
        "cole_caracter": "ACADÉMICO",
        "punt_global_2020": 264.79,
        "punt_global_2022": 278.03
      }
    },
    {
      "type": "Feature",
      "geometry": {
        "type": "Point",
        "coordinates": [
          -8251157.618100001,
          524404.808600001
        ]
      },
      "properties": {
        "DANE12_EST": "311001000531",
        "NOMBRE_EST": "LICEO EL GRAN VIRREY",
        "ORDEN_DE_S": "A",
        "puntaje_2023": 307.31,
        "cole_caracter": "ACADÉMICO",
        "punt_global_2020": 289.54,
        "punt_global_2022": 308.16
      }
    },
    {
      "type": "Feature",
      "geometry": {
        "type": "Point",
        "coordinates": [
          -8242405.6797,
          534721.7364999987
        ]
      },
      "properties": {
        "DANE12_EST": "311001000590",
        "NOMBRE_EST": "LICEO CATOLICO CAMPESTRE",
        "ORDEN_DE_S": "A",
        "puntaje_2023": 318.46,
        "cole_caracter": "ACADÉMICO",
        "punt_global_2020": 324.6,
        "punt_global_2022": 329.4
      }
    },
    {
      "type": "Feature",
      "geometry": {
        "type": "Point",
        "coordinates": [
          -8250102.3093,
          529212.3517999984
        ]
      },
      "properties": {
        "DANE12_EST": "311001000689",
        "NOMBRE_EST": "LICEO GOLDEN RULE",
        "ORDEN_DE_S": "A",
        "puntaje_2023": 288.08,
        "cole_caracter": "ACADÉMICO",
        "punt_global_2020": 298.62,
        "punt_global_2022": 305.85
      }
    },
    {
      "type": "Feature",
      "geometry": {
        "type": "Point",
        "coordinates": [
          -8245747.490800001,
          514567.2468000017
        ]
      },
      "properties": {
        "DANE12_EST": "311001000697",
        "NOMBRE_EST": "LICEO LATINOAMERICANO",
        "ORDEN_DE_S": "A",
        "puntaje_2023": 305.77,
        "cole_caracter": "ACADÉMICO",
        "punt_global_2020": 284.42,
        "punt_global_2022": 316.09
      }
    },
    {
      "type": "Feature",
      "geometry": {
        "type": "Point",
        "coordinates": [
          -8249275.205499999,
          510614.9204999991
        ]
      },
      "properties": {
        "DANE12_EST": "311001000727",
        "NOMBRE_EST": "LICEO SUPERIOR DE BOGOTA",
        "ORDEN_DE_S": "A",
        "puntaje_2023": 294.23,
        "cole_caracter": "ACADÉMICO",
        "punt_global_2020": 304.4,
        "punt_global_2022": 304.27
      }
    },
    {
      "type": "Feature",
      "geometry": {
        "type": "Point",
        "coordinates": [
          -8242189.719900001,
          527381.563000001
        ]
      },
      "properties": {
        "DANE12_EST": "311001000735",
        "NOMBRE_EST": "COLEGIO COLSUBSIDIO NORTE",
        "ORDEN_DE_S": "A",
        "puntaje_2023": 318.08,
        "cole_caracter": "ACADÉMICO",
        "punt_global_2020": 310.88,
        "punt_global_2022": 306.16
      }
    },
    {
      "type": "Feature",
      "geometry": {
        "type": "Point",
        "coordinates": [
          -8243804.9657000005,
          519155.2749999985
        ]
      },
      "properties": {
        "DANE12_EST": "311001000832",
        "NOMBRE_EST": "GIMNASIO MODERNO",
        "ORDEN_DE_S": "A",
        "puntaje_2023": 327.31,
        "cole_caracter": "ACADÉMICO",
        "punt_global_2020": 318.53,
        "punt_global_2022": 335.47
      }
    },
    {
      "type": "Feature",
      "geometry": {
        "type": "Point",
        "coordinates": [
          -8253149.1238,
          517283.39869999886
        ]
      },
      "properties": {
        "DANE12_EST": "311001000841",
        "NOMBRE_EST": "COLEGIO MONTFERRI",
        "ORDEN_DE_S": "A",
        "puntaje_2023": 280.38,
        "cole_caracter": "ACADÉMICO",
        "punt_global_2020": 277.09,
        "punt_global_2022": 280.7
      }
    },
    {
      "type": "Feature",
      "geometry": {
        "type": "Point",
        "coordinates": [
          -8249436.618799999,
          521188.03130000085
        ]
      },
      "properties": {
        "DANE12_EST": "311001000859",
        "NOMBRE_EST": "CENTRO COMERCIAL DE EDUCACION MEDIA MARGARITA BOSCO",
        "ORDEN_DE_S": "A",
        "puntaje_2023": 313.08,
        "cole_caracter": "TÉCNICO/ACADÉMICO",
        "punt_global_2020": 301.15,
        "punt_global_2022": 320.29
      }
    },
    {
      "type": "Feature",
      "geometry": {
        "type": "Point",
        "coordinates": [
          -8244330.3937,
          530180.8220999986
        ]
      },
      "properties": {
        "DANE12_EST": "311001000875",
        "NOMBRE_EST": "COLEGIO DEL BOSQUE BILINGÜE",
        "ORDEN_DE_S": "A",
        "puntaje_2023": 314.23,
        "cole_caracter": "ACADÉMICO",
        "punt_global_2020": 315.13,
        "punt_global_2022": 313.55
      }
    },
    {
      "type": "Feature",
      "geometry": {
        "type": "Point",
        "coordinates": [
          -8245115.1961,
          517379.44860000163
        ]
      },
      "properties": {
        "DANE12_EST": "311001000891",
        "NOMBRE_EST": "COLEGIO INTEGRAL ERVID",
        "ORDEN_DE_S": "A",
        "puntaje_2023": 270.0,
        "cole_caracter": "ACADÉMICO",
        "punt_global_2020": 289.58,
        "punt_global_2022": 293.62
      }
    },
    {
      "type": "Feature",
      "geometry": {
        "type": "Point",
        "coordinates": [
          -8259287.2805,
          515299.88379999995
        ]
      },
      "properties": {
        "DANE12_EST": "311001000921",
        "NOMBRE_EST": "LICEO CULTURAL LUIS ENRIQUE OSORIO",
        "ORDEN_DE_S": "A",
        "puntaje_2023": 265.77,
        "cole_caracter": "TÉCNICO/ACADÉMICO",
        "punt_global_2020": 256.87,
        "punt_global_2022": 261.27
      }
    },
    {
      "type": "Feature",
      "geometry": {
        "type": "Point",
        "coordinates": [
          -8243467.6677,
          517940.11400000006
        ]
      },
      "properties": {
        "DANE12_EST": "311001001022",
        "NOMBRE_EST": "COLEGIO DEL ROSARIO DE SANTO DOMINGO",
        "ORDEN_DE_S": "A",
        "puntaje_2023": 340.77,
        "cole_caracter": "ACADÉMICO",
        "punt_global_2020": 342.54,
        "punt_global_2022": 340.2
      }
    },
    {
      "type": "Feature",
      "geometry": {
        "type": "Point",
        "coordinates": [
          -8246271.805600001,
          520725.6303999983
        ]
      },
      "properties": {
        "DANE12_EST": "311001001031",
        "NOMBRE_EST": "GIMNASIO DEL CORAZON DE MARIA",
        "ORDEN_DE_S": "A",
        "puntaje_2023": 310.0,
        "cole_caracter": "ACADÉMICO",
        "punt_global_2020": 305.06,
        "punt_global_2022": 299.74
      }
    },
    {
      "type": "Feature",
      "geometry": {
        "type": "Point",
        "coordinates": [
          -8249200.6214000005,
          509226.79470000044
        ]
      },
      "properties": {
        "DANE12_EST": "311001001049",
        "NOMBRE_EST": "COLEGIO EL CARMEN TERESIANO",
        "ORDEN_DE_S": "A",
        "puntaje_2023": 313.46,
        "cole_caracter": "ACADÉMICO",
        "punt_global_2020": 295.4,
        "punt_global_2022": 315.51
      }
    },
    {
      "type": "Feature",
      "geometry": {
        "type": "Point",
        "coordinates": [
          -8252065.985099999,
          512482.1719000004
        ]
      },
      "properties": {
        "DANE12_EST": "311001001057",
        "NOMBRE_EST": "COLEGIO PARROQUIAL BILINGÜE SANTA ISABEL DE HUNGRIA",
        "ORDEN_DE_S": "A",
        "puntaje_2023": 299.23,
        "cole_caracter": "ACADÉMICO",
        "punt_global_2020": 297.16,
        "punt_global_2022": 298.54
      }
    },
    {
      "type": "Feature",
      "geometry": {
        "type": "Point",
        "coordinates": [
          -8247202.4366,
          522180.97370000184
        ]
      },
      "properties": {
        "DANE12_EST": "311001001081",
        "NOMBRE_EST": "COLEGIO DE LA PRESENTACION DE LAS FERIAS",
        "ORDEN_DE_S": "A",
        "puntaje_2023": 288.46,
        "cole_caracter": "TÉCNICO",
        "punt_global_2020": 285.47,
        "punt_global_2022": 283.51
      }
    },
    {
      "type": "Feature",
      "geometry": {
        "type": "Point",
        "coordinates": [
          -8249147.188100001,
          520248.7126000002
        ]
      },
      "properties": {
        "DANE12_EST": "311001001090",
        "NOMBRE_EST": "COLEGIO DE LA UNIVERSIDAD LIBRE",
        "ORDEN_DE_S": "A",
        "puntaje_2023": 319.62,
        "cole_caracter": "ACADÉMICO",
        "punt_global_2020": 310.47,
        "punt_global_2022": 314.52
      }
    },
    {
      "type": "Feature",
      "geometry": {
        "type": "Point",
        "coordinates": [
          -8245488.1164,
          519742.7584999986
        ]
      },
      "properties": {
        "DANE12_EST": "311001001111",
        "NOMBRE_EST": "COLEGIO SAN FELIPE NERI",
        "ORDEN_DE_S": "A",
        "puntaje_2023": 296.92,
        "cole_caracter": "ACADÉMICO",
        "punt_global_2020": 291.91,
        "punt_global_2022": 311.91
      }
    },
    {
      "type": "Feature",
      "geometry": {
        "type": "Point",
        "coordinates": [
          -8248827.701099999,
          511470.3663999997
        ]
      },
      "properties": {
        "DANE12_EST": "311001001162",
        "NOMBRE_EST": "COLEGIO PARROQUIAL NUESTRA SEÑORA DE LA VALVANERA",
        "ORDEN_DE_S": "A",
        "puntaje_2023": 281.54,
        "cole_caracter": "ACADÉMICO",
        "punt_global_2020": 267.06,
        "punt_global_2022": 279.85
      }
    },
    {
      "type": "Feature",
      "geometry": {
        "type": "Point",
        "coordinates": [
          -8249974.2919,
          513783.24329999834
        ]
      },
      "properties": {
        "DANE12_EST": "311001001243",
        "NOMBRE_EST": "LICEO DEL CARIBE",
        "ORDEN_DE_S": "A",
        "puntaje_2023": 298.46,
        "cole_caracter": "ACADÉMICO",
        "punt_global_2020": 298.81,
        "punt_global_2022": 309.38
      }
    },
    {
      "type": "Feature",
      "geometry": {
        "type": "Point",
        "coordinates": [
          -8248753.1171,
          509309.43389999866
        ]
      },
      "properties": {
        "DANE12_EST": "311001001332",
        "NOMBRE_EST": "COLEGIO DANILO CIFUENTES",
        "ORDEN_DE_S": "A",
        "puntaje_2023": 254.23,
        "cole_caracter": "TÉCNICO/ACADÉMICO",
        "punt_global_2020": 256.7,
        "punt_global_2022": 261.81
      }
    },
    {
      "type": "Feature",
      "geometry": {
        "type": "Point",
        "coordinates": [
          -8245612.794199999,
          512303.4857000001
        ]
      },
      "properties": {
        "DANE12_EST": "311001001391",
        "NOMBRE_EST": "LICEO JULIO CESAR GARCIA",
        "ORDEN_DE_S": "A",
        "puntaje_2023": 283.08,
        "cole_caracter": "ACADÉMICO",
        "punt_global_2020": 283.15,
        "punt_global_2022": 291.74
      }
    },
    {
      "type": "Feature",
      "geometry": {
        "type": "Point",
        "coordinates": [
          -8250978.3937,
          509242.42920000106
        ]
      },
      "properties": {
        "DANE12_EST": "311001001553",
        "NOMBRE_EST": "COLEGIO HERMANOS BELTRAN",
        "ORDEN_DE_S": "A",
        "puntaje_2023": 243.85,
        "cole_caracter": "ACADÉMICO",
        "punt_global_2020": 267.0,
        "punt_global_2022": 252.83
      }
    },
    {
      "type": "Feature",
      "geometry": {
        "type": "Point",
        "coordinates": [
          -8248164.237,
          513676.02969999984
        ]
      },
      "properties": {
        "DANE12_EST": "311001001618",
        "NOMBRE_EST": "LICEO PARROQUIAL SAN GREGORIO MAGNO",
        "ORDEN_DE_S": "A",
        "puntaje_2023": 290.38,
        "cole_caracter": "ACADÉMICO",
        "punt_global_2020": 289.31,
        "punt_global_2022": 299.2
      }
    },
    {
      "type": "Feature",
      "geometry": {
        "type": "Point",
        "coordinates": [
          -8242499.188100001,
          534440.2254999988
        ]
      },
      "properties": {
        "DANE12_EST": "311001001626",
        "NOMBRE_EST": "GIMNASIO LOS ARRAYANES BILINGÜE",
        "ORDEN_DE_S": "A",
        "puntaje_2023": 315.0,
        "cole_caracter": "ACADÉMICO",
        "punt_global_2020": 308.39,
        "punt_global_2022": 316.78
      }
    },
    {
      "type": "Feature",
      "geometry": {
        "type": "Point",
        "coordinates": [
          -8247402.8116999995,
          506293.16000000015
        ]
      },
      "properties": {
        "DANE12_EST": "311001001642",
        "NOMBRE_EST": "COLEGIO NUEVA GENERACION ALTAMIRA - CONGA",
        "ORDEN_DE_S": "A",
        "puntaje_2023": 256.92,
        "cole_caracter": "ACADÉMICO",
        "punt_global_2020": 240.65,
        "punt_global_2022": 262.89
      }
    },
    {
      "type": "Feature",
      "geometry": {
        "type": "Point",
        "coordinates": [
          -8248668.5143,
          524685.1658999994
        ]
      },
      "properties": {
        "DANE12_EST": "311001001707",
        "NOMBRE_EST": "COLEGIO CENTRO LESTONNAC COMPAÑIA DE MARIA",
        "ORDEN_DE_S": "A",
        "puntaje_2023": 298.46,
        "cole_caracter": "ACADÉMICO",
        "punt_global_2020": 292.91,
        "punt_global_2022": 299.2
      }
    },
    {
      "type": "Feature",
      "geometry": {
        "type": "Point",
        "coordinates": [
          -8246560.1230999995,
          519605.3808000013
        ]
      },
      "properties": {
        "DANE12_EST": "311001001839",
        "NOMBRE_EST": "LICEO HERMANO MIGUEL LA SALLE",
        "ORDEN_DE_S": "A",
        "puntaje_2023": 325.77,
        "cole_caracter": "ACADÉMICO",
        "punt_global_2020": 314.48,
        "punt_global_2022": 316.96
      }
    },
    {
      "type": "Feature",
      "geometry": {
        "type": "Point",
        "coordinates": [
          -8246160.486099999,
          516403.3194999993
        ]
      },
      "properties": {
        "DANE12_EST": "311001001871",
        "NOMBRE_EST": "COLEGIO EL CARMELO",
        "ORDEN_DE_S": "A",
        "puntaje_2023": 297.69,
        "cole_caracter": "ACADÉMICO",
        "punt_global_2020": 291.35,
        "punt_global_2022": 316.41
      }
    },
    {
      "type": "Feature",
      "geometry": {
        "type": "Point",
        "coordinates": [
          -8245866.602700001,
          516453.57759999856
        ]
      },
      "properties": {
        "DANE12_EST": "311001001901",
        "NOMBRE_EST": "COLEGIO AMERICANO DE BOGOTA",
        "ORDEN_DE_S": "A",
        "puntaje_2023": 318.08,
        "cole_caracter": "ACADÉMICO",
        "punt_global_2020": 311.9,
        "punt_global_2022": 311.67
      }
    },
    {
      "type": "Feature",
      "geometry": {
        "type": "Point",
        "coordinates": [
          -8251571.726600001,
          519899.12370000035
        ]
      },
      "properties": {
        "DANE12_EST": "311001001928",
        "NOMBRE_EST": "COLEGIO NUEVO MONTESSORIANO",
        "ORDEN_DE_S": "A",
        "puntaje_2023": 285.77,
        "cole_caracter": "ACADÉMICO",
        "punt_global_2020": 272.55,
        "punt_global_2022": 261.06
      }
    },
    {
      "type": "Feature",
      "geometry": {
        "type": "Point",
        "coordinates": [
          -8245834.32,
          512080.12849999964
        ]
      },
      "properties": {
        "DANE12_EST": "311001001952",
        "NOMBRE_EST": "COLEGIO DEL SANTISIMO ROSARIO",
        "ORDEN_DE_S": "A",
        "puntaje_2023": 275.38,
        "cole_caracter": "ACADÉMICO",
        "punt_global_2020": 288.41,
        "punt_global_2022": 288.55
      }
    },
    {
      "type": "Feature",
      "geometry": {
        "type": "Point",
        "coordinates": [
          -8243504.403100001,
          518186.94200000167
        ]
      },
      "properties": {
        "DANE12_EST": "311001002070",
        "NOMBRE_EST": "COLEGIO JORDAN DE SAJONIA",
        "ORDEN_DE_S": "A",
        "puntaje_2023": 325.38,
        "cole_caracter": "ACADÉMICO",
        "punt_global_2020": 315.3,
        "punt_global_2022": 337.15
      }
    },
    {
      "type": "Feature",
      "geometry": {
        "type": "Point",
        "coordinates": [
          -8245733.019300001,
          519245.74269999936
        ]
      },
      "properties": {
        "DANE12_EST": "311001002312",
        "NOMBRE_EST": "COLEGIO MARILLAC",
        "ORDEN_DE_S": "A",
        "puntaje_2023": 282.69,
        "cole_caracter": "TÉCNICO/ACADÉMICO",
        "punt_global_2020": 273.89,
        "punt_global_2022": 282.57
      }
    },
    {
      "type": "Feature",
      "geometry": {
        "type": "Point",
        "coordinates": [
          -8248369.0648,
          509859.9915000014
        ]
      },
      "properties": {
        "DANE12_EST": "311001002321",
        "NOMBRE_EST": "COLEGIO PARROQUIAL SAN JUAN BAUTISTA DE LA SALLE",
        "ORDEN_DE_S": "A",
        "puntaje_2023": 304.62,
        "cole_caracter": "ACADÉMICO",
        "punt_global_2020": 308.86,
        "punt_global_2022": 314.31
      }
    },
    {
      "type": "Feature",
      "geometry": {
        "type": "Point",
        "coordinates": [
          -8249772.8036,
          510573.60020000115
        ]
      },
      "properties": {
        "DANE12_EST": "311001002380",
        "NOMBRE_EST": "INSTITUTO SAN IGNACIO DE LOYOLA",
        "ORDEN_DE_S": "A",
        "puntaje_2023": 307.69,
        "cole_caracter": "ACADÉMICO",
        "punt_global_2020": 301.81,
        "punt_global_2022": 304.0
      }
    },
    {
      "type": "Feature",
      "geometry": {
        "type": "Point",
        "coordinates": [
          -8243684.740700001,
          519932.63049999997
        ]
      },
      "properties": {
        "DANE12_EST": "311001002428",
        "NOMBRE_EST": "COLEGIO NUEVO GIMNASIO",
        "ORDEN_DE_S": "A",
        "puntaje_2023": 322.69,
        "cole_caracter": "ACADÉMICO",
        "punt_global_2020": 321.82,
        "punt_global_2022": 336.36
      }
    },
    {
      "type": "Feature",
      "geometry": {
        "type": "Point",
        "coordinates": [
          -8240911.7721,
          528964.3718000017
        ]
      },
      "properties": {
        "DANE12_EST": "311001002452",
        "NOMBRE_EST": "FUNDACION COLEGIO CLARA CASAS MORALES",
        "ORDEN_DE_S": "A",
        "puntaje_2023": 282.69,
        "cole_caracter": "ACADÉMICO",
        "punt_global_2020": 301.85,
        "punt_global_2022": 302.5
      }
    },
    {
      "type": "Feature",
      "geometry": {
        "type": "Point",
        "coordinates": [
          -8247627.676999999,
          509968.3167000003
        ]
      },
      "properties": {
        "DANE12_EST": "311001002461",
        "NOMBRE_EST": "COLEGIO BILINGÜE SAN JUAN DE DIOS",
        "ORDEN_DE_S": "A",
        "puntaje_2023": 301.92,
        "cole_caracter": "ACADÉMICO",
        "punt_global_2020": 290.31,
        "punt_global_2022": 301.18
      }
    },
    {
      "type": "Feature",
      "geometry": {
        "type": "Point",
        "coordinates": [
          -8248282.2356,
          512813.8594000004
        ]
      },
      "properties": {
        "DANE12_EST": "311001002568",
        "NOMBRE_EST": "COLEGIO NUESTRA SEÑORA DE LAS LAJAS",
        "ORDEN_DE_S": "A",
        "puntaje_2023": 279.62,
        "cole_caracter": "TÉCNICO",
        "punt_global_2020": 282.54,
        "punt_global_2022": 291.03
      }
    },
    {
      "type": "Feature",
      "geometry": {
        "type": "Point",
        "coordinates": [
          -8242847.618100001,
          531918.9607000016
        ]
      },
      "properties": {
        "DANE12_EST": "311001002576",
        "NOMBRE_EST": "COLEGIO FRANCISCANO DEL VIRREY SOLIS",
        "ORDEN_DE_S": "A",
        "puntaje_2023": 338.46,
        "cole_caracter": "ACADÉMICO",
        "punt_global_2020": 309.58,
        "punt_global_2022": 317.26
      }
    },
    {
      "type": "Feature",
      "geometry": {
        "type": "Point",
        "coordinates": [
          -8248641.797599999,
          510623.8546000011
        ]
      },
      "properties": {
        "DANE12_EST": "311001002762",
        "NOMBRE_EST": "COLEGIO ARTEAGA MUÑOZ",
        "ORDEN_DE_S": "A",
        "puntaje_2023": 267.6,
        "cole_caracter": "ACADÉMICO",
        "punt_global_2020": 256.15,
        "punt_global_2022": 249.73
      }
    },
    {
      "type": "Feature",
      "geometry": {
        "type": "Point",
        "coordinates": [
          -8247950.5035,
          509784.0522999987
        ]
      },
      "properties": {
        "DANE12_EST": "311001002843",
        "NOMBRE_EST": "COLEGIO INTERAMERICANO",
        "ORDEN_DE_S": "A",
        "puntaje_2023": 293.08,
        "cole_caracter": "ACADÉMICO",
        "punt_global_2020": 274.2,
        "punt_global_2022": 293.49
      }
    },
    {
      "type": "Feature",
      "geometry": {
        "type": "Point",
        "coordinates": [
          -8246181.6368,
          515408.2164000012
        ]
      },
      "properties": {
        "DANE12_EST": "311001002878",
        "NOMBRE_EST": "COLEGIO SANTA CLARA",
        "ORDEN_DE_S": "A",
        "puntaje_2023": 321.92,
        "cole_caracter": "ACADÉMICO",
        "punt_global_2020": 305.78,
        "punt_global_2022": 312.19
      }
    },
    {
      "type": "Feature",
      "geometry": {
        "type": "Point",
        "coordinates": [
          -8249457.7695,
          519905.82499999925
        ]
      },
      "properties": {
        "DANE12_EST": "311001002908",
        "NOMBRE_EST": "INSTITUTO NUESTRA SEÑORA DEL AMPARO",
        "ORDEN_DE_S": "A",
        "puntaje_2023": 253.85,
        "cole_caracter": "ACADÉMICO",
        "punt_global_2020": 251.33,
        "punt_global_2022": 292.67
      }
    },
    {
      "type": "Feature",
      "geometry": {
        "type": "Point",
        "coordinates": [
          -8248501.535,
          511373.2069000006
        ]
      },
      "properties": {
        "DANE12_EST": "311001002991",
        "NOMBRE_EST": "COLEGIO ADVENTISTA EMMANUEL",
        "ORDEN_DE_S": "A",
        "puntaje_2023": 285.38,
        "cole_caracter": "ACADÉMICO",
        "punt_global_2020": 291.79,
        "punt_global_2022": 301.48
      }
    },
    {
      "type": "Feature",
      "geometry": {
        "type": "Point",
        "coordinates": [
          -8246109.279200001,
          512278.91640000045
        ]
      },
      "properties": {
        "DANE12_EST": "311001003084",
        "NOMBRE_EST": "FUNDACION COLEGIO MAYOR DE SAN BARTOLOME",
        "ORDEN_DE_S": "A",
        "puntaje_2023": 326.54,
        "cole_caracter": "ACADÉMICO",
        "punt_global_2020": 315.41,
        "punt_global_2022": 326.07
      }
    },
    {
      "type": "Feature",
      "geometry": {
        "type": "Point",
        "coordinates": [
          -8242229.7949,
          529405.5980999991
        ]
      },
      "properties": {
        "DANE12_EST": "311001003271",
        "NOMBRE_EST": "COLEGIO EUCARISTICO",
        "ORDEN_DE_S": "A",
        "puntaje_2023": 328.46,
        "cole_caracter": "ACADÉMICO",
        "punt_global_2020": 307.76,
        "punt_global_2022": 316.89
      }
    },
    {
      "type": "Feature",
      "geometry": {
        "type": "Point",
        "coordinates": [
          -8253407.385,
          511499.40260000154
        ]
      },
      "properties": {
        "DANE12_EST": "311001003378",
        "NOMBRE_EST": "GIMNASIO PEDAGOGICO NUESTRA SEÑORA DE FATIMA",
        "ORDEN_DE_S": "A",
        "puntaje_2023": 300.38,
        "cole_caracter": "ACADÉMICO",
        "punt_global_2020": 289.81,
        "punt_global_2022": 298.77
      }
    },
    {
      "type": "Feature",
      "geometry": {
        "type": "Point",
        "coordinates": [
          -8250975.054099999,
          514976.003800001
        ]
      },
      "properties": {
        "DANE12_EST": "311001003483",
        "NOMBRE_EST": "COLEGIO DE NUESTRA SEÑORA DEL ROSARIO",
        "ORDEN_DE_S": "A",
        "puntaje_2023": 325.0,
        "cole_caracter": "ACADÉMICO",
        "punt_global_2020": 324.19,
        "punt_global_2022": 326.57
      }
    },
    {
      "type": "Feature",
      "geometry": {
        "type": "Point",
        "coordinates": [
          -8244770.105699999,
          520049.90459999815
        ]
      },
      "properties": {
        "DANE12_EST": "311001003823",
        "NOMBRE_EST": "COLEGIO SAN PIO X",
        "ORDEN_DE_S": "A",
        "puntaje_2023": 298.85,
        "cole_caracter": "ACADÉMICO",
        "punt_global_2020": 292.35,
        "punt_global_2022": 286.4
      }
    },
    {
      "type": "Feature",
      "geometry": {
        "type": "Point",
        "coordinates": [
          -8250221.4212,
          510907.5131999999
        ]
      },
      "properties": {
        "DANE12_EST": "311001003891",
        "NOMBRE_EST": "INSTITUTO SAN PABLO APOSTOL",
        "ORDEN_DE_S": "A",
        "puntaje_2023": 349.62,
        "cole_caracter": "ACADÉMICO",
        "punt_global_2020": 335.31,
        "punt_global_2022": 355.25
      }
    },
    {
      "type": "Feature",
      "geometry": {
        "type": "Point",
        "coordinates": [
          -8250292.6656,
          511375.4404999986
        ]
      },
      "properties": {
        "DANE12_EST": "311001003963",
        "NOMBRE_EST": "CENTRO EDUCATIVO DE NUESTRA SEÑORA DE LA PAZ",
        "ORDEN_DE_S": "A",
        "puntaje_2023": 292.31,
        "cole_caracter": "ACADÉMICO",
        "punt_global_2020": 279.1,
        "punt_global_2022": 291.31
      }
    },
    {
      "type": "Feature",
      "geometry": {
        "type": "Point",
        "coordinates": [
          -8252128.323999999,
          508875.0208999999
        ]
      },
      "properties": {
        "DANE12_EST": "311001003971",
        "NOMBRE_EST": "COLEGIO PARROQUIAL SAN CARLOS",
        "ORDEN_DE_S": "A",
        "puntaje_2023": 306.54,
        "cole_caracter": "ACADÉMICO",
        "punt_global_2020": 289.51,
        "punt_global_2022": 295.37
      }
    },
    {
      "type": "Feature",
      "geometry": {
        "type": "Point",
        "coordinates": [
          -8244282.5263,
          530245.6105999984
        ]
      },
      "properties": {
        "DANE12_EST": "311001004021",
        "NOMBRE_EST": "LICEO LA SABANA",
        "ORDEN_DE_S": "A",
        "puntaje_2023": 325.38,
        "cole_caracter": "ACADÉMICO",
        "punt_global_2020": 310.19,
        "punt_global_2022": 334.0
      }
    },
    {
      "type": "Feature",
      "geometry": {
        "type": "Point",
        "coordinates": [
          -8254825.5953,
          514767.15769999847
        ]
      },
      "properties": {
        "DANE12_EST": "311001004064",
        "NOMBRE_EST": "COLEGIO JAIME QUIJANO CABALLERO",
        "ORDEN_DE_S": "A",
        "puntaje_2023": 265.38,
        "cole_caracter": "ACADÉMICO",
        "punt_global_2020": 264.95,
        "punt_global_2022": 266.75
      }
    },
    {
      "type": "Feature",
      "geometry": {
        "type": "Point",
        "coordinates": [
          -8252487.886,
          512060.02629999816
        ]
      },
      "properties": {
        "DANE12_EST": "311001004234",
        "NOMBRE_EST": "COLEGIO FERNANDO V DE ARAGON Y CASTILLA",
        "ORDEN_DE_S": "A",
        "puntaje_2023": 301.15,
        "cole_caracter": "ACADÉMICO",
        "punt_global_2020": 240.29,
        "punt_global_2022": 249.88
      }
    },
    {
      "type": "Feature",
      "geometry": {
        "type": "Point",
        "coordinates": [
          -8254422.6186999995,
          513587.8020000011
        ]
      },
      "properties": {
        "DANE12_EST": "311001004374",
        "NOMBRE_EST": "COLEGIO COOPERATIVO DE TIMIZA",
        "ORDEN_DE_S": "A",
        "puntaje_2023": 311.54,
        "cole_caracter": "ACADÉMICO",
        "punt_global_2020": 271.45,
        "punt_global_2022": 295.53
      }
    },
    {
      "type": "Feature",
      "geometry": {
        "type": "Point",
        "coordinates": [
          -8246021.3368,
          518287.4604999982
        ]
      },
      "properties": {
        "DANE12_EST": "311001004471",
        "NOMBRE_EST": "COLEGIO DE NUESTRA SEÑORA DEL PILAR",
        "ORDEN_DE_S": "A",
        "puntaje_2023": 316.54,
        "cole_caracter": "ACADÉMICO",
        "punt_global_2020": 297.88,
        "punt_global_2022": 311.29
      }
    },
    {
      "type": "Feature",
      "geometry": {
        "type": "Point",
        "coordinates": [
          -8243142.614700001,
          519829.8762000017
        ]
      },
      "properties": {
        "DANE12_EST": "311001004528",
        "NOMBRE_EST": "LICEO DE CERVANTES EL RETIRO",
        "ORDEN_DE_S": "A",
        "puntaje_2023": 323.46,
        "cole_caracter": "ACADÉMICO",
        "punt_global_2020": 318.24,
        "punt_global_2022": 332.29
      }
    },
    {
      "type": "Feature",
      "geometry": {
        "type": "Point",
        "coordinates": [
          -8244184.565199999,
          518157.9034000002
        ]
      },
      "properties": {
        "DANE12_EST": "311001004706",
        "NOMBRE_EST": "COLEGIO DEL SAGRADO CORAZON DE JESUS BETHLEMITAS",
        "ORDEN_DE_S": "A",
        "puntaje_2023": 325.38,
        "cole_caracter": "ACADÉMICO",
        "punt_global_2020": 320.84,
        "punt_global_2022": 328.69
      }
    },
    {
      "type": "Feature",
      "geometry": {
        "type": "Point",
        "coordinates": [
          -8252621.4694,
          510715.429299999
        ]
      },
      "properties": {
        "DANE12_EST": "311001004820",
        "NOMBRE_EST": "FUNDACION INSTITUTO TECNOLOGICO DEL SUR",
        "ORDEN_DE_S": "A",
        "puntaje_2023": 301.92,
        "cole_caracter": "ACADÉMICO",
        "punt_global_2020": 285.32,
        "punt_global_2022": 298.8
      }
    },
    {
      "type": "Feature",
      "geometry": {
        "type": "Point",
        "coordinates": [
          -8250910.4888,
          514912.34479999915
        ]
      },
      "properties": {
        "DANE12_EST": "311001004846",
        "NOMBRE_EST": "COLEGIO BILINGÜE JOSE ALLAMANO",
        "ORDEN_DE_S": "A",
        "puntaje_2023": 326.54,
        "cole_caracter": "ACADÉMICO",
        "punt_global_2020": 327.91,
        "punt_global_2022": 327.83
      }
    },
    {
      "type": "Feature",
      "geometry": {
        "type": "Point",
        "coordinates": [
          -8254088.6603,
          508427.2094999999
        ]
      },
      "properties": {
        "DANE12_EST": "311001004871",
        "NOMBRE_EST": "COLEGIO INTERAMERICANO",
        "ORDEN_DE_S": "A",
        "puntaje_2023": 280.38,
        "cole_caracter": "ACADÉMICO",
        "punt_global_2020": 269.26,
        "punt_global_2022": 275.16
      }
    },
    {
      "type": "Feature",
      "geometry": {
        "type": "Point",
        "coordinates": [
          -8252876.391000001,
          511644.58359999955
        ]
      },
      "properties": {
        "DANE12_EST": "311001004897",
        "NOMBRE_EST": "COLEGIO NUESTRA SEÑORA DE FATIMA POLINAL",
        "ORDEN_DE_S": "A",
        "puntaje_2023": 298.46,
        "cole_caracter": "TÉCNICO",
        "punt_global_2020": 291.42,
        "punt_global_2022": 288.18
      }
    },
    {
      "type": "Feature",
      "geometry": {
        "type": "Point",
        "coordinates": [
          -8248554.9684,
          510165.98259999976
        ]
      },
      "properties": {
        "DANE12_EST": "311001004986",
        "NOMBRE_EST": "COLEGIO NUESTRA SEÑORA DE LA SABIDURIA",
        "ORDEN_DE_S": "A",
        "puntaje_2023": 308.08,
        "cole_caracter": "ACADÉMICO",
        "punt_global_2020": 294.55,
        "punt_global_2022": 308.17
      }
    },
    {
      "type": "Feature",
      "geometry": {
        "type": "Point",
        "coordinates": [
          -8256311.7105,
          511301.7333999984
        ]
      },
      "properties": {
        "DANE12_EST": "311001005109",
        "NOMBRE_EST": "COLEGIO COOPERATIVO MONSEÑOR ISMAEL PERDOMO",
        "ORDEN_DE_S": "A",
        "puntaje_2023": 284.62,
        "cole_caracter": "ACADÉMICO",
        "punt_global_2020": 276.12,
        "punt_global_2022": 274.94
      }
    },
    {
      "type": "Feature",
      "geometry": {
        "type": "Point",
        "coordinates": [
          -8250705.6609000005,
          519995.1766999997
        ]
      },
      "properties": {
        "DANE12_EST": "311001005176",
        "NOMBRE_EST": "LICEO NAVARRA",
        "ORDEN_DE_S": "A",
        "puntaje_2023": 361.54,
        "cole_caracter": "ACADÉMICO",
        "punt_global_2020": 360.14,
        "punt_global_2022": 353.89
      }
    },
    {
      "type": "Feature",
      "geometry": {
        "type": "Point",
        "coordinates": [
          -8244004.227600001,
          531201.8062000014
        ]
      },
      "properties": {
        "DANE12_EST": "311001005222",
        "NOMBRE_EST": "LICEO ROCELY",
        "ORDEN_DE_S": "A",
        "puntaje_2023": 263.46,
        "cole_caracter": "ACADÉMICO",
        "punt_global_2020": 266.77,
        "punt_global_2022": 302.38
      }
    },
    {
      "type": "Feature",
      "geometry": {
        "type": "Point",
        "coordinates": [
          -8252183.9838,
          516225.74130000174
        ]
      },
      "properties": {
        "DANE12_EST": "311001005231",
        "NOMBRE_EST": "INSTITUTO MARSELLA",
        "ORDEN_DE_S": "A",
        "puntaje_2023": 308.85,
        "cole_caracter": "ACADÉMICO",
        "punt_global_2020": 301.23,
        "punt_global_2022": 311.45
      }
    },
    {
      "type": "Feature",
      "geometry": {
        "type": "Point",
        "coordinates": [
          -8247974.993799999,
          524325.5045000017
        ]
      },
      "properties": {
        "DANE12_EST": "311001005249",
        "NOMBRE_EST": "LICEO LA ESPAÑOLA GABRIEL ANZOLA GOMEZ",
        "ORDEN_DE_S": "A",
        "puntaje_2023": 280.38,
        "cole_caracter": "ACADÉMICO",
        "punt_global_2020": 259.69,
        "punt_global_2022": 284.23
      }
    },
    {
      "type": "Feature",
      "geometry": {
        "type": "Point",
        "coordinates": [
          -8247848.0896000005,
          522455.7384000011
        ]
      },
      "properties": {
        "DANE12_EST": "311001005273",
        "NOMBRE_EST": "INSTITUTO HENAO Y ARRUBLA",
        "ORDEN_DE_S": "A",
        "puntaje_2023": 270.38,
        "cole_caracter": "ACADÉMICO",
        "punt_global_2020": 264.25,
        "punt_global_2022": 300.57
      }
    },
    {
      "type": "Feature",
      "geometry": {
        "type": "Point",
        "coordinates": [
          -8252389.924799999,
          508815.83370000124
        ]
      },
      "properties": {
        "DANE12_EST": "311001005311",
        "NOMBRE_EST": "COLEGIO PEDRO DE HEREDIA",
        "ORDEN_DE_S": "A",
        "puntaje_2023": 291.92,
        "cole_caracter": "ACADÉMICO",
        "punt_global_2020": 265.63,
        "punt_global_2022": 296.68
      }
    },
    {
      "type": "Feature",
      "geometry": {
        "type": "Point",
        "coordinates": [
          -8245799.811000001,
          512366.0258000009
        ]
      },
      "properties": {
        "DANE12_EST": "311001005451",
        "NOMBRE_EST": "INSTITUTO DE BACHILLERATO TECNICO COMERCIAL PITAGORAS",
        "ORDEN_DE_S": "A",
        "puntaje_2023": 260.77,
        "cole_caracter": "TÉCNICO/ACADÉMICO",
        "punt_global_2020": 244.03,
        "punt_global_2022": 250.38
      }
    },
    {
      "type": "Feature",
      "geometry": {
        "type": "Point",
        "coordinates": [
          -8247877.0327,
          507157.49340000004
        ]
      },
      "properties": {
        "DANE12_EST": "311001005508",
        "NOMBRE_EST": "COLEGIO PARROQUIAL ADVENIAT",
        "ORDEN_DE_S": "A",
        "puntaje_2023": 294.23,
        "cole_caracter": "ACADÉMICO",
        "punt_global_2020": 287.88,
        "punt_global_2022": 297.88
      }
    },
    {
      "type": "Feature",
      "geometry": {
        "type": "Point",
        "coordinates": [
          -8255448.9844,
          515080.9855000004
        ]
      },
      "properties": {
        "DANE12_EST": "311001005681",
        "NOMBRE_EST": "COLEGIO ATENIENSE",
        "ORDEN_DE_S": "A",
        "puntaje_2023": 254.23,
        "cole_caracter": "ACADÉMICO",
        "punt_global_2020": 272.03,
        "punt_global_2022": 262.91
      }
    },
    {
      "type": "Feature",
      "geometry": {
        "type": "Point",
        "coordinates": [
          -8248398.0079,
          510637.2558000013
        ]
      },
      "properties": {
        "DANE12_EST": "311001005737",
        "NOMBRE_EST": "COLEGIO COOPERATIVO DEL MAGISTERIO DE CUNDINAMARCA",
        "ORDEN_DE_S": "A",
        "puntaje_2023": 287.69,
        "cole_caracter": "ACADÉMICO",
        "punt_global_2020": 279.8,
        "punt_global_2022": 292.06
      }
    },
    {
      "type": "Feature",
      "geometry": {
        "type": "Point",
        "coordinates": [
          -8247905.9758,
          514001.0212999992
        ]
      },
      "properties": {
        "DANE12_EST": "311001005931",
        "NOMBRE_EST": "COLEGIO SAN JOSE",
        "ORDEN_DE_S": "A",
        "puntaje_2023": 313.08,
        "cole_caracter": "ACADÉMICO",
        "punt_global_2020": 304.84,
        "punt_global_2022": 307.8
      }
    },
    {
      "type": "Feature",
      "geometry": {
        "type": "Point",
        "coordinates": [
          -8252119.418500001,
          508808.0164999999
        ]
      },
      "properties": {
        "DANE12_EST": "311001006032",
        "NOMBRE_EST": "EXTERNADO PORFIRIO BARBA JACOB",
        "ORDEN_DE_S": "A",
        "puntaje_2023": 291.54,
        "cole_caracter": "TÉCNICO/ACADÉMICO",
        "punt_global_2020": 276.39,
        "punt_global_2022": 289.1
      }
    },
    {
      "type": "Feature",
      "geometry": {
        "type": "Point",
        "coordinates": [
          -8242769.694399999,
          535028.9422000013
        ]
      },
      "properties": {
        "DANE12_EST": "311001006067",
        "NOMBRE_EST": "GIMNASIO CHARLES DE GAULLE",
        "ORDEN_DE_S": "A",
        "puntaje_2023": 294.62,
        "cole_caracter": "ACADÉMICO",
        "punt_global_2020": 277.83,
        "punt_global_2022": 280.0
      }
    },
    {
      "type": "Feature",
      "geometry": {
        "type": "Point",
        "coordinates": [
          -8253047.823000001,
          520960.1812000014
        ]
      },
      "properties": {
        "DANE12_EST": "311001006130",
        "NOMBRE_EST": "INSTITUTO INFANTIL Y JUVENIL",
        "ORDEN_DE_S": "A",
        "puntaje_2023": 309.23,
        "cole_caracter": "ACADÉMICO",
        "punt_global_2020": 315.06,
        "punt_global_2022": 312.39
      }
    },
    {
      "type": "Feature",
      "geometry": {
        "type": "Point",
        "coordinates": [
          -8245758.6228,
          512396.17909999937
        ]
      },
      "properties": {
        "DANE12_EST": "311001006351",
        "NOMBRE_EST": "COLEGIO TIRSO DE MOLINA",
        "ORDEN_DE_S": "A",
        "puntaje_2023": 265.38,
        "cole_caracter": "ACADÉMICO",
        "punt_global_2020": 282.33,
        "punt_global_2022": 280.35
      }
    },
    {
      "type": "Feature",
      "geometry": {
        "type": "Point",
        "coordinates": [
          -8247505.2256000005,
          515575.74130000174
        ]
      },
      "properties": {
        "DANE12_EST": "311001006407",
        "NOMBRE_EST": "GIMNASIO ANTONIO NARIÑO",
        "ORDEN_DE_S": "A",
        "puntaje_2023": 310.77,
        "cole_caracter": "ACADÉMICO",
        "punt_global_2020": 302.84,
        "punt_global_2022": 332.31
      }
    },
    {
      "type": "Feature",
      "geometry": {
        "type": "Point",
        "coordinates": [
          -8255099.441199999,
          513576.6339999996
        ]
      },
      "properties": {
        "DANE12_EST": "311001006423",
        "NOMBRE_EST": "COLEGIO SANTA LUISA",
        "ORDEN_DE_S": "A",
        "puntaje_2023": 316.15,
        "cole_caracter": "ACADÉMICO",
        "punt_global_2020": 300.18,
        "punt_global_2022": 307.66
      }
    },
    {
      "type": "Feature",
      "geometry": {
        "type": "Point",
        "coordinates": [
          -8251110.8639,
          510404.9690999985
        ]
      },
      "properties": {
        "DANE12_EST": "311001006466",
        "NOMBRE_EST": "COLEGIO PARROQUIAL SAN LUIS GONZAGA",
        "ORDEN_DE_S": "A",
        "puntaje_2023": 307.31,
        "cole_caracter": "ACADÉMICO",
        "punt_global_2020": 289.93,
        "punt_global_2022": 302.03
      }
    },
    {
      "type": "Feature",
      "geometry": {
        "type": "Point",
        "coordinates": [
          -8248076.294600001,
          507030.1878999993
        ]
      },
      "properties": {
        "DANE12_EST": "311001006601",
        "NOMBRE_EST": "CENTRO COMERCIAL MADRE ELISA RONCALLO",
        "ORDEN_DE_S": "A",
        "puntaje_2023": 293.08,
        "cole_caracter": "TÉCNICO",
        "punt_global_2020": 283.06,
        "punt_global_2022": 272.42
      }
    },
    {
      "type": "Feature",
      "geometry": {
        "type": "Point",
        "coordinates": [
          -8247472.9429,
          510351.36459999904
        ]
      },
      "properties": {
        "DANE12_EST": "311001006610",
        "NOMBRE_EST": "COLEGIO ISAAC NEWTON",
        "ORDEN_DE_S": "A",
        "puntaje_2023": 256.54,
        "cole_caracter": "ACADÉMICO",
        "punt_global_2020": 261.66,
        "punt_global_2022": 275.46
      }
    },
    {
      "type": "Feature",
      "geometry": {
        "type": "Point",
        "coordinates": [
          -8244239.1117,
          518621.4059999995
        ]
      },
      "properties": {
        "DANE12_EST": "311001006784",
        "NOMBRE_EST": "GIMNASIO LOS CIPRESES",
        "ORDEN_DE_S": "A",
        "puntaje_2023": 278.08,
        "cole_caracter": "ACADÉMICO",
        "punt_global_2020": 293.0,
        "punt_global_2022": null
      }
    },
    {
      "type": "Feature",
      "geometry": {
        "type": "Point",
        "coordinates": [
          -8244939.3113,
          513760.9070999995
        ]
      },
      "properties": {
        "DANE12_EST": "311001007021",
        "NOMBRE_EST": "COLEGIO RAMON B JIMENO",
        "ORDEN_DE_S": "A",
        "puntaje_2023": 300.38,
        "cole_caracter": "ACADÉMICO",
        "punt_global_2020": 277.89,
        "punt_global_2022": 281.19
      }
    },
    {
      "type": "Feature",
      "geometry": {
        "type": "Point",
        "coordinates": [
          -8245118.535700001,
          517979.20430000126
        ]
      },
      "properties": {
        "DANE12_EST": "311001007080",
        "NOMBRE_EST": "COLEGIO ANTONIO NARIÑO H.H. CORAZONISTAS",
        "ORDEN_DE_S": "A",
        "puntaje_2023": 350.0,
        "cole_caracter": "ACADÉMICO",
        "punt_global_2020": 331.2,
        "punt_global_2022": 342.96
      }
    },
    {
      "type": "Feature",
      "geometry": {
        "type": "Point",
        "coordinates": [
          -8251787.6864,
          512433.0331999995
        ]
      },
      "properties": {
        "DANE12_EST": "311001007403",
        "NOMBRE_EST": "INSTITUTO CEMODEN",
        "ORDEN_DE_S": "A",
        "puntaje_2023": 325.0,
        "cole_caracter": "ACADÉMICO",
        "punt_global_2020": 313.63,
        "punt_global_2022": 315.3
      }
    },
    {
      "type": "Feature",
      "geometry": {
        "type": "Point",
        "coordinates": [
          -8244083.2644,
          531120.2609999999
        ]
      },
      "properties": {
        "DANE12_EST": "311001007632",
        "NOMBRE_EST": "FUNDACION COLEGIO EMILIO VALENZUELA",
        "ORDEN_DE_S": "A",
        "puntaje_2023": 323.46,
        "cole_caracter": "ACADÉMICO",
        "punt_global_2020": 301.97,
        "punt_global_2022": 323.23
      }
    },
    {
      "type": "Feature",
      "geometry": {
        "type": "Point",
        "coordinates": [
          -8253296.0655000005,
          511825.5020000003
        ]
      },
      "properties": {
        "DANE12_EST": "311001008213",
        "NOMBRE_EST": "COLEGIO COOPERATIVO VENECIA",
        "ORDEN_DE_S": "A",
        "puntaje_2023": 267.31,
        "cole_caracter": "ACADÉMICO",
        "punt_global_2020": 266.59,
        "punt_global_2022": 279.79
      }
    },
    {
      "type": "Feature",
      "geometry": {
        "type": "Point",
        "coordinates": [
          -8254304.620100001,
          515670.6722000018
        ]
      },
      "properties": {
        "DANE12_EST": "311001008523",
        "NOMBRE_EST": "GIMNASIO MILITAR FUERZA AEREA DE COLOMBIA",
        "ORDEN_DE_S": "A",
        "puntaje_2023": 307.69,
        "cole_caracter": "ACADÉMICO",
        "punt_global_2020": 304.11,
        "punt_global_2022": 314.31
      }
    },
    {
      "type": "Feature",
      "geometry": {
        "type": "Point",
        "coordinates": [
          -8245563.8137,
          513161.1832999997
        ]
      },
      "properties": {
        "DANE12_EST": "311001008540",
        "NOMBRE_EST": "COLEGIO SIGLO XXI",
        "ORDEN_DE_S": "A",
        "puntaje_2023": 179.62,
        "cole_caracter": "ACADÉMICO",
        "punt_global_2020": 244.0,
        "punt_global_2022": 260.0
      }
    },
    {
      "type": "Feature",
      "geometry": {
        "type": "Point",
        "coordinates": [
          -8249801.7467,
          513714.0012000017
        ]
      },
      "properties": {
        "DANE12_EST": "311001008591",
        "NOMBRE_EST": "COLEGIO LUIS CONCHA CORDOBA",
        "ORDEN_DE_S": "A",
        "puntaje_2023": 276.54,
        "cole_caracter": "ACADÉMICO",
        "punt_global_2020": 267.58,
        "punt_global_2022": 280.21
      }
    },
    {
      "type": "Feature",
      "geometry": {
        "type": "Point",
        "coordinates": [
          -8249529.013900001,
          520226.3746000007
        ]
      },
      "properties": {
        "DANE12_EST": "311001008621",
        "NOMBRE_EST": "COLEGIO REAL ESCANDINAVO",
        "ORDEN_DE_S": "A",
        "puntaje_2023": 337.31,
        "cole_caracter": "ACADÉMICO",
        "punt_global_2020": 334.48,
        "punt_global_2022": 323.94
      }
    },
    {
      "type": "Feature",
      "geometry": {
        "type": "Point",
        "coordinates": [
          -8249626.975099999,
          519482.5229000002
        ]
      },
      "properties": {
        "DANE12_EST": "311001008680",
        "NOMBRE_EST": "INSTITUTO TECNICO INDUSTRIAL CENTRO DON BOSCO",
        "ORDEN_DE_S": "A",
        "puntaje_2023": 309.23,
        "cole_caracter": "TÉCNICO",
        "punt_global_2020": 301.62,
        "punt_global_2022": 308.65
      }
    },
    {
      "type": "Feature",
      "geometry": {
        "type": "Point",
        "coordinates": [
          -8248649.59,
          511712.7071999982
        ]
      },
      "properties": {
        "DANE12_EST": "311001008931",
        "NOMBRE_EST": "INSTITUTO TECNICO COMERCIAL RESTREPO",
        "ORDEN_DE_S": "A",
        "puntaje_2023": 310.38,
        "cole_caracter": "TÉCNICO/ACADÉMICO",
        "punt_global_2020": 298.5,
        "punt_global_2022": 321.5
      }
    },
    {
      "type": "Feature",
      "geometry": {
        "type": "Point",
        "coordinates": [
          -8247210.2289,
          511818.8013000004
        ]
      },
      "properties": {
        "DANE12_EST": "311001008949",
        "NOMBRE_EST": "INSTITUTO SAN BERNARDO DE LA SALLE",
        "ORDEN_DE_S": "A",
        "puntaje_2023": 314.62,
        "cole_caracter": "ACADÉMICO",
        "punt_global_2020": 309.17,
        "punt_global_2022": 299.85
      }
    },
    {
      "type": "Feature",
      "geometry": {
        "type": "Point",
        "coordinates": [
          -8252757.279200001,
          515561.22250000015
        ]
      },
      "properties": {
        "DANE12_EST": "311001008990",
        "NOMBRE_EST": "COLEGIO SUPERIOR AMERICANO",
        "ORDEN_DE_S": "A",
        "puntaje_2023": 306.92,
        "cole_caracter": "ACADÉMICO",
        "punt_global_2020": 300.98,
        "punt_global_2022": 312.71
      }
    },
    {
      "type": "Feature",
      "geometry": {
        "type": "Point",
        "coordinates": [
          -8250277.0809,
          510580.3007999994
        ]
      },
      "properties": {
        "DANE12_EST": "311001009007",
        "NOMBRE_EST": "COLEGIO PARROQUIAL DE NUESTRA SEÑORA",
        "ORDEN_DE_S": "A",
        "puntaje_2023": 296.92,
        "cole_caracter": "ACADÉMICO",
        "punt_global_2020": 295.82,
        "punt_global_2022": 284.96
      }
    },
    {
      "type": "Feature",
      "geometry": {
        "type": "Point",
        "coordinates": [
          -8245544.8894,
          515947.6479000002
        ]
      },
      "properties": {
        "DANE12_EST": "311001009023",
        "NOMBRE_EST": "COLEGIO CHAMPAGNAT",
        "ORDEN_DE_S": "A",
        "puntaje_2023": 330.0,
        "cole_caracter": "ACADÉMICO",
        "punt_global_2020": 318.39,
        "punt_global_2022": 326.68
      }
    },
    {
      "type": "Feature",
      "geometry": {
        "type": "Point",
        "coordinates": [
          -8247704.487500001,
          523672.0865000002
        ]
      },
      "properties": {
        "DANE12_EST": "311001009031",
        "NOMBRE_EST": "COLEGIO EL MINUTO DE DIOS",
        "ORDEN_DE_S": "A",
        "puntaje_2023": 314.23,
        "cole_caracter": "ACADÉMICO",
        "punt_global_2020": 295.83,
        "punt_global_2022": 312.06
      }
    },
    {
      "type": "Feature",
      "geometry": {
        "type": "Point",
        "coordinates": [
          -8245975.695800001,
          512043.2745999992
        ]
      },
      "properties": {
        "DANE12_EST": "311001009121",
        "NOMBRE_EST": "COLEGIO SALESIANO DE LEON XIII",
        "ORDEN_DE_S": "A",
        "puntaje_2023": 306.54,
        "cole_caracter": "ACADÉMICO",
        "punt_global_2020": 296.78,
        "punt_global_2022": 299.64
      }
    },
    {
      "type": "Feature",
      "geometry": {
        "type": "Point",
        "coordinates": [
          -8250200.270500001,
          511537.3729999997
        ]
      },
      "properties": {
        "DANE12_EST": "311001009236",
        "NOMBRE_EST": "ESCUELA NORMAL SUPERIOR NUESTRA SEÑORA DE LA PAZ",
        "ORDEN_DE_S": "A",
        "puntaje_2023": 260.77,
        "cole_caracter": "TÉCNICO/ACADÉMICO",
        "punt_global_2020": 273.85,
        "punt_global_2022": 286.19
      }
    },
    {
      "type": "Feature",
      "geometry": {
        "type": "Point",
        "coordinates": [
          -8247578.6965,
          510603.75279999897
        ]
      },
      "properties": {
        "DANE12_EST": "311001009341",
        "NOMBRE_EST": "COLEGIO DE NUESTRA SEÑORA DEL PILAR SUR",
        "ORDEN_DE_S": "A",
        "puntaje_2023": 299.62,
        "cole_caracter": "ACADÉMICO",
        "punt_global_2020": 297.57,
        "punt_global_2022": 294.14
      }
    },
    {
      "type": "Feature",
      "geometry": {
        "type": "Point",
        "coordinates": [
          -8245755.2831999995,
          529234.692400001
        ]
      },
      "properties": {
        "DANE12_EST": "311001010048",
        "NOMBRE_EST": "COLEGIO ALVERNIA BILINGÜE",
        "ORDEN_DE_S": "A",
        "puntaje_2023": 319.62,
        "cole_caracter": "ACADÉMICO",
        "punt_global_2020": 315.75,
        "punt_global_2022": 315.14
      }
    },
    {
      "type": "Feature",
      "geometry": {
        "type": "Point",
        "coordinates": [
          -8249231.790899999,
          509880.0931000002
        ]
      },
      "properties": {
        "DANE12_EST": "311001010099",
        "NOMBRE_EST": "GIMNASIO SAN JOSE",
        "ORDEN_DE_S": "A",
        "puntaje_2023": 281.54,
        "cole_caracter": "ACADÉMICO",
        "punt_global_2020": 276.33,
        "punt_global_2022": 296.0
      }
    },
    {
      "type": "Feature",
      "geometry": {
        "type": "Point",
        "coordinates": [
          -8254856.764799999,
          514627.5551000014
        ]
      },
      "properties": {
        "DANE12_EST": "311001010366",
        "NOMBRE_EST": "COLEGIO MILITAR COOPERATIVO JUSTINIANO QUIÑONEZ ANGULO",
        "ORDEN_DE_S": "A",
        "puntaje_2023": 273.08,
        "cole_caracter": "ACADÉMICO",
        "punt_global_2020": 263.29,
        "punt_global_2022": 286.06
      }
    },
    {
      "type": "Feature",
      "geometry": {
        "type": "Point",
        "coordinates": [
          -8253653.4011,
          512378.3104999997
        ]
      },
      "properties": {
        "DANE12_EST": "311001010382",
        "NOMBRE_EST": "COLEGIO PARROQUIAL SAN ANDRES APOSTOL",
        "ORDEN_DE_S": "A",
        "puntaje_2023": 276.15,
        "cole_caracter": "ACADÉMICO",
        "punt_global_2020": 267.83,
        "punt_global_2022": 273.57
      }
    },
    {
      "type": "Feature",
      "geometry": {
        "type": "Point",
        "coordinates": [
          -8252647.072899999,
          515607.0126999989
        ]
      },
      "properties": {
        "DANE12_EST": "311001010617",
        "NOMBRE_EST": "COLEGIO INTEGRACION MODERNA",
        "ORDEN_DE_S": "A",
        "puntaje_2023": 294.62,
        "cole_caracter": "ACADÉMICO",
        "punt_global_2020": 298.52,
        "punt_global_2022": 298.55
      }
    },
    {
      "type": "Feature",
      "geometry": {
        "type": "Point",
        "coordinates": [
          -8242419.0381000005,
          529885.9233000018
        ]
      },
      "properties": {
        "DANE12_EST": "311001010781",
        "NOMBRE_EST": "COLEGIO CALASANZ",
        "ORDEN_DE_S": "A",
        "puntaje_2023": 335.77,
        "cole_caracter": "ACADÉMICO",
        "punt_global_2020": 335.85,
        "punt_global_2022": 341.64
      }
    },
    {
      "type": "Feature",
      "geometry": {
        "type": "Point",
        "coordinates": [
          -8244862.5009,
          514915.69530000165
        ]
      },
      "properties": {
        "DANE12_EST": "311001010820",
        "NOMBRE_EST": "COLEGIO SAN BARTOLOME LA MERCED",
        "ORDEN_DE_S": "A",
        "puntaje_2023": 342.31,
        "cole_caracter": "ACADÉMICO",
        "punt_global_2020": 340.31,
        "punt_global_2022": 336.84
      }
    },
    {
      "type": "Feature",
      "geometry": {
        "type": "Point",
        "coordinates": [
          -8249498.957699999,
          520340.29850000143
        ]
      },
      "properties": {
        "DANE12_EST": "311001011109",
        "NOMBRE_EST": "COLEGIO RR OBLATAS AL DIVINO AMOR",
        "ORDEN_DE_S": "A",
        "puntaje_2023": 324.62,
        "cole_caracter": "ACADÉMICO",
        "punt_global_2020": 307.38,
        "punt_global_2022": 321.7
      }
    },
    {
      "type": "Feature",
      "geometry": {
        "type": "Point",
        "coordinates": [
          -8249533.466700001,
          512897.618999999
        ]
      },
      "properties": {
        "DANE12_EST": "311001011281",
        "NOMBRE_EST": "COLEGIO PARROQUIAL CONFRATERNIDAD DE LA DOCTRINA CRISTIANA",
        "ORDEN_DE_S": "A",
        "puntaje_2023": 266.54,
        "cole_caracter": "ACADÉMICO",
        "punt_global_2020": 270.7,
        "punt_global_2022": 274.83
      }
    },
    {
      "type": "Feature",
      "geometry": {
        "type": "Point",
        "coordinates": [
          -8247427.301899999,
          526370.6823999994
        ]
      },
      "properties": {
        "DANE12_EST": "311001011460",
        "NOMBRE_EST": "COLEGIO SAN JOSE DE CALASANZ",
        "ORDEN_DE_S": "A",
        "puntaje_2023": 319.23,
        "cole_caracter": "ACADÉMICO",
        "punt_global_2020": 313.13,
        "punt_global_2022": 318.58
      }
    },
    {
      "type": "Feature",
      "geometry": {
        "type": "Point",
        "coordinates": [
          -8247825.8257,
          511997.48640000075
        ]
      },
      "properties": {
        "DANE12_EST": "311001011532",
        "NOMBRE_EST": "COLEGIO NUESTRA SEÑORA DE LA PAZ",
        "ORDEN_DE_S": "A",
        "puntaje_2023": 293.85,
        "cole_caracter": "ACADÉMICO",
        "punt_global_2020": 265.32,
        "punt_global_2022": 307.92
      }
    },
    {
      "type": "Feature",
      "geometry": {
        "type": "Point",
        "coordinates": [
          -8249635.8806,
          512152.7195000015
        ]
      },
      "properties": {
        "DANE12_EST": "311001011613",
        "NOMBRE_EST": "COLEGIO PARROQUIAL DEL SANTO CURA DE ARS",
        "ORDEN_DE_S": "A",
        "puntaje_2023": 291.15,
        "cole_caracter": "ACADÉMICO",
        "punt_global_2020": 279.23,
        "punt_global_2022": 288.17
      }
    },
    {
      "type": "Feature",
      "geometry": {
        "type": "Point",
        "coordinates": [
          -8245690.7179000005,
          519801.95380000025
        ]
      },
      "properties": {
        "DANE12_EST": "311001011800",
        "NOMBRE_EST": "COLEGIO SANTA ROSA DE LIMA",
        "ORDEN_DE_S": "A",
        "puntaje_2023": 286.54,
        "cole_caracter": "ACADÉMICO",
        "punt_global_2020": 276.94,
        "punt_global_2022": 292.63
      }
    },
    {
      "type": "Feature",
      "geometry": {
        "type": "Point",
        "coordinates": [
          -8251862.270500001,
          510886.29459999874
        ]
      },
      "properties": {
        "DANE12_EST": "311001012598",
        "NOMBRE_EST": "COLEGIO PARROQUIAL DEL INMACULADO CORAZON DE MARIA",
        "ORDEN_DE_S": "A",
        "puntaje_2023": 303.08,
        "cole_caracter": "ACADÉMICO",
        "punt_global_2020": 293.34,
        "punt_global_2022": 301.58
      }
    },
    {
      "type": "Feature",
      "geometry": {
        "type": "Point",
        "coordinates": [
          -8251875.628799999,
          513451.5518000014
        ]
      },
      "properties": {
        "DANE12_EST": "311001015112",
        "NOMBRE_EST": "COLEGIO PARROQUIAL MONSEÑOR EMILIO DE BRIGARD",
        "ORDEN_DE_S": "A",
        "puntaje_2023": 289.23,
        "cole_caracter": "ACADÉMICO",
        "punt_global_2020": 291.69,
        "punt_global_2022": 289.0
      }
    },
    {
      "type": "Feature",
      "geometry": {
        "type": "Point",
        "coordinates": [
          -8253720.1928,
          515634.93349999934
        ]
      },
      "properties": {
        "DANE12_EST": "311001016607",
        "NOMBRE_EST": "COLEGIO MANDALAY",
        "ORDEN_DE_S": "A",
        "puntaje_2023": 263.08,
        "cole_caracter": "ACADÉMICO",
        "punt_global_2020": 268.55,
        "punt_global_2022": 276.14
      }
    },
    {
      "type": "Feature",
      "geometry": {
        "type": "Point",
        "coordinates": [
          -8253532.0627999995,
          506945.3176999986
        ]
      },
      "properties": {
        "DANE12_EST": "311001016631",
        "NOMBRE_EST": "LICEO ATENEO COMERCIAL",
        "ORDEN_DE_S": "A",
        "puntaje_2023": 270.38,
        "cole_caracter": "ACADÉMICO",
        "punt_global_2020": 262.38,
        "punt_global_2022": 272.71
      }
    },
    {
      "type": "Feature",
      "geometry": {
        "type": "Point",
        "coordinates": [
          -8244348.2048,
          529732.8891000003
        ]
      },
      "properties": {
        "DANE12_EST": "311001016658",
        "NOMBRE_EST": "LICEO MODERNO CAMPESTRE",
        "ORDEN_DE_S": "A",
        "puntaje_2023": 287.31,
        "cole_caracter": "ACADÉMICO",
        "punt_global_2020": null,
        "punt_global_2022": 284.92
      }
    },
    {
      "type": "Feature",
      "geometry": {
        "type": "Point",
        "coordinates": [
          -8251339.0688000005,
          509916.94590000063
        ]
      },
      "properties": {
        "DANE12_EST": "311001016828",
        "NOMBRE_EST": "INSTITUTO SAN ANTONIO DE PADUA",
        "ORDEN_DE_S": "A",
        "puntaje_2023": 285.0,
        "cole_caracter": "ACADÉMICO",
        "punt_global_2020": 282.78,
        "punt_global_2022": 282.52
      }
    },
    {
      "type": "Feature",
      "geometry": {
        "type": "Point",
        "coordinates": [
          -8248214.330700001,
          524628.2008000016
        ]
      },
      "properties": {
        "DANE12_EST": "311001016836",
        "NOMBRE_EST": "COLEGIO MONTERREY",
        "ORDEN_DE_S": "A",
        "puntaje_2023": 257.12,
        "cole_caracter": "ACADÉMICO",
        "punt_global_2020": 267.84,
        "punt_global_2022": 268.5
      }
    },
    {
      "type": "Feature",
      "geometry": {
        "type": "Point",
        "coordinates": [
          -8252142.795600001,
          513880.40569999814
        ]
      },
      "properties": {
        "DANE12_EST": "311001016933",
        "NOMBRE_EST": "COLEGIO MI PATRIA",
        "ORDEN_DE_S": "A",
        "puntaje_2023": 276.54,
        "cole_caracter": "ACADÉMICO",
        "punt_global_2020": 260.55,
        "punt_global_2022": 248.39
      }
    },
    {
      "type": "Feature",
      "geometry": {
        "type": "Point",
        "coordinates": [
          -8244968.2544,
          518938.59970000014
        ]
      },
      "properties": {
        "DANE12_EST": "311001016976",
        "NOMBRE_EST": "COLEGIO MERCEDARIO SAN PEDRO NOLASCO",
        "ORDEN_DE_S": "A",
        "puntaje_2023": 290.38,
        "cole_caracter": "ACADÉMICO",
        "punt_global_2020": 289.94,
        "punt_global_2022": 305.55
      }
    },
    {
      "type": "Feature",
      "geometry": {
        "type": "Point",
        "coordinates": [
          -8250159.0822,
          514950.3167999983
        ]
      },
      "properties": {
        "DANE12_EST": "311001016984",
        "NOMBRE_EST": "LICEO AVENIDA LAS AMERICAS",
        "ORDEN_DE_S": "A",
        "puntaje_2023": 299.62,
        "cole_caracter": "ACADÉMICO",
        "punt_global_2020": 305.59,
        "punt_global_2022": 310.74
      }
    },
    {
      "type": "Feature",
      "geometry": {
        "type": "Point",
        "coordinates": [
          -8244590.8813000005,
          520112.4508999996
        ]
      },
      "properties": {
        "DANE12_EST": "311001017344",
        "NOMBRE_EST": "LICEO CATOLICO",
        "ORDEN_DE_S": "A",
        "puntaje_2023": 310.38,
        "cole_caracter": "TÉCNICO/ACADÉMICO",
        "punt_global_2020": 282.14,
        "punt_global_2022": 305.19
      }
    },
    {
      "type": "Feature",
      "geometry": {
        "type": "Point",
        "coordinates": [
          -8245768.6415,
          512181.7558999993
        ]
      },
      "properties": {
        "DANE12_EST": "311001017417",
        "NOMBRE_EST": "COLEGIO LOS ANGELES",
        "ORDEN_DE_S": "A",
        "puntaje_2023": 322.69,
        "cole_caracter": "TÉCNICO/ACADÉMICO",
        "punt_global_2020": 305.33,
        "punt_global_2022": 313.0
      }
    },
    {
      "type": "Feature",
      "geometry": {
        "type": "Point",
        "coordinates": [
          -8244239.1117,
          518621.4059999995
        ]
      },
      "properties": {
        "DANE12_EST": "311001017492",
        "NOMBRE_EST": "CENTRO DE ESTUDIOS PSICOPEDAGOGICOS",
        "ORDEN_DE_S": "A",
        "puntaje_2023": 146.15,
        "cole_caracter": null,
        "punt_global_2020": null,
        "punt_global_2022": null
      }
    },
    {
      "type": "Feature",
      "geometry": {
        "type": "Point",
        "coordinates": [
          -8247230.2664,
          510135.8300999999
        ]
      },
      "properties": {
        "DANE12_EST": "311001017522",
        "NOMBRE_EST": "COLEGIO SAN JUAN BOSCO",
        "ORDEN_DE_S": "A",
        "puntaje_2023": 289.23,
        "cole_caracter": "ACADÉMICO",
        "punt_global_2020": 282.91,
        "punt_global_2022": 278.0
      }
    },
    {
      "type": "Feature",
      "geometry": {
        "type": "Point",
        "coordinates": [
          -8246668.103,
          513966.4001000002
        ]
      },
      "properties": {
        "DANE12_EST": "311001017557",
        "NOMBRE_EST": "COLEGIO DE NUESTRA SEÑORA DE LA PRESENTACION CENTRO",
        "ORDEN_DE_S": "A",
        "puntaje_2023": 301.92,
        "cole_caracter": "ACADÉMICO",
        "punt_global_2020": 296.45,
        "punt_global_2022": 306.66
      }
    },
    {
      "type": "Feature",
      "geometry": {
        "type": "Point",
        "coordinates": [
          -8254755.464,
          514006.6053000018
        ]
      },
      "properties": {
        "DANE12_EST": "311001017671",
        "NOMBRE_EST": "GIMNASIO NUEVA AMERICA",
        "ORDEN_DE_S": "A",
        "puntaje_2023": 286.92,
        "cole_caracter": "TÉCNICO/ACADÉMICO",
        "punt_global_2020": 269.32,
        "punt_global_2022": 272.32
      }
    },
    {
      "type": "Feature",
      "geometry": {
        "type": "Point",
        "coordinates": [
          -8240752.5853,
          528379.0527000017
        ]
      },
      "properties": {
        "DANE12_EST": "311001017891",
        "NOMBRE_EST": "COLEGIO JOSE MANUEL MARROQUIN",
        "ORDEN_DE_S": "A",
        "puntaje_2023": 291.15,
        "cole_caracter": "ACADÉMICO",
        "punt_global_2020": 293.73,
        "punt_global_2022": 287.2
      }
    },
    {
      "type": "Feature",
      "geometry": {
        "type": "Point",
        "coordinates": [
          -8250172.4406,
          523932.3361000009
        ]
      },
      "properties": {
        "DANE12_EST": "311001018499",
        "NOMBRE_EST": "COLEGIO ELISA BORRERO DE PASTRANA",
        "ORDEN_DE_S": "A",
        "puntaje_2023": 305.0,
        "cole_caracter": "TÉCNICO/ACADÉMICO",
        "punt_global_2020": 293.13,
        "punt_global_2022": 298.25
      }
    },
    {
      "type": "Feature",
      "geometry": {
        "type": "Point",
        "coordinates": [
          -8246374.2195999995,
          520546.92550000176
        ]
      },
      "properties": {
        "DANE12_EST": "311001018693",
        "NOMBRE_EST": "COLEGIO ALEXANDER HUMBOLDT",
        "ORDEN_DE_S": "A",
        "puntaje_2023": 270.0,
        "cole_caracter": "ACADÉMICO",
        "punt_global_2020": 261.46,
        "punt_global_2022": 284.89
      }
    },
    {
      "type": "Feature",
      "geometry": {
        "type": "Point",
        "coordinates": [
          -8247889.277799999,
          520275.5181999989
        ]
      },
      "properties": {
        "DANE12_EST": "311001019053",
        "NOMBRE_EST": "COLEGIO CAFAM",
        "ORDEN_DE_S": "A",
        "puntaje_2023": 319.62,
        "cole_caracter": "ACADÉMICO",
        "punt_global_2020": 319.15,
        "punt_global_2022": 327.86
      }
    },
    {
      "type": "Feature",
      "geometry": {
        "type": "Point",
        "coordinates": [
          -8250982.8465,
          523319.1314000003
        ]
      },
      "properties": {
        "DANE12_EST": "311001019061",
        "NOMBRE_EST": "COLEGIO COOPERATIVO DE LOS ALAMOS",
        "ORDEN_DE_S": "A",
        "puntaje_2023": 274.62,
        "cole_caracter": "ACADÉMICO",
        "punt_global_2020": 279.89,
        "punt_global_2022": 286.71
      }
    },
    {
      "type": "Feature",
      "geometry": {
        "type": "Point",
        "coordinates": [
          -8249366.487500001,
          522600.9397
        ]
      },
      "properties": {
        "DANE12_EST": "311001019444",
        "NOMBRE_EST": "COLEGIO JOSE JOAQUIN VARGAS",
        "ORDEN_DE_S": "A",
        "puntaje_2023": 282.31,
        "cole_caracter": "ACADÉMICO",
        "punt_global_2020": 298.63,
        "punt_global_2022": 289.32
      }
    },
    {
      "type": "Feature",
      "geometry": {
        "type": "Point",
        "coordinates": [
          -8242843.1653,
          520216.32250000164
        ]
      },
      "properties": {
        "DANE12_EST": "311001019568",
        "NOMBRE_EST": "LICEO FRANCES LOUIS PASTEUR",
        "ORDEN_DE_S": "A",
        "puntaje_2023": 332.69,
        "cole_caracter": "TÉCNICO/ACADÉMICO",
        "punt_global_2020": 339.83,
        "punt_global_2022": 341.39
      }
    },
    {
      "type": "Feature",
      "geometry": {
        "type": "Point",
        "coordinates": [
          -8243227.217599999,
          517874.21880000085
        ]
      },
      "properties": {
        "DANE12_EST": "311001019941",
        "NOMBRE_EST": "COLEGIO NUEVA GRANADA",
        "ORDEN_DE_S": "A",
        "puntaje_2023": 322.69,
        "cole_caracter": "ACADÉMICO",
        "punt_global_2020": 312.05,
        "punt_global_2022": 327.74
      }
    },
    {
      "type": "Feature",
      "geometry": {
        "type": "Point",
        "coordinates": [
          -8250339.4198,
          513148.8984999992
        ]
      },
      "properties": {
        "DANE12_EST": "311001020159",
        "NOMBRE_EST": "COLEGIO KAPEIROT",
        "ORDEN_DE_S": "A",
        "puntaje_2023": 303.46,
        "cole_caracter": "ACADÉMICO",
        "punt_global_2020": 299.69,
        "punt_global_2022": 307.13
      }
    },
    {
      "type": "Feature",
      "geometry": {
        "type": "Point",
        "coordinates": [
          -8247969.4279,
          507188.76150000095
        ]
      },
      "properties": {
        "DANE12_EST": "311001020191",
        "NOMBRE_EST": "COLEGIO SUR ORIENTAL PANAMERICANO",
        "ORDEN_DE_S": "A",
        "puntaje_2023": 245.77,
        "cole_caracter": "ACADÉMICO",
        "punt_global_2020": 238.04,
        "punt_global_2022": 252.96
      }
    },
    {
      "type": "Feature",
      "geometry": {
        "type": "Point",
        "coordinates": [
          -8253605.5337000005,
          510158.16530000046
        ]
      },
      "properties": {
        "DANE12_EST": "311001020213",
        "NOMBRE_EST": "LICEO CAMPESTRE CAFAM",
        "ORDEN_DE_S": "A",
        "puntaje_2023": 332.69,
        "cole_caracter": "ACADÉMICO",
        "punt_global_2020": 326.68,
        "punt_global_2022": 323.26
      }
    },
    {
      "type": "Feature",
      "geometry": {
        "type": "Point",
        "coordinates": [
          -8244832.444599999,
          511345.28759999946
        ]
      },
      "properties": {
        "DANE12_EST": "311001024383",
        "NOMBRE_EST": "LICEO MATER DEI",
        "ORDEN_DE_S": "A",
        "puntaje_2023": 260.0,
        "cole_caracter": "ACADÉMICO",
        "punt_global_2020": 245.33,
        "punt_global_2022": 274.0
      }
    },
    {
      "type": "Feature",
      "geometry": {
        "type": "Point",
        "coordinates": [
          -8251009.563200001,
          512694.36239999905
        ]
      },
      "properties": {
        "DANE12_EST": "311001024472",
        "NOMBRE_EST": "LICEO SAN BERNARDO",
        "ORDEN_DE_S": "A",
        "puntaje_2023": 286.54,
        "cole_caracter": "ACADÉMICO",
        "punt_global_2020": 259.46,
        "punt_global_2022": 278.5
      }
    },
    {
      "type": "Feature",
      "geometry": {
        "type": "Point",
        "coordinates": [
          -8247715.6194,
          527855.1735999994
        ]
      },
      "properties": {
        "DANE12_EST": "311001025053",
        "NOMBRE_EST": "INSTITUTO NUEVA AMERICA DE SUBA",
        "ORDEN_DE_S": "A",
        "puntaje_2023": 303.85,
        "cole_caracter": "ACADÉMICO",
        "punt_global_2020": 304.17,
        "punt_global_2022": 305.12
      }
    },
    {
      "type": "Feature",
      "geometry": {
        "type": "Point",
        "coordinates": [
          -8249260.733999999,
          509327.3018000014
        ]
      },
      "properties": {
        "DANE12_EST": "311001025207",
        "NOMBRE_EST": "COLEGIO ALVARO CAMARGO DE LA TORRE",
        "ORDEN_DE_S": "A",
        "puntaje_2023": 305.77,
        "cole_caracter": "ACADÉMICO",
        "punt_global_2020": 287.12,
        "punt_global_2022": 298.93
      }
    },
    {
      "type": "Feature",
      "geometry": {
        "type": "Point",
        "coordinates": [
          -8250789.150599999,
          524345.6097000018
        ]
      },
      "properties": {
        "DANE12_EST": "311001025878",
        "NOMBRE_EST": "COLEGIO PEDAGOGICO DEL ESPIRITU SANTO - COPES",
        "ORDEN_DE_S": "A",
        "puntaje_2023": 291.92,
        "cole_caracter": "ACADÉMICO",
        "punt_global_2020": 276.0,
        "punt_global_2022": 295.85
      }
    },
    {
      "type": "Feature",
      "geometry": {
        "type": "Point",
        "coordinates": [
          -8254157.678400001,
          511267.1134000011
        ]
      },
      "properties": {
        "DANE12_EST": "311001025894",
        "NOMBRE_EST": "COLEGIO COOPERATIVO NUEVO MUZU",
        "ORDEN_DE_S": "A",
        "puntaje_2023": 266.92,
        "cole_caracter": "ACADÉMICO",
        "punt_global_2020": 266.88,
        "punt_global_2022": 270.43
      }
    },
    {
      "type": "Feature",
      "geometry": {
        "type": "Point",
        "coordinates": [
          -8250349.4386,
          502882.81819999963
        ]
      },
      "properties": {
        "DANE12_EST": "311001025983",
        "NOMBRE_EST": "COLEGIO SANTA LIBRADA",
        "ORDEN_DE_S": "A",
        "puntaje_2023": 272.69,
        "cole_caracter": "TÉCNICO",
        "punt_global_2020": 248.76,
        "punt_global_2022": 269.07
      }
    },
    {
      "type": "Feature",
      "geometry": {
        "type": "Point",
        "coordinates": [
          -8249943.122400001,
          524267.42269999906
        ]
      },
      "properties": {
        "DANE12_EST": "311001026009",
        "NOMBRE_EST": "COLEGIO EL ESCORIAL",
        "ORDEN_DE_S": "A",
        "puntaje_2023": 251.92,
        "cole_caracter": "TÉCNICO/ACADÉMICO",
        "punt_global_2020": 244.55,
        "punt_global_2022": 275.0
      }
    },
    {
      "type": "Feature",
      "geometry": {
        "type": "Point",
        "coordinates": [
          -8253662.306600001,
          526203.1343999989
        ]
      },
      "properties": {
        "DANE12_EST": "311001026076",
        "NOMBRE_EST": "COLEGIO TOMAS ALVA EDISON",
        "ORDEN_DE_S": "A",
        "puntaje_2023": 279.23,
        "cole_caracter": "ACADÉMICO",
        "punt_global_2020": 286.82,
        "punt_global_2022": 289.35
      }
    },
    {
      "type": "Feature",
      "geometry": {
        "type": "Point",
        "coordinates": [
          -8250872.6402,
          528844.8502000012
        ]
      },
      "properties": {
        "DANE12_EST": "311001026211",
        "NOMBRE_EST": "INSTITUTO CULTURAL RAFAEL MAYA",
        "ORDEN_DE_S": "A",
        "puntaje_2023": 284.23,
        "cole_caracter": "ACADÉMICO",
        "punt_global_2020": 301.55,
        "punt_global_2022": 278.0
      }
    },
    {
      "type": "Feature",
      "geometry": {
        "type": "Point",
        "coordinates": [
          -8245223.176000001,
          511247.01150000095
        ]
      },
      "properties": {
        "DANE12_EST": "311001026441",
        "NOMBRE_EST": "COLEGIO LOS PINOS (IED)",
        "ORDEN_DE_S": "A",
        "puntaje_2023": 233.46,
        "cole_caracter": "ACADÉMICO",
        "punt_global_2020": 240.91,
        "punt_global_2022": 222.63
      }
    },
    {
      "type": "Feature",
      "geometry": {
        "type": "Point",
        "coordinates": [
          -8253978.454,
          514275.7573999986
        ]
      },
      "properties": {
        "DANE12_EST": "311001026513",
        "NOMBRE_EST": "COLEGIO SANTO DOMINGO BILINGÜE",
        "ORDEN_DE_S": "A",
        "puntaje_2023": 330.0,
        "cole_caracter": "ACADÉMICO",
        "punt_global_2020": 320.71,
        "punt_global_2022": 328.23
      }
    },
    {
      "type": "Feature",
      "geometry": {
        "type": "Point",
        "coordinates": [
          -8250372.8157,
          503126.24980000034
        ]
      },
      "properties": {
        "DANE12_EST": "311001026891",
        "NOMBRE_EST": "LICEO SANTA ANA DEL SUR",
        "ORDEN_DE_S": "A",
        "puntaje_2023": 293.46,
        "cole_caracter": "ACADÉMICO",
        "punt_global_2020": 278.69,
        "punt_global_2022": 277.59
      }
    },
    {
      "type": "Feature",
      "geometry": {
        "type": "Point",
        "coordinates": [
          -8245115.1961,
          517379.44860000163
        ]
      },
      "properties": {
        "DANE12_EST": "311001027072",
        "NOMBRE_EST": "COLEGIO BOGOTANO MIXTO",
        "ORDEN_DE_S": "A",
        "puntaje_2023": 265.0,
        "cole_caracter": "ACADÉMICO",
        "punt_global_2020": 255.17,
        "punt_global_2022": 265.0
      }
    },
    {
      "type": "Feature",
      "geometry": {
        "type": "Point",
        "coordinates": [
          -8249044.7741,
          523374.9785999991
        ]
      },
      "properties": {
        "DANE12_EST": "311001027188",
        "NOMBRE_EST": "LICEO COMERCIAL LAS AMERICAS",
        "ORDEN_DE_S": "A",
        "puntaje_2023": 276.15,
        "cole_caracter": "ACADÉMICO",
        "punt_global_2020": 276.39,
        "punt_global_2022": 276.67
      }
    },
    {
      "type": "Feature",
      "geometry": {
        "type": "Point",
        "coordinates": [
          -8247977.2202,
          521115.43189999834
        ]
      },
      "properties": {
        "DANE12_EST": "311001027706",
        "NOMBRE_EST": "COLEGIO ESTRADA DE MARIA AUXILIADORA",
        "ORDEN_DE_S": "A",
        "puntaje_2023": 282.69,
        "cole_caracter": "ACADÉMICO",
        "punt_global_2020": 256.05,
        "punt_global_2022": 286.78
      }
    },
    {
      "type": "Feature",
      "geometry": {
        "type": "Point",
        "coordinates": [
          -8251648.5370000005,
          519985.1246000007
        ]
      },
      "properties": {
        "DANE12_EST": "311001027722",
        "NOMBRE_EST": "GIMNASIO FIDEL CANO",
        "ORDEN_DE_S": "A",
        "puntaje_2023": 308.85,
        "cole_caracter": "ACADÉMICO",
        "punt_global_2020": 307.6,
        "punt_global_2022": 304.96
      }
    },
    {
      "type": "Feature",
      "geometry": {
        "type": "Point",
        "coordinates": [
          -8252348.7366,
          515354.6085000001
        ]
      },
      "properties": {
        "DANE12_EST": "311001027803",
        "NOMBRE_EST": "UNIDAD EDUCATIVA JEAN PIAGET",
        "ORDEN_DE_S": "A",
        "puntaje_2023": 273.08,
        "cole_caracter": "ACADÉMICO",
        "punt_global_2020": 266.92,
        "punt_global_2022": 282.33
      }
    },
    {
      "type": "Feature",
      "geometry": {
        "type": "Point",
        "coordinates": [
          -8246695.9329,
          518347.77160000056
        ]
      },
      "properties": {
        "DANE12_EST": "311001027846",
        "NOMBRE_EST": "GIMNASIO NICOLAS DE FEDERMAN",
        "ORDEN_DE_S": "A",
        "puntaje_2023": 333.46,
        "cole_caracter": "ACADÉMICO",
        "punt_global_2020": 323.92,
        "punt_global_2022": 341.29
      }
    },
    {
      "type": "Feature",
      "geometry": {
        "type": "Point",
        "coordinates": [
          -8247986.1258000005,
          521410.29740000144
        ]
      },
      "properties": {
        "DANE12_EST": "311001027986",
        "NOMBRE_EST": "GIMNASIO TUNDAMA",
        "ORDEN_DE_S": "A",
        "puntaje_2023": 282.69,
        "cole_caracter": "ACADÉMICO",
        "punt_global_2020": 282.38,
        "punt_global_2022": 288.76
      }
    },
    {
      "type": "Feature",
      "geometry": {
        "type": "Point",
        "coordinates": [
          -8254832.274499999,
          515684.0742999986
        ]
      },
      "properties": {
        "DANE12_EST": "311001028184",
        "NOMBRE_EST": "LICEO EUCARISTICO MIXTO",
        "ORDEN_DE_S": "A",
        "puntaje_2023": 269.23,
        "cole_caracter": "ACADÉMICO",
        "punt_global_2020": 250.14,
        "punt_global_2022": 246.62
      }
    },
    {
      "type": "Feature",
      "geometry": {
        "type": "Point",
        "coordinates": [
          -8253173.6141,
          511159.9032000005
        ]
      },
      "properties": {
        "DANE12_EST": "311001028427",
        "NOMBRE_EST": "GIMNASIO COMERCIAL LOS ANDES",
        "ORDEN_DE_S": "A",
        "puntaje_2023": 260.77,
        "cole_caracter": "ACADÉMICO",
        "punt_global_2020": 258.52,
        "punt_global_2022": 241.43
      }
    },
    {
      "type": "Feature",
      "geometry": {
        "type": "Point",
        "coordinates": [
          -8247704.487500001,
          523672.0865000002
        ]
      },
      "properties": {
        "DANE12_EST": "311001029229",
        "NOMBRE_EST": "ATENEO JUAN EUDES",
        "ORDEN_DE_S": "A",
        "puntaje_2023": 278.46,
        "cole_caracter": "ACADÉMICO",
        "punt_global_2020": 262.57,
        "punt_global_2022": 266.19
      }
    },
    {
      "type": "Feature",
      "geometry": {
        "type": "Point",
        "coordinates": [
          -8248675.193399999,
          525616.7192000002
        ]
      },
      "properties": {
        "DANE12_EST": "311001029318",
        "NOMBRE_EST": "INSTITUTO TOMAS DE IRIARTE",
        "ORDEN_DE_S": "A",
        "puntaje_2023": 285.0,
        "cole_caracter": "ACADÉMICO",
        "punt_global_2020": 272.74,
        "punt_global_2022": 289.05
      }
    },
    {
      "type": "Feature",
      "geometry": {
        "type": "Point",
        "coordinates": [
          -8250529.7762,
          513295.1994000003
        ]
      },
      "properties": {
        "DANE12_EST": "311001029342",
        "NOMBRE_EST": "COLEGIO SAN ALEJO",
        "ORDEN_DE_S": "A",
        "puntaje_2023": 298.46,
        "cole_caracter": "NO APLICA",
        "punt_global_2020": 288.36,
        "punt_global_2022": 309.27
      }
    },
    {
      "type": "Feature",
      "geometry": {
        "type": "Point",
        "coordinates": [
          -8247177.9463,
          510572.4833999984
        ]
      },
      "properties": {
        "DANE12_EST": "311001029474",
        "NOMBRE_EST": "COLEGIO NUEVA ALIANZA INTEGRAL",
        "ORDEN_DE_S": "A",
        "puntaje_2023": 325.38,
        "cole_caracter": "ACADÉMICO",
        "punt_global_2020": 335.64,
        "punt_global_2022": 333.07
      }
    },
    {
      "type": "Feature",
      "geometry": {
        "type": "Point",
        "coordinates": [
          -8253066.747300001,
          512914.37099999934
        ]
      },
      "properties": {
        "DANE12_EST": "311001029521",
        "NOMBRE_EST": "LICEO REYNEL",
        "ORDEN_DE_S": "A",
        "puntaje_2023": 265.77,
        "cole_caracter": "ACADÉMICO",
        "punt_global_2020": 274.7,
        "punt_global_2022": 269.15
      }
    },
    {
      "type": "Feature",
      "geometry": {
        "type": "Point",
        "coordinates": [
          -8248324.5370000005,
          527811.6101999991
        ]
      },
      "properties": {
        "DANE12_EST": "311001029539",
        "NOMBRE_EST": "LICEO HOMERICO",
        "ORDEN_DE_S": "A",
        "puntaje_2023": 259.62,
        "cole_caracter": "ACADÉMICO",
        "punt_global_2020": 264.27,
        "punt_global_2022": 246.68
      }
    },
    {
      "type": "Feature",
      "geometry": {
        "type": "Point",
        "coordinates": [
          -8247299.284499999,
          505144.07979999855
        ]
      },
      "properties": {
        "DANE12_EST": "311001029920",
        "NOMBRE_EST": "COLEGIO SANTA CATALINA DEL SURORIENTE",
        "ORDEN_DE_S": "A",
        "puntaje_2023": 215.38,
        "cole_caracter": "ACADÉMICO",
        "punt_global_2020": 244.7,
        "punt_global_2022": 244.46
      }
    },
    {
      "type": "Feature",
      "geometry": {
        "type": "Point",
        "coordinates": [
          -8255082.7433,
          515251.86019999906
        ]
      },
      "properties": {
        "DANE12_EST": "311001029971",
        "NOMBRE_EST": "INSTITUTO DE EDUCACION MEDIA EMAUS",
        "ORDEN_DE_S": "A",
        "puntaje_2023": 281.92,
        "cole_caracter": "ACADÉMICO",
        "punt_global_2020": 275.35,
        "punt_global_2022": 261.68
      }
    },
    {
      "type": "Feature",
      "geometry": {
        "type": "Point",
        "coordinates": [
          -8249246.262399999,
          512334.7558000013
        ]
      },
      "properties": {
        "DANE12_EST": "311001030073",
        "NOMBRE_EST": "COLEGIO BILINGÜE INTEGRAL",
        "ORDEN_DE_S": "A",
        "puntaje_2023": 322.69,
        "cole_caracter": "TÉCNICO/ACADÉMICO",
        "punt_global_2020": 295.42,
        "punt_global_2022": 320.12
      }
    },
    {
      "type": "Feature",
      "geometry": {
        "type": "Point",
        "coordinates": [
          -8249551.277799999,
          512514.55889999866
        ]
      },
      "properties": {
        "DANE12_EST": "311001030308",
        "NOMBRE_EST": "LICEO ROMULO GALLEGOS",
        "ORDEN_DE_S": "A",
        "puntaje_2023": 270.77,
        "cole_caracter": "ACADÉMICO",
        "punt_global_2020": 260.46,
        "punt_global_2022": 258.52
      }
    },
    {
      "type": "Feature",
      "geometry": {
        "type": "Point",
        "coordinates": [
          -8253602.1941,
          515402.63230000064
        ]
      },
      "properties": {
        "DANE12_EST": "311001030391",
        "NOMBRE_EST": "LICEO PIÑEROS CORTES",
        "ORDEN_DE_S": "A",
        "puntaje_2023": 271.92,
        "cole_caracter": "ACADÉMICO",
        "punt_global_2020": 265.13,
        "punt_global_2022": 287.38
      }
    },
    {
      "type": "Feature",
      "geometry": {
        "type": "Point",
        "coordinates": [
          -8248497.0822,
          510829.33949999884
        ]
      },
      "properties": {
        "DANE12_EST": "311001030456",
        "NOMBRE_EST": "INSTITUTO ACADEMICO BETHEL",
        "ORDEN_DE_S": "A",
        "puntaje_2023": 279.23,
        "cole_caracter": "ACADÉMICO",
        "punt_global_2020": 275.47,
        "punt_global_2022": 271.74
      }
    },
    {
      "type": "Feature",
      "geometry": {
        "type": "Point",
        "coordinates": [
          -8255736.1887,
          514931.3308000006
        ]
      },
      "properties": {
        "DANE12_EST": "311001030499",
        "NOMBRE_EST": "INSTITUTO EXPERIMENTAL DE ENSEÑANZA PRACTICA",
        "ORDEN_DE_S": "A",
        "puntaje_2023": 306.54,
        "cole_caracter": "ACADÉMICO",
        "punt_global_2020": 307.31,
        "punt_global_2022": 313.62
      }
    },
    {
      "type": "Feature",
      "geometry": {
        "type": "Point",
        "coordinates": [
          -8254895.726600001,
          511708.23999999836
        ]
      },
      "properties": {
        "DANE12_EST": "311001030537",
        "NOMBRE_EST": "INSTITUTO DE EDUCACION ELEMENTAL PREESCOLAR Y SECUNDARIA - INELPRES",
        "ORDEN_DE_S": "A",
        "puntaje_2023": 315.38,
        "cole_caracter": "ACADÉMICO",
        "punt_global_2020": 283.76,
        "punt_global_2022": 285.65
      }
    },
    {
      "type": "Feature",
      "geometry": {
        "type": "Point",
        "coordinates": [
          -8242715.1479,
          534354.2085000016
        ]
      },
      "properties": {
        "DANE12_EST": "311001031088",
        "NOMBRE_EST": "COLEGIO NUEVA INGLATERRA BILINGÜE INTERNACIONAL",
        "ORDEN_DE_S": "A",
        "puntaje_2023": 355.77,
        "cole_caracter": "ACADÉMICO",
        "punt_global_2020": 347.91,
        "punt_global_2022": 360.62
      }
    },
    {
      "type": "Feature",
      "geometry": {
        "type": "Point",
        "coordinates": [
          -8250860.395,
          520135.90579999983
        ]
      },
      "properties": {
        "DANE12_EST": "311001031461",
        "NOMBRE_EST": "INSTITUTO NAZARENO MODELIA",
        "ORDEN_DE_S": "A",
        "puntaje_2023": 271.15,
        "cole_caracter": "ACADÉMICO",
        "punt_global_2020": 266.5,
        "punt_global_2022": 256.09
      }
    },
    {
      "type": "Feature",
      "geometry": {
        "type": "Point",
        "coordinates": [
          -8248454.7808,
          516732.7897000015
        ]
      },
      "properties": {
        "DANE12_EST": "311001031851",
        "NOMBRE_EST": "GIMNASIO WILLIAM MACKINLEY",
        "ORDEN_DE_S": "A",
        "puntaje_2023": 305.77,
        "cole_caracter": "ACADÉMICO",
        "punt_global_2020": 297.08,
        "punt_global_2022": 289.42
      }
    },
    {
      "type": "Feature",
      "geometry": {
        "type": "Point",
        "coordinates": [
          -8256833.798900001,
          513615.7221999988
        ]
      },
      "properties": {
        "DANE12_EST": "311001032131",
        "NOMBRE_EST": "COLEGIO NUESTRA SEÑORA DE LORETO",
        "ORDEN_DE_S": "A",
        "puntaje_2023": 266.54,
        "cole_caracter": "ACADÉMICO",
        "punt_global_2020": 271.95,
        "punt_global_2022": 262.53
      }
    },
    {
      "type": "Feature",
      "geometry": {
        "type": "Point",
        "coordinates": [
          -8250360.570499999,
          525681.503899999
        ]
      },
      "properties": {
        "DANE12_EST": "311001032149",
        "NOMBRE_EST": "GIMNASIO LOS PIRINEOS",
        "ORDEN_DE_S": "A",
        "puntaje_2023": 266.92,
        "cole_caracter": "ACADÉMICO",
        "punt_global_2020": 281.5,
        "punt_global_2022": 307.0
      }
    },
    {
      "type": "Feature",
      "geometry": {
        "type": "Point",
        "coordinates": [
          -8244428.354900001,
          530626.5236000009
        ]
      },
      "properties": {
        "DANE12_EST": "311001032165",
        "NOMBRE_EST": "GIMNASIO CAMPESTRE STEPHEN HAWKING",
        "ORDEN_DE_S": "A",
        "puntaje_2023": 303.85,
        "cole_caracter": "ACADÉMICO",
        "punt_global_2020": 292.3,
        "punt_global_2022": 309.36
      }
    },
    {
      "type": "Feature",
      "geometry": {
        "type": "Point",
        "coordinates": [
          -8239680.578600001,
          521042.8326999992
        ]
      },
      "properties": {
        "DANE12_EST": "311001032246",
        "NOMBRE_EST": "ESCUELA PEDAGOGICA EXPERIMENTAL",
        "ORDEN_DE_S": "A",
        "puntaje_2023": 289.23,
        "cole_caracter": "ACADÉMICO",
        "punt_global_2020": 281.53,
        "punt_global_2022": 293.68
      }
    },
    {
      "type": "Feature",
      "geometry": {
        "type": "Point",
        "coordinates": [
          -8250999.544399999,
          503651.0817999989
        ]
      },
      "properties": {
        "DANE12_EST": "311001032271",
        "NOMBRE_EST": "COLEGIO CENTRO CULTURAL",
        "ORDEN_DE_S": "A",
        "puntaje_2023": 250.0,
        "cole_caracter": "TÉCNICO/ACADÉMICO",
        "punt_global_2020": 269.35,
        "punt_global_2022": 254.51
      }
    },
    {
      "type": "Feature",
      "geometry": {
        "type": "Point",
        "coordinates": [
          -8256981.853800001,
          514057.9787000008
        ]
      },
      "properties": {
        "DANE12_EST": "311001032572",
        "NOMBRE_EST": "GIMNASIO IMPERIAL IGNACIA CAMACHO DE CIFUENTES",
        "ORDEN_DE_S": "A",
        "puntaje_2023": 260.0,
        "cole_caracter": "ACADÉMICO",
        "punt_global_2020": 282.33,
        "punt_global_2022": 285.75
      }
    },
    {
      "type": "Feature",
      "geometry": {
        "type": "Point",
        "coordinates": [
          -8260029.7815000005,
          516814.31980000064
        ]
      },
      "properties": {
        "DANE12_EST": "311001032637",
        "NOMBRE_EST": "LICEO CIUDAD CAPITAL",
        "ORDEN_DE_S": "A",
        "puntaje_2023": 279.23,
        "cole_caracter": "ACADÉMICO",
        "punt_global_2020": 269.59,
        "punt_global_2022": 285.26
      }
    },
    {
      "type": "Feature",
      "geometry": {
        "type": "Point",
        "coordinates": [
          -8253483.0822,
          522259.1587000005
        ]
      },
      "properties": {
        "DANE12_EST": "311001033111",
        "NOMBRE_EST": "COLEGIO MADRE MATILDE",
        "ORDEN_DE_S": "A",
        "puntaje_2023": 280.0,
        "cole_caracter": "ACADÉMICO",
        "punt_global_2020": 280.84,
        "punt_global_2022": 285.83
      }
    },
    {
      "type": "Feature",
      "geometry": {
        "type": "Point",
        "coordinates": [
          -8256504.293199999,
          514253.4211000018
        ]
      },
      "properties": {
        "DANE12_EST": "311001033277",
        "NOMBRE_EST": "LICEO LUTHER KING",
        "ORDEN_DE_S": "A",
        "puntaje_2023": 262.31,
        "cole_caracter": "TÉCNICO/ACADÉMICO",
        "punt_global_2020": 253.9,
        "punt_global_2022": 273.3
      }
    },
    {
      "type": "Feature",
      "geometry": {
        "type": "Point",
        "coordinates": [
          -8248884.474099999,
          513506.27519999817
        ]
      },
      "properties": {
        "DANE12_EST": "311001033366",
        "NOMBRE_EST": "INSTITUTO DE INTEGRACION CULTURAL IDIC",
        "ORDEN_DE_S": "A",
        "puntaje_2023": 288.08,
        "cole_caracter": "ACADÉMICO",
        "punt_global_2020": 292.89,
        "punt_global_2022": 299.94
      }
    },
    {
      "type": "Feature",
      "geometry": {
        "type": "Point",
        "coordinates": [
          -8255937.676999999,
          516573.0802000016
        ]
      },
      "properties": {
        "DANE12_EST": "311001033374",
        "NOMBRE_EST": "COLEGIO SUPERIOR DE OCCIDENTE",
        "ORDEN_DE_S": "A",
        "puntaje_2023": 254.23,
        "cole_caracter": "TÉCNICO",
        "punt_global_2020": 262.0,
        "punt_global_2022": 256.41
      }
    },
    {
      "type": "Feature",
      "geometry": {
        "type": "Point",
        "coordinates": [
          -8247087.7775,
          505014.54410000145
        ]
      },
      "properties": {
        "DANE12_EST": "311001033391",
        "NOMBRE_EST": "COLEGIO MADRE PAULA MONTAL",
        "ORDEN_DE_S": "A",
        "puntaje_2023": 266.54,
        "cole_caracter": "ACADÉMICO",
        "punt_global_2020": 283.92,
        "punt_global_2022": 279.0
      }
    },
    {
      "type": "Feature",
      "geometry": {
        "type": "Point",
        "coordinates": [
          -8252709.411800001,
          513509.6257000007
        ]
      },
      "properties": {
        "DANE12_EST": "311001033439",
        "NOMBRE_EST": "LICEO NUESTRA SEÑORA DE TORCOROMA",
        "ORDEN_DE_S": "A",
        "puntaje_2023": 323.85,
        "cole_caracter": "ACADÉMICO",
        "punt_global_2020": 320.88,
        "punt_global_2022": 325.26
      }
    },
    {
      "type": "Feature",
      "geometry": {
        "type": "Point",
        "coordinates": [
          -8256349.5591,
          513873.70479999855
        ]
      },
      "properties": {
        "DANE12_EST": "311001033480",
        "NOMBRE_EST": "COLEGIO LAZARILLO DE TORMES",
        "ORDEN_DE_S": "A",
        "puntaje_2023": 272.31,
        "cole_caracter": "ACADÉMICO",
        "punt_global_2020": 249.75,
        "punt_global_2022": 282.0
      }
    },
    {
      "type": "Feature",
      "geometry": {
        "type": "Point",
        "coordinates": [
          -8256093.5243,
          516722.73800000176
        ]
      },
      "properties": {
        "DANE12_EST": "311001033510",
        "NOMBRE_EST": "COLEGIO SAN BONIFACIO",
        "ORDEN_DE_S": "A",
        "puntaje_2023": 294.23,
        "cole_caracter": "ACADÉMICO",
        "punt_global_2020": 287.43,
        "punt_global_2022": 290.53
      }
    },
    {
      "type": "Feature",
      "geometry": {
        "type": "Point",
        "coordinates": [
          -8256955.1372,
          513875.93840000033
        ]
      },
      "properties": {
        "DANE12_EST": "311001033579",
        "NOMBRE_EST": "INSTITUTO TENERIFE",
        "ORDEN_DE_S": "A",
        "puntaje_2023": 268.46,
        "cole_caracter": "ACADÉMICO",
        "punt_global_2020": 243.45,
        "punt_global_2022": 253.33
      }
    },
    {
      "type": "Feature",
      "geometry": {
        "type": "Point",
        "coordinates": [
          -8241640.914799999,
          524458.4226000011
        ]
      },
      "properties": {
        "DANE12_EST": "311001033633",
        "NOMBRE_EST": "CENTRO CULTURAL Y EDUCATIVO REYES CATOLICOS",
        "ORDEN_DE_S": "A",
        "puntaje_2023": 341.92,
        "cole_caracter": "ACADÉMICO",
        "punt_global_2020": 338.48,
        "punt_global_2022": 343.02
      }
    },
    {
      "type": "Feature",
      "geometry": {
        "type": "Point",
        "coordinates": [
          -8243585.666300001,
          532736.6590999998
        ]
      },
      "properties": {
        "DANE12_EST": "311001033676",
        "NOMBRE_EST": "COLEGIO BILINGÜE LA ENSEÑANZA",
        "ORDEN_DE_S": "A",
        "puntaje_2023": 322.31,
        "cole_caracter": "ACADÉMICO",
        "punt_global_2020": 312.47,
        "punt_global_2022": 325.35
      }
    },
    {
      "type": "Feature",
      "geometry": {
        "type": "Point",
        "coordinates": [
          -8247344.9255,
          530200.9288999997
        ]
      },
      "properties": {
        "DANE12_EST": "311001033838",
        "NOMBRE_EST": "LICEO TECNICO BILINGÜE PAULO FREIRE",
        "ORDEN_DE_S": "A",
        "puntaje_2023": 275.38,
        "cole_caracter": "ACADÉMICO",
        "punt_global_2020": 291.62,
        "punt_global_2022": 319.8
      }
    },
    {
      "type": "Feature",
      "geometry": {
        "type": "Point",
        "coordinates": [
          -8248175.368899999,
          507094.9574000016
        ]
      },
      "properties": {
        "DANE12_EST": "311001034117",
        "NOMBRE_EST": "COLEGIO PRINCIPE DE PAZ",
        "ORDEN_DE_S": "A",
        "puntaje_2023": 251.92,
        "cole_caracter": "ACADÉMICO",
        "punt_global_2020": 267.71,
        "punt_global_2022": 247.55
      }
    },
    {
      "type": "Feature",
      "geometry": {
        "type": "Point",
        "coordinates": [
          -8244685.502900001,
          531013.0236999989
        ]
      },
      "properties": {
        "DANE12_EST": "311001034362",
        "NOMBRE_EST": "COLEGIO SANTIAGO MAYOR",
        "ORDEN_DE_S": "A",
        "puntaje_2023": 283.46,
        "cole_caracter": "ACADÉMICO",
        "punt_global_2020": 273.32,
        "punt_global_2022": 291.0
      }
    },
    {
      "type": "Feature",
      "geometry": {
        "type": "Point",
        "coordinates": [
          -8249478.9202,
          521639.26570000127
        ]
      },
      "properties": {
        "DANE12_EST": "311001034389",
        "NOMBRE_EST": "GIMNASIO LOS ALERCES",
        "ORDEN_DE_S": "A",
        "puntaje_2023": 292.69,
        "cole_caracter": "ACADÉMICO",
        "punt_global_2020": 286.28,
        "punt_global_2022": 290.92
      }
    },
    {
      "type": "Feature",
      "geometry": {
        "type": "Point",
        "coordinates": [
          -8244502.9388999995,
          521446.03869999945
        ]
      },
      "properties": {
        "DANE12_EST": "311001034508",
        "NOMBRE_EST": "COLEGIO MONSERRATE",
        "ORDEN_DE_S": "A",
        "puntaje_2023": 264.62,
        "cole_caracter": "ACADÉMICO",
        "punt_global_2020": 290.59,
        "punt_global_2022": 277.35
      }
    },
    {
      "type": "Feature",
      "geometry": {
        "type": "Point",
        "coordinates": [
          -8256856.0627999995,
          514769.3913999982
        ]
      },
      "properties": {
        "DANE12_EST": "311001035253",
        "NOMBRE_EST": "COLEGIO EL DUQUE DE RIVAS",
        "ORDEN_DE_S": "A",
        "puntaje_2023": 298.85,
        "cole_caracter": "ACADÉMICO",
        "punt_global_2020": 278.31,
        "punt_global_2022": 285.21
      }
    },
    {
      "type": "Feature",
      "geometry": {
        "type": "Point",
        "coordinates": [
          -8255600.379000001,
          512747.9684999995
        ]
      },
      "properties": {
        "DANE12_EST": "311001035300",
        "NOMBRE_EST": "COLEGIO BILINGÜE REINO UNIDO",
        "ORDEN_DE_S": "A",
        "puntaje_2023": 278.08,
        "cole_caracter": "ACADÉMICO",
        "punt_global_2020": 285.39,
        "punt_global_2022": 305.92
      }
    },
    {
      "type": "Feature",
      "geometry": {
        "type": "Point",
        "coordinates": [
          -8255445.6449,
          512890.9182000011
        ]
      },
      "properties": {
        "DANE12_EST": "311001035318",
        "NOMBRE_EST": "GIMNASIO SANTA ROCIO",
        "ORDEN_DE_S": "A",
        "puntaje_2023": 281.54,
        "cole_caracter": "TÉCNICO/ACADÉMICO",
        "punt_global_2020": 278.64,
        "punt_global_2022": 283.61
      }
    },
    {
      "type": "Feature",
      "geometry": {
        "type": "Point",
        "coordinates": [
          -8256833.798900001,
          515284.24819999933
        ]
      },
      "properties": {
        "DANE12_EST": "311001035806",
        "NOMBRE_EST": "LICEO NUEVA BRITALIA",
        "ORDEN_DE_S": "A",
        "puntaje_2023": 254.23,
        "cole_caracter": "ACADÉMICO",
        "punt_global_2020": 249.33,
        "punt_global_2022": 266.87
      }
    },
    {
      "type": "Feature",
      "geometry": {
        "type": "Point",
        "coordinates": [
          -8246373.1064,
          511451.38120000064
        ]
      },
      "properties": {
        "DANE12_EST": "311001035857",
        "NOMBRE_EST": "COLEGIO DE SALERNO",
        "ORDEN_DE_S": "A",
        "puntaje_2023": 254.23,
        "cole_caracter": "ACADÉMICO",
        "punt_global_2020": 240.0,
        "punt_global_2022": 267.5
      }
    },
    {
      "type": "Feature",
      "geometry": {
        "type": "Point",
        "coordinates": [
          -8250441.833799999,
          524602.5106999986
        ]
      },
      "properties": {
        "DANE12_EST": "311001035873",
        "NOMBRE_EST": "COLEGIO SAN JUAN DE AVILA",
        "ORDEN_DE_S": "A",
        "puntaje_2023": 307.31,
        "cole_caracter": "ACADÉMICO",
        "punt_global_2020": 284.33,
        "punt_global_2022": 299.58
      }
    },
    {
      "type": "Feature",
      "geometry": {
        "type": "Point",
        "coordinates": [
          -8251264.4848,
          511828.85229999945
        ]
      },
      "properties": {
        "DANE12_EST": "311001036217",
        "NOMBRE_EST": "LICEO MODERNO WALT WHITMAN",
        "ORDEN_DE_S": "A",
        "puntaje_2023": 270.38,
        "cole_caracter": "ACADÉMICO",
        "punt_global_2020": 250.15,
        "punt_global_2022": 273.45
      }
    },
    {
      "type": "Feature",
      "geometry": {
        "type": "Point",
        "coordinates": [
          -8251843.346100001,
          509207.81010000035
        ]
      },
      "properties": {
        "DANE12_EST": "311001036250",
        "NOMBRE_EST": "LICEO DAMFUS",
        "ORDEN_DE_S": "A",
        "puntaje_2023": 293.08,
        "cole_caracter": "ACADÉMICO",
        "punt_global_2020": 315.0,
        "punt_global_2022": 301.69
      }
    },
    {
      "type": "Feature",
      "geometry": {
        "type": "Point",
        "coordinates": [
          -8258126.2182,
          512728.9829999991
        ]
      },
      "properties": {
        "DANE12_EST": "311001036292",
        "NOMBRE_EST": "COLEGIO ANDRES ROSILLO",
        "ORDEN_DE_S": "A",
        "puntaje_2023": 283.46,
        "cole_caracter": "ACADÉMICO",
        "punt_global_2020": 268.62,
        "punt_global_2022": 273.3
      }
    },
    {
      "type": "Feature",
      "geometry": {
        "type": "Point",
        "coordinates": [
          -8250550.926899999,
          524556.7151999995
        ]
      },
      "properties": {
        "DANE12_EST": "311001036527",
        "NOMBRE_EST": "COLEGIO FERVAN",
        "ORDEN_DE_S": "A",
        "puntaje_2023": 306.92,
        "cole_caracter": "ACADÉMICO",
        "punt_global_2020": 306.25,
        "punt_global_2022": 314.15
      }
    },
    {
      "type": "Feature",
      "geometry": {
        "type": "Point",
        "coordinates": [
          -8250790.263800001,
          503208.88269999996
        ]
      },
      "properties": {
        "DANE12_EST": "311001036659",
        "NOMBRE_EST": "COLEGIO CIUDAD BOLIVAR",
        "ORDEN_DE_S": "A",
        "puntaje_2023": 256.15,
        "cole_caracter": null,
        "punt_global_2020": null,
        "punt_global_2022": null
      }
    },
    {
      "type": "Feature",
      "geometry": {
        "type": "Point",
        "coordinates": [
          -8255890.922800001,
          516886.9151000008
        ]
      },
      "properties": {
        "DANE12_EST": "311001036900",
        "NOMBRE_EST": "COLEGIO CIUDAD PATIO BONITO",
        "ORDEN_DE_S": "A",
        "puntaje_2023": 262.31,
        "cole_caracter": "ACADÉMICO",
        "punt_global_2020": 246.07,
        "punt_global_2022": 261.3
      }
    },
    {
      "type": "Feature",
      "geometry": {
        "type": "Point",
        "coordinates": [
          -8250067.8003,
          502561.2217000015
        ]
      },
      "properties": {
        "DANE12_EST": "311001037051",
        "NOMBRE_EST": "COLEGIO SAN ISIDRO",
        "ORDEN_DE_S": "A",
        "puntaje_2023": 286.54,
        "cole_caracter": "ACADÉMICO",
        "punt_global_2020": 263.25,
        "punt_global_2022": 303.0
      }
    },
    {
      "type": "Feature",
      "geometry": {
        "type": "Point",
        "coordinates": [
          -8249464.4486,
          522673.5403999984
        ]
      },
      "properties": {
        "DANE12_EST": "311001037094",
        "NOMBRE_EST": "CENTRO EDUCATIVO SCALAS",
        "ORDEN_DE_S": "A",
        "puntaje_2023": 306.54,
        "cole_caracter": "ACADÉMICO",
        "punt_global_2020": 312.02,
        "punt_global_2022": 315.86
      }
    },
    {
      "type": "Feature",
      "geometry": {
        "type": "Point",
        "coordinates": [
          -8249648.1258000005,
          514227.73429999873
        ]
      },
      "properties": {
        "DANE12_EST": "311001037566",
        "NOMBRE_EST": "COLEGIO LOPE DE VEGA",
        "ORDEN_DE_S": "A",
        "puntaje_2023": 291.54,
        "cole_caracter": "ACADÉMICO",
        "punt_global_2020": 271.62,
        "punt_global_2022": 277.65
      }
    },
    {
      "type": "Feature",
      "geometry": {
        "type": "Point",
        "coordinates": [
          -8249636.993799999,
          524251.7853000015
        ]
      },
      "properties": {
        "DANE12_EST": "311001038163",
        "NOMBRE_EST": "LICEO SANTA PAULA",
        "ORDEN_DE_S": "A",
        "puntaje_2023": 315.0,
        "cole_caracter": "ACADÉMICO",
        "punt_global_2020": 296.29,
        "punt_global_2022": 307.87
      }
    },
    {
      "type": "Feature",
      "geometry": {
        "type": "Point",
        "coordinates": [
          -8245268.817,
          516446.8764999993
        ]
      },
      "properties": {
        "DANE12_EST": "311001038201",
        "NOMBRE_EST": "LICEO DE LA UNIVERSIDAD CATOLICA",
        "ORDEN_DE_S": "A",
        "puntaje_2023": 325.77,
        "cole_caracter": "ACADÉMICO",
        "punt_global_2020": 315.9,
        "punt_global_2022": 335.55
      }
    },
    {
      "type": "Feature",
      "geometry": {
        "type": "Point",
        "coordinates": [
          -8248876.681700001,
          523367.16000000015
        ]
      },
      "properties": {
        "DANE12_EST": "311001038317",
        "NOMBRE_EST": "COLEGIO MAYOR PRIMEROS MAESTROS",
        "ORDEN_DE_S": "A",
        "puntaje_2023": 296.09,
        "cole_caracter": "ACADÉMICO",
        "punt_global_2020": 276.05,
        "punt_global_2022": 292.09
      }
    },
    {
      "type": "Feature",
      "geometry": {
        "type": "Point",
        "coordinates": [
          -8253260.443299999,
          508440.61030000076
        ]
      },
      "properties": {
        "DANE12_EST": "311001038368",
        "NOMBRE_EST": "COLEGIO COFRATERNIDAD DE SAN FERNANDO",
        "ORDEN_DE_S": "A",
        "puntaje_2023": 258.08,
        "cole_caracter": "ACADÉMICO",
        "punt_global_2020": 258.33,
        "punt_global_2022": 283.58
      }
    },
    {
      "type": "Feature",
      "geometry": {
        "type": "Point",
        "coordinates": [
          -8249809.539000001,
          506899.5324999988
        ]
      },
      "properties": {
        "DANE12_EST": "311001038911",
        "NOMBRE_EST": "LICEO JUAN MIGUEL",
        "ORDEN_DE_S": "A",
        "puntaje_2023": 266.54,
        "cole_caracter": "ACADÉMICO",
        "punt_global_2020": 241.38,
        "punt_global_2022": 275.44
      }
    },
    {
      "type": "Feature",
      "geometry": {
        "type": "Point",
        "coordinates": [
          -8250299.344799999,
          513150.0152999982
        ]
      },
      "properties": {
        "DANE12_EST": "311001039003",
        "NOMBRE_EST": "COLEGIO CIUDAD MONTES",
        "ORDEN_DE_S": "A",
        "puntaje_2023": 317.31,
        "cole_caracter": "NO APLICA",
        "punt_global_2020": 294.71,
        "punt_global_2022": 297.76
      }
    },
    {
      "type": "Feature",
      "geometry": {
        "type": "Point",
        "coordinates": [
          -8248567.213500001,
          520542.4578999989
        ]
      },
      "properties": {
        "DANE12_EST": "311001039399",
        "NOMBRE_EST": "COLEGIO HENRY WALLON",
        "ORDEN_DE_S": "A",
        "puntaje_2023": 290.77,
        "cole_caracter": "ACADÉMICO",
        "punt_global_2020": 266.56,
        "punt_global_2022": 241.4
      }
    },
    {
      "type": "Feature",
      "geometry": {
        "type": "Point",
        "coordinates": [
          -8257144.3803,
          513514.0929000005
        ]
      },
      "properties": {
        "DANE12_EST": "311001039747",
        "NOMBRE_EST": "COLEGIO ALEXANDER FLEMING",
        "ORDEN_DE_S": "A",
        "puntaje_2023": 263.85,
        "cole_caracter": "ACADÉMICO",
        "punt_global_2020": 268.17,
        "punt_global_2022": 268.73
      }
    },
    {
      "type": "Feature",
      "geometry": {
        "type": "Point",
        "coordinates": [
          -8255994.449999999,
          511272.69729999825
        ]
      },
      "properties": {
        "DANE12_EST": "311001039780",
        "NOMBRE_EST": "INSTITUTO ORESTES SINDICI",
        "ORDEN_DE_S": "A",
        "puntaje_2023": 259.23,
        "cole_caracter": "ACADÉMICO",
        "punt_global_2020": 263.12,
        "punt_global_2022": 270.67
      }
    },
    {
      "type": "Feature",
      "geometry": {
        "type": "Point",
        "coordinates": [
          -8256087.9583,
          511308.43400000036
        ]
      },
      "properties": {
        "DANE12_EST": "311001039852",
        "NOMBRE_EST": "INSTITUTO SANTA ANA LUZ DEL CARMEN",
        "ORDEN_DE_S": "A",
        "puntaje_2023": 291.54,
        "cole_caracter": "ACADÉMICO",
        "punt_global_2020": 266.27,
        "punt_global_2022": 280.46
      }
    },
    {
      "type": "Feature",
      "geometry": {
        "type": "Point",
        "coordinates": [
          -8253882.7192,
          514786.1436999999
        ]
      },
      "properties": {
        "DANE12_EST": "311001039984",
        "NOMBRE_EST": "INSTITUTO CULTURAL CIUDAD KENNEDY",
        "ORDEN_DE_S": "A",
        "puntaje_2023": 283.85,
        "cole_caracter": "ACADÉMICO",
        "punt_global_2020": 266.33,
        "punt_global_2022": 258.13
      }
    },
    {
      "type": "Feature",
      "geometry": {
        "type": "Point",
        "coordinates": [
          -8253528.723200001,
          525120.7829999998
        ]
      },
      "properties": {
        "DANE12_EST": "311001040290",
        "NOMBRE_EST": "LICEO SALOMON SABIO",
        "ORDEN_DE_S": "A",
        "puntaje_2023": 316.92,
        "cole_caracter": "ACADÉMICO",
        "punt_global_2020": 303.31,
        "punt_global_2022": 286.19
      }
    },
    {
      "type": "Feature",
      "geometry": {
        "type": "Point",
        "coordinates": [
          -8250342.759400001,
          500975.5909000002
        ]
      },
      "properties": {
        "DANE12_EST": "311001040338",
        "NOMBRE_EST": "LICEO ADOLFO LEON GOMEZ",
        "ORDEN_DE_S": "A",
        "puntaje_2023": 288.46,
        "cole_caracter": "TÉCNICO",
        "punt_global_2020": 257.33,
        "punt_global_2022": 234.43
      }
    },
    {
      "type": "Feature",
      "geometry": {
        "type": "Point",
        "coordinates": [
          -8246960.873299999,
          506660.55640000105
        ]
      },
      "properties": {
        "DANE12_EST": "311001040362",
        "NOMBRE_EST": "LICEO SAN JOSE ORIENTAL",
        "ORDEN_DE_S": "A",
        "puntaje_2023": 258.08,
        "cole_caracter": "TÉCNICO",
        "punt_global_2020": 252.96,
        "punt_global_2022": 258.86
      }
    },
    {
      "type": "Feature",
      "geometry": {
        "type": "Point",
        "coordinates": [
          -8254924.669600001,
          514022.24069999903
        ]
      },
      "properties": {
        "DANE12_EST": "311001040401",
        "NOMBRE_EST": "COLEGIO DE FORMACION INTEGRAL MUNDO NUEVO",
        "ORDEN_DE_S": "A",
        "puntaje_2023": 288.85,
        "cole_caracter": "ACADÉMICO",
        "punt_global_2020": 291.54,
        "punt_global_2022": 290.74
      }
    },
    {
      "type": "Feature",
      "geometry": {
        "type": "Point",
        "coordinates": [
          -8249973.1787,
          521720.8009000011
        ]
      },
      "properties": {
        "DANE12_EST": "311001040630",
        "NOMBRE_EST": "GIMNASIO LOS MONJES",
        "ORDEN_DE_S": "A",
        "puntaje_2023": 291.92,
        "cole_caracter": "ACADÉMICO",
        "punt_global_2020": 288.94,
        "punt_global_2022": 298.97
      }
    },
    {
      "type": "Feature",
      "geometry": {
        "type": "Point",
        "coordinates": [
          -8250428.475400001,
          525606.6664000005
        ]
      },
      "properties": {
        "DANE12_EST": "311001040869",
        "NOMBRE_EST": "LICEO PSICOPEDAGOGICO BOLIVIA",
        "ORDEN_DE_S": "A",
        "puntaje_2023": 290.38,
        "cole_caracter": "ACADÉMICO",
        "punt_global_2020": 280.56,
        "punt_global_2022": 289.39
      }
    },
    {
      "type": "Feature",
      "geometry": {
        "type": "Point",
        "coordinates": [
          -8255967.7333,
          512732.3333999999
        ]
      },
      "properties": {
        "DANE12_EST": "311001041067",
        "NOMBRE_EST": "LICEO DE OXFORD",
        "ORDEN_DE_S": "A",
        "puntaje_2023": 277.31,
        "cole_caracter": "TÉCNICO/ACADÉMICO",
        "punt_global_2020": 255.72,
        "punt_global_2022": 277.14
      }
    },
    {
      "type": "Feature",
      "geometry": {
        "type": "Point",
        "coordinates": [
          -8256687.9704,
          509073.8007999994
        ]
      },
      "properties": {
        "DANE12_EST": "311001041113",
        "NOMBRE_EST": "INSTITUTO CERROS DEL SUR - ICES",
        "ORDEN_DE_S": "A",
        "puntaje_2023": 296.92,
        "cole_caracter": "ACADÉMICO",
        "punt_global_2020": 220.0,
        "punt_global_2022": 259.75
      }
    },
    {
      "type": "Feature",
      "geometry": {
        "type": "Point",
        "coordinates": [
          -8254059.7172,
          509042.5320999995
        ]
      },
      "properties": {
        "DANE12_EST": "311001041270",
        "NOMBRE_EST": "GIMNASIO COLOMBIANO DEL SUR",
        "ORDEN_DE_S": "A",
        "puntaje_2023": 277.69,
        "cole_caracter": "ACADÉMICO",
        "punt_global_2020": 263.14,
        "punt_global_2022": 260.48
      }
    },
    {
      "type": "Feature",
      "geometry": {
        "type": "Point",
        "coordinates": [
          -8250407.3247,
          502868.3016999997
        ]
      },
      "properties": {
        "DANE12_EST": "311001041342",
        "NOMBRE_EST": "COLEGIO SAN GREGORIO HERNANDEZ",
        "ORDEN_DE_S": "A",
        "puntaje_2023": 256.54,
        "cole_caracter": "TÉCNICO",
        "punt_global_2020": 248.85,
        "punt_global_2022": 268.05
      }
    },
    {
      "type": "Feature",
      "geometry": {
        "type": "Point",
        "coordinates": [
          -8243867.3046,
          531285.5855999999
        ]
      },
      "properties": {
        "DANE12_EST": "311001041351",
        "NOMBRE_EST": "COLEGIO INGLATERRA REAL",
        "ORDEN_DE_S": "A",
        "puntaje_2023": 328.46,
        "cole_caracter": "TÉCNICO",
        "punt_global_2020": 293.4,
        "punt_global_2022": 298.08
      }
    },
    {
      "type": "Feature",
      "geometry": {
        "type": "Point",
        "coordinates": [
          -8248658.4955,
          512742.3845000006
        ]
      },
      "properties": {
        "DANE12_EST": "311001041423",
        "NOMBRE_EST": "COLEGIO BILINGÜE CEDAM",
        "ORDEN_DE_S": "A",
        "puntaje_2023": 330.77,
        "cole_caracter": "NO APLICA",
        "punt_global_2020": 324.6,
        "punt_global_2022": 315.29
      }
    },
    {
      "type": "Feature",
      "geometry": {
        "type": "Point",
        "coordinates": [
          -8251974.7031,
          512917.72140000015
        ]
      },
      "properties": {
        "DANE12_EST": "311001041521",
        "NOMBRE_EST": "LICEO MANANTIAL DE VIDA ETERNA",
        "ORDEN_DE_S": "A",
        "puntaje_2023": 311.54,
        "cole_caracter": "ACADÉMICO",
        "punt_global_2020": 294.89,
        "punt_global_2022": 315.26
      }
    },
    {
      "type": "Feature",
      "geometry": {
        "type": "Point",
        "coordinates": [
          -8255205.194800001,
          513802.2289999984
        ]
      },
      "properties": {
        "DANE12_EST": "311001041806",
        "NOMBRE_EST": "LICEO SAMARIO",
        "ORDEN_DE_S": "A",
        "puntaje_2023": 312.31,
        "cole_caracter": "ACADÉMICO",
        "punt_global_2020": 311.97,
        "punt_global_2022": 314.0
      }
    },
    {
      "type": "Feature",
      "geometry": {
        "type": "Point",
        "coordinates": [
          -8250580.983100001,
          515314.40260000154
        ]
      },
      "properties": {
        "DANE12_EST": "311001041857",
        "NOMBRE_EST": "COLEGIO NUESTRA SEÑORA DE LA SALETTE",
        "ORDEN_DE_S": "A",
        "puntaje_2023": 308.46,
        "cole_caracter": "ACADÉMICO",
        "punt_global_2020": 296.73,
        "punt_global_2022": 314.52
      }
    },
    {
      "type": "Feature",
      "geometry": {
        "type": "Point",
        "coordinates": [
          -8256134.7125,
          516778.5804999992
        ]
      },
      "properties": {
        "DANE12_EST": "311001041873",
        "NOMBRE_EST": "LICEO NUESTRA SEÑORA DE LAS NIEVES",
        "ORDEN_DE_S": "A",
        "puntaje_2023": 292.69,
        "cole_caracter": "TÉCNICO",
        "punt_global_2020": 278.68,
        "punt_global_2022": 294.03
      }
    },
    {
      "type": "Feature",
      "geometry": {
        "type": "Point",
        "coordinates": [
          -8254471.599300001,
          515437.25400000066
        ]
      },
      "properties": {
        "DANE12_EST": "311001042276",
        "NOMBRE_EST": "COLEGIO CELCO SAN LUCAS",
        "ORDEN_DE_S": "A",
        "puntaje_2023": 289.62,
        "cole_caracter": "ACADÉMICO",
        "punt_global_2020": 287.54,
        "punt_global_2022": 308.11
      }
    },
    {
      "type": "Feature",
      "geometry": {
        "type": "Point",
        "coordinates": [
          -8244725.5779,
          535190.9239000008
        ]
      },
      "properties": {
        "DANE12_EST": "311001042667",
        "NOMBRE_EST": "GIMNASIO FONTANA",
        "ORDEN_DE_S": "A",
        "puntaje_2023": 321.54,
        "cole_caracter": "ACADÉMICO",
        "punt_global_2020": 324.98,
        "punt_global_2022": 337.94
      }
    },
    {
      "type": "Feature",
      "geometry": {
        "type": "Point",
        "coordinates": [
          -8250009.914100001,
          502653.9039000012
        ]
      },
      "properties": {
        "DANE12_EST": "311001042721",
        "NOMBRE_EST": "COLEGIO ISIDRO MOLINA",
        "ORDEN_DE_S": "A",
        "puntaje_2023": 323.85,
        "cole_caracter": "ACADÉMICO",
        "punt_global_2020": 303.26,
        "punt_global_2022": 322.94
      }
    },
    {
      "type": "Feature",
      "geometry": {
        "type": "Point",
        "coordinates": [
          -8257603.0166,
          513663.74489999935
        ]
      },
      "properties": {
        "DANE12_EST": "311001042829",
        "NOMBRE_EST": "INSTITUTO ALVARO MUTIS",
        "ORDEN_DE_S": "A",
        "puntaje_2023": 276.15,
        "cole_caracter": "ACADÉMICO",
        "punt_global_2020": 265.6,
        "punt_global_2022": 268.42
      }
    },
    {
      "type": "Feature",
      "geometry": {
        "type": "Point",
        "coordinates": [
          -8254788.8599,
          509899.0778999999
        ]
      },
      "properties": {
        "DANE12_EST": "311001042870",
        "NOMBRE_EST": "INSTITUTO JERUSALEN",
        "ORDEN_DE_S": "A",
        "puntaje_2023": 262.69,
        "cole_caracter": "ACADÉMICO",
        "punt_global_2020": 295.0,
        "punt_global_2022": 289.8
      }
    },
    {
      "type": "Feature",
      "geometry": {
        "type": "Point",
        "coordinates": [
          -8253249.3113,
          512870.8159000017
        ]
      },
      "properties": {
        "DANE12_EST": "311001042934",
        "NOMBRE_EST": "COLEGIO ANTARES",
        "ORDEN_DE_S": "A",
        "puntaje_2023": 297.69,
        "cole_caracter": "ACADÉMICO",
        "punt_global_2020": 280.25,
        "punt_global_2022": 295.32
      }
    },
    {
      "type": "Feature",
      "geometry": {
        "type": "Point",
        "coordinates": [
          -8249458.8826,
          507428.8559000008
        ]
      },
      "properties": {
        "DANE12_EST": "311001042977",
        "NOMBRE_EST": "COLEGIO RAFAEL MARIA CARRASQUILLA",
        "ORDEN_DE_S": "A",
        "puntaje_2023": 278.08,
        "cole_caracter": "ACADÉMICO",
        "punt_global_2020": 263.48,
        "punt_global_2022": 265.24
      }
    },
    {
      "type": "Feature",
      "geometry": {
        "type": "Point",
        "coordinates": [
          -8256902.817,
          511919.31159999967
        ]
      },
      "properties": {
        "DANE12_EST": "311001043001",
        "NOMBRE_EST": "COLEGIO LA NUEVA ESTANCIA LTDA",
        "ORDEN_DE_S": "A",
        "puntaje_2023": 289.23,
        "cole_caracter": "ACADÉMICO",
        "punt_global_2020": 285.48,
        "punt_global_2022": 267.5
      }
    },
    {
      "type": "Feature",
      "geometry": {
        "type": "Point",
        "coordinates": [
          -8248623.986500001,
          521529.807599999
        ]
      },
      "properties": {
        "DANE12_EST": "311001043159",
        "NOMBRE_EST": "COLEGIO EMMANUEL",
        "ORDEN_DE_S": "A",
        "puntaje_2023": 264.23,
        "cole_caracter": "ACADÉMICO",
        "punt_global_2020": 268.0,
        "punt_global_2022": 262.67
      }
    },
    {
      "type": "Feature",
      "geometry": {
        "type": "Point",
        "coordinates": [
          -8254489.4103999995,
          510115.72850000113
        ]
      },
      "properties": {
        "DANE12_EST": "311001043248",
        "NOMBRE_EST": "LICEO LA CORUÑA",
        "ORDEN_DE_S": "A",
        "puntaje_2023": 271.15,
        "cole_caracter": "ACADÉMICO",
        "punt_global_2020": 261.85,
        "punt_global_2022": 259.12
      }
    },
    {
      "type": "Feature",
      "geometry": {
        "type": "Point",
        "coordinates": [
          -8257207.8324,
          514241.13610000163
        ]
      },
      "properties": {
        "DANE12_EST": "311001043728",
        "NOMBRE_EST": "INSTITUTO YOLKIN",
        "ORDEN_DE_S": "A",
        "puntaje_2023": 254.23,
        "cole_caracter": "ACADÉMICO",
        "punt_global_2020": 251.92,
        "punt_global_2022": 263.16
      }
    },
    {
      "type": "Feature",
      "geometry": {
        "type": "Point",
        "coordinates": [
          -8254063.0568,
          515872.81969999894
        ]
      },
      "properties": {
        "DANE12_EST": "311001043736",
        "NOMBRE_EST": "INSTITUTO RENATO DESCARTES",
        "ORDEN_DE_S": "A",
        "puntaje_2023": 279.23,
        "cole_caracter": "ACADÉMICO",
        "punt_global_2020": 283.08,
        "punt_global_2022": 272.79
      }
    },
    {
      "type": "Feature",
      "geometry": {
        "type": "Point",
        "coordinates": [
          -8255211.8739,
          510113.49500000104
        ]
      },
      "properties": {
        "DANE12_EST": "311001043744",
        "NOMBRE_EST": "INSTITUTO SANTA MARIA DE LA CRUZ",
        "ORDEN_DE_S": "A",
        "puntaje_2023": 251.54,
        "cole_caracter": "ACADÉMICO",
        "punt_global_2020": 276.7,
        "punt_global_2022": 271.38
      }
    },
    {
      "type": "Feature",
      "geometry": {
        "type": "Point",
        "coordinates": [
          -8254647.484099999,
          513217.0234000012
        ]
      },
      "properties": {
        "DANE12_EST": "311001043833",
        "NOMBRE_EST": "INSTITUTO COMERCIAL LORETO SEDE B",
        "ORDEN_DE_S": "A",
        "puntaje_2023": 279.62,
        "cole_caracter": "TÉCNICO/ACADÉMICO",
        "punt_global_2020": 256.51,
        "punt_global_2022": 268.9
      }
    },
    {
      "type": "Feature",
      "geometry": {
        "type": "Point",
        "coordinates": [
          -8248662.9483,
          510202.8355999999
        ]
      },
      "properties": {
        "DANE12_EST": "311001043850",
        "NOMBRE_EST": "EXTERNADO DEL SUR PSICOPEDAGOGICO",
        "ORDEN_DE_S": "A",
        "puntaje_2023": 257.31,
        "cole_caracter": "TÉCNICO/ACADÉMICO",
        "punt_global_2020": 254.79,
        "punt_global_2022": 262.78
      }
    },
    {
      "type": "Feature",
      "geometry": {
        "type": "Point",
        "coordinates": [
          -8250103.422499999,
          506203.8236999996
        ]
      },
      "properties": {
        "DANE12_EST": "311001043876",
        "NOMBRE_EST": "LICEO MAYOR DE PALERMO",
        "ORDEN_DE_S": "A",
        "puntaje_2023": 239.23,
        "cole_caracter": "ACADÉMICO",
        "punt_global_2020": 240.75,
        "punt_global_2022": 257.0
      }
    },
    {
      "type": "Feature",
      "geometry": {
        "type": "Point",
        "coordinates": [
          -8250457.418500001,
          525813.3073999994
        ]
      },
      "properties": {
        "DANE12_EST": "311001044210",
        "NOMBRE_EST": "GIMNASIO MAKARENKO",
        "ORDEN_DE_S": "A",
        "puntaje_2023": 271.15,
        "cole_caracter": "ACADÉMICO",
        "punt_global_2020": 281.0,
        "punt_global_2022": 293.9
      }
    },
    {
      "type": "Feature",
      "geometry": {
        "type": "Point",
        "coordinates": [
          -8255225.2323,
          511767.4294000007
        ]
      },
      "properties": {
        "DANE12_EST": "311001044236",
        "NOMBRE_EST": "COLEGIO TALLER PSICOPEDAGOGICO DE LOS ANDES",
        "ORDEN_DE_S": "A",
        "puntaje_2023": 292.31,
        "cole_caracter": "ACADÉMICO",
        "punt_global_2020": 272.24,
        "punt_global_2022": 304.05
      }
    },
    {
      "type": "Feature",
      "geometry": {
        "type": "Point",
        "coordinates": [
          -8248281.122400001,
          522835.49610000104
        ]
      },
      "properties": {
        "DANE12_EST": "311001044317",
        "NOMBRE_EST": "GIMNASIO EL LAGO",
        "ORDEN_DE_S": "A",
        "puntaje_2023": 317.69,
        "cole_caracter": "ACADÉMICO",
        "punt_global_2020": 308.91,
        "punt_global_2022": 316.06
      }
    },
    {
      "type": "Feature",
      "geometry": {
        "type": "Point",
        "coordinates": [
          -8249683.748,
          521947.53620000184
        ]
      },
      "properties": {
        "DANE12_EST": "311001044473",
        "NOMBRE_EST": "GIMNASIO SANTA MARIA DEL ALCAZAR",
        "ORDEN_DE_S": "A",
        "puntaje_2023": 318.85,
        "cole_caracter": "ACADÉMICO",
        "punt_global_2020": 319.52,
        "punt_global_2022": 317.03
      }
    },
    {
      "type": "Feature",
      "geometry": {
        "type": "Point",
        "coordinates": [
          -8240847.206800001,
          531252.0738000013
        ]
      },
      "properties": {
        "DANE12_EST": "311001044783",
        "NOMBRE_EST": "LICEO PSICOPEDAGOGICO TIBABITA",
        "ORDEN_DE_S": "A",
        "puntaje_2023": 273.85,
        "cole_caracter": "ACADÉMICO",
        "punt_global_2020": 264.52,
        "punt_global_2022": 250.67
      }
    },
    {
      "type": "Feature",
      "geometry": {
        "type": "Point",
        "coordinates": [
          -8250377.2684,
          503045.8502999991
        ]
      },
      "properties": {
        "DANE12_EST": "311001044902",
        "NOMBRE_EST": "COLEGIO JUAN RULFO",
        "ORDEN_DE_S": "A",
        "puntaje_2023": 282.69,
        "cole_caracter": "ACADÉMICO",
        "punt_global_2020": 267.38,
        "punt_global_2022": 263.79
      }
    },
    {
      "type": "Feature",
      "geometry": {
        "type": "Point",
        "coordinates": [
          -8259033.472100001,
          515560.1055999994
        ]
      },
      "properties": {
        "DANE12_EST": "311001045011",
        "NOMBRE_EST": "COLEGIO MIXTO CIUDADANOS DEL FUTURO SAS",
        "ORDEN_DE_S": "A",
        "puntaje_2023": 289.23,
        "cole_caracter": "ACADÉMICO",
        "punt_global_2020": 278.45,
        "punt_global_2022": 280.77
      }
    },
    {
      "type": "Feature",
      "geometry": {
        "type": "Point",
        "coordinates": [
          -8244226.866599999,
          534088.3381999992
        ]
      },
      "properties": {
        "DANE12_EST": "311001045160",
        "NOMBRE_EST": "GIMNASIO LOS PORTALES COLEGIO BILINGÜE",
        "ORDEN_DE_S": "A",
        "puntaje_2023": 328.08,
        "cole_caracter": "ACADÉMICO",
        "punt_global_2020": 340.94,
        "punt_global_2022": 338.72
      }
    },
    {
      "type": "Feature",
      "geometry": {
        "type": "Point",
        "coordinates": [
          -8246631.3675999995,
          509411.05779999867
        ]
      },
      "properties": {
        "DANE12_EST": "311001045437",
        "NOMBRE_EST": "COLEGIO INTEGRAL AVANCEMOS",
        "ORDEN_DE_S": "A",
        "puntaje_2023": 266.92,
        "cole_caracter": "ACADÉMICO",
        "punt_global_2020": 253.54,
        "punt_global_2022": 266.06
      }
    },
    {
      "type": "Feature",
      "geometry": {
        "type": "Point",
        "coordinates": [
          -8253622.2316,
          508107.8242999986
        ]
      },
      "properties": {
        "DANE12_EST": "311001045542",
        "NOMBRE_EST": "COLEGIO PSICOPEDAGOGICO LA ACACIA",
        "ORDEN_DE_S": "A",
        "puntaje_2023": 277.69,
        "cole_caracter": "ACADÉMICO",
        "punt_global_2020": 265.5,
        "punt_global_2022": 265.35
      }
    },
    {
      "type": "Feature",
      "geometry": {
        "type": "Point",
        "coordinates": [
          -8250281.5337000005,
          502715.3198999986
        ]
      },
      "properties": {
        "DANE12_EST": "311001045623",
        "NOMBRE_EST": "COLEGIO SAN JUAN DE LOS PASTOS",
        "ORDEN_DE_S": "A",
        "puntaje_2023": 273.08,
        "cole_caracter": "ACADÉMICO",
        "punt_global_2020": 248.54,
        "punt_global_2022": 258.68
      }
    },
    {
      "type": "Feature",
      "geometry": {
        "type": "Point",
        "coordinates": [
          -8251891.213500001,
          509922.52969999984
        ]
      },
      "properties": {
        "DANE12_EST": "311001046077",
        "NOMBRE_EST": "COLEGIO INTERNACIONAL CAMINO A LA CIMA",
        "ORDEN_DE_S": "A",
        "puntaje_2023": 350.38,
        "cole_caracter": "ACADÉMICO",
        "punt_global_2020": 323.4,
        "punt_global_2022": 341.39
      }
    },
    {
      "type": "Feature",
      "geometry": {
        "type": "Point",
        "coordinates": [
          -8257712.1097,
          513018.23310000077
        ]
      },
      "properties": {
        "DANE12_EST": "311001046239",
        "NOMBRE_EST": "COLEGIO MIGUEL ANGEL ASTURIAS",
        "ORDEN_DE_S": "A",
        "puntaje_2023": 268.85,
        "cole_caracter": "ACADÉMICO",
        "punt_global_2020": 258.61,
        "punt_global_2022": 279.17
      }
    },
    {
      "type": "Feature",
      "geometry": {
        "type": "Point",
        "coordinates": [
          -8254724.294600001,
          509915.82919999957
        ]
      },
      "properties": {
        "DANE12_EST": "311001046263",
        "NOMBRE_EST": "LICEO CONTADORA",
        "ORDEN_DE_S": "A",
        "puntaje_2023": 293.85,
        "cole_caracter": "ACADÉMICO",
        "punt_global_2020": 282.9,
        "punt_global_2022": 289.25
      }
    },
    {
      "type": "Feature",
      "geometry": {
        "type": "Point",
        "coordinates": [
          -8250244.7983,
          525930.5903999992
        ]
      },
      "properties": {
        "DANE12_EST": "311001046328",
        "NOMBRE_EST": "LICEO SAN BASILIO MAGNO",
        "ORDEN_DE_S": "A",
        "puntaje_2023": 283.08,
        "cole_caracter": "ACADÉMICO",
        "punt_global_2020": 291.05,
        "punt_global_2022": 292.62
      }
    },
    {
      "type": "Feature",
      "geometry": {
        "type": "Point",
        "coordinates": [
          -8250918.281199999,
          515732.0982000008
        ]
      },
      "properties": {
        "DANE12_EST": "311001046352",
        "NOMBRE_EST": "COLEGIO FUNDACION SAUR",
        "ORDEN_DE_S": "A",
        "puntaje_2023": 280.77,
        "cole_caracter": "TÉCNICO/ACADÉMICO",
        "punt_global_2020": 256.36,
        "punt_global_2022": 280.19
      }
    },
    {
      "type": "Feature",
      "geometry": {
        "type": "Point",
        "coordinates": [
          -8255593.6998,
          516836.65680000186
        ]
      },
      "properties": {
        "DANE12_EST": "311001046409",
        "NOMBRE_EST": "LICEO MODERNO LEON BAEZ",
        "ORDEN_DE_S": "A",
        "puntaje_2023": 270.38,
        "cole_caracter": "NO APLICA",
        "punt_global_2020": 272.84,
        "punt_global_2022": 280.62
      }
    },
    {
      "type": "Feature",
      "geometry": {
        "type": "Point",
        "coordinates": [
          -8250181.346100001,
          502371.3909999989
        ]
      },
      "properties": {
        "DANE12_EST": "311001046689",
        "NOMBRE_EST": "LICEO MAX PLANCK",
        "ORDEN_DE_S": "A",
        "puntaje_2023": 268.08,
        "cole_caracter": "ACADÉMICO",
        "punt_global_2020": 263.64,
        "punt_global_2022": 283.93
      }
    },
    {
      "type": "Feature",
      "geometry": {
        "type": "Point",
        "coordinates": [
          -8240777.0756,
          530811.9539999999
        ]
      },
      "properties": {
        "DANE12_EST": "311001046743",
        "NOMBRE_EST": "COLEGIO ANEXO SAN FRANCISCO DE ASIS",
        "ORDEN_DE_S": "A",
        "puntaje_2023": 315.77,
        "cole_caracter": "ACADÉMICO",
        "punt_global_2020": 289.21,
        "punt_global_2022": 304.2
      }
    },
    {
      "type": "Feature",
      "geometry": {
        "type": "Point",
        "coordinates": [
          -8253916.1151,
          508888.42179999873
        ]
      },
      "properties": {
        "DANE12_EST": "311001046760",
        "NOMBRE_EST": "GIMNASIO MODERNO SANTA MARGARITA",
        "ORDEN_DE_S": "A",
        "puntaje_2023": 327.69,
        "cole_caracter": "ACADÉMICO",
        "punt_global_2020": 309.44,
        "punt_global_2022": 321.96
      }
    },
    {
      "type": "Feature",
      "geometry": {
        "type": "Point",
        "coordinates": [
          -8253071.200099999,
          507546.1114999987
        ]
      },
      "properties": {
        "DANE12_EST": "311001046824",
        "NOMBRE_EST": "COLEGIO POPULAR BOLIVARIANO",
        "ORDEN_DE_S": "A",
        "puntaje_2023": 257.31,
        "cole_caracter": "ACADÉMICO",
        "punt_global_2020": 247.78,
        "punt_global_2022": 285.21
      }
    },
    {
      "type": "Feature",
      "geometry": {
        "type": "Point",
        "coordinates": [
          -8246719.3100000005,
          529892.625500001
        ]
      },
      "properties": {
        "DANE12_EST": "311001047502",
        "NOMBRE_EST": "GIMNASIO MIXTO MANUEL DEL SOCORRO RODRIGUEZ",
        "ORDEN_DE_S": "A",
        "puntaje_2023": 306.92,
        "cole_caracter": "ACADÉMICO",
        "punt_global_2020": 305.71,
        "punt_global_2022": 316.53
      }
    },
    {
      "type": "Feature",
      "geometry": {
        "type": "Point",
        "coordinates": [
          -8245740.8116999995,
          515394.81439999864
        ]
      },
      "properties": {
        "DANE12_EST": "311001047871",
        "NOMBRE_EST": "COLEGIO CASA ACADEMICA CULTURAL",
        "ORDEN_DE_S": "A",
        "puntaje_2023": 265.0,
        "cole_caracter": "ACADÉMICO",
        "punt_global_2020": 261.31,
        "punt_global_2022": 260.57
      }
    },
    {
      "type": "Feature",
      "geometry": {
        "type": "Point",
        "coordinates": [
          -8255939.9034,
          515441.72140000015
        ]
      },
      "properties": {
        "DANE12_EST": "311001047880",
        "NOMBRE_EST": "UNIDAD EDUCATIVA EL FUTURO DEL MAÑANA",
        "ORDEN_DE_S": "A",
        "puntaje_2023": 277.31,
        "cole_caracter": "ACADÉMICO",
        "punt_global_2020": 240.98,
        "punt_global_2022": 268.63
      }
    },
    {
      "type": "Feature",
      "geometry": {
        "type": "Point",
        "coordinates": [
          -8250278.1941,
          528660.5414999984
        ]
      },
      "properties": {
        "DANE12_EST": "311001047952",
        "NOMBRE_EST": "COLEGIO INTEGRADO EDUARDO CABALLERO CALDERON",
        "ORDEN_DE_S": "A",
        "puntaje_2023": 255.0,
        "cole_caracter": null,
        "punt_global_2020": null,
        "punt_global_2022": null
      }
    },
    {
      "type": "Feature",
      "geometry": {
        "type": "Point",
        "coordinates": [
          -8240189.308700001,
          529186.6601999998
        ]
      },
      "properties": {
        "DANE12_EST": "311001048002",
        "NOMBRE_EST": "GIMNASIO MARROQUIN CAMPESTRE",
        "ORDEN_DE_S": "A",
        "puntaje_2023": 295.77,
        "cole_caracter": "ACADÉMICO",
        "punt_global_2020": 282.34,
        "punt_global_2022": 273.95
      }
    },
    {
      "type": "Feature",
      "geometry": {
        "type": "Point",
        "coordinates": [
          -8250377.2684,
          528890.6482000016
        ]
      },
      "properties": {
        "DANE12_EST": "311001050023",
        "NOMBRE_EST": "COLEGIO DE EDUCACION TECNICA Y ACADEMICA CELESTIN FREINET",
        "ORDEN_DE_S": "A",
        "puntaje_2023": 303.46,
        "cole_caracter": "TÉCNICO/ACADÉMICO",
        "punt_global_2020": 285.75,
        "punt_global_2022": 297.41
      }
    },
    {
      "type": "Feature",
      "geometry": {
        "type": "Point",
        "coordinates": [
          -8253065.634199999,
          517430.8240999989
        ]
      },
      "properties": {
        "DANE12_EST": "311001050252",
        "NOMBRE_EST": "LICEO MAYOR ANDINO",
        "ORDEN_DE_S": "A",
        "puntaje_2023": 300.0,
        "cole_caracter": "ACADÉMICO",
        "punt_global_2020": 297.68,
        "punt_global_2022": 304.8
      }
    },
    {
      "type": "Feature",
      "geometry": {
        "type": "Point",
        "coordinates": [
          -8248966.850500001,
          527379.3289999999
        ]
      },
      "properties": {
        "DANE12_EST": "311001050317",
        "NOMBRE_EST": "CENTRO EDUCATIVO LOS ANDES",
        "ORDEN_DE_S": "A",
        "puntaje_2023": 283.85,
        "cole_caracter": "ACADÉMICO",
        "punt_global_2020": 269.77,
        "punt_global_2022": 278.78
      }
    },
    {
      "type": "Feature",
      "geometry": {
        "type": "Point",
        "coordinates": [
          -8252155.0407,
          523846.3308000006
        ]
      },
      "properties": {
        "DANE12_EST": "311001051097",
        "NOMBRE_EST": "COLEGIO PSICOPEDAGOGICO EL ARTE DEL SABER",
        "ORDEN_DE_S": "A",
        "puntaje_2023": 273.08,
        "cole_caracter": "ACADÉMICO",
        "punt_global_2020": 275.38,
        "punt_global_2022": 275.46
      }
    },
    {
      "type": "Feature",
      "geometry": {
        "type": "Point",
        "coordinates": [
          -8247381.661,
          527291.0859000012
        ]
      },
      "properties": {
        "DANE12_EST": "311001051259",
        "NOMBRE_EST": "LICEO SAN ISIDRO",
        "ORDEN_DE_S": "A",
        "puntaje_2023": 305.77,
        "cole_caracter": "ACADÉMICO",
        "punt_global_2020": 284.68,
        "punt_global_2022": 297.08
      }
    },
    {
      "type": "Feature",
      "geometry": {
        "type": "Point",
        "coordinates": [
          -8244003.114399999,
          529547.4613000005
        ]
      },
      "properties": {
        "DANE12_EST": "311001051275",
        "NOMBRE_EST": "GIMNASIO CAMPESTRE ESCALEMOS",
        "ORDEN_DE_S": "A",
        "puntaje_2023": 297.31,
        "cole_caracter": "ACADÉMICO",
        "punt_global_2020": 289.23,
        "punt_global_2022": 297.23
      }
    },
    {
      "type": "Feature",
      "geometry": {
        "type": "Point",
        "coordinates": [
          -8243701.4386,
          525524.0102000013
        ]
      },
      "properties": {
        "DANE12_EST": "311001051291",
        "NOMBRE_EST": "NUEVO INSTITUTO SAN MIGUEL",
        "ORDEN_DE_S": "A",
        "puntaje_2023": 235.77,
        "cole_caracter": null,
        "punt_global_2020": null,
        "punt_global_2022": null
      }
    },
    {
      "type": "Feature",
      "geometry": {
        "type": "Point",
        "coordinates": [
          -8246974.2316,
          515596.96119999886
        ]
      },
      "properties": {
        "DANE12_EST": "311001051631",
        "NOMBRE_EST": "COLEGIO VIRTUAL SIGLO XXI",
        "ORDEN_DE_S": "A",
        "puntaje_2023": 301.64,
        "cole_caracter": "ACADÉMICO",
        "punt_global_2020": 297.78,
        "punt_global_2022": 291.91
      }
    },
    {
      "type": "Feature",
      "geometry": {
        "type": "Point",
        "coordinates": [
          -8249984.3105999995,
          507843.16000000015
        ]
      },
      "properties": {
        "DANE12_EST": "311001051798",
        "NOMBRE_EST": "INSTITUTO PSICOPEDAGOGICO INTEGRAL - IPSI",
        "ORDEN_DE_S": "A",
        "puntaje_2023": 297.31,
        "cole_caracter": "TÉCNICO/ACADÉMICO",
        "punt_global_2020": 289.26,
        "punt_global_2022": 289.92
      }
    },
    {
      "type": "Feature",
      "geometry": {
        "type": "Point",
        "coordinates": [
          -8250065.573899999,
          507523.77710000053
        ]
      },
      "properties": {
        "DANE12_EST": "311001051852",
        "NOMBRE_EST": "LICEO PSICOPEDAGOGICO SAN PABLO",
        "ORDEN_DE_S": "A",
        "puntaje_2023": 258.85,
        "cole_caracter": "NO APLICA",
        "punt_global_2020": null,
        "punt_global_2022": 247.61
      }
    },
    {
      "type": "Feature",
      "geometry": {
        "type": "Point",
        "coordinates": [
          -8247704.487500001,
          523672.0865000002
        ]
      },
      "properties": {
        "DANE12_EST": "311001052018",
        "NOMBRE_EST": "COLEGIO EL MINUTO DE DIOS SIGLO XXI",
        "ORDEN_DE_S": "A",
        "puntaje_2023": 331.92,
        "cole_caracter": "ACADÉMICO",
        "punt_global_2020": 328.13,
        "punt_global_2022": 325.81
      }
    },
    {
      "type": "Feature",
      "geometry": {
        "type": "Point",
        "coordinates": [
          -8250525.3234,
          502210.5936000012
        ]
      },
      "properties": {
        "DANE12_EST": "311001065012",
        "NOMBRE_EST": "INSTITUTO SUSANA WESLEY",
        "ORDEN_DE_S": "A",
        "puntaje_2023": 266.54,
        "cole_caracter": "ACADÉMICO",
        "punt_global_2020": 283.06,
        "punt_global_2022": 263.32
      }
    },
    {
      "type": "Feature",
      "geometry": {
        "type": "Point",
        "coordinates": [
          -8249328.638800001,
          532149.0771999992
        ]
      },
      "properties": {
        "DANE12_EST": "311001065047",
        "NOMBRE_EST": "GIMNASIO CAMPESTRE DE GUILFORD",
        "ORDEN_DE_S": "A",
        "puntaje_2023": 261.15,
        "cole_caracter": "ACADÉMICO",
        "punt_global_2020": 251.79,
        "punt_global_2022": 251.93
      }
    },
    {
      "type": "Feature",
      "geometry": {
        "type": "Point",
        "coordinates": [
          -8258413.422499999,
          513842.4342
        ]
      },
      "properties": {
        "DANE12_EST": "311001065098",
        "NOMBRE_EST": "COLEGIO JOSE ORTEGA Y GASSET",
        "ORDEN_DE_S": "A",
        "puntaje_2023": 310.77,
        "cole_caracter": "ACADÉMICO",
        "punt_global_2020": 308.15,
        "punt_global_2022": 308.38
      }
    },
    {
      "type": "Feature",
      "geometry": {
        "type": "Point",
        "coordinates": [
          -8248223.236300001,
          526835.3506999984
        ]
      },
      "properties": {
        "DANE12_EST": "311001065152",
        "NOMBRE_EST": "COLEGIO COLOMBO INTERNACIONAL ACOINPREV",
        "ORDEN_DE_S": "A",
        "puntaje_2023": 285.38,
        "cole_caracter": "ACADÉMICO",
        "punt_global_2020": 269.92,
        "punt_global_2022": 276.84
      }
    },
    {
      "type": "Feature",
      "geometry": {
        "type": "Point",
        "coordinates": [
          -8249065.924799999,
          528437.137600001
        ]
      },
      "properties": {
        "DANE12_EST": "311001065284",
        "NOMBRE_EST": "LICEO CULTURAL LAS AMERICAS",
        "ORDEN_DE_S": "A",
        "puntaje_2023": 292.31,
        "cole_caracter": "TÉCNICO/ACADÉMICO",
        "punt_global_2020": 278.26,
        "punt_global_2022": 290.33
      }
    },
    {
      "type": "Feature",
      "geometry": {
        "type": "Point",
        "coordinates": [
          -8250379.4947999995,
          505741.5100999996
        ]
      },
      "properties": {
        "DANE12_EST": "311001065357",
        "NOMBRE_EST": "COLEGIO ANDRES ESCOBAR",
        "ORDEN_DE_S": "A",
        "puntaje_2023": 280.77,
        "cole_caracter": "ACADÉMICO",
        "punt_global_2020": 292.22,
        "punt_global_2022": 297.03
      }
    },
    {
      "type": "Feature",
      "geometry": {
        "type": "Point",
        "coordinates": [
          -8249724.9362,
          529026.9252999984
        ]
      },
      "properties": {
        "DANE12_EST": "311001065390",
        "NOMBRE_EST": "COLEGIO PEDAGOGICO DULCE MARIA",
        "ORDEN_DE_S": "A",
        "puntaje_2023": 297.41,
        "cole_caracter": "ACADÉMICO",
        "punt_global_2020": 299.49,
        "punt_global_2022": 297.36
      }
    },
    {
      "type": "Feature",
      "geometry": {
        "type": "Point",
        "coordinates": [
          -8246998.721899999,
          529422.3535999991
        ]
      },
      "properties": {
        "DANE12_EST": "311001065420",
        "NOMBRE_EST": "LICEO HYPATIA",
        "ORDEN_DE_S": "A",
        "puntaje_2023": 340.0,
        "cole_caracter": "ACADÉMICO",
        "punt_global_2020": 333.06,
        "punt_global_2022": 339.48
      }
    },
    {
      "type": "Feature",
      "geometry": {
        "type": "Point",
        "coordinates": [
          -8251677.4801,
          509670.1435999982
        ]
      },
      "properties": {
        "DANE12_EST": "311001065489",
        "NOMBRE_EST": "LICEO CAMPO DAVID",
        "ORDEN_DE_S": "A",
        "puntaje_2023": 376.92,
        "cole_caracter": "ACADÉMICO",
        "punt_global_2020": 386.2,
        "punt_global_2022": 381.44
      }
    },
    {
      "type": "Feature",
      "geometry": {
        "type": "Point",
        "coordinates": [
          -8254852.312000001,
          506055.3024000004
        ]
      },
      "properties": {
        "DANE12_EST": "311001075034",
        "NOMBRE_EST": "COLEGIO CANADA (IED)",
        "ORDEN_DE_S": "A",
        "puntaje_2023": 246.15,
        "cole_caracter": "ACADÉMICO",
        "punt_global_2020": 223.76,
        "punt_global_2022": 229.58
      }
    },
    {
      "type": "Feature",
      "geometry": {
        "type": "Point",
        "coordinates": [
          -8252856.353499999,
          517540.27650000155
        ]
      },
      "properties": {
        "DANE12_EST": "311001075051",
        "NOMBRE_EST": "LICEO SANTA TERESITA DE LISIEUX",
        "ORDEN_DE_S": "A",
        "puntaje_2023": 299.62,
        "cole_caracter": "ACADÉMICO",
        "punt_global_2020": 293.12,
        "punt_global_2022": 300.31
      }
    },
    {
      "type": "Feature",
      "geometry": {
        "type": "Point",
        "coordinates": [
          -8248449.2149,
          510123.54580000043
        ]
      },
      "properties": {
        "DANE12_EST": "311001075361",
        "NOMBRE_EST": "COLEGIO PSICOPEDAGOGICO AMERICANO DEL SUR",
        "ORDEN_DE_S": "A",
        "puntaje_2023": 249.23,
        "cole_caracter": "TÉCNICO/ACADÉMICO",
        "punt_global_2020": 260.0,
        "punt_global_2022": 254.0
      }
    },
    {
      "type": "Feature",
      "geometry": {
        "type": "Point",
        "coordinates": [
          -8256454.1995,
          516326.25719999894
        ]
      },
      "properties": {
        "DANE12_EST": "311001075395",
        "NOMBRE_EST": "COLEGIO CIUDAD DE CALI",
        "ORDEN_DE_S": "A",
        "puntaje_2023": 256.92,
        "cole_caracter": "TÉCNICO/ACADÉMICO",
        "punt_global_2020": 248.7,
        "punt_global_2022": 257.07
      }
    },
    {
      "type": "Feature",
      "geometry": {
        "type": "Point",
        "coordinates": [
          -8257498.3763,
          517605.0544999987
        ]
      },
      "properties": {
        "DANE12_EST": "311001075441",
        "NOMBRE_EST": "COLEGIO JAZMIN OCCIDENTAL",
        "ORDEN_DE_S": "A",
        "puntaje_2023": 248.85,
        "cole_caracter": "ACADÉMICO",
        "punt_global_2020": 264.64,
        "punt_global_2022": 269.0
      }
    },
    {
      "type": "Feature",
      "geometry": {
        "type": "Point",
        "coordinates": [
          -8253340.5933,
          517307.9695999995
        ]
      },
      "properties": {
        "DANE12_EST": "311001075506",
        "NOMBRE_EST": "LICEO PSICOPEDAGOGICO NUEVA CASTILLA",
        "ORDEN_DE_S": "A",
        "puntaje_2023": 284.62,
        "cole_caracter": "ACADÉMICO",
        "punt_global_2020": 276.76,
        "punt_global_2022": 290.51
      }
    },
    {
      "type": "Feature",
      "geometry": {
        "type": "Point",
        "coordinates": [
          -8249704.898700001,
          501886.7664999999
        ]
      },
      "properties": {
        "DANE12_EST": "311001075531",
        "NOMBRE_EST": "INSTITUTO EL INGENIOSO HIDALGO",
        "ORDEN_DE_S": "A",
        "puntaje_2023": 296.15,
        "cole_caracter": "ACADÉMICO",
        "punt_global_2020": 278.33,
        "punt_global_2022": 290.97
      }
    },
    {
      "type": "Feature",
      "geometry": {
        "type": "Point",
        "coordinates": [
          -8247113.380999999,
          505670.0416000001
        ]
      },
      "properties": {
        "DANE12_EST": "311001075689",
        "NOMBRE_EST": "INSTITUTO COMERCIAL EDUARDO TORRES QUINTERO",
        "ORDEN_DE_S": "A",
        "puntaje_2023": 263.46,
        "cole_caracter": "ACADÉMICO",
        "punt_global_2020": 272.62,
        "punt_global_2022": 264.62
      }
    },
    {
      "type": "Feature",
      "geometry": {
        "type": "Point",
        "coordinates": [
          -8242903.277799999,
          528440.4886999987
        ]
      },
      "properties": {
        "DANE12_EST": "311001076031",
        "NOMBRE_EST": "COLEGIO WESLEYANO DEL NORTE",
        "ORDEN_DE_S": "A",
        "puntaje_2023": 298.08,
        "cole_caracter": "ACADÉMICO",
        "punt_global_2020": 285.8,
        "punt_global_2022": 298.26
      }
    },
    {
      "type": "Feature",
      "geometry": {
        "type": "Point",
        "coordinates": [
          -8253974.0012,
          507313.8337999992
        ]
      },
      "properties": {
        "DANE12_EST": "311001076448",
        "NOMBRE_EST": "COLEGIO DIOS ES AMOR LUCERO ALTO",
        "ORDEN_DE_S": "A",
        "puntaje_2023": 273.08,
        "cole_caracter": "ACADÉMICO",
        "punt_global_2020": 256.41,
        "punt_global_2022": 265.28
      }
    },
    {
      "type": "Feature",
      "geometry": {
        "type": "Point",
        "coordinates": [
          -8247879.259099999,
          511392.19209999964
        ]
      },
      "properties": {
        "DANE12_EST": "311001076545",
        "NOMBRE_EST": "COLEGIO GUSTAVO ROJAS PINILLA",
        "ORDEN_DE_S": "A",
        "puntaje_2023": 247.58,
        "cole_caracter": "ACADÉMICO",
        "punt_global_2020": 246.26,
        "punt_global_2022": 254.5
      }
    },
    {
      "type": "Feature",
      "geometry": {
        "type": "Point",
        "coordinates": [
          -8248952.379000001,
          521937.4838999994
        ]
      },
      "properties": {
        "DANE12_EST": "311001076561",
        "NOMBRE_EST": "LICEO HOMBRE DEL RIO",
        "ORDEN_DE_S": "A",
        "puntaje_2023": 281.92,
        "cole_caracter": "ACADÉMICO",
        "punt_global_2020": 286.71,
        "punt_global_2022": 282.8
      }
    },
    {
      "type": "Feature",
      "geometry": {
        "type": "Point",
        "coordinates": [
          -8244107.7546999995,
          534208.9851000011
        ]
      },
      "properties": {
        "DANE12_EST": "311001076634",
        "NOMBRE_EST": "COLEGIO NUEVO COLOMBO AMERICANO",
        "ORDEN_DE_S": "A",
        "puntaje_2023": 373.46,
        "cole_caracter": "ACADÉMICO",
        "punt_global_2020": 361.97,
        "punt_global_2022": 375.17
      }
    },
    {
      "type": "Feature",
      "geometry": {
        "type": "Point",
        "coordinates": [
          -8250756.867900001,
          520457.5731999986
        ]
      },
      "properties": {
        "DANE12_EST": "311001076642",
        "NOMBRE_EST": "COLEGIO BILINGÜE NUEVA ALEJANDRIA",
        "ORDEN_DE_S": "A",
        "puntaje_2023": 346.54,
        "cole_caracter": "ACADÉMICO",
        "punt_global_2020": 356.89,
        "punt_global_2022": 356.5
      }
    },
    {
      "type": "Feature",
      "geometry": {
        "type": "Point",
        "coordinates": [
          -8249225.1117,
          528534.3181999996
        ]
      },
      "properties": {
        "DANE12_EST": "311001076677",
        "NOMBRE_EST": "COLEGIO NUEVA CIENCIA",
        "ORDEN_DE_S": "A",
        "puntaje_2023": 279.23,
        "cole_caracter": "ACADÉMICO",
        "punt_global_2020": 274.12,
        "punt_global_2022": 273.84
      }
    },
    {
      "type": "Feature",
      "geometry": {
        "type": "Point",
        "coordinates": [
          -8256472.010600001,
          513496.22399999946
        ]
      },
      "properties": {
        "DANE12_EST": "311001076685",
        "NOMBRE_EST": "INSTITUTO LEONARD EULER",
        "ORDEN_DE_S": "A",
        "puntaje_2023": 270.38,
        "cole_caracter": "ACADÉMICO",
        "punt_global_2020": 282.12,
        "punt_global_2022": 274.64
      }
    },
    {
      "type": "Feature",
      "geometry": {
        "type": "Point",
        "coordinates": [
          -8246019.110400001,
          520220.7901000008
        ]
      },
      "properties": {
        "DANE12_EST": "311001076758",
        "NOMBRE_EST": "LICEO VAL (VIDA-AMOR-LUZ)",
        "ORDEN_DE_S": "A",
        "puntaje_2023": 307.31,
        "cole_caracter": "ACADÉMICO",
        "punt_global_2020": 314.95,
        "punt_global_2022": 340.47
      }
    },
    {
      "type": "Feature",
      "geometry": {
        "type": "Point",
        "coordinates": [
          -8249047.000499999,
          528514.2118999995
        ]
      },
      "properties": {
        "DANE12_EST": "311001076791",
        "NOMBRE_EST": "GIMNASIO FRANCISCANO DE SUBA",
        "ORDEN_DE_S": "A",
        "puntaje_2023": 255.38,
        "cole_caracter": "TÉCNICO/ACADÉMICO",
        "punt_global_2020": 248.8,
        "punt_global_2022": 252.23
      }
    },
    {
      "type": "Feature",
      "geometry": {
        "type": "Point",
        "coordinates": [
          -8252024.7969,
          510176.03339999914
        ]
      },
      "properties": {
        "DANE12_EST": "311001077541",
        "NOMBRE_EST": "COLEGIO CRISTIANO DE COLOMBIA",
        "ORDEN_DE_S": "A",
        "puntaje_2023": 280.77,
        "cole_caracter": "ACADÉMICO",
        "punt_global_2020": 273.42,
        "punt_global_2022": 265.68
      }
    },
    {
      "type": "Feature",
      "geometry": {
        "type": "Point",
        "coordinates": [
          -8249609.164000001,
          501089.4871999994
        ]
      },
      "properties": {
        "DANE12_EST": "311001078203",
        "NOMBRE_EST": "COLEGIO SAN MARINO",
        "ORDEN_DE_S": "A",
        "puntaje_2023": 232.69,
        "cole_caracter": "ACADÉMICO",
        "punt_global_2020": 237.0,
        "punt_global_2022": 262.29
      }
    },
    {
      "type": "Feature",
      "geometry": {
        "type": "Point",
        "coordinates": [
          -8240399.702500001,
          528671.7116999999
        ]
      },
      "properties": {
        "DANE12_EST": "311001078734",
        "NOMBRE_EST": "INSTITUTO COLOMBO SUECO",
        "ORDEN_DE_S": "A",
        "puntaje_2023": 271.92,
        "cole_caracter": "ACADÉMICO",
        "punt_global_2020": 270.73,
        "punt_global_2022": 284.28
      }
    },
    {
      "type": "Feature",
      "geometry": {
        "type": "Point",
        "coordinates": [
          -8247569.790899999,
          506813.54569999874
        ]
      },
      "properties": {
        "DANE12_EST": "311001079862",
        "NOMBRE_EST": "LICEO EL ENCANTO",
        "ORDEN_DE_S": "A",
        "puntaje_2023": 252.69,
        "cole_caracter": "ACADÉMICO",
        "punt_global_2020": 238.85,
        "punt_global_2022": 253.17
      }
    },
    {
      "type": "Feature",
      "geometry": {
        "type": "Point",
        "coordinates": [
          -8247982.7862,
          506771.1107000001
        ]
      },
      "properties": {
        "DANE12_EST": "311001079901",
        "NOMBRE_EST": "COLEGIO LORENZO DE ALCANTUZ",
        "ORDEN_DE_S": "A",
        "puntaje_2023": 260.0,
        "cole_caracter": "ACADÉMICO",
        "punt_global_2020": 265.6,
        "punt_global_2022": 261.62
      }
    },
    {
      "type": "Feature",
      "geometry": {
        "type": "Point",
        "coordinates": [
          -8245908.904100001,
          537495.5694000013
        ]
      },
      "properties": {
        "DANE12_EST": "311001080160",
        "NOMBRE_EST": "GIMNASIO LA KHUMBRE",
        "ORDEN_DE_S": "A",
        "puntaje_2023": 296.54,
        "cole_caracter": "ACADÉMICO",
        "punt_global_2020": 292.7,
        "punt_global_2022": 296.8
      }
    },
    {
      "type": "Feature",
      "geometry": {
        "type": "Point",
        "coordinates": [
          -8244945.990499999,
          536423.1130000018
        ]
      },
      "properties": {
        "DANE12_EST": "311001086320",
        "NOMBRE_EST": "GIMNASIO COLOMBO BRITANICO - BILINGÜE INTERNACIONAL",
        "ORDEN_DE_S": "A",
        "puntaje_2023": 363.08,
        "cole_caracter": "ACADÉMICO",
        "punt_global_2020": 359.73,
        "punt_global_2022": 361.56
      }
    },
    {
      "type": "Feature",
      "geometry": {
        "type": "Point",
        "coordinates": [
          -8250913.828400001,
          503405.41530000046
        ]
      },
      "properties": {
        "DANE12_EST": "311001086991",
        "NOMBRE_EST": "COLEGIO SANTA MARIA DE LA PAZ",
        "ORDEN_DE_S": "A",
        "puntaje_2023": 284.23,
        "cole_caracter": "TÉCNICO",
        "punt_global_2020": 268.38,
        "punt_global_2022": 266.91
      }
    },
    {
      "type": "Feature",
      "geometry": {
        "type": "Point",
        "coordinates": [
          -8251627.386299999,
          524553.3643000014
        ]
      },
      "properties": {
        "DANE12_EST": "311001087008",
        "NOMBRE_EST": "COLEGIO DE FORMACION INTEGRAL VIRGEN DE LA PEÑA",
        "ORDEN_DE_S": "A",
        "puntaje_2023": 278.85,
        "cole_caracter": "ACADÉMICO",
        "punt_global_2020": 266.38,
        "punt_global_2022": 278.63
      }
    },
    {
      "type": "Feature",
      "geometry": {
        "type": "Point",
        "coordinates": [
          -8257259.0394,
          513882.6392999999
        ]
      },
      "properties": {
        "DANE12_EST": "311001087121",
        "NOMBRE_EST": "COLEGIO PARROQUIAL DE LOS SANTOS APOSTOLES",
        "ORDEN_DE_S": "A",
        "puntaje_2023": 271.54,
        "cole_caracter": "ACADÉMICO",
        "punt_global_2020": 263.95,
        "punt_global_2022": 286.56
      }
    },
    {
      "type": "Feature",
      "geometry": {
        "type": "Point",
        "coordinates": [
          -8253517.5912999995,
          525474.8632999994
        ]
      },
      "properties": {
        "DANE12_EST": "311001087148",
        "NOMBRE_EST": "COLEGIO REMBRANDT",
        "ORDEN_DE_S": "A",
        "puntaje_2023": 262.31,
        "cole_caracter": "ACADÉMICO",
        "punt_global_2020": 264.67,
        "punt_global_2022": 269.6
      }
    },
    {
      "type": "Feature",
      "geometry": {
        "type": "Point",
        "coordinates": [
          -8249057.019300001,
          529044.7976999991
        ]
      },
      "properties": {
        "DANE12_EST": "311001087253",
        "NOMBRE_EST": "GIMNASIO LA CIMA",
        "ORDEN_DE_S": "A",
        "puntaje_2023": 285.77,
        "cole_caracter": "ACADÉMICO",
        "punt_global_2020": 284.0,
        "punt_global_2022": 302.08
      }
    },
    {
      "type": "Feature",
      "geometry": {
        "type": "Point",
        "coordinates": [
          -8242514.7728,
          534223.5073999986
        ]
      },
      "properties": {
        "DANE12_EST": "311001087288",
        "NOMBRE_EST": "GIMNASIO LA MONTAÑA",
        "ORDEN_DE_S": "A",
        "puntaje_2023": 348.08,
        "cole_caracter": "ACADÉMICO",
        "punt_global_2020": 360.02,
        "punt_global_2022": 351.72
      }
    },
    {
      "type": "Feature",
      "geometry": {
        "type": "Point",
        "coordinates": [
          -8247461.811000001,
          520626.22580000013
        ]
      },
      "properties": {
        "DANE12_EST": "311001087547",
        "NOMBRE_EST": "COLEGIO NAVAL SANTA FE DE BOGOTA",
        "ORDEN_DE_S": "A",
        "puntaje_2023": 311.15,
        "cole_caracter": "ACADÉMICO",
        "punt_global_2020": 305.07,
        "punt_global_2022": 301.04
      }
    },
    {
      "type": "Feature",
      "geometry": {
        "type": "Point",
        "coordinates": [
          -8254887.9342,
          512624.0044
        ]
      },
      "properties": {
        "DANE12_EST": "311001087555",
        "NOMBRE_EST": "COLEGIO PSICOPEDAGOGICO EL FUTURO DE VILLA DEL RIO",
        "ORDEN_DE_S": "A",
        "puntaje_2023": 312.69,
        "cole_caracter": "ACADÉMICO",
        "punt_global_2020": 294.04,
        "punt_global_2022": 313.79
      }
    },
    {
      "type": "Feature",
      "geometry": {
        "type": "Point",
        "coordinates": [
          -8255930.9978,
          516484.8493000008
        ]
      },
      "properties": {
        "DANE12_EST": "311001087601",
        "NOMBRE_EST": "COLEGIO RAFAEL GOBERNA",
        "ORDEN_DE_S": "A",
        "puntaje_2023": 256.15,
        "cole_caracter": "ACADÉMICO",
        "punt_global_2020": 240.06,
        "punt_global_2022": 266.53
      }
    },
    {
      "type": "Feature",
      "geometry": {
        "type": "Point",
        "coordinates": [
          -8258647.193399999,
          515929.7784000002
        ]
      },
      "properties": {
        "DANE12_EST": "311001087636",
        "NOMBRE_EST": "INSTITUTO ACADEMICO LA PORTADA",
        "ORDEN_DE_S": "A",
        "puntaje_2023": 264.62,
        "cole_caracter": "ACADÉMICO",
        "punt_global_2020": 236.0,
        "punt_global_2022": 256.42
      }
    },
    {
      "type": "Feature",
      "geometry": {
        "type": "Point",
        "coordinates": [
          -8240543.3046,
          526971.6242000014
        ]
      },
      "properties": {
        "DANE12_EST": "311001087725",
        "NOMBRE_EST": "COLEGIO PIERRE DE FERMAT",
        "ORDEN_DE_S": "A",
        "puntaje_2023": 288.46,
        "cole_caracter": "ACADÉMICO",
        "punt_global_2020": 266.45,
        "punt_global_2022": 278.0
      }
    },
    {
      "type": "Feature",
      "geometry": {
        "type": "Point",
        "coordinates": [
          -8244106.6415,
          530757.2184999995
        ]
      },
      "properties": {
        "DANE12_EST": "311001087750",
        "NOMBRE_EST": "COLEGIO CRISTIANO GRACIA Y AMOR",
        "ORDEN_DE_S": "A",
        "puntaje_2023": 311.92,
        "cole_caracter": "ACADÉMICO",
        "punt_global_2020": 316.59,
        "punt_global_2022": 342.15
      }
    },
    {
      "type": "Feature",
      "geometry": {
        "type": "Point",
        "coordinates": [
          -8250678.9443,
          514305.9114000015
        ]
      },
      "properties": {
        "DANE12_EST": "311001087792",
        "NOMBRE_EST": "COLEGIO DEL SANTISIMO SACRAMENTO",
        "ORDEN_DE_S": "A",
        "puntaje_2023": 287.69,
        "cole_caracter": "ACADÉMICO",
        "punt_global_2020": 290.62,
        "punt_global_2022": 278.71
      }
    },
    {
      "type": "Feature",
      "geometry": {
        "type": "Point",
        "coordinates": [
          -8250316.0427,
          526099.2547999993
        ]
      },
      "properties": {
        "DANE12_EST": "311001087989",
        "NOMBRE_EST": "COLEGIO COLSUBSIDIO CIUDADELA",
        "ORDEN_DE_S": "A",
        "puntaje_2023": 319.23,
        "cole_caracter": "ACADÉMICO",
        "punt_global_2020": 307.35,
        "punt_global_2022": 313.23
      }
    },
    {
      "type": "Feature",
      "geometry": {
        "type": "Point",
        "coordinates": [
          -8248836.606699999,
          527747.9406999983
        ]
      },
      "properties": {
        "DANE12_EST": "311001088047",
        "NOMBRE_EST": "INSTITUTO COPESAL",
        "ORDEN_DE_S": "A",
        "puntaje_2023": 293.08,
        "cole_caracter": "ACADÉMICO",
        "punt_global_2020": 264.54,
        "punt_global_2022": 286.4
      }
    },
    {
      "type": "Feature",
      "geometry": {
        "type": "Point",
        "coordinates": [
          -8256781.478800001,
          515333.38870000094
        ]
      },
      "properties": {
        "DANE12_EST": "311001088063",
        "NOMBRE_EST": "INSTITUTO SAN RICARDO PAMPURI",
        "ORDEN_DE_S": "A",
        "puntaje_2023": 293.08,
        "cole_caracter": "ACADÉMICO",
        "punt_global_2020": 267.09,
        "punt_global_2022": 273.35
      }
    },
    {
      "type": "Feature",
      "geometry": {
        "type": "Point",
        "coordinates": [
          -8254762.143200001,
          521432.6356999986
        ]
      },
      "properties": {
        "DANE12_EST": "311001088217",
        "NOMBRE_EST": "UNIDAD EDUCATIVA BAHIA SOLANO",
        "ORDEN_DE_S": "A",
        "puntaje_2023": 275.38,
        "cole_caracter": "ACADÉMICO",
        "punt_global_2020": 274.21,
        "punt_global_2022": 270.7
      }
    },
    {
      "type": "Feature",
      "geometry": {
        "type": "Point",
        "coordinates": [
          -8259704.728599999,
          513466.07030000165
        ]
      },
      "properties": {
        "DANE12_EST": "311001088314",
        "NOMBRE_EST": "GIMNASIO CACERES",
        "ORDEN_DE_S": "A",
        "puntaje_2023": 240.77,
        "cole_caracter": "ACADÉMICO",
        "punt_global_2020": 237.63,
        "punt_global_2022": 225.72
      }
    },
    {
      "type": "Feature",
      "geometry": {
        "type": "Point",
        "coordinates": [
          -8244471.7695,
          519053.63859999925
        ]
      },
      "properties": {
        "DANE12_EST": "311001088403",
        "NOMBRE_EST": "COLEGIO INTEGRAL",
        "ORDEN_DE_S": "A",
        "puntaje_2023": 271.15,
        "cole_caracter": "ACADÉMICO",
        "punt_global_2020": 293.33,
        "punt_global_2022": 309.05
      }
    },
    {
      "type": "Feature",
      "geometry": {
        "type": "Point",
        "coordinates": [
          -8251486.010600001,
          524456.1887000017
        ]
      },
      "properties": {
        "DANE12_EST": "311001088420",
        "NOMBRE_EST": "COLEGIO PAE -PROCESO ALTERNATIVO EDUCATIVO-",
        "ORDEN_DE_S": "A",
        "puntaje_2023": 282.31,
        "cole_caracter": "ACADÉMICO",
        "punt_global_2020": 276.96,
        "punt_global_2022": 285.08
      }
    },
    {
      "type": "Feature",
      "geometry": {
        "type": "Point",
        "coordinates": [
          -8253435.2149,
          511368.7397999987
        ]
      },
      "properties": {
        "DANE12_EST": "311001088608",
        "NOMBRE_EST": "LICEO SANTA BERNARDITA",
        "ORDEN_DE_S": "A",
        "puntaje_2023": 323.85,
        "cole_caracter": "ACADÉMICO",
        "punt_global_2020": 316.48,
        "punt_global_2022": 328.22
      }
    },
    {
      "type": "Feature",
      "geometry": {
        "type": "Point",
        "coordinates": [
          -8242795.297900001,
          534738.4932000004
        ]
      },
      "properties": {
        "DANE12_EST": "311001088764",
        "NOMBRE_EST": "LICEO CHICO CAMPESTRE",
        "ORDEN_DE_S": "A",
        "puntaje_2023": 310.0,
        "cole_caracter": "ACADÉMICO",
        "punt_global_2020": 304.47,
        "punt_global_2022": 308.3
      }
    },
    {
      "type": "Feature",
      "geometry": {
        "type": "Point",
        "coordinates": [
          -8249405.4493,
          523896.5936000012
        ]
      },
      "properties": {
        "DANE12_EST": "311001088926",
        "NOMBRE_EST": "INSTITUTO TECNICO ANGELI",
        "ORDEN_DE_S": "A",
        "puntaje_2023": 285.77,
        "cole_caracter": "TÉCNICO",
        "punt_global_2020": 272.87,
        "punt_global_2022": 257.8
      }
    },
    {
      "type": "Feature",
      "geometry": {
        "type": "Point",
        "coordinates": [
          -8259917.3488,
          513089.7082000002
        ]
      },
      "properties": {
        "DANE12_EST": "311001089191",
        "NOMBRE_EST": "INSTITUTO TECNICO COMERCIAL MARMATOS",
        "ORDEN_DE_S": "A",
        "puntaje_2023": 279.23,
        "cole_caracter": "ACADÉMICO",
        "punt_global_2020": 260.11,
        "punt_global_2022": null
      }
    },
    {
      "type": "Feature",
      "geometry": {
        "type": "Point",
        "coordinates": [
          -8244254.6965,
          531448.6763999984
        ]
      },
      "properties": {
        "DANE12_EST": "311001089221",
        "NOMBRE_EST": "INSTITUTO ALBERTO MERANI",
        "ORDEN_DE_S": "A",
        "puntaje_2023": 351.54,
        "cole_caracter": "ACADÉMICO",
        "punt_global_2020": 355.3,
        "punt_global_2022": 359.65
      }
    },
    {
      "type": "Feature",
      "geometry": {
        "type": "Point",
        "coordinates": [
          -8244876.9724,
          523169.4609999992
        ]
      },
      "properties": {
        "DANE12_EST": "311001089272",
        "NOMBRE_EST": "GIMNASIO ESPECIALIZADO DEL NORTE",
        "ORDEN_DE_S": "A",
        "puntaje_2023": 268.85,
        "cole_caracter": "ACADÉMICO",
        "punt_global_2020": 283.33,
        "punt_global_2022": 273.33
      }
    },
    {
      "type": "Feature",
      "geometry": {
        "type": "Point",
        "coordinates": [
          -8254195.527000001,
          505837.5461000018
        ]
      },
      "properties": {
        "DANE12_EST": "311001089396",
        "NOMBRE_EST": "INSTITUTO PSICOPEDAGOGICO EL TESORO DE LA VERDAD",
        "ORDEN_DE_S": "A",
        "puntaje_2023": 222.31,
        "cole_caracter": "ACADÉMICO",
        "punt_global_2020": 242.0,
        "punt_global_2022": 219.5
      }
    },
    {
      "type": "Feature",
      "geometry": {
        "type": "Point",
        "coordinates": [
          -8250602.1338,
          519938.21499999985
        ]
      },
      "properties": {
        "DANE12_EST": "311001089540",
        "NOMBRE_EST": "GIMNASIO NUEVO MODELIA",
        "ORDEN_DE_S": "A",
        "puntaje_2023": 348.46,
        "cole_caracter": "ACADÉMICO",
        "punt_global_2020": 334.24,
        "punt_global_2022": 340.52
      }
    },
    {
      "type": "Feature",
      "geometry": {
        "type": "Point",
        "coordinates": [
          -8256880.553099999,
          511259.2960000001
        ]
      },
      "properties": {
        "DANE12_EST": "311001089710",
        "NOMBRE_EST": "COLEGIO SOLES DEL SABER",
        "ORDEN_DE_S": "A",
        "puntaje_2023": 257.69,
        "cole_caracter": "ACADÉMICO",
        "punt_global_2020": 254.6,
        "punt_global_2022": 276.87
      }
    },
    {
      "type": "Feature",
      "geometry": {
        "type": "Point",
        "coordinates": [
          -8244397.1854,
          520322.42810000107
        ]
      },
      "properties": {
        "DANE12_EST": "311001089795",
        "NOMBRE_EST": "LICEO EL ENCUENTRO",
        "ORDEN_DE_S": "A",
        "puntaje_2023": 335.38,
        "cole_caracter": "ACADÉMICO",
        "punt_global_2020": 334.05,
        "punt_global_2022": 337.45
      }
    },
    {
      "type": "Feature",
      "geometry": {
        "type": "Point",
        "coordinates": [
          -8249695.9932,
          507192.1116999984
        ]
      },
      "properties": {
        "DANE12_EST": "311001089981",
        "NOMBRE_EST": "INSTITUTO GUSTAVO ADOLFO BECQUER",
        "ORDEN_DE_S": "A",
        "puntaje_2023": 343.85,
        "cole_caracter": "TÉCNICO/ACADÉMICO",
        "punt_global_2020": 285.71,
        "punt_global_2022": 291.33
      }
    },
    {
      "type": "Feature",
      "geometry": {
        "type": "Point",
        "coordinates": [
          -8248503.761399999,
          528794.5841000006
        ]
      },
      "properties": {
        "DANE12_EST": "311001090297",
        "NOMBRE_EST": "COLEGIO SANTO TORIBIO DE MONGROVEJO",
        "ORDEN_DE_S": "A",
        "puntaje_2023": 263.08,
        "cole_caracter": "ACADÉMICO",
        "punt_global_2020": 278.41,
        "punt_global_2022": 284.08
      }
    },
    {
      "type": "Feature",
      "geometry": {
        "type": "Point",
        "coordinates": [
          -8251275.616699999,
          525469.2784000002
        ]
      },
      "properties": {
        "DANE12_EST": "311001090360",
        "NOMBRE_EST": "GIMNASIO MODERNO SUMMERHILL",
        "ORDEN_DE_S": "A",
        "puntaje_2023": 311.54,
        "cole_caracter": "ACADÉMICO",
        "punt_global_2020": 298.52,
        "punt_global_2022": 293.77
      }
    },
    {
      "type": "Feature",
      "geometry": {
        "type": "Point",
        "coordinates": [
          -8248603.948999999,
          528595.7542999983
        ]
      },
      "properties": {
        "DANE12_EST": "311001090416",
        "NOMBRE_EST": "GIMNASIO ARTISTICO DE SUBA",
        "ORDEN_DE_S": "A",
        "puntaje_2023": 290.77,
        "cole_caracter": "ACADÉMICO",
        "punt_global_2020": 283.55,
        "punt_global_2022": 284.39
      }
    },
    {
      "type": "Feature",
      "geometry": {
        "type": "Point",
        "coordinates": [
          -8248571.666300001,
          530221.0355999991
        ]
      },
      "properties": {
        "DANE12_EST": "311001090459",
        "NOMBRE_EST": "GIMNASIO MODERNO GENERACION DEL FUTURO",
        "ORDEN_DE_S": "A",
        "puntaje_2023": 260.77,
        "cole_caracter": "ACADÉMICO",
        "punt_global_2020": 264.33,
        "punt_global_2022": 278.4
      }
    },
    {
      "type": "Feature",
      "geometry": {
        "type": "Point",
        "coordinates": [
          -8244556.372300001,
          521577.83509999886
        ]
      },
      "properties": {
        "DANE12_EST": "311001090505",
        "NOMBRE_EST": "LICEO FORMACION EDUCACION PERSONALIZADA",
        "ORDEN_DE_S": "A",
        "puntaje_2023": 287.69,
        "cole_caracter": "ACADÉMICO",
        "punt_global_2020": 280.54,
        "punt_global_2022": 283.0
      }
    },
    {
      "type": "Feature",
      "geometry": {
        "type": "Point",
        "coordinates": [
          -8256850.4968,
          517090.18250000104
        ]
      },
      "properties": {
        "DANE12_EST": "311001090572",
        "NOMBRE_EST": "LICEO CULTURAL MOSQUERA",
        "ORDEN_DE_S": "A",
        "puntaje_2023": 290.38,
        "cole_caracter": "ACADÉMICO",
        "punt_global_2020": 279.2,
        "punt_global_2022": 283.71
      }
    },
    {
      "type": "Feature",
      "geometry": {
        "type": "Point",
        "coordinates": [
          -8259094.697799999,
          515315.51949999854
        ]
      },
      "properties": {
        "DANE12_EST": "311001090637",
        "NOMBRE_EST": "LICEO MIXTO LOS CENTAUROS",
        "ORDEN_DE_S": "A",
        "puntaje_2023": 278.08,
        "cole_caracter": "ACADÉMICO",
        "punt_global_2020": 260.62,
        "punt_global_2022": 280.05
      }
    },
    {
      "type": "Feature",
      "geometry": {
        "type": "Point",
        "coordinates": [
          -8259931.8203,
          515068.7003999986
        ]
      },
      "properties": {
        "DANE12_EST": "311001090718",
        "NOMBRE_EST": "INSTITUTO LABERINTO DE LA CULTURA",
        "ORDEN_DE_S": "A",
        "puntaje_2023": 275.0,
        "cole_caracter": "ACADÉMICO",
        "punt_global_2020": 227.5,
        "punt_global_2022": 256.56
      }
    },
    {
      "type": "Feature",
      "geometry": {
        "type": "Point",
        "coordinates": [
          -8248027.313999999,
          527198.3748000003
        ]
      },
      "properties": {
        "DANE12_EST": "311001090751",
        "NOMBRE_EST": "INSTITUTO PSICOPEDAGOGICO ROSAL DE SUBA",
        "ORDEN_DE_S": "A",
        "puntaje_2023": 227.31,
        "cole_caracter": "NO APLICA",
        "punt_global_2020": 241.5,
        "punt_global_2022": 265.14
      }
    },
    {
      "type": "Feature",
      "geometry": {
        "type": "Point",
        "coordinates": [
          -8248678.533,
          529092.8297999986
        ]
      },
      "properties": {
        "DANE12_EST": "311001090793",
        "NOMBRE_EST": "CENTRO EDUCATIVO LOMBARDIA",
        "ORDEN_DE_S": "A",
        "puntaje_2023": 297.69,
        "cole_caracter": "ACADÉMICO",
        "punt_global_2020": 290.0,
        "punt_global_2022": 290.64
      }
    },
    {
      "type": "Feature",
      "geometry": {
        "type": "Point",
        "coordinates": [
          -8250271.514900001,
          501976.09800000116
        ]
      },
      "properties": {
        "DANE12_EST": "311001090807",
        "NOMBRE_EST": "COLEGIO PSICOPEDAGOGICO VILLAVERDE",
        "ORDEN_DE_S": "A",
        "puntaje_2023": 279.62,
        "cole_caracter": "ACADÉMICO",
        "punt_global_2020": 263.14,
        "punt_global_2022": 294.46
      }
    },
    {
      "type": "Feature",
      "geometry": {
        "type": "Point",
        "coordinates": [
          -8257183.3421,
          517158.31069999933
        ]
      },
      "properties": {
        "DANE12_EST": "311001090866",
        "NOMBRE_EST": "COLEGIO CIUDAD DE FOMEQUE",
        "ORDEN_DE_S": "A",
        "puntaje_2023": 265.0,
        "cole_caracter": "TÉCNICO/ACADÉMICO",
        "punt_global_2020": 262.67,
        "punt_global_2022": 275.19
      }
    },
    {
      "type": "Feature",
      "geometry": {
        "type": "Point",
        "coordinates": [
          -8249249.602,
          512752.43569999933
        ]
      },
      "properties": {
        "DANE12_EST": "311001090912",
        "NOMBRE_EST": "COLEGIO CRISTIANO SEMILLA DE VIDA",
        "ORDEN_DE_S": "A",
        "puntaje_2023": 296.15,
        "cole_caracter": "ACADÉMICO",
        "punt_global_2020": 300.53,
        "punt_global_2022": 309.46
      }
    },
    {
      "type": "Feature",
      "geometry": {
        "type": "Point",
        "coordinates": [
          -8242909.957,
          532702.0295999981
        ]
      },
      "properties": {
        "DANE12_EST": "311001090921",
        "NOMBRE_EST": "COLEGIO CORAZONISTA",
        "ORDEN_DE_S": "A",
        "puntaje_2023": 350.0,
        "cole_caracter": "ACADÉMICO",
        "punt_global_2020": 348.39,
        "punt_global_2022": 352.25
      }
    },
    {
      "type": "Feature",
      "geometry": {
        "type": "Point",
        "coordinates": [
          -8254618.540999999,
          509944.8647999987
        ]
      },
      "properties": {
        "DANE12_EST": "311001091081",
        "NOMBRE_EST": "GIMNASIO INTEGRAL GUATIQUIA",
        "ORDEN_DE_S": "A",
        "puntaje_2023": 275.0,
        "cole_caracter": "NO APLICA",
        "punt_global_2020": 267.32,
        "punt_global_2022": 265.9
      }
    },
    {
      "type": "Feature",
      "geometry": {
        "type": "Point",
        "coordinates": [
          -8249373.1666,
          528953.2016000003
        ]
      },
      "properties": {
        "DANE12_EST": "311001091129",
        "NOMBRE_EST": "COLEGIO HOGAR DE NAZARETH",
        "ORDEN_DE_S": "A",
        "puntaje_2023": 290.0,
        "cole_caracter": "TÉCNICO/ACADÉMICO",
        "punt_global_2020": 284.47,
        "punt_global_2022": 284.79
      }
    },
    {
      "type": "Feature",
      "geometry": {
        "type": "Point",
        "coordinates": [
          -8250662.246300001,
          505876.63049999997
        ]
      },
      "properties": {
        "DANE12_EST": "311001091234",
        "NOMBRE_EST": "LICEO COMERCIAL NUEVO ALEJANDRINO",
        "ORDEN_DE_S": "A",
        "puntaje_2023": 253.08,
        "cole_caracter": "TÉCNICO",
        "punt_global_2020": 260.0,
        "punt_global_2022": 250.5
      }
    },
    {
      "type": "Feature",
      "geometry": {
        "type": "Point",
        "coordinates": [
          -8248802.0977,
          510301.1103999987
        ]
      },
      "properties": {
        "DANE12_EST": "311001091293",
        "NOMBRE_EST": "COLEGIO COLOMBO FLORIDA BILINGÜE",
        "ORDEN_DE_S": "A",
        "puntaje_2023": 300.0,
        "cole_caracter": "ACADÉMICO",
        "punt_global_2020": 283.7,
        "punt_global_2022": 287.88
      }
    },
    {
      "type": "Feature",
      "geometry": {
        "type": "Point",
        "coordinates": [
          -8247750.1285,
          514151.79100000113
        ]
      },
      "properties": {
        "DANE12_EST": "311001091587",
        "NOMBRE_EST": "COLEGIO TRIANGULO PALOQUEMAO",
        "ORDEN_DE_S": "A",
        "puntaje_2023": 216.92,
        "cole_caracter": "ACADÉMICO",
        "punt_global_2020": 221.5,
        "punt_global_2022": 230.12
      }
    },
    {
      "type": "Feature",
      "geometry": {
        "type": "Point",
        "coordinates": [
          -8254788.8599,
          515200.48600000143
        ]
      },
      "properties": {
        "DANE12_EST": "311001091595",
        "NOMBRE_EST": "COLEGIO TRIANGULO KENNEDY",
        "ORDEN_DE_S": "A",
        "puntaje_2023": 256.15,
        "cole_caracter": "ACADÉMICO",
        "punt_global_2020": 224.6,
        "punt_global_2022": 250.21
      }
    },
    {
      "type": "Feature",
      "geometry": {
        "type": "Point",
        "coordinates": [
          -8244805.7279,
          518714.1068000011
        ]
      },
      "properties": {
        "DANE12_EST": "311001091609",
        "NOMBRE_EST": "COLEGIO TRIANGULO CHAPINERO",
        "ORDEN_DE_S": "A",
        "puntaje_2023": 250.0,
        "cole_caracter": "ACADÉMICO",
        "punt_global_2020": 227.56,
        "punt_global_2022": 213.69
      }
    },
    {
      "type": "Feature",
      "geometry": {
        "type": "Point",
        "coordinates": [
          -8255856.413799999,
          516589.83300000057
        ]
      },
      "properties": {
        "DANE12_EST": "311001091838",
        "NOMBRE_EST": "COLEGIO TRIANGULO PATIO BONITO",
        "ORDEN_DE_S": "A",
        "puntaje_2023": 225.77,
        "cole_caracter": "ACADÉMICO",
        "punt_global_2020": 246.41,
        "punt_global_2022": 221.97
      }
    },
    {
      "type": "Feature",
      "geometry": {
        "type": "Point",
        "coordinates": [
          -8257624.167300001,
          512951.2252999991
        ]
      },
      "properties": {
        "DANE12_EST": "311001091846",
        "NOMBRE_EST": "CENTRO EDUCATIVO EXTERNADO SIMON BOLIVAR",
        "ORDEN_DE_S": "A",
        "puntaje_2023": 223.26,
        "cole_caracter": "ACADÉMICO",
        "punt_global_2020": 225.38,
        "punt_global_2022": 234.87
      }
    },
    {
      "type": "Feature",
      "geometry": {
        "type": "Point",
        "coordinates": [
          -8249695.9932,
          506860.4475999996
        ]
      },
      "properties": {
        "DANE12_EST": "311001091862",
        "NOMBRE_EST": "COLEGIO DE ADMINISTRACION ROBERT OWEN",
        "ORDEN_DE_S": "A",
        "puntaje_2023": 250.38,
        "cole_caracter": "ACADÉMICO",
        "punt_global_2020": 255.68,
        "punt_global_2022": 248.4
      }
    },
    {
      "type": "Feature",
      "geometry": {
        "type": "Point",
        "coordinates": [
          -8252161.719900001,
          524356.7793000005
        ]
      },
      "properties": {
        "DANE12_EST": "311001092214",
        "NOMBRE_EST": "GIMNASIO MAYOR DE OCCIDENTE",
        "ORDEN_DE_S": "A",
        "puntaje_2023": 298.46,
        "cole_caracter": "ACADÉMICO",
        "punt_global_2020": 280.18,
        "punt_global_2022": 293.3
      }
    },
    {
      "type": "Feature",
      "geometry": {
        "type": "Point",
        "coordinates": [
          -8250840.3575,
          528978.8931000009
        ]
      },
      "properties": {
        "DANE12_EST": "311001092222",
        "NOMBRE_EST": "COLEGIO VAN LEEUWENHOEK",
        "ORDEN_DE_S": "A",
        "puntaje_2023": 255.77,
        "cole_caracter": "ACADÉMICO",
        "punt_global_2020": 248.08,
        "punt_global_2022": 267.53
      }
    },
    {
      "type": "Feature",
      "geometry": {
        "type": "Point",
        "coordinates": [
          -8254250.0735,
          515373.5945999995
        ]
      },
      "properties": {
        "DANE12_EST": "311001092290",
        "NOMBRE_EST": "INSTITUCION EDUCATIVA SAN NICOLAS LTDA",
        "ORDEN_DE_S": "A",
        "puntaje_2023": 236.92,
        "cole_caracter": "ACADÉMICO",
        "punt_global_2020": 249.48,
        "punt_global_2022": 227.36
      }
    },
    {
      "type": "Feature",
      "geometry": {
        "type": "Point",
        "coordinates": [
          -8256932.873299999,
          513317.53550000116
        ]
      },
      "properties": {
        "DANE12_EST": "311001092397",
        "NOMBRE_EST": "LICEO CARMELITA",
        "ORDEN_DE_S": "A",
        "puntaje_2023": 305.0,
        "cole_caracter": "ACADÉMICO",
        "punt_global_2020": 277.07,
        "punt_global_2022": 287.89
      }
    },
    {
      "type": "Feature",
      "geometry": {
        "type": "Point",
        "coordinates": [
          -8245856.583900001,
          511871.2899999991
        ]
      },
      "properties": {
        "DANE12_EST": "311001092435",
        "NOMBRE_EST": "CENTRO EDUCATIVO LIBERTAD",
        "ORDEN_DE_S": "A",
        "puntaje_2023": 289.62,
        "cole_caracter": "NO APLICA",
        "punt_global_2020": 312.91,
        "punt_global_2022": 300.5
      }
    },
    {
      "type": "Feature",
      "geometry": {
        "type": "Point",
        "coordinates": [
          -8255217.4399,
          511621.1312999986
        ]
      },
      "properties": {
        "DANE12_EST": "311001092478",
        "NOMBRE_EST": "GIMNASIO OBREGON",
        "ORDEN_DE_S": "A",
        "puntaje_2023": 318.46,
        "cole_caracter": "ACADÉMICO",
        "punt_global_2020": 303.0,
        "punt_global_2022": 305.04
      }
    },
    {
      "type": "Feature",
      "geometry": {
        "type": "Point",
        "coordinates": [
          -8245317.797599999,
          515350.14119999856
        ]
      },
      "properties": {
        "DANE12_EST": "311001092532",
        "NOMBRE_EST": "CENTRO DE CAPACITACION BOLIVAR - CENCABO",
        "ORDEN_DE_S": "A",
        "puntaje_2023": 241.92,
        "cole_caracter": "ACADÉMICO",
        "punt_global_2020": 222.0,
        "punt_global_2022": 249.66
      }
    },
    {
      "type": "Feature",
      "geometry": {
        "type": "Point",
        "coordinates": [
          -8250387.2872,
          507622.0485999994
        ]
      },
      "properties": {
        "DANE12_EST": "311001092541",
        "NOMBRE_EST": "LICEO LORD SINCLER LOS CAMINOS DEL SABER",
        "ORDEN_DE_S": "A",
        "puntaje_2023": 290.38,
        "cole_caracter": "ACADÉMICO",
        "punt_global_2020": 290.5,
        "punt_global_2022": 294.62
      }
    },
    {
      "type": "Feature",
      "geometry": {
        "type": "Point",
        "coordinates": [
          -8244175.659600001,
          529176.6068999991
        ]
      },
      "properties": {
        "DANE12_EST": "311001092656",
        "NOMBRE_EST": "COLEGIO COLOMBO BRIGHTON",
        "ORDEN_DE_S": "A",
        "puntaje_2023": 289.62,
        "cole_caracter": "ACADÉMICO",
        "punt_global_2020": 270.44,
        "punt_global_2022": 284.79
      }
    },
    {
      "type": "Feature",
      "geometry": {
        "type": "Point",
        "coordinates": [
          -8244291.4319,
          531492.241799999
        ]
      },
      "properties": {
        "DANE12_EST": "311001092753",
        "NOMBRE_EST": "GIMNASIO CRISTIANO ADONAI SAS",
        "ORDEN_DE_S": "A",
        "puntaje_2023": 325.77,
        "cole_caracter": "ACADÉMICO",
        "punt_global_2020": 320.25,
        "punt_global_2022": 326.36
      }
    },
    {
      "type": "Feature",
      "geometry": {
        "type": "Point",
        "coordinates": [
          -8251077.468,
          508049.7544
        ]
      },
      "properties": {
        "DANE12_EST": "311001092818",
        "NOMBRE_EST": "NUEVO LICEO SANTA CLARA",
        "ORDEN_DE_S": "A",
        "puntaje_2023": 274.23,
        "cole_caracter": "TÉCNICO/ACADÉMICO",
        "punt_global_2020": 244.83,
        "punt_global_2022": 246.17
      }
    },
    {
      "type": "Feature",
      "geometry": {
        "type": "Point",
        "coordinates": [
          -8248265.537699999,
          530123.8528999984
        ]
      },
      "properties": {
        "DANE12_EST": "311001092907",
        "NOMBRE_EST": "LICEO FESAN",
        "ORDEN_DE_S": "A",
        "puntaje_2023": 290.77,
        "cole_caracter": "ACADÉMICO",
        "punt_global_2020": 275.76,
        "punt_global_2022": 285.67
      }
    },
    {
      "type": "Feature",
      "geometry": {
        "type": "Point",
        "coordinates": [
          -8242918.862600001,
          526014.3641000018
        ]
      },
      "properties": {
        "DANE12_EST": "311001092923",
        "NOMBRE_EST": "COLEGIO RICHARD WAGNER",
        "ORDEN_DE_S": "A",
        "puntaje_2023": 281.92,
        "cole_caracter": "ACADÉMICO",
        "punt_global_2020": 283.2,
        "punt_global_2022": null
      }
    },
    {
      "type": "Feature",
      "geometry": {
        "type": "Point",
        "coordinates": [
          -8256564.4057,
          510568.0163999982
        ]
      },
      "properties": {
        "DANE12_EST": "311001093016",
        "NOMBRE_EST": "INSTITUTO MARMATOS SEDE 2",
        "ORDEN_DE_S": "A",
        "puntaje_2023": 284.62,
        "cole_caracter": "ACADÉMICO",
        "punt_global_2020": 240.0,
        "punt_global_2022": null
      }
    },
    {
      "type": "Feature",
      "geometry": {
        "type": "Point",
        "coordinates": [
          -8251057.430500001,
          515420.501600001
        ]
      },
      "properties": {
        "DANE12_EST": "311001093041",
        "NOMBRE_EST": "INSTITUTO PEDAGOGICO PARA EL DESARROLLO INTEGRAL CREAR",
        "ORDEN_DE_S": "A",
        "puntaje_2023": 305.0,
        "cole_caracter": "ACADÉMICO",
        "punt_global_2020": 291.83,
        "punt_global_2022": 309.1
      }
    },
    {
      "type": "Feature",
      "geometry": {
        "type": "Point",
        "coordinates": [
          -8250402.8719,
          528461.7120000012
        ]
      },
      "properties": {
        "DANE12_EST": "311001093121",
        "NOMBRE_EST": "LICEO LA NUEVA ESTANCIA DE SUBA LTDA",
        "ORDEN_DE_S": "A",
        "puntaje_2023": 282.69,
        "cole_caracter": "TÉCNICO/ACADÉMICO",
        "punt_global_2020": 278.54,
        "punt_global_2022": 287.13
      }
    },
    {
      "type": "Feature",
      "geometry": {
        "type": "Point",
        "coordinates": [
          -8247795.7695,
          529561.9827000014
        ]
      },
      "properties": {
        "DANE12_EST": "311001093130",
        "NOMBRE_EST": "COLEGIO BILINGÜE MAXIMINO POITIERS",
        "ORDEN_DE_S": "A",
        "puntaje_2023": 310.0,
        "cole_caracter": "ACADÉMICO",
        "punt_global_2020": 295.11,
        "punt_global_2022": 301.44
      }
    },
    {
      "type": "Feature",
      "geometry": {
        "type": "Point",
        "coordinates": [
          -8251630.7259,
          510929.84860000014
        ]
      },
      "properties": {
        "DANE12_EST": "311001093253",
        "NOMBRE_EST": "COLEGIO MAYOR DEL CLARET",
        "ORDEN_DE_S": "A",
        "puntaje_2023": 306.92,
        "cole_caracter": "ACADÉMICO",
        "punt_global_2020": 286.58,
        "punt_global_2022": 292.87
      }
    },
    {
      "type": "Feature",
      "geometry": {
        "type": "Point",
        "coordinates": [
          -8244436.1472,
          535194.2751999982
        ]
      },
      "properties": {
        "DANE12_EST": "311001093393",
        "NOMBRE_EST": "GIMNASIO CAMPESTRE BETH-SHALOM",
        "ORDEN_DE_S": "A",
        "puntaje_2023": 335.77,
        "cole_caracter": "ACADÉMICO",
        "punt_global_2020": 330.33,
        "punt_global_2022": 334.56
      }
    },
    {
      "type": "Feature",
      "geometry": {
        "type": "Point",
        "coordinates": [
          -8247195.7574000005,
          529917.2003999986
        ]
      },
      "properties": {
        "DANE12_EST": "311001093598",
        "NOMBRE_EST": "LICEO PEDAGOGICO CATHERBLANC S.A.S.",
        "ORDEN_DE_S": "A",
        "puntaje_2023": 268.08,
        "cole_caracter": "ACADÉMICO",
        "punt_global_2020": 267.62,
        "punt_global_2022": 278.19
      }
    },
    {
      "type": "Feature",
      "geometry": {
        "type": "Point",
        "coordinates": [
          -8244303.676999999,
          530216.567499999
        ]
      },
      "properties": {
        "DANE12_EST": "311001093601",
        "NOMBRE_EST": "LICEO MATOVELLE",
        "ORDEN_DE_S": "A",
        "puntaje_2023": 320.77,
        "cole_caracter": "ACADÉMICO",
        "punt_global_2020": 332.93,
        "punt_global_2022": 324.42
      }
    },
    {
      "type": "Feature",
      "geometry": {
        "type": "Point",
        "coordinates": [
          -8250264.8358,
          518828.02849999815
        ]
      },
      "properties": {
        "DANE12_EST": "311001093652",
        "NOMBRE_EST": "COLEGIO AGUSTINIANO CIUDAD SALITRE",
        "ORDEN_DE_S": "A",
        "puntaje_2023": 332.69,
        "cole_caracter": "ACADÉMICO",
        "punt_global_2020": 329.55,
        "punt_global_2022": 334.7
      }
    },
    {
      "type": "Feature",
      "geometry": {
        "type": "Point",
        "coordinates": [
          -8248672.967,
          527649.6440999992
        ]
      },
      "properties": {
        "DANE12_EST": "311001093831",
        "NOMBRE_EST": "COLEGIO CRISTIANO KABOD",
        "ORDEN_DE_S": "A",
        "puntaje_2023": 295.0,
        "cole_caracter": "ACADÉMICO",
        "punt_global_2020": 285.94,
        "punt_global_2022": 311.25
      }
    },
    {
      "type": "Feature",
      "geometry": {
        "type": "Point",
        "coordinates": [
          -8247460.697799999,
          529771.9853999987
        ]
      },
      "properties": {
        "DANE12_EST": "311001094403",
        "NOMBRE_EST": "COLEGIO REUVEN FEUERSTEIN",
        "ORDEN_DE_S": "A",
        "puntaje_2023": 364.62,
        "cole_caracter": "ACADÉMICO",
        "punt_global_2020": 344.22,
        "punt_global_2022": 362.0
      }
    },
    {
      "type": "Feature",
      "geometry": {
        "type": "Point",
        "coordinates": [
          -8255757.339400001,
          516698.1673000008
        ]
      },
      "properties": {
        "DANE12_EST": "311001094420",
        "NOMBRE_EST": "GIMNASIO CRISTIANO LUZ Y VIDA",
        "ORDEN_DE_S": "A",
        "puntaje_2023": 290.77,
        "cole_caracter": "NO APLICA",
        "punt_global_2020": 272.46,
        "punt_global_2022": 285.78
      }
    },
    {
      "type": "Feature",
      "geometry": {
        "type": "Point",
        "coordinates": [
          -8244656.559800001,
          518986.625599999
        ]
      },
      "properties": {
        "DANE12_EST": "311001094683",
        "NOMBRE_EST": "GIMNASIO CRISTIANO SHEKINAH",
        "ORDEN_DE_S": "A",
        "puntaje_2023": 286.54,
        "cole_caracter": "ACADÉMICO",
        "punt_global_2020": 271.69,
        "punt_global_2022": 273.0
      }
    },
    {
      "type": "Feature",
      "geometry": {
        "type": "Point",
        "coordinates": [
          -8254177.7159,
          508650.556499999
        ]
      },
      "properties": {
        "DANE12_EST": "311001094730",
        "NOMBRE_EST": "INSTITUTO SAN FRANCISCO",
        "ORDEN_DE_S": "A",
        "puntaje_2023": 255.0,
        "cole_caracter": "ACADÉMICO",
        "punt_global_2020": 244.32,
        "punt_global_2022": 264.62
      }
    },
    {
      "type": "Feature",
      "geometry": {
        "type": "Point",
        "coordinates": [
          -8253213.689099999,
          525071.6363000013
        ]
      },
      "properties": {
        "DANE12_EST": "311001094811",
        "NOMBRE_EST": "COLEGIO LUIS MARIANO",
        "ORDEN_DE_S": "A",
        "puntaje_2023": 263.46,
        "cole_caracter": "ACADÉMICO",
        "punt_global_2020": 265.55,
        "punt_global_2022": 265.91
      }
    },
    {
      "type": "Feature",
      "geometry": {
        "type": "Point",
        "coordinates": [
          -8251429.237600001,
          509817.55490000173
        ]
      },
      "properties": {
        "DANE12_EST": "311001094942",
        "NOMBRE_EST": "CENTRO DE EDUCACION FORMAL ROBERT HOOKE",
        "ORDEN_DE_S": "A",
        "puntaje_2023": 223.85,
        "cole_caracter": "ACADÉMICO",
        "punt_global_2020": 229.56,
        "punt_global_2022": 221.09
      }
    },
    {
      "type": "Feature",
      "geometry": {
        "type": "Point",
        "coordinates": [
          -8250340.533,
          524981.1618999988
        ]
      },
      "properties": {
        "DANE12_EST": "311001094993",
        "NOMBRE_EST": "COLEGIO MAYOR DE GALES",
        "ORDEN_DE_S": "A",
        "puntaje_2023": 286.54,
        "cole_caracter": "ACADÉMICO",
        "punt_global_2020": 268.4,
        "punt_global_2022": 268.38
      }
    },
    {
      "type": "Feature",
      "geometry": {
        "type": "Point",
        "coordinates": [
          -8250250.3642,
          523146.0053000003
        ]
      },
      "properties": {
        "DANE12_EST": "311001095001",
        "NOMBRE_EST": "COLEGIO CRISTIANO PSICOPEDAGOGICO SINAI",
        "ORDEN_DE_S": "A",
        "puntaje_2023": 313.46,
        "cole_caracter": "NO APLICA",
        "punt_global_2020": 276.88,
        "punt_global_2022": 295.07
      }
    },
    {
      "type": "Feature",
      "geometry": {
        "type": "Point",
        "coordinates": [
          -8244057.661,
          529671.4521000013
        ]
      },
      "properties": {
        "DANE12_EST": "311001095191",
        "NOMBRE_EST": "COLEGIO SAN SIMON",
        "ORDEN_DE_S": "A",
        "puntaje_2023": 302.69,
        "cole_caracter": "ACADÉMICO",
        "punt_global_2020": 306.65,
        "punt_global_2022": 296.3
      }
    },
    {
      "type": "Feature",
      "geometry": {
        "type": "Point",
        "coordinates": [
          -8248813.229599999,
          528069.6396000013
        ]
      },
      "properties": {
        "DANE12_EST": "311001095469",
        "NOMBRE_EST": "GIMNASIO PSICOPEDAGOGICO SUBA",
        "ORDEN_DE_S": "A",
        "puntaje_2023": 294.23,
        "cole_caracter": "ACADÉMICO",
        "punt_global_2020": 276.37,
        "punt_global_2022": 294.78
      }
    },
    {
      "type": "Feature",
      "geometry": {
        "type": "Point",
        "coordinates": [
          -8250598.794199999,
          510422.83729999885
        ]
      },
      "properties": {
        "DANE12_EST": "311001095523",
        "NOMBRE_EST": "COLEGIO MAYOR DEL QUIROGA",
        "ORDEN_DE_S": "A",
        "puntaje_2023": 285.38,
        "cole_caracter": "ACADÉMICO",
        "punt_global_2020": 277.84,
        "punt_global_2022": 289.4
      }
    },
    {
      "type": "Feature",
      "geometry": {
        "type": "Point",
        "coordinates": [
          -8250093.4037,
          529415.6513999999
        ]
      },
      "properties": {
        "DANE12_EST": "311001096074",
        "NOMBRE_EST": "LICEO EMPRESARIAL DEL CAMPO",
        "ORDEN_DE_S": "A",
        "puntaje_2023": 299.62,
        "cole_caracter": "ACADÉMICO",
        "punt_global_2020": 291.92,
        "punt_global_2022": 281.3
      }
    },
    {
      "type": "Feature",
      "geometry": {
        "type": "Point",
        "coordinates": [
          -8257374.8116,
          515682.9574000016
        ]
      },
      "properties": {
        "DANE12_EST": "311001096171",
        "NOMBRE_EST": "LICEO PSICOPEDAGOGICO EL CARMELO",
        "ORDEN_DE_S": "A",
        "puntaje_2023": 228.08,
        "cole_caracter": "ACADÉMICO",
        "punt_global_2020": 221.63,
        "punt_global_2022": 223.68
      }
    },
    {
      "type": "Feature",
      "geometry": {
        "type": "Point",
        "coordinates": [
          -8252205.134500001,
          524919.7287000008
        ]
      },
      "properties": {
        "DANE12_EST": "311001096228",
        "NOMBRE_EST": "LICEO SAN LEON MAGNO",
        "ORDEN_DE_S": "A",
        "puntaje_2023": 263.46,
        "cole_caracter": "ACADÉMICO",
        "punt_global_2020": 258.92,
        "punt_global_2022": 245.19
      }
    },
    {
      "type": "Feature",
      "geometry": {
        "type": "Point",
        "coordinates": [
          -8249786.1620000005,
          502491.9893000014
        ]
      },
      "properties": {
        "DANE12_EST": "311001096309",
        "NOMBRE_EST": "LICEO MARIA NELL",
        "ORDEN_DE_S": "A",
        "puntaje_2023": 310.0,
        "cole_caracter": "ACADÉMICO",
        "punt_global_2020": 299.83,
        "punt_global_2022": 291.15
      }
    },
    {
      "type": "Feature",
      "geometry": {
        "type": "Point",
        "coordinates": [
          -8259698.0494,
          515111.13980000094
        ]
      },
      "properties": {
        "DANE12_EST": "311001096414",
        "NOMBRE_EST": "LICEO CULTURAL LOPEZ OSORIO",
        "ORDEN_DE_S": "A",
        "puntaje_2023": 256.92,
        "cole_caracter": "ACADÉMICO",
        "punt_global_2020": 238.06,
        "punt_global_2022": 251.02
      }
    },
    {
      "type": "Feature",
      "geometry": {
        "type": "Point",
        "coordinates": [
          -8250090.064200001,
          507790.67390000075
        ]
      },
      "properties": {
        "DANE12_EST": "311001096465",
        "NOMBRE_EST": "LICEO TECNICO MICROEMPRESARIAL FEYSER GORDILLO ROJAS",
        "ORDEN_DE_S": "A",
        "puntaje_2023": 245.38,
        "cole_caracter": "TÉCNICO/ACADÉMICO",
        "punt_global_2020": 240.21,
        "punt_global_2022": 250.14
      }
    },
    {
      "type": "Feature",
      "geometry": {
        "type": "Point",
        "coordinates": [
          -8246898.534399999,
          504809.0740999989
        ]
      },
      "properties": {
        "DANE12_EST": "311001096732",
        "NOMBRE_EST": "GIMNASIO CAMPUS PAMPURI",
        "ORDEN_DE_S": "A",
        "puntaje_2023": 306.92,
        "cole_caracter": "NO APLICA",
        "punt_global_2020": null,
        "punt_global_2022": 286.4
      }
    },
    {
      "type": "Feature",
      "geometry": {
        "type": "Point",
        "coordinates": [
          -8249219.545700001,
          501840.98409999907
        ]
      },
      "properties": {
        "DANE12_EST": "311001097038",
        "NOMBRE_EST": "COLEGIO ARIEL DAVID",
        "ORDEN_DE_S": "A",
        "puntaje_2023": 261.15,
        "cole_caracter": "TÉCNICO",
        "punt_global_2020": 277.71,
        "punt_global_2022": 299.14
      }
    },
    {
      "type": "Feature",
      "geometry": {
        "type": "Point",
        "coordinates": [
          -8252779.543099999,
          524321.0366000012
        ]
      },
      "properties": {
        "DANE12_EST": "311001097071",
        "NOMBRE_EST": "COLEGIO MODERNO ENGATIVA",
        "ORDEN_DE_S": "A",
        "puntaje_2023": 288.46,
        "cole_caracter": "ACADÉMICO",
        "punt_global_2020": 286.29,
        "punt_global_2022": 252.79
      }
    },
    {
      "type": "Feature",
      "geometry": {
        "type": "Point",
        "coordinates": [
          -8251617.3675999995,
          525799.9037000015
        ]
      },
      "properties": {
        "DANE12_EST": "311001097259",
        "NOMBRE_EST": "COLEGIO CATOLICO DE LA SABANA",
        "ORDEN_DE_S": "A",
        "puntaje_2023": 313.08,
        "cole_caracter": "ACADÉMICO",
        "punt_global_2020": 322.45,
        "punt_global_2022": 312.39
      }
    },
    {
      "type": "Feature",
      "geometry": {
        "type": "Point",
        "coordinates": [
          -8250282.6469,
          529246.9798000008
        ]
      },
      "properties": {
        "DANE12_EST": "311001097500",
        "NOMBRE_EST": "LICEO ARKADIA COLOMBIA",
        "ORDEN_DE_S": "A",
        "puntaje_2023": 281.54,
        "cole_caracter": "ACADÉMICO",
        "punt_global_2020": 272.22,
        "punt_global_2022": 280.39
      }
    },
    {
      "type": "Feature",
      "geometry": {
        "type": "Point",
        "coordinates": [
          -8249435.5056,
          502489.756000001
        ]
      },
      "properties": {
        "DANE12_EST": "311001097569",
        "NOMBRE_EST": "LICEO LATINOAMERICANO DEL SUR",
        "ORDEN_DE_S": "A",
        "puntaje_2023": 273.08,
        "cole_caracter": "ACADÉMICO",
        "punt_global_2020": 272.33,
        "punt_global_2022": 272.14
      }
    },
    {
      "type": "Feature",
      "geometry": {
        "type": "Point",
        "coordinates": [
          -8260233.496200001,
          513843.55099999905
        ]
      },
      "properties": {
        "DANE12_EST": "311001097615",
        "NOMBRE_EST": "LICEO ERNESTO CARDENAL",
        "ORDEN_DE_S": "A",
        "puntaje_2023": 265.38,
        "cole_caracter": "NO APLICA",
        "punt_global_2020": 251.9,
        "punt_global_2022": 265.82
      }
    },
    {
      "type": "Feature",
      "geometry": {
        "type": "Point",
        "coordinates": [
          -8258472.421800001,
          515842.6651000008
        ]
      },
      "properties": {
        "DANE12_EST": "311001097640",
        "NOMBRE_EST": "LICEO NUEVOS HORIZONTES",
        "ORDEN_DE_S": "A",
        "puntaje_2023": 276.92,
        "cole_caracter": "ACADÉMICO",
        "punt_global_2020": 280.81,
        "punt_global_2022": 293.3
      }
    },
    {
      "type": "Feature",
      "geometry": {
        "type": "Point",
        "coordinates": [
          -8260576.360200001,
          514093.7166999988
        ]
      },
      "properties": {
        "DANE12_EST": "311001097658",
        "NOMBRE_EST": "LICEO MANUEL ELKIN PATARROYO",
        "ORDEN_DE_S": "A",
        "puntaje_2023": 286.54,
        "cole_caracter": "ACADÉMICO",
        "punt_global_2020": 298.11,
        "punt_global_2022": 303.66
      }
    },
    {
      "type": "Feature",
      "geometry": {
        "type": "Point",
        "coordinates": [
          -8258879.851199999,
          515780.12220000103
        ]
      },
      "properties": {
        "DANE12_EST": "311001097674",
        "NOMBRE_EST": "LICEO OCTAVIO PAZ",
        "ORDEN_DE_S": "A",
        "puntaje_2023": 270.77,
        "cole_caracter": "ACADÉMICO",
        "punt_global_2020": 245.17,
        "punt_global_2022": 269.54
      }
    },
    {
      "type": "Feature",
      "geometry": {
        "type": "Point",
        "coordinates": [
          -8250284.873299999,
          528477.3502999991
        ]
      },
      "properties": {
        "DANE12_EST": "311001098026",
        "NOMBRE_EST": "GIMNASIO BOSQUES DEL NOGAL",
        "ORDEN_DE_S": "A",
        "puntaje_2023": 288.85,
        "cole_caracter": "ACADÉMICO",
        "punt_global_2020": 256.14,
        "punt_global_2022": 272.67
      }
    },
    {
      "type": "Feature",
      "geometry": {
        "type": "Point",
        "coordinates": [
          -8257117.6636,
          510035.3220000006
        ]
      },
      "properties": {
        "DANE12_EST": "311001098531",
        "NOMBRE_EST": "COLEGIO DIDASCALIO NUESTRA SEÑORA DE LA ESPERANZA",
        "ORDEN_DE_S": "A",
        "puntaje_2023": 273.46,
        "cole_caracter": "NO APLICA",
        "punt_global_2020": 271.44,
        "punt_global_2022": 274.08
      }
    },
    {
      "type": "Feature",
      "geometry": {
        "type": "Point",
        "coordinates": [
          -8252417.7546999995,
          515677.373300001
        ]
      },
      "properties": {
        "DANE12_EST": "311001098603",
        "NOMBRE_EST": "GIMNASIO PSICOPEDAGOGICO MARIA ISABEL",
        "ORDEN_DE_S": "A",
        "puntaje_2023": 314.23,
        "cole_caracter": "ACADÉMICO",
        "punt_global_2020": 291.49,
        "punt_global_2022": 315.34
      }
    },
    {
      "type": "Feature",
      "geometry": {
        "type": "Point",
        "coordinates": [
          -8240979.676999999,
          530742.696800001
        ]
      },
      "properties": {
        "DANE12_EST": "311001098671",
        "NOMBRE_EST": "COLEGIO GEORGE WASHINGTON SCHOOL",
        "ORDEN_DE_S": "A",
        "puntaje_2023": 293.46,
        "cole_caracter": "ACADÉMICO",
        "punt_global_2020": 289.37,
        "punt_global_2022": 288.48
      }
    },
    {
      "type": "Feature",
      "geometry": {
        "type": "Point",
        "coordinates": [
          -8240913.998500001,
          530817.5392999984
        ]
      },
      "properties": {
        "DANE12_EST": "311001098701",
        "NOMBRE_EST": "GIMNASIO LAS PALMAS",
        "ORDEN_DE_S": "A",
        "puntaje_2023": 334.62,
        "cole_caracter": "ACADÉMICO",
        "punt_global_2020": 305.19,
        "punt_global_2022": 306.62
      }
    },
    {
      "type": "Feature",
      "geometry": {
        "type": "Point",
        "coordinates": [
          -8257488.3575,
          515133.47630000114
        ]
      },
      "properties": {
        "DANE12_EST": "311001099308",
        "NOMBRE_EST": "COLEGIO SAGRADO CORAZON",
        "ORDEN_DE_S": "A",
        "puntaje_2023": 282.31,
        "cole_caracter": "ACADÉMICO",
        "punt_global_2020": 273.37,
        "punt_global_2022": 279.57
      }
    },
    {
      "type": "Feature",
      "geometry": {
        "type": "Point",
        "coordinates": [
          -8254334.6763,
          517524.6403999999
        ]
      },
      "properties": {
        "DANE12_EST": "311001099391",
        "NOMBRE_EST": "LICEO EL CASTILLO",
        "ORDEN_DE_S": "A",
        "puntaje_2023": 253.08,
        "cole_caracter": "ACADÉMICO",
        "punt_global_2020": 290.3,
        "punt_global_2022": 251.0
      }
    },
    {
      "type": "Feature",
      "geometry": {
        "type": "Point",
        "coordinates": [
          -8253524.270500001,
          516958.3936999999
        ]
      },
      "properties": {
        "DANE12_EST": "311001099626",
        "NOMBRE_EST": "GIMNASIO MODERNO CASTILLA",
        "ORDEN_DE_S": "A",
        "puntaje_2023": 300.77,
        "cole_caracter": "NO APLICA",
        "punt_global_2020": null,
        "punt_global_2022": 291.86
      }
    },
    {
      "type": "Feature",
      "geometry": {
        "type": "Point",
        "coordinates": [
          -8250800.282500001,
          520008.5795000009
        ]
      },
      "properties": {
        "DANE12_EST": "311001099723",
        "NOMBRE_EST": "GIMNASIO NUEVO REINO",
        "ORDEN_DE_S": "A",
        "puntaje_2023": 326.92,
        "cole_caracter": "NO APLICA",
        "punt_global_2020": 293.44,
        "punt_global_2022": 301.91
      }
    },
    {
      "type": "Feature",
      "geometry": {
        "type": "Point",
        "coordinates": [
          -8245882.1874,
          523823.99170000106
        ]
      },
      "properties": {
        "DANE12_EST": "311001100233",
        "NOMBRE_EST": "GIMNASIO KAIPORE CENTRO DE DESARROLLO TEMPRANO",
        "ORDEN_DE_S": "A",
        "puntaje_2023": 312.69,
        "cole_caracter": "ACADÉMICO",
        "punt_global_2020": 281.33,
        "punt_global_2022": 282.85
      }
    },
    {
      "type": "Feature",
      "geometry": {
        "type": "Point",
        "coordinates": [
          -8251335.7293,
          524987.8636999987
        ]
      },
      "properties": {
        "DANE12_EST": "311001100829",
        "NOMBRE_EST": "COLEGIO REAL DE COLOMBIA",
        "ORDEN_DE_S": "A",
        "puntaje_2023": 281.54,
        "cole_caracter": "ACADÉMICO",
        "punt_global_2020": 266.83,
        "punt_global_2022": 276.0
      }
    },
    {
      "type": "Feature",
      "geometry": {
        "type": "Point",
        "coordinates": [
          -8242538.149900001,
          535078.0951999985
        ]
      },
      "properties": {
        "DANE12_EST": "311001100985",
        "NOMBRE_EST": "COLEGIO BILINGÜE RICHMOND",
        "ORDEN_DE_S": "A",
        "puntaje_2023": 330.0,
        "cole_caracter": "ACADÉMICO",
        "punt_global_2020": 331.75,
        "punt_global_2022": 343.43
      }
    },
    {
      "type": "Feature",
      "geometry": {
        "type": "Point",
        "coordinates": [
          -8246076.9965,
          529548.5782999992
        ]
      },
      "properties": {
        "DANE12_EST": "311001100993",
        "NOMBRE_EST": "COLEGIO ARCA INTERNACIONAL BILINGÜE",
        "ORDEN_DE_S": "A",
        "puntaje_2023": 315.38,
        "cole_caracter": "ACADÉMICO",
        "punt_global_2020": 310.2,
        "punt_global_2022": 335.91
      }
    },
    {
      "type": "Feature",
      "geometry": {
        "type": "Point",
        "coordinates": [
          -8248481.4975000005,
          510211.76960000023
        ]
      },
      "properties": {
        "DANE12_EST": "311001101116",
        "NOMBRE_EST": "COLEGIO BILINGÜE SAN GABRIEL ARCANGEL",
        "ORDEN_DE_S": "A",
        "puntaje_2023": 327.69,
        "cole_caracter": null,
        "punt_global_2020": null,
        "punt_global_2022": null
      }
    },
    {
      "type": "Feature",
      "geometry": {
        "type": "Point",
        "coordinates": [
          -8249935.3301,
          520978.0518000014
        ]
      },
      "properties": {
        "DANE12_EST": "311001101396",
        "NOMBRE_EST": "LICEO NORMANDIA",
        "ORDEN_DE_S": "A",
        "puntaje_2023": 281.92,
        "cole_caracter": "ACADÉMICO",
        "punt_global_2020": 276.24,
        "punt_global_2022": 286.06
      }
    },
    {
      "type": "Feature",
      "geometry": {
        "type": "Point",
        "coordinates": [
          -8251481.5578000005,
          524203.75609999895
        ]
      },
      "properties": {
        "DANE12_EST": "311001101451",
        "NOMBRE_EST": "GIMNASIO MADRE TRINIDAD DE CALCUTA",
        "ORDEN_DE_S": "A",
        "puntaje_2023": 249.23,
        "cole_caracter": "ACADÉMICO",
        "punt_global_2020": 235.48,
        "punt_global_2022": 240.61
      }
    },
    {
      "type": "Feature",
      "geometry": {
        "type": "Point",
        "coordinates": [
          -8245251.005899999,
          527957.9384999983
        ]
      },
      "properties": {
        "DANE12_EST": "311001101531",
        "NOMBRE_EST": "LICEO CAMPESTRE DE HARVARD",
        "ORDEN_DE_S": "A",
        "puntaje_2023": 272.69,
        "cole_caracter": "NO APLICA",
        "punt_global_2020": 271.0,
        "punt_global_2022": 282.94
      }
    },
    {
      "type": "Feature",
      "geometry": {
        "type": "Point",
        "coordinates": [
          -8248824.3616,
          527743.4726999998
        ]
      },
      "properties": {
        "DANE12_EST": "311001101574",
        "NOMBRE_EST": "COLEGIO GIMNASIO ROMANO MIXTO",
        "ORDEN_DE_S": "A",
        "puntaje_2023": 239.62,
        "cole_caracter": "ACADÉMICO",
        "punt_global_2020": 265.0,
        "punt_global_2022": 254.0
      }
    },
    {
      "type": "Feature",
      "geometry": {
        "type": "Point",
        "coordinates": [
          -8248295.5940000005,
          530116.0335999988
        ]
      },
      "properties": {
        "DANE12_EST": "311001101663",
        "NOMBRE_EST": "LICEO DE CIENCIA Y CULTURA HARVARD",
        "ORDEN_DE_S": "A",
        "puntaje_2023": 283.85,
        "cole_caracter": "ACADÉMICO",
        "punt_global_2020": 273.51,
        "punt_global_2022": 278.3
      }
    },
    {
      "type": "Feature",
      "geometry": {
        "type": "Point",
        "coordinates": [
          -8249639.2202,
          511029.2410000004
        ]
      },
      "properties": {
        "DANE12_EST": "311001101850",
        "NOMBRE_EST": "COLEGIO DOMINGO SAVIO BILINGUAL SCHOOL",
        "ORDEN_DE_S": "A",
        "puntaje_2023": 328.85,
        "cole_caracter": "ACADÉMICO",
        "punt_global_2020": 307.27,
        "punt_global_2022": 318.16
      }
    },
    {
      "type": "Feature",
      "geometry": {
        "type": "Point",
        "coordinates": [
          -8256238.239600001,
          523448.6970000006
        ]
      },
      "properties": {
        "DANE12_EST": "311001102350",
        "NOMBRE_EST": "UNIDAD EDUCATIVA PRADOS DE ALAMEDA",
        "ORDEN_DE_S": "A",
        "puntaje_2023": 266.92,
        "cole_caracter": "ACADÉMICO",
        "punt_global_2020": 250.46,
        "punt_global_2022": 272.21
      }
    },
    {
      "type": "Feature",
      "geometry": {
        "type": "Point",
        "coordinates": [
          -8242504.7541000005,
          534159.8326000012
        ]
      },
      "properties": {
        "DANE12_EST": "311001102384",
        "NOMBRE_EST": "COLEGIO GRAN BRETAÑA",
        "ORDEN_DE_S": "A",
        "puntaje_2023": 321.92,
        "cole_caracter": "ACADÉMICO",
        "punt_global_2020": 309.86,
        "punt_global_2022": 315.54
      }
    },
    {
      "type": "Feature",
      "geometry": {
        "type": "Point",
        "coordinates": [
          -8249695.9932,
          512589.38390000165
        ]
      },
      "properties": {
        "DANE12_EST": "311001102619",
        "NOMBRE_EST": "LICEO BILINGÜE ROMULO GALLEGOS",
        "ORDEN_DE_S": "A",
        "puntaje_2023": 297.31,
        "cole_caracter": "ACADÉMICO",
        "punt_global_2020": 264.78,
        "punt_global_2022": 260.73
      }
    },
    {
      "type": "Feature",
      "geometry": {
        "type": "Point",
        "coordinates": [
          -8253365.0836,
          517016.4701000005
        ]
      },
      "properties": {
        "DANE12_EST": "311001102716",
        "NOMBRE_EST": "LICEO EMMANUELE MARLUI",
        "ORDEN_DE_S": "A",
        "puntaje_2023": 271.15,
        "cole_caracter": "NO APLICA",
        "punt_global_2020": 278.08,
        "punt_global_2022": 271.44
      }
    },
    {
      "type": "Feature",
      "geometry": {
        "type": "Point",
        "coordinates": [
          -8257793.3729,
          515440.60449999943
        ]
      },
      "properties": {
        "DANE12_EST": "311001102783",
        "NOMBRE_EST": "COLEGIO COLSUBSIDIO CHICALA",
        "ORDEN_DE_S": "A",
        "puntaje_2023": 308.46,
        "cole_caracter": "ACADÉMICO",
        "punt_global_2020": 292.8,
        "punt_global_2022": 303.58
      }
    },
    {
      "type": "Feature",
      "geometry": {
        "type": "Point",
        "coordinates": [
          -8250816.9804,
          511080.61250000075
        ]
      },
      "properties": {
        "DANE12_EST": "311001102805",
        "NOMBRE_EST": "FUNDACION COLEGIO PRINCIPIO DE SABIDURIA",
        "ORDEN_DE_S": "A",
        "puntaje_2023": 252.31,
        "cole_caracter": "ACADÉMICO",
        "punt_global_2020": 288.0,
        "punt_global_2022": 228.33
      }
    },
    {
      "type": "Feature",
      "geometry": {
        "type": "Point",
        "coordinates": [
          -8244339.2993,
          518801.2234000005
        ]
      },
      "properties": {
        "DANE12_EST": "311001104549",
        "NOMBRE_EST": "POLITECNICO UNIVERSAL DE CAPACITACION UNICAP",
        "ORDEN_DE_S": "A",
        "puntaje_2023": 242.69,
        "cole_caracter": "ACADÉMICO",
        "punt_global_2020": 246.4,
        "punt_global_2022": 245.09
      }
    },
    {
      "type": "Feature",
      "geometry": {
        "type": "Point",
        "coordinates": [
          -8252773.9771,
          511968.45010000095
        ]
      },
      "properties": {
        "DANE12_EST": "311001104778",
        "NOMBRE_EST": "COLEGIO INCADE",
        "ORDEN_DE_S": "A",
        "puntaje_2023": 240.77,
        "cole_caracter": "ACADÉMICO",
        "punt_global_2020": 230.39,
        "punt_global_2022": 226.47
      }
    },
    {
      "type": "Feature",
      "geometry": {
        "type": "Point",
        "coordinates": [
          -8252888.6362,
          511984.0850000009
        ]
      },
      "properties": {
        "DANE12_EST": "311001104786",
        "NOMBRE_EST": "COLEGIO BRITANICO",
        "ORDEN_DE_S": "A",
        "puntaje_2023": 249.23,
        "cole_caracter": "ACADÉMICO",
        "punt_global_2020": 239.27,
        "punt_global_2022": 243.82
      }
    },
    {
      "type": "Feature",
      "geometry": {
        "type": "Point",
        "coordinates": [
          -8257451.622099999,
          515799.1083999984
        ]
      },
      "properties": {
        "DANE12_EST": "311001104832",
        "NOMBRE_EST": "COLEGIO FRANCISCO I",
        "ORDEN_DE_S": "A",
        "puntaje_2023": 287.69,
        "cole_caracter": "NO APLICA",
        "punt_global_2020": 282.93,
        "punt_global_2022": 274.58
      }
    },
    {
      "type": "Feature",
      "geometry": {
        "type": "Point",
        "coordinates": [
          -8259253.8846,
          514053.51139999926
        ]
      },
      "properties": {
        "DANE12_EST": "311001104841",
        "NOMBRE_EST": "COLEGIO INETEC",
        "ORDEN_DE_S": "A",
        "puntaje_2023": 220.0,
        "cole_caracter": "ACADÉMICO",
        "punt_global_2020": 218.82,
        "punt_global_2022": 220.74
      }
    },
    {
      "type": "Feature",
      "geometry": {
        "type": "Point",
        "coordinates": [
          -8257157.738600001,
          514206.5148999989
        ]
      },
      "properties": {
        "DANE12_EST": "311001104905",
        "NOMBRE_EST": "COLEGIO CENTRO DE INSTRUCCION SISTEMATIZADA - CEIS",
        "ORDEN_DE_S": "A",
        "puntaje_2023": 217.31,
        "cole_caracter": "ACADÉMICO",
        "punt_global_2020": 227.71,
        "punt_global_2022": 232.45
      }
    },
    {
      "type": "Feature",
      "geometry": {
        "type": "Point",
        "coordinates": [
          -8248971.303300001,
          510866.1928000003
        ]
      },
      "properties": {
        "DANE12_EST": "311001104913",
        "NOMBRE_EST": "COLEGIO CENCOSISTEMAS",
        "ORDEN_DE_S": "A",
        "puntaje_2023": 233.08,
        "cole_caracter": "ACADÉMICO",
        "punt_global_2020": 234.89,
        "punt_global_2022": 235.82
      }
    },
    {
      "type": "Feature",
      "geometry": {
        "type": "Point",
        "coordinates": [
          -8253887.172,
          520874.17920000106
        ]
      },
      "properties": {
        "DANE12_EST": "311001105057",
        "NOMBRE_EST": "POLITECNICO MAYOR ANDINO",
        "ORDEN_DE_S": "A",
        "puntaje_2023": 263.46,
        "cole_caracter": "ACADÉMICO",
        "punt_global_2020": 250.66,
        "punt_global_2022": 244.02
      }
    },
    {
      "type": "Feature",
      "geometry": {
        "type": "Point",
        "coordinates": [
          -8248726.4004,
          523953.5582000017
        ]
      },
      "properties": {
        "DANE12_EST": "311001105162",
        "NOMBRE_EST": "CENTRO SUPERIOR DE ESTUDIOS FINANCIEROS E INFORMATICOS - CENPEFI",
        "ORDEN_DE_S": "A",
        "puntaje_2023": 223.08,
        "cole_caracter": "ACADÉMICO",
        "punt_global_2020": 243.56,
        "punt_global_2022": 227.29
      }
    },
    {
      "type": "Feature",
      "geometry": {
        "type": "Point",
        "coordinates": [
          -8249323.072899999,
          524370.1827999987
        ]
      },
      "properties": {
        "DANE12_EST": "311001105197",
        "NOMBRE_EST": "INSTITUTO IP EDUCANDO LA JUVENTUD FUTURO DE COLOMBIA",
        "ORDEN_DE_S": "A",
        "puntaje_2023": 253.85,
        "cole_caracter": "ACADÉMICO",
        "punt_global_2020": 231.83,
        "punt_global_2022": 244.4
      }
    },
    {
      "type": "Feature",
      "geometry": {
        "type": "Point",
        "coordinates": [
          -8252384.358899999,
          524709.7391000018
        ]
      },
      "properties": {
        "DANE12_EST": "311001105243",
        "NOMBRE_EST": "LICEO MODERNO CELESTIN FREINET",
        "ORDEN_DE_S": "A",
        "puntaje_2023": 281.15,
        "cole_caracter": "ACADÉMICO",
        "punt_global_2020": 280.37,
        "punt_global_2022": 265.0
      }
    },
    {
      "type": "Feature",
      "geometry": {
        "type": "Point",
        "coordinates": [
          -8248204.312000001,
          522120.6596999988
        ]
      },
      "properties": {
        "DANE12_EST": "311001105341",
        "NOMBRE_EST": "COLEGIO REAL DE BOGOTA",
        "ORDEN_DE_S": "A",
        "puntaje_2023": 265.0,
        "cole_caracter": "ACADÉMICO",
        "punt_global_2020": 277.75,
        "punt_global_2022": 272.27
      }
    },
    {
      "type": "Feature",
      "geometry": {
        "type": "Point",
        "coordinates": [
          -8246265.126499999,
          525513.9574000016
        ]
      },
      "properties": {
        "DANE12_EST": "311001105375",
        "NOMBRE_EST": "COLEGIO MONTESSORI (MONTESSORI BRITISH SCHOOL) - BILINGÜE INTERNACIONAL",
        "ORDEN_DE_S": "A",
        "puntaje_2023": 345.38,
        "cole_caracter": "ACADÉMICO",
        "punt_global_2020": 351.78,
        "punt_global_2022": 357.47
      }
    },
    {
      "type": "Feature",
      "geometry": {
        "type": "Point",
        "coordinates": [
          -8242653.9222,
          535129.4825000018
        ]
      },
      "properties": {
        "DANE12_EST": "311001105383",
        "NOMBRE_EST": "GIMNASIO SAN ANGELO",
        "ORDEN_DE_S": "A",
        "puntaje_2023": 305.77,
        "cole_caracter": "ACADÉMICO",
        "punt_global_2020": 308.31,
        "punt_global_2022": 308.44
      }
    },
    {
      "type": "Feature",
      "geometry": {
        "type": "Point",
        "coordinates": [
          -8247374.981799999,
          528217.0854000002
        ]
      },
      "properties": {
        "DANE12_EST": "311001105391",
        "NOMBRE_EST": "COLEGIO TECNISISTEMAS",
        "ORDEN_DE_S": "A",
        "puntaje_2023": 238.46,
        "cole_caracter": "ACADÉMICO",
        "punt_global_2020": 236.92,
        "punt_global_2022": 242.94
      }
    },
    {
      "type": "Feature",
      "geometry": {
        "type": "Point",
        "coordinates": [
          -8243452.082900001,
          526903.487399999
        ]
      },
      "properties": {
        "DANE12_EST": "311001105421",
        "NOMBRE_EST": "INSTITUTO NUEVA COLOMBIA",
        "ORDEN_DE_S": "A",
        "puntaje_2023": 210.0,
        "cole_caracter": "ACADÉMICO",
        "punt_global_2020": null,
        "punt_global_2022": 248.0
      }
    },
    {
      "type": "Feature",
      "geometry": {
        "type": "Point",
        "coordinates": [
          -8242484.716600001,
          534874.7806999981
        ]
      },
      "properties": {
        "DANE12_EST": "311001105481",
        "NOMBRE_EST": "COLEGIO EL CAMINO ACADEMY",
        "ORDEN_DE_S": "A",
        "puntaje_2023": 333.46,
        "cole_caracter": "ACADÉMICO",
        "punt_global_2020": 348.78,
        "punt_global_2022": 349.75
      }
    },
    {
      "type": "Feature",
      "geometry": {
        "type": "Point",
        "coordinates": [
          -8248805.4372000005,
          528539.9032999985
        ]
      },
      "properties": {
        "DANE12_EST": "311001105651",
        "NOMBRE_EST": "INSTITUTO INTEGRADO DE SUBA",
        "ORDEN_DE_S": "A",
        "puntaje_2023": 222.31,
        "cole_caracter": "ACADÉMICO",
        "punt_global_2020": 219.0,
        "punt_global_2022": 240.73
      }
    },
    {
      "type": "Feature",
      "geometry": {
        "type": "Point",
        "coordinates": [
          -8249944.2356,
          528478.4673000015
        ]
      },
      "properties": {
        "DANE12_EST": "311001105685",
        "NOMBRE_EST": "LATINOAMERICANA DE SISTEMAS Y EDUCACION LASIT",
        "ORDEN_DE_S": "A",
        "puntaje_2023": 223.08,
        "cole_caracter": "ACADÉMICO",
        "punt_global_2020": 239.61,
        "punt_global_2022": 228.88
      }
    },
    {
      "type": "Feature",
      "geometry": {
        "type": "Point",
        "coordinates": [
          -8246030.2423,
          529757.4638999999
        ]
      },
      "properties": {
        "DANE12_EST": "311001105707",
        "NOMBRE_EST": "COLEGIO CALATRAVA",
        "ORDEN_DE_S": "A",
        "puntaje_2023": 362.31,
        "cole_caracter": "ACADÉMICO",
        "punt_global_2020": 368.62,
        "punt_global_2022": 362.33
      }
    },
    {
      "type": "Feature",
      "geometry": {
        "type": "Point",
        "coordinates": [
          -8245580.511600001,
          517600.5870000012
        ]
      },
      "properties": {
        "DANE12_EST": "311001105766",
        "NOMBRE_EST": "COLEGIO CENTRO DE APLICACION PEDAGOGICA - CEDAP",
        "ORDEN_DE_S": "A",
        "puntaje_2023": 284.23,
        "cole_caracter": "ACADÉMICO",
        "punt_global_2020": 277.22,
        "punt_global_2022": 289.6
      }
    },
    {
      "type": "Feature",
      "geometry": {
        "type": "Point",
        "coordinates": [
          -8245099.611400001,
          518085.30689999834
        ]
      },
      "properties": {
        "DANE12_EST": "311001105863",
        "NOMBRE_EST": "CENTRO JOHANN KEPLER",
        "ORDEN_DE_S": "A",
        "puntaje_2023": 219.23,
        "cole_caracter": "ACADÉMICO",
        "punt_global_2020": 223.33,
        "punt_global_2022": 225.42
      }
    },
    {
      "type": "Feature",
      "geometry": {
        "type": "Point",
        "coordinates": [
          -8248003.936899999,
          511318.4849999994
        ]
      },
      "properties": {
        "DANE12_EST": "311001105979",
        "NOMBRE_EST": "GIMNASIO MONSEÑOR MANUEL MARIA CAMARGO",
        "ORDEN_DE_S": "A",
        "puntaje_2023": 302.69,
        "cole_caracter": "ACADÉMICO",
        "punt_global_2020": 303.0,
        "punt_global_2022": 296.59
      }
    },
    {
      "type": "Feature",
      "geometry": {
        "type": "Point",
        "coordinates": [
          -8251071.9021000005,
          512548.0626000017
        ]
      },
      "properties": {
        "DANE12_EST": "311001106011",
        "NOMBRE_EST": "LICEO PEDAGOGICO NUESTRA SEÑORA DE LA SABIDURIA",
        "ORDEN_DE_S": "A",
        "puntaje_2023": 266.54,
        "cole_caracter": "NO APLICA",
        "punt_global_2020": 268.75,
        "punt_global_2022": 269.3
      }
    },
    {
      "type": "Feature",
      "geometry": {
        "type": "Point",
        "coordinates": [
          -8251912.3642,
          511477.06700000167
        ]
      },
      "properties": {
        "DANE12_EST": "311001106169",
        "NOMBRE_EST": "GIMNASIO MODERNO CARLO ACUTIS",
        "ORDEN_DE_S": "A",
        "puntaje_2023": 290.38,
        "cole_caracter": null,
        "punt_global_2020": null,
        "punt_global_2022": null
      }
    },
    {
      "type": "Feature",
      "geometry": {
        "type": "Point",
        "coordinates": [
          -8248294.480799999,
          509987.30150000006
        ]
      },
      "properties": {
        "DANE12_EST": "311001106177",
        "NOMBRE_EST": "INSTITUTO ANDRE MICHELIN",
        "ORDEN_DE_S": "A",
        "puntaje_2023": 235.77,
        "cole_caracter": "TÉCNICO/ACADÉMICO",
        "punt_global_2020": 209.09,
        "punt_global_2022": 214.28
      }
    },
    {
      "type": "Feature",
      "geometry": {
        "type": "Point",
        "coordinates": [
          -8254643.031300001,
          514834.1671000011
        ]
      },
      "properties": {
        "DANE12_EST": "311001106401",
        "NOMBRE_EST": "COLEGIO CHARLES BABBAGGE",
        "ORDEN_DE_S": "A",
        "puntaje_2023": 244.23,
        "cole_caracter": "ACADÉMICO",
        "punt_global_2020": 248.53,
        "punt_global_2022": 233.92
      }
    },
    {
      "type": "Feature",
      "geometry": {
        "type": "Point",
        "coordinates": [
          -8250852.602700001,
          519967.2542999983
        ]
      },
      "properties": {
        "DANE12_EST": "311001106428",
        "NOMBRE_EST": "LICEO AMERICANO MI GRAN CASA AZUL",
        "ORDEN_DE_S": "A",
        "puntaje_2023": 321.54,
        "cole_caracter": "ACADÉMICO",
        "punt_global_2020": 313.62,
        "punt_global_2022": 305.08
      }
    },
    {
      "type": "Feature",
      "geometry": {
        "type": "Point",
        "coordinates": [
          -8254756.577199999,
          515235.10770000145
        ]
      },
      "properties": {
        "DANE12_EST": "311001106606",
        "NOMBRE_EST": "COLEGIO BRITANICO",
        "ORDEN_DE_S": "A",
        "puntaje_2023": 245.0,
        "cole_caracter": "ACADÉMICO",
        "punt_global_2020": 247.35,
        "punt_global_2022": 244.06
      }
    },
    {
      "type": "Feature",
      "geometry": {
        "type": "Point",
        "coordinates": [
          -8247523.036699999,
          521631.4472000003
        ]
      },
      "properties": {
        "DANE12_EST": "311001106649",
        "NOMBRE_EST": "CENTRO PANAMERICANO DE CAPACITACION",
        "ORDEN_DE_S": "A",
        "puntaje_2023": 234.23,
        "cole_caracter": "ACADÉMICO",
        "punt_global_2020": 237.15,
        "punt_global_2022": 236.26
      }
    },
    {
      "type": "Feature",
      "geometry": {
        "type": "Point",
        "coordinates": [
          -8249063.6985,
          527902.0879999995
        ]
      },
      "properties": {
        "DANE12_EST": "311001106673",
        "NOMBRE_EST": "INSTITUTO FORMATES",
        "ORDEN_DE_S": "A",
        "puntaje_2023": 220.38,
        "cole_caracter": "ACADÉMICO",
        "punt_global_2020": null,
        "punt_global_2022": 187.4
      }
    },
    {
      "type": "Feature",
      "geometry": {
        "type": "Point",
        "coordinates": [
          -8248207.6515999995,
          528314.2657999992
        ]
      },
      "properties": {
        "DANE12_EST": "311001106690",
        "NOMBRE_EST": "COLEGIO INSCAP",
        "ORDEN_DE_S": "A",
        "puntaje_2023": 227.31,
        "cole_caracter": "ACADÉMICO",
        "punt_global_2020": 241.82,
        "punt_global_2022": 232.07
      }
    },
    {
      "type": "Feature",
      "geometry": {
        "type": "Point",
        "coordinates": [
          -8245525.965,
          515199.3691999987
        ]
      },
      "properties": {
        "DANE12_EST": "311001106711",
        "NOMBRE_EST": "COLEGIO BOSTON",
        "ORDEN_DE_S": "A",
        "puntaje_2023": 270.38,
        "cole_caracter": "ACADÉMICO",
        "punt_global_2020": 255.71,
        "punt_global_2022": 254.78
      }
    },
    {
      "type": "Feature",
      "geometry": {
        "type": "Point",
        "coordinates": [
          -8249131.6033,
          510643.9563000016
        ]
      },
      "properties": {
        "DANE12_EST": "311001106720",
        "NOMBRE_EST": "CENTRO PANAMERICANO DE CAPACITACION",
        "ORDEN_DE_S": "A",
        "puntaje_2023": 240.0,
        "cole_caracter": "ACADÉMICO",
        "punt_global_2020": 231.65,
        "punt_global_2022": 237.72
      }
    },
    {
      "type": "Feature",
      "geometry": {
        "type": "Point",
        "coordinates": [
          -8257660.9026999995,
          515550.05409999937
        ]
      },
      "properties": {
        "DANE12_EST": "311001107165",
        "NOMBRE_EST": "LICEO MODERNO BETANIA",
        "ORDEN_DE_S": "A",
        "puntaje_2023": 255.38,
        "cole_caracter": "ACADÉMICO",
        "punt_global_2020": 257.86,
        "punt_global_2022": 277.93
      }
    },
    {
      "type": "Feature",
      "geometry": {
        "type": "Point",
        "coordinates": [
          -8247783.5243,
          526963.8051999994
        ]
      },
      "properties": {
        "DANE12_EST": "311001107190",
        "NOMBRE_EST": "COLEGIO SAN NICOLAS DE TOLENTINO",
        "ORDEN_DE_S": "A",
        "puntaje_2023": 281.92,
        "cole_caracter": "ACADÉMICO",
        "punt_global_2020": 277.8,
        "punt_global_2022": 273.33
      }
    },
    {
      "type": "Feature",
      "geometry": {
        "type": "Point",
        "coordinates": [
          -8244262.4888,
          530272.4197000004
        ]
      },
      "properties": {
        "DANE12_EST": "311001107271",
        "NOMBRE_EST": "GIMNASIO YACARD",
        "ORDEN_DE_S": "A",
        "puntaje_2023": 296.54,
        "cole_caracter": "ACADÉMICO",
        "punt_global_2020": 311.38,
        "punt_global_2022": 294.9
      }
    },
    {
      "type": "Feature",
      "geometry": {
        "type": "Point",
        "coordinates": [
          -8240749.2457,
          523143.7714000009
        ]
      },
      "properties": {
        "DANE12_EST": "311001107289",
        "NOMBRE_EST": "GIMNASIO ALESSANDRO VOLTA",
        "ORDEN_DE_S": "A",
        "puntaje_2023": 356.54,
        "cole_caracter": "ACADÉMICO",
        "punt_global_2020": 367.1,
        "punt_global_2022": 364.75
      }
    },
    {
      "type": "Feature",
      "geometry": {
        "type": "Point",
        "coordinates": [
          -8250392.8532,
          502797.9523999989
        ]
      },
      "properties": {
        "DANE12_EST": "311001107335",
        "NOMBRE_EST": "INSTITUTO PEDAGOGICO LA REAL SOCIEDAD",
        "ORDEN_DE_S": "A",
        "puntaje_2023": 247.83,
        "cole_caracter": "ACADÉMICO",
        "punt_global_2020": 258.21,
        "punt_global_2022": 273.21
      }
    },
    {
      "type": "Feature",
      "geometry": {
        "type": "Point",
        "coordinates": [
          -8242879.900699999,
          534204.5166999996
        ]
      },
      "properties": {
        "DANE12_EST": "311001107513",
        "NOMBRE_EST": "COLEGIO VICTORIA",
        "ORDEN_DE_S": "A",
        "puntaje_2023": 325.0,
        "cole_caracter": "ACADÉMICO",
        "punt_global_2020": 323.6,
        "punt_global_2022": 315.19
      }
    },
    {
      "type": "Feature",
      "geometry": {
        "type": "Point",
        "coordinates": [
          -8251124.222200001,
          520536.873399999
        ]
      },
      "properties": {
        "DANE12_EST": "311001107581",
        "NOMBRE_EST": "GIMNASIO MODELIA REAL",
        "ORDEN_DE_S": "A",
        "puntaje_2023": 294.62,
        "cole_caracter": "ACADÉMICO",
        "punt_global_2020": 292.67,
        "punt_global_2022": 288.68
      }
    },
    {
      "type": "Feature",
      "geometry": {
        "type": "Point",
        "coordinates": [
          -8243349.669,
          524867.2311999984
        ]
      },
      "properties": {
        "DANE12_EST": "311001107599",
        "NOMBRE_EST": "COLEGIO RETOS",
        "ORDEN_DE_S": "A",
        "puntaje_2023": 302.31,
        "cole_caracter": "ACADÉMICO",
        "punt_global_2020": 297.32,
        "punt_global_2022": 298.61
      }
    },
    {
      "type": "Feature",
      "geometry": {
        "type": "Point",
        "coordinates": [
          -8255933.224199999,
          509474.71240000054
        ]
      },
      "properties": {
        "DANE12_EST": "311001107629",
        "NOMBRE_EST": "INSTITUTO SAN PABLO APOSTOL",
        "ORDEN_DE_S": "A",
        "puntaje_2023": 319.62,
        "cole_caracter": "ACADÉMICO",
        "punt_global_2020": 307.44,
        "punt_global_2022": 315.56
      }
    },
    {
      "type": "Feature",
      "geometry": {
        "type": "Point",
        "coordinates": [
          -8256572.198100001,
          514202.0476000011
        ]
      },
      "properties": {
        "DANE12_EST": "311001107637",
        "NOMBRE_EST": "INSTITUTO COMERCIAL LORETO",
        "ORDEN_DE_S": "A",
        "puntaje_2023": 261.92,
        "cole_caracter": "TÉCNICO/ACADÉMICO",
        "punt_global_2020": 270.74,
        "punt_global_2022": 278.38
      }
    },
    {
      "type": "Feature",
      "geometry": {
        "type": "Point",
        "coordinates": [
          -8246016.884,
          527517.8374999985
        ]
      },
      "properties": {
        "DANE12_EST": "311001107645",
        "NOMBRE_EST": "COLEGIO BILINGÜE SAN JUAN DE AVILA",
        "ORDEN_DE_S": "A",
        "puntaje_2023": 318.46,
        "cole_caracter": "ACADÉMICO",
        "punt_global_2020": 315.84,
        "punt_global_2022": 319.11
      }
    },
    {
      "type": "Feature",
      "geometry": {
        "type": "Point",
        "coordinates": [
          -8243359.6877,
          517988.1392999999
        ]
      },
      "properties": {
        "DANE12_EST": "311001108137",
        "NOMBRE_EST": "COLEGIO FUNDACION NUEVA GRANADA",
        "ORDEN_DE_S": "A",
        "puntaje_2023": 273.85,
        "cole_caracter": "ACADÉMICO",
        "punt_global_2020": 267.14,
        "punt_global_2022": 271.86
      }
    },
    {
      "type": "Feature",
      "geometry": {
        "type": "Point",
        "coordinates": [
          -8255418.928200001,
          511605.49639999866
        ]
      },
      "properties": {
        "DANE12_EST": "311001108218",
        "NOMBRE_EST": "GIMNASIO ISRAEL",
        "ORDEN_DE_S": "A",
        "puntaje_2023": 263.08,
        "cole_caracter": "ACADÉMICO",
        "punt_global_2020": 259.29,
        "punt_global_2022": 263.69
      }
    },
    {
      "type": "Feature",
      "geometry": {
        "type": "Point",
        "coordinates": [
          -8259383.0153,
          515976.68569999933
        ]
      },
      "properties": {
        "DANE12_EST": "311001108340",
        "NOMBRE_EST": "GIMNASIO REAL AMERICANO",
        "ORDEN_DE_S": "A",
        "puntaje_2023": 298.08,
        "cole_caracter": "ACADÉMICO",
        "punt_global_2020": 281.75,
        "punt_global_2022": 296.98
      }
    },
    {
      "type": "Feature",
      "geometry": {
        "type": "Point",
        "coordinates": [
          -8251458.1807,
          525450.2897999994
        ]
      },
      "properties": {
        "DANE12_EST": "311001108471",
        "NOMBRE_EST": "COLEGIO PAULO FREIRE",
        "ORDEN_DE_S": "A",
        "puntaje_2023": 258.85,
        "cole_caracter": "ACADÉMICO",
        "punt_global_2020": 263.0,
        "punt_global_2022": 235.0
      }
    },
    {
      "type": "Feature",
      "geometry": {
        "type": "Point",
        "coordinates": [
          -8248052.9175,
          528266.2340999991
        ]
      },
      "properties": {
        "DANE12_EST": "311001108587",
        "NOMBRE_EST": "LICEO BRITANICO SUPERIOR",
        "ORDEN_DE_S": "A",
        "puntaje_2023": 206.92,
        "cole_caracter": "ACADÉMICO",
        "punt_global_2020": 240.7,
        "punt_global_2022": 242.79
      }
    },
    {
      "type": "Feature",
      "geometry": {
        "type": "Point",
        "coordinates": [
          -8249426.6,
          528268.4681000002
        ]
      },
      "properties": {
        "DANE12_EST": "311001108684",
        "NOMBRE_EST": "COLEGIO INSTITUTO SANTIAGO DE COMPOSTELA",
        "ORDEN_DE_S": "A",
        "puntaje_2023": 245.0,
        "cole_caracter": "ACADÉMICO",
        "punt_global_2020": 235.73,
        "punt_global_2022": 227.58
      }
    },
    {
      "type": "Feature",
      "geometry": {
        "type": "Point",
        "coordinates": [
          -8252807.3729,
          525031.4254000001
        ]
      },
      "properties": {
        "DANE12_EST": "311001108749",
        "NOMBRE_EST": "COLEGIO MAYOR DE ENGATIVA",
        "ORDEN_DE_S": "A",
        "puntaje_2023": 256.54,
        "cole_caracter": null,
        "punt_global_2020": null,
        "punt_global_2022": null
      }
    },
    {
      "type": "Feature",
      "geometry": {
        "type": "Point",
        "coordinates": [
          -8255989.997199999,
          517667.5987999998
        ]
      },
      "properties": {
        "DANE12_EST": "311001108781",
        "NOMBRE_EST": "GIMNASIO MODERNO SAN FRANCISCO EL TINTAL",
        "ORDEN_DE_S": "A",
        "puntaje_2023": 299.62,
        "cole_caracter": "ACADÉMICO",
        "punt_global_2020": 283.58,
        "punt_global_2022": 308.0
      }
    },
    {
      "type": "Feature",
      "geometry": {
        "type": "Point",
        "coordinates": [
          -8253346.1592999995,
          514796.19509999827
        ]
      },
      "properties": {
        "DANE12_EST": "311001108862",
        "NOMBRE_EST": "COLEGIO SAN ANGEL",
        "ORDEN_DE_S": "A",
        "puntaje_2023": 282.69,
        "cole_caracter": "ACADÉMICO",
        "punt_global_2020": 272.26,
        "punt_global_2022": 296.55
      }
    },
    {
      "type": "Feature",
      "geometry": {
        "type": "Point",
        "coordinates": [
          -8255850.8478,
          514767.15769999847
        ]
      },
      "properties": {
        "DANE12_EST": "311001108927",
        "NOMBRE_EST": "COLEGIO MILITAR ANTONIA SANTOS",
        "ORDEN_DE_S": "A",
        "puntaje_2023": 280.77,
        "cole_caracter": "ACADÉMICO",
        "punt_global_2020": 247.39,
        "punt_global_2022": 257.82
      }
    },
    {
      "type": "Feature",
      "geometry": {
        "type": "Point",
        "coordinates": [
          -8253225.9342,
          525108.4963000007
        ]
      },
      "properties": {
        "DANE12_EST": "311001108951",
        "NOMBRE_EST": "COLEGIO EMMANUEL RUBIANO",
        "ORDEN_DE_S": "A",
        "puntaje_2023": 242.69,
        "cole_caracter": "ACADÉMICO",
        "punt_global_2020": null,
        "punt_global_2022": 232.69
      }
    },
    {
      "type": "Feature",
      "geometry": {
        "type": "Point",
        "coordinates": [
          -8248836.606699999,
          522835.49610000104
        ]
      },
      "properties": {
        "DANE12_EST": "311001108960",
        "NOMBRE_EST": "CENTRO DE EDUCACION LABORAL",
        "ORDEN_DE_S": "A",
        "puntaje_2023": 237.69,
        "cole_caracter": "ACADÉMICO",
        "punt_global_2020": 236.96,
        "punt_global_2022": 234.61
      }
    },
    {
      "type": "Feature",
      "geometry": {
        "type": "Point",
        "coordinates": [
          -8253711.2872,
          517084.5982999988
        ]
      },
      "properties": {
        "DANE12_EST": "311001109010",
        "NOMBRE_EST": "INSTITUTO COMERCIAL LORETO",
        "ORDEN_DE_S": "A",
        "puntaje_2023": 296.15,
        "cole_caracter": "TÉCNICO",
        "punt_global_2020": 272.91,
        "punt_global_2022": 295.26
      }
    },
    {
      "type": "Feature",
      "geometry": {
        "type": "Point",
        "coordinates": [
          -8249956.480799999,
          523004.1537999995
        ]
      },
      "properties": {
        "DANE12_EST": "311001109036",
        "NOMBRE_EST": "COLEGIO PADRE MANYANET - BOGOTA",
        "ORDEN_DE_S": "A",
        "puntaje_2023": 300.77,
        "cole_caracter": "ACADÉMICO",
        "punt_global_2020": 285.16,
        "punt_global_2022": 300.32
      }
    },
    {
      "type": "Feature",
      "geometry": {
        "type": "Point",
        "coordinates": [
          -8251315.6918,
          525201.2049000002
        ]
      },
      "properties": {
        "DANE12_EST": "311001109184",
        "NOMBRE_EST": "LICEO MODERNO LEEUWENHOEK",
        "ORDEN_DE_S": "A",
        "puntaje_2023": 244.62,
        "cole_caracter": null,
        "punt_global_2020": null,
        "punt_global_2022": null
      }
    },
    {
      "type": "Feature",
      "geometry": {
        "type": "Point",
        "coordinates": [
          -8248387.9891,
          522791.93560000136
        ]
      },
      "properties": {
        "DANE12_EST": "311001109206",
        "NOMBRE_EST": "LICEO SAN RAFAEL DE ALICANTE",
        "ORDEN_DE_S": "A",
        "puntaje_2023": 263.85,
        "cole_caracter": "ACADÉMICO",
        "punt_global_2020": 256.17,
        "punt_global_2022": 264.93
      }
    },
    {
      "type": "Feature",
      "geometry": {
        "type": "Point",
        "coordinates": [
          -8246677.0086,
          529736.2402000017
        ]
      },
      "properties": {
        "DANE12_EST": "311001109257",
        "NOMBRE_EST": "GIMNASIO MONTREAL",
        "ORDEN_DE_S": "A",
        "puntaje_2023": 301.54,
        "cole_caracter": "ACADÉMICO",
        "punt_global_2020": 273.36,
        "punt_global_2022": 285.9
      }
    },
    {
      "type": "Feature",
      "geometry": {
        "type": "Point",
        "coordinates": [
          -8254009.623400001,
          518682.8341999985
        ]
      },
      "properties": {
        "DANE12_EST": "311001109265",
        "NOMBRE_EST": "COLEGIO AGUSTINIANO TAGASTE",
        "ORDEN_DE_S": "A",
        "puntaje_2023": 313.46,
        "cole_caracter": "ACADÉMICO",
        "punt_global_2020": 314.19,
        "punt_global_2022": 323.51
      }
    },
    {
      "type": "Feature",
      "geometry": {
        "type": "Point",
        "coordinates": [
          -8251508.274499999,
          528695.1691999994
        ]
      },
      "properties": {
        "DANE12_EST": "311001109371",
        "NOMBRE_EST": "CENTRO DE ESTUDIOS SAN BASILIO",
        "ORDEN_DE_S": "A",
        "puntaje_2023": 216.54,
        "cole_caracter": "ACADÉMICO",
        "punt_global_2020": 214.92,
        "punt_global_2022": 218.52
      }
    },
    {
      "type": "Feature",
      "geometry": {
        "type": "Point",
        "coordinates": [
          -8247108.928200001,
          510216.2366999984
        ]
      },
      "properties": {
        "DANE12_EST": "311001109419",
        "NOMBRE_EST": "INSTITUTO DE EDUCACION FORMAL DE ADULTOS EL PENSAMIENTO DE PITAGORAS",
        "ORDEN_DE_S": "A",
        "puntaje_2023": 218.18,
        "cole_caracter": "ACADÉMICO",
        "punt_global_2020": 221.03,
        "punt_global_2022": 212.92
      }
    },
    {
      "type": "Feature",
      "geometry": {
        "type": "Point",
        "coordinates": [
          -8248399.121099999,
          509604.2553000003
        ]
      },
      "properties": {
        "DANE12_EST": "311001109427",
        "NOMBRE_EST": "FUNDACION DE EDUCACION PARA LA VIDA FUNDESCO",
        "ORDEN_DE_S": "A",
        "puntaje_2023": 231.92,
        "cole_caracter": "ACADÉMICO",
        "punt_global_2020": 234.3,
        "punt_global_2022": 225.52
      }
    },
    {
      "type": "Feature",
      "geometry": {
        "type": "Point",
        "coordinates": [
          -8242616.0736,
          522738.3227000013
        ]
      },
      "properties": {
        "DANE12_EST": "311001109460",
        "NOMBRE_EST": "TANDEM",
        "ORDEN_DE_S": "A",
        "puntaje_2023": 306.54,
        "cole_caracter": "ACADÉMICO",
        "punt_global_2020": 298.61,
        "punt_global_2022": 304.88
      }
    },
    {
      "type": "Feature",
      "geometry": {
        "type": "Point",
        "coordinates": [
          -8248293.3675999995,
          516401.08579999954
        ]
      },
      "properties": {
        "DANE12_EST": "311001109516",
        "NOMBRE_EST": "COLEGIO SAN ANGEL SALITRE",
        "ORDEN_DE_S": "A",
        "puntaje_2023": 290.38,
        "cole_caracter": "ACADÉMICO",
        "punt_global_2020": 296.62,
        "punt_global_2022": 304.15
      }
    },
    {
      "type": "Feature",
      "geometry": {
        "type": "Point",
        "coordinates": [
          -8247656.620100001,
          528133.3093999997
        ]
      },
      "properties": {
        "DANE12_EST": "311001109605",
        "NOMBRE_EST": "INSTITUTO GERWILL",
        "ORDEN_DE_S": "A",
        "puntaje_2023": 261.92,
        "cole_caracter": "ACADÉMICO",
        "punt_global_2020": 223.89,
        "punt_global_2022": 218.8
      }
    },
    {
      "type": "Feature",
      "geometry": {
        "type": "Point",
        "coordinates": [
          -8239833.086300001,
          520902.1019000001
        ]
      },
      "properties": {
        "DANE12_EST": "311001109664",
        "NOMBRE_EST": "COLEGIO MONTERROSALES - CICLOS",
        "ORDEN_DE_S": "A",
        "puntaje_2023": 280.94,
        "cole_caracter": "ACADÉMICO",
        "punt_global_2020": 292.19,
        "punt_global_2022": 290.04
      }
    },
    {
      "type": "Feature",
      "geometry": {
        "type": "Point",
        "coordinates": [
          -8252842.995200001,
          515737.68239999935
        ]
      },
      "properties": {
        "DANE12_EST": "311001109753",
        "NOMBRE_EST": "COLEGIO TALENTOS",
        "ORDEN_DE_S": "A",
        "puntaje_2023": 242.69,
        "cole_caracter": "ACADÉMICO",
        "punt_global_2020": 248.22,
        "punt_global_2022": 257.12
      }
    },
    {
      "type": "Feature",
      "geometry": {
        "type": "Point",
        "coordinates": [
          -8246033.581900001,
          535623.2490999997
        ]
      },
      "properties": {
        "DANE12_EST": "311001109842",
        "NOMBRE_EST": "COLEGIO KNIGHTSBRIDGE SCHOOLS INTERNATIONAL",
        "ORDEN_DE_S": "A",
        "puntaje_2023": 323.08,
        "cole_caracter": "ACADÉMICO",
        "punt_global_2020": 309.23,
        "punt_global_2022": 296.38
      }
    },
    {
      "type": "Feature",
      "geometry": {
        "type": "Point",
        "coordinates": [
          -8258540.3267,
          513199.1545000002
        ]
      },
      "properties": {
        "DANE12_EST": "311001109923",
        "NOMBRE_EST": "COLEGIO TECNISISTEMAS SEDE BOSA",
        "ORDEN_DE_S": "A",
        "puntaje_2023": 226.92,
        "cole_caracter": null,
        "punt_global_2020": null,
        "punt_global_2022": null
      }
    },
    {
      "type": "Feature",
      "geometry": {
        "type": "Point",
        "coordinates": [
          -8252897.5417,
          512010.8878000006
        ]
      },
      "properties": {
        "DANE12_EST": "311001109931",
        "NOMBRE_EST": "COLEGIO TECNISISTEMAS",
        "ORDEN_DE_S": "A",
        "puntaje_2023": 243.08,
        "cole_caracter": null,
        "punt_global_2020": null,
        "punt_global_2022": null
      }
    },
    {
      "type": "Feature",
      "geometry": {
        "type": "Point",
        "coordinates": [
          -8254490.523600001,
          515112.25659999996
        ]
      },
      "properties": {
        "DANE12_EST": "311001109940",
        "NOMBRE_EST": "COLEGIO TECNISISTEMAS",
        "ORDEN_DE_S": "A",
        "puntaje_2023": 245.38,
        "cole_caracter": null,
        "punt_global_2020": null,
        "punt_global_2022": null
      }
    },
    {
      "type": "Feature",
      "geometry": {
        "type": "Point",
        "coordinates": [
          -8253120.1807,
          521457.2078999989
        ]
      },
      "properties": {
        "DANE12_EST": "311001109958",
        "NOMBRE_EST": "COLEGIO TECNISISTEMAS",
        "ORDEN_DE_S": "A",
        "puntaje_2023": 241.54,
        "cole_caracter": null,
        "punt_global_2020": null,
        "punt_global_2022": null
      }
    },
    {
      "type": "Feature",
      "geometry": {
        "type": "Point",
        "coordinates": [
          -8247652.167300001,
          521954.2377000004
        ]
      },
      "properties": {
        "DANE12_EST": "311001109966",
        "NOMBRE_EST": "COLEGIO TECNISISTEMAS",
        "ORDEN_DE_S": "A",
        "puntaje_2023": 242.69,
        "cole_caracter": null,
        "punt_global_2020": null,
        "punt_global_2022": null
      }
    },
    {
      "type": "Feature",
      "geometry": {
        "type": "Point",
        "coordinates": [
          -8245783.1131,
          517158.31069999933
        ]
      },
      "properties": {
        "DANE12_EST": "311001109974",
        "NOMBRE_EST": "COLEGIO FORMARTE",
        "ORDEN_DE_S": "A",
        "puntaje_2023": 276.54,
        "cole_caracter": "ACADÉMICO",
        "punt_global_2020": 276.83,
        "punt_global_2022": 277.47
      }
    },
    {
      "type": "Feature",
      "geometry": {
        "type": "Point",
        "coordinates": [
          -8244527.429199999,
          529398.8958999999
        ]
      },
      "properties": {
        "DANE12_EST": "311001110018",
        "NOMBRE_EST": "INSTITUTO CENTRAL DE ESTUDIOS",
        "ORDEN_DE_S": "A",
        "puntaje_2023": 259.62,
        "cole_caracter": null,
        "punt_global_2020": null,
        "punt_global_2022": null
      }
    },
    {
      "type": "Feature",
      "geometry": {
        "type": "Point",
        "coordinates": [
          -8244575.296599999,
          516195.5865000002
        ]
      },
      "properties": {
        "DANE12_EST": "311001110034",
        "NOMBRE_EST": "COLEGIO UNILATINA",
        "ORDEN_DE_S": "A",
        "puntaje_2023": 261.54,
        "cole_caracter": "ACADÉMICO",
        "punt_global_2020": 261.17,
        "punt_global_2022": 253.26
      }
    },
    {
      "type": "Feature",
      "geometry": {
        "type": "Point",
        "coordinates": [
          -8254439.3167,
          514996.1066999994
        ]
      },
      "properties": {
        "DANE12_EST": "311001110140",
        "NOMBRE_EST": "LICEO BIRMINGHAM",
        "ORDEN_DE_S": "A",
        "puntaje_2023": 288.46,
        "cole_caracter": null,
        "punt_global_2020": null,
        "punt_global_2022": null
      }
    },
    {
      "type": "Feature",
      "geometry": {
        "type": "Point",
        "coordinates": [
          -8254762.143200001,
          509985.06799999997
        ]
      },
      "properties": {
        "DANE12_EST": "311001110158",
        "NOMBRE_EST": "COLEGIO NUEVO MILENIO",
        "ORDEN_DE_S": "A",
        "puntaje_2023": 253.85,
        "cole_caracter": null,
        "punt_global_2020": null,
        "punt_global_2022": null
      }
    },
    {
      "type": "Feature",
      "geometry": {
        "type": "Point",
        "coordinates": [
          -8248853.3046,
          527563.6347000003
        ]
      },
      "properties": {
        "DANE12_EST": "311001110271",
        "NOMBRE_EST": "CENTRO DE ESTUDIOS PRO-PYMES",
        "ORDEN_DE_S": "A",
        "puntaje_2023": 220.0,
        "cole_caracter": null,
        "punt_global_2020": null,
        "punt_global_2022": null
      }
    },
    {
      "type": "Feature",
      "geometry": {
        "type": "Point",
        "coordinates": [
          -8254241.168,
          517834.0115999989
        ]
      },
      "properties": {
        "DANE12_EST": "311001110280",
        "NOMBRE_EST": "COLEGIO NUESTRA SEÑORA DE LA FELICIDAD",
        "ORDEN_DE_S": "A",
        "puntaje_2023": 306.54,
        "cole_caracter": null,
        "punt_global_2020": null,
        "punt_global_2022": null
      }
    },
    {
      "type": "Feature",
      "geometry": {
        "type": "Point",
        "coordinates": [
          -8244872.5196,
          518110.99489999935
        ]
      },
      "properties": {
        "DANE12_EST": "311001110301",
        "NOMBRE_EST": "COLEGIO CAPACITACION 2000",
        "ORDEN_DE_S": "A",
        "puntaje_2023": 255.38,
        "cole_caracter": null,
        "punt_global_2020": null,
        "punt_global_2022": null
      }
    },
    {
      "type": "Feature",
      "geometry": {
        "type": "Point",
        "coordinates": [
          -8249554.6174,
          528313.1486999989
        ]
      },
      "properties": {
        "DANE12_EST": "311001110395",
        "NOMBRE_EST": "COLEGIO SAN ANSELMO",
        "ORDEN_DE_S": "A",
        "puntaje_2023": 270.77,
        "cole_caracter": null,
        "punt_global_2020": null,
        "punt_global_2022": null
      }
    },
    {
      "type": "Feature",
      "geometry": {
        "type": "Point",
        "coordinates": [
          -8247039.9101,
          527656.3460999988
        ]
      },
      "properties": {
        "DANE12_EST": "311001110409",
        "NOMBRE_EST": "LICEO BET-EL",
        "ORDEN_DE_S": "A",
        "puntaje_2023": 304.62,
        "cole_caracter": null,
        "punt_global_2020": null,
        "punt_global_2022": null
      }
    },
    {
      "type": "Feature",
      "geometry": {
        "type": "Point",
        "coordinates": [
          -8242455.773499999,
          527618.367899999
        ]
      },
      "properties": {
        "DANE12_EST": "311001110581",
        "NOMBRE_EST": "INSTITUTO EL ROBLE",
        "ORDEN_DE_S": "A",
        "puntaje_2023": 262.31,
        "cole_caracter": null,
        "punt_global_2020": null,
        "punt_global_2022": null
      }
    },
    {
      "type": "Feature",
      "geometry": {
        "type": "Point",
        "coordinates": [
          -8245022.800899999,
          517235.3737999983
        ]
      },
      "properties": {
        "DANE12_EST": "311001110611",
        "NOMBRE_EST": "COLEGIO MONTEHELENA - CICLOS",
        "ORDEN_DE_S": "A",
        "puntaje_2023": 253.85,
        "cole_caracter": null,
        "punt_global_2020": null,
        "punt_global_2022": null
      }
    },
    {
      "type": "Feature",
      "geometry": {
        "type": "Point",
        "coordinates": [
          -8257498.3763,
          516026.943500001
        ]
      },
      "properties": {
        "DANE12_EST": "311001110662",
        "NOMBRE_EST": "LICEO CENTRAL AMERICAS",
        "ORDEN_DE_S": "A",
        "puntaje_2023": 231.92,
        "cole_caracter": null,
        "punt_global_2020": null,
        "punt_global_2022": null
      }
    },
    {
      "type": "Feature",
      "geometry": {
        "type": "Point",
        "coordinates": [
          -8249471.127800001,
          528524.2650999986
        ]
      },
      "properties": {
        "DANE12_EST": "311001800014",
        "NOMBRE_EST": "COLEGIO CENCOSISTEMAS SUBA",
        "ORDEN_DE_S": "A",
        "puntaje_2023": 200.77,
        "cole_caracter": null,
        "punt_global_2020": null,
        "punt_global_2022": null
      }
    },
    {
      "type": "Feature",
      "geometry": {
        "type": "Point",
        "coordinates": [
          -8242173.022,
          523382.7972000018
        ]
      },
      "properties": {
        "DANE12_EST": "311001800081",
        "NOMBRE_EST": "QUALIA ALTERNATIVA EDUCATIVA",
        "ORDEN_DE_S": "A",
        "puntaje_2023": 353.46,
        "cole_caracter": null,
        "punt_global_2020": null,
        "punt_global_2022": null
      }
    },
    {
      "type": "Feature",
      "geometry": {
        "type": "Point",
        "coordinates": [
          -8249057.019300001,
          509981.71770000085
        ]
      },
      "properties": {
        "DANE12_EST": "311001800120",
        "NOMBRE_EST": "GIMNASIO NUESTRA SEÑORA DE LA ESPERANZA",
        "ORDEN_DE_S": "A",
        "puntaje_2023": 318.46,
        "cole_caracter": null,
        "punt_global_2020": null,
        "punt_global_2022": null
      }
    },
    {
      "type": "Feature",
      "geometry": {
        "type": "Point",
        "coordinates": [
          -8245285.514900001,
          526167.3907999992
        ]
      },
      "properties": {
        "DANE12_EST": "311001800341",
        "NOMBRE_EST": "GIMNASIO PSICOPEDAGOGICO INTEGRAL GIMSIPEI",
        "ORDEN_DE_S": "A",
        "puntaje_2023": 297.69,
        "cole_caracter": null,
        "punt_global_2020": null,
        "punt_global_2022": null
      }
    },
    {
      "type": "Feature",
      "geometry": {
        "type": "Point",
        "coordinates": [
          -8242327.756100001,
          534090.5724
        ]
      },
      "properties": {
        "DANE12_EST": "311001800375",
        "NOMBRE_EST": "COLEGIO AUSTRALIANO CAMPESTRE",
        "ORDEN_DE_S": "A",
        "puntaje_2023": 313.08,
        "cole_caracter": null,
        "punt_global_2020": null,
        "punt_global_2022": null
      }
    },
    {
      "type": "Feature",
      "geometry": {
        "type": "Point",
        "coordinates": [
          -8250313.816299999,
          529512.8332000002
        ]
      },
      "properties": {
        "DANE12_EST": "311001800405",
        "NOMBRE_EST": "INSTITUCION EDUCATIVA FRAY LUIS DE LEON",
        "ORDEN_DE_S": "A",
        "puntaje_2023": 218.85,
        "cole_caracter": null,
        "punt_global_2020": null,
        "punt_global_2022": null
      }
    },
    {
      "type": "Feature",
      "geometry": {
        "type": "Point",
        "coordinates": [
          -8241794.535700001,
          530713.6534999982
        ]
      },
      "properties": {
        "DANE12_EST": "311001800499",
        "NOMBRE_EST": "COLEGIO ALFRED MARSHALL",
        "ORDEN_DE_S": "A",
        "puntaje_2023": 232.31,
        "cole_caracter": null,
        "punt_global_2020": null,
        "punt_global_2022": null
      }
    },
    {
      "type": "Feature",
      "geometry": {
        "type": "Point",
        "coordinates": [
          -8242150.758099999,
          525816.6583999991
        ]
      },
      "properties": {
        "DANE12_EST": "311001800588",
        "NOMBRE_EST": "COLEGIO HAPE HABILIDADES DEL PENSAMIENTO",
        "ORDEN_DE_S": "A",
        "puntaje_2023": 286.54,
        "cole_caracter": null,
        "punt_global_2020": null,
        "punt_global_2022": null
      }
    },
    {
      "type": "Feature",
      "geometry": {
        "type": "Point",
        "coordinates": [
          -8243273.9717,
          528023.8420999981
        ]
      },
      "properties": {
        "DANE12_EST": "311001800596",
        "NOMBRE_EST": "COLEGIO SAGRADO CORAZON DE JESUS BETHLEMITAS NORTE",
        "ORDEN_DE_S": "A",
        "puntaje_2023": 326.15,
        "cole_caracter": null,
        "punt_global_2020": null,
        "punt_global_2022": null
      }
    },
    {
      "type": "Feature",
      "geometry": {
        "type": "Point",
        "coordinates": [
          -8244854.7085,
          523800.5357999988
        ]
      },
      "properties": {
        "DANE12_EST": "311001800685",
        "NOMBRE_EST": "COLEGIO RENFORT",
        "ORDEN_DE_S": "A",
        "puntaje_2023": 286.92,
        "cole_caracter": null,
        "punt_global_2020": null,
        "punt_global_2022": null
      }
    },
    {
      "type": "Feature",
      "geometry": {
        "type": "Point",
        "coordinates": [
          -8245814.282500001,
          528219.3194999993
        ]
      },
      "properties": {
        "DANE12_EST": "311001800723",
        "NOMBRE_EST": "COLEGIO CRISTIANO MONTE HEBRON",
        "ORDEN_DE_S": "A",
        "puntaje_2023": 363.08,
        "cole_caracter": null,
        "punt_global_2020": null,
        "punt_global_2022": null
      }
    },
    {
      "type": "Feature",
      "geometry": {
        "type": "Point",
        "coordinates": [
          -8255067.158600001,
          512845.12959999964
        ]
      },
      "properties": {
        "DANE12_EST": "311001800740",
        "NOMBRE_EST": "LICEO BILINGÜE ROMULO GALLEGOS",
        "ORDEN_DE_S": "A",
        "puntaje_2023": 274.62,
        "cole_caracter": null,
        "punt_global_2020": null,
        "punt_global_2022": null
      }
    },
    {
      "type": "Feature",
      "geometry": {
        "type": "Point",
        "coordinates": [
          -8245204.251700001,
          518614.7047000006
        ]
      },
      "properties": {
        "DANE12_EST": "311001800821",
        "NOMBRE_EST": "COLEGIO MONTEHELENA BILINGÜE",
        "ORDEN_DE_S": "A",
        "puntaje_2023": 332.31,
        "cole_caracter": null,
        "punt_global_2020": null,
        "punt_global_2022": null
      }
    },
    {
      "type": "Feature",
      "geometry": {
        "type": "Point",
        "coordinates": [
          -8243833.9088,
          518085.30689999834
        ]
      },
      "properties": {
        "DANE12_EST": "311001800847",
        "NOMBRE_EST": "ARETE",
        "ORDEN_DE_S": "A",
        "puntaje_2023": 302.69,
        "cole_caracter": null,
        "punt_global_2020": null,
        "punt_global_2022": null
      }
    },
    {
      "type": "Feature",
      "geometry": {
        "type": "Point",
        "coordinates": [
          -8245204.251700001,
          518614.7047000006
        ]
      },
      "properties": {
        "DANE12_EST": "311001800863",
        "NOMBRE_EST": "COLEGIO MONTEHELENA CICLOS",
        "ORDEN_DE_S": "A",
        "puntaje_2023": 272.69,
        "cole_caracter": null,
        "punt_global_2020": null,
        "punt_global_2022": null
      }
    },
    {
      "type": "Feature",
      "geometry": {
        "type": "Point",
        "coordinates": [
          -8254823.368899999,
          515161.3969999999
        ]
      },
      "properties": {
        "DANE12_EST": "311001800880",
        "NOMBRE_EST": "COLEGIO INCADE KENNEDY",
        "ORDEN_DE_S": "A",
        "puntaje_2023": 212.69,
        "cole_caracter": null,
        "punt_global_2020": null,
        "punt_global_2022": null
      }
    },
    {
      "type": "Feature",
      "geometry": {
        "type": "Point",
        "coordinates": [
          -8247380.547800001,
          528352.2443000004
        ]
      },
      "properties": {
        "DANE12_EST": "311001801127",
        "NOMBRE_EST": "COLEGIO PEDAGOGICO NEOGRANADINO",
        "ORDEN_DE_S": "A",
        "puntaje_2023": 256.92,
        "cole_caracter": null,
        "punt_global_2020": null,
        "punt_global_2022": null
      }
    },
    {
      "type": "Feature",
      "geometry": {
        "type": "Point",
        "coordinates": [
          -8258160.7272,
          513749.73900000006
        ]
      },
      "properties": {
        "DANE12_EST": "311102000086",
        "NOMBRE_EST": "COLEGIO CLARETIANO EL LIBERTADOR",
        "ORDEN_DE_S": "A",
        "puntaje_2023": 278.46,
        "cole_caracter": "ACADÉMICO",
        "punt_global_2020": 268.02,
        "punt_global_2022": 280.91
      }
    },
    {
      "type": "Feature",
      "geometry": {
        "type": "Point",
        "coordinates": [
          -8258425.6676,
          513499.5744000003
        ]
      },
      "properties": {
        "DANE12_EST": "311102000124",
        "NOMBRE_EST": "COLEGIO NUESTRA SEÑORA DE NAZARETH",
        "ORDEN_DE_S": "A",
        "puntaje_2023": 282.69,
        "cole_caracter": "ACADÉMICO",
        "punt_global_2020": 288.53,
        "punt_global_2022": 293.82
      }
    },
    {
      "type": "Feature",
      "geometry": {
        "type": "Point",
        "coordinates": [
          -8258394.498199999,
          513739.68780000135
        ]
      },
      "properties": {
        "DANE12_EST": "311102000132",
        "NOMBRE_EST": "COLEGIO INMACULADO CORAZON DE MARIA",
        "ORDEN_DE_S": "A",
        "puntaje_2023": 308.85,
        "cole_caracter": "ACADÉMICO",
        "punt_global_2020": 304.04,
        "punt_global_2022": 306.09
      }
    },
    {
      "type": "Feature",
      "geometry": {
        "type": "Point",
        "coordinates": [
          -8258203.0287,
          513940.71339999884
        ]
      },
      "properties": {
        "DANE12_EST": "311102000141",
        "NOMBRE_EST": "COLEGIO CLARETIANO",
        "ORDEN_DE_S": "A",
        "puntaje_2023": 300.0,
        "cole_caracter": "ACADÉMICO",
        "punt_global_2020": 287.28,
        "punt_global_2022": 294.69
      }
    },
    {
      "type": "Feature",
      "geometry": {
        "type": "Point",
        "coordinates": [
          -8253096.8036,
          511008.0223999992
        ]
      },
      "properties": {
        "DANE12_EST": "311102000531",
        "NOMBRE_EST": "COLEGIO DE LA PRESENTACION DE FATIMA",
        "ORDEN_DE_S": "A",
        "puntaje_2023": 296.54,
        "cole_caracter": "TÉCNICO/ACADÉMICO",
        "punt_global_2020": 286.47,
        "punt_global_2022": 303.35
      }
    },
    {
      "type": "Feature",
      "geometry": {
        "type": "Point",
        "coordinates": [
          -8258962.227600001,
          512659.741799999
        ]
      },
      "properties": {
        "DANE12_EST": "311102001007",
        "NOMBRE_EST": "LICEO ANTONIO DE TOLEDO",
        "ORDEN_DE_S": "A",
        "puntaje_2023": 284.23,
        "cole_caracter": "TÉCNICO",
        "punt_global_2020": 269.28,
        "punt_global_2022": 285.3
      }
    },
    {
      "type": "Feature",
      "geometry": {
        "type": "Point",
        "coordinates": [
          -8259434.222200001,
          512877.51669999957
        ]
      },
      "properties": {
        "DANE12_EST": "311102001015",
        "NOMBRE_EST": "INSTITUTO GUIMARC",
        "ORDEN_DE_S": "A",
        "puntaje_2023": 277.69,
        "cole_caracter": "ACADÉMICO",
        "punt_global_2020": 257.43,
        "punt_global_2022": 263.88
      }
    },
    {
      "type": "Feature",
      "geometry": {
        "type": "Point",
        "coordinates": [
          -8258472.421800001,
          513118.74500000104
        ]
      },
      "properties": {
        "DANE12_EST": "311102001066",
        "NOMBRE_EST": "LICEO SAN PABLO",
        "ORDEN_DE_S": "A",
        "puntaje_2023": 250.38,
        "cole_caracter": "ACADÉMICO",
        "punt_global_2020": 261.17,
        "punt_global_2022": 259.42
      }
    },
    {
      "type": "Feature",
      "geometry": {
        "type": "Point",
        "coordinates": [
          -8258314.348099999,
          515785.70639999956
        ]
      },
      "properties": {
        "DANE12_EST": "311102001074",
        "NOMBRE_EST": "COLEGIO GIOVANNI ANTONIO FARINA",
        "ORDEN_DE_S": "A",
        "puntaje_2023": 315.77,
        "cole_caracter": "TÉCNICO/ACADÉMICO",
        "punt_global_2020": 288.65,
        "punt_global_2022": 292.84
      }
    },
    {
      "type": "Feature",
      "geometry": {
        "type": "Point",
        "coordinates": [
          -8258533.647500001,
          513309.7179000005
        ]
      },
      "properties": {
        "DANE12_EST": "311102001244",
        "NOMBRE_EST": "LICEO ALFREDO NOBEL",
        "ORDEN_DE_S": "A",
        "puntaje_2023": 290.0,
        "cole_caracter": "ACADÉMICO",
        "punt_global_2020": 288.97,
        "punt_global_2022": 285.59
      }
    },
    {
      "type": "Feature",
      "geometry": {
        "type": "Point",
        "coordinates": [
          -8257984.8423999995,
          516166.5485999994
        ]
      },
      "properties": {
        "DANE12_EST": "311102001287",
        "NOMBRE_EST": "GIMNASIO LOS SAUCES",
        "ORDEN_DE_S": "A",
        "puntaje_2023": 313.46,
        "cole_caracter": "ACADÉMICO",
        "punt_global_2020": 288.64,
        "punt_global_2022": 305.03
      }
    },
    {
      "type": "Feature",
      "geometry": {
        "type": "Point",
        "coordinates": [
          -8249213.979800001,
          522998.56909999996
        ]
      },
      "properties": {
        "DANE12_EST": "311265000041",
        "NOMBRE_EST": "INSTITUTO JOSE MARTINEZ RUIZ",
        "ORDEN_DE_S": "A",
        "puntaje_2023": 277.31,
        "cole_caracter": "ACADÉMICO",
        "punt_global_2020": 269.44,
        "punt_global_2022": 271.64
      }
    },
    {
      "type": "Feature",
      "geometry": {
        "type": "Point",
        "coordinates": [
          -8248149.7654,
          521975.4593000002
        ]
      },
      "properties": {
        "DANE12_EST": "311265000369",
        "NOMBRE_EST": "COLEGIO ADVENTISTA DEL NORTE",
        "ORDEN_DE_S": "A",
        "puntaje_2023": 309.62,
        "cole_caracter": "ACADÉMICO",
        "punt_global_2020": 275.72,
        "punt_global_2022": 294.74
      }
    },
    {
      "type": "Feature",
      "geometry": {
        "type": "Point",
        "coordinates": [
          -8248760.909399999,
          523564.8594999984
        ]
      },
      "properties": {
        "DANE12_EST": "311265000954",
        "NOMBRE_EST": "COLEGIO YERMO Y PARRES",
        "ORDEN_DE_S": "A",
        "puntaje_2023": 298.85,
        "cole_caracter": "ACADÉMICO",
        "punt_global_2020": 283.54,
        "punt_global_2022": 299.4
      }
    },
    {
      "type": "Feature",
      "geometry": {
        "type": "Point",
        "coordinates": [
          -8251671.914100001,
          525604.432500001
        ]
      },
      "properties": {
        "DANE12_EST": "311265001110",
        "NOMBRE_EST": "COLEGIO LUIGI PIRANDELLO",
        "ORDEN_DE_S": "A",
        "puntaje_2023": 312.31,
        "cole_caracter": "ACADÉMICO",
        "punt_global_2020": 306.47,
        "punt_global_2022": 310.07
      }
    },
    {
      "type": "Feature",
      "geometry": {
        "type": "Point",
        "coordinates": [
          -8250524.210200001,
          525770.8621999994
        ]
      },
      "properties": {
        "DANE12_EST": "311265001152",
        "NOMBRE_EST": "INSTITUTO MAYEUTICO",
        "ORDEN_DE_S": "A",
        "puntaje_2023": 287.69,
        "cole_caracter": "ACADÉMICO",
        "punt_global_2020": 284.41,
        "punt_global_2022": 296.91
      }
    },
    {
      "type": "Feature",
      "geometry": {
        "type": "Point",
        "coordinates": [
          -8253470.837099999,
          521199.2003999986
        ]
      },
      "properties": {
        "DANE12_EST": "311279000043",
        "NOMBRE_EST": "CENTRO DE ENSEÑANZA MEDIA COMERCIAL NUESTRA SEÑORA DEL CARMEN",
        "ORDEN_DE_S": "A",
        "puntaje_2023": 315.38,
        "cole_caracter": "TÉCNICO/ACADÉMICO",
        "punt_global_2020": 312.58,
        "punt_global_2022": 319.22
      }
    },
    {
      "type": "Feature",
      "geometry": {
        "type": "Point",
        "coordinates": [
          -8253706.8344,
          520766.95600000024
        ]
      },
      "properties": {
        "DANE12_EST": "311279000094",
        "NOMBRE_EST": "COLEGIO PARROQUIAL SAN PEDRO CLAVER",
        "ORDEN_DE_S": "A",
        "puntaje_2023": 290.77,
        "cole_caracter": "ACADÉMICO",
        "punt_global_2020": 282.89,
        "punt_global_2022": 300.92
      }
    },
    {
      "type": "Feature",
      "geometry": {
        "type": "Point",
        "coordinates": [
          -8253883.8324,
          521123.25030000135
        ]
      },
      "properties": {
        "DANE12_EST": "311279000281",
        "NOMBRE_EST": "COLEGIO SANTA ANA",
        "ORDEN_DE_S": "A",
        "puntaje_2023": 328.08,
        "cole_caracter": "ACADÉMICO",
        "punt_global_2020": 321.92,
        "punt_global_2022": 322.86
      }
    },
    {
      "type": "Feature",
      "geometry": {
        "type": "Point",
        "coordinates": [
          -8254264.5451,
          521205.90190000087
        ]
      },
      "properties": {
        "DANE12_EST": "311279000311",
        "NOMBRE_EST": "COLEGIO DE NUESTRA SEÑORA DEL PERPETUO SOCORRO",
        "ORDEN_DE_S": "A",
        "puntaje_2023": 283.46,
        "cole_caracter": "ACADÉMICO",
        "punt_global_2020": 289.2,
        "punt_global_2022": 264.67
      }
    },
    {
      "type": "Feature",
      "geometry": {
        "type": "Point",
        "coordinates": [
          -8253243.7453000005,
          521342.1655000001
        ]
      },
      "properties": {
        "DANE12_EST": "311279000353",
        "NOMBRE_EST": "COLEGIO DE LOS ANDES",
        "ORDEN_DE_S": "A",
        "puntaje_2023": 306.15,
        "cole_caracter": "ACADÉMICO",
        "punt_global_2020": 293.27,
        "punt_global_2022": 300.28
      }
    },
    {
      "type": "Feature",
      "geometry": {
        "type": "Point",
        "coordinates": [
          -8252930.9376,
          520556.97769999877
        ]
      },
      "properties": {
        "DANE12_EST": "311279000370",
        "NOMBRE_EST": "COLEGIO TERESITA DE LISIEUX",
        "ORDEN_DE_S": "A",
        "puntaje_2023": 299.62,
        "cole_caracter": "ACADÉMICO",
        "punt_global_2020": 284.65,
        "punt_global_2022": 303.97
      }
    },
    {
      "type": "Feature",
      "geometry": {
        "type": "Point",
        "coordinates": [
          -8252511.2631,
          521750.9576999992
        ]
      },
      "properties": {
        "DANE12_EST": "311279000396",
        "NOMBRE_EST": "COLEGIO PARROQUIAL SAN JOSE",
        "ORDEN_DE_S": "A",
        "puntaje_2023": 286.92,
        "cole_caracter": "ACADÉMICO",
        "punt_global_2020": 291.9,
        "punt_global_2022": 286.6
      }
    },
    {
      "type": "Feature",
      "geometry": {
        "type": "Point",
        "coordinates": [
          -8253530.9496,
          520919.97250000015
        ]
      },
      "properties": {
        "DANE12_EST": "311279000426",
        "NOMBRE_EST": "COLEGIO SANTA TERESA DE JESUS",
        "ORDEN_DE_S": "A",
        "puntaje_2023": 305.38,
        "cole_caracter": "ACADÉMICO",
        "punt_global_2020": 305.11,
        "punt_global_2022": 303.36
      }
    },
    {
      "type": "Feature",
      "geometry": {
        "type": "Point",
        "coordinates": [
          -8253087.898,
          521052.88489999995
        ]
      },
      "properties": {
        "DANE12_EST": "311279000451",
        "NOMBRE_EST": "GIMNASIO LOS ANGELES",
        "ORDEN_DE_S": "A",
        "puntaje_2023": 266.39,
        "cole_caracter": "ACADÉMICO",
        "punt_global_2020": 264.5,
        "punt_global_2022": null
      }
    },
    {
      "type": "Feature",
      "geometry": {
        "type": "Point",
        "coordinates": [
          -8253599.967700001,
          522454.62150000036
        ]
      },
      "properties": {
        "DANE12_EST": "311279000779",
        "NOMBRE_EST": "COLEGIO PARROQUIAL NUESTRA SEÑORA DEL ROSARIO",
        "ORDEN_DE_S": "A",
        "puntaje_2023": 268.46,
        "cole_caracter": "ACADÉMICO",
        "punt_global_2020": 268.57,
        "punt_global_2022": 270.67
      }
    },
    {
      "type": "Feature",
      "geometry": {
        "type": "Point",
        "coordinates": [
          -8253952.850500001,
          520728.9811999984
        ]
      },
      "properties": {
        "DANE12_EST": "311279000906",
        "NOMBRE_EST": "INSTITUTO LA ANUNCIACION",
        "ORDEN_DE_S": "A",
        "puntaje_2023": 289.62,
        "cole_caracter": "ACADÉMICO",
        "punt_global_2020": 282.45,
        "punt_global_2022": 289.0
      }
    },
    {
      "type": "Feature",
      "geometry": {
        "type": "Point",
        "coordinates": [
          -8254028.547700001,
          521005.97459999844
        ]
      },
      "properties": {
        "DANE12_EST": "311279001236",
        "NOMBRE_EST": "COLEGIO MILITAR JOSE ANTONIO GALAN",
        "ORDEN_DE_S": "A",
        "puntaje_2023": 263.08,
        "cole_caracter": "ACADÉMICO",
        "punt_global_2020": 262.39,
        "punt_global_2022": 263.3
      }
    },
    {
      "type": "Feature",
      "geometry": {
        "type": "Point",
        "coordinates": [
          -8247687.7896,
          527582.6237999983
        ]
      },
      "properties": {
        "DANE12_EST": "311764004357",
        "NOMBRE_EST": "LICEO RIOBAMBA",
        "ORDEN_DE_S": "A",
        "puntaje_2023": 251.54,
        "cole_caracter": "NO APLICA",
        "punt_global_2020": 254.33,
        "punt_global_2022": 281.36
      }
    },
    {
      "type": "Feature",
      "geometry": {
        "type": "Point",
        "coordinates": [
          -8245412.419199999,
          529106.2342000008
        ]
      },
      "properties": {
        "DANE12_EST": "311769000076",
        "NOMBRE_EST": "COLEGIO DIVINO SALVADOR",
        "ORDEN_DE_S": "A",
        "puntaje_2023": 311.15,
        "cole_caracter": "ACADÉMICO",
        "punt_global_2020": 299.4,
        "punt_global_2022": 313.27
      }
    },
    {
      "type": "Feature",
      "geometry": {
        "type": "Point",
        "coordinates": [
          -8246656.971100001,
          529738.4743000008
        ]
      },
      "properties": {
        "DANE12_EST": "311769000165",
        "NOMBRE_EST": "COLEGIO SAN JORGE DE INGLATERRA",
        "ORDEN_DE_S": "A",
        "puntaje_2023": 369.23,
        "cole_caracter": "ACADÉMICO",
        "punt_global_2020": 351.81,
        "punt_global_2022": 366.68
      }
    },
    {
      "type": "Feature",
      "geometry": {
        "type": "Point",
        "coordinates": [
          -8244569.730599999,
          531601.7140000015
        ]
      },
      "properties": {
        "DANE12_EST": "311769000416",
        "NOMBRE_EST": "COLEGIO LAUSANA",
        "ORDEN_DE_S": "A",
        "puntaje_2023": 314.23,
        "cole_caracter": "ACADÉMICO",
        "punt_global_2020": 300.21,
        "punt_global_2022": 302.68
      }
    },
    {
      "type": "Feature",
      "geometry": {
        "type": "Point",
        "coordinates": [
          -8245150.818399999,
          530649.9816000015
        ]
      },
      "properties": {
        "DANE12_EST": "311769000475",
        "NOMBRE_EST": "ASPAEN GIMNASIO IRAGUA",
        "ORDEN_DE_S": "A",
        "puntaje_2023": 340.0,
        "cole_caracter": "ACADÉMICO",
        "punt_global_2020": 334.72,
        "punt_global_2022": 344.02
      }
    },
    {
      "type": "Feature",
      "geometry": {
        "type": "Point",
        "coordinates": [
          -8244937.084899999,
          523777.07979999855
        ]
      },
      "properties": {
        "DANE12_EST": "311769000483",
        "NOMBRE_EST": "COLEGIO EMMANUEL D´ALZON",
        "ORDEN_DE_S": "A",
        "puntaje_2023": 326.92,
        "cole_caracter": "ACADÉMICO",
        "punt_global_2020": 319.56,
        "punt_global_2022": 330.87
      }
    },
    {
      "type": "Feature",
      "geometry": {
        "type": "Point",
        "coordinates": [
          -8247796.8827,
          533269.5082999989
        ]
      },
      "properties": {
        "DANE12_EST": "311769000548",
        "NOMBRE_EST": "GIMNASIO EL PORTILLO",
        "ORDEN_DE_S": "A",
        "puntaje_2023": 325.38,
        "cole_caracter": "ACADÉMICO",
        "punt_global_2020": 311.07,
        "punt_global_2022": 297.97
      }
    },
    {
      "type": "Feature",
      "geometry": {
        "type": "Point",
        "coordinates": [
          -8246580.160599999,
          527263.1609000005
        ]
      },
      "properties": {
        "DANE12_EST": "311769000556",
        "NOMBRE_EST": "COLEGIO SAN PATRICIO",
        "ORDEN_DE_S": "A",
        "puntaje_2023": 341.92,
        "cole_caracter": "ACADÉMICO",
        "punt_global_2020": 349.71,
        "punt_global_2022": 343.38
      }
    },
    {
      "type": "Feature",
      "geometry": {
        "type": "Point",
        "coordinates": [
          -8245144.1392,
          527073.2710000016
        ]
      },
      "properties": {
        "DANE12_EST": "311769000564",
        "NOMBRE_EST": "COLEGIO CRISTO REY BOGOTA",
        "ORDEN_DE_S": "A",
        "puntaje_2023": 335.0,
        "cole_caracter": "ACADÉMICO",
        "punt_global_2020": 324.07,
        "punt_global_2022": 328.57
      }
    },
    {
      "type": "Feature",
      "geometry": {
        "type": "Point",
        "coordinates": [
          -8246929.7038,
          528376.8187000006
        ]
      },
      "properties": {
        "DANE12_EST": "311769000661",
        "NOMBRE_EST": "COLEGIO AGUSTINIANO SUBA",
        "ORDEN_DE_S": "A",
        "puntaje_2023": 314.23,
        "cole_caracter": "ACADÉMICO",
        "punt_global_2020": 296.16,
        "punt_global_2022": 312.32
      }
    },
    {
      "type": "Feature",
      "geometry": {
        "type": "Point",
        "coordinates": [
          -8246742.687100001,
          523973.6634000018
        ]
      },
      "properties": {
        "DANE12_EST": "311769000726",
        "NOMBRE_EST": "LICEO SEGOVIA",
        "ORDEN_DE_S": "A",
        "puntaje_2023": 306.15,
        "cole_caracter": "ACADÉMICO",
        "punt_global_2020": 305.3,
        "punt_global_2022": 313.0
      }
    },
    {
      "type": "Feature",
      "geometry": {
        "type": "Point",
        "coordinates": [
          -8243831.682399999,
          531130.3145000003
        ]
      },
      "properties": {
        "DANE12_EST": "311769000734",
        "NOMBRE_EST": "COLEGIO STELLA MATUTINA",
        "ORDEN_DE_S": "A",
        "puntaje_2023": 308.85,
        "cole_caracter": "ACADÉMICO",
        "punt_global_2020": 319.07,
        "punt_global_2022": 317.29
      }
    },
    {
      "type": "Feature",
      "geometry": {
        "type": "Point",
        "coordinates": [
          -8245687.3783,
          523853.0324999988
        ]
      },
      "properties": {
        "DANE12_EST": "311769000751",
        "NOMBRE_EST": "COLEGIO AGUSTINIANO NORTE",
        "ORDEN_DE_S": "A",
        "puntaje_2023": 328.85,
        "cole_caracter": "ACADÉMICO",
        "punt_global_2020": 319.83,
        "punt_global_2022": 326.99
      }
    },
    {
      "type": "Feature",
      "geometry": {
        "type": "Point",
        "coordinates": [
          -8242500.3013,
          535095.9690999985
        ]
      },
      "properties": {
        "DANE12_EST": "311769000769",
        "NOMBRE_EST": "COLEGIO NUEVA YORK EU",
        "ORDEN_DE_S": "A",
        "puntaje_2023": 333.46,
        "cole_caracter": "ACADÉMICO",
        "punt_global_2020": 338.11,
        "punt_global_2022": 339.27
      }
    },
    {
      "type": "Feature",
      "geometry": {
        "type": "Point",
        "coordinates": [
          -8247565.338099999,
          525962.9829000011
        ]
      },
      "properties": {
        "DANE12_EST": "311769000785",
        "NOMBRE_EST": "LICEO GLOBERTH MIXTO",
        "ORDEN_DE_S": "A",
        "puntaje_2023": 278.85,
        "cole_caracter": "TÉCNICO",
        "punt_global_2020": 274.54,
        "punt_global_2022": 284.21
      }
    },
    {
      "type": "Feature",
      "geometry": {
        "type": "Point",
        "coordinates": [
          -8245563.8137,
          526093.6699000001
        ]
      },
      "properties": {
        "DANE12_EST": "311769000815",
        "NOMBRE_EST": "LICEO SAN RAFAEL",
        "ORDEN_DE_S": "A",
        "puntaje_2023": 277.69,
        "cole_caracter": "ACADÉMICO",
        "punt_global_2020": 268.66,
        "punt_global_2022": 271.96
      }
    },
    {
      "type": "Feature",
      "geometry": {
        "type": "Point",
        "coordinates": [
          -8244262.4888,
          530544.9789999984
        ]
      },
      "properties": {
        "DANE12_EST": "311769000823",
        "NOMBRE_EST": "COLEGIO BILINGÜE HISPANOAMERICANO CONDE ANSUREZ",
        "ORDEN_DE_S": "A",
        "puntaje_2023": 343.85,
        "cole_caracter": "ACADÉMICO",
        "punt_global_2020": 327.89,
        "punt_global_2022": 333.73
      }
    },
    {
      "type": "Feature",
      "geometry": {
        "type": "Point",
        "coordinates": [
          -8245038.3857,
          530011.0317000002
        ]
      },
      "properties": {
        "DANE12_EST": "311769000866",
        "NOMBRE_EST": "FUNDACION NUEVO MARYMOUNT",
        "ORDEN_DE_S": "A",
        "puntaje_2023": 330.0,
        "cole_caracter": "ACADÉMICO",
        "punt_global_2020": 329.31,
        "punt_global_2022": 336.68
      }
    },
    {
      "type": "Feature",
      "geometry": {
        "type": "Point",
        "coordinates": [
          -8246152.6938000005,
          525475.9802000001
        ]
      },
      "properties": {
        "DANE12_EST": "311769000921",
        "NOMBRE_EST": "COLEGIO HELVETIA",
        "ORDEN_DE_S": "A",
        "puntaje_2023": 347.69,
        "cole_caracter": "ACADÉMICO",
        "punt_global_2020": 342.38,
        "punt_global_2022": 351.18
      }
    },
    {
      "type": "Feature",
      "geometry": {
        "type": "Point",
        "coordinates": [
          -8244302.5638,
          531383.8869000003
        ]
      },
      "properties": {
        "DANE12_EST": "311769000980",
        "NOMBRE_EST": "GIMNASIO SANTA CRISTINA DE TOSCANA",
        "ORDEN_DE_S": "A",
        "puntaje_2023": 316.92,
        "cole_caracter": "ACADÉMICO",
        "punt_global_2020": 302.5,
        "punt_global_2022": 319.35
      }
    },
    {
      "type": "Feature",
      "geometry": {
        "type": "Point",
        "coordinates": [
          -8243545.5912999995,
          528084.1607999988
        ]
      },
      "properties": {
        "DANE12_EST": "311769000998",
        "NOMBRE_EST": "COLEGIO COLOMBO HEBREO",
        "ORDEN_DE_S": "A",
        "puntaje_2023": 292.69,
        "cole_caracter": "ACADÉMICO",
        "punt_global_2020": 327.0,
        "punt_global_2022": 305.22
      }
    },
    {
      "type": "Feature",
      "geometry": {
        "type": "Point",
        "coordinates": [
          -8247261.435900001,
          527553.5815999992
        ]
      },
      "properties": {
        "DANE12_EST": "311769001030",
        "NOMBRE_EST": "COLEGIO SAN JOSE DEL JUNCAL",
        "ORDEN_DE_S": "A",
        "puntaje_2023": 280.77,
        "cole_caracter": "NO APLICA",
        "punt_global_2020": 269.26,
        "punt_global_2022": 284.0
      }
    },
    {
      "type": "Feature",
      "geometry": {
        "type": "Point",
        "coordinates": [
          -8245975.695800001,
          527356.9890000001
        ]
      },
      "properties": {
        "DANE12_EST": "311769001552",
        "NOMBRE_EST": "COLEGIO SAN LUIS",
        "ORDEN_DE_S": "A",
        "puntaje_2023": 305.38,
        "cole_caracter": "ACADÉMICO",
        "punt_global_2020": 301.82,
        "punt_global_2022": 305.13
      }
    },
    {
      "type": "Feature",
      "geometry": {
        "type": "Point",
        "coordinates": [
          -8244797.9355999995,
          511523.9715999998
        ]
      },
      "properties": {
        "DANE12_EST": "311769001757",
        "NOMBRE_EST": "COLEGIO BENPOSTA NACION DE MUCHACHOS",
        "ORDEN_DE_S": "A",
        "puntaje_2023": 239.23,
        "cole_caracter": "ACADÉMICO",
        "punt_global_2020": 281.71,
        "punt_global_2022": 250.8
      }
    },
    {
      "type": "Feature",
      "geometry": {
        "type": "Point",
        "coordinates": [
          -8244436.1472,
          530117.1506999992
        ]
      },
      "properties": {
        "DANE12_EST": "311769001781",
        "NOMBRE_EST": "COLEGIO BILINGÜE ABRAHAM LINCOLN",
        "ORDEN_DE_S": "A",
        "puntaje_2023": 355.0,
        "cole_caracter": "ACADÉMICO",
        "punt_global_2020": 354.98,
        "punt_global_2022": 357.96
      }
    },
    {
      "type": "Feature",
      "geometry": {
        "type": "Point",
        "coordinates": [
          -8244279.1866999995,
          529855.7631999999
        ]
      },
      "properties": {
        "DANE12_EST": "311769001846",
        "NOMBRE_EST": "COLEGIO SAN TARSICIO",
        "ORDEN_DE_S": "A",
        "puntaje_2023": 336.54,
        "cole_caracter": "ACADÉMICO",
        "punt_global_2020": 330.59,
        "punt_global_2022": 344.28
      }
    },
    {
      "type": "Feature",
      "geometry": {
        "type": "Point",
        "coordinates": [
          -8245763.0756,
          537625.1590000018
        ]
      },
      "properties": {
        "DANE12_EST": "311769001897",
        "NOMBRE_EST": "GIMNASIO LOS ROBLES",
        "ORDEN_DE_S": "A",
        "puntaje_2023": 311.15,
        "cole_caracter": "ACADÉMICO",
        "punt_global_2020": 304.05,
        "punt_global_2022": 306.62
      }
    },
    {
      "type": "Feature",
      "geometry": {
        "type": "Point",
        "coordinates": [
          -8246358.6348,
          530927.0104999989
        ]
      },
      "properties": {
        "DANE12_EST": "311769001927",
        "NOMBRE_EST": "COLEGIO GEORGE WASHINGTON CAMPESTRE",
        "ORDEN_DE_S": "A",
        "puntaje_2023": 286.54,
        "cole_caracter": "ACADÉMICO",
        "punt_global_2020": 297.14,
        "punt_global_2022": 295.33
      }
    },
    {
      "type": "Feature",
      "geometry": {
        "type": "Point",
        "coordinates": [
          -8243301.8016,
          529188.8942000009
        ]
      },
      "properties": {
        "DANE12_EST": "311769002010",
        "NOMBRE_EST": "CENTRO EDUCATIVO SAGRADA FAMILIA DE NAZARETH",
        "ORDEN_DE_S": "A",
        "puntaje_2023": 303.46,
        "cole_caracter": "TÉCNICO/ACADÉMICO",
        "punt_global_2020": 305.06,
        "punt_global_2022": 301.25
      }
    },
    {
      "type": "Feature",
      "geometry": {
        "type": "Point",
        "coordinates": [
          -8241362.6161,
          531151.5386000015
        ]
      },
      "properties": {
        "DANE12_EST": "311769002214",
        "NOMBRE_EST": "COLEGIO SAN BENITO DE TIBATI",
        "ORDEN_DE_S": "A",
        "puntaje_2023": 330.0,
        "cole_caracter": "TÉCNICO",
        "punt_global_2020": 336.74,
        "punt_global_2022": 321.86
      }
    },
    {
      "type": "Feature",
      "geometry": {
        "type": "Point",
        "coordinates": [
          -8247464.0374,
          533241.5810999982
        ]
      },
      "properties": {
        "DANE12_EST": "311769002290",
        "NOMBRE_EST": "GIMNASIO LA ARBOLEDA",
        "ORDEN_DE_S": "A",
        "puntaje_2023": 300.77,
        "cole_caracter": "ACADÉMICO",
        "punt_global_2020": 304.89,
        "punt_global_2022": 290.44
      }
    },
    {
      "type": "Feature",
      "geometry": {
        "type": "Point",
        "coordinates": [
          -8248694.117699999,
          527530.124499999
        ]
      },
      "properties": {
        "DANE12_EST": "311769002354",
        "NOMBRE_EST": "COLEGIO ALAFAS DEL NORTE",
        "ORDEN_DE_S": "A",
        "puntaje_2023": 319.23,
        "cole_caracter": "TÉCNICO",
        "punt_global_2020": 299.71,
        "punt_global_2022": 317.94
      }
    },
    {
      "type": "Feature",
      "geometry": {
        "type": "Point",
        "coordinates": [
          -8247711.1666,
          526596.3143000007
        ]
      },
      "properties": {
        "DANE12_EST": "311769002451",
        "NOMBRE_EST": "COLEGIO NEIL ARMSTRONG",
        "ORDEN_DE_S": "A",
        "puntaje_2023": 262.69,
        "cole_caracter": "TÉCNICO/ACADÉMICO",
        "punt_global_2020": 244.12,
        "punt_global_2022": 262.13
      }
    },
    {
      "type": "Feature",
      "geometry": {
        "type": "Point",
        "coordinates": [
          -8247003.174699999,
          528463.9459999986
        ]
      },
      "properties": {
        "DANE12_EST": "311769002494",
        "NOMBRE_EST": "GIMNASIO NUEVO SUBA",
        "ORDEN_DE_S": "A",
        "puntaje_2023": 286.92,
        "cole_caracter": "ACADÉMICO",
        "punt_global_2020": 276.4,
        "punt_global_2022": 281.36
      }
    },
    {
      "type": "Feature",
      "geometry": {
        "type": "Point",
        "coordinates": [
          -8247144.5504,
          532879.6455000006
        ]
      },
      "properties": {
        "DANE12_EST": "311769002796",
        "NOMBRE_EST": "COLEGIO UNIDAD PEDAGOGICA",
        "ORDEN_DE_S": "A",
        "puntaje_2023": 333.08,
        "cole_caracter": "ACADÉMICO",
        "punt_global_2020": 326.77,
        "punt_global_2022": 331.63
      }
    },
    {
      "type": "Feature",
      "geometry": {
        "type": "Point",
        "coordinates": [
          -8246970.892000001,
          531781.5615000017
        ]
      },
      "properties": {
        "DANE12_EST": "311769002818",
        "NOMBRE_EST": "COLEGIO INTERNACIONAL DE EDUCACION INTEGRAL - CIEDI - BILINGÜE INTERNACIONAL",
        "ORDEN_DE_S": "A",
        "puntaje_2023": 350.0,
        "cole_caracter": "ACADÉMICO",
        "punt_global_2020": 340.18,
        "punt_global_2022": 349.03
      }
    },
    {
      "type": "Feature",
      "geometry": {
        "type": "Point",
        "coordinates": [
          -8247484.074899999,
          526673.3867000006
        ]
      },
      "properties": {
        "DANE12_EST": "311769003008",
        "NOMBRE_EST": "COLEGIO TECNOLOGICO DE SUBA",
        "ORDEN_DE_S": "A",
        "puntaje_2023": 285.0,
        "cole_caracter": "ACADÉMICO",
        "punt_global_2020": 276.5,
        "punt_global_2022": 278.69
      }
    },
    {
      "type": "Feature",
      "geometry": {
        "type": "Point",
        "coordinates": [
          -8244575.296599999,
          530722.5898999982
        ]
      },
      "properties": {
        "DANE12_EST": "311769003091",
        "NOMBRE_EST": "INSTITUTO MILITAR AQUILEO PARRA",
        "ORDEN_DE_S": "A",
        "puntaje_2023": 278.46,
        "cole_caracter": "ACADÉMICO",
        "punt_global_2020": 261.12,
        "punt_global_2022": 271.53
      }
    },
    {
      "type": "Feature",
      "geometry": {
        "type": "Point",
        "coordinates": [
          -8244767.8793,
          529258.1499999985
        ]
      },
      "properties": {
        "DANE12_EST": "311769003211",
        "NOMBRE_EST": "COLEGIO SANTA ISABEL DE HUNGRIA",
        "ORDEN_DE_S": "A",
        "puntaje_2023": 285.38,
        "cole_caracter": "ACADÉMICO",
        "punt_global_2020": 279.0,
        "punt_global_2022": 291.43
      }
    },
    {
      "type": "Feature",
      "geometry": {
        "type": "Point",
        "coordinates": [
          -8246082.5625,
          529984.2228000015
        ]
      },
      "properties": {
        "DANE12_EST": "311769003300",
        "NOMBRE_EST": "COLEGIO JONATHAN SWIFT",
        "ORDEN_DE_S": "A",
        "puntaje_2023": 298.85,
        "cole_caracter": "ACADÉMICO",
        "punt_global_2020": 290.29,
        "punt_global_2022": 307.27
      }
    },
    {
      "type": "Feature",
      "geometry": {
        "type": "Point",
        "coordinates": [
          -8243186.0293000005,
          532718.7857999988
        ]
      },
      "properties": {
        "DANE12_EST": "311769003342",
        "NOMBRE_EST": "COLEGIO LOS NOGALES",
        "ORDEN_DE_S": "A",
        "puntaje_2023": 358.85,
        "cole_caracter": "ACADÉMICO",
        "punt_global_2020": 360.7,
        "punt_global_2022": 359.64
      }
    },
    {
      "type": "Feature",
      "geometry": {
        "type": "Point",
        "coordinates": [
          -8242476.9242,
          534405.5953000002
        ]
      },
      "properties": {
        "DANE12_EST": "311769003474",
        "NOMBRE_EST": "COLEGIO ANDINO",
        "ORDEN_DE_S": "A",
        "puntaje_2023": 340.0,
        "cole_caracter": "ACADÉMICO",
        "punt_global_2020": 337.89,
        "punt_global_2022": 336.96
      }
    },
    {
      "type": "Feature",
      "geometry": {
        "type": "Point",
        "coordinates": [
          -8244107.7546999995,
          534214.5705999993
        ]
      },
      "properties": {
        "DANE12_EST": "311769003920",
        "NOMBRE_EST": "COLEGIO BILINGÜE CLERMONT",
        "ORDEN_DE_S": "A",
        "puntaje_2023": 336.92,
        "cole_caracter": "ACADÉMICO",
        "punt_global_2020": 341.9,
        "punt_global_2022": 327.9
      }
    },
    {
      "type": "Feature",
      "geometry": {
        "type": "Point",
        "coordinates": [
          -8242514.7728,
          534223.5073999986
        ]
      },
      "properties": {
        "DANE12_EST": "311769003938",
        "NOMBRE_EST": "COLEGIO BILINGÜE BUCKINGHAM",
        "ORDEN_DE_S": "A",
        "puntaje_2023": 351.54,
        "cole_caracter": "ACADÉMICO",
        "punt_global_2020": 332.4,
        "punt_global_2022": 353.67
      }
    },
    {
      "type": "Feature",
      "geometry": {
        "type": "Point",
        "coordinates": [
          -8248041.785499999,
          528309.7976999991
        ]
      },
      "properties": {
        "DANE12_EST": "311769004004",
        "NOMBRE_EST": "INSTITUTO TECNICO COMERCIAL CERROS DE SUBA",
        "ORDEN_DE_S": "A",
        "puntaje_2023": 285.38,
        "cole_caracter": "TÉCNICO/ACADÉMICO",
        "punt_global_2020": 276.39,
        "punt_global_2022": 293.8
      }
    },
    {
      "type": "Feature",
      "geometry": {
        "type": "Point",
        "coordinates": [
          -8247812.4673999995,
          526319.300999999
        ]
      },
      "properties": {
        "DANE12_EST": "311769004063",
        "NOMBRE_EST": "GIMNASIO SANTANDER",
        "ORDEN_DE_S": "A",
        "puntaje_2023": 248.85,
        "cole_caracter": "ACADÉMICO",
        "punt_global_2020": 241.94,
        "punt_global_2022": 265.93
      }
    },
    {
      "type": "Feature",
      "geometry": {
        "type": "Point",
        "coordinates": [
          -8248151.991800001,
          527961.2895000018
        ]
      },
      "properties": {
        "DANE12_EST": "311769004233",
        "NOMBRE_EST": "CENTRO DE INTEGRACION EDUCATIVA DEL NORTE - CIEN",
        "ORDEN_DE_S": "A",
        "puntaje_2023": 308.46,
        "cole_caracter": "ACADÉMICO",
        "punt_global_2020": 299.85,
        "punt_global_2022": 312.29
      }
    },
    {
      "type": "Feature",
      "geometry": {
        "type": "Point",
        "coordinates": [
          -8247161.248400001,
          527705.4943999983
        ]
      },
      "properties": {
        "DANE12_EST": "311769004250",
        "NOMBRE_EST": "COLEGIO EUCARISTICO MERCEDARIO",
        "ORDEN_DE_S": "A",
        "puntaje_2023": 306.15,
        "cole_caracter": "ACADÉMICO",
        "punt_global_2020": 301.17,
        "punt_global_2022": 308.53
      }
    },
    {
      "type": "Feature",
      "geometry": {
        "type": "Point",
        "coordinates": [
          -8248799.871300001,
          528584.5841000006
        ]
      },
      "properties": {
        "DANE12_EST": "311769004268",
        "NOMBRE_EST": "GIMNASIO ACADEMICO REGIONAL",
        "ORDEN_DE_S": "A",
        "puntaje_2023": 279.62,
        "cole_caracter": "TÉCNICO/ACADÉMICO",
        "punt_global_2020": 275.28,
        "punt_global_2022": 276.84
      }
    },
    {
      "type": "Feature",
      "geometry": {
        "type": "Point",
        "coordinates": [
          -8247034.3441,
          529442.4602000006
        ]
      },
      "properties": {
        "DANE12_EST": "311769004284",
        "NOMBRE_EST": "INSTITUTO EDUCACION Y VIDA",
        "ORDEN_DE_S": "A",
        "puntaje_2023": 301.92,
        "cole_caracter": "ACADÉMICO",
        "punt_global_2020": 283.55,
        "punt_global_2022": 302.36
      }
    },
    {
      "type": "Feature",
      "geometry": {
        "type": "Point",
        "coordinates": [
          -8242631.658299999,
          534147.5445000008
        ]
      },
      "properties": {
        "DANE12_EST": "311769004292",
        "NOMBRE_EST": "COLEGIO SAN MATEO APOSTOL BILINGÜE INTERNACIONAL",
        "ORDEN_DE_S": "A",
        "puntaje_2023": 358.85,
        "cole_caracter": "ACADÉMICO",
        "punt_global_2020": 347.81,
        "punt_global_2022": 358.48
      }
    },
    {
      "type": "Feature",
      "geometry": {
        "type": "Point",
        "coordinates": [
          -8249215.093,
          527898.7369000018
        ]
      },
      "properties": {
        "DANE12_EST": "311769004365",
        "NOMBRE_EST": "GIMNASIO LA CAMPIÑA",
        "ORDEN_DE_S": "A",
        "puntaje_2023": 265.0,
        "cole_caracter": "ACADÉMICO",
        "punt_global_2020": 275.79,
        "punt_global_2022": 283.31
      }
    },
    {
      "type": "Feature",
      "geometry": {
        "type": "Point",
        "coordinates": [
          -8243360.800899999,
          532080.935800001
        ]
      },
      "properties": {
        "DANE12_EST": "311848000278",
        "NOMBRE_EST": "GIMNASIO VERMONT",
        "ORDEN_DE_S": "A",
        "puntaje_2023": 362.31,
        "cole_caracter": "ACADÉMICO",
        "punt_global_2020": 357.83,
        "punt_global_2022": 366.15
      }
    },
    {
      "type": "Feature",
      "geometry": {
        "type": "Point",
        "coordinates": [
          -8240625.6811,
          523092.3920999989
        ]
      },
      "properties": {
        "DANE12_EST": "311848000286",
        "NOMBRE_EST": "GIMNASIO DE LOS CERROS",
        "ORDEN_DE_S": "A",
        "puntaje_2023": 343.85,
        "cole_caracter": "TÉCNICO/ACADÉMICO",
        "punt_global_2020": 358.47,
        "punt_global_2022": 347.29
      }
    },
    {
      "type": "Feature",
      "geometry": {
        "type": "Point",
        "coordinates": [
          -8243158.1995,
          525264.872200001
        ]
      },
      "properties": {
        "DANE12_EST": "311848000294",
        "NOMBRE_EST": "COLEGIO CAMPESTRE SAN JOSE - CCSJ",
        "ORDEN_DE_S": "A",
        "puntaje_2023": 308.85,
        "cole_caracter": "ACADÉMICO",
        "punt_global_2020": 309.2,
        "punt_global_2022": 297.25
      }
    },
    {
      "type": "Feature",
      "geometry": {
        "type": "Point",
        "coordinates": [
          -8240788.2075,
          529378.7892999984
        ]
      },
      "properties": {
        "DANE12_EST": "311848000308",
        "NOMBRE_EST": "COLEGIO ANGLO AMERICANO",
        "ORDEN_DE_S": "A",
        "puntaje_2023": 372.69,
        "cole_caracter": "ACADÉMICO",
        "punt_global_2020": 361.67,
        "punt_global_2022": 372.4
      }
    },
    {
      "type": "Feature",
      "geometry": {
        "type": "Point",
        "coordinates": [
          -8246033.581900001,
          535623.2490999997
        ]
      },
      "properties": {
        "DANE12_EST": "311848000324",
        "NOMBRE_EST": "COLEGIO COLOMBO GALES",
        "ORDEN_DE_S": "A",
        "puntaje_2023": 335.77,
        "cole_caracter": "ACADÉMICO",
        "punt_global_2020": 329.5,
        "punt_global_2022": 335.83
      }
    },
    {
      "type": "Feature",
      "geometry": {
        "type": "Point",
        "coordinates": [
          -8240537.738700001,
          528460.5949999988
        ]
      },
      "properties": {
        "DANE12_EST": "311848000341",
        "NOMBRE_EST": "GIMNASIO CAMPESTRE",
        "ORDEN_DE_S": "A",
        "puntaje_2023": 337.69,
        "cole_caracter": "ACADÉMICO",
        "punt_global_2020": 327.4,
        "punt_global_2022": 334.13
      }
    },
    {
      "type": "Feature",
      "geometry": {
        "type": "Point",
        "coordinates": [
          -8242575.998500001,
          534452.5137000009
        ]
      },
      "properties": {
        "DANE12_EST": "311848000367",
        "NOMBRE_EST": "LICEO DE COLOMBIA BILINGÜE",
        "ORDEN_DE_S": "A",
        "puntaje_2023": 360.0,
        "cole_caracter": "ACADÉMICO",
        "punt_global_2020": 345.78,
        "punt_global_2022": 347.78
      }
    },
    {
      "type": "Feature",
      "geometry": {
        "type": "Point",
        "coordinates": [
          -8240985.243000001,
          530555.0324000008
        ]
      },
      "properties": {
        "DANE12_EST": "311848000413",
        "NOMBRE_EST": "INSTITUTO DE PEDAGOGIA AUTOACTIVA DE GRUPOS - IPAG",
        "ORDEN_DE_S": "A",
        "puntaje_2023": 253.08,
        "cole_caracter": "TÉCNICO/ACADÉMICO",
        "punt_global_2020": 264.19,
        "punt_global_2022": 272.48
      }
    },
    {
      "type": "Feature",
      "geometry": {
        "type": "Point",
        "coordinates": [
          -8240683.5671999995,
          528198.0962000005
        ]
      },
      "properties": {
        "DANE12_EST": "311848000456",
        "NOMBRE_EST": "COLEGIO CASABLANCA",
        "ORDEN_DE_S": "A",
        "puntaje_2023": 296.92,
        "cole_caracter": "ACADÉMICO",
        "punt_global_2020": 262.5,
        "punt_global_2022": 288.43
      }
    },
    {
      "type": "Feature",
      "geometry": {
        "type": "Point",
        "coordinates": [
          -8240541.078199999,
          526332.7047999986
        ]
      },
      "properties": {
        "DANE12_EST": "311848000481",
        "NOMBRE_EST": "COLEGIO PUREZA DE MARIA",
        "ORDEN_DE_S": "A",
        "puntaje_2023": 337.31,
        "cole_caracter": "ACADÉMICO",
        "punt_global_2020": 313.12,
        "punt_global_2022": 332.84
      }
    },
    {
      "type": "Feature",
      "geometry": {
        "type": "Point",
        "coordinates": [
          -8240134.7621,
          524189.2357000001
        ]
      },
      "properties": {
        "DANE12_EST": "311848000499",
        "NOMBRE_EST": "FUNDACION EDUCACIONAL ANA RESTREPO DEL CORRAL",
        "ORDEN_DE_S": "A",
        "puntaje_2023": 270.0,
        "cole_caracter": "TÉCNICO",
        "punt_global_2020": 277.84,
        "punt_global_2022": 272.92
      }
    },
    {
      "type": "Feature",
      "geometry": {
        "type": "Point",
        "coordinates": [
          -8240199.327400001,
          528377.9356999993
        ]
      },
      "properties": {
        "DANE12_EST": "311848000588",
        "NOMBRE_EST": "COLEGIO DEL SANTO ANGEL",
        "ORDEN_DE_S": "A",
        "puntaje_2023": 318.46,
        "cole_caracter": "TÉCNICO/ACADÉMICO",
        "punt_global_2020": 310.78,
        "punt_global_2022": 303.88
      }
    },
    {
      "type": "Feature",
      "geometry": {
        "type": "Point",
        "coordinates": [
          -8245021.6877,
          533891.7287999988
        ]
      },
      "properties": {
        "DANE12_EST": "311848000596",
        "NOMBRE_EST": "GIMNASIO INGLES CAMPESTRE",
        "ORDEN_DE_S": "A",
        "puntaje_2023": 309.23,
        "cole_caracter": "ACADÉMICO",
        "punt_global_2020": 290.24,
        "punt_global_2022": 301.64
      }
    },
    {
      "type": "Feature",
      "geometry": {
        "type": "Point",
        "coordinates": [
          -8243182.6898,
          525692.6737000011
        ]
      },
      "properties": {
        "DANE12_EST": "311848000618",
        "NOMBRE_EST": "COLEGIO SANTO TOMAS DE AQUINO",
        "ORDEN_DE_S": "A",
        "puntaje_2023": 335.38,
        "cole_caracter": "ACADÉMICO",
        "punt_global_2020": 317.1,
        "punt_global_2022": 323.41
      }
    },
    {
      "type": "Feature",
      "geometry": {
        "type": "Point",
        "coordinates": [
          -8240490.9845,
          526996.1981000006
        ]
      },
      "properties": {
        "DANE12_EST": "311848000626",
        "NOMBRE_EST": "GIMNASIO CULTURAL LIBERTAD",
        "ORDEN_DE_S": "A",
        "puntaje_2023": 271.92,
        "cole_caracter": "ACADÉMICO",
        "punt_global_2020": 264.97,
        "punt_global_2022": 259.74
      }
    },
    {
      "type": "Feature",
      "geometry": {
        "type": "Point",
        "coordinates": [
          -8242822.014599999,
          527613.8999000005
        ]
      },
      "properties": {
        "DANE12_EST": "311848000634",
        "NOMBRE_EST": "COLEGIO TERESIANO",
        "ORDEN_DE_S": "A",
        "puntaje_2023": 318.08,
        "cole_caracter": "ACADÉMICO",
        "punt_global_2020": 314.87,
        "punt_global_2022": 321.27
      }
    },
    {
      "type": "Feature",
      "geometry": {
        "type": "Point",
        "coordinates": [
          -8241924.7795,
          529325.1719000004
        ]
      },
      "properties": {
        "DANE12_EST": "311848000693",
        "NOMBRE_EST": "COLEGIO DE INGLATERRA (THE ENGLISH SCHOOL)",
        "ORDEN_DE_S": "A",
        "puntaje_2023": 330.0,
        "cole_caracter": "ACADÉMICO",
        "punt_global_2020": 321.84,
        "punt_global_2022": 328.87
      }
    },
    {
      "type": "Feature",
      "geometry": {
        "type": "Point",
        "coordinates": [
          -8241029.7708,
          531591.6603999995
        ]
      },
      "properties": {
        "DANE12_EST": "311848000782",
        "NOMBRE_EST": "GIMNASIO LOS PINOS",
        "ORDEN_DE_S": "A",
        "puntaje_2023": 331.54,
        "cole_caracter": "ACADÉMICO",
        "punt_global_2020": 322.04,
        "punt_global_2022": 325.59
      }
    },
    {
      "type": "Feature",
      "geometry": {
        "type": "Point",
        "coordinates": [
          -8243101.4265,
          522669.0727000013
        ]
      },
      "properties": {
        "DANE12_EST": "311848000791",
        "NOMBRE_EST": "COLEGIO DE NUESTRA SEÑORA DEL BUEN CONSEJO",
        "ORDEN_DE_S": "A",
        "puntaje_2023": 308.85,
        "cole_caracter": "ACADÉMICO",
        "punt_global_2020": 308.87,
        "punt_global_2022": 325.36
      }
    },
    {
      "type": "Feature",
      "geometry": {
        "type": "Point",
        "coordinates": [
          -8240840.5276999995,
          524625.9668999985
        ]
      },
      "properties": {
        "DANE12_EST": "311848000812",
        "NOMBRE_EST": "GIMNASIO FEMENINO",
        "ORDEN_DE_S": "A",
        "puntaje_2023": 331.15,
        "cole_caracter": "ACADÉMICO",
        "punt_global_2020": 335.92,
        "punt_global_2022": 331.7
      }
    },
    {
      "type": "Feature",
      "geometry": {
        "type": "Point",
        "coordinates": [
          -8241535.1613,
          526444.4035999998
        ]
      },
      "properties": {
        "DANE12_EST": "311848000821",
        "NOMBRE_EST": "COLEGIO PROVINMA",
        "ORDEN_DE_S": "A",
        "puntaje_2023": 325.77,
        "cole_caracter": "ACADÉMICO",
        "punt_global_2020": 312.06,
        "punt_global_2022": 339.06
      }
    },
    {
      "type": "Feature",
      "geometry": {
        "type": "Point",
        "coordinates": [
          -8241129.9583,
          537216.2824000008
        ]
      },
      "properties": {
        "DANE12_EST": "311848000847",
        "NOMBRE_EST": "COLEGIO MIGUEL ANTONIO CARO",
        "ORDEN_DE_S": "A",
        "puntaje_2023": 307.69,
        "cole_caracter": "ACADÉMICO",
        "punt_global_2020": 287.14,
        "punt_global_2022": 296.73
      }
    },
    {
      "type": "Feature",
      "geometry": {
        "type": "Point",
        "coordinates": [
          -8241298.050799999,
          530789.6130000018
        ]
      },
      "properties": {
        "DANE12_EST": "311848000936",
        "NOMBRE_EST": "COLEGIO SANTA MARIA",
        "ORDEN_DE_S": "A",
        "puntaje_2023": 335.0,
        "cole_caracter": "ACADÉMICO",
        "punt_global_2020": 333.74,
        "punt_global_2022": 347.75
      }
    },
    {
      "type": "Feature",
      "geometry": {
        "type": "Point",
        "coordinates": [
          -8243609.043400001,
          527516.7204999998
        ]
      },
      "properties": {
        "DANE12_EST": "311848000961",
        "NOMBRE_EST": "EXTERNADO CARO Y CUERVO",
        "ORDEN_DE_S": "A",
        "puntaje_2023": 310.77,
        "cole_caracter": "ACADÉMICO",
        "punt_global_2020": 300.55,
        "punt_global_2022": 300.63
      }
    },
    {
      "type": "Feature",
      "geometry": {
        "type": "Point",
        "coordinates": [
          -8243312.933599999,
          524879.5179000013
        ]
      },
      "properties": {
        "DANE12_EST": "311848000995",
        "NOMBRE_EST": "COLEGIO CARDENAL SANCHA",
        "ORDEN_DE_S": "A",
        "puntaje_2023": 314.62,
        "cole_caracter": "ACADÉMICO",
        "punt_global_2020": 308.37,
        "punt_global_2022": 299.24
      }
    },
    {
      "type": "Feature",
      "geometry": {
        "type": "Point",
        "coordinates": [
          -8242532.583900001,
          527715.5474999994
        ]
      },
      "properties": {
        "DANE12_EST": "311848001011",
        "NOMBRE_EST": "COLEGIO ANGLO COLOMBIANO",
        "ORDEN_DE_S": "A",
        "puntaje_2023": 327.69,
        "cole_caracter": "ACADÉMICO",
        "punt_global_2020": 325.22,
        "punt_global_2022": 333.32
      }
    },
    {
      "type": "Feature",
      "geometry": {
        "type": "Point",
        "coordinates": [
          -8242584.904100001,
          533662.7243000008
        ]
      },
      "properties": {
        "DANE12_EST": "311848001118",
        "NOMBRE_EST": "GIMNASIO LOS ANDES",
        "ORDEN_DE_S": "A",
        "puntaje_2023": 341.92,
        "cole_caracter": "ACADÉMICO",
        "punt_global_2020": 327.08,
        "punt_global_2022": 334.48
      }
    },
    {
      "type": "Feature",
      "geometry": {
        "type": "Point",
        "coordinates": [
          -8243373.0461,
          524608.0954999998
        ]
      },
      "properties": {
        "DANE12_EST": "311848002262",
        "NOMBRE_EST": "COLEGIO ITALIANO LEONARDO DA VINCI",
        "ORDEN_DE_S": "A",
        "puntaje_2023": 337.31,
        "cole_caracter": "ACADÉMICO",
        "punt_global_2020": 342.0,
        "punt_global_2022": 342.13
      }
    },
    {
      "type": "Feature",
      "geometry": {
        "type": "Point",
        "coordinates": [
          -8241393.785499999,
          529239.1605000012
        ]
      },
      "properties": {
        "DANE12_EST": "311848002271",
        "NOMBRE_EST": "COLEGIO DE LA SALLE",
        "ORDEN_DE_S": "A",
        "puntaje_2023": 325.38,
        "cole_caracter": "ACADÉMICO",
        "punt_global_2020": 320.39,
        "punt_global_2022": 326.07
      }
    },
    {
      "type": "Feature",
      "geometry": {
        "type": "Point",
        "coordinates": [
          -8242693.997199999,
          531875.3951000012
        ]
      },
      "properties": {
        "DANE12_EST": "311848002343",
        "NOMBRE_EST": "COLEGIO SANTA MARIANA DE JESUS",
        "ORDEN_DE_S": "A",
        "puntaje_2023": 311.54,
        "cole_caracter": "ACADÉMICO",
        "punt_global_2020": 305.05,
        "punt_global_2022": 310.64
      }
    },
    {
      "type": "Feature",
      "geometry": {
        "type": "Point",
        "coordinates": [
          -8242297.6998,
          527405.0201000012
        ]
      },
      "properties": {
        "DANE12_EST": "311848002351",
        "NOMBRE_EST": "REDCOL - COLEGIO SANTA FRANCISCA ROMANA",
        "ORDEN_DE_S": "A",
        "puntaje_2023": 355.77,
        "cole_caracter": "ACADÉMICO",
        "punt_global_2020": 356.39,
        "punt_global_2022": 358.09
      }
    },
    {
      "type": "Feature",
      "geometry": {
        "type": "Point",
        "coordinates": [
          -8240144.7809,
          528775.5947000012
        ]
      },
      "properties": {
        "DANE12_EST": "311848002416",
        "NOMBRE_EST": "COLEGIO MARIA INMACULADA",
        "ORDEN_DE_S": "A",
        "puntaje_2023": 300.38,
        "cole_caracter": "TÉCNICO/ACADÉMICO",
        "punt_global_2020": 293.13,
        "punt_global_2022": 313.27
      }
    },
    {
      "type": "Feature",
      "geometry": {
        "type": "Point",
        "coordinates": [
          -8241723.291200001,
          531665.3865999989
        ]
      },
      "properties": {
        "DANE12_EST": "311848002424",
        "NOMBRE_EST": "COLEGIO SAN CARLOS",
        "ORDEN_DE_S": "A",
        "puntaje_2023": 365.38,
        "cole_caracter": "ACADÉMICO",
        "punt_global_2020": 361.14,
        "punt_global_2022": 367.09
      }
    },
    {
      "type": "Feature",
      "geometry": {
        "type": "Point",
        "coordinates": [
          -8242219.7762,
          529353.0976000018
        ]
      },
      "properties": {
        "DANE12_EST": "311848002432",
        "NOMBRE_EST": "COLEGIO DE LA PRESENTACION SANS FACON",
        "ORDEN_DE_S": "A",
        "puntaje_2023": 306.92,
        "cole_caracter": "ACADÉMICO",
        "punt_global_2020": 316.0,
        "punt_global_2022": 324.2
      }
    },
    {
      "type": "Feature",
      "geometry": {
        "type": "Point",
        "coordinates": [
          -8240339.59,
          529754.1127999984
        ]
      },
      "properties": {
        "DANE12_EST": "311848002459",
        "NOMBRE_EST": "COLEGIO CLAUSTRO MODERNO",
        "ORDEN_DE_S": "A",
        "puntaje_2023": 320.0,
        "cole_caracter": "ACADÉMICO",
        "punt_global_2020": 336.45,
        "punt_global_2022": 331.02
      }
    },
    {
      "type": "Feature",
      "geometry": {
        "type": "Point",
        "coordinates": [
          -8240307.3072999995,
          529577.621199999
        ]
      },
      "properties": {
        "DANE12_EST": "311848002513",
        "NOMBRE_EST": "GIMNASIO JOSE JOAQUIN CASAS",
        "ORDEN_DE_S": "A",
        "puntaje_2023": 310.0,
        "cole_caracter": "ACADÉMICO",
        "punt_global_2020": 311.0,
        "punt_global_2022": 315.0
      }
    },
    {
      "type": "Feature",
      "geometry": {
        "type": "Point",
        "coordinates": [
          -8242584.904100001,
          527867.4607000016
        ]
      },
      "properties": {
        "DANE12_EST": "311848002611",
        "NOMBRE_EST": "LICEO DE CERVANTES",
        "ORDEN_DE_S": "A",
        "puntaje_2023": 349.23,
        "cole_caracter": "ACADÉMICO",
        "punt_global_2020": 346.36,
        "punt_global_2022": 347.54
      }
    },
    {
      "type": "Feature",
      "geometry": {
        "type": "Point",
        "coordinates": [
          -8243585.666300001,
          532736.6590999998
        ]
      },
      "properties": {
        "DANE12_EST": "311848002823",
        "NOMBRE_EST": "GIMNASIO DEL NORTE",
        "ORDEN_DE_S": "A",
        "puntaje_2023": 332.31,
        "cole_caracter": "ACADÉMICO",
        "punt_global_2020": 322.88,
        "punt_global_2022": 340.0
      }
    },
    {
      "type": "Feature",
      "geometry": {
        "type": "Point",
        "coordinates": [
          -8241273.5605,
          530837.6462000012
        ]
      },
      "properties": {
        "DANE12_EST": "311848002866",
        "NOMBRE_EST": "COLEGIO MAYOR JOSE CELESTINO MUTIS",
        "ORDEN_DE_S": "A",
        "puntaje_2023": 293.46,
        "cole_caracter": "ACADÉMICO",
        "punt_global_2020": 276.54,
        "punt_global_2022": 293.18
      }
    },
    {
      "type": "Feature",
      "geometry": {
        "type": "Point",
        "coordinates": [
          -8242213.096999999,
          529731.7721000016
        ]
      },
      "properties": {
        "DANE12_EST": "311848002874",
        "NOMBRE_EST": "COLEGIO CANAPRO",
        "ORDEN_DE_S": "A",
        "puntaje_2023": 308.85,
        "cole_caracter": "ACADÉMICO",
        "punt_global_2020": 311.49,
        "punt_global_2022": 310.44
      }
    },
    {
      "type": "Feature",
      "geometry": {
        "type": "Point",
        "coordinates": [
          -8241606.4058,
          530528.2232999988
        ]
      },
      "properties": {
        "DANE12_EST": "311848003439",
        "NOMBRE_EST": "COLEGIO DE LA REINA",
        "ORDEN_DE_S": "A",
        "puntaje_2023": 298.08,
        "cole_caracter": "ACADÉMICO",
        "punt_global_2020": 276.23,
        "punt_global_2022": 277.06
      }
    },
    {
      "type": "Feature",
      "geometry": {
        "type": "Point",
        "coordinates": [
          -8242439.0756,
          530006.5636
        ]
      },
      "properties": {
        "DANE12_EST": "311848003463",
        "NOMBRE_EST": "COLEGIO DE LAS RR ESCLAVAS DEL SAGRADO CORAZON DE JESUS",
        "ORDEN_DE_S": "A",
        "puntaje_2023": 315.0,
        "cole_caracter": "ACADÉMICO",
        "punt_global_2020": 313.66,
        "punt_global_2022": 309.98
      }
    },
    {
      "type": "Feature",
      "geometry": {
        "type": "Point",
        "coordinates": [
          -8247620.9979,
          530575.1392999999
        ]
      },
      "properties": {
        "DANE12_EST": "311848003811",
        "NOMBRE_EST": "COLEGIO JOSE JOAQUIN CASTRO MARTINEZ",
        "ORDEN_DE_S": "A",
        "puntaje_2023": 298.46,
        "cole_caracter": "ACADÉMICO",
        "punt_global_2020": 300.14,
        "punt_global_2022": 312.96
      }
    },
    {
      "type": "Feature",
      "geometry": {
        "type": "Point",
        "coordinates": [
          -8241879.138499999,
          531107.9734000005
        ]
      },
      "properties": {
        "DANE12_EST": "311848004311",
        "NOMBRE_EST": "COLEGIO GIOVANNI PASCOLI",
        "ORDEN_DE_S": "A",
        "puntaje_2023": 285.38,
        "cole_caracter": "ACADÉMICO",
        "punt_global_2020": 267.43,
        "punt_global_2022": 260.24
      }
    },
    {
      "type": "Feature",
      "geometry": {
        "type": "Point",
        "coordinates": [
          -8247598.733999999,
          504172.56709999964
        ]
      },
      "properties": {
        "DANE12_EST": "311850000111",
        "NOMBRE_EST": "COLEGIO MONSEÑOR BERNARDO SANCHEZ HERMANAS DE NUESTRA SEÑORA DE LA PAZ",
        "ORDEN_DE_S": "A",
        "puntaje_2023": 281.54,
        "cole_caracter": "ACADÉMICO",
        "punt_global_2020": 271.7,
        "punt_global_2022": 282.6
      }
    },
    {
      "type": "Feature",
      "geometry": {
        "type": "Point",
        "coordinates": [
          -8249195.055500001,
          500630.55270000175
        ]
      },
      "properties": {
        "DANE12_EST": "411001086561",
        "NOMBRE_EST": "LICEO MARANATA",
        "ORDEN_DE_S": "A",
        "puntaje_2023": 281.92,
        "cole_caracter": "ACADÉMICO",
        "punt_global_2020": 249.89,
        "punt_global_2022": 263.33
      }
    },
    {
      "type": "Feature",
      "geometry": {
        "type": "Point",
        "coordinates": [
          -8249487.8257,
          532109.9796999991
        ]
      },
      "properties": {
        "DANE12_EST": "411001094661",
        "NOMBRE_EST": "COLEGIO EVERGREEN",
        "ORDEN_DE_S": "A",
        "puntaje_2023": 340.38,
        "cole_caracter": "ACADÉMICO",
        "punt_global_2020": 329.47,
        "punt_global_2022": 342.0
      }
    },
    {
      "type": "Feature",
      "geometry": {
        "type": "Point",
        "coordinates": [
          -8240932.922900001,
          528766.6585999988
        ]
      },
      "properties": {
        "DANE12_EST": "411001108271",
        "NOMBRE_EST": "COLEGIO MARIA AUXILIADORA NORTE",
        "ORDEN_DE_S": "A",
        "puntaje_2023": 305.77,
        "cole_caracter": "ACADÉMICO",
        "punt_global_2020": 311.38,
        "punt_global_2022": 297.92
      }
    },
    {
      "type": "Feature",
      "geometry": {
        "type": "Point",
        "coordinates": [
          -8239833.086300001,
          520902.1019000001
        ]
      },
      "properties": {
        "DANE12_EST": "411001800752",
        "NOMBRE_EST": "COLEGIO MONTERROSALES BILINGÜE",
        "ORDEN_DE_S": "A",
        "puntaje_2023": 299.23,
        "cole_caracter": null,
        "punt_global_2020": null,
        "punt_global_2022": null
      }
    },
    {
      "type": "Feature",
      "geometry": {
        "type": "Point",
        "coordinates": [
          -8258252.009199999,
          514645.4241999984
        ]
      },
      "properties": {
        "DANE12_EST": "411102000293",
        "NOMBRE_EST": "INSTITUTO CLARA FEY",
        "ORDEN_DE_S": "A",
        "puntaje_2023": 288.46,
        "cole_caracter": "TÉCNICO/ACADÉMICO",
        "punt_global_2020": 272.0,
        "punt_global_2022": 291.63
      }
    },
    {
      "type": "Feature",
      "geometry": {
        "type": "Point",
        "coordinates": [
          -8242354.4727,
          533711.8764000013
        ]
      },
      "properties": {
        "DANE12_EST": "411769000101",
        "NOMBRE_EST": "COLEGIO SAN VIATOR BILINGÜE INTERNACIONAL",
        "ORDEN_DE_S": "A",
        "puntaje_2023": 316.92,
        "cole_caracter": "ACADÉMICO",
        "punt_global_2020": 308.51,
        "punt_global_2022": 318.27
      }
    },
    {
      "type": "Feature",
      "geometry": {
        "type": "Point",
        "coordinates": [
          -8246602.4245,
          529841.2417000011
        ]
      },
      "properties": {
        "DANE12_EST": "411769000119",
        "NOMBRE_EST": "COLEGIO MILITAR ANTONIO NARIÑO",
        "ORDEN_DE_S": "A",
        "puntaje_2023": 275.38,
        "cole_caracter": "ACADÉMICO",
        "punt_global_2020": 286.43,
        "punt_global_2022": 274.95
      }
    },
    {
      "type": "Feature",
      "geometry": {
        "type": "Point",
        "coordinates": [
          -8246968.6656,
          529154.2663999982
        ]
      },
      "properties": {
        "DANE12_EST": "411769000127",
        "NOMBRE_EST": "COLEGIO NUEVO SAN LUIS GONZAGA",
        "ORDEN_DE_S": "A",
        "puntaje_2023": 300.77,
        "cole_caracter": "ACADÉMICO",
        "punt_global_2020": 309.04,
        "punt_global_2022": 294.28
      }
    },
    {
      "type": "Feature",
      "geometry": {
        "type": "Point",
        "coordinates": [
          -8246100.3736000005,
          529367.618999999
        ]
      },
      "properties": {
        "DANE12_EST": "411769000895",
        "NOMBRE_EST": "LICEO BOSTON",
        "ORDEN_DE_S": "A",
        "puntaje_2023": 300.77,
        "cole_caracter": "ACADÉMICO",
        "punt_global_2020": 296.21,
        "punt_global_2022": 314.45
      }
    },
    {
      "type": "Feature",
      "geometry": {
        "type": "Point",
        "coordinates": [
          -8247665.525699999,
          530727.0581
        ]
      },
      "properties": {
        "DANE12_EST": "411769001042",
        "NOMBRE_EST": "COLEGIO NUEVO CAMPESTRE",
        "ORDEN_DE_S": "A",
        "puntaje_2023": 317.69,
        "cole_caracter": "ACADÉMICO",
        "punt_global_2020": 299.82,
        "punt_global_2022": 306.08
      }
    },
    {
      "type": "Feature",
      "geometry": {
        "type": "Point",
        "coordinates": [
          -8247098.909399999,
          531940.1849999987
        ]
      },
      "properties": {
        "DANE12_EST": "411769001981",
        "NOMBRE_EST": "LICEO JUAN RAMON JIMENEZ",
        "ORDEN_DE_S": "A",
        "puntaje_2023": 345.77,
        "cole_caracter": "ACADÉMICO",
        "punt_global_2020": 334.65,
        "punt_global_2022": 348.46
      }
    }
  ]
}