constante,v_j,q_j_norm,log_dist_sitp,log_hurto,log_homicidios,pct_no_oficial_c
119.59505372989437,26.576616654477117,1.7586286841312238,3.4863828452547407,1.6161805237956055,-22.67149852150681,-0.20837269296906324
-13.19643778942122,51.31181127185612,6.910223410339511,10.67731513750849,7.582973977238726,-16.544430000552456,-0.17561426003477204
-136.35166519869279,95.1578774711255,17.10513677462139,19.768924010683882,10.392498444147089,-13.346811099265945,0.38894530481230305
82.80470657834675,-8.134243997912051,-4.846978372936724,0.49207626925173037,17.05313234169824,-31.23342790033539,-1.261199781845517
111.10012292918171,3.7435607618605653,-0.8133321789199149,1.5117389482940833,3.566144335630284,-20.08916351874805,-0.5167487892172471
258.7628198051162,-23.175236792637232,-5.228175945604216,-7.358873091101179,-9.349108816801866,-23.152725304544425,0.030028729800092642
201.42281175544838,-8.144920906282858,-3.7667872695888374,-5.137181936059089,-6.476801041011732,-22.275733235269904,0.2846073094742479
36.541591044879276,24.19323948402986,1.6017342899274867,2.59031615296532,2.4344975879369484,-20.074595704268518,0.7188806375646017
224.30876860438156,-29.310737515836124,-5.009912909477699,-8.759811340640068,-8.807799331464876,-17.473413708487037,0.13536631826521375
201.17755237899686,-28.103958207736067,-7.734852201877498,-6.358519209107884,4.172844283907459,-28.587318240049505,-0.7917802614009707
119.67877476956805,0.02202727406416913,-5.133207403827908,0.08141309357893176,9.552224598287454,-30.396611120751906,-0.6728024472553864
87.3588847736329,2.309332832034721,-0.29080121296541256,1.3429891693457914,5.65620116078855,-17.28779018188581,-0.6267395104900487
114.64418812895137,11.563654647607406,1.0724106771489774,-0.7369593279921138,-10.685529565481595,-7.798072301724034,0.8592274302368527
112.49361662277326,46.447921332288686,6.288591528042112,6.503627329253411,-5.340648760218779,-19.998680656578614,0.5227858259263389
190.44720750056425,-25.409127977633005,-6.928764780224667,-6.823333131179184,-1.2257088728861147,-22.19843415266543,-0.2473521227859631
161.35122374655404,5.856159374616059,0.8409100249246422,-1.0408129011172758,-7.97117709080626,-12.845309807892553,0.12347831560775199
11.09176918749608,43.67432260771073,7.605262029371469,6.024347748441337,-4.101557533575576,-8.694137398651593,1.0317916106934601
167.50680586707207,20.908172000499125,2.52224129140743,0.03337459529860288,-3.5044944901665436,-29.10648995146679,0.5431299117950565
-42.73556948149873,40.58590708557996,3.7465273883092247,10.387384567211386,20.27409969063654,-25.710180592691334,-0.8462809891485781
167.78070376817004,-21.992394055431028,-6.3507484326127095,-3.6497790924806672,8.52467336933346,-29.653038668365,-1.0438498318832674
211.10576555180552,-35.84545116518728,-8.710607894183475,-6.985240792198147,9.17304806459485,-30.377441221728702,-1.4969604467647373
143.38966872991298,-1.0167866885470533,-4.665453567150068,-0.21450472440623716,10.146953356954839,-33.44945965673143,-0.8950222006893654
-8.269067564560459,25.28260162001151,1.4449272532789088,7.75041637960471,14.758452894309226,-18.587888891743532,-0.9648102039567513
30.20892424564798,33.618124232369325,8.04908981674572,5.480454930744435,-3.177280891533351,-6.684389952053763,0.4638697886549697
-6.196871492471873,34.32534595047379,1.831880089208063,8.320038115301893,14.820222046446556,-20.03622874458636,-0.9257620214732674
107.30000555686532,24.99637504727096,1.5745239418056325,1.983559706872359,-5.564780401942047,-19.045678444043997,0.8831729063365187
27.927915096395484,59.5523714494486,10.74998967639883,10.86689769766756,-1.4496600141940261,-15.11712094225201,0.47612201370309426
184.53731845440547,-7.3829508090851705,-4.0400971017454825,-4.31976403694043,-3.68910523867064,-26.190757012502704,0.3515862276196806
169.39162789525878,1.5039014513417734,-2.948961128140931,-2.158900447832652,-3.1077255885973107,-19.699471284114676,-0.10826801309397804
-21.40583101667768,44.974905087880096,8.02251919353744,9.754807187061285,8.636715846909162,-15.832400379476196,-0.19662576896947556
108.88034132927075,25.276031639472784,3.225857929322433,0.4455734686796138,-11.443087656613258,-7.639903156119846,0.9647352693258867
81.76733590690645,28.090863848136244,2.434020964212335,4.1323040201299985,4.520984818917379,-21.392706191023027,-0.2805131599263539
87.11267288412864,9.96881884738152,-1.1418516503583027,1.6862890464425409,14.328336608095006,-34.16657077680246,-0.6976293098660262
94.9734709140566,2.979593320346388,-3.503909349968855,-0.784580450143906,1.6217935798172092,-21.18145632449849,0.2560390319071986
113.87087837605773,-1.4156853838540409,-2.153560600311403,-0.6560884388383227,2.3084413438327296,-13.834087974904767,-0.7083081332944221
125.93783893549015,-0.3978063996906142,-1.4506654240627908,-1.355287038223103,0.6709340326768375,-16.197137380133668,-0.3801858939085469
257.70962224815776,-17.781510664609684,-5.407277388083178,-7.6755049552417915,-10.534579063467895,-25.696359116197705,0.4563640901423652
79.59358022541785,32.17189522221442,5.140569895094176,6.165485318523072,2.8910595037643763,-17.590134222029732,-0.4466877219029164
42.48643776868741,29.323599837231207,5.51459904725701,6.300835452233964,6.992646174161948,-17.597675102508973,-0.47830077269024573
45.629448730141625,39.810269988821304,4.275794647645844,6.805693830831825,-0.413217185506601,-16.83954241610061,0.5094985631622797
159.46565716658324,-24.763201347803715,-8.202925465311244,-5.486693122038294,7.107704075055141,-26.287942534517807,-0.8396119838703406
253.12296611702928,-43.09753416540375,-11.486178387076345,-9.963417020740428,3.0918950726700887,-29.9436192668743,-1.038527973456286
110.48390512975676,12.70207876871758,1.4323832783119768,0.495968779538395,-0.9645174888263869,-20.090322527959525,0.2272271292020016
-42.784544864504205,55.014786012135595,8.838651445521037,11.982209063903758,15.199491650345168,-18.316980410841076,-0.8305821439327632
210.23866743241234,-8.826815064208116,-4.01588888838382,-5.531195824982391,-10.352341743400883,-23.918079106038547,0.9050036556939463
34.570573253124785,31.95064581299341,5.531734512710888,4.943780131701185,0.12603777699096344,-16.15672853594189,0.5485705392733435
-121.7069750365963,61.448144343699354,10.734209821375721,14.709753135278472,20.391427225499978,-18.551575025032918,-0.5522700356186753
109.87381916696486,1.3392929006382999,-2.094104645655468,-0.5960423001465225,9.659414406614653,-30.91995120916536,-0.4300990971006338
35.90553637282583,23.21935861541428,2.761666191989427,7.160641284716019,15.785195552083064,-23.551394788156657,-1.3439836075300284
103.38866095150914,-16.54056323288164,-6.473024472836982,-2.5597090536169738,8.451538499680147,-20.937576401189258,-0.8519946624057149
57.22907335710417,29.110722667711503,3.7852221238024186,6.336657822225636,7.51888243058092,-22.145004519607685,-0.4369089051672535
209.13156088378344,-2.498629342855024,-2.9292606950263576,-4.0146271969555105,-10.681690100017038,-19.792236505962993,0.5163002071969156
23.355766879624,41.5947302199445,6.9381730239457164,6.192937704073073,-0.39588983391213217,-12.164573539772672,0.5027070385492903
122.74842612343095,-12.766171458238523,-5.878332950753896,-2.136257270687913,13.032430323530711,-32.61207189518181,-0.9116856726916516
175.65202644762624,-3.9563510206089503,-2.0661061533941107,-1.2847745462550364,-0.07349106315932184,-17.715252605783373,-0.9163120199899402
165.5240880755587,-0.5863242371496281,-0.5383803454257793,-1.5255230676300986,-3.3301059295736923,-18.32173696158539,-0.17956477486466882
217.3094581508448,-17.350274147857903,-5.829997982181952,-6.352456261929335,-9.645064096051998,-17.1950746616256,0.22947817242381793
118.09149930059216,-16.847064581796026,-3.333570268212475,-1.3867880104037278,10.710164446789632,-27.002460037826907,-1.0008967038682595
245.22331167253134,-19.761189331544184,-6.109520708064321,-8.109559738191255,-11.446826096817643,-21.40029038883389,0.5116644101923812
-73.2045897369636,60.56322108950326,12.104398855239788,11.909885734649702,5.317340482842476,-9.024283049050915,0.4216970047892462
261.4107103310949,-64.85542057914272,-13.749868891041352,-15.2667080094888,-4.95819129640961,-17.985371436550484,-0.5335926160922345
-36.73440642073113,57.2697947696344,8.154405702591383,11.888551462851686,9.525403195749702,-22.212741292594163,0.1910362720661016
71.03361384197808,18.658039975386103,2.029360879987079,5.457674635440162,5.631996347279452,-18.93809904680102,-0.6162169297243363
321.576028483385,-43.863755042467545,-9.606074327014444,-11.98758690131282,-6.32699528013979,-31.947042439298507,-0.3495151123550356
59.1946872661123,30.004958180850394,2.129164588535714,4.94104687722328,5.099028123427882,-20.405009249515007,-0.15564529444629016
72.51250381497664,48.643172576341634,9.940134203000602,6.760599386694615,-8.251427261090836,-6.805372527414668,0.4793723280006127
-55.422773242695214,61.44871851728275,12.673367959061746,13.403039964478701,5.295376040586488,-12.064820454893884,0.3036643302544142
36.5939739168354,24.039686522590014,3.914163198266441,5.603196925269353,12.847122604236544,-24.629699387414547,-0.6927120985463351
76.83877508004315,14.468655156394734,1.8203659186213805,1.909432903025693,2.020545409938845,-13.821214160396508,-0.24318366825520626
130.05875944431668,-16.76077931813186,-8.226437693318662,-4.537820495936182,7.530885579897064,-27.24651224264485,-0.43214230967306855
6.191139761368823,44.38609159961185,6.461046407442268,9.06729590639914,6.277575097017778,-18.988110985110822,0.049212128571955886
-15.799831959394169,35.115064059075465,4.418650140250327,7.9297219972331785,11.497277951732194,-22.036238718423622,-0.11038359023641513
110.51346656188652,17.017901820047804,0.8133307181796046,0.7261281373182928,0.40826536583083206,-16.31897011309301,-0.2362678303233132
135.74955911098155,-9.905227784540298,-4.4219542246312,-0.657349236401174,14.671780732130703,-31.59196667931065,-1.5953814877100019
263.2046405655991,-6.3781877054144545,-3.1814705578443387,-5.045237724716252,-10.939230623887026,-26.089873567206247,0.2734144707628475
109.3891970913869,1.0051072778930201,-4.672502321766146,0.5429622617987543,12.427694063789911,-35.3143313983295,-0.5864770872806696
93.56483542940961,5.003513222746792,-1.4263875494461447,2.1681839050462925,10.09410476622588,-30.050763891691282,-0.5557974689850826
76.6206486334494,8.079296853516366,-0.5761646206105482,0.03713248842335758,2.517839018443526,-18.197063921284755,0.10728530600995208
21.01346417234956,34.43968047788591,6.678519755302527,6.594147562645529,0.12870655597298702,-10.525901169049865,0.3102508494710729
114.54077809113573,-1.8115675834832492,-0.6017480016805472,-2.1256681197503213,-3.4431761296759444,-14.089631095976088,0.2648123340891667
-106.24078377254685,93.45698513635156,14.907832190584912,19.537054118168076,11.754478083307006,-20.037708853954,0.31014502890558154
-62.03128997885813,68.01937388996294,13.609165144287203,13.364233539479262,7.892927493324777,-15.645477209900303,0.33356227784928455
83.5037703616015,35.62105249144887,4.270089788302092,4.078468943185904,-5.975056598281578,-10.282353053521915,0.426414680725657
213.89282719700876,-31.18218076638531,-7.547616181323425,-7.911523125275263,-1.0557463037827306,-21.3042220853924,-0.6179791258463853
245.9194123631849,-31.707968738139225,-10.344872855362231,-9.396855292075879,-5.135114830268626,-26.49697863389154,0.004585699203527519
17.067892386252595,52.71058924766598,6.528383552079434,10.46666989262956,8.554595742680691,-21.70425583910534,-0.3421946643747566
180.01232376211706,-15.148666410506989,-6.1912343335685724,-4.5333215229204304,-1.4396857490792576,-23.694492617059627,-0.14088577306007896
6.997343629539051,41.5236991086609,8.450776735192148,7.842644690147087,-1.1102125463306862,-10.20663803053629,0.5822719969041156
131.60488631130207,-2.2820494001048592,-3.318904179791701,-2.384449761713045,1.4615220100042978,-18.376696773718166,-0.31399669865183105
65.5538477610939,18.509843740263815,-1.2340213937921825,2.8756769044053914,5.747019775375475,-24.913791696369913,0.11672257445518151
178.14199990712893,-19.107412554990244,-7.343066224915449,-4.705867605089433,0.07787135823490697,-25.94065286730219,-0.17498637347327287
75.04332322021975,12.768587523192323,-0.3715275404941022,2.551874691950987,13.322982649067269,-34.539172574033024,-0.41873873726554994
28.266794209327657,31.128784586959583,2.3907097067379848,6.145075479360647,6.682259592659495,-18.98698318697564,-0.15643254350993452
157.89491557395309,18.291381194017,2.1268327997872185,0.3813995553964436,-5.981824996768433,-23.660967521529198,0.6019507859136051
-5.550139701125547,33.189027051376215,6.264286757295365,8.69335662253042,12.06450403187997,-22.553829941513204,-0.39066870151599914
26.14227831838916,59.24980868934001,10.745772523135878,10.521071302484481,-0.712735277344071,-14.486992780025279,0.36336271398154774
-119.1061270912869,71.30216685105644,12.002304163811605,15.267587007767613,13.442352345798364,-17.274466681708088,0.3320226629063672
86.2050056005107,14.01697590356437,-2.3809497704081903,3.213371558724873,13.306977981830155,-36.53473057856813,-0.4479453922354039
227.39494939587107,-24.591855288987286,-6.550493031176813,-7.739190718847295,-4.015578286121114,-22.942718015882857,-0.2473646336230495
204.5664103099779,-24.164351752107432,-8.559465693305865,-6.8402752273984,-3.9336002448426557,-24.32417890153699,0.11343866698343809
187.26254552788433,-28.455532367815067,-10.85889423044997,-6.705367308878034,4.791902257768975,-25.923113033657863,-0.8338673423195092
69.94298138407389,13.814028839336112,2.590455373786145,3.9213190406728886,6.9902471200976475,-18.422385056108986,-0.6450456238972109
5.67280998747263,68.95437612517495,11.00975166072538,13.057111508677245,0.4893748182550944,-17.914700546684227,0.6210770445367557
7.284541023378863,13.389182601455467,0.6003901621442943,2.46285275034584,9.903269773752905,-20.730176375651446,0.043501444393811914
2.6779847012735227,42.60816956156396,10.647241288136565,9.721625377141507,3.1603422017792684,-11.910856981323567,-0.024280596527551067
118.53592387897221,12.784942316519334,-1.093579889395021,3.1969093890123514,7.418000051957723,-23.33470974202818,-1.0277147858731586
145.26428450445468,5.239119371423225,0.8137563078029061,-0.17326346800558398,-3.6263284122145634,-23.760481494686733,0.43031816963267383
295.7254525151265,-41.13520766152089,-11.25206457959766,-10.380320323115809,-5.20891968877916,-31.070059668231913,-0.3239033269504164
102.363240336888,-4.25066940182315,-6.098037717055847,0.2107722575996394,12.789359328535067,-29.094022588310978,-1.041736985446875
225.61181630879437,-8.639587752555057,-4.213543488181181,-5.083697325374412,-13.451528807564861,-21.778180276482658,0.9095534021581557
265.9003699216328,-31.91704433813372,-6.672876187021054,-10.22269941589795,-7.116698928206934,-22.73082424780313,-0.2081238395583365
34.605696564630534,20.865244257745317,3.7847668064033555,5.710248431392587,6.982478227716838,-14.380694586133535,-0.6329416742556353
91.55541978530484,-11.806626780690447,-2.1555779261461248,-0.04360651057493348,14.158521164036582,-28.013670224606642,-1.1502850134864127
119.2736387742898,21.69463246036305,2.036394881195293,1.6310393499441493,1.1913866187971316,-20.70994073516615,-0.15398673452796924
169.1747407352765,11.475577992165407,-0.09708967502854732,-0.013116149110049135,-3.125730638117808,-23.717351400463833,0.0474276555147014
39.49979051088232,42.449894139083696,7.115775064527696,9.144084331284647,7.242634815762488,-24.125751500693994,-0.2579533924559078
203.92000035532263,-16.594196015207043,-5.057709079375046,-6.301730262915486,-3.559535472120211,-25.281459291277027,0.10569381114396238
28.24093867391027,39.586036228054574,5.818993164509663,7.1081654460742385,2.824383655198586,-16.12435839947446,0.15388380871480514
129.00558921195287,-33.44328599208979,-9.10414205362024,-4.718729641240762,8.395097452027555,-21.339096192109896,-1.0738276913904434
98.36500373564309,8.35559944429918,0.03475892007993062,0.6505189833202544,4.044765313171718,-16.83487916676553,-0.5201271960791483
69.62273088322792,-1.3303034251687913,0.053759513366712364,-0.23632916385158978,5.756183526980716,-20.615168522461477,-0.089004408833127
-8.823045307643381,33.46676279369775,6.517557341286879,8.322884322499293,11.241859988839353,-22.515993108764107,-0.1741781676509284
205.40268305926773,-7.484970711883151,-4.346367264629242,-5.405960881697486,-4.503227554994402,-27.050702955094508,0.33509738573209813
158.6552769126281,9.355490221560252,2.052230385443054,-1.272121291341411,-4.0898048197447565,-22.608861613546026,0.33560716487332803
-2.9493503182283716,25.38173909142746,2.546700493953084,6.816319441585428,14.769631340718599,-18.26317822889097,-0.9899921359009823
-68.82239775270864,57.597574770162254,10.152154062569599,12.11662213276866,13.467819502311418,-24.248777605156377,0.27895879336326695
194.21911607221952,-4.656064945923876,-4.422942393054781,-3.0242094659124388,-2.81798955035698,-18.809397941537092,-0.5415967791370874
19.7213318213292,42.240355348276665,7.7151008132197765,7.326931340974047,-1.606632771355056,-11.049203798953602,0.58798170141944
-8.310148132879458,57.77925058804453,9.021763179623276,11.156065965078305,2.131619943874911,-17.715529749913706,0.6847260134501898
160.64668192716948,10.789070035115868,0.11991103826702978,-1.8151474348047818,-8.704277198949004,-22.86373791339703,1.0645012972728662
-17.342492670236684,64.73363372858675,11.583825244580256,10.46117271308247,-1.3968981708241985,-7.834758214855659,0.6643854785128434
-100.13716741089293,63.27999558446758,13.230359884274833,14.145352500197099,9.600850684361685,-8.241274902993467,-0.030635827355820933
41.77490429076276,15.240193324181883,2.503529038798158,3.1051592605834837,2.8500888722178965,-14.311489831374068,0.003606156173301452
60.67756815427608,-16.390104370746663,-4.2365467075638445,-1.915880866298748,11.352280982498327,-20.9834314852109,-0.6640788636785642
51.73991752013452,33.377300297408354,3.409935852449079,5.9953966348447,6.420576467042573,-25.47779199400039,0.04732896399091691
18.54717533426132,35.52990470160415,4.859622344791634,8.819534361192858,16.028297945320965,-24.523204579157433,-1.1510991516036961
-37.31724929097766,74.29781108314742,10.71121921237672,15.215401106232923,9.467403095633003,-23.259094983534606,0.1830251764775209
270.3214026695489,-42.75750853629293,-10.111117689736178,-11.405034721806473,-1.4111724958266945,-31.895508775239943,-0.34769903016135095
89.32372695451043,-13.743155671455384,-5.922729543195534,-1.7093237596403816,12.116484155012618,-24.106475008221334,-1.0552115390635886
193.41345492823595,0.12857543184113515,0.43542064197782676,-3.249384209743486,-9.015223033824583,-15.993883281456203,0.12389160382807189
105.89097395997183,52.82907178110847,7.54911795382322,6.854804839907831,-10.167122181771031,-14.650207064650866,0.8845818547047397
71.31663647051418,23.315758442308642,2.3701139681525776,4.237158145567349,2.0400836117464625,-18.206588819368683,-0.08878383882060507
255.6041937618908,-45.0694132130824,-10.994709065068726,-10.656621667944044,-5.285955231590828,-21.697281147709482,-0.42162117408966876
-8.434146019648221,17.382044414337535,1.0675213459190778,4.224489472000093,11.821155023557523,-21.076568346687477,-0.09614191988199383
80.85341674953241,40.26580643471296,6.6608854175227155,3.9423567758613345,-8.749505134803153,-10.307813417664022,0.9691559186560038
32.50855411650991,40.47493191346151,4.546983999481527,8.21901525274563,10.745502818154518,-24.301544025749028,-0.47820612620572034
229.47599055157175,-23.707485236707434,-4.518540284066127,-6.431804340357067,-8.270798939073764,-15.378598456472586,-0.30866320367535033
90.17339088631024,-6.6564400572714915,-2.4481757214287665,-0.21093874302906454,9.52744636086057,-26.280701699031617,-0.5495626283030345
20.75399377126399,56.23158622662313,7.022196127869224,9.773294655577557,0.6431784157122827,-16.1566462133916,0.4312163883671363
70.53509223234352,-2.925662848017966,-2.6524095599101853,-0.39896555814399176,11.228982368514856,-22.083813192584373,-0.8200445927397015
-96.17591288765479,76.0802573993973,13.816070516396746,14.627078611702993,8.083567232286986,-10.892833921405598,0.3436970782344657
277.5328688100394,-56.39303153053699,-9.788554838830258,-12.333444880677316,-1.8295246006015744,-22.923585486368435,-1.0919146777601159
204.38666646270974,8.30505563300918,2.212834321470414,-1.144059614643835,-15.534820788482621,-13.01642595130448,0.6194622124986722
209.67799786557583,7.175637861503468,-0.3618147202317647,-2.43467042680461,-13.632791295817626,-17.6772130265369,0.6739707138245907
84.49635620412892,37.947580098028865,5.825673228522419,4.332890086422341,-11.843361524665767,-9.402692848568687,1.2494723239151222
-0.07185093039650962,26.373379868547676,4.292484577167876,6.335599967705784,14.44652436595415,-25.63786914065497,-0.4429545391999778
48.61744020754031,47.56992113835545,6.0497754285615795,8.253134432588782,1.971289059800368,-19.735763814551593,0.20419276709573225
-40.568861985411345,53.83106044431384,7.240237614906026,11.403256729388223,11.84136256132342,-21.607141077100366,-0.0110926219982707
131.36514168533103,2.186497923538216,-2.997017606679212,-0.9382116983653058,6.264538963127548,-29.091084594518836,-0.39110639734639735
77.7540097729274,11.516661609864522,-0.41989135743864464,1.363975485283949,1.1026614734129978,-15.749903308384257,-0.04809490750473041
246.45591768148682,0.05419852952282483,0.6041300990652199,-4.244757996510421,-15.119054772101967,-21.705512178481218,0.7607050102763869
157.38818119177787,16.93658031868323,2.46546177624348,-0.1736111652254485,-10.576085522153495,-12.68234828274044,0.5213005281941819
166.71056441242928,-0.597103899437411,-1.7522554010890714,-1.925917593566744,-5.88274100685094,-21.886003793132428,0.4488550995887336
237.58853958827655,-7.8947209882506995,-3.221449504849777,-5.247159826907958,-12.915246790112976,-18.270447385616077,0.39015513288039644
-36.99682690835121,77.86767832370738,13.452882295455929,14.530749919677922,1.9085492615852713,-16.519710278936625,0.8216106272524456
58.857395324515835,44.524555861750244,5.046348438716768,6.995849963511801,-2.19774578369875,-12.575261681273075,0.20336549466696266
88.35637377986454,4.125717631103761,-2.5737248503754064,1.8144143024176007,13.18760235052372,-34.75697865625498,-0.5337414253524091
121.62415106542579,17.540497400079694,-1.6059004676637694,2.095945932544329,-0.42015974317025606,-20.680326670914777,-0.01858458831344784
212.58175771337127,-18.515638521844952,-4.3493441282222705,-4.955448693007757,-3.4134164577880135,-16.67731910176724,-0.7819179429288147
113.49606654370993,2.3414545724847042,-1.1634224296261622,-0.12220972371166623,-1.307371600981644,-13.3223518122515,-0.19954070889360592
174.16530191383504,-17.936657752239398,-5.390692462484909,-3.826185961090117,6.163795118921195,-31.39965535904246,-0.6044355876118032
229.7199676983873,-15.271186714102338,-5.996511085440873,-4.032670664624723,-5.2552185444507,-19.894014128144814,-0.5647578875428466
-41.69801418508535,53.32975730076932,8.75281078099219,11.677084812425662,15.299462830647233,-24.06200072790948,-0.40469522784667433
125.51075912827982,8.198381346895717,-0.6574101132770961,-0.5609412024889188,-2.6650735204662643,-17.316498709537356,0.12692862902338256
113.43502266488932,18.09428851527837,2.9668509450051412,2.7169516680497243,-1.6552559503094886,-21.846758682647156,0.20819027644807617
-54.87598411366759,53.56603265687945,8.309821965921298,10.447837385287183,5.77202900862954,-9.880842849215316,0.28115439843610557
308.3057198187574,-42.907609684851835,-10.78082065024459,-10.749312050943953,-2.679580360987479,-31.726368661098427,-0.7988464094905443
54.52531638431403,18.760567857041213,3.34901547331018,3.3093702419757873,2.9216071831638324,-14.459038651163894,-0.061888104484927785
13.61754229337277,32.46191491393444,4.751149237440906,8.685719563018568,15.997892205776555,-23.464347877604226,-1.146192512954478
281.82784476418243,-40.77962495350204,-8.790990254254996,-10.959811346253963,-3.076797854156815,-28.00547879125509,-0.592515123574291
-67.22905996350305,40.0897879889376,4.556794237780664,9.581825571147219,18.30341233658699,-18.15067412673906,-0.7261737406389424
268.1563056775262,-22.758171081298176,-8.413200938036086,-9.010357019105044,-11.14803347965829,-24.21053383135002,0.3709462863430084
-75.07015236474089,52.1114806040448,10.889830365353957,11.49339520213139,6.956293597086392,-8.178829099572278,0.18195889056116332
115.18568826522845,24.00899056682898,3.795574873427744,3.7098513924912146,-1.7439298667149064,-20.973181776986795,0.21651306372447507
166.87106200996482,4.046603795016954,-1.135041219861241,-1.4245055183927522,-7.665794938349647,-15.220877428531649,0.12096689709565128
-72.34146982725743,43.19822328831425,8.304625077682807,11.369401006195483,17.4425868951636,-18.34510471034633,-0.6224279906027118
-24.656864454527195,53.16672677257964,9.037661003053314,10.06551730722657,2.7416470716509482,-8.63141667500452,0.1722220149623985
-22.370724263070098,48.489543220584466,8.380802281538529,8.646834229644094,-1.2783462581423712,-6.117159933898525,0.6936264311717427
201.9110982910699,-29.690013633608885,-8.43592402699432,-7.0661792290799035,-0.21532870539453705,-27.491914744977397,-0.20292209819173193
148.97216150112132,17.07078156559108,0.2233047201126891,1.5712247412560907,2.9315855980634975,-26.007934690315153,-0.47351438631707776
-1.9169171305132096,47.104419471838646,5.60750076318878,11.055035056042186,15.178196115072383,-26.6943919871378,-0.6724933858258219
11.944385766102169,45.545939593073214,7.2250747124038295,8.930142737544687,7.094413010169467,-19.279243025408046,-0.0725733198476414
162.9972236082138,29.178094029607518,1.6964111499945003,1.4519508994690955,-11.473320703662473,-18.260991313797145,0.8937450314838352
165.45648196364246,19.77951361241716,2.897159681003004,0.144935279798352,-8.638688374520795,-20.49500322690129,0.6564389793783729
109.16521237705871,12.617267837602574,-1.2138333248204627,3.0971290332392076,7.955756700751437,-22.672652703938557,-1.016454384687337
116.39578509525376,8.773317916610347,0.1652366880550111,1.3373137649038456,3.3015444587787854,-20.486592012577642,-0.48892781035956
97.4135103655535,20.91426167309525,2.5145407309993146,2.717258475115659,-2.2105879342309107,-15.048864932702749,0.11345849792747664
150.96464687517943,4.2506776290866055,0.13423612826403808,0.6710178146420746,2.1219543927658435,-20.769078302768772,-0.7776032953150854
67.27110658384939,35.20364648335242,3.7839876768817677,5.8357625730992035,6.0191412093817664,-29.130513786849995,0.15895953256795142
45.336015192022806,-1.3033866804754797,-1.7917045143860613,2.103464328844369,17.005160151418508,-28.584526823401184,-0.9666815111494602
100.76093183899039,19.753300868185047,0.2695798338854204,3.1806340251865444,4.767159179500992,-22.0475557353506,-0.44903234546815474
173.76846776240717,8.644522721694932,0.16925513433703693,-2.2888164109456945,-16.861042362820452,-8.045455424718995,0.9993434511308649
27.673152137975233,22.576712711899923,1.7761743224485986,5.35473126504892,19.199982085201107,-33.05620192849812,-0.9055989116426283
-16.141387654168987,51.81973580428316,11.085768852372675,10.256430724097475,2.1640866340874014,-10.978346086039256,0.26491570605370146
-68.41543787253995,62.275724134218564,10.416957914702113,13.191110330349524,9.921776321317527,-15.217316439920726,0.09081293790152171
-24.188922565424374,89.64567150332017,15.528576588580279,15.280554684072007,-0.43711669922757146,-17.02977250776567,0.9726121764133645
75.67884533898663,46.888668808844855,8.789168712339302,4.981839231538294,-12.489806872321505,-9.728284291454747,1.4686045331666324
231.83655785026224,-31.55564717687327,-6.162555330527422,-8.5402661474807,-3.26200695621015,-24.150423451294312,-0.3253552666074315
219.95761552213824,-33.8237259719984,-6.999812072844216,-5.959549511322748,2.043322422451017,-28.333422425535726,-0.8273920711222754
-23.67594067437244,50.21437998169777,8.473708305205923,8.569207517456478,7.433915338884317,-20.2889337777652,0.4703039164660435
40.13748324103148,20.09737874115941,1.1608297763506064,3.5725527131872576,6.268908430382339,-19.973776125670792,-0.05671442958124789
162.11042784935643,-24.597382185369202,-5.594725601427547,-3.9481849930577955,7.87570854764297,-26.115679277780572,-1.1072276393922584
256.29130942919454,-55.407276423205076,-11.969927846787694,-11.223846888010913,-0.4659501103045056,-24.35115096756479,-0.9049371610441971
256.484135807502,-0.9243976386921677,-2.215143987979048,-4.738762036600421,-14.692082340289387,-22.276354804834146,0.6200990038148414
157.19376823197754,11.803768023362938,2.0108115001252083,-0.5317612582296497,-4.769628529322412,-16.602507909857493,0.003540293551244091
150.84667282525888,-11.560660785629455,-4.125605561654595,-2.0818711673066037,3.109600753186591,-24.653190230044924,-0.4904526609474272
-5.0123786986149526,55.610138793918985,9.240206985929749,11.662717877908339,1.1168157634448743,-13.894325019660453,0.4160643123516226
194.23002969883254,2.966107429560538,-3.9704582484403352,-1.65235704007017,-4.317020252293311,-20.24822252298633,-0.31686521680315205
163.62053990223484,11.667667183796167,1.1118811347018462,-0.80487688623925,-8.299523792713394,-15.561151466257217,0.25324567613373455
18.113230435191646,28.23447056713074,2.7090034528920217,5.19276803827656,7.275708688521909,-22.081698581415253,0.19042418291708968
116.88657748806337,40.0277609436274,6.189689002222127,5.122867731523666,-12.511431864609525,-14.257483112718141,1.1873583188568786
262.1743028852797,-26.351811977178297,-7.699084793098006,-8.208224660829666,-0.19731044702053213,-32.679648553368644,-0.5810489982619935
-26.992871520497328,52.65567970318923,9.798697620532902,11.216783782040954,4.440887031456793,-13.443596995286121,0.26145811557422444
64.32616407979752,21.192821098835807,-0.8611547171400226,2.6282143759310985,4.105337436277073,-20.54021151147993,0.06573297428721057
340.86448435063915,-63.21427807910645,-14.85175826452816,-15.393575130984324,-9.71910164143198,-22.222662279992917,-0.6618746677565935
81.63028945435853,10.860009743482069,-0.0388218245918491,1.539705746683884,7.179114407503444,-27.095774340543024,-0.09019206437423051
145.18610266275567,10.959087737633315,-0.13115562616979812,-1.1242546307070944,-5.556165187377824,-23.714571789160896,0.8335483806066557
139.04575565803975,5.348385207335867,-1.9451811249475952,-1.530367455829507,-2.6261847694891283,-22.407896604971583,0.4055565513889669
9.407668426030316,40.954666256492864,5.203333872443281,8.609533745440698,15.208476876279844,-27.031983431246154,-0.6248157448181048
-91.9430764271678,83.22224768307579,15.954030457986354,17.59439721366122,13.573120317793979,-20.644867669547114,0.019856570339609938
192.48030526693552,-16.384366239148825,-3.7784403320640907,-4.645736092978492,-6.196839805168524,-18.766940233497827,0.025124836600037354
253.02110563003822,-21.939953776591295,-5.629285963729639,-7.001990927525783,-3.127755095513165,-28.71969052296696,-0.3679589421603971
112.49613330139019,15.862528803251747,2.9319194118394436,2.4036508247680617,-0.3848058445881597,-22.636719776549818,0.19299013627765088
240.1829477501154,-47.887979917988275,-10.545646947633768,-9.788437544791458,3.0032630324176535,-26.28002548507114,-1.1806249491746827
152.3464966967713,-22.64868909068334,-3.980526755729523,-3.102695221286367,9.226749125240929,-28.353998918529527,-1.0799374659639298
66.20405191687489,-3.0287187350039226,-4.372880718216236,0.9311734135308583,14.651557227690601,-27.45513110084445,-0.9714857735557454
2.1322548875016003,35.97426903023669,3.8121034219167282,8.059968230211236,9.447993306767465,-16.55941187495877,-0.4636113157002779
-105.1172454595874,79.53669104748748,13.961651762676462,15.058302657997924,6.081866331140379,-9.61293355356466,0.6348772444164138
114.01493819132486,14.98614638052701,-0.08804946963695214,1.326306992688391,2.6441141899350975,-20.259515442954907,-0.31448313268672495
34.72939798775654,37.54127087700268,4.693470228944331,7.096439257224852,11.966020676964463,-27.529847795064466,-0.37273195383710384
46.12703222785384,25.105542550771087,5.223001804576515,5.367509210816961,9.000686159516581,-22.907760558577895,-0.4469472428177487
108.56677361208857,-7.631617683495966,-4.781620253819654,-1.1806838225405933,7.697824562162337,-22.511477481230166,-0.8015705381354915
219.443456081425,-28.12550536867497,-8.686472110275542,-6.553748447016833,2.4140553164945846,-31.771582105407884,-0.507505418766507
-134.71128716982426,60.37458938136608,7.863238391714332,14.763630576855308,21.660222166054744,-19.216482166136814,-0.4879522715802906
48.02506782288986,-1.6495175076713973,-1.4258458288636298,1.3672096487875336,15.094905243635841,-26.146939458200347,-0.8774028137143703
168.52647832655157,9.789964393505658,0.4179039303983083,0.4095578288828651,-0.655861631381141,-21.064859890212148,-0.528912001928762
-76.50136477315957,45.12533978657101,6.970457671721622,10.84538514992368,13.663158818200925,-14.331130110260832,-0.2923266981125721
89.4284349997538,20.11081323571298,1.5615158049165614,3.132907088604204,3.5177939370417324,-16.627775258459927,-0.525428291234141
-18.208249625875442,43.55514261516467,8.564923197840578,9.902699104217294,3.360994200355939,-10.23337903741527,0.09516197006462936
123.87394422956261,-14.461305046537005,-5.826909726762723,-3.5988693661137177,3.6945469943967,-23.319978338012778,-0.12282819816537845
270.7590355333566,-34.20046259090681,-8.632216420396691,-9.779841482521253,-8.883162325079706,-21.39651052658989,-0.2080319979854061
40.99006423670759,6.471368572312307,-2.3256614857836237,2.5436367366284003,13.442121073047625,-24.32864377176379,-0.7338377617644757
34.912746954575034,23.24399622832726,-0.38594432487890346,4.173990582191503,6.329773686029492,-24.618162119167458,0.3501194369837387
313.8615330857193,-40.11494569547251,-10.59636461614486,-12.632943270930998,-11.842816855736192,-24.764747527815853,0.1098981889404052
126.14739110928672,12.386182537147356,-1.2829591346876772,2.531219563746352,6.0448937903057125,-23.71624851501708,-0.8606027252705478
-91.50744535150115,102.33453211876336,16.765715696375434,18.701260165059924,5.420596060283755,-18.6612494842467,1.0151649952694943
16.95329175015139,33.10924736683174,3.4523823277087144,6.2429620101136045,7.1481923484228505,-21.194175305909397,0.08181726546401799
23.268930748934242,32.7776775535868,5.960707836990226,7.23262998678657,2.774495878359208,-14.593366239369095,0.12715495180637967
107.564399365006,35.94867300620082,4.704550976225672,2.303323129670529,-12.457245798989247,-12.029657691826769,1.3293097576555564
192.69576676039037,-3.8423221408787387,-5.543478765737606,-4.24413066917044,-0.2959425795673443,-29.957924156906845,0.020482267678074127
34.95045777333603,28.08301252572601,5.003061078288815,5.4151390789662175,5.993738675717459,-17.973891343577975,-0.08458173589738578
242.58175577639327,-40.22634689495651,-9.944936140471247,-9.693963901448363,-4.467820644148991,-23.744665485884983,-0.2218818977937863
182.84804225295414,-3.109451177250833,-4.35502844302683,-2.58525044756131,-5.1422466649209335,-19.48894414875154,-0.0068694636846270175
115.93930677659091,28.316409243116237,3.5615922355071152,1.479537029062485,-7.506931582168299,-13.371851808044157,0.6350711004612212
35.09760038485323,1.1874552576719857,-3.926097334774032,1.8459982096639735,19.296597503122126,-31.360668056669148,-0.9482490876205438
69.95338944276475,18.06012156072145,-0.2676873093891202,3.328002006263542,3.7234023877404825,-16.9235971890334,-0.2710432506041806
285.84036682277974,-40.43664334034239,-10.646751060248205,-11.889055903907215,-7.825712940515585,-25.324806060586248,-0.14787740896421886
212.16408970905738,-11.546722201391129,-4.703876209595869,-6.92332134379436,-11.31488301801407,-18.063495685239484,0.6609328099851758
-1.1454125775434254,45.244235186445664,5.566229981075552,9.775260133416214,8.807173697909208,-17.617205827522486,-0.3879701969233218
75.83145346200685,64.44382905180738,10.563391689139626,8.962882055428992,-9.11796361671014,-15.084908068035825,1.0940266763484392
71.91709937717376,23.191173703257803,3.382082193983226,4.896588912105008,4.910421230294416,-23.473612974896078,-0.145035937715209
65.83084758873666,10.904631661132864,2.8810379084309297,3.0652886639353123,13.95387796195593,-28.02498890022793,-0.9174726829779086
31.121285064011136,36.76860694560634,3.7631347463808686,8.77701598185794,10.636855014617131,-24.66231586601887,-0.4795890430452252
46.59203639291175,38.08272367270313,3.321782932297342,6.703940260008446,2.0440905945533214,-23.437558623966822,0.5137422332684384
71.15114914028766,40.20200175929795,5.617672856008037,4.773021304605199,-5.175248619485183,-12.42516544313879,0.6513484348326166
113.50882357081774,30.03507566008134,3.432727297201653,4.494683215066993,-1.2770801306503468,-18.91678792421489,-0.04434223711349308
97.86610805559255,9.970123092473676,0.2461988055404084,3.464839895362529,4.009009437886279,-19.20143729723248,-0.5978363634512367
-105.65716606836298,55.082185322853135,7.1875616686298525,13.254634397852278,19.79587180638284,-19.46600714779704,-0.547523350218289
203.61370443903417,-39.3024738842992,-12.24933009168341,-9.195559535225033,1.265621620886135,-25.14763007238665,-0.4488003117785802
74.60615200803865,22.84504287606259,3.7479408795057787,4.160334232048342,3.00016632251187,-21.03602560969523,-0.05575724028011777
92.34323436814083,12.060481740014826,-1.474188417223482,2.5920812934480875,12.970849569915732,-31.924636692215582,-0.839747947486814
118.16423492989489,15.241194417324632,0.9815321008910932,2.349398484145191,-0.3859818453204295,-19.760098144683084,-0.06664308711180528
165.9018542346193,-6.542100430098964,-2.7816038403637275,-0.4812204104282517,4.8395359096005865,-30.525365017317647,-0.6452008643660854
134.92063721156356,-2.676867557101801,-3.0353742775444474,-0.05763604179989231,8.448294064865129,-30.109886372885835,-0.770558292332571
98.68036231847222,6.5779750591659285,0.7042395026921184,0.21486554042548042,5.470567949835934,-26.559707246914087,-0.03572669192838809
-113.51912819187352,67.94883108875975,11.132009543022864,14.261080911154414,7.835282749134046,-8.676630119313858,0.46356300568643083
70.33169677539503,45.740610581189195,7.396797819608315,5.8417340900755725,-3.5248004777928306,-15.61774734173435,0.5803296056718497
183.73034511101193,1.2160725769901233,-0.7851905451884601,-3.739390520689649,-8.777519497919092,-19.693330740481496,0.5813073211463495
176.7764683264905,-6.809083915204745,-3.1706015395873033,-5.6554845553301965,-12.059492177278711,-16.53459760050767,1.0920576208368356
73.81303616048453,36.97439239588567,7.754275745185177,5.796602531952657,-6.210976183191627,-12.668580333296754,0.7144452514659809
170.85763715557144,-14.728851747395751,-6.031667094155448,-4.057270790518358,4.1974558772952415,-29.640342465594582,-0.43520471057547677
302.81133758375984,-45.49241155241358,-11.238108111359585,-11.080042587692203,-3.7071834397149073,-29.73608133099319,-0.7419764565459499
41.246152189487184,19.495953852500644,2.698075750191062,5.480729814760012,19.968428000208228,-32.72833867823308,-1.2742141539709537
30.0541129608682,31.204667060323292,7.561849157994713,6.916928216068008,2.2940008286893554,-11.117415334215101,-0.20759027641085775
74.41578254842022,11.922773459735447,0.26874530928212925,1.2160288081115922,5.732804781158943,-17.465773503202424,-0.43543174323142136
104.50051516137954,6.8070897688691705,1.4091648566122617,1.3282344056013038,0.8604690913196906,-11.830310954849187,-0.6203906580940557
73.73223779679384,41.11374699920525,5.439930662760621,5.36110571778999,-4.121252072330201,-12.566979194029978,0.4063214088304924
114.631586231032,-0.9469686956906558,-2.11697929656838,-1.3096024369907553,3.9319345996637804,-27.302316062337763,0.11430364912414723
294.36826225273904,-29.690963608045333,-6.512580852230078,-10.083379620008238,-10.849286320239264,-22.647859708905276,-0.10953735154091869
168.78572996710344,0.01059437144706639,0.16768474119500057,-3.207354230023672,-9.251334511516646,-17.581881115835113,0.7002689971554947
194.49459822705276,-12.977789874360028,-4.280236356494202,-5.224872144674516,-8.812174529548154,-15.649143798810295,0.2118154458051946
-73.00779600370794,62.72031969141821,8.829694383187705,12.937665068443094,8.801327700192578,-15.474670070992257,0.3523799169903109
2.4209868750794965,23.913680646393836,3.4531848338349107,7.450079269633952,18.163063580082053,-28.61181838769058,-0.8781845571710143
-21.906552694418956,64.52439130068699,9.299074505653259,11.556584680769287,5.301148752412279,-17.589441952907986,0.4264849489944159
254.3300605385907,-31.240851284338007,-6.331711660310384,-8.912530526607451,-4.441097620653955,-22.02057396519466,-0.6295401533824119
116.84476919588012,6.932275060921157,-3.2920937363486993,0.6706073864845042,3.718241218852397,-23.438028875317485,-0.255179074937858
42.990671627443106,32.11345357830789,7.565812366045975,3.956977917878853,-4.682350696976953,-6.098022951840076,0.5573816968261232
153.8451932762682,-17.640365680272602,-4.453700869328191,-5.004083870399331,-4.140860633542898,-9.39277763520533,-0.37732633483351224
168.01984276624353,18.086690875642763,2.4056207509530725,1.2158055110477421,-9.52391607649652,-17.571787642074828,0.45099365625003346
78.42243401435877,13.811023420867187,1.173969539468879,1.4794074388435665,1.7836089052479147,-19.160037165234073,0.15167454075997866
1.5860268999344214,51.06352220186717,11.483088461189254,10.816554872652523,4.213275792254218,-12.626124186465592,-0.1745399270387182
88.70485709763699,33.17293690730192,6.180114974478753,5.381347599288978,-6.984832037400823,-12.609443879660713,0.6049965660149708
234.32393180322987,-41.353938063403696,-9.336588938611772,-9.067285226004223,-0.4683466160042039,-23.018412506302575,-0.8734184364291439
37.19892290066209,15.077817362229764,0.5528145513339551,2.8378433504665246,15.087407843087338,-28.152974608414937,-0.6393455490640453
157.53361629696482,3.9376781250007067,-1.9872255162258001,0.21121660344311297,1.338016005854676,-27.934290440026565,-0.22947195601707832
-2.890150752653998,29.24883468406899,1.864555686424875,6.742010363528175,12.325101892475143,-21.50753509107422,-0.3442977289624504
215.59689918706516,-24.706119127011274,-3.7954708772336696,-6.421273273316369,-7.854632569636767,-16.52126641266926,-0.15930821454008404
153.15641764061888,-17.87314553839793,-2.906321551601566,-2.3210975969320318,9.685568202790146,-26.588790524227008,-1.3520356276676087
222.84028251882384,-19.94742633868427,-9.549154137534776,-5.4742570617424375,4.3489063058411395,-35.22426305282928,-0.6336478357621306
5.695208960348385,56.866562112113975,10.046042574104463,9.372435716122126,-1.9599744078917243,-9.543836540396027,0.6215429526035545
-8.161852527056851,50.67818477407619,7.16184702863433,9.370624963982914,-3.210096848798374,-9.047573431339144,0.9120384757765914
249.31090941384383,-34.41692666985081,-7.955430868126038,-9.005251062813931,-4.281927256818558,-19.99207853311165,-0.749075725466904
100.04249650744636,16.90006722946738,1.7265456588067944,3.0342178425094004,-0.9498766967907767,-22.732082733871124,0.39287905435209464
122.45183022021189,33.23777163783719,5.872582058576402,3.4812906623924547,-10.02831897600634,-11.555154980931666,0.5998714561629915
239.6143194785859,-15.20324475192624,-8.567788551787483,-5.402596177845484,-1.611736226911883,-30.725291624821793,-0.36270712760090984
39.56106234465705,5.63046759537918,-1.9206652361273326,2.8020646994480267,18.91735030346133,-31.34197926368004,-1.0388146049841231
67.26967232271079,19.691791586661,1.5345571706937562,2.274680939232923,3.4898992706492042,-14.988416429149998,-0.2269655793588087
109.48084702074941,23.507247641104634,0.7394686273698505,3.972500527068666,6.05664367942788,-24.584081387875674,-0.6391817772071374
-39.753269709082765,45.31952916350564,8.579461876936918,11.160725423070275,14.71543081507129,-19.60369802012111,-0.6317002793268489
133.44367535835755,-0.08308244088747141,-1.3557956074208881,-1.3648376959945943,2.8364363842748737,-18.42867359546329,-0.6100364456383202
-7.046556272844695,16.0130413721174,0.07387431909592095,5.212524271750404,21.200573603807587,-32.13325277259463,-0.7348400887815424
76.70254389640391,-4.370272909102587,-2.3570144633328347,0.23114469543189983,14.112036480355515,-27.365519942951078,-0.9631501218477292
295.7651132411422,-25.359431996423634,-7.97860007097843,-9.582189102300458,-14.786918054771943,-22.257571499040477,0.3879945083652573
39.40262105419766,40.8344246084275,3.8095709345957185,7.769662312848312,2.808378987961582,-18.1199164040094,0.12467715374496284
119.46653795759309,18.639163958421477,2.8859816399214866,1.9042116284446358,-4.190515244964031,-17.229202238890878,0.34503153023736255
138.66174615980339,4.469408203191052,0.2629388712493076,-0.23880769061724783,3.997378213118623,-24.763072617995054,-0.515766701745867
229.71849260306738,-0.5106923453046102,-2.9806827352798724,-3.788722681317514,-10.5531099355521,-26.2266005449482,0.6301073971980254
32.75407772142432,-1.5055065960034593,-2.617908174474409,1.1312718035391234,18.95751198084146,-30.29507410281659,-0.8726228610329306
-3.403803471284109,37.134632246018185,4.268124980013072,9.088745733247858,14.03671526632353,-23.2048385482016,-0.6648956678777874
104.92540636577178,23.356147243901756,-0.05294716165592864,3.520822251849676,7.87277035669532,-30.800308815673603,-0.4360425372035788
54.557965721688035,33.68227709285547,5.20884436237572,6.127908991306273,0.7805589268622792,-12.548929304972788,-0.08278260990073157
-50.57692920383968,58.05140107510112,7.9450304160847,11.466611684751285,12.396808456369294,-21.989258145724786,0.08211457075172772
99.00973083402191,10.778857912549377,1.6092089665196618,2.589808926773535,3.3500664745364808,-23.46521661038045,-0.15742378235533827
-21.114137680026356,59.10114040864998,9.502864755189332,9.2874941101446,-1.2490034752779142,-7.74947008970272,0.7834874880134746
29.67718295849663,42.907479414159695,5.840245715433846,8.357268992598083,7.5029678520861545,-23.998188380352538,-0.1037333478846202
95.53972907780616,26.906998755074966,3.2663979311480014,2.3742879440221314,-8.556966978262,-12.465573360679882,0.9661010254044353
146.83442553763163,13.904613756157447,1.193851247013901,-0.026322458778486973,-7.448340659881861,-15.523048254050764,0.32051126578338174
187.83371988429022,-12.354909552395844,-5.309178379429746,-4.453677893618455,-2.806560685597978,-26.586359061342353,0.23064230263334767
169.27749699548326,8.767814007051317,-0.3215971535440098,-1.2248217389083575,-8.808412825220818,-17.86392871232393,0.48749936097775354
123.49654844439317,3.3654319459400104,-0.6143826034853995,-0.23553230271458672,-1.3460302617232052,-15.517950008914365,-0.12872597464974958
163.98575620899226,-19.283011280257902,-6.620223208220242,-5.6450826309236195,6.293253232235788,-25.431228224176998,-0.8178587882730418
96.52016923047097,22.919044256735866,5.485313728141802,4.370280400639569,3.8036213072234895,-22.407388439032786,-0.4092853047049762
104.66384133680302,21.365234372750546,2.3035865535623956,2.991372500033631,0.5727303664406506,-27.457195531114916,0.4738866772561979
94.79249906848378,47.98112178314715,10.026210030606002,6.891658321931176,-6.1698259909140845,-13.26455744344669,0.3397002497279048
13.28916390685799,57.97215814591611,8.430826385284876,10.031914612592287,2.603722783499824,-18.531979801912776,0.4184304038193265
-68.6519237457016,79.45260875820088,15.988744885481536,15.893133094052821,3.5674873173931703,-8.98310206755605,0.3525534906694219
135.49728312017936,-0.18182122085230265,-2.4064822127205394,-1.233912876312723,5.232468047533832,-27.87447213485845,-0.4156621123801021
304.81023808324306,-55.768871690645675,-11.765666110713175,-14.904565258002986,-11.86449998030026,-20.068825078424208,0.004016202474377479
135.75835723519103,15.882175250044252,0.4757087510235542,-0.22124461836876322,-11.867451249806075,-10.749502738963187,0.8801268217837819
-88.42473953166284,74.68641747097698,11.26625682152501,16.081406864483863,9.598851037636926,-18.291823692730418,0.4501739806869025
132.37424157475093,23.108919255381345,-1.0308319928244758,1.1792478531239436,-4.405101486886166,-24.61788726113321,0.7607483081086084
80.74705310254137,12.467050400984325,-1.6579118781328546,3.006137017266832,15.432844179952564,-34.285004518531245,-0.8723676049088838
34.93107140660315,26.51180363792781,0.187724994520997,4.210459940775531,6.110927924386845,-23.172784494966802,0.28358480127182445
15.679600914608192,51.3556555482148,6.9744836354674575,10.551997484853562,13.949190706026432,-29.339989591656085,-0.4901688129634104
115.58734562313985,0.7494796652176421,-0.6932171535935063,-1.0756726916001562,-0.12844990335219847,-20.862246674513568,0.21460129785813473
-28.71719652560825,54.00006991100521,11.711475935378768,12.348313400485658,4.454616488524543,-11.397302485892096,0.003972864263516654
131.950585935855,4.293096741491839,-3.4660920189087334,-0.9601569291518719,-2.929792528988757,-21.20864304008662,0.38284313904526174
124.29937238529762,0.38658768382647934,-1.7492029786192755,-0.836898811602964,-2.9362978675042664,-13.409348828827632,-0.04168598612129532
227.77822023883877,-38.65723534582053,-9.936383304571047,-9.306700473612826,-0.16459826049766632,-25.606424490365193,-0.5638419770131431
-32.03795578883401,91.82564789646486,14.58750886682144,16.07288650227915,0.2210785375517646,-17.572013937738397,0.9749009152252299
49.555031414468196,32.863336257922995,4.628301731784789,6.745052373774731,6.207387865460805,-21.502543129394724,-0.22018879465465677
173.5752642821795,-15.4583223583464,-5.489069412453823,-4.37848606313815,-1.2711653537828342,-22.923583136609814,-0.11370275218965607
106.814180490344,-1.2238723689746145,-2.070029683581339,-1.2123182752462582,4.519580812323837,-27.088187889709953,0.11462252214053621
208.2658628076105,-13.323380618108267,-3.6860416852045876,-5.644876639439835,-9.55449260927095,-21.356740218156762,0.5921876414638025
280.5440834349588,-21.65700359958649,-7.728941592399252,-8.679284477154333,-12.932363250504226,-21.530335234932565,0.19800241777331676
23.956858261730204,44.56599947985957,5.477888376907904,6.042476226381533,4.325181489631234,-24.572755055947148,0.7192185971459271
127.967736524612,14.470515228496032,0.5489067661923523,1.8277513205013602,1.4024943330094564,-19.256511404530098,-0.48767043889335593
-23.817247811986906,46.33289261806441,8.518521216685699,9.799011517701711,8.095313871849726,-16.34646933033105,-0.019613255410896844
46.05101149814687,42.146397725678966,6.5094983503190615,6.959088946410346,-5.975193581664516,-7.746649336680288,0.5869137472794795
61.17383391868408,14.429271634885666,-0.19549161282034141,2.7109355762671044,2.739304655237319,-15.544389495816633,-0.1482602514740711
100.21779224893973,27.50008652836312,3.2187945452445708,3.965050215359996,0.9304171828083383,-22.25329590335088,-0.016634542792951863
149.24413694418607,18.21751432631632,0.790425138086289,2.312049017448659,2.207366431032672,-26.880744284893364,-0.3226370145188822
33.9509591743495,20.122473112304238,2.652433580887419,3.1027331681135357,5.056337546706538,-16.511025597547924,-0.010438439288745972
236.9429311141171,-47.450795798457975,-12.022097424766779,-9.493774312114855,3.9069571681335606,-29.12681516730671,-1.016970479051515
-20.19195173553319,67.80447289609666,12.916167698244925,13.039939790734364,1.752044217718851,-15.980180703991977,0.6324025335714876
136.970485135433,-11.050003356559976,-3.3532068792021277,-2.2415706684920282,10.043465827866825,-29.651690657225156,-0.8988358099780108
367.11794108156903,-59.45442585971727,-13.264375861446087,-14.844075329061065,-10.718420109575254,-25.76740095655065,-0.6991265546194965
152.99120624324044,-22.636962911960307,-8.831941396112931,-4.843069952132914,9.349586363281194,-26.632777832267866,-1.0710183460449678
-115.00639702038022,68.52912959118859,11.389497280277128,14.236435006306076,6.275713969243142,-9.268921448791515,0.7928128392730478
249.61272508566913,-18.27690098569217,-4.63908367033452,-5.979490120371773,-12.7456621246863,-20.091413444872874,0.32539008741868913
262.7497535100895,-22.34124668439008,-6.489817728606068,-7.363901728404249,-11.47074580249098,-14.296436691556002,-0.35387507223304254
212.98665482307047,-22.656768544787187,-7.843244046331056,-5.856331219833792,5.0572970583692145,-34.51938953226779,-0.673524859628824
-3.1811466397495978,24.777946679618907,0.6499897672840651,5.57720534630327,11.240406519430298,-18.66482883061875,-0.3414805480185115
-78.95540073391552,62.90840044909757,10.359135951961353,13.766195093232703,9.197437846466205,-12.217979980822754,0.036164920285926105
134.84824022424777,45.65945043517727,6.656442798522481,5.8980831252555666,-9.344583770419115,-18.963429746179607,0.7417810410178532
193.68863312999522,-16.743374504409946,-6.197031805957436,-4.583210742971752,0.5711299813801702,-28.678990455303865,-0.21185754566472356
181.9871657209522,-10.81029777855546,-3.419893947539027,-3.0938464979312985,-2.541084830528466,-22.224981570588465,-0.23471086515368367
107.95735911682512,-3.9643865883498814,-2.1717984767185747,-0.800457595508488,6.672475094095105,-25.94793958912086,-0.350023236933833
196.32080995038353,-0.790392885520335,-2.877099112861871,-3.942923535420041,-10.604471214792335,-20.97137595180153,0.7623554328035222
94.97284441253841,23.302689844914955,0.877145177164381,2.4858630081707167,0.7648761052819322,-21.571292865913037,0.18777322759813436
230.23746220936846,-14.561017189116281,-5.443810947718678,-6.091061096735108,-8.164404706520017,-23.41319713802179,0.2502049996374475
111.25678926298775,3.847557594500893,-2.157209360850802,0.42314649972882573,5.394107978565856,-21.223030411348045,-0.5844102312606111
53.41133890868358,12.81522540584798,1.4499705278334998,2.5485148855761666,8.143319718748927,-16.65110286073972,-0.6145199302537083
280.13726975812773,-48.505337304683486,-12.393949932187136,-12.477041220319046,-3.6255401275937924,-29.04019365830441,-0.33680657391807023
108.83322342780234,19.63894840178559,1.5881971969311832,0.6778951298973652,-6.311508639732141,-10.733773661710126,0.3876261257835714
21.891665149856923,56.15033474530228,8.649883907128313,9.023054056174526,-1.8163853635671838,-11.694152485805018,0.5350705699624967
237.0324426192862,-43.13502940083112,-10.916956106019857,-10.223893635666705,-3.6978473619097256,-21.029049773276263,-0.46711488416156244
147.68103540015198,4.659282982581252,-1.81613853394854,-0.0015776828293594034,-1.8262497187497793,-23.94978534805075,0.1226001025685224
168.08462836355693,-4.212417003065216,-1.263741293784688,-3.119253854769825,-7.821853517838938,-15.15262613185354,0.2309459630792207
39.045835388677965,44.52030767796808,3.0369995888499073,8.10857046712056,6.0860450596343885,-22.587025465464194,-0.06420333385159067
195.66632754456026,-29.210504334016502,-9.768795008307865,-7.276365013801609,6.97613886457623,-32.156080594132746,-0.7423285368005126
189.40842908489293,-9.300051069509516,-4.593807752618712,-2.9773972804949937,6.095954554874469,-32.901507288766695,-0.84225517617788
213.13724283327377,-6.786349452680704,-0.761678317180884,-4.688263146791532,-9.200701002760715,-18.734761032354353,0.17383764694907988
28.420741625454678,50.29868744854631,8.805121151750509,8.299950288045613,0.05532118358325019,-17.188399632042973,0.6274128738981724
160.59053537605885,18.42502395606993,0.5702611220106634,1.5352370103352246,-4.6922678825372115,-20.50775097412386,0.08833755141196276
91.64216581064447,14.35378183994645,0.1732355492403491,1.6251945971824322,-0.2824435615443578,-13.750764078144345,-0.11078577413194485
32.08175747615946,32.29361433005102,3.3714848975123517,5.48594733038269,4.941307399756727,-16.999663650259226,0.007660037285330164
19.975688253611654,22.309995114243453,2.060393685768582,4.912540514050879,6.104581833935818,-12.511677815491566,-0.3034528771228718
129.4891672986582,-3.2334210663050307,-1.3710285120426502,-0.9034092051887234,5.93898757698538,-29.697056372720155,-0.27152964891823106
-84.75253251649112,84.80058905135603,12.520351240457614,17.74838235592059,12.254768727184883,-21.130374672798844,0.1260212314338429
73.75344385207559,23.74009758351555,0.06397897862985422,4.36550857892977,13.72360034835464,-36.86883027994996,-0.3724207244550268
137.12163451265923,-8.138214330917373,-5.825078468519518,-2.957200234383449,7.986789165748011,-25.9242595763461,-0.8342694887506675
-40.558674920411505,65.63205760992535,9.979486238109653,12.975278718025692,7.670564241366694,-16.77853868089602,0.14753059935630286
91.79541075835594,29.858586590725892,3.9716768994751015,4.63725259418159,-2.553751784774249,-16.674641690297474,0.27246044719793583
165.15941848436762,2.2817863417334925,-2.4174470445051854,-2.1851336728590622,-9.125839632793637,-13.897930058328937,0.41166225150648517
44.263518071842896,24.65008240523936,1.5538002102638304,3.9456442751851086,5.899045022685296,-22.206735376750288,0.10426902860522642
170.94845022358427,-3.765865918064216,-2.2749339874932764,-3.3905159395376963,-8.176095479582626,-14.593347873406055,0.23778016778441438
141.15280046247523,6.840613407010206,0.12976087288865729,-0.1149345836217931,-2.5252842675287983,-11.77236668789806,-0.5774144460458601
-65.64359769809073,46.36900702539227,7.134194968589231,10.076219260015904,11.820569293816895,-15.3583243154086,-0.023988691639007416
-58.54468780895099,50.24480448862271,9.099129759838771,12.914035561876151,18.598944939639036,-20.10421773364673,-0.9828432921971504
126.18115416161477,-2.593099030265622,-3.726960989003081,-1.8092658135785382,1.8439692852167373,-25.694124583815714,0.19977277541733762
184.72178385151312,3.6014288199969524,0.011646219338100814,-0.6260392020124054,-3.4336222965663374,-23.750865283387114,-0.20196926585312724
79.13413696118106,18.606157334568326,-0.14653375751382558,3.8702382139313367,5.909922277345,-19.575013209405324,-0.5935567763747379
255.0133859437749,-26.506523279777866,-8.241979243261623,-8.690440518219914,-11.91414264587104,-14.277288651796269,-0.04681902100441089
85.14537159547265,15.616167735891018,2.5349721144567856,2.1749246455949276,-0.6686838985300138,-19.949799070896965,0.4147922088875142
-54.195360064164895,51.259343677937906,7.642484350147003,12.075123430706977,14.000518145902662,-16.20039438804686,-0.6245243805863449
-3.4466751805053626,55.794225686810755,7.347673968260922,9.536781487273059,3.4076386158174037,-21.906123437452674,0.8324289847345651
39.77379493643535,48.334609294615866,9.41444641632785,7.937172031228613,-0.6409349308300623,-13.256259633951323,0.2930998468011939
122.04854559677361,14.528434748730492,2.2513987973855527,1.4042064790605984,-1.6354686210258458,-19.2839968001034,0.11902221580434533
71.85428882228628,25.384932697873445,4.548874595688695,5.584972781579284,7.078485900321547,-22.953300884555258,-0.4662668412802012
-63.353238248892566,71.86634925220866,10.389135254553103,16.10816904314754,15.693641923635978,-21.475783139510646,-0.6167993036769421
145.0099589299799,14.638628913794077,1.2360963193966663,-0.22746576735715876,-6.120100706379049,-19.940967896588987,0.5038672059914716
178.7155098989689,12.666763206107177,-1.0564468884513278,-1.201318363548123,-8.656416806319971,-17.118060419590893,0.34449813437909177
-37.00194123033557,56.95200174118573,6.284139592286745,10.975124899966877,9.138364216502554,-25.336125890368308,0.6086707533014473
74.29397621777407,35.691654512188016,3.254855974584191,5.332620007548476,-3.2294521129923632,-18.246980166373497,0.7111773259635076
177.313191441486,-12.002048020564937,-4.753209874473382,-3.736304874733676,8.641086046238815,-32.399283182353216,-0.9589542148840418
101.92643639013805,-4.159610696005941,-2.129667281179575,-1.0373460889922421,5.517219495345774,-24.087469003066968,-0.2409829338682791
186.97375158963445,-4.0353262967157395,-2.0130656138596397,-4.155310776997066,-9.210916512357198,-21.715903161974857,0.8046701247132594
115.3601311898527,13.8344430433961,0.7091899845827474,1.6591707625964616,-1.5122124694803611,-15.1528010154895,-0.21398521179461197
186.98342828387084,0.7117774105201335,-0.9540865242569364,-2.04049762545294,-6.301917447491192,-22.161540451190454,0.1771688058641364
214.65331395143878,-16.623974176679102,-5.474391319869075,-4.915402888011087,-0.07939896337339684,-28.850550195219977,-0.45500734725230285
-56.49420960899727,60.66866837514642,12.214824492945553,13.318989377458955,8.9475088501166,-14.939339643318446,-0.026205798975923452
137.36688238970615,6.003974481881532,-2.1854592677249807,-2.263877456661913,-4.410830636156313,-19.044482638954722,0.46385573417285547
229.48802361293548,9.02491208286195,-1.9021041230703282,-2.2791165551348103,-9.218934277095995,-27.49377353369408,0.44037004638037336
228.80508988589082,-4.416132534583167,-4.504259462460945,-5.814847612872522,-13.01509342836678,-21.734348608008105,0.852908439330012
-5.539245180372261,59.10661359144639,9.65455565123649,10.162841009659706,1.7775627391843019,-17.14680407335934,0.7431819145638174
280.25074402933757,-28.198659268631843,-7.960908212989072,-8.225015788633144,-3.677888787630177,-30.855726381637503,-0.45557945290771606
326.6622884670704,-35.717449236876774,-9.995368805774003,-10.065297158096477,-4.793684066865994,-33.69649110896756,-0.6681636548311184
25.158970336091674,44.89887765320259,8.438495294116924,8.902340373795246,2.308563501167009,-16.76435102843573,0.21451453616580557
140.91890512593525,-26.173050137923823,-6.397694165315803,-3.7182891530569284,13.108546600423354,-30.249169919043126,-1.3283088865100938
350.6022816805634,-58.83924752391535,-13.781679843206337,-13.527027361832664,-7.425987773113158,-27.690144056367345,-0.854097828126242
12.029059309735407,30.55367294486419,2.1802605486298794,6.634974968387763,10.363461611102904,-19.14654973919403,-0.43361692761731574
189.20905424992287,-8.957253621664057,-4.4710527751162195,-2.7315597696859872,5.154489699267901,-31.4250166926972,-0.7686368419480145
173.01433943530495,-23.84195887851186,-8.3583349927255,-5.2403379310084945,5.33675696439459,-28.5659633475001,-0.6517062971980422
211.7578618540762,-2.3472123228027635,-5.087662878005114,-3.0777491303527023,-4.1157987731388,-23.72985188466781,-0.2429704471779305
43.453257893611095,26.181609653692895,6.585293740163837,6.4690548248970305,5.620127328224053,-20.08337783089579,-0.23148823863658344
103.54396562669343,26.475090884472312,4.246730975536991,2.1307842541360493,-10.579316380834287,-5.402711935637862,0.566984490870033
123.49850589570259,9.618931434368623,-0.45571702894453,0.20545280732715604,-0.778183424953422,-23.19807871677405,0.3176734219263824
184.99618403851903,4.774952194167159,-0.788728337319112,-2.9864584605631324,-10.72629807502638,-17.517536741287678,0.6271427252535907
78.96635389787996,15.346624380375575,0.37973984185001664,2.1291701491887216,1.6134861575611739,-20.784509198622715,0.20723308714694408
82.25552178587155,14.491619444233578,0.8688474103481801,0.2561822977769049,0.20747788035194223,-12.975509679962279,0.034493831196106155
198.16621069071408,-27.573970985377304,-5.816232644638338,-4.721978756087664,6.869661801799151,-29.712888527432447,-1.1885989023512473
71.26479528449062,22.12838933499076,0.5690492522263895,4.194039102417357,7.360895544175042,-19.977880512964134,-0.6314205330299765
9.472433537549465,61.21855338639422,10.558426607577045,11.127298562909433,0.14776712317956378,-13.476810218888726,0.4055761151767543
111.78565350778531,25.24472054708005,2.2539868615014114,0.9024614163534007,-11.785354076855677,-8.636247787897826,1.012836591226052
117.9549624101463,4.3252399029189315,-2.1940007541096898,-1.6902330151130318,-2.82252393912774,-19.960333402931788,0.5515512240265635
146.9526360829132,14.702594449630205,0.34406326308489704,0.5097783101478749,-5.326358987556155,-18.984174817561808,0.3135118103166474
142.9080123167571,-8.020654527208201,-4.011853057116656,-1.9750296671566667,9.836908232663516,-32.14688945971384,-0.7739738374758709
-12.003803975459856,24.049680349068858,3.305581492120712,5.850786378752035,8.326101761629431,-15.335414587902715,-0.12233256049117901
54.977420360250605,36.906899015867864,5.357700130601748,6.286512843652711,4.2838945503022385,-16.756715194842727,-0.3053308521970277
95.19169182304594,35.22031861560248,4.261046190990957,3.9506550965013103,1.5165629919585693,-22.201727433907994,0.12343940199924279
-38.744552802724094,49.25062490906612,7.7115496466534585,10.045014275832042,12.199815175608556,-22.368698977570737,0.0029793360076434297
135.94601885990127,-20.983557095198403,-4.361004184602004,-4.661836924054507,4.304766319376394,-21.651923171270706,-0.5224992577447207
209.5135861787907,-49.0562747636185,-9.99412823231699,-10.214179053692508,2.2610735718794484,-23.4506340027952,-0.7328507740966942
176.25301849337401,15.511992313972609,2.30696947611759,-0.777637995673799,-15.780232920455141,-8.914999454587742,0.7815010927573515
-25.613496616616526,42.11423416490347,4.6613616831821645,8.661958425703022,13.756078079200833,-23.11708097627885,-0.30121112260951416
162.10758339951443,0.9415829688804962,-3.770656097245558,-0.005362249047637239,6.215408593559147,-31.575680562419677,-0.7390351086888546
147.3543739387609,4.538295587075512,-4.3439815795878145,-2.197779278432929,-2.971966816850773,-23.388831264037115,0.4704995506230643
27.580072014346655,32.80529755305192,5.85441776307128,4.985774011683971,-1.3672920824454822,-9.806228676440691,0.5051822421732235
111.78998472599027,4.186553712981655,-2.2124924544175717,-0.7888723856149666,7.46730778389241,-27.084557401604158,-0.39699431805133234
53.8513168397257,24.834149478453952,2.3821852114955218,1.992993506128449,2.205969737469271,-21.597796823449745,0.6670210988348023
49.62217461160452,6.083980257983594,-0.8983216373075522,1.1457534249509718,1.4014836705146703,-14.12922841983596,0.22975001408798212
143.4352497037088,-5.690070922321029,-4.557132942988447,-1.685219473171126,8.526406383874733,-28.663955857967935,-0.8668816359300888
-4.217157448790632,47.624070182987744,4.931631564838332,8.893775911784411,9.882146009961831,-19.40708698636335,-0.22304429981843518
40.641986108220664,56.58378989234917,5.5984274600304165,8.067464122623752,-3.3471436047211283,-16.99135988102245,1.0042398239333226
213.58875108209358,3.125868750169377,-2.2057169138106225,-2.5216210031476747,-6.314612897449926,-25.745458221535134,0.14400963221414928
90.02368026262005,2.089638870079432,-3.0592321661081527,-0.605099085512988,3.3498827550050017,-19.818255514570964,-0.04602778080900419
38.41754922276069,25.180862783554836,4.223397989326084,5.8826139732607725,8.348939176408496,-24.342493025411162,-0.17673942181520116
-96.08968324453681,85.98545294894052,15.416404502516214,16.979665555501207,9.252259975522094,-12.671828500091625,0.08996167388032553
55.25439816447023,30.342482842930526,4.360494630162663,5.340195234761111,3.239296608452799,-21.332834252120747,0.19821671386717166
74.3912459732837,18.59139422265387,1.8278578429306633,1.9592567478752574,-8.566008368935998,-4.494445374573673,0.6508898835177241
143.03634456200217,-24.51182125381653,-5.650193408695301,-5.534161475323591,4.695244422162405,-24.31413902638457,-0.3720605343067352
-43.080205473734594,72.65492260535895,12.446362148623212,12.976834395744829,4.649827004306746,-17.165238707688054,0.6903236192541629
93.55591886298352,14.00859842741351,2.4470945007750973,2.487309276573455,7.417612976564348,-22.838942715065752,-0.6408851705823545
164.90405787097572,8.069809771048828,0.009892611603152924,-2.6020890402564367,-10.7726302347094,-17.32610985347988,0.8913514683374941
95.38824786699497,-5.117933839819626,-5.541437487455059,0.8196387621188317,14.570972435029818,-33.801259051142125,-0.8656329343254661
146.56426127291996,13.268230920734782,1.2261308354958498,0.18674906267340405,-2.7280758318483573,-20.96795136499944,0.060487836289342505
53.66935152746271,-0.7469285545808092,-4.003850293823156,1.4132701773862841,17.70848963344071,-32.02889943110238,-0.9027553775486513
61.40926293427104,16.51413829080005,2.4040593554371177,4.240439969713125,8.960944015740944,-19.237165710532675,-0.8155295875099641
121.28100162246089,9.436626642920265,0.36724325347943326,0.42998445367427335,4.051565417679172,-25.356771538521357,-0.23867049099256069
186.301802815153,-19.411199267910867,-6.261169062511553,-3.879186516880119,0.2441166835114655,-16.41817966045208,-1.0362259225203199
97.50270227408971,17.219575028903627,2.5030217449450585,1.6170860256878705,-2.933947671901507,-12.693826941149116,0.11655751489597782
52.79139381602924,23.3112326895708,0.7126847835374279,5.200196994060973,13.66088977278306,-31.05026474904692,-0.5787624601296749
26.889461242651365,23.434430408143957,0.7737471783550094,5.029020055070795,11.461105913840598,-21.251258884673017,-0.5382165711845376
303.1015592387725,-35.88431988740926,-8.501415548109305,-9.766614304664245,-7.570670207809675,-28.413775562569523,-0.3304279853069013
5.040173343833459,37.37700599702363,4.065555388927108,8.2697872344179,8.464984863957108,-23.0529543126078,0.031857503503582484
323.25041111621806,-50.39966938452977,-9.409250548423948,-12.934137894562184,-8.557687144017077,-26.231759346620343,-0.42186994590158905
21.3248956218192,29.66640247752054,5.921626162209173,7.377326651832612,8.871937396431392,-23.499623170793217,-0.14952643870443116
-49.024932407061996,56.64004195236721,9.321607037744961,12.391938674821688,14.772200389218652,-20.91883848213319,-0.4481092878269948
170.74153895323644,-32.78221552028948,-11.021610279563724,-6.162475214410901,5.748204481670389,-27.98840689923723,-0.6540290995681162
179.37351889578696,16.34030829626809,1.0545864312176763,-0.9959764468406371,-12.115157565974341,-12.21647617614261,0.4068529786889626
47.95488898171542,20.374282414444302,1.1138801633636966,3.4752685514429653,5.681262217722597,-20.18790429829862,-0.05703330259763586
-129.19848029501873,79.63960206327633,12.600638505047366,17.510846607998833,16.74999697185941,-17.960655319676775,-0.11136130571095135
17.26254890930807,25.109646850601862,1.501124254852302,6.673482858100861,15.24128236645882,-27.75391628520152,-0.7009710536099394
86.25342896265553,35.52958632906698,5.491104657308227,4.336058840277844,-4.6211394303115565,-16.480861759671377,0.67467889402466
213.52875808341548,-33.29956946852491,-7.158987284843734,-6.291836697283331,5.460788693375792,-26.732881878922736,-1.3047123717885376
61.32786572571553,36.42184558430249,3.9115875233698443,6.633113706780883,1.3439015277001434,-17.70250882336203,0.06375260384032841
105.12571923196784,-11.779462136688114,-4.8374226131668845,0.24292590772671557,15.128214587792865,-31.608836529446926,-1.2505963264472517
227.6111451826371,-34.67230857796137,-11.760360666980057,-9.76248640559517,-0.13708668723768372,-26.178562344582062,-0.4706766791997322
42.26582457207536,59.77006704513044,7.689892212496955,7.1656710880589065,-5.865720086973835,-15.127753234842139,1.2686597828910593
147.8221911600537,-1.2636651679594073,-0.4360155962274861,-1.7991400986117367,-3.401134118127762,-20.31693503805287,0.15761648693812194
300.5519505593571,-45.739554342861766,-9.308676913120715,-12.224348806025471,-9.598861566190774,-21.82924234178897,-0.33738607029107237
309.29453428137856,-28.26057452889157,-7.183502285541124,-9.575925771038094,-6.217019342354312,-32.141439601074396,-0.32689652628414173
30.464188349569053,23.188256306081932,1.814244156160779,5.612189634582158,16.32060375484537,-29.771590707360918,-0.7812777881079299
-1.1665714425043956,18.236540122577807,0.1985285751302589,6.398502067935372,22.0849595746748,-34.791236658305884,-0.8211686856128991
-41.73465491781206,49.32728266909451,8.434840723800725,10.184366465483384,3.002601622236,-8.086000093940111,0.3326739508491171
78.86127785823868,44.553838417367785,8.431127524010629,6.123042420871813,-8.99166879771296,-9.004172855339233,0.7421625049817048
111.8601678318647,9.30868445143708,-2.721649657489272,0.5494503787959413,0.04772052635068331,-23.463052866723324,0.2711262594269141
68.02126280447601,22.902355809809134,0.4818654182297146,4.563847911045709,4.776534805562565,-19.222946532585762,-0.2881133811897491
141.87586378618627,21.257243386408533,0.9669027440323299,-0.5730555696142593,-11.913404192361902,-11.008226718583408,0.8412932364277648
117.7561372785184,17.29047014086713,0.26834720562335307,3.0198780095570545,4.367397107174389,-26.377210923311555,-0.406898472214373
-46.07607265875293,45.55375856570757,6.274319978488641,10.911784383767863,18.67294680116731,-24.647069119352462,-0.675691811378368
200.09541462859812,-16.025388419078553,-4.349343209899526,-6.707888316543494,-9.321091277490172,-19.937423861788808,0.6488623387167604
-69.59073540701716,67.59617564632482,12.043993354278948,12.942379063569476,2.0713938586686544,-8.432962923432507,0.7269728154945909
45.73686336827423,37.96215639388502,8.024888592401412,8.184609292162275,8.091191272239191,-19.25174270507328,-0.7504822264851969
153.86119109796562,-5.6967773238533095,-2.4975647920689936,-1.8065715467258492,3.7505578478969586,-28.67427282778271,-0.34696949930248416
89.23335521693438,25.467335274204835,4.652989978211696,3.203072309094898,-2.8747225281390065,-14.330282268875074,0.25064391561477295
17.290954461531815,26.084354754856335,4.572906413842893,4.643724385650567,3.4494849740007494,-14.965194531604942,0.22534597725307925
81.63551947939882,17.632424791434094,3.724049935066969,2.2257921112901515,-3.3946038265588565,-10.841881076092974,0.2551190832307562
88.76910324896635,14.543381260025312,1.0797686629857972,2.0979244804151644,1.813901728868673,-22.091154113247978,0.20952545143225662
42.187840469355095,28.396713245854404,3.855675156877097,5.573177437842371,6.410714749472228,-14.801275341812955,-0.5228670370698638
199.68207792315982,-30.518411089256166,-6.659342480967261,-6.12961814958985,5.924552732074917,-28.903924577522428,-1.0164678772371958
161.18743960104504,-25.881510047114933,-5.861866097796391,-5.745198603387753,1.9603595392250175,-20.220498810960056,-0.5275177284105617
171.47260941039173,-19.828860457300934,-6.477915408650464,-4.6997940229715445,1.0332060542491985,-24.987544090087486,-0.2715041804938529
187.33196894281167,-7.533447157252545,-6.551918034721814,-4.778180243004786,-5.307977280759831,-17.19562005930538,-0.07696184257344493
337.73353248187857,-53.340430204987626,-13.036827952900293,-14.621932973836849,-8.234618351387088,-26.69938580110244,-0.5368760971236286
-22.269786278770432,82.31378098597283,12.071461722958116,14.224129536522128,-0.012726637002044752,-16.879173592632856,0.9255113892052786
-44.46582230415681,41.45168375366796,5.917352959404875,9.364339752461273,17.060276434275337,-17.92740711360465,-0.922122919728791
86.52703211428141,13.261163096546845,-2.5026236403242783,3.0138508750557564,8.885616711572496,-30.346145456414757,-0.3063245614676221
62.19922725612841,17.901651780882673,1.5379377991161571,1.4578658561108502,2.3481259673194703,-19.40884874146317,0.3463012180409499
123.3261229726901,-4.078698462779732,-3.090865376916064,0.41872423800464714,9.44895454923362,-31.23986530949063,-0.6831816754952416
-18.68019774434257,54.9967802381047,5.450971386615148,12.474160337948327,15.886265014160482,-28.35285556610345,-0.4927746466794131
243.59309975313857,-32.99350533503369,-6.797092830497532,-7.3625294734816205,0.39740924625346025,-27.08815959208841,-0.9618354116094943
116.22973043687907,27.053876872522828,2.7113135430880946,2.088684055349952,-3.0754962769973817,-23.440221745777347,0.5844931837900477
137.34922982243882,-12.483115203018775,-3.5093630568161913,-4.228126987208983,-4.096718374236274,-14.513527852957111,0.19897626592116222
301.4269790982768,-40.886400029705555,-12.017860276222756,-11.847329023903159,-11.370220007862445,-23.360205921616146,0.04636780531972972
-97.60857955576367,89.02263151779765,14.685874905024525,17.65006730711542,7.763240219750307,-14.020489432169825,0.42118137326242755
97.2365271581734,18.3565857923214,1.0505515756341046,0.3195722188705757,-3.3247561790654565,-16.49253445879636,0.5339112431929176
187.6058978338265,1.3998858399795413,-1.3187064207206864,-1.9720458824993439,-7.024735368802414,-20.54634534091153,0.18413257588031465
94.83428373570852,29.949912815827485,3.6078756413062867,3.7875420657783887,-2.7172231236469186,-16.356423467322593,0.2924490010029303
18.843145039459564,61.38622786531174,10.678680043002604,11.227078918682746,-0.389989525613909,-14.138867256978317,0.39431571399093285
160.4339715814498,-26.239663039644096,-5.139855897880717,-5.528669865176755,5.722272449513149,-26.516084697095124,-0.6464466333655998
33.44128075453839,34.34897509245341,3.7893784658845084,7.92273547385665,10.651359542589079,-25.53386157513279,-0.5126640552425089
169.68222552605678,12.389397400815254,0.4357613408563195,-0.7181237915356325,-8.128043949490712,-14.204355337432618,0.10420956001486738
180.13424977892942,-25.40762123571595,-7.6122105495134464,-4.44178816464059,3.1255523699305363,-27.904696808486488,-0.520619051239618
216.8025857385902,-20.40038079158692,-9.239940115034939,-7.1857209380095055,0.972075068222978,-29.903784072735785,-0.3389263422937249
138.4586676846504,-6.887623425403392,-6.261451758491772,-0.9888852920889387,12.013896350912562,-36.607409734271016,-0.7423977859278975
280.85936264754633,-36.02522385801853,-8.60206927683651,-11.268623033801742,-16.819985813602397,-14.923243590153763,0.42574288438932784
-49.07098767315884,62.49802556765516,9.571741197898595,13.101117137528517,14.709447961427733,-21.840382608399057,-0.39844839135109145
207.60567006212446,-20.182579820555336,-8.039605055742191,-5.7241224696098705,-2.905339210071927,-20.40046340454536,-0.46144354635417034
10.22879444537983,34.221781421056704,3.968970593277408,5.9057437652606435,4.9745779655202345,-13.86502637948117,0.05654363940608891
-27.317670955225662,62.482088690322286,8.186447291953057,10.678950190284707,3.842531291094725,-14.332015196783477,0.5433210407020904
172.5942039531514,-27.34258439343782,-8.02920588339348,-7.549898678872076,6.18221433777082,-25.810284516652256,-0.7457096788530074
-18.68840604935534,74.85719080233585,12.08231707883555,14.212766356844146,7.120381082299628,-22.446085354047483,0.24304455155922175
-29.005649016851898,68.12387770471464,10.206926158732164,13.19173530437463,8.487389347247634,-21.327695066860517,0.1862793875439737
171.8803814378348,-9.5888443405453,-4.147066642784975,-2.458453149192805,0.07440363238721617,-17.629964480630537,-0.7972100104893196
68.54542324305898,1.1107213221813992,-1.119556398341998,1.7563171414884966,13.373058352408547,-24.54594761935939,-1.0483052926587921
103.59931612685719,11.280335245023428,-2.692405121307323,1.5311218446156838,4.464141729288209,-21.019929835190382,-0.44780894932688137
46.88712921152434,40.85117228367325,6.044632361530239,6.797205966837973,6.365422658312983,-25.73724335149351,0.07850713151439954
186.399369308994,11.92934067183492,1.0624899230101759,-0.14024741798765367,-2.730976382864882,-23.222083892101956,-0.29349194231229014
257.236460166017,-3.4354452117535685,-3.105758499754813,-4.087254566334532,-8.548810763261887,-27.559649170743604,0.057050483258667545
141.18404683618374,22.446724368634754,1.042431134775997,-0.3554434564612318,-11.682051688248254,-11.11220363672545,0.8127567442907219
251.89956820287955,-31.553476306731802,-5.568790459705584,-8.771420483864532,-4.0697747698606745,-26.90410176790471,-0.2372644414123181
-59.430802954765795,81.3871936718659,12.010487596958654,16.235287867704756,9.012312527869721,-21.628239036617263,0.37810502241483185
-51.35925840440195,51.07266664143474,11.357584202031957,11.197477384146485,7.551022355754382,-11.23167763555187,-0.04026086287282883
251.7476687244123,-27.266529915450725,-4.401634293721655,-7.78171961541151,-9.26995489621575,-18.841901404667308,-0.17464863460809416
120.76551814432523,27.929444306429925,3.4755246999284926,2.047073846611814,-6.634397975260809,-13.857617506254899,0.4076390384267215
-86.61340308849223,72.05348662493132,12.516538565783977,13.577611170010055,5.563824563239937,-12.42910328266429,0.7426067353434261
92.3798964871032,1.3488267465239536,-1.010412209946161,0.7133811413231902,11.367164328980916,-28.476231267055656,-0.7410261713420744
144.30254161397792,-1.3919850814701786,-2.323311617088459,-1.8027538445997002,-0.5493042253156142,-24.348414954001722,0.1523965776411206
53.934824286976244,48.213450938694734,6.323698728530578,7.987237420315473,1.4081103478958321,-20.14045682545018,0.24166772404670228
201.31141623229408,-32.27897930864414,-8.187464422536479,-6.674495188970026,6.320098855741703,-32.2267933445706,-0.8250134688174892
309.662712569398,-51.13399089663277,-12.312522215318795,-12.988027389496454,-11.04044442853484,-23.036968712365542,-0.09503391723542107
184.9196446709596,17.076790371317976,1.8832057361194057,-1.3023541446944418,-18.414470020137088,-7.534497784743797,0.9387611050759541
78.1100497905251,33.77851869178458,4.4405829443092,4.973657392238287,-2.518175455558577,-11.700691556114833,0.05266413454199584
88.83414149612739,20.959262928351077,3.287048121632615,4.146130765593538,9.949893815300594,-31.32672204467873,-0.45340700659250477
142.5364015407112,30.915092102248646,3.586335910891536,1.9884831739075601,-14.059936573664087,-10.318899421075603,0.9484566683748702
180.7307123708026,-30.443179456126842,-7.03736315104689,-7.10067727141434,5.804030094789562,-25.218142269411977,-0.9310428917075199
257.90592112182486,-35.47811313433066,-10.9471625582477,-10.268998172413443,-5.566704264235666,-25.44149754847746,-0.15296430814763476
-35.42833957805786,53.432175388596484,9.761672504072928,11.767533320843576,14.412668070449932,-23.05426238015424,-0.4196849130777494
61.83511555617249,22.826750612650326,2.9712594229527247,5.164395310874346,10.303680038541682,-26.251039539062514,-0.5507005814538822
10.151651985147964,37.48898901856639,5.0118319798791235,7.20135220911905,5.782251063689664,-18.30572207739716,0.17380553066293228
133.1858497740007,-19.172152944754618,-8.141729506596093,-3.2358285141972014,11.668883003461383,-31.715152960491718,-0.8439047182710485
106.19552881248559,23.097816948755096,3.817281848216269,1.1871274642370027,-4.485829024926291,-17.01724319091512,0.5474752469940173
201.64077304458698,-7.495099656558877,-2.4545800877426442,-3.396734557378472,-2.8899777551848054,-20.422222272203328,-0.5331258956303186
229.76850107723274,-19.182600172609202,-7.361395676011395,-6.752434910704048,-5.738789127623586,-18.328245745342844,-0.43406684992997563
170.94571548847412,-4.698478344944211,-0.546699619835268,-2.559441907125883,-3.2409835086397933,-12.205098503097098,-0.7067685183515255
-64.45913947846242,55.98374691711538,11.691828714628242,12.93902254601611,15.474276145126192,-19.61979873229764,-0.484196921907657
211.03669348177198,-21.499301586900632,-7.36908274920498,-6.6319626257426805,-2.5383843325681767,-23.374808191369763,-0.27329351393183887
84.56743973442516,21.44616599071556,1.3347231330661637,3.10541917677908,2.56688310566456,-23.85946942924241,0.18454585438025922
69.4282589064021,6.289818007791851,-0.366956563788022,0.4282606154419824,5.821426120874866,-14.680908468519167,-0.5569371811114123
333.90801999284963,-55.839661207758056,-11.619011033117213,-13.291737446511616,-8.861829791072891,-27.476493254532645,-0.4177595717302924
77.91058826473393,15.148005730224247,3.2766995849232163,3.063850434947042,5.108128717062976,-21.437538506571656,-0.22217672958149753
157.48667236848948,15.51119631065735,1.0168798641130763,-0.1258714367289382,-14.724761741958464,-11.902489058256101,1.067132737218792
39.94311851040117,42.21389243306612,6.049727353879362,6.48535757484074,1.8573885425721166,-15.253862317663385,0.14842826034308548
106.08261277277222,-10.436076497148017,-4.142239509458096,-1.0632295359666586,14.434184630605886,-31.286853415979483,-1.0966953330711573
-84.40558021165906,73.72225661995381,11.999637265028548,16.26511689573658,20.016448618736042,-26.621143719814295,-0.5213757349673731
38.25247450420135,30.57669622793663,3.548043236361043,4.576076956752206,2.190461831324175,-19.17925496363296,0.5033245833754855
21.279338740999766,52.49160738199249,7.6307680396706745,8.445281105066696,3.548040835363382,-18.455305637580757,0.3091070031084407
136.83722005797935,12.472326740827505,-0.572058754371582,2.225687816967392,3.3886429786460095,-22.0420948044383,-0.7599842126448649
152.4520786834169,-9.274153383747585,-1.107591573178537,-2.8045105735362923,1.9469045449390994,-17.11416196381718,-0.7721602208170981
81.8176565053236,10.936253765351704,0.7281956529194833,0.2855389582356019,-2.2495811705192534,-17.08297163322346,0.6055779518556299
153.2644671051019,5.970932003917961,-0.7170475597561774,-1.6812248521048796,-6.341200311113354,-19.49080898383514,0.4925957520481426
216.4489479717125,-5.226689940725783,-4.320467303307641,-5.043547043012616,-13.019969828816256,-20.984553919902073,0.8976149003382503
84.98904185635665,12.17664049603279,0.34986754723756186,-0.12896611211809128,0.28761026682945773,-18.440364672624906,0.3466059334621228
2.2260937595908286,17.868616041331936,1.9295435335544449,3.862173015824716,8.014116102595207,-16.669350663789075,-0.026553597583321313
118.20968994994004,-13.299825191097284,-5.7414904045876645,-1.462240862572516,12.439907710421432,-32.07640537970373,-0.8672980846998203
135.7111270140188,14.907522099756331,0.08825816825273779,0.7796243033298089,-7.609019938226414,-15.35212993140136,0.5395712913987126
130.0980987201486,21.240701950797895,1.8589327898046173,1.6045366293550607,-3.7755808304337206,-23.69662491359365,0.5490562757029885
23.280784211101853,47.63159887490535,7.483045817253989,7.426394588620478,-2.7814257951056383,-9.065124367918424,0.5718345535672117
182.3838512122397,14.590778599101068,0.7679868256070048,-1.9398875770226882,-11.30780451391536,-18.70960843305521,0.7865858478982154
59.35977685913657,51.192522523450606,6.999055879556377,6.402593868119486,-4.9194297329552885,-13.411657828979097,0.7573794605455134
124.98765375753095,-11.362120377950719,-2.431610429068386,-1.3304795658070816,9.508510179219689,-27.130210512867315,-0.9578677442814356
105.60114697022158,-4.555222903356953,-3.7063260916907907,-0.5620639938917783,9.441839708178074,-25.93011959657581,-0.7454086313419358
94.45466608327666,55.46136799591027,6.826719811726683,7.0336377442254845,-7.134126307839123,-19.285696955736476,0.979737304235844
72.9850697132306,14.681447893539245,-0.267215490345275,3.7172942666735223,11.132795722900966,-21.06911485957017,-1.1279305825944974
306.364042672339,-53.7135754771968,-12.221616921846124,-13.370397213023455,-4.3482377563051235,-27.333495377332614,-0.6720039685499666
36.16606338534692,13.003573349537794,2.0847749930833825,2.882537934106072,11.337951475439041,-24.703912554780874,-0.3370969542758981
87.87913828327125,19.244177331691528,1.4676951511568856,2.036810863911824,-1.250930553329329,-12.920832021330941,0.022292320091115318
250.31307377277568,-53.59990215910576,-12.775443909140217,-10.801141418759427,3.0126627259380054,-27.863380245608333,-1.1174475021285637
30.950869230346758,22.498098480340886,0.10251256159633117,5.433388671575201,12.929230344663605,-26.143738387591178,-0.5033400353503458
130.06452059407724,-8.069485950561203,-2.106994540396707,-0.5777115120083801,9.375383723768016,-26.35279788364237,-1.128133614136872
143.76109531528888,1.382013340527681,-0.45739687526235817,-2.849012730077475,-4.677975295146384,-16.023172297630033,0.22680829753636797
98.9322142540843,22.087612460168558,1.9887235124593299,4.092677979436049,0.32190265532648193,-24.892727563213867,0.3091543595528433
254.5659069973912,-16.844757119730662,-6.697150870049763,-7.113958656720381,-2.551381638197371,-32.60214494538324,-0.1715106430678726
46.86873440696841,25.33820425298682,4.678617161706875,4.673195169565029,3.5415560252952933,-22.831147984944987,0.44179592375391985
236.81638846015915,-35.91380494663479,-11.330333093024823,-9.224474852069767,0.8977350234979492,-27.905046456044627,-0.6509238604782128
-149.62227160311738,104.39892437564887,20.21386083158422,21.429206916576177,10.146177760442317,-11.705938063697275,0.4252166812387763
236.92062661652434,3.4065886377190457,0.014125168511579493,-3.8371160451450725,-15.660447467983419,-17.664498456787864,0.6505211208709416
117.21875077856856,8.815491143230597,3.3724878367076805,-0.340825593435853,-2.1818528053800574,-19.127164008049288,0.3115027621948445
-23.745301147694356,47.92825904645456,6.405311913529976,8.297005616619693,5.864996527533106,-19.623639155609844,0.6528351570977173
298.1372175976665,-34.10274556006373,-8.065087710396561,-8.340421453543122,-6.653246615026368,-29.214270735410988,-0.4242587664944296
127.50661787748751,-0.462916934863947,-1.4293741480919477,0.4315218206603884,6.13574150821516,-22.897809001237093,-0.8853480159601974
224.19660528026378,-14.472891936532049,-3.7010223405153706,-4.59848548483762,-7.15507636564986,-18.808852543857473,-0.23515676413982903
72.92018649503733,8.609337560984116,2.3600437241488446,2.988669949478372,5.510281089586066,-20.021558783642497,-0.4255380621179674
-64.72206370947701,67.58164982301305,12.190512547218255,15.54423161796624,10.708726068584916,-18.22885928230528,-0.051928718919068084
195.6343271007621,1.1772392380501722,-4.935463540721066,-3.509421306449907,-9.114441992272802,-21.778725674162416,0.6031133871608985
78.06806434170775,49.90588717657729,9.148959334263902,7.1682728798913145,-3.081403634412406,-15.636895381494261,0.2732735544431983
16.786958936097204,49.43932002108441,8.667553645002132,8.31159654259125,-0.16344505853332825,-13.45495809257627,0.488542048698081
-30.290492041235026,69.96771887773004,13.516189895086693,13.874025635400185,4.982984144333305,-15.600349503751735,0.21565823200161785
103.45186254382456,6.631068485394412,-0.6344781549080668,0.0320913922522137,-0.7571082097169357,-11.318894068103457,-0.28335143555676107
89.6361397190175,59.37658020755359,6.925068878724792,7.528310913637995,-9.532056095580222,-15.655388243480408,1.0811783977812035
150.0133028897776,-7.4488229245835305,-3.326010043876412,-2.114740969969522,-3.700963222933133,-21.03914571749844,0.26139307152820934
21.007309357864465,26.501543342370038,2.829527044838557,6.005517908779944,15.301737810641466,-26.385323903761453,-0.7832248328844921
-29.340577165185003,64.5999088979333,10.138492314977993,10.595707167865198,3.2883526094219335,-12.020729692220838,0.45267489732922433
-60.4839114501953,47.33265092331476,7.63965690819632,12.766917333416362,17.60299067413153,-22.060174291414615,-0.6407752725505742
50.958041632492034,46.09127171383614,6.1424345529069235,6.779974552989027,-2.262367527855118,-18.161704262017487,0.8360804670063163
74.28338225741842,23.635990904044608,4.971273714312904,3.4602431030149825,0.07069350875904565,-19.90853433563365,0.3799589273229759
-17.330862875918047,19.414910409653714,-1.0274299801299387,4.485251995064391,17.489418912907514,-28.102876566578313,-0.2922524492346362
154.99406989317825,14.270947613828215,1.3389721218991113,0.16755341375765803,-15.138766448085008,-6.535228008953817,0.6873928273743288
139.79219787901448,19.124677831230006,1.411231974826819,-0.25021280078609004,-16.62076462322984,-7.390087178396312,1.272623937924062
92.61961483995833,13.698379660423045,1.3894300841490943,2.103404889793642,6.853847824240814,-25.943505418776155,-0.35279426652890916
240.89602792821807,-43.11740975904093,-9.217715976691853,-10.845694754523079,-4.3456748585613205,-20.765915433094214,-0.40599139645888654
263.4609531057136,-40.58731866137797,-10.8957840722788,-10.341736352719213,-2.816378673976368,-24.912289906341748,-0.6922888597815794
85.93353274120464,30.555898272922065,4.225521826669918,5.073164982827909,-2.7401617263230382,-20.54383618712986,0.5477808707855424
-44.46792915475803,50.89140370171346,6.561902099676047,11.974270949298015,16.272754549930863,-23.65302943586495,-0.5433211907673665
107.20309098812,4.953231137436449,-1.8862940117777223,0.17668173849473934,11.35082355275513,-31.912160950165564,-0.5859124302476436
-1.6923068510348762,42.534334141948236,6.655456746487657,9.608804753410945,11.389348447167635,-24.632297956582743,-0.2388612193109682
350.3997754156014,-66.56666818730264,-14.26175333397452,-15.801217082349655,-9.177708945550394,-26.263676001686367,-0.551690778351158
-5.56372228700548,41.232489621135755,7.0130522473144845,8.258957040569488,12.964747107791622,-26.352509589629264,-0.18656932831278464
-10.604367713289443,48.4007008400311,9.6293765798667,9.18704165531047,2.5046751730068295,-13.19263307569138,0.42629595766111944
100.05254026626426,20.487500766932726,2.3350524171374274,3.970585040236894,4.930314016026756,-24.082853829240428,-0.43536283586729024
262.61404818149515,-29.74557315756475,-7.207678053953697,-10.149547527348815,-16.169760368813748,-16.068018998870674,0.6416098298168598
284.7403571480487,-26.45916227400038,-6.584615400766407,-8.3740920170447,-14.582455663083863,-21.31810168834169,0.34752297754350264
16.36484793947243,28.646742708978515,2.301117662289995,7.126666188487241,13.764251431027736,-24.707596399759197,-0.6434704596538975
45.97083144096583,19.36541263343963,2.6386950271400957,3.1477991874825655,2.083802693309746,-17.41618563615921,0.3306751200450627
119.06119101510185,31.751789147470884,1.1713653170569753,1.9167082426575524,-4.269721188342135,-24.400081178911353,0.875750996195451
129.2530352712371,43.661795028691344,6.71751135413594,4.8983472335315685,-14.577202530783397,-9.441296594286726,0.9207032706680548
-48.38473703446687,37.21725353859242,6.226273412414402,9.775903845056352,16.069809160005587,-20.443303736267993,-0.49355796748497716
247.73281868119847,-47.928869273152785,-12.462862670925425,-10.799148269420709,2.028577840510593,-29.61753825547322,-0.7633093409557347
201.5598958519845,-26.438023546928104,-6.6045333108698765,-5.429284756067914,5.535979178679508,-32.7418377230583,-0.7696827058980459
67.28494284477148,9.1499943800949,0.5923804219425822,1.7087266169624733,1.5272007009266344,-16.857617722757407,0.1215346511216086
36.20721285098579,61.74751108269213,10.278625765660015,8.377955508582696,-4.110694839034468,-13.87568740661729,0.8939412897952929
-40.65312209028023,61.151021337099685,11.123113566793124,11.492368864960493,1.151157249024988,-9.37980879323654,0.6104570964479459
67.19299224628995,41.713705334410164,4.422632589274407,6.513559271787648,2.419361025484749,-23.55321895169653,0.1788575249616352
76.47374020864895,-13.960895662895494,-3.824022178643834,-0.018495289401901253,15.08680068077913,-25.427094672576352,-1.2870966765221508
146.1196873779249,-13.809578806792318,-5.019051142860687,-1.757964752689155,5.360597254155017,-19.57752831500178,-1.1337402644355572
18.1063767927249,4.9553188115648465,0.5399177348733503,3.326489189951665,17.555293843535228,-26.448490964730507,-0.8790610004021242
103.07325224440109,32.56294422596939,5.794629730992521,3.8436530196124625,-8.86684573246489,-7.477658560530026,0.3695453121037439
-4.588253607130837,28.1316684469048,5.076378837387476,6.147054027231365,8.916321064698376,-20.397810629308832,0.07167749623577054
258.62282745767584,-25.41406495969071,-7.203321610425228,-8.676645736175308,-14.10283723458378,-19.41975831950615,0.538004005090477
-7.195801421501318,63.79044307742055,7.635057343511245,11.416203761956496,1.4516344451981673,-15.229784347001418,0.5224791091929519
193.9793038774885,-12.958652555600244,-5.173487553113966,-3.9251297150082247,-6.354072584593907,-17.15992785967301,-0.0772772524546357
32.82347256812175,21.27639376824465,2.001807020735751,3.5614821138547916,3.0898328124676575,-12.965531010217068,0.10836733646548831
308.67764447447854,-53.49116207144666,-12.196644006193146,-12.655685837987267,-8.721063714420012,-21.607627817044932,-0.5850547716796367
12.823208506153607,36.430687167859965,4.87878863880819,7.901203993274918,14.601656793535295,-24.30882639945004,-0.7847726480872719
213.59184861753013,-4.188630379479715,-3.442877791915185,-3.91138045093773,-10.499479433199022,-14.642263815522517,0.05600392332155141
127.46739849322125,43.35923226858502,6.713294200873335,4.55252083834901,-13.840277793932657,-8.811168432060018,0.8079439709464986
84.18450736817674,45.40476106313049,7.802938550423911,6.3819540364037115,-3.0348308703173075,-17.65349641265379,0.41236290353330285
185.86900242299697,8.475991676006469,-2.2597584851179358,-0.2484060644314711,-1.6898886201585817,-23.931002202298572,-0.38891060088124346
235.6921176808908,-15.76451100416315,-6.244233921596634,-5.113529753257588,-1.688724009730402,-32.20491656465703,-0.2096934350777384
178.6019700167611,-33.66809790258194,-7.9364963035886955,-7.351256779425421,4.695427737684216,-25.860290521470326,-0.6323106047671428
42.18556957800649,31.56635956981592,2.231226926879742,5.423984800092571,2.8523023943697035,-19.869484480840345,0.31734040744295566
26.458350259235576,0.565240602774981,-3.391772847820611,2.1206681392641125,19.66559678148734,-31.285244398250914,-0.8812756503904894
-4.488318295233779,48.2488561462615,5.141079685634282,8.88969712072437,11.260275527332086,-24.27293549436316,-0.0506298877797746
-55.097040047715744,52.75175006757219,5.892151625115337,11.818474392326626,16.23693408678519,-18.877910633802863,-0.737727887757319
146.40711484370894,-5.891844479594249,-2.9709913776838066,-1.84550598848108,0.51229477086306,-23.961953176063815,-0.1109846634562565
-30.506333533498953,52.80925394100524,7.2849626595879355,11.285424972008515,11.072253408416222,-22.16522119704784,0.006183468952959026
243.45542224149958,-20.39825264144401,-5.693461549185475,-9.730598664867953,-18.357896233042567,-14.988818828477125,1.1632192859477701
42.4229045269083,45.10736082570745,7.431074957848352,9.129736628219982,-1.6705498681075124,-16.02304533039639,0.4730682573952902
-124.56422232661592,74.317070951904,10.814932329006732,15.107851548630368,10.603731261804956,-13.72985617390251,0.5471782404187865
4.189390401137581,36.16588459798688,6.0264691959742915,8.157233801186473,11.309302864451055,-19.282504650973138,-0.612377340208488
133.97372580836856,17.871281216972903,0.13273773648183174,-0.5654467723113106,-3.615095364734897,-22.14575054122538,0.5396008826150456
27.916076660267027,32.39364877322367,4.615020317654948,5.933430807709659,6.120256881486673,-22.268297829740998,0.14067563683049394
-87.20906632748581,56.98767672485316,10.493007607330982,11.776727331270965,10.230314342493804,-12.497950073792312,0.18135131770899646
291.3151715682758,-68.80360802125212,-15.420529419817255,-14.75811695465382,-2.4325322681496226,-23.11595479133826,-1.0205512015003475
76.48212094637465,14.51041033642558,2.2940125258191038,3.2498523677990607,6.099330193649485,-25.80915629805747,-0.10847507558570958
170.70665050736804,-8.900459221098947,-4.1042083103473574,-2.5848955935153985,7.2340629861464025,-32.26800351040099,-0.7925578298990437
130.3137923437291,20.371125871928943,1.928134184183132,2.474844149089909,1.9322700812416937,-22.34453200941466,-0.41121489974169934
103.3919842317071,21.29543439124887,2.123700828662391,2.9166669418030278,2.5060861532979386,-23.95568408170322,0.03552538993407634
180.61799671168686,-29.14931180283943,-7.572869414668944,-6.8344699441667185,1.7790262981250757,-20.697028872801944,-0.6813540018533948
5.363051356217283,49.17945646873478,7.499848286681113,9.012460301645842,5.743043906077586,-15.32426313172666,-0.06162145579113387
175.3019645552196,-17.35327254971948,-5.8561782611961135,-4.923105544469534,-2.666375178437564,-16.928162923939773,-0.3094650213189963
100.23777503727275,34.93263823718917,4.5077695958516815,4.559966420121596,-7.587071452024137,-14.435438940468924,0.7678234967939966
205.77460771499534,-18.06852309847983,-5.762190620578098,-7.312334668741221,-10.54471090842725,-16.9319621110411,0.5488890235429927
22.453934199718773,49.523321790372655,8.074206828880826,8.28566175113782,-1.6233731135608507,-11.88378865084632,0.5341478761577924
-10.514402818384884,49.74890218733689,8.322329057040417,10.787311282566936,3.2900872876276663,-8.839042222732937,-0.17695373195916297
165.87344541369478,2.888896037186584,-1.683957159105274,-2.4849159894887016,-7.495607666391557,-16.820132788141965,0.3420095147131666
173.47733075105094,-3.277125656170417,-4.4752818784527335,-2.6850308033351094,-4.604490016127872,-18.826887110662007,0.0043909375011906
112.97231211188347,14.068535603376292,-2.068234794082102,1.1493582457170075,-0.6766974680272505,-22.751780322891474,0.28881443129948564
122.89072814841794,5.220390305200667,-0.6336943307681168,1.0899603867039065,13.353828755309694,-35.78491226707441,-0.9265205619091977
284.51542342331504,-49.87376922693819,-12.49287323268838,-11.980124418109913,-8.46577545067493,-20.99529531218206,-0.34982895685464876
87.87575574005672,-0.10305409449083067,-2.986741770629541,-0.3346008872286023,4.32482184770999,-15.790009851583715,-0.44622095875564766
-21.70284529405715,34.49413702278027,5.075075597722978,8.624638540169716,19.757240011086992,-24.458181030820608,-1.0614127248767278
87.08063509351736,-2.622051039202756,-3.167740155217708,-2.029236590486903,2.0526813397760026,-17.400246658037215,0.08643227212704309
177.45473833158462,-18.467052017288083,-5.139172712374395,-4.820606808858092,-0.7354463310706366,-22.04621409602819,-0.2958465283109344
129.39134604578857,4.285345559116655,-1.6074511259521966,0.02149879659665052,3.4788106226548723,-24.091603659496144,-0.3899895723719034
310.023114214738,-40.313213126265914,-12.899319833801236,-11.21794510834049,-4.590738037426624,-32.047366311679745,-0.49992232999373537
-24.823085047232702,41.985263536104966,8.530294725929302,9.365192384942695,12.15206517748399,-14.402663378915749,-0.7434239847502871
112.99566739623376,-16.389837020297147,-6.1758744220712485,-3.473154207271276,9.338162865455953,-26.998181947605516,-0.583445078694946
170.25127152763986,35.92056341404658,5.972064341810198,3.015005836524911,-14.399916811260194,-13.639235378973156,0.7308357333312457
212.76467406479586,6.80349786446474,-1.6715216771462402,-3.190207186028565,-10.753100340524101,-23.346777784138066,0.6997790813089755
133.24071743098187,-6.629977709122171,-3.905713822940122,-1.284031475867993,4.819179377537218,-20.759890549387837,-0.7683562223730072
-77.84820034339069,52.53324942351697,7.6232106245670765,11.760522965830024,17.57618574205753,-20.526018511041705,-0.4276830627126167
124.8239483880485,21.65095263647115,1.5974339028761517,2.6517386034009305,1.7995124566975098,-29.25141289957059,0.16802552111420668
265.20917947314035,-51.0506598804739,-10.978402323410265,-13.275530761059038,-6.028428949557375,-22.444964624530606,-0.16839452738632443
132.75550279531583,-9.652059932550015,-3.7757078661820294,-1.9524267253737004,9.638593350465813,-30.185423828702024,-0.7529395296950042
-54.86766568952159,76.99529675278633,10.497263764706206,15.251904506699534,9.008995728098405,-23.196911202314972,0.528135899674367
-134.72694946156818,90.6609165376098,16.69526031704878,19.131912215484302,14.132759335120213,-15.816800722634154,0.0969648079548689
33.214998927435936,24.132813432820672,1.3506547091450547,4.446887061961099,2.5684779568016145,-18.596137155750725,0.4503236470029048
132.3531120350858,6.663338797814658,-0.6686128249899009,-0.11368891173727726,-2.2938561489611327,-19.323542524275773,0.1794884142122005
-117.33124262538117,86.97120805627192,13.235031494558655,18.089263548167477,10.615834465819272,-14.099393981288111,0.27693919059623856
229.268705216751,-31.583477002868882,-7.742738830590097,-8.956503511915189,-4.332440345605419,-23.526859403663124,-0.10687920970694699
-51.75240962802018,51.49144138555014,9.783796795781079,11.824974942979146,6.4219715578667556,-10.747759904447992,0.04904467155519417
-33.143124552079925,69.71404570776093,11.750283583376367,13.271546366504934,8.2607835444353,-21.840934722302098,0.34154065608326833
131.35116751018936,19.982342224954525,4.260533399046235,3.264818656321947,0.6911839504266964,-19.562216439802988,-0.48640143452833146
27.205014717688137,56.770845012127,8.41003621317969,8.09590542691422,-4.323970252482843,-13.358709684128192,1.0288943951507095
136.20260335046223,-10.02431619767095,-5.284509473727367,-2.4524400702052582,8.796490663838199,-25.53513887596509,-1.0059820377777113
129.8021240403505,25.147566182434275,4.479418706952843,1.8857525412785905,-9.715975474198878,-10.965462258555071,0.5001941929866863
311.7557757272464,-28.205561048583895,-7.878610836780161,-10.603001547762968,-17.429022471608427,-22.78398912258251,0.6785152444392754
93.27902354211264,6.389396885489114,-1.9299863310088508,-0.1873432783439069,-0.030609272693005604,-20.267960193396092,0.3740152219756591
46.037174034728096,31.902539421238814,7.2174804209543035,6.33326277343939,0.15466036020829824,-11.690139457516457,0.03554701433962178
60.004273163953414,-0.3948214945582534,-0.2677280478967943,1.3654663179273296,17.395029388900333,-30.410883512783872,-1.0635909486076234
241.53592527321425,-39.20191660982083,-9.962101755831329,-9.293514615494573,-1.2696072280633899,-24.063549801580727,-0.7547526755546162
-47.15560039480785,72.36276706360145,10.58720315969298,12.534736223961392,1.3170897428690522,-13.842455030240554,1.023714007159003
28.199621099594964,36.23269651450916,3.2959826807808716,6.783797576666974,6.840934997884445,-23.889746017290065,0.14500576526763742
221.87793711136615,-35.98252073050954,-8.821756740132058,-7.828768354847985,-0.5922189786393967,-24.360069806623876,-0.6207040933240707
46.625847646007706,53.815446235277086,11.575117567966938,8.383966435703472,-2.561197534796779,-12.716500684492427,0.3857740591718916
101.85040757875554,10.788118979071,-0.7322911368030237,1.923985359001724,1.950383461212953,-13.560611584758485,-0.6319831493414981
-162.15493595498856,96.23888131270952,16.53946584590729,19.525672916098173,13.095884197934913,-15.88713760790312,0.6317113231621161
73.21546748554124,30.27632238742738,3.0931336664944267,3.4552386170984537,-0.336380556960549,-24.4055446097595,0.823404118213091
69.68822173242452,3.5243932544768186,-2.3426952394131066,0.8632987908037806,14.22365153834607,-27.59032004326488,-0.9075433090137269
-67.72958152443712,80.63118853521699,16.856376869694603,16.028051559694077,7.57482962426257,-14.799803258974306,0.18178917923509977
-55.16253089691254,47.89705338792661,8.288606377895157,10.71884643767127,7.769466075419886,-11.902759112999505,0.08081101242327854
-82.47758505344274,76.18625016585084,11.968966512208683,15.602406917433585,9.534770313783723,-20.230057862202433,0.5697240730675338
75.0353787187342,30.091427674315266,0.9225234723143783,3.9887332425989257,-0.6199503170442965,-23.98604065663718,0.7323718407056297
164.65120365527096,-10.587565705428553,-2.2856468813580566,-5.119629214010037,-4.747331663437971,-14.825927355301038,-0.041360501160546084
177.96331651263307,-9.14627542106149,-3.748671908137964,-4.529481717527393,-3.8910544883083067,-18.60678297419373,-0.11649185660646891
73.44124455448572,-0.5818766143362358,-3.0793368010461055,1.337025013636826,18.37185603666224,-34.04353370967823,-1.088245519825026
20.989433998328696,17.410366216571855,0.5427094150313431,5.3137012951307465,12.458867774403716,-17.633944700754842,-0.993658375201506
11.810812245930112,53.90433383900664,8.031489543045895,9.104416454969352,-0.828430449018256,-12.581449990058324,0.5843291147231814
-15.794343817367531,50.75121548560734,5.626978317180738,9.189455237661154,7.3218254220241,-18.512633695818412,0.23023552283970716
151.77966010099644,4.371402140475946,-2.4529985365157096,-0.3039285453421311,2.243645536442968,-23.059086957785055,-0.5111269423864719
91.46833318026108,6.587294472651398,1.6219368795775566,2.4818928319305957,8.243814873099364,-17.484008786450215,-1.22163931347739
67.28534945010513,36.710707953155456,5.268189527876765,3.9261577340437346,2.1105469753759603,-22.852455355550173,0.44347234191129936
-84.53769831352855,82.0414524855453,14.501570656405791,15.633027307626918,6.7955044296122695,-14.827456406900732,0.5779126234163069
102.01623247298188,56.94950041430662,7.597046692941892,6.797173468626503,-9.790989685592972,-16.119732661108362,1.0342254977006424
-90.9395958034712,75.44541583277356,13.946863096657053,13.941710036773628,6.441924472471803,-10.965148343142259,0.5884052312202047
192.41819583821595,3.9419009251915296,-0.2955901489453632,-2.4911307359623427,-11.15080118130447,-14.218060570302699,0.3198425935812819
-13.896145421887631,34.90191030723988,2.8244807385322894,8.225231180985515,16.04403372995241,-27.890853081479282,-0.3780187338745767
137.62233041260538,16.671811008351,0.051056451140733476,3.252098200400493,3.0399439669355854,-29.192526453014285,-0.3074307948368851
166.66950920834557,-14.663948162933275,-4.877055519086562,-2.880268103128306,9.878483482852896,-30.51889023865354,-1.2028269260886288
182.96129963789357,-14.443347787782148,-3.7333764723319676,-3.354786700323397,-1.3570362059573295,-15.355068187113176,-0.8656367447501161
231.2632766996229,-39.78551748789233,-10.494430502616872,-7.3455831911304195,4.995832755000191,-29.673522042199888,-1.2348843612548623
-17.922583798715205,52.34611277645065,9.77840600677858,9.738002042222039,1.7897532246598051,-14.3444121161651,0.7206682593656598
216.09745525996698,-20.324502731969428,-6.440534222388934,-4.481507530898872,5.83252010953941,-34.02986764298724,-0.9895193756714054
21.865336778502694,24.31052176807125,2.955970083450702,6.7886039852905595,14.129647001858563,-23.248312019124377,-0.8858795858186554
232.8172716163914,-10.74400715810699,-4.631579062878174,-5.631406064956577,-9.83158041409134,-24.580651422628012,0.4842000641574864
175.42535653014608,-21.59253910364774,-5.1831395956906166,-3.5143920052165836,8.301712892788373,-30.314266411041405,-1.0768614780883912
146.6343015513158,20.693597663276865,2.3361919154450046,2.841376521234587,-3.4684284149302638,-26.09111462823663,0.35495443180405345
40.92583811658433,12.95217340655981,-1.2301551494215084,2.4318465979463424,6.010743031056999,-19.142068928550717,-0.05536260507275689
-142.8752254752284,81.88476792967519,13.095161965890505,17.627898631758107,13.735552409427722,-15.723204804032743,0.3599583876248356
63.503218145211605,6.31798862290583,0.3153030771695412,0.595809982154884,9.845612284008881,-23.03953279769722,-0.4881530837666483
30.63973622361281,32.73972435474649,2.7838721299420963,4.355183265531323,4.273038082672317,-25.120044901932328,0.7854233070839394
128.45500833507077,-9.703012388262264,-5.4013147285212915,-2.4324840853626712,10.62102626543047,-27.304761246190303,-0.9915295010692946
132.51223665878436,15.025154644101084,0.7552277371967411,1.3599948587256385,-0.0077959226912885,-19.432802744408978,-0.2714987780446773
228.32277023899286,-1.8389397455293444,-1.9807677853003671,-5.578331465631793,-16.385086379344106,-17.093444633424102,0.9970551924060671
143.10288984925765,-4.495448760552266,-1.6241712006716562,-2.8943867022498297,-5.0911040835599355,-16.955531363786076,0.30298907078287857
-13.73262619439255,48.47104061618325,10.203095421955341,10.812982954942973,13.290708794971218,-20.340978251581642,-0.7102181464409332
168.2139858787335,-23.526864982677164,-6.517986362784159,-5.137166316798128,7.20798812978248,-27.84595764792277,-0.9053548894270211
178.60117459921375,1.5896361062641242,-1.7034716759955169,-2.139448770015953,-6.315258237021756,-15.106144834799059,-0.1027588513400937
117.84834528644735,6.411249482940164,-1.9198997968165081,2.411254308179971,8.766587959115343,-24.984165955813566,-1.0783506306018027
231.0220561606338,5.043698131549043,-1.7838756405243017,-3.86596183216426,-9.143763530012112,-28.146094452433264,0.6216489682350357
29.736370187739606,21.203181442974614,3.5236992713569903,6.046765459006153,13.25842586961035,-22.506665619568164,-0.8848263103045442
16.702011170049428,34.096814455279926,4.743525812053322,6.804760208302399,4.684533501219066,-16.2472100397101,0.14403519036389814
30.53112455595189,29.796733560380986,1.951149415650615,7.163733501590694,11.080496306116821,-26.00047923358362,-0.4330400660483689
10.037325108092332,51.83083811091049,6.23765501133211,10.248551112984662,2.2448141721278163,-18.578990156257305,0.4781887671682894
278.7293795733118,-42.655062920977535,-9.227934331132285,-11.835475163114713,-4.5672291186529,-26.423832922141063,-0.37873583834746627
22.437787889534754,39.20929595605312,6.5868224977825856,8.291187462534511,3.738236547412709,-19.184258630599224,0.19296147451447318
132.69532346873183,24.510408696543216,3.0655875087330724,2.794265204878001,-5.515020615402751,-21.331155791807145,0.5097136879802281
300.0708301668645,-30.572690410361016,-5.421080441078271,-9.872340005816326,-17.06375659992514,-21.192126627425488,0.6075373556849742
102.112064263562,-18.487515934431347,-5.068915762272216,-1.7124703395992742,11.08433641865383,-24.68727200429978,-0.9988139254220505
146.82204005816237,-24.653140084401898,-8.069908316745662,-5.9569457778432575,6.822816680807611,-25.5880486636792,-0.6118610488194545
87.8962652814116,9.00411725295428,-0.9830759814812454,1.8930416254776063,7.104680874931325,-21.325926154075823,-0.5855444325814994
72.69034127634485,22.003765505378134,2.391104571329422,5.221017133583517,4.839758043783873,-19.95911891560539,-0.40463303450851307
102.76919123649697,-7.377366321038961,-2.371981123496988,-2.2040475048470634,5.556736619113346,-23.185978785267523,-0.23515814796540666
123.315898300794,26.275595163165043,1.852924522646277,2.242116353689849,-4.008802327203997,-16.668781670068036,0.18359958978917504
27.832744670339135,43.822810550279556,7.0762033585294075,7.800794759714867,5.689122332459029,-19.588733756117712,-0.0009444680153421488
83.16831541566462,15.731164651054586,0.83613651690852,3.077917407840838,8.090618106654514,-26.40492416851639,-0.4516061392316392
39.67705841115333,45.105904956922394,7.235489277696366,7.915016349811922,0.05538407913485459,-14.046890340058203,0.25139763788421615
121.97545038183563,22.051701643114363,4.244066101280646,3.8469196952096487,2.605640215059233,-21.58011917043176,-0.5794822749656063
-83.49150611462173,43.343007429817696,6.626612708691361,12.447562926621494,24.218631645858974,-23.913276479037403,-1.1344524142102173
74.48410400135339,21.645702693487962,3.569802679429082,1.4176164769762876,-3.3376023715057146,-16.345273749434437,0.7921959108168317
120.29917856862835,6.251565487568617,1.218981477504375,0.5471689891060022,3.089725383150532,-18.510586104477213,-0.5666818091385648
38.54815776180003,27.453807119040054,2.729629131918996,7.00621669409764,14.969019809308946,-26.20816172748011,-1.0059731154888434
-7.722690558306158,63.21897505791529,9.490866429051207,12.699783757315725,3.734052780797212,-20.60151136510001,0.5306084148428711
13.780881155283751,26.829284751775674,2.1979058678333363,7.251169482503631,13.023785916680282,-25.934667960622182,-0.48029932830825706
109.7410945369416,11.228242965360332,1.926045793192032,-0.5391357668532517,-11.138443529254253,-3.7538000607996937,0.5999715942372794
-68.9382376358566,57.809814384361395,8.444198659930528,13.382672997024866,15.13086944894953,-19.67888317743764,-0.3955392855652991
137.1764439962943,-3.180564618057699,-3.7650314229909214,-1.4382868470555366,8.74504239469643,-28.753250181270623,-0.808564697853711
196.93793528157133,-19.902350004806582,-6.876111731577809,-6.318775639822701,0.34117692357824286,-28.911794834448546,-0.07605390903699104
-58.93542743145415,64.45747302472728,9.034658576081833,13.591122921250141,9.677919987676072,-18.608115515951603,0.17191240237853703
132.99017388021028,2.6306316851862115,-2.738645320900204,0.06423590525750741,-0.3432765624328606,-22.576531200875493,-0.04086020600005319
165.26149498060772,0.50757295834979,-2.055043120815355,-2.935340567326569,-3.288013060258306,-19.40847576165947,-0.08302495027111176
80.1569102511651,20.067372460404723,2.6384425244883016,2.714764338941742,0.41159491485976213,-20.727983572884504,0.3331581036484412
-108.83410133625821,71.66807215457212,14.494992494909877,15.168659284474835,9.07189773779922,-13.087665908929441,0.5219819990707131
51.72759457019833,25.372824337042285,4.169276750414308,4.382321646583687,-3.3368917157010953,-6.89590729678361,0.22817721368609287
88.37279353624855,12.613139482413208,2.283997900167157,2.854136752564454,8.847070660958748,-30.16352597407491,-0.292206147911904
112.81289475315798,3.601564606317263,-1.8135858784801986,0.9509711350778256,4.99970142649744,-19.55728202564969,-0.7012596149976104
229.8439108065706,-21.051634772183654,-7.096361081680028,-5.645372766530011,-3.4981471927580876,-22.626357114769707,-0.5218432628767391
34.31111821501513,20.595395697509826,2.7421094836672824,4.656494963604937,11.389117709012893,-22.864083215339107,-0.5297456876777549
62.914284380401966,31.71122610071468,4.710407757282135,3.8870984377489726,-4.662381138600375,-9.10597901481744,0.45235607187155774
89.46725319827104,21.256263210045017,3.8757434717498067,3.947151191601231,5.069250085945594,-20.172739813834017,-0.49584575352045024
252.09871058786402,-46.666005352737464,-10.398777063196045,-9.944602012707971,-0.6819073990285535,-25.26299500951628,-0.8432526355881763
132.32313077045558,-21.915919154580074,-3.8441853134290067,-2.2794784863765067,10.097112072575642,-26.29093089973253,-1.140851747251816
56.69193621131037,23.591250009695443,3.7329489127013735,2.9561287954622424,-4.254315308485103,-6.095412123941982,0.3220079948736459
237.59149483898284,-40.38279395029184,-9.95246272744639,-10.521119398091809,-5.097769877482983,-21.48444820294565,-0.1875309967983381
38.11793667845735,29.007863274086095,3.597265803732606,6.01376514457748,8.364478643699805,-26.903791305088124,0.0462000208919156
-125.78825706546526,87.9114843027608,14.70810188294332,17.268832912398207,9.085212898116183,-13.1230848393609,0.5906176943146693
201.47957908307563,-21.179306033309555,-3.9257676989584076,-4.411717987337155,1.8917664990805148,-28.939015746985277,-0.569849637374545
246.6547050833278,-28.018104082126037,-8.401216881172791,-8.45032666814894,-8.746901140595137,-22.51018635485728,0.15360589336878117
22.201254061131685,56.757719385744906,10.085628249357148,9.95315670150181,2.423731069511185,-21.941110167187396,0.5403602856452748
110.04371035970219,3.710331668678251,-0.5355303105718079,1.1398170278286248,4.8905385068011,-16.409776250657774,-0.9309255342088231
2.047805426011731,45.637202747289585,5.2787017884533896,11.207895242919966,15.769487653998862,-26.628251901744715,-0.8604474275538337
232.4747479937671,-37.49516789832819,-10.515247350641884,-9.683737298168413,-1.3379149732590987,-25.548583264592885,-0.43951935818918747
-9.9692676318412,38.41457076736323,4.746461515810368,7.854512649227924,10.648652159245211,-19.762788070978708,-0.20562950550737388
6.305500285686907,67.96170077589188,10.27664633464709,11.556724362805491,-0.5006558047122588,-14.126384946754436,0.5798785034929974
-60.00090264774363,73.90619765841092,10.811813622361552,14.047513794831238,6.095680892150218,-21.160278780965022,0.9451039279551547
162.51837199459862,17.487808279183618,3.3053932202979395,1.3596011220819837,-12.734738663638096,-10.902388235408123,0.47560483724156843
124.69044849262957,4.930920800954588,-0.1682040307528321,0.39803621424239416,-3.125623300750455,-17.721499053663734,0.10360542009238875
226.6773230936685,-35.81913745458967,-7.249868793095148,-10.70197955016883,-12.493530840913907,-13.00845090023422,0.43244491179274874
257.9973266886119,-47.53232040140081,-11.641635989172714,-11.484838687458568,1.2070474447810575,-27.739738582968233,-0.9063867935366181
-59.83108457169479,83.37801042711264,14.73156617359865,16.566068751139415,3.231689197416859,-12.674050471406273,0.5221747707457294
122.36887278002978,-1.8041665499036907,-0.8216584312017746,-1.0711532097444871,5.876381519826742,-29.234444912419153,-0.1737346905354025
12.3437267048695,37.701477744768944,3.084382005675924,8.834431106485985,9.035379602698205,-20.536844330660777,-0.3267988151790052
3.2827392481495123,40.114502146030205,4.120778170770837,10.490200962634665,16.99991966613893,-25.689399835013173,-1.0928052243280038
35.16951564320762,22.426226030405335,3.0048585338155536,4.890167150947226,9.119489154319204,-25.74230280723308,-0.042231361394731715
89.4187557071898,16.913634877714934,0.2621546459183081,3.95200647565574,9.812360222048808,-24.204106177916803,-0.9320760694891737
106.33054518637148,-7.474322579501544,-0.8611318706132329,0.7775287216536263,15.169973119770063,-28.377919941574064,-1.5395224826742568
142.16990890557454,41.8560565738719,5.615515337053494,3.8762168392633383,-11.679806427679665,-15.486742175070471,0.8400869012126775
101.87697232535348,25.357274010803547,4.519972829646189,3.6733249648999817,-2.5898351338913437,-15.030176139713735,0.02289298056388833
95.95395913620712,29.616038963328176,2.6317874202226217,3.8986036182695645,-2.322564807038383,-16.72263993687392,0.22779102318151676
72.96391652340797,15.327071547640355,0.6976478770730096,1.7814520053541318,4.174916572931486,-23.586465066268055,0.19142293949692746
-23.367652499930873,42.18586857982653,5.632690825120151,8.235154647238613,8.89935940331453,-19.85319108039328,0.22295408809387146
209.69799092051835,-16.951514368482798,-5.640618736888803,-5.686766436662622,-8.271957834399117,-16.813535888636682,0.062366111821205134
105.77396604448303,20.76168921189631,1.5835781455428464,1.0337323486582182,1.0761473712315996,-26.110136270335534,0.4700600628768055
1.69581236400487,63.10372237470983,8.195037631852824,13.087211080958438,9.265133213766404,-23.283289561503082,-0.27292143557530246
243.09876681080274,-54.595782222232806,-10.938894862943068,-11.661980859499664,0.7959848589743973,-24.706744832056067,-0.8370860140033877
217.8359427988454,-42.59366578902621,-9.673585076787715,-10.747058689747464,-3.971513810170578,-18.67872623707921,-0.278937115722617
28.023124370249775,34.906024505859904,2.7298467294841413,4.590361016510489,3.5129605175071807,-21.098924922857908,0.608421129412429
227.3025631878349,-39.29416586173044,-10.092249133228428,-8.397475085182608,-0.314293710430717,-26.480647755925602,-0.5101512363710181
184.6110559361177,11.243378841263166,-0.3824634174645179,-0.5654087570722283,-12.893118413623077,-11.715712181009136,0.3834787160088556
194.72228697670135,-7.04857148526148,-2.4270047502799423,-5.259946828700633,-13.657807121710503,-15.218256026374343,0.9064911331220512
12.906030812427902,69.49931111586257,11.852123870294387,11.628200298816646,-4.489710683867195,-11.061881606902942,0.7713900246287206
103.33896970440277,9.92479983858179,-0.9755968660632838,1.8968884845707406,7.543934542737403,-28.745764018584726,-0.3744946155602958
-175.7729492927637,98.50106671284365,15.068293082452536,21.108657106615105,16.81945897183977,-14.882514413225884,0.08311777280780022
239.5078968719467,-19.98074294654962,-5.800586435408764,-5.852964200033474,-1.4539279196409185,-28.719424143509325,-0.5171838863757925
-66.9304787215806,45.94769203540468,6.889977222283228,11.307311222880326,15.913675087211109,-15.185151723588554,-0.7315772817579108
263.03534449621657,-23.767330137755145,-5.588975392573021,-8.567453829068956,-10.035179905471592,-22.456207049844796,0.0953230188505971
138.06393260419972,2.16332405198641,-1.0934429009222952,-1.4131829203972703,-3.5880248040174183,-15.561711170927317,0.07754523324297827
68.4783440303565,11.657627987587732,3.0107410163205754,3.7065790829767606,7.516057655785609,-18.260528280049822,-0.793953846438994
142.801288927157,-15.803492641484576,-7.352745390669726,-5.105391355368223,6.897913578881671,-25.377552701453336,-0.6163556065473634
292.3094808462584,-38.416033403546336,-9.55099125897762,-10.398419991430929,-8.209676386259254,-26.53800813600839,-0.1956791935589884
14.739634131992448,46.12605605816684,8.334874167699386,7.035543765059584,1.240545241386431,-14.930060261342907,0.5565488976183764
186.51055748927126,-9.491992945899353,-4.937296169454389,-3.24852813812872,-0.39604937728802436,-24.130790376306283,-0.4346400334776156
74.12685443870288,21.528834595712137,2.041715619618628,2.1630621443956386,-1.6752605721545561,-21.027294671463068,0.8560969049497258
1.5261184161373702,57.35347843673405,8.590453065962254,10.131385816745825,3.637745157310878,-16.88408715115725,0.34328401686856924
175.67647472059593,-8.405127610925922,-2.4881339171216705,-2.6091083876322183,4.746810716827536,-30.097438182594356,-0.6447829410708139
145.26998566942265,4.857600342994865,-1.7706088420724313,-1.1358193060055892,0.6035399541429396,-25.368988105059675,0.09887204475679767
129.16083664797057,-19.410546601935902,-5.962145505606655,-4.346135153336151,4.785261369046306,-25.12787407642491,-0.18775402952751175
325.3439878185184,-59.88473361167425,-13.55658007491492,-14.495754558941703,-8.801084303246899,-24.537351395122524,-0.4716819817479322
-28.97512933354305,30.63650518746613,7.551373441196456,7.893421477398685,14.266170527657168,-16.759624766082418,-0.711881838735721
233.6076182723895,-19.669057555963885,-6.872395345593965,-5.989121689508509,1.8709221687715418,-33.529615826215306,-0.5236643348801885
176.27421567134886,3.1336109016808353,0.07778477773107886,-2.300953519135915,-7.452201626387637,-24.090790565093922,0.7845623325219487
-51.14910793039178,69.43367696328767,12.34850674488329,14.259083413187389,9.831922045294545,-16.425516328910344,-0.20364815035750672
62.534690096451826,60.40221212265596,11.113144002278263,8.34988318406148,-8.523688145045783,-12.347605803424356,1.0728084117851489
106.60337712098442,25.986734518741304,3.0704435094111178,2.492986713531819,1.7599678857517684,-26.099955735842254,0.23588700404208868
240.80775500236197,-44.44519756444917,-9.663037639926364,-10.833611867664462,-2.1212650441078718,-25.03393423496924,-0.39007270185828663
33.15101415482278,33.05326211196107,2.7698848044756383,5.020595855617989,4.090145240894976,-23.278108109970415,0.5262626173897955
220.22928861256923,-26.63875490873862,-8.529099742718493,-6.014880127586709,5.0945330244964,-31.81112651090547,-0.973628193598811
269.6586665174859,-25.663677791436353,-8.637083770417993,-9.660167084264959,-6.651239387018943,-27.713600220139437,0.007889289297291454
254.07119849563762,-8.966245152050249,-5.257986169557567,-5.407601453252848,-9.110370556570686,-27.10897387145244,0.26256171560000785
142.50019640381456,41.03446497765222,6.063644151591702,5.163070663041445,-12.299257826196786,-14.305232348858377,0.7374075223548173
226.65463495478332,-27.745002639089645,-10.088553466264386,-7.516723321639386,0.9588843540960189,-27.078061298107762,-0.7121314417288166
235.18119831436817,-37.64152991482542,-8.86626829541246,-8.647169038688657,1.6673287229990439,-27.78676115810982,-0.8408272986454775
118.57460194493049,5.679516849074747,-1.810710688083738,-0.5952950483641244,7.252254203784505,-30.284760457520942,-0.2675689348581371
162.92128510304352,17.956741273120173,2.041813353088183,0.02665702411900137,-3.6900928790724343,-27.159706915294347,0.47731078936251603
-50.986544131354975,53.26068439517961,10.243263465954369,10.433359701790767,7.110207881961121,-11.933971137277739,0.17328996910236227
65.23101118360353,-9.293880124387423,-2.5119848445333854,-0.8645855609175738,11.940457817942796,-22.368128203286066,-0.7929547797742483
182.80902946568588,-3.2905551691948673,-0.7485384421953031,-2.753086401838573,-3.364735451306338,-18.234416590488703,-0.3382890096928581
116.83282615849029,4.582554137274771,-1.8535626538570384,-0.9189452371671878,2.5706411226871744,-25.410178416200647,0.12682142177617786
-123.55002916106214,66.51375752563911,12.075301833086735,13.683865012071347,8.533842877922012,-7.362180396766022,0.44431704893970725
76.69724162008568,37.819656644513714,6.324996084945017,6.591489590213315,-3.970281843280472,-10.571508546524903,0.05998715250101989
181.34313878344514,-18.560062189748898,-6.723362977274552,-4.577878751383832,5.135457610009409,-31.699481736120767,-0.4910399766611371
21.7789994927747,62.49558773383119,9.460977700024445,11.141924664196505,-0.714793283408644,-12.255541955537547,0.23030325754572792
77.45210394190785,-9.481397376172342,-3.8783349813619368,-0.5071164549398398,12.85801110987427,-23.30120149065006,-1.0582167983722706
133.59447385594984,-7.651905555315602,-3.3136540210419696,-1.264640820700194,6.944549642539262,-26.35345404135164,-0.7044274245571391
262.4495957735691,-26.932674707176023,-5.150154479981897,-8.702400946410235,-14.26138044421813,-19.106442058149362,0.5124787386730939
160.7837283797182,28.01992413976961,2.592753827071133,0.7774508386412508,-11.362406787534962,-17.16066976387714,0.8741802017207277
95.7306663465035,31.942104437901904,5.632629476763815,4.538935171774383,-8.250143089252731,-13.143402822390328,0.8102412189903561
-11.166511693273073,39.876693124157896,3.3721162473109114,6.854334823880539,6.342669715351361,-21.368489109320407,0.5880272885342197
73.87913126521553,24.128522784315727,1.7902172647952572,3.6132816599819835,2.0576655466618603,-24.445586422376483,0.45704157670916395
235.93276792926133,-19.68731480388304,-5.12652551069665,-6.041746742631571,-1.0933348907542872,-27.627651460289805,-0.5904796860870072
137.74298021157136,0.5531239807278296,-0.23179082916238028,-2.0412608575916926,-3.7724040663224607,-14.651449282970948,-0.008125948854294738
226.45609528661487,1.7468704164649993,-0.1858738109209087,-4.500334909254903,-14.61711858645379,-16.268336338329593,0.5775587144722508
188.13195283897846,-14.887455137569312,-6.658974287276396,-4.812295442098252,-3.2105690336670687,-24.962556640157853,0.1485816874998253
197.2003269211361,-37.522644475349466,-8.620636388789547,-7.310036447030209,4.399447173774808,-25.920703296493446,-0.9045333744312349
11.539766209950812,18.600904068091168,-0.5497834699007998,3.7679629108958124,18.33924783436589,-29.906758288665287,-0.6398803644949868
-57.49991233004187,85.93806476625221,13.503036392405406,14.881333335566923,4.123829523815927,-14.140045946088382,0.613287763167674
136.0101523052394,-23.247702677752326,-7.255804536734073,-4.702065112459481,8.914221903901112,-25.2967305450965,-0.8688642012412657
-11.092677764713429,16.53831313198391,0.5297351271651203,4.415292454189003,17.87227767833227,-27.2754913543666,-0.4947902292105819
37.77197205283486,12.810538503808015,-0.5844953679891681,3.07543452598776,10.363282337489228,-20.22126220490003,-0.5215585215203142
118.56996177831783,44.151143254049295,8.466438348067072,5.130805846129326,-13.584694764195381,-8.921434087694161,0.9000973656914949
-160.18740099740157,106.97297606420143,19.734543211871305,22.817466509937017,17.50830636554733,-20.045770890302254,0.023788227958082952
23.717194410273738,46.712505281202354,6.881340196874467,7.762821679666158,-0.4262622052937984,-15.108199568328661,0.6345940308605678
117.96875647723817,26.339091181795926,4.394334317250965,3.7300771450176415,-0.7423545623821034,-18.679115735425746,-0.18886750580979328
131.35674152470503,-0.6818232820634047,-3.4537080125992774,-0.6022805072266884,0.44059155139101375,-25.710832999098173,0.17789624565794282
159.78335371551407,13.809829290293544,1.889779952316606,0.5970185192115615,-4.766387607225796,-22.01078642980673,0.21927613260367396
241.51736531893843,-35.94982876364519,-10.71584680798099,-8.165697607016332,2.8065507505717675,-32.711827754512065,-0.7297618086110305
53.718051762275664,48.3564795758405,5.163333336325906,6.460251991587647,-4.4488531117518475,-13.98820097066291,0.8058726961679566
265.90099642314425,-52.24014086270047,-11.053930714153964,-13.493142874212165,-6.259781453671367,-22.34098770638831,-0.1398580352492636
224.01602261053105,-32.95531624109904,-9.983134011540361,-8.2613304381946,-2.9437748296329147,-21.16227998711708,-0.5133628506141967
195.29458769312924,-6.9725523656648845,-5.231366663057,-5.401234160344621,-9.320390135628339,-21.26254551202259,0.7240339813138852
-22.14895144179313,66.53736286150873,10.591761878401933,10.888453731943873,1.4223796848519301,-13.379054977930299,0.7421278375929699
234.89725217351034,-28.581914429288023,-7.873218227402719,-8.168049704520019,0.47334496127179404,-28.055645371177388,-0.6038230732701039
-12.893369157513154,48.68058445317673,6.611831535649049,9.647603382030457,9.063017594040124,-19.384660126326565,-0.02339544328728608
153.42715956164034,-11.837496601136454,-5.643579493403843,-3.4368064261441433,0.5071429946867505,-18.704654110425864,-0.40078176761802564
-18.2294460977362,58.70273834285396,10.880260314661388,9.921355143059314,-0.9897751192726016,-8.007723832571669,0.6873679680140463
122.42813133954891,1.5131708385483735,-2.9903194273699545,-2.282992036411402,-2.3042352130990698,-19.240910917402335,0.3804749862286382
-42.87111605481347,37.93069507723669,7.489119254387764,8.173584852682794,10.317969178709772,-14.00057682919941,-0.13769598169738118
156.79598374112663,2.7382929983515116,-1.639208202737698,0.5126684555070815,8.603938687778708,-33.62263451413844,-0.9036536492803131
237.1636302360629,-34.67448049540195,-7.8347596299932984,-9.279029172616609,1.0119564602190465,-29.791135412974732,-0.5333231645368003
3.8345040141722984,38.61405505371271,3.206860009406862,9.149327381383873,9.854378319472616,-20.426693076175123,-0.3550164342996812
5.158900207542284,45.171979096239646,6.7511587090254,9.835943720304932,12.01434899585877,-21.33222597168629,-0.6512227989318121
102.11383946468261,11.028156824279863,2.0415573259775672,1.0983000854202036,-5.999984448666949,-7.768337576841101,0.1423966025510056
67.77002487485296,21.62177585355142,1.755713677706288,3.6291614200884874,7.927565900953798,-27.567114038177007,-0.07312748093916333
100.40632206305234,46.16871935332752,7.47397179537697,6.19193785994259,-9.741593157061798,-12.271539342198404,0.7941051238956475
159.81192167399982,17.634170295679986,1.6564141650683606,0.323032862602031,-15.739982359896247,-8.6642103418913,0.8769127776978468
188.13147551181464,-18.95686176437182,-3.9670414649741526,-6.539986051459671,-7.035430340124449,-13.078143448447946,-0.012238540663963798
