{
"type": "FeatureCollection",
"name": "colegios_features_imputed",
"crs": { "type": "name", "properties": { "name": "urn:ogc:def:crs:OGC:1.3:CRS84" } },
"features": [
{ "type": "Feature", "properties": { "DANE12_EST": "111001000078", "id_establecimiento": "111001000078", "nombre_establecimiento": "COLEGIO DE CULTURA POPULAR (IED)", "nombre_localidad": "Puente Aranda", "codigo_upz": "40", "nombre_upz": "CIUDAD MONTES", "estrato": "Estrato 3", "zona": "URBANA", "caracter_media": "Académico", "lon": -74.120450000284819, "lat": 4.6062700003680606, "codigo_localidad": "16", "q_j": 266.48, "puntaje_2023": 265.77, "punt_global_2020": 259.76, "punt_global_2022": 273.91, "matricula_total": 984.0, "demanda_total": 1078.0, "sobre_demanda_j": 1.0955284552845528, "n_hogares_muestra": 2216.0, "poblacion_expandida": 102337.999998, "tasa_pobreza_monetaria": 0.26892518363206092, "tasa_pobreza_extrema": 0.1492230603802932, "tasa_ipm": 0.032160553297546503, "ingreso_percapita_promedio": 1197049.8054420657, "capacidad_pago_promedio": 0.14485836851403891, "tamano_hogar_promedio": 3.4479478357745501, "gasto_educ_promedio": 354259.42587660241, "tasa_deficit_cuantitativo": 0.0032629278812026999, "tasa_deficit_cualitativo": 0.052480742054808197, "tasa_deficit_habitacional": 0.055743669936010903, "pct_estrato_1": 0.0012943872266664, "pct_estrato_2": 0.0016206459800195, "pct_estrato_3": 0.99708496679331404, "pct_estrato_4": 0.0, "pct_estrato_5": 0.0, "pct_estrato_6": 0.0, "s0_localidad": 0.52110761758736768, "dist_transmilenio_m": 1306.9765632216047, "dist_sitp_m": 102.11025865677344, "dist_parque_m": 95.500645388592417, "homicidios": 81.0, "lesiones_personales": 1979.0, "hurto_personas": 20917.0, "hurto_residencias": 1572.0, "hurto_automotores": 1079.0, "hurto_bicicletas": 778.0, "hurto_comercio": 5413.0, "hurto_entidades": 730.0, "violencia_intrafam": 2327.0, "delitos_sexuales": 548.0, "pct_no_oficial": 68.0, "n_sedes_total": 100, "n_sedes_no_oficial": 68 }, "geometry": { "type": "Point", "coordinates": [ -74.120450000284819, 4.606270000368061 ] } },
{ "type": "Feature", "properties": { "DANE12_EST": "111001000124", "id_establecimiento": "111001000124", "nombre_establecimiento": "COLEGIO CARLOS ARANGO VELEZ (IED)", "nombre_localidad": "Kennedy", "codigo_upz": "44", "nombre_upz": "AMERICAS", "estrato": "Estrato 3", "zona": "URBANA", "caracter_media": "Académico", "lon": -74.13596000026503, "lat": 4.6162100001656325, "codigo_localidad": "08", "q_j": 265.06333333333333, "puntaje_2023": 261.47, "punt_global_2020": 266.11, "punt_global_2022": 267.61, "matricula_total": 2019.0, "demanda_total": 2253.0, "sobre_demanda_j": 1.1158989598811293, "n_hogares_muestra": 2293.0, "poblacion_expandida": 78905.0000038, "tasa_pobreza_monetaria": 0.19138044360272161, "tasa_pobreza_extrema": 0.060566603202203202, "tasa_ipm": 0.0305930336731987, "ingreso_percapita_promedio": 1418709.4236432209, "capacidad_pago_promedio": 0.1056939969165244, "tamano_hogar_promedio": 3.2000151191894046, "gasto_educ_promedio": 460748.57680465968, "tasa_deficit_cuantitativo": 0.0025656524997179999, "tasa_deficit_cualitativo": 0.045359707440943302, "tasa_deficit_habitacional": 0.0479253599406613, "pct_estrato_1": 0.0010810755781749, "pct_estrato_2": 0.20892071251005759, "pct_estrato_3": 0.691704162941151, "pct_estrato_4": 0.098294048970616305, "pct_estrato_5": 0.0, "pct_estrato_6": 0.0, "s0_localidad": 0.3719221758740453, "dist_transmilenio_m": 1558.3920457690078, "dist_sitp_m": 96.382314244818176, "dist_parque_m": 74.193619998295802, "homicidios": 277.0, "lesiones_personales": 5216.0, "hurto_personas": 45928.0, "hurto_residencias": 4574.0, "hurto_automotores": 2662.0, "hurto_bicicletas": 2842.0, "hurto_comercio": 11829.0, "hurto_entidades": 2994.0, "violencia_intrafam": 8341.0, "delitos_sexuales": 1353.0, "pct_no_oficial": 70.99, "n_sedes_total": 262, "n_sedes_no_oficial": 186 }, "geometry": { "type": "Point", "coordinates": [ -74.13596000026503, 4.616210000165633 ] } },
{ "type": "Feature", "properties": { "DANE12_EST": "111001000132", "id_establecimiento": "111001000132", "nombre_establecimiento": "COLEGIO AQUILEO PARRA (IED)", "nombre_localidad": "Usaquen", "codigo_upz": "9", "nombre_upz": "VERBENAL", "estrato": "Sin estrato", "zona": "URBANA", "caracter_media": "Académico", "lon": -74.039170000389717, "lat": 4.7657300001741163, "codigo_localidad": "01", "q_j": 259.11, "puntaje_2023": 261.54, "punt_global_2020": 257.08, "punt_global_2022": 258.71, "matricula_total": 2677.0, "demanda_total": 3064.0, "sobre_demanda_j": 1.1445648113559954, "n_hogares_muestra": 2513.0, "poblacion_expandida": 128723.9999975, "tasa_pobreza_monetaria": 0.2827421697368544, "tasa_pobreza_extrema": 0.0529029950206042, "tasa_ipm": 0.049010722297493203, "ingreso_percapita_promedio": 1102998.6224623476, "capacidad_pago_promedio": 0.29139413861229041, "tamano_hogar_promedio": 3.4788079827770808, "gasto_educ_promedio": 430644.86864861392, "tasa_deficit_cuantitativo": 0.0074946427559642002, "tasa_deficit_cualitativo": 0.12019643744368171, "tasa_deficit_habitacional": 0.1276910801996459, "pct_estrato_1": 0.070897998289186498, "pct_estrato_2": 0.26411417362387962, "pct_estrato_3": 0.52903677945777472, "pct_estrato_4": 0.1082964924052293, "pct_estrato_5": 0.0266078202554808, "pct_estrato_6": 0.0, "s0_localidad": 0.64146949244746554, "dist_transmilenio_m": 596.62080346379128, "dist_sitp_m": 136.72240280137774, "dist_parque_m": 48.981429788630564, "homicidios": 93.0, "lesiones_personales": 1898.0, "hurto_personas": 34039.0, "hurto_residencias": 3332.0, "hurto_automotores": 363.0, "hurto_bicicletas": 1238.0, "hurto_comercio": 8366.0, "hurto_entidades": 408.0, "violencia_intrafam": 3095.0, "delitos_sexuales": 602.0, "pct_no_oficial": 78.79, "n_sedes_total": 132, "n_sedes_no_oficial": 104 }, "geometry": { "type": "Point", "coordinates": [ -74.039170000389717, 4.765730000174116 ] } },
{ "type": "Feature", "properties": { "DANE12_EST": "111001000272", "id_establecimiento": "111001000272", "nombre_establecimiento": "COLEGIO INSTITUTO TECNICO LAUREANO GOMEZ (IED)", "nombre_localidad": "Engativa", "codigo_upz": "29", "nombre_upz": "EL MINUTO DE DIOS", "estrato": "Sin estrato", "zona": "URBANA", "caracter_media": "Técnico", "lon": -74.10140000028133, "lat": 4.7180000005287308, "codigo_localidad": "10", "q_j": 270.46, "puntaje_2023": 275.14, "punt_global_2020": 264.82, "punt_global_2022": 271.42, "matricula_total": 2746.0, "demanda_total": 2989.0, "sobre_demanda_j": 1.0884923525127459, "n_hogares_muestra": 2166.0, "poblacion_expandida": 110558.9999976, "tasa_pobreza_monetaria": 0.26925903660168982, "tasa_pobreza_extrema": 0.097532512609865105, "tasa_ipm": 0.032849686395307803, "ingreso_percapita_promedio": 931557.49899179663, "capacidad_pago_promedio": 0.2136129795540179, "tamano_hogar_promedio": 3.3385683072225012, "gasto_educ_promedio": 241862.34593798919, "tasa_deficit_cuantitativo": 0.0077472086028147003, "tasa_deficit_cualitativo": 0.079993850503278605, "tasa_deficit_habitacional": 0.087741059106093297, "pct_estrato_1": 0.017953244973661901, "pct_estrato_2": 0.31938856027882417, "pct_estrato_3": 0.66218723013765712, "pct_estrato_4": 0.00047096460985649998, "pct_estrato_5": 0.0, "pct_estrato_6": 0.0, "s0_localidad": 0.45908732785239414, "dist_transmilenio_m": 1357.8597138667299, "dist_sitp_m": 108.37034460246664, "dist_parque_m": 200.20196084655629, "homicidios": 114.0, "lesiones_personales": 3260.0, "hurto_personas": 44584.0, "hurto_residencias": 4694.0, "hurto_automotores": 1548.0, "hurto_bicicletas": 2840.0, "hurto_comercio": 11724.0, "hurto_entidades": 1616.0, "violencia_intrafam": 6497.0, "delitos_sexuales": 1001.0, "pct_no_oficial": 73.15, "n_sedes_total": 257, "n_sedes_no_oficial": 188 }, "geometry": { "type": "Point", "coordinates": [ -74.10140000028133, 4.718000000528731 ] } },
{ "type": "Feature", "properties": { "DANE12_EST": "111001000612", "id_establecimiento": "111001000612", "nombre_establecimiento": "COLEGIO FEMENINO LORENCITA VILLEGAS DE SANTOS (IED)", "nombre_localidad": "Barrios Unidos", "codigo_upz": "98", "nombre_upz": "LOS ALCAZARES", "estrato": "Estrato 3", "zona": "URBANA", "caracter_media": "Académico", "lon": -74.071940000270274, "lat": 4.6726200004006806, "codigo_localidad": "12", "q_j": 289.45333333333332, "puntaje_2023": 292.31, "punt_global_2020": 286.0, "punt_global_2022": 290.05, "matricula_total": 628.0, "demanda_total": 680.0, "sobre_demanda_j": 1.0828025477707006, "n_hogares_muestra": 2261.0, "poblacion_expandida": 43325.000000699998, "tasa_pobreza_monetaria": 0.195392019216693, "tasa_pobreza_extrema": 0.043478117783486703, "tasa_ipm": 0.0171271489714486, "ingreso_percapita_promedio": 1447423.36270404, "capacidad_pago_promedio": 0.14683346435077249, "tamano_hogar_promedio": 3.1018025559291118, "gasto_educ_promedio": 344089.13322693633, "tasa_deficit_cuantitativo": 0.0065729456109728003, "tasa_deficit_cualitativo": 0.075969832871248005, "tasa_deficit_habitacional": 0.082542778482220899, "pct_estrato_1": 0.0037395459687797001, "pct_estrato_2": 0.0, "pct_estrato_3": 0.87006451681917973, "pct_estrato_4": 0.12619593721204059, "pct_estrato_5": 0.0, "pct_estrato_6": 0.0, "s0_localidad": 0.49401305949623742, "dist_transmilenio_m": 283.41753078202612, "dist_sitp_m": 209.74573842664594, "dist_parque_m": 81.988300476899425, "homicidios": 31.0, "lesiones_personales": 1214.0, "hurto_personas": 18587.0, "hurto_residencias": 1176.0, "hurto_automotores": 352.0, "hurto_bicicletas": 816.0, "hurto_comercio": 4973.0, "hurto_entidades": 320.0, "violencia_intrafam": 1281.0, "delitos_sexuales": 275.0, "pct_no_oficial": 61.9, "n_sedes_total": 63, "n_sedes_no_oficial": 39 }, "geometry": { "type": "Point", "coordinates": [ -74.071940000270274, 4.672620000400681 ] } },
{ "type": "Feature", "properties": { "DANE12_EST": "111001001121", "id_establecimiento": "111001001121", "nombre_establecimiento": "COLEGIO MARCO TULIO FERNANDEZ (IED)", "nombre_localidad": "Engativa", "codigo_upz": "26", "nombre_upz": "LAS FERIAS", "estrato": "Estrato 3", "zona": "URBANA", "caracter_media": "Académico", "lon": -74.102259999723628, "lat": 4.6742800005248135, "codigo_localidad": "10", "q_j": 275.93666666666667, "puntaje_2023": 275.77, "punt_global_2020": 281.4, "punt_global_2022": 270.64, "matricula_total": 889.0, "demanda_total": 966.0, "sobre_demanda_j": 1.0866141732283465, "n_hogares_muestra": 2278.0, "poblacion_expandida": 100930.0000018, "tasa_pobreza_monetaria": 0.26953530690295091, "tasa_pobreza_extrema": 0.1010484491223433, "tasa_ipm": 0.036725499110610203, "ingreso_percapita_promedio": 1186126.3666835029, "capacidad_pago_promedio": 0.22392122382935639, "tamano_hogar_promedio": 3.368175820974312, "gasto_educ_promedio": 317577.54113518051, "tasa_deficit_cuantitativo": 0.0013346152224074999, "tasa_deficit_cualitativo": 0.094289197796792595, "tasa_deficit_habitacional": 0.095623813019200199, "pct_estrato_1": 0.0025422399444706002, "pct_estrato_2": 0.0034884438699467001, "pct_estrato_3": 0.93142145478969041, "pct_estrato_4": 0.062547861395892301, "pct_estrato_5": 0.0, "pct_estrato_6": 0.0, "s0_localidad": 0.45908732785239414, "dist_transmilenio_m": 1354.6733395677068, "dist_sitp_m": 68.983465509582601, "dist_parque_m": 213.67657819538317, "homicidios": 114.0, "lesiones_personales": 3260.0, "hurto_personas": 44584.0, "hurto_residencias": 4694.0, "hurto_automotores": 1548.0, "hurto_bicicletas": 2840.0, "hurto_comercio": 11724.0, "hurto_entidades": 1616.0, "violencia_intrafam": 6497.0, "delitos_sexuales": 1001.0, "pct_no_oficial": 73.15, "n_sedes_total": 257, "n_sedes_no_oficial": 188 }, "geometry": { "type": "Point", "coordinates": [ -74.102259999723628, 4.674280000524814 ] } },
{ "type": "Feature", "properties": { "DANE12_EST": "111001001279", "id_establecimiento": "111001001279", "nombre_establecimiento": "COLEGIO DARIO ECHANDIA (IED)", "nombre_localidad": "Kennedy", "codigo_upz": "82", "nombre_upz": "PATIO BONITO", "estrato": "Estrato 2", "zona": "URBANA", "caracter_media": "Técnico", "lon": -74.162070000223594, "lat": 4.6418300002361317, "codigo_localidad": "08", "q_j": 266.18666666666667, "puntaje_2023": 263.92, "punt_global_2020": 268.16, "punt_global_2022": 266.48, "matricula_total": 1935.0, "demanda_total": 2143.0, "sobre_demanda_j": 1.1074935400516797, "n_hogares_muestra": 3134.0, "poblacion_expandida": 138658.00000200002, "tasa_pobreza_monetaria": 0.65856195701858433, "tasa_pobreza_extrema": 0.25231683026507928, "tasa_ipm": 0.12847925674496269, "ingreso_percapita_promedio": 447236.75948710123, "capacidad_pago_promedio": 0.64818821479397959, "tamano_hogar_promedio": 3.7817963159676062, "gasto_educ_promedio": 124887.69466509685, "tasa_deficit_cuantitativo": 0.026934634675576798, "tasa_deficit_cualitativo": 0.21986511244688561, "tasa_deficit_habitacional": 0.24679974712246239, "pct_estrato_1": 0.027288221256944498, "pct_estrato_2": 0.97223491680794139, "pct_estrato_3": 0.00047686193511399999, "pct_estrato_4": 0.0, "pct_estrato_5": 0.0, "pct_estrato_6": 0.0, "s0_localidad": 0.3719221758740453, "dist_transmilenio_m": 530.02029800195737, "dist_sitp_m": 72.457011077221907, "dist_parque_m": 143.74667552533711, "homicidios": 277.0, "lesiones_personales": 5216.0, "hurto_personas": 45928.0, "hurto_residencias": 4574.0, "hurto_automotores": 2662.0, "hurto_bicicletas": 2842.0, "hurto_comercio": 11829.0, "hurto_entidades": 2994.0, "violencia_intrafam": 8341.0, "delitos_sexuales": 1353.0, "pct_no_oficial": 70.99, "n_sedes_total": 262, "n_sedes_no_oficial": 186 }, "geometry": { "type": "Point", "coordinates": [ -74.162070000223594, 4.641830000236132 ] } },
{ "type": "Feature", "properties": { "DANE12_EST": "111001001538", "id_establecimiento": "111001001538", "nombre_establecimiento": "COLEGIO NUEVA CONSTITUCION (IED)", "nombre_localidad": "Engativa", "codigo_upz": "73", "nombre_upz": "GARCES NAVAS", "estrato": "Estrato 3", "zona": "URBANA", "caracter_media": "Académico", "lon": -74.121830000309131, "lat": 4.7108900004602843, "codigo_localidad": "10", "q_j": 255.68, "puntaje_2023": 270.64, "punt_global_2020": 248.19, "punt_global_2022": 248.21, "matricula_total": 2119.0, "demanda_total": 2382.0, "sobre_demanda_j": 1.124115148655026, "n_hogares_muestra": 2364.0, "poblacion_expandida": 167506.00000110001, "tasa_pobreza_monetaria": 0.22196427952584291, "tasa_pobreza_extrema": 0.075772470046545401, "tasa_ipm": 0.030551244534920498, "ingreso_percapita_promedio": 1231332.3061936938, "capacidad_pago_promedio": 0.1792359084671763, "tamano_hogar_promedio": 3.4970780660695926, "gasto_educ_promedio": 398876.46195647382, "tasa_deficit_cuantitativo": 0.0047428715329288001, "tasa_deficit_cualitativo": 0.093925001247099696, "tasa_deficit_habitacional": 0.098667872780028504, "pct_estrato_1": 0.0056796068421055999, "pct_estrato_2": 0.19212094725018, "pct_estrato_3": 0.70828178535467923, "pct_estrato_4": 0.093917660553035007, "pct_estrato_5": 0.0, "pct_estrato_6": 0.0, "s0_localidad": 0.45908732785239414, "dist_transmilenio_m": 1260.4173530983971, "dist_sitp_m": 194.36918132833898, "dist_parque_m": 45.636785506035189, "homicidios": 114.0, "lesiones_personales": 3260.0, "hurto_personas": 44584.0, "hurto_residencias": 4694.0, "hurto_automotores": 1548.0, "hurto_bicicletas": 2840.0, "hurto_comercio": 11724.0, "hurto_entidades": 1616.0, "violencia_intrafam": 6497.0, "delitos_sexuales": 1001.0, "pct_no_oficial": 73.15, "n_sedes_total": 257, "n_sedes_no_oficial": 188 }, "geometry": { "type": "Point", "coordinates": [ -74.121830000309131, 4.710890000460284 ] } },
{ "type": "Feature", "properties": { "DANE12_EST": "111001002330", "id_establecimiento": "111001002330", "nombre_establecimiento": "COLEGIO LA GAITANA (IED)", "nombre_localidad": "Suba", "codigo_upz": "71", "nombre_upz": "TIBABUYES", "estrato": "Sin estrato", "zona": "URBANA", "caracter_media": "Académico", "lon": -74.108610000024228, "lat": 4.7422199998726926, "codigo_localidad": "11", "q_j": 248.14666666666668, "puntaje_2023": 245.52, "punt_global_2020": 246.02, "punt_global_2022": 252.9, "matricula_total": 2101.0, "demanda_total": 2421.0, "sobre_demanda_j": 1.1523084245597335, "n_hogares_muestra": 2573.0, "poblacion_expandida": 297101.99999610003, "tasa_pobreza_monetaria": 0.4456968888729736, "tasa_pobreza_extrema": 0.14904137082914709, "tasa_ipm": 0.054795271255709099, "ingreso_percapita_promedio": 644941.21802584687, "capacidad_pago_promedio": 0.45039245678102652, "tamano_hogar_promedio": 3.8630385426488738, "gasto_educ_promedio": 238418.55806301135, "tasa_deficit_cuantitativo": 0.0083614290907923997, "tasa_deficit_cualitativo": 0.14471337553185229, "tasa_deficit_habitacional": 0.15307480462264469, "pct_estrato_1": 0.0023181771173167, "pct_estrato_2": 0.85090759959245821, "pct_estrato_3": 0.14522010698267379, "pct_estrato_4": 0.0015541163075511, "pct_estrato_5": 0.0, "pct_estrato_6": 0.0, "s0_localidad": 0.52282970591970535, "dist_transmilenio_m": 1668.2571235010273, "dist_sitp_m": 52.613909527373309, "dist_parque_m": 85.211329036004813, "homicidios": 143.0, "lesiones_personales": 4117.0, "hurto_personas": 47285.0, "hurto_residencias": 5010.0, "hurto_automotores": 938.0, "hurto_bicicletas": 2774.0, "hurto_comercio": 12600.0, "hurto_entidades": 1324.0, "violencia_intrafam": 8047.0, "delitos_sexuales": 1387.0, "pct_no_oficial": 80.22, "n_sedes_total": 364, "n_sedes_no_oficial": 292 }, "geometry": { "type": "Point", "coordinates": [ -74.108610000024228, 4.742219999872693 ] } },
{ "type": "Feature", "properties": { "DANE12_EST": "111001002909", "id_establecimiento": "111001002909", "nombre_establecimiento": "COLEGIO CARLOS ALBAN HOLGUIN (IED)", "nombre_localidad": "Bosa", "codigo_upz": "85", "nombre_upz": "BOSA CENTRAL", "estrato": "Estrato 2", "zona": "URBANA", "caracter_media": "Académico", "lon": -74.196949999874406, "lat": 4.6051699997666384, "codigo_localidad": "07", "q_j": 245.76, "puntaje_2023": 240.94, "punt_global_2020": 246.78, "punt_global_2022": 249.56, "matricula_total": 4932.0, "demanda_total": 5376.0, "sobre_demanda_j": 1.0900243309002433, "n_hogares_muestra": 2530.0, "poblacion_expandida": 236893.99999380001, "tasa_pobreza_monetaria": 0.57741222472278719, "tasa_pobreza_extrema": 0.2259702239533336, "tasa_ipm": 0.077274234200862393, "ingreso_percapita_promedio": 559243.48815241479, "capacidad_pago_promedio": 0.54172419916569725, "tamano_hogar_promedio": 3.6623812802853042, "gasto_educ_promedio": 133205.35666441551, "tasa_deficit_cuantitativo": 0.0140410598706048, "tasa_deficit_cualitativo": 0.15374357223675231, "tasa_deficit_habitacional": 0.16778463210735711, "pct_estrato_1": 0.010853917966547401, "pct_estrato_2": 0.98854682013655482, "pct_estrato_3": 0.00059926189689779997, "pct_estrato_4": 0.0, "pct_estrato_5": 0.0, "pct_estrato_6": 0.0, "s0_localidad": 0.27631916132375012, "dist_transmilenio_m": 1505.7994024055702, "dist_sitp_m": 54.360923497849029, "dist_parque_m": 166.08771395017285, "homicidios": 209.0, "lesiones_personales": 3464.0, "hurto_personas": 19664.0, "hurto_residencias": 2638.0, "hurto_automotores": 681.0, "hurto_bicicletas": 1403.0, "hurto_comercio": 5397.0, "hurto_entidades": 1643.0, "violencia_intrafam": 7523.0, "delitos_sexuales": 1159.0, "pct_no_oficial": 55.7, "n_sedes_total": 149, "n_sedes_no_oficial": 83 }, "geometry": { "type": "Point", "coordinates": [ -74.196949999874406, 4.605169999766638 ] } },
{ "type": "Feature", "properties": { "DANE12_EST": "111001006122", "id_establecimiento": "111001006122", "nombre_establecimiento": "COLEGIO LA MERCED (IED)", "nombre_localidad": "Puente Aranda", "codigo_upz": "108", "nombre_upz": "ZONA INDUSTRIAL", "estrato": "Sin estrato", "zona": "URBANA", "caracter_media": "Académico - Técnico", "lon": -74.101350000052619, "lat": 4.6223700002595782, "codigo_localidad": "16", "q_j": 278.45333333333332, "puntaje_2023": 285.88, "punt_global_2020": 269.49, "punt_global_2022": 279.99, "matricula_total": 1397.0, "demanda_total": 1499.0, "sobre_demanda_j": 1.0730136005726556, "n_hogares_muestra": null, "poblacion_expandida": 56487.500001250002, "tasa_pobreza_monetaria": 0.33321253296231557, "tasa_pobreza_extrema": 0.1214874586954464, "tasa_ipm": 0.071539238960425452, "ingreso_percapita_promedio": 1019272.6567266396, "capacidad_pago_promedio": 0.26232454892424828, "tamano_hogar_promedio": 3.4699481088524764, "gasto_educ_promedio": 300371.51310357987, "tasa_deficit_cuantitativo": 0.013394595020995, "tasa_deficit_cualitativo": 0.16521265961327369, "tasa_deficit_habitacional": 0.17860725463426874, "pct_estrato_1": 0.0012123764268978999, "pct_estrato_2": 0.13160800956610255, "pct_estrato_3": 0.82430008948988531, "pct_estrato_4": 0.041630059903295553, "pct_estrato_5": 0.0, "pct_estrato_6": 0.0, "s0_localidad": 0.52110761758736768, "dist_transmilenio_m": 46.785869623043247, "dist_sitp_m": 93.937970327751785, "dist_parque_m": 508.8616939775099, "homicidios": 81.0, "lesiones_personales": 1979.0, "hurto_personas": 20917.0, "hurto_residencias": 1572.0, "hurto_automotores": 1079.0, "hurto_bicicletas": 778.0, "hurto_comercio": 5413.0, "hurto_entidades": 730.0, "violencia_intrafam": 2327.0, "delitos_sexuales": 548.0, "pct_no_oficial": 68.0, "n_sedes_total": 100, "n_sedes_no_oficial": 68 }, "geometry": { "type": "Point", "coordinates": [ -74.101350000052619, 4.622370000259578 ] } },
{ "type": "Feature", "properties": { "DANE12_EST": "111001006483", "id_establecimiento": "111001006483", "nombre_establecimiento": "COLEGIO ANTONIO NARIÑO (IED)", "nombre_localidad": "Engativa", "codigo_upz": "30", "nombre_upz": "BOYACA REAL", "estrato": "Estrato 3", "zona": "URBANA", "caracter_media": "Académico", "lon": -74.104019999689541, "lat": 4.685770000129998, "codigo_localidad": "10", "q_j": 259.06, "puntaje_2023": 268.43, "punt_global_2020": 254.5, "punt_global_2022": 254.25, "matricula_total": 2278.0, "demanda_total": 2550.0, "sobre_demanda_j": 1.1194029850746268, "n_hogares_muestra": 2323.0, "poblacion_expandida": 128077.9999945, "tasa_pobreza_monetaria": 0.21316985174169201, "tasa_pobreza_extrema": 0.087713598514049404, "tasa_ipm": 0.0197830925311826, "ingreso_percapita_promedio": 1221231.8086073501, "capacidad_pago_promedio": 0.12322486766484279, "tamano_hogar_promedio": 3.3229911651882169, "gasto_educ_promedio": 371577.38622723561, "tasa_deficit_cuantitativo": 0.0, "tasa_deficit_cualitativo": 0.064302304466447496, "tasa_deficit_habitacional": 0.064302304466447496, "pct_estrato_1": 0.0, "pct_estrato_2": 0.0071695178855027998, "pct_estrato_3": 0.97261072684418381, "pct_estrato_4": 0.016956639453249201, "pct_estrato_5": 0.0, "pct_estrato_6": 0.0032631158170641, "s0_localidad": 0.45908732785239414, "dist_transmilenio_m": 1732.0237336609291, "dist_sitp_m": 31.894340908065839, "dist_parque_m": 345.44137879984658, "homicidios": 114.0, "lesiones_personales": 3260.0, "hurto_personas": 44584.0, "hurto_residencias": 4694.0, "hurto_automotores": 1548.0, "hurto_bicicletas": 2840.0, "hurto_comercio": 11724.0, "hurto_entidades": 1616.0, "violencia_intrafam": 6497.0, "delitos_sexuales": 1001.0, "pct_no_oficial": 73.15, "n_sedes_total": 257, "n_sedes_no_oficial": 188 }, "geometry": { "type": "Point", "coordinates": [ -74.104019999689541, 4.685770000129998 ] } },
{ "type": "Feature", "properties": { "DANE12_EST": "111001008389", "id_establecimiento": "111001008389", "nombre_establecimiento": "COLEGIO TECNICO DOMINGO FAUSTINO SARMIENTO (IED)", "nombre_localidad": "Barrios Unidos", "codigo_upz": "21", "nombre_upz": "LOS ANDES", "estrato": "Estrato 4", "zona": "URBANA", "caracter_media": "Técnico", "lon": -74.066549999869409, "lat": 4.684800000503679, "codigo_localidad": "12", "q_j": 261.12, "puntaje_2023": 262.96, "punt_global_2020": 255.99, "punt_global_2022": 264.41, "matricula_total": 1173.0, "demanda_total": 1284.0, "sobre_demanda_j": 1.0946291560102301, "n_hogares_muestra": 2267.0, "poblacion_expandida": 30426.999922500003, "tasa_pobreza_monetaria": 0.14052971991294089, "tasa_pobreza_extrema": 0.068474825848976198, "tasa_ipm": 0.016833666326111899, "ingreso_percapita_promedio": 1932826.3868923185, "capacidad_pago_promedio": 0.062419311438442697, "tamano_hogar_promedio": 3.2103455653630579, "gasto_educ_promedio": 631055.72828884749, "tasa_deficit_cuantitativo": 0.0057608182813443003, "tasa_deficit_cualitativo": 0.030539496781372098, "tasa_deficit_habitacional": 0.036300315062716401, "pct_estrato_1": 0.0029317191910870999, "pct_estrato_2": 0.0021562413174847001, "pct_estrato_3": 0.48046662261925788, "pct_estrato_4": 0.38782889445087382, "pct_estrato_5": 0.1266165224212962, "pct_estrato_6": 0.0, "s0_localidad": 0.49401305949623742, "dist_transmilenio_m": 335.65714238099912, "dist_sitp_m": 87.780974509415387, "dist_parque_m": 86.714369201182635, "homicidios": 31.0, "lesiones_personales": 1214.0, "hurto_personas": 18587.0, "hurto_residencias": 1176.0, "hurto_automotores": 352.0, "hurto_bicicletas": 816.0, "hurto_comercio": 4973.0, "hurto_entidades": 320.0, "violencia_intrafam": 1281.0, "delitos_sexuales": 275.0, "pct_no_oficial": 61.9, "n_sedes_total": 63, "n_sedes_no_oficial": 39 }, "geometry": { "type": "Point", "coordinates": [ -74.066549999869409, 4.684800000503679 ] } },
{ "type": "Feature", "properties": { "DANE12_EST": "111001009148", "id_establecimiento": "111001009148", "nombre_establecimiento": "COLEGIO HELADIA MEJIA (IED)", "nombre_localidad": "Barrios Unidos", "codigo_upz": "98", "nombre_upz": "LOS ALCAZARES", "estrato": "Estrato 3", "zona": "URBANA", "caracter_media": "Sin información", "lon": -74.065739999757497, "lat": 4.6531199999882347, "codigo_localidad": "12", "q_j": 260.74666666666667, "puntaje_2023": 266.15, "punt_global_2020": 251.11, "punt_global_2022": 264.98, "matricula_total": 1203.0, "demanda_total": 1293.0, "sobre_demanda_j": 1.0748129675810474, "n_hogares_muestra": 2261.0, "poblacion_expandida": 43325.000000699998, "tasa_pobreza_monetaria": 0.195392019216693, "tasa_pobreza_extrema": 0.043478117783486703, "tasa_ipm": 0.0171271489714486, "ingreso_percapita_promedio": 1447423.36270404, "capacidad_pago_promedio": 0.14683346435077249, "tamano_hogar_promedio": 3.1018025559291118, "gasto_educ_promedio": 344089.13322693633, "tasa_deficit_cuantitativo": 0.0065729456109728003, "tasa_deficit_cualitativo": 0.075969832871248005, "tasa_deficit_habitacional": 0.082542778482220899, "pct_estrato_1": 0.0037395459687797001, "pct_estrato_2": 0.0, "pct_estrato_3": 0.87006451681917973, "pct_estrato_4": 0.12619593721204059, "pct_estrato_5": 0.0, "pct_estrato_6": 0.0, "s0_localidad": 0.49401305949623742, "dist_transmilenio_m": 361.81268461022097, "dist_sitp_m": 136.57295201632812, "dist_parque_m": 89.283557835497618, "homicidios": 31.0, "lesiones_personales": 1214.0, "hurto_personas": 18587.0, "hurto_residencias": 1176.0, "hurto_automotores": 352.0, "hurto_bicicletas": 816.0, "hurto_comercio": 4973.0, "hurto_entidades": 320.0, "violencia_intrafam": 1281.0, "delitos_sexuales": 275.0, "pct_no_oficial": 61.9, "n_sedes_total": 63, "n_sedes_no_oficial": 39 }, "geometry": { "type": "Point", "coordinates": [ -74.065739999757497, 4.653119999988235 ] } },
{ "type": "Feature", "properties": { "DANE12_EST": "111001009521", "id_establecimiento": "111001009521", "nombre_establecimiento": "COLEGIO ROBERT F. KENNEDY (IED)", "nombre_localidad": "Engativa", "codigo_upz": "31", "nombre_upz": "SANTA CECILIA", "estrato": "Estrato 3", "zona": "URBANA", "caracter_media": "Académico", "lon": -74.101309999869642, "lat": 4.679009999997465, "codigo_localidad": "10", "q_j": 261.86333333333334, "puntaje_2023": 260.84, "punt_global_2020": 263.6, "punt_global_2022": 261.15, "matricula_total": 1549.0, "demanda_total": 1701.0, "sobre_demanda_j": 1.0981278244028405, "n_hogares_muestra": null, "poblacion_expandida": 111110.49999906251, "tasa_pobreza_monetaria": 0.24839826121747882, "tasa_pobreza_extrema": 0.0960478801442331, "tasa_ipm": 0.030372096643324853, "ingreso_percapita_promedio": 1199290.9074049457, "capacidad_pago_promedio": 0.18616009026766378, "tamano_hogar_promedio": 3.3512315750545261, "gasto_educ_promedio": 337827.48304470116, "tasa_deficit_cuantitativo": 0.00083413451400468738, "tasa_deficit_cualitativo": 0.083044112797913183, "tasa_deficit_habitacional": 0.083878247311917939, "pct_estrato_1": 0.0015888999652941252, "pct_estrato_2": 0.004868846625780238, "pct_estrato_3": 0.94686743181012545, "pct_estrato_4": 0.045451153167401143, "pct_estrato_5": 0.0, "pct_estrato_6": 0.0012236684313990374, "s0_localidad": 0.45908732785239414, "dist_transmilenio_m": 1731.0611375743208, "dist_sitp_m": 6.5826781527467322, "dist_parque_m": 62.648104098323223, "homicidios": 114.0, "lesiones_personales": 3260.0, "hurto_personas": 44584.0, "hurto_residencias": 4694.0, "hurto_automotores": 1548.0, "hurto_bicicletas": 2840.0, "hurto_comercio": 11724.0, "hurto_entidades": 1616.0, "violencia_intrafam": 6497.0, "delitos_sexuales": 1001.0, "pct_no_oficial": 73.15, "n_sedes_total": 257, "n_sedes_no_oficial": 188 }, "geometry": { "type": "Point", "coordinates": [ -74.101309999869642, 4.679009999997465 ] } },
{ "type": "Feature", "properties": { "DANE12_EST": "111001009580", "id_establecimiento": "111001009580", "nombre_establecimiento": "COLEGIO INSTITUTO TECNICO JUAN DEL CORRAL (IED)", "nombre_localidad": "Engativa", "codigo_upz": "26", "nombre_upz": "LAS FERIAS", "estrato": "Estrato 3", "zona": "URBANA", "caracter_media": "Académico - Técnico", "lon": -74.082510000111412, "lat": 4.6872300004910699, "codigo_localidad": "10", "q_j": 272.52, "puntaje_2023": 271.92, "punt_global_2020": 267.95, "punt_global_2022": 277.69, "matricula_total": 1280.0, "demanda_total": 1379.0, "sobre_demanda_j": 1.07734375, "n_hogares_muestra": 2278.0, "poblacion_expandida": 100930.0000018, "tasa_pobreza_monetaria": 0.26953530690295091, "tasa_pobreza_extrema": 0.1010484491223433, "tasa_ipm": 0.036725499110610203, "ingreso_percapita_promedio": 1186126.3666835029, "capacidad_pago_promedio": 0.22392122382935639, "tamano_hogar_promedio": 3.368175820974312, "gasto_educ_promedio": 317577.54113518051, "tasa_deficit_cuantitativo": 0.0013346152224074999, "tasa_deficit_cualitativo": 0.094289197796792595, "tasa_deficit_habitacional": 0.095623813019200199, "pct_estrato_1": 0.0025422399444706002, "pct_estrato_2": 0.0034884438699467001, "pct_estrato_3": 0.93142145478969041, "pct_estrato_4": 0.062547861395892301, "pct_estrato_5": 0.0, "pct_estrato_6": 0.0, "s0_localidad": 0.45908732785239414, "dist_transmilenio_m": 230.31750691975537, "dist_sitp_m": 47.493128953612114, "dist_parque_m": 153.85387552663821, "homicidios": 114.0, "lesiones_personales": 3260.0, "hurto_personas": 44584.0, "hurto_residencias": 4694.0, "hurto_automotores": 1548.0, "hurto_bicicletas": 2840.0, "hurto_comercio": 11724.0, "hurto_entidades": 1616.0, "violencia_intrafam": 6497.0, "delitos_sexuales": 1001.0, "pct_no_oficial": 73.15, "n_sedes_total": 257, "n_sedes_no_oficial": 188 }, "geometry": { "type": "Point", "coordinates": [ -74.082510000111412, 4.68723000049107 ] } },
{ "type": "Feature", "properties": { "DANE12_EST": "111001009652", "id_establecimiento": "111001009652", "nombre_establecimiento": "COLEGIO CENTRO INTEGRAL JOSE MARIA CORDOBA (IED)", "nombre_localidad": "Tunjuelito", "codigo_upz": "42", "nombre_upz": "VENECIA", "estrato": "Estrato 3", "zona": "URBANA", "caracter_media": "Académico", "lon": -74.131319999701603, "lat": 4.5786100001512331, "codigo_localidad": "06", "q_j": 260.17333333333335, "puntaje_2023": 266.02, "punt_global_2020": 257.56, "punt_global_2022": 256.94, "matricula_total": 2750.0, "demanda_total": 3007.0, "sobre_demanda_j": 1.0934545454545455, "n_hogares_muestra": 2196.0, "poblacion_expandida": 139490.00000639999, "tasa_pobreza_monetaria": 0.3456416416631149, "tasa_pobreza_extrema": 0.1503118512921213, "tasa_ipm": 0.036363872199206101, "ingreso_percapita_promedio": 842886.87202135962, "capacidad_pago_promedio": 0.25434746722540807, "tamano_hogar_promedio": 3.1588579415756208, "gasto_educ_promedio": 260612.53234385408, "tasa_deficit_cuantitativo": 0.0054515723698122, "tasa_deficit_cualitativo": 0.13446758352454949, "tasa_deficit_habitacional": 0.13991915589436171, "pct_estrato_1": 0.0, "pct_estrato_2": 0.54682567130475535, "pct_estrato_3": 0.45317432869524471, "pct_estrato_4": 0.0, "pct_estrato_5": 0.0, "pct_estrato_6": 0.0, "s0_localidad": 0.24596233549441804, "dist_transmilenio_m": 929.38916725473985, "dist_sitp_m": 87.692742524796699, "dist_parque_m": 60.291783562381781, "homicidios": 67.0, "lesiones_personales": 1311.0, "hurto_personas": 8872.0, "hurto_residencias": 687.0, "hurto_automotores": 293.0, "hurto_bicicletas": 367.0, "hurto_comercio": 2403.0, "hurto_entidades": 312.0, "violencia_intrafam": 1641.0, "delitos_sexuales": 328.0, "pct_no_oficial": 64.29, "n_sedes_total": 70, "n_sedes_no_oficial": 45 }, "geometry": { "type": "Point", "coordinates": [ -74.131319999701603, 4.578610000151233 ] } },
{ "type": "Feature", "properties": { "DANE12_EST": "111001009831", "id_establecimiento": "111001009831", "nombre_establecimiento": "COLEGIO POLICARPA SALAVARRIETA (IED)", "nombre_localidad": "Santa Fe", "codigo_upz": "91", "nombre_upz": "SAGRADO CORAZON", "estrato": "Sin estrato", "zona": "URBANA", "caracter_media": "Académico", "lon": -74.067840000380343, "lat": 4.6146400000284808, "codigo_localidad": "03", "q_j": 256.45333333333332, "puntaje_2023": 258.08, "punt_global_2020": 250.08, "punt_global_2022": 261.2, "matricula_total": 1035.0, "demanda_total": 1194.0, "sobre_demanda_j": 1.153623188405797, "n_hogares_muestra": null, "poblacion_expandida": 27216.500000699998, "tasa_pobreza_monetaria": 0.38181743076899, "tasa_pobreza_extrema": 0.15706980397323844, "tasa_ipm": 0.085275841987638226, "ingreso_percapita_promedio": 1220244.7566652175, "capacidad_pago_promedio": 0.30390229232234223, "tamano_hogar_promedio": 3.2591745951012334, "gasto_educ_promedio": 363918.00030985766, "tasa_deficit_cuantitativo": 0.020692861789223173, "tasa_deficit_cualitativo": 0.16115550772987486, "tasa_deficit_habitacional": 0.18184836951909811, "pct_estrato_1": 0.014296669345097976, "pct_estrato_2": 0.43209230882041827, "pct_estrato_3": 0.46354473176018673, "pct_estrato_4": 0.086228758963498769, "pct_estrato_5": 0.000315335031668775, "pct_estrato_6": 0.0, "s0_localidad": 0.26720847821961147, "dist_transmilenio_m": 167.84374166823801, "dist_sitp_m": 184.29442156068626, "dist_parque_m": 117.76119786118036, "homicidios": 113.0, "lesiones_personales": 1683.0, "hurto_personas": 25139.0, "hurto_residencias": 580.0, "hurto_automotores": 128.0, "hurto_bicicletas": 443.0, "hurto_comercio": 7043.0, "hurto_entidades": 180.0, "violencia_intrafam": 1602.0, "delitos_sexuales": 514.0, "pct_no_oficial": 44.83, "n_sedes_total": 29, "n_sedes_no_oficial": 13 }, "geometry": { "type": "Point", "coordinates": [ -74.067840000380343, 4.614640000028481 ] } },
{ "type": "Feature", "properties": { "DANE12_EST": "111001009971", "id_establecimiento": "111001009971", "nombre_establecimiento": "COLEGIO REPUBLICA DE COLOMBIA (IED)", "nombre_localidad": "Engativa", "codigo_upz": "26", "nombre_upz": "LAS FERIAS", "estrato": "Estrato 3", "zona": "URBANA", "caracter_media": "Académico", "lon": -74.091590000323393, "lat": 4.6773700000767882, "codigo_localidad": "10", "q_j": 263.56666666666666, "puntaje_2023": 269.23, "punt_global_2020": 260.09, "punt_global_2022": 261.38, "matricula_total": 1974.0, "demanda_total": 2169.0, "sobre_demanda_j": 1.0987841945288754, "n_hogares_muestra": 2278.0, "poblacion_expandida": 100930.0000018, "tasa_pobreza_monetaria": 0.26953530690295091, "tasa_pobreza_extrema": 0.1010484491223433, "tasa_ipm": 0.036725499110610203, "ingreso_percapita_promedio": 1186126.3666835029, "capacidad_pago_promedio": 0.22392122382935639, "tamano_hogar_promedio": 3.368175820974312, "gasto_educ_promedio": 317577.54113518051, "tasa_deficit_cuantitativo": 0.0013346152224074999, "tasa_deficit_cualitativo": 0.094289197796792595, "tasa_deficit_habitacional": 0.095623813019200199, "pct_estrato_1": 0.0025422399444706002, "pct_estrato_2": 0.0034884438699467001, "pct_estrato_3": 0.93142145478969041, "pct_estrato_4": 0.062547861395892301, "pct_estrato_5": 0.0, "pct_estrato_6": 0.0, "s0_localidad": 0.45908732785239414, "dist_transmilenio_m": 1543.2954828895463, "dist_sitp_m": 69.700916567676813, "dist_parque_m": 65.852556268716995, "homicidios": 114.0, "lesiones_personales": 3260.0, "hurto_personas": 44584.0, "hurto_residencias": 4694.0, "hurto_automotores": 1548.0, "hurto_bicicletas": 2840.0, "hurto_comercio": 11724.0, "hurto_entidades": 1616.0, "violencia_intrafam": 6497.0, "delitos_sexuales": 1001.0, "pct_no_oficial": 73.15, "n_sedes_total": 257, "n_sedes_no_oficial": 188 }, "geometry": { "type": "Point", "coordinates": [ -74.091590000323393, 4.677370000076788 ] } },
{ "type": "Feature", "properties": { "DANE12_EST": "111001010031", "id_establecimiento": "111001010031", "nombre_establecimiento": "COLEGIO CEDID SAN PABLO (IED)", "nombre_localidad": "Bosa", "codigo_upz": "85", "nombre_upz": "BOSA CENTRAL", "estrato": "Estrato 2", "zona": "URBANA", "caracter_media": "Académico - Técnico", "lon": -74.187430000344705, "lat": 4.5996300005023372, "codigo_localidad": "07", "q_j": 249.28666666666666, "puntaje_2023": 260.86, "punt_global_2020": 245.18, "punt_global_2022": 241.82, "matricula_total": 4106.0, "demanda_total": 4525.0, "sobre_demanda_j": 1.1020457866536775, "n_hogares_muestra": 2530.0, "poblacion_expandida": 236893.99999380001, "tasa_pobreza_monetaria": 0.57741222472278719, "tasa_pobreza_extrema": 0.2259702239533336, "tasa_ipm": 0.077274234200862393, "ingreso_percapita_promedio": 559243.48815241479, "capacidad_pago_promedio": 0.54172419916569725, "tamano_hogar_promedio": 3.6623812802853042, "gasto_educ_promedio": 133205.35666441551, "tasa_deficit_cuantitativo": 0.0140410598706048, "tasa_deficit_cualitativo": 0.15374357223675231, "tasa_deficit_habitacional": 0.16778463210735711, "pct_estrato_1": 0.010853917966547401, "pct_estrato_2": 0.98854682013655482, "pct_estrato_3": 0.00059926189689779997, "pct_estrato_4": 0.0, "pct_estrato_5": 0.0, "pct_estrato_6": 0.0, "s0_localidad": 0.27631916132375012, "dist_transmilenio_m": 565.07931398805101, "dist_sitp_m": 134.35198496193419, "dist_parque_m": 152.36910726820204, "homicidios": 209.0, "lesiones_personales": 3464.0, "hurto_personas": 19664.0, "hurto_residencias": 2638.0, "hurto_automotores": 681.0, "hurto_bicicletas": 1403.0, "hurto_comercio": 5397.0, "hurto_entidades": 1643.0, "violencia_intrafam": 7523.0, "delitos_sexuales": 1159.0, "pct_no_oficial": 55.7, "n_sedes_total": 149, "n_sedes_no_oficial": 83 }, "geometry": { "type": "Point", "coordinates": [ -74.187430000344705, 4.599630000502337 ] } },
{ "type": "Feature", "properties": { "DANE12_EST": "111001010251", "id_establecimiento": "111001010251", "nombre_establecimiento": "COLEGIO VENECIA (IED)", "nombre_localidad": "Tunjuelito", "codigo_upz": "42", "nombre_upz": "VENECIA", "estrato": "Estrato 3", "zona": "URBANA", "caracter_media": "Académico", "lon": -74.143580000086757, "lat": 4.5920299998632981, "codigo_localidad": "06", "q_j": 256.94, "puntaje_2023": 260.4, "punt_global_2020": 251.8, "punt_global_2022": 258.62, "matricula_total": 4095.0, "demanda_total": 4480.0, "sobre_demanda_j": 1.0940170940170941, "n_hogares_muestra": 2196.0, "poblacion_expandida": 139490.00000639999, "tasa_pobreza_monetaria": 0.3456416416631149, "tasa_pobreza_extrema": 0.1503118512921213, "tasa_ipm": 0.036363872199206101, "ingreso_percapita_promedio": 842886.87202135962, "capacidad_pago_promedio": 0.25434746722540807, "tamano_hogar_promedio": 3.1588579415756208, "gasto_educ_promedio": 260612.53234385408, "tasa_deficit_cuantitativo": 0.0054515723698122, "tasa_deficit_cualitativo": 0.13446758352454949, "tasa_deficit_habitacional": 0.13991915589436171, "pct_estrato_1": 0.0, "pct_estrato_2": 0.54682567130475535, "pct_estrato_3": 0.45317432869524471, "pct_estrato_4": 0.0, "pct_estrato_5": 0.0, "pct_estrato_6": 0.0, "s0_localidad": 0.24596233549441804, "dist_transmilenio_m": 406.1536322128502, "dist_sitp_m": 163.77979105207172, "dist_parque_m": 132.89898897739684, "homicidios": 67.0, "lesiones_personales": 1311.0, "hurto_personas": 8872.0, "hurto_residencias": 687.0, "hurto_automotores": 293.0, "hurto_bicicletas": 367.0, "hurto_comercio": 2403.0, "hurto_entidades": 312.0, "violencia_intrafam": 1641.0, "delitos_sexuales": 328.0, "pct_no_oficial": 64.29, "n_sedes_total": 70, "n_sedes_no_oficial": 45 }, "geometry": { "type": "Point", "coordinates": [ -74.143580000086757, 4.592029999863298 ] } },
{ "type": "Feature", "properties": { "DANE12_EST": "111001010421", "id_establecimiento": "111001010421", "nombre_establecimiento": "COLEGIO JORGE ELIECER GAITAN (IED)", "nombre_localidad": "Barrios Unidos", "codigo_upz": "22", "nombre_upz": "DOCE DE OCTUBRE", "estrato": "Estrato 4", "zona": "URBANA", "caracter_media": "Académico", "lon": -74.081079999858403, "lat": 4.6650700001073453, "codigo_localidad": "12", "q_j": 275.51333333333338, "puntaje_2023": 278.85, "punt_global_2020": 275.58, "punt_global_2022": 272.11, "matricula_total": 1418.0, "demanda_total": 1522.0, "sobre_demanda_j": 1.0733427362482371, "n_hogares_muestra": null, "poblacion_expandida": 72127.500001249995, "tasa_pobreza_monetaria": 0.23246366305982194, "tasa_pobreza_extrema": 0.072263283452914995, "tasa_ipm": 0.026926324041029404, "ingreso_percapita_promedio": 1316774.8646937713, "capacidad_pago_promedio": 0.18537734409006446, "tamano_hogar_promedio": 3.2349891884517117, "gasto_educ_promedio": 330833.33718105842, "tasa_deficit_cuantitativo": 0.0039537804166901499, "tasa_deficit_cualitativo": 0.0851295153340203, "tasa_deficit_habitacional": 0.089083295750710542, "pct_estrato_1": 0.0031408929566251504, "pct_estrato_2": 0.0017442219349733501, "pct_estrato_3": 0.90074298580443513, "pct_estrato_4": 0.094371899303966444, "pct_estrato_5": 0.0, "pct_estrato_6": 0.0, "s0_localidad": 0.49401305949623742, "dist_transmilenio_m": 734.94708835234144, "dist_sitp_m": 337.45611680198289, "dist_parque_m": 81.883442443534747, "homicidios": 31.0, "lesiones_personales": 1214.0, "hurto_personas": 18587.0, "hurto_residencias": 1176.0, "hurto_automotores": 352.0, "hurto_bicicletas": 816.0, "hurto_comercio": 4973.0, "hurto_entidades": 320.0, "violencia_intrafam": 1281.0, "delitos_sexuales": 275.0, "pct_no_oficial": 61.9, "n_sedes_total": 63, "n_sedes_no_oficial": 39 }, "geometry": { "type": "Point", "coordinates": [ -74.081079999858403, 4.665070000107345 ] } },
{ "type": "Feature", "properties": { "DANE12_EST": "111001010731", "id_establecimiento": "111001010731", "nombre_establecimiento": "COLEGIO MANUELA BELTRAN (IED)", "nombre_localidad": "Teusaquillo", "codigo_upz": "100", "nombre_upz": "GALERIAS", "estrato": "Estrato 3", "zona": "URBANA", "caracter_media": "Académico - Técnico", "lon": -74.066420000173068, "lat": 4.6444500004664793, "codigo_localidad": "13", "q_j": 254.65666666666667, "puntaje_2023": 262.55, "punt_global_2020": 243.97, "punt_global_2022": 257.45, "matricula_total": 1553.0, "demanda_total": 1777.0, "sobre_demanda_j": 1.1442369607211849, "n_hogares_muestra": 2367.0, "poblacion_expandida": 39000.999996099999, "tasa_pobreza_monetaria": 0.1300010708368248, "tasa_pobreza_extrema": 0.082768763093838502, "tasa_ipm": 0.014246755838454399, "ingreso_percapita_promedio": 2456485.9569471865, "capacidad_pago_promedio": 0.056421031586883399, "tamano_hogar_promedio": 2.6386756289323565, "gasto_educ_promedio": 480391.03602248005, "tasa_deficit_cuantitativo": 0.0034138883237177001, "tasa_deficit_cualitativo": 0.059289424823241101, "tasa_deficit_habitacional": 0.062703313146958803, "pct_estrato_1": 0.0013790921105966, "pct_estrato_2": 0.0, "pct_estrato_3": 0.4503994729995785, "pct_estrato_4": 0.54580951374140807, "pct_estrato_5": 0.0, "pct_estrato_6": 0.0, "s0_localidad": 0.6619776760477224, "dist_transmilenio_m": 175.95506064159079, "dist_sitp_m": 59.109373650662825, "dist_parque_m": 204.35605921351947, "homicidios": 12.0, "lesiones_personales": 1046.0, "hurto_personas": 26559.0, "hurto_residencias": 1777.0, "hurto_automotores": 313.0, "hurto_bicicletas": 967.0, "hurto_comercio": 7306.0, "hurto_entidades": 237.0, "violencia_intrafam": 1265.0, "delitos_sexuales": 415.0, "pct_no_oficial": 94.92, "n_sedes_total": 59, "n_sedes_no_oficial": 56 }, "geometry": { "type": "Point", "coordinates": [ -74.066420000173068, 4.644450000466479 ] } },
{ "type": "Feature", "properties": { "DANE12_EST": "111001010740", "id_establecimiento": "111001010740", "nombre_establecimiento": "COLEGIO INSTITUTO TECNICO INDUSTRIAL FRANCISCO JOSE DE CALDAS (IED)", "nombre_localidad": "Engativa", "codigo_upz": "26", "nombre_upz": "LAS FERIAS", "estrato": "Sin estrato", "zona": "URBANA", "caracter_media": "Técnico", "lon": -74.095399999785101, "lat": 4.6689000005093773, "codigo_localidad": "10", "q_j": 278.53666666666669, "puntaje_2023": 281.92, "punt_global_2020": 275.21, "punt_global_2022": 278.48, "matricula_total": 3882.0, "demanda_total": 4227.0, "sobre_demanda_j": 1.0888717156105101, "n_hogares_muestra": 2278.0, "poblacion_expandida": 100930.0000018, "tasa_pobreza_monetaria": 0.26953530690295091, "tasa_pobreza_extrema": 0.1010484491223433, "tasa_ipm": 0.036725499110610203, "ingreso_percapita_promedio": 1186126.3666835029, "capacidad_pago_promedio": 0.22392122382935639, "tamano_hogar_promedio": 3.368175820974312, "gasto_educ_promedio": 317577.54113518051, "tasa_deficit_cuantitativo": 0.0013346152224074999, "tasa_deficit_cualitativo": 0.094289197796792595, "tasa_deficit_habitacional": 0.095623813019200199, "pct_estrato_1": 0.0025422399444706002, "pct_estrato_2": 0.0034884438699467001, "pct_estrato_3": 0.93142145478969041, "pct_estrato_4": 0.062547861395892301, "pct_estrato_5": 0.0, "pct_estrato_6": 0.0, "s0_localidad": 0.45908732785239414, "dist_transmilenio_m": 1671.6530305497263, "dist_sitp_m": 170.80384934229667, "dist_parque_m": 67.057101056624902, "homicidios": 114.0, "lesiones_personales": 3260.0, "hurto_personas": 44584.0, "hurto_residencias": 4694.0, "hurto_automotores": 1548.0, "hurto_bicicletas": 2840.0, "hurto_comercio": 11724.0, "hurto_entidades": 1616.0, "violencia_intrafam": 6497.0, "delitos_sexuales": 1001.0, "pct_no_oficial": 73.15, "n_sedes_total": 257, "n_sedes_no_oficial": 188 }, "geometry": { "type": "Point", "coordinates": [ -74.095399999785101, 4.668900000509377 ] } },
{ "type": "Feature", "properties": { "DANE12_EST": "111001010839", "id_establecimiento": "111001010839", "nombre_establecimiento": "COLEGIO EXTERNADO NACIONAL CAMILO TORRES (IED)", "nombre_localidad": "Santa Fe", "codigo_upz": "91", "nombre_upz": "SAGRADO CORAZON", "estrato": "Estrato 3", "zona": "URBANA", "caracter_media": "Académico", "lon": -74.067370000027054, "lat": 4.6204000001877406, "codigo_localidad": "03", "q_j": 256.55, "puntaje_2023": 261.92, "punt_global_2020": 251.89, "punt_global_2022": 255.84, "matricula_total": 1034.0, "demanda_total": 1264.0, "sobre_demanda_j": 1.2224371373307543, "n_hogares_muestra": null, "poblacion_expandida": 29528.125000399999, "tasa_pobreza_monetaria": 0.39104977175360378, "tasa_pobreza_extrema": 0.15673394374090788, "tasa_ipm": 0.092098283661650931, "ingreso_percapita_promedio": 1178929.9848309211, "capacidad_pago_promedio": 0.3159077830794188, "tamano_hogar_promedio": 3.3015074723694564, "gasto_educ_promedio": 317003.61693901615, "tasa_deficit_cuantitativo": 0.021952096716631193, "tasa_deficit_cualitativo": 0.17310970370540624, "tasa_deficit_habitacional": 0.1950618004220375, "pct_estrato_1": 0.0052315204556637948, "pct_estrato_2": 0.38460191362961166, "pct_estrato_3": 0.49905677074935473, "pct_estrato_4": 0.10778594870437347, "pct_estrato_5": 0.00039416878958596874, "pct_estrato_6": 0.0, "s0_localidad": 0.26720847821961147, "dist_transmilenio_m": 291.33596477181254, "dist_sitp_m": 30.311447231708271, "dist_parque_m": 172.04842277264035, "homicidios": 113.0, "lesiones_personales": 1683.0, "hurto_personas": 25139.0, "hurto_residencias": 580.0, "hurto_automotores": 128.0, "hurto_bicicletas": 443.0, "hurto_comercio": 7043.0, "hurto_entidades": 180.0, "violencia_intrafam": 1602.0, "delitos_sexuales": 514.0, "pct_no_oficial": 44.83, "n_sedes_total": 29, "n_sedes_no_oficial": 13 }, "geometry": { "type": "Point", "coordinates": [ -74.067370000027054, 4.620400000187741 ] } },
{ "type": "Feature", "properties": { "DANE12_EST": "111001010910", "id_establecimiento": "111001010910", "nombre_establecimiento": "COLEGIO NACIONAL NICOLAS ESGUERRA (IED)", "nombre_localidad": "Kennedy", "codigo_upz": "113", "nombre_upz": "BAVARIA", "estrato": "Sin estrato", "zona": "URBANA", "caracter_media": "Académico", "lon": -74.124419999580098, "lat": 4.6338000000704831, "codigo_localidad": "08", "q_j": 274.00666666666666, "puntaje_2023": 285.77, "punt_global_2020": 265.61, "punt_global_2022": 270.64, "matricula_total": 1418.0, "demanda_total": 1600.0, "sobre_demanda_j": 1.1283497884344147, "n_hogares_muestra": null, "poblacion_expandida": 75421.666669600003, "tasa_pobreza_monetaria": 0.21976084987730168, "tasa_pobreza_extrema": 0.076825324348143056, "tasa_ipm": 0.035929297021572028, "ingreso_percapita_promedio": 1257244.1764248428, "capacidad_pago_promedio": 0.13483759727317438, "tamano_hogar_promedio": 3.4703615351603676, "gasto_educ_promedio": 394916.60270842846, "tasa_deficit_cuantitativo": 0.00085521749990599997, "tasa_deficit_cualitativo": 0.095117933249406039, "tasa_deficit_habitacional": 0.09597315074931205, "pct_estrato_1": 0.00079013356766509998, "pct_estrato_2": 0.069640237503352534, "pct_estrato_3": 0.89680494593877691, "pct_estrato_4": 0.032764682990205435, "pct_estrato_5": 0.0, "pct_estrato_6": 0.0, "s0_localidad": 0.3719221758740453, "dist_transmilenio_m": 784.48689429424019, "dist_sitp_m": 295.71692975569516, "dist_parque_m": 154.11442560248815, "homicidios": 277.0, "lesiones_personales": 5216.0, "hurto_personas": 45928.0, "hurto_residencias": 4574.0, "hurto_automotores": 2662.0, "hurto_bicicletas": 2842.0, "hurto_comercio": 11829.0, "hurto_entidades": 2994.0, "violencia_intrafam": 8341.0, "delitos_sexuales": 1353.0, "pct_no_oficial": 70.99, "n_sedes_total": 262, "n_sedes_no_oficial": 186 }, "geometry": { "type": "Point", "coordinates": [ -74.124419999580098, 4.633800000070483 ] } },
{ "type": "Feature", "properties": { "DANE12_EST": "111001010928", "id_establecimiento": "111001010928", "nombre_establecimiento": "COLEGIO RESTREPO MILLAN (IED)", "nombre_localidad": "Rafael Uribe Uribe", "codigo_upz": "39", "nombre_upz": "QUIROGA", "estrato": "Estrato 3", "zona": "URBANA", "caracter_media": "Académico", "lon": -74.120790000043442, "lat": 4.5793200000468008, "codigo_localidad": "18", "q_j": 254.85666666666668, "puntaje_2023": 260.38, "punt_global_2020": 255.1, "punt_global_2022": 249.09, "matricula_total": 2328.0, "demanda_total": 2637.0, "sobre_demanda_j": 1.1327319587628866, "n_hogares_muestra": 2265.0, "poblacion_expandida": 92517.999998500018, "tasa_pobreza_monetaria": 0.44988045527761961, "tasa_pobreza_extrema": 0.1716353320008803, "tasa_ipm": 0.059948505752285101, "ingreso_percapita_promedio": 843427.0634521615, "capacidad_pago_promedio": 0.34561052227694511, "tamano_hogar_promedio": 3.2499598998916417, "gasto_educ_promedio": 230991.5177320262, "tasa_deficit_cuantitativo": 0.0065383441785360997, "tasa_deficit_cualitativo": 0.14873644958951879, "tasa_deficit_habitacional": 0.15527479376805489, "pct_estrato_1": 0.0017364461694222, "pct_estrato_2": 0.0014887309280597, "pct_estrato_3": 0.99630058644906339, "pct_estrato_4": 0.0, "pct_estrato_5": 0.0, "pct_estrato_6": 0.0, "s0_localidad": 0.2741314328601635, "dist_transmilenio_m": 399.8933280955452, "dist_sitp_m": 159.51177912458883, "dist_parque_m": 154.95350990736051, "homicidios": 159.0, "lesiones_personales": 2500.0, "hurto_personas": 13897.0, "hurto_residencias": 1530.0, "hurto_automotores": 660.0, "hurto_bicicletas": 415.0, "hurto_comercio": 3902.0, "hurto_entidades": 942.0, "violencia_intrafam": 3177.0, "delitos_sexuales": 716.0, "pct_no_oficial": 57.85, "n_sedes_total": 121, "n_sedes_no_oficial": 70 }, "geometry": { "type": "Point", "coordinates": [ -74.120790000043442, 4.579320000046801 ] } },
{ "type": "Feature", "properties": { "DANE12_EST": "111001011011", "id_establecimiento": "111001011011", "nombre_establecimiento": "COLEGIO INSTITUTO TECNICO INDUSTRIAL PILOTO (IED)", "nombre_localidad": "Tunjuelito", "codigo_upz": "42", "nombre_upz": "VENECIA", "estrato": "Estrato 2", "zona": "URBANA", "caracter_media": "Académico - Técnico", "lon": -74.137969999577876, "lat": 4.5854700002637676, "codigo_localidad": "06", "q_j": 266.06666666666666, "puntaje_2023": 274.26, "punt_global_2020": 256.06, "punt_global_2022": 267.88, "matricula_total": 4255.0, "demanda_total": 4613.0, "sobre_demanda_j": 1.0841363102232668, "n_hogares_muestra": 2196.0, "poblacion_expandida": 139490.00000639999, "tasa_pobreza_monetaria": 0.3456416416631149, "tasa_pobreza_extrema": 0.1503118512921213, "tasa_ipm": 0.036363872199206101, "ingreso_percapita_promedio": 842886.87202135962, "capacidad_pago_promedio": 0.25434746722540807, "tamano_hogar_promedio": 3.1588579415756208, "gasto_educ_promedio": 260612.53234385408, "tasa_deficit_cuantitativo": 0.0054515723698122, "tasa_deficit_cualitativo": 0.13446758352454949, "tasa_deficit_habitacional": 0.13991915589436171, "pct_estrato_1": 0.0, "pct_estrato_2": 0.54682567130475535, "pct_estrato_3": 0.45317432869524471, "pct_estrato_4": 0.0, "pct_estrato_5": 0.0, "pct_estrato_6": 0.0, "s0_localidad": 0.24596233549441804, "dist_transmilenio_m": 1060.9750551161333, "dist_sitp_m": 130.063247455804, "dist_parque_m": 227.01061800455614, "homicidios": 67.0, "lesiones_personales": 1311.0, "hurto_personas": 8872.0, "hurto_residencias": 687.0, "hurto_automotores": 293.0, "hurto_bicicletas": 367.0, "hurto_comercio": 2403.0, "hurto_entidades": 312.0, "violencia_intrafam": 1641.0, "delitos_sexuales": 328.0, "pct_no_oficial": 64.29, "n_sedes_total": 70, "n_sedes_no_oficial": 45 }, "geometry": { "type": "Point", "coordinates": [ -74.137969999577876, 4.585470000263768 ] } },
{ "type": "Feature", "properties": { "DANE12_EST": "111001011029", "id_establecimiento": "111001011029", "nombre_establecimiento": "COLEGIO REINO DE HOLANDA (IED)", "nombre_localidad": "Rafael Uribe Uribe", "codigo_upz": "53", "nombre_upz": "MARCO FIDEL SUAREZ", "estrato": "Estrato 2", "zona": "URBANA", "caracter_media": "Académico", "lon": -74.115789999629911, "lat": 4.566900000341791, "codigo_localidad": "18", "q_j": 258.91, "puntaje_2023": 272.69, "punt_global_2020": 247.75, "punt_global_2022": 256.29, "matricula_total": 1870.0, "demanda_total": 2033.0, "sobre_demanda_j": 1.0871657754010695, "n_hogares_muestra": 2174.0, "poblacion_expandida": 47442.999997500003, "tasa_pobreza_monetaria": 0.5827803477658865, "tasa_pobreza_extrema": 0.2234402638863183, "tasa_ipm": 0.1040373178142211, "ingreso_percapita_promedio": 555562.31329808699, "capacidad_pago_promedio": 0.46490720762941368, "tamano_hogar_promedio": 3.0968267260932505, "gasto_educ_promedio": 112069.29148232724, "tasa_deficit_cuantitativo": 0.0160758053967959, "tasa_deficit_cualitativo": 0.1350306657049001, "tasa_deficit_habitacional": 0.15110647110169609, "pct_estrato_1": 0.0032091840188863, "pct_estrato_2": 0.70947012436341883, "pct_estrato_3": 0.28732069161769491, "pct_estrato_4": 0.0, "pct_estrato_5": 0.0, "pct_estrato_6": 0.0, "s0_localidad": 0.2741314328601635, "dist_transmilenio_m": 1087.1621264580347, "dist_sitp_m": 77.128877515129133, "dist_parque_m": 198.61110930758898, "homicidios": 159.0, "lesiones_personales": 2500.0, "hurto_personas": 13897.0, "hurto_residencias": 1530.0, "hurto_automotores": 660.0, "hurto_bicicletas": 415.0, "hurto_comercio": 3902.0, "hurto_entidades": 942.0, "violencia_intrafam": 3177.0, "delitos_sexuales": 716.0, "pct_no_oficial": 57.85, "n_sedes_total": 121, "n_sedes_no_oficial": 70 }, "geometry": { "type": "Point", "coordinates": [ -74.115789999629911, 4.566900000341791 ] } },
{ "type": "Feature", "properties": { "DANE12_EST": "111001011045", "id_establecimiento": "111001011045", "nombre_establecimiento": "COLEGIO SILVERIA ESPINOSA DE RENDON (IED)", "nombre_localidad": "Puente Aranda", "codigo_upz": "111", "nombre_upz": "PUENTE ARANDA", "estrato": "Sin estrato", "zona": "URBANA", "caracter_media": "Académico", "lon": -74.112390000247032, "lat": 4.6299099998862703, "codigo_localidad": "16", "q_j": 271.6, "puntaje_2023": 274.62, "punt_global_2020": 265.86, "punt_global_2022": 274.32, "matricula_total": 1626.0, "demanda_total": 1743.0, "sobre_demanda_j": 1.0719557195571956, "n_hogares_muestra": null, "poblacion_expandida": 71634.833335930001, "tasa_pobreza_monetaria": 0.24245118649430447, "tasa_pobreza_extrema": 0.085757751217603734, "tasa_ipm": 0.043051285409342707, "ingreso_percapita_promedio": 1209649.8724852023, "capacidad_pago_promedio": 0.16033498760338918, "tamano_hogar_promedio": 3.4702788498987891, "gasto_educ_promedio": 376007.58478745876, "tasa_deficit_cuantitativo": 0.0033630930041238004, "tasa_deficit_cualitativo": 0.10913687852217957, "tasa_deficit_habitacional": 0.11249997152630338, "pct_estrato_1": 0.00087458213951165998, "pct_estrato_2": 0.082033791915902543, "pct_estrato_3": 0.88230397464899857, "pct_estrato_4": 0.034537758372823454, "pct_estrato_5": 0.0, "pct_estrato_6": 0.0, "s0_localidad": 0.52110761758736768, "dist_transmilenio_m": 245.85518207292196, "dist_sitp_m": 189.47526292586363, "dist_parque_m": 468.70669510163469, "homicidios": 81.0, "lesiones_personales": 1979.0, "hurto_personas": 20917.0, "hurto_residencias": 1572.0, "hurto_automotores": 1079.0, "hurto_bicicletas": 778.0, "hurto_comercio": 5413.0, "hurto_entidades": 730.0, "violencia_intrafam": 2327.0, "delitos_sexuales": 548.0, "pct_no_oficial": 68.0, "n_sedes_total": 100, "n_sedes_no_oficial": 68 }, "geometry": { "type": "Point", "coordinates": [ -74.112390000247032, 4.62990999988627 ] } },
{ "type": "Feature", "properties": { "DANE12_EST": "111001011053", "id_establecimiento": "111001011053", "nombre_establecimiento": "COLEGIO GUILLERMO LEON VALENCIA (IED)", "nombre_localidad": "Antonio Nariño", "codigo_upz": "38", "nombre_upz": "RESTREPO", "estrato": "Estrato 3", "zona": "URBANA", "caracter_media": "Académico", "lon": -74.101089999761626, "lat": 4.587140000072786, "codigo_localidad": "15", "q_j": 252.77333333333331, "puntaje_2023": 255.24, "punt_global_2020": 254.54, "punt_global_2022": 248.54, "matricula_total": 1656.0, "demanda_total": 1858.0, "sobre_demanda_j": 1.1219806763285025, "n_hogares_muestra": 2145.0, "poblacion_expandida": 56056.999997799998, "tasa_pobreza_monetaria": 0.2210592286473827, "tasa_pobreza_extrema": 0.062906507799889294, "tasa_ipm": 0.041575187967452097, "ingreso_percapita_promedio": 1145227.1597134708, "capacidad_pago_promedio": 0.12931852270518401, "tamano_hogar_promedio": 3.6959190017612618, "gasto_educ_promedio": 389904.6851137919, "tasa_deficit_cuantitativo": 0.0057356332413902996, "tasa_deficit_cualitativo": 0.1219053248188128, "tasa_deficit_habitacional": 0.12764095806020309, "pct_estrato_1": 0.0, "pct_estrato_2": 0.0049999584139536002, "pct_estrato_3": 0.99353565876849959, "pct_estrato_4": 0.0, "pct_estrato_5": 0.0, "pct_estrato_6": 0.0, "s0_localidad": 0.4744712548125819, "dist_transmilenio_m": 499.75138746202191, "dist_sitp_m": 154.03590339564323, "dist_parque_m": 259.37935174212885, "homicidios": 25.0, "lesiones_personales": 789.0, "hurto_personas": 8646.0, "hurto_residencias": 610.0, "hurto_automotores": 380.0, "hurto_bicicletas": 271.0, "hurto_comercio": 2516.0, "hurto_entidades": 305.0, "violencia_intrafam": 849.0, "delitos_sexuales": 196.0, "pct_no_oficial": 69.05, "n_sedes_total": 42, "n_sedes_no_oficial": 29 }, "geometry": { "type": "Point", "coordinates": [ -74.101089999761626, 4.587140000072786 ] } },
{ "type": "Feature", "properties": { "DANE12_EST": "111001011070", "id_establecimiento": "111001011070", "nombre_establecimiento": "COLEGIO MIGUEL ANTONIO CARO (IED)", "nombre_localidad": "Engativa", "codigo_upz": "29", "nombre_upz": "EL MINUTO DE DIOS", "estrato": "Estrato 3", "zona": "URBANA", "caracter_media": "Académico", "lon": -74.104930000258875, "lat": 4.7082999999183794, "codigo_localidad": "10", "q_j": 254.13333333333333, "puntaje_2023": 267.42, "punt_global_2020": 249.13, "punt_global_2022": 245.85, "matricula_total": 1241.0, "demanda_total": 1399.0, "sobre_demanda_j": 1.1273166800966963, "n_hogares_muestra": 2166.0, "poblacion_expandida": 110558.9999976, "tasa_pobreza_monetaria": 0.26925903660168982, "tasa_pobreza_extrema": 0.097532512609865105, "tasa_ipm": 0.032849686395307803, "ingreso_percapita_promedio": 931557.49899179663, "capacidad_pago_promedio": 0.2136129795540179, "tamano_hogar_promedio": 3.3385683072225012, "gasto_educ_promedio": 241862.34593798919, "tasa_deficit_cuantitativo": 0.0077472086028147003, "tasa_deficit_cualitativo": 0.079993850503278605, "tasa_deficit_habitacional": 0.087741059106093297, "pct_estrato_1": 0.017953244973661901, "pct_estrato_2": 0.31938856027882417, "pct_estrato_3": 0.66218723013765712, "pct_estrato_4": 0.00047096460985649998, "pct_estrato_5": 0.0, "pct_estrato_6": 0.0, "s0_localidad": 0.45908732785239414, "dist_transmilenio_m": 405.99312638080102, "dist_sitp_m": 22.965849470232968, "dist_parque_m": 90.842322482739419, "homicidios": 114.0, "lesiones_personales": 3260.0, "hurto_personas": 44584.0, "hurto_residencias": 4694.0, "hurto_automotores": 1548.0, "hurto_bicicletas": 2840.0, "hurto_comercio": 11724.0, "hurto_entidades": 1616.0, "violencia_intrafam": 6497.0, "delitos_sexuales": 1001.0, "pct_no_oficial": 73.15, "n_sedes_total": 257, "n_sedes_no_oficial": 188 }, "geometry": { "type": "Point", "coordinates": [ -74.104930000258875, 4.708299999918379 ] } },
{ "type": "Feature", "properties": { "DANE12_EST": "111001011088", "id_establecimiento": "111001011088", "nombre_establecimiento": "COLEGIO REPUBLICA DE PANAMA (IED)", "nombre_localidad": "Barrios Unidos", "codigo_upz": "22", "nombre_upz": "DOCE DE OCTUBRE", "estrato": "Estrato 3", "zona": "URBANA", "caracter_media": "Académico", "lon": -74.076909999648265, "lat": 4.6733800005787201, "codigo_localidad": "12", "q_j": 263.65666666666669, "puntaje_2023": 273.85, "punt_global_2020": 260.92, "punt_global_2022": 256.2, "matricula_total": 749.0, "demanda_total": 815.0, "sobre_demanda_j": 1.0881174899866488, "n_hogares_muestra": null, "poblacion_expandida": 77094.944437127764, "tasa_pobreza_monetaria": 0.23460599510232261, "tasa_pobreza_extrema": 0.081437398942286798, "tasa_ipm": 0.029071309318121057, "ingreso_percapita_promedio": 1341675.5344901874, "capacidad_pago_promedio": 0.1845633003752038, "tamano_hogar_promedio": 3.2766465522827279, "gasto_educ_promedio": 359772.7819555201, "tasa_deficit_cuantitativo": 0.0032815073368908389, "tasa_deficit_cualitativo": 0.082117185204650153, "tasa_deficit_habitacional": 0.085398692541541088, "pct_estrato_1": 0.0029181004230694058, "pct_estrato_2": 0.0023714091780212831, "pct_estrato_3": 0.86427176844561171, "pct_estrato_4": 0.11637021946204255, "pct_estrato_5": 0.014068502491255134, "pct_estrato_6": 0.0, "s0_localidad": 0.49401305949623742, "dist_transmilenio_m": 633.11957975996222, "dist_sitp_m": 222.89598021334444, "dist_parque_m": 173.01125367450953, "homicidios": 31.0, "lesiones_personales": 1214.0, "hurto_personas": 18587.0, "hurto_residencias": 1176.0, "hurto_automotores": 352.0, "hurto_bicicletas": 816.0, "hurto_comercio": 4973.0, "hurto_entidades": 320.0, "violencia_intrafam": 1281.0, "delitos_sexuales": 275.0, "pct_no_oficial": 61.9, "n_sedes_total": 63, "n_sedes_no_oficial": 39 }, "geometry": { "type": "Point", "coordinates": [ -74.076909999648265, 4.67338000057872 ] } },
{ "type": "Feature", "properties": { "DANE12_EST": "111001011274", "id_establecimiento": "111001011274", "nombre_establecimiento": "COLEGIO ANDRES BELLO (IED)", "nombre_localidad": "Puente Aranda", "codigo_upz": "41", "nombre_upz": "MUZU", "estrato": "Estrato 3", "zona": "URBANA", "caracter_media": "Académico", "lon": -74.130309999573171, "lat": 4.5993500001449341, "codigo_localidad": "16", "q_j": 262.18, "puntaje_2023": 266.92, "punt_global_2020": 255.86, "punt_global_2022": 263.76, "matricula_total": 1719.0, "demanda_total": 1838.0, "sobre_demanda_j": 1.0692262943571844, "n_hogares_muestra": 2264.0, "poblacion_expandida": 59388.999998200001, "tasa_pobreza_monetaria": 0.21965264471190579, "tasa_pobreza_extrema": 0.072334236934957594, "tasa_ipm": 0.021314455866210301, "ingreso_percapita_promedio": 1066974.7093374557, "capacidad_pago_promedio": 0.120081215040094, "tamano_hogar_promedio": 3.4432326570947112, "gasto_educ_promedio": 332788.85708892788, "tasa_deficit_cuantitativo": 0.0083460014483325001, "tasa_deficit_cualitativo": 0.051646673853625397, "tasa_deficit_habitacional": 0.059992675301958003, "pct_estrato_1": 0.0, "pct_estrato_2": 0.0050300839247849, "pct_estrato_3": 0.99496991607521501, "pct_estrato_4": 0.0, "pct_estrato_5": 0.0, "pct_estrato_6": 0.0, "s0_localidad": 0.52110761758736768, "dist_transmilenio_m": 650.35535612958768, "dist_sitp_m": 152.25607109086565, "dist_parque_m": 17.662684823393352, "homicidios": 81.0, "lesiones_personales": 1979.0, "hurto_personas": 20917.0, "hurto_residencias": 1572.0, "hurto_automotores": 1079.0, "hurto_bicicletas": 778.0, "hurto_comercio": 5413.0, "hurto_entidades": 730.0, "violencia_intrafam": 2327.0, "delitos_sexuales": 548.0, "pct_no_oficial": 68.0, "n_sedes_total": 100, "n_sedes_no_oficial": 68 }, "geometry": { "type": "Point", "coordinates": [ -74.130309999573171, 4.599350000144934 ] } },
{ "type": "Feature", "properties": { "DANE12_EST": "111001011321", "id_establecimiento": "111001011321", "nombre_establecimiento": "COLEGIO CARLOS ARTURO TORRES (IED)", "nombre_localidad": "Kennedy", "codigo_upz": "45", "nombre_upz": "CARVAJAL", "estrato": "Estrato 3", "zona": "URBANA", "caracter_media": "Académico", "lon": -74.146400000409812, "lat": 4.5995599999755807, "codigo_localidad": "08", "q_j": 239.98, "puntaje_2023": 245.96, "punt_global_2020": 233.55, "punt_global_2022": 240.43, "matricula_total": 2251.0, "demanda_total": 2616.0, "sobre_demanda_j": 1.1621501554864504, "n_hogares_muestra": 2469.0, "poblacion_expandida": 89478.999998500018, "tasa_pobreza_monetaria": 0.32445712072538452, "tasa_pobreza_extrema": 0.085893314984843802, "tasa_ipm": 0.041267653197531201, "ingreso_percapita_promedio": 878070.43970562285, "capacidad_pago_promedio": 0.2447215180306784, "tamano_hogar_promedio": 3.5037879078024523, "gasto_educ_promedio": 248400.25873332031, "tasa_deficit_cuantitativo": 0.010927202968477399, "tasa_deficit_cualitativo": 0.1160162726580987, "tasa_deficit_habitacional": 0.12694347562657621, "pct_estrato_1": 0.0132996693963941, "pct_estrato_2": 0.28118569886478129, "pct_estrato_3": 0.70551463173882434, "pct_estrato_4": 0.0, "pct_estrato_5": 0.0, "pct_estrato_6": 0.0, "s0_localidad": 0.3719221758740453, "dist_transmilenio_m": 507.6263484817996, "dist_sitp_m": 131.74346951018887, "dist_parque_m": 67.436134848377179, "homicidios": 277.0, "lesiones_personales": 5216.0, "hurto_personas": 45928.0, "hurto_residencias": 4574.0, "hurto_automotores": 2662.0, "hurto_bicicletas": 2842.0, "hurto_comercio": 11829.0, "hurto_entidades": 2994.0, "violencia_intrafam": 8341.0, "delitos_sexuales": 1353.0, "pct_no_oficial": 70.99, "n_sedes_total": 262, "n_sedes_no_oficial": 186 }, "geometry": { "type": "Point", "coordinates": [ -74.146400000409812, 4.599559999975581 ] } },
{ "type": "Feature", "properties": { "DANE12_EST": "111001011690", "id_establecimiento": "111001011690", "nombre_establecimiento": "COLEGIO LA AMISTAD (IED)", "nombre_localidad": "Kennedy", "codigo_upz": "47", "nombre_upz": "KENNEDY CENTRAL", "estrato": "Estrato 3", "zona": "URBANA", "caracter_media": "Académico", "lon": -74.148229999797607, "lat": 4.6233700000914304, "codigo_localidad": "08", "q_j": 240.01666666666668, "puntaje_2023": 246.12, "punt_global_2020": 237.59, "punt_global_2022": 236.34, "matricula_total": 2399.0, "demanda_total": 2971.0, "sobre_demanda_j": 1.2384326802834515, "n_hogares_muestra": 2378.0, "poblacion_expandida": 93575.000004200003, "tasa_pobreza_monetaria": 0.26720831431341407, "tasa_pobreza_extrema": 0.075044495104299294, "tasa_ipm": 0.033715406031080898, "ingreso_percapita_promedio": 926690.95101803122, "capacidad_pago_promedio": 0.1664851532866766, "tamano_hogar_promedio": 3.5136041090733938, "gasto_educ_promedio": 259520.21119855996, "tasa_deficit_cuantitativo": 0.0040550762701893001, "tasa_deficit_cualitativo": 0.074436671314852904, "tasa_deficit_habitacional": 0.078491747585042307, "pct_estrato_1": 0.0010352239550697, "pct_estrato_2": 0.0074430445350652996, "pct_estrato_3": 0.99152173150986478, "pct_estrato_4": 0.0, "pct_estrato_5": 0.0, "pct_estrato_6": 0.0, "s0_localidad": 0.3719221758740453, "dist_transmilenio_m": 922.38641276229214, "dist_sitp_m": 108.77819245970828, "dist_parque_m": 124.49645154670843, "homicidios": 277.0, "lesiones_personales": 5216.0, "hurto_personas": 45928.0, "hurto_residencias": 4574.0, "hurto_automotores": 2662.0, "hurto_bicicletas": 2842.0, "hurto_comercio": 11829.0, "hurto_entidades": 2994.0, "violencia_intrafam": 8341.0, "delitos_sexuales": 1353.0, "pct_no_oficial": 70.99, "n_sedes_total": 262, "n_sedes_no_oficial": 186 }, "geometry": { "type": "Point", "coordinates": [ -74.148229999797607, 4.62337000009143 ] } },
{ "type": "Feature", "properties": { "DANE12_EST": "111001011771", "id_establecimiento": "111001011771", "nombre_establecimiento": "COLEGIO JOSE ASUNCION SILVA (IED)", "nombre_localidad": "Engativa", "codigo_upz": "29", "nombre_upz": "EL MINUTO DE DIOS", "estrato": "Estrato 3", "zona": "URBANA", "caracter_media": "Académico", "lon": -74.098549999821032, "lat": 4.7127400004403572, "codigo_localidad": "10", "q_j": 268.66, "puntaje_2023": 264.23, "punt_global_2020": 267.39, "punt_global_2022": 274.36, "matricula_total": 760.0, "demanda_total": 804.0, "sobre_demanda_j": 1.0578947368421052, "n_hogares_muestra": 2166.0, "poblacion_expandida": 110558.9999976, "tasa_pobreza_monetaria": 0.26925903660168982, "tasa_pobreza_extrema": 0.097532512609865105, "tasa_ipm": 0.032849686395307803, "ingreso_percapita_promedio": 931557.49899179663, "capacidad_pago_promedio": 0.2136129795540179, "tamano_hogar_promedio": 3.3385683072225012, "gasto_educ_promedio": 241862.34593798919, "tasa_deficit_cuantitativo": 0.0077472086028147003, "tasa_deficit_cualitativo": 0.079993850503278605, "tasa_deficit_habitacional": 0.087741059106093297, "pct_estrato_1": 0.017953244973661901, "pct_estrato_2": 0.31938856027882417, "pct_estrato_3": 0.66218723013765712, "pct_estrato_4": 0.00047096460985649998, "pct_estrato_5": 0.0, "pct_estrato_6": 0.0, "s0_localidad": 0.45908732785239414, "dist_transmilenio_m": 1118.4982841770156, "dist_sitp_m": 63.664108643478997, "dist_parque_m": 24.1024812950312, "homicidios": 114.0, "lesiones_personales": 3260.0, "hurto_personas": 44584.0, "hurto_residencias": 4694.0, "hurto_automotores": 1548.0, "hurto_bicicletas": 2840.0, "hurto_comercio": 11724.0, "hurto_entidades": 1616.0, "violencia_intrafam": 6497.0, "delitos_sexuales": 1001.0, "pct_no_oficial": 73.15, "n_sedes_total": 257, "n_sedes_no_oficial": 188 }, "geometry": { "type": "Point", "coordinates": [ -74.098549999821032, 4.712740000440357 ] } },
{ "type": "Feature", "properties": { "DANE12_EST": "111001011819", "id_establecimiento": "111001011819", "nombre_establecimiento": "COLEGIO LICEO FEMENINO DE CUNDINAMARCA MERCEDES NARIÑO (IED)", "nombre_localidad": "Rafael Uribe Uribe", "codigo_upz": "36", "nombre_upz": "SAN JOSE", "estrato": "Estrato 3", "zona": "URBANA", "caracter_media": "Académico", "lon": -74.103839999764489, "lat": 4.5808100000965242, "codigo_localidad": "18", "q_j": 261.0266666666667, "puntaje_2023": 266.25, "punt_global_2020": 259.71, "punt_global_2022": 257.12, "matricula_total": 3786.0, "demanda_total": 4119.0, "sobre_demanda_j": 1.0879556259904912, "n_hogares_muestra": 2185.0, "poblacion_expandida": 48723.000006100003, "tasa_pobreza_monetaria": 0.3125623057897372, "tasa_pobreza_extrema": 0.1053114940081193, "tasa_ipm": 0.0273850604444092, "ingreso_percapita_promedio": 979518.96552884765, "capacidad_pago_promedio": 0.1711706012325977, "tamano_hogar_promedio": 3.1911789136143875, "gasto_educ_promedio": 291290.06272087869, "tasa_deficit_cuantitativo": 0.0050929432910315998, "tasa_deficit_cualitativo": 0.067327171623038404, "tasa_deficit_habitacional": 0.072420114914070105, "pct_estrato_1": 0.0, "pct_estrato_2": 0.0291557383026937, "pct_estrato_3": 0.9700897110744916, "pct_estrato_4": 0.0, "pct_estrato_5": 0.0, "pct_estrato_6": 0.0, "s0_localidad": 0.2741314328601635, "dist_transmilenio_m": 291.16336795120719, "dist_sitp_m": 123.72973087327891, "dist_parque_m": 388.12903657354627, "homicidios": 159.0, "lesiones_personales": 2500.0, "hurto_personas": 13897.0, "hurto_residencias": 1530.0, "hurto_automotores": 660.0, "hurto_bicicletas": 415.0, "hurto_comercio": 3902.0, "hurto_entidades": 942.0, "violencia_intrafam": 3177.0, "delitos_sexuales": 716.0, "pct_no_oficial": 57.85, "n_sedes_total": 121, "n_sedes_no_oficial": 70 }, "geometry": { "type": "Point", "coordinates": [ -74.103839999764489, 4.580810000096524 ] } },
{ "type": "Feature", "properties": { "DANE12_EST": "111001011908", "id_establecimiento": "111001011908", "nombre_establecimiento": "COLEGIO ESCUELA NORMAL SUPERIOR DISTRITAL MARIA MONTESSORI (IED)", "nombre_localidad": "Antonio Nariño", "codigo_upz": "38", "nombre_upz": "RESTREPO", "estrato": "Estrato 3", "zona": "URBANA", "caracter_media": "Sin información", "lon": -74.096979999825948, "lat": 4.5851999999976849, "codigo_localidad": "15", "q_j": 287.08333333333331, "puntaje_2023": 288.85, "punt_global_2020": 282.33, "punt_global_2022": 290.07, "matricula_total": 2420.0, "demanda_total": 3086.0, "sobre_demanda_j": 1.2752066115702478, "n_hogares_muestra": 2145.0, "poblacion_expandida": 56056.999997799998, "tasa_pobreza_monetaria": 0.2210592286473827, "tasa_pobreza_extrema": 0.062906507799889294, "tasa_ipm": 0.041575187967452097, "ingreso_percapita_promedio": 1145227.1597134708, "capacidad_pago_promedio": 0.12931852270518401, "tamano_hogar_promedio": 3.6959190017612618, "gasto_educ_promedio": 389904.6851137919, "tasa_deficit_cuantitativo": 0.0057356332413902996, "tasa_deficit_cualitativo": 0.1219053248188128, "tasa_deficit_habitacional": 0.12764095806020309, "pct_estrato_1": 0.0, "pct_estrato_2": 0.0049999584139536002, "pct_estrato_3": 0.99353565876849959, "pct_estrato_4": 0.0, "pct_estrato_5": 0.0, "pct_estrato_6": 0.0, "s0_localidad": 0.4744712548125819, "dist_transmilenio_m": 359.40968026199039, "dist_sitp_m": 205.06679415586336, "dist_parque_m": 121.64609277957908, "homicidios": 25.0, "lesiones_personales": 789.0, "hurto_personas": 8646.0, "hurto_residencias": 610.0, "hurto_automotores": 380.0, "hurto_bicicletas": 271.0, "hurto_comercio": 2516.0, "hurto_entidades": 305.0, "violencia_intrafam": 849.0, "delitos_sexuales": 196.0, "pct_no_oficial": 69.05, "n_sedes_total": 42, "n_sedes_no_oficial": 29 }, "geometry": { "type": "Point", "coordinates": [ -74.096979999825948, 4.585199999997685 ] } },
{ "type": "Feature", "properties": { "DANE12_EST": "111001011975", "id_establecimiento": "111001011975", "nombre_establecimiento": "COLEGIO GRAN COLOMBIA (CED)", "nombre_localidad": "San Cristobal", "codigo_upz": "32", "nombre_upz": "SAN BLAS", "estrato": "Estrato 1", "zona": "URBANA", "caracter_media": "Sin información", "lon": -74.070130000075679, "lat": 4.5680800004434312, "codigo_localidad": "04", "q_j": 264.0, "puntaje_2023": 255.44714285714286, "punt_global_2020": 270.5, "punt_global_2022": 258.5, "matricula_total": 111.0, "demanda_total": 115.0, "sobre_demanda_j": 1.0360360360360361, "n_hogares_muestra": 2576.0, "poblacion_expandida": 103547.9999957, "tasa_pobreza_monetaria": 0.53281572810765165, "tasa_pobreza_extrema": 0.17804593568360169, "tasa_ipm": 0.067906413079847003, "ingreso_percapita_promedio": 549847.98617717263, "capacidad_pago_promedio": 0.52019094688102929, "tamano_hogar_promedio": 3.6905228238495118, "gasto_educ_promedio": 137818.05261490447, "tasa_deficit_cuantitativo": 0.0341879814409453, "tasa_deficit_cualitativo": 0.1618981974832556, "tasa_deficit_habitacional": 0.19608617892420099, "pct_estrato_1": 0.1275309686584809, "pct_estrato_2": 0.85813449443533429, "pct_estrato_3": 0.0083652084476375007, "pct_estrato_4": 0.0, "pct_estrato_5": 0.0, "pct_estrato_6": 0.0, "s0_localidad": 0.24275340378588084, "dist_transmilenio_m": 2695.305421540108, "dist_sitp_m": 66.657984773945287, "dist_parque_m": 55.573925665497669, "homicidios": 113.0, "lesiones_personales": 2653.0, "hurto_personas": 11264.0, "hurto_residencias": 1302.0, "hurto_automotores": 438.0, "hurto_bicicletas": 251.0, "hurto_comercio": 3279.0, "hurto_entidades": 810.0, "violencia_intrafam": 4309.0, "delitos_sexuales": 811.0, "pct_no_oficial": 49.61, "n_sedes_total": 129, "n_sedes_no_oficial": 64 }, "geometry": { "type": "Point", "coordinates": [ -74.070130000075679, 4.568080000443431 ] } },
{ "type": "Feature", "properties": { "DANE12_EST": "111001012033", "id_establecimiento": "111001012033", "nombre_establecimiento": "COLEGIO VEINTE DE JULIO (IED)", "nombre_localidad": "San Cristobal", "codigo_upz": "34", "nombre_upz": "20 DE JULIO", "estrato": "Sin estrato", "zona": "URBANA", "caracter_media": "Académico", "lon": -74.093940000293173, "lat": 4.5711599997093932, "codigo_localidad": "04", "q_j": 247.31, "puntaje_2023": 249.62, "punt_global_2020": 249.23, "punt_global_2022": 243.08, "matricula_total": 964.0, "demanda_total": 1075.0, "sobre_demanda_j": 1.1151452282157677, "n_hogares_muestra": 2665.0, "poblacion_expandida": 80466.000000300002, "tasa_pobreza_monetaria": 0.43638192772685458, "tasa_pobreza_extrema": 0.13742584082294099, "tasa_ipm": 0.055464445627760303, "ingreso_percapita_promedio": 664284.91079455626, "capacidad_pago_promedio": 0.4244786661940777, "tamano_hogar_promedio": 3.7802722077283062, "gasto_educ_promedio": 225987.00528337804, "tasa_deficit_cuantitativo": 0.0122805236733069, "tasa_deficit_cualitativo": 0.1420960154805429, "tasa_deficit_habitacional": 0.15437653915384991, "pct_estrato_1": 0.0010078821912322001, "pct_estrato_2": 0.68787336744207039, "pct_estrato_3": 0.31111875036669723, "pct_estrato_4": 0.0, "pct_estrato_5": 0.0, "pct_estrato_6": 0.0, "s0_localidad": 0.24275340378588084, "dist_transmilenio_m": 521.08507721523415, "dist_sitp_m": 100.10543241447797, "dist_parque_m": 47.773055671429987, "homicidios": 113.0, "lesiones_personales": 2653.0, "hurto_personas": 11264.0, "hurto_residencias": 1302.0, "hurto_automotores": 438.0, "hurto_bicicletas": 251.0, "hurto_comercio": 3279.0, "hurto_entidades": 810.0, "violencia_intrafam": 4309.0, "delitos_sexuales": 811.0, "pct_no_oficial": 49.61, "n_sedes_total": 129, "n_sedes_no_oficial": 64 }, "geometry": { "type": "Point", "coordinates": [ -74.093940000293173, 4.571159999709393 ] } },
{ "type": "Feature", "properties": { "DANE12_EST": "111001012246", "id_establecimiento": "111001012246", "nombre_establecimiento": "COLEGIO PANTALEON GAITAN PEREZ (CED)", "nombre_localidad": "San Cristobal", "codigo_upz": "32", "nombre_upz": "SAN BLAS", "estrato": "Estrato 1", "zona": "URBANA", "caracter_media": "Sin información", "lon": -74.074779999786514, "lat": 4.5691500002609402, "codigo_localidad": "04", "q_j": 252.02366666666666, "puntaje_2023": 257.27746031746028, "punt_global_2020": 252.192, "punt_global_2022": 250.424, "matricula_total": 147.0, "demanda_total": 159.0, "sobre_demanda_j": 1.0816326530612246, "n_hogares_muestra": 2576.0, "poblacion_expandida": 103547.9999957, "tasa_pobreza_monetaria": 0.53281572810765165, "tasa_pobreza_extrema": 0.17804593568360169, "tasa_ipm": 0.067906413079847003, "ingreso_percapita_promedio": 549847.98617717263, "capacidad_pago_promedio": 0.52019094688102929, "tamano_hogar_promedio": 3.6905228238495118, "gasto_educ_promedio": 137818.05261490447, "tasa_deficit_cuantitativo": 0.0341879814409453, "tasa_deficit_cualitativo": 0.1618981974832556, "tasa_deficit_habitacional": 0.19608617892420099, "pct_estrato_1": 0.1275309686584809, "pct_estrato_2": 0.85813449443533429, "pct_estrato_3": 0.0083652084476375007, "pct_estrato_4": 0.0, "pct_estrato_5": 0.0, "pct_estrato_6": 0.0, "s0_localidad": 0.24275340378588084, "dist_transmilenio_m": 2208.5753789585765, "dist_sitp_m": 61.837096187940119, "dist_parque_m": 117.33323059206332, "homicidios": 113.0, "lesiones_personales": 2653.0, "hurto_personas": 11264.0, "hurto_residencias": 1302.0, "hurto_automotores": 438.0, "hurto_bicicletas": 251.0, "hurto_comercio": 3279.0, "hurto_entidades": 810.0, "violencia_intrafam": 4309.0, "delitos_sexuales": 811.0, "pct_no_oficial": 49.61, "n_sedes_total": 129, "n_sedes_no_oficial": 64 }, "geometry": { "type": "Point", "coordinates": [ -74.074779999786514, 4.56915000026094 ] } },
{ "type": "Feature", "properties": { "DANE12_EST": "111001012271", "id_establecimiento": "111001012271", "nombre_establecimiento": "COLEGIO RAFAEL URIBE URIBE (IED)", "nombre_localidad": "Tunjuelito", "codigo_upz": "42", "nombre_upz": "VENECIA", "estrato": "Estrato 3", "zona": "URBANA", "caracter_media": "Académico - Técnico", "lon": -74.128920000401422, "lat": 4.5800199997836337, "codigo_localidad": "06", "q_j": 268.95, "puntaje_2023": 273.46, "punt_global_2020": 259.67, "punt_global_2022": 273.72, "matricula_total": 1829.0, "demanda_total": 1980.0, "sobre_demanda_j": 1.082558775287042, "n_hogares_muestra": 2196.0, "poblacion_expandida": 139490.00000639999, "tasa_pobreza_monetaria": 0.3456416416631149, "tasa_pobreza_extrema": 0.1503118512921213, "tasa_ipm": 0.036363872199206101, "ingreso_percapita_promedio": 842886.87202135962, "capacidad_pago_promedio": 0.25434746722540807, "tamano_hogar_promedio": 3.1588579415756208, "gasto_educ_promedio": 260612.53234385408, "tasa_deficit_cuantitativo": 0.0054515723698122, "tasa_deficit_cualitativo": 0.13446758352454949, "tasa_deficit_habitacional": 0.13991915589436171, "pct_estrato_1": 0.0, "pct_estrato_2": 0.54682567130475535, "pct_estrato_3": 0.45317432869524471, "pct_estrato_4": 0.0, "pct_estrato_5": 0.0, "pct_estrato_6": 0.0, "s0_localidad": 0.24596233549441804, "dist_transmilenio_m": 1086.7501451890803, "dist_sitp_m": 146.93708482615091, "dist_parque_m": 105.63929978406824, "homicidios": 67.0, "lesiones_personales": 1311.0, "hurto_personas": 8872.0, "hurto_residencias": 687.0, "hurto_automotores": 293.0, "hurto_bicicletas": 367.0, "hurto_comercio": 2403.0, "hurto_entidades": 312.0, "violencia_intrafam": 1641.0, "delitos_sexuales": 328.0, "pct_no_oficial": 64.29, "n_sedes_total": 70, "n_sedes_no_oficial": 45 }, "geometry": { "type": "Point", "coordinates": [ -74.128920000401422, 4.580019999783634 ] } },
{ "type": "Feature", "properties": { "DANE12_EST": "111001012301", "id_establecimiento": "111001012301", "nombre_establecimiento": "COLEGIO SAN JOSE SUR ORIENTAL (IED)", "nombre_localidad": "San Cristobal", "codigo_upz": "50", "nombre_upz": "LA GLORIA", "estrato": "Estrato 2", "zona": "URBANA", "caracter_media": "Académico", "lon": -74.084229999894347, "lat": 4.5463099999840191, "codigo_localidad": "04", "q_j": 258.03666666666669, "puntaje_2023": 258.76, "punt_global_2020": 259.44, "punt_global_2022": 255.91, "matricula_total": 1035.0, "demanda_total": 1108.0, "sobre_demanda_j": 1.0705314009661835, "n_hogares_muestra": 2500.0, "poblacion_expandida": 96156.000003299996, "tasa_pobreza_monetaria": 0.52211849174442582, "tasa_pobreza_extrema": 0.1745577883889092, "tasa_ipm": 0.063078607524146596, "ingreso_percapita_promedio": 557986.08365625329, "capacidad_pago_promedio": 0.54539218974063186, "tamano_hogar_promedio": 3.6158040380940122, "gasto_educ_promedio": 150029.19056531519, "tasa_deficit_cuantitativo": 0.0079722719307550993, "tasa_deficit_cualitativo": 0.2070523211616199, "tasa_deficit_habitacional": 0.21502459309237509, "pct_estrato_1": 0.035853985153102001, "pct_estrato_2": 0.96414601484689799, "pct_estrato_3": 0.0, "pct_estrato_4": 0.0, "pct_estrato_5": 0.0, "pct_estrato_6": 0.0, "s0_localidad": 0.24275340378588084, "dist_transmilenio_m": 2581.381148464181, "dist_sitp_m": 99.104408735393449, "dist_parque_m": 46.012427201786721, "homicidios": 113.0, "lesiones_personales": 2653.0, "hurto_personas": 11264.0, "hurto_residencias": 1302.0, "hurto_automotores": 438.0, "hurto_bicicletas": 251.0, "hurto_comercio": 3279.0, "hurto_entidades": 810.0, "violencia_intrafam": 4309.0, "delitos_sexuales": 811.0, "pct_no_oficial": 49.61, "n_sedes_total": 129, "n_sedes_no_oficial": 64 }, "geometry": { "type": "Point", "coordinates": [ -74.084229999894347, 4.546309999984019 ] } },
{ "type": "Feature", "properties": { "DANE12_EST": "111001012335", "id_establecimiento": "111001012335", "nombre_establecimiento": "COLEGIO JUANA ESCOBAR (IED)", "nombre_localidad": "San Cristobal", "codigo_upz": "51", "nombre_upz": "LOS LIBERTADORES", "estrato": "Estrato 2", "zona": "URBANA", "caracter_media": "Académico", "lon": -74.085609999918645, "lat": 4.5309199999127809, "codigo_localidad": "04", "q_j": 246.74, "puntaje_2023": 246.79, "punt_global_2020": 249.0, "punt_global_2022": 244.43, "matricula_total": 1805.0, "demanda_total": 1865.0, "sobre_demanda_j": 1.0332409972299168, "n_hogares_muestra": 2692.0, "poblacion_expandida": 77733.999996699989, "tasa_pobreza_monetaria": 0.52653769833454578, "tasa_pobreza_extrema": 0.1756566622209029, "tasa_ipm": 0.067361788036409895, "ingreso_percapita_promedio": 552249.07066018332, "capacidad_pago_promedio": 0.55247422117121425, "tamano_hogar_promedio": 3.6592377897750734, "gasto_educ_promedio": 168187.30175970253, "tasa_deficit_cuantitativo": 0.0051636119898246999, "tasa_deficit_cualitativo": 0.18674045249075361, "tasa_deficit_habitacional": 0.1919040644805784, "pct_estrato_1": 0.19496129335610379, "pct_estrato_2": 0.80181198873396431, "pct_estrato_3": 0.0, "pct_estrato_4": 0.0, "pct_estrato_5": 0.0, "pct_estrato_6": 0.0, "s0_localidad": 0.24275340378588084, "dist_transmilenio_m": 3745.5760462000144, "dist_sitp_m": 76.408286037151527, "dist_parque_m": 200.49042826470253, "homicidios": 113.0, "lesiones_personales": 2653.0, "hurto_personas": 11264.0, "hurto_residencias": 1302.0, "hurto_automotores": 438.0, "hurto_bicicletas": 251.0, "hurto_comercio": 3279.0, "hurto_entidades": 810.0, "violencia_intrafam": 4309.0, "delitos_sexuales": 811.0, "pct_no_oficial": 49.61, "n_sedes_total": 129, "n_sedes_no_oficial": 64 }, "geometry": { "type": "Point", "coordinates": [ -74.085609999918645, 4.530919999912781 ] } },
{ "type": "Feature", "properties": { "DANE12_EST": "111001012343", "id_establecimiento": "111001012343", "nombre_establecimiento": "COLEGIO TOM ADAMS (IED)", "nombre_localidad": "Kennedy", "codigo_upz": "47", "nombre_upz": "KENNEDY CENTRAL", "estrato": "Estrato 3", "zona": "URBANA", "caracter_media": "Académico", "lon": -74.155709999877246, "lat": 4.6180800003018154, "codigo_localidad": "08", "q_j": 260.92333333333335, "puntaje_2023": 260.33, "punt_global_2020": 263.02, "punt_global_2022": 259.42, "matricula_total": 2219.0, "demanda_total": 2451.0, "sobre_demanda_j": 1.1045515998197386, "n_hogares_muestra": 2378.0, "poblacion_expandida": 93575.000004200003, "tasa_pobreza_monetaria": 0.26720831431341407, "tasa_pobreza_extrema": 0.075044495104299294, "tasa_ipm": 0.033715406031080898, "ingreso_percapita_promedio": 926690.95101803122, "capacidad_pago_promedio": 0.1664851532866766, "tamano_hogar_promedio": 3.5136041090733938, "gasto_educ_promedio": 259520.21119855996, "tasa_deficit_cuantitativo": 0.0040550762701893001, "tasa_deficit_cualitativo": 0.074436671314852904, "tasa_deficit_habitacional": 0.078491747585042307, "pct_estrato_1": 0.0010352239550697, "pct_estrato_2": 0.0074430445350652996, "pct_estrato_3": 0.99152173150986478, "pct_estrato_4": 0.0, "pct_estrato_5": 0.0, "pct_estrato_6": 0.0, "s0_localidad": 0.3719221758740453, "dist_transmilenio_m": 1836.5214692837014, "dist_sitp_m": 137.29026483911318, "dist_parque_m": 132.80862871664664, "homicidios": 277.0, "lesiones_personales": 5216.0, "hurto_personas": 45928.0, "hurto_residencias": 4574.0, "hurto_automotores": 2662.0, "hurto_bicicletas": 2842.0, "hurto_comercio": 11829.0, "hurto_entidades": 2994.0, "violencia_intrafam": 8341.0, "delitos_sexuales": 1353.0, "pct_no_oficial": 70.99, "n_sedes_total": 262, "n_sedes_no_oficial": 186 }, "geometry": { "type": "Point", "coordinates": [ -74.155709999877246, 4.618080000301815 ] } },
{ "type": "Feature", "properties": { "DANE12_EST": "111001012360", "id_establecimiento": "111001012360", "nombre_establecimiento": "COLEGIO EL JAPON (IED)", "nombre_localidad": "Kennedy", "codigo_upz": "47", "nombre_upz": "KENNEDY CENTRAL", "estrato": "Estrato 3", "zona": "URBANA", "caracter_media": "Académico", "lon": -74.153509999695288, "lat": 4.6215200000092942, "codigo_localidad": "08", "q_j": 252.14333333333335, "puntaje_2023": 256.54, "punt_global_2020": 247.42, "punt_global_2022": 252.47, "matricula_total": 1721.0, "demanda_total": 2350.0, "sobre_demanda_j": 1.3654851830331203, "n_hogares_muestra": 2378.0, "poblacion_expandida": 93575.000004200003, "tasa_pobreza_monetaria": 0.26720831431341407, "tasa_pobreza_extrema": 0.075044495104299294, "tasa_ipm": 0.033715406031080898, "ingreso_percapita_promedio": 926690.95101803122, "capacidad_pago_promedio": 0.1664851532866766, "tamano_hogar_promedio": 3.5136041090733938, "gasto_educ_promedio": 259520.21119855996, "tasa_deficit_cuantitativo": 0.0040550762701893001, "tasa_deficit_cualitativo": 0.074436671314852904, "tasa_deficit_habitacional": 0.078491747585042307, "pct_estrato_1": 0.0010352239550697, "pct_estrato_2": 0.0074430445350652996, "pct_estrato_3": 0.99152173150986478, "pct_estrato_4": 0.0, "pct_estrato_5": 0.0, "pct_estrato_6": 0.0, "s0_localidad": 0.3719221758740453, "dist_transmilenio_m": 1384.6335771836341, "dist_sitp_m": 166.01843978851664, "dist_parque_m": 85.286340134466485, "homicidios": 277.0, "lesiones_personales": 5216.0, "hurto_personas": 45928.0, "hurto_residencias": 4574.0, "hurto_automotores": 2662.0, "hurto_bicicletas": 2842.0, "hurto_comercio": 11829.0, "hurto_entidades": 2994.0, "violencia_intrafam": 8341.0, "delitos_sexuales": 1353.0, "pct_no_oficial": 70.99, "n_sedes_total": 262, "n_sedes_no_oficial": 186 }, "geometry": { "type": "Point", "coordinates": [ -74.153509999695288, 4.621520000009294 ] } },
{ "type": "Feature", "properties": { "DANE12_EST": "111001012441", "id_establecimiento": "111001012441", "nombre_establecimiento": "COLEGIO MORISCO (IED)", "nombre_localidad": "Engativa", "codigo_upz": "29", "nombre_upz": "EL MINUTO DE DIOS", "estrato": "Estrato 3", "zona": "URBANA", "caracter_media": "Académico", "lon": -74.09054000001197, "lat": 4.7056500001131472, "codigo_localidad": "10", "q_j": 280.0, "puntaje_2023": 283.85, "punt_global_2020": 275.98, "punt_global_2022": 280.17, "matricula_total": 1005.0, "demanda_total": 1084.0, "sobre_demanda_j": 1.0786069651741295, "n_hogares_muestra": 2166.0, "poblacion_expandida": 110558.9999976, "tasa_pobreza_monetaria": 0.26925903660168982, "tasa_pobreza_extrema": 0.097532512609865105, "tasa_ipm": 0.032849686395307803, "ingreso_percapita_promedio": 931557.49899179663, "capacidad_pago_promedio": 0.2136129795540179, "tamano_hogar_promedio": 3.3385683072225012, "gasto_educ_promedio": 241862.34593798919, "tasa_deficit_cuantitativo": 0.0077472086028147003, "tasa_deficit_cualitativo": 0.079993850503278605, "tasa_deficit_habitacional": 0.087741059106093297, "pct_estrato_1": 0.017953244973661901, "pct_estrato_2": 0.31938856027882417, "pct_estrato_3": 0.66218723013765712, "pct_estrato_4": 0.00047096460985649998, "pct_estrato_5": 0.0, "pct_estrato_6": 0.0, "s0_localidad": 0.45908732785239414, "dist_transmilenio_m": 943.90343119933766, "dist_sitp_m": 219.23203056671548, "dist_parque_m": 134.70189733048971, "homicidios": 114.0, "lesiones_personales": 3260.0, "hurto_personas": 44584.0, "hurto_residencias": 4694.0, "hurto_automotores": 1548.0, "hurto_bicicletas": 2840.0, "hurto_comercio": 11724.0, "hurto_entidades": 1616.0, "violencia_intrafam": 6497.0, "delitos_sexuales": 1001.0, "pct_no_oficial": 73.15, "n_sedes_total": 257, "n_sedes_no_oficial": 188 }, "geometry": { "type": "Point", "coordinates": [ -74.09054000001197, 4.705650000113147 ] } },
{ "type": "Feature", "properties": { "DANE12_EST": "111001012459", "id_establecimiento": "111001012459", "nombre_establecimiento": "COLEGIO SAN JOSE NORTE (IED)", "nombre_localidad": "Engativa", "codigo_upz": "30", "nombre_upz": "BOYACA REAL", "estrato": "Estrato 3", "zona": "URBANA", "caracter_media": "Académico", "lon": -74.10200000033096, "lat": 4.6992799998030437, "codigo_localidad": "10", "q_j": 306.71333333333337, "puntaje_2023": 328.85, "punt_global_2020": 290.98, "punt_global_2022": 300.31, "matricula_total": 1113.0, "demanda_total": 1249.0, "sobre_demanda_j": 1.1221922731356693, "n_hogares_muestra": 2323.0, "poblacion_expandida": 128077.9999945, "tasa_pobreza_monetaria": 0.21316985174169201, "tasa_pobreza_extrema": 0.087713598514049404, "tasa_ipm": 0.0197830925311826, "ingreso_percapita_promedio": 1221231.8086073501, "capacidad_pago_promedio": 0.12322486766484279, "tamano_hogar_promedio": 3.3229911651882169, "gasto_educ_promedio": 371577.38622723561, "tasa_deficit_cuantitativo": 0.0, "tasa_deficit_cualitativo": 0.064302304466447496, "tasa_deficit_habitacional": 0.064302304466447496, "pct_estrato_1": 0.0, "pct_estrato_2": 0.0071695178855027998, "pct_estrato_3": 0.97261072684418381, "pct_estrato_4": 0.016956639453249201, "pct_estrato_5": 0.0, "pct_estrato_6": 0.0032631158170641, "s0_localidad": 0.45908732785239414, "dist_transmilenio_m": 403.43871891927364, "dist_sitp_m": 169.79391481961625, "dist_parque_m": 223.78622634668875, "homicidios": 114.0, "lesiones_personales": 3260.0, "hurto_personas": 44584.0, "hurto_residencias": 4694.0, "hurto_automotores": 1548.0, "hurto_bicicletas": 2840.0, "hurto_comercio": 11724.0, "hurto_entidades": 1616.0, "violencia_intrafam": 6497.0, "delitos_sexuales": 1001.0, "pct_no_oficial": 73.15, "n_sedes_total": 257, "n_sedes_no_oficial": 188 }, "geometry": { "type": "Point", "coordinates": [ -74.10200000033096, 4.699279999803044 ] } },
{ "type": "Feature", "properties": { "DANE12_EST": "111001012483", "id_establecimiento": "111001012483", "nombre_establecimiento": "COLEGIO TABORA (IED)", "nombre_localidad": "Engativa", "codigo_upz": "30", "nombre_upz": "BOYACA REAL", "estrato": "Estrato 3", "zona": "URBANA", "caracter_media": "Académico", "lon": -74.097989999954393, "lat": 4.6940500003790433, "codigo_localidad": "10", "q_j": 270.35666666666663, "puntaje_2023": 273.46, "punt_global_2020": 259.62, "punt_global_2022": 277.99, "matricula_total": 1583.0, "demanda_total": 1713.0, "sobre_demanda_j": 1.082122552116235, "n_hogares_muestra": 2323.0, "poblacion_expandida": 128077.9999945, "tasa_pobreza_monetaria": 0.21316985174169201, "tasa_pobreza_extrema": 0.087713598514049404, "tasa_ipm": 0.0197830925311826, "ingreso_percapita_promedio": 1221231.8086073501, "capacidad_pago_promedio": 0.12322486766484279, "tamano_hogar_promedio": 3.3229911651882169, "gasto_educ_promedio": 371577.38622723561, "tasa_deficit_cuantitativo": 0.0, "tasa_deficit_cualitativo": 0.064302304466447496, "tasa_deficit_habitacional": 0.064302304466447496, "pct_estrato_1": 0.0, "pct_estrato_2": 0.0071695178855027998, "pct_estrato_3": 0.97261072684418381, "pct_estrato_4": 0.016956639453249201, "pct_estrato_5": 0.0, "pct_estrato_6": 0.0032631158170641, "s0_localidad": 0.45908732785239414, "dist_transmilenio_m": 607.74599108271525, "dist_sitp_m": 95.462603316780033, "dist_parque_m": 110.77085043329346, "homicidios": 114.0, "lesiones_personales": 3260.0, "hurto_personas": 44584.0, "hurto_residencias": 4694.0, "hurto_automotores": 1548.0, "hurto_bicicletas": 2840.0, "hurto_comercio": 11724.0, "hurto_entidades": 1616.0, "violencia_intrafam": 6497.0, "delitos_sexuales": 1001.0, "pct_no_oficial": 73.15, "n_sedes_total": 257, "n_sedes_no_oficial": 188 }, "geometry": { "type": "Point", "coordinates": [ -74.097989999954393, 4.694050000379043 ] } },
{ "type": "Feature", "properties": { "DANE12_EST": "111001012530", "id_establecimiento": "111001012530", "nombre_establecimiento": "COLEGIO EL JAZMIN (IED)", "nombre_localidad": "Puente Aranda", "codigo_upz": "40", "nombre_upz": "CIUDAD MONTES", "estrato": "Estrato 3", "zona": "URBANA", "caracter_media": "Académico", "lon": -74.114940000233346, "lat": 4.6101299997435206, "codigo_localidad": "16", "q_j": 263.61666666666662, "puntaje_2023": 270.45, "punt_global_2020": 252.47, "punt_global_2022": 267.93, "matricula_total": 1487.0, "demanda_total": 1636.0, "sobre_demanda_j": 1.1002017484868865, "n_hogares_muestra": 2216.0, "poblacion_expandida": 102337.999998, "tasa_pobreza_monetaria": 0.26892518363206092, "tasa_pobreza_extrema": 0.1492230603802932, "tasa_ipm": 0.032160553297546503, "ingreso_percapita_promedio": 1197049.8054420657, "capacidad_pago_promedio": 0.14485836851403891, "tamano_hogar_promedio": 3.4479478357745501, "gasto_educ_promedio": 354259.42587660241, "tasa_deficit_cuantitativo": 0.0032629278812026999, "tasa_deficit_cualitativo": 0.052480742054808197, "tasa_deficit_habitacional": 0.055743669936010903, "pct_estrato_1": 0.0012943872266664, "pct_estrato_2": 0.0016206459800195, "pct_estrato_3": 0.99708496679331404, "pct_estrato_4": 0.0, "pct_estrato_5": 0.0, "pct_estrato_6": 0.0, "s0_localidad": 0.52110761758736768, "dist_transmilenio_m": 1496.6096708440427, "dist_sitp_m": 223.16620926926029, "dist_parque_m": 78.609990548840102, "homicidios": 81.0, "lesiones_personales": 1979.0, "hurto_personas": 20917.0, "hurto_residencias": 1572.0, "hurto_automotores": 1079.0, "hurto_bicicletas": 778.0, "hurto_comercio": 5413.0, "hurto_entidades": 730.0, "violencia_intrafam": 2327.0, "delitos_sexuales": 548.0, "pct_no_oficial": 68.0, "n_sedes_total": 100, "n_sedes_no_oficial": 68 }, "geometry": { "type": "Point", "coordinates": [ -74.114940000233346, 4.610129999743521 ] } },
{ "type": "Feature", "properties": { "DANE12_EST": "111001012556", "id_establecimiento": "111001012556", "nombre_establecimiento": "COLEGIO ESPAÑA (IED)", "nombre_localidad": "Puente Aranda", "codigo_upz": "108", "nombre_upz": "ZONA INDUSTRIAL", "estrato": "Sin estrato", "zona": "URBANA", "caracter_media": "Académico", "lon": -74.093029999723825, "lat": 4.6218100003461871, "codigo_localidad": "16", "q_j": 254.35333333333335, "puntaje_2023": 243.46, "punt_global_2020": 253.5, "punt_global_2022": 266.1, "matricula_total": 566.0, "demanda_total": 662.0, "sobre_demanda_j": 1.1696113074204948, "n_hogares_muestra": null, "poblacion_expandida": 42160.416666875004, "tasa_pobreza_monetaria": 0.41593043291875209, "tasa_pobreza_extrema": 0.15193143684072424, "tasa_ipm": 0.098990747514314414, "ingreso_percapita_promedio": 888240.24331912771, "capacidad_pago_promedio": 0.35642050848487233, "tamano_hogar_promedio": 3.3569592469413325, "gasto_educ_promedio": 249013.92763963575, "tasa_deficit_cuantitativo": 0.02455675753849083, "tasa_deficit_cualitativo": 0.20289233749630395, "tasa_deficit_habitacional": 0.22744909503479485, "pct_estrato_1": 0.0016854713139709831, "pct_estrato_2": 0.24128135087118799, "pct_estrato_3": 0.67842071620013167, "pct_estrato_4": 0.076321776489375173, "pct_estrato_5": 0.0, "pct_estrato_6": 0.0, "s0_localidad": 0.52110761758736768, "dist_transmilenio_m": 641.19870512006753, "dist_sitp_m": 70.046307598267077, "dist_parque_m": 163.349510497983, "homicidios": 81.0, "lesiones_personales": 1979.0, "hurto_personas": 20917.0, "hurto_residencias": 1572.0, "hurto_automotores": 1079.0, "hurto_bicicletas": 778.0, "hurto_comercio": 5413.0, "hurto_entidades": 730.0, "violencia_intrafam": 2327.0, "delitos_sexuales": 548.0, "pct_no_oficial": 68.0, "n_sedes_total": 100, "n_sedes_no_oficial": 68 }, "geometry": { "type": "Point", "coordinates": [ -74.093029999723825, 4.621810000346187 ] } },
{ "type": "Feature", "properties": { "DANE12_EST": "111001012602", "id_establecimiento": "111001012602", "nombre_establecimiento": "COLEGIO ATANASIO GIRARDOT (IED)", "nombre_localidad": "Antonio Nariño", "codigo_upz": "38", "nombre_upz": "RESTREPO", "estrato": "Estrato 3", "zona": "URBANA", "caracter_media": "Académico", "lon": -74.104589999601927, "lat": 4.5943500005633, "codigo_localidad": "15", "q_j": 268.6466666666667, "puntaje_2023": 266.37, "punt_global_2020": 265.97, "punt_global_2022": 273.6, "matricula_total": 2377.0, "demanda_total": 2586.0, "sobre_demanda_j": 1.0879259570887674, "n_hogares_muestra": 2145.0, "poblacion_expandida": 56056.999997799998, "tasa_pobreza_monetaria": 0.2210592286473827, "tasa_pobreza_extrema": 0.062906507799889294, "tasa_ipm": 0.041575187967452097, "ingreso_percapita_promedio": 1145227.1597134708, "capacidad_pago_promedio": 0.12931852270518401, "tamano_hogar_promedio": 3.6959190017612618, "gasto_educ_promedio": 389904.6851137919, "tasa_deficit_cuantitativo": 0.0057356332413902996, "tasa_deficit_cualitativo": 0.1219053248188128, "tasa_deficit_habitacional": 0.12764095806020309, "pct_estrato_1": 0.0, "pct_estrato_2": 0.0049999584139536002, "pct_estrato_3": 0.99353565876849959, "pct_estrato_4": 0.0, "pct_estrato_5": 0.0, "pct_estrato_6": 0.0, "s0_localidad": 0.4744712548125819, "dist_transmilenio_m": 750.22900035510668, "dist_sitp_m": 87.799808999023639, "dist_parque_m": 41.361466450138217, "homicidios": 25.0, "lesiones_personales": 789.0, "hurto_personas": 8646.0, "hurto_residencias": 610.0, "hurto_automotores": 380.0, "hurto_bicicletas": 271.0, "hurto_comercio": 2516.0, "hurto_entidades": 305.0, "violencia_intrafam": 849.0, "delitos_sexuales": 196.0, "pct_no_oficial": 69.05, "n_sedes_total": 42, "n_sedes_no_oficial": 29 }, "geometry": { "type": "Point", "coordinates": [ -74.104589999601927, 4.5943500005633 ] } },
{ "type": "Feature", "properties": { "DANE12_EST": "111001012611", "id_establecimiento": "111001012611", "nombre_establecimiento": "COLEGIO BRAVO PAEZ (IED)", "nombre_localidad": "Rafael Uribe Uribe", "codigo_upz": "39", "nombre_upz": "QUIROGA", "estrato": "Estrato 3", "zona": "URBANA", "caracter_media": "Académico", "lon": -74.119009999986062, "lat": 4.5798300002809844, "codigo_localidad": "18", "q_j": 248.18, "puntaje_2023": 255.2, "punt_global_2020": 246.12, "punt_global_2022": 243.22, "matricula_total": 1718.0, "demanda_total": 1911.0, "sobre_demanda_j": 1.1123399301513388, "n_hogares_muestra": 2265.0, "poblacion_expandida": 92517.999998500018, "tasa_pobreza_monetaria": 0.44988045527761961, "tasa_pobreza_extrema": 0.1716353320008803, "tasa_ipm": 0.059948505752285101, "ingreso_percapita_promedio": 843427.0634521615, "capacidad_pago_promedio": 0.34561052227694511, "tamano_hogar_promedio": 3.2499598998916417, "gasto_educ_promedio": 230991.5177320262, "tasa_deficit_cuantitativo": 0.0065383441785360997, "tasa_deficit_cualitativo": 0.14873644958951879, "tasa_deficit_habitacional": 0.15527479376805489, "pct_estrato_1": 0.0017364461694222, "pct_estrato_2": 0.0014887309280597, "pct_estrato_3": 0.99630058644906339, "pct_estrato_4": 0.0, "pct_estrato_5": 0.0, "pct_estrato_6": 0.0, "s0_localidad": 0.2741314328601635, "dist_transmilenio_m": 464.15145497314154, "dist_sitp_m": 72.282052591402618, "dist_parque_m": 33.014364947552437, "homicidios": 159.0, "lesiones_personales": 2500.0, "hurto_personas": 13897.0, "hurto_residencias": 1530.0, "hurto_automotores": 660.0, "hurto_bicicletas": 415.0, "hurto_comercio": 3902.0, "hurto_entidades": 942.0, "violencia_intrafam": 3177.0, "delitos_sexuales": 716.0, "pct_no_oficial": 57.85, "n_sedes_total": 121, "n_sedes_no_oficial": 70 }, "geometry": { "type": "Point", "coordinates": [ -74.119009999986062, 4.579830000280984 ] } },
{ "type": "Feature", "properties": { "DANE12_EST": "111001012815", "id_establecimiento": "111001012815", "nombre_establecimiento": "COLEGIO QUIROGA ALIANZA (IED)", "nombre_localidad": "Rafael Uribe Uribe", "codigo_upz": "39", "nombre_upz": "QUIROGA", "estrato": "Estrato 3", "zona": "URBANA", "caracter_media": "Académico", "lon": -74.117290000203127, "lat": 4.5797000001680317, "codigo_localidad": "18", "q_j": 264.62666666666661, "puntaje_2023": 269.62, "punt_global_2020": 265.69, "punt_global_2022": 258.57, "matricula_total": 1235.0, "demanda_total": 1318.0, "sobre_demanda_j": 1.0672064777327934, "n_hogares_muestra": 2265.0, "poblacion_expandida": 92517.999998500018, "tasa_pobreza_monetaria": 0.44988045527761961, "tasa_pobreza_extrema": 0.1716353320008803, "tasa_ipm": 0.059948505752285101, "ingreso_percapita_promedio": 843427.0634521615, "capacidad_pago_promedio": 0.34561052227694511, "tamano_hogar_promedio": 3.2499598998916417, "gasto_educ_promedio": 230991.5177320262, "tasa_deficit_cuantitativo": 0.0065383441785360997, "tasa_deficit_cualitativo": 0.14873644958951879, "tasa_deficit_habitacional": 0.15527479376805489, "pct_estrato_1": 0.0017364461694222, "pct_estrato_2": 0.0014887309280597, "pct_estrato_3": 0.99630058644906339, "pct_estrato_4": 0.0, "pct_estrato_5": 0.0, "pct_estrato_6": 0.0, "s0_localidad": 0.2741314328601635, "dist_transmilenio_m": 455.28740831586691, "dist_sitp_m": 120.93214656581424, "dist_parque_m": 130.97404902457305, "homicidios": 159.0, "lesiones_personales": 2500.0, "hurto_personas": 13897.0, "hurto_residencias": 1530.0, "hurto_automotores": 660.0, "hurto_bicicletas": 415.0, "hurto_comercio": 3902.0, "hurto_entidades": 942.0, "violencia_intrafam": 3177.0, "delitos_sexuales": 716.0, "pct_no_oficial": 57.85, "n_sedes_total": 121, "n_sedes_no_oficial": 70 }, "geometry": { "type": "Point", "coordinates": [ -74.117290000203127, 4.579700000168032 ] } },
{ "type": "Feature", "properties": { "DANE12_EST": "111001012963", "id_establecimiento": "111001012963", "nombre_establecimiento": "COLEGIO TECNICO BENJAMIN HERRERA (IED)", "nombre_localidad": "Puente Aranda", "codigo_upz": "41", "nombre_upz": "MUZU", "estrato": "Estrato 3", "zona": "URBANA", "caracter_media": "Técnico", "lon": -74.123889999850689, "lat": 4.6033999999006916, "codigo_localidad": "16", "q_j": 264.42333333333335, "puntaje_2023": 264.01, "punt_global_2020": 269.52, "punt_global_2022": 259.74, "matricula_total": 1615.0, "demanda_total": 1740.0, "sobre_demanda_j": 1.0773993808049536, "n_hogares_muestra": 2264.0, "poblacion_expandida": 59388.999998200001, "tasa_pobreza_monetaria": 0.21965264471190579, "tasa_pobreza_extrema": 0.072334236934957594, "tasa_ipm": 0.021314455866210301, "ingreso_percapita_promedio": 1066974.7093374557, "capacidad_pago_promedio": 0.120081215040094, "tamano_hogar_promedio": 3.4432326570947112, "gasto_educ_promedio": 332788.85708892788, "tasa_deficit_cuantitativo": 0.0083460014483325001, "tasa_deficit_cualitativo": 0.051646673853625397, "tasa_deficit_habitacional": 0.059992675301958003, "pct_estrato_1": 0.0, "pct_estrato_2": 0.0050300839247849, "pct_estrato_3": 0.99496991607521501, "pct_estrato_4": 0.0, "pct_estrato_5": 0.0, "pct_estrato_6": 0.0, "s0_localidad": 0.52110761758736768, "dist_transmilenio_m": 1066.5265948957872, "dist_sitp_m": 84.446780532616316, "dist_parque_m": 67.206752401620719, "homicidios": 81.0, "lesiones_personales": 1979.0, "hurto_personas": 20917.0, "hurto_residencias": 1572.0, "hurto_automotores": 1079.0, "hurto_bicicletas": 778.0, "hurto_comercio": 5413.0, "hurto_entidades": 730.0, "violencia_intrafam": 2327.0, "delitos_sexuales": 548.0, "pct_no_oficial": 68.0, "n_sedes_total": 100, "n_sedes_no_oficial": 68 }, "geometry": { "type": "Point", "coordinates": [ -74.123889999850689, 4.603399999900692 ] } },
{ "type": "Feature", "properties": { "DANE12_EST": "111001012971", "id_establecimiento": "111001012971", "nombre_establecimiento": "COLEGIO RAFAEL DELGADO SALGUERO (IED)", "nombre_localidad": "Rafael Uribe Uribe", "codigo_upz": "39", "nombre_upz": "QUIROGA", "estrato": "Estrato 3", "zona": "URBANA", "caracter_media": "Académico", "lon": -74.120369999918879, "lat": 4.5847600002077327, "codigo_localidad": "18", "q_j": 259.83666666666664, "puntaje_2023": 264.62, "punt_global_2020": 248.85, "punt_global_2022": 266.04, "matricula_total": 831.0, "demanda_total": 897.0, "sobre_demanda_j": 1.0794223826714802, "n_hogares_muestra": 2265.0, "poblacion_expandida": 92517.999998500018, "tasa_pobreza_monetaria": 0.44988045527761961, "tasa_pobreza_extrema": 0.1716353320008803, "tasa_ipm": 0.059948505752285101, "ingreso_percapita_promedio": 843427.0634521615, "capacidad_pago_promedio": 0.34561052227694511, "tamano_hogar_promedio": 3.2499598998916417, "gasto_educ_promedio": 230991.5177320262, "tasa_deficit_cuantitativo": 0.0065383441785360997, "tasa_deficit_cualitativo": 0.14873644958951879, "tasa_deficit_habitacional": 0.15527479376805489, "pct_estrato_1": 0.0017364461694222, "pct_estrato_2": 0.0014887309280597, "pct_estrato_3": 0.99630058644906339, "pct_estrato_4": 0.0, "pct_estrato_5": 0.0, "pct_estrato_6": 0.0, "s0_localidad": 0.2741314328601635, "dist_transmilenio_m": 997.47762990307615, "dist_sitp_m": 146.28278054594057, "dist_parque_m": 194.46093104444171, "homicidios": 159.0, "lesiones_personales": 2500.0, "hurto_personas": 13897.0, "hurto_residencias": 1530.0, "hurto_automotores": 660.0, "hurto_bicicletas": 415.0, "hurto_comercio": 3902.0, "hurto_entidades": 942.0, "violencia_intrafam": 3177.0, "delitos_sexuales": 716.0, "pct_no_oficial": 57.85, "n_sedes_total": 121, "n_sedes_no_oficial": 70 }, "geometry": { "type": "Point", "coordinates": [ -74.120369999918879, 4.584760000207733 ] } },
{ "type": "Feature", "properties": { "DANE12_EST": "111001013102", "id_establecimiento": "111001013102", "nombre_establecimiento": "COLEGIO SAN PEDRO CLAVER (IED)", "nombre_localidad": "Kennedy", "codigo_upz": "47", "nombre_upz": "KENNEDY CENTRAL", "estrato": "Estrato 3", "zona": "URBANA", "caracter_media": "Académico", "lon": -74.160900000261563, "lat": 4.6218100003461871, "codigo_localidad": "08", "q_j": 266.73333333333335, "puntaje_2023": 265.0, "punt_global_2020": 262.7, "punt_global_2022": 272.5, "matricula_total": 2454.0, "demanda_total": 2673.0, "sobre_demanda_j": 1.0892420537897312, "n_hogares_muestra": 2378.0, "poblacion_expandida": 93575.000004200003, "tasa_pobreza_monetaria": 0.26720831431341407, "tasa_pobreza_extrema": 0.075044495104299294, "tasa_ipm": 0.033715406031080898, "ingreso_percapita_promedio": 926690.95101803122, "capacidad_pago_promedio": 0.1664851532866766, "tamano_hogar_promedio": 3.5136041090733938, "gasto_educ_promedio": 259520.21119855996, "tasa_deficit_cuantitativo": 0.0040550762701893001, "tasa_deficit_cualitativo": 0.074436671314852904, "tasa_deficit_habitacional": 0.078491747585042307, "pct_estrato_1": 0.0010352239550697, "pct_estrato_2": 0.0074430445350652996, "pct_estrato_3": 0.99152173150986478, "pct_estrato_4": 0.0, "pct_estrato_5": 0.0, "pct_estrato_6": 0.0, "s0_localidad": 0.3719221758740453, "dist_transmilenio_m": 1329.6482050810907, "dist_sitp_m": 164.53184727559469, "dist_parque_m": 54.99746867439098, "homicidios": 277.0, "lesiones_personales": 5216.0, "hurto_personas": 45928.0, "hurto_residencias": 4574.0, "hurto_automotores": 2662.0, "hurto_bicicletas": 2842.0, "hurto_comercio": 11829.0, "hurto_entidades": 2994.0, "violencia_intrafam": 8341.0, "delitos_sexuales": 1353.0, "pct_no_oficial": 70.99, "n_sedes_total": 262, "n_sedes_no_oficial": 186 }, "geometry": { "type": "Point", "coordinates": [ -74.160900000261563, 4.621810000346187 ] } },
{ "type": "Feature", "properties": { "DANE12_EST": "111001013129", "id_establecimiento": "111001013129", "nombre_establecimiento": "COLEGIO CLASS (IED)", "nombre_localidad": "Kennedy", "codigo_upz": "81", "nombre_upz": "GRAN BRITALIA", "estrato": "Estrato 2", "zona": "URBANA", "caracter_media": "Técnico", "lon": -74.179049999741466, "lat": 4.6141099998939428, "codigo_localidad": "08", "q_j": 243.80666666666664, "puntaje_2023": 241.89, "punt_global_2020": 250.42, "punt_global_2022": 239.11, "matricula_total": 2670.0, "demanda_total": 2928.0, "sobre_demanda_j": 1.0966292134831461, "n_hogares_muestra": 2381.0, "poblacion_expandida": 62532.000002100001, "tasa_pobreza_monetaria": 0.42257089620054689, "tasa_pobreza_extrema": 0.1110827996204619, "tasa_ipm": 0.062922965775408707, "ingreso_percapita_promedio": 679816.32936895674, "capacidad_pago_promedio": 0.41894009080023392, "tamano_hogar_promedio": 3.5394290578978311, "gasto_educ_promedio": 175746.67139168124, "tasa_deficit_cuantitativo": 0.0031220968607024, "tasa_deficit_cualitativo": 0.1647288881237457, "tasa_deficit_habitacional": 0.16785098498444809, "pct_estrato_1": 0.0053601105320274997, "pct_estrato_2": 0.97812244184171204, "pct_estrato_3": 0.016517447626260302, "pct_estrato_4": 0.0, "pct_estrato_5": 0.0, "pct_estrato_6": 0.0, "s0_localidad": 0.3719221758740453, "dist_transmilenio_m": 1823.3199402220373, "dist_sitp_m": 278.90170871145295, "dist_parque_m": 196.90607340111208, "homicidios": 277.0, "lesiones_personales": 5216.0, "hurto_personas": 45928.0, "hurto_residencias": 4574.0, "hurto_automotores": 2662.0, "hurto_bicicletas": 2842.0, "hurto_comercio": 11829.0, "hurto_entidades": 2994.0, "violencia_intrafam": 8341.0, "delitos_sexuales": 1353.0, "pct_no_oficial": 70.99, "n_sedes_total": 262, "n_sedes_no_oficial": 186 }, "geometry": { "type": "Point", "coordinates": [ -74.179049999741466, 4.614109999893943 ] } },
{ "type": "Feature", "properties": { "DANE12_EST": "111001013153", "id_establecimiento": "111001013153", "nombre_establecimiento": "COLEGIO PAULO VI (IED)", "nombre_localidad": "Kennedy", "codigo_upz": "47", "nombre_upz": "KENNEDY CENTRAL", "estrato": "Estrato 3", "zona": "URBANA", "caracter_media": "Académico", "lon": -74.158399999605649, "lat": 4.6216399998852191, "codigo_localidad": "08", "q_j": 252.75666666666666, "puntaje_2023": 253.62, "punt_global_2020": 250.47, "punt_global_2022": 254.18, "matricula_total": 2827.0, "demanda_total": 3261.0, "sobre_demanda_j": 1.1535196321188539, "n_hogares_muestra": 2378.0, "poblacion_expandida": 93575.000004200003, "tasa_pobreza_monetaria": 0.26720831431341407, "tasa_pobreza_extrema": 0.075044495104299294, "tasa_ipm": 0.033715406031080898, "ingreso_percapita_promedio": 926690.95101803122, "capacidad_pago_promedio": 0.1664851532866766, "tamano_hogar_promedio": 3.5136041090733938, "gasto_educ_promedio": 259520.21119855996, "tasa_deficit_cuantitativo": 0.0040550762701893001, "tasa_deficit_cualitativo": 0.074436671314852904, "tasa_deficit_habitacional": 0.078491747585042307, "pct_estrato_1": 0.0010352239550697, "pct_estrato_2": 0.0074430445350652996, "pct_estrato_3": 0.99152173150986478, "pct_estrato_4": 0.0, "pct_estrato_5": 0.0, "pct_estrato_6": 0.0, "s0_localidad": 0.3719221758740453, "dist_transmilenio_m": 1456.3729951650682, "dist_sitp_m": 53.516992539766157, "dist_parque_m": 129.71035239852742, "homicidios": 277.0, "lesiones_personales": 5216.0, "hurto_personas": 45928.0, "hurto_residencias": 4574.0, "hurto_automotores": 2662.0, "hurto_bicicletas": 2842.0, "hurto_comercio": 11829.0, "hurto_entidades": 2994.0, "violencia_intrafam": 8341.0, "delitos_sexuales": 1353.0, "pct_no_oficial": 70.99, "n_sedes_total": 262, "n_sedes_no_oficial": 186 }, "geometry": { "type": "Point", "coordinates": [ -74.158399999605649, 4.621639999885219 ] } },
{ "type": "Feature", "properties": { "DANE12_EST": "111001013161", "id_establecimiento": "111001013161", "nombre_establecimiento": "COLEGIO SAN JOSE (IED)", "nombre_localidad": "Kennedy", "codigo_upz": "47", "nombre_upz": "KENNEDY CENTRAL", "estrato": "Estrato 3", "zona": "URBANA", "caracter_media": "Académico", "lon": -74.16290999957441, "lat": 4.6214499998484309, "codigo_localidad": "08", "q_j": 255.09333333333333, "puntaje_2023": 255.38, "punt_global_2020": 252.48, "punt_global_2022": 257.42, "matricula_total": 2657.0, "demanda_total": 3006.0, "sobre_demanda_j": 1.131351147911178, "n_hogares_muestra": 2378.0, "poblacion_expandida": 93575.000004200003, "tasa_pobreza_monetaria": 0.26720831431341407, "tasa_pobreza_extrema": 0.075044495104299294, "tasa_ipm": 0.033715406031080898, "ingreso_percapita_promedio": 926690.95101803122, "capacidad_pago_promedio": 0.1664851532866766, "tamano_hogar_promedio": 3.5136041090733938, "gasto_educ_promedio": 259520.21119855996, "tasa_deficit_cuantitativo": 0.0040550762701893001, "tasa_deficit_cualitativo": 0.074436671314852904, "tasa_deficit_habitacional": 0.078491747585042307, "pct_estrato_1": 0.0010352239550697, "pct_estrato_2": 0.0074430445350652996, "pct_estrato_3": 0.99152173150986478, "pct_estrato_4": 0.0, "pct_estrato_5": 0.0, "pct_estrato_6": 0.0, "s0_localidad": 0.3719221758740453, "dist_transmilenio_m": 1317.953849727513, "dist_sitp_m": 165.85890417715922, "dist_parque_m": 120.40218159387267, "homicidios": 277.0, "lesiones_personales": 5216.0, "hurto_personas": 45928.0, "hurto_residencias": 4574.0, "hurto_automotores": 2662.0, "hurto_bicicletas": 2842.0, "hurto_comercio": 11829.0, "hurto_entidades": 2994.0, "violencia_intrafam": 8341.0, "delitos_sexuales": 1353.0, "pct_no_oficial": 70.99, "n_sedes_total": 262, "n_sedes_no_oficial": 186 }, "geometry": { "type": "Point", "coordinates": [ -74.16290999957441, 4.621449999848431 ] } },
{ "type": "Feature", "properties": { "DANE12_EST": "111001013170", "id_establecimiento": "111001013170", "nombre_establecimiento": "COLEGIO SAN RAFAEL (IED)", "nombre_localidad": "Kennedy", "codigo_upz": "47", "nombre_upz": "KENNEDY CENTRAL", "estrato": "Estrato 3", "zona": "URBANA", "caracter_media": "Académico", "lon": -74.161369999716541, "lat": 4.6170999998300246, "codigo_localidad": "08", "q_j": 261.25, "puntaje_2023": 261.54, "punt_global_2020": 263.1, "punt_global_2022": 259.11, "matricula_total": 2089.0, "demanda_total": 2275.0, "sobre_demanda_j": 1.0890378171373862, "n_hogares_muestra": 2378.0, "poblacion_expandida": 93575.000004200003, "tasa_pobreza_monetaria": 0.26720831431341407, "tasa_pobreza_extrema": 0.075044495104299294, "tasa_ipm": 0.033715406031080898, "ingreso_percapita_promedio": 926690.95101803122, "capacidad_pago_promedio": 0.1664851532866766, "tamano_hogar_promedio": 3.5136041090733938, "gasto_educ_promedio": 259520.21119855996, "tasa_deficit_cuantitativo": 0.0040550762701893001, "tasa_deficit_cualitativo": 0.074436671314852904, "tasa_deficit_habitacional": 0.078491747585042307, "pct_estrato_1": 0.0010352239550697, "pct_estrato_2": 0.0074430445350652996, "pct_estrato_3": 0.99152173150986478, "pct_estrato_4": 0.0, "pct_estrato_5": 0.0, "pct_estrato_6": 0.0, "s0_localidad": 0.3719221758740453, "dist_transmilenio_m": 1823.8419995483398, "dist_sitp_m": 155.35822954041546, "dist_parque_m": 59.410560614552416, "homicidios": 277.0, "lesiones_personales": 5216.0, "hurto_personas": 45928.0, "hurto_residencias": 4574.0, "hurto_automotores": 2662.0, "hurto_bicicletas": 2842.0, "hurto_comercio": 11829.0, "hurto_entidades": 2994.0, "violencia_intrafam": 8341.0, "delitos_sexuales": 1353.0, "pct_no_oficial": 70.99, "n_sedes_total": 262, "n_sedes_no_oficial": 186 }, "geometry": { "type": "Point", "coordinates": [ -74.161369999716541, 4.617099999830025 ] } },
{ "type": "Feature", "properties": { "DANE12_EST": "111001013242", "id_establecimiento": "111001013242", "nombre_establecimiento": "COLEGIO AULAS COLOMBIANAS SAN LUIS (IED)", "nombre_localidad": "Santa Fe", "codigo_upz": "96", "nombre_upz": "LOURDES", "estrato": "Sin estrato", "zona": "URBANA", "caracter_media": "Académico", "lon": -74.071140000204124, "lat": 4.5808299998777633, "codigo_localidad": "03", "q_j": 222.0, "puntaje_2023": 253.25646031746032, "punt_global_2020": 232.5, "punt_global_2022": 222.0, "matricula_total": 1468.0, "demanda_total": 1665.0, "sobre_demanda_j": 1.1341961852861036, "n_hogares_muestra": 2421.0, "poblacion_expandida": 45301.999997400002, "tasa_pobreza_monetaria": 0.68931467384645762, "tasa_pobreza_extrema": 0.33370125884436941, "tasa_ipm": 0.1526662636240548, "ingreso_percapita_promedio": 441254.99481158704, "capacidad_pago_promedio": 0.63684681857657055, "tamano_hogar_promedio": 4.1194866346366759, "gasto_educ_promedio": 109937.89935469594, "tasa_deficit_cuantitativo": 0.091051562761836805, "tasa_deficit_cualitativo": 0.25185532452109899, "tasa_deficit_habitacional": 0.34290688728293578, "pct_estrato_1": 0.089708625147526394, "pct_estrato_2": 0.86622407714344141, "pct_estrato_3": 0.0030761707343604002, "pct_estrato_4": 0.0, "pct_estrato_5": 0.0, "pct_estrato_6": 0.0, "s0_localidad": 0.26720847821961147, "dist_transmilenio_m": 1794.7137182710794, "dist_sitp_m": 15.841122259846022, "dist_parque_m": 62.89617642541959, "homicidios": 113.0, "lesiones_personales": 1683.0, "hurto_personas": 25139.0, "hurto_residencias": 580.0, "hurto_automotores": 128.0, "hurto_bicicletas": 443.0, "hurto_comercio": 7043.0, "hurto_entidades": 180.0, "violencia_intrafam": 1602.0, "delitos_sexuales": 514.0, "pct_no_oficial": 44.83, "n_sedes_total": 29, "n_sedes_no_oficial": 13 }, "geometry": { "type": "Point", "coordinates": [ -74.071140000204124, 4.580829999877763 ] } },
{ "type": "Feature", "properties": { "DANE12_EST": "111001013293", "id_establecimiento": "111001013293", "nombre_establecimiento": "COLEGIO NACIONES UNIDAS (IED)", "nombre_localidad": "Engativa", "codigo_upz": "26", "nombre_upz": "LAS FERIAS", "estrato": "Estrato 3", "zona": "URBANA", "caracter_media": "Académico", "lon": -74.08713999973078, "lat": 4.6807800000229047, "codigo_localidad": "10", "q_j": 258.42666666666668, "puntaje_2023": 250.0, "punt_global_2020": 258.97, "punt_global_2022": 266.31, "matricula_total": 1000.0, "demanda_total": 1078.0, "sobre_demanda_j": 1.078, "n_hogares_muestra": 2278.0, "poblacion_expandida": 100930.0000018, "tasa_pobreza_monetaria": 0.26953530690295091, "tasa_pobreza_extrema": 0.1010484491223433, "tasa_ipm": 0.036725499110610203, "ingreso_percapita_promedio": 1186126.3666835029, "capacidad_pago_promedio": 0.22392122382935639, "tamano_hogar_promedio": 3.368175820974312, "gasto_educ_promedio": 317577.54113518051, "tasa_deficit_cuantitativo": 0.0013346152224074999, "tasa_deficit_cualitativo": 0.094289197796792595, "tasa_deficit_habitacional": 0.095623813019200199, "pct_estrato_1": 0.0025422399444706002, "pct_estrato_2": 0.0034884438699467001, "pct_estrato_3": 0.93142145478969041, "pct_estrato_4": 0.062547861395892301, "pct_estrato_5": 0.0, "pct_estrato_6": 0.0, "s0_localidad": 0.45908732785239414, "dist_transmilenio_m": 921.53901274605789, "dist_sitp_m": 66.323754747354513, "dist_parque_m": 83.641185070939912, "homicidios": 114.0, "lesiones_personales": 3260.0, "hurto_personas": 44584.0, "hurto_residencias": 4694.0, "hurto_automotores": 1548.0, "hurto_bicicletas": 2840.0, "hurto_comercio": 11724.0, "hurto_entidades": 1616.0, "violencia_intrafam": 6497.0, "delitos_sexuales": 1001.0, "pct_no_oficial": 73.15, "n_sedes_total": 257, "n_sedes_no_oficial": 188 }, "geometry": { "type": "Point", "coordinates": [ -74.08713999973078, 4.680780000022905 ] } },
{ "type": "Feature", "properties": { "DANE12_EST": "111001013323", "id_establecimiento": "111001013323", "nombre_establecimiento": "COLEGIO INTEGRADA LA CANDELARIA (IED)", "nombre_localidad": "Candelaria", "codigo_upz": "94", "nombre_upz": "LA CANDELARIA", "estrato": "Sin estrato", "zona": "URBANA", "caracter_media": "Académico", "lon": -74.069269999735042, "lat": 4.5982400003952328, "codigo_localidad": "17", "q_j": 237.93444444444447, "puntaje_2023": 246.79274338624339, "punt_global_2020": 237.15333333333331, "punt_global_2022": 236.81666666666663, "matricula_total": 1386.0, "demanda_total": 1644.0, "sobre_demanda_j": 1.1861471861471862, "n_hogares_muestra": 2247.0, "poblacion_expandida": 17970.0000019, "tasa_pobreza_monetaria": 0.34488806683053491, "tasa_pobreza_extrema": 0.15841324490256059, "tasa_ipm": 0.057986075291587398, "ingreso_percapita_promedio": 1385503.8440024031, "capacidad_pago_promedio": 0.25588032929403598, "tamano_hogar_promedio": 3.089843086028341, "gasto_educ_promedio": 551575.53379322379, "tasa_deficit_cuantitativo": 0.0156559220795911, "tasa_deficit_cualitativo": 0.1133387238277493, "tasa_deficit_habitacional": 0.1289946459073405, "pct_estrato_1": 0.0505572649028347, "pct_estrato_2": 0.62205388958364483, "pct_estrato_3": 0.32149657580351448, "pct_estrato_4": 0.0, "pct_estrato_5": 0.0, "pct_estrato_6": 0.0, "s0_localidad": 0.50891232571730127, "dist_transmilenio_m": 492.06775948599227, "dist_sitp_m": 216.46700654179585, "dist_parque_m": 130.52957754834785, "homicidios": 11.0, "lesiones_personales": 456.0, "hurto_personas": 4540.0, "hurto_residencias": 160.0, "hurto_automotores": 54.0, "hurto_bicicletas": 60.0, "hurto_comercio": 1193.0, "hurto_entidades": 35.0, "violencia_intrafam": 493.0, "delitos_sexuales": 267.0, "pct_no_oficial": 78.95, "n_sedes_total": 19, "n_sedes_no_oficial": 15 }, "geometry": { "type": "Point", "coordinates": [ -74.069269999735042, 4.598240000395233 ] } },
{ "type": "Feature", "properties": { "DANE12_EST": "111001013374", "id_establecimiento": "111001013374", "nombre_establecimiento": "COLEGIO ESCUELA NACIONAL DE COMERCIO (IED)", "nombre_localidad": "Candelaria", "codigo_upz": "94", "nombre_upz": "LA CANDELARIA", "estrato": "Estrato 2", "zona": "URBANA", "caracter_media": "Académico", "lon": -74.06999000033359, "lat": 4.5929200002290056, "codigo_localidad": "17", "q_j": 239.68333333333331, "puntaje_2023": 242.5, "punt_global_2020": 234.6, "punt_global_2022": 241.95, "matricula_total": 1018.0, "demanda_total": 1140.0, "sobre_demanda_j": 1.1198428290766209, "n_hogares_muestra": 2247.0, "poblacion_expandida": 17970.0000019, "tasa_pobreza_monetaria": 0.34488806683053491, "tasa_pobreza_extrema": 0.15841324490256059, "tasa_ipm": 0.057986075291587398, "ingreso_percapita_promedio": 1385503.8440024031, "capacidad_pago_promedio": 0.25588032929403598, "tamano_hogar_promedio": 3.089843086028341, "gasto_educ_promedio": 551575.53379322379, "tasa_deficit_cuantitativo": 0.0156559220795911, "tasa_deficit_cualitativo": 0.1133387238277493, "tasa_deficit_habitacional": 0.1289946459073405, "pct_estrato_1": 0.0505572649028347, "pct_estrato_2": 0.62205388958364483, "pct_estrato_3": 0.32149657580351448, "pct_estrato_4": 0.0, "pct_estrato_5": 0.0, "pct_estrato_6": 0.0, "s0_localidad": 0.50891232571730127, "dist_transmilenio_m": 970.93281744634669, "dist_sitp_m": 4.3970968441531832, "dist_parque_m": 159.42087714869078, "homicidios": 11.0, "lesiones_personales": 456.0, "hurto_personas": 4540.0, "hurto_residencias": 160.0, "hurto_automotores": 54.0, "hurto_bicicletas": 60.0, "hurto_comercio": 1193.0, "hurto_entidades": 35.0, "violencia_intrafam": 493.0, "delitos_sexuales": 267.0, "pct_no_oficial": 78.95, "n_sedes_total": 19, "n_sedes_no_oficial": 15 }, "geometry": { "type": "Point", "coordinates": [ -74.06999000033359, 4.592920000229006 ] } },
{ "type": "Feature", "properties": { "DANE12_EST": "111001013676", "id_establecimiento": "111001013676", "nombre_establecimiento": "COLEGIO NUEVO CHILE (IED)", "nombre_localidad": "Bosa", "codigo_upz": "49", "nombre_upz": "APOGEO", "estrato": "Estrato 2", "zona": "URBANA", "caracter_media": "Académico", "lon": -74.166210000296502, "lat": 4.6033399997673561, "codigo_localidad": "07", "q_j": 245.91, "puntaje_2023": 254.42, "punt_global_2020": 245.19, "punt_global_2022": 238.12, "matricula_total": 3958.0, "demanda_total": 4601.0, "sobre_demanda_j": 1.162455785750379, "n_hogares_muestra": 2785.0, "poblacion_expandida": 36276.999997400002, "tasa_pobreza_monetaria": 0.36405045153531251, "tasa_pobreza_extrema": 0.1385694204002613, "tasa_ipm": 0.059295470718476399, "ingreso_percapita_promedio": 806264.42642344709, "capacidad_pago_promedio": 0.32519374720196009, "tamano_hogar_promedio": 3.8134009469447534, "gasto_educ_promedio": 236837.95138867959, "tasa_deficit_cuantitativo": 0.018247676176294698, "tasa_deficit_cualitativo": 0.13131140263641999, "tasa_deficit_habitacional": 0.1495590788127148, "pct_estrato_1": 0.0, "pct_estrato_2": 0.65038598484690036, "pct_estrato_3": 0.3496140151530997, "pct_estrato_4": 0.0, "pct_estrato_5": 0.0, "pct_estrato_6": 0.0, "s0_localidad": 0.27631916132375012, "dist_transmilenio_m": 789.67283241112307, "dist_sitp_m": 28.380382024631771, "dist_parque_m": 51.533284813444475, "homicidios": 209.0, "lesiones_personales": 3464.0, "hurto_personas": 19664.0, "hurto_residencias": 2638.0, "hurto_automotores": 681.0, "hurto_bicicletas": 1403.0, "hurto_comercio": 5397.0, "hurto_entidades": 1643.0, "violencia_intrafam": 7523.0, "delitos_sexuales": 1159.0, "pct_no_oficial": 55.7, "n_sedes_total": 149, "n_sedes_no_oficial": 83 }, "geometry": { "type": "Point", "coordinates": [ -74.166210000296502, 4.603339999767356 ] } },
{ "type": "Feature", "properties": { "DANE12_EST": "111001013811", "id_establecimiento": "111001013811", "nombre_establecimiento": "COLEGIO SAN AGUSTIN (IED)", "nombre_localidad": "Rafael Uribe Uribe", "codigo_upz": "55", "nombre_upz": "DIANA TURBAY", "estrato": "Estrato 2", "zona": "URBANA", "caracter_media": "Académico", "lon": -74.114029999664027, "lat": 4.5474799999496112, "codigo_localidad": "18", "q_j": 248.06, "puntaje_2023": 250.16, "punt_global_2020": 245.96, "punt_global_2022": 248.06, "matricula_total": 2649.0, "demanda_total": 2873.0, "sobre_demanda_j": 1.0845602114005286, "n_hogares_muestra": 2431.0, "poblacion_expandida": 75394.000000699991, "tasa_pobreza_monetaria": 0.62391349514368877, "tasa_pobreza_extrema": 0.2314413282361725, "tasa_ipm": 0.12933088404129589, "ingreso_percapita_promedio": 475879.37762866321, "capacidad_pago_promedio": 0.50223154663300051, "tamano_hogar_promedio": 3.6859379607544351, "gasto_educ_promedio": 124946.7502659414, "tasa_deficit_cuantitativo": 0.017805050418966101, "tasa_deficit_cualitativo": 0.206111604975936, "tasa_deficit_habitacional": 0.22391665539490219, "pct_estrato_1": 0.29115658403183531, "pct_estrato_2": 0.70697889793359048, "pct_estrato_3": 0.0018645180345742999, "pct_estrato_4": 0.0, "pct_estrato_5": 0.0, "pct_estrato_6": 0.0, "s0_localidad": 0.2741314328601635, "dist_transmilenio_m": 867.58812776892432, "dist_sitp_m": 104.79196705990736, "dist_parque_m": 103.47727300103479, "homicidios": 159.0, "lesiones_personales": 2500.0, "hurto_personas": 13897.0, "hurto_residencias": 1530.0, "hurto_automotores": 660.0, "hurto_bicicletas": 415.0, "hurto_comercio": 3902.0, "hurto_entidades": 942.0, "violencia_intrafam": 3177.0, "delitos_sexuales": 716.0, "pct_no_oficial": 57.85, "n_sedes_total": 121, "n_sedes_no_oficial": 70 }, "geometry": { "type": "Point", "coordinates": [ -74.114029999664027, 4.547479999949611 ] } },
{ "type": "Feature", "properties": { "DANE12_EST": "111001013820", "id_establecimiento": "111001013820", "nombre_establecimiento": "COLEGIO SANTA LIBRADA (IED)", "nombre_localidad": "Usme", "codigo_upz": "57", "nombre_upz": "GRAN YOMASA", "estrato": "Estrato 2", "zona": "URBANA", "caracter_media": "Académico", "lon": -74.113509999980337, "lat": 4.51429999987963, "codigo_localidad": "05", "q_j": 262.87, "puntaje_2023": 265.92, "punt_global_2020": 261.46, "punt_global_2022": 261.23, "matricula_total": 1464.0, "demanda_total": 1541.0, "sobre_demanda_j": 1.0525956284153006, "n_hogares_muestra": 2440.0, "poblacion_expandida": 131329.99999830002, "tasa_pobreza_monetaria": 0.53757585547410236, "tasa_pobreza_extrema": 0.17050022665339101, "tasa_ipm": 0.099770706666181402, "ingreso_percapita_promedio": 546453.47327463643, "capacidad_pago_promedio": 0.5369657626400125, "tamano_hogar_promedio": 3.6829561057356353, "gasto_educ_promedio": 131619.82020471324, "tasa_deficit_cuantitativo": 0.0094164735347293006, "tasa_deficit_cualitativo": 0.1714038156094676, "tasa_deficit_habitacional": 0.18082028914419701, "pct_estrato_1": 0.21329619519883189, "pct_estrato_2": 0.7829697168463492, "pct_estrato_3": 0.0033905540356792998, "pct_estrato_4": 0.0, "pct_estrato_5": 0.0, "pct_estrato_6": 0.0, "s0_localidad": 0.18065503357765311, "dist_transmilenio_m": 2043.2009760503231, "dist_sitp_m": 91.080023136758228, "dist_parque_m": 145.2133269564072, "homicidios": 171.0, "lesiones_personales": 2562.0, "hurto_personas": 8404.0, "hurto_residencias": 1452.0, "hurto_automotores": 311.0, "hurto_bicicletas": 146.0, "hurto_comercio": 2308.0, "hurto_entidades": 623.0, "violencia_intrafam": 3963.0, "delitos_sexuales": 923.0, "pct_no_oficial": 33.03, "n_sedes_total": 109, "n_sedes_no_oficial": 36 }, "geometry": { "type": "Point", "coordinates": [ -74.113509999980337, 4.51429999987963 ] } },
{ "type": "Feature", "properties": { "DANE12_EST": "111001013935", "id_establecimiento": "111001013935", "nombre_establecimiento": "COLEGIO SANTA MARTHA (IED)", "nombre_localidad": "Usme", "codigo_upz": "57", "nombre_upz": "GRAN YOMASA", "estrato": "Estrato 2", "zona": "URBANA", "caracter_media": "Académico", "lon": -74.115629999796354, "lat": 4.5253099998885418, "codigo_localidad": "05", "q_j": 255.86333333333334, "puntaje_2023": 259.23, "punt_global_2020": 261.5, "punt_global_2022": 246.86, "matricula_total": 900.0, "demanda_total": 1012.0, "sobre_demanda_j": 1.1244444444444444, "n_hogares_muestra": 2440.0, "poblacion_expandida": 131329.99999830002, "tasa_pobreza_monetaria": 0.53757585547410236, "tasa_pobreza_extrema": 0.17050022665339101, "tasa_ipm": 0.099770706666181402, "ingreso_percapita_promedio": 546453.47327463643, "capacidad_pago_promedio": 0.5369657626400125, "tamano_hogar_promedio": 3.6829561057356353, "gasto_educ_promedio": 131619.82020471324, "tasa_deficit_cuantitativo": 0.0094164735347293006, "tasa_deficit_cualitativo": 0.1714038156094676, "tasa_deficit_habitacional": 0.18082028914419701, "pct_estrato_1": 0.21329619519883189, "pct_estrato_2": 0.7829697168463492, "pct_estrato_3": 0.0033905540356792998, "pct_estrato_4": 0.0, "pct_estrato_5": 0.0, "pct_estrato_6": 0.0, "s0_localidad": 0.18065503357765311, "dist_transmilenio_m": 825.20999443426558, "dist_sitp_m": 173.57062846621147, "dist_parque_m": 34.806212695110915, "homicidios": 171.0, "lesiones_personales": 2562.0, "hurto_personas": 8404.0, "hurto_residencias": 1452.0, "hurto_automotores": 311.0, "hurto_bicicletas": 146.0, "hurto_comercio": 2308.0, "hurto_entidades": 623.0, "violencia_intrafam": 3963.0, "delitos_sexuales": 923.0, "pct_no_oficial": 33.03, "n_sedes_total": 109, "n_sedes_no_oficial": 36 }, "geometry": { "type": "Point", "coordinates": [ -74.115629999796354, 4.525309999888542 ] } },
{ "type": "Feature", "properties": { "DANE12_EST": "111001014001", "id_establecimiento": "111001014001", "nombre_establecimiento": "COLEGIO EDUARDO SANTOS (IED)", "nombre_localidad": "Los Martires", "codigo_upz": "37", "nombre_upz": "SANTA ISABEL", "estrato": "Estrato 3", "zona": "URBANA", "caracter_media": "Académico", "lon": -74.092200000418757, "lat": 4.5944000004103929, "codigo_localidad": "14", "q_j": 260.48666666666668, "puntaje_2023": 263.08, "punt_global_2020": 258.16, "punt_global_2022": 260.22, "matricula_total": 1167.0, "demanda_total": 1324.0, "sobre_demanda_j": 1.1345329905741217, "n_hogares_muestra": 2571.0, "poblacion_expandida": 44107.000002699999, "tasa_pobreza_monetaria": 0.34084070527534699, "tasa_pobreza_extrema": 0.15195882761896551, "tasa_ipm": 0.0484573436907784, "ingreso_percapita_promedio": 980293.87469046365, "capacidad_pago_promedio": 0.1805995986762278, "tamano_hogar_promedio": 3.1658697005090382, "gasto_educ_promedio": 281465.30717655801, "tasa_deficit_cuantitativo": 0.034444295089373501, "tasa_deficit_cualitativo": 0.1517103768628649, "tasa_deficit_habitacional": 0.18615467195223839, "pct_estrato_1": 0.0, "pct_estrato_2": 0.011730470892790799, "pct_estrato_3": 0.98826952910720922, "pct_estrato_4": 0.0, "pct_estrato_5": 0.0, "pct_estrato_6": 0.0, "s0_localidad": 0.38962747752475235, "dist_transmilenio_m": 450.52003591401495, "dist_sitp_m": 174.88184013792724, "dist_parque_m": 39.952171125408896, "homicidios": 125.0, "lesiones_personales": 1566.0, "hurto_personas": 18260.0, "hurto_residencias": 709.0, "hurto_automotores": 275.0, "hurto_bicicletas": 493.0, "hurto_comercio": 4878.0, "hurto_entidades": 317.0, "violencia_intrafam": 1250.0, "delitos_sexuales": 516.0, "pct_no_oficial": 58.33, "n_sedes_total": 36, "n_sedes_no_oficial": 21 }, "geometry": { "type": "Point", "coordinates": [ -74.092200000418757, 4.594400000410393 ] } },
{ "type": "Feature", "properties": { "DANE12_EST": "111001014028", "id_establecimiento": "111001014028", "nombre_establecimiento": "COLEGIO REPUBLICA FEDERAL DE ALEMANIA (IED)", "nombre_localidad": "Rafael Uribe Uribe", "codigo_upz": "39", "nombre_upz": "QUIROGA", "estrato": "Estrato 3", "zona": "URBANA", "caracter_media": "Académico", "lon": -74.125320000103684, "lat": 4.578670000573223, "codigo_localidad": "18", "q_j": 257.68, "puntaje_2023": 258.85, "punt_global_2020": 252.96, "punt_global_2022": 261.23, "matricula_total": 487.0, "demanda_total": 508.0, "sobre_demanda_j": 1.0431211498973305, "n_hogares_muestra": 2265.0, "poblacion_expandida": 92517.999998500018, "tasa_pobreza_monetaria": 0.44988045527761961, "tasa_pobreza_extrema": 0.1716353320008803, "tasa_ipm": 0.059948505752285101, "ingreso_percapita_promedio": 843427.0634521615, "capacidad_pago_promedio": 0.34561052227694511, "tamano_hogar_promedio": 3.2499598998916417, "gasto_educ_promedio": 230991.5177320262, "tasa_deficit_cuantitativo": 0.0065383441785360997, "tasa_deficit_cualitativo": 0.14873644958951879, "tasa_deficit_habitacional": 0.15527479376805489, "pct_estrato_1": 0.0017364461694222, "pct_estrato_2": 0.0014887309280597, "pct_estrato_3": 0.99630058644906339, "pct_estrato_4": 0.0, "pct_estrato_5": 0.0, "pct_estrato_6": 0.0, "s0_localidad": 0.2741314328601635, "dist_transmilenio_m": 663.09068066359373, "dist_sitp_m": 51.463740063840845, "dist_parque_m": 110.88424420708185, "homicidios": 159.0, "lesiones_personales": 2500.0, "hurto_personas": 13897.0, "hurto_residencias": 1530.0, "hurto_automotores": 660.0, "hurto_bicicletas": 415.0, "hurto_comercio": 3902.0, "hurto_entidades": 942.0, "violencia_intrafam": 3177.0, "delitos_sexuales": 716.0, "pct_no_oficial": 57.85, "n_sedes_total": 121, "n_sedes_no_oficial": 70 }, "geometry": { "type": "Point", "coordinates": [ -74.125320000103684, 4.578670000573223 ] } },
{ "type": "Feature", "properties": { "DANE12_EST": "111001014109", "id_establecimiento": "111001014109", "nombre_establecimiento": "COLEGIO BRASILIA - BOSA (IED)", "nombre_localidad": "Bosa", "codigo_upz": "84", "nombre_upz": "BOSA OCCIDENTAL", "estrato": "Estrato 2", "zona": "URBANA", "caracter_media": "Académico", "lon": -74.181310000197868, "lat": 4.6280700004468907, "codigo_localidad": "07", "q_j": 262.49666666666667, "puntaje_2023": 268.0, "punt_global_2020": 257.66, "punt_global_2022": 261.83, "matricula_total": 3534.0, "demanda_total": 3971.0, "sobre_demanda_j": 1.1236559139784945, "n_hogares_muestra": 2513.0, "poblacion_expandida": 199171.00000289999, "tasa_pobreza_monetaria": 0.55229182370424579, "tasa_pobreza_extrema": 0.18795588750799519, "tasa_ipm": 0.0996822849647334, "ingreso_percapita_promedio": 536362.57885894692, "capacidad_pago_promedio": 0.54936289314562281, "tamano_hogar_promedio": 3.7633010092291874, "gasto_educ_promedio": 137178.08860508617, "tasa_deficit_cuantitativo": 0.0104317439329508, "tasa_deficit_cualitativo": 0.1768060546886206, "tasa_deficit_habitacional": 0.18723779862157139, "pct_estrato_1": 0.024261426971946901, "pct_estrato_2": 0.97537208657069263, "pct_estrato_3": 0.0, "pct_estrato_4": 0.0, "pct_estrato_5": 0.0, "pct_estrato_6": 0.0, "s0_localidad": 0.27631916132375012, "dist_transmilenio_m": 926.08736121232255, "dist_sitp_m": 128.00856779734605, "dist_parque_m": 174.52397045833303, "homicidios": 209.0, "lesiones_personales": 3464.0, "hurto_personas": 19664.0, "hurto_residencias": 2638.0, "hurto_automotores": 681.0, "hurto_bicicletas": 1403.0, "hurto_comercio": 5397.0, "hurto_entidades": 1643.0, "violencia_intrafam": 7523.0, "delitos_sexuales": 1159.0, "pct_no_oficial": 55.7, "n_sedes_total": 149, "n_sedes_no_oficial": 83 }, "geometry": { "type": "Point", "coordinates": [ -74.181310000197868, 4.628070000446891 ] } },
{ "type": "Feature", "properties": { "DANE12_EST": "111001014168", "id_establecimiento": "111001014168", "nombre_establecimiento": "COLEGIO ALTAMIRA SUR ORIENTAL (IED)", "nombre_localidad": "San Cristobal", "codigo_upz": "50", "nombre_upz": "LA GLORIA", "estrato": "Estrato 2", "zona": "URBANA", "caracter_media": "Académico", "lon": -74.084989999777534, "lat": 4.5454900004065655, "codigo_localidad": "04", "q_j": 236.56, "puntaje_2023": 239.46, "punt_global_2020": 232.03, "punt_global_2022": 238.19, "matricula_total": 1682.0, "demanda_total": 1789.0, "sobre_demanda_j": 1.0636147443519619, "n_hogares_muestra": 2500.0, "poblacion_expandida": 96156.000003299996, "tasa_pobreza_monetaria": 0.52211849174442582, "tasa_pobreza_extrema": 0.1745577883889092, "tasa_ipm": 0.063078607524146596, "ingreso_percapita_promedio": 557986.08365625329, "capacidad_pago_promedio": 0.54539218974063186, "tamano_hogar_promedio": 3.6158040380940122, "gasto_educ_promedio": 150029.19056531519, "tasa_deficit_cuantitativo": 0.0079722719307550993, "tasa_deficit_cualitativo": 0.2070523211616199, "tasa_deficit_habitacional": 0.21502459309237509, "pct_estrato_1": 0.035853985153102001, "pct_estrato_2": 0.96414601484689799, "pct_estrato_3": 0.0, "pct_estrato_4": 0.0, "pct_estrato_5": 0.0, "pct_estrato_6": 0.0, "s0_localidad": 0.24275340378588084, "dist_transmilenio_m": 2614.1632433492882, "dist_sitp_m": 81.863370913351304, "dist_parque_m": 99.725154626846091, "homicidios": 113.0, "lesiones_personales": 2653.0, "hurto_personas": 11264.0, "hurto_residencias": 1302.0, "hurto_automotores": 438.0, "hurto_bicicletas": 251.0, "hurto_comercio": 3279.0, "hurto_entidades": 810.0, "violencia_intrafam": 4309.0, "delitos_sexuales": 811.0, "pct_no_oficial": 49.61, "n_sedes_total": 129, "n_sedes_no_oficial": 64 }, "geometry": { "type": "Point", "coordinates": [ -74.084989999777534, 4.545490000406565 ] } },
{ "type": "Feature", "properties": { "DANE12_EST": "111001014176", "id_establecimiento": "111001014176", "nombre_establecimiento": "COLEGIO TECNICO SAN CRISTOBAL SUR (IED)", "nombre_localidad": "San Cristobal", "codigo_upz": "32", "nombre_upz": "SAN BLAS", "estrato": "Estrato 2", "zona": "URBANA", "caracter_media": "Académico - Técnico", "lon": -74.079449999588846, "lat": 4.5696900002655259, "codigo_localidad": "04", "q_j": 256.41, "puntaje_2023": 262.31, "punt_global_2020": 247.97, "punt_global_2022": 258.95, "matricula_total": 2038.0, "demanda_total": 2143.0, "sobre_demanda_j": 1.0515210991167812, "n_hogares_muestra": 2576.0, "poblacion_expandida": 103547.9999957, "tasa_pobreza_monetaria": 0.53281572810765165, "tasa_pobreza_extrema": 0.17804593568360169, "tasa_ipm": 0.067906413079847003, "ingreso_percapita_promedio": 549847.98617717263, "capacidad_pago_promedio": 0.52019094688102929, "tamano_hogar_promedio": 3.6905228238495118, "gasto_educ_promedio": 137818.05261490447, "tasa_deficit_cuantitativo": 0.0341879814409453, "tasa_deficit_cualitativo": 0.1618981974832556, "tasa_deficit_habitacional": 0.19608617892420099, "pct_estrato_1": 0.1275309686584809, "pct_estrato_2": 0.85813449443533429, "pct_estrato_3": 0.0083652084476375007, "pct_estrato_4": 0.0, "pct_estrato_5": 0.0, "pct_estrato_6": 0.0, "s0_localidad": 0.24275340378588084, "dist_transmilenio_m": 1774.214256436695, "dist_sitp_m": 18.582578446027856, "dist_parque_m": 78.392328024010538, "homicidios": 113.0, "lesiones_personales": 2653.0, "hurto_personas": 11264.0, "hurto_residencias": 1302.0, "hurto_automotores": 438.0, "hurto_bicicletas": 251.0, "hurto_comercio": 3279.0, "hurto_entidades": 810.0, "violencia_intrafam": 4309.0, "delitos_sexuales": 811.0, "pct_no_oficial": 49.61, "n_sedes_total": 129, "n_sedes_no_oficial": 64 }, "geometry": { "type": "Point", "coordinates": [ -74.079449999588846, 4.569690000265526 ] } },
{ "type": "Feature", "properties": { "DANE12_EST": "111001014206", "id_establecimiento": "111001014206", "nombre_establecimiento": "COLEGIO MARCO FIDEL SUAREZ (IED)", "nombre_localidad": "Tunjuelito", "codigo_upz": "42", "nombre_upz": "VENECIA", "estrato": "Estrato 2", "zona": "URBANA", "caracter_media": "Académico", "lon": -74.13317000007919, "lat": 4.5794100005885898, "codigo_localidad": "06", "q_j": 262.21, "puntaje_2023": 262.92, "punt_global_2020": 261.65, "punt_global_2022": 262.06, "matricula_total": 2051.0, "demanda_total": 2152.0, "sobre_demanda_j": 1.0492442710872745, "n_hogares_muestra": 2196.0, "poblacion_expandida": 139490.00000639999, "tasa_pobreza_monetaria": 0.3456416416631149, "tasa_pobreza_extrema": 0.1503118512921213, "tasa_ipm": 0.036363872199206101, "ingreso_percapita_promedio": 842886.87202135962, "capacidad_pago_promedio": 0.25434746722540807, "tamano_hogar_promedio": 3.1588579415756208, "gasto_educ_promedio": 260612.53234385408, "tasa_deficit_cuantitativo": 0.0054515723698122, "tasa_deficit_cualitativo": 0.13446758352454949, "tasa_deficit_habitacional": 0.13991915589436171, "pct_estrato_1": 0.0, "pct_estrato_2": 0.54682567130475535, "pct_estrato_3": 0.45317432869524471, "pct_estrato_4": 0.0, "pct_estrato_5": 0.0, "pct_estrato_6": 0.0, "s0_localidad": 0.24596233549441804, "dist_transmilenio_m": 1058.4830571413422, "dist_sitp_m": 102.52435790806804, "dist_parque_m": 31.935982719292372, "homicidios": 67.0, "lesiones_personales": 1311.0, "hurto_personas": 8872.0, "hurto_residencias": 687.0, "hurto_automotores": 293.0, "hurto_bicicletas": 367.0, "hurto_comercio": 2403.0, "hurto_entidades": 312.0, "violencia_intrafam": 1641.0, "delitos_sexuales": 328.0, "pct_no_oficial": 64.29, "n_sedes_total": 70, "n_sedes_no_oficial": 45 }, "geometry": { "type": "Point", "coordinates": [ -74.13317000007919, 4.57941000058859 ] } },
{ "type": "Feature", "properties": { "DANE12_EST": "111001014214", "id_establecimiento": "111001014214", "nombre_establecimiento": "COLEGIO CIUDAD DE BOGOTA (IED)", "nombre_localidad": "Tunjuelito", "codigo_upz": "42", "nombre_upz": "VENECIA", "estrato": "Estrato 3", "zona": "URBANA", "caracter_media": "Académico", "lon": -74.138409999793922, "lat": 4.577490000006109, "codigo_localidad": "06", "q_j": 256.15333333333336, "puntaje_2023": 258.24, "punt_global_2020": 247.79, "punt_global_2022": 262.43, "matricula_total": 2766.0, "demanda_total": 2953.0, "sobre_demanda_j": 1.0676066522053507, "n_hogares_muestra": 2196.0, "poblacion_expandida": 139490.00000639999, "tasa_pobreza_monetaria": 0.3456416416631149, "tasa_pobreza_extrema": 0.1503118512921213, "tasa_ipm": 0.036363872199206101, "ingreso_percapita_promedio": 842886.87202135962, "capacidad_pago_promedio": 0.25434746722540807, "tamano_hogar_promedio": 3.1588579415756208, "gasto_educ_promedio": 260612.53234385408, "tasa_deficit_cuantitativo": 0.0054515723698122, "tasa_deficit_cualitativo": 0.13446758352454949, "tasa_deficit_habitacional": 0.13991915589436171, "pct_estrato_1": 0.0, "pct_estrato_2": 0.54682567130475535, "pct_estrato_3": 0.45317432869524471, "pct_estrato_4": 0.0, "pct_estrato_5": 0.0, "pct_estrato_6": 0.0, "s0_localidad": 0.24596233549441804, "dist_transmilenio_m": 885.29645920363021, "dist_sitp_m": 99.36988534622752, "dist_parque_m": 151.62923783171581, "homicidios": 67.0, "lesiones_personales": 1311.0, "hurto_personas": 8872.0, "hurto_residencias": 687.0, "hurto_automotores": 293.0, "hurto_bicicletas": 367.0, "hurto_comercio": 2403.0, "hurto_entidades": 312.0, "violencia_intrafam": 1641.0, "delitos_sexuales": 328.0, "pct_no_oficial": 64.29, "n_sedes_total": 70, "n_sedes_no_oficial": 45 }, "geometry": { "type": "Point", "coordinates": [ -74.138409999793922, 4.577490000006109 ] } },
{ "type": "Feature", "properties": { "DANE12_EST": "111001014290", "id_establecimiento": "111001014290", "nombre_establecimiento": "COLEGIO MARSELLA (IED)", "nombre_localidad": "Kennedy", "codigo_upz": "113", "nombre_upz": "BAVARIA", "estrato": "Sin estrato", "zona": "URBANA", "caracter_media": "Académico", "lon": -74.127389999690976, "lat": 4.6320700002850659, "codigo_localidad": "08", "q_j": 281.79666666666662, "puntaje_2023": 286.51, "punt_global_2020": 277.8, "punt_global_2022": 281.08, "matricula_total": 1906.0, "demanda_total": 2115.0, "sobre_demanda_j": 1.1096537250786989, "n_hogares_muestra": null, "poblacion_expandida": 75371.083336355005, "tasa_pobreza_monetaria": 0.21881250493437213, "tasa_pobreza_extrema": 0.075604275302063206, "tasa_ipm": 0.036226917861471586, "ingreso_percapita_promedio": 1276222.6669712989, "capacidad_pago_promedio": 0.13422989560210186, "tamano_hogar_promedio": 3.4252900182882775, "gasto_educ_promedio": 402737.09540430532, "tasa_deficit_cuantitativo": 0.0015582692505776332, "tasa_deficit_cualitativo": 0.089161386493457839, "tasa_deficit_habitacional": 0.090719655744035468, "pct_estrato_1": 0.00085269866472449326, "pct_estrato_2": 0.094919242406561702, "pct_estrato_3": 0.86020465355754272, "pct_estrato_4": 0.043981756550710245, "pct_estrato_5": 0.0, "pct_estrato_6": 0.0, "s0_localidad": 0.3719221758740453, "dist_transmilenio_m": 406.57553250205069, "dist_sitp_m": 145.16461615237813, "dist_parque_m": 113.04663694181063, "homicidios": 277.0, "lesiones_personales": 5216.0, "hurto_personas": 45928.0, "hurto_residencias": 4574.0, "hurto_automotores": 2662.0, "hurto_bicicletas": 2842.0, "hurto_comercio": 11829.0, "hurto_entidades": 2994.0, "violencia_intrafam": 8341.0, "delitos_sexuales": 1353.0, "pct_no_oficial": 70.99, "n_sedes_total": 262, "n_sedes_no_oficial": 186 }, "geometry": { "type": "Point", "coordinates": [ -74.127389999690976, 4.632070000285066 ] } },
{ "type": "Feature", "properties": { "DANE12_EST": "111001014346", "id_establecimiento": "111001014346", "nombre_establecimiento": "COLEGIO RODRIGO ARENAS BETANCOURT (IED)", "nombre_localidad": "Fontibon", "codigo_upz": "75", "nombre_upz": "FONTIBON", "estrato": "Estrato 3", "zona": "URBANA", "caracter_media": "Académico", "lon": -74.144489999757766, "lat": 4.6702800004752314, "codigo_localidad": "09", "q_j": 260.72666666666669, "puntaje_2023": 265.31, "punt_global_2020": 260.91, "punt_global_2022": 255.96, "matricula_total": 1997.0, "demanda_total": 2214.0, "sobre_demanda_j": 1.1086629944917377, "n_hogares_muestra": 2481.0, "poblacion_expandida": 137089.00000279999, "tasa_pobreza_monetaria": 0.2732523578050382, "tasa_pobreza_extrema": 0.0526171585156553, "tasa_ipm": 0.0431018882884791, "ingreso_percapita_promedio": 991938.62909651082, "capacidad_pago_promedio": 0.25608602748785791, "tamano_hogar_promedio": 3.539451453940794, "gasto_educ_promedio": 301934.03012095386, "tasa_deficit_cuantitativo": 0.013057241696733, "tasa_deficit_cualitativo": 0.10214813066558209, "tasa_deficit_habitacional": 0.11520537236231509, "pct_estrato_1": 0.0, "pct_estrato_2": 0.025691278669536299, "pct_estrato_3": 0.9719013841386156, "pct_estrato_4": 0.002407337191848, "pct_estrato_5": 0.0, "pct_estrato_6": 0.0, "s0_localidad": 0.52286271730123679, "dist_transmilenio_m": 2853.0494969745037, "dist_sitp_m": 67.786796721443935, "dist_parque_m": 175.54412032677183, "homicidios": 46.0, "lesiones_personales": 1556.0, "hurto_personas": 27767.0, "hurto_residencias": 1782.0, "hurto_automotores": 452.0, "hurto_bicicletas": 1473.0, "hurto_comercio": 7516.0, "hurto_entidades": 505.0, "violencia_intrafam": 3285.0, "delitos_sexuales": 468.0, "pct_no_oficial": 77.55, "n_sedes_total": 98, "n_sedes_no_oficial": 76 }, "geometry": { "type": "Point", "coordinates": [ -74.144489999757766, 4.670280000475231 ] } },
{ "type": "Feature", "properties": { "DANE12_EST": "111001014451", "id_establecimiento": "111001014451", "nombre_establecimiento": "COLEGIO JOSE ACEVEDO Y GOMEZ (IED)", "nombre_localidad": "San Cristobal", "codigo_upz": "32", "nombre_upz": "SAN BLAS", "estrato": "Estrato 2", "zona": "URBANA", "caracter_media": "Académico", "lon": -74.083680000073443, "lat": 4.5623800005294628, "codigo_localidad": "04", "q_j": 248.39, "puntaje_2023": 243.46, "punt_global_2020": 232.23, "punt_global_2022": 269.48, "matricula_total": 612.0, "demanda_total": 635.0, "sobre_demanda_j": 1.0375816993464053, "n_hogares_muestra": 2576.0, "poblacion_expandida": 103547.9999957, "tasa_pobreza_monetaria": 0.53281572810765165, "tasa_pobreza_extrema": 0.17804593568360169, "tasa_ipm": 0.067906413079847003, "ingreso_percapita_promedio": 549847.98617717263, "capacidad_pago_promedio": 0.52019094688102929, "tamano_hogar_promedio": 3.6905228238495118, "gasto_educ_promedio": 137818.05261490447, "tasa_deficit_cuantitativo": 0.0341879814409453, "tasa_deficit_cualitativo": 0.1618981974832556, "tasa_deficit_habitacional": 0.19608617892420099, "pct_estrato_1": 0.1275309686584809, "pct_estrato_2": 0.85813449443533429, "pct_estrato_3": 0.0083652084476375007, "pct_estrato_4": 0.0, "pct_estrato_5": 0.0, "pct_estrato_6": 0.0, "s0_localidad": 0.24275340378588084, "dist_transmilenio_m": 1523.2673799842285, "dist_sitp_m": 29.073068658483976, "dist_parque_m": 148.71694073123251, "homicidios": 113.0, "lesiones_personales": 2653.0, "hurto_personas": 11264.0, "hurto_residencias": 1302.0, "hurto_automotores": 438.0, "hurto_bicicletas": 251.0, "hurto_comercio": 3279.0, "hurto_entidades": 810.0, "violencia_intrafam": 4309.0, "delitos_sexuales": 811.0, "pct_no_oficial": 49.61, "n_sedes_total": 129, "n_sedes_no_oficial": 64 }, "geometry": { "type": "Point", "coordinates": [ -74.083680000073443, 4.562380000529463 ] } },
{ "type": "Feature", "properties": { "DANE12_EST": "111001014486", "id_establecimiento": "111001014486", "nombre_establecimiento": "COLEGIO REPUBLICA DE MEXICO (IED)", "nombre_localidad": "Ciudad Bolivar", "codigo_upz": "67", "nombre_upz": "LUCERO", "estrato": "Estrato 2", "zona": "URBANA", "caracter_media": "Académico", "lon": -74.136489999994453, "lat": 4.5552499997944755, "codigo_localidad": "19", "q_j": 245.19, "puntaje_2023": 243.88, "punt_global_2020": 247.89, "punt_global_2022": 243.8, "matricula_total": 2370.0, "demanda_total": 2583.0, "sobre_demanda_j": 1.089873417721519, "n_hogares_muestra": 2402.0, "poblacion_expandida": 161831.00001280001, "tasa_pobreza_monetaria": 0.7038631757592213, "tasa_pobreza_extrema": 0.29200637063703688, "tasa_ipm": 0.12833440894487039, "ingreso_percapita_promedio": 390100.43634986418, "capacidad_pago_promedio": 0.69990953908547293, "tamano_hogar_promedio": 3.7938052959151172, "gasto_educ_promedio": 94504.090399263441, "tasa_deficit_cuantitativo": 0.049540423591066397, "tasa_deficit_cualitativo": 0.26740798307417718, "tasa_deficit_habitacional": 0.31694840666524371, "pct_estrato_1": 0.72918739131913157, "pct_estrato_2": 0.25338518534370219, "pct_estrato_3": 0.0062719642164957004, "pct_estrato_4": 0.0, "pct_estrato_5": 0.0, "pct_estrato_6": 0.0, "s0_localidad": 0.24641727799438962, "dist_transmilenio_m": 1458.9260848135968, "dist_sitp_m": 106.41614202406944, "dist_parque_m": 237.4201079924286, "homicidios": 450.0, "lesiones_personales": 4378.0, "hurto_personas": 16269.0, "hurto_residencias": 1893.0, "hurto_automotores": 870.0, "hurto_bicicletas": 472.0, "hurto_comercio": 4561.0, "hurto_entidades": 1620.0, "violencia_intrafam": 8567.0, "delitos_sexuales": 1433.0, "pct_no_oficial": 44.59, "n_sedes_total": 148, "n_sedes_no_oficial": 66 }, "geometry": { "type": "Point", "coordinates": [ -74.136489999994453, 4.555249999794476 ] } },
{ "type": "Feature", "properties": { "DANE12_EST": "111001014524", "id_establecimiento": "111001014524", "nombre_establecimiento": "COLEGIO RAFAEL URIBE URIBE (IED)", "nombre_localidad": "Ciudad Bolivar", "codigo_upz": "67", "nombre_upz": "LUCERO", "estrato": "Estrato 1", "zona": "URBANA", "caracter_media": "Académico", "lon": -74.1483000001178, "lat": 4.5472099997128916, "codigo_localidad": "19", "q_j": 251.76666666666665, "puntaje_2023": 257.5, "punt_global_2020": 253.28, "punt_global_2022": 244.52, "matricula_total": 1756.0, "demanda_total": 1855.0, "sobre_demanda_j": 1.0563781321184511, "n_hogares_muestra": 2402.0, "poblacion_expandida": 161831.00001280001, "tasa_pobreza_monetaria": 0.7038631757592213, "tasa_pobreza_extrema": 0.29200637063703688, "tasa_ipm": 0.12833440894487039, "ingreso_percapita_promedio": 390100.43634986418, "capacidad_pago_promedio": 0.69990953908547293, "tamano_hogar_promedio": 3.7938052959151172, "gasto_educ_promedio": 94504.090399263441, "tasa_deficit_cuantitativo": 0.049540423591066397, "tasa_deficit_cualitativo": 0.26740798307417718, "tasa_deficit_habitacional": 0.31694840666524371, "pct_estrato_1": 0.72918739131913157, "pct_estrato_2": 0.25338518534370219, "pct_estrato_3": 0.0062719642164957004, "pct_estrato_4": 0.0, "pct_estrato_5": 0.0, "pct_estrato_6": 0.0, "s0_localidad": 0.24641727799438962, "dist_transmilenio_m": 2681.6116912700254, "dist_sitp_m": 81.610544134925163, "dist_parque_m": 144.16817406394412, "homicidios": 450.0, "lesiones_personales": 4378.0, "hurto_personas": 16269.0, "hurto_residencias": 1893.0, "hurto_automotores": 870.0, "hurto_bicicletas": 472.0, "hurto_comercio": 4561.0, "hurto_entidades": 1620.0, "violencia_intrafam": 8567.0, "delitos_sexuales": 1433.0, "pct_no_oficial": 44.59, "n_sedes_total": 148, "n_sedes_no_oficial": 66 }, "geometry": { "type": "Point", "coordinates": [ -74.1483000001178, 4.547209999712892 ] } },
{ "type": "Feature", "properties": { "DANE12_EST": "111001014591", "id_establecimiento": "111001014591", "nombre_establecimiento": "COLEGIO MANUEL DEL SOCORRO RODRIGUEZ (IED)", "nombre_localidad": "Rafael Uribe Uribe", "codigo_upz": "39", "nombre_upz": "QUIROGA", "estrato": "Estrato 3", "zona": "URBANA", "caracter_media": "Académico", "lon": -74.126039999803908, "lat": 4.5776400003910576, "codigo_localidad": "18", "q_j": 257.99, "puntaje_2023": 262.31, "punt_global_2020": 251.6, "punt_global_2022": 260.06, "matricula_total": 1773.0, "demanda_total": 1874.0, "sobre_demanda_j": 1.056965595036661, "n_hogares_muestra": 2265.0, "poblacion_expandida": 92517.999998500018, "tasa_pobreza_monetaria": 0.44988045527761961, "tasa_pobreza_extrema": 0.1716353320008803, "tasa_ipm": 0.059948505752285101, "ingreso_percapita_promedio": 843427.0634521615, "capacidad_pago_promedio": 0.34561052227694511, "tamano_hogar_promedio": 3.2499598998916417, "gasto_educ_promedio": 230991.5177320262, "tasa_deficit_cuantitativo": 0.0065383441785360997, "tasa_deficit_cualitativo": 0.14873644958951879, "tasa_deficit_habitacional": 0.15527479376805489, "pct_estrato_1": 0.0017364461694222, "pct_estrato_2": 0.0014887309280597, "pct_estrato_3": 0.99630058644906339, "pct_estrato_4": 0.0, "pct_estrato_5": 0.0, "pct_estrato_6": 0.0, "s0_localidad": 0.2741314328601635, "dist_transmilenio_m": 691.83968436559337, "dist_sitp_m": 139.41810733714144, "dist_parque_m": 215.32407599408526, "homicidios": 159.0, "lesiones_personales": 2500.0, "hurto_personas": 13897.0, "hurto_residencias": 1530.0, "hurto_automotores": 660.0, "hurto_bicicletas": 415.0, "hurto_comercio": 3902.0, "hurto_entidades": 942.0, "violencia_intrafam": 3177.0, "delitos_sexuales": 716.0, "pct_no_oficial": 57.85, "n_sedes_total": 121, "n_sedes_no_oficial": 70 }, "geometry": { "type": "Point", "coordinates": [ -74.126039999803908, 4.577640000391058 ] } },
{ "type": "Feature", "properties": { "DANE12_EST": "111001014630", "id_establecimiento": "111001014630", "nombre_establecimiento": "COLEGIO FRANCISCO DE PAULA SANTANDER (IED)", "nombre_localidad": "Antonio Nariño", "codigo_upz": "38", "nombre_upz": "RESTREPO", "estrato": "Estrato 3", "zona": "URBANA", "caracter_media": "Académico", "lon": -74.097569999829815, "lat": 4.5905100002228387, "codigo_localidad": "15", "q_j": 264.97333333333336, "puntaje_2023": 260.38, "punt_global_2020": 267.57, "punt_global_2022": 266.97, "matricula_total": 881.0, "demanda_total": 947.0, "sobre_demanda_j": 1.0749148694665154, "n_hogares_muestra": 2145.0, "poblacion_expandida": 56056.999997799998, "tasa_pobreza_monetaria": 0.2210592286473827, "tasa_pobreza_extrema": 0.062906507799889294, "tasa_ipm": 0.041575187967452097, "ingreso_percapita_promedio": 1145227.1597134708, "capacidad_pago_promedio": 0.12931852270518401, "tamano_hogar_promedio": 3.6959190017612618, "gasto_educ_promedio": 389904.6851137919, "tasa_deficit_cuantitativo": 0.0057356332413902996, "tasa_deficit_cualitativo": 0.1219053248188128, "tasa_deficit_habitacional": 0.12764095806020309, "pct_estrato_1": 0.0, "pct_estrato_2": 0.0049999584139536002, "pct_estrato_3": 0.99353565876849959, "pct_estrato_4": 0.0, "pct_estrato_5": 0.0, "pct_estrato_6": 0.0, "s0_localidad": 0.4744712548125819, "dist_transmilenio_m": 619.61705638897058, "dist_sitp_m": 103.82112657371032, "dist_parque_m": 283.12654151364319, "homicidios": 25.0, "lesiones_personales": 789.0, "hurto_personas": 8646.0, "hurto_residencias": 610.0, "hurto_automotores": 380.0, "hurto_bicicletas": 271.0, "hurto_comercio": 2516.0, "hurto_entidades": 305.0, "violencia_intrafam": 849.0, "delitos_sexuales": 196.0, "pct_no_oficial": 69.05, "n_sedes_total": 42, "n_sedes_no_oficial": 29 }, "geometry": { "type": "Point", "coordinates": [ -74.097569999829815, 4.590510000222839 ] } },
{ "type": "Feature", "properties": { "DANE12_EST": "111001014664", "id_establecimiento": "111001014664", "nombre_establecimiento": "COLEGIO EL LIBERTADOR (IED)", "nombre_localidad": "Rafael Uribe Uribe", "codigo_upz": "39", "nombre_upz": "QUIROGA", "estrato": "Estrato 3", "zona": "URBANA", "caracter_media": "Técnico", "lon": -74.116270000028948, "lat": 4.5843000004632142, "codigo_localidad": "18", "q_j": 248.73666666666668, "puntaje_2023": 250.38, "punt_global_2020": 245.55, "punt_global_2022": 250.28, "matricula_total": 1681.0, "demanda_total": 1823.0, "sobre_demanda_j": 1.0844735276621058, "n_hogares_muestra": 2265.0, "poblacion_expandida": 92517.999998500018, "tasa_pobreza_monetaria": 0.44988045527761961, "tasa_pobreza_extrema": 0.1716353320008803, "tasa_ipm": 0.059948505752285101, "ingreso_percapita_promedio": 843427.0634521615, "capacidad_pago_promedio": 0.34561052227694511, "tamano_hogar_promedio": 3.2499598998916417, "gasto_educ_promedio": 230991.5177320262, "tasa_deficit_cuantitativo": 0.0065383441785360997, "tasa_deficit_cualitativo": 0.14873644958951879, "tasa_deficit_habitacional": 0.15527479376805489, "pct_estrato_1": 0.0017364461694222, "pct_estrato_2": 0.0014887309280597, "pct_estrato_3": 0.99630058644906339, "pct_estrato_4": 0.0, "pct_estrato_5": 0.0, "pct_estrato_6": 0.0, "s0_localidad": 0.2741314328601635, "dist_transmilenio_m": 858.80821364747476, "dist_sitp_m": 221.1023351918374, "dist_parque_m": 268.10523592691436, "homicidios": 159.0, "lesiones_personales": 2500.0, "hurto_personas": 13897.0, "hurto_residencias": 1530.0, "hurto_automotores": 660.0, "hurto_bicicletas": 415.0, "hurto_comercio": 3902.0, "hurto_entidades": 942.0, "violencia_intrafam": 3177.0, "delitos_sexuales": 716.0, "pct_no_oficial": 57.85, "n_sedes_total": 121, "n_sedes_no_oficial": 70 }, "geometry": { "type": "Point", "coordinates": [ -74.116270000028948, 4.584300000463214 ] } },
{ "type": "Feature", "properties": { "DANE12_EST": "111001014729", "id_establecimiento": "111001014729", "nombre_establecimiento": "COLEGIO JOSE JOAQUIN CASAS (IED)", "nombre_localidad": "Puente Aranda", "codigo_upz": "111", "nombre_upz": "PUENTE ARANDA", "estrato": "Estrato 3", "zona": "URBANA", "caracter_media": "Sin información", "lon": -74.108810000040791, "lat": 4.6320599997719638, "codigo_localidad": "16", "q_j": 257.52333333333337, "puntaje_2023": 267.31, "punt_global_2020": 255.4, "punt_global_2022": 249.86, "matricula_total": 380.0, "demanda_total": 397.0, "sobre_demanda_j": 1.0447368421052632, "n_hogares_muestra": null, "poblacion_expandida": 69306.000002320012, "tasa_pobreza_monetaria": 0.25734390558712839, "tasa_pobreza_extrema": 0.092256304795576546, "tasa_ipm": 0.047279312521774725, "ingreso_percapita_promedio": 1165669.5646130845, "capacidad_pago_promedio": 0.17672663281307779, "tamano_hogar_promedio": 3.5040308092643704, "gasto_educ_promedio": 358324.07906494493, "tasa_deficit_cuantitativo": 0.0044032263812561999, "tasa_deficit_cualitativo": 0.12236612938462418, "tasa_deficit_habitacional": 0.12676935576588039, "pct_estrato_1": 0.00088043867412121489, "pct_estrato_2": 0.070820509746339411, "pct_estrato_3": 0.90069108687881261, "pct_estrato_4": 0.027233125316581112, "pct_estrato_5": 0.0, "pct_estrato_6": 0.0, "s0_localidad": 0.52110761758736768, "dist_transmilenio_m": 560.06538800595979, "dist_sitp_m": 138.45010106039331, "dist_parque_m": 46.21518143530173, "homicidios": 81.0, "lesiones_personales": 1979.0, "hurto_personas": 20917.0, "hurto_residencias": 1572.0, "hurto_automotores": 1079.0, "hurto_bicicletas": 778.0, "hurto_comercio": 5413.0, "hurto_entidades": 730.0, "violencia_intrafam": 2327.0, "delitos_sexuales": 548.0, "pct_no_oficial": 68.0, "n_sedes_total": 100, "n_sedes_no_oficial": 68 }, "geometry": { "type": "Point", "coordinates": [ -74.108810000040791, 4.632059999771964 ] } },
{ "type": "Feature", "properties": { "DANE12_EST": "111001014745", "id_establecimiento": "111001014745", "nombre_establecimiento": "COLEGIO ANTONIO JOSE DE SUCRE (IED)", "nombre_localidad": "Puente Aranda", "codigo_upz": "111", "nombre_upz": "PUENTE ARANDA", "estrato": "Estrato 3", "zona": "URBANA", "caracter_media": "Académico", "lon": -74.118189999828402, "lat": 4.6334800004810219, "codigo_localidad": "16", "q_j": 272.78333333333336, "puntaje_2023": 273.85, "punt_global_2020": 254.6, "punt_global_2022": 289.9, "matricula_total": 433.0, "demanda_total": 467.0, "sobre_demanda_j": 1.0785219399538106, "n_hogares_muestra": null, "poblacion_expandida": 73999.79762185787, "tasa_pobreza_monetaria": 0.22823585664643023, "tasa_pobreza_extrema": 0.080131375529687965, "tasa_ipm": 0.038610671982696729, "ingreso_percapita_promedio": 1240074.1156812797, "capacidad_pago_promedio": 0.14437741501589518, "tamano_hogar_promedio": 3.4687208311561299, "gasto_educ_promedio": 388105.02429863176, "tasa_deficit_cuantitativo": 0.0018207798050830905, "tasa_deficit_cualitativo": 0.10016230391398369, "tasa_deficit_habitacional": 0.10198308371906679, "pct_estrato_1": 0.00082403624985968101, "pct_estrato_2": 0.075190642011744829, "pct_estrato_3": 0.89005992840578008, "pct_estrato_4": 0.033830196028705226, "pct_estrato_5": 0.0, "pct_estrato_6": 0.0, "s0_localidad": 0.52110761758736768, "dist_transmilenio_m": 555.66116786448401, "dist_sitp_m": 233.36288766173337, "dist_parque_m": 54.925579626240619, "homicidios": 81.0, "lesiones_personales": 1979.0, "hurto_personas": 20917.0, "hurto_residencias": 1572.0, "hurto_automotores": 1079.0, "hurto_bicicletas": 778.0, "hurto_comercio": 5413.0, "hurto_entidades": 730.0, "violencia_intrafam": 2327.0, "delitos_sexuales": 548.0, "pct_no_oficial": 68.0, "n_sedes_total": 100, "n_sedes_no_oficial": 68 }, "geometry": { "type": "Point", "coordinates": [ -74.118189999828402, 4.633480000481022 ] } },
{ "type": "Feature", "properties": { "DANE12_EST": "111001014826", "id_establecimiento": "111001014826", "nombre_establecimiento": "COLEGIO MARCO ANTONIO CARREÑO SILVA (IED)", "nombre_localidad": "Puente Aranda", "codigo_upz": "40", "nombre_upz": "CIUDAD MONTES", "estrato": "Estrato 3", "zona": "URBANA", "caracter_media": "Académico", "lon": -74.11278000023438, "lat": 4.5978700003927804, "codigo_localidad": "16", "q_j": 272.01, "puntaje_2023": 275.0, "punt_global_2020": 264.22, "punt_global_2022": 276.81, "matricula_total": 1150.0, "demanda_total": 1237.0, "sobre_demanda_j": 1.0756521739130436, "n_hogares_muestra": 2216.0, "poblacion_expandida": 102337.999998, "tasa_pobreza_monetaria": 0.26892518363206092, "tasa_pobreza_extrema": 0.1492230603802932, "tasa_ipm": 0.032160553297546503, "ingreso_percapita_promedio": 1197049.8054420657, "capacidad_pago_promedio": 0.14485836851403891, "tamano_hogar_promedio": 3.4479478357745501, "gasto_educ_promedio": 354259.42587660241, "tasa_deficit_cuantitativo": 0.0032629278812026999, "tasa_deficit_cualitativo": 0.052480742054808197, "tasa_deficit_habitacional": 0.055743669936010903, "pct_estrato_1": 0.0012943872266664, "pct_estrato_2": 0.0016206459800195, "pct_estrato_3": 0.99708496679331404, "pct_estrato_4": 0.0, "pct_estrato_5": 0.0, "pct_estrato_6": 0.0, "s0_localidad": 0.52110761758736768, "dist_transmilenio_m": 243.33245423246905, "dist_sitp_m": 148.36086985650229, "dist_parque_m": 89.414394156391012, "homicidios": 81.0, "lesiones_personales": 1979.0, "hurto_personas": 20917.0, "hurto_residencias": 1572.0, "hurto_automotores": 1079.0, "hurto_bicicletas": 778.0, "hurto_comercio": 5413.0, "hurto_entidades": 730.0, "violencia_intrafam": 2327.0, "delitos_sexuales": 548.0, "pct_no_oficial": 68.0, "n_sedes_total": 100, "n_sedes_no_oficial": 68 }, "geometry": { "type": "Point", "coordinates": [ -74.11278000023438, 4.59787000039278 ] } },
{ "type": "Feature", "properties": { "DANE12_EST": "111001014869", "id_establecimiento": "111001014869", "nombre_establecimiento": "COLEGIO LUIS VARGAS TEJADA (IED)", "nombre_localidad": "Puente Aranda", "codigo_upz": "40", "nombre_upz": "CIUDAD MONTES", "estrato": "Estrato 3", "zona": "URBANA", "caracter_media": "Académico", "lon": -74.125829999741626, "lat": 4.6095400002149081, "codigo_localidad": "16", "q_j": 266.26, "puntaje_2023": 268.46, "punt_global_2020": 259.5, "punt_global_2022": 270.82, "matricula_total": 620.0, "demanda_total": 662.0, "sobre_demanda_j": 1.0677419354838709, "n_hogares_muestra": 2216.0, "poblacion_expandida": 102337.999998, "tasa_pobreza_monetaria": 0.26892518363206092, "tasa_pobreza_extrema": 0.1492230603802932, "tasa_ipm": 0.032160553297546503, "ingreso_percapita_promedio": 1197049.8054420657, "capacidad_pago_promedio": 0.14485836851403891, "tamano_hogar_promedio": 3.4479478357745501, "gasto_educ_promedio": 354259.42587660241, "tasa_deficit_cuantitativo": 0.0032629278812026999, "tasa_deficit_cualitativo": 0.052480742054808197, "tasa_deficit_habitacional": 0.055743669936010903, "pct_estrato_1": 0.0012943872266664, "pct_estrato_2": 0.0016206459800195, "pct_estrato_3": 0.99708496679331404, "pct_estrato_4": 0.0, "pct_estrato_5": 0.0, "pct_estrato_6": 0.0, "s0_localidad": 0.52110761758736768, "dist_transmilenio_m": 1764.2124111120138, "dist_sitp_m": 140.42219583885623, "dist_parque_m": 75.551042844618095, "homicidios": 81.0, "lesiones_personales": 1979.0, "hurto_personas": 20917.0, "hurto_residencias": 1572.0, "hurto_automotores": 1079.0, "hurto_bicicletas": 778.0, "hurto_comercio": 5413.0, "hurto_entidades": 730.0, "violencia_intrafam": 2327.0, "delitos_sexuales": 548.0, "pct_no_oficial": 68.0, "n_sedes_total": 100, "n_sedes_no_oficial": 68 }, "geometry": { "type": "Point", "coordinates": [ -74.125829999741626, 4.609540000214908 ] } },
{ "type": "Feature", "properties": { "DANE12_EST": "111001014885", "id_establecimiento": "111001014885", "nombre_establecimiento": "COLEGIO JULIO GARAVITO ARMERO (IED)", "nombre_localidad": "Puente Aranda", "codigo_upz": "41", "nombre_upz": "MUZU", "estrato": "Estrato 3", "zona": "URBANA", "caracter_media": "Sin información", "lon": -74.134230000436347, "lat": 4.599620000427473, "codigo_localidad": "16", "q_j": 263.11454545454546, "puntaje_2023": 265.16545454545451, "punt_global_2020": 259.58545454545452, "punt_global_2022": 264.5927272727273, "matricula_total": 1425.0, "demanda_total": 1560.0, "sobre_demanda_j": 1.0947368421052632, "n_hogares_muestra": 2264.0, "poblacion_expandida": 59388.999998200001, "tasa_pobreza_monetaria": 0.21965264471190579, "tasa_pobreza_extrema": 0.072334236934957594, "tasa_ipm": 0.021314455866210301, "ingreso_percapita_promedio": 1066974.7093374557, "capacidad_pago_promedio": 0.120081215040094, "tamano_hogar_promedio": 3.4432326570947112, "gasto_educ_promedio": 332788.85708892788, "tasa_deficit_cuantitativo": 0.0083460014483325001, "tasa_deficit_cualitativo": 0.051646673853625397, "tasa_deficit_habitacional": 0.059992675301958003, "pct_estrato_1": 0.0, "pct_estrato_2": 0.0050300839247849, "pct_estrato_3": 0.99496991607521501, "pct_estrato_4": 0.0, "pct_estrato_5": 0.0, "pct_estrato_6": 0.0, "s0_localidad": 0.52110761758736768, "dist_transmilenio_m": 594.91664290218387, "dist_sitp_m": 73.905698558659893, "dist_parque_m": 268.58963337434841, "homicidios": 81.0, "lesiones_personales": 1979.0, "hurto_personas": 20917.0, "hurto_residencias": 1572.0, "hurto_automotores": 1079.0, "hurto_bicicletas": 778.0, "hurto_comercio": 5413.0, "hurto_entidades": 730.0, "violencia_intrafam": 2327.0, "delitos_sexuales": 548.0, "pct_no_oficial": 68.0, "n_sedes_total": 100, "n_sedes_no_oficial": 68 }, "geometry": { "type": "Point", "coordinates": [ -74.134230000436347, 4.599620000427473 ] } },
{ "type": "Feature", "properties": { "DANE12_EST": "111001014958", "id_establecimiento": "111001014958", "nombre_establecimiento": "COLEGIO CLEMENCIA HOLGUIN DE URDANETA (IED)", "nombre_localidad": "Rafael Uribe Uribe", "codigo_upz": "39", "nombre_upz": "QUIROGA", "estrato": "Estrato 3", "zona": "URBANA", "caracter_media": "Académico", "lon": -74.110539999869459, "lat": 4.5791500001864156, "codigo_localidad": "18", "q_j": 261.43666666666667, "puntaje_2023": 266.15, "punt_global_2020": 254.76, "punt_global_2022": 263.4, "matricula_total": 782.0, "demanda_total": 842.0, "sobre_demanda_j": 1.0767263427109974, "n_hogares_muestra": 2265.0, "poblacion_expandida": 92517.999998500018, "tasa_pobreza_monetaria": 0.44988045527761961, "tasa_pobreza_extrema": 0.1716353320008803, "tasa_ipm": 0.059948505752285101, "ingreso_percapita_promedio": 843427.0634521615, "capacidad_pago_promedio": 0.34561052227694511, "tamano_hogar_promedio": 3.2499598998916417, "gasto_educ_promedio": 230991.5177320262, "tasa_deficit_cuantitativo": 0.0065383441785360997, "tasa_deficit_cualitativo": 0.14873644958951879, "tasa_deficit_habitacional": 0.15527479376805489, "pct_estrato_1": 0.0017364461694222, "pct_estrato_2": 0.0014887309280597, "pct_estrato_3": 0.99630058644906339, "pct_estrato_4": 0.0, "pct_estrato_5": 0.0, "pct_estrato_6": 0.0, "s0_localidad": 0.2741314328601635, "dist_transmilenio_m": 353.01421294034736, "dist_sitp_m": 245.41678888575885, "dist_parque_m": 107.57186931237325, "homicidios": 159.0, "lesiones_personales": 2500.0, "hurto_personas": 13897.0, "hurto_residencias": 1530.0, "hurto_automotores": 660.0, "hurto_bicicletas": 415.0, "hurto_comercio": 3902.0, "hurto_entidades": 942.0, "violencia_intrafam": 3177.0, "delitos_sexuales": 716.0, "pct_no_oficial": 57.85, "n_sedes_total": 121, "n_sedes_no_oficial": 70 }, "geometry": { "type": "Point", "coordinates": [ -74.110539999869459, 4.579150000186416 ] } },
{ "type": "Feature", "properties": { "DANE12_EST": "111001014974", "id_establecimiento": "111001014974", "nombre_establecimiento": "COLEGIO FRANCISCO DE MIRANDA (IED)", "nombre_localidad": "Kennedy", "codigo_upz": "48", "nombre_upz": "TIMIZA", "estrato": "Estrato 3", "zona": "URBANA", "caracter_media": "Académico", "lon": -74.1544600004476, "lat": 4.6125500003779543, "codigo_localidad": "08", "q_j": 265.15, "puntaje_2023": 268.85, "punt_global_2020": 254.06, "punt_global_2022": 272.54, "matricula_total": 1154.0, "demanda_total": 1219.0, "sobre_demanda_j": 1.0563258232235702, "n_hogares_muestra": 2432.0, "poblacion_expandida": 140406.00000220002, "tasa_pobreza_monetaria": 0.33929723211510571, "tasa_pobreza_extrema": 0.1338840227747066, "tasa_ipm": 0.031701365948251903, "ingreso_percapita_promedio": 896426.58366748167, "capacidad_pago_promedio": 0.27680396105573141, "tamano_hogar_promedio": 3.5291548518092943, "gasto_educ_promedio": 246574.67214119679, "tasa_deficit_cuantitativo": 0.0067183660739940998, "tasa_deficit_cualitativo": 0.093567534257041299, "tasa_deficit_habitacional": 0.1002859003310355, "pct_estrato_1": 0.011486510047823599, "pct_estrato_2": 0.27805809749432547, "pct_estrato_3": 0.71045539245785072, "pct_estrato_4": 0.0, "pct_estrato_5": 0.0, "pct_estrato_6": 0.0, "s0_localidad": 0.3719221758740453, "dist_transmilenio_m": 1828.8305299491278, "dist_sitp_m": 139.73353407234973, "dist_parque_m": 76.123166704513594, "homicidios": 277.0, "lesiones_personales": 5216.0, "hurto_personas": 45928.0, "hurto_residencias": 4574.0, "hurto_automotores": 2662.0, "hurto_bicicletas": 2842.0, "hurto_comercio": 11829.0, "hurto_entidades": 2994.0, "violencia_intrafam": 8341.0, "delitos_sexuales": 1353.0, "pct_no_oficial": 70.99, "n_sedes_total": 262, "n_sedes_no_oficial": 186 }, "geometry": { "type": "Point", "coordinates": [ -74.1544600004476, 4.612550000377954 ] } },
{ "type": "Feature", "properties": { "DANE12_EST": "111001015172", "id_establecimiento": "111001015172", "nombre_establecimiento": "COLEGIO ALEJANDRO OBREGON (IED)", "nombre_localidad": "Rafael Uribe Uribe", "codigo_upz": "36", "nombre_upz": "SAN JOSE", "estrato": "Estrato 3", "zona": "URBANA", "caracter_media": "Académico", "lon": -74.10887000031525, "lat": 4.5765200005187161, "codigo_localidad": "18", "q_j": 259.25666666666666, "puntaje_2023": 260.96, "punt_global_2020": 250.41, "punt_global_2022": 266.4, "matricula_total": 1601.0, "demanda_total": 1721.0, "sobre_demanda_j": 1.074953154278576, "n_hogares_muestra": 2185.0, "poblacion_expandida": 48723.000006100003, "tasa_pobreza_monetaria": 0.3125623057897372, "tasa_pobreza_extrema": 0.1053114940081193, "tasa_ipm": 0.0273850604444092, "ingreso_percapita_promedio": 979518.96552884765, "capacidad_pago_promedio": 0.1711706012325977, "tamano_hogar_promedio": 3.1911789136143875, "gasto_educ_promedio": 291290.06272087869, "tasa_deficit_cuantitativo": 0.0050929432910315998, "tasa_deficit_cualitativo": 0.067327171623038404, "tasa_deficit_habitacional": 0.072420114914070105, "pct_estrato_1": 0.0, "pct_estrato_2": 0.0291557383026937, "pct_estrato_3": 0.9700897110744916, "pct_estrato_4": 0.0, "pct_estrato_5": 0.0, "pct_estrato_6": 0.0, "s0_localidad": 0.2741314328601635, "dist_transmilenio_m": 314.33062741192271, "dist_sitp_m": 327.27451430318854, "dist_parque_m": 63.686231235526826, "homicidios": 159.0, "lesiones_personales": 2500.0, "hurto_personas": 13897.0, "hurto_residencias": 1530.0, "hurto_automotores": 660.0, "hurto_bicicletas": 415.0, "hurto_comercio": 3902.0, "hurto_entidades": 942.0, "violencia_intrafam": 3177.0, "delitos_sexuales": 716.0, "pct_no_oficial": 57.85, "n_sedes_total": 121, "n_sedes_no_oficial": 70 }, "geometry": { "type": "Point", "coordinates": [ -74.10887000031525, 4.576520000518716 ] } },
{ "type": "Feature", "properties": { "DANE12_EST": "111001015458", "id_establecimiento": "111001015458", "nombre_establecimiento": "COLEGIO FLORIDABLANCA (IED)", "nombre_localidad": "Engativa", "codigo_upz": "30", "nombre_upz": "BOYACA REAL", "estrato": "Estrato 3", "zona": "URBANA", "caracter_media": "Académico", "lon": -74.114259999817804, "lat": 4.6980100004607976, "codigo_localidad": "10", "q_j": 272.11333333333334, "puntaje_2023": 283.0, "punt_global_2020": 262.1, "punt_global_2022": 271.24, "matricula_total": 1829.0, "demanda_total": 1999.0, "sobre_demanda_j": 1.092946965554948, "n_hogares_muestra": 2323.0, "poblacion_expandida": 128077.9999945, "tasa_pobreza_monetaria": 0.21316985174169201, "tasa_pobreza_extrema": 0.087713598514049404, "tasa_ipm": 0.0197830925311826, "ingreso_percapita_promedio": 1221231.8086073501, "capacidad_pago_promedio": 0.12322486766484279, "tamano_hogar_promedio": 3.3229911651882169, "gasto_educ_promedio": 371577.38622723561, "tasa_deficit_cuantitativo": 0.0, "tasa_deficit_cualitativo": 0.064302304466447496, "tasa_deficit_habitacional": 0.064302304466447496, "pct_estrato_1": 0.0, "pct_estrato_2": 0.0071695178855027998, "pct_estrato_3": 0.97261072684418381, "pct_estrato_4": 0.016956639453249201, "pct_estrato_5": 0.0, "pct_estrato_6": 0.0032631158170641, "s0_localidad": 0.45908732785239414, "dist_transmilenio_m": 1146.055249458012, "dist_sitp_m": 74.224388657599775, "dist_parque_m": 80.660055240020554, "homicidios": 114.0, "lesiones_personales": 3260.0, "hurto_personas": 44584.0, "hurto_residencias": 4694.0, "hurto_automotores": 1548.0, "hurto_bicicletas": 2840.0, "hurto_comercio": 11724.0, "hurto_entidades": 1616.0, "violencia_intrafam": 6497.0, "delitos_sexuales": 1001.0, "pct_no_oficial": 73.15, "n_sedes_total": 257, "n_sedes_no_oficial": 188 }, "geometry": { "type": "Point", "coordinates": [ -74.114259999817804, 4.698010000460798 ] } },
{ "type": "Feature", "properties": { "DANE12_EST": "111001015598", "id_establecimiento": "111001015598", "nombre_establecimiento": "COLEGIO LAS AMERICAS (IED)", "nombre_localidad": "Kennedy", "codigo_upz": "45", "nombre_upz": "CARVAJAL", "estrato": "Estrato 3", "zona": "URBANA", "caracter_media": "Académico", "lon": -74.150510000345491, "lat": 4.6168399997517628, "codigo_localidad": "08", "q_j": 258.24, "puntaje_2023": 259.83, "punt_global_2020": 250.7, "punt_global_2022": 264.19, "matricula_total": 2470.0, "demanda_total": 2631.0, "sobre_demanda_j": 1.0651821862348179, "n_hogares_muestra": 2469.0, "poblacion_expandida": 89478.999998500018, "tasa_pobreza_monetaria": 0.32445712072538452, "tasa_pobreza_extrema": 0.085893314984843802, "tasa_ipm": 0.041267653197531201, "ingreso_percapita_promedio": 878070.43970562285, "capacidad_pago_promedio": 0.2447215180306784, "tamano_hogar_promedio": 3.5037879078024523, "gasto_educ_promedio": 248400.25873332031, "tasa_deficit_cuantitativo": 0.010927202968477399, "tasa_deficit_cualitativo": 0.1160162726580987, "tasa_deficit_habitacional": 0.12694347562657621, "pct_estrato_1": 0.0132996693963941, "pct_estrato_2": 0.28118569886478129, "pct_estrato_3": 0.70551463173882434, "pct_estrato_4": 0.0, "pct_estrato_5": 0.0, "pct_estrato_6": 0.0, "s0_localidad": 0.3719221758740453, "dist_transmilenio_m": 1690.9512298064126, "dist_sitp_m": 55.150398941609161, "dist_parque_m": 136.03086769907338, "homicidios": 277.0, "lesiones_personales": 5216.0, "hurto_personas": 45928.0, "hurto_residencias": 4574.0, "hurto_automotores": 2662.0, "hurto_bicicletas": 2842.0, "hurto_comercio": 11829.0, "hurto_entidades": 2994.0, "violencia_intrafam": 8341.0, "delitos_sexuales": 1353.0, "pct_no_oficial": 70.99, "n_sedes_total": 262, "n_sedes_no_oficial": 186 }, "geometry": { "type": "Point", "coordinates": [ -74.150510000345491, 4.616839999751763 ] } },
{ "type": "Feature", "properties": { "DANE12_EST": "111001015601", "id_establecimiento": "111001015601", "nombre_establecimiento": "COLEGIO O.E.A. (IED)", "nombre_localidad": "Kennedy", "codigo_upz": "45", "nombre_upz": "CARVAJAL", "estrato": "Estrato 3", "zona": "URBANA", "caracter_media": "Técnico", "lon": -74.141610000058577, "lat": 4.6178900002064829, "codigo_localidad": "08", "q_j": 268.75666666666666, "puntaje_2023": 273.46, "punt_global_2020": 265.45, "punt_global_2022": 267.36, "matricula_total": 2146.0, "demanda_total": 2294.0, "sobre_demanda_j": 1.0689655172413792, "n_hogares_muestra": 2469.0, "poblacion_expandida": 89478.999998500018, "tasa_pobreza_monetaria": 0.32445712072538452, "tasa_pobreza_extrema": 0.085893314984843802, "tasa_ipm": 0.041267653197531201, "ingreso_percapita_promedio": 878070.43970562285, "capacidad_pago_promedio": 0.2447215180306784, "tamano_hogar_promedio": 3.5037879078024523, "gasto_educ_promedio": 248400.25873332031, "tasa_deficit_cuantitativo": 0.010927202968477399, "tasa_deficit_cualitativo": 0.1160162726580987, "tasa_deficit_habitacional": 0.12694347562657621, "pct_estrato_1": 0.0132996693963941, "pct_estrato_2": 0.28118569886478129, "pct_estrato_3": 0.70551463173882434, "pct_estrato_4": 0.0, "pct_estrato_5": 0.0, "pct_estrato_6": 0.0, "s0_localidad": 0.3719221758740453, "dist_transmilenio_m": 1443.0187996529951, "dist_sitp_m": 64.261507078314835, "dist_parque_m": 37.684947452563613, "homicidios": 277.0, "lesiones_personales": 5216.0, "hurto_personas": 45928.0, "hurto_residencias": 4574.0, "hurto_automotores": 2662.0, "hurto_bicicletas": 2842.0, "hurto_comercio": 11829.0, "hurto_entidades": 2994.0, "violencia_intrafam": 8341.0, "delitos_sexuales": 1353.0, "pct_no_oficial": 70.99, "n_sedes_total": 262, "n_sedes_no_oficial": 186 }, "geometry": { "type": "Point", "coordinates": [ -74.141610000058577, 4.617890000206483 ] } },
{ "type": "Feature", "properties": { "DANE12_EST": "111001015733", "id_establecimiento": "111001015733", "nombre_establecimiento": "COLEGIO ANTONIO BARAYA (IED)", "nombre_localidad": "Rafael Uribe Uribe", "codigo_upz": "39", "nombre_upz": "QUIROGA", "estrato": "Estrato 3", "zona": "URBANA", "caracter_media": "Académico", "lon": -74.109250000256836, "lat": 4.5837200004411596, "codigo_localidad": "18", "q_j": 259.89333333333326, "puntaje_2023": 257.31, "punt_global_2020": 260.78, "punt_global_2022": 261.59, "matricula_total": 1127.0, "demanda_total": 1208.0, "sobre_demanda_j": 1.0718722271517303, "n_hogares_muestra": 2265.0, "poblacion_expandida": 92517.999998500018, "tasa_pobreza_monetaria": 0.44988045527761961, "tasa_pobreza_extrema": 0.1716353320008803, "tasa_ipm": 0.059948505752285101, "ingreso_percapita_promedio": 843427.0634521615, "capacidad_pago_promedio": 0.34561052227694511, "tamano_hogar_promedio": 3.2499598998916417, "gasto_educ_promedio": 230991.5177320262, "tasa_deficit_cuantitativo": 0.0065383441785360997, "tasa_deficit_cualitativo": 0.14873644958951879, "tasa_deficit_habitacional": 0.15527479376805489, "pct_estrato_1": 0.0017364461694222, "pct_estrato_2": 0.0014887309280597, "pct_estrato_3": 0.99630058644906339, "pct_estrato_4": 0.0, "pct_estrato_5": 0.0, "pct_estrato_6": 0.0, "s0_localidad": 0.2741314328601635, "dist_transmilenio_m": 573.71814840495085, "dist_sitp_m": 12.088241638240165, "dist_parque_m": 144.32572385358273, "homicidios": 159.0, "lesiones_personales": 2500.0, "hurto_personas": 13897.0, "hurto_residencias": 1530.0, "hurto_automotores": 660.0, "hurto_bicicletas": 415.0, "hurto_comercio": 3902.0, "hurto_entidades": 942.0, "violencia_intrafam": 3177.0, "delitos_sexuales": 716.0, "pct_no_oficial": 57.85, "n_sedes_total": 121, "n_sedes_no_oficial": 70 }, "geometry": { "type": "Point", "coordinates": [ -74.109250000256836, 4.58372000044116 ] } },
{ "type": "Feature", "properties": { "DANE12_EST": "111001015776", "id_establecimiento": "111001015776", "nombre_establecimiento": "COLEGIO INSTITUTO TECNICO DISTRITAL JULIO FLOREZ (IED)", "nombre_localidad": "Suba", "codigo_upz": "25", "nombre_upz": "LA FLORESTA", "estrato": "Estrato 3", "zona": "URBANA", "caracter_media": "Sin información", "lon": -74.074110000315002, "lat": 4.6959599997435424, "codigo_localidad": "11", "q_j": 275.25, "puntaje_2023": 280.77, "punt_global_2020": 265.95, "punt_global_2022": 279.03, "matricula_total": 1320.0, "demanda_total": 1429.0, "sobre_demanda_j": 1.0825757575757575, "n_hogares_muestra": 2265.0, "poblacion_expandida": 45216.000005599999, "tasa_pobreza_monetaria": 0.054940813618903302, "tasa_pobreza_extrema": 0.027703713850072, "tasa_ipm": 0.012399317638237799, "ingreso_percapita_promedio": 3231226.1914537558, "capacidad_pago_promedio": 0.015885551800491799, "tamano_hogar_promedio": 3.1539355970350749, "gasto_educ_promedio": 1013371.1795132668, "tasa_deficit_cuantitativo": 0.0, "tasa_deficit_cualitativo": 0.029357251261403001, "tasa_deficit_habitacional": 0.029357251261403001, "pct_estrato_1": 0.0, "pct_estrato_2": 0.0, "pct_estrato_3": 0.13412765233653759, "pct_estrato_4": 0.8165314216898315, "pct_estrato_5": 0.038293577085225398, "pct_estrato_6": 0.0098636580313332008, "s0_localidad": 0.52282970591970535, "dist_transmilenio_m": 597.17851601743996, "dist_sitp_m": 25.394595940995529, "dist_parque_m": 145.8021465989776, "homicidios": 143.0, "lesiones_personales": 4117.0, "hurto_personas": 47285.0, "hurto_residencias": 5010.0, "hurto_automotores": 938.0, "hurto_bicicletas": 2774.0, "hurto_comercio": 12600.0, "hurto_entidades": 1324.0, "violencia_intrafam": 8047.0, "delitos_sexuales": 1387.0, "pct_no_oficial": 80.22, "n_sedes_total": 364, "n_sedes_no_oficial": 292 }, "geometry": { "type": "Point", "coordinates": [ -74.074110000315002, 4.695959999743542 ] } },
{ "type": "Feature", "properties": { "DANE12_EST": "111001015806", "id_establecimiento": "111001015806", "nombre_establecimiento": "COLEGIO JORGE GAITAN CORTES (IED)", "nombre_localidad": "Engativa", "codigo_upz": "29", "nombre_upz": "EL MINUTO DE DIOS", "estrato": "Estrato 3", "zona": "URBANA", "caracter_media": "Sin información", "lon": -74.099119999733446, "lat": 4.7088400000563251, "codigo_localidad": "10", "q_j": 272.09666666666664, "puntaje_2023": 267.18, "punt_global_2020": 272.1, "punt_global_2022": 277.01, "matricula_total": 1153.0, "demanda_total": 1280.0, "sobre_demanda_j": 1.1101474414570685, "n_hogares_muestra": 2166.0, "poblacion_expandida": 110558.9999976, "tasa_pobreza_monetaria": 0.26925903660168982, "tasa_pobreza_extrema": 0.097532512609865105, "tasa_ipm": 0.032849686395307803, "ingreso_percapita_promedio": 931557.49899179663, "capacidad_pago_promedio": 0.2136129795540179, "tamano_hogar_promedio": 3.3385683072225012, "gasto_educ_promedio": 241862.34593798919, "tasa_deficit_cuantitativo": 0.0077472086028147003, "tasa_deficit_cualitativo": 0.079993850503278605, "tasa_deficit_habitacional": 0.087741059106093297, "pct_estrato_1": 0.017953244973661901, "pct_estrato_2": 0.31938856027882417, "pct_estrato_3": 0.66218723013765712, "pct_estrato_4": 0.00047096460985649998, "pct_estrato_5": 0.0, "pct_estrato_6": 0.0, "s0_localidad": 0.45908732785239414, "dist_transmilenio_m": 718.66868208045241, "dist_sitp_m": 223.01533532141028, "dist_parque_m": 67.101550091090076, "homicidios": 114.0, "lesiones_personales": 3260.0, "hurto_personas": 44584.0, "hurto_residencias": 4694.0, "hurto_automotores": 1548.0, "hurto_bicicletas": 2840.0, "hurto_comercio": 11724.0, "hurto_entidades": 1616.0, "violencia_intrafam": 6497.0, "delitos_sexuales": 1001.0, "pct_no_oficial": 73.15, "n_sedes_total": 257, "n_sedes_no_oficial": 188 }, "geometry": { "type": "Point", "coordinates": [ -74.099119999733446, 4.708840000056325 ] } },
{ "type": "Feature", "properties": { "DANE12_EST": "111001015814", "id_establecimiento": "111001015814", "nombre_establecimiento": "COLEGIO REPUBLICA DE CHINA (IED)", "nombre_localidad": "Engativa", "codigo_upz": "29", "nombre_upz": "EL MINUTO DE DIOS", "estrato": "Estrato 3", "zona": "URBANA", "caracter_media": "Académico", "lon": -74.103819999672993, "lat": 4.707700000069245, "codigo_localidad": "10", "q_j": 261.67666666666668, "puntaje_2023": 267.6, "punt_global_2020": 257.33, "punt_global_2022": 260.1, "matricula_total": 1834.0, "demanda_total": 2014.0, "sobre_demanda_j": 1.0981461286804799, "n_hogares_muestra": 2166.0, "poblacion_expandida": 110558.9999976, "tasa_pobreza_monetaria": 0.26925903660168982, "tasa_pobreza_extrema": 0.097532512609865105, "tasa_ipm": 0.032849686395307803, "ingreso_percapita_promedio": 931557.49899179663, "capacidad_pago_promedio": 0.2136129795540179, "tamano_hogar_promedio": 3.3385683072225012, "gasto_educ_promedio": 241862.34593798919, "tasa_deficit_cuantitativo": 0.0077472086028147003, "tasa_deficit_cualitativo": 0.079993850503278605, "tasa_deficit_habitacional": 0.087741059106093297, "pct_estrato_1": 0.017953244973661901, "pct_estrato_2": 0.31938856027882417, "pct_estrato_3": 0.66218723013765712, "pct_estrato_4": 0.00047096460985649998, "pct_estrato_5": 0.0, "pct_estrato_6": 0.0, "s0_localidad": 0.45908732785239414, "dist_transmilenio_m": 347.41021056320517, "dist_sitp_m": 39.392769110624052, "dist_parque_m": 51.186337278630646, "homicidios": 114.0, "lesiones_personales": 3260.0, "hurto_personas": 44584.0, "hurto_residencias": 4694.0, "hurto_automotores": 1548.0, "hurto_bicicletas": 2840.0, "hurto_comercio": 11724.0, "hurto_entidades": 1616.0, "violencia_intrafam": 6497.0, "delitos_sexuales": 1001.0, "pct_no_oficial": 73.15, "n_sedes_total": 257, "n_sedes_no_oficial": 188 }, "geometry": { "type": "Point", "coordinates": [ -74.103819999672993, 4.707700000069245 ] } },
{ "type": "Feature", "properties": { "DANE12_EST": "111001015903", "id_establecimiento": "111001015903", "nombre_establecimiento": "COLEGIO MONTEBELLO (IED)", "nombre_localidad": "San Cristobal", "codigo_upz": "34", "nombre_upz": "20 DE JULIO", "estrato": "Estrato 3", "zona": "URBANA", "caracter_media": "Académico", "lon": -74.088020000162871, "lat": 4.5667800002075394, "codigo_localidad": "04", "q_j": 240.51333333333332, "puntaje_2023": 244.25, "punt_global_2020": 243.25, "punt_global_2022": 234.04, "matricula_total": 1441.0, "demanda_total": 1590.0, "sobre_demanda_j": 1.1034004163775155, "n_hogares_muestra": 2665.0, "poblacion_expandida": 80466.000000300002, "tasa_pobreza_monetaria": 0.43638192772685458, "tasa_pobreza_extrema": 0.13742584082294099, "tasa_ipm": 0.055464445627760303, "ingreso_percapita_promedio": 664284.91079455626, "capacidad_pago_promedio": 0.4244786661940777, "tamano_hogar_promedio": 3.7802722077283062, "gasto_educ_promedio": 225987.00528337804, "tasa_deficit_cuantitativo": 0.0122805236733069, "tasa_deficit_cualitativo": 0.1420960154805429, "tasa_deficit_habitacional": 0.15437653915384991, "pct_estrato_1": 0.0010078821912322001, "pct_estrato_2": 0.68787336744207039, "pct_estrato_3": 0.31111875036669723, "pct_estrato_4": 0.0, "pct_estrato_5": 0.0, "pct_estrato_6": 0.0, "s0_localidad": 0.24275340378588084, "dist_transmilenio_m": 1003.2652660055626, "dist_sitp_m": 38.399400871990139, "dist_parque_m": 31.147695272837744, "homicidios": 113.0, "lesiones_personales": 2653.0, "hurto_personas": 11264.0, "hurto_residencias": 1302.0, "hurto_automotores": 438.0, "hurto_bicicletas": 251.0, "hurto_comercio": 3279.0, "hurto_entidades": 810.0, "violencia_intrafam": 4309.0, "delitos_sexuales": 811.0, "pct_no_oficial": 49.61, "n_sedes_total": 129, "n_sedes_no_oficial": 64 }, "geometry": { "type": "Point", "coordinates": [ -74.088020000162871, 4.566780000207539 ] } },
{ "type": "Feature", "properties": { "DANE12_EST": "111001015911", "id_establecimiento": "111001015911", "nombre_establecimiento": "COLEGIO LOS ALPES (IED)", "nombre_localidad": "San Cristobal", "codigo_upz": "32", "nombre_upz": "SAN BLAS", "estrato": "Estrato 2", "zona": "URBANA", "caracter_media": "Académico - Técnico", "lon": -74.084740000430614, "lat": 4.5526999998513036, "codigo_localidad": "04", "q_j": 231.29333333333332, "puntaje_2023": 233.18, "punt_global_2020": 227.23, "punt_global_2022": 233.47, "matricula_total": 2840.0, "demanda_total": 3348.0, "sobre_demanda_j": 1.1788732394366197, "n_hogares_muestra": 2576.0, "poblacion_expandida": 103547.9999957, "tasa_pobreza_monetaria": 0.53281572810765165, "tasa_pobreza_extrema": 0.17804593568360169, "tasa_ipm": 0.067906413079847003, "ingreso_percapita_promedio": 549847.98617717263, "capacidad_pago_promedio": 0.52019094688102929, "tamano_hogar_promedio": 3.6905228238495118, "gasto_educ_promedio": 137818.05261490447, "tasa_deficit_cuantitativo": 0.0341879814409453, "tasa_deficit_cualitativo": 0.1618981974832556, "tasa_deficit_habitacional": 0.19608617892420099, "pct_estrato_1": 0.1275309686584809, "pct_estrato_2": 0.85813449443533429, "pct_estrato_3": 0.0083652084476375007, "pct_estrato_4": 0.0, "pct_estrato_5": 0.0, "pct_estrato_6": 0.0, "s0_localidad": 0.24275340378588084, "dist_transmilenio_m": 1986.1112435822956, "dist_sitp_m": 136.87507439452639, "dist_parque_m": 157.46326770191294, "homicidios": 113.0, "lesiones_personales": 2653.0, "hurto_personas": 11264.0, "hurto_residencias": 1302.0, "hurto_automotores": 438.0, "hurto_bicicletas": 251.0, "hurto_comercio": 3279.0, "hurto_entidades": 810.0, "violencia_intrafam": 4309.0, "delitos_sexuales": 811.0, "pct_no_oficial": 49.61, "n_sedes_total": 129, "n_sedes_no_oficial": 64 }, "geometry": { "type": "Point", "coordinates": [ -74.084740000430614, 4.552699999851304 ] } },
{ "type": "Feature", "properties": { "DANE12_EST": "111001016004", "id_establecimiento": "111001016004", "nombre_establecimiento": "COLEGIO LA BELLEZA LOS LIBERTADORES (IED)", "nombre_localidad": "San Cristobal", "codigo_upz": "51", "nombre_upz": "LOS LIBERTADORES", "estrato": "Estrato 2", "zona": "URBANA", "caracter_media": "Académico", "lon": -74.092190000373023, "lat": 4.5304400003485403, "codigo_localidad": "04", "q_j": 247.95666666666668, "puntaje_2023": 257.31, "punt_global_2020": 239.8, "punt_global_2022": 246.76, "matricula_total": 910.0, "demanda_total": 964.0, "sobre_demanda_j": 1.0593406593406594, "n_hogares_muestra": 2692.0, "poblacion_expandida": 77733.999996699989, "tasa_pobreza_monetaria": 0.52653769833454578, "tasa_pobreza_extrema": 0.1756566622209029, "tasa_ipm": 0.067361788036409895, "ingreso_percapita_promedio": 552249.07066018332, "capacidad_pago_promedio": 0.55247422117121425, "tamano_hogar_promedio": 3.6592377897750734, "gasto_educ_promedio": 168187.30175970253, "tasa_deficit_cuantitativo": 0.0051636119898246999, "tasa_deficit_cualitativo": 0.18674045249075361, "tasa_deficit_habitacional": 0.1919040644805784, "pct_estrato_1": 0.19496129335610379, "pct_estrato_2": 0.80181198873396431, "pct_estrato_3": 0.0, "pct_estrato_4": 0.0, "pct_estrato_5": 0.0, "pct_estrato_6": 0.0, "s0_localidad": 0.24275340378588084, "dist_transmilenio_m": 3018.4882113612989, "dist_sitp_m": 108.09746082139533, "dist_parque_m": 64.15237769043452, "homicidios": 113.0, "lesiones_personales": 2653.0, "hurto_personas": 11264.0, "hurto_residencias": 1302.0, "hurto_automotores": 438.0, "hurto_bicicletas": 251.0, "hurto_comercio": 3279.0, "hurto_entidades": 810.0, "violencia_intrafam": 4309.0, "delitos_sexuales": 811.0, "pct_no_oficial": 49.61, "n_sedes_total": 129, "n_sedes_no_oficial": 64 }, "geometry": { "type": "Point", "coordinates": [ -74.092190000373023, 4.53044000034854 ] } },
{ "type": "Feature", "properties": { "DANE12_EST": "111001016039", "id_establecimiento": "111001016039", "nombre_establecimiento": "COLEGIO ORLANDO FALS BORDA (IED)", "nombre_localidad": "Usme", "codigo_upz": "57", "nombre_upz": "GRAN YOMASA", "estrato": "Estrato 2", "zona": "URBANA", "caracter_media": "Académico", "lon": -74.121129999802065, "lat": 4.5188600003430013, "codigo_localidad": "05", "q_j": 254.54333333333332, "puntaje_2023": 258.46, "punt_global_2020": 253.31, "punt_global_2022": 251.86, "matricula_total": 1696.0, "demanda_total": 1795.0, "sobre_demanda_j": 1.0583726415094339, "n_hogares_muestra": 2440.0, "poblacion_expandida": 131329.99999830002, "tasa_pobreza_monetaria": 0.53757585547410236, "tasa_pobreza_extrema": 0.17050022665339101, "tasa_ipm": 0.099770706666181402, "ingreso_percapita_promedio": 546453.47327463643, "capacidad_pago_promedio": 0.5369657626400125, "tamano_hogar_promedio": 3.6829561057356353, "gasto_educ_promedio": 131619.82020471324, "tasa_deficit_cuantitativo": 0.0094164735347293006, "tasa_deficit_cualitativo": 0.1714038156094676, "tasa_deficit_habitacional": 0.18082028914419701, "pct_estrato_1": 0.21329619519883189, "pct_estrato_2": 0.7829697168463492, "pct_estrato_3": 0.0033905540356792998, "pct_estrato_4": 0.0, "pct_estrato_5": 0.0, "pct_estrato_6": 0.0, "s0_localidad": 0.18065503357765311, "dist_transmilenio_m": 1442.3042718516119, "dist_sitp_m": 118.20010849685211, "dist_parque_m": 150.08530496423592, "homicidios": 171.0, "lesiones_personales": 2562.0, "hurto_personas": 8404.0, "hurto_residencias": 1452.0, "hurto_automotores": 311.0, "hurto_bicicletas": 146.0, "hurto_comercio": 2308.0, "hurto_entidades": 623.0, "violencia_intrafam": 3963.0, "delitos_sexuales": 923.0, "pct_no_oficial": 33.03, "n_sedes_total": 109, "n_sedes_no_oficial": 36 }, "geometry": { "type": "Point", "coordinates": [ -74.121129999802065, 4.518860000343001 ] } },
{ "type": "Feature", "properties": { "DANE12_EST": "111001016071", "id_establecimiento": "111001016071", "nombre_establecimiento": "COLEGIO ISABEL II (IED)", "nombre_localidad": "Kennedy", "codigo_upz": "46", "nombre_upz": "CASTILLA", "estrato": "Estrato 3", "zona": "URBANA", "caracter_media": "Académico", "lon": -74.15294999982865, "lat": 4.6335700004361504, "codigo_localidad": "08", "q_j": 262.19666666666666, "puntaje_2023": 272.54, "punt_global_2020": 258.03, "punt_global_2022": 256.02, "matricula_total": 2271.0, "demanda_total": 2563.0, "sobre_demanda_j": 1.1285777190664905, "n_hogares_muestra": null, "poblacion_expandida": 107570.4444477389, "tasa_pobreza_monetaria": 0.37302848113560394, "tasa_pobreza_extrema": 0.12058517657108335, "tasa_ipm": 0.057205788902938655, "ingreso_percapita_promedio": 802812.47190953034, "capacidad_pago_promedio": 0.29340373009573573, "tamano_hogar_promedio": 3.5835087493598823, "gasto_educ_promedio": 227202.66563473269, "tasa_deficit_cuantitativo": 0.0092033891062457702, "tasa_deficit_cualitativo": 0.10700170080642447, "tasa_deficit_habitacional": 0.11620508991267028, "pct_estrato_1": 0.0076511994488528447, "pct_estrato_2": 0.34249761657241656, "pct_estrato_3": 0.64985118397873043, "pct_estrato_4": 0.0, "pct_estrato_5": 0.0, "pct_estrato_6": 0.0, "s0_localidad": 0.3719221758740453, "dist_transmilenio_m": 119.93211720588036, "dist_sitp_m": 86.072962554807305, "dist_parque_m": 223.96410512025633, "homicidios": 277.0, "lesiones_personales": 5216.0, "hurto_personas": 45928.0, "hurto_residencias": 4574.0, "hurto_automotores": 2662.0, "hurto_bicicletas": 2842.0, "hurto_comercio": 11829.0, "hurto_entidades": 2994.0, "violencia_intrafam": 8341.0, "delitos_sexuales": 1353.0, "pct_no_oficial": 70.99, "n_sedes_total": 262, "n_sedes_no_oficial": 186 }, "geometry": { "type": "Point", "coordinates": [ -74.15294999982865, 4.63357000043615 ] } },
{ "type": "Feature", "properties": { "DANE12_EST": "111001016098", "id_establecimiento": "111001016098", "nombre_establecimiento": "COLEGIO ALQUERIA DE LA FRAGUA (IED)", "nombre_localidad": "Kennedy", "codigo_upz": "45", "nombre_upz": "CARVAJAL", "estrato": "Estrato 2", "zona": "URBANA", "caracter_media": "Académico", "lon": -74.136130000144348, "lat": 4.6049599998002959, "codigo_localidad": "08", "q_j": 274.04666666666668, "puntaje_2023": 280.0, "punt_global_2020": 268.5, "punt_global_2022": 273.64, "matricula_total": 812.0, "demanda_total": 902.0, "sobre_demanda_j": 1.1108374384236452, "n_hogares_muestra": 2469.0, "poblacion_expandida": 89478.999998500018, "tasa_pobreza_monetaria": 0.32445712072538452, "tasa_pobreza_extrema": 0.085893314984843802, "tasa_ipm": 0.041267653197531201, "ingreso_percapita_promedio": 878070.43970562285, "capacidad_pago_promedio": 0.2447215180306784, "tamano_hogar_promedio": 3.5037879078024523, "gasto_educ_promedio": 248400.25873332031, "tasa_deficit_cuantitativo": 0.010927202968477399, "tasa_deficit_cualitativo": 0.1160162726580987, "tasa_deficit_habitacional": 0.12694347562657621, "pct_estrato_1": 0.0132996693963941, "pct_estrato_2": 0.28118569886478129, "pct_estrato_3": 0.70551463173882434, "pct_estrato_4": 0.0, "pct_estrato_5": 0.0, "pct_estrato_6": 0.0, "s0_localidad": 0.3719221758740453, "dist_transmilenio_m": 1206.4271180398373, "dist_sitp_m": 11.698454280203009, "dist_parque_m": 215.33039783663753, "homicidios": 277.0, "lesiones_personales": 5216.0, "hurto_personas": 45928.0, "hurto_residencias": 4574.0, "hurto_automotores": 2662.0, "hurto_bicicletas": 2842.0, "hurto_comercio": 11829.0, "hurto_entidades": 2994.0, "violencia_intrafam": 8341.0, "delitos_sexuales": 1353.0, "pct_no_oficial": 70.99, "n_sedes_total": 262, "n_sedes_no_oficial": 186 }, "geometry": { "type": "Point", "coordinates": [ -74.136130000144348, 4.604959999800296 ] } },
{ "type": "Feature", "properties": { "DANE12_EST": "111001016101", "id_establecimiento": "111001016101", "nombre_establecimiento": "COLEGIO LOS PERIODISTAS (IED)", "nombre_localidad": "Kennedy", "codigo_upz": "47", "nombre_upz": "KENNEDY CENTRAL", "estrato": "Estrato 3", "zona": "URBANA", "caracter_media": "Académico", "lon": -74.158209999634863, "lat": 4.6174700005692477, "codigo_localidad": "08", "q_j": 274.76333333333332, "puntaje_2023": 273.08, "punt_global_2020": 275.24, "punt_global_2022": 275.97, "matricula_total": 1421.0, "demanda_total": 1483.0, "sobre_demanda_j": 1.043631245601689, "n_hogares_muestra": 2378.0, "poblacion_expandida": 93575.000004200003, "tasa_pobreza_monetaria": 0.26720831431341407, "tasa_pobreza_extrema": 0.075044495104299294, "tasa_ipm": 0.033715406031080898, "ingreso_percapita_promedio": 926690.95101803122, "capacidad_pago_promedio": 0.1664851532866766, "tamano_hogar_promedio": 3.5136041090733938, "gasto_educ_promedio": 259520.21119855996, "tasa_deficit_cuantitativo": 0.0040550762701893001, "tasa_deficit_cualitativo": 0.074436671314852904, "tasa_deficit_habitacional": 0.078491747585042307, "pct_estrato_1": 0.0010352239550697, "pct_estrato_2": 0.0074430445350652996, "pct_estrato_3": 0.99152173150986478, "pct_estrato_4": 0.0, "pct_estrato_5": 0.0, "pct_estrato_6": 0.0, "s0_localidad": 0.3719221758740453, "dist_transmilenio_m": 1885.6013885560055, "dist_sitp_m": 103.16792423428626, "dist_parque_m": 78.126790189693622, "homicidios": 277.0, "lesiones_personales": 5216.0, "hurto_personas": 45928.0, "hurto_residencias": 4574.0, "hurto_automotores": 2662.0, "hurto_bicicletas": 2842.0, "hurto_comercio": 11829.0, "hurto_entidades": 2994.0, "violencia_intrafam": 8341.0, "delitos_sexuales": 1353.0, "pct_no_oficial": 70.99, "n_sedes_total": 262, "n_sedes_no_oficial": 186 }, "geometry": { "type": "Point", "coordinates": [ -74.158209999634863, 4.617470000569248 ] } },
{ "type": "Feature", "properties": { "DANE12_EST": "111001016136", "id_establecimiento": "111001016136", "nombre_establecimiento": "COLEGIO LA CHUCUA (IED)", "nombre_localidad": "Kennedy", "codigo_upz": "48", "nombre_upz": "TIMIZA", "estrato": "Estrato 2", "zona": "URBANA", "caracter_media": "Académico", "lon": -74.148550000363045, "lat": 4.6037699997156372, "codigo_localidad": "08", "q_j": 263.66333333333336, "puntaje_2023": 264.62, "punt_global_2020": 261.64, "punt_global_2022": 264.73, "matricula_total": 1590.0, "demanda_total": 1693.0, "sobre_demanda_j": 1.0647798742138366, "n_hogares_muestra": 2432.0, "poblacion_expandida": 140406.00000220002, "tasa_pobreza_monetaria": 0.33929723211510571, "tasa_pobreza_extrema": 0.1338840227747066, "tasa_ipm": 0.031701365948251903, "ingreso_percapita_promedio": 896426.58366748167, "capacidad_pago_promedio": 0.27680396105573141, "tamano_hogar_promedio": 3.5291548518092943, "gasto_educ_promedio": 246574.67214119679, "tasa_deficit_cuantitativo": 0.0067183660739940998, "tasa_deficit_cualitativo": 0.093567534257041299, "tasa_deficit_habitacional": 0.1002859003310355, "pct_estrato_1": 0.011486510047823599, "pct_estrato_2": 0.27805809749432547, "pct_estrato_3": 0.71045539245785072, "pct_estrato_4": 0.0, "pct_estrato_5": 0.0, "pct_estrato_6": 0.0, "s0_localidad": 0.3719221758740453, "dist_transmilenio_m": 971.50011098615346, "dist_sitp_m": 21.893625075903294, "dist_parque_m": 109.88661984984523, "homicidios": 277.0, "lesiones_personales": 5216.0, "hurto_personas": 45928.0, "hurto_residencias": 4574.0, "hurto_automotores": 2662.0, "hurto_bicicletas": 2842.0, "hurto_comercio": 11829.0, "hurto_entidades": 2994.0, "violencia_intrafam": 8341.0, "delitos_sexuales": 1353.0, "pct_no_oficial": 70.99, "n_sedes_total": 262, "n_sedes_no_oficial": 186 }, "geometry": { "type": "Point", "coordinates": [ -74.148550000363045, 4.603769999715637 ] } },
{ "type": "Feature", "properties": { "DANE12_EST": "111001016250", "id_establecimiento": "111001016250", "nombre_establecimiento": "COLEGIO REPUBLICA BOLIVARIANA DE VENEZUELA (IED)", "nombre_localidad": "Los Martires", "codigo_upz": "102", "nombre_upz": "LA SABANA", "estrato": "Estrato 3", "zona": "URBANA", "caracter_media": "Académico", "lon": -74.079469999680327, "lat": 4.6151500000546575, "codigo_localidad": "14", "q_j": 245.73666666666668, "puntaje_2023": 245.0, "punt_global_2020": 252.95, "punt_global_2022": 239.26, "matricula_total": 741.0, "demanda_total": 951.0, "sobre_demanda_j": 1.2834008097165992, "n_hogares_muestra": 2165.0, "poblacion_expandida": 39295.0, "tasa_pobreza_monetaria": 0.4324740129100394, "tasa_pobreza_extrema": 0.15802023246977981, "tasa_ipm": 0.1044810492250922, "ingreso_percapita_promedio": 862033.76063762535, "capacidad_pago_promedio": 0.37523970039699711, "tamano_hogar_promedio": 3.3343614745591039, "gasto_educ_promedio": 238742.41054684692, "tasa_deficit_cuantitativo": 0.026789190041989999, "tasa_deficit_cualitativo": 0.21042827307291001, "tasa_deficit_habitacional": 0.23721746311490011, "pct_estrato_1": 0.0017800902913855999, "pct_estrato_2": 0.2632160191322051, "pct_estrato_3": 0.64924484154218087, "pct_estrato_4": 0.083260119806591107, "pct_estrato_5": 0.0, "pct_estrato_6": 0.0, "s0_localidad": 0.38962747752475235, "dist_transmilenio_m": 686.38568045878026, "dist_sitp_m": 91.359339616389832, "dist_parque_m": 158.70025088056659, "homicidios": 125.0, "lesiones_personales": 1566.0, "hurto_personas": 18260.0, "hurto_residencias": 709.0, "hurto_automotores": 275.0, "hurto_bicicletas": 493.0, "hurto_comercio": 4878.0, "hurto_entidades": 317.0, "violencia_intrafam": 1250.0, "delitos_sexuales": 516.0, "pct_no_oficial": 58.33, "n_sedes_total": 36, "n_sedes_no_oficial": 21 }, "geometry": { "type": "Point", "coordinates": [ -74.079469999680327, 4.615150000054657 ] } },
{ "type": "Feature", "properties": { "DANE12_EST": "111001016292", "id_establecimiento": "111001016292", "nombre_establecimiento": "COLEGIO KENNEDY (IED)", "nombre_localidad": "Kennedy", "codigo_upz": "44", "nombre_upz": "AMERICAS", "estrato": "Estrato 3", "zona": "URBANA", "caracter_media": "Académico", "lon": -74.14077999985517, "lat": 4.6202499998534421, "codigo_localidad": "08", "q_j": 266.68333333333334, "puntaje_2023": 264.65, "punt_global_2020": 265.59, "punt_global_2022": 269.81, "matricula_total": 1765.0, "demanda_total": 1915.0, "sobre_demanda_j": 1.0849858356940509, "n_hogares_muestra": 2293.0, "poblacion_expandida": 78905.0000038, "tasa_pobreza_monetaria": 0.19138044360272161, "tasa_pobreza_extrema": 0.060566603202203202, "tasa_ipm": 0.0305930336731987, "ingreso_percapita_promedio": 1418709.4236432209, "capacidad_pago_promedio": 0.1056939969165244, "tamano_hogar_promedio": 3.2000151191894046, "gasto_educ_promedio": 460748.57680465968, "tasa_deficit_cuantitativo": 0.0025656524997179999, "tasa_deficit_cualitativo": 0.045359707440943302, "tasa_deficit_habitacional": 0.0479253599406613, "pct_estrato_1": 0.0010810755781749, "pct_estrato_2": 0.20892071251005759, "pct_estrato_3": 0.691704162941151, "pct_estrato_4": 0.098294048970616305, "pct_estrato_5": 0.0, "pct_estrato_6": 0.0, "s0_localidad": 0.3719221758740453, "dist_transmilenio_m": 1181.5814002249367, "dist_sitp_m": 120.41148024953978, "dist_parque_m": 79.777922687536631, "homicidios": 277.0, "lesiones_personales": 5216.0, "hurto_personas": 45928.0, "hurto_residencias": 4574.0, "hurto_automotores": 2662.0, "hurto_bicicletas": 2842.0, "hurto_comercio": 11829.0, "hurto_entidades": 2994.0, "violencia_intrafam": 8341.0, "delitos_sexuales": 1353.0, "pct_no_oficial": 70.99, "n_sedes_total": 262, "n_sedes_no_oficial": 186 }, "geometry": { "type": "Point", "coordinates": [ -74.14077999985517, 4.620249999853442 ] } },
{ "type": "Feature", "properties": { "DANE12_EST": "111001016314", "id_establecimiento": "111001016314", "nombre_establecimiento": "COLEGIO SIMON RODRIGUEZ (IED)", "nombre_localidad": "Chapinero", "codigo_upz": "97", "nombre_upz": "CHICO LAGO", "estrato": "Estrato 4", "zona": "URBANA", "caracter_media": "Académico", "lon": -74.061249999880218, "lat": 4.6543500002481561, "codigo_localidad": "02", "q_j": 255.22666666666669, "puntaje_2023": 258.85, "punt_global_2020": 240.94, "punt_global_2022": 265.89, "matricula_total": 859.0, "demanda_total": 1007.0, "sobre_demanda_j": 1.1722933643771827, "n_hogares_muestra": null, "poblacion_expandida": 42243.999999550004, "tasa_pobreza_monetaria": 0.17904428212172596, "tasa_pobreza_extrema": 0.053300779111074656, "tasa_ipm": 0.016407050688200048, "ingreso_percapita_promedio": 1699689.0112648266, "capacidad_pago_promedio": 0.12423035615980021, "tamano_hogar_promedio": 2.9860208241799229, "gasto_educ_promedio": 378164.60892582219, "tasa_deficit_cuantitativo": 0.0057831812891590258, "tasa_deficit_cualitativo": 0.071799730859246277, "tasa_deficit_habitacional": 0.077582912148405375, "pct_estrato_1": 0.0031494325042339252, "pct_estrato_2": 0.0, "pct_estrato_3": 0.76514825586427937, "pct_estrato_4": 0.23109933134438246, "pct_estrato_5": 0.0, "pct_estrato_6": 0.0, "s0_localidad": 0.61502444239888465, "dist_transmilenio_m": 204.42847940054142, "dist_sitp_m": 58.504961290597024, "dist_parque_m": 154.18540372302087, "homicidios": 19.0, "lesiones_personales": 1161.0, "hurto_personas": 40215.0, "hurto_residencias": 1590.0, "hurto_automotores": 165.0, "hurto_bicicletas": 867.0, "hurto_comercio": 11047.0, "hurto_entidades": 141.0, "violencia_intrafam": 1300.0, "delitos_sexuales": 406.0, "pct_no_oficial": 73.08, "n_sedes_total": 26, "n_sedes_no_oficial": 19 }, "geometry": { "type": "Point", "coordinates": [ -74.061249999880218, 4.654350000248156 ] } },
{ "type": "Feature", "properties": { "DANE12_EST": "111001016772", "id_establecimiento": "111001016772", "nombre_establecimiento": "COLEGIO SAN FRANCISCO DE ASIS (IED)", "nombre_localidad": "Los Martires", "codigo_upz": "37", "nombre_upz": "SANTA ISABEL", "estrato": "Sin estrato", "zona": "URBANA", "caracter_media": "Académico", "lon": -74.092239999703423, "lat": 4.594189999954537, "codigo_localidad": "14", "q_j": 316.0, "puntaje_2023": 266.07375, "punt_global_2020": 289.0, "punt_global_2022": 304.0, "matricula_total": 1184.0, "demanda_total": 1305.0, "sobre_demanda_j": 1.1021959459459461, "n_hogares_muestra": 2571.0, "poblacion_expandida": 44107.000002699999, "tasa_pobreza_monetaria": 0.34084070527534699, "tasa_pobreza_extrema": 0.15195882761896551, "tasa_ipm": 0.0484573436907784, "ingreso_percapita_promedio": 980293.87469046365, "capacidad_pago_promedio": 0.1805995986762278, "tamano_hogar_promedio": 3.1658697005090382, "gasto_educ_promedio": 281465.30717655801, "tasa_deficit_cuantitativo": 0.034444295089373501, "tasa_deficit_cualitativo": 0.1517103768628649, "tasa_deficit_habitacional": 0.18615467195223839, "pct_estrato_1": 0.0, "pct_estrato_2": 0.011730470892790799, "pct_estrato_3": 0.98826952910720922, "pct_estrato_4": 0.0, "pct_estrato_5": 0.0, "pct_estrato_6": 0.0, "s0_localidad": 0.38962747752475235, "dist_transmilenio_m": 432.43971990127056, "dist_sitp_m": 153.0058589516575, "dist_parque_m": 62.618039763487729, "homicidios": 125.0, "lesiones_personales": 1566.0, "hurto_personas": 18260.0, "hurto_residencias": 709.0, "hurto_automotores": 275.0, "hurto_bicicletas": 493.0, "hurto_comercio": 4878.0, "hurto_entidades": 317.0, "violencia_intrafam": 1250.0, "delitos_sexuales": 516.0, "pct_no_oficial": 58.33, "n_sedes_total": 36, "n_sedes_no_oficial": 21 }, "geometry": { "type": "Point", "coordinates": [ -74.092239999703423, 4.594189999954537 ] } },
{ "type": "Feature", "properties": { "DANE12_EST": "111001017795", "id_establecimiento": "111001017795", "nombre_establecimiento": "COLEGIO MAGDALENA ORTEGA DE NARIÑO (IED)", "nombre_localidad": "Engativa", "codigo_upz": "26", "nombre_upz": "LAS FERIAS", "estrato": "Estrato 3", "zona": "URBANA", "caracter_media": "Académico", "lon": -74.083219999765888, "lat": 4.686640000154342, "codigo_localidad": "10", "q_j": 269.0, "puntaje_2023": 268.67, "punt_global_2020": 268.42, "punt_global_2022": 269.91, "matricula_total": 1620.0, "demanda_total": 1781.0, "sobre_demanda_j": 1.0993827160493828, "n_hogares_muestra": 2278.0, "poblacion_expandida": 100930.0000018, "tasa_pobreza_monetaria": 0.26953530690295091, "tasa_pobreza_extrema": 0.1010484491223433, "tasa_ipm": 0.036725499110610203, "ingreso_percapita_promedio": 1186126.3666835029, "capacidad_pago_promedio": 0.22392122382935639, "tamano_hogar_promedio": 3.368175820974312, "gasto_educ_promedio": 317577.54113518051, "tasa_deficit_cuantitativo": 0.0013346152224074999, "tasa_deficit_cualitativo": 0.094289197796792595, "tasa_deficit_habitacional": 0.095623813019200199, "pct_estrato_1": 0.0025422399444706002, "pct_estrato_2": 0.0034884438699467001, "pct_estrato_3": 0.93142145478969041, "pct_estrato_4": 0.062547861395892301, "pct_estrato_5": 0.0, "pct_estrato_6": 0.0, "s0_localidad": 0.45908732785239414, "dist_transmilenio_m": 278.39631550886429, "dist_sitp_m": 149.61336998220321, "dist_parque_m": 255.34899403329277, "homicidios": 114.0, "lesiones_personales": 3260.0, "hurto_personas": 44584.0, "hurto_residencias": 4694.0, "hurto_automotores": 1548.0, "hurto_bicicletas": 2840.0, "hurto_comercio": 11724.0, "hurto_entidades": 1616.0, "violencia_intrafam": 6497.0, "delitos_sexuales": 1001.0, "pct_no_oficial": 73.15, "n_sedes_total": 257, "n_sedes_no_oficial": 188 }, "geometry": { "type": "Point", "coordinates": [ -74.083219999765888, 4.686640000154342 ] } },
{ "type": "Feature", "properties": { "DANE12_EST": "111001018058", "id_establecimiento": "111001018058", "nombre_establecimiento": "COLEGIO ALEXANDER FLEMING (IED)", "nombre_localidad": "Rafael Uribe Uribe", "codigo_upz": "53", "nombre_upz": "MARCO FIDEL SUAREZ", "estrato": "Estrato 3", "zona": "URBANA", "caracter_media": "Académico", "lon": -74.120749999860465, "lat": 4.571960000411937, "codigo_localidad": "18", "q_j": 240.63666666666668, "puntaje_2023": 247.51, "punt_global_2020": 237.85, "punt_global_2022": 236.55, "matricula_total": 1737.0, "demanda_total": 1914.0, "sobre_demanda_j": 1.1018998272884284, "n_hogares_muestra": 2174.0, "poblacion_expandida": 47442.999997500003, "tasa_pobreza_monetaria": 0.5827803477658865, "tasa_pobreza_extrema": 0.2234402638863183, "tasa_ipm": 0.1040373178142211, "ingreso_percapita_promedio": 555562.31329808699, "capacidad_pago_promedio": 0.46490720762941368, "tamano_hogar_promedio": 3.0968267260932505, "gasto_educ_promedio": 112069.29148232724, "tasa_deficit_cuantitativo": 0.0160758053967959, "tasa_deficit_cualitativo": 0.1350306657049001, "tasa_deficit_habitacional": 0.15110647110169609, "pct_estrato_1": 0.0032091840188863, "pct_estrato_2": 0.70947012436341883, "pct_estrato_3": 0.28732069161769491, "pct_estrato_4": 0.0, "pct_estrato_5": 0.0, "pct_estrato_6": 0.0, "s0_localidad": 0.2741314328601635, "dist_transmilenio_m": 432.77222323585954, "dist_sitp_m": 111.21650545655461, "dist_parque_m": 162.40470105722406, "homicidios": 159.0, "lesiones_personales": 2500.0, "hurto_personas": 13897.0, "hurto_residencias": 1530.0, "hurto_automotores": 660.0, "hurto_bicicletas": 415.0, "hurto_comercio": 3902.0, "hurto_entidades": 942.0, "violencia_intrafam": 3177.0, "delitos_sexuales": 716.0, "pct_no_oficial": 57.85, "n_sedes_total": 121, "n_sedes_no_oficial": 70 }, "geometry": { "type": "Point", "coordinates": [ -74.120749999860465, 4.571960000411937 ] } },
{ "type": "Feature", "properties": { "DANE12_EST": "111001018201", "id_establecimiento": "111001018201", "nombre_establecimiento": "COLEGIO RUFINO JOSE CUERVO (IED)", "nombre_localidad": "Tunjuelito", "codigo_upz": "62", "nombre_upz": "TUNJUELITO", "estrato": "Estrato 2", "zona": "URBANA", "caracter_media": "Técnico", "lon": -74.124839999704662, "lat": 4.5600699997980305, "codigo_localidad": "06", "q_j": 259.31666666666666, "puntaje_2023": 260.0, "punt_global_2020": 258.57, "punt_global_2022": 259.38, "matricula_total": 2435.0, "demanda_total": 2628.0, "sobre_demanda_j": 1.0792607802874743, "n_hogares_muestra": 2412.0, "poblacion_expandida": 41091.000005800001, "tasa_pobreza_monetaria": 0.60754622727790109, "tasa_pobreza_extrema": 0.25153577927139992, "tasa_ipm": 0.088016939860054502, "ingreso_percapita_promedio": 496094.14991377702, "capacidad_pago_promedio": 0.57820266701823819, "tamano_hogar_promedio": 3.4177570789072309, "gasto_educ_promedio": 142088.0763667548, "tasa_deficit_cuantitativo": 0.022204478164834399, "tasa_deficit_cualitativo": 0.23966892606677659, "tasa_deficit_habitacional": 0.26187340423161121, "pct_estrato_1": 0.0, "pct_estrato_2": 0.97822596682305818, "pct_estrato_3": 0.021354195548323102, "pct_estrato_4": 0.0, "pct_estrato_5": 0.0, "pct_estrato_6": 0.0, "s0_localidad": 0.24596233549441804, "dist_transmilenio_m": 108.51394806456153, "dist_sitp_m": 108.5607088996444, "dist_parque_m": 185.1900527079606, "homicidios": 67.0, "lesiones_personales": 1311.0, "hurto_personas": 8872.0, "hurto_residencias": 687.0, "hurto_automotores": 293.0, "hurto_bicicletas": 367.0, "hurto_comercio": 2403.0, "hurto_entidades": 312.0, "violencia_intrafam": 1641.0, "delitos_sexuales": 328.0, "pct_no_oficial": 64.29, "n_sedes_total": 70, "n_sedes_no_oficial": 45 }, "geometry": { "type": "Point", "coordinates": [ -74.124839999704662, 4.560069999798031 ] } },
{ "type": "Feature", "properties": { "DANE12_EST": "111001018252", "id_establecimiento": "111001018252", "nombre_establecimiento": "COLEGIO JOSE MARIA CARBONELL (IED)", "nombre_localidad": "San Cristobal", "codigo_upz": "33", "nombre_upz": "SOSIEGO", "estrato": "Estrato 2", "zona": "URBANA", "caracter_media": "Académico", "lon": -74.100939999973789, "lat": 4.5593300004154917, "codigo_localidad": "04", "q_j": 245.21333333333334, "puntaje_2023": 250.38, "punt_global_2020": 230.78, "punt_global_2022": 254.48, "matricula_total": 771.0, "demanda_total": 807.0, "sobre_demanda_j": 1.0466926070038911, "n_hogares_muestra": 2142.0, "poblacion_expandida": 44028.000002000001, "tasa_pobreza_monetaria": 0.29226762931578681, "tasa_pobreza_extrema": 0.10489467919937789, "tasa_ipm": 0.038328641635398897, "ingreso_percapita_promedio": 1027486.805516976, "capacidad_pago_promedio": 0.1922017177186244, "tamano_hogar_promedio": 3.4907714279826121, "gasto_educ_promedio": 308150.27846045513, "tasa_deficit_cuantitativo": 0.0035378109383328998, "tasa_deficit_cualitativo": 0.084429080142889495, "tasa_deficit_habitacional": 0.087966891081222506, "pct_estrato_1": 0.0, "pct_estrato_2": 0.28442612877557799, "pct_estrato_3": 0.71557387122442206, "pct_estrato_4": 0.0, "pct_estrato_5": 0.0, "pct_estrato_6": 0.0, "s0_localidad": 0.24275340378588084, "dist_transmilenio_m": 833.35146133313685, "dist_sitp_m": 211.89211263822557, "dist_parque_m": 63.351650689897298, "homicidios": 113.0, "lesiones_personales": 2653.0, "hurto_personas": 11264.0, "hurto_residencias": 1302.0, "hurto_automotores": 438.0, "hurto_bicicletas": 251.0, "hurto_comercio": 3279.0, "hurto_entidades": 810.0, "violencia_intrafam": 4309.0, "delitos_sexuales": 811.0, "pct_no_oficial": 49.61, "n_sedes_total": 129, "n_sedes_no_oficial": 64 }, "geometry": { "type": "Point", "coordinates": [ -74.100939999973789, 4.559330000415492 ] } },
{ "type": "Feature", "properties": { "DANE12_EST": "111001018309", "id_establecimiento": "111001018309", "nombre_establecimiento": "COLEGIO ATENAS (IED)", "nombre_localidad": "San Cristobal", "codigo_upz": "34", "nombre_upz": "20 DE JULIO", "estrato": "Estrato 2", "zona": "URBANA", "caracter_media": "Académico", "lon": -74.093740000276625, "lat": 4.5568499999535304, "codigo_localidad": "04", "q_j": 254.16, "puntaje_2023": 258.67, "punt_global_2020": 249.73, "punt_global_2022": 254.08, "matricula_total": 882.0, "demanda_total": 954.0, "sobre_demanda_j": 1.0816326530612246, "n_hogares_muestra": 2665.0, "poblacion_expandida": 80466.000000300002, "tasa_pobreza_monetaria": 0.43638192772685458, "tasa_pobreza_extrema": 0.13742584082294099, "tasa_ipm": 0.055464445627760303, "ingreso_percapita_promedio": 664284.91079455626, "capacidad_pago_promedio": 0.4244786661940777, "tamano_hogar_promedio": 3.7802722077283062, "gasto_educ_promedio": 225987.00528337804, "tasa_deficit_cuantitativo": 0.0122805236733069, "tasa_deficit_cualitativo": 0.1420960154805429, "tasa_deficit_habitacional": 0.15437653915384991, "pct_estrato_1": 0.0010078821912322001, "pct_estrato_2": 0.68787336744207039, "pct_estrato_3": 0.31111875036669723, "pct_estrato_4": 0.0, "pct_estrato_5": 0.0, "pct_estrato_6": 0.0, "s0_localidad": 0.24275340378588084, "dist_transmilenio_m": 1050.5328486358794, "dist_sitp_m": 153.70852032029828, "dist_parque_m": 116.8039939624047, "homicidios": 113.0, "lesiones_personales": 2653.0, "hurto_personas": 11264.0, "hurto_residencias": 1302.0, "hurto_automotores": 438.0, "hurto_bicicletas": 251.0, "hurto_comercio": 3279.0, "hurto_entidades": 810.0, "violencia_intrafam": 4309.0, "delitos_sexuales": 811.0, "pct_no_oficial": 49.61, "n_sedes_total": 129, "n_sedes_no_oficial": 64 }, "geometry": { "type": "Point", "coordinates": [ -74.093740000276625, 4.55684999995353 ] } },
{ "type": "Feature", "properties": { "DANE12_EST": "111001018325", "id_establecimiento": "111001018325", "nombre_establecimiento": "COLEGIO JOSE JOAQUIN CASTRO MARTINEZ (IED)", "nombre_localidad": "San Cristobal", "codigo_upz": "34", "nombre_upz": "20 DE JULIO", "estrato": "Estrato 2", "zona": "URBANA", "caracter_media": "Académico", "lon": -74.092900000027498, "lat": 4.5597699997045886, "codigo_localidad": "04", "q_j": 247.33666666666667, "puntaje_2023": 241.42, "punt_global_2020": 255.74, "punt_global_2022": 244.85, "matricula_total": 1067.0, "demanda_total": 1165.0, "sobre_demanda_j": 1.0918462980318651, "n_hogares_muestra": 2665.0, "poblacion_expandida": 80466.000000300002, "tasa_pobreza_monetaria": 0.43638192772685458, "tasa_pobreza_extrema": 0.13742584082294099, "tasa_ipm": 0.055464445627760303, "ingreso_percapita_promedio": 664284.91079455626, "capacidad_pago_promedio": 0.4244786661940777, "tamano_hogar_promedio": 3.7802722077283062, "gasto_educ_promedio": 225987.00528337804, "tasa_deficit_cuantitativo": 0.0122805236733069, "tasa_deficit_cualitativo": 0.1420960154805429, "tasa_deficit_habitacional": 0.15437653915384991, "pct_estrato_1": 0.0010078821912322001, "pct_estrato_2": 0.68787336744207039, "pct_estrato_3": 0.31111875036669723, "pct_estrato_4": 0.0, "pct_estrato_5": 0.0, "pct_estrato_6": 0.0, "s0_localidad": 0.24275340378588084, "dist_transmilenio_m": 803.01141888928146, "dist_sitp_m": 116.0137434471502, "dist_parque_m": 95.861892780976802, "homicidios": 113.0, "lesiones_personales": 2653.0, "hurto_personas": 11264.0, "hurto_residencias": 1302.0, "hurto_automotores": 438.0, "hurto_bicicletas": 251.0, "hurto_comercio": 3279.0, "hurto_entidades": 810.0, "violencia_intrafam": 4309.0, "delitos_sexuales": 811.0, "pct_no_oficial": 49.61, "n_sedes_total": 129, "n_sedes_no_oficial": 64 }, "geometry": { "type": "Point", "coordinates": [ -74.092900000027498, 4.559769999704589 ] } },
{ "type": "Feature", "properties": { "DANE12_EST": "111001018333", "id_establecimiento": "111001018333", "nombre_establecimiento": "COLEGIO EL RODEO (IED)", "nombre_localidad": "San Cristobal", "codigo_upz": "50", "nombre_upz": "LA GLORIA", "estrato": "Estrato 2", "zona": "URBANA", "caracter_media": "Académico", "lon": -74.095239999951531, "lat": 4.5513099999673496, "codigo_localidad": "04", "q_j": 264.56666666666666, "puntaje_2023": 266.04, "punt_global_2020": 263.88, "punt_global_2022": 263.78, "matricula_total": 1547.0, "demanda_total": 1628.0, "sobre_demanda_j": 1.0523594053005818, "n_hogares_muestra": 2500.0, "poblacion_expandida": 96156.000003299996, "tasa_pobreza_monetaria": 0.52211849174442582, "tasa_pobreza_extrema": 0.1745577883889092, "tasa_ipm": 0.063078607524146596, "ingreso_percapita_promedio": 557986.08365625329, "capacidad_pago_promedio": 0.54539218974063186, "tamano_hogar_promedio": 3.6158040380940122, "gasto_educ_promedio": 150029.19056531519, "tasa_deficit_cuantitativo": 0.0079722719307550993, "tasa_deficit_cualitativo": 0.2070523211616199, "tasa_deficit_habitacional": 0.21502459309237509, "pct_estrato_1": 0.035853985153102001, "pct_estrato_2": 0.96414601484689799, "pct_estrato_3": 0.0, "pct_estrato_4": 0.0, "pct_estrato_5": 0.0, "pct_estrato_6": 0.0, "s0_localidad": 0.24275340378588084, "dist_transmilenio_m": 1614.0562846624582, "dist_sitp_m": 63.991179410085813, "dist_parque_m": 133.34809955003342, "homicidios": 113.0, "lesiones_personales": 2653.0, "hurto_personas": 11264.0, "hurto_residencias": 1302.0, "hurto_automotores": 438.0, "hurto_bicicletas": 251.0, "hurto_comercio": 3279.0, "hurto_entidades": 810.0, "violencia_intrafam": 4309.0, "delitos_sexuales": 811.0, "pct_no_oficial": 49.61, "n_sedes_total": 129, "n_sedes_no_oficial": 64 }, "geometry": { "type": "Point", "coordinates": [ -74.095239999951531, 4.55130999996735 ] } },
{ "type": "Feature", "properties": { "DANE12_EST": "111001018341", "id_establecimiento": "111001018341", "nombre_establecimiento": "COLEGIO FRANCISCO JAVIER MATIZ (IED)", "nombre_localidad": "San Cristobal", "codigo_upz": "34", "nombre_upz": "20 DE JULIO", "estrato": "Estrato 2", "zona": "URBANA", "caracter_media": "Académico", "lon": -74.093399999619692, "lat": 4.5652100005566236, "codigo_localidad": "04", "q_j": 240.91, "puntaje_2023": 248.17, "punt_global_2020": 236.12, "punt_global_2022": 238.44, "matricula_total": 1150.0, "demanda_total": 1239.0, "sobre_demanda_j": 1.077391304347826, "n_hogares_muestra": 2665.0, "poblacion_expandida": 80466.000000300002, "tasa_pobreza_monetaria": 0.43638192772685458, "tasa_pobreza_extrema": 0.13742584082294099, "tasa_ipm": 0.055464445627760303, "ingreso_percapita_promedio": 664284.91079455626, "capacidad_pago_promedio": 0.4244786661940777, "tamano_hogar_promedio": 3.7802722077283062, "gasto_educ_promedio": 225987.00528337804, "tasa_deficit_cuantitativo": 0.0122805236733069, "tasa_deficit_cualitativo": 0.1420960154805429, "tasa_deficit_habitacional": 0.15437653915384991, "pct_estrato_1": 0.0010078821912322001, "pct_estrato_2": 0.68787336744207039, "pct_estrato_3": 0.31111875036669723, "pct_estrato_4": 0.0, "pct_estrato_5": 0.0, "pct_estrato_6": 0.0, "s0_localidad": 0.24275340378588084, "dist_transmilenio_m": 403.9343633962992, "dist_sitp_m": 121.5037938985643, "dist_parque_m": 280.2287970670107, "homicidios": 113.0, "lesiones_personales": 2653.0, "hurto_personas": 11264.0, "hurto_residencias": 1302.0, "hurto_automotores": 438.0, "hurto_bicicletas": 251.0, "hurto_comercio": 3279.0, "hurto_entidades": 810.0, "violencia_intrafam": 4309.0, "delitos_sexuales": 811.0, "pct_no_oficial": 49.61, "n_sedes_total": 129, "n_sedes_no_oficial": 64 }, "geometry": { "type": "Point", "coordinates": [ -74.093399999619692, 4.565210000556624 ] } },
{ "type": "Feature", "properties": { "DANE12_EST": "111001018368", "id_establecimiento": "111001018368", "nombre_establecimiento": "COLEGIO LA VICTORIA (IED)", "nombre_localidad": "San Cristobal", "codigo_upz": "50", "nombre_upz": "LA GLORIA", "estrato": "Estrato 2", "zona": "URBANA", "caracter_media": "Académico", "lon": -74.093429999756921, "lat": 4.5522599998176787, "codigo_localidad": "04", "q_j": 243.51333333333332, "puntaje_2023": 244.8, "punt_global_2020": 240.1, "punt_global_2022": 245.64, "matricula_total": 1820.0, "demanda_total": 1931.0, "sobre_demanda_j": 1.060989010989011, "n_hogares_muestra": 2500.0, "poblacion_expandida": 96156.000003299996, "tasa_pobreza_monetaria": 0.52211849174442582, "tasa_pobreza_extrema": 0.1745577883889092, "tasa_ipm": 0.063078607524146596, "ingreso_percapita_promedio": 557986.08365625329, "capacidad_pago_promedio": 0.54539218974063186, "tamano_hogar_promedio": 3.6158040380940122, "gasto_educ_promedio": 150029.19056531519, "tasa_deficit_cuantitativo": 0.0079722719307550993, "tasa_deficit_cualitativo": 0.2070523211616199, "tasa_deficit_habitacional": 0.21502459309237509, "pct_estrato_1": 0.035853985153102001, "pct_estrato_2": 0.96414601484689799, "pct_estrato_3": 0.0, "pct_estrato_4": 0.0, "pct_estrato_5": 0.0, "pct_estrato_6": 0.0, "s0_localidad": 0.24275340378588084, "dist_transmilenio_m": 1548.1474982501265, "dist_sitp_m": 142.06137882951521, "dist_parque_m": 173.31109843395953, "homicidios": 113.0, "lesiones_personales": 2653.0, "hurto_personas": 11264.0, "hurto_residencias": 1302.0, "hurto_automotores": 438.0, "hurto_bicicletas": 251.0, "hurto_comercio": 3279.0, "hurto_entidades": 810.0, "violencia_intrafam": 4309.0, "delitos_sexuales": 811.0, "pct_no_oficial": 49.61, "n_sedes_total": 129, "n_sedes_no_oficial": 64 }, "geometry": { "type": "Point", "coordinates": [ -74.093429999756921, 4.552259999817679 ] } },
{ "type": "Feature", "properties": { "DANE12_EST": "111001018384", "id_establecimiento": "111001018384", "nombre_establecimiento": "COLEGIO SAN ISIDRO SUR ORIENTAL (IED)", "nombre_localidad": "San Cristobal", "codigo_upz": "34", "nombre_upz": "20 DE JULIO", "estrato": "Estrato 3", "zona": "URBANA", "caracter_media": "Académico", "lon": -74.10109999980736, "lat": 4.5655999997582848, "codigo_localidad": "04", "q_j": 251.11666666666665, "puntaje_2023": 254.76, "punt_global_2020": 249.77, "punt_global_2022": 248.82, "matricula_total": 1103.0, "demanda_total": 1197.0, "sobre_demanda_j": 1.085222121486854, "n_hogares_muestra": 2665.0, "poblacion_expandida": 80466.000000300002, "tasa_pobreza_monetaria": 0.43638192772685458, "tasa_pobreza_extrema": 0.13742584082294099, "tasa_ipm": 0.055464445627760303, "ingreso_percapita_promedio": 664284.91079455626, "capacidad_pago_promedio": 0.4244786661940777, "tamano_hogar_promedio": 3.7802722077283062, "gasto_educ_promedio": 225987.00528337804, "tasa_deficit_cuantitativo": 0.0122805236733069, "tasa_deficit_cualitativo": 0.1420960154805429, "tasa_deficit_habitacional": 0.15437653915384991, "pct_estrato_1": 0.0010078821912322001, "pct_estrato_2": 0.68787336744207039, "pct_estrato_3": 0.31111875036669723, "pct_estrato_4": 0.0, "pct_estrato_5": 0.0, "pct_estrato_6": 0.0, "s0_localidad": 0.24275340378588084, "dist_transmilenio_m": 453.71091235501245, "dist_sitp_m": 121.95876267101251, "dist_parque_m": 133.51578175020526, "homicidios": 113.0, "lesiones_personales": 2653.0, "hurto_personas": 11264.0, "hurto_residencias": 1302.0, "hurto_automotores": 438.0, "hurto_bicicletas": 251.0, "hurto_comercio": 3279.0, "hurto_entidades": 810.0, "violencia_intrafam": 4309.0, "delitos_sexuales": 811.0, "pct_no_oficial": 49.61, "n_sedes_total": 129, "n_sedes_no_oficial": 64 }, "geometry": { "type": "Point", "coordinates": [ -74.10109999980736, 4.565599999758285 ] } },
{ "type": "Feature", "properties": { "DANE12_EST": "111001019411", "id_establecimiento": "111001019411", "nombre_establecimiento": "COLEGIO INEM SANTIAGO PEREZ (IED)", "nombre_localidad": "Tunjuelito", "codigo_upz": "42", "nombre_upz": "VENECIA", "estrato": "Sin estrato", "zona": "URBANA", "caracter_media": "Académico - Técnico", "lon": -74.132000000117173, "lat": 4.5761100001832373, "codigo_localidad": "06", "q_j": 256.54333333333335, "puntaje_2023": 260.38, "punt_global_2020": 254.35, "punt_global_2022": 254.9, "matricula_total": 3389.0, "demanda_total": 3584.0, "sobre_demanda_j": 1.0575390970787844, "n_hogares_muestra": 2196.0, "poblacion_expandida": 139490.00000639999, "tasa_pobreza_monetaria": 0.3456416416631149, "tasa_pobreza_extrema": 0.1503118512921213, "tasa_ipm": 0.036363872199206101, "ingreso_percapita_promedio": 842886.87202135962, "capacidad_pago_promedio": 0.25434746722540807, "tamano_hogar_promedio": 3.1588579415756208, "gasto_educ_promedio": 260612.53234385408, "tasa_deficit_cuantitativo": 0.0054515723698122, "tasa_deficit_cualitativo": 0.13446758352454949, "tasa_deficit_habitacional": 0.13991915589436171, "pct_estrato_1": 0.0, "pct_estrato_2": 0.54682567130475535, "pct_estrato_3": 0.45317432869524471, "pct_estrato_4": 0.0, "pct_estrato_5": 0.0, "pct_estrato_6": 0.0, "s0_localidad": 0.24596233549441804, "dist_transmilenio_m": 669.89818705315338, "dist_sitp_m": 169.56597501172203, "dist_parque_m": 71.775177804459318, "homicidios": 67.0, "lesiones_personales": 1311.0, "hurto_personas": 8872.0, "hurto_residencias": 687.0, "hurto_automotores": 293.0, "hurto_bicicletas": 367.0, "hurto_comercio": 2403.0, "hurto_entidades": 312.0, "violencia_intrafam": 1641.0, "delitos_sexuales": 328.0, "pct_no_oficial": 64.29, "n_sedes_total": 70, "n_sedes_no_oficial": 45 }, "geometry": { "type": "Point", "coordinates": [ -74.132000000117173, 4.576110000183237 ] } },
{ "type": "Feature", "properties": { "DANE12_EST": "111001019526", "id_establecimiento": "111001019526", "nombre_establecimiento": "COLEGIO LICEO NACIONAL ANTONIA SANTOS (IED)", "nombre_localidad": "Los Martires", "codigo_upz": "102", "nombre_upz": "LA SABANA", "estrato": "Estrato 2", "zona": "URBANA", "caracter_media": "Académico", "lon": -74.087990000025641, "lat": 4.6082999999733545, "codigo_localidad": "14", "q_j": 257.26, "puntaje_2023": 254.32, "punt_global_2020": 255.31, "punt_global_2022": 262.15, "matricula_total": 1586.0, "demanda_total": 1751.0, "sobre_demanda_j": 1.1040353089533417, "n_hogares_muestra": 2165.0, "poblacion_expandida": 39295.0, "tasa_pobreza_monetaria": 0.4324740129100394, "tasa_pobreza_extrema": 0.15802023246977981, "tasa_ipm": 0.1044810492250922, "ingreso_percapita_promedio": 862033.76063762535, "capacidad_pago_promedio": 0.37523970039699711, "tamano_hogar_promedio": 3.3343614745591039, "gasto_educ_promedio": 238742.41054684692, "tasa_deficit_cuantitativo": 0.026789190041989999, "tasa_deficit_cualitativo": 0.21042827307291001, "tasa_deficit_habitacional": 0.23721746311490011, "pct_estrato_1": 0.0017800902913855999, "pct_estrato_2": 0.2632160191322051, "pct_estrato_3": 0.64924484154218087, "pct_estrato_4": 0.083260119806591107, "pct_estrato_5": 0.0, "pct_estrato_6": 0.0, "s0_localidad": 0.38962747752475235, "dist_transmilenio_m": 207.40577436562683, "dist_sitp_m": 133.55898098096398, "dist_parque_m": 205.86563632853566, "homicidios": 125.0, "lesiones_personales": 1566.0, "hurto_personas": 18260.0, "hurto_residencias": 709.0, "hurto_automotores": 275.0, "hurto_bicicletas": 493.0, "hurto_comercio": 4878.0, "hurto_entidades": 317.0, "violencia_intrafam": 1250.0, "delitos_sexuales": 516.0, "pct_no_oficial": 58.33, "n_sedes_total": 36, "n_sedes_no_oficial": 21 }, "geometry": { "type": "Point", "coordinates": [ -74.087990000025641, 4.608299999973354 ] } },
{ "type": "Feature", "properties": { "DANE12_EST": "111001020095", "id_establecimiento": "111001020095", "nombre_establecimiento": "COLEGIO MISAEL PASTRANA BORRERO (IED)", "nombre_localidad": "Rafael Uribe Uribe", "codigo_upz": "53", "nombre_upz": "MARCO FIDEL SUAREZ", "estrato": "Sin estrato", "zona": "URBANA", "caracter_media": "Académico", "lon": -74.108339999687502, "lat": 4.5646699998656022, "codigo_localidad": "18", "q_j": 241.5633333333333, "puntaje_2023": 245.21, "punt_global_2020": 238.56, "punt_global_2022": 240.92, "matricula_total": 1345.0, "demanda_total": 1497.0, "sobre_demanda_j": 1.1130111524163568, "n_hogares_muestra": 2174.0, "poblacion_expandida": 47442.999997500003, "tasa_pobreza_monetaria": 0.5827803477658865, "tasa_pobreza_extrema": 0.2234402638863183, "tasa_ipm": 0.1040373178142211, "ingreso_percapita_promedio": 555562.31329808699, "capacidad_pago_promedio": 0.46490720762941368, "tamano_hogar_promedio": 3.0968267260932505, "gasto_educ_promedio": 112069.29148232724, "tasa_deficit_cuantitativo": 0.0160758053967959, "tasa_deficit_cualitativo": 0.1350306657049001, "tasa_deficit_habitacional": 0.15110647110169609, "pct_estrato_1": 0.0032091840188863, "pct_estrato_2": 0.70947012436341883, "pct_estrato_3": 0.28732069161769491, "pct_estrato_4": 0.0, "pct_estrato_5": 0.0, "pct_estrato_6": 0.0, "s0_localidad": 0.2741314328601635, "dist_transmilenio_m": 1261.4137390422486, "dist_sitp_m": 11.696861441098696, "dist_parque_m": 84.62603804980381, "homicidios": 159.0, "lesiones_personales": 2500.0, "hurto_personas": 13897.0, "hurto_residencias": 1530.0, "hurto_automotores": 660.0, "hurto_bicicletas": 415.0, "hurto_comercio": 3902.0, "hurto_entidades": 942.0, "violencia_intrafam": 3177.0, "delitos_sexuales": 716.0, "pct_no_oficial": 57.85, "n_sedes_total": 121, "n_sedes_no_oficial": 70 }, "geometry": { "type": "Point", "coordinates": [ -74.108339999687502, 4.564669999865602 ] } },
{ "type": "Feature", "properties": { "DANE12_EST": "111001020168", "id_establecimiento": "111001020168", "nombre_establecimiento": "COLEGIO SORRENTO (IED)", "nombre_localidad": "Puente Aranda", "codigo_upz": "43", "nombre_upz": "SAN RAFAEL", "estrato": "Estrato 3", "zona": "URBANA", "caracter_media": "Académico", "lon": -74.113279999826574, "lat": 4.6229899999992252, "codigo_localidad": "16", "q_j": 295.76333333333332, "puntaje_2023": 297.75, "punt_global_2020": 298.6, "punt_global_2022": 290.94, "matricula_total": 2255.0, "demanda_total": 2437.0, "sobre_demanda_j": 1.080709534368071, "n_hogares_muestra": 2756.0, "poblacion_expandida": 73680.000002500004, "tasa_pobreza_monetaria": 0.23395105301459171, "tasa_pobreza_extrema": 0.084954684921112994, "tasa_ipm": 0.038597428695758697, "ingreso_percapita_promedio": 1176511.5528156538, "capacidad_pago_promedio": 0.14940939745149939, "tamano_hogar_promedio": 3.6055347431458489, "gasto_educ_promedio": 362000.61566031282, "tasa_deficit_cuantitativo": 0.0, "tasa_deficit_cualitativo": 0.1199970461536374, "tasa_deficit_habitacional": 0.1199970461536374, "pct_estrato_1": 0.00064466256241019996, "pct_estrato_2": 0.0, "pct_estrato_3": 0.99935533743758964, "pct_estrato_4": 0.0, "pct_estrato_5": 0.0, "pct_estrato_6": 0.0, "s0_localidad": 0.52110761758736768, "dist_transmilenio_m": 572.16665823168751, "dist_sitp_m": 111.11005822287414, "dist_parque_m": 168.74279117178352, "homicidios": 81.0, "lesiones_personales": 1979.0, "hurto_personas": 20917.0, "hurto_residencias": 1572.0, "hurto_automotores": 1079.0, "hurto_bicicletas": 778.0, "hurto_comercio": 5413.0, "hurto_entidades": 730.0, "violencia_intrafam": 2327.0, "delitos_sexuales": 548.0, "pct_no_oficial": 68.0, "n_sedes_total": 100, "n_sedes_no_oficial": 68 }, "geometry": { "type": "Point", "coordinates": [ -74.113279999826574, 4.622989999999225 ] } },
{ "type": "Feature", "properties": { "DANE12_EST": "111001020320", "id_establecimiento": "111001020320", "nombre_establecimiento": "COLEGIO ISMAEL PERDOMO (IED)", "nombre_localidad": "Ciudad Bolivar", "codigo_upz": "69", "nombre_upz": "ISMAEL PERDOMO", "estrato": "Estrato 2", "zona": "URBANA", "caracter_media": "Académico", "lon": -74.165109999756368, "lat": 4.5872600003751849, "codigo_localidad": "19", "q_j": 247.56333333333336, "puntaje_2023": 257.53, "punt_global_2020": 241.58, "punt_global_2022": 243.58, "matricula_total": 2381.0, "demanda_total": 2662.0, "sobre_demanda_j": 1.118017639647207, "n_hogares_muestra": 2366.0, "poblacion_expandida": 164520.00000199999, "tasa_pobreza_monetaria": 0.51545916573346162, "tasa_pobreza_extrema": 0.16132286291926429, "tasa_ipm": 0.1120384549706778, "ingreso_percapita_promedio": 615523.9462379344, "capacidad_pago_promedio": 0.52716050758962851, "tamano_hogar_promedio": 3.8098645044388539, "gasto_educ_promedio": 155800.13389930749, "tasa_deficit_cuantitativo": 0.020936730408814198, "tasa_deficit_cualitativo": 0.1935707537570682, "tasa_deficit_habitacional": 0.2145074841658825, "pct_estrato_1": 0.44532129046930069, "pct_estrato_2": 0.4547796296212645, "pct_estrato_3": 0.099899079909434696, "pct_estrato_4": 0.0, "pct_estrato_5": 0.0, "pct_estrato_6": 0.0, "s0_localidad": 0.24641727799438962, "dist_transmilenio_m": 948.37378048899723, "dist_sitp_m": 131.7046386477474, "dist_parque_m": 95.710136511107635, "homicidios": 450.0, "lesiones_personales": 4378.0, "hurto_personas": 16269.0, "hurto_residencias": 1893.0, "hurto_automotores": 870.0, "hurto_bicicletas": 472.0, "hurto_comercio": 4561.0, "hurto_entidades": 1620.0, "violencia_intrafam": 8567.0, "delitos_sexuales": 1433.0, "pct_no_oficial": 44.59, "n_sedes_total": 148, "n_sedes_no_oficial": 66 }, "geometry": { "type": "Point", "coordinates": [ -74.165109999756368, 4.587260000375185 ] } },
{ "type": "Feature", "properties": { "DANE12_EST": "111001020443", "id_establecimiento": "111001020443", "nombre_establecimiento": "COLEGIO ENTRE NUBES SUR ORIENTAL (IED)", "nombre_localidad": "San Cristobal", "codigo_upz": "50", "nombre_upz": "LA GLORIA", "estrato": "Estrato 2", "zona": "URBANA", "caracter_media": "Académico", "lon": -74.097509999555371, "lat": 4.5480300000192457, "codigo_localidad": "04", "q_j": 248.46777777777777, "puntaje_2023": 250.53333333333336, "punt_global_2020": 245.55352941176469, "punt_global_2022": 248.24529411764701, "matricula_total": 1055.0, "demanda_total": 1249.0, "sobre_demanda_j": 1.1838862559241705, "n_hogares_muestra": 2500.0, "poblacion_expandida": 96156.000003299996, "tasa_pobreza_monetaria": 0.52211849174442582, "tasa_pobreza_extrema": 0.1745577883889092, "tasa_ipm": 0.063078607524146596, "ingreso_percapita_promedio": 557986.08365625329, "capacidad_pago_promedio": 0.54539218974063186, "tamano_hogar_promedio": 3.6158040380940122, "gasto_educ_promedio": 150029.19056531519, "tasa_deficit_cuantitativo": 0.0079722719307550993, "tasa_deficit_cualitativo": 0.2070523211616199, "tasa_deficit_habitacional": 0.21502459309237509, "pct_estrato_1": 0.035853985153102001, "pct_estrato_2": 0.96414601484689799, "pct_estrato_3": 0.0, "pct_estrato_4": 0.0, "pct_estrato_5": 0.0, "pct_estrato_6": 0.0, "s0_localidad": 0.24275340378588084, "dist_transmilenio_m": 1967.6147315175363, "dist_sitp_m": 251.06032242035835, "dist_parque_m": 206.68018727398427, "homicidios": 113.0, "lesiones_personales": 2653.0, "hurto_personas": 11264.0, "hurto_residencias": 1302.0, "hurto_automotores": 438.0, "hurto_bicicletas": 251.0, "hurto_comercio": 3279.0, "hurto_entidades": 810.0, "violencia_intrafam": 4309.0, "delitos_sexuales": 811.0, "pct_no_oficial": 49.61, "n_sedes_total": 129, "n_sedes_no_oficial": 64 }, "geometry": { "type": "Point", "coordinates": [ -74.097509999555371, 4.548030000019246 ] } },
{ "type": "Feature", "properties": { "DANE12_EST": "111001024643", "id_establecimiento": "111001024643", "nombre_establecimiento": "COLEGIO NUEVA ESPERANZA (IED)", "nombre_localidad": "Usme", "codigo_upz": "52", "nombre_upz": "LA FLORA", "estrato": "Estrato 1", "zona": "URBANA", "caracter_media": "Académico", "lon": -74.091029999558415, "lat": 4.5134400001069341, "codigo_localidad": "05", "q_j": 241.59, "puntaje_2023": 238.46, "punt_global_2020": 249.89, "punt_global_2022": 236.42, "matricula_total": 1236.0, "demanda_total": 1328.0, "sobre_demanda_j": 1.0744336569579287, "n_hogares_muestra": 2154.0, "poblacion_expandida": 19629.000007499999, "tasa_pobreza_monetaria": 0.74878493388782486, "tasa_pobreza_extrema": 0.36389832835451441, "tasa_ipm": 0.1788048463222254, "ingreso_percapita_promedio": 342105.18161876331, "capacidad_pago_promedio": 0.75492664204687199, "tamano_hogar_promedio": 3.752629232240833, "gasto_educ_promedio": 64628.117806994414, "tasa_deficit_cuantitativo": 0.1189753326408724, "tasa_deficit_cualitativo": 0.28262589417088518, "tasa_deficit_habitacional": 0.40160122681175769, "pct_estrato_1": 0.9406263803171484, "pct_estrato_2": 0.0070001862370725997, "pct_estrato_3": 0.0016351785005724001, "pct_estrato_4": 0.0, "pct_estrato_5": 0.0, "pct_estrato_6": 0.0, "s0_localidad": 0.18065503357765311, "dist_transmilenio_m": 3743.3324317469151, "dist_sitp_m": 54.655264557888962, "dist_parque_m": 214.30466106089244, "homicidios": 171.0, "lesiones_personales": 2562.0, "hurto_personas": 8404.0, "hurto_residencias": 1452.0, "hurto_automotores": 311.0, "hurto_bicicletas": 146.0, "hurto_comercio": 2308.0, "hurto_entidades": 623.0, "violencia_intrafam": 3963.0, "delitos_sexuales": 923.0, "pct_no_oficial": 33.03, "n_sedes_total": 109, "n_sedes_no_oficial": 36 }, "geometry": { "type": "Point", "coordinates": [ -74.091029999558415, 4.513440000106934 ] } },
{ "type": "Feature", "properties": { "DANE12_EST": "111001024660", "id_establecimiento": "111001024660", "nombre_establecimiento": "COLEGIO FERNANDO SOTO APARICIO (IED)", "nombre_localidad": "Kennedy", "codigo_upz": "47", "nombre_upz": "KENNEDY CENTRAL", "estrato": "Estrato 3", "zona": "URBANA", "caracter_media": "Académico", "lon": -74.147520000143118, "lat": 4.61884999997846, "codigo_localidad": "08", "q_j": 263.14333333333337, "puntaje_2023": 264.23, "punt_global_2020": 264.62, "punt_global_2022": 260.58, "matricula_total": 2201.0, "demanda_total": 2373.0, "sobre_demanda_j": 1.0781462971376647, "n_hogares_muestra": 2378.0, "poblacion_expandida": 93575.000004200003, "tasa_pobreza_monetaria": 0.26720831431341407, "tasa_pobreza_extrema": 0.075044495104299294, "tasa_ipm": 0.033715406031080898, "ingreso_percapita_promedio": 926690.95101803122, "capacidad_pago_promedio": 0.1664851532866766, "tamano_hogar_promedio": 3.5136041090733938, "gasto_educ_promedio": 259520.21119855996, "tasa_deficit_cuantitativo": 0.0040550762701893001, "tasa_deficit_cualitativo": 0.074436671314852904, "tasa_deficit_habitacional": 0.078491747585042307, "pct_estrato_1": 0.0010352239550697, "pct_estrato_2": 0.0074430445350652996, "pct_estrato_3": 0.99152173150986478, "pct_estrato_4": 0.0, "pct_estrato_5": 0.0, "pct_estrato_6": 0.0, "s0_localidad": 0.3719221758740453, "dist_transmilenio_m": 1397.2969591202213, "dist_sitp_m": 119.18649218120879, "dist_parque_m": 96.188045230493927, "homicidios": 277.0, "lesiones_personales": 5216.0, "hurto_personas": 45928.0, "hurto_residencias": 4574.0, "hurto_automotores": 2662.0, "hurto_bicicletas": 2842.0, "hurto_comercio": 11829.0, "hurto_entidades": 2994.0, "violencia_intrafam": 8341.0, "delitos_sexuales": 1353.0, "pct_no_oficial": 70.99, "n_sedes_total": 262, "n_sedes_no_oficial": 186 }, "geometry": { "type": "Point", "coordinates": [ -74.147520000143118, 4.61884999997846 ] } },
{ "type": "Feature", "properties": { "DANE12_EST": "111001024686", "id_establecimiento": "111001024686", "nombre_establecimiento": "COLEGIO MORALBA SURORIENTAL (IED)", "nombre_localidad": "San Cristobal", "codigo_upz": "50", "nombre_upz": "LA GLORIA", "estrato": "Sin estrato", "zona": "URBANA", "caracter_media": "Académico", "lon": -74.08055000012898, "lat": 4.5415100000617654, "codigo_localidad": "04", "q_j": 242.75666666666666, "puntaje_2023": 250.06, "punt_global_2020": 238.64, "punt_global_2022": 239.57, "matricula_total": 1302.0, "demanda_total": 1386.0, "sobre_demanda_j": 1.064516129032258, "n_hogares_muestra": 2500.0, "poblacion_expandida": 96156.000003299996, "tasa_pobreza_monetaria": 0.52211849174442582, "tasa_pobreza_extrema": 0.1745577883889092, "tasa_ipm": 0.063078607524146596, "ingreso_percapita_promedio": 557986.08365625329, "capacidad_pago_promedio": 0.54539218974063186, "tamano_hogar_promedio": 3.6158040380940122, "gasto_educ_promedio": 150029.19056531519, "tasa_deficit_cuantitativo": 0.0079722719307550993, "tasa_deficit_cualitativo": 0.2070523211616199, "tasa_deficit_habitacional": 0.21502459309237509, "pct_estrato_1": 0.035853985153102001, "pct_estrato_2": 0.96414601484689799, "pct_estrato_3": 0.0, "pct_estrato_4": 0.0, "pct_estrato_5": 0.0, "pct_estrato_6": 0.0, "s0_localidad": 0.24275340378588084, "dist_transmilenio_m": 3251.7715463520799, "dist_sitp_m": 35.454889571647684, "dist_parque_m": 126.88920449165312, "homicidios": 113.0, "lesiones_personales": 2653.0, "hurto_personas": 11264.0, "hurto_residencias": 1302.0, "hurto_automotores": 438.0, "hurto_bicicletas": 251.0, "hurto_comercio": 3279.0, "hurto_entidades": 810.0, "violencia_intrafam": 4309.0, "delitos_sexuales": 811.0, "pct_no_oficial": 49.61, "n_sedes_total": 129, "n_sedes_no_oficial": 64 }, "geometry": { "type": "Point", "coordinates": [ -74.08055000012898, 4.541510000061765 ] } },
{ "type": "Feature", "properties": { "DANE12_EST": "111001024732", "id_establecimiento": "111001024732", "nombre_establecimiento": "COLEGIO INEM FRANCISCO DE PAULA SANTANDER (IED)", "nombre_localidad": "Kennedy", "codigo_upz": "47", "nombre_upz": "KENNEDY CENTRAL", "estrato": "Estrato 3", "zona": "URBANA", "caracter_media": "Académico - Técnico", "lon": -74.156449999668951, "lat": 4.6247000001521288, "codigo_localidad": "08", "q_j": 260.7233333333333, "puntaje_2023": 261.99, "punt_global_2020": 258.03, "punt_global_2022": 262.15, "matricula_total": 5978.0, "demanda_total": 6677.0, "sobre_demanda_j": 1.1169287387085982, "n_hogares_muestra": 2378.0, "poblacion_expandida": 93575.000004200003, "tasa_pobreza_monetaria": 0.26720831431341407, "tasa_pobreza_extrema": 0.075044495104299294, "tasa_ipm": 0.033715406031080898, "ingreso_percapita_promedio": 926690.95101803122, "capacidad_pago_promedio": 0.1664851532866766, "tamano_hogar_promedio": 3.5136041090733938, "gasto_educ_promedio": 259520.21119855996, "tasa_deficit_cuantitativo": 0.0040550762701893001, "tasa_deficit_cualitativo": 0.074436671314852904, "tasa_deficit_habitacional": 0.078491747585042307, "pct_estrato_1": 0.0010352239550697, "pct_estrato_2": 0.0074430445350652996, "pct_estrato_3": 0.99152173150986478, "pct_estrato_4": 0.0, "pct_estrato_5": 0.0, "pct_estrato_6": 0.0, "s0_localidad": 0.3719221758740453, "dist_transmilenio_m": 1162.1157480263093, "dist_sitp_m": 71.119056920923853, "dist_parque_m": 95.73274405241699, "homicidios": 277.0, "lesiones_personales": 5216.0, "hurto_personas": 45928.0, "hurto_residencias": 4574.0, "hurto_automotores": 2662.0, "hurto_bicicletas": 2842.0, "hurto_comercio": 11829.0, "hurto_entidades": 2994.0, "violencia_intrafam": 8341.0, "delitos_sexuales": 1353.0, "pct_no_oficial": 70.99, "n_sedes_total": 262, "n_sedes_no_oficial": 186 }, "geometry": { "type": "Point", "coordinates": [ -74.156449999668951, 4.624700000152129 ] } },
{ "type": "Feature", "properties": { "DANE12_EST": "111001024830", "id_establecimiento": "111001024830", "nombre_establecimiento": "COLEGIO FRANCISCO PRIMERO S.S. (IED)", "nombre_localidad": "Barrios Unidos", "codigo_upz": "98", "nombre_upz": "LOS ALCAZARES", "estrato": "Estrato 3", "zona": "URBANA", "caracter_media": "Académico", "lon": -74.075719999594767, "lat": 4.6521399997568693, "codigo_localidad": "12", "q_j": 250.9, "puntaje_2023": 250.0, "punt_global_2020": 248.62, "punt_global_2022": 254.08, "matricula_total": 1080.0, "demanda_total": 1256.0, "sobre_demanda_j": 1.162962962962963, "n_hogares_muestra": 2261.0, "poblacion_expandida": 43325.000000699998, "tasa_pobreza_monetaria": 0.195392019216693, "tasa_pobreza_extrema": 0.043478117783486703, "tasa_ipm": 0.0171271489714486, "ingreso_percapita_promedio": 1447423.36270404, "capacidad_pago_promedio": 0.14683346435077249, "tamano_hogar_promedio": 3.1018025559291118, "gasto_educ_promedio": 344089.13322693633, "tasa_deficit_cuantitativo": 0.0065729456109728003, "tasa_deficit_cualitativo": 0.075969832871248005, "tasa_deficit_habitacional": 0.082542778482220899, "pct_estrato_1": 0.0037395459687797001, "pct_estrato_2": 0.0, "pct_estrato_3": 0.87006451681917973, "pct_estrato_4": 0.12619593721204059, "pct_estrato_5": 0.0, "pct_estrato_6": 0.0, "s0_localidad": 0.49401305949623742, "dist_transmilenio_m": 374.56896579988688, "dist_sitp_m": 47.685209268072931, "dist_parque_m": 185.33095231775036, "homicidios": 31.0, "lesiones_personales": 1214.0, "hurto_personas": 18587.0, "hurto_residencias": 1176.0, "hurto_automotores": 352.0, "hurto_bicicletas": 816.0, "hurto_comercio": 4973.0, "hurto_entidades": 320.0, "violencia_intrafam": 1281.0, "delitos_sexuales": 275.0, "pct_no_oficial": 61.9, "n_sedes_total": 63, "n_sedes_no_oficial": 39 }, "geometry": { "type": "Point", "coordinates": [ -74.075719999594767, 4.652139999756869 ] } },
{ "type": "Feature", "properties": { "DANE12_EST": "111001025020", "id_establecimiento": "111001025020", "nombre_establecimiento": "COLEGIO ALBERTO LLERAS CAMARGO (IED)", "nombre_localidad": "Suba", "codigo_upz": "28", "nombre_upz": "EL RINCON", "estrato": "Estrato 2", "zona": "URBANA", "caracter_media": "Académico", "lon": -74.102479999831658, "lat": 4.7434899997609499, "codigo_localidad": "11", "q_j": 256.67666666666668, "puntaje_2023": 258.16, "punt_global_2020": 250.68, "punt_global_2022": 261.19, "matricula_total": 3213.0, "demanda_total": 3602.0, "sobre_demanda_j": 1.1210706504824153, "n_hogares_muestra": 2382.0, "poblacion_expandida": 288983.99999600003, "tasa_pobreza_monetaria": 0.39372393871312911, "tasa_pobreza_extrema": 0.1074366146223657, "tasa_ipm": 0.060527870641426902, "ingreso_percapita_promedio": 736885.83955951873, "capacidad_pago_promedio": 0.35341762880994682, "tamano_hogar_promedio": 3.5256419863051338, "gasto_educ_promedio": 229243.80352093693, "tasa_deficit_cuantitativo": 0.0020934378962445999, "tasa_deficit_cualitativo": 0.1305752875097663, "tasa_deficit_habitacional": 0.13266872540601099, "pct_estrato_1": 0.0094350357315205, "pct_estrato_2": 0.61616858753240555, "pct_estrato_3": 0.36319133631914841, "pct_estrato_4": 0.0, "pct_estrato_5": 0.0, "pct_estrato_6": 0.0, "s0_localidad": 0.52282970591970535, "dist_transmilenio_m": 981.12631563512628, "dist_sitp_m": 51.063271046266621, "dist_parque_m": 213.64899659419439, "homicidios": 143.0, "lesiones_personales": 4117.0, "hurto_personas": 47285.0, "hurto_residencias": 5010.0, "hurto_automotores": 938.0, "hurto_bicicletas": 2774.0, "hurto_comercio": 12600.0, "hurto_entidades": 1324.0, "violencia_intrafam": 8047.0, "delitos_sexuales": 1387.0, "pct_no_oficial": 80.22, "n_sedes_total": 364, "n_sedes_no_oficial": 292 }, "geometry": { "type": "Point", "coordinates": [ -74.102479999831658, 4.74348999976095 ] } },
{ "type": "Feature", "properties": { "DANE12_EST": "111001025216", "id_establecimiento": "111001025216", "nombre_establecimiento": "COLEGIO VILLA AMALIA (IED)", "nombre_localidad": "Engativa", "codigo_upz": "73", "nombre_upz": "GARCES NAVAS", "estrato": "Estrato 2", "zona": "URBANA", "caracter_media": "Académico", "lon": -74.125869999924603, "lat": 4.7109500003723488, "codigo_localidad": "10", "q_j": 256.63, "puntaje_2023": 255.77, "punt_global_2020": 257.76, "punt_global_2022": 256.36, "matricula_total": 1328.0, "demanda_total": 1454.0, "sobre_demanda_j": 1.0948795180722892, "n_hogares_muestra": 2364.0, "poblacion_expandida": 167506.00000110001, "tasa_pobreza_monetaria": 0.22196427952584291, "tasa_pobreza_extrema": 0.075772470046545401, "tasa_ipm": 0.030551244534920498, "ingreso_percapita_promedio": 1231332.3061936938, "capacidad_pago_promedio": 0.1792359084671763, "tamano_hogar_promedio": 3.4970780660695926, "gasto_educ_promedio": 398876.46195647382, "tasa_deficit_cuantitativo": 0.0047428715329288001, "tasa_deficit_cualitativo": 0.093925001247099696, "tasa_deficit_habitacional": 0.098667872780028504, "pct_estrato_1": 0.0056796068421055999, "pct_estrato_2": 0.19212094725018, "pct_estrato_3": 0.70828178535467923, "pct_estrato_4": 0.093917660553035007, "pct_estrato_5": 0.0, "pct_estrato_6": 0.0, "s0_localidad": 0.45908732785239414, "dist_transmilenio_m": 1707.151778631727, "dist_sitp_m": 137.1147889320186, "dist_parque_m": 97.505312826440843, "homicidios": 114.0, "lesiones_personales": 3260.0, "hurto_personas": 44584.0, "hurto_residencias": 4694.0, "hurto_automotores": 1548.0, "hurto_bicicletas": 2840.0, "hurto_comercio": 11724.0, "hurto_entidades": 1616.0, "violencia_intrafam": 6497.0, "delitos_sexuales": 1001.0, "pct_no_oficial": 73.15, "n_sedes_total": 257, "n_sedes_no_oficial": 188 }, "geometry": { "type": "Point", "coordinates": [ -74.125869999924603, 4.710950000372349 ] } },
{ "type": "Feature", "properties": { "DANE12_EST": "111001025313", "id_establecimiento": "111001025313", "nombre_establecimiento": "COLEGIO LICEO NACIONAL AGUSTIN NIETO CABALLERO (IED)", "nombre_localidad": "Los Martires", "codigo_upz": "102", "nombre_upz": "LA SABANA", "estrato": "Estrato 2", "zona": "URBANA", "caracter_media": "Técnico", "lon": -74.085910000392616, "lat": 4.6055000004838718, "codigo_localidad": "14", "q_j": 249.48333333333335, "puntaje_2023": 242.69, "punt_global_2020": 246.04, "punt_global_2022": 259.72, "matricula_total": 731.0, "demanda_total": 911.0, "sobre_demanda_j": 1.2462380300957592, "n_hogares_muestra": 2165.0, "poblacion_expandida": 39295.0, "tasa_pobreza_monetaria": 0.4324740129100394, "tasa_pobreza_extrema": 0.15802023246977981, "tasa_ipm": 0.1044810492250922, "ingreso_percapita_promedio": 862033.76063762535, "capacidad_pago_promedio": 0.37523970039699711, "tamano_hogar_promedio": 3.3343614745591039, "gasto_educ_promedio": 238742.41054684692, "tasa_deficit_cuantitativo": 0.026789190041989999, "tasa_deficit_cualitativo": 0.21042827307291001, "tasa_deficit_habitacional": 0.23721746311490011, "pct_estrato_1": 0.0017800902913855999, "pct_estrato_2": 0.2632160191322051, "pct_estrato_3": 0.64924484154218087, "pct_estrato_4": 0.083260119806591107, "pct_estrato_5": 0.0, "pct_estrato_6": 0.0, "s0_localidad": 0.38962747752475235, "dist_transmilenio_m": 445.17345202584727, "dist_sitp_m": 158.89460136836055, "dist_parque_m": 132.55148361547566, "homicidios": 125.0, "lesiones_personales": 1566.0, "hurto_personas": 18260.0, "hurto_residencias": 709.0, "hurto_automotores": 275.0, "hurto_bicicletas": 493.0, "hurto_comercio": 4878.0, "hurto_entidades": 317.0, "violencia_intrafam": 1250.0, "delitos_sexuales": 516.0, "pct_no_oficial": 58.33, "n_sedes_total": 36, "n_sedes_no_oficial": 21 }, "geometry": { "type": "Point", "coordinates": [ -74.085910000392616, 4.605500000483872 ] } },
{ "type": "Feature", "properties": { "DANE12_EST": "111001026069", "id_establecimiento": "111001026069", "nombre_establecimiento": "COLEGIO TECNICO MENORAH (IED)", "nombre_localidad": "Los Martires", "codigo_upz": "37", "nombre_upz": "SANTA ISABEL", "estrato": "Estrato 3", "zona": "URBANA", "caracter_media": "Técnico", "lon": -74.092679999919469, "lat": 4.5941199997888518, "codigo_localidad": "14", "q_j": 274.06333333333333, "puntaje_2023": 271.54, "punt_global_2020": 269.84, "punt_global_2022": 280.81, "matricula_total": 1466.0, "demanda_total": 1569.0, "sobre_demanda_j": 1.0702592087312415, "n_hogares_muestra": 2571.0, "poblacion_expandida": 44107.000002699999, "tasa_pobreza_monetaria": 0.34084070527534699, "tasa_pobreza_extrema": 0.15195882761896551, "tasa_ipm": 0.0484573436907784, "ingreso_percapita_promedio": 980293.87469046365, "capacidad_pago_promedio": 0.1805995986762278, "tamano_hogar_promedio": 3.1658697005090382, "gasto_educ_promedio": 281465.30717655801, "tasa_deficit_cuantitativo": 0.034444295089373501, "tasa_deficit_cualitativo": 0.1517103768628649, "tasa_deficit_habitacional": 0.18615467195223839, "pct_estrato_1": 0.0, "pct_estrato_2": 0.011730470892790799, "pct_estrato_3": 0.98826952910720922, "pct_estrato_4": 0.0, "pct_estrato_5": 0.0, "pct_estrato_6": 0.0, "s0_localidad": 0.38962747752475235, "dist_transmilenio_m": 453.00508570618632, "dist_sitp_m": 115.52460693667474, "dist_parque_m": 83.668086522455368, "homicidios": 125.0, "lesiones_personales": 1566.0, "hurto_personas": 18260.0, "hurto_residencias": 709.0, "hurto_automotores": 275.0, "hurto_bicicletas": 493.0, "hurto_comercio": 4878.0, "hurto_entidades": 317.0, "violencia_intrafam": 1250.0, "delitos_sexuales": 516.0, "pct_no_oficial": 58.33, "n_sedes_total": 36, "n_sedes_no_oficial": 21 }, "geometry": { "type": "Point", "coordinates": [ -74.092679999919469, 4.594119999788852 ] } },
{ "type": "Feature", "properties": { "DANE12_EST": "111001026964", "id_establecimiento": "111001026964", "nombre_establecimiento": "COLEGIO JOHN F. KENNEDY (IED)", "nombre_localidad": "Kennedy", "codigo_upz": "47", "nombre_upz": "KENNEDY CENTRAL", "estrato": "Estrato 3", "zona": "URBANA", "caracter_media": "Académico", "lon": -74.15169000035327, "lat": 4.6218800004715037, "codigo_localidad": "08", "q_j": 255.52, "puntaje_2023": 261.42, "punt_global_2020": 251.09, "punt_global_2022": 254.05, "matricula_total": 2263.0, "demanda_total": 2546.0, "sobre_demanda_j": 1.1250552364118427, "n_hogares_muestra": 2378.0, "poblacion_expandida": 93575.000004200003, "tasa_pobreza_monetaria": 0.26720831431341407, "tasa_pobreza_extrema": 0.075044495104299294, "tasa_ipm": 0.033715406031080898, "ingreso_percapita_promedio": 926690.95101803122, "capacidad_pago_promedio": 0.1664851532866766, "tamano_hogar_promedio": 3.5136041090733938, "gasto_educ_promedio": 259520.21119855996, "tasa_deficit_cuantitativo": 0.0040550762701893001, "tasa_deficit_cualitativo": 0.074436671314852904, "tasa_deficit_habitacional": 0.078491747585042307, "pct_estrato_1": 0.0010352239550697, "pct_estrato_2": 0.0074430445350652996, "pct_estrato_3": 0.99152173150986478, "pct_estrato_4": 0.0, "pct_estrato_5": 0.0, "pct_estrato_6": 0.0, "s0_localidad": 0.3719221758740453, "dist_transmilenio_m": 1235.4768137277292, "dist_sitp_m": 46.719514912961941, "dist_parque_m": 55.706061476707546, "homicidios": 277.0, "lesiones_personales": 5216.0, "hurto_personas": 45928.0, "hurto_residencias": 4574.0, "hurto_automotores": 2662.0, "hurto_bicicletas": 2842.0, "hurto_comercio": 11829.0, "hurto_entidades": 2994.0, "violencia_intrafam": 8341.0, "delitos_sexuales": 1353.0, "pct_no_oficial": 70.99, "n_sedes_total": 262, "n_sedes_no_oficial": 186 }, "geometry": { "type": "Point", "coordinates": [ -74.15169000035327, 4.621880000471504 ] } },
{ "type": "Feature", "properties": { "DANE12_EST": "111001027251", "id_establecimiento": "111001027251", "nombre_establecimiento": "COLEGIO LEON DE GREIFF (IED)", "nombre_localidad": "Ciudad Bolivar", "codigo_upz": "67", "nombre_upz": "LUCERO", "estrato": "Estrato 2", "zona": "URBANA", "caracter_media": "Académico", "lon": -74.138480000114114, "lat": 4.5510400002712021, "codigo_localidad": "19", "q_j": 226.10666666666668, "puntaje_2023": 235.0, "punt_global_2020": 217.58, "punt_global_2022": 225.74, "matricula_total": 1811.0, "demanda_total": 2102.0, "sobre_demanda_j": 1.1606847045831032, "n_hogares_muestra": 2402.0, "poblacion_expandida": 161831.00001280001, "tasa_pobreza_monetaria": 0.7038631757592213, "tasa_pobreza_extrema": 0.29200637063703688, "tasa_ipm": 0.12833440894487039, "ingreso_percapita_promedio": 390100.43634986418, "capacidad_pago_promedio": 0.69990953908547293, "tamano_hogar_promedio": 3.7938052959151172, "gasto_educ_promedio": 94504.090399263441, "tasa_deficit_cuantitativo": 0.049540423591066397, "tasa_deficit_cualitativo": 0.26740798307417718, "tasa_deficit_habitacional": 0.31694840666524371, "pct_estrato_1": 0.72918739131913157, "pct_estrato_2": 0.25338518534370219, "pct_estrato_3": 0.0062719642164957004, "pct_estrato_4": 0.0, "pct_estrato_5": 0.0, "pct_estrato_6": 0.0, "s0_localidad": 0.24641727799438962, "dist_transmilenio_m": 1914.376951394715, "dist_sitp_m": 233.09236381539782, "dist_parque_m": 97.908728679161143, "homicidios": 450.0, "lesiones_personales": 4378.0, "hurto_personas": 16269.0, "hurto_residencias": 1893.0, "hurto_automotores": 870.0, "hurto_bicicletas": 472.0, "hurto_comercio": 4561.0, "hurto_entidades": 1620.0, "violencia_intrafam": 8567.0, "delitos_sexuales": 1433.0, "pct_no_oficial": 44.59, "n_sedes_total": 148, "n_sedes_no_oficial": 66 }, "geometry": { "type": "Point", "coordinates": [ -74.138480000114114, 4.551040000271202 ] } },
{ "type": "Feature", "properties": { "DANE12_EST": "111001027308", "id_establecimiento": "111001027308", "nombre_establecimiento": "COLEGIO PROSPERO PINZON (IED)", "nombre_localidad": "Kennedy", "codigo_upz": "47", "nombre_upz": "KENNEDY CENTRAL", "estrato": "Estrato 3", "zona": "URBANA", "caracter_media": "Académico", "lon": -74.151070000212144, "lat": 4.6243400002273258, "codigo_localidad": "08", "q_j": 269.2166666666667, "puntaje_2023": 278.85, "punt_global_2020": 263.47, "punt_global_2022": 265.33, "matricula_total": 1240.0, "demanda_total": 1357.0, "sobre_demanda_j": 1.0943548387096773, "n_hogares_muestra": 2378.0, "poblacion_expandida": 93575.000004200003, "tasa_pobreza_monetaria": 0.26720831431341407, "tasa_pobreza_extrema": 0.075044495104299294, "tasa_ipm": 0.033715406031080898, "ingreso_percapita_promedio": 926690.95101803122, "capacidad_pago_promedio": 0.1664851532866766, "tamano_hogar_promedio": 3.5136041090733938, "gasto_educ_promedio": 259520.21119855996, "tasa_deficit_cuantitativo": 0.0040550762701893001, "tasa_deficit_cualitativo": 0.074436671314852904, "tasa_deficit_habitacional": 0.078491747585042307, "pct_estrato_1": 0.0010352239550697, "pct_estrato_2": 0.0074430445350652996, "pct_estrato_3": 0.99152173150986478, "pct_estrato_4": 0.0, "pct_estrato_5": 0.0, "pct_estrato_6": 0.0, "s0_localidad": 0.3719221758740453, "dist_transmilenio_m": 971.11513942211445, "dist_sitp_m": 156.30102210008511, "dist_parque_m": 139.64755284800057, "homicidios": 277.0, "lesiones_personales": 5216.0, "hurto_personas": 45928.0, "hurto_residencias": 4574.0, "hurto_automotores": 2662.0, "hurto_bicicletas": 2842.0, "hurto_comercio": 11829.0, "hurto_entidades": 2994.0, "violencia_intrafam": 8341.0, "delitos_sexuales": 1353.0, "pct_no_oficial": 70.99, "n_sedes_total": 262, "n_sedes_no_oficial": 186 }, "geometry": { "type": "Point", "coordinates": [ -74.151070000212144, 4.624340000227326 ] } },
{ "type": "Feature", "properties": { "DANE12_EST": "111001027324", "id_establecimiento": "111001027324", "nombre_establecimiento": "COLEGIO FLORENTINO GONZALEZ (IED)", "nombre_localidad": "San Cristobal", "codigo_upz": "34", "nombre_upz": "20 DE JULIO", "estrato": "Estrato 3", "zona": "URBANA", "caracter_media": "Académico", "lon": -74.096349999639102, "lat": 4.5671700003466453, "codigo_localidad": "04", "q_j": 254.18333333333331, "puntaje_2023": 256.79, "punt_global_2020": 251.0, "punt_global_2022": 254.76, "matricula_total": 1353.0, "demanda_total": 1448.0, "sobre_demanda_j": 1.0702143385070215, "n_hogares_muestra": 2665.0, "poblacion_expandida": 80466.000000300002, "tasa_pobreza_monetaria": 0.43638192772685458, "tasa_pobreza_extrema": 0.13742584082294099, "tasa_ipm": 0.055464445627760303, "ingreso_percapita_promedio": 664284.91079455626, "capacidad_pago_promedio": 0.4244786661940777, "tamano_hogar_promedio": 3.7802722077283062, "gasto_educ_promedio": 225987.00528337804, "tasa_deficit_cuantitativo": 0.0122805236733069, "tasa_deficit_cualitativo": 0.1420960154805429, "tasa_deficit_habitacional": 0.15437653915384991, "pct_estrato_1": 0.0010078821912322001, "pct_estrato_2": 0.68787336744207039, "pct_estrato_3": 0.31111875036669723, "pct_estrato_4": 0.0, "pct_estrato_5": 0.0, "pct_estrato_6": 0.0, "s0_localidad": 0.24275340378588084, "dist_transmilenio_m": 177.17059493322131, "dist_sitp_m": 163.45775177168997, "dist_parque_m": 178.37928380775941, "homicidios": 113.0, "lesiones_personales": 2653.0, "hurto_personas": 11264.0, "hurto_residencias": 1302.0, "hurto_automotores": 438.0, "hurto_bicicletas": 251.0, "hurto_comercio": 3279.0, "hurto_entidades": 810.0, "violencia_intrafam": 4309.0, "delitos_sexuales": 811.0, "pct_no_oficial": 49.61, "n_sedes_total": 129, "n_sedes_no_oficial": 64 }, "geometry": { "type": "Point", "coordinates": [ -74.096349999639102, 4.567170000346645 ] } },
{ "type": "Feature", "properties": { "DANE12_EST": "111001027332", "id_establecimiento": "111001027332", "nombre_establecimiento": "COLEGIO GUSTAVO RESTREPO (IED)", "nombre_localidad": "Rafael Uribe Uribe", "codigo_upz": "36", "nombre_upz": "SAN JOSE", "estrato": "Estrato 3", "zona": "URBANA", "caracter_media": "Técnico", "lon": -74.108189999899679, "lat": 4.5789899997541683, "codigo_localidad": "18", "q_j": 263.63333333333327, "puntaje_2023": 261.15, "punt_global_2020": 264.46, "punt_global_2022": 265.29, "matricula_total": 2010.0, "demanda_total": 2172.0, "sobre_demanda_j": 1.0805970149253732, "n_hogares_muestra": 2185.0, "poblacion_expandida": 48723.000006100003, "tasa_pobreza_monetaria": 0.3125623057897372, "tasa_pobreza_extrema": 0.1053114940081193, "tasa_ipm": 0.0273850604444092, "ingreso_percapita_promedio": 979518.96552884765, "capacidad_pago_promedio": 0.1711706012325977, "tamano_hogar_promedio": 3.1911789136143875, "gasto_educ_promedio": 291290.06272087869, "tasa_deficit_cuantitativo": 0.0050929432910315998, "tasa_deficit_cualitativo": 0.067327171623038404, "tasa_deficit_habitacional": 0.072420114914070105, "pct_estrato_1": 0.0, "pct_estrato_2": 0.0291557383026937, "pct_estrato_3": 0.9700897110744916, "pct_estrato_4": 0.0, "pct_estrato_5": 0.0, "pct_estrato_6": 0.0, "s0_localidad": 0.2741314328601635, "dist_transmilenio_m": 91.950360958844797, "dist_sitp_m": 50.253920639024123, "dist_parque_m": 80.329391356655293, "homicidios": 159.0, "lesiones_personales": 2500.0, "hurto_personas": 13897.0, "hurto_residencias": 1530.0, "hurto_automotores": 660.0, "hurto_bicicletas": 415.0, "hurto_comercio": 3902.0, "hurto_entidades": 942.0, "violencia_intrafam": 3177.0, "delitos_sexuales": 716.0, "pct_no_oficial": 57.85, "n_sedes_total": 121, "n_sedes_no_oficial": 70 }, "geometry": { "type": "Point", "coordinates": [ -74.108189999899679, 4.578989999754168 ] } },
{ "type": "Feature", "properties": { "DANE12_EST": "111001027383", "id_establecimiento": "111001027383", "nombre_establecimiento": "COLEGIO ALFREDO IRIARTE (IED)", "nombre_localidad": "Rafael Uribe Uribe", "codigo_upz": "54", "nombre_upz": "MARRUECOS", "estrato": "Estrato 2", "zona": "URBANA", "caracter_media": "Académico", "lon": -74.112079999727328, "lat": 4.5581000005663439, "codigo_localidad": "18", "q_j": 260.20666666666665, "puntaje_2023": 262.31, "punt_global_2020": 261.8, "punt_global_2022": 256.51, "matricula_total": 1996.0, "demanda_total": 2155.0, "sobre_demanda_j": 1.0796593186372745, "n_hogares_muestra": 2741.0, "poblacion_expandida": 120852.0000177, "tasa_pobreza_monetaria": 0.49944345543855168, "tasa_pobreza_extrema": 0.18920952651136089, "tasa_ipm": 0.088364740204845096, "ingreso_percapita_promedio": 604853.18142623524, "capacidad_pago_promedio": 0.54122891766723136, "tamano_hogar_promedio": 3.7974271980032239, "gasto_educ_promedio": 130604.77324336328, "tasa_deficit_cuantitativo": 0.0032705617982499999, "tasa_deficit_cualitativo": 0.1622393459763046, "tasa_deficit_habitacional": 0.1655099077745546, "pct_estrato_1": 0.084001441917495506, "pct_estrato_2": 0.83195167824508032, "pct_estrato_3": 0.084046879837423996, "pct_estrato_4": 0.0, "pct_estrato_5": 0.0, "pct_estrato_6": 0.0, "s0_localidad": 0.2741314328601635, "dist_transmilenio_m": 1086.5944415148469, "dist_sitp_m": 136.73579667312583, "dist_parque_m": 17.854699673126909, "homicidios": 159.0, "lesiones_personales": 2500.0, "hurto_personas": 13897.0, "hurto_residencias": 1530.0, "hurto_automotores": 660.0, "hurto_bicicletas": 415.0, "hurto_comercio": 3902.0, "hurto_entidades": 942.0, "violencia_intrafam": 3177.0, "delitos_sexuales": 716.0, "pct_no_oficial": 57.85, "n_sedes_total": 121, "n_sedes_no_oficial": 70 }, "geometry": { "type": "Point", "coordinates": [ -74.112079999727328, 4.558100000566344 ] } },
{ "type": "Feature", "properties": { "DANE12_EST": "111001027391", "id_establecimiento": "111001027391", "nombre_establecimiento": "COLEGIO MANUEL CEPEDA VARGAS (IED)", "nombre_localidad": "Kennedy", "codigo_upz": "81", "nombre_upz": "GRAN BRITALIA", "estrato": "Estrato 2", "zona": "URBANA", "caracter_media": "Académico", "lon": -74.177940000053908, "lat": 4.6165400002317929, "codigo_localidad": "08", "q_j": 253.79666666666671, "puntaje_2023": 259.28, "punt_global_2020": 254.43, "punt_global_2022": 247.68, "matricula_total": 5606.0, "demanda_total": 6074.0, "sobre_demanda_j": 1.0834819835890117, "n_hogares_muestra": 2381.0, "poblacion_expandida": 62532.000002100001, "tasa_pobreza_monetaria": 0.42257089620054689, "tasa_pobreza_extrema": 0.1110827996204619, "tasa_ipm": 0.062922965775408707, "ingreso_percapita_promedio": 679816.32936895674, "capacidad_pago_promedio": 0.41894009080023392, "tamano_hogar_promedio": 3.5394290578978311, "gasto_educ_promedio": 175746.67139168124, "tasa_deficit_cuantitativo": 0.0031220968607024, "tasa_deficit_cualitativo": 0.1647288881237457, "tasa_deficit_habitacional": 0.16785098498444809, "pct_estrato_1": 0.0053601105320274997, "pct_estrato_2": 0.97812244184171204, "pct_estrato_3": 0.016517447626260302, "pct_estrato_4": 0.0, "pct_estrato_5": 0.0, "pct_estrato_6": 0.0, "s0_localidad": 0.3719221758740453, "dist_transmilenio_m": 1526.9530766897635, "dist_sitp_m": 76.492206124494118, "dist_parque_m": 174.83746519948608, "homicidios": 277.0, "lesiones_personales": 5216.0, "hurto_personas": 45928.0, "hurto_residencias": 4574.0, "hurto_automotores": 2662.0, "hurto_bicicletas": 2842.0, "hurto_comercio": 11829.0, "hurto_entidades": 2994.0, "violencia_intrafam": 8341.0, "delitos_sexuales": 1353.0, "pct_no_oficial": 70.99, "n_sedes_total": 262, "n_sedes_no_oficial": 186 }, "geometry": { "type": "Point", "coordinates": [ -74.177940000053908, 4.616540000231793 ] } },
{ "type": "Feature", "properties": { "DANE12_EST": "111001027405", "id_establecimiento": "111001027405", "nombre_establecimiento": "COLEGIO JAIRO ANIBAL NIÑO (CED)", "nombre_localidad": "Kennedy", "codigo_upz": "82", "nombre_upz": "PATIO BONITO", "estrato": "Estrato 2", "zona": "URBANA", "caracter_media": "Sin información", "lon": -74.167059999693052, "lat": 4.636690000152706, "codigo_localidad": "08", "q_j": 250.0, "puntaje_2023": 265.81736842105255, "punt_global_2020": 259.0, "punt_global_2022": 266.0, "matricula_total": 1460.0, "demanda_total": 1658.0, "sobre_demanda_j": 1.1356164383561644, "n_hogares_muestra": 3134.0, "poblacion_expandida": 138658.00000200002, "tasa_pobreza_monetaria": 0.65856195701858433, "tasa_pobreza_extrema": 0.25231683026507928, "tasa_ipm": 0.12847925674496269, "ingreso_percapita_promedio": 447236.75948710123, "capacidad_pago_promedio": 0.64818821479397959, "tamano_hogar_promedio": 3.7817963159676062, "gasto_educ_promedio": 124887.69466509685, "tasa_deficit_cuantitativo": 0.026934634675576798, "tasa_deficit_cualitativo": 0.21986511244688561, "tasa_deficit_habitacional": 0.24679974712246239, "pct_estrato_1": 0.027288221256944498, "pct_estrato_2": 0.97223491680794139, "pct_estrato_3": 0.00047686193511399999, "pct_estrato_4": 0.0, "pct_estrato_5": 0.0, "pct_estrato_6": 0.0, "s0_localidad": 0.3719221758740453, "dist_transmilenio_m": 475.1637416418526, "dist_sitp_m": 160.45673804970619, "dist_parque_m": 44.480311763982613, "homicidios": 277.0, "lesiones_personales": 5216.0, "hurto_personas": 45928.0, "hurto_residencias": 4574.0, "hurto_automotores": 2662.0, "hurto_bicicletas": 2842.0, "hurto_comercio": 11829.0, "hurto_entidades": 2994.0, "violencia_intrafam": 8341.0, "delitos_sexuales": 1353.0, "pct_no_oficial": 70.99, "n_sedes_total": 262, "n_sedes_no_oficial": 186 }, "geometry": { "type": "Point", "coordinates": [ -74.167059999693052, 4.636690000152706 ] } },
{ "type": "Feature", "properties": { "DANE12_EST": "111001028258", "id_establecimiento": "111001028258", "nombre_establecimiento": "COLEGIO RAFAEL BERNAL JIMENEZ (IED)", "nombre_localidad": "Barrios Unidos", "codigo_upz": "22", "nombre_upz": "DOCE DE OCTUBRE", "estrato": "Estrato 3", "zona": "URBANA", "caracter_media": "Académico", "lon": -74.073500000219639, "lat": 4.671850000346021, "codigo_localidad": "12", "q_j": 270.23, "puntaje_2023": 268.85, "punt_global_2020": 273.44, "punt_global_2022": 268.4, "matricula_total": 1225.0, "demanda_total": 1285.0, "sobre_demanda_j": 1.0489795918367346, "n_hogares_muestra": null, "poblacion_expandida": 74446.604929941968, "tasa_pobreza_monetaria": 0.23072496045780833, "tasa_pobreza_extrema": 0.079258393366724966, "tasa_ipm": 0.028220843785622261, "ingreso_percapita_promedio": 1358958.7753575968, "capacidad_pago_promedio": 0.18019019776918685, "tamano_hogar_promedio": 3.2664766335392184, "gasto_educ_promedio": 364461.14204666897, "tasa_deficit_cuantitativo": 0.0034978286829445435, "tasa_deficit_cualitativo": 0.080764739361078766, "tasa_deficit_habitacional": 0.084262568044023406, "pct_estrato_1": 0.002959862698469273, "pct_estrato_2": 0.0022472942122517925, "pct_estrato_3": 0.85681069218515848, "pct_estrato_4": 0.12235048146939259, "pct_estrato_5": 0.015631669434727925, "pct_estrato_6": 0.0, "s0_localidad": 0.49401305949623742, "dist_transmilenio_m": 308.01207366497732, "dist_sitp_m": 225.30440307565067, "dist_parque_m": 53.757027667688448, "homicidios": 31.0, "lesiones_personales": 1214.0, "hurto_personas": 18587.0, "hurto_residencias": 1176.0, "hurto_automotores": 352.0, "hurto_bicicletas": 816.0, "hurto_comercio": 4973.0, "hurto_entidades": 320.0, "violencia_intrafam": 1281.0, "delitos_sexuales": 275.0, "pct_no_oficial": 61.9, "n_sedes_total": 63, "n_sedes_no_oficial": 39 }, "geometry": { "type": "Point", "coordinates": [ -74.073500000219639, 4.671850000346021 ] } },
{ "type": "Feature", "properties": { "DANE12_EST": "111001028266", "id_establecimiento": "111001028266", "nombre_establecimiento": "COLEGIO CIUDAD DE MONTREAL (IED)", "nombre_localidad": "Ciudad Bolivar", "codigo_upz": "67", "nombre_upz": "LUCERO", "estrato": "Estrato 2", "zona": "URBANA", "caracter_media": "Académico", "lon": -74.138130000309744, "lat": 4.5533899997692693, "codigo_localidad": "19", "q_j": 250.43333333333331, "puntaje_2023": 248.46, "punt_global_2020": 244.09, "punt_global_2022": 258.75, "matricula_total": 833.0, "demanda_total": 891.0, "sobre_demanda_j": 1.0696278511404562, "n_hogares_muestra": 2402.0, "poblacion_expandida": 161831.00001280001, "tasa_pobreza_monetaria": 0.7038631757592213, "tasa_pobreza_extrema": 0.29200637063703688, "tasa_ipm": 0.12833440894487039, "ingreso_percapita_promedio": 390100.43634986418, "capacidad_pago_promedio": 0.69990953908547293, "tamano_hogar_promedio": 3.7938052959151172, "gasto_educ_promedio": 94504.090399263441, "tasa_deficit_cuantitativo": 0.049540423591066397, "tasa_deficit_cualitativo": 0.26740798307417718, "tasa_deficit_habitacional": 0.31694840666524371, "pct_estrato_1": 0.72918739131913157, "pct_estrato_2": 0.25338518534370219, "pct_estrato_3": 0.0062719642164957004, "pct_estrato_4": 0.0, "pct_estrato_5": 0.0, "pct_estrato_6": 0.0, "s0_localidad": 0.24641727799438962, "dist_transmilenio_m": 1687.9235599608669, "dist_sitp_m": 138.29884244207477, "dist_parque_m": 185.53536942513881, "homicidios": 450.0, "lesiones_personales": 4378.0, "hurto_personas": 16269.0, "hurto_residencias": 1893.0, "hurto_automotores": 870.0, "hurto_bicicletas": 472.0, "hurto_comercio": 4561.0, "hurto_entidades": 1620.0, "violencia_intrafam": 8567.0, "delitos_sexuales": 1433.0, "pct_no_oficial": 44.59, "n_sedes_total": 148, "n_sedes_no_oficial": 66 }, "geometry": { "type": "Point", "coordinates": [ -74.138130000309744, 4.553389999769269 ] } },
{ "type": "Feature", "properties": { "DANE12_EST": "111001028380", "id_establecimiento": "111001028380", "nombre_establecimiento": "COLEGIO PALERMO SUR (CED)", "nombre_localidad": "Rafael Uribe Uribe", "codigo_upz": "55", "nombre_upz": "DIANA TURBAY", "estrato": "Estrato 2", "zona": "URBANA", "caracter_media": "Sin información", "lon": -74.109739999803281, "lat": 4.5431500001740579, "codigo_localidad": "18", "q_j": 255.69136752136748, "puntaje_2023": 258.19410256410259, "punt_global_2020": 253.99529411764706, "punt_global_2022": 254.44544117647061, "matricula_total": 1300.0, "demanda_total": 1366.0, "sobre_demanda_j": 1.0507692307692307, "n_hogares_muestra": 2431.0, "poblacion_expandida": 75394.000000699991, "tasa_pobreza_monetaria": 0.62391349514368877, "tasa_pobreza_extrema": 0.2314413282361725, "tasa_ipm": 0.12933088404129589, "ingreso_percapita_promedio": 475879.37762866321, "capacidad_pago_promedio": 0.50223154663300051, "tamano_hogar_promedio": 3.6859379607544351, "gasto_educ_promedio": 124946.7502659414, "tasa_deficit_cuantitativo": 0.017805050418966101, "tasa_deficit_cualitativo": 0.206111604975936, "tasa_deficit_habitacional": 0.22391665539490219, "pct_estrato_1": 0.29115658403183531, "pct_estrato_2": 0.70697889793359048, "pct_estrato_3": 0.0018645180345742999, "pct_estrato_4": 0.0, "pct_estrato_5": 0.0, "pct_estrato_6": 0.0, "s0_localidad": 0.2741314328601635, "dist_transmilenio_m": 1232.9457086679117, "dist_sitp_m": 17.939304235601867, "dist_parque_m": 71.522721054519764, "homicidios": 159.0, "lesiones_personales": 2500.0, "hurto_personas": 13897.0, "hurto_residencias": 1530.0, "hurto_automotores": 660.0, "hurto_bicicletas": 415.0, "hurto_comercio": 3902.0, "hurto_entidades": 942.0, "violencia_intrafam": 3177.0, "delitos_sexuales": 716.0, "pct_no_oficial": 57.85, "n_sedes_total": 121, "n_sedes_no_oficial": 70 }, "geometry": { "type": "Point", "coordinates": [ -74.109739999803281, 4.543150000174058 ] } },
{ "type": "Feature", "properties": { "DANE12_EST": "111001029114", "id_establecimiento": "111001029114", "nombre_establecimiento": "COLEGIO JACKELINE (IED)", "nombre_localidad": "Kennedy", "codigo_upz": "48", "nombre_upz": "TIMIZA", "estrato": "Estrato 2", "zona": "URBANA", "caracter_media": "Sin información", "lon": -74.162840000152528, "lat": 4.6089800000271071, "codigo_localidad": "08", "q_j": 261.92, "puntaje_2023": 266.54, "punt_global_2020": 254.35, "punt_global_2022": 264.87, "matricula_total": 1512.0, "demanda_total": 1630.0, "sobre_demanda_j": 1.0780423280423281, "n_hogares_muestra": 2432.0, "poblacion_expandida": 140406.00000220002, "tasa_pobreza_monetaria": 0.33929723211510571, "tasa_pobreza_extrema": 0.1338840227747066, "tasa_ipm": 0.031701365948251903, "ingreso_percapita_promedio": 896426.58366748167, "capacidad_pago_promedio": 0.27680396105573141, "tamano_hogar_promedio": 3.5291548518092943, "gasto_educ_promedio": 246574.67214119679, "tasa_deficit_cuantitativo": 0.0067183660739940998, "tasa_deficit_cualitativo": 0.093567534257041299, "tasa_deficit_habitacional": 0.1002859003310355, "pct_estrato_1": 0.011486510047823599, "pct_estrato_2": 0.27805809749432547, "pct_estrato_3": 0.71045539245785072, "pct_estrato_4": 0.0, "pct_estrato_5": 0.0, "pct_estrato_6": 0.0, "s0_localidad": 0.3719221758740453, "dist_transmilenio_m": 1485.7784996047428, "dist_sitp_m": 75.267825508126862, "dist_parque_m": 152.80553067429685, "homicidios": 277.0, "lesiones_personales": 5216.0, "hurto_personas": 45928.0, "hurto_residencias": 4574.0, "hurto_automotores": 2662.0, "hurto_bicicletas": 2842.0, "hurto_comercio": 11829.0, "hurto_entidades": 2994.0, "violencia_intrafam": 8341.0, "delitos_sexuales": 1353.0, "pct_no_oficial": 70.99, "n_sedes_total": 262, "n_sedes_no_oficial": 186 }, "geometry": { "type": "Point", "coordinates": [ -74.162840000152528, 4.608980000027107 ] } },
{ "type": "Feature", "properties": { "DANE12_EST": "111001029912", "id_establecimiento": "111001029912", "nombre_establecimiento": "COLEGIO JUAN FRANCISCO BERBEO (IED)", "nombre_localidad": "Barrios Unidos", "codigo_upz": "98", "nombre_upz": "LOS ALCAZARES", "estrato": "Estrato 3", "zona": "URBANA", "caracter_media": "Académico", "lon": -74.066870000434875, "lat": 4.6710400005037718, "codigo_localidad": "12", "q_j": 269.61666666666662, "puntaje_2023": 280.38, "punt_global_2020": 267.43, "punt_global_2022": 261.04, "matricula_total": 1097.0, "demanda_total": 1221.0, "sobre_demanda_j": 1.1130355515041022, "n_hogares_muestra": 2261.0, "poblacion_expandida": 43325.000000699998, "tasa_pobreza_monetaria": 0.195392019216693, "tasa_pobreza_extrema": 0.043478117783486703, "tasa_ipm": 0.0171271489714486, "ingreso_percapita_promedio": 1447423.36270404, "capacidad_pago_promedio": 0.14683346435077249, "tamano_hogar_promedio": 3.1018025559291118, "gasto_educ_promedio": 344089.13322693633, "tasa_deficit_cuantitativo": 0.0065729456109728003, "tasa_deficit_cualitativo": 0.075969832871248005, "tasa_deficit_habitacional": 0.082542778482220899, "pct_estrato_1": 0.0037395459687797001, "pct_estrato_2": 0.0, "pct_estrato_3": 0.87006451681917973, "pct_estrato_4": 0.12619593721204059, "pct_estrato_5": 0.0, "pct_estrato_6": 0.0, "s0_localidad": 0.49401305949623742, "dist_transmilenio_m": 297.01618513223571, "dist_sitp_m": 152.25838273171513, "dist_parque_m": 42.653378769597616, "homicidios": 31.0, "lesiones_personales": 1214.0, "hurto_personas": 18587.0, "hurto_residencias": 1176.0, "hurto_automotores": 352.0, "hurto_bicicletas": 816.0, "hurto_comercio": 4973.0, "hurto_entidades": 320.0, "violencia_intrafam": 1281.0, "delitos_sexuales": 275.0, "pct_no_oficial": 61.9, "n_sedes_total": 63, "n_sedes_no_oficial": 39 }, "geometry": { "type": "Point", "coordinates": [ -74.066870000434875, 4.671040000503772 ] } },
{ "type": "Feature", "properties": { "DANE12_EST": "111001029955", "id_establecimiento": "111001029955", "nombre_establecimiento": "COLEGIO AGUSTIN FERNANDEZ (IED)", "nombre_localidad": "Usaquen", "codigo_upz": "13", "nombre_upz": "LOS CEDROS", "estrato": "Sin estrato", "zona": "URBANA", "caracter_media": "Académico", "lon": -74.024099999727255, "lat": 4.7296499999709294, "codigo_localidad": "01", "q_j": 241.83666666666667, "puntaje_2023": 250.38, "punt_global_2020": 240.41, "punt_global_2022": 234.72, "matricula_total": 2155.0, "demanda_total": 2398.0, "sobre_demanda_j": 1.1127610208816705, "n_hogares_muestra": 2337.0, "poblacion_expandida": 131965.9999928, "tasa_pobreza_monetaria": 0.045036065471593098, "tasa_pobreza_extrema": 0.031391087665959501, "tasa_ipm": 0.0035858820955837999, "ingreso_percapita_promedio": 3477195.6876199478, "capacidad_pago_promedio": 0.0, "tamano_hogar_promedio": 2.7244936393238892, "gasto_educ_promedio": 1400990.2796963418, "tasa_deficit_cuantitativo": 0.0010051764636894, "tasa_deficit_cualitativo": 0.0051010739359890001, "tasa_deficit_habitacional": 0.0061062503996784003, "pct_estrato_1": 0.0, "pct_estrato_2": 0.0016135373081825001, "pct_estrato_3": 0.013501922248133701, "pct_estrato_4": 0.70713004519263567, "pct_estrato_5": 0.24940104998253859, "pct_estrato_6": 0.028353445268509601, "s0_localidad": 0.64146949244746554, "dist_transmilenio_m": 2838.0213047552197, "dist_sitp_m": 37.229114155602815, "dist_parque_m": 207.48668006739965, "homicidios": 93.0, "lesiones_personales": 1898.0, "hurto_personas": 34039.0, "hurto_residencias": 3332.0, "hurto_automotores": 363.0, "hurto_bicicletas": 1238.0, "hurto_comercio": 8366.0, "hurto_entidades": 408.0, "violencia_intrafam": 3095.0, "delitos_sexuales": 602.0, "pct_no_oficial": 78.79, "n_sedes_total": 132, "n_sedes_no_oficial": 104 }, "geometry": { "type": "Point", "coordinates": [ -74.024099999727255, 4.729649999970929 ] } },
{ "type": "Feature", "properties": { "DANE12_EST": "111001030015", "id_establecimiento": "111001030015", "nombre_establecimiento": "COLEGIO ENRIQUE OLAYA HERRERA (IED)", "nombre_localidad": "Rafael Uribe Uribe", "codigo_upz": "36", "nombre_upz": "SAN JOSE", "estrato": "Estrato 3", "zona": "URBANA", "caracter_media": "Académico", "lon": -74.101340000006886, "lat": 4.56851000012683, "codigo_localidad": "18", "q_j": 254.43, "puntaje_2023": 256.14, "punt_global_2020": 249.83, "punt_global_2022": 257.32, "matricula_total": 4491.0, "demanda_total": 4793.0, "sobre_demanda_j": 1.0672456023157426, "n_hogares_muestra": 2185.0, "poblacion_expandida": 48723.000006100003, "tasa_pobreza_monetaria": 0.3125623057897372, "tasa_pobreza_extrema": 0.1053114940081193, "tasa_ipm": 0.0273850604444092, "ingreso_percapita_promedio": 979518.96552884765, "capacidad_pago_promedio": 0.1711706012325977, "tamano_hogar_promedio": 3.1911789136143875, "gasto_educ_promedio": 291290.06272087869, "tasa_deficit_cuantitativo": 0.0050929432910315998, "tasa_deficit_cualitativo": 0.067327171623038404, "tasa_deficit_habitacional": 0.072420114914070105, "pct_estrato_1": 0.0, "pct_estrato_2": 0.0291557383026937, "pct_estrato_3": 0.9700897110744916, "pct_estrato_4": 0.0, "pct_estrato_5": 0.0, "pct_estrato_6": 0.0, "s0_localidad": 0.2741314328601635, "dist_transmilenio_m": 440.93206783490791, "dist_sitp_m": 103.20838584047533, "dist_parque_m": 102.36647012730828, "homicidios": 159.0, "lesiones_personales": 2500.0, "hurto_personas": 13897.0, "hurto_residencias": 1530.0, "hurto_automotores": 660.0, "hurto_bicicletas": 415.0, "hurto_comercio": 3902.0, "hurto_entidades": 942.0, "violencia_intrafam": 3177.0, "delitos_sexuales": 716.0, "pct_no_oficial": 57.85, "n_sedes_total": 121, "n_sedes_no_oficial": 70 }, "geometry": { "type": "Point", "coordinates": [ -74.101340000006886, 4.56851000012683 ] } },
{ "type": "Feature", "properties": { "DANE12_EST": "111001030066", "id_establecimiento": "111001030066", "nombre_establecimiento": "COLEGIO MANUELITA SAENZ (IED)", "nombre_localidad": "San Cristobal", "codigo_upz": "33", "nombre_upz": "SOSIEGO", "estrato": "Estrato 2", "zona": "URBANA", "caracter_media": "Académico", "lon": -74.085379999764868, "lat": 4.5713000000535233, "codigo_localidad": "04", "q_j": 260.66, "puntaje_2023": 262.73, "punt_global_2020": 263.06, "punt_global_2022": 256.19, "matricula_total": 2916.0, "demanda_total": 3141.0, "sobre_demanda_j": 1.0771604938271604, "n_hogares_muestra": 2142.0, "poblacion_expandida": 44028.000002000001, "tasa_pobreza_monetaria": 0.29226762931578681, "tasa_pobreza_extrema": 0.10489467919937789, "tasa_ipm": 0.038328641635398897, "ingreso_percapita_promedio": 1027486.805516976, "capacidad_pago_promedio": 0.1922017177186244, "tamano_hogar_promedio": 3.4907714279826121, "gasto_educ_promedio": 308150.27846045513, "tasa_deficit_cuantitativo": 0.0035378109383328998, "tasa_deficit_cualitativo": 0.084429080142889495, "tasa_deficit_habitacional": 0.087966891081222506, "pct_estrato_1": 0.0, "pct_estrato_2": 0.28442612877557799, "pct_estrato_3": 0.71557387122442206, "pct_estrato_4": 0.0, "pct_estrato_5": 0.0, "pct_estrato_6": 0.0, "s0_localidad": 0.24275340378588084, "dist_transmilenio_m": 1116.053760458286, "dist_sitp_m": 159.33706305865735, "dist_parque_m": 74.595747900784318, "homicidios": 113.0, "lesiones_personales": 2653.0, "hurto_personas": 11264.0, "hurto_residencias": 1302.0, "hurto_automotores": 438.0, "hurto_bicicletas": 251.0, "hurto_comercio": 3279.0, "hurto_entidades": 810.0, "violencia_intrafam": 4309.0, "delitos_sexuales": 811.0, "pct_no_oficial": 49.61, "n_sedes_total": 129, "n_sedes_no_oficial": 64 }, "geometry": { "type": "Point", "coordinates": [ -74.085379999764868, 4.571300000053523 ] } },
{ "type": "Feature", "properties": { "DANE12_EST": "111001030821", "id_establecimiento": "111001030821", "nombre_establecimiento": "COLEGIO SANTA BARBARA (IED)", "nombre_localidad": "Ciudad Bolivar", "codigo_upz": "67", "nombre_upz": "LUCERO", "estrato": "Estrato 1", "zona": "URBANA", "caracter_media": "Académico", "lon": -74.142919999762668, "lat": 4.5526100004361663, "codigo_localidad": "19", "q_j": 239.84333333333333, "puntaje_2023": 244.23, "punt_global_2020": 226.76, "punt_global_2022": 248.54, "matricula_total": 1431.0, "demanda_total": 1559.0, "sobre_demanda_j": 1.0894479385045424, "n_hogares_muestra": 2402.0, "poblacion_expandida": 161831.00001280001, "tasa_pobreza_monetaria": 0.7038631757592213, "tasa_pobreza_extrema": 0.29200637063703688, "tasa_ipm": 0.12833440894487039, "ingreso_percapita_promedio": 390100.43634986418, "capacidad_pago_promedio": 0.69990953908547293, "tamano_hogar_promedio": 3.7938052959151172, "gasto_educ_promedio": 94504.090399263441, "tasa_deficit_cuantitativo": 0.049540423591066397, "tasa_deficit_cualitativo": 0.26740798307417718, "tasa_deficit_habitacional": 0.31694840666524371, "pct_estrato_1": 0.72918739131913157, "pct_estrato_2": 0.25338518534370219, "pct_estrato_3": 0.0062719642164957004, "pct_estrato_4": 0.0, "pct_estrato_5": 0.0, "pct_estrato_6": 0.0, "s0_localidad": 0.24641727799438962, "dist_transmilenio_m": 1929.6293595657858, "dist_sitp_m": 35.811538604079423, "dist_parque_m": 242.59034459775145, "homicidios": 450.0, "lesiones_personales": 4378.0, "hurto_personas": 16269.0, "hurto_residencias": 1893.0, "hurto_automotores": 870.0, "hurto_bicicletas": 472.0, "hurto_comercio": 4561.0, "hurto_entidades": 1620.0, "violencia_intrafam": 8567.0, "delitos_sexuales": 1433.0, "pct_no_oficial": 44.59, "n_sedes_total": 148, "n_sedes_no_oficial": 66 }, "geometry": { "type": "Point", "coordinates": [ -74.142919999762668, 4.552610000436166 ] } },
{ "type": "Feature", "properties": { "DANE12_EST": "111001030830", "id_establecimiento": "111001030830", "nombre_establecimiento": "COLEGIO UNION EUROPEA (IED)", "nombre_localidad": "Ciudad Bolivar", "codigo_upz": "67", "nombre_upz": "LUCERO", "estrato": "Estrato 1", "zona": "URBANA", "caracter_media": "Académico", "lon": -74.141620000104311, "lat": 4.555840000256322, "codigo_localidad": "19", "q_j": 239.58, "puntaje_2023": 242.85, "punt_global_2020": 247.24, "punt_global_2022": 228.65, "matricula_total": 1977.0, "demanda_total": 2090.0, "sobre_demanda_j": 1.0571573090541224, "n_hogares_muestra": 2402.0, "poblacion_expandida": 161831.00001280001, "tasa_pobreza_monetaria": 0.7038631757592213, "tasa_pobreza_extrema": 0.29200637063703688, "tasa_ipm": 0.12833440894487039, "ingreso_percapita_promedio": 390100.43634986418, "capacidad_pago_promedio": 0.69990953908547293, "tamano_hogar_promedio": 3.7938052959151172, "gasto_educ_promedio": 94504.090399263441, "tasa_deficit_cuantitativo": 0.049540423591066397, "tasa_deficit_cualitativo": 0.26740798307417718, "tasa_deficit_habitacional": 0.31694840666524371, "pct_estrato_1": 0.72918739131913157, "pct_estrato_2": 0.25338518534370219, "pct_estrato_3": 0.0062719642164957004, "pct_estrato_4": 0.0, "pct_estrato_5": 0.0, "pct_estrato_6": 0.0, "s0_localidad": 0.24641727799438962, "dist_transmilenio_m": 1549.4793163850877, "dist_sitp_m": 138.41238259838775, "dist_parque_m": 45.032257718153822, "homicidios": 450.0, "lesiones_personales": 4378.0, "hurto_personas": 16269.0, "hurto_residencias": 1893.0, "hurto_automotores": 870.0, "hurto_bicicletas": 472.0, "hurto_comercio": 4561.0, "hurto_entidades": 1620.0, "violencia_intrafam": 8567.0, "delitos_sexuales": 1433.0, "pct_no_oficial": 44.59, "n_sedes_total": 148, "n_sedes_no_oficial": 66 }, "geometry": { "type": "Point", "coordinates": [ -74.141620000104311, 4.555840000256322 ] } },
{ "type": "Feature", "properties": { "DANE12_EST": "111001030848", "id_establecimiento": "111001030848", "nombre_establecimiento": "COLEGIO ARBORIZADORA BAJA (IED)", "nombre_localidad": "Ciudad Bolivar", "codigo_upz": "65", "nombre_upz": "ARBORIZADORA", "estrato": "Estrato 2", "zona": "URBANA", "caracter_media": "Académico", "lon": -74.152529999704072, "lat": 4.5748500000849459, "codigo_localidad": "19", "q_j": 253.95666666666668, "puntaje_2023": 260.49, "punt_global_2020": 250.15, "punt_global_2022": 251.23, "matricula_total": 2402.0, "demanda_total": 2608.0, "sobre_demanda_j": 1.0857618651124064, "n_hogares_muestra": 2418.0, "poblacion_expandida": 83274.999997599996, "tasa_pobreza_monetaria": 0.2812693059786856, "tasa_pobreza_extrema": 0.075905701257065999, "tasa_ipm": 0.030126392984356602, "ingreso_percapita_promedio": 993465.718329111, "capacidad_pago_promedio": 0.25161721027563949, "tamano_hogar_promedio": 3.6475263277244561, "gasto_educ_promedio": 280370.26319582987, "tasa_deficit_cuantitativo": 0.0065503031043617002, "tasa_deficit_cualitativo": 0.089042463830846005, "tasa_deficit_habitacional": 0.095592766935207699, "pct_estrato_1": 0.0136858269220395, "pct_estrato_2": 0.5267731856807476, "pct_estrato_3": 0.45750244429538289, "pct_estrato_4": 0.0020385431018298998, "pct_estrato_5": 0.0, "pct_estrato_6": 0.0, "s0_localidad": 0.24641727799438962, "dist_transmilenio_m": 1585.6852870299535, "dist_sitp_m": 127.40925529948606, "dist_parque_m": 98.098610038855938, "homicidios": 450.0, "lesiones_personales": 4378.0, "hurto_personas": 16269.0, "hurto_residencias": 1893.0, "hurto_automotores": 870.0, "hurto_bicicletas": 472.0, "hurto_comercio": 4561.0, "hurto_entidades": 1620.0, "violencia_intrafam": 8567.0, "delitos_sexuales": 1433.0, "pct_no_oficial": 44.59, "n_sedes_total": 148, "n_sedes_no_oficial": 66 }, "geometry": { "type": "Point", "coordinates": [ -74.152529999704072, 4.574850000084946 ] } },
{ "type": "Feature", "properties": { "DANE12_EST": "111001030856", "id_establecimiento": "111001030856", "nombre_establecimiento": "COLEGIO PANAMERICANO (IED)", "nombre_localidad": "Los Martires", "codigo_upz": "102", "nombre_upz": "LA SABANA", "estrato": "Estrato 3", "zona": "URBANA", "caracter_media": "Académico", "lon": -74.078810000254563, "lat": 4.623040000517844, "codigo_localidad": "14", "q_j": 232.43333333333337, "puntaje_2023": 243.46, "punt_global_2020": 221.26, "punt_global_2022": 232.58, "matricula_total": 967.0, "demanda_total": 1552.0, "sobre_demanda_j": 1.6049638055842812, "n_hogares_muestra": 2165.0, "poblacion_expandida": 39295.0, "tasa_pobreza_monetaria": 0.4324740129100394, "tasa_pobreza_extrema": 0.15802023246977981, "tasa_ipm": 0.1044810492250922, "ingreso_percapita_promedio": 862033.76063762535, "capacidad_pago_promedio": 0.37523970039699711, "tamano_hogar_promedio": 3.3343614745591039, "gasto_educ_promedio": 238742.41054684692, "tasa_deficit_cuantitativo": 0.026789190041989999, "tasa_deficit_cualitativo": 0.21042827307291001, "tasa_deficit_habitacional": 0.23721746311490011, "pct_estrato_1": 0.0017800902913855999, "pct_estrato_2": 0.2632160191322051, "pct_estrato_3": 0.64924484154218087, "pct_estrato_4": 0.083260119806591107, "pct_estrato_5": 0.0, "pct_estrato_6": 0.0, "s0_localidad": 0.38962747752475235, "dist_transmilenio_m": 366.47323008627956, "dist_sitp_m": 182.97608642883691, "dist_parque_m": 207.79679106289564, "homicidios": 125.0, "lesiones_personales": 1566.0, "hurto_personas": 18260.0, "hurto_residencias": 709.0, "hurto_automotores": 275.0, "hurto_bicicletas": 493.0, "hurto_comercio": 4878.0, "hurto_entidades": 317.0, "violencia_intrafam": 1250.0, "delitos_sexuales": 516.0, "pct_no_oficial": 58.33, "n_sedes_total": 36, "n_sedes_no_oficial": 21 }, "geometry": { "type": "Point", "coordinates": [ -74.078810000254563, 4.623040000517844 ] } },
{ "type": "Feature", "properties": { "DANE12_EST": "111001030864", "id_establecimiento": "111001030864", "nombre_establecimiento": "COLEGIO ALEMANIA UNIFICADA (IED)", "nombre_localidad": "San Cristobal", "codigo_upz": "50", "nombre_upz": "LA GLORIA", "estrato": "Sin estrato", "zona": "URBANA", "caracter_media": "Académico", "lon": -74.095070000072212, "lat": 4.5558800003156232, "codigo_localidad": "04", "q_j": 225.94, "puntaje_2023": 228.95, "punt_global_2020": 222.76, "punt_global_2022": 226.11, "matricula_total": 978.0, "demanda_total": 1098.0, "sobre_demanda_j": 1.1226993865030674, "n_hogares_muestra": 2500.0, "poblacion_expandida": 96156.000003299996, "tasa_pobreza_monetaria": 0.52211849174442582, "tasa_pobreza_extrema": 0.1745577883889092, "tasa_ipm": 0.063078607524146596, "ingreso_percapita_promedio": 557986.08365625329, "capacidad_pago_promedio": 0.54539218974063186, "tamano_hogar_promedio": 3.6158040380940122, "gasto_educ_promedio": 150029.19056531519, "tasa_deficit_cuantitativo": 0.0079722719307550993, "tasa_deficit_cualitativo": 0.2070523211616199, "tasa_deficit_habitacional": 0.21502459309237509, "pct_estrato_1": 0.035853985153102001, "pct_estrato_2": 0.96414601484689799, "pct_estrato_3": 0.0, "pct_estrato_4": 0.0, "pct_estrato_5": 0.0, "pct_estrato_6": 0.0, "s0_localidad": 0.24275340378588084, "dist_transmilenio_m": 1114.8489701113576, "dist_sitp_m": 60.723609162876826, "dist_parque_m": 73.673124409255792, "homicidios": 113.0, "lesiones_personales": 2653.0, "hurto_personas": 11264.0, "hurto_residencias": 1302.0, "hurto_automotores": 438.0, "hurto_bicicletas": 251.0, "hurto_comercio": 3279.0, "hurto_entidades": 810.0, "violencia_intrafam": 4309.0, "delitos_sexuales": 811.0, "pct_no_oficial": 49.61, "n_sedes_total": 129, "n_sedes_no_oficial": 64 }, "geometry": { "type": "Point", "coordinates": [ -74.095070000072212, 4.555880000315623 ] } },
{ "type": "Feature", "properties": { "DANE12_EST": "111001030872", "id_establecimiento": "111001030872", "nombre_establecimiento": "COLEGIO ESTANISLAO ZULETA (IED)", "nombre_localidad": "Usme", "codigo_upz": "59", "nombre_upz": "ALFONSO LOPEZ", "estrato": "Estrato 1", "zona": "URBANA", "caracter_media": "Académico", "lon": -74.100509999803478, "lat": 4.4984999997740536, "codigo_localidad": "05", "q_j": 249.9, "puntaje_2023": 248.6, "punt_global_2020": 253.6, "punt_global_2022": 247.5, "matricula_total": 1925.0, "demanda_total": 2070.0, "sobre_demanda_j": 1.0753246753246752, "n_hogares_muestra": null, "poblacion_expandida": 102648.77777780002, "tasa_pobreza_monetaria": 0.56541677788234168, "tasa_pobreza_extrema": 0.17824223581491067, "tasa_ipm": 0.099106588390316191, "ingreso_percapita_promedio": 519668.94516805676, "capacidad_pago_promedio": 0.61364501238407043, "tamano_hogar_promedio": 3.7430226758872553, "gasto_educ_promedio": 101303.83167064027, "tasa_deficit_cuantitativo": 0.028736812300738337, "tasa_deficit_cualitativo": 0.17741971919269112, "tasa_deficit_habitacional": 0.20615653149342952, "pct_estrato_1": 0.40330414038880225, "pct_estrato_2": 0.58762739657882668, "pct_estrato_3": 0.0032972826254603111, "pct_estrato_4": 0.0, "pct_estrato_5": 0.0, "pct_estrato_6": 0.0, "s0_localidad": 0.18065503357765311, "dist_transmilenio_m": 4245.1001526921282, "dist_sitp_m": 128.37190089379968, "dist_parque_m": 77.529341727056604, "homicidios": 171.0, "lesiones_personales": 2562.0, "hurto_personas": 8404.0, "hurto_residencias": 1452.0, "hurto_automotores": 311.0, "hurto_bicicletas": 146.0, "hurto_comercio": 2308.0, "hurto_entidades": 623.0, "violencia_intrafam": 3963.0, "delitos_sexuales": 923.0, "pct_no_oficial": 33.03, "n_sedes_total": 109, "n_sedes_no_oficial": 36 }, "geometry": { "type": "Point", "coordinates": [ -74.100509999803478, 4.498499999774054 ] } },
{ "type": "Feature", "properties": { "DANE12_EST": "111001032255", "id_establecimiento": "111001032255", "nombre_establecimiento": "COLEGIO TOMAS CARRASQUILLA (IED)", "nombre_localidad": "Barrios Unidos", "codigo_upz": "22", "nombre_upz": "DOCE DE OCTUBRE", "estrato": "Sin estrato", "zona": "URBANA", "caracter_media": "Técnico", "lon": -74.08055000012898, "lat": 4.6759600000770281, "codigo_localidad": "12", "q_j": 255.34666666666666, "puntaje_2023": 253.08, "punt_global_2020": 257.65, "punt_global_2022": 255.31, "matricula_total": 1526.0, "demanda_total": 1628.0, "sobre_demanda_j": 1.0668414154652688, "n_hogares_muestra": null, "poblacion_expandida": 82013.28923618712, "tasa_pobreza_monetaria": 0.2418136308707062, "tasa_pobreza_extrema": 0.085484123582615923, "tasa_ipm": 0.030650745307047384, "ingreso_percapita_promedio": 1309578.0871649983, "capacidad_pago_promedio": 0.19268477664352096, "tamano_hogar_promedio": 3.2955335442349605, "gasto_educ_promedio": 351065.82750052947, "tasa_deficit_cuantitativo": 0.0028797676942196736, "tasa_deficit_cualitativo": 0.084628870342711285, "tasa_deficit_habitacional": 0.087508638036931069, "pct_estrato_1": 0.0028405419116125093, "pct_estrato_2": 0.0026019084001646232, "pct_estrato_3": 0.8781280529293104, "pct_estrato_4": 0.10526401859124965, "pct_estrato_5": 0.011165478167662805, "pct_estrato_6": 0.0, "s0_localidad": 0.49401305949623742, "dist_transmilenio_m": 736.61099230830075, "dist_sitp_m": 183.75411413072439, "dist_parque_m": 373.14407216200988, "homicidios": 31.0, "lesiones_personales": 1214.0, "hurto_personas": 18587.0, "hurto_residencias": 1176.0, "hurto_automotores": 352.0, "hurto_bicicletas": 816.0, "hurto_comercio": 4973.0, "hurto_entidades": 320.0, "violencia_intrafam": 1281.0, "delitos_sexuales": 275.0, "pct_no_oficial": 61.9, "n_sedes_total": 63, "n_sedes_no_oficial": 39 }, "geometry": { "type": "Point", "coordinates": [ -74.08055000012898, 4.675960000077028 ] } },
{ "type": "Feature", "properties": { "DANE12_EST": "111001032280", "id_establecimiento": "111001032280", "nombre_establecimiento": "COLEGIO TECNICO TOMAS RUEDA VARGAS (IED)", "nombre_localidad": "San Cristobal", "codigo_upz": "34", "nombre_upz": "20 DE JULIO", "estrato": "Estrato 2", "zona": "URBANA", "caracter_media": "Técnico", "lon": -74.087070000308898, "lat": 4.5651700001213769, "codigo_localidad": "04", "q_j": 245.22333333333333, "puntaje_2023": 250.0, "punt_global_2020": 245.25, "punt_global_2022": 240.42, "matricula_total": 1473.0, "demanda_total": 1540.0, "sobre_demanda_j": 1.0454854039375425, "n_hogares_muestra": 2665.0, "poblacion_expandida": 80466.000000300002, "tasa_pobreza_monetaria": 0.43638192772685458, "tasa_pobreza_extrema": 0.13742584082294099, "tasa_ipm": 0.055464445627760303, "ingreso_percapita_promedio": 664284.91079455626, "capacidad_pago_promedio": 0.4244786661940777, "tamano_hogar_promedio": 3.7802722077283062, "gasto_educ_promedio": 225987.00528337804, "tasa_deficit_cuantitativo": 0.0122805236733069, "tasa_deficit_cualitativo": 0.1420960154805429, "tasa_deficit_habitacional": 0.15437653915384991, "pct_estrato_1": 0.0010078821912322001, "pct_estrato_2": 0.68787336744207039, "pct_estrato_3": 0.31111875036669723, "pct_estrato_4": 0.0, "pct_estrato_5": 0.0, "pct_estrato_6": 0.0, "s0_localidad": 0.24275340378588084, "dist_transmilenio_m": 1103.2786326827627, "dist_sitp_m": 38.042314371167983, "dist_parque_m": 235.23204265342738, "homicidios": 113.0, "lesiones_personales": 2653.0, "hurto_personas": 11264.0, "hurto_residencias": 1302.0, "hurto_automotores": 438.0, "hurto_bicicletas": 251.0, "hurto_comercio": 3279.0, "hurto_entidades": 810.0, "violencia_intrafam": 4309.0, "delitos_sexuales": 811.0, "pct_no_oficial": 49.61, "n_sedes_total": 129, "n_sedes_no_oficial": 64 }, "geometry": { "type": "Point", "coordinates": [ -74.087070000308898, 4.565170000121377 ] } },
{ "type": "Feature", "properties": { "DANE12_EST": "111001032395", "id_establecimiento": "111001032395", "nombre_establecimiento": "COLEGIO REPUBLICA EE.UU. DE AMERICA (IED)", "nombre_localidad": "Rafael Uribe Uribe", "codigo_upz": "39", "nombre_upz": "QUIROGA", "estrato": "Estrato 3", "zona": "URBANA", "caracter_media": "Académico", "lon": -74.105290000108994, "lat": 4.5842900001735085, "codigo_localidad": "18", "q_j": 273.88333333333333, "puntaje_2023": 290.77, "punt_global_2020": 247.91, "punt_global_2022": 282.97, "matricula_total": 628.0, "demanda_total": 662.0, "sobre_demanda_j": 1.0541401273885351, "n_hogares_muestra": 2265.0, "poblacion_expandida": 92517.999998500018, "tasa_pobreza_monetaria": 0.44988045527761961, "tasa_pobreza_extrema": 0.1716353320008803, "tasa_ipm": 0.059948505752285101, "ingreso_percapita_promedio": 843427.0634521615, "capacidad_pago_promedio": 0.34561052227694511, "tamano_hogar_promedio": 3.2499598998916417, "gasto_educ_promedio": 230991.5177320262, "tasa_deficit_cuantitativo": 0.0065383441785360997, "tasa_deficit_cualitativo": 0.14873644958951879, "tasa_deficit_habitacional": 0.15527479376805489, "pct_estrato_1": 0.0017364461694222, "pct_estrato_2": 0.0014887309280597, "pct_estrato_3": 0.99630058644906339, "pct_estrato_4": 0.0, "pct_estrato_5": 0.0, "pct_estrato_6": 0.0, "s0_localidad": 0.2741314328601635, "dist_transmilenio_m": 506.78561743333285, "dist_sitp_m": 60.342867176449708, "dist_parque_m": 10.466813613605268, "homicidios": 159.0, "lesiones_personales": 2500.0, "hurto_personas": 13897.0, "hurto_residencias": 1530.0, "hurto_automotores": 660.0, "hurto_bicicletas": 415.0, "hurto_comercio": 3902.0, "hurto_entidades": 942.0, "violencia_intrafam": 3177.0, "delitos_sexuales": 716.0, "pct_no_oficial": 57.85, "n_sedes_total": 121, "n_sedes_no_oficial": 70 }, "geometry": { "type": "Point", "coordinates": [ -74.105290000108994, 4.584290000173509 ] } },
{ "type": "Feature", "properties": { "DANE12_EST": "111001032409", "id_establecimiento": "111001032409", "nombre_establecimiento": "COLEGIO JORGE SOTO DEL CORRAL (IED)", "nombre_localidad": "Santa Fe", "codigo_upz": "96", "nombre_upz": "LOURDES", "estrato": "Estrato 2", "zona": "URBANA", "caracter_media": "Académico", "lon": -74.073389999716468, "lat": 4.5877400004876288, "codigo_localidad": "03", "q_j": 236.58333333333334, "puntaje_2023": 230.77, "punt_global_2020": 244.36, "punt_global_2022": 234.62, "matricula_total": 1083.0, "demanda_total": 1331.0, "sobre_demanda_j": 1.2289935364727609, "n_hogares_muestra": 2421.0, "poblacion_expandida": 45301.999997400002, "tasa_pobreza_monetaria": 0.68931467384645762, "tasa_pobreza_extrema": 0.33370125884436941, "tasa_ipm": 0.1526662636240548, "ingreso_percapita_promedio": 441254.99481158704, "capacidad_pago_promedio": 0.63684681857657055, "tamano_hogar_promedio": 4.1194866346366759, "gasto_educ_promedio": 109937.89935469594, "tasa_deficit_cuantitativo": 0.091051562761836805, "tasa_deficit_cualitativo": 0.25185532452109899, "tasa_deficit_habitacional": 0.34290688728293578, "pct_estrato_1": 0.089708625147526394, "pct_estrato_2": 0.86622407714344141, "pct_estrato_3": 0.0030761707343604002, "pct_estrato_4": 0.0, "pct_estrato_5": 0.0, "pct_estrato_6": 0.0, "s0_localidad": 0.26720847821961147, "dist_transmilenio_m": 1167.8979312282327, "dist_sitp_m": 122.11702070602317, "dist_parque_m": 42.163409912456245, "homicidios": 113.0, "lesiones_personales": 1683.0, "hurto_personas": 25139.0, "hurto_residencias": 580.0, "hurto_automotores": 128.0, "hurto_bicicletas": 443.0, "hurto_comercio": 7043.0, "hurto_entidades": 180.0, "violencia_intrafam": 1602.0, "delitos_sexuales": 514.0, "pct_no_oficial": 44.83, "n_sedes_total": 29, "n_sedes_no_oficial": 13 }, "geometry": { "type": "Point", "coordinates": [ -74.073389999716468, 4.587740000487629 ] } },
{ "type": "Feature", "properties": { "DANE12_EST": "111001032433", "id_establecimiento": "111001032433", "nombre_establecimiento": "COLEGIO REPUBLICA DEL ECUADOR (IED)", "nombre_localidad": "San Cristobal", "codigo_upz": "33", "nombre_upz": "SOSIEGO", "estrato": "Estrato 2", "zona": "URBANA", "caracter_media": "Académico", "lon": -74.080279999792225, "lat": 4.5769200002266075, "codigo_localidad": "04", "q_j": 250.16, "puntaje_2023": 243.46, "punt_global_2020": 259.9, "punt_global_2022": 247.12, "matricula_total": 904.0, "demanda_total": 987.0, "sobre_demanda_j": 1.0918141592920354, "n_hogares_muestra": 2142.0, "poblacion_expandida": 44028.000002000001, "tasa_pobreza_monetaria": 0.29226762931578681, "tasa_pobreza_extrema": 0.10489467919937789, "tasa_ipm": 0.038328641635398897, "ingreso_percapita_promedio": 1027486.805516976, "capacidad_pago_promedio": 0.1922017177186244, "tamano_hogar_promedio": 3.4907714279826121, "gasto_educ_promedio": 308150.27846045513, "tasa_deficit_cuantitativo": 0.0035378109383328998, "tasa_deficit_cualitativo": 0.084429080142889495, "tasa_deficit_habitacional": 0.087966891081222506, "pct_estrato_1": 0.0, "pct_estrato_2": 0.28442612877557799, "pct_estrato_3": 0.71557387122442206, "pct_estrato_4": 0.0, "pct_estrato_5": 0.0, "pct_estrato_6": 0.0, "s0_localidad": 0.24275340378588084, "dist_transmilenio_m": 1228.9852302682568, "dist_sitp_m": 33.312836167750767, "dist_parque_m": 88.844779461173331, "homicidios": 113.0, "lesiones_personales": 2653.0, "hurto_personas": 11264.0, "hurto_residencias": 1302.0, "hurto_automotores": 438.0, "hurto_bicicletas": 251.0, "hurto_comercio": 3279.0, "hurto_entidades": 810.0, "violencia_intrafam": 4309.0, "delitos_sexuales": 811.0, "pct_no_oficial": 49.61, "n_sedes_total": 129, "n_sedes_no_oficial": 64 }, "geometry": { "type": "Point", "coordinates": [ -74.080279999792225, 4.576920000226607 ] } },
{ "type": "Feature", "properties": { "DANE12_EST": "111001032450", "id_establecimiento": "111001032450", "nombre_establecimiento": "COLEGIO BERNARDO JARAMILLO (IED)", "nombre_localidad": "Tunjuelito", "codigo_upz": "42", "nombre_upz": "VENECIA", "estrato": "Estrato 3", "zona": "URBANA", "caracter_media": "Académico", "lon": -74.12652000020293, "lat": 4.5713000000535233, "codigo_localidad": "06", "q_j": 251.42333333333332, "puntaje_2023": 256.54, "punt_global_2020": 243.97, "punt_global_2022": 253.76, "matricula_total": 1812.0, "demanda_total": 1936.0, "sobre_demanda_j": 1.0684326710816776, "n_hogares_muestra": 2196.0, "poblacion_expandida": 139490.00000639999, "tasa_pobreza_monetaria": 0.3456416416631149, "tasa_pobreza_extrema": 0.1503118512921213, "tasa_ipm": 0.036363872199206101, "ingreso_percapita_promedio": 842886.87202135962, "capacidad_pago_promedio": 0.25434746722540807, "tamano_hogar_promedio": 3.1588579415756208, "gasto_educ_promedio": 260612.53234385408, "tasa_deficit_cuantitativo": 0.0054515723698122, "tasa_deficit_cualitativo": 0.13446758352454949, "tasa_deficit_habitacional": 0.13991915589436171, "pct_estrato_1": 0.0, "pct_estrato_2": 0.54682567130475535, "pct_estrato_3": 0.45317432869524471, "pct_estrato_4": 0.0, "pct_estrato_5": 0.0, "pct_estrato_6": 0.0, "s0_localidad": 0.24596233549441804, "dist_transmilenio_m": 204.12084452110943, "dist_sitp_m": 157.91656445416356, "dist_parque_m": 133.74965763240991, "homicidios": 67.0, "lesiones_personales": 1311.0, "hurto_personas": 8872.0, "hurto_residencias": 687.0, "hurto_automotores": 293.0, "hurto_bicicletas": 367.0, "hurto_comercio": 2403.0, "hurto_entidades": 312.0, "violencia_intrafam": 1641.0, "delitos_sexuales": 328.0, "pct_no_oficial": 64.29, "n_sedes_total": 70, "n_sedes_no_oficial": 45 }, "geometry": { "type": "Point", "coordinates": [ -74.12652000020293, 4.571300000053523 ] } },
{ "type": "Feature", "properties": { "DANE12_EST": "111001033898", "id_establecimiento": "111001033898", "nombre_establecimiento": "COLEGIO MANUEL ZAPATA OLIVELLA (IED)", "nombre_localidad": "Kennedy", "codigo_upz": "82", "nombre_upz": "PATIO BONITO", "estrato": "Estrato 2", "zona": "URBANA", "caracter_media": "Académico", "lon": -74.160310000257695, "lat": 4.6405300004476731, "codigo_localidad": "08", "q_j": 257.38333333333338, "puntaje_2023": 259.43, "punt_global_2020": 254.29, "punt_global_2022": 258.43, "matricula_total": 2005.0, "demanda_total": 2213.0, "sobre_demanda_j": 1.1037406483790524, "n_hogares_muestra": 3134.0, "poblacion_expandida": 138658.00000200002, "tasa_pobreza_monetaria": 0.65856195701858433, "tasa_pobreza_extrema": 0.25231683026507928, "tasa_ipm": 0.12847925674496269, "ingreso_percapita_promedio": 447236.75948710123, "capacidad_pago_promedio": 0.64818821479397959, "tamano_hogar_promedio": 3.7817963159676062, "gasto_educ_promedio": 124887.69466509685, "tasa_deficit_cuantitativo": 0.026934634675576798, "tasa_deficit_cualitativo": 0.21986511244688561, "tasa_deficit_habitacional": 0.24679974712246239, "pct_estrato_1": 0.027288221256944498, "pct_estrato_2": 0.97223491680794139, "pct_estrato_3": 0.00047686193511399999, "pct_estrato_4": 0.0, "pct_estrato_5": 0.0, "pct_estrato_6": 0.0, "s0_localidad": 0.3719221758740453, "dist_transmilenio_m": 310.28891073846609, "dist_sitp_m": 77.597824202841821, "dist_parque_m": 47.913296028189194, "homicidios": 277.0, "lesiones_personales": 5216.0, "hurto_personas": 45928.0, "hurto_residencias": 4574.0, "hurto_automotores": 2662.0, "hurto_bicicletas": 2842.0, "hurto_comercio": 11829.0, "hurto_entidades": 2994.0, "violencia_intrafam": 8341.0, "delitos_sexuales": 1353.0, "pct_no_oficial": 70.99, "n_sedes_total": 262, "n_sedes_no_oficial": 186 }, "geometry": { "type": "Point", "coordinates": [ -74.160310000257695, 4.640530000447673 ] } },
{ "type": "Feature", "properties": { "DANE12_EST": "111001033928", "id_establecimiento": "111001033928", "nombre_establecimiento": "COLEGIO EL TESORO DE LA CUMBRE (IED)", "nombre_localidad": "Ciudad Bolivar", "codigo_upz": "67", "nombre_upz": "LUCERO", "estrato": "Estrato 1", "zona": "URBANA", "caracter_media": "Sin información", "lon": -74.149039999909519, "lat": 4.5389099997125788, "codigo_localidad": "19", "q_j": 246.11794871794871, "puntaje_2023": 251.42153846153846, "punt_global_2020": 243.57153846153849, "punt_global_2022": 243.36076923076919, "matricula_total": 2005.0, "demanda_total": 2153.0, "sobre_demanda_j": 1.0738154613466335, "n_hogares_muestra": 2402.0, "poblacion_expandida": 161831.00001280001, "tasa_pobreza_monetaria": 0.7038631757592213, "tasa_pobreza_extrema": 0.29200637063703688, "tasa_ipm": 0.12833440894487039, "ingreso_percapita_promedio": 390100.43634986418, "capacidad_pago_promedio": 0.69990953908547293, "tamano_hogar_promedio": 3.7938052959151172, "gasto_educ_promedio": 94504.090399263441, "tasa_deficit_cuantitativo": 0.049540423591066397, "tasa_deficit_cualitativo": 0.26740798307417718, "tasa_deficit_habitacional": 0.31694840666524371, "pct_estrato_1": 0.72918739131913157, "pct_estrato_2": 0.25338518534370219, "pct_estrato_3": 0.0062719642164957004, "pct_estrato_4": 0.0, "pct_estrato_5": 0.0, "pct_estrato_6": 0.0, "s0_localidad": 0.24641727799438962, "dist_transmilenio_m": 3168.7898610508182, "dist_sitp_m": 75.152163852031507, "dist_parque_m": 26.282790452744464, "homicidios": 450.0, "lesiones_personales": 4378.0, "hurto_personas": 16269.0, "hurto_residencias": 1893.0, "hurto_automotores": 870.0, "hurto_bicicletas": 472.0, "hurto_comercio": 4561.0, "hurto_entidades": 1620.0, "violencia_intrafam": 8567.0, "delitos_sexuales": 1433.0, "pct_no_oficial": 44.59, "n_sedes_total": 148, "n_sedes_no_oficial": 66 }, "geometry": { "type": "Point", "coordinates": [ -74.149039999909519, 4.538909999712579 ] } },
{ "type": "Feature", "properties": { "DANE12_EST": "111001033979", "id_establecimiento": "111001033979", "nombre_establecimiento": "COLEGIO GARCES NAVAS (IED)", "nombre_localidad": "Engativa", "codigo_upz": "73", "nombre_upz": "GARCES NAVAS", "estrato": "Estrato 3", "zona": "URBANA", "caracter_media": "Académico", "lon": -74.117199999791453, "lat": 4.7104200003731824, "codigo_localidad": "10", "q_j": 258.59666666666664, "puntaje_2023": 260.06, "punt_global_2020": 257.2, "punt_global_2022": 258.53, "matricula_total": 1904.0, "demanda_total": 2118.0, "sobre_demanda_j": 1.1123949579831933, "n_hogares_muestra": 2364.0, "poblacion_expandida": 167506.00000110001, "tasa_pobreza_monetaria": 0.22196427952584291, "tasa_pobreza_extrema": 0.075772470046545401, "tasa_ipm": 0.030551244534920498, "ingreso_percapita_promedio": 1231332.3061936938, "capacidad_pago_promedio": 0.1792359084671763, "tamano_hogar_promedio": 3.4970780660695926, "gasto_educ_promedio": 398876.46195647382, "tasa_deficit_cuantitativo": 0.0047428715329288001, "tasa_deficit_cualitativo": 0.093925001247099696, "tasa_deficit_habitacional": 0.098667872780028504, "pct_estrato_1": 0.0056796068421055999, "pct_estrato_2": 0.19212094725018, "pct_estrato_3": 0.70828178535467923, "pct_estrato_4": 0.093917660553035007, "pct_estrato_5": 0.0, "pct_estrato_6": 0.0, "s0_localidad": 0.45908732785239414, "dist_transmilenio_m": 744.69576388599398, "dist_sitp_m": 109.90478924345538, "dist_parque_m": 60.697086054010711, "homicidios": 114.0, "lesiones_personales": 3260.0, "hurto_personas": 44584.0, "hurto_residencias": 4694.0, "hurto_automotores": 1548.0, "hurto_bicicletas": 2840.0, "hurto_comercio": 11724.0, "hurto_entidades": 1616.0, "violencia_intrafam": 6497.0, "delitos_sexuales": 1001.0, "pct_no_oficial": 73.15, "n_sedes_total": 257, "n_sedes_no_oficial": 188 }, "geometry": { "type": "Point", "coordinates": [ -74.117199999791453, 4.710420000373182 ] } },
{ "type": "Feature", "properties": { "DANE12_EST": "111001034002", "id_establecimiento": "111001034002", "nombre_establecimiento": "COLEGIO GUILLERMO LEON VALENCIA (IED)", "nombre_localidad": "Engativa", "codigo_upz": "30", "nombre_upz": "BOYACA REAL", "estrato": "Estrato 3", "zona": "URBANA", "caracter_media": "Académico", "lon": -74.108500000419383, "lat": 4.7044400003231486, "codigo_localidad": "10", "q_j": 258.92, "puntaje_2023": 276.15, "punt_global_2020": 252.32, "punt_global_2022": 248.29, "matricula_total": 429.0, "demanda_total": 463.0, "sobre_demanda_j": 1.0792540792540792, "n_hogares_muestra": 2323.0, "poblacion_expandida": 128077.9999945, "tasa_pobreza_monetaria": 0.21316985174169201, "tasa_pobreza_extrema": 0.087713598514049404, "tasa_ipm": 0.0197830925311826, "ingreso_percapita_promedio": 1221231.8086073501, "capacidad_pago_promedio": 0.12322486766484279, "tamano_hogar_promedio": 3.3229911651882169, "gasto_educ_promedio": 371577.38622723561, "tasa_deficit_cuantitativo": 0.0, "tasa_deficit_cualitativo": 0.064302304466447496, "tasa_deficit_habitacional": 0.064302304466447496, "pct_estrato_1": 0.0, "pct_estrato_2": 0.0071695178855027998, "pct_estrato_3": 0.97261072684418381, "pct_estrato_4": 0.016956639453249201, "pct_estrato_5": 0.0, "pct_estrato_6": 0.0032631158170641, "s0_localidad": 0.45908732785239414, "dist_transmilenio_m": 255.48795151119469, "dist_sitp_m": 123.74131813633031, "dist_parque_m": 64.484897737538887, "homicidios": 114.0, "lesiones_personales": 3260.0, "hurto_personas": 44584.0, "hurto_residencias": 4694.0, "hurto_automotores": 1548.0, "hurto_bicicletas": 2840.0, "hurto_comercio": 11724.0, "hurto_entidades": 1616.0, "violencia_intrafam": 6497.0, "delitos_sexuales": 1001.0, "pct_no_oficial": 73.15, "n_sedes_total": 257, "n_sedes_no_oficial": 188 }, "geometry": { "type": "Point", "coordinates": [ -74.108500000419383, 4.704440000323149 ] } },
{ "type": "Feature", "properties": { "DANE12_EST": "111001034011", "id_establecimiento": "111001034011", "nombre_establecimiento": "COLEGIO JUAN REY (IED)", "nombre_localidad": "San Cristobal", "codigo_upz": "51", "nombre_upz": "LOS LIBERTADORES", "estrato": "Estrato 1", "zona": "URBANA", "caracter_media": "Académico", "lon": -74.089889999733643, "lat": 4.5225600001840061, "codigo_localidad": "04", "q_j": 237.84333333333333, "puntaje_2023": 238.46, "punt_global_2020": 240.0, "punt_global_2022": 235.07, "matricula_total": 893.0, "demanda_total": 927.0, "sobre_demanda_j": 1.0380739081746921, "n_hogares_muestra": 2692.0, "poblacion_expandida": 77733.999996699989, "tasa_pobreza_monetaria": 0.52653769833454578, "tasa_pobreza_extrema": 0.1756566622209029, "tasa_ipm": 0.067361788036409895, "ingreso_percapita_promedio": 552249.07066018332, "capacidad_pago_promedio": 0.55247422117121425, "tamano_hogar_promedio": 3.6592377897750734, "gasto_educ_promedio": 168187.30175970253, "tasa_deficit_cuantitativo": 0.0051636119898246999, "tasa_deficit_cualitativo": 0.18674045249075361, "tasa_deficit_habitacional": 0.1919040644805784, "pct_estrato_1": 0.19496129335610379, "pct_estrato_2": 0.80181198873396431, "pct_estrato_3": 0.0, "pct_estrato_4": 0.0, "pct_estrato_5": 0.0, "pct_estrato_6": 0.0, "s0_localidad": 0.24275340378588084, "dist_transmilenio_m": 3424.8989272480262, "dist_sitp_m": 98.287090180100989, "dist_parque_m": 53.626323260696999, "homicidios": 113.0, "lesiones_personales": 2653.0, "hurto_personas": 11264.0, "hurto_residencias": 1302.0, "hurto_automotores": 438.0, "hurto_bicicletas": 251.0, "hurto_comercio": 3279.0, "hurto_entidades": 810.0, "violencia_intrafam": 4309.0, "delitos_sexuales": 811.0, "pct_no_oficial": 49.61, "n_sedes_total": 129, "n_sedes_no_oficial": 64 }, "geometry": { "type": "Point", "coordinates": [ -74.089889999733643, 4.522560000184006 ] } },
{ "type": "Feature", "properties": { "DANE12_EST": "111001034045", "id_establecimiento": "111001034045", "nombre_establecimiento": "COLEGIO LA FLORESTA SUR (IED)", "nombre_localidad": "Kennedy", "codigo_upz": "44", "nombre_upz": "AMERICAS", "estrato": "Estrato 3", "zona": "URBANA", "caracter_media": "Académico", "lon": -74.127300000177613, "lat": 4.6206999998657636, "codigo_localidad": "08", "q_j": 252.01666666666665, "puntaje_2023": 246.23, "punt_global_2020": 249.84, "punt_global_2022": 259.98, "matricula_total": 1255.0, "demanda_total": 1402.0, "sobre_demanda_j": 1.1171314741035856, "n_hogares_muestra": 2293.0, "poblacion_expandida": 78905.0000038, "tasa_pobreza_monetaria": 0.19138044360272161, "tasa_pobreza_extrema": 0.060566603202203202, "tasa_ipm": 0.0305930336731987, "ingreso_percapita_promedio": 1418709.4236432209, "capacidad_pago_promedio": 0.1056939969165244, "tamano_hogar_promedio": 3.2000151191894046, "gasto_educ_promedio": 460748.57680465968, "tasa_deficit_cuantitativo": 0.0025656524997179999, "tasa_deficit_cualitativo": 0.045359707440943302, "tasa_deficit_habitacional": 0.0479253599406613, "pct_estrato_1": 0.0010810755781749, "pct_estrato_2": 0.20892071251005759, "pct_estrato_3": 0.691704162941151, "pct_estrato_4": 0.098294048970616305, "pct_estrato_5": 0.0, "pct_estrato_6": 0.0, "s0_localidad": 0.3719221758740453, "dist_transmilenio_m": 1047.4712901605542, "dist_sitp_m": 174.92942067429556, "dist_parque_m": 60.267613243913502, "homicidios": 277.0, "lesiones_personales": 5216.0, "hurto_personas": 45928.0, "hurto_residencias": 4574.0, "hurto_automotores": 2662.0, "hurto_bicicletas": 2842.0, "hurto_comercio": 11829.0, "hurto_entidades": 2994.0, "violencia_intrafam": 8341.0, "delitos_sexuales": 1353.0, "pct_no_oficial": 70.99, "n_sedes_total": 262, "n_sedes_no_oficial": 186 }, "geometry": { "type": "Point", "coordinates": [ -74.127300000177613, 4.620699999865764 ] } },
{ "type": "Feature", "properties": { "DANE12_EST": "111001034134", "id_establecimiento": "111001034134", "nombre_establecimiento": "COLEGIO CLEMENCIA DE CAYCEDO (IED)", "nombre_localidad": "Rafael Uribe Uribe", "codigo_upz": "39", "nombre_upz": "QUIROGA", "estrato": "Estrato 3", "zona": "URBANA", "caracter_media": "Académico", "lon": -74.114740000216827, "lat": 4.5806800001616992, "codigo_localidad": "18", "q_j": 253.85666666666665, "puntaje_2023": 255.0, "punt_global_2020": 257.37, "punt_global_2022": 249.2, "matricula_total": 867.0, "demanda_total": 927.0, "sobre_demanda_j": 1.0692041522491349, "n_hogares_muestra": 2265.0, "poblacion_expandida": 92517.999998500018, "tasa_pobreza_monetaria": 0.44988045527761961, "tasa_pobreza_extrema": 0.1716353320008803, "tasa_ipm": 0.059948505752285101, "ingreso_percapita_promedio": 843427.0634521615, "capacidad_pago_promedio": 0.34561052227694511, "tamano_hogar_promedio": 3.2499598998916417, "gasto_educ_promedio": 230991.5177320262, "tasa_deficit_cuantitativo": 0.0065383441785360997, "tasa_deficit_cualitativo": 0.14873644958951879, "tasa_deficit_habitacional": 0.15527479376805489, "pct_estrato_1": 0.0017364461694222, "pct_estrato_2": 0.0014887309280597, "pct_estrato_3": 0.99630058644906339, "pct_estrato_4": 0.0, "pct_estrato_5": 0.0, "pct_estrato_6": 0.0, "s0_localidad": 0.2741314328601635, "dist_transmilenio_m": 432.19571298692563, "dist_sitp_m": 120.43043520056705, "dist_parque_m": 59.871733930445927, "homicidios": 159.0, "lesiones_personales": 2500.0, "hurto_personas": 13897.0, "hurto_residencias": 1530.0, "hurto_automotores": 660.0, "hurto_bicicletas": 415.0, "hurto_comercio": 3902.0, "hurto_entidades": 942.0, "violencia_intrafam": 3177.0, "delitos_sexuales": 716.0, "pct_no_oficial": 57.85, "n_sedes_total": 121, "n_sedes_no_oficial": 70 }, "geometry": { "type": "Point", "coordinates": [ -74.114740000216827, 4.580680000161699 ] } },
{ "type": "Feature", "properties": { "DANE12_EST": "111001034240", "id_establecimiento": "111001034240", "nombre_establecimiento": "COLEGIO NICOLAS GOMEZ DAVILA (IED)", "nombre_localidad": "Ciudad Bolivar", "codigo_upz": "66", "nombre_upz": "SAN FRANCISCO", "estrato": "Estrato 2", "zona": "URBANA", "caracter_media": "Académico", "lon": -74.149120000275445, "lat": 4.563600000529787, "codigo_localidad": "19", "q_j": 252.27333333333331, "puntaje_2023": 255.17, "punt_global_2020": 250.2, "punt_global_2022": 251.45, "matricula_total": 2599.0, "demanda_total": 2780.0, "sobre_demanda_j": 1.0696421700654097, "n_hogares_muestra": 2882.0, "poblacion_expandida": 71305.999996300001, "tasa_pobreza_monetaria": 0.53238904754536565, "tasa_pobreza_extrema": 0.1873034317293498, "tasa_ipm": 0.092340225985774793, "ingreso_percapita_promedio": 541606.17928033089, "capacidad_pago_promedio": 0.53298562992135368, "tamano_hogar_promedio": 4.0821556605770057, "gasto_educ_promedio": 129420.60229855483, "tasa_deficit_cuantitativo": 0.012815071397181301, "tasa_deficit_cualitativo": 0.20802318101239281, "tasa_deficit_habitacional": 0.22083825240957419, "pct_estrato_1": 0.1667902500030449, "pct_estrato_2": 0.83202727528088105, "pct_estrato_3": 0.00074937872272699997, "pct_estrato_4": 0.0, "pct_estrato_5": 0.0, "pct_estrato_6": 0.0, "s0_localidad": 0.24641727799438962, "dist_transmilenio_m": 1280.6741212692525, "dist_sitp_m": 97.07343165481042, "dist_parque_m": 111.6190146075209, "homicidios": 450.0, "lesiones_personales": 4378.0, "hurto_personas": 16269.0, "hurto_residencias": 1893.0, "hurto_automotores": 870.0, "hurto_bicicletas": 472.0, "hurto_comercio": 4561.0, "hurto_entidades": 1620.0, "violencia_intrafam": 8567.0, "delitos_sexuales": 1433.0, "pct_no_oficial": 44.59, "n_sedes_total": 148, "n_sedes_no_oficial": 66 }, "geometry": { "type": "Point", "coordinates": [ -74.149120000275445, 4.563600000529787 ] } },
{ "type": "Feature", "properties": { "DANE12_EST": "111001034754", "id_establecimiento": "111001034754", "nombre_establecimiento": "COLEGIO COMPARTIR RECUERDO (IED)", "nombre_localidad": "Ciudad Bolivar", "codigo_upz": "67", "nombre_upz": "LUCERO", "estrato": "Estrato 1", "zona": "URBANA", "caracter_media": "Académico", "lon": -74.145620000435144, "lat": 4.5490900002550543, "codigo_localidad": "19", "q_j": 247.49657342657346, "puntaje_2023": 251.71097902097898, "punt_global_2020": 245.57597902097902, "punt_global_2022": 245.20276223776219, "matricula_total": 1546.0, "demanda_total": 1644.0, "sobre_demanda_j": 1.0633893919793014, "n_hogares_muestra": 2402.0, "poblacion_expandida": 161831.00001280001, "tasa_pobreza_monetaria": 0.7038631757592213, "tasa_pobreza_extrema": 0.29200637063703688, "tasa_ipm": 0.12833440894487039, "ingreso_percapita_promedio": 390100.43634986418, "capacidad_pago_promedio": 0.69990953908547293, "tamano_hogar_promedio": 3.7938052959151172, "gasto_educ_promedio": 94504.090399263441, "tasa_deficit_cuantitativo": 0.049540423591066397, "tasa_deficit_cualitativo": 0.26740798307417718, "tasa_deficit_habitacional": 0.31694840666524371, "pct_estrato_1": 0.72918739131913157, "pct_estrato_2": 0.25338518534370219, "pct_estrato_3": 0.0062719642164957004, "pct_estrato_4": 0.0, "pct_estrato_5": 0.0, "pct_estrato_6": 0.0, "s0_localidad": 0.24641727799438962, "dist_transmilenio_m": 2384.6969395003607, "dist_sitp_m": 194.30350116004485, "dist_parque_m": 15.85164538884854, "homicidios": 450.0, "lesiones_personales": 4378.0, "hurto_personas": 16269.0, "hurto_residencias": 1893.0, "hurto_automotores": 870.0, "hurto_bicicletas": 472.0, "hurto_comercio": 4561.0, "hurto_entidades": 1620.0, "violencia_intrafam": 8567.0, "delitos_sexuales": 1433.0, "pct_no_oficial": 44.59, "n_sedes_total": 148, "n_sedes_no_oficial": 66 }, "geometry": { "type": "Point", "coordinates": [ -74.145620000435144, 4.549090000255054 ] } },
{ "type": "Feature", "properties": { "DANE12_EST": "111001035521", "id_establecimiento": "111001035521", "nombre_establecimiento": "COLEGIO NESTOR FORERO ALCALA (IED)", "nombre_localidad": "Engativa", "codigo_upz": "26", "nombre_upz": "LAS FERIAS", "estrato": "Estrato 3", "zona": "URBANA", "caracter_media": "Académico", "lon": -74.09352000016861, "lat": 4.683779999749623, "codigo_localidad": "10", "q_j": 279.9, "puntaje_2023": 276.54, "punt_global_2020": 285.78, "punt_global_2022": 277.38, "matricula_total": 772.0, "demanda_total": 822.0, "sobre_demanda_j": 1.0647668393782384, "n_hogares_muestra": 2278.0, "poblacion_expandida": 100930.0000018, "tasa_pobreza_monetaria": 0.26953530690295091, "tasa_pobreza_extrema": 0.1010484491223433, "tasa_ipm": 0.036725499110610203, "ingreso_percapita_promedio": 1186126.3666835029, "capacidad_pago_promedio": 0.22392122382935639, "tamano_hogar_promedio": 3.368175820974312, "gasto_educ_promedio": 317577.54113518051, "tasa_deficit_cuantitativo": 0.0013346152224074999, "tasa_deficit_cualitativo": 0.094289197796792595, "tasa_deficit_habitacional": 0.095623813019200199, "pct_estrato_1": 0.0025422399444706002, "pct_estrato_2": 0.0034884438699467001, "pct_estrato_3": 0.93142145478969041, "pct_estrato_4": 0.062547861395892301, "pct_estrato_5": 0.0, "pct_estrato_6": 0.0, "s0_localidad": 0.45908732785239414, "dist_transmilenio_m": 1265.4097871040149, "dist_sitp_m": 133.02731306096993, "dist_parque_m": 68.552738498279155, "homicidios": 114.0, "lesiones_personales": 3260.0, "hurto_personas": 44584.0, "hurto_residencias": 4694.0, "hurto_automotores": 1548.0, "hurto_bicicletas": 2840.0, "hurto_comercio": 11724.0, "hurto_entidades": 1616.0, "violencia_intrafam": 6497.0, "delitos_sexuales": 1001.0, "pct_no_oficial": 73.15, "n_sedes_total": 257, "n_sedes_no_oficial": 188 }, "geometry": { "type": "Point", "coordinates": [ -74.09352000016861, 4.683779999749623 ] } },
{ "type": "Feature", "properties": { "DANE12_EST": "111001035530", "id_establecimiento": "111001035530", "nombre_establecimiento": "COLEGIO TECNICO JOSE FELIX RESTREPO (IED)", "nombre_localidad": "San Cristobal", "codigo_upz": "33", "nombre_upz": "SOSIEGO", "estrato": "Estrato 3", "zona": "URBANA", "caracter_media": "Académico - Técnico", "lon": -74.089950000008088, "lat": 4.5746000002424418, "codigo_localidad": "04", "q_j": 255.03666666666663, "puntaje_2023": 271.92, "punt_global_2020": 250.89, "punt_global_2022": 242.3, "matricula_total": 3758.0, "demanda_total": 4477.0, "sobre_demanda_j": 1.1913251729643428, "n_hogares_muestra": 2142.0, "poblacion_expandida": 44028.000002000001, "tasa_pobreza_monetaria": 0.29226762931578681, "tasa_pobreza_extrema": 0.10489467919937789, "tasa_ipm": 0.038328641635398897, "ingreso_percapita_promedio": 1027486.805516976, "capacidad_pago_promedio": 0.1922017177186244, "tamano_hogar_promedio": 3.4907714279826121, "gasto_educ_promedio": 308150.27846045513, "tasa_deficit_cuantitativo": 0.0035378109383328998, "tasa_deficit_cualitativo": 0.084429080142889495, "tasa_deficit_habitacional": 0.087966891081222506, "pct_estrato_1": 0.0, "pct_estrato_2": 0.28442612877557799, "pct_estrato_3": 0.71557387122442206, "pct_estrato_4": 0.0, "pct_estrato_5": 0.0, "pct_estrato_6": 0.0, "s0_localidad": 0.24275340378588084, "dist_transmilenio_m": 491.21944176927531, "dist_sitp_m": 62.459954851544126, "dist_parque_m": 95.341437401637663, "homicidios": 113.0, "lesiones_personales": 2653.0, "hurto_personas": 11264.0, "hurto_residencias": 1302.0, "hurto_automotores": 438.0, "hurto_bicicletas": 251.0, "hurto_comercio": 3279.0, "hurto_entidades": 810.0, "violencia_intrafam": 4309.0, "delitos_sexuales": 811.0, "pct_no_oficial": 49.61, "n_sedes_total": 129, "n_sedes_no_oficial": 64 }, "geometry": { "type": "Point", "coordinates": [ -74.089950000008088, 4.574600000242442 ] } },
{ "type": "Feature", "properties": { "DANE12_EST": "111001035572", "id_establecimiento": "111001035572", "nombre_establecimiento": "COLEGIO ACACIA II (IED)", "nombre_localidad": "Ciudad Bolivar", "codigo_upz": "66", "nombre_upz": "SAN FRANCISCO", "estrato": "Estrato 2", "zona": "URBANA", "caracter_media": "Académico", "lon": -74.142349999850282, "lat": 4.5606899999523804, "codigo_localidad": "19", "q_j": 246.57, "puntaje_2023": 244.03, "punt_global_2020": 247.6, "punt_global_2022": 248.08, "matricula_total": 2766.0, "demanda_total": 2952.0, "sobre_demanda_j": 1.0672451193058567, "n_hogares_muestra": 2882.0, "poblacion_expandida": 71305.999996300001, "tasa_pobreza_monetaria": 0.53238904754536565, "tasa_pobreza_extrema": 0.1873034317293498, "tasa_ipm": 0.092340225985774793, "ingreso_percapita_promedio": 541606.17928033089, "capacidad_pago_promedio": 0.53298562992135368, "tamano_hogar_promedio": 4.0821556605770057, "gasto_educ_promedio": 129420.60229855483, "tasa_deficit_cuantitativo": 0.012815071397181301, "tasa_deficit_cualitativo": 0.20802318101239281, "tasa_deficit_habitacional": 0.22083825240957419, "pct_estrato_1": 0.1667902500030449, "pct_estrato_2": 0.83202727528088105, "pct_estrato_3": 0.00074937872272699997, "pct_estrato_4": 0.0, "pct_estrato_5": 0.0, "pct_estrato_6": 0.0, "s0_localidad": 0.24641727799438962, "dist_transmilenio_m": 1046.000788097273, "dist_sitp_m": 145.60804508140802, "dist_parque_m": 172.1239169554938, "homicidios": 450.0, "lesiones_personales": 4378.0, "hurto_personas": 16269.0, "hurto_residencias": 1893.0, "hurto_automotores": 870.0, "hurto_bicicletas": 472.0, "hurto_comercio": 4561.0, "hurto_entidades": 1620.0, "violencia_intrafam": 8567.0, "delitos_sexuales": 1433.0, "pct_no_oficial": 44.59, "n_sedes_total": 148, "n_sedes_no_oficial": 66 }, "geometry": { "type": "Point", "coordinates": [ -74.142349999850282, 4.56068999995238 ] } },
{ "type": "Feature", "properties": { "DANE12_EST": "111001035602", "id_establecimiento": "111001035602", "nombre_establecimiento": "COLEGIO JUAN EVANGELISTA GOMEZ (IED)", "nombre_localidad": "San Cristobal", "codigo_upz": "50", "nombre_upz": "LA GLORIA", "estrato": "Sin estrato", "zona": "URBANA", "caracter_media": "Académico", "lon": -74.095629999938865, "lat": 4.5520600002833023, "codigo_localidad": "04", "q_j": 243.99, "puntaje_2023": 254.46, "punt_global_2020": 238.07, "punt_global_2022": 239.44, "matricula_total": 2172.0, "demanda_total": 2451.0, "sobre_demanda_j": 1.1284530386740332, "n_hogares_muestra": 2500.0, "poblacion_expandida": 96156.000003299996, "tasa_pobreza_monetaria": 0.52211849174442582, "tasa_pobreza_extrema": 0.1745577883889092, "tasa_ipm": 0.063078607524146596, "ingreso_percapita_promedio": 557986.08365625329, "capacidad_pago_promedio": 0.54539218974063186, "tamano_hogar_promedio": 3.6158040380940122, "gasto_educ_promedio": 150029.19056531519, "tasa_deficit_cuantitativo": 0.0079722719307550993, "tasa_deficit_cualitativo": 0.2070523211616199, "tasa_deficit_habitacional": 0.21502459309237509, "pct_estrato_1": 0.035853985153102001, "pct_estrato_2": 0.96414601484689799, "pct_estrato_3": 0.0, "pct_estrato_4": 0.0, "pct_estrato_5": 0.0, "pct_estrato_6": 0.0, "s0_localidad": 0.24275340378588084, "dist_transmilenio_m": 1526.3795211800566, "dist_sitp_m": 83.131276738121699, "dist_parque_m": 56.571221663230908, "homicidios": 113.0, "lesiones_personales": 2653.0, "hurto_personas": 11264.0, "hurto_residencias": 1302.0, "hurto_automotores": 438.0, "hurto_bicicletas": 251.0, "hurto_comercio": 3279.0, "hurto_entidades": 810.0, "violencia_intrafam": 4309.0, "delitos_sexuales": 811.0, "pct_no_oficial": 49.61, "n_sedes_total": 129, "n_sedes_no_oficial": 64 }, "geometry": { "type": "Point", "coordinates": [ -74.095629999938865, 4.552060000283302 ] } },
{ "type": "Feature", "properties": { "DANE12_EST": "111001036544", "id_establecimiento": "111001036544", "nombre_establecimiento": "COLEGIO ANTONIO JOSE URIBE (IED)", "nombre_localidad": "Santa Fe", "codigo_upz": "95", "nombre_upz": "LAS CRUCES", "estrato": "Estrato 2", "zona": "URBANA", "caracter_media": "Académico", "lon": -74.082310000094878, "lat": 4.5922000002402905, "codigo_localidad": "03", "q_j": 240.55333333333331, "puntaje_2023": 262.69, "punt_global_2020": 220.47, "punt_global_2022": 238.5, "matricula_total": 1144.0, "demanda_total": 1450.0, "sobre_demanda_j": 1.2674825174825175, "n_hogares_muestra": 2541.0, "poblacion_expandida": 20880.000003000001, "tasa_pobreza_monetaria": 0.50858037178995497, "tasa_pobreza_extrema": 0.2217473257440018, "tasa_ipm": 0.1099846159181056, "ingreso_percapita_promedio": 721111.68889793532, "capacidad_pago_promedio": 0.4559007991011636, "tamano_hogar_promedio": 3.4665156241666883, "gasto_educ_promedio": 179846.8574230533, "tasa_deficit_cuantitativo": 0.041930900841676499, "tasa_deficit_cualitativo": 0.17603539441436269, "tasa_deficit_habitacional": 0.21796629525603931, "pct_estrato_1": 0.021383970954781902, "pct_estrato_2": 0.92130199369425736, "pct_estrato_3": 0.0559479817687814, "pct_estrato_4": 0.0, "pct_estrato_5": 0.0, "pct_estrato_6": 0.0, "s0_localidad": 0.26720847821961147, "dist_transmilenio_m": 209.1821008403852, "dist_sitp_m": 108.60066094826499, "dist_parque_m": 374.22090821891658, "homicidios": 113.0, "lesiones_personales": 1683.0, "hurto_personas": 25139.0, "hurto_residencias": 580.0, "hurto_automotores": 128.0, "hurto_bicicletas": 443.0, "hurto_comercio": 7043.0, "hurto_entidades": 180.0, "violencia_intrafam": 1602.0, "delitos_sexuales": 514.0, "pct_no_oficial": 44.83, "n_sedes_total": 29, "n_sedes_no_oficial": 13 }, "geometry": { "type": "Point", "coordinates": [ -74.082310000094878, 4.592200000240291 ] } },
{ "type": "Feature", "properties": { "DANE12_EST": "111001036561", "id_establecimiento": "111001036561", "nombre_establecimiento": "COLEGIO JOSE JAIME ROJAS (IED)", "nombre_localidad": "Ciudad Bolivar", "codigo_upz": "67", "nombre_upz": "LUCERO", "estrato": "Estrato 1", "zona": "URBANA", "caracter_media": "Académico", "lon": -74.150949999663226, "lat": 4.5400199999813848, "codigo_localidad": "19", "q_j": 231.36666666666667, "puntaje_2023": 231.92, "punt_global_2020": 227.3, "punt_global_2022": 234.88, "matricula_total": 1050.0, "demanda_total": 1099.0, "sobre_demanda_j": 1.0466666666666666, "n_hogares_muestra": 2402.0, "poblacion_expandida": 161831.00001280001, "tasa_pobreza_monetaria": 0.7038631757592213, "tasa_pobreza_extrema": 0.29200637063703688, "tasa_ipm": 0.12833440894487039, "ingreso_percapita_promedio": 390100.43634986418, "capacidad_pago_promedio": 0.69990953908547293, "tamano_hogar_promedio": 3.7938052959151172, "gasto_educ_promedio": 94504.090399263441, "tasa_deficit_cuantitativo": 0.049540423591066397, "tasa_deficit_cualitativo": 0.26740798307417718, "tasa_deficit_habitacional": 0.31694840666524371, "pct_estrato_1": 0.72918739131913157, "pct_estrato_2": 0.25338518534370219, "pct_estrato_3": 0.0062719642164957004, "pct_estrato_4": 0.0, "pct_estrato_5": 0.0, "pct_estrato_6": 0.0, "s0_localidad": 0.24641727799438962, "dist_transmilenio_m": 3360.6669904932974, "dist_sitp_m": 126.66472017262448, "dist_parque_m": 38.368878992038105, "homicidios": 450.0, "lesiones_personales": 4378.0, "hurto_personas": 16269.0, "hurto_residencias": 1893.0, "hurto_automotores": 870.0, "hurto_bicicletas": 472.0, "hurto_comercio": 4561.0, "hurto_entidades": 1620.0, "violencia_intrafam": 8567.0, "delitos_sexuales": 1433.0, "pct_no_oficial": 44.59, "n_sedes_total": 148, "n_sedes_no_oficial": 66 }, "geometry": { "type": "Point", "coordinates": [ -74.150949999663226, 4.540019999981385 ] } },
{ "type": "Feature", "properties": { "DANE12_EST": "111001036625", "id_establecimiento": "111001036625", "nombre_establecimiento": "COLEGIO INSTITUTO TECNICO DISTRITAL REPUBLICA DE GUATEMALA (IED)", "nombre_localidad": "Engativa", "codigo_upz": "26", "nombre_upz": "LAS FERIAS", "estrato": "Estrato 3", "zona": "URBANA", "caracter_media": "Académico - Técnico", "lon": -74.086799999972158, "lat": 4.6901599998055508, "codigo_localidad": "10", "q_j": 269.39, "puntaje_2023": 266.54, "punt_global_2020": 275.68, "punt_global_2022": 265.95, "matricula_total": 1078.0, "demanda_total": 1172.0, "sobre_demanda_j": 1.0871985157699444, "n_hogares_muestra": 2278.0, "poblacion_expandida": 100930.0000018, "tasa_pobreza_monetaria": 0.26953530690295091, "tasa_pobreza_extrema": 0.1010484491223433, "tasa_ipm": 0.036725499110610203, "ingreso_percapita_promedio": 1186126.3666835029, "capacidad_pago_promedio": 0.22392122382935639, "tamano_hogar_promedio": 3.368175820974312, "gasto_educ_promedio": 317577.54113518051, "tasa_deficit_cuantitativo": 0.0013346152224074999, "tasa_deficit_cualitativo": 0.094289197796792595, "tasa_deficit_habitacional": 0.095623813019200199, "pct_estrato_1": 0.0025422399444706002, "pct_estrato_2": 0.0034884438699467001, "pct_estrato_3": 0.93142145478969041, "pct_estrato_4": 0.062547861395892301, "pct_estrato_5": 0.0, "pct_estrato_6": 0.0, "s0_localidad": 0.45908732785239414, "dist_transmilenio_m": 256.69065667567986, "dist_sitp_m": 79.241685877839586, "dist_parque_m": 129.2012985453683, "homicidios": 114.0, "lesiones_personales": 3260.0, "hurto_personas": 44584.0, "hurto_residencias": 4694.0, "hurto_automotores": 1548.0, "hurto_bicicletas": 2840.0, "hurto_comercio": 11724.0, "hurto_entidades": 1616.0, "violencia_intrafam": 6497.0, "delitos_sexuales": 1001.0, "pct_no_oficial": 73.15, "n_sedes_total": 257, "n_sedes_no_oficial": 188 }, "geometry": { "type": "Point", "coordinates": [ -74.086799999972158, 4.690159999805551 ] } },
{ "type": "Feature", "properties": { "DANE12_EST": "111001036765", "id_establecimiento": "111001036765", "nombre_establecimiento": "COLEGIO JOSE MARTI (IED)", "nombre_localidad": "Rafael Uribe Uribe", "codigo_upz": "53", "nombre_upz": "MARCO FIDEL SUAREZ", "estrato": "Estrato 2", "zona": "URBANA", "caracter_media": "Académico", "lon": -74.110070000414495, "lat": 4.573009999810564, "codigo_localidad": "18", "q_j": 242.94, "puntaje_2023": 240.77, "punt_global_2020": 243.31, "punt_global_2022": 244.74, "matricula_total": 2034.0, "demanda_total": 2268.0, "sobre_demanda_j": 1.1150442477876106, "n_hogares_muestra": 2174.0, "poblacion_expandida": 47442.999997500003, "tasa_pobreza_monetaria": 0.5827803477658865, "tasa_pobreza_extrema": 0.2234402638863183, "tasa_ipm": 0.1040373178142211, "ingreso_percapita_promedio": 555562.31329808699, "capacidad_pago_promedio": 0.46490720762941368, "tamano_hogar_promedio": 3.0968267260932505, "gasto_educ_promedio": 112069.29148232724, "tasa_deficit_cuantitativo": 0.0160758053967959, "tasa_deficit_cualitativo": 0.1350306657049001, "tasa_deficit_habitacional": 0.15110647110169609, "pct_estrato_1": 0.0032091840188863, "pct_estrato_2": 0.70947012436341883, "pct_estrato_3": 0.28732069161769491, "pct_estrato_4": 0.0, "pct_estrato_5": 0.0, "pct_estrato_6": 0.0, "s0_localidad": 0.2741314328601635, "dist_transmilenio_m": 637.79919392412796, "dist_sitp_m": 77.263350631899968, "dist_parque_m": 72.553447819646152, "homicidios": 159.0, "lesiones_personales": 2500.0, "hurto_personas": 13897.0, "hurto_residencias": 1530.0, "hurto_automotores": 660.0, "hurto_bicicletas": 415.0, "hurto_comercio": 3902.0, "hurto_entidades": 942.0, "violencia_intrafam": 3177.0, "delitos_sexuales": 716.0, "pct_no_oficial": 57.85, "n_sedes_total": 121, "n_sedes_no_oficial": 70 }, "geometry": { "type": "Point", "coordinates": [ -74.110070000414495, 4.573009999810564 ] } },
{ "type": "Feature", "properties": { "DANE12_EST": "111001036781", "id_establecimiento": "111001036781", "nombre_establecimiento": "COLEGIO RODRIGO LARA BONILLA (IED)", "nombre_localidad": "Ciudad Bolivar", "codigo_upz": "66", "nombre_upz": "SAN FRANCISCO", "estrato": "Estrato 2", "zona": "URBANA", "caracter_media": "Académico", "lon": -74.154079999607688, "lat": 4.5733000001919271, "codigo_localidad": "19", "q_j": 250.13, "puntaje_2023": 260.0, "punt_global_2020": 244.56, "punt_global_2022": 245.83, "matricula_total": 3647.0, "demanda_total": 4029.0, "sobre_demanda_j": 1.1047436248971758, "n_hogares_muestra": 2882.0, "poblacion_expandida": 71305.999996300001, "tasa_pobreza_monetaria": 0.53238904754536565, "tasa_pobreza_extrema": 0.1873034317293498, "tasa_ipm": 0.092340225985774793, "ingreso_percapita_promedio": 541606.17928033089, "capacidad_pago_promedio": 0.53298562992135368, "tamano_hogar_promedio": 4.0821556605770057, "gasto_educ_promedio": 129420.60229855483, "tasa_deficit_cuantitativo": 0.012815071397181301, "tasa_deficit_cualitativo": 0.20802318101239281, "tasa_deficit_habitacional": 0.22083825240957419, "pct_estrato_1": 0.1667902500030449, "pct_estrato_2": 0.83202727528088105, "pct_estrato_3": 0.00074937872272699997, "pct_estrato_4": 0.0, "pct_estrato_5": 0.0, "pct_estrato_6": 0.0, "s0_localidad": 0.24641727799438962, "dist_transmilenio_m": 1696.3062842221971, "dist_sitp_m": 94.524793900964127, "dist_parque_m": 18.03323831503042, "homicidios": 450.0, "lesiones_personales": 4378.0, "hurto_personas": 16269.0, "hurto_residencias": 1893.0, "hurto_automotores": 870.0, "hurto_bicicletas": 472.0, "hurto_comercio": 4561.0, "hurto_entidades": 1620.0, "violencia_intrafam": 8567.0, "delitos_sexuales": 1433.0, "pct_no_oficial": 44.59, "n_sedes_total": 148, "n_sedes_no_oficial": 66 }, "geometry": { "type": "Point", "coordinates": [ -74.154079999607688, 4.573300000191927 ] } },
{ "type": "Feature", "properties": { "DANE12_EST": "111001041459", "id_establecimiento": "111001041459", "nombre_establecimiento": "COLEGIO RICAURTE (IED)", "nombre_localidad": "Los Martires", "codigo_upz": "102", "nombre_upz": "LA SABANA", "estrato": "Estrato 3", "zona": "URBANA", "caracter_media": "Sin información", "lon": -74.093989999623574, "lat": 4.6061600005635901, "codigo_localidad": "14", "q_j": 262.41333333333336, "puntaje_2023": 260.77, "punt_global_2020": 259.85, "punt_global_2022": 266.62, "matricula_total": 930.0, "demanda_total": 1041.0, "sobre_demanda_j": 1.1193548387096774, "n_hogares_muestra": 2165.0, "poblacion_expandida": 39295.0, "tasa_pobreza_monetaria": 0.4324740129100394, "tasa_pobreza_extrema": 0.15802023246977981, "tasa_ipm": 0.1044810492250922, "ingreso_percapita_promedio": 862033.76063762535, "capacidad_pago_promedio": 0.37523970039699711, "tamano_hogar_promedio": 3.3343614745591039, "gasto_educ_promedio": 238742.41054684692, "tasa_deficit_cuantitativo": 0.026789190041989999, "tasa_deficit_cualitativo": 0.21042827307291001, "tasa_deficit_habitacional": 0.23721746311490011, "pct_estrato_1": 0.0017800902913855999, "pct_estrato_2": 0.2632160191322051, "pct_estrato_3": 0.64924484154218087, "pct_estrato_4": 0.083260119806591107, "pct_estrato_5": 0.0, "pct_estrato_6": 0.0, "s0_localidad": 0.38962747752475235, "dist_transmilenio_m": 244.62509053816538, "dist_sitp_m": 44.18052184560711, "dist_parque_m": 313.86665242187036, "homicidios": 125.0, "lesiones_personales": 1566.0, "hurto_personas": 18260.0, "hurto_residencias": 709.0, "hurto_automotores": 275.0, "hurto_bicicletas": 493.0, "hurto_comercio": 4878.0, "hurto_entidades": 317.0, "violencia_intrafam": 1250.0, "delitos_sexuales": 516.0, "pct_no_oficial": 58.33, "n_sedes_total": 36, "n_sedes_no_oficial": 21 }, "geometry": { "type": "Point", "coordinates": [ -74.093989999623574, 4.60616000056359 ] } },
{ "type": "Feature", "properties": { "DANE12_EST": "111001041475", "id_establecimiento": "111001041475", "nombre_establecimiento": "COLEGIO SAN JOSE DE CASTILLA (IED)", "nombre_localidad": "Kennedy", "codigo_upz": "46", "nombre_upz": "CASTILLA", "estrato": "Estrato 3", "zona": "URBANA", "caracter_media": "Académico", "lon": -74.144040000394298, "lat": 4.6379400003864308, "codigo_localidad": "08", "q_j": 265.87575757575763, "puntaje_2023": 270.01363636363635, "punt_global_2020": 260.39, "punt_global_2022": 263.215, "matricula_total": 2433.0, "demanda_total": 2655.0, "sobre_demanda_j": 1.0912453760789149, "n_hogares_muestra": null, "poblacion_expandida": 101580.69097572425, "tasa_pobreza_monetaria": 0.33145830709104018, "tasa_pobreza_extrema": 0.10739348983710631, "tasa_ipm": 0.050684530267828293, "ingreso_percapita_promedio": 940007.18160310411, "capacidad_pago_promedio": 0.2483999170562467, "tamano_hogar_promedio": 3.5178365110655232, "gasto_educ_promedio": 279702.99706601689, "tasa_deficit_cuantitativo": 0.0067027357471830754, "tasa_deficit_cualitativo": 0.092571646866947327, "tasa_deficit_habitacional": 0.099274382614130449, "pct_estrato_1": 0.0052399566110765041, "pct_estrato_2": 0.32467259288284872, "pct_estrato_3": 0.6522977687133511, "pct_estrato_4": 0.017784475690165818, "pct_estrato_5": 0.0, "pct_estrato_6": 0.0, "s0_localidad": 0.3719221758740453, "dist_transmilenio_m": 763.411395423626, "dist_sitp_m": 121.34929526032927, "dist_parque_m": 222.60624765144019, "homicidios": 277.0, "lesiones_personales": 5216.0, "hurto_personas": 45928.0, "hurto_residencias": 4574.0, "hurto_automotores": 2662.0, "hurto_bicicletas": 2842.0, "hurto_comercio": 11829.0, "hurto_entidades": 2994.0, "violencia_intrafam": 8341.0, "delitos_sexuales": 1353.0, "pct_no_oficial": 70.99, "n_sedes_total": 262, "n_sedes_no_oficial": 186 }, "geometry": { "type": "Point", "coordinates": [ -74.144040000394298, 4.637940000386431 ] } },
{ "type": "Feature", "properties": { "DANE12_EST": "111001041556", "id_establecimiento": "111001041556", "nombre_establecimiento": "COLEGIO PROVINCIA DE QUEBEC (IED)", "nombre_localidad": "Usme", "codigo_upz": "52", "nombre_upz": "LA FLORA", "estrato": "Estrato 1", "zona": "URBANA", "caracter_media": "Académico", "lon": -74.091029999558415, "lat": 4.5159500002344908, "codigo_localidad": "05", "q_j": 253.54, "puntaje_2023": 258.95, "punt_global_2020": 246.45, "punt_global_2022": 255.22, "matricula_total": 1068.0, "demanda_total": 1117.0, "sobre_demanda_j": 1.0458801498127341, "n_hogares_muestra": 2154.0, "poblacion_expandida": 19629.000007499999, "tasa_pobreza_monetaria": 0.74878493388782486, "tasa_pobreza_extrema": 0.36389832835451441, "tasa_ipm": 0.1788048463222254, "ingreso_percapita_promedio": 342105.18161876331, "capacidad_pago_promedio": 0.75492664204687199, "tamano_hogar_promedio": 3.752629232240833, "gasto_educ_promedio": 64628.117806994414, "tasa_deficit_cuantitativo": 0.1189753326408724, "tasa_deficit_cualitativo": 0.28262589417088518, "tasa_deficit_habitacional": 0.40160122681175769, "pct_estrato_1": 0.9406263803171484, "pct_estrato_2": 0.0070001862370725997, "pct_estrato_3": 0.0016351785005724001, "pct_estrato_4": 0.0, "pct_estrato_5": 0.0, "pct_estrato_6": 0.0, "s0_localidad": 0.18065503357765311, "dist_transmilenio_m": 3599.4607245189541, "dist_sitp_m": 29.728762545257297, "dist_parque_m": 219.32938996230658, "homicidios": 171.0, "lesiones_personales": 2562.0, "hurto_personas": 8404.0, "hurto_residencias": 1452.0, "hurto_automotores": 311.0, "hurto_bicicletas": 146.0, "hurto_comercio": 2308.0, "hurto_entidades": 623.0, "violencia_intrafam": 3963.0, "delitos_sexuales": 923.0, "pct_no_oficial": 33.03, "n_sedes_total": 109, "n_sedes_no_oficial": 36 }, "geometry": { "type": "Point", "coordinates": [ -74.091029999558415, 4.515950000234491 ] } },
{ "type": "Feature", "properties": { "DANE12_EST": "111001041599", "id_establecimiento": "111001041599", "nombre_establecimiento": "COLEGIO MOTORISTA (CED)", "nombre_localidad": "Bosa", "codigo_upz": "49", "nombre_upz": "APOGEO", "estrato": "Estrato 2", "zona": "URBANA", "caracter_media": "Sin información", "lon": -74.17561000017561, "lat": 4.5978900005914394, "codigo_localidad": "07", "q_j": 256.345, "puntaje_2023": 259.606, "punt_global_2020": 250.75428571428571, "punt_global_2022": 252.115, "matricula_total": 450.0, "demanda_total": 498.0, "sobre_demanda_j": 1.1066666666666667, "n_hogares_muestra": 2785.0, "poblacion_expandida": 36276.999997400002, "tasa_pobreza_monetaria": 0.36405045153531251, "tasa_pobreza_extrema": 0.1385694204002613, "tasa_ipm": 0.059295470718476399, "ingreso_percapita_promedio": 806264.42642344709, "capacidad_pago_promedio": 0.32519374720196009, "tamano_hogar_promedio": 3.8134009469447534, "gasto_educ_promedio": 236837.95138867959, "tasa_deficit_cuantitativo": 0.018247676176294698, "tasa_deficit_cualitativo": 0.13131140263641999, "tasa_deficit_habitacional": 0.1495590788127148, "pct_estrato_1": 0.0, "pct_estrato_2": 0.65038598484690036, "pct_estrato_3": 0.3496140151530997, "pct_estrato_4": 0.0, "pct_estrato_5": 0.0, "pct_estrato_6": 0.0, "s0_localidad": 0.27631916132375012, "dist_transmilenio_m": 632.24621382789564, "dist_sitp_m": 40.923175722518288, "dist_parque_m": 378.10619273894918, "homicidios": 209.0, "lesiones_personales": 3464.0, "hurto_personas": 19664.0, "hurto_residencias": 2638.0, "hurto_automotores": 681.0, "hurto_bicicletas": 1403.0, "hurto_comercio": 5397.0, "hurto_entidades": 1643.0, "violencia_intrafam": 7523.0, "delitos_sexuales": 1159.0, "pct_no_oficial": 55.7, "n_sedes_total": 149, "n_sedes_no_oficial": 83 }, "geometry": { "type": "Point", "coordinates": [ -74.17561000017561, 4.597890000591439 ] } },
{ "type": "Feature", "properties": { "DANE12_EST": "111001041611", "id_establecimiento": "111001041611", "nombre_establecimiento": "COLEGIO DIANA TURBAY (IED)", "nombre_localidad": "Rafael Uribe Uribe", "codigo_upz": "55", "nombre_upz": "DIANA TURBAY", "estrato": "Estrato 2", "zona": "URBANA", "caracter_media": "Académico", "lon": -74.110099999653386, "lat": 4.5475500001934401, "codigo_localidad": "18", "q_j": 256.54, "puntaje_2023": 256.54, "punt_global_2020": 249.06698961937715, "punt_global_2022": 251.46710207612455, "matricula_total": 1792.0, "demanda_total": 2084.0, "sobre_demanda_j": 1.1629464285714286, "n_hogares_muestra": 2431.0, "poblacion_expandida": 75394.000000699991, "tasa_pobreza_monetaria": 0.62391349514368877, "tasa_pobreza_extrema": 0.2314413282361725, "tasa_ipm": 0.12933088404129589, "ingreso_percapita_promedio": 475879.37762866321, "capacidad_pago_promedio": 0.50223154663300051, "tamano_hogar_promedio": 3.6859379607544351, "gasto_educ_promedio": 124946.7502659414, "tasa_deficit_cuantitativo": 0.017805050418966101, "tasa_deficit_cualitativo": 0.206111604975936, "tasa_deficit_habitacional": 0.22391665539490219, "pct_estrato_1": 0.29115658403183531, "pct_estrato_2": 0.70697889793359048, "pct_estrato_3": 0.0018645180345742999, "pct_estrato_4": 0.0, "pct_estrato_5": 0.0, "pct_estrato_6": 0.0, "s0_localidad": 0.2741314328601635, "dist_transmilenio_m": 1268.0457238090871, "dist_sitp_m": 57.902432230167818, "dist_parque_m": 49.875561517569537, "homicidios": 159.0, "lesiones_personales": 2500.0, "hurto_personas": 13897.0, "hurto_residencias": 1530.0, "hurto_automotores": 660.0, "hurto_bicicletas": 415.0, "hurto_comercio": 3902.0, "hurto_entidades": 942.0, "violencia_intrafam": 3177.0, "delitos_sexuales": 716.0, "pct_no_oficial": 57.85, "n_sedes_total": 121, "n_sedes_no_oficial": 70 }, "geometry": { "type": "Point", "coordinates": [ -74.110099999653386, 4.54755000019344 ] } },
{ "type": "Feature", "properties": { "DANE12_EST": "111001044270", "id_establecimiento": "111001044270", "nombre_establecimiento": "COLEGIO LOS COMUNEROS - OSWALDO GUAYASAMIN (IED)", "nombre_localidad": "Usme", "codigo_upz": "58", "nombre_upz": "COMUNEROS", "estrato": "Estrato 1", "zona": "URBANA", "caracter_media": "Sin información", "lon": -74.108719999629088, "lat": 4.4985200000455512, "codigo_localidad": "05", "q_j": 244.82333333333335, "puntaje_2023": 248.85, "punt_global_2020": 238.36, "punt_global_2022": 247.26, "matricula_total": 1909.0, "demanda_total": 2115.0, "sobre_demanda_j": 1.107909900471451, "n_hogares_muestra": 2461.0, "poblacion_expandida": 98789.999999699998, "tasa_pobreza_monetaria": 0.54632234953197589, "tasa_pobreza_extrema": 0.14300688904284739, "tasa_ipm": 0.0808793279686634, "ingreso_percapita_promedio": 538295.14854055992, "capacidad_pago_promedio": 0.6418885111488265, "tamano_hogar_promedio": 3.78760632903772, "gasto_educ_promedio": 85874.888113838184, "tasa_deficit_cuantitativo": 0.023710737932048899, "tasa_deficit_cualitativo": 0.15871960531782181, "tasa_deficit_habitacional": 0.1824303432498707, "pct_estrato_1": 0.4316831555524801, "pct_estrato_2": 0.56472274978003256, "pct_estrato_3": 0.0035940946674873002, "pct_estrato_4": 0.0, "pct_estrato_5": 0.0, "pct_estrato_6": 0.0, "s0_localidad": 0.18065503357765311, "dist_transmilenio_m": 3875.9763138776134, "dist_sitp_m": 72.766970875937204, "dist_parque_m": 122.39887009329836, "homicidios": 171.0, "lesiones_personales": 2562.0, "hurto_personas": 8404.0, "hurto_residencias": 1452.0, "hurto_automotores": 311.0, "hurto_bicicletas": 146.0, "hurto_comercio": 2308.0, "hurto_entidades": 623.0, "violencia_intrafam": 3963.0, "delitos_sexuales": 923.0, "pct_no_oficial": 33.03, "n_sedes_total": 109, "n_sedes_no_oficial": 36 }, "geometry": { "type": "Point", "coordinates": [ -74.108719999629088, 4.498520000045551 ] } },
{ "type": "Feature", "properties": { "DANE12_EST": "111001044385", "id_establecimiento": "111001044385", "nombre_establecimiento": "COLEGIO TECNICO CEDID GUILLERMO CANO ISAZA (IED)", "nombre_localidad": "Ciudad Bolivar", "codigo_upz": "67", "nombre_upz": "LUCERO", "estrato": "Estrato 2", "zona": "URBANA", "caracter_media": "Académico - Técnico", "lon": -74.13543999968303, "lat": 4.557519999936229, "codigo_localidad": "19", "q_j": 245.79666666666665, "puntaje_2023": 258.44, "punt_global_2020": 238.61, "punt_global_2022": 240.34, "matricula_total": 2743.0, "demanda_total": 3156.0, "sobre_demanda_j": 1.1505650747356908, "n_hogares_muestra": 2402.0, "poblacion_expandida": 161831.00001280001, "tasa_pobreza_monetaria": 0.7038631757592213, "tasa_pobreza_extrema": 0.29200637063703688, "tasa_ipm": 0.12833440894487039, "ingreso_percapita_promedio": 390100.43634986418, "capacidad_pago_promedio": 0.69990953908547293, "tamano_hogar_promedio": 3.7938052959151172, "gasto_educ_promedio": 94504.090399263441, "tasa_deficit_cuantitativo": 0.049540423591066397, "tasa_deficit_cualitativo": 0.26740798307417718, "tasa_deficit_habitacional": 0.31694840666524371, "pct_estrato_1": 0.72918739131913157, "pct_estrato_2": 0.25338518534370219, "pct_estrato_3": 0.0062719642164957004, "pct_estrato_4": 0.0, "pct_estrato_5": 0.0, "pct_estrato_6": 0.0, "s0_localidad": 0.24641727799438962, "dist_transmilenio_m": 1201.6383916306581, "dist_sitp_m": 167.67443112325267, "dist_parque_m": 49.835956304658382, "homicidios": 450.0, "lesiones_personales": 4378.0, "hurto_personas": 16269.0, "hurto_residencias": 1893.0, "hurto_automotores": 870.0, "hurto_bicicletas": 472.0, "hurto_comercio": 4561.0, "hurto_entidades": 1620.0, "violencia_intrafam": 8567.0, "delitos_sexuales": 1433.0, "pct_no_oficial": 44.59, "n_sedes_total": 148, "n_sedes_no_oficial": 66 }, "geometry": { "type": "Point", "coordinates": [ -74.13543999968303, 4.557519999936229 ] } },
{ "type": "Feature", "properties": { "DANE12_EST": "111001044806", "id_establecimiento": "111001044806", "nombre_establecimiento": "COLEGIO FRIEDRICH NAUMANN (IED)", "nombre_localidad": "Usaquen", "codigo_upz": "10", "nombre_upz": "LA URIBE", "estrato": "Estrato 2", "zona": "URBANA", "caracter_media": "Académico", "lon": -74.023210000147714, "lat": 4.7492100001980981, "codigo_localidad": "01", "q_j": 255.20333333333335, "puntaje_2023": 250.38, "punt_global_2020": 259.4, "punt_global_2022": 255.83, "matricula_total": 1369.0, "demanda_total": 1496.0, "sobre_demanda_j": 1.0927684441197956, "n_hogares_muestra": null, "poblacion_expandida": 94732.857144757159, "tasa_pobreza_monetaria": 0.32377311111451174, "tasa_pobreza_extrema": 0.10511918397125275, "tasa_ipm": 0.049290985928702964, "ingreso_percapita_promedio": 1161013.2622588598, "capacidad_pago_promedio": 0.30858930293610204, "tamano_hogar_promedio": 3.4724344667973326, "gasto_educ_promedio": 425969.36439633713, "tasa_deficit_cuantitativo": 0.010819250756112729, "tasa_deficit_cualitativo": 0.13408487846545294, "tasa_deficit_habitacional": 0.14490412922156565, "pct_estrato_1": 0.072492366478372067, "pct_estrato_2": 0.21225680405360367, "pct_estrato_3": 0.559581469184255, "pct_estrato_4": 0.13711317039085899, "pct_estrato_5": 0.018107588763574843, "pct_estrato_6": 0.0, "s0_localidad": 0.64146949244746554, "dist_transmilenio_m": 2600.9676681325427, "dist_sitp_m": 125.31622627633544, "dist_parque_m": 159.35020189224971, "homicidios": 93.0, "lesiones_personales": 1898.0, "hurto_personas": 34039.0, "hurto_residencias": 3332.0, "hurto_automotores": 363.0, "hurto_bicicletas": 1238.0, "hurto_comercio": 8366.0, "hurto_entidades": 408.0, "violencia_intrafam": 3095.0, "delitos_sexuales": 602.0, "pct_no_oficial": 78.79, "n_sedes_total": 132, "n_sedes_no_oficial": 104 }, "geometry": { "type": "Point", "coordinates": [ -74.023210000147714, 4.749210000198098 ] } },
{ "type": "Feature", "properties": { "DANE12_EST": "111001045225", "id_establecimiento": "111001045225", "nombre_establecimiento": "COLEGIO TIBABUYES UNIVERSAL (IED)", "nombre_localidad": "Suba", "codigo_upz": "71", "nombre_upz": "TIBABUYES", "estrato": "Estrato 2", "zona": "URBANA", "caracter_media": "Académico", "lon": -74.110470000447563, "lat": 4.7462100001279515, "codigo_localidad": "11", "q_j": 251.47666666666669, "puntaje_2023": 254.86, "punt_global_2020": 252.05, "punt_global_2022": 247.52, "matricula_total": 3734.0, "demanda_total": 4238.0, "sobre_demanda_j": 1.1349758971612212, "n_hogares_muestra": 2573.0, "poblacion_expandida": 297101.99999610003, "tasa_pobreza_monetaria": 0.4456968888729736, "tasa_pobreza_extrema": 0.14904137082914709, "tasa_ipm": 0.054795271255709099, "ingreso_percapita_promedio": 644941.21802584687, "capacidad_pago_promedio": 0.45039245678102652, "tamano_hogar_promedio": 3.8630385426488738, "gasto_educ_promedio": 238418.55806301135, "tasa_deficit_cuantitativo": 0.0083614290907923997, "tasa_deficit_cualitativo": 0.14471337553185229, "tasa_deficit_habitacional": 0.15307480462264469, "pct_estrato_1": 0.0023181771173167, "pct_estrato_2": 0.85090759959245821, "pct_estrato_3": 0.14522010698267379, "pct_estrato_4": 0.0015541163075511, "pct_estrato_5": 0.0, "pct_estrato_6": 0.0, "s0_localidad": 0.52282970591970535, "dist_transmilenio_m": 1795.4545817130538, "dist_sitp_m": 58.029849429710232, "dist_parque_m": 100.71870799768534, "homicidios": 143.0, "lesiones_personales": 4117.0, "hurto_personas": 47285.0, "hurto_residencias": 5010.0, "hurto_automotores": 938.0, "hurto_bicicletas": 2774.0, "hurto_comercio": 12600.0, "hurto_entidades": 1324.0, "violencia_intrafam": 8047.0, "delitos_sexuales": 1387.0, "pct_no_oficial": 80.22, "n_sedes_total": 364, "n_sedes_no_oficial": 292 }, "geometry": { "type": "Point", "coordinates": [ -74.110470000447563, 4.746210000127951 ] } },
{ "type": "Feature", "properties": { "DANE12_EST": "111001045535", "id_establecimiento": "111001045535", "nombre_establecimiento": "COLEGIO JOSE MANUEL RESTREPO (IED)", "nombre_localidad": "Puente Aranda", "codigo_upz": "43", "nombre_upz": "SAN RAFAEL", "estrato": "Estrato 3", "zona": "URBANA", "caracter_media": "Académico", "lon": -74.122719999888659, "lat": 4.617730000416655, "codigo_localidad": "16", "q_j": 281.15, "puntaje_2023": 279.23, "punt_global_2020": 279.6, "punt_global_2022": 284.62, "matricula_total": 1180.0, "demanda_total": 1270.0, "sobre_demanda_j": 1.076271186440678, "n_hogares_muestra": 2756.0, "poblacion_expandida": 73680.000002500004, "tasa_pobreza_monetaria": 0.23395105301459171, "tasa_pobreza_extrema": 0.084954684921112994, "tasa_ipm": 0.038597428695758697, "ingreso_percapita_promedio": 1176511.5528156538, "capacidad_pago_promedio": 0.14940939745149939, "tamano_hogar_promedio": 3.6055347431458489, "gasto_educ_promedio": 362000.61566031282, "tasa_deficit_cuantitativo": 0.0, "tasa_deficit_cualitativo": 0.1199970461536374, "tasa_deficit_habitacional": 0.1199970461536374, "pct_estrato_1": 0.00064466256241019996, "pct_estrato_2": 0.0, "pct_estrato_3": 0.99935533743758964, "pct_estrato_4": 0.0, "pct_estrato_5": 0.0, "pct_estrato_6": 0.0, "s0_localidad": 0.52110761758736768, "dist_transmilenio_m": 1279.3253273971663, "dist_sitp_m": 52.702972842301378, "dist_parque_m": 111.59293960981417, "homicidios": 81.0, "lesiones_personales": 1979.0, "hurto_personas": 20917.0, "hurto_residencias": 1572.0, "hurto_automotores": 1079.0, "hurto_bicicletas": 778.0, "hurto_comercio": 5413.0, "hurto_entidades": 730.0, "violencia_intrafam": 2327.0, "delitos_sexuales": 548.0, "pct_no_oficial": 68.0, "n_sedes_total": 100, "n_sedes_no_oficial": 68 }, "geometry": { "type": "Point", "coordinates": [ -74.122719999888659, 4.617730000416655 ] } },
{ "type": "Feature", "properties": { "DANE12_EST": "111001045705", "id_establecimiento": "111001045705", "nombre_establecimiento": "COLEGIO LA AURORA (IED)", "nombre_localidad": "Usme", "codigo_upz": "57", "nombre_upz": "GRAN YOMASA", "estrato": "Estrato 2", "zona": "URBANA", "caracter_media": "Académico", "lon": -74.122309999809829, "lat": 4.5233200001598783, "codigo_localidad": "05", "q_j": 254.08333333333334, "puntaje_2023": 251.92, "punt_global_2020": 254.14, "punt_global_2022": 256.19, "matricula_total": 1510.0, "demanda_total": 1601.0, "sobre_demanda_j": 1.0602649006622518, "n_hogares_muestra": 2440.0, "poblacion_expandida": 131329.99999830002, "tasa_pobreza_monetaria": 0.53757585547410236, "tasa_pobreza_extrema": 0.17050022665339101, "tasa_ipm": 0.099770706666181402, "ingreso_percapita_promedio": 546453.47327463643, "capacidad_pago_promedio": 0.5369657626400125, "tamano_hogar_promedio": 3.6829561057356353, "gasto_educ_promedio": 131619.82020471324, "tasa_deficit_cuantitativo": 0.0094164735347293006, "tasa_deficit_cualitativo": 0.1714038156094676, "tasa_deficit_habitacional": 0.18082028914419701, "pct_estrato_1": 0.21329619519883189, "pct_estrato_2": 0.7829697168463492, "pct_estrato_3": 0.0033905540356792998, "pct_estrato_4": 0.0, "pct_estrato_5": 0.0, "pct_estrato_6": 0.0, "s0_localidad": 0.18065503357765311, "dist_transmilenio_m": 987.92519505660198, "dist_sitp_m": 18.032534623816861, "dist_parque_m": 53.832692499129784, "homicidios": 171.0, "lesiones_personales": 2562.0, "hurto_personas": 8404.0, "hurto_residencias": 1452.0, "hurto_automotores": 311.0, "hurto_bicicletas": 146.0, "hurto_comercio": 2308.0, "hurto_entidades": 623.0, "violencia_intrafam": 3963.0, "delitos_sexuales": 923.0, "pct_no_oficial": 33.03, "n_sedes_total": 109, "n_sedes_no_oficial": 36 }, "geometry": { "type": "Point", "coordinates": [ -74.122309999809829, 4.523320000159878 ] } },
{ "type": "Feature", "properties": { "DANE12_EST": "111001045730", "id_establecimiento": "111001045730", "nombre_establecimiento": "COLEGIO EL PARAISO DE MANUELA BELTRAN (IED)", "nombre_localidad": "Ciudad Bolivar", "codigo_upz": "70", "nombre_upz": "JERUSALEN", "estrato": "Estrato 1", "zona": "URBANA", "caracter_media": "Académico", "lon": -74.158120000121485, "lat": 4.5724100004705486, "codigo_localidad": "19", "q_j": 256.61333333333334, "puntaje_2023": 252.93, "punt_global_2020": 254.15, "punt_global_2022": 262.76, "matricula_total": 2328.0, "demanda_total": 2528.0, "sobre_demanda_j": 1.0859106529209621, "n_hogares_muestra": 3157.0, "poblacion_expandida": 101327.00000070001, "tasa_pobreza_monetaria": 0.64089273847199035, "tasa_pobreza_extrema": 0.25138893360036341, "tasa_ipm": 0.12863783968547329, "ingreso_percapita_promedio": 413543.79333450919, "capacidad_pago_promedio": 0.71112288759562803, "tamano_hogar_promedio": 4.2963750196718804, "gasto_educ_promedio": 95023.513512922043, "tasa_deficit_cuantitativo": 0.028253485759769999, "tasa_deficit_cualitativo": 0.25092907414632171, "tasa_deficit_habitacional": 0.27918255990609181, "pct_estrato_1": 0.92590400154205565, "pct_estrato_2": 0.063541107804982996, "pct_estrato_3": 0.000778642800038, "pct_estrato_4": 0.0, "pct_estrato_5": 0.0, "pct_estrato_6": 0.0, "s0_localidad": 0.24641727799438962, "dist_transmilenio_m": 2116.3294637499425, "dist_sitp_m": 66.8428373645677, "dist_parque_m": 93.141096888754333, "homicidios": 450.0, "lesiones_personales": 4378.0, "hurto_personas": 16269.0, "hurto_residencias": 1893.0, "hurto_automotores": 870.0, "hurto_bicicletas": 472.0, "hurto_comercio": 4561.0, "hurto_entidades": 1620.0, "violencia_intrafam": 8567.0, "delitos_sexuales": 1433.0, "pct_no_oficial": 44.59, "n_sedes_total": 148, "n_sedes_no_oficial": 66 }, "geometry": { "type": "Point", "coordinates": [ -74.158120000121485, 4.572410000470549 ] } },
{ "type": "Feature", "properties": { "DANE12_EST": "111001046299", "id_establecimiento": "111001046299", "nombre_establecimiento": "COLEGIO MANUELA AYALA DE GAITAN (IED)", "nombre_localidad": "Engativa", "codigo_upz": "30", "nombre_upz": "BOYACA REAL", "estrato": "Estrato 3", "zona": "URBANA", "caracter_media": "Académico", "lon": -74.09953999985801, "lat": 4.6881899997163128, "codigo_localidad": "10", "q_j": 273.74, "puntaje_2023": 276.33, "punt_global_2020": 273.07, "punt_global_2022": 271.82, "matricula_total": 1606.0, "demanda_total": 1683.0, "sobre_demanda_j": 1.047945205479452, "n_hogares_muestra": 2323.0, "poblacion_expandida": 128077.9999945, "tasa_pobreza_monetaria": 0.21316985174169201, "tasa_pobreza_extrema": 0.087713598514049404, "tasa_ipm": 0.0197830925311826, "ingreso_percapita_promedio": 1221231.8086073501, "capacidad_pago_promedio": 0.12322486766484279, "tamano_hogar_promedio": 3.3229911651882169, "gasto_educ_promedio": 371577.38622723561, "tasa_deficit_cuantitativo": 0.0, "tasa_deficit_cualitativo": 0.064302304466447496, "tasa_deficit_habitacional": 0.064302304466447496, "pct_estrato_1": 0.0, "pct_estrato_2": 0.0071695178855027998, "pct_estrato_3": 0.97261072684418381, "pct_estrato_4": 0.016956639453249201, "pct_estrato_5": 0.0, "pct_estrato_6": 0.0032631158170641, "s0_localidad": 0.45908732785239414, "dist_transmilenio_m": 1279.6762220208468, "dist_sitp_m": 189.89704544582477, "dist_parque_m": 193.54408639254024, "homicidios": 114.0, "lesiones_personales": 3260.0, "hurto_personas": 44584.0, "hurto_residencias": 4694.0, "hurto_automotores": 1548.0, "hurto_bicicletas": 2840.0, "hurto_comercio": 11724.0, "hurto_entidades": 1616.0, "violencia_intrafam": 6497.0, "delitos_sexuales": 1001.0, "pct_no_oficial": 73.15, "n_sedes_total": 257, "n_sedes_no_oficial": 188 }, "geometry": { "type": "Point", "coordinates": [ -74.09953999985801, 4.688189999716313 ] } },
{ "type": "Feature", "properties": { "DANE12_EST": "111001046477", "id_establecimiento": "111001046477", "nombre_establecimiento": "COLEGIO GRANCOLOMBIANO (IED)", "nombre_localidad": "Bosa", "codigo_upz": "85", "nombre_upz": "BOSA CENTRAL", "estrato": "Estrato 2", "zona": "URBANA", "caracter_media": "Técnico", "lon": -74.199669999740053, "lat": 4.61022999990342, "codigo_localidad": "07", "q_j": 264.14333333333337, "puntaje_2023": 264.23, "punt_global_2020": 269.36, "punt_global_2022": 258.84, "matricula_total": 3684.0, "demanda_total": 3963.0, "sobre_demanda_j": 1.0757328990228012, "n_hogares_muestra": 2530.0, "poblacion_expandida": 236893.99999380001, "tasa_pobreza_monetaria": 0.57741222472278719, "tasa_pobreza_extrema": 0.2259702239533336, "tasa_ipm": 0.077274234200862393, "ingreso_percapita_promedio": 559243.48815241479, "capacidad_pago_promedio": 0.54172419916569725, "tamano_hogar_promedio": 3.6623812802853042, "gasto_educ_promedio": 133205.35666441551, "tasa_deficit_cuantitativo": 0.0140410598706048, "tasa_deficit_cualitativo": 0.15374357223675231, "tasa_deficit_habitacional": 0.16778463210735711, "pct_estrato_1": 0.010853917966547401, "pct_estrato_2": 0.98854682013655482, "pct_estrato_3": 0.00059926189689779997, "pct_estrato_4": 0.0, "pct_estrato_5": 0.0, "pct_estrato_6": 0.0, "s0_localidad": 0.27631916132375012, "dist_transmilenio_m": 2134.5064453683958, "dist_sitp_m": 120.93496336389465, "dist_parque_m": 123.81656003470135, "homicidios": 209.0, "lesiones_personales": 3464.0, "hurto_personas": 19664.0, "hurto_residencias": 2638.0, "hurto_automotores": 681.0, "hurto_bicicletas": 1403.0, "hurto_comercio": 5397.0, "hurto_entidades": 1643.0, "violencia_intrafam": 7523.0, "delitos_sexuales": 1159.0, "pct_no_oficial": 55.7, "n_sedes_total": 149, "n_sedes_no_oficial": 83 }, "geometry": { "type": "Point", "coordinates": [ -74.199669999740053, 4.61022999990342 ] } },
{ "type": "Feature", "properties": { "DANE12_EST": "111001046485", "id_establecimiento": "111001046485", "nombre_establecimiento": "COLEGIO NUEVO SAN ANDRES DE LOS ALTOS (IED)", "nombre_localidad": "Usme", "codigo_upz": "57", "nombre_upz": "GRAN YOMASA", "estrato": "Estrato 2", "zona": "URBANA", "caracter_media": "Académico", "lon": -74.120040000206004, "lat": 4.5253300003170489, "codigo_localidad": "05", "q_j": 247.58666666666667, "puntaje_2023": 248.43, "punt_global_2020": 245.31, "punt_global_2022": 249.02, "matricula_total": 1335.0, "demanda_total": 1436.0, "sobre_demanda_j": 1.0756554307116104, "n_hogares_muestra": 2440.0, "poblacion_expandida": 131329.99999830002, "tasa_pobreza_monetaria": 0.53757585547410236, "tasa_pobreza_extrema": 0.17050022665339101, "tasa_ipm": 0.099770706666181402, "ingreso_percapita_promedio": 546453.47327463643, "capacidad_pago_promedio": 0.5369657626400125, "tamano_hogar_promedio": 3.6829561057356353, "gasto_educ_promedio": 131619.82020471324, "tasa_deficit_cuantitativo": 0.0094164735347293006, "tasa_deficit_cualitativo": 0.1714038156094676, "tasa_deficit_habitacional": 0.18082028914419701, "pct_estrato_1": 0.21329619519883189, "pct_estrato_2": 0.7829697168463492, "pct_estrato_3": 0.0033905540356792998, "pct_estrato_4": 0.0, "pct_estrato_5": 0.0, "pct_estrato_6": 0.0, "s0_localidad": 0.18065503357765311, "dist_transmilenio_m": 713.56908981260221, "dist_sitp_m": 133.10972109463208, "dist_parque_m": 50.910147002381592, "homicidios": 171.0, "lesiones_personales": 2562.0, "hurto_personas": 8404.0, "hurto_residencias": 1452.0, "hurto_automotores": 311.0, "hurto_bicicletas": 146.0, "hurto_comercio": 2308.0, "hurto_entidades": 623.0, "violencia_intrafam": 3963.0, "delitos_sexuales": 923.0, "pct_no_oficial": 33.03, "n_sedes_total": 109, "n_sedes_no_oficial": 36 }, "geometry": { "type": "Point", "coordinates": [ -74.120040000206004, 4.525330000317049 ] } },
{ "type": "Feature", "properties": { "DANE12_EST": "111001046591", "id_establecimiento": "111001046591", "nombre_establecimiento": "COLEGIO JOSE ANTONIO GALAN (IED)", "nombre_localidad": "Bosa", "codigo_upz": "85", "nombre_upz": "BOSA CENTRAL", "estrato": "Estrato 2", "zona": "URBANA", "caracter_media": "Académico", "lon": -74.179069999832961, "lat": 4.6061199997350259, "codigo_localidad": "07", "q_j": 248.96666666666667, "puntaje_2023": 247.47, "punt_global_2020": 245.29, "punt_global_2022": 254.14, "matricula_total": 1738.0, "demanda_total": 1887.0, "sobre_demanda_j": 1.0857307249712314, "n_hogares_muestra": 2530.0, "poblacion_expandida": 236893.99999380001, "tasa_pobreza_monetaria": 0.57741222472278719, "tasa_pobreza_extrema": 0.2259702239533336, "tasa_ipm": 0.077274234200862393, "ingreso_percapita_promedio": 559243.48815241479, "capacidad_pago_promedio": 0.54172419916569725, "tamano_hogar_promedio": 3.6623812802853042, "gasto_educ_promedio": 133205.35666441551, "tasa_deficit_cuantitativo": 0.0140410598706048, "tasa_deficit_cualitativo": 0.15374357223675231, "tasa_deficit_habitacional": 0.16778463210735711, "pct_estrato_1": 0.010853917966547401, "pct_estrato_2": 0.98854682013655482, "pct_estrato_3": 0.00059926189689779997, "pct_estrato_4": 0.0, "pct_estrato_5": 0.0, "pct_estrato_6": 0.0, "s0_localidad": 0.27631916132375012, "dist_transmilenio_m": 1053.9785401095735, "dist_sitp_m": 172.3165866350987, "dist_parque_m": 96.16634718849626, "homicidios": 209.0, "lesiones_personales": 3464.0, "hurto_personas": 19664.0, "hurto_residencias": 2638.0, "hurto_automotores": 681.0, "hurto_bicicletas": 1403.0, "hurto_comercio": 5397.0, "hurto_entidades": 1643.0, "violencia_intrafam": 7523.0, "delitos_sexuales": 1159.0, "pct_no_oficial": 55.7, "n_sedes_total": 149, "n_sedes_no_oficial": 83 }, "geometry": { "type": "Point", "coordinates": [ -74.179069999832961, 4.606119999735026 ] } },
{ "type": "Feature", "properties": { "DANE12_EST": "111001046621", "id_establecimiento": "111001046621", "nombre_establecimiento": "COLEGIO NUEVA DELHI (IED)", "nombre_localidad": "San Cristobal", "codigo_upz": "51", "nombre_upz": "LOS LIBERTADORES", "estrato": "Estrato 2", "zona": "URBANA", "caracter_media": "Académico", "lon": -74.086070000226186, "lat": 4.5283300001274824, "codigo_localidad": "04", "q_j": 241.15, "puntaje_2023": 241.11, "punt_global_2020": 240.06, "punt_global_2022": 242.28, "matricula_total": 1023.0, "demanda_total": 1094.0, "sobre_demanda_j": 1.0694037145650048, "n_hogares_muestra": 2692.0, "poblacion_expandida": 77733.999996699989, "tasa_pobreza_monetaria": 0.52653769833454578, "tasa_pobreza_extrema": 0.1756566622209029, "tasa_ipm": 0.067361788036409895, "ingreso_percapita_promedio": 552249.07066018332, "capacidad_pago_promedio": 0.55247422117121425, "tamano_hogar_promedio": 3.6592377897750734, "gasto_educ_promedio": 168187.30175970253, "tasa_deficit_cuantitativo": 0.0051636119898246999, "tasa_deficit_cualitativo": 0.18674045249075361, "tasa_deficit_habitacional": 0.1919040644805784, "pct_estrato_1": 0.19496129335610379, "pct_estrato_2": 0.80181198873396431, "pct_estrato_3": 0.0, "pct_estrato_4": 0.0, "pct_estrato_5": 0.0, "pct_estrato_6": 0.0, "s0_localidad": 0.24275340378588084, "dist_transmilenio_m": 3712.6748268207984, "dist_sitp_m": 37.723791262828513, "dist_parque_m": 37.646001105393026, "homicidios": 113.0, "lesiones_personales": 2653.0, "hurto_personas": 11264.0, "hurto_residencias": 1302.0, "hurto_automotores": 438.0, "hurto_bicicletas": 251.0, "hurto_comercio": 3279.0, "hurto_entidades": 810.0, "violencia_intrafam": 4309.0, "delitos_sexuales": 811.0, "pct_no_oficial": 49.61, "n_sedes_total": 129, "n_sedes_no_oficial": 64 }, "geometry": { "type": "Point", "coordinates": [ -74.086070000226186, 4.528330000127482 ] } },
{ "type": "Feature", "properties": { "DANE12_EST": "111001046663", "id_establecimiento": "111001046663", "nombre_establecimiento": "COLEGIO VILLAMAR (IED)", "nombre_localidad": "Ciudad Bolivar", "codigo_upz": "67", "nombre_upz": "LUCERO", "estrato": "Estrato 1", "zona": "URBANA", "caracter_media": "Sin información", "lon": -74.15268000039022, "lat": 4.5534700001581641, "codigo_localidad": "19", "q_j": 244.92156918838737, "puntaje_2023": 249.21284170375077, "punt_global_2020": 242.96261443102355, "punt_global_2022": 242.58925143038778, "matricula_total": 529.0, "demanda_total": 560.0, "sobre_demanda_j": 1.0586011342155008, "n_hogares_muestra": 2402.0, "poblacion_expandida": 161831.00001280001, "tasa_pobreza_monetaria": 0.7038631757592213, "tasa_pobreza_extrema": 0.29200637063703688, "tasa_ipm": 0.12833440894487039, "ingreso_percapita_promedio": 390100.43634986418, "capacidad_pago_promedio": 0.69990953908547293, "tamano_hogar_promedio": 3.7938052959151172, "gasto_educ_promedio": 94504.090399263441, "tasa_deficit_cuantitativo": 0.049540423591066397, "tasa_deficit_cualitativo": 0.26740798307417718, "tasa_deficit_habitacional": 0.31694840666524371, "pct_estrato_1": 0.72918739131913157, "pct_estrato_2": 0.25338518534370219, "pct_estrato_3": 0.0062719642164957004, "pct_estrato_4": 0.0, "pct_estrato_5": 0.0, "pct_estrato_6": 0.0, "s0_localidad": 0.24641727799438962, "dist_transmilenio_m": 2329.1099347081231, "dist_sitp_m": 96.868006429737576, "dist_parque_m": 35.679364119101528, "homicidios": 450.0, "lesiones_personales": 4378.0, "hurto_personas": 16269.0, "hurto_residencias": 1893.0, "hurto_automotores": 870.0, "hurto_bicicletas": 472.0, "hurto_comercio": 4561.0, "hurto_entidades": 1620.0, "violencia_intrafam": 8567.0, "delitos_sexuales": 1433.0, "pct_no_oficial": 44.59, "n_sedes_total": 148, "n_sedes_no_oficial": 66 }, "geometry": { "type": "Point", "coordinates": [ -74.15268000039022, 4.553470000158164 ] } },
{ "type": "Feature", "properties": { "DANE12_EST": "111001046931", "id_establecimiento": "111001046931", "nombre_establecimiento": "COLEGIO ATABANZHA (IED)", "nombre_localidad": "Usme", "codigo_upz": "58", "nombre_upz": "COMUNEROS", "estrato": "Estrato 2", "zona": "URBANA", "caracter_media": "Académico", "lon": -74.116769999621141, "lat": 4.5068300003647002, "codigo_localidad": "05", "q_j": 249.28, "puntaje_2023": 249.35, "punt_global_2020": 248.23, "punt_global_2022": 250.26, "matricula_total": 1296.0, "demanda_total": 1368.0, "sobre_demanda_j": 1.0555555555555556, "n_hogares_muestra": 2461.0, "poblacion_expandida": 98789.999999699998, "tasa_pobreza_monetaria": 0.54632234953197589, "tasa_pobreza_extrema": 0.14300688904284739, "tasa_ipm": 0.0808793279686634, "ingreso_percapita_promedio": 538295.14854055992, "capacidad_pago_promedio": 0.6418885111488265, "tamano_hogar_promedio": 3.78760632903772, "gasto_educ_promedio": 85874.888113838184, "tasa_deficit_cuantitativo": 0.023710737932048899, "tasa_deficit_cualitativo": 0.15871960531782181, "tasa_deficit_habitacional": 0.1824303432498707, "pct_estrato_1": 0.4316831555524801, "pct_estrato_2": 0.56472274978003256, "pct_estrato_3": 0.0035940946674873002, "pct_estrato_4": 0.0, "pct_estrato_5": 0.0, "pct_estrato_6": 0.0, "s0_localidad": 0.18065503357765311, "dist_transmilenio_m": 2782.2504860150502, "dist_sitp_m": 267.85336323388481, "dist_parque_m": 185.43036759353961, "homicidios": 171.0, "lesiones_personales": 2562.0, "hurto_personas": 8404.0, "hurto_residencias": 1452.0, "hurto_automotores": 311.0, "hurto_bicicletas": 146.0, "hurto_comercio": 2308.0, "hurto_entidades": 623.0, "violencia_intrafam": 3963.0, "delitos_sexuales": 923.0, "pct_no_oficial": 33.03, "n_sedes_total": 109, "n_sedes_no_oficial": 36 }, "geometry": { "type": "Point", "coordinates": [ -74.116769999621141, 4.5068300003647 ] } },
{ "type": "Feature", "properties": { "DANE12_EST": "111001046957", "id_establecimiento": "111001046957", "nombre_establecimiento": "COLEGIO TOBERIN (IED)", "nombre_localidad": "Usaquen", "codigo_upz": "12", "nombre_upz": "TOBERIN", "estrato": "Estrato 3", "zona": "URBANA", "caracter_media": "Académico", "lon": -74.039490000056858, "lat": 4.7454099998161237, "codigo_localidad": "01", "q_j": 260.26, "puntaje_2023": 257.69, "punt_global_2020": 262.11, "punt_global_2022": 260.98, "matricula_total": 2687.0, "demanda_total": 2958.0, "sobre_demanda_j": 1.1008559732043171, "n_hogares_muestra": 2488.0, "poblacion_expandida": 61972.000004900001, "tasa_pobreza_monetaria": 0.1281535206846971, "tasa_pobreza_extrema": 0.042992168769594899, "tasa_ipm": 0.010513101491778301, "ingreso_percapita_promedio": 2106303.128725721, "capacidad_pago_promedio": 0.062292786918201198, "tamano_hogar_promedio": 3.2260402213337058, "gasto_educ_promedio": 677135.86995871388, "tasa_deficit_cuantitativo": 0.0020991996222440999, "tasa_deficit_cualitativo": 0.073273205821031404, "tasa_deficit_habitacional": 0.0753724054432756, "pct_estrato_1": 0.0011143523090192001, "pct_estrato_2": 0.0289524870676778, "pct_estrato_3": 0.36502468556947298, "pct_estrato_4": 0.60197586492690769, "pct_estrato_5": 0.0029326101269222999, "pct_estrato_6": 0.0, "s0_localidad": 0.64146949244746554, "dist_transmilenio_m": 864.75589099759566, "dist_sitp_m": 86.519897406790335, "dist_parque_m": 94.539915653176749, "homicidios": 93.0, "lesiones_personales": 1898.0, "hurto_personas": 34039.0, "hurto_residencias": 3332.0, "hurto_automotores": 363.0, "hurto_bicicletas": 1238.0, "hurto_comercio": 8366.0, "hurto_entidades": 408.0, "violencia_intrafam": 3095.0, "delitos_sexuales": 602.0, "pct_no_oficial": 78.79, "n_sedes_total": 132, "n_sedes_no_oficial": 104 }, "geometry": { "type": "Point", "coordinates": [ -74.039490000056858, 4.745409999816124 ] } },
{ "type": "Feature", "properties": { "DANE12_EST": "111001047457", "id_establecimiento": "111001047457", "nombre_establecimiento": "COLEGIO LA ARABIA (IED)", "nombre_localidad": "Ciudad Bolivar", "codigo_upz": "68", "nombre_upz": "EL TESORO", "estrato": "Estrato 1", "zona": "URBANA", "caracter_media": "Sin información", "lon": -74.147239999760629, "lat": 4.533819999753967, "codigo_localidad": "19", "q_j": 249.49676573426567, "puntaje_2023": 253.97520979020979, "punt_global_2020": 248.41729312354315, "punt_global_2022": 246.09779428904429, "matricula_total": 902.0, "demanda_total": 961.0, "sobre_demanda_j": 1.065410199556541, "n_hogares_muestra": null, "poblacion_expandida": 161831.00001280001, "tasa_pobreza_monetaria": 0.7038631757592213, "tasa_pobreza_extrema": 0.29200637063703688, "tasa_ipm": 0.12833440894487039, "ingreso_percapita_promedio": 390100.43634986418, "capacidad_pago_promedio": 0.69990953908547293, "tamano_hogar_promedio": 3.7938052959151176, "gasto_educ_promedio": 94504.090399263441, "tasa_deficit_cuantitativo": 0.049540423591066397, "tasa_deficit_cualitativo": 0.26740798307417718, "tasa_deficit_habitacional": 0.31694840666524371, "pct_estrato_1": 0.72918739131913157, "pct_estrato_2": 0.25338518534370219, "pct_estrato_3": 0.0062719642164957004, "pct_estrato_4": 0.0, "pct_estrato_5": 0.0, "pct_estrato_6": 0.0, "s0_localidad": 0.24641727799438962, "dist_transmilenio_m": 3095.8476350716237, "dist_sitp_m": 37.71869581110051, "dist_parque_m": 70.259245410150527, "homicidios": 450.0, "lesiones_personales": 4378.0, "hurto_personas": 16269.0, "hurto_residencias": 1893.0, "hurto_automotores": 870.0, "hurto_bicicletas": 472.0, "hurto_comercio": 4561.0, "hurto_entidades": 1620.0, "violencia_intrafam": 8567.0, "delitos_sexuales": 1433.0, "pct_no_oficial": 44.59, "n_sedes_total": 148, "n_sedes_no_oficial": 66 }, "geometry": { "type": "Point", "coordinates": [ -74.147239999760629, 4.533819999753967 ] } },
{ "type": "Feature", "properties": { "DANE12_EST": "111001047571", "id_establecimiento": "111001047571", "nombre_establecimiento": "COLEGIO ARBORIZADORA ALTA (IED)", "nombre_localidad": "Ciudad Bolivar", "codigo_upz": "70", "nombre_upz": "JERUSALEN", "estrato": "Estrato 1", "zona": "URBANA", "caracter_media": "Académico", "lon": -74.157340000146803, "lat": 4.5690899999368284, "codigo_localidad": "19", "q_j": 242.79333333333332, "puntaje_2023": 245.64, "punt_global_2020": 242.1, "punt_global_2022": 240.64, "matricula_total": 2552.0, "demanda_total": 2734.0, "sobre_demanda_j": 1.0713166144200628, "n_hogares_muestra": 3157.0, "poblacion_expandida": 101327.00000070001, "tasa_pobreza_monetaria": 0.64089273847199035, "tasa_pobreza_extrema": 0.25138893360036341, "tasa_ipm": 0.12863783968547329, "ingreso_percapita_promedio": 413543.79333450919, "capacidad_pago_promedio": 0.71112288759562803, "tamano_hogar_promedio": 4.2963750196718804, "gasto_educ_promedio": 95023.513512922043, "tasa_deficit_cuantitativo": 0.028253485759769999, "tasa_deficit_cualitativo": 0.25092907414632171, "tasa_deficit_habitacional": 0.27918255990609181, "pct_estrato_1": 0.92590400154205565, "pct_estrato_2": 0.063541107804982996, "pct_estrato_3": 0.000778642800038, "pct_estrato_4": 0.0, "pct_estrato_5": 0.0, "pct_estrato_6": 0.0, "s0_localidad": 0.24641727799438962, "dist_transmilenio_m": 2006.9230646784415, "dist_sitp_m": 96.540682121538836, "dist_parque_m": 116.14290291934689, "homicidios": 450.0, "lesiones_personales": 4378.0, "hurto_personas": 16269.0, "hurto_residencias": 1893.0, "hurto_automotores": 870.0, "hurto_bicicletas": 472.0, "hurto_comercio": 4561.0, "hurto_entidades": 1620.0, "violencia_intrafam": 8567.0, "delitos_sexuales": 1433.0, "pct_no_oficial": 44.59, "n_sedes_total": 148, "n_sedes_no_oficial": 66 }, "geometry": { "type": "Point", "coordinates": [ -74.157340000146803, 4.569089999936828 ] } },
{ "type": "Feature", "properties": { "DANE12_EST": "111001047678", "id_establecimiento": "111001047678", "nombre_establecimiento": "COLEGIO PARAISO MIRADOR (IED)", "nombre_localidad": "Ciudad Bolivar", "codigo_upz": "67", "nombre_upz": "LUCERO", "estrato": "Estrato 1", "zona": "URBANA", "caracter_media": "Sin información", "lon": -74.162230000057164, "lat": 4.5511700002038991, "codigo_localidad": "19", "q_j": 233.23666666666668, "puntaje_2023": 244.68, "punt_global_2020": 230.23, "punt_global_2022": 224.8, "matricula_total": 2921.0, "demanda_total": 3414.0, "sobre_demanda_j": 1.1687778158165012, "n_hogares_muestra": 2402.0, "poblacion_expandida": 161831.00001280001, "tasa_pobreza_monetaria": 0.7038631757592213, "tasa_pobreza_extrema": 0.29200637063703688, "tasa_ipm": 0.12833440894487039, "ingreso_percapita_promedio": 390100.43634986418, "capacidad_pago_promedio": 0.69990953908547293, "tamano_hogar_promedio": 3.7938052959151172, "gasto_educ_promedio": 94504.090399263441, "tasa_deficit_cuantitativo": 0.049540423591066397, "tasa_deficit_cualitativo": 0.26740798307417718, "tasa_deficit_habitacional": 0.31694840666524371, "pct_estrato_1": 0.72918739131913157, "pct_estrato_2": 0.25338518534370219, "pct_estrato_3": 0.0062719642164957004, "pct_estrato_4": 0.0, "pct_estrato_5": 0.0, "pct_estrato_6": 0.0, "s0_localidad": 0.24641727799438962, "dist_transmilenio_m": 3268.0780849595362, "dist_sitp_m": 274.27424494164472, "dist_parque_m": 25.25626545847723, "homicidios": 450.0, "lesiones_personales": 4378.0, "hurto_personas": 16269.0, "hurto_residencias": 1893.0, "hurto_automotores": 870.0, "hurto_bicicletas": 472.0, "hurto_comercio": 4561.0, "hurto_entidades": 1620.0, "violencia_intrafam": 8567.0, "delitos_sexuales": 1433.0, "pct_no_oficial": 44.59, "n_sedes_total": 148, "n_sedes_no_oficial": 66 }, "geometry": { "type": "Point", "coordinates": [ -74.162230000057164, 4.551170000203899 ] } },
{ "type": "Feature", "properties": { "DANE12_EST": "111001065056", "id_establecimiento": "111001065056", "nombre_establecimiento": "COLEGIO LUIS CARLOS GALAN SARMIENTO (IED)", "nombre_localidad": "Puente Aranda", "codigo_upz": "40", "nombre_upz": "CIUDAD MONTES", "estrato": "Estrato 3", "zona": "URBANA", "caracter_media": "Académico", "lon": -74.119169999819633, "lat": 4.6114600004502906, "codigo_localidad": "16", "q_j": 281.25333333333333, "puntaje_2023": 282.77, "punt_global_2020": 278.89, "punt_global_2022": 282.1, "matricula_total": 1359.0, "demanda_total": 1426.0, "sobre_demanda_j": 1.0493009565857248, "n_hogares_muestra": 2216.0, "poblacion_expandida": 102337.999998, "tasa_pobreza_monetaria": 0.26892518363206092, "tasa_pobreza_extrema": 0.1492230603802932, "tasa_ipm": 0.032160553297546503, "ingreso_percapita_promedio": 1197049.8054420657, "capacidad_pago_promedio": 0.14485836851403891, "tamano_hogar_promedio": 3.4479478357745501, "gasto_educ_promedio": 354259.42587660241, "tasa_deficit_cuantitativo": 0.0032629278812026999, "tasa_deficit_cualitativo": 0.052480742054808197, "tasa_deficit_habitacional": 0.055743669936010903, "pct_estrato_1": 0.0012943872266664, "pct_estrato_2": 0.0016206459800195, "pct_estrato_3": 0.99708496679331404, "pct_estrato_4": 0.0, "pct_estrato_5": 0.0, "pct_estrato_6": 0.0, "s0_localidad": 0.52110761758736768, "dist_transmilenio_m": 1829.6973918848432, "dist_sitp_m": 67.430029002863165, "dist_parque_m": 138.83770460315432, "homicidios": 81.0, "lesiones_personales": 1979.0, "hurto_personas": 20917.0, "hurto_residencias": 1572.0, "hurto_automotores": 1079.0, "hurto_bicicletas": 778.0, "hurto_comercio": 5413.0, "hurto_entidades": 730.0, "violencia_intrafam": 2327.0, "delitos_sexuales": 548.0, "pct_no_oficial": 68.0, "n_sedes_total": 100, "n_sedes_no_oficial": 68 }, "geometry": { "type": "Point", "coordinates": [ -74.119169999819633, 4.611460000450291 ] } },
{ "type": "Feature", "properties": { "DANE12_EST": "111001065234", "id_establecimiento": "111001065234", "nombre_establecimiento": "COLEGIO USMINIA (IED)", "nombre_localidad": "Usme", "codigo_upz": "58", "nombre_upz": "COMUNEROS", "estrato": "Sin estrato", "zona": "URBANA", "caracter_media": "Académico", "lon": -74.117229999928668, "lat": 4.495040000066318, "codigo_localidad": "05", "q_j": 244.61333333333332, "puntaje_2023": 246.54, "punt_global_2020": 241.41, "punt_global_2022": 245.89, "matricula_total": 1107.0, "demanda_total": 1176.0, "sobre_demanda_j": 1.0623306233062331, "n_hogares_muestra": 2461.0, "poblacion_expandida": 98789.999999699998, "tasa_pobreza_monetaria": 0.54632234953197589, "tasa_pobreza_extrema": 0.14300688904284739, "tasa_ipm": 0.0808793279686634, "ingreso_percapita_promedio": 538295.14854055992, "capacidad_pago_promedio": 0.6418885111488265, "tamano_hogar_promedio": 3.78760632903772, "gasto_educ_promedio": 85874.888113838184, "tasa_deficit_cuantitativo": 0.023710737932048899, "tasa_deficit_cualitativo": 0.15871960531782181, "tasa_deficit_habitacional": 0.1824303432498707, "pct_estrato_1": 0.4316831555524801, "pct_estrato_2": 0.56472274978003256, "pct_estrato_3": 0.0035940946674873002, "pct_estrato_4": 0.0, "pct_estrato_5": 0.0, "pct_estrato_6": 0.0, "s0_localidad": 0.18065503357765311, "dist_transmilenio_m": 4085.0571542049411, "dist_sitp_m": 128.92952413140929, "dist_parque_m": 74.418612000333098, "homicidios": 171.0, "lesiones_personales": 2562.0, "hurto_personas": 8404.0, "hurto_residencias": 1452.0, "hurto_automotores": 311.0, "hurto_bicicletas": 146.0, "hurto_comercio": 2308.0, "hurto_entidades": 623.0, "violencia_intrafam": 3963.0, "delitos_sexuales": 923.0, "pct_no_oficial": 33.03, "n_sedes_total": 109, "n_sedes_no_oficial": 36 }, "geometry": { "type": "Point", "coordinates": [ -74.117229999928668, 4.495040000066318 ] } },
{ "type": "Feature", "properties": { "DANE12_EST": "111001075272", "id_establecimiento": "111001075272", "nombre_establecimiento": "COLEGIO NUEVA COLOMBIA (IED)", "nombre_localidad": "Suba", "codigo_upz": "28", "nombre_upz": "EL RINCON", "estrato": "Estrato 2", "zona": "URBANA", "caracter_media": "Académico", "lon": -74.099359999932943, "lat": 4.7285200001709207, "codigo_localidad": "11", "q_j": 250.2, "puntaje_2023": 245.77, "punt_global_2020": 250.42, "punt_global_2022": 254.41, "matricula_total": 2801.0, "demanda_total": 3124.0, "sobre_demanda_j": 1.1153159585862191, "n_hogares_muestra": 2382.0, "poblacion_expandida": 288983.99999600003, "tasa_pobreza_monetaria": 0.39372393871312911, "tasa_pobreza_extrema": 0.1074366146223657, "tasa_ipm": 0.060527870641426902, "ingreso_percapita_promedio": 736885.83955951873, "capacidad_pago_promedio": 0.35341762880994682, "tamano_hogar_promedio": 3.5256419863051338, "gasto_educ_promedio": 229243.80352093693, "tasa_deficit_cuantitativo": 0.0020934378962445999, "tasa_deficit_cualitativo": 0.1305752875097663, "tasa_deficit_habitacional": 0.13266872540601099, "pct_estrato_1": 0.0094350357315205, "pct_estrato_2": 0.61616858753240555, "pct_estrato_3": 0.36319133631914841, "pct_estrato_4": 0.0, "pct_estrato_5": 0.0, "pct_estrato_6": 0.0, "s0_localidad": 0.52282970591970535, "dist_transmilenio_m": 1794.439836904899, "dist_sitp_m": 160.44375730210311, "dist_parque_m": 16.29439578047052, "homicidios": 143.0, "lesiones_personales": 4117.0, "hurto_personas": 47285.0, "hurto_residencias": 5010.0, "hurto_automotores": 938.0, "hurto_bicicletas": 2774.0, "hurto_comercio": 12600.0, "hurto_entidades": 1324.0, "violencia_intrafam": 8047.0, "delitos_sexuales": 1387.0, "pct_no_oficial": 80.22, "n_sedes_total": 364, "n_sedes_no_oficial": 292 }, "geometry": { "type": "Point", "coordinates": [ -74.099359999932943, 4.728520000170921 ] } },
{ "type": "Feature", "properties": { "DANE12_EST": "111001075329", "id_establecimiento": "111001075329", "nombre_establecimiento": "COLEGIO MARIA MERCEDES CARRANZA (IED)", "nombre_localidad": "Ciudad Bolivar", "codigo_upz": "69", "nombre_upz": "ISMAEL PERDOMO", "estrato": "Estrato 2", "zona": "URBANA", "caracter_media": "Académico", "lon": -74.163779999960767, "lat": 4.5864500004052129, "codigo_localidad": "19", "q_j": 260.54, "puntaje_2023": 260.42, "punt_global_2020": 257.84, "punt_global_2022": 263.36, "matricula_total": 2982.0, "demanda_total": 3176.0, "sobre_demanda_j": 1.0650570087189806, "n_hogares_muestra": 2366.0, "poblacion_expandida": 164520.00000199999, "tasa_pobreza_monetaria": 0.51545916573346162, "tasa_pobreza_extrema": 0.16132286291926429, "tasa_ipm": 0.1120384549706778, "ingreso_percapita_promedio": 615523.9462379344, "capacidad_pago_promedio": 0.52716050758962851, "tamano_hogar_promedio": 3.8098645044388539, "gasto_educ_promedio": 155800.13389930749, "tasa_deficit_cuantitativo": 0.020936730408814198, "tasa_deficit_cualitativo": 0.1935707537570682, "tasa_deficit_habitacional": 0.2145074841658825, "pct_estrato_1": 0.44532129046930069, "pct_estrato_2": 0.4547796296212645, "pct_estrato_3": 0.099899079909434696, "pct_estrato_4": 0.0, "pct_estrato_5": 0.0, "pct_estrato_6": 0.0, "s0_localidad": 0.24641727799438962, "dist_transmilenio_m": 1046.6544068785684, "dist_sitp_m": 103.06108051963841, "dist_parque_m": 118.85859553910733, "homicidios": 450.0, "lesiones_personales": 4378.0, "hurto_personas": 16269.0, "hurto_residencias": 1893.0, "hurto_automotores": 870.0, "hurto_bicicletas": 472.0, "hurto_comercio": 4561.0, "hurto_entidades": 1620.0, "violencia_intrafam": 8567.0, "delitos_sexuales": 1433.0, "pct_no_oficial": 44.59, "n_sedes_total": 148, "n_sedes_no_oficial": 66 }, "geometry": { "type": "Point", "coordinates": [ -74.163779999960767, 4.586450000405213 ] } },
{ "type": "Feature", "properties": { "DANE12_EST": "111001075515", "id_establecimiento": "111001075515", "nombre_establecimiento": "COLEGIO GUSTAVO MORALES MORALES (IED)", "nombre_localidad": "Suba", "codigo_upz": "24", "nombre_upz": "NIZA", "estrato": "Estrato 3", "zona": "URBANA", "caracter_media": "Académico", "lon": -74.064389999870443, "lat": 4.7166900005366346, "codigo_localidad": "11", "q_j": 266.83666666666664, "puntaje_2023": 276.54, "punt_global_2020": 261.23, "punt_global_2022": 262.74, "matricula_total": 2215.0, "demanda_total": 2481.0, "sobre_demanda_j": 1.1200902934537247, "n_hogares_muestra": 2414.0, "poblacion_expandida": 83090.999998300002, "tasa_pobreza_monetaria": 0.087654269685633904, "tasa_pobreza_extrema": 0.041000741727379601, "tasa_ipm": 0.0151284626677464, "ingreso_percapita_promedio": 3336694.3708129125, "capacidad_pago_promedio": 0.037599356310116801, "tamano_hogar_promedio": 3.2109780675904571, "gasto_educ_promedio": 1494185.820978188, "tasa_deficit_cuantitativo": 0.0, "tasa_deficit_cualitativo": 0.052280358917197699, "tasa_deficit_habitacional": 0.052280358917197699, "pct_estrato_1": 0.0140404436427996, "pct_estrato_2": 0.0110235009148853, "pct_estrato_3": 0.22013083207175529, "pct_estrato_4": 0.12849464421680371, "pct_estrato_5": 0.5568065357661669, "pct_estrato_6": 0.067651477641561694, "s0_localidad": 0.52282970591970535, "dist_transmilenio_m": 1020.5923912307185, "dist_sitp_m": 37.17835289740254, "dist_parque_m": 186.11980151760758, "homicidios": 143.0, "lesiones_personales": 4117.0, "hurto_personas": 47285.0, "hurto_residencias": 5010.0, "hurto_automotores": 938.0, "hurto_bicicletas": 2774.0, "hurto_comercio": 12600.0, "hurto_entidades": 1324.0, "violencia_intrafam": 8047.0, "delitos_sexuales": 1387.0, "pct_no_oficial": 80.22, "n_sedes_total": 364, "n_sedes_no_oficial": 292 }, "geometry": { "type": "Point", "coordinates": [ -74.064389999870443, 4.716690000536635 ] } },
{ "type": "Feature", "properties": { "DANE12_EST": "111001075663", "id_establecimiento": "111001075663", "nombre_establecimiento": "COLEGIO ESTRELLA DEL SUR (IED)", "nombre_localidad": "Ciudad Bolivar", "codigo_upz": "67", "nombre_upz": "LUCERO", "estrato": "Estrato 1", "zona": "URBANA", "caracter_media": "Académico", "lon": -74.142420000170489, "lat": 4.5449000004173756, "codigo_localidad": "19", "q_j": 240.14666666666665, "puntaje_2023": 243.28, "punt_global_2020": 235.39, "punt_global_2022": 241.77, "matricula_total": 1924.0, "demanda_total": 2112.0, "sobre_demanda_j": 1.0977130977130978, "n_hogares_muestra": 2402.0, "poblacion_expandida": 161831.00001280001, "tasa_pobreza_monetaria": 0.7038631757592213, "tasa_pobreza_extrema": 0.29200637063703688, "tasa_ipm": 0.12833440894487039, "ingreso_percapita_promedio": 390100.43634986418, "capacidad_pago_promedio": 0.69990953908547293, "tamano_hogar_promedio": 3.7938052959151172, "gasto_educ_promedio": 94504.090399263441, "tasa_deficit_cuantitativo": 0.049540423591066397, "tasa_deficit_cualitativo": 0.26740798307417718, "tasa_deficit_habitacional": 0.31694840666524371, "pct_estrato_1": 0.72918739131913157, "pct_estrato_2": 0.25338518534370219, "pct_estrato_3": 0.0062719642164957004, "pct_estrato_4": 0.0, "pct_estrato_5": 0.0, "pct_estrato_6": 0.0, "s0_localidad": 0.24641727799438962, "dist_transmilenio_m": 2394.767770343266, "dist_sitp_m": 40.233404780369632, "dist_parque_m": 160.64606860130942, "homicidios": 450.0, "lesiones_personales": 4378.0, "hurto_personas": 16269.0, "hurto_residencias": 1893.0, "hurto_automotores": 870.0, "hurto_bicicletas": 472.0, "hurto_comercio": 4561.0, "hurto_entidades": 1620.0, "violencia_intrafam": 8567.0, "delitos_sexuales": 1433.0, "pct_no_oficial": 44.59, "n_sedes_total": 148, "n_sedes_no_oficial": 66 }, "geometry": { "type": "Point", "coordinates": [ -74.142420000170489, 4.544900000417376 ] } },
{ "type": "Feature", "properties": { "DANE12_EST": "111001075736", "id_establecimiento": "111001075736", "nombre_establecimiento": "COLEGIO ISLA DEL SOL (IED)", "nombre_localidad": "Tunjuelito", "codigo_upz": "42", "nombre_upz": "VENECIA", "estrato": "Estrato 2", "zona": "URBANA", "caracter_media": "Académico", "lon": -74.152470000327938, "lat": 4.5894299999009904, "codigo_localidad": "06", "q_j": 261.84333333333331, "puntaje_2023": 258.85, "punt_global_2020": 261.46, "punt_global_2022": 265.22, "matricula_total": 1019.0, "demanda_total": 1142.0, "sobre_demanda_j": 1.1207065750736016, "n_hogares_muestra": 2196.0, "poblacion_expandida": 139490.00000639999, "tasa_pobreza_monetaria": 0.3456416416631149, "tasa_pobreza_extrema": 0.1503118512921213, "tasa_ipm": 0.036363872199206101, "ingreso_percapita_promedio": 842886.87202135962, "capacidad_pago_promedio": 0.25434746722540807, "tamano_hogar_promedio": 3.1588579415756208, "gasto_educ_promedio": 260612.53234385408, "tasa_deficit_cuantitativo": 0.0054515723698122, "tasa_deficit_cualitativo": 0.13446758352454949, "tasa_deficit_habitacional": 0.13991915589436171, "pct_estrato_1": 0.0, "pct_estrato_2": 0.54682567130475535, "pct_estrato_3": 0.45317432869524471, "pct_estrato_4": 0.0, "pct_estrato_5": 0.0, "pct_estrato_6": 0.0, "s0_localidad": 0.24596233549441804, "dist_transmilenio_m": 844.40741416316064, "dist_sitp_m": 48.635127553466141, "dist_parque_m": 42.670516303443996, "homicidios": 67.0, "lesiones_personales": 1311.0, "hurto_personas": 8872.0, "hurto_residencias": 687.0, "hurto_automotores": 293.0, "hurto_bicicletas": 367.0, "hurto_comercio": 2403.0, "hurto_entidades": 312.0, "violencia_intrafam": 1641.0, "delitos_sexuales": 328.0, "pct_no_oficial": 64.29, "n_sedes_total": 70, "n_sedes_no_oficial": 45 }, "geometry": { "type": "Point", "coordinates": [ -74.152470000327938, 4.58942999990099 ] } },
{ "type": "Feature", "properties": { "DANE12_EST": "111001075752", "id_establecimiento": "111001075752", "nombre_establecimiento": "COLEGIO SOTAVENTO (IED)", "nombre_localidad": "Ciudad Bolivar", "codigo_upz": "68", "nombre_upz": "EL TESORO", "estrato": "Estrato 2", "zona": "URBANA", "caracter_media": "Académico", "lon": -74.137459999939921, "lat": 4.5445700004252823, "codigo_localidad": "19", "q_j": 272.65333333333336, "puntaje_2023": 269.62, "punt_global_2020": 281.72, "punt_global_2022": 266.62, "matricula_total": 950.0, "demanda_total": 997.0, "sobre_demanda_j": 1.0494736842105263, "n_hogares_muestra": null, "poblacion_expandida": 156951.22223350557, "tasa_pobreza_monetaria": 0.68386994585702043, "tasa_pobreza_extrema": 0.27892934582451134, "tasa_ipm": 0.12542940133746547, "ingreso_percapita_promedio": 411040.95039533847, "capacidad_pago_promedio": 0.68103882015991946, "tamano_hogar_promedio": 3.8107169388698736, "gasto_educ_promedio": 99849.232365893185, "tasa_deficit_cuantitativo": 0.045911032181280988, "tasa_deficit_cualitativo": 0.26000675910868309, "tasa_deficit_habitacional": 0.30591779128996421, "pct_estrato_1": 0.68217276675435834, "pct_estrato_2": 0.29672054835563227, "pct_estrato_3": 0.011166660338671829, "pct_estrato_4": 0.0, "pct_estrato_5": 0.0, "pct_estrato_6": 0.0, "s0_localidad": 0.24641727799438962, "dist_transmilenio_m": 1843.7794709274972, "dist_sitp_m": 24.233601831226416, "dist_parque_m": 42.087556220780236, "homicidios": 450.0, "lesiones_personales": 4378.0, "hurto_personas": 16269.0, "hurto_residencias": 1893.0, "hurto_automotores": 870.0, "hurto_bicicletas": 472.0, "hurto_comercio": 4561.0, "hurto_entidades": 1620.0, "violencia_intrafam": 8567.0, "delitos_sexuales": 1433.0, "pct_no_oficial": 44.59, "n_sedes_total": 148, "n_sedes_no_oficial": 66 }, "geometry": { "type": "Point", "coordinates": [ -74.137459999939921, 4.544570000425282 ] } },
{ "type": "Feature", "properties": { "DANE12_EST": "111001075957", "id_establecimiento": "111001075957", "nombre_establecimiento": "COLEGIO SAN CARLOS (IED)", "nombre_localidad": "Tunjuelito", "codigo_upz": "62", "nombre_upz": "TUNJUELITO", "estrato": "Estrato 2", "zona": "URBANA", "caracter_media": "Académico", "lon": -74.132349999921544, "lat": 4.5644200000548318, "codigo_localidad": "06", "q_j": 230.39333333333332, "puntaje_2023": 236.92, "punt_global_2020": 223.29, "punt_global_2022": 230.97, "matricula_total": 2058.0, "demanda_total": 2351.0, "sobre_demanda_j": 1.1423712342079688, "n_hogares_muestra": 2412.0, "poblacion_expandida": 41091.000005800001, "tasa_pobreza_monetaria": 0.60754622727790109, "tasa_pobreza_extrema": 0.25153577927139992, "tasa_ipm": 0.088016939860054502, "ingreso_percapita_promedio": 496094.14991377702, "capacidad_pago_promedio": 0.57820266701823819, "tamano_hogar_promedio": 3.4177570789072309, "gasto_educ_promedio": 142088.0763667548, "tasa_deficit_cuantitativo": 0.022204478164834399, "tasa_deficit_cualitativo": 0.23966892606677659, "tasa_deficit_habitacional": 0.26187340423161121, "pct_estrato_1": 0.0, "pct_estrato_2": 0.97822596682305818, "pct_estrato_3": 0.021354195548323102, "pct_estrato_4": 0.0, "pct_estrato_5": 0.0, "pct_estrato_6": 0.0, "s0_localidad": 0.24596233549441804, "dist_transmilenio_m": 551.42994017450451, "dist_sitp_m": 193.33163370223042, "dist_parque_m": 446.67318049745802, "homicidios": 67.0, "lesiones_personales": 1311.0, "hurto_personas": 8872.0, "hurto_residencias": 687.0, "hurto_automotores": 293.0, "hurto_bicicletas": 367.0, "hurto_comercio": 2403.0, "hurto_entidades": 312.0, "violencia_intrafam": 1641.0, "delitos_sexuales": 328.0, "pct_no_oficial": 64.29, "n_sedes_total": 70, "n_sedes_no_oficial": 45 }, "geometry": { "type": "Point", "coordinates": [ -74.132349999921544, 4.564420000054832 ] } },
{ "type": "Feature", "properties": { "DANE12_EST": "111001076376", "id_establecimiento": "111001076376", "nombre_establecimiento": "COLEGIO MARRUECOS Y MOLINOS (IED)", "nombre_localidad": "Rafael Uribe Uribe", "codigo_upz": "54", "nombre_upz": "MARRUECOS", "estrato": "Estrato 2", "zona": "URBANA", "caracter_media": "Académico", "lon": -74.117959999674639, "lat": 4.5552600004893193, "codigo_localidad": "18", "q_j": 255.81666666666669, "puntaje_2023": 270.61, "punt_global_2020": 244.77, "punt_global_2022": 252.07, "matricula_total": 3681.0, "demanda_total": 4075.0, "sobre_demanda_j": 1.1070361314860093, "n_hogares_muestra": 2741.0, "poblacion_expandida": 120852.0000177, "tasa_pobreza_monetaria": 0.49944345543855168, "tasa_pobreza_extrema": 0.18920952651136089, "tasa_ipm": 0.088364740204845096, "ingreso_percapita_promedio": 604853.18142623524, "capacidad_pago_promedio": 0.54122891766723136, "tamano_hogar_promedio": 3.7974271980032239, "gasto_educ_promedio": 130604.77324336328, "tasa_deficit_cuantitativo": 0.0032705617982499999, "tasa_deficit_cualitativo": 0.1622393459763046, "tasa_deficit_habitacional": 0.1655099077745546, "pct_estrato_1": 0.084001441917495506, "pct_estrato_2": 0.83195167824508032, "pct_estrato_3": 0.084046879837423996, "pct_estrato_4": 0.0, "pct_estrato_5": 0.0, "pct_estrato_6": 0.0, "s0_localidad": 0.2741314328601635, "dist_transmilenio_m": 473.35413389925054, "dist_sitp_m": 96.970655282173595, "dist_parque_m": 125.66525596364502, "homicidios": 159.0, "lesiones_personales": 2500.0, "hurto_personas": 13897.0, "hurto_residencias": 1530.0, "hurto_automotores": 660.0, "hurto_bicicletas": 415.0, "hurto_comercio": 3902.0, "hurto_entidades": 942.0, "violencia_intrafam": 3177.0, "delitos_sexuales": 716.0, "pct_no_oficial": 57.85, "n_sedes_total": 121, "n_sedes_no_oficial": 70 }, "geometry": { "type": "Point", "coordinates": [ -74.117959999674639, 4.555260000489319 ] } },
{ "type": "Feature", "properties": { "DANE12_EST": "111001076767", "id_establecimiento": "111001076767", "nombre_establecimiento": "COLEGIO CASTILLA (IED)", "nombre_localidad": "Kennedy", "codigo_upz": "46", "nombre_upz": "CASTILLA", "estrato": "Estrato 3", "zona": "URBANA", "caracter_media": "Académico", "lon": -74.141890000441052, "lat": 4.64044999998299, "codigo_localidad": "08", "q_j": 273.75333333333333, "puntaje_2023": 279.18, "punt_global_2020": 268.17, "punt_global_2022": 273.91, "matricula_total": 3198.0, "demanda_total": 3545.0, "sobre_demanda_j": 1.108505315822389, "n_hogares_muestra": null, "poblacion_expandida": 103984.55469077957, "tasa_pobreza_monetaria": 0.33288935506445344, "tasa_pobreza_extrema": 0.10713112243844411, "tasa_ipm": 0.048985565974762633, "ingreso_percapita_promedio": 953511.39956088015, "capacidad_pago_promedio": 0.24556539548392159, "tamano_hogar_promedio": 3.5344762093031292, "gasto_educ_promedio": 288282.51713217882, "tasa_deficit_cuantitativo": 0.004664776434696245, "tasa_deficit_cualitativo": 0.08615249699253455, "tasa_deficit_habitacional": 0.090817273427230852, "pct_estrato_1": 0.0039211601998400108, "pct_estrato_2": 0.4296421432556109, "pct_estrato_3": 0.55098342475357531, "pct_estrato_4": 0.015441558060219015, "pct_estrato_5": 0.0, "pct_estrato_6": 0.0, "s0_localidad": 0.3719221758740453, "dist_transmilenio_m": 1067.9688703849583, "dist_sitp_m": 160.38931892241143, "dist_parque_m": 128.37870834934841, "homicidios": 277.0, "lesiones_personales": 5216.0, "hurto_personas": 45928.0, "hurto_residencias": 4574.0, "hurto_automotores": 2662.0, "hurto_bicicletas": 2842.0, "hurto_comercio": 11829.0, "hurto_entidades": 2994.0, "violencia_intrafam": 8341.0, "delitos_sexuales": 1353.0, "pct_no_oficial": 70.99, "n_sedes_total": 262, "n_sedes_no_oficial": 186 }, "geometry": { "type": "Point", "coordinates": [ -74.141890000441052, 4.64044999998299 ] } },
{ "type": "Feature", "properties": { "DANE12_EST": "111001076937", "id_establecimiento": "111001076937", "nombre_establecimiento": "COLEGIO SAN FRANCISCO (IED)", "nombre_localidad": "Ciudad Bolivar", "codigo_upz": "66", "nombre_upz": "SAN FRANCISCO", "estrato": "Estrato 2", "zona": "URBANA", "caracter_media": "Académico", "lon": -74.146819999636065, "lat": 4.5660200003834719, "codigo_localidad": "19", "q_j": 254.63, "puntaje_2023": 259.15, "punt_global_2020": 253.76, "punt_global_2022": 250.98, "matricula_total": 3509.0, "demanda_total": 3792.0, "sobre_demanda_j": 1.0806497577657452, "n_hogares_muestra": 2882.0, "poblacion_expandida": 71305.999996300001, "tasa_pobreza_monetaria": 0.53238904754536565, "tasa_pobreza_extrema": 0.1873034317293498, "tasa_ipm": 0.092340225985774793, "ingreso_percapita_promedio": 541606.17928033089, "capacidad_pago_promedio": 0.53298562992135368, "tamano_hogar_promedio": 4.0821556605770057, "gasto_educ_promedio": 129420.60229855483, "tasa_deficit_cuantitativo": 0.012815071397181301, "tasa_deficit_cualitativo": 0.20802318101239281, "tasa_deficit_habitacional": 0.22083825240957419, "pct_estrato_1": 0.1667902500030449, "pct_estrato_2": 0.83202727528088105, "pct_estrato_3": 0.00074937872272699997, "pct_estrato_4": 0.0, "pct_estrato_5": 0.0, "pct_estrato_6": 0.0, "s0_localidad": 0.24641727799438962, "dist_transmilenio_m": 928.33995317336348, "dist_sitp_m": 42.28887588192827, "dist_parque_m": 99.116454116213717, "homicidios": 450.0, "lesiones_personales": 4378.0, "hurto_personas": 16269.0, "hurto_residencias": 1893.0, "hurto_automotores": 870.0, "hurto_bicicletas": 472.0, "hurto_comercio": 4561.0, "hurto_entidades": 1620.0, "violencia_intrafam": 8567.0, "delitos_sexuales": 1433.0, "pct_no_oficial": 44.59, "n_sedes_total": 148, "n_sedes_no_oficial": 66 }, "geometry": { "type": "Point", "coordinates": [ -74.146819999636065, 4.566020000383472 ] } },
{ "type": "Feature", "properties": { "DANE12_EST": "111001077895", "id_establecimiento": "111001077895", "nombre_establecimiento": "COLEGIO OFELIA URIBE DE ACOSTA (IED)", "nombre_localidad": "Usme", "codigo_upz": "57", "nombre_upz": "GRAN YOMASA", "estrato": "Estrato 1", "zona": "URBANA", "caracter_media": "Académico", "lon": -74.1037000000224, "lat": 4.5070099998319231, "codigo_localidad": "05", "q_j": 245.16, "puntaje_2023": 242.86, "punt_global_2020": 248.72, "punt_global_2022": 243.9, "matricula_total": 2491.0, "demanda_total": 2638.0, "sobre_demanda_j": 1.0590124448012845, "n_hogares_muestra": 2440.0, "poblacion_expandida": 131329.99999830002, "tasa_pobreza_monetaria": 0.53757585547410236, "tasa_pobreza_extrema": 0.17050022665339101, "tasa_ipm": 0.099770706666181402, "ingreso_percapita_promedio": 546453.47327463643, "capacidad_pago_promedio": 0.5369657626400125, "tamano_hogar_promedio": 3.6829561057356353, "gasto_educ_promedio": 131619.82020471324, "tasa_deficit_cuantitativo": 0.0094164735347293006, "tasa_deficit_cualitativo": 0.1714038156094676, "tasa_deficit_habitacional": 0.18082028914419701, "pct_estrato_1": 0.21329619519883189, "pct_estrato_2": 0.7829697168463492, "pct_estrato_3": 0.0033905540356792998, "pct_estrato_4": 0.0, "pct_estrato_5": 0.0, "pct_estrato_6": 0.0, "s0_localidad": 0.18065503357765311, "dist_transmilenio_m": 3251.3727642568479, "dist_sitp_m": 76.813925815742678, "dist_parque_m": 161.25201375389406, "homicidios": 171.0, "lesiones_personales": 2562.0, "hurto_personas": 8404.0, "hurto_residencias": 1452.0, "hurto_automotores": 311.0, "hurto_bicicletas": 146.0, "hurto_comercio": 2308.0, "hurto_entidades": 623.0, "violencia_intrafam": 3963.0, "delitos_sexuales": 923.0, "pct_no_oficial": 33.03, "n_sedes_total": 109, "n_sedes_no_oficial": 36 }, "geometry": { "type": "Point", "coordinates": [ -74.1037000000224, 4.507009999831923 ] } },
{ "type": "Feature", "properties": { "DANE12_EST": "111001077917", "id_establecimiento": "111001077917", "nombre_establecimiento": "COLEGIO BRASILIA - USME (IED)", "nombre_localidad": "Usme", "codigo_upz": "57", "nombre_upz": "GRAN YOMASA", "estrato": "Estrato 2", "zona": "URBANA", "caracter_media": "Académico", "lon": -74.11478000039979, "lat": 4.5179300001838829, "codigo_localidad": "05", "q_j": 254.59, "puntaje_2023": 255.38, "punt_global_2020": 252.42, "punt_global_2022": 255.97, "matricula_total": 1257.0, "demanda_total": 1325.0, "sobre_demanda_j": 1.0540970564836913, "n_hogares_muestra": 2440.0, "poblacion_expandida": 131329.99999830002, "tasa_pobreza_monetaria": 0.53757585547410236, "tasa_pobreza_extrema": 0.17050022665339101, "tasa_ipm": 0.099770706666181402, "ingreso_percapita_promedio": 546453.47327463643, "capacidad_pago_promedio": 0.5369657626400125, "tamano_hogar_promedio": 3.6829561057356353, "gasto_educ_promedio": 131619.82020471324, "tasa_deficit_cuantitativo": 0.0094164735347293006, "tasa_deficit_cualitativo": 0.1714038156094676, "tasa_deficit_habitacional": 0.18082028914419701, "pct_estrato_1": 0.21329619519883189, "pct_estrato_2": 0.7829697168463492, "pct_estrato_3": 0.0033905540356792998, "pct_estrato_4": 0.0, "pct_estrato_5": 0.0, "pct_estrato_6": 0.0, "s0_localidad": 0.18065503357765311, "dist_transmilenio_m": 1615.749359189527, "dist_sitp_m": 157.84348288518066, "dist_parque_m": 19.488640511525041, "homicidios": 171.0, "lesiones_personales": 2562.0, "hurto_personas": 8404.0, "hurto_residencias": 1452.0, "hurto_automotores": 311.0, "hurto_bicicletas": 146.0, "hurto_comercio": 2308.0, "hurto_entidades": 623.0, "violencia_intrafam": 3963.0, "delitos_sexuales": 923.0, "pct_no_oficial": 33.03, "n_sedes_total": 109, "n_sedes_no_oficial": 36 }, "geometry": { "type": "Point", "coordinates": [ -74.11478000039979, 4.517930000183883 ] } },
{ "type": "Feature", "properties": { "DANE12_EST": "111001078638", "id_establecimiento": "111001078638", "nombre_establecimiento": "COLEGIO EL VIRREY JOSE SOLIS (IED)", "nombre_localidad": "Usme", "codigo_upz": "58", "nombre_upz": "COMUNEROS", "estrato": "Estrato 2", "zona": "URBANA", "caracter_media": "Académico", "lon": -74.111649999557002, "lat": 4.5027900002016183, "codigo_localidad": "05", "q_j": 252.65666666666667, "puntaje_2023": 250.0, "punt_global_2020": 249.45, "punt_global_2022": 258.52, "matricula_total": 1295.0, "demanda_total": 1388.0, "sobre_demanda_j": 1.0718146718146717, "n_hogares_muestra": 2461.0, "poblacion_expandida": 98789.999999699998, "tasa_pobreza_monetaria": 0.54632234953197589, "tasa_pobreza_extrema": 0.14300688904284739, "tasa_ipm": 0.0808793279686634, "ingreso_percapita_promedio": 538295.14854055992, "capacidad_pago_promedio": 0.6418885111488265, "tamano_hogar_promedio": 3.78760632903772, "gasto_educ_promedio": 85874.888113838184, "tasa_deficit_cuantitativo": 0.023710737932048899, "tasa_deficit_cualitativo": 0.15871960531782181, "tasa_deficit_habitacional": 0.1824303432498707, "pct_estrato_1": 0.4316831555524801, "pct_estrato_2": 0.56472274978003256, "pct_estrato_3": 0.0035940946674873002, "pct_estrato_4": 0.0, "pct_estrato_5": 0.0, "pct_estrato_6": 0.0, "s0_localidad": 0.18065503357765311, "dist_transmilenio_m": 3328.7660359928168, "dist_sitp_m": 122.33187525017404, "dist_parque_m": 142.48078769452857, "homicidios": 171.0, "lesiones_personales": 2562.0, "hurto_personas": 8404.0, "hurto_residencias": 1452.0, "hurto_automotores": 311.0, "hurto_bicicletas": 146.0, "hurto_comercio": 2308.0, "hurto_entidades": 623.0, "violencia_intrafam": 3963.0, "delitos_sexuales": 923.0, "pct_no_oficial": 33.03, "n_sedes_total": 109, "n_sedes_no_oficial": 36 }, "geometry": { "type": "Point", "coordinates": [ -74.111649999557002, 4.502790000201618 ] } },
{ "type": "Feature", "properties": { "DANE12_EST": "111001078930", "id_establecimiento": "111001078930", "nombre_establecimiento": "COLEGIO LA PAZ (IED)", "nombre_localidad": "Rafael Uribe Uribe", "codigo_upz": "55", "nombre_upz": "DIANA TURBAY", "estrato": "Estrato 1", "zona": "URBANA", "caracter_media": "Sin información", "lon": -74.116759999575393, "lat": 4.5435800004381717, "codigo_localidad": "18", "q_j": 256.32580341880339, "puntaje_2023": 258.98341025641025, "punt_global_2020": 254.40722837370245, "punt_global_2022": 254.28825432525952, "matricula_total": 731.0, "demanda_total": 790.0, "sobre_demanda_j": 1.0807113543091655, "n_hogares_muestra": 2431.0, "poblacion_expandida": 75394.000000699991, "tasa_pobreza_monetaria": 0.62391349514368877, "tasa_pobreza_extrema": 0.2314413282361725, "tasa_ipm": 0.12933088404129589, "ingreso_percapita_promedio": 475879.37762866321, "capacidad_pago_promedio": 0.50223154663300051, "tamano_hogar_promedio": 3.6859379607544351, "gasto_educ_promedio": 124946.7502659414, "tasa_deficit_cuantitativo": 0.017805050418966101, "tasa_deficit_cualitativo": 0.206111604975936, "tasa_deficit_habitacional": 0.22391665539490219, "pct_estrato_1": 0.29115658403183531, "pct_estrato_2": 0.70697889793359048, "pct_estrato_3": 0.0018645180345742999, "pct_estrato_4": 0.0, "pct_estrato_5": 0.0, "pct_estrato_6": 0.0, "s0_localidad": 0.2741314328601635, "dist_transmilenio_m": 453.60943344310243, "dist_sitp_m": 91.170856227427009, "dist_parque_m": 178.74693015888332, "homicidios": 159.0, "lesiones_personales": 2500.0, "hurto_personas": 13897.0, "hurto_residencias": 1530.0, "hurto_automotores": 660.0, "hurto_bicicletas": 415.0, "hurto_comercio": 3902.0, "hurto_entidades": 942.0, "violencia_intrafam": 3177.0, "delitos_sexuales": 716.0, "pct_no_oficial": 57.85, "n_sedes_total": 121, "n_sedes_no_oficial": 70 }, "geometry": { "type": "Point", "coordinates": [ -74.116759999575393, 4.543580000438172 ] } },
{ "type": "Feature", "properties": { "DANE12_EST": "111001079154", "id_establecimiento": "111001079154", "nombre_establecimiento": "COLEGIO VILLA RICA (IED)", "nombre_localidad": "Kennedy", "codigo_upz": "48", "nombre_upz": "TIMIZA", "estrato": "Estrato 2", "zona": "URBANA", "caracter_media": "Académico", "lon": -74.167119999967511, "lat": 4.6057900002008694, "codigo_localidad": "08", "q_j": 258.36666666666667, "puntaje_2023": 258.85, "punt_global_2020": 260.73, "punt_global_2022": 255.52, "matricula_total": 1898.0, "demanda_total": 2036.0, "sobre_demanda_j": 1.0727081138040042, "n_hogares_muestra": 2432.0, "poblacion_expandida": 140406.00000220002, "tasa_pobreza_monetaria": 0.33929723211510571, "tasa_pobreza_extrema": 0.1338840227747066, "tasa_ipm": 0.031701365948251903, "ingreso_percapita_promedio": 896426.58366748167, "capacidad_pago_promedio": 0.27680396105573141, "tamano_hogar_promedio": 3.5291548518092943, "gasto_educ_promedio": 246574.67214119679, "tasa_deficit_cuantitativo": 0.0067183660739940998, "tasa_deficit_cualitativo": 0.093567534257041299, "tasa_deficit_habitacional": 0.1002859003310355, "pct_estrato_1": 0.011486510047823599, "pct_estrato_2": 0.27805809749432547, "pct_estrato_3": 0.71045539245785072, "pct_estrato_4": 0.0, "pct_estrato_5": 0.0, "pct_estrato_6": 0.0, "s0_localidad": 0.3719221758740453, "dist_transmilenio_m": 1013.2532676208156, "dist_sitp_m": 46.733214115424289, "dist_parque_m": 97.612860795747281, "homicidios": 277.0, "lesiones_personales": 5216.0, "hurto_personas": 45928.0, "hurto_residencias": 4574.0, "hurto_automotores": 2662.0, "hurto_bicicletas": 2842.0, "hurto_comercio": 11829.0, "hurto_entidades": 2994.0, "violencia_intrafam": 8341.0, "delitos_sexuales": 1353.0, "pct_no_oficial": 70.99, "n_sedes_total": 262, "n_sedes_no_oficial": 186 }, "geometry": { "type": "Point", "coordinates": [ -74.167119999967511, 4.605790000200869 ] } },
{ "type": "Feature", "properties": { "DANE12_EST": "111001083011", "id_establecimiento": "111001083011", "nombre_establecimiento": "COLEGIO MIGUEL DE CERVANTES SAAVEDRA (IED)", "nombre_localidad": "Usme", "codigo_upz": "57", "nombre_upz": "GRAN YOMASA", "estrato": "Estrato 2", "zona": "URBANA", "caracter_media": "Académico", "lon": -74.105809999792669, "lat": 4.5123199998750199, "codigo_localidad": "05", "q_j": 247.69666666666669, "puntaje_2023": 257.69, "punt_global_2020": 243.91, "punt_global_2022": 241.49, "matricula_total": 2854.0, "demanda_total": 3061.0, "sobre_demanda_j": 1.0725297827610372, "n_hogares_muestra": 2440.0, "poblacion_expandida": 131329.99999830002, "tasa_pobreza_monetaria": 0.53757585547410236, "tasa_pobreza_extrema": 0.17050022665339101, "tasa_ipm": 0.099770706666181402, "ingreso_percapita_promedio": 546453.47327463643, "capacidad_pago_promedio": 0.5369657626400125, "tamano_hogar_promedio": 3.6829561057356353, "gasto_educ_promedio": 131619.82020471324, "tasa_deficit_cuantitativo": 0.0094164735347293006, "tasa_deficit_cualitativo": 0.1714038156094676, "tasa_deficit_habitacional": 0.18082028914419701, "pct_estrato_1": 0.21329619519883189, "pct_estrato_2": 0.7829697168463492, "pct_estrato_3": 0.0033905540356792998, "pct_estrato_4": 0.0, "pct_estrato_5": 0.0, "pct_estrato_6": 0.0, "s0_localidad": 0.18065503357765311, "dist_transmilenio_m": 2630.0519546528635, "dist_sitp_m": 233.01123327069166, "dist_parque_m": 75.610705382046859, "homicidios": 171.0, "lesiones_personales": 2562.0, "hurto_personas": 8404.0, "hurto_residencias": 1452.0, "hurto_automotores": 311.0, "hurto_bicicletas": 146.0, "hurto_comercio": 2308.0, "hurto_entidades": 623.0, "violencia_intrafam": 3963.0, "delitos_sexuales": 923.0, "pct_no_oficial": 33.03, "n_sedes_total": 109, "n_sedes_no_oficial": 36 }, "geometry": { "type": "Point", "coordinates": [ -74.105809999792669, 4.51231999987502 ] } },
{ "type": "Feature", "properties": { "DANE12_EST": "111001086584", "id_establecimiento": "111001086584", "nombre_establecimiento": "COLEGIO CONFEDERACION BRISAS DEL DIAMANTE (IED)", "nombre_localidad": "Ciudad Bolivar", "codigo_upz": "67", "nombre_upz": "LUCERO", "estrato": "Estrato 1", "zona": "URBANA", "caracter_media": "Académico", "lon": -74.147809999673029, "lat": 4.5476100005249736, "codigo_localidad": "19", "q_j": 247.17539682224341, "puntaje_2023": 251.39127370735324, "punt_global_2020": 245.24447604321185, "punt_global_2022": 244.89044071616513, "matricula_total": 2091.0, "demanda_total": 2272.0, "sobre_demanda_j": 1.0865614538498327, "n_hogares_muestra": 2402.0, "poblacion_expandida": 161831.00001280001, "tasa_pobreza_monetaria": 0.7038631757592213, "tasa_pobreza_extrema": 0.29200637063703688, "tasa_ipm": 0.12833440894487039, "ingreso_percapita_promedio": 390100.43634986418, "capacidad_pago_promedio": 0.69990953908547293, "tamano_hogar_promedio": 3.7938052959151172, "gasto_educ_promedio": 94504.090399263441, "tasa_deficit_cuantitativo": 0.049540423591066397, "tasa_deficit_cualitativo": 0.26740798307417718, "tasa_deficit_habitacional": 0.31694840666524371, "pct_estrato_1": 0.72918739131913157, "pct_estrato_2": 0.25338518534370219, "pct_estrato_3": 0.0062719642164957004, "pct_estrato_4": 0.0, "pct_estrato_5": 0.0, "pct_estrato_6": 0.0, "s0_localidad": 0.24641727799438962, "dist_transmilenio_m": 2620.2474579808886, "dist_sitp_m": 17.86759012974041, "dist_parque_m": 130.6000006531591, "homicidios": 450.0, "lesiones_personales": 4378.0, "hurto_personas": 16269.0, "hurto_residencias": 1893.0, "hurto_automotores": 870.0, "hurto_bicicletas": 472.0, "hurto_comercio": 4561.0, "hurto_entidades": 1620.0, "violencia_intrafam": 8567.0, "delitos_sexuales": 1433.0, "pct_no_oficial": 44.59, "n_sedes_total": 148, "n_sedes_no_oficial": 66 }, "geometry": { "type": "Point", "coordinates": [ -74.147809999673029, 4.547610000524974 ] } },
{ "type": "Feature", "properties": { "DANE12_EST": "111001086606", "id_establecimiento": "111001086606", "nombre_establecimiento": "COLEGIO LLANO ORIENTAL (IED)", "nombre_localidad": "Bosa", "codigo_upz": "85", "nombre_upz": "BOSA CENTRAL", "estrato": "Estrato 2", "zona": "URBANA", "caracter_media": "Académico", "lon": -74.199780000243237, "lat": 4.6033999999006916, "codigo_localidad": "07", "q_j": 245.52, "puntaje_2023": 237.31, "punt_global_2020": 247.43, "punt_global_2022": 251.82, "matricula_total": 1070.0, "demanda_total": 1142.0, "sobre_demanda_j": 1.0672897196261681, "n_hogares_muestra": 2530.0, "poblacion_expandida": 236893.99999380001, "tasa_pobreza_monetaria": 0.57741222472278719, "tasa_pobreza_extrema": 0.2259702239533336, "tasa_ipm": 0.077274234200862393, "ingreso_percapita_promedio": 559243.48815241479, "capacidad_pago_promedio": 0.54172419916569725, "tamano_hogar_promedio": 3.6623812802853042, "gasto_educ_promedio": 133205.35666441551, "tasa_deficit_cuantitativo": 0.0140410598706048, "tasa_deficit_cualitativo": 0.15374357223675231, "tasa_deficit_habitacional": 0.16778463210735711, "pct_estrato_1": 0.010853917966547401, "pct_estrato_2": 0.98854682013655482, "pct_estrato_3": 0.00059926189689779997, "pct_estrato_4": 0.0, "pct_estrato_5": 0.0, "pct_estrato_6": 0.0, "s0_localidad": 0.27631916132375012, "dist_transmilenio_m": 1449.4544590729795, "dist_sitp_m": 79.01553938779, "dist_parque_m": 71.407590212363786, "homicidios": 209.0, "lesiones_personales": 3464.0, "hurto_personas": 19664.0, "hurto_residencias": 2638.0, "hurto_automotores": 681.0, "hurto_bicicletas": 1403.0, "hurto_comercio": 5397.0, "hurto_entidades": 1643.0, "violencia_intrafam": 7523.0, "delitos_sexuales": 1159.0, "pct_no_oficial": 55.7, "n_sedes_total": 149, "n_sedes_no_oficial": 83 }, "geometry": { "type": "Point", "coordinates": [ -74.199780000243237, 4.603399999900692 ] } },
{ "type": "Feature", "properties": { "DANE12_EST": "111001086614", "id_establecimiento": "111001086614", "nombre_establecimiento": "COLEGIO CHUNIZA (IED)", "nombre_localidad": "Usme", "codigo_upz": "58", "nombre_upz": "COMUNEROS", "estrato": "Estrato 2", "zona": "URBANA", "caracter_media": "Académico", "lon": -74.110899999719564, "lat": 4.5063600005507443, "codigo_localidad": "05", "q_j": 259.61333333333334, "puntaje_2023": 261.1, "punt_global_2020": 257.77, "punt_global_2022": 259.97, "matricula_total": 2109.0, "demanda_total": 2234.0, "sobre_demanda_j": 1.0592697961119013, "n_hogares_muestra": 2461.0, "poblacion_expandida": 98789.999999699998, "tasa_pobreza_monetaria": 0.54632234953197589, "tasa_pobreza_extrema": 0.14300688904284739, "tasa_ipm": 0.0808793279686634, "ingreso_percapita_promedio": 538295.14854055992, "capacidad_pago_promedio": 0.6418885111488265, "tamano_hogar_promedio": 3.78760632903772, "gasto_educ_promedio": 85874.888113838184, "tasa_deficit_cuantitativo": 0.023710737932048899, "tasa_deficit_cualitativo": 0.15871960531782181, "tasa_deficit_habitacional": 0.1824303432498707, "pct_estrato_1": 0.4316831555524801, "pct_estrato_2": 0.56472274978003256, "pct_estrato_3": 0.0035940946674873002, "pct_estrato_4": 0.0, "pct_estrato_5": 0.0, "pct_estrato_6": 0.0, "s0_localidad": 0.18065503357765311, "dist_transmilenio_m": 2972.2640109789181, "dist_sitp_m": 142.0999906456463, "dist_parque_m": 54.515495526404116, "homicidios": 171.0, "lesiones_personales": 2562.0, "hurto_personas": 8404.0, "hurto_residencias": 1452.0, "hurto_automotores": 311.0, "hurto_bicicletas": 146.0, "hurto_comercio": 2308.0, "hurto_entidades": 623.0, "violencia_intrafam": 3963.0, "delitos_sexuales": 923.0, "pct_no_oficial": 33.03, "n_sedes_total": 109, "n_sedes_no_oficial": 36 }, "geometry": { "type": "Point", "coordinates": [ -74.110899999719564, 4.506360000550744 ] } },
{ "type": "Feature", "properties": { "DANE12_EST": "111001086631", "id_establecimiento": "111001086631", "nombre_establecimiento": "COLEGIO SAN BENITO ABAD (IED)", "nombre_localidad": "Tunjuelito", "codigo_upz": "62", "nombre_upz": "TUNJUELITO", "estrato": "Estrato 2", "zona": "URBANA", "caracter_media": "Académico", "lon": -74.137090000044068, "lat": 4.5666399998762923, "codigo_localidad": "06", "q_j": 241.49333333333334, "puntaje_2023": 246.54, "punt_global_2020": 234.0, "punt_global_2022": 243.94, "matricula_total": 1086.0, "demanda_total": 1203.0, "sobre_demanda_j": 1.1077348066298343, "n_hogares_muestra": 2412.0, "poblacion_expandida": 41091.000005800001, "tasa_pobreza_monetaria": 0.60754622727790109, "tasa_pobreza_extrema": 0.25153577927139992, "tasa_ipm": 0.088016939860054502, "ingreso_percapita_promedio": 496094.14991377702, "capacidad_pago_promedio": 0.57820266701823819, "tamano_hogar_promedio": 3.4177570789072309, "gasto_educ_promedio": 142088.0763667548, "tasa_deficit_cuantitativo": 0.022204478164834399, "tasa_deficit_cualitativo": 0.23966892606677659, "tasa_deficit_habitacional": 0.26187340423161121, "pct_estrato_1": 0.0, "pct_estrato_2": 0.97822596682305818, "pct_estrato_3": 0.021354195548323102, "pct_estrato_4": 0.0, "pct_estrato_5": 0.0, "pct_estrato_6": 0.0, "s0_localidad": 0.24596233549441804, "dist_transmilenio_m": 263.93168808288243, "dist_sitp_m": 119.54310069178382, "dist_parque_m": 72.959334840269548, "homicidios": 67.0, "lesiones_personales": 1311.0, "hurto_personas": 8872.0, "hurto_residencias": 687.0, "hurto_automotores": 293.0, "hurto_bicicletas": 367.0, "hurto_comercio": 2403.0, "hurto_entidades": 312.0, "violencia_intrafam": 1641.0, "delitos_sexuales": 328.0, "pct_no_oficial": 64.29, "n_sedes_total": 70, "n_sedes_no_oficial": 45 }, "geometry": { "type": "Point", "coordinates": [ -74.137090000044068, 4.566639999876292 ] } },
{ "type": "Feature", "properties": { "DANE12_EST": "111001086649", "id_establecimiento": "111001086649", "nombre_establecimiento": "COLEGIO ALFONSO LOPEZ PUMAREJO (IED)", "nombre_localidad": "Kennedy", "codigo_upz": "45", "nombre_upz": "CARVAJAL", "estrato": "Estrato 3", "zona": "URBANA", "caracter_media": "Técnico", "lon": -74.143640000361202, "lat": 4.6077600005207007, "codigo_localidad": "08", "q_j": 269.15666666666664, "puntaje_2023": 264.95, "punt_global_2020": 273.14, "punt_global_2022": 269.38, "matricula_total": 1848.0, "demanda_total": 2065.0, "sobre_demanda_j": 1.1174242424242424, "n_hogares_muestra": 2469.0, "poblacion_expandida": 89478.999998500018, "tasa_pobreza_monetaria": 0.32445712072538452, "tasa_pobreza_extrema": 0.085893314984843802, "tasa_ipm": 0.041267653197531201, "ingreso_percapita_promedio": 878070.43970562285, "capacidad_pago_promedio": 0.2447215180306784, "tamano_hogar_promedio": 3.5037879078024523, "gasto_educ_promedio": 248400.25873332031, "tasa_deficit_cuantitativo": 0.010927202968477399, "tasa_deficit_cualitativo": 0.1160162726580987, "tasa_deficit_habitacional": 0.12694347562657621, "pct_estrato_1": 0.0132996693963941, "pct_estrato_2": 0.28118569886478129, "pct_estrato_3": 0.70551463173882434, "pct_estrato_4": 0.0, "pct_estrato_5": 0.0, "pct_estrato_6": 0.0, "s0_localidad": 0.3719221758740453, "dist_transmilenio_m": 1360.7021461092631, "dist_sitp_m": 86.159630278043224, "dist_parque_m": 79.961033899052282, "homicidios": 277.0, "lesiones_personales": 5216.0, "hurto_personas": 45928.0, "hurto_residencias": 4574.0, "hurto_automotores": 2662.0, "hurto_bicicletas": 2842.0, "hurto_comercio": 11829.0, "hurto_entidades": 2994.0, "violencia_intrafam": 8341.0, "delitos_sexuales": 1353.0, "pct_no_oficial": 70.99, "n_sedes_total": 262, "n_sedes_no_oficial": 186 }, "geometry": { "type": "Point", "coordinates": [ -74.143640000361202, 4.607760000520701 ] } },
{ "type": "Feature", "properties": { "DANE12_EST": "111001086665", "id_establecimiento": "111001086665", "nombre_establecimiento": "COLEGIO RAMON DE ZUBIRIA (IED)", "nombre_localidad": "Suba", "codigo_upz": "28", "nombre_upz": "EL RINCON", "estrato": "Estrato 2", "zona": "URBANA", "caracter_media": "Académico", "lon": -74.092299999977868, "lat": 4.7257400005342989, "codigo_localidad": "11", "q_j": 238.4666666666667, "puntaje_2023": 240.77, "punt_global_2020": 242.07, "punt_global_2022": 232.56, "matricula_total": 3307.0, "demanda_total": 3637.0, "sobre_demanda_j": 1.0997883277895373, "n_hogares_muestra": 2382.0, "poblacion_expandida": 288983.99999600003, "tasa_pobreza_monetaria": 0.39372393871312911, "tasa_pobreza_extrema": 0.1074366146223657, "tasa_ipm": 0.060527870641426902, "ingreso_percapita_promedio": 736885.83955951873, "capacidad_pago_promedio": 0.35341762880994682, "tamano_hogar_promedio": 3.5256419863051338, "gasto_educ_promedio": 229243.80352093693, "tasa_deficit_cuantitativo": 0.0020934378962445999, "tasa_deficit_cualitativo": 0.1305752875097663, "tasa_deficit_habitacional": 0.13266872540601099, "pct_estrato_1": 0.0094350357315205, "pct_estrato_2": 0.61616858753240555, "pct_estrato_3": 0.36319133631914841, "pct_estrato_4": 0.0, "pct_estrato_5": 0.0, "pct_estrato_6": 0.0, "s0_localidad": 0.52282970591970535, "dist_transmilenio_m": 1580.9058380932445, "dist_sitp_m": 121.99872877312356, "dist_parque_m": 192.94505396302108, "homicidios": 143.0, "lesiones_personales": 4117.0, "hurto_personas": 47285.0, "hurto_residencias": 5010.0, "hurto_automotores": 938.0, "hurto_bicicletas": 2774.0, "hurto_comercio": 12600.0, "hurto_entidades": 1324.0, "violencia_intrafam": 8047.0, "delitos_sexuales": 1387.0, "pct_no_oficial": 80.22, "n_sedes_total": 364, "n_sedes_no_oficial": 292 }, "geometry": { "type": "Point", "coordinates": [ -74.092299999977868, 4.725740000534299 ] } },
{ "type": "Feature", "properties": { "DANE12_EST": "111001086681", "id_establecimiento": "111001086681", "nombre_establecimiento": "COLEGIO NUEVO HORIZONTE (IED)", "nombre_localidad": "Usaquen", "codigo_upz": "9", "nombre_upz": "VERBENAL", "estrato": "Estrato 2", "zona": "URBANA", "caracter_media": "Académico", "lon": -74.025820000408501, "lat": 4.7668500004259098, "codigo_localidad": "01", "q_j": 243.22, "puntaje_2023": 241.15, "punt_global_2020": 240.87, "punt_global_2022": 247.64, "matricula_total": 2839.0, "demanda_total": 3139.0, "sobre_demanda_j": 1.1056710109193377, "n_hogares_muestra": 2513.0, "poblacion_expandida": 128723.9999975, "tasa_pobreza_monetaria": 0.2827421697368544, "tasa_pobreza_extrema": 0.0529029950206042, "tasa_ipm": 0.049010722297493203, "ingreso_percapita_promedio": 1102998.6224623476, "capacidad_pago_promedio": 0.29139413861229041, "tamano_hogar_promedio": 3.4788079827770808, "gasto_educ_promedio": 430644.86864861392, "tasa_deficit_cuantitativo": 0.0074946427559642002, "tasa_deficit_cualitativo": 0.12019643744368171, "tasa_deficit_habitacional": 0.1276910801996459, "pct_estrato_1": 0.070897998289186498, "pct_estrato_2": 0.26411417362387962, "pct_estrato_3": 0.52903677945777472, "pct_estrato_4": 0.1082964924052293, "pct_estrato_5": 0.0266078202554808, "pct_estrato_6": 0.0, "s0_localidad": 0.64146949244746554, "dist_transmilenio_m": 1979.3062394526503, "dist_sitp_m": 30.801451451725359, "dist_parque_m": 28.59420059925073, "homicidios": 93.0, "lesiones_personales": 1898.0, "hurto_personas": 34039.0, "hurto_residencias": 3332.0, "hurto_automotores": 363.0, "hurto_bicicletas": 1238.0, "hurto_comercio": 8366.0, "hurto_entidades": 408.0, "violencia_intrafam": 3095.0, "delitos_sexuales": 602.0, "pct_no_oficial": 78.79, "n_sedes_total": 132, "n_sedes_no_oficial": 104 }, "geometry": { "type": "Point", "coordinates": [ -74.025820000408501, 4.76685000042591 ] } },
{ "type": "Feature", "properties": { "DANE12_EST": "111001086720", "id_establecimiento": "111001086720", "nombre_establecimiento": "COLEGIO TECNICO JAIME PARDO LEAL (IED)", "nombre_localidad": "Antonio Nariño", "codigo_upz": "35", "nombre_upz": "CIUDAD JARDIN", "estrato": "Estrato 2", "zona": "URBANA", "caracter_media": "Técnico", "lon": -74.088400000104485, "lat": 4.5860899999246971, "codigo_localidad": "15", "q_j": 263.58, "puntaje_2023": 261.54, "punt_global_2020": 263.66, "punt_global_2022": 265.54, "matricula_total": 1196.0, "demanda_total": 1293.0, "sobre_demanda_j": 1.0811036789297659, "n_hogares_muestra": 2246.0, "poblacion_expandida": 26365.000000799999, "tasa_pobreza_monetaria": 0.28021771957427749, "tasa_pobreza_extrema": 0.082701127860187296, "tasa_ipm": 0.052962636421681301, "ingreso_percapita_promedio": 1228521.5965978857, "capacidad_pago_promedio": 0.162327106719899, "tamano_hogar_promedio": 3.5069789351752103, "gasto_educ_promedio": 411790.46715159895, "tasa_deficit_cuantitativo": 0.0119082518297164, "tasa_deficit_cualitativo": 0.097804488261777206, "tasa_deficit_habitacional": 0.10971274009149359, "pct_estrato_1": 0.0, "pct_estrato_2": 0.2202656031679798, "pct_estrato_3": 0.77096514520323278, "pct_estrato_4": 0.0044012544053282001, "pct_estrato_5": 0.0, "pct_estrato_6": 0.0, "s0_localidad": 0.4744712548125819, "dist_transmilenio_m": 148.01382901172258, "dist_sitp_m": 116.06382233214732, "dist_parque_m": 48.48848942262304, "homicidios": 25.0, "lesiones_personales": 789.0, "hurto_personas": 8646.0, "hurto_residencias": 610.0, "hurto_automotores": 380.0, "hurto_bicicletas": 271.0, "hurto_comercio": 2516.0, "hurto_entidades": 305.0, "violencia_intrafam": 849.0, "delitos_sexuales": 196.0, "pct_no_oficial": 69.05, "n_sedes_total": 42, "n_sedes_no_oficial": 29 }, "geometry": { "type": "Point", "coordinates": [ -74.088400000104485, 4.586089999924697 ] } },
{ "type": "Feature", "properties": { "DANE12_EST": "111001086754", "id_establecimiento": "111001086754", "nombre_establecimiento": "COLEGIO LA CONCEPCION (IED)", "nombre_localidad": "Bosa", "codigo_upz": "84", "nombre_upz": "BOSA OCCIDENTAL", "estrato": "Estrato 2", "zona": "URBANA", "caracter_media": "Sin información", "lon": -74.194919999571781, "lat": 4.6223600005048224, "codigo_localidad": "07", "q_j": 255.36333333333332, "puntaje_2023": 255.0, "punt_global_2020": 252.81, "punt_global_2022": 258.28, "matricula_total": 1686.0, "demanda_total": 1834.0, "sobre_demanda_j": 1.0877817319098457, "n_hogares_muestra": 2513.0, "poblacion_expandida": 199171.00000289999, "tasa_pobreza_monetaria": 0.55229182370424579, "tasa_pobreza_extrema": 0.18795588750799519, "tasa_ipm": 0.0996822849647334, "ingreso_percapita_promedio": 536362.57885894692, "capacidad_pago_promedio": 0.54936289314562281, "tamano_hogar_promedio": 3.7633010092291874, "gasto_educ_promedio": 137178.08860508617, "tasa_deficit_cuantitativo": 0.0104317439329508, "tasa_deficit_cualitativo": 0.1768060546886206, "tasa_deficit_habitacional": 0.18723779862157139, "pct_estrato_1": 0.024261426971946901, "pct_estrato_2": 0.97537208657069263, "pct_estrato_3": 0.0, "pct_estrato_4": 0.0, "pct_estrato_5": 0.0, "pct_estrato_6": 0.0, "s0_localidad": 0.27631916132375012, "dist_transmilenio_m": 2545.6522730702873, "dist_sitp_m": 143.96982547305652, "dist_parque_m": 33.623153385670079, "homicidios": 209.0, "lesiones_personales": 3464.0, "hurto_personas": 19664.0, "hurto_residencias": 2638.0, "hurto_automotores": 681.0, "hurto_bicicletas": 1403.0, "hurto_comercio": 5397.0, "hurto_entidades": 1643.0, "violencia_intrafam": 7523.0, "delitos_sexuales": 1159.0, "pct_no_oficial": 55.7, "n_sedes_total": 149, "n_sedes_no_oficial": 83 }, "geometry": { "type": "Point", "coordinates": [ -74.194919999571781, 4.622360000504822 ] } },
{ "type": "Feature", "properties": { "DANE12_EST": "111001086762", "id_establecimiento": "111001086762", "nombre_establecimiento": "COLEGIO EL MINUTO DE BUENOS AIRES (IED)", "nombre_localidad": "Ciudad Bolivar", "codigo_upz": "68", "nombre_upz": "EL TESORO", "estrato": "Estrato 1", "zona": "URBANA", "caracter_media": "Sin información", "lon": -74.13978999981822, "lat": 4.5393899999173213, "codigo_localidad": "19", "q_j": 247.8740750759832, "puntaje_2023": 251.53272227667114, "punt_global_2020": 246.10884925829293, "punt_global_2022": 245.98065369298561, "matricula_total": 1150.0, "demanda_total": 1233.0, "sobre_demanda_j": 1.0721739130434782, "n_hogares_muestra": null, "poblacion_expandida": 161505.68149418043, "tasa_pobreza_monetaria": 0.70253029376574117, "tasa_pobreza_extrema": 0.29113456898286849, "tasa_ipm": 0.12814074177104337, "ingreso_percapita_promedio": 391496.47061956243, "capacidad_pago_promedio": 0.69865149115710268, "tamano_hogar_promedio": 3.794932738778769, "gasto_educ_promedio": 94860.433197038743, "tasa_deficit_cuantitativo": 0.049298464163747363, "tasa_deficit_cualitativo": 0.26691456814314418, "tasa_deficit_habitacional": 0.31621303230689174, "pct_estrato_1": 0.72605308301481331, "pct_estrato_2": 0.25627420954449759, "pct_estrato_3": 0.0065982772913074422, "pct_estrato_4": 0.0, "pct_estrato_5": 0.0, "pct_estrato_6": 0.0, "s0_localidad": 0.24641727799438962, "dist_transmilenio_m": 2152.1294771508424, "dist_sitp_m": 23.723578724612594, "dist_parque_m": 214.21583600763142, "homicidios": 450.0, "lesiones_personales": 4378.0, "hurto_personas": 16269.0, "hurto_residencias": 1893.0, "hurto_automotores": 870.0, "hurto_bicicletas": 472.0, "hurto_comercio": 4561.0, "hurto_entidades": 1620.0, "violencia_intrafam": 8567.0, "delitos_sexuales": 1433.0, "pct_no_oficial": 44.59, "n_sedes_total": 148, "n_sedes_no_oficial": 66 }, "geometry": { "type": "Point", "coordinates": [ -74.13978999981822, 4.539389999917321 ] } },
{ "type": "Feature", "properties": { "DANE12_EST": "111001086771", "id_establecimiento": "111001086771", "nombre_establecimiento": "COLEGIO INSTITUTO TECNICO RODRIGO DE TRIANA (IED)", "nombre_localidad": "Kennedy", "codigo_upz": "82", "nombre_upz": "PATIO BONITO", "estrato": "Estrato 2", "zona": "URBANA", "caracter_media": "Técnico", "lon": -74.167469999771882, "lat": 4.6402800004204705, "codigo_localidad": "08", "q_j": 257.42333333333335, "puntaje_2023": 262.4, "punt_global_2020": 248.64, "punt_global_2022": 261.23, "matricula_total": 2881.0, "demanda_total": 3099.0, "sobre_demanda_j": 1.0756681707740368, "n_hogares_muestra": 3134.0, "poblacion_expandida": 138658.00000200002, "tasa_pobreza_monetaria": 0.65856195701858433, "tasa_pobreza_extrema": 0.25231683026507928, "tasa_ipm": 0.12847925674496269, "ingreso_percapita_promedio": 447236.75948710123, "capacidad_pago_promedio": 0.64818821479397959, "tamano_hogar_promedio": 3.7817963159676062, "gasto_educ_promedio": 124887.69466509685, "tasa_deficit_cuantitativo": 0.026934634675576798, "tasa_deficit_cualitativo": 0.21986511244688561, "tasa_deficit_habitacional": 0.24679974712246239, "pct_estrato_1": 0.027288221256944498, "pct_estrato_2": 0.97223491680794139, "pct_estrato_3": 0.00047686193511399999, "pct_estrato_4": 0.0, "pct_estrato_5": 0.0, "pct_estrato_6": 0.0, "s0_localidad": 0.3719221758740453, "dist_transmilenio_m": 850.53513415522843, "dist_sitp_m": 17.582554589603266, "dist_parque_m": 155.10440575498197, "homicidios": 277.0, "lesiones_personales": 5216.0, "hurto_personas": 45928.0, "hurto_residencias": 4574.0, "hurto_automotores": 2662.0, "hurto_bicicletas": 2842.0, "hurto_comercio": 11829.0, "hurto_entidades": 2994.0, "violencia_intrafam": 8341.0, "delitos_sexuales": 1353.0, "pct_no_oficial": 70.99, "n_sedes_total": 262, "n_sedes_no_oficial": 186 }, "geometry": { "type": "Point", "coordinates": [ -74.167469999771882, 4.640280000420471 ] } },
{ "type": "Feature", "properties": { "DANE12_EST": "111001086789", "id_establecimiento": "111001086789", "nombre_establecimiento": "COLEGIO RAFAEL NUÑEZ (IED)", "nombre_localidad": "San Cristobal", "codigo_upz": "33", "nombre_upz": "SOSIEGO", "estrato": "Estrato 3", "zona": "URBANA", "caracter_media": "Académico", "lon": -74.093209999648877, "lat": 4.5762599999619304, "codigo_localidad": "04", "q_j": 263.02, "puntaje_2023": 260.77, "punt_global_2020": 271.9, "punt_global_2022": 256.39, "matricula_total": 772.0, "demanda_total": 820.0, "sobre_demanda_j": 1.0621761658031088, "n_hogares_muestra": 2142.0, "poblacion_expandida": 44028.000002000001, "tasa_pobreza_monetaria": 0.29226762931578681, "tasa_pobreza_extrema": 0.10489467919937789, "tasa_ipm": 0.038328641635398897, "ingreso_percapita_promedio": 1027486.805516976, "capacidad_pago_promedio": 0.1922017177186244, "tamano_hogar_promedio": 3.4907714279826121, "gasto_educ_promedio": 308150.27846045513, "tasa_deficit_cuantitativo": 0.0035378109383328998, "tasa_deficit_cualitativo": 0.084429080142889495, "tasa_deficit_habitacional": 0.087966891081222506, "pct_estrato_1": 0.0, "pct_estrato_2": 0.28442612877557799, "pct_estrato_3": 0.71557387122442206, "pct_estrato_4": 0.0, "pct_estrato_5": 0.0, "pct_estrato_6": 0.0, "s0_localidad": 0.24275340378588084, "dist_transmilenio_m": 93.647367378378348, "dist_sitp_m": 35.068542860647824, "dist_parque_m": 68.014590996624847, "homicidios": 113.0, "lesiones_personales": 2653.0, "hurto_personas": 11264.0, "hurto_residencias": 1302.0, "hurto_automotores": 438.0, "hurto_bicicletas": 251.0, "hurto_comercio": 3279.0, "hurto_entidades": 810.0, "violencia_intrafam": 4309.0, "delitos_sexuales": 811.0, "pct_no_oficial": 49.61, "n_sedes_total": 129, "n_sedes_no_oficial": 64 }, "geometry": { "type": "Point", "coordinates": [ -74.093209999648877, 4.57625999996193 ] } },
{ "type": "Feature", "properties": { "DANE12_EST": "111001086801", "id_establecimiento": "111001086801", "nombre_establecimiento": "COLEGIO CEDID CIUDAD BOLIVAR (IED)", "nombre_localidad": "Ciudad Bolivar", "codigo_upz": "69", "nombre_upz": "ISMAEL PERDOMO", "estrato": "Sin estrato", "zona": "URBANA", "caracter_media": "Académico", "lon": -74.164709999723286, "lat": 4.5779799998935573, "codigo_localidad": "19", "q_j": 239.89, "puntaje_2023": 243.88, "punt_global_2020": 236.61, "punt_global_2022": 239.18, "matricula_total": 4530.0, "demanda_total": 5167.0, "sobre_demanda_j": 1.1406181015452539, "n_hogares_muestra": 2366.0, "poblacion_expandida": 164520.00000199999, "tasa_pobreza_monetaria": 0.51545916573346162, "tasa_pobreza_extrema": 0.16132286291926429, "tasa_ipm": 0.1120384549706778, "ingreso_percapita_promedio": 615523.9462379344, "capacidad_pago_promedio": 0.52716050758962851, "tamano_hogar_promedio": 3.8098645044388539, "gasto_educ_promedio": 155800.13389930749, "tasa_deficit_cuantitativo": 0.020936730408814198, "tasa_deficit_cualitativo": 0.1935707537570682, "tasa_deficit_habitacional": 0.2145074841658825, "pct_estrato_1": 0.44532129046930069, "pct_estrato_2": 0.4547796296212645, "pct_estrato_3": 0.099899079909434696, "pct_estrato_4": 0.0, "pct_estrato_5": 0.0, "pct_estrato_6": 0.0, "s0_localidad": 0.24641727799438962, "dist_transmilenio_m": 1980.3445646356863, "dist_sitp_m": 203.5440228325599, "dist_parque_m": 242.11633496819539, "homicidios": 450.0, "lesiones_personales": 4378.0, "hurto_personas": 16269.0, "hurto_residencias": 1893.0, "hurto_automotores": 870.0, "hurto_bicicletas": 472.0, "hurto_comercio": 4561.0, "hurto_entidades": 1620.0, "violencia_intrafam": 8567.0, "delitos_sexuales": 1433.0, "pct_no_oficial": 44.59, "n_sedes_total": 148, "n_sedes_no_oficial": 66 }, "geometry": { "type": "Point", "coordinates": [ -74.164709999723286, 4.577979999893557 ] } },
{ "type": "Feature", "properties": { "DANE12_EST": "111001086835", "id_establecimiento": "111001086835", "nombre_establecimiento": "COLEGIO SIERRA MORENA (IED)", "nombre_localidad": "Ciudad Bolivar", "codigo_upz": "69", "nombre_upz": "ISMAEL PERDOMO", "estrato": "Sin estrato", "zona": "URBANA", "caracter_media": "Académico", "lon": -74.169580000440462, "lat": 4.5748600005066828, "codigo_localidad": "19", "q_j": 232.7, "puntaje_2023": 239.17, "punt_global_2020": 226.22, "punt_global_2022": 232.71, "matricula_total": 4973.0, "demanda_total": 5603.0, "sobre_demanda_j": 1.1266840941081842, "n_hogares_muestra": 2366.0, "poblacion_expandida": 164520.00000199999, "tasa_pobreza_monetaria": 0.51545916573346162, "tasa_pobreza_extrema": 0.16132286291926429, "tasa_ipm": 0.1120384549706778, "ingreso_percapita_promedio": 615523.9462379344, "capacidad_pago_promedio": 0.52716050758962851, "tamano_hogar_promedio": 3.8098645044388539, "gasto_educ_promedio": 155800.13389930749, "tasa_deficit_cuantitativo": 0.020936730408814198, "tasa_deficit_cualitativo": 0.1935707537570682, "tasa_deficit_habitacional": 0.2145074841658825, "pct_estrato_1": 0.44532129046930069, "pct_estrato_2": 0.4547796296212645, "pct_estrato_3": 0.099899079909434696, "pct_estrato_4": 0.0, "pct_estrato_5": 0.0, "pct_estrato_6": 0.0, "s0_localidad": 0.24641727799438962, "dist_transmilenio_m": 2382.5077129082133, "dist_sitp_m": 94.041216440451848, "dist_parque_m": 105.47818699566788, "homicidios": 450.0, "lesiones_personales": 4378.0, "hurto_personas": 16269.0, "hurto_residencias": 1893.0, "hurto_automotores": 870.0, "hurto_bicicletas": 472.0, "hurto_comercio": 4561.0, "hurto_entidades": 1620.0, "violencia_intrafam": 8567.0, "delitos_sexuales": 1433.0, "pct_no_oficial": 44.59, "n_sedes_total": 148, "n_sedes_no_oficial": 66 }, "geometry": { "type": "Point", "coordinates": [ -74.169580000440462, 4.574860000506683 ] } },
{ "type": "Feature", "properties": { "DANE12_EST": "111001092410", "id_establecimiento": "111001092410", "nombre_establecimiento": "COLEGIO LA ESTANCIA - SAN ISIDRO LABRADOR (IED)", "nombre_localidad": "Ciudad Bolivar", "codigo_upz": "69", "nombre_upz": "ISMAEL PERDOMO", "estrato": "Estrato 2", "zona": "URBANA", "caracter_media": "Académico", "lon": -74.176089999676321, "lat": 4.5927000000608444, "codigo_localidad": "19", "q_j": 240.88333333333333, "puntaje_2023": 244.09, "punt_global_2020": 237.17, "punt_global_2022": 241.39, "matricula_total": 2456.0, "demanda_total": 2705.0, "sobre_demanda_j": 1.101384364820847, "n_hogares_muestra": 2366.0, "poblacion_expandida": 164520.00000199999, "tasa_pobreza_monetaria": 0.51545916573346162, "tasa_pobreza_extrema": 0.16132286291926429, "tasa_ipm": 0.1120384549706778, "ingreso_percapita_promedio": 615523.9462379344, "capacidad_pago_promedio": 0.52716050758962851, "tamano_hogar_promedio": 3.8098645044388539, "gasto_educ_promedio": 155800.13389930749, "tasa_deficit_cuantitativo": 0.020936730408814198, "tasa_deficit_cualitativo": 0.1935707537570682, "tasa_deficit_habitacional": 0.2145074841658825, "pct_estrato_1": 0.44532129046930069, "pct_estrato_2": 0.4547796296212645, "pct_estrato_3": 0.099899079909434696, "pct_estrato_4": 0.0, "pct_estrato_5": 0.0, "pct_estrato_6": 0.0, "s0_localidad": 0.24641727799438962, "dist_transmilenio_m": 735.38356810690834, "dist_sitp_m": 86.514266016271748, "dist_parque_m": 85.674104032345795, "homicidios": 450.0, "lesiones_personales": 4378.0, "hurto_personas": 16269.0, "hurto_residencias": 1893.0, "hurto_automotores": 870.0, "hurto_bicicletas": 472.0, "hurto_comercio": 4561.0, "hurto_entidades": 1620.0, "violencia_intrafam": 8567.0, "delitos_sexuales": 1433.0, "pct_no_oficial": 44.59, "n_sedes_total": 148, "n_sedes_no_oficial": 66 }, "geometry": { "type": "Point", "coordinates": [ -74.176089999676321, 4.592700000060844 ] } },
{ "type": "Feature", "properties": { "DANE12_EST": "111001093084", "id_establecimiento": "111001093084", "nombre_establecimiento": "COLEGIO ALVARO GOMEZ HURTADO (IED)", "nombre_localidad": "Suba", "codigo_upz": "28", "nombre_upz": "EL RINCON", "estrato": "Estrato 2", "zona": "URBANA", "caracter_media": "Académico", "lon": -74.096989999871681, "lat": 4.7303300005782001, "codigo_localidad": "11", "q_j": 240.91333333333333, "puntaje_2023": 244.52, "punt_global_2020": 236.26, "punt_global_2022": 241.96, "matricula_total": 3211.0, "demanda_total": 3667.0, "sobre_demanda_j": 1.1420118343195267, "n_hogares_muestra": 2382.0, "poblacion_expandida": 288983.99999600003, "tasa_pobreza_monetaria": 0.39372393871312911, "tasa_pobreza_extrema": 0.1074366146223657, "tasa_ipm": 0.060527870641426902, "ingreso_percapita_promedio": 736885.83955951873, "capacidad_pago_promedio": 0.35341762880994682, "tamano_hogar_promedio": 3.5256419863051338, "gasto_educ_promedio": 229243.80352093693, "tasa_deficit_cuantitativo": 0.0020934378962445999, "tasa_deficit_cualitativo": 0.1305752875097663, "tasa_deficit_habitacional": 0.13266872540601099, "pct_estrato_1": 0.0094350357315205, "pct_estrato_2": 0.61616858753240555, "pct_estrato_3": 0.36319133631914841, "pct_estrato_4": 0.0, "pct_estrato_5": 0.0, "pct_estrato_6": 0.0, "s0_localidad": 0.52282970591970535, "dist_transmilenio_m": 1464.0200179712022, "dist_sitp_m": 15.556302319855073, "dist_parque_m": 169.23870074672359, "homicidios": 143.0, "lesiones_personales": 4117.0, "hurto_personas": 47285.0, "hurto_residencias": 5010.0, "hurto_automotores": 938.0, "hurto_bicicletas": 2774.0, "hurto_comercio": 12600.0, "hurto_entidades": 1324.0, "violencia_intrafam": 8047.0, "delitos_sexuales": 1387.0, "pct_no_oficial": 80.22, "n_sedes_total": 364, "n_sedes_no_oficial": 292 }, "geometry": { "type": "Point", "coordinates": [ -74.096989999871681, 4.7303300005782 ] } },
{ "type": "Feature", "properties": { "DANE12_EST": "111001094439", "id_establecimiento": "111001094439", "nombre_establecimiento": "COLEGIO FERNANDO GONZALEZ OCHOA (IED)", "nombre_localidad": "Usme", "codigo_upz": "58", "nombre_upz": "COMUNEROS", "estrato": "Estrato 2", "zona": "URBANA", "caracter_media": "Académico", "lon": -74.107009999891915, "lat": 4.502810000355228, "codigo_localidad": "05", "q_j": 250.36333333333334, "puntaje_2023": 253.46, "punt_global_2020": 250.61, "punt_global_2022": 247.02, "matricula_total": 2108.0, "demanda_total": 2201.0, "sobre_demanda_j": 1.0441176470588236, "n_hogares_muestra": 2461.0, "poblacion_expandida": 98789.999999699998, "tasa_pobreza_monetaria": 0.54632234953197589, "tasa_pobreza_extrema": 0.14300688904284739, "tasa_ipm": 0.0808793279686634, "ingreso_percapita_promedio": 538295.14854055992, "capacidad_pago_promedio": 0.6418885111488265, "tamano_hogar_promedio": 3.78760632903772, "gasto_educ_promedio": 85874.888113838184, "tasa_deficit_cuantitativo": 0.023710737932048899, "tasa_deficit_cualitativo": 0.15871960531782181, "tasa_deficit_habitacional": 0.1824303432498707, "pct_estrato_1": 0.4316831555524801, "pct_estrato_2": 0.56472274978003256, "pct_estrato_3": 0.0035940946674873002, "pct_estrato_4": 0.0, "pct_estrato_5": 0.0, "pct_estrato_6": 0.0, "s0_localidad": 0.18065503357765311, "dist_transmilenio_m": 3494.8001640988791, "dist_sitp_m": 140.48325089448991, "dist_parque_m": 114.14381733853278, "homicidios": 171.0, "lesiones_personales": 2562.0, "hurto_personas": 8404.0, "hurto_residencias": 1452.0, "hurto_automotores": 311.0, "hurto_bicicletas": 146.0, "hurto_comercio": 2308.0, "hurto_entidades": 623.0, "violencia_intrafam": 3963.0, "delitos_sexuales": 923.0, "pct_no_oficial": 33.03, "n_sedes_total": 109, "n_sedes_no_oficial": 36 }, "geometry": { "type": "Point", "coordinates": [ -74.107009999891915, 4.502810000355228 ] } },
{ "type": "Feature", "properties": { "DANE12_EST": "111001094889", "id_establecimiento": "111001094889", "nombre_establecimiento": "COLEGIO LA TOSCANA - LISBOA (IED)", "nombre_localidad": "Suba", "codigo_upz": "71", "nombre_upz": "TIBABUYES", "estrato": "Sin estrato", "zona": "URBANA", "caracter_media": "Académico", "lon": -74.113429999614397, "lat": 4.7435600002437441, "codigo_localidad": "11", "q_j": 253.43, "puntaje_2023": 262.48, "punt_global_2020": 247.41, "punt_global_2022": 250.4, "matricula_total": 2256.0, "demanda_total": 2853.0, "sobre_demanda_j": 1.2646276595744681, "n_hogares_muestra": 2573.0, "poblacion_expandida": 297101.99999610003, "tasa_pobreza_monetaria": 0.4456968888729736, "tasa_pobreza_extrema": 0.14904137082914709, "tasa_ipm": 0.054795271255709099, "ingreso_percapita_promedio": 644941.21802584687, "capacidad_pago_promedio": 0.45039245678102652, "tamano_hogar_promedio": 3.8630385426488738, "gasto_educ_promedio": 238418.55806301135, "tasa_deficit_cuantitativo": 0.0083614290907923997, "tasa_deficit_cualitativo": 0.14471337553185229, "tasa_deficit_habitacional": 0.15307480462264469, "pct_estrato_1": 0.0023181771173167, "pct_estrato_2": 0.85090759959245821, "pct_estrato_3": 0.14522010698267379, "pct_estrato_4": 0.0015541163075511, "pct_estrato_5": 0.0, "pct_estrato_6": 0.0, "s0_localidad": 0.52282970591970535, "dist_transmilenio_m": 2152.8499936999337, "dist_sitp_m": 30.275490715737121, "dist_parque_m": 11.799216438161201, "homicidios": 143.0, "lesiones_personales": 4117.0, "hurto_personas": 47285.0, "hurto_residencias": 5010.0, "hurto_automotores": 938.0, "hurto_bicicletas": 2774.0, "hurto_comercio": 12600.0, "hurto_entidades": 1324.0, "violencia_intrafam": 8047.0, "delitos_sexuales": 1387.0, "pct_no_oficial": 80.22, "n_sedes_total": 364, "n_sedes_no_oficial": 292 }, "geometry": { "type": "Point", "coordinates": [ -74.113429999614397, 4.743560000243744 ] } },
{ "type": "Feature", "properties": { "DANE12_EST": "111001094897", "id_establecimiento": "111001094897", "nombre_establecimiento": "COLEGIO TECNICO PALERMO (IED)", "nombre_localidad": "Teusaquillo", "codigo_upz": "100", "nombre_upz": "GALERIAS", "estrato": "Estrato 3", "zona": "URBANA", "caracter_media": "Técnico", "lon": -74.07422999996561, "lat": 4.6381100005123486, "codigo_localidad": "13", "q_j": 278.12666666666667, "puntaje_2023": 277.6, "punt_global_2020": 273.93, "punt_global_2022": 282.85, "matricula_total": 1275.0, "demanda_total": 1428.0, "sobre_demanda_j": 1.12, "n_hogares_muestra": 2367.0, "poblacion_expandida": 39000.999996099999, "tasa_pobreza_monetaria": 0.1300010708368248, "tasa_pobreza_extrema": 0.082768763093838502, "tasa_ipm": 0.014246755838454399, "ingreso_percapita_promedio": 2456485.9569471865, "capacidad_pago_promedio": 0.056421031586883399, "tamano_hogar_promedio": 2.6386756289323565, "gasto_educ_promedio": 480391.03602248005, "tasa_deficit_cuantitativo": 0.0034138883237177001, "tasa_deficit_cualitativo": 0.059289424823241101, "tasa_deficit_habitacional": 0.062703313146958803, "pct_estrato_1": 0.0013790921105966, "pct_estrato_2": 0.0, "pct_estrato_3": 0.4503994729995785, "pct_estrato_4": 0.54580951374140807, "pct_estrato_5": 0.0, "pct_estrato_6": 0.0, "s0_localidad": 0.6619776760477224, "dist_transmilenio_m": 575.41947800721175, "dist_sitp_m": 35.145395416437431, "dist_parque_m": 191.42901213527344, "homicidios": 12.0, "lesiones_personales": 1046.0, "hurto_personas": 26559.0, "hurto_residencias": 1777.0, "hurto_automotores": 313.0, "hurto_bicicletas": 967.0, "hurto_comercio": 7306.0, "hurto_entidades": 237.0, "violencia_intrafam": 1265.0, "delitos_sexuales": 415.0, "pct_no_oficial": 94.92, "n_sedes_total": 59, "n_sedes_no_oficial": 56 }, "geometry": { "type": "Point", "coordinates": [ -74.07422999996561, 4.638110000512349 ] } },
{ "type": "Feature", "properties": { "DANE12_EST": "111001094901", "id_establecimiento": "111001094901", "nombre_establecimiento": "COLEGIO MANUEL ELKIN PATARROYO (IED)", "nombre_localidad": "Santa Fe", "codigo_upz": "92", "nombre_upz": "LA MACARENA", "estrato": "Estrato 2", "zona": "URBANA", "caracter_media": "Académico", "lon": -74.064569999795495, "lat": 4.6176800004189555, "codigo_localidad": "03", "q_j": 264.24, "puntaje_2023": 266.92, "punt_global_2020": 265.16, "punt_global_2022": 260.64, "matricula_total": 409.0, "demanda_total": 435.0, "sobre_demanda_j": 1.0635696821515892, "n_hogares_muestra": 2114.0, "poblacion_expandida": 12306.0000009, "tasa_pobreza_monetaria": 0.31743363042534622, "tasa_pobreza_extrema": 0.1538255060508335, "tasa_ipm": 0.074155194208781097, "ingreso_percapita_promedio": 1771407.661383216, "capacidad_pago_promedio": 0.20924943920133879, "tamano_hogar_promedio": 3.2781323452583844, "gasto_educ_promedio": 426611.64635251299, "tasa_deficit_cuantitativo": 0.0135371449933216, "tasa_deficit_cualitativo": 0.1104267609459301, "tasa_deficit_habitacional": 0.1239639059392517, "pct_estrato_1": 0.003069231894786, "pct_estrato_2": 0.57988330743361816, "pct_estrato_3": 0.2341926681528706, "pct_estrato_4": 0.17839479624081289, "pct_estrato_5": 0.0012613401266751, "pct_estrato_6": 0.0, "s0_localidad": 0.26720847821961147, "dist_transmilenio_m": 582.69863294695051, "dist_sitp_m": 32.778108564410068, "dist_parque_m": 71.586932758836866, "homicidios": 113.0, "lesiones_personales": 1683.0, "hurto_personas": 25139.0, "hurto_residencias": 580.0, "hurto_automotores": 128.0, "hurto_bicicletas": 443.0, "hurto_comercio": 7043.0, "hurto_entidades": 180.0, "violencia_intrafam": 1602.0, "delitos_sexuales": 514.0, "pct_no_oficial": 44.83, "n_sedes_total": 29, "n_sedes_no_oficial": 13 }, "geometry": { "type": "Point", "coordinates": [ -74.064569999795495, 4.617680000418956 ] } },
{ "type": "Feature", "properties": { "DANE12_EST": "111001096555", "id_establecimiento": "111001096555", "nombre_establecimiento": "COLEGIO CIUDAD BOLIVAR - ARGENTINA (IED)", "nombre_localidad": "Ciudad Bolivar", "codigo_upz": "69", "nombre_upz": "ISMAEL PERDOMO", "estrato": "Sin estrato", "zona": "URBANA", "caracter_media": "Académico", "lon": -74.164949999922783, "lat": 4.5782899999049009, "codigo_localidad": "19", "q_j": 255.27666666666664, "puntaje_2023": 265.39, "punt_global_2020": 251.12, "punt_global_2022": 249.32, "matricula_total": 1989.0, "demanda_total": 2091.0, "sobre_demanda_j": 1.0512820512820513, "n_hogares_muestra": 2366.0, "poblacion_expandida": 164520.00000199999, "tasa_pobreza_monetaria": 0.51545916573346162, "tasa_pobreza_extrema": 0.16132286291926429, "tasa_ipm": 0.1120384549706778, "ingreso_percapita_promedio": 615523.9462379344, "capacidad_pago_promedio": 0.52716050758962851, "tamano_hogar_promedio": 3.8098645044388539, "gasto_educ_promedio": 155800.13389930749, "tasa_deficit_cuantitativo": 0.020936730408814198, "tasa_deficit_cualitativo": 0.1935707537570682, "tasa_deficit_habitacional": 0.2145074841658825, "pct_estrato_1": 0.44532129046930069, "pct_estrato_2": 0.4547796296212645, "pct_estrato_3": 0.099899079909434696, "pct_estrato_4": 0.0, "pct_estrato_5": 0.0, "pct_estrato_6": 0.0, "s0_localidad": 0.24641727799438962, "dist_transmilenio_m": 1945.6661077637441, "dist_sitp_m": 174.5064196407732, "dist_parque_m": 229.99552104447233, "homicidios": 450.0, "lesiones_personales": 4378.0, "hurto_personas": 16269.0, "hurto_residencias": 1893.0, "hurto_automotores": 870.0, "hurto_bicicletas": 472.0, "hurto_comercio": 4561.0, "hurto_entidades": 1620.0, "violencia_intrafam": 8567.0, "delitos_sexuales": 1433.0, "pct_no_oficial": 44.59, "n_sedes_total": 148, "n_sedes_no_oficial": 66 }, "geometry": { "type": "Point", "coordinates": [ -74.164949999922783, 4.578289999904901 ] } },
{ "type": "Feature", "properties": { "DANE12_EST": "111001098612", "id_establecimiento": "111001098612", "nombre_establecimiento": "COLEGIO LA ESTRELLITA (IED)", "nombre_localidad": "Usaquen", "codigo_upz": "9", "nombre_upz": "VERBENAL", "estrato": "Estrato 2", "zona": "URBANA", "caracter_media": "Académico", "lon": -74.024050000396855, "lat": 4.7643700000362186, "codigo_localidad": "01", "q_j": 249.83333333333334, "puntaje_2023": 253.08, "punt_global_2020": 248.34, "punt_global_2022": 248.08, "matricula_total": 1220.0, "demanda_total": 1387.0, "sobre_demanda_j": 1.1368852459016394, "n_hogares_muestra": 2513.0, "poblacion_expandida": 128723.9999975, "tasa_pobreza_monetaria": 0.2827421697368544, "tasa_pobreza_extrema": 0.0529029950206042, "tasa_ipm": 0.049010722297493203, "ingreso_percapita_promedio": 1102998.6224623476, "capacidad_pago_promedio": 0.29139413861229041, "tamano_hogar_promedio": 3.4788079827770808, "gasto_educ_promedio": 430644.86864861392, "tasa_deficit_cuantitativo": 0.0074946427559642002, "tasa_deficit_cualitativo": 0.12019643744368171, "tasa_deficit_habitacional": 0.1276910801996459, "pct_estrato_1": 0.070897998289186498, "pct_estrato_2": 0.26411417362387962, "pct_estrato_3": 0.52903677945777472, "pct_estrato_4": 0.1082964924052293, "pct_estrato_5": 0.0266078202554808, "pct_estrato_6": 0.0, "s0_localidad": 0.64146949244746554, "dist_transmilenio_m": 2219.1388741774331, "dist_sitp_m": 28.883919613630038, "dist_parque_m": 60.450477572762381, "homicidios": 93.0, "lesiones_personales": 1898.0, "hurto_personas": 34039.0, "hurto_residencias": 3332.0, "hurto_automotores": 363.0, "hurto_bicicletas": 1238.0, "hurto_comercio": 8366.0, "hurto_entidades": 408.0, "violencia_intrafam": 3095.0, "delitos_sexuales": 602.0, "pct_no_oficial": 78.79, "n_sedes_total": 132, "n_sedes_no_oficial": 104 }, "geometry": { "type": "Point", "coordinates": [ -74.024050000396855, 4.764370000036219 ] } },
{ "type": "Feature", "properties": { "DANE12_EST": "111001098817", "id_establecimiento": "111001098817", "nombre_establecimiento": "COLEGIO NUEVA ROMA (IED)", "nombre_localidad": "San Cristobal", "codigo_upz": "51", "nombre_upz": "LOS LIBERTADORES", "estrato": "Estrato 2", "zona": "URBANA", "caracter_media": "Académico", "lon": -74.095769999680954, "lat": 4.5414600001089891, "codigo_localidad": "04", "q_j": 259.3966666666667, "puntaje_2023": 253.85, "punt_global_2020": 259.43, "punt_global_2022": 264.91, "matricula_total": 1149.0, "demanda_total": 1223.0, "sobre_demanda_j": 1.0644038294168843, "n_hogares_muestra": 2692.0, "poblacion_expandida": 77733.999996699989, "tasa_pobreza_monetaria": 0.52653769833454578, "tasa_pobreza_extrema": 0.1756566622209029, "tasa_ipm": 0.067361788036409895, "ingreso_percapita_promedio": 552249.07066018332, "capacidad_pago_promedio": 0.55247422117121425, "tamano_hogar_promedio": 3.6592377897750734, "gasto_educ_promedio": 168187.30175970253, "tasa_deficit_cuantitativo": 0.0051636119898246999, "tasa_deficit_cualitativo": 0.18674045249075361, "tasa_deficit_habitacional": 0.1919040644805784, "pct_estrato_1": 0.19496129335610379, "pct_estrato_2": 0.80181198873396431, "pct_estrato_3": 0.0, "pct_estrato_4": 0.0, "pct_estrato_5": 0.0, "pct_estrato_6": 0.0, "s0_localidad": 0.24275340378588084, "dist_transmilenio_m": 2700.8702961658114, "dist_sitp_m": 107.25188369531769, "dist_parque_m": 96.816694361091862, "homicidios": 113.0, "lesiones_personales": 2653.0, "hurto_personas": 11264.0, "hurto_residencias": 1302.0, "hurto_automotores": 438.0, "hurto_bicicletas": 251.0, "hurto_comercio": 3279.0, "hurto_entidades": 810.0, "violencia_intrafam": 4309.0, "delitos_sexuales": 811.0, "pct_no_oficial": 49.61, "n_sedes_total": 129, "n_sedes_no_oficial": 64 }, "geometry": { "type": "Point", "coordinates": [ -74.095769999680954, 4.541460000108989 ] } },
{ "type": "Feature", "properties": { "DANE12_EST": "111001098825", "id_establecimiento": "111001098825", "nombre_establecimiento": "COLEGIO SAN VICENTE (IED)", "nombre_localidad": "San Cristobal", "codigo_upz": "32", "nombre_upz": "SAN BLAS", "estrato": "Sin estrato", "zona": "URBANA", "caracter_media": "Académico", "lon": -74.088309999692783, "lat": 4.5552399999949484, "codigo_localidad": "04", "q_j": 258.06333333333333, "puntaje_2023": 258.46, "punt_global_2020": 260.09, "punt_global_2022": 255.64, "matricula_total": 1221.0, "demanda_total": 1283.0, "sobre_demanda_j": 1.0507780507780509, "n_hogares_muestra": 2576.0, "poblacion_expandida": 103547.9999957, "tasa_pobreza_monetaria": 0.53281572810765165, "tasa_pobreza_extrema": 0.17804593568360169, "tasa_ipm": 0.067906413079847003, "ingreso_percapita_promedio": 549847.98617717263, "capacidad_pago_promedio": 0.52019094688102929, "tamano_hogar_promedio": 3.6905228238495118, "gasto_educ_promedio": 137818.05261490447, "tasa_deficit_cuantitativo": 0.0341879814409453, "tasa_deficit_cualitativo": 0.1618981974832556, "tasa_deficit_habitacional": 0.19608617892420099, "pct_estrato_1": 0.1275309686584809, "pct_estrato_2": 0.85813449443533429, "pct_estrato_3": 0.0083652084476375007, "pct_estrato_4": 0.0, "pct_estrato_5": 0.0, "pct_estrato_6": 0.0, "s0_localidad": 0.24275340378588084, "dist_transmilenio_m": 1512.3119252366703, "dist_sitp_m": 151.28659825718248, "dist_parque_m": 142.98883860339751, "homicidios": 113.0, "lesiones_personales": 2653.0, "hurto_personas": 11264.0, "hurto_residencias": 1302.0, "hurto_automotores": 438.0, "hurto_bicicletas": 251.0, "hurto_comercio": 3279.0, "hurto_entidades": 810.0, "violencia_intrafam": 4309.0, "delitos_sexuales": 811.0, "pct_no_oficial": 49.61, "n_sedes_total": 129, "n_sedes_no_oficial": 64 }, "geometry": { "type": "Point", "coordinates": [ -74.088309999692783, 4.555239999994948 ] } },
{ "type": "Feature", "properties": { "DANE12_EST": "111001098841", "id_establecimiento": "111001098841", "nombre_establecimiento": "COLEGIO SAN JOSE DE USME (IED)", "nombre_localidad": "Usme", "codigo_upz": "58", "nombre_upz": "COMUNEROS", "estrato": "Sin estrato", "zona": "URBANA", "caracter_media": "Académico", "lon": -74.118329999570506, "lat": 4.5017500004117137, "codigo_localidad": "05", "q_j": 264.84, "puntaje_2023": 277.69, "punt_global_2020": 255.76, "punt_global_2022": 261.07, "matricula_total": 1106.0, "demanda_total": 1172.0, "sobre_demanda_j": 1.0596745027124774, "n_hogares_muestra": 2461.0, "poblacion_expandida": 98789.999999699998, "tasa_pobreza_monetaria": 0.54632234953197589, "tasa_pobreza_extrema": 0.14300688904284739, "tasa_ipm": 0.0808793279686634, "ingreso_percapita_promedio": 538295.14854055992, "capacidad_pago_promedio": 0.6418885111488265, "tamano_hogar_promedio": 3.78760632903772, "gasto_educ_promedio": 85874.888113838184, "tasa_deficit_cuantitativo": 0.023710737932048899, "tasa_deficit_cualitativo": 0.15871960531782181, "tasa_deficit_habitacional": 0.1824303432498707, "pct_estrato_1": 0.4316831555524801, "pct_estrato_2": 0.56472274978003256, "pct_estrato_3": 0.0035940946674873002, "pct_estrato_4": 0.0, "pct_estrato_5": 0.0, "pct_estrato_6": 0.0, "s0_localidad": 0.18065503357765311, "dist_transmilenio_m": 3333.9847412234772, "dist_sitp_m": 171.89509306945962, "dist_parque_m": 261.3802131576212, "homicidios": 171.0, "lesiones_personales": 2562.0, "hurto_personas": 8404.0, "hurto_residencias": 1452.0, "hurto_automotores": 311.0, "hurto_bicicletas": 146.0, "hurto_comercio": 2308.0, "hurto_entidades": 623.0, "violencia_intrafam": 3963.0, "delitos_sexuales": 923.0, "pct_no_oficial": 33.03, "n_sedes_total": 109, "n_sedes_no_oficial": 36 }, "geometry": { "type": "Point", "coordinates": [ -74.118329999570506, 4.501750000411714 ] } },
{ "type": "Feature", "properties": { "DANE12_EST": "111001098850", "id_establecimiento": "111001098850", "nombre_establecimiento": "COLEGIO CHUNIZA FAMACO (IED)", "nombre_localidad": "Usme", "codigo_upz": "59", "nombre_upz": "ALFONSO LOPEZ", "estrato": "Estrato 1", "zona": "URBANA", "caracter_media": "Académico", "lon": -74.104249999843319, "lat": 4.4970200005488188, "codigo_localidad": "05", "q_j": 263.01, "puntaje_2023": 261.92, "punt_global_2020": 260.86, "punt_global_2022": 266.25, "matricula_total": 1105.0, "demanda_total": 1236.0, "sobre_demanda_j": 1.118552036199095, "n_hogares_muestra": null, "poblacion_expandida": 106050.84656046669, "tasa_pobreza_monetaria": 0.55395718545107597, "tasa_pobreza_extrema": 0.16436784853606334, "tasa_ipm": 0.092707538904751072, "ingreso_percapita_promedio": 530785.24867599981, "capacidad_pago_promedio": 0.61095210127128308, "tamano_hogar_promedio": 3.7489343141300089, "gasto_educ_promedio": 100846.1594417469, "tasa_deficit_cuantitativo": 0.023721729279490605, "tasa_deficit_cualitativo": 0.16973845649731961, "tasa_deficit_habitacional": 0.19346018577681023, "pct_estrato_1": 0.38177151208226351, "pct_estrato_2": 0.61200421895717783, "pct_estrato_3": 0.0034188321612207339, "pct_estrato_4": 0.0, "pct_estrato_5": 0.0, "pct_estrato_6": 0.0, "s0_localidad": 0.18065503357765311, "dist_transmilenio_m": 4207.1427293993092, "dist_sitp_m": 14.03461787409017, "dist_parque_m": 167.0336398517621, "homicidios": 171.0, "lesiones_personales": 2562.0, "hurto_personas": 8404.0, "hurto_residencias": 1452.0, "hurto_automotores": 311.0, "hurto_bicicletas": 146.0, "hurto_comercio": 2308.0, "hurto_entidades": 623.0, "violencia_intrafam": 3963.0, "delitos_sexuales": 923.0, "pct_no_oficial": 33.03, "n_sedes_total": 109, "n_sedes_no_oficial": 36 }, "geometry": { "type": "Point", "coordinates": [ -74.104249999843319, 4.497020000548819 ] } },
{ "type": "Feature", "properties": { "DANE12_EST": "111001098868", "id_establecimiento": "111001098868", "nombre_establecimiento": "COLEGIO LUIS EDUARDO MORA OSEJO (IED)", "nombre_localidad": "Usme", "codigo_upz": "58", "nombre_upz": "COMUNEROS", "estrato": "Estrato 2", "zona": "URBANA", "caracter_media": "Académico", "lon": -74.11225999965238, "lat": 4.5004700001455005, "codigo_localidad": "05", "q_j": 246.91333333333333, "puntaje_2023": 243.08, "punt_global_2020": 249.03, "punt_global_2022": 248.63, "matricula_total": 710.0, "demanda_total": 776.0, "sobre_demanda_j": 1.0929577464788733, "n_hogares_muestra": 2461.0, "poblacion_expandida": 98789.999999699998, "tasa_pobreza_monetaria": 0.54632234953197589, "tasa_pobreza_extrema": 0.14300688904284739, "tasa_ipm": 0.0808793279686634, "ingreso_percapita_promedio": 538295.14854055992, "capacidad_pago_promedio": 0.6418885111488265, "tamano_hogar_promedio": 3.78760632903772, "gasto_educ_promedio": 85874.888113838184, "tasa_deficit_cuantitativo": 0.023710737932048899, "tasa_deficit_cualitativo": 0.15871960531782181, "tasa_deficit_habitacional": 0.1824303432498707, "pct_estrato_1": 0.4316831555524801, "pct_estrato_2": 0.56472274978003256, "pct_estrato_3": 0.0035940946674873002, "pct_estrato_4": 0.0, "pct_estrato_5": 0.0, "pct_estrato_6": 0.0, "s0_localidad": 0.18065503357765311, "dist_transmilenio_m": 3563.0293299865139, "dist_sitp_m": 135.70091288536025, "dist_parque_m": 12.474498994873455, "homicidios": 171.0, "lesiones_personales": 2562.0, "hurto_personas": 8404.0, "hurto_residencias": 1452.0, "hurto_automotores": 311.0, "hurto_bicicletas": 146.0, "hurto_comercio": 2308.0, "hurto_entidades": 623.0, "violencia_intrafam": 3963.0, "delitos_sexuales": 923.0, "pct_no_oficial": 33.03, "n_sedes_total": 109, "n_sedes_no_oficial": 36 }, "geometry": { "type": "Point", "coordinates": [ -74.11225999965238, 4.5004700001455 ] } },
{ "type": "Feature", "properties": { "DANE12_EST": "111001098876", "id_establecimiento": "111001098876", "nombre_establecimiento": "COLEGIO LA ESPERANZA (IED)", "nombre_localidad": "Bosa", "codigo_upz": "85", "nombre_upz": "BOSA CENTRAL", "estrato": "Estrato 2", "zona": "URBANA", "caracter_media": "Académico", "lon": -74.204865999972171, "lat": 4.6098300000747825, "codigo_localidad": "07", "q_j": 265.08333333333331, "puntaje_2023": 271.54, "punt_global_2020": 255.21, "punt_global_2022": 268.5, "matricula_total": 1048.0, "demanda_total": 1144.0, "sobre_demanda_j": 1.0916030534351144, "n_hogares_muestra": 2530.0, "poblacion_expandida": 236893.99999380001, "tasa_pobreza_monetaria": 0.57741222472278719, "tasa_pobreza_extrema": 0.2259702239533336, "tasa_ipm": 0.077274234200862393, "ingreso_percapita_promedio": 559243.48815241479, "capacidad_pago_promedio": 0.54172419916569725, "tamano_hogar_promedio": 3.6623812802853042, "gasto_educ_promedio": 133205.35666441551, "tasa_deficit_cuantitativo": 0.0140410598706048, "tasa_deficit_cualitativo": 0.15374357223675231, "tasa_deficit_habitacional": 0.16778463210735711, "pct_estrato_1": 0.010853917966547401, "pct_estrato_2": 0.98854682013655482, "pct_estrato_3": 0.00059926189689779997, "pct_estrato_4": 0.0, "pct_estrato_5": 0.0, "pct_estrato_6": 0.0, "s0_localidad": 0.27631916132375012, "dist_transmilenio_m": 2354.8656346398425, "dist_sitp_m": 40.607000630448852, "dist_parque_m": 84.502310499429143, "homicidios": 209.0, "lesiones_personales": 3464.0, "hurto_personas": 19664.0, "hurto_residencias": 2638.0, "hurto_automotores": 681.0, "hurto_bicicletas": 1403.0, "hurto_comercio": 5397.0, "hurto_entidades": 1643.0, "violencia_intrafam": 7523.0, "delitos_sexuales": 1159.0, "pct_no_oficial": 55.7, "n_sedes_total": 149, "n_sedes_no_oficial": 83 }, "geometry": { "type": "Point", "coordinates": [ -74.204865999972171, 4.609830000074782 ] } },
{ "type": "Feature", "properties": { "DANE12_EST": "111001098884", "id_establecimiento": "111001098884", "nombre_establecimiento": "COLEGIO LOS NARANJOS (IED)", "nombre_localidad": "Bosa", "codigo_upz": "85", "nombre_upz": "BOSA CENTRAL", "estrato": "Estrato 2", "zona": "URBANA", "caracter_media": "Académico", "lon": -74.202130000213003, "lat": 4.6099500001365366, "codigo_localidad": "07", "q_j": 259.06666666666666, "puntaje_2023": 252.31, "punt_global_2020": 261.29, "punt_global_2022": 263.6, "matricula_total": 979.0, "demanda_total": 1086.0, "sobre_demanda_j": 1.1092951991828397, "n_hogares_muestra": 2530.0, "poblacion_expandida": 236893.99999380001, "tasa_pobreza_monetaria": 0.57741222472278719, "tasa_pobreza_extrema": 0.2259702239533336, "tasa_ipm": 0.077274234200862393, "ingreso_percapita_promedio": 559243.48815241479, "capacidad_pago_promedio": 0.54172419916569725, "tamano_hogar_promedio": 3.6623812802853042, "gasto_educ_promedio": 133205.35666441551, "tasa_deficit_cuantitativo": 0.0140410598706048, "tasa_deficit_cualitativo": 0.15374357223675231, "tasa_deficit_habitacional": 0.16778463210735711, "pct_estrato_1": 0.010853917966547401, "pct_estrato_2": 0.98854682013655482, "pct_estrato_3": 0.00059926189689779997, "pct_estrato_4": 0.0, "pct_estrato_5": 0.0, "pct_estrato_6": 0.0, "s0_localidad": 0.27631916132375012, "dist_transmilenio_m": 2213.9025441726685, "dist_sitp_m": 65.811570348203887, "dist_parque_m": 60.629582514545383, "homicidios": 209.0, "lesiones_personales": 3464.0, "hurto_personas": 19664.0, "hurto_residencias": 2638.0, "hurto_automotores": 681.0, "hurto_bicicletas": 1403.0, "hurto_comercio": 5397.0, "hurto_entidades": 1643.0, "violencia_intrafam": 7523.0, "delitos_sexuales": 1159.0, "pct_no_oficial": 55.7, "n_sedes_total": 149, "n_sedes_no_oficial": 83 }, "geometry": { "type": "Point", "coordinates": [ -74.202130000213003, 4.609950000136537 ] } },
{ "type": "Feature", "properties": { "DANE12_EST": "111001098892", "id_establecimiento": "111001098892", "nombre_establecimiento": "COLEGIO BELLAVISTA (IED)", "nombre_localidad": "Kennedy", "codigo_upz": "82", "nombre_upz": "PATIO BONITO", "estrato": "Estrato 2", "zona": "URBANA", "caracter_media": "Académico", "lon": -74.17319999993137, "lat": 4.6453600001694797, "codigo_localidad": "08", "q_j": 268.40333333333336, "puntaje_2023": 272.69, "punt_global_2020": 266.97, "punt_global_2022": 265.55, "matricula_total": 1210.0, "demanda_total": 1714.0, "sobre_demanda_j": 1.4165289256198348, "n_hogares_muestra": 3134.0, "poblacion_expandida": 138658.00000200002, "tasa_pobreza_monetaria": 0.65856195701858433, "tasa_pobreza_extrema": 0.25231683026507928, "tasa_ipm": 0.12847925674496269, "ingreso_percapita_promedio": 447236.75948710123, "capacidad_pago_promedio": 0.64818821479397959, "tamano_hogar_promedio": 3.7817963159676062, "gasto_educ_promedio": 124887.69466509685, "tasa_deficit_cuantitativo": 0.026934634675576798, "tasa_deficit_cualitativo": 0.21986511244688561, "tasa_deficit_habitacional": 0.24679974712246239, "pct_estrato_1": 0.027288221256944498, "pct_estrato_2": 0.97223491680794139, "pct_estrato_3": 0.00047686193511399999, "pct_estrato_4": 0.0, "pct_estrato_5": 0.0, "pct_estrato_6": 0.0, "s0_localidad": 0.3719221758740453, "dist_transmilenio_m": 1655.1920162588308, "dist_sitp_m": 68.015631940558251, "dist_parque_m": 72.176371127880145, "homicidios": 277.0, "lesiones_personales": 5216.0, "hurto_personas": 45928.0, "hurto_residencias": 4574.0, "hurto_automotores": 2662.0, "hurto_bicicletas": 2842.0, "hurto_comercio": 11829.0, "hurto_entidades": 2994.0, "violencia_intrafam": 8341.0, "delitos_sexuales": 1353.0, "pct_no_oficial": 70.99, "n_sedes_total": 262, "n_sedes_no_oficial": 186 }, "geometry": { "type": "Point", "coordinates": [ -74.17319999993137, 4.64536000016948 ] } },
{ "type": "Feature", "properties": { "DANE12_EST": "111001098906", "id_establecimiento": "111001098906", "nombre_establecimiento": "COLEGIO EDUARDO UMAÑA LUNA (IED)", "nombre_localidad": "Kennedy", "codigo_upz": "82", "nombre_upz": "PATIO BONITO", "estrato": "Estrato 2", "zona": "URBANA", "caracter_media": "Académico", "lon": -74.174860000338157, "lat": 4.6416600001106092, "codigo_localidad": "08", "q_j": 248.65, "puntaje_2023": 245.39, "punt_global_2020": 247.26, "punt_global_2022": 253.3, "matricula_total": 1737.0, "demanda_total": 2003.0, "sobre_demanda_j": 1.1531375935521013, "n_hogares_muestra": 3134.0, "poblacion_expandida": 138658.00000200002, "tasa_pobreza_monetaria": 0.65856195701858433, "tasa_pobreza_extrema": 0.25231683026507928, "tasa_ipm": 0.12847925674496269, "ingreso_percapita_promedio": 447236.75948710123, "capacidad_pago_promedio": 0.64818821479397959, "tamano_hogar_promedio": 3.7817963159676062, "gasto_educ_promedio": 124887.69466509685, "tasa_deficit_cuantitativo": 0.026934634675576798, "tasa_deficit_cualitativo": 0.21986511244688561, "tasa_deficit_habitacional": 0.24679974712246239, "pct_estrato_1": 0.027288221256944498, "pct_estrato_2": 0.97223491680794139, "pct_estrato_3": 0.00047686193511399999, "pct_estrato_4": 0.0, "pct_estrato_5": 0.0, "pct_estrato_6": 0.0, "s0_localidad": 0.3719221758740453, "dist_transmilenio_m": 1379.8504611064777, "dist_sitp_m": 63.636142716238723, "dist_parque_m": 61.104870405239836, "homicidios": 277.0, "lesiones_personales": 5216.0, "hurto_personas": 45928.0, "hurto_residencias": 4574.0, "hurto_automotores": 2662.0, "hurto_bicicletas": 2842.0, "hurto_comercio": 11829.0, "hurto_entidades": 2994.0, "violencia_intrafam": 8341.0, "delitos_sexuales": 1353.0, "pct_no_oficial": 70.99, "n_sedes_total": 262, "n_sedes_no_oficial": 186 }, "geometry": { "type": "Point", "coordinates": [ -74.174860000338157, 4.641660000110609 ] } },
{ "type": "Feature", "properties": { "DANE12_EST": "111001098922", "id_establecimiento": "111001098922", "nombre_establecimiento": "COLEGIO LAS MERCEDES (IED)", "nombre_localidad": "Engativa", "codigo_upz": "74", "nombre_upz": "ENGATIVA", "estrato": "Estrato 2", "zona": "URBANA", "caracter_media": "Académico", "lon": -74.125190000407343, "lat": 4.7002499998992464, "codigo_localidad": "10", "q_j": 259.65333333333336, "puntaje_2023": 255.77, "punt_global_2020": 263.11, "punt_global_2022": 260.08, "matricula_total": 1182.0, "demanda_total": 1328.0, "sobre_demanda_j": 1.1235194585448391, "n_hogares_muestra": 2238.0, "poblacion_expandida": 141623.00000239999, "tasa_pobreza_monetaria": 0.4166244586931509, "tasa_pobreza_extrema": 0.1232293367666569, "tasa_ipm": 0.085926135151026095, "ingreso_percapita_promedio": 671310.97978140996, "capacidad_pago_promedio": 0.34682334106301671, "tamano_hogar_promedio": 3.6287148311396535, "gasto_educ_promedio": 179680.37483502133, "tasa_deficit_cuantitativo": 0.0158805037688926, "tasa_deficit_cualitativo": 0.16491889197943971, "tasa_deficit_habitacional": 0.1807993957483324, "pct_estrato_1": 0.0066518779137854003, "pct_estrato_2": 0.95038461933880158, "pct_estrato_3": 0.042963502747413097, "pct_estrato_4": 0.0, "pct_estrato_5": 0.0, "pct_estrato_6": 0.0, "s0_localidad": 0.45908732785239414, "dist_transmilenio_m": 1944.887521895394, "dist_sitp_m": 166.5014309507749, "dist_parque_m": 92.323191891753495, "homicidios": 114.0, "lesiones_personales": 3260.0, "hurto_personas": 44584.0, "hurto_residencias": 4694.0, "hurto_automotores": 1548.0, "hurto_bicicletas": 2840.0, "hurto_comercio": 11724.0, "hurto_entidades": 1616.0, "violencia_intrafam": 6497.0, "delitos_sexuales": 1001.0, "pct_no_oficial": 73.15, "n_sedes_total": 257, "n_sedes_no_oficial": 188 }, "geometry": { "type": "Point", "coordinates": [ -74.125190000407343, 4.700249999899246 ] } },
{ "type": "Feature", "properties": { "DANE12_EST": "111001098931", "id_establecimiento": "111001098931", "nombre_establecimiento": "COLEGIO TORQUIGUA (IED)", "nombre_localidad": "Engativa", "codigo_upz": "74", "nombre_upz": "ENGATIVA", "estrato": "Sin estrato", "zona": "URBANA", "caracter_media": "Académico", "lon": -74.143909999799646, "lat": 4.7216100003901618, "codigo_localidad": "10", "q_j": 262.76, "puntaje_2023": 263.08, "punt_global_2020": 259.61, "punt_global_2022": 265.59, "matricula_total": 1104.0, "demanda_total": 1203.0, "sobre_demanda_j": 1.0896739130434783, "n_hogares_muestra": 2238.0, "poblacion_expandida": 141623.00000239999, "tasa_pobreza_monetaria": 0.4166244586931509, "tasa_pobreza_extrema": 0.1232293367666569, "tasa_ipm": 0.085926135151026095, "ingreso_percapita_promedio": 671310.97978140996, "capacidad_pago_promedio": 0.34682334106301671, "tamano_hogar_promedio": 3.6287148311396535, "gasto_educ_promedio": 179680.37483502133, "tasa_deficit_cuantitativo": 0.0158805037688926, "tasa_deficit_cualitativo": 0.16491889197943971, "tasa_deficit_habitacional": 0.1807993957483324, "pct_estrato_1": 0.0066518779137854003, "pct_estrato_2": 0.95038461933880158, "pct_estrato_3": 0.042963502747413097, "pct_estrato_4": 0.0, "pct_estrato_5": 0.0, "pct_estrato_6": 0.0, "s0_localidad": 0.45908732785239414, "dist_transmilenio_m": 3926.6897461098561, "dist_sitp_m": 454.85263360397977, "dist_parque_m": 385.72478090772108, "homicidios": 114.0, "lesiones_personales": 3260.0, "hurto_personas": 44584.0, "hurto_residencias": 4694.0, "hurto_automotores": 1548.0, "hurto_bicicletas": 2840.0, "hurto_comercio": 11724.0, "hurto_entidades": 1616.0, "violencia_intrafam": 6497.0, "delitos_sexuales": 1001.0, "pct_no_oficial": 73.15, "n_sedes_total": 257, "n_sedes_no_oficial": 188 }, "geometry": { "type": "Point", "coordinates": [ -74.143909999799646, 4.721610000390162 ] } },
{ "type": "Feature", "properties": { "DANE12_EST": "111001098949", "id_establecimiento": "111001098949", "nombre_establecimiento": "COLEGIO BILBAO (IED)", "nombre_localidad": "Suba", "codigo_upz": "71", "nombre_upz": "TIBABUYES", "estrato": "Estrato 3", "zona": "URBANA", "caracter_media": "Académico", "lon": -74.107369999742005, "lat": 4.7498099998996981, "codigo_localidad": "11", "q_j": 270.31666666666666, "puntaje_2023": 274.62, "punt_global_2020": 270.27, "punt_global_2022": 266.06, "matricula_total": 1191.0, "demanda_total": 1660.0, "sobre_demanda_j": 1.3937867338371117, "n_hogares_muestra": 2573.0, "poblacion_expandida": 297101.99999610003, "tasa_pobreza_monetaria": 0.4456968888729736, "tasa_pobreza_extrema": 0.14904137082914709, "tasa_ipm": 0.054795271255709099, "ingreso_percapita_promedio": 644941.21802584687, "capacidad_pago_promedio": 0.45039245678102652, "tamano_hogar_promedio": 3.8630385426488738, "gasto_educ_promedio": 238418.55806301135, "tasa_deficit_cuantitativo": 0.0083614290907923997, "tasa_deficit_cualitativo": 0.14471337553185229, "tasa_deficit_habitacional": 0.15307480462264469, "pct_estrato_1": 0.0023181771173167, "pct_estrato_2": 0.85090759959245821, "pct_estrato_3": 0.14522010698267379, "pct_estrato_4": 0.0015541163075511, "pct_estrato_5": 0.0, "pct_estrato_6": 0.0, "s0_localidad": 0.52282970591970535, "dist_transmilenio_m": 1488.4015758680716, "dist_sitp_m": 29.522842649658418, "dist_parque_m": 89.975723114819417, "homicidios": 143.0, "lesiones_personales": 4117.0, "hurto_personas": 47285.0, "hurto_residencias": 5010.0, "hurto_automotores": 938.0, "hurto_bicicletas": 2774.0, "hurto_comercio": 12600.0, "hurto_entidades": 1324.0, "violencia_intrafam": 8047.0, "delitos_sexuales": 1387.0, "pct_no_oficial": 80.22, "n_sedes_total": 364, "n_sedes_no_oficial": 292 }, "geometry": { "type": "Point", "coordinates": [ -74.107369999742005, 4.749809999899698 ] } },
{ "type": "Feature", "properties": { "DANE12_EST": "111001098965", "id_establecimiento": "111001098965", "nombre_establecimiento": "COLEGIO SANTA LUCIA (IED)", "nombre_localidad": "Rafael Uribe Uribe", "codigo_upz": "53", "nombre_upz": "MARCO FIDEL SUAREZ", "estrato": "Estrato 2", "zona": "URBANA", "caracter_media": "Académico", "lon": -74.117300000248875, "lat": 4.5739700000373613, "codigo_localidad": "18", "q_j": 263.96, "puntaje_2023": 258.08, "punt_global_2020": 266.57, "punt_global_2022": 267.23, "matricula_total": 1105.0, "demanda_total": 1225.0, "sobre_demanda_j": 1.1085972850678734, "n_hogares_muestra": 2174.0, "poblacion_expandida": 47442.999997500003, "tasa_pobreza_monetaria": 0.5827803477658865, "tasa_pobreza_extrema": 0.2234402638863183, "tasa_ipm": 0.1040373178142211, "ingreso_percapita_promedio": 555562.31329808699, "capacidad_pago_promedio": 0.46490720762941368, "tamano_hogar_promedio": 3.0968267260932505, "gasto_educ_promedio": 112069.29148232724, "tasa_deficit_cuantitativo": 0.0160758053967959, "tasa_deficit_cualitativo": 0.1350306657049001, "tasa_deficit_habitacional": 0.15110647110169609, "pct_estrato_1": 0.0032091840188863, "pct_estrato_2": 0.70947012436341883, "pct_estrato_3": 0.28732069161769491, "pct_estrato_4": 0.0, "pct_estrato_5": 0.0, "pct_estrato_6": 0.0, "s0_localidad": 0.2741314328601635, "dist_transmilenio_m": 368.83479726566031, "dist_sitp_m": 35.43270378115529, "dist_parque_m": 94.522708446625643, "homicidios": 159.0, "lesiones_personales": 2500.0, "hurto_personas": 13897.0, "hurto_residencias": 1530.0, "hurto_automotores": 660.0, "hurto_bicicletas": 415.0, "hurto_comercio": 3902.0, "hurto_entidades": 942.0, "violencia_intrafam": 3177.0, "delitos_sexuales": 716.0, "pct_no_oficial": 57.85, "n_sedes_total": 121, "n_sedes_no_oficial": 70 }, "geometry": { "type": "Point", "coordinates": [ -74.117300000248875, 4.573970000037361 ] } },
{ "type": "Feature", "properties": { "DANE12_EST": "111001098973", "id_establecimiento": "111001098973", "nombre_establecimiento": "COLEGIO LA JOYA (IED)", "nombre_localidad": "Ciudad Bolivar", "codigo_upz": "68", "nombre_upz": "EL TESORO", "estrato": "Estrato 1", "zona": "URBANA", "caracter_media": "Académico", "lon": -74.145600000343649, "lat": 4.5367399997104041, "codigo_localidad": "19", "q_j": 248.92666666666665, "puntaje_2023": 253.08, "punt_global_2020": 248.41, "punt_global_2022": 245.29, "matricula_total": 940.0, "demanda_total": 982.0, "sobre_demanda_j": 1.0446808510638297, "n_hogares_muestra": null, "poblacion_expandida": 161459.20742009187, "tasa_pobreza_monetaria": 0.70233988205238695, "tasa_pobreza_extrema": 0.29101002588941588, "tasa_ipm": 0.12811307503192523, "ingreso_percapita_promedio": 391695.90408666217, "capacidad_pago_promedio": 0.69847177002447847, "tamano_hogar_promedio": 3.7950938020450047, "gasto_educ_promedio": 94911.339311006668, "tasa_deficit_cuantitativo": 0.049263898531273213, "tasa_deficit_cualitativo": 0.26684408029585377, "tasa_deficit_habitacional": 0.31610797882712716, "pct_estrato_1": 0.725605324685625, "pct_estrato_2": 0.25668692728746839, "pct_estrato_3": 0.006644893444851978, "pct_estrato_4": 0.0, "pct_estrato_5": 0.0, "pct_estrato_6": 0.0, "s0_localidad": 0.24641727799438962, "dist_transmilenio_m": 2848.9649738504554, "dist_sitp_m": 194.29444035094483, "dist_parque_m": 88.388529349925221, "homicidios": 450.0, "lesiones_personales": 4378.0, "hurto_personas": 16269.0, "hurto_residencias": 1893.0, "hurto_automotores": 870.0, "hurto_bicicletas": 472.0, "hurto_comercio": 4561.0, "hurto_entidades": 1620.0, "violencia_intrafam": 8567.0, "delitos_sexuales": 1433.0, "pct_no_oficial": 44.59, "n_sedes_total": 148, "n_sedes_no_oficial": 66 }, "geometry": { "type": "Point", "coordinates": [ -74.145600000343649, 4.536739999710404 ] } },
{ "type": "Feature", "properties": { "DANE12_EST": "111001100013", "id_establecimiento": "111001100013", "nombre_establecimiento": "COLEGIO BUENAVISTA (IED)", "nombre_localidad": "Ciudad Bolivar", "codigo_upz": "68", "nombre_upz": "EL TESORO", "estrato": "Estrato 1", "zona": "URBANA", "caracter_media": "Académico", "lon": -74.139330000408989, "lat": 4.5403800002827452, "codigo_localidad": "19", "q_j": 298.01333333333332, "puntaje_2023": 299.23, "punt_global_2020": 296.76, "punt_global_2022": 298.05, "matricula_total": 1149.0, "demanda_total": 1259.0, "sobre_demanda_j": 1.0957354221061792, "n_hogares_muestra": null, "poblacion_expandida": 161521.17285220989, "tasa_pobreza_monetaria": 0.70259376433685938, "tasa_pobreza_extrema": 0.29117608334735273, "tasa_ipm": 0.12814996401741613, "ingreso_percapita_promedio": 391429.99279719591, "capacidad_pago_promedio": 0.6987113982013109, "tamano_hogar_promedio": 3.7948790510233561, "gasto_educ_promedio": 94843.464492382787, "tasa_deficit_cuantitativo": 0.049309986041238742, "tasa_deficit_cualitativo": 0.26693806409224102, "tasa_deficit_habitacional": 0.31624805013347995, "pct_estrato_1": 0.72620233579120941, "pct_estrato_2": 0.25613663696350725, "pct_estrato_3": 0.0065827385734592639, "pct_estrato_4": 0.0, "pct_estrato_5": 0.0, "pct_estrato_6": 0.0, "s0_localidad": 0.24641727799438962, "dist_transmilenio_m": 2080.3606731416844, "dist_sitp_m": 72.025030508924303, "dist_parque_m": 96.538751020989096, "homicidios": 450.0, "lesiones_personales": 4378.0, "hurto_personas": 16269.0, "hurto_residencias": 1893.0, "hurto_automotores": 870.0, "hurto_bicicletas": 472.0, "hurto_comercio": 4561.0, "hurto_entidades": 1620.0, "violencia_intrafam": 8567.0, "delitos_sexuales": 1433.0, "pct_no_oficial": 44.59, "n_sedes_total": 148, "n_sedes_no_oficial": 66 }, "geometry": { "type": "Point", "coordinates": [ -74.139330000408989, 4.540380000282745 ] } },
{ "type": "Feature", "properties": { "DANE12_EST": "111001100021", "id_establecimiento": "111001100021", "nombre_establecimiento": "COLEGIO GIMNASIO SABIO CALDAS (IED)", "nombre_localidad": "Ciudad Bolivar", "codigo_upz": "70", "nombre_upz": "JERUSALEN", "estrato": "Estrato 1", "zona": "URBANA", "caracter_media": "Académico", "lon": -74.163749999823537, "lat": 4.56794000036595, "codigo_localidad": "19", "q_j": 275.37, "puntaje_2023": 276.54, "punt_global_2020": 264.12, "punt_global_2022": 285.45, "matricula_total": 1006.0, "demanda_total": 1174.0, "sobre_demanda_j": 1.1669980119284293, "n_hogares_muestra": 3157.0, "poblacion_expandida": 101327.00000070001, "tasa_pobreza_monetaria": 0.64089273847199035, "tasa_pobreza_extrema": 0.25138893360036341, "tasa_ipm": 0.12863783968547329, "ingreso_percapita_promedio": 413543.79333450919, "capacidad_pago_promedio": 0.71112288759562803, "tamano_hogar_promedio": 4.2963750196718804, "gasto_educ_promedio": 95023.513512922043, "tasa_deficit_cuantitativo": 0.028253485759769999, "tasa_deficit_cualitativo": 0.25092907414632171, "tasa_deficit_habitacional": 0.27918255990609181, "pct_estrato_1": 0.92590400154205565, "pct_estrato_2": 0.063541107804982996, "pct_estrato_3": 0.000778642800038, "pct_estrato_4": 0.0, "pct_estrato_5": 0.0, "pct_estrato_6": 0.0, "s0_localidad": 0.24641727799438962, "dist_transmilenio_m": 2722.755296530559, "dist_sitp_m": 35.501746341412719, "dist_parque_m": 78.779324330591834, "homicidios": 450.0, "lesiones_personales": 4378.0, "hurto_personas": 16269.0, "hurto_residencias": 1893.0, "hurto_automotores": 870.0, "hurto_bicicletas": 472.0, "hurto_comercio": 4561.0, "hurto_entidades": 1620.0, "violencia_intrafam": 8567.0, "delitos_sexuales": 1433.0, "pct_no_oficial": 44.59, "n_sedes_total": 148, "n_sedes_no_oficial": 66 }, "geometry": { "type": "Point", "coordinates": [ -74.163749999823537, 4.56794000036595 ] } },
{ "type": "Feature", "properties": { "DANE12_EST": "111001100030", "id_establecimiento": "111001100030", "nombre_establecimiento": "COLEGIO LA GIRALDA (IED)", "nombre_localidad": "Santa Fe", "codigo_upz": "95", "nombre_upz": "LAS CRUCES", "estrato": "Estrato 2", "zona": "URBANA", "caracter_media": "Académico", "lon": -74.079190000196164, "lat": 4.5830700004900748, "codigo_localidad": "03", "q_j": 277.84333333333331, "puntaje_2023": 281.92, "punt_global_2020": 276.37, "punt_global_2022": 275.24, "matricula_total": 1403.0, "demanda_total": 1503.0, "sobre_demanda_j": 1.0712758374910905, "n_hogares_muestra": 2541.0, "poblacion_expandida": 20880.000003000001, "tasa_pobreza_monetaria": 0.50858037178995497, "tasa_pobreza_extrema": 0.2217473257440018, "tasa_ipm": 0.1099846159181056, "ingreso_percapita_promedio": 721111.68889793532, "capacidad_pago_promedio": 0.4559007991011636, "tamano_hogar_promedio": 3.4665156241666883, "gasto_educ_promedio": 179846.8574230533, "tasa_deficit_cuantitativo": 0.041930900841676499, "tasa_deficit_cualitativo": 0.17603539441436269, "tasa_deficit_habitacional": 0.21796629525603931, "pct_estrato_1": 0.021383970954781902, "pct_estrato_2": 0.92130199369425736, "pct_estrato_3": 0.0559479817687814, "pct_estrato_4": 0.0, "pct_estrato_5": 0.0, "pct_estrato_6": 0.0, "s0_localidad": 0.26720847821961147, "dist_transmilenio_m": 937.68741319256969, "dist_sitp_m": 89.931474974218744, "dist_parque_m": 193.57328182380607, "homicidios": 113.0, "lesiones_personales": 1683.0, "hurto_personas": 25139.0, "hurto_residencias": 580.0, "hurto_automotores": 128.0, "hurto_bicicletas": 443.0, "hurto_comercio": 7043.0, "hurto_entidades": 180.0, "violencia_intrafam": 1602.0, "delitos_sexuales": 514.0, "pct_no_oficial": 44.83, "n_sedes_total": 29, "n_sedes_no_oficial": 13 }, "geometry": { "type": "Point", "coordinates": [ -74.079190000196164, 4.583070000490075 ] } },
{ "type": "Feature", "properties": { "DANE12_EST": "111001100048", "id_establecimiento": "111001100048", "nombre_establecimiento": "COLEGIO HERNANDO DURAN DUSSAN (IED)", "nombre_localidad": "Kennedy", "codigo_upz": "82", "nombre_upz": "PATIO BONITO", "estrato": "Estrato 2", "zona": "URBANA", "caracter_media": "Académico", "lon": -74.172280000214613, "lat": 4.6348500004479645, "codigo_localidad": "08", "q_j": 262.09333333333331, "puntaje_2023": 261.15, "punt_global_2020": 261.09, "punt_global_2022": 264.04, "matricula_total": 2343.0, "demanda_total": 2632.0, "sobre_demanda_j": 1.1233461374306444, "n_hogares_muestra": 3134.0, "poblacion_expandida": 138658.00000200002, "tasa_pobreza_monetaria": 0.65856195701858433, "tasa_pobreza_extrema": 0.25231683026507928, "tasa_ipm": 0.12847925674496269, "ingreso_percapita_promedio": 447236.75948710123, "capacidad_pago_promedio": 0.64818821479397959, "tamano_hogar_promedio": 3.7817963159676062, "gasto_educ_promedio": 124887.69466509685, "tasa_deficit_cuantitativo": 0.026934634675576798, "tasa_deficit_cualitativo": 0.21986511244688561, "tasa_deficit_habitacional": 0.24679974712246239, "pct_estrato_1": 0.027288221256944498, "pct_estrato_2": 0.97223491680794139, "pct_estrato_3": 0.00047686193511399999, "pct_estrato_4": 0.0, "pct_estrato_5": 0.0, "pct_estrato_6": 0.0, "s0_localidad": 0.3719221758740453, "dist_transmilenio_m": 614.18089482056962, "dist_sitp_m": 121.07004059772109, "dist_parque_m": 112.3048712547965, "homicidios": 277.0, "lesiones_personales": 5216.0, "hurto_personas": 45928.0, "hurto_residencias": 4574.0, "hurto_automotores": 2662.0, "hurto_bicicletas": 2842.0, "hurto_comercio": 11829.0, "hurto_entidades": 2994.0, "violencia_intrafam": 8341.0, "delitos_sexuales": 1353.0, "pct_no_oficial": 70.99, "n_sedes_total": 262, "n_sedes_no_oficial": 186 }, "geometry": { "type": "Point", "coordinates": [ -74.172280000214613, 4.634850000447964 ] } },
{ "type": "Feature", "properties": { "DANE12_EST": "111001100056", "id_establecimiento": "111001100056", "nombre_establecimiento": "COLEGIO JAIME HERNANDO GARZON FORERO (IED)", "nombre_localidad": "Bosa", "codigo_upz": "81", "nombre_upz": "GRAN BRITALIA", "estrato": "Estrato 2", "zona": "URBANA", "caracter_media": "Académico", "lon": -74.18234000041781, "lat": 4.6380299997734777, "codigo_localidad": "07", "q_j": 288.90333333333336, "puntaje_2023": 297.69, "punt_global_2020": 279.16, "punt_global_2022": 289.86, "matricula_total": 1355.0, "demanda_total": 1726.0, "sobre_demanda_j": 1.2738007380073801, "n_hogares_muestra": 2381.0, "poblacion_expandida": 62532.000002100001, "tasa_pobreza_monetaria": 0.42257089620054689, "tasa_pobreza_extrema": 0.1110827996204619, "tasa_ipm": 0.062922965775408707, "ingreso_percapita_promedio": 679816.32936895674, "capacidad_pago_promedio": 0.41894009080023392, "tamano_hogar_promedio": 3.5394290578978311, "gasto_educ_promedio": 175746.67139168124, "tasa_deficit_cuantitativo": 0.0031220968607024, "tasa_deficit_cualitativo": 0.1647288881237457, "tasa_deficit_habitacional": 0.16785098498444809, "pct_estrato_1": 0.0053601105320274997, "pct_estrato_2": 0.97812244184171204, "pct_estrato_3": 0.016517447626260302, "pct_estrato_4": 0.0, "pct_estrato_5": 0.0, "pct_estrato_6": 0.0, "s0_localidad": 0.27631916132375012, "dist_transmilenio_m": 1408.2060647833134, "dist_sitp_m": 68.138829329301586, "dist_parque_m": 68.61290039350996, "homicidios": 209.0, "lesiones_personales": 3464.0, "hurto_personas": 19664.0, "hurto_residencias": 2638.0, "hurto_automotores": 681.0, "hurto_bicicletas": 1403.0, "hurto_comercio": 5397.0, "hurto_entidades": 1643.0, "violencia_intrafam": 7523.0, "delitos_sexuales": 1159.0, "pct_no_oficial": 55.7, "n_sedes_total": 149, "n_sedes_no_oficial": 83 }, "geometry": { "type": "Point", "coordinates": [ -74.18234000041781, 4.638029999773478 ] } },
{ "type": "Feature", "properties": { "DANE12_EST": "111001100064", "id_establecimiento": "111001100064", "nombre_establecimiento": "COLEGIO ARGELIA (IED)", "nombre_localidad": "Bosa", "codigo_upz": "85", "nombre_upz": "BOSA CENTRAL", "estrato": "Estrato 2", "zona": "URBANA", "caracter_media": "Académico", "lon": -74.186410000170511, "lat": 4.6119200005662808, "codigo_localidad": "07", "q_j": 278.51, "puntaje_2023": 282.31, "punt_global_2020": 271.73, "punt_global_2022": 281.49, "matricula_total": 1224.0, "demanda_total": 1444.0, "sobre_demanda_j": 1.1797385620915033, "n_hogares_muestra": 2530.0, "poblacion_expandida": 236893.99999380001, "tasa_pobreza_monetaria": 0.57741222472278719, "tasa_pobreza_extrema": 0.2259702239533336, "tasa_ipm": 0.077274234200862393, "ingreso_percapita_promedio": 559243.48815241479, "capacidad_pago_promedio": 0.54172419916569725, "tamano_hogar_promedio": 3.6623812802853042, "gasto_educ_promedio": 133205.35666441551, "tasa_deficit_cuantitativo": 0.0140410598706048, "tasa_deficit_cualitativo": 0.15374357223675231, "tasa_deficit_habitacional": 0.16778463210735711, "pct_estrato_1": 0.010853917966547401, "pct_estrato_2": 0.98854682013655482, "pct_estrato_3": 0.00059926189689779997, "pct_estrato_4": 0.0, "pct_estrato_5": 0.0, "pct_estrato_6": 0.0, "s0_localidad": 0.27631916132375012, "dist_transmilenio_m": 1767.5224523935183, "dist_sitp_m": 23.91301178776985, "dist_parque_m": 134.45282528652635, "homicidios": 209.0, "lesiones_personales": 3464.0, "hurto_personas": 19664.0, "hurto_residencias": 2638.0, "hurto_automotores": 681.0, "hurto_bicicletas": 1403.0, "hurto_comercio": 5397.0, "hurto_entidades": 1643.0, "violencia_intrafam": 7523.0, "delitos_sexuales": 1159.0, "pct_no_oficial": 55.7, "n_sedes_total": 149, "n_sedes_no_oficial": 83 }, "geometry": { "type": "Point", "coordinates": [ -74.186410000170511, 4.611920000566281 ] } },
{ "type": "Feature", "properties": { "DANE12_EST": "111001100072", "id_establecimiento": "111001100072", "nombre_establecimiento": "COLEGIO SANTIAGO DE LAS ATALAYAS (IED)", "nombre_localidad": "Bosa", "codigo_upz": "84", "nombre_upz": "BOSA OCCIDENTAL", "estrato": "Estrato 2", "zona": "URBANA", "caracter_media": "Académico", "lon": -74.192769999618548, "lat": 4.6294300004937883, "codigo_localidad": "07", "q_j": 287.85, "puntaje_2023": 288.85, "punt_global_2020": 279.35, "punt_global_2022": 295.35, "matricula_total": 1381.0, "demanda_total": 1635.0, "sobre_demanda_j": 1.1839246922519913, "n_hogares_muestra": 2513.0, "poblacion_expandida": 199171.00000289999, "tasa_pobreza_monetaria": 0.55229182370424579, "tasa_pobreza_extrema": 0.18795588750799519, "tasa_ipm": 0.0996822849647334, "ingreso_percapita_promedio": 536362.57885894692, "capacidad_pago_promedio": 0.54936289314562281, "tamano_hogar_promedio": 3.7633010092291874, "gasto_educ_promedio": 137178.08860508617, "tasa_deficit_cuantitativo": 0.0104317439329508, "tasa_deficit_cualitativo": 0.1768060546886206, "tasa_deficit_habitacional": 0.18723779862157139, "pct_estrato_1": 0.024261426971946901, "pct_estrato_2": 0.97537208657069263, "pct_estrato_3": 0.0, "pct_estrato_4": 0.0, "pct_estrato_5": 0.0, "pct_estrato_6": 0.0, "s0_localidad": 0.27631916132375012, "dist_transmilenio_m": 2184.6788222868577, "dist_sitp_m": 30.369958779541133, "dist_parque_m": 224.2089535427256, "homicidios": 209.0, "lesiones_personales": 3464.0, "hurto_personas": 19664.0, "hurto_residencias": 2638.0, "hurto_automotores": 681.0, "hurto_bicicletas": 1403.0, "hurto_comercio": 5397.0, "hurto_entidades": 1643.0, "violencia_intrafam": 7523.0, "delitos_sexuales": 1159.0, "pct_no_oficial": 55.7, "n_sedes_total": 149, "n_sedes_no_oficial": 83 }, "geometry": { "type": "Point", "coordinates": [ -74.192769999618548, 4.629430000493788 ] } },
{ "type": "Feature", "properties": { "DANE12_EST": "111001100081", "id_establecimiento": "111001100081", "nombre_establecimiento": "COLEGIO MIRAVALLE (IED)", "nombre_localidad": "Usme", "codigo_upz": "57", "nombre_upz": "GRAN YOMASA", "estrato": "Estrato 2", "zona": "URBANA", "caracter_media": "Académico", "lon": -74.119640000172907, "lat": 4.5128100001891216, "codigo_localidad": "05", "q_j": 282.28666666666663, "puntaje_2023": 281.15, "punt_global_2020": 278.9, "punt_global_2022": 286.81, "matricula_total": 1221.0, "demanda_total": 1364.0, "sobre_demanda_j": 1.117117117117117, "n_hogares_muestra": 2440.0, "poblacion_expandida": 131329.99999830002, "tasa_pobreza_monetaria": 0.53757585547410236, "tasa_pobreza_extrema": 0.17050022665339101, "tasa_ipm": 0.099770706666181402, "ingreso_percapita_promedio": 546453.47327463643, "capacidad_pago_promedio": 0.5369657626400125, "tamano_hogar_promedio": 3.6829561057356353, "gasto_educ_promedio": 131619.82020471324, "tasa_deficit_cuantitativo": 0.0094164735347293006, "tasa_deficit_cualitativo": 0.1714038156094676, "tasa_deficit_habitacional": 0.18082028914419701, "pct_estrato_1": 0.21329619519883189, "pct_estrato_2": 0.7829697168463492, "pct_estrato_3": 0.0033905540356792998, "pct_estrato_4": 0.0, "pct_estrato_5": 0.0, "pct_estrato_6": 0.0, "s0_localidad": 0.18065503357765311, "dist_transmilenio_m": 2102.2750180801713, "dist_sitp_m": 68.445937221728883, "dist_parque_m": 56.998211616294583, "homicidios": 171.0, "lesiones_personales": 2562.0, "hurto_personas": 8404.0, "hurto_residencias": 1452.0, "hurto_automotores": 311.0, "hurto_bicicletas": 146.0, "hurto_comercio": 2308.0, "hurto_entidades": 623.0, "violencia_intrafam": 3963.0, "delitos_sexuales": 923.0, "pct_no_oficial": 33.03, "n_sedes_total": 109, "n_sedes_no_oficial": 36 }, "geometry": { "type": "Point", "coordinates": [ -74.119640000172907, 4.512810000189122 ] } },
{ "type": "Feature", "properties": { "DANE12_EST": "111001102008", "id_establecimiento": "111001102008", "nombre_establecimiento": "COLEGIO JUAN LUIS LONDOÑO (IED)", "nombre_localidad": "Usme", "codigo_upz": "56", "nombre_upz": "DANUBIO", "estrato": "Estrato 1", "zona": "URBANA", "caracter_media": "Académico", "lon": -74.115069999929688, "lat": 4.5321799999392178, "codigo_localidad": "05", "q_j": 280.20333333333332, "puntaje_2023": 281.15, "punt_global_2020": 285.53, "punt_global_2022": 273.93, "matricula_total": 1407.0, "demanda_total": 1770.0, "sobre_demanda_j": 1.2579957356076759, "n_hogares_muestra": null, "poblacion_expandida": 110989.63636280908, "tasa_pobreza_monetaria": 0.56897136080849742, "tasa_pobreza_extrema": 0.19266062722894794, "tasa_ipm": 0.11051986207531393, "ingreso_percapita_promedio": 520790.16576700995, "capacidad_pago_promedio": 0.52433513863746262, "tamano_hogar_promedio": 3.6840404166515626, "gasto_educ_promedio": 129193.24931788714, "tasa_deficit_cuantitativo": 0.012466865128997228, "tasa_deficit_cualitativo": 0.18402482992454702, "tasa_deficit_habitacional": 0.19649169505354436, "pct_estrato_1": 0.24160906386537861, "pct_estrato_2": 0.75533669178716412, "pct_estrato_3": 0.0028356318534592997, "pct_estrato_4": 0.0, "pct_estrato_5": 0.0, "pct_estrato_6": 0.0, "s0_localidad": 0.18065503357765311, "dist_transmilenio_m": 481.75778003690419, "dist_sitp_m": 77.157932987110655, "dist_parque_m": 185.46168947591713, "homicidios": 171.0, "lesiones_personales": 2562.0, "hurto_personas": 8404.0, "hurto_residencias": 1452.0, "hurto_automotores": 311.0, "hurto_bicicletas": 146.0, "hurto_comercio": 2308.0, "hurto_entidades": 623.0, "violencia_intrafam": 3963.0, "delitos_sexuales": 923.0, "pct_no_oficial": 33.03, "n_sedes_total": 109, "n_sedes_no_oficial": 36 }, "geometry": { "type": "Point", "coordinates": [ -74.115069999929688, 4.532179999939218 ] } },
{ "type": "Feature", "properties": { "DANE12_EST": "111001102016", "id_establecimiento": "111001102016", "nombre_establecimiento": "COLEGIO TECNICO ALDEMAR ROJAS PLAZAS (IED)", "nombre_localidad": "San Cristobal", "codigo_upz": "33", "nombre_upz": "SOSIEGO", "estrato": "Estrato 3", "zona": "URBANA", "caracter_media": "Técnico", "lon": -74.090879999770593, "lat": 4.5804800004913364, "codigo_localidad": "04", "q_j": 267.97, "puntaje_2023": 270.0, "punt_global_2020": 265.31, "punt_global_2022": 268.6, "matricula_total": 708.0, "demanda_total": 757.0, "sobre_demanda_j": 1.0692090395480225, "n_hogares_muestra": 2142.0, "poblacion_expandida": 44028.000002000001, "tasa_pobreza_monetaria": 0.29226762931578681, "tasa_pobreza_extrema": 0.10489467919937789, "tasa_ipm": 0.038328641635398897, "ingreso_percapita_promedio": 1027486.805516976, "capacidad_pago_promedio": 0.1922017177186244, "tamano_hogar_promedio": 3.4907714279826121, "gasto_educ_promedio": 308150.27846045513, "tasa_deficit_cuantitativo": 0.0035378109383328998, "tasa_deficit_cualitativo": 0.084429080142889495, "tasa_deficit_habitacional": 0.087966891081222506, "pct_estrato_1": 0.0, "pct_estrato_2": 0.28442612877557799, "pct_estrato_3": 0.71557387122442206, "pct_estrato_4": 0.0, "pct_estrato_5": 0.0, "pct_estrato_6": 0.0, "s0_localidad": 0.24275340378588084, "dist_transmilenio_m": 131.86889916427194, "dist_sitp_m": 136.20256264980256, "dist_parque_m": 131.63252883459123, "homicidios": 113.0, "lesiones_personales": 2653.0, "hurto_personas": 11264.0, "hurto_residencias": 1302.0, "hurto_automotores": 438.0, "hurto_bicicletas": 251.0, "hurto_comercio": 3279.0, "hurto_entidades": 810.0, "violencia_intrafam": 4309.0, "delitos_sexuales": 811.0, "pct_no_oficial": 49.61, "n_sedes_total": 129, "n_sedes_no_oficial": 64 }, "geometry": { "type": "Point", "coordinates": [ -74.090879999770593, 4.580480000491336 ] } },
{ "type": "Feature", "properties": { "DANE12_EST": "111001102091", "id_establecimiento": "111001102091", "nombre_establecimiento": "COLEGIO COLOMBIA VIVA (IED)", "nombre_localidad": "Rafael Uribe Uribe", "codigo_upz": "54", "nombre_upz": "MARRUECOS", "estrato": "Estrato 2", "zona": "URBANA", "caracter_media": "Académico", "lon": -74.107660000170242, "lat": 4.5535000005255979, "codigo_localidad": "18", "q_j": 247.51666666666665, "puntaje_2023": 249.23, "punt_global_2020": 241.48, "punt_global_2022": 251.84, "matricula_total": 1528.0, "demanda_total": 1650.0, "sobre_demanda_j": 1.0798429319371727, "n_hogares_muestra": 2741.0, "poblacion_expandida": 120852.0000177, "tasa_pobreza_monetaria": 0.49944345543855168, "tasa_pobreza_extrema": 0.18920952651136089, "tasa_ipm": 0.088364740204845096, "ingreso_percapita_promedio": 604853.18142623524, "capacidad_pago_promedio": 0.54122891766723136, "tamano_hogar_promedio": 3.7974271980032239, "gasto_educ_promedio": 130604.77324336328, "tasa_deficit_cuantitativo": 0.0032705617982499999, "tasa_deficit_cualitativo": 0.1622393459763046, "tasa_deficit_habitacional": 0.1655099077745546, "pct_estrato_1": 0.084001441917495506, "pct_estrato_2": 0.83195167824508032, "pct_estrato_3": 0.084046879837423996, "pct_estrato_4": 0.0, "pct_estrato_5": 0.0, "pct_estrato_6": 0.0, "s0_localidad": 0.2741314328601635, "dist_transmilenio_m": 1619.6571912821028, "dist_sitp_m": 167.73035808237711, "dist_parque_m": 56.736799045235138, "homicidios": 159.0, "lesiones_personales": 2500.0, "hurto_personas": 13897.0, "hurto_residencias": 1530.0, "hurto_automotores": 660.0, "hurto_bicicletas": 415.0, "hurto_comercio": 3902.0, "hurto_entidades": 942.0, "violencia_intrafam": 3177.0, "delitos_sexuales": 716.0, "pct_no_oficial": 57.85, "n_sedes_total": 121, "n_sedes_no_oficial": 70 }, "geometry": { "type": "Point", "coordinates": [ -74.107660000170242, 4.553500000525598 ] } },
{ "type": "Feature", "properties": { "DANE12_EST": "111001102199", "id_establecimiento": "111001102199", "nombre_establecimiento": "COLEGIO PABLO NERUDA (IED)", "nombre_localidad": "Fontibon", "codigo_upz": "75", "nombre_upz": "FONTIBON", "estrato": "Estrato 3", "zona": "URBANA", "caracter_media": "Académico", "lon": -74.14936999962238, "lat": 4.6721500005144145, "codigo_localidad": "09", "q_j": 262.25666666666666, "puntaje_2023": 263.08, "punt_global_2020": 258.85, "punt_global_2022": 264.84, "matricula_total": 1814.0, "demanda_total": 1964.0, "sobre_demanda_j": 1.0826901874310915, "n_hogares_muestra": 2481.0, "poblacion_expandida": 137089.00000279999, "tasa_pobreza_monetaria": 0.2732523578050382, "tasa_pobreza_extrema": 0.0526171585156553, "tasa_ipm": 0.0431018882884791, "ingreso_percapita_promedio": 991938.62909651082, "capacidad_pago_promedio": 0.25608602748785791, "tamano_hogar_promedio": 3.539451453940794, "gasto_educ_promedio": 301934.03012095386, "tasa_deficit_cuantitativo": 0.013057241696733, "tasa_deficit_cualitativo": 0.10214813066558209, "tasa_deficit_habitacional": 0.11520537236231509, "pct_estrato_1": 0.0, "pct_estrato_2": 0.025691278669536299, "pct_estrato_3": 0.9719013841386156, "pct_estrato_4": 0.002407337191848, "pct_estrato_5": 0.0, "pct_estrato_6": 0.0, "s0_localidad": 0.52286271730123679, "dist_transmilenio_m": 3274.0238742807446, "dist_sitp_m": 96.941409405237778, "dist_parque_m": 167.53587280136821, "homicidios": 46.0, "lesiones_personales": 1556.0, "hurto_personas": 27767.0, "hurto_residencias": 1782.0, "hurto_automotores": 452.0, "hurto_bicicletas": 1473.0, "hurto_comercio": 7516.0, "hurto_entidades": 505.0, "violencia_intrafam": 3285.0, "delitos_sexuales": 468.0, "pct_no_oficial": 77.55, "n_sedes_total": 98, "n_sedes_no_oficial": 76 }, "geometry": { "type": "Point", "coordinates": [ -74.14936999962238, 4.672150000514415 ] } },
{ "type": "Feature", "properties": { "DANE12_EST": "111001104035", "id_establecimiento": "111001104035", "nombre_establecimiento": "COLEGIO BOLIVIA (IED)", "nombre_localidad": "Engativa", "codigo_upz": "26", "nombre_upz": "LAS FERIAS", "estrato": "Estrato 3", "zona": "URBANA", "caracter_media": "Académico", "lon": -74.082069999895367, "lat": 4.6843800004787051, "codigo_localidad": "10", "q_j": 290.5, "puntaje_2023": 271.5585714285715, "punt_global_2020": 280.5, "punt_global_2022": 289.5, "matricula_total": 429.0, "demanda_total": 459.0, "sobre_demanda_j": 1.06993006993007, "n_hogares_muestra": 2278.0, "poblacion_expandida": 100930.0000018, "tasa_pobreza_monetaria": 0.26953530690295091, "tasa_pobreza_extrema": 0.1010484491223433, "tasa_ipm": 0.036725499110610203, "ingreso_percapita_promedio": 1186126.3666835029, "capacidad_pago_promedio": 0.22392122382935639, "tamano_hogar_promedio": 3.368175820974312, "gasto_educ_promedio": 317577.54113518051, "tasa_deficit_cuantitativo": 0.0013346152224074999, "tasa_deficit_cualitativo": 0.094289197796792595, "tasa_deficit_habitacional": 0.095623813019200199, "pct_estrato_1": 0.0025422399444706002, "pct_estrato_2": 0.0034884438699467001, "pct_estrato_3": 0.93142145478969041, "pct_estrato_4": 0.062547861395892301, "pct_estrato_5": 0.0, "pct_estrato_6": 0.0, "s0_localidad": 0.45908732785239414, "dist_transmilenio_m": 239.93780965162316, "dist_sitp_m": 165.63763742526461, "dist_parque_m": 73.291143847750462, "homicidios": 114.0, "lesiones_personales": 3260.0, "hurto_personas": 44584.0, "hurto_residencias": 4694.0, "hurto_automotores": 1548.0, "hurto_bicicletas": 2840.0, "hurto_comercio": 11724.0, "hurto_entidades": 1616.0, "violencia_intrafam": 6497.0, "delitos_sexuales": 1001.0, "pct_no_oficial": 73.15, "n_sedes_total": 257, "n_sedes_no_oficial": 188 }, "geometry": { "type": "Point", "coordinates": [ -74.082069999895367, 4.684380000478705 ] } },
{ "type": "Feature", "properties": { "DANE12_EST": "111001104043", "id_establecimiento": "111001104043", "nombre_establecimiento": "COLEGIO JOSE MARIA VELAZ (IED)", "nombre_localidad": "Suba", "codigo_upz": "71", "nombre_upz": "TIBABUYES", "estrato": "Estrato 2", "zona": "URBANA", "caracter_media": "Académico", "lon": -74.112580000217818, "lat": 4.7446299999621324, "codigo_localidad": "11", "q_j": 266.17, "puntaje_2023": 269.62, "punt_global_2020": 267.58, "punt_global_2022": 261.31, "matricula_total": 1267.0, "demanda_total": 1576.0, "sobre_demanda_j": 1.2438831886345698, "n_hogares_muestra": 2573.0, "poblacion_expandida": 297101.99999610003, "tasa_pobreza_monetaria": 0.4456968888729736, "tasa_pobreza_extrema": 0.14904137082914709, "tasa_ipm": 0.054795271255709099, "ingreso_percapita_promedio": 644941.21802584687, "capacidad_pago_promedio": 0.45039245678102652, "tamano_hogar_promedio": 3.8630385426488738, "gasto_educ_promedio": 238418.55806301135, "tasa_deficit_cuantitativo": 0.0083614290907923997, "tasa_deficit_cualitativo": 0.14471337553185229, "tasa_deficit_habitacional": 0.15307480462264469, "pct_estrato_1": 0.0023181771173167, "pct_estrato_2": 0.85090759959245821, "pct_estrato_3": 0.14522010698267379, "pct_estrato_4": 0.0015541163075511, "pct_estrato_5": 0.0, "pct_estrato_6": 0.0, "s0_localidad": 0.52282970591970535, "dist_transmilenio_m": 2042.5152544043842, "dist_sitp_m": 13.054321109968731, "dist_parque_m": 74.935436467163683, "homicidios": 143.0, "lesiones_personales": 4117.0, "hurto_personas": 47285.0, "hurto_residencias": 5010.0, "hurto_automotores": 938.0, "hurto_bicicletas": 2774.0, "hurto_comercio": 12600.0, "hurto_entidades": 1324.0, "violencia_intrafam": 8047.0, "delitos_sexuales": 1387.0, "pct_no_oficial": 80.22, "n_sedes_total": 364, "n_sedes_no_oficial": 292 }, "geometry": { "type": "Point", "coordinates": [ -74.112580000217818, 4.744629999962132 ] } },
{ "type": "Feature", "properties": { "DANE12_EST": "111001104051", "id_establecimiento": "111001104051", "nombre_establecimiento": "COLEGIO SAN IGNACIO (IED)", "nombre_localidad": "Bosa", "codigo_upz": "86", "nombre_upz": "EL PORVENIR", "estrato": "Estrato 1", "zona": "URBANA", "caracter_media": "Académico", "lon": -74.189910000010826, "lat": 4.6330200000339357, "codigo_localidad": "07", "q_j": 265.72333333333336, "puntaje_2023": 267.69, "punt_global_2020": 259.48, "punt_global_2022": 270.0, "matricula_total": 1349.0, "demanda_total": 1432.0, "sobre_demanda_j": 1.061527057079318, "n_hogares_muestra": 2345.0, "poblacion_expandida": 141524.00000470001, "tasa_pobreza_monetaria": 0.52578058417603246, "tasa_pobreza_extrema": 0.1800588803931045, "tasa_ipm": 0.076238707285984503, "ingreso_percapita_promedio": 540236.36153404042, "capacidad_pago_promedio": 0.49282307504086748, "tamano_hogar_promedio": 3.6768618279558152, "gasto_educ_promedio": 122842.87380400246, "tasa_deficit_cuantitativo": 0.0045173917199821997, "tasa_deficit_cualitativo": 0.16505646683901129, "tasa_deficit_habitacional": 0.16957385855899351, "pct_estrato_1": 0.32806178284289661, "pct_estrato_2": 0.66927598964101065, "pct_estrato_3": 0.0026622275160925, "pct_estrato_4": 0.0, "pct_estrato_5": 0.0, "pct_estrato_6": 0.0, "s0_localidad": 0.27631916132375012, "dist_transmilenio_m": 1911.0103658205003, "dist_sitp_m": 72.296344739453275, "dist_parque_m": 186.81656064856728, "homicidios": 209.0, "lesiones_personales": 3464.0, "hurto_personas": 19664.0, "hurto_residencias": 2638.0, "hurto_automotores": 681.0, "hurto_bicicletas": 1403.0, "hurto_comercio": 5397.0, "hurto_entidades": 1643.0, "violencia_intrafam": 7523.0, "delitos_sexuales": 1159.0, "pct_no_oficial": 55.7, "n_sedes_total": 149, "n_sedes_no_oficial": 83 }, "geometry": { "type": "Point", "coordinates": [ -74.189910000010826, 4.633020000033936 ] } },
{ "type": "Feature", "properties": { "DANE12_EST": "111001104183", "id_establecimiento": "111001104183", "nombre_establecimiento": "COLEGIO LEONARDO POSADA PEDRAZA (IED)", "nombre_localidad": "Bosa", "codigo_upz": "87", "nombre_upz": "TINTAL SUR", "estrato": "Estrato 2", "zona": "URBANA", "caracter_media": "Académico", "lon": -74.20148999998041, "lat": 4.6277599997346703, "codigo_localidad": "07", "q_j": 261.28, "puntaje_2023": 261.74, "punt_global_2020": 260.0, "punt_global_2022": 262.1, "matricula_total": 3362.0, "demanda_total": 3564.0, "sobre_demanda_j": 1.0600832837596668, "n_hogares_muestra": 2392.0, "poblacion_expandida": 110225.0000021, "tasa_pobreza_monetaria": 0.45206665391654038, "tasa_pobreza_extrema": 0.1571335105708325, "tasa_ipm": 0.074480271470570097, "ingreso_percapita_promedio": 552453.57518655877, "capacidad_pago_promedio": 0.46272393446158572, "tamano_hogar_promedio": 3.7183664572473711, "gasto_educ_promedio": 125393.3035398334, "tasa_deficit_cuantitativo": 0.0091994534586589006, "tasa_deficit_cualitativo": 0.086552744707808896, "tasa_deficit_habitacional": 0.095752198166467795, "pct_estrato_1": 0.27270370862986909, "pct_estrato_2": 0.72416740778842592, "pct_estrato_3": 0.0031288835817048998, "pct_estrato_4": 0.0, "pct_estrato_5": 0.0, "pct_estrato_6": 0.0, "s0_localidad": 0.27631916132375012, "dist_transmilenio_m": 3156.2852203920897, "dist_sitp_m": 15.040383882090488, "dist_parque_m": 96.249053139577128, "homicidios": 209.0, "lesiones_personales": 3464.0, "hurto_personas": 19664.0, "hurto_residencias": 2638.0, "hurto_automotores": 681.0, "hurto_bicicletas": 1403.0, "hurto_comercio": 5397.0, "hurto_entidades": 1643.0, "violencia_intrafam": 7523.0, "delitos_sexuales": 1159.0, "pct_no_oficial": 55.7, "n_sedes_total": 149, "n_sedes_no_oficial": 83 }, "geometry": { "type": "Point", "coordinates": [ -74.20148999998041, 4.62775999973467 ] } },
{ "type": "Feature", "properties": { "DANE12_EST": "111001104256", "id_establecimiento": "111001104256", "nombre_establecimiento": "COLEGIO DELIA ZAPATA OLIVELLA (IED)", "nombre_localidad": "Suba", "codigo_upz": "71", "nombre_upz": "TIBABUYES", "estrato": "Sin estrato", "zona": "URBANA", "caracter_media": "Académico", "lon": -74.113330000055285, "lat": 4.7532099999834569, "codigo_localidad": "11", "q_j": 259.50333333333333, "puntaje_2023": 258.08, "punt_global_2020": 257.29, "punt_global_2022": 263.14, "matricula_total": 2205.0, "demanda_total": 2521.0, "sobre_demanda_j": 1.1433106575963718, "n_hogares_muestra": 2573.0, "poblacion_expandida": 297101.99999610003, "tasa_pobreza_monetaria": 0.4456968888729736, "tasa_pobreza_extrema": 0.14904137082914709, "tasa_ipm": 0.054795271255709099, "ingreso_percapita_promedio": 644941.21802584687, "capacidad_pago_promedio": 0.45039245678102652, "tamano_hogar_promedio": 3.8630385426488738, "gasto_educ_promedio": 238418.55806301135, "tasa_deficit_cuantitativo": 0.0083614290907923997, "tasa_deficit_cualitativo": 0.14471337553185229, "tasa_deficit_habitacional": 0.15307480462264469, "pct_estrato_1": 0.0023181771173167, "pct_estrato_2": 0.85090759959245821, "pct_estrato_3": 0.14522010698267379, "pct_estrato_4": 0.0015541163075511, "pct_estrato_5": 0.0, "pct_estrato_6": 0.0, "s0_localidad": 0.52282970591970535, "dist_transmilenio_m": 2227.6498544430265, "dist_sitp_m": 223.09738214000322, "dist_parque_m": 117.51373436561452, "homicidios": 143.0, "lesiones_personales": 4117.0, "hurto_personas": 47285.0, "hurto_residencias": 5010.0, "hurto_automotores": 938.0, "hurto_bicicletas": 2774.0, "hurto_comercio": 12600.0, "hurto_entidades": 1324.0, "violencia_intrafam": 8047.0, "delitos_sexuales": 1387.0, "pct_no_oficial": 80.22, "n_sedes_total": 364, "n_sedes_no_oficial": 292 }, "geometry": { "type": "Point", "coordinates": [ -74.113330000055285, 4.753209999983457 ] } },
{ "type": "Feature", "properties": { "DANE12_EST": "111001104264", "id_establecimiento": "111001104264", "nombre_establecimiento": "COLEGIO GERARDO MOLINA RAMIREZ (IED)", "nombre_localidad": "Suba", "codigo_upz": "71", "nombre_upz": "TIBABUYES", "estrato": "Sin estrato", "zona": "URBANA", "caracter_media": "Académico", "lon": -74.115819999767155, "lat": 4.7490599997435119, "codigo_localidad": "11", "q_j": 261.17, "puntaje_2023": 265.83, "punt_global_2020": 253.22, "punt_global_2022": 264.46, "matricula_total": 3190.0, "demanda_total": 3682.0, "sobre_demanda_j": 1.1542319749216301, "n_hogares_muestra": 2573.0, "poblacion_expandida": 297101.99999610003, "tasa_pobreza_monetaria": 0.4456968888729736, "tasa_pobreza_extrema": 0.14904137082914709, "tasa_ipm": 0.054795271255709099, "ingreso_percapita_promedio": 644941.21802584687, "capacidad_pago_promedio": 0.45039245678102652, "tamano_hogar_promedio": 3.8630385426488738, "gasto_educ_promedio": 238418.55806301135, "tasa_deficit_cuantitativo": 0.0083614290907923997, "tasa_deficit_cualitativo": 0.14471337553185229, "tasa_deficit_habitacional": 0.15307480462264469, "pct_estrato_1": 0.0023181771173167, "pct_estrato_2": 0.85090759959245821, "pct_estrato_3": 0.14522010698267379, "pct_estrato_4": 0.0015541163075511, "pct_estrato_5": 0.0, "pct_estrato_6": 0.0, "s0_localidad": 0.52282970591970535, "dist_transmilenio_m": 2400.0579783694193, "dist_sitp_m": 191.08439967915984, "dist_parque_m": 118.84061348321028, "homicidios": 143.0, "lesiones_personales": 4117.0, "hurto_personas": 47285.0, "hurto_residencias": 5010.0, "hurto_automotores": 938.0, "hurto_bicicletas": 2774.0, "hurto_comercio": 12600.0, "hurto_entidades": 1324.0, "violencia_intrafam": 8047.0, "delitos_sexuales": 1387.0, "pct_no_oficial": 80.22, "n_sedes_total": 364, "n_sedes_no_oficial": 292 }, "geometry": { "type": "Point", "coordinates": [ -74.115819999767155, 4.749059999743512 ] } },
{ "type": "Feature", "properties": { "DANE12_EST": "111001104272", "id_establecimiento": "111001104272", "nombre_establecimiento": "COLEGIO CARLO FEDERICI (IED)", "nombre_localidad": "Fontibon", "codigo_upz": "77", "nombre_upz": "ZONA FRANCA", "estrato": "Estrato 2", "zona": "URBANA", "caracter_media": "Académico", "lon": -74.159730000299547, "lat": 4.6717300000636905, "codigo_localidad": "09", "q_j": 270.71, "puntaje_2023": 279.01, "punt_global_2020": 264.24, "punt_global_2022": 268.88, "matricula_total": 2139.0, "demanda_total": 2340.0, "sobre_demanda_j": 1.0939691444600281, "n_hogares_muestra": 2209.0, "poblacion_expandida": 63491.999999100008, "tasa_pobreza_monetaria": 0.22724092487407091, "tasa_pobreza_extrema": 0.052838232866306803, "tasa_ipm": 0.0249369790323575, "ingreso_percapita_promedio": 849636.89766279911, "capacidad_pago_promedio": 0.26244036152485661, "tamano_hogar_promedio": 3.4567029700026928, "gasto_educ_promedio": 254081.26538960836, "tasa_deficit_cuantitativo": 0.0, "tasa_deficit_cualitativo": 0.087816578189047895, "tasa_deficit_habitacional": 0.087816578189047895, "pct_estrato_1": 0.0068097951065665997, "pct_estrato_2": 0.9706812326115668, "pct_estrato_3": 0.0225089722818663, "pct_estrato_4": 0.0, "pct_estrato_5": 0.0, "pct_estrato_6": 0.0, "s0_localidad": 0.52286271730123679, "dist_transmilenio_m": 3761.0917498656663, "dist_sitp_m": 340.44885152178364, "dist_parque_m": 284.90469363808484, "homicidios": 46.0, "lesiones_personales": 1556.0, "hurto_personas": 27767.0, "hurto_residencias": 1782.0, "hurto_automotores": 452.0, "hurto_bicicletas": 1473.0, "hurto_comercio": 7516.0, "hurto_entidades": 505.0, "violencia_intrafam": 3285.0, "delitos_sexuales": 468.0, "pct_no_oficial": 77.55, "n_sedes_total": 98, "n_sedes_no_oficial": 76 }, "geometry": { "type": "Point", "coordinates": [ -74.159730000299547, 4.671730000063691 ] } },
{ "type": "Feature", "properties": { "DANE12_EST": "111001104281", "id_establecimiento": "111001104281", "nombre_establecimiento": "COLEGIO GABRIEL BETANCOURT MEJIA (IED)", "nombre_localidad": "Kennedy", "codigo_upz": "79", "nombre_upz": "CALANDAIMA", "estrato": "Estrato 2", "zona": "URBANA", "caracter_media": "Académico", "lon": -74.155780000197453, "lat": 4.6448500004313678, "codigo_localidad": "08", "q_j": 266.43, "puntaje_2023": 264.2, "punt_global_2020": 266.23, "punt_global_2022": 268.86, "matricula_total": 2614.0, "demanda_total": 3098.0, "sobre_demanda_j": 1.1851568477429226, "n_hogares_muestra": 2159.0, "poblacion_expandida": 131416.00000330005, "tasa_pobreza_monetaria": 0.40825812709679749, "tasa_pobreza_extrema": 0.1249415480435235, "tasa_ipm": 0.051825026866812, "ingreso_percapita_promedio": 795003.27775958751, "capacidad_pago_promedio": 0.30622803918160219, "tamano_hogar_promedio": 3.6112695584988339, "gasto_educ_promedio": 243487.31042366044, "tasa_deficit_cuantitativo": 0.0011947116347784999, "tasa_deficit_cualitativo": 0.0558752538033086, "tasa_deficit_habitacional": 0.057069965438087199, "pct_estrato_1": 0.0019407860747061999, "pct_estrato_2": 0.95647912116061662, "pct_estrato_3": 0.041580092764676897, "pct_estrato_4": 0.0, "pct_estrato_5": 0.0, "pct_estrato_6": 0.0, "s0_localidad": 0.3719221758740453, "dist_transmilenio_m": 867.55905246918257, "dist_sitp_m": 66.958844904547377, "dist_parque_m": 71.476799084817443, "homicidios": 277.0, "lesiones_personales": 5216.0, "hurto_personas": 45928.0, "hurto_residencias": 4574.0, "hurto_automotores": 2662.0, "hurto_bicicletas": 2842.0, "hurto_comercio": 11829.0, "hurto_entidades": 2994.0, "violencia_intrafam": 8341.0, "delitos_sexuales": 1353.0, "pct_no_oficial": 70.99, "n_sedes_total": 262, "n_sedes_no_oficial": 186 }, "geometry": { "type": "Point", "coordinates": [ -74.155780000197453, 4.644850000431368 ] } },
{ "type": "Feature", "properties": { "DANE12_EST": "111001104299", "id_establecimiento": "111001104299", "nombre_establecimiento": "COLEGIO ALFONSO REYES ECHANDIA (IED)", "nombre_localidad": "Bosa", "codigo_upz": "85", "nombre_upz": "BOSA CENTRAL", "estrato": "Sin estrato", "zona": "URBANA", "caracter_media": "Académico", "lon": -74.199919999985312, "lat": 4.616430000226794, "codigo_localidad": "07", "q_j": 268.83333333333331, "puntaje_2023": 272.07, "punt_global_2020": 261.99, "punt_global_2022": 272.44, "matricula_total": 3166.0, "demanda_total": 3410.0, "sobre_demanda_j": 1.0770688566013897, "n_hogares_muestra": 2530.0, "poblacion_expandida": 236893.99999380001, "tasa_pobreza_monetaria": 0.57741222472278719, "tasa_pobreza_extrema": 0.2259702239533336, "tasa_ipm": 0.077274234200862393, "ingreso_percapita_promedio": 559243.48815241479, "capacidad_pago_promedio": 0.54172419916569725, "tamano_hogar_promedio": 3.6623812802853042, "gasto_educ_promedio": 133205.35666441551, "tasa_deficit_cuantitativo": 0.0140410598706048, "tasa_deficit_cualitativo": 0.15374357223675231, "tasa_deficit_habitacional": 0.16778463210735711, "pct_estrato_1": 0.010853917966547401, "pct_estrato_2": 0.98854682013655482, "pct_estrato_3": 0.00059926189689779997, "pct_estrato_4": 0.0, "pct_estrato_5": 0.0, "pct_estrato_6": 0.0, "s0_localidad": 0.27631916132375012, "dist_transmilenio_m": 2758.3166931491587, "dist_sitp_m": 183.64674203214483, "dist_parque_m": 114.10952341450189, "homicidios": 209.0, "lesiones_personales": 3464.0, "hurto_personas": 19664.0, "hurto_residencias": 2638.0, "hurto_automotores": 681.0, "hurto_bicicletas": 1403.0, "hurto_comercio": 5397.0, "hurto_entidades": 1643.0, "violencia_intrafam": 7523.0, "delitos_sexuales": 1159.0, "pct_no_oficial": 55.7, "n_sedes_total": 149, "n_sedes_no_oficial": 83 }, "geometry": { "type": "Point", "coordinates": [ -74.199919999985312, 4.616430000226794 ] } },
{ "type": "Feature", "properties": { "DANE12_EST": "111001104302", "id_establecimiento": "111001104302", "nombre_establecimiento": "COLEGIO ORLANDO HIGUITA ROJAS (IED)", "nombre_localidad": "Bosa", "codigo_upz": "84", "nombre_upz": "BOSA OCCIDENTAL", "estrato": "Estrato 2", "zona": "URBANA", "caracter_media": "Académico", "lon": -74.189269999778233, "lat": 4.6286599997808793, "codigo_localidad": "07", "q_j": 249.66, "puntaje_2023": 251.77, "punt_global_2020": 244.35, "punt_global_2022": 252.86, "matricula_total": 3446.0, "demanda_total": 3657.0, "sobre_demanda_j": 1.0612304120719676, "n_hogares_muestra": 2513.0, "poblacion_expandida": 199171.00000289999, "tasa_pobreza_monetaria": 0.55229182370424579, "tasa_pobreza_extrema": 0.18795588750799519, "tasa_ipm": 0.0996822849647334, "ingreso_percapita_promedio": 536362.57885894692, "capacidad_pago_promedio": 0.54936289314562281, "tamano_hogar_promedio": 3.7633010092291874, "gasto_educ_promedio": 137178.08860508617, "tasa_deficit_cuantitativo": 0.0104317439329508, "tasa_deficit_cualitativo": 0.1768060546886206, "tasa_deficit_habitacional": 0.18723779862157139, "pct_estrato_1": 0.024261426971946901, "pct_estrato_2": 0.97537208657069263, "pct_estrato_3": 0.0, "pct_estrato_4": 0.0, "pct_estrato_5": 0.0, "pct_estrato_6": 0.0, "s0_localidad": 0.27631916132375012, "dist_transmilenio_m": 1798.5498174695513, "dist_sitp_m": 182.77497577570162, "dist_parque_m": 63.173941190011384, "homicidios": 209.0, "lesiones_personales": 3464.0, "hurto_personas": 19664.0, "hurto_residencias": 2638.0, "hurto_automotores": 681.0, "hurto_bicicletas": 1403.0, "hurto_comercio": 5397.0, "hurto_entidades": 1643.0, "violencia_intrafam": 7523.0, "delitos_sexuales": 1159.0, "pct_no_oficial": 55.7, "n_sedes_total": 149, "n_sedes_no_oficial": 83 }, "geometry": { "type": "Point", "coordinates": [ -74.189269999778233, 4.628659999780879 ] } },
{ "type": "Feature", "properties": { "DANE12_EST": "111001104329", "id_establecimiento": "111001104329", "nombre_establecimiento": "COLEGIO CARLOS PIZARRO LEON GOMEZ (IED)", "nombre_localidad": "Bosa", "codigo_upz": "87", "nombre_upz": "TINTAL SUR", "estrato": "Sin estrato", "zona": "URBANA", "caracter_media": "Académico", "lon": -74.204799999849925, "lat": 4.6355600005951674, "codigo_localidad": "07", "q_j": 248.6, "puntaje_2023": 249.7, "punt_global_2020": 245.52, "punt_global_2022": 250.58, "matricula_total": 4029.0, "demanda_total": 4363.0, "sobre_demanda_j": 1.0828989823777613, "n_hogares_muestra": 2392.0, "poblacion_expandida": 110225.0000021, "tasa_pobreza_monetaria": 0.45206665391654038, "tasa_pobreza_extrema": 0.1571335105708325, "tasa_ipm": 0.074480271470570097, "ingreso_percapita_promedio": 552453.57518655877, "capacidad_pago_promedio": 0.46272393446158572, "tamano_hogar_promedio": 3.7183664572473711, "gasto_educ_promedio": 125393.3035398334, "tasa_deficit_cuantitativo": 0.0091994534586589006, "tasa_deficit_cualitativo": 0.086552744707808896, "tasa_deficit_habitacional": 0.095752198166467795, "pct_estrato_1": 0.27270370862986909, "pct_estrato_2": 0.72416740778842592, "pct_estrato_3": 0.0031288835817048998, "pct_estrato_4": 0.0, "pct_estrato_5": 0.0, "pct_estrato_6": 0.0, "s0_localidad": 0.27631916132375012, "dist_transmilenio_m": 3584.427451352647, "dist_sitp_m": 64.849475582954824, "dist_parque_m": 173.35392889339943, "homicidios": 209.0, "lesiones_personales": 3464.0, "hurto_personas": 19664.0, "hurto_residencias": 2638.0, "hurto_automotores": 681.0, "hurto_bicicletas": 1403.0, "hurto_comercio": 5397.0, "hurto_entidades": 1643.0, "violencia_intrafam": 7523.0, "delitos_sexuales": 1159.0, "pct_no_oficial": 55.7, "n_sedes_total": 149, "n_sedes_no_oficial": 83 }, "geometry": { "type": "Point", "coordinates": [ -74.204799999849925, 4.635560000595167 ] } },
{ "type": "Feature", "properties": { "DANE12_EST": "111001104337", "id_establecimiento": "111001104337", "nombre_establecimiento": "COLEGIO EDUARDO UMAÑA MENDOZA (IED)", "nombre_localidad": "Usme", "codigo_upz": "58", "nombre_upz": "COMUNEROS", "estrato": "Estrato 1", "zona": "URBANA", "caracter_media": "Académico", "lon": -74.11343999966013, "lat": 4.4901199998169057, "codigo_localidad": "05", "q_j": 249.6, "puntaje_2023": 254.23, "punt_global_2020": 246.97, "punt_global_2022": 247.6, "matricula_total": 1722.0, "demanda_total": 1828.0, "sobre_demanda_j": 1.0615563298490127, "n_hogares_muestra": 2461.0, "poblacion_expandida": 98789.999999699998, "tasa_pobreza_monetaria": 0.54632234953197589, "tasa_pobreza_extrema": 0.14300688904284739, "tasa_ipm": 0.0808793279686634, "ingreso_percapita_promedio": 538295.14854055992, "capacidad_pago_promedio": 0.6418885111488265, "tamano_hogar_promedio": 3.78760632903772, "gasto_educ_promedio": 85874.888113838184, "tasa_deficit_cuantitativo": 0.023710737932048899, "tasa_deficit_cualitativo": 0.15871960531782181, "tasa_deficit_habitacional": 0.1824303432498707, "pct_estrato_1": 0.4316831555524801, "pct_estrato_2": 0.56472274978003256, "pct_estrato_3": 0.0035940946674873002, "pct_estrato_4": 0.0, "pct_estrato_5": 0.0, "pct_estrato_6": 0.0, "s0_localidad": 0.18065503357765311, "dist_transmilenio_m": 4671.9136454354839, "dist_sitp_m": 163.16291434237098, "dist_parque_m": 215.99273348686592, "homicidios": 171.0, "lesiones_personales": 2562.0, "hurto_personas": 8404.0, "hurto_residencias": 1452.0, "hurto_automotores": 311.0, "hurto_bicicletas": 146.0, "hurto_comercio": 2308.0, "hurto_entidades": 623.0, "violencia_intrafam": 3963.0, "delitos_sexuales": 923.0, "pct_no_oficial": 33.03, "n_sedes_total": 109, "n_sedes_no_oficial": 36 }, "geometry": { "type": "Point", "coordinates": [ -74.11343999966013, 4.490119999816906 ] } },
{ "type": "Feature", "properties": { "DANE12_EST": "111001104345", "id_establecimiento": "111001104345", "nombre_establecimiento": "COLEGIO DIEGO MONTAÑA CUELLAR (IED)", "nombre_localidad": "Usme", "codigo_upz": "58", "nombre_upz": "COMUNEROS", "estrato": "Estrato 1", "zona": "URBANA", "caracter_media": "Académico", "lon": -74.115100000066931, "lat": 4.4967500003113923, "codigo_localidad": "05", "q_j": 239.25, "puntaje_2023": 255.90944444444449, "punt_global_2020": 236.0, "punt_global_2022": 249.25, "matricula_total": 2686.0, "demanda_total": 2927.0, "sobre_demanda_j": 1.0897244973938942, "n_hogares_muestra": 2461.0, "poblacion_expandida": 98789.999999699998, "tasa_pobreza_monetaria": 0.54632234953197589, "tasa_pobreza_extrema": 0.14300688904284739, "tasa_ipm": 0.0808793279686634, "ingreso_percapita_promedio": 538295.14854055992, "capacidad_pago_promedio": 0.6418885111488265, "tamano_hogar_promedio": 3.78760632903772, "gasto_educ_promedio": 85874.888113838184, "tasa_deficit_cuantitativo": 0.023710737932048899, "tasa_deficit_cualitativo": 0.15871960531782181, "tasa_deficit_habitacional": 0.1824303432498707, "pct_estrato_1": 0.4316831555524801, "pct_estrato_2": 0.56472274978003256, "pct_estrato_3": 0.0035940946674873002, "pct_estrato_4": 0.0, "pct_estrato_5": 0.0, "pct_estrato_6": 0.0, "s0_localidad": 0.18065503357765311, "dist_transmilenio_m": 3916.8728953655873, "dist_sitp_m": 24.983017569937608, "dist_parque_m": 36.792854443141508, "homicidios": 171.0, "lesiones_personales": 2562.0, "hurto_personas": 8404.0, "hurto_residencias": 1452.0, "hurto_automotores": 311.0, "hurto_bicicletas": 146.0, "hurto_comercio": 2308.0, "hurto_entidades": 623.0, "violencia_intrafam": 3963.0, "delitos_sexuales": 923.0, "pct_no_oficial": 33.03, "n_sedes_total": 109, "n_sedes_no_oficial": 36 }, "geometry": { "type": "Point", "coordinates": [ -74.115100000066931, 4.496750000311392 ] } },
{ "type": "Feature", "properties": { "DANE12_EST": "111001104353", "id_establecimiento": "111001104353", "nombre_establecimiento": "COLEGIO CIUDAD DE VILLAVICENCIO (IED)", "nombre_localidad": "Usme", "codigo_upz": "59", "nombre_upz": "ALFONSO LOPEZ", "estrato": "Estrato 1", "zona": "URBANA", "caracter_media": "Académico", "lon": -74.104449999859852, "lat": 4.4854600005899563, "codigo_localidad": "05", "q_j": 250.37185185185186, "puntaje_2023": 253.44993827160494, "punt_global_2020": 248.14222222222224, "punt_global_2022": 252.12444444444444, "matricula_total": 2326.0, "demanda_total": 2436.0, "sobre_demanda_j": 1.0472914875322441, "n_hogares_muestra": null, "poblacion_expandida": 100025.51381512963, "tasa_pobreza_monetaria": 0.54929226778413875, "tasa_pobreza_extrema": 0.14929536751676731, "tasa_ipm": 0.084218824786190111, "ingreso_percapita_promedio": 535391.13706977526, "capacidad_pago_promedio": 0.63531296574412655, "tamano_hogar_promedio": 3.7783556992534781, "gasto_educ_promedio": 89252.689767694945, "tasa_deficit_cuantitativo": 0.024270411900507913, "tasa_deficit_cualitativo": 0.1620217125460848, "tasa_deficit_habitacional": 0.18629212444659274, "pct_estrato_1": 0.42298419348204741, "pct_estrato_2": 0.57252120711069254, "pct_estrato_3": 0.0035416419398991272, "pct_estrato_4": 0.0, "pct_estrato_5": 0.0, "pct_estrato_6": 0.0, "s0_localidad": 0.18065503357765311, "dist_transmilenio_m": 5403.3644141830137, "dist_sitp_m": 139.27629779433613, "dist_parque_m": 131.08255918949754, "homicidios": 171.0, "lesiones_personales": 2562.0, "hurto_personas": 8404.0, "hurto_residencias": 1452.0, "hurto_automotores": 311.0, "hurto_bicicletas": 146.0, "hurto_comercio": 2308.0, "hurto_entidades": 623.0, "violencia_intrafam": 3963.0, "delitos_sexuales": 923.0, "pct_no_oficial": 33.03, "n_sedes_total": 109, "n_sedes_no_oficial": 36 }, "geometry": { "type": "Point", "coordinates": [ -74.104449999859852, 4.485460000589956 ] } },
{ "type": "Feature", "properties": { "DANE12_EST": "111001104388", "id_establecimiento": "111001104388", "nombre_establecimiento": "COLEGIO GONZALO ARANGO (IED)", "nombre_localidad": "Suba", "codigo_upz": "28", "nombre_upz": "EL RINCON", "estrato": "Sin estrato", "zona": "URBANA", "caracter_media": "Académico", "lon": -74.094670000039144, "lat": 4.7301800005016279, "codigo_localidad": "11", "q_j": 263.06, "puntaje_2023": 267.69, "punt_global_2020": 255.65, "punt_global_2022": 265.84, "matricula_total": 2606.0, "demanda_total": 2831.0, "sobre_demanda_j": 1.0863392171910975, "n_hogares_muestra": 2382.0, "poblacion_expandida": 288983.99999600003, "tasa_pobreza_monetaria": 0.39372393871312911, "tasa_pobreza_extrema": 0.1074366146223657, "tasa_ipm": 0.060527870641426902, "ingreso_percapita_promedio": 736885.83955951873, "capacidad_pago_promedio": 0.35341762880994682, "tamano_hogar_promedio": 3.5256419863051338, "gasto_educ_promedio": 229243.80352093693, "tasa_deficit_cuantitativo": 0.0020934378962445999, "tasa_deficit_cualitativo": 0.1305752875097663, "tasa_deficit_habitacional": 0.13266872540601099, "pct_estrato_1": 0.0094350357315205, "pct_estrato_2": 0.61616858753240555, "pct_estrato_3": 0.36319133631914841, "pct_estrato_4": 0.0, "pct_estrato_5": 0.0, "pct_estrato_6": 0.0, "s0_localidad": 0.52282970591970535, "dist_transmilenio_m": 1293.0541753077384, "dist_sitp_m": 222.99063164432366, "dist_parque_m": 114.65219551672068, "homicidios": 143.0, "lesiones_personales": 4117.0, "hurto_personas": 47285.0, "hurto_residencias": 5010.0, "hurto_automotores": 938.0, "hurto_bicicletas": 2774.0, "hurto_comercio": 12600.0, "hurto_entidades": 1324.0, "violencia_intrafam": 8047.0, "delitos_sexuales": 1387.0, "pct_no_oficial": 80.22, "n_sedes_total": 364, "n_sedes_no_oficial": 292 }, "geometry": { "type": "Point", "coordinates": [ -74.094670000039144, 4.730180000501628 ] } },
{ "type": "Feature", "properties": { "DANE12_EST": "111001104558", "id_establecimiento": "111001104558", "nombre_establecimiento": "COLEGIO CODEMA (IED)", "nombre_localidad": "Kennedy", "codigo_upz": "79", "nombre_upz": "CALANDAIMA", "estrato": "Estrato 2", "zona": "URBANA", "caracter_media": "Académico", "lon": -74.165719999851717, "lat": 4.6481900004573173, "codigo_localidad": "08", "q_j": 263.63666666666671, "puntaje_2023": 266.95, "punt_global_2020": 261.04, "punt_global_2022": 262.92, "matricula_total": 2637.0, "demanda_total": 2982.0, "sobre_demanda_j": 1.130830489192264, "n_hogares_muestra": 2159.0, "poblacion_expandida": 131416.00000330005, "tasa_pobreza_monetaria": 0.40825812709679749, "tasa_pobreza_extrema": 0.1249415480435235, "tasa_ipm": 0.051825026866812, "ingreso_percapita_promedio": 795003.27775958751, "capacidad_pago_promedio": 0.30622803918160219, "tamano_hogar_promedio": 3.6112695584988339, "gasto_educ_promedio": 243487.31042366044, "tasa_deficit_cuantitativo": 0.0011947116347784999, "tasa_deficit_cualitativo": 0.0558752538033086, "tasa_deficit_habitacional": 0.057069965438087199, "pct_estrato_1": 0.0019407860747061999, "pct_estrato_2": 0.95647912116061662, "pct_estrato_3": 0.041580092764676897, "pct_estrato_4": 0.0, "pct_estrato_5": 0.0, "pct_estrato_6": 0.0, "s0_localidad": 0.3719221758740453, "dist_transmilenio_m": 1343.5898156332335, "dist_sitp_m": 197.58215675091466, "dist_parque_m": 83.018393594134963, "homicidios": 277.0, "lesiones_personales": 5216.0, "hurto_personas": 45928.0, "hurto_residencias": 4574.0, "hurto_automotores": 2662.0, "hurto_bicicletas": 2842.0, "hurto_comercio": 11829.0, "hurto_entidades": 2994.0, "violencia_intrafam": 8341.0, "delitos_sexuales": 1353.0, "pct_no_oficial": 70.99, "n_sedes_total": 262, "n_sedes_no_oficial": 186 }, "geometry": { "type": "Point", "coordinates": [ -74.165719999851717, 4.648190000457317 ] } },
{ "type": "Feature", "properties": { "DANE12_EST": "111001106950", "id_establecimiento": "111001106950", "nombre_establecimiento": "COLEGIO ALFONSO LOPEZ MICHELSEN (IED)", "nombre_localidad": "Bosa", "codigo_upz": "87", "nombre_upz": "TINTAL SUR", "estrato": "Estrato 2", "zona": "EXPANSION", "caracter_media": "Académico", "lon": -74.206549999770075, "lat": 4.6316799998678677, "codigo_localidad": "07", "q_j": 254.30333333333331, "puntaje_2023": 259.86, "punt_global_2020": 251.29, "punt_global_2022": 251.76, "matricula_total": 3310.0, "demanda_total": 3493.0, "sobre_demanda_j": 1.0552870090634441, "n_hogares_muestra": 2392.0, "poblacion_expandida": 110225.0000021, "tasa_pobreza_monetaria": 0.45206665391654038, "tasa_pobreza_extrema": 0.1571335105708325, "tasa_ipm": 0.074480271470570097, "ingreso_percapita_promedio": 552453.57518655877, "capacidad_pago_promedio": 0.46272393446158572, "tamano_hogar_promedio": 3.7183664572473711, "gasto_educ_promedio": 125393.3035398334, "tasa_deficit_cuantitativo": 0.0091994534586589006, "tasa_deficit_cualitativo": 0.086552744707808896, "tasa_deficit_habitacional": 0.095752198166467795, "pct_estrato_1": 0.27270370862986909, "pct_estrato_2": 0.72416740778842592, "pct_estrato_3": 0.0031288835817048998, "pct_estrato_4": 0.0, "pct_estrato_5": 0.0, "pct_estrato_6": 0.0, "s0_localidad": 0.27631916132375012, "dist_transmilenio_m": 3720.7233848009546, "dist_sitp_m": 195.3783669156455, "dist_parque_m": 109.77670725455253, "homicidios": 209.0, "lesiones_personales": 3464.0, "hurto_personas": 19664.0, "hurto_residencias": 2638.0, "hurto_automotores": 681.0, "hurto_bicicletas": 1403.0, "hurto_comercio": 5397.0, "hurto_entidades": 1643.0, "violencia_intrafam": 7523.0, "delitos_sexuales": 1159.0, "pct_no_oficial": 55.7, "n_sedes_total": 149, "n_sedes_no_oficial": 83 }, "geometry": { "type": "Point", "coordinates": [ -74.206549999770075, 4.631679999867868 ] } },
{ "type": "Feature", "properties": { "DANE12_EST": "111001106968", "id_establecimiento": "111001106968", "nombre_establecimiento": "COLEGIO JOSE FRANCISCO SOCARRAS (IED)", "nombre_localidad": "Bosa", "codigo_upz": "84", "nombre_upz": "BOSA OCCIDENTAL", "estrato": "Estrato 2", "zona": "URBANA", "caracter_media": "Académico", "lon": -74.194419999979573, "lat": 4.624860000159428, "codigo_localidad": "07", "q_j": 248.32, "puntaje_2023": 253.89, "punt_global_2020": 243.64, "punt_global_2022": 247.43, "matricula_total": 3443.0, "demanda_total": 3764.0, "sobre_demanda_j": 1.0932326459483008, "n_hogares_muestra": 2513.0, "poblacion_expandida": 199171.00000289999, "tasa_pobreza_monetaria": 0.55229182370424579, "tasa_pobreza_extrema": 0.18795588750799519, "tasa_ipm": 0.0996822849647334, "ingreso_percapita_promedio": 536362.57885894692, "capacidad_pago_promedio": 0.54936289314562281, "tamano_hogar_promedio": 3.7633010092291874, "gasto_educ_promedio": 137178.08860508617, "tasa_deficit_cuantitativo": 0.0104317439329508, "tasa_deficit_cualitativo": 0.1768060546886206, "tasa_deficit_habitacional": 0.18723779862157139, "pct_estrato_1": 0.024261426971946901, "pct_estrato_2": 0.97537208657069263, "pct_estrato_3": 0.0, "pct_estrato_4": 0.0, "pct_estrato_5": 0.0, "pct_estrato_6": 0.0, "s0_localidad": 0.27631916132375012, "dist_transmilenio_m": 2420.3431272660773, "dist_sitp_m": 61.452484247295416, "dist_parque_m": 170.31933280578863, "homicidios": 209.0, "lesiones_personales": 3464.0, "hurto_personas": 19664.0, "hurto_residencias": 2638.0, "hurto_automotores": 681.0, "hurto_bicicletas": 1403.0, "hurto_comercio": 5397.0, "hurto_entidades": 1643.0, "violencia_intrafam": 7523.0, "delitos_sexuales": 1159.0, "pct_no_oficial": 55.7, "n_sedes_total": 149, "n_sedes_no_oficial": 83 }, "geometry": { "type": "Point", "coordinates": [ -74.194419999979573, 4.624860000159428 ] } },
{ "type": "Feature", "properties": { "DANE12_EST": "111001106984", "id_establecimiento": "111001106984", "nombre_establecimiento": "COLEGIO GENERAL GUSTAVO ROJAS PINILLA (IED)", "nombre_localidad": "Kennedy", "codigo_upz": "46", "nombre_upz": "CASTILLA", "estrato": "Estrato 2", "zona": "URBANA", "caracter_media": "Académico", "lon": -74.139660000121879, "lat": 4.6486000003697727, "codigo_localidad": "08", "q_j": 267.78666666666663, "puntaje_2023": 273.4, "punt_global_2020": 261.64, "punt_global_2022": 268.32, "matricula_total": 3367.0, "demanda_total": 3701.0, "sobre_demanda_j": 1.0991980991980992, "n_hogares_muestra": null, "poblacion_expandida": 96967.811418700963, "tasa_pobreza_monetaria": 0.2871694452214027, "tasa_pobreza_extrema": 0.098063122971476416, "tasa_ipm": 0.038125335770448437, "ingreso_percapita_promedio": 1285478.929176976, "capacidad_pago_promedio": 0.20095862942917417, "tamano_hogar_promedio": 3.4179391685327452, "gasto_educ_promedio": 389026.70992450789, "tasa_deficit_cuantitativo": 0.0031405559541644551, "tasa_deficit_cualitativo": 0.065247020392156921, "tasa_deficit_habitacional": 0.068387576346321421, "pct_estrato_1": 0.0027754757214056786, "pct_estrato_2": 0.4276984643247691, "pct_estrato_3": 0.33719430010417922, "pct_estrato_4": 0.23232752989131789, "pct_estrato_5": 0.0, "pct_estrato_6": 0.0, "s0_localidad": 0.3719221758740453, "dist_transmilenio_m": 1980.5308755214708, "dist_sitp_m": 250.31722026710167, "dist_parque_m": 319.74742105019732, "homicidios": 277.0, "lesiones_personales": 5216.0, "hurto_personas": 45928.0, "hurto_residencias": 4574.0, "hurto_automotores": 2662.0, "hurto_bicicletas": 2842.0, "hurto_comercio": 11829.0, "hurto_entidades": 2994.0, "violencia_intrafam": 8341.0, "delitos_sexuales": 1353.0, "pct_no_oficial": 70.99, "n_sedes_total": 262, "n_sedes_no_oficial": 186 }, "geometry": { "type": "Point", "coordinates": [ -74.139660000121879, 4.648600000369773 ] } },
{ "type": "Feature", "properties": { "DANE12_EST": "111001107069", "id_establecimiento": "111001107069", "nombre_establecimiento": "COLEGIO VIRGINIA GUTIERREZ DE PINEDA (IED)", "nombre_localidad": "Suba", "codigo_upz": "28", "nombre_upz": "EL RINCON", "estrato": "Estrato 2", "zona": "URBANA", "caracter_media": "Académico", "lon": -74.091279999803675, "lat": 4.7313000002886554, "codigo_localidad": "11", "q_j": 258.48666666666668, "puntaje_2023": 258.74, "punt_global_2020": 261.35, "punt_global_2022": 255.37, "matricula_total": 2097.0, "demanda_total": 2254.0, "sobre_demanda_j": 1.0748688602765857, "n_hogares_muestra": 2382.0, "poblacion_expandida": 288983.99999600003, "tasa_pobreza_monetaria": 0.39372393871312911, "tasa_pobreza_extrema": 0.1074366146223657, "tasa_ipm": 0.060527870641426902, "ingreso_percapita_promedio": 736885.83955951873, "capacidad_pago_promedio": 0.35341762880994682, "tamano_hogar_promedio": 3.5256419863051338, "gasto_educ_promedio": 229243.80352093693, "tasa_deficit_cuantitativo": 0.0020934378962445999, "tasa_deficit_cualitativo": 0.1305752875097663, "tasa_deficit_habitacional": 0.13266872540601099, "pct_estrato_1": 0.0094350357315205, "pct_estrato_2": 0.61616858753240555, "pct_estrato_3": 0.36319133631914841, "pct_estrato_4": 0.0, "pct_estrato_5": 0.0, "pct_estrato_6": 0.0, "s0_localidad": 0.52282970591970535, "dist_transmilenio_m": 973.06506622108714, "dist_sitp_m": 159.83478914989055, "dist_parque_m": 76.480962074448854, "homicidios": 143.0, "lesiones_personales": 4117.0, "hurto_personas": 47285.0, "hurto_residencias": 5010.0, "hurto_automotores": 938.0, "hurto_bicicletas": 2774.0, "hurto_comercio": 12600.0, "hurto_entidades": 1324.0, "violencia_intrafam": 8047.0, "delitos_sexuales": 1387.0, "pct_no_oficial": 80.22, "n_sedes_total": 364, "n_sedes_no_oficial": 292 }, "geometry": { "type": "Point", "coordinates": [ -74.091279999803675, 4.731300000288655 ] } },
{ "type": "Feature", "properties": { "DANE12_EST": "111001107077", "id_establecimiento": "111001107077", "nombre_establecimiento": "COLEGIO VEINTIUN ANGELES (IED)", "nombre_localidad": "Suba", "codigo_upz": "27", "nombre_upz": "SUBA", "estrato": "Estrato 5", "zona": "URBANA", "caracter_media": "Técnico", "lon": -74.080350000112432, "lat": 4.7494499999623372, "codigo_localidad": "11", "q_j": 263.01, "puntaje_2023": 259.18, "punt_global_2020": 260.15, "punt_global_2022": 269.7, "matricula_total": 2928.0, "demanda_total": 3237.0, "sobre_demanda_j": 1.1055327868852458, "n_hogares_muestra": 2347.0, "poblacion_expandida": 181377.9999961, "tasa_pobreza_monetaria": 0.21019493076238441, "tasa_pobreza_extrema": 0.052294965438498299, "tasa_ipm": 0.032099177767563797, "ingreso_percapita_promedio": 1248597.3131651781, "capacidad_pago_promedio": 0.15789570815543111, "tamano_hogar_promedio": 3.4033946989683046, "gasto_educ_promedio": 480968.98612228886, "tasa_deficit_cuantitativo": 0.0016685693094338999, "tasa_deficit_cualitativo": 0.069259667220225696, "tasa_deficit_habitacional": 0.070928236529659697, "pct_estrato_1": 0.0, "pct_estrato_2": 0.33841391230810691, "pct_estrato_3": 0.61759745221090001, "pct_estrato_4": 0.043988635480993001, "pct_estrato_5": 0.0, "pct_estrato_6": 0.0, "s0_localidad": 0.52282970591970535, "dist_transmilenio_m": 1381.4411039575991, "dist_sitp_m": 13.127023864031363, "dist_parque_m": 160.17843221187658, "homicidios": 143.0, "lesiones_personales": 4117.0, "hurto_personas": 47285.0, "hurto_residencias": 5010.0, "hurto_automotores": 938.0, "hurto_bicicletas": 2774.0, "hurto_comercio": 12600.0, "hurto_entidades": 1324.0, "violencia_intrafam": 8047.0, "delitos_sexuales": 1387.0, "pct_no_oficial": 80.22, "n_sedes_total": 364, "n_sedes_no_oficial": 292 }, "geometry": { "type": "Point", "coordinates": [ -74.080350000112432, 4.749449999962337 ] } },
{ "type": "Feature", "properties": { "DANE12_EST": "111001107115", "id_establecimiento": "111001107115", "nombre_establecimiento": "COLEGIO JOSE MARIA VARGAS VILA (IED)", "nombre_localidad": "Ciudad Bolivar", "codigo_upz": "67", "nombre_upz": "LUCERO", "estrato": "Estrato 1", "zona": "URBANA", "caracter_media": "Académico", "lon": -74.161300000294645, "lat": 4.542340000562862, "codigo_localidad": "19", "q_j": 230.05333333333337, "puntaje_2023": 239.9, "punt_global_2020": 228.27, "punt_global_2022": 221.99, "matricula_total": 3002.0, "demanda_total": 3247.0, "sobre_demanda_j": 1.0816122584943371, "n_hogares_muestra": 2402.0, "poblacion_expandida": 161831.00001280001, "tasa_pobreza_monetaria": 0.7038631757592213, "tasa_pobreza_extrema": 0.29200637063703688, "tasa_ipm": 0.12833440894487039, "ingreso_percapita_promedio": 390100.43634986418, "capacidad_pago_promedio": 0.69990953908547293, "tamano_hogar_promedio": 3.7938052959151172, "gasto_educ_promedio": 94504.090399263441, "tasa_deficit_cuantitativo": 0.049540423591066397, "tasa_deficit_cualitativo": 0.26740798307417718, "tasa_deficit_habitacional": 0.31694840666524371, "pct_estrato_1": 0.72918739131913157, "pct_estrato_2": 0.25338518534370219, "pct_estrato_3": 0.0062719642164957004, "pct_estrato_4": 0.0, "pct_estrato_5": 0.0, "pct_estrato_6": 0.0, "s0_localidad": 0.24641727799438962, "dist_transmilenio_m": 3892.0079696935331, "dist_sitp_m": 135.08368376520818, "dist_parque_m": 209.56727515001663, "homicidios": 450.0, "lesiones_personales": 4378.0, "hurto_personas": 16269.0, "hurto_residencias": 1893.0, "hurto_automotores": 870.0, "hurto_bicicletas": 472.0, "hurto_comercio": 4561.0, "hurto_entidades": 1620.0, "violencia_intrafam": 8567.0, "delitos_sexuales": 1433.0, "pct_no_oficial": 44.59, "n_sedes_total": 148, "n_sedes_no_oficial": 66 }, "geometry": { "type": "Point", "coordinates": [ -74.161300000294645, 4.542340000562862 ] } },
{ "type": "Feature", "properties": { "DANE12_EST": "111001107743", "id_establecimiento": "111001107743", "nombre_establecimiento": "COLEGIO SALUDCOOP NORTE (IED)", "nombre_localidad": "Usaquen", "codigo_upz": "9", "nombre_upz": "VERBENAL", "estrato": "Estrato 2", "zona": "URBANA", "caracter_media": "Académico", "lon": -74.040419999819349, "lat": 4.7580500000713615, "codigo_localidad": "01", "q_j": 267.02333333333337, "puntaje_2023": 266.27, "punt_global_2020": 269.42, "punt_global_2022": 265.38, "matricula_total": 2224.0, "demanda_total": 2492.0, "sobre_demanda_j": 1.1205035971223021, "n_hogares_muestra": 2513.0, "poblacion_expandida": 128723.9999975, "tasa_pobreza_monetaria": 0.2827421697368544, "tasa_pobreza_extrema": 0.0529029950206042, "tasa_ipm": 0.049010722297493203, "ingreso_percapita_promedio": 1102998.6224623476, "capacidad_pago_promedio": 0.29139413861229041, "tamano_hogar_promedio": 3.4788079827770808, "gasto_educ_promedio": 430644.86864861392, "tasa_deficit_cuantitativo": 0.0074946427559642002, "tasa_deficit_cualitativo": 0.12019643744368171, "tasa_deficit_habitacional": 0.1276910801996459, "pct_estrato_1": 0.070897998289186498, "pct_estrato_2": 0.26411417362387962, "pct_estrato_3": 0.52903677945777472, "pct_estrato_4": 0.1082964924052293, "pct_estrato_5": 0.0266078202554808, "pct_estrato_6": 0.0, "s0_localidad": 0.64146949244746554, "dist_transmilenio_m": 730.54687595467919, "dist_sitp_m": 179.00343699626129, "dist_parque_m": 39.92148130879017, "homicidios": 93.0, "lesiones_personales": 1898.0, "hurto_personas": 34039.0, "hurto_residencias": 3332.0, "hurto_automotores": 363.0, "hurto_bicicletas": 1238.0, "hurto_comercio": 8366.0, "hurto_entidades": 408.0, "violencia_intrafam": 3095.0, "delitos_sexuales": 602.0, "pct_no_oficial": 78.79, "n_sedes_total": 132, "n_sedes_no_oficial": 104 }, "geometry": { "type": "Point", "coordinates": [ -74.040419999819349, 4.758050000071361 ] } },
{ "type": "Feature", "properties": { "DANE12_EST": "111001107760", "id_establecimiento": "111001107760", "nombre_establecimiento": "COLEGIO PAULO FREIRE (IED)", "nombre_localidad": "Usme", "codigo_upz": "56", "nombre_upz": "DANUBIO", "estrato": "Estrato 2", "zona": "URBANA", "caracter_media": "Técnico", "lon": -74.116130000286859, "lat": 4.5325900002418056, "codigo_localidad": "05", "q_j": 252.3, "puntaje_2023": 257.31, "punt_global_2020": 250.44, "punt_global_2022": 249.15, "matricula_total": 3072.0, "demanda_total": 3275.0, "sobre_demanda_j": 1.0660807291666667, "n_hogares_muestra": null, "poblacion_expandida": 109140.51239594627, "tasa_pobreza_monetaria": 0.5718254976570788, "tasa_pobreza_extrema": 0.1946752090994531, "tasa_ipm": 0.11149705802159872, "ingreso_percapita_promedio": 518457.13781177119, "capacidad_pago_promedio": 0.52318690009177626, "tamano_hogar_promedio": 3.6841389903711925, "gasto_educ_promedio": 128972.6519645393, "tasa_deficit_cuantitativo": 0.012744173455748858, "tasa_deficit_cualitativo": 0.18517219486228151, "tasa_deficit_habitacional": 0.19791636831803047, "pct_estrato_1": 0.24418296101688283, "pct_estrato_2": 0.75282459859996542, "pct_estrato_3": 0.0027851843823483908, "pct_estrato_4": 0.0, "pct_estrato_5": 0.0, "pct_estrato_6": 0.0, "s0_localidad": 0.18065503357765311, "dist_transmilenio_m": 374.34916057501897, "dist_sitp_m": 71.828782289318255, "dist_parque_m": 135.12690377132904, "homicidios": 171.0, "lesiones_personales": 2562.0, "hurto_personas": 8404.0, "hurto_residencias": 1452.0, "hurto_automotores": 311.0, "hurto_bicicletas": 146.0, "hurto_comercio": 2308.0, "hurto_entidades": 623.0, "violencia_intrafam": 3963.0, "delitos_sexuales": 923.0, "pct_no_oficial": 33.03, "n_sedes_total": 109, "n_sedes_no_oficial": 36 }, "geometry": { "type": "Point", "coordinates": [ -74.116130000286859, 4.532590000241806 ] } },
{ "type": "Feature", "properties": { "DANE12_EST": "111001107778", "id_establecimiento": "111001107778", "nombre_establecimiento": "COLEGIO SALUDCOOP SUR (IED)", "nombre_localidad": "Kennedy", "codigo_upz": "79", "nombre_upz": "CALANDAIMA", "estrato": "Estrato 2", "zona": "URBANA", "caracter_media": "Académico", "lon": -74.163759999869285, "lat": 4.6423299999992524, "codigo_localidad": "08", "q_j": 265.57666666666665, "puntaje_2023": 259.7, "punt_global_2020": 268.82, "punt_global_2022": 268.21, "matricula_total": 2538.0, "demanda_total": 2754.0, "sobre_demanda_j": 1.0851063829787233, "n_hogares_muestra": 2159.0, "poblacion_expandida": 131416.00000330005, "tasa_pobreza_monetaria": 0.40825812709679749, "tasa_pobreza_extrema": 0.1249415480435235, "tasa_ipm": 0.051825026866812, "ingreso_percapita_promedio": 795003.27775958751, "capacidad_pago_promedio": 0.30622803918160219, "tamano_hogar_promedio": 3.6112695584988339, "gasto_educ_promedio": 243487.31042366044, "tasa_deficit_cuantitativo": 0.0011947116347784999, "tasa_deficit_cualitativo": 0.0558752538033086, "tasa_deficit_habitacional": 0.057069965438087199, "pct_estrato_1": 0.0019407860747061999, "pct_estrato_2": 0.95647912116061662, "pct_estrato_3": 0.041580092764676897, "pct_estrato_4": 0.0, "pct_estrato_5": 0.0, "pct_estrato_6": 0.0, "s0_localidad": 0.3719221758740453, "dist_transmilenio_m": 693.12048792977998, "dist_sitp_m": 18.040032857075897, "dist_parque_m": 140.85098671553567, "homicidios": 277.0, "lesiones_personales": 5216.0, "hurto_personas": 45928.0, "hurto_residencias": 4574.0, "hurto_automotores": 2662.0, "hurto_bicicletas": 2842.0, "hurto_comercio": 11829.0, "hurto_entidades": 2994.0, "violencia_intrafam": 8341.0, "delitos_sexuales": 1353.0, "pct_no_oficial": 70.99, "n_sedes_total": 262, "n_sedes_no_oficial": 186 }, "geometry": { "type": "Point", "coordinates": [ -74.163759999869285, 4.642329999999252 ] } },
{ "type": "Feature", "properties": { "DANE12_EST": "111001107786", "id_establecimiento": "111001107786", "nombre_establecimiento": "COLEGIO NICOLAS BUENAVENTURA (IED)", "nombre_localidad": "Suba", "codigo_upz": "27", "nombre_upz": "SUBA", "estrato": "Estrato 2", "zona": "URBANA", "caracter_media": "Académico", "lon": -74.091029999558415, "lat": 4.7540400000766354, "codigo_localidad": "11", "q_j": 259.25, "puntaje_2023": 268.41285714285715, "punt_global_2020": 258.25, "punt_global_2022": 264.5, "matricula_total": 2158.0, "demanda_total": 2367.0, "sobre_demanda_j": 1.0968489341983318, "n_hogares_muestra": 2347.0, "poblacion_expandida": 181377.9999961, "tasa_pobreza_monetaria": 0.21019493076238441, "tasa_pobreza_extrema": 0.052294965438498299, "tasa_ipm": 0.032099177767563797, "ingreso_percapita_promedio": 1248597.3131651781, "capacidad_pago_promedio": 0.15789570815543111, "tamano_hogar_promedio": 3.4033946989683046, "gasto_educ_promedio": 480968.98612228886, "tasa_deficit_cuantitativo": 0.0016685693094338999, "tasa_deficit_cualitativo": 0.069259667220225696, "tasa_deficit_habitacional": 0.070928236529659697, "pct_estrato_1": 0.0, "pct_estrato_2": 0.33841391230810691, "pct_estrato_3": 0.61759745221090001, "pct_estrato_4": 0.043988635480993001, "pct_estrato_5": 0.0, "pct_estrato_6": 0.0, "s0_localidad": 0.52282970591970535, "dist_transmilenio_m": 880.35617395828945, "dist_sitp_m": 140.21627426554028, "dist_parque_m": 38.927815134669004, "homicidios": 143.0, "lesiones_personales": 4117.0, "hurto_personas": 47285.0, "hurto_residencias": 5010.0, "hurto_automotores": 938.0, "hurto_bicicletas": 2774.0, "hurto_comercio": 12600.0, "hurto_entidades": 1324.0, "violencia_intrafam": 8047.0, "delitos_sexuales": 1387.0, "pct_no_oficial": 80.22, "n_sedes_total": 364, "n_sedes_no_oficial": 292 }, "geometry": { "type": "Point", "coordinates": [ -74.091029999558415, 4.754040000076635 ] } },
{ "type": "Feature", "properties": { "DANE12_EST": "111001107794", "id_establecimiento": "111001107794", "nombre_establecimiento": "COLEGIO MARIA CANO (IED)", "nombre_localidad": "Rafael Uribe Uribe", "codigo_upz": "54", "nombre_upz": "MARRUECOS", "estrato": "Sin estrato", "zona": "URBANA", "caracter_media": "Académico", "lon": -74.115480000008517, "lat": 4.5592600004223183, "codigo_localidad": "18", "q_j": 253.02333333333331, "puntaje_2023": 248.08, "punt_global_2020": 255.04, "punt_global_2022": 255.95, "matricula_total": 1718.0, "demanda_total": 1859.0, "sobre_demanda_j": 1.0820721769499417, "n_hogares_muestra": 2741.0, "poblacion_expandida": 120852.0000177, "tasa_pobreza_monetaria": 0.49944345543855168, "tasa_pobreza_extrema": 0.18920952651136089, "tasa_ipm": 0.088364740204845096, "ingreso_percapita_promedio": 604853.18142623524, "capacidad_pago_promedio": 0.54122891766723136, "tamano_hogar_promedio": 3.7974271980032239, "gasto_educ_promedio": 130604.77324336328, "tasa_deficit_cuantitativo": 0.0032705617982499999, "tasa_deficit_cualitativo": 0.1622393459763046, "tasa_deficit_habitacional": 0.1655099077745546, "pct_estrato_1": 0.084001441917495506, "pct_estrato_2": 0.83195167824508032, "pct_estrato_3": 0.084046879837423996, "pct_estrato_4": 0.0, "pct_estrato_5": 0.0, "pct_estrato_6": 0.0, "s0_localidad": 0.2741314328601635, "dist_transmilenio_m": 744.75601943898255, "dist_sitp_m": 119.93969901041844, "dist_parque_m": 94.737516554203907, "homicidios": 159.0, "lesiones_personales": 2500.0, "hurto_personas": 13897.0, "hurto_residencias": 1530.0, "hurto_automotores": 660.0, "hurto_bicicletas": 415.0, "hurto_comercio": 3902.0, "hurto_entidades": 942.0, "violencia_intrafam": 3177.0, "delitos_sexuales": 716.0, "pct_no_oficial": 57.85, "n_sedes_total": 121, "n_sedes_no_oficial": 70 }, "geometry": { "type": "Point", "coordinates": [ -74.115480000008517, 4.559260000422318 ] } },
{ "type": "Feature", "properties": { "DANE12_EST": "111001107816", "id_establecimiento": "111001107816", "nombre_establecimiento": "COLEGIO CUNDINAMARCA (IED)", "nombre_localidad": "Ciudad Bolivar", "codigo_upz": "69", "nombre_upz": "ISMAEL PERDOMO", "estrato": "Estrato 2", "zona": "URBANA", "caracter_media": "Académico", "lon": -74.138290000143314, "lat": 4.5619799998725776, "codigo_localidad": "19", "q_j": 264.8, "puntaje_2023": 265.76, "punt_global_2020": 263.28, "punt_global_2022": 265.36, "matricula_total": 3556.0, "demanda_total": 3925.0, "sobre_demanda_j": 1.1037682789651293, "n_hogares_muestra": 2366.0, "poblacion_expandida": 164520.00000199999, "tasa_pobreza_monetaria": 0.51545916573346162, "tasa_pobreza_extrema": 0.16132286291926429, "tasa_ipm": 0.1120384549706778, "ingreso_percapita_promedio": 615523.9462379344, "capacidad_pago_promedio": 0.52716050758962851, "tamano_hogar_promedio": 3.8098645044388539, "gasto_educ_promedio": 155800.13389930749, "tasa_deficit_cuantitativo": 0.020936730408814198, "tasa_deficit_cualitativo": 0.1935707537570682, "tasa_deficit_habitacional": 0.2145074841658825, "pct_estrato_1": 0.44532129046930069, "pct_estrato_2": 0.4547796296212645, "pct_estrato_3": 0.099899079909434696, "pct_estrato_4": 0.0, "pct_estrato_5": 0.0, "pct_estrato_6": 0.0, "s0_localidad": 0.24641727799438962, "dist_transmilenio_m": 774.34248225022304, "dist_sitp_m": 61.7062100001856, "dist_parque_m": 225.48123708150214, "homicidios": 450.0, "lesiones_personales": 4378.0, "hurto_personas": 16269.0, "hurto_residencias": 1893.0, "hurto_automotores": 870.0, "hurto_bicicletas": 472.0, "hurto_comercio": 4561.0, "hurto_entidades": 1620.0, "violencia_intrafam": 8567.0, "delitos_sexuales": 1433.0, "pct_no_oficial": 44.59, "n_sedes_total": 148, "n_sedes_no_oficial": 66 }, "geometry": { "type": "Point", "coordinates": [ -74.138290000143314, 4.561979999872578 ] } },
{ "type": "Feature", "properties": { "DANE12_EST": "111001107832", "id_establecimiento": "111001107832", "nombre_establecimiento": "COLEGIO GERMAN ARCINIEGAS (IED)", "nombre_localidad": "Bosa", "codigo_upz": "84", "nombre_upz": "BOSA OCCIDENTAL", "estrato": "Estrato 2", "zona": "URBANA", "caracter_media": "Académico", "lon": -74.185319999676125, "lat": 4.6305500003604418, "codigo_localidad": "07", "q_j": 255.79666666666665, "puntaje_2023": 258.96, "punt_global_2020": 250.87, "punt_global_2022": 257.56, "matricula_total": 2062.0, "demanda_total": 2206.0, "sobre_demanda_j": 1.069835111542192, "n_hogares_muestra": 2513.0, "poblacion_expandida": 199171.00000289999, "tasa_pobreza_monetaria": 0.55229182370424579, "tasa_pobreza_extrema": 0.18795588750799519, "tasa_ipm": 0.0996822849647334, "ingreso_percapita_promedio": 536362.57885894692, "capacidad_pago_promedio": 0.54936289314562281, "tamano_hogar_promedio": 3.7633010092291874, "gasto_educ_promedio": 137178.08860508617, "tasa_deficit_cuantitativo": 0.0104317439329508, "tasa_deficit_cualitativo": 0.1768060546886206, "tasa_deficit_habitacional": 0.18723779862157139, "pct_estrato_1": 0.024261426971946901, "pct_estrato_2": 0.97537208657069263, "pct_estrato_3": 0.0, "pct_estrato_4": 0.0, "pct_estrato_5": 0.0, "pct_estrato_6": 0.0, "s0_localidad": 0.27631916132375012, "dist_transmilenio_m": 1365.1706782463266, "dist_sitp_m": 202.3558007845354, "dist_parque_m": 36.423520288335745, "homicidios": 209.0, "lesiones_personales": 3464.0, "hurto_personas": 19664.0, "hurto_residencias": 2638.0, "hurto_automotores": 681.0, "hurto_bicicletas": 1403.0, "hurto_comercio": 5397.0, "hurto_entidades": 1643.0, "violencia_intrafam": 7523.0, "delitos_sexuales": 1159.0, "pct_no_oficial": 55.7, "n_sedes_total": 149, "n_sedes_no_oficial": 83 }, "geometry": { "type": "Point", "coordinates": [ -74.185319999676125, 4.630550000360442 ] } },
{ "type": "Feature", "properties": { "DANE12_EST": "111001107859", "id_establecimiento": "111001107859", "nombre_establecimiento": "COLEGIO ANTONIO GARCIA (IED)", "nombre_localidad": "Ciudad Bolivar", "codigo_upz": "68", "nombre_upz": "EL TESORO", "estrato": "Estrato 2", "zona": "URBANA", "caracter_media": "Académico", "lon": -74.139169999677122, "lat": 4.5443499997496337, "codigo_localidad": "19", "q_j": 254.63, "puntaje_2023": 257.11, "punt_global_2020": 258.32, "punt_global_2022": 248.46, "matricula_total": 2646.0, "demanda_total": 2912.0, "sobre_demanda_j": 1.1005291005291005, "n_hogares_muestra": null, "poblacion_expandida": 157570.87655468582, "tasa_pobreza_monetaria": 0.68640876870174428, "tasa_pobreza_extrema": 0.2805899204038797, "tasa_ipm": 0.12579829119237404, "ingreso_percapita_promedio": 408381.83750067506, "capacidad_pago_promedio": 0.68343510192824375, "tamano_hogar_promedio": 3.8085694286533975, "gasto_educ_promedio": 99170.484179654479, "tasa_deficit_cuantitativo": 0.046371907280936271, "tasa_deficit_cualitativo": 0.26094659707255535, "tasa_deficit_habitacional": 0.30731850435349178, "pct_estrato_1": 0.68814287781020245, "pct_estrato_2": 0.29121764511602205, "pct_estrato_3": 0.010545111624744702, "pct_estrato_4": 0.0, "pct_estrato_5": 0.0, "pct_estrato_6": 0.0, "s0_localidad": 0.24641727799438962, "dist_transmilenio_m": 2031.9848561234153, "dist_sitp_m": 116.977412831679, "dist_parque_m": 111.31024615684758, "homicidios": 450.0, "lesiones_personales": 4378.0, "hurto_personas": 16269.0, "hurto_residencias": 1893.0, "hurto_automotores": 870.0, "hurto_bicicletas": 472.0, "hurto_comercio": 4561.0, "hurto_entidades": 1620.0, "violencia_intrafam": 8567.0, "delitos_sexuales": 1433.0, "pct_no_oficial": 44.59, "n_sedes_total": 148, "n_sedes_no_oficial": 66 }, "geometry": { "type": "Point", "coordinates": [ -74.139169999677122, 4.544349999749634 ] } },
{ "type": "Feature", "properties": { "DANE12_EST": "111001107867", "id_establecimiento": "111001107867", "nombre_establecimiento": "COLEGIO KIMI PERNIA DOMICO (IED)", "nombre_localidad": "Bosa", "codigo_upz": "87", "nombre_upz": "TINTAL SUR", "estrato": "Estrato 1", "zona": "EXPANSION", "caracter_media": "Académico", "lon": -74.207319999699024, "lat": 4.6221900001757614, "codigo_localidad": "07", "q_j": 250.53333333333333, "puntaje_2023": 251.17, "punt_global_2020": 243.45, "punt_global_2022": 256.98, "matricula_total": 3076.0, "demanda_total": 3390.0, "sobre_demanda_j": 1.1020806241872563, "n_hogares_muestra": 2392.0, "poblacion_expandida": 110225.0000021, "tasa_pobreza_monetaria": 0.45206665391654038, "tasa_pobreza_extrema": 0.1571335105708325, "tasa_ipm": 0.074480271470570097, "ingreso_percapita_promedio": 552453.57518655877, "capacidad_pago_promedio": 0.46272393446158572, "tamano_hogar_promedio": 3.7183664572473711, "gasto_educ_promedio": 125393.3035398334, "tasa_deficit_cuantitativo": 0.0091994534586589006, "tasa_deficit_cualitativo": 0.086552744707808896, "tasa_deficit_habitacional": 0.095752198166467795, "pct_estrato_1": 0.27270370862986909, "pct_estrato_2": 0.72416740778842592, "pct_estrato_3": 0.0031288835817048998, "pct_estrato_4": 0.0, "pct_estrato_5": 0.0, "pct_estrato_6": 0.0, "s0_localidad": 0.27631916132375012, "dist_transmilenio_m": 3689.4919107475662, "dist_sitp_m": 7.3073720483623825, "dist_parque_m": 377.41516855245084, "homicidios": 209.0, "lesiones_personales": 3464.0, "hurto_personas": 19664.0, "hurto_residencias": 2638.0, "hurto_automotores": 681.0, "hurto_bicicletas": 1403.0, "hurto_comercio": 5397.0, "hurto_entidades": 1643.0, "violencia_intrafam": 7523.0, "delitos_sexuales": 1159.0, "pct_no_oficial": 55.7, "n_sedes_total": 149, "n_sedes_no_oficial": 83 }, "geometry": { "type": "Point", "coordinates": [ -74.207319999699024, 4.622190000175761 ] } },
{ "type": "Feature", "properties": { "DANE12_EST": "111001107875", "id_establecimiento": "111001107875", "nombre_establecimiento": "COLEGIO CIUDADELA EDUCATIVA DE BOSA (IED)", "nombre_localidad": "Bosa", "codigo_upz": "86", "nombre_upz": "EL PORVENIR", "estrato": "Sin estrato", "zona": "URBANA", "caracter_media": "Académico", "lon": -74.187170000053712, "lat": 4.640850000424904, "codigo_localidad": "07", "q_j": 257.62333333333339, "puntaje_2023": 259.72, "punt_global_2020": 255.93, "punt_global_2022": 257.22, "matricula_total": 6413.0, "demanda_total": 6997.0, "sobre_demanda_j": 1.0910650241696553, "n_hogares_muestra": 2345.0, "poblacion_expandida": 141524.00000470001, "tasa_pobreza_monetaria": 0.52578058417603246, "tasa_pobreza_extrema": 0.1800588803931045, "tasa_ipm": 0.076238707285984503, "ingreso_percapita_promedio": 540236.36153404042, "capacidad_pago_promedio": 0.49282307504086748, "tamano_hogar_promedio": 3.6768618279558152, "gasto_educ_promedio": 122842.87380400246, "tasa_deficit_cuantitativo": 0.0045173917199821997, "tasa_deficit_cualitativo": 0.16505646683901129, "tasa_deficit_habitacional": 0.16957385855899351, "pct_estrato_1": 0.32806178284289661, "pct_estrato_2": 0.66927598964101065, "pct_estrato_3": 0.0026622275160925, "pct_estrato_4": 0.0, "pct_estrato_5": 0.0, "pct_estrato_6": 0.0, "s0_localidad": 0.27631916132375012, "dist_transmilenio_m": 2018.0145380487168, "dist_sitp_m": 24.120255349573796, "dist_parque_m": 256.11760510408442, "homicidios": 209.0, "lesiones_personales": 3464.0, "hurto_personas": 19664.0, "hurto_residencias": 2638.0, "hurto_automotores": 681.0, "hurto_bicicletas": 1403.0, "hurto_comercio": 5397.0, "hurto_entidades": 1643.0, "violencia_intrafam": 7523.0, "delitos_sexuales": 1159.0, "pct_no_oficial": 55.7, "n_sedes_total": 149, "n_sedes_no_oficial": 83 }, "geometry": { "type": "Point", "coordinates": [ -74.187170000053712, 4.640850000424904 ] } },
{ "type": "Feature", "properties": { "DANE12_EST": "111001107883", "id_establecimiento": "111001107883", "nombre_establecimiento": "COLEGIO DEBORA ARANGO PEREZ (IED)", "nombre_localidad": "Kennedy", "codigo_upz": "81", "nombre_upz": "GRAN BRITALIA", "estrato": "Estrato 2", "zona": "URBANA", "caracter_media": "Académico", "lon": -74.183480000242611, "lat": 4.6188300003695595, "codigo_localidad": "08", "q_j": 260.83, "puntaje_2023": 269.62, "punt_global_2020": 249.67, "punt_global_2022": 263.2, "matricula_total": 2897.0, "demanda_total": 3098.0, "sobre_demanda_j": 1.069382119433897, "n_hogares_muestra": 2381.0, "poblacion_expandida": 62532.000002100001, "tasa_pobreza_monetaria": 0.42257089620054689, "tasa_pobreza_extrema": 0.1110827996204619, "tasa_ipm": 0.062922965775408707, "ingreso_percapita_promedio": 679816.32936895674, "capacidad_pago_promedio": 0.41894009080023392, "tamano_hogar_promedio": 3.5394290578978311, "gasto_educ_promedio": 175746.67139168124, "tasa_deficit_cuantitativo": 0.0031220968607024, "tasa_deficit_cualitativo": 0.1647288881237457, "tasa_deficit_habitacional": 0.16785098498444809, "pct_estrato_1": 0.0053601105320274997, "pct_estrato_2": 0.97812244184171204, "pct_estrato_3": 0.016517447626260302, "pct_estrato_4": 0.0, "pct_estrato_5": 0.0, "pct_estrato_6": 0.0, "s0_localidad": 0.3719221758740453, "dist_transmilenio_m": 1646.4085540017288, "dist_sitp_m": 64.248999670620705, "dist_parque_m": 81.103286982972193, "homicidios": 277.0, "lesiones_personales": 5216.0, "hurto_personas": 45928.0, "hurto_residencias": 4574.0, "hurto_automotores": 2662.0, "hurto_bicicletas": 2842.0, "hurto_comercio": 11829.0, "hurto_entidades": 2994.0, "violencia_intrafam": 8341.0, "delitos_sexuales": 1353.0, "pct_no_oficial": 70.99, "n_sedes_total": 262, "n_sedes_no_oficial": 186 }, "geometry": { "type": "Point", "coordinates": [ -74.183480000242611, 4.618830000369559 ] } },
{ "type": "Feature", "properties": { "DANE12_EST": "111001108456", "id_establecimiento": "111001108456", "nombre_establecimiento": "COLEGIO TOMAS CIPRIANO DE MOSQUERA (IED)", "nombre_localidad": "Engativa", "codigo_upz": "74", "nombre_upz": "ENGATIVA", "estrato": "Estrato 2", "zona": "URBANA", "caracter_media": "Académico", "lon": -74.134580000240732, "lat": 4.7081299998047648, "codigo_localidad": "10", "q_j": 254.3, "puntaje_2023": 255.77, "punt_global_2020": 252.03, "punt_global_2022": 255.1, "matricula_total": 2015.0, "demanda_total": 2208.0, "sobre_demanda_j": 1.0957816377171217, "n_hogares_muestra": 2238.0, "poblacion_expandida": 141623.00000239999, "tasa_pobreza_monetaria": 0.4166244586931509, "tasa_pobreza_extrema": 0.1232293367666569, "tasa_ipm": 0.085926135151026095, "ingreso_percapita_promedio": 671310.97978140996, "capacidad_pago_promedio": 0.34682334106301671, "tamano_hogar_promedio": 3.6287148311396535, "gasto_educ_promedio": 179680.37483502133, "tasa_deficit_cuantitativo": 0.0158805037688926, "tasa_deficit_cualitativo": 0.16491889197943971, "tasa_deficit_habitacional": 0.1807993957483324, "pct_estrato_1": 0.0066518779137854003, "pct_estrato_2": 0.95038461933880158, "pct_estrato_3": 0.042963502747413097, "pct_estrato_4": 0.0, "pct_estrato_5": 0.0, "pct_estrato_6": 0.0, "s0_localidad": 0.45908732785239414, "dist_transmilenio_m": 2674.5256440200983, "dist_sitp_m": 68.633554999433571, "dist_parque_m": 45.717841564098862, "homicidios": 114.0, "lesiones_personales": 3260.0, "hurto_personas": 44584.0, "hurto_residencias": 4694.0, "hurto_automotores": 1548.0, "hurto_bicicletas": 2840.0, "hurto_comercio": 11724.0, "hurto_entidades": 1616.0, "violencia_intrafam": 6497.0, "delitos_sexuales": 1001.0, "pct_no_oficial": 73.15, "n_sedes_total": 257, "n_sedes_no_oficial": 188 }, "geometry": { "type": "Point", "coordinates": [ -74.134580000240732, 4.708129999804765 ] } },
{ "type": "Feature", "properties": { "DANE12_EST": "111001108901", "id_establecimiento": "111001108901", "nombre_establecimiento": "COLEGIO CHARRY (IED)", "nombre_localidad": "Engativa", "codigo_upz": "73", "nombre_upz": "GARCES NAVAS", "estrato": "Estrato 3", "zona": "URBANA", "caracter_media": "Académico", "lon": -74.120309999644419, "lat": 4.714020000002777, "codigo_localidad": "10", "q_j": 240.99333333333334, "puntaje_2023": 252.5, "punt_global_2020": 233.46, "punt_global_2022": 237.02, "matricula_total": 2195.0, "demanda_total": 3033.0, "sobre_demanda_j": 1.3817767653758541, "n_hogares_muestra": 2364.0, "poblacion_expandida": 167506.00000110001, "tasa_pobreza_monetaria": 0.22196427952584291, "tasa_pobreza_extrema": 0.075772470046545401, "tasa_ipm": 0.030551244534920498, "ingreso_percapita_promedio": 1231332.3061936938, "capacidad_pago_promedio": 0.1792359084671763, "tamano_hogar_promedio": 3.4970780660695926, "gasto_educ_promedio": 398876.46195647382, "tasa_deficit_cuantitativo": 0.0047428715329288001, "tasa_deficit_cualitativo": 0.093925001247099696, "tasa_deficit_habitacional": 0.098667872780028504, "pct_estrato_1": 0.0056796068421055999, "pct_estrato_2": 0.19212094725018, "pct_estrato_3": 0.70828178535467923, "pct_estrato_4": 0.093917660553035007, "pct_estrato_5": 0.0, "pct_estrato_6": 0.0, "s0_localidad": 0.45908732785239414, "dist_transmilenio_m": 1182.1488312571819, "dist_sitp_m": 57.554411656041893, "dist_parque_m": 151.841358920331, "homicidios": 114.0, "lesiones_personales": 3260.0, "hurto_personas": 44584.0, "hurto_residencias": 4694.0, "hurto_automotores": 1548.0, "hurto_bicicletas": 2840.0, "hurto_comercio": 11724.0, "hurto_entidades": 1616.0, "violencia_intrafam": 6497.0, "delitos_sexuales": 1001.0, "pct_no_oficial": 73.15, "n_sedes_total": 257, "n_sedes_no_oficial": 188 }, "geometry": { "type": "Point", "coordinates": [ -74.120309999644419, 4.714020000002777 ] } },
{ "type": "Feature", "properties": { "DANE12_EST": "111001109304", "id_establecimiento": "111001109304", "nombre_establecimiento": "COLEGIO FANNY MIKEY (IED)", "nombre_localidad": "Ciudad Bolivar", "codigo_upz": "67", "nombre_upz": "LUCERO", "estrato": "Estrato 1", "zona": "URBANA", "caracter_media": "Académico", "lon": -74.152899999599938, "lat": 4.5495099997817467, "codigo_localidad": "19", "q_j": 239.62666666666667, "puntaje_2023": 246.78, "punt_global_2020": 238.65, "punt_global_2022": 233.45, "matricula_total": 1885.0, "demanda_total": 2007.0, "sobre_demanda_j": 1.0647214854111406, "n_hogares_muestra": 2402.0, "poblacion_expandida": 161831.00001280001, "tasa_pobreza_monetaria": 0.7038631757592213, "tasa_pobreza_extrema": 0.29200637063703688, "tasa_ipm": 0.12833440894487039, "ingreso_percapita_promedio": 390100.43634986418, "capacidad_pago_promedio": 0.69990953908547293, "tamano_hogar_promedio": 3.7938052959151172, "gasto_educ_promedio": 94504.090399263441, "tasa_deficit_cuantitativo": 0.049540423591066397, "tasa_deficit_cualitativo": 0.26740798307417718, "tasa_deficit_habitacional": 0.31694840666524371, "pct_estrato_1": 0.72918739131913157, "pct_estrato_2": 0.25338518534370219, "pct_estrato_3": 0.0062719642164957004, "pct_estrato_4": 0.0, "pct_estrato_5": 0.0, "pct_estrato_6": 0.0, "s0_localidad": 0.24641727799438962, "dist_transmilenio_m": 2696.0430219150035, "dist_sitp_m": 239.73502781848191, "dist_parque_m": 56.136257084052083, "homicidios": 450.0, "lesiones_personales": 4378.0, "hurto_personas": 16269.0, "hurto_residencias": 1893.0, "hurto_automotores": 870.0, "hurto_bicicletas": 472.0, "hurto_comercio": 4561.0, "hurto_entidades": 1620.0, "violencia_intrafam": 8567.0, "delitos_sexuales": 1433.0, "pct_no_oficial": 44.59, "n_sedes_total": 148, "n_sedes_no_oficial": 66 }, "geometry": { "type": "Point", "coordinates": [ -74.152899999599938, 4.549509999781747 ] } },
{ "type": "Feature", "properties": { "DANE12_EST": "111001109550", "id_establecimiento": "111001109550", "nombre_establecimiento": "COLEGIO RODOLFO LLINAS (IED)", "nombre_localidad": "Engativa", "codigo_upz": "72", "nombre_upz": "BOLIVIA", "estrato": "Estrato 3", "zona": "URBANA", "caracter_media": "Académico", "lon": -74.109070000331783, "lat": 4.7197300002909488, "codigo_localidad": "10", "q_j": 291.02333333333331, "puntaje_2023": 297.2, "punt_global_2020": 292.39, "punt_global_2022": 283.48, "matricula_total": 2326.0, "demanda_total": 2777.0, "sobre_demanda_j": 1.1938950988822012, "n_hogares_muestra": 2292.0, "poblacion_expandida": 83569.999993099991, "tasa_pobreza_monetaria": 0.11186034795826059, "tasa_pobreza_extrema": 0.053265595290984, "tasa_ipm": 0.011225539385873499, "ingreso_percapita_promedio": 1512187.8045529118, "capacidad_pago_promedio": 0.040203632312760598, "tamano_hogar_promedio": 3.2456508872022853, "gasto_educ_promedio": 564025.0549230543, "tasa_deficit_cuantitativo": 0.0, "tasa_deficit_cualitativo": 0.022366428233269401, "tasa_deficit_habitacional": 0.022366428233269401, "pct_estrato_1": 0.0, "pct_estrato_2": 0.0025010266999790998, "pct_estrato_3": 0.9974989733000208, "pct_estrato_4": 0.0, "pct_estrato_5": 0.0, "pct_estrato_6": 0.0, "s0_localidad": 0.45908732785239414, "dist_transmilenio_m": 1112.333234855726, "dist_sitp_m": 48.935926625005109, "dist_parque_m": 27.178889119884047, "homicidios": 114.0, "lesiones_personales": 3260.0, "hurto_personas": 44584.0, "hurto_residencias": 4694.0, "hurto_automotores": 1548.0, "hurto_bicicletas": 2840.0, "hurto_comercio": 11724.0, "hurto_entidades": 1616.0, "violencia_intrafam": 6497.0, "delitos_sexuales": 1001.0, "pct_no_oficial": 73.15, "n_sedes_total": 257, "n_sedes_no_oficial": 188 }, "geometry": { "type": "Point", "coordinates": [ -74.109070000331783, 4.719730000290949 ] } },
{ "type": "Feature", "properties": { "DANE12_EST": "111001110477", "id_establecimiento": "111001110477", "nombre_establecimiento": "COLEGIO NELSON MANDELA (IED)", "nombre_localidad": "Kennedy", "codigo_upz": "83", "nombre_upz": "LAS MARGARITAS", "estrato": "Estrato 2", "zona": "URBANA", "caracter_media": "Académico", "lon": -74.177919999962427, "lat": 4.6361000003556274, "codigo_localidad": "08", "q_j": 266.79, "puntaje_2023": 266.79, "punt_global_2020": 259.78647058823526, "punt_global_2022": 264.99294117647059, "matricula_total": 1825.0, "demanda_total": 1942.0, "sobre_demanda_j": 1.0641095890410959, "n_hogares_muestra": 2264.0, "poblacion_expandida": 31305.000003700003, "tasa_pobreza_monetaria": 0.45098322287594189, "tasa_pobreza_extrema": 0.17013555991600371, "tasa_ipm": 0.028674021066727499, "ingreso_percapita_promedio": 639286.15263659868, "capacidad_pago_promedio": 0.42722345830120662, "tamano_hogar_promedio": 3.9121993810964648, "gasto_educ_promedio": 191245.77323175449, "tasa_deficit_cuantitativo": 0.0, "tasa_deficit_cualitativo": 0.056906847988801898, "tasa_deficit_habitacional": 0.056906847988801898, "pct_estrato_1": 0.16510255288896719, "pct_estrato_2": 0.83341009404939725, "pct_estrato_3": 0.0014873530616354, "pct_estrato_4": 0.0, "pct_estrato_5": 0.0, "pct_estrato_6": 0.0, "s0_localidad": 0.3719221758740453, "dist_transmilenio_m": 921.11522223121244, "dist_sitp_m": 191.01380514766697, "dist_parque_m": 59.470777856106572, "homicidios": 277.0, "lesiones_personales": 5216.0, "hurto_personas": 45928.0, "hurto_residencias": 4574.0, "hurto_automotores": 2662.0, "hurto_bicicletas": 2842.0, "hurto_comercio": 11829.0, "hurto_entidades": 2994.0, "violencia_intrafam": 8341.0, "delitos_sexuales": 1353.0, "pct_no_oficial": 70.99, "n_sedes_total": 262, "n_sedes_no_oficial": 186 }, "geometry": { "type": "Point", "coordinates": [ -74.177919999962427, 4.636100000355627 ] } },
{ "type": "Feature", "properties": { "DANE12_EST": "111001800091", "id_establecimiento": "111001800091", "nombre_establecimiento": "COLEGIO LA FELICIDAD (IED)", "nombre_localidad": "Fontibon", "codigo_upz": "112", "nombre_upz": "GRANJAS DE TECHO", "estrato": "Sin estrato", "zona": "URBANA", "caracter_media": "Académico", "lon": -74.130480000350786, "lat": 4.6564700003599038, "codigo_localidad": "09", "q_j": 304.23, "puntaje_2023": 304.23, "punt_global_2020": 261.64, "punt_global_2022": 268.32, "matricula_total": 1000.0, "demanda_total": 2783.0, "sobre_demanda_j": 2.783, "n_hogares_muestra": 2230.0, "poblacion_expandida": 50890.000005000002, "tasa_pobreza_monetaria": 0.076071991633319694, "tasa_pobreza_extrema": 0.052786331566831698, "tasa_ipm": 0.0010062199723908001, "ingreso_percapita_promedio": 2453393.8577843318, "capacidad_pago_promedio": 0.0036411659949260999, "tamano_hogar_promedio": 3.008174395263493, "gasto_educ_promedio": 744634.01507617556, "tasa_deficit_cuantitativo": 0.0, "tasa_deficit_cualitativo": 0.0263886839058372, "tasa_deficit_habitacional": 0.0263886839058372, "pct_estrato_1": 0.0, "pct_estrato_2": 0.0, "pct_estrato_3": 0.1039159141851133, "pct_estrato_4": 0.89608408581488674, "pct_estrato_5": 0.0, "pct_estrato_6": 0.0, "s0_localidad": 0.52286271730123679, "dist_transmilenio_m": 2361.6884873587337, "dist_sitp_m": 284.96742366727489, "dist_parque_m": 115.50824577588497, "homicidios": 46.0, "lesiones_personales": 1556.0, "hurto_personas": 27767.0, "hurto_residencias": 1782.0, "hurto_automotores": 452.0, "hurto_bicicletas": 1473.0, "hurto_comercio": 7516.0, "hurto_entidades": 505.0, "violencia_intrafam": 3285.0, "delitos_sexuales": 468.0, "pct_no_oficial": 77.55, "n_sedes_total": 98, "n_sedes_no_oficial": 76 }, "geometry": { "type": "Point", "coordinates": [ -74.130480000350786, 4.656470000359904 ] } },
{ "type": "Feature", "properties": { "DANE12_EST": "111001800163", "id_establecimiento": "111001800163", "nombre_establecimiento": "COLEGIO FILARMONICO JORGE MARIO BERGOGLIO (IED)", "nombre_localidad": "Suba", "codigo_upz": "28", "nombre_upz": "EL RINCON", "estrato": "Sin estrato", "zona": "URBANA", "caracter_media": "Académico", "lon": -74.10309999997277, "lat": 4.7486300003484283, "codigo_localidad": "11", "q_j": 275.0, "puntaje_2023": 275.0, "punt_global_2020": 254.49909090909088, "punt_global_2022": 258.13272727272727, "matricula_total": 517.0, "demanda_total": 964.0, "sobre_demanda_j": 1.8646034816247583, "n_hogares_muestra": 2382.0, "poblacion_expandida": 288983.99999600003, "tasa_pobreza_monetaria": 0.39372393871312911, "tasa_pobreza_extrema": 0.1074366146223657, "tasa_ipm": 0.060527870641426902, "ingreso_percapita_promedio": 736885.83955951873, "capacidad_pago_promedio": 0.35341762880994682, "tamano_hogar_promedio": 3.5256419863051338, "gasto_educ_promedio": 229243.80352093693, "tasa_deficit_cuantitativo": 0.0020934378962445999, "tasa_deficit_cualitativo": 0.1305752875097663, "tasa_deficit_habitacional": 0.13266872540601099, "pct_estrato_1": 0.0094350357315205, "pct_estrato_2": 0.61616858753240555, "pct_estrato_3": 0.36319133631914841, "pct_estrato_4": 0.0, "pct_estrato_5": 0.0, "pct_estrato_6": 0.0, "s0_localidad": 0.52282970591970535, "dist_transmilenio_m": 998.11088789786015, "dist_sitp_m": 155.28181642541935, "dist_parque_m": 89.703867866816751, "homicidios": 143.0, "lesiones_personales": 4117.0, "hurto_personas": 47285.0, "hurto_residencias": 5010.0, "hurto_automotores": 938.0, "hurto_bicicletas": 2774.0, "hurto_comercio": 12600.0, "hurto_entidades": 1324.0, "violencia_intrafam": 8047.0, "delitos_sexuales": 1387.0, "pct_no_oficial": 80.22, "n_sedes_total": 364, "n_sedes_no_oficial": 292 }, "geometry": { "type": "Point", "coordinates": [ -74.10309999997277, 4.748630000348428 ] } },
{ "type": "Feature", "properties": { "DANE12_EST": "111001800384", "id_establecimiento": "111001800384", "nombre_establecimiento": "COLEGIO JORGE ISAACS (IED)", "nombre_localidad": "Bosa", "codigo_upz": "87", "nombre_upz": "TINTAL SUR", "estrato": "Estrato 2", "zona": "EXPANSION", "caracter_media": "Académico", "lon": -74.202540000291833, "lat": 4.6270400001273133, "codigo_localidad": "07", "q_j": 267.31, "puntaje_2023": 267.31, "punt_global_2020": 253.77833333333334, "punt_global_2022": 259.02777777777777, "matricula_total": 1117.0, "demanda_total": 1387.0, "sobre_demanda_j": 1.2417188898836169, "n_hogares_muestra": 2392.0, "poblacion_expandida": 110225.0000021, "tasa_pobreza_monetaria": 0.45206665391654038, "tasa_pobreza_extrema": 0.1571335105708325, "tasa_ipm": 0.074480271470570097, "ingreso_percapita_promedio": 552453.57518655877, "capacidad_pago_promedio": 0.46272393446158572, "tamano_hogar_promedio": 3.7183664572473711, "gasto_educ_promedio": 125393.3035398334, "tasa_deficit_cuantitativo": 0.0091994534586589006, "tasa_deficit_cualitativo": 0.086552744707808896, "tasa_deficit_habitacional": 0.095752198166467795, "pct_estrato_1": 0.27270370862986909, "pct_estrato_2": 0.72416740778842592, "pct_estrato_3": 0.0031288835817048998, "pct_estrato_4": 0.0, "pct_estrato_5": 0.0, "pct_estrato_6": 0.0, "s0_localidad": 0.27631916132375012, "dist_transmilenio_m": 3277.8630189154005, "dist_sitp_m": 63.217363794826824, "dist_parque_m": 79.645035150218106, "homicidios": 209.0, "lesiones_personales": 3464.0, "hurto_personas": 19664.0, "hurto_residencias": 2638.0, "hurto_automotores": 681.0, "hurto_bicicletas": 1403.0, "hurto_comercio": 5397.0, "hurto_entidades": 1643.0, "violencia_intrafam": 7523.0, "delitos_sexuales": 1159.0, "pct_no_oficial": 55.7, "n_sedes_total": 149, "n_sedes_no_oficial": 83 }, "geometry": { "type": "Point", "coordinates": [ -74.202540000291833, 4.627040000127313 ] } },
{ "type": "Feature", "properties": { "DANE12_EST": "111001800392", "id_establecimiento": "111001800392", "nombre_establecimiento": "COLEGIO SOLEDAD ACOSTA DE SAMPER (IED)", "nombre_localidad": "Bosa", "codigo_upz": "86", "nombre_upz": "EL PORVENIR", "estrato": "Sin estrato", "zona": "URBANA", "caracter_media": "Académico", "lon": -74.185880000441102, "lat": 4.6427899997549149, "codigo_localidad": "07", "q_j": 266.15, "puntaje_2023": 266.15, "punt_global_2020": 259.70470588235298, "punt_global_2022": 266.0060784313726, "matricula_total": 511.0, "demanda_total": 592.0, "sobre_demanda_j": 1.1585127201565557, "n_hogares_muestra": 2345.0, "poblacion_expandida": 141524.00000470001, "tasa_pobreza_monetaria": 0.52578058417603246, "tasa_pobreza_extrema": 0.1800588803931045, "tasa_ipm": 0.076238707285984503, "ingreso_percapita_promedio": 540236.36153404042, "capacidad_pago_promedio": 0.49282307504086748, "tamano_hogar_promedio": 3.6768618279558152, "gasto_educ_promedio": 122842.87380400246, "tasa_deficit_cuantitativo": 0.0045173917199821997, "tasa_deficit_cualitativo": 0.16505646683901129, "tasa_deficit_habitacional": 0.16957385855899351, "pct_estrato_1": 0.32806178284289661, "pct_estrato_2": 0.66927598964101065, "pct_estrato_3": 0.0026622275160925, "pct_estrato_4": 0.0, "pct_estrato_5": 0.0, "pct_estrato_6": 0.0, "s0_localidad": 0.27631916132375012, "dist_transmilenio_m": 2059.6914066934532, "dist_sitp_m": 39.778117496343434, "dist_parque_m": 216.18121490557658, "homicidios": 209.0, "lesiones_personales": 3464.0, "hurto_personas": 19664.0, "hurto_residencias": 2638.0, "hurto_automotores": 681.0, "hurto_bicicletas": 1403.0, "hurto_comercio": 5397.0, "hurto_entidades": 1643.0, "violencia_intrafam": 7523.0, "delitos_sexuales": 1159.0, "pct_no_oficial": 55.7, "n_sedes_total": 149, "n_sedes_no_oficial": 83 }, "geometry": { "type": "Point", "coordinates": [ -74.185880000441102, 4.642789999754915 ] } },
{ "type": "Feature", "properties": { "DANE12_EST": "111001800414", "id_establecimiento": "111001800414", "nombre_establecimiento": "COLEGIO EL ENSUEÑO (IED)", "nombre_localidad": "Ciudad Bolivar", "codigo_upz": "65", "nombre_upz": "ARBORIZADORA", "estrato": "Estrato 2", "zona": "URBANA", "caracter_media": "Académico", "lon": -74.158960000370612, "lat": 4.5838600001190617, "codigo_localidad": "19", "q_j": 268.08, "puntaje_2023": 268.08, "punt_global_2020": 248.47583333333333, "punt_global_2022": 253.15833333333333, "matricula_total": 1040.0, "demanda_total": 1553.0, "sobre_demanda_j": 1.4932692307692308, "n_hogares_muestra": 2418.0, "poblacion_expandida": 83274.999997599996, "tasa_pobreza_monetaria": 0.2812693059786856, "tasa_pobreza_extrema": 0.075905701257065999, "tasa_ipm": 0.030126392984356602, "ingreso_percapita_promedio": 993465.718329111, "capacidad_pago_promedio": 0.25161721027563949, "tamano_hogar_promedio": 3.6475263277244561, "gasto_educ_promedio": 280370.26319582987, "tasa_deficit_cuantitativo": 0.0065503031043617002, "tasa_deficit_cualitativo": 0.089042463830846005, "tasa_deficit_habitacional": 0.095592766935207699, "pct_estrato_1": 0.0136858269220395, "pct_estrato_2": 0.5267731856807476, "pct_estrato_3": 0.45750244429538289, "pct_estrato_4": 0.0020385431018298998, "pct_estrato_5": 0.0, "pct_estrato_6": 0.0, "s0_localidad": 0.24641727799438962, "dist_transmilenio_m": 1400.2355057450543, "dist_sitp_m": 14.266700472052779, "dist_parque_m": 188.85349499854692, "homicidios": 450.0, "lesiones_personales": 4378.0, "hurto_personas": 16269.0, "hurto_residencias": 1893.0, "hurto_automotores": 870.0, "hurto_bicicletas": 472.0, "hurto_comercio": 4561.0, "hurto_entidades": 1620.0, "violencia_intrafam": 8567.0, "delitos_sexuales": 1433.0, "pct_no_oficial": 44.59, "n_sedes_total": 148, "n_sedes_no_oficial": 66 }, "geometry": { "type": "Point", "coordinates": [ -74.158960000370612, 4.583860000119062 ] } },
{ "type": "Feature", "properties": { "DANE12_EST": "111001800422", "id_establecimiento": "111001800422", "nombre_establecimiento": "COLEGIO ROGELIO SALMONA (IED)", "nombre_localidad": "Ciudad Bolivar", "codigo_upz": "65", "nombre_upz": "ARBORIZADORA", "estrato": "Sin estrato", "zona": "URBANA", "caracter_media": "Académico", "lon": -74.154980000131275, "lat": 4.58730999982365, "codigo_localidad": "19", "q_j": 276.15, "puntaje_2023": 276.15, "punt_global_2020": 249.92275641025643, "punt_global_2022": 254.25371794871793, "matricula_total": 1575.0, "demanda_total": 2148.0, "sobre_demanda_j": 1.3638095238095238, "n_hogares_muestra": 2418.0, "poblacion_expandida": 83274.999997599996, "tasa_pobreza_monetaria": 0.2812693059786856, "tasa_pobreza_extrema": 0.075905701257065999, "tasa_ipm": 0.030126392984356602, "ingreso_percapita_promedio": 993465.718329111, "capacidad_pago_promedio": 0.25161721027563949, "tamano_hogar_promedio": 3.6475263277244561, "gasto_educ_promedio": 280370.26319582987, "tasa_deficit_cuantitativo": 0.0065503031043617002, "tasa_deficit_cualitativo": 0.089042463830846005, "tasa_deficit_habitacional": 0.095592766935207699, "pct_estrato_1": 0.0136858269220395, "pct_estrato_2": 0.5267731856807476, "pct_estrato_3": 0.45750244429538289, "pct_estrato_4": 0.0020385431018298998, "pct_estrato_5": 0.0, "pct_estrato_6": 0.0, "s0_localidad": 0.24641727799438962, "dist_transmilenio_m": 1019.5345075311179, "dist_sitp_m": 58.623244185812844, "dist_parque_m": 90.80088611474703, "homicidios": 450.0, "lesiones_personales": 4378.0, "hurto_personas": 16269.0, "hurto_residencias": 1893.0, "hurto_automotores": 870.0, "hurto_bicicletas": 472.0, "hurto_comercio": 4561.0, "hurto_entidades": 1620.0, "violencia_intrafam": 8567.0, "delitos_sexuales": 1433.0, "pct_no_oficial": 44.59, "n_sedes_total": 148, "n_sedes_no_oficial": 66 }, "geometry": { "type": "Point", "coordinates": [ -74.154980000131275, 4.58730999982365 ] } },
{ "type": "Feature", "properties": { "DANE12_EST": "111001800431", "id_establecimiento": "111001800431", "nombre_establecimiento": "COLEGIO LAS MARGARITAS (IED)", "nombre_localidad": "Kennedy", "codigo_upz": "83", "nombre_upz": "LAS MARGARITAS", "estrato": "Sin estrato", "zona": "URBANA", "caracter_media": "Académico", "lon": -74.174569999909934, "lat": 4.6336699999749111, "codigo_localidad": "08", "q_j": 287.69, "puntaje_2023": 287.69, "punt_global_2020": 257.60823529411761, "punt_global_2022": 262.148137254902, "matricula_total": 521.0, "demanda_total": 682.0, "sobre_demanda_j": 1.3090211132437619, "n_hogares_muestra": 2264.0, "poblacion_expandida": 31305.000003700003, "tasa_pobreza_monetaria": 0.45098322287594189, "tasa_pobreza_extrema": 0.17013555991600371, "tasa_ipm": 0.028674021066727499, "ingreso_percapita_promedio": 639286.15263659868, "capacidad_pago_promedio": 0.42722345830120662, "tamano_hogar_promedio": 3.9121993810964648, "gasto_educ_promedio": 191245.77323175449, "tasa_deficit_cuantitativo": 0.0, "tasa_deficit_cualitativo": 0.056906847988801898, "tasa_deficit_habitacional": 0.056906847988801898, "pct_estrato_1": 0.16510255288896719, "pct_estrato_2": 0.83341009404939725, "pct_estrato_3": 0.0014873530616354, "pct_estrato_4": 0.0, "pct_estrato_5": 0.0, "pct_estrato_6": 0.0, "s0_localidad": 0.3719221758740453, "dist_transmilenio_m": 505.45040130843995, "dist_sitp_m": 116.35034819768076, "dist_parque_m": 183.71984747032818, "homicidios": 277.0, "lesiones_personales": 5216.0, "hurto_personas": 45928.0, "hurto_residencias": 4574.0, "hurto_automotores": 2662.0, "hurto_bicicletas": 2842.0, "hurto_comercio": 11829.0, "hurto_entidades": 2994.0, "violencia_intrafam": 8341.0, "delitos_sexuales": 1353.0, "pct_no_oficial": 70.99, "n_sedes_total": 262, "n_sedes_no_oficial": 186 }, "geometry": { "type": "Point", "coordinates": [ -74.174569999909934, 4.633669999974911 ] } },
{ "type": "Feature", "properties": { "DANE12_EST": "111001800457", "id_establecimiento": "111001800457", "nombre_establecimiento": "COLEGIO BICENTENARIO DE LA INDEPENDENCIA (IED)", "nombre_localidad": "Bosa", "codigo_upz": "85", "nombre_upz": "BOSA CENTRAL", "estrato": "Estrato 2", "zona": "URBANA", "caracter_media": "Académico", "lon": -74.203809999812961, "lat": 4.6149799997881882, "codigo_localidad": "07", "q_j": 248.08, "puntaje_2023": 248.08, "punt_global_2020": 253.3721296296296, "punt_global_2022": 257.51487654320994, "matricula_total": 1567.0, "demanda_total": 1816.0, "sobre_demanda_j": 1.1589023611997447, "n_hogares_muestra": 2530.0, "poblacion_expandida": 236893.99999380001, "tasa_pobreza_monetaria": 0.57741222472278719, "tasa_pobreza_extrema": 0.2259702239533336, "tasa_ipm": 0.077274234200862393, "ingreso_percapita_promedio": 559243.48815241479, "capacidad_pago_promedio": 0.54172419916569725, "tamano_hogar_promedio": 3.6623812802853042, "gasto_educ_promedio": 133205.35666441551, "tasa_deficit_cuantitativo": 0.0140410598706048, "tasa_deficit_cualitativo": 0.15374357223675231, "tasa_deficit_habitacional": 0.16778463210735711, "pct_estrato_1": 0.010853917966547401, "pct_estrato_2": 0.98854682013655482, "pct_estrato_3": 0.00059926189689779997, "pct_estrato_4": 0.0, "pct_estrato_5": 0.0, "pct_estrato_6": 0.0, "s0_localidad": 0.27631916132375012, "dist_transmilenio_m": 2798.453449261171, "dist_sitp_m": 404.93164584149304, "dist_parque_m": 137.77192854153049, "homicidios": 209.0, "lesiones_personales": 3464.0, "hurto_personas": 19664.0, "hurto_residencias": 2638.0, "hurto_automotores": 681.0, "hurto_bicicletas": 1403.0, "hurto_comercio": 5397.0, "hurto_entidades": 1643.0, "violencia_intrafam": 7523.0, "delitos_sexuales": 1159.0, "pct_no_oficial": 55.7, "n_sedes_total": 149, "n_sedes_no_oficial": 83 }, "geometry": { "type": "Point", "coordinates": [ -74.203809999812961, 4.614979999788188 ] } },
{ "type": "Feature", "properties": { "DANE12_EST": "111001800554", "id_establecimiento": "111001800554", "nombre_establecimiento": "COLEGIO EMMA REYES (IED)", "nombre_localidad": "Kennedy", "codigo_upz": "46", "nombre_upz": "CASTILLA", "estrato": "Estrato 3", "zona": "URBANA", "caracter_media": "Académico", "lon": -74.14550999993196, "lat": 4.6343000001462888, "codigo_localidad": "08", "q_j": 283.85, "puntaje_2023": 283.85, "punt_global_2020": 258.715, "punt_global_2022": 261.2032142857143, "matricula_total": 493.0, "demanda_total": 715.0, "sobre_demanda_j": 1.4503042596348885, "n_hogares_muestra": null, "poblacion_expandida": 100715.10725469601, "tasa_pobreza_monetaria": 0.32217522305974805, "tasa_pobreza_extrema": 0.10051129849568254, "tasa_ipm": 0.046389901970354863, "ingreso_percapita_promedio": 934355.39921101485, "capacidad_pago_promedio": 0.23514788290770874, "tamano_hogar_promedio": 3.5165895852971381, "gasto_educ_promedio": 272775.71411253809, "tasa_deficit_cuantitativo": 0.0064045797601411459, "tasa_deficit_cualitativo": 0.088193517092601217, "tasa_deficit_habitacional": 0.094598096852742439, "pct_estrato_1": 0.0049577777155580677, "pct_estrato_2": 0.28485639525638812, "pct_estrato_3": 0.68419520114205667, "pct_estrato_4": 0.025989115186594216, "pct_estrato_5": 0.0, "pct_estrato_6": 0.0, "s0_localidad": 0.3719221758740453, "dist_transmilenio_m": 335.43196735440154, "dist_sitp_m": 171.58812643227941, "dist_parque_m": 170.57856735351453, "homicidios": 277.0, "lesiones_personales": 5216.0, "hurto_personas": 45928.0, "hurto_residencias": 4574.0, "hurto_automotores": 2662.0, "hurto_bicicletas": 2842.0, "hurto_comercio": 11829.0, "hurto_entidades": 2994.0, "violencia_intrafam": 8341.0, "delitos_sexuales": 1353.0, "pct_no_oficial": 70.99, "n_sedes_total": 262, "n_sedes_no_oficial": 186 }, "geometry": { "type": "Point", "coordinates": [ -74.14550999993196, 4.634300000146289 ] } },
{ "type": "Feature", "properties": { "DANE12_EST": "111001800562", "id_establecimiento": "111001800562", "nombre_establecimiento": "COLEGIO JOSE EUSTASIO RIVERA (IED)", "nombre_localidad": "Usme", "codigo_upz": "61", "nombre_upz": "CIUDAD USME", "estrato": "No indica estrato", "zona": "URBANA", "caracter_media": "Académico", "lon": -74.123099999830245, "lat": 4.4749600004501113, "codigo_localidad": "05", "q_j": 270.0, "puntaje_2023": 270.0, "punt_global_2020": 255.17, "punt_global_2022": 253.24, "matricula_total": 672.0, "demanda_total": 748.0, "sobre_demanda_j": 1.1130952380952381, "n_hogares_muestra": null, "poblacion_expandida": 98789.999999699998, "tasa_pobreza_monetaria": 0.54632234953197589, "tasa_pobreza_extrema": 0.14300688904284739, "tasa_ipm": 0.0808793279686634, "ingreso_percapita_promedio": 538295.14854055992, "capacidad_pago_promedio": 0.6418885111488265, "tamano_hogar_promedio": 3.78760632903772, "gasto_educ_promedio": 85874.888113838184, "tasa_deficit_cuantitativo": 0.023710737932048899, "tasa_deficit_cualitativo": 0.15871960531782181, "tasa_deficit_habitacional": 0.1824303432498707, "pct_estrato_1": 0.4316831555524801, "pct_estrato_2": 0.56472274978003256, "pct_estrato_3": 0.0035940946674873002, "pct_estrato_4": 0.0, "pct_estrato_5": 0.0, "pct_estrato_6": 0.0, "s0_localidad": 0.18065503357765311, "dist_transmilenio_m": 6324.2007581050702, "dist_sitp_m": 58.369290150976063, "dist_parque_m": 112.35607415504882, "homicidios": 171.0, "lesiones_personales": 2562.0, "hurto_personas": 8404.0, "hurto_residencias": 1452.0, "hurto_automotores": 311.0, "hurto_bicicletas": 146.0, "hurto_comercio": 2308.0, "hurto_entidades": 623.0, "violencia_intrafam": 3963.0, "delitos_sexuales": 923.0, "pct_no_oficial": 33.03, "n_sedes_total": 109, "n_sedes_no_oficial": 36 }, "geometry": { "type": "Point", "coordinates": [ -74.123099999830245, 4.474960000450111 ] } },
{ "type": "Feature", "properties": { "DANE12_EST": "111001800571", "id_establecimiento": "111001800571", "nombre_establecimiento": "COLEGIO ANGELA RESTREPO MORENO (IED)", "nombre_localidad": "Ciudad Bolivar", "codigo_upz": "69", "nombre_upz": "ISMAEL PERDOMO", "estrato": "Sin estrato", "zona": "URBANA", "caracter_media": "Académico", "lon": -74.164279999552974, "lat": 4.5826000002398697, "codigo_localidad": "19", "q_j": 275.77, "puntaje_2023": 275.77, "punt_global_2020": 247.53418498168497, "punt_global_2022": 252.00586080586078, "matricula_total": 1033.0, "demanda_total": 1178.0, "sobre_demanda_j": 1.1403678606001937, "n_hogares_muestra": 2366.0, "poblacion_expandida": 164520.00000199999, "tasa_pobreza_monetaria": 0.51545916573346162, "tasa_pobreza_extrema": 0.16132286291926429, "tasa_ipm": 0.1120384549706778, "ingreso_percapita_promedio": 615523.9462379344, "capacidad_pago_promedio": 0.52716050758962851, "tamano_hogar_promedio": 3.8098645044388539, "gasto_educ_promedio": 155800.13389930749, "tasa_deficit_cuantitativo": 0.020936730408814198, "tasa_deficit_cualitativo": 0.1935707537570682, "tasa_deficit_habitacional": 0.2145074841658825, "pct_estrato_1": 0.44532129046930069, "pct_estrato_2": 0.4547796296212645, "pct_estrato_3": 0.099899079909434696, "pct_estrato_4": 0.0, "pct_estrato_5": 0.0, "pct_estrato_6": 0.0, "s0_localidad": 0.24641727799438962, "dist_transmilenio_m": 1468.406104794961, "dist_sitp_m": 114.62317025832348, "dist_parque_m": 92.215266413092024, "homicidios": 450.0, "lesiones_personales": 4378.0, "hurto_personas": 16269.0, "hurto_residencias": 1893.0, "hurto_automotores": 870.0, "hurto_bicicletas": 472.0, "hurto_comercio": 4561.0, "hurto_entidades": 1620.0, "violencia_intrafam": 8567.0, "delitos_sexuales": 1433.0, "pct_no_oficial": 44.59, "n_sedes_total": 148, "n_sedes_no_oficial": 66 }, "geometry": { "type": "Point", "coordinates": [ -74.164279999552974, 4.58260000023987 ] } },
{ "type": "Feature", "properties": { "DANE12_EST": "111001800635", "id_establecimiento": "111001800635", "nombre_establecimiento": "COLEGIO EL NOGAL (IED)", "nombre_localidad": "Ciudad Bolivar", "codigo_upz": "69", "nombre_upz": "ISMAEL PERDOMO", "estrato": "Estrato 1", "zona": "URBANA", "caracter_media": "Académico", "lon": -74.164600000118412, "lat": 4.5764500004125512, "codigo_localidad": "19", "q_j": 263.46, "puntaje_2023": 263.46, "punt_global_2020": 248.27448390894818, "punt_global_2022": 252.76413657770803, "matricula_total": 1042.0, "demanda_total": 1163.0, "sobre_demanda_j": 1.1161228406909789, "n_hogares_muestra": 2366.0, "poblacion_expandida": 164520.00000199999, "tasa_pobreza_monetaria": 0.51545916573346162, "tasa_pobreza_extrema": 0.16132286291926429, "tasa_ipm": 0.1120384549706778, "ingreso_percapita_promedio": 615523.9462379344, "capacidad_pago_promedio": 0.52716050758962851, "tamano_hogar_promedio": 3.8098645044388539, "gasto_educ_promedio": 155800.13389930749, "tasa_deficit_cuantitativo": 0.020936730408814198, "tasa_deficit_cualitativo": 0.1935707537570682, "tasa_deficit_habitacional": 0.2145074841658825, "pct_estrato_1": 0.44532129046930069, "pct_estrato_2": 0.4547796296212645, "pct_estrato_3": 0.099899079909434696, "pct_estrato_4": 0.0, "pct_estrato_5": 0.0, "pct_estrato_6": 0.0, "s0_localidad": 0.24641727799438962, "dist_transmilenio_m": 2150.6539615456491, "dist_sitp_m": 291.41738960846862, "dist_parque_m": 112.12979609610781, "homicidios": 450.0, "lesiones_personales": 4378.0, "hurto_personas": 16269.0, "hurto_residencias": 1893.0, "hurto_automotores": 870.0, "hurto_bicicletas": 472.0, "hurto_comercio": 4561.0, "hurto_entidades": 1620.0, "violencia_intrafam": 8567.0, "delitos_sexuales": 1433.0, "pct_no_oficial": 44.59, "n_sedes_total": 148, "n_sedes_no_oficial": 66 }, "geometry": { "type": "Point", "coordinates": [ -74.164600000118412, 4.576450000412551 ] } },
{ "type": "Feature", "properties": { "DANE12_EST": "111001800643", "id_establecimiento": "111001800643", "nombre_establecimiento": "COLEGIO DE LA BICI (IED)", "nombre_localidad": "Bosa", "codigo_upz": "85", "nombre_upz": "BOSA CENTRAL", "estrato": "Sin estrato", "zona": "URBANA", "caracter_media": "Académico", "lon": -74.182349999565233, "lat": 4.6137300002127946, "codigo_localidad": "07", "q_j": 271.15, "puntaje_2023": 271.15, "punt_global_2020": 252.33610389610394, "punt_global_2022": 254.60068181818181, "matricula_total": 1045.0, "demanda_total": 1179.0, "sobre_demanda_j": 1.1282296650717702, "n_hogares_muestra": 2530.0, "poblacion_expandida": 236893.99999380001, "tasa_pobreza_monetaria": 0.57741222472278719, "tasa_pobreza_extrema": 0.2259702239533336, "tasa_ipm": 0.077274234200862393, "ingreso_percapita_promedio": 559243.48815241479, "capacidad_pago_promedio": 0.54172419916569725, "tamano_hogar_promedio": 3.6623812802853042, "gasto_educ_promedio": 133205.35666441551, "tasa_deficit_cuantitativo": 0.0140410598706048, "tasa_deficit_cualitativo": 0.15374357223675231, "tasa_deficit_habitacional": 0.16778463210735711, "pct_estrato_1": 0.010853917966547401, "pct_estrato_2": 0.98854682013655482, "pct_estrato_3": 0.00059926189689779997, "pct_estrato_4": 0.0, "pct_estrato_5": 0.0, "pct_estrato_6": 0.0, "s0_localidad": 0.27631916132375012, "dist_transmilenio_m": 1876.8973530873491, "dist_sitp_m": 129.85260245078391, "dist_parque_m": 224.35894856740362, "homicidios": 209.0, "lesiones_personales": 3464.0, "hurto_personas": 19664.0, "hurto_residencias": 2638.0, "hurto_automotores": 681.0, "hurto_bicicletas": 1403.0, "hurto_comercio": 5397.0, "hurto_entidades": 1643.0, "violencia_intrafam": 7523.0, "delitos_sexuales": 1159.0, "pct_no_oficial": 55.7, "n_sedes_total": 149, "n_sedes_no_oficial": 83 }, "geometry": { "type": "Point", "coordinates": [ -74.182349999565233, 4.613730000212795 ] } },
{ "type": "Feature", "properties": { "DANE12_EST": "111001800660", "id_establecimiento": "111001800660", "nombre_establecimiento": "COLEGIO CIUDAD CHENGDU (IED)", "nombre_localidad": "Usme", "codigo_upz": "57", "nombre_upz": "GRAN YOMASA", "estrato": "Estrato 2", "zona": "URBANA", "caracter_media": "Académico", "lon": -74.099400000115921, "lat": 4.5111999997063812, "codigo_localidad": "05", "q_j": 248.08, "puntaje_2023": 248.08, "punt_global_2020": 249.32090909090905, "punt_global_2022": 249.64318181818189, "matricula_total": 523.0, "demanda_total": 578.0, "sobre_demanda_j": 1.1051625239005736, "n_hogares_muestra": 2440.0, "poblacion_expandida": 131329.99999830002, "tasa_pobreza_monetaria": 0.53757585547410236, "tasa_pobreza_extrema": 0.17050022665339101, "tasa_ipm": 0.099770706666181402, "ingreso_percapita_promedio": 546453.47327463643, "capacidad_pago_promedio": 0.5369657626400125, "tamano_hogar_promedio": 3.6829561057356353, "gasto_educ_promedio": 131619.82020471324, "tasa_deficit_cuantitativo": 0.0094164735347293006, "tasa_deficit_cualitativo": 0.1714038156094676, "tasa_deficit_habitacional": 0.18082028914419701, "pct_estrato_1": 0.21329619519883189, "pct_estrato_2": 0.7829697168463492, "pct_estrato_3": 0.0033905540356792998, "pct_estrato_4": 0.0, "pct_estrato_5": 0.0, "pct_estrato_6": 0.0, "s0_localidad": 0.18065503357765311, "dist_transmilenio_m": 3180.2610014179281, "dist_sitp_m": 36.049393544367206, "dist_parque_m": 134.3416927190961, "homicidios": 171.0, "lesiones_personales": 2562.0, "hurto_personas": 8404.0, "hurto_residencias": 1452.0, "hurto_automotores": 311.0, "hurto_bicicletas": 146.0, "hurto_comercio": 2308.0, "hurto_entidades": 623.0, "violencia_intrafam": 3963.0, "delitos_sexuales": 923.0, "pct_no_oficial": 33.03, "n_sedes_total": 109, "n_sedes_no_oficial": 36 }, "geometry": { "type": "Point", "coordinates": [ -74.099400000115921, 4.511199999706381 ] } },
{ "type": "Feature", "properties": { "DANE12_EST": "111001800678", "id_establecimiento": "111001800678", "nombre_establecimiento": "COLEGIO PARQUES DE BOGOTA (IED)", "nombre_localidad": "Bosa", "codigo_upz": "84", "nombre_upz": "BOSA OCCIDENTAL", "estrato": "Estrato 2", "zona": "URBANA", "caracter_media": "Académico", "lon": -74.192280000072088, "lat": 4.625189999780595, "codigo_localidad": "07", "q_j": 272.31, "puntaje_2023": 272.31, "punt_global_2020": 255.17487738782387, "punt_global_2022": 259.36547629068463, "matricula_total": 1043.0, "demanda_total": 1165.0, "sobre_demanda_j": 1.1169702780441035, "n_hogares_muestra": 2513.0, "poblacion_expandida": 199171.00000289999, "tasa_pobreza_monetaria": 0.55229182370424579, "tasa_pobreza_extrema": 0.18795588750799519, "tasa_ipm": 0.0996822849647334, "ingreso_percapita_promedio": 536362.57885894692, "capacidad_pago_promedio": 0.54936289314562281, "tamano_hogar_promedio": 3.7633010092291874, "gasto_educ_promedio": 137178.08860508617, "tasa_deficit_cuantitativo": 0.0104317439329508, "tasa_deficit_cualitativo": 0.1768060546886206, "tasa_deficit_habitacional": 0.18723779862157139, "pct_estrato_1": 0.024261426971946901, "pct_estrato_2": 0.97537208657069263, "pct_estrato_3": 0.0, "pct_estrato_4": 0.0, "pct_estrato_5": 0.0, "pct_estrato_6": 0.0, "s0_localidad": 0.27631916132375012, "dist_transmilenio_m": 2180.7532121454738, "dist_sitp_m": 91.837276466003559, "dist_parque_m": 142.04633519083865, "homicidios": 209.0, "lesiones_personales": 3464.0, "hurto_personas": 19664.0, "hurto_residencias": 2638.0, "hurto_automotores": 681.0, "hurto_bicicletas": 1403.0, "hurto_comercio": 5397.0, "hurto_entidades": 1643.0, "violencia_intrafam": 7523.0, "delitos_sexuales": 1159.0, "pct_no_oficial": 55.7, "n_sedes_total": 149, "n_sedes_no_oficial": 83 }, "geometry": { "type": "Point", "coordinates": [ -74.192280000072088, 4.625189999780595 ] } },
{ "type": "Feature", "properties": { "DANE12_EST": "111001800694", "id_establecimiento": "111001800694", "nombre_establecimiento": "COLEGIO LAUREL DE CERA (IED)", "nombre_localidad": "Bosa", "codigo_upz": "87", "nombre_upz": "TINTAL SUR", "estrato": "Estrato 2", "zona": "EXPANSION", "caracter_media": "Académico", "lon": -74.21197000030817, "lat": 4.6266300002350595, "codigo_localidad": "07", "q_j": 269.62, "puntaje_2023": 269.62, "punt_global_2020": 250.96367845117845, "punt_global_2022": 255.56387766554434, "matricula_total": 1046.0, "demanda_total": 1155.0, "sobre_demanda_j": 1.1042065009560229, "n_hogares_muestra": 2392.0, "poblacion_expandida": 110225.0000021, "tasa_pobreza_monetaria": 0.45206665391654038, "tasa_pobreza_extrema": 0.1571335105708325, "tasa_ipm": 0.074480271470570097, "ingreso_percapita_promedio": 552453.57518655877, "capacidad_pago_promedio": 0.46272393446158572, "tamano_hogar_promedio": 3.7183664572473711, "gasto_educ_promedio": 125393.3035398334, "tasa_deficit_cuantitativo": 0.0091994534586589006, "tasa_deficit_cualitativo": 0.086552744707808896, "tasa_deficit_habitacional": 0.095752198166467795, "pct_estrato_1": 0.27270370862986909, "pct_estrato_2": 0.72416740778842592, "pct_estrato_3": 0.0031288835817048998, "pct_estrato_4": 0.0, "pct_estrato_5": 0.0, "pct_estrato_6": 0.0, "s0_localidad": 0.27631916132375012, "dist_transmilenio_m": 4323.4957355455954, "dist_sitp_m": 413.86435272114761, "dist_parque_m": 159.59015434234843, "homicidios": 209.0, "lesiones_personales": 3464.0, "hurto_personas": 19664.0, "hurto_residencias": 2638.0, "hurto_automotores": 681.0, "hurto_bicicletas": 1403.0, "hurto_comercio": 5397.0, "hurto_entidades": 1643.0, "violencia_intrafam": 7523.0, "delitos_sexuales": 1159.0, "pct_no_oficial": 55.7, "n_sedes_total": 149, "n_sedes_no_oficial": 83 }, "geometry": { "type": "Point", "coordinates": [ -74.21197000030817, 4.62663000023506 ] } },
{ "type": "Feature", "properties": { "DANE12_EST": "111001800813", "id_establecimiento": "111001800813", "nombre_establecimiento": "COLEGIO COMPARTIR SUBA (IED)", "nombre_localidad": "Suba", "codigo_upz": "71", "nombre_upz": "TIBABUYES", "estrato": "Sin estrato", "zona": "URBANA", "caracter_media": "Académico", "lon": -74.106409999842299, "lat": 4.7549600004783432, "codigo_localidad": "11", "q_j": 281.54, "puntaje_2023": 281.54, "punt_global_2020": 255.1453719008264, "punt_global_2022": 258.66933884297521, "matricula_total": 1142.0, "demanda_total": 1503.0, "sobre_demanda_j": 1.3161120840630474, "n_hogares_muestra": 2573.0, "poblacion_expandida": 297101.99999610003, "tasa_pobreza_monetaria": 0.4456968888729736, "tasa_pobreza_extrema": 0.14904137082914709, "tasa_ipm": 0.054795271255709099, "ingreso_percapita_promedio": 644941.21802584687, "capacidad_pago_promedio": 0.45039245678102652, "tamano_hogar_promedio": 3.8630385426488738, "gasto_educ_promedio": 238418.55806301135, "tasa_deficit_cuantitativo": 0.0083614290907923997, "tasa_deficit_cualitativo": 0.14471337553185229, "tasa_deficit_habitacional": 0.15307480462264469, "pct_estrato_1": 0.0023181771173167, "pct_estrato_2": 0.85090759959245821, "pct_estrato_3": 0.14522010698267379, "pct_estrato_4": 0.0015541163075511, "pct_estrato_5": 0.0, "pct_estrato_6": 0.0, "s0_localidad": 0.52282970591970535, "dist_transmilenio_m": 1620.9072680138258, "dist_sitp_m": 46.322421419674335, "dist_parque_m": 39.327594157642764, "homicidios": 143.0, "lesiones_personales": 4117.0, "hurto_personas": 47285.0, "hurto_residencias": 5010.0, "hurto_automotores": 938.0, "hurto_bicicletas": 2774.0, "hurto_comercio": 12600.0, "hurto_entidades": 1324.0, "violencia_intrafam": 8047.0, "delitos_sexuales": 1387.0, "pct_no_oficial": 80.22, "n_sedes_total": 364, "n_sedes_no_oficial": 292 }, "geometry": { "type": "Point", "coordinates": [ -74.106409999842299, 4.754960000478343 ] } },
{ "type": "Feature", "properties": { "DANE12_EST": "111001801047", "id_establecimiento": "111001801047", "nombre_establecimiento": "COLEGIO GLORIA VALENCIA DE CASTAÑO (IED)", "nombre_localidad": "San Cristobal", "codigo_upz": "51", "nombre_upz": "LOS LIBERTADORES", "estrato": "No indica estrato", "zona": "URBANA", "caracter_media": "Académico", "lon": -74.087040000171655, "lat": 4.5318300001521665, "codigo_localidad": "04", "q_j": 234.5, "puntaje_2023": 249.41666666666666, "punt_global_2020": 244.98333333333332, "punt_global_2022": 246.92666666666662, "matricula_total": 925.0, "demanda_total": 1066.0, "sobre_demanda_j": 1.1524324324324324, "n_hogares_muestra": 2692.0, "poblacion_expandida": 77733.999996699989, "tasa_pobreza_monetaria": 0.52653769833454578, "tasa_pobreza_extrema": 0.1756566622209029, "tasa_ipm": 0.067361788036409895, "ingreso_percapita_promedio": 552249.07066018332, "capacidad_pago_promedio": 0.55247422117121425, "tamano_hogar_promedio": 3.6592377897750734, "gasto_educ_promedio": 168187.30175970253, "tasa_deficit_cuantitativo": 0.0051636119898246999, "tasa_deficit_cualitativo": 0.18674045249075361, "tasa_deficit_habitacional": 0.1919040644805784, "pct_estrato_1": 0.19496129335610379, "pct_estrato_2": 0.80181198873396431, "pct_estrato_3": 0.0, "pct_estrato_4": 0.0, "pct_estrato_5": 0.0, "pct_estrato_6": 0.0, "s0_localidad": 0.24275340378588084, "dist_transmilenio_m": 3586.0427695568014, "dist_sitp_m": 69.827976825024805, "dist_parque_m": 95.527761552652024, "homicidios": 113.0, "lesiones_personales": 2653.0, "hurto_personas": 11264.0, "hurto_residencias": 1302.0, "hurto_automotores": 438.0, "hurto_bicicletas": 251.0, "hurto_comercio": 3279.0, "hurto_entidades": 810.0, "violencia_intrafam": 4309.0, "delitos_sexuales": 811.0, "pct_no_oficial": 49.61, "n_sedes_total": 129, "n_sedes_no_oficial": 64 }, "geometry": { "type": "Point", "coordinates": [ -74.087040000171655, 4.531830000152167 ] } },
{ "type": "Feature", "properties": { "DANE12_EST": "111001801055", "id_establecimiento": "111001801055", "nombre_establecimiento": "COLEGIO ABEL RODRIGUEZ CESPEDES (IED)", "nombre_localidad": "Engativa", "codigo_upz": "73", "nombre_upz": "GARCES NAVAS", "estrato": "No indica estrato", "zona": "URBANA", "caracter_media": "Académico", "lon": -74.129670000238889, "lat": 4.7161100002906746, "codigo_localidad": "10", "q_j": 271.5, "puntaje_2023": 258.7833333333333, "punt_global_2020": 249.92666666666668, "punt_global_2022": 252.83, "matricula_total": 1015.0, "demanda_total": 1349.0, "sobre_demanda_j": 1.3290640394088671, "n_hogares_muestra": 2364.0, "poblacion_expandida": 167506.00000110001, "tasa_pobreza_monetaria": 0.22196427952584291, "tasa_pobreza_extrema": 0.075772470046545401, "tasa_ipm": 0.030551244534920498, "ingreso_percapita_promedio": 1231332.3061936938, "capacidad_pago_promedio": 0.1792359084671763, "tamano_hogar_promedio": 3.4970780660695926, "gasto_educ_promedio": 398876.46195647382, "tasa_deficit_cuantitativo": 0.0047428715329288001, "tasa_deficit_cualitativo": 0.093925001247099696, "tasa_deficit_habitacional": 0.098667872780028504, "pct_estrato_1": 0.0056796068421055999, "pct_estrato_2": 0.19212094725018, "pct_estrato_3": 0.70828178535467923, "pct_estrato_4": 0.093917660553035007, "pct_estrato_5": 0.0, "pct_estrato_6": 0.0, "s0_localidad": 0.45908732785239414, "dist_transmilenio_m": 2235.5826763841742, "dist_sitp_m": 108.47469812119986, "dist_parque_m": 123.31921408611032, "homicidios": 114.0, "lesiones_personales": 3260.0, "hurto_personas": 44584.0, "hurto_residencias": 4694.0, "hurto_automotores": 1548.0, "hurto_bicicletas": 2840.0, "hurto_comercio": 11724.0, "hurto_entidades": 1616.0, "violencia_intrafam": 6497.0, "delitos_sexuales": 1001.0, "pct_no_oficial": 73.15, "n_sedes_total": 257, "n_sedes_no_oficial": 188 }, "geometry": { "type": "Point", "coordinates": [ -74.129670000238889, 4.716110000290675 ] } },
{ "type": "Feature", "properties": { "DANE12_EST": "111001801071", "id_establecimiento": "111001801071", "nombre_establecimiento": "COLEGIO LUCILA RUBIO DE LAVERDE (IED)", "nombre_localidad": "Engativa", "codigo_upz": "73", "nombre_upz": "GARCES NAVAS", "estrato": "No indica estrato", "zona": "URBANA", "caracter_media": "Académico", "lon": -74.136429999719994, "lat": 4.7251499997178144, "codigo_localidad": "10", "q_j": 276.0, "puntaje_2023": 258.58866666666665, "punt_global_2020": 254.83533333333335, "punt_global_2022": 256.794, "matricula_total": 987.0, "demanda_total": 1340.0, "sobre_demanda_j": 1.3576494427558257, "n_hogares_muestra": 2364.0, "poblacion_expandida": 167506.00000110001, "tasa_pobreza_monetaria": 0.22196427952584291, "tasa_pobreza_extrema": 0.075772470046545401, "tasa_ipm": 0.030551244534920498, "ingreso_percapita_promedio": 1231332.3061936938, "capacidad_pago_promedio": 0.1792359084671763, "tamano_hogar_promedio": 3.4970780660695926, "gasto_educ_promedio": 398876.46195647382, "tasa_deficit_cuantitativo": 0.0047428715329288001, "tasa_deficit_cualitativo": 0.093925001247099696, "tasa_deficit_habitacional": 0.098667872780028504, "pct_estrato_1": 0.0056796068421055999, "pct_estrato_2": 0.19212094725018, "pct_estrato_3": 0.70828178535467923, "pct_estrato_4": 0.093917660553035007, "pct_estrato_5": 0.0, "pct_estrato_6": 0.0, "s0_localidad": 0.45908732785239414, "dist_transmilenio_m": 3339.9452458073952, "dist_sitp_m": 236.8022917002601, "dist_parque_m": 239.74833939192015, "homicidios": 114.0, "lesiones_personales": 3260.0, "hurto_personas": 44584.0, "hurto_residencias": 4694.0, "hurto_automotores": 1548.0, "hurto_bicicletas": 2840.0, "hurto_comercio": 11724.0, "hurto_entidades": 1616.0, "violencia_intrafam": 6497.0, "delitos_sexuales": 1001.0, "pct_no_oficial": 73.15, "n_sedes_total": 257, "n_sedes_no_oficial": 188 }, "geometry": { "type": "Point", "coordinates": [ -74.136429999719994, 4.725149999717814 ] } },
{ "type": "Feature", "properties": { "DANE12_EST": "111001801080", "id_establecimiento": "111001801080", "nombre_establecimiento": "COLEGIO ESMERALDA ARBOLEDA CADAVID (IED)", "nombre_localidad": "Bosa", "codigo_upz": "85", "nombre_upz": "BOSA CENTRAL", "estrato": "No indica estrato", "zona": "URBANA", "caracter_media": "Académico", "lon": -74.194470000208312, "lat": 4.6155999997207422, "codigo_localidad": "07", "q_j": 245.92, "puntaje_2023": 245.92, "punt_global_2020": 253.10338147489639, "punt_global_2022": 256.71862708099513, "matricula_total": 2882.0, "demanda_total": 3109.0, "sobre_demanda_j": 1.0787647467036781, "n_hogares_muestra": 2530.0, "poblacion_expandida": 236893.99999380001, "tasa_pobreza_monetaria": 0.57741222472278719, "tasa_pobreza_extrema": 0.2259702239533336, "tasa_ipm": 0.077274234200862393, "ingreso_percapita_promedio": 559243.48815241479, "capacidad_pago_promedio": 0.54172419916569725, "tamano_hogar_promedio": 3.6623812802853042, "gasto_educ_promedio": 133205.35666441551, "tasa_deficit_cuantitativo": 0.0140410598706048, "tasa_deficit_cualitativo": 0.15374357223675231, "tasa_deficit_habitacional": 0.16778463210735711, "pct_estrato_1": 0.010853917966547401, "pct_estrato_2": 0.98854682013655482, "pct_estrato_3": 0.00059926189689779997, "pct_estrato_4": 0.0, "pct_estrato_5": 0.0, "pct_estrato_6": 0.0, "s0_localidad": 0.27631916132375012, "dist_transmilenio_m": 2439.7619583627898, "dist_sitp_m": 136.38543563131455, "dist_parque_m": 178.69394692805415, "homicidios": 209.0, "lesiones_personales": 3464.0, "hurto_personas": 19664.0, "hurto_residencias": 2638.0, "hurto_automotores": 681.0, "hurto_bicicletas": 1403.0, "hurto_comercio": 5397.0, "hurto_entidades": 1643.0, "violencia_intrafam": 7523.0, "delitos_sexuales": 1159.0, "pct_no_oficial": 55.7, "n_sedes_total": 149, "n_sedes_no_oficial": 83 }, "geometry": { "type": "Point", "coordinates": [ -74.194470000208312, 4.615599999720742 ] } },
{ "type": "Feature", "properties": { "DANE12_EST": "111001801098", "id_establecimiento": "111001801098", "nombre_establecimiento": "COLEGIO CIUDADELA EL RECREO SONIA OSORIO DE SAINT-MALO (IED)", "nombre_localidad": "Bosa", "codigo_upz": "87", "nombre_upz": "TINTAL SUR", "estrato": "No indica estrato", "zona": "URBANA", "caracter_media": "Académico", "lon": -74.199160000102111, "lat": 4.6339500002198832, "codigo_localidad": "07", "q_j": 252.0, "puntaje_2023": 263.32428571428562, "punt_global_2020": 254.80007595498523, "punt_global_2022": 260.47348619835145, "matricula_total": 2063.0, "demanda_total": 2397.0, "sobre_demanda_j": 1.1619001454192923, "n_hogares_muestra": 2392.0, "poblacion_expandida": 110225.0000021, "tasa_pobreza_monetaria": 0.45206665391654038, "tasa_pobreza_extrema": 0.1571335105708325, "tasa_ipm": 0.074480271470570097, "ingreso_percapita_promedio": 552453.57518655877, "capacidad_pago_promedio": 0.46272393446158572, "tamano_hogar_promedio": 3.7183664572473711, "gasto_educ_promedio": 125393.3035398334, "tasa_deficit_cuantitativo": 0.0091994534586589006, "tasa_deficit_cualitativo": 0.086552744707808896, "tasa_deficit_habitacional": 0.095752198166467795, "pct_estrato_1": 0.27270370862986909, "pct_estrato_2": 0.72416740778842592, "pct_estrato_3": 0.0031288835817048998, "pct_estrato_4": 0.0, "pct_estrato_5": 0.0, "pct_estrato_6": 0.0, "s0_localidad": 0.27631916132375012, "dist_transmilenio_m": 2937.1477087082367, "dist_sitp_m": 59.469793103063196, "dist_parque_m": 258.48935233843446, "homicidios": 209.0, "lesiones_personales": 3464.0, "hurto_personas": 19664.0, "hurto_residencias": 2638.0, "hurto_automotores": 681.0, "hurto_bicicletas": 1403.0, "hurto_comercio": 5397.0, "hurto_entidades": 1643.0, "violencia_intrafam": 7523.0, "delitos_sexuales": 1159.0, "pct_no_oficial": 55.7, "n_sedes_total": 149, "n_sedes_no_oficial": 83 }, "geometry": { "type": "Point", "coordinates": [ -74.199160000102111, 4.633950000219883 ] } },
{ "type": "Feature", "properties": { "DANE12_EST": "111001801101", "id_establecimiento": "111001801101", "nombre_establecimiento": "COLEGIO LAURA HERRERA DE VARELA (IED)", "nombre_localidad": "Bosa", "codigo_upz": "84", "nombre_upz": "BOSA", "estrato": "No indica estrato", "zona": "URBANA", "caracter_media": "Académico", "lon": -74.186529999821104, "lat": 4.6300599999653986, "codigo_localidad": "07", "q_j": 252.5, "puntaje_2023": 264.20554945054943, "punt_global_2020": 256.05777630045571, "punt_global_2022": 260.56627715495142, "matricula_total": 2103.0, "demanda_total": 2361.0, "sobre_demanda_j": 1.1226818830242511, "n_hogares_muestra": 2513.0, "poblacion_expandida": 199171.00000289999, "tasa_pobreza_monetaria": 0.55229182370424579, "tasa_pobreza_extrema": 0.18795588750799519, "tasa_ipm": 0.0996822849647334, "ingreso_percapita_promedio": 536362.57885894692, "capacidad_pago_promedio": 0.54936289314562281, "tamano_hogar_promedio": 3.7633010092291874, "gasto_educ_promedio": 137178.08860508617, "tasa_deficit_cuantitativo": 0.0104317439329508, "tasa_deficit_cualitativo": 0.1768060546886206, "tasa_deficit_habitacional": 0.18723779862157139, "pct_estrato_1": 0.024261426971946901, "pct_estrato_2": 0.97537208657069263, "pct_estrato_3": 0.0, "pct_estrato_4": 0.0, "pct_estrato_5": 0.0, "pct_estrato_6": 0.0, "s0_localidad": 0.27631916132375012, "dist_transmilenio_m": 1494.9847742204643, "dist_sitp_m": 110.86944602668375, "dist_parque_m": 147.8189054624541, "homicidios": 209.0, "lesiones_personales": 3464.0, "hurto_personas": 19664.0, "hurto_residencias": 2638.0, "hurto_automotores": 681.0, "hurto_bicicletas": 1403.0, "hurto_comercio": 5397.0, "hurto_entidades": 1643.0, "violencia_intrafam": 7523.0, "delitos_sexuales": 1159.0, "pct_no_oficial": 55.7, "n_sedes_total": 149, "n_sedes_no_oficial": 83 }, "geometry": { "type": "Point", "coordinates": [ -74.186529999821104, 4.630059999965399 ] } },
{ "type": "Feature", "properties": { "DANE12_EST": "111001801276", "id_establecimiento": "111001801276", "nombre_establecimiento": "COLEGIO MARIA CURREA MANRIQUE (IED)", "nombre_localidad": "Ciudad Bolivar", "codigo_upz": "65", "nombre_upz": "ARBORIZADORA", "estrato": "No indica estrato", "zona": "URBANA", "caracter_media": "Académico", "lon": -74.153099999616458, "lat": 4.5814999998371535, "codigo_localidad": "19", "q_j": 258.49633333333338, "puntaje_2023": 260.86052631578951, "punt_global_2020": 249.13301361232752, "punt_global_2022": 254.28273940345369, "matricula_total": 224.0, "demanda_total": 248.0, "sobre_demanda_j": 1.1071428571428572, "n_hogares_muestra": 2418.0, "poblacion_expandida": 83274.999997599996, "tasa_pobreza_monetaria": 0.2812693059786856, "tasa_pobreza_extrema": 0.075905701257065999, "tasa_ipm": 0.030126392984356602, "ingreso_percapita_promedio": 993465.718329111, "capacidad_pago_promedio": 0.25161721027563949, "tamano_hogar_promedio": 3.6475263277244561, "gasto_educ_promedio": 280370.26319582987, "tasa_deficit_cuantitativo": 0.0065503031043617002, "tasa_deficit_cualitativo": 0.089042463830846005, "tasa_deficit_habitacional": 0.095592766935207699, "pct_estrato_1": 0.0136858269220395, "pct_estrato_2": 0.5267731856807476, "pct_estrato_3": 0.45750244429538289, "pct_estrato_4": 0.0020385431018298998, "pct_estrato_5": 0.0, "pct_estrato_6": 0.0, "s0_localidad": 0.24641727799438962, "dist_transmilenio_m": 1639.2231726192704, "dist_sitp_m": 131.27143181427397, "dist_parque_m": 110.97225134128941, "homicidios": 450.0, "lesiones_personales": 4378.0, "hurto_personas": 16269.0, "hurto_residencias": 1893.0, "hurto_automotores": 870.0, "hurto_bicicletas": 472.0, "hurto_comercio": 4561.0, "hurto_entidades": 1620.0, "violencia_intrafam": 8567.0, "delitos_sexuales": 1433.0, "pct_no_oficial": 44.59, "n_sedes_total": 148, "n_sedes_no_oficial": 66 }, "geometry": { "type": "Point", "coordinates": [ -74.153099999616458, 4.581499999837154 ] } },
{ "type": "Feature", "properties": { "DANE12_EST": "111001801314", "id_establecimiento": "111001801314", "nombre_establecimiento": "COLEGIO AGUDELO RESTREPO (IED)", "nombre_localidad": "Ciudad Bolivar", "codigo_upz": "69", "nombre_upz": "ISMAEL PERDOMO", "estrato": "No indica estrato", "zona": "URBANA", "caracter_media": "Académico", "lon": -74.162589999907269, "lat": 4.5864299998858291, "codigo_localidad": "19", "q_j": 276.0, "puntaje_2023": 258.88803095975231, "punt_global_2020": 247.06732693887272, "punt_global_2022": 250.075281651122, "matricula_total": 912.0, "demanda_total": 973.0, "sobre_demanda_j": 1.0668859649122806, "n_hogares_muestra": 2366.0, "poblacion_expandida": 164520.00000199999, "tasa_pobreza_monetaria": 0.51545916573346162, "tasa_pobreza_extrema": 0.16132286291926429, "tasa_ipm": 0.1120384549706778, "ingreso_percapita_promedio": 615523.9462379344, "capacidad_pago_promedio": 0.52716050758962851, "tamano_hogar_promedio": 3.8098645044388539, "gasto_educ_promedio": 155800.13389930749, "tasa_deficit_cuantitativo": 0.020936730408814198, "tasa_deficit_cualitativo": 0.1935707537570682, "tasa_deficit_habitacional": 0.2145074841658825, "pct_estrato_1": 0.44532129046930069, "pct_estrato_2": 0.4547796296212645, "pct_estrato_3": 0.099899079909434696, "pct_estrato_4": 0.0, "pct_estrato_5": 0.0, "pct_estrato_6": 0.0, "s0_localidad": 0.24641727799438962, "dist_transmilenio_m": 1073.4484575162974, "dist_sitp_m": 145.55016148281939, "dist_parque_m": 60.942172049658566, "homicidios": 450.0, "lesiones_personales": 4378.0, "hurto_personas": 16269.0, "hurto_residencias": 1893.0, "hurto_automotores": 870.0, "hurto_bicicletas": 472.0, "hurto_comercio": 4561.0, "hurto_entidades": 1620.0, "violencia_intrafam": 8567.0, "delitos_sexuales": 1433.0, "pct_no_oficial": 44.59, "n_sedes_total": 148, "n_sedes_no_oficial": 66 }, "geometry": { "type": "Point", "coordinates": [ -74.162589999907269, 4.586429999885829 ] } },
{ "type": "Feature", "properties": { "DANE12_EST": "111102000265", "id_establecimiento": "111102000265", "nombre_establecimiento": "COLEGIO LUIS LOPEZ DE MESA (IED)", "nombre_localidad": "Bosa", "codigo_upz": "85", "nombre_upz": "BOSA CENTRAL", "estrato": "Estrato 2", "zona": "URBANA", "caracter_media": "Técnico", "lon": -74.185840000258125, "lat": 4.6006099999908301, "codigo_localidad": "07", "q_j": 249.88333333333333, "puntaje_2023": 255.77, "punt_global_2020": 248.54, "punt_global_2022": 245.34, "matricula_total": 2740.0, "demanda_total": 3006.0, "sobre_demanda_j": 1.0970802919708029, "n_hogares_muestra": 2530.0, "poblacion_expandida": 236893.99999380001, "tasa_pobreza_monetaria": 0.57741222472278719, "tasa_pobreza_extrema": 0.2259702239533336, "tasa_ipm": 0.077274234200862393, "ingreso_percapita_promedio": 559243.48815241479, "capacidad_pago_promedio": 0.54172419916569725, "tamano_hogar_promedio": 3.6623812802853042, "gasto_educ_promedio": 133205.35666441551, "tasa_deficit_cuantitativo": 0.0140410598706048, "tasa_deficit_cualitativo": 0.15374357223675231, "tasa_deficit_habitacional": 0.16778463210735711, "pct_estrato_1": 0.010853917966547401, "pct_estrato_2": 0.98854682013655482, "pct_estrato_3": 0.00059926189689779997, "pct_estrato_4": 0.0, "pct_estrato_5": 0.0, "pct_estrato_6": 0.0, "s0_localidad": 0.27631916132375012, "dist_transmilenio_m": 657.97908139396884, "dist_sitp_m": 62.972137850516368, "dist_parque_m": 84.457132550805312, "homicidios": 209.0, "lesiones_personales": 3464.0, "hurto_personas": 19664.0, "hurto_residencias": 2638.0, "hurto_automotores": 681.0, "hurto_bicicletas": 1403.0, "hurto_comercio": 5397.0, "hurto_entidades": 1643.0, "violencia_intrafam": 7523.0, "delitos_sexuales": 1159.0, "pct_no_oficial": 55.7, "n_sedes_total": 149, "n_sedes_no_oficial": 83 }, "geometry": { "type": "Point", "coordinates": [ -74.185840000258125, 4.60060999999083 ] } },
{ "type": "Feature", "properties": { "DANE12_EST": "111102000281", "id_establecimiento": "111102000281", "nombre_establecimiento": "COLEGIO PABLO DE TARSO (IED)", "nombre_localidad": "Bosa", "codigo_upz": "85", "nombre_upz": "BOSA CENTRAL", "estrato": "Estrato 2", "zona": "URBANA", "caracter_media": "Académico", "lon": -74.187430000344705, "lat": 4.6037699997156372, "codigo_localidad": "07", "q_j": 246.21, "puntaje_2023": 256.12, "punt_global_2020": 239.65, "punt_global_2022": 242.86, "matricula_total": 2833.0, "demanda_total": 3274.0, "sobre_demanda_j": 1.1556653723967525, "n_hogares_muestra": 2530.0, "poblacion_expandida": 236893.99999380001, "tasa_pobreza_monetaria": 0.57741222472278719, "tasa_pobreza_extrema": 0.2259702239533336, "tasa_ipm": 0.077274234200862393, "ingreso_percapita_promedio": 559243.48815241479, "capacidad_pago_promedio": 0.54172419916569725, "tamano_hogar_promedio": 3.6623812802853042, "gasto_educ_promedio": 133205.35666441551, "tasa_deficit_cuantitativo": 0.0140410598706048, "tasa_deficit_cualitativo": 0.15374357223675231, "tasa_deficit_habitacional": 0.16778463210735711, "pct_estrato_1": 0.010853917966547401, "pct_estrato_2": 0.98854682013655482, "pct_estrato_3": 0.00059926189689779997, "pct_estrato_4": 0.0, "pct_estrato_5": 0.0, "pct_estrato_6": 0.0, "s0_localidad": 0.27631916132375012, "dist_transmilenio_m": 1023.1424316571441, "dist_sitp_m": 147.07845216335764, "dist_parque_m": 135.26472505201008, "homicidios": 209.0, "lesiones_personales": 3464.0, "hurto_personas": 19664.0, "hurto_residencias": 2638.0, "hurto_automotores": 681.0, "hurto_bicicletas": 1403.0, "hurto_comercio": 5397.0, "hurto_entidades": 1643.0, "violencia_intrafam": 7523.0, "delitos_sexuales": 1159.0, "pct_no_oficial": 55.7, "n_sedes_total": 149, "n_sedes_no_oficial": 83 }, "geometry": { "type": "Point", "coordinates": [ -74.187430000344705, 4.603769999715637 ] } },
{ "type": "Feature", "properties": { "DANE12_EST": "111102000621", "id_establecimiento": "111102000621", "nombre_establecimiento": "COLEGIO FRANCISCO DE PAULA SANTANDER (IED)", "nombre_localidad": "Bosa", "codigo_upz": "85", "nombre_upz": "BOSA CENTRAL", "estrato": "Estrato 2", "zona": "URBANA", "caracter_media": "Académico", "lon": -74.184810000038198, "lat": 4.6108500004015731, "codigo_localidad": "07", "q_j": 263.69333333333333, "puntaje_2023": 269.94, "punt_global_2020": 260.35, "punt_global_2022": 260.79, "matricula_total": 1359.0, "demanda_total": 1459.0, "sobre_demanda_j": 1.0735835172921266, "n_hogares_muestra": 2530.0, "poblacion_expandida": 236893.99999380001, "tasa_pobreza_monetaria": 0.57741222472278719, "tasa_pobreza_extrema": 0.2259702239533336, "tasa_ipm": 0.077274234200862393, "ingreso_percapita_promedio": 559243.48815241479, "capacidad_pago_promedio": 0.54172419916569725, "tamano_hogar_promedio": 3.6623812802853042, "gasto_educ_promedio": 133205.35666441551, "tasa_deficit_cuantitativo": 0.0140410598706048, "tasa_deficit_cualitativo": 0.15374357223675231, "tasa_deficit_habitacional": 0.16778463210735711, "pct_estrato_1": 0.010853917966547401, "pct_estrato_2": 0.98854682013655482, "pct_estrato_3": 0.00059926189689779997, "pct_estrato_4": 0.0, "pct_estrato_5": 0.0, "pct_estrato_6": 0.0, "s0_localidad": 0.27631916132375012, "dist_transmilenio_m": 1602.5514356542228, "dist_sitp_m": 95.883909012090044, "dist_parque_m": 102.5632087380158, "homicidios": 209.0, "lesiones_personales": 3464.0, "hurto_personas": 19664.0, "hurto_residencias": 2638.0, "hurto_automotores": 681.0, "hurto_bicicletas": 1403.0, "hurto_comercio": 5397.0, "hurto_entidades": 1643.0, "violencia_intrafam": 7523.0, "delitos_sexuales": 1159.0, "pct_no_oficial": 55.7, "n_sedes_total": 149, "n_sedes_no_oficial": 83 }, "geometry": { "type": "Point", "coordinates": [ -74.184810000038198, 4.610850000401573 ] } },
{ "type": "Feature", "properties": { "DANE12_EST": "111102000753", "id_establecimiento": "111102000753", "nombre_establecimiento": "COLEGIO FERNANDO MAZUERA VILLEGAS (IED)", "nombre_localidad": "Bosa", "codigo_upz": "85", "nombre_upz": "BOSA CENTRAL", "estrato": "Estrato 2", "zona": "URBANA", "caracter_media": "Técnico", "lon": -74.190669999894027, "lat": 4.6068999998160249, "codigo_localidad": "07", "q_j": 258.83, "puntaje_2023": 266.73, "punt_global_2020": 252.54, "punt_global_2022": 257.22, "matricula_total": 5147.0, "demanda_total": 5810.0, "sobre_demanda_j": 1.1288129007188654, "n_hogares_muestra": 2530.0, "poblacion_expandida": 236893.99999380001, "tasa_pobreza_monetaria": 0.57741222472278719, "tasa_pobreza_extrema": 0.2259702239533336, "tasa_ipm": 0.077274234200862393, "ingreso_percapita_promedio": 559243.48815241479, "capacidad_pago_promedio": 0.54172419916569725, "tamano_hogar_promedio": 3.6623812802853042, "gasto_educ_promedio": 133205.35666441551, "tasa_deficit_cuantitativo": 0.0140410598706048, "tasa_deficit_cualitativo": 0.15374357223675231, "tasa_deficit_habitacional": 0.16778463210735711, "pct_estrato_1": 0.010853917966547401, "pct_estrato_2": 0.98854682013655482, "pct_estrato_3": 0.00059926189689779997, "pct_estrato_4": 0.0, "pct_estrato_5": 0.0, "pct_estrato_6": 0.0, "s0_localidad": 0.27631916132375012, "dist_transmilenio_m": 1397.4438964446906, "dist_sitp_m": 77.479292500626769, "dist_parque_m": 75.412882175293475, "homicidios": 209.0, "lesiones_personales": 3464.0, "hurto_personas": 19664.0, "hurto_residencias": 2638.0, "hurto_automotores": 681.0, "hurto_bicicletas": 1403.0, "hurto_comercio": 5397.0, "hurto_entidades": 1643.0, "violencia_intrafam": 7523.0, "delitos_sexuales": 1159.0, "pct_no_oficial": 55.7, "n_sedes_total": 149, "n_sedes_no_oficial": 83 }, "geometry": { "type": "Point", "coordinates": [ -74.190669999894027, 4.606899999816025 ] } },
{ "type": "Feature", "properties": { "DANE12_EST": "111102000958", "id_establecimiento": "111102000958", "nombre_establecimiento": "COLEGIO PORFIRIO BARBA JACOB (IED)", "nombre_localidad": "Bosa", "codigo_upz": "85", "nombre_upz": "BOSA CENTRAL", "estrato": "Estrato 2", "zona": "URBANA", "caracter_media": "Académico", "lon": -74.193409999851141, "lat": 4.6117900000381571, "codigo_localidad": "07", "q_j": 245.17, "puntaje_2023": 246.73, "punt_global_2020": 240.61, "punt_global_2022": 248.17, "matricula_total": 1949.0, "demanda_total": 2074.0, "sobre_demanda_j": 1.0641354540790149, "n_hogares_muestra": 2530.0, "poblacion_expandida": 236893.99999380001, "tasa_pobreza_monetaria": 0.57741222472278719, "tasa_pobreza_extrema": 0.2259702239533336, "tasa_ipm": 0.077274234200862393, "ingreso_percapita_promedio": 559243.48815241479, "capacidad_pago_promedio": 0.54172419916569725, "tamano_hogar_promedio": 3.6623812802853042, "gasto_educ_promedio": 133205.35666441551, "tasa_deficit_cuantitativo": 0.0140410598706048, "tasa_deficit_cualitativo": 0.15374357223675231, "tasa_deficit_habitacional": 0.16778463210735711, "pct_estrato_1": 0.010853917966547401, "pct_estrato_2": 0.98854682013655482, "pct_estrato_3": 0.00059926189689779997, "pct_estrato_4": 0.0, "pct_estrato_5": 0.0, "pct_estrato_6": 0.0, "s0_localidad": 0.27631916132375012, "dist_transmilenio_m": 2000.2565795725407, "dist_sitp_m": 105.32849911182495, "dist_parque_m": 197.51752311974477, "homicidios": 209.0, "lesiones_personales": 3464.0, "hurto_personas": 19664.0, "hurto_residencias": 2638.0, "hurto_automotores": 681.0, "hurto_bicicletas": 1403.0, "hurto_comercio": 5397.0, "hurto_entidades": 1643.0, "violencia_intrafam": 7523.0, "delitos_sexuales": 1159.0, "pct_no_oficial": 55.7, "n_sedes_total": 149, "n_sedes_no_oficial": 83 }, "geometry": { "type": "Point", "coordinates": [ -74.193409999851141, 4.611790000038157 ] } },
{ "type": "Feature", "properties": { "DANE12_EST": "111265000017", "id_establecimiento": "111265000017", "nombre_establecimiento": "COLEGIO LA PALESTINA (IED)", "nombre_localidad": "Engativa", "codigo_upz": "30", "nombre_upz": "BOYACA REAL", "estrato": "Sin estrato", "zona": "URBANA", "caracter_media": "Académico", "lon": -74.093570000397321, "lat": 4.6971800004160214, "codigo_localidad": "10", "q_j": 284.84666666666669, "puntaje_2023": 290.77, "punt_global_2020": 278.41, "punt_global_2022": 285.36, "matricula_total": 1295.0, "demanda_total": 1419.0, "sobre_demanda_j": 1.0957528957528957, "n_hogares_muestra": 2323.0, "poblacion_expandida": 128077.9999945, "tasa_pobreza_monetaria": 0.21316985174169201, "tasa_pobreza_extrema": 0.087713598514049404, "tasa_ipm": 0.0197830925311826, "ingreso_percapita_promedio": 1221231.8086073501, "capacidad_pago_promedio": 0.12322486766484279, "tamano_hogar_promedio": 3.3229911651882169, "gasto_educ_promedio": 371577.38622723561, "tasa_deficit_cuantitativo": 0.0, "tasa_deficit_cualitativo": 0.064302304466447496, "tasa_deficit_habitacional": 0.064302304466447496, "pct_estrato_1": 0.0, "pct_estrato_2": 0.0071695178855027998, "pct_estrato_3": 0.97261072684418381, "pct_estrato_4": 0.016956639453249201, "pct_estrato_5": 0.0, "pct_estrato_6": 0.0032631158170641, "s0_localidad": 0.45908732785239414, "dist_transmilenio_m": 184.44066233881367, "dist_sitp_m": 72.634374101188982, "dist_parque_m": 132.00888729765114, "homicidios": 114.0, "lesiones_personales": 3260.0, "hurto_personas": 44584.0, "hurto_residencias": 4694.0, "hurto_automotores": 1548.0, "hurto_bicicletas": 2840.0, "hurto_comercio": 11724.0, "hurto_entidades": 1616.0, "violencia_intrafam": 6497.0, "delitos_sexuales": 1001.0, "pct_no_oficial": 73.15, "n_sedes_total": 257, "n_sedes_no_oficial": 188 }, "geometry": { "type": "Point", "coordinates": [ -74.093570000397321, 4.697180000416021 ] } },
{ "type": "Feature", "properties": { "DANE12_EST": "111265000025", "id_establecimiento": "111265000025", "nombre_establecimiento": "COLEGIO GENERAL SANTANDER (IED)", "nombre_localidad": "Engativa", "codigo_upz": "74", "nombre_upz": "ENGATIVA", "estrato": "Estrato 2", "zona": "URBANA", "caracter_media": "Académico", "lon": -74.140440000096561, "lat": 4.7165100004812865, "codigo_localidad": "10", "q_j": 256.16, "puntaje_2023": 259.54, "punt_global_2020": 254.85, "punt_global_2022": 254.09, "matricula_total": 3863.0, "demanda_total": 4379.0, "sobre_demanda_j": 1.1335749417551126, "n_hogares_muestra": 2238.0, "poblacion_expandida": 141623.00000239999, "tasa_pobreza_monetaria": 0.4166244586931509, "tasa_pobreza_extrema": 0.1232293367666569, "tasa_ipm": 0.085926135151026095, "ingreso_percapita_promedio": 671310.97978140996, "capacidad_pago_promedio": 0.34682334106301671, "tamano_hogar_promedio": 3.6287148311396535, "gasto_educ_promedio": 179680.37483502133, "tasa_deficit_cuantitativo": 0.0158805037688926, "tasa_deficit_cualitativo": 0.16491889197943971, "tasa_deficit_habitacional": 0.1807993957483324, "pct_estrato_1": 0.0066518779137854003, "pct_estrato_2": 0.95038461933880158, "pct_estrato_3": 0.042963502747413097, "pct_estrato_4": 0.0, "pct_estrato_5": 0.0, "pct_estrato_6": 0.0, "s0_localidad": 0.45908732785239414, "dist_transmilenio_m": 3399.3799787497896, "dist_sitp_m": 73.721077080704205, "dist_parque_m": 222.86085164933147, "homicidios": 114.0, "lesiones_personales": 3260.0, "hurto_personas": 44584.0, "hurto_residencias": 4694.0, "hurto_automotores": 1548.0, "hurto_bicicletas": 2840.0, "hurto_comercio": 11724.0, "hurto_entidades": 1616.0, "violencia_intrafam": 6497.0, "delitos_sexuales": 1001.0, "pct_no_oficial": 73.15, "n_sedes_total": 257, "n_sedes_no_oficial": 188 }, "geometry": { "type": "Point", "coordinates": [ -74.140440000096561, 4.716510000481287 ] } },
{ "type": "Feature", "properties": { "DANE12_EST": "111265000343", "id_establecimiento": "111265000343", "nombre_establecimiento": "COLEGIO ANTONIO VILLAVICENCIO (IED)", "nombre_localidad": "Engativa", "codigo_upz": "74", "nombre_upz": "ENGATIVA", "estrato": "Estrato 2", "zona": "URBANA", "caracter_media": "Académico", "lon": -74.134239999583784, "lat": 4.7050999998182164, "codigo_localidad": "10", "q_j": 239.84666666666666, "puntaje_2023": 255.92, "punt_global_2020": 223.13, "punt_global_2022": 240.49, "matricula_total": 1588.0, "demanda_total": 1882.0, "sobre_demanda_j": 1.1851385390428211, "n_hogares_muestra": 2238.0, "poblacion_expandida": 141623.00000239999, "tasa_pobreza_monetaria": 0.4166244586931509, "tasa_pobreza_extrema": 0.1232293367666569, "tasa_ipm": 0.085926135151026095, "ingreso_percapita_promedio": 671310.97978140996, "capacidad_pago_promedio": 0.34682334106301671, "tamano_hogar_promedio": 3.6287148311396535, "gasto_educ_promedio": 179680.37483502133, "tasa_deficit_cuantitativo": 0.0158805037688926, "tasa_deficit_cualitativo": 0.16491889197943971, "tasa_deficit_habitacional": 0.1807993957483324, "pct_estrato_1": 0.0066518779137854003, "pct_estrato_2": 0.95038461933880158, "pct_estrato_3": 0.042963502747413097, "pct_estrato_4": 0.0, "pct_estrato_5": 0.0, "pct_estrato_6": 0.0, "s0_localidad": 0.45908732785239414, "dist_transmilenio_m": 2682.2285104188873, "dist_sitp_m": 78.403475275672406, "dist_parque_m": 93.35501859222741, "homicidios": 114.0, "lesiones_personales": 3260.0, "hurto_personas": 44584.0, "hurto_residencias": 4694.0, "hurto_automotores": 1548.0, "hurto_bicicletas": 2840.0, "hurto_comercio": 11724.0, "hurto_entidades": 1616.0, "violencia_intrafam": 6497.0, "delitos_sexuales": 1001.0, "pct_no_oficial": 73.15, "n_sedes_total": 257, "n_sedes_no_oficial": 188 }, "geometry": { "type": "Point", "coordinates": [ -74.134239999583784, 4.705099999818216 ] } },
{ "type": "Feature", "properties": { "DANE12_EST": "111265000394", "id_establecimiento": "111265000394", "nombre_establecimiento": "COLEGIO SIMON BOLIVAR (IED)", "nombre_localidad": "Engativa", "codigo_upz": "29", "nombre_upz": "EL MINUTO DE DIOS", "estrato": "Estrato 3", "zona": "URBANA", "caracter_media": "Académico", "lon": -74.099830000286232, "lat": 4.7114799999675396, "codigo_localidad": "10", "q_j": 261.59, "puntaje_2023": 261.87, "punt_global_2020": 259.5, "punt_global_2022": 263.4, "matricula_total": 1433.0, "demanda_total": 1608.0, "sobre_demanda_j": 1.1221214235868806, "n_hogares_muestra": 2166.0, "poblacion_expandida": 110558.9999976, "tasa_pobreza_monetaria": 0.26925903660168982, "tasa_pobreza_extrema": 0.097532512609865105, "tasa_ipm": 0.032849686395307803, "ingreso_percapita_promedio": 931557.49899179663, "capacidad_pago_promedio": 0.2136129795540179, "tamano_hogar_promedio": 3.3385683072225012, "gasto_educ_promedio": 241862.34593798919, "tasa_deficit_cuantitativo": 0.0077472086028147003, "tasa_deficit_cualitativo": 0.079993850503278605, "tasa_deficit_habitacional": 0.087741059106093297, "pct_estrato_1": 0.017953244973661901, "pct_estrato_2": 0.31938856027882417, "pct_estrato_3": 0.66218723013765712, "pct_estrato_4": 0.00047096460985649998, "pct_estrato_5": 0.0, "pct_estrato_6": 0.0, "s0_localidad": 0.45908732785239414, "dist_transmilenio_m": 921.93301777249928, "dist_sitp_m": 154.88427927889398, "dist_parque_m": 18.867446795951892, "homicidios": 114.0, "lesiones_personales": 3260.0, "hurto_personas": 44584.0, "hurto_residencias": 4694.0, "hurto_automotores": 1548.0, "hurto_bicicletas": 2840.0, "hurto_comercio": 11724.0, "hurto_entidades": 1616.0, "violencia_intrafam": 6497.0, "delitos_sexuales": 1001.0, "pct_no_oficial": 73.15, "n_sedes_total": 257, "n_sedes_no_oficial": 188 }, "geometry": { "type": "Point", "coordinates": [ -74.099830000286232, 4.71147999996754 ] } },
{ "type": "Feature", "properties": { "DANE12_EST": "111265000408", "id_establecimiento": "111265000408", "nombre_establecimiento": "COLEGIO NIDIA QUINTERO DE TURBAY (IED)", "nombre_localidad": "Engativa", "codigo_upz": "30", "nombre_upz": "BOYACA REAL", "estrato": "Estrato 3", "zona": "URBANA", "caracter_media": "Académico", "lon": -74.108159999762449, "lat": 4.7019900003618131, "codigo_localidad": "10", "q_j": 271.48, "puntaje_2023": 274.23, "punt_global_2020": 266.79, "punt_global_2022": 273.42, "matricula_total": 1343.0, "demanda_total": 1451.0, "sobre_demanda_j": 1.0804169769173493, "n_hogares_muestra": 2323.0, "poblacion_expandida": 128077.9999945, "tasa_pobreza_monetaria": 0.21316985174169201, "tasa_pobreza_extrema": 0.087713598514049404, "tasa_ipm": 0.0197830925311826, "ingreso_percapita_promedio": 1221231.8086073501, "capacidad_pago_promedio": 0.12322486766484279, "tamano_hogar_promedio": 3.3229911651882169, "gasto_educ_promedio": 371577.38622723561, "tasa_deficit_cuantitativo": 0.0, "tasa_deficit_cualitativo": 0.064302304466447496, "tasa_deficit_habitacional": 0.064302304466447496, "pct_estrato_1": 0.0, "pct_estrato_2": 0.0071695178855027998, "pct_estrato_3": 0.97261072684418381, "pct_estrato_4": 0.016956639453249201, "pct_estrato_5": 0.0, "pct_estrato_6": 0.0032631158170641, "s0_localidad": 0.45908732785239414, "dist_transmilenio_m": 496.81855578661788, "dist_sitp_m": 47.921922593198857, "dist_parque_m": 136.39865780006079, "homicidios": 114.0, "lesiones_personales": 3260.0, "hurto_personas": 44584.0, "hurto_residencias": 4694.0, "hurto_automotores": 1548.0, "hurto_bicicletas": 2840.0, "hurto_comercio": 11724.0, "hurto_entidades": 1616.0, "violencia_intrafam": 6497.0, "delitos_sexuales": 1001.0, "pct_no_oficial": 73.15, "n_sedes_total": 257, "n_sedes_no_oficial": 188 }, "geometry": { "type": "Point", "coordinates": [ -74.108159999762449, 4.701990000361813 ] } },
{ "type": "Feature", "properties": { "DANE12_EST": "111279000061", "id_establecimiento": "111279000061", "nombre_establecimiento": "COLEGIO ANTONIO VAN UDEN (IED)", "nombre_localidad": "Fontibon", "codigo_upz": "76", "nombre_upz": "FONTIBON SAN PABLO", "estrato": "Estrato 3", "zona": "URBANA", "caracter_media": "Académico", "lon": -74.158649999850908, "lat": 4.6889400002916055, "codigo_localidad": "09", "q_j": 247.79666666666665, "puntaje_2023": 250.32, "punt_global_2020": 242.11, "punt_global_2022": 250.96, "matricula_total": 2274.0, "demanda_total": 2538.0, "sobre_demanda_j": 1.1160949868073879, "n_hogares_muestra": 2644.0, "poblacion_expandida": 34600.000000100001, "tasa_pobreza_monetaria": 0.42298496683692782, "tasa_pobreza_extrema": 0.078106038069138406, "tasa_ipm": 0.060159349930461903, "ingreso_percapita_promedio": 681057.23304552166, "capacidad_pago_promedio": 0.4207820128195931, "tamano_hogar_promedio": 3.6705448857870802, "gasto_educ_promedio": 154005.50180545257, "tasa_deficit_cuantitativo": 0.0044417649999871, "tasa_deficit_cualitativo": 0.18006367247346799, "tasa_deficit_habitacional": 0.1845054374734551, "pct_estrato_1": 0.0, "pct_estrato_2": 0.73713254163370767, "pct_estrato_3": 0.26174062175935908, "pct_estrato_4": 0.0011268366069330999, "pct_estrato_5": 0.0, "pct_estrato_6": 0.0, "s0_localidad": 0.52286271730123679, "dist_transmilenio_m": 4207.8194993329544, "dist_sitp_m": 181.38404637247913, "dist_parque_m": 181.60760824531673, "homicidios": 46.0, "lesiones_personales": 1556.0, "hurto_personas": 27767.0, "hurto_residencias": 1782.0, "hurto_automotores": 452.0, "hurto_bicicletas": 1473.0, "hurto_comercio": 7516.0, "hurto_entidades": 505.0, "violencia_intrafam": 3285.0, "delitos_sexuales": 468.0, "pct_no_oficial": 77.55, "n_sedes_total": 98, "n_sedes_no_oficial": 76 }, "geometry": { "type": "Point", "coordinates": [ -74.158649999850908, 4.688940000291606 ] } },
{ "type": "Feature", "properties": { "DANE12_EST": "111279000125", "id_establecimiento": "111279000125", "nombre_establecimiento": "COLEGIO VILLEMAR EL CARMEN (IED)", "nombre_localidad": "Fontibon", "codigo_upz": "75", "nombre_upz": "FONTIBON", "estrato": "Estrato 3", "zona": "URBANA", "caracter_media": "Académico", "lon": -74.139209999860086, "lat": 4.6728399998772296, "codigo_localidad": "09", "q_j": 274.56, "puntaje_2023": 272.38, "punt_global_2020": 277.85, "punt_global_2022": 273.45, "matricula_total": 3069.0, "demanda_total": 3412.0, "sobre_demanda_j": 1.111762789182144, "n_hogares_muestra": 2481.0, "poblacion_expandida": 137089.00000279999, "tasa_pobreza_monetaria": 0.2732523578050382, "tasa_pobreza_extrema": 0.0526171585156553, "tasa_ipm": 0.0431018882884791, "ingreso_percapita_promedio": 991938.62909651082, "capacidad_pago_promedio": 0.25608602748785791, "tamano_hogar_promedio": 3.539451453940794, "gasto_educ_promedio": 301934.03012095386, "tasa_deficit_cuantitativo": 0.013057241696733, "tasa_deficit_cualitativo": 0.10214813066558209, "tasa_deficit_habitacional": 0.11520537236231509, "pct_estrato_1": 0.0, "pct_estrato_2": 0.025691278669536299, "pct_estrato_3": 0.9719013841386156, "pct_estrato_4": 0.002407337191848, "pct_estrato_5": 0.0, "pct_estrato_6": 0.0, "s0_localidad": 0.52286271730123679, "dist_transmilenio_m": 2202.3367416920682, "dist_sitp_m": 174.91945802052982, "dist_parque_m": 79.172186626224956, "homicidios": 46.0, "lesiones_personales": 1556.0, "hurto_personas": 27767.0, "hurto_residencias": 1782.0, "hurto_automotores": 452.0, "hurto_bicicletas": 1473.0, "hurto_comercio": 7516.0, "hurto_entidades": 505.0, "violencia_intrafam": 3285.0, "delitos_sexuales": 468.0, "pct_no_oficial": 77.55, "n_sedes_total": 98, "n_sedes_no_oficial": 76 }, "geometry": { "type": "Point", "coordinates": [ -74.139209999860086, 4.67283999987723 ] } },
{ "type": "Feature", "properties": { "DANE12_EST": "111279000168", "id_establecimiento": "111279000168", "nombre_establecimiento": "COLEGIO INSTITUTO TECNICO INTERNACIONAL (IED)", "nombre_localidad": "Fontibon", "codigo_upz": "75", "nombre_upz": "FONTIBON", "estrato": "Estrato 3", "zona": "URBANA", "caracter_media": "Técnico", "lon": -74.145220000402048, "lat": 4.6867400002009356, "codigo_localidad": "09", "q_j": 261.92666666666668, "puntaje_2023": 265.44, "punt_global_2020": 261.93, "punt_global_2022": 258.41, "matricula_total": 3082.0, "demanda_total": 3301.0, "sobre_demanda_j": 1.0710577547047371, "n_hogares_muestra": 2481.0, "poblacion_expandida": 137089.00000279999, "tasa_pobreza_monetaria": 0.2732523578050382, "tasa_pobreza_extrema": 0.0526171585156553, "tasa_ipm": 0.0431018882884791, "ingreso_percapita_promedio": 991938.62909651082, "capacidad_pago_promedio": 0.25608602748785791, "tamano_hogar_promedio": 3.539451453940794, "gasto_educ_promedio": 301934.03012095386, "tasa_deficit_cuantitativo": 0.013057241696733, "tasa_deficit_cualitativo": 0.10214813066558209, "tasa_deficit_habitacional": 0.11520537236231509, "pct_estrato_1": 0.0, "pct_estrato_2": 0.025691278669536299, "pct_estrato_3": 0.9719013841386156, "pct_estrato_4": 0.002407337191848, "pct_estrato_5": 0.0, "pct_estrato_6": 0.0, "s0_localidad": 0.52286271730123679, "dist_transmilenio_m": 2700.6773471699726, "dist_sitp_m": 109.73744161557686, "dist_parque_m": 228.91693444960902, "homicidios": 46.0, "lesiones_personales": 1556.0, "hurto_personas": 27767.0, "hurto_residencias": 1782.0, "hurto_automotores": 452.0, "hurto_bicicletas": 1473.0, "hurto_comercio": 7516.0, "hurto_entidades": 505.0, "violencia_intrafam": 3285.0, "delitos_sexuales": 468.0, "pct_no_oficial": 77.55, "n_sedes_total": 98, "n_sedes_no_oficial": 76 }, "geometry": { "type": "Point", "coordinates": [ -74.145220000402048, 4.686740000200936 ] } },
{ "type": "Feature", "properties": { "DANE12_EST": "111279000184", "id_establecimiento": "111279000184", "nombre_establecimiento": "COLEGIO LUIS ANGEL ARANGO (IED)", "nombre_localidad": "Fontibon", "codigo_upz": "75", "nombre_upz": "FONTIBON", "estrato": "Estrato 3", "zona": "URBANA", "caracter_media": "Académico", "lon": -74.138039999898055, "lat": 4.6821300004623803, "codigo_localidad": "09", "q_j": 277.05333333333334, "puntaje_2023": 280.38, "punt_global_2020": 273.58, "punt_global_2022": 277.2, "matricula_total": 1056.0, "demanda_total": 1138.0, "sobre_demanda_j": 1.0776515151515151, "n_hogares_muestra": 2481.0, "poblacion_expandida": 137089.00000279999, "tasa_pobreza_monetaria": 0.2732523578050382, "tasa_pobreza_extrema": 0.0526171585156553, "tasa_ipm": 0.0431018882884791, "ingreso_percapita_promedio": 991938.62909651082, "capacidad_pago_promedio": 0.25608602748785791, "tamano_hogar_promedio": 3.539451453940794, "gasto_educ_promedio": 301934.03012095386, "tasa_deficit_cuantitativo": 0.013057241696733, "tasa_deficit_cualitativo": 0.10214813066558209, "tasa_deficit_habitacional": 0.11520537236231509, "pct_estrato_1": 0.0, "pct_estrato_2": 0.025691278669536299, "pct_estrato_3": 0.9719013841386156, "pct_estrato_4": 0.002407337191848, "pct_estrato_5": 0.0, "pct_estrato_6": 0.0, "s0_localidad": 0.52286271730123679, "dist_transmilenio_m": 1845.1941361649872, "dist_sitp_m": 88.202994615300767, "dist_parque_m": 183.91675617368463, "homicidios": 46.0, "lesiones_personales": 1556.0, "hurto_personas": 27767.0, "hurto_residencias": 1782.0, "hurto_automotores": 452.0, "hurto_bicicletas": 1473.0, "hurto_comercio": 7516.0, "hurto_entidades": 505.0, "violencia_intrafam": 3285.0, "delitos_sexuales": 468.0, "pct_no_oficial": 77.55, "n_sedes_total": 98, "n_sedes_no_oficial": 76 }, "geometry": { "type": "Point", "coordinates": [ -74.138039999898055, 4.68213000046238 ] } },
{ "type": "Feature", "properties": { "DANE12_EST": "111279000362", "id_establecimiento": "111279000362", "nombre_establecimiento": "COLEGIO COSTA RICA (IED)", "nombre_localidad": "Fontibon", "codigo_upz": "75", "nombre_upz": "FONTIBON", "estrato": "Estrato 3", "zona": "URBANA", "caracter_media": "Académico", "lon": -74.137999999715078, "lat": 4.6793599998871223, "codigo_localidad": "09", "q_j": 251.28333333333333, "puntaje_2023": 258.06, "punt_global_2020": 241.75, "punt_global_2022": 254.04, "matricula_total": 2140.0, "demanda_total": 2538.0, "sobre_demanda_j": 1.185981308411215, "n_hogares_muestra": 2481.0, "poblacion_expandida": 137089.00000279999, "tasa_pobreza_monetaria": 0.2732523578050382, "tasa_pobreza_extrema": 0.0526171585156553, "tasa_ipm": 0.0431018882884791, "ingreso_percapita_promedio": 991938.62909651082, "capacidad_pago_promedio": 0.25608602748785791, "tamano_hogar_promedio": 3.539451453940794, "gasto_educ_promedio": 301934.03012095386, "tasa_deficit_cuantitativo": 0.013057241696733, "tasa_deficit_cualitativo": 0.10214813066558209, "tasa_deficit_habitacional": 0.11520537236231509, "pct_estrato_1": 0.0, "pct_estrato_2": 0.025691278669536299, "pct_estrato_3": 0.9719013841386156, "pct_estrato_4": 0.002407337191848, "pct_estrato_5": 0.0, "pct_estrato_6": 0.0, "s0_localidad": 0.52286271730123679, "dist_transmilenio_m": 1857.0131114980163, "dist_sitp_m": 100.36540032772939, "dist_parque_m": 147.59976743152637, "homicidios": 46.0, "lesiones_personales": 1556.0, "hurto_personas": 27767.0, "hurto_residencias": 1782.0, "hurto_automotores": 452.0, "hurto_bicicletas": 1473.0, "hurto_comercio": 7516.0, "hurto_entidades": 505.0, "violencia_intrafam": 3285.0, "delitos_sexuales": 468.0, "pct_no_oficial": 77.55, "n_sedes_total": 98, "n_sedes_no_oficial": 76 }, "geometry": { "type": "Point", "coordinates": [ -74.137999999715078, 4.679359999887122 ] } },
{ "type": "Feature", "properties": { "DANE12_EST": "111279000966", "id_establecimiento": "111279000966", "nombre_establecimiento": "COLEGIO INTEGRADO DE FONTIBON IBEP (IED)", "nombre_localidad": "Fontibon", "codigo_upz": "75", "nombre_upz": "FONTIBON", "estrato": "Estrato 3", "zona": "URBANA", "caracter_media": "Académico", "lon": -74.147419999685695, "lat": 4.6782500005555265, "codigo_localidad": "09", "q_j": 241.83666666666667, "puntaje_2023": 248.79, "punt_global_2020": 241.62, "punt_global_2022": 235.1, "matricula_total": 3512.0, "demanda_total": 4120.0, "sobre_demanda_j": 1.173120728929385, "n_hogares_muestra": 2481.0, "poblacion_expandida": 137089.00000279999, "tasa_pobreza_monetaria": 0.2732523578050382, "tasa_pobreza_extrema": 0.0526171585156553, "tasa_ipm": 0.0431018882884791, "ingreso_percapita_promedio": 991938.62909651082, "capacidad_pago_promedio": 0.25608602748785791, "tamano_hogar_promedio": 3.539451453940794, "gasto_educ_promedio": 301934.03012095386, "tasa_deficit_cuantitativo": 0.013057241696733, "tasa_deficit_cualitativo": 0.10214813066558209, "tasa_deficit_habitacional": 0.11520537236231509, "pct_estrato_1": 0.0, "pct_estrato_2": 0.025691278669536299, "pct_estrato_3": 0.9719013841386156, "pct_estrato_4": 0.002407337191848, "pct_estrato_5": 0.0, "pct_estrato_6": 0.0, "s0_localidad": 0.52286271730123679, "dist_transmilenio_m": 2908.1385455670379, "dist_sitp_m": 83.549145477485553, "dist_parque_m": 154.80875676175259, "homicidios": 46.0, "lesiones_personales": 1556.0, "hurto_personas": 27767.0, "hurto_residencias": 1782.0, "hurto_automotores": 452.0, "hurto_bicicletas": 1473.0, "hurto_comercio": 7516.0, "hurto_entidades": 505.0, "violencia_intrafam": 3285.0, "delitos_sexuales": 468.0, "pct_no_oficial": 77.55, "n_sedes_total": 98, "n_sedes_no_oficial": 76 }, "geometry": { "type": "Point", "coordinates": [ -74.147419999685695, 4.678250000555527 ] } },
{ "type": "Feature", "properties": { "DANE12_EST": "111279001296", "id_establecimiento": "111279001296", "nombre_establecimiento": "COLEGIO ATAHUALPA (IED)", "nombre_localidad": "Fontibon", "codigo_upz": "75", "nombre_upz": "FONTIBON", "estrato": "Estrato 3", "zona": "URBANA", "caracter_media": "Académico", "lon": -74.148389999631164, "lat": 4.6882700001144686, "codigo_localidad": "09", "q_j": 260.38666666666666, "puntaje_2023": 267.69, "punt_global_2020": 246.71, "punt_global_2022": 266.76, "matricula_total": 1208.0, "demanda_total": 1332.0, "sobre_demanda_j": 1.1026490066225165, "n_hogares_muestra": 2481.0, "poblacion_expandida": 137089.00000279999, "tasa_pobreza_monetaria": 0.2732523578050382, "tasa_pobreza_extrema": 0.0526171585156553, "tasa_ipm": 0.0431018882884791, "ingreso_percapita_promedio": 991938.62909651082, "capacidad_pago_promedio": 0.25608602748785791, "tamano_hogar_promedio": 3.539451453940794, "gasto_educ_promedio": 301934.03012095386, "tasa_deficit_cuantitativo": 0.013057241696733, "tasa_deficit_cualitativo": 0.10214813066558209, "tasa_deficit_habitacional": 0.11520537236231509, "pct_estrato_1": 0.0, "pct_estrato_2": 0.025691278669536299, "pct_estrato_3": 0.9719013841386156, "pct_estrato_4": 0.002407337191848, "pct_estrato_5": 0.0, "pct_estrato_6": 0.0, "s0_localidad": 0.52286271730123679, "dist_transmilenio_m": 3081.3282298599788, "dist_sitp_m": 94.87130965628198, "dist_parque_m": 70.250737956391902, "homicidios": 46.0, "lesiones_personales": 1556.0, "hurto_personas": 27767.0, "hurto_residencias": 1782.0, "hurto_automotores": 452.0, "hurto_bicicletas": 1473.0, "hurto_comercio": 7516.0, "hurto_entidades": 505.0, "violencia_intrafam": 3285.0, "delitos_sexuales": 468.0, "pct_no_oficial": 77.55, "n_sedes_total": 98, "n_sedes_no_oficial": 76 }, "geometry": { "type": "Point", "coordinates": [ -74.148389999631164, 4.688270000114469 ] } },
{ "type": "Feature", "properties": { "DANE12_EST": "111769000174", "id_establecimiento": "111769000174", "nombre_establecimiento": "COLEGIO FILARMONICO SIMON BOLIVAR (IED)", "nombre_localidad": "Suba", "codigo_upz": "27", "nombre_upz": "SUBA", "estrato": "Estrato 3", "zona": "URBANA", "caracter_media": "Académico", "lon": -74.084169999619888, "lat": 4.7413700001937338, "codigo_localidad": "11", "q_j": 257.59666666666664, "puntaje_2023": 265.38, "punt_global_2020": 248.54, "punt_global_2022": 258.87, "matricula_total": 1833.0, "demanda_total": 2212.0, "sobre_demanda_j": 1.2067648663393344, "n_hogares_muestra": 2347.0, "poblacion_expandida": 181377.9999961, "tasa_pobreza_monetaria": 0.21019493076238441, "tasa_pobreza_extrema": 0.052294965438498299, "tasa_ipm": 0.032099177767563797, "ingreso_percapita_promedio": 1248597.3131651781, "capacidad_pago_promedio": 0.15789570815543111, "tamano_hogar_promedio": 3.4033946989683046, "gasto_educ_promedio": 480968.98612228886, "tasa_deficit_cuantitativo": 0.0016685693094338999, "tasa_deficit_cualitativo": 0.069259667220225696, "tasa_deficit_habitacional": 0.070928236529659697, "pct_estrato_1": 0.0, "pct_estrato_2": 0.33841391230810691, "pct_estrato_3": 0.61759745221090001, "pct_estrato_4": 0.043988635480993001, "pct_estrato_5": 0.0, "pct_estrato_6": 0.0, "s0_localidad": 0.52282970591970535, "dist_transmilenio_m": 413.54086338537252, "dist_sitp_m": 38.461671099550614, "dist_parque_m": 65.489148092103179, "homicidios": 143.0, "lesiones_personales": 4117.0, "hurto_personas": 47285.0, "hurto_residencias": 5010.0, "hurto_automotores": 938.0, "hurto_bicicletas": 2774.0, "hurto_comercio": 12600.0, "hurto_entidades": 1324.0, "violencia_intrafam": 8047.0, "delitos_sexuales": 1387.0, "pct_no_oficial": 80.22, "n_sedes_total": 364, "n_sedes_no_oficial": 292 }, "geometry": { "type": "Point", "coordinates": [ -74.084169999619888, 4.741370000193734 ] } },
{ "type": "Feature", "properties": { "DANE12_EST": "111769000956", "id_establecimiento": "111769000956", "nombre_establecimiento": "COLEGIO PRADO VERANIEGO (IED)", "nombre_localidad": "Suba", "codigo_upz": "19", "nombre_upz": "EL PRADO", "estrato": "Estrato 3", "zona": "URBANA", "caracter_media": "Académico", "lon": -74.05452999968378, "lat": 4.7169400001381963, "codigo_localidad": "11", "q_j": 272.17, "puntaje_2023": 278.77, "punt_global_2020": 267.49, "punt_global_2022": 270.25, "matricula_total": 1466.0, "demanda_total": 1624.0, "sobre_demanda_j": 1.1077762619372442, "n_hogares_muestra": 2328.0, "poblacion_expandida": 104663.0000055, "tasa_pobreza_monetaria": 0.093341197841516302, "tasa_pobreza_extrema": 0.042048974277143998, "tasa_ipm": 0.0109252833431098, "ingreso_percapita_promedio": 2739435.1355945584, "capacidad_pago_promedio": 0.071235820316713605, "tamano_hogar_promedio": 3.1607805944652427, "gasto_educ_promedio": 1010343.8034544172, "tasa_deficit_cuantitativo": 0.0063163285388844002, "tasa_deficit_cualitativo": 0.038685050282212703, "tasa_deficit_habitacional": 0.045001378821097102, "pct_estrato_1": 0.0, "pct_estrato_2": 0.0, "pct_estrato_3": 0.36899365767721659, "pct_estrato_4": 0.48805924894390251, "pct_estrato_5": 0.14246511607747189, "pct_estrato_6": 0.0004819773014087, "s0_localidad": 0.52282970591970535, "dist_transmilenio_m": 343.32502522224479, "dist_sitp_m": 163.34686070424846, "dist_parque_m": 276.61457609159356, "homicidios": 143.0, "lesiones_personales": 4117.0, "hurto_personas": 47285.0, "hurto_residencias": 5010.0, "hurto_automotores": 938.0, "hurto_bicicletas": 2774.0, "hurto_comercio": 12600.0, "hurto_entidades": 1324.0, "violencia_intrafam": 8047.0, "delitos_sexuales": 1387.0, "pct_no_oficial": 80.22, "n_sedes_total": 364, "n_sedes_no_oficial": 292 }, "geometry": { "type": "Point", "coordinates": [ -74.05452999968378, 4.716940000138196 ] } },
{ "type": "Feature", "properties": { "DANE12_EST": "111769001502", "id_establecimiento": "111769001502", "nombre_establecimiento": "COLEGIO ANIBAL FERNANDEZ DE SOTO (IED)", "nombre_localidad": "Suba", "codigo_upz": "19", "nombre_upz": "EL PRADO", "estrato": "Estrato 3", "zona": "URBANA", "caracter_media": "Académico", "lon": -74.057339999961101, "lat": 4.7230699999050199, "codigo_localidad": "11", "q_j": 277.84333333333331, "puntaje_2023": 280.49, "punt_global_2020": 264.37, "punt_global_2022": 288.67, "matricula_total": 1402.0, "demanda_total": 1592.0, "sobre_demanda_j": 1.1355206847360912, "n_hogares_muestra": 2328.0, "poblacion_expandida": 104663.0000055, "tasa_pobreza_monetaria": 0.093341197841516302, "tasa_pobreza_extrema": 0.042048974277143998, "tasa_ipm": 0.0109252833431098, "ingreso_percapita_promedio": 2739435.1355945584, "capacidad_pago_promedio": 0.071235820316713605, "tamano_hogar_promedio": 3.1607805944652427, "gasto_educ_promedio": 1010343.8034544172, "tasa_deficit_cuantitativo": 0.0063163285388844002, "tasa_deficit_cualitativo": 0.038685050282212703, "tasa_deficit_habitacional": 0.045001378821097102, "pct_estrato_1": 0.0, "pct_estrato_2": 0.0, "pct_estrato_3": 0.36899365767721659, "pct_estrato_4": 0.48805924894390251, "pct_estrato_5": 0.14246511607747189, "pct_estrato_6": 0.0004819773014087, "s0_localidad": 0.52282970591970535, "dist_transmilenio_m": 685.49530019428016, "dist_sitp_m": 106.33545903968252, "dist_parque_m": 171.44446121350177, "homicidios": 143.0, "lesiones_personales": 4117.0, "hurto_personas": 47285.0, "hurto_residencias": 5010.0, "hurto_automotores": 938.0, "hurto_bicicletas": 2774.0, "hurto_comercio": 12600.0, "hurto_entidades": 1324.0, "violencia_intrafam": 8047.0, "delitos_sexuales": 1387.0, "pct_no_oficial": 80.22, "n_sedes_total": 364, "n_sedes_no_oficial": 292 }, "geometry": { "type": "Point", "coordinates": [ -74.057339999961101, 4.72306999990502 ] } },
{ "type": "Feature", "properties": { "DANE12_EST": "111769001871", "id_establecimiento": "111769001871", "nombre_establecimiento": "COLEGIO NUEVA ZELANDIA (IED)", "nombre_localidad": "Suba", "codigo_upz": "17", "nombre_upz": "SAN JOSE DE BAVARIA", "estrato": "Estrato 3", "zona": "URBANA", "caracter_media": "Académico", "lon": -74.049649999819167, "lat": 4.7591799998837274, "codigo_localidad": "11", "q_j": 266.56, "puntaje_2023": 264.23, "punt_global_2020": 268.64, "punt_global_2022": 266.81, "matricula_total": 1537.0, "demanda_total": 1741.0, "sobre_demanda_j": 1.132726089785296, "n_hogares_muestra": null, "poblacion_expandida": 106473.3333333, "tasa_pobreza_monetaria": 0.23121262005280196, "tasa_pobreza_extrema": 0.049599386270267769, "tasa_ipm": 0.03617818202892157, "ingreso_percapita_promedio": 1437433.4578834723, "capacidad_pago_promedio": 0.21502702138092733, "tamano_hogar_promedio": 3.394552062295956, "gasto_educ_promedio": 512808.53575198055, "tasa_deficit_cuantitativo": 0.0056961617113908333, "tasa_deficit_cualitativo": 0.1045553602361316, "tasa_deficit_habitacional": 0.11025152194752245, "pct_estrato_1": 0.047636782962464062, "pct_estrato_2": 0.18572694477181231, "pct_estrato_3": 0.47436608149500747, "pct_estrato_4": 0.27285628324578876, "pct_estrato_5": 0.018716083545961302, "pct_estrato_6": 0.0, "s0_localidad": 0.52282970591970535, "dist_transmilenio_m": 645.28210778784899, "dist_sitp_m": 332.27862162702331, "dist_parque_m": 68.83405545345579, "homicidios": 143.0, "lesiones_personales": 4117.0, "hurto_personas": 47285.0, "hurto_residencias": 5010.0, "hurto_automotores": 938.0, "hurto_bicicletas": 2774.0, "hurto_comercio": 12600.0, "hurto_entidades": 1324.0, "violencia_intrafam": 8047.0, "delitos_sexuales": 1387.0, "pct_no_oficial": 80.22, "n_sedes_total": 364, "n_sedes_no_oficial": 292 }, "geometry": { "type": "Point", "coordinates": [ -74.049649999819167, 4.759179999883727 ] } },
{ "type": "Feature", "properties": { "DANE12_EST": "111769003122", "id_establecimiento": "111769003122", "nombre_establecimiento": "COLEGIO VILLA ELISA (IED)", "nombre_localidad": "Suba", "codigo_upz": "28", "nombre_upz": "EL RINCON", "estrato": "Estrato 3", "zona": "URBANA", "caracter_media": "Académico", "lon": -74.087889999568219, "lat": 4.7324000001062423, "codigo_localidad": "11", "q_j": 261.45333333333332, "puntaje_2023": 265.89, "punt_global_2020": 250.69, "punt_global_2022": 267.78, "matricula_total": 1972.0, "demanda_total": 2220.0, "sobre_demanda_j": 1.1257606490872212, "n_hogares_muestra": 2382.0, "poblacion_expandida": 288983.99999600003, "tasa_pobreza_monetaria": 0.39372393871312911, "tasa_pobreza_extrema": 0.1074366146223657, "tasa_ipm": 0.060527870641426902, "ingreso_percapita_promedio": 736885.83955951873, "capacidad_pago_promedio": 0.35341762880994682, "tamano_hogar_promedio": 3.5256419863051338, "gasto_educ_promedio": 229243.80352093693, "tasa_deficit_cuantitativo": 0.0020934378962445999, "tasa_deficit_cualitativo": 0.1305752875097663, "tasa_deficit_habitacional": 0.13266872540601099, "pct_estrato_1": 0.0094350357315205, "pct_estrato_2": 0.61616858753240555, "pct_estrato_3": 0.36319133631914841, "pct_estrato_4": 0.0, "pct_estrato_5": 0.0, "pct_estrato_6": 0.0, "s0_localidad": 0.52282970591970535, "dist_transmilenio_m": 733.63352541138613, "dist_sitp_m": 146.89450461874014, "dist_parque_m": 8.1033712398009516, "homicidios": 143.0, "lesiones_personales": 4117.0, "hurto_personas": 47285.0, "hurto_residencias": 5010.0, "hurto_automotores": 938.0, "hurto_bicicletas": 2774.0, "hurto_comercio": 12600.0, "hurto_entidades": 1324.0, "violencia_intrafam": 8047.0, "delitos_sexuales": 1387.0, "pct_no_oficial": 80.22, "n_sedes_total": 364, "n_sedes_no_oficial": 292 }, "geometry": { "type": "Point", "coordinates": [ -74.087889999568219, 4.732400000106242 ] } },
{ "type": "Feature", "properties": { "DANE12_EST": "111769003360", "id_establecimiento": "111769003360", "nombre_establecimiento": "COLEGIO REPUBLICA DOMINICANA (IED)", "nombre_localidad": "Suba", "codigo_upz": "71", "nombre_upz": "TIBABUYES", "estrato": "Estrato 2", "zona": "URBANA", "caracter_media": "Académico", "lon": -74.108969999874347, "lat": 4.7392600002620737, "codigo_localidad": "11", "q_j": 254.92333333333332, "puntaje_2023": 259.69, "punt_global_2020": 249.33, "punt_global_2022": 255.75, "matricula_total": 5089.0, "demanda_total": 5687.0, "sobre_demanda_j": 1.1175083513460404, "n_hogares_muestra": 2573.0, "poblacion_expandida": 297101.99999610003, "tasa_pobreza_monetaria": 0.4456968888729736, "tasa_pobreza_extrema": 0.14904137082914709, "tasa_ipm": 0.054795271255709099, "ingreso_percapita_promedio": 644941.21802584687, "capacidad_pago_promedio": 0.45039245678102652, "tamano_hogar_promedio": 3.8630385426488738, "gasto_educ_promedio": 238418.55806301135, "tasa_deficit_cuantitativo": 0.0083614290907923997, "tasa_deficit_cualitativo": 0.14471337553185229, "tasa_deficit_habitacional": 0.15307480462264469, "pct_estrato_1": 0.0023181771173167, "pct_estrato_2": 0.85090759959245821, "pct_estrato_3": 0.14522010698267379, "pct_estrato_4": 0.0015541163075511, "pct_estrato_5": 0.0, "pct_estrato_6": 0.0, "s0_localidad": 0.52282970591970535, "dist_transmilenio_m": 1831.9570935044242, "dist_sitp_m": 76.337459465525868, "dist_parque_m": 159.50159511653857, "homicidios": 143.0, "lesiones_personales": 4117.0, "hurto_personas": 47285.0, "hurto_residencias": 5010.0, "hurto_automotores": 938.0, "hurto_bicicletas": 2774.0, "hurto_comercio": 12600.0, "hurto_entidades": 1324.0, "violencia_intrafam": 8047.0, "delitos_sexuales": 1387.0, "pct_no_oficial": 80.22, "n_sedes_total": 364, "n_sedes_no_oficial": 292 }, "geometry": { "type": "Point", "coordinates": [ -74.108969999874347, 4.739260000262074 ] } },
{ "type": "Feature", "properties": { "DANE12_EST": "111769003416", "id_establecimiento": "111769003416", "nombre_establecimiento": "COLEGIO JUAN LOZANO Y LOZANO (IED)", "nombre_localidad": "Suba", "codigo_upz": "28", "nombre_upz": "EL RINCON", "estrato": "Estrato 2", "zona": "URBANA", "caracter_media": "Académico", "lon": -74.093039999769573, "lat": 4.7409000001854844, "codigo_localidad": "11", "q_j": 254.87666666666667, "puntaje_2023": 265.01, "punt_global_2020": 247.39, "punt_global_2022": 252.23, "matricula_total": 3457.0, "demanda_total": 4080.0, "sobre_demanda_j": 1.1802140584321665, "n_hogares_muestra": 2382.0, "poblacion_expandida": 288983.99999600003, "tasa_pobreza_monetaria": 0.39372393871312911, "tasa_pobreza_extrema": 0.1074366146223657, "tasa_ipm": 0.060527870641426902, "ingreso_percapita_promedio": 736885.83955951873, "capacidad_pago_promedio": 0.35341762880994682, "tamano_hogar_promedio": 3.5256419863051338, "gasto_educ_promedio": 229243.80352093693, "tasa_deficit_cuantitativo": 0.0020934378962445999, "tasa_deficit_cualitativo": 0.1305752875097663, "tasa_deficit_habitacional": 0.13266872540601099, "pct_estrato_1": 0.0094350357315205, "pct_estrato_2": 0.61616858753240555, "pct_estrato_3": 0.36319133631914841, "pct_estrato_4": 0.0, "pct_estrato_5": 0.0, "pct_estrato_6": 0.0, "s0_localidad": 0.52282970591970535, "dist_transmilenio_m": 282.06127203959829, "dist_sitp_m": 166.75973462572736, "dist_parque_m": 76.656904756869565, "homicidios": 143.0, "lesiones_personales": 4117.0, "hurto_personas": 47285.0, "hurto_residencias": 5010.0, "hurto_automotores": 938.0, "hurto_bicicletas": 2774.0, "hurto_comercio": 12600.0, "hurto_entidades": 1324.0, "violencia_intrafam": 8047.0, "delitos_sexuales": 1387.0, "pct_no_oficial": 80.22, "n_sedes_total": 364, "n_sedes_no_oficial": 292 }, "geometry": { "type": "Point", "coordinates": [ -74.093039999769573, 4.740900000185484 ] } },
{ "type": "Feature", "properties": { "DANE12_EST": "111769003424", "id_establecimiento": "111769003424", "nombre_establecimiento": "COLEGIO GERARDO PAREDES (IED)", "nombre_localidad": "Suba", "codigo_upz": "28", "nombre_upz": "EL RINCON", "estrato": "Estrato 2", "zona": "URBANA", "caracter_media": "Académico", "lon": -74.093649999864951, "lat": 4.7258799997134986, "codigo_localidad": "11", "q_j": 239.47666666666666, "puntaje_2023": 245.0, "punt_global_2020": 238.45, "punt_global_2022": 234.98, "matricula_total": 5230.0, "demanda_total": 6708.0, "sobre_demanda_j": 1.2826003824091778, "n_hogares_muestra": 2382.0, "poblacion_expandida": 288983.99999600003, "tasa_pobreza_monetaria": 0.39372393871312911, "tasa_pobreza_extrema": 0.1074366146223657, "tasa_ipm": 0.060527870641426902, "ingreso_percapita_promedio": 736885.83955951873, "capacidad_pago_promedio": 0.35341762880994682, "tamano_hogar_promedio": 3.5256419863051338, "gasto_educ_promedio": 229243.80352093693, "tasa_deficit_cuantitativo": 0.0020934378962445999, "tasa_deficit_cualitativo": 0.1305752875097663, "tasa_deficit_habitacional": 0.13266872540601099, "pct_estrato_1": 0.0094350357315205, "pct_estrato_2": 0.61616858753240555, "pct_estrato_3": 0.36319133631914841, "pct_estrato_4": 0.0, "pct_estrato_5": 0.0, "pct_estrato_6": 0.0, "s0_localidad": 0.52282970591970535, "dist_transmilenio_m": 1628.5526763011617, "dist_sitp_m": 33.746996200235174, "dist_parque_m": 341.74358149161628, "homicidios": 143.0, "lesiones_personales": 4117.0, "hurto_personas": 47285.0, "hurto_residencias": 5010.0, "hurto_automotores": 938.0, "hurto_bicicletas": 2774.0, "hurto_comercio": 12600.0, "hurto_entidades": 1324.0, "violencia_intrafam": 8047.0, "delitos_sexuales": 1387.0, "pct_no_oficial": 80.22, "n_sedes_total": 364, "n_sedes_no_oficial": 292 }, "geometry": { "type": "Point", "coordinates": [ -74.093649999864951, 4.725879999713499 ] } },
{ "type": "Feature", "properties": { "DANE12_EST": "111769004188", "id_establecimiento": "111769004188", "nombre_establecimiento": "COLEGIO HUNZA (IED)", "nombre_localidad": "Suba", "codigo_upz": "28", "nombre_upz": "EL RINCON", "estrato": "Estrato 2", "zona": "URBANA", "caracter_media": "Sin información", "lon": -74.083150000344006, "lat": 4.7233299999990166, "codigo_localidad": "11", "q_j": 251.54666666666665, "puntaje_2023": 255.24, "punt_global_2020": 251.76, "punt_global_2022": 247.64, "matricula_total": 1706.0, "demanda_total": 1831.0, "sobre_demanda_j": 1.0732708089097303, "n_hogares_muestra": 2382.0, "poblacion_expandida": 288983.99999600003, "tasa_pobreza_monetaria": 0.39372393871312911, "tasa_pobreza_extrema": 0.1074366146223657, "tasa_ipm": 0.060527870641426902, "ingreso_percapita_promedio": 736885.83955951873, "capacidad_pago_promedio": 0.35341762880994682, "tamano_hogar_promedio": 3.5256419863051338, "gasto_educ_promedio": 229243.80352093693, "tasa_deficit_cuantitativo": 0.0020934378962445999, "tasa_deficit_cualitativo": 0.1305752875097663, "tasa_deficit_habitacional": 0.13266872540601099, "pct_estrato_1": 0.0094350357315205, "pct_estrato_2": 0.61616858753240555, "pct_estrato_3": 0.36319133631914841, "pct_estrato_4": 0.0, "pct_estrato_5": 0.0, "pct_estrato_6": 0.0, "s0_localidad": 0.52282970591970535, "dist_transmilenio_m": 962.83978814054251, "dist_sitp_m": 331.17676970347509, "dist_parque_m": 78.029411438544443, "homicidios": 143.0, "lesiones_personales": 4117.0, "hurto_personas": 47285.0, "hurto_residencias": 5010.0, "hurto_automotores": 938.0, "hurto_bicicletas": 2774.0, "hurto_comercio": 12600.0, "hurto_entidades": 1324.0, "violencia_intrafam": 8047.0, "delitos_sexuales": 1387.0, "pct_no_oficial": 80.22, "n_sedes_total": 364, "n_sedes_no_oficial": 292 }, "geometry": { "type": "Point", "coordinates": [ -74.083150000344006, 4.723329999999017 ] } },
{ "type": "Feature", "properties": { "DANE12_EST": "111848002662", "id_establecimiento": "111848002662", "nombre_establecimiento": "COLEGIO USAQUEN (IED)", "nombre_localidad": "Usaquen", "codigo_upz": "15", "nombre_upz": "COUNTRY CLUB", "estrato": "Estrato 6", "zona": "URBANA", "caracter_media": "Académico", "lon": -74.034630000283727, "lat": 4.7072099998385113, "codigo_localidad": "01", "q_j": 265.80666666666662, "puntaje_2023": 265.46, "punt_global_2020": 259.88, "punt_global_2022": 272.08, "matricula_total": 1833.0, "demanda_total": 2184.0, "sobre_demanda_j": 1.1914893617021276, "n_hogares_muestra": null, "poblacion_expandida": 128723.9999975, "tasa_pobreza_monetaria": 0.2827421697368544, "tasa_pobreza_extrema": 0.0529029950206042, "tasa_ipm": 0.049010722297493203, "ingreso_percapita_promedio": 1102998.6224623476, "capacidad_pago_promedio": 0.29139413861229041, "tamano_hogar_promedio": 3.4788079827770808, "gasto_educ_promedio": 430644.86864861392, "tasa_deficit_cuantitativo": 0.0074946427559642002, "tasa_deficit_cualitativo": 0.12019643744368171, "tasa_deficit_habitacional": 0.1276910801996459, "pct_estrato_1": 0.070897998289186498, "pct_estrato_2": 0.24280752355125801, "pct_estrato_3": 0.52903677945777472, "pct_estrato_4": 0.1082964924052293, "pct_estrato_5": 0.0266078202554808, "pct_estrato_6": 0.0, "s0_localidad": 0.64146949244746554, "dist_transmilenio_m": 2148.2647485923071, "dist_sitp_m": 208.35301591687275, "dist_parque_m": 99.345051160807841, "homicidios": 93.0, "lesiones_personales": 1898.0, "hurto_personas": 34039.0, "hurto_residencias": 3332.0, "hurto_automotores": 363.0, "hurto_bicicletas": 1238.0, "hurto_comercio": 8366.0, "hurto_entidades": 408.0, "violencia_intrafam": 3095.0, "delitos_sexuales": 602.0, "pct_no_oficial": 78.79, "n_sedes_total": 132, "n_sedes_no_oficial": 104 }, "geometry": { "type": "Point", "coordinates": [ -74.034630000283727, 4.707209999838511 ] } },
{ "type": "Feature", "properties": { "DANE12_EST": "111848002671", "id_establecimiento": "111848002671", "nombre_establecimiento": "COLEGIO UNION COLOMBIA (IED)", "nombre_localidad": "Usaquen", "codigo_upz": "9", "nombre_upz": "VERBENAL", "estrato": "Estrato 3", "zona": "URBANA", "caracter_media": "Académico", "lon": -74.027469999871215, "lat": 4.7593499999880517, "codigo_localidad": "01", "q_j": 253.13555555555556, "puntaje_2023": 253.99333333333334, "punt_global_2020": 252.48166666666665, "punt_global_2022": 252.9316666666667, "matricula_total": 1240.0, "demanda_total": 1397.0, "sobre_demanda_j": 1.1266129032258065, "n_hogares_muestra": 2513.0, "poblacion_expandida": 128723.9999975, "tasa_pobreza_monetaria": 0.2827421697368544, "tasa_pobreza_extrema": 0.0529029950206042, "tasa_ipm": 0.049010722297493203, "ingreso_percapita_promedio": 1102998.6224623476, "capacidad_pago_promedio": 0.29139413861229041, "tamano_hogar_promedio": 3.4788079827770808, "gasto_educ_promedio": 430644.86864861392, "tasa_deficit_cuantitativo": 0.0074946427559642002, "tasa_deficit_cualitativo": 0.12019643744368171, "tasa_deficit_habitacional": 0.1276910801996459, "pct_estrato_1": 0.070897998289186498, "pct_estrato_2": 0.26411417362387962, "pct_estrato_3": 0.52903677945777472, "pct_estrato_4": 0.1082964924052293, "pct_estrato_5": 0.0266078202554808, "pct_estrato_6": 0.0, "s0_localidad": 0.64146949244746554, "dist_transmilenio_m": 1932.4070507923523, "dist_sitp_m": 103.12924795571438, "dist_parque_m": 182.24400231602917, "homicidios": 93.0, "lesiones_personales": 1898.0, "hurto_personas": 34039.0, "hurto_residencias": 3332.0, "hurto_automotores": 363.0, "hurto_bicicletas": 1238.0, "hurto_comercio": 8366.0, "hurto_entidades": 408.0, "violencia_intrafam": 3095.0, "delitos_sexuales": 602.0, "pct_no_oficial": 78.79, "n_sedes_total": 132, "n_sedes_no_oficial": 104 }, "geometry": { "type": "Point", "coordinates": [ -74.027469999871215, 4.759349999988052 ] } },
{ "type": "Feature", "properties": { "DANE12_EST": "111848002689", "id_establecimiento": "111848002689", "nombre_establecimiento": "COLEGIO DIVINO MAESTRO (IED)", "nombre_localidad": "Usaquen", "codigo_upz": "11", "nombre_upz": "SAN CRISTOBAL NORTE", "estrato": "Estrato 3", "zona": "URBANA", "caracter_media": "Académico", "lon": -74.02774000020797, "lat": 4.7399600001050519, "codigo_localidad": "01", "q_j": 253.50666666666666, "puntaje_2023": 250.06, "punt_global_2020": 248.35, "punt_global_2022": 262.11, "matricula_total": 2507.0, "demanda_total": 2812.0, "sobre_demanda_j": 1.1216593538093338, "n_hogares_muestra": 2557.0, "poblacion_expandida": 71662.000005300011, "tasa_pobreza_monetaria": 0.43001058263544051, "tasa_pobreza_extrema": 0.17804437798912059, "tasa_ipm": 0.062497211038887598, "ingreso_percapita_promedio": 903931.279899752, "capacidad_pago_promedio": 0.4078833059325474, "tamano_hogar_promedio": 3.5481923659721271, "gasto_educ_promedio": 337571.6916232683, "tasa_deficit_cuantitativo": 0.017050542467550799, "tasa_deficit_cualitativo": 0.1682438770353647, "tasa_deficit_habitacional": 0.1852944195029155, "pct_estrato_1": 0.097879406057341897, "pct_estrato_2": 0.2215008734786364, "pct_estrato_3": 0.65497842011566254, "pct_estrato_4": 0.010975616864472499, "pct_estrato_5": 0.0146656834838864, "pct_estrato_6": 0.0, "s0_localidad": 0.64146949244746554, "dist_transmilenio_m": 2255.6430085828893, "dist_sitp_m": 44.775705295583343, "dist_parque_m": 90.054630717186825, "homicidios": 93.0, "lesiones_personales": 1898.0, "hurto_personas": 34039.0, "hurto_residencias": 3332.0, "hurto_automotores": 363.0, "hurto_bicicletas": 1238.0, "hurto_comercio": 8366.0, "hurto_entidades": 408.0, "violencia_intrafam": 3095.0, "delitos_sexuales": 602.0, "pct_no_oficial": 78.79, "n_sedes_total": 132, "n_sedes_no_oficial": 104 }, "geometry": { "type": "Point", "coordinates": [ -74.02774000020797, 4.739960000105052 ] } },
{ "type": "Feature", "properties": { "DANE12_EST": "111848003031", "id_establecimiento": "111848003031", "nombre_establecimiento": "COLEGIO CRISTOBAL COLON (IED)", "nombre_localidad": "Usaquen", "codigo_upz": "11", "nombre_upz": "SAN CRISTOBAL NORTE", "estrato": "Estrato 3", "zona": "URBANA", "caracter_media": "Académico", "lon": -74.025829999555924, "lat": 4.7416400004157406, "codigo_localidad": "01", "q_j": 244.42333333333332, "puntaje_2023": 251.54, "punt_global_2020": 239.78, "punt_global_2022": 241.95, "matricula_total": 1836.0, "demanda_total": 2381.0, "sobre_demanda_j": 1.2968409586056644, "n_hogares_muestra": 2557.0, "poblacion_expandida": 71662.000005300011, "tasa_pobreza_monetaria": 0.43001058263544051, "tasa_pobreza_extrema": 0.17804437798912059, "tasa_ipm": 0.062497211038887598, "ingreso_percapita_promedio": 903931.279899752, "capacidad_pago_promedio": 0.4078833059325474, "tamano_hogar_promedio": 3.5481923659721271, "gasto_educ_promedio": 337571.6916232683, "tasa_deficit_cuantitativo": 0.017050542467550799, "tasa_deficit_cualitativo": 0.1682438770353647, "tasa_deficit_habitacional": 0.1852944195029155, "pct_estrato_1": 0.097879406057341897, "pct_estrato_2": 0.2215008734786364, "pct_estrato_3": 0.65497842011566254, "pct_estrato_4": 0.010975616864472499, "pct_estrato_5": 0.0146656834838864, "pct_estrato_6": 0.0, "s0_localidad": 0.64146949244746554, "dist_transmilenio_m": 2427.3660846640751, "dist_sitp_m": 22.743725797709896, "dist_parque_m": 77.015434907948901, "homicidios": 93.0, "lesiones_personales": 1898.0, "hurto_personas": 34039.0, "hurto_residencias": 3332.0, "hurto_automotores": 363.0, "hurto_bicicletas": 1238.0, "hurto_comercio": 8366.0, "hurto_entidades": 408.0, "violencia_intrafam": 3095.0, "delitos_sexuales": 602.0, "pct_no_oficial": 78.79, "n_sedes_total": 132, "n_sedes_no_oficial": 104 }, "geometry": { "type": "Point", "coordinates": [ -74.025829999555924, 4.741640000415741 ] } },
{ "type": "Feature", "properties": { "DANE12_EST": "111848003910", "id_establecimiento": "111848003910", "nombre_establecimiento": "COLEGIO GENERAL SANTANDER (IED)", "nombre_localidad": "Usaquen", "codigo_upz": "11", "nombre_upz": "SAN CRISTOBAL NORTE", "estrato": "Estrato 3", "zona": "URBANA", "caracter_media": "Académico", "lon": -74.02793000017877, "lat": 4.7346500004726959, "codigo_localidad": "01", "q_j": 250.28333333333333, "puntaje_2023": 253.08, "punt_global_2020": 251.11, "punt_global_2022": 246.66, "matricula_total": 1005.0, "demanda_total": 1137.0, "sobre_demanda_j": 1.1313432835820896, "n_hogares_muestra": 2557.0, "poblacion_expandida": 71662.000005300011, "tasa_pobreza_monetaria": 0.43001058263544051, "tasa_pobreza_extrema": 0.17804437798912059, "tasa_ipm": 0.062497211038887598, "ingreso_percapita_promedio": 903931.279899752, "capacidad_pago_promedio": 0.4078833059325474, "tamano_hogar_promedio": 3.5481923659721271, "gasto_educ_promedio": 337571.6916232683, "tasa_deficit_cuantitativo": 0.017050542467550799, "tasa_deficit_cualitativo": 0.1682438770353647, "tasa_deficit_habitacional": 0.1852944195029155, "pct_estrato_1": 0.097879406057341897, "pct_estrato_2": 0.2215008734786364, "pct_estrato_3": 0.65497842011566254, "pct_estrato_4": 0.010975616864472499, "pct_estrato_5": 0.0146656834838864, "pct_estrato_6": 0.0, "s0_localidad": 0.64146949244746554, "dist_transmilenio_m": 2359.9628638753584, "dist_sitp_m": 27.533968001373953, "dist_parque_m": 76.807728803150326, "homicidios": 93.0, "lesiones_personales": 1898.0, "hurto_personas": 34039.0, "hurto_residencias": 3332.0, "hurto_automotores": 363.0, "hurto_bicicletas": 1238.0, "hurto_comercio": 8366.0, "hurto_entidades": 408.0, "violencia_intrafam": 3095.0, "delitos_sexuales": 602.0, "pct_no_oficial": 78.79, "n_sedes_total": 132, "n_sedes_no_oficial": 104 }, "geometry": { "type": "Point", "coordinates": [ -74.02793000017877, 4.734650000472696 ] } },
{ "type": "Feature", "properties": { "DANE12_EST": "111850000740", "id_establecimiento": "111850000740", "nombre_establecimiento": "COLEGIO FRANCISCO ANTONIO ZEA DE USME (IED)", "nombre_localidad": "Usme", "codigo_upz": "61", "nombre_upz": "CIUDAD USME", "estrato": "Estrato 2", "zona": "URBANA", "caracter_media": "Académico", "lon": -74.121149999893561, "lat": 4.4743500004517029, "codigo_localidad": "05", "q_j": 259.35333333333335, "puntaje_2023": 255.81, "punt_global_2020": 263.37, "punt_global_2022": 258.88, "matricula_total": 2249.0, "demanda_total": 2374.0, "sobre_demanda_j": 1.0555802578923965, "n_hogares_muestra": null, "poblacion_expandida": 98789.999999699998, "tasa_pobreza_monetaria": 0.54632234953197589, "tasa_pobreza_extrema": 0.14300688904284739, "tasa_ipm": 0.0808793279686634, "ingreso_percapita_promedio": 538295.14854055992, "capacidad_pago_promedio": 0.6418885111488265, "tamano_hogar_promedio": 3.78760632903772, "gasto_educ_promedio": 85874.888113838184, "tasa_deficit_cuantitativo": 0.023710737932048899, "tasa_deficit_cualitativo": 0.15871960531782181, "tasa_deficit_habitacional": 0.1824303432498707, "pct_estrato_1": 0.4316831555524801, "pct_estrato_2": 0.56472274978003256, "pct_estrato_3": 0.0035940946674873002, "pct_estrato_4": 0.0, "pct_estrato_5": 0.0, "pct_estrato_6": 0.0, "s0_localidad": 0.18065503357765311, "dist_transmilenio_m": 6381.6302708269914, "dist_sitp_m": 207.15761016277216, "dist_parque_m": 112.82341951843972, "homicidios": 171.0, "lesiones_personales": 2562.0, "hurto_personas": 8404.0, "hurto_residencias": 1452.0, "hurto_automotores": 311.0, "hurto_bicicletas": 146.0, "hurto_comercio": 2308.0, "hurto_entidades": 623.0, "violencia_intrafam": 3963.0, "delitos_sexuales": 923.0, "pct_no_oficial": 33.03, "n_sedes_total": 109, "n_sedes_no_oficial": 36 }, "geometry": { "type": "Point", "coordinates": [ -74.121149999893561, 4.474350000451703 ] } },
{ "type": "Feature", "properties": { "DANE12_EST": "111850001380", "id_establecimiento": "111850001380", "nombre_establecimiento": "COLEGIO EL CORTIJO - VIANEY (IED)", "nombre_localidad": "Usme", "codigo_upz": "57", "nombre_upz": "GRAN YOMASA", "estrato": "Estrato 2", "zona": "URBANA", "caracter_media": "Académico", "lon": -74.106700000270507, "lat": 4.5174399997454557, "codigo_localidad": "05", "q_j": 249.64, "puntaje_2023": 246.15, "punt_global_2020": 247.17, "punt_global_2022": 255.6, "matricula_total": 775.0, "demanda_total": 831.0, "sobre_demanda_j": 1.072258064516129, "n_hogares_muestra": 2440.0, "poblacion_expandida": 131329.99999830002, "tasa_pobreza_monetaria": 0.53757585547410236, "tasa_pobreza_extrema": 0.17050022665339101, "tasa_ipm": 0.099770706666181402, "ingreso_percapita_promedio": 546453.47327463643, "capacidad_pago_promedio": 0.5369657626400125, "tamano_hogar_promedio": 3.6829561057356353, "gasto_educ_promedio": 131619.82020471324, "tasa_deficit_cuantitativo": 0.0094164735347293006, "tasa_deficit_cualitativo": 0.1714038156094676, "tasa_deficit_habitacional": 0.18082028914419701, "pct_estrato_1": 0.21329619519883189, "pct_estrato_2": 0.7829697168463492, "pct_estrato_3": 0.0033905540356792998, "pct_estrato_4": 0.0, "pct_estrato_5": 0.0, "pct_estrato_6": 0.0, "s0_localidad": 0.18065503357765311, "dist_transmilenio_m": 2120.9472372388186, "dist_sitp_m": 669.78450537621518, "dist_parque_m": 16.006764137281184, "homicidios": 171.0, "lesiones_personales": 2562.0, "hurto_personas": 8404.0, "hurto_residencias": 1452.0, "hurto_automotores": 311.0, "hurto_bicicletas": 146.0, "hurto_comercio": 2308.0, "hurto_entidades": 623.0, "violencia_intrafam": 3963.0, "delitos_sexuales": 923.0, "pct_no_oficial": 33.03, "n_sedes_total": 109, "n_sedes_no_oficial": 36 }, "geometry": { "type": "Point", "coordinates": [ -74.106700000270507, 4.517439999745456 ] } },
{ "type": "Feature", "properties": { "DANE12_EST": "111850001428", "id_establecimiento": "111850001428", "nombre_establecimiento": "COLEGIO ALMIRANTE PADILLA (IED)", "nombre_localidad": "Usme", "codigo_upz": "57", "nombre_upz": "GRAN YOMASA", "estrato": "Estrato 2", "zona": "URBANA", "caracter_media": "Académico", "lon": -74.111919999893757, "lat": 4.5122900004847111, "codigo_localidad": "05", "q_j": 237.90666666666667, "puntaje_2023": 247.25, "punt_global_2020": 236.48, "punt_global_2022": 229.99, "matricula_total": 2616.0, "demanda_total": 3460.0, "sobre_demanda_j": 1.3226299694189603, "n_hogares_muestra": 2440.0, "poblacion_expandida": 131329.99999830002, "tasa_pobreza_monetaria": 0.53757585547410236, "tasa_pobreza_extrema": 0.17050022665339101, "tasa_ipm": 0.099770706666181402, "ingreso_percapita_promedio": 546453.47327463643, "capacidad_pago_promedio": 0.5369657626400125, "tamano_hogar_promedio": 3.6829561057356353, "gasto_educ_promedio": 131619.82020471324, "tasa_deficit_cuantitativo": 0.0094164735347293006, "tasa_deficit_cualitativo": 0.1714038156094676, "tasa_deficit_habitacional": 0.18082028914419701, "pct_estrato_1": 0.21329619519883189, "pct_estrato_2": 0.7829697168463492, "pct_estrato_3": 0.0033905540356792998, "pct_estrato_4": 0.0, "pct_estrato_5": 0.0, "pct_estrato_6": 0.0, "s0_localidad": 0.18065503357765311, "dist_transmilenio_m": 2313.2371964908511, "dist_sitp_m": 62.453529498577176, "dist_parque_m": 162.07754758750252, "homicidios": 171.0, "lesiones_personales": 2562.0, "hurto_personas": 8404.0, "hurto_residencias": 1452.0, "hurto_automotores": 311.0, "hurto_bicicletas": 146.0, "hurto_comercio": 2308.0, "hurto_entidades": 623.0, "violencia_intrafam": 3963.0, "delitos_sexuales": 923.0, "pct_no_oficial": 33.03, "n_sedes_total": 109, "n_sedes_no_oficial": 36 }, "geometry": { "type": "Point", "coordinates": [ -74.111919999893757, 4.512290000484711 ] } },
{ "type": "Feature", "properties": { "DANE12_EST": "111850001461", "id_establecimiento": "111850001461", "nombre_establecimiento": "COLEGIO LOS TEJARES (IED)", "nombre_localidad": "Usme", "codigo_upz": "57", "nombre_upz": "GRAN YOMASA", "estrato": "Estrato 2", "zona": "URBANA", "caracter_media": "Académico", "lon": -74.103249999760607, "lat": 4.5108200001842267, "codigo_localidad": "05", "q_j": 241.52, "puntaje_2023": 236.89, "punt_global_2020": 248.04, "punt_global_2022": 239.63, "matricula_total": 938.0, "demanda_total": 989.0, "sobre_demanda_j": 1.0543710021321961, "n_hogares_muestra": 2440.0, "poblacion_expandida": 131329.99999830002, "tasa_pobreza_monetaria": 0.53757585547410236, "tasa_pobreza_extrema": 0.17050022665339101, "tasa_ipm": 0.099770706666181402, "ingreso_percapita_promedio": 546453.47327463643, "capacidad_pago_promedio": 0.5369657626400125, "tamano_hogar_promedio": 3.6829561057356353, "gasto_educ_promedio": 131619.82020471324, "tasa_deficit_cuantitativo": 0.0094164735347293006, "tasa_deficit_cualitativo": 0.1714038156094676, "tasa_deficit_habitacional": 0.18082028914419701, "pct_estrato_1": 0.21329619519883189, "pct_estrato_2": 0.7829697168463492, "pct_estrato_3": 0.0033905540356792998, "pct_estrato_4": 0.0, "pct_estrato_5": 0.0, "pct_estrato_6": 0.0, "s0_localidad": 0.18065503357765311, "dist_transmilenio_m": 2932.4618795155429, "dist_sitp_m": 82.085104053781663, "dist_parque_m": 138.12678853697159, "homicidios": 171.0, "lesiones_personales": 2562.0, "hurto_personas": 8404.0, "hurto_residencias": 1452.0, "hurto_automotores": 311.0, "hurto_bicicletas": 146.0, "hurto_comercio": 2308.0, "hurto_entidades": 623.0, "violencia_intrafam": 3963.0, "delitos_sexuales": 923.0, "pct_no_oficial": 33.03, "n_sedes_total": 109, "n_sedes_no_oficial": 36 }, "geometry": { "type": "Point", "coordinates": [ -74.103249999760607, 4.510820000184227 ] } },
{ "type": "Feature", "properties": { "DANE12_EST": "111850001576", "id_establecimiento": "111850001576", "nombre_establecimiento": "COLEGIO FEDERICO GARCIA LORCA (IED)", "nombre_localidad": "Usme", "codigo_upz": "57", "nombre_upz": "GRAN YOMASA", "estrato": "Estrato 2", "zona": "URBANA", "caracter_media": "Académico", "lon": -74.107110000349337, "lat": 4.5071700001169201, "codigo_localidad": "05", "q_j": 244.36, "puntaje_2023": 252.31, "punt_global_2020": 232.83, "punt_global_2022": 247.94, "matricula_total": 2301.0, "demanda_total": 2421.0, "sobre_demanda_j": 1.0521512385919165, "n_hogares_muestra": 2440.0, "poblacion_expandida": 131329.99999830002, "tasa_pobreza_monetaria": 0.53757585547410236, "tasa_pobreza_extrema": 0.17050022665339101, "tasa_ipm": 0.099770706666181402, "ingreso_percapita_promedio": 546453.47327463643, "capacidad_pago_promedio": 0.5369657626400125, "tamano_hogar_promedio": 3.6829561057356353, "gasto_educ_promedio": 131619.82020471324, "tasa_deficit_cuantitativo": 0.0094164735347293006, "tasa_deficit_cualitativo": 0.1714038156094676, "tasa_deficit_habitacional": 0.18082028914419701, "pct_estrato_1": 0.21329619519883189, "pct_estrato_2": 0.7829697168463492, "pct_estrato_3": 0.0033905540356792998, "pct_estrato_4": 0.0, "pct_estrato_5": 0.0, "pct_estrato_6": 0.0, "s0_localidad": 0.18065503357765311, "dist_transmilenio_m": 3049.9105450126299, "dist_sitp_m": 91.861176931199793, "dist_parque_m": 113.94323466936912, "homicidios": 171.0, "lesiones_personales": 2562.0, "hurto_personas": 8404.0, "hurto_residencias": 1452.0, "hurto_automotores": 311.0, "hurto_bicicletas": 146.0, "hurto_comercio": 2308.0, "hurto_entidades": 623.0, "violencia_intrafam": 3963.0, "delitos_sexuales": 923.0, "pct_no_oficial": 33.03, "n_sedes_total": 109, "n_sedes_no_oficial": 36 }, "geometry": { "type": "Point", "coordinates": [ -74.107110000349337, 4.50717000011692 ] } },
{ "type": "Feature", "properties": { "DANE12_EST": "211001032501", "id_establecimiento": "211001032501", "nombre_establecimiento": "COLEGIO GABRIEL GARCIA MARQUEZ (IED)", "nombre_localidad": "Usme", "codigo_upz": "52", "nombre_upz": "LA FLORA", "estrato": "Estrato 1", "zona": "URBANA", "caracter_media": "Académico", "lon": -74.091000000319511, "lat": 4.50499999996814, "codigo_localidad": "05", "q_j": 253.13, "puntaje_2023": 256.54, "punt_global_2020": 255.97, "punt_global_2022": 246.88, "matricula_total": 1161.0, "demanda_total": 1258.0, "sobre_demanda_j": 1.0835486649440138, "n_hogares_muestra": 2154.0, "poblacion_expandida": 19629.000007499999, "tasa_pobreza_monetaria": 0.74878493388782486, "tasa_pobreza_extrema": 0.36389832835451441, "tasa_ipm": 0.1788048463222254, "ingreso_percapita_promedio": 342105.18161876331, "capacidad_pago_promedio": 0.75492664204687199, "tamano_hogar_promedio": 3.752629232240833, "gasto_educ_promedio": 64628.117806994414, "tasa_deficit_cuantitativo": 0.1189753326408724, "tasa_deficit_cualitativo": 0.28262589417088518, "tasa_deficit_habitacional": 0.40160122681175769, "pct_estrato_1": 0.9406263803171484, "pct_estrato_2": 0.0070001862370725997, "pct_estrato_3": 0.0016351785005724001, "pct_estrato_4": 0.0, "pct_estrato_5": 0.0, "pct_estrato_6": 0.0, "s0_localidad": 0.18065503357765311, "dist_transmilenio_m": 4327.6330455988946, "dist_sitp_m": 277.07750979045073, "dist_parque_m": 299.0037534663731, "homicidios": 171.0, "lesiones_personales": 2562.0, "hurto_personas": 8404.0, "hurto_residencias": 1452.0, "hurto_automotores": 311.0, "hurto_bicicletas": 146.0, "hurto_comercio": 2308.0, "hurto_entidades": 623.0, "violencia_intrafam": 3963.0, "delitos_sexuales": 923.0, "pct_no_oficial": 33.03, "n_sedes_total": 109, "n_sedes_no_oficial": 36 }, "geometry": { "type": "Point", "coordinates": [ -74.091000000319511, 4.50499999996814 ] } },
{ "type": "Feature", "properties": { "DANE12_EST": "211001076958", "id_establecimiento": "211001076958", "nombre_establecimiento": "COLEGIO VILLAS DEL PROGRESO (IED)", "nombre_localidad": "Bosa", "codigo_upz": "84", "nombre_upz": "BOSA OCCIDENTAL", "estrato": "Estrato 2", "zona": "URBANA", "caracter_media": "Sin información", "lon": -74.200730000097224, "lat": 4.6255400004588942, "codigo_localidad": "07", "q_j": 260.98333333333335, "puntaje_2023": 267.35, "punt_global_2020": 256.5, "punt_global_2022": 259.1, "matricula_total": 4028.0, "demanda_total": 4332.0, "sobre_demanda_j": 1.0754716981132075, "n_hogares_muestra": 2513.0, "poblacion_expandida": 199171.00000289999, "tasa_pobreza_monetaria": 0.55229182370424579, "tasa_pobreza_extrema": 0.18795588750799519, "tasa_ipm": 0.0996822849647334, "ingreso_percapita_promedio": 536362.57885894692, "capacidad_pago_promedio": 0.54936289314562281, "tamano_hogar_promedio": 3.7633010092291874, "gasto_educ_promedio": 137178.08860508617, "tasa_deficit_cuantitativo": 0.0104317439329508, "tasa_deficit_cualitativo": 0.1768060546886206, "tasa_deficit_habitacional": 0.18723779862157139, "pct_estrato_1": 0.024261426971946901, "pct_estrato_2": 0.97537208657069263, "pct_estrato_3": 0.0, "pct_estrato_4": 0.0, "pct_estrato_5": 0.0, "pct_estrato_6": 0.0, "s0_localidad": 0.27631916132375012, "dist_transmilenio_m": 3096.5056885978597, "dist_sitp_m": 173.99262988302158, "dist_parque_m": 199.34548861177265, "homicidios": 209.0, "lesiones_personales": 3464.0, "hurto_personas": 19664.0, "hurto_residencias": 2638.0, "hurto_automotores": 681.0, "hurto_bicicletas": 1403.0, "hurto_comercio": 5397.0, "hurto_entidades": 1643.0, "violencia_intrafam": 7523.0, "delitos_sexuales": 1159.0, "pct_no_oficial": 55.7, "n_sedes_total": 149, "n_sedes_no_oficial": 83 }, "geometry": { "type": "Point", "coordinates": [ -74.200730000097224, 4.625540000458894 ] } },
{ "type": "Feature", "properties": { "DANE12_EST": "211102000201", "id_establecimiento": "211102000201", "nombre_establecimiento": "COLEGIO SAN BERNARDINO (IED)", "nombre_localidad": "Bosa", "codigo_upz": "87", "nombre_upz": "TINTAL SUR", "estrato": "Estrato 1", "zona": "URBANA", "caracter_media": "Académico", "lon": -74.203999999783747, "lat": 4.61799999998511, "codigo_localidad": "07", "q_j": 237.49666666666667, "puntaje_2023": 238.25, "punt_global_2020": 238.25, "punt_global_2022": 235.99, "matricula_total": 1832.0, "demanda_total": 2063.0, "sobre_demanda_j": 1.1260917030567685, "n_hogares_muestra": 2392.0, "poblacion_expandida": 110225.0000021, "tasa_pobreza_monetaria": 0.45206665391654038, "tasa_pobreza_extrema": 0.1571335105708325, "tasa_ipm": 0.074480271470570097, "ingreso_percapita_promedio": 552453.57518655877, "capacidad_pago_promedio": 0.46272393446158572, "tamano_hogar_promedio": 3.7183664572473711, "gasto_educ_promedio": 125393.3035398334, "tasa_deficit_cuantitativo": 0.0091994534586589006, "tasa_deficit_cualitativo": 0.086552744707808896, "tasa_deficit_habitacional": 0.095752198166467795, "pct_estrato_1": 0.27270370862986909, "pct_estrato_2": 0.72416740778842592, "pct_estrato_3": 0.0031288835817048998, "pct_estrato_4": 0.0, "pct_estrato_5": 0.0, "pct_estrato_6": 0.0, "s0_localidad": 0.27631916132375012, "dist_transmilenio_m": 3114.1016077749796, "dist_sitp_m": 211.31309913392721, "dist_parque_m": 94.768104648138234, "homicidios": 209.0, "lesiones_personales": 3464.0, "hurto_personas": 19664.0, "hurto_residencias": 2638.0, "hurto_automotores": 681.0, "hurto_bicicletas": 1403.0, "hurto_comercio": 5397.0, "hurto_entidades": 1643.0, "violencia_intrafam": 7523.0, "delitos_sexuales": 1159.0, "pct_no_oficial": 55.7, "n_sedes_total": 149, "n_sedes_no_oficial": 83 }, "geometry": { "type": "Point", "coordinates": [ -74.203999999783747, 4.61799999998511 ] } },
{ "type": "Feature", "properties": { "DANE12_EST": "211102000243", "id_establecimiento": "211102000243", "nombre_establecimiento": "COLEGIO EL PORVENIR (IED)", "nombre_localidad": "Bosa", "codigo_upz": "86", "nombre_upz": "EL PORVENIR", "estrato": "Estrato 1", "zona": "URBANA", "caracter_media": "Técnico", "lon": -74.183650000121915, "lat": 4.6358500005509926, "codigo_localidad": "07", "q_j": 260.02, "puntaje_2023": 266.0, "punt_global_2020": 254.55, "punt_global_2022": 259.51, "matricula_total": 4263.0, "demanda_total": 4533.0, "sobre_demanda_j": 1.0633356790992259, "n_hogares_muestra": 2345.0, "poblacion_expandida": 141524.00000470001, "tasa_pobreza_monetaria": 0.52578058417603246, "tasa_pobreza_extrema": 0.1800588803931045, "tasa_ipm": 0.076238707285984503, "ingreso_percapita_promedio": 540236.36153404042, "capacidad_pago_promedio": 0.49282307504086748, "tamano_hogar_promedio": 3.6768618279558152, "gasto_educ_promedio": 122842.87380400246, "tasa_deficit_cuantitativo": 0.0045173917199821997, "tasa_deficit_cualitativo": 0.16505646683901129, "tasa_deficit_habitacional": 0.16957385855899351, "pct_estrato_1": 0.32806178284289661, "pct_estrato_2": 0.66927598964101065, "pct_estrato_3": 0.0026622275160925, "pct_estrato_4": 0.0, "pct_estrato_5": 0.0, "pct_estrato_6": 0.0, "s0_localidad": 0.27631916132375012, "dist_transmilenio_m": 1376.7207863099038, "dist_sitp_m": 72.17744916910155, "dist_parque_m": 73.503287216382873, "homicidios": 209.0, "lesiones_personales": 3464.0, "hurto_personas": 19664.0, "hurto_residencias": 2638.0, "hurto_automotores": 681.0, "hurto_bicicletas": 1403.0, "hurto_comercio": 5397.0, "hurto_entidades": 1643.0, "violencia_intrafam": 7523.0, "delitos_sexuales": 1159.0, "pct_no_oficial": 55.7, "n_sedes_total": 149, "n_sedes_no_oficial": 83 }, "geometry": { "type": "Point", "coordinates": [ -74.183650000121915, 4.635850000550993 ] } },
{ "type": "Feature", "properties": { "DANE12_EST": "211102000995", "id_establecimiento": "211102000995", "nombre_establecimiento": "COLEGIO BOSANOVA (IED)", "nombre_localidad": "Bosa", "codigo_upz": "84", "nombre_upz": "BOSA OCCIDENTAL", "estrato": "Estrato 2", "zona": "URBANA", "caracter_media": "Académico", "lon": -74.188489999803551, "lat": 4.6225500002976361, "codigo_localidad": "07", "q_j": 253.90333333333334, "puntaje_2023": 254.71, "punt_global_2020": 254.04, "punt_global_2022": 252.96, "matricula_total": 1283.0, "demanda_total": 1421.0, "sobre_demanda_j": 1.107560405300078, "n_hogares_muestra": 2513.0, "poblacion_expandida": 199171.00000289999, "tasa_pobreza_monetaria": 0.55229182370424579, "tasa_pobreza_extrema": 0.18795588750799519, "tasa_ipm": 0.0996822849647334, "ingreso_percapita_promedio": 536362.57885894692, "capacidad_pago_promedio": 0.54936289314562281, "tamano_hogar_promedio": 3.7633010092291874, "gasto_educ_promedio": 137178.08860508617, "tasa_deficit_cuantitativo": 0.0104317439329508, "tasa_deficit_cualitativo": 0.1768060546886206, "tasa_deficit_habitacional": 0.18723779862157139, "pct_estrato_1": 0.024261426971946901, "pct_estrato_2": 0.97537208657069263, "pct_estrato_3": 0.0, "pct_estrato_4": 0.0, "pct_estrato_5": 0.0, "pct_estrato_6": 0.0, "s0_localidad": 0.27631916132375012, "dist_transmilenio_m": 1871.4147472735212, "dist_sitp_m": 87.21503684668717, "dist_parque_m": 45.285003228823086, "homicidios": 209.0, "lesiones_personales": 3464.0, "hurto_personas": 19664.0, "hurto_residencias": 2638.0, "hurto_automotores": 681.0, "hurto_bicicletas": 1403.0, "hurto_comercio": 5397.0, "hurto_entidades": 1643.0, "violencia_intrafam": 7523.0, "delitos_sexuales": 1159.0, "pct_no_oficial": 55.7, "n_sedes_total": 149, "n_sedes_no_oficial": 83 }, "geometry": { "type": "Point", "coordinates": [ -74.188489999803551, 4.622550000297636 ] } },
{ "type": "Feature", "properties": { "DANE12_EST": "211850000051", "id_establecimiento": "211850000051", "nombre_establecimiento": "COLEGIO GRAN YOMASA (IED)", "nombre_localidad": "Usme", "codigo_upz": "57", "nombre_upz": "GRAN YOMASA", "estrato": "Estrato 2", "zona": "URBANA", "caracter_media": "Académico", "lon": -74.109579999969711, "lat": 4.5081599997538788, "codigo_localidad": "05", "q_j": 252.88333333333335, "puntaje_2023": 253.6, "punt_global_2020": 257.37, "punt_global_2022": 247.68, "matricula_total": 1612.0, "demanda_total": 1715.0, "sobre_demanda_j": 1.063895781637717, "n_hogares_muestra": 2440.0, "poblacion_expandida": 131329.99999830002, "tasa_pobreza_monetaria": 0.53757585547410236, "tasa_pobreza_extrema": 0.17050022665339101, "tasa_ipm": 0.099770706666181402, "ingreso_percapita_promedio": 546453.47327463643, "capacidad_pago_promedio": 0.5369657626400125, "tamano_hogar_promedio": 3.6829561057356353, "gasto_educ_promedio": 131619.82020471324, "tasa_deficit_cuantitativo": 0.0094164735347293006, "tasa_deficit_cualitativo": 0.1714038156094676, "tasa_deficit_habitacional": 0.18082028914419701, "pct_estrato_1": 0.21329619519883189, "pct_estrato_2": 0.7829697168463492, "pct_estrato_3": 0.0033905540356792998, "pct_estrato_4": 0.0, "pct_estrato_5": 0.0, "pct_estrato_6": 0.0, "s0_localidad": 0.18065503357765311, "dist_transmilenio_m": 2835.9637546643903, "dist_sitp_m": 133.13615820343205, "dist_parque_m": 33.008745488515352, "homicidios": 171.0, "lesiones_personales": 2562.0, "hurto_personas": 8404.0, "hurto_residencias": 1452.0, "hurto_automotores": 311.0, "hurto_bicicletas": 146.0, "hurto_comercio": 2308.0, "hurto_entidades": 623.0, "violencia_intrafam": 3963.0, "delitos_sexuales": 923.0, "pct_no_oficial": 33.03, "n_sedes_total": 109, "n_sedes_no_oficial": 36 }, "geometry": { "type": "Point", "coordinates": [ -74.109579999969711, 4.508159999753879 ] } },
{ "type": "Feature", "properties": { "DANE12_EST": "211850000787", "id_establecimiento": "211850000787", "nombre_establecimiento": "COLEGIO TENERIFE - GRANADA SUR (IED)", "nombre_localidad": "Usme", "codigo_upz": "58", "nombre_upz": "COMUNEROS", "estrato": "Estrato 2", "zona": "URBANA", "caracter_media": "Académico", "lon": -74.107809999958079, "lat": 4.4986399998718216, "codigo_localidad": "05", "q_j": 264.87333333333333, "puntaje_2023": 268.46, "punt_global_2020": 256.44, "punt_global_2022": 269.72, "matricula_total": 1100.0, "demanda_total": 1192.0, "sobre_demanda_j": 1.0836363636363637, "n_hogares_muestra": 2461.0, "poblacion_expandida": 98789.999999699998, "tasa_pobreza_monetaria": 0.54632234953197589, "tasa_pobreza_extrema": 0.14300688904284739, "tasa_ipm": 0.0808793279686634, "ingreso_percapita_promedio": 538295.14854055992, "capacidad_pago_promedio": 0.6418885111488265, "tamano_hogar_promedio": 3.78760632903772, "gasto_educ_promedio": 85874.888113838184, "tasa_deficit_cuantitativo": 0.023710737932048899, "tasa_deficit_cualitativo": 0.15871960531782181, "tasa_deficit_habitacional": 0.1824303432498707, "pct_estrato_1": 0.4316831555524801, "pct_estrato_2": 0.56472274978003256, "pct_estrato_3": 0.0035940946674873002, "pct_estrato_4": 0.0, "pct_estrato_5": 0.0, "pct_estrato_6": 0.0, "s0_localidad": 0.18065503357765311, "dist_transmilenio_m": 3895.3413927629722, "dist_sitp_m": 33.769947906397142, "dist_parque_m": 126.18325861257779, "homicidios": 171.0, "lesiones_personales": 2562.0, "hurto_personas": 8404.0, "hurto_residencias": 1452.0, "hurto_automotores": 311.0, "hurto_bicicletas": 146.0, "hurto_comercio": 2308.0, "hurto_entidades": 623.0, "violencia_intrafam": 3963.0, "delitos_sexuales": 923.0, "pct_no_oficial": 33.03, "n_sedes_total": 109, "n_sedes_no_oficial": 36 }, "geometry": { "type": "Point", "coordinates": [ -74.107809999958079, 4.498639999871822 ] } },
{ "type": "Feature", "properties": { "DANE12_EST": "211850000931", "id_establecimiento": "211850000931", "nombre_establecimiento": "COLEGIO BRAZUELOS (IED)", "nombre_localidad": "Usme", "codigo_upz": "58", "nombre_upz": "COMUNEROS", "estrato": "Estrato 1", "zona": "URBANA", "caracter_media": "Sin información", "lon": -74.119880000372419, "lat": 4.4949400000168378, "codigo_localidad": "05", "q_j": 253.95777777777778, "puntaje_2023": 257.17662962962964, "punt_global_2020": 250.666, "punt_global_2022": 255.59133333333332, "matricula_total": 746.0, "demanda_total": 795.0, "sobre_demanda_j": 1.0656836461126005, "n_hogares_muestra": 2461.0, "poblacion_expandida": 98789.999999699998, "tasa_pobreza_monetaria": 0.54632234953197589, "tasa_pobreza_extrema": 0.14300688904284739, "tasa_ipm": 0.0808793279686634, "ingreso_percapita_promedio": 538295.14854055992, "capacidad_pago_promedio": 0.6418885111488265, "tamano_hogar_promedio": 3.78760632903772, "gasto_educ_promedio": 85874.888113838184, "tasa_deficit_cuantitativo": 0.023710737932048899, "tasa_deficit_cualitativo": 0.15871960531782181, "tasa_deficit_habitacional": 0.1824303432498707, "pct_estrato_1": 0.4316831555524801, "pct_estrato_2": 0.56472274978003256, "pct_estrato_3": 0.0035940946674873002, "pct_estrato_4": 0.0, "pct_estrato_5": 0.0, "pct_estrato_6": 0.0, "s0_localidad": 0.18065503357765311, "dist_transmilenio_m": 4089.5064357076694, "dist_sitp_m": 137.89634590253172, "dist_parque_m": 144.15751342478598, "homicidios": 171.0, "lesiones_personales": 2562.0, "hurto_personas": 8404.0, "hurto_residencias": 1452.0, "hurto_automotores": 311.0, "hurto_bicicletas": 146.0, "hurto_comercio": 2308.0, "hurto_entidades": 623.0, "violencia_intrafam": 3963.0, "delitos_sexuales": 923.0, "pct_no_oficial": 33.03, "n_sedes_total": 109, "n_sedes_no_oficial": 36 }, "geometry": { "type": "Point", "coordinates": [ -74.119880000372419, 4.494940000016838 ] } },
{ "type": "Feature", "properties": { "DANE12_EST": "211850001481", "id_establecimiento": "211850001481", "nombre_establecimiento": "COLEGIO FABIO LOZANO SIMONELLI (IED)", "nombre_localidad": "Usme", "codigo_upz": "56", "nombre_upz": "DANUBIO", "estrato": "Estrato 2", "zona": "URBANA", "caracter_media": "Académico", "lon": -74.109299999587236, "lat": 4.5331500001263922, "codigo_localidad": "05", "q_j": 253.9, "puntaje_2023": 256.25, "punt_global_2020": 255.99, "punt_global_2022": 249.46, "matricula_total": 2729.0, "demanda_total": 3043.0, "sobre_demanda_j": 1.1150604617075852, "n_hogares_muestra": null, "poblacion_expandida": 102601.85759588116, "tasa_pobreza_monetaria": 0.56749273177537962, "tasa_pobreza_extrema": 0.19360889284475788, "tasa_ipm": 0.10560904351275562, "ingreso_percapita_promedio": 521502.33244515269, "capacidad_pago_promedio": 0.52663272929259464, "tamano_hogar_promedio": 3.6803990275591407, "gasto_educ_promedio": 134802.04668378184, "tasa_deficit_cuantitativo": 0.011833910147223568, "tasa_deficit_cualitativo": 0.18647257136303214, "tasa_deficit_habitacional": 0.19830648151025582, "pct_estrato_1": 0.23898630182430536, "pct_estrato_2": 0.75804226490932036, "pct_estrato_3": 0.0023101275809616459, "pct_estrato_4": 0.0, "pct_estrato_5": 0.0, "pct_estrato_6": 0.0, "s0_localidad": 0.18065503357765311, "dist_transmilenio_m": 1129.8884078443209, "dist_sitp_m": 47.939516278530533, "dist_parque_m": 142.63375145610061, "homicidios": 171.0, "lesiones_personales": 2562.0, "hurto_personas": 8404.0, "hurto_residencias": 1452.0, "hurto_automotores": 311.0, "hurto_bicicletas": 146.0, "hurto_comercio": 2308.0, "hurto_entidades": 623.0, "violencia_intrafam": 3963.0, "delitos_sexuales": 923.0, "pct_no_oficial": 33.03, "n_sedes_total": 109, "n_sedes_no_oficial": 36 }, "geometry": { "type": "Point", "coordinates": [ -74.109299999587236, 4.533150000126392 ] } },
{ "type": "Feature", "properties": { "DANE12_EST": "311001026441", "id_establecimiento": "311001026441", "nombre_establecimiento": "COLEGIO LOS PINOS (IED)", "nombre_localidad": "Santa Fe", "codigo_upz": "96", "nombre_upz": "LOURDES", "estrato": "Estrato 2", "zona": "URBANA", "caracter_media": "Académico", "lon": -74.06809999977304, "lat": 4.5877000004159871, "codigo_localidad": "03", "q_j": 232.33333333333334, "puntaje_2023": 233.46, "punt_global_2020": 240.91, "punt_global_2022": 222.63, "matricula_total": 722.0, "demanda_total": 791.0, "sobre_demanda_j": 1.0955678670360112, "n_hogares_muestra": 2421.0, "poblacion_expandida": 45301.999997400002, "tasa_pobreza_monetaria": 0.68931467384645762, "tasa_pobreza_extrema": 0.33370125884436941, "tasa_ipm": 0.1526662636240548, "ingreso_percapita_promedio": 441254.99481158704, "capacidad_pago_promedio": 0.63684681857657055, "tamano_hogar_promedio": 4.1194866346366759, "gasto_educ_promedio": 109937.89935469594, "tasa_deficit_cuantitativo": 0.091051562761836805, "tasa_deficit_cualitativo": 0.25185532452109899, "tasa_deficit_habitacional": 0.34290688728293578, "pct_estrato_1": 0.089708625147526394, "pct_estrato_2": 0.86622407714344141, "pct_estrato_3": 0.0030761707343604002, "pct_estrato_4": 0.0, "pct_estrato_5": 0.0, "pct_estrato_6": 0.0, "s0_localidad": 0.26720847821961147, "dist_transmilenio_m": 1588.0072810645759, "dist_sitp_m": 44.1757336264846, "dist_parque_m": 71.706454362372369, "homicidios": 113.0, "lesiones_personales": 1683.0, "hurto_personas": 25139.0, "hurto_residencias": 580.0, "hurto_automotores": 128.0, "hurto_bicicletas": 443.0, "hurto_comercio": 7043.0, "hurto_entidades": 180.0, "violencia_intrafam": 1602.0, "delitos_sexuales": 514.0, "pct_no_oficial": 44.83, "n_sedes_total": 29, "n_sedes_no_oficial": 13 }, "geometry": { "type": "Point", "coordinates": [ -74.06809999977304, 4.587700000415987 ] } },
{ "type": "Feature", "properties": { "DANE12_EST": "311001075034", "id_establecimiento": "311001075034", "nombre_establecimiento": "COLEGIO CANADA (IED)", "nombre_localidad": "Ciudad Bolivar", "codigo_upz": "67", "nombre_upz": "LUCERO", "estrato": "Estrato 1", "zona": "URBANA", "caracter_media": "Académico", "lon": -74.154600000189689, "lat": 4.5412100002930122, "codigo_localidad": "19", "q_j": 233.16333333333333, "puntaje_2023": 246.15, "punt_global_2020": 223.76, "punt_global_2022": 229.58, "matricula_total": 768.0, "demanda_total": 827.0, "sobre_demanda_j": 1.0768229166666667, "n_hogares_muestra": 2402.0, "poblacion_expandida": 161831.00001280001, "tasa_pobreza_monetaria": 0.7038631757592213, "tasa_pobreza_extrema": 0.29200637063703688, "tasa_ipm": 0.12833440894487039, "ingreso_percapita_promedio": 390100.43634986418, "capacidad_pago_promedio": 0.69990953908547293, "tamano_hogar_promedio": 3.7938052959151172, "gasto_educ_promedio": 94504.090399263441, "tasa_deficit_cuantitativo": 0.049540423591066397, "tasa_deficit_cualitativo": 0.26740798307417718, "tasa_deficit_habitacional": 0.31694840666524371, "pct_estrato_1": 0.72918739131913157, "pct_estrato_2": 0.25338518534370219, "pct_estrato_3": 0.0062719642164957004, "pct_estrato_4": 0.0, "pct_estrato_5": 0.0, "pct_estrato_6": 0.0, "s0_localidad": 0.24641727799438962, "dist_transmilenio_m": 3583.8726664032251, "dist_sitp_m": 135.33732508062778, "dist_parque_m": 72.446865881327938, "homicidios": 450.0, "lesiones_personales": 4378.0, "hurto_personas": 16269.0, "hurto_residencias": 1893.0, "hurto_automotores": 870.0, "hurto_bicicletas": 472.0, "hurto_comercio": 4561.0, "hurto_entidades": 1620.0, "violencia_intrafam": 8567.0, "delitos_sexuales": 1433.0, "pct_no_oficial": 44.59, "n_sedes_total": 148, "n_sedes_no_oficial": 66 }, "geometry": { "type": "Point", "coordinates": [ -74.154600000189689, 4.541210000293012 ] } }
]
}
