{
  "type": "FeatureCollection",
  "features": [
    {
      "type": "Feature",
      "geometry": {
        "type": "Point",
        "coordinates": [
          -74.12045000028482,
          4.606270000368061
        ]
      },
      "properties": {
        "DANE12_EST": "111001000078",
        "id_establecimiento": "111001000078",
        "nombre_establecimiento": "COLEGIO DE CULTURA POPULAR (IED)",
        "nombre_localidad": "Puente Aranda",
        "codigo_upz": "40",
        "nombre_upz": "CIUDAD MONTES",
        "estrato": "Estrato 3",
        "zona": "URBANA",
        "caracter_media": "Académico",
        "lon": -74.12045000028482,
        "lat": 4.606270000368061,
        "codigo_localidad": "16",
        "q_j": 266.48,
        "puntaje_2023": 265.77,
        "punt_global_2020": 259.76,
        "punt_global_2022": 273.91,
        "matricula_total": 984.0,
        "demanda_total": 1078.0,
        "sobre_demanda_j": 1.0955284552845528,
        "n_hogares_muestra": 2216.0,
        "poblacion_expandida": 102337.999998,
        "tasa_pobreza_monetaria": 0.2689251836320609,
        "tasa_pobreza_extrema": 0.1492230603802932,
        "tasa_ipm": 0.0321605532975465,
        "ingreso_percapita_promedio": 1197049.8054420657,
        "capacidad_pago_promedio": 0.1448583685140389,
        "tamano_hogar_promedio": 3.44794783577455,
        "gasto_educ_promedio": 354259.4258766024,
        "tasa_deficit_cuantitativo": 0.0032629278812027,
        "tasa_deficit_cualitativo": 0.0524807420548082,
        "tasa_deficit_habitacional": 0.0557436699360109,
        "pct_estrato_1": 0.0012943872266664,
        "pct_estrato_2": 0.0016206459800195,
        "pct_estrato_3": 0.997084966793314,
        "pct_estrato_4": 0.0,
        "pct_estrato_5": 0.0,
        "pct_estrato_6": 0.0,
        "s0_localidad": 0.5211076175873677,
        "dist_transmilenio_m": 1306.9765632216047,
        "dist_sitp_m": 102.11025865677344,
        "dist_parque_m": 95.50064538859242,
        "homicidios": 81.0,
        "lesiones_personales": 1979.0,
        "hurto_personas": 20917.0,
        "hurto_residencias": 1572.0,
        "hurto_automotores": 1079.0,
        "hurto_bicicletas": 778.0,
        "hurto_comercio": 5413.0,
        "hurto_entidades": 730.0,
        "violencia_intrafam": 2327.0,
        "delitos_sexuales": 548.0,
        "pct_no_oficial": 68.0,
        "n_sedes_total": 100,
        "n_sedes_no_oficial": 68
      }
    },
    {
      "type": "Feature",
      "geometry": {
        "type": "Point",
        "coordinates": [
          -74.13596000026503,
          4.6162100001656325
        ]
      },
      "properties": {
        "DANE12_EST": "111001000124",
        "id_establecimiento": "111001000124",
        "nombre_establecimiento": "COLEGIO CARLOS ARANGO VELEZ (IED)",
        "nombre_localidad": "Kennedy",
        "codigo_upz": "44",
        "nombre_upz": "AMERICAS",
        "estrato": "Estrato 3",
        "zona": "URBANA",
        "caracter_media": "Académico",
        "lon": -74.13596000026503,
        "lat": 4.6162100001656325,
        "codigo_localidad": "08",
        "q_j": 265.06333333333333,
        "puntaje_2023": 261.47,
        "punt_global_2020": 266.11,
        "punt_global_2022": 267.61,
        "matricula_total": 2019.0,
        "demanda_total": 2253.0,
        "sobre_demanda_j": 1.1158989598811293,
        "n_hogares_muestra": 2293.0,
        "poblacion_expandida": 78905.0000038,
        "tasa_pobreza_monetaria": 0.1913804436027216,
        "tasa_pobreza_extrema": 0.0605666032022032,
        "tasa_ipm": 0.0305930336731987,
        "ingreso_percapita_promedio": 1418709.423643221,
        "capacidad_pago_promedio": 0.1056939969165244,
        "tamano_hogar_promedio": 3.2000151191894046,
        "gasto_educ_promedio": 460748.5768046597,
        "tasa_deficit_cuantitativo": 0.002565652499718,
        "tasa_deficit_cualitativo": 0.0453597074409433,
        "tasa_deficit_habitacional": 0.0479253599406613,
        "pct_estrato_1": 0.0010810755781749,
        "pct_estrato_2": 0.2089207125100576,
        "pct_estrato_3": 0.691704162941151,
        "pct_estrato_4": 0.0982940489706163,
        "pct_estrato_5": 0.0,
        "pct_estrato_6": 0.0,
        "s0_localidad": 0.3719221758740453,
        "dist_transmilenio_m": 1558.3920457690078,
        "dist_sitp_m": 96.38231424481818,
        "dist_parque_m": 74.1936199982958,
        "homicidios": 277.0,
        "lesiones_personales": 5216.0,
        "hurto_personas": 45928.0,
        "hurto_residencias": 4574.0,
        "hurto_automotores": 2662.0,
        "hurto_bicicletas": 2842.0,
        "hurto_comercio": 11829.0,
        "hurto_entidades": 2994.0,
        "violencia_intrafam": 8341.0,
        "delitos_sexuales": 1353.0,
        "pct_no_oficial": 70.99,
        "n_sedes_total": 262,
        "n_sedes_no_oficial": 186
      }
    },
    {
      "type": "Feature",
      "geometry": {
        "type": "Point",
        "coordinates": [
          -74.03917000038972,
          4.765730000174116
        ]
      },
      "properties": {
        "DANE12_EST": "111001000132",
        "id_establecimiento": "111001000132",
        "nombre_establecimiento": "COLEGIO AQUILEO PARRA (IED)",
        "nombre_localidad": "Usaquen",
        "codigo_upz": "9",
        "nombre_upz": "VERBENAL",
        "estrato": "Sin estrato",
        "zona": "URBANA",
        "caracter_media": "Académico",
        "lon": -74.03917000038972,
        "lat": 4.765730000174116,
        "codigo_localidad": "01",
        "q_j": 259.10999999999996,
        "puntaje_2023": 261.54,
        "punt_global_2020": 257.08,
        "punt_global_2022": 258.71,
        "matricula_total": 2677.0,
        "demanda_total": 3064.0,
        "sobre_demanda_j": 1.1445648113559954,
        "n_hogares_muestra": 2513.0,
        "poblacion_expandida": 128723.9999975,
        "tasa_pobreza_monetaria": 0.2827421697368544,
        "tasa_pobreza_extrema": 0.0529029950206042,
        "tasa_ipm": 0.0490107222974932,
        "ingreso_percapita_promedio": 1102998.6224623476,
        "capacidad_pago_promedio": 0.2913941386122904,
        "tamano_hogar_promedio": 3.478807982777081,
        "gasto_educ_promedio": 430644.8686486139,
        "tasa_deficit_cuantitativo": 0.0074946427559642,
        "tasa_deficit_cualitativo": 0.1201964374436817,
        "tasa_deficit_habitacional": 0.1276910801996459,
        "pct_estrato_1": 0.0708979982891865,
        "pct_estrato_2": 0.2641141736238796,
        "pct_estrato_3": 0.5290367794577747,
        "pct_estrato_4": 0.1082964924052293,
        "pct_estrato_5": 0.0266078202554808,
        "pct_estrato_6": 0.0,
        "s0_localidad": 0.6414694924474655,
        "dist_transmilenio_m": 596.6208034637913,
        "dist_sitp_m": 136.72240280137774,
        "dist_parque_m": 48.981429788630564,
        "homicidios": 93.0,
        "lesiones_personales": 1898.0,
        "hurto_personas": 34039.0,
        "hurto_residencias": 3332.0,
        "hurto_automotores": 363.0,
        "hurto_bicicletas": 1238.0,
        "hurto_comercio": 8366.0,
        "hurto_entidades": 408.0,
        "violencia_intrafam": 3095.0,
        "delitos_sexuales": 602.0,
        "pct_no_oficial": 78.79,
        "n_sedes_total": 132,
        "n_sedes_no_oficial": 104
      }
    },
    {
      "type": "Feature",
      "geometry": {
        "type": "Point",
        "coordinates": [
          -74.10140000028133,
          4.718000000528731
        ]
      },
      "properties": {
        "DANE12_EST": "111001000272",
        "id_establecimiento": "111001000272",
        "nombre_establecimiento": "COLEGIO INSTITUTO TECNICO LAUREANO GOMEZ (IED)",
        "nombre_localidad": "Engativa",
        "codigo_upz": "29",
        "nombre_upz": "EL MINUTO DE DIOS",
        "estrato": "Sin estrato",
        "zona": "URBANA",
        "caracter_media": "Técnico",
        "lon": -74.10140000028133,
        "lat": 4.718000000528731,
        "codigo_localidad": "10",
        "q_j": 270.46000000000004,
        "puntaje_2023": 275.14,
        "punt_global_2020": 264.82,
        "punt_global_2022": 271.42,
        "matricula_total": 2746.0,
        "demanda_total": 2989.0,
        "sobre_demanda_j": 1.088492352512746,
        "n_hogares_muestra": 2166.0,
        "poblacion_expandida": 110558.9999976,
        "tasa_pobreza_monetaria": 0.2692590366016898,
        "tasa_pobreza_extrema": 0.0975325126098651,
        "tasa_ipm": 0.0328496863953078,
        "ingreso_percapita_promedio": 931557.4989917966,
        "capacidad_pago_promedio": 0.2136129795540179,
        "tamano_hogar_promedio": 3.338568307222501,
        "gasto_educ_promedio": 241862.3459379892,
        "tasa_deficit_cuantitativo": 0.0077472086028147,
        "tasa_deficit_cualitativo": 0.0799938505032786,
        "tasa_deficit_habitacional": 0.0877410591060933,
        "pct_estrato_1": 0.0179532449736619,
        "pct_estrato_2": 0.3193885602788242,
        "pct_estrato_3": 0.6621872301376571,
        "pct_estrato_4": 0.0004709646098565,
        "pct_estrato_5": 0.0,
        "pct_estrato_6": 0.0,
        "s0_localidad": 0.45908732785239414,
        "dist_transmilenio_m": 1357.8597138667299,
        "dist_sitp_m": 108.37034460246664,
        "dist_parque_m": 200.2019608465563,
        "homicidios": 114.0,
        "lesiones_personales": 3260.0,
        "hurto_personas": 44584.0,
        "hurto_residencias": 4694.0,
        "hurto_automotores": 1548.0,
        "hurto_bicicletas": 2840.0,
        "hurto_comercio": 11724.0,
        "hurto_entidades": 1616.0,
        "violencia_intrafam": 6497.0,
        "delitos_sexuales": 1001.0,
        "pct_no_oficial": 73.15,
        "n_sedes_total": 257,
        "n_sedes_no_oficial": 188
      }
    },
    {
      "type": "Feature",
      "geometry": {
        "type": "Point",
        "coordinates": [
          -74.07194000027027,
          4.672620000400681
        ]
      },
      "properties": {
        "DANE12_EST": "111001000612",
        "id_establecimiento": "111001000612",
        "nombre_establecimiento": "COLEGIO FEMENINO LORENCITA VILLEGAS DE SANTOS (IED)",
        "nombre_localidad": "Barrios Unidos",
        "codigo_upz": "98",
        "nombre_upz": "LOS ALCAZARES",
        "estrato": "Estrato 3",
        "zona": "URBANA",
        "caracter_media": "Académico",
        "lon": -74.07194000027027,
        "lat": 4.672620000400681,
        "codigo_localidad": "12",
        "q_j": 289.4533333333333,
        "puntaje_2023": 292.31,
        "punt_global_2020": 286.0,
        "punt_global_2022": 290.05,
        "matricula_total": 628.0,
        "demanda_total": 680.0,
        "sobre_demanda_j": 1.0828025477707006,
        "n_hogares_muestra": 2261.0,
        "poblacion_expandida": 43325.0000007,
        "tasa_pobreza_monetaria": 0.195392019216693,
        "tasa_pobreza_extrema": 0.0434781177834867,
        "tasa_ipm": 0.0171271489714486,
        "ingreso_percapita_promedio": 1447423.36270404,
        "capacidad_pago_promedio": 0.1468334643507725,
        "tamano_hogar_promedio": 3.101802555929112,
        "gasto_educ_promedio": 344089.13322693633,
        "tasa_deficit_cuantitativo": 0.0065729456109728,
        "tasa_deficit_cualitativo": 0.075969832871248,
        "tasa_deficit_habitacional": 0.0825427784822209,
        "pct_estrato_1": 0.0037395459687797,
        "pct_estrato_2": 0.0,
        "pct_estrato_3": 0.8700645168191797,
        "pct_estrato_4": 0.1261959372120406,
        "pct_estrato_5": 0.0,
        "pct_estrato_6": 0.0,
        "s0_localidad": 0.4940130594962374,
        "dist_transmilenio_m": 283.4175307820261,
        "dist_sitp_m": 209.74573842664594,
        "dist_parque_m": 81.98830047689943,
        "homicidios": 31.0,
        "lesiones_personales": 1214.0,
        "hurto_personas": 18587.0,
        "hurto_residencias": 1176.0,
        "hurto_automotores": 352.0,
        "hurto_bicicletas": 816.0,
        "hurto_comercio": 4973.0,
        "hurto_entidades": 320.0,
        "violencia_intrafam": 1281.0,
        "delitos_sexuales": 275.0,
        "pct_no_oficial": 61.9,
        "n_sedes_total": 63,
        "n_sedes_no_oficial": 39
      }
    },
    {
      "type": "Feature",
      "geometry": {
        "type": "Point",
        "coordinates": [
          -74.10225999972363,
          4.6742800005248135
        ]
      },
      "properties": {
        "DANE12_EST": "111001001121",
        "id_establecimiento": "111001001121",
        "nombre_establecimiento": "COLEGIO MARCO TULIO FERNANDEZ (IED)",
        "nombre_localidad": "Engativa",
        "codigo_upz": "26",
        "nombre_upz": "LAS FERIAS",
        "estrato": "Estrato 3",
        "zona": "URBANA",
        "caracter_media": "Académico",
        "lon": -74.10225999972363,
        "lat": 4.6742800005248135,
        "codigo_localidad": "10",
        "q_j": 275.93666666666667,
        "puntaje_2023": 275.77,
        "punt_global_2020": 281.4,
        "punt_global_2022": 270.64,
        "matricula_total": 889.0,
        "demanda_total": 966.0,
        "sobre_demanda_j": 1.0866141732283465,
        "n_hogares_muestra": 2278.0,
        "poblacion_expandida": 100930.0000018,
        "tasa_pobreza_monetaria": 0.2695353069029509,
        "tasa_pobreza_extrema": 0.1010484491223433,
        "tasa_ipm": 0.0367254991106102,
        "ingreso_percapita_promedio": 1186126.366683503,
        "capacidad_pago_promedio": 0.2239212238293564,
        "tamano_hogar_promedio": 3.368175820974312,
        "gasto_educ_promedio": 317577.5411351805,
        "tasa_deficit_cuantitativo": 0.0013346152224075,
        "tasa_deficit_cualitativo": 0.0942891977967926,
        "tasa_deficit_habitacional": 0.0956238130192002,
        "pct_estrato_1": 0.0025422399444706,
        "pct_estrato_2": 0.0034884438699467,
        "pct_estrato_3": 0.9314214547896904,
        "pct_estrato_4": 0.0625478613958923,
        "pct_estrato_5": 0.0,
        "pct_estrato_6": 0.0,
        "s0_localidad": 0.45908732785239414,
        "dist_transmilenio_m": 1354.6733395677068,
        "dist_sitp_m": 68.9834655095826,
        "dist_parque_m": 213.67657819538317,
        "homicidios": 114.0,
        "lesiones_personales": 3260.0,
        "hurto_personas": 44584.0,
        "hurto_residencias": 4694.0,
        "hurto_automotores": 1548.0,
        "hurto_bicicletas": 2840.0,
        "hurto_comercio": 11724.0,
        "hurto_entidades": 1616.0,
        "violencia_intrafam": 6497.0,
        "delitos_sexuales": 1001.0,
        "pct_no_oficial": 73.15,
        "n_sedes_total": 257,
        "n_sedes_no_oficial": 188
      }
    },
    {
      "type": "Feature",
      "geometry": {
        "type": "Point",
        "coordinates": [
          -74.1620700002236,
          4.641830000236132
        ]
      },
      "properties": {
        "DANE12_EST": "111001001279",
        "id_establecimiento": "111001001279",
        "nombre_establecimiento": "COLEGIO DARIO ECHANDIA (IED)",
        "nombre_localidad": "Kennedy",
        "codigo_upz": "82",
        "nombre_upz": "PATIO BONITO",
        "estrato": "Estrato 2",
        "zona": "URBANA",
        "caracter_media": "Técnico",
        "lon": -74.1620700002236,
        "lat": 4.641830000236132,
        "codigo_localidad": "08",
        "q_j": 266.18666666666667,
        "puntaje_2023": 263.92,
        "punt_global_2020": 268.16,
        "punt_global_2022": 266.48,
        "matricula_total": 1935.0,
        "demanda_total": 2143.0,
        "sobre_demanda_j": 1.1074935400516797,
        "n_hogares_muestra": 3134.0,
        "poblacion_expandida": 138658.00000200002,
        "tasa_pobreza_monetaria": 0.6585619570185843,
        "tasa_pobreza_extrema": 0.2523168302650793,
        "tasa_ipm": 0.1284792567449627,
        "ingreso_percapita_promedio": 447236.7594871012,
        "capacidad_pago_promedio": 0.6481882147939796,
        "tamano_hogar_promedio": 3.7817963159676062,
        "gasto_educ_promedio": 124887.69466509685,
        "tasa_deficit_cuantitativo": 0.0269346346755768,
        "tasa_deficit_cualitativo": 0.2198651124468856,
        "tasa_deficit_habitacional": 0.2467997471224624,
        "pct_estrato_1": 0.0272882212569445,
        "pct_estrato_2": 0.9722349168079414,
        "pct_estrato_3": 0.000476861935114,
        "pct_estrato_4": 0.0,
        "pct_estrato_5": 0.0,
        "pct_estrato_6": 0.0,
        "s0_localidad": 0.3719221758740453,
        "dist_transmilenio_m": 530.0202980019574,
        "dist_sitp_m": 72.4570110772219,
        "dist_parque_m": 143.7466755253371,
        "homicidios": 277.0,
        "lesiones_personales": 5216.0,
        "hurto_personas": 45928.0,
        "hurto_residencias": 4574.0,
        "hurto_automotores": 2662.0,
        "hurto_bicicletas": 2842.0,
        "hurto_comercio": 11829.0,
        "hurto_entidades": 2994.0,
        "violencia_intrafam": 8341.0,
        "delitos_sexuales": 1353.0,
        "pct_no_oficial": 70.99,
        "n_sedes_total": 262,
        "n_sedes_no_oficial": 186
      }
    },
    {
      "type": "Feature",
      "geometry": {
        "type": "Point",
        "coordinates": [
          -74.12183000030913,
          4.710890000460284
        ]
      },
      "properties": {
        "DANE12_EST": "111001001538",
        "id_establecimiento": "111001001538",
        "nombre_establecimiento": "COLEGIO NUEVA CONSTITUCION (IED)",
        "nombre_localidad": "Engativa",
        "codigo_upz": "73",
        "nombre_upz": "GARCES NAVAS",
        "estrato": "Estrato 3",
        "zona": "URBANA",
        "caracter_media": "Académico",
        "lon": -74.12183000030913,
        "lat": 4.710890000460284,
        "codigo_localidad": "10",
        "q_j": 255.67999999999998,
        "puntaje_2023": 270.64,
        "punt_global_2020": 248.19,
        "punt_global_2022": 248.21,
        "matricula_total": 2119.0,
        "demanda_total": 2382.0,
        "sobre_demanda_j": 1.124115148655026,
        "n_hogares_muestra": 2364.0,
        "poblacion_expandida": 167506.0000011,
        "tasa_pobreza_monetaria": 0.2219642795258429,
        "tasa_pobreza_extrema": 0.0757724700465454,
        "tasa_ipm": 0.0305512445349205,
        "ingreso_percapita_promedio": 1231332.3061936938,
        "capacidad_pago_promedio": 0.1792359084671763,
        "tamano_hogar_promedio": 3.4970780660695926,
        "gasto_educ_promedio": 398876.4619564738,
        "tasa_deficit_cuantitativo": 0.0047428715329288,
        "tasa_deficit_cualitativo": 0.0939250012470997,
        "tasa_deficit_habitacional": 0.0986678727800285,
        "pct_estrato_1": 0.0056796068421056,
        "pct_estrato_2": 0.19212094725018,
        "pct_estrato_3": 0.7082817853546792,
        "pct_estrato_4": 0.093917660553035,
        "pct_estrato_5": 0.0,
        "pct_estrato_6": 0.0,
        "s0_localidad": 0.45908732785239414,
        "dist_transmilenio_m": 1260.4173530983971,
        "dist_sitp_m": 194.36918132833898,
        "dist_parque_m": 45.63678550603519,
        "homicidios": 114.0,
        "lesiones_personales": 3260.0,
        "hurto_personas": 44584.0,
        "hurto_residencias": 4694.0,
        "hurto_automotores": 1548.0,
        "hurto_bicicletas": 2840.0,
        "hurto_comercio": 11724.0,
        "hurto_entidades": 1616.0,
        "violencia_intrafam": 6497.0,
        "delitos_sexuales": 1001.0,
        "pct_no_oficial": 73.15,
        "n_sedes_total": 257,
        "n_sedes_no_oficial": 188
      }
    },
    {
      "type": "Feature",
      "geometry": {
        "type": "Point",
        "coordinates": [
          -74.10861000002423,
          4.742219999872693
        ]
      },
      "properties": {
        "DANE12_EST": "111001002330",
        "id_establecimiento": "111001002330",
        "nombre_establecimiento": "COLEGIO LA GAITANA (IED)",
        "nombre_localidad": "Suba",
        "codigo_upz": "71",
        "nombre_upz": "TIBABUYES",
        "estrato": "Sin estrato",
        "zona": "URBANA",
        "caracter_media": "Académico",
        "lon": -74.10861000002423,
        "lat": 4.742219999872693,
        "codigo_localidad": "11",
        "q_j": 248.14666666666668,
        "puntaje_2023": 245.52,
        "punt_global_2020": 246.02,
        "punt_global_2022": 252.9,
        "matricula_total": 2101.0,
        "demanda_total": 2421.0,
        "sobre_demanda_j": 1.1523084245597335,
        "n_hogares_muestra": 2573.0,
        "poblacion_expandida": 297101.9999961,
        "tasa_pobreza_monetaria": 0.4456968888729736,
        "tasa_pobreza_extrema": 0.1490413708291471,
        "tasa_ipm": 0.0547952712557091,
        "ingreso_percapita_promedio": 644941.2180258469,
        "capacidad_pago_promedio": 0.4503924567810265,
        "tamano_hogar_promedio": 3.863038542648874,
        "gasto_educ_promedio": 238418.55806301135,
        "tasa_deficit_cuantitativo": 0.0083614290907924,
        "tasa_deficit_cualitativo": 0.1447133755318523,
        "tasa_deficit_habitacional": 0.1530748046226447,
        "pct_estrato_1": 0.0023181771173167,
        "pct_estrato_2": 0.8509075995924582,
        "pct_estrato_3": 0.1452201069826738,
        "pct_estrato_4": 0.0015541163075511,
        "pct_estrato_5": 0.0,
        "pct_estrato_6": 0.0,
        "s0_localidad": 0.5228297059197053,
        "dist_transmilenio_m": 1668.2571235010273,
        "dist_sitp_m": 52.61390952737331,
        "dist_parque_m": 85.21132903600481,
        "homicidios": 143.0,
        "lesiones_personales": 4117.0,
        "hurto_personas": 47285.0,
        "hurto_residencias": 5010.0,
        "hurto_automotores": 938.0,
        "hurto_bicicletas": 2774.0,
        "hurto_comercio": 12600.0,
        "hurto_entidades": 1324.0,
        "violencia_intrafam": 8047.0,
        "delitos_sexuales": 1387.0,
        "pct_no_oficial": 80.22,
        "n_sedes_total": 364,
        "n_sedes_no_oficial": 292
      }
    },
    {
      "type": "Feature",
      "geometry": {
        "type": "Point",
        "coordinates": [
          -74.1969499998744,
          4.605169999766638
        ]
      },
      "properties": {
        "DANE12_EST": "111001002909",
        "id_establecimiento": "111001002909",
        "nombre_establecimiento": "COLEGIO CARLOS ALBAN HOLGUIN (IED)",
        "nombre_localidad": "Bosa",
        "codigo_upz": "85",
        "nombre_upz": "BOSA CENTRAL",
        "estrato": "Estrato 2",
        "zona": "URBANA",
        "caracter_media": "Académico",
        "lon": -74.1969499998744,
        "lat": 4.605169999766638,
        "codigo_localidad": "07",
        "q_j": 245.76,
        "puntaje_2023": 240.94,
        "punt_global_2020": 246.78,
        "punt_global_2022": 249.56,
        "matricula_total": 4932.0,
        "demanda_total": 5376.0,
        "sobre_demanda_j": 1.0900243309002433,
        "n_hogares_muestra": 2530.0,
        "poblacion_expandida": 236893.9999938,
        "tasa_pobreza_monetaria": 0.5774122247227872,
        "tasa_pobreza_extrema": 0.2259702239533336,
        "tasa_ipm": 0.0772742342008624,
        "ingreso_percapita_promedio": 559243.4881524148,
        "capacidad_pago_promedio": 0.5417241991656973,
        "tamano_hogar_promedio": 3.662381280285304,
        "gasto_educ_promedio": 133205.3566644155,
        "tasa_deficit_cuantitativo": 0.0140410598706048,
        "tasa_deficit_cualitativo": 0.1537435722367523,
        "tasa_deficit_habitacional": 0.1677846321073571,
        "pct_estrato_1": 0.0108539179665474,
        "pct_estrato_2": 0.9885468201365548,
        "pct_estrato_3": 0.0005992618968978,
        "pct_estrato_4": 0.0,
        "pct_estrato_5": 0.0,
        "pct_estrato_6": 0.0,
        "s0_localidad": 0.2763191613237501,
        "dist_transmilenio_m": 1505.7994024055702,
        "dist_sitp_m": 54.36092349784903,
        "dist_parque_m": 166.08771395017285,
        "homicidios": 209.0,
        "lesiones_personales": 3464.0,
        "hurto_personas": 19664.0,
        "hurto_residencias": 2638.0,
        "hurto_automotores": 681.0,
        "hurto_bicicletas": 1403.0,
        "hurto_comercio": 5397.0,
        "hurto_entidades": 1643.0,
        "violencia_intrafam": 7523.0,
        "delitos_sexuales": 1159.0,
        "pct_no_oficial": 55.7,
        "n_sedes_total": 149,
        "n_sedes_no_oficial": 83
      }
    },
    {
      "type": "Feature",
      "geometry": {
        "type": "Point",
        "coordinates": [
          -74.10135000005262,
          4.622370000259578
        ]
      },
      "properties": {
        "DANE12_EST": "111001006122",
        "id_establecimiento": "111001006122",
        "nombre_establecimiento": "COLEGIO LA MERCED (IED)",
        "nombre_localidad": "Puente Aranda",
        "codigo_upz": "108",
        "nombre_upz": "ZONA INDUSTRIAL",
        "estrato": "Sin estrato",
        "zona": "URBANA",
        "caracter_media": "Académico - Técnico",
        "lon": -74.10135000005262,
        "lat": 4.622370000259578,
        "codigo_localidad": "16",
        "q_j": 278.4533333333333,
        "puntaje_2023": 285.88,
        "punt_global_2020": 269.49,
        "punt_global_2022": 279.99,
        "matricula_total": 1397.0,
        "demanda_total": 1499.0,
        "sobre_demanda_j": 1.0730136005726556,
        "n_hogares_muestra": null,
        "poblacion_expandida": null,
        "tasa_pobreza_monetaria": null,
        "tasa_pobreza_extrema": null,
        "tasa_ipm": null,
        "ingreso_percapita_promedio": null,
        "capacidad_pago_promedio": null,
        "tamano_hogar_promedio": null,
        "gasto_educ_promedio": null,
        "tasa_deficit_cuantitativo": null,
        "tasa_deficit_cualitativo": null,
        "tasa_deficit_habitacional": null,
        "pct_estrato_1": null,
        "pct_estrato_2": null,
        "pct_estrato_3": null,
        "pct_estrato_4": null,
        "pct_estrato_5": null,
        "pct_estrato_6": null,
        "s0_localidad": 0.5211076175873677,
        "dist_transmilenio_m": 46.78586962304325,
        "dist_sitp_m": 93.93797032775178,
        "dist_parque_m": 508.8616939775099,
        "homicidios": 81.0,
        "lesiones_personales": 1979.0,
        "hurto_personas": 20917.0,
        "hurto_residencias": 1572.0,
        "hurto_automotores": 1079.0,
        "hurto_bicicletas": 778.0,
        "hurto_comercio": 5413.0,
        "hurto_entidades": 730.0,
        "violencia_intrafam": 2327.0,
        "delitos_sexuales": 548.0,
        "pct_no_oficial": 68.0,
        "n_sedes_total": 100,
        "n_sedes_no_oficial": 68
      }
    },
    {
      "type": "Feature",
      "geometry": {
        "type": "Point",
        "coordinates": [
          -74.10401999968954,
          4.685770000129998
        ]
      },
      "properties": {
        "DANE12_EST": "111001006483",
        "id_establecimiento": "111001006483",
        "nombre_establecimiento": "COLEGIO ANTONIO NARIÑO (IED)",
        "nombre_localidad": "Engativa",
        "codigo_upz": "30",
        "nombre_upz": "BOYACA REAL",
        "estrato": "Estrato 3",
        "zona": "URBANA",
        "caracter_media": "Académico",
        "lon": -74.10401999968954,
        "lat": 4.685770000129998,
        "codigo_localidad": "10",
        "q_j": 259.06,
        "puntaje_2023": 268.43,
        "punt_global_2020": 254.5,
        "punt_global_2022": 254.25,
        "matricula_total": 2278.0,
        "demanda_total": 2550.0,
        "sobre_demanda_j": 1.1194029850746268,
        "n_hogares_muestra": 2323.0,
        "poblacion_expandida": 128077.9999945,
        "tasa_pobreza_monetaria": 0.213169851741692,
        "tasa_pobreza_extrema": 0.0877135985140494,
        "tasa_ipm": 0.0197830925311826,
        "ingreso_percapita_promedio": 1221231.80860735,
        "capacidad_pago_promedio": 0.1232248676648428,
        "tamano_hogar_promedio": 3.322991165188217,
        "gasto_educ_promedio": 371577.3862272356,
        "tasa_deficit_cuantitativo": 0.0,
        "tasa_deficit_cualitativo": 0.0643023044664475,
        "tasa_deficit_habitacional": 0.0643023044664475,
        "pct_estrato_1": 0.0,
        "pct_estrato_2": 0.0071695178855028,
        "pct_estrato_3": 0.9726107268441838,
        "pct_estrato_4": 0.0169566394532492,
        "pct_estrato_5": 0.0,
        "pct_estrato_6": 0.0032631158170641,
        "s0_localidad": 0.45908732785239414,
        "dist_transmilenio_m": 1732.023733660929,
        "dist_sitp_m": 31.89434090806584,
        "dist_parque_m": 345.4413787998466,
        "homicidios": 114.0,
        "lesiones_personales": 3260.0,
        "hurto_personas": 44584.0,
        "hurto_residencias": 4694.0,
        "hurto_automotores": 1548.0,
        "hurto_bicicletas": 2840.0,
        "hurto_comercio": 11724.0,
        "hurto_entidades": 1616.0,
        "violencia_intrafam": 6497.0,
        "delitos_sexuales": 1001.0,
        "pct_no_oficial": 73.15,
        "n_sedes_total": 257,
        "n_sedes_no_oficial": 188
      }
    },
    {
      "type": "Feature",
      "geometry": {
        "type": "Point",
        "coordinates": [
          -74.06654999986941,
          4.684800000503679
        ]
      },
      "properties": {
        "DANE12_EST": "111001008389",
        "id_establecimiento": "111001008389",
        "nombre_establecimiento": "COLEGIO TECNICO DOMINGO FAUSTINO SARMIENTO (IED)",
        "nombre_localidad": "Barrios Unidos",
        "codigo_upz": "21",
        "nombre_upz": "LOS ANDES",
        "estrato": "Estrato 4",
        "zona": "URBANA",
        "caracter_media": "Técnico",
        "lon": -74.06654999986941,
        "lat": 4.684800000503679,
        "codigo_localidad": "12",
        "q_j": 261.12000000000006,
        "puntaje_2023": 262.96,
        "punt_global_2020": 255.99,
        "punt_global_2022": 264.41,
        "matricula_total": 1173.0,
        "demanda_total": 1284.0,
        "sobre_demanda_j": 1.0946291560102301,
        "n_hogares_muestra": 2267.0,
        "poblacion_expandida": 30426.999922500003,
        "tasa_pobreza_monetaria": 0.1405297199129409,
        "tasa_pobreza_extrema": 0.0684748258489762,
        "tasa_ipm": 0.0168336663261119,
        "ingreso_percapita_promedio": 1932826.3868923185,
        "capacidad_pago_promedio": 0.0624193114384427,
        "tamano_hogar_promedio": 3.210345565363058,
        "gasto_educ_promedio": 631055.7282888475,
        "tasa_deficit_cuantitativo": 0.0057608182813443,
        "tasa_deficit_cualitativo": 0.0305394967813721,
        "tasa_deficit_habitacional": 0.0363003150627164,
        "pct_estrato_1": 0.0029317191910871,
        "pct_estrato_2": 0.0021562413174847,
        "pct_estrato_3": 0.4804666226192579,
        "pct_estrato_4": 0.3878288944508738,
        "pct_estrato_5": 0.1266165224212962,
        "pct_estrato_6": 0.0,
        "s0_localidad": 0.4940130594962374,
        "dist_transmilenio_m": 335.6571423809991,
        "dist_sitp_m": 87.78097450941539,
        "dist_parque_m": 86.71436920118263,
        "homicidios": 31.0,
        "lesiones_personales": 1214.0,
        "hurto_personas": 18587.0,
        "hurto_residencias": 1176.0,
        "hurto_automotores": 352.0,
        "hurto_bicicletas": 816.0,
        "hurto_comercio": 4973.0,
        "hurto_entidades": 320.0,
        "violencia_intrafam": 1281.0,
        "delitos_sexuales": 275.0,
        "pct_no_oficial": 61.9,
        "n_sedes_total": 63,
        "n_sedes_no_oficial": 39
      }
    },
    {
      "type": "Feature",
      "geometry": {
        "type": "Point",
        "coordinates": [
          -74.0657399997575,
          4.653119999988235
        ]
      },
      "properties": {
        "DANE12_EST": "111001009148",
        "id_establecimiento": "111001009148",
        "nombre_establecimiento": "COLEGIO HELADIA MEJIA (IED)",
        "nombre_localidad": "Barrios Unidos",
        "codigo_upz": "98",
        "nombre_upz": "LOS ALCAZARES",
        "estrato": "Estrato 3",
        "zona": "URBANA",
        "caracter_media": "Sin información",
        "lon": -74.0657399997575,
        "lat": 4.653119999988235,
        "codigo_localidad": "12",
        "q_j": 260.74666666666667,
        "puntaje_2023": 266.15,
        "punt_global_2020": 251.11,
        "punt_global_2022": 264.98,
        "matricula_total": 1203.0,
        "demanda_total": 1293.0,
        "sobre_demanda_j": 1.0748129675810474,
        "n_hogares_muestra": 2261.0,
        "poblacion_expandida": 43325.0000007,
        "tasa_pobreza_monetaria": 0.195392019216693,
        "tasa_pobreza_extrema": 0.0434781177834867,
        "tasa_ipm": 0.0171271489714486,
        "ingreso_percapita_promedio": 1447423.36270404,
        "capacidad_pago_promedio": 0.1468334643507725,
        "tamano_hogar_promedio": 3.101802555929112,
        "gasto_educ_promedio": 344089.13322693633,
        "tasa_deficit_cuantitativo": 0.0065729456109728,
        "tasa_deficit_cualitativo": 0.075969832871248,
        "tasa_deficit_habitacional": 0.0825427784822209,
        "pct_estrato_1": 0.0037395459687797,
        "pct_estrato_2": 0.0,
        "pct_estrato_3": 0.8700645168191797,
        "pct_estrato_4": 0.1261959372120406,
        "pct_estrato_5": 0.0,
        "pct_estrato_6": 0.0,
        "s0_localidad": 0.4940130594962374,
        "dist_transmilenio_m": 361.81268461022097,
        "dist_sitp_m": 136.57295201632812,
        "dist_parque_m": 89.28355783549762,
        "homicidios": 31.0,
        "lesiones_personales": 1214.0,
        "hurto_personas": 18587.0,
        "hurto_residencias": 1176.0,
        "hurto_automotores": 352.0,
        "hurto_bicicletas": 816.0,
        "hurto_comercio": 4973.0,
        "hurto_entidades": 320.0,
        "violencia_intrafam": 1281.0,
        "delitos_sexuales": 275.0,
        "pct_no_oficial": 61.9,
        "n_sedes_total": 63,
        "n_sedes_no_oficial": 39
      }
    },
    {
      "type": "Feature",
      "geometry": {
        "type": "Point",
        "coordinates": [
          -74.10130999986964,
          4.679009999997465
        ]
      },
      "properties": {
        "DANE12_EST": "111001009521",
        "id_establecimiento": "111001009521",
        "nombre_establecimiento": "COLEGIO ROBERT F. KENNEDY (IED)",
        "nombre_localidad": "Engativa",
        "codigo_upz": "31",
        "nombre_upz": "SANTA CECILIA",
        "estrato": "Estrato 3",
        "zona": "URBANA",
        "caracter_media": "Académico",
        "lon": -74.10130999986964,
        "lat": 4.679009999997465,
        "codigo_localidad": "10",
        "q_j": 261.86333333333334,
        "puntaje_2023": 260.84,
        "punt_global_2020": 263.6,
        "punt_global_2022": 261.15,
        "matricula_total": 1549.0,
        "demanda_total": 1701.0,
        "sobre_demanda_j": 1.0981278244028405,
        "n_hogares_muestra": null,
        "poblacion_expandida": null,
        "tasa_pobreza_monetaria": null,
        "tasa_pobreza_extrema": null,
        "tasa_ipm": null,
        "ingreso_percapita_promedio": null,
        "capacidad_pago_promedio": null,
        "tamano_hogar_promedio": null,
        "gasto_educ_promedio": null,
        "tasa_deficit_cuantitativo": null,
        "tasa_deficit_cualitativo": null,
        "tasa_deficit_habitacional": null,
        "pct_estrato_1": null,
        "pct_estrato_2": null,
        "pct_estrato_3": null,
        "pct_estrato_4": null,
        "pct_estrato_5": null,
        "pct_estrato_6": null,
        "s0_localidad": 0.45908732785239414,
        "dist_transmilenio_m": 1731.0611375743208,
        "dist_sitp_m": 6.582678152746732,
        "dist_parque_m": 62.64810409832322,
        "homicidios": 114.0,
        "lesiones_personales": 3260.0,
        "hurto_personas": 44584.0,
        "hurto_residencias": 4694.0,
        "hurto_automotores": 1548.0,
        "hurto_bicicletas": 2840.0,
        "hurto_comercio": 11724.0,
        "hurto_entidades": 1616.0,
        "violencia_intrafam": 6497.0,
        "delitos_sexuales": 1001.0,
        "pct_no_oficial": 73.15,
        "n_sedes_total": 257,
        "n_sedes_no_oficial": 188
      }
    },
    {
      "type": "Feature",
      "geometry": {
        "type": "Point",
        "coordinates": [
          -74.08251000011141,
          4.68723000049107
        ]
      },
      "properties": {
        "DANE12_EST": "111001009580",
        "id_establecimiento": "111001009580",
        "nombre_establecimiento": "COLEGIO INSTITUTO TECNICO JUAN DEL CORRAL (IED)",
        "nombre_localidad": "Engativa",
        "codigo_upz": "26",
        "nombre_upz": "LAS FERIAS",
        "estrato": "Estrato 3",
        "zona": "URBANA",
        "caracter_media": "Académico - Técnico",
        "lon": -74.08251000011141,
        "lat": 4.68723000049107,
        "codigo_localidad": "10",
        "q_j": 272.52,
        "puntaje_2023": 271.92,
        "punt_global_2020": 267.95,
        "punt_global_2022": 277.69,
        "matricula_total": 1280.0,
        "demanda_total": 1379.0,
        "sobre_demanda_j": 1.07734375,
        "n_hogares_muestra": 2278.0,
        "poblacion_expandida": 100930.0000018,
        "tasa_pobreza_monetaria": 0.2695353069029509,
        "tasa_pobreza_extrema": 0.1010484491223433,
        "tasa_ipm": 0.0367254991106102,
        "ingreso_percapita_promedio": 1186126.366683503,
        "capacidad_pago_promedio": 0.2239212238293564,
        "tamano_hogar_promedio": 3.368175820974312,
        "gasto_educ_promedio": 317577.5411351805,
        "tasa_deficit_cuantitativo": 0.0013346152224075,
        "tasa_deficit_cualitativo": 0.0942891977967926,
        "tasa_deficit_habitacional": 0.0956238130192002,
        "pct_estrato_1": 0.0025422399444706,
        "pct_estrato_2": 0.0034884438699467,
        "pct_estrato_3": 0.9314214547896904,
        "pct_estrato_4": 0.0625478613958923,
        "pct_estrato_5": 0.0,
        "pct_estrato_6": 0.0,
        "s0_localidad": 0.45908732785239414,
        "dist_transmilenio_m": 230.31750691975537,
        "dist_sitp_m": 47.493128953612114,
        "dist_parque_m": 153.8538755266382,
        "homicidios": 114.0,
        "lesiones_personales": 3260.0,
        "hurto_personas": 44584.0,
        "hurto_residencias": 4694.0,
        "hurto_automotores": 1548.0,
        "hurto_bicicletas": 2840.0,
        "hurto_comercio": 11724.0,
        "hurto_entidades": 1616.0,
        "violencia_intrafam": 6497.0,
        "delitos_sexuales": 1001.0,
        "pct_no_oficial": 73.15,
        "n_sedes_total": 257,
        "n_sedes_no_oficial": 188
      }
    },
    {
      "type": "Feature",
      "geometry": {
        "type": "Point",
        "coordinates": [
          -74.1313199997016,
          4.578610000151233
        ]
      },
      "properties": {
        "DANE12_EST": "111001009652",
        "id_establecimiento": "111001009652",
        "nombre_establecimiento": "COLEGIO CENTRO INTEGRAL JOSE MARIA CORDOBA (IED)",
        "nombre_localidad": "Tunjuelito",
        "codigo_upz": "42",
        "nombre_upz": "VENECIA",
        "estrato": "Estrato 3",
        "zona": "URBANA",
        "caracter_media": "Académico",
        "lon": -74.1313199997016,
        "lat": 4.578610000151233,
        "codigo_localidad": "06",
        "q_j": 260.17333333333335,
        "puntaje_2023": 266.02,
        "punt_global_2020": 257.56,
        "punt_global_2022": 256.94,
        "matricula_total": 2750.0,
        "demanda_total": 3007.0,
        "sobre_demanda_j": 1.0934545454545455,
        "n_hogares_muestra": 2196.0,
        "poblacion_expandida": 139490.0000064,
        "tasa_pobreza_monetaria": 0.3456416416631149,
        "tasa_pobreza_extrema": 0.1503118512921213,
        "tasa_ipm": 0.0363638721992061,
        "ingreso_percapita_promedio": 842886.8720213596,
        "capacidad_pago_promedio": 0.2543474672254081,
        "tamano_hogar_promedio": 3.158857941575621,
        "gasto_educ_promedio": 260612.53234385408,
        "tasa_deficit_cuantitativo": 0.0054515723698122,
        "tasa_deficit_cualitativo": 0.1344675835245495,
        "tasa_deficit_habitacional": 0.1399191558943617,
        "pct_estrato_1": 0.0,
        "pct_estrato_2": 0.5468256713047553,
        "pct_estrato_3": 0.4531743286952447,
        "pct_estrato_4": 0.0,
        "pct_estrato_5": 0.0,
        "pct_estrato_6": 0.0,
        "s0_localidad": 0.24596233549441804,
        "dist_transmilenio_m": 929.3891672547398,
        "dist_sitp_m": 87.6927425247967,
        "dist_parque_m": 60.29178356238178,
        "homicidios": 67.0,
        "lesiones_personales": 1311.0,
        "hurto_personas": 8872.0,
        "hurto_residencias": 687.0,
        "hurto_automotores": 293.0,
        "hurto_bicicletas": 367.0,
        "hurto_comercio": 2403.0,
        "hurto_entidades": 312.0,
        "violencia_intrafam": 1641.0,
        "delitos_sexuales": 328.0,
        "pct_no_oficial": 64.29,
        "n_sedes_total": 70,
        "n_sedes_no_oficial": 45
      }
    },
    {
      "type": "Feature",
      "geometry": {
        "type": "Point",
        "coordinates": [
          -74.06784000038034,
          4.614640000028481
        ]
      },
      "properties": {
        "DANE12_EST": "111001009831",
        "id_establecimiento": "111001009831",
        "nombre_establecimiento": "COLEGIO POLICARPA SALAVARRIETA (IED)",
        "nombre_localidad": "Santa Fe",
        "codigo_upz": "91",
        "nombre_upz": "SAGRADO CORAZON",
        "estrato": "Sin estrato",
        "zona": "URBANA",
        "caracter_media": "Académico",
        "lon": -74.06784000038034,
        "lat": 4.614640000028481,
        "codigo_localidad": "03",
        "q_j": 256.4533333333333,
        "puntaje_2023": 258.08,
        "punt_global_2020": 250.08,
        "punt_global_2022": 261.2,
        "matricula_total": 1035.0,
        "demanda_total": 1194.0,
        "sobre_demanda_j": 1.153623188405797,
        "n_hogares_muestra": null,
        "poblacion_expandida": null,
        "tasa_pobreza_monetaria": null,
        "tasa_pobreza_extrema": null,
        "tasa_ipm": null,
        "ingreso_percapita_promedio": null,
        "capacidad_pago_promedio": null,
        "tamano_hogar_promedio": null,
        "gasto_educ_promedio": null,
        "tasa_deficit_cuantitativo": null,
        "tasa_deficit_cualitativo": null,
        "tasa_deficit_habitacional": null,
        "pct_estrato_1": null,
        "pct_estrato_2": null,
        "pct_estrato_3": null,
        "pct_estrato_4": null,
        "pct_estrato_5": null,
        "pct_estrato_6": null,
        "s0_localidad": 0.26720847821961147,
        "dist_transmilenio_m": 167.843741668238,
        "dist_sitp_m": 184.29442156068626,
        "dist_parque_m": 117.76119786118036,
        "homicidios": 113.0,
        "lesiones_personales": 1683.0,
        "hurto_personas": 25139.0,
        "hurto_residencias": 580.0,
        "hurto_automotores": 128.0,
        "hurto_bicicletas": 443.0,
        "hurto_comercio": 7043.0,
        "hurto_entidades": 180.0,
        "violencia_intrafam": 1602.0,
        "delitos_sexuales": 514.0,
        "pct_no_oficial": 44.83,
        "n_sedes_total": 29,
        "n_sedes_no_oficial": 13
      }
    },
    {
      "type": "Feature",
      "geometry": {
        "type": "Point",
        "coordinates": [
          -74.0915900003234,
          4.677370000076788
        ]
      },
      "properties": {
        "DANE12_EST": "111001009971",
        "id_establecimiento": "111001009971",
        "nombre_establecimiento": "COLEGIO REPUBLICA DE COLOMBIA (IED)",
        "nombre_localidad": "Engativa",
        "codigo_upz": "26",
        "nombre_upz": "LAS FERIAS",
        "estrato": "Estrato 3",
        "zona": "URBANA",
        "caracter_media": "Académico",
        "lon": -74.0915900003234,
        "lat": 4.677370000076788,
        "codigo_localidad": "10",
        "q_j": 263.56666666666666,
        "puntaje_2023": 269.23,
        "punt_global_2020": 260.09,
        "punt_global_2022": 261.38,
        "matricula_total": 1974.0,
        "demanda_total": 2169.0,
        "sobre_demanda_j": 1.0987841945288754,
        "n_hogares_muestra": 2278.0,
        "poblacion_expandida": 100930.0000018,
        "tasa_pobreza_monetaria": 0.2695353069029509,
        "tasa_pobreza_extrema": 0.1010484491223433,
        "tasa_ipm": 0.0367254991106102,
        "ingreso_percapita_promedio": 1186126.366683503,
        "capacidad_pago_promedio": 0.2239212238293564,
        "tamano_hogar_promedio": 3.368175820974312,
        "gasto_educ_promedio": 317577.5411351805,
        "tasa_deficit_cuantitativo": 0.0013346152224075,
        "tasa_deficit_cualitativo": 0.0942891977967926,
        "tasa_deficit_habitacional": 0.0956238130192002,
        "pct_estrato_1": 0.0025422399444706,
        "pct_estrato_2": 0.0034884438699467,
        "pct_estrato_3": 0.9314214547896904,
        "pct_estrato_4": 0.0625478613958923,
        "pct_estrato_5": 0.0,
        "pct_estrato_6": 0.0,
        "s0_localidad": 0.45908732785239414,
        "dist_transmilenio_m": 1543.2954828895463,
        "dist_sitp_m": 69.70091656767681,
        "dist_parque_m": 65.852556268717,
        "homicidios": 114.0,
        "lesiones_personales": 3260.0,
        "hurto_personas": 44584.0,
        "hurto_residencias": 4694.0,
        "hurto_automotores": 1548.0,
        "hurto_bicicletas": 2840.0,
        "hurto_comercio": 11724.0,
        "hurto_entidades": 1616.0,
        "violencia_intrafam": 6497.0,
        "delitos_sexuales": 1001.0,
        "pct_no_oficial": 73.15,
        "n_sedes_total": 257,
        "n_sedes_no_oficial": 188
      }
    },
    {
      "type": "Feature",
      "geometry": {
        "type": "Point",
        "coordinates": [
          -74.1874300003447,
          4.599630000502337
        ]
      },
      "properties": {
        "DANE12_EST": "111001010031",
        "id_establecimiento": "111001010031",
        "nombre_establecimiento": "COLEGIO CEDID SAN PABLO (IED)",
        "nombre_localidad": "Bosa",
        "codigo_upz": "85",
        "nombre_upz": "BOSA CENTRAL",
        "estrato": "Estrato 2",
        "zona": "URBANA",
        "caracter_media": "Académico - Técnico",
        "lon": -74.1874300003447,
        "lat": 4.599630000502337,
        "codigo_localidad": "07",
        "q_j": 249.28666666666666,
        "puntaje_2023": 260.86,
        "punt_global_2020": 245.18,
        "punt_global_2022": 241.82,
        "matricula_total": 4106.0,
        "demanda_total": 4525.0,
        "sobre_demanda_j": 1.1020457866536775,
        "n_hogares_muestra": 2530.0,
        "poblacion_expandida": 236893.9999938,
        "tasa_pobreza_monetaria": 0.5774122247227872,
        "tasa_pobreza_extrema": 0.2259702239533336,
        "tasa_ipm": 0.0772742342008624,
        "ingreso_percapita_promedio": 559243.4881524148,
        "capacidad_pago_promedio": 0.5417241991656973,
        "tamano_hogar_promedio": 3.662381280285304,
        "gasto_educ_promedio": 133205.3566644155,
        "tasa_deficit_cuantitativo": 0.0140410598706048,
        "tasa_deficit_cualitativo": 0.1537435722367523,
        "tasa_deficit_habitacional": 0.1677846321073571,
        "pct_estrato_1": 0.0108539179665474,
        "pct_estrato_2": 0.9885468201365548,
        "pct_estrato_3": 0.0005992618968978,
        "pct_estrato_4": 0.0,
        "pct_estrato_5": 0.0,
        "pct_estrato_6": 0.0,
        "s0_localidad": 0.2763191613237501,
        "dist_transmilenio_m": 565.079313988051,
        "dist_sitp_m": 134.3519849619342,
        "dist_parque_m": 152.36910726820204,
        "homicidios": 209.0,
        "lesiones_personales": 3464.0,
        "hurto_personas": 19664.0,
        "hurto_residencias": 2638.0,
        "hurto_automotores": 681.0,
        "hurto_bicicletas": 1403.0,
        "hurto_comercio": 5397.0,
        "hurto_entidades": 1643.0,
        "violencia_intrafam": 7523.0,
        "delitos_sexuales": 1159.0,
        "pct_no_oficial": 55.7,
        "n_sedes_total": 149,
        "n_sedes_no_oficial": 83
      }
    },
    {
      "type": "Feature",
      "geometry": {
        "type": "Point",
        "coordinates": [
          -74.14358000008676,
          4.592029999863298
        ]
      },
      "properties": {
        "DANE12_EST": "111001010251",
        "id_establecimiento": "111001010251",
        "nombre_establecimiento": "COLEGIO VENECIA (IED)",
        "nombre_localidad": "Tunjuelito",
        "codigo_upz": "42",
        "nombre_upz": "VENECIA",
        "estrato": "Estrato 3",
        "zona": "URBANA",
        "caracter_media": "Académico",
        "lon": -74.14358000008676,
        "lat": 4.592029999863298,
        "codigo_localidad": "06",
        "q_j": 256.94,
        "puntaje_2023": 260.4,
        "punt_global_2020": 251.8,
        "punt_global_2022": 258.62,
        "matricula_total": 4095.0,
        "demanda_total": 4480.0,
        "sobre_demanda_j": 1.0940170940170941,
        "n_hogares_muestra": 2196.0,
        "poblacion_expandida": 139490.0000064,
        "tasa_pobreza_monetaria": 0.3456416416631149,
        "tasa_pobreza_extrema": 0.1503118512921213,
        "tasa_ipm": 0.0363638721992061,
        "ingreso_percapita_promedio": 842886.8720213596,
        "capacidad_pago_promedio": 0.2543474672254081,
        "tamano_hogar_promedio": 3.158857941575621,
        "gasto_educ_promedio": 260612.53234385408,
        "tasa_deficit_cuantitativo": 0.0054515723698122,
        "tasa_deficit_cualitativo": 0.1344675835245495,
        "tasa_deficit_habitacional": 0.1399191558943617,
        "pct_estrato_1": 0.0,
        "pct_estrato_2": 0.5468256713047553,
        "pct_estrato_3": 0.4531743286952447,
        "pct_estrato_4": 0.0,
        "pct_estrato_5": 0.0,
        "pct_estrato_6": 0.0,
        "s0_localidad": 0.24596233549441804,
        "dist_transmilenio_m": 406.1536322128502,
        "dist_sitp_m": 163.77979105207172,
        "dist_parque_m": 132.89898897739684,
        "homicidios": 67.0,
        "lesiones_personales": 1311.0,
        "hurto_personas": 8872.0,
        "hurto_residencias": 687.0,
        "hurto_automotores": 293.0,
        "hurto_bicicletas": 367.0,
        "hurto_comercio": 2403.0,
        "hurto_entidades": 312.0,
        "violencia_intrafam": 1641.0,
        "delitos_sexuales": 328.0,
        "pct_no_oficial": 64.29,
        "n_sedes_total": 70,
        "n_sedes_no_oficial": 45
      }
    },
    {
      "type": "Feature",
      "geometry": {
        "type": "Point",
        "coordinates": [
          -74.0810799998584,
          4.665070000107345
        ]
      },
      "properties": {
        "DANE12_EST": "111001010421",
        "id_establecimiento": "111001010421",
        "nombre_establecimiento": "COLEGIO JORGE ELIECER GAITAN (IED)",
        "nombre_localidad": "Barrios Unidos",
        "codigo_upz": "22",
        "nombre_upz": "DOCE DE OCTUBRE",
        "estrato": "Estrato 4",
        "zona": "URBANA",
        "caracter_media": "Académico",
        "lon": -74.0810799998584,
        "lat": 4.665070000107345,
        "codigo_localidad": "12",
        "q_j": 275.5133333333334,
        "puntaje_2023": 278.85,
        "punt_global_2020": 275.58,
        "punt_global_2022": 272.11,
        "matricula_total": 1418.0,
        "demanda_total": 1522.0,
        "sobre_demanda_j": 1.073342736248237,
        "n_hogares_muestra": null,
        "poblacion_expandida": null,
        "tasa_pobreza_monetaria": null,
        "tasa_pobreza_extrema": null,
        "tasa_ipm": null,
        "ingreso_percapita_promedio": null,
        "capacidad_pago_promedio": null,
        "tamano_hogar_promedio": null,
        "gasto_educ_promedio": null,
        "tasa_deficit_cuantitativo": null,
        "tasa_deficit_cualitativo": null,
        "tasa_deficit_habitacional": null,
        "pct_estrato_1": null,
        "pct_estrato_2": null,
        "pct_estrato_3": null,
        "pct_estrato_4": null,
        "pct_estrato_5": null,
        "pct_estrato_6": null,
        "s0_localidad": 0.4940130594962374,
        "dist_transmilenio_m": 734.9470883523414,
        "dist_sitp_m": 337.4561168019829,
        "dist_parque_m": 81.88344244353475,
        "homicidios": 31.0,
        "lesiones_personales": 1214.0,
        "hurto_personas": 18587.0,
        "hurto_residencias": 1176.0,
        "hurto_automotores": 352.0,
        "hurto_bicicletas": 816.0,
        "hurto_comercio": 4973.0,
        "hurto_entidades": 320.0,
        "violencia_intrafam": 1281.0,
        "delitos_sexuales": 275.0,
        "pct_no_oficial": 61.9,
        "n_sedes_total": 63,
        "n_sedes_no_oficial": 39
      }
    },
    {
      "type": "Feature",
      "geometry": {
        "type": "Point",
        "coordinates": [
          -74.06642000017307,
          4.644450000466479
        ]
      },
      "properties": {
        "DANE12_EST": "111001010731",
        "id_establecimiento": "111001010731",
        "nombre_establecimiento": "COLEGIO MANUELA BELTRAN (IED)",
        "nombre_localidad": "Teusaquillo",
        "codigo_upz": "100",
        "nombre_upz": "GALERIAS",
        "estrato": "Estrato 3",
        "zona": "URBANA",
        "caracter_media": "Académico - Técnico",
        "lon": -74.06642000017307,
        "lat": 4.644450000466479,
        "codigo_localidad": "13",
        "q_j": 254.65666666666667,
        "puntaje_2023": 262.55,
        "punt_global_2020": 243.97,
        "punt_global_2022": 257.45,
        "matricula_total": 1553.0,
        "demanda_total": 1777.0,
        "sobre_demanda_j": 1.1442369607211849,
        "n_hogares_muestra": 2367.0,
        "poblacion_expandida": 39000.9999961,
        "tasa_pobreza_monetaria": 0.1300010708368248,
        "tasa_pobreza_extrema": 0.0827687630938385,
        "tasa_ipm": 0.0142467558384544,
        "ingreso_percapita_promedio": 2456485.9569471865,
        "capacidad_pago_promedio": 0.0564210315868834,
        "tamano_hogar_promedio": 2.6386756289323565,
        "gasto_educ_promedio": 480391.03602248005,
        "tasa_deficit_cuantitativo": 0.0034138883237177,
        "tasa_deficit_cualitativo": 0.0592894248232411,
        "tasa_deficit_habitacional": 0.0627033131469588,
        "pct_estrato_1": 0.0013790921105966,
        "pct_estrato_2": 0.0,
        "pct_estrato_3": 0.4503994729995785,
        "pct_estrato_4": 0.5458095137414081,
        "pct_estrato_5": 0.0,
        "pct_estrato_6": 0.0,
        "s0_localidad": 0.6619776760477224,
        "dist_transmilenio_m": 175.9550606415908,
        "dist_sitp_m": 59.109373650662825,
        "dist_parque_m": 204.35605921351947,
        "homicidios": 12.0,
        "lesiones_personales": 1046.0,
        "hurto_personas": 26559.0,
        "hurto_residencias": 1777.0,
        "hurto_automotores": 313.0,
        "hurto_bicicletas": 967.0,
        "hurto_comercio": 7306.0,
        "hurto_entidades": 237.0,
        "violencia_intrafam": 1265.0,
        "delitos_sexuales": 415.0,
        "pct_no_oficial": 94.92,
        "n_sedes_total": 59,
        "n_sedes_no_oficial": 56
      }
    },
    {
      "type": "Feature",
      "geometry": {
        "type": "Point",
        "coordinates": [
          -74.0953999997851,
          4.668900000509377
        ]
      },
      "properties": {
        "DANE12_EST": "111001010740",
        "id_establecimiento": "111001010740",
        "nombre_establecimiento": "COLEGIO INSTITUTO TECNICO INDUSTRIAL FRANCISCO JOSE DE CALDAS (IED)",
        "nombre_localidad": "Engativa",
        "codigo_upz": "26",
        "nombre_upz": "LAS FERIAS",
        "estrato": "Sin estrato",
        "zona": "URBANA",
        "caracter_media": "Técnico",
        "lon": -74.0953999997851,
        "lat": 4.668900000509377,
        "codigo_localidad": "10",
        "q_j": 278.5366666666667,
        "puntaje_2023": 281.92,
        "punt_global_2020": 275.21,
        "punt_global_2022": 278.48,
        "matricula_total": 3882.0,
        "demanda_total": 4227.0,
        "sobre_demanda_j": 1.08887171561051,
        "n_hogares_muestra": 2278.0,
        "poblacion_expandida": 100930.0000018,
        "tasa_pobreza_monetaria": 0.2695353069029509,
        "tasa_pobreza_extrema": 0.1010484491223433,
        "tasa_ipm": 0.0367254991106102,
        "ingreso_percapita_promedio": 1186126.366683503,
        "capacidad_pago_promedio": 0.2239212238293564,
        "tamano_hogar_promedio": 3.368175820974312,
        "gasto_educ_promedio": 317577.5411351805,
        "tasa_deficit_cuantitativo": 0.0013346152224075,
        "tasa_deficit_cualitativo": 0.0942891977967926,
        "tasa_deficit_habitacional": 0.0956238130192002,
        "pct_estrato_1": 0.0025422399444706,
        "pct_estrato_2": 0.0034884438699467,
        "pct_estrato_3": 0.9314214547896904,
        "pct_estrato_4": 0.0625478613958923,
        "pct_estrato_5": 0.0,
        "pct_estrato_6": 0.0,
        "s0_localidad": 0.45908732785239414,
        "dist_transmilenio_m": 1671.6530305497263,
        "dist_sitp_m": 170.80384934229667,
        "dist_parque_m": 67.0571010566249,
        "homicidios": 114.0,
        "lesiones_personales": 3260.0,
        "hurto_personas": 44584.0,
        "hurto_residencias": 4694.0,
        "hurto_automotores": 1548.0,
        "hurto_bicicletas": 2840.0,
        "hurto_comercio": 11724.0,
        "hurto_entidades": 1616.0,
        "violencia_intrafam": 6497.0,
        "delitos_sexuales": 1001.0,
        "pct_no_oficial": 73.15,
        "n_sedes_total": 257,
        "n_sedes_no_oficial": 188
      }
    },
    {
      "type": "Feature",
      "geometry": {
        "type": "Point",
        "coordinates": [
          -74.06737000002705,
          4.6204000001877406
        ]
      },
      "properties": {
        "DANE12_EST": "111001010839",
        "id_establecimiento": "111001010839",
        "nombre_establecimiento": "COLEGIO EXTERNADO NACIONAL CAMILO TORRES (IED)",
        "nombre_localidad": "Santa Fe",
        "codigo_upz": "91",
        "nombre_upz": "SAGRADO CORAZON",
        "estrato": "Estrato 3",
        "zona": "URBANA",
        "caracter_media": "Académico",
        "lon": -74.06737000002705,
        "lat": 4.6204000001877406,
        "codigo_localidad": "03",
        "q_j": 256.55,
        "puntaje_2023": 261.92,
        "punt_global_2020": 251.89,
        "punt_global_2022": 255.84,
        "matricula_total": 1034.0,
        "demanda_total": 1264.0,
        "sobre_demanda_j": 1.2224371373307543,
        "n_hogares_muestra": null,
        "poblacion_expandida": null,
        "tasa_pobreza_monetaria": null,
        "tasa_pobreza_extrema": null,
        "tasa_ipm": null,
        "ingreso_percapita_promedio": null,
        "capacidad_pago_promedio": null,
        "tamano_hogar_promedio": null,
        "gasto_educ_promedio": null,
        "tasa_deficit_cuantitativo": null,
        "tasa_deficit_cualitativo": null,
        "tasa_deficit_habitacional": null,
        "pct_estrato_1": null,
        "pct_estrato_2": null,
        "pct_estrato_3": null,
        "pct_estrato_4": null,
        "pct_estrato_5": null,
        "pct_estrato_6": null,
        "s0_localidad": 0.26720847821961147,
        "dist_transmilenio_m": 291.33596477181254,
        "dist_sitp_m": 30.31144723170827,
        "dist_parque_m": 172.04842277264035,
        "homicidios": 113.0,
        "lesiones_personales": 1683.0,
        "hurto_personas": 25139.0,
        "hurto_residencias": 580.0,
        "hurto_automotores": 128.0,
        "hurto_bicicletas": 443.0,
        "hurto_comercio": 7043.0,
        "hurto_entidades": 180.0,
        "violencia_intrafam": 1602.0,
        "delitos_sexuales": 514.0,
        "pct_no_oficial": 44.83,
        "n_sedes_total": 29,
        "n_sedes_no_oficial": 13
      }
    },
    {
      "type": "Feature",
      "geometry": {
        "type": "Point",
        "coordinates": [
          -74.1244199995801,
          4.633800000070483
        ]
      },
      "properties": {
        "DANE12_EST": "111001010910",
        "id_establecimiento": "111001010910",
        "nombre_establecimiento": "COLEGIO NACIONAL NICOLAS ESGUERRA (IED)",
        "nombre_localidad": "Kennedy",
        "codigo_upz": "113",
        "nombre_upz": "BAVARIA",
        "estrato": "Sin estrato",
        "zona": "URBANA",
        "caracter_media": "Académico",
        "lon": -74.1244199995801,
        "lat": 4.633800000070483,
        "codigo_localidad": "08",
        "q_j": 274.00666666666666,
        "puntaje_2023": 285.77,
        "punt_global_2020": 265.61,
        "punt_global_2022": 270.64,
        "matricula_total": 1418.0,
        "demanda_total": 1600.0,
        "sobre_demanda_j": 1.1283497884344147,
        "n_hogares_muestra": null,
        "poblacion_expandida": null,
        "tasa_pobreza_monetaria": null,
        "tasa_pobreza_extrema": null,
        "tasa_ipm": null,
        "ingreso_percapita_promedio": null,
        "capacidad_pago_promedio": null,
        "tamano_hogar_promedio": null,
        "gasto_educ_promedio": null,
        "tasa_deficit_cuantitativo": null,
        "tasa_deficit_cualitativo": null,
        "tasa_deficit_habitacional": null,
        "pct_estrato_1": null,
        "pct_estrato_2": null,
        "pct_estrato_3": null,
        "pct_estrato_4": null,
        "pct_estrato_5": null,
        "pct_estrato_6": null,
        "s0_localidad": 0.3719221758740453,
        "dist_transmilenio_m": 784.4868942942402,
        "dist_sitp_m": 295.71692975569516,
        "dist_parque_m": 154.11442560248815,
        "homicidios": 277.0,
        "lesiones_personales": 5216.0,
        "hurto_personas": 45928.0,
        "hurto_residencias": 4574.0,
        "hurto_automotores": 2662.0,
        "hurto_bicicletas": 2842.0,
        "hurto_comercio": 11829.0,
        "hurto_entidades": 2994.0,
        "violencia_intrafam": 8341.0,
        "delitos_sexuales": 1353.0,
        "pct_no_oficial": 70.99,
        "n_sedes_total": 262,
        "n_sedes_no_oficial": 186
      }
    },
    {
      "type": "Feature",
      "geometry": {
        "type": "Point",
        "coordinates": [
          -74.12079000004344,
          4.579320000046801
        ]
      },
      "properties": {
        "DANE12_EST": "111001010928",
        "id_establecimiento": "111001010928",
        "nombre_establecimiento": "COLEGIO RESTREPO MILLAN (IED)",
        "nombre_localidad": "Rafael Uribe Uribe",
        "codigo_upz": "39",
        "nombre_upz": "QUIROGA",
        "estrato": "Estrato 3",
        "zona": "URBANA",
        "caracter_media": "Académico",
        "lon": -74.12079000004344,
        "lat": 4.579320000046801,
        "codigo_localidad": "18",
        "q_j": 254.85666666666668,
        "puntaje_2023": 260.38,
        "punt_global_2020": 255.1,
        "punt_global_2022": 249.09,
        "matricula_total": 2328.0,
        "demanda_total": 2637.0,
        "sobre_demanda_j": 1.1327319587628866,
        "n_hogares_muestra": 2265.0,
        "poblacion_expandida": 92517.99999850002,
        "tasa_pobreza_monetaria": 0.4498804552776196,
        "tasa_pobreza_extrema": 0.1716353320008803,
        "tasa_ipm": 0.0599485057522851,
        "ingreso_percapita_promedio": 843427.0634521615,
        "capacidad_pago_promedio": 0.3456105222769451,
        "tamano_hogar_promedio": 3.2499598998916417,
        "gasto_educ_promedio": 230991.5177320262,
        "tasa_deficit_cuantitativo": 0.0065383441785361,
        "tasa_deficit_cualitativo": 0.1487364495895188,
        "tasa_deficit_habitacional": 0.1552747937680549,
        "pct_estrato_1": 0.0017364461694222,
        "pct_estrato_2": 0.0014887309280597,
        "pct_estrato_3": 0.9963005864490634,
        "pct_estrato_4": 0.0,
        "pct_estrato_5": 0.0,
        "pct_estrato_6": 0.0,
        "s0_localidad": 0.2741314328601635,
        "dist_transmilenio_m": 399.8933280955452,
        "dist_sitp_m": 159.51177912458883,
        "dist_parque_m": 154.9535099073605,
        "homicidios": 159.0,
        "lesiones_personales": 2500.0,
        "hurto_personas": 13897.0,
        "hurto_residencias": 1530.0,
        "hurto_automotores": 660.0,
        "hurto_bicicletas": 415.0,
        "hurto_comercio": 3902.0,
        "hurto_entidades": 942.0,
        "violencia_intrafam": 3177.0,
        "delitos_sexuales": 716.0,
        "pct_no_oficial": 57.85,
        "n_sedes_total": 121,
        "n_sedes_no_oficial": 70
      }
    },
    {
      "type": "Feature",
      "geometry": {
        "type": "Point",
        "coordinates": [
          -74.13796999957788,
          4.585470000263768
        ]
      },
      "properties": {
        "DANE12_EST": "111001011011",
        "id_establecimiento": "111001011011",
        "nombre_establecimiento": "COLEGIO INSTITUTO TECNICO INDUSTRIAL PILOTO (IED)",
        "nombre_localidad": "Tunjuelito",
        "codigo_upz": "42",
        "nombre_upz": "VENECIA",
        "estrato": "Estrato 2",
        "zona": "URBANA",
        "caracter_media": "Académico - Técnico",
        "lon": -74.13796999957788,
        "lat": 4.585470000263768,
        "codigo_localidad": "06",
        "q_j": 266.06666666666666,
        "puntaje_2023": 274.26,
        "punt_global_2020": 256.06,
        "punt_global_2022": 267.88,
        "matricula_total": 4255.0,
        "demanda_total": 4613.0,
        "sobre_demanda_j": 1.0841363102232668,
        "n_hogares_muestra": 2196.0,
        "poblacion_expandida": 139490.0000064,
        "tasa_pobreza_monetaria": 0.3456416416631149,
        "tasa_pobreza_extrema": 0.1503118512921213,
        "tasa_ipm": 0.0363638721992061,
        "ingreso_percapita_promedio": 842886.8720213596,
        "capacidad_pago_promedio": 0.2543474672254081,
        "tamano_hogar_promedio": 3.158857941575621,
        "gasto_educ_promedio": 260612.53234385408,
        "tasa_deficit_cuantitativo": 0.0054515723698122,
        "tasa_deficit_cualitativo": 0.1344675835245495,
        "tasa_deficit_habitacional": 0.1399191558943617,
        "pct_estrato_1": 0.0,
        "pct_estrato_2": 0.5468256713047553,
        "pct_estrato_3": 0.4531743286952447,
        "pct_estrato_4": 0.0,
        "pct_estrato_5": 0.0,
        "pct_estrato_6": 0.0,
        "s0_localidad": 0.24596233549441804,
        "dist_transmilenio_m": 1060.9750551161333,
        "dist_sitp_m": 130.063247455804,
        "dist_parque_m": 227.01061800455614,
        "homicidios": 67.0,
        "lesiones_personales": 1311.0,
        "hurto_personas": 8872.0,
        "hurto_residencias": 687.0,
        "hurto_automotores": 293.0,
        "hurto_bicicletas": 367.0,
        "hurto_comercio": 2403.0,
        "hurto_entidades": 312.0,
        "violencia_intrafam": 1641.0,
        "delitos_sexuales": 328.0,
        "pct_no_oficial": 64.29,
        "n_sedes_total": 70,
        "n_sedes_no_oficial": 45
      }
    },
    {
      "type": "Feature",
      "geometry": {
        "type": "Point",
        "coordinates": [
          -74.11578999962991,
          4.566900000341791
        ]
      },
      "properties": {
        "DANE12_EST": "111001011029",
        "id_establecimiento": "111001011029",
        "nombre_establecimiento": "COLEGIO REINO DE HOLANDA (IED)",
        "nombre_localidad": "Rafael Uribe Uribe",
        "codigo_upz": "53",
        "nombre_upz": "MARCO FIDEL SUAREZ",
        "estrato": "Estrato 2",
        "zona": "URBANA",
        "caracter_media": "Académico",
        "lon": -74.11578999962991,
        "lat": 4.566900000341791,
        "codigo_localidad": "18",
        "q_j": 258.91,
        "puntaje_2023": 272.69,
        "punt_global_2020": 247.75,
        "punt_global_2022": 256.29,
        "matricula_total": 1870.0,
        "demanda_total": 2033.0,
        "sobre_demanda_j": 1.0871657754010695,
        "n_hogares_muestra": 2174.0,
        "poblacion_expandida": 47442.9999975,
        "tasa_pobreza_monetaria": 0.5827803477658865,
        "tasa_pobreza_extrema": 0.2234402638863183,
        "tasa_ipm": 0.1040373178142211,
        "ingreso_percapita_promedio": 555562.313298087,
        "capacidad_pago_promedio": 0.4649072076294137,
        "tamano_hogar_promedio": 3.0968267260932505,
        "gasto_educ_promedio": 112069.29148232724,
        "tasa_deficit_cuantitativo": 0.0160758053967959,
        "tasa_deficit_cualitativo": 0.1350306657049001,
        "tasa_deficit_habitacional": 0.1511064711016961,
        "pct_estrato_1": 0.0032091840188863,
        "pct_estrato_2": 0.7094701243634188,
        "pct_estrato_3": 0.2873206916176949,
        "pct_estrato_4": 0.0,
        "pct_estrato_5": 0.0,
        "pct_estrato_6": 0.0,
        "s0_localidad": 0.2741314328601635,
        "dist_transmilenio_m": 1087.1621264580347,
        "dist_sitp_m": 77.12887751512913,
        "dist_parque_m": 198.61110930758898,
        "homicidios": 159.0,
        "lesiones_personales": 2500.0,
        "hurto_personas": 13897.0,
        "hurto_residencias": 1530.0,
        "hurto_automotores": 660.0,
        "hurto_bicicletas": 415.0,
        "hurto_comercio": 3902.0,
        "hurto_entidades": 942.0,
        "violencia_intrafam": 3177.0,
        "delitos_sexuales": 716.0,
        "pct_no_oficial": 57.85,
        "n_sedes_total": 121,
        "n_sedes_no_oficial": 70
      }
    },
    {
      "type": "Feature",
      "geometry": {
        "type": "Point",
        "coordinates": [
          -74.11239000024703,
          4.62990999988627
        ]
      },
      "properties": {
        "DANE12_EST": "111001011045",
        "id_establecimiento": "111001011045",
        "nombre_establecimiento": "COLEGIO SILVERIA ESPINOSA DE RENDON (IED)",
        "nombre_localidad": "Puente Aranda",
        "codigo_upz": "111",
        "nombre_upz": "PUENTE ARANDA",
        "estrato": "Sin estrato",
        "zona": "URBANA",
        "caracter_media": "Académico",
        "lon": -74.11239000024703,
        "lat": 4.62990999988627,
        "codigo_localidad": "16",
        "q_j": 271.59999999999997,
        "puntaje_2023": 274.62,
        "punt_global_2020": 265.86,
        "punt_global_2022": 274.32,
        "matricula_total": 1626.0,
        "demanda_total": 1743.0,
        "sobre_demanda_j": 1.0719557195571956,
        "n_hogares_muestra": null,
        "poblacion_expandida": null,
        "tasa_pobreza_monetaria": null,
        "tasa_pobreza_extrema": null,
        "tasa_ipm": null,
        "ingreso_percapita_promedio": null,
        "capacidad_pago_promedio": null,
        "tamano_hogar_promedio": null,
        "gasto_educ_promedio": null,
        "tasa_deficit_cuantitativo": null,
        "tasa_deficit_cualitativo": null,
        "tasa_deficit_habitacional": null,
        "pct_estrato_1": null,
        "pct_estrato_2": null,
        "pct_estrato_3": null,
        "pct_estrato_4": null,
        "pct_estrato_5": null,
        "pct_estrato_6": null,
        "s0_localidad": 0.5211076175873677,
        "dist_transmilenio_m": 245.85518207292196,
        "dist_sitp_m": 189.47526292586363,
        "dist_parque_m": 468.7066951016347,
        "homicidios": 81.0,
        "lesiones_personales": 1979.0,
        "hurto_personas": 20917.0,
        "hurto_residencias": 1572.0,
        "hurto_automotores": 1079.0,
        "hurto_bicicletas": 778.0,
        "hurto_comercio": 5413.0,
        "hurto_entidades": 730.0,
        "violencia_intrafam": 2327.0,
        "delitos_sexuales": 548.0,
        "pct_no_oficial": 68.0,
        "n_sedes_total": 100,
        "n_sedes_no_oficial": 68
      }
    },
    {
      "type": "Feature",
      "geometry": {
        "type": "Point",
        "coordinates": [
          -74.10108999976163,
          4.587140000072786
        ]
      },
      "properties": {
        "DANE12_EST": "111001011053",
        "id_establecimiento": "111001011053",
        "nombre_establecimiento": "COLEGIO GUILLERMO LEON VALENCIA (IED)",
        "nombre_localidad": "Antonio Nariño",
        "codigo_upz": "38",
        "nombre_upz": "RESTREPO",
        "estrato": "Estrato 3",
        "zona": "URBANA",
        "caracter_media": "Académico",
        "lon": -74.10108999976163,
        "lat": 4.587140000072786,
        "codigo_localidad": "15",
        "q_j": 252.7733333333333,
        "puntaje_2023": 255.24,
        "punt_global_2020": 254.54,
        "punt_global_2022": 248.54,
        "matricula_total": 1656.0,
        "demanda_total": 1858.0,
        "sobre_demanda_j": 1.1219806763285025,
        "n_hogares_muestra": 2145.0,
        "poblacion_expandida": 56056.9999978,
        "tasa_pobreza_monetaria": 0.2210592286473827,
        "tasa_pobreza_extrema": 0.0629065077998893,
        "tasa_ipm": 0.0415751879674521,
        "ingreso_percapita_promedio": 1145227.1597134708,
        "capacidad_pago_promedio": 0.129318522705184,
        "tamano_hogar_promedio": 3.6959190017612618,
        "gasto_educ_promedio": 389904.6851137919,
        "tasa_deficit_cuantitativo": 0.0057356332413903,
        "tasa_deficit_cualitativo": 0.1219053248188128,
        "tasa_deficit_habitacional": 0.1276409580602031,
        "pct_estrato_1": 0.0,
        "pct_estrato_2": 0.0049999584139536,
        "pct_estrato_3": 0.9935356587684996,
        "pct_estrato_4": 0.0,
        "pct_estrato_5": 0.0,
        "pct_estrato_6": 0.0,
        "s0_localidad": 0.4744712548125819,
        "dist_transmilenio_m": 499.7513874620219,
        "dist_sitp_m": 154.03590339564323,
        "dist_parque_m": 259.37935174212885,
        "homicidios": 25.0,
        "lesiones_personales": 789.0,
        "hurto_personas": 8646.0,
        "hurto_residencias": 610.0,
        "hurto_automotores": 380.0,
        "hurto_bicicletas": 271.0,
        "hurto_comercio": 2516.0,
        "hurto_entidades": 305.0,
        "violencia_intrafam": 849.0,
        "delitos_sexuales": 196.0,
        "pct_no_oficial": 69.05,
        "n_sedes_total": 42,
        "n_sedes_no_oficial": 29
      }
    },
    {
      "type": "Feature",
      "geometry": {
        "type": "Point",
        "coordinates": [
          -74.10493000025888,
          4.708299999918379
        ]
      },
      "properties": {
        "DANE12_EST": "111001011070",
        "id_establecimiento": "111001011070",
        "nombre_establecimiento": "COLEGIO MIGUEL ANTONIO CARO (IED)",
        "nombre_localidad": "Engativa",
        "codigo_upz": "29",
        "nombre_upz": "EL MINUTO DE DIOS",
        "estrato": "Estrato 3",
        "zona": "URBANA",
        "caracter_media": "Académico",
        "lon": -74.10493000025888,
        "lat": 4.708299999918379,
        "codigo_localidad": "10",
        "q_j": 254.13333333333333,
        "puntaje_2023": 267.42,
        "punt_global_2020": 249.13,
        "punt_global_2022": 245.85,
        "matricula_total": 1241.0,
        "demanda_total": 1399.0,
        "sobre_demanda_j": 1.1273166800966963,
        "n_hogares_muestra": 2166.0,
        "poblacion_expandida": 110558.9999976,
        "tasa_pobreza_monetaria": 0.2692590366016898,
        "tasa_pobreza_extrema": 0.0975325126098651,
        "tasa_ipm": 0.0328496863953078,
        "ingreso_percapita_promedio": 931557.4989917966,
        "capacidad_pago_promedio": 0.2136129795540179,
        "tamano_hogar_promedio": 3.338568307222501,
        "gasto_educ_promedio": 241862.3459379892,
        "tasa_deficit_cuantitativo": 0.0077472086028147,
        "tasa_deficit_cualitativo": 0.0799938505032786,
        "tasa_deficit_habitacional": 0.0877410591060933,
        "pct_estrato_1": 0.0179532449736619,
        "pct_estrato_2": 0.3193885602788242,
        "pct_estrato_3": 0.6621872301376571,
        "pct_estrato_4": 0.0004709646098565,
        "pct_estrato_5": 0.0,
        "pct_estrato_6": 0.0,
        "s0_localidad": 0.45908732785239414,
        "dist_transmilenio_m": 405.993126380801,
        "dist_sitp_m": 22.965849470232968,
        "dist_parque_m": 90.84232248273942,
        "homicidios": 114.0,
        "lesiones_personales": 3260.0,
        "hurto_personas": 44584.0,
        "hurto_residencias": 4694.0,
        "hurto_automotores": 1548.0,
        "hurto_bicicletas": 2840.0,
        "hurto_comercio": 11724.0,
        "hurto_entidades": 1616.0,
        "violencia_intrafam": 6497.0,
        "delitos_sexuales": 1001.0,
        "pct_no_oficial": 73.15,
        "n_sedes_total": 257,
        "n_sedes_no_oficial": 188
      }
    },
    {
      "type": "Feature",
      "geometry": {
        "type": "Point",
        "coordinates": [
          -74.07690999964827,
          4.67338000057872
        ]
      },
      "properties": {
        "DANE12_EST": "111001011088",
        "id_establecimiento": "111001011088",
        "nombre_establecimiento": "COLEGIO REPUBLICA DE PANAMA (IED)",
        "nombre_localidad": "Barrios Unidos",
        "codigo_upz": "22",
        "nombre_upz": "DOCE DE OCTUBRE",
        "estrato": "Estrato 3",
        "zona": "URBANA",
        "caracter_media": "Académico",
        "lon": -74.07690999964827,
        "lat": 4.67338000057872,
        "codigo_localidad": "12",
        "q_j": 263.6566666666667,
        "puntaje_2023": 273.85,
        "punt_global_2020": 260.92,
        "punt_global_2022": 256.2,
        "matricula_total": 749.0,
        "demanda_total": 815.0,
        "sobre_demanda_j": 1.0881174899866488,
        "n_hogares_muestra": null,
        "poblacion_expandida": null,
        "tasa_pobreza_monetaria": null,
        "tasa_pobreza_extrema": null,
        "tasa_ipm": null,
        "ingreso_percapita_promedio": null,
        "capacidad_pago_promedio": null,
        "tamano_hogar_promedio": null,
        "gasto_educ_promedio": null,
        "tasa_deficit_cuantitativo": null,
        "tasa_deficit_cualitativo": null,
        "tasa_deficit_habitacional": null,
        "pct_estrato_1": null,
        "pct_estrato_2": null,
        "pct_estrato_3": null,
        "pct_estrato_4": null,
        "pct_estrato_5": null,
        "pct_estrato_6": null,
        "s0_localidad": 0.4940130594962374,
        "dist_transmilenio_m": 633.1195797599622,
        "dist_sitp_m": 222.89598021334444,
        "dist_parque_m": 173.01125367450953,
        "homicidios": 31.0,
        "lesiones_personales": 1214.0,
        "hurto_personas": 18587.0,
        "hurto_residencias": 1176.0,
        "hurto_automotores": 352.0,
        "hurto_bicicletas": 816.0,
        "hurto_comercio": 4973.0,
        "hurto_entidades": 320.0,
        "violencia_intrafam": 1281.0,
        "delitos_sexuales": 275.0,
        "pct_no_oficial": 61.9,
        "n_sedes_total": 63,
        "n_sedes_no_oficial": 39
      }
    },
    {
      "type": "Feature",
      "geometry": {
        "type": "Point",
        "coordinates": [
          -74.13030999957317,
          4.599350000144934
        ]
      },
      "properties": {
        "DANE12_EST": "111001011274",
        "id_establecimiento": "111001011274",
        "nombre_establecimiento": "COLEGIO ANDRES BELLO (IED)",
        "nombre_localidad": "Puente Aranda",
        "codigo_upz": "41",
        "nombre_upz": "MUZU",
        "estrato": "Estrato 3",
        "zona": "URBANA",
        "caracter_media": "Académico",
        "lon": -74.13030999957317,
        "lat": 4.599350000144934,
        "codigo_localidad": "16",
        "q_j": 262.18,
        "puntaje_2023": 266.92,
        "punt_global_2020": 255.86,
        "punt_global_2022": 263.76,
        "matricula_total": 1719.0,
        "demanda_total": 1838.0,
        "sobre_demanda_j": 1.0692262943571844,
        "n_hogares_muestra": 2264.0,
        "poblacion_expandida": 59388.9999982,
        "tasa_pobreza_monetaria": 0.2196526447119058,
        "tasa_pobreza_extrema": 0.0723342369349576,
        "tasa_ipm": 0.0213144558662103,
        "ingreso_percapita_promedio": 1066974.7093374557,
        "capacidad_pago_promedio": 0.120081215040094,
        "tamano_hogar_promedio": 3.443232657094711,
        "gasto_educ_promedio": 332788.8570889279,
        "tasa_deficit_cuantitativo": 0.0083460014483325,
        "tasa_deficit_cualitativo": 0.0516466738536254,
        "tasa_deficit_habitacional": 0.059992675301958,
        "pct_estrato_1": 0.0,
        "pct_estrato_2": 0.0050300839247849,
        "pct_estrato_3": 0.994969916075215,
        "pct_estrato_4": 0.0,
        "pct_estrato_5": 0.0,
        "pct_estrato_6": 0.0,
        "s0_localidad": 0.5211076175873677,
        "dist_transmilenio_m": 650.3553561295877,
        "dist_sitp_m": 152.25607109086565,
        "dist_parque_m": 17.662684823393352,
        "homicidios": 81.0,
        "lesiones_personales": 1979.0,
        "hurto_personas": 20917.0,
        "hurto_residencias": 1572.0,
        "hurto_automotores": 1079.0,
        "hurto_bicicletas": 778.0,
        "hurto_comercio": 5413.0,
        "hurto_entidades": 730.0,
        "violencia_intrafam": 2327.0,
        "delitos_sexuales": 548.0,
        "pct_no_oficial": 68.0,
        "n_sedes_total": 100,
        "n_sedes_no_oficial": 68
      }
    },
    {
      "type": "Feature",
      "geometry": {
        "type": "Point",
        "coordinates": [
          -74.14640000040981,
          4.599559999975581
        ]
      },
      "properties": {
        "DANE12_EST": "111001011321",
        "id_establecimiento": "111001011321",
        "nombre_establecimiento": "COLEGIO CARLOS ARTURO TORRES (IED)",
        "nombre_localidad": "Kennedy",
        "codigo_upz": "45",
        "nombre_upz": "CARVAJAL",
        "estrato": "Estrato 3",
        "zona": "URBANA",
        "caracter_media": "Académico",
        "lon": -74.14640000040981,
        "lat": 4.599559999975581,
        "codigo_localidad": "08",
        "q_j": 239.98000000000002,
        "puntaje_2023": 245.96,
        "punt_global_2020": 233.55,
        "punt_global_2022": 240.43,
        "matricula_total": 2251.0,
        "demanda_total": 2616.0,
        "sobre_demanda_j": 1.1621501554864504,
        "n_hogares_muestra": 2469.0,
        "poblacion_expandida": 89478.99999850002,
        "tasa_pobreza_monetaria": 0.3244571207253845,
        "tasa_pobreza_extrema": 0.0858933149848438,
        "tasa_ipm": 0.0412676531975312,
        "ingreso_percapita_promedio": 878070.4397056228,
        "capacidad_pago_promedio": 0.2447215180306784,
        "tamano_hogar_promedio": 3.5037879078024523,
        "gasto_educ_promedio": 248400.2587333203,
        "tasa_deficit_cuantitativo": 0.0109272029684774,
        "tasa_deficit_cualitativo": 0.1160162726580987,
        "tasa_deficit_habitacional": 0.1269434756265762,
        "pct_estrato_1": 0.0132996693963941,
        "pct_estrato_2": 0.2811856988647813,
        "pct_estrato_3": 0.7055146317388243,
        "pct_estrato_4": 0.0,
        "pct_estrato_5": 0.0,
        "pct_estrato_6": 0.0,
        "s0_localidad": 0.3719221758740453,
        "dist_transmilenio_m": 507.6263484817996,
        "dist_sitp_m": 131.74346951018887,
        "dist_parque_m": 67.43613484837718,
        "homicidios": 277.0,
        "lesiones_personales": 5216.0,
        "hurto_personas": 45928.0,
        "hurto_residencias": 4574.0,
        "hurto_automotores": 2662.0,
        "hurto_bicicletas": 2842.0,
        "hurto_comercio": 11829.0,
        "hurto_entidades": 2994.0,
        "violencia_intrafam": 8341.0,
        "delitos_sexuales": 1353.0,
        "pct_no_oficial": 70.99,
        "n_sedes_total": 262,
        "n_sedes_no_oficial": 186
      }
    },
    {
      "type": "Feature",
      "geometry": {
        "type": "Point",
        "coordinates": [
          -74.1482299997976,
          4.62337000009143
        ]
      },
      "properties": {
        "DANE12_EST": "111001011690",
        "id_establecimiento": "111001011690",
        "nombre_establecimiento": "COLEGIO LA AMISTAD (IED)",
        "nombre_localidad": "Kennedy",
        "codigo_upz": "47",
        "nombre_upz": "KENNEDY CENTRAL",
        "estrato": "Estrato 3",
        "zona": "URBANA",
        "caracter_media": "Académico",
        "lon": -74.1482299997976,
        "lat": 4.62337000009143,
        "codigo_localidad": "08",
        "q_j": 240.01666666666668,
        "puntaje_2023": 246.12,
        "punt_global_2020": 237.59,
        "punt_global_2022": 236.34,
        "matricula_total": 2399.0,
        "demanda_total": 2971.0,
        "sobre_demanda_j": 1.2384326802834515,
        "n_hogares_muestra": 2378.0,
        "poblacion_expandida": 93575.0000042,
        "tasa_pobreza_monetaria": 0.2672083143134141,
        "tasa_pobreza_extrema": 0.0750444951042993,
        "tasa_ipm": 0.0337154060310809,
        "ingreso_percapita_promedio": 926690.9510180312,
        "capacidad_pago_promedio": 0.1664851532866766,
        "tamano_hogar_promedio": 3.513604109073394,
        "gasto_educ_promedio": 259520.21119855996,
        "tasa_deficit_cuantitativo": 0.0040550762701893,
        "tasa_deficit_cualitativo": 0.0744366713148529,
        "tasa_deficit_habitacional": 0.0784917475850423,
        "pct_estrato_1": 0.0010352239550697,
        "pct_estrato_2": 0.0074430445350653,
        "pct_estrato_3": 0.9915217315098648,
        "pct_estrato_4": 0.0,
        "pct_estrato_5": 0.0,
        "pct_estrato_6": 0.0,
        "s0_localidad": 0.3719221758740453,
        "dist_transmilenio_m": 922.3864127622921,
        "dist_sitp_m": 108.77819245970828,
        "dist_parque_m": 124.49645154670843,
        "homicidios": 277.0,
        "lesiones_personales": 5216.0,
        "hurto_personas": 45928.0,
        "hurto_residencias": 4574.0,
        "hurto_automotores": 2662.0,
        "hurto_bicicletas": 2842.0,
        "hurto_comercio": 11829.0,
        "hurto_entidades": 2994.0,
        "violencia_intrafam": 8341.0,
        "delitos_sexuales": 1353.0,
        "pct_no_oficial": 70.99,
        "n_sedes_total": 262,
        "n_sedes_no_oficial": 186
      }
    },
    {
      "type": "Feature",
      "geometry": {
        "type": "Point",
        "coordinates": [
          -74.09854999982103,
          4.712740000440357
        ]
      },
      "properties": {
        "DANE12_EST": "111001011771",
        "id_establecimiento": "111001011771",
        "nombre_establecimiento": "COLEGIO JOSE ASUNCION SILVA (IED)",
        "nombre_localidad": "Engativa",
        "codigo_upz": "29",
        "nombre_upz": "EL MINUTO DE DIOS",
        "estrato": "Estrato 3",
        "zona": "URBANA",
        "caracter_media": "Académico",
        "lon": -74.09854999982103,
        "lat": 4.712740000440357,
        "codigo_localidad": "10",
        "q_j": 268.66,
        "puntaje_2023": 264.23,
        "punt_global_2020": 267.39,
        "punt_global_2022": 274.36,
        "matricula_total": 760.0,
        "demanda_total": 804.0,
        "sobre_demanda_j": 1.0578947368421052,
        "n_hogares_muestra": 2166.0,
        "poblacion_expandida": 110558.9999976,
        "tasa_pobreza_monetaria": 0.2692590366016898,
        "tasa_pobreza_extrema": 0.0975325126098651,
        "tasa_ipm": 0.0328496863953078,
        "ingreso_percapita_promedio": 931557.4989917966,
        "capacidad_pago_promedio": 0.2136129795540179,
        "tamano_hogar_promedio": 3.338568307222501,
        "gasto_educ_promedio": 241862.3459379892,
        "tasa_deficit_cuantitativo": 0.0077472086028147,
        "tasa_deficit_cualitativo": 0.0799938505032786,
        "tasa_deficit_habitacional": 0.0877410591060933,
        "pct_estrato_1": 0.0179532449736619,
        "pct_estrato_2": 0.3193885602788242,
        "pct_estrato_3": 0.6621872301376571,
        "pct_estrato_4": 0.0004709646098565,
        "pct_estrato_5": 0.0,
        "pct_estrato_6": 0.0,
        "s0_localidad": 0.45908732785239414,
        "dist_transmilenio_m": 1118.4982841770156,
        "dist_sitp_m": 63.664108643479,
        "dist_parque_m": 24.1024812950312,
        "homicidios": 114.0,
        "lesiones_personales": 3260.0,
        "hurto_personas": 44584.0,
        "hurto_residencias": 4694.0,
        "hurto_automotores": 1548.0,
        "hurto_bicicletas": 2840.0,
        "hurto_comercio": 11724.0,
        "hurto_entidades": 1616.0,
        "violencia_intrafam": 6497.0,
        "delitos_sexuales": 1001.0,
        "pct_no_oficial": 73.15,
        "n_sedes_total": 257,
        "n_sedes_no_oficial": 188
      }
    },
    {
      "type": "Feature",
      "geometry": {
        "type": "Point",
        "coordinates": [
          -74.10383999976449,
          4.580810000096524
        ]
      },
      "properties": {
        "DANE12_EST": "111001011819",
        "id_establecimiento": "111001011819",
        "nombre_establecimiento": "COLEGIO LICEO FEMENINO DE CUNDINAMARCA MERCEDES NARIÑO (IED)",
        "nombre_localidad": "Rafael Uribe Uribe",
        "codigo_upz": "36",
        "nombre_upz": "SAN JOSE",
        "estrato": "Estrato 3",
        "zona": "URBANA",
        "caracter_media": "Académico",
        "lon": -74.10383999976449,
        "lat": 4.580810000096524,
        "codigo_localidad": "18",
        "q_j": 261.0266666666667,
        "puntaje_2023": 266.25,
        "punt_global_2020": 259.71,
        "punt_global_2022": 257.12,
        "matricula_total": 3786.0,
        "demanda_total": 4119.0,
        "sobre_demanda_j": 1.0879556259904912,
        "n_hogares_muestra": 2185.0,
        "poblacion_expandida": 48723.0000061,
        "tasa_pobreza_monetaria": 0.3125623057897372,
        "tasa_pobreza_extrema": 0.1053114940081193,
        "tasa_ipm": 0.0273850604444092,
        "ingreso_percapita_promedio": 979518.9655288476,
        "capacidad_pago_promedio": 0.1711706012325977,
        "tamano_hogar_promedio": 3.1911789136143875,
        "gasto_educ_promedio": 291290.0627208787,
        "tasa_deficit_cuantitativo": 0.0050929432910316,
        "tasa_deficit_cualitativo": 0.0673271716230384,
        "tasa_deficit_habitacional": 0.0724201149140701,
        "pct_estrato_1": 0.0,
        "pct_estrato_2": 0.0291557383026937,
        "pct_estrato_3": 0.9700897110744916,
        "pct_estrato_4": 0.0,
        "pct_estrato_5": 0.0,
        "pct_estrato_6": 0.0,
        "s0_localidad": 0.2741314328601635,
        "dist_transmilenio_m": 291.1633679512072,
        "dist_sitp_m": 123.72973087327891,
        "dist_parque_m": 388.1290365735463,
        "homicidios": 159.0,
        "lesiones_personales": 2500.0,
        "hurto_personas": 13897.0,
        "hurto_residencias": 1530.0,
        "hurto_automotores": 660.0,
        "hurto_bicicletas": 415.0,
        "hurto_comercio": 3902.0,
        "hurto_entidades": 942.0,
        "violencia_intrafam": 3177.0,
        "delitos_sexuales": 716.0,
        "pct_no_oficial": 57.85,
        "n_sedes_total": 121,
        "n_sedes_no_oficial": 70
      }
    },
    {
      "type": "Feature",
      "geometry": {
        "type": "Point",
        "coordinates": [
          -74.09697999982595,
          4.585199999997685
        ]
      },
      "properties": {
        "DANE12_EST": "111001011908",
        "id_establecimiento": "111001011908",
        "nombre_establecimiento": "COLEGIO ESCUELA NORMAL SUPERIOR DISTRITAL MARIA MONTESSORI (IED)",
        "nombre_localidad": "Antonio Nariño",
        "codigo_upz": "38",
        "nombre_upz": "RESTREPO",
        "estrato": "Estrato 3",
        "zona": "URBANA",
        "caracter_media": "Sin información",
        "lon": -74.09697999982595,
        "lat": 4.585199999997685,
        "codigo_localidad": "15",
        "q_j": 287.0833333333333,
        "puntaje_2023": 288.85,
        "punt_global_2020": 282.33,
        "punt_global_2022": 290.07,
        "matricula_total": 2420.0,
        "demanda_total": 3086.0,
        "sobre_demanda_j": 1.2752066115702478,
        "n_hogares_muestra": 2145.0,
        "poblacion_expandida": 56056.9999978,
        "tasa_pobreza_monetaria": 0.2210592286473827,
        "tasa_pobreza_extrema": 0.0629065077998893,
        "tasa_ipm": 0.0415751879674521,
        "ingreso_percapita_promedio": 1145227.1597134708,
        "capacidad_pago_promedio": 0.129318522705184,
        "tamano_hogar_promedio": 3.6959190017612618,
        "gasto_educ_promedio": 389904.6851137919,
        "tasa_deficit_cuantitativo": 0.0057356332413903,
        "tasa_deficit_cualitativo": 0.1219053248188128,
        "tasa_deficit_habitacional": 0.1276409580602031,
        "pct_estrato_1": 0.0,
        "pct_estrato_2": 0.0049999584139536,
        "pct_estrato_3": 0.9935356587684996,
        "pct_estrato_4": 0.0,
        "pct_estrato_5": 0.0,
        "pct_estrato_6": 0.0,
        "s0_localidad": 0.4744712548125819,
        "dist_transmilenio_m": 359.4096802619904,
        "dist_sitp_m": 205.06679415586336,
        "dist_parque_m": 121.64609277957908,
        "homicidios": 25.0,
        "lesiones_personales": 789.0,
        "hurto_personas": 8646.0,
        "hurto_residencias": 610.0,
        "hurto_automotores": 380.0,
        "hurto_bicicletas": 271.0,
        "hurto_comercio": 2516.0,
        "hurto_entidades": 305.0,
        "violencia_intrafam": 849.0,
        "delitos_sexuales": 196.0,
        "pct_no_oficial": 69.05,
        "n_sedes_total": 42,
        "n_sedes_no_oficial": 29
      }
    },
    {
      "type": "Feature",
      "geometry": {
        "type": "Point",
        "coordinates": [
          -74.07013000007568,
          4.568080000443431
        ]
      },
      "properties": {
        "DANE12_EST": "111001011975",
        "id_establecimiento": "111001011975",
        "nombre_establecimiento": "COLEGIO GRAN COLOMBIA (CED)",
        "nombre_localidad": "San Cristobal",
        "codigo_upz": "32",
        "nombre_upz": "SAN BLAS",
        "estrato": "Estrato 1",
        "zona": "URBANA",
        "caracter_media": "Sin información",
        "lon": -74.07013000007568,
        "lat": 4.568080000443431,
        "codigo_localidad": "04",
        "q_j": null,
        "puntaje_2023": null,
        "punt_global_2020": null,
        "punt_global_2022": null,
        "matricula_total": 111.0,
        "demanda_total": 115.0,
        "sobre_demanda_j": 1.0360360360360361,
        "n_hogares_muestra": 2576.0,
        "poblacion_expandida": 103547.9999957,
        "tasa_pobreza_monetaria": 0.5328157281076517,
        "tasa_pobreza_extrema": 0.1780459356836017,
        "tasa_ipm": 0.067906413079847,
        "ingreso_percapita_promedio": 549847.9861771726,
        "capacidad_pago_promedio": 0.5201909468810293,
        "tamano_hogar_promedio": 3.690522823849512,
        "gasto_educ_promedio": 137818.05261490447,
        "tasa_deficit_cuantitativo": 0.0341879814409453,
        "tasa_deficit_cualitativo": 0.1618981974832556,
        "tasa_deficit_habitacional": 0.196086178924201,
        "pct_estrato_1": 0.1275309686584809,
        "pct_estrato_2": 0.8581344944353343,
        "pct_estrato_3": 0.0083652084476375,
        "pct_estrato_4": 0.0,
        "pct_estrato_5": 0.0,
        "pct_estrato_6": 0.0,
        "s0_localidad": 0.24275340378588084,
        "dist_transmilenio_m": 2695.305421540108,
        "dist_sitp_m": 66.65798477394529,
        "dist_parque_m": 55.57392566549767,
        "homicidios": 113.0,
        "lesiones_personales": 2653.0,
        "hurto_personas": 11264.0,
        "hurto_residencias": 1302.0,
        "hurto_automotores": 438.0,
        "hurto_bicicletas": 251.0,
        "hurto_comercio": 3279.0,
        "hurto_entidades": 810.0,
        "violencia_intrafam": 4309.0,
        "delitos_sexuales": 811.0,
        "pct_no_oficial": 49.61,
        "n_sedes_total": 129,
        "n_sedes_no_oficial": 64
      }
    },
    {
      "type": "Feature",
      "geometry": {
        "type": "Point",
        "coordinates": [
          -74.09394000029317,
          4.571159999709393
        ]
      },
      "properties": {
        "DANE12_EST": "111001012033",
        "id_establecimiento": "111001012033",
        "nombre_establecimiento": "COLEGIO VEINTE DE JULIO (IED)",
        "nombre_localidad": "San Cristobal",
        "codigo_upz": "34",
        "nombre_upz": "20 DE JULIO",
        "estrato": "Sin estrato",
        "zona": "URBANA",
        "caracter_media": "Académico",
        "lon": -74.09394000029317,
        "lat": 4.571159999709393,
        "codigo_localidad": "04",
        "q_j": 247.31000000000003,
        "puntaje_2023": 249.62,
        "punt_global_2020": 249.23,
        "punt_global_2022": 243.08,
        "matricula_total": 964.0,
        "demanda_total": 1075.0,
        "sobre_demanda_j": 1.1151452282157677,
        "n_hogares_muestra": 2665.0,
        "poblacion_expandida": 80466.0000003,
        "tasa_pobreza_monetaria": 0.4363819277268546,
        "tasa_pobreza_extrema": 0.137425840822941,
        "tasa_ipm": 0.0554644456277603,
        "ingreso_percapita_promedio": 664284.9107945563,
        "capacidad_pago_promedio": 0.4244786661940777,
        "tamano_hogar_promedio": 3.780272207728306,
        "gasto_educ_promedio": 225987.00528337804,
        "tasa_deficit_cuantitativo": 0.0122805236733069,
        "tasa_deficit_cualitativo": 0.1420960154805429,
        "tasa_deficit_habitacional": 0.1543765391538499,
        "pct_estrato_1": 0.0010078821912322,
        "pct_estrato_2": 0.6878733674420704,
        "pct_estrato_3": 0.3111187503666972,
        "pct_estrato_4": 0.0,
        "pct_estrato_5": 0.0,
        "pct_estrato_6": 0.0,
        "s0_localidad": 0.24275340378588084,
        "dist_transmilenio_m": 521.0850772152342,
        "dist_sitp_m": 100.10543241447797,
        "dist_parque_m": 47.77305567142999,
        "homicidios": 113.0,
        "lesiones_personales": 2653.0,
        "hurto_personas": 11264.0,
        "hurto_residencias": 1302.0,
        "hurto_automotores": 438.0,
        "hurto_bicicletas": 251.0,
        "hurto_comercio": 3279.0,
        "hurto_entidades": 810.0,
        "violencia_intrafam": 4309.0,
        "delitos_sexuales": 811.0,
        "pct_no_oficial": 49.61,
        "n_sedes_total": 129,
        "n_sedes_no_oficial": 64
      }
    },
    {
      "type": "Feature",
      "geometry": {
        "type": "Point",
        "coordinates": [
          -74.07477999978651,
          4.56915000026094
        ]
      },
      "properties": {
        "DANE12_EST": "111001012246",
        "id_establecimiento": "111001012246",
        "nombre_establecimiento": "COLEGIO PANTALEON GAITAN PEREZ (CED)",
        "nombre_localidad": "San Cristobal",
        "codigo_upz": "32",
        "nombre_upz": "SAN BLAS",
        "estrato": "Estrato 1",
        "zona": "URBANA",
        "caracter_media": "Sin información",
        "lon": -74.07477999978651,
        "lat": 4.56915000026094,
        "codigo_localidad": "04",
        "q_j": null,
        "puntaje_2023": null,
        "punt_global_2020": null,
        "punt_global_2022": null,
        "matricula_total": 147.0,
        "demanda_total": 159.0,
        "sobre_demanda_j": 1.0816326530612246,
        "n_hogares_muestra": 2576.0,
        "poblacion_expandida": 103547.9999957,
        "tasa_pobreza_monetaria": 0.5328157281076517,
        "tasa_pobreza_extrema": 0.1780459356836017,
        "tasa_ipm": 0.067906413079847,
        "ingreso_percapita_promedio": 549847.9861771726,
        "capacidad_pago_promedio": 0.5201909468810293,
        "tamano_hogar_promedio": 3.690522823849512,
        "gasto_educ_promedio": 137818.05261490447,
        "tasa_deficit_cuantitativo": 0.0341879814409453,
        "tasa_deficit_cualitativo": 0.1618981974832556,
        "tasa_deficit_habitacional": 0.196086178924201,
        "pct_estrato_1": 0.1275309686584809,
        "pct_estrato_2": 0.8581344944353343,
        "pct_estrato_3": 0.0083652084476375,
        "pct_estrato_4": 0.0,
        "pct_estrato_5": 0.0,
        "pct_estrato_6": 0.0,
        "s0_localidad": 0.24275340378588084,
        "dist_transmilenio_m": 2208.5753789585765,
        "dist_sitp_m": 61.83709618794012,
        "dist_parque_m": 117.33323059206332,
        "homicidios": 113.0,
        "lesiones_personales": 2653.0,
        "hurto_personas": 11264.0,
        "hurto_residencias": 1302.0,
        "hurto_automotores": 438.0,
        "hurto_bicicletas": 251.0,
        "hurto_comercio": 3279.0,
        "hurto_entidades": 810.0,
        "violencia_intrafam": 4309.0,
        "delitos_sexuales": 811.0,
        "pct_no_oficial": 49.61,
        "n_sedes_total": 129,
        "n_sedes_no_oficial": 64
      }
    },
    {
      "type": "Feature",
      "geometry": {
        "type": "Point",
        "coordinates": [
          -74.12892000040142,
          4.580019999783634
        ]
      },
      "properties": {
        "DANE12_EST": "111001012271",
        "id_establecimiento": "111001012271",
        "nombre_establecimiento": "COLEGIO RAFAEL URIBE URIBE (IED)",
        "nombre_localidad": "Tunjuelito",
        "codigo_upz": "42",
        "nombre_upz": "VENECIA",
        "estrato": "Estrato 3",
        "zona": "URBANA",
        "caracter_media": "Académico - Técnico",
        "lon": -74.12892000040142,
        "lat": 4.580019999783634,
        "codigo_localidad": "06",
        "q_j": 268.95,
        "puntaje_2023": 273.46,
        "punt_global_2020": 259.67,
        "punt_global_2022": 273.72,
        "matricula_total": 1829.0,
        "demanda_total": 1980.0,
        "sobre_demanda_j": 1.082558775287042,
        "n_hogares_muestra": 2196.0,
        "poblacion_expandida": 139490.0000064,
        "tasa_pobreza_monetaria": 0.3456416416631149,
        "tasa_pobreza_extrema": 0.1503118512921213,
        "tasa_ipm": 0.0363638721992061,
        "ingreso_percapita_promedio": 842886.8720213596,
        "capacidad_pago_promedio": 0.2543474672254081,
        "tamano_hogar_promedio": 3.158857941575621,
        "gasto_educ_promedio": 260612.53234385408,
        "tasa_deficit_cuantitativo": 0.0054515723698122,
        "tasa_deficit_cualitativo": 0.1344675835245495,
        "tasa_deficit_habitacional": 0.1399191558943617,
        "pct_estrato_1": 0.0,
        "pct_estrato_2": 0.5468256713047553,
        "pct_estrato_3": 0.4531743286952447,
        "pct_estrato_4": 0.0,
        "pct_estrato_5": 0.0,
        "pct_estrato_6": 0.0,
        "s0_localidad": 0.24596233549441804,
        "dist_transmilenio_m": 1086.7501451890803,
        "dist_sitp_m": 146.9370848261509,
        "dist_parque_m": 105.63929978406824,
        "homicidios": 67.0,
        "lesiones_personales": 1311.0,
        "hurto_personas": 8872.0,
        "hurto_residencias": 687.0,
        "hurto_automotores": 293.0,
        "hurto_bicicletas": 367.0,
        "hurto_comercio": 2403.0,
        "hurto_entidades": 312.0,
        "violencia_intrafam": 1641.0,
        "delitos_sexuales": 328.0,
        "pct_no_oficial": 64.29,
        "n_sedes_total": 70,
        "n_sedes_no_oficial": 45
      }
    },
    {
      "type": "Feature",
      "geometry": {
        "type": "Point",
        "coordinates": [
          -74.08422999989435,
          4.546309999984019
        ]
      },
      "properties": {
        "DANE12_EST": "111001012301",
        "id_establecimiento": "111001012301",
        "nombre_establecimiento": "COLEGIO SAN JOSE SUR ORIENTAL (IED)",
        "nombre_localidad": "San Cristobal",
        "codigo_upz": "50",
        "nombre_upz": "LA GLORIA",
        "estrato": "Estrato 2",
        "zona": "URBANA",
        "caracter_media": "Académico",
        "lon": -74.08422999989435,
        "lat": 4.546309999984019,
        "codigo_localidad": "04",
        "q_j": 258.0366666666667,
        "puntaje_2023": 258.76,
        "punt_global_2020": 259.44,
        "punt_global_2022": 255.91,
        "matricula_total": 1035.0,
        "demanda_total": 1108.0,
        "sobre_demanda_j": 1.0705314009661835,
        "n_hogares_muestra": 2500.0,
        "poblacion_expandida": 96156.0000033,
        "tasa_pobreza_monetaria": 0.5221184917444258,
        "tasa_pobreza_extrema": 0.1745577883889092,
        "tasa_ipm": 0.0630786075241466,
        "ingreso_percapita_promedio": 557986.0836562533,
        "capacidad_pago_promedio": 0.5453921897406319,
        "tamano_hogar_promedio": 3.615804038094012,
        "gasto_educ_promedio": 150029.1905653152,
        "tasa_deficit_cuantitativo": 0.0079722719307551,
        "tasa_deficit_cualitativo": 0.2070523211616199,
        "tasa_deficit_habitacional": 0.2150245930923751,
        "pct_estrato_1": 0.035853985153102,
        "pct_estrato_2": 0.964146014846898,
        "pct_estrato_3": 0.0,
        "pct_estrato_4": 0.0,
        "pct_estrato_5": 0.0,
        "pct_estrato_6": 0.0,
        "s0_localidad": 0.24275340378588084,
        "dist_transmilenio_m": 2581.381148464181,
        "dist_sitp_m": 99.10440873539345,
        "dist_parque_m": 46.01242720178672,
        "homicidios": 113.0,
        "lesiones_personales": 2653.0,
        "hurto_personas": 11264.0,
        "hurto_residencias": 1302.0,
        "hurto_automotores": 438.0,
        "hurto_bicicletas": 251.0,
        "hurto_comercio": 3279.0,
        "hurto_entidades": 810.0,
        "violencia_intrafam": 4309.0,
        "delitos_sexuales": 811.0,
        "pct_no_oficial": 49.61,
        "n_sedes_total": 129,
        "n_sedes_no_oficial": 64
      }
    },
    {
      "type": "Feature",
      "geometry": {
        "type": "Point",
        "coordinates": [
          -74.08560999991865,
          4.530919999912781
        ]
      },
      "properties": {
        "DANE12_EST": "111001012335",
        "id_establecimiento": "111001012335",
        "nombre_establecimiento": "COLEGIO JUANA ESCOBAR (IED)",
        "nombre_localidad": "San Cristobal",
        "codigo_upz": "51",
        "nombre_upz": "LOS LIBERTADORES",
        "estrato": "Estrato 2",
        "zona": "URBANA",
        "caracter_media": "Académico",
        "lon": -74.08560999991865,
        "lat": 4.530919999912781,
        "codigo_localidad": "04",
        "q_j": 246.74,
        "puntaje_2023": 246.79,
        "punt_global_2020": 249.0,
        "punt_global_2022": 244.43,
        "matricula_total": 1805.0,
        "demanda_total": 1865.0,
        "sobre_demanda_j": 1.0332409972299168,
        "n_hogares_muestra": 2692.0,
        "poblacion_expandida": 77733.99999669999,
        "tasa_pobreza_monetaria": 0.5265376983345458,
        "tasa_pobreza_extrema": 0.1756566622209029,
        "tasa_ipm": 0.0673617880364099,
        "ingreso_percapita_promedio": 552249.0706601833,
        "capacidad_pago_promedio": 0.5524742211712143,
        "tamano_hogar_promedio": 3.6592377897750734,
        "gasto_educ_promedio": 168187.30175970253,
        "tasa_deficit_cuantitativo": 0.0051636119898247,
        "tasa_deficit_cualitativo": 0.1867404524907536,
        "tasa_deficit_habitacional": 0.1919040644805784,
        "pct_estrato_1": 0.1949612933561038,
        "pct_estrato_2": 0.8018119887339643,
        "pct_estrato_3": 0.0,
        "pct_estrato_4": 0.0,
        "pct_estrato_5": 0.0,
        "pct_estrato_6": 0.0,
        "s0_localidad": 0.24275340378588084,
        "dist_transmilenio_m": 3745.5760462000144,
        "dist_sitp_m": 76.40828603715153,
        "dist_parque_m": 200.49042826470253,
        "homicidios": 113.0,
        "lesiones_personales": 2653.0,
        "hurto_personas": 11264.0,
        "hurto_residencias": 1302.0,
        "hurto_automotores": 438.0,
        "hurto_bicicletas": 251.0,
        "hurto_comercio": 3279.0,
        "hurto_entidades": 810.0,
        "violencia_intrafam": 4309.0,
        "delitos_sexuales": 811.0,
        "pct_no_oficial": 49.61,
        "n_sedes_total": 129,
        "n_sedes_no_oficial": 64
      }
    },
    {
      "type": "Feature",
      "geometry": {
        "type": "Point",
        "coordinates": [
          -74.15570999987725,
          4.618080000301815
        ]
      },
      "properties": {
        "DANE12_EST": "111001012343",
        "id_establecimiento": "111001012343",
        "nombre_establecimiento": "COLEGIO TOM ADAMS (IED)",
        "nombre_localidad": "Kennedy",
        "codigo_upz": "47",
        "nombre_upz": "KENNEDY CENTRAL",
        "estrato": "Estrato 3",
        "zona": "URBANA",
        "caracter_media": "Académico",
        "lon": -74.15570999987725,
        "lat": 4.618080000301815,
        "codigo_localidad": "08",
        "q_j": 260.92333333333335,
        "puntaje_2023": 260.33,
        "punt_global_2020": 263.02,
        "punt_global_2022": 259.42,
        "matricula_total": 2219.0,
        "demanda_total": 2451.0,
        "sobre_demanda_j": 1.1045515998197386,
        "n_hogares_muestra": 2378.0,
        "poblacion_expandida": 93575.0000042,
        "tasa_pobreza_monetaria": 0.2672083143134141,
        "tasa_pobreza_extrema": 0.0750444951042993,
        "tasa_ipm": 0.0337154060310809,
        "ingreso_percapita_promedio": 926690.9510180312,
        "capacidad_pago_promedio": 0.1664851532866766,
        "tamano_hogar_promedio": 3.513604109073394,
        "gasto_educ_promedio": 259520.21119855996,
        "tasa_deficit_cuantitativo": 0.0040550762701893,
        "tasa_deficit_cualitativo": 0.0744366713148529,
        "tasa_deficit_habitacional": 0.0784917475850423,
        "pct_estrato_1": 0.0010352239550697,
        "pct_estrato_2": 0.0074430445350653,
        "pct_estrato_3": 0.9915217315098648,
        "pct_estrato_4": 0.0,
        "pct_estrato_5": 0.0,
        "pct_estrato_6": 0.0,
        "s0_localidad": 0.3719221758740453,
        "dist_transmilenio_m": 1836.5214692837014,
        "dist_sitp_m": 137.29026483911318,
        "dist_parque_m": 132.80862871664664,
        "homicidios": 277.0,
        "lesiones_personales": 5216.0,
        "hurto_personas": 45928.0,
        "hurto_residencias": 4574.0,
        "hurto_automotores": 2662.0,
        "hurto_bicicletas": 2842.0,
        "hurto_comercio": 11829.0,
        "hurto_entidades": 2994.0,
        "violencia_intrafam": 8341.0,
        "delitos_sexuales": 1353.0,
        "pct_no_oficial": 70.99,
        "n_sedes_total": 262,
        "n_sedes_no_oficial": 186
      }
    },
    {
      "type": "Feature",
      "geometry": {
        "type": "Point",
        "coordinates": [
          -74.15350999969529,
          4.621520000009294
        ]
      },
      "properties": {
        "DANE12_EST": "111001012360",
        "id_establecimiento": "111001012360",
        "nombre_establecimiento": "COLEGIO EL JAPON (IED)",
        "nombre_localidad": "Kennedy",
        "codigo_upz": "47",
        "nombre_upz": "KENNEDY CENTRAL",
        "estrato": "Estrato 3",
        "zona": "URBANA",
        "caracter_media": "Académico",
        "lon": -74.15350999969529,
        "lat": 4.621520000009294,
        "codigo_localidad": "08",
        "q_j": 252.14333333333335,
        "puntaje_2023": 256.54,
        "punt_global_2020": 247.42,
        "punt_global_2022": 252.47,
        "matricula_total": 1721.0,
        "demanda_total": 2350.0,
        "sobre_demanda_j": 1.3654851830331203,
        "n_hogares_muestra": 2378.0,
        "poblacion_expandida": 93575.0000042,
        "tasa_pobreza_monetaria": 0.2672083143134141,
        "tasa_pobreza_extrema": 0.0750444951042993,
        "tasa_ipm": 0.0337154060310809,
        "ingreso_percapita_promedio": 926690.9510180312,
        "capacidad_pago_promedio": 0.1664851532866766,
        "tamano_hogar_promedio": 3.513604109073394,
        "gasto_educ_promedio": 259520.21119855996,
        "tasa_deficit_cuantitativo": 0.0040550762701893,
        "tasa_deficit_cualitativo": 0.0744366713148529,
        "tasa_deficit_habitacional": 0.0784917475850423,
        "pct_estrato_1": 0.0010352239550697,
        "pct_estrato_2": 0.0074430445350653,
        "pct_estrato_3": 0.9915217315098648,
        "pct_estrato_4": 0.0,
        "pct_estrato_5": 0.0,
        "pct_estrato_6": 0.0,
        "s0_localidad": 0.3719221758740453,
        "dist_transmilenio_m": 1384.633577183634,
        "dist_sitp_m": 166.01843978851664,
        "dist_parque_m": 85.28634013446649,
        "homicidios": 277.0,
        "lesiones_personales": 5216.0,
        "hurto_personas": 45928.0,
        "hurto_residencias": 4574.0,
        "hurto_automotores": 2662.0,
        "hurto_bicicletas": 2842.0,
        "hurto_comercio": 11829.0,
        "hurto_entidades": 2994.0,
        "violencia_intrafam": 8341.0,
        "delitos_sexuales": 1353.0,
        "pct_no_oficial": 70.99,
        "n_sedes_total": 262,
        "n_sedes_no_oficial": 186
      }
    },
    {
      "type": "Feature",
      "geometry": {
        "type": "Point",
        "coordinates": [
          -74.09054000001197,
          4.705650000113147
        ]
      },
      "properties": {
        "DANE12_EST": "111001012441",
        "id_establecimiento": "111001012441",
        "nombre_establecimiento": "COLEGIO MORISCO (IED)",
        "nombre_localidad": "Engativa",
        "codigo_upz": "29",
        "nombre_upz": "EL MINUTO DE DIOS",
        "estrato": "Estrato 3",
        "zona": "URBANA",
        "caracter_media": "Académico",
        "lon": -74.09054000001197,
        "lat": 4.705650000113147,
        "codigo_localidad": "10",
        "q_j": 280.0,
        "puntaje_2023": 283.85,
        "punt_global_2020": 275.98,
        "punt_global_2022": 280.17,
        "matricula_total": 1005.0,
        "demanda_total": 1084.0,
        "sobre_demanda_j": 1.0786069651741295,
        "n_hogares_muestra": 2166.0,
        "poblacion_expandida": 110558.9999976,
        "tasa_pobreza_monetaria": 0.2692590366016898,
        "tasa_pobreza_extrema": 0.0975325126098651,
        "tasa_ipm": 0.0328496863953078,
        "ingreso_percapita_promedio": 931557.4989917966,
        "capacidad_pago_promedio": 0.2136129795540179,
        "tamano_hogar_promedio": 3.338568307222501,
        "gasto_educ_promedio": 241862.3459379892,
        "tasa_deficit_cuantitativo": 0.0077472086028147,
        "tasa_deficit_cualitativo": 0.0799938505032786,
        "tasa_deficit_habitacional": 0.0877410591060933,
        "pct_estrato_1": 0.0179532449736619,
        "pct_estrato_2": 0.3193885602788242,
        "pct_estrato_3": 0.6621872301376571,
        "pct_estrato_4": 0.0004709646098565,
        "pct_estrato_5": 0.0,
        "pct_estrato_6": 0.0,
        "s0_localidad": 0.45908732785239414,
        "dist_transmilenio_m": 943.9034311993377,
        "dist_sitp_m": 219.23203056671548,
        "dist_parque_m": 134.70189733048971,
        "homicidios": 114.0,
        "lesiones_personales": 3260.0,
        "hurto_personas": 44584.0,
        "hurto_residencias": 4694.0,
        "hurto_automotores": 1548.0,
        "hurto_bicicletas": 2840.0,
        "hurto_comercio": 11724.0,
        "hurto_entidades": 1616.0,
        "violencia_intrafam": 6497.0,
        "delitos_sexuales": 1001.0,
        "pct_no_oficial": 73.15,
        "n_sedes_total": 257,
        "n_sedes_no_oficial": 188
      }
    },
    {
      "type": "Feature",
      "geometry": {
        "type": "Point",
        "coordinates": [
          -74.10200000033096,
          4.699279999803044
        ]
      },
      "properties": {
        "DANE12_EST": "111001012459",
        "id_establecimiento": "111001012459",
        "nombre_establecimiento": "COLEGIO SAN JOSE NORTE (IED)",
        "nombre_localidad": "Engativa",
        "codigo_upz": "30",
        "nombre_upz": "BOYACA REAL",
        "estrato": "Estrato 3",
        "zona": "URBANA",
        "caracter_media": "Académico",
        "lon": -74.10200000033096,
        "lat": 4.699279999803044,
        "codigo_localidad": "10",
        "q_j": 306.71333333333337,
        "puntaje_2023": 328.85,
        "punt_global_2020": 290.98,
        "punt_global_2022": 300.31,
        "matricula_total": 1113.0,
        "demanda_total": 1249.0,
        "sobre_demanda_j": 1.1221922731356693,
        "n_hogares_muestra": 2323.0,
        "poblacion_expandida": 128077.9999945,
        "tasa_pobreza_monetaria": 0.213169851741692,
        "tasa_pobreza_extrema": 0.0877135985140494,
        "tasa_ipm": 0.0197830925311826,
        "ingreso_percapita_promedio": 1221231.80860735,
        "capacidad_pago_promedio": 0.1232248676648428,
        "tamano_hogar_promedio": 3.322991165188217,
        "gasto_educ_promedio": 371577.3862272356,
        "tasa_deficit_cuantitativo": 0.0,
        "tasa_deficit_cualitativo": 0.0643023044664475,
        "tasa_deficit_habitacional": 0.0643023044664475,
        "pct_estrato_1": 0.0,
        "pct_estrato_2": 0.0071695178855028,
        "pct_estrato_3": 0.9726107268441838,
        "pct_estrato_4": 0.0169566394532492,
        "pct_estrato_5": 0.0,
        "pct_estrato_6": 0.0032631158170641,
        "s0_localidad": 0.45908732785239414,
        "dist_transmilenio_m": 403.43871891927364,
        "dist_sitp_m": 169.79391481961625,
        "dist_parque_m": 223.78622634668875,
        "homicidios": 114.0,
        "lesiones_personales": 3260.0,
        "hurto_personas": 44584.0,
        "hurto_residencias": 4694.0,
        "hurto_automotores": 1548.0,
        "hurto_bicicletas": 2840.0,
        "hurto_comercio": 11724.0,
        "hurto_entidades": 1616.0,
        "violencia_intrafam": 6497.0,
        "delitos_sexuales": 1001.0,
        "pct_no_oficial": 73.15,
        "n_sedes_total": 257,
        "n_sedes_no_oficial": 188
      }
    },
    {
      "type": "Feature",
      "geometry": {
        "type": "Point",
        "coordinates": [
          -74.06744000034726,
          4.561900000430823
        ]
      },
      "properties": {
        "DANE12_EST": "111001012475",
        "id_establecimiento": "111001012475",
        "nombre_establecimiento": "COLEGIO AGUAS CLARAS (CED)",
        "nombre_localidad": "San Cristobal",
        "codigo_upz": "UPR 2",
        "nombre_upz": "CERROS ORIENTALES",
        "estrato": "Estrato 1",
        "zona": "RURAL",
        "caracter_media": "Sin información",
        "lon": -74.06744000034726,
        "lat": 4.561900000430823,
        "codigo_localidad": "04",
        "q_j": null,
        "puntaje_2023": null,
        "punt_global_2020": null,
        "punt_global_2022": null,
        "matricula_total": 174.0,
        "demanda_total": 187.0,
        "sobre_demanda_j": 1.0747126436781609,
        "n_hogares_muestra": null,
        "poblacion_expandida": null,
        "tasa_pobreza_monetaria": null,
        "tasa_pobreza_extrema": null,
        "tasa_ipm": null,
        "ingreso_percapita_promedio": null,
        "capacidad_pago_promedio": null,
        "tamano_hogar_promedio": null,
        "gasto_educ_promedio": null,
        "tasa_deficit_cuantitativo": null,
        "tasa_deficit_cualitativo": null,
        "tasa_deficit_habitacional": null,
        "pct_estrato_1": null,
        "pct_estrato_2": null,
        "pct_estrato_3": null,
        "pct_estrato_4": null,
        "pct_estrato_5": null,
        "pct_estrato_6": null,
        "s0_localidad": 0.24275340378588084,
        "dist_transmilenio_m": 3304.8158604540454,
        "dist_sitp_m": 47.96139602736256,
        "dist_parque_m": 317.0156865121171,
        "homicidios": 113.0,
        "lesiones_personales": 2653.0,
        "hurto_personas": 11264.0,
        "hurto_residencias": 1302.0,
        "hurto_automotores": 438.0,
        "hurto_bicicletas": 251.0,
        "hurto_comercio": 3279.0,
        "hurto_entidades": 810.0,
        "violencia_intrafam": 4309.0,
        "delitos_sexuales": 811.0,
        "pct_no_oficial": 49.61,
        "n_sedes_total": 129,
        "n_sedes_no_oficial": 64
      }
    },
    {
      "type": "Feature",
      "geometry": {
        "type": "Point",
        "coordinates": [
          -74.0979899999544,
          4.694050000379043
        ]
      },
      "properties": {
        "DANE12_EST": "111001012483",
        "id_establecimiento": "111001012483",
        "nombre_establecimiento": "COLEGIO TABORA (IED)",
        "nombre_localidad": "Engativa",
        "codigo_upz": "30",
        "nombre_upz": "BOYACA REAL",
        "estrato": "Estrato 3",
        "zona": "URBANA",
        "caracter_media": "Académico",
        "lon": -74.0979899999544,
        "lat": 4.694050000379043,
        "codigo_localidad": "10",
        "q_j": 270.3566666666666,
        "puntaje_2023": 273.46,
        "punt_global_2020": 259.62,
        "punt_global_2022": 277.99,
        "matricula_total": 1583.0,
        "demanda_total": 1713.0,
        "sobre_demanda_j": 1.082122552116235,
        "n_hogares_muestra": 2323.0,
        "poblacion_expandida": 128077.9999945,
        "tasa_pobreza_monetaria": 0.213169851741692,
        "tasa_pobreza_extrema": 0.0877135985140494,
        "tasa_ipm": 0.0197830925311826,
        "ingreso_percapita_promedio": 1221231.80860735,
        "capacidad_pago_promedio": 0.1232248676648428,
        "tamano_hogar_promedio": 3.322991165188217,
        "gasto_educ_promedio": 371577.3862272356,
        "tasa_deficit_cuantitativo": 0.0,
        "tasa_deficit_cualitativo": 0.0643023044664475,
        "tasa_deficit_habitacional": 0.0643023044664475,
        "pct_estrato_1": 0.0,
        "pct_estrato_2": 0.0071695178855028,
        "pct_estrato_3": 0.9726107268441838,
        "pct_estrato_4": 0.0169566394532492,
        "pct_estrato_5": 0.0,
        "pct_estrato_6": 0.0032631158170641,
        "s0_localidad": 0.45908732785239414,
        "dist_transmilenio_m": 607.7459910827152,
        "dist_sitp_m": 95.46260331678003,
        "dist_parque_m": 110.77085043329346,
        "homicidios": 114.0,
        "lesiones_personales": 3260.0,
        "hurto_personas": 44584.0,
        "hurto_residencias": 4694.0,
        "hurto_automotores": 1548.0,
        "hurto_bicicletas": 2840.0,
        "hurto_comercio": 11724.0,
        "hurto_entidades": 1616.0,
        "violencia_intrafam": 6497.0,
        "delitos_sexuales": 1001.0,
        "pct_no_oficial": 73.15,
        "n_sedes_total": 257,
        "n_sedes_no_oficial": 188
      }
    },
    {
      "type": "Feature",
      "geometry": {
        "type": "Point",
        "coordinates": [
          -74.11494000023335,
          4.610129999743521
        ]
      },
      "properties": {
        "DANE12_EST": "111001012530",
        "id_establecimiento": "111001012530",
        "nombre_establecimiento": "COLEGIO EL JAZMIN (IED)",
        "nombre_localidad": "Puente Aranda",
        "codigo_upz": "40",
        "nombre_upz": "CIUDAD MONTES",
        "estrato": "Estrato 3",
        "zona": "URBANA",
        "caracter_media": "Académico",
        "lon": -74.11494000023335,
        "lat": 4.610129999743521,
        "codigo_localidad": "16",
        "q_j": 263.6166666666666,
        "puntaje_2023": 270.45,
        "punt_global_2020": 252.47,
        "punt_global_2022": 267.93,
        "matricula_total": 1487.0,
        "demanda_total": 1636.0,
        "sobre_demanda_j": 1.1002017484868865,
        "n_hogares_muestra": 2216.0,
        "poblacion_expandida": 102337.999998,
        "tasa_pobreza_monetaria": 0.2689251836320609,
        "tasa_pobreza_extrema": 0.1492230603802932,
        "tasa_ipm": 0.0321605532975465,
        "ingreso_percapita_promedio": 1197049.8054420657,
        "capacidad_pago_promedio": 0.1448583685140389,
        "tamano_hogar_promedio": 3.44794783577455,
        "gasto_educ_promedio": 354259.4258766024,
        "tasa_deficit_cuantitativo": 0.0032629278812027,
        "tasa_deficit_cualitativo": 0.0524807420548082,
        "tasa_deficit_habitacional": 0.0557436699360109,
        "pct_estrato_1": 0.0012943872266664,
        "pct_estrato_2": 0.0016206459800195,
        "pct_estrato_3": 0.997084966793314,
        "pct_estrato_4": 0.0,
        "pct_estrato_5": 0.0,
        "pct_estrato_6": 0.0,
        "s0_localidad": 0.5211076175873677,
        "dist_transmilenio_m": 1496.6096708440427,
        "dist_sitp_m": 223.1662092692603,
        "dist_parque_m": 78.6099905488401,
        "homicidios": 81.0,
        "lesiones_personales": 1979.0,
        "hurto_personas": 20917.0,
        "hurto_residencias": 1572.0,
        "hurto_automotores": 1079.0,
        "hurto_bicicletas": 778.0,
        "hurto_comercio": 5413.0,
        "hurto_entidades": 730.0,
        "violencia_intrafam": 2327.0,
        "delitos_sexuales": 548.0,
        "pct_no_oficial": 68.0,
        "n_sedes_total": 100,
        "n_sedes_no_oficial": 68
      }
    },
    {
      "type": "Feature",
      "geometry": {
        "type": "Point",
        "coordinates": [
          -74.09302999972383,
          4.621810000346187
        ]
      },
      "properties": {
        "DANE12_EST": "111001012556",
        "id_establecimiento": "111001012556",
        "nombre_establecimiento": "COLEGIO ESPAÑA (IED)",
        "nombre_localidad": "Puente Aranda",
        "codigo_upz": "108",
        "nombre_upz": "ZONA INDUSTRIAL",
        "estrato": "Sin estrato",
        "zona": "URBANA",
        "caracter_media": "Académico",
        "lon": -74.09302999972383,
        "lat": 4.621810000346187,
        "codigo_localidad": "16",
        "q_j": 254.35333333333335,
        "puntaje_2023": 243.46,
        "punt_global_2020": 253.5,
        "punt_global_2022": 266.1,
        "matricula_total": 566.0,
        "demanda_total": 662.0,
        "sobre_demanda_j": 1.1696113074204948,
        "n_hogares_muestra": null,
        "poblacion_expandida": null,
        "tasa_pobreza_monetaria": null,
        "tasa_pobreza_extrema": null,
        "tasa_ipm": null,
        "ingreso_percapita_promedio": null,
        "capacidad_pago_promedio": null,
        "tamano_hogar_promedio": null,
        "gasto_educ_promedio": null,
        "tasa_deficit_cuantitativo": null,
        "tasa_deficit_cualitativo": null,
        "tasa_deficit_habitacional": null,
        "pct_estrato_1": null,
        "pct_estrato_2": null,
        "pct_estrato_3": null,
        "pct_estrato_4": null,
        "pct_estrato_5": null,
        "pct_estrato_6": null,
        "s0_localidad": 0.5211076175873677,
        "dist_transmilenio_m": 641.1987051200675,
        "dist_sitp_m": 70.04630759826708,
        "dist_parque_m": 163.349510497983,
        "homicidios": 81.0,
        "lesiones_personales": 1979.0,
        "hurto_personas": 20917.0,
        "hurto_residencias": 1572.0,
        "hurto_automotores": 1079.0,
        "hurto_bicicletas": 778.0,
        "hurto_comercio": 5413.0,
        "hurto_entidades": 730.0,
        "violencia_intrafam": 2327.0,
        "delitos_sexuales": 548.0,
        "pct_no_oficial": 68.0,
        "n_sedes_total": 100,
        "n_sedes_no_oficial": 68
      }
    },
    {
      "type": "Feature",
      "geometry": {
        "type": "Point",
        "coordinates": [
          -74.10458999960193,
          4.5943500005633
        ]
      },
      "properties": {
        "DANE12_EST": "111001012602",
        "id_establecimiento": "111001012602",
        "nombre_establecimiento": "COLEGIO ATANASIO GIRARDOT (IED)",
        "nombre_localidad": "Antonio Nariño",
        "codigo_upz": "38",
        "nombre_upz": "RESTREPO",
        "estrato": "Estrato 3",
        "zona": "URBANA",
        "caracter_media": "Académico",
        "lon": -74.10458999960193,
        "lat": 4.5943500005633,
        "codigo_localidad": "15",
        "q_j": 268.6466666666667,
        "puntaje_2023": 266.37,
        "punt_global_2020": 265.97,
        "punt_global_2022": 273.6,
        "matricula_total": 2377.0,
        "demanda_total": 2586.0,
        "sobre_demanda_j": 1.0879259570887674,
        "n_hogares_muestra": 2145.0,
        "poblacion_expandida": 56056.9999978,
        "tasa_pobreza_monetaria": 0.2210592286473827,
        "tasa_pobreza_extrema": 0.0629065077998893,
        "tasa_ipm": 0.0415751879674521,
        "ingreso_percapita_promedio": 1145227.1597134708,
        "capacidad_pago_promedio": 0.129318522705184,
        "tamano_hogar_promedio": 3.6959190017612618,
        "gasto_educ_promedio": 389904.6851137919,
        "tasa_deficit_cuantitativo": 0.0057356332413903,
        "tasa_deficit_cualitativo": 0.1219053248188128,
        "tasa_deficit_habitacional": 0.1276409580602031,
        "pct_estrato_1": 0.0,
        "pct_estrato_2": 0.0049999584139536,
        "pct_estrato_3": 0.9935356587684996,
        "pct_estrato_4": 0.0,
        "pct_estrato_5": 0.0,
        "pct_estrato_6": 0.0,
        "s0_localidad": 0.4744712548125819,
        "dist_transmilenio_m": 750.2290003551067,
        "dist_sitp_m": 87.79980899902364,
        "dist_parque_m": 41.36146645013822,
        "homicidios": 25.0,
        "lesiones_personales": 789.0,
        "hurto_personas": 8646.0,
        "hurto_residencias": 610.0,
        "hurto_automotores": 380.0,
        "hurto_bicicletas": 271.0,
        "hurto_comercio": 2516.0,
        "hurto_entidades": 305.0,
        "violencia_intrafam": 849.0,
        "delitos_sexuales": 196.0,
        "pct_no_oficial": 69.05,
        "n_sedes_total": 42,
        "n_sedes_no_oficial": 29
      }
    },
    {
      "type": "Feature",
      "geometry": {
        "type": "Point",
        "coordinates": [
          -74.11900999998606,
          4.579830000280984
        ]
      },
      "properties": {
        "DANE12_EST": "111001012611",
        "id_establecimiento": "111001012611",
        "nombre_establecimiento": "COLEGIO BRAVO PAEZ (IED)",
        "nombre_localidad": "Rafael Uribe Uribe",
        "codigo_upz": "39",
        "nombre_upz": "QUIROGA",
        "estrato": "Estrato 3",
        "zona": "URBANA",
        "caracter_media": "Académico",
        "lon": -74.11900999998606,
        "lat": 4.579830000280984,
        "codigo_localidad": "18",
        "q_j": 248.17999999999998,
        "puntaje_2023": 255.2,
        "punt_global_2020": 246.12,
        "punt_global_2022": 243.22,
        "matricula_total": 1718.0,
        "demanda_total": 1911.0,
        "sobre_demanda_j": 1.1123399301513388,
        "n_hogares_muestra": 2265.0,
        "poblacion_expandida": 92517.99999850002,
        "tasa_pobreza_monetaria": 0.4498804552776196,
        "tasa_pobreza_extrema": 0.1716353320008803,
        "tasa_ipm": 0.0599485057522851,
        "ingreso_percapita_promedio": 843427.0634521615,
        "capacidad_pago_promedio": 0.3456105222769451,
        "tamano_hogar_promedio": 3.2499598998916417,
        "gasto_educ_promedio": 230991.5177320262,
        "tasa_deficit_cuantitativo": 0.0065383441785361,
        "tasa_deficit_cualitativo": 0.1487364495895188,
        "tasa_deficit_habitacional": 0.1552747937680549,
        "pct_estrato_1": 0.0017364461694222,
        "pct_estrato_2": 0.0014887309280597,
        "pct_estrato_3": 0.9963005864490634,
        "pct_estrato_4": 0.0,
        "pct_estrato_5": 0.0,
        "pct_estrato_6": 0.0,
        "s0_localidad": 0.2741314328601635,
        "dist_transmilenio_m": 464.15145497314154,
        "dist_sitp_m": 72.28205259140262,
        "dist_parque_m": 33.01436494755244,
        "homicidios": 159.0,
        "lesiones_personales": 2500.0,
        "hurto_personas": 13897.0,
        "hurto_residencias": 1530.0,
        "hurto_automotores": 660.0,
        "hurto_bicicletas": 415.0,
        "hurto_comercio": 3902.0,
        "hurto_entidades": 942.0,
        "violencia_intrafam": 3177.0,
        "delitos_sexuales": 716.0,
        "pct_no_oficial": 57.85,
        "n_sedes_total": 121,
        "n_sedes_no_oficial": 70
      }
    },
    {
      "type": "Feature",
      "geometry": {
        "type": "Point",
        "coordinates": [
          -74.11729000020313,
          4.579700000168032
        ]
      },
      "properties": {
        "DANE12_EST": "111001012815",
        "id_establecimiento": "111001012815",
        "nombre_establecimiento": "COLEGIO QUIROGA ALIANZA (IED)",
        "nombre_localidad": "Rafael Uribe Uribe",
        "codigo_upz": "39",
        "nombre_upz": "QUIROGA",
        "estrato": "Estrato 3",
        "zona": "URBANA",
        "caracter_media": "Académico",
        "lon": -74.11729000020313,
        "lat": 4.579700000168032,
        "codigo_localidad": "18",
        "q_j": 264.6266666666666,
        "puntaje_2023": 269.62,
        "punt_global_2020": 265.69,
        "punt_global_2022": 258.57,
        "matricula_total": 1235.0,
        "demanda_total": 1318.0,
        "sobre_demanda_j": 1.0672064777327934,
        "n_hogares_muestra": 2265.0,
        "poblacion_expandida": 92517.99999850002,
        "tasa_pobreza_monetaria": 0.4498804552776196,
        "tasa_pobreza_extrema": 0.1716353320008803,
        "tasa_ipm": 0.0599485057522851,
        "ingreso_percapita_promedio": 843427.0634521615,
        "capacidad_pago_promedio": 0.3456105222769451,
        "tamano_hogar_promedio": 3.2499598998916417,
        "gasto_educ_promedio": 230991.5177320262,
        "tasa_deficit_cuantitativo": 0.0065383441785361,
        "tasa_deficit_cualitativo": 0.1487364495895188,
        "tasa_deficit_habitacional": 0.1552747937680549,
        "pct_estrato_1": 0.0017364461694222,
        "pct_estrato_2": 0.0014887309280597,
        "pct_estrato_3": 0.9963005864490634,
        "pct_estrato_4": 0.0,
        "pct_estrato_5": 0.0,
        "pct_estrato_6": 0.0,
        "s0_localidad": 0.2741314328601635,
        "dist_transmilenio_m": 455.2874083158669,
        "dist_sitp_m": 120.93214656581424,
        "dist_parque_m": 130.97404902457305,
        "homicidios": 159.0,
        "lesiones_personales": 2500.0,
        "hurto_personas": 13897.0,
        "hurto_residencias": 1530.0,
        "hurto_automotores": 660.0,
        "hurto_bicicletas": 415.0,
        "hurto_comercio": 3902.0,
        "hurto_entidades": 942.0,
        "violencia_intrafam": 3177.0,
        "delitos_sexuales": 716.0,
        "pct_no_oficial": 57.85,
        "n_sedes_total": 121,
        "n_sedes_no_oficial": 70
      }
    },
    {
      "type": "Feature",
      "geometry": {
        "type": "Point",
        "coordinates": [
          -74.12388999985069,
          4.603399999900692
        ]
      },
      "properties": {
        "DANE12_EST": "111001012963",
        "id_establecimiento": "111001012963",
        "nombre_establecimiento": "COLEGIO TECNICO BENJAMIN HERRERA (IED)",
        "nombre_localidad": "Puente Aranda",
        "codigo_upz": "41",
        "nombre_upz": "MUZU",
        "estrato": "Estrato 3",
        "zona": "URBANA",
        "caracter_media": "Técnico",
        "lon": -74.12388999985069,
        "lat": 4.603399999900692,
        "codigo_localidad": "16",
        "q_j": 264.42333333333335,
        "puntaje_2023": 264.01,
        "punt_global_2020": 269.52,
        "punt_global_2022": 259.74,
        "matricula_total": 1615.0,
        "demanda_total": 1740.0,
        "sobre_demanda_j": 1.0773993808049536,
        "n_hogares_muestra": 2264.0,
        "poblacion_expandida": 59388.9999982,
        "tasa_pobreza_monetaria": 0.2196526447119058,
        "tasa_pobreza_extrema": 0.0723342369349576,
        "tasa_ipm": 0.0213144558662103,
        "ingreso_percapita_promedio": 1066974.7093374557,
        "capacidad_pago_promedio": 0.120081215040094,
        "tamano_hogar_promedio": 3.443232657094711,
        "gasto_educ_promedio": 332788.8570889279,
        "tasa_deficit_cuantitativo": 0.0083460014483325,
        "tasa_deficit_cualitativo": 0.0516466738536254,
        "tasa_deficit_habitacional": 0.059992675301958,
        "pct_estrato_1": 0.0,
        "pct_estrato_2": 0.0050300839247849,
        "pct_estrato_3": 0.994969916075215,
        "pct_estrato_4": 0.0,
        "pct_estrato_5": 0.0,
        "pct_estrato_6": 0.0,
        "s0_localidad": 0.5211076175873677,
        "dist_transmilenio_m": 1066.5265948957872,
        "dist_sitp_m": 84.44678053261632,
        "dist_parque_m": 67.20675240162072,
        "homicidios": 81.0,
        "lesiones_personales": 1979.0,
        "hurto_personas": 20917.0,
        "hurto_residencias": 1572.0,
        "hurto_automotores": 1079.0,
        "hurto_bicicletas": 778.0,
        "hurto_comercio": 5413.0,
        "hurto_entidades": 730.0,
        "violencia_intrafam": 2327.0,
        "delitos_sexuales": 548.0,
        "pct_no_oficial": 68.0,
        "n_sedes_total": 100,
        "n_sedes_no_oficial": 68
      }
    },
    {
      "type": "Feature",
      "geometry": {
        "type": "Point",
        "coordinates": [
          -74.12036999991888,
          4.584760000207733
        ]
      },
      "properties": {
        "DANE12_EST": "111001012971",
        "id_establecimiento": "111001012971",
        "nombre_establecimiento": "COLEGIO RAFAEL DELGADO SALGUERO (IED)",
        "nombre_localidad": "Rafael Uribe Uribe",
        "codigo_upz": "39",
        "nombre_upz": "QUIROGA",
        "estrato": "Estrato 3",
        "zona": "URBANA",
        "caracter_media": "Académico",
        "lon": -74.12036999991888,
        "lat": 4.584760000207733,
        "codigo_localidad": "18",
        "q_j": 259.83666666666664,
        "puntaje_2023": 264.62,
        "punt_global_2020": 248.85,
        "punt_global_2022": 266.04,
        "matricula_total": 831.0,
        "demanda_total": 897.0,
        "sobre_demanda_j": 1.0794223826714802,
        "n_hogares_muestra": 2265.0,
        "poblacion_expandida": 92517.99999850002,
        "tasa_pobreza_monetaria": 0.4498804552776196,
        "tasa_pobreza_extrema": 0.1716353320008803,
        "tasa_ipm": 0.0599485057522851,
        "ingreso_percapita_promedio": 843427.0634521615,
        "capacidad_pago_promedio": 0.3456105222769451,
        "tamano_hogar_promedio": 3.2499598998916417,
        "gasto_educ_promedio": 230991.5177320262,
        "tasa_deficit_cuantitativo": 0.0065383441785361,
        "tasa_deficit_cualitativo": 0.1487364495895188,
        "tasa_deficit_habitacional": 0.1552747937680549,
        "pct_estrato_1": 0.0017364461694222,
        "pct_estrato_2": 0.0014887309280597,
        "pct_estrato_3": 0.9963005864490634,
        "pct_estrato_4": 0.0,
        "pct_estrato_5": 0.0,
        "pct_estrato_6": 0.0,
        "s0_localidad": 0.2741314328601635,
        "dist_transmilenio_m": 997.4776299030761,
        "dist_sitp_m": 146.28278054594057,
        "dist_parque_m": 194.4609310444417,
        "homicidios": 159.0,
        "lesiones_personales": 2500.0,
        "hurto_personas": 13897.0,
        "hurto_residencias": 1530.0,
        "hurto_automotores": 660.0,
        "hurto_bicicletas": 415.0,
        "hurto_comercio": 3902.0,
        "hurto_entidades": 942.0,
        "violencia_intrafam": 3177.0,
        "delitos_sexuales": 716.0,
        "pct_no_oficial": 57.85,
        "n_sedes_total": 121,
        "n_sedes_no_oficial": 70
      }
    },
    {
      "type": "Feature",
      "geometry": {
        "type": "Point",
        "coordinates": [
          -74.16090000026156,
          4.621810000346187
        ]
      },
      "properties": {
        "DANE12_EST": "111001013102",
        "id_establecimiento": "111001013102",
        "nombre_establecimiento": "COLEGIO SAN PEDRO CLAVER (IED)",
        "nombre_localidad": "Kennedy",
        "codigo_upz": "47",
        "nombre_upz": "KENNEDY CENTRAL",
        "estrato": "Estrato 3",
        "zona": "URBANA",
        "caracter_media": "Académico",
        "lon": -74.16090000026156,
        "lat": 4.621810000346187,
        "codigo_localidad": "08",
        "q_j": 266.73333333333335,
        "puntaje_2023": 265.0,
        "punt_global_2020": 262.7,
        "punt_global_2022": 272.5,
        "matricula_total": 2454.0,
        "demanda_total": 2673.0,
        "sobre_demanda_j": 1.0892420537897312,
        "n_hogares_muestra": 2378.0,
        "poblacion_expandida": 93575.0000042,
        "tasa_pobreza_monetaria": 0.2672083143134141,
        "tasa_pobreza_extrema": 0.0750444951042993,
        "tasa_ipm": 0.0337154060310809,
        "ingreso_percapita_promedio": 926690.9510180312,
        "capacidad_pago_promedio": 0.1664851532866766,
        "tamano_hogar_promedio": 3.513604109073394,
        "gasto_educ_promedio": 259520.21119855996,
        "tasa_deficit_cuantitativo": 0.0040550762701893,
        "tasa_deficit_cualitativo": 0.0744366713148529,
        "tasa_deficit_habitacional": 0.0784917475850423,
        "pct_estrato_1": 0.0010352239550697,
        "pct_estrato_2": 0.0074430445350653,
        "pct_estrato_3": 0.9915217315098648,
        "pct_estrato_4": 0.0,
        "pct_estrato_5": 0.0,
        "pct_estrato_6": 0.0,
        "s0_localidad": 0.3719221758740453,
        "dist_transmilenio_m": 1329.6482050810907,
        "dist_sitp_m": 164.53184727559469,
        "dist_parque_m": 54.99746867439098,
        "homicidios": 277.0,
        "lesiones_personales": 5216.0,
        "hurto_personas": 45928.0,
        "hurto_residencias": 4574.0,
        "hurto_automotores": 2662.0,
        "hurto_bicicletas": 2842.0,
        "hurto_comercio": 11829.0,
        "hurto_entidades": 2994.0,
        "violencia_intrafam": 8341.0,
        "delitos_sexuales": 1353.0,
        "pct_no_oficial": 70.99,
        "n_sedes_total": 262,
        "n_sedes_no_oficial": 186
      }
    },
    {
      "type": "Feature",
      "geometry": {
        "type": "Point",
        "coordinates": [
          -74.17904999974147,
          4.614109999893943
        ]
      },
      "properties": {
        "DANE12_EST": "111001013129",
        "id_establecimiento": "111001013129",
        "nombre_establecimiento": "COLEGIO CLASS (IED)",
        "nombre_localidad": "Kennedy",
        "codigo_upz": "81",
        "nombre_upz": "GRAN BRITALIA",
        "estrato": "Estrato 2",
        "zona": "URBANA",
        "caracter_media": "Técnico",
        "lon": -74.17904999974147,
        "lat": 4.614109999893943,
        "codigo_localidad": "08",
        "q_j": 243.80666666666664,
        "puntaje_2023": 241.89,
        "punt_global_2020": 250.42,
        "punt_global_2022": 239.11,
        "matricula_total": 2670.0,
        "demanda_total": 2928.0,
        "sobre_demanda_j": 1.0966292134831461,
        "n_hogares_muestra": 2381.0,
        "poblacion_expandida": 62532.0000021,
        "tasa_pobreza_monetaria": 0.4225708962005469,
        "tasa_pobreza_extrema": 0.1110827996204619,
        "tasa_ipm": 0.0629229657754087,
        "ingreso_percapita_promedio": 679816.3293689567,
        "capacidad_pago_promedio": 0.4189400908002339,
        "tamano_hogar_promedio": 3.539429057897831,
        "gasto_educ_promedio": 175746.67139168124,
        "tasa_deficit_cuantitativo": 0.0031220968607024,
        "tasa_deficit_cualitativo": 0.1647288881237457,
        "tasa_deficit_habitacional": 0.1678509849844481,
        "pct_estrato_1": 0.0053601105320275,
        "pct_estrato_2": 0.978122441841712,
        "pct_estrato_3": 0.0165174476262603,
        "pct_estrato_4": 0.0,
        "pct_estrato_5": 0.0,
        "pct_estrato_6": 0.0,
        "s0_localidad": 0.3719221758740453,
        "dist_transmilenio_m": 1823.3199402220373,
        "dist_sitp_m": 278.90170871145295,
        "dist_parque_m": 196.90607340111208,
        "homicidios": 277.0,
        "lesiones_personales": 5216.0,
        "hurto_personas": 45928.0,
        "hurto_residencias": 4574.0,
        "hurto_automotores": 2662.0,
        "hurto_bicicletas": 2842.0,
        "hurto_comercio": 11829.0,
        "hurto_entidades": 2994.0,
        "violencia_intrafam": 8341.0,
        "delitos_sexuales": 1353.0,
        "pct_no_oficial": 70.99,
        "n_sedes_total": 262,
        "n_sedes_no_oficial": 186
      }
    },
    {
      "type": "Feature",
      "geometry": {
        "type": "Point",
        "coordinates": [
          -74.15839999960565,
          4.621639999885219
        ]
      },
      "properties": {
        "DANE12_EST": "111001013153",
        "id_establecimiento": "111001013153",
        "nombre_establecimiento": "COLEGIO PAULO VI (IED)",
        "nombre_localidad": "Kennedy",
        "codigo_upz": "47",
        "nombre_upz": "KENNEDY CENTRAL",
        "estrato": "Estrato 3",
        "zona": "URBANA",
        "caracter_media": "Académico",
        "lon": -74.15839999960565,
        "lat": 4.621639999885219,
        "codigo_localidad": "08",
        "q_j": 252.75666666666666,
        "puntaje_2023": 253.62,
        "punt_global_2020": 250.47,
        "punt_global_2022": 254.18,
        "matricula_total": 2827.0,
        "demanda_total": 3261.0,
        "sobre_demanda_j": 1.1535196321188539,
        "n_hogares_muestra": 2378.0,
        "poblacion_expandida": 93575.0000042,
        "tasa_pobreza_monetaria": 0.2672083143134141,
        "tasa_pobreza_extrema": 0.0750444951042993,
        "tasa_ipm": 0.0337154060310809,
        "ingreso_percapita_promedio": 926690.9510180312,
        "capacidad_pago_promedio": 0.1664851532866766,
        "tamano_hogar_promedio": 3.513604109073394,
        "gasto_educ_promedio": 259520.21119855996,
        "tasa_deficit_cuantitativo": 0.0040550762701893,
        "tasa_deficit_cualitativo": 0.0744366713148529,
        "tasa_deficit_habitacional": 0.0784917475850423,
        "pct_estrato_1": 0.0010352239550697,
        "pct_estrato_2": 0.0074430445350653,
        "pct_estrato_3": 0.9915217315098648,
        "pct_estrato_4": 0.0,
        "pct_estrato_5": 0.0,
        "pct_estrato_6": 0.0,
        "s0_localidad": 0.3719221758740453,
        "dist_transmilenio_m": 1456.3729951650682,
        "dist_sitp_m": 53.51699253976616,
        "dist_parque_m": 129.71035239852742,
        "homicidios": 277.0,
        "lesiones_personales": 5216.0,
        "hurto_personas": 45928.0,
        "hurto_residencias": 4574.0,
        "hurto_automotores": 2662.0,
        "hurto_bicicletas": 2842.0,
        "hurto_comercio": 11829.0,
        "hurto_entidades": 2994.0,
        "violencia_intrafam": 8341.0,
        "delitos_sexuales": 1353.0,
        "pct_no_oficial": 70.99,
        "n_sedes_total": 262,
        "n_sedes_no_oficial": 186
      }
    },
    {
      "type": "Feature",
      "geometry": {
        "type": "Point",
        "coordinates": [
          -74.16290999957441,
          4.621449999848431
        ]
      },
      "properties": {
        "DANE12_EST": "111001013161",
        "id_establecimiento": "111001013161",
        "nombre_establecimiento": "COLEGIO SAN JOSE (IED)",
        "nombre_localidad": "Kennedy",
        "codigo_upz": "47",
        "nombre_upz": "KENNEDY CENTRAL",
        "estrato": "Estrato 3",
        "zona": "URBANA",
        "caracter_media": "Académico",
        "lon": -74.16290999957441,
        "lat": 4.621449999848431,
        "codigo_localidad": "08",
        "q_j": 255.09333333333333,
        "puntaje_2023": 255.38,
        "punt_global_2020": 252.48,
        "punt_global_2022": 257.42,
        "matricula_total": 2657.0,
        "demanda_total": 3006.0,
        "sobre_demanda_j": 1.131351147911178,
        "n_hogares_muestra": 2378.0,
        "poblacion_expandida": 93575.0000042,
        "tasa_pobreza_monetaria": 0.2672083143134141,
        "tasa_pobreza_extrema": 0.0750444951042993,
        "tasa_ipm": 0.0337154060310809,
        "ingreso_percapita_promedio": 926690.9510180312,
        "capacidad_pago_promedio": 0.1664851532866766,
        "tamano_hogar_promedio": 3.513604109073394,
        "gasto_educ_promedio": 259520.21119855996,
        "tasa_deficit_cuantitativo": 0.0040550762701893,
        "tasa_deficit_cualitativo": 0.0744366713148529,
        "tasa_deficit_habitacional": 0.0784917475850423,
        "pct_estrato_1": 0.0010352239550697,
        "pct_estrato_2": 0.0074430445350653,
        "pct_estrato_3": 0.9915217315098648,
        "pct_estrato_4": 0.0,
        "pct_estrato_5": 0.0,
        "pct_estrato_6": 0.0,
        "s0_localidad": 0.3719221758740453,
        "dist_transmilenio_m": 1317.953849727513,
        "dist_sitp_m": 165.85890417715922,
        "dist_parque_m": 120.40218159387267,
        "homicidios": 277.0,
        "lesiones_personales": 5216.0,
        "hurto_personas": 45928.0,
        "hurto_residencias": 4574.0,
        "hurto_automotores": 2662.0,
        "hurto_bicicletas": 2842.0,
        "hurto_comercio": 11829.0,
        "hurto_entidades": 2994.0,
        "violencia_intrafam": 8341.0,
        "delitos_sexuales": 1353.0,
        "pct_no_oficial": 70.99,
        "n_sedes_total": 262,
        "n_sedes_no_oficial": 186
      }
    },
    {
      "type": "Feature",
      "geometry": {
        "type": "Point",
        "coordinates": [
          -74.16136999971654,
          4.617099999830025
        ]
      },
      "properties": {
        "DANE12_EST": "111001013170",
        "id_establecimiento": "111001013170",
        "nombre_establecimiento": "COLEGIO SAN RAFAEL (IED)",
        "nombre_localidad": "Kennedy",
        "codigo_upz": "47",
        "nombre_upz": "KENNEDY CENTRAL",
        "estrato": "Estrato 3",
        "zona": "URBANA",
        "caracter_media": "Académico",
        "lon": -74.16136999971654,
        "lat": 4.617099999830025,
        "codigo_localidad": "08",
        "q_j": 261.25000000000006,
        "puntaje_2023": 261.54,
        "punt_global_2020": 263.1,
        "punt_global_2022": 259.11,
        "matricula_total": 2089.0,
        "demanda_total": 2275.0,
        "sobre_demanda_j": 1.0890378171373862,
        "n_hogares_muestra": 2378.0,
        "poblacion_expandida": 93575.0000042,
        "tasa_pobreza_monetaria": 0.2672083143134141,
        "tasa_pobreza_extrema": 0.0750444951042993,
        "tasa_ipm": 0.0337154060310809,
        "ingreso_percapita_promedio": 926690.9510180312,
        "capacidad_pago_promedio": 0.1664851532866766,
        "tamano_hogar_promedio": 3.513604109073394,
        "gasto_educ_promedio": 259520.21119855996,
        "tasa_deficit_cuantitativo": 0.0040550762701893,
        "tasa_deficit_cualitativo": 0.0744366713148529,
        "tasa_deficit_habitacional": 0.0784917475850423,
        "pct_estrato_1": 0.0010352239550697,
        "pct_estrato_2": 0.0074430445350653,
        "pct_estrato_3": 0.9915217315098648,
        "pct_estrato_4": 0.0,
        "pct_estrato_5": 0.0,
        "pct_estrato_6": 0.0,
        "s0_localidad": 0.3719221758740453,
        "dist_transmilenio_m": 1823.8419995483398,
        "dist_sitp_m": 155.35822954041546,
        "dist_parque_m": 59.410560614552416,
        "homicidios": 277.0,
        "lesiones_personales": 5216.0,
        "hurto_personas": 45928.0,
        "hurto_residencias": 4574.0,
        "hurto_automotores": 2662.0,
        "hurto_bicicletas": 2842.0,
        "hurto_comercio": 11829.0,
        "hurto_entidades": 2994.0,
        "violencia_intrafam": 8341.0,
        "delitos_sexuales": 1353.0,
        "pct_no_oficial": 70.99,
        "n_sedes_total": 262,
        "n_sedes_no_oficial": 186
      }
    },
    {
      "type": "Feature",
      "geometry": {
        "type": "Point",
        "coordinates": [
          -74.07114000020412,
          4.580829999877763
        ]
      },
      "properties": {
        "DANE12_EST": "111001013242",
        "id_establecimiento": "111001013242",
        "nombre_establecimiento": "COLEGIO AULAS COLOMBIANAS SAN LUIS (IED)",
        "nombre_localidad": "Santa Fe",
        "codigo_upz": "96",
        "nombre_upz": "LOURDES",
        "estrato": "Sin estrato",
        "zona": "URBANA",
        "caracter_media": "Académico",
        "lon": -74.07114000020412,
        "lat": 4.580829999877763,
        "codigo_localidad": "03",
        "q_j": null,
        "puntaje_2023": null,
        "punt_global_2020": null,
        "punt_global_2022": null,
        "matricula_total": 1468.0,
        "demanda_total": 1665.0,
        "sobre_demanda_j": 1.1341961852861036,
        "n_hogares_muestra": 2421.0,
        "poblacion_expandida": 45301.9999974,
        "tasa_pobreza_monetaria": 0.6893146738464576,
        "tasa_pobreza_extrema": 0.3337012588443694,
        "tasa_ipm": 0.1526662636240548,
        "ingreso_percapita_promedio": 441254.99481158704,
        "capacidad_pago_promedio": 0.6368468185765706,
        "tamano_hogar_promedio": 4.119486634636676,
        "gasto_educ_promedio": 109937.89935469594,
        "tasa_deficit_cuantitativo": 0.0910515627618368,
        "tasa_deficit_cualitativo": 0.251855324521099,
        "tasa_deficit_habitacional": 0.3429068872829358,
        "pct_estrato_1": 0.0897086251475264,
        "pct_estrato_2": 0.8662240771434414,
        "pct_estrato_3": 0.0030761707343604,
        "pct_estrato_4": 0.0,
        "pct_estrato_5": 0.0,
        "pct_estrato_6": 0.0,
        "s0_localidad": 0.26720847821961147,
        "dist_transmilenio_m": 1794.7137182710794,
        "dist_sitp_m": 15.841122259846022,
        "dist_parque_m": 62.89617642541959,
        "homicidios": 113.0,
        "lesiones_personales": 1683.0,
        "hurto_personas": 25139.0,
        "hurto_residencias": 580.0,
        "hurto_automotores": 128.0,
        "hurto_bicicletas": 443.0,
        "hurto_comercio": 7043.0,
        "hurto_entidades": 180.0,
        "violencia_intrafam": 1602.0,
        "delitos_sexuales": 514.0,
        "pct_no_oficial": 44.83,
        "n_sedes_total": 29,
        "n_sedes_no_oficial": 13
      }
    },
    {
      "type": "Feature",
      "geometry": {
        "type": "Point",
        "coordinates": [
          -74.08713999973078,
          4.680780000022905
        ]
      },
      "properties": {
        "DANE12_EST": "111001013293",
        "id_establecimiento": "111001013293",
        "nombre_establecimiento": "COLEGIO NACIONES UNIDAS (IED)",
        "nombre_localidad": "Engativa",
        "codigo_upz": "26",
        "nombre_upz": "LAS FERIAS",
        "estrato": "Estrato 3",
        "zona": "URBANA",
        "caracter_media": "Académico",
        "lon": -74.08713999973078,
        "lat": 4.680780000022905,
        "codigo_localidad": "10",
        "q_j": 258.4266666666667,
        "puntaje_2023": 250.0,
        "punt_global_2020": 258.97,
        "punt_global_2022": 266.31,
        "matricula_total": 1000.0,
        "demanda_total": 1078.0,
        "sobre_demanda_j": 1.078,
        "n_hogares_muestra": 2278.0,
        "poblacion_expandida": 100930.0000018,
        "tasa_pobreza_monetaria": 0.2695353069029509,
        "tasa_pobreza_extrema": 0.1010484491223433,
        "tasa_ipm": 0.0367254991106102,
        "ingreso_percapita_promedio": 1186126.366683503,
        "capacidad_pago_promedio": 0.2239212238293564,
        "tamano_hogar_promedio": 3.368175820974312,
        "gasto_educ_promedio": 317577.5411351805,
        "tasa_deficit_cuantitativo": 0.0013346152224075,
        "tasa_deficit_cualitativo": 0.0942891977967926,
        "tasa_deficit_habitacional": 0.0956238130192002,
        "pct_estrato_1": 0.0025422399444706,
        "pct_estrato_2": 0.0034884438699467,
        "pct_estrato_3": 0.9314214547896904,
        "pct_estrato_4": 0.0625478613958923,
        "pct_estrato_5": 0.0,
        "pct_estrato_6": 0.0,
        "s0_localidad": 0.45908732785239414,
        "dist_transmilenio_m": 921.5390127460579,
        "dist_sitp_m": 66.32375474735451,
        "dist_parque_m": 83.64118507093991,
        "homicidios": 114.0,
        "lesiones_personales": 3260.0,
        "hurto_personas": 44584.0,
        "hurto_residencias": 4694.0,
        "hurto_automotores": 1548.0,
        "hurto_bicicletas": 2840.0,
        "hurto_comercio": 11724.0,
        "hurto_entidades": 1616.0,
        "violencia_intrafam": 6497.0,
        "delitos_sexuales": 1001.0,
        "pct_no_oficial": 73.15,
        "n_sedes_total": 257,
        "n_sedes_no_oficial": 188
      }
    },
    {
      "type": "Feature",
      "geometry": {
        "type": "Point",
        "coordinates": [
          -74.06926999973504,
          4.598240000395233
        ]
      },
      "properties": {
        "DANE12_EST": "111001013323",
        "id_establecimiento": "111001013323",
        "nombre_establecimiento": "COLEGIO INTEGRADA LA CANDELARIA (IED)",
        "nombre_localidad": "Candelaria",
        "codigo_upz": "94",
        "nombre_upz": "LA CANDELARIA",
        "estrato": "Sin estrato",
        "zona": "URBANA",
        "caracter_media": "Académico",
        "lon": -74.06926999973504,
        "lat": 4.598240000395233,
        "codigo_localidad": "17",
        "q_j": null,
        "puntaje_2023": null,
        "punt_global_2020": null,
        "punt_global_2022": null,
        "matricula_total": 1386.0,
        "demanda_total": 1644.0,
        "sobre_demanda_j": 1.1861471861471862,
        "n_hogares_muestra": 2247.0,
        "poblacion_expandida": 17970.0000019,
        "tasa_pobreza_monetaria": 0.3448880668305349,
        "tasa_pobreza_extrema": 0.1584132449025606,
        "tasa_ipm": 0.0579860752915874,
        "ingreso_percapita_promedio": 1385503.844002403,
        "capacidad_pago_promedio": 0.255880329294036,
        "tamano_hogar_promedio": 3.089843086028341,
        "gasto_educ_promedio": 551575.5337932238,
        "tasa_deficit_cuantitativo": 0.0156559220795911,
        "tasa_deficit_cualitativo": 0.1133387238277493,
        "tasa_deficit_habitacional": 0.1289946459073405,
        "pct_estrato_1": 0.0505572649028347,
        "pct_estrato_2": 0.6220538895836448,
        "pct_estrato_3": 0.3214965758035145,
        "pct_estrato_4": 0.0,
        "pct_estrato_5": 0.0,
        "pct_estrato_6": 0.0,
        "s0_localidad": 0.5089123257173013,
        "dist_transmilenio_m": 492.06775948599227,
        "dist_sitp_m": 216.46700654179585,
        "dist_parque_m": 130.52957754834785,
        "homicidios": 11.0,
        "lesiones_personales": 456.0,
        "hurto_personas": 4540.0,
        "hurto_residencias": 160.0,
        "hurto_automotores": 54.0,
        "hurto_bicicletas": 60.0,
        "hurto_comercio": 1193.0,
        "hurto_entidades": 35.0,
        "violencia_intrafam": 493.0,
        "delitos_sexuales": 267.0,
        "pct_no_oficial": 78.95,
        "n_sedes_total": 19,
        "n_sedes_no_oficial": 15
      }
    },
    {
      "type": "Feature",
      "geometry": {
        "type": "Point",
        "coordinates": [
          -74.06999000033359,
          4.592920000229006
        ]
      },
      "properties": {
        "DANE12_EST": "111001013374",
        "id_establecimiento": "111001013374",
        "nombre_establecimiento": "COLEGIO ESCUELA NACIONAL DE COMERCIO (IED)",
        "nombre_localidad": "Candelaria",
        "codigo_upz": "94",
        "nombre_upz": "LA CANDELARIA",
        "estrato": "Estrato 2",
        "zona": "URBANA",
        "caracter_media": "Académico",
        "lon": -74.06999000033359,
        "lat": 4.592920000229006,
        "codigo_localidad": "17",
        "q_j": 239.6833333333333,
        "puntaje_2023": 242.5,
        "punt_global_2020": 234.6,
        "punt_global_2022": 241.95,
        "matricula_total": 1018.0,
        "demanda_total": 1140.0,
        "sobre_demanda_j": 1.119842829076621,
        "n_hogares_muestra": 2247.0,
        "poblacion_expandida": 17970.0000019,
        "tasa_pobreza_monetaria": 0.3448880668305349,
        "tasa_pobreza_extrema": 0.1584132449025606,
        "tasa_ipm": 0.0579860752915874,
        "ingreso_percapita_promedio": 1385503.844002403,
        "capacidad_pago_promedio": 0.255880329294036,
        "tamano_hogar_promedio": 3.089843086028341,
        "gasto_educ_promedio": 551575.5337932238,
        "tasa_deficit_cuantitativo": 0.0156559220795911,
        "tasa_deficit_cualitativo": 0.1133387238277493,
        "tasa_deficit_habitacional": 0.1289946459073405,
        "pct_estrato_1": 0.0505572649028347,
        "pct_estrato_2": 0.6220538895836448,
        "pct_estrato_3": 0.3214965758035145,
        "pct_estrato_4": 0.0,
        "pct_estrato_5": 0.0,
        "pct_estrato_6": 0.0,
        "s0_localidad": 0.5089123257173013,
        "dist_transmilenio_m": 970.9328174463467,
        "dist_sitp_m": 4.397096844153183,
        "dist_parque_m": 159.42087714869078,
        "homicidios": 11.0,
        "lesiones_personales": 456.0,
        "hurto_personas": 4540.0,
        "hurto_residencias": 160.0,
        "hurto_automotores": 54.0,
        "hurto_bicicletas": 60.0,
        "hurto_comercio": 1193.0,
        "hurto_entidades": 35.0,
        "violencia_intrafam": 493.0,
        "delitos_sexuales": 267.0,
        "pct_no_oficial": 78.95,
        "n_sedes_total": 19,
        "n_sedes_no_oficial": 15
      }
    },
    {
      "type": "Feature",
      "geometry": {
        "type": "Point",
        "coordinates": [
          -74.1662100002965,
          4.603339999767356
        ]
      },
      "properties": {
        "DANE12_EST": "111001013676",
        "id_establecimiento": "111001013676",
        "nombre_establecimiento": "COLEGIO NUEVO CHILE (IED)",
        "nombre_localidad": "Bosa",
        "codigo_upz": "49",
        "nombre_upz": "APOGEO",
        "estrato": "Estrato 2",
        "zona": "URBANA",
        "caracter_media": "Académico",
        "lon": -74.1662100002965,
        "lat": 4.603339999767356,
        "codigo_localidad": "07",
        "q_j": 245.91,
        "puntaje_2023": 254.42,
        "punt_global_2020": 245.19,
        "punt_global_2022": 238.12,
        "matricula_total": 3958.0,
        "demanda_total": 4601.0,
        "sobre_demanda_j": 1.162455785750379,
        "n_hogares_muestra": 2785.0,
        "poblacion_expandida": 36276.9999974,
        "tasa_pobreza_monetaria": 0.3640504515353125,
        "tasa_pobreza_extrema": 0.1385694204002613,
        "tasa_ipm": 0.0592954707184764,
        "ingreso_percapita_promedio": 806264.4264234471,
        "capacidad_pago_promedio": 0.3251937472019601,
        "tamano_hogar_promedio": 3.8134009469447534,
        "gasto_educ_promedio": 236837.9513886796,
        "tasa_deficit_cuantitativo": 0.0182476761762947,
        "tasa_deficit_cualitativo": 0.13131140263642,
        "tasa_deficit_habitacional": 0.1495590788127148,
        "pct_estrato_1": 0.0,
        "pct_estrato_2": 0.6503859848469004,
        "pct_estrato_3": 0.3496140151530997,
        "pct_estrato_4": 0.0,
        "pct_estrato_5": 0.0,
        "pct_estrato_6": 0.0,
        "s0_localidad": 0.2763191613237501,
        "dist_transmilenio_m": 789.6728324111231,
        "dist_sitp_m": 28.38038202463177,
        "dist_parque_m": 51.533284813444475,
        "homicidios": 209.0,
        "lesiones_personales": 3464.0,
        "hurto_personas": 19664.0,
        "hurto_residencias": 2638.0,
        "hurto_automotores": 681.0,
        "hurto_bicicletas": 1403.0,
        "hurto_comercio": 5397.0,
        "hurto_entidades": 1643.0,
        "violencia_intrafam": 7523.0,
        "delitos_sexuales": 1159.0,
        "pct_no_oficial": 55.7,
        "n_sedes_total": 149,
        "n_sedes_no_oficial": 83
      }
    },
    {
      "type": "Feature",
      "geometry": {
        "type": "Point",
        "coordinates": [
          -74.11402999966403,
          4.547479999949611
        ]
      },
      "properties": {
        "DANE12_EST": "111001013811",
        "id_establecimiento": "111001013811",
        "nombre_establecimiento": "COLEGIO SAN AGUSTIN (IED)",
        "nombre_localidad": "Rafael Uribe Uribe",
        "codigo_upz": "55",
        "nombre_upz": "DIANA TURBAY",
        "estrato": "Estrato 2",
        "zona": "URBANA",
        "caracter_media": "Académico",
        "lon": -74.11402999966403,
        "lat": 4.547479999949611,
        "codigo_localidad": "18",
        "q_j": 248.06000000000003,
        "puntaje_2023": 250.16,
        "punt_global_2020": 245.96,
        "punt_global_2022": 248.06,
        "matricula_total": 2649.0,
        "demanda_total": 2873.0,
        "sobre_demanda_j": 1.0845602114005286,
        "n_hogares_muestra": 2431.0,
        "poblacion_expandida": 75394.00000069999,
        "tasa_pobreza_monetaria": 0.6239134951436888,
        "tasa_pobreza_extrema": 0.2314413282361725,
        "tasa_ipm": 0.1293308840412959,
        "ingreso_percapita_promedio": 475879.3776286632,
        "capacidad_pago_promedio": 0.5022315466330005,
        "tamano_hogar_promedio": 3.685937960754435,
        "gasto_educ_promedio": 124946.7502659414,
        "tasa_deficit_cuantitativo": 0.0178050504189661,
        "tasa_deficit_cualitativo": 0.206111604975936,
        "tasa_deficit_habitacional": 0.2239166553949022,
        "pct_estrato_1": 0.2911565840318353,
        "pct_estrato_2": 0.7069788979335905,
        "pct_estrato_3": 0.0018645180345743,
        "pct_estrato_4": 0.0,
        "pct_estrato_5": 0.0,
        "pct_estrato_6": 0.0,
        "s0_localidad": 0.2741314328601635,
        "dist_transmilenio_m": 867.5881277689243,
        "dist_sitp_m": 104.79196705990736,
        "dist_parque_m": 103.47727300103479,
        "homicidios": 159.0,
        "lesiones_personales": 2500.0,
        "hurto_personas": 13897.0,
        "hurto_residencias": 1530.0,
        "hurto_automotores": 660.0,
        "hurto_bicicletas": 415.0,
        "hurto_comercio": 3902.0,
        "hurto_entidades": 942.0,
        "violencia_intrafam": 3177.0,
        "delitos_sexuales": 716.0,
        "pct_no_oficial": 57.85,
        "n_sedes_total": 121,
        "n_sedes_no_oficial": 70
      }
    },
    {
      "type": "Feature",
      "geometry": {
        "type": "Point",
        "coordinates": [
          -74.11350999998034,
          4.51429999987963
        ]
      },
      "properties": {
        "DANE12_EST": "111001013820",
        "id_establecimiento": "111001013820",
        "nombre_establecimiento": "COLEGIO SANTA LIBRADA (IED)",
        "nombre_localidad": "Usme",
        "codigo_upz": "57",
        "nombre_upz": "GRAN YOMASA",
        "estrato": "Estrato 2",
        "zona": "URBANA",
        "caracter_media": "Académico",
        "lon": -74.11350999998034,
        "lat": 4.51429999987963,
        "codigo_localidad": "05",
        "q_j": 262.87,
        "puntaje_2023": 265.92,
        "punt_global_2020": 261.46,
        "punt_global_2022": 261.23,
        "matricula_total": 1464.0,
        "demanda_total": 1541.0,
        "sobre_demanda_j": 1.0525956284153006,
        "n_hogares_muestra": 2440.0,
        "poblacion_expandida": 131329.99999830002,
        "tasa_pobreza_monetaria": 0.5375758554741024,
        "tasa_pobreza_extrema": 0.170500226653391,
        "tasa_ipm": 0.0997707066661814,
        "ingreso_percapita_promedio": 546453.4732746364,
        "capacidad_pago_promedio": 0.5369657626400125,
        "tamano_hogar_promedio": 3.6829561057356353,
        "gasto_educ_promedio": 131619.82020471324,
        "tasa_deficit_cuantitativo": 0.0094164735347293,
        "tasa_deficit_cualitativo": 0.1714038156094676,
        "tasa_deficit_habitacional": 0.180820289144197,
        "pct_estrato_1": 0.2132961951988319,
        "pct_estrato_2": 0.7829697168463492,
        "pct_estrato_3": 0.0033905540356793,
        "pct_estrato_4": 0.0,
        "pct_estrato_5": 0.0,
        "pct_estrato_6": 0.0,
        "s0_localidad": 0.1806550335776531,
        "dist_transmilenio_m": 2043.200976050323,
        "dist_sitp_m": 91.08002313675823,
        "dist_parque_m": 145.2133269564072,
        "homicidios": 171.0,
        "lesiones_personales": 2562.0,
        "hurto_personas": 8404.0,
        "hurto_residencias": 1452.0,
        "hurto_automotores": 311.0,
        "hurto_bicicletas": 146.0,
        "hurto_comercio": 2308.0,
        "hurto_entidades": 623.0,
        "violencia_intrafam": 3963.0,
        "delitos_sexuales": 923.0,
        "pct_no_oficial": 33.03,
        "n_sedes_total": 109,
        "n_sedes_no_oficial": 36
      }
    },
    {
      "type": "Feature",
      "geometry": {
        "type": "Point",
        "coordinates": [
          -74.11562999979635,
          4.525309999888542
        ]
      },
      "properties": {
        "DANE12_EST": "111001013935",
        "id_establecimiento": "111001013935",
        "nombre_establecimiento": "COLEGIO SANTA MARTHA (IED)",
        "nombre_localidad": "Usme",
        "codigo_upz": "57",
        "nombre_upz": "GRAN YOMASA",
        "estrato": "Estrato 2",
        "zona": "URBANA",
        "caracter_media": "Académico",
        "lon": -74.11562999979635,
        "lat": 4.525309999888542,
        "codigo_localidad": "05",
        "q_j": 255.86333333333334,
        "puntaje_2023": 259.23,
        "punt_global_2020": 261.5,
        "punt_global_2022": 246.86,
        "matricula_total": 900.0,
        "demanda_total": 1012.0,
        "sobre_demanda_j": 1.1244444444444444,
        "n_hogares_muestra": 2440.0,
        "poblacion_expandida": 131329.99999830002,
        "tasa_pobreza_monetaria": 0.5375758554741024,
        "tasa_pobreza_extrema": 0.170500226653391,
        "tasa_ipm": 0.0997707066661814,
        "ingreso_percapita_promedio": 546453.4732746364,
        "capacidad_pago_promedio": 0.5369657626400125,
        "tamano_hogar_promedio": 3.6829561057356353,
        "gasto_educ_promedio": 131619.82020471324,
        "tasa_deficit_cuantitativo": 0.0094164735347293,
        "tasa_deficit_cualitativo": 0.1714038156094676,
        "tasa_deficit_habitacional": 0.180820289144197,
        "pct_estrato_1": 0.2132961951988319,
        "pct_estrato_2": 0.7829697168463492,
        "pct_estrato_3": 0.0033905540356793,
        "pct_estrato_4": 0.0,
        "pct_estrato_5": 0.0,
        "pct_estrato_6": 0.0,
        "s0_localidad": 0.1806550335776531,
        "dist_transmilenio_m": 825.2099944342656,
        "dist_sitp_m": 173.57062846621147,
        "dist_parque_m": 34.806212695110915,
        "homicidios": 171.0,
        "lesiones_personales": 2562.0,
        "hurto_personas": 8404.0,
        "hurto_residencias": 1452.0,
        "hurto_automotores": 311.0,
        "hurto_bicicletas": 146.0,
        "hurto_comercio": 2308.0,
        "hurto_entidades": 623.0,
        "violencia_intrafam": 3963.0,
        "delitos_sexuales": 923.0,
        "pct_no_oficial": 33.03,
        "n_sedes_total": 109,
        "n_sedes_no_oficial": 36
      }
    },
    {
      "type": "Feature",
      "geometry": {
        "type": "Point",
        "coordinates": [
          -74.09220000041876,
          4.594400000410393
        ]
      },
      "properties": {
        "DANE12_EST": "111001014001",
        "id_establecimiento": "111001014001",
        "nombre_establecimiento": "COLEGIO EDUARDO SANTOS (IED)",
        "nombre_localidad": "Los Martires",
        "codigo_upz": "37",
        "nombre_upz": "SANTA ISABEL",
        "estrato": "Estrato 3",
        "zona": "URBANA",
        "caracter_media": "Académico",
        "lon": -74.09220000041876,
        "lat": 4.594400000410393,
        "codigo_localidad": "14",
        "q_j": 260.4866666666667,
        "puntaje_2023": 263.08,
        "punt_global_2020": 258.16,
        "punt_global_2022": 260.22,
        "matricula_total": 1167.0,
        "demanda_total": 1324.0,
        "sobre_demanda_j": 1.1345329905741217,
        "n_hogares_muestra": 2571.0,
        "poblacion_expandida": 44107.0000027,
        "tasa_pobreza_monetaria": 0.340840705275347,
        "tasa_pobreza_extrema": 0.1519588276189655,
        "tasa_ipm": 0.0484573436907784,
        "ingreso_percapita_promedio": 980293.8746904637,
        "capacidad_pago_promedio": 0.1805995986762278,
        "tamano_hogar_promedio": 3.165869700509038,
        "gasto_educ_promedio": 281465.307176558,
        "tasa_deficit_cuantitativo": 0.0344442950893735,
        "tasa_deficit_cualitativo": 0.1517103768628649,
        "tasa_deficit_habitacional": 0.1861546719522384,
        "pct_estrato_1": 0.0,
        "pct_estrato_2": 0.0117304708927908,
        "pct_estrato_3": 0.9882695291072092,
        "pct_estrato_4": 0.0,
        "pct_estrato_5": 0.0,
        "pct_estrato_6": 0.0,
        "s0_localidad": 0.38962747752475235,
        "dist_transmilenio_m": 450.52003591401495,
        "dist_sitp_m": 174.88184013792724,
        "dist_parque_m": 39.952171125408896,
        "homicidios": 125.0,
        "lesiones_personales": 1566.0,
        "hurto_personas": 18260.0,
        "hurto_residencias": 709.0,
        "hurto_automotores": 275.0,
        "hurto_bicicletas": 493.0,
        "hurto_comercio": 4878.0,
        "hurto_entidades": 317.0,
        "violencia_intrafam": 1250.0,
        "delitos_sexuales": 516.0,
        "pct_no_oficial": 58.33,
        "n_sedes_total": 36,
        "n_sedes_no_oficial": 21
      }
    },
    {
      "type": "Feature",
      "geometry": {
        "type": "Point",
        "coordinates": [
          -74.12532000010368,
          4.578670000573223
        ]
      },
      "properties": {
        "DANE12_EST": "111001014028",
        "id_establecimiento": "111001014028",
        "nombre_establecimiento": "COLEGIO REPUBLICA FEDERAL DE ALEMANIA (IED)",
        "nombre_localidad": "Rafael Uribe Uribe",
        "codigo_upz": "39",
        "nombre_upz": "QUIROGA",
        "estrato": "Estrato 3",
        "zona": "URBANA",
        "caracter_media": "Académico",
        "lon": -74.12532000010368,
        "lat": 4.578670000573223,
        "codigo_localidad": "18",
        "q_j": 257.68,
        "puntaje_2023": 258.85,
        "punt_global_2020": 252.96,
        "punt_global_2022": 261.23,
        "matricula_total": 487.0,
        "demanda_total": 508.0,
        "sobre_demanda_j": 1.0431211498973305,
        "n_hogares_muestra": 2265.0,
        "poblacion_expandida": 92517.99999850002,
        "tasa_pobreza_monetaria": 0.4498804552776196,
        "tasa_pobreza_extrema": 0.1716353320008803,
        "tasa_ipm": 0.0599485057522851,
        "ingreso_percapita_promedio": 843427.0634521615,
        "capacidad_pago_promedio": 0.3456105222769451,
        "tamano_hogar_promedio": 3.2499598998916417,
        "gasto_educ_promedio": 230991.5177320262,
        "tasa_deficit_cuantitativo": 0.0065383441785361,
        "tasa_deficit_cualitativo": 0.1487364495895188,
        "tasa_deficit_habitacional": 0.1552747937680549,
        "pct_estrato_1": 0.0017364461694222,
        "pct_estrato_2": 0.0014887309280597,
        "pct_estrato_3": 0.9963005864490634,
        "pct_estrato_4": 0.0,
        "pct_estrato_5": 0.0,
        "pct_estrato_6": 0.0,
        "s0_localidad": 0.2741314328601635,
        "dist_transmilenio_m": 663.0906806635937,
        "dist_sitp_m": 51.463740063840845,
        "dist_parque_m": 110.88424420708185,
        "homicidios": 159.0,
        "lesiones_personales": 2500.0,
        "hurto_personas": 13897.0,
        "hurto_residencias": 1530.0,
        "hurto_automotores": 660.0,
        "hurto_bicicletas": 415.0,
        "hurto_comercio": 3902.0,
        "hurto_entidades": 942.0,
        "violencia_intrafam": 3177.0,
        "delitos_sexuales": 716.0,
        "pct_no_oficial": 57.85,
        "n_sedes_total": 121,
        "n_sedes_no_oficial": 70
      }
    },
    {
      "type": "Feature",
      "geometry": {
        "type": "Point",
        "coordinates": [
          -74.18131000019787,
          4.628070000446891
        ]
      },
      "properties": {
        "DANE12_EST": "111001014109",
        "id_establecimiento": "111001014109",
        "nombre_establecimiento": "COLEGIO BRASILIA - BOSA (IED)",
        "nombre_localidad": "Bosa",
        "codigo_upz": "84",
        "nombre_upz": "BOSA OCCIDENTAL",
        "estrato": "Estrato 2",
        "zona": "URBANA",
        "caracter_media": "Académico",
        "lon": -74.18131000019787,
        "lat": 4.628070000446891,
        "codigo_localidad": "07",
        "q_j": 262.49666666666667,
        "puntaje_2023": 268.0,
        "punt_global_2020": 257.66,
        "punt_global_2022": 261.83,
        "matricula_total": 3534.0,
        "demanda_total": 3971.0,
        "sobre_demanda_j": 1.1236559139784945,
        "n_hogares_muestra": 2513.0,
        "poblacion_expandida": 199171.0000029,
        "tasa_pobreza_monetaria": 0.5522918237042458,
        "tasa_pobreza_extrema": 0.1879558875079952,
        "tasa_ipm": 0.0996822849647334,
        "ingreso_percapita_promedio": 536362.5788589469,
        "capacidad_pago_promedio": 0.5493628931456228,
        "tamano_hogar_promedio": 3.7633010092291874,
        "gasto_educ_promedio": 137178.08860508617,
        "tasa_deficit_cuantitativo": 0.0104317439329508,
        "tasa_deficit_cualitativo": 0.1768060546886206,
        "tasa_deficit_habitacional": 0.1872377986215714,
        "pct_estrato_1": 0.0242614269719469,
        "pct_estrato_2": 0.9753720865706926,
        "pct_estrato_3": 0.0,
        "pct_estrato_4": 0.0,
        "pct_estrato_5": 0.0,
        "pct_estrato_6": 0.0,
        "s0_localidad": 0.2763191613237501,
        "dist_transmilenio_m": 926.0873612123225,
        "dist_sitp_m": 128.00856779734605,
        "dist_parque_m": 174.52397045833303,
        "homicidios": 209.0,
        "lesiones_personales": 3464.0,
        "hurto_personas": 19664.0,
        "hurto_residencias": 2638.0,
        "hurto_automotores": 681.0,
        "hurto_bicicletas": 1403.0,
        "hurto_comercio": 5397.0,
        "hurto_entidades": 1643.0,
        "violencia_intrafam": 7523.0,
        "delitos_sexuales": 1159.0,
        "pct_no_oficial": 55.7,
        "n_sedes_total": 149,
        "n_sedes_no_oficial": 83
      }
    },
    {
      "type": "Feature",
      "geometry": {
        "type": "Point",
        "coordinates": [
          -74.08498999977753,
          4.5454900004065655
        ]
      },
      "properties": {
        "DANE12_EST": "111001014168",
        "id_establecimiento": "111001014168",
        "nombre_establecimiento": "COLEGIO ALTAMIRA SUR ORIENTAL (IED)",
        "nombre_localidad": "San Cristobal",
        "codigo_upz": "50",
        "nombre_upz": "LA GLORIA",
        "estrato": "Estrato 2",
        "zona": "URBANA",
        "caracter_media": "Académico",
        "lon": -74.08498999977753,
        "lat": 4.5454900004065655,
        "codigo_localidad": "04",
        "q_j": 236.56000000000003,
        "puntaje_2023": 239.46,
        "punt_global_2020": 232.03,
        "punt_global_2022": 238.19,
        "matricula_total": 1682.0,
        "demanda_total": 1789.0,
        "sobre_demanda_j": 1.063614744351962,
        "n_hogares_muestra": 2500.0,
        "poblacion_expandida": 96156.0000033,
        "tasa_pobreza_monetaria": 0.5221184917444258,
        "tasa_pobreza_extrema": 0.1745577883889092,
        "tasa_ipm": 0.0630786075241466,
        "ingreso_percapita_promedio": 557986.0836562533,
        "capacidad_pago_promedio": 0.5453921897406319,
        "tamano_hogar_promedio": 3.615804038094012,
        "gasto_educ_promedio": 150029.1905653152,
        "tasa_deficit_cuantitativo": 0.0079722719307551,
        "tasa_deficit_cualitativo": 0.2070523211616199,
        "tasa_deficit_habitacional": 0.2150245930923751,
        "pct_estrato_1": 0.035853985153102,
        "pct_estrato_2": 0.964146014846898,
        "pct_estrato_3": 0.0,
        "pct_estrato_4": 0.0,
        "pct_estrato_5": 0.0,
        "pct_estrato_6": 0.0,
        "s0_localidad": 0.24275340378588084,
        "dist_transmilenio_m": 2614.163243349288,
        "dist_sitp_m": 81.8633709133513,
        "dist_parque_m": 99.72515462684609,
        "homicidios": 113.0,
        "lesiones_personales": 2653.0,
        "hurto_personas": 11264.0,
        "hurto_residencias": 1302.0,
        "hurto_automotores": 438.0,
        "hurto_bicicletas": 251.0,
        "hurto_comercio": 3279.0,
        "hurto_entidades": 810.0,
        "violencia_intrafam": 4309.0,
        "delitos_sexuales": 811.0,
        "pct_no_oficial": 49.61,
        "n_sedes_total": 129,
        "n_sedes_no_oficial": 64
      }
    },
    {
      "type": "Feature",
      "geometry": {
        "type": "Point",
        "coordinates": [
          -74.07944999958885,
          4.569690000265526
        ]
      },
      "properties": {
        "DANE12_EST": "111001014176",
        "id_establecimiento": "111001014176",
        "nombre_establecimiento": "COLEGIO TECNICO SAN CRISTOBAL SUR (IED)",
        "nombre_localidad": "San Cristobal",
        "codigo_upz": "32",
        "nombre_upz": "SAN BLAS",
        "estrato": "Estrato 2",
        "zona": "URBANA",
        "caracter_media": "Académico - Técnico",
        "lon": -74.07944999958885,
        "lat": 4.569690000265526,
        "codigo_localidad": "04",
        "q_j": 256.41,
        "puntaje_2023": 262.31,
        "punt_global_2020": 247.97,
        "punt_global_2022": 258.95,
        "matricula_total": 2038.0,
        "demanda_total": 2143.0,
        "sobre_demanda_j": 1.0515210991167812,
        "n_hogares_muestra": 2576.0,
        "poblacion_expandida": 103547.9999957,
        "tasa_pobreza_monetaria": 0.5328157281076517,
        "tasa_pobreza_extrema": 0.1780459356836017,
        "tasa_ipm": 0.067906413079847,
        "ingreso_percapita_promedio": 549847.9861771726,
        "capacidad_pago_promedio": 0.5201909468810293,
        "tamano_hogar_promedio": 3.690522823849512,
        "gasto_educ_promedio": 137818.05261490447,
        "tasa_deficit_cuantitativo": 0.0341879814409453,
        "tasa_deficit_cualitativo": 0.1618981974832556,
        "tasa_deficit_habitacional": 0.196086178924201,
        "pct_estrato_1": 0.1275309686584809,
        "pct_estrato_2": 0.8581344944353343,
        "pct_estrato_3": 0.0083652084476375,
        "pct_estrato_4": 0.0,
        "pct_estrato_5": 0.0,
        "pct_estrato_6": 0.0,
        "s0_localidad": 0.24275340378588084,
        "dist_transmilenio_m": 1774.214256436695,
        "dist_sitp_m": 18.582578446027856,
        "dist_parque_m": 78.39232802401054,
        "homicidios": 113.0,
        "lesiones_personales": 2653.0,
        "hurto_personas": 11264.0,
        "hurto_residencias": 1302.0,
        "hurto_automotores": 438.0,
        "hurto_bicicletas": 251.0,
        "hurto_comercio": 3279.0,
        "hurto_entidades": 810.0,
        "violencia_intrafam": 4309.0,
        "delitos_sexuales": 811.0,
        "pct_no_oficial": 49.61,
        "n_sedes_total": 129,
        "n_sedes_no_oficial": 64
      }
    },
    {
      "type": "Feature",
      "geometry": {
        "type": "Point",
        "coordinates": [
          -74.13317000007919,
          4.57941000058859
        ]
      },
      "properties": {
        "DANE12_EST": "111001014206",
        "id_establecimiento": "111001014206",
        "nombre_establecimiento": "COLEGIO MARCO FIDEL SUAREZ (IED)",
        "nombre_localidad": "Tunjuelito",
        "codigo_upz": "42",
        "nombre_upz": "VENECIA",
        "estrato": "Estrato 2",
        "zona": "URBANA",
        "caracter_media": "Académico",
        "lon": -74.13317000007919,
        "lat": 4.57941000058859,
        "codigo_localidad": "06",
        "q_j": 262.21,
        "puntaje_2023": 262.92,
        "punt_global_2020": 261.65,
        "punt_global_2022": 262.06,
        "matricula_total": 2051.0,
        "demanda_total": 2152.0,
        "sobre_demanda_j": 1.0492442710872745,
        "n_hogares_muestra": 2196.0,
        "poblacion_expandida": 139490.0000064,
        "tasa_pobreza_monetaria": 0.3456416416631149,
        "tasa_pobreza_extrema": 0.1503118512921213,
        "tasa_ipm": 0.0363638721992061,
        "ingreso_percapita_promedio": 842886.8720213596,
        "capacidad_pago_promedio": 0.2543474672254081,
        "tamano_hogar_promedio": 3.158857941575621,
        "gasto_educ_promedio": 260612.53234385408,
        "tasa_deficit_cuantitativo": 0.0054515723698122,
        "tasa_deficit_cualitativo": 0.1344675835245495,
        "tasa_deficit_habitacional": 0.1399191558943617,
        "pct_estrato_1": 0.0,
        "pct_estrato_2": 0.5468256713047553,
        "pct_estrato_3": 0.4531743286952447,
        "pct_estrato_4": 0.0,
        "pct_estrato_5": 0.0,
        "pct_estrato_6": 0.0,
        "s0_localidad": 0.24596233549441804,
        "dist_transmilenio_m": 1058.4830571413422,
        "dist_sitp_m": 102.52435790806804,
        "dist_parque_m": 31.935982719292372,
        "homicidios": 67.0,
        "lesiones_personales": 1311.0,
        "hurto_personas": 8872.0,
        "hurto_residencias": 687.0,
        "hurto_automotores": 293.0,
        "hurto_bicicletas": 367.0,
        "hurto_comercio": 2403.0,
        "hurto_entidades": 312.0,
        "violencia_intrafam": 1641.0,
        "delitos_sexuales": 328.0,
        "pct_no_oficial": 64.29,
        "n_sedes_total": 70,
        "n_sedes_no_oficial": 45
      }
    },
    {
      "type": "Feature",
      "geometry": {
        "type": "Point",
        "coordinates": [
          -74.13840999979392,
          4.577490000006109
        ]
      },
      "properties": {
        "DANE12_EST": "111001014214",
        "id_establecimiento": "111001014214",
        "nombre_establecimiento": "COLEGIO CIUDAD DE BOGOTA (IED)",
        "nombre_localidad": "Tunjuelito",
        "codigo_upz": "42",
        "nombre_upz": "VENECIA",
        "estrato": "Estrato 3",
        "zona": "URBANA",
        "caracter_media": "Académico",
        "lon": -74.13840999979392,
        "lat": 4.577490000006109,
        "codigo_localidad": "06",
        "q_j": 256.15333333333336,
        "puntaje_2023": 258.24,
        "punt_global_2020": 247.79,
        "punt_global_2022": 262.43,
        "matricula_total": 2766.0,
        "demanda_total": 2953.0,
        "sobre_demanda_j": 1.0676066522053507,
        "n_hogares_muestra": 2196.0,
        "poblacion_expandida": 139490.0000064,
        "tasa_pobreza_monetaria": 0.3456416416631149,
        "tasa_pobreza_extrema": 0.1503118512921213,
        "tasa_ipm": 0.0363638721992061,
        "ingreso_percapita_promedio": 842886.8720213596,
        "capacidad_pago_promedio": 0.2543474672254081,
        "tamano_hogar_promedio": 3.158857941575621,
        "gasto_educ_promedio": 260612.53234385408,
        "tasa_deficit_cuantitativo": 0.0054515723698122,
        "tasa_deficit_cualitativo": 0.1344675835245495,
        "tasa_deficit_habitacional": 0.1399191558943617,
        "pct_estrato_1": 0.0,
        "pct_estrato_2": 0.5468256713047553,
        "pct_estrato_3": 0.4531743286952447,
        "pct_estrato_4": 0.0,
        "pct_estrato_5": 0.0,
        "pct_estrato_6": 0.0,
        "s0_localidad": 0.24596233549441804,
        "dist_transmilenio_m": 885.2964592036302,
        "dist_sitp_m": 99.36988534622752,
        "dist_parque_m": 151.6292378317158,
        "homicidios": 67.0,
        "lesiones_personales": 1311.0,
        "hurto_personas": 8872.0,
        "hurto_residencias": 687.0,
        "hurto_automotores": 293.0,
        "hurto_bicicletas": 367.0,
        "hurto_comercio": 2403.0,
        "hurto_entidades": 312.0,
        "violencia_intrafam": 1641.0,
        "delitos_sexuales": 328.0,
        "pct_no_oficial": 64.29,
        "n_sedes_total": 70,
        "n_sedes_no_oficial": 45
      }
    },
    {
      "type": "Feature",
      "geometry": {
        "type": "Point",
        "coordinates": [
          -74.12738999969098,
          4.632070000285066
        ]
      },
      "properties": {
        "DANE12_EST": "111001014290",
        "id_establecimiento": "111001014290",
        "nombre_establecimiento": "COLEGIO MARSELLA (IED)",
        "nombre_localidad": "Kennedy",
        "codigo_upz": "113",
        "nombre_upz": "BAVARIA",
        "estrato": "Sin estrato",
        "zona": "URBANA",
        "caracter_media": "Académico",
        "lon": -74.12738999969098,
        "lat": 4.632070000285066,
        "codigo_localidad": "08",
        "q_j": 281.7966666666666,
        "puntaje_2023": 286.51,
        "punt_global_2020": 277.8,
        "punt_global_2022": 281.08,
        "matricula_total": 1906.0,
        "demanda_total": 2115.0,
        "sobre_demanda_j": 1.1096537250786989,
        "n_hogares_muestra": null,
        "poblacion_expandida": null,
        "tasa_pobreza_monetaria": null,
        "tasa_pobreza_extrema": null,
        "tasa_ipm": null,
        "ingreso_percapita_promedio": null,
        "capacidad_pago_promedio": null,
        "tamano_hogar_promedio": null,
        "gasto_educ_promedio": null,
        "tasa_deficit_cuantitativo": null,
        "tasa_deficit_cualitativo": null,
        "tasa_deficit_habitacional": null,
        "pct_estrato_1": null,
        "pct_estrato_2": null,
        "pct_estrato_3": null,
        "pct_estrato_4": null,
        "pct_estrato_5": null,
        "pct_estrato_6": null,
        "s0_localidad": 0.3719221758740453,
        "dist_transmilenio_m": 406.5755325020507,
        "dist_sitp_m": 145.16461615237813,
        "dist_parque_m": 113.04663694181063,
        "homicidios": 277.0,
        "lesiones_personales": 5216.0,
        "hurto_personas": 45928.0,
        "hurto_residencias": 4574.0,
        "hurto_automotores": 2662.0,
        "hurto_bicicletas": 2842.0,
        "hurto_comercio": 11829.0,
        "hurto_entidades": 2994.0,
        "violencia_intrafam": 8341.0,
        "delitos_sexuales": 1353.0,
        "pct_no_oficial": 70.99,
        "n_sedes_total": 262,
        "n_sedes_no_oficial": 186
      }
    },
    {
      "type": "Feature",
      "geometry": {
        "type": "Point",
        "coordinates": [
          -74.14448999975777,
          4.670280000475231
        ]
      },
      "properties": {
        "DANE12_EST": "111001014346",
        "id_establecimiento": "111001014346",
        "nombre_establecimiento": "COLEGIO RODRIGO ARENAS BETANCOURT (IED)",
        "nombre_localidad": "Fontibon",
        "codigo_upz": "75",
        "nombre_upz": "FONTIBON",
        "estrato": "Estrato 3",
        "zona": "URBANA",
        "caracter_media": "Académico",
        "lon": -74.14448999975777,
        "lat": 4.670280000475231,
        "codigo_localidad": "09",
        "q_j": 260.7266666666667,
        "puntaje_2023": 265.31,
        "punt_global_2020": 260.91,
        "punt_global_2022": 255.96,
        "matricula_total": 1997.0,
        "demanda_total": 2214.0,
        "sobre_demanda_j": 1.1086629944917377,
        "n_hogares_muestra": 2481.0,
        "poblacion_expandida": 137089.0000028,
        "tasa_pobreza_monetaria": 0.2732523578050382,
        "tasa_pobreza_extrema": 0.0526171585156553,
        "tasa_ipm": 0.0431018882884791,
        "ingreso_percapita_promedio": 991938.6290965108,
        "capacidad_pago_promedio": 0.2560860274878579,
        "tamano_hogar_promedio": 3.539451453940794,
        "gasto_educ_promedio": 301934.03012095386,
        "tasa_deficit_cuantitativo": 0.013057241696733,
        "tasa_deficit_cualitativo": 0.1021481306655821,
        "tasa_deficit_habitacional": 0.1152053723623151,
        "pct_estrato_1": 0.0,
        "pct_estrato_2": 0.0256912786695363,
        "pct_estrato_3": 0.9719013841386156,
        "pct_estrato_4": 0.002407337191848,
        "pct_estrato_5": 0.0,
        "pct_estrato_6": 0.0,
        "s0_localidad": 0.5228627173012368,
        "dist_transmilenio_m": 2853.0494969745037,
        "dist_sitp_m": 67.78679672144393,
        "dist_parque_m": 175.54412032677183,
        "homicidios": 46.0,
        "lesiones_personales": 1556.0,
        "hurto_personas": 27767.0,
        "hurto_residencias": 1782.0,
        "hurto_automotores": 452.0,
        "hurto_bicicletas": 1473.0,
        "hurto_comercio": 7516.0,
        "hurto_entidades": 505.0,
        "violencia_intrafam": 3285.0,
        "delitos_sexuales": 468.0,
        "pct_no_oficial": 77.55,
        "n_sedes_total": 98,
        "n_sedes_no_oficial": 76
      }
    },
    {
      "type": "Feature",
      "geometry": {
        "type": "Point",
        "coordinates": [
          -74.08368000007344,
          4.562380000529463
        ]
      },
      "properties": {
        "DANE12_EST": "111001014451",
        "id_establecimiento": "111001014451",
        "nombre_establecimiento": "COLEGIO JOSE ACEVEDO Y GOMEZ (IED)",
        "nombre_localidad": "San Cristobal",
        "codigo_upz": "32",
        "nombre_upz": "SAN BLAS",
        "estrato": "Estrato 2",
        "zona": "URBANA",
        "caracter_media": "Académico",
        "lon": -74.08368000007344,
        "lat": 4.562380000529463,
        "codigo_localidad": "04",
        "q_j": 248.39000000000001,
        "puntaje_2023": 243.46,
        "punt_global_2020": 232.23,
        "punt_global_2022": 269.48,
        "matricula_total": 612.0,
        "demanda_total": 635.0,
        "sobre_demanda_j": 1.0375816993464053,
        "n_hogares_muestra": 2576.0,
        "poblacion_expandida": 103547.9999957,
        "tasa_pobreza_monetaria": 0.5328157281076517,
        "tasa_pobreza_extrema": 0.1780459356836017,
        "tasa_ipm": 0.067906413079847,
        "ingreso_percapita_promedio": 549847.9861771726,
        "capacidad_pago_promedio": 0.5201909468810293,
        "tamano_hogar_promedio": 3.690522823849512,
        "gasto_educ_promedio": 137818.05261490447,
        "tasa_deficit_cuantitativo": 0.0341879814409453,
        "tasa_deficit_cualitativo": 0.1618981974832556,
        "tasa_deficit_habitacional": 0.196086178924201,
        "pct_estrato_1": 0.1275309686584809,
        "pct_estrato_2": 0.8581344944353343,
        "pct_estrato_3": 0.0083652084476375,
        "pct_estrato_4": 0.0,
        "pct_estrato_5": 0.0,
        "pct_estrato_6": 0.0,
        "s0_localidad": 0.24275340378588084,
        "dist_transmilenio_m": 1523.2673799842285,
        "dist_sitp_m": 29.073068658483976,
        "dist_parque_m": 148.7169407312325,
        "homicidios": 113.0,
        "lesiones_personales": 2653.0,
        "hurto_personas": 11264.0,
        "hurto_residencias": 1302.0,
        "hurto_automotores": 438.0,
        "hurto_bicicletas": 251.0,
        "hurto_comercio": 3279.0,
        "hurto_entidades": 810.0,
        "violencia_intrafam": 4309.0,
        "delitos_sexuales": 811.0,
        "pct_no_oficial": 49.61,
        "n_sedes_total": 129,
        "n_sedes_no_oficial": 64
      }
    },
    {
      "type": "Feature",
      "geometry": {
        "type": "Point",
        "coordinates": [
          -74.13648999999445,
          4.5552499997944755
        ]
      },
      "properties": {
        "DANE12_EST": "111001014486",
        "id_establecimiento": "111001014486",
        "nombre_establecimiento": "COLEGIO REPUBLICA DE MEXICO (IED)",
        "nombre_localidad": "Ciudad Bolivar",
        "codigo_upz": "67",
        "nombre_upz": "LUCERO",
        "estrato": "Estrato 2",
        "zona": "URBANA",
        "caracter_media": "Académico",
        "lon": -74.13648999999445,
        "lat": 4.5552499997944755,
        "codigo_localidad": "19",
        "q_j": 245.18999999999997,
        "puntaje_2023": 243.88,
        "punt_global_2020": 247.89,
        "punt_global_2022": 243.8,
        "matricula_total": 2370.0,
        "demanda_total": 2583.0,
        "sobre_demanda_j": 1.089873417721519,
        "n_hogares_muestra": 2402.0,
        "poblacion_expandida": 161831.0000128,
        "tasa_pobreza_monetaria": 0.7038631757592213,
        "tasa_pobreza_extrema": 0.2920063706370369,
        "tasa_ipm": 0.1283344089448704,
        "ingreso_percapita_promedio": 390100.4363498642,
        "capacidad_pago_promedio": 0.6999095390854729,
        "tamano_hogar_promedio": 3.793805295915117,
        "gasto_educ_promedio": 94504.09039926344,
        "tasa_deficit_cuantitativo": 0.0495404235910664,
        "tasa_deficit_cualitativo": 0.2674079830741772,
        "tasa_deficit_habitacional": 0.3169484066652437,
        "pct_estrato_1": 0.7291873913191316,
        "pct_estrato_2": 0.2533851853437022,
        "pct_estrato_3": 0.0062719642164957,
        "pct_estrato_4": 0.0,
        "pct_estrato_5": 0.0,
        "pct_estrato_6": 0.0,
        "s0_localidad": 0.24641727799438962,
        "dist_transmilenio_m": 1458.9260848135968,
        "dist_sitp_m": 106.41614202406944,
        "dist_parque_m": 237.4201079924286,
        "homicidios": 450.0,
        "lesiones_personales": 4378.0,
        "hurto_personas": 16269.0,
        "hurto_residencias": 1893.0,
        "hurto_automotores": 870.0,
        "hurto_bicicletas": 472.0,
        "hurto_comercio": 4561.0,
        "hurto_entidades": 1620.0,
        "violencia_intrafam": 8567.0,
        "delitos_sexuales": 1433.0,
        "pct_no_oficial": 44.59,
        "n_sedes_total": 148,
        "n_sedes_no_oficial": 66
      }
    },
    {
      "type": "Feature",
      "geometry": {
        "type": "Point",
        "coordinates": [
          -74.1483000001178,
          4.547209999712892
        ]
      },
      "properties": {
        "DANE12_EST": "111001014524",
        "id_establecimiento": "111001014524",
        "nombre_establecimiento": "COLEGIO RAFAEL URIBE URIBE (IED)",
        "nombre_localidad": "Ciudad Bolivar",
        "codigo_upz": "67",
        "nombre_upz": "LUCERO",
        "estrato": "Estrato 1",
        "zona": "URBANA",
        "caracter_media": "Académico",
        "lon": -74.1483000001178,
        "lat": 4.547209999712892,
        "codigo_localidad": "19",
        "q_j": 251.76666666666665,
        "puntaje_2023": 257.5,
        "punt_global_2020": 253.28,
        "punt_global_2022": 244.52,
        "matricula_total": 1756.0,
        "demanda_total": 1855.0,
        "sobre_demanda_j": 1.056378132118451,
        "n_hogares_muestra": 2402.0,
        "poblacion_expandida": 161831.0000128,
        "tasa_pobreza_monetaria": 0.7038631757592213,
        "tasa_pobreza_extrema": 0.2920063706370369,
        "tasa_ipm": 0.1283344089448704,
        "ingreso_percapita_promedio": 390100.4363498642,
        "capacidad_pago_promedio": 0.6999095390854729,
        "tamano_hogar_promedio": 3.793805295915117,
        "gasto_educ_promedio": 94504.09039926344,
        "tasa_deficit_cuantitativo": 0.0495404235910664,
        "tasa_deficit_cualitativo": 0.2674079830741772,
        "tasa_deficit_habitacional": 0.3169484066652437,
        "pct_estrato_1": 0.7291873913191316,
        "pct_estrato_2": 0.2533851853437022,
        "pct_estrato_3": 0.0062719642164957,
        "pct_estrato_4": 0.0,
        "pct_estrato_5": 0.0,
        "pct_estrato_6": 0.0,
        "s0_localidad": 0.24641727799438962,
        "dist_transmilenio_m": 2681.6116912700254,
        "dist_sitp_m": 81.61054413492516,
        "dist_parque_m": 144.16817406394412,
        "homicidios": 450.0,
        "lesiones_personales": 4378.0,
        "hurto_personas": 16269.0,
        "hurto_residencias": 1893.0,
        "hurto_automotores": 870.0,
        "hurto_bicicletas": 472.0,
        "hurto_comercio": 4561.0,
        "hurto_entidades": 1620.0,
        "violencia_intrafam": 8567.0,
        "delitos_sexuales": 1433.0,
        "pct_no_oficial": 44.59,
        "n_sedes_total": 148,
        "n_sedes_no_oficial": 66
      }
    },
    {
      "type": "Feature",
      "geometry": {
        "type": "Point",
        "coordinates": [
          -74.12603999980391,
          4.577640000391058
        ]
      },
      "properties": {
        "DANE12_EST": "111001014591",
        "id_establecimiento": "111001014591",
        "nombre_establecimiento": "COLEGIO MANUEL DEL SOCORRO RODRIGUEZ (IED)",
        "nombre_localidad": "Rafael Uribe Uribe",
        "codigo_upz": "39",
        "nombre_upz": "QUIROGA",
        "estrato": "Estrato 3",
        "zona": "URBANA",
        "caracter_media": "Académico",
        "lon": -74.12603999980391,
        "lat": 4.577640000391058,
        "codigo_localidad": "18",
        "q_j": 257.99,
        "puntaje_2023": 262.31,
        "punt_global_2020": 251.6,
        "punt_global_2022": 260.06,
        "matricula_total": 1773.0,
        "demanda_total": 1874.0,
        "sobre_demanda_j": 1.056965595036661,
        "n_hogares_muestra": 2265.0,
        "poblacion_expandida": 92517.99999850002,
        "tasa_pobreza_monetaria": 0.4498804552776196,
        "tasa_pobreza_extrema": 0.1716353320008803,
        "tasa_ipm": 0.0599485057522851,
        "ingreso_percapita_promedio": 843427.0634521615,
        "capacidad_pago_promedio": 0.3456105222769451,
        "tamano_hogar_promedio": 3.2499598998916417,
        "gasto_educ_promedio": 230991.5177320262,
        "tasa_deficit_cuantitativo": 0.0065383441785361,
        "tasa_deficit_cualitativo": 0.1487364495895188,
        "tasa_deficit_habitacional": 0.1552747937680549,
        "pct_estrato_1": 0.0017364461694222,
        "pct_estrato_2": 0.0014887309280597,
        "pct_estrato_3": 0.9963005864490634,
        "pct_estrato_4": 0.0,
        "pct_estrato_5": 0.0,
        "pct_estrato_6": 0.0,
        "s0_localidad": 0.2741314328601635,
        "dist_transmilenio_m": 691.8396843655934,
        "dist_sitp_m": 139.41810733714144,
        "dist_parque_m": 215.32407599408526,
        "homicidios": 159.0,
        "lesiones_personales": 2500.0,
        "hurto_personas": 13897.0,
        "hurto_residencias": 1530.0,
        "hurto_automotores": 660.0,
        "hurto_bicicletas": 415.0,
        "hurto_comercio": 3902.0,
        "hurto_entidades": 942.0,
        "violencia_intrafam": 3177.0,
        "delitos_sexuales": 716.0,
        "pct_no_oficial": 57.85,
        "n_sedes_total": 121,
        "n_sedes_no_oficial": 70
      }
    },
    {
      "type": "Feature",
      "geometry": {
        "type": "Point",
        "coordinates": [
          -74.09756999982982,
          4.590510000222839
        ]
      },
      "properties": {
        "DANE12_EST": "111001014630",
        "id_establecimiento": "111001014630",
        "nombre_establecimiento": "COLEGIO FRANCISCO DE PAULA SANTANDER (IED)",
        "nombre_localidad": "Antonio Nariño",
        "codigo_upz": "38",
        "nombre_upz": "RESTREPO",
        "estrato": "Estrato 3",
        "zona": "URBANA",
        "caracter_media": "Académico",
        "lon": -74.09756999982982,
        "lat": 4.590510000222839,
        "codigo_localidad": "15",
        "q_j": 264.97333333333336,
        "puntaje_2023": 260.38,
        "punt_global_2020": 267.57,
        "punt_global_2022": 266.97,
        "matricula_total": 881.0,
        "demanda_total": 947.0,
        "sobre_demanda_j": 1.0749148694665154,
        "n_hogares_muestra": 2145.0,
        "poblacion_expandida": 56056.9999978,
        "tasa_pobreza_monetaria": 0.2210592286473827,
        "tasa_pobreza_extrema": 0.0629065077998893,
        "tasa_ipm": 0.0415751879674521,
        "ingreso_percapita_promedio": 1145227.1597134708,
        "capacidad_pago_promedio": 0.129318522705184,
        "tamano_hogar_promedio": 3.6959190017612618,
        "gasto_educ_promedio": 389904.6851137919,
        "tasa_deficit_cuantitativo": 0.0057356332413903,
        "tasa_deficit_cualitativo": 0.1219053248188128,
        "tasa_deficit_habitacional": 0.1276409580602031,
        "pct_estrato_1": 0.0,
        "pct_estrato_2": 0.0049999584139536,
        "pct_estrato_3": 0.9935356587684996,
        "pct_estrato_4": 0.0,
        "pct_estrato_5": 0.0,
        "pct_estrato_6": 0.0,
        "s0_localidad": 0.4744712548125819,
        "dist_transmilenio_m": 619.6170563889706,
        "dist_sitp_m": 103.82112657371032,
        "dist_parque_m": 283.1265415136432,
        "homicidios": 25.0,
        "lesiones_personales": 789.0,
        "hurto_personas": 8646.0,
        "hurto_residencias": 610.0,
        "hurto_automotores": 380.0,
        "hurto_bicicletas": 271.0,
        "hurto_comercio": 2516.0,
        "hurto_entidades": 305.0,
        "violencia_intrafam": 849.0,
        "delitos_sexuales": 196.0,
        "pct_no_oficial": 69.05,
        "n_sedes_total": 42,
        "n_sedes_no_oficial": 29
      }
    },
    {
      "type": "Feature",
      "geometry": {
        "type": "Point",
        "coordinates": [
          -74.11627000002895,
          4.584300000463214
        ]
      },
      "properties": {
        "DANE12_EST": "111001014664",
        "id_establecimiento": "111001014664",
        "nombre_establecimiento": "COLEGIO EL LIBERTADOR (IED)",
        "nombre_localidad": "Rafael Uribe Uribe",
        "codigo_upz": "39",
        "nombre_upz": "QUIROGA",
        "estrato": "Estrato 3",
        "zona": "URBANA",
        "caracter_media": "Técnico",
        "lon": -74.11627000002895,
        "lat": 4.584300000463214,
        "codigo_localidad": "18",
        "q_j": 248.73666666666668,
        "puntaje_2023": 250.38,
        "punt_global_2020": 245.55,
        "punt_global_2022": 250.28,
        "matricula_total": 1681.0,
        "demanda_total": 1823.0,
        "sobre_demanda_j": 1.0844735276621058,
        "n_hogares_muestra": 2265.0,
        "poblacion_expandida": 92517.99999850002,
        "tasa_pobreza_monetaria": 0.4498804552776196,
        "tasa_pobreza_extrema": 0.1716353320008803,
        "tasa_ipm": 0.0599485057522851,
        "ingreso_percapita_promedio": 843427.0634521615,
        "capacidad_pago_promedio": 0.3456105222769451,
        "tamano_hogar_promedio": 3.2499598998916417,
        "gasto_educ_promedio": 230991.5177320262,
        "tasa_deficit_cuantitativo": 0.0065383441785361,
        "tasa_deficit_cualitativo": 0.1487364495895188,
        "tasa_deficit_habitacional": 0.1552747937680549,
        "pct_estrato_1": 0.0017364461694222,
        "pct_estrato_2": 0.0014887309280597,
        "pct_estrato_3": 0.9963005864490634,
        "pct_estrato_4": 0.0,
        "pct_estrato_5": 0.0,
        "pct_estrato_6": 0.0,
        "s0_localidad": 0.2741314328601635,
        "dist_transmilenio_m": 858.8082136474748,
        "dist_sitp_m": 221.1023351918374,
        "dist_parque_m": 268.10523592691436,
        "homicidios": 159.0,
        "lesiones_personales": 2500.0,
        "hurto_personas": 13897.0,
        "hurto_residencias": 1530.0,
        "hurto_automotores": 660.0,
        "hurto_bicicletas": 415.0,
        "hurto_comercio": 3902.0,
        "hurto_entidades": 942.0,
        "violencia_intrafam": 3177.0,
        "delitos_sexuales": 716.0,
        "pct_no_oficial": 57.85,
        "n_sedes_total": 121,
        "n_sedes_no_oficial": 70
      }
    },
    {
      "type": "Feature",
      "geometry": {
        "type": "Point",
        "coordinates": [
          -74.10881000004079,
          4.632059999771964
        ]
      },
      "properties": {
        "DANE12_EST": "111001014729",
        "id_establecimiento": "111001014729",
        "nombre_establecimiento": "COLEGIO JOSE JOAQUIN CASAS (IED)",
        "nombre_localidad": "Puente Aranda",
        "codigo_upz": "111",
        "nombre_upz": "PUENTE ARANDA",
        "estrato": "Estrato 3",
        "zona": "URBANA",
        "caracter_media": "Sin información",
        "lon": -74.10881000004079,
        "lat": 4.632059999771964,
        "codigo_localidad": "16",
        "q_j": 257.52333333333337,
        "puntaje_2023": 267.31,
        "punt_global_2020": 255.4,
        "punt_global_2022": 249.86,
        "matricula_total": 380.0,
        "demanda_total": 397.0,
        "sobre_demanda_j": 1.0447368421052632,
        "n_hogares_muestra": null,
        "poblacion_expandida": null,
        "tasa_pobreza_monetaria": null,
        "tasa_pobreza_extrema": null,
        "tasa_ipm": null,
        "ingreso_percapita_promedio": null,
        "capacidad_pago_promedio": null,
        "tamano_hogar_promedio": null,
        "gasto_educ_promedio": null,
        "tasa_deficit_cuantitativo": null,
        "tasa_deficit_cualitativo": null,
        "tasa_deficit_habitacional": null,
        "pct_estrato_1": null,
        "pct_estrato_2": null,
        "pct_estrato_3": null,
        "pct_estrato_4": null,
        "pct_estrato_5": null,
        "pct_estrato_6": null,
        "s0_localidad": 0.5211076175873677,
        "dist_transmilenio_m": 560.0653880059598,
        "dist_sitp_m": 138.4501010603933,
        "dist_parque_m": 46.21518143530173,
        "homicidios": 81.0,
        "lesiones_personales": 1979.0,
        "hurto_personas": 20917.0,
        "hurto_residencias": 1572.0,
        "hurto_automotores": 1079.0,
        "hurto_bicicletas": 778.0,
        "hurto_comercio": 5413.0,
        "hurto_entidades": 730.0,
        "violencia_intrafam": 2327.0,
        "delitos_sexuales": 548.0,
        "pct_no_oficial": 68.0,
        "n_sedes_total": 100,
        "n_sedes_no_oficial": 68
      }
    },
    {
      "type": "Feature",
      "geometry": {
        "type": "Point",
        "coordinates": [
          -74.1181899998284,
          4.633480000481022
        ]
      },
      "properties": {
        "DANE12_EST": "111001014745",
        "id_establecimiento": "111001014745",
        "nombre_establecimiento": "COLEGIO ANTONIO JOSE DE SUCRE (IED)",
        "nombre_localidad": "Puente Aranda",
        "codigo_upz": "111",
        "nombre_upz": "PUENTE ARANDA",
        "estrato": "Estrato 3",
        "zona": "URBANA",
        "caracter_media": "Académico",
        "lon": -74.1181899998284,
        "lat": 4.633480000481022,
        "codigo_localidad": "16",
        "q_j": 272.78333333333336,
        "puntaje_2023": 273.85,
        "punt_global_2020": 254.6,
        "punt_global_2022": 289.9,
        "matricula_total": 433.0,
        "demanda_total": 467.0,
        "sobre_demanda_j": 1.0785219399538106,
        "n_hogares_muestra": null,
        "poblacion_expandida": null,
        "tasa_pobreza_monetaria": null,
        "tasa_pobreza_extrema": null,
        "tasa_ipm": null,
        "ingreso_percapita_promedio": null,
        "capacidad_pago_promedio": null,
        "tamano_hogar_promedio": null,
        "gasto_educ_promedio": null,
        "tasa_deficit_cuantitativo": null,
        "tasa_deficit_cualitativo": null,
        "tasa_deficit_habitacional": null,
        "pct_estrato_1": null,
        "pct_estrato_2": null,
        "pct_estrato_3": null,
        "pct_estrato_4": null,
        "pct_estrato_5": null,
        "pct_estrato_6": null,
        "s0_localidad": 0.5211076175873677,
        "dist_transmilenio_m": 555.661167864484,
        "dist_sitp_m": 233.36288766173337,
        "dist_parque_m": 54.92557962624062,
        "homicidios": 81.0,
        "lesiones_personales": 1979.0,
        "hurto_personas": 20917.0,
        "hurto_residencias": 1572.0,
        "hurto_automotores": 1079.0,
        "hurto_bicicletas": 778.0,
        "hurto_comercio": 5413.0,
        "hurto_entidades": 730.0,
        "violencia_intrafam": 2327.0,
        "delitos_sexuales": 548.0,
        "pct_no_oficial": 68.0,
        "n_sedes_total": 100,
        "n_sedes_no_oficial": 68
      }
    },
    {
      "type": "Feature",
      "geometry": {
        "type": "Point",
        "coordinates": [
          -74.11278000023438,
          4.59787000039278
        ]
      },
      "properties": {
        "DANE12_EST": "111001014826",
        "id_establecimiento": "111001014826",
        "nombre_establecimiento": "COLEGIO MARCO ANTONIO CARREÑO SILVA (IED)",
        "nombre_localidad": "Puente Aranda",
        "codigo_upz": "40",
        "nombre_upz": "CIUDAD MONTES",
        "estrato": "Estrato 3",
        "zona": "URBANA",
        "caracter_media": "Académico",
        "lon": -74.11278000023438,
        "lat": 4.59787000039278,
        "codigo_localidad": "16",
        "q_j": 272.01,
        "puntaje_2023": 275.0,
        "punt_global_2020": 264.22,
        "punt_global_2022": 276.81,
        "matricula_total": 1150.0,
        "demanda_total": 1237.0,
        "sobre_demanda_j": 1.0756521739130436,
        "n_hogares_muestra": 2216.0,
        "poblacion_expandida": 102337.999998,
        "tasa_pobreza_monetaria": 0.2689251836320609,
        "tasa_pobreza_extrema": 0.1492230603802932,
        "tasa_ipm": 0.0321605532975465,
        "ingreso_percapita_promedio": 1197049.8054420657,
        "capacidad_pago_promedio": 0.1448583685140389,
        "tamano_hogar_promedio": 3.44794783577455,
        "gasto_educ_promedio": 354259.4258766024,
        "tasa_deficit_cuantitativo": 0.0032629278812027,
        "tasa_deficit_cualitativo": 0.0524807420548082,
        "tasa_deficit_habitacional": 0.0557436699360109,
        "pct_estrato_1": 0.0012943872266664,
        "pct_estrato_2": 0.0016206459800195,
        "pct_estrato_3": 0.997084966793314,
        "pct_estrato_4": 0.0,
        "pct_estrato_5": 0.0,
        "pct_estrato_6": 0.0,
        "s0_localidad": 0.5211076175873677,
        "dist_transmilenio_m": 243.33245423246905,
        "dist_sitp_m": 148.3608698565023,
        "dist_parque_m": 89.41439415639101,
        "homicidios": 81.0,
        "lesiones_personales": 1979.0,
        "hurto_personas": 20917.0,
        "hurto_residencias": 1572.0,
        "hurto_automotores": 1079.0,
        "hurto_bicicletas": 778.0,
        "hurto_comercio": 5413.0,
        "hurto_entidades": 730.0,
        "violencia_intrafam": 2327.0,
        "delitos_sexuales": 548.0,
        "pct_no_oficial": 68.0,
        "n_sedes_total": 100,
        "n_sedes_no_oficial": 68
      }
    },
    {
      "type": "Feature",
      "geometry": {
        "type": "Point",
        "coordinates": [
          -74.12582999974163,
          4.609540000214908
        ]
      },
      "properties": {
        "DANE12_EST": "111001014869",
        "id_establecimiento": "111001014869",
        "nombre_establecimiento": "COLEGIO LUIS VARGAS TEJADA (IED)",
        "nombre_localidad": "Puente Aranda",
        "codigo_upz": "40",
        "nombre_upz": "CIUDAD MONTES",
        "estrato": "Estrato 3",
        "zona": "URBANA",
        "caracter_media": "Académico",
        "lon": -74.12582999974163,
        "lat": 4.609540000214908,
        "codigo_localidad": "16",
        "q_j": 266.26,
        "puntaje_2023": 268.46,
        "punt_global_2020": 259.5,
        "punt_global_2022": 270.82,
        "matricula_total": 620.0,
        "demanda_total": 662.0,
        "sobre_demanda_j": 1.0677419354838709,
        "n_hogares_muestra": 2216.0,
        "poblacion_expandida": 102337.999998,
        "tasa_pobreza_monetaria": 0.2689251836320609,
        "tasa_pobreza_extrema": 0.1492230603802932,
        "tasa_ipm": 0.0321605532975465,
        "ingreso_percapita_promedio": 1197049.8054420657,
        "capacidad_pago_promedio": 0.1448583685140389,
        "tamano_hogar_promedio": 3.44794783577455,
        "gasto_educ_promedio": 354259.4258766024,
        "tasa_deficit_cuantitativo": 0.0032629278812027,
        "tasa_deficit_cualitativo": 0.0524807420548082,
        "tasa_deficit_habitacional": 0.0557436699360109,
        "pct_estrato_1": 0.0012943872266664,
        "pct_estrato_2": 0.0016206459800195,
        "pct_estrato_3": 0.997084966793314,
        "pct_estrato_4": 0.0,
        "pct_estrato_5": 0.0,
        "pct_estrato_6": 0.0,
        "s0_localidad": 0.5211076175873677,
        "dist_transmilenio_m": 1764.2124111120138,
        "dist_sitp_m": 140.42219583885623,
        "dist_parque_m": 75.5510428446181,
        "homicidios": 81.0,
        "lesiones_personales": 1979.0,
        "hurto_personas": 20917.0,
        "hurto_residencias": 1572.0,
        "hurto_automotores": 1079.0,
        "hurto_bicicletas": 778.0,
        "hurto_comercio": 5413.0,
        "hurto_entidades": 730.0,
        "violencia_intrafam": 2327.0,
        "delitos_sexuales": 548.0,
        "pct_no_oficial": 68.0,
        "n_sedes_total": 100,
        "n_sedes_no_oficial": 68
      }
    },
    {
      "type": "Feature",
      "geometry": {
        "type": "Point",
        "coordinates": [
          -74.13423000043635,
          4.599620000427473
        ]
      },
      "properties": {
        "DANE12_EST": "111001014885",
        "id_establecimiento": "111001014885",
        "nombre_establecimiento": "COLEGIO JULIO GARAVITO ARMERO (IED)",
        "nombre_localidad": "Puente Aranda",
        "codigo_upz": "41",
        "nombre_upz": "MUZU",
        "estrato": "Estrato 3",
        "zona": "URBANA",
        "caracter_media": "Sin información",
        "lon": -74.13423000043635,
        "lat": 4.599620000427473,
        "codigo_localidad": "16",
        "q_j": null,
        "puntaje_2023": null,
        "punt_global_2020": null,
        "punt_global_2022": null,
        "matricula_total": 1425.0,
        "demanda_total": 1560.0,
        "sobre_demanda_j": 1.0947368421052632,
        "n_hogares_muestra": 2264.0,
        "poblacion_expandida": 59388.9999982,
        "tasa_pobreza_monetaria": 0.2196526447119058,
        "tasa_pobreza_extrema": 0.0723342369349576,
        "tasa_ipm": 0.0213144558662103,
        "ingreso_percapita_promedio": 1066974.7093374557,
        "capacidad_pago_promedio": 0.120081215040094,
        "tamano_hogar_promedio": 3.443232657094711,
        "gasto_educ_promedio": 332788.8570889279,
        "tasa_deficit_cuantitativo": 0.0083460014483325,
        "tasa_deficit_cualitativo": 0.0516466738536254,
        "tasa_deficit_habitacional": 0.059992675301958,
        "pct_estrato_1": 0.0,
        "pct_estrato_2": 0.0050300839247849,
        "pct_estrato_3": 0.994969916075215,
        "pct_estrato_4": 0.0,
        "pct_estrato_5": 0.0,
        "pct_estrato_6": 0.0,
        "s0_localidad": 0.5211076175873677,
        "dist_transmilenio_m": 594.9166429021839,
        "dist_sitp_m": 73.90569855865989,
        "dist_parque_m": 268.5896333743484,
        "homicidios": 81.0,
        "lesiones_personales": 1979.0,
        "hurto_personas": 20917.0,
        "hurto_residencias": 1572.0,
        "hurto_automotores": 1079.0,
        "hurto_bicicletas": 778.0,
        "hurto_comercio": 5413.0,
        "hurto_entidades": 730.0,
        "violencia_intrafam": 2327.0,
        "delitos_sexuales": 548.0,
        "pct_no_oficial": 68.0,
        "n_sedes_total": 100,
        "n_sedes_no_oficial": 68
      }
    },
    {
      "type": "Feature",
      "geometry": {
        "type": "Point",
        "coordinates": [
          -74.11053999986946,
          4.579150000186416
        ]
      },
      "properties": {
        "DANE12_EST": "111001014958",
        "id_establecimiento": "111001014958",
        "nombre_establecimiento": "COLEGIO CLEMENCIA HOLGUIN DE URDANETA (IED)",
        "nombre_localidad": "Rafael Uribe Uribe",
        "codigo_upz": "39",
        "nombre_upz": "QUIROGA",
        "estrato": "Estrato 3",
        "zona": "URBANA",
        "caracter_media": "Académico",
        "lon": -74.11053999986946,
        "lat": 4.579150000186416,
        "codigo_localidad": "18",
        "q_j": 261.43666666666667,
        "puntaje_2023": 266.15,
        "punt_global_2020": 254.76,
        "punt_global_2022": 263.4,
        "matricula_total": 782.0,
        "demanda_total": 842.0,
        "sobre_demanda_j": 1.0767263427109974,
        "n_hogares_muestra": 2265.0,
        "poblacion_expandida": 92517.99999850002,
        "tasa_pobreza_monetaria": 0.4498804552776196,
        "tasa_pobreza_extrema": 0.1716353320008803,
        "tasa_ipm": 0.0599485057522851,
        "ingreso_percapita_promedio": 843427.0634521615,
        "capacidad_pago_promedio": 0.3456105222769451,
        "tamano_hogar_promedio": 3.2499598998916417,
        "gasto_educ_promedio": 230991.5177320262,
        "tasa_deficit_cuantitativo": 0.0065383441785361,
        "tasa_deficit_cualitativo": 0.1487364495895188,
        "tasa_deficit_habitacional": 0.1552747937680549,
        "pct_estrato_1": 0.0017364461694222,
        "pct_estrato_2": 0.0014887309280597,
        "pct_estrato_3": 0.9963005864490634,
        "pct_estrato_4": 0.0,
        "pct_estrato_5": 0.0,
        "pct_estrato_6": 0.0,
        "s0_localidad": 0.2741314328601635,
        "dist_transmilenio_m": 353.01421294034736,
        "dist_sitp_m": 245.41678888575885,
        "dist_parque_m": 107.57186931237325,
        "homicidios": 159.0,
        "lesiones_personales": 2500.0,
        "hurto_personas": 13897.0,
        "hurto_residencias": 1530.0,
        "hurto_automotores": 660.0,
        "hurto_bicicletas": 415.0,
        "hurto_comercio": 3902.0,
        "hurto_entidades": 942.0,
        "violencia_intrafam": 3177.0,
        "delitos_sexuales": 716.0,
        "pct_no_oficial": 57.85,
        "n_sedes_total": 121,
        "n_sedes_no_oficial": 70
      }
    },
    {
      "type": "Feature",
      "geometry": {
        "type": "Point",
        "coordinates": [
          -74.1544600004476,
          4.612550000377954
        ]
      },
      "properties": {
        "DANE12_EST": "111001014974",
        "id_establecimiento": "111001014974",
        "nombre_establecimiento": "COLEGIO FRANCISCO DE MIRANDA (IED)",
        "nombre_localidad": "Kennedy",
        "codigo_upz": "48",
        "nombre_upz": "TIMIZA",
        "estrato": "Estrato 3",
        "zona": "URBANA",
        "caracter_media": "Académico",
        "lon": -74.1544600004476,
        "lat": 4.612550000377954,
        "codigo_localidad": "08",
        "q_j": 265.15000000000003,
        "puntaje_2023": 268.85,
        "punt_global_2020": 254.06,
        "punt_global_2022": 272.54,
        "matricula_total": 1154.0,
        "demanda_total": 1219.0,
        "sobre_demanda_j": 1.0563258232235702,
        "n_hogares_muestra": 2432.0,
        "poblacion_expandida": 140406.00000220002,
        "tasa_pobreza_monetaria": 0.3392972321151057,
        "tasa_pobreza_extrema": 0.1338840227747066,
        "tasa_ipm": 0.0317013659482519,
        "ingreso_percapita_promedio": 896426.5836674817,
        "capacidad_pago_promedio": 0.2768039610557314,
        "tamano_hogar_promedio": 3.5291548518092943,
        "gasto_educ_promedio": 246574.6721411968,
        "tasa_deficit_cuantitativo": 0.0067183660739941,
        "tasa_deficit_cualitativo": 0.0935675342570413,
        "tasa_deficit_habitacional": 0.1002859003310355,
        "pct_estrato_1": 0.0114865100478236,
        "pct_estrato_2": 0.2780580974943255,
        "pct_estrato_3": 0.7104553924578507,
        "pct_estrato_4": 0.0,
        "pct_estrato_5": 0.0,
        "pct_estrato_6": 0.0,
        "s0_localidad": 0.3719221758740453,
        "dist_transmilenio_m": 1828.8305299491278,
        "dist_sitp_m": 139.73353407234973,
        "dist_parque_m": 76.1231667045136,
        "homicidios": 277.0,
        "lesiones_personales": 5216.0,
        "hurto_personas": 45928.0,
        "hurto_residencias": 4574.0,
        "hurto_automotores": 2662.0,
        "hurto_bicicletas": 2842.0,
        "hurto_comercio": 11829.0,
        "hurto_entidades": 2994.0,
        "violencia_intrafam": 8341.0,
        "delitos_sexuales": 1353.0,
        "pct_no_oficial": 70.99,
        "n_sedes_total": 262,
        "n_sedes_no_oficial": 186
      }
    },
    {
      "type": "Feature",
      "geometry": {
        "type": "Point",
        "coordinates": [
          -74.10887000031525,
          4.576520000518716
        ]
      },
      "properties": {
        "DANE12_EST": "111001015172",
        "id_establecimiento": "111001015172",
        "nombre_establecimiento": "COLEGIO ALEJANDRO OBREGON (IED)",
        "nombre_localidad": "Rafael Uribe Uribe",
        "codigo_upz": "36",
        "nombre_upz": "SAN JOSE",
        "estrato": "Estrato 3",
        "zona": "URBANA",
        "caracter_media": "Académico",
        "lon": -74.10887000031525,
        "lat": 4.576520000518716,
        "codigo_localidad": "18",
        "q_j": 259.25666666666666,
        "puntaje_2023": 260.96,
        "punt_global_2020": 250.41,
        "punt_global_2022": 266.4,
        "matricula_total": 1601.0,
        "demanda_total": 1721.0,
        "sobre_demanda_j": 1.074953154278576,
        "n_hogares_muestra": 2185.0,
        "poblacion_expandida": 48723.0000061,
        "tasa_pobreza_monetaria": 0.3125623057897372,
        "tasa_pobreza_extrema": 0.1053114940081193,
        "tasa_ipm": 0.0273850604444092,
        "ingreso_percapita_promedio": 979518.9655288476,
        "capacidad_pago_promedio": 0.1711706012325977,
        "tamano_hogar_promedio": 3.1911789136143875,
        "gasto_educ_promedio": 291290.0627208787,
        "tasa_deficit_cuantitativo": 0.0050929432910316,
        "tasa_deficit_cualitativo": 0.0673271716230384,
        "tasa_deficit_habitacional": 0.0724201149140701,
        "pct_estrato_1": 0.0,
        "pct_estrato_2": 0.0291557383026937,
        "pct_estrato_3": 0.9700897110744916,
        "pct_estrato_4": 0.0,
        "pct_estrato_5": 0.0,
        "pct_estrato_6": 0.0,
        "s0_localidad": 0.2741314328601635,
        "dist_transmilenio_m": 314.3306274119227,
        "dist_sitp_m": 327.27451430318854,
        "dist_parque_m": 63.686231235526826,
        "homicidios": 159.0,
        "lesiones_personales": 2500.0,
        "hurto_personas": 13897.0,
        "hurto_residencias": 1530.0,
        "hurto_automotores": 660.0,
        "hurto_bicicletas": 415.0,
        "hurto_comercio": 3902.0,
        "hurto_entidades": 942.0,
        "violencia_intrafam": 3177.0,
        "delitos_sexuales": 716.0,
        "pct_no_oficial": 57.85,
        "n_sedes_total": 121,
        "n_sedes_no_oficial": 70
      }
    },
    {
      "type": "Feature",
      "geometry": {
        "type": "Point",
        "coordinates": [
          -74.1142599998178,
          4.698010000460798
        ]
      },
      "properties": {
        "DANE12_EST": "111001015458",
        "id_establecimiento": "111001015458",
        "nombre_establecimiento": "COLEGIO FLORIDABLANCA (IED)",
        "nombre_localidad": "Engativa",
        "codigo_upz": "30",
        "nombre_upz": "BOYACA REAL",
        "estrato": "Estrato 3",
        "zona": "URBANA",
        "caracter_media": "Académico",
        "lon": -74.1142599998178,
        "lat": 4.698010000460798,
        "codigo_localidad": "10",
        "q_j": 272.11333333333334,
        "puntaje_2023": 283.0,
        "punt_global_2020": 262.1,
        "punt_global_2022": 271.24,
        "matricula_total": 1829.0,
        "demanda_total": 1999.0,
        "sobre_demanda_j": 1.092946965554948,
        "n_hogares_muestra": 2323.0,
        "poblacion_expandida": 128077.9999945,
        "tasa_pobreza_monetaria": 0.213169851741692,
        "tasa_pobreza_extrema": 0.0877135985140494,
        "tasa_ipm": 0.0197830925311826,
        "ingreso_percapita_promedio": 1221231.80860735,
        "capacidad_pago_promedio": 0.1232248676648428,
        "tamano_hogar_promedio": 3.322991165188217,
        "gasto_educ_promedio": 371577.3862272356,
        "tasa_deficit_cuantitativo": 0.0,
        "tasa_deficit_cualitativo": 0.0643023044664475,
        "tasa_deficit_habitacional": 0.0643023044664475,
        "pct_estrato_1": 0.0,
        "pct_estrato_2": 0.0071695178855028,
        "pct_estrato_3": 0.9726107268441838,
        "pct_estrato_4": 0.0169566394532492,
        "pct_estrato_5": 0.0,
        "pct_estrato_6": 0.0032631158170641,
        "s0_localidad": 0.45908732785239414,
        "dist_transmilenio_m": 1146.055249458012,
        "dist_sitp_m": 74.22438865759977,
        "dist_parque_m": 80.66005524002055,
        "homicidios": 114.0,
        "lesiones_personales": 3260.0,
        "hurto_personas": 44584.0,
        "hurto_residencias": 4694.0,
        "hurto_automotores": 1548.0,
        "hurto_bicicletas": 2840.0,
        "hurto_comercio": 11724.0,
        "hurto_entidades": 1616.0,
        "violencia_intrafam": 6497.0,
        "delitos_sexuales": 1001.0,
        "pct_no_oficial": 73.15,
        "n_sedes_total": 257,
        "n_sedes_no_oficial": 188
      }
    },
    {
      "type": "Feature",
      "geometry": {
        "type": "Point",
        "coordinates": [
          -74.15051000034549,
          4.616839999751763
        ]
      },
      "properties": {
        "DANE12_EST": "111001015598",
        "id_establecimiento": "111001015598",
        "nombre_establecimiento": "COLEGIO LAS AMERICAS (IED)",
        "nombre_localidad": "Kennedy",
        "codigo_upz": "45",
        "nombre_upz": "CARVAJAL",
        "estrato": "Estrato 3",
        "zona": "URBANA",
        "caracter_media": "Académico",
        "lon": -74.15051000034549,
        "lat": 4.616839999751763,
        "codigo_localidad": "08",
        "q_j": 258.24,
        "puntaje_2023": 259.83,
        "punt_global_2020": 250.7,
        "punt_global_2022": 264.19,
        "matricula_total": 2470.0,
        "demanda_total": 2631.0,
        "sobre_demanda_j": 1.0651821862348179,
        "n_hogares_muestra": 2469.0,
        "poblacion_expandida": 89478.99999850002,
        "tasa_pobreza_monetaria": 0.3244571207253845,
        "tasa_pobreza_extrema": 0.0858933149848438,
        "tasa_ipm": 0.0412676531975312,
        "ingreso_percapita_promedio": 878070.4397056228,
        "capacidad_pago_promedio": 0.2447215180306784,
        "tamano_hogar_promedio": 3.5037879078024523,
        "gasto_educ_promedio": 248400.2587333203,
        "tasa_deficit_cuantitativo": 0.0109272029684774,
        "tasa_deficit_cualitativo": 0.1160162726580987,
        "tasa_deficit_habitacional": 0.1269434756265762,
        "pct_estrato_1": 0.0132996693963941,
        "pct_estrato_2": 0.2811856988647813,
        "pct_estrato_3": 0.7055146317388243,
        "pct_estrato_4": 0.0,
        "pct_estrato_5": 0.0,
        "pct_estrato_6": 0.0,
        "s0_localidad": 0.3719221758740453,
        "dist_transmilenio_m": 1690.9512298064126,
        "dist_sitp_m": 55.15039894160916,
        "dist_parque_m": 136.03086769907338,
        "homicidios": 277.0,
        "lesiones_personales": 5216.0,
        "hurto_personas": 45928.0,
        "hurto_residencias": 4574.0,
        "hurto_automotores": 2662.0,
        "hurto_bicicletas": 2842.0,
        "hurto_comercio": 11829.0,
        "hurto_entidades": 2994.0,
        "violencia_intrafam": 8341.0,
        "delitos_sexuales": 1353.0,
        "pct_no_oficial": 70.99,
        "n_sedes_total": 262,
        "n_sedes_no_oficial": 186
      }
    },
    {
      "type": "Feature",
      "geometry": {
        "type": "Point",
        "coordinates": [
          -74.14161000005858,
          4.617890000206483
        ]
      },
      "properties": {
        "DANE12_EST": "111001015601",
        "id_establecimiento": "111001015601",
        "nombre_establecimiento": "COLEGIO O.E.A. (IED)",
        "nombre_localidad": "Kennedy",
        "codigo_upz": "45",
        "nombre_upz": "CARVAJAL",
        "estrato": "Estrato 3",
        "zona": "URBANA",
        "caracter_media": "Técnico",
        "lon": -74.14161000005858,
        "lat": 4.617890000206483,
        "codigo_localidad": "08",
        "q_j": 268.75666666666666,
        "puntaje_2023": 273.46,
        "punt_global_2020": 265.45,
        "punt_global_2022": 267.36,
        "matricula_total": 2146.0,
        "demanda_total": 2294.0,
        "sobre_demanda_j": 1.0689655172413792,
        "n_hogares_muestra": 2469.0,
        "poblacion_expandida": 89478.99999850002,
        "tasa_pobreza_monetaria": 0.3244571207253845,
        "tasa_pobreza_extrema": 0.0858933149848438,
        "tasa_ipm": 0.0412676531975312,
        "ingreso_percapita_promedio": 878070.4397056228,
        "capacidad_pago_promedio": 0.2447215180306784,
        "tamano_hogar_promedio": 3.5037879078024523,
        "gasto_educ_promedio": 248400.2587333203,
        "tasa_deficit_cuantitativo": 0.0109272029684774,
        "tasa_deficit_cualitativo": 0.1160162726580987,
        "tasa_deficit_habitacional": 0.1269434756265762,
        "pct_estrato_1": 0.0132996693963941,
        "pct_estrato_2": 0.2811856988647813,
        "pct_estrato_3": 0.7055146317388243,
        "pct_estrato_4": 0.0,
        "pct_estrato_5": 0.0,
        "pct_estrato_6": 0.0,
        "s0_localidad": 0.3719221758740453,
        "dist_transmilenio_m": 1443.018799652995,
        "dist_sitp_m": 64.26150707831484,
        "dist_parque_m": 37.68494745256361,
        "homicidios": 277.0,
        "lesiones_personales": 5216.0,
        "hurto_personas": 45928.0,
        "hurto_residencias": 4574.0,
        "hurto_automotores": 2662.0,
        "hurto_bicicletas": 2842.0,
        "hurto_comercio": 11829.0,
        "hurto_entidades": 2994.0,
        "violencia_intrafam": 8341.0,
        "delitos_sexuales": 1353.0,
        "pct_no_oficial": 70.99,
        "n_sedes_total": 262,
        "n_sedes_no_oficial": 186
      }
    },
    {
      "type": "Feature",
      "geometry": {
        "type": "Point",
        "coordinates": [
          -74.10925000025684,
          4.58372000044116
        ]
      },
      "properties": {
        "DANE12_EST": "111001015733",
        "id_establecimiento": "111001015733",
        "nombre_establecimiento": "COLEGIO ANTONIO BARAYA (IED)",
        "nombre_localidad": "Rafael Uribe Uribe",
        "codigo_upz": "39",
        "nombre_upz": "QUIROGA",
        "estrato": "Estrato 3",
        "zona": "URBANA",
        "caracter_media": "Académico",
        "lon": -74.10925000025684,
        "lat": 4.58372000044116,
        "codigo_localidad": "18",
        "q_j": 259.89333333333326,
        "puntaje_2023": 257.31,
        "punt_global_2020": 260.78,
        "punt_global_2022": 261.59,
        "matricula_total": 1127.0,
        "demanda_total": 1208.0,
        "sobre_demanda_j": 1.0718722271517303,
        "n_hogares_muestra": 2265.0,
        "poblacion_expandida": 92517.99999850002,
        "tasa_pobreza_monetaria": 0.4498804552776196,
        "tasa_pobreza_extrema": 0.1716353320008803,
        "tasa_ipm": 0.0599485057522851,
        "ingreso_percapita_promedio": 843427.0634521615,
        "capacidad_pago_promedio": 0.3456105222769451,
        "tamano_hogar_promedio": 3.2499598998916417,
        "gasto_educ_promedio": 230991.5177320262,
        "tasa_deficit_cuantitativo": 0.0065383441785361,
        "tasa_deficit_cualitativo": 0.1487364495895188,
        "tasa_deficit_habitacional": 0.1552747937680549,
        "pct_estrato_1": 0.0017364461694222,
        "pct_estrato_2": 0.0014887309280597,
        "pct_estrato_3": 0.9963005864490634,
        "pct_estrato_4": 0.0,
        "pct_estrato_5": 0.0,
        "pct_estrato_6": 0.0,
        "s0_localidad": 0.2741314328601635,
        "dist_transmilenio_m": 573.7181484049509,
        "dist_sitp_m": 12.088241638240165,
        "dist_parque_m": 144.32572385358273,
        "homicidios": 159.0,
        "lesiones_personales": 2500.0,
        "hurto_personas": 13897.0,
        "hurto_residencias": 1530.0,
        "hurto_automotores": 660.0,
        "hurto_bicicletas": 415.0,
        "hurto_comercio": 3902.0,
        "hurto_entidades": 942.0,
        "violencia_intrafam": 3177.0,
        "delitos_sexuales": 716.0,
        "pct_no_oficial": 57.85,
        "n_sedes_total": 121,
        "n_sedes_no_oficial": 70
      }
    },
    {
      "type": "Feature",
      "geometry": {
        "type": "Point",
        "coordinates": [
          -74.074110000315,
          4.695959999743542
        ]
      },
      "properties": {
        "DANE12_EST": "111001015776",
        "id_establecimiento": "111001015776",
        "nombre_establecimiento": "COLEGIO INSTITUTO TECNICO DISTRITAL JULIO FLOREZ (IED)",
        "nombre_localidad": "Suba",
        "codigo_upz": "25",
        "nombre_upz": "LA FLORESTA",
        "estrato": "Estrato 3",
        "zona": "URBANA",
        "caracter_media": "Sin información",
        "lon": -74.074110000315,
        "lat": 4.695959999743542,
        "codigo_localidad": "11",
        "q_j": 275.25,
        "puntaje_2023": 280.77,
        "punt_global_2020": 265.95,
        "punt_global_2022": 279.03,
        "matricula_total": 1320.0,
        "demanda_total": 1429.0,
        "sobre_demanda_j": 1.0825757575757575,
        "n_hogares_muestra": 2265.0,
        "poblacion_expandida": 45216.0000056,
        "tasa_pobreza_monetaria": 0.0549408136189033,
        "tasa_pobreza_extrema": 0.027703713850072,
        "tasa_ipm": 0.0123993176382378,
        "ingreso_percapita_promedio": 3231226.191453756,
        "capacidad_pago_promedio": 0.0158855518004918,
        "tamano_hogar_promedio": 3.153935597035075,
        "gasto_educ_promedio": 1013371.1795132668,
        "tasa_deficit_cuantitativo": 0.0,
        "tasa_deficit_cualitativo": 0.029357251261403,
        "tasa_deficit_habitacional": 0.029357251261403,
        "pct_estrato_1": 0.0,
        "pct_estrato_2": 0.0,
        "pct_estrato_3": 0.1341276523365376,
        "pct_estrato_4": 0.8165314216898315,
        "pct_estrato_5": 0.0382935770852254,
        "pct_estrato_6": 0.0098636580313332,
        "s0_localidad": 0.5228297059197053,
        "dist_transmilenio_m": 597.17851601744,
        "dist_sitp_m": 25.39459594099553,
        "dist_parque_m": 145.8021465989776,
        "homicidios": 143.0,
        "lesiones_personales": 4117.0,
        "hurto_personas": 47285.0,
        "hurto_residencias": 5010.0,
        "hurto_automotores": 938.0,
        "hurto_bicicletas": 2774.0,
        "hurto_comercio": 12600.0,
        "hurto_entidades": 1324.0,
        "violencia_intrafam": 8047.0,
        "delitos_sexuales": 1387.0,
        "pct_no_oficial": 80.22,
        "n_sedes_total": 364,
        "n_sedes_no_oficial": 292
      }
    },
    {
      "type": "Feature",
      "geometry": {
        "type": "Point",
        "coordinates": [
          -74.09911999973345,
          4.708840000056325
        ]
      },
      "properties": {
        "DANE12_EST": "111001015806",
        "id_establecimiento": "111001015806",
        "nombre_establecimiento": "COLEGIO JORGE GAITAN CORTES (IED)",
        "nombre_localidad": "Engativa",
        "codigo_upz": "29",
        "nombre_upz": "EL MINUTO DE DIOS",
        "estrato": "Estrato 3",
        "zona": "URBANA",
        "caracter_media": "Sin información",
        "lon": -74.09911999973345,
        "lat": 4.708840000056325,
        "codigo_localidad": "10",
        "q_j": 272.09666666666664,
        "puntaje_2023": 267.18,
        "punt_global_2020": 272.1,
        "punt_global_2022": 277.01,
        "matricula_total": 1153.0,
        "demanda_total": 1280.0,
        "sobre_demanda_j": 1.1101474414570685,
        "n_hogares_muestra": 2166.0,
        "poblacion_expandida": 110558.9999976,
        "tasa_pobreza_monetaria": 0.2692590366016898,
        "tasa_pobreza_extrema": 0.0975325126098651,
        "tasa_ipm": 0.0328496863953078,
        "ingreso_percapita_promedio": 931557.4989917966,
        "capacidad_pago_promedio": 0.2136129795540179,
        "tamano_hogar_promedio": 3.338568307222501,
        "gasto_educ_promedio": 241862.3459379892,
        "tasa_deficit_cuantitativo": 0.0077472086028147,
        "tasa_deficit_cualitativo": 0.0799938505032786,
        "tasa_deficit_habitacional": 0.0877410591060933,
        "pct_estrato_1": 0.0179532449736619,
        "pct_estrato_2": 0.3193885602788242,
        "pct_estrato_3": 0.6621872301376571,
        "pct_estrato_4": 0.0004709646098565,
        "pct_estrato_5": 0.0,
        "pct_estrato_6": 0.0,
        "s0_localidad": 0.45908732785239414,
        "dist_transmilenio_m": 718.6686820804524,
        "dist_sitp_m": 223.01533532141028,
        "dist_parque_m": 67.10155009109008,
        "homicidios": 114.0,
        "lesiones_personales": 3260.0,
        "hurto_personas": 44584.0,
        "hurto_residencias": 4694.0,
        "hurto_automotores": 1548.0,
        "hurto_bicicletas": 2840.0,
        "hurto_comercio": 11724.0,
        "hurto_entidades": 1616.0,
        "violencia_intrafam": 6497.0,
        "delitos_sexuales": 1001.0,
        "pct_no_oficial": 73.15,
        "n_sedes_total": 257,
        "n_sedes_no_oficial": 188
      }
    },
    {
      "type": "Feature",
      "geometry": {
        "type": "Point",
        "coordinates": [
          -74.103819999673,
          4.707700000069245
        ]
      },
      "properties": {
        "DANE12_EST": "111001015814",
        "id_establecimiento": "111001015814",
        "nombre_establecimiento": "COLEGIO REPUBLICA DE CHINA (IED)",
        "nombre_localidad": "Engativa",
        "codigo_upz": "29",
        "nombre_upz": "EL MINUTO DE DIOS",
        "estrato": "Estrato 3",
        "zona": "URBANA",
        "caracter_media": "Académico",
        "lon": -74.103819999673,
        "lat": 4.707700000069245,
        "codigo_localidad": "10",
        "q_j": 261.6766666666667,
        "puntaje_2023": 267.6,
        "punt_global_2020": 257.33,
        "punt_global_2022": 260.1,
        "matricula_total": 1834.0,
        "demanda_total": 2014.0,
        "sobre_demanda_j": 1.09814612868048,
        "n_hogares_muestra": 2166.0,
        "poblacion_expandida": 110558.9999976,
        "tasa_pobreza_monetaria": 0.2692590366016898,
        "tasa_pobreza_extrema": 0.0975325126098651,
        "tasa_ipm": 0.0328496863953078,
        "ingreso_percapita_promedio": 931557.4989917966,
        "capacidad_pago_promedio": 0.2136129795540179,
        "tamano_hogar_promedio": 3.338568307222501,
        "gasto_educ_promedio": 241862.3459379892,
        "tasa_deficit_cuantitativo": 0.0077472086028147,
        "tasa_deficit_cualitativo": 0.0799938505032786,
        "tasa_deficit_habitacional": 0.0877410591060933,
        "pct_estrato_1": 0.0179532449736619,
        "pct_estrato_2": 0.3193885602788242,
        "pct_estrato_3": 0.6621872301376571,
        "pct_estrato_4": 0.0004709646098565,
        "pct_estrato_5": 0.0,
        "pct_estrato_6": 0.0,
        "s0_localidad": 0.45908732785239414,
        "dist_transmilenio_m": 347.41021056320517,
        "dist_sitp_m": 39.39276911062405,
        "dist_parque_m": 51.186337278630646,
        "homicidios": 114.0,
        "lesiones_personales": 3260.0,
        "hurto_personas": 44584.0,
        "hurto_residencias": 4694.0,
        "hurto_automotores": 1548.0,
        "hurto_bicicletas": 2840.0,
        "hurto_comercio": 11724.0,
        "hurto_entidades": 1616.0,
        "violencia_intrafam": 6497.0,
        "delitos_sexuales": 1001.0,
        "pct_no_oficial": 73.15,
        "n_sedes_total": 257,
        "n_sedes_no_oficial": 188
      }
    },
    {
      "type": "Feature",
      "geometry": {
        "type": "Point",
        "coordinates": [
          -74.08802000016287,
          4.566780000207539
        ]
      },
      "properties": {
        "DANE12_EST": "111001015903",
        "id_establecimiento": "111001015903",
        "nombre_establecimiento": "COLEGIO MONTEBELLO (IED)",
        "nombre_localidad": "San Cristobal",
        "codigo_upz": "34",
        "nombre_upz": "20 DE JULIO",
        "estrato": "Estrato 3",
        "zona": "URBANA",
        "caracter_media": "Académico",
        "lon": -74.08802000016287,
        "lat": 4.566780000207539,
        "codigo_localidad": "04",
        "q_j": 240.51333333333332,
        "puntaje_2023": 244.25,
        "punt_global_2020": 243.25,
        "punt_global_2022": 234.04,
        "matricula_total": 1441.0,
        "demanda_total": 1590.0,
        "sobre_demanda_j": 1.1034004163775155,
        "n_hogares_muestra": 2665.0,
        "poblacion_expandida": 80466.0000003,
        "tasa_pobreza_monetaria": 0.4363819277268546,
        "tasa_pobreza_extrema": 0.137425840822941,
        "tasa_ipm": 0.0554644456277603,
        "ingreso_percapita_promedio": 664284.9107945563,
        "capacidad_pago_promedio": 0.4244786661940777,
        "tamano_hogar_promedio": 3.780272207728306,
        "gasto_educ_promedio": 225987.00528337804,
        "tasa_deficit_cuantitativo": 0.0122805236733069,
        "tasa_deficit_cualitativo": 0.1420960154805429,
        "tasa_deficit_habitacional": 0.1543765391538499,
        "pct_estrato_1": 0.0010078821912322,
        "pct_estrato_2": 0.6878733674420704,
        "pct_estrato_3": 0.3111187503666972,
        "pct_estrato_4": 0.0,
        "pct_estrato_5": 0.0,
        "pct_estrato_6": 0.0,
        "s0_localidad": 0.24275340378588084,
        "dist_transmilenio_m": 1003.2652660055626,
        "dist_sitp_m": 38.39940087199014,
        "dist_parque_m": 31.147695272837744,
        "homicidios": 113.0,
        "lesiones_personales": 2653.0,
        "hurto_personas": 11264.0,
        "hurto_residencias": 1302.0,
        "hurto_automotores": 438.0,
        "hurto_bicicletas": 251.0,
        "hurto_comercio": 3279.0,
        "hurto_entidades": 810.0,
        "violencia_intrafam": 4309.0,
        "delitos_sexuales": 811.0,
        "pct_no_oficial": 49.61,
        "n_sedes_total": 129,
        "n_sedes_no_oficial": 64
      }
    },
    {
      "type": "Feature",
      "geometry": {
        "type": "Point",
        "coordinates": [
          -74.08474000043061,
          4.552699999851304
        ]
      },
      "properties": {
        "DANE12_EST": "111001015911",
        "id_establecimiento": "111001015911",
        "nombre_establecimiento": "COLEGIO LOS ALPES (IED)",
        "nombre_localidad": "San Cristobal",
        "codigo_upz": "32",
        "nombre_upz": "SAN BLAS",
        "estrato": "Estrato 2",
        "zona": "URBANA",
        "caracter_media": "Académico - Técnico",
        "lon": -74.08474000043061,
        "lat": 4.552699999851304,
        "codigo_localidad": "04",
        "q_j": 231.29333333333332,
        "puntaje_2023": 233.18,
        "punt_global_2020": 227.23,
        "punt_global_2022": 233.47,
        "matricula_total": 2840.0,
        "demanda_total": 3348.0,
        "sobre_demanda_j": 1.1788732394366197,
        "n_hogares_muestra": 2576.0,
        "poblacion_expandida": 103547.9999957,
        "tasa_pobreza_monetaria": 0.5328157281076517,
        "tasa_pobreza_extrema": 0.1780459356836017,
        "tasa_ipm": 0.067906413079847,
        "ingreso_percapita_promedio": 549847.9861771726,
        "capacidad_pago_promedio": 0.5201909468810293,
        "tamano_hogar_promedio": 3.690522823849512,
        "gasto_educ_promedio": 137818.05261490447,
        "tasa_deficit_cuantitativo": 0.0341879814409453,
        "tasa_deficit_cualitativo": 0.1618981974832556,
        "tasa_deficit_habitacional": 0.196086178924201,
        "pct_estrato_1": 0.1275309686584809,
        "pct_estrato_2": 0.8581344944353343,
        "pct_estrato_3": 0.0083652084476375,
        "pct_estrato_4": 0.0,
        "pct_estrato_5": 0.0,
        "pct_estrato_6": 0.0,
        "s0_localidad": 0.24275340378588084,
        "dist_transmilenio_m": 1986.1112435822956,
        "dist_sitp_m": 136.8750743945264,
        "dist_parque_m": 157.46326770191294,
        "homicidios": 113.0,
        "lesiones_personales": 2653.0,
        "hurto_personas": 11264.0,
        "hurto_residencias": 1302.0,
        "hurto_automotores": 438.0,
        "hurto_bicicletas": 251.0,
        "hurto_comercio": 3279.0,
        "hurto_entidades": 810.0,
        "violencia_intrafam": 4309.0,
        "delitos_sexuales": 811.0,
        "pct_no_oficial": 49.61,
        "n_sedes_total": 129,
        "n_sedes_no_oficial": 64
      }
    },
    {
      "type": "Feature",
      "geometry": {
        "type": "Point",
        "coordinates": [
          -74.09219000037302,
          4.53044000034854
        ]
      },
      "properties": {
        "DANE12_EST": "111001016004",
        "id_establecimiento": "111001016004",
        "nombre_establecimiento": "COLEGIO LA BELLEZA LOS LIBERTADORES (IED)",
        "nombre_localidad": "San Cristobal",
        "codigo_upz": "51",
        "nombre_upz": "LOS LIBERTADORES",
        "estrato": "Estrato 2",
        "zona": "URBANA",
        "caracter_media": "Académico",
        "lon": -74.09219000037302,
        "lat": 4.53044000034854,
        "codigo_localidad": "04",
        "q_j": 247.95666666666668,
        "puntaje_2023": 257.31,
        "punt_global_2020": 239.8,
        "punt_global_2022": 246.76,
        "matricula_total": 910.0,
        "demanda_total": 964.0,
        "sobre_demanda_j": 1.0593406593406594,
        "n_hogares_muestra": 2692.0,
        "poblacion_expandida": 77733.99999669999,
        "tasa_pobreza_monetaria": 0.5265376983345458,
        "tasa_pobreza_extrema": 0.1756566622209029,
        "tasa_ipm": 0.0673617880364099,
        "ingreso_percapita_promedio": 552249.0706601833,
        "capacidad_pago_promedio": 0.5524742211712143,
        "tamano_hogar_promedio": 3.6592377897750734,
        "gasto_educ_promedio": 168187.30175970253,
        "tasa_deficit_cuantitativo": 0.0051636119898247,
        "tasa_deficit_cualitativo": 0.1867404524907536,
        "tasa_deficit_habitacional": 0.1919040644805784,
        "pct_estrato_1": 0.1949612933561038,
        "pct_estrato_2": 0.8018119887339643,
        "pct_estrato_3": 0.0,
        "pct_estrato_4": 0.0,
        "pct_estrato_5": 0.0,
        "pct_estrato_6": 0.0,
        "s0_localidad": 0.24275340378588084,
        "dist_transmilenio_m": 3018.488211361299,
        "dist_sitp_m": 108.09746082139533,
        "dist_parque_m": 64.15237769043452,
        "homicidios": 113.0,
        "lesiones_personales": 2653.0,
        "hurto_personas": 11264.0,
        "hurto_residencias": 1302.0,
        "hurto_automotores": 438.0,
        "hurto_bicicletas": 251.0,
        "hurto_comercio": 3279.0,
        "hurto_entidades": 810.0,
        "violencia_intrafam": 4309.0,
        "delitos_sexuales": 811.0,
        "pct_no_oficial": 49.61,
        "n_sedes_total": 129,
        "n_sedes_no_oficial": 64
      }
    },
    {
      "type": "Feature",
      "geometry": {
        "type": "Point",
        "coordinates": [
          -74.12112999980206,
          4.518860000343001
        ]
      },
      "properties": {
        "DANE12_EST": "111001016039",
        "id_establecimiento": "111001016039",
        "nombre_establecimiento": "COLEGIO ORLANDO FALS BORDA (IED)",
        "nombre_localidad": "Usme",
        "codigo_upz": "57",
        "nombre_upz": "GRAN YOMASA",
        "estrato": "Estrato 2",
        "zona": "URBANA",
        "caracter_media": "Académico",
        "lon": -74.12112999980206,
        "lat": 4.518860000343001,
        "codigo_localidad": "05",
        "q_j": 254.54333333333332,
        "puntaje_2023": 258.46,
        "punt_global_2020": 253.31,
        "punt_global_2022": 251.86,
        "matricula_total": 1696.0,
        "demanda_total": 1795.0,
        "sobre_demanda_j": 1.0583726415094339,
        "n_hogares_muestra": 2440.0,
        "poblacion_expandida": 131329.99999830002,
        "tasa_pobreza_monetaria": 0.5375758554741024,
        "tasa_pobreza_extrema": 0.170500226653391,
        "tasa_ipm": 0.0997707066661814,
        "ingreso_percapita_promedio": 546453.4732746364,
        "capacidad_pago_promedio": 0.5369657626400125,
        "tamano_hogar_promedio": 3.6829561057356353,
        "gasto_educ_promedio": 131619.82020471324,
        "tasa_deficit_cuantitativo": 0.0094164735347293,
        "tasa_deficit_cualitativo": 0.1714038156094676,
        "tasa_deficit_habitacional": 0.180820289144197,
        "pct_estrato_1": 0.2132961951988319,
        "pct_estrato_2": 0.7829697168463492,
        "pct_estrato_3": 0.0033905540356793,
        "pct_estrato_4": 0.0,
        "pct_estrato_5": 0.0,
        "pct_estrato_6": 0.0,
        "s0_localidad": 0.1806550335776531,
        "dist_transmilenio_m": 1442.304271851612,
        "dist_sitp_m": 118.20010849685211,
        "dist_parque_m": 150.08530496423592,
        "homicidios": 171.0,
        "lesiones_personales": 2562.0,
        "hurto_personas": 8404.0,
        "hurto_residencias": 1452.0,
        "hurto_automotores": 311.0,
        "hurto_bicicletas": 146.0,
        "hurto_comercio": 2308.0,
        "hurto_entidades": 623.0,
        "violencia_intrafam": 3963.0,
        "delitos_sexuales": 923.0,
        "pct_no_oficial": 33.03,
        "n_sedes_total": 109,
        "n_sedes_no_oficial": 36
      }
    },
    {
      "type": "Feature",
      "geometry": {
        "type": "Point",
        "coordinates": [
          -74.15294999982865,
          4.63357000043615
        ]
      },
      "properties": {
        "DANE12_EST": "111001016071",
        "id_establecimiento": "111001016071",
        "nombre_establecimiento": "COLEGIO ISABEL II (IED)",
        "nombre_localidad": "Kennedy",
        "codigo_upz": "46",
        "nombre_upz": "CASTILLA",
        "estrato": "Estrato 3",
        "zona": "URBANA",
        "caracter_media": "Académico",
        "lon": -74.15294999982865,
        "lat": 4.63357000043615,
        "codigo_localidad": "08",
        "q_j": 262.19666666666666,
        "puntaje_2023": 272.54,
        "punt_global_2020": 258.03,
        "punt_global_2022": 256.02,
        "matricula_total": 2271.0,
        "demanda_total": 2563.0,
        "sobre_demanda_j": 1.1285777190664905,
        "n_hogares_muestra": null,
        "poblacion_expandida": null,
        "tasa_pobreza_monetaria": null,
        "tasa_pobreza_extrema": null,
        "tasa_ipm": null,
        "ingreso_percapita_promedio": null,
        "capacidad_pago_promedio": null,
        "tamano_hogar_promedio": null,
        "gasto_educ_promedio": null,
        "tasa_deficit_cuantitativo": null,
        "tasa_deficit_cualitativo": null,
        "tasa_deficit_habitacional": null,
        "pct_estrato_1": null,
        "pct_estrato_2": null,
        "pct_estrato_3": null,
        "pct_estrato_4": null,
        "pct_estrato_5": null,
        "pct_estrato_6": null,
        "s0_localidad": 0.3719221758740453,
        "dist_transmilenio_m": 119.93211720588036,
        "dist_sitp_m": 86.0729625548073,
        "dist_parque_m": 223.96410512025633,
        "homicidios": 277.0,
        "lesiones_personales": 5216.0,
        "hurto_personas": 45928.0,
        "hurto_residencias": 4574.0,
        "hurto_automotores": 2662.0,
        "hurto_bicicletas": 2842.0,
        "hurto_comercio": 11829.0,
        "hurto_entidades": 2994.0,
        "violencia_intrafam": 8341.0,
        "delitos_sexuales": 1353.0,
        "pct_no_oficial": 70.99,
        "n_sedes_total": 262,
        "n_sedes_no_oficial": 186
      }
    },
    {
      "type": "Feature",
      "geometry": {
        "type": "Point",
        "coordinates": [
          -74.13613000014435,
          4.604959999800296
        ]
      },
      "properties": {
        "DANE12_EST": "111001016098",
        "id_establecimiento": "111001016098",
        "nombre_establecimiento": "COLEGIO ALQUERIA DE LA FRAGUA (IED)",
        "nombre_localidad": "Kennedy",
        "codigo_upz": "45",
        "nombre_upz": "CARVAJAL",
        "estrato": "Estrato 2",
        "zona": "URBANA",
        "caracter_media": "Académico",
        "lon": -74.13613000014435,
        "lat": 4.604959999800296,
        "codigo_localidad": "08",
        "q_j": 274.0466666666667,
        "puntaje_2023": 280.0,
        "punt_global_2020": 268.5,
        "punt_global_2022": 273.64,
        "matricula_total": 812.0,
        "demanda_total": 902.0,
        "sobre_demanda_j": 1.1108374384236452,
        "n_hogares_muestra": 2469.0,
        "poblacion_expandida": 89478.99999850002,
        "tasa_pobreza_monetaria": 0.3244571207253845,
        "tasa_pobreza_extrema": 0.0858933149848438,
        "tasa_ipm": 0.0412676531975312,
        "ingreso_percapita_promedio": 878070.4397056228,
        "capacidad_pago_promedio": 0.2447215180306784,
        "tamano_hogar_promedio": 3.5037879078024523,
        "gasto_educ_promedio": 248400.2587333203,
        "tasa_deficit_cuantitativo": 0.0109272029684774,
        "tasa_deficit_cualitativo": 0.1160162726580987,
        "tasa_deficit_habitacional": 0.1269434756265762,
        "pct_estrato_1": 0.0132996693963941,
        "pct_estrato_2": 0.2811856988647813,
        "pct_estrato_3": 0.7055146317388243,
        "pct_estrato_4": 0.0,
        "pct_estrato_5": 0.0,
        "pct_estrato_6": 0.0,
        "s0_localidad": 0.3719221758740453,
        "dist_transmilenio_m": 1206.4271180398373,
        "dist_sitp_m": 11.69845428020301,
        "dist_parque_m": 215.33039783663753,
        "homicidios": 277.0,
        "lesiones_personales": 5216.0,
        "hurto_personas": 45928.0,
        "hurto_residencias": 4574.0,
        "hurto_automotores": 2662.0,
        "hurto_bicicletas": 2842.0,
        "hurto_comercio": 11829.0,
        "hurto_entidades": 2994.0,
        "violencia_intrafam": 8341.0,
        "delitos_sexuales": 1353.0,
        "pct_no_oficial": 70.99,
        "n_sedes_total": 262,
        "n_sedes_no_oficial": 186
      }
    },
    {
      "type": "Feature",
      "geometry": {
        "type": "Point",
        "coordinates": [
          -74.15820999963486,
          4.617470000569248
        ]
      },
      "properties": {
        "DANE12_EST": "111001016101",
        "id_establecimiento": "111001016101",
        "nombre_establecimiento": "COLEGIO LOS PERIODISTAS (IED)",
        "nombre_localidad": "Kennedy",
        "codigo_upz": "47",
        "nombre_upz": "KENNEDY CENTRAL",
        "estrato": "Estrato 3",
        "zona": "URBANA",
        "caracter_media": "Académico",
        "lon": -74.15820999963486,
        "lat": 4.617470000569248,
        "codigo_localidad": "08",
        "q_j": 274.7633333333333,
        "puntaje_2023": 273.08,
        "punt_global_2020": 275.24,
        "punt_global_2022": 275.97,
        "matricula_total": 1421.0,
        "demanda_total": 1483.0,
        "sobre_demanda_j": 1.043631245601689,
        "n_hogares_muestra": 2378.0,
        "poblacion_expandida": 93575.0000042,
        "tasa_pobreza_monetaria": 0.2672083143134141,
        "tasa_pobreza_extrema": 0.0750444951042993,
        "tasa_ipm": 0.0337154060310809,
        "ingreso_percapita_promedio": 926690.9510180312,
        "capacidad_pago_promedio": 0.1664851532866766,
        "tamano_hogar_promedio": 3.513604109073394,
        "gasto_educ_promedio": 259520.21119855996,
        "tasa_deficit_cuantitativo": 0.0040550762701893,
        "tasa_deficit_cualitativo": 0.0744366713148529,
        "tasa_deficit_habitacional": 0.0784917475850423,
        "pct_estrato_1": 0.0010352239550697,
        "pct_estrato_2": 0.0074430445350653,
        "pct_estrato_3": 0.9915217315098648,
        "pct_estrato_4": 0.0,
        "pct_estrato_5": 0.0,
        "pct_estrato_6": 0.0,
        "s0_localidad": 0.3719221758740453,
        "dist_transmilenio_m": 1885.6013885560055,
        "dist_sitp_m": 103.16792423428626,
        "dist_parque_m": 78.12679018969362,
        "homicidios": 277.0,
        "lesiones_personales": 5216.0,
        "hurto_personas": 45928.0,
        "hurto_residencias": 4574.0,
        "hurto_automotores": 2662.0,
        "hurto_bicicletas": 2842.0,
        "hurto_comercio": 11829.0,
        "hurto_entidades": 2994.0,
        "violencia_intrafam": 8341.0,
        "delitos_sexuales": 1353.0,
        "pct_no_oficial": 70.99,
        "n_sedes_total": 262,
        "n_sedes_no_oficial": 186
      }
    },
    {
      "type": "Feature",
      "geometry": {
        "type": "Point",
        "coordinates": [
          -74.14855000036304,
          4.603769999715637
        ]
      },
      "properties": {
        "DANE12_EST": "111001016136",
        "id_establecimiento": "111001016136",
        "nombre_establecimiento": "COLEGIO LA CHUCUA (IED)",
        "nombre_localidad": "Kennedy",
        "codigo_upz": "48",
        "nombre_upz": "TIMIZA",
        "estrato": "Estrato 2",
        "zona": "URBANA",
        "caracter_media": "Académico",
        "lon": -74.14855000036304,
        "lat": 4.603769999715637,
        "codigo_localidad": "08",
        "q_j": 263.66333333333336,
        "puntaje_2023": 264.62,
        "punt_global_2020": 261.64,
        "punt_global_2022": 264.73,
        "matricula_total": 1590.0,
        "demanda_total": 1693.0,
        "sobre_demanda_j": 1.0647798742138366,
        "n_hogares_muestra": 2432.0,
        "poblacion_expandida": 140406.00000220002,
        "tasa_pobreza_monetaria": 0.3392972321151057,
        "tasa_pobreza_extrema": 0.1338840227747066,
        "tasa_ipm": 0.0317013659482519,
        "ingreso_percapita_promedio": 896426.5836674817,
        "capacidad_pago_promedio": 0.2768039610557314,
        "tamano_hogar_promedio": 3.5291548518092943,
        "gasto_educ_promedio": 246574.6721411968,
        "tasa_deficit_cuantitativo": 0.0067183660739941,
        "tasa_deficit_cualitativo": 0.0935675342570413,
        "tasa_deficit_habitacional": 0.1002859003310355,
        "pct_estrato_1": 0.0114865100478236,
        "pct_estrato_2": 0.2780580974943255,
        "pct_estrato_3": 0.7104553924578507,
        "pct_estrato_4": 0.0,
        "pct_estrato_5": 0.0,
        "pct_estrato_6": 0.0,
        "s0_localidad": 0.3719221758740453,
        "dist_transmilenio_m": 971.5001109861535,
        "dist_sitp_m": 21.893625075903294,
        "dist_parque_m": 109.88661984984523,
        "homicidios": 277.0,
        "lesiones_personales": 5216.0,
        "hurto_personas": 45928.0,
        "hurto_residencias": 4574.0,
        "hurto_automotores": 2662.0,
        "hurto_bicicletas": 2842.0,
        "hurto_comercio": 11829.0,
        "hurto_entidades": 2994.0,
        "violencia_intrafam": 8341.0,
        "delitos_sexuales": 1353.0,
        "pct_no_oficial": 70.99,
        "n_sedes_total": 262,
        "n_sedes_no_oficial": 186
      }
    },
    {
      "type": "Feature",
      "geometry": {
        "type": "Point",
        "coordinates": [
          -74.07946999968033,
          4.6151500000546575
        ]
      },
      "properties": {
        "DANE12_EST": "111001016250",
        "id_establecimiento": "111001016250",
        "nombre_establecimiento": "COLEGIO REPUBLICA BOLIVARIANA DE VENEZUELA (IED)",
        "nombre_localidad": "Los Martires",
        "codigo_upz": "102",
        "nombre_upz": "LA SABANA",
        "estrato": "Estrato 3",
        "zona": "URBANA",
        "caracter_media": "Académico",
        "lon": -74.07946999968033,
        "lat": 4.6151500000546575,
        "codigo_localidad": "14",
        "q_j": 245.73666666666668,
        "puntaje_2023": 245.0,
        "punt_global_2020": 252.95,
        "punt_global_2022": 239.26,
        "matricula_total": 741.0,
        "demanda_total": 951.0,
        "sobre_demanda_j": 1.2834008097165992,
        "n_hogares_muestra": 2165.0,
        "poblacion_expandida": 39295.0,
        "tasa_pobreza_monetaria": 0.4324740129100394,
        "tasa_pobreza_extrema": 0.1580202324697798,
        "tasa_ipm": 0.1044810492250922,
        "ingreso_percapita_promedio": 862033.7606376254,
        "capacidad_pago_promedio": 0.3752397003969971,
        "tamano_hogar_promedio": 3.334361474559104,
        "gasto_educ_promedio": 238742.41054684692,
        "tasa_deficit_cuantitativo": 0.02678919004199,
        "tasa_deficit_cualitativo": 0.21042827307291,
        "tasa_deficit_habitacional": 0.2372174631149001,
        "pct_estrato_1": 0.0017800902913856,
        "pct_estrato_2": 0.2632160191322051,
        "pct_estrato_3": 0.6492448415421809,
        "pct_estrato_4": 0.0832601198065911,
        "pct_estrato_5": 0.0,
        "pct_estrato_6": 0.0,
        "s0_localidad": 0.38962747752475235,
        "dist_transmilenio_m": 686.3856804587803,
        "dist_sitp_m": 91.35933961638983,
        "dist_parque_m": 158.70025088056659,
        "homicidios": 125.0,
        "lesiones_personales": 1566.0,
        "hurto_personas": 18260.0,
        "hurto_residencias": 709.0,
        "hurto_automotores": 275.0,
        "hurto_bicicletas": 493.0,
        "hurto_comercio": 4878.0,
        "hurto_entidades": 317.0,
        "violencia_intrafam": 1250.0,
        "delitos_sexuales": 516.0,
        "pct_no_oficial": 58.33,
        "n_sedes_total": 36,
        "n_sedes_no_oficial": 21
      }
    },
    {
      "type": "Feature",
      "geometry": {
        "type": "Point",
        "coordinates": [
          -74.14077999985517,
          4.620249999853442
        ]
      },
      "properties": {
        "DANE12_EST": "111001016292",
        "id_establecimiento": "111001016292",
        "nombre_establecimiento": "COLEGIO KENNEDY (IED)",
        "nombre_localidad": "Kennedy",
        "codigo_upz": "44",
        "nombre_upz": "AMERICAS",
        "estrato": "Estrato 3",
        "zona": "URBANA",
        "caracter_media": "Académico",
        "lon": -74.14077999985517,
        "lat": 4.620249999853442,
        "codigo_localidad": "08",
        "q_j": 266.68333333333334,
        "puntaje_2023": 264.65,
        "punt_global_2020": 265.59,
        "punt_global_2022": 269.81,
        "matricula_total": 1765.0,
        "demanda_total": 1915.0,
        "sobre_demanda_j": 1.084985835694051,
        "n_hogares_muestra": 2293.0,
        "poblacion_expandida": 78905.0000038,
        "tasa_pobreza_monetaria": 0.1913804436027216,
        "tasa_pobreza_extrema": 0.0605666032022032,
        "tasa_ipm": 0.0305930336731987,
        "ingreso_percapita_promedio": 1418709.423643221,
        "capacidad_pago_promedio": 0.1056939969165244,
        "tamano_hogar_promedio": 3.2000151191894046,
        "gasto_educ_promedio": 460748.5768046597,
        "tasa_deficit_cuantitativo": 0.002565652499718,
        "tasa_deficit_cualitativo": 0.0453597074409433,
        "tasa_deficit_habitacional": 0.0479253599406613,
        "pct_estrato_1": 0.0010810755781749,
        "pct_estrato_2": 0.2089207125100576,
        "pct_estrato_3": 0.691704162941151,
        "pct_estrato_4": 0.0982940489706163,
        "pct_estrato_5": 0.0,
        "pct_estrato_6": 0.0,
        "s0_localidad": 0.3719221758740453,
        "dist_transmilenio_m": 1181.5814002249367,
        "dist_sitp_m": 120.41148024953978,
        "dist_parque_m": 79.77792268753663,
        "homicidios": 277.0,
        "lesiones_personales": 5216.0,
        "hurto_personas": 45928.0,
        "hurto_residencias": 4574.0,
        "hurto_automotores": 2662.0,
        "hurto_bicicletas": 2842.0,
        "hurto_comercio": 11829.0,
        "hurto_entidades": 2994.0,
        "violencia_intrafam": 8341.0,
        "delitos_sexuales": 1353.0,
        "pct_no_oficial": 70.99,
        "n_sedes_total": 262,
        "n_sedes_no_oficial": 186
      }
    },
    {
      "type": "Feature",
      "geometry": {
        "type": "Point",
        "coordinates": [
          -74.06124999988022,
          4.654350000248156
        ]
      },
      "properties": {
        "DANE12_EST": "111001016314",
        "id_establecimiento": "111001016314",
        "nombre_establecimiento": "COLEGIO SIMON RODRIGUEZ (IED)",
        "nombre_localidad": "Chapinero",
        "codigo_upz": "97",
        "nombre_upz": "CHICO LAGO",
        "estrato": "Estrato 4",
        "zona": "URBANA",
        "caracter_media": "Académico",
        "lon": -74.06124999988022,
        "lat": 4.654350000248156,
        "codigo_localidad": "02",
        "q_j": 255.2266666666667,
        "puntaje_2023": 258.85,
        "punt_global_2020": 240.94,
        "punt_global_2022": 265.89,
        "matricula_total": 859.0,
        "demanda_total": 1007.0,
        "sobre_demanda_j": 1.1722933643771827,
        "n_hogares_muestra": null,
        "poblacion_expandida": null,
        "tasa_pobreza_monetaria": null,
        "tasa_pobreza_extrema": null,
        "tasa_ipm": null,
        "ingreso_percapita_promedio": null,
        "capacidad_pago_promedio": null,
        "tamano_hogar_promedio": null,
        "gasto_educ_promedio": null,
        "tasa_deficit_cuantitativo": null,
        "tasa_deficit_cualitativo": null,
        "tasa_deficit_habitacional": null,
        "pct_estrato_1": null,
        "pct_estrato_2": null,
        "pct_estrato_3": null,
        "pct_estrato_4": null,
        "pct_estrato_5": null,
        "pct_estrato_6": null,
        "s0_localidad": 0.6150244423988847,
        "dist_transmilenio_m": 204.42847940054142,
        "dist_sitp_m": 58.50496129059702,
        "dist_parque_m": 154.18540372302087,
        "homicidios": 19.0,
        "lesiones_personales": 1161.0,
        "hurto_personas": 40215.0,
        "hurto_residencias": 1590.0,
        "hurto_automotores": 165.0,
        "hurto_bicicletas": 867.0,
        "hurto_comercio": 11047.0,
        "hurto_entidades": 141.0,
        "violencia_intrafam": 1300.0,
        "delitos_sexuales": 406.0,
        "pct_no_oficial": 73.08,
        "n_sedes_total": 26,
        "n_sedes_no_oficial": 19
      }
    },
    {
      "type": "Feature",
      "geometry": {
        "type": "Point",
        "coordinates": [
          -74.09223999970342,
          4.594189999954537
        ]
      },
      "properties": {
        "DANE12_EST": "111001016772",
        "id_establecimiento": "111001016772",
        "nombre_establecimiento": "COLEGIO SAN FRANCISCO DE ASIS (IED)",
        "nombre_localidad": "Los Martires",
        "codigo_upz": "37",
        "nombre_upz": "SANTA ISABEL",
        "estrato": "Sin estrato",
        "zona": "URBANA",
        "caracter_media": "Académico",
        "lon": -74.09223999970342,
        "lat": 4.594189999954537,
        "codigo_localidad": "14",
        "q_j": null,
        "puntaje_2023": null,
        "punt_global_2020": null,
        "punt_global_2022": null,
        "matricula_total": 1184.0,
        "demanda_total": 1305.0,
        "sobre_demanda_j": 1.102195945945946,
        "n_hogares_muestra": 2571.0,
        "poblacion_expandida": 44107.0000027,
        "tasa_pobreza_monetaria": 0.340840705275347,
        "tasa_pobreza_extrema": 0.1519588276189655,
        "tasa_ipm": 0.0484573436907784,
        "ingreso_percapita_promedio": 980293.8746904637,
        "capacidad_pago_promedio": 0.1805995986762278,
        "tamano_hogar_promedio": 3.165869700509038,
        "gasto_educ_promedio": 281465.307176558,
        "tasa_deficit_cuantitativo": 0.0344442950893735,
        "tasa_deficit_cualitativo": 0.1517103768628649,
        "tasa_deficit_habitacional": 0.1861546719522384,
        "pct_estrato_1": 0.0,
        "pct_estrato_2": 0.0117304708927908,
        "pct_estrato_3": 0.9882695291072092,
        "pct_estrato_4": 0.0,
        "pct_estrato_5": 0.0,
        "pct_estrato_6": 0.0,
        "s0_localidad": 0.38962747752475235,
        "dist_transmilenio_m": 432.43971990127056,
        "dist_sitp_m": 153.0058589516575,
        "dist_parque_m": 62.61803976348773,
        "homicidios": 125.0,
        "lesiones_personales": 1566.0,
        "hurto_personas": 18260.0,
        "hurto_residencias": 709.0,
        "hurto_automotores": 275.0,
        "hurto_bicicletas": 493.0,
        "hurto_comercio": 4878.0,
        "hurto_entidades": 317.0,
        "violencia_intrafam": 1250.0,
        "delitos_sexuales": 516.0,
        "pct_no_oficial": 58.33,
        "n_sedes_total": 36,
        "n_sedes_no_oficial": 21
      }
    },
    {
      "type": "Feature",
      "geometry": {
        "type": "Point",
        "coordinates": [
          -74.08321999976589,
          4.686640000154342
        ]
      },
      "properties": {
        "DANE12_EST": "111001017795",
        "id_establecimiento": "111001017795",
        "nombre_establecimiento": "COLEGIO MAGDALENA ORTEGA DE NARIÑO (IED)",
        "nombre_localidad": "Engativa",
        "codigo_upz": "26",
        "nombre_upz": "LAS FERIAS",
        "estrato": "Estrato 3",
        "zona": "URBANA",
        "caracter_media": "Académico",
        "lon": -74.08321999976589,
        "lat": 4.686640000154342,
        "codigo_localidad": "10",
        "q_j": 269.0,
        "puntaje_2023": 268.67,
        "punt_global_2020": 268.42,
        "punt_global_2022": 269.91,
        "matricula_total": 1620.0,
        "demanda_total": 1781.0,
        "sobre_demanda_j": 1.0993827160493828,
        "n_hogares_muestra": 2278.0,
        "poblacion_expandida": 100930.0000018,
        "tasa_pobreza_monetaria": 0.2695353069029509,
        "tasa_pobreza_extrema": 0.1010484491223433,
        "tasa_ipm": 0.0367254991106102,
        "ingreso_percapita_promedio": 1186126.366683503,
        "capacidad_pago_promedio": 0.2239212238293564,
        "tamano_hogar_promedio": 3.368175820974312,
        "gasto_educ_promedio": 317577.5411351805,
        "tasa_deficit_cuantitativo": 0.0013346152224075,
        "tasa_deficit_cualitativo": 0.0942891977967926,
        "tasa_deficit_habitacional": 0.0956238130192002,
        "pct_estrato_1": 0.0025422399444706,
        "pct_estrato_2": 0.0034884438699467,
        "pct_estrato_3": 0.9314214547896904,
        "pct_estrato_4": 0.0625478613958923,
        "pct_estrato_5": 0.0,
        "pct_estrato_6": 0.0,
        "s0_localidad": 0.45908732785239414,
        "dist_transmilenio_m": 278.3963155088643,
        "dist_sitp_m": 149.6133699822032,
        "dist_parque_m": 255.34899403329277,
        "homicidios": 114.0,
        "lesiones_personales": 3260.0,
        "hurto_personas": 44584.0,
        "hurto_residencias": 4694.0,
        "hurto_automotores": 1548.0,
        "hurto_bicicletas": 2840.0,
        "hurto_comercio": 11724.0,
        "hurto_entidades": 1616.0,
        "violencia_intrafam": 6497.0,
        "delitos_sexuales": 1001.0,
        "pct_no_oficial": 73.15,
        "n_sedes_total": 257,
        "n_sedes_no_oficial": 188
      }
    },
    {
      "type": "Feature",
      "geometry": {
        "type": "Point",
        "coordinates": [
          -74.12074999986046,
          4.571960000411937
        ]
      },
      "properties": {
        "DANE12_EST": "111001018058",
        "id_establecimiento": "111001018058",
        "nombre_establecimiento": "COLEGIO ALEXANDER FLEMING (IED)",
        "nombre_localidad": "Rafael Uribe Uribe",
        "codigo_upz": "53",
        "nombre_upz": "MARCO FIDEL SUAREZ",
        "estrato": "Estrato 3",
        "zona": "URBANA",
        "caracter_media": "Académico",
        "lon": -74.12074999986046,
        "lat": 4.571960000411937,
        "codigo_localidad": "18",
        "q_j": 240.63666666666668,
        "puntaje_2023": 247.51,
        "punt_global_2020": 237.85,
        "punt_global_2022": 236.55,
        "matricula_total": 1737.0,
        "demanda_total": 1914.0,
        "sobre_demanda_j": 1.1018998272884284,
        "n_hogares_muestra": 2174.0,
        "poblacion_expandida": 47442.9999975,
        "tasa_pobreza_monetaria": 0.5827803477658865,
        "tasa_pobreza_extrema": 0.2234402638863183,
        "tasa_ipm": 0.1040373178142211,
        "ingreso_percapita_promedio": 555562.313298087,
        "capacidad_pago_promedio": 0.4649072076294137,
        "tamano_hogar_promedio": 3.0968267260932505,
        "gasto_educ_promedio": 112069.29148232724,
        "tasa_deficit_cuantitativo": 0.0160758053967959,
        "tasa_deficit_cualitativo": 0.1350306657049001,
        "tasa_deficit_habitacional": 0.1511064711016961,
        "pct_estrato_1": 0.0032091840188863,
        "pct_estrato_2": 0.7094701243634188,
        "pct_estrato_3": 0.2873206916176949,
        "pct_estrato_4": 0.0,
        "pct_estrato_5": 0.0,
        "pct_estrato_6": 0.0,
        "s0_localidad": 0.2741314328601635,
        "dist_transmilenio_m": 432.77222323585954,
        "dist_sitp_m": 111.21650545655461,
        "dist_parque_m": 162.40470105722406,
        "homicidios": 159.0,
        "lesiones_personales": 2500.0,
        "hurto_personas": 13897.0,
        "hurto_residencias": 1530.0,
        "hurto_automotores": 660.0,
        "hurto_bicicletas": 415.0,
        "hurto_comercio": 3902.0,
        "hurto_entidades": 942.0,
        "violencia_intrafam": 3177.0,
        "delitos_sexuales": 716.0,
        "pct_no_oficial": 57.85,
        "n_sedes_total": 121,
        "n_sedes_no_oficial": 70
      }
    },
    {
      "type": "Feature",
      "geometry": {
        "type": "Point",
        "coordinates": [
          -74.12483999970466,
          4.5600699997980305
        ]
      },
      "properties": {
        "DANE12_EST": "111001018201",
        "id_establecimiento": "111001018201",
        "nombre_establecimiento": "COLEGIO RUFINO JOSE CUERVO (IED)",
        "nombre_localidad": "Tunjuelito",
        "codigo_upz": "62",
        "nombre_upz": "TUNJUELITO",
        "estrato": "Estrato 2",
        "zona": "URBANA",
        "caracter_media": "Técnico",
        "lon": -74.12483999970466,
        "lat": 4.5600699997980305,
        "codigo_localidad": "06",
        "q_j": 259.31666666666666,
        "puntaje_2023": 260.0,
        "punt_global_2020": 258.57,
        "punt_global_2022": 259.38,
        "matricula_total": 2435.0,
        "demanda_total": 2628.0,
        "sobre_demanda_j": 1.0792607802874743,
        "n_hogares_muestra": 2412.0,
        "poblacion_expandida": 41091.0000058,
        "tasa_pobreza_monetaria": 0.6075462272779011,
        "tasa_pobreza_extrema": 0.2515357792713999,
        "tasa_ipm": 0.0880169398600545,
        "ingreso_percapita_promedio": 496094.149913777,
        "capacidad_pago_promedio": 0.5782026670182382,
        "tamano_hogar_promedio": 3.417757078907231,
        "gasto_educ_promedio": 142088.0763667548,
        "tasa_deficit_cuantitativo": 0.0222044781648344,
        "tasa_deficit_cualitativo": 0.2396689260667766,
        "tasa_deficit_habitacional": 0.2618734042316112,
        "pct_estrato_1": 0.0,
        "pct_estrato_2": 0.9782259668230582,
        "pct_estrato_3": 0.0213541955483231,
        "pct_estrato_4": 0.0,
        "pct_estrato_5": 0.0,
        "pct_estrato_6": 0.0,
        "s0_localidad": 0.24596233549441804,
        "dist_transmilenio_m": 108.51394806456153,
        "dist_sitp_m": 108.5607088996444,
        "dist_parque_m": 185.1900527079606,
        "homicidios": 67.0,
        "lesiones_personales": 1311.0,
        "hurto_personas": 8872.0,
        "hurto_residencias": 687.0,
        "hurto_automotores": 293.0,
        "hurto_bicicletas": 367.0,
        "hurto_comercio": 2403.0,
        "hurto_entidades": 312.0,
        "violencia_intrafam": 1641.0,
        "delitos_sexuales": 328.0,
        "pct_no_oficial": 64.29,
        "n_sedes_total": 70,
        "n_sedes_no_oficial": 45
      }
    },
    {
      "type": "Feature",
      "geometry": {
        "type": "Point",
        "coordinates": [
          -74.10093999997379,
          4.559330000415492
        ]
      },
      "properties": {
        "DANE12_EST": "111001018252",
        "id_establecimiento": "111001018252",
        "nombre_establecimiento": "COLEGIO JOSE MARIA CARBONELL (IED)",
        "nombre_localidad": "San Cristobal",
        "codigo_upz": "33",
        "nombre_upz": "SOSIEGO",
        "estrato": "Estrato 2",
        "zona": "URBANA",
        "caracter_media": "Académico",
        "lon": -74.10093999997379,
        "lat": 4.559330000415492,
        "codigo_localidad": "04",
        "q_j": 245.21333333333334,
        "puntaje_2023": 250.38,
        "punt_global_2020": 230.78,
        "punt_global_2022": 254.48,
        "matricula_total": 771.0,
        "demanda_total": 807.0,
        "sobre_demanda_j": 1.046692607003891,
        "n_hogares_muestra": 2142.0,
        "poblacion_expandida": 44028.000002,
        "tasa_pobreza_monetaria": 0.2922676293157868,
        "tasa_pobreza_extrema": 0.1048946791993779,
        "tasa_ipm": 0.0383286416353989,
        "ingreso_percapita_promedio": 1027486.805516976,
        "capacidad_pago_promedio": 0.1922017177186244,
        "tamano_hogar_promedio": 3.490771427982612,
        "gasto_educ_promedio": 308150.2784604551,
        "tasa_deficit_cuantitativo": 0.0035378109383329,
        "tasa_deficit_cualitativo": 0.0844290801428895,
        "tasa_deficit_habitacional": 0.0879668910812225,
        "pct_estrato_1": 0.0,
        "pct_estrato_2": 0.284426128775578,
        "pct_estrato_3": 0.7155738712244221,
        "pct_estrato_4": 0.0,
        "pct_estrato_5": 0.0,
        "pct_estrato_6": 0.0,
        "s0_localidad": 0.24275340378588084,
        "dist_transmilenio_m": 833.3514613331369,
        "dist_sitp_m": 211.89211263822557,
        "dist_parque_m": 63.3516506898973,
        "homicidios": 113.0,
        "lesiones_personales": 2653.0,
        "hurto_personas": 11264.0,
        "hurto_residencias": 1302.0,
        "hurto_automotores": 438.0,
        "hurto_bicicletas": 251.0,
        "hurto_comercio": 3279.0,
        "hurto_entidades": 810.0,
        "violencia_intrafam": 4309.0,
        "delitos_sexuales": 811.0,
        "pct_no_oficial": 49.61,
        "n_sedes_total": 129,
        "n_sedes_no_oficial": 64
      }
    },
    {
      "type": "Feature",
      "geometry": {
        "type": "Point",
        "coordinates": [
          -74.09374000027663,
          4.55684999995353
        ]
      },
      "properties": {
        "DANE12_EST": "111001018309",
        "id_establecimiento": "111001018309",
        "nombre_establecimiento": "COLEGIO ATENAS (IED)",
        "nombre_localidad": "San Cristobal",
        "codigo_upz": "34",
        "nombre_upz": "20 DE JULIO",
        "estrato": "Estrato 2",
        "zona": "URBANA",
        "caracter_media": "Académico",
        "lon": -74.09374000027663,
        "lat": 4.55684999995353,
        "codigo_localidad": "04",
        "q_j": 254.16,
        "puntaje_2023": 258.67,
        "punt_global_2020": 249.73,
        "punt_global_2022": 254.08,
        "matricula_total": 882.0,
        "demanda_total": 954.0,
        "sobre_demanda_j": 1.0816326530612246,
        "n_hogares_muestra": 2665.0,
        "poblacion_expandida": 80466.0000003,
        "tasa_pobreza_monetaria": 0.4363819277268546,
        "tasa_pobreza_extrema": 0.137425840822941,
        "tasa_ipm": 0.0554644456277603,
        "ingreso_percapita_promedio": 664284.9107945563,
        "capacidad_pago_promedio": 0.4244786661940777,
        "tamano_hogar_promedio": 3.780272207728306,
        "gasto_educ_promedio": 225987.00528337804,
        "tasa_deficit_cuantitativo": 0.0122805236733069,
        "tasa_deficit_cualitativo": 0.1420960154805429,
        "tasa_deficit_habitacional": 0.1543765391538499,
        "pct_estrato_1": 0.0010078821912322,
        "pct_estrato_2": 0.6878733674420704,
        "pct_estrato_3": 0.3111187503666972,
        "pct_estrato_4": 0.0,
        "pct_estrato_5": 0.0,
        "pct_estrato_6": 0.0,
        "s0_localidad": 0.24275340378588084,
        "dist_transmilenio_m": 1050.5328486358794,
        "dist_sitp_m": 153.70852032029828,
        "dist_parque_m": 116.8039939624047,
        "homicidios": 113.0,
        "lesiones_personales": 2653.0,
        "hurto_personas": 11264.0,
        "hurto_residencias": 1302.0,
        "hurto_automotores": 438.0,
        "hurto_bicicletas": 251.0,
        "hurto_comercio": 3279.0,
        "hurto_entidades": 810.0,
        "violencia_intrafam": 4309.0,
        "delitos_sexuales": 811.0,
        "pct_no_oficial": 49.61,
        "n_sedes_total": 129,
        "n_sedes_no_oficial": 64
      }
    },
    {
      "type": "Feature",
      "geometry": {
        "type": "Point",
        "coordinates": [
          -74.0929000000275,
          4.559769999704589
        ]
      },
      "properties": {
        "DANE12_EST": "111001018325",
        "id_establecimiento": "111001018325",
        "nombre_establecimiento": "COLEGIO JOSE JOAQUIN CASTRO MARTINEZ (IED)",
        "nombre_localidad": "San Cristobal",
        "codigo_upz": "34",
        "nombre_upz": "20 DE JULIO",
        "estrato": "Estrato 2",
        "zona": "URBANA",
        "caracter_media": "Académico",
        "lon": -74.0929000000275,
        "lat": 4.559769999704589,
        "codigo_localidad": "04",
        "q_j": 247.33666666666667,
        "puntaje_2023": 241.42,
        "punt_global_2020": 255.74,
        "punt_global_2022": 244.85,
        "matricula_total": 1067.0,
        "demanda_total": 1165.0,
        "sobre_demanda_j": 1.091846298031865,
        "n_hogares_muestra": 2665.0,
        "poblacion_expandida": 80466.0000003,
        "tasa_pobreza_monetaria": 0.4363819277268546,
        "tasa_pobreza_extrema": 0.137425840822941,
        "tasa_ipm": 0.0554644456277603,
        "ingreso_percapita_promedio": 664284.9107945563,
        "capacidad_pago_promedio": 0.4244786661940777,
        "tamano_hogar_promedio": 3.780272207728306,
        "gasto_educ_promedio": 225987.00528337804,
        "tasa_deficit_cuantitativo": 0.0122805236733069,
        "tasa_deficit_cualitativo": 0.1420960154805429,
        "tasa_deficit_habitacional": 0.1543765391538499,
        "pct_estrato_1": 0.0010078821912322,
        "pct_estrato_2": 0.6878733674420704,
        "pct_estrato_3": 0.3111187503666972,
        "pct_estrato_4": 0.0,
        "pct_estrato_5": 0.0,
        "pct_estrato_6": 0.0,
        "s0_localidad": 0.24275340378588084,
        "dist_transmilenio_m": 803.0114188892815,
        "dist_sitp_m": 116.0137434471502,
        "dist_parque_m": 95.8618927809768,
        "homicidios": 113.0,
        "lesiones_personales": 2653.0,
        "hurto_personas": 11264.0,
        "hurto_residencias": 1302.0,
        "hurto_automotores": 438.0,
        "hurto_bicicletas": 251.0,
        "hurto_comercio": 3279.0,
        "hurto_entidades": 810.0,
        "violencia_intrafam": 4309.0,
        "delitos_sexuales": 811.0,
        "pct_no_oficial": 49.61,
        "n_sedes_total": 129,
        "n_sedes_no_oficial": 64
      }
    },
    {
      "type": "Feature",
      "geometry": {
        "type": "Point",
        "coordinates": [
          -74.09523999995153,
          4.55130999996735
        ]
      },
      "properties": {
        "DANE12_EST": "111001018333",
        "id_establecimiento": "111001018333",
        "nombre_establecimiento": "COLEGIO EL RODEO (IED)",
        "nombre_localidad": "San Cristobal",
        "codigo_upz": "50",
        "nombre_upz": "LA GLORIA",
        "estrato": "Estrato 2",
        "zona": "URBANA",
        "caracter_media": "Académico",
        "lon": -74.09523999995153,
        "lat": 4.55130999996735,
        "codigo_localidad": "04",
        "q_j": 264.56666666666666,
        "puntaje_2023": 266.04,
        "punt_global_2020": 263.88,
        "punt_global_2022": 263.78,
        "matricula_total": 1547.0,
        "demanda_total": 1628.0,
        "sobre_demanda_j": 1.0523594053005818,
        "n_hogares_muestra": 2500.0,
        "poblacion_expandida": 96156.0000033,
        "tasa_pobreza_monetaria": 0.5221184917444258,
        "tasa_pobreza_extrema": 0.1745577883889092,
        "tasa_ipm": 0.0630786075241466,
        "ingreso_percapita_promedio": 557986.0836562533,
        "capacidad_pago_promedio": 0.5453921897406319,
        "tamano_hogar_promedio": 3.615804038094012,
        "gasto_educ_promedio": 150029.1905653152,
        "tasa_deficit_cuantitativo": 0.0079722719307551,
        "tasa_deficit_cualitativo": 0.2070523211616199,
        "tasa_deficit_habitacional": 0.2150245930923751,
        "pct_estrato_1": 0.035853985153102,
        "pct_estrato_2": 0.964146014846898,
        "pct_estrato_3": 0.0,
        "pct_estrato_4": 0.0,
        "pct_estrato_5": 0.0,
        "pct_estrato_6": 0.0,
        "s0_localidad": 0.24275340378588084,
        "dist_transmilenio_m": 1614.0562846624582,
        "dist_sitp_m": 63.99117941008581,
        "dist_parque_m": 133.34809955003342,
        "homicidios": 113.0,
        "lesiones_personales": 2653.0,
        "hurto_personas": 11264.0,
        "hurto_residencias": 1302.0,
        "hurto_automotores": 438.0,
        "hurto_bicicletas": 251.0,
        "hurto_comercio": 3279.0,
        "hurto_entidades": 810.0,
        "violencia_intrafam": 4309.0,
        "delitos_sexuales": 811.0,
        "pct_no_oficial": 49.61,
        "n_sedes_total": 129,
        "n_sedes_no_oficial": 64
      }
    },
    {
      "type": "Feature",
      "geometry": {
        "type": "Point",
        "coordinates": [
          -74.09339999961969,
          4.565210000556624
        ]
      },
      "properties": {
        "DANE12_EST": "111001018341",
        "id_establecimiento": "111001018341",
        "nombre_establecimiento": "COLEGIO FRANCISCO JAVIER MATIZ (IED)",
        "nombre_localidad": "San Cristobal",
        "codigo_upz": "34",
        "nombre_upz": "20 DE JULIO",
        "estrato": "Estrato 2",
        "zona": "URBANA",
        "caracter_media": "Académico",
        "lon": -74.09339999961969,
        "lat": 4.565210000556624,
        "codigo_localidad": "04",
        "q_j": 240.91,
        "puntaje_2023": 248.17,
        "punt_global_2020": 236.12,
        "punt_global_2022": 238.44,
        "matricula_total": 1150.0,
        "demanda_total": 1239.0,
        "sobre_demanda_j": 1.077391304347826,
        "n_hogares_muestra": 2665.0,
        "poblacion_expandida": 80466.0000003,
        "tasa_pobreza_monetaria": 0.4363819277268546,
        "tasa_pobreza_extrema": 0.137425840822941,
        "tasa_ipm": 0.0554644456277603,
        "ingreso_percapita_promedio": 664284.9107945563,
        "capacidad_pago_promedio": 0.4244786661940777,
        "tamano_hogar_promedio": 3.780272207728306,
        "gasto_educ_promedio": 225987.00528337804,
        "tasa_deficit_cuantitativo": 0.0122805236733069,
        "tasa_deficit_cualitativo": 0.1420960154805429,
        "tasa_deficit_habitacional": 0.1543765391538499,
        "pct_estrato_1": 0.0010078821912322,
        "pct_estrato_2": 0.6878733674420704,
        "pct_estrato_3": 0.3111187503666972,
        "pct_estrato_4": 0.0,
        "pct_estrato_5": 0.0,
        "pct_estrato_6": 0.0,
        "s0_localidad": 0.24275340378588084,
        "dist_transmilenio_m": 403.9343633962992,
        "dist_sitp_m": 121.5037938985643,
        "dist_parque_m": 280.2287970670107,
        "homicidios": 113.0,
        "lesiones_personales": 2653.0,
        "hurto_personas": 11264.0,
        "hurto_residencias": 1302.0,
        "hurto_automotores": 438.0,
        "hurto_bicicletas": 251.0,
        "hurto_comercio": 3279.0,
        "hurto_entidades": 810.0,
        "violencia_intrafam": 4309.0,
        "delitos_sexuales": 811.0,
        "pct_no_oficial": 49.61,
        "n_sedes_total": 129,
        "n_sedes_no_oficial": 64
      }
    },
    {
      "type": "Feature",
      "geometry": {
        "type": "Point",
        "coordinates": [
          -74.09342999975692,
          4.552259999817679
        ]
      },
      "properties": {
        "DANE12_EST": "111001018368",
        "id_establecimiento": "111001018368",
        "nombre_establecimiento": "COLEGIO LA VICTORIA (IED)",
        "nombre_localidad": "San Cristobal",
        "codigo_upz": "50",
        "nombre_upz": "LA GLORIA",
        "estrato": "Estrato 2",
        "zona": "URBANA",
        "caracter_media": "Académico",
        "lon": -74.09342999975692,
        "lat": 4.552259999817679,
        "codigo_localidad": "04",
        "q_j": 243.51333333333332,
        "puntaje_2023": 244.8,
        "punt_global_2020": 240.1,
        "punt_global_2022": 245.64,
        "matricula_total": 1820.0,
        "demanda_total": 1931.0,
        "sobre_demanda_j": 1.060989010989011,
        "n_hogares_muestra": 2500.0,
        "poblacion_expandida": 96156.0000033,
        "tasa_pobreza_monetaria": 0.5221184917444258,
        "tasa_pobreza_extrema": 0.1745577883889092,
        "tasa_ipm": 0.0630786075241466,
        "ingreso_percapita_promedio": 557986.0836562533,
        "capacidad_pago_promedio": 0.5453921897406319,
        "tamano_hogar_promedio": 3.615804038094012,
        "gasto_educ_promedio": 150029.1905653152,
        "tasa_deficit_cuantitativo": 0.0079722719307551,
        "tasa_deficit_cualitativo": 0.2070523211616199,
        "tasa_deficit_habitacional": 0.2150245930923751,
        "pct_estrato_1": 0.035853985153102,
        "pct_estrato_2": 0.964146014846898,
        "pct_estrato_3": 0.0,
        "pct_estrato_4": 0.0,
        "pct_estrato_5": 0.0,
        "pct_estrato_6": 0.0,
        "s0_localidad": 0.24275340378588084,
        "dist_transmilenio_m": 1548.1474982501265,
        "dist_sitp_m": 142.0613788295152,
        "dist_parque_m": 173.31109843395953,
        "homicidios": 113.0,
        "lesiones_personales": 2653.0,
        "hurto_personas": 11264.0,
        "hurto_residencias": 1302.0,
        "hurto_automotores": 438.0,
        "hurto_bicicletas": 251.0,
        "hurto_comercio": 3279.0,
        "hurto_entidades": 810.0,
        "violencia_intrafam": 4309.0,
        "delitos_sexuales": 811.0,
        "pct_no_oficial": 49.61,
        "n_sedes_total": 129,
        "n_sedes_no_oficial": 64
      }
    },
    {
      "type": "Feature",
      "geometry": {
        "type": "Point",
        "coordinates": [
          -74.10109999980736,
          4.565599999758285
        ]
      },
      "properties": {
        "DANE12_EST": "111001018384",
        "id_establecimiento": "111001018384",
        "nombre_establecimiento": "COLEGIO SAN ISIDRO SUR ORIENTAL (IED)",
        "nombre_localidad": "San Cristobal",
        "codigo_upz": "34",
        "nombre_upz": "20 DE JULIO",
        "estrato": "Estrato 3",
        "zona": "URBANA",
        "caracter_media": "Académico",
        "lon": -74.10109999980736,
        "lat": 4.565599999758285,
        "codigo_localidad": "04",
        "q_j": 251.11666666666665,
        "puntaje_2023": 254.76,
        "punt_global_2020": 249.77,
        "punt_global_2022": 248.82,
        "matricula_total": 1103.0,
        "demanda_total": 1197.0,
        "sobre_demanda_j": 1.085222121486854,
        "n_hogares_muestra": 2665.0,
        "poblacion_expandida": 80466.0000003,
        "tasa_pobreza_monetaria": 0.4363819277268546,
        "tasa_pobreza_extrema": 0.137425840822941,
        "tasa_ipm": 0.0554644456277603,
        "ingreso_percapita_promedio": 664284.9107945563,
        "capacidad_pago_promedio": 0.4244786661940777,
        "tamano_hogar_promedio": 3.780272207728306,
        "gasto_educ_promedio": 225987.00528337804,
        "tasa_deficit_cuantitativo": 0.0122805236733069,
        "tasa_deficit_cualitativo": 0.1420960154805429,
        "tasa_deficit_habitacional": 0.1543765391538499,
        "pct_estrato_1": 0.0010078821912322,
        "pct_estrato_2": 0.6878733674420704,
        "pct_estrato_3": 0.3111187503666972,
        "pct_estrato_4": 0.0,
        "pct_estrato_5": 0.0,
        "pct_estrato_6": 0.0,
        "s0_localidad": 0.24275340378588084,
        "dist_transmilenio_m": 453.71091235501245,
        "dist_sitp_m": 121.95876267101251,
        "dist_parque_m": 133.51578175020526,
        "homicidios": 113.0,
        "lesiones_personales": 2653.0,
        "hurto_personas": 11264.0,
        "hurto_residencias": 1302.0,
        "hurto_automotores": 438.0,
        "hurto_bicicletas": 251.0,
        "hurto_comercio": 3279.0,
        "hurto_entidades": 810.0,
        "violencia_intrafam": 4309.0,
        "delitos_sexuales": 811.0,
        "pct_no_oficial": 49.61,
        "n_sedes_total": 129,
        "n_sedes_no_oficial": 64
      }
    },
    {
      "type": "Feature",
      "geometry": {
        "type": "Point",
        "coordinates": [
          -74.13200000011717,
          4.576110000183237
        ]
      },
      "properties": {
        "DANE12_EST": "111001019411",
        "id_establecimiento": "111001019411",
        "nombre_establecimiento": "COLEGIO INEM SANTIAGO PEREZ (IED)",
        "nombre_localidad": "Tunjuelito",
        "codigo_upz": "42",
        "nombre_upz": "VENECIA",
        "estrato": "Sin estrato",
        "zona": "URBANA",
        "caracter_media": "Académico - Técnico",
        "lon": -74.13200000011717,
        "lat": 4.576110000183237,
        "codigo_localidad": "06",
        "q_j": 256.54333333333335,
        "puntaje_2023": 260.38,
        "punt_global_2020": 254.35,
        "punt_global_2022": 254.9,
        "matricula_total": 3389.0,
        "demanda_total": 3584.0,
        "sobre_demanda_j": 1.0575390970787844,
        "n_hogares_muestra": 2196.0,
        "poblacion_expandida": 139490.0000064,
        "tasa_pobreza_monetaria": 0.3456416416631149,
        "tasa_pobreza_extrema": 0.1503118512921213,
        "tasa_ipm": 0.0363638721992061,
        "ingreso_percapita_promedio": 842886.8720213596,
        "capacidad_pago_promedio": 0.2543474672254081,
        "tamano_hogar_promedio": 3.158857941575621,
        "gasto_educ_promedio": 260612.53234385408,
        "tasa_deficit_cuantitativo": 0.0054515723698122,
        "tasa_deficit_cualitativo": 0.1344675835245495,
        "tasa_deficit_habitacional": 0.1399191558943617,
        "pct_estrato_1": 0.0,
        "pct_estrato_2": 0.5468256713047553,
        "pct_estrato_3": 0.4531743286952447,
        "pct_estrato_4": 0.0,
        "pct_estrato_5": 0.0,
        "pct_estrato_6": 0.0,
        "s0_localidad": 0.24596233549441804,
        "dist_transmilenio_m": 669.8981870531534,
        "dist_sitp_m": 169.56597501172203,
        "dist_parque_m": 71.77517780445932,
        "homicidios": 67.0,
        "lesiones_personales": 1311.0,
        "hurto_personas": 8872.0,
        "hurto_residencias": 687.0,
        "hurto_automotores": 293.0,
        "hurto_bicicletas": 367.0,
        "hurto_comercio": 2403.0,
        "hurto_entidades": 312.0,
        "violencia_intrafam": 1641.0,
        "delitos_sexuales": 328.0,
        "pct_no_oficial": 64.29,
        "n_sedes_total": 70,
        "n_sedes_no_oficial": 45
      }
    },
    {
      "type": "Feature",
      "geometry": {
        "type": "Point",
        "coordinates": [
          -74.08799000002564,
          4.6082999999733545
        ]
      },
      "properties": {
        "DANE12_EST": "111001019526",
        "id_establecimiento": "111001019526",
        "nombre_establecimiento": "COLEGIO LICEO NACIONAL ANTONIA SANTOS (IED)",
        "nombre_localidad": "Los Martires",
        "codigo_upz": "102",
        "nombre_upz": "LA SABANA",
        "estrato": "Estrato 2",
        "zona": "URBANA",
        "caracter_media": "Académico",
        "lon": -74.08799000002564,
        "lat": 4.6082999999733545,
        "codigo_localidad": "14",
        "q_j": 257.26,
        "puntaje_2023": 254.32,
        "punt_global_2020": 255.31,
        "punt_global_2022": 262.15,
        "matricula_total": 1586.0,
        "demanda_total": 1751.0,
        "sobre_demanda_j": 1.1040353089533417,
        "n_hogares_muestra": 2165.0,
        "poblacion_expandida": 39295.0,
        "tasa_pobreza_monetaria": 0.4324740129100394,
        "tasa_pobreza_extrema": 0.1580202324697798,
        "tasa_ipm": 0.1044810492250922,
        "ingreso_percapita_promedio": 862033.7606376254,
        "capacidad_pago_promedio": 0.3752397003969971,
        "tamano_hogar_promedio": 3.334361474559104,
        "gasto_educ_promedio": 238742.41054684692,
        "tasa_deficit_cuantitativo": 0.02678919004199,
        "tasa_deficit_cualitativo": 0.21042827307291,
        "tasa_deficit_habitacional": 0.2372174631149001,
        "pct_estrato_1": 0.0017800902913856,
        "pct_estrato_2": 0.2632160191322051,
        "pct_estrato_3": 0.6492448415421809,
        "pct_estrato_4": 0.0832601198065911,
        "pct_estrato_5": 0.0,
        "pct_estrato_6": 0.0,
        "s0_localidad": 0.38962747752475235,
        "dist_transmilenio_m": 207.40577436562683,
        "dist_sitp_m": 133.55898098096398,
        "dist_parque_m": 205.86563632853566,
        "homicidios": 125.0,
        "lesiones_personales": 1566.0,
        "hurto_personas": 18260.0,
        "hurto_residencias": 709.0,
        "hurto_automotores": 275.0,
        "hurto_bicicletas": 493.0,
        "hurto_comercio": 4878.0,
        "hurto_entidades": 317.0,
        "violencia_intrafam": 1250.0,
        "delitos_sexuales": 516.0,
        "pct_no_oficial": 58.33,
        "n_sedes_total": 36,
        "n_sedes_no_oficial": 21
      }
    },
    {
      "type": "Feature",
      "geometry": {
        "type": "Point",
        "coordinates": [
          -74.1083399996875,
          4.564669999865602
        ]
      },
      "properties": {
        "DANE12_EST": "111001020095",
        "id_establecimiento": "111001020095",
        "nombre_establecimiento": "COLEGIO MISAEL PASTRANA BORRERO (IED)",
        "nombre_localidad": "Rafael Uribe Uribe",
        "codigo_upz": "53",
        "nombre_upz": "MARCO FIDEL SUAREZ",
        "estrato": "Sin estrato",
        "zona": "URBANA",
        "caracter_media": "Académico",
        "lon": -74.1083399996875,
        "lat": 4.564669999865602,
        "codigo_localidad": "18",
        "q_j": 241.5633333333333,
        "puntaje_2023": 245.21,
        "punt_global_2020": 238.56,
        "punt_global_2022": 240.92,
        "matricula_total": 1345.0,
        "demanda_total": 1497.0,
        "sobre_demanda_j": 1.1130111524163568,
        "n_hogares_muestra": 2174.0,
        "poblacion_expandida": 47442.9999975,
        "tasa_pobreza_monetaria": 0.5827803477658865,
        "tasa_pobreza_extrema": 0.2234402638863183,
        "tasa_ipm": 0.1040373178142211,
        "ingreso_percapita_promedio": 555562.313298087,
        "capacidad_pago_promedio": 0.4649072076294137,
        "tamano_hogar_promedio": 3.0968267260932505,
        "gasto_educ_promedio": 112069.29148232724,
        "tasa_deficit_cuantitativo": 0.0160758053967959,
        "tasa_deficit_cualitativo": 0.1350306657049001,
        "tasa_deficit_habitacional": 0.1511064711016961,
        "pct_estrato_1": 0.0032091840188863,
        "pct_estrato_2": 0.7094701243634188,
        "pct_estrato_3": 0.2873206916176949,
        "pct_estrato_4": 0.0,
        "pct_estrato_5": 0.0,
        "pct_estrato_6": 0.0,
        "s0_localidad": 0.2741314328601635,
        "dist_transmilenio_m": 1261.4137390422486,
        "dist_sitp_m": 11.696861441098696,
        "dist_parque_m": 84.62603804980381,
        "homicidios": 159.0,
        "lesiones_personales": 2500.0,
        "hurto_personas": 13897.0,
        "hurto_residencias": 1530.0,
        "hurto_automotores": 660.0,
        "hurto_bicicletas": 415.0,
        "hurto_comercio": 3902.0,
        "hurto_entidades": 942.0,
        "violencia_intrafam": 3177.0,
        "delitos_sexuales": 716.0,
        "pct_no_oficial": 57.85,
        "n_sedes_total": 121,
        "n_sedes_no_oficial": 70
      }
    },
    {
      "type": "Feature",
      "geometry": {
        "type": "Point",
        "coordinates": [
          -74.11327999982657,
          4.622989999999225
        ]
      },
      "properties": {
        "DANE12_EST": "111001020168",
        "id_establecimiento": "111001020168",
        "nombre_establecimiento": "COLEGIO SORRENTO (IED)",
        "nombre_localidad": "Puente Aranda",
        "codigo_upz": "43",
        "nombre_upz": "SAN RAFAEL",
        "estrato": "Estrato 3",
        "zona": "URBANA",
        "caracter_media": "Académico",
        "lon": -74.11327999982657,
        "lat": 4.622989999999225,
        "codigo_localidad": "16",
        "q_j": 295.7633333333333,
        "puntaje_2023": 297.75,
        "punt_global_2020": 298.6,
        "punt_global_2022": 290.94,
        "matricula_total": 2255.0,
        "demanda_total": 2437.0,
        "sobre_demanda_j": 1.080709534368071,
        "n_hogares_muestra": 2756.0,
        "poblacion_expandida": 73680.0000025,
        "tasa_pobreza_monetaria": 0.2339510530145917,
        "tasa_pobreza_extrema": 0.084954684921113,
        "tasa_ipm": 0.0385974286957587,
        "ingreso_percapita_promedio": 1176511.5528156538,
        "capacidad_pago_promedio": 0.1494093974514994,
        "tamano_hogar_promedio": 3.605534743145849,
        "gasto_educ_promedio": 362000.6156603128,
        "tasa_deficit_cuantitativo": 0.0,
        "tasa_deficit_cualitativo": 0.1199970461536374,
        "tasa_deficit_habitacional": 0.1199970461536374,
        "pct_estrato_1": 0.0006446625624102,
        "pct_estrato_2": 0.0,
        "pct_estrato_3": 0.9993553374375896,
        "pct_estrato_4": 0.0,
        "pct_estrato_5": 0.0,
        "pct_estrato_6": 0.0,
        "s0_localidad": 0.5211076175873677,
        "dist_transmilenio_m": 572.1666582316875,
        "dist_sitp_m": 111.11005822287414,
        "dist_parque_m": 168.74279117178352,
        "homicidios": 81.0,
        "lesiones_personales": 1979.0,
        "hurto_personas": 20917.0,
        "hurto_residencias": 1572.0,
        "hurto_automotores": 1079.0,
        "hurto_bicicletas": 778.0,
        "hurto_comercio": 5413.0,
        "hurto_entidades": 730.0,
        "violencia_intrafam": 2327.0,
        "delitos_sexuales": 548.0,
        "pct_no_oficial": 68.0,
        "n_sedes_total": 100,
        "n_sedes_no_oficial": 68
      }
    },
    {
      "type": "Feature",
      "geometry": {
        "type": "Point",
        "coordinates": [
          -74.16510999975637,
          4.587260000375185
        ]
      },
      "properties": {
        "DANE12_EST": "111001020320",
        "id_establecimiento": "111001020320",
        "nombre_establecimiento": "COLEGIO ISMAEL PERDOMO (IED)",
        "nombre_localidad": "Ciudad Bolivar",
        "codigo_upz": "69",
        "nombre_upz": "ISMAEL PERDOMO",
        "estrato": "Estrato 2",
        "zona": "URBANA",
        "caracter_media": "Académico",
        "lon": -74.16510999975637,
        "lat": 4.587260000375185,
        "codigo_localidad": "19",
        "q_j": 247.56333333333336,
        "puntaje_2023": 257.53,
        "punt_global_2020": 241.58,
        "punt_global_2022": 243.58,
        "matricula_total": 2381.0,
        "demanda_total": 2662.0,
        "sobre_demanda_j": 1.118017639647207,
        "n_hogares_muestra": 2366.0,
        "poblacion_expandida": 164520.000002,
        "tasa_pobreza_monetaria": 0.5154591657334616,
        "tasa_pobreza_extrema": 0.1613228629192643,
        "tasa_ipm": 0.1120384549706778,
        "ingreso_percapita_promedio": 615523.9462379344,
        "capacidad_pago_promedio": 0.5271605075896285,
        "tamano_hogar_promedio": 3.809864504438854,
        "gasto_educ_promedio": 155800.1338993075,
        "tasa_deficit_cuantitativo": 0.0209367304088142,
        "tasa_deficit_cualitativo": 0.1935707537570682,
        "tasa_deficit_habitacional": 0.2145074841658825,
        "pct_estrato_1": 0.4453212904693007,
        "pct_estrato_2": 0.4547796296212645,
        "pct_estrato_3": 0.0998990799094347,
        "pct_estrato_4": 0.0,
        "pct_estrato_5": 0.0,
        "pct_estrato_6": 0.0,
        "s0_localidad": 0.24641727799438962,
        "dist_transmilenio_m": 948.3737804889972,
        "dist_sitp_m": 131.7046386477474,
        "dist_parque_m": 95.71013651110763,
        "homicidios": 450.0,
        "lesiones_personales": 4378.0,
        "hurto_personas": 16269.0,
        "hurto_residencias": 1893.0,
        "hurto_automotores": 870.0,
        "hurto_bicicletas": 472.0,
        "hurto_comercio": 4561.0,
        "hurto_entidades": 1620.0,
        "violencia_intrafam": 8567.0,
        "delitos_sexuales": 1433.0,
        "pct_no_oficial": 44.59,
        "n_sedes_total": 148,
        "n_sedes_no_oficial": 66
      }
    },
    {
      "type": "Feature",
      "geometry": {
        "type": "Point",
        "coordinates": [
          -74.08192000010754,
          4.605740000258094
        ]
      },
      "properties": {
        "DANE12_EST": "111001020401",
        "id_establecimiento": "111001020401",
        "nombre_establecimiento": "ESCUELA TECNOLOGICA INSTITUTO TECNICO CENTRAL",
        "nombre_localidad": "Los Martires",
        "codigo_upz": "102",
        "nombre_upz": "LA SABANA",
        "estrato": "Estrato 3",
        "zona": "URBANA",
        "caracter_media": "Técnico",
        "lon": -74.08192000010754,
        "lat": 4.605740000258094,
        "codigo_localidad": "14",
        "q_j": 331.67,
        "puntaje_2023": 340.0,
        "punt_global_2020": 320.41,
        "punt_global_2022": 334.6,
        "matricula_total": null,
        "demanda_total": null,
        "sobre_demanda_j": null,
        "n_hogares_muestra": 2165.0,
        "poblacion_expandida": 39295.0,
        "tasa_pobreza_monetaria": 0.4324740129100394,
        "tasa_pobreza_extrema": 0.1580202324697798,
        "tasa_ipm": 0.1044810492250922,
        "ingreso_percapita_promedio": 862033.7606376254,
        "capacidad_pago_promedio": 0.3752397003969971,
        "tamano_hogar_promedio": 3.334361474559104,
        "gasto_educ_promedio": 238742.41054684692,
        "tasa_deficit_cuantitativo": 0.02678919004199,
        "tasa_deficit_cualitativo": 0.21042827307291,
        "tasa_deficit_habitacional": 0.2372174631149001,
        "pct_estrato_1": 0.0017800902913856,
        "pct_estrato_2": 0.2632160191322051,
        "pct_estrato_3": 0.6492448415421809,
        "pct_estrato_4": 0.0832601198065911,
        "pct_estrato_5": 0.0,
        "pct_estrato_6": 0.0,
        "s0_localidad": 0.38962747752475235,
        "dist_transmilenio_m": 35.57454468328096,
        "dist_sitp_m": 101.54383207667831,
        "dist_parque_m": 438.0335834450121,
        "homicidios": 125.0,
        "lesiones_personales": 1566.0,
        "hurto_personas": 18260.0,
        "hurto_residencias": 709.0,
        "hurto_automotores": 275.0,
        "hurto_bicicletas": 493.0,
        "hurto_comercio": 4878.0,
        "hurto_entidades": 317.0,
        "violencia_intrafam": 1250.0,
        "delitos_sexuales": 516.0,
        "pct_no_oficial": 58.33,
        "n_sedes_total": 36,
        "n_sedes_no_oficial": 21
      }
    },
    {
      "type": "Feature",
      "geometry": {
        "type": "Point",
        "coordinates": [
          -74.09750999955537,
          4.548030000019246
        ]
      },
      "properties": {
        "DANE12_EST": "111001020443",
        "id_establecimiento": "111001020443",
        "nombre_establecimiento": "COLEGIO ENTRE NUBES SUR ORIENTAL (IED)",
        "nombre_localidad": "San Cristobal",
        "codigo_upz": "50",
        "nombre_upz": "LA GLORIA",
        "estrato": "Estrato 2",
        "zona": "URBANA",
        "caracter_media": "Académico",
        "lon": -74.09750999955537,
        "lat": 4.548030000019246,
        "codigo_localidad": "04",
        "q_j": null,
        "puntaje_2023": null,
        "punt_global_2020": null,
        "punt_global_2022": null,
        "matricula_total": 1055.0,
        "demanda_total": 1249.0,
        "sobre_demanda_j": 1.1838862559241705,
        "n_hogares_muestra": 2500.0,
        "poblacion_expandida": 96156.0000033,
        "tasa_pobreza_monetaria": 0.5221184917444258,
        "tasa_pobreza_extrema": 0.1745577883889092,
        "tasa_ipm": 0.0630786075241466,
        "ingreso_percapita_promedio": 557986.0836562533,
        "capacidad_pago_promedio": 0.5453921897406319,
        "tamano_hogar_promedio": 3.615804038094012,
        "gasto_educ_promedio": 150029.1905653152,
        "tasa_deficit_cuantitativo": 0.0079722719307551,
        "tasa_deficit_cualitativo": 0.2070523211616199,
        "tasa_deficit_habitacional": 0.2150245930923751,
        "pct_estrato_1": 0.035853985153102,
        "pct_estrato_2": 0.964146014846898,
        "pct_estrato_3": 0.0,
        "pct_estrato_4": 0.0,
        "pct_estrato_5": 0.0,
        "pct_estrato_6": 0.0,
        "s0_localidad": 0.24275340378588084,
        "dist_transmilenio_m": 1967.6147315175363,
        "dist_sitp_m": 251.06032242035835,
        "dist_parque_m": 206.68018727398427,
        "homicidios": 113.0,
        "lesiones_personales": 2653.0,
        "hurto_personas": 11264.0,
        "hurto_residencias": 1302.0,
        "hurto_automotores": 438.0,
        "hurto_bicicletas": 251.0,
        "hurto_comercio": 3279.0,
        "hurto_entidades": 810.0,
        "violencia_intrafam": 4309.0,
        "delitos_sexuales": 811.0,
        "pct_no_oficial": 49.61,
        "n_sedes_total": 129,
        "n_sedes_no_oficial": 64
      }
    },
    {
      "type": "Feature",
      "geometry": {
        "type": "Point",
        "coordinates": [
          -74.09102999955842,
          4.513440000106934
        ]
      },
      "properties": {
        "DANE12_EST": "111001024643",
        "id_establecimiento": "111001024643",
        "nombre_establecimiento": "COLEGIO NUEVA ESPERANZA (IED)",
        "nombre_localidad": "Usme",
        "codigo_upz": "52",
        "nombre_upz": "LA FLORA",
        "estrato": "Estrato 1",
        "zona": "URBANA",
        "caracter_media": "Académico",
        "lon": -74.09102999955842,
        "lat": 4.513440000106934,
        "codigo_localidad": "05",
        "q_j": 241.59,
        "puntaje_2023": 238.46,
        "punt_global_2020": 249.89,
        "punt_global_2022": 236.42,
        "matricula_total": 1236.0,
        "demanda_total": 1328.0,
        "sobre_demanda_j": 1.0744336569579287,
        "n_hogares_muestra": 2154.0,
        "poblacion_expandida": 19629.0000075,
        "tasa_pobreza_monetaria": 0.7487849338878249,
        "tasa_pobreza_extrema": 0.3638983283545144,
        "tasa_ipm": 0.1788048463222254,
        "ingreso_percapita_promedio": 342105.1816187633,
        "capacidad_pago_promedio": 0.754926642046872,
        "tamano_hogar_promedio": 3.752629232240833,
        "gasto_educ_promedio": 64628.117806994414,
        "tasa_deficit_cuantitativo": 0.1189753326408724,
        "tasa_deficit_cualitativo": 0.2826258941708852,
        "tasa_deficit_habitacional": 0.4016012268117577,
        "pct_estrato_1": 0.9406263803171484,
        "pct_estrato_2": 0.0070001862370726,
        "pct_estrato_3": 0.0016351785005724,
        "pct_estrato_4": 0.0,
        "pct_estrato_5": 0.0,
        "pct_estrato_6": 0.0,
        "s0_localidad": 0.1806550335776531,
        "dist_transmilenio_m": 3743.332431746915,
        "dist_sitp_m": 54.65526455788896,
        "dist_parque_m": 214.30466106089244,
        "homicidios": 171.0,
        "lesiones_personales": 2562.0,
        "hurto_personas": 8404.0,
        "hurto_residencias": 1452.0,
        "hurto_automotores": 311.0,
        "hurto_bicicletas": 146.0,
        "hurto_comercio": 2308.0,
        "hurto_entidades": 623.0,
        "violencia_intrafam": 3963.0,
        "delitos_sexuales": 923.0,
        "pct_no_oficial": 33.03,
        "n_sedes_total": 109,
        "n_sedes_no_oficial": 36
      }
    },
    {
      "type": "Feature",
      "geometry": {
        "type": "Point",
        "coordinates": [
          -74.14752000014312,
          4.61884999997846
        ]
      },
      "properties": {
        "DANE12_EST": "111001024660",
        "id_establecimiento": "111001024660",
        "nombre_establecimiento": "COLEGIO FERNANDO SOTO APARICIO (IED)",
        "nombre_localidad": "Kennedy",
        "codigo_upz": "47",
        "nombre_upz": "KENNEDY CENTRAL",
        "estrato": "Estrato 3",
        "zona": "URBANA",
        "caracter_media": "Académico",
        "lon": -74.14752000014312,
        "lat": 4.61884999997846,
        "codigo_localidad": "08",
        "q_j": 263.1433333333334,
        "puntaje_2023": 264.23,
        "punt_global_2020": 264.62,
        "punt_global_2022": 260.58,
        "matricula_total": 2201.0,
        "demanda_total": 2373.0,
        "sobre_demanda_j": 1.0781462971376647,
        "n_hogares_muestra": 2378.0,
        "poblacion_expandida": 93575.0000042,
        "tasa_pobreza_monetaria": 0.2672083143134141,
        "tasa_pobreza_extrema": 0.0750444951042993,
        "tasa_ipm": 0.0337154060310809,
        "ingreso_percapita_promedio": 926690.9510180312,
        "capacidad_pago_promedio": 0.1664851532866766,
        "tamano_hogar_promedio": 3.513604109073394,
        "gasto_educ_promedio": 259520.21119855996,
        "tasa_deficit_cuantitativo": 0.0040550762701893,
        "tasa_deficit_cualitativo": 0.0744366713148529,
        "tasa_deficit_habitacional": 0.0784917475850423,
        "pct_estrato_1": 0.0010352239550697,
        "pct_estrato_2": 0.0074430445350653,
        "pct_estrato_3": 0.9915217315098648,
        "pct_estrato_4": 0.0,
        "pct_estrato_5": 0.0,
        "pct_estrato_6": 0.0,
        "s0_localidad": 0.3719221758740453,
        "dist_transmilenio_m": 1397.2969591202213,
        "dist_sitp_m": 119.18649218120879,
        "dist_parque_m": 96.18804523049393,
        "homicidios": 277.0,
        "lesiones_personales": 5216.0,
        "hurto_personas": 45928.0,
        "hurto_residencias": 4574.0,
        "hurto_automotores": 2662.0,
        "hurto_bicicletas": 2842.0,
        "hurto_comercio": 11829.0,
        "hurto_entidades": 2994.0,
        "violencia_intrafam": 8341.0,
        "delitos_sexuales": 1353.0,
        "pct_no_oficial": 70.99,
        "n_sedes_total": 262,
        "n_sedes_no_oficial": 186
      }
    },
    {
      "type": "Feature",
      "geometry": {
        "type": "Point",
        "coordinates": [
          -74.08055000012898,
          4.541510000061765
        ]
      },
      "properties": {
        "DANE12_EST": "111001024686",
        "id_establecimiento": "111001024686",
        "nombre_establecimiento": "COLEGIO MORALBA SURORIENTAL (IED)",
        "nombre_localidad": "San Cristobal",
        "codigo_upz": "50",
        "nombre_upz": "LA GLORIA",
        "estrato": "Sin estrato",
        "zona": "URBANA",
        "caracter_media": "Académico",
        "lon": -74.08055000012898,
        "lat": 4.541510000061765,
        "codigo_localidad": "04",
        "q_j": 242.75666666666666,
        "puntaje_2023": 250.06,
        "punt_global_2020": 238.64,
        "punt_global_2022": 239.57,
        "matricula_total": 1302.0,
        "demanda_total": 1386.0,
        "sobre_demanda_j": 1.064516129032258,
        "n_hogares_muestra": 2500.0,
        "poblacion_expandida": 96156.0000033,
        "tasa_pobreza_monetaria": 0.5221184917444258,
        "tasa_pobreza_extrema": 0.1745577883889092,
        "tasa_ipm": 0.0630786075241466,
        "ingreso_percapita_promedio": 557986.0836562533,
        "capacidad_pago_promedio": 0.5453921897406319,
        "tamano_hogar_promedio": 3.615804038094012,
        "gasto_educ_promedio": 150029.1905653152,
        "tasa_deficit_cuantitativo": 0.0079722719307551,
        "tasa_deficit_cualitativo": 0.2070523211616199,
        "tasa_deficit_habitacional": 0.2150245930923751,
        "pct_estrato_1": 0.035853985153102,
        "pct_estrato_2": 0.964146014846898,
        "pct_estrato_3": 0.0,
        "pct_estrato_4": 0.0,
        "pct_estrato_5": 0.0,
        "pct_estrato_6": 0.0,
        "s0_localidad": 0.24275340378588084,
        "dist_transmilenio_m": 3251.77154635208,
        "dist_sitp_m": 35.45488957164768,
        "dist_parque_m": 126.88920449165312,
        "homicidios": 113.0,
        "lesiones_personales": 2653.0,
        "hurto_personas": 11264.0,
        "hurto_residencias": 1302.0,
        "hurto_automotores": 438.0,
        "hurto_bicicletas": 251.0,
        "hurto_comercio": 3279.0,
        "hurto_entidades": 810.0,
        "violencia_intrafam": 4309.0,
        "delitos_sexuales": 811.0,
        "pct_no_oficial": 49.61,
        "n_sedes_total": 129,
        "n_sedes_no_oficial": 64
      }
    },
    {
      "type": "Feature",
      "geometry": {
        "type": "Point",
        "coordinates": [
          -74.15644999966895,
          4.624700000152129
        ]
      },
      "properties": {
        "DANE12_EST": "111001024732",
        "id_establecimiento": "111001024732",
        "nombre_establecimiento": "COLEGIO INEM FRANCISCO DE PAULA SANTANDER (IED)",
        "nombre_localidad": "Kennedy",
        "codigo_upz": "47",
        "nombre_upz": "KENNEDY CENTRAL",
        "estrato": "Estrato 3",
        "zona": "URBANA",
        "caracter_media": "Académico - Técnico",
        "lon": -74.15644999966895,
        "lat": 4.624700000152129,
        "codigo_localidad": "08",
        "q_j": 260.7233333333333,
        "puntaje_2023": 261.99,
        "punt_global_2020": 258.03,
        "punt_global_2022": 262.15,
        "matricula_total": 5978.0,
        "demanda_total": 6677.0,
        "sobre_demanda_j": 1.1169287387085982,
        "n_hogares_muestra": 2378.0,
        "poblacion_expandida": 93575.0000042,
        "tasa_pobreza_monetaria": 0.2672083143134141,
        "tasa_pobreza_extrema": 0.0750444951042993,
        "tasa_ipm": 0.0337154060310809,
        "ingreso_percapita_promedio": 926690.9510180312,
        "capacidad_pago_promedio": 0.1664851532866766,
        "tamano_hogar_promedio": 3.513604109073394,
        "gasto_educ_promedio": 259520.21119855996,
        "tasa_deficit_cuantitativo": 0.0040550762701893,
        "tasa_deficit_cualitativo": 0.0744366713148529,
        "tasa_deficit_habitacional": 0.0784917475850423,
        "pct_estrato_1": 0.0010352239550697,
        "pct_estrato_2": 0.0074430445350653,
        "pct_estrato_3": 0.9915217315098648,
        "pct_estrato_4": 0.0,
        "pct_estrato_5": 0.0,
        "pct_estrato_6": 0.0,
        "s0_localidad": 0.3719221758740453,
        "dist_transmilenio_m": 1162.1157480263093,
        "dist_sitp_m": 71.11905692092385,
        "dist_parque_m": 95.73274405241699,
        "homicidios": 277.0,
        "lesiones_personales": 5216.0,
        "hurto_personas": 45928.0,
        "hurto_residencias": 4574.0,
        "hurto_automotores": 2662.0,
        "hurto_bicicletas": 2842.0,
        "hurto_comercio": 11829.0,
        "hurto_entidades": 2994.0,
        "violencia_intrafam": 8341.0,
        "delitos_sexuales": 1353.0,
        "pct_no_oficial": 70.99,
        "n_sedes_total": 262,
        "n_sedes_no_oficial": 186
      }
    },
    {
      "type": "Feature",
      "geometry": {
        "type": "Point",
        "coordinates": [
          -74.07571999959477,
          4.652139999756869
        ]
      },
      "properties": {
        "DANE12_EST": "111001024830",
        "id_establecimiento": "111001024830",
        "nombre_establecimiento": "COLEGIO FRANCISCO PRIMERO S.S. (IED)",
        "nombre_localidad": "Barrios Unidos",
        "codigo_upz": "98",
        "nombre_upz": "LOS ALCAZARES",
        "estrato": "Estrato 3",
        "zona": "URBANA",
        "caracter_media": "Académico",
        "lon": -74.07571999959477,
        "lat": 4.652139999756869,
        "codigo_localidad": "12",
        "q_j": 250.9,
        "puntaje_2023": 250.0,
        "punt_global_2020": 248.62,
        "punt_global_2022": 254.08,
        "matricula_total": 1080.0,
        "demanda_total": 1256.0,
        "sobre_demanda_j": 1.162962962962963,
        "n_hogares_muestra": 2261.0,
        "poblacion_expandida": 43325.0000007,
        "tasa_pobreza_monetaria": 0.195392019216693,
        "tasa_pobreza_extrema": 0.0434781177834867,
        "tasa_ipm": 0.0171271489714486,
        "ingreso_percapita_promedio": 1447423.36270404,
        "capacidad_pago_promedio": 0.1468334643507725,
        "tamano_hogar_promedio": 3.101802555929112,
        "gasto_educ_promedio": 344089.13322693633,
        "tasa_deficit_cuantitativo": 0.0065729456109728,
        "tasa_deficit_cualitativo": 0.075969832871248,
        "tasa_deficit_habitacional": 0.0825427784822209,
        "pct_estrato_1": 0.0037395459687797,
        "pct_estrato_2": 0.0,
        "pct_estrato_3": 0.8700645168191797,
        "pct_estrato_4": 0.1261959372120406,
        "pct_estrato_5": 0.0,
        "pct_estrato_6": 0.0,
        "s0_localidad": 0.4940130594962374,
        "dist_transmilenio_m": 374.5689657998869,
        "dist_sitp_m": 47.68520926807293,
        "dist_parque_m": 185.33095231775036,
        "homicidios": 31.0,
        "lesiones_personales": 1214.0,
        "hurto_personas": 18587.0,
        "hurto_residencias": 1176.0,
        "hurto_automotores": 352.0,
        "hurto_bicicletas": 816.0,
        "hurto_comercio": 4973.0,
        "hurto_entidades": 320.0,
        "violencia_intrafam": 1281.0,
        "delitos_sexuales": 275.0,
        "pct_no_oficial": 61.9,
        "n_sedes_total": 63,
        "n_sedes_no_oficial": 39
      }
    },
    {
      "type": "Feature",
      "geometry": {
        "type": "Point",
        "coordinates": [
          -74.10247999983166,
          4.74348999976095
        ]
      },
      "properties": {
        "DANE12_EST": "111001025020",
        "id_establecimiento": "111001025020",
        "nombre_establecimiento": "COLEGIO ALBERTO LLERAS CAMARGO (IED)",
        "nombre_localidad": "Suba",
        "codigo_upz": "28",
        "nombre_upz": "EL RINCON",
        "estrato": "Estrato 2",
        "zona": "URBANA",
        "caracter_media": "Académico",
        "lon": -74.10247999983166,
        "lat": 4.74348999976095,
        "codigo_localidad": "11",
        "q_j": 256.6766666666667,
        "puntaje_2023": 258.16,
        "punt_global_2020": 250.68,
        "punt_global_2022": 261.19,
        "matricula_total": 3213.0,
        "demanda_total": 3602.0,
        "sobre_demanda_j": 1.1210706504824153,
        "n_hogares_muestra": 2382.0,
        "poblacion_expandida": 288983.999996,
        "tasa_pobreza_monetaria": 0.3937239387131291,
        "tasa_pobreza_extrema": 0.1074366146223657,
        "tasa_ipm": 0.0605278706414269,
        "ingreso_percapita_promedio": 736885.8395595187,
        "capacidad_pago_promedio": 0.3534176288099468,
        "tamano_hogar_promedio": 3.525641986305134,
        "gasto_educ_promedio": 229243.80352093693,
        "tasa_deficit_cuantitativo": 0.0020934378962446,
        "tasa_deficit_cualitativo": 0.1305752875097663,
        "tasa_deficit_habitacional": 0.132668725406011,
        "pct_estrato_1": 0.0094350357315205,
        "pct_estrato_2": 0.6161685875324056,
        "pct_estrato_3": 0.3631913363191484,
        "pct_estrato_4": 0.0,
        "pct_estrato_5": 0.0,
        "pct_estrato_6": 0.0,
        "s0_localidad": 0.5228297059197053,
        "dist_transmilenio_m": 981.1263156351263,
        "dist_sitp_m": 51.06327104626662,
        "dist_parque_m": 213.6489965941944,
        "homicidios": 143.0,
        "lesiones_personales": 4117.0,
        "hurto_personas": 47285.0,
        "hurto_residencias": 5010.0,
        "hurto_automotores": 938.0,
        "hurto_bicicletas": 2774.0,
        "hurto_comercio": 12600.0,
        "hurto_entidades": 1324.0,
        "violencia_intrafam": 8047.0,
        "delitos_sexuales": 1387.0,
        "pct_no_oficial": 80.22,
        "n_sedes_total": 364,
        "n_sedes_no_oficial": 292
      }
    },
    {
      "type": "Feature",
      "geometry": {
        "type": "Point",
        "coordinates": [
          -74.1258699999246,
          4.710950000372349
        ]
      },
      "properties": {
        "DANE12_EST": "111001025216",
        "id_establecimiento": "111001025216",
        "nombre_establecimiento": "COLEGIO VILLA AMALIA (IED)",
        "nombre_localidad": "Engativa",
        "codigo_upz": "73",
        "nombre_upz": "GARCES NAVAS",
        "estrato": "Estrato 2",
        "zona": "URBANA",
        "caracter_media": "Académico",
        "lon": -74.1258699999246,
        "lat": 4.710950000372349,
        "codigo_localidad": "10",
        "q_j": 256.63,
        "puntaje_2023": 255.77,
        "punt_global_2020": 257.76,
        "punt_global_2022": 256.36,
        "matricula_total": 1328.0,
        "demanda_total": 1454.0,
        "sobre_demanda_j": 1.0948795180722892,
        "n_hogares_muestra": 2364.0,
        "poblacion_expandida": 167506.0000011,
        "tasa_pobreza_monetaria": 0.2219642795258429,
        "tasa_pobreza_extrema": 0.0757724700465454,
        "tasa_ipm": 0.0305512445349205,
        "ingreso_percapita_promedio": 1231332.3061936938,
        "capacidad_pago_promedio": 0.1792359084671763,
        "tamano_hogar_promedio": 3.4970780660695926,
        "gasto_educ_promedio": 398876.4619564738,
        "tasa_deficit_cuantitativo": 0.0047428715329288,
        "tasa_deficit_cualitativo": 0.0939250012470997,
        "tasa_deficit_habitacional": 0.0986678727800285,
        "pct_estrato_1": 0.0056796068421056,
        "pct_estrato_2": 0.19212094725018,
        "pct_estrato_3": 0.7082817853546792,
        "pct_estrato_4": 0.093917660553035,
        "pct_estrato_5": 0.0,
        "pct_estrato_6": 0.0,
        "s0_localidad": 0.45908732785239414,
        "dist_transmilenio_m": 1707.151778631727,
        "dist_sitp_m": 137.1147889320186,
        "dist_parque_m": 97.50531282644084,
        "homicidios": 114.0,
        "lesiones_personales": 3260.0,
        "hurto_personas": 44584.0,
        "hurto_residencias": 4694.0,
        "hurto_automotores": 1548.0,
        "hurto_bicicletas": 2840.0,
        "hurto_comercio": 11724.0,
        "hurto_entidades": 1616.0,
        "violencia_intrafam": 6497.0,
        "delitos_sexuales": 1001.0,
        "pct_no_oficial": 73.15,
        "n_sedes_total": 257,
        "n_sedes_no_oficial": 188
      }
    },
    {
      "type": "Feature",
      "geometry": {
        "type": "Point",
        "coordinates": [
          -74.08591000039262,
          4.605500000483872
        ]
      },
      "properties": {
        "DANE12_EST": "111001025313",
        "id_establecimiento": "111001025313",
        "nombre_establecimiento": "COLEGIO LICEO NACIONAL AGUSTIN NIETO CABALLERO (IED)",
        "nombre_localidad": "Los Martires",
        "codigo_upz": "102",
        "nombre_upz": "LA SABANA",
        "estrato": "Estrato 2",
        "zona": "URBANA",
        "caracter_media": "Técnico",
        "lon": -74.08591000039262,
        "lat": 4.605500000483872,
        "codigo_localidad": "14",
        "q_j": 249.48333333333335,
        "puntaje_2023": 242.69,
        "punt_global_2020": 246.04,
        "punt_global_2022": 259.72,
        "matricula_total": 731.0,
        "demanda_total": 911.0,
        "sobre_demanda_j": 1.2462380300957592,
        "n_hogares_muestra": 2165.0,
        "poblacion_expandida": 39295.0,
        "tasa_pobreza_monetaria": 0.4324740129100394,
        "tasa_pobreza_extrema": 0.1580202324697798,
        "tasa_ipm": 0.1044810492250922,
        "ingreso_percapita_promedio": 862033.7606376254,
        "capacidad_pago_promedio": 0.3752397003969971,
        "tamano_hogar_promedio": 3.334361474559104,
        "gasto_educ_promedio": 238742.41054684692,
        "tasa_deficit_cuantitativo": 0.02678919004199,
        "tasa_deficit_cualitativo": 0.21042827307291,
        "tasa_deficit_habitacional": 0.2372174631149001,
        "pct_estrato_1": 0.0017800902913856,
        "pct_estrato_2": 0.2632160191322051,
        "pct_estrato_3": 0.6492448415421809,
        "pct_estrato_4": 0.0832601198065911,
        "pct_estrato_5": 0.0,
        "pct_estrato_6": 0.0,
        "s0_localidad": 0.38962747752475235,
        "dist_transmilenio_m": 445.17345202584727,
        "dist_sitp_m": 158.89460136836055,
        "dist_parque_m": 132.55148361547566,
        "homicidios": 125.0,
        "lesiones_personales": 1566.0,
        "hurto_personas": 18260.0,
        "hurto_residencias": 709.0,
        "hurto_automotores": 275.0,
        "hurto_bicicletas": 493.0,
        "hurto_comercio": 4878.0,
        "hurto_entidades": 317.0,
        "violencia_intrafam": 1250.0,
        "delitos_sexuales": 516.0,
        "pct_no_oficial": 58.33,
        "n_sedes_total": 36,
        "n_sedes_no_oficial": 21
      }
    },
    {
      "type": "Feature",
      "geometry": {
        "type": "Point",
        "coordinates": [
          -74.09267999991947,
          4.594119999788852
        ]
      },
      "properties": {
        "DANE12_EST": "111001026069",
        "id_establecimiento": "111001026069",
        "nombre_establecimiento": "COLEGIO TECNICO MENORAH (IED)",
        "nombre_localidad": "Los Martires",
        "codigo_upz": "37",
        "nombre_upz": "SANTA ISABEL",
        "estrato": "Estrato 3",
        "zona": "URBANA",
        "caracter_media": "Técnico",
        "lon": -74.09267999991947,
        "lat": 4.594119999788852,
        "codigo_localidad": "14",
        "q_j": 274.06333333333333,
        "puntaje_2023": 271.54,
        "punt_global_2020": 269.84,
        "punt_global_2022": 280.81,
        "matricula_total": 1466.0,
        "demanda_total": 1569.0,
        "sobre_demanda_j": 1.0702592087312415,
        "n_hogares_muestra": 2571.0,
        "poblacion_expandida": 44107.0000027,
        "tasa_pobreza_monetaria": 0.340840705275347,
        "tasa_pobreza_extrema": 0.1519588276189655,
        "tasa_ipm": 0.0484573436907784,
        "ingreso_percapita_promedio": 980293.8746904637,
        "capacidad_pago_promedio": 0.1805995986762278,
        "tamano_hogar_promedio": 3.165869700509038,
        "gasto_educ_promedio": 281465.307176558,
        "tasa_deficit_cuantitativo": 0.0344442950893735,
        "tasa_deficit_cualitativo": 0.1517103768628649,
        "tasa_deficit_habitacional": 0.1861546719522384,
        "pct_estrato_1": 0.0,
        "pct_estrato_2": 0.0117304708927908,
        "pct_estrato_3": 0.9882695291072092,
        "pct_estrato_4": 0.0,
        "pct_estrato_5": 0.0,
        "pct_estrato_6": 0.0,
        "s0_localidad": 0.38962747752475235,
        "dist_transmilenio_m": 453.0050857061863,
        "dist_sitp_m": 115.52460693667474,
        "dist_parque_m": 83.66808652245537,
        "homicidios": 125.0,
        "lesiones_personales": 1566.0,
        "hurto_personas": 18260.0,
        "hurto_residencias": 709.0,
        "hurto_automotores": 275.0,
        "hurto_bicicletas": 493.0,
        "hurto_comercio": 4878.0,
        "hurto_entidades": 317.0,
        "violencia_intrafam": 1250.0,
        "delitos_sexuales": 516.0,
        "pct_no_oficial": 58.33,
        "n_sedes_total": 36,
        "n_sedes_no_oficial": 21
      }
    },
    {
      "type": "Feature",
      "geometry": {
        "type": "Point",
        "coordinates": [
          -74.15169000035327,
          4.621880000471504
        ]
      },
      "properties": {
        "DANE12_EST": "111001026964",
        "id_establecimiento": "111001026964",
        "nombre_establecimiento": "COLEGIO JOHN F. KENNEDY (IED)",
        "nombre_localidad": "Kennedy",
        "codigo_upz": "47",
        "nombre_upz": "KENNEDY CENTRAL",
        "estrato": "Estrato 3",
        "zona": "URBANA",
        "caracter_media": "Académico",
        "lon": -74.15169000035327,
        "lat": 4.621880000471504,
        "codigo_localidad": "08",
        "q_j": 255.51999999999998,
        "puntaje_2023": 261.42,
        "punt_global_2020": 251.09,
        "punt_global_2022": 254.05,
        "matricula_total": 2263.0,
        "demanda_total": 2546.0,
        "sobre_demanda_j": 1.1250552364118427,
        "n_hogares_muestra": 2378.0,
        "poblacion_expandida": 93575.0000042,
        "tasa_pobreza_monetaria": 0.2672083143134141,
        "tasa_pobreza_extrema": 0.0750444951042993,
        "tasa_ipm": 0.0337154060310809,
        "ingreso_percapita_promedio": 926690.9510180312,
        "capacidad_pago_promedio": 0.1664851532866766,
        "tamano_hogar_promedio": 3.513604109073394,
        "gasto_educ_promedio": 259520.21119855996,
        "tasa_deficit_cuantitativo": 0.0040550762701893,
        "tasa_deficit_cualitativo": 0.0744366713148529,
        "tasa_deficit_habitacional": 0.0784917475850423,
        "pct_estrato_1": 0.0010352239550697,
        "pct_estrato_2": 0.0074430445350653,
        "pct_estrato_3": 0.9915217315098648,
        "pct_estrato_4": 0.0,
        "pct_estrato_5": 0.0,
        "pct_estrato_6": 0.0,
        "s0_localidad": 0.3719221758740453,
        "dist_transmilenio_m": 1235.4768137277292,
        "dist_sitp_m": 46.71951491296194,
        "dist_parque_m": 55.706061476707546,
        "homicidios": 277.0,
        "lesiones_personales": 5216.0,
        "hurto_personas": 45928.0,
        "hurto_residencias": 4574.0,
        "hurto_automotores": 2662.0,
        "hurto_bicicletas": 2842.0,
        "hurto_comercio": 11829.0,
        "hurto_entidades": 2994.0,
        "violencia_intrafam": 8341.0,
        "delitos_sexuales": 1353.0,
        "pct_no_oficial": 70.99,
        "n_sedes_total": 262,
        "n_sedes_no_oficial": 186
      }
    },
    {
      "type": "Feature",
      "geometry": {
        "type": "Point",
        "coordinates": [
          -74.13848000011411,
          4.551040000271202
        ]
      },
      "properties": {
        "DANE12_EST": "111001027251",
        "id_establecimiento": "111001027251",
        "nombre_establecimiento": "COLEGIO LEON DE GREIFF (IED)",
        "nombre_localidad": "Ciudad Bolivar",
        "codigo_upz": "67",
        "nombre_upz": "LUCERO",
        "estrato": "Estrato 2",
        "zona": "URBANA",
        "caracter_media": "Académico",
        "lon": -74.13848000011411,
        "lat": 4.551040000271202,
        "codigo_localidad": "19",
        "q_j": 226.10666666666668,
        "puntaje_2023": 235.0,
        "punt_global_2020": 217.58,
        "punt_global_2022": 225.74,
        "matricula_total": 1811.0,
        "demanda_total": 2102.0,
        "sobre_demanda_j": 1.1606847045831032,
        "n_hogares_muestra": 2402.0,
        "poblacion_expandida": 161831.0000128,
        "tasa_pobreza_monetaria": 0.7038631757592213,
        "tasa_pobreza_extrema": 0.2920063706370369,
        "tasa_ipm": 0.1283344089448704,
        "ingreso_percapita_promedio": 390100.4363498642,
        "capacidad_pago_promedio": 0.6999095390854729,
        "tamano_hogar_promedio": 3.793805295915117,
        "gasto_educ_promedio": 94504.09039926344,
        "tasa_deficit_cuantitativo": 0.0495404235910664,
        "tasa_deficit_cualitativo": 0.2674079830741772,
        "tasa_deficit_habitacional": 0.3169484066652437,
        "pct_estrato_1": 0.7291873913191316,
        "pct_estrato_2": 0.2533851853437022,
        "pct_estrato_3": 0.0062719642164957,
        "pct_estrato_4": 0.0,
        "pct_estrato_5": 0.0,
        "pct_estrato_6": 0.0,
        "s0_localidad": 0.24641727799438962,
        "dist_transmilenio_m": 1914.376951394715,
        "dist_sitp_m": 233.09236381539782,
        "dist_parque_m": 97.90872867916114,
        "homicidios": 450.0,
        "lesiones_personales": 4378.0,
        "hurto_personas": 16269.0,
        "hurto_residencias": 1893.0,
        "hurto_automotores": 870.0,
        "hurto_bicicletas": 472.0,
        "hurto_comercio": 4561.0,
        "hurto_entidades": 1620.0,
        "violencia_intrafam": 8567.0,
        "delitos_sexuales": 1433.0,
        "pct_no_oficial": 44.59,
        "n_sedes_total": 148,
        "n_sedes_no_oficial": 66
      }
    },
    {
      "type": "Feature",
      "geometry": {
        "type": "Point",
        "coordinates": [
          -74.15107000021214,
          4.624340000227326
        ]
      },
      "properties": {
        "DANE12_EST": "111001027308",
        "id_establecimiento": "111001027308",
        "nombre_establecimiento": "COLEGIO PROSPERO PINZON (IED)",
        "nombre_localidad": "Kennedy",
        "codigo_upz": "47",
        "nombre_upz": "KENNEDY CENTRAL",
        "estrato": "Estrato 3",
        "zona": "URBANA",
        "caracter_media": "Académico",
        "lon": -74.15107000021214,
        "lat": 4.624340000227326,
        "codigo_localidad": "08",
        "q_j": 269.2166666666667,
        "puntaje_2023": 278.85,
        "punt_global_2020": 263.47,
        "punt_global_2022": 265.33,
        "matricula_total": 1240.0,
        "demanda_total": 1357.0,
        "sobre_demanda_j": 1.0943548387096773,
        "n_hogares_muestra": 2378.0,
        "poblacion_expandida": 93575.0000042,
        "tasa_pobreza_monetaria": 0.2672083143134141,
        "tasa_pobreza_extrema": 0.0750444951042993,
        "tasa_ipm": 0.0337154060310809,
        "ingreso_percapita_promedio": 926690.9510180312,
        "capacidad_pago_promedio": 0.1664851532866766,
        "tamano_hogar_promedio": 3.513604109073394,
        "gasto_educ_promedio": 259520.21119855996,
        "tasa_deficit_cuantitativo": 0.0040550762701893,
        "tasa_deficit_cualitativo": 0.0744366713148529,
        "tasa_deficit_habitacional": 0.0784917475850423,
        "pct_estrato_1": 0.0010352239550697,
        "pct_estrato_2": 0.0074430445350653,
        "pct_estrato_3": 0.9915217315098648,
        "pct_estrato_4": 0.0,
        "pct_estrato_5": 0.0,
        "pct_estrato_6": 0.0,
        "s0_localidad": 0.3719221758740453,
        "dist_transmilenio_m": 971.1151394221145,
        "dist_sitp_m": 156.3010221000851,
        "dist_parque_m": 139.64755284800057,
        "homicidios": 277.0,
        "lesiones_personales": 5216.0,
        "hurto_personas": 45928.0,
        "hurto_residencias": 4574.0,
        "hurto_automotores": 2662.0,
        "hurto_bicicletas": 2842.0,
        "hurto_comercio": 11829.0,
        "hurto_entidades": 2994.0,
        "violencia_intrafam": 8341.0,
        "delitos_sexuales": 1353.0,
        "pct_no_oficial": 70.99,
        "n_sedes_total": 262,
        "n_sedes_no_oficial": 186
      }
    },
    {
      "type": "Feature",
      "geometry": {
        "type": "Point",
        "coordinates": [
          -74.0963499996391,
          4.567170000346645
        ]
      },
      "properties": {
        "DANE12_EST": "111001027324",
        "id_establecimiento": "111001027324",
        "nombre_establecimiento": "COLEGIO FLORENTINO GONZALEZ (IED)",
        "nombre_localidad": "San Cristobal",
        "codigo_upz": "34",
        "nombre_upz": "20 DE JULIO",
        "estrato": "Estrato 3",
        "zona": "URBANA",
        "caracter_media": "Académico",
        "lon": -74.0963499996391,
        "lat": 4.567170000346645,
        "codigo_localidad": "04",
        "q_j": 254.1833333333333,
        "puntaje_2023": 256.79,
        "punt_global_2020": 251.0,
        "punt_global_2022": 254.76,
        "matricula_total": 1353.0,
        "demanda_total": 1448.0,
        "sobre_demanda_j": 1.0702143385070215,
        "n_hogares_muestra": 2665.0,
        "poblacion_expandida": 80466.0000003,
        "tasa_pobreza_monetaria": 0.4363819277268546,
        "tasa_pobreza_extrema": 0.137425840822941,
        "tasa_ipm": 0.0554644456277603,
        "ingreso_percapita_promedio": 664284.9107945563,
        "capacidad_pago_promedio": 0.4244786661940777,
        "tamano_hogar_promedio": 3.780272207728306,
        "gasto_educ_promedio": 225987.00528337804,
        "tasa_deficit_cuantitativo": 0.0122805236733069,
        "tasa_deficit_cualitativo": 0.1420960154805429,
        "tasa_deficit_habitacional": 0.1543765391538499,
        "pct_estrato_1": 0.0010078821912322,
        "pct_estrato_2": 0.6878733674420704,
        "pct_estrato_3": 0.3111187503666972,
        "pct_estrato_4": 0.0,
        "pct_estrato_5": 0.0,
        "pct_estrato_6": 0.0,
        "s0_localidad": 0.24275340378588084,
        "dist_transmilenio_m": 177.1705949332213,
        "dist_sitp_m": 163.45775177168997,
        "dist_parque_m": 178.3792838077594,
        "homicidios": 113.0,
        "lesiones_personales": 2653.0,
        "hurto_personas": 11264.0,
        "hurto_residencias": 1302.0,
        "hurto_automotores": 438.0,
        "hurto_bicicletas": 251.0,
        "hurto_comercio": 3279.0,
        "hurto_entidades": 810.0,
        "violencia_intrafam": 4309.0,
        "delitos_sexuales": 811.0,
        "pct_no_oficial": 49.61,
        "n_sedes_total": 129,
        "n_sedes_no_oficial": 64
      }
    },
    {
      "type": "Feature",
      "geometry": {
        "type": "Point",
        "coordinates": [
          -74.10818999989968,
          4.578989999754168
        ]
      },
      "properties": {
        "DANE12_EST": "111001027332",
        "id_establecimiento": "111001027332",
        "nombre_establecimiento": "COLEGIO GUSTAVO RESTREPO (IED)",
        "nombre_localidad": "Rafael Uribe Uribe",
        "codigo_upz": "36",
        "nombre_upz": "SAN JOSE",
        "estrato": "Estrato 3",
        "zona": "URBANA",
        "caracter_media": "Técnico",
        "lon": -74.10818999989968,
        "lat": 4.578989999754168,
        "codigo_localidad": "18",
        "q_j": 263.63333333333327,
        "puntaje_2023": 261.15,
        "punt_global_2020": 264.46,
        "punt_global_2022": 265.29,
        "matricula_total": 2010.0,
        "demanda_total": 2172.0,
        "sobre_demanda_j": 1.0805970149253732,
        "n_hogares_muestra": 2185.0,
        "poblacion_expandida": 48723.0000061,
        "tasa_pobreza_monetaria": 0.3125623057897372,
        "tasa_pobreza_extrema": 0.1053114940081193,
        "tasa_ipm": 0.0273850604444092,
        "ingreso_percapita_promedio": 979518.9655288476,
        "capacidad_pago_promedio": 0.1711706012325977,
        "tamano_hogar_promedio": 3.1911789136143875,
        "gasto_educ_promedio": 291290.0627208787,
        "tasa_deficit_cuantitativo": 0.0050929432910316,
        "tasa_deficit_cualitativo": 0.0673271716230384,
        "tasa_deficit_habitacional": 0.0724201149140701,
        "pct_estrato_1": 0.0,
        "pct_estrato_2": 0.0291557383026937,
        "pct_estrato_3": 0.9700897110744916,
        "pct_estrato_4": 0.0,
        "pct_estrato_5": 0.0,
        "pct_estrato_6": 0.0,
        "s0_localidad": 0.2741314328601635,
        "dist_transmilenio_m": 91.9503609588448,
        "dist_sitp_m": 50.25392063902412,
        "dist_parque_m": 80.3293913566553,
        "homicidios": 159.0,
        "lesiones_personales": 2500.0,
        "hurto_personas": 13897.0,
        "hurto_residencias": 1530.0,
        "hurto_automotores": 660.0,
        "hurto_bicicletas": 415.0,
        "hurto_comercio": 3902.0,
        "hurto_entidades": 942.0,
        "violencia_intrafam": 3177.0,
        "delitos_sexuales": 716.0,
        "pct_no_oficial": 57.85,
        "n_sedes_total": 121,
        "n_sedes_no_oficial": 70
      }
    },
    {
      "type": "Feature",
      "geometry": {
        "type": "Point",
        "coordinates": [
          -74.11207999972733,
          4.558100000566344
        ]
      },
      "properties": {
        "DANE12_EST": "111001027383",
        "id_establecimiento": "111001027383",
        "nombre_establecimiento": "COLEGIO ALFREDO IRIARTE (IED)",
        "nombre_localidad": "Rafael Uribe Uribe",
        "codigo_upz": "54",
        "nombre_upz": "MARRUECOS",
        "estrato": "Estrato 2",
        "zona": "URBANA",
        "caracter_media": "Académico",
        "lon": -74.11207999972733,
        "lat": 4.558100000566344,
        "codigo_localidad": "18",
        "q_j": 260.20666666666665,
        "puntaje_2023": 262.31,
        "punt_global_2020": 261.8,
        "punt_global_2022": 256.51,
        "matricula_total": 1996.0,
        "demanda_total": 2155.0,
        "sobre_demanda_j": 1.0796593186372745,
        "n_hogares_muestra": 2741.0,
        "poblacion_expandida": 120852.0000177,
        "tasa_pobreza_monetaria": 0.4994434554385517,
        "tasa_pobreza_extrema": 0.1892095265113609,
        "tasa_ipm": 0.0883647402048451,
        "ingreso_percapita_promedio": 604853.1814262352,
        "capacidad_pago_promedio": 0.5412289176672314,
        "tamano_hogar_promedio": 3.797427198003224,
        "gasto_educ_promedio": 130604.77324336328,
        "tasa_deficit_cuantitativo": 0.00327056179825,
        "tasa_deficit_cualitativo": 0.1622393459763046,
        "tasa_deficit_habitacional": 0.1655099077745546,
        "pct_estrato_1": 0.0840014419174955,
        "pct_estrato_2": 0.8319516782450803,
        "pct_estrato_3": 0.084046879837424,
        "pct_estrato_4": 0.0,
        "pct_estrato_5": 0.0,
        "pct_estrato_6": 0.0,
        "s0_localidad": 0.2741314328601635,
        "dist_transmilenio_m": 1086.594441514847,
        "dist_sitp_m": 136.73579667312583,
        "dist_parque_m": 17.85469967312691,
        "homicidios": 159.0,
        "lesiones_personales": 2500.0,
        "hurto_personas": 13897.0,
        "hurto_residencias": 1530.0,
        "hurto_automotores": 660.0,
        "hurto_bicicletas": 415.0,
        "hurto_comercio": 3902.0,
        "hurto_entidades": 942.0,
        "violencia_intrafam": 3177.0,
        "delitos_sexuales": 716.0,
        "pct_no_oficial": 57.85,
        "n_sedes_total": 121,
        "n_sedes_no_oficial": 70
      }
    },
    {
      "type": "Feature",
      "geometry": {
        "type": "Point",
        "coordinates": [
          -74.17794000005391,
          4.616540000231793
        ]
      },
      "properties": {
        "DANE12_EST": "111001027391",
        "id_establecimiento": "111001027391",
        "nombre_establecimiento": "COLEGIO MANUEL CEPEDA VARGAS (IED)",
        "nombre_localidad": "Kennedy",
        "codigo_upz": "81",
        "nombre_upz": "GRAN BRITALIA",
        "estrato": "Estrato 2",
        "zona": "URBANA",
        "caracter_media": "Académico",
        "lon": -74.17794000005391,
        "lat": 4.616540000231793,
        "codigo_localidad": "08",
        "q_j": 253.7966666666667,
        "puntaje_2023": 259.28,
        "punt_global_2020": 254.43,
        "punt_global_2022": 247.68,
        "matricula_total": 5606.0,
        "demanda_total": 6074.0,
        "sobre_demanda_j": 1.0834819835890117,
        "n_hogares_muestra": 2381.0,
        "poblacion_expandida": 62532.0000021,
        "tasa_pobreza_monetaria": 0.4225708962005469,
        "tasa_pobreza_extrema": 0.1110827996204619,
        "tasa_ipm": 0.0629229657754087,
        "ingreso_percapita_promedio": 679816.3293689567,
        "capacidad_pago_promedio": 0.4189400908002339,
        "tamano_hogar_promedio": 3.539429057897831,
        "gasto_educ_promedio": 175746.67139168124,
        "tasa_deficit_cuantitativo": 0.0031220968607024,
        "tasa_deficit_cualitativo": 0.1647288881237457,
        "tasa_deficit_habitacional": 0.1678509849844481,
        "pct_estrato_1": 0.0053601105320275,
        "pct_estrato_2": 0.978122441841712,
        "pct_estrato_3": 0.0165174476262603,
        "pct_estrato_4": 0.0,
        "pct_estrato_5": 0.0,
        "pct_estrato_6": 0.0,
        "s0_localidad": 0.3719221758740453,
        "dist_transmilenio_m": 1526.9530766897635,
        "dist_sitp_m": 76.49220612449412,
        "dist_parque_m": 174.83746519948608,
        "homicidios": 277.0,
        "lesiones_personales": 5216.0,
        "hurto_personas": 45928.0,
        "hurto_residencias": 4574.0,
        "hurto_automotores": 2662.0,
        "hurto_bicicletas": 2842.0,
        "hurto_comercio": 11829.0,
        "hurto_entidades": 2994.0,
        "violencia_intrafam": 8341.0,
        "delitos_sexuales": 1353.0,
        "pct_no_oficial": 70.99,
        "n_sedes_total": 262,
        "n_sedes_no_oficial": 186
      }
    },
    {
      "type": "Feature",
      "geometry": {
        "type": "Point",
        "coordinates": [
          -74.16705999969305,
          4.636690000152706
        ]
      },
      "properties": {
        "DANE12_EST": "111001027405",
        "id_establecimiento": "111001027405",
        "nombre_establecimiento": "COLEGIO JAIRO ANIBAL NIÑO (CED)",
        "nombre_localidad": "Kennedy",
        "codigo_upz": "82",
        "nombre_upz": "PATIO BONITO",
        "estrato": "Estrato 2",
        "zona": "URBANA",
        "caracter_media": "Sin información",
        "lon": -74.16705999969305,
        "lat": 4.636690000152706,
        "codigo_localidad": "08",
        "q_j": null,
        "puntaje_2023": null,
        "punt_global_2020": null,
        "punt_global_2022": null,
        "matricula_total": 1460.0,
        "demanda_total": 1658.0,
        "sobre_demanda_j": 1.1356164383561644,
        "n_hogares_muestra": 3134.0,
        "poblacion_expandida": 138658.00000200002,
        "tasa_pobreza_monetaria": 0.6585619570185843,
        "tasa_pobreza_extrema": 0.2523168302650793,
        "tasa_ipm": 0.1284792567449627,
        "ingreso_percapita_promedio": 447236.7594871012,
        "capacidad_pago_promedio": 0.6481882147939796,
        "tamano_hogar_promedio": 3.7817963159676062,
        "gasto_educ_promedio": 124887.69466509685,
        "tasa_deficit_cuantitativo": 0.0269346346755768,
        "tasa_deficit_cualitativo": 0.2198651124468856,
        "tasa_deficit_habitacional": 0.2467997471224624,
        "pct_estrato_1": 0.0272882212569445,
        "pct_estrato_2": 0.9722349168079414,
        "pct_estrato_3": 0.000476861935114,
        "pct_estrato_4": 0.0,
        "pct_estrato_5": 0.0,
        "pct_estrato_6": 0.0,
        "s0_localidad": 0.3719221758740453,
        "dist_transmilenio_m": 475.1637416418526,
        "dist_sitp_m": 160.4567380497062,
        "dist_parque_m": 44.48031176398261,
        "homicidios": 277.0,
        "lesiones_personales": 5216.0,
        "hurto_personas": 45928.0,
        "hurto_residencias": 4574.0,
        "hurto_automotores": 2662.0,
        "hurto_bicicletas": 2842.0,
        "hurto_comercio": 11829.0,
        "hurto_entidades": 2994.0,
        "violencia_intrafam": 8341.0,
        "delitos_sexuales": 1353.0,
        "pct_no_oficial": 70.99,
        "n_sedes_total": 262,
        "n_sedes_no_oficial": 186
      }
    },
    {
      "type": "Feature",
      "geometry": {
        "type": "Point",
        "coordinates": [
          -74.07350000021964,
          4.671850000346021
        ]
      },
      "properties": {
        "DANE12_EST": "111001028258",
        "id_establecimiento": "111001028258",
        "nombre_establecimiento": "COLEGIO RAFAEL BERNAL JIMENEZ (IED)",
        "nombre_localidad": "Barrios Unidos",
        "codigo_upz": "22",
        "nombre_upz": "DOCE DE OCTUBRE",
        "estrato": "Estrato 3",
        "zona": "URBANA",
        "caracter_media": "Académico",
        "lon": -74.07350000021964,
        "lat": 4.671850000346021,
        "codigo_localidad": "12",
        "q_j": 270.22999999999996,
        "puntaje_2023": 268.85,
        "punt_global_2020": 273.44,
        "punt_global_2022": 268.4,
        "matricula_total": 1225.0,
        "demanda_total": 1285.0,
        "sobre_demanda_j": 1.0489795918367346,
        "n_hogares_muestra": null,
        "poblacion_expandida": null,
        "tasa_pobreza_monetaria": null,
        "tasa_pobreza_extrema": null,
        "tasa_ipm": null,
        "ingreso_percapita_promedio": null,
        "capacidad_pago_promedio": null,
        "tamano_hogar_promedio": null,
        "gasto_educ_promedio": null,
        "tasa_deficit_cuantitativo": null,
        "tasa_deficit_cualitativo": null,
        "tasa_deficit_habitacional": null,
        "pct_estrato_1": null,
        "pct_estrato_2": null,
        "pct_estrato_3": null,
        "pct_estrato_4": null,
        "pct_estrato_5": null,
        "pct_estrato_6": null,
        "s0_localidad": 0.4940130594962374,
        "dist_transmilenio_m": 308.0120736649773,
        "dist_sitp_m": 225.30440307565067,
        "dist_parque_m": 53.75702766768845,
        "homicidios": 31.0,
        "lesiones_personales": 1214.0,
        "hurto_personas": 18587.0,
        "hurto_residencias": 1176.0,
        "hurto_automotores": 352.0,
        "hurto_bicicletas": 816.0,
        "hurto_comercio": 4973.0,
        "hurto_entidades": 320.0,
        "violencia_intrafam": 1281.0,
        "delitos_sexuales": 275.0,
        "pct_no_oficial": 61.9,
        "n_sedes_total": 63,
        "n_sedes_no_oficial": 39
      }
    },
    {
      "type": "Feature",
      "geometry": {
        "type": "Point",
        "coordinates": [
          -74.13813000030974,
          4.553389999769269
        ]
      },
      "properties": {
        "DANE12_EST": "111001028266",
        "id_establecimiento": "111001028266",
        "nombre_establecimiento": "COLEGIO CIUDAD DE MONTREAL (IED)",
        "nombre_localidad": "Ciudad Bolivar",
        "codigo_upz": "67",
        "nombre_upz": "LUCERO",
        "estrato": "Estrato 2",
        "zona": "URBANA",
        "caracter_media": "Académico",
        "lon": -74.13813000030974,
        "lat": 4.553389999769269,
        "codigo_localidad": "19",
        "q_j": 250.4333333333333,
        "puntaje_2023": 248.46,
        "punt_global_2020": 244.09,
        "punt_global_2022": 258.75,
        "matricula_total": 833.0,
        "demanda_total": 891.0,
        "sobre_demanda_j": 1.0696278511404562,
        "n_hogares_muestra": 2402.0,
        "poblacion_expandida": 161831.0000128,
        "tasa_pobreza_monetaria": 0.7038631757592213,
        "tasa_pobreza_extrema": 0.2920063706370369,
        "tasa_ipm": 0.1283344089448704,
        "ingreso_percapita_promedio": 390100.4363498642,
        "capacidad_pago_promedio": 0.6999095390854729,
        "tamano_hogar_promedio": 3.793805295915117,
        "gasto_educ_promedio": 94504.09039926344,
        "tasa_deficit_cuantitativo": 0.0495404235910664,
        "tasa_deficit_cualitativo": 0.2674079830741772,
        "tasa_deficit_habitacional": 0.3169484066652437,
        "pct_estrato_1": 0.7291873913191316,
        "pct_estrato_2": 0.2533851853437022,
        "pct_estrato_3": 0.0062719642164957,
        "pct_estrato_4": 0.0,
        "pct_estrato_5": 0.0,
        "pct_estrato_6": 0.0,
        "s0_localidad": 0.24641727799438962,
        "dist_transmilenio_m": 1687.923559960867,
        "dist_sitp_m": 138.29884244207477,
        "dist_parque_m": 185.5353694251388,
        "homicidios": 450.0,
        "lesiones_personales": 4378.0,
        "hurto_personas": 16269.0,
        "hurto_residencias": 1893.0,
        "hurto_automotores": 870.0,
        "hurto_bicicletas": 472.0,
        "hurto_comercio": 4561.0,
        "hurto_entidades": 1620.0,
        "violencia_intrafam": 8567.0,
        "delitos_sexuales": 1433.0,
        "pct_no_oficial": 44.59,
        "n_sedes_total": 148,
        "n_sedes_no_oficial": 66
      }
    },
    {
      "type": "Feature",
      "geometry": {
        "type": "Point",
        "coordinates": [
          -74.10973999980328,
          4.543150000174058
        ]
      },
      "properties": {
        "DANE12_EST": "111001028380",
        "id_establecimiento": "111001028380",
        "nombre_establecimiento": "COLEGIO PALERMO SUR (CED)",
        "nombre_localidad": "Rafael Uribe Uribe",
        "codigo_upz": "55",
        "nombre_upz": "DIANA TURBAY",
        "estrato": "Estrato 2",
        "zona": "URBANA",
        "caracter_media": "Sin información",
        "lon": -74.10973999980328,
        "lat": 4.543150000174058,
        "codigo_localidad": "18",
        "q_j": null,
        "puntaje_2023": null,
        "punt_global_2020": null,
        "punt_global_2022": null,
        "matricula_total": 1300.0,
        "demanda_total": 1366.0,
        "sobre_demanda_j": 1.0507692307692307,
        "n_hogares_muestra": 2431.0,
        "poblacion_expandida": 75394.00000069999,
        "tasa_pobreza_monetaria": 0.6239134951436888,
        "tasa_pobreza_extrema": 0.2314413282361725,
        "tasa_ipm": 0.1293308840412959,
        "ingreso_percapita_promedio": 475879.3776286632,
        "capacidad_pago_promedio": 0.5022315466330005,
        "tamano_hogar_promedio": 3.685937960754435,
        "gasto_educ_promedio": 124946.7502659414,
        "tasa_deficit_cuantitativo": 0.0178050504189661,
        "tasa_deficit_cualitativo": 0.206111604975936,
        "tasa_deficit_habitacional": 0.2239166553949022,
        "pct_estrato_1": 0.2911565840318353,
        "pct_estrato_2": 0.7069788979335905,
        "pct_estrato_3": 0.0018645180345743,
        "pct_estrato_4": 0.0,
        "pct_estrato_5": 0.0,
        "pct_estrato_6": 0.0,
        "s0_localidad": 0.2741314328601635,
        "dist_transmilenio_m": 1232.9457086679117,
        "dist_sitp_m": 17.939304235601867,
        "dist_parque_m": 71.52272105451976,
        "homicidios": 159.0,
        "lesiones_personales": 2500.0,
        "hurto_personas": 13897.0,
        "hurto_residencias": 1530.0,
        "hurto_automotores": 660.0,
        "hurto_bicicletas": 415.0,
        "hurto_comercio": 3902.0,
        "hurto_entidades": 942.0,
        "violencia_intrafam": 3177.0,
        "delitos_sexuales": 716.0,
        "pct_no_oficial": 57.85,
        "n_sedes_total": 121,
        "n_sedes_no_oficial": 70
      }
    },
    {
      "type": "Feature",
      "geometry": {
        "type": "Point",
        "coordinates": [
          -74.16284000015253,
          4.608980000027107
        ]
      },
      "properties": {
        "DANE12_EST": "111001029114",
        "id_establecimiento": "111001029114",
        "nombre_establecimiento": "COLEGIO JACKELINE (IED)",
        "nombre_localidad": "Kennedy",
        "codigo_upz": "48",
        "nombre_upz": "TIMIZA",
        "estrato": "Estrato 2",
        "zona": "URBANA",
        "caracter_media": "Sin información",
        "lon": -74.16284000015253,
        "lat": 4.608980000027107,
        "codigo_localidad": "08",
        "q_j": 261.92,
        "puntaje_2023": 266.54,
        "punt_global_2020": 254.35,
        "punt_global_2022": 264.87,
        "matricula_total": 1512.0,
        "demanda_total": 1630.0,
        "sobre_demanda_j": 1.0780423280423281,
        "n_hogares_muestra": 2432.0,
        "poblacion_expandida": 140406.00000220002,
        "tasa_pobreza_monetaria": 0.3392972321151057,
        "tasa_pobreza_extrema": 0.1338840227747066,
        "tasa_ipm": 0.0317013659482519,
        "ingreso_percapita_promedio": 896426.5836674817,
        "capacidad_pago_promedio": 0.2768039610557314,
        "tamano_hogar_promedio": 3.5291548518092943,
        "gasto_educ_promedio": 246574.6721411968,
        "tasa_deficit_cuantitativo": 0.0067183660739941,
        "tasa_deficit_cualitativo": 0.0935675342570413,
        "tasa_deficit_habitacional": 0.1002859003310355,
        "pct_estrato_1": 0.0114865100478236,
        "pct_estrato_2": 0.2780580974943255,
        "pct_estrato_3": 0.7104553924578507,
        "pct_estrato_4": 0.0,
        "pct_estrato_5": 0.0,
        "pct_estrato_6": 0.0,
        "s0_localidad": 0.3719221758740453,
        "dist_transmilenio_m": 1485.7784996047428,
        "dist_sitp_m": 75.26782550812686,
        "dist_parque_m": 152.80553067429685,
        "homicidios": 277.0,
        "lesiones_personales": 5216.0,
        "hurto_personas": 45928.0,
        "hurto_residencias": 4574.0,
        "hurto_automotores": 2662.0,
        "hurto_bicicletas": 2842.0,
        "hurto_comercio": 11829.0,
        "hurto_entidades": 2994.0,
        "violencia_intrafam": 8341.0,
        "delitos_sexuales": 1353.0,
        "pct_no_oficial": 70.99,
        "n_sedes_total": 262,
        "n_sedes_no_oficial": 186
      }
    },
    {
      "type": "Feature",
      "geometry": {
        "type": "Point",
        "coordinates": [
          -74.06687000043488,
          4.671040000503772
        ]
      },
      "properties": {
        "DANE12_EST": "111001029912",
        "id_establecimiento": "111001029912",
        "nombre_establecimiento": "COLEGIO JUAN FRANCISCO BERBEO (IED)",
        "nombre_localidad": "Barrios Unidos",
        "codigo_upz": "98",
        "nombre_upz": "LOS ALCAZARES",
        "estrato": "Estrato 3",
        "zona": "URBANA",
        "caracter_media": "Académico",
        "lon": -74.06687000043488,
        "lat": 4.671040000503772,
        "codigo_localidad": "12",
        "q_j": 269.6166666666666,
        "puntaje_2023": 280.38,
        "punt_global_2020": 267.43,
        "punt_global_2022": 261.04,
        "matricula_total": 1097.0,
        "demanda_total": 1221.0,
        "sobre_demanda_j": 1.1130355515041022,
        "n_hogares_muestra": 2261.0,
        "poblacion_expandida": 43325.0000007,
        "tasa_pobreza_monetaria": 0.195392019216693,
        "tasa_pobreza_extrema": 0.0434781177834867,
        "tasa_ipm": 0.0171271489714486,
        "ingreso_percapita_promedio": 1447423.36270404,
        "capacidad_pago_promedio": 0.1468334643507725,
        "tamano_hogar_promedio": 3.101802555929112,
        "gasto_educ_promedio": 344089.13322693633,
        "tasa_deficit_cuantitativo": 0.0065729456109728,
        "tasa_deficit_cualitativo": 0.075969832871248,
        "tasa_deficit_habitacional": 0.0825427784822209,
        "pct_estrato_1": 0.0037395459687797,
        "pct_estrato_2": 0.0,
        "pct_estrato_3": 0.8700645168191797,
        "pct_estrato_4": 0.1261959372120406,
        "pct_estrato_5": 0.0,
        "pct_estrato_6": 0.0,
        "s0_localidad": 0.4940130594962374,
        "dist_transmilenio_m": 297.0161851322357,
        "dist_sitp_m": 152.25838273171513,
        "dist_parque_m": 42.653378769597616,
        "homicidios": 31.0,
        "lesiones_personales": 1214.0,
        "hurto_personas": 18587.0,
        "hurto_residencias": 1176.0,
        "hurto_automotores": 352.0,
        "hurto_bicicletas": 816.0,
        "hurto_comercio": 4973.0,
        "hurto_entidades": 320.0,
        "violencia_intrafam": 1281.0,
        "delitos_sexuales": 275.0,
        "pct_no_oficial": 61.9,
        "n_sedes_total": 63,
        "n_sedes_no_oficial": 39
      }
    },
    {
      "type": "Feature",
      "geometry": {
        "type": "Point",
        "coordinates": [
          -74.02409999972726,
          4.729649999970929
        ]
      },
      "properties": {
        "DANE12_EST": "111001029955",
        "id_establecimiento": "111001029955",
        "nombre_establecimiento": "COLEGIO AGUSTIN FERNANDEZ (IED)",
        "nombre_localidad": "Usaquen",
        "codigo_upz": "13",
        "nombre_upz": "LOS CEDROS",
        "estrato": "Sin estrato",
        "zona": "URBANA",
        "caracter_media": "Académico",
        "lon": -74.02409999972726,
        "lat": 4.729649999970929,
        "codigo_localidad": "01",
        "q_j": 241.83666666666667,
        "puntaje_2023": 250.38,
        "punt_global_2020": 240.41,
        "punt_global_2022": 234.72,
        "matricula_total": 2155.0,
        "demanda_total": 2398.0,
        "sobre_demanda_j": 1.1127610208816705,
        "n_hogares_muestra": 2337.0,
        "poblacion_expandida": 131965.9999928,
        "tasa_pobreza_monetaria": 0.0450360654715931,
        "tasa_pobreza_extrema": 0.0313910876659595,
        "tasa_ipm": 0.0035858820955838,
        "ingreso_percapita_promedio": 3477195.687619948,
        "capacidad_pago_promedio": 0.0,
        "tamano_hogar_promedio": 2.724493639323889,
        "gasto_educ_promedio": 1400990.2796963418,
        "tasa_deficit_cuantitativo": 0.0010051764636894,
        "tasa_deficit_cualitativo": 0.005101073935989,
        "tasa_deficit_habitacional": 0.0061062503996784,
        "pct_estrato_1": 0.0,
        "pct_estrato_2": 0.0016135373081825,
        "pct_estrato_3": 0.0135019222481337,
        "pct_estrato_4": 0.7071300451926357,
        "pct_estrato_5": 0.2494010499825386,
        "pct_estrato_6": 0.0283534452685096,
        "s0_localidad": 0.6414694924474655,
        "dist_transmilenio_m": 2838.0213047552197,
        "dist_sitp_m": 37.229114155602815,
        "dist_parque_m": 207.48668006739965,
        "homicidios": 93.0,
        "lesiones_personales": 1898.0,
        "hurto_personas": 34039.0,
        "hurto_residencias": 3332.0,
        "hurto_automotores": 363.0,
        "hurto_bicicletas": 1238.0,
        "hurto_comercio": 8366.0,
        "hurto_entidades": 408.0,
        "violencia_intrafam": 3095.0,
        "delitos_sexuales": 602.0,
        "pct_no_oficial": 78.79,
        "n_sedes_total": 132,
        "n_sedes_no_oficial": 104
      }
    },
    {
      "type": "Feature",
      "geometry": {
        "type": "Point",
        "coordinates": [
          -74.10134000000689,
          4.56851000012683
        ]
      },
      "properties": {
        "DANE12_EST": "111001030015",
        "id_establecimiento": "111001030015",
        "nombre_establecimiento": "COLEGIO ENRIQUE OLAYA HERRERA (IED)",
        "nombre_localidad": "Rafael Uribe Uribe",
        "codigo_upz": "36",
        "nombre_upz": "SAN JOSE",
        "estrato": "Estrato 3",
        "zona": "URBANA",
        "caracter_media": "Académico",
        "lon": -74.10134000000689,
        "lat": 4.56851000012683,
        "codigo_localidad": "18",
        "q_j": 254.42999999999998,
        "puntaje_2023": 256.14,
        "punt_global_2020": 249.83,
        "punt_global_2022": 257.32,
        "matricula_total": 4491.0,
        "demanda_total": 4793.0,
        "sobre_demanda_j": 1.0672456023157426,
        "n_hogares_muestra": 2185.0,
        "poblacion_expandida": 48723.0000061,
        "tasa_pobreza_monetaria": 0.3125623057897372,
        "tasa_pobreza_extrema": 0.1053114940081193,
        "tasa_ipm": 0.0273850604444092,
        "ingreso_percapita_promedio": 979518.9655288476,
        "capacidad_pago_promedio": 0.1711706012325977,
        "tamano_hogar_promedio": 3.1911789136143875,
        "gasto_educ_promedio": 291290.0627208787,
        "tasa_deficit_cuantitativo": 0.0050929432910316,
        "tasa_deficit_cualitativo": 0.0673271716230384,
        "tasa_deficit_habitacional": 0.0724201149140701,
        "pct_estrato_1": 0.0,
        "pct_estrato_2": 0.0291557383026937,
        "pct_estrato_3": 0.9700897110744916,
        "pct_estrato_4": 0.0,
        "pct_estrato_5": 0.0,
        "pct_estrato_6": 0.0,
        "s0_localidad": 0.2741314328601635,
        "dist_transmilenio_m": 440.9320678349079,
        "dist_sitp_m": 103.20838584047533,
        "dist_parque_m": 102.36647012730828,
        "homicidios": 159.0,
        "lesiones_personales": 2500.0,
        "hurto_personas": 13897.0,
        "hurto_residencias": 1530.0,
        "hurto_automotores": 660.0,
        "hurto_bicicletas": 415.0,
        "hurto_comercio": 3902.0,
        "hurto_entidades": 942.0,
        "violencia_intrafam": 3177.0,
        "delitos_sexuales": 716.0,
        "pct_no_oficial": 57.85,
        "n_sedes_total": 121,
        "n_sedes_no_oficial": 70
      }
    },
    {
      "type": "Feature",
      "geometry": {
        "type": "Point",
        "coordinates": [
          -74.08537999976487,
          4.571300000053523
        ]
      },
      "properties": {
        "DANE12_EST": "111001030066",
        "id_establecimiento": "111001030066",
        "nombre_establecimiento": "COLEGIO MANUELITA SAENZ (IED)",
        "nombre_localidad": "San Cristobal",
        "codigo_upz": "33",
        "nombre_upz": "SOSIEGO",
        "estrato": "Estrato 2",
        "zona": "URBANA",
        "caracter_media": "Académico",
        "lon": -74.08537999976487,
        "lat": 4.571300000053523,
        "codigo_localidad": "04",
        "q_j": 260.66,
        "puntaje_2023": 262.73,
        "punt_global_2020": 263.06,
        "punt_global_2022": 256.19,
        "matricula_total": 2916.0,
        "demanda_total": 3141.0,
        "sobre_demanda_j": 1.0771604938271604,
        "n_hogares_muestra": 2142.0,
        "poblacion_expandida": 44028.000002,
        "tasa_pobreza_monetaria": 0.2922676293157868,
        "tasa_pobreza_extrema": 0.1048946791993779,
        "tasa_ipm": 0.0383286416353989,
        "ingreso_percapita_promedio": 1027486.805516976,
        "capacidad_pago_promedio": 0.1922017177186244,
        "tamano_hogar_promedio": 3.490771427982612,
        "gasto_educ_promedio": 308150.2784604551,
        "tasa_deficit_cuantitativo": 0.0035378109383329,
        "tasa_deficit_cualitativo": 0.0844290801428895,
        "tasa_deficit_habitacional": 0.0879668910812225,
        "pct_estrato_1": 0.0,
        "pct_estrato_2": 0.284426128775578,
        "pct_estrato_3": 0.7155738712244221,
        "pct_estrato_4": 0.0,
        "pct_estrato_5": 0.0,
        "pct_estrato_6": 0.0,
        "s0_localidad": 0.24275340378588084,
        "dist_transmilenio_m": 1116.053760458286,
        "dist_sitp_m": 159.33706305865735,
        "dist_parque_m": 74.59574790078432,
        "homicidios": 113.0,
        "lesiones_personales": 2653.0,
        "hurto_personas": 11264.0,
        "hurto_residencias": 1302.0,
        "hurto_automotores": 438.0,
        "hurto_bicicletas": 251.0,
        "hurto_comercio": 3279.0,
        "hurto_entidades": 810.0,
        "violencia_intrafam": 4309.0,
        "delitos_sexuales": 811.0,
        "pct_no_oficial": 49.61,
        "n_sedes_total": 129,
        "n_sedes_no_oficial": 64
      }
    },
    {
      "type": "Feature",
      "geometry": {
        "type": "Point",
        "coordinates": [
          -74.14291999976267,
          4.552610000436166
        ]
      },
      "properties": {
        "DANE12_EST": "111001030821",
        "id_establecimiento": "111001030821",
        "nombre_establecimiento": "COLEGIO SANTA BARBARA (IED)",
        "nombre_localidad": "Ciudad Bolivar",
        "codigo_upz": "67",
        "nombre_upz": "LUCERO",
        "estrato": "Estrato 1",
        "zona": "URBANA",
        "caracter_media": "Académico",
        "lon": -74.14291999976267,
        "lat": 4.552610000436166,
        "codigo_localidad": "19",
        "q_j": 239.84333333333333,
        "puntaje_2023": 244.23,
        "punt_global_2020": 226.76,
        "punt_global_2022": 248.54,
        "matricula_total": 1431.0,
        "demanda_total": 1559.0,
        "sobre_demanda_j": 1.0894479385045424,
        "n_hogares_muestra": 2402.0,
        "poblacion_expandida": 161831.0000128,
        "tasa_pobreza_monetaria": 0.7038631757592213,
        "tasa_pobreza_extrema": 0.2920063706370369,
        "tasa_ipm": 0.1283344089448704,
        "ingreso_percapita_promedio": 390100.4363498642,
        "capacidad_pago_promedio": 0.6999095390854729,
        "tamano_hogar_promedio": 3.793805295915117,
        "gasto_educ_promedio": 94504.09039926344,
        "tasa_deficit_cuantitativo": 0.0495404235910664,
        "tasa_deficit_cualitativo": 0.2674079830741772,
        "tasa_deficit_habitacional": 0.3169484066652437,
        "pct_estrato_1": 0.7291873913191316,
        "pct_estrato_2": 0.2533851853437022,
        "pct_estrato_3": 0.0062719642164957,
        "pct_estrato_4": 0.0,
        "pct_estrato_5": 0.0,
        "pct_estrato_6": 0.0,
        "s0_localidad": 0.24641727799438962,
        "dist_transmilenio_m": 1929.6293595657858,
        "dist_sitp_m": 35.81153860407942,
        "dist_parque_m": 242.59034459775145,
        "homicidios": 450.0,
        "lesiones_personales": 4378.0,
        "hurto_personas": 16269.0,
        "hurto_residencias": 1893.0,
        "hurto_automotores": 870.0,
        "hurto_bicicletas": 472.0,
        "hurto_comercio": 4561.0,
        "hurto_entidades": 1620.0,
        "violencia_intrafam": 8567.0,
        "delitos_sexuales": 1433.0,
        "pct_no_oficial": 44.59,
        "n_sedes_total": 148,
        "n_sedes_no_oficial": 66
      }
    },
    {
      "type": "Feature",
      "geometry": {
        "type": "Point",
        "coordinates": [
          -74.14162000010431,
          4.555840000256322
        ]
      },
      "properties": {
        "DANE12_EST": "111001030830",
        "id_establecimiento": "111001030830",
        "nombre_establecimiento": "COLEGIO UNION EUROPEA (IED)",
        "nombre_localidad": "Ciudad Bolivar",
        "codigo_upz": "67",
        "nombre_upz": "LUCERO",
        "estrato": "Estrato 1",
        "zona": "URBANA",
        "caracter_media": "Académico",
        "lon": -74.14162000010431,
        "lat": 4.555840000256322,
        "codigo_localidad": "19",
        "q_j": 239.58,
        "puntaje_2023": 242.85,
        "punt_global_2020": 247.24,
        "punt_global_2022": 228.65,
        "matricula_total": 1977.0,
        "demanda_total": 2090.0,
        "sobre_demanda_j": 1.0571573090541224,
        "n_hogares_muestra": 2402.0,
        "poblacion_expandida": 161831.0000128,
        "tasa_pobreza_monetaria": 0.7038631757592213,
        "tasa_pobreza_extrema": 0.2920063706370369,
        "tasa_ipm": 0.1283344089448704,
        "ingreso_percapita_promedio": 390100.4363498642,
        "capacidad_pago_promedio": 0.6999095390854729,
        "tamano_hogar_promedio": 3.793805295915117,
        "gasto_educ_promedio": 94504.09039926344,
        "tasa_deficit_cuantitativo": 0.0495404235910664,
        "tasa_deficit_cualitativo": 0.2674079830741772,
        "tasa_deficit_habitacional": 0.3169484066652437,
        "pct_estrato_1": 0.7291873913191316,
        "pct_estrato_2": 0.2533851853437022,
        "pct_estrato_3": 0.0062719642164957,
        "pct_estrato_4": 0.0,
        "pct_estrato_5": 0.0,
        "pct_estrato_6": 0.0,
        "s0_localidad": 0.24641727799438962,
        "dist_transmilenio_m": 1549.4793163850877,
        "dist_sitp_m": 138.41238259838775,
        "dist_parque_m": 45.03225771815382,
        "homicidios": 450.0,
        "lesiones_personales": 4378.0,
        "hurto_personas": 16269.0,
        "hurto_residencias": 1893.0,
        "hurto_automotores": 870.0,
        "hurto_bicicletas": 472.0,
        "hurto_comercio": 4561.0,
        "hurto_entidades": 1620.0,
        "violencia_intrafam": 8567.0,
        "delitos_sexuales": 1433.0,
        "pct_no_oficial": 44.59,
        "n_sedes_total": 148,
        "n_sedes_no_oficial": 66
      }
    },
    {
      "type": "Feature",
      "geometry": {
        "type": "Point",
        "coordinates": [
          -74.15252999970407,
          4.574850000084946
        ]
      },
      "properties": {
        "DANE12_EST": "111001030848",
        "id_establecimiento": "111001030848",
        "nombre_establecimiento": "COLEGIO ARBORIZADORA BAJA (IED)",
        "nombre_localidad": "Ciudad Bolivar",
        "codigo_upz": "65",
        "nombre_upz": "ARBORIZADORA",
        "estrato": "Estrato 2",
        "zona": "URBANA",
        "caracter_media": "Académico",
        "lon": -74.15252999970407,
        "lat": 4.574850000084946,
        "codigo_localidad": "19",
        "q_j": 253.95666666666668,
        "puntaje_2023": 260.49,
        "punt_global_2020": 250.15,
        "punt_global_2022": 251.23,
        "matricula_total": 2402.0,
        "demanda_total": 2608.0,
        "sobre_demanda_j": 1.0857618651124064,
        "n_hogares_muestra": 2418.0,
        "poblacion_expandida": 83274.9999976,
        "tasa_pobreza_monetaria": 0.2812693059786856,
        "tasa_pobreza_extrema": 0.075905701257066,
        "tasa_ipm": 0.0301263929843566,
        "ingreso_percapita_promedio": 993465.718329111,
        "capacidad_pago_promedio": 0.2516172102756395,
        "tamano_hogar_promedio": 3.647526327724456,
        "gasto_educ_promedio": 280370.2631958299,
        "tasa_deficit_cuantitativo": 0.0065503031043617,
        "tasa_deficit_cualitativo": 0.089042463830846,
        "tasa_deficit_habitacional": 0.0955927669352077,
        "pct_estrato_1": 0.0136858269220395,
        "pct_estrato_2": 0.5267731856807476,
        "pct_estrato_3": 0.4575024442953829,
        "pct_estrato_4": 0.0020385431018299,
        "pct_estrato_5": 0.0,
        "pct_estrato_6": 0.0,
        "s0_localidad": 0.24641727799438962,
        "dist_transmilenio_m": 1585.6852870299535,
        "dist_sitp_m": 127.40925529948606,
        "dist_parque_m": 98.09861003885594,
        "homicidios": 450.0,
        "lesiones_personales": 4378.0,
        "hurto_personas": 16269.0,
        "hurto_residencias": 1893.0,
        "hurto_automotores": 870.0,
        "hurto_bicicletas": 472.0,
        "hurto_comercio": 4561.0,
        "hurto_entidades": 1620.0,
        "violencia_intrafam": 8567.0,
        "delitos_sexuales": 1433.0,
        "pct_no_oficial": 44.59,
        "n_sedes_total": 148,
        "n_sedes_no_oficial": 66
      }
    },
    {
      "type": "Feature",
      "geometry": {
        "type": "Point",
        "coordinates": [
          -74.07881000025456,
          4.623040000517844
        ]
      },
      "properties": {
        "DANE12_EST": "111001030856",
        "id_establecimiento": "111001030856",
        "nombre_establecimiento": "COLEGIO PANAMERICANO (IED)",
        "nombre_localidad": "Los Martires",
        "codigo_upz": "102",
        "nombre_upz": "LA SABANA",
        "estrato": "Estrato 3",
        "zona": "URBANA",
        "caracter_media": "Académico",
        "lon": -74.07881000025456,
        "lat": 4.623040000517844,
        "codigo_localidad": "14",
        "q_j": 232.43333333333337,
        "puntaje_2023": 243.46,
        "punt_global_2020": 221.26,
        "punt_global_2022": 232.58,
        "matricula_total": 967.0,
        "demanda_total": 1552.0,
        "sobre_demanda_j": 1.6049638055842812,
        "n_hogares_muestra": 2165.0,
        "poblacion_expandida": 39295.0,
        "tasa_pobreza_monetaria": 0.4324740129100394,
        "tasa_pobreza_extrema": 0.1580202324697798,
        "tasa_ipm": 0.1044810492250922,
        "ingreso_percapita_promedio": 862033.7606376254,
        "capacidad_pago_promedio": 0.3752397003969971,
        "tamano_hogar_promedio": 3.334361474559104,
        "gasto_educ_promedio": 238742.41054684692,
        "tasa_deficit_cuantitativo": 0.02678919004199,
        "tasa_deficit_cualitativo": 0.21042827307291,
        "tasa_deficit_habitacional": 0.2372174631149001,
        "pct_estrato_1": 0.0017800902913856,
        "pct_estrato_2": 0.2632160191322051,
        "pct_estrato_3": 0.6492448415421809,
        "pct_estrato_4": 0.0832601198065911,
        "pct_estrato_5": 0.0,
        "pct_estrato_6": 0.0,
        "s0_localidad": 0.38962747752475235,
        "dist_transmilenio_m": 366.47323008627956,
        "dist_sitp_m": 182.9760864288369,
        "dist_parque_m": 207.79679106289564,
        "homicidios": 125.0,
        "lesiones_personales": 1566.0,
        "hurto_personas": 18260.0,
        "hurto_residencias": 709.0,
        "hurto_automotores": 275.0,
        "hurto_bicicletas": 493.0,
        "hurto_comercio": 4878.0,
        "hurto_entidades": 317.0,
        "violencia_intrafam": 1250.0,
        "delitos_sexuales": 516.0,
        "pct_no_oficial": 58.33,
        "n_sedes_total": 36,
        "n_sedes_no_oficial": 21
      }
    },
    {
      "type": "Feature",
      "geometry": {
        "type": "Point",
        "coordinates": [
          -74.09507000007221,
          4.555880000315623
        ]
      },
      "properties": {
        "DANE12_EST": "111001030864",
        "id_establecimiento": "111001030864",
        "nombre_establecimiento": "COLEGIO ALEMANIA UNIFICADA (IED)",
        "nombre_localidad": "San Cristobal",
        "codigo_upz": "50",
        "nombre_upz": "LA GLORIA",
        "estrato": "Sin estrato",
        "zona": "URBANA",
        "caracter_media": "Académico",
        "lon": -74.09507000007221,
        "lat": 4.555880000315623,
        "codigo_localidad": "04",
        "q_j": 225.93999999999997,
        "puntaje_2023": 228.95,
        "punt_global_2020": 222.76,
        "punt_global_2022": 226.11,
        "matricula_total": 978.0,
        "demanda_total": 1098.0,
        "sobre_demanda_j": 1.1226993865030674,
        "n_hogares_muestra": 2500.0,
        "poblacion_expandida": 96156.0000033,
        "tasa_pobreza_monetaria": 0.5221184917444258,
        "tasa_pobreza_extrema": 0.1745577883889092,
        "tasa_ipm": 0.0630786075241466,
        "ingreso_percapita_promedio": 557986.0836562533,
        "capacidad_pago_promedio": 0.5453921897406319,
        "tamano_hogar_promedio": 3.615804038094012,
        "gasto_educ_promedio": 150029.1905653152,
        "tasa_deficit_cuantitativo": 0.0079722719307551,
        "tasa_deficit_cualitativo": 0.2070523211616199,
        "tasa_deficit_habitacional": 0.2150245930923751,
        "pct_estrato_1": 0.035853985153102,
        "pct_estrato_2": 0.964146014846898,
        "pct_estrato_3": 0.0,
        "pct_estrato_4": 0.0,
        "pct_estrato_5": 0.0,
        "pct_estrato_6": 0.0,
        "s0_localidad": 0.24275340378588084,
        "dist_transmilenio_m": 1114.8489701113576,
        "dist_sitp_m": 60.723609162876826,
        "dist_parque_m": 73.67312440925579,
        "homicidios": 113.0,
        "lesiones_personales": 2653.0,
        "hurto_personas": 11264.0,
        "hurto_residencias": 1302.0,
        "hurto_automotores": 438.0,
        "hurto_bicicletas": 251.0,
        "hurto_comercio": 3279.0,
        "hurto_entidades": 810.0,
        "violencia_intrafam": 4309.0,
        "delitos_sexuales": 811.0,
        "pct_no_oficial": 49.61,
        "n_sedes_total": 129,
        "n_sedes_no_oficial": 64
      }
    },
    {
      "type": "Feature",
      "geometry": {
        "type": "Point",
        "coordinates": [
          -74.10050999980348,
          4.498499999774054
        ]
      },
      "properties": {
        "DANE12_EST": "111001030872",
        "id_establecimiento": "111001030872",
        "nombre_establecimiento": "COLEGIO ESTANISLAO ZULETA (IED)",
        "nombre_localidad": "Usme",
        "codigo_upz": "59",
        "nombre_upz": "ALFONSO LOPEZ",
        "estrato": "Estrato 1",
        "zona": "URBANA",
        "caracter_media": "Académico",
        "lon": -74.10050999980348,
        "lat": 4.498499999774054,
        "codigo_localidad": "05",
        "q_j": 249.9,
        "puntaje_2023": 248.6,
        "punt_global_2020": 253.6,
        "punt_global_2022": 247.5,
        "matricula_total": 1925.0,
        "demanda_total": 2070.0,
        "sobre_demanda_j": 1.0753246753246752,
        "n_hogares_muestra": null,
        "poblacion_expandida": null,
        "tasa_pobreza_monetaria": null,
        "tasa_pobreza_extrema": null,
        "tasa_ipm": null,
        "ingreso_percapita_promedio": null,
        "capacidad_pago_promedio": null,
        "tamano_hogar_promedio": null,
        "gasto_educ_promedio": null,
        "tasa_deficit_cuantitativo": null,
        "tasa_deficit_cualitativo": null,
        "tasa_deficit_habitacional": null,
        "pct_estrato_1": null,
        "pct_estrato_2": null,
        "pct_estrato_3": null,
        "pct_estrato_4": null,
        "pct_estrato_5": null,
        "pct_estrato_6": null,
        "s0_localidad": 0.1806550335776531,
        "dist_transmilenio_m": 4245.100152692128,
        "dist_sitp_m": 128.37190089379968,
        "dist_parque_m": 77.5293417270566,
        "homicidios": 171.0,
        "lesiones_personales": 2562.0,
        "hurto_personas": 8404.0,
        "hurto_residencias": 1452.0,
        "hurto_automotores": 311.0,
        "hurto_bicicletas": 146.0,
        "hurto_comercio": 2308.0,
        "hurto_entidades": 623.0,
        "violencia_intrafam": 3963.0,
        "delitos_sexuales": 923.0,
        "pct_no_oficial": 33.03,
        "n_sedes_total": 109,
        "n_sedes_no_oficial": 36
      }
    },
    {
      "type": "Feature",
      "geometry": {
        "type": "Point",
        "coordinates": [
          -74.08055000012898,
          4.675960000077028
        ]
      },
      "properties": {
        "DANE12_EST": "111001032255",
        "id_establecimiento": "111001032255",
        "nombre_establecimiento": "COLEGIO TOMAS CARRASQUILLA (IED)",
        "nombre_localidad": "Barrios Unidos",
        "codigo_upz": "22",
        "nombre_upz": "DOCE DE OCTUBRE",
        "estrato": "Sin estrato",
        "zona": "URBANA",
        "caracter_media": "Técnico",
        "lon": -74.08055000012898,
        "lat": 4.675960000077028,
        "codigo_localidad": "12",
        "q_j": 255.34666666666666,
        "puntaje_2023": 253.08,
        "punt_global_2020": 257.65,
        "punt_global_2022": 255.31,
        "matricula_total": 1526.0,
        "demanda_total": 1628.0,
        "sobre_demanda_j": 1.0668414154652688,
        "n_hogares_muestra": null,
        "poblacion_expandida": null,
        "tasa_pobreza_monetaria": null,
        "tasa_pobreza_extrema": null,
        "tasa_ipm": null,
        "ingreso_percapita_promedio": null,
        "capacidad_pago_promedio": null,
        "tamano_hogar_promedio": null,
        "gasto_educ_promedio": null,
        "tasa_deficit_cuantitativo": null,
        "tasa_deficit_cualitativo": null,
        "tasa_deficit_habitacional": null,
        "pct_estrato_1": null,
        "pct_estrato_2": null,
        "pct_estrato_3": null,
        "pct_estrato_4": null,
        "pct_estrato_5": null,
        "pct_estrato_6": null,
        "s0_localidad": 0.4940130594962374,
        "dist_transmilenio_m": 736.6109923083008,
        "dist_sitp_m": 183.7541141307244,
        "dist_parque_m": 373.1440721620099,
        "homicidios": 31.0,
        "lesiones_personales": 1214.0,
        "hurto_personas": 18587.0,
        "hurto_residencias": 1176.0,
        "hurto_automotores": 352.0,
        "hurto_bicicletas": 816.0,
        "hurto_comercio": 4973.0,
        "hurto_entidades": 320.0,
        "violencia_intrafam": 1281.0,
        "delitos_sexuales": 275.0,
        "pct_no_oficial": 61.9,
        "n_sedes_total": 63,
        "n_sedes_no_oficial": 39
      }
    },
    {
      "type": "Feature",
      "geometry": {
        "type": "Point",
        "coordinates": [
          -74.0870700003089,
          4.565170000121377
        ]
      },
      "properties": {
        "DANE12_EST": "111001032280",
        "id_establecimiento": "111001032280",
        "nombre_establecimiento": "COLEGIO TECNICO TOMAS RUEDA VARGAS (IED)",
        "nombre_localidad": "San Cristobal",
        "codigo_upz": "34",
        "nombre_upz": "20 DE JULIO",
        "estrato": "Estrato 2",
        "zona": "URBANA",
        "caracter_media": "Técnico",
        "lon": -74.0870700003089,
        "lat": 4.565170000121377,
        "codigo_localidad": "04",
        "q_j": 245.22333333333333,
        "puntaje_2023": 250.0,
        "punt_global_2020": 245.25,
        "punt_global_2022": 240.42,
        "matricula_total": 1473.0,
        "demanda_total": 1540.0,
        "sobre_demanda_j": 1.0454854039375425,
        "n_hogares_muestra": 2665.0,
        "poblacion_expandida": 80466.0000003,
        "tasa_pobreza_monetaria": 0.4363819277268546,
        "tasa_pobreza_extrema": 0.137425840822941,
        "tasa_ipm": 0.0554644456277603,
        "ingreso_percapita_promedio": 664284.9107945563,
        "capacidad_pago_promedio": 0.4244786661940777,
        "tamano_hogar_promedio": 3.780272207728306,
        "gasto_educ_promedio": 225987.00528337804,
        "tasa_deficit_cuantitativo": 0.0122805236733069,
        "tasa_deficit_cualitativo": 0.1420960154805429,
        "tasa_deficit_habitacional": 0.1543765391538499,
        "pct_estrato_1": 0.0010078821912322,
        "pct_estrato_2": 0.6878733674420704,
        "pct_estrato_3": 0.3111187503666972,
        "pct_estrato_4": 0.0,
        "pct_estrato_5": 0.0,
        "pct_estrato_6": 0.0,
        "s0_localidad": 0.24275340378588084,
        "dist_transmilenio_m": 1103.2786326827627,
        "dist_sitp_m": 38.04231437116798,
        "dist_parque_m": 235.23204265342738,
        "homicidios": 113.0,
        "lesiones_personales": 2653.0,
        "hurto_personas": 11264.0,
        "hurto_residencias": 1302.0,
        "hurto_automotores": 438.0,
        "hurto_bicicletas": 251.0,
        "hurto_comercio": 3279.0,
        "hurto_entidades": 810.0,
        "violencia_intrafam": 4309.0,
        "delitos_sexuales": 811.0,
        "pct_no_oficial": 49.61,
        "n_sedes_total": 129,
        "n_sedes_no_oficial": 64
      }
    },
    {
      "type": "Feature",
      "geometry": {
        "type": "Point",
        "coordinates": [
          -74.105290000109,
          4.5842900001735085
        ]
      },
      "properties": {
        "DANE12_EST": "111001032395",
        "id_establecimiento": "111001032395",
        "nombre_establecimiento": "COLEGIO REPUBLICA EE.UU. DE AMERICA (IED)",
        "nombre_localidad": "Rafael Uribe Uribe",
        "codigo_upz": "39",
        "nombre_upz": "QUIROGA",
        "estrato": "Estrato 3",
        "zona": "URBANA",
        "caracter_media": "Académico",
        "lon": -74.105290000109,
        "lat": 4.5842900001735085,
        "codigo_localidad": "18",
        "q_j": 273.8833333333333,
        "puntaje_2023": 290.77,
        "punt_global_2020": 247.91,
        "punt_global_2022": 282.97,
        "matricula_total": 628.0,
        "demanda_total": 662.0,
        "sobre_demanda_j": 1.0541401273885351,
        "n_hogares_muestra": 2265.0,
        "poblacion_expandida": 92517.99999850002,
        "tasa_pobreza_monetaria": 0.4498804552776196,
        "tasa_pobreza_extrema": 0.1716353320008803,
        "tasa_ipm": 0.0599485057522851,
        "ingreso_percapita_promedio": 843427.0634521615,
        "capacidad_pago_promedio": 0.3456105222769451,
        "tamano_hogar_promedio": 3.2499598998916417,
        "gasto_educ_promedio": 230991.5177320262,
        "tasa_deficit_cuantitativo": 0.0065383441785361,
        "tasa_deficit_cualitativo": 0.1487364495895188,
        "tasa_deficit_habitacional": 0.1552747937680549,
        "pct_estrato_1": 0.0017364461694222,
        "pct_estrato_2": 0.0014887309280597,
        "pct_estrato_3": 0.9963005864490634,
        "pct_estrato_4": 0.0,
        "pct_estrato_5": 0.0,
        "pct_estrato_6": 0.0,
        "s0_localidad": 0.2741314328601635,
        "dist_transmilenio_m": 506.78561743333285,
        "dist_sitp_m": 60.34286717644971,
        "dist_parque_m": 10.466813613605268,
        "homicidios": 159.0,
        "lesiones_personales": 2500.0,
        "hurto_personas": 13897.0,
        "hurto_residencias": 1530.0,
        "hurto_automotores": 660.0,
        "hurto_bicicletas": 415.0,
        "hurto_comercio": 3902.0,
        "hurto_entidades": 942.0,
        "violencia_intrafam": 3177.0,
        "delitos_sexuales": 716.0,
        "pct_no_oficial": 57.85,
        "n_sedes_total": 121,
        "n_sedes_no_oficial": 70
      }
    },
    {
      "type": "Feature",
      "geometry": {
        "type": "Point",
        "coordinates": [
          -74.07338999971647,
          4.587740000487629
        ]
      },
      "properties": {
        "DANE12_EST": "111001032409",
        "id_establecimiento": "111001032409",
        "nombre_establecimiento": "COLEGIO JORGE SOTO DEL CORRAL (IED)",
        "nombre_localidad": "Santa Fe",
        "codigo_upz": "96",
        "nombre_upz": "LOURDES",
        "estrato": "Estrato 2",
        "zona": "URBANA",
        "caracter_media": "Académico",
        "lon": -74.07338999971647,
        "lat": 4.587740000487629,
        "codigo_localidad": "03",
        "q_j": 236.58333333333334,
        "puntaje_2023": 230.77,
        "punt_global_2020": 244.36,
        "punt_global_2022": 234.62,
        "matricula_total": 1083.0,
        "demanda_total": 1331.0,
        "sobre_demanda_j": 1.2289935364727609,
        "n_hogares_muestra": 2421.0,
        "poblacion_expandida": 45301.9999974,
        "tasa_pobreza_monetaria": 0.6893146738464576,
        "tasa_pobreza_extrema": 0.3337012588443694,
        "tasa_ipm": 0.1526662636240548,
        "ingreso_percapita_promedio": 441254.99481158704,
        "capacidad_pago_promedio": 0.6368468185765706,
        "tamano_hogar_promedio": 4.119486634636676,
        "gasto_educ_promedio": 109937.89935469594,
        "tasa_deficit_cuantitativo": 0.0910515627618368,
        "tasa_deficit_cualitativo": 0.251855324521099,
        "tasa_deficit_habitacional": 0.3429068872829358,
        "pct_estrato_1": 0.0897086251475264,
        "pct_estrato_2": 0.8662240771434414,
        "pct_estrato_3": 0.0030761707343604,
        "pct_estrato_4": 0.0,
        "pct_estrato_5": 0.0,
        "pct_estrato_6": 0.0,
        "s0_localidad": 0.26720847821961147,
        "dist_transmilenio_m": 1167.8979312282327,
        "dist_sitp_m": 122.11702070602317,
        "dist_parque_m": 42.163409912456245,
        "homicidios": 113.0,
        "lesiones_personales": 1683.0,
        "hurto_personas": 25139.0,
        "hurto_residencias": 580.0,
        "hurto_automotores": 128.0,
        "hurto_bicicletas": 443.0,
        "hurto_comercio": 7043.0,
        "hurto_entidades": 180.0,
        "violencia_intrafam": 1602.0,
        "delitos_sexuales": 514.0,
        "pct_no_oficial": 44.83,
        "n_sedes_total": 29,
        "n_sedes_no_oficial": 13
      }
    },
    {
      "type": "Feature",
      "geometry": {
        "type": "Point",
        "coordinates": [
          -74.08027999979222,
          4.5769200002266075
        ]
      },
      "properties": {
        "DANE12_EST": "111001032433",
        "id_establecimiento": "111001032433",
        "nombre_establecimiento": "COLEGIO REPUBLICA DEL ECUADOR (IED)",
        "nombre_localidad": "San Cristobal",
        "codigo_upz": "33",
        "nombre_upz": "SOSIEGO",
        "estrato": "Estrato 2",
        "zona": "URBANA",
        "caracter_media": "Académico",
        "lon": -74.08027999979222,
        "lat": 4.5769200002266075,
        "codigo_localidad": "04",
        "q_j": 250.16,
        "puntaje_2023": 243.46,
        "punt_global_2020": 259.9,
        "punt_global_2022": 247.12,
        "matricula_total": 904.0,
        "demanda_total": 987.0,
        "sobre_demanda_j": 1.0918141592920354,
        "n_hogares_muestra": 2142.0,
        "poblacion_expandida": 44028.000002,
        "tasa_pobreza_monetaria": 0.2922676293157868,
        "tasa_pobreza_extrema": 0.1048946791993779,
        "tasa_ipm": 0.0383286416353989,
        "ingreso_percapita_promedio": 1027486.805516976,
        "capacidad_pago_promedio": 0.1922017177186244,
        "tamano_hogar_promedio": 3.490771427982612,
        "gasto_educ_promedio": 308150.2784604551,
        "tasa_deficit_cuantitativo": 0.0035378109383329,
        "tasa_deficit_cualitativo": 0.0844290801428895,
        "tasa_deficit_habitacional": 0.0879668910812225,
        "pct_estrato_1": 0.0,
        "pct_estrato_2": 0.284426128775578,
        "pct_estrato_3": 0.7155738712244221,
        "pct_estrato_4": 0.0,
        "pct_estrato_5": 0.0,
        "pct_estrato_6": 0.0,
        "s0_localidad": 0.24275340378588084,
        "dist_transmilenio_m": 1228.9852302682568,
        "dist_sitp_m": 33.31283616775077,
        "dist_parque_m": 88.84477946117333,
        "homicidios": 113.0,
        "lesiones_personales": 2653.0,
        "hurto_personas": 11264.0,
        "hurto_residencias": 1302.0,
        "hurto_automotores": 438.0,
        "hurto_bicicletas": 251.0,
        "hurto_comercio": 3279.0,
        "hurto_entidades": 810.0,
        "violencia_intrafam": 4309.0,
        "delitos_sexuales": 811.0,
        "pct_no_oficial": 49.61,
        "n_sedes_total": 129,
        "n_sedes_no_oficial": 64
      }
    },
    {
      "type": "Feature",
      "geometry": {
        "type": "Point",
        "coordinates": [
          -74.12652000020293,
          4.571300000053523
        ]
      },
      "properties": {
        "DANE12_EST": "111001032450",
        "id_establecimiento": "111001032450",
        "nombre_establecimiento": "COLEGIO BERNARDO JARAMILLO (IED)",
        "nombre_localidad": "Tunjuelito",
        "codigo_upz": "42",
        "nombre_upz": "VENECIA",
        "estrato": "Estrato 3",
        "zona": "URBANA",
        "caracter_media": "Académico",
        "lon": -74.12652000020293,
        "lat": 4.571300000053523,
        "codigo_localidad": "06",
        "q_j": 251.42333333333332,
        "puntaje_2023": 256.54,
        "punt_global_2020": 243.97,
        "punt_global_2022": 253.76,
        "matricula_total": 1812.0,
        "demanda_total": 1936.0,
        "sobre_demanda_j": 1.0684326710816776,
        "n_hogares_muestra": 2196.0,
        "poblacion_expandida": 139490.0000064,
        "tasa_pobreza_monetaria": 0.3456416416631149,
        "tasa_pobreza_extrema": 0.1503118512921213,
        "tasa_ipm": 0.0363638721992061,
        "ingreso_percapita_promedio": 842886.8720213596,
        "capacidad_pago_promedio": 0.2543474672254081,
        "tamano_hogar_promedio": 3.158857941575621,
        "gasto_educ_promedio": 260612.53234385408,
        "tasa_deficit_cuantitativo": 0.0054515723698122,
        "tasa_deficit_cualitativo": 0.1344675835245495,
        "tasa_deficit_habitacional": 0.1399191558943617,
        "pct_estrato_1": 0.0,
        "pct_estrato_2": 0.5468256713047553,
        "pct_estrato_3": 0.4531743286952447,
        "pct_estrato_4": 0.0,
        "pct_estrato_5": 0.0,
        "pct_estrato_6": 0.0,
        "s0_localidad": 0.24596233549441804,
        "dist_transmilenio_m": 204.12084452110943,
        "dist_sitp_m": 157.91656445416356,
        "dist_parque_m": 133.7496576324099,
        "homicidios": 67.0,
        "lesiones_personales": 1311.0,
        "hurto_personas": 8872.0,
        "hurto_residencias": 687.0,
        "hurto_automotores": 293.0,
        "hurto_bicicletas": 367.0,
        "hurto_comercio": 2403.0,
        "hurto_entidades": 312.0,
        "violencia_intrafam": 1641.0,
        "delitos_sexuales": 328.0,
        "pct_no_oficial": 64.29,
        "n_sedes_total": 70,
        "n_sedes_no_oficial": 45
      }
    },
    {
      "type": "Feature",
      "geometry": {
        "type": "Point",
        "coordinates": [
          -74.1603100002577,
          4.640530000447673
        ]
      },
      "properties": {
        "DANE12_EST": "111001033898",
        "id_establecimiento": "111001033898",
        "nombre_establecimiento": "COLEGIO MANUEL ZAPATA OLIVELLA (IED)",
        "nombre_localidad": "Kennedy",
        "codigo_upz": "82",
        "nombre_upz": "PATIO BONITO",
        "estrato": "Estrato 2",
        "zona": "URBANA",
        "caracter_media": "Académico",
        "lon": -74.1603100002577,
        "lat": 4.640530000447673,
        "codigo_localidad": "08",
        "q_j": 257.3833333333334,
        "puntaje_2023": 259.43,
        "punt_global_2020": 254.29,
        "punt_global_2022": 258.43,
        "matricula_total": 2005.0,
        "demanda_total": 2213.0,
        "sobre_demanda_j": 1.1037406483790524,
        "n_hogares_muestra": 3134.0,
        "poblacion_expandida": 138658.00000200002,
        "tasa_pobreza_monetaria": 0.6585619570185843,
        "tasa_pobreza_extrema": 0.2523168302650793,
        "tasa_ipm": 0.1284792567449627,
        "ingreso_percapita_promedio": 447236.7594871012,
        "capacidad_pago_promedio": 0.6481882147939796,
        "tamano_hogar_promedio": 3.7817963159676062,
        "gasto_educ_promedio": 124887.69466509685,
        "tasa_deficit_cuantitativo": 0.0269346346755768,
        "tasa_deficit_cualitativo": 0.2198651124468856,
        "tasa_deficit_habitacional": 0.2467997471224624,
        "pct_estrato_1": 0.0272882212569445,
        "pct_estrato_2": 0.9722349168079414,
        "pct_estrato_3": 0.000476861935114,
        "pct_estrato_4": 0.0,
        "pct_estrato_5": 0.0,
        "pct_estrato_6": 0.0,
        "s0_localidad": 0.3719221758740453,
        "dist_transmilenio_m": 310.2889107384661,
        "dist_sitp_m": 77.59782420284182,
        "dist_parque_m": 47.913296028189194,
        "homicidios": 277.0,
        "lesiones_personales": 5216.0,
        "hurto_personas": 45928.0,
        "hurto_residencias": 4574.0,
        "hurto_automotores": 2662.0,
        "hurto_bicicletas": 2842.0,
        "hurto_comercio": 11829.0,
        "hurto_entidades": 2994.0,
        "violencia_intrafam": 8341.0,
        "delitos_sexuales": 1353.0,
        "pct_no_oficial": 70.99,
        "n_sedes_total": 262,
        "n_sedes_no_oficial": 186
      }
    },
    {
      "type": "Feature",
      "geometry": {
        "type": "Point",
        "coordinates": [
          -74.02144000013608,
          4.670910000121387
        ]
      },
      "properties": {
        "DANE12_EST": "111001033901",
        "id_establecimiento": "111001033901",
        "nombre_establecimiento": "COLEGIO CAMPESTRE MONTE VERDE (IED)",
        "nombre_localidad": "Chapinero",
        "codigo_upz": "89",
        "nombre_upz": "SAN ISIDRO PATIOS",
        "estrato": "Estrato 2",
        "zona": "RURAL",
        "caracter_media": "Académico",
        "lon": -74.02144000013608,
        "lat": 4.670910000121387,
        "codigo_localidad": "02",
        "q_j": null,
        "puntaje_2023": null,
        "punt_global_2020": null,
        "punt_global_2022": null,
        "matricula_total": 1641.0,
        "demanda_total": 1849.0,
        "sobre_demanda_j": 1.1267519804996953,
        "n_hogares_muestra": 2548.0,
        "poblacion_expandida": 17278.0000018,
        "tasa_pobreza_monetaria": 0.5518928148284867,
        "tasa_pobreza_extrema": 0.2104077639438167,
        "tasa_ipm": 0.1247929641379426,
        "ingreso_percapita_promedio": 570096.0828298577,
        "capacidad_pago_promedio": 0.4839468787434249,
        "tamano_hogar_promedio": 3.773078752153516,
        "gasto_educ_promedio": 116817.73103176572,
        "tasa_deficit_cuantitativo": 0.0250962208620689,
        "tasa_deficit_cualitativo": 0.3366970347258911,
        "tasa_deficit_habitacional": 0.3617932555879599,
        "pct_estrato_1": 0.0402406273542983,
        "pct_estrato_2": 0.9455855951208442,
        "pct_estrato_3": 0.0082697785498966,
        "pct_estrato_4": 0.0045410463416961,
        "pct_estrato_5": 0.0,
        "pct_estrato_6": 0.0003107372496493,
        "s0_localidad": 0.6150244423988847,
        "dist_transmilenio_m": 4203.001240258646,
        "dist_sitp_m": 67.46127548208979,
        "dist_parque_m": 1778.9535482263068,
        "homicidios": 19.0,
        "lesiones_personales": 1161.0,
        "hurto_personas": 40215.0,
        "hurto_residencias": 1590.0,
        "hurto_automotores": 165.0,
        "hurto_bicicletas": 867.0,
        "hurto_comercio": 11047.0,
        "hurto_entidades": 141.0,
        "violencia_intrafam": 1300.0,
        "delitos_sexuales": 406.0,
        "pct_no_oficial": 73.08,
        "n_sedes_total": 26,
        "n_sedes_no_oficial": 19
      }
    },
    {
      "type": "Feature",
      "geometry": {
        "type": "Point",
        "coordinates": [
          -74.14903999990952,
          4.538909999712579
        ]
      },
      "properties": {
        "DANE12_EST": "111001033928",
        "id_establecimiento": "111001033928",
        "nombre_establecimiento": "COLEGIO EL TESORO DE LA CUMBRE (IED)",
        "nombre_localidad": "Ciudad Bolivar",
        "codigo_upz": "67",
        "nombre_upz": "LUCERO",
        "estrato": "Estrato 1",
        "zona": "URBANA",
        "caracter_media": "Sin información",
        "lon": -74.14903999990952,
        "lat": 4.538909999712579,
        "codigo_localidad": "19",
        "q_j": null,
        "puntaje_2023": null,
        "punt_global_2020": null,
        "punt_global_2022": null,
        "matricula_total": 2005.0,
        "demanda_total": 2153.0,
        "sobre_demanda_j": 1.0738154613466335,
        "n_hogares_muestra": 2402.0,
        "poblacion_expandida": 161831.0000128,
        "tasa_pobreza_monetaria": 0.7038631757592213,
        "tasa_pobreza_extrema": 0.2920063706370369,
        "tasa_ipm": 0.1283344089448704,
        "ingreso_percapita_promedio": 390100.4363498642,
        "capacidad_pago_promedio": 0.6999095390854729,
        "tamano_hogar_promedio": 3.793805295915117,
        "gasto_educ_promedio": 94504.09039926344,
        "tasa_deficit_cuantitativo": 0.0495404235910664,
        "tasa_deficit_cualitativo": 0.2674079830741772,
        "tasa_deficit_habitacional": 0.3169484066652437,
        "pct_estrato_1": 0.7291873913191316,
        "pct_estrato_2": 0.2533851853437022,
        "pct_estrato_3": 0.0062719642164957,
        "pct_estrato_4": 0.0,
        "pct_estrato_5": 0.0,
        "pct_estrato_6": 0.0,
        "s0_localidad": 0.24641727799438962,
        "dist_transmilenio_m": 3168.789861050818,
        "dist_sitp_m": 75.1521638520315,
        "dist_parque_m": 26.282790452744464,
        "homicidios": 450.0,
        "lesiones_personales": 4378.0,
        "hurto_personas": 16269.0,
        "hurto_residencias": 1893.0,
        "hurto_automotores": 870.0,
        "hurto_bicicletas": 472.0,
        "hurto_comercio": 4561.0,
        "hurto_entidades": 1620.0,
        "violencia_intrafam": 8567.0,
        "delitos_sexuales": 1433.0,
        "pct_no_oficial": 44.59,
        "n_sedes_total": 148,
        "n_sedes_no_oficial": 66
      }
    },
    {
      "type": "Feature",
      "geometry": {
        "type": "Point",
        "coordinates": [
          -74.11719999979145,
          4.710420000373182
        ]
      },
      "properties": {
        "DANE12_EST": "111001033979",
        "id_establecimiento": "111001033979",
        "nombre_establecimiento": "COLEGIO GARCES NAVAS (IED)",
        "nombre_localidad": "Engativa",
        "codigo_upz": "73",
        "nombre_upz": "GARCES NAVAS",
        "estrato": "Estrato 3",
        "zona": "URBANA",
        "caracter_media": "Académico",
        "lon": -74.11719999979145,
        "lat": 4.710420000373182,
        "codigo_localidad": "10",
        "q_j": 258.59666666666664,
        "puntaje_2023": 260.06,
        "punt_global_2020": 257.2,
        "punt_global_2022": 258.53,
        "matricula_total": 1904.0,
        "demanda_total": 2118.0,
        "sobre_demanda_j": 1.1123949579831933,
        "n_hogares_muestra": 2364.0,
        "poblacion_expandida": 167506.0000011,
        "tasa_pobreza_monetaria": 0.2219642795258429,
        "tasa_pobreza_extrema": 0.0757724700465454,
        "tasa_ipm": 0.0305512445349205,
        "ingreso_percapita_promedio": 1231332.3061936938,
        "capacidad_pago_promedio": 0.1792359084671763,
        "tamano_hogar_promedio": 3.4970780660695926,
        "gasto_educ_promedio": 398876.4619564738,
        "tasa_deficit_cuantitativo": 0.0047428715329288,
        "tasa_deficit_cualitativo": 0.0939250012470997,
        "tasa_deficit_habitacional": 0.0986678727800285,
        "pct_estrato_1": 0.0056796068421056,
        "pct_estrato_2": 0.19212094725018,
        "pct_estrato_3": 0.7082817853546792,
        "pct_estrato_4": 0.093917660553035,
        "pct_estrato_5": 0.0,
        "pct_estrato_6": 0.0,
        "s0_localidad": 0.45908732785239414,
        "dist_transmilenio_m": 744.695763885994,
        "dist_sitp_m": 109.90478924345538,
        "dist_parque_m": 60.69708605401071,
        "homicidios": 114.0,
        "lesiones_personales": 3260.0,
        "hurto_personas": 44584.0,
        "hurto_residencias": 4694.0,
        "hurto_automotores": 1548.0,
        "hurto_bicicletas": 2840.0,
        "hurto_comercio": 11724.0,
        "hurto_entidades": 1616.0,
        "violencia_intrafam": 6497.0,
        "delitos_sexuales": 1001.0,
        "pct_no_oficial": 73.15,
        "n_sedes_total": 257,
        "n_sedes_no_oficial": 188
      }
    },
    {
      "type": "Feature",
      "geometry": {
        "type": "Point",
        "coordinates": [
          -74.10850000041938,
          4.704440000323149
        ]
      },
      "properties": {
        "DANE12_EST": "111001034002",
        "id_establecimiento": "111001034002",
        "nombre_establecimiento": "COLEGIO GUILLERMO LEON VALENCIA (IED)",
        "nombre_localidad": "Engativa",
        "codigo_upz": "30",
        "nombre_upz": "BOYACA REAL",
        "estrato": "Estrato 3",
        "zona": "URBANA",
        "caracter_media": "Académico",
        "lon": -74.10850000041938,
        "lat": 4.704440000323149,
        "codigo_localidad": "10",
        "q_j": 258.92,
        "puntaje_2023": 276.15,
        "punt_global_2020": 252.32,
        "punt_global_2022": 248.29,
        "matricula_total": 429.0,
        "demanda_total": 463.0,
        "sobre_demanda_j": 1.0792540792540792,
        "n_hogares_muestra": 2323.0,
        "poblacion_expandida": 128077.9999945,
        "tasa_pobreza_monetaria": 0.213169851741692,
        "tasa_pobreza_extrema": 0.0877135985140494,
        "tasa_ipm": 0.0197830925311826,
        "ingreso_percapita_promedio": 1221231.80860735,
        "capacidad_pago_promedio": 0.1232248676648428,
        "tamano_hogar_promedio": 3.322991165188217,
        "gasto_educ_promedio": 371577.3862272356,
        "tasa_deficit_cuantitativo": 0.0,
        "tasa_deficit_cualitativo": 0.0643023044664475,
        "tasa_deficit_habitacional": 0.0643023044664475,
        "pct_estrato_1": 0.0,
        "pct_estrato_2": 0.0071695178855028,
        "pct_estrato_3": 0.9726107268441838,
        "pct_estrato_4": 0.0169566394532492,
        "pct_estrato_5": 0.0,
        "pct_estrato_6": 0.0032631158170641,
        "s0_localidad": 0.45908732785239414,
        "dist_transmilenio_m": 255.4879515111947,
        "dist_sitp_m": 123.7413181363303,
        "dist_parque_m": 64.48489773753889,
        "homicidios": 114.0,
        "lesiones_personales": 3260.0,
        "hurto_personas": 44584.0,
        "hurto_residencias": 4694.0,
        "hurto_automotores": 1548.0,
        "hurto_bicicletas": 2840.0,
        "hurto_comercio": 11724.0,
        "hurto_entidades": 1616.0,
        "violencia_intrafam": 6497.0,
        "delitos_sexuales": 1001.0,
        "pct_no_oficial": 73.15,
        "n_sedes_total": 257,
        "n_sedes_no_oficial": 188
      }
    },
    {
      "type": "Feature",
      "geometry": {
        "type": "Point",
        "coordinates": [
          -74.08988999973364,
          4.522560000184006
        ]
      },
      "properties": {
        "DANE12_EST": "111001034011",
        "id_establecimiento": "111001034011",
        "nombre_establecimiento": "COLEGIO JUAN REY (IED)",
        "nombre_localidad": "San Cristobal",
        "codigo_upz": "51",
        "nombre_upz": "LOS LIBERTADORES",
        "estrato": "Estrato 1",
        "zona": "URBANA",
        "caracter_media": "Académico",
        "lon": -74.08988999973364,
        "lat": 4.522560000184006,
        "codigo_localidad": "04",
        "q_j": 237.84333333333333,
        "puntaje_2023": 238.46,
        "punt_global_2020": 240.0,
        "punt_global_2022": 235.07,
        "matricula_total": 893.0,
        "demanda_total": 927.0,
        "sobre_demanda_j": 1.0380739081746921,
        "n_hogares_muestra": 2692.0,
        "poblacion_expandida": 77733.99999669999,
        "tasa_pobreza_monetaria": 0.5265376983345458,
        "tasa_pobreza_extrema": 0.1756566622209029,
        "tasa_ipm": 0.0673617880364099,
        "ingreso_percapita_promedio": 552249.0706601833,
        "capacidad_pago_promedio": 0.5524742211712143,
        "tamano_hogar_promedio": 3.6592377897750734,
        "gasto_educ_promedio": 168187.30175970253,
        "tasa_deficit_cuantitativo": 0.0051636119898247,
        "tasa_deficit_cualitativo": 0.1867404524907536,
        "tasa_deficit_habitacional": 0.1919040644805784,
        "pct_estrato_1": 0.1949612933561038,
        "pct_estrato_2": 0.8018119887339643,
        "pct_estrato_3": 0.0,
        "pct_estrato_4": 0.0,
        "pct_estrato_5": 0.0,
        "pct_estrato_6": 0.0,
        "s0_localidad": 0.24275340378588084,
        "dist_transmilenio_m": 3424.898927248026,
        "dist_sitp_m": 98.28709018010099,
        "dist_parque_m": 53.626323260697,
        "homicidios": 113.0,
        "lesiones_personales": 2653.0,
        "hurto_personas": 11264.0,
        "hurto_residencias": 1302.0,
        "hurto_automotores": 438.0,
        "hurto_bicicletas": 251.0,
        "hurto_comercio": 3279.0,
        "hurto_entidades": 810.0,
        "violencia_intrafam": 4309.0,
        "delitos_sexuales": 811.0,
        "pct_no_oficial": 49.61,
        "n_sedes_total": 129,
        "n_sedes_no_oficial": 64
      }
    },
    {
      "type": "Feature",
      "geometry": {
        "type": "Point",
        "coordinates": [
          -74.12730000017761,
          4.620699999865764
        ]
      },
      "properties": {
        "DANE12_EST": "111001034045",
        "id_establecimiento": "111001034045",
        "nombre_establecimiento": "COLEGIO LA FLORESTA SUR (IED)",
        "nombre_localidad": "Kennedy",
        "codigo_upz": "44",
        "nombre_upz": "AMERICAS",
        "estrato": "Estrato 3",
        "zona": "URBANA",
        "caracter_media": "Académico",
        "lon": -74.12730000017761,
        "lat": 4.620699999865764,
        "codigo_localidad": "08",
        "q_j": 252.01666666666665,
        "puntaje_2023": 246.23,
        "punt_global_2020": 249.84,
        "punt_global_2022": 259.98,
        "matricula_total": 1255.0,
        "demanda_total": 1402.0,
        "sobre_demanda_j": 1.1171314741035856,
        "n_hogares_muestra": 2293.0,
        "poblacion_expandida": 78905.0000038,
        "tasa_pobreza_monetaria": 0.1913804436027216,
        "tasa_pobreza_extrema": 0.0605666032022032,
        "tasa_ipm": 0.0305930336731987,
        "ingreso_percapita_promedio": 1418709.423643221,
        "capacidad_pago_promedio": 0.1056939969165244,
        "tamano_hogar_promedio": 3.2000151191894046,
        "gasto_educ_promedio": 460748.5768046597,
        "tasa_deficit_cuantitativo": 0.002565652499718,
        "tasa_deficit_cualitativo": 0.0453597074409433,
        "tasa_deficit_habitacional": 0.0479253599406613,
        "pct_estrato_1": 0.0010810755781749,
        "pct_estrato_2": 0.2089207125100576,
        "pct_estrato_3": 0.691704162941151,
        "pct_estrato_4": 0.0982940489706163,
        "pct_estrato_5": 0.0,
        "pct_estrato_6": 0.0,
        "s0_localidad": 0.3719221758740453,
        "dist_transmilenio_m": 1047.4712901605542,
        "dist_sitp_m": 174.92942067429556,
        "dist_parque_m": 60.2676132439135,
        "homicidios": 277.0,
        "lesiones_personales": 5216.0,
        "hurto_personas": 45928.0,
        "hurto_residencias": 4574.0,
        "hurto_automotores": 2662.0,
        "hurto_bicicletas": 2842.0,
        "hurto_comercio": 11829.0,
        "hurto_entidades": 2994.0,
        "violencia_intrafam": 8341.0,
        "delitos_sexuales": 1353.0,
        "pct_no_oficial": 70.99,
        "n_sedes_total": 262,
        "n_sedes_no_oficial": 186
      }
    },
    {
      "type": "Feature",
      "geometry": {
        "type": "Point",
        "coordinates": [
          -74.11474000021683,
          4.580680000161699
        ]
      },
      "properties": {
        "DANE12_EST": "111001034134",
        "id_establecimiento": "111001034134",
        "nombre_establecimiento": "COLEGIO CLEMENCIA DE CAYCEDO (IED)",
        "nombre_localidad": "Rafael Uribe Uribe",
        "codigo_upz": "39",
        "nombre_upz": "QUIROGA",
        "estrato": "Estrato 3",
        "zona": "URBANA",
        "caracter_media": "Académico",
        "lon": -74.11474000021683,
        "lat": 4.580680000161699,
        "codigo_localidad": "18",
        "q_j": 253.85666666666665,
        "puntaje_2023": 255.0,
        "punt_global_2020": 257.37,
        "punt_global_2022": 249.2,
        "matricula_total": 867.0,
        "demanda_total": 927.0,
        "sobre_demanda_j": 1.069204152249135,
        "n_hogares_muestra": 2265.0,
        "poblacion_expandida": 92517.99999850002,
        "tasa_pobreza_monetaria": 0.4498804552776196,
        "tasa_pobreza_extrema": 0.1716353320008803,
        "tasa_ipm": 0.0599485057522851,
        "ingreso_percapita_promedio": 843427.0634521615,
        "capacidad_pago_promedio": 0.3456105222769451,
        "tamano_hogar_promedio": 3.2499598998916417,
        "gasto_educ_promedio": 230991.5177320262,
        "tasa_deficit_cuantitativo": 0.0065383441785361,
        "tasa_deficit_cualitativo": 0.1487364495895188,
        "tasa_deficit_habitacional": 0.1552747937680549,
        "pct_estrato_1": 0.0017364461694222,
        "pct_estrato_2": 0.0014887309280597,
        "pct_estrato_3": 0.9963005864490634,
        "pct_estrato_4": 0.0,
        "pct_estrato_5": 0.0,
        "pct_estrato_6": 0.0,
        "s0_localidad": 0.2741314328601635,
        "dist_transmilenio_m": 432.1957129869256,
        "dist_sitp_m": 120.43043520056705,
        "dist_parque_m": 59.87173393044593,
        "homicidios": 159.0,
        "lesiones_personales": 2500.0,
        "hurto_personas": 13897.0,
        "hurto_residencias": 1530.0,
        "hurto_automotores": 660.0,
        "hurto_bicicletas": 415.0,
        "hurto_comercio": 3902.0,
        "hurto_entidades": 942.0,
        "violencia_intrafam": 3177.0,
        "delitos_sexuales": 716.0,
        "pct_no_oficial": 57.85,
        "n_sedes_total": 121,
        "n_sedes_no_oficial": 70
      }
    },
    {
      "type": "Feature",
      "geometry": {
        "type": "Point",
        "coordinates": [
          -74.14912000027545,
          4.563600000529787
        ]
      },
      "properties": {
        "DANE12_EST": "111001034240",
        "id_establecimiento": "111001034240",
        "nombre_establecimiento": "COLEGIO NICOLAS GOMEZ DAVILA (IED)",
        "nombre_localidad": "Ciudad Bolivar",
        "codigo_upz": "66",
        "nombre_upz": "SAN FRANCISCO",
        "estrato": "Estrato 2",
        "zona": "URBANA",
        "caracter_media": "Académico",
        "lon": -74.14912000027545,
        "lat": 4.563600000529787,
        "codigo_localidad": "19",
        "q_j": 252.2733333333333,
        "puntaje_2023": 255.17,
        "punt_global_2020": 250.2,
        "punt_global_2022": 251.45,
        "matricula_total": 2599.0,
        "demanda_total": 2780.0,
        "sobre_demanda_j": 1.0696421700654097,
        "n_hogares_muestra": 2882.0,
        "poblacion_expandida": 71305.9999963,
        "tasa_pobreza_monetaria": 0.5323890475453656,
        "tasa_pobreza_extrema": 0.1873034317293498,
        "tasa_ipm": 0.0923402259857748,
        "ingreso_percapita_promedio": 541606.1792803309,
        "capacidad_pago_promedio": 0.5329856299213537,
        "tamano_hogar_promedio": 4.082155660577006,
        "gasto_educ_promedio": 129420.60229855483,
        "tasa_deficit_cuantitativo": 0.0128150713971813,
        "tasa_deficit_cualitativo": 0.2080231810123928,
        "tasa_deficit_habitacional": 0.2208382524095742,
        "pct_estrato_1": 0.1667902500030449,
        "pct_estrato_2": 0.832027275280881,
        "pct_estrato_3": 0.000749378722727,
        "pct_estrato_4": 0.0,
        "pct_estrato_5": 0.0,
        "pct_estrato_6": 0.0,
        "s0_localidad": 0.24641727799438962,
        "dist_transmilenio_m": 1280.6741212692525,
        "dist_sitp_m": 97.07343165481042,
        "dist_parque_m": 111.6190146075209,
        "homicidios": 450.0,
        "lesiones_personales": 4378.0,
        "hurto_personas": 16269.0,
        "hurto_residencias": 1893.0,
        "hurto_automotores": 870.0,
        "hurto_bicicletas": 472.0,
        "hurto_comercio": 4561.0,
        "hurto_entidades": 1620.0,
        "violencia_intrafam": 8567.0,
        "delitos_sexuales": 1433.0,
        "pct_no_oficial": 44.59,
        "n_sedes_total": 148,
        "n_sedes_no_oficial": 66
      }
    },
    {
      "type": "Feature",
      "geometry": {
        "type": "Point",
        "coordinates": [
          -74.05910999997273,
          4.630089999798351
        ]
      },
      "properties": {
        "DANE12_EST": "111001034665",
        "id_establecimiento": "111001034665",
        "nombre_establecimiento": "COLEGIO SAN MARTIN DE PORRES (IED)",
        "nombre_localidad": "Chapinero",
        "codigo_upz": "UPR 2",
        "nombre_upz": "CERROS ORIENTALES",
        "estrato": "Estrato 1",
        "zona": "RURAL",
        "caracter_media": "Académico",
        "lon": -74.05910999997273,
        "lat": 4.630089999798351,
        "codigo_localidad": "02",
        "q_j": 232.17999999999998,
        "puntaje_2023": 226.79,
        "punt_global_2020": 228.08,
        "punt_global_2022": 241.67,
        "matricula_total": 532.0,
        "demanda_total": 634.0,
        "sobre_demanda_j": 1.1917293233082706,
        "n_hogares_muestra": null,
        "poblacion_expandida": null,
        "tasa_pobreza_monetaria": null,
        "tasa_pobreza_extrema": null,
        "tasa_ipm": null,
        "ingreso_percapita_promedio": null,
        "capacidad_pago_promedio": null,
        "tamano_hogar_promedio": null,
        "gasto_educ_promedio": null,
        "tasa_deficit_cuantitativo": null,
        "tasa_deficit_cualitativo": null,
        "tasa_deficit_habitacional": null,
        "pct_estrato_1": null,
        "pct_estrato_2": null,
        "pct_estrato_3": null,
        "pct_estrato_4": null,
        "pct_estrato_5": null,
        "pct_estrato_6": null,
        "s0_localidad": 0.6150244423988847,
        "dist_transmilenio_m": 983.5912785326145,
        "dist_sitp_m": 123.11783945589396,
        "dist_parque_m": 92.91659610661056,
        "homicidios": 19.0,
        "lesiones_personales": 1161.0,
        "hurto_personas": 40215.0,
        "hurto_residencias": 1590.0,
        "hurto_automotores": 165.0,
        "hurto_bicicletas": 867.0,
        "hurto_comercio": 11047.0,
        "hurto_entidades": 141.0,
        "violencia_intrafam": 1300.0,
        "delitos_sexuales": 406.0,
        "pct_no_oficial": 73.08,
        "n_sedes_total": 26,
        "n_sedes_no_oficial": 19
      }
    },
    {
      "type": "Feature",
      "geometry": {
        "type": "Point",
        "coordinates": [
          -74.14562000043514,
          4.549090000255054
        ]
      },
      "properties": {
        "DANE12_EST": "111001034754",
        "id_establecimiento": "111001034754",
        "nombre_establecimiento": "COLEGIO COMPARTIR RECUERDO (IED)",
        "nombre_localidad": "Ciudad Bolivar",
        "codigo_upz": "67",
        "nombre_upz": "LUCERO",
        "estrato": "Estrato 1",
        "zona": "URBANA",
        "caracter_media": "Académico",
        "lon": -74.14562000043514,
        "lat": 4.549090000255054,
        "codigo_localidad": "19",
        "q_j": null,
        "puntaje_2023": null,
        "punt_global_2020": null,
        "punt_global_2022": null,
        "matricula_total": 1546.0,
        "demanda_total": 1644.0,
        "sobre_demanda_j": 1.0633893919793014,
        "n_hogares_muestra": 2402.0,
        "poblacion_expandida": 161831.0000128,
        "tasa_pobreza_monetaria": 0.7038631757592213,
        "tasa_pobreza_extrema": 0.2920063706370369,
        "tasa_ipm": 0.1283344089448704,
        "ingreso_percapita_promedio": 390100.4363498642,
        "capacidad_pago_promedio": 0.6999095390854729,
        "tamano_hogar_promedio": 3.793805295915117,
        "gasto_educ_promedio": 94504.09039926344,
        "tasa_deficit_cuantitativo": 0.0495404235910664,
        "tasa_deficit_cualitativo": 0.2674079830741772,
        "tasa_deficit_habitacional": 0.3169484066652437,
        "pct_estrato_1": 0.7291873913191316,
        "pct_estrato_2": 0.2533851853437022,
        "pct_estrato_3": 0.0062719642164957,
        "pct_estrato_4": 0.0,
        "pct_estrato_5": 0.0,
        "pct_estrato_6": 0.0,
        "s0_localidad": 0.24641727799438962,
        "dist_transmilenio_m": 2384.6969395003607,
        "dist_sitp_m": 194.30350116004485,
        "dist_parque_m": 15.85164538884854,
        "homicidios": 450.0,
        "lesiones_personales": 4378.0,
        "hurto_personas": 16269.0,
        "hurto_residencias": 1893.0,
        "hurto_automotores": 870.0,
        "hurto_bicicletas": 472.0,
        "hurto_comercio": 4561.0,
        "hurto_entidades": 1620.0,
        "violencia_intrafam": 8567.0,
        "delitos_sexuales": 1433.0,
        "pct_no_oficial": 44.59,
        "n_sedes_total": 148,
        "n_sedes_no_oficial": 66
      }
    },
    {
      "type": "Feature",
      "geometry": {
        "type": "Point",
        "coordinates": [
          -74.09352000016861,
          4.683779999749623
        ]
      },
      "properties": {
        "DANE12_EST": "111001035521",
        "id_establecimiento": "111001035521",
        "nombre_establecimiento": "COLEGIO NESTOR FORERO ALCALA (IED)",
        "nombre_localidad": "Engativa",
        "codigo_upz": "26",
        "nombre_upz": "LAS FERIAS",
        "estrato": "Estrato 3",
        "zona": "URBANA",
        "caracter_media": "Académico",
        "lon": -74.09352000016861,
        "lat": 4.683779999749623,
        "codigo_localidad": "10",
        "q_j": 279.9,
        "puntaje_2023": 276.54,
        "punt_global_2020": 285.78,
        "punt_global_2022": 277.38,
        "matricula_total": 772.0,
        "demanda_total": 822.0,
        "sobre_demanda_j": 1.0647668393782384,
        "n_hogares_muestra": 2278.0,
        "poblacion_expandida": 100930.0000018,
        "tasa_pobreza_monetaria": 0.2695353069029509,
        "tasa_pobreza_extrema": 0.1010484491223433,
        "tasa_ipm": 0.0367254991106102,
        "ingreso_percapita_promedio": 1186126.366683503,
        "capacidad_pago_promedio": 0.2239212238293564,
        "tamano_hogar_promedio": 3.368175820974312,
        "gasto_educ_promedio": 317577.5411351805,
        "tasa_deficit_cuantitativo": 0.0013346152224075,
        "tasa_deficit_cualitativo": 0.0942891977967926,
        "tasa_deficit_habitacional": 0.0956238130192002,
        "pct_estrato_1": 0.0025422399444706,
        "pct_estrato_2": 0.0034884438699467,
        "pct_estrato_3": 0.9314214547896904,
        "pct_estrato_4": 0.0625478613958923,
        "pct_estrato_5": 0.0,
        "pct_estrato_6": 0.0,
        "s0_localidad": 0.45908732785239414,
        "dist_transmilenio_m": 1265.4097871040149,
        "dist_sitp_m": 133.02731306096993,
        "dist_parque_m": 68.55273849827915,
        "homicidios": 114.0,
        "lesiones_personales": 3260.0,
        "hurto_personas": 44584.0,
        "hurto_residencias": 4694.0,
        "hurto_automotores": 1548.0,
        "hurto_bicicletas": 2840.0,
        "hurto_comercio": 11724.0,
        "hurto_entidades": 1616.0,
        "violencia_intrafam": 6497.0,
        "delitos_sexuales": 1001.0,
        "pct_no_oficial": 73.15,
        "n_sedes_total": 257,
        "n_sedes_no_oficial": 188
      }
    },
    {
      "type": "Feature",
      "geometry": {
        "type": "Point",
        "coordinates": [
          -74.08995000000809,
          4.574600000242442
        ]
      },
      "properties": {
        "DANE12_EST": "111001035530",
        "id_establecimiento": "111001035530",
        "nombre_establecimiento": "COLEGIO TECNICO JOSE FELIX RESTREPO (IED)",
        "nombre_localidad": "San Cristobal",
        "codigo_upz": "33",
        "nombre_upz": "SOSIEGO",
        "estrato": "Estrato 3",
        "zona": "URBANA",
        "caracter_media": "Académico - Técnico",
        "lon": -74.08995000000809,
        "lat": 4.574600000242442,
        "codigo_localidad": "04",
        "q_j": 255.03666666666663,
        "puntaje_2023": 271.92,
        "punt_global_2020": 250.89,
        "punt_global_2022": 242.3,
        "matricula_total": 3758.0,
        "demanda_total": 4477.0,
        "sobre_demanda_j": 1.1913251729643428,
        "n_hogares_muestra": 2142.0,
        "poblacion_expandida": 44028.000002,
        "tasa_pobreza_monetaria": 0.2922676293157868,
        "tasa_pobreza_extrema": 0.1048946791993779,
        "tasa_ipm": 0.0383286416353989,
        "ingreso_percapita_promedio": 1027486.805516976,
        "capacidad_pago_promedio": 0.1922017177186244,
        "tamano_hogar_promedio": 3.490771427982612,
        "gasto_educ_promedio": 308150.2784604551,
        "tasa_deficit_cuantitativo": 0.0035378109383329,
        "tasa_deficit_cualitativo": 0.0844290801428895,
        "tasa_deficit_habitacional": 0.0879668910812225,
        "pct_estrato_1": 0.0,
        "pct_estrato_2": 0.284426128775578,
        "pct_estrato_3": 0.7155738712244221,
        "pct_estrato_4": 0.0,
        "pct_estrato_5": 0.0,
        "pct_estrato_6": 0.0,
        "s0_localidad": 0.24275340378588084,
        "dist_transmilenio_m": 491.2194417692753,
        "dist_sitp_m": 62.459954851544126,
        "dist_parque_m": 95.34143740163766,
        "homicidios": 113.0,
        "lesiones_personales": 2653.0,
        "hurto_personas": 11264.0,
        "hurto_residencias": 1302.0,
        "hurto_automotores": 438.0,
        "hurto_bicicletas": 251.0,
        "hurto_comercio": 3279.0,
        "hurto_entidades": 810.0,
        "violencia_intrafam": 4309.0,
        "delitos_sexuales": 811.0,
        "pct_no_oficial": 49.61,
        "n_sedes_total": 129,
        "n_sedes_no_oficial": 64
      }
    },
    {
      "type": "Feature",
      "geometry": {
        "type": "Point",
        "coordinates": [
          -74.14234999985028,
          4.5606899999523804
        ]
      },
      "properties": {
        "DANE12_EST": "111001035572",
        "id_establecimiento": "111001035572",
        "nombre_establecimiento": "COLEGIO ACACIA II (IED)",
        "nombre_localidad": "Ciudad Bolivar",
        "codigo_upz": "66",
        "nombre_upz": "SAN FRANCISCO",
        "estrato": "Estrato 2",
        "zona": "URBANA",
        "caracter_media": "Académico",
        "lon": -74.14234999985028,
        "lat": 4.5606899999523804,
        "codigo_localidad": "19",
        "q_j": 246.57000000000002,
        "puntaje_2023": 244.03,
        "punt_global_2020": 247.6,
        "punt_global_2022": 248.08,
        "matricula_total": 2766.0,
        "demanda_total": 2952.0,
        "sobre_demanda_j": 1.0672451193058567,
        "n_hogares_muestra": 2882.0,
        "poblacion_expandida": 71305.9999963,
        "tasa_pobreza_monetaria": 0.5323890475453656,
        "tasa_pobreza_extrema": 0.1873034317293498,
        "tasa_ipm": 0.0923402259857748,
        "ingreso_percapita_promedio": 541606.1792803309,
        "capacidad_pago_promedio": 0.5329856299213537,
        "tamano_hogar_promedio": 4.082155660577006,
        "gasto_educ_promedio": 129420.60229855483,
        "tasa_deficit_cuantitativo": 0.0128150713971813,
        "tasa_deficit_cualitativo": 0.2080231810123928,
        "tasa_deficit_habitacional": 0.2208382524095742,
        "pct_estrato_1": 0.1667902500030449,
        "pct_estrato_2": 0.832027275280881,
        "pct_estrato_3": 0.000749378722727,
        "pct_estrato_4": 0.0,
        "pct_estrato_5": 0.0,
        "pct_estrato_6": 0.0,
        "s0_localidad": 0.24641727799438962,
        "dist_transmilenio_m": 1046.000788097273,
        "dist_sitp_m": 145.60804508140802,
        "dist_parque_m": 172.1239169554938,
        "homicidios": 450.0,
        "lesiones_personales": 4378.0,
        "hurto_personas": 16269.0,
        "hurto_residencias": 1893.0,
        "hurto_automotores": 870.0,
        "hurto_bicicletas": 472.0,
        "hurto_comercio": 4561.0,
        "hurto_entidades": 1620.0,
        "violencia_intrafam": 8567.0,
        "delitos_sexuales": 1433.0,
        "pct_no_oficial": 44.59,
        "n_sedes_total": 148,
        "n_sedes_no_oficial": 66
      }
    },
    {
      "type": "Feature",
      "geometry": {
        "type": "Point",
        "coordinates": [
          -74.09562999993886,
          4.552060000283302
        ]
      },
      "properties": {
        "DANE12_EST": "111001035602",
        "id_establecimiento": "111001035602",
        "nombre_establecimiento": "COLEGIO JUAN EVANGELISTA GOMEZ (IED)",
        "nombre_localidad": "San Cristobal",
        "codigo_upz": "50",
        "nombre_upz": "LA GLORIA",
        "estrato": "Sin estrato",
        "zona": "URBANA",
        "caracter_media": "Académico",
        "lon": -74.09562999993886,
        "lat": 4.552060000283302,
        "codigo_localidad": "04",
        "q_j": 243.99,
        "puntaje_2023": 254.46,
        "punt_global_2020": 238.07,
        "punt_global_2022": 239.44,
        "matricula_total": 2172.0,
        "demanda_total": 2451.0,
        "sobre_demanda_j": 1.1284530386740332,
        "n_hogares_muestra": 2500.0,
        "poblacion_expandida": 96156.0000033,
        "tasa_pobreza_monetaria": 0.5221184917444258,
        "tasa_pobreza_extrema": 0.1745577883889092,
        "tasa_ipm": 0.0630786075241466,
        "ingreso_percapita_promedio": 557986.0836562533,
        "capacidad_pago_promedio": 0.5453921897406319,
        "tamano_hogar_promedio": 3.615804038094012,
        "gasto_educ_promedio": 150029.1905653152,
        "tasa_deficit_cuantitativo": 0.0079722719307551,
        "tasa_deficit_cualitativo": 0.2070523211616199,
        "tasa_deficit_habitacional": 0.2150245930923751,
        "pct_estrato_1": 0.035853985153102,
        "pct_estrato_2": 0.964146014846898,
        "pct_estrato_3": 0.0,
        "pct_estrato_4": 0.0,
        "pct_estrato_5": 0.0,
        "pct_estrato_6": 0.0,
        "s0_localidad": 0.24275340378588084,
        "dist_transmilenio_m": 1526.3795211800566,
        "dist_sitp_m": 83.1312767381217,
        "dist_parque_m": 56.57122166323091,
        "homicidios": 113.0,
        "lesiones_personales": 2653.0,
        "hurto_personas": 11264.0,
        "hurto_residencias": 1302.0,
        "hurto_automotores": 438.0,
        "hurto_bicicletas": 251.0,
        "hurto_comercio": 3279.0,
        "hurto_entidades": 810.0,
        "violencia_intrafam": 4309.0,
        "delitos_sexuales": 811.0,
        "pct_no_oficial": 49.61,
        "n_sedes_total": 129,
        "n_sedes_no_oficial": 64
      }
    },
    {
      "type": "Feature",
      "geometry": {
        "type": "Point",
        "coordinates": [
          -74.08231000009488,
          4.5922000002402905
        ]
      },
      "properties": {
        "DANE12_EST": "111001036544",
        "id_establecimiento": "111001036544",
        "nombre_establecimiento": "COLEGIO ANTONIO JOSE URIBE (IED)",
        "nombre_localidad": "Santa Fe",
        "codigo_upz": "95",
        "nombre_upz": "LAS CRUCES",
        "estrato": "Estrato 2",
        "zona": "URBANA",
        "caracter_media": "Académico",
        "lon": -74.08231000009488,
        "lat": 4.5922000002402905,
        "codigo_localidad": "03",
        "q_j": 240.5533333333333,
        "puntaje_2023": 262.69,
        "punt_global_2020": 220.47,
        "punt_global_2022": 238.5,
        "matricula_total": 1144.0,
        "demanda_total": 1450.0,
        "sobre_demanda_j": 1.2674825174825175,
        "n_hogares_muestra": 2541.0,
        "poblacion_expandida": 20880.000003,
        "tasa_pobreza_monetaria": 0.508580371789955,
        "tasa_pobreza_extrema": 0.2217473257440018,
        "tasa_ipm": 0.1099846159181056,
        "ingreso_percapita_promedio": 721111.6888979353,
        "capacidad_pago_promedio": 0.4559007991011636,
        "tamano_hogar_promedio": 3.4665156241666883,
        "gasto_educ_promedio": 179846.8574230533,
        "tasa_deficit_cuantitativo": 0.0419309008416765,
        "tasa_deficit_cualitativo": 0.1760353944143627,
        "tasa_deficit_habitacional": 0.2179662952560393,
        "pct_estrato_1": 0.0213839709547819,
        "pct_estrato_2": 0.9213019936942574,
        "pct_estrato_3": 0.0559479817687814,
        "pct_estrato_4": 0.0,
        "pct_estrato_5": 0.0,
        "pct_estrato_6": 0.0,
        "s0_localidad": 0.26720847821961147,
        "dist_transmilenio_m": 209.1821008403852,
        "dist_sitp_m": 108.60066094826499,
        "dist_parque_m": 374.2209082189166,
        "homicidios": 113.0,
        "lesiones_personales": 1683.0,
        "hurto_personas": 25139.0,
        "hurto_residencias": 580.0,
        "hurto_automotores": 128.0,
        "hurto_bicicletas": 443.0,
        "hurto_comercio": 7043.0,
        "hurto_entidades": 180.0,
        "violencia_intrafam": 1602.0,
        "delitos_sexuales": 514.0,
        "pct_no_oficial": 44.83,
        "n_sedes_total": 29,
        "n_sedes_no_oficial": 13
      }
    },
    {
      "type": "Feature",
      "geometry": {
        "type": "Point",
        "coordinates": [
          -74.15094999966323,
          4.540019999981385
        ]
      },
      "properties": {
        "DANE12_EST": "111001036561",
        "id_establecimiento": "111001036561",
        "nombre_establecimiento": "COLEGIO JOSE JAIME ROJAS (IED)",
        "nombre_localidad": "Ciudad Bolivar",
        "codigo_upz": "67",
        "nombre_upz": "LUCERO",
        "estrato": "Estrato 1",
        "zona": "URBANA",
        "caracter_media": "Académico",
        "lon": -74.15094999966323,
        "lat": 4.540019999981385,
        "codigo_localidad": "19",
        "q_j": 231.36666666666667,
        "puntaje_2023": 231.92,
        "punt_global_2020": 227.3,
        "punt_global_2022": 234.88,
        "matricula_total": 1050.0,
        "demanda_total": 1099.0,
        "sobre_demanda_j": 1.0466666666666666,
        "n_hogares_muestra": 2402.0,
        "poblacion_expandida": 161831.0000128,
        "tasa_pobreza_monetaria": 0.7038631757592213,
        "tasa_pobreza_extrema": 0.2920063706370369,
        "tasa_ipm": 0.1283344089448704,
        "ingreso_percapita_promedio": 390100.4363498642,
        "capacidad_pago_promedio": 0.6999095390854729,
        "tamano_hogar_promedio": 3.793805295915117,
        "gasto_educ_promedio": 94504.09039926344,
        "tasa_deficit_cuantitativo": 0.0495404235910664,
        "tasa_deficit_cualitativo": 0.2674079830741772,
        "tasa_deficit_habitacional": 0.3169484066652437,
        "pct_estrato_1": 0.7291873913191316,
        "pct_estrato_2": 0.2533851853437022,
        "pct_estrato_3": 0.0062719642164957,
        "pct_estrato_4": 0.0,
        "pct_estrato_5": 0.0,
        "pct_estrato_6": 0.0,
        "s0_localidad": 0.24641727799438962,
        "dist_transmilenio_m": 3360.6669904932974,
        "dist_sitp_m": 126.66472017262448,
        "dist_parque_m": 38.368878992038105,
        "homicidios": 450.0,
        "lesiones_personales": 4378.0,
        "hurto_personas": 16269.0,
        "hurto_residencias": 1893.0,
        "hurto_automotores": 870.0,
        "hurto_bicicletas": 472.0,
        "hurto_comercio": 4561.0,
        "hurto_entidades": 1620.0,
        "violencia_intrafam": 8567.0,
        "delitos_sexuales": 1433.0,
        "pct_no_oficial": 44.59,
        "n_sedes_total": 148,
        "n_sedes_no_oficial": 66
      }
    },
    {
      "type": "Feature",
      "geometry": {
        "type": "Point",
        "coordinates": [
          -74.08679999997216,
          4.690159999805551
        ]
      },
      "properties": {
        "DANE12_EST": "111001036625",
        "id_establecimiento": "111001036625",
        "nombre_establecimiento": "COLEGIO INSTITUTO TECNICO DISTRITAL REPUBLICA DE GUATEMALA (IED)",
        "nombre_localidad": "Engativa",
        "codigo_upz": "26",
        "nombre_upz": "LAS FERIAS",
        "estrato": "Estrato 3",
        "zona": "URBANA",
        "caracter_media": "Académico - Técnico",
        "lon": -74.08679999997216,
        "lat": 4.690159999805551,
        "codigo_localidad": "10",
        "q_j": 269.39000000000004,
        "puntaje_2023": 266.54,
        "punt_global_2020": 275.68,
        "punt_global_2022": 265.95,
        "matricula_total": 1078.0,
        "demanda_total": 1172.0,
        "sobre_demanda_j": 1.0871985157699444,
        "n_hogares_muestra": 2278.0,
        "poblacion_expandida": 100930.0000018,
        "tasa_pobreza_monetaria": 0.2695353069029509,
        "tasa_pobreza_extrema": 0.1010484491223433,
        "tasa_ipm": 0.0367254991106102,
        "ingreso_percapita_promedio": 1186126.366683503,
        "capacidad_pago_promedio": 0.2239212238293564,
        "tamano_hogar_promedio": 3.368175820974312,
        "gasto_educ_promedio": 317577.5411351805,
        "tasa_deficit_cuantitativo": 0.0013346152224075,
        "tasa_deficit_cualitativo": 0.0942891977967926,
        "tasa_deficit_habitacional": 0.0956238130192002,
        "pct_estrato_1": 0.0025422399444706,
        "pct_estrato_2": 0.0034884438699467,
        "pct_estrato_3": 0.9314214547896904,
        "pct_estrato_4": 0.0625478613958923,
        "pct_estrato_5": 0.0,
        "pct_estrato_6": 0.0,
        "s0_localidad": 0.45908732785239414,
        "dist_transmilenio_m": 256.69065667567986,
        "dist_sitp_m": 79.24168587783959,
        "dist_parque_m": 129.2012985453683,
        "homicidios": 114.0,
        "lesiones_personales": 3260.0,
        "hurto_personas": 44584.0,
        "hurto_residencias": 4694.0,
        "hurto_automotores": 1548.0,
        "hurto_bicicletas": 2840.0,
        "hurto_comercio": 11724.0,
        "hurto_entidades": 1616.0,
        "violencia_intrafam": 6497.0,
        "delitos_sexuales": 1001.0,
        "pct_no_oficial": 73.15,
        "n_sedes_total": 257,
        "n_sedes_no_oficial": 188
      }
    },
    {
      "type": "Feature",
      "geometry": {
        "type": "Point",
        "coordinates": [
          -74.1100700004145,
          4.573009999810564
        ]
      },
      "properties": {
        "DANE12_EST": "111001036765",
        "id_establecimiento": "111001036765",
        "nombre_establecimiento": "COLEGIO JOSE MARTI (IED)",
        "nombre_localidad": "Rafael Uribe Uribe",
        "codigo_upz": "53",
        "nombre_upz": "MARCO FIDEL SUAREZ",
        "estrato": "Estrato 2",
        "zona": "URBANA",
        "caracter_media": "Académico",
        "lon": -74.1100700004145,
        "lat": 4.573009999810564,
        "codigo_localidad": "18",
        "q_j": 242.94000000000003,
        "puntaje_2023": 240.77,
        "punt_global_2020": 243.31,
        "punt_global_2022": 244.74,
        "matricula_total": 2034.0,
        "demanda_total": 2268.0,
        "sobre_demanda_j": 1.1150442477876106,
        "n_hogares_muestra": 2174.0,
        "poblacion_expandida": 47442.9999975,
        "tasa_pobreza_monetaria": 0.5827803477658865,
        "tasa_pobreza_extrema": 0.2234402638863183,
        "tasa_ipm": 0.1040373178142211,
        "ingreso_percapita_promedio": 555562.313298087,
        "capacidad_pago_promedio": 0.4649072076294137,
        "tamano_hogar_promedio": 3.0968267260932505,
        "gasto_educ_promedio": 112069.29148232724,
        "tasa_deficit_cuantitativo": 0.0160758053967959,
        "tasa_deficit_cualitativo": 0.1350306657049001,
        "tasa_deficit_habitacional": 0.1511064711016961,
        "pct_estrato_1": 0.0032091840188863,
        "pct_estrato_2": 0.7094701243634188,
        "pct_estrato_3": 0.2873206916176949,
        "pct_estrato_4": 0.0,
        "pct_estrato_5": 0.0,
        "pct_estrato_6": 0.0,
        "s0_localidad": 0.2741314328601635,
        "dist_transmilenio_m": 637.799193924128,
        "dist_sitp_m": 77.26335063189997,
        "dist_parque_m": 72.55344781964615,
        "homicidios": 159.0,
        "lesiones_personales": 2500.0,
        "hurto_personas": 13897.0,
        "hurto_residencias": 1530.0,
        "hurto_automotores": 660.0,
        "hurto_bicicletas": 415.0,
        "hurto_comercio": 3902.0,
        "hurto_entidades": 942.0,
        "violencia_intrafam": 3177.0,
        "delitos_sexuales": 716.0,
        "pct_no_oficial": 57.85,
        "n_sedes_total": 121,
        "n_sedes_no_oficial": 70
      }
    },
    {
      "type": "Feature",
      "geometry": {
        "type": "Point",
        "coordinates": [
          -74.15407999960769,
          4.573300000191927
        ]
      },
      "properties": {
        "DANE12_EST": "111001036781",
        "id_establecimiento": "111001036781",
        "nombre_establecimiento": "COLEGIO RODRIGO LARA BONILLA (IED)",
        "nombre_localidad": "Ciudad Bolivar",
        "codigo_upz": "66",
        "nombre_upz": "SAN FRANCISCO",
        "estrato": "Estrato 2",
        "zona": "URBANA",
        "caracter_media": "Académico",
        "lon": -74.15407999960769,
        "lat": 4.573300000191927,
        "codigo_localidad": "19",
        "q_j": 250.13,
        "puntaje_2023": 260.0,
        "punt_global_2020": 244.56,
        "punt_global_2022": 245.83,
        "matricula_total": 3647.0,
        "demanda_total": 4029.0,
        "sobre_demanda_j": 1.1047436248971758,
        "n_hogares_muestra": 2882.0,
        "poblacion_expandida": 71305.9999963,
        "tasa_pobreza_monetaria": 0.5323890475453656,
        "tasa_pobreza_extrema": 0.1873034317293498,
        "tasa_ipm": 0.0923402259857748,
        "ingreso_percapita_promedio": 541606.1792803309,
        "capacidad_pago_promedio": 0.5329856299213537,
        "tamano_hogar_promedio": 4.082155660577006,
        "gasto_educ_promedio": 129420.60229855483,
        "tasa_deficit_cuantitativo": 0.0128150713971813,
        "tasa_deficit_cualitativo": 0.2080231810123928,
        "tasa_deficit_habitacional": 0.2208382524095742,
        "pct_estrato_1": 0.1667902500030449,
        "pct_estrato_2": 0.832027275280881,
        "pct_estrato_3": 0.000749378722727,
        "pct_estrato_4": 0.0,
        "pct_estrato_5": 0.0,
        "pct_estrato_6": 0.0,
        "s0_localidad": 0.24641727799438962,
        "dist_transmilenio_m": 1696.306284222197,
        "dist_sitp_m": 94.52479390096413,
        "dist_parque_m": 18.03323831503042,
        "homicidios": 450.0,
        "lesiones_personales": 4378.0,
        "hurto_personas": 16269.0,
        "hurto_residencias": 1893.0,
        "hurto_automotores": 870.0,
        "hurto_bicicletas": 472.0,
        "hurto_comercio": 4561.0,
        "hurto_entidades": 1620.0,
        "violencia_intrafam": 8567.0,
        "delitos_sexuales": 1433.0,
        "pct_no_oficial": 44.59,
        "n_sedes_total": 148,
        "n_sedes_no_oficial": 66
      }
    },
    {
      "type": "Feature",
      "geometry": {
        "type": "Point",
        "coordinates": [
          -74.09398999962357,
          4.60616000056359
        ]
      },
      "properties": {
        "DANE12_EST": "111001041459",
        "id_establecimiento": "111001041459",
        "nombre_establecimiento": "COLEGIO RICAURTE (IED)",
        "nombre_localidad": "Los Martires",
        "codigo_upz": "102",
        "nombre_upz": "LA SABANA",
        "estrato": "Estrato 3",
        "zona": "URBANA",
        "caracter_media": "Sin información",
        "lon": -74.09398999962357,
        "lat": 4.60616000056359,
        "codigo_localidad": "14",
        "q_j": 262.41333333333336,
        "puntaje_2023": 260.77,
        "punt_global_2020": 259.85,
        "punt_global_2022": 266.62,
        "matricula_total": 930.0,
        "demanda_total": 1041.0,
        "sobre_demanda_j": 1.1193548387096774,
        "n_hogares_muestra": 2165.0,
        "poblacion_expandida": 39295.0,
        "tasa_pobreza_monetaria": 0.4324740129100394,
        "tasa_pobreza_extrema": 0.1580202324697798,
        "tasa_ipm": 0.1044810492250922,
        "ingreso_percapita_promedio": 862033.7606376254,
        "capacidad_pago_promedio": 0.3752397003969971,
        "tamano_hogar_promedio": 3.334361474559104,
        "gasto_educ_promedio": 238742.41054684692,
        "tasa_deficit_cuantitativo": 0.02678919004199,
        "tasa_deficit_cualitativo": 0.21042827307291,
        "tasa_deficit_habitacional": 0.2372174631149001,
        "pct_estrato_1": 0.0017800902913856,
        "pct_estrato_2": 0.2632160191322051,
        "pct_estrato_3": 0.6492448415421809,
        "pct_estrato_4": 0.0832601198065911,
        "pct_estrato_5": 0.0,
        "pct_estrato_6": 0.0,
        "s0_localidad": 0.38962747752475235,
        "dist_transmilenio_m": 244.62509053816538,
        "dist_sitp_m": 44.18052184560711,
        "dist_parque_m": 313.86665242187036,
        "homicidios": 125.0,
        "lesiones_personales": 1566.0,
        "hurto_personas": 18260.0,
        "hurto_residencias": 709.0,
        "hurto_automotores": 275.0,
        "hurto_bicicletas": 493.0,
        "hurto_comercio": 4878.0,
        "hurto_entidades": 317.0,
        "violencia_intrafam": 1250.0,
        "delitos_sexuales": 516.0,
        "pct_no_oficial": 58.33,
        "n_sedes_total": 36,
        "n_sedes_no_oficial": 21
      }
    },
    {
      "type": "Feature",
      "geometry": {
        "type": "Point",
        "coordinates": [
          -74.1440400003943,
          4.637940000386431
        ]
      },
      "properties": {
        "DANE12_EST": "111001041475",
        "id_establecimiento": "111001041475",
        "nombre_establecimiento": "COLEGIO SAN JOSE DE CASTILLA (IED)",
        "nombre_localidad": "Kennedy",
        "codigo_upz": "46",
        "nombre_upz": "CASTILLA",
        "estrato": "Estrato 3",
        "zona": "URBANA",
        "caracter_media": "Académico",
        "lon": -74.1440400003943,
        "lat": 4.637940000386431,
        "codigo_localidad": "08",
        "q_j": null,
        "puntaje_2023": null,
        "punt_global_2020": null,
        "punt_global_2022": null,
        "matricula_total": 2433.0,
        "demanda_total": 2655.0,
        "sobre_demanda_j": 1.091245376078915,
        "n_hogares_muestra": null,
        "poblacion_expandida": null,
        "tasa_pobreza_monetaria": null,
        "tasa_pobreza_extrema": null,
        "tasa_ipm": null,
        "ingreso_percapita_promedio": null,
        "capacidad_pago_promedio": null,
        "tamano_hogar_promedio": null,
        "gasto_educ_promedio": null,
        "tasa_deficit_cuantitativo": null,
        "tasa_deficit_cualitativo": null,
        "tasa_deficit_habitacional": null,
        "pct_estrato_1": null,
        "pct_estrato_2": null,
        "pct_estrato_3": null,
        "pct_estrato_4": null,
        "pct_estrato_5": null,
        "pct_estrato_6": null,
        "s0_localidad": 0.3719221758740453,
        "dist_transmilenio_m": 763.411395423626,
        "dist_sitp_m": 121.34929526032927,
        "dist_parque_m": 222.60624765144019,
        "homicidios": 277.0,
        "lesiones_personales": 5216.0,
        "hurto_personas": 45928.0,
        "hurto_residencias": 4574.0,
        "hurto_automotores": 2662.0,
        "hurto_bicicletas": 2842.0,
        "hurto_comercio": 11829.0,
        "hurto_entidades": 2994.0,
        "violencia_intrafam": 8341.0,
        "delitos_sexuales": 1353.0,
        "pct_no_oficial": 70.99,
        "n_sedes_total": 262,
        "n_sedes_no_oficial": 186
      }
    },
    {
      "type": "Feature",
      "geometry": {
        "type": "Point",
        "coordinates": [
          -74.09102999955842,
          4.515950000234491
        ]
      },
      "properties": {
        "DANE12_EST": "111001041556",
        "id_establecimiento": "111001041556",
        "nombre_establecimiento": "COLEGIO PROVINCIA DE QUEBEC (IED)",
        "nombre_localidad": "Usme",
        "codigo_upz": "52",
        "nombre_upz": "LA FLORA",
        "estrato": "Estrato 1",
        "zona": "URBANA",
        "caracter_media": "Académico",
        "lon": -74.09102999955842,
        "lat": 4.515950000234491,
        "codigo_localidad": "05",
        "q_j": 253.54,
        "puntaje_2023": 258.95,
        "punt_global_2020": 246.45,
        "punt_global_2022": 255.22,
        "matricula_total": 1068.0,
        "demanda_total": 1117.0,
        "sobre_demanda_j": 1.0458801498127341,
        "n_hogares_muestra": 2154.0,
        "poblacion_expandida": 19629.0000075,
        "tasa_pobreza_monetaria": 0.7487849338878249,
        "tasa_pobreza_extrema": 0.3638983283545144,
        "tasa_ipm": 0.1788048463222254,
        "ingreso_percapita_promedio": 342105.1816187633,
        "capacidad_pago_promedio": 0.754926642046872,
        "tamano_hogar_promedio": 3.752629232240833,
        "gasto_educ_promedio": 64628.117806994414,
        "tasa_deficit_cuantitativo": 0.1189753326408724,
        "tasa_deficit_cualitativo": 0.2826258941708852,
        "tasa_deficit_habitacional": 0.4016012268117577,
        "pct_estrato_1": 0.9406263803171484,
        "pct_estrato_2": 0.0070001862370726,
        "pct_estrato_3": 0.0016351785005724,
        "pct_estrato_4": 0.0,
        "pct_estrato_5": 0.0,
        "pct_estrato_6": 0.0,
        "s0_localidad": 0.1806550335776531,
        "dist_transmilenio_m": 3599.460724518954,
        "dist_sitp_m": 29.728762545257297,
        "dist_parque_m": 219.32938996230658,
        "homicidios": 171.0,
        "lesiones_personales": 2562.0,
        "hurto_personas": 8404.0,
        "hurto_residencias": 1452.0,
        "hurto_automotores": 311.0,
        "hurto_bicicletas": 146.0,
        "hurto_comercio": 2308.0,
        "hurto_entidades": 623.0,
        "violencia_intrafam": 3963.0,
        "delitos_sexuales": 923.0,
        "pct_no_oficial": 33.03,
        "n_sedes_total": 109,
        "n_sedes_no_oficial": 36
      }
    },
    {
      "type": "Feature",
      "geometry": {
        "type": "Point",
        "coordinates": [
          -74.17561000017561,
          4.597890000591439
        ]
      },
      "properties": {
        "DANE12_EST": "111001041599",
        "id_establecimiento": "111001041599",
        "nombre_establecimiento": "COLEGIO MOTORISTA (CED)",
        "nombre_localidad": "Bosa",
        "codigo_upz": "49",
        "nombre_upz": "APOGEO",
        "estrato": "Estrato 2",
        "zona": "URBANA",
        "caracter_media": "Sin información",
        "lon": -74.17561000017561,
        "lat": 4.597890000591439,
        "codigo_localidad": "07",
        "q_j": null,
        "puntaje_2023": null,
        "punt_global_2020": null,
        "punt_global_2022": null,
        "matricula_total": 450.0,
        "demanda_total": 498.0,
        "sobre_demanda_j": 1.1066666666666667,
        "n_hogares_muestra": 2785.0,
        "poblacion_expandida": 36276.9999974,
        "tasa_pobreza_monetaria": 0.3640504515353125,
        "tasa_pobreza_extrema": 0.1385694204002613,
        "tasa_ipm": 0.0592954707184764,
        "ingreso_percapita_promedio": 806264.4264234471,
        "capacidad_pago_promedio": 0.3251937472019601,
        "tamano_hogar_promedio": 3.8134009469447534,
        "gasto_educ_promedio": 236837.9513886796,
        "tasa_deficit_cuantitativo": 0.0182476761762947,
        "tasa_deficit_cualitativo": 0.13131140263642,
        "tasa_deficit_habitacional": 0.1495590788127148,
        "pct_estrato_1": 0.0,
        "pct_estrato_2": 0.6503859848469004,
        "pct_estrato_3": 0.3496140151530997,
        "pct_estrato_4": 0.0,
        "pct_estrato_5": 0.0,
        "pct_estrato_6": 0.0,
        "s0_localidad": 0.2763191613237501,
        "dist_transmilenio_m": 632.2462138278956,
        "dist_sitp_m": 40.92317572251829,
        "dist_parque_m": 378.1061927389492,
        "homicidios": 209.0,
        "lesiones_personales": 3464.0,
        "hurto_personas": 19664.0,
        "hurto_residencias": 2638.0,
        "hurto_automotores": 681.0,
        "hurto_bicicletas": 1403.0,
        "hurto_comercio": 5397.0,
        "hurto_entidades": 1643.0,
        "violencia_intrafam": 7523.0,
        "delitos_sexuales": 1159.0,
        "pct_no_oficial": 55.7,
        "n_sedes_total": 149,
        "n_sedes_no_oficial": 83
      }
    },
    {
      "type": "Feature",
      "geometry": {
        "type": "Point",
        "coordinates": [
          -74.11009999965339,
          4.54755000019344
        ]
      },
      "properties": {
        "DANE12_EST": "111001041611",
        "id_establecimiento": "111001041611",
        "nombre_establecimiento": "COLEGIO DIANA TURBAY (IED)",
        "nombre_localidad": "Rafael Uribe Uribe",
        "codigo_upz": "55",
        "nombre_upz": "DIANA TURBAY",
        "estrato": "Estrato 2",
        "zona": "URBANA",
        "caracter_media": "Académico",
        "lon": -74.11009999965339,
        "lat": 4.54755000019344,
        "codigo_localidad": "18",
        "q_j": 256.54,
        "puntaje_2023": 256.54,
        "punt_global_2020": null,
        "punt_global_2022": null,
        "matricula_total": 1792.0,
        "demanda_total": 2084.0,
        "sobre_demanda_j": 1.1629464285714286,
        "n_hogares_muestra": 2431.0,
        "poblacion_expandida": 75394.00000069999,
        "tasa_pobreza_monetaria": 0.6239134951436888,
        "tasa_pobreza_extrema": 0.2314413282361725,
        "tasa_ipm": 0.1293308840412959,
        "ingreso_percapita_promedio": 475879.3776286632,
        "capacidad_pago_promedio": 0.5022315466330005,
        "tamano_hogar_promedio": 3.685937960754435,
        "gasto_educ_promedio": 124946.7502659414,
        "tasa_deficit_cuantitativo": 0.0178050504189661,
        "tasa_deficit_cualitativo": 0.206111604975936,
        "tasa_deficit_habitacional": 0.2239166553949022,
        "pct_estrato_1": 0.2911565840318353,
        "pct_estrato_2": 0.7069788979335905,
        "pct_estrato_3": 0.0018645180345743,
        "pct_estrato_4": 0.0,
        "pct_estrato_5": 0.0,
        "pct_estrato_6": 0.0,
        "s0_localidad": 0.2741314328601635,
        "dist_transmilenio_m": 1268.0457238090871,
        "dist_sitp_m": 57.90243223016782,
        "dist_parque_m": 49.87556151756954,
        "homicidios": 159.0,
        "lesiones_personales": 2500.0,
        "hurto_personas": 13897.0,
        "hurto_residencias": 1530.0,
        "hurto_automotores": 660.0,
        "hurto_bicicletas": 415.0,
        "hurto_comercio": 3902.0,
        "hurto_entidades": 942.0,
        "violencia_intrafam": 3177.0,
        "delitos_sexuales": 716.0,
        "pct_no_oficial": 57.85,
        "n_sedes_total": 121,
        "n_sedes_no_oficial": 70
      }
    },
    {
      "type": "Feature",
      "geometry": {
        "type": "Point",
        "coordinates": [
          -74.10871999962909,
          4.498520000045551
        ]
      },
      "properties": {
        "DANE12_EST": "111001044270",
        "id_establecimiento": "111001044270",
        "nombre_establecimiento": "COLEGIO LOS COMUNEROS - OSWALDO GUAYASAMIN (IED)",
        "nombre_localidad": "Usme",
        "codigo_upz": "58",
        "nombre_upz": "COMUNEROS",
        "estrato": "Estrato 1",
        "zona": "URBANA",
        "caracter_media": "Sin información",
        "lon": -74.10871999962909,
        "lat": 4.498520000045551,
        "codigo_localidad": "05",
        "q_j": 244.82333333333335,
        "puntaje_2023": 248.85,
        "punt_global_2020": 238.36,
        "punt_global_2022": 247.26,
        "matricula_total": 1909.0,
        "demanda_total": 2115.0,
        "sobre_demanda_j": 1.107909900471451,
        "n_hogares_muestra": 2461.0,
        "poblacion_expandida": 98789.9999997,
        "tasa_pobreza_monetaria": 0.5463223495319759,
        "tasa_pobreza_extrema": 0.1430068890428474,
        "tasa_ipm": 0.0808793279686634,
        "ingreso_percapita_promedio": 538295.1485405599,
        "capacidad_pago_promedio": 0.6418885111488265,
        "tamano_hogar_promedio": 3.78760632903772,
        "gasto_educ_promedio": 85874.88811383818,
        "tasa_deficit_cuantitativo": 0.0237107379320489,
        "tasa_deficit_cualitativo": 0.1587196053178218,
        "tasa_deficit_habitacional": 0.1824303432498707,
        "pct_estrato_1": 0.4316831555524801,
        "pct_estrato_2": 0.5647227497800326,
        "pct_estrato_3": 0.0035940946674873,
        "pct_estrato_4": 0.0,
        "pct_estrato_5": 0.0,
        "pct_estrato_6": 0.0,
        "s0_localidad": 0.1806550335776531,
        "dist_transmilenio_m": 3875.9763138776134,
        "dist_sitp_m": 72.7669708759372,
        "dist_parque_m": 122.39887009329836,
        "homicidios": 171.0,
        "lesiones_personales": 2562.0,
        "hurto_personas": 8404.0,
        "hurto_residencias": 1452.0,
        "hurto_automotores": 311.0,
        "hurto_bicicletas": 146.0,
        "hurto_comercio": 2308.0,
        "hurto_entidades": 623.0,
        "violencia_intrafam": 3963.0,
        "delitos_sexuales": 923.0,
        "pct_no_oficial": 33.03,
        "n_sedes_total": 109,
        "n_sedes_no_oficial": 36
      }
    },
    {
      "type": "Feature",
      "geometry": {
        "type": "Point",
        "coordinates": [
          -74.13543999968303,
          4.557519999936229
        ]
      },
      "properties": {
        "DANE12_EST": "111001044385",
        "id_establecimiento": "111001044385",
        "nombre_establecimiento": "COLEGIO TECNICO CEDID GUILLERMO CANO ISAZA (IED)",
        "nombre_localidad": "Ciudad Bolivar",
        "codigo_upz": "67",
        "nombre_upz": "LUCERO",
        "estrato": "Estrato 2",
        "zona": "URBANA",
        "caracter_media": "Académico - Técnico",
        "lon": -74.13543999968303,
        "lat": 4.557519999936229,
        "codigo_localidad": "19",
        "q_j": 245.79666666666665,
        "puntaje_2023": 258.44,
        "punt_global_2020": 238.61,
        "punt_global_2022": 240.34,
        "matricula_total": 2743.0,
        "demanda_total": 3156.0,
        "sobre_demanda_j": 1.1505650747356908,
        "n_hogares_muestra": 2402.0,
        "poblacion_expandida": 161831.0000128,
        "tasa_pobreza_monetaria": 0.7038631757592213,
        "tasa_pobreza_extrema": 0.2920063706370369,
        "tasa_ipm": 0.1283344089448704,
        "ingreso_percapita_promedio": 390100.4363498642,
        "capacidad_pago_promedio": 0.6999095390854729,
        "tamano_hogar_promedio": 3.793805295915117,
        "gasto_educ_promedio": 94504.09039926344,
        "tasa_deficit_cuantitativo": 0.0495404235910664,
        "tasa_deficit_cualitativo": 0.2674079830741772,
        "tasa_deficit_habitacional": 0.3169484066652437,
        "pct_estrato_1": 0.7291873913191316,
        "pct_estrato_2": 0.2533851853437022,
        "pct_estrato_3": 0.0062719642164957,
        "pct_estrato_4": 0.0,
        "pct_estrato_5": 0.0,
        "pct_estrato_6": 0.0,
        "s0_localidad": 0.24641727799438962,
        "dist_transmilenio_m": 1201.6383916306581,
        "dist_sitp_m": 167.67443112325267,
        "dist_parque_m": 49.83595630465838,
        "homicidios": 450.0,
        "lesiones_personales": 4378.0,
        "hurto_personas": 16269.0,
        "hurto_residencias": 1893.0,
        "hurto_automotores": 870.0,
        "hurto_bicicletas": 472.0,
        "hurto_comercio": 4561.0,
        "hurto_entidades": 1620.0,
        "violencia_intrafam": 8567.0,
        "delitos_sexuales": 1433.0,
        "pct_no_oficial": 44.59,
        "n_sedes_total": 148,
        "n_sedes_no_oficial": 66
      }
    },
    {
      "type": "Feature",
      "geometry": {
        "type": "Point",
        "coordinates": [
          -74.02321000014771,
          4.749210000198098
        ]
      },
      "properties": {
        "DANE12_EST": "111001044806",
        "id_establecimiento": "111001044806",
        "nombre_establecimiento": "COLEGIO FRIEDRICH NAUMANN (IED)",
        "nombre_localidad": "Usaquen",
        "codigo_upz": "10",
        "nombre_upz": "LA URIBE",
        "estrato": "Estrato 2",
        "zona": "URBANA",
        "caracter_media": "Académico",
        "lon": -74.02321000014771,
        "lat": 4.749210000198098,
        "codigo_localidad": "01",
        "q_j": 255.20333333333335,
        "puntaje_2023": 250.38,
        "punt_global_2020": 259.4,
        "punt_global_2022": 255.83,
        "matricula_total": 1369.0,
        "demanda_total": 1496.0,
        "sobre_demanda_j": 1.0927684441197956,
        "n_hogares_muestra": null,
        "poblacion_expandida": null,
        "tasa_pobreza_monetaria": null,
        "tasa_pobreza_extrema": null,
        "tasa_ipm": null,
        "ingreso_percapita_promedio": null,
        "capacidad_pago_promedio": null,
        "tamano_hogar_promedio": null,
        "gasto_educ_promedio": null,
        "tasa_deficit_cuantitativo": null,
        "tasa_deficit_cualitativo": null,
        "tasa_deficit_habitacional": null,
        "pct_estrato_1": null,
        "pct_estrato_2": null,
        "pct_estrato_3": null,
        "pct_estrato_4": null,
        "pct_estrato_5": null,
        "pct_estrato_6": null,
        "s0_localidad": 0.6414694924474655,
        "dist_transmilenio_m": 2600.9676681325427,
        "dist_sitp_m": 125.31622627633544,
        "dist_parque_m": 159.35020189224971,
        "homicidios": 93.0,
        "lesiones_personales": 1898.0,
        "hurto_personas": 34039.0,
        "hurto_residencias": 3332.0,
        "hurto_automotores": 363.0,
        "hurto_bicicletas": 1238.0,
        "hurto_comercio": 8366.0,
        "hurto_entidades": 408.0,
        "violencia_intrafam": 3095.0,
        "delitos_sexuales": 602.0,
        "pct_no_oficial": 78.79,
        "n_sedes_total": 132,
        "n_sedes_no_oficial": 104
      }
    },
    {
      "type": "Feature",
      "geometry": {
        "type": "Point",
        "coordinates": [
          -74.11047000044756,
          4.7462100001279515
        ]
      },
      "properties": {
        "DANE12_EST": "111001045225",
        "id_establecimiento": "111001045225",
        "nombre_establecimiento": "COLEGIO TIBABUYES UNIVERSAL (IED)",
        "nombre_localidad": "Suba",
        "codigo_upz": "71",
        "nombre_upz": "TIBABUYES",
        "estrato": "Estrato 2",
        "zona": "URBANA",
        "caracter_media": "Académico",
        "lon": -74.11047000044756,
        "lat": 4.7462100001279515,
        "codigo_localidad": "11",
        "q_j": 251.4766666666667,
        "puntaje_2023": 254.86,
        "punt_global_2020": 252.05,
        "punt_global_2022": 247.52,
        "matricula_total": 3734.0,
        "demanda_total": 4238.0,
        "sobre_demanda_j": 1.1349758971612212,
        "n_hogares_muestra": 2573.0,
        "poblacion_expandida": 297101.9999961,
        "tasa_pobreza_monetaria": 0.4456968888729736,
        "tasa_pobreza_extrema": 0.1490413708291471,
        "tasa_ipm": 0.0547952712557091,
        "ingreso_percapita_promedio": 644941.2180258469,
        "capacidad_pago_promedio": 0.4503924567810265,
        "tamano_hogar_promedio": 3.863038542648874,
        "gasto_educ_promedio": 238418.55806301135,
        "tasa_deficit_cuantitativo": 0.0083614290907924,
        "tasa_deficit_cualitativo": 0.1447133755318523,
        "tasa_deficit_habitacional": 0.1530748046226447,
        "pct_estrato_1": 0.0023181771173167,
        "pct_estrato_2": 0.8509075995924582,
        "pct_estrato_3": 0.1452201069826738,
        "pct_estrato_4": 0.0015541163075511,
        "pct_estrato_5": 0.0,
        "pct_estrato_6": 0.0,
        "s0_localidad": 0.5228297059197053,
        "dist_transmilenio_m": 1795.4545817130538,
        "dist_sitp_m": 58.02984942971023,
        "dist_parque_m": 100.71870799768534,
        "homicidios": 143.0,
        "lesiones_personales": 4117.0,
        "hurto_personas": 47285.0,
        "hurto_residencias": 5010.0,
        "hurto_automotores": 938.0,
        "hurto_bicicletas": 2774.0,
        "hurto_comercio": 12600.0,
        "hurto_entidades": 1324.0,
        "violencia_intrafam": 8047.0,
        "delitos_sexuales": 1387.0,
        "pct_no_oficial": 80.22,
        "n_sedes_total": 364,
        "n_sedes_no_oficial": 292
      }
    },
    {
      "type": "Feature",
      "geometry": {
        "type": "Point",
        "coordinates": [
          -74.12271999988866,
          4.617730000416655
        ]
      },
      "properties": {
        "DANE12_EST": "111001045535",
        "id_establecimiento": "111001045535",
        "nombre_establecimiento": "COLEGIO JOSE MANUEL RESTREPO (IED)",
        "nombre_localidad": "Puente Aranda",
        "codigo_upz": "43",
        "nombre_upz": "SAN RAFAEL",
        "estrato": "Estrato 3",
        "zona": "URBANA",
        "caracter_media": "Académico",
        "lon": -74.12271999988866,
        "lat": 4.617730000416655,
        "codigo_localidad": "16",
        "q_j": 281.15000000000003,
        "puntaje_2023": 279.23,
        "punt_global_2020": 279.6,
        "punt_global_2022": 284.62,
        "matricula_total": 1180.0,
        "demanda_total": 1270.0,
        "sobre_demanda_j": 1.076271186440678,
        "n_hogares_muestra": 2756.0,
        "poblacion_expandida": 73680.0000025,
        "tasa_pobreza_monetaria": 0.2339510530145917,
        "tasa_pobreza_extrema": 0.084954684921113,
        "tasa_ipm": 0.0385974286957587,
        "ingreso_percapita_promedio": 1176511.5528156538,
        "capacidad_pago_promedio": 0.1494093974514994,
        "tamano_hogar_promedio": 3.605534743145849,
        "gasto_educ_promedio": 362000.6156603128,
        "tasa_deficit_cuantitativo": 0.0,
        "tasa_deficit_cualitativo": 0.1199970461536374,
        "tasa_deficit_habitacional": 0.1199970461536374,
        "pct_estrato_1": 0.0006446625624102,
        "pct_estrato_2": 0.0,
        "pct_estrato_3": 0.9993553374375896,
        "pct_estrato_4": 0.0,
        "pct_estrato_5": 0.0,
        "pct_estrato_6": 0.0,
        "s0_localidad": 0.5211076175873677,
        "dist_transmilenio_m": 1279.3253273971663,
        "dist_sitp_m": 52.70297284230138,
        "dist_parque_m": 111.59293960981417,
        "homicidios": 81.0,
        "lesiones_personales": 1979.0,
        "hurto_personas": 20917.0,
        "hurto_residencias": 1572.0,
        "hurto_automotores": 1079.0,
        "hurto_bicicletas": 778.0,
        "hurto_comercio": 5413.0,
        "hurto_entidades": 730.0,
        "violencia_intrafam": 2327.0,
        "delitos_sexuales": 548.0,
        "pct_no_oficial": 68.0,
        "n_sedes_total": 100,
        "n_sedes_no_oficial": 68
      }
    },
    {
      "type": "Feature",
      "geometry": {
        "type": "Point",
        "coordinates": [
          -74.12230999980983,
          4.523320000159878
        ]
      },
      "properties": {
        "DANE12_EST": "111001045705",
        "id_establecimiento": "111001045705",
        "nombre_establecimiento": "COLEGIO LA AURORA (IED)",
        "nombre_localidad": "Usme",
        "codigo_upz": "57",
        "nombre_upz": "GRAN YOMASA",
        "estrato": "Estrato 2",
        "zona": "URBANA",
        "caracter_media": "Académico",
        "lon": -74.12230999980983,
        "lat": 4.523320000159878,
        "codigo_localidad": "05",
        "q_j": 254.08333333333334,
        "puntaje_2023": 251.92,
        "punt_global_2020": 254.14,
        "punt_global_2022": 256.19,
        "matricula_total": 1510.0,
        "demanda_total": 1601.0,
        "sobre_demanda_j": 1.0602649006622518,
        "n_hogares_muestra": 2440.0,
        "poblacion_expandida": 131329.99999830002,
        "tasa_pobreza_monetaria": 0.5375758554741024,
        "tasa_pobreza_extrema": 0.170500226653391,
        "tasa_ipm": 0.0997707066661814,
        "ingreso_percapita_promedio": 546453.4732746364,
        "capacidad_pago_promedio": 0.5369657626400125,
        "tamano_hogar_promedio": 3.6829561057356353,
        "gasto_educ_promedio": 131619.82020471324,
        "tasa_deficit_cuantitativo": 0.0094164735347293,
        "tasa_deficit_cualitativo": 0.1714038156094676,
        "tasa_deficit_habitacional": 0.180820289144197,
        "pct_estrato_1": 0.2132961951988319,
        "pct_estrato_2": 0.7829697168463492,
        "pct_estrato_3": 0.0033905540356793,
        "pct_estrato_4": 0.0,
        "pct_estrato_5": 0.0,
        "pct_estrato_6": 0.0,
        "s0_localidad": 0.1806550335776531,
        "dist_transmilenio_m": 987.925195056602,
        "dist_sitp_m": 18.03253462381686,
        "dist_parque_m": 53.832692499129784,
        "homicidios": 171.0,
        "lesiones_personales": 2562.0,
        "hurto_personas": 8404.0,
        "hurto_residencias": 1452.0,
        "hurto_automotores": 311.0,
        "hurto_bicicletas": 146.0,
        "hurto_comercio": 2308.0,
        "hurto_entidades": 623.0,
        "violencia_intrafam": 3963.0,
        "delitos_sexuales": 923.0,
        "pct_no_oficial": 33.03,
        "n_sedes_total": 109,
        "n_sedes_no_oficial": 36
      }
    },
    {
      "type": "Feature",
      "geometry": {
        "type": "Point",
        "coordinates": [
          -74.15812000012149,
          4.572410000470549
        ]
      },
      "properties": {
        "DANE12_EST": "111001045730",
        "id_establecimiento": "111001045730",
        "nombre_establecimiento": "COLEGIO EL PARAISO DE MANUELA BELTRAN (IED)",
        "nombre_localidad": "Ciudad Bolivar",
        "codigo_upz": "70",
        "nombre_upz": "JERUSALEN",
        "estrato": "Estrato 1",
        "zona": "URBANA",
        "caracter_media": "Académico",
        "lon": -74.15812000012149,
        "lat": 4.572410000470549,
        "codigo_localidad": "19",
        "q_j": 256.61333333333334,
        "puntaje_2023": 252.93,
        "punt_global_2020": 254.15,
        "punt_global_2022": 262.76,
        "matricula_total": 2328.0,
        "demanda_total": 2528.0,
        "sobre_demanda_j": 1.0859106529209621,
        "n_hogares_muestra": 3157.0,
        "poblacion_expandida": 101327.0000007,
        "tasa_pobreza_monetaria": 0.6408927384719904,
        "tasa_pobreza_extrema": 0.2513889336003634,
        "tasa_ipm": 0.1286378396854733,
        "ingreso_percapita_promedio": 413543.7933345092,
        "capacidad_pago_promedio": 0.711122887595628,
        "tamano_hogar_promedio": 4.29637501967188,
        "gasto_educ_promedio": 95023.51351292204,
        "tasa_deficit_cuantitativo": 0.02825348575977,
        "tasa_deficit_cualitativo": 0.2509290741463217,
        "tasa_deficit_habitacional": 0.2791825599060918,
        "pct_estrato_1": 0.9259040015420557,
        "pct_estrato_2": 0.063541107804983,
        "pct_estrato_3": 0.000778642800038,
        "pct_estrato_4": 0.0,
        "pct_estrato_5": 0.0,
        "pct_estrato_6": 0.0,
        "s0_localidad": 0.24641727799438962,
        "dist_transmilenio_m": 2116.3294637499425,
        "dist_sitp_m": 66.8428373645677,
        "dist_parque_m": 93.14109688875433,
        "homicidios": 450.0,
        "lesiones_personales": 4378.0,
        "hurto_personas": 16269.0,
        "hurto_residencias": 1893.0,
        "hurto_automotores": 870.0,
        "hurto_bicicletas": 472.0,
        "hurto_comercio": 4561.0,
        "hurto_entidades": 1620.0,
        "violencia_intrafam": 8567.0,
        "delitos_sexuales": 1433.0,
        "pct_no_oficial": 44.59,
        "n_sedes_total": 148,
        "n_sedes_no_oficial": 66
      }
    },
    {
      "type": "Feature",
      "geometry": {
        "type": "Point",
        "coordinates": [
          -74.09953999985801,
          4.688189999716313
        ]
      },
      "properties": {
        "DANE12_EST": "111001046299",
        "id_establecimiento": "111001046299",
        "nombre_establecimiento": "COLEGIO MANUELA AYALA DE GAITAN (IED)",
        "nombre_localidad": "Engativa",
        "codigo_upz": "30",
        "nombre_upz": "BOYACA REAL",
        "estrato": "Estrato 3",
        "zona": "URBANA",
        "caracter_media": "Académico",
        "lon": -74.09953999985801,
        "lat": 4.688189999716313,
        "codigo_localidad": "10",
        "q_j": 273.74,
        "puntaje_2023": 276.33,
        "punt_global_2020": 273.07,
        "punt_global_2022": 271.82,
        "matricula_total": 1606.0,
        "demanda_total": 1683.0,
        "sobre_demanda_j": 1.047945205479452,
        "n_hogares_muestra": 2323.0,
        "poblacion_expandida": 128077.9999945,
        "tasa_pobreza_monetaria": 0.213169851741692,
        "tasa_pobreza_extrema": 0.0877135985140494,
        "tasa_ipm": 0.0197830925311826,
        "ingreso_percapita_promedio": 1221231.80860735,
        "capacidad_pago_promedio": 0.1232248676648428,
        "tamano_hogar_promedio": 3.322991165188217,
        "gasto_educ_promedio": 371577.3862272356,
        "tasa_deficit_cuantitativo": 0.0,
        "tasa_deficit_cualitativo": 0.0643023044664475,
        "tasa_deficit_habitacional": 0.0643023044664475,
        "pct_estrato_1": 0.0,
        "pct_estrato_2": 0.0071695178855028,
        "pct_estrato_3": 0.9726107268441838,
        "pct_estrato_4": 0.0169566394532492,
        "pct_estrato_5": 0.0,
        "pct_estrato_6": 0.0032631158170641,
        "s0_localidad": 0.45908732785239414,
        "dist_transmilenio_m": 1279.6762220208468,
        "dist_sitp_m": 189.89704544582477,
        "dist_parque_m": 193.54408639254024,
        "homicidios": 114.0,
        "lesiones_personales": 3260.0,
        "hurto_personas": 44584.0,
        "hurto_residencias": 4694.0,
        "hurto_automotores": 1548.0,
        "hurto_bicicletas": 2840.0,
        "hurto_comercio": 11724.0,
        "hurto_entidades": 1616.0,
        "violencia_intrafam": 6497.0,
        "delitos_sexuales": 1001.0,
        "pct_no_oficial": 73.15,
        "n_sedes_total": 257,
        "n_sedes_no_oficial": 188
      }
    },
    {
      "type": "Feature",
      "geometry": {
        "type": "Point",
        "coordinates": [
          -74.19966999974005,
          4.61022999990342
        ]
      },
      "properties": {
        "DANE12_EST": "111001046477",
        "id_establecimiento": "111001046477",
        "nombre_establecimiento": "COLEGIO GRANCOLOMBIANO (IED)",
        "nombre_localidad": "Bosa",
        "codigo_upz": "85",
        "nombre_upz": "BOSA CENTRAL",
        "estrato": "Estrato 2",
        "zona": "URBANA",
        "caracter_media": "Técnico",
        "lon": -74.19966999974005,
        "lat": 4.61022999990342,
        "codigo_localidad": "07",
        "q_j": 264.1433333333334,
        "puntaje_2023": 264.23,
        "punt_global_2020": 269.36,
        "punt_global_2022": 258.84,
        "matricula_total": 3684.0,
        "demanda_total": 3963.0,
        "sobre_demanda_j": 1.0757328990228012,
        "n_hogares_muestra": 2530.0,
        "poblacion_expandida": 236893.9999938,
        "tasa_pobreza_monetaria": 0.5774122247227872,
        "tasa_pobreza_extrema": 0.2259702239533336,
        "tasa_ipm": 0.0772742342008624,
        "ingreso_percapita_promedio": 559243.4881524148,
        "capacidad_pago_promedio": 0.5417241991656973,
        "tamano_hogar_promedio": 3.662381280285304,
        "gasto_educ_promedio": 133205.3566644155,
        "tasa_deficit_cuantitativo": 0.0140410598706048,
        "tasa_deficit_cualitativo": 0.1537435722367523,
        "tasa_deficit_habitacional": 0.1677846321073571,
        "pct_estrato_1": 0.0108539179665474,
        "pct_estrato_2": 0.9885468201365548,
        "pct_estrato_3": 0.0005992618968978,
        "pct_estrato_4": 0.0,
        "pct_estrato_5": 0.0,
        "pct_estrato_6": 0.0,
        "s0_localidad": 0.2763191613237501,
        "dist_transmilenio_m": 2134.506445368396,
        "dist_sitp_m": 120.93496336389465,
        "dist_parque_m": 123.81656003470135,
        "homicidios": 209.0,
        "lesiones_personales": 3464.0,
        "hurto_personas": 19664.0,
        "hurto_residencias": 2638.0,
        "hurto_automotores": 681.0,
        "hurto_bicicletas": 1403.0,
        "hurto_comercio": 5397.0,
        "hurto_entidades": 1643.0,
        "violencia_intrafam": 7523.0,
        "delitos_sexuales": 1159.0,
        "pct_no_oficial": 55.7,
        "n_sedes_total": 149,
        "n_sedes_no_oficial": 83
      }
    },
    {
      "type": "Feature",
      "geometry": {
        "type": "Point",
        "coordinates": [
          -74.120040000206,
          4.525330000317049
        ]
      },
      "properties": {
        "DANE12_EST": "111001046485",
        "id_establecimiento": "111001046485",
        "nombre_establecimiento": "COLEGIO NUEVO SAN ANDRES DE LOS ALTOS (IED)",
        "nombre_localidad": "Usme",
        "codigo_upz": "57",
        "nombre_upz": "GRAN YOMASA",
        "estrato": "Estrato 2",
        "zona": "URBANA",
        "caracter_media": "Académico",
        "lon": -74.120040000206,
        "lat": 4.525330000317049,
        "codigo_localidad": "05",
        "q_j": 247.58666666666667,
        "puntaje_2023": 248.43,
        "punt_global_2020": 245.31,
        "punt_global_2022": 249.02,
        "matricula_total": 1335.0,
        "demanda_total": 1436.0,
        "sobre_demanda_j": 1.0756554307116104,
        "n_hogares_muestra": 2440.0,
        "poblacion_expandida": 131329.99999830002,
        "tasa_pobreza_monetaria": 0.5375758554741024,
        "tasa_pobreza_extrema": 0.170500226653391,
        "tasa_ipm": 0.0997707066661814,
        "ingreso_percapita_promedio": 546453.4732746364,
        "capacidad_pago_promedio": 0.5369657626400125,
        "tamano_hogar_promedio": 3.6829561057356353,
        "gasto_educ_promedio": 131619.82020471324,
        "tasa_deficit_cuantitativo": 0.0094164735347293,
        "tasa_deficit_cualitativo": 0.1714038156094676,
        "tasa_deficit_habitacional": 0.180820289144197,
        "pct_estrato_1": 0.2132961951988319,
        "pct_estrato_2": 0.7829697168463492,
        "pct_estrato_3": 0.0033905540356793,
        "pct_estrato_4": 0.0,
        "pct_estrato_5": 0.0,
        "pct_estrato_6": 0.0,
        "s0_localidad": 0.1806550335776531,
        "dist_transmilenio_m": 713.5690898126022,
        "dist_sitp_m": 133.10972109463208,
        "dist_parque_m": 50.91014700238159,
        "homicidios": 171.0,
        "lesiones_personales": 2562.0,
        "hurto_personas": 8404.0,
        "hurto_residencias": 1452.0,
        "hurto_automotores": 311.0,
        "hurto_bicicletas": 146.0,
        "hurto_comercio": 2308.0,
        "hurto_entidades": 623.0,
        "violencia_intrafam": 3963.0,
        "delitos_sexuales": 923.0,
        "pct_no_oficial": 33.03,
        "n_sedes_total": 109,
        "n_sedes_no_oficial": 36
      }
    },
    {
      "type": "Feature",
      "geometry": {
        "type": "Point",
        "coordinates": [
          -74.17906999983296,
          4.606119999735026
        ]
      },
      "properties": {
        "DANE12_EST": "111001046591",
        "id_establecimiento": "111001046591",
        "nombre_establecimiento": "COLEGIO JOSE ANTONIO GALAN (IED)",
        "nombre_localidad": "Bosa",
        "codigo_upz": "85",
        "nombre_upz": "BOSA CENTRAL",
        "estrato": "Estrato 2",
        "zona": "URBANA",
        "caracter_media": "Académico",
        "lon": -74.17906999983296,
        "lat": 4.606119999735026,
        "codigo_localidad": "07",
        "q_j": 248.96666666666667,
        "puntaje_2023": 247.47,
        "punt_global_2020": 245.29,
        "punt_global_2022": 254.14,
        "matricula_total": 1738.0,
        "demanda_total": 1887.0,
        "sobre_demanda_j": 1.0857307249712314,
        "n_hogares_muestra": 2530.0,
        "poblacion_expandida": 236893.9999938,
        "tasa_pobreza_monetaria": 0.5774122247227872,
        "tasa_pobreza_extrema": 0.2259702239533336,
        "tasa_ipm": 0.0772742342008624,
        "ingreso_percapita_promedio": 559243.4881524148,
        "capacidad_pago_promedio": 0.5417241991656973,
        "tamano_hogar_promedio": 3.662381280285304,
        "gasto_educ_promedio": 133205.3566644155,
        "tasa_deficit_cuantitativo": 0.0140410598706048,
        "tasa_deficit_cualitativo": 0.1537435722367523,
        "tasa_deficit_habitacional": 0.1677846321073571,
        "pct_estrato_1": 0.0108539179665474,
        "pct_estrato_2": 0.9885468201365548,
        "pct_estrato_3": 0.0005992618968978,
        "pct_estrato_4": 0.0,
        "pct_estrato_5": 0.0,
        "pct_estrato_6": 0.0,
        "s0_localidad": 0.2763191613237501,
        "dist_transmilenio_m": 1053.9785401095735,
        "dist_sitp_m": 172.3165866350987,
        "dist_parque_m": 96.16634718849626,
        "homicidios": 209.0,
        "lesiones_personales": 3464.0,
        "hurto_personas": 19664.0,
        "hurto_residencias": 2638.0,
        "hurto_automotores": 681.0,
        "hurto_bicicletas": 1403.0,
        "hurto_comercio": 5397.0,
        "hurto_entidades": 1643.0,
        "violencia_intrafam": 7523.0,
        "delitos_sexuales": 1159.0,
        "pct_no_oficial": 55.7,
        "n_sedes_total": 149,
        "n_sedes_no_oficial": 83
      }
    },
    {
      "type": "Feature",
      "geometry": {
        "type": "Point",
        "coordinates": [
          -74.08607000022619,
          4.528330000127482
        ]
      },
      "properties": {
        "DANE12_EST": "111001046621",
        "id_establecimiento": "111001046621",
        "nombre_establecimiento": "COLEGIO NUEVA DELHI (IED)",
        "nombre_localidad": "San Cristobal",
        "codigo_upz": "51",
        "nombre_upz": "LOS LIBERTADORES",
        "estrato": "Estrato 2",
        "zona": "URBANA",
        "caracter_media": "Académico",
        "lon": -74.08607000022619,
        "lat": 4.528330000127482,
        "codigo_localidad": "04",
        "q_j": 241.15,
        "puntaje_2023": 241.11,
        "punt_global_2020": 240.06,
        "punt_global_2022": 242.28,
        "matricula_total": 1023.0,
        "demanda_total": 1094.0,
        "sobre_demanda_j": 1.0694037145650048,
        "n_hogares_muestra": 2692.0,
        "poblacion_expandida": 77733.99999669999,
        "tasa_pobreza_monetaria": 0.5265376983345458,
        "tasa_pobreza_extrema": 0.1756566622209029,
        "tasa_ipm": 0.0673617880364099,
        "ingreso_percapita_promedio": 552249.0706601833,
        "capacidad_pago_promedio": 0.5524742211712143,
        "tamano_hogar_promedio": 3.6592377897750734,
        "gasto_educ_promedio": 168187.30175970253,
        "tasa_deficit_cuantitativo": 0.0051636119898247,
        "tasa_deficit_cualitativo": 0.1867404524907536,
        "tasa_deficit_habitacional": 0.1919040644805784,
        "pct_estrato_1": 0.1949612933561038,
        "pct_estrato_2": 0.8018119887339643,
        "pct_estrato_3": 0.0,
        "pct_estrato_4": 0.0,
        "pct_estrato_5": 0.0,
        "pct_estrato_6": 0.0,
        "s0_localidad": 0.24275340378588084,
        "dist_transmilenio_m": 3712.6748268207984,
        "dist_sitp_m": 37.72379126282851,
        "dist_parque_m": 37.646001105393026,
        "homicidios": 113.0,
        "lesiones_personales": 2653.0,
        "hurto_personas": 11264.0,
        "hurto_residencias": 1302.0,
        "hurto_automotores": 438.0,
        "hurto_bicicletas": 251.0,
        "hurto_comercio": 3279.0,
        "hurto_entidades": 810.0,
        "violencia_intrafam": 4309.0,
        "delitos_sexuales": 811.0,
        "pct_no_oficial": 49.61,
        "n_sedes_total": 129,
        "n_sedes_no_oficial": 64
      }
    },
    {
      "type": "Feature",
      "geometry": {
        "type": "Point",
        "coordinates": [
          -74.15268000039022,
          4.553470000158164
        ]
      },
      "properties": {
        "DANE12_EST": "111001046663",
        "id_establecimiento": "111001046663",
        "nombre_establecimiento": "COLEGIO VILLAMAR (IED)",
        "nombre_localidad": "Ciudad Bolivar",
        "codigo_upz": "67",
        "nombre_upz": "LUCERO",
        "estrato": "Estrato 1",
        "zona": "URBANA",
        "caracter_media": "Sin información",
        "lon": -74.15268000039022,
        "lat": 4.553470000158164,
        "codigo_localidad": "19",
        "q_j": null,
        "puntaje_2023": null,
        "punt_global_2020": null,
        "punt_global_2022": null,
        "matricula_total": 529.0,
        "demanda_total": 560.0,
        "sobre_demanda_j": 1.0586011342155008,
        "n_hogares_muestra": 2402.0,
        "poblacion_expandida": 161831.0000128,
        "tasa_pobreza_monetaria": 0.7038631757592213,
        "tasa_pobreza_extrema": 0.2920063706370369,
        "tasa_ipm": 0.1283344089448704,
        "ingreso_percapita_promedio": 390100.4363498642,
        "capacidad_pago_promedio": 0.6999095390854729,
        "tamano_hogar_promedio": 3.793805295915117,
        "gasto_educ_promedio": 94504.09039926344,
        "tasa_deficit_cuantitativo": 0.0495404235910664,
        "tasa_deficit_cualitativo": 0.2674079830741772,
        "tasa_deficit_habitacional": 0.3169484066652437,
        "pct_estrato_1": 0.7291873913191316,
        "pct_estrato_2": 0.2533851853437022,
        "pct_estrato_3": 0.0062719642164957,
        "pct_estrato_4": 0.0,
        "pct_estrato_5": 0.0,
        "pct_estrato_6": 0.0,
        "s0_localidad": 0.24641727799438962,
        "dist_transmilenio_m": 2329.109934708123,
        "dist_sitp_m": 96.86800642973758,
        "dist_parque_m": 35.67936411910153,
        "homicidios": 450.0,
        "lesiones_personales": 4378.0,
        "hurto_personas": 16269.0,
        "hurto_residencias": 1893.0,
        "hurto_automotores": 870.0,
        "hurto_bicicletas": 472.0,
        "hurto_comercio": 4561.0,
        "hurto_entidades": 1620.0,
        "violencia_intrafam": 8567.0,
        "delitos_sexuales": 1433.0,
        "pct_no_oficial": 44.59,
        "n_sedes_total": 148,
        "n_sedes_no_oficial": 66
      }
    },
    {
      "type": "Feature",
      "geometry": {
        "type": "Point",
        "coordinates": [
          -74.11676999962114,
          4.5068300003647
        ]
      },
      "properties": {
        "DANE12_EST": "111001046931",
        "id_establecimiento": "111001046931",
        "nombre_establecimiento": "COLEGIO ATABANZHA (IED)",
        "nombre_localidad": "Usme",
        "codigo_upz": "58",
        "nombre_upz": "COMUNEROS",
        "estrato": "Estrato 2",
        "zona": "URBANA",
        "caracter_media": "Académico",
        "lon": -74.11676999962114,
        "lat": 4.5068300003647,
        "codigo_localidad": "05",
        "q_j": 249.27999999999997,
        "puntaje_2023": 249.35,
        "punt_global_2020": 248.23,
        "punt_global_2022": 250.26,
        "matricula_total": 1296.0,
        "demanda_total": 1368.0,
        "sobre_demanda_j": 1.0555555555555556,
        "n_hogares_muestra": 2461.0,
        "poblacion_expandida": 98789.9999997,
        "tasa_pobreza_monetaria": 0.5463223495319759,
        "tasa_pobreza_extrema": 0.1430068890428474,
        "tasa_ipm": 0.0808793279686634,
        "ingreso_percapita_promedio": 538295.1485405599,
        "capacidad_pago_promedio": 0.6418885111488265,
        "tamano_hogar_promedio": 3.78760632903772,
        "gasto_educ_promedio": 85874.88811383818,
        "tasa_deficit_cuantitativo": 0.0237107379320489,
        "tasa_deficit_cualitativo": 0.1587196053178218,
        "tasa_deficit_habitacional": 0.1824303432498707,
        "pct_estrato_1": 0.4316831555524801,
        "pct_estrato_2": 0.5647227497800326,
        "pct_estrato_3": 0.0035940946674873,
        "pct_estrato_4": 0.0,
        "pct_estrato_5": 0.0,
        "pct_estrato_6": 0.0,
        "s0_localidad": 0.1806550335776531,
        "dist_transmilenio_m": 2782.2504860150502,
        "dist_sitp_m": 267.8533632338848,
        "dist_parque_m": 185.43036759353961,
        "homicidios": 171.0,
        "lesiones_personales": 2562.0,
        "hurto_personas": 8404.0,
        "hurto_residencias": 1452.0,
        "hurto_automotores": 311.0,
        "hurto_bicicletas": 146.0,
        "hurto_comercio": 2308.0,
        "hurto_entidades": 623.0,
        "violencia_intrafam": 3963.0,
        "delitos_sexuales": 923.0,
        "pct_no_oficial": 33.03,
        "n_sedes_total": 109,
        "n_sedes_no_oficial": 36
      }
    },
    {
      "type": "Feature",
      "geometry": {
        "type": "Point",
        "coordinates": [
          -74.03949000005686,
          4.745409999816124
        ]
      },
      "properties": {
        "DANE12_EST": "111001046957",
        "id_establecimiento": "111001046957",
        "nombre_establecimiento": "COLEGIO TOBERIN (IED)",
        "nombre_localidad": "Usaquen",
        "codigo_upz": "12",
        "nombre_upz": "TOBERIN",
        "estrato": "Estrato 3",
        "zona": "URBANA",
        "caracter_media": "Académico",
        "lon": -74.03949000005686,
        "lat": 4.745409999816124,
        "codigo_localidad": "01",
        "q_j": 260.26,
        "puntaje_2023": 257.69,
        "punt_global_2020": 262.11,
        "punt_global_2022": 260.98,
        "matricula_total": 2687.0,
        "demanda_total": 2958.0,
        "sobre_demanda_j": 1.100855973204317,
        "n_hogares_muestra": 2488.0,
        "poblacion_expandida": 61972.0000049,
        "tasa_pobreza_monetaria": 0.1281535206846971,
        "tasa_pobreza_extrema": 0.0429921687695949,
        "tasa_ipm": 0.0105131014917783,
        "ingreso_percapita_promedio": 2106303.128725721,
        "capacidad_pago_promedio": 0.0622927869182012,
        "tamano_hogar_promedio": 3.226040221333706,
        "gasto_educ_promedio": 677135.8699587139,
        "tasa_deficit_cuantitativo": 0.0020991996222441,
        "tasa_deficit_cualitativo": 0.0732732058210314,
        "tasa_deficit_habitacional": 0.0753724054432756,
        "pct_estrato_1": 0.0011143523090192,
        "pct_estrato_2": 0.0289524870676778,
        "pct_estrato_3": 0.365024685569473,
        "pct_estrato_4": 0.6019758649269077,
        "pct_estrato_5": 0.0029326101269223,
        "pct_estrato_6": 0.0,
        "s0_localidad": 0.6414694924474655,
        "dist_transmilenio_m": 864.7558909975957,
        "dist_sitp_m": 86.51989740679034,
        "dist_parque_m": 94.53991565317675,
        "homicidios": 93.0,
        "lesiones_personales": 1898.0,
        "hurto_personas": 34039.0,
        "hurto_residencias": 3332.0,
        "hurto_automotores": 363.0,
        "hurto_bicicletas": 1238.0,
        "hurto_comercio": 8366.0,
        "hurto_entidades": 408.0,
        "violencia_intrafam": 3095.0,
        "delitos_sexuales": 602.0,
        "pct_no_oficial": 78.79,
        "n_sedes_total": 132,
        "n_sedes_no_oficial": 104
      }
    },
    {
      "type": "Feature",
      "geometry": {
        "type": "Point",
        "coordinates": [
          -74.14723999976063,
          4.533819999753967
        ]
      },
      "properties": {
        "DANE12_EST": "111001047457",
        "id_establecimiento": "111001047457",
        "nombre_establecimiento": "COLEGIO LA ARABIA (IED)",
        "nombre_localidad": "Ciudad Bolivar",
        "codigo_upz": "68",
        "nombre_upz": "EL TESORO",
        "estrato": "Estrato 1",
        "zona": "URBANA",
        "caracter_media": "Sin información",
        "lon": -74.14723999976063,
        "lat": 4.533819999753967,
        "codigo_localidad": "19",
        "q_j": null,
        "puntaje_2023": null,
        "punt_global_2020": null,
        "punt_global_2022": null,
        "matricula_total": 902.0,
        "demanda_total": 961.0,
        "sobre_demanda_j": 1.065410199556541,
        "n_hogares_muestra": null,
        "poblacion_expandida": null,
        "tasa_pobreza_monetaria": null,
        "tasa_pobreza_extrema": null,
        "tasa_ipm": null,
        "ingreso_percapita_promedio": null,
        "capacidad_pago_promedio": null,
        "tamano_hogar_promedio": null,
        "gasto_educ_promedio": null,
        "tasa_deficit_cuantitativo": null,
        "tasa_deficit_cualitativo": null,
        "tasa_deficit_habitacional": null,
        "pct_estrato_1": null,
        "pct_estrato_2": null,
        "pct_estrato_3": null,
        "pct_estrato_4": null,
        "pct_estrato_5": null,
        "pct_estrato_6": null,
        "s0_localidad": 0.24641727799438962,
        "dist_transmilenio_m": 3095.8476350716237,
        "dist_sitp_m": 37.71869581110051,
        "dist_parque_m": 70.25924541015053,
        "homicidios": 450.0,
        "lesiones_personales": 4378.0,
        "hurto_personas": 16269.0,
        "hurto_residencias": 1893.0,
        "hurto_automotores": 870.0,
        "hurto_bicicletas": 472.0,
        "hurto_comercio": 4561.0,
        "hurto_entidades": 1620.0,
        "violencia_intrafam": 8567.0,
        "delitos_sexuales": 1433.0,
        "pct_no_oficial": 44.59,
        "n_sedes_total": 148,
        "n_sedes_no_oficial": 66
      }
    },
    {
      "type": "Feature",
      "geometry": {
        "type": "Point",
        "coordinates": [
          -74.1573400001468,
          4.569089999936828
        ]
      },
      "properties": {
        "DANE12_EST": "111001047571",
        "id_establecimiento": "111001047571",
        "nombre_establecimiento": "COLEGIO ARBORIZADORA ALTA (IED)",
        "nombre_localidad": "Ciudad Bolivar",
        "codigo_upz": "70",
        "nombre_upz": "JERUSALEN",
        "estrato": "Estrato 1",
        "zona": "URBANA",
        "caracter_media": "Académico",
        "lon": -74.1573400001468,
        "lat": 4.569089999936828,
        "codigo_localidad": "19",
        "q_j": 242.79333333333332,
        "puntaje_2023": 245.64,
        "punt_global_2020": 242.1,
        "punt_global_2022": 240.64,
        "matricula_total": 2552.0,
        "demanda_total": 2734.0,
        "sobre_demanda_j": 1.0713166144200628,
        "n_hogares_muestra": 3157.0,
        "poblacion_expandida": 101327.0000007,
        "tasa_pobreza_monetaria": 0.6408927384719904,
        "tasa_pobreza_extrema": 0.2513889336003634,
        "tasa_ipm": 0.1286378396854733,
        "ingreso_percapita_promedio": 413543.7933345092,
        "capacidad_pago_promedio": 0.711122887595628,
        "tamano_hogar_promedio": 4.29637501967188,
        "gasto_educ_promedio": 95023.51351292204,
        "tasa_deficit_cuantitativo": 0.02825348575977,
        "tasa_deficit_cualitativo": 0.2509290741463217,
        "tasa_deficit_habitacional": 0.2791825599060918,
        "pct_estrato_1": 0.9259040015420557,
        "pct_estrato_2": 0.063541107804983,
        "pct_estrato_3": 0.000778642800038,
        "pct_estrato_4": 0.0,
        "pct_estrato_5": 0.0,
        "pct_estrato_6": 0.0,
        "s0_localidad": 0.24641727799438962,
        "dist_transmilenio_m": 2006.9230646784415,
        "dist_sitp_m": 96.54068212153884,
        "dist_parque_m": 116.1429029193469,
        "homicidios": 450.0,
        "lesiones_personales": 4378.0,
        "hurto_personas": 16269.0,
        "hurto_residencias": 1893.0,
        "hurto_automotores": 870.0,
        "hurto_bicicletas": 472.0,
        "hurto_comercio": 4561.0,
        "hurto_entidades": 1620.0,
        "violencia_intrafam": 8567.0,
        "delitos_sexuales": 1433.0,
        "pct_no_oficial": 44.59,
        "n_sedes_total": 148,
        "n_sedes_no_oficial": 66
      }
    },
    {
      "type": "Feature",
      "geometry": {
        "type": "Point",
        "coordinates": [
          -74.16223000005716,
          4.551170000203899
        ]
      },
      "properties": {
        "DANE12_EST": "111001047678",
        "id_establecimiento": "111001047678",
        "nombre_establecimiento": "COLEGIO PARAISO MIRADOR (IED)",
        "nombre_localidad": "Ciudad Bolivar",
        "codigo_upz": "67",
        "nombre_upz": "LUCERO",
        "estrato": "Estrato 1",
        "zona": "URBANA",
        "caracter_media": "Sin información",
        "lon": -74.16223000005716,
        "lat": 4.551170000203899,
        "codigo_localidad": "19",
        "q_j": 233.23666666666668,
        "puntaje_2023": 244.68,
        "punt_global_2020": 230.23,
        "punt_global_2022": 224.8,
        "matricula_total": 2921.0,
        "demanda_total": 3414.0,
        "sobre_demanda_j": 1.1687778158165012,
        "n_hogares_muestra": 2402.0,
        "poblacion_expandida": 161831.0000128,
        "tasa_pobreza_monetaria": 0.7038631757592213,
        "tasa_pobreza_extrema": 0.2920063706370369,
        "tasa_ipm": 0.1283344089448704,
        "ingreso_percapita_promedio": 390100.4363498642,
        "capacidad_pago_promedio": 0.6999095390854729,
        "tamano_hogar_promedio": 3.793805295915117,
        "gasto_educ_promedio": 94504.09039926344,
        "tasa_deficit_cuantitativo": 0.0495404235910664,
        "tasa_deficit_cualitativo": 0.2674079830741772,
        "tasa_deficit_habitacional": 0.3169484066652437,
        "pct_estrato_1": 0.7291873913191316,
        "pct_estrato_2": 0.2533851853437022,
        "pct_estrato_3": 0.0062719642164957,
        "pct_estrato_4": 0.0,
        "pct_estrato_5": 0.0,
        "pct_estrato_6": 0.0,
        "s0_localidad": 0.24641727799438962,
        "dist_transmilenio_m": 3268.078084959536,
        "dist_sitp_m": 274.2742449416447,
        "dist_parque_m": 25.25626545847723,
        "homicidios": 450.0,
        "lesiones_personales": 4378.0,
        "hurto_personas": 16269.0,
        "hurto_residencias": 1893.0,
        "hurto_automotores": 870.0,
        "hurto_bicicletas": 472.0,
        "hurto_comercio": 4561.0,
        "hurto_entidades": 1620.0,
        "violencia_intrafam": 8567.0,
        "delitos_sexuales": 1433.0,
        "pct_no_oficial": 44.59,
        "n_sedes_total": 148,
        "n_sedes_no_oficial": 66
      }
    },
    {
      "type": "Feature",
      "geometry": {
        "type": "Point",
        "coordinates": [
          -74.11916999981963,
          4.611460000450291
        ]
      },
      "properties": {
        "DANE12_EST": "111001065056",
        "id_establecimiento": "111001065056",
        "nombre_establecimiento": "COLEGIO LUIS CARLOS GALAN SARMIENTO (IED)",
        "nombre_localidad": "Puente Aranda",
        "codigo_upz": "40",
        "nombre_upz": "CIUDAD MONTES",
        "estrato": "Estrato 3",
        "zona": "URBANA",
        "caracter_media": "Académico",
        "lon": -74.11916999981963,
        "lat": 4.611460000450291,
        "codigo_localidad": "16",
        "q_j": 281.25333333333333,
        "puntaje_2023": 282.77,
        "punt_global_2020": 278.89,
        "punt_global_2022": 282.1,
        "matricula_total": 1359.0,
        "demanda_total": 1426.0,
        "sobre_demanda_j": 1.0493009565857248,
        "n_hogares_muestra": 2216.0,
        "poblacion_expandida": 102337.999998,
        "tasa_pobreza_monetaria": 0.2689251836320609,
        "tasa_pobreza_extrema": 0.1492230603802932,
        "tasa_ipm": 0.0321605532975465,
        "ingreso_percapita_promedio": 1197049.8054420657,
        "capacidad_pago_promedio": 0.1448583685140389,
        "tamano_hogar_promedio": 3.44794783577455,
        "gasto_educ_promedio": 354259.4258766024,
        "tasa_deficit_cuantitativo": 0.0032629278812027,
        "tasa_deficit_cualitativo": 0.0524807420548082,
        "tasa_deficit_habitacional": 0.0557436699360109,
        "pct_estrato_1": 0.0012943872266664,
        "pct_estrato_2": 0.0016206459800195,
        "pct_estrato_3": 0.997084966793314,
        "pct_estrato_4": 0.0,
        "pct_estrato_5": 0.0,
        "pct_estrato_6": 0.0,
        "s0_localidad": 0.5211076175873677,
        "dist_transmilenio_m": 1829.6973918848432,
        "dist_sitp_m": 67.43002900286317,
        "dist_parque_m": 138.83770460315432,
        "homicidios": 81.0,
        "lesiones_personales": 1979.0,
        "hurto_personas": 20917.0,
        "hurto_residencias": 1572.0,
        "hurto_automotores": 1079.0,
        "hurto_bicicletas": 778.0,
        "hurto_comercio": 5413.0,
        "hurto_entidades": 730.0,
        "violencia_intrafam": 2327.0,
        "delitos_sexuales": 548.0,
        "pct_no_oficial": 68.0,
        "n_sedes_total": 100,
        "n_sedes_no_oficial": 68
      }
    },
    {
      "type": "Feature",
      "geometry": {
        "type": "Point",
        "coordinates": [
          -74.11722999992867,
          4.495040000066318
        ]
      },
      "properties": {
        "DANE12_EST": "111001065234",
        "id_establecimiento": "111001065234",
        "nombre_establecimiento": "COLEGIO USMINIA (IED)",
        "nombre_localidad": "Usme",
        "codigo_upz": "58",
        "nombre_upz": "COMUNEROS",
        "estrato": "Sin estrato",
        "zona": "URBANA",
        "caracter_media": "Académico",
        "lon": -74.11722999992867,
        "lat": 4.495040000066318,
        "codigo_localidad": "05",
        "q_j": 244.61333333333332,
        "puntaje_2023": 246.54,
        "punt_global_2020": 241.41,
        "punt_global_2022": 245.89,
        "matricula_total": 1107.0,
        "demanda_total": 1176.0,
        "sobre_demanda_j": 1.062330623306233,
        "n_hogares_muestra": 2461.0,
        "poblacion_expandida": 98789.9999997,
        "tasa_pobreza_monetaria": 0.5463223495319759,
        "tasa_pobreza_extrema": 0.1430068890428474,
        "tasa_ipm": 0.0808793279686634,
        "ingreso_percapita_promedio": 538295.1485405599,
        "capacidad_pago_promedio": 0.6418885111488265,
        "tamano_hogar_promedio": 3.78760632903772,
        "gasto_educ_promedio": 85874.88811383818,
        "tasa_deficit_cuantitativo": 0.0237107379320489,
        "tasa_deficit_cualitativo": 0.1587196053178218,
        "tasa_deficit_habitacional": 0.1824303432498707,
        "pct_estrato_1": 0.4316831555524801,
        "pct_estrato_2": 0.5647227497800326,
        "pct_estrato_3": 0.0035940946674873,
        "pct_estrato_4": 0.0,
        "pct_estrato_5": 0.0,
        "pct_estrato_6": 0.0,
        "s0_localidad": 0.1806550335776531,
        "dist_transmilenio_m": 4085.057154204941,
        "dist_sitp_m": 128.9295241314093,
        "dist_parque_m": 74.4186120003331,
        "homicidios": 171.0,
        "lesiones_personales": 2562.0,
        "hurto_personas": 8404.0,
        "hurto_residencias": 1452.0,
        "hurto_automotores": 311.0,
        "hurto_bicicletas": 146.0,
        "hurto_comercio": 2308.0,
        "hurto_entidades": 623.0,
        "violencia_intrafam": 3963.0,
        "delitos_sexuales": 923.0,
        "pct_no_oficial": 33.03,
        "n_sedes_total": 109,
        "n_sedes_no_oficial": 36
      }
    },
    {
      "type": "Feature",
      "geometry": {
        "type": "Point",
        "coordinates": [
          -74.09935999993294,
          4.728520000170921
        ]
      },
      "properties": {
        "DANE12_EST": "111001075272",
        "id_establecimiento": "111001075272",
        "nombre_establecimiento": "COLEGIO NUEVA COLOMBIA (IED)",
        "nombre_localidad": "Suba",
        "codigo_upz": "28",
        "nombre_upz": "EL RINCON",
        "estrato": "Estrato 2",
        "zona": "URBANA",
        "caracter_media": "Académico",
        "lon": -74.09935999993294,
        "lat": 4.728520000170921,
        "codigo_localidad": "11",
        "q_j": 250.20000000000002,
        "puntaje_2023": 245.77,
        "punt_global_2020": 250.42,
        "punt_global_2022": 254.41,
        "matricula_total": 2801.0,
        "demanda_total": 3124.0,
        "sobre_demanda_j": 1.1153159585862191,
        "n_hogares_muestra": 2382.0,
        "poblacion_expandida": 288983.999996,
        "tasa_pobreza_monetaria": 0.3937239387131291,
        "tasa_pobreza_extrema": 0.1074366146223657,
        "tasa_ipm": 0.0605278706414269,
        "ingreso_percapita_promedio": 736885.8395595187,
        "capacidad_pago_promedio": 0.3534176288099468,
        "tamano_hogar_promedio": 3.525641986305134,
        "gasto_educ_promedio": 229243.80352093693,
        "tasa_deficit_cuantitativo": 0.0020934378962446,
        "tasa_deficit_cualitativo": 0.1305752875097663,
        "tasa_deficit_habitacional": 0.132668725406011,
        "pct_estrato_1": 0.0094350357315205,
        "pct_estrato_2": 0.6161685875324056,
        "pct_estrato_3": 0.3631913363191484,
        "pct_estrato_4": 0.0,
        "pct_estrato_5": 0.0,
        "pct_estrato_6": 0.0,
        "s0_localidad": 0.5228297059197053,
        "dist_transmilenio_m": 1794.439836904899,
        "dist_sitp_m": 160.4437573021031,
        "dist_parque_m": 16.29439578047052,
        "homicidios": 143.0,
        "lesiones_personales": 4117.0,
        "hurto_personas": 47285.0,
        "hurto_residencias": 5010.0,
        "hurto_automotores": 938.0,
        "hurto_bicicletas": 2774.0,
        "hurto_comercio": 12600.0,
        "hurto_entidades": 1324.0,
        "violencia_intrafam": 8047.0,
        "delitos_sexuales": 1387.0,
        "pct_no_oficial": 80.22,
        "n_sedes_total": 364,
        "n_sedes_no_oficial": 292
      }
    },
    {
      "type": "Feature",
      "geometry": {
        "type": "Point",
        "coordinates": [
          -74.16377999996077,
          4.586450000405213
        ]
      },
      "properties": {
        "DANE12_EST": "111001075329",
        "id_establecimiento": "111001075329",
        "nombre_establecimiento": "COLEGIO MARIA MERCEDES CARRANZA (IED)",
        "nombre_localidad": "Ciudad Bolivar",
        "codigo_upz": "69",
        "nombre_upz": "ISMAEL PERDOMO",
        "estrato": "Estrato 2",
        "zona": "URBANA",
        "caracter_media": "Académico",
        "lon": -74.16377999996077,
        "lat": 4.586450000405213,
        "codigo_localidad": "19",
        "q_j": 260.54,
        "puntaje_2023": 260.42,
        "punt_global_2020": 257.84,
        "punt_global_2022": 263.36,
        "matricula_total": 2982.0,
        "demanda_total": 3176.0,
        "sobre_demanda_j": 1.0650570087189806,
        "n_hogares_muestra": 2366.0,
        "poblacion_expandida": 164520.000002,
        "tasa_pobreza_monetaria": 0.5154591657334616,
        "tasa_pobreza_extrema": 0.1613228629192643,
        "tasa_ipm": 0.1120384549706778,
        "ingreso_percapita_promedio": 615523.9462379344,
        "capacidad_pago_promedio": 0.5271605075896285,
        "tamano_hogar_promedio": 3.809864504438854,
        "gasto_educ_promedio": 155800.1338993075,
        "tasa_deficit_cuantitativo": 0.0209367304088142,
        "tasa_deficit_cualitativo": 0.1935707537570682,
        "tasa_deficit_habitacional": 0.2145074841658825,
        "pct_estrato_1": 0.4453212904693007,
        "pct_estrato_2": 0.4547796296212645,
        "pct_estrato_3": 0.0998990799094347,
        "pct_estrato_4": 0.0,
        "pct_estrato_5": 0.0,
        "pct_estrato_6": 0.0,
        "s0_localidad": 0.24641727799438962,
        "dist_transmilenio_m": 1046.6544068785684,
        "dist_sitp_m": 103.06108051963841,
        "dist_parque_m": 118.85859553910733,
        "homicidios": 450.0,
        "lesiones_personales": 4378.0,
        "hurto_personas": 16269.0,
        "hurto_residencias": 1893.0,
        "hurto_automotores": 870.0,
        "hurto_bicicletas": 472.0,
        "hurto_comercio": 4561.0,
        "hurto_entidades": 1620.0,
        "violencia_intrafam": 8567.0,
        "delitos_sexuales": 1433.0,
        "pct_no_oficial": 44.59,
        "n_sedes_total": 148,
        "n_sedes_no_oficial": 66
      }
    },
    {
      "type": "Feature",
      "geometry": {
        "type": "Point",
        "coordinates": [
          -74.06438999987044,
          4.716690000536635
        ]
      },
      "properties": {
        "DANE12_EST": "111001075515",
        "id_establecimiento": "111001075515",
        "nombre_establecimiento": "COLEGIO GUSTAVO MORALES MORALES (IED)",
        "nombre_localidad": "Suba",
        "codigo_upz": "24",
        "nombre_upz": "NIZA",
        "estrato": "Estrato 3",
        "zona": "URBANA",
        "caracter_media": "Académico",
        "lon": -74.06438999987044,
        "lat": 4.716690000536635,
        "codigo_localidad": "11",
        "q_j": 266.83666666666664,
        "puntaje_2023": 276.54,
        "punt_global_2020": 261.23,
        "punt_global_2022": 262.74,
        "matricula_total": 2215.0,
        "demanda_total": 2481.0,
        "sobre_demanda_j": 1.1200902934537247,
        "n_hogares_muestra": 2414.0,
        "poblacion_expandida": 83090.9999983,
        "tasa_pobreza_monetaria": 0.0876542696856339,
        "tasa_pobreza_extrema": 0.0410007417273796,
        "tasa_ipm": 0.0151284626677464,
        "ingreso_percapita_promedio": 3336694.3708129125,
        "capacidad_pago_promedio": 0.0375993563101168,
        "tamano_hogar_promedio": 3.210978067590457,
        "gasto_educ_promedio": 1494185.820978188,
        "tasa_deficit_cuantitativo": 0.0,
        "tasa_deficit_cualitativo": 0.0522803589171977,
        "tasa_deficit_habitacional": 0.0522803589171977,
        "pct_estrato_1": 0.0140404436427996,
        "pct_estrato_2": 0.0110235009148853,
        "pct_estrato_3": 0.2201308320717553,
        "pct_estrato_4": 0.1284946442168037,
        "pct_estrato_5": 0.5568065357661669,
        "pct_estrato_6": 0.0676514776415617,
        "s0_localidad": 0.5228297059197053,
        "dist_transmilenio_m": 1020.5923912307185,
        "dist_sitp_m": 37.17835289740254,
        "dist_parque_m": 186.11980151760758,
        "homicidios": 143.0,
        "lesiones_personales": 4117.0,
        "hurto_personas": 47285.0,
        "hurto_residencias": 5010.0,
        "hurto_automotores": 938.0,
        "hurto_bicicletas": 2774.0,
        "hurto_comercio": 12600.0,
        "hurto_entidades": 1324.0,
        "violencia_intrafam": 8047.0,
        "delitos_sexuales": 1387.0,
        "pct_no_oficial": 80.22,
        "n_sedes_total": 364,
        "n_sedes_no_oficial": 292
      }
    },
    {
      "type": "Feature",
      "geometry": {
        "type": "Point",
        "coordinates": [
          -74.14242000017049,
          4.544900000417376
        ]
      },
      "properties": {
        "DANE12_EST": "111001075663",
        "id_establecimiento": "111001075663",
        "nombre_establecimiento": "COLEGIO ESTRELLA DEL SUR (IED)",
        "nombre_localidad": "Ciudad Bolivar",
        "codigo_upz": "67",
        "nombre_upz": "LUCERO",
        "estrato": "Estrato 1",
        "zona": "URBANA",
        "caracter_media": "Académico",
        "lon": -74.14242000017049,
        "lat": 4.544900000417376,
        "codigo_localidad": "19",
        "q_j": 240.14666666666665,
        "puntaje_2023": 243.28,
        "punt_global_2020": 235.39,
        "punt_global_2022": 241.77,
        "matricula_total": 1924.0,
        "demanda_total": 2112.0,
        "sobre_demanda_j": 1.0977130977130978,
        "n_hogares_muestra": 2402.0,
        "poblacion_expandida": 161831.0000128,
        "tasa_pobreza_monetaria": 0.7038631757592213,
        "tasa_pobreza_extrema": 0.2920063706370369,
        "tasa_ipm": 0.1283344089448704,
        "ingreso_percapita_promedio": 390100.4363498642,
        "capacidad_pago_promedio": 0.6999095390854729,
        "tamano_hogar_promedio": 3.793805295915117,
        "gasto_educ_promedio": 94504.09039926344,
        "tasa_deficit_cuantitativo": 0.0495404235910664,
        "tasa_deficit_cualitativo": 0.2674079830741772,
        "tasa_deficit_habitacional": 0.3169484066652437,
        "pct_estrato_1": 0.7291873913191316,
        "pct_estrato_2": 0.2533851853437022,
        "pct_estrato_3": 0.0062719642164957,
        "pct_estrato_4": 0.0,
        "pct_estrato_5": 0.0,
        "pct_estrato_6": 0.0,
        "s0_localidad": 0.24641727799438962,
        "dist_transmilenio_m": 2394.767770343266,
        "dist_sitp_m": 40.23340478036963,
        "dist_parque_m": 160.64606860130942,
        "homicidios": 450.0,
        "lesiones_personales": 4378.0,
        "hurto_personas": 16269.0,
        "hurto_residencias": 1893.0,
        "hurto_automotores": 870.0,
        "hurto_bicicletas": 472.0,
        "hurto_comercio": 4561.0,
        "hurto_entidades": 1620.0,
        "violencia_intrafam": 8567.0,
        "delitos_sexuales": 1433.0,
        "pct_no_oficial": 44.59,
        "n_sedes_total": 148,
        "n_sedes_no_oficial": 66
      }
    },
    {
      "type": "Feature",
      "geometry": {
        "type": "Point",
        "coordinates": [
          -74.15247000032794,
          4.58942999990099
        ]
      },
      "properties": {
        "DANE12_EST": "111001075736",
        "id_establecimiento": "111001075736",
        "nombre_establecimiento": "COLEGIO ISLA DEL SOL (IED)",
        "nombre_localidad": "Tunjuelito",
        "codigo_upz": "42",
        "nombre_upz": "VENECIA",
        "estrato": "Estrato 2",
        "zona": "URBANA",
        "caracter_media": "Académico",
        "lon": -74.15247000032794,
        "lat": 4.58942999990099,
        "codigo_localidad": "06",
        "q_j": 261.8433333333333,
        "puntaje_2023": 258.85,
        "punt_global_2020": 261.46,
        "punt_global_2022": 265.22,
        "matricula_total": 1019.0,
        "demanda_total": 1142.0,
        "sobre_demanda_j": 1.1207065750736016,
        "n_hogares_muestra": 2196.0,
        "poblacion_expandida": 139490.0000064,
        "tasa_pobreza_monetaria": 0.3456416416631149,
        "tasa_pobreza_extrema": 0.1503118512921213,
        "tasa_ipm": 0.0363638721992061,
        "ingreso_percapita_promedio": 842886.8720213596,
        "capacidad_pago_promedio": 0.2543474672254081,
        "tamano_hogar_promedio": 3.158857941575621,
        "gasto_educ_promedio": 260612.53234385408,
        "tasa_deficit_cuantitativo": 0.0054515723698122,
        "tasa_deficit_cualitativo": 0.1344675835245495,
        "tasa_deficit_habitacional": 0.1399191558943617,
        "pct_estrato_1": 0.0,
        "pct_estrato_2": 0.5468256713047553,
        "pct_estrato_3": 0.4531743286952447,
        "pct_estrato_4": 0.0,
        "pct_estrato_5": 0.0,
        "pct_estrato_6": 0.0,
        "s0_localidad": 0.24596233549441804,
        "dist_transmilenio_m": 844.4074141631606,
        "dist_sitp_m": 48.63512755346614,
        "dist_parque_m": 42.670516303443996,
        "homicidios": 67.0,
        "lesiones_personales": 1311.0,
        "hurto_personas": 8872.0,
        "hurto_residencias": 687.0,
        "hurto_automotores": 293.0,
        "hurto_bicicletas": 367.0,
        "hurto_comercio": 2403.0,
        "hurto_entidades": 312.0,
        "violencia_intrafam": 1641.0,
        "delitos_sexuales": 328.0,
        "pct_no_oficial": 64.29,
        "n_sedes_total": 70,
        "n_sedes_no_oficial": 45
      }
    },
    {
      "type": "Feature",
      "geometry": {
        "type": "Point",
        "coordinates": [
          -74.13745999993992,
          4.544570000425282
        ]
      },
      "properties": {
        "DANE12_EST": "111001075752",
        "id_establecimiento": "111001075752",
        "nombre_establecimiento": "COLEGIO SOTAVENTO (IED)",
        "nombre_localidad": "Ciudad Bolivar",
        "codigo_upz": "68",
        "nombre_upz": "EL TESORO",
        "estrato": "Estrato 2",
        "zona": "URBANA",
        "caracter_media": "Académico",
        "lon": -74.13745999993992,
        "lat": 4.544570000425282,
        "codigo_localidad": "19",
        "q_j": 272.65333333333336,
        "puntaje_2023": 269.62,
        "punt_global_2020": 281.72,
        "punt_global_2022": 266.62,
        "matricula_total": 950.0,
        "demanda_total": 997.0,
        "sobre_demanda_j": 1.0494736842105263,
        "n_hogares_muestra": null,
        "poblacion_expandida": null,
        "tasa_pobreza_monetaria": null,
        "tasa_pobreza_extrema": null,
        "tasa_ipm": null,
        "ingreso_percapita_promedio": null,
        "capacidad_pago_promedio": null,
        "tamano_hogar_promedio": null,
        "gasto_educ_promedio": null,
        "tasa_deficit_cuantitativo": null,
        "tasa_deficit_cualitativo": null,
        "tasa_deficit_habitacional": null,
        "pct_estrato_1": null,
        "pct_estrato_2": null,
        "pct_estrato_3": null,
        "pct_estrato_4": null,
        "pct_estrato_5": null,
        "pct_estrato_6": null,
        "s0_localidad": 0.24641727799438962,
        "dist_transmilenio_m": 1843.7794709274972,
        "dist_sitp_m": 24.233601831226416,
        "dist_parque_m": 42.087556220780236,
        "homicidios": 450.0,
        "lesiones_personales": 4378.0,
        "hurto_personas": 16269.0,
        "hurto_residencias": 1893.0,
        "hurto_automotores": 870.0,
        "hurto_bicicletas": 472.0,
        "hurto_comercio": 4561.0,
        "hurto_entidades": 1620.0,
        "violencia_intrafam": 8567.0,
        "delitos_sexuales": 1433.0,
        "pct_no_oficial": 44.59,
        "n_sedes_total": 148,
        "n_sedes_no_oficial": 66
      }
    },
    {
      "type": "Feature",
      "geometry": {
        "type": "Point",
        "coordinates": [
          -74.13234999992154,
          4.564420000054832
        ]
      },
      "properties": {
        "DANE12_EST": "111001075957",
        "id_establecimiento": "111001075957",
        "nombre_establecimiento": "COLEGIO SAN CARLOS (IED)",
        "nombre_localidad": "Tunjuelito",
        "codigo_upz": "62",
        "nombre_upz": "TUNJUELITO",
        "estrato": "Estrato 2",
        "zona": "URBANA",
        "caracter_media": "Académico",
        "lon": -74.13234999992154,
        "lat": 4.564420000054832,
        "codigo_localidad": "06",
        "q_j": 230.39333333333332,
        "puntaje_2023": 236.92,
        "punt_global_2020": 223.29,
        "punt_global_2022": 230.97,
        "matricula_total": 2058.0,
        "demanda_total": 2351.0,
        "sobre_demanda_j": 1.1423712342079688,
        "n_hogares_muestra": 2412.0,
        "poblacion_expandida": 41091.0000058,
        "tasa_pobreza_monetaria": 0.6075462272779011,
        "tasa_pobreza_extrema": 0.2515357792713999,
        "tasa_ipm": 0.0880169398600545,
        "ingreso_percapita_promedio": 496094.149913777,
        "capacidad_pago_promedio": 0.5782026670182382,
        "tamano_hogar_promedio": 3.417757078907231,
        "gasto_educ_promedio": 142088.0763667548,
        "tasa_deficit_cuantitativo": 0.0222044781648344,
        "tasa_deficit_cualitativo": 0.2396689260667766,
        "tasa_deficit_habitacional": 0.2618734042316112,
        "pct_estrato_1": 0.0,
        "pct_estrato_2": 0.9782259668230582,
        "pct_estrato_3": 0.0213541955483231,
        "pct_estrato_4": 0.0,
        "pct_estrato_5": 0.0,
        "pct_estrato_6": 0.0,
        "s0_localidad": 0.24596233549441804,
        "dist_transmilenio_m": 551.4299401745045,
        "dist_sitp_m": 193.33163370223042,
        "dist_parque_m": 446.673180497458,
        "homicidios": 67.0,
        "lesiones_personales": 1311.0,
        "hurto_personas": 8872.0,
        "hurto_residencias": 687.0,
        "hurto_automotores": 293.0,
        "hurto_bicicletas": 367.0,
        "hurto_comercio": 2403.0,
        "hurto_entidades": 312.0,
        "violencia_intrafam": 1641.0,
        "delitos_sexuales": 328.0,
        "pct_no_oficial": 64.29,
        "n_sedes_total": 70,
        "n_sedes_no_oficial": 45
      }
    },
    {
      "type": "Feature",
      "geometry": {
        "type": "Point",
        "coordinates": [
          -74.11795999967464,
          4.555260000489319
        ]
      },
      "properties": {
        "DANE12_EST": "111001076376",
        "id_establecimiento": "111001076376",
        "nombre_establecimiento": "COLEGIO MARRUECOS Y MOLINOS (IED)",
        "nombre_localidad": "Rafael Uribe Uribe",
        "codigo_upz": "54",
        "nombre_upz": "MARRUECOS",
        "estrato": "Estrato 2",
        "zona": "URBANA",
        "caracter_media": "Académico",
        "lon": -74.11795999967464,
        "lat": 4.555260000489319,
        "codigo_localidad": "18",
        "q_j": 255.8166666666667,
        "puntaje_2023": 270.61,
        "punt_global_2020": 244.77,
        "punt_global_2022": 252.07,
        "matricula_total": 3681.0,
        "demanda_total": 4075.0,
        "sobre_demanda_j": 1.1070361314860093,
        "n_hogares_muestra": 2741.0,
        "poblacion_expandida": 120852.0000177,
        "tasa_pobreza_monetaria": 0.4994434554385517,
        "tasa_pobreza_extrema": 0.1892095265113609,
        "tasa_ipm": 0.0883647402048451,
        "ingreso_percapita_promedio": 604853.1814262352,
        "capacidad_pago_promedio": 0.5412289176672314,
        "tamano_hogar_promedio": 3.797427198003224,
        "gasto_educ_promedio": 130604.77324336328,
        "tasa_deficit_cuantitativo": 0.00327056179825,
        "tasa_deficit_cualitativo": 0.1622393459763046,
        "tasa_deficit_habitacional": 0.1655099077745546,
        "pct_estrato_1": 0.0840014419174955,
        "pct_estrato_2": 0.8319516782450803,
        "pct_estrato_3": 0.084046879837424,
        "pct_estrato_4": 0.0,
        "pct_estrato_5": 0.0,
        "pct_estrato_6": 0.0,
        "s0_localidad": 0.2741314328601635,
        "dist_transmilenio_m": 473.35413389925054,
        "dist_sitp_m": 96.9706552821736,
        "dist_parque_m": 125.66525596364502,
        "homicidios": 159.0,
        "lesiones_personales": 2500.0,
        "hurto_personas": 13897.0,
        "hurto_residencias": 1530.0,
        "hurto_automotores": 660.0,
        "hurto_bicicletas": 415.0,
        "hurto_comercio": 3902.0,
        "hurto_entidades": 942.0,
        "violencia_intrafam": 3177.0,
        "delitos_sexuales": 716.0,
        "pct_no_oficial": 57.85,
        "n_sedes_total": 121,
        "n_sedes_no_oficial": 70
      }
    },
    {
      "type": "Feature",
      "geometry": {
        "type": "Point",
        "coordinates": [
          -74.14189000044105,
          4.64044999998299
        ]
      },
      "properties": {
        "DANE12_EST": "111001076767",
        "id_establecimiento": "111001076767",
        "nombre_establecimiento": "COLEGIO CASTILLA (IED)",
        "nombre_localidad": "Kennedy",
        "codigo_upz": "46",
        "nombre_upz": "CASTILLA",
        "estrato": "Estrato 3",
        "zona": "URBANA",
        "caracter_media": "Académico",
        "lon": -74.14189000044105,
        "lat": 4.64044999998299,
        "codigo_localidad": "08",
        "q_j": 273.75333333333333,
        "puntaje_2023": 279.18,
        "punt_global_2020": 268.17,
        "punt_global_2022": 273.91,
        "matricula_total": 3198.0,
        "demanda_total": 3545.0,
        "sobre_demanda_j": 1.108505315822389,
        "n_hogares_muestra": null,
        "poblacion_expandida": null,
        "tasa_pobreza_monetaria": null,
        "tasa_pobreza_extrema": null,
        "tasa_ipm": null,
        "ingreso_percapita_promedio": null,
        "capacidad_pago_promedio": null,
        "tamano_hogar_promedio": null,
        "gasto_educ_promedio": null,
        "tasa_deficit_cuantitativo": null,
        "tasa_deficit_cualitativo": null,
        "tasa_deficit_habitacional": null,
        "pct_estrato_1": null,
        "pct_estrato_2": null,
        "pct_estrato_3": null,
        "pct_estrato_4": null,
        "pct_estrato_5": null,
        "pct_estrato_6": null,
        "s0_localidad": 0.3719221758740453,
        "dist_transmilenio_m": 1067.9688703849583,
        "dist_sitp_m": 160.38931892241143,
        "dist_parque_m": 128.37870834934841,
        "homicidios": 277.0,
        "lesiones_personales": 5216.0,
        "hurto_personas": 45928.0,
        "hurto_residencias": 4574.0,
        "hurto_automotores": 2662.0,
        "hurto_bicicletas": 2842.0,
        "hurto_comercio": 11829.0,
        "hurto_entidades": 2994.0,
        "violencia_intrafam": 8341.0,
        "delitos_sexuales": 1353.0,
        "pct_no_oficial": 70.99,
        "n_sedes_total": 262,
        "n_sedes_no_oficial": 186
      }
    },
    {
      "type": "Feature",
      "geometry": {
        "type": "Point",
        "coordinates": [
          -74.14681999963607,
          4.566020000383472
        ]
      },
      "properties": {
        "DANE12_EST": "111001076937",
        "id_establecimiento": "111001076937",
        "nombre_establecimiento": "COLEGIO SAN FRANCISCO (IED)",
        "nombre_localidad": "Ciudad Bolivar",
        "codigo_upz": "66",
        "nombre_upz": "SAN FRANCISCO",
        "estrato": "Estrato 2",
        "zona": "URBANA",
        "caracter_media": "Académico",
        "lon": -74.14681999963607,
        "lat": 4.566020000383472,
        "codigo_localidad": "19",
        "q_j": 254.63,
        "puntaje_2023": 259.15,
        "punt_global_2020": 253.76,
        "punt_global_2022": 250.98,
        "matricula_total": 3509.0,
        "demanda_total": 3792.0,
        "sobre_demanda_j": 1.0806497577657452,
        "n_hogares_muestra": 2882.0,
        "poblacion_expandida": 71305.9999963,
        "tasa_pobreza_monetaria": 0.5323890475453656,
        "tasa_pobreza_extrema": 0.1873034317293498,
        "tasa_ipm": 0.0923402259857748,
        "ingreso_percapita_promedio": 541606.1792803309,
        "capacidad_pago_promedio": 0.5329856299213537,
        "tamano_hogar_promedio": 4.082155660577006,
        "gasto_educ_promedio": 129420.60229855483,
        "tasa_deficit_cuantitativo": 0.0128150713971813,
        "tasa_deficit_cualitativo": 0.2080231810123928,
        "tasa_deficit_habitacional": 0.2208382524095742,
        "pct_estrato_1": 0.1667902500030449,
        "pct_estrato_2": 0.832027275280881,
        "pct_estrato_3": 0.000749378722727,
        "pct_estrato_4": 0.0,
        "pct_estrato_5": 0.0,
        "pct_estrato_6": 0.0,
        "s0_localidad": 0.24641727799438962,
        "dist_transmilenio_m": 928.3399531733635,
        "dist_sitp_m": 42.28887588192827,
        "dist_parque_m": 99.11645411621372,
        "homicidios": 450.0,
        "lesiones_personales": 4378.0,
        "hurto_personas": 16269.0,
        "hurto_residencias": 1893.0,
        "hurto_automotores": 870.0,
        "hurto_bicicletas": 472.0,
        "hurto_comercio": 4561.0,
        "hurto_entidades": 1620.0,
        "violencia_intrafam": 8567.0,
        "delitos_sexuales": 1433.0,
        "pct_no_oficial": 44.59,
        "n_sedes_total": 148,
        "n_sedes_no_oficial": 66
      }
    },
    {
      "type": "Feature",
      "geometry": {
        "type": "Point",
        "coordinates": [
          -74.1037000000224,
          4.507009999831923
        ]
      },
      "properties": {
        "DANE12_EST": "111001077895",
        "id_establecimiento": "111001077895",
        "nombre_establecimiento": "COLEGIO OFELIA URIBE DE ACOSTA (IED)",
        "nombre_localidad": "Usme",
        "codigo_upz": "57",
        "nombre_upz": "GRAN YOMASA",
        "estrato": "Estrato 1",
        "zona": "URBANA",
        "caracter_media": "Académico",
        "lon": -74.1037000000224,
        "lat": 4.507009999831923,
        "codigo_localidad": "05",
        "q_j": 245.16,
        "puntaje_2023": 242.86,
        "punt_global_2020": 248.72,
        "punt_global_2022": 243.9,
        "matricula_total": 2491.0,
        "demanda_total": 2638.0,
        "sobre_demanda_j": 1.0590124448012845,
        "n_hogares_muestra": 2440.0,
        "poblacion_expandida": 131329.99999830002,
        "tasa_pobreza_monetaria": 0.5375758554741024,
        "tasa_pobreza_extrema": 0.170500226653391,
        "tasa_ipm": 0.0997707066661814,
        "ingreso_percapita_promedio": 546453.4732746364,
        "capacidad_pago_promedio": 0.5369657626400125,
        "tamano_hogar_promedio": 3.6829561057356353,
        "gasto_educ_promedio": 131619.82020471324,
        "tasa_deficit_cuantitativo": 0.0094164735347293,
        "tasa_deficit_cualitativo": 0.1714038156094676,
        "tasa_deficit_habitacional": 0.180820289144197,
        "pct_estrato_1": 0.2132961951988319,
        "pct_estrato_2": 0.7829697168463492,
        "pct_estrato_3": 0.0033905540356793,
        "pct_estrato_4": 0.0,
        "pct_estrato_5": 0.0,
        "pct_estrato_6": 0.0,
        "s0_localidad": 0.1806550335776531,
        "dist_transmilenio_m": 3251.372764256848,
        "dist_sitp_m": 76.81392581574268,
        "dist_parque_m": 161.25201375389406,
        "homicidios": 171.0,
        "lesiones_personales": 2562.0,
        "hurto_personas": 8404.0,
        "hurto_residencias": 1452.0,
        "hurto_automotores": 311.0,
        "hurto_bicicletas": 146.0,
        "hurto_comercio": 2308.0,
        "hurto_entidades": 623.0,
        "violencia_intrafam": 3963.0,
        "delitos_sexuales": 923.0,
        "pct_no_oficial": 33.03,
        "n_sedes_total": 109,
        "n_sedes_no_oficial": 36
      }
    },
    {
      "type": "Feature",
      "geometry": {
        "type": "Point",
        "coordinates": [
          -74.11478000039979,
          4.517930000183883
        ]
      },
      "properties": {
        "DANE12_EST": "111001077917",
        "id_establecimiento": "111001077917",
        "nombre_establecimiento": "COLEGIO BRASILIA - USME (IED)",
        "nombre_localidad": "Usme",
        "codigo_upz": "57",
        "nombre_upz": "GRAN YOMASA",
        "estrato": "Estrato 2",
        "zona": "URBANA",
        "caracter_media": "Académico",
        "lon": -74.11478000039979,
        "lat": 4.517930000183883,
        "codigo_localidad": "05",
        "q_j": 254.59,
        "puntaje_2023": 255.38,
        "punt_global_2020": 252.42,
        "punt_global_2022": 255.97,
        "matricula_total": 1257.0,
        "demanda_total": 1325.0,
        "sobre_demanda_j": 1.0540970564836913,
        "n_hogares_muestra": 2440.0,
        "poblacion_expandida": 131329.99999830002,
        "tasa_pobreza_monetaria": 0.5375758554741024,
        "tasa_pobreza_extrema": 0.170500226653391,
        "tasa_ipm": 0.0997707066661814,
        "ingreso_percapita_promedio": 546453.4732746364,
        "capacidad_pago_promedio": 0.5369657626400125,
        "tamano_hogar_promedio": 3.6829561057356353,
        "gasto_educ_promedio": 131619.82020471324,
        "tasa_deficit_cuantitativo": 0.0094164735347293,
        "tasa_deficit_cualitativo": 0.1714038156094676,
        "tasa_deficit_habitacional": 0.180820289144197,
        "pct_estrato_1": 0.2132961951988319,
        "pct_estrato_2": 0.7829697168463492,
        "pct_estrato_3": 0.0033905540356793,
        "pct_estrato_4": 0.0,
        "pct_estrato_5": 0.0,
        "pct_estrato_6": 0.0,
        "s0_localidad": 0.1806550335776531,
        "dist_transmilenio_m": 1615.749359189527,
        "dist_sitp_m": 157.84348288518066,
        "dist_parque_m": 19.48864051152504,
        "homicidios": 171.0,
        "lesiones_personales": 2562.0,
        "hurto_personas": 8404.0,
        "hurto_residencias": 1452.0,
        "hurto_automotores": 311.0,
        "hurto_bicicletas": 146.0,
        "hurto_comercio": 2308.0,
        "hurto_entidades": 623.0,
        "violencia_intrafam": 3963.0,
        "delitos_sexuales": 923.0,
        "pct_no_oficial": 33.03,
        "n_sedes_total": 109,
        "n_sedes_no_oficial": 36
      }
    },
    {
      "type": "Feature",
      "geometry": {
        "type": "Point",
        "coordinates": [
          -74.111649999557,
          4.502790000201618
        ]
      },
      "properties": {
        "DANE12_EST": "111001078638",
        "id_establecimiento": "111001078638",
        "nombre_establecimiento": "COLEGIO EL VIRREY JOSE SOLIS (IED)",
        "nombre_localidad": "Usme",
        "codigo_upz": "58",
        "nombre_upz": "COMUNEROS",
        "estrato": "Estrato 2",
        "zona": "URBANA",
        "caracter_media": "Académico",
        "lon": -74.111649999557,
        "lat": 4.502790000201618,
        "codigo_localidad": "05",
        "q_j": 252.65666666666667,
        "puntaje_2023": 250.0,
        "punt_global_2020": 249.45,
        "punt_global_2022": 258.52,
        "matricula_total": 1295.0,
        "demanda_total": 1388.0,
        "sobre_demanda_j": 1.0718146718146717,
        "n_hogares_muestra": 2461.0,
        "poblacion_expandida": 98789.9999997,
        "tasa_pobreza_monetaria": 0.5463223495319759,
        "tasa_pobreza_extrema": 0.1430068890428474,
        "tasa_ipm": 0.0808793279686634,
        "ingreso_percapita_promedio": 538295.1485405599,
        "capacidad_pago_promedio": 0.6418885111488265,
        "tamano_hogar_promedio": 3.78760632903772,
        "gasto_educ_promedio": 85874.88811383818,
        "tasa_deficit_cuantitativo": 0.0237107379320489,
        "tasa_deficit_cualitativo": 0.1587196053178218,
        "tasa_deficit_habitacional": 0.1824303432498707,
        "pct_estrato_1": 0.4316831555524801,
        "pct_estrato_2": 0.5647227497800326,
        "pct_estrato_3": 0.0035940946674873,
        "pct_estrato_4": 0.0,
        "pct_estrato_5": 0.0,
        "pct_estrato_6": 0.0,
        "s0_localidad": 0.1806550335776531,
        "dist_transmilenio_m": 3328.766035992817,
        "dist_sitp_m": 122.33187525017404,
        "dist_parque_m": 142.48078769452857,
        "homicidios": 171.0,
        "lesiones_personales": 2562.0,
        "hurto_personas": 8404.0,
        "hurto_residencias": 1452.0,
        "hurto_automotores": 311.0,
        "hurto_bicicletas": 146.0,
        "hurto_comercio": 2308.0,
        "hurto_entidades": 623.0,
        "violencia_intrafam": 3963.0,
        "delitos_sexuales": 923.0,
        "pct_no_oficial": 33.03,
        "n_sedes_total": 109,
        "n_sedes_no_oficial": 36
      }
    },
    {
      "type": "Feature",
      "geometry": {
        "type": "Point",
        "coordinates": [
          -74.1167599995754,
          4.543580000438172
        ]
      },
      "properties": {
        "DANE12_EST": "111001078930",
        "id_establecimiento": "111001078930",
        "nombre_establecimiento": "COLEGIO LA PAZ (IED)",
        "nombre_localidad": "Rafael Uribe Uribe",
        "codigo_upz": "55",
        "nombre_upz": "DIANA TURBAY",
        "estrato": "Estrato 1",
        "zona": "URBANA",
        "caracter_media": "Sin información",
        "lon": -74.1167599995754,
        "lat": 4.543580000438172,
        "codigo_localidad": "18",
        "q_j": null,
        "puntaje_2023": null,
        "punt_global_2020": null,
        "punt_global_2022": null,
        "matricula_total": 731.0,
        "demanda_total": 790.0,
        "sobre_demanda_j": 1.0807113543091655,
        "n_hogares_muestra": 2431.0,
        "poblacion_expandida": 75394.00000069999,
        "tasa_pobreza_monetaria": 0.6239134951436888,
        "tasa_pobreza_extrema": 0.2314413282361725,
        "tasa_ipm": 0.1293308840412959,
        "ingreso_percapita_promedio": 475879.3776286632,
        "capacidad_pago_promedio": 0.5022315466330005,
        "tamano_hogar_promedio": 3.685937960754435,
        "gasto_educ_promedio": 124946.7502659414,
        "tasa_deficit_cuantitativo": 0.0178050504189661,
        "tasa_deficit_cualitativo": 0.206111604975936,
        "tasa_deficit_habitacional": 0.2239166553949022,
        "pct_estrato_1": 0.2911565840318353,
        "pct_estrato_2": 0.7069788979335905,
        "pct_estrato_3": 0.0018645180345743,
        "pct_estrato_4": 0.0,
        "pct_estrato_5": 0.0,
        "pct_estrato_6": 0.0,
        "s0_localidad": 0.2741314328601635,
        "dist_transmilenio_m": 453.60943344310243,
        "dist_sitp_m": 91.17085622742701,
        "dist_parque_m": 178.74693015888332,
        "homicidios": 159.0,
        "lesiones_personales": 2500.0,
        "hurto_personas": 13897.0,
        "hurto_residencias": 1530.0,
        "hurto_automotores": 660.0,
        "hurto_bicicletas": 415.0,
        "hurto_comercio": 3902.0,
        "hurto_entidades": 942.0,
        "violencia_intrafam": 3177.0,
        "delitos_sexuales": 716.0,
        "pct_no_oficial": 57.85,
        "n_sedes_total": 121,
        "n_sedes_no_oficial": 70
      }
    },
    {
      "type": "Feature",
      "geometry": {
        "type": "Point",
        "coordinates": [
          -74.16711999996751,
          4.605790000200869
        ]
      },
      "properties": {
        "DANE12_EST": "111001079154",
        "id_establecimiento": "111001079154",
        "nombre_establecimiento": "COLEGIO VILLA RICA (IED)",
        "nombre_localidad": "Kennedy",
        "codigo_upz": "48",
        "nombre_upz": "TIMIZA",
        "estrato": "Estrato 2",
        "zona": "URBANA",
        "caracter_media": "Académico",
        "lon": -74.16711999996751,
        "lat": 4.605790000200869,
        "codigo_localidad": "08",
        "q_j": 258.3666666666667,
        "puntaje_2023": 258.85,
        "punt_global_2020": 260.73,
        "punt_global_2022": 255.52,
        "matricula_total": 1898.0,
        "demanda_total": 2036.0,
        "sobre_demanda_j": 1.0727081138040042,
        "n_hogares_muestra": 2432.0,
        "poblacion_expandida": 140406.00000220002,
        "tasa_pobreza_monetaria": 0.3392972321151057,
        "tasa_pobreza_extrema": 0.1338840227747066,
        "tasa_ipm": 0.0317013659482519,
        "ingreso_percapita_promedio": 896426.5836674817,
        "capacidad_pago_promedio": 0.2768039610557314,
        "tamano_hogar_promedio": 3.5291548518092943,
        "gasto_educ_promedio": 246574.6721411968,
        "tasa_deficit_cuantitativo": 0.0067183660739941,
        "tasa_deficit_cualitativo": 0.0935675342570413,
        "tasa_deficit_habitacional": 0.1002859003310355,
        "pct_estrato_1": 0.0114865100478236,
        "pct_estrato_2": 0.2780580974943255,
        "pct_estrato_3": 0.7104553924578507,
        "pct_estrato_4": 0.0,
        "pct_estrato_5": 0.0,
        "pct_estrato_6": 0.0,
        "s0_localidad": 0.3719221758740453,
        "dist_transmilenio_m": 1013.2532676208156,
        "dist_sitp_m": 46.73321411542429,
        "dist_parque_m": 97.61286079574728,
        "homicidios": 277.0,
        "lesiones_personales": 5216.0,
        "hurto_personas": 45928.0,
        "hurto_residencias": 4574.0,
        "hurto_automotores": 2662.0,
        "hurto_bicicletas": 2842.0,
        "hurto_comercio": 11829.0,
        "hurto_entidades": 2994.0,
        "violencia_intrafam": 8341.0,
        "delitos_sexuales": 1353.0,
        "pct_no_oficial": 70.99,
        "n_sedes_total": 262,
        "n_sedes_no_oficial": 186
      }
    },
    {
      "type": "Feature",
      "geometry": {
        "type": "Point",
        "coordinates": [
          -74.10580999979267,
          4.51231999987502
        ]
      },
      "properties": {
        "DANE12_EST": "111001083011",
        "id_establecimiento": "111001083011",
        "nombre_establecimiento": "COLEGIO MIGUEL DE CERVANTES SAAVEDRA (IED)",
        "nombre_localidad": "Usme",
        "codigo_upz": "57",
        "nombre_upz": "GRAN YOMASA",
        "estrato": "Estrato 2",
        "zona": "URBANA",
        "caracter_media": "Académico",
        "lon": -74.10580999979267,
        "lat": 4.51231999987502,
        "codigo_localidad": "05",
        "q_j": 247.6966666666667,
        "puntaje_2023": 257.69,
        "punt_global_2020": 243.91,
        "punt_global_2022": 241.49,
        "matricula_total": 2854.0,
        "demanda_total": 3061.0,
        "sobre_demanda_j": 1.0725297827610372,
        "n_hogares_muestra": 2440.0,
        "poblacion_expandida": 131329.99999830002,
        "tasa_pobreza_monetaria": 0.5375758554741024,
        "tasa_pobreza_extrema": 0.170500226653391,
        "tasa_ipm": 0.0997707066661814,
        "ingreso_percapita_promedio": 546453.4732746364,
        "capacidad_pago_promedio": 0.5369657626400125,
        "tamano_hogar_promedio": 3.6829561057356353,
        "gasto_educ_promedio": 131619.82020471324,
        "tasa_deficit_cuantitativo": 0.0094164735347293,
        "tasa_deficit_cualitativo": 0.1714038156094676,
        "tasa_deficit_habitacional": 0.180820289144197,
        "pct_estrato_1": 0.2132961951988319,
        "pct_estrato_2": 0.7829697168463492,
        "pct_estrato_3": 0.0033905540356793,
        "pct_estrato_4": 0.0,
        "pct_estrato_5": 0.0,
        "pct_estrato_6": 0.0,
        "s0_localidad": 0.1806550335776531,
        "dist_transmilenio_m": 2630.0519546528635,
        "dist_sitp_m": 233.01123327069166,
        "dist_parque_m": 75.61070538204686,
        "homicidios": 171.0,
        "lesiones_personales": 2562.0,
        "hurto_personas": 8404.0,
        "hurto_residencias": 1452.0,
        "hurto_automotores": 311.0,
        "hurto_bicicletas": 146.0,
        "hurto_comercio": 2308.0,
        "hurto_entidades": 623.0,
        "violencia_intrafam": 3963.0,
        "delitos_sexuales": 923.0,
        "pct_no_oficial": 33.03,
        "n_sedes_total": 109,
        "n_sedes_no_oficial": 36
      }
    },
    {
      "type": "Feature",
      "geometry": {
        "type": "Point",
        "coordinates": [
          -74.14780999967303,
          4.5476100005249736
        ]
      },
      "properties": {
        "DANE12_EST": "111001086584",
        "id_establecimiento": "111001086584",
        "nombre_establecimiento": "COLEGIO CONFEDERACION BRISAS DEL DIAMANTE (IED)",
        "nombre_localidad": "Ciudad Bolivar",
        "codigo_upz": "67",
        "nombre_upz": "LUCERO",
        "estrato": "Estrato 1",
        "zona": "URBANA",
        "caracter_media": "Académico",
        "lon": -74.14780999967303,
        "lat": 4.5476100005249736,
        "codigo_localidad": "19",
        "q_j": null,
        "puntaje_2023": null,
        "punt_global_2020": null,
        "punt_global_2022": null,
        "matricula_total": 2091.0,
        "demanda_total": 2272.0,
        "sobre_demanda_j": 1.0865614538498327,
        "n_hogares_muestra": 2402.0,
        "poblacion_expandida": 161831.0000128,
        "tasa_pobreza_monetaria": 0.7038631757592213,
        "tasa_pobreza_extrema": 0.2920063706370369,
        "tasa_ipm": 0.1283344089448704,
        "ingreso_percapita_promedio": 390100.4363498642,
        "capacidad_pago_promedio": 0.6999095390854729,
        "tamano_hogar_promedio": 3.793805295915117,
        "gasto_educ_promedio": 94504.09039926344,
        "tasa_deficit_cuantitativo": 0.0495404235910664,
        "tasa_deficit_cualitativo": 0.2674079830741772,
        "tasa_deficit_habitacional": 0.3169484066652437,
        "pct_estrato_1": 0.7291873913191316,
        "pct_estrato_2": 0.2533851853437022,
        "pct_estrato_3": 0.0062719642164957,
        "pct_estrato_4": 0.0,
        "pct_estrato_5": 0.0,
        "pct_estrato_6": 0.0,
        "s0_localidad": 0.24641727799438962,
        "dist_transmilenio_m": 2620.2474579808886,
        "dist_sitp_m": 17.86759012974041,
        "dist_parque_m": 130.6000006531591,
        "homicidios": 450.0,
        "lesiones_personales": 4378.0,
        "hurto_personas": 16269.0,
        "hurto_residencias": 1893.0,
        "hurto_automotores": 870.0,
        "hurto_bicicletas": 472.0,
        "hurto_comercio": 4561.0,
        "hurto_entidades": 1620.0,
        "violencia_intrafam": 8567.0,
        "delitos_sexuales": 1433.0,
        "pct_no_oficial": 44.59,
        "n_sedes_total": 148,
        "n_sedes_no_oficial": 66
      }
    },
    {
      "type": "Feature",
      "geometry": {
        "type": "Point",
        "coordinates": [
          -74.19978000024324,
          4.603399999900692
        ]
      },
      "properties": {
        "DANE12_EST": "111001086606",
        "id_establecimiento": "111001086606",
        "nombre_establecimiento": "COLEGIO LLANO ORIENTAL (IED)",
        "nombre_localidad": "Bosa",
        "codigo_upz": "85",
        "nombre_upz": "BOSA CENTRAL",
        "estrato": "Estrato 2",
        "zona": "URBANA",
        "caracter_media": "Académico",
        "lon": -74.19978000024324,
        "lat": 4.603399999900692,
        "codigo_localidad": "07",
        "q_j": 245.51999999999998,
        "puntaje_2023": 237.31,
        "punt_global_2020": 247.43,
        "punt_global_2022": 251.82,
        "matricula_total": 1070.0,
        "demanda_total": 1142.0,
        "sobre_demanda_j": 1.0672897196261681,
        "n_hogares_muestra": 2530.0,
        "poblacion_expandida": 236893.9999938,
        "tasa_pobreza_monetaria": 0.5774122247227872,
        "tasa_pobreza_extrema": 0.2259702239533336,
        "tasa_ipm": 0.0772742342008624,
        "ingreso_percapita_promedio": 559243.4881524148,
        "capacidad_pago_promedio": 0.5417241991656973,
        "tamano_hogar_promedio": 3.662381280285304,
        "gasto_educ_promedio": 133205.3566644155,
        "tasa_deficit_cuantitativo": 0.0140410598706048,
        "tasa_deficit_cualitativo": 0.1537435722367523,
        "tasa_deficit_habitacional": 0.1677846321073571,
        "pct_estrato_1": 0.0108539179665474,
        "pct_estrato_2": 0.9885468201365548,
        "pct_estrato_3": 0.0005992618968978,
        "pct_estrato_4": 0.0,
        "pct_estrato_5": 0.0,
        "pct_estrato_6": 0.0,
        "s0_localidad": 0.2763191613237501,
        "dist_transmilenio_m": 1449.4544590729795,
        "dist_sitp_m": 79.01553938779,
        "dist_parque_m": 71.40759021236379,
        "homicidios": 209.0,
        "lesiones_personales": 3464.0,
        "hurto_personas": 19664.0,
        "hurto_residencias": 2638.0,
        "hurto_automotores": 681.0,
        "hurto_bicicletas": 1403.0,
        "hurto_comercio": 5397.0,
        "hurto_entidades": 1643.0,
        "violencia_intrafam": 7523.0,
        "delitos_sexuales": 1159.0,
        "pct_no_oficial": 55.7,
        "n_sedes_total": 149,
        "n_sedes_no_oficial": 83
      }
    },
    {
      "type": "Feature",
      "geometry": {
        "type": "Point",
        "coordinates": [
          -74.11089999971956,
          4.506360000550744
        ]
      },
      "properties": {
        "DANE12_EST": "111001086614",
        "id_establecimiento": "111001086614",
        "nombre_establecimiento": "COLEGIO CHUNIZA (IED)",
        "nombre_localidad": "Usme",
        "codigo_upz": "58",
        "nombre_upz": "COMUNEROS",
        "estrato": "Estrato 2",
        "zona": "URBANA",
        "caracter_media": "Académico",
        "lon": -74.11089999971956,
        "lat": 4.506360000550744,
        "codigo_localidad": "05",
        "q_j": 259.61333333333334,
        "puntaje_2023": 261.1,
        "punt_global_2020": 257.77,
        "punt_global_2022": 259.97,
        "matricula_total": 2109.0,
        "demanda_total": 2234.0,
        "sobre_demanda_j": 1.0592697961119013,
        "n_hogares_muestra": 2461.0,
        "poblacion_expandida": 98789.9999997,
        "tasa_pobreza_monetaria": 0.5463223495319759,
        "tasa_pobreza_extrema": 0.1430068890428474,
        "tasa_ipm": 0.0808793279686634,
        "ingreso_percapita_promedio": 538295.1485405599,
        "capacidad_pago_promedio": 0.6418885111488265,
        "tamano_hogar_promedio": 3.78760632903772,
        "gasto_educ_promedio": 85874.88811383818,
        "tasa_deficit_cuantitativo": 0.0237107379320489,
        "tasa_deficit_cualitativo": 0.1587196053178218,
        "tasa_deficit_habitacional": 0.1824303432498707,
        "pct_estrato_1": 0.4316831555524801,
        "pct_estrato_2": 0.5647227497800326,
        "pct_estrato_3": 0.0035940946674873,
        "pct_estrato_4": 0.0,
        "pct_estrato_5": 0.0,
        "pct_estrato_6": 0.0,
        "s0_localidad": 0.1806550335776531,
        "dist_transmilenio_m": 2972.264010978918,
        "dist_sitp_m": 142.0999906456463,
        "dist_parque_m": 54.515495526404116,
        "homicidios": 171.0,
        "lesiones_personales": 2562.0,
        "hurto_personas": 8404.0,
        "hurto_residencias": 1452.0,
        "hurto_automotores": 311.0,
        "hurto_bicicletas": 146.0,
        "hurto_comercio": 2308.0,
        "hurto_entidades": 623.0,
        "violencia_intrafam": 3963.0,
        "delitos_sexuales": 923.0,
        "pct_no_oficial": 33.03,
        "n_sedes_total": 109,
        "n_sedes_no_oficial": 36
      }
    },
    {
      "type": "Feature",
      "geometry": {
        "type": "Point",
        "coordinates": [
          -74.13709000004407,
          4.566639999876292
        ]
      },
      "properties": {
        "DANE12_EST": "111001086631",
        "id_establecimiento": "111001086631",
        "nombre_establecimiento": "COLEGIO SAN BENITO ABAD (IED)",
        "nombre_localidad": "Tunjuelito",
        "codigo_upz": "62",
        "nombre_upz": "TUNJUELITO",
        "estrato": "Estrato 2",
        "zona": "URBANA",
        "caracter_media": "Académico",
        "lon": -74.13709000004407,
        "lat": 4.566639999876292,
        "codigo_localidad": "06",
        "q_j": 241.49333333333334,
        "puntaje_2023": 246.54,
        "punt_global_2020": 234.0,
        "punt_global_2022": 243.94,
        "matricula_total": 1086.0,
        "demanda_total": 1203.0,
        "sobre_demanda_j": 1.1077348066298343,
        "n_hogares_muestra": 2412.0,
        "poblacion_expandida": 41091.0000058,
        "tasa_pobreza_monetaria": 0.6075462272779011,
        "tasa_pobreza_extrema": 0.2515357792713999,
        "tasa_ipm": 0.0880169398600545,
        "ingreso_percapita_promedio": 496094.149913777,
        "capacidad_pago_promedio": 0.5782026670182382,
        "tamano_hogar_promedio": 3.417757078907231,
        "gasto_educ_promedio": 142088.0763667548,
        "tasa_deficit_cuantitativo": 0.0222044781648344,
        "tasa_deficit_cualitativo": 0.2396689260667766,
        "tasa_deficit_habitacional": 0.2618734042316112,
        "pct_estrato_1": 0.0,
        "pct_estrato_2": 0.9782259668230582,
        "pct_estrato_3": 0.0213541955483231,
        "pct_estrato_4": 0.0,
        "pct_estrato_5": 0.0,
        "pct_estrato_6": 0.0,
        "s0_localidad": 0.24596233549441804,
        "dist_transmilenio_m": 263.93168808288243,
        "dist_sitp_m": 119.54310069178382,
        "dist_parque_m": 72.95933484026955,
        "homicidios": 67.0,
        "lesiones_personales": 1311.0,
        "hurto_personas": 8872.0,
        "hurto_residencias": 687.0,
        "hurto_automotores": 293.0,
        "hurto_bicicletas": 367.0,
        "hurto_comercio": 2403.0,
        "hurto_entidades": 312.0,
        "violencia_intrafam": 1641.0,
        "delitos_sexuales": 328.0,
        "pct_no_oficial": 64.29,
        "n_sedes_total": 70,
        "n_sedes_no_oficial": 45
      }
    },
    {
      "type": "Feature",
      "geometry": {
        "type": "Point",
        "coordinates": [
          -74.1436400003612,
          4.607760000520701
        ]
      },
      "properties": {
        "DANE12_EST": "111001086649",
        "id_establecimiento": "111001086649",
        "nombre_establecimiento": "COLEGIO ALFONSO LOPEZ PUMAREJO (IED)",
        "nombre_localidad": "Kennedy",
        "codigo_upz": "45",
        "nombre_upz": "CARVAJAL",
        "estrato": "Estrato 3",
        "zona": "URBANA",
        "caracter_media": "Técnico",
        "lon": -74.1436400003612,
        "lat": 4.607760000520701,
        "codigo_localidad": "08",
        "q_j": 269.15666666666664,
        "puntaje_2023": 264.95,
        "punt_global_2020": 273.14,
        "punt_global_2022": 269.38,
        "matricula_total": 1848.0,
        "demanda_total": 2065.0,
        "sobre_demanda_j": 1.1174242424242424,
        "n_hogares_muestra": 2469.0,
        "poblacion_expandida": 89478.99999850002,
        "tasa_pobreza_monetaria": 0.3244571207253845,
        "tasa_pobreza_extrema": 0.0858933149848438,
        "tasa_ipm": 0.0412676531975312,
        "ingreso_percapita_promedio": 878070.4397056228,
        "capacidad_pago_promedio": 0.2447215180306784,
        "tamano_hogar_promedio": 3.5037879078024523,
        "gasto_educ_promedio": 248400.2587333203,
        "tasa_deficit_cuantitativo": 0.0109272029684774,
        "tasa_deficit_cualitativo": 0.1160162726580987,
        "tasa_deficit_habitacional": 0.1269434756265762,
        "pct_estrato_1": 0.0132996693963941,
        "pct_estrato_2": 0.2811856988647813,
        "pct_estrato_3": 0.7055146317388243,
        "pct_estrato_4": 0.0,
        "pct_estrato_5": 0.0,
        "pct_estrato_6": 0.0,
        "s0_localidad": 0.3719221758740453,
        "dist_transmilenio_m": 1360.7021461092631,
        "dist_sitp_m": 86.15963027804322,
        "dist_parque_m": 79.96103389905228,
        "homicidios": 277.0,
        "lesiones_personales": 5216.0,
        "hurto_personas": 45928.0,
        "hurto_residencias": 4574.0,
        "hurto_automotores": 2662.0,
        "hurto_bicicletas": 2842.0,
        "hurto_comercio": 11829.0,
        "hurto_entidades": 2994.0,
        "violencia_intrafam": 8341.0,
        "delitos_sexuales": 1353.0,
        "pct_no_oficial": 70.99,
        "n_sedes_total": 262,
        "n_sedes_no_oficial": 186
      }
    },
    {
      "type": "Feature",
      "geometry": {
        "type": "Point",
        "coordinates": [
          -74.09229999997787,
          4.725740000534299
        ]
      },
      "properties": {
        "DANE12_EST": "111001086665",
        "id_establecimiento": "111001086665",
        "nombre_establecimiento": "COLEGIO RAMON DE ZUBIRIA (IED)",
        "nombre_localidad": "Suba",
        "codigo_upz": "28",
        "nombre_upz": "EL RINCON",
        "estrato": "Estrato 2",
        "zona": "URBANA",
        "caracter_media": "Académico",
        "lon": -74.09229999997787,
        "lat": 4.725740000534299,
        "codigo_localidad": "11",
        "q_j": 238.4666666666667,
        "puntaje_2023": 240.77,
        "punt_global_2020": 242.07,
        "punt_global_2022": 232.56,
        "matricula_total": 3307.0,
        "demanda_total": 3637.0,
        "sobre_demanda_j": 1.0997883277895373,
        "n_hogares_muestra": 2382.0,
        "poblacion_expandida": 288983.999996,
        "tasa_pobreza_monetaria": 0.3937239387131291,
        "tasa_pobreza_extrema": 0.1074366146223657,
        "tasa_ipm": 0.0605278706414269,
        "ingreso_percapita_promedio": 736885.8395595187,
        "capacidad_pago_promedio": 0.3534176288099468,
        "tamano_hogar_promedio": 3.525641986305134,
        "gasto_educ_promedio": 229243.80352093693,
        "tasa_deficit_cuantitativo": 0.0020934378962446,
        "tasa_deficit_cualitativo": 0.1305752875097663,
        "tasa_deficit_habitacional": 0.132668725406011,
        "pct_estrato_1": 0.0094350357315205,
        "pct_estrato_2": 0.6161685875324056,
        "pct_estrato_3": 0.3631913363191484,
        "pct_estrato_4": 0.0,
        "pct_estrato_5": 0.0,
        "pct_estrato_6": 0.0,
        "s0_localidad": 0.5228297059197053,
        "dist_transmilenio_m": 1580.9058380932445,
        "dist_sitp_m": 121.99872877312356,
        "dist_parque_m": 192.94505396302108,
        "homicidios": 143.0,
        "lesiones_personales": 4117.0,
        "hurto_personas": 47285.0,
        "hurto_residencias": 5010.0,
        "hurto_automotores": 938.0,
        "hurto_bicicletas": 2774.0,
        "hurto_comercio": 12600.0,
        "hurto_entidades": 1324.0,
        "violencia_intrafam": 8047.0,
        "delitos_sexuales": 1387.0,
        "pct_no_oficial": 80.22,
        "n_sedes_total": 364,
        "n_sedes_no_oficial": 292
      }
    },
    {
      "type": "Feature",
      "geometry": {
        "type": "Point",
        "coordinates": [
          -74.0258200004085,
          4.76685000042591
        ]
      },
      "properties": {
        "DANE12_EST": "111001086681",
        "id_establecimiento": "111001086681",
        "nombre_establecimiento": "COLEGIO NUEVO HORIZONTE (IED)",
        "nombre_localidad": "Usaquen",
        "codigo_upz": "9",
        "nombre_upz": "VERBENAL",
        "estrato": "Estrato 2",
        "zona": "URBANA",
        "caracter_media": "Académico",
        "lon": -74.0258200004085,
        "lat": 4.76685000042591,
        "codigo_localidad": "01",
        "q_j": 243.22,
        "puntaje_2023": 241.15,
        "punt_global_2020": 240.87,
        "punt_global_2022": 247.64,
        "matricula_total": 2839.0,
        "demanda_total": 3139.0,
        "sobre_demanda_j": 1.1056710109193377,
        "n_hogares_muestra": 2513.0,
        "poblacion_expandida": 128723.9999975,
        "tasa_pobreza_monetaria": 0.2827421697368544,
        "tasa_pobreza_extrema": 0.0529029950206042,
        "tasa_ipm": 0.0490107222974932,
        "ingreso_percapita_promedio": 1102998.6224623476,
        "capacidad_pago_promedio": 0.2913941386122904,
        "tamano_hogar_promedio": 3.478807982777081,
        "gasto_educ_promedio": 430644.8686486139,
        "tasa_deficit_cuantitativo": 0.0074946427559642,
        "tasa_deficit_cualitativo": 0.1201964374436817,
        "tasa_deficit_habitacional": 0.1276910801996459,
        "pct_estrato_1": 0.0708979982891865,
        "pct_estrato_2": 0.2641141736238796,
        "pct_estrato_3": 0.5290367794577747,
        "pct_estrato_4": 0.1082964924052293,
        "pct_estrato_5": 0.0266078202554808,
        "pct_estrato_6": 0.0,
        "s0_localidad": 0.6414694924474655,
        "dist_transmilenio_m": 1979.3062394526503,
        "dist_sitp_m": 30.80145145172536,
        "dist_parque_m": 28.59420059925073,
        "homicidios": 93.0,
        "lesiones_personales": 1898.0,
        "hurto_personas": 34039.0,
        "hurto_residencias": 3332.0,
        "hurto_automotores": 363.0,
        "hurto_bicicletas": 1238.0,
        "hurto_comercio": 8366.0,
        "hurto_entidades": 408.0,
        "violencia_intrafam": 3095.0,
        "delitos_sexuales": 602.0,
        "pct_no_oficial": 78.79,
        "n_sedes_total": 132,
        "n_sedes_no_oficial": 104
      }
    },
    {
      "type": "Feature",
      "geometry": {
        "type": "Point",
        "coordinates": [
          -74.07489000028968,
          4.561329999896977
        ]
      },
      "properties": {
        "DANE12_EST": "111001086690",
        "id_establecimiento": "111001086690",
        "nombre_establecimiento": "COLEGIO EL MANANTIAL (CED)",
        "nombre_localidad": "San Cristobal",
        "codigo_upz": "UPR 2",
        "nombre_upz": "CERROS ORIENTALES",
        "estrato": "Estrato 1",
        "zona": "RURAL",
        "caracter_media": "Sin información",
        "lon": -74.07489000028968,
        "lat": 4.561329999896977,
        "codigo_localidad": "04",
        "q_j": null,
        "puntaje_2023": null,
        "punt_global_2020": null,
        "punt_global_2022": null,
        "matricula_total": null,
        "demanda_total": null,
        "sobre_demanda_j": null,
        "n_hogares_muestra": null,
        "poblacion_expandida": null,
        "tasa_pobreza_monetaria": null,
        "tasa_pobreza_extrema": null,
        "tasa_ipm": null,
        "ingreso_percapita_promedio": null,
        "capacidad_pago_promedio": null,
        "tamano_hogar_promedio": null,
        "gasto_educ_promedio": null,
        "tasa_deficit_cuantitativo": null,
        "tasa_deficit_cualitativo": null,
        "tasa_deficit_habitacional": null,
        "pct_estrato_1": null,
        "pct_estrato_2": null,
        "pct_estrato_3": null,
        "pct_estrato_4": null,
        "pct_estrato_5": null,
        "pct_estrato_6": null,
        "s0_localidad": 0.24275340378588084,
        "dist_transmilenio_m": 2499.741177083867,
        "dist_sitp_m": 540.3095068517536,
        "dist_parque_m": 120.79029681149974,
        "homicidios": 113.0,
        "lesiones_personales": 2653.0,
        "hurto_personas": 11264.0,
        "hurto_residencias": 1302.0,
        "hurto_automotores": 438.0,
        "hurto_bicicletas": 251.0,
        "hurto_comercio": 3279.0,
        "hurto_entidades": 810.0,
        "violencia_intrafam": 4309.0,
        "delitos_sexuales": 811.0,
        "pct_no_oficial": 49.61,
        "n_sedes_total": 129,
        "n_sedes_no_oficial": 64
      }
    },
    {
      "type": "Feature",
      "geometry": {
        "type": "Point",
        "coordinates": [
          -74.08840000010449,
          4.586089999924697
        ]
      },
      "properties": {
        "DANE12_EST": "111001086720",
        "id_establecimiento": "111001086720",
        "nombre_establecimiento": "COLEGIO TECNICO JAIME PARDO LEAL (IED)",
        "nombre_localidad": "Antonio Nariño",
        "codigo_upz": "35",
        "nombre_upz": "CIUDAD JARDIN",
        "estrato": "Estrato 2",
        "zona": "URBANA",
        "caracter_media": "Técnico",
        "lon": -74.08840000010449,
        "lat": 4.586089999924697,
        "codigo_localidad": "15",
        "q_j": 263.58,
        "puntaje_2023": 261.54,
        "punt_global_2020": 263.66,
        "punt_global_2022": 265.54,
        "matricula_total": 1196.0,
        "demanda_total": 1293.0,
        "sobre_demanda_j": 1.0811036789297659,
        "n_hogares_muestra": 2246.0,
        "poblacion_expandida": 26365.0000008,
        "tasa_pobreza_monetaria": 0.2802177195742775,
        "tasa_pobreza_extrema": 0.0827011278601873,
        "tasa_ipm": 0.0529626364216813,
        "ingreso_percapita_promedio": 1228521.5965978857,
        "capacidad_pago_promedio": 0.162327106719899,
        "tamano_hogar_promedio": 3.5069789351752103,
        "gasto_educ_promedio": 411790.46715159895,
        "tasa_deficit_cuantitativo": 0.0119082518297164,
        "tasa_deficit_cualitativo": 0.0978044882617772,
        "tasa_deficit_habitacional": 0.1097127400914936,
        "pct_estrato_1": 0.0,
        "pct_estrato_2": 0.2202656031679798,
        "pct_estrato_3": 0.7709651452032328,
        "pct_estrato_4": 0.0044012544053282,
        "pct_estrato_5": 0.0,
        "pct_estrato_6": 0.0,
        "s0_localidad": 0.4744712548125819,
        "dist_transmilenio_m": 148.01382901172258,
        "dist_sitp_m": 116.06382233214732,
        "dist_parque_m": 48.48848942262304,
        "homicidios": 25.0,
        "lesiones_personales": 789.0,
        "hurto_personas": 8646.0,
        "hurto_residencias": 610.0,
        "hurto_automotores": 380.0,
        "hurto_bicicletas": 271.0,
        "hurto_comercio": 2516.0,
        "hurto_entidades": 305.0,
        "violencia_intrafam": 849.0,
        "delitos_sexuales": 196.0,
        "pct_no_oficial": 69.05,
        "n_sedes_total": 42,
        "n_sedes_no_oficial": 29
      }
    },
    {
      "type": "Feature",
      "geometry": {
        "type": "Point",
        "coordinates": [
          -74.19491999957178,
          4.622360000504822
        ]
      },
      "properties": {
        "DANE12_EST": "111001086754",
        "id_establecimiento": "111001086754",
        "nombre_establecimiento": "COLEGIO LA CONCEPCION (IED)",
        "nombre_localidad": "Bosa",
        "codigo_upz": "84",
        "nombre_upz": "BOSA OCCIDENTAL",
        "estrato": "Estrato 2",
        "zona": "URBANA",
        "caracter_media": "Sin información",
        "lon": -74.19491999957178,
        "lat": 4.622360000504822,
        "codigo_localidad": "07",
        "q_j": 255.36333333333332,
        "puntaje_2023": 255.0,
        "punt_global_2020": 252.81,
        "punt_global_2022": 258.28,
        "matricula_total": 1686.0,
        "demanda_total": 1834.0,
        "sobre_demanda_j": 1.0877817319098457,
        "n_hogares_muestra": 2513.0,
        "poblacion_expandida": 199171.0000029,
        "tasa_pobreza_monetaria": 0.5522918237042458,
        "tasa_pobreza_extrema": 0.1879558875079952,
        "tasa_ipm": 0.0996822849647334,
        "ingreso_percapita_promedio": 536362.5788589469,
        "capacidad_pago_promedio": 0.5493628931456228,
        "tamano_hogar_promedio": 3.7633010092291874,
        "gasto_educ_promedio": 137178.08860508617,
        "tasa_deficit_cuantitativo": 0.0104317439329508,
        "tasa_deficit_cualitativo": 0.1768060546886206,
        "tasa_deficit_habitacional": 0.1872377986215714,
        "pct_estrato_1": 0.0242614269719469,
        "pct_estrato_2": 0.9753720865706926,
        "pct_estrato_3": 0.0,
        "pct_estrato_4": 0.0,
        "pct_estrato_5": 0.0,
        "pct_estrato_6": 0.0,
        "s0_localidad": 0.2763191613237501,
        "dist_transmilenio_m": 2545.6522730702873,
        "dist_sitp_m": 143.96982547305652,
        "dist_parque_m": 33.62315338567008,
        "homicidios": 209.0,
        "lesiones_personales": 3464.0,
        "hurto_personas": 19664.0,
        "hurto_residencias": 2638.0,
        "hurto_automotores": 681.0,
        "hurto_bicicletas": 1403.0,
        "hurto_comercio": 5397.0,
        "hurto_entidades": 1643.0,
        "violencia_intrafam": 7523.0,
        "delitos_sexuales": 1159.0,
        "pct_no_oficial": 55.7,
        "n_sedes_total": 149,
        "n_sedes_no_oficial": 83
      }
    },
    {
      "type": "Feature",
      "geometry": {
        "type": "Point",
        "coordinates": [
          -74.13978999981822,
          4.539389999917321
        ]
      },
      "properties": {
        "DANE12_EST": "111001086762",
        "id_establecimiento": "111001086762",
        "nombre_establecimiento": "COLEGIO EL MINUTO DE BUENOS AIRES (IED)",
        "nombre_localidad": "Ciudad Bolivar",
        "codigo_upz": "68",
        "nombre_upz": "EL TESORO",
        "estrato": "Estrato 1",
        "zona": "URBANA",
        "caracter_media": "Sin información",
        "lon": -74.13978999981822,
        "lat": 4.539389999917321,
        "codigo_localidad": "19",
        "q_j": null,
        "puntaje_2023": null,
        "punt_global_2020": null,
        "punt_global_2022": null,
        "matricula_total": 1150.0,
        "demanda_total": 1233.0,
        "sobre_demanda_j": 1.0721739130434782,
        "n_hogares_muestra": null,
        "poblacion_expandida": null,
        "tasa_pobreza_monetaria": null,
        "tasa_pobreza_extrema": null,
        "tasa_ipm": null,
        "ingreso_percapita_promedio": null,
        "capacidad_pago_promedio": null,
        "tamano_hogar_promedio": null,
        "gasto_educ_promedio": null,
        "tasa_deficit_cuantitativo": null,
        "tasa_deficit_cualitativo": null,
        "tasa_deficit_habitacional": null,
        "pct_estrato_1": null,
        "pct_estrato_2": null,
        "pct_estrato_3": null,
        "pct_estrato_4": null,
        "pct_estrato_5": null,
        "pct_estrato_6": null,
        "s0_localidad": 0.24641727799438962,
        "dist_transmilenio_m": 2152.1294771508424,
        "dist_sitp_m": 23.723578724612594,
        "dist_parque_m": 214.21583600763142,
        "homicidios": 450.0,
        "lesiones_personales": 4378.0,
        "hurto_personas": 16269.0,
        "hurto_residencias": 1893.0,
        "hurto_automotores": 870.0,
        "hurto_bicicletas": 472.0,
        "hurto_comercio": 4561.0,
        "hurto_entidades": 1620.0,
        "violencia_intrafam": 8567.0,
        "delitos_sexuales": 1433.0,
        "pct_no_oficial": 44.59,
        "n_sedes_total": 148,
        "n_sedes_no_oficial": 66
      }
    },
    {
      "type": "Feature",
      "geometry": {
        "type": "Point",
        "coordinates": [
          -74.16746999977188,
          4.6402800004204705
        ]
      },
      "properties": {
        "DANE12_EST": "111001086771",
        "id_establecimiento": "111001086771",
        "nombre_establecimiento": "COLEGIO INSTITUTO TECNICO RODRIGO DE TRIANA (IED)",
        "nombre_localidad": "Kennedy",
        "codigo_upz": "82",
        "nombre_upz": "PATIO BONITO",
        "estrato": "Estrato 2",
        "zona": "URBANA",
        "caracter_media": "Técnico",
        "lon": -74.16746999977188,
        "lat": 4.6402800004204705,
        "codigo_localidad": "08",
        "q_j": 257.42333333333335,
        "puntaje_2023": 262.4,
        "punt_global_2020": 248.64,
        "punt_global_2022": 261.23,
        "matricula_total": 2881.0,
        "demanda_total": 3099.0,
        "sobre_demanda_j": 1.0756681707740368,
        "n_hogares_muestra": 3134.0,
        "poblacion_expandida": 138658.00000200002,
        "tasa_pobreza_monetaria": 0.6585619570185843,
        "tasa_pobreza_extrema": 0.2523168302650793,
        "tasa_ipm": 0.1284792567449627,
        "ingreso_percapita_promedio": 447236.7594871012,
        "capacidad_pago_promedio": 0.6481882147939796,
        "tamano_hogar_promedio": 3.7817963159676062,
        "gasto_educ_promedio": 124887.69466509685,
        "tasa_deficit_cuantitativo": 0.0269346346755768,
        "tasa_deficit_cualitativo": 0.2198651124468856,
        "tasa_deficit_habitacional": 0.2467997471224624,
        "pct_estrato_1": 0.0272882212569445,
        "pct_estrato_2": 0.9722349168079414,
        "pct_estrato_3": 0.000476861935114,
        "pct_estrato_4": 0.0,
        "pct_estrato_5": 0.0,
        "pct_estrato_6": 0.0,
        "s0_localidad": 0.3719221758740453,
        "dist_transmilenio_m": 850.5351341552284,
        "dist_sitp_m": 17.582554589603266,
        "dist_parque_m": 155.10440575498197,
        "homicidios": 277.0,
        "lesiones_personales": 5216.0,
        "hurto_personas": 45928.0,
        "hurto_residencias": 4574.0,
        "hurto_automotores": 2662.0,
        "hurto_bicicletas": 2842.0,
        "hurto_comercio": 11829.0,
        "hurto_entidades": 2994.0,
        "violencia_intrafam": 8341.0,
        "delitos_sexuales": 1353.0,
        "pct_no_oficial": 70.99,
        "n_sedes_total": 262,
        "n_sedes_no_oficial": 186
      }
    },
    {
      "type": "Feature",
      "geometry": {
        "type": "Point",
        "coordinates": [
          -74.09320999964888,
          4.5762599999619304
        ]
      },
      "properties": {
        "DANE12_EST": "111001086789",
        "id_establecimiento": "111001086789",
        "nombre_establecimiento": "COLEGIO RAFAEL NUÑEZ (IED)",
        "nombre_localidad": "San Cristobal",
        "codigo_upz": "33",
        "nombre_upz": "SOSIEGO",
        "estrato": "Estrato 3",
        "zona": "URBANA",
        "caracter_media": "Académico",
        "lon": -74.09320999964888,
        "lat": 4.5762599999619304,
        "codigo_localidad": "04",
        "q_j": 263.02,
        "puntaje_2023": 260.77,
        "punt_global_2020": 271.9,
        "punt_global_2022": 256.39,
        "matricula_total": 772.0,
        "demanda_total": 820.0,
        "sobre_demanda_j": 1.0621761658031088,
        "n_hogares_muestra": 2142.0,
        "poblacion_expandida": 44028.000002,
        "tasa_pobreza_monetaria": 0.2922676293157868,
        "tasa_pobreza_extrema": 0.1048946791993779,
        "tasa_ipm": 0.0383286416353989,
        "ingreso_percapita_promedio": 1027486.805516976,
        "capacidad_pago_promedio": 0.1922017177186244,
        "tamano_hogar_promedio": 3.490771427982612,
        "gasto_educ_promedio": 308150.2784604551,
        "tasa_deficit_cuantitativo": 0.0035378109383329,
        "tasa_deficit_cualitativo": 0.0844290801428895,
        "tasa_deficit_habitacional": 0.0879668910812225,
        "pct_estrato_1": 0.0,
        "pct_estrato_2": 0.284426128775578,
        "pct_estrato_3": 0.7155738712244221,
        "pct_estrato_4": 0.0,
        "pct_estrato_5": 0.0,
        "pct_estrato_6": 0.0,
        "s0_localidad": 0.24275340378588084,
        "dist_transmilenio_m": 93.64736737837835,
        "dist_sitp_m": 35.068542860647824,
        "dist_parque_m": 68.01459099662485,
        "homicidios": 113.0,
        "lesiones_personales": 2653.0,
        "hurto_personas": 11264.0,
        "hurto_residencias": 1302.0,
        "hurto_automotores": 438.0,
        "hurto_bicicletas": 251.0,
        "hurto_comercio": 3279.0,
        "hurto_entidades": 810.0,
        "violencia_intrafam": 4309.0,
        "delitos_sexuales": 811.0,
        "pct_no_oficial": 49.61,
        "n_sedes_total": 129,
        "n_sedes_no_oficial": 64
      }
    },
    {
      "type": "Feature",
      "geometry": {
        "type": "Point",
        "coordinates": [
          -74.16470999972329,
          4.577979999893557
        ]
      },
      "properties": {
        "DANE12_EST": "111001086801",
        "id_establecimiento": "111001086801",
        "nombre_establecimiento": "COLEGIO CEDID CIUDAD BOLIVAR (IED)",
        "nombre_localidad": "Ciudad Bolivar",
        "codigo_upz": "69",
        "nombre_upz": "ISMAEL PERDOMO",
        "estrato": "Sin estrato",
        "zona": "URBANA",
        "caracter_media": "Académico",
        "lon": -74.16470999972329,
        "lat": 4.577979999893557,
        "codigo_localidad": "19",
        "q_j": 239.89000000000001,
        "puntaje_2023": 243.88,
        "punt_global_2020": 236.61,
        "punt_global_2022": 239.18,
        "matricula_total": 4530.0,
        "demanda_total": 5167.0,
        "sobre_demanda_j": 1.140618101545254,
        "n_hogares_muestra": 2366.0,
        "poblacion_expandida": 164520.000002,
        "tasa_pobreza_monetaria": 0.5154591657334616,
        "tasa_pobreza_extrema": 0.1613228629192643,
        "tasa_ipm": 0.1120384549706778,
        "ingreso_percapita_promedio": 615523.9462379344,
        "capacidad_pago_promedio": 0.5271605075896285,
        "tamano_hogar_promedio": 3.809864504438854,
        "gasto_educ_promedio": 155800.1338993075,
        "tasa_deficit_cuantitativo": 0.0209367304088142,
        "tasa_deficit_cualitativo": 0.1935707537570682,
        "tasa_deficit_habitacional": 0.2145074841658825,
        "pct_estrato_1": 0.4453212904693007,
        "pct_estrato_2": 0.4547796296212645,
        "pct_estrato_3": 0.0998990799094347,
        "pct_estrato_4": 0.0,
        "pct_estrato_5": 0.0,
        "pct_estrato_6": 0.0,
        "s0_localidad": 0.24641727799438962,
        "dist_transmilenio_m": 1980.3445646356863,
        "dist_sitp_m": 203.5440228325599,
        "dist_parque_m": 242.1163349681954,
        "homicidios": 450.0,
        "lesiones_personales": 4378.0,
        "hurto_personas": 16269.0,
        "hurto_residencias": 1893.0,
        "hurto_automotores": 870.0,
        "hurto_bicicletas": 472.0,
        "hurto_comercio": 4561.0,
        "hurto_entidades": 1620.0,
        "violencia_intrafam": 8567.0,
        "delitos_sexuales": 1433.0,
        "pct_no_oficial": 44.59,
        "n_sedes_total": 148,
        "n_sedes_no_oficial": 66
      }
    },
    {
      "type": "Feature",
      "geometry": {
        "type": "Point",
        "coordinates": [
          -74.16958000044046,
          4.574860000506683
        ]
      },
      "properties": {
        "DANE12_EST": "111001086835",
        "id_establecimiento": "111001086835",
        "nombre_establecimiento": "COLEGIO SIERRA MORENA (IED)",
        "nombre_localidad": "Ciudad Bolivar",
        "codigo_upz": "69",
        "nombre_upz": "ISMAEL PERDOMO",
        "estrato": "Sin estrato",
        "zona": "URBANA",
        "caracter_media": "Académico",
        "lon": -74.16958000044046,
        "lat": 4.574860000506683,
        "codigo_localidad": "19",
        "q_j": 232.70000000000002,
        "puntaje_2023": 239.17,
        "punt_global_2020": 226.22,
        "punt_global_2022": 232.71,
        "matricula_total": 4973.0,
        "demanda_total": 5603.0,
        "sobre_demanda_j": 1.1266840941081842,
        "n_hogares_muestra": 2366.0,
        "poblacion_expandida": 164520.000002,
        "tasa_pobreza_monetaria": 0.5154591657334616,
        "tasa_pobreza_extrema": 0.1613228629192643,
        "tasa_ipm": 0.1120384549706778,
        "ingreso_percapita_promedio": 615523.9462379344,
        "capacidad_pago_promedio": 0.5271605075896285,
        "tamano_hogar_promedio": 3.809864504438854,
        "gasto_educ_promedio": 155800.1338993075,
        "tasa_deficit_cuantitativo": 0.0209367304088142,
        "tasa_deficit_cualitativo": 0.1935707537570682,
        "tasa_deficit_habitacional": 0.2145074841658825,
        "pct_estrato_1": 0.4453212904693007,
        "pct_estrato_2": 0.4547796296212645,
        "pct_estrato_3": 0.0998990799094347,
        "pct_estrato_4": 0.0,
        "pct_estrato_5": 0.0,
        "pct_estrato_6": 0.0,
        "s0_localidad": 0.24641727799438962,
        "dist_transmilenio_m": 2382.5077129082133,
        "dist_sitp_m": 94.04121644045185,
        "dist_parque_m": 105.47818699566788,
        "homicidios": 450.0,
        "lesiones_personales": 4378.0,
        "hurto_personas": 16269.0,
        "hurto_residencias": 1893.0,
        "hurto_automotores": 870.0,
        "hurto_bicicletas": 472.0,
        "hurto_comercio": 4561.0,
        "hurto_entidades": 1620.0,
        "violencia_intrafam": 8567.0,
        "delitos_sexuales": 1433.0,
        "pct_no_oficial": 44.59,
        "n_sedes_total": 148,
        "n_sedes_no_oficial": 66
      }
    },
    {
      "type": "Feature",
      "geometry": {
        "type": "Point",
        "coordinates": [
          -74.17608999967632,
          4.5927000000608444
        ]
      },
      "properties": {
        "DANE12_EST": "111001092410",
        "id_establecimiento": "111001092410",
        "nombre_establecimiento": "COLEGIO LA ESTANCIA - SAN ISIDRO LABRADOR (IED)",
        "nombre_localidad": "Ciudad Bolivar",
        "codigo_upz": "69",
        "nombre_upz": "ISMAEL PERDOMO",
        "estrato": "Estrato 2",
        "zona": "URBANA",
        "caracter_media": "Académico",
        "lon": -74.17608999967632,
        "lat": 4.5927000000608444,
        "codigo_localidad": "19",
        "q_j": 240.88333333333333,
        "puntaje_2023": 244.09,
        "punt_global_2020": 237.17,
        "punt_global_2022": 241.39,
        "matricula_total": 2456.0,
        "demanda_total": 2705.0,
        "sobre_demanda_j": 1.101384364820847,
        "n_hogares_muestra": 2366.0,
        "poblacion_expandida": 164520.000002,
        "tasa_pobreza_monetaria": 0.5154591657334616,
        "tasa_pobreza_extrema": 0.1613228629192643,
        "tasa_ipm": 0.1120384549706778,
        "ingreso_percapita_promedio": 615523.9462379344,
        "capacidad_pago_promedio": 0.5271605075896285,
        "tamano_hogar_promedio": 3.809864504438854,
        "gasto_educ_promedio": 155800.1338993075,
        "tasa_deficit_cuantitativo": 0.0209367304088142,
        "tasa_deficit_cualitativo": 0.1935707537570682,
        "tasa_deficit_habitacional": 0.2145074841658825,
        "pct_estrato_1": 0.4453212904693007,
        "pct_estrato_2": 0.4547796296212645,
        "pct_estrato_3": 0.0998990799094347,
        "pct_estrato_4": 0.0,
        "pct_estrato_5": 0.0,
        "pct_estrato_6": 0.0,
        "s0_localidad": 0.24641727799438962,
        "dist_transmilenio_m": 735.3835681069083,
        "dist_sitp_m": 86.51426601627175,
        "dist_parque_m": 85.6741040323458,
        "homicidios": 450.0,
        "lesiones_personales": 4378.0,
        "hurto_personas": 16269.0,
        "hurto_residencias": 1893.0,
        "hurto_automotores": 870.0,
        "hurto_bicicletas": 472.0,
        "hurto_comercio": 4561.0,
        "hurto_entidades": 1620.0,
        "violencia_intrafam": 8567.0,
        "delitos_sexuales": 1433.0,
        "pct_no_oficial": 44.59,
        "n_sedes_total": 148,
        "n_sedes_no_oficial": 66
      }
    },
    {
      "type": "Feature",
      "geometry": {
        "type": "Point",
        "coordinates": [
          -74.05444000017042,
          4.749830000238859
        ]
      },
      "properties": {
        "DANE12_EST": "111001092983",
        "id_establecimiento": "111001092983",
        "nombre_establecimiento": "COLEGIO VISTA BELLA (IED)",
        "nombre_localidad": "Suba",
        "codigo_upz": "18",
        "nombre_upz": "BRITALIA",
        "estrato": "Estrato 3",
        "zona": "URBANA",
        "caracter_media": "Académico",
        "lon": -74.05444000017042,
        "lat": 4.749830000238859,
        "codigo_localidad": "11",
        "q_j": null,
        "puntaje_2023": null,
        "punt_global_2020": null,
        "punt_global_2022": null,
        "matricula_total": null,
        "demanda_total": null,
        "sobre_demanda_j": null,
        "n_hogares_muestra": 2252.0,
        "poblacion_expandida": 94099.0000031,
        "tasa_pobreza_monetaria": 0.0860440114638121,
        "tasa_pobreza_extrema": 0.0283030307507227,
        "tasa_ipm": 0.0201477273885752,
        "ingreso_percapita_promedio": 2128942.199888271,
        "capacidad_pago_promedio": 0.048922777026837,
        "tamano_hogar_promedio": 3.161901956221619,
        "gasto_educ_promedio": 749895.7913699095,
        "tasa_deficit_cuantitativo": 0.0022137332808333,
        "tasa_deficit_cualitativo": 0.0530285108485277,
        "tasa_deficit_habitacional": 0.055242244129361,
        "pct_estrato_1": 0.0004029834929037,
        "pct_estrato_2": 0.0142308606824289,
        "pct_estrato_3": 0.647737200580155,
        "pct_estrato_4": 0.2931855794779023,
        "pct_estrato_5": 0.0444433757666099,
        "pct_estrato_6": 0.0,
        "s0_localidad": 0.5228297059197053,
        "dist_transmilenio_m": 893.43500244451,
        "dist_sitp_m": 77.1268056023786,
        "dist_parque_m": 23.575913766598443,
        "homicidios": 143.0,
        "lesiones_personales": 4117.0,
        "hurto_personas": 47285.0,
        "hurto_residencias": 5010.0,
        "hurto_automotores": 938.0,
        "hurto_bicicletas": 2774.0,
        "hurto_comercio": 12600.0,
        "hurto_entidades": 1324.0,
        "violencia_intrafam": 8047.0,
        "delitos_sexuales": 1387.0,
        "pct_no_oficial": 80.22,
        "n_sedes_total": 364,
        "n_sedes_no_oficial": 292
      }
    },
    {
      "type": "Feature",
      "geometry": {
        "type": "Point",
        "coordinates": [
          -74.09698999987168,
          4.7303300005782
        ]
      },
      "properties": {
        "DANE12_EST": "111001093084",
        "id_establecimiento": "111001093084",
        "nombre_establecimiento": "COLEGIO ALVARO GOMEZ HURTADO (IED)",
        "nombre_localidad": "Suba",
        "codigo_upz": "28",
        "nombre_upz": "EL RINCON",
        "estrato": "Estrato 2",
        "zona": "URBANA",
        "caracter_media": "Académico",
        "lon": -74.09698999987168,
        "lat": 4.7303300005782,
        "codigo_localidad": "11",
        "q_j": 240.91333333333333,
        "puntaje_2023": 244.52,
        "punt_global_2020": 236.26,
        "punt_global_2022": 241.96,
        "matricula_total": 3211.0,
        "demanda_total": 3667.0,
        "sobre_demanda_j": 1.1420118343195267,
        "n_hogares_muestra": 2382.0,
        "poblacion_expandida": 288983.999996,
        "tasa_pobreza_monetaria": 0.3937239387131291,
        "tasa_pobreza_extrema": 0.1074366146223657,
        "tasa_ipm": 0.0605278706414269,
        "ingreso_percapita_promedio": 736885.8395595187,
        "capacidad_pago_promedio": 0.3534176288099468,
        "tamano_hogar_promedio": 3.525641986305134,
        "gasto_educ_promedio": 229243.80352093693,
        "tasa_deficit_cuantitativo": 0.0020934378962446,
        "tasa_deficit_cualitativo": 0.1305752875097663,
        "tasa_deficit_habitacional": 0.132668725406011,
        "pct_estrato_1": 0.0094350357315205,
        "pct_estrato_2": 0.6161685875324056,
        "pct_estrato_3": 0.3631913363191484,
        "pct_estrato_4": 0.0,
        "pct_estrato_5": 0.0,
        "pct_estrato_6": 0.0,
        "s0_localidad": 0.5228297059197053,
        "dist_transmilenio_m": 1464.0200179712022,
        "dist_sitp_m": 15.556302319855073,
        "dist_parque_m": 169.2387007467236,
        "homicidios": 143.0,
        "lesiones_personales": 4117.0,
        "hurto_personas": 47285.0,
        "hurto_residencias": 5010.0,
        "hurto_automotores": 938.0,
        "hurto_bicicletas": 2774.0,
        "hurto_comercio": 12600.0,
        "hurto_entidades": 1324.0,
        "violencia_intrafam": 8047.0,
        "delitos_sexuales": 1387.0,
        "pct_no_oficial": 80.22,
        "n_sedes_total": 364,
        "n_sedes_no_oficial": 292
      }
    },
    {
      "type": "Feature",
      "geometry": {
        "type": "Point",
        "coordinates": [
          -74.10700999989191,
          4.502810000355228
        ]
      },
      "properties": {
        "DANE12_EST": "111001094439",
        "id_establecimiento": "111001094439",
        "nombre_establecimiento": "COLEGIO FERNANDO GONZALEZ OCHOA (IED)",
        "nombre_localidad": "Usme",
        "codigo_upz": "58",
        "nombre_upz": "COMUNEROS",
        "estrato": "Estrato 2",
        "zona": "URBANA",
        "caracter_media": "Académico",
        "lon": -74.10700999989191,
        "lat": 4.502810000355228,
        "codigo_localidad": "05",
        "q_j": 250.36333333333334,
        "puntaje_2023": 253.46,
        "punt_global_2020": 250.61,
        "punt_global_2022": 247.02,
        "matricula_total": 2108.0,
        "demanda_total": 2201.0,
        "sobre_demanda_j": 1.0441176470588236,
        "n_hogares_muestra": 2461.0,
        "poblacion_expandida": 98789.9999997,
        "tasa_pobreza_monetaria": 0.5463223495319759,
        "tasa_pobreza_extrema": 0.1430068890428474,
        "tasa_ipm": 0.0808793279686634,
        "ingreso_percapita_promedio": 538295.1485405599,
        "capacidad_pago_promedio": 0.6418885111488265,
        "tamano_hogar_promedio": 3.78760632903772,
        "gasto_educ_promedio": 85874.88811383818,
        "tasa_deficit_cuantitativo": 0.0237107379320489,
        "tasa_deficit_cualitativo": 0.1587196053178218,
        "tasa_deficit_habitacional": 0.1824303432498707,
        "pct_estrato_1": 0.4316831555524801,
        "pct_estrato_2": 0.5647227497800326,
        "pct_estrato_3": 0.0035940946674873,
        "pct_estrato_4": 0.0,
        "pct_estrato_5": 0.0,
        "pct_estrato_6": 0.0,
        "s0_localidad": 0.1806550335776531,
        "dist_transmilenio_m": 3494.800164098879,
        "dist_sitp_m": 140.4832508944899,
        "dist_parque_m": 114.14381733853278,
        "homicidios": 171.0,
        "lesiones_personales": 2562.0,
        "hurto_personas": 8404.0,
        "hurto_residencias": 1452.0,
        "hurto_automotores": 311.0,
        "hurto_bicicletas": 146.0,
        "hurto_comercio": 2308.0,
        "hurto_entidades": 623.0,
        "violencia_intrafam": 3963.0,
        "delitos_sexuales": 923.0,
        "pct_no_oficial": 33.03,
        "n_sedes_total": 109,
        "n_sedes_no_oficial": 36
      }
    },
    {
      "type": "Feature",
      "geometry": {
        "type": "Point",
        "coordinates": [
          -74.1134299996144,
          4.743560000243744
        ]
      },
      "properties": {
        "DANE12_EST": "111001094889",
        "id_establecimiento": "111001094889",
        "nombre_establecimiento": "COLEGIO LA TOSCANA - LISBOA (IED)",
        "nombre_localidad": "Suba",
        "codigo_upz": "71",
        "nombre_upz": "TIBABUYES",
        "estrato": "Sin estrato",
        "zona": "URBANA",
        "caracter_media": "Académico",
        "lon": -74.1134299996144,
        "lat": 4.743560000243744,
        "codigo_localidad": "11",
        "q_j": 253.42999999999998,
        "puntaje_2023": 262.48,
        "punt_global_2020": 247.41,
        "punt_global_2022": 250.4,
        "matricula_total": 2256.0,
        "demanda_total": 2853.0,
        "sobre_demanda_j": 1.264627659574468,
        "n_hogares_muestra": 2573.0,
        "poblacion_expandida": 297101.9999961,
        "tasa_pobreza_monetaria": 0.4456968888729736,
        "tasa_pobreza_extrema": 0.1490413708291471,
        "tasa_ipm": 0.0547952712557091,
        "ingreso_percapita_promedio": 644941.2180258469,
        "capacidad_pago_promedio": 0.4503924567810265,
        "tamano_hogar_promedio": 3.863038542648874,
        "gasto_educ_promedio": 238418.55806301135,
        "tasa_deficit_cuantitativo": 0.0083614290907924,
        "tasa_deficit_cualitativo": 0.1447133755318523,
        "tasa_deficit_habitacional": 0.1530748046226447,
        "pct_estrato_1": 0.0023181771173167,
        "pct_estrato_2": 0.8509075995924582,
        "pct_estrato_3": 0.1452201069826738,
        "pct_estrato_4": 0.0015541163075511,
        "pct_estrato_5": 0.0,
        "pct_estrato_6": 0.0,
        "s0_localidad": 0.5228297059197053,
        "dist_transmilenio_m": 2152.8499936999337,
        "dist_sitp_m": 30.27549071573712,
        "dist_parque_m": 11.799216438161201,
        "homicidios": 143.0,
        "lesiones_personales": 4117.0,
        "hurto_personas": 47285.0,
        "hurto_residencias": 5010.0,
        "hurto_automotores": 938.0,
        "hurto_bicicletas": 2774.0,
        "hurto_comercio": 12600.0,
        "hurto_entidades": 1324.0,
        "violencia_intrafam": 8047.0,
        "delitos_sexuales": 1387.0,
        "pct_no_oficial": 80.22,
        "n_sedes_total": 364,
        "n_sedes_no_oficial": 292
      }
    },
    {
      "type": "Feature",
      "geometry": {
        "type": "Point",
        "coordinates": [
          -74.07422999996561,
          4.638110000512349
        ]
      },
      "properties": {
        "DANE12_EST": "111001094897",
        "id_establecimiento": "111001094897",
        "nombre_establecimiento": "COLEGIO TECNICO PALERMO (IED)",
        "nombre_localidad": "Teusaquillo",
        "codigo_upz": "100",
        "nombre_upz": "GALERIAS",
        "estrato": "Estrato 3",
        "zona": "URBANA",
        "caracter_media": "Técnico",
        "lon": -74.07422999996561,
        "lat": 4.638110000512349,
        "codigo_localidad": "13",
        "q_j": 278.12666666666667,
        "puntaje_2023": 277.6,
        "punt_global_2020": 273.93,
        "punt_global_2022": 282.85,
        "matricula_total": 1275.0,
        "demanda_total": 1428.0,
        "sobre_demanda_j": 1.12,
        "n_hogares_muestra": 2367.0,
        "poblacion_expandida": 39000.9999961,
        "tasa_pobreza_monetaria": 0.1300010708368248,
        "tasa_pobreza_extrema": 0.0827687630938385,
        "tasa_ipm": 0.0142467558384544,
        "ingreso_percapita_promedio": 2456485.9569471865,
        "capacidad_pago_promedio": 0.0564210315868834,
        "tamano_hogar_promedio": 2.6386756289323565,
        "gasto_educ_promedio": 480391.03602248005,
        "tasa_deficit_cuantitativo": 0.0034138883237177,
        "tasa_deficit_cualitativo": 0.0592894248232411,
        "tasa_deficit_habitacional": 0.0627033131469588,
        "pct_estrato_1": 0.0013790921105966,
        "pct_estrato_2": 0.0,
        "pct_estrato_3": 0.4503994729995785,
        "pct_estrato_4": 0.5458095137414081,
        "pct_estrato_5": 0.0,
        "pct_estrato_6": 0.0,
        "s0_localidad": 0.6619776760477224,
        "dist_transmilenio_m": 575.4194780072118,
        "dist_sitp_m": 35.14539541643743,
        "dist_parque_m": 191.42901213527344,
        "homicidios": 12.0,
        "lesiones_personales": 1046.0,
        "hurto_personas": 26559.0,
        "hurto_residencias": 1777.0,
        "hurto_automotores": 313.0,
        "hurto_bicicletas": 967.0,
        "hurto_comercio": 7306.0,
        "hurto_entidades": 237.0,
        "violencia_intrafam": 1265.0,
        "delitos_sexuales": 415.0,
        "pct_no_oficial": 94.92,
        "n_sedes_total": 59,
        "n_sedes_no_oficial": 56
      }
    },
    {
      "type": "Feature",
      "geometry": {
        "type": "Point",
        "coordinates": [
          -74.0645699997955,
          4.6176800004189555
        ]
      },
      "properties": {
        "DANE12_EST": "111001094901",
        "id_establecimiento": "111001094901",
        "nombre_establecimiento": "COLEGIO MANUEL ELKIN PATARROYO (IED)",
        "nombre_localidad": "Santa Fe",
        "codigo_upz": "92",
        "nombre_upz": "LA MACARENA",
        "estrato": "Estrato 2",
        "zona": "URBANA",
        "caracter_media": "Académico",
        "lon": -74.0645699997955,
        "lat": 4.6176800004189555,
        "codigo_localidad": "03",
        "q_j": 264.24,
        "puntaje_2023": 266.92,
        "punt_global_2020": 265.16,
        "punt_global_2022": 260.64,
        "matricula_total": 409.0,
        "demanda_total": 435.0,
        "sobre_demanda_j": 1.0635696821515892,
        "n_hogares_muestra": 2114.0,
        "poblacion_expandida": 12306.0000009,
        "tasa_pobreza_monetaria": 0.3174336304253462,
        "tasa_pobreza_extrema": 0.1538255060508335,
        "tasa_ipm": 0.0741551942087811,
        "ingreso_percapita_promedio": 1771407.661383216,
        "capacidad_pago_promedio": 0.2092494392013388,
        "tamano_hogar_promedio": 3.2781323452583844,
        "gasto_educ_promedio": 426611.646352513,
        "tasa_deficit_cuantitativo": 0.0135371449933216,
        "tasa_deficit_cualitativo": 0.1104267609459301,
        "tasa_deficit_habitacional": 0.1239639059392517,
        "pct_estrato_1": 0.003069231894786,
        "pct_estrato_2": 0.5798833074336182,
        "pct_estrato_3": 0.2341926681528706,
        "pct_estrato_4": 0.1783947962408129,
        "pct_estrato_5": 0.0012613401266751,
        "pct_estrato_6": 0.0,
        "s0_localidad": 0.26720847821961147,
        "dist_transmilenio_m": 582.6986329469505,
        "dist_sitp_m": 32.77810856441007,
        "dist_parque_m": 71.58693275883687,
        "homicidios": 113.0,
        "lesiones_personales": 1683.0,
        "hurto_personas": 25139.0,
        "hurto_residencias": 580.0,
        "hurto_automotores": 128.0,
        "hurto_bicicletas": 443.0,
        "hurto_comercio": 7043.0,
        "hurto_entidades": 180.0,
        "violencia_intrafam": 1602.0,
        "delitos_sexuales": 514.0,
        "pct_no_oficial": 44.83,
        "n_sedes_total": 29,
        "n_sedes_no_oficial": 13
      }
    },
    {
      "type": "Feature",
      "geometry": {
        "type": "Point",
        "coordinates": [
          -74.16494999992278,
          4.578289999904901
        ]
      },
      "properties": {
        "DANE12_EST": "111001096555",
        "id_establecimiento": "111001096555",
        "nombre_establecimiento": "COLEGIO CIUDAD BOLIVAR - ARGENTINA (IED)",
        "nombre_localidad": "Ciudad Bolivar",
        "codigo_upz": "69",
        "nombre_upz": "ISMAEL PERDOMO",
        "estrato": "Sin estrato",
        "zona": "URBANA",
        "caracter_media": "Académico",
        "lon": -74.16494999992278,
        "lat": 4.578289999904901,
        "codigo_localidad": "19",
        "q_j": 255.27666666666664,
        "puntaje_2023": 265.39,
        "punt_global_2020": 251.12,
        "punt_global_2022": 249.32,
        "matricula_total": 1989.0,
        "demanda_total": 2091.0,
        "sobre_demanda_j": 1.0512820512820513,
        "n_hogares_muestra": 2366.0,
        "poblacion_expandida": 164520.000002,
        "tasa_pobreza_monetaria": 0.5154591657334616,
        "tasa_pobreza_extrema": 0.1613228629192643,
        "tasa_ipm": 0.1120384549706778,
        "ingreso_percapita_promedio": 615523.9462379344,
        "capacidad_pago_promedio": 0.5271605075896285,
        "tamano_hogar_promedio": 3.809864504438854,
        "gasto_educ_promedio": 155800.1338993075,
        "tasa_deficit_cuantitativo": 0.0209367304088142,
        "tasa_deficit_cualitativo": 0.1935707537570682,
        "tasa_deficit_habitacional": 0.2145074841658825,
        "pct_estrato_1": 0.4453212904693007,
        "pct_estrato_2": 0.4547796296212645,
        "pct_estrato_3": 0.0998990799094347,
        "pct_estrato_4": 0.0,
        "pct_estrato_5": 0.0,
        "pct_estrato_6": 0.0,
        "s0_localidad": 0.24641727799438962,
        "dist_transmilenio_m": 1945.666107763744,
        "dist_sitp_m": 174.5064196407732,
        "dist_parque_m": 229.99552104447233,
        "homicidios": 450.0,
        "lesiones_personales": 4378.0,
        "hurto_personas": 16269.0,
        "hurto_residencias": 1893.0,
        "hurto_automotores": 870.0,
        "hurto_bicicletas": 472.0,
        "hurto_comercio": 4561.0,
        "hurto_entidades": 1620.0,
        "violencia_intrafam": 8567.0,
        "delitos_sexuales": 1433.0,
        "pct_no_oficial": 44.59,
        "n_sedes_total": 148,
        "n_sedes_no_oficial": 66
      }
    },
    {
      "type": "Feature",
      "geometry": {
        "type": "Point",
        "coordinates": [
          -74.02405000039685,
          4.764370000036219
        ]
      },
      "properties": {
        "DANE12_EST": "111001098612",
        "id_establecimiento": "111001098612",
        "nombre_establecimiento": "COLEGIO LA ESTRELLITA (IED)",
        "nombre_localidad": "Usaquen",
        "codigo_upz": "9",
        "nombre_upz": "VERBENAL",
        "estrato": "Estrato 2",
        "zona": "URBANA",
        "caracter_media": "Académico",
        "lon": -74.02405000039685,
        "lat": 4.764370000036219,
        "codigo_localidad": "01",
        "q_j": 249.83333333333334,
        "puntaje_2023": 253.08,
        "punt_global_2020": 248.34,
        "punt_global_2022": 248.08,
        "matricula_total": 1220.0,
        "demanda_total": 1387.0,
        "sobre_demanda_j": 1.1368852459016394,
        "n_hogares_muestra": 2513.0,
        "poblacion_expandida": 128723.9999975,
        "tasa_pobreza_monetaria": 0.2827421697368544,
        "tasa_pobreza_extrema": 0.0529029950206042,
        "tasa_ipm": 0.0490107222974932,
        "ingreso_percapita_promedio": 1102998.6224623476,
        "capacidad_pago_promedio": 0.2913941386122904,
        "tamano_hogar_promedio": 3.478807982777081,
        "gasto_educ_promedio": 430644.8686486139,
        "tasa_deficit_cuantitativo": 0.0074946427559642,
        "tasa_deficit_cualitativo": 0.1201964374436817,
        "tasa_deficit_habitacional": 0.1276910801996459,
        "pct_estrato_1": 0.0708979982891865,
        "pct_estrato_2": 0.2641141736238796,
        "pct_estrato_3": 0.5290367794577747,
        "pct_estrato_4": 0.1082964924052293,
        "pct_estrato_5": 0.0266078202554808,
        "pct_estrato_6": 0.0,
        "s0_localidad": 0.6414694924474655,
        "dist_transmilenio_m": 2219.138874177433,
        "dist_sitp_m": 28.883919613630038,
        "dist_parque_m": 60.45047757276238,
        "homicidios": 93.0,
        "lesiones_personales": 1898.0,
        "hurto_personas": 34039.0,
        "hurto_residencias": 3332.0,
        "hurto_automotores": 363.0,
        "hurto_bicicletas": 1238.0,
        "hurto_comercio": 8366.0,
        "hurto_entidades": 408.0,
        "violencia_intrafam": 3095.0,
        "delitos_sexuales": 602.0,
        "pct_no_oficial": 78.79,
        "n_sedes_total": 132,
        "n_sedes_no_oficial": 104
      }
    },
    {
      "type": "Feature",
      "geometry": {
        "type": "Point",
        "coordinates": [
          -74.09576999968095,
          4.541460000108989
        ]
      },
      "properties": {
        "DANE12_EST": "111001098817",
        "id_establecimiento": "111001098817",
        "nombre_establecimiento": "COLEGIO NUEVA ROMA (IED)",
        "nombre_localidad": "San Cristobal",
        "codigo_upz": "51",
        "nombre_upz": "LOS LIBERTADORES",
        "estrato": "Estrato 2",
        "zona": "URBANA",
        "caracter_media": "Académico",
        "lon": -74.09576999968095,
        "lat": 4.541460000108989,
        "codigo_localidad": "04",
        "q_j": 259.3966666666667,
        "puntaje_2023": 253.85,
        "punt_global_2020": 259.43,
        "punt_global_2022": 264.91,
        "matricula_total": 1149.0,
        "demanda_total": 1223.0,
        "sobre_demanda_j": 1.0644038294168843,
        "n_hogares_muestra": 2692.0,
        "poblacion_expandida": 77733.99999669999,
        "tasa_pobreza_monetaria": 0.5265376983345458,
        "tasa_pobreza_extrema": 0.1756566622209029,
        "tasa_ipm": 0.0673617880364099,
        "ingreso_percapita_promedio": 552249.0706601833,
        "capacidad_pago_promedio": 0.5524742211712143,
        "tamano_hogar_promedio": 3.6592377897750734,
        "gasto_educ_promedio": 168187.30175970253,
        "tasa_deficit_cuantitativo": 0.0051636119898247,
        "tasa_deficit_cualitativo": 0.1867404524907536,
        "tasa_deficit_habitacional": 0.1919040644805784,
        "pct_estrato_1": 0.1949612933561038,
        "pct_estrato_2": 0.8018119887339643,
        "pct_estrato_3": 0.0,
        "pct_estrato_4": 0.0,
        "pct_estrato_5": 0.0,
        "pct_estrato_6": 0.0,
        "s0_localidad": 0.24275340378588084,
        "dist_transmilenio_m": 2700.8702961658114,
        "dist_sitp_m": 107.25188369531769,
        "dist_parque_m": 96.81669436109186,
        "homicidios": 113.0,
        "lesiones_personales": 2653.0,
        "hurto_personas": 11264.0,
        "hurto_residencias": 1302.0,
        "hurto_automotores": 438.0,
        "hurto_bicicletas": 251.0,
        "hurto_comercio": 3279.0,
        "hurto_entidades": 810.0,
        "violencia_intrafam": 4309.0,
        "delitos_sexuales": 811.0,
        "pct_no_oficial": 49.61,
        "n_sedes_total": 129,
        "n_sedes_no_oficial": 64
      }
    },
    {
      "type": "Feature",
      "geometry": {
        "type": "Point",
        "coordinates": [
          -74.08830999969278,
          4.555239999994948
        ]
      },
      "properties": {
        "DANE12_EST": "111001098825",
        "id_establecimiento": "111001098825",
        "nombre_establecimiento": "COLEGIO SAN VICENTE (IED)",
        "nombre_localidad": "San Cristobal",
        "codigo_upz": "32",
        "nombre_upz": "SAN BLAS",
        "estrato": "Sin estrato",
        "zona": "URBANA",
        "caracter_media": "Académico",
        "lon": -74.08830999969278,
        "lat": 4.555239999994948,
        "codigo_localidad": "04",
        "q_j": 258.06333333333333,
        "puntaje_2023": 258.46,
        "punt_global_2020": 260.09,
        "punt_global_2022": 255.64,
        "matricula_total": 1221.0,
        "demanda_total": 1283.0,
        "sobre_demanda_j": 1.0507780507780509,
        "n_hogares_muestra": 2576.0,
        "poblacion_expandida": 103547.9999957,
        "tasa_pobreza_monetaria": 0.5328157281076517,
        "tasa_pobreza_extrema": 0.1780459356836017,
        "tasa_ipm": 0.067906413079847,
        "ingreso_percapita_promedio": 549847.9861771726,
        "capacidad_pago_promedio": 0.5201909468810293,
        "tamano_hogar_promedio": 3.690522823849512,
        "gasto_educ_promedio": 137818.05261490447,
        "tasa_deficit_cuantitativo": 0.0341879814409453,
        "tasa_deficit_cualitativo": 0.1618981974832556,
        "tasa_deficit_habitacional": 0.196086178924201,
        "pct_estrato_1": 0.1275309686584809,
        "pct_estrato_2": 0.8581344944353343,
        "pct_estrato_3": 0.0083652084476375,
        "pct_estrato_4": 0.0,
        "pct_estrato_5": 0.0,
        "pct_estrato_6": 0.0,
        "s0_localidad": 0.24275340378588084,
        "dist_transmilenio_m": 1512.3119252366703,
        "dist_sitp_m": 151.28659825718248,
        "dist_parque_m": 142.9888386033975,
        "homicidios": 113.0,
        "lesiones_personales": 2653.0,
        "hurto_personas": 11264.0,
        "hurto_residencias": 1302.0,
        "hurto_automotores": 438.0,
        "hurto_bicicletas": 251.0,
        "hurto_comercio": 3279.0,
        "hurto_entidades": 810.0,
        "violencia_intrafam": 4309.0,
        "delitos_sexuales": 811.0,
        "pct_no_oficial": 49.61,
        "n_sedes_total": 129,
        "n_sedes_no_oficial": 64
      }
    },
    {
      "type": "Feature",
      "geometry": {
        "type": "Point",
        "coordinates": [
          -74.08750999962662,
          4.517100000324897
        ]
      },
      "properties": {
        "DANE12_EST": "111001098833",
        "id_establecimiento": "111001098833",
        "nombre_establecimiento": "COLEGIO SAN CAYETANO (IED)",
        "nombre_localidad": "Usme",
        "codigo_upz": "52",
        "nombre_upz": "LA FLORA",
        "estrato": "Estrato 1",
        "zona": "RURAL",
        "caracter_media": "Académico",
        "lon": -74.08750999962662,
        "lat": 4.517100000324897,
        "codigo_localidad": "05",
        "q_j": 249.26666666666665,
        "puntaje_2023": 256.15,
        "punt_global_2020": 240.6,
        "punt_global_2022": 251.05,
        "matricula_total": 1843.0,
        "demanda_total": 1927.0,
        "sobre_demanda_j": 1.0455778621812262,
        "n_hogares_muestra": 2154.0,
        "poblacion_expandida": 19629.0000075,
        "tasa_pobreza_monetaria": 0.7487849338878249,
        "tasa_pobreza_extrema": 0.3638983283545144,
        "tasa_ipm": 0.1788048463222254,
        "ingreso_percapita_promedio": 342105.1816187633,
        "capacidad_pago_promedio": 0.754926642046872,
        "tamano_hogar_promedio": 3.752629232240833,
        "gasto_educ_promedio": 64628.117806994414,
        "tasa_deficit_cuantitativo": 0.1189753326408724,
        "tasa_deficit_cualitativo": 0.2826258941708852,
        "tasa_deficit_habitacional": 0.4016012268117577,
        "pct_estrato_1": 0.9406263803171484,
        "pct_estrato_2": 0.0070001862370726,
        "pct_estrato_3": 0.0016351785005724,
        "pct_estrato_4": 0.0,
        "pct_estrato_5": 0.0,
        "pct_estrato_6": 0.0,
        "s0_localidad": 0.1806550335776531,
        "dist_transmilenio_m": 3889.6916189035483,
        "dist_sitp_m": 236.03039372791162,
        "dist_parque_m": 68.72459496610401,
        "homicidios": 171.0,
        "lesiones_personales": 2562.0,
        "hurto_personas": 8404.0,
        "hurto_residencias": 1452.0,
        "hurto_automotores": 311.0,
        "hurto_bicicletas": 146.0,
        "hurto_comercio": 2308.0,
        "hurto_entidades": 623.0,
        "violencia_intrafam": 3963.0,
        "delitos_sexuales": 923.0,
        "pct_no_oficial": 33.03,
        "n_sedes_total": 109,
        "n_sedes_no_oficial": 36
      }
    },
    {
      "type": "Feature",
      "geometry": {
        "type": "Point",
        "coordinates": [
          -74.1183299995705,
          4.501750000411714
        ]
      },
      "properties": {
        "DANE12_EST": "111001098841",
        "id_establecimiento": "111001098841",
        "nombre_establecimiento": "COLEGIO SAN JOSE DE USME (IED)",
        "nombre_localidad": "Usme",
        "codigo_upz": "58",
        "nombre_upz": "COMUNEROS",
        "estrato": "Sin estrato",
        "zona": "URBANA",
        "caracter_media": "Académico",
        "lon": -74.1183299995705,
        "lat": 4.501750000411714,
        "codigo_localidad": "05",
        "q_j": 264.84,
        "puntaje_2023": 277.69,
        "punt_global_2020": 255.76,
        "punt_global_2022": 261.07,
        "matricula_total": 1106.0,
        "demanda_total": 1172.0,
        "sobre_demanda_j": 1.0596745027124774,
        "n_hogares_muestra": 2461.0,
        "poblacion_expandida": 98789.9999997,
        "tasa_pobreza_monetaria": 0.5463223495319759,
        "tasa_pobreza_extrema": 0.1430068890428474,
        "tasa_ipm": 0.0808793279686634,
        "ingreso_percapita_promedio": 538295.1485405599,
        "capacidad_pago_promedio": 0.6418885111488265,
        "tamano_hogar_promedio": 3.78760632903772,
        "gasto_educ_promedio": 85874.88811383818,
        "tasa_deficit_cuantitativo": 0.0237107379320489,
        "tasa_deficit_cualitativo": 0.1587196053178218,
        "tasa_deficit_habitacional": 0.1824303432498707,
        "pct_estrato_1": 0.4316831555524801,
        "pct_estrato_2": 0.5647227497800326,
        "pct_estrato_3": 0.0035940946674873,
        "pct_estrato_4": 0.0,
        "pct_estrato_5": 0.0,
        "pct_estrato_6": 0.0,
        "s0_localidad": 0.1806550335776531,
        "dist_transmilenio_m": 3333.984741223477,
        "dist_sitp_m": 171.89509306945962,
        "dist_parque_m": 261.3802131576212,
        "homicidios": 171.0,
        "lesiones_personales": 2562.0,
        "hurto_personas": 8404.0,
        "hurto_residencias": 1452.0,
        "hurto_automotores": 311.0,
        "hurto_bicicletas": 146.0,
        "hurto_comercio": 2308.0,
        "hurto_entidades": 623.0,
        "violencia_intrafam": 3963.0,
        "delitos_sexuales": 923.0,
        "pct_no_oficial": 33.03,
        "n_sedes_total": 109,
        "n_sedes_no_oficial": 36
      }
    },
    {
      "type": "Feature",
      "geometry": {
        "type": "Point",
        "coordinates": [
          -74.10424999984332,
          4.497020000548819
        ]
      },
      "properties": {
        "DANE12_EST": "111001098850",
        "id_establecimiento": "111001098850",
        "nombre_establecimiento": "COLEGIO CHUNIZA FAMACO (IED)",
        "nombre_localidad": "Usme",
        "codigo_upz": "59",
        "nombre_upz": "ALFONSO LOPEZ",
        "estrato": "Estrato 1",
        "zona": "URBANA",
        "caracter_media": "Académico",
        "lon": -74.10424999984332,
        "lat": 4.497020000548819,
        "codigo_localidad": "05",
        "q_j": 263.01,
        "puntaje_2023": 261.92,
        "punt_global_2020": 260.86,
        "punt_global_2022": 266.25,
        "matricula_total": 1105.0,
        "demanda_total": 1236.0,
        "sobre_demanda_j": 1.118552036199095,
        "n_hogares_muestra": null,
        "poblacion_expandida": null,
        "tasa_pobreza_monetaria": null,
        "tasa_pobreza_extrema": null,
        "tasa_ipm": null,
        "ingreso_percapita_promedio": null,
        "capacidad_pago_promedio": null,
        "tamano_hogar_promedio": null,
        "gasto_educ_promedio": null,
        "tasa_deficit_cuantitativo": null,
        "tasa_deficit_cualitativo": null,
        "tasa_deficit_habitacional": null,
        "pct_estrato_1": null,
        "pct_estrato_2": null,
        "pct_estrato_3": null,
        "pct_estrato_4": null,
        "pct_estrato_5": null,
        "pct_estrato_6": null,
        "s0_localidad": 0.1806550335776531,
        "dist_transmilenio_m": 4207.142729399309,
        "dist_sitp_m": 14.03461787409017,
        "dist_parque_m": 167.0336398517621,
        "homicidios": 171.0,
        "lesiones_personales": 2562.0,
        "hurto_personas": 8404.0,
        "hurto_residencias": 1452.0,
        "hurto_automotores": 311.0,
        "hurto_bicicletas": 146.0,
        "hurto_comercio": 2308.0,
        "hurto_entidades": 623.0,
        "violencia_intrafam": 3963.0,
        "delitos_sexuales": 923.0,
        "pct_no_oficial": 33.03,
        "n_sedes_total": 109,
        "n_sedes_no_oficial": 36
      }
    },
    {
      "type": "Feature",
      "geometry": {
        "type": "Point",
        "coordinates": [
          -74.11225999965238,
          4.5004700001455005
        ]
      },
      "properties": {
        "DANE12_EST": "111001098868",
        "id_establecimiento": "111001098868",
        "nombre_establecimiento": "COLEGIO LUIS EDUARDO MORA OSEJO (IED)",
        "nombre_localidad": "Usme",
        "codigo_upz": "58",
        "nombre_upz": "COMUNEROS",
        "estrato": "Estrato 2",
        "zona": "URBANA",
        "caracter_media": "Académico",
        "lon": -74.11225999965238,
        "lat": 4.5004700001455005,
        "codigo_localidad": "05",
        "q_j": 246.91333333333333,
        "puntaje_2023": 243.08,
        "punt_global_2020": 249.03,
        "punt_global_2022": 248.63,
        "matricula_total": 710.0,
        "demanda_total": 776.0,
        "sobre_demanda_j": 1.0929577464788733,
        "n_hogares_muestra": 2461.0,
        "poblacion_expandida": 98789.9999997,
        "tasa_pobreza_monetaria": 0.5463223495319759,
        "tasa_pobreza_extrema": 0.1430068890428474,
        "tasa_ipm": 0.0808793279686634,
        "ingreso_percapita_promedio": 538295.1485405599,
        "capacidad_pago_promedio": 0.6418885111488265,
        "tamano_hogar_promedio": 3.78760632903772,
        "gasto_educ_promedio": 85874.88811383818,
        "tasa_deficit_cuantitativo": 0.0237107379320489,
        "tasa_deficit_cualitativo": 0.1587196053178218,
        "tasa_deficit_habitacional": 0.1824303432498707,
        "pct_estrato_1": 0.4316831555524801,
        "pct_estrato_2": 0.5647227497800326,
        "pct_estrato_3": 0.0035940946674873,
        "pct_estrato_4": 0.0,
        "pct_estrato_5": 0.0,
        "pct_estrato_6": 0.0,
        "s0_localidad": 0.1806550335776531,
        "dist_transmilenio_m": 3563.029329986514,
        "dist_sitp_m": 135.70091288536025,
        "dist_parque_m": 12.474498994873455,
        "homicidios": 171.0,
        "lesiones_personales": 2562.0,
        "hurto_personas": 8404.0,
        "hurto_residencias": 1452.0,
        "hurto_automotores": 311.0,
        "hurto_bicicletas": 146.0,
        "hurto_comercio": 2308.0,
        "hurto_entidades": 623.0,
        "violencia_intrafam": 3963.0,
        "delitos_sexuales": 923.0,
        "pct_no_oficial": 33.03,
        "n_sedes_total": 109,
        "n_sedes_no_oficial": 36
      }
    },
    {
      "type": "Feature",
      "geometry": {
        "type": "Point",
        "coordinates": [
          -74.20486599997217,
          4.6098300000747825
        ]
      },
      "properties": {
        "DANE12_EST": "111001098876",
        "id_establecimiento": "111001098876",
        "nombre_establecimiento": "COLEGIO LA ESPERANZA (IED)",
        "nombre_localidad": "Bosa",
        "codigo_upz": "85",
        "nombre_upz": "BOSA CENTRAL",
        "estrato": "Estrato 2",
        "zona": "URBANA",
        "caracter_media": "Académico",
        "lon": -74.20486599997217,
        "lat": 4.6098300000747825,
        "codigo_localidad": "07",
        "q_j": 265.0833333333333,
        "puntaje_2023": 271.54,
        "punt_global_2020": 255.21,
        "punt_global_2022": 268.5,
        "matricula_total": 1048.0,
        "demanda_total": 1144.0,
        "sobre_demanda_j": 1.0916030534351144,
        "n_hogares_muestra": 2530.0,
        "poblacion_expandida": 236893.9999938,
        "tasa_pobreza_monetaria": 0.5774122247227872,
        "tasa_pobreza_extrema": 0.2259702239533336,
        "tasa_ipm": 0.0772742342008624,
        "ingreso_percapita_promedio": 559243.4881524148,
        "capacidad_pago_promedio": 0.5417241991656973,
        "tamano_hogar_promedio": 3.662381280285304,
        "gasto_educ_promedio": 133205.3566644155,
        "tasa_deficit_cuantitativo": 0.0140410598706048,
        "tasa_deficit_cualitativo": 0.1537435722367523,
        "tasa_deficit_habitacional": 0.1677846321073571,
        "pct_estrato_1": 0.0108539179665474,
        "pct_estrato_2": 0.9885468201365548,
        "pct_estrato_3": 0.0005992618968978,
        "pct_estrato_4": 0.0,
        "pct_estrato_5": 0.0,
        "pct_estrato_6": 0.0,
        "s0_localidad": 0.2763191613237501,
        "dist_transmilenio_m": 2354.8656346398425,
        "dist_sitp_m": 40.60700063044885,
        "dist_parque_m": 84.50231049942914,
        "homicidios": 209.0,
        "lesiones_personales": 3464.0,
        "hurto_personas": 19664.0,
        "hurto_residencias": 2638.0,
        "hurto_automotores": 681.0,
        "hurto_bicicletas": 1403.0,
        "hurto_comercio": 5397.0,
        "hurto_entidades": 1643.0,
        "violencia_intrafam": 7523.0,
        "delitos_sexuales": 1159.0,
        "pct_no_oficial": 55.7,
        "n_sedes_total": 149,
        "n_sedes_no_oficial": 83
      }
    },
    {
      "type": "Feature",
      "geometry": {
        "type": "Point",
        "coordinates": [
          -74.202130000213,
          4.6099500001365366
        ]
      },
      "properties": {
        "DANE12_EST": "111001098884",
        "id_establecimiento": "111001098884",
        "nombre_establecimiento": "COLEGIO LOS NARANJOS (IED)",
        "nombre_localidad": "Bosa",
        "codigo_upz": "85",
        "nombre_upz": "BOSA CENTRAL",
        "estrato": "Estrato 2",
        "zona": "URBANA",
        "caracter_media": "Académico",
        "lon": -74.202130000213,
        "lat": 4.6099500001365366,
        "codigo_localidad": "07",
        "q_j": 259.06666666666666,
        "puntaje_2023": 252.31,
        "punt_global_2020": 261.29,
        "punt_global_2022": 263.6,
        "matricula_total": 979.0,
        "demanda_total": 1086.0,
        "sobre_demanda_j": 1.1092951991828397,
        "n_hogares_muestra": 2530.0,
        "poblacion_expandida": 236893.9999938,
        "tasa_pobreza_monetaria": 0.5774122247227872,
        "tasa_pobreza_extrema": 0.2259702239533336,
        "tasa_ipm": 0.0772742342008624,
        "ingreso_percapita_promedio": 559243.4881524148,
        "capacidad_pago_promedio": 0.5417241991656973,
        "tamano_hogar_promedio": 3.662381280285304,
        "gasto_educ_promedio": 133205.3566644155,
        "tasa_deficit_cuantitativo": 0.0140410598706048,
        "tasa_deficit_cualitativo": 0.1537435722367523,
        "tasa_deficit_habitacional": 0.1677846321073571,
        "pct_estrato_1": 0.0108539179665474,
        "pct_estrato_2": 0.9885468201365548,
        "pct_estrato_3": 0.0005992618968978,
        "pct_estrato_4": 0.0,
        "pct_estrato_5": 0.0,
        "pct_estrato_6": 0.0,
        "s0_localidad": 0.2763191613237501,
        "dist_transmilenio_m": 2213.9025441726685,
        "dist_sitp_m": 65.81157034820389,
        "dist_parque_m": 60.62958251454538,
        "homicidios": 209.0,
        "lesiones_personales": 3464.0,
        "hurto_personas": 19664.0,
        "hurto_residencias": 2638.0,
        "hurto_automotores": 681.0,
        "hurto_bicicletas": 1403.0,
        "hurto_comercio": 5397.0,
        "hurto_entidades": 1643.0,
        "violencia_intrafam": 7523.0,
        "delitos_sexuales": 1159.0,
        "pct_no_oficial": 55.7,
        "n_sedes_total": 149,
        "n_sedes_no_oficial": 83
      }
    },
    {
      "type": "Feature",
      "geometry": {
        "type": "Point",
        "coordinates": [
          -74.17319999993137,
          4.64536000016948
        ]
      },
      "properties": {
        "DANE12_EST": "111001098892",
        "id_establecimiento": "111001098892",
        "nombre_establecimiento": "COLEGIO BELLAVISTA (IED)",
        "nombre_localidad": "Kennedy",
        "codigo_upz": "82",
        "nombre_upz": "PATIO BONITO",
        "estrato": "Estrato 2",
        "zona": "URBANA",
        "caracter_media": "Académico",
        "lon": -74.17319999993137,
        "lat": 4.64536000016948,
        "codigo_localidad": "08",
        "q_j": 268.40333333333336,
        "puntaje_2023": 272.69,
        "punt_global_2020": 266.97,
        "punt_global_2022": 265.55,
        "matricula_total": 1210.0,
        "demanda_total": 1714.0,
        "sobre_demanda_j": 1.4165289256198348,
        "n_hogares_muestra": 3134.0,
        "poblacion_expandida": 138658.00000200002,
        "tasa_pobreza_monetaria": 0.6585619570185843,
        "tasa_pobreza_extrema": 0.2523168302650793,
        "tasa_ipm": 0.1284792567449627,
        "ingreso_percapita_promedio": 447236.7594871012,
        "capacidad_pago_promedio": 0.6481882147939796,
        "tamano_hogar_promedio": 3.7817963159676062,
        "gasto_educ_promedio": 124887.69466509685,
        "tasa_deficit_cuantitativo": 0.0269346346755768,
        "tasa_deficit_cualitativo": 0.2198651124468856,
        "tasa_deficit_habitacional": 0.2467997471224624,
        "pct_estrato_1": 0.0272882212569445,
        "pct_estrato_2": 0.9722349168079414,
        "pct_estrato_3": 0.000476861935114,
        "pct_estrato_4": 0.0,
        "pct_estrato_5": 0.0,
        "pct_estrato_6": 0.0,
        "s0_localidad": 0.3719221758740453,
        "dist_transmilenio_m": 1655.1920162588308,
        "dist_sitp_m": 68.01563194055825,
        "dist_parque_m": 72.17637112788015,
        "homicidios": 277.0,
        "lesiones_personales": 5216.0,
        "hurto_personas": 45928.0,
        "hurto_residencias": 4574.0,
        "hurto_automotores": 2662.0,
        "hurto_bicicletas": 2842.0,
        "hurto_comercio": 11829.0,
        "hurto_entidades": 2994.0,
        "violencia_intrafam": 8341.0,
        "delitos_sexuales": 1353.0,
        "pct_no_oficial": 70.99,
        "n_sedes_total": 262,
        "n_sedes_no_oficial": 186
      }
    },
    {
      "type": "Feature",
      "geometry": {
        "type": "Point",
        "coordinates": [
          -74.17486000033816,
          4.641660000110609
        ]
      },
      "properties": {
        "DANE12_EST": "111001098906",
        "id_establecimiento": "111001098906",
        "nombre_establecimiento": "COLEGIO EDUARDO UMAÑA LUNA (IED)",
        "nombre_localidad": "Kennedy",
        "codigo_upz": "82",
        "nombre_upz": "PATIO BONITO",
        "estrato": "Estrato 2",
        "zona": "URBANA",
        "caracter_media": "Académico",
        "lon": -74.17486000033816,
        "lat": 4.641660000110609,
        "codigo_localidad": "08",
        "q_j": 248.65,
        "puntaje_2023": 245.39,
        "punt_global_2020": 247.26,
        "punt_global_2022": 253.3,
        "matricula_total": 1737.0,
        "demanda_total": 2003.0,
        "sobre_demanda_j": 1.1531375935521013,
        "n_hogares_muestra": 3134.0,
        "poblacion_expandida": 138658.00000200002,
        "tasa_pobreza_monetaria": 0.6585619570185843,
        "tasa_pobreza_extrema": 0.2523168302650793,
        "tasa_ipm": 0.1284792567449627,
        "ingreso_percapita_promedio": 447236.7594871012,
        "capacidad_pago_promedio": 0.6481882147939796,
        "tamano_hogar_promedio": 3.7817963159676062,
        "gasto_educ_promedio": 124887.69466509685,
        "tasa_deficit_cuantitativo": 0.0269346346755768,
        "tasa_deficit_cualitativo": 0.2198651124468856,
        "tasa_deficit_habitacional": 0.2467997471224624,
        "pct_estrato_1": 0.0272882212569445,
        "pct_estrato_2": 0.9722349168079414,
        "pct_estrato_3": 0.000476861935114,
        "pct_estrato_4": 0.0,
        "pct_estrato_5": 0.0,
        "pct_estrato_6": 0.0,
        "s0_localidad": 0.3719221758740453,
        "dist_transmilenio_m": 1379.8504611064777,
        "dist_sitp_m": 63.63614271623872,
        "dist_parque_m": 61.104870405239836,
        "homicidios": 277.0,
        "lesiones_personales": 5216.0,
        "hurto_personas": 45928.0,
        "hurto_residencias": 4574.0,
        "hurto_automotores": 2662.0,
        "hurto_bicicletas": 2842.0,
        "hurto_comercio": 11829.0,
        "hurto_entidades": 2994.0,
        "violencia_intrafam": 8341.0,
        "delitos_sexuales": 1353.0,
        "pct_no_oficial": 70.99,
        "n_sedes_total": 262,
        "n_sedes_no_oficial": 186
      }
    },
    {
      "type": "Feature",
      "geometry": {
        "type": "Point",
        "coordinates": [
          -74.12519000040734,
          4.700249999899246
        ]
      },
      "properties": {
        "DANE12_EST": "111001098922",
        "id_establecimiento": "111001098922",
        "nombre_establecimiento": "COLEGIO LAS MERCEDES (IED)",
        "nombre_localidad": "Engativa",
        "codigo_upz": "74",
        "nombre_upz": "ENGATIVA",
        "estrato": "Estrato 2",
        "zona": "URBANA",
        "caracter_media": "Académico",
        "lon": -74.12519000040734,
        "lat": 4.700249999899246,
        "codigo_localidad": "10",
        "q_j": 259.65333333333336,
        "puntaje_2023": 255.77,
        "punt_global_2020": 263.11,
        "punt_global_2022": 260.08,
        "matricula_total": 1182.0,
        "demanda_total": 1328.0,
        "sobre_demanda_j": 1.1235194585448391,
        "n_hogares_muestra": 2238.0,
        "poblacion_expandida": 141623.0000024,
        "tasa_pobreza_monetaria": 0.4166244586931509,
        "tasa_pobreza_extrema": 0.1232293367666569,
        "tasa_ipm": 0.0859261351510261,
        "ingreso_percapita_promedio": 671310.97978141,
        "capacidad_pago_promedio": 0.3468233410630167,
        "tamano_hogar_promedio": 3.6287148311396535,
        "gasto_educ_promedio": 179680.37483502133,
        "tasa_deficit_cuantitativo": 0.0158805037688926,
        "tasa_deficit_cualitativo": 0.1649188919794397,
        "tasa_deficit_habitacional": 0.1807993957483324,
        "pct_estrato_1": 0.0066518779137854,
        "pct_estrato_2": 0.9503846193388016,
        "pct_estrato_3": 0.0429635027474131,
        "pct_estrato_4": 0.0,
        "pct_estrato_5": 0.0,
        "pct_estrato_6": 0.0,
        "s0_localidad": 0.45908732785239414,
        "dist_transmilenio_m": 1944.887521895394,
        "dist_sitp_m": 166.5014309507749,
        "dist_parque_m": 92.3231918917535,
        "homicidios": 114.0,
        "lesiones_personales": 3260.0,
        "hurto_personas": 44584.0,
        "hurto_residencias": 4694.0,
        "hurto_automotores": 1548.0,
        "hurto_bicicletas": 2840.0,
        "hurto_comercio": 11724.0,
        "hurto_entidades": 1616.0,
        "violencia_intrafam": 6497.0,
        "delitos_sexuales": 1001.0,
        "pct_no_oficial": 73.15,
        "n_sedes_total": 257,
        "n_sedes_no_oficial": 188
      }
    },
    {
      "type": "Feature",
      "geometry": {
        "type": "Point",
        "coordinates": [
          -74.14390999979965,
          4.721610000390162
        ]
      },
      "properties": {
        "DANE12_EST": "111001098931",
        "id_establecimiento": "111001098931",
        "nombre_establecimiento": "COLEGIO TORQUIGUA (IED)",
        "nombre_localidad": "Engativa",
        "codigo_upz": "74",
        "nombre_upz": "ENGATIVA",
        "estrato": "Sin estrato",
        "zona": "URBANA",
        "caracter_media": "Académico",
        "lon": -74.14390999979965,
        "lat": 4.721610000390162,
        "codigo_localidad": "10",
        "q_j": 262.76,
        "puntaje_2023": 263.08,
        "punt_global_2020": 259.61,
        "punt_global_2022": 265.59,
        "matricula_total": 1104.0,
        "demanda_total": 1203.0,
        "sobre_demanda_j": 1.0896739130434783,
        "n_hogares_muestra": 2238.0,
        "poblacion_expandida": 141623.0000024,
        "tasa_pobreza_monetaria": 0.4166244586931509,
        "tasa_pobreza_extrema": 0.1232293367666569,
        "tasa_ipm": 0.0859261351510261,
        "ingreso_percapita_promedio": 671310.97978141,
        "capacidad_pago_promedio": 0.3468233410630167,
        "tamano_hogar_promedio": 3.6287148311396535,
        "gasto_educ_promedio": 179680.37483502133,
        "tasa_deficit_cuantitativo": 0.0158805037688926,
        "tasa_deficit_cualitativo": 0.1649188919794397,
        "tasa_deficit_habitacional": 0.1807993957483324,
        "pct_estrato_1": 0.0066518779137854,
        "pct_estrato_2": 0.9503846193388016,
        "pct_estrato_3": 0.0429635027474131,
        "pct_estrato_4": 0.0,
        "pct_estrato_5": 0.0,
        "pct_estrato_6": 0.0,
        "s0_localidad": 0.45908732785239414,
        "dist_transmilenio_m": 3926.689746109856,
        "dist_sitp_m": 454.85263360397977,
        "dist_parque_m": 385.7247809077211,
        "homicidios": 114.0,
        "lesiones_personales": 3260.0,
        "hurto_personas": 44584.0,
        "hurto_residencias": 4694.0,
        "hurto_automotores": 1548.0,
        "hurto_bicicletas": 2840.0,
        "hurto_comercio": 11724.0,
        "hurto_entidades": 1616.0,
        "violencia_intrafam": 6497.0,
        "delitos_sexuales": 1001.0,
        "pct_no_oficial": 73.15,
        "n_sedes_total": 257,
        "n_sedes_no_oficial": 188
      }
    },
    {
      "type": "Feature",
      "geometry": {
        "type": "Point",
        "coordinates": [
          -74.107369999742,
          4.749809999899698
        ]
      },
      "properties": {
        "DANE12_EST": "111001098949",
        "id_establecimiento": "111001098949",
        "nombre_establecimiento": "COLEGIO BILBAO (IED)",
        "nombre_localidad": "Suba",
        "codigo_upz": "71",
        "nombre_upz": "TIBABUYES",
        "estrato": "Estrato 3",
        "zona": "URBANA",
        "caracter_media": "Académico",
        "lon": -74.107369999742,
        "lat": 4.749809999899698,
        "codigo_localidad": "11",
        "q_j": 270.31666666666666,
        "puntaje_2023": 274.62,
        "punt_global_2020": 270.27,
        "punt_global_2022": 266.06,
        "matricula_total": 1191.0,
        "demanda_total": 1660.0,
        "sobre_demanda_j": 1.3937867338371117,
        "n_hogares_muestra": 2573.0,
        "poblacion_expandida": 297101.9999961,
        "tasa_pobreza_monetaria": 0.4456968888729736,
        "tasa_pobreza_extrema": 0.1490413708291471,
        "tasa_ipm": 0.0547952712557091,
        "ingreso_percapita_promedio": 644941.2180258469,
        "capacidad_pago_promedio": 0.4503924567810265,
        "tamano_hogar_promedio": 3.863038542648874,
        "gasto_educ_promedio": 238418.55806301135,
        "tasa_deficit_cuantitativo": 0.0083614290907924,
        "tasa_deficit_cualitativo": 0.1447133755318523,
        "tasa_deficit_habitacional": 0.1530748046226447,
        "pct_estrato_1": 0.0023181771173167,
        "pct_estrato_2": 0.8509075995924582,
        "pct_estrato_3": 0.1452201069826738,
        "pct_estrato_4": 0.0015541163075511,
        "pct_estrato_5": 0.0,
        "pct_estrato_6": 0.0,
        "s0_localidad": 0.5228297059197053,
        "dist_transmilenio_m": 1488.4015758680716,
        "dist_sitp_m": 29.52284264965842,
        "dist_parque_m": 89.97572311481942,
        "homicidios": 143.0,
        "lesiones_personales": 4117.0,
        "hurto_personas": 47285.0,
        "hurto_residencias": 5010.0,
        "hurto_automotores": 938.0,
        "hurto_bicicletas": 2774.0,
        "hurto_comercio": 12600.0,
        "hurto_entidades": 1324.0,
        "violencia_intrafam": 8047.0,
        "delitos_sexuales": 1387.0,
        "pct_no_oficial": 80.22,
        "n_sedes_total": 364,
        "n_sedes_no_oficial": 292
      }
    },
    {
      "type": "Feature",
      "geometry": {
        "type": "Point",
        "coordinates": [
          -74.11730000024887,
          4.573970000037361
        ]
      },
      "properties": {
        "DANE12_EST": "111001098965",
        "id_establecimiento": "111001098965",
        "nombre_establecimiento": "COLEGIO SANTA LUCIA (IED)",
        "nombre_localidad": "Rafael Uribe Uribe",
        "codigo_upz": "53",
        "nombre_upz": "MARCO FIDEL SUAREZ",
        "estrato": "Estrato 2",
        "zona": "URBANA",
        "caracter_media": "Académico",
        "lon": -74.11730000024887,
        "lat": 4.573970000037361,
        "codigo_localidad": "18",
        "q_j": 263.96,
        "puntaje_2023": 258.08,
        "punt_global_2020": 266.57,
        "punt_global_2022": 267.23,
        "matricula_total": 1105.0,
        "demanda_total": 1225.0,
        "sobre_demanda_j": 1.1085972850678734,
        "n_hogares_muestra": 2174.0,
        "poblacion_expandida": 47442.9999975,
        "tasa_pobreza_monetaria": 0.5827803477658865,
        "tasa_pobreza_extrema": 0.2234402638863183,
        "tasa_ipm": 0.1040373178142211,
        "ingreso_percapita_promedio": 555562.313298087,
        "capacidad_pago_promedio": 0.4649072076294137,
        "tamano_hogar_promedio": 3.0968267260932505,
        "gasto_educ_promedio": 112069.29148232724,
        "tasa_deficit_cuantitativo": 0.0160758053967959,
        "tasa_deficit_cualitativo": 0.1350306657049001,
        "tasa_deficit_habitacional": 0.1511064711016961,
        "pct_estrato_1": 0.0032091840188863,
        "pct_estrato_2": 0.7094701243634188,
        "pct_estrato_3": 0.2873206916176949,
        "pct_estrato_4": 0.0,
        "pct_estrato_5": 0.0,
        "pct_estrato_6": 0.0,
        "s0_localidad": 0.2741314328601635,
        "dist_transmilenio_m": 368.8347972656603,
        "dist_sitp_m": 35.43270378115529,
        "dist_parque_m": 94.52270844662564,
        "homicidios": 159.0,
        "lesiones_personales": 2500.0,
        "hurto_personas": 13897.0,
        "hurto_residencias": 1530.0,
        "hurto_automotores": 660.0,
        "hurto_bicicletas": 415.0,
        "hurto_comercio": 3902.0,
        "hurto_entidades": 942.0,
        "violencia_intrafam": 3177.0,
        "delitos_sexuales": 716.0,
        "pct_no_oficial": 57.85,
        "n_sedes_total": 121,
        "n_sedes_no_oficial": 70
      }
    },
    {
      "type": "Feature",
      "geometry": {
        "type": "Point",
        "coordinates": [
          -74.14560000034365,
          4.536739999710404
        ]
      },
      "properties": {
        "DANE12_EST": "111001098973",
        "id_establecimiento": "111001098973",
        "nombre_establecimiento": "COLEGIO LA JOYA (IED)",
        "nombre_localidad": "Ciudad Bolivar",
        "codigo_upz": "68",
        "nombre_upz": "EL TESORO",
        "estrato": "Estrato 1",
        "zona": "URBANA",
        "caracter_media": "Académico",
        "lon": -74.14560000034365,
        "lat": 4.536739999710404,
        "codigo_localidad": "19",
        "q_j": 248.92666666666665,
        "puntaje_2023": 253.08,
        "punt_global_2020": 248.41,
        "punt_global_2022": 245.29,
        "matricula_total": 940.0,
        "demanda_total": 982.0,
        "sobre_demanda_j": 1.0446808510638297,
        "n_hogares_muestra": null,
        "poblacion_expandida": null,
        "tasa_pobreza_monetaria": null,
        "tasa_pobreza_extrema": null,
        "tasa_ipm": null,
        "ingreso_percapita_promedio": null,
        "capacidad_pago_promedio": null,
        "tamano_hogar_promedio": null,
        "gasto_educ_promedio": null,
        "tasa_deficit_cuantitativo": null,
        "tasa_deficit_cualitativo": null,
        "tasa_deficit_habitacional": null,
        "pct_estrato_1": null,
        "pct_estrato_2": null,
        "pct_estrato_3": null,
        "pct_estrato_4": null,
        "pct_estrato_5": null,
        "pct_estrato_6": null,
        "s0_localidad": 0.24641727799438962,
        "dist_transmilenio_m": 2848.9649738504554,
        "dist_sitp_m": 194.29444035094483,
        "dist_parque_m": 88.38852934992522,
        "homicidios": 450.0,
        "lesiones_personales": 4378.0,
        "hurto_personas": 16269.0,
        "hurto_residencias": 1893.0,
        "hurto_automotores": 870.0,
        "hurto_bicicletas": 472.0,
        "hurto_comercio": 4561.0,
        "hurto_entidades": 1620.0,
        "violencia_intrafam": 8567.0,
        "delitos_sexuales": 1433.0,
        "pct_no_oficial": 44.59,
        "n_sedes_total": 148,
        "n_sedes_no_oficial": 66
      }
    },
    {
      "type": "Feature",
      "geometry": {
        "type": "Point",
        "coordinates": [
          -74.13933000040899,
          4.540380000282745
        ]
      },
      "properties": {
        "DANE12_EST": "111001100013",
        "id_establecimiento": "111001100013",
        "nombre_establecimiento": "COLEGIO BUENAVISTA (IED)",
        "nombre_localidad": "Ciudad Bolivar",
        "codigo_upz": "68",
        "nombre_upz": "EL TESORO",
        "estrato": "Estrato 1",
        "zona": "URBANA",
        "caracter_media": "Académico",
        "lon": -74.13933000040899,
        "lat": 4.540380000282745,
        "codigo_localidad": "19",
        "q_j": 298.0133333333333,
        "puntaje_2023": 299.23,
        "punt_global_2020": 296.76,
        "punt_global_2022": 298.05,
        "matricula_total": 1149.0,
        "demanda_total": 1259.0,
        "sobre_demanda_j": 1.0957354221061792,
        "n_hogares_muestra": null,
        "poblacion_expandida": null,
        "tasa_pobreza_monetaria": null,
        "tasa_pobreza_extrema": null,
        "tasa_ipm": null,
        "ingreso_percapita_promedio": null,
        "capacidad_pago_promedio": null,
        "tamano_hogar_promedio": null,
        "gasto_educ_promedio": null,
        "tasa_deficit_cuantitativo": null,
        "tasa_deficit_cualitativo": null,
        "tasa_deficit_habitacional": null,
        "pct_estrato_1": null,
        "pct_estrato_2": null,
        "pct_estrato_3": null,
        "pct_estrato_4": null,
        "pct_estrato_5": null,
        "pct_estrato_6": null,
        "s0_localidad": 0.24641727799438962,
        "dist_transmilenio_m": 2080.3606731416844,
        "dist_sitp_m": 72.0250305089243,
        "dist_parque_m": 96.5387510209891,
        "homicidios": 450.0,
        "lesiones_personales": 4378.0,
        "hurto_personas": 16269.0,
        "hurto_residencias": 1893.0,
        "hurto_automotores": 870.0,
        "hurto_bicicletas": 472.0,
        "hurto_comercio": 4561.0,
        "hurto_entidades": 1620.0,
        "violencia_intrafam": 8567.0,
        "delitos_sexuales": 1433.0,
        "pct_no_oficial": 44.59,
        "n_sedes_total": 148,
        "n_sedes_no_oficial": 66
      }
    },
    {
      "type": "Feature",
      "geometry": {
        "type": "Point",
        "coordinates": [
          -74.16374999982354,
          4.56794000036595
        ]
      },
      "properties": {
        "DANE12_EST": "111001100021",
        "id_establecimiento": "111001100021",
        "nombre_establecimiento": "COLEGIO GIMNASIO SABIO CALDAS (IED)",
        "nombre_localidad": "Ciudad Bolivar",
        "codigo_upz": "70",
        "nombre_upz": "JERUSALEN",
        "estrato": "Estrato 1",
        "zona": "URBANA",
        "caracter_media": "Académico",
        "lon": -74.16374999982354,
        "lat": 4.56794000036595,
        "codigo_localidad": "19",
        "q_j": 275.37000000000006,
        "puntaje_2023": 276.54,
        "punt_global_2020": 264.12,
        "punt_global_2022": 285.45,
        "matricula_total": 1006.0,
        "demanda_total": 1174.0,
        "sobre_demanda_j": 1.1669980119284293,
        "n_hogares_muestra": 3157.0,
        "poblacion_expandida": 101327.0000007,
        "tasa_pobreza_monetaria": 0.6408927384719904,
        "tasa_pobreza_extrema": 0.2513889336003634,
        "tasa_ipm": 0.1286378396854733,
        "ingreso_percapita_promedio": 413543.7933345092,
        "capacidad_pago_promedio": 0.711122887595628,
        "tamano_hogar_promedio": 4.29637501967188,
        "gasto_educ_promedio": 95023.51351292204,
        "tasa_deficit_cuantitativo": 0.02825348575977,
        "tasa_deficit_cualitativo": 0.2509290741463217,
        "tasa_deficit_habitacional": 0.2791825599060918,
        "pct_estrato_1": 0.9259040015420557,
        "pct_estrato_2": 0.063541107804983,
        "pct_estrato_3": 0.000778642800038,
        "pct_estrato_4": 0.0,
        "pct_estrato_5": 0.0,
        "pct_estrato_6": 0.0,
        "s0_localidad": 0.24641727799438962,
        "dist_transmilenio_m": 2722.755296530559,
        "dist_sitp_m": 35.50174634141272,
        "dist_parque_m": 78.77932433059183,
        "homicidios": 450.0,
        "lesiones_personales": 4378.0,
        "hurto_personas": 16269.0,
        "hurto_residencias": 1893.0,
        "hurto_automotores": 870.0,
        "hurto_bicicletas": 472.0,
        "hurto_comercio": 4561.0,
        "hurto_entidades": 1620.0,
        "violencia_intrafam": 8567.0,
        "delitos_sexuales": 1433.0,
        "pct_no_oficial": 44.59,
        "n_sedes_total": 148,
        "n_sedes_no_oficial": 66
      }
    },
    {
      "type": "Feature",
      "geometry": {
        "type": "Point",
        "coordinates": [
          -74.07919000019616,
          4.583070000490075
        ]
      },
      "properties": {
        "DANE12_EST": "111001100030",
        "id_establecimiento": "111001100030",
        "nombre_establecimiento": "COLEGIO LA GIRALDA (IED)",
        "nombre_localidad": "Santa Fe",
        "codigo_upz": "95",
        "nombre_upz": "LAS CRUCES",
        "estrato": "Estrato 2",
        "zona": "URBANA",
        "caracter_media": "Académico",
        "lon": -74.07919000019616,
        "lat": 4.583070000490075,
        "codigo_localidad": "03",
        "q_j": 277.8433333333333,
        "puntaje_2023": 281.92,
        "punt_global_2020": 276.37,
        "punt_global_2022": 275.24,
        "matricula_total": 1403.0,
        "demanda_total": 1503.0,
        "sobre_demanda_j": 1.0712758374910905,
        "n_hogares_muestra": 2541.0,
        "poblacion_expandida": 20880.000003,
        "tasa_pobreza_monetaria": 0.508580371789955,
        "tasa_pobreza_extrema": 0.2217473257440018,
        "tasa_ipm": 0.1099846159181056,
        "ingreso_percapita_promedio": 721111.6888979353,
        "capacidad_pago_promedio": 0.4559007991011636,
        "tamano_hogar_promedio": 3.4665156241666883,
        "gasto_educ_promedio": 179846.8574230533,
        "tasa_deficit_cuantitativo": 0.0419309008416765,
        "tasa_deficit_cualitativo": 0.1760353944143627,
        "tasa_deficit_habitacional": 0.2179662952560393,
        "pct_estrato_1": 0.0213839709547819,
        "pct_estrato_2": 0.9213019936942574,
        "pct_estrato_3": 0.0559479817687814,
        "pct_estrato_4": 0.0,
        "pct_estrato_5": 0.0,
        "pct_estrato_6": 0.0,
        "s0_localidad": 0.26720847821961147,
        "dist_transmilenio_m": 937.6874131925697,
        "dist_sitp_m": 89.93147497421874,
        "dist_parque_m": 193.57328182380607,
        "homicidios": 113.0,
        "lesiones_personales": 1683.0,
        "hurto_personas": 25139.0,
        "hurto_residencias": 580.0,
        "hurto_automotores": 128.0,
        "hurto_bicicletas": 443.0,
        "hurto_comercio": 7043.0,
        "hurto_entidades": 180.0,
        "violencia_intrafam": 1602.0,
        "delitos_sexuales": 514.0,
        "pct_no_oficial": 44.83,
        "n_sedes_total": 29,
        "n_sedes_no_oficial": 13
      }
    },
    {
      "type": "Feature",
      "geometry": {
        "type": "Point",
        "coordinates": [
          -74.17228000021461,
          4.6348500004479645
        ]
      },
      "properties": {
        "DANE12_EST": "111001100048",
        "id_establecimiento": "111001100048",
        "nombre_establecimiento": "COLEGIO HERNANDO DURAN DUSSAN (IED)",
        "nombre_localidad": "Kennedy",
        "codigo_upz": "82",
        "nombre_upz": "PATIO BONITO",
        "estrato": "Estrato 2",
        "zona": "URBANA",
        "caracter_media": "Académico",
        "lon": -74.17228000021461,
        "lat": 4.6348500004479645,
        "codigo_localidad": "08",
        "q_j": 262.0933333333333,
        "puntaje_2023": 261.15,
        "punt_global_2020": 261.09,
        "punt_global_2022": 264.04,
        "matricula_total": 2343.0,
        "demanda_total": 2632.0,
        "sobre_demanda_j": 1.1233461374306444,
        "n_hogares_muestra": 3134.0,
        "poblacion_expandida": 138658.00000200002,
        "tasa_pobreza_monetaria": 0.6585619570185843,
        "tasa_pobreza_extrema": 0.2523168302650793,
        "tasa_ipm": 0.1284792567449627,
        "ingreso_percapita_promedio": 447236.7594871012,
        "capacidad_pago_promedio": 0.6481882147939796,
        "tamano_hogar_promedio": 3.7817963159676062,
        "gasto_educ_promedio": 124887.69466509685,
        "tasa_deficit_cuantitativo": 0.0269346346755768,
        "tasa_deficit_cualitativo": 0.2198651124468856,
        "tasa_deficit_habitacional": 0.2467997471224624,
        "pct_estrato_1": 0.0272882212569445,
        "pct_estrato_2": 0.9722349168079414,
        "pct_estrato_3": 0.000476861935114,
        "pct_estrato_4": 0.0,
        "pct_estrato_5": 0.0,
        "pct_estrato_6": 0.0,
        "s0_localidad": 0.3719221758740453,
        "dist_transmilenio_m": 614.1808948205696,
        "dist_sitp_m": 121.07004059772109,
        "dist_parque_m": 112.3048712547965,
        "homicidios": 277.0,
        "lesiones_personales": 5216.0,
        "hurto_personas": 45928.0,
        "hurto_residencias": 4574.0,
        "hurto_automotores": 2662.0,
        "hurto_bicicletas": 2842.0,
        "hurto_comercio": 11829.0,
        "hurto_entidades": 2994.0,
        "violencia_intrafam": 8341.0,
        "delitos_sexuales": 1353.0,
        "pct_no_oficial": 70.99,
        "n_sedes_total": 262,
        "n_sedes_no_oficial": 186
      }
    },
    {
      "type": "Feature",
      "geometry": {
        "type": "Point",
        "coordinates": [
          -74.18234000041781,
          4.638029999773478
        ]
      },
      "properties": {
        "DANE12_EST": "111001100056",
        "id_establecimiento": "111001100056",
        "nombre_establecimiento": "COLEGIO JAIME HERNANDO GARZON FORERO (IED)",
        "nombre_localidad": "Bosa",
        "codigo_upz": "81",
        "nombre_upz": "GRAN BRITALIA",
        "estrato": "Estrato 2",
        "zona": "URBANA",
        "caracter_media": "Académico",
        "lon": -74.18234000041781,
        "lat": 4.638029999773478,
        "codigo_localidad": "07",
        "q_j": 288.90333333333336,
        "puntaje_2023": 297.69,
        "punt_global_2020": 279.16,
        "punt_global_2022": 289.86,
        "matricula_total": 1355.0,
        "demanda_total": 1726.0,
        "sobre_demanda_j": 1.2738007380073801,
        "n_hogares_muestra": 2381.0,
        "poblacion_expandida": 62532.0000021,
        "tasa_pobreza_monetaria": 0.4225708962005469,
        "tasa_pobreza_extrema": 0.1110827996204619,
        "tasa_ipm": 0.0629229657754087,
        "ingreso_percapita_promedio": 679816.3293689567,
        "capacidad_pago_promedio": 0.4189400908002339,
        "tamano_hogar_promedio": 3.539429057897831,
        "gasto_educ_promedio": 175746.67139168124,
        "tasa_deficit_cuantitativo": 0.0031220968607024,
        "tasa_deficit_cualitativo": 0.1647288881237457,
        "tasa_deficit_habitacional": 0.1678509849844481,
        "pct_estrato_1": 0.0053601105320275,
        "pct_estrato_2": 0.978122441841712,
        "pct_estrato_3": 0.0165174476262603,
        "pct_estrato_4": 0.0,
        "pct_estrato_5": 0.0,
        "pct_estrato_6": 0.0,
        "s0_localidad": 0.2763191613237501,
        "dist_transmilenio_m": 1408.2060647833134,
        "dist_sitp_m": 68.13882932930159,
        "dist_parque_m": 68.61290039350996,
        "homicidios": 209.0,
        "lesiones_personales": 3464.0,
        "hurto_personas": 19664.0,
        "hurto_residencias": 2638.0,
        "hurto_automotores": 681.0,
        "hurto_bicicletas": 1403.0,
        "hurto_comercio": 5397.0,
        "hurto_entidades": 1643.0,
        "violencia_intrafam": 7523.0,
        "delitos_sexuales": 1159.0,
        "pct_no_oficial": 55.7,
        "n_sedes_total": 149,
        "n_sedes_no_oficial": 83
      }
    },
    {
      "type": "Feature",
      "geometry": {
        "type": "Point",
        "coordinates": [
          -74.18641000017051,
          4.611920000566281
        ]
      },
      "properties": {
        "DANE12_EST": "111001100064",
        "id_establecimiento": "111001100064",
        "nombre_establecimiento": "COLEGIO ARGELIA (IED)",
        "nombre_localidad": "Bosa",
        "codigo_upz": "85",
        "nombre_upz": "BOSA CENTRAL",
        "estrato": "Estrato 2",
        "zona": "URBANA",
        "caracter_media": "Académico",
        "lon": -74.18641000017051,
        "lat": 4.611920000566281,
        "codigo_localidad": "07",
        "q_j": 278.51,
        "puntaje_2023": 282.31,
        "punt_global_2020": 271.73,
        "punt_global_2022": 281.49,
        "matricula_total": 1224.0,
        "demanda_total": 1444.0,
        "sobre_demanda_j": 1.1797385620915033,
        "n_hogares_muestra": 2530.0,
        "poblacion_expandida": 236893.9999938,
        "tasa_pobreza_monetaria": 0.5774122247227872,
        "tasa_pobreza_extrema": 0.2259702239533336,
        "tasa_ipm": 0.0772742342008624,
        "ingreso_percapita_promedio": 559243.4881524148,
        "capacidad_pago_promedio": 0.5417241991656973,
        "tamano_hogar_promedio": 3.662381280285304,
        "gasto_educ_promedio": 133205.3566644155,
        "tasa_deficit_cuantitativo": 0.0140410598706048,
        "tasa_deficit_cualitativo": 0.1537435722367523,
        "tasa_deficit_habitacional": 0.1677846321073571,
        "pct_estrato_1": 0.0108539179665474,
        "pct_estrato_2": 0.9885468201365548,
        "pct_estrato_3": 0.0005992618968978,
        "pct_estrato_4": 0.0,
        "pct_estrato_5": 0.0,
        "pct_estrato_6": 0.0,
        "s0_localidad": 0.2763191613237501,
        "dist_transmilenio_m": 1767.5224523935183,
        "dist_sitp_m": 23.91301178776985,
        "dist_parque_m": 134.45282528652635,
        "homicidios": 209.0,
        "lesiones_personales": 3464.0,
        "hurto_personas": 19664.0,
        "hurto_residencias": 2638.0,
        "hurto_automotores": 681.0,
        "hurto_bicicletas": 1403.0,
        "hurto_comercio": 5397.0,
        "hurto_entidades": 1643.0,
        "violencia_intrafam": 7523.0,
        "delitos_sexuales": 1159.0,
        "pct_no_oficial": 55.7,
        "n_sedes_total": 149,
        "n_sedes_no_oficial": 83
      }
    },
    {
      "type": "Feature",
      "geometry": {
        "type": "Point",
        "coordinates": [
          -74.19276999961855,
          4.629430000493788
        ]
      },
      "properties": {
        "DANE12_EST": "111001100072",
        "id_establecimiento": "111001100072",
        "nombre_establecimiento": "COLEGIO SANTIAGO DE LAS ATALAYAS (IED)",
        "nombre_localidad": "Bosa",
        "codigo_upz": "84",
        "nombre_upz": "BOSA OCCIDENTAL",
        "estrato": "Estrato 2",
        "zona": "URBANA",
        "caracter_media": "Académico",
        "lon": -74.19276999961855,
        "lat": 4.629430000493788,
        "codigo_localidad": "07",
        "q_j": 287.85,
        "puntaje_2023": 288.85,
        "punt_global_2020": 279.35,
        "punt_global_2022": 295.35,
        "matricula_total": 1381.0,
        "demanda_total": 1635.0,
        "sobre_demanda_j": 1.1839246922519913,
        "n_hogares_muestra": 2513.0,
        "poblacion_expandida": 199171.0000029,
        "tasa_pobreza_monetaria": 0.5522918237042458,
        "tasa_pobreza_extrema": 0.1879558875079952,
        "tasa_ipm": 0.0996822849647334,
        "ingreso_percapita_promedio": 536362.5788589469,
        "capacidad_pago_promedio": 0.5493628931456228,
        "tamano_hogar_promedio": 3.7633010092291874,
        "gasto_educ_promedio": 137178.08860508617,
        "tasa_deficit_cuantitativo": 0.0104317439329508,
        "tasa_deficit_cualitativo": 0.1768060546886206,
        "tasa_deficit_habitacional": 0.1872377986215714,
        "pct_estrato_1": 0.0242614269719469,
        "pct_estrato_2": 0.9753720865706926,
        "pct_estrato_3": 0.0,
        "pct_estrato_4": 0.0,
        "pct_estrato_5": 0.0,
        "pct_estrato_6": 0.0,
        "s0_localidad": 0.2763191613237501,
        "dist_transmilenio_m": 2184.6788222868577,
        "dist_sitp_m": 30.369958779541133,
        "dist_parque_m": 224.2089535427256,
        "homicidios": 209.0,
        "lesiones_personales": 3464.0,
        "hurto_personas": 19664.0,
        "hurto_residencias": 2638.0,
        "hurto_automotores": 681.0,
        "hurto_bicicletas": 1403.0,
        "hurto_comercio": 5397.0,
        "hurto_entidades": 1643.0,
        "violencia_intrafam": 7523.0,
        "delitos_sexuales": 1159.0,
        "pct_no_oficial": 55.7,
        "n_sedes_total": 149,
        "n_sedes_no_oficial": 83
      }
    },
    {
      "type": "Feature",
      "geometry": {
        "type": "Point",
        "coordinates": [
          -74.11964000017291,
          4.512810000189122
        ]
      },
      "properties": {
        "DANE12_EST": "111001100081",
        "id_establecimiento": "111001100081",
        "nombre_establecimiento": "COLEGIO MIRAVALLE (IED)",
        "nombre_localidad": "Usme",
        "codigo_upz": "57",
        "nombre_upz": "GRAN YOMASA",
        "estrato": "Estrato 2",
        "zona": "URBANA",
        "caracter_media": "Académico",
        "lon": -74.11964000017291,
        "lat": 4.512810000189122,
        "codigo_localidad": "05",
        "q_j": 282.28666666666663,
        "puntaje_2023": 281.15,
        "punt_global_2020": 278.9,
        "punt_global_2022": 286.81,
        "matricula_total": 1221.0,
        "demanda_total": 1364.0,
        "sobre_demanda_j": 1.117117117117117,
        "n_hogares_muestra": 2440.0,
        "poblacion_expandida": 131329.99999830002,
        "tasa_pobreza_monetaria": 0.5375758554741024,
        "tasa_pobreza_extrema": 0.170500226653391,
        "tasa_ipm": 0.0997707066661814,
        "ingreso_percapita_promedio": 546453.4732746364,
        "capacidad_pago_promedio": 0.5369657626400125,
        "tamano_hogar_promedio": 3.6829561057356353,
        "gasto_educ_promedio": 131619.82020471324,
        "tasa_deficit_cuantitativo": 0.0094164735347293,
        "tasa_deficit_cualitativo": 0.1714038156094676,
        "tasa_deficit_habitacional": 0.180820289144197,
        "pct_estrato_1": 0.2132961951988319,
        "pct_estrato_2": 0.7829697168463492,
        "pct_estrato_3": 0.0033905540356793,
        "pct_estrato_4": 0.0,
        "pct_estrato_5": 0.0,
        "pct_estrato_6": 0.0,
        "s0_localidad": 0.1806550335776531,
        "dist_transmilenio_m": 2102.2750180801713,
        "dist_sitp_m": 68.44593722172888,
        "dist_parque_m": 56.99821161629458,
        "homicidios": 171.0,
        "lesiones_personales": 2562.0,
        "hurto_personas": 8404.0,
        "hurto_residencias": 1452.0,
        "hurto_automotores": 311.0,
        "hurto_bicicletas": 146.0,
        "hurto_comercio": 2308.0,
        "hurto_entidades": 623.0,
        "violencia_intrafam": 3963.0,
        "delitos_sexuales": 923.0,
        "pct_no_oficial": 33.03,
        "n_sedes_total": 109,
        "n_sedes_no_oficial": 36
      }
    },
    {
      "type": "Feature",
      "geometry": {
        "type": "Point",
        "coordinates": [
          -74.11506999992969,
          4.532179999939218
        ]
      },
      "properties": {
        "DANE12_EST": "111001102008",
        "id_establecimiento": "111001102008",
        "nombre_establecimiento": "COLEGIO JUAN LUIS LONDOÑO (IED)",
        "nombre_localidad": "Usme",
        "codigo_upz": "56",
        "nombre_upz": "DANUBIO",
        "estrato": "Estrato 1",
        "zona": "URBANA",
        "caracter_media": "Académico",
        "lon": -74.11506999992969,
        "lat": 4.532179999939218,
        "codigo_localidad": "05",
        "q_j": 280.2033333333333,
        "puntaje_2023": 281.15,
        "punt_global_2020": 285.53,
        "punt_global_2022": 273.93,
        "matricula_total": 1407.0,
        "demanda_total": 1770.0,
        "sobre_demanda_j": 1.2579957356076759,
        "n_hogares_muestra": null,
        "poblacion_expandida": null,
        "tasa_pobreza_monetaria": null,
        "tasa_pobreza_extrema": null,
        "tasa_ipm": null,
        "ingreso_percapita_promedio": null,
        "capacidad_pago_promedio": null,
        "tamano_hogar_promedio": null,
        "gasto_educ_promedio": null,
        "tasa_deficit_cuantitativo": null,
        "tasa_deficit_cualitativo": null,
        "tasa_deficit_habitacional": null,
        "pct_estrato_1": null,
        "pct_estrato_2": null,
        "pct_estrato_3": null,
        "pct_estrato_4": null,
        "pct_estrato_5": null,
        "pct_estrato_6": null,
        "s0_localidad": 0.1806550335776531,
        "dist_transmilenio_m": 481.7577800369042,
        "dist_sitp_m": 77.15793298711066,
        "dist_parque_m": 185.46168947591713,
        "homicidios": 171.0,
        "lesiones_personales": 2562.0,
        "hurto_personas": 8404.0,
        "hurto_residencias": 1452.0,
        "hurto_automotores": 311.0,
        "hurto_bicicletas": 146.0,
        "hurto_comercio": 2308.0,
        "hurto_entidades": 623.0,
        "violencia_intrafam": 3963.0,
        "delitos_sexuales": 923.0,
        "pct_no_oficial": 33.03,
        "n_sedes_total": 109,
        "n_sedes_no_oficial": 36
      }
    },
    {
      "type": "Feature",
      "geometry": {
        "type": "Point",
        "coordinates": [
          -74.09087999977059,
          4.580480000491336
        ]
      },
      "properties": {
        "DANE12_EST": "111001102016",
        "id_establecimiento": "111001102016",
        "nombre_establecimiento": "COLEGIO TECNICO ALDEMAR ROJAS PLAZAS (IED)",
        "nombre_localidad": "San Cristobal",
        "codigo_upz": "33",
        "nombre_upz": "SOSIEGO",
        "estrato": "Estrato 3",
        "zona": "URBANA",
        "caracter_media": "Técnico",
        "lon": -74.09087999977059,
        "lat": 4.580480000491336,
        "codigo_localidad": "04",
        "q_j": 267.96999999999997,
        "puntaje_2023": 270.0,
        "punt_global_2020": 265.31,
        "punt_global_2022": 268.6,
        "matricula_total": 708.0,
        "demanda_total": 757.0,
        "sobre_demanda_j": 1.0692090395480225,
        "n_hogares_muestra": 2142.0,
        "poblacion_expandida": 44028.000002,
        "tasa_pobreza_monetaria": 0.2922676293157868,
        "tasa_pobreza_extrema": 0.1048946791993779,
        "tasa_ipm": 0.0383286416353989,
        "ingreso_percapita_promedio": 1027486.805516976,
        "capacidad_pago_promedio": 0.1922017177186244,
        "tamano_hogar_promedio": 3.490771427982612,
        "gasto_educ_promedio": 308150.2784604551,
        "tasa_deficit_cuantitativo": 0.0035378109383329,
        "tasa_deficit_cualitativo": 0.0844290801428895,
        "tasa_deficit_habitacional": 0.0879668910812225,
        "pct_estrato_1": 0.0,
        "pct_estrato_2": 0.284426128775578,
        "pct_estrato_3": 0.7155738712244221,
        "pct_estrato_4": 0.0,
        "pct_estrato_5": 0.0,
        "pct_estrato_6": 0.0,
        "s0_localidad": 0.24275340378588084,
        "dist_transmilenio_m": 131.86889916427194,
        "dist_sitp_m": 136.20256264980256,
        "dist_parque_m": 131.63252883459123,
        "homicidios": 113.0,
        "lesiones_personales": 2653.0,
        "hurto_personas": 11264.0,
        "hurto_residencias": 1302.0,
        "hurto_automotores": 438.0,
        "hurto_bicicletas": 251.0,
        "hurto_comercio": 3279.0,
        "hurto_entidades": 810.0,
        "violencia_intrafam": 4309.0,
        "delitos_sexuales": 811.0,
        "pct_no_oficial": 49.61,
        "n_sedes_total": 129,
        "n_sedes_no_oficial": 64
      }
    },
    {
      "type": "Feature",
      "geometry": {
        "type": "Point",
        "coordinates": [
          -74.10766000017024,
          4.553500000525598
        ]
      },
      "properties": {
        "DANE12_EST": "111001102091",
        "id_establecimiento": "111001102091",
        "nombre_establecimiento": "COLEGIO COLOMBIA VIVA (IED)",
        "nombre_localidad": "Rafael Uribe Uribe",
        "codigo_upz": "54",
        "nombre_upz": "MARRUECOS",
        "estrato": "Estrato 2",
        "zona": "URBANA",
        "caracter_media": "Académico",
        "lon": -74.10766000017024,
        "lat": 4.553500000525598,
        "codigo_localidad": "18",
        "q_j": 247.51666666666665,
        "puntaje_2023": 249.23,
        "punt_global_2020": 241.48,
        "punt_global_2022": 251.84,
        "matricula_total": 1528.0,
        "demanda_total": 1650.0,
        "sobre_demanda_j": 1.0798429319371727,
        "n_hogares_muestra": 2741.0,
        "poblacion_expandida": 120852.0000177,
        "tasa_pobreza_monetaria": 0.4994434554385517,
        "tasa_pobreza_extrema": 0.1892095265113609,
        "tasa_ipm": 0.0883647402048451,
        "ingreso_percapita_promedio": 604853.1814262352,
        "capacidad_pago_promedio": 0.5412289176672314,
        "tamano_hogar_promedio": 3.797427198003224,
        "gasto_educ_promedio": 130604.77324336328,
        "tasa_deficit_cuantitativo": 0.00327056179825,
        "tasa_deficit_cualitativo": 0.1622393459763046,
        "tasa_deficit_habitacional": 0.1655099077745546,
        "pct_estrato_1": 0.0840014419174955,
        "pct_estrato_2": 0.8319516782450803,
        "pct_estrato_3": 0.084046879837424,
        "pct_estrato_4": 0.0,
        "pct_estrato_5": 0.0,
        "pct_estrato_6": 0.0,
        "s0_localidad": 0.2741314328601635,
        "dist_transmilenio_m": 1619.6571912821028,
        "dist_sitp_m": 167.7303580823771,
        "dist_parque_m": 56.73679904523514,
        "homicidios": 159.0,
        "lesiones_personales": 2500.0,
        "hurto_personas": 13897.0,
        "hurto_residencias": 1530.0,
        "hurto_automotores": 660.0,
        "hurto_bicicletas": 415.0,
        "hurto_comercio": 3902.0,
        "hurto_entidades": 942.0,
        "violencia_intrafam": 3177.0,
        "delitos_sexuales": 716.0,
        "pct_no_oficial": 57.85,
        "n_sedes_total": 121,
        "n_sedes_no_oficial": 70
      }
    },
    {
      "type": "Feature",
      "geometry": {
        "type": "Point",
        "coordinates": [
          -74.14936999962238,
          4.6721500005144145
        ]
      },
      "properties": {
        "DANE12_EST": "111001102199",
        "id_establecimiento": "111001102199",
        "nombre_establecimiento": "COLEGIO PABLO NERUDA (IED)",
        "nombre_localidad": "Fontibon",
        "codigo_upz": "75",
        "nombre_upz": "FONTIBON",
        "estrato": "Estrato 3",
        "zona": "URBANA",
        "caracter_media": "Académico",
        "lon": -74.14936999962238,
        "lat": 4.6721500005144145,
        "codigo_localidad": "09",
        "q_j": 262.25666666666666,
        "puntaje_2023": 263.08,
        "punt_global_2020": 258.85,
        "punt_global_2022": 264.84,
        "matricula_total": 1814.0,
        "demanda_total": 1964.0,
        "sobre_demanda_j": 1.0826901874310915,
        "n_hogares_muestra": 2481.0,
        "poblacion_expandida": 137089.0000028,
        "tasa_pobreza_monetaria": 0.2732523578050382,
        "tasa_pobreza_extrema": 0.0526171585156553,
        "tasa_ipm": 0.0431018882884791,
        "ingreso_percapita_promedio": 991938.6290965108,
        "capacidad_pago_promedio": 0.2560860274878579,
        "tamano_hogar_promedio": 3.539451453940794,
        "gasto_educ_promedio": 301934.03012095386,
        "tasa_deficit_cuantitativo": 0.013057241696733,
        "tasa_deficit_cualitativo": 0.1021481306655821,
        "tasa_deficit_habitacional": 0.1152053723623151,
        "pct_estrato_1": 0.0,
        "pct_estrato_2": 0.0256912786695363,
        "pct_estrato_3": 0.9719013841386156,
        "pct_estrato_4": 0.002407337191848,
        "pct_estrato_5": 0.0,
        "pct_estrato_6": 0.0,
        "s0_localidad": 0.5228627173012368,
        "dist_transmilenio_m": 3274.0238742807446,
        "dist_sitp_m": 96.94140940523778,
        "dist_parque_m": 167.5358728013682,
        "homicidios": 46.0,
        "lesiones_personales": 1556.0,
        "hurto_personas": 27767.0,
        "hurto_residencias": 1782.0,
        "hurto_automotores": 452.0,
        "hurto_bicicletas": 1473.0,
        "hurto_comercio": 7516.0,
        "hurto_entidades": 505.0,
        "violencia_intrafam": 3285.0,
        "delitos_sexuales": 468.0,
        "pct_no_oficial": 77.55,
        "n_sedes_total": 98,
        "n_sedes_no_oficial": 76
      }
    },
    {
      "type": "Feature",
      "geometry": {
        "type": "Point",
        "coordinates": [
          -74.08206999989537,
          4.684380000478705
        ]
      },
      "properties": {
        "DANE12_EST": "111001104035",
        "id_establecimiento": "111001104035",
        "nombre_establecimiento": "COLEGIO BOLIVIA (IED)",
        "nombre_localidad": "Engativa",
        "codigo_upz": "26",
        "nombre_upz": "LAS FERIAS",
        "estrato": "Estrato 3",
        "zona": "URBANA",
        "caracter_media": "Académico",
        "lon": -74.08206999989537,
        "lat": 4.684380000478705,
        "codigo_localidad": "10",
        "q_j": null,
        "puntaje_2023": null,
        "punt_global_2020": null,
        "punt_global_2022": null,
        "matricula_total": 429.0,
        "demanda_total": 459.0,
        "sobre_demanda_j": 1.06993006993007,
        "n_hogares_muestra": 2278.0,
        "poblacion_expandida": 100930.0000018,
        "tasa_pobreza_monetaria": 0.2695353069029509,
        "tasa_pobreza_extrema": 0.1010484491223433,
        "tasa_ipm": 0.0367254991106102,
        "ingreso_percapita_promedio": 1186126.366683503,
        "capacidad_pago_promedio": 0.2239212238293564,
        "tamano_hogar_promedio": 3.368175820974312,
        "gasto_educ_promedio": 317577.5411351805,
        "tasa_deficit_cuantitativo": 0.0013346152224075,
        "tasa_deficit_cualitativo": 0.0942891977967926,
        "tasa_deficit_habitacional": 0.0956238130192002,
        "pct_estrato_1": 0.0025422399444706,
        "pct_estrato_2": 0.0034884438699467,
        "pct_estrato_3": 0.9314214547896904,
        "pct_estrato_4": 0.0625478613958923,
        "pct_estrato_5": 0.0,
        "pct_estrato_6": 0.0,
        "s0_localidad": 0.45908732785239414,
        "dist_transmilenio_m": 239.93780965162316,
        "dist_sitp_m": 165.63763742526461,
        "dist_parque_m": 73.29114384775046,
        "homicidios": 114.0,
        "lesiones_personales": 3260.0,
        "hurto_personas": 44584.0,
        "hurto_residencias": 4694.0,
        "hurto_automotores": 1548.0,
        "hurto_bicicletas": 2840.0,
        "hurto_comercio": 11724.0,
        "hurto_entidades": 1616.0,
        "violencia_intrafam": 6497.0,
        "delitos_sexuales": 1001.0,
        "pct_no_oficial": 73.15,
        "n_sedes_total": 257,
        "n_sedes_no_oficial": 188
      }
    },
    {
      "type": "Feature",
      "geometry": {
        "type": "Point",
        "coordinates": [
          -74.11258000021782,
          4.744629999962132
        ]
      },
      "properties": {
        "DANE12_EST": "111001104043",
        "id_establecimiento": "111001104043",
        "nombre_establecimiento": "COLEGIO JOSE MARIA VELAZ (IED)",
        "nombre_localidad": "Suba",
        "codigo_upz": "71",
        "nombre_upz": "TIBABUYES",
        "estrato": "Estrato 2",
        "zona": "URBANA",
        "caracter_media": "Académico",
        "lon": -74.11258000021782,
        "lat": 4.744629999962132,
        "codigo_localidad": "11",
        "q_j": 266.17,
        "puntaje_2023": 269.62,
        "punt_global_2020": 267.58,
        "punt_global_2022": 261.31,
        "matricula_total": 1267.0,
        "demanda_total": 1576.0,
        "sobre_demanda_j": 1.2438831886345698,
        "n_hogares_muestra": 2573.0,
        "poblacion_expandida": 297101.9999961,
        "tasa_pobreza_monetaria": 0.4456968888729736,
        "tasa_pobreza_extrema": 0.1490413708291471,
        "tasa_ipm": 0.0547952712557091,
        "ingreso_percapita_promedio": 644941.2180258469,
        "capacidad_pago_promedio": 0.4503924567810265,
        "tamano_hogar_promedio": 3.863038542648874,
        "gasto_educ_promedio": 238418.55806301135,
        "tasa_deficit_cuantitativo": 0.0083614290907924,
        "tasa_deficit_cualitativo": 0.1447133755318523,
        "tasa_deficit_habitacional": 0.1530748046226447,
        "pct_estrato_1": 0.0023181771173167,
        "pct_estrato_2": 0.8509075995924582,
        "pct_estrato_3": 0.1452201069826738,
        "pct_estrato_4": 0.0015541163075511,
        "pct_estrato_5": 0.0,
        "pct_estrato_6": 0.0,
        "s0_localidad": 0.5228297059197053,
        "dist_transmilenio_m": 2042.5152544043842,
        "dist_sitp_m": 13.05432110996873,
        "dist_parque_m": 74.93543646716368,
        "homicidios": 143.0,
        "lesiones_personales": 4117.0,
        "hurto_personas": 47285.0,
        "hurto_residencias": 5010.0,
        "hurto_automotores": 938.0,
        "hurto_bicicletas": 2774.0,
        "hurto_comercio": 12600.0,
        "hurto_entidades": 1324.0,
        "violencia_intrafam": 8047.0,
        "delitos_sexuales": 1387.0,
        "pct_no_oficial": 80.22,
        "n_sedes_total": 364,
        "n_sedes_no_oficial": 292
      }
    },
    {
      "type": "Feature",
      "geometry": {
        "type": "Point",
        "coordinates": [
          -74.18991000001083,
          4.633020000033936
        ]
      },
      "properties": {
        "DANE12_EST": "111001104051",
        "id_establecimiento": "111001104051",
        "nombre_establecimiento": "COLEGIO SAN IGNACIO (IED)",
        "nombre_localidad": "Bosa",
        "codigo_upz": "86",
        "nombre_upz": "EL PORVENIR",
        "estrato": "Estrato 1",
        "zona": "URBANA",
        "caracter_media": "Académico",
        "lon": -74.18991000001083,
        "lat": 4.633020000033936,
        "codigo_localidad": "07",
        "q_j": 265.72333333333336,
        "puntaje_2023": 267.69,
        "punt_global_2020": 259.48,
        "punt_global_2022": 270.0,
        "matricula_total": 1349.0,
        "demanda_total": 1432.0,
        "sobre_demanda_j": 1.061527057079318,
        "n_hogares_muestra": 2345.0,
        "poblacion_expandida": 141524.0000047,
        "tasa_pobreza_monetaria": 0.5257805841760325,
        "tasa_pobreza_extrema": 0.1800588803931045,
        "tasa_ipm": 0.0762387072859845,
        "ingreso_percapita_promedio": 540236.3615340404,
        "capacidad_pago_promedio": 0.4928230750408675,
        "tamano_hogar_promedio": 3.676861827955815,
        "gasto_educ_promedio": 122842.87380400246,
        "tasa_deficit_cuantitativo": 0.0045173917199822,
        "tasa_deficit_cualitativo": 0.1650564668390113,
        "tasa_deficit_habitacional": 0.1695738585589935,
        "pct_estrato_1": 0.3280617828428966,
        "pct_estrato_2": 0.6692759896410106,
        "pct_estrato_3": 0.0026622275160925,
        "pct_estrato_4": 0.0,
        "pct_estrato_5": 0.0,
        "pct_estrato_6": 0.0,
        "s0_localidad": 0.2763191613237501,
        "dist_transmilenio_m": 1911.0103658205003,
        "dist_sitp_m": 72.29634473945327,
        "dist_parque_m": 186.81656064856728,
        "homicidios": 209.0,
        "lesiones_personales": 3464.0,
        "hurto_personas": 19664.0,
        "hurto_residencias": 2638.0,
        "hurto_automotores": 681.0,
        "hurto_bicicletas": 1403.0,
        "hurto_comercio": 5397.0,
        "hurto_entidades": 1643.0,
        "violencia_intrafam": 7523.0,
        "delitos_sexuales": 1159.0,
        "pct_no_oficial": 55.7,
        "n_sedes_total": 149,
        "n_sedes_no_oficial": 83
      }
    },
    {
      "type": "Feature",
      "geometry": {
        "type": "Point",
        "coordinates": [
          -74.20148999998041,
          4.62775999973467
        ]
      },
      "properties": {
        "DANE12_EST": "111001104183",
        "id_establecimiento": "111001104183",
        "nombre_establecimiento": "COLEGIO LEONARDO POSADA PEDRAZA (IED)",
        "nombre_localidad": "Bosa",
        "codigo_upz": "87",
        "nombre_upz": "TINTAL SUR",
        "estrato": "Estrato 2",
        "zona": "URBANA",
        "caracter_media": "Académico",
        "lon": -74.20148999998041,
        "lat": 4.62775999973467,
        "codigo_localidad": "07",
        "q_j": 261.28000000000003,
        "puntaje_2023": 261.74,
        "punt_global_2020": 260.0,
        "punt_global_2022": 262.1,
        "matricula_total": 3362.0,
        "demanda_total": 3564.0,
        "sobre_demanda_j": 1.0600832837596668,
        "n_hogares_muestra": 2392.0,
        "poblacion_expandida": 110225.0000021,
        "tasa_pobreza_monetaria": 0.4520666539165404,
        "tasa_pobreza_extrema": 0.1571335105708325,
        "tasa_ipm": 0.0744802714705701,
        "ingreso_percapita_promedio": 552453.5751865588,
        "capacidad_pago_promedio": 0.4627239344615857,
        "tamano_hogar_promedio": 3.718366457247371,
        "gasto_educ_promedio": 125393.3035398334,
        "tasa_deficit_cuantitativo": 0.0091994534586589,
        "tasa_deficit_cualitativo": 0.0865527447078089,
        "tasa_deficit_habitacional": 0.0957521981664678,
        "pct_estrato_1": 0.2727037086298691,
        "pct_estrato_2": 0.7241674077884259,
        "pct_estrato_3": 0.0031288835817049,
        "pct_estrato_4": 0.0,
        "pct_estrato_5": 0.0,
        "pct_estrato_6": 0.0,
        "s0_localidad": 0.2763191613237501,
        "dist_transmilenio_m": 3156.2852203920897,
        "dist_sitp_m": 15.040383882090488,
        "dist_parque_m": 96.24905313957713,
        "homicidios": 209.0,
        "lesiones_personales": 3464.0,
        "hurto_personas": 19664.0,
        "hurto_residencias": 2638.0,
        "hurto_automotores": 681.0,
        "hurto_bicicletas": 1403.0,
        "hurto_comercio": 5397.0,
        "hurto_entidades": 1643.0,
        "violencia_intrafam": 7523.0,
        "delitos_sexuales": 1159.0,
        "pct_no_oficial": 55.7,
        "n_sedes_total": 149,
        "n_sedes_no_oficial": 83
      }
    },
    {
      "type": "Feature",
      "geometry": {
        "type": "Point",
        "coordinates": [
          -74.11333000005529,
          4.753209999983457
        ]
      },
      "properties": {
        "DANE12_EST": "111001104256",
        "id_establecimiento": "111001104256",
        "nombre_establecimiento": "COLEGIO DELIA ZAPATA OLIVELLA (IED)",
        "nombre_localidad": "Suba",
        "codigo_upz": "71",
        "nombre_upz": "TIBABUYES",
        "estrato": "Sin estrato",
        "zona": "URBANA",
        "caracter_media": "Académico",
        "lon": -74.11333000005529,
        "lat": 4.753209999983457,
        "codigo_localidad": "11",
        "q_j": 259.50333333333333,
        "puntaje_2023": 258.08,
        "punt_global_2020": 257.29,
        "punt_global_2022": 263.14,
        "matricula_total": 2205.0,
        "demanda_total": 2521.0,
        "sobre_demanda_j": 1.1433106575963718,
        "n_hogares_muestra": 2573.0,
        "poblacion_expandida": 297101.9999961,
        "tasa_pobreza_monetaria": 0.4456968888729736,
        "tasa_pobreza_extrema": 0.1490413708291471,
        "tasa_ipm": 0.0547952712557091,
        "ingreso_percapita_promedio": 644941.2180258469,
        "capacidad_pago_promedio": 0.4503924567810265,
        "tamano_hogar_promedio": 3.863038542648874,
        "gasto_educ_promedio": 238418.55806301135,
        "tasa_deficit_cuantitativo": 0.0083614290907924,
        "tasa_deficit_cualitativo": 0.1447133755318523,
        "tasa_deficit_habitacional": 0.1530748046226447,
        "pct_estrato_1": 0.0023181771173167,
        "pct_estrato_2": 0.8509075995924582,
        "pct_estrato_3": 0.1452201069826738,
        "pct_estrato_4": 0.0015541163075511,
        "pct_estrato_5": 0.0,
        "pct_estrato_6": 0.0,
        "s0_localidad": 0.5228297059197053,
        "dist_transmilenio_m": 2227.6498544430265,
        "dist_sitp_m": 223.09738214000322,
        "dist_parque_m": 117.51373436561452,
        "homicidios": 143.0,
        "lesiones_personales": 4117.0,
        "hurto_personas": 47285.0,
        "hurto_residencias": 5010.0,
        "hurto_automotores": 938.0,
        "hurto_bicicletas": 2774.0,
        "hurto_comercio": 12600.0,
        "hurto_entidades": 1324.0,
        "violencia_intrafam": 8047.0,
        "delitos_sexuales": 1387.0,
        "pct_no_oficial": 80.22,
        "n_sedes_total": 364,
        "n_sedes_no_oficial": 292
      }
    },
    {
      "type": "Feature",
      "geometry": {
        "type": "Point",
        "coordinates": [
          -74.11581999976715,
          4.749059999743512
        ]
      },
      "properties": {
        "DANE12_EST": "111001104264",
        "id_establecimiento": "111001104264",
        "nombre_establecimiento": "COLEGIO GERARDO MOLINA RAMIREZ (IED)",
        "nombre_localidad": "Suba",
        "codigo_upz": "71",
        "nombre_upz": "TIBABUYES",
        "estrato": "Sin estrato",
        "zona": "URBANA",
        "caracter_media": "Académico",
        "lon": -74.11581999976715,
        "lat": 4.749059999743512,
        "codigo_localidad": "11",
        "q_j": 261.17,
        "puntaje_2023": 265.83,
        "punt_global_2020": 253.22,
        "punt_global_2022": 264.46,
        "matricula_total": 3190.0,
        "demanda_total": 3682.0,
        "sobre_demanda_j": 1.15423197492163,
        "n_hogares_muestra": 2573.0,
        "poblacion_expandida": 297101.9999961,
        "tasa_pobreza_monetaria": 0.4456968888729736,
        "tasa_pobreza_extrema": 0.1490413708291471,
        "tasa_ipm": 0.0547952712557091,
        "ingreso_percapita_promedio": 644941.2180258469,
        "capacidad_pago_promedio": 0.4503924567810265,
        "tamano_hogar_promedio": 3.863038542648874,
        "gasto_educ_promedio": 238418.55806301135,
        "tasa_deficit_cuantitativo": 0.0083614290907924,
        "tasa_deficit_cualitativo": 0.1447133755318523,
        "tasa_deficit_habitacional": 0.1530748046226447,
        "pct_estrato_1": 0.0023181771173167,
        "pct_estrato_2": 0.8509075995924582,
        "pct_estrato_3": 0.1452201069826738,
        "pct_estrato_4": 0.0015541163075511,
        "pct_estrato_5": 0.0,
        "pct_estrato_6": 0.0,
        "s0_localidad": 0.5228297059197053,
        "dist_transmilenio_m": 2400.0579783694193,
        "dist_sitp_m": 191.08439967915984,
        "dist_parque_m": 118.84061348321028,
        "homicidios": 143.0,
        "lesiones_personales": 4117.0,
        "hurto_personas": 47285.0,
        "hurto_residencias": 5010.0,
        "hurto_automotores": 938.0,
        "hurto_bicicletas": 2774.0,
        "hurto_comercio": 12600.0,
        "hurto_entidades": 1324.0,
        "violencia_intrafam": 8047.0,
        "delitos_sexuales": 1387.0,
        "pct_no_oficial": 80.22,
        "n_sedes_total": 364,
        "n_sedes_no_oficial": 292
      }
    },
    {
      "type": "Feature",
      "geometry": {
        "type": "Point",
        "coordinates": [
          -74.15973000029955,
          4.6717300000636905
        ]
      },
      "properties": {
        "DANE12_EST": "111001104272",
        "id_establecimiento": "111001104272",
        "nombre_establecimiento": "COLEGIO CARLO FEDERICI (IED)",
        "nombre_localidad": "Fontibon",
        "codigo_upz": "77",
        "nombre_upz": "ZONA FRANCA",
        "estrato": "Estrato 2",
        "zona": "URBANA",
        "caracter_media": "Académico",
        "lon": -74.15973000029955,
        "lat": 4.6717300000636905,
        "codigo_localidad": "09",
        "q_j": 270.71,
        "puntaje_2023": 279.01,
        "punt_global_2020": 264.24,
        "punt_global_2022": 268.88,
        "matricula_total": 2139.0,
        "demanda_total": 2340.0,
        "sobre_demanda_j": 1.0939691444600281,
        "n_hogares_muestra": 2209.0,
        "poblacion_expandida": 63491.99999910001,
        "tasa_pobreza_monetaria": 0.2272409248740709,
        "tasa_pobreza_extrema": 0.0528382328663068,
        "tasa_ipm": 0.0249369790323575,
        "ingreso_percapita_promedio": 849636.8976627991,
        "capacidad_pago_promedio": 0.2624403615248566,
        "tamano_hogar_promedio": 3.4567029700026928,
        "gasto_educ_promedio": 254081.26538960836,
        "tasa_deficit_cuantitativo": 0.0,
        "tasa_deficit_cualitativo": 0.0878165781890479,
        "tasa_deficit_habitacional": 0.0878165781890479,
        "pct_estrato_1": 0.0068097951065666,
        "pct_estrato_2": 0.9706812326115668,
        "pct_estrato_3": 0.0225089722818663,
        "pct_estrato_4": 0.0,
        "pct_estrato_5": 0.0,
        "pct_estrato_6": 0.0,
        "s0_localidad": 0.5228627173012368,
        "dist_transmilenio_m": 3761.0917498656663,
        "dist_sitp_m": 340.44885152178364,
        "dist_parque_m": 284.90469363808484,
        "homicidios": 46.0,
        "lesiones_personales": 1556.0,
        "hurto_personas": 27767.0,
        "hurto_residencias": 1782.0,
        "hurto_automotores": 452.0,
        "hurto_bicicletas": 1473.0,
        "hurto_comercio": 7516.0,
        "hurto_entidades": 505.0,
        "violencia_intrafam": 3285.0,
        "delitos_sexuales": 468.0,
        "pct_no_oficial": 77.55,
        "n_sedes_total": 98,
        "n_sedes_no_oficial": 76
      }
    },
    {
      "type": "Feature",
      "geometry": {
        "type": "Point",
        "coordinates": [
          -74.15578000019745,
          4.644850000431368
        ]
      },
      "properties": {
        "DANE12_EST": "111001104281",
        "id_establecimiento": "111001104281",
        "nombre_establecimiento": "COLEGIO GABRIEL BETANCOURT MEJIA (IED)",
        "nombre_localidad": "Kennedy",
        "codigo_upz": "79",
        "nombre_upz": "CALANDAIMA",
        "estrato": "Estrato 2",
        "zona": "URBANA",
        "caracter_media": "Académico",
        "lon": -74.15578000019745,
        "lat": 4.644850000431368,
        "codigo_localidad": "08",
        "q_j": 266.43,
        "puntaje_2023": 264.2,
        "punt_global_2020": 266.23,
        "punt_global_2022": 268.86,
        "matricula_total": 2614.0,
        "demanda_total": 3098.0,
        "sobre_demanda_j": 1.1851568477429226,
        "n_hogares_muestra": 2159.0,
        "poblacion_expandida": 131416.00000330005,
        "tasa_pobreza_monetaria": 0.4082581270967975,
        "tasa_pobreza_extrema": 0.1249415480435235,
        "tasa_ipm": 0.051825026866812,
        "ingreso_percapita_promedio": 795003.2777595875,
        "capacidad_pago_promedio": 0.3062280391816022,
        "tamano_hogar_promedio": 3.611269558498834,
        "gasto_educ_promedio": 243487.31042366044,
        "tasa_deficit_cuantitativo": 0.0011947116347785,
        "tasa_deficit_cualitativo": 0.0558752538033086,
        "tasa_deficit_habitacional": 0.0570699654380872,
        "pct_estrato_1": 0.0019407860747062,
        "pct_estrato_2": 0.9564791211606166,
        "pct_estrato_3": 0.0415800927646769,
        "pct_estrato_4": 0.0,
        "pct_estrato_5": 0.0,
        "pct_estrato_6": 0.0,
        "s0_localidad": 0.3719221758740453,
        "dist_transmilenio_m": 867.5590524691826,
        "dist_sitp_m": 66.95884490454738,
        "dist_parque_m": 71.47679908481744,
        "homicidios": 277.0,
        "lesiones_personales": 5216.0,
        "hurto_personas": 45928.0,
        "hurto_residencias": 4574.0,
        "hurto_automotores": 2662.0,
        "hurto_bicicletas": 2842.0,
        "hurto_comercio": 11829.0,
        "hurto_entidades": 2994.0,
        "violencia_intrafam": 8341.0,
        "delitos_sexuales": 1353.0,
        "pct_no_oficial": 70.99,
        "n_sedes_total": 262,
        "n_sedes_no_oficial": 186
      }
    },
    {
      "type": "Feature",
      "geometry": {
        "type": "Point",
        "coordinates": [
          -74.19991999998531,
          4.616430000226794
        ]
      },
      "properties": {
        "DANE12_EST": "111001104299",
        "id_establecimiento": "111001104299",
        "nombre_establecimiento": "COLEGIO ALFONSO REYES ECHANDIA (IED)",
        "nombre_localidad": "Bosa",
        "codigo_upz": "85",
        "nombre_upz": "BOSA CENTRAL",
        "estrato": "Sin estrato",
        "zona": "URBANA",
        "caracter_media": "Académico",
        "lon": -74.19991999998531,
        "lat": 4.616430000226794,
        "codigo_localidad": "07",
        "q_j": 268.8333333333333,
        "puntaje_2023": 272.07,
        "punt_global_2020": 261.99,
        "punt_global_2022": 272.44,
        "matricula_total": 3166.0,
        "demanda_total": 3410.0,
        "sobre_demanda_j": 1.0770688566013897,
        "n_hogares_muestra": 2530.0,
        "poblacion_expandida": 236893.9999938,
        "tasa_pobreza_monetaria": 0.5774122247227872,
        "tasa_pobreza_extrema": 0.2259702239533336,
        "tasa_ipm": 0.0772742342008624,
        "ingreso_percapita_promedio": 559243.4881524148,
        "capacidad_pago_promedio": 0.5417241991656973,
        "tamano_hogar_promedio": 3.662381280285304,
        "gasto_educ_promedio": 133205.3566644155,
        "tasa_deficit_cuantitativo": 0.0140410598706048,
        "tasa_deficit_cualitativo": 0.1537435722367523,
        "tasa_deficit_habitacional": 0.1677846321073571,
        "pct_estrato_1": 0.0108539179665474,
        "pct_estrato_2": 0.9885468201365548,
        "pct_estrato_3": 0.0005992618968978,
        "pct_estrato_4": 0.0,
        "pct_estrato_5": 0.0,
        "pct_estrato_6": 0.0,
        "s0_localidad": 0.2763191613237501,
        "dist_transmilenio_m": 2758.3166931491587,
        "dist_sitp_m": 183.64674203214483,
        "dist_parque_m": 114.1095234145019,
        "homicidios": 209.0,
        "lesiones_personales": 3464.0,
        "hurto_personas": 19664.0,
        "hurto_residencias": 2638.0,
        "hurto_automotores": 681.0,
        "hurto_bicicletas": 1403.0,
        "hurto_comercio": 5397.0,
        "hurto_entidades": 1643.0,
        "violencia_intrafam": 7523.0,
        "delitos_sexuales": 1159.0,
        "pct_no_oficial": 55.7,
        "n_sedes_total": 149,
        "n_sedes_no_oficial": 83
      }
    },
    {
      "type": "Feature",
      "geometry": {
        "type": "Point",
        "coordinates": [
          -74.18926999977823,
          4.628659999780879
        ]
      },
      "properties": {
        "DANE12_EST": "111001104302",
        "id_establecimiento": "111001104302",
        "nombre_establecimiento": "COLEGIO ORLANDO HIGUITA ROJAS (IED)",
        "nombre_localidad": "Bosa",
        "codigo_upz": "84",
        "nombre_upz": "BOSA OCCIDENTAL",
        "estrato": "Estrato 2",
        "zona": "URBANA",
        "caracter_media": "Académico",
        "lon": -74.18926999977823,
        "lat": 4.628659999780879,
        "codigo_localidad": "07",
        "q_j": 249.66,
        "puntaje_2023": 251.77,
        "punt_global_2020": 244.35,
        "punt_global_2022": 252.86,
        "matricula_total": 3446.0,
        "demanda_total": 3657.0,
        "sobre_demanda_j": 1.0612304120719676,
        "n_hogares_muestra": 2513.0,
        "poblacion_expandida": 199171.0000029,
        "tasa_pobreza_monetaria": 0.5522918237042458,
        "tasa_pobreza_extrema": 0.1879558875079952,
        "tasa_ipm": 0.0996822849647334,
        "ingreso_percapita_promedio": 536362.5788589469,
        "capacidad_pago_promedio": 0.5493628931456228,
        "tamano_hogar_promedio": 3.7633010092291874,
        "gasto_educ_promedio": 137178.08860508617,
        "tasa_deficit_cuantitativo": 0.0104317439329508,
        "tasa_deficit_cualitativo": 0.1768060546886206,
        "tasa_deficit_habitacional": 0.1872377986215714,
        "pct_estrato_1": 0.0242614269719469,
        "pct_estrato_2": 0.9753720865706926,
        "pct_estrato_3": 0.0,
        "pct_estrato_4": 0.0,
        "pct_estrato_5": 0.0,
        "pct_estrato_6": 0.0,
        "s0_localidad": 0.2763191613237501,
        "dist_transmilenio_m": 1798.5498174695513,
        "dist_sitp_m": 182.77497577570162,
        "dist_parque_m": 63.173941190011384,
        "homicidios": 209.0,
        "lesiones_personales": 3464.0,
        "hurto_personas": 19664.0,
        "hurto_residencias": 2638.0,
        "hurto_automotores": 681.0,
        "hurto_bicicletas": 1403.0,
        "hurto_comercio": 5397.0,
        "hurto_entidades": 1643.0,
        "violencia_intrafam": 7523.0,
        "delitos_sexuales": 1159.0,
        "pct_no_oficial": 55.7,
        "n_sedes_total": 149,
        "n_sedes_no_oficial": 83
      }
    },
    {
      "type": "Feature",
      "geometry": {
        "type": "Point",
        "coordinates": [
          -74.20479999984993,
          4.635560000595167
        ]
      },
      "properties": {
        "DANE12_EST": "111001104329",
        "id_establecimiento": "111001104329",
        "nombre_establecimiento": "COLEGIO CARLOS PIZARRO LEON GOMEZ (IED)",
        "nombre_localidad": "Bosa",
        "codigo_upz": "87",
        "nombre_upz": "TINTAL SUR",
        "estrato": "Sin estrato",
        "zona": "URBANA",
        "caracter_media": "Académico",
        "lon": -74.20479999984993,
        "lat": 4.635560000595167,
        "codigo_localidad": "07",
        "q_j": 248.60000000000002,
        "puntaje_2023": 249.7,
        "punt_global_2020": 245.52,
        "punt_global_2022": 250.58,
        "matricula_total": 4029.0,
        "demanda_total": 4363.0,
        "sobre_demanda_j": 1.0828989823777613,
        "n_hogares_muestra": 2392.0,
        "poblacion_expandida": 110225.0000021,
        "tasa_pobreza_monetaria": 0.4520666539165404,
        "tasa_pobreza_extrema": 0.1571335105708325,
        "tasa_ipm": 0.0744802714705701,
        "ingreso_percapita_promedio": 552453.5751865588,
        "capacidad_pago_promedio": 0.4627239344615857,
        "tamano_hogar_promedio": 3.718366457247371,
        "gasto_educ_promedio": 125393.3035398334,
        "tasa_deficit_cuantitativo": 0.0091994534586589,
        "tasa_deficit_cualitativo": 0.0865527447078089,
        "tasa_deficit_habitacional": 0.0957521981664678,
        "pct_estrato_1": 0.2727037086298691,
        "pct_estrato_2": 0.7241674077884259,
        "pct_estrato_3": 0.0031288835817049,
        "pct_estrato_4": 0.0,
        "pct_estrato_5": 0.0,
        "pct_estrato_6": 0.0,
        "s0_localidad": 0.2763191613237501,
        "dist_transmilenio_m": 3584.427451352647,
        "dist_sitp_m": 64.84947558295482,
        "dist_parque_m": 173.35392889339943,
        "homicidios": 209.0,
        "lesiones_personales": 3464.0,
        "hurto_personas": 19664.0,
        "hurto_residencias": 2638.0,
        "hurto_automotores": 681.0,
        "hurto_bicicletas": 1403.0,
        "hurto_comercio": 5397.0,
        "hurto_entidades": 1643.0,
        "violencia_intrafam": 7523.0,
        "delitos_sexuales": 1159.0,
        "pct_no_oficial": 55.7,
        "n_sedes_total": 149,
        "n_sedes_no_oficial": 83
      }
    },
    {
      "type": "Feature",
      "geometry": {
        "type": "Point",
        "coordinates": [
          -74.11343999966013,
          4.490119999816906
        ]
      },
      "properties": {
        "DANE12_EST": "111001104337",
        "id_establecimiento": "111001104337",
        "nombre_establecimiento": "COLEGIO EDUARDO UMAÑA MENDOZA (IED)",
        "nombre_localidad": "Usme",
        "codigo_upz": "58",
        "nombre_upz": "COMUNEROS",
        "estrato": "Estrato 1",
        "zona": "URBANA",
        "caracter_media": "Académico",
        "lon": -74.11343999966013,
        "lat": 4.490119999816906,
        "codigo_localidad": "05",
        "q_j": 249.6,
        "puntaje_2023": 254.23,
        "punt_global_2020": 246.97,
        "punt_global_2022": 247.6,
        "matricula_total": 1722.0,
        "demanda_total": 1828.0,
        "sobre_demanda_j": 1.0615563298490127,
        "n_hogares_muestra": 2461.0,
        "poblacion_expandida": 98789.9999997,
        "tasa_pobreza_monetaria": 0.5463223495319759,
        "tasa_pobreza_extrema": 0.1430068890428474,
        "tasa_ipm": 0.0808793279686634,
        "ingreso_percapita_promedio": 538295.1485405599,
        "capacidad_pago_promedio": 0.6418885111488265,
        "tamano_hogar_promedio": 3.78760632903772,
        "gasto_educ_promedio": 85874.88811383818,
        "tasa_deficit_cuantitativo": 0.0237107379320489,
        "tasa_deficit_cualitativo": 0.1587196053178218,
        "tasa_deficit_habitacional": 0.1824303432498707,
        "pct_estrato_1": 0.4316831555524801,
        "pct_estrato_2": 0.5647227497800326,
        "pct_estrato_3": 0.0035940946674873,
        "pct_estrato_4": 0.0,
        "pct_estrato_5": 0.0,
        "pct_estrato_6": 0.0,
        "s0_localidad": 0.1806550335776531,
        "dist_transmilenio_m": 4671.913645435484,
        "dist_sitp_m": 163.16291434237098,
        "dist_parque_m": 215.99273348686592,
        "homicidios": 171.0,
        "lesiones_personales": 2562.0,
        "hurto_personas": 8404.0,
        "hurto_residencias": 1452.0,
        "hurto_automotores": 311.0,
        "hurto_bicicletas": 146.0,
        "hurto_comercio": 2308.0,
        "hurto_entidades": 623.0,
        "violencia_intrafam": 3963.0,
        "delitos_sexuales": 923.0,
        "pct_no_oficial": 33.03,
        "n_sedes_total": 109,
        "n_sedes_no_oficial": 36
      }
    },
    {
      "type": "Feature",
      "geometry": {
        "type": "Point",
        "coordinates": [
          -74.11510000006693,
          4.496750000311392
        ]
      },
      "properties": {
        "DANE12_EST": "111001104345",
        "id_establecimiento": "111001104345",
        "nombre_establecimiento": "COLEGIO DIEGO MONTAÑA CUELLAR (IED)",
        "nombre_localidad": "Usme",
        "codigo_upz": "58",
        "nombre_upz": "COMUNEROS",
        "estrato": "Estrato 1",
        "zona": "URBANA",
        "caracter_media": "Académico",
        "lon": -74.11510000006693,
        "lat": 4.496750000311392,
        "codigo_localidad": "05",
        "q_j": null,
        "puntaje_2023": null,
        "punt_global_2020": null,
        "punt_global_2022": null,
        "matricula_total": 2686.0,
        "demanda_total": 2927.0,
        "sobre_demanda_j": 1.0897244973938942,
        "n_hogares_muestra": 2461.0,
        "poblacion_expandida": 98789.9999997,
        "tasa_pobreza_monetaria": 0.5463223495319759,
        "tasa_pobreza_extrema": 0.1430068890428474,
        "tasa_ipm": 0.0808793279686634,
        "ingreso_percapita_promedio": 538295.1485405599,
        "capacidad_pago_promedio": 0.6418885111488265,
        "tamano_hogar_promedio": 3.78760632903772,
        "gasto_educ_promedio": 85874.88811383818,
        "tasa_deficit_cuantitativo": 0.0237107379320489,
        "tasa_deficit_cualitativo": 0.1587196053178218,
        "tasa_deficit_habitacional": 0.1824303432498707,
        "pct_estrato_1": 0.4316831555524801,
        "pct_estrato_2": 0.5647227497800326,
        "pct_estrato_3": 0.0035940946674873,
        "pct_estrato_4": 0.0,
        "pct_estrato_5": 0.0,
        "pct_estrato_6": 0.0,
        "s0_localidad": 0.1806550335776531,
        "dist_transmilenio_m": 3916.8728953655873,
        "dist_sitp_m": 24.98301756993761,
        "dist_parque_m": 36.79285444314151,
        "homicidios": 171.0,
        "lesiones_personales": 2562.0,
        "hurto_personas": 8404.0,
        "hurto_residencias": 1452.0,
        "hurto_automotores": 311.0,
        "hurto_bicicletas": 146.0,
        "hurto_comercio": 2308.0,
        "hurto_entidades": 623.0,
        "violencia_intrafam": 3963.0,
        "delitos_sexuales": 923.0,
        "pct_no_oficial": 33.03,
        "n_sedes_total": 109,
        "n_sedes_no_oficial": 36
      }
    },
    {
      "type": "Feature",
      "geometry": {
        "type": "Point",
        "coordinates": [
          -74.10444999985985,
          4.485460000589956
        ]
      },
      "properties": {
        "DANE12_EST": "111001104353",
        "id_establecimiento": "111001104353",
        "nombre_establecimiento": "COLEGIO CIUDAD DE VILLAVICENCIO (IED)",
        "nombre_localidad": "Usme",
        "codigo_upz": "59",
        "nombre_upz": "ALFONSO LOPEZ",
        "estrato": "Estrato 1",
        "zona": "URBANA",
        "caracter_media": "Académico",
        "lon": -74.10444999985985,
        "lat": 4.485460000589956,
        "codigo_localidad": "05",
        "q_j": null,
        "puntaje_2023": null,
        "punt_global_2020": null,
        "punt_global_2022": null,
        "matricula_total": 2326.0,
        "demanda_total": 2436.0,
        "sobre_demanda_j": 1.047291487532244,
        "n_hogares_muestra": null,
        "poblacion_expandida": null,
        "tasa_pobreza_monetaria": null,
        "tasa_pobreza_extrema": null,
        "tasa_ipm": null,
        "ingreso_percapita_promedio": null,
        "capacidad_pago_promedio": null,
        "tamano_hogar_promedio": null,
        "gasto_educ_promedio": null,
        "tasa_deficit_cuantitativo": null,
        "tasa_deficit_cualitativo": null,
        "tasa_deficit_habitacional": null,
        "pct_estrato_1": null,
        "pct_estrato_2": null,
        "pct_estrato_3": null,
        "pct_estrato_4": null,
        "pct_estrato_5": null,
        "pct_estrato_6": null,
        "s0_localidad": 0.1806550335776531,
        "dist_transmilenio_m": 5403.364414183014,
        "dist_sitp_m": 139.27629779433613,
        "dist_parque_m": 131.08255918949754,
        "homicidios": 171.0,
        "lesiones_personales": 2562.0,
        "hurto_personas": 8404.0,
        "hurto_residencias": 1452.0,
        "hurto_automotores": 311.0,
        "hurto_bicicletas": 146.0,
        "hurto_comercio": 2308.0,
        "hurto_entidades": 623.0,
        "violencia_intrafam": 3963.0,
        "delitos_sexuales": 923.0,
        "pct_no_oficial": 33.03,
        "n_sedes_total": 109,
        "n_sedes_no_oficial": 36
      }
    },
    {
      "type": "Feature",
      "geometry": {
        "type": "Point",
        "coordinates": [
          -74.09467000003914,
          4.730180000501628
        ]
      },
      "properties": {
        "DANE12_EST": "111001104388",
        "id_establecimiento": "111001104388",
        "nombre_establecimiento": "COLEGIO GONZALO ARANGO (IED)",
        "nombre_localidad": "Suba",
        "codigo_upz": "28",
        "nombre_upz": "EL RINCON",
        "estrato": "Sin estrato",
        "zona": "URBANA",
        "caracter_media": "Académico",
        "lon": -74.09467000003914,
        "lat": 4.730180000501628,
        "codigo_localidad": "11",
        "q_j": 263.06,
        "puntaje_2023": 267.69,
        "punt_global_2020": 255.65,
        "punt_global_2022": 265.84,
        "matricula_total": 2606.0,
        "demanda_total": 2831.0,
        "sobre_demanda_j": 1.0863392171910975,
        "n_hogares_muestra": 2382.0,
        "poblacion_expandida": 288983.999996,
        "tasa_pobreza_monetaria": 0.3937239387131291,
        "tasa_pobreza_extrema": 0.1074366146223657,
        "tasa_ipm": 0.0605278706414269,
        "ingreso_percapita_promedio": 736885.8395595187,
        "capacidad_pago_promedio": 0.3534176288099468,
        "tamano_hogar_promedio": 3.525641986305134,
        "gasto_educ_promedio": 229243.80352093693,
        "tasa_deficit_cuantitativo": 0.0020934378962446,
        "tasa_deficit_cualitativo": 0.1305752875097663,
        "tasa_deficit_habitacional": 0.132668725406011,
        "pct_estrato_1": 0.0094350357315205,
        "pct_estrato_2": 0.6161685875324056,
        "pct_estrato_3": 0.3631913363191484,
        "pct_estrato_4": 0.0,
        "pct_estrato_5": 0.0,
        "pct_estrato_6": 0.0,
        "s0_localidad": 0.5228297059197053,
        "dist_transmilenio_m": 1293.0541753077384,
        "dist_sitp_m": 222.99063164432366,
        "dist_parque_m": 114.65219551672068,
        "homicidios": 143.0,
        "lesiones_personales": 4117.0,
        "hurto_personas": 47285.0,
        "hurto_residencias": 5010.0,
        "hurto_automotores": 938.0,
        "hurto_bicicletas": 2774.0,
        "hurto_comercio": 12600.0,
        "hurto_entidades": 1324.0,
        "violencia_intrafam": 8047.0,
        "delitos_sexuales": 1387.0,
        "pct_no_oficial": 80.22,
        "n_sedes_total": 364,
        "n_sedes_no_oficial": 292
      }
    },
    {
      "type": "Feature",
      "geometry": {
        "type": "Point",
        "coordinates": [
          -74.16571999985172,
          4.648190000457317
        ]
      },
      "properties": {
        "DANE12_EST": "111001104558",
        "id_establecimiento": "111001104558",
        "nombre_establecimiento": "COLEGIO CODEMA (IED)",
        "nombre_localidad": "Kennedy",
        "codigo_upz": "79",
        "nombre_upz": "CALANDAIMA",
        "estrato": "Estrato 2",
        "zona": "URBANA",
        "caracter_media": "Académico",
        "lon": -74.16571999985172,
        "lat": 4.648190000457317,
        "codigo_localidad": "08",
        "q_j": 263.6366666666667,
        "puntaje_2023": 266.95,
        "punt_global_2020": 261.04,
        "punt_global_2022": 262.92,
        "matricula_total": 2637.0,
        "demanda_total": 2982.0,
        "sobre_demanda_j": 1.130830489192264,
        "n_hogares_muestra": 2159.0,
        "poblacion_expandida": 131416.00000330005,
        "tasa_pobreza_monetaria": 0.4082581270967975,
        "tasa_pobreza_extrema": 0.1249415480435235,
        "tasa_ipm": 0.051825026866812,
        "ingreso_percapita_promedio": 795003.2777595875,
        "capacidad_pago_promedio": 0.3062280391816022,
        "tamano_hogar_promedio": 3.611269558498834,
        "gasto_educ_promedio": 243487.31042366044,
        "tasa_deficit_cuantitativo": 0.0011947116347785,
        "tasa_deficit_cualitativo": 0.0558752538033086,
        "tasa_deficit_habitacional": 0.0570699654380872,
        "pct_estrato_1": 0.0019407860747062,
        "pct_estrato_2": 0.9564791211606166,
        "pct_estrato_3": 0.0415800927646769,
        "pct_estrato_4": 0.0,
        "pct_estrato_5": 0.0,
        "pct_estrato_6": 0.0,
        "s0_localidad": 0.3719221758740453,
        "dist_transmilenio_m": 1343.5898156332335,
        "dist_sitp_m": 197.58215675091466,
        "dist_parque_m": 83.01839359413496,
        "homicidios": 277.0,
        "lesiones_personales": 5216.0,
        "hurto_personas": 45928.0,
        "hurto_residencias": 4574.0,
        "hurto_automotores": 2662.0,
        "hurto_bicicletas": 2842.0,
        "hurto_comercio": 11829.0,
        "hurto_entidades": 2994.0,
        "violencia_intrafam": 8341.0,
        "delitos_sexuales": 1353.0,
        "pct_no_oficial": 70.99,
        "n_sedes_total": 262,
        "n_sedes_no_oficial": 186
      }
    },
    {
      "type": "Feature",
      "geometry": {
        "type": "Point",
        "coordinates": [
          -74.20654999977008,
          4.631679999867868
        ]
      },
      "properties": {
        "DANE12_EST": "111001106950",
        "id_establecimiento": "111001106950",
        "nombre_establecimiento": "COLEGIO ALFONSO LOPEZ MICHELSEN (IED)",
        "nombre_localidad": "Bosa",
        "codigo_upz": "87",
        "nombre_upz": "TINTAL SUR",
        "estrato": "Estrato 2",
        "zona": "EXPANSION",
        "caracter_media": "Académico",
        "lon": -74.20654999977008,
        "lat": 4.631679999867868,
        "codigo_localidad": "07",
        "q_j": 254.3033333333333,
        "puntaje_2023": 259.86,
        "punt_global_2020": 251.29,
        "punt_global_2022": 251.76,
        "matricula_total": 3310.0,
        "demanda_total": 3493.0,
        "sobre_demanda_j": 1.055287009063444,
        "n_hogares_muestra": 2392.0,
        "poblacion_expandida": 110225.0000021,
        "tasa_pobreza_monetaria": 0.4520666539165404,
        "tasa_pobreza_extrema": 0.1571335105708325,
        "tasa_ipm": 0.0744802714705701,
        "ingreso_percapita_promedio": 552453.5751865588,
        "capacidad_pago_promedio": 0.4627239344615857,
        "tamano_hogar_promedio": 3.718366457247371,
        "gasto_educ_promedio": 125393.3035398334,
        "tasa_deficit_cuantitativo": 0.0091994534586589,
        "tasa_deficit_cualitativo": 0.0865527447078089,
        "tasa_deficit_habitacional": 0.0957521981664678,
        "pct_estrato_1": 0.2727037086298691,
        "pct_estrato_2": 0.7241674077884259,
        "pct_estrato_3": 0.0031288835817049,
        "pct_estrato_4": 0.0,
        "pct_estrato_5": 0.0,
        "pct_estrato_6": 0.0,
        "s0_localidad": 0.2763191613237501,
        "dist_transmilenio_m": 3720.7233848009546,
        "dist_sitp_m": 195.3783669156455,
        "dist_parque_m": 109.77670725455253,
        "homicidios": 209.0,
        "lesiones_personales": 3464.0,
        "hurto_personas": 19664.0,
        "hurto_residencias": 2638.0,
        "hurto_automotores": 681.0,
        "hurto_bicicletas": 1403.0,
        "hurto_comercio": 5397.0,
        "hurto_entidades": 1643.0,
        "violencia_intrafam": 7523.0,
        "delitos_sexuales": 1159.0,
        "pct_no_oficial": 55.7,
        "n_sedes_total": 149,
        "n_sedes_no_oficial": 83
      }
    },
    {
      "type": "Feature",
      "geometry": {
        "type": "Point",
        "coordinates": [
          -74.19441999997957,
          4.624860000159428
        ]
      },
      "properties": {
        "DANE12_EST": "111001106968",
        "id_establecimiento": "111001106968",
        "nombre_establecimiento": "COLEGIO JOSE FRANCISCO SOCARRAS (IED)",
        "nombre_localidad": "Bosa",
        "codigo_upz": "84",
        "nombre_upz": "BOSA OCCIDENTAL",
        "estrato": "Estrato 2",
        "zona": "URBANA",
        "caracter_media": "Académico",
        "lon": -74.19441999997957,
        "lat": 4.624860000159428,
        "codigo_localidad": "07",
        "q_j": 248.32000000000002,
        "puntaje_2023": 253.89,
        "punt_global_2020": 243.64,
        "punt_global_2022": 247.43,
        "matricula_total": 3443.0,
        "demanda_total": 3764.0,
        "sobre_demanda_j": 1.0932326459483008,
        "n_hogares_muestra": 2513.0,
        "poblacion_expandida": 199171.0000029,
        "tasa_pobreza_monetaria": 0.5522918237042458,
        "tasa_pobreza_extrema": 0.1879558875079952,
        "tasa_ipm": 0.0996822849647334,
        "ingreso_percapita_promedio": 536362.5788589469,
        "capacidad_pago_promedio": 0.5493628931456228,
        "tamano_hogar_promedio": 3.7633010092291874,
        "gasto_educ_promedio": 137178.08860508617,
        "tasa_deficit_cuantitativo": 0.0104317439329508,
        "tasa_deficit_cualitativo": 0.1768060546886206,
        "tasa_deficit_habitacional": 0.1872377986215714,
        "pct_estrato_1": 0.0242614269719469,
        "pct_estrato_2": 0.9753720865706926,
        "pct_estrato_3": 0.0,
        "pct_estrato_4": 0.0,
        "pct_estrato_5": 0.0,
        "pct_estrato_6": 0.0,
        "s0_localidad": 0.2763191613237501,
        "dist_transmilenio_m": 2420.3431272660773,
        "dist_sitp_m": 61.452484247295416,
        "dist_parque_m": 170.31933280578863,
        "homicidios": 209.0,
        "lesiones_personales": 3464.0,
        "hurto_personas": 19664.0,
        "hurto_residencias": 2638.0,
        "hurto_automotores": 681.0,
        "hurto_bicicletas": 1403.0,
        "hurto_comercio": 5397.0,
        "hurto_entidades": 1643.0,
        "violencia_intrafam": 7523.0,
        "delitos_sexuales": 1159.0,
        "pct_no_oficial": 55.7,
        "n_sedes_total": 149,
        "n_sedes_no_oficial": 83
      }
    },
    {
      "type": "Feature",
      "geometry": {
        "type": "Point",
        "coordinates": [
          -74.13966000012188,
          4.648600000369773
        ]
      },
      "properties": {
        "DANE12_EST": "111001106984",
        "id_establecimiento": "111001106984",
        "nombre_establecimiento": "COLEGIO GENERAL GUSTAVO ROJAS PINILLA (IED)",
        "nombre_localidad": "Kennedy",
        "codigo_upz": "46",
        "nombre_upz": "CASTILLA",
        "estrato": "Estrato 2",
        "zona": "URBANA",
        "caracter_media": "Académico",
        "lon": -74.13966000012188,
        "lat": 4.648600000369773,
        "codigo_localidad": "08",
        "q_j": 267.78666666666663,
        "puntaje_2023": 273.4,
        "punt_global_2020": 261.64,
        "punt_global_2022": 268.32,
        "matricula_total": 3367.0,
        "demanda_total": 3701.0,
        "sobre_demanda_j": 1.0991980991980992,
        "n_hogares_muestra": null,
        "poblacion_expandida": null,
        "tasa_pobreza_monetaria": null,
        "tasa_pobreza_extrema": null,
        "tasa_ipm": null,
        "ingreso_percapita_promedio": null,
        "capacidad_pago_promedio": null,
        "tamano_hogar_promedio": null,
        "gasto_educ_promedio": null,
        "tasa_deficit_cuantitativo": null,
        "tasa_deficit_cualitativo": null,
        "tasa_deficit_habitacional": null,
        "pct_estrato_1": null,
        "pct_estrato_2": null,
        "pct_estrato_3": null,
        "pct_estrato_4": null,
        "pct_estrato_5": null,
        "pct_estrato_6": null,
        "s0_localidad": 0.3719221758740453,
        "dist_transmilenio_m": 1980.5308755214708,
        "dist_sitp_m": 250.31722026710167,
        "dist_parque_m": 319.7474210501973,
        "homicidios": 277.0,
        "lesiones_personales": 5216.0,
        "hurto_personas": 45928.0,
        "hurto_residencias": 4574.0,
        "hurto_automotores": 2662.0,
        "hurto_bicicletas": 2842.0,
        "hurto_comercio": 11829.0,
        "hurto_entidades": 2994.0,
        "violencia_intrafam": 8341.0,
        "delitos_sexuales": 1353.0,
        "pct_no_oficial": 70.99,
        "n_sedes_total": 262,
        "n_sedes_no_oficial": 186
      }
    },
    {
      "type": "Feature",
      "geometry": {
        "type": "Point",
        "coordinates": [
          -74.09127999980367,
          4.731300000288655
        ]
      },
      "properties": {
        "DANE12_EST": "111001107069",
        "id_establecimiento": "111001107069",
        "nombre_establecimiento": "COLEGIO VIRGINIA GUTIERREZ DE PINEDA (IED)",
        "nombre_localidad": "Suba",
        "codigo_upz": "28",
        "nombre_upz": "EL RINCON",
        "estrato": "Estrato 2",
        "zona": "URBANA",
        "caracter_media": "Académico",
        "lon": -74.09127999980367,
        "lat": 4.731300000288655,
        "codigo_localidad": "11",
        "q_j": 258.4866666666667,
        "puntaje_2023": 258.74,
        "punt_global_2020": 261.35,
        "punt_global_2022": 255.37,
        "matricula_total": 2097.0,
        "demanda_total": 2254.0,
        "sobre_demanda_j": 1.0748688602765857,
        "n_hogares_muestra": 2382.0,
        "poblacion_expandida": 288983.999996,
        "tasa_pobreza_monetaria": 0.3937239387131291,
        "tasa_pobreza_extrema": 0.1074366146223657,
        "tasa_ipm": 0.0605278706414269,
        "ingreso_percapita_promedio": 736885.8395595187,
        "capacidad_pago_promedio": 0.3534176288099468,
        "tamano_hogar_promedio": 3.525641986305134,
        "gasto_educ_promedio": 229243.80352093693,
        "tasa_deficit_cuantitativo": 0.0020934378962446,
        "tasa_deficit_cualitativo": 0.1305752875097663,
        "tasa_deficit_habitacional": 0.132668725406011,
        "pct_estrato_1": 0.0094350357315205,
        "pct_estrato_2": 0.6161685875324056,
        "pct_estrato_3": 0.3631913363191484,
        "pct_estrato_4": 0.0,
        "pct_estrato_5": 0.0,
        "pct_estrato_6": 0.0,
        "s0_localidad": 0.5228297059197053,
        "dist_transmilenio_m": 973.0650662210871,
        "dist_sitp_m": 159.83478914989055,
        "dist_parque_m": 76.48096207444885,
        "homicidios": 143.0,
        "lesiones_personales": 4117.0,
        "hurto_personas": 47285.0,
        "hurto_residencias": 5010.0,
        "hurto_automotores": 938.0,
        "hurto_bicicletas": 2774.0,
        "hurto_comercio": 12600.0,
        "hurto_entidades": 1324.0,
        "violencia_intrafam": 8047.0,
        "delitos_sexuales": 1387.0,
        "pct_no_oficial": 80.22,
        "n_sedes_total": 364,
        "n_sedes_no_oficial": 292
      }
    },
    {
      "type": "Feature",
      "geometry": {
        "type": "Point",
        "coordinates": [
          -74.08035000011243,
          4.749449999962337
        ]
      },
      "properties": {
        "DANE12_EST": "111001107077",
        "id_establecimiento": "111001107077",
        "nombre_establecimiento": "COLEGIO VEINTIUN ANGELES (IED)",
        "nombre_localidad": "Suba",
        "codigo_upz": "27",
        "nombre_upz": "SUBA",
        "estrato": "Estrato 5",
        "zona": "URBANA",
        "caracter_media": "Técnico",
        "lon": -74.08035000011243,
        "lat": 4.749449999962337,
        "codigo_localidad": "11",
        "q_j": 263.01,
        "puntaje_2023": 259.18,
        "punt_global_2020": 260.15,
        "punt_global_2022": 269.7,
        "matricula_total": 2928.0,
        "demanda_total": 3237.0,
        "sobre_demanda_j": 1.1055327868852458,
        "n_hogares_muestra": 2347.0,
        "poblacion_expandida": 181377.9999961,
        "tasa_pobreza_monetaria": 0.2101949307623844,
        "tasa_pobreza_extrema": 0.0522949654384983,
        "tasa_ipm": 0.0320991777675638,
        "ingreso_percapita_promedio": 1248597.313165178,
        "capacidad_pago_promedio": 0.1578957081554311,
        "tamano_hogar_promedio": 3.4033946989683046,
        "gasto_educ_promedio": 480968.98612228886,
        "tasa_deficit_cuantitativo": 0.0016685693094339,
        "tasa_deficit_cualitativo": 0.0692596672202257,
        "tasa_deficit_habitacional": 0.0709282365296597,
        "pct_estrato_1": 0.0,
        "pct_estrato_2": 0.3384139123081069,
        "pct_estrato_3": 0.6175974522109,
        "pct_estrato_4": 0.043988635480993,
        "pct_estrato_5": 0.0,
        "pct_estrato_6": 0.0,
        "s0_localidad": 0.5228297059197053,
        "dist_transmilenio_m": 1381.4411039575991,
        "dist_sitp_m": 13.127023864031363,
        "dist_parque_m": 160.17843221187658,
        "homicidios": 143.0,
        "lesiones_personales": 4117.0,
        "hurto_personas": 47285.0,
        "hurto_residencias": 5010.0,
        "hurto_automotores": 938.0,
        "hurto_bicicletas": 2774.0,
        "hurto_comercio": 12600.0,
        "hurto_entidades": 1324.0,
        "violencia_intrafam": 8047.0,
        "delitos_sexuales": 1387.0,
        "pct_no_oficial": 80.22,
        "n_sedes_total": 364,
        "n_sedes_no_oficial": 292
      }
    },
    {
      "type": "Feature",
      "geometry": {
        "type": "Point",
        "coordinates": [
          -74.16130000029464,
          4.542340000562862
        ]
      },
      "properties": {
        "DANE12_EST": "111001107115",
        "id_establecimiento": "111001107115",
        "nombre_establecimiento": "COLEGIO JOSE MARIA VARGAS VILA (IED)",
        "nombre_localidad": "Ciudad Bolivar",
        "codigo_upz": "67",
        "nombre_upz": "LUCERO",
        "estrato": "Estrato 1",
        "zona": "URBANA",
        "caracter_media": "Académico",
        "lon": -74.16130000029464,
        "lat": 4.542340000562862,
        "codigo_localidad": "19",
        "q_j": 230.05333333333337,
        "puntaje_2023": 239.9,
        "punt_global_2020": 228.27,
        "punt_global_2022": 221.99,
        "matricula_total": 3002.0,
        "demanda_total": 3247.0,
        "sobre_demanda_j": 1.081612258494337,
        "n_hogares_muestra": 2402.0,
        "poblacion_expandida": 161831.0000128,
        "tasa_pobreza_monetaria": 0.7038631757592213,
        "tasa_pobreza_extrema": 0.2920063706370369,
        "tasa_ipm": 0.1283344089448704,
        "ingreso_percapita_promedio": 390100.4363498642,
        "capacidad_pago_promedio": 0.6999095390854729,
        "tamano_hogar_promedio": 3.793805295915117,
        "gasto_educ_promedio": 94504.09039926344,
        "tasa_deficit_cuantitativo": 0.0495404235910664,
        "tasa_deficit_cualitativo": 0.2674079830741772,
        "tasa_deficit_habitacional": 0.3169484066652437,
        "pct_estrato_1": 0.7291873913191316,
        "pct_estrato_2": 0.2533851853437022,
        "pct_estrato_3": 0.0062719642164957,
        "pct_estrato_4": 0.0,
        "pct_estrato_5": 0.0,
        "pct_estrato_6": 0.0,
        "s0_localidad": 0.24641727799438962,
        "dist_transmilenio_m": 3892.007969693533,
        "dist_sitp_m": 135.08368376520818,
        "dist_parque_m": 209.56727515001663,
        "homicidios": 450.0,
        "lesiones_personales": 4378.0,
        "hurto_personas": 16269.0,
        "hurto_residencias": 1893.0,
        "hurto_automotores": 870.0,
        "hurto_bicicletas": 472.0,
        "hurto_comercio": 4561.0,
        "hurto_entidades": 1620.0,
        "violencia_intrafam": 8567.0,
        "delitos_sexuales": 1433.0,
        "pct_no_oficial": 44.59,
        "n_sedes_total": 148,
        "n_sedes_no_oficial": 66
      }
    },
    {
      "type": "Feature",
      "geometry": {
        "type": "Point",
        "coordinates": [
          -74.04041999981935,
          4.7580500000713615
        ]
      },
      "properties": {
        "DANE12_EST": "111001107743",
        "id_establecimiento": "111001107743",
        "nombre_establecimiento": "COLEGIO SALUDCOOP NORTE (IED)",
        "nombre_localidad": "Usaquen",
        "codigo_upz": "9",
        "nombre_upz": "VERBENAL",
        "estrato": "Estrato 2",
        "zona": "URBANA",
        "caracter_media": "Académico",
        "lon": -74.04041999981935,
        "lat": 4.7580500000713615,
        "codigo_localidad": "01",
        "q_j": 267.02333333333337,
        "puntaje_2023": 266.27,
        "punt_global_2020": 269.42,
        "punt_global_2022": 265.38,
        "matricula_total": 2224.0,
        "demanda_total": 2492.0,
        "sobre_demanda_j": 1.120503597122302,
        "n_hogares_muestra": 2513.0,
        "poblacion_expandida": 128723.9999975,
        "tasa_pobreza_monetaria": 0.2827421697368544,
        "tasa_pobreza_extrema": 0.0529029950206042,
        "tasa_ipm": 0.0490107222974932,
        "ingreso_percapita_promedio": 1102998.6224623476,
        "capacidad_pago_promedio": 0.2913941386122904,
        "tamano_hogar_promedio": 3.478807982777081,
        "gasto_educ_promedio": 430644.8686486139,
        "tasa_deficit_cuantitativo": 0.0074946427559642,
        "tasa_deficit_cualitativo": 0.1201964374436817,
        "tasa_deficit_habitacional": 0.1276910801996459,
        "pct_estrato_1": 0.0708979982891865,
        "pct_estrato_2": 0.2641141736238796,
        "pct_estrato_3": 0.5290367794577747,
        "pct_estrato_4": 0.1082964924052293,
        "pct_estrato_5": 0.0266078202554808,
        "pct_estrato_6": 0.0,
        "s0_localidad": 0.6414694924474655,
        "dist_transmilenio_m": 730.5468759546792,
        "dist_sitp_m": 179.00343699626129,
        "dist_parque_m": 39.92148130879017,
        "homicidios": 93.0,
        "lesiones_personales": 1898.0,
        "hurto_personas": 34039.0,
        "hurto_residencias": 3332.0,
        "hurto_automotores": 363.0,
        "hurto_bicicletas": 1238.0,
        "hurto_comercio": 8366.0,
        "hurto_entidades": 408.0,
        "violencia_intrafam": 3095.0,
        "delitos_sexuales": 602.0,
        "pct_no_oficial": 78.79,
        "n_sedes_total": 132,
        "n_sedes_no_oficial": 104
      }
    },
    {
      "type": "Feature",
      "geometry": {
        "type": "Point",
        "coordinates": [
          -74.11613000028686,
          4.532590000241806
        ]
      },
      "properties": {
        "DANE12_EST": "111001107760",
        "id_establecimiento": "111001107760",
        "nombre_establecimiento": "COLEGIO PAULO FREIRE (IED)",
        "nombre_localidad": "Usme",
        "codigo_upz": "56",
        "nombre_upz": "DANUBIO",
        "estrato": "Estrato 2",
        "zona": "URBANA",
        "caracter_media": "Técnico",
        "lon": -74.11613000028686,
        "lat": 4.532590000241806,
        "codigo_localidad": "05",
        "q_j": 252.29999999999998,
        "puntaje_2023": 257.31,
        "punt_global_2020": 250.44,
        "punt_global_2022": 249.15,
        "matricula_total": 3072.0,
        "demanda_total": 3275.0,
        "sobre_demanda_j": 1.0660807291666667,
        "n_hogares_muestra": null,
        "poblacion_expandida": null,
        "tasa_pobreza_monetaria": null,
        "tasa_pobreza_extrema": null,
        "tasa_ipm": null,
        "ingreso_percapita_promedio": null,
        "capacidad_pago_promedio": null,
        "tamano_hogar_promedio": null,
        "gasto_educ_promedio": null,
        "tasa_deficit_cuantitativo": null,
        "tasa_deficit_cualitativo": null,
        "tasa_deficit_habitacional": null,
        "pct_estrato_1": null,
        "pct_estrato_2": null,
        "pct_estrato_3": null,
        "pct_estrato_4": null,
        "pct_estrato_5": null,
        "pct_estrato_6": null,
        "s0_localidad": 0.1806550335776531,
        "dist_transmilenio_m": 374.34916057501897,
        "dist_sitp_m": 71.82878228931826,
        "dist_parque_m": 135.12690377132904,
        "homicidios": 171.0,
        "lesiones_personales": 2562.0,
        "hurto_personas": 8404.0,
        "hurto_residencias": 1452.0,
        "hurto_automotores": 311.0,
        "hurto_bicicletas": 146.0,
        "hurto_comercio": 2308.0,
        "hurto_entidades": 623.0,
        "violencia_intrafam": 3963.0,
        "delitos_sexuales": 923.0,
        "pct_no_oficial": 33.03,
        "n_sedes_total": 109,
        "n_sedes_no_oficial": 36
      }
    },
    {
      "type": "Feature",
      "geometry": {
        "type": "Point",
        "coordinates": [
          -74.16375999986928,
          4.642329999999252
        ]
      },
      "properties": {
        "DANE12_EST": "111001107778",
        "id_establecimiento": "111001107778",
        "nombre_establecimiento": "COLEGIO SALUDCOOP SUR (IED)",
        "nombre_localidad": "Kennedy",
        "codigo_upz": "79",
        "nombre_upz": "CALANDAIMA",
        "estrato": "Estrato 2",
        "zona": "URBANA",
        "caracter_media": "Académico",
        "lon": -74.16375999986928,
        "lat": 4.642329999999252,
        "codigo_localidad": "08",
        "q_j": 265.57666666666665,
        "puntaje_2023": 259.7,
        "punt_global_2020": 268.82,
        "punt_global_2022": 268.21,
        "matricula_total": 2538.0,
        "demanda_total": 2754.0,
        "sobre_demanda_j": 1.0851063829787233,
        "n_hogares_muestra": 2159.0,
        "poblacion_expandida": 131416.00000330005,
        "tasa_pobreza_monetaria": 0.4082581270967975,
        "tasa_pobreza_extrema": 0.1249415480435235,
        "tasa_ipm": 0.051825026866812,
        "ingreso_percapita_promedio": 795003.2777595875,
        "capacidad_pago_promedio": 0.3062280391816022,
        "tamano_hogar_promedio": 3.611269558498834,
        "gasto_educ_promedio": 243487.31042366044,
        "tasa_deficit_cuantitativo": 0.0011947116347785,
        "tasa_deficit_cualitativo": 0.0558752538033086,
        "tasa_deficit_habitacional": 0.0570699654380872,
        "pct_estrato_1": 0.0019407860747062,
        "pct_estrato_2": 0.9564791211606166,
        "pct_estrato_3": 0.0415800927646769,
        "pct_estrato_4": 0.0,
        "pct_estrato_5": 0.0,
        "pct_estrato_6": 0.0,
        "s0_localidad": 0.3719221758740453,
        "dist_transmilenio_m": 693.12048792978,
        "dist_sitp_m": 18.040032857075897,
        "dist_parque_m": 140.85098671553567,
        "homicidios": 277.0,
        "lesiones_personales": 5216.0,
        "hurto_personas": 45928.0,
        "hurto_residencias": 4574.0,
        "hurto_automotores": 2662.0,
        "hurto_bicicletas": 2842.0,
        "hurto_comercio": 11829.0,
        "hurto_entidades": 2994.0,
        "violencia_intrafam": 8341.0,
        "delitos_sexuales": 1353.0,
        "pct_no_oficial": 70.99,
        "n_sedes_total": 262,
        "n_sedes_no_oficial": 186
      }
    },
    {
      "type": "Feature",
      "geometry": {
        "type": "Point",
        "coordinates": [
          -74.09102999955842,
          4.754040000076635
        ]
      },
      "properties": {
        "DANE12_EST": "111001107786",
        "id_establecimiento": "111001107786",
        "nombre_establecimiento": "COLEGIO NICOLAS BUENAVENTURA (IED)",
        "nombre_localidad": "Suba",
        "codigo_upz": "27",
        "nombre_upz": "SUBA",
        "estrato": "Estrato 2",
        "zona": "URBANA",
        "caracter_media": "Académico",
        "lon": -74.09102999955842,
        "lat": 4.754040000076635,
        "codigo_localidad": "11",
        "q_j": null,
        "puntaje_2023": null,
        "punt_global_2020": null,
        "punt_global_2022": null,
        "matricula_total": 2158.0,
        "demanda_total": 2367.0,
        "sobre_demanda_j": 1.0968489341983318,
        "n_hogares_muestra": 2347.0,
        "poblacion_expandida": 181377.9999961,
        "tasa_pobreza_monetaria": 0.2101949307623844,
        "tasa_pobreza_extrema": 0.0522949654384983,
        "tasa_ipm": 0.0320991777675638,
        "ingreso_percapita_promedio": 1248597.313165178,
        "capacidad_pago_promedio": 0.1578957081554311,
        "tamano_hogar_promedio": 3.4033946989683046,
        "gasto_educ_promedio": 480968.98612228886,
        "tasa_deficit_cuantitativo": 0.0016685693094339,
        "tasa_deficit_cualitativo": 0.0692596672202257,
        "tasa_deficit_habitacional": 0.0709282365296597,
        "pct_estrato_1": 0.0,
        "pct_estrato_2": 0.3384139123081069,
        "pct_estrato_3": 0.6175974522109,
        "pct_estrato_4": 0.043988635480993,
        "pct_estrato_5": 0.0,
        "pct_estrato_6": 0.0,
        "s0_localidad": 0.5228297059197053,
        "dist_transmilenio_m": 880.3561739582894,
        "dist_sitp_m": 140.21627426554028,
        "dist_parque_m": 38.927815134669004,
        "homicidios": 143.0,
        "lesiones_personales": 4117.0,
        "hurto_personas": 47285.0,
        "hurto_residencias": 5010.0,
        "hurto_automotores": 938.0,
        "hurto_bicicletas": 2774.0,
        "hurto_comercio": 12600.0,
        "hurto_entidades": 1324.0,
        "violencia_intrafam": 8047.0,
        "delitos_sexuales": 1387.0,
        "pct_no_oficial": 80.22,
        "n_sedes_total": 364,
        "n_sedes_no_oficial": 292
      }
    },
    {
      "type": "Feature",
      "geometry": {
        "type": "Point",
        "coordinates": [
          -74.11548000000852,
          4.559260000422318
        ]
      },
      "properties": {
        "DANE12_EST": "111001107794",
        "id_establecimiento": "111001107794",
        "nombre_establecimiento": "COLEGIO MARIA CANO (IED)",
        "nombre_localidad": "Rafael Uribe Uribe",
        "codigo_upz": "54",
        "nombre_upz": "MARRUECOS",
        "estrato": "Sin estrato",
        "zona": "URBANA",
        "caracter_media": "Académico",
        "lon": -74.11548000000852,
        "lat": 4.559260000422318,
        "codigo_localidad": "18",
        "q_j": 253.0233333333333,
        "puntaje_2023": 248.08,
        "punt_global_2020": 255.04,
        "punt_global_2022": 255.95,
        "matricula_total": 1718.0,
        "demanda_total": 1859.0,
        "sobre_demanda_j": 1.0820721769499417,
        "n_hogares_muestra": 2741.0,
        "poblacion_expandida": 120852.0000177,
        "tasa_pobreza_monetaria": 0.4994434554385517,
        "tasa_pobreza_extrema": 0.1892095265113609,
        "tasa_ipm": 0.0883647402048451,
        "ingreso_percapita_promedio": 604853.1814262352,
        "capacidad_pago_promedio": 0.5412289176672314,
        "tamano_hogar_promedio": 3.797427198003224,
        "gasto_educ_promedio": 130604.77324336328,
        "tasa_deficit_cuantitativo": 0.00327056179825,
        "tasa_deficit_cualitativo": 0.1622393459763046,
        "tasa_deficit_habitacional": 0.1655099077745546,
        "pct_estrato_1": 0.0840014419174955,
        "pct_estrato_2": 0.8319516782450803,
        "pct_estrato_3": 0.084046879837424,
        "pct_estrato_4": 0.0,
        "pct_estrato_5": 0.0,
        "pct_estrato_6": 0.0,
        "s0_localidad": 0.2741314328601635,
        "dist_transmilenio_m": 744.7560194389825,
        "dist_sitp_m": 119.93969901041844,
        "dist_parque_m": 94.7375165542039,
        "homicidios": 159.0,
        "lesiones_personales": 2500.0,
        "hurto_personas": 13897.0,
        "hurto_residencias": 1530.0,
        "hurto_automotores": 660.0,
        "hurto_bicicletas": 415.0,
        "hurto_comercio": 3902.0,
        "hurto_entidades": 942.0,
        "violencia_intrafam": 3177.0,
        "delitos_sexuales": 716.0,
        "pct_no_oficial": 57.85,
        "n_sedes_total": 121,
        "n_sedes_no_oficial": 70
      }
    },
    {
      "type": "Feature",
      "geometry": {
        "type": "Point",
        "coordinates": [
          -74.13829000014331,
          4.561979999872578
        ]
      },
      "properties": {
        "DANE12_EST": "111001107816",
        "id_establecimiento": "111001107816",
        "nombre_establecimiento": "COLEGIO CUNDINAMARCA (IED)",
        "nombre_localidad": "Ciudad Bolivar",
        "codigo_upz": "69",
        "nombre_upz": "ISMAEL PERDOMO",
        "estrato": "Estrato 2",
        "zona": "URBANA",
        "caracter_media": "Académico",
        "lon": -74.13829000014331,
        "lat": 4.561979999872578,
        "codigo_localidad": "19",
        "q_j": 264.8,
        "puntaje_2023": 265.76,
        "punt_global_2020": 263.28,
        "punt_global_2022": 265.36,
        "matricula_total": 3556.0,
        "demanda_total": 3925.0,
        "sobre_demanda_j": 1.1037682789651293,
        "n_hogares_muestra": 2366.0,
        "poblacion_expandida": 164520.000002,
        "tasa_pobreza_monetaria": 0.5154591657334616,
        "tasa_pobreza_extrema": 0.1613228629192643,
        "tasa_ipm": 0.1120384549706778,
        "ingreso_percapita_promedio": 615523.9462379344,
        "capacidad_pago_promedio": 0.5271605075896285,
        "tamano_hogar_promedio": 3.809864504438854,
        "gasto_educ_promedio": 155800.1338993075,
        "tasa_deficit_cuantitativo": 0.0209367304088142,
        "tasa_deficit_cualitativo": 0.1935707537570682,
        "tasa_deficit_habitacional": 0.2145074841658825,
        "pct_estrato_1": 0.4453212904693007,
        "pct_estrato_2": 0.4547796296212645,
        "pct_estrato_3": 0.0998990799094347,
        "pct_estrato_4": 0.0,
        "pct_estrato_5": 0.0,
        "pct_estrato_6": 0.0,
        "s0_localidad": 0.24641727799438962,
        "dist_transmilenio_m": 774.342482250223,
        "dist_sitp_m": 61.7062100001856,
        "dist_parque_m": 225.48123708150214,
        "homicidios": 450.0,
        "lesiones_personales": 4378.0,
        "hurto_personas": 16269.0,
        "hurto_residencias": 1893.0,
        "hurto_automotores": 870.0,
        "hurto_bicicletas": 472.0,
        "hurto_comercio": 4561.0,
        "hurto_entidades": 1620.0,
        "violencia_intrafam": 8567.0,
        "delitos_sexuales": 1433.0,
        "pct_no_oficial": 44.59,
        "n_sedes_total": 148,
        "n_sedes_no_oficial": 66
      }
    },
    {
      "type": "Feature",
      "geometry": {
        "type": "Point",
        "coordinates": [
          -74.18531999967612,
          4.630550000360442
        ]
      },
      "properties": {
        "DANE12_EST": "111001107832",
        "id_establecimiento": "111001107832",
        "nombre_establecimiento": "COLEGIO GERMAN ARCINIEGAS (IED)",
        "nombre_localidad": "Bosa",
        "codigo_upz": "84",
        "nombre_upz": "BOSA OCCIDENTAL",
        "estrato": "Estrato 2",
        "zona": "URBANA",
        "caracter_media": "Académico",
        "lon": -74.18531999967612,
        "lat": 4.630550000360442,
        "codigo_localidad": "07",
        "q_j": 255.79666666666665,
        "puntaje_2023": 258.96,
        "punt_global_2020": 250.87,
        "punt_global_2022": 257.56,
        "matricula_total": 2062.0,
        "demanda_total": 2206.0,
        "sobre_demanda_j": 1.069835111542192,
        "n_hogares_muestra": 2513.0,
        "poblacion_expandida": 199171.0000029,
        "tasa_pobreza_monetaria": 0.5522918237042458,
        "tasa_pobreza_extrema": 0.1879558875079952,
        "tasa_ipm": 0.0996822849647334,
        "ingreso_percapita_promedio": 536362.5788589469,
        "capacidad_pago_promedio": 0.5493628931456228,
        "tamano_hogar_promedio": 3.7633010092291874,
        "gasto_educ_promedio": 137178.08860508617,
        "tasa_deficit_cuantitativo": 0.0104317439329508,
        "tasa_deficit_cualitativo": 0.1768060546886206,
        "tasa_deficit_habitacional": 0.1872377986215714,
        "pct_estrato_1": 0.0242614269719469,
        "pct_estrato_2": 0.9753720865706926,
        "pct_estrato_3": 0.0,
        "pct_estrato_4": 0.0,
        "pct_estrato_5": 0.0,
        "pct_estrato_6": 0.0,
        "s0_localidad": 0.2763191613237501,
        "dist_transmilenio_m": 1365.1706782463266,
        "dist_sitp_m": 202.3558007845354,
        "dist_parque_m": 36.423520288335745,
        "homicidios": 209.0,
        "lesiones_personales": 3464.0,
        "hurto_personas": 19664.0,
        "hurto_residencias": 2638.0,
        "hurto_automotores": 681.0,
        "hurto_bicicletas": 1403.0,
        "hurto_comercio": 5397.0,
        "hurto_entidades": 1643.0,
        "violencia_intrafam": 7523.0,
        "delitos_sexuales": 1159.0,
        "pct_no_oficial": 55.7,
        "n_sedes_total": 149,
        "n_sedes_no_oficial": 83
      }
    },
    {
      "type": "Feature",
      "geometry": {
        "type": "Point",
        "coordinates": [
          -74.13916999967712,
          4.544349999749634
        ]
      },
      "properties": {
        "DANE12_EST": "111001107859",
        "id_establecimiento": "111001107859",
        "nombre_establecimiento": "COLEGIO ANTONIO GARCIA (IED)",
        "nombre_localidad": "Ciudad Bolivar",
        "codigo_upz": "68",
        "nombre_upz": "EL TESORO",
        "estrato": "Estrato 2",
        "zona": "URBANA",
        "caracter_media": "Académico",
        "lon": -74.13916999967712,
        "lat": 4.544349999749634,
        "codigo_localidad": "19",
        "q_j": 254.63000000000002,
        "puntaje_2023": 257.11,
        "punt_global_2020": 258.32,
        "punt_global_2022": 248.46,
        "matricula_total": 2646.0,
        "demanda_total": 2912.0,
        "sobre_demanda_j": 1.1005291005291005,
        "n_hogares_muestra": null,
        "poblacion_expandida": null,
        "tasa_pobreza_monetaria": null,
        "tasa_pobreza_extrema": null,
        "tasa_ipm": null,
        "ingreso_percapita_promedio": null,
        "capacidad_pago_promedio": null,
        "tamano_hogar_promedio": null,
        "gasto_educ_promedio": null,
        "tasa_deficit_cuantitativo": null,
        "tasa_deficit_cualitativo": null,
        "tasa_deficit_habitacional": null,
        "pct_estrato_1": null,
        "pct_estrato_2": null,
        "pct_estrato_3": null,
        "pct_estrato_4": null,
        "pct_estrato_5": null,
        "pct_estrato_6": null,
        "s0_localidad": 0.24641727799438962,
        "dist_transmilenio_m": 2031.9848561234153,
        "dist_sitp_m": 116.977412831679,
        "dist_parque_m": 111.31024615684758,
        "homicidios": 450.0,
        "lesiones_personales": 4378.0,
        "hurto_personas": 16269.0,
        "hurto_residencias": 1893.0,
        "hurto_automotores": 870.0,
        "hurto_bicicletas": 472.0,
        "hurto_comercio": 4561.0,
        "hurto_entidades": 1620.0,
        "violencia_intrafam": 8567.0,
        "delitos_sexuales": 1433.0,
        "pct_no_oficial": 44.59,
        "n_sedes_total": 148,
        "n_sedes_no_oficial": 66
      }
    },
    {
      "type": "Feature",
      "geometry": {
        "type": "Point",
        "coordinates": [
          -74.20731999969902,
          4.622190000175761
        ]
      },
      "properties": {
        "DANE12_EST": "111001107867",
        "id_establecimiento": "111001107867",
        "nombre_establecimiento": "COLEGIO KIMI PERNIA DOMICO (IED)",
        "nombre_localidad": "Bosa",
        "codigo_upz": "87",
        "nombre_upz": "TINTAL SUR",
        "estrato": "Estrato 1",
        "zona": "EXPANSION",
        "caracter_media": "Académico",
        "lon": -74.20731999969902,
        "lat": 4.622190000175761,
        "codigo_localidad": "07",
        "q_j": 250.53333333333333,
        "puntaje_2023": 251.17,
        "punt_global_2020": 243.45,
        "punt_global_2022": 256.98,
        "matricula_total": 3076.0,
        "demanda_total": 3390.0,
        "sobre_demanda_j": 1.1020806241872563,
        "n_hogares_muestra": 2392.0,
        "poblacion_expandida": 110225.0000021,
        "tasa_pobreza_monetaria": 0.4520666539165404,
        "tasa_pobreza_extrema": 0.1571335105708325,
        "tasa_ipm": 0.0744802714705701,
        "ingreso_percapita_promedio": 552453.5751865588,
        "capacidad_pago_promedio": 0.4627239344615857,
        "tamano_hogar_promedio": 3.718366457247371,
        "gasto_educ_promedio": 125393.3035398334,
        "tasa_deficit_cuantitativo": 0.0091994534586589,
        "tasa_deficit_cualitativo": 0.0865527447078089,
        "tasa_deficit_habitacional": 0.0957521981664678,
        "pct_estrato_1": 0.2727037086298691,
        "pct_estrato_2": 0.7241674077884259,
        "pct_estrato_3": 0.0031288835817049,
        "pct_estrato_4": 0.0,
        "pct_estrato_5": 0.0,
        "pct_estrato_6": 0.0,
        "s0_localidad": 0.2763191613237501,
        "dist_transmilenio_m": 3689.491910747566,
        "dist_sitp_m": 7.3073720483623825,
        "dist_parque_m": 377.41516855245084,
        "homicidios": 209.0,
        "lesiones_personales": 3464.0,
        "hurto_personas": 19664.0,
        "hurto_residencias": 2638.0,
        "hurto_automotores": 681.0,
        "hurto_bicicletas": 1403.0,
        "hurto_comercio": 5397.0,
        "hurto_entidades": 1643.0,
        "violencia_intrafam": 7523.0,
        "delitos_sexuales": 1159.0,
        "pct_no_oficial": 55.7,
        "n_sedes_total": 149,
        "n_sedes_no_oficial": 83
      }
    },
    {
      "type": "Feature",
      "geometry": {
        "type": "Point",
        "coordinates": [
          -74.18717000005371,
          4.640850000424904
        ]
      },
      "properties": {
        "DANE12_EST": "111001107875",
        "id_establecimiento": "111001107875",
        "nombre_establecimiento": "COLEGIO CIUDADELA EDUCATIVA DE BOSA (IED)",
        "nombre_localidad": "Bosa",
        "codigo_upz": "86",
        "nombre_upz": "EL PORVENIR",
        "estrato": "Sin estrato",
        "zona": "URBANA",
        "caracter_media": "Académico",
        "lon": -74.18717000005371,
        "lat": 4.640850000424904,
        "codigo_localidad": "07",
        "q_j": 257.6233333333334,
        "puntaje_2023": 259.72,
        "punt_global_2020": 255.93,
        "punt_global_2022": 257.22,
        "matricula_total": 6413.0,
        "demanda_total": 6997.0,
        "sobre_demanda_j": 1.0910650241696553,
        "n_hogares_muestra": 2345.0,
        "poblacion_expandida": 141524.0000047,
        "tasa_pobreza_monetaria": 0.5257805841760325,
        "tasa_pobreza_extrema": 0.1800588803931045,
        "tasa_ipm": 0.0762387072859845,
        "ingreso_percapita_promedio": 540236.3615340404,
        "capacidad_pago_promedio": 0.4928230750408675,
        "tamano_hogar_promedio": 3.676861827955815,
        "gasto_educ_promedio": 122842.87380400246,
        "tasa_deficit_cuantitativo": 0.0045173917199822,
        "tasa_deficit_cualitativo": 0.1650564668390113,
        "tasa_deficit_habitacional": 0.1695738585589935,
        "pct_estrato_1": 0.3280617828428966,
        "pct_estrato_2": 0.6692759896410106,
        "pct_estrato_3": 0.0026622275160925,
        "pct_estrato_4": 0.0,
        "pct_estrato_5": 0.0,
        "pct_estrato_6": 0.0,
        "s0_localidad": 0.2763191613237501,
        "dist_transmilenio_m": 2018.0145380487168,
        "dist_sitp_m": 24.120255349573796,
        "dist_parque_m": 256.1176051040844,
        "homicidios": 209.0,
        "lesiones_personales": 3464.0,
        "hurto_personas": 19664.0,
        "hurto_residencias": 2638.0,
        "hurto_automotores": 681.0,
        "hurto_bicicletas": 1403.0,
        "hurto_comercio": 5397.0,
        "hurto_entidades": 1643.0,
        "violencia_intrafam": 7523.0,
        "delitos_sexuales": 1159.0,
        "pct_no_oficial": 55.7,
        "n_sedes_total": 149,
        "n_sedes_no_oficial": 83
      }
    },
    {
      "type": "Feature",
      "geometry": {
        "type": "Point",
        "coordinates": [
          -74.18348000024261,
          4.6188300003695595
        ]
      },
      "properties": {
        "DANE12_EST": "111001107883",
        "id_establecimiento": "111001107883",
        "nombre_establecimiento": "COLEGIO DEBORA ARANGO PEREZ (IED)",
        "nombre_localidad": "Kennedy",
        "codigo_upz": "81",
        "nombre_upz": "GRAN BRITALIA",
        "estrato": "Estrato 2",
        "zona": "URBANA",
        "caracter_media": "Académico",
        "lon": -74.18348000024261,
        "lat": 4.6188300003695595,
        "codigo_localidad": "08",
        "q_j": 260.83,
        "puntaje_2023": 269.62,
        "punt_global_2020": 249.67,
        "punt_global_2022": 263.2,
        "matricula_total": 2897.0,
        "demanda_total": 3098.0,
        "sobre_demanda_j": 1.069382119433897,
        "n_hogares_muestra": 2381.0,
        "poblacion_expandida": 62532.0000021,
        "tasa_pobreza_monetaria": 0.4225708962005469,
        "tasa_pobreza_extrema": 0.1110827996204619,
        "tasa_ipm": 0.0629229657754087,
        "ingreso_percapita_promedio": 679816.3293689567,
        "capacidad_pago_promedio": 0.4189400908002339,
        "tamano_hogar_promedio": 3.539429057897831,
        "gasto_educ_promedio": 175746.67139168124,
        "tasa_deficit_cuantitativo": 0.0031220968607024,
        "tasa_deficit_cualitativo": 0.1647288881237457,
        "tasa_deficit_habitacional": 0.1678509849844481,
        "pct_estrato_1": 0.0053601105320275,
        "pct_estrato_2": 0.978122441841712,
        "pct_estrato_3": 0.0165174476262603,
        "pct_estrato_4": 0.0,
        "pct_estrato_5": 0.0,
        "pct_estrato_6": 0.0,
        "s0_localidad": 0.3719221758740453,
        "dist_transmilenio_m": 1646.4085540017288,
        "dist_sitp_m": 64.2489996706207,
        "dist_parque_m": 81.1032869829722,
        "homicidios": 277.0,
        "lesiones_personales": 5216.0,
        "hurto_personas": 45928.0,
        "hurto_residencias": 4574.0,
        "hurto_automotores": 2662.0,
        "hurto_bicicletas": 2842.0,
        "hurto_comercio": 11829.0,
        "hurto_entidades": 2994.0,
        "violencia_intrafam": 8341.0,
        "delitos_sexuales": 1353.0,
        "pct_no_oficial": 70.99,
        "n_sedes_total": 262,
        "n_sedes_no_oficial": 186
      }
    },
    {
      "type": "Feature",
      "geometry": {
        "type": "Point",
        "coordinates": [
          -74.13458000024073,
          4.708129999804765
        ]
      },
      "properties": {
        "DANE12_EST": "111001108456",
        "id_establecimiento": "111001108456",
        "nombre_establecimiento": "COLEGIO TOMAS CIPRIANO DE MOSQUERA (IED)",
        "nombre_localidad": "Engativa",
        "codigo_upz": "74",
        "nombre_upz": "ENGATIVA",
        "estrato": "Estrato 2",
        "zona": "URBANA",
        "caracter_media": "Académico",
        "lon": -74.13458000024073,
        "lat": 4.708129999804765,
        "codigo_localidad": "10",
        "q_j": 254.29999999999998,
        "puntaje_2023": 255.77,
        "punt_global_2020": 252.03,
        "punt_global_2022": 255.1,
        "matricula_total": 2015.0,
        "demanda_total": 2208.0,
        "sobre_demanda_j": 1.0957816377171217,
        "n_hogares_muestra": 2238.0,
        "poblacion_expandida": 141623.0000024,
        "tasa_pobreza_monetaria": 0.4166244586931509,
        "tasa_pobreza_extrema": 0.1232293367666569,
        "tasa_ipm": 0.0859261351510261,
        "ingreso_percapita_promedio": 671310.97978141,
        "capacidad_pago_promedio": 0.3468233410630167,
        "tamano_hogar_promedio": 3.6287148311396535,
        "gasto_educ_promedio": 179680.37483502133,
        "tasa_deficit_cuantitativo": 0.0158805037688926,
        "tasa_deficit_cualitativo": 0.1649188919794397,
        "tasa_deficit_habitacional": 0.1807993957483324,
        "pct_estrato_1": 0.0066518779137854,
        "pct_estrato_2": 0.9503846193388016,
        "pct_estrato_3": 0.0429635027474131,
        "pct_estrato_4": 0.0,
        "pct_estrato_5": 0.0,
        "pct_estrato_6": 0.0,
        "s0_localidad": 0.45908732785239414,
        "dist_transmilenio_m": 2674.5256440200983,
        "dist_sitp_m": 68.63355499943357,
        "dist_parque_m": 45.71784156409886,
        "homicidios": 114.0,
        "lesiones_personales": 3260.0,
        "hurto_personas": 44584.0,
        "hurto_residencias": 4694.0,
        "hurto_automotores": 1548.0,
        "hurto_bicicletas": 2840.0,
        "hurto_comercio": 11724.0,
        "hurto_entidades": 1616.0,
        "violencia_intrafam": 6497.0,
        "delitos_sexuales": 1001.0,
        "pct_no_oficial": 73.15,
        "n_sedes_total": 257,
        "n_sedes_no_oficial": 188
      }
    },
    {
      "type": "Feature",
      "geometry": {
        "type": "Point",
        "coordinates": [
          -74.12030999964442,
          4.714020000002777
        ]
      },
      "properties": {
        "DANE12_EST": "111001108901",
        "id_establecimiento": "111001108901",
        "nombre_establecimiento": "COLEGIO CHARRY (IED)",
        "nombre_localidad": "Engativa",
        "codigo_upz": "73",
        "nombre_upz": "GARCES NAVAS",
        "estrato": "Estrato 3",
        "zona": "URBANA",
        "caracter_media": "Académico",
        "lon": -74.12030999964442,
        "lat": 4.714020000002777,
        "codigo_localidad": "10",
        "q_j": 240.99333333333334,
        "puntaje_2023": 252.5,
        "punt_global_2020": 233.46,
        "punt_global_2022": 237.02,
        "matricula_total": 2195.0,
        "demanda_total": 3033.0,
        "sobre_demanda_j": 1.3817767653758541,
        "n_hogares_muestra": 2364.0,
        "poblacion_expandida": 167506.0000011,
        "tasa_pobreza_monetaria": 0.2219642795258429,
        "tasa_pobreza_extrema": 0.0757724700465454,
        "tasa_ipm": 0.0305512445349205,
        "ingreso_percapita_promedio": 1231332.3061936938,
        "capacidad_pago_promedio": 0.1792359084671763,
        "tamano_hogar_promedio": 3.4970780660695926,
        "gasto_educ_promedio": 398876.4619564738,
        "tasa_deficit_cuantitativo": 0.0047428715329288,
        "tasa_deficit_cualitativo": 0.0939250012470997,
        "tasa_deficit_habitacional": 0.0986678727800285,
        "pct_estrato_1": 0.0056796068421056,
        "pct_estrato_2": 0.19212094725018,
        "pct_estrato_3": 0.7082817853546792,
        "pct_estrato_4": 0.093917660553035,
        "pct_estrato_5": 0.0,
        "pct_estrato_6": 0.0,
        "s0_localidad": 0.45908732785239414,
        "dist_transmilenio_m": 1182.1488312571819,
        "dist_sitp_m": 57.55441165604189,
        "dist_parque_m": 151.841358920331,
        "homicidios": 114.0,
        "lesiones_personales": 3260.0,
        "hurto_personas": 44584.0,
        "hurto_residencias": 4694.0,
        "hurto_automotores": 1548.0,
        "hurto_bicicletas": 2840.0,
        "hurto_comercio": 11724.0,
        "hurto_entidades": 1616.0,
        "violencia_intrafam": 6497.0,
        "delitos_sexuales": 1001.0,
        "pct_no_oficial": 73.15,
        "n_sedes_total": 257,
        "n_sedes_no_oficial": 188
      }
    },
    {
      "type": "Feature",
      "geometry": {
        "type": "Point",
        "coordinates": [
          -74.15289999959994,
          4.549509999781747
        ]
      },
      "properties": {
        "DANE12_EST": "111001109304",
        "id_establecimiento": "111001109304",
        "nombre_establecimiento": "COLEGIO FANNY MIKEY (IED)",
        "nombre_localidad": "Ciudad Bolivar",
        "codigo_upz": "67",
        "nombre_upz": "LUCERO",
        "estrato": "Estrato 1",
        "zona": "URBANA",
        "caracter_media": "Académico",
        "lon": -74.15289999959994,
        "lat": 4.549509999781747,
        "codigo_localidad": "19",
        "q_j": 239.62666666666667,
        "puntaje_2023": 246.78,
        "punt_global_2020": 238.65,
        "punt_global_2022": 233.45,
        "matricula_total": 1885.0,
        "demanda_total": 2007.0,
        "sobre_demanda_j": 1.0647214854111406,
        "n_hogares_muestra": 2402.0,
        "poblacion_expandida": 161831.0000128,
        "tasa_pobreza_monetaria": 0.7038631757592213,
        "tasa_pobreza_extrema": 0.2920063706370369,
        "tasa_ipm": 0.1283344089448704,
        "ingreso_percapita_promedio": 390100.4363498642,
        "capacidad_pago_promedio": 0.6999095390854729,
        "tamano_hogar_promedio": 3.793805295915117,
        "gasto_educ_promedio": 94504.09039926344,
        "tasa_deficit_cuantitativo": 0.0495404235910664,
        "tasa_deficit_cualitativo": 0.2674079830741772,
        "tasa_deficit_habitacional": 0.3169484066652437,
        "pct_estrato_1": 0.7291873913191316,
        "pct_estrato_2": 0.2533851853437022,
        "pct_estrato_3": 0.0062719642164957,
        "pct_estrato_4": 0.0,
        "pct_estrato_5": 0.0,
        "pct_estrato_6": 0.0,
        "s0_localidad": 0.24641727799438962,
        "dist_transmilenio_m": 2696.0430219150035,
        "dist_sitp_m": 239.7350278184819,
        "dist_parque_m": 56.13625708405208,
        "homicidios": 450.0,
        "lesiones_personales": 4378.0,
        "hurto_personas": 16269.0,
        "hurto_residencias": 1893.0,
        "hurto_automotores": 870.0,
        "hurto_bicicletas": 472.0,
        "hurto_comercio": 4561.0,
        "hurto_entidades": 1620.0,
        "violencia_intrafam": 8567.0,
        "delitos_sexuales": 1433.0,
        "pct_no_oficial": 44.59,
        "n_sedes_total": 148,
        "n_sedes_no_oficial": 66
      }
    },
    {
      "type": "Feature",
      "geometry": {
        "type": "Point",
        "coordinates": [
          -74.10907000033178,
          4.719730000290949
        ]
      },
      "properties": {
        "DANE12_EST": "111001109550",
        "id_establecimiento": "111001109550",
        "nombre_establecimiento": "COLEGIO RODOLFO LLINAS (IED)",
        "nombre_localidad": "Engativa",
        "codigo_upz": "72",
        "nombre_upz": "BOLIVIA",
        "estrato": "Estrato 3",
        "zona": "URBANA",
        "caracter_media": "Académico",
        "lon": -74.10907000033178,
        "lat": 4.719730000290949,
        "codigo_localidad": "10",
        "q_j": 291.0233333333333,
        "puntaje_2023": 297.2,
        "punt_global_2020": 292.39,
        "punt_global_2022": 283.48,
        "matricula_total": 2326.0,
        "demanda_total": 2777.0,
        "sobre_demanda_j": 1.1938950988822012,
        "n_hogares_muestra": 2292.0,
        "poblacion_expandida": 83569.99999309999,
        "tasa_pobreza_monetaria": 0.1118603479582606,
        "tasa_pobreza_extrema": 0.053265595290984,
        "tasa_ipm": 0.0112255393858735,
        "ingreso_percapita_promedio": 1512187.8045529118,
        "capacidad_pago_promedio": 0.0402036323127606,
        "tamano_hogar_promedio": 3.2456508872022853,
        "gasto_educ_promedio": 564025.0549230543,
        "tasa_deficit_cuantitativo": 0.0,
        "tasa_deficit_cualitativo": 0.0223664282332694,
        "tasa_deficit_habitacional": 0.0223664282332694,
        "pct_estrato_1": 0.0,
        "pct_estrato_2": 0.0025010266999791,
        "pct_estrato_3": 0.9974989733000208,
        "pct_estrato_4": 0.0,
        "pct_estrato_5": 0.0,
        "pct_estrato_6": 0.0,
        "s0_localidad": 0.45908732785239414,
        "dist_transmilenio_m": 1112.333234855726,
        "dist_sitp_m": 48.93592662500511,
        "dist_parque_m": 27.178889119884047,
        "homicidios": 114.0,
        "lesiones_personales": 3260.0,
        "hurto_personas": 44584.0,
        "hurto_residencias": 4694.0,
        "hurto_automotores": 1548.0,
        "hurto_bicicletas": 2840.0,
        "hurto_comercio": 11724.0,
        "hurto_entidades": 1616.0,
        "violencia_intrafam": 6497.0,
        "delitos_sexuales": 1001.0,
        "pct_no_oficial": 73.15,
        "n_sedes_total": 257,
        "n_sedes_no_oficial": 188
      }
    },
    {
      "type": "Feature",
      "geometry": {
        "type": "Point",
        "coordinates": [
          -74.17791999996243,
          4.636100000355627
        ]
      },
      "properties": {
        "DANE12_EST": "111001110477",
        "id_establecimiento": "111001110477",
        "nombre_establecimiento": "COLEGIO NELSON MANDELA (IED)",
        "nombre_localidad": "Kennedy",
        "codigo_upz": "83",
        "nombre_upz": "LAS MARGARITAS",
        "estrato": "Estrato 2",
        "zona": "URBANA",
        "caracter_media": "Académico",
        "lon": -74.17791999996243,
        "lat": 4.636100000355627,
        "codigo_localidad": "08",
        "q_j": 266.79,
        "puntaje_2023": 266.79,
        "punt_global_2020": null,
        "punt_global_2022": null,
        "matricula_total": 1825.0,
        "demanda_total": 1942.0,
        "sobre_demanda_j": 1.0641095890410959,
        "n_hogares_muestra": 2264.0,
        "poblacion_expandida": 31305.000003700003,
        "tasa_pobreza_monetaria": 0.4509832228759419,
        "tasa_pobreza_extrema": 0.1701355599160037,
        "tasa_ipm": 0.0286740210667275,
        "ingreso_percapita_promedio": 639286.1526365987,
        "capacidad_pago_promedio": 0.4272234583012066,
        "tamano_hogar_promedio": 3.912199381096465,
        "gasto_educ_promedio": 191245.7732317545,
        "tasa_deficit_cuantitativo": 0.0,
        "tasa_deficit_cualitativo": 0.0569068479888019,
        "tasa_deficit_habitacional": 0.0569068479888019,
        "pct_estrato_1": 0.1651025528889672,
        "pct_estrato_2": 0.8334100940493973,
        "pct_estrato_3": 0.0014873530616354,
        "pct_estrato_4": 0.0,
        "pct_estrato_5": 0.0,
        "pct_estrato_6": 0.0,
        "s0_localidad": 0.3719221758740453,
        "dist_transmilenio_m": 921.1152222312124,
        "dist_sitp_m": 191.01380514766697,
        "dist_parque_m": 59.47077785610657,
        "homicidios": 277.0,
        "lesiones_personales": 5216.0,
        "hurto_personas": 45928.0,
        "hurto_residencias": 4574.0,
        "hurto_automotores": 2662.0,
        "hurto_bicicletas": 2842.0,
        "hurto_comercio": 11829.0,
        "hurto_entidades": 2994.0,
        "violencia_intrafam": 8341.0,
        "delitos_sexuales": 1353.0,
        "pct_no_oficial": 70.99,
        "n_sedes_total": 262,
        "n_sedes_no_oficial": 186
      }
    },
    {
      "type": "Feature",
      "geometry": {
        "type": "Point",
        "coordinates": [
          -74.13048000035079,
          4.656470000359904
        ]
      },
      "properties": {
        "DANE12_EST": "111001800091",
        "id_establecimiento": "111001800091",
        "nombre_establecimiento": "COLEGIO LA FELICIDAD (IED)",
        "nombre_localidad": "Fontibon",
        "codigo_upz": "112",
        "nombre_upz": "GRANJAS DE TECHO",
        "estrato": "Sin estrato",
        "zona": "URBANA",
        "caracter_media": "Académico",
        "lon": -74.13048000035079,
        "lat": 4.656470000359904,
        "codigo_localidad": "09",
        "q_j": 304.23,
        "puntaje_2023": 304.23,
        "punt_global_2020": null,
        "punt_global_2022": null,
        "matricula_total": 1000.0,
        "demanda_total": 2783.0,
        "sobre_demanda_j": 2.783,
        "n_hogares_muestra": 2230.0,
        "poblacion_expandida": 50890.000005,
        "tasa_pobreza_monetaria": 0.0760719916333197,
        "tasa_pobreza_extrema": 0.0527863315668317,
        "tasa_ipm": 0.0010062199723908,
        "ingreso_percapita_promedio": 2453393.857784332,
        "capacidad_pago_promedio": 0.0036411659949261,
        "tamano_hogar_promedio": 3.008174395263493,
        "gasto_educ_promedio": 744634.0150761756,
        "tasa_deficit_cuantitativo": 0.0,
        "tasa_deficit_cualitativo": 0.0263886839058372,
        "tasa_deficit_habitacional": 0.0263886839058372,
        "pct_estrato_1": 0.0,
        "pct_estrato_2": 0.0,
        "pct_estrato_3": 0.1039159141851133,
        "pct_estrato_4": 0.8960840858148867,
        "pct_estrato_5": 0.0,
        "pct_estrato_6": 0.0,
        "s0_localidad": 0.5228627173012368,
        "dist_transmilenio_m": 2361.6884873587337,
        "dist_sitp_m": 284.9674236672749,
        "dist_parque_m": 115.50824577588497,
        "homicidios": 46.0,
        "lesiones_personales": 1556.0,
        "hurto_personas": 27767.0,
        "hurto_residencias": 1782.0,
        "hurto_automotores": 452.0,
        "hurto_bicicletas": 1473.0,
        "hurto_comercio": 7516.0,
        "hurto_entidades": 505.0,
        "violencia_intrafam": 3285.0,
        "delitos_sexuales": 468.0,
        "pct_no_oficial": 77.55,
        "n_sedes_total": 98,
        "n_sedes_no_oficial": 76
      }
    },
    {
      "type": "Feature",
      "geometry": {
        "type": "Point",
        "coordinates": [
          -74.10309999997277,
          4.748630000348428
        ]
      },
      "properties": {
        "DANE12_EST": "111001800163",
        "id_establecimiento": "111001800163",
        "nombre_establecimiento": "COLEGIO FILARMONICO JORGE MARIO BERGOGLIO (IED)",
        "nombre_localidad": "Suba",
        "codigo_upz": "28",
        "nombre_upz": "EL RINCON",
        "estrato": "Sin estrato",
        "zona": "URBANA",
        "caracter_media": "Académico",
        "lon": -74.10309999997277,
        "lat": 4.748630000348428,
        "codigo_localidad": "11",
        "q_j": 275.0,
        "puntaje_2023": 275.0,
        "punt_global_2020": null,
        "punt_global_2022": null,
        "matricula_total": 517.0,
        "demanda_total": 964.0,
        "sobre_demanda_j": 1.8646034816247583,
        "n_hogares_muestra": 2382.0,
        "poblacion_expandida": 288983.999996,
        "tasa_pobreza_monetaria": 0.3937239387131291,
        "tasa_pobreza_extrema": 0.1074366146223657,
        "tasa_ipm": 0.0605278706414269,
        "ingreso_percapita_promedio": 736885.8395595187,
        "capacidad_pago_promedio": 0.3534176288099468,
        "tamano_hogar_promedio": 3.525641986305134,
        "gasto_educ_promedio": 229243.80352093693,
        "tasa_deficit_cuantitativo": 0.0020934378962446,
        "tasa_deficit_cualitativo": 0.1305752875097663,
        "tasa_deficit_habitacional": 0.132668725406011,
        "pct_estrato_1": 0.0094350357315205,
        "pct_estrato_2": 0.6161685875324056,
        "pct_estrato_3": 0.3631913363191484,
        "pct_estrato_4": 0.0,
        "pct_estrato_5": 0.0,
        "pct_estrato_6": 0.0,
        "s0_localidad": 0.5228297059197053,
        "dist_transmilenio_m": 998.1108878978602,
        "dist_sitp_m": 155.28181642541935,
        "dist_parque_m": 89.70386786681675,
        "homicidios": 143.0,
        "lesiones_personales": 4117.0,
        "hurto_personas": 47285.0,
        "hurto_residencias": 5010.0,
        "hurto_automotores": 938.0,
        "hurto_bicicletas": 2774.0,
        "hurto_comercio": 12600.0,
        "hurto_entidades": 1324.0,
        "violencia_intrafam": 8047.0,
        "delitos_sexuales": 1387.0,
        "pct_no_oficial": 80.22,
        "n_sedes_total": 364,
        "n_sedes_no_oficial": 292
      }
    },
    {
      "type": "Feature",
      "geometry": {
        "type": "Point",
        "coordinates": [
          -74.20254000029183,
          4.627040000127313
        ]
      },
      "properties": {
        "DANE12_EST": "111001800384",
        "id_establecimiento": "111001800384",
        "nombre_establecimiento": "COLEGIO JORGE ISAACS (IED)",
        "nombre_localidad": "Bosa",
        "codigo_upz": "87",
        "nombre_upz": "TINTAL SUR",
        "estrato": "Estrato 2",
        "zona": "EXPANSION",
        "caracter_media": "Académico",
        "lon": -74.20254000029183,
        "lat": 4.627040000127313,
        "codigo_localidad": "07",
        "q_j": 267.31,
        "puntaje_2023": 267.31,
        "punt_global_2020": null,
        "punt_global_2022": null,
        "matricula_total": 1117.0,
        "demanda_total": 1387.0,
        "sobre_demanda_j": 1.241718889883617,
        "n_hogares_muestra": 2392.0,
        "poblacion_expandida": 110225.0000021,
        "tasa_pobreza_monetaria": 0.4520666539165404,
        "tasa_pobreza_extrema": 0.1571335105708325,
        "tasa_ipm": 0.0744802714705701,
        "ingreso_percapita_promedio": 552453.5751865588,
        "capacidad_pago_promedio": 0.4627239344615857,
        "tamano_hogar_promedio": 3.718366457247371,
        "gasto_educ_promedio": 125393.3035398334,
        "tasa_deficit_cuantitativo": 0.0091994534586589,
        "tasa_deficit_cualitativo": 0.0865527447078089,
        "tasa_deficit_habitacional": 0.0957521981664678,
        "pct_estrato_1": 0.2727037086298691,
        "pct_estrato_2": 0.7241674077884259,
        "pct_estrato_3": 0.0031288835817049,
        "pct_estrato_4": 0.0,
        "pct_estrato_5": 0.0,
        "pct_estrato_6": 0.0,
        "s0_localidad": 0.2763191613237501,
        "dist_transmilenio_m": 3277.8630189154005,
        "dist_sitp_m": 63.217363794826824,
        "dist_parque_m": 79.6450351502181,
        "homicidios": 209.0,
        "lesiones_personales": 3464.0,
        "hurto_personas": 19664.0,
        "hurto_residencias": 2638.0,
        "hurto_automotores": 681.0,
        "hurto_bicicletas": 1403.0,
        "hurto_comercio": 5397.0,
        "hurto_entidades": 1643.0,
        "violencia_intrafam": 7523.0,
        "delitos_sexuales": 1159.0,
        "pct_no_oficial": 55.7,
        "n_sedes_total": 149,
        "n_sedes_no_oficial": 83
      }
    },
    {
      "type": "Feature",
      "geometry": {
        "type": "Point",
        "coordinates": [
          -74.1858800004411,
          4.642789999754915
        ]
      },
      "properties": {
        "DANE12_EST": "111001800392",
        "id_establecimiento": "111001800392",
        "nombre_establecimiento": "COLEGIO SOLEDAD ACOSTA DE SAMPER (IED)",
        "nombre_localidad": "Bosa",
        "codigo_upz": "86",
        "nombre_upz": "EL PORVENIR",
        "estrato": "Sin estrato",
        "zona": "URBANA",
        "caracter_media": "Académico",
        "lon": -74.1858800004411,
        "lat": 4.642789999754915,
        "codigo_localidad": "07",
        "q_j": 266.15,
        "puntaje_2023": 266.15,
        "punt_global_2020": null,
        "punt_global_2022": null,
        "matricula_total": 511.0,
        "demanda_total": 592.0,
        "sobre_demanda_j": 1.1585127201565557,
        "n_hogares_muestra": 2345.0,
        "poblacion_expandida": 141524.0000047,
        "tasa_pobreza_monetaria": 0.5257805841760325,
        "tasa_pobreza_extrema": 0.1800588803931045,
        "tasa_ipm": 0.0762387072859845,
        "ingreso_percapita_promedio": 540236.3615340404,
        "capacidad_pago_promedio": 0.4928230750408675,
        "tamano_hogar_promedio": 3.676861827955815,
        "gasto_educ_promedio": 122842.87380400246,
        "tasa_deficit_cuantitativo": 0.0045173917199822,
        "tasa_deficit_cualitativo": 0.1650564668390113,
        "tasa_deficit_habitacional": 0.1695738585589935,
        "pct_estrato_1": 0.3280617828428966,
        "pct_estrato_2": 0.6692759896410106,
        "pct_estrato_3": 0.0026622275160925,
        "pct_estrato_4": 0.0,
        "pct_estrato_5": 0.0,
        "pct_estrato_6": 0.0,
        "s0_localidad": 0.2763191613237501,
        "dist_transmilenio_m": 2059.6914066934532,
        "dist_sitp_m": 39.778117496343434,
        "dist_parque_m": 216.18121490557658,
        "homicidios": 209.0,
        "lesiones_personales": 3464.0,
        "hurto_personas": 19664.0,
        "hurto_residencias": 2638.0,
        "hurto_automotores": 681.0,
        "hurto_bicicletas": 1403.0,
        "hurto_comercio": 5397.0,
        "hurto_entidades": 1643.0,
        "violencia_intrafam": 7523.0,
        "delitos_sexuales": 1159.0,
        "pct_no_oficial": 55.7,
        "n_sedes_total": 149,
        "n_sedes_no_oficial": 83
      }
    },
    {
      "type": "Feature",
      "geometry": {
        "type": "Point",
        "coordinates": [
          -74.15896000037061,
          4.583860000119062
        ]
      },
      "properties": {
        "DANE12_EST": "111001800414",
        "id_establecimiento": "111001800414",
        "nombre_establecimiento": "COLEGIO EL ENSUEÑO (IED)",
        "nombre_localidad": "Ciudad Bolivar",
        "codigo_upz": "65",
        "nombre_upz": "ARBORIZADORA",
        "estrato": "Estrato 2",
        "zona": "URBANA",
        "caracter_media": "Académico",
        "lon": -74.15896000037061,
        "lat": 4.583860000119062,
        "codigo_localidad": "19",
        "q_j": 268.08,
        "puntaje_2023": 268.08,
        "punt_global_2020": null,
        "punt_global_2022": null,
        "matricula_total": 1040.0,
        "demanda_total": 1553.0,
        "sobre_demanda_j": 1.4932692307692308,
        "n_hogares_muestra": 2418.0,
        "poblacion_expandida": 83274.9999976,
        "tasa_pobreza_monetaria": 0.2812693059786856,
        "tasa_pobreza_extrema": 0.075905701257066,
        "tasa_ipm": 0.0301263929843566,
        "ingreso_percapita_promedio": 993465.718329111,
        "capacidad_pago_promedio": 0.2516172102756395,
        "tamano_hogar_promedio": 3.647526327724456,
        "gasto_educ_promedio": 280370.2631958299,
        "tasa_deficit_cuantitativo": 0.0065503031043617,
        "tasa_deficit_cualitativo": 0.089042463830846,
        "tasa_deficit_habitacional": 0.0955927669352077,
        "pct_estrato_1": 0.0136858269220395,
        "pct_estrato_2": 0.5267731856807476,
        "pct_estrato_3": 0.4575024442953829,
        "pct_estrato_4": 0.0020385431018299,
        "pct_estrato_5": 0.0,
        "pct_estrato_6": 0.0,
        "s0_localidad": 0.24641727799438962,
        "dist_transmilenio_m": 1400.2355057450543,
        "dist_sitp_m": 14.26670047205278,
        "dist_parque_m": 188.85349499854692,
        "homicidios": 450.0,
        "lesiones_personales": 4378.0,
        "hurto_personas": 16269.0,
        "hurto_residencias": 1893.0,
        "hurto_automotores": 870.0,
        "hurto_bicicletas": 472.0,
        "hurto_comercio": 4561.0,
        "hurto_entidades": 1620.0,
        "violencia_intrafam": 8567.0,
        "delitos_sexuales": 1433.0,
        "pct_no_oficial": 44.59,
        "n_sedes_total": 148,
        "n_sedes_no_oficial": 66
      }
    },
    {
      "type": "Feature",
      "geometry": {
        "type": "Point",
        "coordinates": [
          -74.15498000013127,
          4.58730999982365
        ]
      },
      "properties": {
        "DANE12_EST": "111001800422",
        "id_establecimiento": "111001800422",
        "nombre_establecimiento": "COLEGIO ROGELIO SALMONA (IED)",
        "nombre_localidad": "Ciudad Bolivar",
        "codigo_upz": "65",
        "nombre_upz": "ARBORIZADORA",
        "estrato": "Sin estrato",
        "zona": "URBANA",
        "caracter_media": "Académico",
        "lon": -74.15498000013127,
        "lat": 4.58730999982365,
        "codigo_localidad": "19",
        "q_j": 276.15,
        "puntaje_2023": 276.15,
        "punt_global_2020": null,
        "punt_global_2022": null,
        "matricula_total": 1575.0,
        "demanda_total": 2148.0,
        "sobre_demanda_j": 1.3638095238095238,
        "n_hogares_muestra": 2418.0,
        "poblacion_expandida": 83274.9999976,
        "tasa_pobreza_monetaria": 0.2812693059786856,
        "tasa_pobreza_extrema": 0.075905701257066,
        "tasa_ipm": 0.0301263929843566,
        "ingreso_percapita_promedio": 993465.718329111,
        "capacidad_pago_promedio": 0.2516172102756395,
        "tamano_hogar_promedio": 3.647526327724456,
        "gasto_educ_promedio": 280370.2631958299,
        "tasa_deficit_cuantitativo": 0.0065503031043617,
        "tasa_deficit_cualitativo": 0.089042463830846,
        "tasa_deficit_habitacional": 0.0955927669352077,
        "pct_estrato_1": 0.0136858269220395,
        "pct_estrato_2": 0.5267731856807476,
        "pct_estrato_3": 0.4575024442953829,
        "pct_estrato_4": 0.0020385431018299,
        "pct_estrato_5": 0.0,
        "pct_estrato_6": 0.0,
        "s0_localidad": 0.24641727799438962,
        "dist_transmilenio_m": 1019.5345075311179,
        "dist_sitp_m": 58.623244185812844,
        "dist_parque_m": 90.80088611474703,
        "homicidios": 450.0,
        "lesiones_personales": 4378.0,
        "hurto_personas": 16269.0,
        "hurto_residencias": 1893.0,
        "hurto_automotores": 870.0,
        "hurto_bicicletas": 472.0,
        "hurto_comercio": 4561.0,
        "hurto_entidades": 1620.0,
        "violencia_intrafam": 8567.0,
        "delitos_sexuales": 1433.0,
        "pct_no_oficial": 44.59,
        "n_sedes_total": 148,
        "n_sedes_no_oficial": 66
      }
    },
    {
      "type": "Feature",
      "geometry": {
        "type": "Point",
        "coordinates": [
          -74.17456999990993,
          4.633669999974911
        ]
      },
      "properties": {
        "DANE12_EST": "111001800431",
        "id_establecimiento": "111001800431",
        "nombre_establecimiento": "COLEGIO LAS MARGARITAS (IED)",
        "nombre_localidad": "Kennedy",
        "codigo_upz": "83",
        "nombre_upz": "LAS MARGARITAS",
        "estrato": "Sin estrato",
        "zona": "URBANA",
        "caracter_media": "Académico",
        "lon": -74.17456999990993,
        "lat": 4.633669999974911,
        "codigo_localidad": "08",
        "q_j": 287.69,
        "puntaje_2023": 287.69,
        "punt_global_2020": null,
        "punt_global_2022": null,
        "matricula_total": 521.0,
        "demanda_total": 682.0,
        "sobre_demanda_j": 1.309021113243762,
        "n_hogares_muestra": 2264.0,
        "poblacion_expandida": 31305.000003700003,
        "tasa_pobreza_monetaria": 0.4509832228759419,
        "tasa_pobreza_extrema": 0.1701355599160037,
        "tasa_ipm": 0.0286740210667275,
        "ingreso_percapita_promedio": 639286.1526365987,
        "capacidad_pago_promedio": 0.4272234583012066,
        "tamano_hogar_promedio": 3.912199381096465,
        "gasto_educ_promedio": 191245.7732317545,
        "tasa_deficit_cuantitativo": 0.0,
        "tasa_deficit_cualitativo": 0.0569068479888019,
        "tasa_deficit_habitacional": 0.0569068479888019,
        "pct_estrato_1": 0.1651025528889672,
        "pct_estrato_2": 0.8334100940493973,
        "pct_estrato_3": 0.0014873530616354,
        "pct_estrato_4": 0.0,
        "pct_estrato_5": 0.0,
        "pct_estrato_6": 0.0,
        "s0_localidad": 0.3719221758740453,
        "dist_transmilenio_m": 505.45040130843995,
        "dist_sitp_m": 116.35034819768076,
        "dist_parque_m": 183.71984747032818,
        "homicidios": 277.0,
        "lesiones_personales": 5216.0,
        "hurto_personas": 45928.0,
        "hurto_residencias": 4574.0,
        "hurto_automotores": 2662.0,
        "hurto_bicicletas": 2842.0,
        "hurto_comercio": 11829.0,
        "hurto_entidades": 2994.0,
        "violencia_intrafam": 8341.0,
        "delitos_sexuales": 1353.0,
        "pct_no_oficial": 70.99,
        "n_sedes_total": 262,
        "n_sedes_no_oficial": 186
      }
    },
    {
      "type": "Feature",
      "geometry": {
        "type": "Point",
        "coordinates": [
          -74.20380999981296,
          4.614979999788188
        ]
      },
      "properties": {
        "DANE12_EST": "111001800457",
        "id_establecimiento": "111001800457",
        "nombre_establecimiento": "COLEGIO BICENTENARIO DE LA INDEPENDENCIA (IED)",
        "nombre_localidad": "Bosa",
        "codigo_upz": "85",
        "nombre_upz": "BOSA CENTRAL",
        "estrato": "Estrato 2",
        "zona": "URBANA",
        "caracter_media": "Académico",
        "lon": -74.20380999981296,
        "lat": 4.614979999788188,
        "codigo_localidad": "07",
        "q_j": 248.08,
        "puntaje_2023": 248.08,
        "punt_global_2020": null,
        "punt_global_2022": null,
        "matricula_total": 1567.0,
        "demanda_total": 1816.0,
        "sobre_demanda_j": 1.1589023611997447,
        "n_hogares_muestra": 2530.0,
        "poblacion_expandida": 236893.9999938,
        "tasa_pobreza_monetaria": 0.5774122247227872,
        "tasa_pobreza_extrema": 0.2259702239533336,
        "tasa_ipm": 0.0772742342008624,
        "ingreso_percapita_promedio": 559243.4881524148,
        "capacidad_pago_promedio": 0.5417241991656973,
        "tamano_hogar_promedio": 3.662381280285304,
        "gasto_educ_promedio": 133205.3566644155,
        "tasa_deficit_cuantitativo": 0.0140410598706048,
        "tasa_deficit_cualitativo": 0.1537435722367523,
        "tasa_deficit_habitacional": 0.1677846321073571,
        "pct_estrato_1": 0.0108539179665474,
        "pct_estrato_2": 0.9885468201365548,
        "pct_estrato_3": 0.0005992618968978,
        "pct_estrato_4": 0.0,
        "pct_estrato_5": 0.0,
        "pct_estrato_6": 0.0,
        "s0_localidad": 0.2763191613237501,
        "dist_transmilenio_m": 2798.453449261171,
        "dist_sitp_m": 404.93164584149304,
        "dist_parque_m": 137.77192854153049,
        "homicidios": 209.0,
        "lesiones_personales": 3464.0,
        "hurto_personas": 19664.0,
        "hurto_residencias": 2638.0,
        "hurto_automotores": 681.0,
        "hurto_bicicletas": 1403.0,
        "hurto_comercio": 5397.0,
        "hurto_entidades": 1643.0,
        "violencia_intrafam": 7523.0,
        "delitos_sexuales": 1159.0,
        "pct_no_oficial": 55.7,
        "n_sedes_total": 149,
        "n_sedes_no_oficial": 83
      }
    },
    {
      "type": "Feature",
      "geometry": {
        "type": "Point",
        "coordinates": [
          -74.14550999993196,
          4.634300000146289
        ]
      },
      "properties": {
        "DANE12_EST": "111001800554",
        "id_establecimiento": "111001800554",
        "nombre_establecimiento": "COLEGIO EMMA REYES (IED)",
        "nombre_localidad": "Kennedy",
        "codigo_upz": "46",
        "nombre_upz": "CASTILLA",
        "estrato": "Estrato 3",
        "zona": "URBANA",
        "caracter_media": "Académico",
        "lon": -74.14550999993196,
        "lat": 4.634300000146289,
        "codigo_localidad": "08",
        "q_j": 283.85,
        "puntaje_2023": 283.85,
        "punt_global_2020": null,
        "punt_global_2022": null,
        "matricula_total": 493.0,
        "demanda_total": 715.0,
        "sobre_demanda_j": 1.4503042596348885,
        "n_hogares_muestra": null,
        "poblacion_expandida": null,
        "tasa_pobreza_monetaria": null,
        "tasa_pobreza_extrema": null,
        "tasa_ipm": null,
        "ingreso_percapita_promedio": null,
        "capacidad_pago_promedio": null,
        "tamano_hogar_promedio": null,
        "gasto_educ_promedio": null,
        "tasa_deficit_cuantitativo": null,
        "tasa_deficit_cualitativo": null,
        "tasa_deficit_habitacional": null,
        "pct_estrato_1": null,
        "pct_estrato_2": null,
        "pct_estrato_3": null,
        "pct_estrato_4": null,
        "pct_estrato_5": null,
        "pct_estrato_6": null,
        "s0_localidad": 0.3719221758740453,
        "dist_transmilenio_m": 335.43196735440154,
        "dist_sitp_m": 171.5881264322794,
        "dist_parque_m": 170.57856735351453,
        "homicidios": 277.0,
        "lesiones_personales": 5216.0,
        "hurto_personas": 45928.0,
        "hurto_residencias": 4574.0,
        "hurto_automotores": 2662.0,
        "hurto_bicicletas": 2842.0,
        "hurto_comercio": 11829.0,
        "hurto_entidades": 2994.0,
        "violencia_intrafam": 8341.0,
        "delitos_sexuales": 1353.0,
        "pct_no_oficial": 70.99,
        "n_sedes_total": 262,
        "n_sedes_no_oficial": 186
      }
    },
    {
      "type": "Feature",
      "geometry": {
        "type": "Point",
        "coordinates": [
          -74.12309999983025,
          4.474960000450111
        ]
      },
      "properties": {
        "DANE12_EST": "111001800562",
        "id_establecimiento": "111001800562",
        "nombre_establecimiento": "COLEGIO JOSE EUSTASIO RIVERA (IED)",
        "nombre_localidad": "Usme",
        "codigo_upz": "61",
        "nombre_upz": "CIUDAD USME",
        "estrato": "No indica estrato",
        "zona": "URBANA",
        "caracter_media": "Académico",
        "lon": -74.12309999983025,
        "lat": 4.474960000450111,
        "codigo_localidad": "05",
        "q_j": 270.0,
        "puntaje_2023": 270.0,
        "punt_global_2020": null,
        "punt_global_2022": null,
        "matricula_total": 672.0,
        "demanda_total": 748.0,
        "sobre_demanda_j": 1.1130952380952381,
        "n_hogares_muestra": null,
        "poblacion_expandida": null,
        "tasa_pobreza_monetaria": null,
        "tasa_pobreza_extrema": null,
        "tasa_ipm": null,
        "ingreso_percapita_promedio": null,
        "capacidad_pago_promedio": null,
        "tamano_hogar_promedio": null,
        "gasto_educ_promedio": null,
        "tasa_deficit_cuantitativo": null,
        "tasa_deficit_cualitativo": null,
        "tasa_deficit_habitacional": null,
        "pct_estrato_1": null,
        "pct_estrato_2": null,
        "pct_estrato_3": null,
        "pct_estrato_4": null,
        "pct_estrato_5": null,
        "pct_estrato_6": null,
        "s0_localidad": 0.1806550335776531,
        "dist_transmilenio_m": 6324.20075810507,
        "dist_sitp_m": 58.36929015097606,
        "dist_parque_m": 112.35607415504882,
        "homicidios": 171.0,
        "lesiones_personales": 2562.0,
        "hurto_personas": 8404.0,
        "hurto_residencias": 1452.0,
        "hurto_automotores": 311.0,
        "hurto_bicicletas": 146.0,
        "hurto_comercio": 2308.0,
        "hurto_entidades": 623.0,
        "violencia_intrafam": 3963.0,
        "delitos_sexuales": 923.0,
        "pct_no_oficial": 33.03,
        "n_sedes_total": 109,
        "n_sedes_no_oficial": 36
      }
    },
    {
      "type": "Feature",
      "geometry": {
        "type": "Point",
        "coordinates": [
          -74.16427999955297,
          4.58260000023987
        ]
      },
      "properties": {
        "DANE12_EST": "111001800571",
        "id_establecimiento": "111001800571",
        "nombre_establecimiento": "COLEGIO ANGELA RESTREPO MORENO (IED)",
        "nombre_localidad": "Ciudad Bolivar",
        "codigo_upz": "69",
        "nombre_upz": "ISMAEL PERDOMO",
        "estrato": "Sin estrato",
        "zona": "URBANA",
        "caracter_media": "Académico",
        "lon": -74.16427999955297,
        "lat": 4.58260000023987,
        "codigo_localidad": "19",
        "q_j": 275.77,
        "puntaje_2023": 275.77,
        "punt_global_2020": null,
        "punt_global_2022": null,
        "matricula_total": 1033.0,
        "demanda_total": 1178.0,
        "sobre_demanda_j": 1.1403678606001937,
        "n_hogares_muestra": 2366.0,
        "poblacion_expandida": 164520.000002,
        "tasa_pobreza_monetaria": 0.5154591657334616,
        "tasa_pobreza_extrema": 0.1613228629192643,
        "tasa_ipm": 0.1120384549706778,
        "ingreso_percapita_promedio": 615523.9462379344,
        "capacidad_pago_promedio": 0.5271605075896285,
        "tamano_hogar_promedio": 3.809864504438854,
        "gasto_educ_promedio": 155800.1338993075,
        "tasa_deficit_cuantitativo": 0.0209367304088142,
        "tasa_deficit_cualitativo": 0.1935707537570682,
        "tasa_deficit_habitacional": 0.2145074841658825,
        "pct_estrato_1": 0.4453212904693007,
        "pct_estrato_2": 0.4547796296212645,
        "pct_estrato_3": 0.0998990799094347,
        "pct_estrato_4": 0.0,
        "pct_estrato_5": 0.0,
        "pct_estrato_6": 0.0,
        "s0_localidad": 0.24641727799438962,
        "dist_transmilenio_m": 1468.406104794961,
        "dist_sitp_m": 114.62317025832348,
        "dist_parque_m": 92.21526641309202,
        "homicidios": 450.0,
        "lesiones_personales": 4378.0,
        "hurto_personas": 16269.0,
        "hurto_residencias": 1893.0,
        "hurto_automotores": 870.0,
        "hurto_bicicletas": 472.0,
        "hurto_comercio": 4561.0,
        "hurto_entidades": 1620.0,
        "violencia_intrafam": 8567.0,
        "delitos_sexuales": 1433.0,
        "pct_no_oficial": 44.59,
        "n_sedes_total": 148,
        "n_sedes_no_oficial": 66
      }
    },
    {
      "type": "Feature",
      "geometry": {
        "type": "Point",
        "coordinates": [
          -74.16460000011841,
          4.576450000412551
        ]
      },
      "properties": {
        "DANE12_EST": "111001800635",
        "id_establecimiento": "111001800635",
        "nombre_establecimiento": "COLEGIO EL NOGAL (IED)",
        "nombre_localidad": "Ciudad Bolivar",
        "codigo_upz": "69",
        "nombre_upz": "ISMAEL PERDOMO",
        "estrato": "Estrato 1",
        "zona": "URBANA",
        "caracter_media": "Académico",
        "lon": -74.16460000011841,
        "lat": 4.576450000412551,
        "codigo_localidad": "19",
        "q_j": 263.46,
        "puntaje_2023": 263.46,
        "punt_global_2020": null,
        "punt_global_2022": null,
        "matricula_total": 1042.0,
        "demanda_total": 1163.0,
        "sobre_demanda_j": 1.116122840690979,
        "n_hogares_muestra": 2366.0,
        "poblacion_expandida": 164520.000002,
        "tasa_pobreza_monetaria": 0.5154591657334616,
        "tasa_pobreza_extrema": 0.1613228629192643,
        "tasa_ipm": 0.1120384549706778,
        "ingreso_percapita_promedio": 615523.9462379344,
        "capacidad_pago_promedio": 0.5271605075896285,
        "tamano_hogar_promedio": 3.809864504438854,
        "gasto_educ_promedio": 155800.1338993075,
        "tasa_deficit_cuantitativo": 0.0209367304088142,
        "tasa_deficit_cualitativo": 0.1935707537570682,
        "tasa_deficit_habitacional": 0.2145074841658825,
        "pct_estrato_1": 0.4453212904693007,
        "pct_estrato_2": 0.4547796296212645,
        "pct_estrato_3": 0.0998990799094347,
        "pct_estrato_4": 0.0,
        "pct_estrato_5": 0.0,
        "pct_estrato_6": 0.0,
        "s0_localidad": 0.24641727799438962,
        "dist_transmilenio_m": 2150.653961545649,
        "dist_sitp_m": 291.4173896084686,
        "dist_parque_m": 112.12979609610781,
        "homicidios": 450.0,
        "lesiones_personales": 4378.0,
        "hurto_personas": 16269.0,
        "hurto_residencias": 1893.0,
        "hurto_automotores": 870.0,
        "hurto_bicicletas": 472.0,
        "hurto_comercio": 4561.0,
        "hurto_entidades": 1620.0,
        "violencia_intrafam": 8567.0,
        "delitos_sexuales": 1433.0,
        "pct_no_oficial": 44.59,
        "n_sedes_total": 148,
        "n_sedes_no_oficial": 66
      }
    },
    {
      "type": "Feature",
      "geometry": {
        "type": "Point",
        "coordinates": [
          -74.18234999956523,
          4.613730000212795
        ]
      },
      "properties": {
        "DANE12_EST": "111001800643",
        "id_establecimiento": "111001800643",
        "nombre_establecimiento": "COLEGIO DE LA BICI (IED)",
        "nombre_localidad": "Bosa",
        "codigo_upz": "85",
        "nombre_upz": "BOSA CENTRAL",
        "estrato": "Sin estrato",
        "zona": "URBANA",
        "caracter_media": "Académico",
        "lon": -74.18234999956523,
        "lat": 4.613730000212795,
        "codigo_localidad": "07",
        "q_j": 271.15,
        "puntaje_2023": 271.15,
        "punt_global_2020": null,
        "punt_global_2022": null,
        "matricula_total": 1045.0,
        "demanda_total": 1179.0,
        "sobre_demanda_j": 1.1282296650717702,
        "n_hogares_muestra": 2530.0,
        "poblacion_expandida": 236893.9999938,
        "tasa_pobreza_monetaria": 0.5774122247227872,
        "tasa_pobreza_extrema": 0.2259702239533336,
        "tasa_ipm": 0.0772742342008624,
        "ingreso_percapita_promedio": 559243.4881524148,
        "capacidad_pago_promedio": 0.5417241991656973,
        "tamano_hogar_promedio": 3.662381280285304,
        "gasto_educ_promedio": 133205.3566644155,
        "tasa_deficit_cuantitativo": 0.0140410598706048,
        "tasa_deficit_cualitativo": 0.1537435722367523,
        "tasa_deficit_habitacional": 0.1677846321073571,
        "pct_estrato_1": 0.0108539179665474,
        "pct_estrato_2": 0.9885468201365548,
        "pct_estrato_3": 0.0005992618968978,
        "pct_estrato_4": 0.0,
        "pct_estrato_5": 0.0,
        "pct_estrato_6": 0.0,
        "s0_localidad": 0.2763191613237501,
        "dist_transmilenio_m": 1876.897353087349,
        "dist_sitp_m": 129.8526024507839,
        "dist_parque_m": 224.35894856740362,
        "homicidios": 209.0,
        "lesiones_personales": 3464.0,
        "hurto_personas": 19664.0,
        "hurto_residencias": 2638.0,
        "hurto_automotores": 681.0,
        "hurto_bicicletas": 1403.0,
        "hurto_comercio": 5397.0,
        "hurto_entidades": 1643.0,
        "violencia_intrafam": 7523.0,
        "delitos_sexuales": 1159.0,
        "pct_no_oficial": 55.7,
        "n_sedes_total": 149,
        "n_sedes_no_oficial": 83
      }
    },
    {
      "type": "Feature",
      "geometry": {
        "type": "Point",
        "coordinates": [
          -74.09940000011592,
          4.511199999706381
        ]
      },
      "properties": {
        "DANE12_EST": "111001800660",
        "id_establecimiento": "111001800660",
        "nombre_establecimiento": "COLEGIO CIUDAD CHENGDU (IED)",
        "nombre_localidad": "Usme",
        "codigo_upz": "57",
        "nombre_upz": "GRAN YOMASA",
        "estrato": "Estrato 2",
        "zona": "URBANA",
        "caracter_media": "Académico",
        "lon": -74.09940000011592,
        "lat": 4.511199999706381,
        "codigo_localidad": "05",
        "q_j": 248.08,
        "puntaje_2023": 248.08,
        "punt_global_2020": null,
        "punt_global_2022": null,
        "matricula_total": 523.0,
        "demanda_total": 578.0,
        "sobre_demanda_j": 1.1051625239005736,
        "n_hogares_muestra": 2440.0,
        "poblacion_expandida": 131329.99999830002,
        "tasa_pobreza_monetaria": 0.5375758554741024,
        "tasa_pobreza_extrema": 0.170500226653391,
        "tasa_ipm": 0.0997707066661814,
        "ingreso_percapita_promedio": 546453.4732746364,
        "capacidad_pago_promedio": 0.5369657626400125,
        "tamano_hogar_promedio": 3.6829561057356353,
        "gasto_educ_promedio": 131619.82020471324,
        "tasa_deficit_cuantitativo": 0.0094164735347293,
        "tasa_deficit_cualitativo": 0.1714038156094676,
        "tasa_deficit_habitacional": 0.180820289144197,
        "pct_estrato_1": 0.2132961951988319,
        "pct_estrato_2": 0.7829697168463492,
        "pct_estrato_3": 0.0033905540356793,
        "pct_estrato_4": 0.0,
        "pct_estrato_5": 0.0,
        "pct_estrato_6": 0.0,
        "s0_localidad": 0.1806550335776531,
        "dist_transmilenio_m": 3180.261001417928,
        "dist_sitp_m": 36.049393544367206,
        "dist_parque_m": 134.3416927190961,
        "homicidios": 171.0,
        "lesiones_personales": 2562.0,
        "hurto_personas": 8404.0,
        "hurto_residencias": 1452.0,
        "hurto_automotores": 311.0,
        "hurto_bicicletas": 146.0,
        "hurto_comercio": 2308.0,
        "hurto_entidades": 623.0,
        "violencia_intrafam": 3963.0,
        "delitos_sexuales": 923.0,
        "pct_no_oficial": 33.03,
        "n_sedes_total": 109,
        "n_sedes_no_oficial": 36
      }
    },
    {
      "type": "Feature",
      "geometry": {
        "type": "Point",
        "coordinates": [
          -74.19228000007209,
          4.625189999780595
        ]
      },
      "properties": {
        "DANE12_EST": "111001800678",
        "id_establecimiento": "111001800678",
        "nombre_establecimiento": "COLEGIO PARQUES DE BOGOTA (IED)",
        "nombre_localidad": "Bosa",
        "codigo_upz": "84",
        "nombre_upz": "BOSA OCCIDENTAL",
        "estrato": "Estrato 2",
        "zona": "URBANA",
        "caracter_media": "Académico",
        "lon": -74.19228000007209,
        "lat": 4.625189999780595,
        "codigo_localidad": "07",
        "q_j": 272.31,
        "puntaje_2023": 272.31,
        "punt_global_2020": null,
        "punt_global_2022": null,
        "matricula_total": 1043.0,
        "demanda_total": 1165.0,
        "sobre_demanda_j": 1.1169702780441035,
        "n_hogares_muestra": 2513.0,
        "poblacion_expandida": 199171.0000029,
        "tasa_pobreza_monetaria": 0.5522918237042458,
        "tasa_pobreza_extrema": 0.1879558875079952,
        "tasa_ipm": 0.0996822849647334,
        "ingreso_percapita_promedio": 536362.5788589469,
        "capacidad_pago_promedio": 0.5493628931456228,
        "tamano_hogar_promedio": 3.7633010092291874,
        "gasto_educ_promedio": 137178.08860508617,
        "tasa_deficit_cuantitativo": 0.0104317439329508,
        "tasa_deficit_cualitativo": 0.1768060546886206,
        "tasa_deficit_habitacional": 0.1872377986215714,
        "pct_estrato_1": 0.0242614269719469,
        "pct_estrato_2": 0.9753720865706926,
        "pct_estrato_3": 0.0,
        "pct_estrato_4": 0.0,
        "pct_estrato_5": 0.0,
        "pct_estrato_6": 0.0,
        "s0_localidad": 0.2763191613237501,
        "dist_transmilenio_m": 2180.7532121454738,
        "dist_sitp_m": 91.83727646600356,
        "dist_parque_m": 142.04633519083865,
        "homicidios": 209.0,
        "lesiones_personales": 3464.0,
        "hurto_personas": 19664.0,
        "hurto_residencias": 2638.0,
        "hurto_automotores": 681.0,
        "hurto_bicicletas": 1403.0,
        "hurto_comercio": 5397.0,
        "hurto_entidades": 1643.0,
        "violencia_intrafam": 7523.0,
        "delitos_sexuales": 1159.0,
        "pct_no_oficial": 55.7,
        "n_sedes_total": 149,
        "n_sedes_no_oficial": 83
      }
    },
    {
      "type": "Feature",
      "geometry": {
        "type": "Point",
        "coordinates": [
          -74.21197000030817,
          4.6266300002350595
        ]
      },
      "properties": {
        "DANE12_EST": "111001800694",
        "id_establecimiento": "111001800694",
        "nombre_establecimiento": "COLEGIO LAUREL DE CERA (IED)",
        "nombre_localidad": "Bosa",
        "codigo_upz": "87",
        "nombre_upz": "TINTAL SUR",
        "estrato": "Estrato 2",
        "zona": "EXPANSION",
        "caracter_media": "Académico",
        "lon": -74.21197000030817,
        "lat": 4.6266300002350595,
        "codigo_localidad": "07",
        "q_j": 269.62,
        "puntaje_2023": 269.62,
        "punt_global_2020": null,
        "punt_global_2022": null,
        "matricula_total": 1046.0,
        "demanda_total": 1155.0,
        "sobre_demanda_j": 1.104206500956023,
        "n_hogares_muestra": 2392.0,
        "poblacion_expandida": 110225.0000021,
        "tasa_pobreza_monetaria": 0.4520666539165404,
        "tasa_pobreza_extrema": 0.1571335105708325,
        "tasa_ipm": 0.0744802714705701,
        "ingreso_percapita_promedio": 552453.5751865588,
        "capacidad_pago_promedio": 0.4627239344615857,
        "tamano_hogar_promedio": 3.718366457247371,
        "gasto_educ_promedio": 125393.3035398334,
        "tasa_deficit_cuantitativo": 0.0091994534586589,
        "tasa_deficit_cualitativo": 0.0865527447078089,
        "tasa_deficit_habitacional": 0.0957521981664678,
        "pct_estrato_1": 0.2727037086298691,
        "pct_estrato_2": 0.7241674077884259,
        "pct_estrato_3": 0.0031288835817049,
        "pct_estrato_4": 0.0,
        "pct_estrato_5": 0.0,
        "pct_estrato_6": 0.0,
        "s0_localidad": 0.2763191613237501,
        "dist_transmilenio_m": 4323.495735545595,
        "dist_sitp_m": 413.8643527211476,
        "dist_parque_m": 159.59015434234843,
        "homicidios": 209.0,
        "lesiones_personales": 3464.0,
        "hurto_personas": 19664.0,
        "hurto_residencias": 2638.0,
        "hurto_automotores": 681.0,
        "hurto_bicicletas": 1403.0,
        "hurto_comercio": 5397.0,
        "hurto_entidades": 1643.0,
        "violencia_intrafam": 7523.0,
        "delitos_sexuales": 1159.0,
        "pct_no_oficial": 55.7,
        "n_sedes_total": 149,
        "n_sedes_no_oficial": 83
      }
    },
    {
      "type": "Feature",
      "geometry": {
        "type": "Point",
        "coordinates": [
          -74.1064099998423,
          4.754960000478343
        ]
      },
      "properties": {
        "DANE12_EST": "111001800813",
        "id_establecimiento": "111001800813",
        "nombre_establecimiento": "COLEGIO COMPARTIR SUBA (IED)",
        "nombre_localidad": "Suba",
        "codigo_upz": "71",
        "nombre_upz": "TIBABUYES",
        "estrato": "Sin estrato",
        "zona": "URBANA",
        "caracter_media": "Académico",
        "lon": -74.1064099998423,
        "lat": 4.754960000478343,
        "codigo_localidad": "11",
        "q_j": 281.54,
        "puntaje_2023": 281.54,
        "punt_global_2020": null,
        "punt_global_2022": null,
        "matricula_total": 1142.0,
        "demanda_total": 1503.0,
        "sobre_demanda_j": 1.3161120840630474,
        "n_hogares_muestra": 2573.0,
        "poblacion_expandida": 297101.9999961,
        "tasa_pobreza_monetaria": 0.4456968888729736,
        "tasa_pobreza_extrema": 0.1490413708291471,
        "tasa_ipm": 0.0547952712557091,
        "ingreso_percapita_promedio": 644941.2180258469,
        "capacidad_pago_promedio": 0.4503924567810265,
        "tamano_hogar_promedio": 3.863038542648874,
        "gasto_educ_promedio": 238418.55806301135,
        "tasa_deficit_cuantitativo": 0.0083614290907924,
        "tasa_deficit_cualitativo": 0.1447133755318523,
        "tasa_deficit_habitacional": 0.1530748046226447,
        "pct_estrato_1": 0.0023181771173167,
        "pct_estrato_2": 0.8509075995924582,
        "pct_estrato_3": 0.1452201069826738,
        "pct_estrato_4": 0.0015541163075511,
        "pct_estrato_5": 0.0,
        "pct_estrato_6": 0.0,
        "s0_localidad": 0.5228297059197053,
        "dist_transmilenio_m": 1620.9072680138258,
        "dist_sitp_m": 46.322421419674335,
        "dist_parque_m": 39.327594157642764,
        "homicidios": 143.0,
        "lesiones_personales": 4117.0,
        "hurto_personas": 47285.0,
        "hurto_residencias": 5010.0,
        "hurto_automotores": 938.0,
        "hurto_bicicletas": 2774.0,
        "hurto_comercio": 12600.0,
        "hurto_entidades": 1324.0,
        "violencia_intrafam": 8047.0,
        "delitos_sexuales": 1387.0,
        "pct_no_oficial": 80.22,
        "n_sedes_total": 364,
        "n_sedes_no_oficial": 292
      }
    },
    {
      "type": "Feature",
      "geometry": {
        "type": "Point",
        "coordinates": [
          -74.08704000017165,
          4.5318300001521665
        ]
      },
      "properties": {
        "DANE12_EST": "111001801047",
        "id_establecimiento": "111001801047",
        "nombre_establecimiento": "COLEGIO GLORIA VALENCIA DE CASTAÑO (IED)",
        "nombre_localidad": "San Cristobal",
        "codigo_upz": "51",
        "nombre_upz": "LOS LIBERTADORES",
        "estrato": "No indica estrato",
        "zona": "URBANA",
        "caracter_media": "Académico",
        "lon": -74.08704000017165,
        "lat": 4.5318300001521665,
        "codigo_localidad": "04",
        "q_j": null,
        "puntaje_2023": null,
        "punt_global_2020": null,
        "punt_global_2022": null,
        "matricula_total": 925.0,
        "demanda_total": 1066.0,
        "sobre_demanda_j": 1.1524324324324324,
        "n_hogares_muestra": 2692.0,
        "poblacion_expandida": 77733.99999669999,
        "tasa_pobreza_monetaria": 0.5265376983345458,
        "tasa_pobreza_extrema": 0.1756566622209029,
        "tasa_ipm": 0.0673617880364099,
        "ingreso_percapita_promedio": 552249.0706601833,
        "capacidad_pago_promedio": 0.5524742211712143,
        "tamano_hogar_promedio": 3.6592377897750734,
        "gasto_educ_promedio": 168187.30175970253,
        "tasa_deficit_cuantitativo": 0.0051636119898247,
        "tasa_deficit_cualitativo": 0.1867404524907536,
        "tasa_deficit_habitacional": 0.1919040644805784,
        "pct_estrato_1": 0.1949612933561038,
        "pct_estrato_2": 0.8018119887339643,
        "pct_estrato_3": 0.0,
        "pct_estrato_4": 0.0,
        "pct_estrato_5": 0.0,
        "pct_estrato_6": 0.0,
        "s0_localidad": 0.24275340378588084,
        "dist_transmilenio_m": 3586.0427695568014,
        "dist_sitp_m": 69.8279768250248,
        "dist_parque_m": 95.52776155265202,
        "homicidios": 113.0,
        "lesiones_personales": 2653.0,
        "hurto_personas": 11264.0,
        "hurto_residencias": 1302.0,
        "hurto_automotores": 438.0,
        "hurto_bicicletas": 251.0,
        "hurto_comercio": 3279.0,
        "hurto_entidades": 810.0,
        "violencia_intrafam": 4309.0,
        "delitos_sexuales": 811.0,
        "pct_no_oficial": 49.61,
        "n_sedes_total": 129,
        "n_sedes_no_oficial": 64
      }
    },
    {
      "type": "Feature",
      "geometry": {
        "type": "Point",
        "coordinates": [
          -74.12967000023889,
          4.716110000290675
        ]
      },
      "properties": {
        "DANE12_EST": "111001801055",
        "id_establecimiento": "111001801055",
        "nombre_establecimiento": "COLEGIO ABEL RODRIGUEZ CESPEDES (IED)",
        "nombre_localidad": "Engativa",
        "codigo_upz": "73",
        "nombre_upz": "GARCES NAVAS",
        "estrato": "No indica estrato",
        "zona": "URBANA",
        "caracter_media": "Académico",
        "lon": -74.12967000023889,
        "lat": 4.716110000290675,
        "codigo_localidad": "10",
        "q_j": null,
        "puntaje_2023": null,
        "punt_global_2020": null,
        "punt_global_2022": null,
        "matricula_total": 1015.0,
        "demanda_total": 1349.0,
        "sobre_demanda_j": 1.329064039408867,
        "n_hogares_muestra": 2364.0,
        "poblacion_expandida": 167506.0000011,
        "tasa_pobreza_monetaria": 0.2219642795258429,
        "tasa_pobreza_extrema": 0.0757724700465454,
        "tasa_ipm": 0.0305512445349205,
        "ingreso_percapita_promedio": 1231332.3061936938,
        "capacidad_pago_promedio": 0.1792359084671763,
        "tamano_hogar_promedio": 3.4970780660695926,
        "gasto_educ_promedio": 398876.4619564738,
        "tasa_deficit_cuantitativo": 0.0047428715329288,
        "tasa_deficit_cualitativo": 0.0939250012470997,
        "tasa_deficit_habitacional": 0.0986678727800285,
        "pct_estrato_1": 0.0056796068421056,
        "pct_estrato_2": 0.19212094725018,
        "pct_estrato_3": 0.7082817853546792,
        "pct_estrato_4": 0.093917660553035,
        "pct_estrato_5": 0.0,
        "pct_estrato_6": 0.0,
        "s0_localidad": 0.45908732785239414,
        "dist_transmilenio_m": 2235.582676384174,
        "dist_sitp_m": 108.47469812119986,
        "dist_parque_m": 123.31921408611032,
        "homicidios": 114.0,
        "lesiones_personales": 3260.0,
        "hurto_personas": 44584.0,
        "hurto_residencias": 4694.0,
        "hurto_automotores": 1548.0,
        "hurto_bicicletas": 2840.0,
        "hurto_comercio": 11724.0,
        "hurto_entidades": 1616.0,
        "violencia_intrafam": 6497.0,
        "delitos_sexuales": 1001.0,
        "pct_no_oficial": 73.15,
        "n_sedes_total": 257,
        "n_sedes_no_oficial": 188
      }
    },
    {
      "type": "Feature",
      "geometry": {
        "type": "Point",
        "coordinates": [
          -74.13642999972,
          4.725149999717814
        ]
      },
      "properties": {
        "DANE12_EST": "111001801071",
        "id_establecimiento": "111001801071",
        "nombre_establecimiento": "COLEGIO LUCILA RUBIO DE LAVERDE (IED)",
        "nombre_localidad": "Engativa",
        "codigo_upz": "73",
        "nombre_upz": "GARCES NAVAS",
        "estrato": "No indica estrato",
        "zona": "URBANA",
        "caracter_media": "Académico",
        "lon": -74.13642999972,
        "lat": 4.725149999717814,
        "codigo_localidad": "10",
        "q_j": null,
        "puntaje_2023": null,
        "punt_global_2020": null,
        "punt_global_2022": null,
        "matricula_total": 987.0,
        "demanda_total": 1340.0,
        "sobre_demanda_j": 1.3576494427558257,
        "n_hogares_muestra": 2364.0,
        "poblacion_expandida": 167506.0000011,
        "tasa_pobreza_monetaria": 0.2219642795258429,
        "tasa_pobreza_extrema": 0.0757724700465454,
        "tasa_ipm": 0.0305512445349205,
        "ingreso_percapita_promedio": 1231332.3061936938,
        "capacidad_pago_promedio": 0.1792359084671763,
        "tamano_hogar_promedio": 3.4970780660695926,
        "gasto_educ_promedio": 398876.4619564738,
        "tasa_deficit_cuantitativo": 0.0047428715329288,
        "tasa_deficit_cualitativo": 0.0939250012470997,
        "tasa_deficit_habitacional": 0.0986678727800285,
        "pct_estrato_1": 0.0056796068421056,
        "pct_estrato_2": 0.19212094725018,
        "pct_estrato_3": 0.7082817853546792,
        "pct_estrato_4": 0.093917660553035,
        "pct_estrato_5": 0.0,
        "pct_estrato_6": 0.0,
        "s0_localidad": 0.45908732785239414,
        "dist_transmilenio_m": 3339.945245807395,
        "dist_sitp_m": 236.8022917002601,
        "dist_parque_m": 239.74833939192015,
        "homicidios": 114.0,
        "lesiones_personales": 3260.0,
        "hurto_personas": 44584.0,
        "hurto_residencias": 4694.0,
        "hurto_automotores": 1548.0,
        "hurto_bicicletas": 2840.0,
        "hurto_comercio": 11724.0,
        "hurto_entidades": 1616.0,
        "violencia_intrafam": 6497.0,
        "delitos_sexuales": 1001.0,
        "pct_no_oficial": 73.15,
        "n_sedes_total": 257,
        "n_sedes_no_oficial": 188
      }
    },
    {
      "type": "Feature",
      "geometry": {
        "type": "Point",
        "coordinates": [
          -74.19447000020831,
          4.615599999720742
        ]
      },
      "properties": {
        "DANE12_EST": "111001801080",
        "id_establecimiento": "111001801080",
        "nombre_establecimiento": "COLEGIO ESMERALDA ARBOLEDA CADAVID (IED)",
        "nombre_localidad": "Bosa",
        "codigo_upz": "85",
        "nombre_upz": "BOSA CENTRAL",
        "estrato": "No indica estrato",
        "zona": "URBANA",
        "caracter_media": "Académico",
        "lon": -74.19447000020831,
        "lat": 4.615599999720742,
        "codigo_localidad": "07",
        "q_j": 245.92,
        "puntaje_2023": 245.92,
        "punt_global_2020": null,
        "punt_global_2022": null,
        "matricula_total": 2882.0,
        "demanda_total": 3109.0,
        "sobre_demanda_j": 1.078764746703678,
        "n_hogares_muestra": 2530.0,
        "poblacion_expandida": 236893.9999938,
        "tasa_pobreza_monetaria": 0.5774122247227872,
        "tasa_pobreza_extrema": 0.2259702239533336,
        "tasa_ipm": 0.0772742342008624,
        "ingreso_percapita_promedio": 559243.4881524148,
        "capacidad_pago_promedio": 0.5417241991656973,
        "tamano_hogar_promedio": 3.662381280285304,
        "gasto_educ_promedio": 133205.3566644155,
        "tasa_deficit_cuantitativo": 0.0140410598706048,
        "tasa_deficit_cualitativo": 0.1537435722367523,
        "tasa_deficit_habitacional": 0.1677846321073571,
        "pct_estrato_1": 0.0108539179665474,
        "pct_estrato_2": 0.9885468201365548,
        "pct_estrato_3": 0.0005992618968978,
        "pct_estrato_4": 0.0,
        "pct_estrato_5": 0.0,
        "pct_estrato_6": 0.0,
        "s0_localidad": 0.2763191613237501,
        "dist_transmilenio_m": 2439.7619583627898,
        "dist_sitp_m": 136.38543563131455,
        "dist_parque_m": 178.69394692805415,
        "homicidios": 209.0,
        "lesiones_personales": 3464.0,
        "hurto_personas": 19664.0,
        "hurto_residencias": 2638.0,
        "hurto_automotores": 681.0,
        "hurto_bicicletas": 1403.0,
        "hurto_comercio": 5397.0,
        "hurto_entidades": 1643.0,
        "violencia_intrafam": 7523.0,
        "delitos_sexuales": 1159.0,
        "pct_no_oficial": 55.7,
        "n_sedes_total": 149,
        "n_sedes_no_oficial": 83
      }
    },
    {
      "type": "Feature",
      "geometry": {
        "type": "Point",
        "coordinates": [
          -74.19916000010211,
          4.633950000219883
        ]
      },
      "properties": {
        "DANE12_EST": "111001801098",
        "id_establecimiento": "111001801098",
        "nombre_establecimiento": "COLEGIO CIUDADELA EL RECREO SONIA OSORIO DE SAINT-MALO (IED)",
        "nombre_localidad": "Bosa",
        "codigo_upz": "87",
        "nombre_upz": "TINTAL SUR",
        "estrato": "No indica estrato",
        "zona": "URBANA",
        "caracter_media": "Académico",
        "lon": -74.19916000010211,
        "lat": 4.633950000219883,
        "codigo_localidad": "07",
        "q_j": null,
        "puntaje_2023": null,
        "punt_global_2020": null,
        "punt_global_2022": null,
        "matricula_total": 2063.0,
        "demanda_total": 2397.0,
        "sobre_demanda_j": 1.1619001454192923,
        "n_hogares_muestra": 2392.0,
        "poblacion_expandida": 110225.0000021,
        "tasa_pobreza_monetaria": 0.4520666539165404,
        "tasa_pobreza_extrema": 0.1571335105708325,
        "tasa_ipm": 0.0744802714705701,
        "ingreso_percapita_promedio": 552453.5751865588,
        "capacidad_pago_promedio": 0.4627239344615857,
        "tamano_hogar_promedio": 3.718366457247371,
        "gasto_educ_promedio": 125393.3035398334,
        "tasa_deficit_cuantitativo": 0.0091994534586589,
        "tasa_deficit_cualitativo": 0.0865527447078089,
        "tasa_deficit_habitacional": 0.0957521981664678,
        "pct_estrato_1": 0.2727037086298691,
        "pct_estrato_2": 0.7241674077884259,
        "pct_estrato_3": 0.0031288835817049,
        "pct_estrato_4": 0.0,
        "pct_estrato_5": 0.0,
        "pct_estrato_6": 0.0,
        "s0_localidad": 0.2763191613237501,
        "dist_transmilenio_m": 2937.1477087082367,
        "dist_sitp_m": 59.469793103063196,
        "dist_parque_m": 258.48935233843446,
        "homicidios": 209.0,
        "lesiones_personales": 3464.0,
        "hurto_personas": 19664.0,
        "hurto_residencias": 2638.0,
        "hurto_automotores": 681.0,
        "hurto_bicicletas": 1403.0,
        "hurto_comercio": 5397.0,
        "hurto_entidades": 1643.0,
        "violencia_intrafam": 7523.0,
        "delitos_sexuales": 1159.0,
        "pct_no_oficial": 55.7,
        "n_sedes_total": 149,
        "n_sedes_no_oficial": 83
      }
    },
    {
      "type": "Feature",
      "geometry": {
        "type": "Point",
        "coordinates": [
          -74.1865299998211,
          4.630059999965399
        ]
      },
      "properties": {
        "DANE12_EST": "111001801101",
        "id_establecimiento": "111001801101",
        "nombre_establecimiento": "COLEGIO LAURA HERRERA DE VARELA (IED)",
        "nombre_localidad": "Bosa",
        "codigo_upz": "84",
        "nombre_upz": "BOSA",
        "estrato": "No indica estrato",
        "zona": "URBANA",
        "caracter_media": "Académico",
        "lon": -74.1865299998211,
        "lat": 4.630059999965399,
        "codigo_localidad": "07",
        "q_j": null,
        "puntaje_2023": null,
        "punt_global_2020": null,
        "punt_global_2022": null,
        "matricula_total": 2103.0,
        "demanda_total": 2361.0,
        "sobre_demanda_j": 1.122681883024251,
        "n_hogares_muestra": 2513.0,
        "poblacion_expandida": 199171.0000029,
        "tasa_pobreza_monetaria": 0.5522918237042458,
        "tasa_pobreza_extrema": 0.1879558875079952,
        "tasa_ipm": 0.0996822849647334,
        "ingreso_percapita_promedio": 536362.5788589469,
        "capacidad_pago_promedio": 0.5493628931456228,
        "tamano_hogar_promedio": 3.7633010092291874,
        "gasto_educ_promedio": 137178.08860508617,
        "tasa_deficit_cuantitativo": 0.0104317439329508,
        "tasa_deficit_cualitativo": 0.1768060546886206,
        "tasa_deficit_habitacional": 0.1872377986215714,
        "pct_estrato_1": 0.0242614269719469,
        "pct_estrato_2": 0.9753720865706926,
        "pct_estrato_3": 0.0,
        "pct_estrato_4": 0.0,
        "pct_estrato_5": 0.0,
        "pct_estrato_6": 0.0,
        "s0_localidad": 0.2763191613237501,
        "dist_transmilenio_m": 1494.9847742204643,
        "dist_sitp_m": 110.86944602668375,
        "dist_parque_m": 147.8189054624541,
        "homicidios": 209.0,
        "lesiones_personales": 3464.0,
        "hurto_personas": 19664.0,
        "hurto_residencias": 2638.0,
        "hurto_automotores": 681.0,
        "hurto_bicicletas": 1403.0,
        "hurto_comercio": 5397.0,
        "hurto_entidades": 1643.0,
        "violencia_intrafam": 7523.0,
        "delitos_sexuales": 1159.0,
        "pct_no_oficial": 55.7,
        "n_sedes_total": 149,
        "n_sedes_no_oficial": 83
      }
    },
    {
      "type": "Feature",
      "geometry": {
        "type": "Point",
        "coordinates": [
          -74.12948000026807,
          4.621850000290701
        ]
      },
      "properties": {
        "DANE12_EST": "111001801241",
        "id_establecimiento": "111001801241",
        "nombre_establecimiento": "COLEGIO FELIZA BURSZTYN (IED)",
        "nombre_localidad": "Kennedy",
        "codigo_upz": "44",
        "nombre_upz": "AMERICAS",
        "estrato": "No indica estrato",
        "zona": "URBANA",
        "caracter_media": "Académico",
        "lon": -74.12948000026807,
        "lat": 4.621850000290701,
        "codigo_localidad": "08",
        "q_j": null,
        "puntaje_2023": null,
        "punt_global_2020": null,
        "punt_global_2022": null,
        "matricula_total": null,
        "demanda_total": null,
        "sobre_demanda_j": null,
        "n_hogares_muestra": 2293.0,
        "poblacion_expandida": 78905.0000038,
        "tasa_pobreza_monetaria": 0.1913804436027216,
        "tasa_pobreza_extrema": 0.0605666032022032,
        "tasa_ipm": 0.0305930336731987,
        "ingreso_percapita_promedio": 1418709.423643221,
        "capacidad_pago_promedio": 0.1056939969165244,
        "tamano_hogar_promedio": 3.2000151191894046,
        "gasto_educ_promedio": 460748.5768046597,
        "tasa_deficit_cuantitativo": 0.002565652499718,
        "tasa_deficit_cualitativo": 0.0453597074409433,
        "tasa_deficit_habitacional": 0.0479253599406613,
        "pct_estrato_1": 0.0010810755781749,
        "pct_estrato_2": 0.2089207125100576,
        "pct_estrato_3": 0.691704162941151,
        "pct_estrato_4": 0.0982940489706163,
        "pct_estrato_5": 0.0,
        "pct_estrato_6": 0.0,
        "s0_localidad": 0.3719221758740453,
        "dist_transmilenio_m": 873.6421781978493,
        "dist_sitp_m": 37.85433473201114,
        "dist_parque_m": 99.66926469727048,
        "homicidios": 277.0,
        "lesiones_personales": 5216.0,
        "hurto_personas": 45928.0,
        "hurto_residencias": 4574.0,
        "hurto_automotores": 2662.0,
        "hurto_bicicletas": 2842.0,
        "hurto_comercio": 11829.0,
        "hurto_entidades": 2994.0,
        "violencia_intrafam": 8341.0,
        "delitos_sexuales": 1353.0,
        "pct_no_oficial": 70.99,
        "n_sedes_total": 262,
        "n_sedes_no_oficial": 186
      }
    },
    {
      "type": "Feature",
      "geometry": {
        "type": "Point",
        "coordinates": [
          -74.09905000031156,
          4.748860000578705
        ]
      },
      "properties": {
        "DANE12_EST": "111001801250",
        "id_establecimiento": "111001801250",
        "nombre_establecimiento": "COLEGIO JAIME NIÑO DIEZ (IED)",
        "nombre_localidad": "Suba",
        "codigo_upz": "27",
        "nombre_upz": "SUBA",
        "estrato": "No indica estrato",
        "zona": "URBANA",
        "caracter_media": "Académico",
        "lon": -74.09905000031156,
        "lat": 4.748860000578705,
        "codigo_localidad": "11",
        "q_j": null,
        "puntaje_2023": null,
        "punt_global_2020": null,
        "punt_global_2022": null,
        "matricula_total": null,
        "demanda_total": null,
        "sobre_demanda_j": null,
        "n_hogares_muestra": 2347.0,
        "poblacion_expandida": 181377.9999961,
        "tasa_pobreza_monetaria": 0.2101949307623844,
        "tasa_pobreza_extrema": 0.0522949654384983,
        "tasa_ipm": 0.0320991777675638,
        "ingreso_percapita_promedio": 1248597.313165178,
        "capacidad_pago_promedio": 0.1578957081554311,
        "tamano_hogar_promedio": 3.4033946989683046,
        "gasto_educ_promedio": 480968.98612228886,
        "tasa_deficit_cuantitativo": 0.0016685693094339,
        "tasa_deficit_cualitativo": 0.0692596672202257,
        "tasa_deficit_habitacional": 0.0709282365296597,
        "pct_estrato_1": 0.0,
        "pct_estrato_2": 0.3384139123081069,
        "pct_estrato_3": 0.6175974522109,
        "pct_estrato_4": 0.043988635480993,
        "pct_estrato_5": 0.0,
        "pct_estrato_6": 0.0,
        "s0_localidad": 0.5228297059197053,
        "dist_transmilenio_m": 575.5253156005401,
        "dist_sitp_m": 85.70617337744932,
        "dist_parque_m": 116.03359753721857,
        "homicidios": 143.0,
        "lesiones_personales": 4117.0,
        "hurto_personas": 47285.0,
        "hurto_residencias": 5010.0,
        "hurto_automotores": 938.0,
        "hurto_bicicletas": 2774.0,
        "hurto_comercio": 12600.0,
        "hurto_entidades": 1324.0,
        "violencia_intrafam": 8047.0,
        "delitos_sexuales": 1387.0,
        "pct_no_oficial": 80.22,
        "n_sedes_total": 364,
        "n_sedes_no_oficial": 292
      }
    },
    {
      "type": "Feature",
      "geometry": {
        "type": "Point",
        "coordinates": [
          -74.15605999968163,
          4.657020000379939
        ]
      },
      "properties": {
        "DANE12_EST": "111001801268",
        "id_establecimiento": "111001801268",
        "nombre_establecimiento": "COLEGIO TERESA MARTINEZ DE VARELA (IED)",
        "nombre_localidad": "Kennedy",
        "codigo_upz": "78",
        "nombre_upz": "TINTAL NORTE",
        "estrato": "No indica estrato",
        "zona": "EXPANSION",
        "caracter_media": "Académico",
        "lon": -74.15605999968163,
        "lat": 4.657020000379939,
        "codigo_localidad": "08",
        "q_j": null,
        "puntaje_2023": null,
        "punt_global_2020": null,
        "punt_global_2022": null,
        "matricula_total": null,
        "demanda_total": null,
        "sobre_demanda_j": null,
        "n_hogares_muestra": 2078.0,
        "poblacion_expandida": 29887.999995,
        "tasa_pobreza_monetaria": 0.1964008430333914,
        "tasa_pobreza_extrema": 0.0546808885630823,
        "tasa_ipm": 0.0198854394439048,
        "ingreso_percapita_promedio": 1024898.9616517049,
        "capacidad_pago_promedio": 0.166607118774526,
        "tamano_hogar_promedio": 3.5035015496392368,
        "gasto_educ_promedio": 330876.94947077584,
        "tasa_deficit_cuantitativo": 0.0,
        "tasa_deficit_cualitativo": 0.0524534974090694,
        "tasa_deficit_habitacional": 0.0524534974090694,
        "pct_estrato_1": 0.0,
        "pct_estrato_2": 0.8656432157898893,
        "pct_estrato_3": 0.1343567842101105,
        "pct_estrato_4": 0.0,
        "pct_estrato_5": 0.0,
        "pct_estrato_6": 0.0,
        "s0_localidad": 0.3719221758740453,
        "dist_transmilenio_m": 2156.2820352196277,
        "dist_sitp_m": 144.63087973762563,
        "dist_parque_m": 178.84953124984554,
        "homicidios": 277.0,
        "lesiones_personales": 5216.0,
        "hurto_personas": 45928.0,
        "hurto_residencias": 4574.0,
        "hurto_automotores": 2662.0,
        "hurto_bicicletas": 2842.0,
        "hurto_comercio": 11829.0,
        "hurto_entidades": 2994.0,
        "violencia_intrafam": 8341.0,
        "delitos_sexuales": 1353.0,
        "pct_no_oficial": 70.99,
        "n_sedes_total": 262,
        "n_sedes_no_oficial": 186
      }
    },
    {
      "type": "Feature",
      "geometry": {
        "type": "Point",
        "coordinates": [
          -74.15309999961646,
          4.5814999998371535
        ]
      },
      "properties": {
        "DANE12_EST": "111001801276",
        "id_establecimiento": "111001801276",
        "nombre_establecimiento": "COLEGIO MARIA CURREA MANRIQUE (IED)",
        "nombre_localidad": "Ciudad Bolivar",
        "codigo_upz": "65",
        "nombre_upz": "ARBORIZADORA",
        "estrato": "No indica estrato",
        "zona": "URBANA",
        "caracter_media": "Académico",
        "lon": -74.15309999961646,
        "lat": 4.5814999998371535,
        "codigo_localidad": "19",
        "q_j": null,
        "puntaje_2023": null,
        "punt_global_2020": null,
        "punt_global_2022": null,
        "matricula_total": 224.0,
        "demanda_total": 248.0,
        "sobre_demanda_j": 1.1071428571428572,
        "n_hogares_muestra": 2418.0,
        "poblacion_expandida": 83274.9999976,
        "tasa_pobreza_monetaria": 0.2812693059786856,
        "tasa_pobreza_extrema": 0.075905701257066,
        "tasa_ipm": 0.0301263929843566,
        "ingreso_percapita_promedio": 993465.718329111,
        "capacidad_pago_promedio": 0.2516172102756395,
        "tamano_hogar_promedio": 3.647526327724456,
        "gasto_educ_promedio": 280370.2631958299,
        "tasa_deficit_cuantitativo": 0.0065503031043617,
        "tasa_deficit_cualitativo": 0.089042463830846,
        "tasa_deficit_habitacional": 0.0955927669352077,
        "pct_estrato_1": 0.0136858269220395,
        "pct_estrato_2": 0.5267731856807476,
        "pct_estrato_3": 0.4575024442953829,
        "pct_estrato_4": 0.0020385431018299,
        "pct_estrato_5": 0.0,
        "pct_estrato_6": 0.0,
        "s0_localidad": 0.24641727799438962,
        "dist_transmilenio_m": 1639.2231726192704,
        "dist_sitp_m": 131.27143181427397,
        "dist_parque_m": 110.97225134128941,
        "homicidios": 450.0,
        "lesiones_personales": 4378.0,
        "hurto_personas": 16269.0,
        "hurto_residencias": 1893.0,
        "hurto_automotores": 870.0,
        "hurto_bicicletas": 472.0,
        "hurto_comercio": 4561.0,
        "hurto_entidades": 1620.0,
        "violencia_intrafam": 8567.0,
        "delitos_sexuales": 1433.0,
        "pct_no_oficial": 44.59,
        "n_sedes_total": 148,
        "n_sedes_no_oficial": 66
      }
    },
    {
      "type": "Feature",
      "geometry": {
        "type": "Point",
        "coordinates": [
          -74.16258999990727,
          4.586429999885829
        ]
      },
      "properties": {
        "DANE12_EST": "111001801314",
        "id_establecimiento": "111001801314",
        "nombre_establecimiento": "COLEGIO AGUDELO RESTREPO (IED)",
        "nombre_localidad": "Ciudad Bolivar",
        "codigo_upz": "69",
        "nombre_upz": "ISMAEL PERDOMO",
        "estrato": "No indica estrato",
        "zona": "URBANA",
        "caracter_media": "Académico",
        "lon": -74.16258999990727,
        "lat": 4.586429999885829,
        "codigo_localidad": "19",
        "q_j": null,
        "puntaje_2023": null,
        "punt_global_2020": null,
        "punt_global_2022": null,
        "matricula_total": 912.0,
        "demanda_total": 973.0,
        "sobre_demanda_j": 1.0668859649122806,
        "n_hogares_muestra": 2366.0,
        "poblacion_expandida": 164520.000002,
        "tasa_pobreza_monetaria": 0.5154591657334616,
        "tasa_pobreza_extrema": 0.1613228629192643,
        "tasa_ipm": 0.1120384549706778,
        "ingreso_percapita_promedio": 615523.9462379344,
        "capacidad_pago_promedio": 0.5271605075896285,
        "tamano_hogar_promedio": 3.809864504438854,
        "gasto_educ_promedio": 155800.1338993075,
        "tasa_deficit_cuantitativo": 0.0209367304088142,
        "tasa_deficit_cualitativo": 0.1935707537570682,
        "tasa_deficit_habitacional": 0.2145074841658825,
        "pct_estrato_1": 0.4453212904693007,
        "pct_estrato_2": 0.4547796296212645,
        "pct_estrato_3": 0.0998990799094347,
        "pct_estrato_4": 0.0,
        "pct_estrato_5": 0.0,
        "pct_estrato_6": 0.0,
        "s0_localidad": 0.24641727799438962,
        "dist_transmilenio_m": 1073.4484575162974,
        "dist_sitp_m": 145.5501614828194,
        "dist_parque_m": 60.942172049658566,
        "homicidios": 450.0,
        "lesiones_personales": 4378.0,
        "hurto_personas": 16269.0,
        "hurto_residencias": 1893.0,
        "hurto_automotores": 870.0,
        "hurto_bicicletas": 472.0,
        "hurto_comercio": 4561.0,
        "hurto_entidades": 1620.0,
        "violencia_intrafam": 8567.0,
        "delitos_sexuales": 1433.0,
        "pct_no_oficial": 44.59,
        "n_sedes_total": 148,
        "n_sedes_no_oficial": 66
      }
    },
    {
      "type": "Feature",
      "geometry": {
        "type": "Point",
        "coordinates": [
          -74.13175999991766,
          4.65185000023085
        ]
      },
      "properties": {
        "DANE12_EST": "111001801322",
        "id_establecimiento": "111001801322",
        "nombre_establecimiento": "COLEGIO MARIA JOSEFA CANELONES (IED)",
        "nombre_localidad": "Fontibon",
        "codigo_upz": "112",
        "nombre_upz": "GRANJAS DE TECHO",
        "estrato": "No indica estrato",
        "zona": "URBANA",
        "caracter_media": "Académico",
        "lon": -74.13175999991766,
        "lat": 4.65185000023085,
        "codigo_localidad": "09",
        "q_j": null,
        "puntaje_2023": null,
        "punt_global_2020": null,
        "punt_global_2022": null,
        "matricula_total": null,
        "demanda_total": null,
        "sobre_demanda_j": null,
        "n_hogares_muestra": 2230.0,
        "poblacion_expandida": 50890.000005,
        "tasa_pobreza_monetaria": 0.0760719916333197,
        "tasa_pobreza_extrema": 0.0527863315668317,
        "tasa_ipm": 0.0010062199723908,
        "ingreso_percapita_promedio": 2453393.857784332,
        "capacidad_pago_promedio": 0.0036411659949261,
        "tamano_hogar_promedio": 3.008174395263493,
        "gasto_educ_promedio": 744634.0150761756,
        "tasa_deficit_cuantitativo": 0.0,
        "tasa_deficit_cualitativo": 0.0263886839058372,
        "tasa_deficit_habitacional": 0.0263886839058372,
        "pct_estrato_1": 0.0,
        "pct_estrato_2": 0.0,
        "pct_estrato_3": 0.1039159141851133,
        "pct_estrato_4": 0.8960840858148867,
        "pct_estrato_5": 0.0,
        "pct_estrato_6": 0.0,
        "s0_localidad": 0.5228627173012368,
        "dist_transmilenio_m": 2431.8992399211406,
        "dist_sitp_m": 213.26382605574435,
        "dist_parque_m": 182.61901325933647,
        "homicidios": 46.0,
        "lesiones_personales": 1556.0,
        "hurto_personas": 27767.0,
        "hurto_residencias": 1782.0,
        "hurto_automotores": 452.0,
        "hurto_bicicletas": 1473.0,
        "hurto_comercio": 7516.0,
        "hurto_entidades": 505.0,
        "violencia_intrafam": 3285.0,
        "delitos_sexuales": 468.0,
        "pct_no_oficial": 77.55,
        "n_sedes_total": 98,
        "n_sedes_no_oficial": 76
      }
    },
    {
      "type": "Feature",
      "geometry": {
        "type": "Point",
        "coordinates": [
          -74.11293000002219,
          4.744589999876982
        ]
      },
      "properties": {
        "DANE12_EST": "111001801349",
        "id_establecimiento": "111001801349",
        "nombre_establecimiento": "COLEGIO ELISA MUJICA VELASQUEZ (IED)",
        "nombre_localidad": "Suba",
        "codigo_upz": "71",
        "nombre_upz": "TIBABUYES",
        "estrato": "No indica estrato",
        "zona": "URBANA",
        "caracter_media": "Académico",
        "lon": -74.11293000002219,
        "lat": 4.744589999876982,
        "codigo_localidad": "11",
        "q_j": null,
        "puntaje_2023": null,
        "punt_global_2020": null,
        "punt_global_2022": null,
        "matricula_total": null,
        "demanda_total": null,
        "sobre_demanda_j": null,
        "n_hogares_muestra": 2573.0,
        "poblacion_expandida": 297101.9999961,
        "tasa_pobreza_monetaria": 0.4456968888729736,
        "tasa_pobreza_extrema": 0.1490413708291471,
        "tasa_ipm": 0.0547952712557091,
        "ingreso_percapita_promedio": 644941.2180258469,
        "capacidad_pago_promedio": 0.4503924567810265,
        "tamano_hogar_promedio": 3.863038542648874,
        "gasto_educ_promedio": 238418.55806301135,
        "tasa_deficit_cuantitativo": 0.0083614290907924,
        "tasa_deficit_cualitativo": 0.1447133755318523,
        "tasa_deficit_habitacional": 0.1530748046226447,
        "pct_estrato_1": 0.0023181771173167,
        "pct_estrato_2": 0.8509075995924582,
        "pct_estrato_3": 0.1452201069826738,
        "pct_estrato_4": 0.0015541163075511,
        "pct_estrato_5": 0.0,
        "pct_estrato_6": 0.0,
        "s0_localidad": 0.5228297059197053,
        "dist_transmilenio_m": 2081.553804867309,
        "dist_sitp_m": 33.92935784714581,
        "dist_parque_m": 36.211859609496265,
        "homicidios": 143.0,
        "lesiones_personales": 4117.0,
        "hurto_personas": 47285.0,
        "hurto_residencias": 5010.0,
        "hurto_automotores": 938.0,
        "hurto_bicicletas": 2774.0,
        "hurto_comercio": 12600.0,
        "hurto_entidades": 1324.0,
        "violencia_intrafam": 8047.0,
        "delitos_sexuales": 1387.0,
        "pct_no_oficial": 80.22,
        "n_sedes_total": 364,
        "n_sedes_no_oficial": 292
      }
    },
    {
      "type": "Feature",
      "geometry": {
        "type": "Point",
        "coordinates": [
          -74.18584000025812,
          4.60060999999083
        ]
      },
      "properties": {
        "DANE12_EST": "111102000265",
        "id_establecimiento": "111102000265",
        "nombre_establecimiento": "COLEGIO LUIS LOPEZ DE MESA (IED)",
        "nombre_localidad": "Bosa",
        "codigo_upz": "85",
        "nombre_upz": "BOSA CENTRAL",
        "estrato": "Estrato 2",
        "zona": "URBANA",
        "caracter_media": "Técnico",
        "lon": -74.18584000025812,
        "lat": 4.60060999999083,
        "codigo_localidad": "07",
        "q_j": 249.88333333333333,
        "puntaje_2023": 255.77,
        "punt_global_2020": 248.54,
        "punt_global_2022": 245.34,
        "matricula_total": 2740.0,
        "demanda_total": 3006.0,
        "sobre_demanda_j": 1.097080291970803,
        "n_hogares_muestra": 2530.0,
        "poblacion_expandida": 236893.9999938,
        "tasa_pobreza_monetaria": 0.5774122247227872,
        "tasa_pobreza_extrema": 0.2259702239533336,
        "tasa_ipm": 0.0772742342008624,
        "ingreso_percapita_promedio": 559243.4881524148,
        "capacidad_pago_promedio": 0.5417241991656973,
        "tamano_hogar_promedio": 3.662381280285304,
        "gasto_educ_promedio": 133205.3566644155,
        "tasa_deficit_cuantitativo": 0.0140410598706048,
        "tasa_deficit_cualitativo": 0.1537435722367523,
        "tasa_deficit_habitacional": 0.1677846321073571,
        "pct_estrato_1": 0.0108539179665474,
        "pct_estrato_2": 0.9885468201365548,
        "pct_estrato_3": 0.0005992618968978,
        "pct_estrato_4": 0.0,
        "pct_estrato_5": 0.0,
        "pct_estrato_6": 0.0,
        "s0_localidad": 0.2763191613237501,
        "dist_transmilenio_m": 657.9790813939688,
        "dist_sitp_m": 62.97213785051637,
        "dist_parque_m": 84.45713255080531,
        "homicidios": 209.0,
        "lesiones_personales": 3464.0,
        "hurto_personas": 19664.0,
        "hurto_residencias": 2638.0,
        "hurto_automotores": 681.0,
        "hurto_bicicletas": 1403.0,
        "hurto_comercio": 5397.0,
        "hurto_entidades": 1643.0,
        "violencia_intrafam": 7523.0,
        "delitos_sexuales": 1159.0,
        "pct_no_oficial": 55.7,
        "n_sedes_total": 149,
        "n_sedes_no_oficial": 83
      }
    },
    {
      "type": "Feature",
      "geometry": {
        "type": "Point",
        "coordinates": [
          -74.1874300003447,
          4.603769999715637
        ]
      },
      "properties": {
        "DANE12_EST": "111102000281",
        "id_establecimiento": "111102000281",
        "nombre_establecimiento": "COLEGIO PABLO DE TARSO (IED)",
        "nombre_localidad": "Bosa",
        "codigo_upz": "85",
        "nombre_upz": "BOSA CENTRAL",
        "estrato": "Estrato 2",
        "zona": "URBANA",
        "caracter_media": "Académico",
        "lon": -74.1874300003447,
        "lat": 4.603769999715637,
        "codigo_localidad": "07",
        "q_j": 246.21,
        "puntaje_2023": 256.12,
        "punt_global_2020": 239.65,
        "punt_global_2022": 242.86,
        "matricula_total": 2833.0,
        "demanda_total": 3274.0,
        "sobre_demanda_j": 1.1556653723967525,
        "n_hogares_muestra": 2530.0,
        "poblacion_expandida": 236893.9999938,
        "tasa_pobreza_monetaria": 0.5774122247227872,
        "tasa_pobreza_extrema": 0.2259702239533336,
        "tasa_ipm": 0.0772742342008624,
        "ingreso_percapita_promedio": 559243.4881524148,
        "capacidad_pago_promedio": 0.5417241991656973,
        "tamano_hogar_promedio": 3.662381280285304,
        "gasto_educ_promedio": 133205.3566644155,
        "tasa_deficit_cuantitativo": 0.0140410598706048,
        "tasa_deficit_cualitativo": 0.1537435722367523,
        "tasa_deficit_habitacional": 0.1677846321073571,
        "pct_estrato_1": 0.0108539179665474,
        "pct_estrato_2": 0.9885468201365548,
        "pct_estrato_3": 0.0005992618968978,
        "pct_estrato_4": 0.0,
        "pct_estrato_5": 0.0,
        "pct_estrato_6": 0.0,
        "s0_localidad": 0.2763191613237501,
        "dist_transmilenio_m": 1023.1424316571441,
        "dist_sitp_m": 147.07845216335764,
        "dist_parque_m": 135.26472505201008,
        "homicidios": 209.0,
        "lesiones_personales": 3464.0,
        "hurto_personas": 19664.0,
        "hurto_residencias": 2638.0,
        "hurto_automotores": 681.0,
        "hurto_bicicletas": 1403.0,
        "hurto_comercio": 5397.0,
        "hurto_entidades": 1643.0,
        "violencia_intrafam": 7523.0,
        "delitos_sexuales": 1159.0,
        "pct_no_oficial": 55.7,
        "n_sedes_total": 149,
        "n_sedes_no_oficial": 83
      }
    },
    {
      "type": "Feature",
      "geometry": {
        "type": "Point",
        "coordinates": [
          -74.1848100000382,
          4.610850000401573
        ]
      },
      "properties": {
        "DANE12_EST": "111102000621",
        "id_establecimiento": "111102000621",
        "nombre_establecimiento": "COLEGIO FRANCISCO DE PAULA SANTANDER (IED)",
        "nombre_localidad": "Bosa",
        "codigo_upz": "85",
        "nombre_upz": "BOSA CENTRAL",
        "estrato": "Estrato 2",
        "zona": "URBANA",
        "caracter_media": "Académico",
        "lon": -74.1848100000382,
        "lat": 4.610850000401573,
        "codigo_localidad": "07",
        "q_j": 263.6933333333333,
        "puntaje_2023": 269.94,
        "punt_global_2020": 260.35,
        "punt_global_2022": 260.79,
        "matricula_total": 1359.0,
        "demanda_total": 1459.0,
        "sobre_demanda_j": 1.0735835172921266,
        "n_hogares_muestra": 2530.0,
        "poblacion_expandida": 236893.9999938,
        "tasa_pobreza_monetaria": 0.5774122247227872,
        "tasa_pobreza_extrema": 0.2259702239533336,
        "tasa_ipm": 0.0772742342008624,
        "ingreso_percapita_promedio": 559243.4881524148,
        "capacidad_pago_promedio": 0.5417241991656973,
        "tamano_hogar_promedio": 3.662381280285304,
        "gasto_educ_promedio": 133205.3566644155,
        "tasa_deficit_cuantitativo": 0.0140410598706048,
        "tasa_deficit_cualitativo": 0.1537435722367523,
        "tasa_deficit_habitacional": 0.1677846321073571,
        "pct_estrato_1": 0.0108539179665474,
        "pct_estrato_2": 0.9885468201365548,
        "pct_estrato_3": 0.0005992618968978,
        "pct_estrato_4": 0.0,
        "pct_estrato_5": 0.0,
        "pct_estrato_6": 0.0,
        "s0_localidad": 0.2763191613237501,
        "dist_transmilenio_m": 1602.5514356542228,
        "dist_sitp_m": 95.88390901209004,
        "dist_parque_m": 102.5632087380158,
        "homicidios": 209.0,
        "lesiones_personales": 3464.0,
        "hurto_personas": 19664.0,
        "hurto_residencias": 2638.0,
        "hurto_automotores": 681.0,
        "hurto_bicicletas": 1403.0,
        "hurto_comercio": 5397.0,
        "hurto_entidades": 1643.0,
        "violencia_intrafam": 7523.0,
        "delitos_sexuales": 1159.0,
        "pct_no_oficial": 55.7,
        "n_sedes_total": 149,
        "n_sedes_no_oficial": 83
      }
    },
    {
      "type": "Feature",
      "geometry": {
        "type": "Point",
        "coordinates": [
          -74.19066999989403,
          4.606899999816025
        ]
      },
      "properties": {
        "DANE12_EST": "111102000753",
        "id_establecimiento": "111102000753",
        "nombre_establecimiento": "COLEGIO FERNANDO MAZUERA VILLEGAS (IED)",
        "nombre_localidad": "Bosa",
        "codigo_upz": "85",
        "nombre_upz": "BOSA CENTRAL",
        "estrato": "Estrato 2",
        "zona": "URBANA",
        "caracter_media": "Técnico",
        "lon": -74.19066999989403,
        "lat": 4.606899999816025,
        "codigo_localidad": "07",
        "q_j": 258.83,
        "puntaje_2023": 266.73,
        "punt_global_2020": 252.54,
        "punt_global_2022": 257.22,
        "matricula_total": 5147.0,
        "demanda_total": 5810.0,
        "sobre_demanda_j": 1.1288129007188654,
        "n_hogares_muestra": 2530.0,
        "poblacion_expandida": 236893.9999938,
        "tasa_pobreza_monetaria": 0.5774122247227872,
        "tasa_pobreza_extrema": 0.2259702239533336,
        "tasa_ipm": 0.0772742342008624,
        "ingreso_percapita_promedio": 559243.4881524148,
        "capacidad_pago_promedio": 0.5417241991656973,
        "tamano_hogar_promedio": 3.662381280285304,
        "gasto_educ_promedio": 133205.3566644155,
        "tasa_deficit_cuantitativo": 0.0140410598706048,
        "tasa_deficit_cualitativo": 0.1537435722367523,
        "tasa_deficit_habitacional": 0.1677846321073571,
        "pct_estrato_1": 0.0108539179665474,
        "pct_estrato_2": 0.9885468201365548,
        "pct_estrato_3": 0.0005992618968978,
        "pct_estrato_4": 0.0,
        "pct_estrato_5": 0.0,
        "pct_estrato_6": 0.0,
        "s0_localidad": 0.2763191613237501,
        "dist_transmilenio_m": 1397.4438964446906,
        "dist_sitp_m": 77.47929250062677,
        "dist_parque_m": 75.41288217529348,
        "homicidios": 209.0,
        "lesiones_personales": 3464.0,
        "hurto_personas": 19664.0,
        "hurto_residencias": 2638.0,
        "hurto_automotores": 681.0,
        "hurto_bicicletas": 1403.0,
        "hurto_comercio": 5397.0,
        "hurto_entidades": 1643.0,
        "violencia_intrafam": 7523.0,
        "delitos_sexuales": 1159.0,
        "pct_no_oficial": 55.7,
        "n_sedes_total": 149,
        "n_sedes_no_oficial": 83
      }
    },
    {
      "type": "Feature",
      "geometry": {
        "type": "Point",
        "coordinates": [
          -74.19340999985114,
          4.611790000038157
        ]
      },
      "properties": {
        "DANE12_EST": "111102000958",
        "id_establecimiento": "111102000958",
        "nombre_establecimiento": "COLEGIO PORFIRIO BARBA JACOB (IED)",
        "nombre_localidad": "Bosa",
        "codigo_upz": "85",
        "nombre_upz": "BOSA CENTRAL",
        "estrato": "Estrato 2",
        "zona": "URBANA",
        "caracter_media": "Académico",
        "lon": -74.19340999985114,
        "lat": 4.611790000038157,
        "codigo_localidad": "07",
        "q_j": 245.17,
        "puntaje_2023": 246.73,
        "punt_global_2020": 240.61,
        "punt_global_2022": 248.17,
        "matricula_total": 1949.0,
        "demanda_total": 2074.0,
        "sobre_demanda_j": 1.0641354540790149,
        "n_hogares_muestra": 2530.0,
        "poblacion_expandida": 236893.9999938,
        "tasa_pobreza_monetaria": 0.5774122247227872,
        "tasa_pobreza_extrema": 0.2259702239533336,
        "tasa_ipm": 0.0772742342008624,
        "ingreso_percapita_promedio": 559243.4881524148,
        "capacidad_pago_promedio": 0.5417241991656973,
        "tamano_hogar_promedio": 3.662381280285304,
        "gasto_educ_promedio": 133205.3566644155,
        "tasa_deficit_cuantitativo": 0.0140410598706048,
        "tasa_deficit_cualitativo": 0.1537435722367523,
        "tasa_deficit_habitacional": 0.1677846321073571,
        "pct_estrato_1": 0.0108539179665474,
        "pct_estrato_2": 0.9885468201365548,
        "pct_estrato_3": 0.0005992618968978,
        "pct_estrato_4": 0.0,
        "pct_estrato_5": 0.0,
        "pct_estrato_6": 0.0,
        "s0_localidad": 0.2763191613237501,
        "dist_transmilenio_m": 2000.2565795725407,
        "dist_sitp_m": 105.32849911182495,
        "dist_parque_m": 197.51752311974477,
        "homicidios": 209.0,
        "lesiones_personales": 3464.0,
        "hurto_personas": 19664.0,
        "hurto_residencias": 2638.0,
        "hurto_automotores": 681.0,
        "hurto_bicicletas": 1403.0,
        "hurto_comercio": 5397.0,
        "hurto_entidades": 1643.0,
        "violencia_intrafam": 7523.0,
        "delitos_sexuales": 1159.0,
        "pct_no_oficial": 55.7,
        "n_sedes_total": 149,
        "n_sedes_no_oficial": 83
      }
    },
    {
      "type": "Feature",
      "geometry": {
        "type": "Point",
        "coordinates": [
          -74.09357000039732,
          4.697180000416021
        ]
      },
      "properties": {
        "DANE12_EST": "111265000017",
        "id_establecimiento": "111265000017",
        "nombre_establecimiento": "COLEGIO LA PALESTINA (IED)",
        "nombre_localidad": "Engativa",
        "codigo_upz": "30",
        "nombre_upz": "BOYACA REAL",
        "estrato": "Sin estrato",
        "zona": "URBANA",
        "caracter_media": "Académico",
        "lon": -74.09357000039732,
        "lat": 4.697180000416021,
        "codigo_localidad": "10",
        "q_j": 284.8466666666667,
        "puntaje_2023": 290.77,
        "punt_global_2020": 278.41,
        "punt_global_2022": 285.36,
        "matricula_total": 1295.0,
        "demanda_total": 1419.0,
        "sobre_demanda_j": 1.0957528957528957,
        "n_hogares_muestra": 2323.0,
        "poblacion_expandida": 128077.9999945,
        "tasa_pobreza_monetaria": 0.213169851741692,
        "tasa_pobreza_extrema": 0.0877135985140494,
        "tasa_ipm": 0.0197830925311826,
        "ingreso_percapita_promedio": 1221231.80860735,
        "capacidad_pago_promedio": 0.1232248676648428,
        "tamano_hogar_promedio": 3.322991165188217,
        "gasto_educ_promedio": 371577.3862272356,
        "tasa_deficit_cuantitativo": 0.0,
        "tasa_deficit_cualitativo": 0.0643023044664475,
        "tasa_deficit_habitacional": 0.0643023044664475,
        "pct_estrato_1": 0.0,
        "pct_estrato_2": 0.0071695178855028,
        "pct_estrato_3": 0.9726107268441838,
        "pct_estrato_4": 0.0169566394532492,
        "pct_estrato_5": 0.0,
        "pct_estrato_6": 0.0032631158170641,
        "s0_localidad": 0.45908732785239414,
        "dist_transmilenio_m": 184.44066233881367,
        "dist_sitp_m": 72.63437410118898,
        "dist_parque_m": 132.00888729765114,
        "homicidios": 114.0,
        "lesiones_personales": 3260.0,
        "hurto_personas": 44584.0,
        "hurto_residencias": 4694.0,
        "hurto_automotores": 1548.0,
        "hurto_bicicletas": 2840.0,
        "hurto_comercio": 11724.0,
        "hurto_entidades": 1616.0,
        "violencia_intrafam": 6497.0,
        "delitos_sexuales": 1001.0,
        "pct_no_oficial": 73.15,
        "n_sedes_total": 257,
        "n_sedes_no_oficial": 188
      }
    },
    {
      "type": "Feature",
      "geometry": {
        "type": "Point",
        "coordinates": [
          -74.14044000009656,
          4.7165100004812865
        ]
      },
      "properties": {
        "DANE12_EST": "111265000025",
        "id_establecimiento": "111265000025",
        "nombre_establecimiento": "COLEGIO GENERAL SANTANDER (IED)",
        "nombre_localidad": "Engativa",
        "codigo_upz": "74",
        "nombre_upz": "ENGATIVA",
        "estrato": "Estrato 2",
        "zona": "URBANA",
        "caracter_media": "Académico",
        "lon": -74.14044000009656,
        "lat": 4.7165100004812865,
        "codigo_localidad": "10",
        "q_j": 256.16,
        "puntaje_2023": 259.54,
        "punt_global_2020": 254.85,
        "punt_global_2022": 254.09,
        "matricula_total": 3863.0,
        "demanda_total": 4379.0,
        "sobre_demanda_j": 1.1335749417551126,
        "n_hogares_muestra": 2238.0,
        "poblacion_expandida": 141623.0000024,
        "tasa_pobreza_monetaria": 0.4166244586931509,
        "tasa_pobreza_extrema": 0.1232293367666569,
        "tasa_ipm": 0.0859261351510261,
        "ingreso_percapita_promedio": 671310.97978141,
        "capacidad_pago_promedio": 0.3468233410630167,
        "tamano_hogar_promedio": 3.6287148311396535,
        "gasto_educ_promedio": 179680.37483502133,
        "tasa_deficit_cuantitativo": 0.0158805037688926,
        "tasa_deficit_cualitativo": 0.1649188919794397,
        "tasa_deficit_habitacional": 0.1807993957483324,
        "pct_estrato_1": 0.0066518779137854,
        "pct_estrato_2": 0.9503846193388016,
        "pct_estrato_3": 0.0429635027474131,
        "pct_estrato_4": 0.0,
        "pct_estrato_5": 0.0,
        "pct_estrato_6": 0.0,
        "s0_localidad": 0.45908732785239414,
        "dist_transmilenio_m": 3399.3799787497896,
        "dist_sitp_m": 73.7210770807042,
        "dist_parque_m": 222.86085164933147,
        "homicidios": 114.0,
        "lesiones_personales": 3260.0,
        "hurto_personas": 44584.0,
        "hurto_residencias": 4694.0,
        "hurto_automotores": 1548.0,
        "hurto_bicicletas": 2840.0,
        "hurto_comercio": 11724.0,
        "hurto_entidades": 1616.0,
        "violencia_intrafam": 6497.0,
        "delitos_sexuales": 1001.0,
        "pct_no_oficial": 73.15,
        "n_sedes_total": 257,
        "n_sedes_no_oficial": 188
      }
    },
    {
      "type": "Feature",
      "geometry": {
        "type": "Point",
        "coordinates": [
          -74.13423999958378,
          4.705099999818216
        ]
      },
      "properties": {
        "DANE12_EST": "111265000343",
        "id_establecimiento": "111265000343",
        "nombre_establecimiento": "COLEGIO ANTONIO VILLAVICENCIO (IED)",
        "nombre_localidad": "Engativa",
        "codigo_upz": "74",
        "nombre_upz": "ENGATIVA",
        "estrato": "Estrato 2",
        "zona": "URBANA",
        "caracter_media": "Académico",
        "lon": -74.13423999958378,
        "lat": 4.705099999818216,
        "codigo_localidad": "10",
        "q_j": 239.84666666666666,
        "puntaje_2023": 255.92,
        "punt_global_2020": 223.13,
        "punt_global_2022": 240.49,
        "matricula_total": 1588.0,
        "demanda_total": 1882.0,
        "sobre_demanda_j": 1.185138539042821,
        "n_hogares_muestra": 2238.0,
        "poblacion_expandida": 141623.0000024,
        "tasa_pobreza_monetaria": 0.4166244586931509,
        "tasa_pobreza_extrema": 0.1232293367666569,
        "tasa_ipm": 0.0859261351510261,
        "ingreso_percapita_promedio": 671310.97978141,
        "capacidad_pago_promedio": 0.3468233410630167,
        "tamano_hogar_promedio": 3.6287148311396535,
        "gasto_educ_promedio": 179680.37483502133,
        "tasa_deficit_cuantitativo": 0.0158805037688926,
        "tasa_deficit_cualitativo": 0.1649188919794397,
        "tasa_deficit_habitacional": 0.1807993957483324,
        "pct_estrato_1": 0.0066518779137854,
        "pct_estrato_2": 0.9503846193388016,
        "pct_estrato_3": 0.0429635027474131,
        "pct_estrato_4": 0.0,
        "pct_estrato_5": 0.0,
        "pct_estrato_6": 0.0,
        "s0_localidad": 0.45908732785239414,
        "dist_transmilenio_m": 2682.2285104188873,
        "dist_sitp_m": 78.4034752756724,
        "dist_parque_m": 93.35501859222741,
        "homicidios": 114.0,
        "lesiones_personales": 3260.0,
        "hurto_personas": 44584.0,
        "hurto_residencias": 4694.0,
        "hurto_automotores": 1548.0,
        "hurto_bicicletas": 2840.0,
        "hurto_comercio": 11724.0,
        "hurto_entidades": 1616.0,
        "violencia_intrafam": 6497.0,
        "delitos_sexuales": 1001.0,
        "pct_no_oficial": 73.15,
        "n_sedes_total": 257,
        "n_sedes_no_oficial": 188
      }
    },
    {
      "type": "Feature",
      "geometry": {
        "type": "Point",
        "coordinates": [
          -74.09983000028623,
          4.71147999996754
        ]
      },
      "properties": {
        "DANE12_EST": "111265000394",
        "id_establecimiento": "111265000394",
        "nombre_establecimiento": "COLEGIO SIMON BOLIVAR (IED)",
        "nombre_localidad": "Engativa",
        "codigo_upz": "29",
        "nombre_upz": "EL MINUTO DE DIOS",
        "estrato": "Estrato 3",
        "zona": "URBANA",
        "caracter_media": "Académico",
        "lon": -74.09983000028623,
        "lat": 4.71147999996754,
        "codigo_localidad": "10",
        "q_j": 261.59,
        "puntaje_2023": 261.87,
        "punt_global_2020": 259.5,
        "punt_global_2022": 263.4,
        "matricula_total": 1433.0,
        "demanda_total": 1608.0,
        "sobre_demanda_j": 1.1221214235868806,
        "n_hogares_muestra": 2166.0,
        "poblacion_expandida": 110558.9999976,
        "tasa_pobreza_monetaria": 0.2692590366016898,
        "tasa_pobreza_extrema": 0.0975325126098651,
        "tasa_ipm": 0.0328496863953078,
        "ingreso_percapita_promedio": 931557.4989917966,
        "capacidad_pago_promedio": 0.2136129795540179,
        "tamano_hogar_promedio": 3.338568307222501,
        "gasto_educ_promedio": 241862.3459379892,
        "tasa_deficit_cuantitativo": 0.0077472086028147,
        "tasa_deficit_cualitativo": 0.0799938505032786,
        "tasa_deficit_habitacional": 0.0877410591060933,
        "pct_estrato_1": 0.0179532449736619,
        "pct_estrato_2": 0.3193885602788242,
        "pct_estrato_3": 0.6621872301376571,
        "pct_estrato_4": 0.0004709646098565,
        "pct_estrato_5": 0.0,
        "pct_estrato_6": 0.0,
        "s0_localidad": 0.45908732785239414,
        "dist_transmilenio_m": 921.9330177724993,
        "dist_sitp_m": 154.88427927889398,
        "dist_parque_m": 18.867446795951892,
        "homicidios": 114.0,
        "lesiones_personales": 3260.0,
        "hurto_personas": 44584.0,
        "hurto_residencias": 4694.0,
        "hurto_automotores": 1548.0,
        "hurto_bicicletas": 2840.0,
        "hurto_comercio": 11724.0,
        "hurto_entidades": 1616.0,
        "violencia_intrafam": 6497.0,
        "delitos_sexuales": 1001.0,
        "pct_no_oficial": 73.15,
        "n_sedes_total": 257,
        "n_sedes_no_oficial": 188
      }
    },
    {
      "type": "Feature",
      "geometry": {
        "type": "Point",
        "coordinates": [
          -74.10815999976245,
          4.701990000361813
        ]
      },
      "properties": {
        "DANE12_EST": "111265000408",
        "id_establecimiento": "111265000408",
        "nombre_establecimiento": "COLEGIO NIDIA QUINTERO DE TURBAY (IED)",
        "nombre_localidad": "Engativa",
        "codigo_upz": "30",
        "nombre_upz": "BOYACA REAL",
        "estrato": "Estrato 3",
        "zona": "URBANA",
        "caracter_media": "Académico",
        "lon": -74.10815999976245,
        "lat": 4.701990000361813,
        "codigo_localidad": "10",
        "q_j": 271.48,
        "puntaje_2023": 274.23,
        "punt_global_2020": 266.79,
        "punt_global_2022": 273.42,
        "matricula_total": 1343.0,
        "demanda_total": 1451.0,
        "sobre_demanda_j": 1.0804169769173493,
        "n_hogares_muestra": 2323.0,
        "poblacion_expandida": 128077.9999945,
        "tasa_pobreza_monetaria": 0.213169851741692,
        "tasa_pobreza_extrema": 0.0877135985140494,
        "tasa_ipm": 0.0197830925311826,
        "ingreso_percapita_promedio": 1221231.80860735,
        "capacidad_pago_promedio": 0.1232248676648428,
        "tamano_hogar_promedio": 3.322991165188217,
        "gasto_educ_promedio": 371577.3862272356,
        "tasa_deficit_cuantitativo": 0.0,
        "tasa_deficit_cualitativo": 0.0643023044664475,
        "tasa_deficit_habitacional": 0.0643023044664475,
        "pct_estrato_1": 0.0,
        "pct_estrato_2": 0.0071695178855028,
        "pct_estrato_3": 0.9726107268441838,
        "pct_estrato_4": 0.0169566394532492,
        "pct_estrato_5": 0.0,
        "pct_estrato_6": 0.0032631158170641,
        "s0_localidad": 0.45908732785239414,
        "dist_transmilenio_m": 496.8185557866179,
        "dist_sitp_m": 47.92192259319886,
        "dist_parque_m": 136.3986578000608,
        "homicidios": 114.0,
        "lesiones_personales": 3260.0,
        "hurto_personas": 44584.0,
        "hurto_residencias": 4694.0,
        "hurto_automotores": 1548.0,
        "hurto_bicicletas": 2840.0,
        "hurto_comercio": 11724.0,
        "hurto_entidades": 1616.0,
        "violencia_intrafam": 6497.0,
        "delitos_sexuales": 1001.0,
        "pct_no_oficial": 73.15,
        "n_sedes_total": 257,
        "n_sedes_no_oficial": 188
      }
    },
    {
      "type": "Feature",
      "geometry": {
        "type": "Point",
        "coordinates": [
          -74.15864999985091,
          4.6889400002916055
        ]
      },
      "properties": {
        "DANE12_EST": "111279000061",
        "id_establecimiento": "111279000061",
        "nombre_establecimiento": "COLEGIO ANTONIO VAN UDEN (IED)",
        "nombre_localidad": "Fontibon",
        "codigo_upz": "76",
        "nombre_upz": "FONTIBON SAN PABLO",
        "estrato": "Estrato 3",
        "zona": "URBANA",
        "caracter_media": "Académico",
        "lon": -74.15864999985091,
        "lat": 4.6889400002916055,
        "codigo_localidad": "09",
        "q_j": 247.79666666666665,
        "puntaje_2023": 250.32,
        "punt_global_2020": 242.11,
        "punt_global_2022": 250.96,
        "matricula_total": 2274.0,
        "demanda_total": 2538.0,
        "sobre_demanda_j": 1.116094986807388,
        "n_hogares_muestra": 2644.0,
        "poblacion_expandida": 34600.0000001,
        "tasa_pobreza_monetaria": 0.4229849668369278,
        "tasa_pobreza_extrema": 0.0781060380691384,
        "tasa_ipm": 0.0601593499304619,
        "ingreso_percapita_promedio": 681057.2330455217,
        "capacidad_pago_promedio": 0.4207820128195931,
        "tamano_hogar_promedio": 3.67054488578708,
        "gasto_educ_promedio": 154005.50180545257,
        "tasa_deficit_cuantitativo": 0.0044417649999871,
        "tasa_deficit_cualitativo": 0.180063672473468,
        "tasa_deficit_habitacional": 0.1845054374734551,
        "pct_estrato_1": 0.0,
        "pct_estrato_2": 0.7371325416337077,
        "pct_estrato_3": 0.2617406217593591,
        "pct_estrato_4": 0.0011268366069331,
        "pct_estrato_5": 0.0,
        "pct_estrato_6": 0.0,
        "s0_localidad": 0.5228627173012368,
        "dist_transmilenio_m": 4207.819499332954,
        "dist_sitp_m": 181.38404637247913,
        "dist_parque_m": 181.60760824531673,
        "homicidios": 46.0,
        "lesiones_personales": 1556.0,
        "hurto_personas": 27767.0,
        "hurto_residencias": 1782.0,
        "hurto_automotores": 452.0,
        "hurto_bicicletas": 1473.0,
        "hurto_comercio": 7516.0,
        "hurto_entidades": 505.0,
        "violencia_intrafam": 3285.0,
        "delitos_sexuales": 468.0,
        "pct_no_oficial": 77.55,
        "n_sedes_total": 98,
        "n_sedes_no_oficial": 76
      }
    },
    {
      "type": "Feature",
      "geometry": {
        "type": "Point",
        "coordinates": [
          -74.13920999986009,
          4.67283999987723
        ]
      },
      "properties": {
        "DANE12_EST": "111279000125",
        "id_establecimiento": "111279000125",
        "nombre_establecimiento": "COLEGIO VILLEMAR EL CARMEN (IED)",
        "nombre_localidad": "Fontibon",
        "codigo_upz": "75",
        "nombre_upz": "FONTIBON",
        "estrato": "Estrato 3",
        "zona": "URBANA",
        "caracter_media": "Académico",
        "lon": -74.13920999986009,
        "lat": 4.67283999987723,
        "codigo_localidad": "09",
        "q_j": 274.56,
        "puntaje_2023": 272.38,
        "punt_global_2020": 277.85,
        "punt_global_2022": 273.45,
        "matricula_total": 3069.0,
        "demanda_total": 3412.0,
        "sobre_demanda_j": 1.111762789182144,
        "n_hogares_muestra": 2481.0,
        "poblacion_expandida": 137089.0000028,
        "tasa_pobreza_monetaria": 0.2732523578050382,
        "tasa_pobreza_extrema": 0.0526171585156553,
        "tasa_ipm": 0.0431018882884791,
        "ingreso_percapita_promedio": 991938.6290965108,
        "capacidad_pago_promedio": 0.2560860274878579,
        "tamano_hogar_promedio": 3.539451453940794,
        "gasto_educ_promedio": 301934.03012095386,
        "tasa_deficit_cuantitativo": 0.013057241696733,
        "tasa_deficit_cualitativo": 0.1021481306655821,
        "tasa_deficit_habitacional": 0.1152053723623151,
        "pct_estrato_1": 0.0,
        "pct_estrato_2": 0.0256912786695363,
        "pct_estrato_3": 0.9719013841386156,
        "pct_estrato_4": 0.002407337191848,
        "pct_estrato_5": 0.0,
        "pct_estrato_6": 0.0,
        "s0_localidad": 0.5228627173012368,
        "dist_transmilenio_m": 2202.3367416920682,
        "dist_sitp_m": 174.91945802052982,
        "dist_parque_m": 79.17218662622496,
        "homicidios": 46.0,
        "lesiones_personales": 1556.0,
        "hurto_personas": 27767.0,
        "hurto_residencias": 1782.0,
        "hurto_automotores": 452.0,
        "hurto_bicicletas": 1473.0,
        "hurto_comercio": 7516.0,
        "hurto_entidades": 505.0,
        "violencia_intrafam": 3285.0,
        "delitos_sexuales": 468.0,
        "pct_no_oficial": 77.55,
        "n_sedes_total": 98,
        "n_sedes_no_oficial": 76
      }
    },
    {
      "type": "Feature",
      "geometry": {
        "type": "Point",
        "coordinates": [
          -74.14522000040205,
          4.686740000200936
        ]
      },
      "properties": {
        "DANE12_EST": "111279000168",
        "id_establecimiento": "111279000168",
        "nombre_establecimiento": "COLEGIO INSTITUTO TECNICO INTERNACIONAL (IED)",
        "nombre_localidad": "Fontibon",
        "codigo_upz": "75",
        "nombre_upz": "FONTIBON",
        "estrato": "Estrato 3",
        "zona": "URBANA",
        "caracter_media": "Técnico",
        "lon": -74.14522000040205,
        "lat": 4.686740000200936,
        "codigo_localidad": "09",
        "q_j": 261.9266666666667,
        "puntaje_2023": 265.44,
        "punt_global_2020": 261.93,
        "punt_global_2022": 258.41,
        "matricula_total": 3082.0,
        "demanda_total": 3301.0,
        "sobre_demanda_j": 1.071057754704737,
        "n_hogares_muestra": 2481.0,
        "poblacion_expandida": 137089.0000028,
        "tasa_pobreza_monetaria": 0.2732523578050382,
        "tasa_pobreza_extrema": 0.0526171585156553,
        "tasa_ipm": 0.0431018882884791,
        "ingreso_percapita_promedio": 991938.6290965108,
        "capacidad_pago_promedio": 0.2560860274878579,
        "tamano_hogar_promedio": 3.539451453940794,
        "gasto_educ_promedio": 301934.03012095386,
        "tasa_deficit_cuantitativo": 0.013057241696733,
        "tasa_deficit_cualitativo": 0.1021481306655821,
        "tasa_deficit_habitacional": 0.1152053723623151,
        "pct_estrato_1": 0.0,
        "pct_estrato_2": 0.0256912786695363,
        "pct_estrato_3": 0.9719013841386156,
        "pct_estrato_4": 0.002407337191848,
        "pct_estrato_5": 0.0,
        "pct_estrato_6": 0.0,
        "s0_localidad": 0.5228627173012368,
        "dist_transmilenio_m": 2700.6773471699726,
        "dist_sitp_m": 109.73744161557686,
        "dist_parque_m": 228.91693444960902,
        "homicidios": 46.0,
        "lesiones_personales": 1556.0,
        "hurto_personas": 27767.0,
        "hurto_residencias": 1782.0,
        "hurto_automotores": 452.0,
        "hurto_bicicletas": 1473.0,
        "hurto_comercio": 7516.0,
        "hurto_entidades": 505.0,
        "violencia_intrafam": 3285.0,
        "delitos_sexuales": 468.0,
        "pct_no_oficial": 77.55,
        "n_sedes_total": 98,
        "n_sedes_no_oficial": 76
      }
    },
    {
      "type": "Feature",
      "geometry": {
        "type": "Point",
        "coordinates": [
          -74.13803999989806,
          4.68213000046238
        ]
      },
      "properties": {
        "DANE12_EST": "111279000184",
        "id_establecimiento": "111279000184",
        "nombre_establecimiento": "COLEGIO LUIS ANGEL ARANGO (IED)",
        "nombre_localidad": "Fontibon",
        "codigo_upz": "75",
        "nombre_upz": "FONTIBON",
        "estrato": "Estrato 3",
        "zona": "URBANA",
        "caracter_media": "Académico",
        "lon": -74.13803999989806,
        "lat": 4.68213000046238,
        "codigo_localidad": "09",
        "q_j": 277.05333333333334,
        "puntaje_2023": 280.38,
        "punt_global_2020": 273.58,
        "punt_global_2022": 277.2,
        "matricula_total": 1056.0,
        "demanda_total": 1138.0,
        "sobre_demanda_j": 1.0776515151515151,
        "n_hogares_muestra": 2481.0,
        "poblacion_expandida": 137089.0000028,
        "tasa_pobreza_monetaria": 0.2732523578050382,
        "tasa_pobreza_extrema": 0.0526171585156553,
        "tasa_ipm": 0.0431018882884791,
        "ingreso_percapita_promedio": 991938.6290965108,
        "capacidad_pago_promedio": 0.2560860274878579,
        "tamano_hogar_promedio": 3.539451453940794,
        "gasto_educ_promedio": 301934.03012095386,
        "tasa_deficit_cuantitativo": 0.013057241696733,
        "tasa_deficit_cualitativo": 0.1021481306655821,
        "tasa_deficit_habitacional": 0.1152053723623151,
        "pct_estrato_1": 0.0,
        "pct_estrato_2": 0.0256912786695363,
        "pct_estrato_3": 0.9719013841386156,
        "pct_estrato_4": 0.002407337191848,
        "pct_estrato_5": 0.0,
        "pct_estrato_6": 0.0,
        "s0_localidad": 0.5228627173012368,
        "dist_transmilenio_m": 1845.1941361649872,
        "dist_sitp_m": 88.20299461530077,
        "dist_parque_m": 183.91675617368463,
        "homicidios": 46.0,
        "lesiones_personales": 1556.0,
        "hurto_personas": 27767.0,
        "hurto_residencias": 1782.0,
        "hurto_automotores": 452.0,
        "hurto_bicicletas": 1473.0,
        "hurto_comercio": 7516.0,
        "hurto_entidades": 505.0,
        "violencia_intrafam": 3285.0,
        "delitos_sexuales": 468.0,
        "pct_no_oficial": 77.55,
        "n_sedes_total": 98,
        "n_sedes_no_oficial": 76
      }
    },
    {
      "type": "Feature",
      "geometry": {
        "type": "Point",
        "coordinates": [
          -74.13799999971508,
          4.679359999887122
        ]
      },
      "properties": {
        "DANE12_EST": "111279000362",
        "id_establecimiento": "111279000362",
        "nombre_establecimiento": "COLEGIO COSTA RICA (IED)",
        "nombre_localidad": "Fontibon",
        "codigo_upz": "75",
        "nombre_upz": "FONTIBON",
        "estrato": "Estrato 3",
        "zona": "URBANA",
        "caracter_media": "Académico",
        "lon": -74.13799999971508,
        "lat": 4.679359999887122,
        "codigo_localidad": "09",
        "q_j": 251.28333333333333,
        "puntaje_2023": 258.06,
        "punt_global_2020": 241.75,
        "punt_global_2022": 254.04,
        "matricula_total": 2140.0,
        "demanda_total": 2538.0,
        "sobre_demanda_j": 1.185981308411215,
        "n_hogares_muestra": 2481.0,
        "poblacion_expandida": 137089.0000028,
        "tasa_pobreza_monetaria": 0.2732523578050382,
        "tasa_pobreza_extrema": 0.0526171585156553,
        "tasa_ipm": 0.0431018882884791,
        "ingreso_percapita_promedio": 991938.6290965108,
        "capacidad_pago_promedio": 0.2560860274878579,
        "tamano_hogar_promedio": 3.539451453940794,
        "gasto_educ_promedio": 301934.03012095386,
        "tasa_deficit_cuantitativo": 0.013057241696733,
        "tasa_deficit_cualitativo": 0.1021481306655821,
        "tasa_deficit_habitacional": 0.1152053723623151,
        "pct_estrato_1": 0.0,
        "pct_estrato_2": 0.0256912786695363,
        "pct_estrato_3": 0.9719013841386156,
        "pct_estrato_4": 0.002407337191848,
        "pct_estrato_5": 0.0,
        "pct_estrato_6": 0.0,
        "s0_localidad": 0.5228627173012368,
        "dist_transmilenio_m": 1857.0131114980163,
        "dist_sitp_m": 100.36540032772939,
        "dist_parque_m": 147.59976743152637,
        "homicidios": 46.0,
        "lesiones_personales": 1556.0,
        "hurto_personas": 27767.0,
        "hurto_residencias": 1782.0,
        "hurto_automotores": 452.0,
        "hurto_bicicletas": 1473.0,
        "hurto_comercio": 7516.0,
        "hurto_entidades": 505.0,
        "violencia_intrafam": 3285.0,
        "delitos_sexuales": 468.0,
        "pct_no_oficial": 77.55,
        "n_sedes_total": 98,
        "n_sedes_no_oficial": 76
      }
    },
    {
      "type": "Feature",
      "geometry": {
        "type": "Point",
        "coordinates": [
          -74.1474199996857,
          4.6782500005555265
        ]
      },
      "properties": {
        "DANE12_EST": "111279000966",
        "id_establecimiento": "111279000966",
        "nombre_establecimiento": "COLEGIO INTEGRADO DE FONTIBON IBEP (IED)",
        "nombre_localidad": "Fontibon",
        "codigo_upz": "75",
        "nombre_upz": "FONTIBON",
        "estrato": "Estrato 3",
        "zona": "URBANA",
        "caracter_media": "Académico",
        "lon": -74.1474199996857,
        "lat": 4.6782500005555265,
        "codigo_localidad": "09",
        "q_j": 241.83666666666667,
        "puntaje_2023": 248.79,
        "punt_global_2020": 241.62,
        "punt_global_2022": 235.1,
        "matricula_total": 3512.0,
        "demanda_total": 4120.0,
        "sobre_demanda_j": 1.173120728929385,
        "n_hogares_muestra": 2481.0,
        "poblacion_expandida": 137089.0000028,
        "tasa_pobreza_monetaria": 0.2732523578050382,
        "tasa_pobreza_extrema": 0.0526171585156553,
        "tasa_ipm": 0.0431018882884791,
        "ingreso_percapita_promedio": 991938.6290965108,
        "capacidad_pago_promedio": 0.2560860274878579,
        "tamano_hogar_promedio": 3.539451453940794,
        "gasto_educ_promedio": 301934.03012095386,
        "tasa_deficit_cuantitativo": 0.013057241696733,
        "tasa_deficit_cualitativo": 0.1021481306655821,
        "tasa_deficit_habitacional": 0.1152053723623151,
        "pct_estrato_1": 0.0,
        "pct_estrato_2": 0.0256912786695363,
        "pct_estrato_3": 0.9719013841386156,
        "pct_estrato_4": 0.002407337191848,
        "pct_estrato_5": 0.0,
        "pct_estrato_6": 0.0,
        "s0_localidad": 0.5228627173012368,
        "dist_transmilenio_m": 2908.138545567038,
        "dist_sitp_m": 83.54914547748555,
        "dist_parque_m": 154.8087567617526,
        "homicidios": 46.0,
        "lesiones_personales": 1556.0,
        "hurto_personas": 27767.0,
        "hurto_residencias": 1782.0,
        "hurto_automotores": 452.0,
        "hurto_bicicletas": 1473.0,
        "hurto_comercio": 7516.0,
        "hurto_entidades": 505.0,
        "violencia_intrafam": 3285.0,
        "delitos_sexuales": 468.0,
        "pct_no_oficial": 77.55,
        "n_sedes_total": 98,
        "n_sedes_no_oficial": 76
      }
    },
    {
      "type": "Feature",
      "geometry": {
        "type": "Point",
        "coordinates": [
          -74.14838999963116,
          4.688270000114469
        ]
      },
      "properties": {
        "DANE12_EST": "111279001296",
        "id_establecimiento": "111279001296",
        "nombre_establecimiento": "COLEGIO ATAHUALPA (IED)",
        "nombre_localidad": "Fontibon",
        "codigo_upz": "75",
        "nombre_upz": "FONTIBON",
        "estrato": "Estrato 3",
        "zona": "URBANA",
        "caracter_media": "Académico",
        "lon": -74.14838999963116,
        "lat": 4.688270000114469,
        "codigo_localidad": "09",
        "q_j": 260.38666666666666,
        "puntaje_2023": 267.69,
        "punt_global_2020": 246.71,
        "punt_global_2022": 266.76,
        "matricula_total": 1208.0,
        "demanda_total": 1332.0,
        "sobre_demanda_j": 1.1026490066225165,
        "n_hogares_muestra": 2481.0,
        "poblacion_expandida": 137089.0000028,
        "tasa_pobreza_monetaria": 0.2732523578050382,
        "tasa_pobreza_extrema": 0.0526171585156553,
        "tasa_ipm": 0.0431018882884791,
        "ingreso_percapita_promedio": 991938.6290965108,
        "capacidad_pago_promedio": 0.2560860274878579,
        "tamano_hogar_promedio": 3.539451453940794,
        "gasto_educ_promedio": 301934.03012095386,
        "tasa_deficit_cuantitativo": 0.013057241696733,
        "tasa_deficit_cualitativo": 0.1021481306655821,
        "tasa_deficit_habitacional": 0.1152053723623151,
        "pct_estrato_1": 0.0,
        "pct_estrato_2": 0.0256912786695363,
        "pct_estrato_3": 0.9719013841386156,
        "pct_estrato_4": 0.002407337191848,
        "pct_estrato_5": 0.0,
        "pct_estrato_6": 0.0,
        "s0_localidad": 0.5228627173012368,
        "dist_transmilenio_m": 3081.328229859979,
        "dist_sitp_m": 94.87130965628198,
        "dist_parque_m": 70.2507379563919,
        "homicidios": 46.0,
        "lesiones_personales": 1556.0,
        "hurto_personas": 27767.0,
        "hurto_residencias": 1782.0,
        "hurto_automotores": 452.0,
        "hurto_bicicletas": 1473.0,
        "hurto_comercio": 7516.0,
        "hurto_entidades": 505.0,
        "violencia_intrafam": 3285.0,
        "delitos_sexuales": 468.0,
        "pct_no_oficial": 77.55,
        "n_sedes_total": 98,
        "n_sedes_no_oficial": 76
      }
    },
    {
      "type": "Feature",
      "geometry": {
        "type": "Point",
        "coordinates": [
          -74.08416999961989,
          4.741370000193734
        ]
      },
      "properties": {
        "DANE12_EST": "111769000174",
        "id_establecimiento": "111769000174",
        "nombre_establecimiento": "COLEGIO FILARMONICO SIMON BOLIVAR (IED)",
        "nombre_localidad": "Suba",
        "codigo_upz": "27",
        "nombre_upz": "SUBA",
        "estrato": "Estrato 3",
        "zona": "URBANA",
        "caracter_media": "Académico",
        "lon": -74.08416999961989,
        "lat": 4.741370000193734,
        "codigo_localidad": "11",
        "q_j": 257.59666666666664,
        "puntaje_2023": 265.38,
        "punt_global_2020": 248.54,
        "punt_global_2022": 258.87,
        "matricula_total": 1833.0,
        "demanda_total": 2212.0,
        "sobre_demanda_j": 1.2067648663393344,
        "n_hogares_muestra": 2347.0,
        "poblacion_expandida": 181377.9999961,
        "tasa_pobreza_monetaria": 0.2101949307623844,
        "tasa_pobreza_extrema": 0.0522949654384983,
        "tasa_ipm": 0.0320991777675638,
        "ingreso_percapita_promedio": 1248597.313165178,
        "capacidad_pago_promedio": 0.1578957081554311,
        "tamano_hogar_promedio": 3.4033946989683046,
        "gasto_educ_promedio": 480968.98612228886,
        "tasa_deficit_cuantitativo": 0.0016685693094339,
        "tasa_deficit_cualitativo": 0.0692596672202257,
        "tasa_deficit_habitacional": 0.0709282365296597,
        "pct_estrato_1": 0.0,
        "pct_estrato_2": 0.3384139123081069,
        "pct_estrato_3": 0.6175974522109,
        "pct_estrato_4": 0.043988635480993,
        "pct_estrato_5": 0.0,
        "pct_estrato_6": 0.0,
        "s0_localidad": 0.5228297059197053,
        "dist_transmilenio_m": 413.5408633853725,
        "dist_sitp_m": 38.461671099550614,
        "dist_parque_m": 65.48914809210318,
        "homicidios": 143.0,
        "lesiones_personales": 4117.0,
        "hurto_personas": 47285.0,
        "hurto_residencias": 5010.0,
        "hurto_automotores": 938.0,
        "hurto_bicicletas": 2774.0,
        "hurto_comercio": 12600.0,
        "hurto_entidades": 1324.0,
        "violencia_intrafam": 8047.0,
        "delitos_sexuales": 1387.0,
        "pct_no_oficial": 80.22,
        "n_sedes_total": 364,
        "n_sedes_no_oficial": 292
      }
    },
    {
      "type": "Feature",
      "geometry": {
        "type": "Point",
        "coordinates": [
          -74.07711999971053,
          4.759629999910375
        ]
      },
      "properties": {
        "DANE12_EST": "111769000247",
        "id_establecimiento": "111769000247",
        "nombre_establecimiento": "COLEGIO EL SALITRE - SUBA (IED)",
        "nombre_localidad": "Suba",
        "codigo_upz": "27",
        "nombre_upz": "SUBA",
        "estrato": "Estrato 2",
        "zona": "RURAL",
        "caracter_media": "Académico",
        "lon": -74.07711999971053,
        "lat": 4.759629999910375,
        "codigo_localidad": "11",
        "q_j": 255.38666666666668,
        "puntaje_2023": 259.56,
        "punt_global_2020": 250.56,
        "punt_global_2022": 256.04,
        "matricula_total": 3295.0,
        "demanda_total": 3681.0,
        "sobre_demanda_j": 1.1171471927162366,
        "n_hogares_muestra": 2347.0,
        "poblacion_expandida": 181377.9999961,
        "tasa_pobreza_monetaria": 0.2101949307623844,
        "tasa_pobreza_extrema": 0.0522949654384983,
        "tasa_ipm": 0.0320991777675638,
        "ingreso_percapita_promedio": 1248597.313165178,
        "capacidad_pago_promedio": 0.1578957081554311,
        "tamano_hogar_promedio": 3.4033946989683046,
        "gasto_educ_promedio": 480968.98612228886,
        "tasa_deficit_cuantitativo": 0.0016685693094339,
        "tasa_deficit_cualitativo": 0.0692596672202257,
        "tasa_deficit_habitacional": 0.0709282365296597,
        "pct_estrato_1": 0.0,
        "pct_estrato_2": 0.3384139123081069,
        "pct_estrato_3": 0.6175974522109,
        "pct_estrato_4": 0.043988635480993,
        "pct_estrato_5": 0.0,
        "pct_estrato_6": 0.0,
        "s0_localidad": 0.5228297059197053,
        "dist_transmilenio_m": 2376.1101709531736,
        "dist_sitp_m": 391.42979739450556,
        "dist_parque_m": 397.87807469044094,
        "homicidios": 143.0,
        "lesiones_personales": 4117.0,
        "hurto_personas": 47285.0,
        "hurto_residencias": 5010.0,
        "hurto_automotores": 938.0,
        "hurto_bicicletas": 2774.0,
        "hurto_comercio": 12600.0,
        "hurto_entidades": 1324.0,
        "violencia_intrafam": 8047.0,
        "delitos_sexuales": 1387.0,
        "pct_no_oficial": 80.22,
        "n_sedes_total": 364,
        "n_sedes_no_oficial": 292
      }
    },
    {
      "type": "Feature",
      "geometry": {
        "type": "Point",
        "coordinates": [
          -74.05452999968378,
          4.716940000138196
        ]
      },
      "properties": {
        "DANE12_EST": "111769000956",
        "id_establecimiento": "111769000956",
        "nombre_establecimiento": "COLEGIO PRADO VERANIEGO (IED)",
        "nombre_localidad": "Suba",
        "codigo_upz": "19",
        "nombre_upz": "EL PRADO",
        "estrato": "Estrato 3",
        "zona": "URBANA",
        "caracter_media": "Académico",
        "lon": -74.05452999968378,
        "lat": 4.716940000138196,
        "codigo_localidad": "11",
        "q_j": 272.17,
        "puntaje_2023": 278.77,
        "punt_global_2020": 267.49,
        "punt_global_2022": 270.25,
        "matricula_total": 1466.0,
        "demanda_total": 1624.0,
        "sobre_demanda_j": 1.1077762619372442,
        "n_hogares_muestra": 2328.0,
        "poblacion_expandida": 104663.0000055,
        "tasa_pobreza_monetaria": 0.0933411978415163,
        "tasa_pobreza_extrema": 0.042048974277144,
        "tasa_ipm": 0.0109252833431098,
        "ingreso_percapita_promedio": 2739435.1355945584,
        "capacidad_pago_promedio": 0.0712358203167136,
        "tamano_hogar_promedio": 3.1607805944652427,
        "gasto_educ_promedio": 1010343.8034544172,
        "tasa_deficit_cuantitativo": 0.0063163285388844,
        "tasa_deficit_cualitativo": 0.0386850502822127,
        "tasa_deficit_habitacional": 0.0450013788210971,
        "pct_estrato_1": 0.0,
        "pct_estrato_2": 0.0,
        "pct_estrato_3": 0.3689936576772166,
        "pct_estrato_4": 0.4880592489439025,
        "pct_estrato_5": 0.1424651160774719,
        "pct_estrato_6": 0.0004819773014087,
        "s0_localidad": 0.5228297059197053,
        "dist_transmilenio_m": 343.3250252222448,
        "dist_sitp_m": 163.34686070424846,
        "dist_parque_m": 276.61457609159356,
        "homicidios": 143.0,
        "lesiones_personales": 4117.0,
        "hurto_personas": 47285.0,
        "hurto_residencias": 5010.0,
        "hurto_automotores": 938.0,
        "hurto_bicicletas": 2774.0,
        "hurto_comercio": 12600.0,
        "hurto_entidades": 1324.0,
        "violencia_intrafam": 8047.0,
        "delitos_sexuales": 1387.0,
        "pct_no_oficial": 80.22,
        "n_sedes_total": 364,
        "n_sedes_no_oficial": 292
      }
    },
    {
      "type": "Feature",
      "geometry": {
        "type": "Point",
        "coordinates": [
          -74.0573399999611,
          4.72306999990502
        ]
      },
      "properties": {
        "DANE12_EST": "111769001502",
        "id_establecimiento": "111769001502",
        "nombre_establecimiento": "COLEGIO ANIBAL FERNANDEZ DE SOTO (IED)",
        "nombre_localidad": "Suba",
        "codigo_upz": "19",
        "nombre_upz": "EL PRADO",
        "estrato": "Estrato 3",
        "zona": "URBANA",
        "caracter_media": "Académico",
        "lon": -74.0573399999611,
        "lat": 4.72306999990502,
        "codigo_localidad": "11",
        "q_j": 277.8433333333333,
        "puntaje_2023": 280.49,
        "punt_global_2020": 264.37,
        "punt_global_2022": 288.67,
        "matricula_total": 1402.0,
        "demanda_total": 1592.0,
        "sobre_demanda_j": 1.1355206847360912,
        "n_hogares_muestra": 2328.0,
        "poblacion_expandida": 104663.0000055,
        "tasa_pobreza_monetaria": 0.0933411978415163,
        "tasa_pobreza_extrema": 0.042048974277144,
        "tasa_ipm": 0.0109252833431098,
        "ingreso_percapita_promedio": 2739435.1355945584,
        "capacidad_pago_promedio": 0.0712358203167136,
        "tamano_hogar_promedio": 3.1607805944652427,
        "gasto_educ_promedio": 1010343.8034544172,
        "tasa_deficit_cuantitativo": 0.0063163285388844,
        "tasa_deficit_cualitativo": 0.0386850502822127,
        "tasa_deficit_habitacional": 0.0450013788210971,
        "pct_estrato_1": 0.0,
        "pct_estrato_2": 0.0,
        "pct_estrato_3": 0.3689936576772166,
        "pct_estrato_4": 0.4880592489439025,
        "pct_estrato_5": 0.1424651160774719,
        "pct_estrato_6": 0.0004819773014087,
        "s0_localidad": 0.5228297059197053,
        "dist_transmilenio_m": 685.4953001942802,
        "dist_sitp_m": 106.33545903968252,
        "dist_parque_m": 171.44446121350177,
        "homicidios": 143.0,
        "lesiones_personales": 4117.0,
        "hurto_personas": 47285.0,
        "hurto_residencias": 5010.0,
        "hurto_automotores": 938.0,
        "hurto_bicicletas": 2774.0,
        "hurto_comercio": 12600.0,
        "hurto_entidades": 1324.0,
        "violencia_intrafam": 8047.0,
        "delitos_sexuales": 1387.0,
        "pct_no_oficial": 80.22,
        "n_sedes_total": 364,
        "n_sedes_no_oficial": 292
      }
    },
    {
      "type": "Feature",
      "geometry": {
        "type": "Point",
        "coordinates": [
          -74.04964999981917,
          4.759179999883727
        ]
      },
      "properties": {
        "DANE12_EST": "111769001871",
        "id_establecimiento": "111769001871",
        "nombre_establecimiento": "COLEGIO NUEVA ZELANDIA (IED)",
        "nombre_localidad": "Suba",
        "codigo_upz": "17",
        "nombre_upz": "SAN JOSE DE BAVARIA",
        "estrato": "Estrato 3",
        "zona": "URBANA",
        "caracter_media": "Académico",
        "lon": -74.04964999981917,
        "lat": 4.759179999883727,
        "codigo_localidad": "11",
        "q_j": 266.56,
        "puntaje_2023": 264.23,
        "punt_global_2020": 268.64,
        "punt_global_2022": 266.81,
        "matricula_total": 1537.0,
        "demanda_total": 1741.0,
        "sobre_demanda_j": 1.132726089785296,
        "n_hogares_muestra": null,
        "poblacion_expandida": null,
        "tasa_pobreza_monetaria": null,
        "tasa_pobreza_extrema": null,
        "tasa_ipm": null,
        "ingreso_percapita_promedio": null,
        "capacidad_pago_promedio": null,
        "tamano_hogar_promedio": null,
        "gasto_educ_promedio": null,
        "tasa_deficit_cuantitativo": null,
        "tasa_deficit_cualitativo": null,
        "tasa_deficit_habitacional": null,
        "pct_estrato_1": null,
        "pct_estrato_2": null,
        "pct_estrato_3": null,
        "pct_estrato_4": null,
        "pct_estrato_5": null,
        "pct_estrato_6": null,
        "s0_localidad": 0.5228297059197053,
        "dist_transmilenio_m": 645.282107787849,
        "dist_sitp_m": 332.2786216270233,
        "dist_parque_m": 68.83405545345579,
        "homicidios": 143.0,
        "lesiones_personales": 4117.0,
        "hurto_personas": 47285.0,
        "hurto_residencias": 5010.0,
        "hurto_automotores": 938.0,
        "hurto_bicicletas": 2774.0,
        "hurto_comercio": 12600.0,
        "hurto_entidades": 1324.0,
        "violencia_intrafam": 8047.0,
        "delitos_sexuales": 1387.0,
        "pct_no_oficial": 80.22,
        "n_sedes_total": 364,
        "n_sedes_no_oficial": 292
      }
    },
    {
      "type": "Feature",
      "geometry": {
        "type": "Point",
        "coordinates": [
          -74.08788999956822,
          4.732400000106242
        ]
      },
      "properties": {
        "DANE12_EST": "111769003122",
        "id_establecimiento": "111769003122",
        "nombre_establecimiento": "COLEGIO VILLA ELISA (IED)",
        "nombre_localidad": "Suba",
        "codigo_upz": "28",
        "nombre_upz": "EL RINCON",
        "estrato": "Estrato 3",
        "zona": "URBANA",
        "caracter_media": "Académico",
        "lon": -74.08788999956822,
        "lat": 4.732400000106242,
        "codigo_localidad": "11",
        "q_j": 261.4533333333333,
        "puntaje_2023": 265.89,
        "punt_global_2020": 250.69,
        "punt_global_2022": 267.78,
        "matricula_total": 1972.0,
        "demanda_total": 2220.0,
        "sobre_demanda_j": 1.1257606490872212,
        "n_hogares_muestra": 2382.0,
        "poblacion_expandida": 288983.999996,
        "tasa_pobreza_monetaria": 0.3937239387131291,
        "tasa_pobreza_extrema": 0.1074366146223657,
        "tasa_ipm": 0.0605278706414269,
        "ingreso_percapita_promedio": 736885.8395595187,
        "capacidad_pago_promedio": 0.3534176288099468,
        "tamano_hogar_promedio": 3.525641986305134,
        "gasto_educ_promedio": 229243.80352093693,
        "tasa_deficit_cuantitativo": 0.0020934378962446,
        "tasa_deficit_cualitativo": 0.1305752875097663,
        "tasa_deficit_habitacional": 0.132668725406011,
        "pct_estrato_1": 0.0094350357315205,
        "pct_estrato_2": 0.6161685875324056,
        "pct_estrato_3": 0.3631913363191484,
        "pct_estrato_4": 0.0,
        "pct_estrato_5": 0.0,
        "pct_estrato_6": 0.0,
        "s0_localidad": 0.5228297059197053,
        "dist_transmilenio_m": 733.6335254113861,
        "dist_sitp_m": 146.89450461874014,
        "dist_parque_m": 8.103371239800952,
        "homicidios": 143.0,
        "lesiones_personales": 4117.0,
        "hurto_personas": 47285.0,
        "hurto_residencias": 5010.0,
        "hurto_automotores": 938.0,
        "hurto_bicicletas": 2774.0,
        "hurto_comercio": 12600.0,
        "hurto_entidades": 1324.0,
        "violencia_intrafam": 8047.0,
        "delitos_sexuales": 1387.0,
        "pct_no_oficial": 80.22,
        "n_sedes_total": 364,
        "n_sedes_no_oficial": 292
      }
    },
    {
      "type": "Feature",
      "geometry": {
        "type": "Point",
        "coordinates": [
          -74.10896999987435,
          4.739260000262074
        ]
      },
      "properties": {
        "DANE12_EST": "111769003360",
        "id_establecimiento": "111769003360",
        "nombre_establecimiento": "COLEGIO REPUBLICA DOMINICANA (IED)",
        "nombre_localidad": "Suba",
        "codigo_upz": "71",
        "nombre_upz": "TIBABUYES",
        "estrato": "Estrato 2",
        "zona": "URBANA",
        "caracter_media": "Académico",
        "lon": -74.10896999987435,
        "lat": 4.739260000262074,
        "codigo_localidad": "11",
        "q_j": 254.92333333333332,
        "puntaje_2023": 259.69,
        "punt_global_2020": 249.33,
        "punt_global_2022": 255.75,
        "matricula_total": 5089.0,
        "demanda_total": 5687.0,
        "sobre_demanda_j": 1.1175083513460404,
        "n_hogares_muestra": 2573.0,
        "poblacion_expandida": 297101.9999961,
        "tasa_pobreza_monetaria": 0.4456968888729736,
        "tasa_pobreza_extrema": 0.1490413708291471,
        "tasa_ipm": 0.0547952712557091,
        "ingreso_percapita_promedio": 644941.2180258469,
        "capacidad_pago_promedio": 0.4503924567810265,
        "tamano_hogar_promedio": 3.863038542648874,
        "gasto_educ_promedio": 238418.55806301135,
        "tasa_deficit_cuantitativo": 0.0083614290907924,
        "tasa_deficit_cualitativo": 0.1447133755318523,
        "tasa_deficit_habitacional": 0.1530748046226447,
        "pct_estrato_1": 0.0023181771173167,
        "pct_estrato_2": 0.8509075995924582,
        "pct_estrato_3": 0.1452201069826738,
        "pct_estrato_4": 0.0015541163075511,
        "pct_estrato_5": 0.0,
        "pct_estrato_6": 0.0,
        "s0_localidad": 0.5228297059197053,
        "dist_transmilenio_m": 1831.9570935044242,
        "dist_sitp_m": 76.33745946552587,
        "dist_parque_m": 159.50159511653857,
        "homicidios": 143.0,
        "lesiones_personales": 4117.0,
        "hurto_personas": 47285.0,
        "hurto_residencias": 5010.0,
        "hurto_automotores": 938.0,
        "hurto_bicicletas": 2774.0,
        "hurto_comercio": 12600.0,
        "hurto_entidades": 1324.0,
        "violencia_intrafam": 8047.0,
        "delitos_sexuales": 1387.0,
        "pct_no_oficial": 80.22,
        "n_sedes_total": 364,
        "n_sedes_no_oficial": 292
      }
    },
    {
      "type": "Feature",
      "geometry": {
        "type": "Point",
        "coordinates": [
          -74.09303999976957,
          4.740900000185484
        ]
      },
      "properties": {
        "DANE12_EST": "111769003416",
        "id_establecimiento": "111769003416",
        "nombre_establecimiento": "COLEGIO JUAN LOZANO Y LOZANO (IED)",
        "nombre_localidad": "Suba",
        "codigo_upz": "28",
        "nombre_upz": "EL RINCON",
        "estrato": "Estrato 2",
        "zona": "URBANA",
        "caracter_media": "Académico",
        "lon": -74.09303999976957,
        "lat": 4.740900000185484,
        "codigo_localidad": "11",
        "q_j": 254.87666666666667,
        "puntaje_2023": 265.01,
        "punt_global_2020": 247.39,
        "punt_global_2022": 252.23,
        "matricula_total": 3457.0,
        "demanda_total": 4080.0,
        "sobre_demanda_j": 1.1802140584321665,
        "n_hogares_muestra": 2382.0,
        "poblacion_expandida": 288983.999996,
        "tasa_pobreza_monetaria": 0.3937239387131291,
        "tasa_pobreza_extrema": 0.1074366146223657,
        "tasa_ipm": 0.0605278706414269,
        "ingreso_percapita_promedio": 736885.8395595187,
        "capacidad_pago_promedio": 0.3534176288099468,
        "tamano_hogar_promedio": 3.525641986305134,
        "gasto_educ_promedio": 229243.80352093693,
        "tasa_deficit_cuantitativo": 0.0020934378962446,
        "tasa_deficit_cualitativo": 0.1305752875097663,
        "tasa_deficit_habitacional": 0.132668725406011,
        "pct_estrato_1": 0.0094350357315205,
        "pct_estrato_2": 0.6161685875324056,
        "pct_estrato_3": 0.3631913363191484,
        "pct_estrato_4": 0.0,
        "pct_estrato_5": 0.0,
        "pct_estrato_6": 0.0,
        "s0_localidad": 0.5228297059197053,
        "dist_transmilenio_m": 282.0612720395983,
        "dist_sitp_m": 166.75973462572736,
        "dist_parque_m": 76.65690475686957,
        "homicidios": 143.0,
        "lesiones_personales": 4117.0,
        "hurto_personas": 47285.0,
        "hurto_residencias": 5010.0,
        "hurto_automotores": 938.0,
        "hurto_bicicletas": 2774.0,
        "hurto_comercio": 12600.0,
        "hurto_entidades": 1324.0,
        "violencia_intrafam": 8047.0,
        "delitos_sexuales": 1387.0,
        "pct_no_oficial": 80.22,
        "n_sedes_total": 364,
        "n_sedes_no_oficial": 292
      }
    },
    {
      "type": "Feature",
      "geometry": {
        "type": "Point",
        "coordinates": [
          -74.09364999986495,
          4.725879999713499
        ]
      },
      "properties": {
        "DANE12_EST": "111769003424",
        "id_establecimiento": "111769003424",
        "nombre_establecimiento": "COLEGIO GERARDO PAREDES (IED)",
        "nombre_localidad": "Suba",
        "codigo_upz": "28",
        "nombre_upz": "EL RINCON",
        "estrato": "Estrato 2",
        "zona": "URBANA",
        "caracter_media": "Académico",
        "lon": -74.09364999986495,
        "lat": 4.725879999713499,
        "codigo_localidad": "11",
        "q_j": 239.47666666666666,
        "puntaje_2023": 245.0,
        "punt_global_2020": 238.45,
        "punt_global_2022": 234.98,
        "matricula_total": 5230.0,
        "demanda_total": 6708.0,
        "sobre_demanda_j": 1.2826003824091778,
        "n_hogares_muestra": 2382.0,
        "poblacion_expandida": 288983.999996,
        "tasa_pobreza_monetaria": 0.3937239387131291,
        "tasa_pobreza_extrema": 0.1074366146223657,
        "tasa_ipm": 0.0605278706414269,
        "ingreso_percapita_promedio": 736885.8395595187,
        "capacidad_pago_promedio": 0.3534176288099468,
        "tamano_hogar_promedio": 3.525641986305134,
        "gasto_educ_promedio": 229243.80352093693,
        "tasa_deficit_cuantitativo": 0.0020934378962446,
        "tasa_deficit_cualitativo": 0.1305752875097663,
        "tasa_deficit_habitacional": 0.132668725406011,
        "pct_estrato_1": 0.0094350357315205,
        "pct_estrato_2": 0.6161685875324056,
        "pct_estrato_3": 0.3631913363191484,
        "pct_estrato_4": 0.0,
        "pct_estrato_5": 0.0,
        "pct_estrato_6": 0.0,
        "s0_localidad": 0.5228297059197053,
        "dist_transmilenio_m": 1628.5526763011617,
        "dist_sitp_m": 33.74699620023517,
        "dist_parque_m": 341.7435814916163,
        "homicidios": 143.0,
        "lesiones_personales": 4117.0,
        "hurto_personas": 47285.0,
        "hurto_residencias": 5010.0,
        "hurto_automotores": 938.0,
        "hurto_bicicletas": 2774.0,
        "hurto_comercio": 12600.0,
        "hurto_entidades": 1324.0,
        "violencia_intrafam": 8047.0,
        "delitos_sexuales": 1387.0,
        "pct_no_oficial": 80.22,
        "n_sedes_total": 364,
        "n_sedes_no_oficial": 292
      }
    },
    {
      "type": "Feature",
      "geometry": {
        "type": "Point",
        "coordinates": [
          -74.083150000344,
          4.723329999999017
        ]
      },
      "properties": {
        "DANE12_EST": "111769004188",
        "id_establecimiento": "111769004188",
        "nombre_establecimiento": "COLEGIO HUNZA (IED)",
        "nombre_localidad": "Suba",
        "codigo_upz": "28",
        "nombre_upz": "EL RINCON",
        "estrato": "Estrato 2",
        "zona": "URBANA",
        "caracter_media": "Sin información",
        "lon": -74.083150000344,
        "lat": 4.723329999999017,
        "codigo_localidad": "11",
        "q_j": 251.54666666666665,
        "puntaje_2023": 255.24,
        "punt_global_2020": 251.76,
        "punt_global_2022": 247.64,
        "matricula_total": 1706.0,
        "demanda_total": 1831.0,
        "sobre_demanda_j": 1.0732708089097303,
        "n_hogares_muestra": 2382.0,
        "poblacion_expandida": 288983.999996,
        "tasa_pobreza_monetaria": 0.3937239387131291,
        "tasa_pobreza_extrema": 0.1074366146223657,
        "tasa_ipm": 0.0605278706414269,
        "ingreso_percapita_promedio": 736885.8395595187,
        "capacidad_pago_promedio": 0.3534176288099468,
        "tamano_hogar_promedio": 3.525641986305134,
        "gasto_educ_promedio": 229243.80352093693,
        "tasa_deficit_cuantitativo": 0.0020934378962446,
        "tasa_deficit_cualitativo": 0.1305752875097663,
        "tasa_deficit_habitacional": 0.132668725406011,
        "pct_estrato_1": 0.0094350357315205,
        "pct_estrato_2": 0.6161685875324056,
        "pct_estrato_3": 0.3631913363191484,
        "pct_estrato_4": 0.0,
        "pct_estrato_5": 0.0,
        "pct_estrato_6": 0.0,
        "s0_localidad": 0.5228297059197053,
        "dist_transmilenio_m": 962.8397881405425,
        "dist_sitp_m": 331.1767697034751,
        "dist_parque_m": 78.02941143854444,
        "homicidios": 143.0,
        "lesiones_personales": 4117.0,
        "hurto_personas": 47285.0,
        "hurto_residencias": 5010.0,
        "hurto_automotores": 938.0,
        "hurto_bicicletas": 2774.0,
        "hurto_comercio": 12600.0,
        "hurto_entidades": 1324.0,
        "violencia_intrafam": 8047.0,
        "delitos_sexuales": 1387.0,
        "pct_no_oficial": 80.22,
        "n_sedes_total": 364,
        "n_sedes_no_oficial": 292
      }
    },
    {
      "type": "Feature",
      "geometry": {
        "type": "Point",
        "coordinates": [
          -74.0588899998647,
          4.726260000412614
        ]
      },
      "properties": {
        "DANE12_EST": "111848002107",
        "id_establecimiento": "111848002107",
        "nombre_establecimiento": "LICEO DEL EJERCITO PATRIA SECTOR NORTE B LICEO COLOMBIA",
        "nombre_localidad": "Suba",
        "codigo_upz": "19",
        "nombre_upz": "EL PRADO",
        "estrato": "Estrato 4",
        "zona": "URBANA",
        "caracter_media": "Académico",
        "lon": -74.0588899998647,
        "lat": 4.726260000412614,
        "codigo_localidad": "11",
        "q_j": 339.91333333333336,
        "puntaje_2023": 339.23,
        "punt_global_2020": 343.9,
        "punt_global_2022": 336.61,
        "matricula_total": null,
        "demanda_total": null,
        "sobre_demanda_j": null,
        "n_hogares_muestra": 2328.0,
        "poblacion_expandida": 104663.0000055,
        "tasa_pobreza_monetaria": 0.0933411978415163,
        "tasa_pobreza_extrema": 0.042048974277144,
        "tasa_ipm": 0.0109252833431098,
        "ingreso_percapita_promedio": 2739435.1355945584,
        "capacidad_pago_promedio": 0.0712358203167136,
        "tamano_hogar_promedio": 3.1607805944652427,
        "gasto_educ_promedio": 1010343.8034544172,
        "tasa_deficit_cuantitativo": 0.0063163285388844,
        "tasa_deficit_cualitativo": 0.0386850502822127,
        "tasa_deficit_habitacional": 0.0450013788210971,
        "pct_estrato_1": 0.0,
        "pct_estrato_2": 0.0,
        "pct_estrato_3": 0.3689936576772166,
        "pct_estrato_4": 0.4880592489439025,
        "pct_estrato_5": 0.1424651160774719,
        "pct_estrato_6": 0.0004819773014087,
        "s0_localidad": 0.5228297059197053,
        "dist_transmilenio_m": 931.6969364862989,
        "dist_sitp_m": 90.78409742324817,
        "dist_parque_m": 88.8892378463586,
        "homicidios": 143.0,
        "lesiones_personales": 4117.0,
        "hurto_personas": 47285.0,
        "hurto_residencias": 5010.0,
        "hurto_automotores": 938.0,
        "hurto_bicicletas": 2774.0,
        "hurto_comercio": 12600.0,
        "hurto_entidades": 1324.0,
        "violencia_intrafam": 8047.0,
        "delitos_sexuales": 1387.0,
        "pct_no_oficial": 80.22,
        "n_sedes_total": 364,
        "n_sedes_no_oficial": 292
      }
    },
    {
      "type": "Feature",
      "geometry": {
        "type": "Point",
        "coordinates": [
          -74.03478000007156,
          4.704169999942455
        ]
      },
      "properties": {
        "DANE12_EST": "111848002522",
        "id_establecimiento": "111848002522",
        "nombre_establecimiento": "INSTITUTO PEDAGOGICO NACIONAL",
        "nombre_localidad": "Usaquen",
        "codigo_upz": "15",
        "nombre_upz": "COUNTRY CLUB",
        "estrato": "Estrato 6",
        "zona": "URBANA",
        "caracter_media": "Académico",
        "lon": -74.03478000007156,
        "lat": 4.704169999942455,
        "codigo_localidad": "01",
        "q_j": 307.24333333333334,
        "puntaje_2023": 311.92,
        "punt_global_2020": 301.56,
        "punt_global_2022": 308.25,
        "matricula_total": null,
        "demanda_total": null,
        "sobre_demanda_j": null,
        "n_hogares_muestra": null,
        "poblacion_expandida": null,
        "tasa_pobreza_monetaria": null,
        "tasa_pobreza_extrema": null,
        "tasa_ipm": null,
        "ingreso_percapita_promedio": null,
        "capacidad_pago_promedio": null,
        "tamano_hogar_promedio": null,
        "gasto_educ_promedio": null,
        "tasa_deficit_cuantitativo": null,
        "tasa_deficit_cualitativo": null,
        "tasa_deficit_habitacional": null,
        "pct_estrato_1": null,
        "pct_estrato_2": null,
        "pct_estrato_3": null,
        "pct_estrato_4": null,
        "pct_estrato_5": null,
        "pct_estrato_6": null,
        "s0_localidad": 0.6414694924474655,
        "dist_transmilenio_m": 2155.5519530197575,
        "dist_sitp_m": 57.34375045415759,
        "dist_parque_m": 116.6360584288277,
        "homicidios": 93.0,
        "lesiones_personales": 1898.0,
        "hurto_personas": 34039.0,
        "hurto_residencias": 3332.0,
        "hurto_automotores": 363.0,
        "hurto_bicicletas": 1238.0,
        "hurto_comercio": 8366.0,
        "hurto_entidades": 408.0,
        "violencia_intrafam": 3095.0,
        "delitos_sexuales": 602.0,
        "pct_no_oficial": 78.79,
        "n_sedes_total": 132,
        "n_sedes_no_oficial": 104
      }
    },
    {
      "type": "Feature",
      "geometry": {
        "type": "Point",
        "coordinates": [
          -74.03463000028373,
          4.707209999838511
        ]
      },
      "properties": {
        "DANE12_EST": "111848002662",
        "id_establecimiento": "111848002662",
        "nombre_establecimiento": "COLEGIO USAQUEN (IED)",
        "nombre_localidad": "Usaquen",
        "codigo_upz": "15",
        "nombre_upz": "COUNTRY CLUB",
        "estrato": "Estrato 6",
        "zona": "URBANA",
        "caracter_media": "Académico",
        "lon": -74.03463000028373,
        "lat": 4.707209999838511,
        "codigo_localidad": "01",
        "q_j": 265.8066666666666,
        "puntaje_2023": 265.46,
        "punt_global_2020": 259.88,
        "punt_global_2022": 272.08,
        "matricula_total": 1833.0,
        "demanda_total": 2184.0,
        "sobre_demanda_j": 1.1914893617021276,
        "n_hogares_muestra": null,
        "poblacion_expandida": null,
        "tasa_pobreza_monetaria": null,
        "tasa_pobreza_extrema": null,
        "tasa_ipm": null,
        "ingreso_percapita_promedio": null,
        "capacidad_pago_promedio": null,
        "tamano_hogar_promedio": null,
        "gasto_educ_promedio": null,
        "tasa_deficit_cuantitativo": null,
        "tasa_deficit_cualitativo": null,
        "tasa_deficit_habitacional": null,
        "pct_estrato_1": null,
        "pct_estrato_2": null,
        "pct_estrato_3": null,
        "pct_estrato_4": null,
        "pct_estrato_5": null,
        "pct_estrato_6": null,
        "s0_localidad": 0.6414694924474655,
        "dist_transmilenio_m": 2148.264748592307,
        "dist_sitp_m": 208.35301591687275,
        "dist_parque_m": 99.34505116080784,
        "homicidios": 93.0,
        "lesiones_personales": 1898.0,
        "hurto_personas": 34039.0,
        "hurto_residencias": 3332.0,
        "hurto_automotores": 363.0,
        "hurto_bicicletas": 1238.0,
        "hurto_comercio": 8366.0,
        "hurto_entidades": 408.0,
        "violencia_intrafam": 3095.0,
        "delitos_sexuales": 602.0,
        "pct_no_oficial": 78.79,
        "n_sedes_total": 132,
        "n_sedes_no_oficial": 104
      }
    },
    {
      "type": "Feature",
      "geometry": {
        "type": "Point",
        "coordinates": [
          -74.02746999987122,
          4.759349999988052
        ]
      },
      "properties": {
        "DANE12_EST": "111848002671",
        "id_establecimiento": "111848002671",
        "nombre_establecimiento": "COLEGIO UNION COLOMBIA (IED)",
        "nombre_localidad": "Usaquen",
        "codigo_upz": "9",
        "nombre_upz": "VERBENAL",
        "estrato": "Estrato 3",
        "zona": "URBANA",
        "caracter_media": "Académico",
        "lon": -74.02746999987122,
        "lat": 4.759349999988052,
        "codigo_localidad": "01",
        "q_j": null,
        "puntaje_2023": null,
        "punt_global_2020": null,
        "punt_global_2022": null,
        "matricula_total": 1240.0,
        "demanda_total": 1397.0,
        "sobre_demanda_j": 1.1266129032258065,
        "n_hogares_muestra": 2513.0,
        "poblacion_expandida": 128723.9999975,
        "tasa_pobreza_monetaria": 0.2827421697368544,
        "tasa_pobreza_extrema": 0.0529029950206042,
        "tasa_ipm": 0.0490107222974932,
        "ingreso_percapita_promedio": 1102998.6224623476,
        "capacidad_pago_promedio": 0.2913941386122904,
        "tamano_hogar_promedio": 3.478807982777081,
        "gasto_educ_promedio": 430644.8686486139,
        "tasa_deficit_cuantitativo": 0.0074946427559642,
        "tasa_deficit_cualitativo": 0.1201964374436817,
        "tasa_deficit_habitacional": 0.1276910801996459,
        "pct_estrato_1": 0.0708979982891865,
        "pct_estrato_2": 0.2641141736238796,
        "pct_estrato_3": 0.5290367794577747,
        "pct_estrato_4": 0.1082964924052293,
        "pct_estrato_5": 0.0266078202554808,
        "pct_estrato_6": 0.0,
        "s0_localidad": 0.6414694924474655,
        "dist_transmilenio_m": 1932.4070507923523,
        "dist_sitp_m": 103.12924795571438,
        "dist_parque_m": 182.24400231602917,
        "homicidios": 93.0,
        "lesiones_personales": 1898.0,
        "hurto_personas": 34039.0,
        "hurto_residencias": 3332.0,
        "hurto_automotores": 363.0,
        "hurto_bicicletas": 1238.0,
        "hurto_comercio": 8366.0,
        "hurto_entidades": 408.0,
        "violencia_intrafam": 3095.0,
        "delitos_sexuales": 602.0,
        "pct_no_oficial": 78.79,
        "n_sedes_total": 132,
        "n_sedes_no_oficial": 104
      }
    },
    {
      "type": "Feature",
      "geometry": {
        "type": "Point",
        "coordinates": [
          -74.02774000020797,
          4.739960000105052
        ]
      },
      "properties": {
        "DANE12_EST": "111848002689",
        "id_establecimiento": "111848002689",
        "nombre_establecimiento": "COLEGIO DIVINO MAESTRO (IED)",
        "nombre_localidad": "Usaquen",
        "codigo_upz": "11",
        "nombre_upz": "SAN CRISTOBAL NORTE",
        "estrato": "Estrato 3",
        "zona": "URBANA",
        "caracter_media": "Académico",
        "lon": -74.02774000020797,
        "lat": 4.739960000105052,
        "codigo_localidad": "01",
        "q_j": 253.50666666666666,
        "puntaje_2023": 250.06,
        "punt_global_2020": 248.35,
        "punt_global_2022": 262.11,
        "matricula_total": 2507.0,
        "demanda_total": 2812.0,
        "sobre_demanda_j": 1.1216593538093338,
        "n_hogares_muestra": 2557.0,
        "poblacion_expandida": 71662.00000530001,
        "tasa_pobreza_monetaria": 0.4300105826354405,
        "tasa_pobreza_extrema": 0.1780443779891206,
        "tasa_ipm": 0.0624972110388876,
        "ingreso_percapita_promedio": 903931.279899752,
        "capacidad_pago_promedio": 0.4078833059325474,
        "tamano_hogar_promedio": 3.548192365972127,
        "gasto_educ_promedio": 337571.6916232683,
        "tasa_deficit_cuantitativo": 0.0170505424675508,
        "tasa_deficit_cualitativo": 0.1682438770353647,
        "tasa_deficit_habitacional": 0.1852944195029155,
        "pct_estrato_1": 0.0978794060573419,
        "pct_estrato_2": 0.2215008734786364,
        "pct_estrato_3": 0.6549784201156625,
        "pct_estrato_4": 0.0109756168644725,
        "pct_estrato_5": 0.0146656834838864,
        "pct_estrato_6": 0.0,
        "s0_localidad": 0.6414694924474655,
        "dist_transmilenio_m": 2255.6430085828893,
        "dist_sitp_m": 44.77570529558334,
        "dist_parque_m": 90.05463071718682,
        "homicidios": 93.0,
        "lesiones_personales": 1898.0,
        "hurto_personas": 34039.0,
        "hurto_residencias": 3332.0,
        "hurto_automotores": 363.0,
        "hurto_bicicletas": 1238.0,
        "hurto_comercio": 8366.0,
        "hurto_entidades": 408.0,
        "violencia_intrafam": 3095.0,
        "delitos_sexuales": 602.0,
        "pct_no_oficial": 78.79,
        "n_sedes_total": 132,
        "n_sedes_no_oficial": 104
      }
    },
    {
      "type": "Feature",
      "geometry": {
        "type": "Point",
        "coordinates": [
          -74.02582999955592,
          4.741640000415741
        ]
      },
      "properties": {
        "DANE12_EST": "111848003031",
        "id_establecimiento": "111848003031",
        "nombre_establecimiento": "COLEGIO CRISTOBAL COLON (IED)",
        "nombre_localidad": "Usaquen",
        "codigo_upz": "11",
        "nombre_upz": "SAN CRISTOBAL NORTE",
        "estrato": "Estrato 3",
        "zona": "URBANA",
        "caracter_media": "Académico",
        "lon": -74.02582999955592,
        "lat": 4.741640000415741,
        "codigo_localidad": "01",
        "q_j": 244.42333333333332,
        "puntaje_2023": 251.54,
        "punt_global_2020": 239.78,
        "punt_global_2022": 241.95,
        "matricula_total": 1836.0,
        "demanda_total": 2381.0,
        "sobre_demanda_j": 1.2968409586056644,
        "n_hogares_muestra": 2557.0,
        "poblacion_expandida": 71662.00000530001,
        "tasa_pobreza_monetaria": 0.4300105826354405,
        "tasa_pobreza_extrema": 0.1780443779891206,
        "tasa_ipm": 0.0624972110388876,
        "ingreso_percapita_promedio": 903931.279899752,
        "capacidad_pago_promedio": 0.4078833059325474,
        "tamano_hogar_promedio": 3.548192365972127,
        "gasto_educ_promedio": 337571.6916232683,
        "tasa_deficit_cuantitativo": 0.0170505424675508,
        "tasa_deficit_cualitativo": 0.1682438770353647,
        "tasa_deficit_habitacional": 0.1852944195029155,
        "pct_estrato_1": 0.0978794060573419,
        "pct_estrato_2": 0.2215008734786364,
        "pct_estrato_3": 0.6549784201156625,
        "pct_estrato_4": 0.0109756168644725,
        "pct_estrato_5": 0.0146656834838864,
        "pct_estrato_6": 0.0,
        "s0_localidad": 0.6414694924474655,
        "dist_transmilenio_m": 2427.366084664075,
        "dist_sitp_m": 22.743725797709896,
        "dist_parque_m": 77.0154349079489,
        "homicidios": 93.0,
        "lesiones_personales": 1898.0,
        "hurto_personas": 34039.0,
        "hurto_residencias": 3332.0,
        "hurto_automotores": 363.0,
        "hurto_bicicletas": 1238.0,
        "hurto_comercio": 8366.0,
        "hurto_entidades": 408.0,
        "violencia_intrafam": 3095.0,
        "delitos_sexuales": 602.0,
        "pct_no_oficial": 78.79,
        "n_sedes_total": 132,
        "n_sedes_no_oficial": 104
      }
    },
    {
      "type": "Feature",
      "geometry": {
        "type": "Point",
        "coordinates": [
          -74.02793000017877,
          4.734650000472696
        ]
      },
      "properties": {
        "DANE12_EST": "111848003910",
        "id_establecimiento": "111848003910",
        "nombre_establecimiento": "COLEGIO GENERAL SANTANDER (IED)",
        "nombre_localidad": "Usaquen",
        "codigo_upz": "11",
        "nombre_upz": "SAN CRISTOBAL NORTE",
        "estrato": "Estrato 3",
        "zona": "URBANA",
        "caracter_media": "Académico",
        "lon": -74.02793000017877,
        "lat": 4.734650000472696,
        "codigo_localidad": "01",
        "q_j": 250.28333333333333,
        "puntaje_2023": 253.08,
        "punt_global_2020": 251.11,
        "punt_global_2022": 246.66,
        "matricula_total": 1005.0,
        "demanda_total": 1137.0,
        "sobre_demanda_j": 1.1313432835820896,
        "n_hogares_muestra": 2557.0,
        "poblacion_expandida": 71662.00000530001,
        "tasa_pobreza_monetaria": 0.4300105826354405,
        "tasa_pobreza_extrema": 0.1780443779891206,
        "tasa_ipm": 0.0624972110388876,
        "ingreso_percapita_promedio": 903931.279899752,
        "capacidad_pago_promedio": 0.4078833059325474,
        "tamano_hogar_promedio": 3.548192365972127,
        "gasto_educ_promedio": 337571.6916232683,
        "tasa_deficit_cuantitativo": 0.0170505424675508,
        "tasa_deficit_cualitativo": 0.1682438770353647,
        "tasa_deficit_habitacional": 0.1852944195029155,
        "pct_estrato_1": 0.0978794060573419,
        "pct_estrato_2": 0.2215008734786364,
        "pct_estrato_3": 0.6549784201156625,
        "pct_estrato_4": 0.0109756168644725,
        "pct_estrato_5": 0.0146656834838864,
        "pct_estrato_6": 0.0,
        "s0_localidad": 0.6414694924474655,
        "dist_transmilenio_m": 2359.9628638753584,
        "dist_sitp_m": 27.533968001373953,
        "dist_parque_m": 76.80772880315033,
        "homicidios": 93.0,
        "lesiones_personales": 1898.0,
        "hurto_personas": 34039.0,
        "hurto_residencias": 3332.0,
        "hurto_automotores": 363.0,
        "hurto_bicicletas": 1238.0,
        "hurto_comercio": 8366.0,
        "hurto_entidades": 408.0,
        "violencia_intrafam": 3095.0,
        "delitos_sexuales": 602.0,
        "pct_no_oficial": 78.79,
        "n_sedes_total": 132,
        "n_sedes_no_oficial": 104
      }
    },
    {
      "type": "Feature",
      "geometry": {
        "type": "Point",
        "coordinates": [
          -74.12114999989356,
          4.474350000451703
        ]
      },
      "properties": {
        "DANE12_EST": "111850000740",
        "id_establecimiento": "111850000740",
        "nombre_establecimiento": "COLEGIO FRANCISCO ANTONIO ZEA DE USME (IED)",
        "nombre_localidad": "Usme",
        "codigo_upz": "61",
        "nombre_upz": "CIUDAD USME",
        "estrato": "Estrato 2",
        "zona": "URBANA",
        "caracter_media": "Académico",
        "lon": -74.12114999989356,
        "lat": 4.474350000451703,
        "codigo_localidad": "05",
        "q_j": 259.35333333333335,
        "puntaje_2023": 255.81,
        "punt_global_2020": 263.37,
        "punt_global_2022": 258.88,
        "matricula_total": 2249.0,
        "demanda_total": 2374.0,
        "sobre_demanda_j": 1.0555802578923965,
        "n_hogares_muestra": null,
        "poblacion_expandida": null,
        "tasa_pobreza_monetaria": null,
        "tasa_pobreza_extrema": null,
        "tasa_ipm": null,
        "ingreso_percapita_promedio": null,
        "capacidad_pago_promedio": null,
        "tamano_hogar_promedio": null,
        "gasto_educ_promedio": null,
        "tasa_deficit_cuantitativo": null,
        "tasa_deficit_cualitativo": null,
        "tasa_deficit_habitacional": null,
        "pct_estrato_1": null,
        "pct_estrato_2": null,
        "pct_estrato_3": null,
        "pct_estrato_4": null,
        "pct_estrato_5": null,
        "pct_estrato_6": null,
        "s0_localidad": 0.1806550335776531,
        "dist_transmilenio_m": 6381.630270826991,
        "dist_sitp_m": 207.15761016277216,
        "dist_parque_m": 112.82341951843972,
        "homicidios": 171.0,
        "lesiones_personales": 2562.0,
        "hurto_personas": 8404.0,
        "hurto_residencias": 1452.0,
        "hurto_automotores": 311.0,
        "hurto_bicicletas": 146.0,
        "hurto_comercio": 2308.0,
        "hurto_entidades": 623.0,
        "violencia_intrafam": 3963.0,
        "delitos_sexuales": 923.0,
        "pct_no_oficial": 33.03,
        "n_sedes_total": 109,
        "n_sedes_no_oficial": 36
      }
    },
    {
      "type": "Feature",
      "geometry": {
        "type": "Point",
        "coordinates": [
          -74.10670000027051,
          4.517439999745456
        ]
      },
      "properties": {
        "DANE12_EST": "111850001380",
        "id_establecimiento": "111850001380",
        "nombre_establecimiento": "COLEGIO EL CORTIJO - VIANEY (IED)",
        "nombre_localidad": "Usme",
        "codigo_upz": "57",
        "nombre_upz": "GRAN YOMASA",
        "estrato": "Estrato 2",
        "zona": "URBANA",
        "caracter_media": "Académico",
        "lon": -74.10670000027051,
        "lat": 4.517439999745456,
        "codigo_localidad": "05",
        "q_j": 249.64,
        "puntaje_2023": 246.15,
        "punt_global_2020": 247.17,
        "punt_global_2022": 255.6,
        "matricula_total": 775.0,
        "demanda_total": 831.0,
        "sobre_demanda_j": 1.072258064516129,
        "n_hogares_muestra": 2440.0,
        "poblacion_expandida": 131329.99999830002,
        "tasa_pobreza_monetaria": 0.5375758554741024,
        "tasa_pobreza_extrema": 0.170500226653391,
        "tasa_ipm": 0.0997707066661814,
        "ingreso_percapita_promedio": 546453.4732746364,
        "capacidad_pago_promedio": 0.5369657626400125,
        "tamano_hogar_promedio": 3.6829561057356353,
        "gasto_educ_promedio": 131619.82020471324,
        "tasa_deficit_cuantitativo": 0.0094164735347293,
        "tasa_deficit_cualitativo": 0.1714038156094676,
        "tasa_deficit_habitacional": 0.180820289144197,
        "pct_estrato_1": 0.2132961951988319,
        "pct_estrato_2": 0.7829697168463492,
        "pct_estrato_3": 0.0033905540356793,
        "pct_estrato_4": 0.0,
        "pct_estrato_5": 0.0,
        "pct_estrato_6": 0.0,
        "s0_localidad": 0.1806550335776531,
        "dist_transmilenio_m": 2120.9472372388186,
        "dist_sitp_m": 669.7845053762152,
        "dist_parque_m": 16.006764137281184,
        "homicidios": 171.0,
        "lesiones_personales": 2562.0,
        "hurto_personas": 8404.0,
        "hurto_residencias": 1452.0,
        "hurto_automotores": 311.0,
        "hurto_bicicletas": 146.0,
        "hurto_comercio": 2308.0,
        "hurto_entidades": 623.0,
        "violencia_intrafam": 3963.0,
        "delitos_sexuales": 923.0,
        "pct_no_oficial": 33.03,
        "n_sedes_total": 109,
        "n_sedes_no_oficial": 36
      }
    },
    {
      "type": "Feature",
      "geometry": {
        "type": "Point",
        "coordinates": [
          -74.11191999989376,
          4.512290000484711
        ]
      },
      "properties": {
        "DANE12_EST": "111850001428",
        "id_establecimiento": "111850001428",
        "nombre_establecimiento": "COLEGIO ALMIRANTE PADILLA (IED)",
        "nombre_localidad": "Usme",
        "codigo_upz": "57",
        "nombre_upz": "GRAN YOMASA",
        "estrato": "Estrato 2",
        "zona": "URBANA",
        "caracter_media": "Académico",
        "lon": -74.11191999989376,
        "lat": 4.512290000484711,
        "codigo_localidad": "05",
        "q_j": 237.90666666666667,
        "puntaje_2023": 247.25,
        "punt_global_2020": 236.48,
        "punt_global_2022": 229.99,
        "matricula_total": 2616.0,
        "demanda_total": 3460.0,
        "sobre_demanda_j": 1.3226299694189603,
        "n_hogares_muestra": 2440.0,
        "poblacion_expandida": 131329.99999830002,
        "tasa_pobreza_monetaria": 0.5375758554741024,
        "tasa_pobreza_extrema": 0.170500226653391,
        "tasa_ipm": 0.0997707066661814,
        "ingreso_percapita_promedio": 546453.4732746364,
        "capacidad_pago_promedio": 0.5369657626400125,
        "tamano_hogar_promedio": 3.6829561057356353,
        "gasto_educ_promedio": 131619.82020471324,
        "tasa_deficit_cuantitativo": 0.0094164735347293,
        "tasa_deficit_cualitativo": 0.1714038156094676,
        "tasa_deficit_habitacional": 0.180820289144197,
        "pct_estrato_1": 0.2132961951988319,
        "pct_estrato_2": 0.7829697168463492,
        "pct_estrato_3": 0.0033905540356793,
        "pct_estrato_4": 0.0,
        "pct_estrato_5": 0.0,
        "pct_estrato_6": 0.0,
        "s0_localidad": 0.1806550335776531,
        "dist_transmilenio_m": 2313.237196490851,
        "dist_sitp_m": 62.453529498577176,
        "dist_parque_m": 162.07754758750252,
        "homicidios": 171.0,
        "lesiones_personales": 2562.0,
        "hurto_personas": 8404.0,
        "hurto_residencias": 1452.0,
        "hurto_automotores": 311.0,
        "hurto_bicicletas": 146.0,
        "hurto_comercio": 2308.0,
        "hurto_entidades": 623.0,
        "violencia_intrafam": 3963.0,
        "delitos_sexuales": 923.0,
        "pct_no_oficial": 33.03,
        "n_sedes_total": 109,
        "n_sedes_no_oficial": 36
      }
    },
    {
      "type": "Feature",
      "geometry": {
        "type": "Point",
        "coordinates": [
          -74.1032499997606,
          4.510820000184227
        ]
      },
      "properties": {
        "DANE12_EST": "111850001461",
        "id_establecimiento": "111850001461",
        "nombre_establecimiento": "COLEGIO LOS TEJARES (IED)",
        "nombre_localidad": "Usme",
        "codigo_upz": "57",
        "nombre_upz": "GRAN YOMASA",
        "estrato": "Estrato 2",
        "zona": "URBANA",
        "caracter_media": "Académico",
        "lon": -74.1032499997606,
        "lat": 4.510820000184227,
        "codigo_localidad": "05",
        "q_j": 241.51999999999998,
        "puntaje_2023": 236.89,
        "punt_global_2020": 248.04,
        "punt_global_2022": 239.63,
        "matricula_total": 938.0,
        "demanda_total": 989.0,
        "sobre_demanda_j": 1.0543710021321961,
        "n_hogares_muestra": 2440.0,
        "poblacion_expandida": 131329.99999830002,
        "tasa_pobreza_monetaria": 0.5375758554741024,
        "tasa_pobreza_extrema": 0.170500226653391,
        "tasa_ipm": 0.0997707066661814,
        "ingreso_percapita_promedio": 546453.4732746364,
        "capacidad_pago_promedio": 0.5369657626400125,
        "tamano_hogar_promedio": 3.6829561057356353,
        "gasto_educ_promedio": 131619.82020471324,
        "tasa_deficit_cuantitativo": 0.0094164735347293,
        "tasa_deficit_cualitativo": 0.1714038156094676,
        "tasa_deficit_habitacional": 0.180820289144197,
        "pct_estrato_1": 0.2132961951988319,
        "pct_estrato_2": 0.7829697168463492,
        "pct_estrato_3": 0.0033905540356793,
        "pct_estrato_4": 0.0,
        "pct_estrato_5": 0.0,
        "pct_estrato_6": 0.0,
        "s0_localidad": 0.1806550335776531,
        "dist_transmilenio_m": 2932.461879515543,
        "dist_sitp_m": 82.08510405378166,
        "dist_parque_m": 138.1267885369716,
        "homicidios": 171.0,
        "lesiones_personales": 2562.0,
        "hurto_personas": 8404.0,
        "hurto_residencias": 1452.0,
        "hurto_automotores": 311.0,
        "hurto_bicicletas": 146.0,
        "hurto_comercio": 2308.0,
        "hurto_entidades": 623.0,
        "violencia_intrafam": 3963.0,
        "delitos_sexuales": 923.0,
        "pct_no_oficial": 33.03,
        "n_sedes_total": 109,
        "n_sedes_no_oficial": 36
      }
    },
    {
      "type": "Feature",
      "geometry": {
        "type": "Point",
        "coordinates": [
          -74.10711000034934,
          4.50717000011692
        ]
      },
      "properties": {
        "DANE12_EST": "111850001576",
        "id_establecimiento": "111850001576",
        "nombre_establecimiento": "COLEGIO FEDERICO GARCIA LORCA (IED)",
        "nombre_localidad": "Usme",
        "codigo_upz": "57",
        "nombre_upz": "GRAN YOMASA",
        "estrato": "Estrato 2",
        "zona": "URBANA",
        "caracter_media": "Académico",
        "lon": -74.10711000034934,
        "lat": 4.50717000011692,
        "codigo_localidad": "05",
        "q_j": 244.35999999999999,
        "puntaje_2023": 252.31,
        "punt_global_2020": 232.83,
        "punt_global_2022": 247.94,
        "matricula_total": 2301.0,
        "demanda_total": 2421.0,
        "sobre_demanda_j": 1.0521512385919165,
        "n_hogares_muestra": 2440.0,
        "poblacion_expandida": 131329.99999830002,
        "tasa_pobreza_monetaria": 0.5375758554741024,
        "tasa_pobreza_extrema": 0.170500226653391,
        "tasa_ipm": 0.0997707066661814,
        "ingreso_percapita_promedio": 546453.4732746364,
        "capacidad_pago_promedio": 0.5369657626400125,
        "tamano_hogar_promedio": 3.6829561057356353,
        "gasto_educ_promedio": 131619.82020471324,
        "tasa_deficit_cuantitativo": 0.0094164735347293,
        "tasa_deficit_cualitativo": 0.1714038156094676,
        "tasa_deficit_habitacional": 0.180820289144197,
        "pct_estrato_1": 0.2132961951988319,
        "pct_estrato_2": 0.7829697168463492,
        "pct_estrato_3": 0.0033905540356793,
        "pct_estrato_4": 0.0,
        "pct_estrato_5": 0.0,
        "pct_estrato_6": 0.0,
        "s0_localidad": 0.1806550335776531,
        "dist_transmilenio_m": 3049.91054501263,
        "dist_sitp_m": 91.8611769311998,
        "dist_parque_m": 113.94323466936912,
        "homicidios": 171.0,
        "lesiones_personales": 2562.0,
        "hurto_personas": 8404.0,
        "hurto_residencias": 1452.0,
        "hurto_automotores": 311.0,
        "hurto_bicicletas": 146.0,
        "hurto_comercio": 2308.0,
        "hurto_entidades": 623.0,
        "violencia_intrafam": 3963.0,
        "delitos_sexuales": 923.0,
        "pct_no_oficial": 33.03,
        "n_sedes_total": 109,
        "n_sedes_no_oficial": 36
      }
    },
    {
      "type": "Feature",
      "geometry": {
        "type": "Point",
        "coordinates": [
          -74.02400000016814,
          4.583000000129486
        ]
      },
      "properties": {
        "DANE12_EST": "211001027485",
        "id_establecimiento": "211001027485",
        "nombre_establecimiento": "COLEGIO EL VERJON (IED)",
        "nombre_localidad": "Santa Fe",
        "codigo_upz": "UPR 2",
        "nombre_upz": "CERROS ORIENTALES",
        "estrato": "Sin estrato",
        "zona": "RURAL",
        "caracter_media": "Académico",
        "lon": -74.02400000016814,
        "lat": 4.583000000129486,
        "codigo_localidad": "03",
        "q_j": 235.90666666666667,
        "puntaje_2023": 236.54,
        "punt_global_2020": 224.91,
        "punt_global_2022": 246.27,
        "matricula_total": 207.0,
        "demanda_total": 218.0,
        "sobre_demanda_j": 1.0531400966183575,
        "n_hogares_muestra": null,
        "poblacion_expandida": null,
        "tasa_pobreza_monetaria": null,
        "tasa_pobreza_extrema": null,
        "tasa_ipm": null,
        "ingreso_percapita_promedio": null,
        "capacidad_pago_promedio": null,
        "tamano_hogar_promedio": null,
        "gasto_educ_promedio": null,
        "tasa_deficit_cuantitativo": null,
        "tasa_deficit_cualitativo": null,
        "tasa_deficit_habitacional": null,
        "pct_estrato_1": null,
        "pct_estrato_2": null,
        "pct_estrato_3": null,
        "pct_estrato_4": null,
        "pct_estrato_5": null,
        "pct_estrato_6": null,
        "s0_localidad": 0.26720847821961147,
        "dist_transmilenio_m": 5370.595256822946,
        "dist_sitp_m": 4413.84200393132,
        "dist_parque_m": 4600.366190252136,
        "homicidios": 113.0,
        "lesiones_personales": 1683.0,
        "hurto_personas": 25139.0,
        "hurto_residencias": 580.0,
        "hurto_automotores": 128.0,
        "hurto_bicicletas": 443.0,
        "hurto_comercio": 7043.0,
        "hurto_entidades": 180.0,
        "violencia_intrafam": 1602.0,
        "delitos_sexuales": 514.0,
        "pct_no_oficial": 44.83,
        "n_sedes_total": 29,
        "n_sedes_no_oficial": 13
      }
    },
    {
      "type": "Feature",
      "geometry": {
        "type": "Point",
        "coordinates": [
          -74.09100000031951,
          4.50499999996814
        ]
      },
      "properties": {
        "DANE12_EST": "211001032501",
        "id_establecimiento": "211001032501",
        "nombre_establecimiento": "COLEGIO GABRIEL GARCIA MARQUEZ (IED)",
        "nombre_localidad": "Usme",
        "codigo_upz": "52",
        "nombre_upz": "LA FLORA",
        "estrato": "Estrato 1",
        "zona": "URBANA",
        "caracter_media": "Académico",
        "lon": -74.09100000031951,
        "lat": 4.50499999996814,
        "codigo_localidad": "05",
        "q_j": 253.13,
        "puntaje_2023": 256.54,
        "punt_global_2020": 255.97,
        "punt_global_2022": 246.88,
        "matricula_total": 1161.0,
        "demanda_total": 1258.0,
        "sobre_demanda_j": 1.0835486649440138,
        "n_hogares_muestra": 2154.0,
        "poblacion_expandida": 19629.0000075,
        "tasa_pobreza_monetaria": 0.7487849338878249,
        "tasa_pobreza_extrema": 0.3638983283545144,
        "tasa_ipm": 0.1788048463222254,
        "ingreso_percapita_promedio": 342105.1816187633,
        "capacidad_pago_promedio": 0.754926642046872,
        "tamano_hogar_promedio": 3.752629232240833,
        "gasto_educ_promedio": 64628.117806994414,
        "tasa_deficit_cuantitativo": 0.1189753326408724,
        "tasa_deficit_cualitativo": 0.2826258941708852,
        "tasa_deficit_habitacional": 0.4016012268117577,
        "pct_estrato_1": 0.9406263803171484,
        "pct_estrato_2": 0.0070001862370726,
        "pct_estrato_3": 0.0016351785005724,
        "pct_estrato_4": 0.0,
        "pct_estrato_5": 0.0,
        "pct_estrato_6": 0.0,
        "s0_localidad": 0.1806550335776531,
        "dist_transmilenio_m": 4327.633045598895,
        "dist_sitp_m": 277.07750979045073,
        "dist_parque_m": 299.0037534663731,
        "homicidios": 171.0,
        "lesiones_personales": 2562.0,
        "hurto_personas": 8404.0,
        "hurto_residencias": 1452.0,
        "hurto_automotores": 311.0,
        "hurto_bicicletas": 146.0,
        "hurto_comercio": 2308.0,
        "hurto_entidades": 623.0,
        "violencia_intrafam": 3963.0,
        "delitos_sexuales": 923.0,
        "pct_no_oficial": 33.03,
        "n_sedes_total": 109,
        "n_sedes_no_oficial": 36
      }
    },
    {
      "type": "Feature",
      "geometry": {
        "type": "Point",
        "coordinates": [
          -74.20073000009722,
          4.625540000458894
        ]
      },
      "properties": {
        "DANE12_EST": "211001076958",
        "id_establecimiento": "211001076958",
        "nombre_establecimiento": "COLEGIO VILLAS DEL PROGRESO (IED)",
        "nombre_localidad": "Bosa",
        "codigo_upz": "84",
        "nombre_upz": "BOSA OCCIDENTAL",
        "estrato": "Estrato 2",
        "zona": "URBANA",
        "caracter_media": "Sin información",
        "lon": -74.20073000009722,
        "lat": 4.625540000458894,
        "codigo_localidad": "07",
        "q_j": 260.98333333333335,
        "puntaje_2023": 267.35,
        "punt_global_2020": 256.5,
        "punt_global_2022": 259.1,
        "matricula_total": 4028.0,
        "demanda_total": 4332.0,
        "sobre_demanda_j": 1.0754716981132075,
        "n_hogares_muestra": 2513.0,
        "poblacion_expandida": 199171.0000029,
        "tasa_pobreza_monetaria": 0.5522918237042458,
        "tasa_pobreza_extrema": 0.1879558875079952,
        "tasa_ipm": 0.0996822849647334,
        "ingreso_percapita_promedio": 536362.5788589469,
        "capacidad_pago_promedio": 0.5493628931456228,
        "tamano_hogar_promedio": 3.7633010092291874,
        "gasto_educ_promedio": 137178.08860508617,
        "tasa_deficit_cuantitativo": 0.0104317439329508,
        "tasa_deficit_cualitativo": 0.1768060546886206,
        "tasa_deficit_habitacional": 0.1872377986215714,
        "pct_estrato_1": 0.0242614269719469,
        "pct_estrato_2": 0.9753720865706926,
        "pct_estrato_3": 0.0,
        "pct_estrato_4": 0.0,
        "pct_estrato_5": 0.0,
        "pct_estrato_6": 0.0,
        "s0_localidad": 0.2763191613237501,
        "dist_transmilenio_m": 3096.5056885978597,
        "dist_sitp_m": 173.99262988302158,
        "dist_parque_m": 199.34548861177265,
        "homicidios": 209.0,
        "lesiones_personales": 3464.0,
        "hurto_personas": 19664.0,
        "hurto_residencias": 2638.0,
        "hurto_automotores": 681.0,
        "hurto_bicicletas": 1403.0,
        "hurto_comercio": 5397.0,
        "hurto_entidades": 1643.0,
        "violencia_intrafam": 7523.0,
        "delitos_sexuales": 1159.0,
        "pct_no_oficial": 55.7,
        "n_sedes_total": 149,
        "n_sedes_no_oficial": 83
      }
    },
    {
      "type": "Feature",
      "geometry": {
        "type": "Point",
        "coordinates": [
          -74.20399999978375,
          4.61799999998511
        ]
      },
      "properties": {
        "DANE12_EST": "211102000201",
        "id_establecimiento": "211102000201",
        "nombre_establecimiento": "COLEGIO SAN BERNARDINO (IED)",
        "nombre_localidad": "Bosa",
        "codigo_upz": "87",
        "nombre_upz": "TINTAL SUR",
        "estrato": "Estrato 1",
        "zona": "URBANA",
        "caracter_media": "Académico",
        "lon": -74.20399999978375,
        "lat": 4.61799999998511,
        "codigo_localidad": "07",
        "q_j": 237.49666666666667,
        "puntaje_2023": 238.25,
        "punt_global_2020": 238.25,
        "punt_global_2022": 235.99,
        "matricula_total": 1832.0,
        "demanda_total": 2063.0,
        "sobre_demanda_j": 1.1260917030567685,
        "n_hogares_muestra": 2392.0,
        "poblacion_expandida": 110225.0000021,
        "tasa_pobreza_monetaria": 0.4520666539165404,
        "tasa_pobreza_extrema": 0.1571335105708325,
        "tasa_ipm": 0.0744802714705701,
        "ingreso_percapita_promedio": 552453.5751865588,
        "capacidad_pago_promedio": 0.4627239344615857,
        "tamano_hogar_promedio": 3.718366457247371,
        "gasto_educ_promedio": 125393.3035398334,
        "tasa_deficit_cuantitativo": 0.0091994534586589,
        "tasa_deficit_cualitativo": 0.0865527447078089,
        "tasa_deficit_habitacional": 0.0957521981664678,
        "pct_estrato_1": 0.2727037086298691,
        "pct_estrato_2": 0.7241674077884259,
        "pct_estrato_3": 0.0031288835817049,
        "pct_estrato_4": 0.0,
        "pct_estrato_5": 0.0,
        "pct_estrato_6": 0.0,
        "s0_localidad": 0.2763191613237501,
        "dist_transmilenio_m": 3114.1016077749796,
        "dist_sitp_m": 211.3130991339272,
        "dist_parque_m": 94.76810464813823,
        "homicidios": 209.0,
        "lesiones_personales": 3464.0,
        "hurto_personas": 19664.0,
        "hurto_residencias": 2638.0,
        "hurto_automotores": 681.0,
        "hurto_bicicletas": 1403.0,
        "hurto_comercio": 5397.0,
        "hurto_entidades": 1643.0,
        "violencia_intrafam": 7523.0,
        "delitos_sexuales": 1159.0,
        "pct_no_oficial": 55.7,
        "n_sedes_total": 149,
        "n_sedes_no_oficial": 83
      }
    },
    {
      "type": "Feature",
      "geometry": {
        "type": "Point",
        "coordinates": [
          -74.18365000012192,
          4.635850000550993
        ]
      },
      "properties": {
        "DANE12_EST": "211102000243",
        "id_establecimiento": "211102000243",
        "nombre_establecimiento": "COLEGIO EL PORVENIR (IED)",
        "nombre_localidad": "Bosa",
        "codigo_upz": "86",
        "nombre_upz": "EL PORVENIR",
        "estrato": "Estrato 1",
        "zona": "URBANA",
        "caracter_media": "Técnico",
        "lon": -74.18365000012192,
        "lat": 4.635850000550993,
        "codigo_localidad": "07",
        "q_j": 260.02,
        "puntaje_2023": 266.0,
        "punt_global_2020": 254.55,
        "punt_global_2022": 259.51,
        "matricula_total": 4263.0,
        "demanda_total": 4533.0,
        "sobre_demanda_j": 1.0633356790992259,
        "n_hogares_muestra": 2345.0,
        "poblacion_expandida": 141524.0000047,
        "tasa_pobreza_monetaria": 0.5257805841760325,
        "tasa_pobreza_extrema": 0.1800588803931045,
        "tasa_ipm": 0.0762387072859845,
        "ingreso_percapita_promedio": 540236.3615340404,
        "capacidad_pago_promedio": 0.4928230750408675,
        "tamano_hogar_promedio": 3.676861827955815,
        "gasto_educ_promedio": 122842.87380400246,
        "tasa_deficit_cuantitativo": 0.0045173917199822,
        "tasa_deficit_cualitativo": 0.1650564668390113,
        "tasa_deficit_habitacional": 0.1695738585589935,
        "pct_estrato_1": 0.3280617828428966,
        "pct_estrato_2": 0.6692759896410106,
        "pct_estrato_3": 0.0026622275160925,
        "pct_estrato_4": 0.0,
        "pct_estrato_5": 0.0,
        "pct_estrato_6": 0.0,
        "s0_localidad": 0.2763191613237501,
        "dist_transmilenio_m": 1376.7207863099038,
        "dist_sitp_m": 72.17744916910155,
        "dist_parque_m": 73.50328721638287,
        "homicidios": 209.0,
        "lesiones_personales": 3464.0,
        "hurto_personas": 19664.0,
        "hurto_residencias": 2638.0,
        "hurto_automotores": 681.0,
        "hurto_bicicletas": 1403.0,
        "hurto_comercio": 5397.0,
        "hurto_entidades": 1643.0,
        "violencia_intrafam": 7523.0,
        "delitos_sexuales": 1159.0,
        "pct_no_oficial": 55.7,
        "n_sedes_total": 149,
        "n_sedes_no_oficial": 83
      }
    },
    {
      "type": "Feature",
      "geometry": {
        "type": "Point",
        "coordinates": [
          -74.18848999980355,
          4.622550000297636
        ]
      },
      "properties": {
        "DANE12_EST": "211102000995",
        "id_establecimiento": "211102000995",
        "nombre_establecimiento": "COLEGIO BOSANOVA (IED)",
        "nombre_localidad": "Bosa",
        "codigo_upz": "84",
        "nombre_upz": "BOSA OCCIDENTAL",
        "estrato": "Estrato 2",
        "zona": "URBANA",
        "caracter_media": "Académico",
        "lon": -74.18848999980355,
        "lat": 4.622550000297636,
        "codigo_localidad": "07",
        "q_j": 253.90333333333334,
        "puntaje_2023": 254.71,
        "punt_global_2020": 254.04,
        "punt_global_2022": 252.96,
        "matricula_total": 1283.0,
        "demanda_total": 1421.0,
        "sobre_demanda_j": 1.107560405300078,
        "n_hogares_muestra": 2513.0,
        "poblacion_expandida": 199171.0000029,
        "tasa_pobreza_monetaria": 0.5522918237042458,
        "tasa_pobreza_extrema": 0.1879558875079952,
        "tasa_ipm": 0.0996822849647334,
        "ingreso_percapita_promedio": 536362.5788589469,
        "capacidad_pago_promedio": 0.5493628931456228,
        "tamano_hogar_promedio": 3.7633010092291874,
        "gasto_educ_promedio": 137178.08860508617,
        "tasa_deficit_cuantitativo": 0.0104317439329508,
        "tasa_deficit_cualitativo": 0.1768060546886206,
        "tasa_deficit_habitacional": 0.1872377986215714,
        "pct_estrato_1": 0.0242614269719469,
        "pct_estrato_2": 0.9753720865706926,
        "pct_estrato_3": 0.0,
        "pct_estrato_4": 0.0,
        "pct_estrato_5": 0.0,
        "pct_estrato_6": 0.0,
        "s0_localidad": 0.2763191613237501,
        "dist_transmilenio_m": 1871.4147472735212,
        "dist_sitp_m": 87.21503684668717,
        "dist_parque_m": 45.285003228823086,
        "homicidios": 209.0,
        "lesiones_personales": 3464.0,
        "hurto_personas": 19664.0,
        "hurto_residencias": 2638.0,
        "hurto_automotores": 681.0,
        "hurto_bicicletas": 1403.0,
        "hurto_comercio": 5397.0,
        "hurto_entidades": 1643.0,
        "violencia_intrafam": 7523.0,
        "delitos_sexuales": 1159.0,
        "pct_no_oficial": 55.7,
        "n_sedes_total": 149,
        "n_sedes_no_oficial": 83
      }
    },
    {
      "type": "Feature",
      "geometry": {
        "type": "Point",
        "coordinates": [
          -74.18355999971023,
          4.343360000017978
        ]
      },
      "properties": {
        "DANE12_EST": "211850000043",
        "id_establecimiento": "211850000043",
        "nombre_establecimiento": "COLEGIO RURAL LA UNION USME (CED)",
        "nombre_localidad": "Usme",
        "codigo_upz": "UPR 3",
        "nombre_upz": "RIO TUNJUELO",
        "estrato": "Sin estrato",
        "zona": "RURAL",
        "caracter_media": "Sin información",
        "lon": -74.18355999971023,
        "lat": 4.343360000017978,
        "codigo_localidad": "05",
        "q_j": null,
        "puntaje_2023": null,
        "punt_global_2020": null,
        "punt_global_2022": null,
        "matricula_total": 10.0,
        "demanda_total": 10.0,
        "sobre_demanda_j": 1.0,
        "n_hogares_muestra": null,
        "poblacion_expandida": null,
        "tasa_pobreza_monetaria": null,
        "tasa_pobreza_extrema": null,
        "tasa_ipm": null,
        "ingreso_percapita_promedio": null,
        "capacidad_pago_promedio": null,
        "tamano_hogar_promedio": null,
        "gasto_educ_promedio": null,
        "tasa_deficit_cuantitativo": null,
        "tasa_deficit_cualitativo": null,
        "tasa_deficit_habitacional": null,
        "pct_estrato_1": null,
        "pct_estrato_2": null,
        "pct_estrato_3": null,
        "pct_estrato_4": null,
        "pct_estrato_5": null,
        "pct_estrato_6": null,
        "s0_localidad": 0.1806550335776531,
        "dist_transmilenio_m": 22119.25552403653,
        "dist_sitp_m": 7977.546793400769,
        "dist_parque_m": 12315.532489155583,
        "homicidios": 171.0,
        "lesiones_personales": 2562.0,
        "hurto_personas": 8404.0,
        "hurto_residencias": 1452.0,
        "hurto_automotores": 311.0,
        "hurto_bicicletas": 146.0,
        "hurto_comercio": 2308.0,
        "hurto_entidades": 623.0,
        "violencia_intrafam": 3963.0,
        "delitos_sexuales": 923.0,
        "pct_no_oficial": 33.03,
        "n_sedes_total": 109,
        "n_sedes_no_oficial": 36
      }
    },
    {
      "type": "Feature",
      "geometry": {
        "type": "Point",
        "coordinates": [
          -74.10957999996971,
          4.508159999753879
        ]
      },
      "properties": {
        "DANE12_EST": "211850000051",
        "id_establecimiento": "211850000051",
        "nombre_establecimiento": "COLEGIO GRAN YOMASA (IED)",
        "nombre_localidad": "Usme",
        "codigo_upz": "57",
        "nombre_upz": "GRAN YOMASA",
        "estrato": "Estrato 2",
        "zona": "URBANA",
        "caracter_media": "Académico",
        "lon": -74.10957999996971,
        "lat": 4.508159999753879,
        "codigo_localidad": "05",
        "q_j": 252.88333333333335,
        "puntaje_2023": 253.6,
        "punt_global_2020": 257.37,
        "punt_global_2022": 247.68,
        "matricula_total": 1612.0,
        "demanda_total": 1715.0,
        "sobre_demanda_j": 1.063895781637717,
        "n_hogares_muestra": 2440.0,
        "poblacion_expandida": 131329.99999830002,
        "tasa_pobreza_monetaria": 0.5375758554741024,
        "tasa_pobreza_extrema": 0.170500226653391,
        "tasa_ipm": 0.0997707066661814,
        "ingreso_percapita_promedio": 546453.4732746364,
        "capacidad_pago_promedio": 0.5369657626400125,
        "tamano_hogar_promedio": 3.6829561057356353,
        "gasto_educ_promedio": 131619.82020471324,
        "tasa_deficit_cuantitativo": 0.0094164735347293,
        "tasa_deficit_cualitativo": 0.1714038156094676,
        "tasa_deficit_habitacional": 0.180820289144197,
        "pct_estrato_1": 0.2132961951988319,
        "pct_estrato_2": 0.7829697168463492,
        "pct_estrato_3": 0.0033905540356793,
        "pct_estrato_4": 0.0,
        "pct_estrato_5": 0.0,
        "pct_estrato_6": 0.0,
        "s0_localidad": 0.1806550335776531,
        "dist_transmilenio_m": 2835.9637546643903,
        "dist_sitp_m": 133.13615820343205,
        "dist_parque_m": 33.00874548851535,
        "homicidios": 171.0,
        "lesiones_personales": 2562.0,
        "hurto_personas": 8404.0,
        "hurto_residencias": 1452.0,
        "hurto_automotores": 311.0,
        "hurto_bicicletas": 146.0,
        "hurto_comercio": 2308.0,
        "hurto_entidades": 623.0,
        "violencia_intrafam": 3963.0,
        "delitos_sexuales": 923.0,
        "pct_no_oficial": 33.03,
        "n_sedes_total": 109,
        "n_sedes_no_oficial": 36
      }
    },
    {
      "type": "Feature",
      "geometry": {
        "type": "Point",
        "coordinates": [
          -74.1347199999828,
          4.441220000048679
        ]
      },
      "properties": {
        "DANE12_EST": "211850000108",
        "id_establecimiento": "211850000108",
        "nombre_establecimiento": "COLEGIO RURAL OLARTE (CED)",
        "nombre_localidad": "Usme",
        "codigo_upz": "UPR 3",
        "nombre_upz": "RIO TUNJUELO",
        "estrato": "Sin estrato",
        "zona": "RURAL",
        "caracter_media": "Sin información",
        "lon": -74.1347199999828,
        "lat": 4.441220000048679,
        "codigo_localidad": "05",
        "q_j": null,
        "puntaje_2023": null,
        "punt_global_2020": null,
        "punt_global_2022": null,
        "matricula_total": 171.0,
        "demanda_total": 174.0,
        "sobre_demanda_j": 1.0175438596491229,
        "n_hogares_muestra": null,
        "poblacion_expandida": null,
        "tasa_pobreza_monetaria": null,
        "tasa_pobreza_extrema": null,
        "tasa_ipm": null,
        "ingreso_percapita_promedio": null,
        "capacidad_pago_promedio": null,
        "tamano_hogar_promedio": null,
        "gasto_educ_promedio": null,
        "tasa_deficit_cuantitativo": null,
        "tasa_deficit_cualitativo": null,
        "tasa_deficit_habitacional": null,
        "pct_estrato_1": null,
        "pct_estrato_2": null,
        "pct_estrato_3": null,
        "pct_estrato_4": null,
        "pct_estrato_5": null,
        "pct_estrato_6": null,
        "s0_localidad": 0.1806550335776531,
        "dist_transmilenio_m": 10205.011164333066,
        "dist_sitp_m": 3099.8774366902744,
        "dist_parque_m": 2825.3549092189983,
        "homicidios": 171.0,
        "lesiones_personales": 2562.0,
        "hurto_personas": 8404.0,
        "hurto_residencias": 1452.0,
        "hurto_automotores": 311.0,
        "hurto_bicicletas": 146.0,
        "hurto_comercio": 2308.0,
        "hurto_entidades": 623.0,
        "violencia_intrafam": 3963.0,
        "delitos_sexuales": 923.0,
        "pct_no_oficial": 33.03,
        "n_sedes_total": 109,
        "n_sedes_no_oficial": 36
      }
    },
    {
      "type": "Feature",
      "geometry": {
        "type": "Point",
        "coordinates": [
          -74.16563000033835,
          4.353700000481146
        ]
      },
      "properties": {
        "DANE12_EST": "211850000698",
        "id_establecimiento": "211850000698",
        "nombre_establecimiento": "COLEGIO RURAL LOS ANDES (CED)",
        "nombre_localidad": "Usme",
        "codigo_upz": "UPR 3",
        "nombre_upz": "RIO TUNJUELO",
        "estrato": "Sin estrato",
        "zona": "RURAL",
        "caracter_media": "Sin información",
        "lon": -74.16563000033835,
        "lat": 4.353700000481146,
        "codigo_localidad": "05",
        "q_j": null,
        "puntaje_2023": null,
        "punt_global_2020": null,
        "punt_global_2022": null,
        "matricula_total": 6.0,
        "demanda_total": 8.0,
        "sobre_demanda_j": 1.3333333333333333,
        "n_hogares_muestra": null,
        "poblacion_expandida": null,
        "tasa_pobreza_monetaria": null,
        "tasa_pobreza_extrema": null,
        "tasa_ipm": null,
        "ingreso_percapita_promedio": null,
        "capacidad_pago_promedio": null,
        "tamano_hogar_promedio": null,
        "gasto_educ_promedio": null,
        "tasa_deficit_cuantitativo": null,
        "tasa_deficit_cualitativo": null,
        "tasa_deficit_habitacional": null,
        "pct_estrato_1": null,
        "pct_estrato_2": null,
        "pct_estrato_3": null,
        "pct_estrato_4": null,
        "pct_estrato_5": null,
        "pct_estrato_6": null,
        "s0_localidad": 0.1806550335776531,
        "dist_transmilenio_m": 20447.29491497331,
        "dist_sitp_m": 6073.789655652019,
        "dist_parque_m": 10871.176895369417,
        "homicidios": 171.0,
        "lesiones_personales": 2562.0,
        "hurto_personas": 8404.0,
        "hurto_residencias": 1452.0,
        "hurto_automotores": 311.0,
        "hurto_bicicletas": 146.0,
        "hurto_comercio": 2308.0,
        "hurto_entidades": 623.0,
        "violencia_intrafam": 3963.0,
        "delitos_sexuales": 923.0,
        "pct_no_oficial": 33.03,
        "n_sedes_total": 109,
        "n_sedes_no_oficial": 36
      }
    },
    {
      "type": "Feature",
      "geometry": {
        "type": "Point",
        "coordinates": [
          -74.14042000000507,
          4.363110000316618
        ]
      },
      "properties": {
        "DANE12_EST": "211850000710",
        "id_establecimiento": "211850000710",
        "nombre_establecimiento": "COLEGIO RURAL LOS ARRAYANES (CED)",
        "nombre_localidad": "Usme",
        "codigo_upz": "UPR 3",
        "nombre_upz": "RIO TUNJUELO",
        "estrato": "Sin estrato",
        "zona": "RURAL",
        "caracter_media": "Sin información",
        "lon": -74.14042000000507,
        "lat": 4.363110000316618,
        "codigo_localidad": "05",
        "q_j": null,
        "puntaje_2023": null,
        "punt_global_2020": null,
        "punt_global_2022": null,
        "matricula_total": 25.0,
        "demanda_total": 25.0,
        "sobre_demanda_j": 1.0,
        "n_hogares_muestra": null,
        "poblacion_expandida": null,
        "tasa_pobreza_monetaria": null,
        "tasa_pobreza_extrema": null,
        "tasa_ipm": null,
        "ingreso_percapita_promedio": null,
        "capacidad_pago_promedio": null,
        "tamano_hogar_promedio": null,
        "gasto_educ_promedio": null,
        "tasa_deficit_cuantitativo": null,
        "tasa_deficit_cualitativo": null,
        "tasa_deficit_habitacional": null,
        "pct_estrato_1": null,
        "pct_estrato_2": null,
        "pct_estrato_3": null,
        "pct_estrato_4": null,
        "pct_estrato_5": null,
        "pct_estrato_6": null,
        "s0_localidad": 0.1806550335776531,
        "dist_transmilenio_m": 18892.363406420613,
        "dist_sitp_m": 4700.909862669283,
        "dist_parque_m": 9988.925285273566,
        "homicidios": 171.0,
        "lesiones_personales": 2562.0,
        "hurto_personas": 8404.0,
        "hurto_residencias": 1452.0,
        "hurto_automotores": 311.0,
        "hurto_bicicletas": 146.0,
        "hurto_comercio": 2308.0,
        "hurto_entidades": 623.0,
        "violencia_intrafam": 3963.0,
        "delitos_sexuales": 923.0,
        "pct_no_oficial": 33.03,
        "n_sedes_total": 109,
        "n_sedes_no_oficial": 36
      }
    },
    {
      "type": "Feature",
      "geometry": {
        "type": "Point",
        "coordinates": [
          -74.14839999967693,
          4.385960000149538
        ]
      },
      "properties": {
        "DANE12_EST": "211850000736",
        "id_establecimiento": "211850000736",
        "nombre_establecimiento": "COLEGIO RURAL LA ARGENTINA (CED)",
        "nombre_localidad": "Usme",
        "codigo_upz": "UPR 3",
        "nombre_upz": "RIO TUNJUELO",
        "estrato": "Sin estrato",
        "zona": "RURAL",
        "caracter_media": "Sin información",
        "lon": -74.14839999967693,
        "lat": 4.385960000149538,
        "codigo_localidad": "05",
        "q_j": null,
        "puntaje_2023": null,
        "punt_global_2020": null,
        "punt_global_2022": null,
        "matricula_total": 45.0,
        "demanda_total": 46.0,
        "sobre_demanda_j": 1.0222222222222221,
        "n_hogares_muestra": null,
        "poblacion_expandida": null,
        "tasa_pobreza_monetaria": null,
        "tasa_pobreza_extrema": null,
        "tasa_ipm": null,
        "ingreso_percapita_promedio": null,
        "capacidad_pago_promedio": null,
        "tamano_hogar_promedio": null,
        "gasto_educ_promedio": null,
        "tasa_deficit_cuantitativo": null,
        "tasa_deficit_cualitativo": null,
        "tasa_deficit_habitacional": null,
        "pct_estrato_1": null,
        "pct_estrato_2": null,
        "pct_estrato_3": null,
        "pct_estrato_4": null,
        "pct_estrato_5": null,
        "pct_estrato_6": null,
        "s0_localidad": 0.1806550335776531,
        "dist_transmilenio_m": 16523.14507496335,
        "dist_sitp_m": 2118.6278764059916,
        "dist_parque_m": 7332.829603152158,
        "homicidios": 171.0,
        "lesiones_personales": 2562.0,
        "hurto_personas": 8404.0,
        "hurto_residencias": 1452.0,
        "hurto_automotores": 311.0,
        "hurto_bicicletas": 146.0,
        "hurto_comercio": 2308.0,
        "hurto_entidades": 623.0,
        "violencia_intrafam": 3963.0,
        "delitos_sexuales": 923.0,
        "pct_no_oficial": 33.03,
        "n_sedes_total": 109,
        "n_sedes_no_oficial": 36
      }
    },
    {
      "type": "Feature",
      "geometry": {
        "type": "Point",
        "coordinates": [
          -74.10780999995808,
          4.498639999871822
        ]
      },
      "properties": {
        "DANE12_EST": "211850000787",
        "id_establecimiento": "211850000787",
        "nombre_establecimiento": "COLEGIO TENERIFE - GRANADA SUR (IED)",
        "nombre_localidad": "Usme",
        "codigo_upz": "58",
        "nombre_upz": "COMUNEROS",
        "estrato": "Estrato 2",
        "zona": "URBANA",
        "caracter_media": "Académico",
        "lon": -74.10780999995808,
        "lat": 4.498639999871822,
        "codigo_localidad": "05",
        "q_j": 264.87333333333333,
        "puntaje_2023": 268.46,
        "punt_global_2020": 256.44,
        "punt_global_2022": 269.72,
        "matricula_total": 1100.0,
        "demanda_total": 1192.0,
        "sobre_demanda_j": 1.0836363636363637,
        "n_hogares_muestra": 2461.0,
        "poblacion_expandida": 98789.9999997,
        "tasa_pobreza_monetaria": 0.5463223495319759,
        "tasa_pobreza_extrema": 0.1430068890428474,
        "tasa_ipm": 0.0808793279686634,
        "ingreso_percapita_promedio": 538295.1485405599,
        "capacidad_pago_promedio": 0.6418885111488265,
        "tamano_hogar_promedio": 3.78760632903772,
        "gasto_educ_promedio": 85874.88811383818,
        "tasa_deficit_cuantitativo": 0.0237107379320489,
        "tasa_deficit_cualitativo": 0.1587196053178218,
        "tasa_deficit_habitacional": 0.1824303432498707,
        "pct_estrato_1": 0.4316831555524801,
        "pct_estrato_2": 0.5647227497800326,
        "pct_estrato_3": 0.0035940946674873,
        "pct_estrato_4": 0.0,
        "pct_estrato_5": 0.0,
        "pct_estrato_6": 0.0,
        "s0_localidad": 0.1806550335776531,
        "dist_transmilenio_m": 3895.341392762972,
        "dist_sitp_m": 33.76994790639714,
        "dist_parque_m": 126.18325861257779,
        "homicidios": 171.0,
        "lesiones_personales": 2562.0,
        "hurto_personas": 8404.0,
        "hurto_residencias": 1452.0,
        "hurto_automotores": 311.0,
        "hurto_bicicletas": 146.0,
        "hurto_comercio": 2308.0,
        "hurto_entidades": 623.0,
        "violencia_intrafam": 3963.0,
        "delitos_sexuales": 923.0,
        "pct_no_oficial": 33.03,
        "n_sedes_total": 109,
        "n_sedes_no_oficial": 36
      }
    },
    {
      "type": "Feature",
      "geometry": {
        "type": "Point",
        "coordinates": [
          -74.20324999994631,
          4.339460000030038
        ]
      },
      "properties": {
        "DANE12_EST": "211850000841",
        "id_establecimiento": "211850000841",
        "nombre_establecimiento": "COLEGIO RURAL CHIZACA (CED)",
        "nombre_localidad": "Usme",
        "codigo_upz": "UPR 3",
        "nombre_upz": "RIO TUNJUELO",
        "estrato": "Sin estrato",
        "zona": "RURAL",
        "caracter_media": "Sin información",
        "lon": -74.20324999994631,
        "lat": 4.339460000030038,
        "codigo_localidad": "05",
        "q_j": null,
        "puntaje_2023": null,
        "punt_global_2020": null,
        "punt_global_2022": null,
        "matricula_total": 6.0,
        "demanda_total": 6.0,
        "sobre_demanda_j": 1.0,
        "n_hogares_muestra": null,
        "poblacion_expandida": null,
        "tasa_pobreza_monetaria": null,
        "tasa_pobreza_extrema": null,
        "tasa_ipm": null,
        "ingreso_percapita_promedio": null,
        "capacidad_pago_promedio": null,
        "tamano_hogar_promedio": null,
        "gasto_educ_promedio": null,
        "tasa_deficit_cuantitativo": null,
        "tasa_deficit_cualitativo": null,
        "tasa_deficit_habitacional": null,
        "pct_estrato_1": null,
        "pct_estrato_2": null,
        "pct_estrato_3": null,
        "pct_estrato_4": null,
        "pct_estrato_5": null,
        "pct_estrato_6": null,
        "s0_localidad": 0.1806550335776531,
        "dist_transmilenio_m": 23311.7425260474,
        "dist_sitp_m": 9613.117829510482,
        "dist_parque_m": 13390.929037869559,
        "homicidios": 171.0,
        "lesiones_personales": 2562.0,
        "hurto_personas": 8404.0,
        "hurto_residencias": 1452.0,
        "hurto_automotores": 311.0,
        "hurto_bicicletas": 146.0,
        "hurto_comercio": 2308.0,
        "hurto_entidades": 623.0,
        "violencia_intrafam": 3963.0,
        "delitos_sexuales": 923.0,
        "pct_no_oficial": 33.03,
        "n_sedes_total": 109,
        "n_sedes_no_oficial": 36
      }
    },
    {
      "type": "Feature",
      "geometry": {
        "type": "Point",
        "coordinates": [
          -74.13663999978228,
          4.349440000004609
        ]
      },
      "properties": {
        "DANE12_EST": "211850000868",
        "id_establecimiento": "211850000868",
        "nombre_establecimiento": "COLEGIO RURAL EL CURUBITAL (CED)",
        "nombre_localidad": "Usme",
        "codigo_upz": "UPR 3",
        "nombre_upz": "RIO TUNJUELO",
        "estrato": "Sin estrato",
        "zona": "RURAL",
        "caracter_media": "Sin información",
        "lon": -74.13663999978228,
        "lat": 4.349440000004609,
        "codigo_localidad": "05",
        "q_j": null,
        "puntaje_2023": null,
        "punt_global_2020": null,
        "punt_global_2022": null,
        "matricula_total": 24.0,
        "demanda_total": 27.0,
        "sobre_demanda_j": 1.125,
        "n_hogares_muestra": null,
        "poblacion_expandida": null,
        "tasa_pobreza_monetaria": null,
        "tasa_pobreza_extrema": null,
        "tasa_ipm": null,
        "ingreso_percapita_promedio": null,
        "capacidad_pago_promedio": null,
        "tamano_hogar_promedio": null,
        "gasto_educ_promedio": null,
        "tasa_deficit_cuantitativo": null,
        "tasa_deficit_cualitativo": null,
        "tasa_deficit_habitacional": null,
        "pct_estrato_1": null,
        "pct_estrato_2": null,
        "pct_estrato_3": null,
        "pct_estrato_4": null,
        "pct_estrato_5": null,
        "pct_estrato_6": null,
        "s0_localidad": 0.1806550335776531,
        "dist_transmilenio_m": 20358.017224895273,
        "dist_sitp_m": 6268.860285373523,
        "dist_parque_m": 11562.266367160786,
        "homicidios": 171.0,
        "lesiones_personales": 2562.0,
        "hurto_personas": 8404.0,
        "hurto_residencias": 1452.0,
        "hurto_automotores": 311.0,
        "hurto_bicicletas": 146.0,
        "hurto_comercio": 2308.0,
        "hurto_entidades": 623.0,
        "violencia_intrafam": 3963.0,
        "delitos_sexuales": 923.0,
        "pct_no_oficial": 33.03,
        "n_sedes_total": 109,
        "n_sedes_no_oficial": 36
      }
    },
    {
      "type": "Feature",
      "geometry": {
        "type": "Point",
        "coordinates": [
          -74.13840999979392,
          4.4081100003146725
        ]
      },
      "properties": {
        "DANE12_EST": "211850000876",
        "id_establecimiento": "211850000876",
        "nombre_establecimiento": "COLEGIO EL DESTINO (IED)",
        "nombre_localidad": "Usme",
        "codigo_upz": "UPR 3",
        "nombre_upz": "RIO TUNJUELO",
        "estrato": "Sin estrato",
        "zona": "RURAL",
        "caracter_media": "Técnico",
        "lon": -74.13840999979392,
        "lat": 4.4081100003146725,
        "codigo_localidad": "05",
        "q_j": 246.48333333333335,
        "puntaje_2023": 250.0,
        "punt_global_2020": 235.25,
        "punt_global_2022": 254.2,
        "matricula_total": 485.0,
        "demanda_total": 520.0,
        "sobre_demanda_j": 1.0721649484536082,
        "n_hogares_muestra": null,
        "poblacion_expandida": null,
        "tasa_pobreza_monetaria": null,
        "tasa_pobreza_extrema": null,
        "tasa_ipm": null,
        "ingreso_percapita_promedio": null,
        "capacidad_pago_promedio": null,
        "tamano_hogar_promedio": null,
        "gasto_educ_promedio": null,
        "tasa_deficit_cuantitativo": null,
        "tasa_deficit_cualitativo": null,
        "tasa_deficit_habitacional": null,
        "pct_estrato_1": null,
        "pct_estrato_2": null,
        "pct_estrato_3": null,
        "pct_estrato_4": null,
        "pct_estrato_5": null,
        "pct_estrato_6": null,
        "s0_localidad": 0.1806550335776531,
        "dist_transmilenio_m": 13904.977180006832,
        "dist_sitp_m": 977.0625945913113,
        "dist_parque_m": 5266.481073687286,
        "homicidios": 171.0,
        "lesiones_personales": 2562.0,
        "hurto_personas": 8404.0,
        "hurto_residencias": 1452.0,
        "hurto_automotores": 311.0,
        "hurto_bicicletas": 146.0,
        "hurto_comercio": 2308.0,
        "hurto_entidades": 623.0,
        "violencia_intrafam": 3963.0,
        "delitos_sexuales": 923.0,
        "pct_no_oficial": 33.03,
        "n_sedes_total": 109,
        "n_sedes_no_oficial": 36
      }
    },
    {
      "type": "Feature",
      "geometry": {
        "type": "Point",
        "coordinates": [
          -74.16397999997731,
          4.386440000052801
        ]
      },
      "properties": {
        "DANE12_EST": "211850000884",
        "id_establecimiento": "211850000884",
        "nombre_establecimiento": "COLEGIO RURAL EL HATO (CED)",
        "nombre_localidad": "Usme",
        "codigo_upz": "UPR 3",
        "nombre_upz": "RIO TUNJUELO",
        "estrato": "Sin estrato",
        "zona": "RURAL",
        "caracter_media": "Sin información",
        "lon": -74.16397999997731,
        "lat": 4.386440000052801,
        "codigo_localidad": "05",
        "q_j": null,
        "puntaje_2023": null,
        "punt_global_2020": null,
        "punt_global_2022": null,
        "matricula_total": 36.0,
        "demanda_total": 35.0,
        "sobre_demanda_j": 0.9722222222222222,
        "n_hogares_muestra": null,
        "poblacion_expandida": null,
        "tasa_pobreza_monetaria": null,
        "tasa_pobreza_extrema": null,
        "tasa_ipm": null,
        "ingreso_percapita_promedio": null,
        "capacidad_pago_promedio": null,
        "tamano_hogar_promedio": null,
        "gasto_educ_promedio": null,
        "tasa_deficit_cuantitativo": null,
        "tasa_deficit_cualitativo": null,
        "tasa_deficit_habitacional": null,
        "pct_estrato_1": null,
        "pct_estrato_2": null,
        "pct_estrato_3": null,
        "pct_estrato_4": null,
        "pct_estrato_5": null,
        "pct_estrato_6": null,
        "s0_localidad": 0.1806550335776531,
        "dist_transmilenio_m": 16893.164805455446,
        "dist_sitp_m": 2815.909718295118,
        "dist_parque_m": 7227.913828480015,
        "homicidios": 171.0,
        "lesiones_personales": 2562.0,
        "hurto_personas": 8404.0,
        "hurto_residencias": 1452.0,
        "hurto_automotores": 311.0,
        "hurto_bicicletas": 146.0,
        "hurto_comercio": 2308.0,
        "hurto_entidades": 623.0,
        "violencia_intrafam": 3963.0,
        "delitos_sexuales": 923.0,
        "pct_no_oficial": 33.03,
        "n_sedes_total": 109,
        "n_sedes_no_oficial": 36
      }
    },
    {
      "type": "Feature",
      "geometry": {
        "type": "Point",
        "coordinates": [
          -74.11988000037242,
          4.494940000016838
        ]
      },
      "properties": {
        "DANE12_EST": "211850000931",
        "id_establecimiento": "211850000931",
        "nombre_establecimiento": "COLEGIO BRAZUELOS (IED)",
        "nombre_localidad": "Usme",
        "codigo_upz": "58",
        "nombre_upz": "COMUNEROS",
        "estrato": "Estrato 1",
        "zona": "URBANA",
        "caracter_media": "Sin información",
        "lon": -74.11988000037242,
        "lat": 4.494940000016838,
        "codigo_localidad": "05",
        "q_j": null,
        "puntaje_2023": null,
        "punt_global_2020": null,
        "punt_global_2022": null,
        "matricula_total": 746.0,
        "demanda_total": 795.0,
        "sobre_demanda_j": 1.0656836461126005,
        "n_hogares_muestra": 2461.0,
        "poblacion_expandida": 98789.9999997,
        "tasa_pobreza_monetaria": 0.5463223495319759,
        "tasa_pobreza_extrema": 0.1430068890428474,
        "tasa_ipm": 0.0808793279686634,
        "ingreso_percapita_promedio": 538295.1485405599,
        "capacidad_pago_promedio": 0.6418885111488265,
        "tamano_hogar_promedio": 3.78760632903772,
        "gasto_educ_promedio": 85874.88811383818,
        "tasa_deficit_cuantitativo": 0.0237107379320489,
        "tasa_deficit_cualitativo": 0.1587196053178218,
        "tasa_deficit_habitacional": 0.1824303432498707,
        "pct_estrato_1": 0.4316831555524801,
        "pct_estrato_2": 0.5647227497800326,
        "pct_estrato_3": 0.0035940946674873,
        "pct_estrato_4": 0.0,
        "pct_estrato_5": 0.0,
        "pct_estrato_6": 0.0,
        "s0_localidad": 0.1806550335776531,
        "dist_transmilenio_m": 4089.5064357076694,
        "dist_sitp_m": 137.89634590253172,
        "dist_parque_m": 144.15751342478598,
        "homicidios": 171.0,
        "lesiones_personales": 2562.0,
        "hurto_personas": 8404.0,
        "hurto_residencias": 1452.0,
        "hurto_automotores": 311.0,
        "hurto_bicicletas": 146.0,
        "hurto_comercio": 2308.0,
        "hurto_entidades": 623.0,
        "violencia_intrafam": 3963.0,
        "delitos_sexuales": 923.0,
        "pct_no_oficial": 33.03,
        "n_sedes_total": 109,
        "n_sedes_no_oficial": 36
      }
    },
    {
      "type": "Feature",
      "geometry": {
        "type": "Point",
        "coordinates": [
          -74.10524999992602,
          4.477590000275249
        ]
      },
      "properties": {
        "DANE12_EST": "211850000981",
        "id_establecimiento": "211850000981",
        "nombre_establecimiento": "COLEGIO EL UVAL (IED)",
        "nombre_localidad": "Usme",
        "codigo_upz": "61",
        "nombre_upz": "CIUDAD USME",
        "estrato": "Sin estrato",
        "zona": "RURAL",
        "caracter_media": "Académico",
        "lon": -74.10524999992602,
        "lat": 4.477590000275249,
        "codigo_localidad": "05",
        "q_j": 237.95000000000002,
        "puntaje_2023": 235.38,
        "punt_global_2020": 232.61,
        "punt_global_2022": 245.86,
        "matricula_total": 721.0,
        "demanda_total": 757.0,
        "sobre_demanda_j": 1.0499306518723994,
        "n_hogares_muestra": null,
        "poblacion_expandida": null,
        "tasa_pobreza_monetaria": null,
        "tasa_pobreza_extrema": null,
        "tasa_ipm": null,
        "ingreso_percapita_promedio": null,
        "capacidad_pago_promedio": null,
        "tamano_hogar_promedio": null,
        "gasto_educ_promedio": null,
        "tasa_deficit_cuantitativo": null,
        "tasa_deficit_cualitativo": null,
        "tasa_deficit_habitacional": null,
        "pct_estrato_1": null,
        "pct_estrato_2": null,
        "pct_estrato_3": null,
        "pct_estrato_4": null,
        "pct_estrato_5": null,
        "pct_estrato_6": null,
        "s0_localidad": 0.1806550335776531,
        "dist_transmilenio_m": 6219.171769892013,
        "dist_sitp_m": 912.5576321336833,
        "dist_parque_m": 684.8889818929088,
        "homicidios": 171.0,
        "lesiones_personales": 2562.0,
        "hurto_personas": 8404.0,
        "hurto_residencias": 1452.0,
        "hurto_automotores": 311.0,
        "hurto_bicicletas": 146.0,
        "hurto_comercio": 2308.0,
        "hurto_entidades": 623.0,
        "violencia_intrafam": 3963.0,
        "delitos_sexuales": 923.0,
        "pct_no_oficial": 33.03,
        "n_sedes_total": 109,
        "n_sedes_no_oficial": 36
      }
    },
    {
      "type": "Feature",
      "geometry": {
        "type": "Point",
        "coordinates": [
          -74.18783000037779,
          4.370579999862143
        ]
      },
      "properties": {
        "DANE12_EST": "211850001007",
        "id_establecimiento": "211850001007",
        "nombre_establecimiento": "COLEGIO RURAL LA MAYORIA (CED)",
        "nombre_localidad": "Usme",
        "codigo_upz": "UPR 3",
        "nombre_upz": "RIO TUNJUELO",
        "estrato": "Sin estrato",
        "zona": "RURAL",
        "caracter_media": "Sin información",
        "lon": -74.18783000037779,
        "lat": 4.370579999862143,
        "codigo_localidad": "05",
        "q_j": null,
        "puntaje_2023": null,
        "punt_global_2020": null,
        "punt_global_2022": null,
        "matricula_total": 39.0,
        "demanda_total": 38.0,
        "sobre_demanda_j": 0.9743589743589743,
        "n_hogares_muestra": null,
        "poblacion_expandida": null,
        "tasa_pobreza_monetaria": null,
        "tasa_pobreza_extrema": null,
        "tasa_ipm": null,
        "ingreso_percapita_promedio": null,
        "capacidad_pago_promedio": null,
        "tamano_hogar_promedio": null,
        "gasto_educ_promedio": null,
        "tasa_deficit_cuantitativo": null,
        "tasa_deficit_cualitativo": null,
        "tasa_deficit_habitacional": null,
        "pct_estrato_1": null,
        "pct_estrato_2": null,
        "pct_estrato_3": null,
        "pct_estrato_4": null,
        "pct_estrato_5": null,
        "pct_estrato_6": null,
        "s0_localidad": 0.1806550335776531,
        "dist_transmilenio_m": 19457.5354152742,
        "dist_sitp_m": 5954.717698059449,
        "dist_parque_m": 9547.027305079466,
        "homicidios": 171.0,
        "lesiones_personales": 2562.0,
        "hurto_personas": 8404.0,
        "hurto_residencias": 1452.0,
        "hurto_automotores": 311.0,
        "hurto_bicicletas": 146.0,
        "hurto_comercio": 2308.0,
        "hurto_entidades": 623.0,
        "violencia_intrafam": 3963.0,
        "delitos_sexuales": 923.0,
        "pct_no_oficial": 33.03,
        "n_sedes_total": 109,
        "n_sedes_no_oficial": 36
      }
    },
    {
      "type": "Feature",
      "geometry": {
        "type": "Point",
        "coordinates": [
          -74.17622000027097,
          4.392250000178181
        ]
      },
      "properties": {
        "DANE12_EST": "211850001074",
        "id_establecimiento": "211850001074",
        "nombre_establecimiento": "COLEGIO RURAL LAS MERCEDES (CED)",
        "nombre_localidad": "Ciudad Bolivar",
        "codigo_upz": "UPR 3",
        "nombre_upz": "RIO TUNJUELO",
        "estrato": "Sin estrato",
        "zona": "RURAL",
        "caracter_media": "Sin información",
        "lon": -74.17622000027097,
        "lat": 4.392250000178181,
        "codigo_localidad": "19",
        "q_j": null,
        "puntaje_2023": null,
        "punt_global_2020": null,
        "punt_global_2022": null,
        "matricula_total": 22.0,
        "demanda_total": 24.0,
        "sobre_demanda_j": 1.0909090909090908,
        "n_hogares_muestra": null,
        "poblacion_expandida": null,
        "tasa_pobreza_monetaria": null,
        "tasa_pobreza_extrema": null,
        "tasa_ipm": null,
        "ingreso_percapita_promedio": null,
        "capacidad_pago_promedio": null,
        "tamano_hogar_promedio": null,
        "gasto_educ_promedio": null,
        "tasa_deficit_cuantitativo": null,
        "tasa_deficit_cualitativo": null,
        "tasa_deficit_habitacional": null,
        "pct_estrato_1": null,
        "pct_estrato_2": null,
        "pct_estrato_3": null,
        "pct_estrato_4": null,
        "pct_estrato_5": null,
        "pct_estrato_6": null,
        "s0_localidad": 0.24641727799438962,
        "dist_transmilenio_m": 16738.570184996646,
        "dist_sitp_m": 3571.1771061172844,
        "dist_parque_m": 6851.9562671587055,
        "homicidios": 450.0,
        "lesiones_personales": 4378.0,
        "hurto_personas": 16269.0,
        "hurto_residencias": 1893.0,
        "hurto_automotores": 870.0,
        "hurto_bicicletas": 472.0,
        "hurto_comercio": 4561.0,
        "hurto_entidades": 1620.0,
        "violencia_intrafam": 8567.0,
        "delitos_sexuales": 1433.0,
        "pct_no_oficial": 44.59,
        "n_sedes_total": 148,
        "n_sedes_no_oficial": 66
      }
    },
    {
      "type": "Feature",
      "geometry": {
        "type": "Point",
        "coordinates": [
          -74.15674000009719,
          4.4446699999521915
        ]
      },
      "properties": {
        "DANE12_EST": "211850001121",
        "id_establecimiento": "211850001121",
        "nombre_establecimiento": "COLEGIO RURAL PASQUILLA (IED)",
        "nombre_localidad": "Ciudad Bolivar",
        "codigo_upz": "UPR 3",
        "nombre_upz": "RIO TUNJUELO",
        "estrato": "Sin estrato",
        "zona": "RURAL",
        "caracter_media": "Técnico",
        "lon": -74.15674000009719,
        "lat": 4.4446699999521915,
        "codigo_localidad": "19",
        "q_j": 249.72333333333336,
        "puntaje_2023": 253.85,
        "punt_global_2020": 247.74,
        "punt_global_2022": 247.58,
        "matricula_total": 1013.0,
        "demanda_total": 1042.0,
        "sobre_demanda_j": 1.0286278381046396,
        "n_hogares_muestra": null,
        "poblacion_expandida": null,
        "tasa_pobreza_monetaria": null,
        "tasa_pobreza_extrema": null,
        "tasa_ipm": null,
        "ingreso_percapita_promedio": null,
        "capacidad_pago_promedio": null,
        "tamano_hogar_promedio": null,
        "gasto_educ_promedio": null,
        "tasa_deficit_cuantitativo": null,
        "tasa_deficit_cualitativo": null,
        "tasa_deficit_habitacional": null,
        "pct_estrato_1": null,
        "pct_estrato_2": null,
        "pct_estrato_3": null,
        "pct_estrato_4": null,
        "pct_estrato_5": null,
        "pct_estrato_6": null,
        "s0_localidad": 0.24641727799438962,
        "dist_transmilenio_m": 10527.26812833148,
        "dist_sitp_m": 4102.149287833368,
        "dist_parque_m": 741.2484110724095,
        "homicidios": 450.0,
        "lesiones_personales": 4378.0,
        "hurto_personas": 16269.0,
        "hurto_residencias": 1893.0,
        "hurto_automotores": 870.0,
        "hurto_bicicletas": 472.0,
        "hurto_comercio": 4561.0,
        "hurto_entidades": 1620.0,
        "violencia_intrafam": 8567.0,
        "delitos_sexuales": 1433.0,
        "pct_no_oficial": 44.59,
        "n_sedes_total": 148,
        "n_sedes_no_oficial": 66
      }
    },
    {
      "type": "Feature",
      "geometry": {
        "type": "Point",
        "coordinates": [
          -74.164759999952,
          4.513810000571378
        ]
      },
      "properties": {
        "DANE12_EST": "211850001171",
        "id_establecimiento": "211850001171",
        "nombre_establecimiento": "COLEGIO RURAL QUIBA ALTA (IED)",
        "nombre_localidad": "Ciudad Bolivar",
        "codigo_upz": "UPR 3",
        "nombre_upz": "RIO TUNJUELO",
        "estrato": "Sin estrato",
        "zona": "RURAL",
        "caracter_media": "Académico",
        "lon": -74.164759999952,
        "lat": 4.513810000571378,
        "codigo_localidad": "19",
        "q_j": 240.67,
        "puntaje_2023": 233.08,
        "punt_global_2020": 242.09,
        "punt_global_2022": 246.84,
        "matricula_total": 1355.0,
        "demanda_total": 1460.0,
        "sobre_demanda_j": 1.0774907749077491,
        "n_hogares_muestra": null,
        "poblacion_expandida": null,
        "tasa_pobreza_monetaria": null,
        "tasa_pobreza_extrema": null,
        "tasa_ipm": null,
        "ingreso_percapita_promedio": null,
        "capacidad_pago_promedio": null,
        "tamano_hogar_promedio": null,
        "gasto_educ_promedio": null,
        "tasa_deficit_cuantitativo": null,
        "tasa_deficit_cualitativo": null,
        "tasa_deficit_habitacional": null,
        "pct_estrato_1": null,
        "pct_estrato_2": null,
        "pct_estrato_3": null,
        "pct_estrato_4": null,
        "pct_estrato_5": null,
        "pct_estrato_6": null,
        "s0_localidad": 0.24641727799438962,
        "dist_transmilenio_m": 5408.832584236996,
        "dist_sitp_m": 1958.2902073519165,
        "dist_parque_m": 1880.0261135035437,
        "homicidios": 450.0,
        "lesiones_personales": 4378.0,
        "hurto_personas": 16269.0,
        "hurto_residencias": 1893.0,
        "hurto_automotores": 870.0,
        "hurto_bicicletas": 472.0,
        "hurto_comercio": 4561.0,
        "hurto_entidades": 1620.0,
        "violencia_intrafam": 8567.0,
        "delitos_sexuales": 1433.0,
        "pct_no_oficial": 44.59,
        "n_sedes_total": 148,
        "n_sedes_no_oficial": 66
      }
    },
    {
      "type": "Feature",
      "geometry": {
        "type": "Point",
        "coordinates": [
          -74.14821999975186,
          4.488760000257071
        ]
      },
      "properties": {
        "DANE12_EST": "211850001180",
        "id_establecimiento": "211850001180",
        "nombre_establecimiento": "COLEGIO MOCHUELO ALTO (CED)",
        "nombre_localidad": "Ciudad Bolivar",
        "codigo_upz": "UPR 3",
        "nombre_upz": "RIO TUNJUELO",
        "estrato": "Sin estrato",
        "zona": "RURAL",
        "caracter_media": "Sin información",
        "lon": -74.14821999975186,
        "lat": 4.488760000257071,
        "codigo_localidad": "19",
        "q_j": null,
        "puntaje_2023": null,
        "punt_global_2020": null,
        "punt_global_2022": null,
        "matricula_total": 332.0,
        "demanda_total": 349.0,
        "sobre_demanda_j": 1.0512048192771084,
        "n_hogares_muestra": null,
        "poblacion_expandida": null,
        "tasa_pobreza_monetaria": null,
        "tasa_pobreza_extrema": null,
        "tasa_ipm": null,
        "ingreso_percapita_promedio": null,
        "capacidad_pago_promedio": null,
        "tamano_hogar_promedio": null,
        "gasto_educ_promedio": null,
        "tasa_deficit_cuantitativo": null,
        "tasa_deficit_cualitativo": null,
        "tasa_deficit_habitacional": null,
        "pct_estrato_1": null,
        "pct_estrato_2": null,
        "pct_estrato_3": null,
        "pct_estrato_4": null,
        "pct_estrato_5": null,
        "pct_estrato_6": null,
        "s0_localidad": 0.24641727799438962,
        "dist_transmilenio_m": 5746.818595204366,
        "dist_sitp_m": 2027.3948715274735,
        "dist_parque_m": 1977.4689308597644,
        "homicidios": 450.0,
        "lesiones_personales": 4378.0,
        "hurto_personas": 16269.0,
        "hurto_residencias": 1893.0,
        "hurto_automotores": 870.0,
        "hurto_bicicletas": 472.0,
        "hurto_comercio": 4561.0,
        "hurto_entidades": 1620.0,
        "violencia_intrafam": 8567.0,
        "delitos_sexuales": 1433.0,
        "pct_no_oficial": 44.59,
        "n_sedes_total": 148,
        "n_sedes_no_oficial": 66
      }
    },
    {
      "type": "Feature",
      "geometry": {
        "type": "Point",
        "coordinates": [
          -74.15199999997466,
          4.51100000045402
        ]
      },
      "properties": {
        "DANE12_EST": "211850001317",
        "id_establecimiento": "211850001317",
        "nombre_establecimiento": "COLEGIO RURAL JOSE CELESTINO MUTIS (IED)",
        "nombre_localidad": "Ciudad Bolivar",
        "codigo_upz": "UPR 3",
        "nombre_upz": "RIO TUNJUELO",
        "estrato": "Estrato 2",
        "zona": "RURAL",
        "caracter_media": "Académico",
        "lon": -74.15199999997466,
        "lat": 4.51100000045402,
        "codigo_localidad": "19",
        "q_j": 248.22333333333333,
        "puntaje_2023": 242.69,
        "punt_global_2020": 249.46,
        "punt_global_2022": 252.52,
        "matricula_total": 1615.0,
        "demanda_total": 1711.0,
        "sobre_demanda_j": 1.0594427244582043,
        "n_hogares_muestra": null,
        "poblacion_expandida": null,
        "tasa_pobreza_monetaria": null,
        "tasa_pobreza_extrema": null,
        "tasa_ipm": null,
        "ingreso_percapita_promedio": null,
        "capacidad_pago_promedio": null,
        "tamano_hogar_promedio": null,
        "gasto_educ_promedio": null,
        "tasa_deficit_cuantitativo": null,
        "tasa_deficit_cualitativo": null,
        "tasa_deficit_habitacional": null,
        "pct_estrato_1": null,
        "pct_estrato_2": null,
        "pct_estrato_3": null,
        "pct_estrato_4": null,
        "pct_estrato_5": null,
        "pct_estrato_6": null,
        "s0_localidad": 0.24641727799438962,
        "dist_transmilenio_m": 4286.176440747212,
        "dist_sitp_m": 566.9510611770888,
        "dist_parque_m": 445.8037781433438,
        "homicidios": 450.0,
        "lesiones_personales": 4378.0,
        "hurto_personas": 16269.0,
        "hurto_residencias": 1893.0,
        "hurto_automotores": 870.0,
        "hurto_bicicletas": 472.0,
        "hurto_comercio": 4561.0,
        "hurto_entidades": 1620.0,
        "violencia_intrafam": 8567.0,
        "delitos_sexuales": 1433.0,
        "pct_no_oficial": 44.59,
        "n_sedes_total": 148,
        "n_sedes_no_oficial": 66
      }
    },
    {
      "type": "Feature",
      "geometry": {
        "type": "Point",
        "coordinates": [
          -74.10929999958724,
          4.533150000126392
        ]
      },
      "properties": {
        "DANE12_EST": "211850001481",
        "id_establecimiento": "211850001481",
        "nombre_establecimiento": "COLEGIO FABIO LOZANO SIMONELLI (IED)",
        "nombre_localidad": "Usme",
        "codigo_upz": "56",
        "nombre_upz": "DANUBIO",
        "estrato": "Estrato 2",
        "zona": "URBANA",
        "caracter_media": "Académico",
        "lon": -74.10929999958724,
        "lat": 4.533150000126392,
        "codigo_localidad": "05",
        "q_j": 253.9,
        "puntaje_2023": 256.25,
        "punt_global_2020": 255.99,
        "punt_global_2022": 249.46,
        "matricula_total": 2729.0,
        "demanda_total": 3043.0,
        "sobre_demanda_j": 1.1150604617075852,
        "n_hogares_muestra": null,
        "poblacion_expandida": null,
        "tasa_pobreza_monetaria": null,
        "tasa_pobreza_extrema": null,
        "tasa_ipm": null,
        "ingreso_percapita_promedio": null,
        "capacidad_pago_promedio": null,
        "tamano_hogar_promedio": null,
        "gasto_educ_promedio": null,
        "tasa_deficit_cuantitativo": null,
        "tasa_deficit_cualitativo": null,
        "tasa_deficit_habitacional": null,
        "pct_estrato_1": null,
        "pct_estrato_2": null,
        "pct_estrato_3": null,
        "pct_estrato_4": null,
        "pct_estrato_5": null,
        "pct_estrato_6": null,
        "s0_localidad": 0.1806550335776531,
        "dist_transmilenio_m": 1129.888407844321,
        "dist_sitp_m": 47.93951627853053,
        "dist_parque_m": 142.6337514561006,
        "homicidios": 171.0,
        "lesiones_personales": 2562.0,
        "hurto_personas": 8404.0,
        "hurto_residencias": 1452.0,
        "hurto_automotores": 311.0,
        "hurto_bicicletas": 146.0,
        "hurto_comercio": 2308.0,
        "hurto_entidades": 623.0,
        "violencia_intrafam": 3963.0,
        "delitos_sexuales": 923.0,
        "pct_no_oficial": 33.03,
        "n_sedes_total": 109,
        "n_sedes_no_oficial": 36
      }
    },
    {
      "type": "Feature",
      "geometry": {
        "type": "Point",
        "coordinates": [
          -74.06809999977304,
          4.587700000415987
        ]
      },
      "properties": {
        "DANE12_EST": "311001026441",
        "id_establecimiento": "311001026441",
        "nombre_establecimiento": "COLEGIO LOS PINOS (IED)",
        "nombre_localidad": "Santa Fe",
        "codigo_upz": "96",
        "nombre_upz": "LOURDES",
        "estrato": "Estrato 2",
        "zona": "URBANA",
        "caracter_media": "Académico",
        "lon": -74.06809999977304,
        "lat": 4.587700000415987,
        "codigo_localidad": "03",
        "q_j": 232.33333333333334,
        "puntaje_2023": 233.46,
        "punt_global_2020": 240.91,
        "punt_global_2022": 222.63,
        "matricula_total": 722.0,
        "demanda_total": 791.0,
        "sobre_demanda_j": 1.0955678670360112,
        "n_hogares_muestra": 2421.0,
        "poblacion_expandida": 45301.9999974,
        "tasa_pobreza_monetaria": 0.6893146738464576,
        "tasa_pobreza_extrema": 0.3337012588443694,
        "tasa_ipm": 0.1526662636240548,
        "ingreso_percapita_promedio": 441254.99481158704,
        "capacidad_pago_promedio": 0.6368468185765706,
        "tamano_hogar_promedio": 4.119486634636676,
        "gasto_educ_promedio": 109937.89935469594,
        "tasa_deficit_cuantitativo": 0.0910515627618368,
        "tasa_deficit_cualitativo": 0.251855324521099,
        "tasa_deficit_habitacional": 0.3429068872829358,
        "pct_estrato_1": 0.0897086251475264,
        "pct_estrato_2": 0.8662240771434414,
        "pct_estrato_3": 0.0030761707343604,
        "pct_estrato_4": 0.0,
        "pct_estrato_5": 0.0,
        "pct_estrato_6": 0.0,
        "s0_localidad": 0.26720847821961147,
        "dist_transmilenio_m": 1588.0072810645759,
        "dist_sitp_m": 44.1757336264846,
        "dist_parque_m": 71.70645436237237,
        "homicidios": 113.0,
        "lesiones_personales": 1683.0,
        "hurto_personas": 25139.0,
        "hurto_residencias": 580.0,
        "hurto_automotores": 128.0,
        "hurto_bicicletas": 443.0,
        "hurto_comercio": 7043.0,
        "hurto_entidades": 180.0,
        "violencia_intrafam": 1602.0,
        "delitos_sexuales": 514.0,
        "pct_no_oficial": 44.83,
        "n_sedes_total": 29,
        "n_sedes_no_oficial": 13
      }
    },
    {
      "type": "Feature",
      "geometry": {
        "type": "Point",
        "coordinates": [
          -74.15460000018969,
          4.541210000293012
        ]
      },
      "properties": {
        "DANE12_EST": "311001075034",
        "id_establecimiento": "311001075034",
        "nombre_establecimiento": "COLEGIO CANADA (IED)",
        "nombre_localidad": "Ciudad Bolivar",
        "codigo_upz": "67",
        "nombre_upz": "LUCERO",
        "estrato": "Estrato 1",
        "zona": "URBANA",
        "caracter_media": "Académico",
        "lon": -74.15460000018969,
        "lat": 4.541210000293012,
        "codigo_localidad": "19",
        "q_j": 233.16333333333333,
        "puntaje_2023": 246.15,
        "punt_global_2020": 223.76,
        "punt_global_2022": 229.58,
        "matricula_total": 768.0,
        "demanda_total": 827.0,
        "sobre_demanda_j": 1.0768229166666667,
        "n_hogares_muestra": 2402.0,
        "poblacion_expandida": 161831.0000128,
        "tasa_pobreza_monetaria": 0.7038631757592213,
        "tasa_pobreza_extrema": 0.2920063706370369,
        "tasa_ipm": 0.1283344089448704,
        "ingreso_percapita_promedio": 390100.4363498642,
        "capacidad_pago_promedio": 0.6999095390854729,
        "tamano_hogar_promedio": 3.793805295915117,
        "gasto_educ_promedio": 94504.09039926344,
        "tasa_deficit_cuantitativo": 0.0495404235910664,
        "tasa_deficit_cualitativo": 0.2674079830741772,
        "tasa_deficit_habitacional": 0.3169484066652437,
        "pct_estrato_1": 0.7291873913191316,
        "pct_estrato_2": 0.2533851853437022,
        "pct_estrato_3": 0.0062719642164957,
        "pct_estrato_4": 0.0,
        "pct_estrato_5": 0.0,
        "pct_estrato_6": 0.0,
        "s0_localidad": 0.24641727799438962,
        "dist_transmilenio_m": 3583.872666403225,
        "dist_sitp_m": 135.33732508062778,
        "dist_parque_m": 72.44686588132794,
        "homicidios": 450.0,
        "lesiones_personales": 4378.0,
        "hurto_personas": 16269.0,
        "hurto_residencias": 1893.0,
        "hurto_automotores": 870.0,
        "hurto_bicicletas": 472.0,
        "hurto_comercio": 4561.0,
        "hurto_entidades": 1620.0,
        "violencia_intrafam": 8567.0,
        "delitos_sexuales": 1433.0,
        "pct_no_oficial": 44.59,
        "n_sedes_total": 148,
        "n_sedes_no_oficial": 66
      }
    },
    {
      "type": "Feature",
      "geometry": {
        "type": "Point",
        "coordinates": [
          -74.08821000013369,
          4.67168000031303
        ]
      },
      "properties": {
        "DANE12_EST": "311001087547",
        "id_establecimiento": "311001087547",
        "nombre_establecimiento": "COLEGIO NAVAL SANTA FE DE BOGOTA",
        "nombre_localidad": "Barrios Unidos",
        "codigo_upz": "22",
        "nombre_upz": "DOCE DE OCTUBRE",
        "estrato": "Estrato 4",
        "zona": "URBANA",
        "caracter_media": "Académico",
        "lon": -74.08821000013369,
        "lat": 4.67168000031303,
        "codigo_localidad": "12",
        "q_j": 305.75333333333333,
        "puntaje_2023": 311.15,
        "punt_global_2020": 305.07,
        "punt_global_2022": 301.04,
        "matricula_total": null,
        "demanda_total": null,
        "sobre_demanda_j": null,
        "n_hogares_muestra": null,
        "poblacion_expandida": null,
        "tasa_pobreza_monetaria": null,
        "tasa_pobreza_extrema": null,
        "tasa_ipm": null,
        "ingreso_percapita_promedio": null,
        "capacidad_pago_promedio": null,
        "tamano_hogar_promedio": null,
        "gasto_educ_promedio": null,
        "tasa_deficit_cuantitativo": null,
        "tasa_deficit_cualitativo": null,
        "tasa_deficit_habitacional": null,
        "pct_estrato_1": null,
        "pct_estrato_2": null,
        "pct_estrato_3": null,
        "pct_estrato_4": null,
        "pct_estrato_5": null,
        "pct_estrato_6": null,
        "s0_localidad": 0.4940130594962374,
        "dist_transmilenio_m": 1623.1193694745405,
        "dist_sitp_m": 90.50796511349776,
        "dist_parque_m": 85.67809679021146,
        "homicidios": 31.0,
        "lesiones_personales": 1214.0,
        "hurto_personas": 18587.0,
        "hurto_residencias": 1176.0,
        "hurto_automotores": 352.0,
        "hurto_bicicletas": 816.0,
        "hurto_comercio": 4973.0,
        "hurto_entidades": 320.0,
        "violencia_intrafam": 1281.0,
        "delitos_sexuales": 275.0,
        "pct_no_oficial": 61.9,
        "n_sedes_total": 63,
        "n_sedes_no_oficial": 39
      }
    },
    {
      "type": "Feature",
      "geometry": {
        "type": "Point",
        "coordinates": [
          -74.09704000010039,
          4.585090000523312
        ]
      },
      "properties": {
        "DANE12_EST": "311001105944",
        "id_establecimiento": "311001105944",
        "nombre_establecimiento": "BACHILLERATO A DISTANCIA PARA JOVENES Y ADULTOS DE LA UNIVERSIDAD NACIONAL ABIERTA Y A DISTANCIA UNAD-REGIONAL BOGOTA",
        "nombre_localidad": "Antonio Nariño",
        "codigo_upz": "38",
        "nombre_upz": "RESTREPO",
        "estrato": "Estrato 3",
        "zona": "URBANA",
        "caracter_media": "Académico",
        "lon": -74.09704000010039,
        "lat": 4.585090000523312,
        "codigo_localidad": "15",
        "q_j": null,
        "puntaje_2023": null,
        "punt_global_2020": null,
        "punt_global_2022": null,
        "matricula_total": null,
        "demanda_total": null,
        "sobre_demanda_j": null,
        "n_hogares_muestra": 2145.0,
        "poblacion_expandida": 56056.9999978,
        "tasa_pobreza_monetaria": 0.2210592286473827,
        "tasa_pobreza_extrema": 0.0629065077998893,
        "tasa_ipm": 0.0415751879674521,
        "ingreso_percapita_promedio": 1145227.1597134708,
        "capacidad_pago_promedio": 0.129318522705184,
        "tamano_hogar_promedio": 3.6959190017612618,
        "gasto_educ_promedio": 389904.6851137919,
        "tasa_deficit_cuantitativo": 0.0057356332413903,
        "tasa_deficit_cualitativo": 0.1219053248188128,
        "tasa_deficit_habitacional": 0.1276409580602031,
        "pct_estrato_1": 0.0,
        "pct_estrato_2": 0.0049999584139536,
        "pct_estrato_3": 0.9935356587684996,
        "pct_estrato_4": 0.0,
        "pct_estrato_5": 0.0,
        "pct_estrato_6": 0.0,
        "s0_localidad": 0.4744712548125819,
        "dist_transmilenio_m": 352.0814382715813,
        "dist_sitp_m": 218.8995637311246,
        "dist_parque_m": 135.45680152813233,
        "homicidios": 25.0,
        "lesiones_personales": 789.0,
        "hurto_personas": 8646.0,
        "hurto_residencias": 610.0,
        "hurto_automotores": 380.0,
        "hurto_bicicletas": 271.0,
        "hurto_comercio": 2516.0,
        "hurto_entidades": 305.0,
        "violencia_intrafam": 849.0,
        "delitos_sexuales": 196.0,
        "pct_no_oficial": 69.05,
        "n_sedes_total": 42,
        "n_sedes_no_oficial": 29
      }
    }
  ]
}