{
"type": "FeatureCollection",
"name": "DemandaCupos04_2024",
"crs": { "type": "name", "properties": { "name": "urn:ogc:def:crs:EPSG::3857" } },
"features": [
{ "type": "Feature", "properties": { "NOMBRE_EST": "COLEGIO AQUILEO PARRA (IED)", "GENERO": 5, "COD_LOCA": "01", "CLASE_TIPO": 1, "FECHA": "2024-04-30", "Preescolar": 182, "Primaria": 1233, "Secundaria": 1246, "Media": 403, "DTotal": 3064, "DANE12_EST": "111001000132" }, "geometry": { "type": "Point", "coordinates": [ -8242002.850099999457598, 531131.023800000548363 ] } },
{ "type": "Feature", "properties": { "NOMBRE_EST": "COLEGIO AGUSTIN FERNANDEZ (IED)", "GENERO": 5, "COD_LOCA": "01", "CLASE_TIPO": 1, "FECHA": "2024-04-30", "Preescolar": 193, "Primaria": 1116, "Secundaria": 797, "Media": 292, "DTotal": 2398, "DANE12_EST": "111001029955" }, "geometry": { "type": "Point", "coordinates": [ -8240325.387800000607967, 527100.816799998283386 ] } },
{ "type": "Feature", "properties": { "NOMBRE_EST": "COLEGIO FRIEDRICH NAUMANN (IED)", "GENERO": 5, "COD_LOCA": "01", "CLASE_TIPO": 1, "FECHA": "2024-04-30", "Preescolar": 296, "Primaria": 590, "Secundaria": 470, "Media": 140, "DTotal": 1496, "DANE12_EST": "111001044806" }, "geometry": { "type": "Point", "coordinates": [ -8240226.312400000169873, 529285.699200000613928 ] } },
{ "type": "Feature", "properties": { "NOMBRE_EST": "COLEGIO TOBERIN (IED)", "GENERO": 5, "COD_LOCA": "01", "CLASE_TIPO": 1, "FECHA": "2024-04-30", "Preescolar": 403, "Primaria": 1074, "Secundaria": 1052, "Media": 429, "DTotal": 2958, "DANE12_EST": "111001046957" }, "geometry": { "type": "Point", "coordinates": [ -8242038.074899999424815, 528862.096700001507998 ] } },
{ "type": "Feature", "properties": { "NOMBRE_EST": "COLEGIO NUEVO HORIZONTE (IED)", "GENERO": 5, "COD_LOCA": "01", "CLASE_TIPO": 1, "FECHA": "2024-04-30", "Preescolar": 392, "Primaria": 1210, "Secundaria": 1125, "Media": 412, "DTotal": 3139, "DANE12_EST": "111001086681" }, "geometry": { "type": "Point", "coordinates": [ -8240516.59569999948144, 531256.945000000298023 ] } },
{ "type": "Feature", "properties": { "NOMBRE_EST": "COLEGIO LA ESTRELLITA (IED)", "GENERO": 5, "COD_LOCA": "01", "CLASE_TIPO": 2, "FECHA": "2024-04-30", "Preescolar": 108, "Primaria": 514, "Secundaria": 571, "Media": 194, "DTotal": 1387, "DANE12_EST": "111001098612" }, "geometry": { "type": "Point", "coordinates": [ -8240320.03999999910593, 530979.791400000452995 ] } },
{ "type": "Feature", "properties": { "NOMBRE_EST": "COLEGIO SALUDCOOP NORTE (IED)", "GENERO": 5, "COD_LOCA": "01", "CLASE_TIPO": 1, "FECHA": "2024-04-30", "Preescolar": 169, "Primaria": 1037, "Secundaria": 835, "Media": 451, "DTotal": 2492, "DANE12_EST": "111001107743" }, "geometry": { "type": "Point", "coordinates": [ -8242141.63539999909699, 530273.586899999529123 ] } },
{ "type": "Feature", "properties": { "NOMBRE_EST": "COLEGIO USAQUEN (IED)", "GENERO": 5, "COD_LOCA": "01", "CLASE_TIPO": 1, "FECHA": "2024-04-30", "Preescolar": 235, "Primaria": 943, "Secundaria": 700, "Media": 306, "DTotal": 2184, "DANE12_EST": "111848002662" }, "geometry": { "type": "Point", "coordinates": [ -8241497.846999999135733, 524594.517200000584126 ] } },
{ "type": "Feature", "properties": { "NOMBRE_EST": "COLEGIO UNION COLOMBIA (IED)", "GENERO": 5, "COD_LOCA": "01", "CLASE_TIPO": 1, "FECHA": "2024-04-30", "Preescolar": 286, "Primaria": 590, "Secundaria": 350, "Media": 171, "DTotal": 1397, "DANE12_EST": "111848002671" }, "geometry": { "type": "Point", "coordinates": [ -8240699.9857, 530418.834100000560284 ] } },
{ "type": "Feature", "properties": { "NOMBRE_EST": "COLEGIO DIVINO MAESTRO (IED)", "GENERO": 5, "COD_LOCA": "01", "CLASE_TIPO": 1, "FECHA": "2024-04-30", "Preescolar": 375, "Primaria": 1221, "Secundaria": 913, "Media": 303, "DTotal": 2812, "DANE12_EST": "111848002689" }, "geometry": { "type": "Point", "coordinates": [ -8240730.0152000002563, 528252.615899998694658 ] } },
{ "type": "Feature", "properties": { "NOMBRE_EST": "COLEGIO CRISTOBAL COLON (IED)", "GENERO": 5, "COD_LOCA": "01", "CLASE_TIPO": 1, "FECHA": "2024-04-30", "Preescolar": 96, "Primaria": 549, "Secundaria": 1028, "Media": 708, "DTotal": 2381, "DANE12_EST": "111848003031" }, "geometry": { "type": "Point", "coordinates": [ -8240518.19649999961257, 528440.666400000452995 ] } },
{ "type": "Feature", "properties": { "NOMBRE_EST": "COLEGIO GENERAL SANTANDER (IED)", "GENERO": 5, "COD_LOCA": "01", "CLASE_TIPO": 1, "FECHA": "2024-04-30", "Preescolar": 230, "Primaria": 467, "Secundaria": 329, "Media": 111, "DTotal": 1137, "DANE12_EST": "111848003910" }, "geometry": { "type": "Point", "coordinates": [ -8240751.702500000596046, 527659.624600000679493 ] } },
{ "type": "Feature", "properties": { "NOMBRE_EST": "COLEGIO SIMON RODRIGUEZ (IED)", "GENERO": 5, "COD_LOCA": "02", "CLASE_TIPO": 1, "FECHA": "2024-04-30", "Preescolar": 116, "Primaria": 463, "Secundaria": 309, "Media": 119, "DTotal": 1007, "DANE12_EST": "111001016314" }, "geometry": { "type": "Point", "coordinates": [ -8244461.073899999260902, 518691.184000000357628 ] } },
{ "type": "Feature", "properties": { "NOMBRE_EST": "COLEGIO CAMPESTRE MONTE VERDE (IED)", "GENERO": 5, "COD_LOCA": "02", "CLASE_TIPO": 1, "FECHA": "2024-04-30", "Preescolar": 214, "Primaria": 758, "Secundaria": 603, "Media": 274, "DTotal": 1849, "DANE12_EST": "111001033901" }, "geometry": { "type": "Point", "coordinates": [ -8240028.705800000578165, 520540.436900001019239 ] } },
{ "type": "Feature", "properties": { "NOMBRE_EST": "COLEGIO SAN MARTIN DE PORRES (IED)", "GENERO": 5, "COD_LOCA": "02", "CLASE_TIPO": 1, "FECHA": "2024-04-30", "Preescolar": 106, "Primaria": 316, "Secundaria": 166, "Media": 46, "DTotal": 634, "DANE12_EST": "111001034665" }, "geometry": { "type": "Point", "coordinates": [ -8244222.038699999451637, 515981.348000001162291 ] } },
{ "type": "Feature", "properties": { "NOMBRE_EST": "COLEGIO POLICARPA SALAVARRIETA (IED)", "GENERO": 5, "COD_LOCA": "03", "CLASE_TIPO": 1, "FECHA": "2024-04-30", "Preescolar": 133, "Primaria": 525, "Secundaria": 385, "Media": 151, "DTotal": 1194, "DANE12_EST": "111001009831" }, "geometry": { "type": "Point", "coordinates": [ -8245194.624800000339746, 514256.116599999368191 ] } },
{ "type": "Feature", "properties": { "NOMBRE_EST": "COLEGIO EXTERNADO NACIONAL CAMILO TORRES (IED)", "GENERO": 5, "COD_LOCA": "03", "CLASE_TIPO": 1, "FECHA": "2024-04-30", "Preescolar": 155, "Primaria": 569, "Secundaria": 379, "Media": 161, "DTotal": 1264, "DANE12_EST": "111001010839" }, "geometry": { "type": "Point", "coordinates": [ -8245141.898299999535084, 514898.667500000447035 ] } },
{ "type": "Feature", "properties": { "NOMBRE_EST": "COLEGIO AULAS COLOMBIANAS SAN LUIS (IED)", "GENERO": 5, "COD_LOCA": "03", "CLASE_TIPO": 1, "FECHA": "2024-04-30", "Preescolar": 141, "Primaria": 867, "Secundaria": 439, "Media": 218, "DTotal": 1665, "DANE12_EST": "111001013242" }, "geometry": { "type": "Point", "coordinates": [ -8245561.730900000780821, 510479.65260000154376 ] } },
{ "type": "Feature", "properties": { "NOMBRE_EST": "COLEGIO JORGE SOTO DEL CORRAL (IED)", "GENERO": 5, "COD_LOCA": "03", "CLASE_TIPO": 1, "FECHA": "2024-04-30", "Preescolar": 307, "Primaria": 531, "Secundaria": 359, "Media": 134, "DTotal": 1331, "DANE12_EST": "111001032409" }, "geometry": { "type": "Point", "coordinates": [ -8245812.498099999502301, 511251.806099999696016 ] } },
{ "type": "Feature", "properties": { "NOMBRE_EST": "COLEGIO ANTONIO JOSE URIBE (IED)", "GENERO": 5, "COD_LOCA": "03", "CLASE_TIPO": 1, "FECHA": "2024-04-30", "Preescolar": 150, "Primaria": 796, "Secundaria": 347, "Media": 157, "DTotal": 1450, "DANE12_EST": "111001036544" }, "geometry": { "type": "Point", "coordinates": [ -8246805.543600000441074, 511749.045699998736382 ] } },
{ "type": "Feature", "properties": { "NOMBRE_EST": "COLEGIO MANUEL ELKIN PATARROYO (IED)", "GENERO": 5, "COD_LOCA": "03", "CLASE_TIPO": 1, "FECHA": "2024-04-30", "Preescolar": 56, "Primaria": 184, "Secundaria": 138, "Media": 57, "DTotal": 435, "DANE12_EST": "111001094901" }, "geometry": { "type": "Point", "coordinates": [ -8244830.530999999493361, 514595.512299999594688 ] } },
{ "type": "Feature", "properties": { "NOMBRE_EST": "COLEGIO LA GIRALDA (IED)", "GENERO": 5, "COD_LOCA": "03", "CLASE_TIPO": 2, "FECHA": "2024-04-30", "Preescolar": 130, "Primaria": 670, "Secundaria": 501, "Media": 202, "DTotal": 1503, "DANE12_EST": "111001100030" }, "geometry": { "type": "Point", "coordinates": [ -8246457.36739999987185, 510730.345300000160933 ] } },
{ "type": "Feature", "properties": { "NOMBRE_EST": "COLEGIO EL VERJON (IED)", "GENERO": 5, "COD_LOCA": "03", "CLASE_TIPO": 1, "FECHA": "2024-04-30", "Preescolar": 15, "Primaria": 86, "Secundaria": 81, "Media": 36, "DTotal": 218, "DANE12_EST": "211001027485" }, "geometry": { "type": "Point", "coordinates": [ -8240313.986500000581145, 510722.129900000989437 ] } },
{ "type": "Feature", "properties": { "NOMBRE_EST": "COLEGIO LOS PINOS (IED)", "GENERO": 5, "COD_LOCA": "03", "CLASE_TIPO": 1, "FECHA": "2024-04-30", "Preescolar": 77, "Primaria": 293, "Secundaria": 311, "Media": 110, "DTotal": 791, "DANE12_EST": "311001026441" }, "geometry": { "type": "Point", "coordinates": [ -8245223.674699999392033, 511247.313400000333786 ] } },
{ "type": "Feature", "properties": { "NOMBRE_EST": "COLEGIO GRAN COLOMBIA (CED)", "GENERO": 5, "COD_LOCA": "04", "CLASE_TIPO": 1, "FECHA": "2024-04-30", "Preescolar": 21, "Primaria": 94, "Secundaria": 0, "Media": 0, "DTotal": 115, "DANE12_EST": "111001011975" }, "geometry": { "type": "Point", "coordinates": [ -8245449.313799999654293, 509056.246899999678135 ] } },
{ "type": "Feature", "properties": { "NOMBRE_EST": "COLEGIO VEINTE DE JULIO (IED)", "GENERO": 5, "COD_LOCA": "04", "CLASE_TIPO": 1, "FECHA": "2024-04-30", "Preescolar": 169, "Primaria": 406, "Secundaria": 370, "Media": 130, "DTotal": 1075, "DANE12_EST": "111001012033" }, "geometry": { "type": "Point", "coordinates": [ -8248099.824200000613928, 509400.344399999827147 ] } },
{ "type": "Feature", "properties": { "NOMBRE_EST": "COLEGIO PANTALEON GAITAN PEREZ (CED)", "GENERO": 5, "COD_LOCA": "04", "CLASE_TIPO": 1, "FECHA": "2024-04-30", "Preescolar": 47, "Primaria": 112, "Secundaria": 0, "Media": 0, "DTotal": 159, "DANE12_EST": "111001012246" }, "geometry": { "type": "Point", "coordinates": [ -8245966.553099999204278, 509175.952799998223782 ] } },
{ "type": "Feature", "properties": { "NOMBRE_EST": "COLEGIO SAN JOSE SUR ORIENTAL (IED)", "GENERO": 5, "COD_LOCA": "04", "CLASE_TIPO": 1, "FECHA": "2024-04-30", "Preescolar": 136, "Primaria": 428, "Secundaria": 409, "Media": 135, "DTotal": 1108, "DANE12_EST": "111001012301" }, "geometry": { "type": "Point", "coordinates": [ -8247019.193600000813603, 506625.342700000852346 ] } },
{ "type": "Feature", "properties": { "NOMBRE_EST": "COLEGIO JUANA ESCOBAR (IED)", "GENERO": 5, "COD_LOCA": "04", "CLASE_TIPO": 1, "FECHA": "2024-04-30", "Preescolar": 202, "Primaria": 729, "Secundaria": 662, "Media": 272, "DTotal": 1865, "DANE12_EST": "111001012335" }, "geometry": { "type": "Point", "coordinates": [ -8247172.254499999806285, 504905.827799998223782 ] } },
{ "type": "Feature", "properties": { "NOMBRE_EST": "COLEGIO AGUAS CLARAS (CED)", "GENERO": 5, "COD_LOCA": "04", "CLASE_TIPO": 1, "FECHA": "2024-04-30", "Preescolar": 51, "Primaria": 136, "Secundaria": 0, "Media": 0, "DTotal": 187, "DANE12_EST": "111001012475" }, "geometry": { "type": "Point", "coordinates": [ -8245149.59940000064671, 508366.294199999421835 ] } },
{ "type": "Feature", "properties": { "NOMBRE_EST": "COLEGIO ALTAMIRA SUR ORIENTAL (IED)", "GENERO": 5, "COD_LOCA": "04", "CLASE_TIPO": 1, "FECHA": "2024-04-30", "Preescolar": 199, "Primaria": 774, "Secundaria": 518, "Media": 298, "DTotal": 1789, "DANE12_EST": "111001014168" }, "geometry": { "type": "Point", "coordinates": [ -8247103.542600000277162, 506533.140900000929832 ] } },
{ "type": "Feature", "properties": { "NOMBRE_EST": "COLEGIO TECNICO SAN CRISTOBAL SUR (IED)", "GENERO": 5, "COD_LOCA": "04", "CLASE_TIPO": 1, "FECHA": "2024-04-30", "Preescolar": 125, "Primaria": 804, "Secundaria": 913, "Media": 301, "DTotal": 2143, "DANE12_EST": "111001014176" }, "geometry": { "type": "Point", "coordinates": [ -8246486.5899, 509235.430399999022484 ] } },
{ "type": "Feature", "properties": { "NOMBRE_EST": "COLEGIO JOSE ACEVEDO Y GOMEZ (IED)", "GENERO": 5, "COD_LOCA": "04", "CLASE_TIPO": 1, "FECHA": "2024-04-30", "Preescolar": 90, "Primaria": 274, "Secundaria": 199, "Media": 72, "DTotal": 635, "DANE12_EST": "111001014451" }, "geometry": { "type": "Point", "coordinates": [ -8246957.027200000360608, 508419.506999999284744 ] } },
{ "type": "Feature", "properties": { "NOMBRE_EST": "COLEGIO MONTEBELLO (IED)", "GENERO": 5, "COD_LOCA": "04", "CLASE_TIPO": 1, "FECHA": "2024-04-30", "Preescolar": 168, "Primaria": 738, "Secundaria": 492, "Media": 192, "DTotal": 1590, "DANE12_EST": "111001015903" }, "geometry": { "type": "Point", "coordinates": [ -8247440.143799999728799, 508910.371199999004602 ] } },
{ "type": "Feature", "properties": { "NOMBRE_EST": "COLEGIO LOS ALPES (IED)", "GENERO": 5, "COD_LOCA": "04", "CLASE_TIPO": 1, "FECHA": "2024-04-30", "Preescolar": 216, "Primaria": 1158, "Secundaria": 1182, "Media": 792, "DTotal": 3348, "DANE12_EST": "111001015911" }, "geometry": { "type": "Point", "coordinates": [ -8247075.456700000911951, 507338.81870000064373 ] } },
{ "type": "Feature", "properties": { "NOMBRE_EST": "COLEGIO LA BELLEZA LOS LIBERTADORES (IED)", "GENERO": 5, "COD_LOCA": "04", "CLASE_TIPO": 1, "FECHA": "2024-04-30", "Preescolar": 128, "Primaria": 489, "Secundaria": 258, "Media": 89, "DTotal": 964, "DANE12_EST": "111001016004" }, "geometry": { "type": "Point", "coordinates": [ -8247905.347899999469519, 504853.154599998146296 ] } },
{ "type": "Feature", "properties": { "NOMBRE_EST": "COLEGIO JOSE MARIA CARBONELL (IED)", "GENERO": 5, "COD_LOCA": "04", "CLASE_TIPO": 1, "FECHA": "2024-04-30", "Preescolar": 118, "Primaria": 328, "Secundaria": 260, "Media": 101, "DTotal": 807, "DANE12_EST": "111001018252" }, "geometry": { "type": "Point", "coordinates": [ -8248879.175300000235438, 508078.632399998605251 ] } },
{ "type": "Feature", "properties": { "NOMBRE_EST": "COLEGIO ATENAS (IED)", "GENERO": 5, "COD_LOCA": "04", "CLASE_TIPO": 1, "FECHA": "2024-04-30", "Preescolar": 114, "Primaria": 421, "Secundaria": 308, "Media": 111, "DTotal": 954, "DANE12_EST": "111001018309" }, "geometry": { "type": "Point", "coordinates": [ -8248077.524700000882149, 507801.497400000691414 ] } },
{ "type": "Feature", "properties": { "NOMBRE_EST": "COLEGIO JOSE JOAQUIN CASTRO MARTINEZ (IED)", "GENERO": 5, "COD_LOCA": "04", "CLASE_TIPO": 1, "FECHA": "2024-04-30", "Preescolar": 222, "Primaria": 506, "Secundaria": 320, "Media": 117, "DTotal": 1165, "DANE12_EST": "111001018325" }, "geometry": { "type": "Point", "coordinates": [ -8247984.411499999463558, 508127.785100001841784 ] } },
{ "type": "Feature", "properties": { "NOMBRE_EST": "COLEGIO EL RODEO (IED)", "GENERO": 5, "COD_LOCA": "04", "CLASE_TIPO": 1, "FECHA": "2024-04-30", "Preescolar": 157, "Primaria": 726, "Secundaria": 592, "Media": 153, "DTotal": 1628, "DANE12_EST": "111001018333" }, "geometry": { "type": "Point", "coordinates": [ -8248244.709799999371171, 507183.228999998420477 ] } },
{ "type": "Feature", "properties": { "NOMBRE_EST": "COLEGIO FRANCISCO JAVIER MATIZ (IED)", "GENERO": 5, "COD_LOCA": "04", "CLASE_TIPO": 1, "FECHA": "2024-04-30", "Preescolar": 174, "Primaria": 550, "Secundaria": 363, "Media": 152, "DTotal": 1239, "DANE12_EST": "111001018341" }, "geometry": { "type": "Point", "coordinates": [ -8248040.041200000792742, 508735.179400000721216 ] } },
{ "type": "Feature", "properties": { "NOMBRE_EST": "COLEGIO LA VICTORIA (IED)", "GENERO": 5, "COD_LOCA": "04", "CLASE_TIPO": 1, "FECHA": "2024-04-30", "Preescolar": 197, "Primaria": 767, "Secundaria": 697, "Media": 270, "DTotal": 1931, "DANE12_EST": "111001018368" }, "geometry": { "type": "Point", "coordinates": [ -8248042.568099999800324, 507288.935300000011921 ] } },
{ "type": "Feature", "properties": { "NOMBRE_EST": "COLEGIO SAN ISIDRO SUR ORIENTAL (IED)", "GENERO": 5, "COD_LOCA": "04", "CLASE_TIPO": 1, "FECHA": "2024-04-30", "Preescolar": 67, "Primaria": 507, "Secundaria": 453, "Media": 170, "DTotal": 1197, "DANE12_EST": "111001018384" }, "geometry": { "type": "Point", "coordinates": [ -8248897.253599999472499, 508778.580099999904633 ] } },
{ "type": "Feature", "properties": { "NOMBRE_EST": "COLEGIO ENTRE NUBES SUR ORIENTAL (IED)", "GENERO": 5, "COD_LOCA": "04", "CLASE_TIPO": 1, "FECHA": "2024-04-30", "Preescolar": 193, "Primaria": 600, "Secundaria": 331, "Media": 125, "DTotal": 1249, "DANE12_EST": "111001020443" }, "geometry": { "type": "Point", "coordinates": [ -8248497.484099999070168, 506816.498399998992682 ] } },
{ "type": "Feature", "properties": { "NOMBRE_EST": "COLEGIO MORALBA SURORIENTAL (IED)", "GENERO": 5, "COD_LOCA": "04", "CLASE_TIPO": 1, "FECHA": "2024-04-30", "Preescolar": 210, "Primaria": 661, "Secundaria": 354, "Media": 161, "DTotal": 1386, "DANE12_EST": "111001024686" }, "geometry": { "type": "Point", "coordinates": [ -8246609.506699999794364, 506088.917899999767542 ] } },
{ "type": "Feature", "properties": { "NOMBRE_EST": "COLEGIO FLORENTINO GONZALEZ (IED)", "GENERO": 5, "COD_LOCA": "04", "CLASE_TIPO": 1, "FECHA": "2024-04-30", "Preescolar": 76, "Primaria": 521, "Secundaria": 589, "Media": 262, "DTotal": 1448, "DANE12_EST": "111001027324" }, "geometry": { "type": "Point", "coordinates": [ -8248367.981699999421835, 508954.693300001323223 ] } },
{ "type": "Feature", "properties": { "NOMBRE_EST": "COLEGIO MANUELITA SAENZ (IED)", "GENERO": 5, "COD_LOCA": "04", "CLASE_TIPO": 1, "FECHA": "2024-04-30", "Preescolar": 356, "Primaria": 1188, "Secundaria": 1169, "Media": 428, "DTotal": 3141, "DANE12_EST": "111001030066" }, "geometry": { "type": "Point", "coordinates": [ -8247146.343800000846386, 509415.15430000051856 ] } },
{ "type": "Feature", "properties": { "NOMBRE_EST": "COLEGIO ALEMANIA UNIFICADA (IED)", "GENERO": 5, "COD_LOCA": "04", "CLASE_TIPO": 1, "FECHA": "2024-04-30", "Preescolar": 95, "Primaria": 577, "Secundaria": 241, "Media": 185, "DTotal": 1098, "DANE12_EST": "111001030864" }, "geometry": { "type": "Point", "coordinates": [ -8248225.946900000795722, 507693.270500000566244 ] } },
{ "type": "Feature", "properties": { "NOMBRE_EST": "COLEGIO TECNICO TOMAS RUEDA VARGAS (IED)", "GENERO": 5, "COD_LOCA": "04", "CLASE_TIPO": 1, "FECHA": "2024-04-30", "Preescolar": 111, "Primaria": 559, "Secundaria": 574, "Media": 296, "DTotal": 1540, "DANE12_EST": "111001032280" }, "geometry": { "type": "Point", "coordinates": [ -8247334.366900000721216, 508731.3108000010252 ] } },
{ "type": "Feature", "properties": { "NOMBRE_EST": "COLEGIO REPUBLICA DEL ECUADOR (IED)", "GENERO": 5, "COD_LOCA": "04", "CLASE_TIPO": 1, "FECHA": "2024-04-30", "Preescolar": 142, "Primaria": 358, "Secundaria": 347, "Media": 140, "DTotal": 987, "DANE12_EST": "111001032433" }, "geometry": { "type": "Point", "coordinates": [ -8246579.159900000318885, 510042.906399998813868 ] } },
{ "type": "Feature", "properties": { "NOMBRE_EST": "COLEGIO JUAN REY (IED)", "GENERO": 5, "COD_LOCA": "04", "CLASE_TIPO": 1, "FECHA": "2024-04-30", "Preescolar": 139, "Primaria": 353, "Secundaria": 302, "Media": 133, "DTotal": 927, "DANE12_EST": "111001034011" }, "geometry": { "type": "Point", "coordinates": [ -8247648.383600000292063, 503972.465300001204014 ] } },
{ "type": "Feature", "properties": { "NOMBRE_EST": "COLEGIO TECNICO JOSE FELIX RESTREPO (IED)", "GENERO": 5, "COD_LOCA": "04", "CLASE_TIPO": 1, "FECHA": "2024-04-30", "Preescolar": 312, "Primaria": 1486, "Secundaria": 1826, "Media": 853, "DTotal": 4477, "DANE12_EST": "111001035530" }, "geometry": { "type": "Point", "coordinates": [ -8247655.210799999535084, 509784.467399999499321 ] } },
{ "type": "Feature", "properties": { "NOMBRE_EST": "COLEGIO JUAN EVANGELISTA GOMEZ (IED)", "GENERO": 5, "COD_LOCA": "04", "CLASE_TIPO": 1, "FECHA": "2024-04-30", "Preescolar": 208, "Primaria": 914, "Secundaria": 939, "Media": 390, "DTotal": 2451, "DANE12_EST": "111001035602" }, "geometry": { "type": "Point", "coordinates": [ -8248287.680299999192357, 507266.831000000238419 ] } },
{ "type": "Feature", "properties": { "NOMBRE_EST": "COLEGIO NUEVA DELHI (IED)", "GENERO": 5, "COD_LOCA": "04", "CLASE_TIPO": 1, "FECHA": "2024-04-30", "Preescolar": 136, "Primaria": 458, "Secundaria": 369, "Media": 131, "DTotal": 1094, "DANE12_EST": "111001046621" }, "geometry": { "type": "Point", "coordinates": [ -8247223.746500000357628, 504617.543699998408556 ] } },
{ "type": "Feature", "properties": { "NOMBRE_EST": "COLEGIO RAFAEL NUÑEZ (IED)", "GENERO": 5, "COD_LOCA": "04", "CLASE_TIPO": 1, "FECHA": "2024-04-30", "Preescolar": 66, "Primaria": 279, "Secundaria": 350, "Media": 125, "DTotal": 820, "DANE12_EST": "111001086789" }, "geometry": { "type": "Point", "coordinates": [ -8248018.315999999642372, 509969.808299999684095 ] } },
{ "type": "Feature", "properties": { "NOMBRE_EST": "COLEGIO NUEVA ROMA (IED)", "GENERO": 5, "COD_LOCA": "04", "CLASE_TIPO": 2, "FECHA": "2024-04-30", "Preescolar": 87, "Primaria": 494, "Secundaria": 420, "Media": 222, "DTotal": 1223, "DANE12_EST": "111001098817" }, "geometry": { "type": "Point", "coordinates": [ -8248303.065700000151992, 506082.75789999961853 ] } },
{ "type": "Feature", "properties": { "NOMBRE_EST": "COLEGIO SAN VICENTE (IED)", "GENERO": 5, "COD_LOCA": "04", "CLASE_TIPO": 2, "FECHA": "2024-04-30", "Preescolar": 104, "Primaria": 516, "Secundaria": 459, "Media": 204, "DTotal": 1283, "DANE12_EST": "111001098825" }, "geometry": { "type": "Point", "coordinates": [ -8247473.222300000488758, 507621.679400000721216 ] } },
{ "type": "Feature", "properties": { "NOMBRE_EST": "COLEGIO TECNICO ALDEMAR ROJAS PLAZAS (IED)", "GENERO": 5, "COD_LOCA": "04", "CLASE_TIPO": 1, "FECHA": "2024-04-30", "Preescolar": 0, "Primaria": 0, "Secundaria": 0, "Media": 757, "DTotal": 757, "DANE12_EST": "111001102016" }, "geometry": { "type": "Point", "coordinates": [ -8247759.012900000438094, 510441.224399998784065 ] } },
{ "type": "Feature", "properties": { "NOMBRE_EST": "COLEGIO GLORIA VALENCIA DE CASTAÑO (IED)", "GENERO": 5, "COD_LOCA": "04", "CLASE_TIPO": 1, "FECHA": "2024-04-30", "Preescolar": 203, "Primaria": 385, "Secundaria": 355, "Media": 123, "DTotal": 1066, "DANE12_EST": "111001801047" }, "geometry": { "type": "Point", "coordinates": [ -8247332.012499999254942, 505007.397300001233816 ] } },
{ "type": "Feature", "properties": { "NOMBRE_EST": "COLEGIO SANTA LIBRADA (IED)", "GENERO": 5, "COD_LOCA": "05", "CLASE_TIPO": 1, "FECHA": "2024-04-30", "Preescolar": 251, "Primaria": 666, "Secundaria": 478, "Media": 146, "DTotal": 1541, "DANE12_EST": "111001013820" }, "geometry": { "type": "Point", "coordinates": [ -8250278.708399999886751, 503049.929400000721216 ] } },
{ "type": "Feature", "properties": { "NOMBRE_EST": "COLEGIO SANTA MARTHA (IED)", "GENERO": 5, "COD_LOCA": "05", "CLASE_TIPO": 1, "FECHA": "2024-04-30", "Preescolar": 132, "Primaria": 476, "Secundaria": 323, "Media": 81, "DTotal": 1012, "DANE12_EST": "111001013935" }, "geometry": { "type": "Point", "coordinates": [ -8250513.825200000777841, 504279.823899999260902 ] } },
{ "type": "Feature", "properties": { "NOMBRE_EST": "COLEGIO ORLANDO FALS BORDA (IED)", "GENERO": 5, "COD_LOCA": "05", "CLASE_TIPO": 1, "FECHA": "2024-04-30", "Preescolar": 313, "Primaria": 670, "Secundaria": 593, "Media": 219, "DTotal": 1795, "DANE12_EST": "111001016039" }, "geometry": { "type": "Point", "coordinates": [ -8251126.70130000077188, 503560.001800000667572 ] } },
{ "type": "Feature", "properties": { "NOMBRE_EST": "COLEGIO NUEVA ESPERANZA (IED)", "GENERO": 5, "COD_LOCA": "05", "CLASE_TIPO": 1, "FECHA": "2024-04-30", "Preescolar": 199, "Primaria": 596, "Secundaria": 416, "Media": 117, "DTotal": 1328, "DANE12_EST": "111001024643" }, "geometry": { "type": "Point", "coordinates": [ -8247775.898900000378489, 502954.78830000013113 ] } },
{ "type": "Feature", "properties": { "NOMBRE_EST": "COLEGIO ESTANISLAO ZULETA (IED)", "GENERO": 5, "COD_LOCA": "05", "CLASE_TIPO": 1, "FECHA": "2024-04-30", "Preescolar": 259, "Primaria": 838, "Secundaria": 725, "Media": 248, "DTotal": 2070, "DANE12_EST": "111001030872" }, "geometry": { "type": "Point", "coordinates": [ -8248831.207699999213219, 501285.535700000822544 ] } },
{ "type": "Feature", "properties": { "NOMBRE_EST": "COLEGIO PROVINCIA DE QUEBEC (IED)", "GENERO": 5, "COD_LOCA": "05", "CLASE_TIPO": 1, "FECHA": "2024-04-30", "Preescolar": 135, "Primaria": 475, "Secundaria": 374, "Media": 133, "DTotal": 1117, "DANE12_EST": "111001041556" }, "geometry": { "type": "Point", "coordinates": [ -8247775.842199999839067, 503234.835999999195337 ] } },
{ "type": "Feature", "properties": { "NOMBRE_EST": "COLEGIO LOS COMUNEROS - OSWALDO GUAYAZAMIN (IED)", "GENERO": 5, "COD_LOCA": "05", "CLASE_TIPO": 1, "FECHA": "2024-04-30", "Preescolar": 234, "Primaria": 1116, "Secundaria": 559, "Media": 206, "DTotal": 2115, "DANE12_EST": "111001044270" }, "geometry": { "type": "Point", "coordinates": [ -8249745.268699999898672, 501288.298099998384714 ] } },
{ "type": "Feature", "properties": { "NOMBRE_EST": "COLEGIO LA AURORA (IED)", "GENERO": 5, "COD_LOCA": "05", "CLASE_TIPO": 1, "FECHA": "2024-04-30", "Preescolar": 142, "Primaria": 602, "Secundaria": 595, "Media": 262, "DTotal": 1601, "DANE12_EST": "111001045705" }, "geometry": { "type": "Point", "coordinates": [ -8251258.012700000777841, 504057.437199998646975 ] } },
{ "type": "Feature", "properties": { "NOMBRE_EST": "COLEGIO NUEVO SAN ANDRES DE LOS ALTOS (IED)", "GENERO": 5, "COD_LOCA": "05", "CLASE_TIPO": 1, "FECHA": "2024-04-30", "Preescolar": 129, "Primaria": 558, "Secundaria": 547, "Media": 202, "DTotal": 1436, "DANE12_EST": "111001046485" }, "geometry": { "type": "Point", "coordinates": [ -8251005.020199999213219, 504281.869500000029802 ] } },
{ "type": "Feature", "properties": { "NOMBRE_EST": "COLEGIO ATABANZHA (IED)", "GENERO": 5, "COD_LOCA": "05", "CLASE_TIPO": 1, "FECHA": "2024-04-30", "Preescolar": 159, "Primaria": 502, "Secundaria": 500, "Media": 207, "DTotal": 1368, "DANE12_EST": "111001046931" }, "geometry": { "type": "Point", "coordinates": [ -8250641.584300000220537, 502215.894600000232458 ] } },
{ "type": "Feature", "properties": { "NOMBRE_EST": "COLEGIO USMINIA (IED)", "GENERO": 5, "COD_LOCA": "05", "CLASE_TIPO": 1, "FECHA": "2024-04-30", "Preescolar": 245, "Primaria": 572, "Secundaria": 277, "Media": 82, "DTotal": 1176, "DANE12_EST": "111001065234" }, "geometry": { "type": "Point", "coordinates": [ -8250691.759400000795722, 500899.986400000751019 ] } },
{ "type": "Feature", "properties": { "NOMBRE_EST": "COLEGIO OFELIA URIBE DE ACOSTA (IED)", "GENERO": 5, "COD_LOCA": "05", "CLASE_TIPO": 1, "FECHA": "2024-04-30", "Preescolar": 301, "Primaria": 1024, "Secundaria": 908, "Media": 405, "DTotal": 2638, "DANE12_EST": "111001077895" }, "geometry": { "type": "Point", "coordinates": [ -8249185.601099999621511, 502236.231800001114607 ] } },
{ "type": "Feature", "properties": { "NOMBRE_EST": "COLEGIO BRASILIA - USME (IED)", "GENERO": 5, "COD_LOCA": "05", "CLASE_TIPO": 1, "FECHA": "2024-04-30", "Preescolar": 126, "Primaria": 495, "Secundaria": 491, "Media": 213, "DTotal": 1325, "DANE12_EST": "111001077917" }, "geometry": { "type": "Point", "coordinates": [ -8250419.701199999079108, 503455.357599999755621 ] } },
{ "type": "Feature", "properties": { "NOMBRE_EST": "COLEGIO EL VIRREY JOSE SOLIS (IED)", "GENERO": 5, "COD_LOCA": "05", "CLASE_TIPO": 1, "FECHA": "2024-04-30", "Preescolar": 151, "Primaria": 513, "Secundaria": 541, "Media": 183, "DTotal": 1388, "DANE12_EST": "111001078638" }, "geometry": { "type": "Point", "coordinates": [ -8250071.051899999380112, 501764.576900001615286 ] } },
{ "type": "Feature", "properties": { "NOMBRE_EST": "COLEGIO MIGUEL DE CERVANTES SAAVEDRA (IED)", "GENERO": 5, "COD_LOCA": "05", "CLASE_TIPO": 1, "FECHA": "2024-04-30", "Preescolar": 307, "Primaria": 1012, "Secundaria": 1176, "Media": 566, "DTotal": 3061, "DANE12_EST": "111001083011" }, "geometry": { "type": "Point", "coordinates": [ -8249420.52419999986887, 502828.769799999892712 ] } },
{ "type": "Feature", "properties": { "NOMBRE_EST": "COLEGIO CHUNIZA (IED)", "GENERO": 5, "COD_LOCA": "05", "CLASE_TIPO": 1, "FECHA": "2024-04-30", "Preescolar": 285, "Primaria": 743, "Secundaria": 805, "Media": 401, "DTotal": 2234, "DANE12_EST": "111001086614" }, "geometry": { "type": "Point", "coordinates": [ -8249987.926300000399351, 502163.825500000268221 ] } },
{ "type": "Feature", "properties": { "NOMBRE_EST": "COLEGIO FERNANDO GONZALEZ OCHOA (IED)", "GENERO": 5, "COD_LOCA": "05", "CLASE_TIPO": 1, "FECHA": "2024-04-30", "Preescolar": 359, "Primaria": 898, "Secundaria": 688, "Media": 256, "DTotal": 2201, "DANE12_EST": "111001094439" }, "geometry": { "type": "Point", "coordinates": [ -8249554.927999999374151, 501767.483600001782179 ] } },
{ "type": "Feature", "properties": { "NOMBRE_EST": "COLEGIO SAN CAYETANO (IED)", "GENERO": 5, "COD_LOCA": "05", "CLASE_TIPO": 1, "FECHA": "2024-04-30", "Preescolar": 164, "Primaria": 763, "Secundaria": 688, "Media": 312, "DTotal": 1927, "DANE12_EST": "111001098833" }, "geometry": { "type": "Point", "coordinates": [ -8247383.593499999493361, 503363.525400001555681 ] } },
{ "type": "Feature", "properties": { "NOMBRE_EST": "COLEGIO SAN JOSE DE USME (IED)", "GENERO": 5, "COD_LOCA": "05", "CLASE_TIPO": 2, "FECHA": "2024-04-30", "Preescolar": 76, "Primaria": 467, "Secundaria": 461, "Media": 168, "DTotal": 1172, "DANE12_EST": "111001098841" }, "geometry": { "type": "Point", "coordinates": [ -8250814.313200000673532, 501648.755499999970198 ] } },
{ "type": "Feature", "properties": { "NOMBRE_EST": "COLEGIO CHUNIZA FAMACO (IED)", "GENERO": 5, "COD_LOCA": "05", "CLASE_TIPO": 2, "FECHA": "2024-04-30", "Preescolar": 112, "Primaria": 494, "Secundaria": 449, "Media": 181, "DTotal": 1236, "DANE12_EST": "111001098850" }, "geometry": { "type": "Point", "coordinates": [ -8249247.1897, 501121.184799998998642 ] } },
{ "type": "Feature", "properties": { "NOMBRE_EST": "COLEGIO LUIS EDUARDO MORA OSEJO (IED)", "GENERO": 5, "COD_LOCA": "05", "CLASE_TIPO": 1, "FECHA": "2024-04-30", "Preescolar": 125, "Primaria": 237, "Secundaria": 257, "Media": 157, "DTotal": 776, "DANE12_EST": "111001098868" }, "geometry": { "type": "Point", "coordinates": [ -8250138.856599999591708, 501506.513599999248981 ] } },
{ "type": "Feature", "properties": { "NOMBRE_EST": "COLEGIO MIRAVALLE (IED)", "GENERO": 5, "COD_LOCA": "05", "CLASE_TIPO": 2, "FECHA": "2024-04-30", "Preescolar": 118, "Primaria": 512, "Secundaria": 507, "Media": 227, "DTotal": 1364, "DANE12_EST": "111001100081" }, "geometry": { "type": "Point", "coordinates": [ -8250960.628200000151992, 502883.810600001364946 ] } },
{ "type": "Feature", "properties": { "NOMBRE_EST": "COLEGIO JUAN LUIS LONDOÑO (IED)", "GENERO": 5, "COD_LOCA": "05", "CLASE_TIPO": 2, "FECHA": "2024-04-30", "Preescolar": 170, "Primaria": 745, "Secundaria": 619, "Media": 236, "DTotal": 1770, "DANE12_EST": "111001102008" }, "geometry": { "type": "Point", "coordinates": [ -8250451.968299999833107, 505047.048700001090765 ] } },
{ "type": "Feature", "properties": { "NOMBRE_EST": "COLEGIO EDUARDO UMAÑA MENDOZA (IED)", "GENERO": 5, "COD_LOCA": "05", "CLASE_TIPO": 1, "FECHA": "2024-04-30", "Preescolar": 264, "Primaria": 715, "Secundaria": 600, "Media": 249, "DTotal": 1828, "DANE12_EST": "111001104337" }, "geometry": { "type": "Point", "coordinates": [ -8250269.887399999424815, 500350.44029999896884 ] } },
{ "type": "Feature", "properties": { "NOMBRE_EST": "COLEGIO DIEGO MONTAÑA CUELLAR (IED)", "GENERO": 5, "COD_LOCA": "05", "CLASE_TIPO": 1, "FECHA": "2024-04-30", "Preescolar": 258, "Primaria": 1185, "Secundaria": 1029, "Media": 455, "DTotal": 2927, "DANE12_EST": "111001104345" }, "geometry": { "type": "Point", "coordinates": [ -8250454.705600000917912, 501091.008099999278784 ] } },
{ "type": "Feature", "properties": { "NOMBRE_EST": "COLEGIO CIUDAD DE VILLAVICENCIO (IED)", "GENERO": 5, "COD_LOCA": "05", "CLASE_TIPO": 1, "FECHA": "2024-04-30", "Preescolar": 261, "Primaria": 1147, "Secundaria": 773, "Media": 255, "DTotal": 2436, "DANE12_EST": "111001104353" }, "geometry": { "type": "Point", "coordinates": [ -8249269.498099999502301, 499829.514499999582767 ] } },
{ "type": "Feature", "properties": { "NOMBRE_EST": "COLEGIO PAULO FREIRE (IED)", "GENERO": 5, "COD_LOCA": "05", "CLASE_TIPO": 1, "FECHA": "2024-04-30", "Preescolar": 445, "Primaria": 1097, "Secundaria": 1129, "Media": 604, "DTotal": 3275, "DANE12_EST": "111001107760" }, "geometry": { "type": "Point", "coordinates": [ -8250570.105000000447035, 505093.030900001525879 ] } },
{ "type": "Feature", "properties": { "NOMBRE_EST": "COLEGIO JOSE EUSTASIO RIVERA (IED)", "GENERO": 5, "COD_LOCA": "05", "CLASE_TIPO": 2, "FECHA": "2024-04-30", "Preescolar": 99, "Primaria": 274, "Secundaria": 307, "Media": 68, "DTotal": 748, "DANE12_EST": "111001800562" }, "geometry": { "type": "Point", "coordinates": [ -8251346.276799999177456, 498656.945700000971556 ] } },
{ "type": "Feature", "properties": { "NOMBRE_EST": "COLEGIO CIUDAD CHENGDU (IED)", "GENERO": 5, "COD_LOCA": "05", "CLASE_TIPO": 2, "FECHA": "2024-04-30", "Preescolar": 111, "Primaria": 234, "Secundaria": 172, "Media": 61, "DTotal": 578, "DANE12_EST": "111001800660" }, "geometry": { "type": "Point", "coordinates": [ -8248707.727700000628829, 502704.218499999493361 ] } },
{ "type": "Feature", "properties": { "NOMBRE_EST": "COLEGIO FRANCISCO ANTONIO ZEA DE USME (IED)", "GENERO": 5, "COD_LOCA": "05", "CLASE_TIPO": 1, "FECHA": "2024-04-30", "Preescolar": 500, "Primaria": 945, "Secundaria": 661, "Media": 268, "DTotal": 2374, "DANE12_EST": "111850000740" }, "geometry": { "type": "Point", "coordinates": [ -8251128.22749999910593, 498589.735399998724461 ] } },
{ "type": "Feature", "properties": { "NOMBRE_EST": "COLEGIO EL CORTIJO - VIANEY (IED)", "GENERO": 5, "COD_LOCA": "05", "CLASE_TIPO": 1, "FECHA": "2024-04-30", "Preescolar": 74, "Primaria": 401, "Secundaria": 262, "Media": 94, "DTotal": 831, "DANE12_EST": "111850001380" }, "geometry": { "type": "Point", "coordinates": [ -8249520.539200000464916, 503401.291900001466274 ] } },
{ "type": "Feature", "properties": { "NOMBRE_EST": "COLEGIO ALMIRANTE PADILLA (IED)", "GENERO": 5, "COD_LOCA": "05", "CLASE_TIPO": 1, "FECHA": "2024-04-30", "Preescolar": 139, "Primaria": 815, "Secundaria": 1605, "Media": 901, "DTotal": 3460, "DANE12_EST": "111850001428" }, "geometry": { "type": "Point", "coordinates": [ -8250100.999099999666214, 502825.348799999803305 ] } },
{ "type": "Feature", "properties": { "NOMBRE_EST": "COLEGIO LOS TEJARES (IED)", "GENERO": 5, "COD_LOCA": "05", "CLASE_TIPO": 1, "FECHA": "2024-04-30", "Preescolar": 166, "Primaria": 413, "Secundaria": 304, "Media": 106, "DTotal": 989, "DANE12_EST": "111850001461" }, "geometry": { "type": "Point", "coordinates": [ -8249136.569299999624491, 502661.416000001132488 ] } },
{ "type": "Feature", "properties": { "NOMBRE_EST": "COLEGIO FEDERICO GARCIA LORCA (IED)", "GENERO": 5, "COD_LOCA": "05", "CLASE_TIPO": 1, "FECHA": "2024-04-30", "Preescolar": 353, "Primaria": 1093, "Secundaria": 742, "Media": 233, "DTotal": 2421, "DANE12_EST": "111850001576" }, "geometry": { "type": "Point", "coordinates": [ -8249566.058800000697374, 502254.352600000798702 ] } },
{ "type": "Feature", "properties": { "NOMBRE_EST": "COLEGIO GABRIEL GARCIA MARQUEZ (IED)", "GENERO": 5, "COD_LOCA": "05", "CLASE_TIPO": 1, "FECHA": "2024-04-30", "Preescolar": 161, "Primaria": 539, "Secundaria": 452, "Media": 106, "DTotal": 1258, "DANE12_EST": "211001032501" }, "geometry": { "type": "Point", "coordinates": [ -8247988.8542, 502473.929299999028444 ] } },
{ "type": "Feature", "properties": { "NOMBRE_EST": "COLEGIO RURAL LA UNION USME (CED)", "GENERO": 5, "COD_LOCA": "05", "CLASE_TIPO": 1, "FECHA": "2024-04-30", "Preescolar": 1, "Primaria": 9, "Secundaria": 0, "Media": 0, "DTotal": 10, "DANE12_EST": "211850000043" }, "geometry": { "type": "Point", "coordinates": [ -8258075.758199999108911, 483964.905799999833107 ] } },
{ "type": "Feature", "properties": { "NOMBRE_EST": "COLEGIO GRAN YOMASA (IED)", "GENERO": 5, "COD_LOCA": "05", "CLASE_TIPO": 1, "FECHA": "2024-04-30", "Preescolar": 153, "Primaria": 681, "Secundaria": 631, "Media": 250, "DTotal": 1715, "DANE12_EST": "211850000051" }, "geometry": { "type": "Point", "coordinates": [ -8249840.659499999135733, 502364.839999999850988 ] } },
{ "type": "Feature", "properties": { "NOMBRE_EST": "COLEGIO RURAL OLARTE (CED)", "GENERO": 5, "COD_LOCA": "05", "CLASE_TIPO": 1, "FECHA": "2024-04-30", "Preescolar": 16, "Primaria": 88, "Secundaria": 70, "Media": 0, "DTotal": 174, "DANE12_EST": "211850000108" }, "geometry": { "type": "Point", "coordinates": [ -8252639.4386, 494889.83669999986887 ] } },
{ "type": "Feature", "properties": { "NOMBRE_EST": "COLEGIO RURAL LOS ANDES (CED)", "GENERO": 5, "COD_LOCA": "05", "CLASE_TIPO": 1, "FECHA": "2024-04-30", "Preescolar": 0, "Primaria": 8, "Secundaria": 0, "Media": 0, "DTotal": 8, "DANE12_EST": "211850000698" }, "geometry": { "type": "Point", "coordinates": [ -8256080.468800000846386, 485118.570500001311302 ] } },
{ "type": "Feature", "properties": { "NOMBRE_EST": "COLEGIO RURAL LOS ARRAYANES (CED)", "GENERO": 5, "COD_LOCA": "05", "CLASE_TIPO": 1, "FECHA": "2024-04-30", "Preescolar": 8, "Primaria": 17, "Secundaria": 0, "Media": 0, "DTotal": 25, "DANE12_EST": "211850000710" }, "geometry": { "type": "Point", "coordinates": [ -8253273.616800000891089, 486169.472300000488758 ] } },
{ "type": "Feature", "properties": { "NOMBRE_EST": "COLEGIO RURAL LA ARGENTINA (CED)", "GENERO": 5, "COD_LOCA": "05", "CLASE_TIPO": 1, "FECHA": "2024-04-30", "Preescolar": 13, "Primaria": 33, "Secundaria": 0, "Media": 0, "DTotal": 46, "DANE12_EST": "211850000736" }, "geometry": { "type": "Point", "coordinates": [ -8254161.836100000888109, 488720.474399998784065 ] } },
{ "type": "Feature", "properties": { "NOMBRE_EST": "COLEGIO TENERIFE - GRANADA SUR (IED)", "GENERO": 5, "COD_LOCA": "05", "CLASE_TIPO": 1, "FECHA": "2024-04-30", "Preescolar": 167, "Primaria": 454, "Secundaria": 445, "Media": 126, "DTotal": 1192, "DANE12_EST": "211850000787" }, "geometry": { "type": "Point", "coordinates": [ -8249643.9858, 501301.129599999636412 ] } },
{ "type": "Feature", "properties": { "NOMBRE_EST": "COLEGIO RURAL CHIZACA (CED)", "GENERO": 5, "COD_LOCA": "05", "CLASE_TIPO": 1, "FECHA": "2024-04-30", "Preescolar": 2, "Primaria": 4, "Secundaria": 0, "Media": 0, "DTotal": 6, "DANE12_EST": "211850000841" }, "geometry": { "type": "Point", "coordinates": [ -8260267.785900000482798, 483528.857599999755621 ] } },
{ "type": "Feature", "properties": { "NOMBRE_EST": "COLEGIO RURAL EL CURUBITAL (CED)", "GENERO": 5, "COD_LOCA": "05", "CLASE_TIPO": 1, "FECHA": "2024-04-30", "Preescolar": 6, "Primaria": 21, "Secundaria": 0, "Media": 0, "DTotal": 27, "DANE12_EST": "211850000868" }, "geometry": { "type": "Point", "coordinates": [ -8252853.298900000751019, 484643.466400001198053 ] } },
{ "type": "Feature", "properties": { "NOMBRE_EST": "COLEGIO EL DESTINO (IED)", "GENERO": 5, "COD_LOCA": "05", "CLASE_TIPO": 1, "FECHA": "2024-04-30", "Preescolar": 34, "Primaria": 145, "Secundaria": 259, "Media": 82, "DTotal": 520, "DANE12_EST": "211850000876" }, "geometry": { "type": "Point", "coordinates": [ -8253049.693199999630451, 491193.006700001657009 ] } },
{ "type": "Feature", "properties": { "NOMBRE_EST": "COLEGIO RURAL EL HATO (CED)", "GENERO": 5, "COD_LOCA": "05", "CLASE_TIPO": 1, "FECHA": "2024-04-30", "Preescolar": 9, "Primaria": 26, "Secundaria": 0, "Media": 0, "DTotal": 35, "DANE12_EST": "211850000884" }, "geometry": { "type": "Point", "coordinates": [ -8255895.971200000494719, 488773.889800000935793 ] } },
{ "type": "Feature", "properties": { "NOMBRE_EST": "COLEGIO BRAZUELOS (IED)", "GENERO": 5, "COD_LOCA": "05", "CLASE_TIPO": 1, "FECHA": "2024-04-30", "Preescolar": 98, "Primaria": 405, "Secundaria": 292, "Media": 0, "DTotal": 795, "DANE12_EST": "211850000931" }, "geometry": { "type": "Point", "coordinates": [ -8250986.855100000277162, 500889.012299999594688 ] } },
{ "type": "Feature", "properties": { "NOMBRE_EST": "COLEGIO EL UVAL (IED)", "GENERO": 5, "COD_LOCA": "05", "CLASE_TIPO": 1, "FECHA": "2024-04-30", "Preescolar": 43, "Primaria": 313, "Secundaria": 292, "Media": 109, "DTotal": 757, "DANE12_EST": "211850000981" }, "geometry": { "type": "Point", "coordinates": [ -8249358.619400000199676, 498951.530799999833107 ] } },
{ "type": "Feature", "properties": { "NOMBRE_EST": "COLEGIO RURAL LA MAYORIA (CED)", "GENERO": 5, "COD_LOCA": "05", "CLASE_TIPO": 1, "FECHA": "2024-04-30", "Preescolar": 4, "Primaria": 34, "Secundaria": 0, "Media": 0, "DTotal": 38, "DANE12_EST": "211850001007" }, "geometry": { "type": "Point", "coordinates": [ -8258551.598899999633431, 487002.924100000411272 ] } },
{ "type": "Feature", "properties": { "NOMBRE_EST": "COLEGIO RURAL LAS MERCEDES (CED)", "GENERO": 5, "COD_LOCA": "19", "CLASE_TIPO": 1, "FECHA": "2024-04-30", "Preescolar": 6, "Primaria": 18, "Secundaria": 0, "Media": 0, "DTotal": 24, "DANE12_EST": "211850001074" }, "geometry": { "type": "Point", "coordinates": [ -8257259.299900000914931, 489422.214899998158216 ] } },
{ "type": "Feature", "properties": { "NOMBRE_EST": "COLEGIO FABIO LOZANO SIMONELLI (IED)", "GENERO": 5, "COD_LOCA": "05", "CLASE_TIPO": 1, "FECHA": "2024-04-30", "Preescolar": 309, "Primaria": 1493, "Secundaria": 992, "Media": 249, "DTotal": 3043, "DANE12_EST": "211850001481" }, "geometry": { "type": "Point", "coordinates": [ -8249810.050000000745058, 505154.952500000596046 ] } },
{ "type": "Feature", "properties": { "NOMBRE_EST": "COLEGIO CENTRO INTEGRAL JOSE MARIA CORDOBA (IED)", "GENERO": 5, "COD_LOCA": "06", "CLASE_TIPO": 1, "FECHA": "2024-04-30", "Preescolar": 137, "Primaria": 962, "Secundaria": 1266, "Media": 642, "DTotal": 3007, "DANE12_EST": "111001009652" }, "geometry": { "type": "Point", "coordinates": [ -8252260.551599999889731, 510232.270799998193979 ] } },
{ "type": "Feature", "properties": { "NOMBRE_EST": "COLEGIO VENECIA (IED)", "GENERO": 5, "COD_LOCA": "06", "CLASE_TIPO": 1, "FECHA": "2024-04-30", "Preescolar": 508, "Primaria": 1883, "Secundaria": 1442, "Media": 647, "DTotal": 4480, "DANE12_EST": "111001010251" }, "geometry": { "type": "Point", "coordinates": [ -8253625.295099999755621, 511730.828099999576807 ] } },
{ "type": "Feature", "properties": { "NOMBRE_EST": "COLEGIO INSTITUTO TECNICO INDUSTRIAL PILOTO (IED)", "GENERO": 5, "COD_LOCA": "06", "CLASE_TIPO": 1, "FECHA": "2024-04-30", "Preescolar": 367, "Primaria": 1702, "Secundaria": 1862, "Media": 682, "DTotal": 4613, "DANE12_EST": "111001011011" }, "geometry": { "type": "Point", "coordinates": [ -8253001.037699999287724, 510998.379900000989437 ] } },
{ "type": "Feature", "properties": { "NOMBRE_EST": "COLEGIO RAFAEL URIBE URIBE (IED)", "GENERO": 5, "COD_LOCA": "06", "CLASE_TIPO": 1, "FECHA": "2024-04-30", "Preescolar": 400, "Primaria": 794, "Secundaria": 543, "Media": 243, "DTotal": 1980, "DANE12_EST": "111001012271" }, "geometry": { "type": "Point", "coordinates": [ -8251993.894600000232458, 510389.354299999773502 ] } },
{ "type": "Feature", "properties": { "NOMBRE_EST": "COLEGIO MARCO FIDEL SUAREZ (IED)", "GENERO": 5, "COD_LOCA": "06", "CLASE_TIPO": 1, "FECHA": "2024-04-30", "Preescolar": 141, "Primaria": 738, "Secundaria": 857, "Media": 416, "DTotal": 2152, "DANE12_EST": "111001014206" }, "geometry": { "type": "Point", "coordinates": [ -8252466.5449, 510321.624400001019239 ] } },
{ "type": "Feature", "properties": { "NOMBRE_EST": "COLEGIO CIUDAD DE BOGOTA (IED)", "GENERO": 5, "COD_LOCA": "06", "CLASE_TIPO": 1, "FECHA": "2024-04-30", "Preescolar": 350, "Primaria": 1111, "Secundaria": 1013, "Media": 479, "DTotal": 2953, "DANE12_EST": "111001014214" }, "geometry": { "type": "Point", "coordinates": [ -8253049.851299999281764, 510106.520399998873472 ] } },
{ "type": "Feature", "properties": { "NOMBRE_EST": "COLEGIO RUFINO JOSE CUERVO (IED)", "GENERO": 5, "COD_LOCA": "06", "CLASE_TIPO": 1, "FECHA": "2024-04-30", "Preescolar": 317, "Primaria": 1164, "Secundaria": 859, "Media": 288, "DTotal": 2628, "DANE12_EST": "111001018201" }, "geometry": { "type": "Point", "coordinates": [ -8251539.834699999541044, 508161.974800001829863 ] } },
{ "type": "Feature", "properties": { "NOMBRE_EST": "COLEGIO INEM SANTIAGO PEREZ (IED)", "GENERO": 5, "COD_LOCA": "06", "CLASE_TIPO": 1, "FECHA": "2024-04-30", "Preescolar": 346, "Primaria": 1343, "Secundaria": 1239, "Media": 656, "DTotal": 3584, "DANE12_EST": "111001019411" }, "geometry": { "type": "Point", "coordinates": [ -8252336.217599999159575, 509952.3310999982059 ] } },
{ "type": "Feature", "properties": { "NOMBRE_EST": "COLEGIO BERNARDO JARAMILLO (IED)", "GENERO": 5, "COD_LOCA": "06", "CLASE_TIPO": 1, "FECHA": "2024-04-30", "Preescolar": 239, "Primaria": 742, "Secundaria": 661, "Media": 294, "DTotal": 1936, "DANE12_EST": "111001032450" }, "geometry": { "type": "Point", "coordinates": [ -8251725.975299999117851, 509415.638799998909235 ] } },
{ "type": "Feature", "properties": { "NOMBRE_EST": "COLEGIO ISLA DEL SOL (IED)", "GENERO": 5, "COD_LOCA": "06", "CLASE_TIPO": 1, "FECHA": "2024-04-30", "Preescolar": 178, "Primaria": 388, "Secundaria": 437, "Media": 139, "DTotal": 1142, "DANE12_EST": "111001075736" }, "geometry": { "type": "Point", "coordinates": [ -8254615.1458, 511440.191500000655651 ] } },
{ "type": "Feature", "properties": { "NOMBRE_EST": "COLEGIO SAN CARLOS (IED)", "GENERO": 5, "COD_LOCA": "06", "CLASE_TIPO": 1, "FECHA": "2024-04-30", "Preescolar": 242, "Primaria": 798, "Secundaria": 890, "Media": 421, "DTotal": 2351, "DANE12_EST": "111001075957" }, "geometry": { "type": "Point", "coordinates": [ -8252375.64809999987483, 508646.962600000202656 ] } },
{ "type": "Feature", "properties": { "NOMBRE_EST": "COLEGIO SAN BENITO ABAD (IED)", "GENERO": 5, "COD_LOCA": "06", "CLASE_TIPO": 1, "FECHA": "2024-04-30", "Preescolar": 288, "Primaria": 539, "Secundaria": 283, "Media": 93, "DTotal": 1203, "DANE12_EST": "111001086631" }, "geometry": { "type": "Point", "coordinates": [ -8252902.831599999219179, 508895.61259999871254 ] } },
{ "type": "Feature", "properties": { "NOMBRE_EST": "COLEGIO CARLOS ALBAN HOLGUIN (IED)", "GENERO": 5, "COD_LOCA": "07", "CLASE_TIPO": 1, "FECHA": "2024-04-30", "Preescolar": 714, "Primaria": 2218, "Secundaria": 1734, "Media": 710, "DTotal": 5376, "DANE12_EST": "111001002909" }, "geometry": { "type": "Point", "coordinates": [ -8259566.331700000911951, 513197.785999998450279 ] } },
{ "type": "Feature", "properties": { "NOMBRE_EST": "COLEGIO CEDID SAN PABLO (IED)", "GENERO": 5, "COD_LOCA": "07", "CLASE_TIPO": 1, "FECHA": "2024-04-30", "Preescolar": 315, "Primaria": 1683, "Secundaria": 1748, "Media": 779, "DTotal": 4525, "DANE12_EST": "111001010031" }, "geometry": { "type": "Point", "coordinates": [ -8258507.183599999174476, 512578.829300001263618 ] } },
{ "type": "Feature", "properties": { "NOMBRE_EST": "COLEGIO NUEVO CHILE (IED)", "GENERO": 5, "COD_LOCA": "07", "CLASE_TIPO": 1, "FECHA": "2024-04-30", "Preescolar": 439, "Primaria": 1582, "Secundaria": 1694, "Media": 886, "DTotal": 4601, "DANE12_EST": "111001013676" }, "geometry": { "type": "Point", "coordinates": [ -8256144.608799999579787, 512993.708700001239777 ] } },
{ "type": "Feature", "properties": { "NOMBRE_EST": "COLEGIO BRASILIA - BOSA (IED)", "GENERO": 5, "COD_LOCA": "07", "CLASE_TIPO": 1, "FECHA": "2024-04-30", "Preescolar": 704, "Primaria": 1496, "Secundaria": 1258, "Media": 513, "DTotal": 3971, "DANE12_EST": "111001014109" }, "geometry": { "type": "Point", "coordinates": [ -8257825.754699999466538, 515755.885000001639128 ] } },
{ "type": "Feature", "properties": { "NOMBRE_EST": "COLEGIO MOTORISTA (CED)", "GENERO": 5, "COD_LOCA": "07", "CLASE_TIPO": 1, "FECHA": "2024-04-30", "Preescolar": 151, "Primaria": 347, "Secundaria": 0, "Media": 0, "DTotal": 498, "DANE12_EST": "111001041599" }, "geometry": { "type": "Point", "coordinates": [ -8257191.00650000013411, 512385.541400000452995 ] } },
{ "type": "Feature", "properties": { "NOMBRE_EST": "COLEGIO GRANCOLOMBIANO (IED)", "GENERO": 5, "COD_LOCA": "07", "CLASE_TIPO": 1, "FECHA": "2024-04-30", "Preescolar": 669, "Primaria": 1579, "Secundaria": 1282, "Media": 433, "DTotal": 3963, "DANE12_EST": "111001046477" }, "geometry": { "type": "Point", "coordinates": [ -8259869.7675, 513763.631700001657009 ] } },
{ "type": "Feature", "properties": { "NOMBRE_EST": "COLEGIO JOSE ANTONIO GALAN (IED)", "GENERO": 5, "COD_LOCA": "07", "CLASE_TIPO": 1, "FECHA": "2024-04-30", "Preescolar": 234, "Primaria": 786, "Secundaria": 631, "Media": 236, "DTotal": 1887, "DANE12_EST": "111001046591" }, "geometry": { "type": "Point", "coordinates": [ -8257575.930299999192357, 513303.766199998557568 ] } },
{ "type": "Feature", "properties": { "NOMBRE_EST": "COLEGIO LLANO ORIENTAL (IED)", "GENERO": 5, "COD_LOCA": "07", "CLASE_TIPO": 1, "FECHA": "2024-04-30", "Preescolar": 208, "Primaria": 442, "Secundaria": 327, "Media": 165, "DTotal": 1142, "DANE12_EST": "111001086606" }, "geometry": { "type": "Point", "coordinates": [ -8259882.140699999406934, 513000.830899998545647 ] } },
{ "type": "Feature", "properties": { "NOMBRE_EST": "COLEGIO LA CONCEPCION (IED)", "GENERO": 5, "COD_LOCA": "07", "CLASE_TIPO": 1, "FECHA": "2024-04-30", "Preescolar": 231, "Primaria": 806, "Secundaria": 559, "Media": 238, "DTotal": 1834, "DANE12_EST": "111001086754" }, "geometry": { "type": "Point", "coordinates": [ -8259340.653699999675155, 515118.351700000464916 ] } },
{ "type": "Feature", "properties": { "NOMBRE_EST": "COLEGIO LA ESPERANZA (IED)", "GENERO": 5, "COD_LOCA": "07", "CLASE_TIPO": 2, "FECHA": "2024-04-30", "Preescolar": 83, "Primaria": 471, "Secundaria": 443, "Media": 147, "DTotal": 1144, "DANE12_EST": "111001098876" }, "geometry": { "type": "Point", "coordinates": [ -8260447.89750000089407, 513718.691799998283386 ] } },
{ "type": "Feature", "properties": { "NOMBRE_EST": "COLEGIO LOS NARANJOS (IED)", "GENERO": 5, "COD_LOCA": "07", "CLASE_TIPO": 2, "FECHA": "2024-04-30", "Preescolar": 87, "Primaria": 318, "Secundaria": 510, "Media": 171, "DTotal": 1086, "DANE12_EST": "111001098884" }, "geometry": { "type": "Point", "coordinates": [ -8260143.603399999439716, 513731.542199999094009 ] } },
{ "type": "Feature", "properties": { "NOMBRE_EST": "COLEGIO ARGELIA (IED)", "GENERO": 5, "COD_LOCA": "07", "CLASE_TIPO": 2, "FECHA": "2024-04-30", "Preescolar": 126, "Primaria": 572, "Secundaria": 528, "Media": 218, "DTotal": 1444, "DANE12_EST": "111001100064" }, "geometry": { "type": "Point", "coordinates": [ -8258393.327099999412894, 513951.495799999684095 ] } },
{ "type": "Feature", "properties": { "NOMBRE_EST": "COLEGIO SANTIAGO DE LAS ATALAYAS (IED)", "GENERO": 5, "COD_LOCA": "07", "CLASE_TIPO": 2, "FECHA": "2024-04-30", "Preescolar": 144, "Primaria": 683, "Secundaria": 584, "Media": 224, "DTotal": 1635, "DANE12_EST": "111001100072" }, "geometry": { "type": "Point", "coordinates": [ -8259101.664100000634789, 515907.964600000530481 ] } },
{ "type": "Feature", "properties": { "NOMBRE_EST": "COLEGIO SAN IGNACIO (IED)", "GENERO": 5, "COD_LOCA": "07", "CLASE_TIPO": 2, "FECHA": "2024-04-30", "Preescolar": 82, "Primaria": 607, "Secundaria": 520, "Media": 223, "DTotal": 1432, "DANE12_EST": "111001104051" }, "geometry": { "type": "Point", "coordinates": [ -8258782.484400000423193, 516308.069400001317263 ] } },
{ "type": "Feature", "properties": { "NOMBRE_EST": "COLEGIO LEONARDO POSADA PEDRAZA (IED)", "GENERO": 5, "COD_LOCA": "07", "CLASE_TIPO": 1, "FECHA": "2024-04-30", "Preescolar": 423, "Primaria": 1303, "Secundaria": 1231, "Media": 607, "DTotal": 3564, "DANE12_EST": "111001104183" }, "geometry": { "type": "Point", "coordinates": [ -8260072.04619999974966, 515721.121599998325109 ] } },
{ "type": "Feature", "properties": { "NOMBRE_EST": "COLEGIO ALFONSO REYES ECHANDIA (IED)", "GENERO": 5, "COD_LOCA": "07", "CLASE_TIPO": 1, "FECHA": "2024-04-30", "Preescolar": 213, "Primaria": 1514, "Secundaria": 1242, "Media": 441, "DTotal": 3410, "DANE12_EST": "111001104299" }, "geometry": { "type": "Point", "coordinates": [ -8259897.448200000450015, 514455.72690000012517 ] } },
{ "type": "Feature", "properties": { "NOMBRE_EST": "COLEGIO ORLANDO HIGUITA ROJAS (IED)", "GENERO": 5, "COD_LOCA": "07", "CLASE_TIPO": 1, "FECHA": "2024-04-30", "Preescolar": 397, "Primaria": 1494, "Secundaria": 1255, "Media": 511, "DTotal": 3657, "DANE12_EST": "111001104302" }, "geometry": { "type": "Point", "coordinates": [ -8258711.536100000143051, 515821.655600000172853 ] } },
{ "type": "Feature", "properties": { "NOMBRE_EST": "COLEGIO CARLOS PIZARRO LEON GOMEZ (IED)", "GENERO": 5, "COD_LOCA": "07", "CLASE_TIPO": 1, "FECHA": "2024-04-30", "Preescolar": 442, "Primaria": 1836, "Secundaria": 1362, "Media": 723, "DTotal": 4363, "DANE12_EST": "111001104329" }, "geometry": { "type": "Point", "coordinates": [ -8260441.090299999341369, 516592.029599998146296 ] } },
{ "type": "Feature", "properties": { "NOMBRE_EST": "COLEGIO ALFONSO LOPEZ MICHELSEN (IED)", "GENERO": 5, "COD_LOCA": "07", "CLASE_TIPO": 1, "FECHA": "2024-04-30", "Preescolar": 196, "Primaria": 1328, "Secundaria": 1380, "Media": 589, "DTotal": 3493, "DANE12_EST": "111001106950" }, "geometry": { "type": "Point", "coordinates": [ -8260635.460799999535084, 516159.239500001072884 ] } },
{ "type": "Feature", "properties": { "NOMBRE_EST": "COLEGIO JOSE FRANCISCO SOCARRAS (IED)", "GENERO": 5, "COD_LOCA": "07", "CLASE_TIPO": 1, "FECHA": "2024-04-30", "Preescolar": 297, "Primaria": 1508, "Secundaria": 1351, "Media": 608, "DTotal": 3764, "DANE12_EST": "111001106968" }, "geometry": { "type": "Point", "coordinates": [ -8259285.187699999660254, 515397.138900000602007 ] } },
{ "type": "Feature", "properties": { "NOMBRE_EST": "COLEGIO GERMAN ARCINIEGAS (IED)", "GENERO": 5, "COD_LOCA": "07", "CLASE_TIPO": 1, "FECHA": "2024-04-30", "Preescolar": 188, "Primaria": 835, "Secundaria": 821, "Media": 362, "DTotal": 2206, "DANE12_EST": "111001107832" }, "geometry": { "type": "Point", "coordinates": [ -8258272.475299999117851, 516032.104200001806021 ] } },
{ "type": "Feature", "properties": { "NOMBRE_EST": "COLEGIO KIMI PERNIA DOMICO (IED)", "GENERO": 5, "COD_LOCA": "07", "CLASE_TIPO": 1, "FECHA": "2024-04-30", "Preescolar": 283, "Primaria": 1574, "Secundaria": 1123, "Media": 410, "DTotal": 3390, "DANE12_EST": "111001107867" }, "geometry": { "type": "Point", "coordinates": [ -8260720.519999999552965, 515099.385099999606609 ] } },
{ "type": "Feature", "properties": { "NOMBRE_EST": "COLEGIO CIUDADELA EDUCATIVA DE BOSA (IED)", "GENERO": 5, "COD_LOCA": "07", "CLASE_TIPO": 1, "FECHA": "2024-04-30", "Preescolar": 992, "Primaria": 2664, "Secundaria": 2416, "Media": 925, "DTotal": 6997, "DANE12_EST": "111001107875" }, "geometry": { "type": "Point", "coordinates": [ -8258477.550300000235438, 517183.278200000524521 ] } },
{ "type": "Feature", "properties": { "NOMBRE_EST": "COLEGIO DEBORA ARANGO PEREZ (IED)", "GENERO": 5, "COD_LOCA": "08", "CLASE_TIPO": 1, "FECHA": "2024-04-30", "Preescolar": 480, "Primaria": 1174, "Secundaria": 1057, "Media": 387, "DTotal": 3098, "DANE12_EST": "111001107883" }, "geometry": { "type": "Point", "coordinates": [ -8258067.413699999451637, 514723.385499998927116 ] } },
{ "type": "Feature", "properties": { "NOMBRE_EST": "COLEGIO JORGE ISAACS (IED)", "GENERO": 5, "COD_LOCA": "07", "CLASE_TIPO": 2, "FECHA": "2024-04-30", "Preescolar": 196, "Primaria": 520, "Secundaria": 475, "Media": 196, "DTotal": 1387, "DANE12_EST": "111001800384" }, "geometry": { "type": "Point", "coordinates": [ -8260188.578700000420213, 515640.211199998855591 ] } },
{ "type": "Feature", "properties": { "NOMBRE_EST": "COLEGIO SOLEDAD ACOSTA DE SAMPER (IED)", "GENERO": 5, "COD_LOCA": "07", "CLASE_TIPO": 2, "FECHA": "2024-04-30", "Preescolar": 66, "Primaria": 218, "Secundaria": 237, "Media": 71, "DTotal": 592, "DANE12_EST": "111001800392" }, "geometry": { "type": "Point", "coordinates": [ -8258334.33669999986887, 517399.927600000053644 ] } },
{ "type": "Feature", "properties": { "NOMBRE_EST": "COLEGIO BICENTENARIO DE LA INDEPENDENCIA (IED)", "GENERO": 5, "COD_LOCA": "07", "CLASE_TIPO": 2, "FECHA": "2024-04-30", "Preescolar": 362, "Primaria": 694, "Secundaria": 538, "Media": 222, "DTotal": 1816, "DANE12_EST": "111001800457" }, "geometry": { "type": "Point", "coordinates": [ -8260330.344100000336766, 514293.626400001347065 ] } },
{ "type": "Feature", "properties": { "NOMBRE_EST": "COLEGIO DE LA BICI (IED)", "GENERO": 5, "COD_LOCA": "07", "CLASE_TIPO": 1, "FECHA": "2024-04-30", "Preescolar": 247, "Primaria": 434, "Secundaria": 354, "Media": 144, "DTotal": 1179, "DANE12_EST": "111001800643" }, "geometry": { "type": "Point", "coordinates": [ -8257941.469000000506639, 514153.527300000190735 ] } },
{ "type": "Feature", "properties": { "NOMBRE_EST": "COLEGIO PARQUES DE BOGOTA (IED)", "GENERO": 5, "COD_LOCA": "07", "CLASE_TIPO": 2, "FECHA": "2024-04-30", "Preescolar": 219, "Primaria": 457, "Secundaria": 350, "Media": 139, "DTotal": 1165, "DANE12_EST": "111001800678" }, "geometry": { "type": "Point", "coordinates": [ -8259047.049699999392033, 515434.441100001335144 ] } },
{ "type": "Feature", "properties": { "NOMBRE_EST": "COLEGIO LAUREL DE CERA (IED)", "GENERO": 5, "COD_LOCA": "07", "CLASE_TIPO": 2, "FECHA": "2024-04-30", "Preescolar": 192, "Primaria": 470, "Secundaria": 360, "Media": 133, "DTotal": 1155, "DANE12_EST": "111001800694" }, "geometry": { "type": "Point", "coordinates": [ -8261239.258899999782443, 515594.247800000011921 ] } },
{ "type": "Feature", "properties": { "NOMBRE_EST": "COLEGIO ESMERALDA ARBOLEDA CADAVID (IED)", "GENERO": 5, "COD_LOCA": "07", "CLASE_TIPO": 1, "FECHA": "2024-04-30", "Preescolar": 538, "Primaria": 1353, "Secundaria": 947, "Media": 271, "DTotal": 3109, "DANE12_EST": "111001801080" }, "geometry": { "type": "Point", "coordinates": [ -8259290.620100000873208, 514362.868999999016523 ] } },
{ "type": "Feature", "properties": { "NOMBRE_EST": "COLEGIO CIUDADELA EL RECREO SONIA OSORIO DE SAINT-MALO (IED)", "GENERO": 5, "COD_LOCA": "07", "CLASE_TIPO": 1, "FECHA": "2024-04-30", "Preescolar": 398, "Primaria": 1032, "Secundaria": 696, "Media": 271, "DTotal": 2397, "DANE12_EST": "111001801098" }, "geometry": { "type": "Point", "coordinates": [ -8259812.191999999806285, 516412.773299999535084 ] } },
{ "type": "Feature", "properties": { "NOMBRE_EST": "COLEGIO LAURA HERRERA DE VARELA (IED)", "GENERO": 5, "COD_LOCA": "07", "CLASE_TIPO": 1, "FECHA": "2024-04-30", "Preescolar": 371, "Primaria": 942, "Secundaria": 710, "Media": 338, "DTotal": 2361, "DANE12_EST": "111001801101" }, "geometry": { "type": "Point", "coordinates": [ -8258406.477299999445677, 515977.689699999988079 ] } },
{ "type": "Feature", "properties": { "NOMBRE_EST": "COLEGIO LUIS LOPEZ DE MESA (IED)", "GENERO": 5, "COD_LOCA": "07", "CLASE_TIPO": 1, "FECHA": "2024-04-30", "Preescolar": 303, "Primaria": 1201, "Secundaria": 1070, "Media": 432, "DTotal": 3006, "DANE12_EST": "111102000265" }, "geometry": { "type": "Point", "coordinates": [ -8258330.082000000402331, 512688.712000001221895 ] } },
{ "type": "Feature", "properties": { "NOMBRE_EST": "COLEGIO PABLO DE TARSO (IED)", "GENERO": 5, "COD_LOCA": "07", "CLASE_TIPO": 1, "FECHA": "2024-04-30", "Preescolar": 206, "Primaria": 1395, "Secundaria": 1173, "Media": 500, "DTotal": 3274, "DANE12_EST": "111102000281" }, "geometry": { "type": "Point", "coordinates": [ -8258506.525699999183416, 513041.466699998825788 ] } },
{ "type": "Feature", "properties": { "NOMBRE_EST": "COLEGIO FRANCISCO DE PAULA SANTANDER (IED)", "GENERO": 5, "COD_LOCA": "07", "CLASE_TIPO": 1, "FECHA": "2024-04-30", "Preescolar": 140, "Primaria": 619, "Secundaria": 535, "Media": 165, "DTotal": 1459, "DANE12_EST": "111102000621" }, "geometry": { "type": "Point", "coordinates": [ -8258215.495300000533462, 513831.895799998193979 ] } },
{ "type": "Feature", "properties": { "NOMBRE_EST": "COLEGIO FERNANDO MAZUERA VILLEGAS (IED)", "GENERO": 5, "COD_LOCA": "07", "CLASE_TIPO": 1, "FECHA": "2024-04-30", "Preescolar": 696, "Primaria": 1835, "Secundaria": 2320, "Media": 959, "DTotal": 5810, "DANE12_EST": "111102000753" }, "geometry": { "type": "Point", "coordinates": [ -8258868.031300000846386, 513391.167399998754263 ] } },
{ "type": "Feature", "properties": { "NOMBRE_EST": "COLEGIO PORFIRIO BARBA JACOB (IED)", "GENERO": 5, "COD_LOCA": "07", "CLASE_TIPO": 1, "FECHA": "2024-04-30", "Preescolar": 252, "Primaria": 862, "Secundaria": 692, "Media": 268, "DTotal": 2074, "DANE12_EST": "111102000958" }, "geometry": { "type": "Point", "coordinates": [ -8259173.175799999386072, 513937.042199999094009 ] } },
{ "type": "Feature", "properties": { "NOMBRE_EST": "COLEGIO VILLAS DEL PROGRESO (IED)", "GENERO": 5, "COD_LOCA": "07", "CLASE_TIPO": 1, "FECHA": "2024-04-30", "Preescolar": 721, "Primaria": 2282, "Secundaria": 995, "Media": 334, "DTotal": 4332, "DANE12_EST": "211001076958" }, "geometry": { "type": "Point", "coordinates": [ -8259987.4879, 515473.266499999910593 ] } },
{ "type": "Feature", "properties": { "NOMBRE_EST": "COLEGIO SAN BERNARDINO (IED)", "GENERO": 5, "COD_LOCA": "07", "CLASE_TIPO": 1, "FECHA": "2024-04-30", "Preescolar": 130, "Primaria": 1090, "Secundaria": 550, "Media": 293, "DTotal": 2063, "DANE12_EST": "211102000201" }, "geometry": { "type": "Point", "coordinates": [ -8260378.405200000852346, 514607.659000001847744 ] } },
{ "type": "Feature", "properties": { "NOMBRE_EST": "COLEGIO EL PORVENIR (IED)", "GENERO": 5, "COD_LOCA": "07", "CLASE_TIPO": 1, "FECHA": "2024-04-30", "Preescolar": 388, "Primaria": 1973, "Secundaria": 1567, "Media": 605, "DTotal": 4533, "DANE12_EST": "211102000243" }, "geometry": { "type": "Point", "coordinates": [ -8258085.878200000151992, 516624.531399998813868 ] } },
{ "type": "Feature", "properties": { "NOMBRE_EST": "COLEGIO BOSANOVA (IED)", "GENERO": 5, "COD_LOCA": "07", "CLASE_TIPO": 1, "FECHA": "2024-04-30", "Preescolar": 96, "Primaria": 628, "Secundaria": 493, "Media": 204, "DTotal": 1421, "DANE12_EST": "211102000995" }, "geometry": { "type": "Point", "coordinates": [ -8258624.646800000220537, 515138.919900000095367 ] } },
{ "type": "Feature", "properties": { "NOMBRE_EST": "COLEGIO CARLOS ARANGO VELEZ (IED)", "GENERO": 5, "COD_LOCA": "08", "CLASE_TIPO": 1, "FECHA": "2024-04-30", "Preescolar": 167, "Primaria": 986, "Secundaria": 769, "Media": 331, "DTotal": 2253, "DANE12_EST": "111001000124" }, "geometry": { "type": "Point", "coordinates": [ -8252777.130799999460578, 514430.65260000154376 ] } },
{ "type": "Feature", "properties": { "NOMBRE_EST": "COLEGIO DARIO ECHANDIA (IED)", "GENERO": 5, "COD_LOCA": "08", "CLASE_TIPO": 1, "FECHA": "2024-04-30", "Preescolar": 160, "Primaria": 792, "Secundaria": 798, "Media": 393, "DTotal": 2143, "DANE12_EST": "111001001279" }, "geometry": { "type": "Point", "coordinates": [ -8255684.26380000077188, 517292.438700001686811 ] } },
{ "type": "Feature", "properties": { "NOMBRE_EST": "COLEGIO NACIONAL NICOLAS ESGUERRA (IED)", "GENERO": 5, "COD_LOCA": "08", "CLASE_TIPO": 1, "FECHA": "2024-04-30", "Preescolar": 0, "Primaria": 13, "Secundaria": 931, "Media": 656, "DTotal": 1600, "DANE12_EST": "111001010910" }, "geometry": { "type": "Point", "coordinates": [ -8251492.515000000596046, 516395.716400001198053 ] } },
{ "type": "Feature", "properties": { "NOMBRE_EST": "COLEGIO CARLOS ARTURO TORRES (IED)", "GENERO": 5, "COD_LOCA": "08", "CLASE_TIPO": 1, "FECHA": "2024-04-30", "Preescolar": 253, "Primaria": 933, "Secundaria": 908, "Media": 522, "DTotal": 2616, "DANE12_EST": "111001011321" }, "geometry": { "type": "Point", "coordinates": [ -8253939.3597, 512571.047100000083447 ] } },
{ "type": "Feature", "properties": { "NOMBRE_EST": "COLEGIO LA AMISTAD (IED)", "GENERO": 5, "COD_LOCA": "08", "CLASE_TIPO": 1, "FECHA": "2024-04-30", "Preescolar": 209, "Primaria": 1478, "Secundaria": 849, "Media": 435, "DTotal": 2971, "DANE12_EST": "111001011690" }, "geometry": { "type": "Point", "coordinates": [ -8254142.992000000551343, 515231.082699999213219 ] } },
{ "type": "Feature", "properties": { "NOMBRE_EST": "COLEGIO TOM ADAMS (IED)", "GENERO": 5, "COD_LOCA": "08", "CLASE_TIPO": 1, "FECHA": "2024-04-30", "Preescolar": 315, "Primaria": 1182, "Secundaria": 674, "Media": 280, "DTotal": 2451, "DANE12_EST": "111001012343" }, "geometry": { "type": "Point", "coordinates": [ -8254975.672900000587106, 514640.205099999904633 ] } },
{ "type": "Feature", "properties": { "NOMBRE_EST": "COLEGIO EL JAPON (IED)", "GENERO": 5, "COD_LOCA": "08", "CLASE_TIPO": 1, "FECHA": "2024-04-30", "Preescolar": 122, "Primaria": 717, "Secundaria": 955, "Media": 556, "DTotal": 2350, "DANE12_EST": "111001012360" }, "geometry": { "type": "Point", "coordinates": [ -8254731.23200000077486, 515024.467300001531839 ] } },
{ "type": "Feature", "properties": { "NOMBRE_EST": "COLEGIO SAN PEDRO CLAVER (IED)", "GENERO": 5, "COD_LOCA": "08", "CLASE_TIPO": 1, "FECHA": "2024-04-30", "Preescolar": 277, "Primaria": 1246, "Secundaria": 911, "Media": 239, "DTotal": 2673, "DANE12_EST": "111001013102" }, "geometry": { "type": "Point", "coordinates": [ -8255553.123800000175834, 515056.436200000345707 ] } },
{ "type": "Feature", "properties": { "NOMBRE_EST": "COLEGIO CLASS (IED)", "GENERO": 5, "COD_LOCA": "08", "CLASE_TIPO": 1, "FECHA": "2024-04-30", "Preescolar": 307, "Primaria": 1386, "Secundaria": 875, "Media": 360, "DTotal": 2928, "DANE12_EST": "111001013129" }, "geometry": { "type": "Point", "coordinates": [ -8257574.27280000038445, 514196.699499998241663 ] } },
{ "type": "Feature", "properties": { "NOMBRE_EST": "COLEGIO PAULO VI (IED)", "GENERO": 5, "COD_LOCA": "08", "CLASE_TIPO": 1, "FECHA": "2024-04-30", "Preescolar": 224, "Primaria": 1702, "Secundaria": 1001, "Media": 334, "DTotal": 3261, "DANE12_EST": "111001013153" }, "geometry": { "type": "Point", "coordinates": [ -8255275.662200000137091, 515037.522999998182058 ] } },
{ "type": "Feature", "properties": { "NOMBRE_EST": "COLEGIO SAN JOSE (IED)", "GENERO": 5, "COD_LOCA": "08", "CLASE_TIPO": 1, "FECHA": "2024-04-30", "Preescolar": 597, "Primaria": 1376, "Secundaria": 771, "Media": 262, "DTotal": 3006, "DANE12_EST": "111001013161" }, "geometry": { "type": "Point", "coordinates": [ -8255777.71309999935329, 515016.638099998235703 ] } },
{ "type": "Feature", "properties": { "NOMBRE_EST": "COLEGIO SAN RAFAEL (IED)", "GENERO": 5, "COD_LOCA": "08", "CLASE_TIPO": 1, "FECHA": "2024-04-30", "Preescolar": 253, "Primaria": 1055, "Secundaria": 734, "Media": 233, "DTotal": 2275, "DANE12_EST": "111001013170" }, "geometry": { "type": "Point", "coordinates": [ -8255606.029500000178814, 514530.239700000733137 ] } },
{ "type": "Feature", "properties": { "NOMBRE_EST": "COLEGIO MARSELLA (IED)", "GENERO": 5, "COD_LOCA": "08", "CLASE_TIPO": 1, "FECHA": "2024-04-30", "Preescolar": 263, "Primaria": 766, "Secundaria": 742, "Media": 344, "DTotal": 2115, "DANE12_EST": "111001014290" }, "geometry": { "type": "Point", "coordinates": [ -8251823.081499999389052, 516202.373500000685453 ] } },
{ "type": "Feature", "properties": { "NOMBRE_EST": "COLEGIO FRANCISCO DE MIRANDA (IED)", "GENERO": 5, "COD_LOCA": "08", "CLASE_TIPO": 1, "FECHA": "2024-04-30", "Preescolar": 56, "Primaria": 474, "Secundaria": 441, "Media": 248, "DTotal": 1219, "DANE12_EST": "111001014974" }, "geometry": { "type": "Point", "coordinates": [ -8254837.187000000849366, 514022.015000000596046 ] } },
{ "type": "Feature", "properties": { "NOMBRE_EST": "COLEGIO LAS AMERICAS (IED)", "GENERO": 5, "COD_LOCA": "08", "CLASE_TIPO": 1, "FECHA": "2024-04-30", "Preescolar": 236, "Primaria": 960, "Secundaria": 1034, "Media": 401, "DTotal": 2631, "DANE12_EST": "111001015598" }, "geometry": { "type": "Point", "coordinates": [ -8254397.414899999275804, 514501.203999999910593 ] } },
{ "type": "Feature", "properties": { "NOMBRE_EST": "COLEGIO O.E.A. (IED)", "GENERO": 5, "COD_LOCA": "08", "CLASE_TIPO": 1, "FECHA": "2024-04-30", "Preescolar": 253, "Primaria": 1044, "Secundaria": 685, "Media": 312, "DTotal": 2294, "DANE12_EST": "111001015601" }, "geometry": { "type": "Point", "coordinates": [ -8253406.817299999296665, 514619.164500001817942 ] } },
{ "type": "Feature", "properties": { "NOMBRE_EST": "COLEGIO ISABEL II (IED)", "GENERO": 5, "COD_LOCA": "08", "CLASE_TIPO": 1, "FECHA": "2024-04-30", "Preescolar": 307, "Primaria": 1037, "Secundaria": 877, "Media": 342, "DTotal": 2563, "DANE12_EST": "111001016071" }, "geometry": { "type": "Point", "coordinates": [ -8254668.15059999935329, 516369.738200001418591 ] } },
{ "type": "Feature", "properties": { "NOMBRE_EST": "COLEGIO ALQUERIA DE LA FRAGUA (IED)", "GENERO": 5, "COD_LOCA": "08", "CLASE_TIPO": 1, "FECHA": "2024-04-30", "Preescolar": 104, "Primaria": 406, "Secundaria": 306, "Media": 86, "DTotal": 902, "DANE12_EST": "111001016098" }, "geometry": { "type": "Point", "coordinates": [ -8252795.815700000151992, 513174.086399998515844 ] } },
{ "type": "Feature", "properties": { "NOMBRE_EST": "COLEGIO LOS PERIODISTAS (IED)", "GENERO": 5, "COD_LOCA": "08", "CLASE_TIPO": 1, "FECHA": "2024-04-30", "Preescolar": 137, "Primaria": 602, "Secundaria": 520, "Media": 224, "DTotal": 1483, "DANE12_EST": "111001016101" }, "geometry": { "type": "Point", "coordinates": [ -8255254.312300000339746, 514571.861299999058247 ] } },
{ "type": "Feature", "properties": { "NOMBRE_EST": "COLEGIO LA CHUCUA (IED)", "GENERO": 5, "COD_LOCA": "08", "CLASE_TIPO": 1, "FECHA": "2024-04-30", "Preescolar": 151, "Primaria": 691, "Secundaria": 613, "Media": 238, "DTotal": 1693, "DANE12_EST": "111001016136" }, "geometry": { "type": "Point", "coordinates": [ -8254178.633099999278784, 513041.932199999690056 ] } },
{ "type": "Feature", "properties": { "NOMBRE_EST": "COLEGIO KENNEDY (IED)", "GENERO": 5, "COD_LOCA": "08", "CLASE_TIPO": 1, "FECHA": "2024-04-30", "Preescolar": 120, "Primaria": 687, "Secundaria": 709, "Media": 399, "DTotal": 1915, "DANE12_EST": "111001016292" }, "geometry": { "type": "Point", "coordinates": [ -8253313.452500000596046, 514882.303100001066923 ] } },
{ "type": "Feature", "properties": { "NOMBRE_EST": "COLEGIO FERNANDO SOTO APARICIO (IED)", "GENERO": 5, "COD_LOCA": "08", "CLASE_TIPO": 1, "FECHA": "2024-04-30", "Preescolar": 362, "Primaria": 1142, "Secundaria": 589, "Media": 280, "DTotal": 2373, "DANE12_EST": "111001024660" }, "geometry": { "type": "Point", "coordinates": [ -8254064.500600000843406, 514726.298900000751019 ] } },
{ "type": "Feature", "properties": { "NOMBRE_EST": "COLEGIO INEM FRANCISCO DE PAULA SANTANDER (IED)", "GENERO": 5, "COD_LOCA": "08", "CLASE_TIPO": 1, "FECHA": "2024-04-30", "Preescolar": 715, "Primaria": 2507, "Secundaria": 2286, "Media": 1169, "DTotal": 6677, "DANE12_EST": "111001024732" }, "geometry": { "type": "Point", "coordinates": [ -8255058.542500000447035, 515379.345300000160933 ] } },
{ "type": "Feature", "properties": { "NOMBRE_EST": "COLEGIO JOHN F. KENNEDY (IED)", "GENERO": 5, "COD_LOCA": "08", "CLASE_TIPO": 1, "FECHA": "2024-04-30", "Preescolar": 255, "Primaria": 1122, "Secundaria": 812, "Media": 357, "DTotal": 2546, "DANE12_EST": "111001026964" }, "geometry": { "type": "Point", "coordinates": [ -8254528.219799999147654, 515063.782900001853704 ] } },
{ "type": "Feature", "properties": { "NOMBRE_EST": "COLEGIO PROSPERO PINZON (IED)", "GENERO": 5, "COD_LOCA": "08", "CLASE_TIPO": 1, "FECHA": "2024-04-30", "Preescolar": 127, "Primaria": 618, "Secundaria": 425, "Media": 187, "DTotal": 1357, "DANE12_EST": "111001027308" }, "geometry": { "type": "Point", "coordinates": [ -8254459.35080000013113, 515339.0912000015378 ] } },
{ "type": "Feature", "properties": { "NOMBRE_EST": "COLEGIO MANUEL CEPEDA VARGAS (IED)", "GENERO": 5, "COD_LOCA": "08", "CLASE_TIPO": 1, "FECHA": "2024-04-30", "Preescolar": 701, "Primaria": 2719, "Secundaria": 1908, "Media": 746, "DTotal": 6074, "DANE12_EST": "111001027391" }, "geometry": { "type": "Point", "coordinates": [ -8257450.777200000360608, 514467.853799998760223 ] } },
{ "type": "Feature", "properties": { "NOMBRE_EST": "COLEGIO JAIRO ANIBAL NIÑO (CED)", "GENERO": 5, "COD_LOCA": "08", "CLASE_TIPO": 1, "FECHA": "2024-04-30", "Preescolar": 233, "Primaria": 779, "Secundaria": 646, "Media": 0, "DTotal": 1658, "DANE12_EST": "111001027405" }, "geometry": { "type": "Point", "coordinates": [ -8256239.042300000786781, 516718.345300000160933 ] } },
{ "type": "Feature", "properties": { "NOMBRE_EST": "COLEGIO JACKELINE (IED)", "GENERO": 5, "COD_LOCA": "08", "CLASE_TIPO": 1, "FECHA": "2024-04-30", "Preescolar": 279, "Primaria": 735, "Secundaria": 489, "Media": 127, "DTotal": 1630, "DANE12_EST": "111001029114" }, "geometry": { "type": "Point", "coordinates": [ -8255769.895199999213219, 513622.987199999392033 ] } },
{ "type": "Feature", "properties": { "NOMBRE_EST": "COLEGIO MANUEL ZAPATA OLIVELLA (IED)", "GENERO": 5, "COD_LOCA": "08", "CLASE_TIPO": 1, "FECHA": "2024-04-30", "Preescolar": 175, "Primaria": 963, "Secundaria": 747, "Media": 328, "DTotal": 2213, "DANE12_EST": "111001033898" }, "geometry": { "type": "Point", "coordinates": [ -8255487.724700000137091, 517147.462099999189377 ] } },
{ "type": "Feature", "properties": { "NOMBRE_EST": "COLEGIO LA FLORESTA SUR (IED)", "GENERO": 5, "COD_LOCA": "08", "CLASE_TIPO": 1, "FECHA": "2024-04-30", "Preescolar": 183, "Primaria": 605, "Secundaria": 430, "Media": 184, "DTotal": 1402, "DANE12_EST": "111001034045" }, "geometry": { "type": "Point", "coordinates": [ -8251813.757400000467896, 514932.390700001269579 ] } },
{ "type": "Feature", "properties": { "NOMBRE_EST": "COLEGIO SAN JOSE DE CASTILLA (IED)", "GENERO": 5, "COD_LOCA": "08", "CLASE_TIPO": 1, "FECHA": "2024-04-30", "Preescolar": 137, "Primaria": 1092, "Secundaria": 992, "Media": 434, "DTotal": 2655, "DANE12_EST": "111001041475" }, "geometry": { "type": "Point", "coordinates": [ -8253676.80379999987781, 516857.663800001144409 ] } },
{ "type": "Feature", "properties": { "NOMBRE_EST": "COLEGIO CASTILLA (IED)", "GENERO": 5, "COD_LOCA": "08", "CLASE_TIPO": 1, "FECHA": "2024-04-30", "Preescolar": 186, "Primaria": 1441, "Secundaria": 1303, "Media": 615, "DTotal": 3545, "DANE12_EST": "111001076767" }, "geometry": { "type": "Point", "coordinates": [ -8253437.357799999415874, 517138.234600000083447 ] } },
{ "type": "Feature", "properties": { "NOMBRE_EST": "COLEGIO VILLA RICA (IED)", "GENERO": 5, "COD_LOCA": "08", "CLASE_TIPO": 1, "FECHA": "2024-04-30", "Preescolar": 266, "Primaria": 861, "Secundaria": 655, "Media": 254, "DTotal": 2036, "DANE12_EST": "111001079154" }, "geometry": { "type": "Point", "coordinates": [ -8256245.743699999526143, 513267.728300001472235 ] } },
{ "type": "Feature", "properties": { "NOMBRE_EST": "COLEGIO ALFONSO LOPEZ PUMAREJO (IED)", "GENERO": 5, "COD_LOCA": "08", "CLASE_TIPO": 1, "FECHA": "2024-04-30", "Preescolar": 291, "Primaria": 776, "Secundaria": 720, "Media": 278, "DTotal": 2065, "DANE12_EST": "111001086649" }, "geometry": { "type": "Point", "coordinates": [ -8253632.636600000783801, 513487.495200000703335 ] } },
{ "type": "Feature", "properties": { "NOMBRE_EST": "COLEGIO INSTITUTO TECNICO RODRIGO DE TRIANA (IED)", "GENERO": 5, "COD_LOCA": "08", "CLASE_TIPO": 1, "FECHA": "2024-04-30", "Preescolar": 338, "Primaria": 1247, "Secundaria": 1053, "Media": 461, "DTotal": 3099, "DANE12_EST": "111001086771" }, "geometry": { "type": "Point", "coordinates": [ -8256285.217599999159575, 517119.044300001114607 ] } },
{ "type": "Feature", "properties": { "NOMBRE_EST": "COLEGIO BELLAVISTA (IED)", "GENERO": 5, "COD_LOCA": "08", "CLASE_TIPO": 2, "FECHA": "2024-04-30", "Preescolar": 148, "Primaria": 703, "Secundaria": 630, "Media": 233, "DTotal": 1714, "DANE12_EST": "111001098892" }, "geometry": { "type": "Point", "coordinates": [ -8256922.639699999243021, 517686.192800000309944 ] } },
{ "type": "Feature", "properties": { "NOMBRE_EST": "COLEGIO EDUARDO UMAÑA LUNA (IED)", "GENERO": 5, "COD_LOCA": "08", "CLASE_TIPO": 1, "FECHA": "2024-04-30", "Preescolar": 326, "Primaria": 796, "Secundaria": 632, "Media": 249, "DTotal": 2003, "DANE12_EST": "111001098906" }, "geometry": { "type": "Point", "coordinates": [ -8257108.166999999433756, 517272.946400001645088 ] } },
{ "type": "Feature", "properties": { "NOMBRE_EST": "COLEGIO HERNANDO DURAN DUSSAN (IED)", "GENERO": 5, "COD_LOCA": "08", "CLASE_TIPO": 1, "FECHA": "2024-04-30", "Preescolar": 420, "Primaria": 963, "Secundaria": 862, "Media": 387, "DTotal": 2632, "DANE12_EST": "111001100048" }, "geometry": { "type": "Point", "coordinates": [ -8256820.206800000742078, 516512.57319999858737 ] } },
{ "type": "Feature", "properties": { "NOMBRE_EST": "COLEGIO JAIME HERNANDO GARZON FORERO (IED)", "GENERO": 5, "COD_LOCA": "07", "CLASE_TIPO": 2, "FECHA": "2024-04-30", "Preescolar": 149, "Primaria": 765, "Secundaria": 580, "Media": 232, "DTotal": 1726, "DANE12_EST": "111001100056" }, "geometry": { "type": "Point", "coordinates": [ -8257939.911699999123812, 516867.898400001227856 ] } },
{ "type": "Feature", "properties": { "NOMBRE_EST": "COLEGIO GABRIEL BETANCOURT MEJIA (IED)", "GENERO": 5, "COD_LOCA": "08", "CLASE_TIPO": 1, "FECHA": "2024-04-30", "Preescolar": 520, "Primaria": 1052, "Secundaria": 996, "Media": 530, "DTotal": 3098, "DANE12_EST": "111001104281" }, "geometry": { "type": "Point", "coordinates": [ -8254983.79590000025928, 517630.125999998301268 ] } },
{ "type": "Feature", "properties": { "NOMBRE_EST": "COLEGIO CODEMA (IED)", "GENERO": 5, "COD_LOCA": "08", "CLASE_TIPO": 1, "FECHA": "2024-04-30", "Preescolar": 245, "Primaria": 1128, "Secundaria": 1142, "Media": 467, "DTotal": 2982, "DANE12_EST": "111001104558" }, "geometry": { "type": "Point", "coordinates": [ -8256090.0756, 518002.682100001722574 ] } },
{ "type": "Feature", "properties": { "NOMBRE_EST": "COLEGIO GENERAL GUSTAVO ROJAS PINILLA (IED)", "GENERO": 5, "COD_LOCA": "08", "CLASE_TIPO": 1, "FECHA": "2024-04-30", "Preescolar": 494, "Primaria": 1533, "Secundaria": 1215, "Media": 459, "DTotal": 3701, "DANE12_EST": "111001106984" }, "geometry": { "type": "Point", "coordinates": [ -8253189.363500000908971, 518048.2347999997437 ] } },
{ "type": "Feature", "properties": { "NOMBRE_EST": "COLEGIO SALUDCOOP SUR (IED)", "GENERO": 5, "COD_LOCA": "08", "CLASE_TIPO": 1, "FECHA": "2024-04-30", "Preescolar": 529, "Primaria": 981, "Secundaria": 854, "Media": 390, "DTotal": 2754, "DANE12_EST": "111001107778" }, "geometry": { "type": "Point", "coordinates": [ -8255872.3581000007689, 517347.918200001120567 ] } },
{ "type": "Feature", "properties": { "NOMBRE_EST": "COLEGIO NELSON MANDELA (IED)", "GENERO": 5, "COD_LOCA": "08", "CLASE_TIPO": 1, "FECHA": "2024-04-30", "Preescolar": 300, "Primaria": 744, "Secundaria": 610, "Media": 288, "DTotal": 1942, "DANE12_EST": "111001110477" }, "geometry": { "type": "Point", "coordinates": [ -8257448.468399999663234, 516652.069600000977516 ] } },
{ "type": "Feature", "properties": { "NOMBRE_EST": "COLEGIO LAS MARGARITAS (IED)", "GENERO": 5, "COD_LOCA": "08", "CLASE_TIPO": 2, "FECHA": "2024-04-30", "Preescolar": 118, "Primaria": 281, "Secundaria": 205, "Media": 78, "DTotal": 682, "DANE12_EST": "111001800431" }, "geometry": { "type": "Point", "coordinates": [ -8257075.487999999895692, 516381.429200001060963 ] } },
{ "type": "Feature", "properties": { "NOMBRE_EST": "COLEGIO EMMA REYES (IED)", "GENERO": 5, "COD_LOCA": "08", "CLASE_TIPO": 2, "FECHA": "2024-04-30", "Preescolar": 100, "Primaria": 299, "Secundaria": 229, "Media": 87, "DTotal": 715, "DANE12_EST": "111001800554" }, "geometry": { "type": "Point", "coordinates": [ -8253840.247500000521541, 516451.653599999845028 ] } },
{ "type": "Feature", "properties": { "NOMBRE_EST": "COLEGIO RODRIGO ARENAS BETANCOURT (IED)", "GENERO": 5, "COD_LOCA": "09", "CLASE_TIPO": 1, "FECHA": "2024-04-30", "Preescolar": 409, "Primaria": 830, "Secundaria": 690, "Media": 285, "DTotal": 2214, "DANE12_EST": "111001014346" }, "geometry": { "type": "Point", "coordinates": [ -8253726.978800000622869, 520470.258699998259544 ] } },
{ "type": "Feature", "properties": { "NOMBRE_EST": "COLEGIO PABLO NERUDA (IED)", "GENERO": 5, "COD_LOCA": "09", "CLASE_TIPO": 1, "FECHA": "2024-04-30", "Preescolar": 181, "Primaria": 657, "Secundaria": 803, "Media": 323, "DTotal": 1964, "DANE12_EST": "111001102199" }, "geometry": { "type": "Point", "coordinates": [ -8254270.429400000721216, 520678.515599999576807 ] } },
{ "type": "Feature", "properties": { "NOMBRE_EST": "COLEGIO CARLO FEDERICI (IED)", "GENERO": 5, "COD_LOCA": "09", "CLASE_TIPO": 1, "FECHA": "2024-04-30", "Preescolar": 148, "Primaria": 848, "Secundaria": 880, "Media": 464, "DTotal": 2340, "DANE12_EST": "111001104272" }, "geometry": { "type": "Point", "coordinates": [ -8255422.906700000166893, 520632.209399998188019 ] } },
{ "type": "Feature", "properties": { "NOMBRE_EST": "COLEGIO LA FELICIDAD (IED)", "GENERO": 5, "COD_LOCA": "09", "CLASE_TIPO": 1, "FECHA": "2024-04-30", "Preescolar": 514, "Primaria": 1170, "Secundaria": 862, "Media": 237, "DTotal": 2783, "DANE12_EST": "111001800091" }, "geometry": { "type": "Point", "coordinates": [ -8252167.127800000831485, 518927.835099998861551 ] } },
{ "type": "Feature", "properties": { "NOMBRE_EST": "COLEGIO ANTONIO VAN UDEN (IED)", "GENERO": 5, "COD_LOCA": "09", "CLASE_TIPO": 1, "FECHA": "2024-04-30", "Preescolar": 278, "Primaria": 1108, "Secundaria": 847, "Media": 305, "DTotal": 2538, "DANE12_EST": "111279000061" }, "geometry": { "type": "Point", "coordinates": [ -8255302.951099999248981, 522553.590300001204014 ] } },
{ "type": "Feature", "properties": { "NOMBRE_EST": "COLEGIO VILLEMAR EL CARMEN (IED)", "GENERO": 5, "COD_LOCA": "09", "CLASE_TIPO": 1, "FECHA": "2024-04-30", "Preescolar": 285, "Primaria": 1389, "Secundaria": 1309, "Media": 429, "DTotal": 3412, "DANE12_EST": "111279000125" }, "geometry": { "type": "Point", "coordinates": [ -8253138.619699999690056, 520756.242899999022484 ] } },
{ "type": "Feature", "properties": { "NOMBRE_EST": "COLEGIO INSTITUTO TECNICO INTERNACIONAL (IED)", "GENERO": 5, "COD_LOCA": "09", "CLASE_TIPO": 1, "FECHA": "2024-04-30", "Preescolar": 335, "Primaria": 1374, "Secundaria": 1117, "Media": 475, "DTotal": 3301, "DANE12_EST": "111279000168" }, "geometry": { "type": "Point", "coordinates": [ -8253808.1173, 522307.828600000590086 ] } },
{ "type": "Feature", "properties": { "NOMBRE_EST": "COLEGIO LUIS ANGEL ARANGO (IED)", "GENERO": 5, "COD_LOCA": "09", "CLASE_TIPO": 1, "FECHA": "2024-04-30", "Preescolar": 72, "Primaria": 381, "Secundaria": 489, "Media": 196, "DTotal": 1138, "DANE12_EST": "111279000184" }, "geometry": { "type": "Point", "coordinates": [ -8253008.877900000661612, 521793.144400000572205 ] } },
{ "type": "Feature", "properties": { "NOMBRE_EST": "COLEGIO COSTA RICA (IED)", "GENERO": 5, "COD_LOCA": "09", "CLASE_TIPO": 1, "FECHA": "2024-04-30", "Preescolar": 347, "Primaria": 907, "Secundaria": 802, "Media": 482, "DTotal": 2538, "DANE12_EST": "111279000362" }, "geometry": { "type": "Point", "coordinates": [ -8253003.905300000682473, 521483.948399998247623 ] } },
{ "type": "Feature", "properties": { "NOMBRE_EST": "COLEGIO INTEGRADO DE FONTIBON IBEP (IED)", "GENERO": 5, "COD_LOCA": "09", "CLASE_TIPO": 1, "FECHA": "2024-04-30", "Preescolar": 384, "Primaria": 1472, "Secundaria": 1419, "Media": 845, "DTotal": 4120, "DANE12_EST": "111279000966" }, "geometry": { "type": "Point", "coordinates": [ -8254053.4199, 521359.494899999350309 ] } },
{ "type": "Feature", "properties": { "NOMBRE_EST": "COLEGIO ATAHUALPA (IED)", "GENERO": 5, "COD_LOCA": "09", "CLASE_TIPO": 1, "FECHA": "2024-04-30", "Preescolar": 183, "Primaria": 556, "Secundaria": 448, "Media": 145, "DTotal": 1332, "DANE12_EST": "111279001296" }, "geometry": { "type": "Point", "coordinates": [ -8254160.839800000190735, 522479.27140000090003 ] } },
{ "type": "Feature", "properties": { "NOMBRE_EST": "COLEGIO INSTITUTO TECNICO LAUREANO GOMEZ (IED)", "GENERO": 5, "COD_LOCA": "10", "CLASE_TIPO": 1, "FECHA": "2024-04-30", "Preescolar": 304, "Primaria": 1178, "Secundaria": 1162, "Media": 345, "DTotal": 2989, "DANE12_EST": "111001000272" }, "geometry": { "type": "Point", "coordinates": [ -8248930.171800000593066, 525800.247000001370907 ] } },
{ "type": "Feature", "properties": { "NOMBRE_EST": "COLEGIO MARCO TULIO FERNANDEZ (IED)", "GENERO": 5, "COD_LOCA": "10", "CLASE_TIPO": 1, "FECHA": "2024-04-30", "Preescolar": 114, "Primaria": 389, "Secundaria": 309, "Media": 154, "DTotal": 966, "DANE12_EST": "111001001121" }, "geometry": { "type": "Point", "coordinates": [ -8249025.873199999332428, 520916.796000000089407 ] } },
{ "type": "Feature", "properties": { "NOMBRE_EST": "COLEGIO NUEVA CONSTITUCION (IED)", "GENERO": 5, "COD_LOCA": "10", "CLASE_TIPO": 1, "FECHA": "2024-04-30", "Preescolar": 244, "Primaria": 783, "Secundaria": 881, "Media": 474, "DTotal": 2382, "DANE12_EST": "111001001538" }, "geometry": { "type": "Point", "coordinates": [ -8251204.81870000064373, 525005.672699999064207 ] } },
{ "type": "Feature", "properties": { "NOMBRE_EST": "COLEGIO ANTONIO NARIÑO (IED)", "GENERO": 5, "COD_LOCA": "10", "CLASE_TIPO": 1, "FECHA": "2024-04-30", "Preescolar": 356, "Primaria": 900, "Secundaria": 894, "Media": 400, "DTotal": 2550, "DANE12_EST": "111001006483" }, "geometry": { "type": "Point", "coordinates": [ -8249221.260099999606609, 522199.794900000095367 ] } },
{ "type": "Feature", "properties": { "NOMBRE_EST": "COLEGIO ROBERT F. KENNEDY (IED)", "GENERO": 5, "COD_LOCA": "10", "CLASE_TIPO": 1, "FECHA": "2024-04-30", "Preescolar": 105, "Primaria": 644, "Secundaria": 642, "Media": 310, "DTotal": 1701, "DANE12_EST": "111001009521" }, "geometry": { "type": "Point", "coordinates": [ -8248920.384600000455976, 521444.486900001764297 ] } },
{ "type": "Feature", "properties": { "NOMBRE_EST": "COLEGIO INSTITUTO TECNICO JUAN DEL CORRAL (IED)", "GENERO": 5, "COD_LOCA": "10", "CLASE_TIPO": 1, "FECHA": "2024-04-30", "Preescolar": 80, "Primaria": 507, "Secundaria": 524, "Media": 268, "DTotal": 1379, "DANE12_EST": "111001009580" }, "geometry": { "type": "Point", "coordinates": [ -8246826.87470000050962, 522363.497699998319149 ] } },
{ "type": "Feature", "properties": { "NOMBRE_EST": "COLEGIO REPUBLICA DE COLOMBIA (IED)", "GENERO": 5, "COD_LOCA": "10", "CLASE_TIPO": 1, "FECHA": "2024-04-30", "Preescolar": 209, "Primaria": 831, "Secundaria": 743, "Media": 386, "DTotal": 2169, "DANE12_EST": "111001009971" }, "geometry": { "type": "Point", "coordinates": [ -8247837.858200000599027, 521262.256499998271465 ] } },
{ "type": "Feature", "properties": { "NOMBRE_EST": "COLEGIO INSTITUTO TECNICO INDUSTRIAL FRANCISCO JOSE DE CALDAS (IED)", "GENERO": 5, "COD_LOCA": "10", "CLASE_TIPO": 1, "FECHA": "2024-04-30", "Preescolar": 317, "Primaria": 1543, "Secundaria": 1745, "Media": 622, "DTotal": 4227, "DANE12_EST": "111001010740" }, "geometry": { "type": "Point", "coordinates": [ -8248262.33500000089407, 520315.397300001233816 ] } },
{ "type": "Feature", "properties": { "NOMBRE_EST": "COLEGIO MIGUEL ANTONIO CARO (IED)", "GENERO": 5, "COD_LOCA": "10", "CLASE_TIPO": 1, "FECHA": "2024-04-30", "Preescolar": 132, "Primaria": 530, "Secundaria": 480, "Media": 257, "DTotal": 1399, "DANE12_EST": "111001011070" }, "geometry": { "type": "Point", "coordinates": [ -8249322.851299999281764, 524716.295200001448393 ] } },
{ "type": "Feature", "properties": { "NOMBRE_EST": "COLEGIO JOSE ASUNCION SILVA (IED)", "GENERO": 5, "COD_LOCA": "10", "CLASE_TIPO": 1, "FECHA": "2024-04-30", "Preescolar": 109, "Primaria": 307, "Secundaria": 269, "Media": 119, "DTotal": 804, "DANE12_EST": "111001011771" }, "geometry": { "type": "Point", "coordinates": [ -8248612.589600000530481, 525211.969399999827147 ] } },
{ "type": "Feature", "properties": { "NOMBRE_EST": "COLEGIO MORISCO (IED)", "GENERO": 5, "COD_LOCA": "10", "CLASE_TIPO": 1, "FECHA": "2024-04-30", "Preescolar": 76, "Primaria": 386, "Secundaria": 446, "Media": 176, "DTotal": 1084, "DANE12_EST": "111001012441" }, "geometry": { "type": "Point", "coordinates": [ -8247720.661100000143051, 524420.169100001454353 ] } },
{ "type": "Feature", "properties": { "NOMBRE_EST": "COLEGIO SAN JOSE NORTE (IED)", "GENERO": 5, "COD_LOCA": "10", "CLASE_TIPO": 1, "FECHA": "2024-04-30", "Preescolar": 109, "Primaria": 515, "Secundaria": 500, "Media": 125, "DTotal": 1249, "DANE12_EST": "111001012459" }, "geometry": { "type": "Point", "coordinates": [ -8248996.509400000795722, 523709.195700000971556 ] } },
{ "type": "Feature", "properties": { "NOMBRE_EST": "COLEGIO TABORA (IED)", "GENERO": 5, "COD_LOCA": "10", "CLASE_TIPO": 1, "FECHA": "2024-04-30", "Preescolar": 200, "Primaria": 722, "Secundaria": 569, "Media": 222, "DTotal": 1713, "DANE12_EST": "111001012483" }, "geometry": { "type": "Point", "coordinates": [ -8248550.064799999818206, 523124.665100000798702 ] } },
{ "type": "Feature", "properties": { "NOMBRE_EST": "COLEGIO NACIONES UNIDAS (IED)", "GENERO": 5, "COD_LOCA": "10", "CLASE_TIPO": 1, "FECHA": "2024-04-30", "Preescolar": 304, "Primaria": 428, "Secundaria": 276, "Media": 70, "DTotal": 1078, "DANE12_EST": "111001013293" }, "geometry": { "type": "Point", "coordinates": [ -8247343.005300000309944, 521642.439399998635054 ] } },
{ "type": "Feature", "properties": { "NOMBRE_EST": "COLEGIO FLORIDABLANCA (IED)", "GENERO": 5, "COD_LOCA": "10", "CLASE_TIPO": 1, "FECHA": "2024-04-30", "Preescolar": 146, "Primaria": 845, "Secundaria": 735, "Media": 273, "DTotal": 1999, "DANE12_EST": "111001015458" }, "geometry": { "type": "Point", "coordinates": [ -8250361.163899999111891, 523567.230399999767542 ] } },
{ "type": "Feature", "properties": { "NOMBRE_EST": "COLEGIO JORGE GAITAN CORTES (IED)", "GENERO": 5, "COD_LOCA": "10", "CLASE_TIPO": 1, "FECHA": "2024-04-30", "Preescolar": 101, "Primaria": 554, "Secundaria": 443, "Media": 182, "DTotal": 1280, "DANE12_EST": "111001015806" }, "geometry": { "type": "Point", "coordinates": [ -8248676.0929000005126, 524777.272599998861551 ] } },
{ "type": "Feature", "properties": { "NOMBRE_EST": "COLEGIO REPUBLICA DE CHINA (IED)", "GENERO": 5, "COD_LOCA": "10", "CLASE_TIPO": 1, "FECHA": "2024-04-30", "Preescolar": 170, "Primaria": 683, "Secundaria": 800, "Media": 361, "DTotal": 2014, "DANE12_EST": "111001015814" }, "geometry": { "type": "Point", "coordinates": [ -8249199.206599999219179, 524648.988899998366833 ] } },
{ "type": "Feature", "properties": { "NOMBRE_EST": "COLEGIO MAGDALENA ORTEGA DE NARIÑO (IED)", "GENERO": 5, "COD_LOCA": "10", "CLASE_TIPO": 1, "FECHA": "2024-04-30", "Preescolar": 58, "Primaria": 590, "Secundaria": 728, "Media": 405, "DTotal": 1781, "DANE12_EST": "111001017795" }, "geometry": { "type": "Point", "coordinates": [ -8246906.269999999552965, 522297.491300001740456 ] } },
{ "type": "Feature", "properties": { "NOMBRE_EST": "COLEGIO VILLA AMALIA (IED)", "GENERO": 5, "COD_LOCA": "10", "CLASE_TIPO": 1, "FECHA": "2024-04-30", "Preescolar": 82, "Primaria": 688, "Secundaria": 482, "Media": 202, "DTotal": 1454, "DANE12_EST": "111001025216" }, "geometry": { "type": "Point", "coordinates": [ -8251654.578299999237061, 525012.35249999910593 ] } },
{ "type": "Feature", "properties": { "NOMBRE_EST": "COLEGIO GARCES NAVAS (IED)", "GENERO": 5, "COD_LOCA": "10", "CLASE_TIPO": 1, "FECHA": "2024-04-30", "Preescolar": 269, "Primaria": 826, "Secundaria": 743, "Media": 280, "DTotal": 2118, "DANE12_EST": "111001033979" }, "geometry": { "type": "Point", "coordinates": [ -8250689.447300000116229, 524952.735800001770258 ] } },
{ "type": "Feature", "properties": { "NOMBRE_EST": "COLEGIO GUILLERMO LEON VALENCIA (IED)", "GENERO": 5, "COD_LOCA": "10", "CLASE_TIPO": 1, "FECHA": "2024-04-30", "Preescolar": 38, "Primaria": 181, "Secundaria": 165, "Media": 79, "DTotal": 463, "DANE12_EST": "111001034002" }, "geometry": { "type": "Point", "coordinates": [ -8249720.006999999284744, 524285.672200001776218 ] } },
{ "type": "Feature", "properties": { "NOMBRE_EST": "COLEGIO NESTOR FORERO ALCALA (IED)", "GENERO": 5, "COD_LOCA": "10", "CLASE_TIPO": 1, "FECHA": "2024-04-30", "Preescolar": 55, "Primaria": 333, "Secundaria": 312, "Media": 122, "DTotal": 822, "DANE12_EST": "111001035521" }, "geometry": { "type": "Point", "coordinates": [ -8248052.560100000351667, 521977.192899998277426 ] } },
{ "type": "Feature", "properties": { "NOMBRE_EST": "COLEGIO INSTITUTO TECNICO DISTRITAL REPUBLICA DE GUATEMALA (IED)", "GENERO": 5, "COD_LOCA": "10", "CLASE_TIPO": 1, "FECHA": "2024-04-30", "Preescolar": 106, "Primaria": 485, "Secundaria": 401, "Media": 180, "DTotal": 1172, "DANE12_EST": "111001036625" }, "geometry": { "type": "Point", "coordinates": [ -8247305.375900000333786, 522690.791299998760223 ] } },
{ "type": "Feature", "properties": { "NOMBRE_EST": "COLEGIO MANUELA AYALA DE GAITAN (IED)", "GENERO": 5, "COD_LOCA": "10", "CLASE_TIPO": 1, "FECHA": "2024-04-30", "Preescolar": 80, "Primaria": 709, "Secundaria": 597, "Media": 297, "DTotal": 1683, "DANE12_EST": "111001046299" }, "geometry": { "type": "Point", "coordinates": [ -8248723.2043999992311, 522470.039000000804663 ] } },
{ "type": "Feature", "properties": { "NOMBRE_EST": "COLEGIO LAS MERCEDES (IED)", "GENERO": 5, "COD_LOCA": "10", "CLASE_TIPO": 2, "FECHA": "2024-04-30", "Preescolar": 103, "Primaria": 564, "Secundaria": 443, "Media": 218, "DTotal": 1328, "DANE12_EST": "111001098922" }, "geometry": { "type": "Point", "coordinates": [ -8251578.043999999761581, 523816.993299998342991 ] } },
{ "type": "Feature", "properties": { "NOMBRE_EST": "COLEGIO TORQUIGUA (IED)", "GENERO": 5, "COD_LOCA": "10", "CLASE_TIPO": 2, "FECHA": "2024-04-30", "Preescolar": 80, "Primaria": 474, "Secundaria": 430, "Media": 219, "DTotal": 1203, "DANE12_EST": "111001098931" }, "geometry": { "type": "Point", "coordinates": [ -8253662.77419999986887, 526202.892299998551607 ] } },
{ "type": "Feature", "properties": { "NOMBRE_EST": "COLEGIO BOLIVIA (IED)", "GENERO": 5, "COD_LOCA": "10", "CLASE_TIPO": 1, "FECHA": "2024-04-30", "Preescolar": 0, "Primaria": 140, "Secundaria": 231, "Media": 88, "DTotal": 459, "DANE12_EST": "111001104035" }, "geometry": { "type": "Point", "coordinates": [ -8246778.310399999842048, 522044.336300000548363 ] } },
{ "type": "Feature", "properties": { "NOMBRE_EST": "COLEGIO TOMAS CIPRIANO DE MOSQUERA (IED)", "GENERO": 5, "COD_LOCA": "10", "CLASE_TIPO": 1, "FECHA": "2024-04-30", "Preescolar": 364, "Primaria": 834, "Secundaria": 690, "Media": 320, "DTotal": 2208, "DANE12_EST": "111001108456" }, "geometry": { "type": "Point", "coordinates": [ -8252623.209300000220537, 524697.9847999997437 ] } },
{ "type": "Feature", "properties": { "NOMBRE_EST": "COLEGIO CHARRY (IED)", "GENERO": 5, "COD_LOCA": "10", "CLASE_TIPO": 1, "FECHA": "2024-04-30", "Preescolar": 196, "Primaria": 970, "Secundaria": 1109, "Media": 758, "DTotal": 3033, "DANE12_EST": "111001108901" }, "geometry": { "type": "Point", "coordinates": [ -8251034.815999999642372, 525355.259399998933077 ] } },
{ "type": "Feature", "properties": { "NOMBRE_EST": "COLEGIO RODOLFO LLINAS (IED)", "GENERO": 5, "COD_LOCA": "10", "CLASE_TIPO": 1, "FECHA": "2024-04-30", "Preescolar": 186, "Primaria": 1047, "Secundaria": 1092, "Media": 452, "DTotal": 2777, "DANE12_EST": "111001109550" }, "geometry": { "type": "Point", "coordinates": [ -8249783.424599999561906, 525993.345100000500679 ] } },
{ "type": "Feature", "properties": { "NOMBRE_EST": "COLEGIO ABEL RODRIGUEZ CESPEDES (IED)", "GENERO": 5, "COD_LOCA": "10", "CLASE_TIPO": 1, "FECHA": "2024-04-30", "Preescolar": 244, "Primaria": 530, "Secundaria": 403, "Media": 172, "DTotal": 1349, "DANE12_EST": "111001801055" }, "geometry": { "type": "Point", "coordinates": [ -8252076.954500000923872, 525588.704100001603365 ] } },
{ "type": "Feature", "properties": { "NOMBRE_EST": "COLEGIO LUCILA RUBIO DE LAVERDE (IED)", "GENERO": 5, "COD_LOCA": "10", "CLASE_TIPO": 1, "FECHA": "2024-04-30", "Preescolar": 217, "Primaria": 590, "Secundaria": 407, "Media": 126, "DTotal": 1340, "DANE12_EST": "111001801071" }, "geometry": { "type": "Point", "coordinates": [ -8252830.076500000432134, 526598.031500000506639 ] } },
{ "type": "Feature", "properties": { "NOMBRE_EST": "COLEGIO LA PALESTINA (IED)", "GENERO": 5, "COD_LOCA": "10", "CLASE_TIPO": 1, "FECHA": "2024-04-30", "Preescolar": 129, "Primaria": 676, "Secundaria": 424, "Media": 190, "DTotal": 1419, "DANE12_EST": "111265000017" }, "geometry": { "type": "Point", "coordinates": [ -8248059.014399999752641, 523474.177999999374151 ] } },
{ "type": "Feature", "properties": { "NOMBRE_EST": "COLEGIO GENERAL SANTANDER (IED)", "GENERO": 5, "COD_LOCA": "10", "CLASE_TIPO": 1, "FECHA": "2024-04-30", "Preescolar": 497, "Primaria": 1699, "Secundaria": 1565, "Media": 618, "DTotal": 4379, "DANE12_EST": "111265000025" }, "geometry": { "type": "Point", "coordinates": [ -8253275.595000000670552, 525633.869500000029802 ] } },
{ "type": "Feature", "properties": { "NOMBRE_EST": "COLEGIO ANTONIO VILLAVICENCIO (IED)", "GENERO": 5, "COD_LOCA": "10", "CLASE_TIPO": 1, "FECHA": "2024-04-30", "Preescolar": 242, "Primaria": 672, "Secundaria": 694, "Media": 274, "DTotal": 1882, "DANE12_EST": "111265000343" }, "geometry": { "type": "Point", "coordinates": [ -8252585.526499999687076, 524358.49269999936223 ] } },
{ "type": "Feature", "properties": { "NOMBRE_EST": "COLEGIO SIMON BOLIVAR (IED)", "GENERO": 5, "COD_LOCA": "10", "CLASE_TIPO": 1, "FECHA": "2024-04-30", "Preescolar": 93, "Primaria": 753, "Secundaria": 538, "Media": 224, "DTotal": 1608, "DANE12_EST": "111265000394" }, "geometry": { "type": "Point", "coordinates": [ -8248755.848899999633431, 525071.974399998784065 ] } },
{ "type": "Feature", "properties": { "NOMBRE_EST": "COLEGIO NIDIA QUINTERO DE TURBAY (IED)", "GENERO": 5, "COD_LOCA": "10", "CLASE_TIPO": 1, "FECHA": "2024-04-30", "Preescolar": 146, "Primaria": 558, "Secundaria": 508, "Media": 239, "DTotal": 1451, "DANE12_EST": "111265000408" }, "geometry": { "type": "Point", "coordinates": [ -8249682.522399999201298, 524011.387600000947714 ] } },
{ "type": "Feature", "properties": { "NOMBRE_EST": "COLEGIO LA GAITANA (IED)", "GENERO": 5, "COD_LOCA": "11", "CLASE_TIPO": 1, "FECHA": "2024-04-30", "Preescolar": 193, "Primaria": 925, "Secundaria": 895, "Media": 408, "DTotal": 2421, "DANE12_EST": "111001002330" }, "geometry": { "type": "Point", "coordinates": [ -8249732.771999999880791, 528505.028299998492002 ] } },
{ "type": "Feature", "properties": { "NOMBRE_EST": "COLEGIO INSTITUTO TECNICO DISTRITAL JULIO FLOREZ (IED)", "GENERO": 5, "COD_LOCA": "11", "CLASE_TIPO": 1, "FECHA": "2024-04-30", "Preescolar": 148, "Primaria": 552, "Secundaria": 497, "Media": 232, "DTotal": 1429, "DANE12_EST": "111001015776" }, "geometry": { "type": "Point", "coordinates": [ -8245892.589099999517202, 523337.615800000727177 ] } },
{ "type": "Feature", "properties": { "NOMBRE_EST": "COLEGIO ALBERTO LLERAS CAMARGO (IED)", "GENERO": 5, "COD_LOCA": "11", "CLASE_TIPO": 1, "FECHA": "2024-04-30", "Preescolar": 405, "Primaria": 1397, "Secundaria": 1227, "Media": 573, "DTotal": 3602, "DANE12_EST": "111001025020" }, "geometry": { "type": "Point", "coordinates": [ -8249050.324500000104308, 528646.581599999219179 ] } },
{ "type": "Feature", "properties": { "NOMBRE_EST": "COLEGIO TIBABUYES UNIVERSAL (IED)", "GENERO": 5, "COD_LOCA": "11", "CLASE_TIPO": 1, "FECHA": "2024-04-30", "Preescolar": 673, "Primaria": 1633, "Secundaria": 1419, "Media": 513, "DTotal": 4238, "DANE12_EST": "111001045225" }, "geometry": { "type": "Point", "coordinates": [ -8249939.72719999961555, 528951.299499999731779 ] } },
{ "type": "Feature", "properties": { "NOMBRE_EST": "COLEGIO NUEVA COLOMBIA (IED)", "GENERO": 5, "COD_LOCA": "11", "CLASE_TIPO": 1, "FECHA": "2024-04-30", "Preescolar": 461, "Primaria": 1160, "Secundaria": 1134, "Media": 369, "DTotal": 3124, "DANE12_EST": "111001075272" }, "geometry": { "type": "Point", "coordinates": [ -8248703.273800000548363, 526974.421900000423193 ] } },
{ "type": "Feature", "properties": { "NOMBRE_EST": "COLEGIO GUSTAVO MORALES MORALES (IED)", "GENERO": 5, "COD_LOCA": "11", "CLASE_TIPO": 1, "FECHA": "2024-04-30", "Preescolar": 358, "Primaria": 963, "Secundaria": 868, "Media": 292, "DTotal": 2481, "DANE12_EST": "111001075515" }, "geometry": { "type": "Point", "coordinates": [ -8244810.177400000393391, 525653.418400000780821 ] } },
{ "type": "Feature", "properties": { "NOMBRE_EST": "COLEGIO RAMON DE ZUBIRIA (IED)", "GENERO": 5, "COD_LOCA": "11", "CLASE_TIPO": 1, "FECHA": "2024-04-30", "Preescolar": 445, "Primaria": 1580, "Secundaria": 1199, "Media": 413, "DTotal": 3637, "DANE12_EST": "111001086665" }, "geometry": { "type": "Point", "coordinates": [ -8247916.985300000756979, 526664.651299998164177 ] } },
{ "type": "Feature", "properties": { "NOMBRE_EST": "COLEGIO ALVARO GOMEZ HURTADO (IED)", "GENERO": 5, "COD_LOCA": "11", "CLASE_TIPO": 1, "FECHA": "2024-04-30", "Preescolar": 503, "Primaria": 1807, "Secundaria": 951, "Media": 406, "DTotal": 3667, "DANE12_EST": "111001093084" }, "geometry": { "type": "Point", "coordinates": [ -8248439.004599999636412, 527176.924300000071526 ] } },
{ "type": "Feature", "properties": { "NOMBRE_EST": "COLEGIO LA TOSCANA - LISBOA (IED)", "GENERO": 5, "COD_LOCA": "11", "CLASE_TIPO": 1, "FECHA": "2024-04-30", "Preescolar": 616, "Primaria": 1378, "Secundaria": 634, "Media": 225, "DTotal": 2853, "DANE12_EST": "111001094889" }, "geometry": { "type": "Point", "coordinates": [ -8250269.177200000733137, 528655.187600001692772 ] } },
{ "type": "Feature", "properties": { "NOMBRE_EST": "COLEGIO BILBAO (IED)", "GENERO": 5, "COD_LOCA": "11", "CLASE_TIPO": 2, "FECHA": "2024-04-30", "Preescolar": 115, "Primaria": 707, "Secundaria": 657, "Media": 181, "DTotal": 1660, "DANE12_EST": "111001098949" }, "geometry": { "type": "Point", "coordinates": [ -8249594.791500000283122, 529352.57319999858737 ] } },
{ "type": "Feature", "properties": { "NOMBRE_EST": "COLEGIO JOSE MARIA VELAZ (IED)", "GENERO": 5, "COD_LOCA": "11", "CLASE_TIPO": 2, "FECHA": "2024-04-30", "Preescolar": 111, "Primaria": 671, "Secundaria": 574, "Media": 220, "DTotal": 1576, "DANE12_EST": "111001104043" }, "geometry": { "type": "Point", "coordinates": [ -8250175.095599999651313, 528774.902399998158216 ] } },
{ "type": "Feature", "properties": { "NOMBRE_EST": "COLEGIO DELIA ZAPATA OLIVELLA (IED)", "GENERO": 5, "COD_LOCA": "11", "CLASE_TIPO": 1, "FECHA": "2024-04-30", "Preescolar": 214, "Primaria": 1006, "Secundaria": 866, "Media": 435, "DTotal": 2521, "DANE12_EST": "111001104256" }, "geometry": { "type": "Point", "coordinates": [ -8250257.814799999818206, 529733.297800000756979 ] } },
{ "type": "Feature", "properties": { "NOMBRE_EST": "COLEGIO GERARDO MOLINA RAMIREZ (IED)", "GENERO": 5, "COD_LOCA": "11", "CLASE_TIPO": 1, "FECHA": "2024-04-30", "Preescolar": 390, "Primaria": 1421, "Secundaria": 1316, "Media": 555, "DTotal": 3682, "DANE12_EST": "111001104264" }, "geometry": { "type": "Point", "coordinates": [ -8250535.507999999448657, 529269.761500000953674 ] } },
{ "type": "Feature", "properties": { "NOMBRE_EST": "COLEGIO GONZALO ARANGO (IED)", "GENERO": 5, "COD_LOCA": "11", "CLASE_TIPO": 1, "FECHA": "2024-04-30", "Preescolar": 718, "Primaria": 1082, "Secundaria": 719, "Media": 312, "DTotal": 2831, "DANE12_EST": "111001104388" }, "geometry": { "type": "Point", "coordinates": [ -8248180.484099999070168, 527160.374000001698732 ] } },
{ "type": "Feature", "properties": { "NOMBRE_EST": "COLEGIO VIRGINIA GUTIERREZ DE PINEDA (IED)", "GENERO": 5, "COD_LOCA": "11", "CLASE_TIPO": 1, "FECHA": "2024-04-30", "Preescolar": 182, "Primaria": 798, "Secundaria": 838, "Media": 436, "DTotal": 2254, "DANE12_EST": "111001107069" }, "geometry": { "type": "Point", "coordinates": [ -8247803.16440000012517, 527285.477699998766184 ] } },
{ "type": "Feature", "properties": { "NOMBRE_EST": "COLEGIO VEINTIUN ANGELES (IED)", "GENERO": 5, "COD_LOCA": "11", "CLASE_TIPO": 1, "FECHA": "2024-04-30", "Preescolar": 452, "Primaria": 1373, "Secundaria": 958, "Media": 454, "DTotal": 3237, "DANE12_EST": "111001107077" }, "geometry": { "type": "Point", "coordinates": [ -8246586.345499999821186, 529313.191700000315905 ] } },
{ "type": "Feature", "properties": { "NOMBRE_EST": "COLEGIO NICOLAS BUENAVENTURA (IED)", "GENERO": 5, "COD_LOCA": "11", "CLASE_TIPO": 1, "FECHA": "2024-04-30", "Preescolar": 260, "Primaria": 1112, "Secundaria": 630, "Media": 365, "DTotal": 2367, "DANE12_EST": "111001107786" }, "geometry": { "type": "Point", "coordinates": [ -8247775.261099999770522, 529825.948399998247623 ] } },
{ "type": "Feature", "properties": { "NOMBRE_EST": "COLEGIO FILARMONICO JORGE MARIO BERGOGLIO (IED)", "GENERO": 5, "COD_LOCA": "11", "CLASE_TIPO": 1, "FECHA": "2024-04-30", "Preescolar": 185, "Primaria": 410, "Secundaria": 266, "Media": 103, "DTotal": 964, "DANE12_EST": "111001800163" }, "geometry": { "type": "Point", "coordinates": [ -8249119.3816, 529221.249200001358986 ] } },
{ "type": "Feature", "properties": { "NOMBRE_EST": "COLEGIO COMPARTIR SUBA (IED)", "GENERO": 5, "COD_LOCA": "11", "CLASE_TIPO": 1, "FECHA": "2024-04-30", "Preescolar": 160, "Primaria": 673, "Secundaria": 461, "Media": 209, "DTotal": 1503, "DANE12_EST": "111001800813" }, "geometry": { "type": "Point", "coordinates": [ -8249487.815700000151992, 529928.100600000470877 ] } },
{ "type": "Feature", "properties": { "NOMBRE_EST": "COLEGIO FILARMONICO SIMON BOLIVAR (IED)", "GENERO": 5, "COD_LOCA": "11", "CLASE_TIPO": 1, "FECHA": "2024-04-30", "Preescolar": 107, "Primaria": 978, "Secundaria": 743, "Media": 384, "DTotal": 2212, "DANE12_EST": "111769000174" }, "geometry": { "type": "Point", "coordinates": [ -8247012.619000000879169, 528409.979699999094009 ] } },
{ "type": "Feature", "properties": { "NOMBRE_EST": "COLEGIO EL SALITRE - SUBA (IED)", "GENERO": 5, "COD_LOCA": "11", "CLASE_TIPO": 1, "FECHA": "2024-04-30", "Preescolar": 439, "Primaria": 1613, "Secundaria": 1205, "Media": 424, "DTotal": 3681, "DANE12_EST": "111769000247" }, "geometry": { "type": "Point", "coordinates": [ -8246226.863700000569224, 530450.215799998492002 ] } },
{ "type": "Feature", "properties": { "NOMBRE_EST": "COLEGIO PRADO VERANIEGO (IED)", "GENERO": 5, "COD_LOCA": "11", "CLASE_TIPO": 1, "FECHA": "2024-04-30", "Preescolar": 167, "Primaria": 635, "Secundaria": 581, "Media": 241, "DTotal": 1624, "DANE12_EST": "111769000956" }, "geometry": { "type": "Point", "coordinates": [ -8243712.32120000012219, 525681.658700000494719 ] } },
{ "type": "Feature", "properties": { "NOMBRE_EST": "COLEGIO ANIBAL FERNANDEZ DE SOTO (IED)", "GENERO": 5, "COD_LOCA": "11", "CLASE_TIPO": 1, "FECHA": "2024-04-30", "Preescolar": 64, "Primaria": 649, "Secundaria": 627, "Media": 252, "DTotal": 1592, "DANE12_EST": "111769001502" }, "geometry": { "type": "Point", "coordinates": [ -8244025.565300000831485, 526366.4222999997437 ] } },
{ "type": "Feature", "properties": { "NOMBRE_EST": "COLEGIO NUEVA ZELANDIA (IED)", "GENERO": 5, "COD_LOCA": "11", "CLASE_TIPO": 1, "FECHA": "2024-04-30", "Preescolar": 274, "Primaria": 799, "Secundaria": 501, "Media": 167, "DTotal": 1741, "DANE12_EST": "111769001871" }, "geometry": { "type": "Point", "coordinates": [ -8243169.256799999624491, 530400.088100001215935 ] } },
{ "type": "Feature", "properties": { "NOMBRE_EST": "COLEGIO VISTA BELLA (IED)", "GENERO": 5, "COD_LOCA": "11", "CLASE_TIPO": 1, "FECHA": "2024-04-30", "Preescolar": 90, "Primaria": 637, "Secundaria": 588, "Media": 244, "DTotal": 1559, "DANE12_EST": "111769003114" }, "geometry": { "type": "Point", "coordinates": [ -8243766.3301, 529236.211399998515844 ] } },
{ "type": "Feature", "properties": { "NOMBRE_EST": "COLEGIO VILLA ELISA (IED)", "GENERO": 5, "COD_LOCA": "11", "CLASE_TIPO": 1, "FECHA": "2024-04-30", "Preescolar": 166, "Primaria": 918, "Secundaria": 831, "Media": 305, "DTotal": 2220, "DANE12_EST": "111769003122" }, "geometry": { "type": "Point", "coordinates": [ -8247425.661100000143051, 527408.125399999320507 ] } },
{ "type": "Feature", "properties": { "NOMBRE_EST": "COLEGIO REPUBLICA DOMINICANA (IED)", "GENERO": 5, "COD_LOCA": "11", "CLASE_TIPO": 1, "FECHA": "2024-04-30", "Preescolar": 689, "Primaria": 2185, "Secundaria": 1926, "Media": 887, "DTotal": 5687, "DANE12_EST": "111769003360" }, "geometry": { "type": "Point", "coordinates": [ -8249772.6711, 528174.233300000429153 ] } },
{ "type": "Feature", "properties": { "NOMBRE_EST": "COLEGIO JUAN LOZANO Y LOZANO (IED)", "GENERO": 5, "COD_LOCA": "11", "CLASE_TIPO": 1, "FECHA": "2024-04-30", "Preescolar": 541, "Primaria": 1275, "Secundaria": 1584, "Media": 680, "DTotal": 4080, "DANE12_EST": "111769003416" }, "geometry": { "type": "Point", "coordinates": [ -8247999.03999999910593, 528357.749899998307228 ] } },
{ "type": "Feature", "properties": { "NOMBRE_EST": "COLEGIO GERARDO PAREDES (IED)", "GENERO": 5, "COD_LOCA": "11", "CLASE_TIPO": 1, "FECHA": "2024-04-30", "Preescolar": 789, "Primaria": 2667, "Secundaria": 2108, "Media": 1144, "DTotal": 6708, "DANE12_EST": "111769003424" }, "geometry": { "type": "Point", "coordinates": [ -8248066.847999999299645, 526679.552000001072884 ] } },
{ "type": "Feature", "properties": { "NOMBRE_EST": "COLEGIO HUNZA (IED)", "GENERO": 5, "COD_LOCA": "11", "CLASE_TIPO": 1, "FECHA": "2024-04-30", "Preescolar": 338, "Primaria": 721, "Secundaria": 562, "Media": 210, "DTotal": 1831, "DANE12_EST": "111769004188" }, "geometry": { "type": "Point", "coordinates": [ -8246898.126900000497699, 526394.905600000172853 ] } },
{ "type": "Feature", "properties": { "NOMBRE_EST": "COLEGIO FEMENINO LORENCITA VILLEGAS DE SANTOS (IED)", "GENERO": 1, "COD_LOCA": "12", "CLASE_TIPO": 1, "FECHA": "2024-04-30", "Preescolar": 70, "Primaria": 292, "Secundaria": 225, "Media": 93, "DTotal": 680, "DANE12_EST": "111001000612" }, "geometry": { "type": "Point", "coordinates": [ -8245651.192800000309944, 520731.662000000476837 ] } },
{ "type": "Feature", "properties": { "NOMBRE_EST": "COLEGIO TECNICO DOMINGO FAUSTINO SARMIENTO (IED)", "GENERO": 5, "COD_LOCA": "12", "CLASE_TIPO": 1, "FECHA": "2024-04-30", "Preescolar": 152, "Primaria": 456, "Secundaria": 467, "Media": 209, "DTotal": 1284, "DANE12_EST": "111001008389" }, "geometry": { "type": "Point", "coordinates": [ -8245050.919099999591708, 522091.501200001686811 ] } },
{ "type": "Feature", "properties": { "NOMBRE_EST": "COLEGIO HELADIA MEJIA (IED)", "GENERO": 5, "COD_LOCA": "12", "CLASE_TIPO": 1, "FECHA": "2024-04-30", "Preescolar": 88, "Primaria": 498, "Secundaria": 484, "Media": 223, "DTotal": 1293, "DANE12_EST": "111001009148" }, "geometry": { "type": "Point", "coordinates": [ -8244960.822699999436736, 518552.755699999630451 ] } },
{ "type": "Feature", "properties": { "NOMBRE_EST": "COLEGIO JORGE ELIECER GAITAN (IED)", "GENERO": 5, "COD_LOCA": "12", "CLASE_TIPO": 1, "FECHA": "2024-04-30", "Preescolar": 133, "Primaria": 538, "Secundaria": 570, "Media": 281, "DTotal": 1522, "DANE12_EST": "111001010421" }, "geometry": { "type": "Point", "coordinates": [ -8246668.51490000076592, 519888.350600000470877 ] } },
{ "type": "Feature", "properties": { "NOMBRE_EST": "COLEGIO REPUBLICA DE PANAMA (IED)", "GENERO": 5, "COD_LOCA": "12", "CLASE_TIPO": 1, "FECHA": "2024-04-30", "Preescolar": 110, "Primaria": 350, "Secundaria": 282, "Media": 73, "DTotal": 815, "DANE12_EST": "111001011088" }, "geometry": { "type": "Point", "coordinates": [ -8246203.810599999502301, 520815.800000000745058 ] } },
{ "type": "Feature", "properties": { "NOMBRE_EST": "COLEGIO FRANCISCO PRIMERO S.S. (IED)", "GENERO": 5, "COD_LOCA": "12", "CLASE_TIPO": 1, "FECHA": "2024-04-30", "Preescolar": 239, "Primaria": 573, "Secundaria": 292, "Media": 152, "DTotal": 1256, "DANE12_EST": "111001024830" }, "geometry": { "type": "Point", "coordinates": [ -8246071.476199999451637, 518443.934099998325109 ] } },
{ "type": "Feature", "properties": { "NOMBRE_EST": "COLEGIO RAFAEL BERNAL JIMENEZ (IED)", "GENERO": 5, "COD_LOCA": "12", "CLASE_TIPO": 1, "FECHA": "2024-04-30", "Preescolar": 168, "Primaria": 485, "Secundaria": 453, "Media": 179, "DTotal": 1285, "DANE12_EST": "111001028258" }, "geometry": { "type": "Point", "coordinates": [ -8245824.439300000667572, 520644.938299998641014 ] } },
{ "type": "Feature", "properties": { "NOMBRE_EST": "COLEGIO JUAN FRANCISCO BERBEO (IED)", "GENERO": 5, "COD_LOCA": "12", "CLASE_TIPO": 1, "FECHA": "2024-04-30", "Preescolar": 74, "Primaria": 408, "Secundaria": 352, "Media": 387, "DTotal": 1221, "DANE12_EST": "111001029912" }, "geometry": { "type": "Point", "coordinates": [ -8245086.626000000163913, 520554.626400001347065 ] } },
{ "type": "Feature", "properties": { "NOMBRE_EST": "COLEGIO TOMAS CARRASQUILLA (IED)", "GENERO": 5, "COD_LOCA": "12", "CLASE_TIPO": 1, "FECHA": "2024-04-30", "Preescolar": 130, "Primaria": 592, "Secundaria": 617, "Media": 289, "DTotal": 1628, "DANE12_EST": "111001032255" }, "geometry": { "type": "Point", "coordinates": [ -8246608.933399999514222, 521104.078400000929832 ] } },
{ "type": "Feature", "properties": { "NOMBRE_EST": "COLEGIO MANUELA BELTRAN (IED)", "GENERO": 5, "COD_LOCA": "13", "CLASE_TIPO": 1, "FECHA": "2024-04-30", "Preescolar": 156, "Primaria": 553, "Secundaria": 725, "Media": 343, "DTotal": 1777, "DANE12_EST": "111001010731" }, "geometry": { "type": "Point", "coordinates": [ -8245036.465399999171495, 517585.342799998819828 ] } },
{ "type": "Feature", "properties": { "NOMBRE_EST": "COLEGIO TECNICO PALERMO (IED)", "GENERO": 5, "COD_LOCA": "13", "CLASE_TIPO": 1, "FECHA": "2024-04-30", "Preescolar": 116, "Primaria": 581, "Secundaria": 486, "Media": 245, "DTotal": 1428, "DANE12_EST": "111001094897" }, "geometry": { "type": "Point", "coordinates": [ -8245905.625700000673532, 516876.646699998527765 ] } },
{ "type": "Feature", "properties": { "NOMBRE_EST": "COLEGIO EDUARDO SANTOS (IED)", "GENERO": 5, "COD_LOCA": "14", "CLASE_TIPO": 1, "FECHA": "2024-04-30", "Preescolar": 162, "Primaria": 610, "Secundaria": 409, "Media": 143, "DTotal": 1324, "DANE12_EST": "111001014001" }, "geometry": { "type": "Point", "coordinates": [ -8247906.416600000113249, 511995.76969999819994 ] } },
{ "type": "Feature", "properties": { "NOMBRE_EST": "COLEGIO REPUBLICA BOLIVARIANA DE VENEZUELA (IED)", "GENERO": 5, "COD_LOCA": "14", "CLASE_TIPO": 1, "FECHA": "2024-04-30", "Preescolar": 152, "Primaria": 429, "Secundaria": 269, "Media": 101, "DTotal": 951, "DANE12_EST": "111001016250" }, "geometry": { "type": "Point", "coordinates": [ -8246489.161399999633431, 514312.202100001275539 ] } },
{ "type": "Feature", "properties": { "NOMBRE_EST": "COLEGIO SAN FRANCISCO DE ASIS (IED)", "GENERO": 5, "COD_LOCA": "14", "CLASE_TIPO": 1, "FECHA": "2024-04-30", "Preescolar": 205, "Primaria": 471, "Secundaria": 509, "Media": 120, "DTotal": 1305, "DANE12_EST": "111001016772" }, "geometry": { "type": "Point", "coordinates": [ -8247910.739099999889731, 511971.823800001293421 ] } },
{ "type": "Feature", "properties": { "NOMBRE_EST": "COLEGIO LICEO NACIONAL ANTONIA SANTOS (IED)", "GENERO": 5, "COD_LOCA": "14", "CLASE_TIPO": 1, "FECHA": "2024-04-30", "Preescolar": 152, "Primaria": 655, "Secundaria": 659, "Media": 285, "DTotal": 1751, "DANE12_EST": "111001019526" }, "geometry": { "type": "Point", "coordinates": [ -8247437.839400000870228, 513547.944099999964237 ] } },
{ "type": "Feature", "properties": { "NOMBRE_EST": "COLEGIO LICEO NACIONAL AGUSTIN NIETO CABALLERO (IED)", "GENERO": 5, "COD_LOCA": "14", "CLASE_TIPO": 1, "FECHA": "2024-04-30", "Preescolar": 98, "Primaria": 551, "Secundaria": 203, "Media": 59, "DTotal": 911, "DANE12_EST": "111001025313" }, "geometry": { "type": "Point", "coordinates": [ -8247205.686000000685453, 513234.368700001388788 ] } },
{ "type": "Feature", "properties": { "NOMBRE_EST": "COLEGIO TECNICO MENORAH (IED)", "GENERO": 1, "COD_LOCA": "14", "CLASE_TIPO": 1, "FECHA": "2024-04-30", "Preescolar": 208, "Primaria": 631, "Secundaria": 531, "Media": 199, "DTotal": 1569, "DANE12_EST": "111001026069" }, "geometry": { "type": "Point", "coordinates": [ -8247958.92710000090301, 511964.114599999040365 ] } },
{ "type": "Feature", "properties": { "NOMBRE_EST": "COLEGIO PANAMERICANO (IED)", "GENERO": 5, "COD_LOCA": "14", "CLASE_TIPO": 1, "FECHA": "2024-04-30", "Preescolar": 167, "Primaria": 452, "Secundaria": 539, "Media": 394, "DTotal": 1552, "DANE12_EST": "111001030856" }, "geometry": { "type": "Point", "coordinates": [ -8246415.950999999418855, 515193.733500000089407 ] } },
{ "type": "Feature", "properties": { "NOMBRE_EST": "COLEGIO RICAURTE (IED)", "GENERO": 5, "COD_LOCA": "14", "CLASE_TIPO": 1, "FECHA": "2024-04-30", "Preescolar": 147, "Primaria": 408, "Secundaria": 327, "Media": 159, "DTotal": 1041, "DANE12_EST": "111001041459" }, "geometry": { "type": "Point", "coordinates": [ -8248105.233200000599027, 513308.375100001692772 ] } },
{ "type": "Feature", "properties": { "NOMBRE_EST": "COLEGIO GUILLERMO LEON VALENCIA (IED)", "GENERO": 5, "COD_LOCA": "15", "CLASE_TIPO": 1, "FECHA": "2024-04-30", "Preescolar": 87, "Primaria": 871, "Secundaria": 551, "Media": 349, "DTotal": 1858, "DANE12_EST": "111001011053" }, "geometry": { "type": "Point", "coordinates": [ -8248895.874299999326468, 511184.661699999123812 ] } },
{ "type": "Feature", "properties": { "NOMBRE_EST": "COLEGIO ESCUELA NORMAL SUPERIOR DISTRITAL MARIA MONTESSORI (IED)", "GENERO": 5, "COD_LOCA": "15", "CLASE_TIPO": 1, "FECHA": "2024-04-30", "Preescolar": 552, "Primaria": 1126, "Secundaria": 993, "Media": 415, "DTotal": 3086, "DANE12_EST": "111001011908" }, "geometry": { "type": "Point", "coordinates": [ -8248437.61089999973774, 510968.252099998295307 ] } },
{ "type": "Feature", "properties": { "NOMBRE_EST": "COLEGIO ATANASIO GIRARDOT (IED)", "GENERO": 5, "COD_LOCA": "15", "CLASE_TIPO": 1, "FECHA": "2024-04-30", "Preescolar": 372, "Primaria": 951, "Secundaria": 888, "Media": 375, "DTotal": 2586, "DANE12_EST": "111001012602" }, "geometry": { "type": "Point", "coordinates": [ -8249285.094000000506639, 511989.662799999117851 ] } },
{ "type": "Feature", "properties": { "NOMBRE_EST": "COLEGIO FRANCISCO DE PAULA SANTANDER (IED)", "GENERO": 5, "COD_LOCA": "15", "CLASE_TIPO": 1, "FECHA": "2024-04-30", "Preescolar": 70, "Primaria": 312, "Secundaria": 389, "Media": 176, "DTotal": 947, "DANE12_EST": "111001014630" }, "geometry": { "type": "Point", "coordinates": [ -8248503.235999999567866, 511560.287900000810623 ] } },
{ "type": "Feature", "properties": { "NOMBRE_EST": "COLEGIO TECNICO JAIME PARDO LEAL (IED)", "GENERO": 5, "COD_LOCA": "15", "CLASE_TIPO": 1, "FECHA": "2024-04-30", "Preescolar": 162, "Primaria": 516, "Secundaria": 428, "Media": 187, "DTotal": 1293, "DANE12_EST": "111001086720" }, "geometry": { "type": "Point", "coordinates": [ -8247483.37470000050962, 511067.339200001209974 ] } },
{ "type": "Feature", "properties": { "NOMBRE_EST": "COLEGIO DE CULTURA POPULAR (IED)", "GENERO": 5, "COD_LOCA": "16", "CLASE_TIPO": 1, "FECHA": "2024-04-30", "Preescolar": 150, "Primaria": 383, "Secundaria": 337, "Media": 208, "DTotal": 1078, "DANE12_EST": "111001000078" }, "geometry": { "type": "Point", "coordinates": [ -8251051.168800000101328, 513321.004999998956919 ] } },
{ "type": "Feature", "properties": { "NOMBRE_EST": "COLEGIO LA MERCED (IED)", "GENERO": 5, "COD_LOCA": "16", "CLASE_TIPO": 1, "FECHA": "2024-04-30", "Preescolar": 105, "Primaria": 557, "Secundaria": 513, "Media": 324, "DTotal": 1499, "DANE12_EST": "111001006122" }, "geometry": { "type": "Point", "coordinates": [ -8248924.236300000920892, 515118.815499998629093 ] } },
{ "type": "Feature", "properties": { "NOMBRE_EST": "COLEGIO SILVERIA ESPINOSA DE RENDON (IED)", "GENERO": 5, "COD_LOCA": "16", "CLASE_TIPO": 1, "FECHA": "2024-04-30", "Preescolar": 286, "Primaria": 719, "Secundaria": 485, "Media": 253, "DTotal": 1743, "DANE12_EST": "111001011045" }, "geometry": { "type": "Point", "coordinates": [ -8250153.417199999094009, 515960.782699998468161 ] } },
{ "type": "Feature", "properties": { "NOMBRE_EST": "COLEGIO ANDRES BELLO (IED)", "GENERO": 5, "COD_LOCA": "16", "CLASE_TIPO": 1, "FECHA": "2024-04-30", "Preescolar": 135, "Primaria": 513, "Secundaria": 731, "Media": 459, "DTotal": 1838, "DANE12_EST": "111001011274" }, "geometry": { "type": "Point", "coordinates": [ -8252148.615399999544024, 512548.615899998694658 ] } },
{ "type": "Feature", "properties": { "NOMBRE_EST": "COLEGIO EL JAZMIN (IED)", "GENERO": 5, "COD_LOCA": "16", "CLASE_TIPO": 1, "FECHA": "2024-04-30", "Preescolar": 238, "Primaria": 681, "Secundaria": 496, "Media": 221, "DTotal": 1636, "DANE12_EST": "111001012530" }, "geometry": { "type": "Point", "coordinates": [ -8250437.284099999815226, 513752.143500000238419 ] } },
{ "type": "Feature", "properties": { "NOMBRE_EST": "COLEGIO ESPAÑA (IED)", "GENERO": 5, "COD_LOCA": "16", "CLASE_TIPO": 1, "FECHA": "2024-04-30", "Preescolar": 70, "Primaria": 388, "Secundaria": 145, "Media": 59, "DTotal": 662, "DANE12_EST": "111001012556" }, "geometry": { "type": "Point", "coordinates": [ -8247998.818399999290705, 515055.977299999445677 ] } },
{ "type": "Feature", "properties": { "NOMBRE_EST": "COLEGIO TECNICO BENJAMIN HERRERA (IED)", "GENERO": 5, "COD_LOCA": "16", "CLASE_TIPO": 1, "FECHA": "2024-04-30", "Preescolar": 50, "Primaria": 601, "Secundaria": 733, "Media": 356, "DTotal": 1740, "DANE12_EST": "111001012963" }, "geometry": { "type": "Point", "coordinates": [ -8251433.514499999582767, 512999.967099998146296 ] } },
{ "type": "Feature", "properties": { "NOMBRE_EST": "COLEGIO JOSE JOAQUIN CASAS (IED)", "GENERO": 5, "COD_LOCA": "16", "CLASE_TIPO": 1, "FECHA": "2024-04-30", "Preescolar": 70, "Primaria": 174, "Secundaria": 105, "Media": 48, "DTotal": 397, "DANE12_EST": "111001014729" }, "geometry": { "type": "Point", "coordinates": [ -8249754.4726, 516201.052700001746416 ] } },
{ "type": "Feature", "properties": { "NOMBRE_EST": "COLEGIO ANTONIO JOSE DE SUCRE (IED)", "GENERO": 5, "COD_LOCA": "16", "CLASE_TIPO": 1, "FECHA": "2024-04-30", "Preescolar": 44, "Primaria": 187, "Secundaria": 168, "Media": 68, "DTotal": 467, "DANE12_EST": "111001014745" }, "geometry": { "type": "Point", "coordinates": [ -8250798.956700000911951, 516359.504299998283386 ] } },
{ "type": "Feature", "properties": { "NOMBRE_EST": "COLEGIO MARCO ANTONIO CARREÑO SILVA (IED)", "GENERO": 5, "COD_LOCA": "16", "CLASE_TIPO": 1, "FECHA": "2024-04-30", "Preescolar": 231, "Primaria": 503, "Secundaria": 373, "Media": 130, "DTotal": 1237, "DANE12_EST": "111001014826" }, "geometry": { "type": "Point", "coordinates": [ -8250196.766100000590086, 512382.736000001430511 ] } },
{ "type": "Feature", "properties": { "NOMBRE_EST": "COLEGIO LUIS VARGAS TEJADA (IED)", "GENERO": 5, "COD_LOCA": "16", "CLASE_TIPO": 1, "FECHA": "2024-04-30", "Preescolar": 38, "Primaria": 249, "Secundaria": 264, "Media": 111, "DTotal": 662, "DANE12_EST": "111001014869" }, "geometry": { "type": "Point", "coordinates": [ -8251650.0844, 513686.310600001364946 ] } },
{ "type": "Feature", "properties": { "NOMBRE_EST": "COLEGIO JULIO GARAVITO ARMERO (IED)", "GENERO": 5, "COD_LOCA": "16", "CLASE_TIPO": 1, "FECHA": "2024-04-30", "Preescolar": 213, "Primaria": 504, "Secundaria": 589, "Media": 254, "DTotal": 1560, "DANE12_EST": "111001014885" }, "geometry": { "type": "Point", "coordinates": [ -8252584.395500000566244, 512578.510600000619888 ] } },
{ "type": "Feature", "properties": { "NOMBRE_EST": "COLEGIO SORRENTO (IED)", "GENERO": 5, "COD_LOCA": "16", "CLASE_TIPO": 1, "FECHA": "2024-04-30", "Preescolar": 205, "Primaria": 932, "Secundaria": 938, "Media": 362, "DTotal": 2437, "DANE12_EST": "111001020168" }, "geometry": { "type": "Point", "coordinates": [ -8250252.902300000190735, 515188.302000001072884 ] } },
{ "type": "Feature", "properties": { "NOMBRE_EST": "COLEGIO JOSE MANUEL RESTREPO (IED)", "GENERO": 5, "COD_LOCA": "16", "CLASE_TIPO": 1, "FECHA": "2024-04-30", "Preescolar": 189, "Primaria": 549, "Secundaria": 383, "Media": 149, "DTotal": 1270, "DANE12_EST": "111001045535" }, "geometry": { "type": "Point", "coordinates": [ -8251303.072599999606609, 514600.413400001823902 ] } },
{ "type": "Feature", "properties": { "NOMBRE_EST": "COLEGIO LUIS CARLOS GALAN SARMIENTO (IED)", "GENERO": 5, "COD_LOCA": "16", "CLASE_TIPO": 1, "FECHA": "2024-04-30", "Preescolar": 58, "Primaria": 500, "Secundaria": 598, "Media": 270, "DTotal": 1426, "DANE12_EST": "111001065056" }, "geometry": { "type": "Point", "coordinates": [ -8250908.345899999141693, 513901.011799998581409 ] } },
{ "type": "Feature", "properties": { "NOMBRE_EST": "COLEGIO INTEGRADA LA CANDELARIA (IED)", "GENERO": 5, "COD_LOCA": "17", "CLASE_TIPO": 1, "FECHA": "2024-04-30", "Preescolar": 105, "Primaria": 730, "Secundaria": 538, "Media": 271, "DTotal": 1644, "DANE12_EST": "111001013323" }, "geometry": { "type": "Point", "coordinates": [ -8245353.334100000560284, 512424.000399999320507 ] } },
{ "type": "Feature", "properties": { "NOMBRE_EST": "COLEGIO ESCUELA NACIONAL DE COMERCIO (IED)", "GENERO": 5, "COD_LOCA": "17", "CLASE_TIPO": 1, "FECHA": "2024-04-30", "Preescolar": 83, "Primaria": 491, "Secundaria": 410, "Media": 156, "DTotal": 1140, "DANE12_EST": "111001013374" }, "geometry": { "type": "Point", "coordinates": [ -8245433.686699999496341, 511830.351399999111891 ] } },
{ "type": "Feature", "properties": { "NOMBRE_EST": "COLEGIO RESTREPO MILLAN (IED)", "GENERO": 5, "COD_LOCA": "18", "CLASE_TIPO": 1, "FECHA": "2024-04-30", "Preescolar": 182, "Primaria": 1165, "Secundaria": 669, "Media": 621, "DTotal": 2637, "DANE12_EST": "111001010928" }, "geometry": { "type": "Point", "coordinates": [ -8251088.651200000196695, 510310.934000000357628 ] } },
{ "type": "Feature", "properties": { "NOMBRE_EST": "COLEGIO REINO DE HOLANDA (IED)", "GENERO": 5, "COD_LOCA": "18", "CLASE_TIPO": 1, "FECHA": "2024-04-30", "Preescolar": 226, "Primaria": 770, "Secundaria": 727, "Media": 310, "DTotal": 2033, "DANE12_EST": "111001011029" }, "geometry": { "type": "Point", "coordinates": [ -8250531.944700000807643, 508924.383699998259544 ] } },
{ "type": "Feature", "properties": { "NOMBRE_EST": "COLEGIO LICEO FEMENINO DE CUNDINAMARCA MERCEDES NARIÑO (IED)", "GENERO": 1, "COD_LOCA": "18", "CLASE_TIPO": 1, "FECHA": "2024-04-30", "Preescolar": 352, "Primaria": 1564, "Secundaria": 1367, "Media": 836, "DTotal": 4119, "DANE12_EST": "111001011819" }, "geometry": { "type": "Point", "coordinates": [ -8249201.351700000464916, 510477.112700000405312 ] } },
{ "type": "Feature", "properties": { "NOMBRE_EST": "COLEGIO BRAVO PAEZ (IED)", "GENERO": 5, "COD_LOCA": "18", "CLASE_TIPO": 1, "FECHA": "2024-04-30", "Preescolar": 168, "Primaria": 888, "Secundaria": 559, "Media": 296, "DTotal": 1911, "DANE12_EST": "111001012611" }, "geometry": { "type": "Point", "coordinates": [ -8250890.1118, 510368.085099998861551 ] } },
{ "type": "Feature", "properties": { "NOMBRE_EST": "COLEGIO QUIROGA ALIANZA (IED)", "GENERO": 5, "COD_LOCA": "18", "CLASE_TIPO": 1, "FECHA": "2024-04-30", "Preescolar": 126, "Primaria": 554, "Secundaria": 474, "Media": 164, "DTotal": 1318, "DANE12_EST": "111001012815" }, "geometry": { "type": "Point", "coordinates": [ -8250699.516100000590086, 510353.263599999248981 ] } },
{ "type": "Feature", "properties": { "NOMBRE_EST": "COLEGIO RAFAEL DELGADO SALGUERO (IED)", "GENERO": 5, "COD_LOCA": "18", "CLASE_TIPO": 1, "FECHA": "2024-04-30", "Preescolar": 178, "Primaria": 355, "Secundaria": 268, "Media": 96, "DTotal": 897, "DANE12_EST": "111001012971" }, "geometry": { "type": "Point", "coordinates": [ -8251041.594200000166893, 510919.209300000220537 ] } },
{ "type": "Feature", "properties": { "NOMBRE_EST": "COLEGIO SAN AGUSTIN (IED)", "GENERO": 5, "COD_LOCA": "18", "CLASE_TIPO": 1, "FECHA": "2024-04-30", "Preescolar": 257, "Primaria": 1141, "Secundaria": 1127, "Media": 348, "DTotal": 2873, "DANE12_EST": "111001013811" }, "geometry": { "type": "Point", "coordinates": [ -8250336.354100000113249, 506755.306800000369549 ] } },
{ "type": "Feature", "properties": { "NOMBRE_EST": "COLEGIO REPUBLICA FEDERAL DE ALEMANIA (IED)", "GENERO": 5, "COD_LOCA": "18", "CLASE_TIPO": 1, "FECHA": "2024-04-30", "Preescolar": 54, "Primaria": 220, "Secundaria": 173, "Media": 61, "DTotal": 508, "DANE12_EST": "111001014028" }, "geometry": { "type": "Point", "coordinates": [ -8251592.330700000748038, 510238.960799999535084 ] } },
{ "type": "Feature", "properties": { "NOMBRE_EST": "COLEGIO MANUEL DEL SOCORRO RODRIGUEZ (IED)", "GENERO": 5, "COD_LOCA": "18", "CLASE_TIPO": 1, "FECHA": "2024-04-30", "Preescolar": 282, "Primaria": 729, "Secundaria": 601, "Media": 262, "DTotal": 1874, "DANE12_EST": "111001014591" }, "geometry": { "type": "Point", "coordinates": [ -8251672.872600000351667, 510123.108199998736382 ] } },
{ "type": "Feature", "properties": { "NOMBRE_EST": "COLEGIO EL LIBERTADOR (IED)", "GENERO": 5, "COD_LOCA": "18", "CLASE_TIPO": 1, "FECHA": "2024-04-30", "Preescolar": 238, "Primaria": 764, "Secundaria": 573, "Media": 248, "DTotal": 1823, "DANE12_EST": "111001014664" }, "geometry": { "type": "Point", "coordinates": [ -8250585.560599999502301, 510867.5760000012815 ] } },
{ "type": "Feature", "properties": { "NOMBRE_EST": "COLEGIO CLEMENCIA HOLGUIN DE URDANETA (IED)", "GENERO": 5, "COD_LOCA": "18", "CLASE_TIPO": 1, "FECHA": "2024-04-30", "Preescolar": 134, "Primaria": 324, "Secundaria": 265, "Media": 119, "DTotal": 842, "DANE12_EST": "111001014958" }, "geometry": { "type": "Point", "coordinates": [ -8249947.077600000426173, 510292.177299998700619 ] } },
{ "type": "Feature", "properties": { "NOMBRE_EST": "COLEGIO ALEJANDRO OBREGON (IED)", "GENERO": 5, "COD_LOCA": "18", "CLASE_TIPO": 1, "FECHA": "2024-04-30", "Preescolar": 181, "Primaria": 699, "Secundaria": 584, "Media": 257, "DTotal": 1721, "DANE12_EST": "111001015172" }, "geometry": { "type": "Point", "coordinates": [ -8249761.2642, 509998.089899998158216 ] } },
{ "type": "Feature", "properties": { "NOMBRE_EST": "COLEGIO ANTONIO BARAYA (IED)", "GENERO": 5, "COD_LOCA": "18", "CLASE_TIPO": 1, "FECHA": "2024-04-30", "Preescolar": 189, "Primaria": 471, "Secundaria": 397, "Media": 151, "DTotal": 1208, "DANE12_EST": "111001015733" }, "geometry": { "type": "Point", "coordinates": [ -8249804.421700000762939, 510802.136599998921156 ] } },
{ "type": "Feature", "properties": { "NOMBRE_EST": "COLEGIO ALEXANDER FLEMING (IED)", "GENERO": 5, "COD_LOCA": "18", "CLASE_TIPO": 1, "FECHA": "2024-04-30", "Preescolar": 389, "Primaria": 858, "Secundaria": 469, "Media": 198, "DTotal": 1914, "DANE12_EST": "111001018058" }, "geometry": { "type": "Point", "coordinates": [ -8251084.212899999693036, 509489.040399998426437 ] } },
{ "type": "Feature", "properties": { "NOMBRE_EST": "COLEGIO MISAEL PASTRANA BORRERO (IED)", "GENERO": 5, "COD_LOCA": "18", "CLASE_TIPO": 1, "FECHA": "2024-04-30", "Preescolar": 188, "Primaria": 536, "Secundaria": 568, "Media": 205, "DTotal": 1497, "DANE12_EST": "111001020095" }, "geometry": { "type": "Point", "coordinates": [ -8249702.378499999642372, 508674.99040000140667 ] } },
{ "type": "Feature", "properties": { "NOMBRE_EST": "COLEGIO GUSTAVO RESTREPO (IED)", "GENERO": 5, "COD_LOCA": "18", "CLASE_TIPO": 1, "FECHA": "2024-04-30", "Preescolar": 145, "Primaria": 780, "Secundaria": 982, "Media": 265, "DTotal": 2172, "DANE12_EST": "111001027332" }, "geometry": { "type": "Point", "coordinates": [ -8249685.823000000789762, 510274.800200000405312 ] } },
{ "type": "Feature", "properties": { "NOMBRE_EST": "COLEGIO ALFREDO IRIARTE (IED)", "GENERO": 5, "COD_LOCA": "18", "CLASE_TIPO": 1, "FECHA": "2024-04-30", "Preescolar": 184, "Primaria": 1104, "Secundaria": 621, "Media": 246, "DTotal": 2155, "DANE12_EST": "111001027383" }, "geometry": { "type": "Point", "coordinates": [ -8250118.606499999761581, 507941.866999998688698 ] } },
{ "type": "Feature", "properties": { "NOMBRE_EST": "COLEGIO PALERMO SUR (CED)", "GENERO": 5, "COD_LOCA": "18", "CLASE_TIPO": 1, "FECHA": "2024-04-30", "Preescolar": 244, "Primaria": 1122, "Secundaria": 0, "Media": 0, "DTotal": 1366, "DANE12_EST": "111001028380" }, "geometry": { "type": "Point", "coordinates": [ -8249858.48509999923408, 506271.999000001698732 ] } },
{ "type": "Feature", "properties": { "NOMBRE_EST": "COLEGIO ENRIQUE OLAYA HERRERA (IED)", "GENERO": 5, "COD_LOCA": "18", "CLASE_TIPO": 1, "FECHA": "2024-04-30", "Preescolar": 503, "Primaria": 1645, "Secundaria": 1774, "Media": 871, "DTotal": 4793, "DANE12_EST": "111001030015" }, "geometry": { "type": "Point", "coordinates": [ -8248923.38910000026226, 509103.962400000542402 ] } },
{ "type": "Feature", "properties": { "NOMBRE_EST": "COLEGIO REPUBLICA EE.UU. DE AMERICA (IED)", "GENERO": 5, "COD_LOCA": "18", "CLASE_TIPO": 1, "FECHA": "2024-04-30", "Preescolar": 83, "Primaria": 301, "Secundaria": 199, "Media": 79, "DTotal": 662, "DANE12_EST": "111001032395" }, "geometry": { "type": "Point", "coordinates": [ -8249362.761600000783801, 510865.912599999457598 ] } },
{ "type": "Feature", "properties": { "NOMBRE_EST": "COLEGIO CLEMENCIA DE CAYCEDO (IED)", "GENERO": 5, "COD_LOCA": "18", "CLASE_TIPO": 1, "FECHA": "2024-04-30", "Preescolar": 61, "Primaria": 341, "Secundaria": 349, "Media": 176, "DTotal": 927, "DANE12_EST": "111001034134" }, "geometry": { "type": "Point", "coordinates": [ -8250414.9835, 510463.295499999076128 ] } },
{ "type": "Feature", "properties": { "NOMBRE_EST": "COLEGIO JOSE MARTI (IED)", "GENERO": 5, "COD_LOCA": "18", "CLASE_TIPO": 1, "FECHA": "2024-04-30", "Preescolar": 449, "Primaria": 1228, "Secundaria": 457, "Media": 134, "DTotal": 2268, "DANE12_EST": "111001036765" }, "geometry": { "type": "Point", "coordinates": [ -8249894.8476, 509606.914299998432398 ] } },
{ "type": "Feature", "properties": { "NOMBRE_EST": "COLEGIO DIANA TURBAY (IED)", "GENERO": 5, "COD_LOCA": "18", "CLASE_TIPO": 1, "FECHA": "2024-04-30", "Preescolar": 290, "Primaria": 798, "Secundaria": 716, "Media": 280, "DTotal": 2084, "DANE12_EST": "111001041611" }, "geometry": { "type": "Point", "coordinates": [ -8249898.344200000166893, 506763.461100000888109 ] } },
{ "type": "Feature", "properties": { "NOMBRE_EST": "COLEGIO MARRUECOS Y MOLINOS (IED)", "GENERO": 5, "COD_LOCA": "18", "CLASE_TIPO": 1, "FECHA": "2024-04-30", "Preescolar": 285, "Primaria": 1165, "Secundaria": 1788, "Media": 837, "DTotal": 4075, "DANE12_EST": "111001076376" }, "geometry": { "type": "Point", "coordinates": [ -8250773.447799999266863, 507624.571400001645088 ] } },
{ "type": "Feature", "properties": { "NOMBRE_EST": "COLEGIO LA PAZ (IED)", "GENERO": 5, "COD_LOCA": "18", "CLASE_TIPO": 1, "FECHA": "2024-04-30", "Preescolar": 143, "Primaria": 507, "Secundaria": 140, "Media": 0, "DTotal": 790, "DANE12_EST": "111001078930" }, "geometry": { "type": "Point", "coordinates": [ -8250640.376499999314547, 506320.2483000010252 ] } },
{ "type": "Feature", "properties": { "NOMBRE_EST": "COLEGIO SANTA LUCIA (IED)", "GENERO": 5, "COD_LOCA": "18", "CLASE_TIPO": 2, "FECHA": "2024-04-30", "Preescolar": 65, "Primaria": 408, "Secundaria": 546, "Media": 206, "DTotal": 1225, "DANE12_EST": "111001098965" }, "geometry": { "type": "Point", "coordinates": [ -8250699.801100000739098, 509713.741700001060963 ] } },
{ "type": "Feature", "properties": { "NOMBRE_EST": "COLEGIO COLOMBIA VIVA (IED)", "GENERO": 5, "COD_LOCA": "18", "CLASE_TIPO": 1, "FECHA": "2024-04-30", "Preescolar": 272, "Primaria": 618, "Secundaria": 543, "Media": 217, "DTotal": 1650, "DANE12_EST": "111001102091" }, "geometry": { "type": "Point", "coordinates": [ -8249627.3914, 507427.4527000002563 ] } },
{ "type": "Feature", "properties": { "NOMBRE_EST": "COLEGIO MARIA CANO (IED)", "GENERO": 5, "COD_LOCA": "18", "CLASE_TIPO": 1, "FECHA": "2024-04-30", "Preescolar": 242, "Primaria": 666, "Secundaria": 715, "Media": 236, "DTotal": 1859, "DANE12_EST": "111001107794" }, "geometry": { "type": "Point", "coordinates": [ -8250497.083799999207258, 508071.38569999858737 ] } },
{ "type": "Feature", "properties": { "NOMBRE_EST": "COLEGIO REPUBLICA DE MEXICO (IED)", "GENERO": 5, "COD_LOCA": "19", "CLASE_TIPO": 1, "FECHA": "2024-04-30", "Preescolar": 165, "Primaria": 1229, "Secundaria": 813, "Media": 376, "DTotal": 2583, "DANE12_EST": "111001014486" }, "geometry": { "type": "Point", "coordinates": [ -8252835.828400000929832, 507623.002099998295307 ] } },
{ "type": "Feature", "properties": { "NOMBRE_EST": "COLEGIO RAFAEL URIBE URIBE (IED)", "GENERO": 5, "COD_LOCA": "19", "CLASE_TIPO": 1, "FECHA": "2024-04-30", "Preescolar": 140, "Primaria": 757, "Secundaria": 662, "Media": 296, "DTotal": 1855, "DANE12_EST": "111001014524" }, "geometry": { "type": "Point", "coordinates": [ -8254150.796599999070168, 506725.174699999392033 ] } },
{ "type": "Feature", "properties": { "NOMBRE_EST": "COLEGIO ISMAEL PERDOMO (IED)", "GENERO": 5, "COD_LOCA": "19", "CLASE_TIPO": 1, "FECHA": "2024-04-30", "Preescolar": 230, "Primaria": 920, "Secundaria": 1019, "Media": 493, "DTotal": 2662, "DANE12_EST": "111001020320" }, "geometry": { "type": "Point", "coordinates": [ -8256022.5537, 511197.646299999207258 ] } },
{ "type": "Feature", "properties": { "NOMBRE_EST": "COLEGIO LEON DE GREIFF (IED)", "GENERO": 5, "COD_LOCA": "19", "CLASE_TIPO": 1, "FECHA": "2024-04-30", "Preescolar": 361, "Primaria": 758, "Secundaria": 681, "Media": 302, "DTotal": 2102, "DANE12_EST": "111001027251" }, "geometry": { "type": "Point", "coordinates": [ -8253058.252599999308586, 507153.274599999189377 ] } },
{ "type": "Feature", "properties": { "NOMBRE_EST": "COLEGIO CIUDAD DE MONTREAL (IED)", "GENERO": 5, "COD_LOCA": "19", "CLASE_TIPO": 1, "FECHA": "2024-04-30", "Preescolar": 119, "Primaria": 412, "Secundaria": 288, "Media": 72, "DTotal": 891, "DANE12_EST": "111001028266" }, "geometry": { "type": "Point", "coordinates": [ -8253018.423599999397993, 507415.064300000667572 ] } },
{ "type": "Feature", "properties": { "NOMBRE_EST": "COLEGIO SANTA BARBARA (IED)", "GENERO": 5, "COD_LOCA": "19", "CLASE_TIPO": 1, "FECHA": "2024-04-30", "Preescolar": 227, "Primaria": 805, "Secundaria": 399, "Media": 128, "DTotal": 1559, "DANE12_EST": "111001030821" }, "geometry": { "type": "Point", "coordinates": [ -8253551.704, 507327.997299998998642 ] } },
{ "type": "Feature", "properties": { "NOMBRE_EST": "COLEGIO UNION EUROPEA (IED)", "GENERO": 5, "COD_LOCA": "19", "CLASE_TIPO": 1, "FECHA": "2024-04-30", "Preescolar": 245, "Primaria": 894, "Secundaria": 698, "Media": 253, "DTotal": 2090, "DANE12_EST": "111001030830" }, "geometry": { "type": "Point", "coordinates": [ -8253406.857300000265241, 507689.083599999547005 ] } },
{ "type": "Feature", "properties": { "NOMBRE_EST": "COLEGIO ARBORIZADORA BAJA (IED)", "GENERO": 5, "COD_LOCA": "19", "CLASE_TIPO": 1, "FECHA": "2024-04-30", "Preescolar": 168, "Primaria": 1087, "Secundaria": 994, "Media": 359, "DTotal": 2608, "DANE12_EST": "111001030848" }, "geometry": { "type": "Point", "coordinates": [ -8254622.043199999257922, 509811.761300001293421 ] } },
{ "type": "Feature", "properties": { "NOMBRE_EST": "COLEGIO EL TESORO DE LA CUMBRE (IED)", "GENERO": 5, "COD_LOCA": "19", "CLASE_TIPO": 1, "FECHA": "2024-04-30", "Preescolar": 211, "Primaria": 1104, "Secundaria": 629, "Media": 209, "DTotal": 2153, "DANE12_EST": "111001033928" }, "geometry": { "type": "Point", "coordinates": [ -8254233.652799999341369, 505798.819899998605251 ] } },
{ "type": "Feature", "properties": { "NOMBRE_EST": "COLEGIO NICOLAS GOMEZ DAVILA (IED)", "GENERO": 5, "COD_LOCA": "19", "CLASE_TIPO": 1, "FECHA": "2024-04-30", "Preescolar": 298, "Primaria": 1080, "Secundaria": 1055, "Media": 347, "DTotal": 2780, "DANE12_EST": "111001034240" }, "geometry": { "type": "Point", "coordinates": [ -8254241.88150000013411, 508555.730200000107288 ] } },
{ "type": "Feature", "properties": { "NOMBRE_EST": "COLEGIO COMPARTIR RECUERDO (IED)", "GENERO": 5, "COD_LOCA": "19", "CLASE_TIPO": 1, "FECHA": "2024-04-30", "Preescolar": 301, "Primaria": 862, "Secundaria": 383, "Media": 98, "DTotal": 1644, "DANE12_EST": "111001034754" }, "geometry": { "type": "Point", "coordinates": [ -8253853.096000000834465, 506934.868000000715256 ] } },
{ "type": "Feature", "properties": { "NOMBRE_EST": "COLEGIO ACACIA II (IED)", "GENERO": 5, "COD_LOCA": "19", "CLASE_TIPO": 1, "FECHA": "2024-04-30", "Preescolar": 401, "Primaria": 1124, "Secundaria": 975, "Media": 452, "DTotal": 2952, "DANE12_EST": "111001035572" }, "geometry": { "type": "Point", "coordinates": [ -8253488.107200000435114, 508230.288600001484156 ] } },
{ "type": "Feature", "properties": { "NOMBRE_EST": "COLEGIO JOSE JAIME ROJAS (IED)", "GENERO": 5, "COD_LOCA": "19", "CLASE_TIPO": 1, "FECHA": "2024-04-30", "Preescolar": 166, "Primaria": 487, "Secundaria": 328, "Media": 118, "DTotal": 1099, "DANE12_EST": "111001036561" }, "geometry": { "type": "Point", "coordinates": [ -8254446.231799999251962, 505921.989399999380112 ] } },
{ "type": "Feature", "properties": { "NOMBRE_EST": "COLEGIO RODRIGO LARA BONILLA (IED)", "GENERO": 5, "COD_LOCA": "19", "CLASE_TIPO": 1, "FECHA": "2024-04-30", "Preescolar": 575, "Primaria": 1403, "Secundaria": 1416, "Media": 635, "DTotal": 4029, "DANE12_EST": "111001036781" }, "geometry": { "type": "Point", "coordinates": [ -8254794.734200000762939, 509638.379700001329184 ] } },
{ "type": "Feature", "properties": { "NOMBRE_EST": "COLEGIO CEDID GUILLERMO CANO ISAZA (IED)", "GENERO": 5, "COD_LOCA": "19", "CLASE_TIPO": 1, "FECHA": "2024-04-30", "Preescolar": 158, "Primaria": 1076, "Secundaria": 1226, "Media": 696, "DTotal": 3156, "DANE12_EST": "111001044385" }, "geometry": { "type": "Point", "coordinates": [ -8252719.647600000724196, 507877.074499998241663 ] } },
{ "type": "Feature", "properties": { "NOMBRE_EST": "COLEGIO EL PARAISO DE MANUELA BELTRAN (IED)", "GENERO": 5, "COD_LOCA": "19", "CLASE_TIPO": 1, "FECHA": "2024-04-30", "Preescolar": 498, "Primaria": 1072, "Secundaria": 719, "Media": 239, "DTotal": 2528, "DANE12_EST": "111001045730" }, "geometry": { "type": "Point", "coordinates": [ -8255243.731300000101328, 509539.164799999445677 ] } },
{ "type": "Feature", "properties": { "NOMBRE_EST": "COLEGIO VILLAMAR (IED)", "GENERO": 5, "COD_LOCA": "19", "CLASE_TIPO": 1, "FECHA": "2024-04-30", "Preescolar": 84, "Primaria": 272, "Secundaria": 204, "Media": 0, "DTotal": 560, "DANE12_EST": "111001046663" }, "geometry": { "type": "Point", "coordinates": [ -8254638.442700000479817, 507424.608399998396635 ] } },
{ "type": "Feature", "properties": { "NOMBRE_EST": "COLEGIO LA ARABIA (IED)", "GENERO": 5, "COD_LOCA": "19", "CLASE_TIPO": 1, "FECHA": "2024-04-30", "Preescolar": 172, "Primaria": 510, "Secundaria": 279, "Media": 0, "DTotal": 961, "DANE12_EST": "111001047457" }, "geometry": { "type": "Point", "coordinates": [ -8254033.3267, 505230.366500001400709 ] } },
{ "type": "Feature", "properties": { "NOMBRE_EST": "COLEGIO ARBORIZADORA ALTA (IED)", "GENERO": 5, "COD_LOCA": "19", "CLASE_TIPO": 1, "FECHA": "2024-04-30", "Preescolar": 301, "Primaria": 1162, "Secundaria": 957, "Media": 314, "DTotal": 2734, "DANE12_EST": "111001047571" }, "geometry": { "type": "Point", "coordinates": [ -8255157.59569999948144, 509168.776399999856949 ] } },
{ "type": "Feature", "properties": { "NOMBRE_EST": "COLEGIO PARAISO MIRADOR (IED)", "GENERO": 5, "COD_LOCA": "19", "CLASE_TIPO": 1, "FECHA": "2024-04-30", "Preescolar": 183, "Primaria": 1401, "Secundaria": 1269, "Media": 561, "DTotal": 3414, "DANE12_EST": "111001047678" }, "geometry": { "type": "Point", "coordinates": [ -8255701.432600000873208, 507167.816399998962879 ] } },
{ "type": "Feature", "properties": { "NOMBRE_EST": "COLEGIO MARIA MERCEDES CARRANZA (IED)", "GENERO": 5, "COD_LOCA": "19", "CLASE_TIPO": 1, "FECHA": "2024-04-30", "Preescolar": 222, "Primaria": 1242, "Secundaria": 1193, "Media": 519, "DTotal": 3176, "DANE12_EST": "111001075329" }, "geometry": { "type": "Point", "coordinates": [ -8255874.426400000229478, 511107.668999999761581 ] } },
{ "type": "Feature", "properties": { "NOMBRE_EST": "COLEGIO ESTRELLA DEL SUR (IED)", "GENERO": 5, "COD_LOCA": "19", "CLASE_TIPO": 1, "FECHA": "2024-04-30", "Preescolar": 225, "Primaria": 1069, "Secundaria": 651, "Media": 167, "DTotal": 2112, "DANE12_EST": "111001075663" }, "geometry": { "type": "Point", "coordinates": [ -8253496.07660000026226, 506467.888000000268221 ] } },
{ "type": "Feature", "properties": { "NOMBRE_EST": "COLEGIO SOTAVENTO (IED)", "GENERO": 5, "COD_LOCA": "19", "CLASE_TIPO": 1, "FECHA": "2024-04-30", "Preescolar": 56, "Primaria": 548, "Secundaria": 313, "Media": 80, "DTotal": 997, "DANE12_EST": "111001075752" }, "geometry": { "type": "Point", "coordinates": [ -8252944.536399999633431, 506430.969700001180172 ] } },
{ "type": "Feature", "properties": { "NOMBRE_EST": "COLEGIO SAN FRANCISCO (IED)", "GENERO": 5, "COD_LOCA": "19", "CLASE_TIPO": 1, "FECHA": "2024-04-30", "Preescolar": 583, "Primaria": 1608, "Secundaria": 1163, "Media": 438, "DTotal": 3792, "DANE12_EST": "111001076937" }, "geometry": { "type": "Point", "coordinates": [ -8253986.682700000703335, 508825.382199998944998 ] } },
{ "type": "Feature", "properties": { "NOMBRE_EST": "COLEGIO CONFEDERACION BRISAS DEL DIAMANTE (IED)", "GENERO": 5, "COD_LOCA": "19", "CLASE_TIPO": 1, "FECHA": "2024-04-30", "Preescolar": 239, "Primaria": 1074, "Secundaria": 748, "Media": 211, "DTotal": 2272, "DANE12_EST": "111001086584" }, "geometry": { "type": "Point", "coordinates": [ -8254096.545, 506770.159299999475479 ] } },
{ "type": "Feature", "properties": { "NOMBRE_EST": "COLEGIO EL MINUTO DE BUENOS AIRES (IED)", "GENERO": 5, "COD_LOCA": "19", "CLASE_TIPO": 1, "FECHA": "2024-04-30", "Preescolar": 192, "Primaria": 451, "Secundaria": 452, "Media": 138, "DTotal": 1233, "DANE12_EST": "111001086762" }, "geometry": { "type": "Point", "coordinates": [ -8253203.315199999138713, 505851.925200000405312 ] } },
{ "type": "Feature", "properties": { "NOMBRE_EST": "COLEGIO CEDID CIUDAD BOLIVAR (IED)", "GENERO": 5, "COD_LOCA": "19", "CLASE_TIPO": 1, "FECHA": "2024-04-30", "Preescolar": 569, "Primaria": 1716, "Secundaria": 2014, "Media": 868, "DTotal": 5167, "DANE12_EST": "111001086801" }, "geometry": { "type": "Point", "coordinates": [ -8255978.119400000199676, 510161.185300000011921 ] } },
{ "type": "Feature", "properties": { "NOMBRE_EST": "COLEGIO SIERRA MORENA (IED)", "GENERO": 5, "COD_LOCA": "19", "CLASE_TIPO": 1, "FECHA": "2024-04-30", "Preescolar": 428, "Primaria": 2671, "Secundaria": 1833, "Media": 671, "DTotal": 5603, "DANE12_EST": "111001086835" }, "geometry": { "type": "Point", "coordinates": [ -8256519.710999999195337, 509812.797499999403954 ] } },
{ "type": "Feature", "properties": { "NOMBRE_EST": "COLEGIO LA ESTANCIA - SAN ISIDRO LABRADOR (IED)", "GENERO": 5, "COD_LOCA": "19", "CLASE_TIPO": 1, "FECHA": "2024-04-30", "Preescolar": 185, "Primaria": 1076, "Secundaria": 994, "Media": 450, "DTotal": 2705, "DANE12_EST": "111001092410" }, "geometry": { "type": "Point", "coordinates": [ -8257244.967499999329448, 511804.98759999871254 ] } },
{ "type": "Feature", "properties": { "NOMBRE_EST": "COLEGIO CIUDAD BOLIVAR - ARGENTINA (IED)", "GENERO": 5, "COD_LOCA": "19", "CLASE_TIPO": 1, "FECHA": "2024-04-30", "Preescolar": 171, "Primaria": 1016, "Secundaria": 649, "Media": 255, "DTotal": 2091, "DANE12_EST": "111001096555" }, "geometry": { "type": "Point", "coordinates": [ -8256003.946599999442697, 510195.733600001782179 ] } },
{ "type": "Feature", "properties": { "NOMBRE_EST": "COLEGIO LA JOYA (IED)", "GENERO": 5, "COD_LOCA": "19", "CLASE_TIPO": 1, "FECHA": "2024-04-30", "Preescolar": 111, "Primaria": 349, "Secundaria": 363, "Media": 159, "DTotal": 982, "DANE12_EST": "111001098973" }, "geometry": { "type": "Point", "coordinates": [ -8253850.768300000578165, 505555.745900001376867 ] } },
{ "type": "Feature", "properties": { "NOMBRE_EST": "COLEGIO BUENAVISTA (IED)", "GENERO": 5, "COD_LOCA": "19", "CLASE_TIPO": 2, "FECHA": "2024-04-30", "Preescolar": 78, "Primaria": 545, "Secundaria": 488, "Media": 148, "DTotal": 1259, "DANE12_EST": "111001100013" }, "geometry": { "type": "Point", "coordinates": [ -8253152.121600000187755, 505962.388000000268221 ] } },
{ "type": "Feature", "properties": { "NOMBRE_EST": "COLEGIO GIMNASIO SABIO CALDAS (IED)", "GENERO": 5, "COD_LOCA": "19", "CLASE_TIPO": 2, "FECHA": "2024-04-30", "Preescolar": 119, "Primaria": 496, "Secundaria": 393, "Media": 166, "DTotal": 1174, "DANE12_EST": "111001100021" }, "geometry": { "type": "Point", "coordinates": [ -8255870.889799999073148, 509040.674899999052286 ] } },
{ "type": "Feature", "properties": { "NOMBRE_EST": "COLEGIO JOSE MARIA VARGAS VILA (IED)", "GENERO": 5, "COD_LOCA": "19", "CLASE_TIPO": 1, "FECHA": "2024-04-30", "Preescolar": 341, "Primaria": 1606, "Secundaria": 963, "Media": 337, "DTotal": 3247, "DANE12_EST": "111001107115" }, "geometry": { "type": "Point", "coordinates": [ -8255598.120300000533462, 506181.572500001639128 ] } },
{ "type": "Feature", "properties": { "NOMBRE_EST": "COLEGIO CUNDINAMARCA (IED)", "GENERO": 5, "COD_LOCA": "19", "CLASE_TIPO": 1, "FECHA": "2024-04-30", "Preescolar": 460, "Primaria": 1491, "Secundaria": 1342, "Media": 632, "DTotal": 3925, "DANE12_EST": "111001107816" }, "geometry": { "type": "Point", "coordinates": [ -8253036.90819999948144, 508374.537799999117851 ] } },
{ "type": "Feature", "properties": { "NOMBRE_EST": "COLEGIO ANTONIO GARCIA (IED)", "GENERO": 5, "COD_LOCA": "19", "CLASE_TIPO": 1, "FECHA": "2024-04-30", "Preescolar": 464, "Primaria": 1355, "Secundaria": 691, "Media": 402, "DTotal": 2912, "DANE12_EST": "111001107859" }, "geometry": { "type": "Point", "coordinates": [ -8253134.503100000321865, 506406.1886 ] } },
{ "type": "Feature", "properties": { "NOMBRE_EST": "COLEGIO FANNY MIKEY (IED)", "GENERO": 5, "COD_LOCA": "19", "CLASE_TIPO": 1, "FECHA": "2024-04-30", "Preescolar": 260, "Primaria": 810, "Secundaria": 684, "Media": 253, "DTotal": 2007, "DANE12_EST": "111001109304" }, "geometry": { "type": "Point", "coordinates": [ -8254662.512199999764562, 506981.722600001841784 ] } },
{ "type": "Feature", "properties": { "NOMBRE_EST": "COLEGIO EL ENSUEÑO (IED)", "GENERO": 5, "COD_LOCA": "19", "CLASE_TIPO": 2, "FECHA": "2024-04-30", "Preescolar": 226, "Primaria": 627, "Secundaria": 524, "Media": 176, "DTotal": 1553, "DANE12_EST": "111001800414" }, "geometry": { "type": "Point", "coordinates": [ -8255337.744000000879169, 510818.361099999397993 ] } },
{ "type": "Feature", "properties": { "NOMBRE_EST": "COLEGIO ROGELIO SALMONA (IED)", "GENERO": 5, "COD_LOCA": "19", "CLASE_TIPO": 2, "FECHA": "2024-04-30", "Preescolar": 322, "Primaria": 950, "Secundaria": 644, "Media": 232, "DTotal": 2148, "DANE12_EST": "111001800422" }, "geometry": { "type": "Point", "coordinates": [ -8254894.699100000783801, 511203.805799998342991 ] } },
{ "type": "Feature", "properties": { "NOMBRE_EST": "COLEGIO ANGELA RESTREPO MORENO (IED)", "GENERO": 5, "COD_LOCA": "19", "CLASE_TIPO": 2, "FECHA": "2024-04-30", "Preescolar": 179, "Primaria": 463, "Secundaria": 382, "Media": 154, "DTotal": 1178, "DANE12_EST": "111001800571" }, "geometry": { "type": "Point", "coordinates": [ -8255929.853499999269843, 510677.016600001603365 ] } },
{ "type": "Feature", "properties": { "NOMBRE_EST": "COLEGIO EL NOGAL (IED)", "GENERO": 5, "COD_LOCA": "19", "CLASE_TIPO": 2, "FECHA": "2024-04-30", "Preescolar": 208, "Primaria": 457, "Secundaria": 349, "Media": 149, "DTotal": 1163, "DANE12_EST": "111001800635" }, "geometry": { "type": "Point", "coordinates": [ -8255965.1173, 509990.335999999195337 ] } },
{ "type": "Feature", "properties": { "NOMBRE_EST": "COLEGIO MARIA CURREA MANRIQUE (IED)", "GENERO": 5, "COD_LOCA": "19", "CLASE_TIPO": 1, "FECHA": "2024-04-30", "Preescolar": 248, "Primaria": 0, "Secundaria": 0, "Media": 0, "DTotal": 248, "DANE12_EST": "111001801276" }, "geometry": { "type": "Point", "coordinates": [ -8254684.972100000828505, 510554.757699999958277 ] } },
{ "type": "Feature", "properties": { "NOMBRE_EST": "COLEGIO AGUDELO RESTREPO (IED)", "GENERO": 5, "COD_LOCA": "19", "CLASE_TIPO": 1, "FECHA": "2024-04-30", "Preescolar": 164, "Primaria": 416, "Secundaria": 319, "Media": 74, "DTotal": 973, "DANE12_EST": "111001801314" }, "geometry": { "type": "Point", "coordinates": [ -8255742.158800000324845, 511105.589699998497963 ] } },
{ "type": "Feature", "properties": { "NOMBRE_EST": "COLEGIO RURAL PASQUILLA (IED)", "GENERO": 5, "COD_LOCA": "19", "CLASE_TIPO": 1, "FECHA": "2024-04-30", "Preescolar": 59, "Primaria": 336, "Secundaria": 485, "Media": 162, "DTotal": 1042, "DANE12_EST": "211850001121" }, "geometry": { "type": "Point", "coordinates": [ -8255091.083399999886751, 495275.232200000435114 ] } },
{ "type": "Feature", "properties": { "NOMBRE_EST": "COLEGIO RURAL QUIBA ALTA (IED)", "GENERO": 5, "COD_LOCA": "19", "CLASE_TIPO": 1, "FECHA": "2024-04-30", "Preescolar": 238, "Primaria": 571, "Secundaria": 466, "Media": 185, "DTotal": 1460, "DANE12_EST": "211850001171" }, "geometry": { "type": "Point", "coordinates": [ -8255983.841199999675155, 502995.514299999922514 ] } },
{ "type": "Feature", "properties": { "NOMBRE_EST": "COLEGIO MOCHUELO ALTO (CED)", "GENERO": 5, "COD_LOCA": "19", "CLASE_TIPO": 1, "FECHA": "2024-04-30", "Preescolar": 33, "Primaria": 316, "Secundaria": 0, "Media": 0, "DTotal": 349, "DANE12_EST": "211850001180" }, "geometry": { "type": "Point", "coordinates": [ -8254142.468800000846386, 500198.282000001519918 ] } },
{ "type": "Feature", "properties": { "NOMBRE_EST": "COLEGIO RURAL JOSE CELESTINO MUTIS (IED)", "GENERO": 5, "COD_LOCA": "19", "CLASE_TIPO": 1, "FECHA": "2024-04-30", "Preescolar": 276, "Primaria": 662, "Secundaria": 545, "Media": 228, "DTotal": 1711, "DANE12_EST": "211850001317" }, "geometry": { "type": "Point", "coordinates": [ -8254562.881300000473857, 502681.820300001651049 ] } },
{ "type": "Feature", "properties": { "NOMBRE_EST": "COLEGIO CANADA (IED)", "GENERO": 5, "COD_LOCA": "19", "CLASE_TIPO": 1, "FECHA": "2024-04-30", "Preescolar": 59, "Primaria": 383, "Secundaria": 299, "Media": 86, "DTotal": 827, "DANE12_EST": "311001075034" }, "geometry": { "type": "Point", "coordinates": [ -8254852.7127, 506055.390900000929832 ] } },
{ "type": "Feature", "properties": { "NOMBRE_EST": "COLEGIO CAMPESTRE JAIME GARZON (IED)", "GENERO": 5, "COD_LOCA": "20", "CLASE_TIPO": 1, "FECHA": "2024-04-30", "Preescolar": 39, "Primaria": 108, "Secundaria": 101, "Media": 40, "DTotal": 288, "DANE12_EST": "211001076346" }, "geometry": { "type": "Point", "coordinates": [ -8256734.366100000217557, 464720.802600000053644 ] } },
{ "type": "Feature", "properties": { "NOMBRE_EST": "COLEGIO GIMNASIO DEL CAMPO JUAN DE LA CRUZ VARELA (IED)", "GENERO": 5, "COD_LOCA": "20", "CLASE_TIPO": 1, "FECHA": "2024-04-30", "Preescolar": 59, "Primaria": 187, "Secundaria": 190, "Media": 121, "DTotal": 557, "DANE12_EST": "211850001473" }, "geometry": { "type": "Point", "coordinates": [ -8278129.733999999240041, 444035.938799999654293 ] } }
]
}
