DIRECTORIO,COD_UPZ_GRUPO,COD_LOCALIDAD,ESTRATO2021,NVCBP11AA,FEX_C,n_hijos_oficial
1000000,87,7,11001169,2,45.8527037,2
1000007,87,7,11001169,2,48.9764026,15
1000008,87,7,11001169,2,45.0317704,2
1000009,84,7,11001107,2,77.5927197,4
1000011,84,7,11001107,2,67.2393982,8
1000014,87,7,11001169,2,41.7449911,5
1000018,87,7,11001169,2,62.0322866,10
1000022,87,7,11001169,2,66.2841228,2
1000024,87,7,11001169,2,65.3862769,8
1000025,87,7,11001169,2,48.698928,4
1000028,47,8,11001133,3,43.0457078,3
1000029,47,8,11001133,3,37.3322854,4
1000033,58,5,11001117,2,40.4017252,8
1000035,58,5,11001117,2,27.8894371,3
1000043,77,9,11001173,2,27.1156908,4
1000049,34,4,11001101,3,32.7923641,3
1000050,34,4,11001101,3,67.396425,12
1000053,34,4,11001101,3,30.3151287,4
1000055,34,4,11001101,3,32.6827104,6
1000056,34,4,11001101,3,41.4219336,3
1000059,50,4,11001136,2,37.9909314,5
1000060,50,4,11001136,2,36.0569222,3
1000063,69,19,11001131,2,66.7668009,4
1000065,47,8,11001133,3,40.9487493,3
1000075,69,19,11001131,2,88.5421052,4
1000082,69,19,11001131,3,78.2056623,4
1000083,69,19,11001131,1,70.9403937,2
1000107,85,7,11001106,2,93.3743685,4
1000113,85,7,11001106,2,99.9974019,3
1000124,85,7,11001106,2,96.1137802,18
1000127,85,7,11001106,2,134.3955121,4
1000145,815,19,11001188,1,20.4573616,3
1000147,815,19,11001188,1,15.3230993,8
1000150,69,19,11001131,2,81.0139887,4
1000157,815,19,11001188,1,23.0044669,8
1000158,815,19,11001188,1,13.7870221,3
1000159,69,19,11001131,2,77.305697,4
1000164,54,18,11001148,2,51.30528,8
1000169,69,19,11001131,1,59.5347895,8
1000171,18,11,11001109,3,40.1980354,24
1000176,82,8,11001153,2,44.3394043,4
1000178,82,8,11001153,2,60.2077468,10
1000191,82,8,11001153,2,37.2283256,6
1000197,803,1,11001176,6,61.7558577,3
1000205,76,9,11001125,2,16.7268787,4
1000211,76,9,11001125,2,14.5503067,15
1000214,23,11,11001112,4,28.917778,4
1000216,23,11,11001112,4,28.8678849,3
1000228,72,10,11001105,3,42.532431,4
1000233,58,5,11001117,2,41.7687009,8
1000235,58,5,11001117,2,30.7206933,6
1000236,58,5,11001117,2,38.951618,4
1000238,58,5,11001117,2,37.1507134,5
1000252,40,16,11001114,3,51.7070867,4
1000266,40,16,11001114,3,55.0457408,18
1000277,54,18,11001148,2,56.0780876,18
1000279,82,8,11001153,2,47.2533279,10
1000280,82,8,11001153,2,45.7500385,2
1000281,76,9,11001125,3,15.4748447,5
1000284,33,4,11001163,2,18.945131,8
1000293,62,6,11001171,2,16.5094233,4
1000305,62,6,11001171,2,15.7703215,2
1000308,62,6,11001171,2,27.3611391,4
1000313,62,6,11001171,2,22.99816,2
1000317,62,6,11001171,2,8.5847969,4
1000322,62,6,11001171,2,12.0693925,3
1000328,114,9,11001150,4,23.00416,8
1000329,114,9,11001150,4,22.9360147,4
1000331,803,1,11001176,5,46.2338902,4
1000336,89,2,11001160,2,7.8589998,4
1000337,89,2,11001160,2,13.622062,5
1000341,89,2,11001160,2,12.0793331,2
1000347,89,2,11001160,2,5.5235256,3
1000350,62,6,11001171,2,16.0136522,5
1000352,62,6,11001171,2,20.7187139,4
1000353,35,15,11001113,3,16.6901246,6
1000354,35,15,11001113,3,19.5094008,4
1000359,35,15,11001113,3,16.0289371,2
1000362,35,15,11001113,3,12.8121251,6
1000363,35,15,11001113,3,9.7480543,4
1000370,81,8,11001128,2,31.3981318,8
1000393,33,4,11001163,3,21.054388,8
1000408,14,1,11001193,5,20.9686465,3
1000409,58,5,11001117,2,44.9003021,2
1000410,58,5,11001117,2,35.4151582,3
1000411,58,5,11001117,2,35.6834549,3
1000416,55,18,11001119,2,32.6017947,2
1000428,80,8,11001118,2,11.6340638,12
1000434,80,8,11001118,2,22.8639875,4
1000435,80,8,11001118,2,13.7805999,3
1000443,80,8,11001118,2,20.0858648,8
1000460,33,4,11001163,2,24.1577336,4
1000469,82,8,11001153,2,51.6774801,4
1000490,101,13,11001165,3,13.5837648,3
1000493,803,1,11001176,6,24.6253591,8
1000496,89,2,11001160,2,8.0534335,10
1000502,89,2,11001160,2,8.6010408,21
1000508,89,2,11001160,2,6.1426668,24
1000548,815,19,11001188,,20.2820627,3
1000549,815,19,11001188,,17.230791,15
1000550,53,18,11001191,2,21.4414929,10
1000555,79,8,11001110,2,87.9671217,4
1000560,92,3,11001137,2,9.9784618,3
1000565,92,3,11001137,2,7.5049319,2
1000583,53,18,11001191,2,11.9907769,3
1000589,44,8,11001102,3,36.7472488,5
1000610,29,10,11001149,3,69.8510667,8
1000617,73,10,11001127,3,91.6530446,3
1000624,33,4,11001163,3,18.3929233,2
1000625,33,4,11001163,3,23.6952059,4
1000637,79,8,11001110,2,63.7625857,4
1000639,79,8,11001110,2,71.6800003,3
1000642,11,1,11001158,3,31.930967,3
1000649,48,8,11001167,3,40.5097772,8
1000650,48,8,11001167,3,49.6881198,3
1000652,42,6,11001172,2,55.5871007,2
1000655,42,6,11001172,2,75.708825,2
1000668,809,16,11001182,3,4.3611728,10
1000670,809,16,11001182,3,15.8693512,5
1000678,809,16,11001182,3,5.1074149,2
1000689,40,16,11001114,3,65.6762477,4
1000692,24,11,11001152,1,69.0061794,4
1000694,24,11,11001152,1,39.2326602,4
1000700,42,6,11001172,2,81.1516985,4
1000710,815,19,11001188,,23.9038137,6
1000711,815,19,11001188,,18.3217933,4
1000712,75,9,11001124,2,65.5135329,4
1000717,89,2,11001160,2,6.3443769,6
1000719,89,2,11001160,2,6.2145131,3
1000731,70,19,11001132,1,22.5376403,3
1000737,89,2,11001160,2,6.3290397,3
1000742,96,3,11001146,2,20.5434559,3
1000752,70,19,11001132,1,27.3368441,3
1000753,70,19,11001132,1,26.9726617,18
1000754,70,19,11001132,1,39.5092287,3
1000757,70,19,11001132,1,27.9863471,4
1000759,70,19,11001132,1,31.0392365,5
1000766,65,19,11001104,3,48.0418099,10
1000767,65,19,11001104,3,54.7195523,4
1000782,65,19,11001104,2,28.9555195,2
1000790,65,19,11001104,3,43.3465848,15
1000793,67,19,11001147,1,60.5628804,2
1000809,9,1,11001194,2,40.7840912,4
1000814,39,18,11001155,3,55.5260862,3
1000819,80,8,11001118,2,13.2574147,4
1000821,55,18,11001119,1,34.0320036,2
1000824,55,18,11001119,1,34.0320036,2
1000825,55,18,11001119,1,37.4352039,2
1000826,815,19,11001188,,22.6196244,8
1000829,70,19,11001132,1,37.1050908,4
1000830,80,8,11001118,2,23.748533,8
1000832,80,8,11001118,2,28.3967134,4
1000833,76,9,11001125,2,13.235081,4
1000834,89,2,11001160,2,7.3434787,10
1000835,80,8,11001118,2,15.2567377,2
1000841,54,18,11001148,1,52.7562512,4
1000844,26,10,11001140,3,35.3216821,5
1000855,33,4,11001163,3,23.2310289,10
1000860,55,18,11001119,2,50.485908,4
1000861,55,18,11001119,2,66.2976134,6
1000864,54,18,11001148,2,60.7279435,8
1000870,21,12,11001143,3,18.8806946,4
1000879,47,8,11001133,3,30.0379322,12
1000891,54,18,11001148,2,73.1469315,3
1000893,26,10,11001140,3,35.9628503,4
1000905,26,10,11001140,3,37.1564553,2
1000919,50,4,11001136,2,29.4576305,3
1000922,50,4,11001136,2,29.1957888,8
1000931,98,12,11001142,3,7.8845409,5
1000932,98,12,11001142,3,26.6884749,4
1000946,89,2,11001160,2,6.5105786,4
1000947,89,2,11001160,2,6.9624979,8
1000950,11,1,11001158,3,26.9112306,4
1000951,11,1,11001158,3,32.5315154,3
1000953,98,12,11001142,3,23.5331967,2
1000956,11,1,11001158,3,27.875092,3
1000957,811,5,11001184,1,44.8276781,3
1000960,811,5,11001184,1,31.0631589,3
1000967,35,15,11001113,3,16.2228456,4
1000969,35,15,11001113,3,11.2747592,5
1000991,811,5,11001184,1,38.1455917,3
1000994,102,14,11001138,3,17.5481933,12
1001013,66,19,11001159,2,26.9152764,4
1001018,47,8,11001133,3,38.4381124,4
1001024,55,18,11001119,2,26.0336084,4
1001029,23,11,11001112,5,25.9824299,5
1001030,55,18,11001119,1,35.6782398,4
1001036,813,9,11001186,3,7.3482184,5
1001041,809,16,11001182,3,6.1328993,4
1001044,809,16,11001182,3,5.7308984,3
1001045,809,16,11001182,3,4.0142614,8
1001047,809,16,11001182,3,5.7458417,2
1001065,57,5,11001129,1,43.8574954,6
1001069,45,8,11001111,3,39.7006089,8
1001073,54,18,11001148,2,22.644776,6
1001076,813,9,11001186,4,10.1151608,3
1001086,811,5,11001184,1,26.4039398,4
1001089,83,8,11001141,2,13.3895531,4
1001096,83,8,11001141,2,15.6230839,2
1001098,83,8,11001141,2,17.2584576,4
1001099,83,8,11001141,2,18.3305062,10
1001107,38,15,11001156,3,28.9948658,5
1001110,38,15,11001156,3,34.6881225,8
1001133,47,8,11001133,3,38.274798,3
1001137,47,8,11001133,3,36.3045109,12
1001139,47,8,11001133,3,52.252921,4
1001145,62,6,11001171,2,14.9001242,4
1001159,70,19,11001132,1,16.5950507,4
1001171,11,1,11001158,2,35.851226,3
1001174,48,8,11001167,3,64.689914,15
1001178,803,1,11001176,6,68.9800345,3
1001183,57,5,11001129,1,49.3361683,8
1001186,77,9,11001173,2,25.8609983,2
1001187,77,9,11001173,2,35.32835,8
1001189,77,9,11001173,2,33.3085924,8
1001191,70,19,11001132,1,18.1040362,5
1001200,58,5,11001117,1,30.9018886,4
1001201,58,5,11001117,1,56.1446938,35
1001211,84,7,11001107,2,81.0043043,3
1001213,84,7,11001107,2,45.2151449,8
1001224,54,18,11001148,2,47.9239875,3
1001225,54,18,11001148,2,32.1579795,2
1001229,54,18,11001148,2,24.1544277,2
1001231,54,18,11001148,2,60.76822,3
1001234,54,18,11001148,2,19.5650865,6
1001254,45,8,11001111,3,35.5951771,3
1001257,48,8,11001167,2,54.3795586,6
1001258,48,8,11001167,2,52.5389342,5
1001259,48,8,11001167,2,42.2237043,12
1001261,9,1,11001194,2,55.8853563,4
1001264,96,3,11001146,2,39.7532159,4
1001272,87,7,11001169,2,42.6261764,10
1001274,87,7,11001169,2,38.3902648,3
1001277,52,5,11001135,1,10.86119,3
1001281,48,8,11001167,2,50.628553,10
1001286,80,8,11001118,2,22.9749024,5
1001294,80,8,11001118,2,21.7749044,6
1001299,79,8,11001110,2,52.7907563,3
1001300,79,8,11001110,2,62.629305,5
1001304,79,8,11001110,2,74.6840154,4
1001306,802,8,11001175,2,72.2873684,2
1001308,80,8,11001118,2,16.0113581,2
1001310,58,5,11001117,1,49.1324815,15
1001319,96,3,11001146,2,24.066831,15
1001323,77,9,11001173,2,27.0774259,3
1001326,77,9,11001173,2,33.8467823,3
1001327,77,9,11001173,2,28.8952077,3
1001330,77,9,11001173,2,28.8952077,3
1001335,44,8,11001102,3,30.5457718,5
1001338,82,8,11001153,2,49.4944529,4
1001343,52,5,11001135,1,9.7104192,2
1001344,77,9,11001173,2,28.6762512,2
1001347,52,5,11001135,1,7.1989742,6
1001352,48,8,11001167,2,48.7359994,4
1001354,48,8,11001167,2,42.018103,8
1001359,65,19,11001104,3,30.864406,5
1001367,82,8,11001153,2,37.5028799,5
1001373,802,8,11001175,3,72.0788509,6
1001377,76,9,11001125,2,8.9549446,3
1001386,802,8,11001175,2,84.8207349,3
1001389,9,1,11001194,2,54.4404093,6
1001413,65,19,11001104,3,33.504198,10
1001417,81,8,11001128,2,19.7477749,4
1001419,53,18,11001191,2,28.9690835,10
1001444,81,8,11001128,2,25.3458555,2
1001446,84,7,11001107,2,52.5663457,6
1001455,81,8,11001128,2,36.4289982,5
1001464,12,1,11001170,2,26.2866201,4
1001466,30,10,11001108,3,65.2824114,3
1001510,86,7,11001120,2,61.8289325,3
1001513,86,7,11001120,2,66.3753392,4
1001514,86,7,11001120,2,62.466443,3
1001515,86,7,11001120,2,39.3920226,10
1001517,9,1,11001194,3,76.394394,5
1001522,87,7,11001169,2,47.0922018,5
1001524,87,7,11001169,2,36.8766004,4
1001535,12,1,11001170,2,28.0064083,3
1001537,81,8,11001128,2,20.4258276,10
1001542,803,1,11001176,6,55.1840276,3
1001543,815,19,11001188,1,21.62238,3
1001544,815,19,11001188,1,29.1785462,5
1001546,67,19,11001147,1,67.0341653,3
1001550,18,11,11001109,3,23.0464406,12
1001557,21,12,11001143,3,22.4316184,8
1001559,25,11,11001196,4,22.8870672,6
1001576,18,11,11001109,3,40.3878909,2
1001577,18,11,11001109,3,36.9590167,3
1001579,83,8,11001141,2,17.1830276,8
1001583,83,8,11001141,2,16.6319147,5
1001585,83,8,11001141,2,16.7723069,12
1001594,25,11,11001196,3,18.1033258,2
1001598,82,8,11001153,2,39.7585318,5
1001599,82,8,11001153,2,59.0989028,3
1001600,82,8,11001153,2,57.796332,3
1001601,82,8,11001153,2,65.2497517,3
1001602,82,8,11001153,2,49.2703621,24
1001603,82,8,11001153,2,59.9345406,8
1001608,78,8,11001168,2,11.7472646,5
1001609,78,8,11001168,2,20.3034224,4
1001615,42,6,11001172,3,99.5900659,10
1001623,42,6,11001172,3,69.9635693,2
1001628,42,6,11001172,3,69.2108685,3
1001630,57,5,11001129,2,87.3306478,4
1001633,57,5,11001129,2,44.7335922,3
1001639,11,1,11001158,3,24.8123953,5
1001655,44,8,11001102,3,30.7496697,2
1001659,44,8,11001102,2,30.1093893,3
1001660,42,6,11001172,3,56.8682226,5
1001675,42,6,11001172,3,92.874819,3
1001682,811,5,11001184,2,27.2508885,3
1001686,811,5,11001184,2,16.5668148,2
1001691,87,7,11001169,2,52.3090215,8
1001696,84,7,11001107,2,59.3325603,2
1001705,803,1,11001176,6,36.1154576,4
1001722,45,8,11001111,3,47.9426512,4
1001733,76,9,11001125,2,6.9648421,5
1001738,42,6,11001172,2,73.173222,8
1001739,42,6,11001172,3,76.9836648,8
1001747,42,6,11001172,2,61.4093985,3
1001748,42,6,11001172,3,69.9635693,2
1001751,62,6,11001171,2,21.846255,3
1001762,96,3,11001146,,21.1198887,15
1001764,96,3,11001146,,20.8176366,10
1001766,80,8,11001118,2,23.3039728,12
1001773,84,7,11001107,2,64.4520469,5
1001774,84,7,11001107,2,88.0674399,4
1001783,87,7,11001169,1,44.3731329,10
1001786,87,7,11001169,2,49.5231728,3
1001787,87,7,11001169,2,49.5231728,3
1001789,45,8,11001111,3,39.187594,10
1002025,82,8,11001153,2,51.7710874,4
1002027,82,8,11001153,2,51.7203671,3
1002042,55,18,11001119,1,68.8798759,4
1002043,55,18,11001119,1,55.7591142,8
1002045,100,13,11001126,4,15.4623515,3
1002052,32,4,11001157,2,36.1550996,4
1002053,32,4,11001157,2,56.8049563,8
1002070,32,4,11001157,,44.5524707,8
1002075,55,18,11001119,1,55.7591142,4
1002081,96,3,11001146,2,30.9868803,12
1002084,55,18,11001119,2,34.6252334,12
1002095,18,11,11001109,3,53.2125219,3
1002102,28,11,11001122,3,175.4187363,15
1002112,95,3,11001139,2,6.3537378,4
1002162,28,11,11001122,3,145.4734459,4
1002166,28,11,11001122,3,118.0315448,3
1002177,33,4,11001163,3,32.298002,10
1002180,26,10,11001140,3,54.1598819,8
1002183,26,10,11001140,3,55.4371472,5
1002184,26,10,11001140,3,49.3889921,4
1002189,815,19,11001188,1,25.2139377,6
1002191,815,19,11001188,1,28.6748721,4
1002194,39,18,11001155,3,47.3759934,4
1002198,48,8,11001167,3,60.6490471,8
1002201,84,7,11001107,2,87.2932538,8
1002203,811,5,11001184,2,15.6433626,15
1002216,32,4,11001157,2,38.8753815,3
1002217,32,4,11001157,2,45.3481632,4
1002219,32,4,11001157,2,51.9084561,18
1002223,32,4,11001157,2,60.2979183,12
1002227,32,4,11001157,2,51.1244607,8
1002233,32,4,11001157,2,58.8652611,10
1002238,32,4,11001157,2,50.5037201,8
1002240,32,4,11001157,2,40.8160559,2
1002243,21,12,11001143,3,22.3008549,8
1002244,9,1,11001194,2,52.3308823,3
1002247,96,3,11001146,2,16.0724651,3
1002260,48,8,11001167,2,57.0838413,3
1002275,84,7,11001107,2,84.1488833,10
1002276,84,7,11001107,2,90.023793,4
1002278,116,10,11001197,3,7.2133019,4
1002281,116,10,11001197,3,5.9770896,3
1002285,116,10,11001197,3,6.0462378,3
1002294,19,11,11001121,3,46.5362159,30
1002311,11,1,11001158,3,23.4099136,4
1002312,11,1,11001158,3,21.4683897,10
1002320,29,10,11001149,2,60.6538811,8
1002322,29,10,11001149,2,45.7352065,3
1002331,70,19,11001132,1,28.5709199,4
1002335,11,1,11001158,3,20.4864148,3
1002336,11,1,11001158,3,21.95973,10
1002355,11,1,11001158,3,34.1950275,10
1002356,52,5,11001135,0,13.8681411,24
1002357,52,5,11001135,1,8.7954811,8
1002359,52,5,11001135,1,8.171131,8
1002361,52,5,11001135,1,6.504694,2
1002367,52,5,11001135,1,6.1777281,4
1002368,52,5,11001135,1,8.0545901,14
1002371,52,5,11001135,1,7.7853361,6
1002376,52,5,11001135,0,11.0299438,55
1002377,52,5,11001135,0,8.41032,14
1002382,52,5,11001135,1,7.8182054,8
1002384,52,5,11001135,1,8.0091173,15
1002386,62,6,11001171,2,22.0653422,4
1002391,62,6,11001171,2,14.73226,6
1002405,62,6,11001171,2,18.2827235,4
1002409,62,6,11001171,2,14.73226,3
1002411,62,6,11001171,2,22.6319836,8
1002415,62,6,11001171,2,18.2784705,4
1002417,62,6,11001171,2,17.7014763,6
1002434,69,19,11001131,2,64.6627983,4
1002440,69,19,11001131,1,64.7169951,8
1002443,69,19,11001131,1,57.717652,3
1002445,69,19,11001131,1,97.2018549,4
1002457,92,3,11001137,2,13.6574938,4
1002459,54,18,11001148,2,44.0578005,4
1002463,809,16,11001182,3,9.0913559,14
1002464,809,16,11001182,3,13.602301,5
1002465,809,16,11001182,3,5.1074149,2
1002470,73,10,11001127,3,54.2148047,2
1002477,74,10,11001123,2,87.6330155,4
1002480,69,19,11001131,1,88.82049,3
1002482,69,19,11001131,1,46.5483132,8
1002483,69,19,11001131,1,49.4800032,4
1002484,69,19,11001131,1,64.5339528,5
1002486,69,19,11001131,1,44.8179783,2
1002489,69,19,11001131,1,55.3463934,5
1002490,69,19,11001131,1,83.1055972,3
1002511,78,8,11001168,2,15.6180172,4
1002521,55,18,11001119,1,34.6110613,3
1002522,55,18,11001119,1,34.3106814,3
1002529,55,18,11001119,1,41.594671,2
1002550,803,1,11001176,5,31.1249523,3
1002554,43,16,11001161,3,14.9428332,8
1002556,43,16,11001161,3,21.9351964,16
1002564,43,16,11001161,3,46.1353454,3
1002570,812,5,11001185,1,33.4041705,8
1002581,43,16,11001161,3,29.7120504,3
1002595,32,4,11001157,2,63.1166181,4
1002601,44,8,11001102,2,38.4163143,15
1002614,80,8,11001118,2,17.4818942,3
1002620,87,7,11001169,2,29.8474321,12
1002624,87,7,11001169,2,45.3093686,8
1002625,87,7,11001169,2,53.4049581,15
1002629,87,7,11001169,2,46.9773413,4
1002949,84,7,11001107,2,114.7103232,5
1002959,47,8,11001133,3,37.9453762,50
1002964,27,11,11001164,3,76.5884072,10
1002968,27,11,11001164,2,98.4998217,4
1002972,27,11,11001164,2,96.0714046,6
1002973,27,11,11001164,2,99.1762095,4
1002976,73,10,11001127,3,81.2296969,3
1002997,116,10,11001197,3,8.3598795,5
1003012,45,8,11001111,3,29.4931285,8
1003018,96,3,11001146,2,17.565654,8
1003023,96,3,11001146,2,33.5095394,18
1003031,62,6,11001171,2,15.1047938,2
1003037,66,19,11001159,2,25.0787046,8
1003039,66,19,11001159,2,24.2502546,3
1003046,87,7,11001169,2,45.3093686,4
1003047,87,7,11001169,2,47.7211659,4
1003049,70,19,11001132,1,32.1588139,7
1003060,86,7,11001120,2,58.8563839,3
1003073,100,13,11001126,3,17.1757615,5
1003077,58,5,11001117,1,34.4308226,4
1003078,58,5,11001117,1,20.4286024,10
1003079,100,13,11001126,3,20.2539269,6
1003080,100,13,11001126,3,19.334291,6
1003081,100,13,11001126,3,15.6874007,4
1003087,100,13,11001126,3,24.3908638,3
1003093,39,18,11001155,3,44.5530626,8
1003095,39,18,11001155,3,60.8052308,3
1003096,39,18,11001155,3,41.3912323,8
1003099,39,18,11001155,3,36.0323267,12
1003102,39,18,11001155,3,51.3566908,4
1003106,39,18,11001155,3,29.329102,8
1003115,39,18,11001155,3,64.4048415,10
1003117,39,18,11001155,3,60.0908529,2
1003121,35,15,11001113,3,12.5296401,12
1003122,35,15,11001113,3,9.0005044,5
1003125,66,19,11001159,2,29.1211138,4
1003128,812,5,11001185,1,27.5365587,5
1003129,812,5,11001185,1,27.9785933,6
1003130,812,5,11001185,1,22.9938749,3
1003157,23,11,11001112,5,24.0565707,3
1003161,96,3,11001146,2,22.6013813,8
1003164,78,8,11001168,2,16.3692363,4
1003167,66,19,11001159,2,20.9055858,3
1003171,101,13,11001165,3,17.5783234,4
1003179,55,18,11001119,2,28.5265703,2
1003193,70,19,11001132,1,31.251153,18
1003198,66,19,11001159,2,19.4560693,2
1003201,82,8,11001153,2,47.6226174,8
1003205,55,18,11001119,2,23.9001403,4
1003213,55,18,11001119,2,37.4925091,4
1003217,72,10,11001105,3,34.954605,30
1003237,83,8,11001141,1,15.9399673,12
1003250,55,18,11001119,2,36.8977569,8
1003254,55,18,11001119,2,35.5033351,6
1003266,45,8,11001111,3,46.7676745,8
1003267,70,19,11001132,1,25.0946108,5
1003287,35,15,11001113,3,13.4289957,4
1003301,81,8,11001128,2,32.8421406,8
1003303,12,1,11001170,2,28.31328,4
1003308,12,1,11001170,3,21.8388871,3
1003329,39,18,11001155,3,47.3153417,3
1003330,39,18,11001155,3,43.8229491,6
1003338,34,4,11001101,3,27.2833288,3
1003352,34,4,11001101,2,22.6449304,5
1003355,42,6,11001172,2,39.7926013,4
1003358,34,4,11001101,2,23.2626482,4
1003360,34,4,11001101,3,30.6991457,4
1003369,34,4,11001101,3,47.9934243,2
1003370,34,4,11001101,3,50.6072477,3
1003371,34,4,11001101,3,68.2324693,18
1003372,42,6,11001172,3,56.5786913,3
1003374,42,6,11001172,3,115.549927,10
1003386,34,4,11001101,2,49.168363,3
1003388,21,12,11001143,3,17.6828044,18
1003390,50,4,11001136,2,33.0612445,10
1003391,50,4,11001136,2,29.8573561,3
1003393,50,4,11001136,2,40.5101059,24
1003397,50,4,11001136,2,34.3747165,2
1003401,33,4,11001163,3,17.6893049,3
1003402,34,4,11001101,2,20.5117067,2
1003428,34,4,11001101,2,30.4125932,2
1003429,34,4,11001101,2,32.4643183,8
1003432,32,4,11001157,2,40.8160559,2
1003433,32,4,11001157,2,56.4732069,5
1003439,34,4,11001101,2,24.9286296,4
1003441,34,4,11001101,2,26.6283859,3
1003455,33,4,11001163,2,19.5486923,4
1003456,33,4,11001163,2,18.605876,8
1003461,32,4,11001157,2,46.8246434,3
1003463,33,4,11001163,2,14.3598358,3
1003466,50,4,11001136,2,38.4303787,8
1003468,34,4,11001101,2,32.5475554,4
1003474,33,4,11001163,2,24.9722006,5
1003475,33,4,11001163,2,19.5521254,4
1003476,33,4,11001163,2,17.4064198,3
1003478,34,4,11001101,3,41.979504,3
1003479,34,4,11001101,2,64.7095249,4
1003486,50,4,11001136,2,35.646418,4
1003488,33,4,11001163,2,22.25182,35
1003489,33,4,11001163,2,17.0374324,8
1003490,33,4,11001163,2,22.0668183,8
1003514,53,18,11001191,2,24.443694,2
1003525,44,8,11001102,3,31.7850959,4
1003529,803,1,11001176,6,41.6292583,2
1003530,803,1,11001176,6,72.2407163,8
1003531,86,7,11001120,1,45.7572825,8
1003539,86,7,11001120,1,62.1467621,4
1003543,96,3,11001146,1,20.8616661,3
1003553,86,7,11001120,1,114.4980231,3
1003556,86,7,11001120,1,59.0477,5
1003559,45,8,11001111,3,34.6988093,5
1003570,40,16,11001114,3,46.5559782,6
1003582,86,7,11001120,1,46.7154693,5
1003587,48,8,11001167,2,37.4698645,2
1003590,82,8,11001153,2,42.4650482,8
1003595,101,13,11001165,4,13.612493,3
1003608,47,8,11001133,3,45.6231225,4
1003610,21,12,11001143,3,11.4096812,3
1003619,54,18,11001148,2,21.1495707,3
1003620,54,18,11001148,2,28.1574653,2
1003624,54,18,11001148,2,84.5982827,5
1003629,76,9,11001125,2,12.5233293,3
1003631,80,8,11001118,2,13.0300815,5
1003632,45,8,11001111,3,37.1238421,14
1003633,45,8,11001111,3,34.647557,5
1003637,82,8,11001153,2,31.2214164,2
1003638,82,8,11001153,2,54.2933332,3
1003642,806,11,11001179,4,25.6553372,6
1003648,803,1,11001176,6,35.3920991,4
1003650,83,8,11001141,1,13.4490682,3
1003654,110,9,11001115,5,41.3479276,5
1003656,110,9,11001115,5,32.3325252,8
1003660,81,8,11001128,2,35.3228983,8
1003667,58,5,11001117,1,41.1371861,15
1003668,40,16,11001114,3,49.2744636,8
1003684,12,1,11001170,2,28.0064083,3
1003692,802,8,11001175,2,113.0943132,3
1003694,802,8,11001175,3,86.744842,2
1003698,43,16,11001161,3,26.8365829,2
1003699,43,16,11001161,3,37.5260864,3
1003704,43,16,11001161,3,36.9362208,8
1003708,43,16,11001161,3,29.2662238,8
1003709,803,1,11001176,6,33.699137,8
1003711,803,1,11001176,6,32.7683359,8
1003731,79,8,11001110,2,75.7920925,3
1003732,79,8,11001110,2,78.7192415,8
1003734,79,8,11001110,2,67.2316869,4
1003736,79,8,11001110,2,70.8473174,4
1003738,82,8,11001153,2,42.0877858,3
1003740,82,8,11001153,2,32.385886,14
1003756,19,11,11001121,3,60.8379766,12
1003771,9,1,11001194,3,40.8241035,4
1003782,9,1,11001194,2,31.0321411,4
1003791,9,1,11001194,2,60.9563392,15
1003793,9,1,11001194,2,49.193092,8
1003795,9,1,11001194,2,54.818841,3
1003805,43,16,11001161,3,31.4857767,4
1003818,43,16,11001161,3,16.6222094,6
1003823,43,16,11001161,3,32.9390809,4
1003826,9,1,11001194,3,63.7768648,16
1003827,47,8,11001133,3,40.1237851,15
1003829,47,8,11001133,3,50.0579588,4
1003848,74,10,11001123,2,82.4374553,3
1003857,53,18,11001191,2,41.4453656,3
1003862,53,18,11001191,2,24.7106884,3
1003864,53,18,11001191,2,26.3785518,2
1003877,77,9,11001173,2,22.2568605,8
1003887,53,18,11001191,2,28.7621546,4
1003888,53,18,11001191,2,35.6860447,4
1003889,53,18,11001191,2,32.6812984,3
1003913,47,8,11001133,3,32.7589994,3
1003917,47,8,11001133,3,44.744899,14
1003919,47,8,11001133,3,54.2126389,4
1003926,78,8,11001168,2,20.7379626,2
1003931,50,4,11001136,2,41.2361635,12
1003932,50,4,11001136,2,29.4576305,3
1003936,47,8,11001133,3,28.197686,6
1003949,78,8,11001168,2,10.4277793,5
1003952,47,8,11001133,3,40.4264905,12
1003961,83,8,11001141,1,16.009989,12
1003970,50,4,11001136,2,34.8556488,3
1003987,808,13,11001181,4,21.3713255,8
1003994,45,8,11001111,3,27.1535853,4
1004014,808,13,11001181,4,13.9796186,2
1004016,58,5,11001117,2,24.5804629,4
1004017,58,5,11001117,2,26.7560639,3
1004020,58,5,11001117,2,30.1267697,4
1004022,58,5,11001117,2,22.2797335,3
1004024,58,5,11001117,2,31.5771379,4
1004035,50,4,11001136,2,35.7654983,4
1004036,50,4,11001136,2,23.7331791,3
1004039,50,4,11001136,2,30.7100522,2
1004059,53,18,11001191,2,38.8125996,3
1004061,53,18,11001191,2,18.2327357,10
1004063,53,18,11001191,2,13.6316216,4
1004064,53,18,11001191,2,18.2994425,3
1004069,53,18,11001191,2,13.2248844,3
1004079,77,9,11001173,2,25.306191,10
1004080,77,9,11001173,2,32.1007928,4
1004081,77,9,11001173,2,33.1833183,10
1004084,808,13,11001181,4,21.3713255,8
1004093,65,19,11001104,3,42.2704639,4
1004095,37,14,11001162,3,20.0810337,4
1004107,44,8,11001102,3,40.7581554,8
1004108,47,8,11001133,3,40.2908892,3
1004117,37,14,11001162,3,12.5936633,5
1004129,77,9,11001173,2,30.0860287,3
1004135,77,9,11001173,2,19.3262847,4
1004137,77,9,11001173,2,20.2266454,3
1004144,37,14,11001162,3,22.4315914,10
1004153,79,8,11001110,2,53.6105026,4
1004163,65,19,11001104,3,35.0817327,3
1004166,65,19,11001104,3,49.0656946,8
1004172,12,1,11001170,2,28.4915581,10
1004179,109,13,11001116,4,16.2002005,3
1004186,11,1,11001158,3,37.0264788,2
1004191,65,19,11001104,3,29.860733,6
1004220,65,19,11001104,2,42.6476046,16
1004222,76,9,11001125,3,13.5915456,2
1004223,76,9,11001125,3,8.9548523,6
1004227,76,9,11001125,3,11.6037341,3
1004237,802,8,11001175,2,83.8751017,4
1004244,40,16,11001114,3,47.4834056,3
1004265,65,19,11001104,3,56.7760181,4
1004277,65,19,11001104,2,42.2997936,4
1004284,66,19,11001159,2,17.1936987,7
1004285,27,11,11001164,3,73.4093993,4
1004287,81,8,11001128,2,35.696188,8
1004288,81,8,11001128,2,38.0296349,4
1004299,65,19,11001104,3,39.7432126,4
1004300,65,19,11001104,3,34.8636847,10
1004302,65,19,11001104,3,29.6766376,6
1004305,65,19,11001104,2,17.6675504,3
1004307,65,19,11001104,2,28.5930335,4
1004308,65,19,11001104,2,20.7705625,24
1004311,65,19,11001104,3,33.9817966,4
1004314,65,19,11001104,3,33.9817966,8
1004315,65,19,11001104,2,27.9963647,10
1004317,65,19,11001104,2,24.2535959,8
1004318,65,19,11001104,3,36.8013327,8
1004334,65,19,11001104,3,53.9393597,8
1004341,65,19,11001104,3,47.2726921,2
1004347,38,15,11001156,3,26.7005639,3
1004349,81,8,11001128,2,22.3926956,6
1004350,81,8,11001128,2,38.2324414,15
1004362,815,19,11001188,1,17.8923632,4
1004364,815,19,11001188,1,16.4323811,8
1004366,815,19,11001188,1,19.1703891,4
1004367,815,19,11001188,1,18.461978,10
1004369,815,19,11001188,1,12.4509773,2
1004370,815,19,11001188,1,17.3524314,3
1004387,65,19,11001104,2,35.8164342,8
1004390,65,19,11001104,2,36.6944455,12
1004406,100,13,11001126,3,21.6142158,2
1004410,100,13,11001126,3,20.8371856,4
1004411,100,13,11001126,3,23.8507975,2
1004415,808,13,11001181,4,11.6155773,3
1004419,42,6,11001172,2,88.3106183,5
1004420,42,6,11001172,2,77.7372992,2
1004427,57,5,11001129,2,52.0550171,3
1004429,57,5,11001129,2,45.0769638,8
1004431,57,5,11001129,2,46.1492315,3
1004435,83,8,11001141,2,12.961373,5
1004439,83,8,11001141,2,15.5794813,10
1004442,83,8,11001141,2,15.5094595,10
1004446,83,8,11001141,2,18.0081895,4
1004455,80,8,11001118,2,9.4707514,10
1004456,80,8,11001118,2,18.4773471,8
1004457,80,8,11001118,2,21.2834532,12
1004458,80,8,11001118,2,38.1367526,4
1004464,803,1,11001176,5,36.409321,4
1004466,40,16,11001114,3,43.0892405,3
1004472,81,8,11001128,2,42.8177244,3
1004477,58,5,11001117,2,49.9460593,6
1004482,83,8,11001141,2,9.0447505,10
1004483,83,8,11001141,2,14.9558522,3
1004485,83,8,11001141,2,15.0037345,21
1004488,83,8,11001141,2,11.2092168,12
1004489,83,8,11001141,2,8.6142428,4
1004495,98,12,11001142,3,22.0320386,4
1004503,66,19,11001159,2,17.6135989,2
1004689,53,18,11001191,2,29.5017628,12
1004690,53,18,11001191,2,35.4614416,4
1004691,83,8,11001141,1,15.5681448,3
1004692,83,8,11001141,1,13.5093728,2
1004693,87,7,11001169,2,33.5865547,3
1004695,87,7,11001169,2,50.4043581,3
1004698,83,8,11001141,2,13.0677954,6
1004701,83,8,11001141,2,16.6333513,4
1004705,83,8,11001141,2,14.9558522,3
1004706,83,8,11001141,2,16.9446024,4
1004707,83,8,11001141,2,14.5142748,4
1004713,802,8,11001175,4,65.4695071,4
1004714,87,7,11001169,2,45.8221437,3
1004715,87,7,11001169,2,45.1691649,10
1004717,44,8,11001102,2,30.0314544,3
1004719,96,3,11001146,2,19.5585086,4
1004729,96,3,11001146,2,33.0942735,4
1004752,87,7,11001169,2,44.0541319,3
1004755,18,11,11001109,3,50.4848637,2
1004760,116,10,11001197,3,6.9275873,5
1004772,83,8,11001141,1,15.9621066,2
1004773,83,8,11001141,1,17.6269167,8
1004788,100,13,11001126,3,25.0865615,8
1004802,102,14,11001138,3,17.3628885,3
1004818,96,3,11001146,1,25.7455232,8
1004819,96,3,11001146,1,25.7455232,4
1004820,96,3,11001146,2,24.1160719,3
1004827,73,10,11001127,3,63.8255788,4
1004828,116,10,11001197,3,6.4919717,8
1004839,95,3,11001139,2,8.3846091,5
1004846,95,3,11001139,2,9.1052654,3
1004862,48,8,11001167,3,61.6341258,4
1004867,45,8,11001111,2,33.9264883,3
1004868,45,8,11001111,3,30.6127963,5
1004871,89,2,11001160,2,4.3880477,6
1004873,89,2,11001160,2,5.7541678,5
1004874,89,2,11001160,2,6.2541991,2
1004875,89,2,11001160,2,6.1344859,3
1004878,89,2,11001160,2,6.2703613,21
1004882,43,16,11001161,3,30.993745,3
1004884,9,1,11001194,2,52.3308823,3
1004885,9,1,11001194,2,56.090938,5
1004886,9,1,11001194,2,46.3267016,4
1004895,65,19,11001104,1,26.4653823,18
1004896,65,19,11001104,2,32.1220689,3
1004899,65,19,11001104,2,71.0437811,8
1004901,65,19,11001104,3,52.3671039,8
1004903,65,19,11001104,2,21.9423405,5
1004906,65,19,11001104,2,32.7849007,2
1004908,65,19,11001104,3,27.6539714,8
1004912,66,19,11001159,2,30.0072172,8
1004914,65,19,11001104,2,85.9985841,5
1004916,66,19,11001159,1,34.0215757,6
1004917,65,19,11001104,2,49.6768786,3
1004925,66,19,11001159,2,30.4594248,2
1004935,102,14,11001138,3,19.3545847,8
1004942,66,19,11001159,2,34.9148506,2
1004946,66,19,11001159,2,26.2946558,8
1004948,65,19,11001104,2,31.6558645,6
1004951,66,19,11001159,2,17.6135989,2
1004952,66,19,11001159,2,25.9205589,21
1004954,66,19,11001159,2,21.3955485,8
1004960,809,16,11001182,3,9.1811345,4
1004967,82,8,11001153,2,43.0776559,5
1004968,82,8,11001153,2,59.9345406,8
1004970,82,8,11001153,2,47.2571321,4
1004973,82,8,11001153,2,49.6230576,2
1004980,11,1,11001158,3,27.6090974,8
1004981,82,8,11001153,2,49.2540723,4
1004982,82,8,11001153,2,38.2235528,3
1004983,82,8,11001153,2,59.5069683,4
1004986,82,8,11001153,2,36.7168931,10
1004989,82,8,11001153,2,75.8114553,8
1004991,82,8,11001153,2,73.4059706,3
1004993,82,8,11001153,2,39.89306,10
1004997,82,8,11001153,2,57.8319393,14
1004998,82,8,11001153,2,66.983347,5
1004999,82,8,11001153,1,30.3137552,6
1005001,82,8,11001153,2,33.1898175,3
1005002,82,8,11001153,2,24.5911555,15
1005007,82,8,11001153,2,62.053848,3
1005009,82,8,11001153,2,65.5873411,4
1005011,82,8,11001153,2,33.4388549,5
1005021,53,18,11001191,2,29.2756347,10
1005023,82,8,11001153,2,33.0524729,8
1005026,82,8,11001153,2,29.9916157,8
1005028,82,8,11001153,2,62.9135456,4
1005038,82,8,11001153,2,37.7587606,4
1005040,82,8,11001153,2,37.7587606,8
1005041,19,11,11001121,3,40.0384909,3
1005043,82,8,11001153,2,25.5531672,3
1005047,82,8,11001153,2,39.2350374,10
1005048,19,11,11001121,3,55.0768158,5
1005050,19,11,11001121,3,59.2756976,4
1005051,19,11,11001121,3,56.7522283,40
1005052,82,8,11001153,2,33.0468224,7
1005055,82,8,11001153,2,27.8762646,2
1005057,82,8,11001153,2,30.8769947,3
1005059,82,8,11001153,2,39.9039102,5
1005061,82,8,11001153,2,32.6785989,2
1005062,82,8,11001153,2,37.1547848,3
1005063,82,8,11001153,2,32.6677487,2
1005064,82,8,11001153,2,43.3316818,8
1005065,82,8,11001153,2,29.2399771,6
1005068,82,8,11001153,2,43.3403875,3
1005071,82,8,11001153,2,39.2979933,6
1005075,82,8,11001153,2,34.9215655,8
1005076,82,8,11001153,2,49.023542,4
1005080,82,8,11001153,2,65.2666298,3
1005083,55,18,11001119,2,18.7604132,5
1005084,82,8,11001153,2,58.6714246,15
1005087,47,8,11001133,3,53.7966457,3
1005089,47,8,11001133,3,60.3613461,10
1005090,47,8,11001133,3,49.7580744,4
1005093,82,8,11001153,2,68.4853227,6
1005098,82,8,11001153,2,33.0103144,6
1005099,82,8,11001153,2,42.9182961,4
1005103,82,8,11001153,2,48.9499723,3
1005104,82,8,11001153,2,43.347249,3
1005105,82,8,11001153,2,44.9509054,4
1005106,70,19,11001132,1,26.4746535,18
1005107,70,19,11001132,1,20.503006,24
1005116,82,8,11001153,2,42.6609076,15
1005122,45,8,11001111,3,32.7701428,4
1005125,82,8,11001153,2,44.9509054,4
1005131,82,8,11001153,2,44.8559747,3
1005133,70,19,11001132,1,25.8684507,10
1005141,82,8,11001153,2,48.576677,3
1005142,82,8,11001153,2,37.73963,2
1005143,82,8,11001153,2,55.9075981,4
1005145,82,8,11001153,2,54.8553149,3
1005146,82,8,11001153,2,42.7244499,2
1005147,82,8,11001153,2,50.7027507,3
1005148,82,8,11001153,2,40.3548221,3
1005151,82,8,11001153,2,43.3928241,3
1005157,70,19,11001132,1,22.9888022,6
1005161,82,8,11001153,2,39.3417715,4
1005166,82,8,11001153,2,27.0812863,3
1005167,82,8,11001153,2,33.0524729,4
1005168,82,8,11001153,2,37.5761993,5
1005169,82,8,11001153,2,42.454415,4
1005171,82,8,11001153,2,31.0403281,6
1005174,54,18,11001148,3,42.4401352,3
1005178,82,8,11001153,2,37.2004506,4
1005179,82,8,11001153,2,37.7587606,8
1005182,82,8,11001153,2,35.7466158,6
1005184,82,8,11001153,2,37.7587606,4
1005185,82,8,11001153,2,41.1179768,3
1005191,82,8,11001153,2,34.646117,4
1005197,82,8,11001153,2,57.1320452,5
1005198,82,8,11001153,2,42.6819134,8
1005204,82,8,11001153,2,59.9345406,8
1005205,82,8,11001153,2,48.0140026,3
1005208,83,8,11001141,2,11.9782529,8
1005215,83,8,11001141,2,13.8795759,4
1005217,83,8,11001141,2,15.4394378,10
1005218,83,8,11001141,2,15.8907324,5
1005221,83,8,11001141,2,16.9446024,4
1005222,83,8,11001141,2,9.0347067,4
1005225,83,8,11001141,2,16.7453813,7
1005228,89,2,11001160,2,4.9198814,5
1005235,89,2,11001160,2,5.0678084,4
1005236,89,2,11001160,2,6.7282383,6
1005238,82,8,11001153,2,32.6709868,4
1005241,83,8,11001141,2,16.5730467,5
1005245,83,8,11001141,2,10.6312734,6
1005246,83,8,11001141,2,16.9446024,4
1005247,82,8,11001153,2,66.6790355,12
1005249,82,8,11001153,2,70.2721512,8
1005259,83,8,11001141,2,12.4184778,12
1005263,54,18,11001148,3,42.7901721,12
1005273,89,2,11001160,2,4.2451605,18
1005277,89,2,11001160,2,6.3778879,2
1005278,89,2,11001160,1,5.8380198,4
1005282,89,2,11001160,1,6.9258403,4
1005286,54,18,11001148,2,43.7540266,3
1005297,811,5,11001184,1,21.2609124,12
1005301,28,11,11001122,2,107.84926,8
1005304,28,11,11001122,2,89.2464957,3
1005313,101,13,11001165,3,17.7339632,10
1005315,55,18,11001119,1,29.3931746,10
1005318,54,18,11001148,2,19.5650865,2
1005320,54,18,11001148,2,60.76822,3
1005322,54,18,11001148,2,85.0749135,4
1005326,54,18,11001148,2,21.738985,2
1005334,81,8,11001128,2,27.8709773,3
1005344,19,11,11001121,3,49.0633052,5
1005356,51,4,11001145,2,24.0564592,8
1005360,51,4,11001145,2,17.0445194,12
1005363,51,4,11001145,1,27.5771987,3
1005365,51,4,11001145,1,22.1542233,4
1005370,51,4,11001145,1,19.1087662,4
1005371,51,4,11001145,1,23.0372042,2
1005372,51,4,11001145,1,20.5294826,21
1005373,51,4,11001145,1,25.3650742,8
1005376,51,4,11001145,1,30.7043647,7
1005379,51,4,11001145,1,41.0946009,2
1005387,51,4,11001145,2,22.4830724,2
1005391,51,4,11001145,2,22.0784719,4
1005393,51,4,11001145,2,21.930483,6
1005394,51,4,11001145,2,25.6441422,8
1005396,51,4,11001145,2,47.4545368,4
1005402,51,4,11001145,2,21.6003703,4
1005403,54,18,11001148,2,57.2819857,4
1005408,48,8,11001167,3,57.5066846,3
1005410,48,8,11001167,3,44.0098913,5
1005414,26,10,11001140,3,62.6597635,3
1005415,26,10,11001140,3,56.8704797,6
1005417,26,10,11001140,3,60.8204372,3
1005418,26,10,11001140,3,44.2139388,3
1005424,62,6,11001171,2,13.7328498,4
1005425,62,6,11001171,2,7.3190675,6
1005450,78,8,11001168,2,17.6991271,4
1005467,65,19,11001104,3,22.1014916,3
1005472,66,19,11001159,2,38.9550457,8
1005473,66,19,11001159,2,32.2822102,4
1005475,66,19,11001159,2,37.0134554,4
1005477,65,19,11001104,2,66.784057,2
1005480,66,19,11001159,2,21.1106574,3
1005482,66,19,11001159,2,24.4565151,8
1005484,66,19,11001159,2,15.426112,8
1005489,66,19,11001159,2,19.5056591,4
1005495,114,9,11001150,4,15.8393824,3
1005496,114,9,11001150,4,22.9360147,4
1005502,26,10,11001140,3,32.2216535,5
1005504,26,10,11001140,3,41.9202862,10
1005511,807,12,11001180,4,16.9751749,3
1005522,815,19,11001188,1,39.5381288,5
1005523,81,8,11001128,2,19.9327635,3
1005528,66,19,11001159,2,26.0681181,5
1005535,66,19,11001159,2,24.1323822,3
1005536,66,19,11001159,2,25.8773505,4
1005539,11,1,11001158,3,19.4428568,4
1005543,87,7,11001169,2,48.6716937,4
1005550,87,7,11001169,2,41.7449911,5
1005551,87,7,11001169,2,53.2928633,24
1005554,87,7,11001169,2,35.5425466,4
1005563,87,7,11001169,2,45.0317704,2
1005565,87,7,11001169,2,57.9090721,2
1005568,87,7,11001169,2,31.5296351,6
1005618,811,5,11001184,1,28.6943245,7
1005624,811,5,11001184,1,37.4013911,3
1005625,811,5,11001184,1,46.5117697,4
1005649,26,10,11001140,3,48.7649809,4
1005660,26,10,11001140,3,51.0123746,2
1005673,66,19,11001159,1,23.4389097,10
1005674,66,19,11001159,1,25.0197061,5
1005694,70,19,11001132,1,19.864229,6
1005697,807,12,11001180,3,23.9273343,5
1005704,66,19,11001159,2,25.1408356,21
1005705,70,19,11001132,2,30.2733197,6
1005707,806,11,11001179,3,28.7382613,6
1010075,,2,11001202,3,1.6984925,3
1010077,,2,11001202,2,1.6984925,5
1010088,,2,11001202,2,1.6984925,3
1010096,,2,11001202,2,1.6984925,24
1010104,,2,11001202,2,1.6984925,8
1010117,,11,11001211,2,4.2175298,12
1010119,,20,11001220,1,1.8046324,2
1010145,,11,11001211,2,3.4250568,8
1010156,,2,11001202,2,1.6984925,8
1010170,,20,11001220,1,1.8046324,4
1010185,,2,11001202,2,1.6984925,4
1010193,,2,11001202,2,1.6984925,12
1010195,,2,11001202,2,1.6984925,3
1010197,,2,11001202,2,1.6984925,4
1010199,,2,11001202,2,1.6984925,8
1010237,,5,11001205,1,5.1007487,3
1010241,,5,11001205,1,6.5600369,10
1010248,,5,11001205,1,4.8068482,4
1010288,,5,11001205,1,4.9674291,3
1010307,,5,11001205,2,7.8399456,28
1010314,,5,11001205,1,4.686677,4
1010335,,5,11001205,1,5.8574233,4
1010340,,5,11001205,2,3.3950237,5
1010345,,5,11001205,1,5.0696698,4
1010347,,5,11001205,2,10.2239844,21
1010357,,5,11001205,2,5.290046,10
1010382,,5,11001205,1,6.1719357,24
1010413,,20,11001220,1,1.8046324,6
1010432,,5,11001205,2,7.4656782,3
1010440,,5,11001205,2,5.3497806,8
1010457,,5,11001205,1,9.7960141,8
1010471,,4,11001204,1,1.5853659,15
1010472,,4,11001204,2,1.5853659,4
1010485,,5,11001205,1,6.7238903,4
1010490,,5,11001205,2,3.6101341,8
1010496,,5,11001205,,3.2079786,2
1010501,,5,11001205,1,4.6153191,2
1010502,,5,11001205,1,3.4677724,8
1010503,,5,11001205,1,6.7023987,10
1010511,,19,11001219,1,4.0562175,3
1010537,,5,11001205,1,3.1506625,8
1010544,,5,11001205,2,3.4772004,3
1010556,,5,11001205,1,5.3497806,4
1010560,,2,11001202,2,1.6984925,3
1010564,,5,11001205,1,6.9245979,10
1010566,,5,11001205,1,7.1780593,10
1010568,,5,11001205,1,4.7518497,12
1010582,,5,11001205,,10.0396186,8
1010585,,5,11001205,2,5.472716,3
1010587,,5,11001205,1,5.4818229,3
1010590,,5,11001205,1,5.1164517,5
1010593,,5,11001205,1,4.1017783,3
1010598,,5,11001205,1,6.9432252,8
1010602,,5,11001205,1,5.6674985,3
1010610,,5,11001205,2,3.8886899,5
1010612,,5,11001205,2,2.6540591,3
1010618,,5,11001205,2,4.9069607,5
1010633,,5,11001205,1,3.9801571,3
1010637,,5,11001205,1,6.5600369,15
1010648,,11,11001211,4,2.745588,3
1010686,,5,11001205,1,7.9572496,6
1010689,,20,11001220,1,1.8046324,3
1010690,,5,11001205,1,5.5193657,3
1010691,,5,11001205,2,7.9572496,6
1010694,,5,11001205,2,4.8203905,10
1010695,,5,11001205,2,2.1777627,7
1010699,,5,11001205,1,8.473591,8
1010724,,5,11001205,1,5.0739488,6
1010733,,5,11001205,2,5.4921423,4
1010763,,5,11001205,1,6.7023987,5
1010765,,5,11001205,1,2.1777627,3
1010766,,5,11001205,1,7.795223,4
1010769,,5,11001205,1,5.991428,4
1010774,,5,11001205,2,6.8134983,10
1010780,,5,11001205,1,4.3605409,3
1010792,,5,11001205,2,4.4654805,4
1010794,,5,11001205,1,6.0790368,3
1010795,,5,11001205,1,3.9971625,3
1010798,,5,11001205,1,6.6488034,15
1010800,,20,11001220,1,1.8046324,3
1010802,,20,11001220,1,1.8046324,3
1010808,,20,11001220,1,1.8046324,8
1010825,,5,11001205,1,6.4197367,4
1010842,,3,11001203,2,2.0296443,3
1010845,,2,11001202,2,1.6984925,8
1010847,,2,11001202,2,1.6984925,6
1010857,,2,11001202,2,1.6984925,3
1010859,,2,11001202,2,1.6984925,3
1010861,,2,11001202,2,1.6984925,2
1010862,,2,11001202,2,1.6984925,8
1010863,,2,11001202,2,1.6984925,4
1010864,,2,11001202,2,1.6984925,4
1010870,,5,11001205,2,4.1613269,4
1010875,,1,11001201,2,1.18107,3
1010877,,1,11001201,2,1.18107,5
1011725,,20,11001220,1,1.8046324,3
1011727,,20,11001220,1,1.8046324,8
1011728,,20,11001220,1,1.8046324,4
1011730,,20,11001220,1,1.8046324,8
1012646,,5,11001205,1,3.4884328,3
1012648,,5,11001205,2,6.7238903,8
1012651,,5,11001205,2,6.4197367,8
1012654,,5,11001205,2,6.0886222,5
1012658,,5,11001205,2,6.2489027,4
1012659,,5,11001205,2,5.6284913,4
1012664,,5,11001205,1,3.6126757,3
1012666,,5,11001205,2,7.7012103,10
1012670,,2,11001202,2,1.6984925,6
1012679,,5,11001205,2,5.2074189,8
1012680,,5,11001205,2,3.4677724,8
1012682,,20,11001220,1,1.8046324,8
1012688,,20,11001220,1,1.8046324,8
1012689,,20,11001220,1,1.8046324,8
1012690,,20,11001220,1,1.8046324,4
1012692,,20,11001220,1,1.8046324,3
1012702,,5,11001205,1,3.8559142,3
1012708,,20,11001220,1,1.8046324,2
1012711,,20,11001220,1,1.8046324,2
1012715,,5,11001205,1,6.8572099,4
1012717,,5,11001205,1,7.3527931,7
1012722,,5,11001205,2,5.3497806,8
1012723,,5,11001205,2,4.1177768,4
1012731,,5,11001205,1,4.1555461,6
1012737,,5,11001205,1,9.297391,7
1012738,,5,11001205,1,5.5383829,2
1012743,,5,11001205,2,5.8977506,4
1012749,,5,11001205,1,3.6896885,3
1012752,,5,11001205,2,6.1868295,15
1012756,,5,11001205,1,7.9061997,8
1012760,,5,11001205,1,4.9031147,6
1012761,,5,11001205,2,5.4125012,5
1012764,,5,11001205,2,4.6656715,6
1012769,,5,11001205,2,4.9845446,2
1012772,,5,11001205,2,3.6896885,3
1012777,,5,11001205,1,5.770853,8
1012780,,5,11001205,1,5.9679372,3
1012785,,5,11001205,2,3.3754348,3
1012787,,5,11001205,1,5.3497806,8
1012792,,5,11001205,2,2.2575161,3
1012795,,11,11001211,2,1.8239942,4
1012812,,5,11001205,1,8.0600329,15
1012819,,20,11001220,1,1.8046324,4
1012821,,20,11001220,1,1.8046324,15
1012822,,20,11001220,1,1.8046324,2
1012827,,5,11001205,2,2.3757411,12
1012838,,11,11001211,2,3.4250568,8
1012853,,5,11001205,1,5.3497806,8
1012873,,5,11001205,2,6.4197367,4
1012877,,20,11001220,1,1.8046324,8
1012879,,20,11001220,1,1.8046324,4
1012880,,5,11001205,1,6.9229786,2
1012882,,20,11001220,1,1.8046324,2
1012890,,20,11001220,1,1.8046324,5
1013281,,11,11001211,2,3.962518,6
1013290,,5,11001205,1,6.4264699,12
1013298,,5,11001205,1,4.9674291,3
1013303,,5,11001205,1,7.1557261,10
1013315,,20,11001220,1,1.8046324,4
1013318,,5,11001205,2,7.1615246,6
1013319,,5,11001205,2,6.2413038,2
1013328,,20,11001220,1,1.8046324,8
1013332,,5,11001205,1,6.95586,15
1013333,,5,11001205,1,5.2074189,8
1013335,,5,11001205,1,4.6153191,2
1013337,,20,11001220,1,1.8046324,5
1013339,,20,11001220,1,1.8046324,4
1013340,,20,11001220,1,1.8046324,15
1013341,,20,11001220,1,1.8046324,8
1013343,,20,11001220,1,1.8046324,3
1013344,,20,11001220,1,1.8046324,5
1013347,,11,11001211,2,3.604824,24
1013348,,11,11001211,2,2.0221895,3
1013349,,11,11001211,2,3.2391194,3
1013355,,11,11001211,2,3.7030432,4
1013445,,1,11001201,2,1.18107,5
1013460,,1,11001201,0,5.5946502,15
1013461,,1,11001201,2,6.4958848,8
1013467,,5,11001205,1,4.1395243,3
1013468,,5,11001205,1,4.1486386,6
1013472,,5,11001205,1,6.9250237,4
1013480,,,25473200,1,1.4395777,6
1013481,,,25214100,2,14.9037763,10
1013483,,,25214100,2,15.1906522,4
1013484,,,25214100,2,22.3531137,3
1013486,,,25214100,2,16.5876944,3
1013493,,,25377100,2,7.8674606,8
1013496,,,25260100,2,11.0634682,5
1013500,,,25260100,2,5.2381612,6
1013502,,,25754200,2,2.9584075,4
1013523,,,25754200,2,2.3148581,10
1013527,,,25260100,2,12.7891521,8
1013541,,,25214200,1,4.5609534,4
1013551,,,25214200,0,8.4382861,10
1013559,,,25214200,1,6.54409,2
1013563,,,25214200,1,12.1046903,12
1013564,,,25214200,1,8.5312148,3
1013565,,,25214200,1,7.6627509,4
1013566,,,25473100,2,80.2517807,12
1013568,,,25286100,2,57.6380818,4
1013583,,,25286100,2,54.6828542,4
1013591,,,25286100,2,50.5086172,10
1013594,,,25286100,2,59.6966169,3
1013595,,,25286100,2,44.4549638,3
1013599,,,25473100,1,75.8531267,4
1013602,,,25286100,2,41.1611251,4
1013603,,,25286100,2,50.4764808,4
1013605,,,25286100,2,41.5233403,3
1013606,,,25286100,2,46.8710179,8
1013611,,,25286100,2,52.2133649,3
1013612,,,25286100,2,56.7324453,5
1013613,,,25286100,2,50.1527482,3
1013614,,,25286100,2,31.1767051,5
1013622,,,25214200,1,10.4864757,8
1013623,,,25214200,1,9.665027,18
1013632,,,25126100,2,19.167568,6
1013650,,,25269100,3,59.9279115,6
1013652,,,25269100,3,61.1211237,15
1013662,,,25290100,2,48.3839275,2
1013663,,,25260100,2,5.2381612,4
1013664,,,25260100,2,6.08989,6
1013665,,,25260100,2,8.8493469,6
1013667,,,25214200,1,8.1456622,4
1013668,,,25214200,1,5.7587718,3
1013676,,,25214200,2,6.0990435,4
1013677,,,25214200,2,7.9021438,8
1013678,,,25214200,2,6.8249718,3
1013680,,,25214200,2,6.5745356,8
1013727,,,25473100,2,37.3884291,10
1013743,,,25473200,2,1.4395777,18
1013745,,,25473200,1,1.4395777,4
1013746,,,25473200,0,1.1996481,6
1013748,,,25473200,2,1.4395777,7
1013751,,,25799100,2,4.5634822,3
1013759,,,25175100,2,59.3927054,6
1013769,,,25175100,2,44.9348355,6
1013773,,,25785100,2,4.8017145,10
1013777,,,25754100,3,272.6954897,4
1013778,,,25754100,3,365.5437504,4
1013779,,,25754100,2,264.4308065,3
1013786,,,25290100,2,40.4110892,4
1013790,,,25754200,1,2.4213542,3
1013794,,,25260100,2,7.8838851,4
1013798,,,25260100,2,9.0306758,6
1013799,,,25260100,2,15.0335474,3
1013801,,,25260100,2,5.1857796,4
1013802,,,25260100,2,8.4335243,20
1013808,,,25754100,3,354.1714539,3
1013813,,,25754200,2,4.3226437,15
1013814,,,25754200,2,3.0027278,3
1013816,,,25754200,2,2.1343832,3
1013818,,,25269100,3,81.4364306,5
1013819,,,25269100,1,49.9283603,3
1013830,,,25269100,2,60.5005482,4
1013833,,,25269100,2,80.5936551,12
1013834,,,25260100,2,5.4875975,4
1013835,,,25260100,2,12.2974134,8
1013838,,,25260100,2,11.8951404,8
1013840,,,25286100,3,52.6877629,4
1013842,,,25286100,3,61.0262524,5
1013847,,,25286100,1,73.1061736,15
1013849,,,25286100,3,65.5384256,15
1013853,,,25473200,2,1.4395777,3
1013862,,,25430100,2,54.1139145,4
1013863,,,25430100,2,51.6971848,8
1013875,,,25126100,3,25.4756287,12
1013876,,,25126100,2,26.2004312,10
1013877,,,25126100,3,33.19672,4
1013884,,,25754100,3,392.0473709,8
1013890,,,25785100,2,4.026477,8
1013891,,,25785100,4,4.0975928,3
1013892,,,25430100,3,80.945857,3
1013902,,,25430100,2,38.5209467,5
1013904,,,25269100,2,87.8138317,8
1013905,,,25269100,2,72.4619306,8
1013906,,,25769100,3,4.2386481,2
1013913,,,25769100,3,5.0078251,5
1013935,,,25377200,2,12.63469,4
1013944,,,25758200,1,6.4649382,3
1013946,,,25758200,1,8.1356819,6
1013947,,,25758200,1,8.1179701,3
1013959,,,25754100,3,461.2237365,10
1013969,,,25099100,2,4.7711168,3
1013973,,,25099100,2,4.469888,3
1013974,,,25099100,2,6.2653308,8
1013975,,,25099100,2,2.8006615,2
1013990,,,25473200,0,1.1996481,3
1013992,,,25799100,3,5.2299303,8
1014004,,,25473200,1,1.1996481,8
1014007,,,25758200,2,3.3436631,3
1014008,,,25758200,2,7.7470494,3
1014023,,,25758200,1,8.1356819,6
1014025,,,25758200,1,8.1607214,8
1014031,,,25290100,2,56.6984031,12
1014032,,,25290100,2,78.0665097,8
1014034,,,25290100,2,80.4176378,7
1014040,,,25099100,2,6.1954473,6
1014041,,,25758100,3,14.0983811,3
1014043,,,25758100,2,11.229846,8
1014044,,,25758100,2,11.229846,4
1014045,,,25099100,2,6.1954473,6
1014052,,,25099100,2,5.8301647,2
1014062,,,25290100,1,61.8474293,3
1014065,,,25740100,2,12.8500199,2
1014068,,,25430100,2,51.8705236,2
1014070,,,25740100,2,16.5353604,12
1014073,,,25740100,2,21.8153785,5
1014074,,,25286200,2,1.131677,6
1014080,,,25286200,2,1.131677,4
1014089,,,25286200,2,1.131677,4
1014099,,,25899100,1,63.5572291,3
1014100,,,25899100,1,72.744082,3
1014101,,,25899100,1,62.2042872,8
1014104,,,25899100,2,62.315565,8
1014107,,,25754200,2,3.4986194,8
1014112,,,25899100,2,64.116393,2
1014116,,,25377100,2,8.6259074,3
1014124,,,25175200,3,9.047641,4
1014125,,,25175200,2,8.6267893,5
1014127,,,25175200,2,10.9970305,4
1014134,,,25899100,1,55.8512959,3
1014137,,,25817100,2,10.5216268,4
1014138,,,25817100,2,9.7749216,3
1014141,,,25740100,2,18.4096974,6
1014144,,,25740100,2,22.7018787,10
1014150,,,25175200,2,15.8715109,4
1014155,,,25175200,1,10.9236323,3
1014158,,,25175200,1,13.4704679,7
1014160,,,25175200,1,11.6056716,3
1014168,,,25260100,2,5.4875975,3
1014176,,,25269100,2,60.5005482,4
1014177,,,25269100,2,62.3699975,4
1014179,,,25269100,2,71.4068467,10
1014181,,,25269100,2,71.1775262,3
1014183,,,25269100,4,66.7249044,2
1014189,,,25269100,2,97.8690986,3
1014191,,,25269100,1,98.757683,15
1014192,,,25269100,2,92.9352024,8
1014201,,,25269100,4,74.1453524,3
1014227,,,25754200,2,3.1916914,2
1014239,,,25214100,2,28.8120907,4
1014252,,,25126100,3,36.9348345,3
1014253,,,25799100,3,6.9973546,8
1014258,,,25269100,1,63.2862294,4
1014263,,,25126100,2,29.6737406,12
1014265,,,25799100,2,4.4508187,3
1015153,,,25785100,2,3.5068345,10
1015154,,,25785100,2,4.0478768,7
1015163,,,25269100,2,75.4120576,4
1015165,,,25269100,2,56.6158915,8
1015168,,,25473100,2,46.1357625,8
1015172,,,25473100,2,69.8194431,8
1015204,,,25269100,2,60.5005482,4
1015205,,,25269100,2,92.9748332,6
1015208,,,25269100,2,51.1176226,3
1015220,,,25899100,2,25.7190996,24
1015223,,,25899100,2,39.4160171,2
1015225,,,25899100,3,29.1610931,8
1015227,,,25899100,3,44.1116972,6
1015235,,,25899100,2,32.9013047,2
1015237,,,25899100,2,57.875644,4
1015245,,,25899100,2,48.8876055,8
1015250,,,25899100,2,42.0266584,3
1015254,,,25817100,2,5.572558,4
1015265,,,25430100,2,56.2050185,4
1015271,,,25175200,2,11.2460987,3
1015272,,,25175200,1,10.5241044,3
1015273,,,25175200,1,12.8368637,8
1015274,,,25175200,1,17.1274363,40
1015281,,,25175200,2,12.8368637,8
1015286,,,25175200,3,8.5015638,6
1015293,,,25175200,3,9.9392788,5
1015299,,,25430100,2,62.6632543,4
1015306,,,25754200,2,3.4986194,4
1015316,,,25286100,3,53.9742742,10
1015317,,,25286100,3,44.1780577,4
1015325,,,25175200,2,13.2369046,3
1015334,,,25286100,3,51.4987822,32
1015336,,,25269100,2,61.3513888,8
1015343,,,25430100,2,59.2961912,8
1015357,,,25473200,1,1.4395777,8
1015361,,,25740100,2,11.9649679,8
1015376,,,25740100,2,7.9809144,3
1015377,,,25740100,2,14.5572242,4
1015379,,,25473100,3,51.3728689,3
1015380,,,25473100,3,44.9002758,8
1015565,,,25473100,3,36.4334665,18
1015567,,,25473100,3,93.2507797,6
1015570,,,25740100,2,16.2791594,3
1015571,,,25740100,2,12.6648397,4
1015573,,,25740100,2,13.5228667,2
1015580,,,25473200,1,1.4395777,3
1015581,,,25473200,1,1.4395777,28
1015584,,,25758200,1,2.5707278,5
1015588,,,25286200,0,1.131677,10
1015592,,,25758200,2,5.9623948,3
1015609,,,25286200,2,1.131677,2
1015612,,,25286200,2,1.131677,15
1015614,,,25286200,0,1.131677,4
1015615,,,25758200,2,5.9623948,3
1015618,,,25758200,2,4.9891752,3
1015631,,,25214100,3,11.5598194,8
1015633,,,25214100,2,13.4118682,3
1015640,,,25785100,2,4.937811,6
1015641,,,25785100,2,4.448937,3
1015659,,,25214100,2,18.8124271,5
1015661,,,25214100,2,16.4572321,4
1015664,,,25740100,3,12.2051474,5
1015666,,,25740100,3,14.1527028,8
1015777,,,25430100,2,50.7677952,4
1015779,,,25377100,2,8.3198251,4
1015784,,,25175200,4,12.2408985,8
1015787,,,25175200,2,8.6508451,3
1015799,,,25269100,2,96.9347199,6
1015803,,,25269100,4,66.5934553,3
1015804,,,25785100,1,3.3343739,5
1015807,,,25785100,3,3.3819358,5
1015811,,,25175100,2,78.3253142,8
1015812,,,25175100,1,53.6091906,3
1015815,,,25175100,2,56.3396909,6
1015819,,,25260100,2,9.9090651,8
1015820,,,25260100,2,7.7750926,6
1015821,,,25260100,2,8.6095492,2
1015822,,,25260100,2,11.1937069,5
1015825,,,25260100,2,9.3559829,2
1015828,,,25269100,4,70.0708521,3
1015836,,,25290100,3,91.0747759,3
1015844,,,25740100,3,8.9769862,3
1015899,52,5,11001135,1,17.7328895,3
1015900,52,5,11001135,1,6.9897772,8
1015902,66,19,11001159,1,29.9730712,32
1015904,79,8,11001110,2,56.5010392,10
1015913,66,19,11001159,1,20.3639154,24
1015918,79,8,11001110,2,39.791114,14
1015920,82,8,11001153,2,41.8191701,3
1015922,82,8,11001153,2,45.3900987,3
1015923,86,7,11001120,2,56.1521462,24
1015930,86,7,11001120,2,38.2449415,3
1015932,66,19,11001159,2,12.9354334,18
1016006,55,18,11001119,2,25.9562786,4
1016024,86,7,11001120,2,61.8132295,8
1016045,25,11,11001196,3,20.2885837,3
1016075,48,8,11001167,3,56.3124325,3
1016078,48,8,11001167,3,55.214129,8
1016084,78,8,11001168,2,12.5266502,2
1016086,78,8,11001168,2,14.0887245,4
1016092,78,8,11001168,2,13.0444688,3
1016104,78,8,11001168,2,12.389389,4
1016105,78,8,11001168,2,14.2335686,5
1016108,78,8,11001168,2,19.4930879,18
1016114,69,19,11001131,1,74.5328836,2
1016116,70,19,11001132,1,42.5411807,6
1016121,69,19,11001131,1,75.2463167,5
1016140,69,19,11001131,2,71.3193693,5
1016161,28,11,11001122,2,128.7285441,8
1016163,75,9,11001124,3,54.5460711,4
1016166,69,19,11001131,1,84.8712695,6
1016167,28,11,11001122,1,100.8050919,8
1016177,47,8,11001133,3,27.9749099,4
1016180,47,8,11001133,3,54.6044079,5
1016189,70,19,11001132,,57.5686491,5
1016196,52,5,11001135,1,7.3027847,15
1016199,65,19,11001104,2,29.8074095,4
1016202,65,19,11001104,2,47.9985145,4
1016208,65,19,11001104,2,31.1446609,3
1016211,65,19,11001104,2,51.7296731,4
1016213,65,19,11001104,2,35.097922,3
1016215,65,19,11001104,2,43.8566094,10
1016217,65,19,11001104,2,27.6600286,3
1016226,66,19,11001159,2,35.2515223,24
1016229,65,19,11001104,2,23.439556,3
1016230,57,5,11001129,1,51.7420126,6
1016241,69,19,11001131,1,84.6705901,24
1016242,70,19,11001132,1,51.4862886,3
1016245,69,19,11001131,1,97.4205646,8
1016250,11,1,11001158,3,37.0432702,3
1016251,53,18,11001191,2,18.2774062,3
1016252,53,18,11001191,2,19.462577,6
1016256,78,8,11001168,2,13.4476357,2
1016258,78,8,11001168,2,16.0653392,3
1016263,66,19,11001159,2,21.3992034,5
1016268,30,10,11001108,3,49.7122792,4
1016269,30,10,11001108,3,73.8498976,8
1016287,30,10,11001108,3,74.3460233,8
1016290,30,10,11001108,3,65.7528239,4
1016291,30,10,11001108,3,62.8780691,5
1016294,30,10,11001108,3,80.5348702,4
1016322,78,8,11001168,2,14.8128304,2
1016324,24,11,11001152,3,42.1739129,2
1016328,24,11,11001152,5,35.3448796,3
1016330,24,11,11001152,5,44.5614474,4
1016342,24,11,11001152,3,13.5136669,18
1016351,66,19,11001159,2,23.9915792,3
1016352,66,19,11001159,2,24.2439538,3
1016354,83,8,11001141,2,17.3471344,27
1016355,83,8,11001141,2,13.1980635,3
1016359,83,8,11001141,2,15.0530146,8
1016362,84,7,11001107,2,61.9959735,6
1016367,78,8,11001168,2,12.6477079,4
1016376,66,19,11001159,2,31.3439074,15
1016377,66,19,11001159,2,23.0648604,5
1016378,66,19,11001159,2,20.6000947,6
1016385,83,8,11001141,2,13.6007747,8
1016389,83,8,11001141,2,13.1062364,4
1016391,79,8,11001110,2,71.3381297,8
1016393,87,7,11001169,2,50.4592656,4
1016394,87,7,11001169,2,47.8176191,6
1016401,812,5,11001185,2,24.2249305,5
1016406,54,18,11001148,2,55.2438364,3
1016407,54,18,11001148,2,42.9584989,3
1016408,54,18,11001148,2,19.7627136,2
1016414,83,8,11001141,2,14.1880178,10
1016418,83,8,11001141,2,11.3729831,3
1016419,70,19,11001132,1,21.4562154,6
1016422,83,8,11001141,2,14.5539057,4
1016436,70,19,11001132,1,31.6819883,5
1016450,23,11,11001112,2,31.8374149,4
1016452,23,11,11001112,2,27.8329568,3
1016457,806,11,11001179,3,27.6946385,3
1016465,45,8,11001111,3,36.5702529,4
1016467,45,8,11001111,3,41.279073,10
1016471,45,8,11001111,1,46.1468645,5
1016486,54,18,11001148,3,54.0888855,16
1016488,54,18,11001148,2,19.7627136,7
1016490,54,18,11001148,2,19.7627136,3
1016491,54,18,11001148,2,79.0508544,27
1016493,54,18,11001148,2,56.5336255,9
1016494,54,18,11001148,2,23.5589629,18
1016514,76,9,11001125,3,13.4339105,4
1016517,76,9,11001125,3,14.3264843,4
1016519,83,8,11001141,1,17.8011763,8
1016523,54,18,11001148,2,60.76822,3
1016528,54,18,11001148,2,43.7681145,4
1016534,45,8,11001111,2,37.9714856,5
1016567,81,8,11001128,2,18.5337279,2
1016568,81,8,11001128,2,27.7600326,5
1016570,84,7,11001107,2,56.9226328,24
1016571,84,7,11001107,2,65.9676047,2
1016573,84,7,11001107,2,74.3880968,4
1016575,84,7,11001107,2,85.6451734,4
1016582,81,8,11001128,2,21.9318867,8
1016592,41,16,11001151,3,22.1120095,6
1016598,47,8,11001133,3,57.5810408,32
1016606,18,11,11001109,3,37.9646935,4
1016609,40,16,11001114,3,50.6442995,2
1016614,78,8,11001168,2,16.1016406,5
1016616,812,5,11001185,1,36.9484331,4
1016627,58,5,11001117,2,21.1872713,36
1016630,58,5,11001117,2,44.0854254,2
1016631,58,5,11001117,3,48.317607,4
1016651,58,5,11001117,2,31.2124684,4
1016666,26,10,11001140,3,43.3466497,4
1016670,40,16,11001114,3,49.2744636,8
1016675,84,7,11001107,2,77.8218776,15
1016680,806,11,11001179,3,24.7680722,5
1016690,53,18,11001191,3,20.860366,3
1016696,84,7,11001107,2,69.053887,2
1016698,84,7,11001107,2,92.3929579,3
1016706,35,15,11001113,3,9.8984457,4
1016717,82,8,11001153,2,34.3889111,10
1016724,43,16,11001161,3,24.0993187,3
1016729,43,16,11001161,3,25.0160869,15
1016736,33,4,11001163,2,24.2396125,8
1016741,45,8,11001111,3,71.932507,2
1016757,39,18,11001155,3,34.5092061,3
1016759,39,18,11001155,3,29.5202321,8
1016767,84,7,11001107,2,76.6787863,4
1016768,84,7,11001107,2,48.0490705,4
1016773,84,7,11001107,2,52.8539775,4
1016774,85,7,11001106,2,118.270156,8
1016788,38,15,11001156,3,24.9086968,4
1016810,65,19,11001104,3,23.695718,4
1016811,78,8,11001168,2,16.6003105,4
1016813,78,8,11001168,2,14.2123957,4
1016814,815,19,11001188,1,21.3131539,10
1016815,815,19,11001188,1,24.2376125,12
1016828,82,8,11001153,2,55.8654742,15
1016829,83,8,11001141,1,16.5140946,3
1016859,70,19,11001132,1,27.1063742,3
1016861,58,5,11001117,2,51.2254967,3
1016863,83,8,11001141,1,15.9510369,8
1016878,43,16,11001161,3,30.1796966,4
1016879,43,16,11001161,3,14.8307422,12
1016882,43,16,11001161,3,24.583628,8
1016884,43,16,11001161,3,32.8176021,8
1016890,84,7,11001107,2,60.9402984,3
1016894,85,7,11001106,2,55.4638946,6
1016900,83,8,11001141,1,18.9069372,10
1016901,54,18,11001148,2,40.9931384,3
1016903,54,18,11001148,2,106.5641932,4
1016920,84,7,11001107,2,50.782014,4
1016953,815,19,11001188,1,15.2267921,3
1016956,33,4,11001163,3,32.0512128,5
1016960,40,16,11001114,3,53.6962778,7
1016992,76,9,11001125,2,14.1132432,14
1016993,76,9,11001125,2,12.0417937,3
1016994,76,9,11001125,2,10.4475426,7
1016995,76,9,11001125,2,10.8844549,8
1017003,58,5,11001117,2,57.8025136,5
1017008,9,1,11001194,3,40.4715675,5
1017011,81,8,11001128,2,35.696188,4
1017031,33,4,11001163,3,18.4414436,3
1017032,33,4,11001163,2,23.830522,10
1017043,82,8,11001153,2,35.4561035,4
1017046,82,8,11001153,2,34.3995444,10
1017047,82,8,11001153,2,34.646117,8
1017050,82,8,11001153,2,32.8031551,3
1017053,79,8,11001110,2,75.3585798,4
1017056,95,3,11001139,2,7.3008012,16
1017058,95,3,11001139,2,10.0543992,4
1017061,95,3,11001139,2,8.4048603,3
1017068,98,12,11001142,3,15.8942944,4
1017069,98,12,11001142,3,19.0245573,2
1017072,815,19,11001188,1,17.3369083,6
1017074,815,19,11001188,1,20.4417036,6
1017075,98,12,11001142,3,18.7975771,6
1017085,815,19,11001188,1,18.9052735,18
1017103,43,16,11001161,3,33.1300789,3
1017108,11,1,11001158,2,22.9417153,8
1017114,815,19,11001188,1,15.8924493,3
1017117,84,7,11001107,2,48.898293,8
1017118,84,7,11001107,2,64.2338801,4
1017123,84,7,11001107,2,67.2393982,8
1017128,82,8,11001153,2,37.7587606,4
1017131,82,8,11001153,2,60.6693904,15
1017135,45,8,11001111,3,35.1678021,3
1017137,45,8,11001111,2,46.2162988,2
1017140,11,1,11001158,1,22.518295,3
1017142,45,8,11001111,3,40.0506215,6
1017148,32,4,11001157,2,52.0273815,3
1017155,32,4,11001157,2,38.8028136,3
1017156,32,4,11001157,2,35.1105069,12
1017169,44,8,11001102,3,31.9170612,4
1017178,65,19,11001104,3,36.7855453,8
1017183,42,6,11001172,3,58.4211702,2
1017188,65,19,11001104,3,35.3342758,3
1017191,65,19,11001104,2,26.9840991,12
1017197,65,19,11001104,2,49.8892327,4
1017201,66,19,11001159,2,20.1075807,5
1017202,66,19,11001159,2,34.590332,8
1017205,66,19,11001159,2,23.9471529,4
1017206,66,19,11001159,2,23.4216878,3
1017209,66,19,11001159,2,30.5920504,6
1017210,66,19,11001159,2,33.7465989,6
1017212,58,5,11001117,2,23.0161301,3
1017216,53,18,11001191,3,24.9875615,2
1017217,53,18,11001191,3,22.8647492,4
1017222,58,5,11001117,2,41.4917793,4
1017223,58,5,11001117,2,43.4910923,4
1017224,58,5,11001117,2,43.1671208,18
1017233,77,9,11001173,2,26.2683706,3
1017235,77,9,11001173,2,27.9084197,4
1017236,77,9,11001173,2,25.0990711,4
1017238,77,9,11001173,2,28.1599514,8
1017240,77,9,11001173,2,29.42676,4
1017242,77,9,11001173,2,29.6900764,12
1017254,72,10,11001105,3,39.1607516,3
1017270,33,4,11001163,3,23.5839199,2
1017274,70,19,11001132,1,28.2781399,8
1017281,70,19,11001132,1,27.7306761,3
1017282,70,19,11001132,1,40.3225328,4
1017283,70,19,11001132,1,44.6114991,5
1017290,41,16,11001151,3,25.8418569,3
1017293,89,2,11001160,1,10.6361252,15
1017296,42,6,11001172,2,69.9635693,2
1017312,42,6,11001172,2,75.9884883,3
1017318,78,8,11001168,2,15.7440324,3
1017319,78,8,11001168,2,10.5958707,12
1017322,78,8,11001168,2,14.5165738,2
1017323,78,8,11001168,2,17.1182293,8
1017324,78,8,11001168,2,19.2884754,8
1017325,78,8,11001168,2,17.1182293,8
1017333,47,8,11001133,3,54.6044079,10
1017336,78,8,11001168,2,17.0829249,2
1017340,78,8,11001168,2,16.0354024,8
1017351,78,8,11001168,2,14.0348048,3
1017355,70,19,11001132,1,25.7778039,4
1017365,82,8,11001153,2,55.4595754,2
1017375,55,18,11001119,2,32.5731528,2
1017381,55,18,11001119,2,32.5824455,5
1017384,55,18,11001119,2,28.0503811,3
1017389,24,11,11001152,5,44.2232973,4
1017393,24,11,11001152,3,41.4190932,3
1017396,24,11,11001152,3,43.0565661,4
1017397,76,9,11001125,2,12.4160271,4
1017398,76,9,11001125,2,9.4516073,18
1017401,76,9,11001125,2,14.0307671,3
1017404,76,9,11001125,2,9.8259296,3
1017405,76,9,11001125,2,13.6890367,4
1017410,48,8,11001167,3,54.4103798,4
1017419,55,18,11001119,2,37.195133,4
1017422,55,18,11001119,2,34.2649506,3
1017424,55,18,11001119,2,28.1162971,8
1017430,55,18,11001119,2,23.1708559,2
1017449,66,19,11001159,2,28.80328,6
1017450,66,19,11001159,2,36.0995604,12
1017451,66,19,11001159,2,34.3314585,5
1017454,66,19,11001159,2,25.8562988,5
1017457,66,19,11001159,2,39.2887133,4
1017477,58,5,11001117,2,38.5636544,15
1017486,96,3,11001146,2,23.1319375,20
1017488,26,10,11001140,3,41.3287082,15
1017489,26,10,11001140,3,62.5577076,3
1017492,26,10,11001140,3,56.0981289,3
1017498,83,8,11001141,1,14.4527676,4
1017523,102,14,11001138,2,14.9858339,4
1017528,802,8,11001175,3,88.075652,2
1017529,802,8,11001175,3,86.3311696,2
1017539,58,5,11001117,2,45.4615559,2
1017540,58,5,11001117,2,45.1101969,4
1017543,62,6,11001171,2,15.7703215,2
1017544,62,6,11001171,2,13.2554269,3
1017549,110,9,11001115,4,32.2021983,3
1017551,58,5,11001117,2,39.9244673,12
1017552,27,11,11001164,2,102.5658295,4
1017553,27,11,11001164,2,46.5851318,14
1017556,27,11,11001164,3,111.5732357,4
1017557,27,11,11001164,2,91.9555622,5
1017558,27,11,11001164,2,79.0775645,4
1017559,27,11,11001164,2,99.4610246,3
1017565,55,18,11001119,1,33.1581703,3
1017566,55,18,11001119,1,38.5727305,8
1017582,27,11,11001164,2,49.9982992,3
1017583,27,11,11001164,2,44.2041148,4
1017587,92,3,11001137,2,9.3724551,4
1017588,70,19,11001132,1,23.0272431,2
1017591,70,19,11001132,1,39.0736212,8
1017594,96,3,11001146,2,35.0765243,3
1017597,24,11,11001152,3,24.8015611,8
1017603,102,14,11001138,2,16.3079934,2
1017605,102,14,11001138,2,11.4433907,12
1017623,83,8,11001141,2,19.6914947,4
1017626,83,8,11001141,2,14.2259273,8
1017627,57,5,11001129,2,59.7910626,3
1017629,57,5,11001129,2,55.6541926,4
1017646,18,11,11001109,3,45.6284156,3
1017648,18,11,11001109,3,39.4589159,3
1017650,18,11,11001109,2,46.769126,3
1017672,11,1,11001158,2,23.9008173,3
1017673,11,1,11001158,2,28.1431888,12
1017674,11,1,11001158,2,17.532746,3
1017678,43,16,11001161,3,26.4625541,5
1017681,43,16,11001161,3,20.2825711,3
1017683,43,16,11001161,3,26.4015063,7
1017694,70,19,11001132,1,45.0825776,7
1017698,70,19,11001132,1,41.5714443,8
1017708,65,19,11001104,2,29.8074095,4
1017709,65,19,11001104,2,31.2966552,8
1017711,65,19,11001104,2,23.5016535,3
1017712,65,19,11001104,2,30.6756242,3
1017713,65,19,11001104,2,23.5016535,3
1017714,65,19,11001104,2,31.2966552,4
1017720,11,1,11001158,2,20.9080136,4
1017722,81,8,11001128,2,33.5784161,6
1017742,40,16,11001114,3,66.2823014,6
1017783,25,11,11001196,3,22.0500538,3
1017784,83,8,11001141,2,14.965017,3
1017789,83,8,11001141,2,18.6612104,4
1017795,81,8,11001128,2,38.254882,8
1017798,81,8,11001128,2,39.2788667,8
1017815,81,8,11001128,2,35.8341136,3
1017817,83,8,11001141,2,14.1210875,3
1017818,83,8,11001141,2,18.1943274,5
1017819,83,8,11001141,2,19.2129546,3
1017820,83,8,11001141,2,16.3157726,7
1017822,83,8,11001141,2,21.7859173,4
1017856,42,6,11001172,3,43.7467819,3
1017866,49,7,11001103,2,15.5246554,27
1017875,92,3,11001137,2,6.1548123,8
1017889,116,10,11001197,3,3.9757553,8
1017896,814,3,11001187,3,6.9441941,10
1017904,814,3,11001187,3,13.6785973,4
1017928,71,11,11001166,2,95.4028386,8
1017930,71,11,11001166,2,152.1008545,6
1017932,71,11,11001166,2,78.4086274,9
1017933,71,11,11001166,2,133.4245611,4
1017934,71,11,11001166,2,116.097675,10
1017938,71,11,11001166,2,129.0072562,3
1017941,71,11,11001166,2,105.4729862,8
1017943,71,11,11001166,2,100.2803701,3
1017944,76,9,11001125,3,14.303799,10
1017947,76,9,11001125,3,15.1903429,3
1017960,86,7,11001120,2,88.6369722,7
1017965,71,11,11001166,2,128.0392513,8
1017967,71,11,11001166,2,130.7270073,4
1017968,71,11,11001166,2,110.3084071,3
1017970,71,11,11001166,2,79.1560988,4
1017971,71,11,11001166,2,125.0090241,5
1017975,71,11,11001166,2,109.1135126,4
1017976,71,11,11001166,2,112.1801689,4
1017977,71,11,11001166,2,91.8139521,4
1017978,71,11,11001166,2,73.2671136,4
1017982,71,11,11001166,2,142.374106,5
1017987,71,11,11001166,2,70.6399311,5
1017989,86,7,11001120,2,60.3412175,8
1017991,27,11,11001164,3,79.3623796,3
1017999,814,3,11001187,3,8.3073936,2
1018016,100,13,11001126,3,20.3506155,2
1018017,100,13,11001126,3,24.2595016,4
1018025,100,13,11001126,3,18.8395553,3
1018026,100,13,11001126,3,17.7378156,3
1018031,86,7,11001120,2,57.1292733,4
1018035,62,6,11001171,2,14.7046535,10
1018043,71,11,11001166,2,108.9301047,8
1018046,71,11,11001166,2,120.082105,4
1018055,71,11,11001166,2,130.7270073,4
1018057,72,10,11001105,3,36.2835374,4
1018064,72,10,11001105,3,47.6872417,10
1018066,72,10,11001105,3,39.8515981,3
1018070,62,6,11001171,2,16.0302919,4
1018076,803,1,11001176,5,28.2067854,6
1018081,42,6,11001172,2,106.7568663,4
1018085,42,6,11001172,2,87.5073666,3
1018107,100,13,11001126,3,20.3506155,2
1018117,86,7,11001120,2,65.2373504,15
1018141,86,7,11001120,2,41.1794699,10
1018143,89,2,11001160,2,8.5241311,3
1018144,89,2,11001160,2,6.3243307,4
1018145,89,2,11001160,2,5.7677965,8
1018156,28,11,11001122,2,189.6891621,4
1018159,48,8,11001167,3,60.3091267,3
1018160,28,11,11001122,2,115.9242267,5
1018166,86,7,11001120,2,54.331811,5
1018167,86,7,11001120,2,55.6460392,3
1018176,23,11,11001112,5,24.6435469,3
1018181,23,11,11001112,2,46.6640602,10
1018183,78,8,11001168,2,12.8476759,10
1018186,40,16,11001114,3,47.1804879,3
1018221,83,8,11001141,1,10.5612516,12
1018230,34,4,11001101,2,19.2761189,14
1018232,34,4,11001101,2,33.8867551,15
1018235,34,4,11001101,2,33.2381728,4
1018241,34,4,11001101,2,24.1979005,2
1018246,34,4,11001101,2,41.8111137,2
1018248,82,8,11001153,2,37.7481273,8
1018255,82,8,11001153,2,50.1772763,2
1018266,27,11,11001164,2,55.9616359,3
1018274,19,11,11001121,3,42.7366917,2
1018282,29,10,11001149,2,58.1214308,10
1018284,29,10,11001149,2,69.366336,14
1018285,29,10,11001149,2,50.0580558,3
1018294,29,10,11001149,3,45.196201,4
1018300,29,10,11001149,2,48.2896922,8
1018303,29,10,11001149,2,62.5339418,7
1018304,29,10,11001149,2,54.1825833,4
1018307,29,10,11001149,2,70.1136187,4
1018314,83,8,11001141,2,17.389833,18
1018315,83,8,11001141,2,20.6346471,4
1018319,11,1,11001158,2,23.7422572,4
1018331,89,2,11001160,2,7.4150247,6
1018335,89,2,11001160,2,4.1712097,8
1018340,89,2,11001160,2,5.7677965,8
1018343,53,18,11001191,2,30.8074087,5
1018359,85,7,11001106,2,123.001601,8
1018366,85,7,11001106,2,96.8318513,4
1018377,85,7,11001106,2,63.8481093,4
1018379,85,7,11001106,2,114.8076123,5
1018385,85,7,11001106,2,60.1752646,3
1018386,85,7,11001106,2,104.1808163,3
1018392,78,8,11001168,2,12.8775519,3
1018400,82,8,11001153,2,27.3187393,2
1018401,79,8,11001110,2,66.803071,15
1018402,79,8,11001110,2,66.9030233,8
1018404,83,8,11001141,1,16.04917,4
1018421,65,19,11001104,3,36.3827156,8
1018435,39,18,11001155,3,60.0908529,2
1018449,89,2,11001160,2,5.5686494,10
1018450,89,2,11001160,2,6.904407,3
1018455,89,2,11001160,2,5.9350524,3
1018456,89,2,11001160,2,7.5948476,3
1018460,49,7,11001103,2,9.0919601,4
1018461,49,7,11001103,2,9.5291951,3
1018503,82,8,11001153,2,66.593934,4
1018516,83,8,11001141,2,19.1758755,4
1018519,83,8,11001141,2,24.3066059,8
1018535,38,15,11001156,3,41.0390295,3
1018548,11,1,11001158,3,25.5492387,3
1018561,49,7,11001103,2,10.7364453,5
1018563,49,7,11001103,2,13.651609,8
1018572,49,7,11001103,2,22.2735524,6
1018591,49,7,11001103,2,21.4888364,2
1018592,49,7,11001103,2,14.2554588,5
1018623,49,7,11001103,2,10.7444182,2
1018626,49,7,11001103,2,11.007242,12
1018628,49,7,11001103,2,12.5879695,8
1018629,49,7,11001103,2,13.8710692,7
1018646,42,6,11001172,3,92.874819,3
1018668,42,6,11001172,3,101.3056353,2
1018684,85,7,11001106,2,138.6417285,3
1018696,85,7,11001106,1,114.1084188,3
1018709,95,3,11001139,1,8.8232882,3
1018719,42,6,11001172,2,69.9635693,2
1018720,42,6,11001172,2,69.9635693,2
1018727,42,6,11001172,2,83.6720682,4
1018731,42,6,11001172,3,81.4836751,2
1018732,42,6,11001172,3,89.889413,3
1018733,42,6,11001172,2,75.9884883,3
1018747,809,16,11001182,1,8.2630211,4
1018759,35,15,11001113,3,13.281687,3
1018774,96,3,11001146,2,19.3841196,8
1018814,813,9,11001186,3,13.9725951,3
1018835,67,19,11001147,2,57.0322155,4
1018839,32,4,11001157,2,63.1166181,4
1018843,67,19,11001147,2,49.4367821,6
1018852,96,3,11001146,2,13.1575405,4
1018944,40,16,11001114,3,39.4941434,4
1018948,77,9,11001173,2,30.4333574,3
1018952,77,9,11001173,2,31.0182673,3
1018982,39,18,11001155,3,56.583019,5
1018984,39,18,11001155,3,64.1951047,4
1018992,77,9,11001173,2,27.0580049,4
1019001,49,7,11001103,3,10.201584,2
1019004,49,7,11001103,3,16.2261608,6
1019035,49,7,11001103,3,12.2325126,12
1019049,76,9,11001125,2,12.1629464,4
1019053,76,9,11001125,2,9.7547187,4
1019063,47,8,11001133,3,52.5017877,3
1019065,76,9,11001125,2,9.0723944,2
1019069,83,8,11001141,1,18.3910817,5
1019070,83,8,11001141,1,9.125842,3
1019072,76,9,11001125,2,9.6400253,3
1019092,72,10,11001105,3,42.198111,5
1019110,49,7,11001103,3,13.7358105,5
1019134,65,19,11001104,3,35.0765453,2
1019142,58,5,11001117,2,47.5839546,4
1019153,28,11,11001122,2,197.2645492,18
1019155,87,7,11001169,2,52.3090215,4
1019177,49,7,11001103,3,16.8541946,8
1019181,27,11,11001164,2,87.8181644,7
1019184,27,11,11001164,2,75.2676221,10
1019185,95,3,11001139,2,9.2535672,5
1019205,27,11,11001164,2,47.6834051,4
1019225,32,4,11001157,2,43.6451902,8
1019226,32,4,11001157,2,50.3347708,10
1019232,32,4,11001157,2,52.8874482,15
1019236,32,4,11001157,2,57.9607525,4
1019251,78,8,11001168,2,10.571747,4
1019259,58,5,11001117,2,20.3378895,3
1023216,54,18,11001148,2,19.7627136,3
1023218,102,14,11001138,3,15.2685593,4
1023226,37,14,11001162,3,25.0736112,6
1023242,55,18,11001119,2,30.8796132,3
1023243,55,18,11001119,2,30.8796132,3
1023248,55,18,11001119,2,27.366568,8
1023250,83,8,11001141,1,10.4801602,8
1023268,107,13,11001154,4,20.4127257,3
1023277,28,11,11001122,2,94.9413148,8
1023286,9,1,11001194,2,38.4300325,4
1023324,80,8,11001118,2,18.8571259,18
1023342,27,11,11001164,2,47.5980354,4
1023351,49,7,11001103,2,13.4518042,8
1023373,49,7,11001103,2,14.9462146,6
1023390,49,7,11001103,2,12.5293782,3
1023417,52,5,11001135,0,9.5762878,8
1023420,52,5,11001135,1,7.8009466,6
1023437,52,5,11001135,1,7.2856176,12
1023478,81,8,11001128,2,19.7330791,6
1023500,107,13,11001154,3,19.7159071,8
1023509,67,19,11001147,2,61.9361161,4
1023510,67,19,11001147,2,54.6678229,8
1023511,83,8,11001141,2,6.3477256,6
1023536,83,8,11001141,2,10.8831344,4
1023541,83,8,11001141,2,14.2148458,5
1023543,83,8,11001141,2,9.2180222,3
1023546,65,19,11001104,2,51.2982544,4
1023554,815,19,11001188,2,21.2663135,8
1023555,67,19,11001147,2,55.2981549,15
1023556,67,19,11001147,2,62.4949105,4
1023560,67,19,11001147,2,100.0486546,4
1023576,40,16,11001114,3,48.0298059,5
1023584,40,16,11001114,3,55.8243922,2
1023588,40,16,11001114,3,67.5963224,3
1023592,40,16,11001114,3,65.5512722,4
1023605,40,16,11001114,3,67.9656743,4
1023606,82,8,11001153,2,37.2283256,3
1023660,26,10,11001140,3,45.2441274,8
1023661,26,10,11001140,3,66.9176144,4
1023662,26,10,11001140,3,43.3466497,4
1023666,26,10,11001140,3,48.8326427,4
1023675,50,4,11001136,2,33.5162938,3
1023689,34,4,11001101,2,28.1151376,3
1023696,35,15,11001113,3,12.812398,5
1023700,34,4,11001101,2,29.6683244,8
1023743,39,18,11001155,3,41.8860063,2
1023744,39,18,11001155,3,34.6677691,3
1023745,39,18,11001155,3,44.1624363,6
1023749,34,4,11001101,2,27.2649369,5
1023755,34,4,11001101,2,35.6019892,4
1023756,34,4,11001101,1,40.5501242,2
1023785,50,4,11001136,2,52.8443019,12
1023788,52,5,11001135,1,17.4300749,3
1023795,34,4,11001101,2,58.8605373,3
1023797,34,4,11001101,3,40.0249628,4
1023826,50,4,11001136,2,35.3635199,3
1023836,11,1,11001158,3,23.6271419,4
1023863,66,19,11001159,2,19.766401,5
1023868,52,5,11001135,1,6.3779436,2
1023869,52,5,11001135,1,7.2212489,4
1023900,54,18,11001148,2,28.5913395,6
1023927,58,5,11001117,2,39.2670294,5
1023929,58,5,11001117,2,50.0842354,10
1023932,58,5,11001117,2,38.0142756,4
1023934,58,5,11001117,2,31.443861,3
1023937,47,8,11001133,3,30.0186684,4
1023949,76,9,11001125,2,17.2234744,3
1023952,29,10,11001149,2,53.6372554,10
1023953,55,18,11001119,1,35.2256329,3
1023967,66,19,11001159,2,34.4914467,4
1023979,30,10,11001108,3,72.4813832,4
1023981,30,10,11001108,3,69.3169747,3
1023991,40,16,11001114,3,45.634296,4
1023994,58,5,11001117,2,32.2324632,5
1023996,58,5,11001117,2,52.4865439,4
1023997,58,5,11001117,2,51.753939,12
1024000,58,5,11001117,2,59.0113722,6
1024002,58,5,11001117,3,31.9039153,2
1024005,48,8,11001167,3,70.8805253,8
1024007,70,19,11001132,1,28.8124839,4
1024015,101,13,11001165,4,14.8499923,3
1024017,47,8,11001133,3,54.6435775,4
1024026,96,3,11001146,2,19.8075205,28
1024031,54,18,11001148,1,57.8605917,8
1024033,54,18,11001148,1,31.9225487,3
1024034,54,18,11001148,1,81.1319114,3
1024036,54,18,11001148,1,57.8605917,8
1024038,54,18,11001148,1,21.9585707,12
1024039,54,18,11001148,1,21.9585707,16
1024041,54,18,11001148,1,21.9585707,4
1024081,45,8,11001111,3,32.4422377,6
1024102,102,14,11001138,2,23.1044859,2
1024106,102,14,11001138,3,18.5204607,2
1024107,102,14,11001138,3,14.411285,30
1024110,69,19,11001131,3,73.9694674,3
1024114,11,1,11001158,3,30.9773316,6
1024116,83,8,11001141,1,16.9446024,4
1024121,73,10,11001127,3,55.4603917,14
1024129,24,11,11001152,3,39.9587864,2
1024131,24,11,11001152,4,32.6535014,4
1024166,69,19,11001131,3,71.139648,2
1024173,78,8,11001168,2,11.4883209,12
1024174,26,10,11001140,3,79.6812686,5
1024179,26,10,11001140,3,54.8141886,32
1024182,26,10,11001140,3,54.8474241,4
1024183,26,10,11001140,3,57.2858466,4
1024189,65,19,11001104,3,47.4652198,4
1024200,9,1,11001194,2,64.1879542,3
1024201,40,16,11001114,3,43.8790584,3
1024202,40,16,11001114,3,44.8229248,2
1024218,76,9,11001125,3,9.952964,3
1024230,39,18,11001155,3,23.2691397,5
1024236,73,10,11001127,3,67.9375647,3
1024242,45,8,11001111,3,28.9883007,4
1024243,45,8,11001111,3,29.599497,4
1024252,47,8,11001133,3,31.1701271,2
1024278,48,8,11001167,3,68.1151092,10
1024279,48,8,11001167,3,62.5247908,8
1024280,48,8,11001167,3,68.9235073,6
1024309,45,8,11001111,2,33.6463656,15
1025079,39,18,11001155,3,39.5541709,8
1025082,39,18,11001155,3,34.3880208,6
1025084,45,8,11001111,2,39.5501968,3
1025085,45,8,11001111,2,44.8103659,4
1025095,40,16,11001114,3,47.4834056,3
1025110,40,16,11001114,3,50.0314085,4
1025118,40,16,11001114,3,51.7933142,3
1025124,40,16,11001114,3,54.4371132,3
1025137,40,16,11001114,3,53.4818215,3
1025147,41,16,11001151,3,28.3050952,3
1025151,41,16,11001151,3,23.4012754,3
1025153,41,16,11001151,3,23.877376,6
1025154,41,16,11001151,3,38.0638429,8
1025183,33,4,11001163,3,20.4611444,4
1025190,58,5,11001117,1,80.2826978,8
1025191,58,5,11001117,1,80.3371952,5
1025199,58,5,11001117,1,24.9896299,3
1025203,42,6,11001172,2,67.5639702,2
1025209,66,19,11001159,2,20.117545,6
1025210,66,19,11001159,2,28.0476329,8
1025215,87,7,11001169,1,40.9379731,2
1025223,58,5,11001117,1,39.8694135,4
1025224,58,5,11001117,1,80.2826978,4
1025227,86,7,11001120,2,30.1796044,16
1025228,86,7,11001120,2,42.216818,3
1025241,21,12,11001143,3,14.4514211,3
1025245,32,4,11001157,2,70.4929651,12
1025252,806,11,11001179,3,31.6062744,8
1025255,43,16,11001161,3,27.7109102,16
1025259,87,7,11001169,1,46.8399806,4
1025262,76,9,11001125,2,9.6944978,5
1025275,34,4,11001101,2,33.5778481,3
1025291,87,7,11001169,2,45.3093686,4
1025295,802,8,11001175,3,52.7532041,4
1025296,47,8,11001133,3,30.7916394,8
1025310,86,7,11001120,2,61.8289325,3
1025311,86,7,11001120,2,61.8289325,3
1025315,101,13,11001165,4,9.6779139,4
1025323,66,19,11001159,2,27.8813128,8
1025330,86,7,11001120,1,86.1795678,3
1025341,47,8,11001133,3,30.7916394,4
1025350,37,14,11001162,3,17.4984772,3
1025352,70,19,11001132,1,41.8680837,21
1025373,50,4,11001136,2,61.0029452,10
1025382,45,8,11001111,2,44.9748968,15
1025391,76,9,11001125,2,8.6171123,10
1025396,50,4,11001136,2,32.6251354,8
1025401,50,4,11001136,2,65.5700803,4
1025404,50,4,11001136,2,30.0457522,3
1025406,29,10,11001149,2,44.5011174,4
1025408,66,19,11001159,2,24.1323822,3
1025409,66,19,11001159,2,24.1323822,3
1025413,50,4,11001136,2,39.4810968,5
1025417,50,4,11001136,2,65.5700803,4
1025431,54,18,11001148,2,52.8693606,8
1025799,62,6,11001171,2,16.0867878,3
1025800,62,6,11001171,2,13.8376407,4
1025823,116,10,11001197,3,9.4171877,10
1025824,39,18,11001155,3,54.2739885,10
1025829,39,18,11001155,3,41.3912323,4
1025831,70,19,11001132,1,34.1531278,5
1025833,11,1,11001158,3,26.7338777,5
1025843,815,19,11001188,1,28.8931034,14
1025848,815,19,11001188,1,38.0362019,3
1025850,66,19,11001159,2,29.2643549,4
1025851,66,19,11001159,2,21.3356182,3
1025853,66,19,11001159,2,24.9234332,5
1025854,66,19,11001159,2,19.0249087,3
1025860,817,2,11001190,6,21.4353634,8
1025868,70,19,11001132,1,29.6920469,4
1025869,70,19,11001132,1,22.2027555,3
1025872,96,3,11001146,2,12.5694662,6
1025877,66,19,11001159,2,25.1429139,21
1025893,815,19,11001188,1,16.4512129,8
1025894,815,19,11001188,1,25.0541599,5
1025896,815,19,11001188,1,13.6620515,4
1025911,62,6,11001171,2,13.5714773,3
1025912,62,6,11001171,2,16.3946167,8
1025920,45,8,11001111,3,28.349004,15
1025935,39,18,11001155,3,42.5838075,3
1025937,39,18,11001155,3,41.3912323,8
1025943,24,11,11001152,3,38.3100677,8
1025945,83,8,11001141,1,10.9130463,3
1025946,83,8,11001141,1,14.5142748,4
1025952,98,12,11001142,3,15.7582281,3
1025954,98,12,11001142,3,24.1810979,4
1025956,804,1,11001177,2,12.1900114,4
1025965,12,1,11001170,3,21.4479352,10
1025986,37,14,11001162,3,26.397642,8
1025997,9,1,11001194,2,47.5735293,3
1026021,37,14,11001162,3,15.238714,2
1026026,95,3,11001139,2,9.0618742,14
1026028,95,3,11001139,2,6.5387734,3
1026031,95,3,11001139,2,11.2031195,6
1026032,95,3,11001139,2,8.7166166,2
1026033,95,3,11001139,2,7.4593975,6
1026083,82,8,11001153,2,48.9499723,3
1026209,,20,11001220,1,1.8046324,4
1026211,,19,11001219,1,8.892332,4
1026215,,20,11001220,1,1.8046324,3
1026216,,20,11001220,1,1.8046324,4
1026218,,20,11001220,1,1.8046324,5
1026220,,20,11001220,1,1.8046324,3
1026222,,20,11001220,2,1.8046324,5
1026224,,5,11001205,1,6.1288934,6
1026226,,5,11001205,1,8.2382135,4
1026230,,19,11001219,2,5.2344467,3
1026232,,19,11001219,1,4.3401186,8
1026233,,5,11001205,1,5.0340654,4
1026242,,5,11001205,2,7.2385906,10
1026251,,5,11001205,2,6.9432252,4
1026254,,5,11001205,2,4.796595,3
1026258,,5,11001205,2,3.8977552,3
1026259,,20,11001220,1,1.8046324,8
1026263,,5,11001205,1,10.9033092,10
1026267,,5,11001205,1,4.9494528,2
1026272,,11,11001211,2,3.4250568,8
1026274,,20,11001220,1,1.8046324,8
1026276,,11,11001211,2,3.6232521,6
1026282,,5,11001205,1,8.6279041,12
1026283,,5,11001205,1,3.3862741,3
1026298,,11,11001211,2,2.5062982,6
1026326,,5,11001205,1,3.6896885,3
1026328,,5,11001205,1,4.0557282,3
1026330,,5,11001205,1,6.2213985,3
1026331,,5,11001205,1,5.603242,4
1026333,,5,11001205,2,3.4772004,3
1026345,,5,11001205,1,3.266644,4
1026349,,20,11001220,1,1.8046324,5
1026351,,11,11001211,1,3.6845316,6
1026354,,11,11001211,6,3.7030432,4
1026359,,11,11001211,0,2.7814494,10
1026363,,11,11001211,4,3.9810296,4
1026365,,20,11001220,1,1.8046324,12
1026369,,20,11001220,1,1.8046324,3
1026370,,11,11001211,0,2.9279341,3
1026371,,11,11001211,1,3.9810296,4
1026374,,20,11001220,1,1.8046324,8
1026376,,20,11001220,1,1.8046324,8
1026377,,20,11001220,1,1.8046324,18
1026378,,20,11001220,1,1.8046324,5
1026384,,20,11001220,1,1.8046324,4
1026387,,5,11001205,1,6.1868295,15
1026397,,20,11001220,1,1.8046324,4
1026402,,20,11001220,1,1.8046324,4
1026406,,20,11001220,1,1.8046324,10
1026407,,20,11001220,1,1.8046324,8
1026408,,19,11001219,2,5.4225397,10
1026412,,20,11001220,1,1.8046324,5
1026413,,20,11001220,1,1.8046324,15
1026414,,20,11001220,1,1.8046324,5
1026416,,20,11001220,1,1.8046324,4
1026417,,20,11001220,1,1.8046324,8
1026431,,20,11001220,1,1.8046324,12
1026432,,20,11001220,1,1.8046324,10
1026433,,20,11001220,1,1.8046324,2
1026434,,20,11001220,1,1.8046324,10
1026436,,20,11001220,1,1.8046324,4
1026437,,20,11001220,1,1.8046324,3
1026438,,20,11001220,1,1.8046324,3
1026440,,20,11001220,1,1.8046324,3
1026442,,20,11001220,2,1.8046324,10
1026444,,20,11001220,1,1.8046324,8
1026445,,20,11001220,1,1.8046324,4
1026446,,20,11001220,1,1.8046324,2
1026447,,20,11001220,1,1.8046324,4
1026449,,20,11001220,1,1.8046324,3
1026450,,20,11001220,1,1.8046324,5
1026452,,20,11001220,2,1.8046324,12
1026454,,20,11001220,0,1.8046324,3
1026455,,20,11001220,1,1.8046324,4
1026456,,20,11001220,1,1.8046324,5
1026461,,20,11001220,0,1.8046324,4
1026468,,20,11001220,1,1.8046324,3
1026470,,20,11001220,1,1.8046324,3
1026475,,20,11001220,1,1.8046324,12
1026476,,20,11001220,1,1.8046324,3
1026481,,20,11001220,1,1.8046324,3
1026487,,,25175200,2,12.2408985,4
1026490,,,25754100,3,453.8791104,8
1026496,,,25899100,2,54.9712383,4
1026497,,,25899100,2,62.6076664,4
1026500,,,25899100,2,42.7112471,10
1026501,,,25899100,2,43.4509821,3
1026504,,,25899100,2,55.8243603,4
1026507,,,25899100,3,50.7246202,3
1026518,,,25430100,2,66.1033456,12
1026529,,,25430100,3,62.5369621,6
1026533,,,25430100,2,44.815124,3
1026534,,,25430100,2,52.8276671,2
1026537,,,25754200,2,3.3243703,2
1026539,,,25754200,2,2.6745952,3
1026551,,,25430100,2,44.3119326,2
1026552,,,25430100,2,53.9915517,6
1026560,,,25214200,1,5.5730088,5
1026562,,,25214200,,5.6541766,3
1026563,,,25214200,1,8.57823,8
1026569,,,25214200,1,8.5455816,6
1026572,,,25214200,1,13.639216,36
1026575,,,25473100,3,62.0472322,3
1026576,,,25214200,2,7.2723911,6
1026577,,,25214200,1,9.8450313,6
1026580,,,25214200,1,8.4985664,2
1026588,,,25214200,1,7.3050395,4
1026591,,,25785100,2,4.496456,4
1026597,,,25754100,3,398.5933552,4
1026604,,,25754100,3,388.1876786,3
1026605,,,25754100,3,242.238728,3
1026606,,,25754100,3,424.3767457,5
1026609,,,25290100,3,62.9513863,3
1026611,,,25260100,2,10.56395,3
1026614,,,25260100,2,10.6027096,5
1026616,,,25269100,2,60.3576622,6
1026618,,,25269100,2,87.4168206,12
1026622,,,25269100,3,60.5395048,3
1026626,,,25754100,3,214.7453204,3
1026634,,,25269100,2,64.0597736,3
1026641,,,25126100,2,24.6718987,3
1026642,,,25754100,3,305.9895145,5
1026644,,,25754100,2,318.7543085,3
1026646,,,25175100,2,39.6175895,2
1026650,,,25175100,2,48.0652079,4
1026651,,,25175100,2,66.0339023,15
1026655,,,25175100,2,57.8979258,3
1026664,,,25126100,2,41.3977847,6
1026665,,,25126100,2,29.7596275,6
1026666,,,25214200,2,6.0500448,18
1026667,,,25754100,3,360.4557345,10
1026669,,,25754100,3,160.1406429,4
1026670,,,25817100,2,10.3810229,5
1026685,,,25099100,2,5.0662153,3
1026686,,,25099100,2,12.3283601,2
1026689,,,25099100,2,5.0183123,6
1026690,,,25286100,3,45.2457538,3
1026693,,,25286100,3,54.8734129,18
1026700,,,25214200,2,5.3260571,3
1026704,,,25214200,2,11.5285427,10
1026708,,,25214200,2,6.5903206,2
1026709,,,25214200,2,10.5621489,14
1026711,,,25214200,2,5.3756192,5
1026713,,,25377100,2,8.492708,8
1026717,,,25260100,2,12.1909689,5
1026718,,,25260100,2,12.229321,4
1026721,,,25260100,2,17.4315836,8
1026724,,,25099100,2,4.9045269,2
1026725,,,25099100,2,7.7430089,2
1026730,,,25099100,2,5.138617,6
1026735,,,25099100,2,6.9806238,6
1026736,,,25099100,2,6.9677618,4
1026743,,,25286100,3,55.6143129,6
1026745,,,25286100,3,53.0991664,3
1026762,,,25286100,3,47.5378312,4
1026763,,,25286100,3,59.6497204,5
1026781,,,25286100,2,45.8616742,10
1026782,,,25286100,2,55.550836,8
1026789,,,25126100,2,14.9848366,10
1026799,,,25099100,2,4.1222547,2
1026803,,,25099100,2,4.3711596,2
1026816,,,25430100,2,49.4134927,8
1026819,,,25430100,2,47.4573643,5
1026835,,,25286100,3,54.5876143,3
1026844,,,25175200,6,10.9211794,4
1026846,,,25175200,2,7.433503,15
1026852,,,25269100,2,46.1070189,3
1026854,,,25269100,2,54.3705622,6
1026866,,,25214200,2,14.0925996,18
1026867,,,25214200,1,6.7673238,14
1026872,,,25799100,2,8.0812194,8
1026873,,,25799100,2,6.444503,10
1026877,,,25260100,2,9.866733,10
1026881,,,25799100,2,4.6835697,5
1026884,,,25799100,2,6.6125086,3
1026886,,,25799100,3,8.1691456,4
1026887,,,25799100,3,8.4077147,8
1026888,,,25799100,3,7.332906,12
1026897,,,25758100,2,11.910542,4
1026902,,,25758100,2,4.9377914,5
1026903,,,25758100,2,9.5878293,5
1026904,,,25758100,2,7.4864116,7
1026905,,,25758100,2,11.229846,4
1026912,,,25269100,2,63.3859243,5
1026913,,,25269100,2,63.2015975,4
1026914,,,25785100,2,4.1582195,10
1026923,,,25473200,1,1.4395777,10
1026925,,,25473200,1,1.1996481,4
1026932,,,25269100,2,51.591439,5
1026940,,,25473200,1,1.4395777,3
1026941,,,25473200,1,1.4395777,3
1026942,,,25473200,1,1.1996481,5
1026943,,,25473200,1,1.1996481,8
1026944,,,25473200,1,1.1996481,3
1026948,,,25473200,1,1.4395777,2
1026951,,,25473200,1,1.4395777,3
1026952,,,25473200,1,1.1996481,15
1026954,,,25473200,1,1.1996481,3
1026956,,,25817100,2,8.0959791,8
1026957,,,25817100,2,9.7436788,4
1026958,,,25754200,2,3.4986194,4
1026961,,,25769100,2,7.6188125,3
1026963,,,25769100,3,4.1885913,6
1026964,,,25769100,2,6.7375597,8
1026973,,,25754200,2,1.3621227,3
1026976,,,25377200,1,11.8461897,3
1026978,,,25377200,2,9.3372658,2
1026979,,,25377200,2,8.966093,2
1026995,,,25758200,2,4.1736764,3
1027011,,,25269100,4,81.3342731,2
1027025,,,25758100,2,10.9912437,10
1027027,,,25758100,2,13.2614411,8
1027028,,,25758100,3,13.2614411,8
1027030,,,25758100,2,13.7253673,8
1027033,,,25758100,3,10.2970155,4
1027035,,,25758100,3,9.4239776,3
1027036,,,25758100,3,5.5600911,4
1027037,,,25740100,2,8.3344867,18
1027042,,,25758200,2,8.1356819,6
1027047,,,25758200,1,7.1980378,4
1027048,,,25758100,2,9.5878293,5
1027050,,,25758100,3,13.2798551,7
1027054,,,25758100,3,11.6094219,4
1027061,,,25758200,3,6.3937587,4
1027066,,,25286200,1,1.131677,3
1027069,,,25286200,1,1.131677,12
1027070,,,25754200,2,2.6745952,3
1027071,,,25754200,2,3.2453785,4
1027080,,,25286200,1,1.131677,4
1027086,,,25758200,2,8.1607214,8
1027092,,,25758200,3,10.2829112,8
1027096,,,25754200,2,3.9757599,6
1027108,,,25754100,1,206.485885,3
1027109,,,25754100,1,325.9547572,4
1027113,,,25754200,2,2.4213542,3
1027197,,,25473100,3,69.3518688,3
1027200,,,25269100,2,43.3027352,2
1027216,,,25785100,3,3.756997,3
1027218,,,25740100,3,10.0209992,4
1027221,,,25740100,2,22.7605879,4
1027224,,,25740100,2,20.6843742,10
1027227,,,25269100,2,88.7185825,4
1027231,,,25430100,2,54.1573782,3
1027234,,,25290100,3,52.8722428,3
1027237,,,25740100,2,14.5829092,5
1027238,,,25740100,2,8.8665154,4
1027242,,,25740100,2,15.9131167,8
1027245,,,25740100,2,22.52224,8
1027246,,,25740100,2,13.0198227,4
1027247,,,25740100,2,12.1388849,8
1027248,,,25754100,3,370.0166004,3
1027253,,,25754100,1,168.620051,12
1027254,,,25473100,2,56.5597022,4
1027256,,,25740100,2,14.8364149,4
1027261,,,25126100,2,35.5883513,3
1027263,,,25817100,2,9.1855472,4
1027269,,,25126100,3,54.0819919,3
1027272,,,25126100,2,36.8124656,5
1027275,,,25126100,3,35.5883513,3
1027308,,,25473100,3,69.1998628,8
1027309,,,25260100,2,12.4320152,5
1027312,,,25260100,2,8.2447455,8
1027314,,,25260100,2,10.0571756,5
1027318,,,25754100,2,323.4897321,3
1027323,,,25754200,1,3.6191815,8
1027327,,,25754100,3,343.1280055,8
1027332,,,25754100,1,202.4518781,3
1027333,,,25754100,1,267.6188616,8
1027335,,,25754100,3,289.4525579,10
1027336,,,25754100,3,169.3402105,6
1027337,,,25754100,3,204.3823373,6
1027340,,,25754100,3,295.881681,3
1027341,,,25754100,3,267.6188616,4
1027344,,,25754100,1,364.5585784,4
1027346,,,25785100,3,3.9619743,4
1027351,,,25269100,2,57.9070744,4
1027352,,,25269100,2,57.953439,4
1027356,,,25754200,1,3.2210329,3
1027359,,,25785100,3,4.5827986,5
1027360,,,25754100,1,341.2950545,6
1027364,,,25785100,3,4.589034,12
1027366,,,25785100,2,3.5635592,3
1027367,,,25785100,3,5.804402,8
1027368,,,25785100,3,4.787232,3
1027369,,,25269100,2,68.2824112,2
1027370,,,25269100,2,49.6775961,3
1027375,,,25473100,2,51.6770449,6
1027377,,,25473100,2,68.2807892,10
1027380,,,25290100,3,101.6552553,3
1027382,,,25175200,2,7.5389356,12
1027397,,,25758100,3,11.7932699,5
1027399,,,25758100,3,10.5619985,8
1027403,,,25758100,3,11.8303437,5
1027417,,,25286200,0,1.131677,12
1027419,,,25286200,1,1.131677,10
1027420,,,25286200,2,1.131677,12
1027428,,,25899100,2,65.967054,3
1027433,,,25899100,3,42.8011966,5
1027439,,,25899100,2,61.3550062,21
1027447,,,25260100,2,9.7497599,3
1027455,,,25899100,2,49.3494853,6
1027459,,,25899100,2,55.3544401,32
1027463,,,25899100,2,60.698675,5
1027465,,,25899100,2,68.5931934,3
1027466,,,25899100,3,56.6256082,4
1027468,,,25899100,3,79.8090226,4
1027554,,,25799100,3,7.4425546,3
1027558,,,25799100,2,6.9767366,4
1027561,,,25754200,1,3.4986194,4
1027563,,,25473100,3,45.3843129,4
1027566,,,25286100,2,59.8397843,15
1027568,,,25286100,2,68.2062887,10
1027569,,,25286100,2,46.5434742,3
1027572,,,25286100,2,59.937663,4
1027578,,,25286100,3,62.3166429,4
1027584,,,25799100,3,2.9214395,7
1027592,,,25754100,3,497.0531747,5
1027597,,,25473100,3,48.4996865,3
1027598,,,25286100,3,57.6380818,4
1027603,,,25286100,2,54.6828542,8
1027611,,,25377100,2,8.1000769,3
1027619,,,25286100,2,33.4107126,3
1027647,,,25286100,2,41.0765357,2
1027648,,,25286100,2,71.2686119,15
1027655,,,25754100,2,291.8705982,5
1027656,,,25473100,2,69.5632791,12
1027661,,,25769100,2,6.816413,3
1027662,,,25769100,2,7.8578956,5
1027665,,,25758200,1,5.9623948,3
1027668,,,25758200,1,4.9891752,3
1027669,,,25758200,1,6.2122823,4
1027672,,,25290100,3,63.6674347,6
1027673,,,25290100,3,64.0853258,3
1027676,,,25269100,3,64.0597736,3
1027679,,,25758200,2,5.2460754,4
1027683,,,25758100,3,5.8159265,3
1027689,,,25269100,3,43.6645855,3
1027692,,,25290100,2,47.1600735,4
1027704,,,25473200,2,1.1996481,10
1027706,,,25473200,1,1.1996481,4
1027707,,,25473200,1,1.1996481,6
1027710,,,25473200,2,1.1996481,4
1027711,,,25473200,2,1.1996481,3
1027713,,,25758100,3,7.5819602,12
1027717,,,25754200,1,4.5758846,10
1027723,,,25175100,3,66.366109,12
1027739,,,25754200,1,2.6452537,2
1027748,,,25473100,3,68.9428736,3
1027749,,,25473100,3,68.9428736,3
1027752,,,25430100,2,52.6004062,3
1027759,,,25430100,2,48.6567384,6
1027763,,,25430100,2,68.036206,3
1027764,,,25430100,2,63.5609092,12
1027770,,,25286200,1,1.131677,4
1027868,,,25175200,4,10.3450315,4
1027869,,,25175200,4,11.9140139,4
1027871,,,25269100,3,64.5927263,15
1027878,,,25269100,2,51.7170137,4
1027879,,,25269100,3,42.6341957,12
1027887,,,25473100,3,76.5440449,4
1027890,,,25290100,3,61.5542267,8
1027905,,,25126100,2,34.1494224,24
1027906,,,25126100,2,43.2655935,3
1027915,,,25175200,2,10.1822343,3
1027953,,,25126100,2,29.5420863,8
1027964,,,25126100,2,31.2276777,4
1027975,,,25754100,3,454.5738974,3
1027978,,,25754100,3,297.6150564,7
1027982,,,25754200,1,3.7518604,4
1027985,,,25126100,2,31.9492896,3
1027993,,,25286100,3,26.7602758,5
1027996,,,25286100,3,38.1042547,6
1027997,,,25286100,3,44.2163004,3
1027999,,,25286100,3,41.5233403,3
1028002,,,25126100,2,28.7615669,3
1028106,,,25740100,2,11.9847572,3
1028107,,,25817100,2,8.3545911,7
1028108,,,25817100,2,6.7996697,4
1028112,,,25214200,1,7.0127232,4
1028113,,,25214200,2,8.5312148,3
1028114,,,25214200,1,8.4985664,2
1028115,,,25214200,1,8.2268168,3
1028118,,,25214200,1,8.5455816,3
1028121,,,25214200,1,7.6301025,3
1028124,,,25214200,1,8.9702693,15
1028141,,,25286100,3,62.4412553,4
1028144,,,25286100,3,87.4118728,5
1028148,,,25286100,3,33.0779087,4
1028149,,,25286100,3,48.443897,3
1028151,,,25754200,1,3.9757599,3
1028153,,,25214200,1,8.2268168,3
1028154,,,25214200,1,9.7902138,7
1028155,,,25214200,1,8.2268168,3
1028156,,,25214200,1,7.0127232,4
1028157,,,25214200,1,11.2155614,18
1028158,,,25214200,1,8.9559025,10
1028162,,,25214200,1,7.6238043,4
1028163,,,25754100,3,287.9766241,3
1028164,,,25754100,3,378.232592,4
1028170,,,25754100,3,234.983154,3
1028176,,,25175100,2,48.6824283,3
1028183,,,25175100,2,40.5522475,18
1028185,,,25214100,2,17.1662886,2
1028193,,,25269100,2,67.8708519,4
1028198,,,25799100,3,10.7397289,15
1028199,,,25799100,2,6.0325371,2
1028207,,,25290100,2,42.2319858,18
1028209,,,25758100,3,13.2614411,8
1028216,,,25214100,2,14.9020758,3
1028229,,,25214200,1,6.8484938,4
1028231,,,25099100,3,4.2301544,2
1028235,,,25214200,1,7.6780933,3
1028237,,,25214200,0,8.8899118,8
1028239,,,25099100,2,12.1544255,2
1028242,,,25214200,1,4.4018445,4
1028246,,,25099100,3,9.2815687,10
1028249,,,25214200,1,7.720407,8
1028252,,,25099100,2,3.6700898,3
1028258,,,25269100,4,67.4029932,8
1028259,,,25269100,4,47.1643855,3
1028262,,,25758100,3,7.7073603,4
1028265,,,25286200,0,1.131677,8
1028266,,,25286200,2,1.131677,15
1028269,,,25286200,1,1.131677,6
1028271,,,25175200,2,12.8368637,4
1028273,,,25099100,2,4.2665336,2
1028282,,,25099100,2,3.5554447,2
1028287,,,25099100,2,7.6552801,3
1028290,,,25099100,2,10.9592779,2
1028293,,,25099100,2,4.6147139,2
1028306,,,25175200,2,9.3063521,6
1028307,,,25769100,2,2.8161124,8
1028310,,,25769100,2,5.0612366,3
1028312,,,25290100,2,94.4891282,3
1028314,,,25290100,2,101.2680608,27
1028317,,,25214200,1,8.0543361,15
1028320,,,25214200,1,5.0259347,3
1028325,,,25214200,1,13.1477118,15
1028328,,,25214200,2,4.5233413,3
1028330,,,25473200,2,1.1996481,3
1028337,,,25473200,1,1.1996481,2
1028346,,,25175200,3,8.0727889,4
1028349,,,25175200,3,13.1054153,8
1028350,,,25175200,2,13.2369046,3
1028352,,,25175200,2,8.6010654,3
1028354,,,25377100,2,13.0830563,3
1028363,,,25214100,2,16.848028,4
1028364,,,25214100,2,18.2901252,12
1028365,,,25214100,2,18.1029553,4
1028368,,,25290100,3,86.5581562,6
1028371,,,25290100,2,73.9005349,5
1028375,,,25175200,3,13.5721984,4
1028379,,,25175200,3,14.3717672,3
1028380,,,25175200,2,10.8360525,6
1028384,,,25175200,2,9.58255,6
1028391,,,25799100,3,4.1020288,4
1028396,,,25799100,3,8.1438645,8
1028403,,,25473100,2,56.6060764,7
1028405,,,25260100,2,9.9090651,4
1028418,,,25269100,2,53.6284145,10
1028420,,,25269100,4,75.155136,24
1028425,,,25769100,2,6.7375597,8
1028427,,,25769100,2,6.831172,6
1028430,,,25473100,2,50.2876847,4
1028431,,,25473100,3,72.6506095,5
1028432,,,25473100,2,66.4885144,4
1028434,,,25295100,2,4.1715664,2
1028435,,,25295100,2,15.552275,8
1028438,,,25295100,2,10.66087,5
1028440,,,25758100,3,12.0732955,4
1028442,,,25758100,3,10.3096529,5
1028444,,,25754200,1,3.7487017,5
1028447,,,25754200,1,5.448491,28
1028448,,,25754200,1,4.0450571,4
1028449,,,25754200,1,1.4646511,2
1028456,,,25269100,4,61.948554,4
1028457,,,25269100,4,70.0593559,8
1028458,,,25269100,2,65.9207026,3
1028466,,,25785100,2,4.2059317,8
1028479,,,25430100,3,67.708817,6
1028489,,,25785100,3,4.496456,4
1028499,,,25430100,3,36.3459028,4
1028502,,,25430100,3,49.9672661,3
1028503,,,25430100,3,66.0010116,4
1028504,,,25740100,2,13.5069386,3
1028506,,,25740100,2,6.4465788,8
1028510,,,25740100,2,12.7667364,2
1028511,,,25740100,2,11.814598,10
1028523,,,25175200,2,7.8064174,3
1028524,,,25175200,3,10.5506106,3
1028525,,,25175200,2,11.2208236,4
1028530,,,25799100,3,7.3262522,3
1028535,,,25799100,3,5.7805491,8
1028536,,,25799100,3,4.6678219,3
1028620,66,19,11001159,2,24.6488709,4
1028621,66,19,11001159,2,18.655241,3
1028623,65,19,11001104,2,48.7174241,2
1028624,86,7,11001120,2,71.5592565,10
1028625,86,7,11001120,2,62.466443,3
1028628,55,18,11001119,2,33.040104,10
1028630,55,18,11001119,2,35.2059591,6
1028633,55,18,11001119,2,44.4020582,3
1028635,55,18,11001119,2,34.541829,3
1028643,30,10,11001108,3,48.256181,3
1028648,70,19,11001132,1,40.8691543,6
1028661,57,5,11001129,2,85.0675097,3
1028664,82,8,11001153,2,46.8580932,3
1028666,82,8,11001153,2,30.4981394,4
1028667,82,8,11001153,2,38.5184973,8
1028668,82,8,11001153,2,34.4837092,3
1028674,69,19,11001131,1,62.4091057,6
1028685,48,8,11001167,3,70.4994861,6
1028713,95,3,11001139,2,6.1516981,12
1028733,809,16,11001182,3,7.0090278,8
1028734,11,1,11001158,3,33.0921004,8
1028735,11,1,11001158,3,26.0736189,3
1028760,33,4,11001163,3,13.8020883,3
1028764,72,10,11001105,3,46.8004938,15
1028769,39,18,11001155,3,31.8495377,2
1028776,87,7,11001169,2,54.7573378,16
1028778,87,7,11001169,2,46.1418278,3
1028779,87,7,11001169,2,44.6826434,5
1028786,87,7,11001169,2,37.6598069,3
1028795,87,7,11001169,2,50.0353005,2
1028796,87,7,11001169,2,40.6480241,5
1028803,87,7,11001169,1,51.6954714,5
1028804,30,10,11001108,3,57.4262051,4
1028816,54,18,11001148,2,32.0472059,3
1028817,54,18,11001148,2,15.2172895,3
1028818,54,18,11001148,2,42.9584989,3
1028829,47,8,11001133,3,58.7124427,3
1028832,47,8,11001133,3,51.3866658,3
1028867,813,9,11001186,4,11.4716367,4
1028868,813,9,11001186,4,10.7422874,6
1028877,87,7,11001169,2,56.0048423,3
1028880,87,7,11001169,2,52.3528653,6
1028888,87,7,11001169,2,35.150036,3
1028895,813,9,11001186,4,12.7714636,15
1028904,86,7,11001120,2,64.9241537,3
1028906,89,2,11001160,2,5.0485631,12
1028908,87,7,11001169,1,54.0713921,4
1028921,89,2,11001160,2,7.1176755,6
1028923,76,9,11001125,2,10.9179871,3
1028925,89,2,11001160,2,6.9247853,5
1028927,89,2,11001160,2,6.6785599,4
1028928,89,2,11001160,2,5.978222,5
1028929,86,7,11001120,1,46.6270259,4
1028930,11,1,11001158,1,28.7084277,4
1028932,11,1,11001158,1,43.3915609,18
1028935,89,2,11001160,2,6.2422894,14
1028948,33,4,11001163,2,26.8466401,4
1028977,23,11,11001112,5,27.8329568,3
1028986,57,5,11001129,2,49.2048521,4
1028987,57,5,11001129,2,49.1041983,4
1029000,78,8,11001168,2,11.6649914,12
1029001,78,8,11001168,3,11.2154678,4
1029013,78,8,11001168,2,14.2123957,4
1029031,57,5,11001129,2,34.4978487,3
1029035,57,5,11001129,2,67.1003884,3
1029039,57,5,11001129,2,26.99039,3
1029040,57,5,11001129,2,61.694835,3
1029049,43,16,11001161,3,31.1338602,3
1029052,70,19,11001132,1,27.7125771,8
1029053,70,19,11001132,1,27.7125771,4
1029062,70,19,11001132,1,28.7329255,4
1029063,70,19,11001132,1,37.9534283,3
1029077,809,16,11001182,3,5.7308984,3
1029078,809,16,11001182,3,13.1772987,5
1029081,809,16,11001182,3,4.0142614,10
1029082,809,16,11001182,3,19.8164282,3
1029085,809,16,11001182,3,7.0090278,8
1029091,82,8,11001153,2,42.3252389,2
1029093,82,8,11001153,2,37.2114938,8
1029094,82,8,11001153,2,45.1845899,3
1029095,82,8,11001153,2,29.5490169,8
1029099,82,8,11001153,2,25.8692554,20
1029103,44,8,11001102,3,31.3837797,4
1029114,72,10,11001105,3,41.5049555,3
1029116,72,10,11001105,3,43.564763,6
1029130,72,10,11001105,3,38.7125599,3
1029132,72,10,11001105,3,35.8981711,4
1029135,72,10,11001105,3,33.5216144,2
1029138,72,10,11001105,3,39.1607516,3
1029139,72,10,11001105,3,41.7479484,3
1029149,72,10,11001105,3,39.6528241,4
1029160,33,4,11001163,2,25.845692,3
1029161,33,4,11001163,2,25.2679052,10
1029162,33,4,11001163,2,21.0501456,4
1029163,87,7,11001169,2,36.4197994,5
1029166,87,7,11001169,2,51.836205,3
1029167,87,7,11001169,2,54.4344222,8
1029168,87,7,11001169,2,54.4344222,8
1029173,87,7,11001169,2,47.8176191,3
1029177,87,7,11001169,1,55.3303732,5
1029180,87,7,11001169,2,47.2774429,2
1029192,32,4,11001157,2,50.1384283,3
1029197,33,4,11001163,2,24.2396125,8
1029201,81,8,11001128,3,20.8504439,2
1029202,81,8,11001128,2,31.3548494,3
1029208,89,2,11001160,2,7.9381305,5
1029209,89,2,11001160,2,8.0180845,3
1029213,76,9,11001125,3,10.2534814,3
1029216,49,7,11001103,3,14.5049645,2
1029218,49,7,11001103,2,15.3580601,4
1029219,49,7,11001103,3,15.4846835,5
1029223,49,7,11001103,3,14.3196153,6
1029225,49,7,11001103,2,15.1684544,4
1029233,87,7,11001169,2,50.4043581,3
1029235,87,7,11001169,2,37.2535887,8
1029236,87,7,11001169,2,54.0713921,8
1029240,9,1,11001194,2,46.7741378,5
1029247,87,7,11001169,2,33.567381,5
1029248,86,7,11001120,2,71.2485109,4
1029255,87,7,11001169,2,44.4281833,4
1029258,84,7,11001107,2,67.5908809,2
1029269,43,16,11001161,3,22.9833728,8
1029272,43,16,11001161,3,19.0528623,2
1029279,43,16,11001161,3,33.196635,2
1029280,43,16,11001161,3,27.7034889,2
1029299,43,16,11001161,3,30.5315234,4
1029301,43,16,11001161,3,14.3890815,4
1029308,87,7,11001169,2,41.7746644,3
1029315,86,7,11001120,2,48.7099694,8
1029322,47,8,11001133,3,63.8196611,12
1029324,76,9,11001125,3,8.9328986,6
1029343,49,7,11001103,3,13.4746741,2
1029349,83,8,11001141,1,16.515714,4
1029350,83,8,11001141,1,12.9977736,6
1029352,83,8,11001141,1,15.9510369,4
1029357,83,8,11001141,1,13.1098036,18
1029361,40,16,11001114,3,33.5806129,4
1029362,82,8,11001153,2,66.261512,10
1029363,83,8,11001141,1,18.6318187,12
1029366,83,8,11001141,1,9.4762841,3
1029369,84,7,11001107,2,77.0806561,8
1029370,84,7,11001107,2,52.8539775,4
1029376,83,8,11001141,1,15.9494176,3
1029377,83,8,11001141,1,13.4490682,3
1029384,32,4,11001157,2,54.907717,3
1029393,33,4,11001163,3,22.1602405,3
1029401,33,4,11001163,3,21.822934,2
1029407,70,19,11001132,1,61.2869124,6
1029411,33,4,11001163,2,21.9737395,8
1029427,79,8,11001110,2,48.3404587,8
1029430,82,8,11001153,1,54.3651862,15
1029432,82,8,11001153,1,52.5067556,4
1029444,45,8,11001111,2,43.3024414,4
1029445,45,8,11001111,2,40.1738289,4
1029455,81,8,11001128,2,29.2332186,3
1029459,65,19,11001104,3,32.470978,5
1029461,65,19,11001104,3,44.1591252,4
1029472,83,8,11001141,1,19.0733961,10
1029477,33,4,11001163,2,16.5663242,6
1029478,32,4,11001157,2,52.7937279,3
1029481,70,19,11001132,1,40.6788813,21
1029482,33,4,11001163,2,23.5884318,12
1029483,33,4,11001163,2,15.4353518,12
1029486,66,19,11001159,2,27.4505848,3
1029490,55,18,11001119,2,37.4925091,8
1029491,55,18,11001119,2,35.2015084,4
1029497,32,4,11001157,2,48.4221752,4
1029520,806,11,11001179,4,30.7108132,4
1029528,55,18,11001119,2,35.0552136,4
1029532,55,18,11001119,2,30.1417745,10
1029533,55,18,11001119,2,21.8600952,6
1029540,37,14,11001162,3,20.7881431,8
1029543,86,7,11001120,2,51.356148,4
1029544,37,14,11001162,3,20.7881431,8
1029552,45,8,11001111,2,38.3640037,2
1029555,38,15,11001156,3,41.1997093,10
1029558,76,9,11001125,3,20.2715774,4
1029560,76,9,11001125,2,14.070777,2
1029562,76,9,11001125,2,17.2195778,3
1029565,81,8,11001128,2,26.1671412,4
1029566,81,8,11001128,2,20.6340388,2
1029571,37,14,11001162,3,17.4984772,3
1029579,81,8,11001128,2,18.7893507,4
1029582,37,14,11001162,3,24.124494,6
1029589,45,8,11001111,2,44.9748968,5
1029592,45,8,11001111,2,33.0725854,3
1029594,45,8,11001111,2,33.0725854,3
1029595,45,8,11001111,2,40.2615287,4
1029598,81,8,11001128,2,24.3645941,4
1029604,83,8,11001141,2,9.1147723,5
1029605,83,8,11001141,2,16.0210587,8
1029606,83,8,11001141,2,14.0335062,5
1029607,83,8,11001141,2,14.8858304,3
1029608,83,8,11001141,2,14.7634361,10
1029610,83,8,11001141,2,13.4983031,8
1029612,37,14,11001162,3,19.8157755,8
1029620,81,8,11001128,2,19.8228838,4
1029627,40,16,11001114,3,66.4972008,4
1029629,66,19,11001159,2,27.8192859,4
1029639,65,19,11001104,3,29.1061725,8
1029641,65,19,11001104,3,38.2268764,4
1029653,33,4,11001163,3,17.8894129,12
1029656,42,6,11001172,3,34.8408723,3
1029664,33,4,11001163,3,18.4993104,2
1029665,77,9,11001173,2,26.0693193,2
1029672,33,4,11001163,3,23.0693661,5
1029674,77,9,11001173,2,24.6158417,3
1029675,77,9,11001173,2,23.2748984,2
1029686,19,11,11001121,4,41.9545717,2
1029692,815,19,11001188,1,36.4095957,10
1029696,67,19,11001147,1,87.2784745,6
1029699,815,19,11001188,1,16.4512129,4
1029700,815,19,11001188,1,26.9938365,3
1029704,78,8,11001168,2,16.6108281,10
1029715,69,19,11001131,3,87.1857237,3
1029723,65,19,11001104,3,35.8104328,3
1029741,39,18,11001155,3,31.2009922,6
1029742,39,18,11001155,3,38.9954821,18
1029753,77,9,11001173,2,35.845314,2
1029755,109,13,11001116,4,13.9716432,4
1029759,109,13,11001116,4,8.7647751,4
1029767,9,1,11001194,2,47.5735293,3
1029779,53,18,11001191,2,17.4881558,6
1029781,53,18,11001191,2,15.8748894,2
1029782,53,18,11001191,2,15.8748894,2
1029784,53,18,11001191,2,22.5421784,4
1029786,9,1,11001194,3,46.3267016,4
1029794,39,18,11001155,3,29.1002297,8
1029797,9,1,11001194,2,46.7051333,8
1029799,39,18,11001155,3,36.1787914,15
1029801,11,1,11001158,3,42.0376773,10
1029813,802,8,11001175,3,110.0362434,4
1029822,26,10,11001140,3,49.0103175,7
1029824,26,10,11001140,3,61.0392971,15
1029829,24,11,11001152,3,43.0603972,3
1029833,24,11,11001152,3,22.6492663,4
1029845,804,1,11001177,4,18.4473347,4
1029846,42,6,11001172,3,48.7772213,3
1029848,94,17,11001134,2,18.0735148,3
1029849,83,8,11001141,1,12.6443596,5
1029850,83,8,11001141,1,15.8810152,4
1029851,39,18,11001155,3,35.0718165,3
1029852,86,7,11001120,2,48.3945115,4
1029873,92,3,11001137,2,8.4260345,4
1029882,92,3,11001137,2,4.300185,4
1029884,27,11,11001164,2,53.7913185,4
1029892,27,11,11001164,2,94.9461044,6
1029893,27,11,11001164,2,67.7408599,10
1029902,94,17,11001134,2,7.1278749,3
1029914,94,17,11001134,2,15.6927384,4
1029920,92,3,11001137,2,6.1686938,4
1029922,92,3,11001137,2,5.768274,6
1029923,92,3,11001137,2,10.1585432,3
1029928,42,6,11001172,2,77.6109154,6
1029930,42,6,11001172,2,82.1670546,4
1029932,42,6,11001172,3,58.3029744,2
1029942,813,9,11001186,3,11.2977321,3
1029966,804,1,11001177,4,24.5017439,3
1029996,55,18,11001119,2,33.0602772,3
1030004,94,17,11001134,1,7.6825604,10
1030014,43,16,11001161,3,35.2084602,5
1030019,43,16,11001161,3,20.6968446,3
1030047,83,8,11001141,1,17.1153175,15
1030070,41,16,11001151,3,22.5049443,3
1030071,41,16,11001151,3,15.3338203,5
1030080,83,8,11001141,2,13.0175346,5
1030111,83,8,11001141,2,15.0565456,8
1030113,83,8,11001141,2,15.8810152,4
1030114,83,8,11001141,2,14.1511435,10
1030117,11,1,11001158,3,28.6809808,3
1030119,11,1,11001158,3,32.7738791,8
1030125,21,12,11001143,3,11.4837177,3
1030131,21,12,11001143,3,10.2580038,18
1030133,21,12,11001143,3,25.8909674,5
1030136,21,12,11001143,3,23.9590739,5
1030141,53,18,11001191,3,24.6942724,2
1030145,53,18,11001191,3,27.0560288,12
1030147,53,18,11001191,3,24.6942724,2
1030150,53,18,11001191,3,29.6783451,4
1030172,815,19,11001188,1,20.4331491,3
1030177,815,19,11001188,1,20.2820627,3
1030185,812,5,11001185,2,23.4317211,8
1030188,812,5,11001185,2,20.432419,4
1030193,86,7,11001120,2,56.205666,4
1030194,803,1,11001176,6,29.9368299,3
1030216,815,19,11001188,1,25.8196193,4
1030219,815,19,11001188,1,19.2286904,8
1030220,815,19,11001188,1,27.4168514,4
1030221,815,19,11001188,1,26.4612584,4
1030237,815,19,11001188,1,16.1237113,5
1030238,815,19,11001188,1,23.2126655,12
1030239,815,19,11001188,1,22.6196244,4
1030240,815,19,11001188,1,18.5755901,3
1030241,815,19,11001188,1,18.5976014,3
1030245,815,19,11001188,1,26.433437,4
1030248,18,11,11001109,2,42.1144514,6
1030271,98,12,11001142,3,18.5383547,3
1030273,42,6,11001172,3,90.0561726,3
1030275,42,6,11001172,3,105.7236596,8
1030296,42,6,11001172,3,80.0499312,3
1030299,57,5,11001129,2,69.4066894,3
1030301,57,5,11001129,2,38.9028622,6
1030303,57,5,11001129,2,60.928085,2
1030304,57,5,11001129,2,46.5658047,6
1030306,57,5,11001129,2,38.9028622,3
1030307,57,5,11001129,2,70.1488548,4
1030308,57,5,11001129,2,69.8645182,4
1030315,25,11,11001196,3,16.5947153,2
1030335,39,18,11001155,3,39.0060819,18
1030341,72,10,11001105,3,35.4499794,4
1030375,9,1,11001194,3,53.220539,3
1030382,23,11,11001112,4,25.0496612,3
1030385,53,18,11001191,3,23.1058159,3
1030386,53,18,11001191,3,33.1237414,6
1030389,53,18,11001191,3,27.5676338,10
1030391,53,18,11001191,3,24.6942724,2
1030411,34,4,11001101,3,31.0663677,10
1030415,26,10,11001140,3,55.4713617,5
1030426,72,10,11001105,3,42.9806227,4
1030429,89,2,11001160,2,5.5780627,2
1030432,89,2,11001160,2,7.970242,8
1030434,89,2,11001160,2,8.8229936,8
1030435,89,2,11001160,2,6.7157428,6
1030436,89,2,11001160,2,6.4682721,8
1030437,89,2,11001160,2,5.3489009,4
1030438,89,2,11001160,2,7.0221879,4
1030443,89,2,11001160,2,6.3778879,2
1030445,89,2,11001160,1,7.5422941,8
1030448,72,10,11001105,3,41.1333478,3
1030450,72,10,11001105,3,40.1776781,10
1030456,72,10,11001105,3,39.0169799,8
1030482,34,4,11001101,2,35.6019892,4
1030496,34,4,11001101,2,31.3990026,4
1030497,66,19,11001159,2,39.741837,8
1030499,34,4,11001101,3,32.766124,4
1030504,77,9,11001173,2,28.1599514,8
1030505,77,9,11001173,2,52.3435866,3
1030506,77,9,11001173,3,29.9777332,4
1030511,77,9,11001173,2,28.6796164,5
1030804,100,13,11001126,4,14.781513,3
1030822,77,9,11001173,2,27.0774259,3
1030828,53,18,11001191,3,22.0067439,3
1030830,53,18,11001191,3,20.0023607,2
1030831,77,9,11001173,2,31.9174826,5
1030832,53,18,11001191,3,29.2463813,3
1030833,53,18,11001191,3,24.6942724,2
1030837,77,9,11001173,2,29.648829,8
1030840,89,2,11001160,2,7.970242,4
1030847,89,2,11001160,2,5.8155864,4
1030850,89,2,11001160,2,6.7116742,3
1030854,89,2,11001160,2,5.2584234,3
1030855,89,2,11001160,2,7.2880911,2
1030875,11,1,11001158,2,21.0165874,3
1030876,11,1,11001158,2,22.9417153,8
1030879,11,1,11001158,2,22.3194517,10
1030880,11,1,11001158,2,24.9946729,3
1030882,70,19,11001132,1,47.6074223,4
1030884,70,19,11001132,1,32.9911632,8
1030886,70,19,11001132,1,30.2309644,4
1030900,89,2,11001160,2,5.0289983,3
1030901,89,2,11001160,2,7.9307202,4
1030904,89,2,11001160,2,5.8727149,3
1030906,76,9,11001125,2,22.1000361,5
1030908,76,9,11001125,2,30.6509148,5
1030910,32,4,11001157,2,34.9498813,5
1030911,32,4,11001157,2,41.2328675,6
1030915,32,4,11001157,2,33.4489012,4
1030918,76,9,11001125,3,12.4290824,12
1030922,54,18,11001148,2,57.5241018,4
1030931,54,18,11001148,2,39.789195,8
1030932,54,18,11001148,2,19.7627136,3
1030934,34,4,11001101,2,34.0367507,4
1030943,34,4,11001101,2,29.2887118,12
1030952,34,4,11001101,2,17.393727,3
1030957,62,6,11001171,2,16.9989086,12
1030960,70,19,11001132,1,48.1921005,3
1030961,70,19,11001132,1,33.2913298,3
1030963,70,19,11001132,1,35.893275,4
1030966,70,19,11001132,1,33.2730959,3
1030968,70,19,11001132,1,42.0323251,8
1030969,70,19,11001132,1,30.4861684,3
1030975,32,4,11001157,2,49.5027452,8
1030976,32,4,11001157,2,38.8579513,4
1030986,32,4,11001157,2,45.4327103,10
1030988,32,4,11001157,2,51.1244607,4
1030990,32,4,11001157,2,36.2401585,4
1030991,32,4,11001157,2,41.7459801,3
1030992,32,4,11001157,2,54.8242559,3
1030994,32,4,11001157,2,54.0284347,3
1031003,96,3,11001146,2,13.2796344,4
1031005,29,10,11001149,3,41.6182647,3
1031011,58,5,11001117,2,34.6306328,5
1031018,58,5,11001117,2,28.62485,2
1031022,58,5,11001117,2,27.0140479,2
1031036,29,10,11001149,3,29.5098283,4
1031040,96,3,11001146,2,21.0459146,3
1031041,96,3,11001146,2,17.5248405,2
1031043,96,3,11001146,2,17.2106366,14
1031049,30,10,11001108,3,65.9286289,10
1031054,29,10,11001149,3,46.2611829,6
1031058,96,3,11001146,1,34.7999595,15
1031062,62,6,11001171,2,15.7939802,3
1031064,116,10,11001197,3,6.5808835,8
1031070,70,19,11001132,1,25.5431135,6
1031071,70,19,11001132,1,37.3585901,4
1031072,70,19,11001132,1,31.5654736,3
1031075,34,4,11001101,2,19.4319772,4
1031081,34,4,11001101,2,44.6198237,4
1031082,34,4,11001101,2,26.4308608,4
1031085,34,4,11001101,2,22.5695439,4
1031086,34,4,11001101,2,32.375668,5
1031087,34,4,11001101,2,41.0474947,28
1031089,34,4,11001101,2,49.677263,10
1031091,34,4,11001101,2,24.430057,4
1031094,34,4,11001101,2,21.1173059,4
1031098,84,7,11001107,2,80.6012978,3
1031099,84,7,11001107,2,92.9543521,2
1031100,84,7,11001107,2,91.1601188,3
1031105,84,7,11001107,2,118.1575067,10
1031112,101,13,11001165,4,14.3030525,2
1031127,58,5,11001117,1,49.297006,6
1031129,58,5,11001117,1,29.1506188,8
1031131,58,5,11001117,1,42.3835081,20
1031146,83,8,11001141,1,10.1453627,2
1031153,815,19,11001188,1,29.1070501,3
1031154,815,19,11001188,1,16.7677358,8
1031159,83,8,11001141,1,10.9130463,3
1031164,83,8,11001141,1,16.8762,10
1031165,83,8,11001141,1,15.6397859,12
1031178,48,8,11001167,3,69.9899788,4
1031185,9,1,11001194,3,59.073637,4
1031196,9,1,11001194,3,85.7448268,4
1031203,58,5,11001117,2,58.4248827,18
1031205,58,5,11001117,2,34.6306328,5
1031207,58,5,11001117,1,34.3397358,8
1031208,58,5,11001117,2,46.9871322,5
1031243,11,1,11001158,2,22.2741706,8
1031256,39,18,11001155,3,27.1012162,10
1031259,811,5,11001184,1,28.7201817,12
1031263,26,10,11001140,3,39.5581691,5
1031268,39,18,11001155,3,30.0871329,10
1031286,816,2,11001189,2,15.8401511,3
1031290,34,4,11001101,2,62.0308012,10
1031293,34,4,11001101,2,23.7377946,3
1031296,34,4,11001101,2,42.8902771,2
1031297,34,4,11001101,2,32.6228539,3
1031309,811,5,11001184,1,29.2769183,4
1031323,94,17,11001134,2,7.9105504,8
1031351,38,15,11001156,3,30.0260383,8
1031354,89,2,11001160,2,5.6238018,4
1031371,47,8,11001133,3,43.6901693,4
1031379,26,10,11001140,3,41.1004003,4
1031380,26,10,11001140,3,49.7616697,3
1031382,26,10,11001140,3,75.1790483,8
1031384,89,2,11001160,2,7.0298026,5
1031394,89,2,11001160,2,7.7603824,5
1031395,89,2,11001160,2,8.5442036,3
1031401,89,2,11001160,2,9.8111596,18
1031406,89,2,11001160,2,9.9628025,8
1031408,89,2,11001160,2,8.0853402,8
1031409,89,2,11001160,2,8.9665223,8
1031411,813,9,11001186,3,8.3811265,7
1031413,813,9,11001186,3,7.7193187,2
1031419,89,2,11001160,2,8.6573004,8
1031423,112,9,11001130,4,16.2806106,10
1031425,112,9,11001130,4,30.0573811,4
1031426,112,9,11001130,4,17.7846082,3
1031433,55,18,11001119,1,25.4065141,2
1031438,55,18,11001119,2,24.4298646,2
1031446,89,2,11001160,2,7.562467,12
1031454,89,2,11001160,2,7.6953782,4
1031483,70,19,11001132,1,66.5826597,3
1031485,76,9,11001125,2,15.198124,6
1031486,89,2,11001160,2,9.3888409,15
1031714,62,6,11001171,2,8.5318398,2
1031727,39,18,11001155,3,38.3615957,10
1031730,70,19,11001132,1,38.056567,10
1031733,812,5,11001185,2,25.1855518,2
1031736,84,7,11001107,2,78.1438069,4
1031737,84,7,11001107,2,120.6818353,8
1031760,48,8,11001167,3,62.9091614,5
1031762,48,8,11001167,3,70.9444481,3
1031780,38,15,11001156,3,18.5442183,5
1031782,70,19,11001132,1,25.1317097,12
1031784,62,6,11001171,2,18.2052125,3
1031799,812,5,11001185,2,28.8461906,4
1031800,812,5,11001185,2,25.6893515,3
1031809,34,4,11001101,2,32.7789087,3
1031816,96,3,11001146,2,10.6693397,14
1031826,58,5,11001117,1,38.0036609,8
1031846,84,7,11001107,2,82.8523891,2
1031849,84,7,11001107,2,121.9442713,3
1031855,84,7,11001107,2,81.0232273,10
1031856,812,5,11001185,2,27.2925384,3
1031873,24,11,11001152,5,39.5230514,4
1031881,11,1,11001158,2,30.9773316,6
1031889,26,10,11001140,3,54.8474241,4
1031890,26,10,11001140,3,51.0123746,2
1031891,26,10,11001140,3,54.7379941,3
1031896,26,10,11001140,3,54.8474241,4
1031906,44,8,11001102,4,31.3528626,3
1031922,83,8,11001141,1,11.9671832,18
1031926,32,4,11001157,2,55.7693967,8
1031928,32,4,11001157,2,45.1245855,3
1031931,32,4,11001157,2,53.795105,8
1031932,32,4,11001157,2,43.1361954,2
1031935,32,4,11001157,2,40.6121269,6
1031936,32,4,11001157,2,45.0959913,3
1031937,32,4,11001157,2,46.9518749,5
1031940,32,4,11001157,2,59.4860017,10
1031941,32,4,11001157,2,57.9143735,4
1031949,815,19,11001188,1,30.2083925,32
1031952,83,8,11001141,1,13.0677954,6
1031953,83,8,11001141,1,12.9977736,3
1031958,76,9,11001125,2,29.2931616,8
1031967,43,16,11001161,3,26.2912347,5
1031968,43,16,11001161,3,30.780184,4
1031970,43,16,11001161,3,38.3018725,6
1031974,812,5,11001185,2,30.6609603,4
1031975,812,5,11001185,2,27.1216626,3
1031982,81,8,11001128,2,20.0519163,4
1031989,78,8,11001168,2,15.3428094,3
1031997,81,8,11001128,2,10.5825255,10
1032007,26,10,11001140,3,37.6762716,6
1032028,803,1,11001176,6,24.6872777,5
1032038,35,15,11001113,2,18.6698625,4
1032040,38,15,11001156,3,26.6792952,3
1032043,38,15,11001156,3,31.7546503,24
1032044,38,15,11001156,3,33.2115957,8
1032046,34,4,11001101,3,21.7098793,6
1032051,33,4,11001163,3,19.9442164,3
1032076,72,10,11001105,3,46.3570348,22
1032088,83,8,11001141,2,15.9621066,2
1032089,65,19,11001104,3,43.6225627,3
1032090,48,8,11001167,3,55.1354974,4
1032097,809,16,11001182,3,5.451466,4
1032101,809,16,11001182,2,4.9109758,2
1032105,809,16,11001182,2,7.0751832,3
1032106,809,16,11001182,2,7.0751832,6
1032110,62,6,11001171,2,23.2842497,6
1032122,77,9,11001173,2,26.8584694,2
1032140,62,6,11001171,2,29.142704,3
1032150,62,6,11001171,2,19.3796484,8
1032151,62,6,11001171,2,17.8618578,4
1032155,62,6,11001171,2,17.3091552,6
1032162,11,1,11001158,3,28.9768478,15
1032173,42,6,11001172,3,58.9536074,12
1032341,76,9,11001125,3,12.1402121,3
1032353,28,11,11001122,2,120.0287481,5
1032369,57,5,11001129,2,43.3078912,2
1032386,29,10,11001149,3,55.8808533,4
1032387,29,10,11001149,3,52.1615448,2
1032388,29,10,11001149,3,45.1582149,2
1032397,29,10,11001149,2,51.519104,10
1032398,29,10,11001149,2,63.0754231,6
1032410,73,10,11001127,3,67.0516785,4
1032414,52,5,11001135,1,11.2851876,4
1032419,52,5,11001135,1,9.6823728,8
1032422,52,5,11001135,1,10.4378211,5
1032424,52,5,11001135,1,9.4122405,3
1032425,52,5,11001135,1,9.6239372,3
1032426,52,5,11001135,1,9.2812057,6
1032427,52,5,11001135,1,8.5546108,3
1032429,52,5,11001135,1,7.3560689,8
1032435,73,10,11001127,3,89.7318151,5
1032436,65,19,11001104,3,32.9106348,5
1032455,39,18,11001155,3,41.2124508,5
1032466,76,9,11001125,3,10.227478,2
1032471,39,18,11001155,3,37.628393,4
1032473,82,8,11001153,1,39.8474521,3
1032474,82,8,11001153,2,37.7667137,14
1032478,82,8,11001153,2,55.8015558,3
1032479,82,8,11001153,2,51.2427349,8
1032480,82,8,11001153,2,48.3346761,4
1032481,82,8,11001153,2,55.5912589,14
1032487,65,19,11001104,3,30.5357939,3
1032488,39,18,11001155,3,30.9284256,3
1032502,48,8,11001167,3,60.1870184,5
1032534,62,6,11001171,2,14.4381674,4
1032540,41,16,11001151,3,21.5675848,3
1032543,39,18,11001155,3,47.3153417,3
1032548,815,19,11001188,1,29.1070501,3
1032551,815,19,11001188,1,27.9223882,3
1032554,815,19,11001188,1,15.5375429,6
1032573,29,10,11001149,3,77.6122963,8
1032574,29,10,11001149,3,69.6912808,4
1032582,73,10,11001127,3,88.9017604,8
1032588,19,11,11001121,3,40.5439617,5
1032589,39,18,11001155,3,43.9490788,4
1032612,809,16,11001182,1,15.2219978,2
1032619,41,16,11001151,3,27.7944662,3
1032626,78,8,11001168,2,12.9849371,3
1032631,21,12,11001143,4,22.8959443,4
1032638,41,16,11001151,3,31.1089488,4
1032640,94,17,11001134,1,6.7552668,4
1032648,47,8,11001133,3,42.324866,8
1032689,83,8,11001141,1,16.5633295,4
1032693,83,8,11001141,1,13.6197834,4
1032699,82,8,11001153,2,42.8363753,10
1032700,82,8,11001153,2,45.4982659,8
1032701,82,8,11001153,2,46.5602298,5
1032702,82,8,11001153,2,55.0584848,5
1032707,82,8,11001153,2,55.7758457,5
1032715,36,18,11001192,3,21.4167522,2
1032717,83,8,11001141,1,15.5078402,4
1032718,83,8,11001141,1,15.5681448,3
1032720,83,8,11001141,1,14.0629802,4
1032721,83,8,11001141,1,15.5078402,4
1032723,57,5,11001129,2,53.8579997,3
1032724,57,5,11001129,2,52.0383735,4
1032725,102,14,11001138,2,26.1223316,8
1032726,102,14,11001138,3,26.1223316,4
1032728,102,14,11001138,3,30.2271693,4
1032736,54,18,11001148,2,19.7627136,6
1032740,55,18,11001119,2,30.4332335,2
1032742,55,18,11001119,2,37.195133,8
1032746,35,15,11001113,3,7.9265353,10
1032752,9,1,11001194,2,62.3663891,8
1032754,26,10,11001140,3,44.8785031,3
1032773,35,15,11001113,3,12.7980388,2
1032774,102,14,11001138,3,29.0145857,18
1032776,102,14,11001138,3,34.0347988,3
1032780,95,3,11001139,2,4.453667,8
1032784,95,3,11001139,2,6.9690912,5
1032789,95,3,11001139,2,3.5789379,4
1032800,114,9,11001150,4,17.9503798,5
1032801,815,19,11001188,1,19.2286904,4
1032804,815,19,11001188,1,27.7142744,3
1032806,815,19,11001188,2,20.2048015,3
1032807,815,19,11001188,2,22.0348336,3
1032808,815,19,11001188,2,22.7204612,8
1032816,813,9,11001186,3,14.064217,15
1032821,815,19,11001188,1,23.4060888,5
1032823,83,8,11001141,2,17.0146241,4
1032826,83,8,11001141,2,12.626218,4
1032828,83,8,11001141,2,18.0081895,4
1032829,83,8,11001141,2,14.9558522,3
1032832,83,8,11001141,2,15.498123,6
1032840,45,8,11001111,2,40.2262685,3
1032849,815,19,11001188,1,22.0348336,3
1032864,62,6,11001171,2,15.7703215,2
1032867,62,6,11001171,2,17.4856224,3
1032877,41,16,11001151,3,24.0405695,5
1032879,809,16,11001182,3,5.451466,8
1032887,41,16,11001151,3,23.2576712,3
1032908,42,6,11001172,3,55.289181,3
1032918,39,18,11001155,3,38.6102327,4
1032955,78,8,11001168,2,14.1050104,4
1032961,41,16,11001151,3,28.4562773,4
1032972,42,6,11001172,3,115.4754972,8
1032973,42,6,11001172,3,59.7320383,2
1032974,42,6,11001172,2,111.5105315,6
1032976,42,6,11001172,3,43.5344801,2
1032978,42,6,11001172,3,75.071078,2
1032982,62,6,11001171,2,21.9032243,2
1032999,69,19,11001131,2,85.6479245,6
1033003,69,19,11001131,2,73.1394028,3
1033006,66,19,11001159,2,19.3922241,5
1033015,69,19,11001131,2,51.7364956,4
1033024,69,19,11001131,2,86.6520596,4
1033025,54,18,11001148,2,19.7627136,3
1033029,54,18,11001148,2,29.0346773,8
1033032,37,14,11001162,3,18.4708447,3
1033037,58,5,11001117,1,27.3052236,6
1033052,55,18,11001119,1,28.4181238,3
1033053,55,18,11001119,1,32.9467307,4
1033054,55,18,11001119,1,45.5190057,10
1033057,69,19,11001131,2,88.3180784,10
1033061,30,10,11001108,3,53.7634523,14
1033077,30,10,11001108,3,68.0698488,4
1033079,30,10,11001108,3,46.9663028,8
1033085,58,5,11001117,2,36.4952967,8
1033087,58,5,11001117,1,33.7098543,6
1033088,58,5,11001117,1,31.5057485,6
1033089,58,5,11001117,1,33.0799729,2
1033090,58,5,11001117,1,43.2483498,3
1033114,116,10,11001197,3,6.9486441,4
1033115,116,10,11001197,3,7.1716288,2
1033132,48,8,11001167,2,84.0429893,3
1033133,48,8,11001167,2,47.8875024,6
1033141,85,7,11001106,2,103.1390082,3
1033149,85,7,11001106,2,69.23535,3
1033153,48,8,11001167,2,53.6277177,6
1033155,803,1,11001176,5,31.5706042,2
1033166,48,8,11001167,2,56.7647068,2
1033178,38,15,11001156,3,31.6128748,10
1033182,38,15,11001156,3,26.0084608,3
1033205,38,15,11001156,3,27.8738905,3
1033206,38,15,11001156,3,33.1269918,8
1033649,38,15,11001156,3,32.7618164,10
1033669,38,15,11001156,3,18.486033,5
1033680,24,11,11001152,3,50.7737259,16
1033681,24,11,11001152,3,44.0762642,3
1033682,24,11,11001152,5,34.8085275,3
1033685,98,12,11001142,3,17.6603271,4
1033692,98,12,11001142,3,15.422427,8
1033695,11,1,11001158,1,33.5848337,7
1033709,27,11,11001164,3,56.6279103,5
1033724,69,19,11001131,2,74.889596,18
1033725,98,12,11001142,3,16.8728042,5
1033734,37,14,11001162,3,18.3878694,3
1033735,37,14,11001162,3,13.753029,3
1033742,95,3,11001139,2,5.2161052,4
1033747,39,18,11001155,3,44.4208689,3
1033756,37,14,11001162,3,22.3288325,8
1033758,37,14,11001162,3,15.8866627,3
1033762,37,14,11001162,3,25.0046466,8
1033769,69,19,11001131,3,66.4975902,4
1033770,69,19,11001131,3,98.0022943,12
1033775,27,11,11001164,3,79.0775645,8
1033782,27,11,11001164,2,47.2515222,5
1033783,27,11,11001164,2,74.3821571,8
1033786,83,8,11001141,1,9.0558202,3
1033799,83,8,11001141,1,13.2582715,6
1033800,83,8,11001141,1,15.5794813,15
1033801,69,19,11001131,3,58.7910881,8
1033813,96,3,11001146,2,20.819781,3
1033814,96,3,11001146,2,15.6273341,5
1033816,95,3,11001139,2,10.3790055,3
1033817,815,19,11001188,1,22.0054589,6
1033820,815,19,11001188,1,15.8924493,3
1033822,815,19,11001188,1,19.7472911,8
1033823,815,19,11001188,1,18.2575134,8
1033827,815,19,11001188,1,14.9865922,2
1033833,815,19,11001188,2,24.8815868,8
1033834,815,19,11001188,1,27.1878036,24
1033842,75,9,11001124,3,54.6836105,3
1033844,75,9,11001124,3,46.571446,6
1033846,75,9,11001124,3,47.363869,4
1033861,82,8,11001153,2,35.7558197,3
1033870,48,8,11001167,2,63.3128422,8
1033872,48,8,11001167,2,43.653469,8
1033875,70,19,11001132,1,46.2250194,6
1033879,23,11,11001112,5,25.8894339,2
1033888,815,19,11001188,1,32.7698959,8
1033896,803,1,11001176,6,56.4847322,2
1033902,45,8,11001111,2,36.7400126,2
1033903,45,8,11001111,2,34.3816076,6
1033908,815,19,11001188,2,20.4331491,3
1033909,815,19,11001188,1,29.1070501,3
1033910,815,19,11001188,2,39.3479171,3
1033924,23,11,11001112,2,36.8245733,4
1033935,83,8,11001141,2,12.0886635,12
1033936,83,8,11001141,2,13.650614,4
1033943,42,6,11001172,2,69.2108685,3
1033945,42,6,11001172,3,119.0180841,4
1033946,42,6,11001172,2,102.165049,12
1033953,52,5,11001135,0,10.7246094,4
1033955,52,5,11001135,1,11.1876677,8
1033964,52,5,11001135,1,9.6536941,8
1033967,52,5,11001135,1,7.8960884,6
1033968,52,5,11001135,1,9.6521055,8
1033969,52,5,11001135,0,9.8877991,5
1033970,52,5,11001135,1,10.0750587,4
1033973,52,5,11001135,1,10.1287977,4
1033978,52,5,11001135,1,7.9351218,3
1033989,83,8,11001141,2,14.5142748,8
1033992,83,8,11001141,2,17.6269167,8
1033994,83,8,11001141,2,16.1314693,12
1033996,53,18,11001191,2,26.2251995,10
1033997,53,18,11001191,2,20.1197597,2
1034002,53,18,11001191,2,24.6309203,12
1034004,53,18,11001191,2,23.8303564,10
1034005,53,18,11001191,2,44.2286811,2
1034009,83,8,11001141,2,15.5681448,6
1034010,83,8,11001141,2,12.5215268,8
1034011,83,8,11001141,2,13.0175346,10
1034025,85,7,11001106,2,84.1664491,3
1034029,85,7,11001106,2,102.4114589,8
1034038,53,18,11001191,2,23.6686416,3
1034041,53,18,11001191,2,17.6012098,2
1034047,53,18,11001191,2,25.3756947,3
1034059,39,18,11001155,3,50.3549489,6
1034062,39,18,11001155,3,42.4702908,2
1034066,811,5,11001184,1,23.7294725,8
1034067,811,5,11001184,1,25.003529,3
1034090,811,5,11001184,1,27.2593247,21
1034091,77,9,11001173,2,32.1057863,3
1034142,77,9,11001173,2,28.8423843,2
1034150,101,13,11001165,4,12.6591282,3
1034154,42,6,11001172,2,84.9384659,12
1034165,54,18,11001148,2,26.619523,3
1034169,47,8,11001133,3,34.3719796,6
1034172,29,10,11001149,3,53.9689532,2
1034178,29,10,11001149,2,56.6689331,4
1034190,76,9,11001125,3,11.4797185,3
1034206,47,8,11001133,3,47.1271877,4
1034234,78,8,11001168,2,13.2137035,4
1034237,78,8,11001168,2,12.9849371,3
1034245,82,8,11001153,1,39.8622385,6
1034247,82,8,11001153,2,51.2427349,8
1034251,45,8,11001111,2,47.4296689,3
1034262,815,19,11001188,1,24.8815868,8
1034263,815,19,11001188,1,35.0116778,10
1034266,11,1,11001158,2,25.8375849,8
1034270,11,1,11001158,2,31.4635559,5
1034274,76,9,11001125,2,13.4448456,5
1034282,20,11,11001195,5,25.3943873,3
1034283,76,9,11001125,2,12.3128648,21
1034610,76,9,11001125,2,17.9029041,3
1034615,66,19,11001159,2,23.4216878,3
1034622,45,8,11001111,2,43.8137372,6
1034624,45,8,11001111,2,32.8673708,8
1034626,45,8,11001111,2,34.9284097,3
1034627,45,8,11001111,2,61.8659588,6
1034628,44,8,11001102,3,30.9070145,2
1034635,54,18,11001148,2,19.7627136,4
1034642,54,18,11001148,2,19.7627136,6
1034646,83,8,11001141,2,16.7828213,5
1034647,83,8,11001141,2,14.0995087,10
1034651,62,6,11001171,2,18.3438036,4
1034662,48,8,11001167,2,54.0371492,8
1034669,34,4,11001101,3,36.6827664,2
1034671,55,18,11001119,2,34.4399379,4
1034692,48,8,11001167,2,37.6598736,4
1034693,48,8,11001167,2,58.0351454,4
1034694,11,1,11001158,1,31.7813696,5
1034697,33,4,11001163,3,21.4672955,12
1034713,30,10,11001108,3,59.0064014,5
1034749,26,10,11001140,3,52.0470334,4
1034752,32,4,11001157,2,37.1270589,4
1034754,32,4,11001157,2,31.8348627,2
1034758,809,16,11001182,2,9.6177886,10
1034759,809,16,11001182,1,5.451466,6
1034762,33,4,11001163,2,18.9489492,4
1034769,95,3,11001139,2,13.2931664,8
1034778,34,4,11001101,3,26.5783153,2
1034779,33,4,11001163,2,24.4640008,8
1034782,82,8,11001153,2,30.8253795,3
1034783,82,8,11001153,2,46.6648881,8
1034787,82,8,11001153,2,40.0128452,3
1034791,82,8,11001153,2,47.3497767,6
1034792,82,8,11001153,2,70.1255962,4
1034809,9,1,11001194,3,33.6830844,4
1034818,12,1,11001170,3,19.470226,6
1034825,94,17,11001134,2,7.7942745,8
1034828,94,17,11001134,2,7.6590598,3
1034831,95,3,11001139,2,8.7166166,2
1034834,83,8,11001141,1,17.0146241,4
1034839,82,8,11001153,2,51.4036503,5
1034845,82,8,11001153,2,39.0267705,2
1034847,804,1,11001177,3,17.5534591,12
1034848,11,1,11001158,2,28.9274942,4
1034855,11,1,11001158,3,33.8828849,12
1034860,11,1,11001158,3,22.3516769,6
1034868,809,16,11001182,3,5.4478911,3
1034870,809,16,11001182,3,13.699798,2
1034871,809,16,11001182,3,3.8160262,8
1034889,32,4,11001157,2,38.1393718,8
1034890,32,4,11001157,3,28.9148794,5
1034899,9,1,11001194,3,72.8652092,8
1034900,62,6,11001171,2,14.9556095,2
1034904,807,12,11001180,4,29.3324961,4
1034916,65,19,11001104,3,44.7630411,3
1034954,66,19,11001159,2,17.3958187,18
1034958,54,18,11001148,2,32.1118363,6
1034960,54,18,11001148,2,25.315728,6
1034971,815,19,11001188,2,14.0359935,6
1034973,24,11,11001152,5,30.336666,2
1034974,24,11,11001152,4,41.2848144,2
1034980,50,4,11001136,2,42.5302906,3
1034986,50,4,11001136,2,45.8631418,8
1034991,50,4,11001136,2,31.6894754,15
1035006,55,18,11001119,2,26.3046,4
1035019,28,11,11001122,3,104.1606845,3
1035020,28,11,11001122,3,104.1606845,3
1035022,28,11,11001122,3,128.8300958,3
1035025,55,18,11001119,2,19.4644335,10
1035026,11,1,11001158,1,25.2795991,6
1035027,11,1,11001158,1,35.1674198,8
1035028,11,1,11001158,1,20.8439265,7
1035030,28,11,11001122,3,150.0124009,8
1035037,47,8,11001133,3,33.3705761,4
1035038,36,18,11001192,3,35.2035944,2
1035040,116,10,11001197,3,7.7968306,4
1035050,66,19,11001159,2,30.9613637,8
1035052,66,19,11001159,2,36.7719769,4
1035056,66,19,11001159,2,11.5630441,10
1035058,66,19,11001159,2,32.3665164,4
1035059,66,19,11001159,2,35.0988943,4
1035062,66,19,11001159,2,12.6308359,8
1035068,66,19,11001159,2,21.9604678,3
1035073,66,19,11001159,2,23.0399363,10
1035075,66,19,11001159,2,25.4418651,2
1035080,66,19,11001159,2,24.7828248,5
1035085,66,19,11001159,2,27.8652273,8
1035088,66,19,11001159,2,42.9861026,5
1035092,76,9,11001125,2,11.6582325,4
1035101,28,11,11001122,2,145.7931383,3
1035113,28,11,11001122,2,130.5599081,3
1035119,47,8,11001133,3,45.3806386,4
1035124,24,11,11001152,5,51.6375771,5
1035133,24,11,11001152,4,50.474677,4
1035170,100,13,11001126,4,25.6769006,3
1035180,82,8,11001153,2,65.0017398,8
1035197,81,8,11001128,2,16.6709879,2
1035200,82,8,11001153,2,61.6620833,6
1035201,82,8,11001153,2,65.2666298,3
1035202,82,8,11001153,2,65.2666298,3
1035205,110,9,11001115,4,24.0615385,8
1035216,54,18,11001148,2,70.5525103,4
1035217,54,18,11001148,2,40.7307095,5
1035218,54,18,11001148,2,19.7627136,4
1035222,54,18,11001148,2,24.0358366,12
1035223,54,18,11001148,2,19.7627136,8
1035225,54,18,11001148,2,66.6401354,15
1035226,19,11,11001121,4,54.7343483,5
1035238,50,4,11001136,2,38.1028984,12
1035260,9,1,11001194,3,46.3267016,8
1035262,81,8,11001128,2,18.6924648,21
1035265,809,16,11001182,3,6.4134895,3
1035269,82,8,11001153,2,37.1208397,4
1035270,82,8,11001153,2,34.3011361,2
1035274,82,8,11001153,2,30.7133686,6
1035288,52,5,11001135,1,9.4905114,12
1035292,52,5,11001135,1,9.2671385,14
1035294,52,5,11001135,1,7.3560689,4
1035296,52,5,11001135,1,9.9184347,2
1035297,815,19,11001188,1,46.0770126,8
1035298,815,19,11001188,1,22.0068801,4
1035299,815,19,11001188,1,27.6462075,8
1035301,37,14,11001162,3,21.1607064,10
1035312,815,19,11001188,2,22.310269,3
1035313,815,19,11001188,1,26.4668337,6
1035314,815,19,11001188,1,32.7684607,3
1035327,35,15,11001113,3,12.3048393,8
1035335,78,8,11001168,2,13.3127767,4
1035339,78,8,11001168,2,11.030034,10
1035340,78,8,11001168,2,14.5165738,2
1035344,809,16,11001182,3,4.903102,3
1035364,809,16,11001182,3,3.4344236,8
1035365,809,16,11001182,1,5.451466,4
1035366,67,19,11001147,1,90.5815697,4
1035367,67,19,11001147,1,83.8349172,3
1035374,67,19,11001147,1,49.6730114,4
1035384,77,9,11001173,2,34.4647414,3
1035398,62,6,11001171,2,21.846255,3
1035408,808,13,11001181,4,20.339866,3
1035429,102,14,11001138,3,14.7960766,3
1035431,102,14,11001138,2,19.4333122,3
1035432,102,14,11001138,2,16.779851,8
1035435,102,14,11001138,3,21.5925691,3
1035441,37,14,11001162,3,13.091898,15
1035455,77,9,11001173,2,26.9112928,3
1035468,43,16,11001161,3,34.1190695,5
1035479,51,4,11001145,2,19.5713695,3
1035480,51,4,11001145,2,23.6261033,6
1035488,51,4,11001145,2,28.1134983,4
1035492,51,4,11001145,2,25.9852598,14
1035493,51,4,11001145,2,32.1097927,6
1035496,51,4,11001145,2,39.1800006,4
1035500,51,4,11001145,2,34.1103732,8
1035501,51,4,11001145,2,28.8359299,2
1035513,51,4,11001145,2,33.5912919,8
1035518,51,4,11001145,1,26.0922438,12
1035519,51,4,11001145,1,26.4945239,8
1035525,51,4,11001145,2,36.6264985,2
1035528,51,4,11001145,2,24.8577727,4
1035534,51,4,11001145,2,28.1383056,10
1035537,51,4,11001145,2,28.8999367,4
1035542,51,4,11001145,2,28.8359299,2
1035549,51,4,11001145,2,24.5467373,3
1035552,51,4,11001145,2,30.6752904,3
1035559,51,4,11001145,2,36.9241395,5
1035560,51,4,11001145,2,26.0555478,3
1035570,51,4,11001145,2,27.6630791,8
1035574,51,4,11001145,2,33.9416485,12
1035584,51,4,11001145,2,23.0658418,3
1035588,51,4,11001145,2,25.3470789,3
1035593,51,4,11001145,2,33.4067279,4
1035594,51,4,11001145,2,40.3701693,5
1035595,51,4,11001145,2,48.2215098,8
1035620,9,1,11001194,3,28.339721,6
1035621,9,1,11001194,3,38.5419843,3
1035624,96,3,11001146,2,29.5127289,3
1035630,9,1,11001194,3,66.8610286,10
1035631,809,16,11001182,3,10.3047735,5
1035632,76,9,11001125,2,16.6966883,3
1035637,53,18,11001191,2,42.6517527,12
1035638,53,18,11001191,2,31.5371709,2
1035639,53,18,11001191,2,25.3756947,3
1035645,53,18,11001191,2,32.975939,8
1035650,53,18,11001191,3,29.0117559,3
1035651,53,18,11001191,3,27.1688197,3
1035664,66,19,11001159,2,35.0595411,4
1035665,66,19,11001159,2,44.1808841,3
1035666,66,19,11001159,2,18.4446812,6
1035668,66,19,11001159,2,24.182139,14
1035670,66,19,11001159,2,20.8887501,3
1035672,66,19,11001159,2,39.251197,4
1035677,67,19,11001147,1,58.8805782,2
1035678,67,19,11001147,1,63.614084,6
1035681,67,19,11001147,1,62.6242951,8
1035683,67,19,11001147,1,50.8923679,8
1035686,9,1,11001194,3,59.0763113,4
1035687,32,4,11001157,2,44.0306598,8
1035689,812,5,11001185,2,25.6893515,3
1035692,813,9,11001186,3,9.7319823,2
1035703,33,4,11001163,2,28.0742716,15
1035711,50,4,11001136,2,50.0901781,24
1035714,50,4,11001136,2,42.0823292,3
1035716,50,4,11001136,2,34.3275329,3
1035717,50,4,11001136,2,34.9707095,4
1035719,50,4,11001136,2,27.884519,3
1035720,94,17,11001134,2,9.6455401,5
1035726,11,1,11001158,3,33.1629591,12
1035731,82,8,11001153,2,43.347249,3
1035736,82,8,11001153,2,45.4868732,4
1035747,809,16,11001182,3,8.2630211,4
1035748,812,5,11001185,2,22.088853,5
1035749,812,5,11001185,2,20.432419,4
1035755,85,7,11001106,2,103.0094907,8
1035757,85,7,11001106,2,113.8864721,4
1035760,85,7,11001106,2,113.8864721,4
1035762,85,7,11001106,2,96.9837689,5
1035765,85,7,11001106,2,88.4956504,18
1035776,85,7,11001106,2,79.0724578,8
1035783,26,10,11001140,3,60.8204372,3
1035785,26,10,11001140,3,58.5529126,4
1035787,26,10,11001140,3,36.4986029,4
1035789,26,10,11001140,3,78.5421957,6
1035795,802,8,11001175,3,60.4318187,2
1035806,98,12,11001142,3,45.3772053,4
1035807,98,12,11001142,3,34.7567213,2
1035811,11,1,11001158,2,24.3556549,8
1035820,813,9,11001186,3,16.3951767,6
1035827,809,16,11001182,3,5.4548136,7
1035833,12,1,11001170,3,14.2308889,10
1035834,12,1,11001170,3,23.9971546,5
1036203,,19,11001219,2,4.3264775,3
1036205,,19,11001219,1,4.779735,10
1036207,,19,11001219,1,3.9005023,3
1036219,,20,11001220,0,1.8046324,10
1036220,,20,11001220,1,1.8046324,4
1036224,,20,11001220,1,1.8046324,3
1036226,,20,11001220,1,1.8046324,3
1036227,,20,11001220,1,1.8046324,8
1036241,,20,11001220,1,1.8046324,8
1036243,,20,11001220,1,1.8046324,3
1036244,,20,11001220,1,1.8046324,4
1036249,,20,11001220,1,1.8046324,8
1036251,,20,11001220,1,1.8046324,5
1036264,,20,11001220,1,1.8046324,6
1036265,,20,11001220,,1.8046324,8
1036266,,20,11001220,1,1.8046324,8
1036269,,11,11001211,1,2.4825219,3
1036283,,20,11001220,0,1.8046324,4
1036285,,20,11001220,2,1.8046324,5
1036286,,20,11001220,1,1.8046324,3
1036287,,20,11001220,0,1.8046324,4
1036291,,20,11001220,1,1.8046324,8
1036293,,20,11001220,1,1.8046324,2
1036297,,20,11001220,1,1.8046324,8
1036298,,20,11001220,1,1.8046324,3
1036303,,20,11001220,1,1.8046324,3
1036305,,20,11001220,1,1.8046324,4
1036313,,20,11001220,1,1.8046324,8
1036314,,20,11001220,1,1.8046324,6
1036316,,20,11001220,1,1.8046324,2
1036317,,19,11001219,,6.6235746,4
1036322,,5,11001205,1,7.1330408,4
1036325,,5,11001205,1,5.3092711,12
1036329,,20,11001220,1,1.8046324,8
1036331,,20,11001220,1,1.8046324,4
1036332,,20,11001220,1,1.8046324,32
1036336,,20,11001220,1,1.8046324,15
1036340,,5,11001205,1,5.2074189,4
1036341,,20,11001220,1,1.8046324,3
1036343,,20,11001220,1,1.8046324,3
1036348,,20,11001220,1,1.8046324,6
1036357,,20,11001220,1,1.8046324,4
1036360,,20,11001220,1,1.8046324,3
1036367,,20,11001220,1,1.8046324,3
1036370,,19,11001219,1,6.4596887,24
1036373,,19,11001219,1,6.7589429,3
1036376,,19,11001219,1,4.3376969,10
1036383,,11,11001211,2,2.2694064,4
1036384,,5,11001205,2,8.0428784,5
1036388,,11,11001211,2,5.0673241,10
1036404,,20,11001220,,1.8046324,6
1036405,,20,11001220,1,1.8046324,6
1036412,,19,11001219,1,7.3129737,21
1036415,,20,11001220,1,1.8046324,3
1036418,,20,11001220,1,1.8046324,2
1036422,,11,11001211,2,3.7248507,45
1036425,,5,11001205,1,5.5193657,3
1036440,,20,11001220,1,1.8046324,2
1036447,,20,11001220,1,1.8046324,15
1036450,,20,11001220,1,1.8046324,6
1036451,,20,11001220,1,1.8046324,10
1036465,,20,11001220,1,1.8046324,18
1036499,,3,11001203,1,6.5541616,8
1036554,,2,11001202,1,1.6984925,12
1036590,,,25758200,3,4.157646,3
1036594,,,25758200,3,5.3874273,4
1036602,,,25758200,3,6.8006012,4
1036607,,,25758200,2,5.712505,4
1036616,,,25430100,2,51.041596,3
1036617,,,25430100,2,58.6729622,4
1036624,,,25899100,3,55.4628474,4
1036625,,,25899100,2,69.8291775,4
1036630,,,25740100,2,14.128127,6
1036636,,,25260100,2,11.1559266,4
1036644,,,25260100,2,16.8059494,4
1036645,,,25260100,3,14.9168756,4
1036649,,,25899100,2,70.2964942,10
1036651,,,25899100,2,75.3655965,8
1036660,,,25899100,3,26.5719791,8
1036664,,,25754100,2,355.6743676,6
1036667,,,25377100,2,10.7511359,15
1036682,,,25473100,2,72.9348167,3
1036687,,,25785100,3,2.9355107,4
1036688,,,25785100,3,4.4037774,3
1036691,,,25799100,2,8.5639016,8
1036700,,,25286100,3,57.1161008,3
1036708,,,25799100,2,5.4308532,12
1036716,,,25290100,3,77.337004,4
1036723,,,25260100,2,14.5606608,4
1036726,,,25260100,2,12.6458303,5
1036734,,,25740100,2,19.4902135,4
1036735,,,25740100,2,12.1388849,4
1036738,,,25740100,2,12.2935152,2
1036742,,,25740100,2,10.0605155,2
1036745,,,25290100,2,77.5147261,40
1036753,,,25214100,2,12.9831922,3
1036757,,,25758100,2,9.0053078,5
1036760,,,25214100,3,18.1029553,4
1036763,,,25214100,2,14.7677246,8
1036764,,,25758100,3,7.89612,10
1036779,,,25377200,3,5.8239245,3
1036797,,,25290100,2,49.5950368,2
1036804,,,25286100,2,44.2163004,3
1036811,,,25754200,1,3.7487017,10
1036813,,,25754200,1,3.4986194,8
1036815,,,25214100,2,14.1910048,12
1036820,,,25754200,1,1.3621227,3
1036822,,,25754200,1,2.4213542,3
1036829,,,25286200,2,1.131677,8
1036911,,,25286200,1,1.131677,8
1036913,,,25286200,2,1.131677,8
1036914,,,25286200,2,1.131677,10
1036916,,,25175200,2,9.7898987,4
1036920,,,25473100,2,54.3744005,8
1036937,,,25473100,2,69.3518688,3
1036958,,,25269100,3,55.0107038,4
1036959,,,25269100,3,58.7095004,3
1036968,,,25260100,2,14.2084181,3
1036975,,,25260100,2,10.8602614,4
1036983,,,25290100,2,62.6941198,4
1036992,,,25754100,2,248.2767449,5
1036994,,,25269100,3,54.4934027,3
1037000,,,25290100,2,50.336438,3
1037006,,,25754100,3,321.7086033,3
1037007,,,25754100,3,384.2619233,3
1037009,,,25290100,2,79.3614289,10
1037010,,,25290100,1,41.7795297,3
1037029,,,25430100,2,57.8694766,3
1037030,,,25430100,2,64.9677847,2
1037034,,,25430100,2,52.3788518,1
1037035,,,25430100,2,51.4094976,3
1037041,,,25269100,2,69.1606735,4
1037045,,,25126100,3,29.5420863,8
1037054,,,25430100,2,43.0974748,3
1037059,,,25430100,2,53.1720826,4
1037067,,,25430100,2,53.9915517,3
1037071,,,25430100,2,51.7252807,3
1037072,,,25817100,2,15.2989626,15
1037087,,,25175100,2,60.4538511,4
1037176,,,25260100,2,8.1526934,3
1037197,,,25286100,3,54.6828542,8
1037202,,,25286100,3,51.5856839,3
1037214,,,25754200,1,4.5098518,8
1037226,,,25473100,2,52.4644116,6
1037237,,,25269100,3,53.0111121,2
1037240,,,25754100,3,176.5977146,8
1037241,,,25754100,3,193.9283624,10
1037245,,,25290100,2,56.7825623,2
1037260,,,25758100,3,9.1196876,6
1037263,,,25769100,2,4.2341885,3
1037265,,,25769100,2,3.584816,5
1037266,,,25769100,2,3.9694711,2
1037267,,,25769100,2,5.559905,3
1037268,,,25754100,3,269.742779,2
1037270,,,25754100,3,280.8469649,8
1037271,,,25290100,3,120.4769924,3
1037274,,,25473200,2,1.1996481,5
1037275,,,25473200,2,1.1996481,2
1037282,,,25473200,1,1.1996481,2
1037284,,,25214100,2,7.7737031,12
1037290,,,25290100,2,85.5012338,4
1037291,,,25290100,3,59.8679165,4
1037298,,,25473200,1,1.1996481,4
1037305,,,25473200,1,1.1996481,3
1037307,,,25214100,1,11.6425019,18
1037308,,,25214100,2,16.6873337,10
1037318,,,25473200,1,1.1996481,4
1037319,,,25473200,1,1.1996481,3
1037322,,,25473200,1,1.1996481,2
1037324,,,25290100,2,86.7799692,3
1037328,,,25758200,2,8.1607214,8
1037330,,,25758200,2,5.070154,5
1037333,,,25758200,2,3.0296762,2
1037344,,,25758200,2,4.5999095,3
1037346,,,25758200,2,3.0834876,3
1037350,,,25899100,2,55.4966238,4
1037352,,,25899100,2,50.4557697,10
1037354,,,25899100,2,48.4392112,12
1037357,,,25899100,2,57.9946077,5
1037363,,,25754200,2,2.2639514,2
1037365,,,25899100,2,36.736491,6
1037366,,,25899100,2,67.7638496,10
1037368,,,25899100,2,40.5210104,12
1037369,,,25899100,2,44.6546918,3
1037379,,,25899100,3,50.8192729,4
1037380,,,25899100,3,22.4457597,3
1037381,,,25899100,3,55.197011,12
1037382,,,25899100,2,44.4222873,5
1037390,,,25754200,2,6.0703585,4
1037493,,,25785100,3,6.1688994,5
1037503,,,25099100,3,7.6572881,2
1037519,,,25473100,2,81.8818548,10
1037524,,,25799100,2,9.3850946,14
1037525,,,25799100,2,12.4042577,3
1037528,,,25473100,2,75.4191977,10
1037529,,,25473100,2,56.2810445,4
1037530,,,25473100,2,69.5854953,8
1037549,,,25473100,2,68.9428736,3
1037559,,,25740100,2,9.6552856,24
1037560,,,25740100,2,17.9771358,3
1037563,,,25290100,3,105.1878415,3
1037568,,,25758100,3,7.2907603,8
1037571,,,25290100,3,70.4501265,3
1037577,,,25175200,2,14.605159,5
1037578,,,25175200,2,12.927885,4
1037581,,,25799100,2,5.6205553,3
1037590,,,25740100,2,17.6812407,8
1037591,,,25269100,3,59.5412609,2
1037596,,,25269100,3,51.081028,8
1037610,,,25290100,3,49.5684757,4
1037613,,,25290100,2,66.1115889,8
1037618,,,25754100,3,351.4469681,2
1037619,,,25754100,3,281.7372375,4
1037621,,,25430100,1,47.4072648,8
1037622,,,25430100,2,46.2166365,2
1037635,,,25214100,2,13.2909521,4
1037636,,,25214100,2,8.6392885,6
1037637,,,25785100,3,4.0049142,2
1037640,,,25754100,3,351.4469681,2
1037645,,,25785100,3,6.67239,3
1037651,,,25754200,2,4.1052928,12
1037660,,,25126100,4,35.7455169,4
1037662,,,25126100,4,39.5426125,3
1037683,,,25430100,4,33.1717083,3
1037693,,,25473100,2,72.0971227,3
1037694,,,25214100,2,12.9398567,8
1037695,,,25214100,2,14.6813744,3
1037696,,,25214100,2,14.0327686,6
1037697,,,25290100,3,71.2510282,4
1037703,,,25740100,2,15.2885701,4
1037712,,,25269100,3,33.8563475,3
1037715,,,25269100,3,49.549949,4
1037721,,,25260100,2,19.3684262,4
1037728,,,25260100,2,19.3684262,4
1037745,,,25758100,3,9.8921193,5
1037748,,,25758100,3,11.631007,4
1037750,,,25473100,3,74.603664,21
1037751,,,25473100,3,83.8882269,8
1037759,,,25377200,1,10.3611271,3
1037763,,,25290100,2,87.0632035,8
1037772,,,25126100,2,25.544672,18
1037780,,,25817100,3,11.9076463,5
1037782,,,25754200,2,3.1155634,4
1037783,,,25269100,2,51.681002,10
1037784,,,25269100,1,58.2692734,3
1037787,,,25473200,1,1.1996481,6
1037789,,,25473200,1,1.1996481,10
1037793,,,25473200,1,1.1996481,4
1037794,,,25473200,1,1.1996481,10
1037796,,,25473200,2,1.1996481,4
1037809,,,25754100,3,299.5561952,8
1037839,,,25214100,2,17.882491,3
1037847,,,25214100,3,14.2102431,20
1037855,,,25214200,1,10.7887455,15
1037857,,,25214200,1,8.5019542,15
1037869,,,25214200,2,7.5546489,4
1037871,,,25214200,3,8.0804346,6
1037877,,,25799100,2,15.5794321,12
1037878,,,25799100,2,13.468699,4
1037880,,,25758100,3,10.8151032,7
1037883,,,25269100,3,42.6345708,2
1037885,,,25260100,2,22.1266206,5
1037888,,,25260100,3,9.8501141,15
1037889,,,25260100,2,6.7775991,5
1037890,,,25260100,2,17.0171601,4
1037893,,,25260100,2,8.8355883,12
1037904,,,25214100,3,12.3498915,5
1037907,,,25214100,2,12.4382468,4
1037916,,,25290100,2,38.5657197,3
1037927,,,25785100,3,4.3128706,4
1037929,,,25785100,3,7.3441581,4
1037930,,,25785100,2,4.4983673,5
1037936,,,25473100,2,38.5187408,5
1037939,,,25769100,2,5.9173758,4
1037942,,,25769100,2,6.0451459,8
1037943,,,25473100,2,46.4305919,6
1037945,,,25473100,2,51.7071552,3
1037946,,,25473100,2,56.889845,8
1037947,,,25473100,2,62.7834653,18
1037962,,,25126100,3,16.7827295,15
1037969,,,25799100,3,6.6488936,4
1037985,,,25214200,2,10.1820777,4
1037987,,,25214200,3,8.57823,8
1037997,,,25214200,2,5.7011918,8
1037998,,,25214200,2,7.5767891,6
1038002,,,25214200,1,10.1820777,4
1038006,,,25214200,1,8.57823,8
1038011,,,25740100,2,6.7502381,4
1038016,,,25758200,1,4.6177948,4
1038017,,,25758200,1,5.1160445,6
1038022,,,25758200,2,4.5999095,6
1038023,,,25758200,2,5.8290867,4
1038028,,,25785100,2,6.67239,3
1038031,,,25785100,3,6.0680518,2
1038046,,,25214100,2,14.7677246,8
1038054,,,25377200,1,15.0747997,8
1038060,,,25754200,2,3.9066266,15
1038062,,,25126100,2,26.6039404,8
1038063,,,25754200,1,3.4986194,4
1038066,,,25754200,1,2.6745952,3
1038070,,,25175200,4,10.9023246,10
1038079,,,25290100,4,62.3726651,4
1038084,,,25754100,2,291.8705982,10
1038090,,,25754200,2,3.778509,4
1038092,,,25754200,2,2.6150626,3
1038125,,,25473100,2,92.0233161,3
1038127,,,25473100,2,101.8261566,3
1038129,,,25473100,2,111.9720201,4
1038134,,,25175200,2,11.6056716,3
1038135,,,25175200,2,11.377588,2
1038140,,,25473100,2,63.5254651,5
1038142,,,25473100,3,62.5270362,3
1038147,,,25473100,2,39.5463712,4
1038150,,,25473100,2,52.3645823,4
1038153,,,25473100,2,56.1164984,6
1038155,,,25758100,3,8.0208023,6
1038158,,,25758100,2,12.8993577,8
1038159,,,25758100,2,10.2994034,10
1038169,,,25290100,3,66.1144705,3
1038170,,,25290100,3,58.1519451,2
1038171,,,25754100,3,330.7130773,24
1038174,,,25799100,1,11.2083968,6
1038176,,,25799100,2,11.5518032,4
1038178,,,25799100,2,6.8604342,8
1038179,,,25799100,2,2.9214395,8
1038182,,,25799100,2,5.6373668,3
1038189,,,25214100,2,9.7326156,15
1038192,,,25214100,2,10.8214823,2
1038211,,,25290100,2,58.3841942,3
1038214,,,25175100,2,62.6305244,8
1038216,,,25175100,2,60.0260565,6
1038221,,,25175100,2,68.8313367,8
1038222,,,25175100,2,65.1854749,5
1038225,,,25175100,2,45.8709963,8
1038226,,,25175100,2,65.5202774,4
1038227,,,25740100,2,9.0576161,3
1038235,,,25899100,2,59.8099186,3
1038236,,,25899100,2,58.9057083,6
1038242,,,25899100,2,40.4873179,8
1038243,,,25899100,2,46.392523,10
1038248,,,25899100,3,55.2935317,8
1038251,,,25899100,1,60.6025851,5
1038253,,,25175200,2,10.6215353,8
1038256,,,25175200,2,11.5494977,12
1038308,,,25286100,2,44.2163004,3
1038322,,,25175200,2,6.8861436,4
1038323,,,25175200,2,10.540805,3
1038324,,,25260100,2,14.5577459,3
1038328,,,25260100,2,10.6292949,5
1038333,,,25126100,2,44.3578101,3
1038334,,,25175200,2,9.8904928,6
1038367,,,25260100,2,15.0092246,8
1038369,,,25260100,2,9.6380386,8
1038374,,,25377100,2,6.4062654,8
1038375,,,25817100,2,9.4818463,3
1038380,,,25377200,1,14.4384584,18
1038381,,,25377200,1,18.222793,12
1038383,,,25377200,1,8.4802058,4
1038384,,,25377200,1,8.4802058,8
1038389,,,25473100,2,41.9694875,6
1038390,,,25473100,3,68.5089446,4
1038394,,,25126100,3,44.0470973,8
1038396,,,25754200,2,2.856874,2
1038402,,,25126100,3,24.0321111,5
1038408,,,25758100,3,12.8761514,7
1038416,,,25126100,3,32.3530466,3
1038428,,,25290100,4,40.5134323,5
1038440,,,25758100,3,16.4231943,6
1038441,,,25758100,2,11.935297,8
1038444,,,25754100,3,254.3712407,4
1038446,,,25473200,2,1.1996481,10
1038463,,,25473200,1,1.308707,15
1038464,,,25473200,2,1.308707,3
1038465,,,25740100,2,13.1700629,3
1038467,,,25740100,2,13.9313236,4
1038471,,,25740100,2,11.4288481,6
1038472,,,25740100,2,8.5322748,6
1038479,,,25126100,3,29.5420863,8
1038481,,,25290100,2,75.5913025,3
1038486,,,25758200,2,3.5554885,3
1038487,,,25758200,2,5.8265629,3
1038488,,,25758200,2,4.157646,3
1038511,,,25785100,3,4.8021926,8
1038519,,,25430100,2,32.7034852,5
1038528,,,25785100,3,4.3644181,5
1038529,,,25785100,2,4.0238542,4
1038533,,,25785100,2,3.9835312,3
1038534,,,25785100,2,4.5553541,12
1038541,,,25377200,3,8.2923328,3
1038542,,,25377200,2,7.252789,3
1038543,,,25377200,2,10.5827497,4
1038545,,,25377100,2,6.5698322,5
1038625,,,25754200,2,3.5661269,3
1038627,,,25473100,3,41.9360024,5
1038628,,,25473100,3,38.6638178,12
1038634,,,25473100,3,47.1818467,10
1038636,,,25175200,2,8.0374222,3
1038638,,,25175200,2,12.7458424,8
1038640,,,25473200,1,1.308707,8
1038642,,,25473200,1,1.308707,5
1038645,,,25269100,2,53.8250289,3
1038652,,,25473100,2,107.7809147,3
1038653,,,25214100,2,12.9240606,4
1038655,,,25214100,2,11.8638589,8
1038657,,,25214100,2,16.5876944,3
1038659,,,25126100,3,27.2748408,4
1038664,,,25126100,2,29.0065266,2
1038666,,,25126100,4,22.7246817,4
1038673,,,25754100,3,346.4500576,3
1038699,,,25799100,2,6.7626371,2
1038714,,,25899100,3,47.2799907,6
1038715,,,25899100,2,72.0947514,10
1038718,,,25899100,2,38.521077,5
1038719,,,25899100,2,61.6785667,4
1038720,,,25799100,2,4.8171242,4
1038723,,,25899100,2,30.6023317,4
1038729,,,25899100,2,50.2419243,8
1038731,,,25899100,2,65.1003483,10
1038732,,,25899100,2,55.8291568,10
1038733,,,25899100,2,38.3072315,4
1038741,,,25785100,2,3.0318991,4
1038743,,,25785100,2,3.9060062,4
1038745,,,25799100,3,5.5304617,3
1038749,,,25799100,2,8.7194057,8
1038754,,,25740100,2,16.5967573,2
1038755,,,25740100,2,12.5088301,8
1038763,,,25799100,,5.81565,16
1038764,,,25740100,2,10.0076933,8
1038766,,,25799100,2,5.3292558,16
1038767,,,25799100,2,4.1605454,4
1038779,,,25473100,2,69.5854953,8
1038781,,,25473100,2,51.3952607,3
1038783,,,25799100,3,3.1406021,12
1038810,,,25799100,1,8.1743987,18
1038814,,,25754200,2,2.470807,12
1038817,,,25754200,2,3.4986194,4
1038818,,,25269100,2,40.1444398,10
1038830,,,25286100,2,61.2160608,2
1038832,,,25286100,2,44.4995804,2
1038837,,,25286100,3,41.3577935,2
1038838,,,25286100,3,54.6828542,4
1038839,,,25377200,1,10.5827497,8
1038863,,,25785100,2,3.9437516,4
1038864,,,25785100,3,3.0012207,15
1038870,,,25785100,2,3.4952494,3
1038882,,,25269100,2,57.2594474,8
1038884,,,25269100,2,70.814941,3
1038897,,,25214200,2,10.2290929,10
1038898,,,25214200,4,9.2921643,5
1038905,,,25214200,2,8.9559025,15
1038913,,,25290100,3,48.6933088,2
1038919,,,25214200,3,10.1820777,4
1038924,,,25214200,2,6.622969,3
1038926,,,25214200,2,8.273832,4
1038930,,,25799100,2,7.698496,10
1038937,,,25214200,2,10.1820777,8
1038938,,,25214200,3,8.5463661,4
1038941,,,25214200,0,6.6699842,8
1038942,,,25214200,2,9.3694822,16
1038944,,,25214200,3,8.6252451,5
1038948,,,25214200,2,7.7034679,6
1038953,,,25214200,2,6.7020271,10
1038954,,,25214200,2,6.7553404,5
1038955,,,25260100,2,11.1451586,8
1038957,,,25260100,2,9.8300884,8
1038958,,,25260100,2,12.7730142,3
1038962,,,25740100,3,10.1990765,15
1038964,,,25799100,2,13.2748616,4
1038989,,,25286100,2,51.5856839,3
1038994,,,25799100,3,6.3772564,5
1039006,,,25430100,2,60.1265716,4
1039027,,,25430100,3,59.8479203,3
1039028,,,25430100,2,50.1457206,3
1039029,,,25430100,2,59.2961912,4
1039030,,,25430100,2,39.9458379,3
1039033,,,25430100,2,56.8978088,3
1039035,,,25430100,2,57.335525,4
1039058,,,25473200,1,1.1996481,4
1039059,,,25473200,1,1.1996481,8
1039062,,,25290100,5,82.6583946,2
1039067,,,25126100,2,42.2284768,8
1039076,,,25473200,1,1.1996481,10
1039083,,,25769100,2,4.6400941,18
1039084,,,25769100,2,7.3967198,4
1039092,,,25473200,1,1.1996481,10
1039100,,,25799100,2,3.4133447,3
1039102,,,25799100,2,8.1975218,8
1039103,,,25799100,2,7.5316513,5
1039105,,,25785100,3,3.7885358,3
1039107,,,25214100,2,8.627585,10
1039110,,,25214100,3,16.4121291,3
1039116,,,25214100,3,13.4831471,2
1039118,,,25214100,2,15.9737554,8
1039119,,,25214100,2,19.0009102,3
1039133,,,25754100,3,362.3593653,7
1039135,,,25754100,2,412.1414895,4
1039138,,,25754100,2,361.5285031,6
1039140,,,25754100,2,414.380601,3
1039141,,,25754100,1,361.9852938,10
1039148,,,25754100,2,305.172361,4
1039164,,,25769100,2,7.4461438,2
1039166,,,25769100,2,5.9308598,3
1039167,,,25769100,2,5.4519192,12
1039179,,,25260100,2,19.5915304,10
1039181,,,25260100,2,17.9661934,10
1039187,,,25260100,3,8.0551128,12
1039190,,,25769100,3,5.1769315,15
1039191,,,25769100,2,5.1242913,8
1039194,,,25769100,3,4.4214118,10
1039195,,,25769100,2,4.5262132,10
1039196,,,25769100,2,4.453859,6
1039197,,,25769100,3,6.4007164,8
1039204,,,25754100,3,371.3096632,8
1039209,,,25754100,3,414.380601,3
1039212,,,25769100,2,5.6035756,4
1039216,,,25754100,2,376.7096373,3
1039223,,,25754100,1,310.7854508,3
1039226,,,25754100,3,249.2838159,4
1039229,,,25754100,3,335.5029387,4
1039232,,,25754100,2,316.6728882,3
1039236,,,25754100,2,343.3089914,2
1039242,,,25754100,1,191.1815653,3
1039244,,,25758200,3,10.2829112,10
1039259,,,25758100,2,10.1964093,5
1039267,,,25740100,2,14.4997339,10
1039274,,,25758200,2,7.1875018,8
1039354,36,18,11001192,3,23.5495801,3
1039356,65,19,11001104,3,57.2860657,3
1039360,66,19,11001159,2,18.1926882,2
1039362,69,19,11001131,1,85.8952189,4
1039387,65,19,11001104,2,29.4701708,5
1039443,77,9,11001173,2,48.0856062,7
1039446,77,9,11001173,2,35.6020426,4
1039454,77,9,11001173,2,22.7110821,4
1039457,77,9,11001173,2,30.7890006,5
1039463,55,18,11001119,2,24.2586442,10
1039466,55,18,11001119,2,34.2649506,3
1039476,44,8,11001102,3,36.2176019,4
1039481,52,5,11001135,1,9.0144672,7
1039483,811,5,11001184,2,27.5462433,5
1039501,55,18,11001119,2,24.4541267,3
1039512,55,18,11001119,2,30.4633732,6
1039522,96,3,11001146,2,19.1949479,4
1039535,802,8,11001175,2,64.1208735,2
1039537,802,8,11001175,3,131.4493329,4
1039540,802,8,11001175,2,70.4550855,4
1039541,802,8,11001175,3,71.8657026,3
1039543,802,8,11001175,2,72.5628663,8
1039558,802,8,11001175,2,60.7213894,2
1039563,55,18,11001119,1,29.9186434,4
1039564,55,18,11001119,1,24.1597683,3
1039569,806,11,11001179,3,33.8490026,3
1039632,813,9,11001186,3,10.2195811,2
1039643,35,15,11001113,2,12.9584984,3
1039645,35,15,11001113,2,12.6399436,3
1039647,35,15,11001113,2,14.2303789,3
1039648,35,15,11001113,2,14.3715778,8
1039651,35,15,11001113,3,14.8362776,4
1039657,35,15,11001113,2,10.4146529,4
1039663,38,15,11001156,3,39.1803175,7
1039665,38,15,11001156,3,34.5764157,8
1039674,65,19,11001104,2,36.5162497,5
1039676,66,19,11001159,2,29.8175151,4
1039677,72,10,11001105,3,37.8311652,3
1039678,72,10,11001105,3,38.8634972,2
1039680,72,10,11001105,3,42.9806227,4
1039682,72,10,11001105,3,39.1607516,3
1039686,72,10,11001105,3,39.7742196,4
1039693,72,10,11001105,3,44.574524,5
1039704,72,10,11001105,3,44.8645795,8
1039707,39,18,11001155,3,38.3555597,8
1039732,71,11,11001166,2,105.2316008,7
1039734,71,11,11001166,2,76.6202028,3
1039735,71,11,11001166,2,88.6425586,4
1039741,72,10,11001105,3,36.8909011,2
1039743,72,10,11001105,3,35.9372679,2
1039749,18,11,11001109,4,44.4993425,3
1039752,19,11,11001121,4,50.1167339,8
1039753,19,11,11001121,3,38.4814693,3
1039766,100,13,11001126,4,18.3311587,3
1039771,41,16,11001151,3,38.9975531,12
1039824,53,18,11001191,3,24.6942724,2
1039910,44,8,11001102,3,29.6196841,2
1039911,53,18,11001191,3,23.7282672,3
1039913,53,18,11001191,3,28.7712797,2
1039921,18,11,11001109,3,22.1330703,6
1039946,80,8,11001118,2,18.381504,4
1039992,83,8,11001141,2,15.4693123,10
1040016,45,8,11001111,3,20.7130861,4
1040019,53,18,11001191,2,21.8224256,8
1040026,83,8,11001141,2,17.1549309,15
1040027,92,3,11001137,2,5.2618227,3
1040031,92,3,11001137,2,9.9582216,2
1040037,83,8,11001141,2,16.5398116,3
1040038,39,18,11001155,3,57.9077025,3
1040039,39,18,11001155,3,34.5092061,3
1040042,803,1,11001176,6,41.0480973,3
1040051,39,18,11001155,3,27.7749399,12
1040053,39,18,11001155,3,51.1443322,4
1040063,53,18,11001191,2,35.4381328,3
1040073,69,19,11001131,2,78.1162615,3
1040074,803,1,11001176,6,36.4382755,4
1040075,69,19,11001131,2,74.3915599,3
1040076,85,7,11001106,2,63.4559102,3
1040077,76,9,11001125,2,17.3008628,6
1040081,27,11,11001164,3,59.3081734,4
1040092,27,11,11001164,2,92.1937471,6
1040111,47,8,11001133,3,42.3768161,8
1040127,38,15,11001156,3,26.3354036,4
1040131,40,16,11001114,3,39.707467,8
1040155,80,8,11001118,2,12.7110855,3
1040175,43,16,11001161,3,24.583628,8
1040176,43,16,11001161,3,21.3041206,3
1040195,36,18,11001192,3,22.3321326,4
1040220,36,18,11001192,3,16.3378899,3
1040221,36,18,11001192,3,23.3222894,8
1040248,36,18,11001192,3,27.5517291,5
1040275,36,18,11001192,3,21.3273958,12
1040279,36,18,11001192,3,19.9174868,4
1040292,29,10,11001149,2,55.4852088,15
1040298,29,10,11001149,2,60.8647004,78
1040307,29,10,11001149,2,45.8374966,5
1040310,29,10,11001149,2,52.5793287,3
1040312,29,10,11001149,2,83.523485,5
1040314,29,10,11001149,2,56.5126067,2
1040315,29,10,11001149,2,50.1757944,2
1040321,29,10,11001149,2,60.2548327,6
1040338,100,13,11001126,4,18.7341122,3
1040356,67,19,11001147,2,60.7114584,4
1040358,67,19,11001147,2,73.9326228,3
1040366,815,19,11001188,2,19.8953945,4
1040370,815,19,11001188,2,30.5651112,4
1040374,25,11,11001196,3,16.2579751,8
1040375,25,11,11001196,3,14.700647,4
1040379,25,11,11001196,4,20.6919683,8
1040382,25,11,11001196,4,13.1559751,4
1040384,25,11,11001196,4,16.8011346,4
1040398,98,12,11001142,3,29.3385815,2
1040416,82,8,11001153,2,35.481943,4
1040417,82,8,11001153,2,33.966542,7
1040420,82,8,11001153,2,41.4814586,8
1040423,82,8,11001153,2,42.8198051,6
1040425,81,8,11001128,2,27.1557597,4
1040426,81,8,11001128,2,31.3548494,3
1040427,9,1,11001194,3,68.1588511,4
1040429,41,16,11001151,3,38.1526703,4
1040436,9,1,11001194,3,61.052696,3
1040437,41,16,11001151,3,31.6792865,6
1040456,53,18,11001191,2,27.4001362,3
1040459,11,1,11001158,1,56.2365327,24
1040464,53,18,11001191,2,23.8834878,2
1040483,102,14,11001138,3,19.7141967,8
1040484,102,14,11001138,3,22.6587859,10
1040490,102,14,11001138,0,16.365904,18
1040497,53,18,11001191,3,34.0047474,6
1040499,53,18,11001191,1,19.4062998,3
1040500,53,18,11001191,2,29.0500431,6
1040501,53,18,11001191,2,29.6783451,8
1040502,53,18,11001191,2,31.5245903,8
1040503,53,18,11001191,2,18.8333985,6
1040505,53,18,11001191,2,48.7439689,3
1040510,92,3,11001137,2,7.3068215,2
1040523,92,3,11001137,3,10.2605894,8
1040532,58,5,11001117,1,51.8195781,5
1040538,58,5,11001117,1,27.7744785,14
1040542,58,5,11001117,1,34.9541411,6
1040545,58,5,11001117,1,14.4007234,6
1040552,32,4,11001157,2,40.6121269,6
1040553,32,4,11001157,2,40.6725443,15
1040555,32,4,11001157,2,42.5358967,10
1040562,41,16,11001151,3,42.1348077,4
1040569,41,16,11001151,3,46.458505,5
1040574,42,6,11001172,2,52.0008243,8
1040581,32,4,11001157,2,25.9567122,4
1040587,32,4,11001157,2,56.14501,3
1040598,32,4,11001157,2,24.7460132,8
1040602,42,6,11001172,3,80.0499312,3
1040615,58,5,11001117,1,42.0147654,4
1040617,812,5,11001185,2,29.1756854,4
1040627,47,8,11001133,3,30.5651784,12
1040628,47,8,11001133,3,24.76129,4
1040632,47,8,11001133,3,32.0895395,3
1040633,802,8,11001175,3,107.7562071,8
1040635,802,8,11001175,3,118.3631884,3
1040642,116,10,11001197,3,11.4968865,8
1040666,80,8,11001118,2,23.4716685,2
1040667,80,8,11001118,2,20.4527079,4
1040677,87,7,11001169,1,47.9733871,5
1040678,23,11,11001112,2,53.6757903,6
1040690,48,8,11001167,3,67.260945,8
1040945,76,9,11001125,2,18.2444196,8
1040949,813,9,11001186,3,10.7184094,10
1040950,813,9,11001186,3,13.9610632,10
1040959,80,8,11001118,2,28.15886,3
1040967,47,8,11001133,3,20.8057553,12
1040969,47,8,11001133,3,49.2219057,14
1040970,47,8,11001133,3,33.1343923,2
1040975,47,8,11001133,3,49.0382864,5
1040976,47,8,11001133,3,41.6153878,3
1040979,47,8,11001133,3,30.1758066,8
1040984,47,8,11001133,3,45.6231225,4
1040990,47,8,11001133,3,28.5490545,3
1040991,802,8,11001175,3,98.9222841,3
1040997,47,8,11001133,3,27.453714,8
1041004,44,8,11001102,3,40.9930351,2
1041011,802,8,11001175,3,91.6268846,5
1041017,47,8,11001133,3,29.3833326,5
1041075,42,6,11001172,2,57.1608324,2
1041076,33,4,11001163,3,17.2968553,2
1041090,30,10,11001108,3,87.0178799,10
1041095,96,3,11001146,2,19.2666925,6
1041096,96,3,11001146,2,17.399447,4
1041105,812,5,11001185,2,30.9918213,10
1041107,812,5,11001185,2,28.4676634,4
1041123,96,3,11001146,2,17.399447,8
1041124,96,3,11001146,2,16.6496106,5
1041134,110,9,11001115,4,24.7164304,5
1041146,57,5,11001129,1,41.657854,2
1041150,57,5,11001129,1,36.9243335,3
1041184,39,18,11001155,3,88.9741129,8
1041187,39,18,11001155,3,41.0679343,6
1041219,57,5,11001129,2,39.2303576,3
1041223,57,5,11001129,1,24.5367182,5
1041224,57,5,11001129,1,55.054952,10
1041236,25,11,11001196,3,16.4510048,8
1041271,81,8,11001128,2,32.8421406,8
1041273,89,2,11001160,2,7.746267,2
1041277,45,8,11001111,2,38.4235271,5
1041283,81,8,11001128,2,15.3541106,3
1041285,81,8,11001128,2,32.0827771,4
1041290,65,19,11001104,2,21.8313403,5
1041291,65,19,11001104,2,27.1783971,3
1041297,65,19,11001104,2,24.2753047,5
1041298,65,19,11001104,2,35.0765453,2
1041304,65,19,11001104,2,25.89236,10
1041305,65,19,11001104,3,33.2180409,3
1041307,65,19,11001104,3,29.2238802,5
1041313,65,19,11001104,3,37.4572909,8
1041319,811,5,11001184,1,35.8320526,5
1041320,811,5,11001184,1,37.8244174,8
1041332,83,8,11001141,2,9.974544,10
1041345,75,9,11001124,3,61.3922904,5
1041367,39,18,11001155,3,46.1771655,2
1041371,83,8,11001141,2,15.0148042,10
1041391,89,2,11001160,2,7.7700287,3
1041394,89,2,11001160,2,6.0107971,3
1041395,89,2,11001160,2,6.3778879,2
1041399,89,2,11001160,2,6.2489641,8
1041432,45,8,11001111,2,67.1997128,4
1041434,45,8,11001111,2,24.4188596,3
1041444,89,2,11001160,2,11.6760396,4
1041453,89,2,11001160,2,6.7116742,3
1041455,89,2,11001160,2,5.7990222,4
1041457,89,2,11001160,2,6.3778879,2
1041469,12,1,11001170,4,24.6343754,4
1041674,11,1,11001158,2,19.4866481,2
1041678,11,1,11001158,2,36.2992586,3
1041679,11,1,11001158,2,23.3266816,2
1041683,11,1,11001158,2,26.6711545,3
1041687,75,9,11001124,3,61.2014777,2
1041688,110,9,11001115,3,17.899338,3
1041695,89,2,11001160,2,7.9723598,2
1041701,40,16,11001114,3,65.0095845,3
1041719,24,11,11001152,3,30.336666,2
1041726,24,11,11001152,4,33.1281158,3
1041728,815,19,11001188,2,18.9784074,8
1041729,815,19,11001188,2,17.6077746,3
1041731,815,19,11001188,1,32.6531535,3
1041732,815,19,11001188,2,18.0285002,3
1041736,47,8,11001133,3,51.6196509,3
1041745,26,10,11001140,3,62.5440434,4
1041751,98,12,11001142,3,13.7524601,2
1041758,40,16,11001114,3,39.9103171,5
1041762,40,16,11001114,3,37.5202726,3
1041777,80,8,11001118,2,29.022455,3
1041788,77,9,11001173,2,27.0774259,3
1041789,77,9,11001173,2,26.3074961,2
1041807,76,9,11001125,3,11.7241856,4
1041814,815,19,11001188,1,28.2816789,10
1041815,815,19,11001188,1,22.9348308,5
1041817,815,19,11001188,2,21.5884385,8
1041818,815,19,11001188,1,26.9517158,6
1041820,815,19,11001188,1,22.9342597,8
1041826,94,17,11001134,1,6.9570193,6
1041829,77,9,11001173,2,26.3074961,2
1041837,80,8,11001118,2,21.3327917,3
1041854,39,18,11001155,3,53.522902,2
1041856,39,18,11001155,3,61.0735272,8
1041858,39,18,11001155,3,32.8675333,6
1041859,39,18,11001155,3,27.7649847,10
1041862,39,18,11001155,3,106.2927553,3
1041881,37,14,11001162,3,8.1310491,3
1041907,25,11,11001196,3,18.3431504,15
1041934,37,14,11001162,3,18.843408,4
1041942,96,3,11001146,2,17.0948438,15
1041949,74,10,11001123,2,91.1345883,5
1041950,74,10,11001123,2,94.9177454,10
1041951,74,10,11001123,2,80.2500717,8
1041952,74,10,11001123,2,67.6556987,3
1041959,74,10,11001123,2,65.9613769,12
1041960,74,10,11001123,2,33.0977747,10
1041963,101,13,11001165,4,14.4687072,4
1041965,37,14,11001162,3,18.4708447,3
1041966,89,2,11001160,2,6.440701,2
1041972,815,19,11001188,1,21.1254641,3
1041982,67,19,11001147,1,61.8809774,8
1041985,67,19,11001147,1,57.4417577,6
1041987,67,19,11001147,1,75.4427032,12
1041994,28,11,11001122,3,173.9082086,5
1041997,28,11,11001122,3,139.0947839,8
1041999,28,11,11001122,2,116.2254851,4
1042001,28,11,11001122,2,126.3526746,8
1042004,89,2,11001160,2,7.8328101,4
1042012,74,10,11001123,2,98.0713845,4
1042018,74,10,11001123,2,80.2500717,8
1042020,74,10,11001123,2,73.4420274,5
1042024,39,18,11001155,3,48.3795126,3
1042027,39,18,11001155,3,50.4666451,2
1042034,26,10,11001140,3,48.905106,10
1042043,28,11,11001122,2,118.3142924,6
1042051,26,10,11001140,3,60.9298672,8
1042060,39,18,11001155,3,27.6196846,3
1042063,47,8,11001133,3,31.610138,2
1042068,45,8,11001111,3,31.9585174,3
1042069,45,8,11001111,3,49.0274449,5
1042074,89,2,11001160,2,8.6908938,24
1042088,74,10,11001123,2,104.0537228,12
1042095,74,10,11001123,2,63.4475281,2
1042097,74,10,11001123,2,46.7088652,8
1042099,74,10,11001123,2,72.2617109,4
1042101,28,11,11001122,2,155.8625759,5
1042103,28,11,11001122,2,155.1857063,10
1042126,19,11,11001121,3,40.0948212,3
1042140,54,18,11001148,2,32.937856,7
1042141,54,18,11001148,2,32.937856,18
1042142,54,18,11001148,2,79.2774629,5
1042149,54,18,11001148,1,59.7743601,6
1042153,54,18,11001148,1,43.7681145,8
1042154,54,18,11001148,1,21.738985,5
1042156,54,18,11001148,1,57.2819857,4
1042158,26,10,11001140,3,42.80436,6
1042164,37,14,11001162,3,17.5560124,6
1042165,76,9,11001125,3,11.7866859,10
1042166,76,9,11001125,3,13.5447568,4
1042168,76,9,11001125,3,9.6532807,7
1042179,45,8,11001111,2,39.0604101,3
1042187,84,7,11001107,2,86.5410957,3
1042191,84,7,11001107,2,74.2890734,5
1042192,84,7,11001107,2,98.5071904,5
1042205,83,8,11001141,2,13.8685062,12
1042227,815,19,11001188,,19.4107122,4
1042228,815,19,11001188,,16.7913438,8
1042229,815,19,11001188,,22.5811752,10
1042231,815,19,11001188,1,35.5380854,4
1042235,815,19,11001188,1,27.6462075,4
1042236,815,19,11001188,1,23.4748301,8
1042241,102,14,11001138,3,18.5204607,2
1042243,102,14,11001138,3,18.6760744,5
1042246,102,14,11001138,3,20.095081,8
1042251,65,19,11001104,2,35.8988661,5
1042253,18,11,11001109,3,70.9698245,7
1042259,9,1,11001194,3,30.6577758,3
1042262,54,18,11001148,3,35.7515344,6
1042269,54,18,11001148,2,62.5901336,15
1042270,54,18,11001148,2,67.449751,4
1042271,54,18,11001148,2,69.6890305,10
1042278,66,19,11001159,2,23.3200605,4
1042279,815,19,11001188,,20.9035841,2
1042280,815,19,11001188,,19.4329573,4
1042281,815,19,11001188,1,38.3926417,4
1042282,815,19,11001188,1,25.7756132,3
1042284,815,19,11001188,1,24.2361273,6
1042293,41,16,11001151,3,29.9340541,4
1042297,54,18,11001148,2,24.3609883,2
1042307,41,16,11001151,3,26.6516288,14
1042322,54,18,11001148,3,28.9421815,2
1042323,54,18,11001148,3,38.9698185,6
1042326,54,18,11001148,2,56.2668704,3
1042331,54,18,11001148,3,50.2652936,4
1042343,54,18,11001148,2,22.4183282,3
1042353,810,10,11001183,3,48.7727023,2
1042359,26,10,11001140,3,36.1190331,4
1042364,26,10,11001140,3,42.8612706,8
1042374,26,10,11001140,3,44.707895,3
1042375,26,10,11001140,3,32.4432026,4
1042376,26,10,11001140,3,29.8652498,3
1042385,26,10,11001140,3,60.9298672,8
1042396,50,4,11001136,2,48.3194942,3
1042399,39,18,11001155,3,38.6102327,4
1042400,39,18,11001155,3,30.2082902,3
1042424,102,14,11001138,3,17.0085439,3
1042427,102,14,11001138,3,25.1149578,3
1042429,102,14,11001138,3,11.9886671,4
1042433,76,9,11001125,3,10.4433607,3
1042435,76,9,11001125,3,12.1913705,4
1042454,811,5,11001184,1,38.2814831,4
1042464,89,2,11001160,2,5.1418786,3
1042470,116,10,11001197,3,2.8190726,3
1042478,66,19,11001159,2,28.6220982,2
1042488,76,9,11001125,3,9.9173928,3
1042496,65,19,11001104,2,30.864406,10
1042503,102,14,11001138,3,9.6754154,5
1042508,811,5,11001184,1,41.9110242,4
1042522,814,3,11001187,3,11.8392102,15
1042526,42,6,11001172,2,88.0430826,3
1042533,815,19,11001188,2,23.0286793,4
1042535,65,19,11001104,2,25.7194218,5
1042542,65,19,11001104,3,43.6225627,3
1042551,62,6,11001171,2,9.7511812,5
1042843,65,19,11001104,2,58.5472319,12
1042844,65,19,11001104,2,38.3988116,4
1042855,809,16,11001182,3,5.7841147,4
1042860,815,19,11001188,1,28.2227246,45
1042863,809,16,11001182,2,8.3464859,4
1042893,811,5,11001184,1,46.3296281,10
1042931,811,5,11001184,1,45.2803953,8
1042932,811,5,11001184,1,29.6828375,6
1042934,11,1,11001158,1,34.9595066,10
1042935,11,1,11001158,3,34.4967942,8
1042936,11,1,11001158,1,29.3055008,4
1042942,11,1,11001158,1,32.5616675,4
1042967,96,3,11001146,2,18.4594077,14
1042968,96,3,11001146,2,18.6584431,4
1042970,96,3,11001146,2,22.5386399,4
1042983,42,6,11001172,2,58.4211702,2
1042993,23,11,11001112,4,32.1308644,8
1043013,55,18,11001119,2,23.4101796,2
1043023,80,8,11001118,1,26.7737092,18
1043024,21,12,11001143,3,13.5271779,2
1043032,81,8,11001128,2,26.0194213,4
1043033,81,8,11001128,2,17.611534,2
1043040,95,3,11001139,2,6.9710363,3
1043044,89,2,11001160,1,7.8463595,40
1043052,96,3,11001146,2,17.6304275,6
1043068,89,2,11001160,1,6.8058615,8
1043072,71,11,11001166,2,94.7594848,6
1043082,71,11,11001166,2,130.7270073,4
1043084,71,11,11001166,2,140.956963,12
1043086,71,11,11001166,2,127.8744167,6
1043101,11,1,11001158,2,14.0936769,4
1043104,11,1,11001158,2,19.0016926,3
1043111,86,7,11001120,2,53.5825861,5
1043114,86,7,11001120,2,37.8565057,7
1043122,87,7,11001169,2,51.4775125,4
1043123,87,7,11001169,2,50.4043581,3
1043124,87,7,11001169,2,47.8176191,3
1043125,87,7,11001169,2,43.9990816,4
1043126,84,7,11001107,2,59.9642876,4
1043130,87,7,11001169,2,47.1472521,4
1043134,87,7,11001169,1,47.2885789,2
1043138,84,7,11001107,2,77.8633326,8
1043140,84,7,11001107,2,75.3537913,8
1043146,816,2,11001189,4,38.7926272,3
1043154,816,2,11001189,4,30.1252462,5
1043157,816,2,11001189,4,22.3803148,2
1043167,84,7,11001107,2,63.9920333,3
1043169,84,7,11001107,2,94.1643913,2
1043172,84,7,11001107,2,77.5927197,4
1043175,116,10,11001197,3,5.9857807,2
1043178,12,1,11001170,4,22.7141352,5
1043179,30,10,11001108,3,83.9275681,24
1043180,30,10,11001108,3,69.3290738,4
1043191,30,10,11001108,3,98.2188166,10
1043197,23,11,11001112,5,20.8554657,4
1043199,23,11,11001112,4,28.6757998,5
1043204,77,9,11001173,2,31.1089136,30
1043219,77,9,11001173,2,29.2372552,4
1043235,50,4,11001136,2,45.8631418,8
1043236,50,4,11001136,2,41.7711415,4
1043237,50,4,11001136,2,27.884519,3
1043254,30,10,11001108,3,38.4700238,2
1043256,30,10,11001108,3,50.5790953,8
1043259,30,10,11001108,3,71.9852575,4
1043265,94,17,11001134,2,12.4894213,4
1043266,94,17,11001134,2,20.4005061,4
1043283,810,10,11001183,3,49.7537869,4
1043284,810,10,11001183,3,49.7537869,4
1043288,26,10,11001140,3,34.8770742,7
1043291,26,10,11001140,3,30.4901364,12
1043294,26,10,11001140,3,43.4577672,3
1043295,26,10,11001140,3,43.3466497,4
1043302,26,10,11001140,3,54.8474241,4
1043303,26,10,11001140,3,42.807545,3
1043304,26,10,11001140,3,39.555842,4
1043311,26,10,11001140,3,58.4249195,3
1043317,26,10,11001140,3,33.4167438,4
1043318,26,10,11001140,3,30.0991943,4
1043330,116,10,11001197,3,4.179727,2
1043334,73,10,11001127,2,91.1655093,4
1043336,30,10,11001108,3,42.4442782,3
1043344,30,10,11001108,3,60.8714771,3
1043349,77,9,11001173,2,38.8901112,10
1043364,30,10,11001108,3,123.7958115,3
1043375,77,9,11001173,2,35.32835,4
1043389,812,5,11001185,2,34.7254377,24
1043391,812,5,11001185,1,27.2742487,5
1043392,812,5,11001185,1,25.1130235,5
1043394,41,16,11001151,3,27.1285495,10
1043432,27,11,11001164,2,86.7447762,12
1043439,27,11,11001164,2,75.1017088,10
1043440,27,11,11001164,3,85.4157592,4
1043441,27,11,11001164,3,57.8100067,4
1043443,100,13,11001126,4,14.6355645,2
1043447,813,9,11001186,4,6.3763367,5
1043474,11,1,11001158,3,37.5908673,10
1043475,11,1,11001158,3,28.3511832,12
1043488,11,1,11001158,1,35.1302033,3
1043492,54,18,11001148,2,15.2172895,5
1043494,54,18,11001148,2,39.0300168,4
1043496,11,1,11001158,3,32.2881835,4
1043524,24,11,11001152,4,45.4272093,4
1043541,45,8,11001111,2,25.8419209,2
1043551,110,9,11001115,4,22.37527,3
1043553,100,13,11001126,4,21.4209114,2
1043569,802,8,11001175,3,81.7530015,2
1043575,802,8,11001175,3,53.8615338,2
1043595,44,8,11001102,3,37.6415778,3
1043600,48,8,11001167,3,142.4915207,5
1043613,45,8,11001111,3,36.2353759,4
1043649,42,6,11001172,2,62.9189714,3
1043656,48,8,11001167,3,63.8500033,3
1043664,48,8,11001167,3,86.4178432,4
1043671,33,4,11001163,3,24.4823503,4
1043689,83,8,11001141,2,14.9447825,10
1043691,83,8,11001141,2,15.9607541,5
1043695,83,8,11001141,2,16.1217521,5
1043702,53,18,11001191,2,27.2037979,6
1043703,83,8,11001141,2,17.7233744,4
1043704,83,8,11001141,2,16.3323098,4
1043720,83,8,11001141,2,15.5329684,5
1043723,810,10,11001183,3,29.4448683,2
1043732,110,9,11001115,4,29.6613426,8
1043734,110,9,11001115,4,29.1421529,3
1043741,804,1,11001177,4,19.0534607,3
1043745,44,8,11001102,3,32.3093361,12
1043747,48,8,11001167,2,56.3689034,4
1043752,44,8,11001102,3,33.0638347,16
1043761,78,8,11001168,2,11.1672952,3
1043778,812,5,11001185,3,22.3798423,4
1043779,812,5,11001185,1,22.289542,3
1043800,76,9,11001125,2,11.3927572,3
1043801,76,9,11001125,2,11.0849077,8
1043802,76,9,11001125,2,13.6103603,3
1043803,76,9,11001125,2,11.0849077,4
1043804,76,9,11001125,2,9.3559328,8
1043814,57,5,11001129,1,41.8155742,3
1043816,57,5,11001129,1,60.0814585,3
1043821,812,5,11001185,2,22.4268861,5
1043823,812,5,11001185,1,29.79757,12
1043831,24,11,11001152,5,44.6883023,14
1043869,81,8,11001128,2,17.3086189,4
1043870,81,8,11001128,2,18.20108,4
1043871,30,10,11001108,3,52.8255496,2
1043879,92,3,11001137,2,7.2636652,3
1043884,9,1,11001194,3,56.6988689,4
1043898,81,8,11001128,2,20.8504439,2
1043903,812,5,11001185,2,25.9064612,5
1043905,812,5,11001185,2,23.9703504,4
1043906,812,5,11001185,2,27.1216626,3
1043910,812,5,11001185,2,35.5579249,4
1043912,812,5,11001185,2,24.0841017,3
1043923,35,15,11001113,3,14.0023969,8
1043930,35,15,11001113,3,10.0057302,2
1043932,92,3,11001137,2,6.9994479,3
1043933,92,3,11001137,2,10.4932731,8
1043940,81,8,11001128,2,28.2706535,8
1043941,81,8,11001128,2,23.7988807,2
1043946,92,3,11001137,2,4.8898337,5
1043957,11,1,11001158,2,26.2196299,5
1043958,11,1,11001158,2,25.5044034,15
1043963,11,1,11001158,2,21.5107356,3
1043964,11,1,11001158,2,21.7795552,6
1043979,809,16,11001182,2,12.7411663,4
1043981,809,16,11001182,2,12.7411663,4
1043993,811,5,11001184,1,22.3985994,3
1043997,811,5,11001184,1,31.1270956,8
1044015,811,5,11001184,1,42.6268557,15
1044016,9,1,11001194,3,100.8667852,3
1044046,815,19,11001188,1,27.6859861,3
1044047,815,19,11001188,2,19.151518,10
1044049,815,19,11001188,1,20.8383749,3
1044050,815,19,11001188,1,18.8339736,3
1044051,815,19,11001188,1,21.5365202,9
1044052,815,19,11001188,1,27.6113344,4
1044061,811,5,11001184,2,23.4258022,16
1044078,9,1,11001194,3,68.0183459,2
1044128,116,10,11001197,3,6.8235485,18
1044130,58,5,11001117,1,85.2946094,9
1044131,71,11,11001166,2,128.0392513,4
1044132,71,11,11001166,2,151.758191,4
1044133,71,11,11001166,2,118.0768912,3
1044135,811,5,11001184,1,37.4292115,5
1044142,11,1,11001158,1,23.5369411,14
1044146,41,16,11001151,3,24.7737092,3
1044152,95,3,11001139,2,8.9134996,4
1044155,95,3,11001139,2,7.9758481,6
1044179,815,19,11001188,1,35.7274064,40
1044180,11,1,11001158,3,26.7614471,3
1044182,33,4,11001163,3,18.666648,8
1044184,102,14,11001138,3,24.2916402,3
1044201,21,12,11001143,3,22.0274771,8
1044207,12,1,11001170,3,26.3759777,5
1044210,11,1,11001158,2,22.5096621,8
1044211,40,16,11001114,3,54.0827408,6
1044212,41,16,11001151,3,20.4282911,7
1044213,41,16,11001151,3,33.2600601,4
1044216,102,14,11001138,3,13.9243735,5
1044219,58,5,11001117,1,59.5272559,6
1044223,76,9,11001125,3,11.0843839,14
1044256,76,9,11001125,3,12.2415386,10
1044277,11,1,11001158,2,35.851226,3
1044291,95,3,11001139,2,5.8597502,4
1044293,95,3,11001139,2,7.4081781,8
1044342,76,9,11001125,2,11.0741792,6
1044343,70,19,11001132,1,26.8542342,8
1044345,813,9,11001186,3,8.7060015,3
1044350,45,8,11001111,3,17.7865906,4
1044371,29,10,11001149,3,79.1794086,4
1044376,39,18,11001155,3,73.7764052,2
1044380,39,18,11001155,3,43.2025333,3
1044382,47,8,11001133,3,48.0132768,44
1044386,39,18,11001155,3,43.2282937,8
1044389,39,18,11001155,3,44.4208689,3
1044400,102,14,11001138,3,15.3004104,4
1044402,37,14,11001162,3,13.4616102,3
1044406,37,14,11001162,3,23.9815799,5
1044413,27,11,11001164,3,91.7617492,4
1044424,66,19,11001159,2,35.9989133,5
1044435,66,19,11001159,2,20.8357028,3
1044438,66,19,11001159,2,23.3190513,6
1044447,67,19,11001147,1,47.1974566,3
1044448,66,19,11001159,2,26.494558,4
1044449,67,19,11001147,1,39.9051221,4
1044450,66,19,11001159,2,34.8578854,3
1044457,66,19,11001159,2,23.7728317,8
1044459,67,19,11001147,1,64.1279746,6
1044464,66,19,11001159,1,29.2354793,3
1044467,67,19,11001147,2,88.8107192,4
1044468,67,19,11001147,2,80.855731,5
1044481,11,1,11001158,1,17.5565222,6
1044491,815,19,11001188,1,29.5365995,8
1044492,815,19,11001188,1,20.7346557,4
1044493,815,19,11001188,1,22.75725,3
1044495,815,19,11001188,1,17.8786866,3
1044496,815,19,11001188,1,17.0276243,3
1044503,53,18,11001191,3,20.8765567,8
1044551,815,19,11001188,1,26.891327,3
1044552,815,19,11001188,1,28.6930552,15
1044553,815,19,11001188,1,19.7488874,10
1044554,815,19,11001188,1,31.5549315,3
1044556,815,19,11001188,1,28.2557472,4
1044557,815,19,11001188,1,30.7828436,21
1044560,12,1,11001170,4,28.822592,5
1044578,815,19,11001188,2,23.0286793,8
1044581,815,19,11001188,1,31.90554,18
1044582,815,19,11001188,1,22.3664002,4
1044583,815,19,11001188,1,14.0803734,8
1044584,815,19,11001188,1,33.8877616,4
1044586,815,19,11001188,1,21.7224837,3
1044590,815,19,11001188,1,21.6623457,6
1044591,815,19,11001188,1,23.5359805,5
1044592,815,19,11001188,1,18.8339736,3
1044594,815,19,11001188,1,16.7020207,10
1044595,815,19,11001188,1,22.7204612,8
1044596,815,19,11001188,1,20.3364455,24
1044597,815,19,11001188,2,27.543542,3
1044603,815,19,11001188,1,23.6263753,3
1044604,815,19,11001188,1,23.9589379,4
1044605,815,19,11001188,1,21.3131539,10
1044694,21,12,11001143,3,12.5372423,4
1044695,35,15,11001113,3,10.6075168,4
1044696,35,15,11001113,3,11.1987024,3
1044698,35,15,11001113,3,11.9452825,3
1044701,35,15,11001113,3,16.8153818,4
1044705,35,15,11001113,3,8.2311916,4
1044725,42,6,11001172,2,80.8379987,4
1044729,42,6,11001172,2,61.7634452,2
1044732,42,6,11001172,2,76.900965,3
1044736,42,6,11001172,2,76.3048199,5
1044751,18,11,11001109,3,50.6410923,12
1044756,11,1,11001158,3,31.8202437,4
1044761,24,11,11001152,3,27.6067632,3
1044782,70,19,11001132,1,31.1135176,3
1044792,76,9,11001125,2,19.6795175,3
1044824,114,9,11001150,3,18.4876838,10
1044833,114,9,11001150,3,9.9312733,2
1044876,114,9,11001150,3,14.3315736,3
1044900,42,6,11001172,2,88.0430826,3
1044902,42,6,11001172,2,71.6699763,3
1044904,42,6,11001172,2,70.9551599,3
1044920,80,8,11001118,2,21.1108778,3
1044927,53,18,11001191,3,20.5630865,3
1045167,815,19,11001188,1,15.5567591,3
1045169,815,19,11001188,1,27.5172456,15
1045191,812,5,11001185,2,38.0053757,4
1045192,812,5,11001185,2,24.0841017,3
1045199,812,5,11001185,1,19.316405,8
1045202,812,5,11001185,1,16.1504902,8
1045203,812,5,11001185,1,16.9399758,10
1045218,35,15,11001113,3,11.6816889,4
1045235,96,3,11001146,2,19.380578,4
1045238,77,9,11001173,2,29.9777332,8
1045239,77,9,11001173,2,29.9777332,4
1045241,80,8,11001118,2,14.3671461,10
1045245,35,15,11001113,3,12.0945986,3
1045250,71,11,11001166,2,186.8673537,5
1045265,71,11,11001166,2,120.4745137,5
1045272,71,11,11001166,2,99.8139619,2
1045273,71,11,11001166,2,71.7182248,3
1045288,116,10,11001197,3,6.6508674,2
1045299,77,9,11001173,2,28.6762512,2
1045301,77,9,11001173,2,30.7993108,2
1045305,96,3,11001146,2,18.8153041,4
1045308,67,19,11001147,1,55.6070795,8
1045328,53,18,11001191,2,16.3788542,2
1045333,67,19,11001147,2,60.3877131,8
1045334,53,18,11001191,2,31.3541855,4
1045335,80,8,11001118,2,23.4657167,3
1045336,80,8,11001118,2,23.9117439,8
1045347,812,5,11001185,1,18.7960195,2
1045350,53,18,11001191,2,19.8402356,8
1045361,29,10,11001149,3,48.1946698,4
1045362,29,10,11001149,3,58.4096102,3
1045382,9,1,11001194,3,66.5088583,3
1045407,58,5,11001117,1,32.6535326,2
1045410,58,5,11001117,1,16.1615644,4
1045414,58,5,11001117,1,42.0147654,8
1045415,58,5,11001117,1,35.0911611,10
1045417,58,5,11001117,1,39.1419831,4
1045418,58,5,11001117,1,55.8843629,4
1045424,9,1,11001194,3,43.6090685,3
1045435,19,11,11001121,3,44.7101558,4
1045455,82,8,11001153,1,50.0367916,5
1045473,25,11,11001196,4,18.3521626,4
1045479,67,19,11001147,1,72.6633157,8
1045482,67,19,11001147,1,92.5783826,32
1045483,75,9,11001124,3,61.8380521,10
1045490,67,19,11001147,1,72.6633157,8
1045510,11,1,11001158,3,23.9180513,4
1045524,81,8,11001128,2,31.7906085,8
1045527,67,19,11001147,1,60.6407143,2
1045529,67,19,11001147,1,72.6633157,4
1045537,82,8,11001153,2,53.2639906,4
1045539,82,8,11001153,2,33.7270132,4
1045541,82,8,11001153,2,34.815985,3
1045580,66,19,11001159,1,24.1682934,3
1045582,66,19,11001159,2,23.3405984,4
1045585,66,19,11001159,2,19.0107187,3
1045587,65,19,11001104,2,25.3556441,2
1045588,65,19,11001104,2,37.8370802,12
1045592,65,19,11001104,2,20.6289631,5
1045593,65,19,11001104,2,31.3822633,3
1045594,65,19,11001104,2,37.1213706,3
1045612,40,16,11001114,3,68.9427822,4
1045622,19,11,11001121,3,46.0836508,5
1045635,75,9,11001124,3,56.6166334,4
1045641,70,19,11001132,1,21.8940973,6
1045650,70,19,11001132,1,24.26338,16
1045651,70,19,11001132,1,13.8624581,7
1045664,812,5,11001185,1,20.9390157,3
1045667,67,19,11001147,1,111.8290984,8
1045673,47,8,11001133,3,30.0730556,3
1045675,47,8,11001133,3,40.4975906,2
1045676,44,8,11001102,3,39.3340561,4
1045690,87,7,11001169,1,47.270849,10
1045691,812,5,11001185,1,22.6669967,2
1045701,87,7,11001169,1,37.790954,5
1045702,87,7,11001169,1,45.8221437,3
1045703,87,7,11001169,1,47.5536559,4
1045897,47,8,11001133,3,48.0941417,8
1045899,47,8,11001133,3,41.1625588,12
1045909,802,8,11001175,3,61.9913916,2
1045912,87,7,11001169,2,33.6892112,5
1045915,87,7,11001169,2,48.0952173,10
1045920,87,7,11001169,1,36.3503318,4
1045927,87,7,11001169,2,45.1823366,3
1045973,36,18,11001192,3,21.491586,3
1045982,36,18,11001192,2,25.6013741,2
1045988,76,9,11001125,3,11.7565954,5
1045994,80,8,11001118,2,16.3083961,12
1045996,80,8,11001118,2,19.4614835,2
1046011,36,18,11001192,3,19.4975342,4
1046014,36,18,11001192,3,15.4834795,3
1046021,42,6,11001172,2,86.5135857,3
1046029,42,6,11001172,2,113.2512879,12
1046030,42,6,11001172,2,115.2322905,6
1046035,42,6,11001172,2,29.9655335,4
1046037,42,6,11001172,2,53.2329667,3
1046040,42,6,11001172,2,61.4093985,3
1046041,36,18,11001192,3,25.165783,4
1046045,36,18,11001192,3,23.3222894,4
1046049,36,18,11001192,3,22.6596772,3
1046090,86,7,11001120,1,78.1887185,3
1046098,42,6,11001172,2,91.4833318,4
1046103,57,5,11001129,2,79.1126404,15
1046107,80,8,11001118,2,14.68461,2
1046117,58,5,11001117,1,20.9714367,2
1046120,58,5,11001117,1,34.9481052,2
1046122,58,5,11001117,1,40.0813446,3
1046123,58,5,11001117,1,40.0813446,3
1046125,58,5,11001117,1,41.7460575,4
1046128,58,5,11001117,1,46.4043677,4
1046132,58,5,11001117,1,29.3881794,2
1046137,812,5,11001185,2,31.5052243,8
1046148,812,5,11001185,2,29.2286492,4
1046183,812,5,11001185,2,34.3711338,20
1046187,812,5,11001185,2,23.1204164,3
1046188,812,5,11001185,2,30.0729132,4
1046190,812,5,11001185,2,27.3899565,6
1046192,47,8,11001133,3,23.3228269,6
1046195,812,5,11001185,2,23.1204164,3
1046201,812,5,11001185,2,31.2422949,4
1046208,58,5,11001117,1,36.4406576,4
1046209,58,5,11001117,1,36.6833579,12
1046214,58,5,11001117,1,38.2229484,3
1046222,26,10,11001140,3,54.8474241,4
1046229,26,10,11001140,3,69.6341339,8
1046239,72,10,11001105,3,42.532431,4
1046289,28,11,11001122,2,90.6466956,3
1046292,28,11,11001122,2,73.8592721,4
1046293,28,11,11001122,2,103.6053209,10
1046294,28,11,11001122,2,69.2550264,6
1046317,116,10,11001197,3,7.4067947,3
1046318,116,10,11001197,3,12.0772665,8
1046324,54,18,11001148,2,21.8030193,3
1046353,57,5,11001129,1,52.4962023,5
1046355,57,5,11001129,1,61.3026126,24
1046358,57,5,11001129,2,50.071371,8
1046360,57,5,11001129,2,41.471794,10
1046376,84,7,11001107,2,75.0039854,3
1046381,84,7,11001107,2,64.7606645,5
1046392,40,16,11001114,3,34.6807227,3
1046407,806,11,11001179,5,21.1461375,3
1046409,83,8,11001141,2,15.9175267,8
1046416,89,2,11001160,2,7.9970193,7
1046418,89,2,11001160,1,6.4303858,4
1049298,,5,11001205,1,3.6126757,3
1049300,,5,11001205,2,3.9971625,3
1049303,,5,11001205,1,3.7212337,4
1049311,,19,11001219,2,11.0784786,10
1049312,,19,11001219,2,10.9783979,10
1049316,,19,11001219,2,3.7905459,5
1049341,,11,11001211,2,4.4821106,24
1049344,,11,11001211,2,3.2047726,3
1049353,,1,11001201,1,6.4958848,3
1049356,,19,11001219,2,5.647701,4
1049363,,19,11001219,1,6.1451438,8
1049372,,19,11001219,1,5.1871936,8
1049383,,11,11001211,3,3.4705012,5
1049405,,1,11001201,2,2.6959305,3
1049408,,1,11001201,2,5.5946502,10
1049409,,1,11001201,1,1.18107,4
1049410,,1,11001201,5,1.18107,4
1049414,,5,11001205,1,7.0932536,18
1049415,,5,11001205,2,6.4207939,15
1049418,,5,11001205,1,5.7143416,4
1049421,,5,11001205,1,7.7103656,4
1049425,,1,11001201,5,1.18107,4
1049436,,11,11001211,2,3.9221796,5
1049437,,11,11001211,2,3.4041157,2
1049438,,11,11001211,2,3.7030432,8
1049440,,11,11001211,2,3.0917825,2
1049441,,11,11001211,2,2.0221895,3
1049447,,3,11001203,2,2.0296443,16
1049448,,3,11001203,2,6.5541616,4
1049455,,3,11001203,1,2.0296443,3
1049461,,11,11001211,2,4.1033919,10
1049474,,11,11001211,2,4.6285952,12
1049482,,2,11001202,2,1.6984925,2
1049695,,5,11001205,1,4.1177768,4
1049696,,5,11001205,1,4.1395243,3
1049708,,5,11001205,2,8.0428784,5
1049713,,11,11001211,4,3.7547538,10
1049717,,2,11001202,1,1.6984925,16
1049718,,19,11001219,0,5.9053841,4
1049719,,2,11001202,2,1.6984925,4
1049724,,5,11001205,1,5.3497806,4
1049726,,5,11001205,2,2.9702301,6
1049729,,19,11001219,1,4.0088244,6
1049734,,19,11001219,2,10.0713442,27
1049737,,19,11001219,2,3.9651027,5
1049740,,1,11001201,2,6.4958848,18
1049760,,11,11001211,2,3.9810296,8
1049768,,19,11001219,0,5.858452,8
1049774,,11,11001211,2,2.8001197,5
1049787,,2,11001202,2,1.6984925,10
1049803,,19,11001219,1,6.8078118,15
1049850,,20,11001220,0,1.8046324,10
1049861,,19,11001219,2,4.9797059,8
1049863,,5,11001205,1,4.8746107,8
1049864,,5,11001205,1,3.9964519,2
1049870,,5,11001205,1,3.9801571,3
1049928,,19,11001219,2,3.510452,3
1049936,,5,11001205,1,4.6688994,8
1049941,,19,11001219,2,8.2833182,10
1049948,,19,11001219,2,8.4453016,5
1049950,,11,11001211,6,4.200166,10
1049951,,3,11001203,1,2.0296443,8
1049954,,11,11001211,6,2.7633294,4
1049956,,19,11001219,2,5.9586933,6
1049958,,19,11001219,2,5.7074732,4
1049990,,,25740100,2,10.1318717,4
1049991,,,25740100,2,10.7901199,4
1049993,,,25758200,2,8.5690927,18
1050002,,,25754200,2,2.24666,3
1050006,,,25754200,2,3.772489,15
1050008,,,25754200,2,4.4748,16
1050009,,,25754200,1,3.1557847,5
1050011,,,25754200,2,3.4671918,8
1050019,,,25899100,2,60.361207,5
1050023,,,25899100,1,52.474736,6
1050024,,,25899100,1,39.9753143,5
1050026,,,25754200,1,3.1104143,3
1050038,,,25899100,2,40.5753117,2
1050041,,,25899100,1,34.4232726,5
1050042,,,25899100,1,54.3258092,3
1050046,,,25899100,2,46.2252923,5
1050048,,,25899100,1,53.3870092,8
1050113,,,25754200,2,1.6345473,3
1050114,,,25754200,2,3.9438482,4
1050117,,,25754200,2,3.8187684,3
1050122,,,25740100,2,11.4797999,8
1050123,,,25740100,2,12.0768538,8
1050124,,,25754200,2,3.2294949,8
1050140,,,25377100,2,7.1720321,2
1050142,,,25175200,2,18.0213964,24
1050144,,,25175200,2,10.9459533,8
1050145,,,25175200,2,13.396953,8
1050148,,,25175200,2,10.3064727,3
1050151,,,25175200,2,16.9848776,35
1050152,,,25175200,2,10.6701463,2
1050153,,,25175200,2,10.5506106,3
1050154,,,25175200,2,11.6698761,4
1050158,,,25175200,3,10.4093156,8
1050159,,,25175200,2,10.1214888,3
1050160,,,25175200,2,13.4682588,15
1050166,,,25099100,2,4.6544003,2
1050169,,,25099100,2,7.5112052,8
1050185,,,25473100,2,76.5440449,8
1050195,,,25269100,2,64.0597736,3
1050206,,,25099100,2,7.4454336,6
1050210,,,25099100,2,7.639035,3
1050211,,,25099100,2,3.8786669,2
1050213,,,25099100,2,4.7612128,2
1050221,,,25175200,2,11.6056716,3
1050223,,,25175200,2,14.1436836,2
1050229,,,25175200,2,14.0121942,3
1050231,,,25175200,6,9.4070945,8
1050238,,,25269100,1,60.4187549,18
1050239,,,25269100,2,78.6507126,8
1050241,,,25269100,1,73.3210327,18
1050248,,,25175200,2,14.127949,12
1050251,,,25175200,2,13.8998653,10
1050258,,,25377200,1,8.7142834,2
1050271,,,25377200,3,11.1473098,12
1050272,,,25377200,2,6.1257416,3
1050281,,,25754200,2,2.6452537,2
1050282,,,25754200,2,1.4898925,10
1050284,,,25799100,3,9.1221874,4
1050285,,,25799100,3,6.2941933,4
1050293,,,25214200,2,7.7361127,4
1050298,,,25214200,2,7.3050395,4
1050299,,,25214200,2,5.7011918,4
1050301,,,25740100,2,9.56513,10
1050302,,,25740100,2,13.4876499,8
1050306,,,25740100,2,14.5944115,8
1050363,,,25473100,3,54.6743178,8
1050365,,,25099100,1,3.4750244,10
1050370,,,25099100,2,2.9865735,2
1050377,,,25740100,2,13.1700629,3
1050379,,,25740100,2,22.1514744,4
1050383,,,25260100,3,10.2867178,5
1050391,,,25377100,2,7.9039697,3
1050395,,,25740100,2,20.014716,8
1050397,,,25430100,3,58.8254266,21
1050399,,,25430100,3,57.3126634,3
1050400,,,25430100,3,61.2765117,2
1050402,,,25754100,3,377.6398906,2
1050405,,,25754100,3,377.6398906,2
1050412,,,25754100,3,445.5715958,8
1050419,,,25290100,5,82.1606741,3
1050421,,,25430100,2,50.5845167,4
1050426,,,25430100,2,47.1298005,4
1050430,,,25430100,3,28.2064799,3
1050432,,,25430100,3,53.4895597,10
1050441,,,25126100,2,51.6324133,4
1050446,,,25269100,2,42.2716777,4
1050452,,,25269100,2,66.9505907,4
1050459,,,25175200,2,10.2997113,10
1050460,,,25175200,4,12.5289399,5
1050461,,,25260100,2,7.91404,3
1050465,,,25260100,2,12.2701339,4
1050492,,,25785100,2,4.4484637,15
1050493,,,25260100,2,7.9108979,3
1050497,,,25260100,3,7.8513747,5
1050498,,,25430100,2,57.4725342,3
1050502,,,25430100,3,64.841404,18
1050504,,,25269100,3,53.0966022,3
1050508,,,25099100,2,7.563641,6
1050566,,,25430100,2,44.6289207,8
1050568,,,25473100,2,37.5708335,4
1050576,,,25175200,4,13.6043018,15
1050578,,,25214100,2,13.1795039,3
1050580,,,25214100,3,15.8282265,10
1050581,,,25214100,3,13.2417852,8
1050583,,,25214100,3,15.4896905,4
1050587,,,25430100,2,70.1899828,30
1050590,,,25430100,3,54.9349005,4
1050601,,,25214100,2,14.6537079,3
1050602,,,25214100,2,14.4969865,2
1050605,,,25898100,2,1.9698393,6
1050608,,,25898100,2,1.7975916,10
1050610,,,25754200,2,2.4213542,3
1050615,,,25898100,2,1.815089,21
1050620,,,25898100,2,1.7949741,6
1050629,,,25214100,3,10.4280585,2
1050631,,,25214100,2,16.1780668,8
1050632,,,25769100,2,4.2791554,3
1050633,,,25769100,2,3.4135341,15
1050636,,,25769100,2,4.8952734,8
1050637,,,25769100,2,4.7803479,4
1050638,,,25126100,3,28.8204743,10
1050658,,,25740100,2,15.2552732,3
1050659,,,25740100,2,5.3475428,4
1050663,,,25473200,1,1.1996481,10
1050666,,,25473200,1,1.1996481,4
1050668,,,25473200,1,1.1996481,2
1050671,,,25473200,1,1.4395777,3
1050672,,,25473200,1,1.1996481,3
1050675,,,25473200,1,1.4395777,8
1050677,,,25758200,2,6.8006012,4
1050679,,,25758200,2,6.4649127,4
1050687,,,25758200,2,3.7247745,4
1050698,,,25754100,1,327.6547924,8
1050701,,,25754100,3,339.0840582,4
1050703,,,25740100,2,18.2007582,5
1050704,,,25754200,2,2.4213542,3
1050706,,,25754200,2,2.4213542,3
1050711,,,25754100,3,432.9256458,2
1050713,,,25758100,3,11.1132976,6
1050714,,,25758100,3,5.8159265,3
1050972,,,25269100,3,52.1455475,6
1050982,,,25473100,2,61.2165378,6
1050983,,,25473100,2,75.8531267,8
1050984,,,25473100,2,69.8194431,8
1050995,,,25473100,3,64.7313362,12
1050998,,,25473100,3,63.786704,4
1051004,,,25290100,3,63.1127049,6
1051008,,,25214200,2,7.3747516,2
1051009,,,25214200,3,5.8244368,5
1051010,,,25214200,2,11.1681794,12
1051011,,,25214200,2,7.4041351,3
1051013,,,25214200,2,8.1019198,10
1051016,,,25214200,2,8.273832,4
1051021,,,25377100,2,7.6128866,2
1051022,,,25377100,2,10.2648958,3
1051025,,,25269100,1,58.1608319,3
1051045,,,25290100,2,58.9184647,3
1051046,,,25260100,2,12.9725898,15
1051049,,,25260100,2,11.0334628,2
1051050,,,25260100,2,9.6111495,3
1051053,,,25214200,3,8.0341252,6
1051058,,,25214200,2,12.1373386,10
1051059,,,25214200,2,7.3664215,5
1051060,,,25214200,2,8.2268168,3
1051061,,,25214200,2,14.4440127,35
1051066,,,25214200,3,6.7195241,5
1051071,,,25290100,2,68.5320243,2
1051076,,,25099100,3,6.3931947,8
1051077,,,25099100,3,3.6594059,4
1051080,,,25175200,2,9.3717489,3
1051083,,,25175200,2,8.7937302,24
1051084,,,25175200,6,9.9242161,15
1051098,,,25175100,2,27.826223,5
1051101,,,25175100,2,48.0308701,2
1051105,,,25175100,2,37.3489476,24
1051107,,,25175100,2,44.4621224,21
1051109,,,25175100,2,60.1853555,24
1051113,,,25754200,2,2.3338738,8
1051126,,,25099100,2,4.469888,6
1051127,,,25740100,2,9.1442311,10
1051133,,,25473100,3,69.0878725,3
1051135,,,25899100,2,50.1466299,10
1051136,,,25899100,2,39.6132933,3
1051141,,,25899100,2,47.578423,4
1051146,,,25799100,2,3.6918259,4
1051148,,,25799100,2,8.5849933,18
1051152,,,25799100,2,8.4077147,4
1051153,,,25799100,2,9.18204,15
1051154,,,25740100,2,10.4055754,3
1051174,,,25286200,2,1.131677,3
1051176,,,25899100,2,58.752888,12
1051180,,,25899100,2,36.736491,6
1051181,,,25899100,2,59.2998148,4
1051189,,,25286200,2,1.131677,3
1051195,,,25754200,2,3.0027278,3
1051214,,,25286200,2,1.131677,10
1051219,,,25899100,2,45.2553528,8
1051223,,,25286200,2,1.131677,14
1051224,,,25286100,1,55.256202,8
1051226,,,25899100,1,48.8638158,3
1051227,,,25899100,1,58.8278519,10
1051229,,,25899100,2,71.8785634,4
1051230,,,25899100,2,40.9851633,2
1051398,,,25175200,2,6.8229814,3
1051427,,,25430100,2,45.0105442,2
1051428,,,25430100,2,46.3860906,3
1051429,,,25430100,3,56.8978088,3
1051430,,,25430100,3,59.2961912,4
1051431,,,25430100,3,56.5557606,8
1051432,,,25430100,3,54.1573782,3
1051433,,,25430100,2,59.8951426,8
1051436,,,25430100,2,62.839734,4
1051439,,,25430100,3,49.2339802,3
1051445,,,25430100,3,56.8978088,3
1051446,,,25430100,3,77.4489705,5
1051448,,,25430100,4,39.7729536,2
1051454,,,25290100,3,85.8996457,12
1051456,,,25290100,2,77.7283944,8
1051458,,,25290100,2,64.303759,9
1051462,,,25269100,2,70.7856414,8
1051466,,,25290100,2,64.3169241,3
1051471,,,25269100,2,73.0755936,3
1051472,,,25754200,2,3.2453785,4
1051475,,,25290100,2,53.77346,3
1051478,,,25377100,2,6.3819773,10
1051481,,,25269100,2,85.4118903,5
1051483,,,25377100,2,7.9039697,3
1051495,,,25126100,2,24.9433406,6
1051500,,,25126100,3,55.0648676,3
1051511,,,25430100,2,49.981456,3
1051513,,,25430100,2,66.7977505,4
1051516,,,25269100,1,77.3851206,14
1051517,,,25269100,1,78.8501231,10
1051522,,,25269100,1,73.7791825,8
1051525,,,25430100,2,62.3544729,4
1051526,,,25430100,2,55.4443162,4
1051534,,,25430100,2,61.9759982,7
1051538,,,25286100,3,44.7174434,3
1051542,,,25430100,3,28.2064799,3
1051545,,,25769100,2,4.8396385,8
1051548,,,25769100,2,6.8651625,5
1051557,,,25377200,1,16.4614712,4
1051558,,,25377200,1,16.7256041,4
1051562,,,25377200,1,15.161628,8
1051564,,,25377200,1,8.8683695,3
1051567,,,25377200,1,13.0291334,2
1051572,,,25430100,4,54.1573782,3
1051574,,,25377200,3,8.8568929,6
1051587,,,25473200,1,1.1996481,3
1051597,,,25260100,3,8.3447107,4
1051607,,,25260100,3,15.0511263,6
1051615,,,25898100,3,1.3294633,2
1051621,,,25898100,2,1.3320507,5
1051622,,,25898100,2,1.3275359,3
1051623,,,25898100,2,1.3359056,3
1051625,,,25898100,2,1.3155928,4
1051632,,,25898100,2,1.2834557,2
1051634,,,25898100,2,1.3283799,18
1051635,,,25290100,3,76.6603505,3
1051638,,,25290100,3,47.2026048,3
1051653,,,25175200,2,13.2369046,3
1051654,,,25175200,2,13.4439629,12
1051656,,,25175100,2,60.3671566,3
1051661,,,25175100,2,26.1130944,4
1051666,,,25175100,2,44.0013031,3
1051668,,,25898100,1,1.3087487,18
1051670,,,25430100,2,79.423641,15
1051673,,,25898100,2,1.3301233,12
1051675,,,25898100,2,1.3175056,3
1051677,,,25430100,2,53.0728545,8
1051680,,,25430100,2,50.4240135,3
1051683,,,25430100,2,61.4027866,8
1051687,,,25430100,2,62.6632543,4
1051688,,,25430100,3,42.2142916,5
1051699,,,25898100,2,1.387392,10
1051701,,,25898100,2,1.387392,5
1051710,,,25898100,2,1.2904967,7
1051713,,,25898100,2,1.3846971,2
1051714,,,25898100,1,1.3759797,2
1051716,,,25260100,2,11.037268,18
1051717,,,25769100,2,5.9173758,8
1051719,,,25769100,2,3.5651448,3
1051720,,,25785100,3,4.3309883,12
1051726,,,25898100,3,1.2878419,4
1051727,,,25898100,2,1.2859694,15
1051730,,,25377200,2,11.0654802,6
1051735,,,25740100,2,15.6278318,2
1051736,,,25740100,2,10.4204963,2
1051740,,,25898100,2,1.9698393,6
1051746,,,25269100,2,46.1789551,3
1051747,,,25269100,1,73.6456498,4
1051753,,,25269100,2,83.6641309,18
1051754,,,25269100,2,66.8598129,8
1051756,,,25269100,1,74.9778274,15
1051758,,,25214200,2,3.8106221,5
1051768,,,25214200,2,8.2268168,3
1051772,,,25214200,2,8.2093198,3
1051778,,,25430100,2,46.4851379,3
1051779,,,25430100,2,31.1060429,8
1051782,,,25898100,2,1.9858417,3
1051784,,,25898100,2,2.0178371,10
1051788,,,25898100,3,1.7975916,10
1051793,,,25898100,2,1.805444,2
1051796,,,25214200,2,8.5312148,3
1051797,,,25214200,2,8.1941684,2
1051800,,,25214200,2,8.57823,4
1051810,,,25214200,2,6.4947861,4
1051811,,,25214200,2,7.3520547,5
1051822,,,25126100,2,29.6129555,3
1051830,,,25175200,3,13.2522981,6
1051833,,,25175200,3,10.7688886,8
1051835,,,25175200,3,12.6282053,15
1051841,,,25175200,3,12.8773317,6
1051844,,,25175200,3,14.3366073,5
1051846,,,25175200,3,12.8368637,4
1051862,,,25286200,1,1.131677,4
1051863,,,25758200,2,5.4821735,4
1051869,,,25758200,2,4.0892918,4
1051877,,,25286200,1,1.131677,6
1051899,,,25758200,3,5.7097644,3
1051911,,,25754100,1,400.7223718,4
1051914,,,25754100,1,394.6453258,4
1051918,,,25899100,1,52.5460705,15
1051919,,,25899100,4,51.277863,4
1051926,,,25899100,2,49.9963509,2
1051932,,,25899100,2,64.2001631,6
1051938,,,25175100,2,75.7144704,4
1052030,,,25899100,2,67.1051446,5
1052031,,,25799100,3,7.9347635,5
1052035,,,25899100,2,48.016773,4
1052044,,,25899100,1,56.2672074,8
1052045,,,25899100,1,63.1649362,10
1052050,,,25899100,3,55.6748234,5
1052053,,,25377100,3,10.5832916,4
1052055,,,25754200,9,3.2116484,8
1052062,,,25473100,3,62.6753396,3
1052068,,,25740100,2,9.8325975,18
1052073,,,25473100,2,43.6911754,3
1052074,,,25290100,2,75.5913025,3
1052078,,,25290100,2,59.1556854,6
1052080,,,25214100,2,13.4118682,3
1052083,,,25214100,2,13.4118682,3
1052086,,,25214100,2,16.6578389,3
1052088,,,25214100,2,16.6311957,10
1052090,,,25290100,2,68.3935853,8
1052091,,,25290100,2,54.0747008,4
1052094,,,25290100,2,74.5368784,3
1052096,,,25290100,2,68.4555794,6
1052099,,,25269100,1,57.573361,4
1052101,,,25269100,1,68.0917763,10
1052106,,,25214100,2,12.9831922,3
1052110,,,25214100,2,13.2909521,8
1052190,32,4,11001157,2,66.4059127,5
1052194,81,8,11001128,2,21.0381483,4
1052196,81,8,11001128,2,24.9559333,3
1052197,81,8,11001128,2,22.6763793,5
1052203,86,7,11001120,2,35.8737061,4
1052209,86,7,11001120,2,74.8836812,4
1052215,98,12,11001142,3,10.423941,5
1052217,811,5,11001184,2,33.5151653,8
1052219,52,5,11001135,1,7.9333182,7
1052220,811,5,11001184,1,34.1875343,6
1052226,811,5,11001184,2,32.1546874,8
1052227,811,5,11001184,2,33.803284,8
1052228,811,5,11001184,2,35.2180853,4
1052229,811,5,11001184,2,20.3896277,5
1052232,811,5,11001184,2,27.0908348,4
1052233,811,5,11001184,2,26.21384,8
1052235,811,5,11001184,2,22.4526431,3
1052236,811,5,11001184,2,21.0585123,6
1052237,52,5,11001135,1,10.7271909,12
1052239,57,5,11001129,1,37.129637,18
1052240,57,5,11001129,1,83.0720016,8
1052241,811,5,11001184,2,29.188436,3
1052247,55,18,11001119,2,28.8403916,8
1052249,57,5,11001129,1,82.2897,8
1052254,811,5,11001184,2,34.2853469,18
1052256,55,18,11001119,2,32.8744862,4
1052258,55,18,11001119,2,25.698713,3
1052261,55,18,11001119,2,23.1642777,5
1052268,55,18,11001119,2,32.8616524,8
1052269,55,18,11001119,2,30.8693249,3
1052270,811,5,11001184,1,20.3172637,6
1052273,55,18,11001119,2,29.8976565,5
1052275,55,18,11001119,2,30.1889284,6
1052280,52,5,11001135,1,9.3939791,24
1052285,55,18,11001119,2,35.935088,24
1052288,55,18,11001119,1,36.1059647,3
1052289,55,18,11001119,1,25.7416277,4
1052292,62,6,11001171,2,11.4681204,12
1052404,811,5,11001184,2,23.0122351,5
1052411,62,6,11001171,2,16.5227923,8
1052417,55,18,11001119,1,28.8674629,8
1052429,85,7,11001106,2,113.6595362,10
1052431,85,7,11001106,2,102.6975769,3
1052433,85,7,11001106,2,72.50085,5
1052434,85,7,11001106,2,80.0545534,3
1052436,55,18,11001119,1,36.4451517,3
1052437,802,8,11001175,2,63.3443454,5
1052439,55,18,11001119,1,31.8321961,10
1052448,85,7,11001106,2,78.1627149,5
1052449,85,7,11001106,2,45.0746413,8
1052455,85,7,11001106,2,107.5164097,8
1052456,85,7,11001106,2,117.5955064,18
1052517,802,8,11001175,2,66.2638743,6
1052519,55,18,11001119,2,31.4772807,21
1052543,811,5,11001184,2,32.2253451,4
1052544,811,5,11001184,2,40.3386199,3
1052577,52,5,11001135,1,6.9677815,5
1052578,52,5,11001135,1,8.3842272,7
1052581,52,5,11001135,1,7.4337772,14
1052583,94,17,11001134,3,6.5569462,4
1052597,811,5,11001184,2,26.8735301,12
1052600,36,18,11001192,3,32.7200381,2
1052603,52,5,11001135,1,9.5014254,3
1052605,52,5,11001135,1,7.2218657,5
1052606,52,5,11001135,1,11.3471557,10
1052608,52,5,11001135,1,10.3328183,5
1052609,52,5,11001135,1,7.7990831,8
1052612,52,5,11001135,1,9.2582512,3
1052615,52,5,11001135,1,14.2209044,18
1052617,35,15,11001113,3,12.0742609,3
1052704,52,5,11001135,1,12.8226173,5
1052705,52,5,11001135,1,11.6994256,4
1052743,81,8,11001128,2,33.0847137,4
1052747,81,8,11001128,2,20.323786,3
1052759,81,8,11001128,2,24.278788,4
1052763,43,16,11001161,3,27.2553425,3
1052765,43,16,11001161,3,25.484676,3
1052767,43,16,11001161,3,20.5165161,6
1052769,95,3,11001139,2,8.3981565,8
1052770,95,3,11001139,2,14.7813979,10
1052787,47,8,11001133,3,39.2366862,8
1052803,102,14,11001138,3,5.7460199,10
1052835,44,8,11001102,3,51.8690011,2
1052852,11,1,11001158,3,18.6546306,4
1052861,77,9,11001173,2,24.6974431,2
1052875,54,18,11001148,2,24.1544277,2
1052878,54,18,11001148,2,46.9949872,8
1052906,77,9,11001173,2,28.1599514,4
1052933,54,18,11001148,2,19.7627136,10
1052935,54,18,11001148,2,55.2438364,3
1052937,54,18,11001148,2,39.789195,8
1052942,54,18,11001148,2,29.8975707,4
1052965,44,8,11001102,3,37.0884175,2
1052972,71,11,11001166,2,126.7873152,5
1052974,71,11,11001166,2,137.6355889,4
1052978,71,11,11001166,3,67.4753796,3
1052980,71,11,11001166,3,73.2671136,4
1052984,71,11,11001166,2,148.5250446,6
1052987,71,11,11001166,2,71.0184381,3
1052991,71,11,11001166,2,69.5305167,14
1052992,71,11,11001166,2,128.7125507,4
1052993,71,11,11001166,2,87.0473135,5
1052995,71,11,11001166,2,125.8802285,4
1053000,71,11,11001166,2,120.9966206,7
1053001,71,11,11001166,2,133.8475059,4
1053007,71,11,11001166,2,155.0714617,8
1053008,71,11,11001166,2,214.6538553,5
1053010,71,11,11001166,2,183.4587716,4
1053013,71,11,11001166,2,195.4356045,6
1053016,71,11,11001166,2,115.3897756,10
1053019,80,8,11001118,2,14.8993541,8
1053031,71,11,11001166,2,90.4918895,5
1053034,71,11,11001166,2,71.0912929,4
1053042,71,11,11001166,2,121.5968919,8
1053046,71,11,11001166,2,92.0069357,12
1053047,71,11,11001166,2,106.2563214,2
1053048,71,11,11001166,2,106.2563214,2
1053054,71,11,11001166,2,105.0478213,2
1053055,71,11,11001166,2,89.8319996,10
1053056,71,11,11001166,2,161.5937418,4
1053061,71,11,11001166,2,83.6426688,12
1053063,71,11,11001166,2,87.9278206,4
1053068,71,11,11001166,2,105.4043872,3
1053069,71,11,11001166,2,73.7900452,4
1053071,71,11,11001166,2,137.6286354,8
1053073,71,11,11001166,2,134.392566,3
1053074,71,11,11001166,2,99.8139619,2
1053079,54,18,11001148,2,21.738985,3
1053080,54,18,11001148,2,65.7848039,5
1053081,54,18,11001148,2,24.4780048,10
1053085,54,18,11001148,2,30.472531,5
1053088,53,18,11001191,3,20.6898612,5
1053089,94,17,11001134,2,6.6046697,2
1053090,94,17,11001134,2,8.1374584,8
1053091,48,8,11001167,2,60.6490471,4
1053105,48,8,11001167,2,32.8447361,4
1053113,812,5,11001185,1,29.8944363,8
1053118,816,2,11001189,4,27.7687173,2
1053129,42,6,11001172,3,98.9537872,20
1053131,42,6,11001172,3,68.5672427,4
1053135,42,6,11001172,3,119.0180841,4
1053138,80,8,11001118,1,16.0342295,3
1053141,42,6,11001172,3,70.2024591,4
1053142,42,6,11001172,2,119.7205077,10
1053144,812,5,11001185,1,36.6171432,36
1053145,812,5,11001185,1,27.6841388,2
1053147,42,6,11001172,2,83.35698,8
1053164,86,7,11001120,2,49.7309251,5
1053168,11,1,11001158,3,26.7912203,4
1053184,84,7,11001107,2,120.8105399,5
1053190,84,7,11001107,2,61.4737497,4
1053192,86,7,11001120,2,56.4760598,15
1053206,83,8,11001141,2,11.5807724,10
1053214,83,8,11001141,2,15.5078402,4
1053255,816,2,11001189,4,43.6177151,4
1053283,27,11,11001164,3,99.1762095,8
1053284,27,11,11001164,3,79.3623796,3
1053288,27,11,11001164,3,80.606597,3
1053290,27,11,11001164,3,109.4442464,4
1053303,81,8,11001128,2,13.3935088,3
1053305,81,8,11001128,2,35.696188,8
1053312,32,4,11001157,2,42.5531711,4
1053321,32,4,11001157,2,52.9140118,10
1053324,89,2,11001160,2,5.4402683,6
1053336,815,19,11001188,1,25.9064267,10
1053337,815,19,11001188,1,22.5746858,12
1053339,815,19,11001188,1,17.6048457,3
1053340,815,19,11001188,1,23.000311,5
1053346,815,19,11001188,1,18.5584415,6
1053352,50,4,11001136,2,28.6903946,12
1053354,50,4,11001136,2,33.6658634,3
1053358,50,4,11001136,2,38.1683757,3
1053359,50,4,11001136,2,46.4448357,4
1053364,50,4,11001136,2,30.0718835,2
1053368,48,8,11001167,3,26.6680178,5
1053373,804,1,11001177,3,14.3541609,10
1053386,32,4,11001157,1,61.8551512,10
1053395,82,8,11001153,2,32.9695043,4
1053398,82,8,11001153,2,46.6648881,4
1053403,82,8,11001153,2,27.8077813,8
1053404,82,8,11001153,2,32.9695043,4
1053406,39,18,11001155,3,29.8086653,3
1053441,807,12,11001180,3,35.5206522,3
1053443,807,12,11001180,3,25.6831546,2
1053451,812,5,11001185,1,33.6952111,32
1053453,812,5,11001185,2,32.6422634,5
1053454,812,5,11001185,2,26.3144272,2
1053457,812,5,11001185,2,31.8929254,3
1053460,812,5,11001185,2,31.1857295,15
1053463,812,5,11001185,1,28.4656737,18
1053473,812,5,11001185,1,28.7006513,3
1053475,812,5,11001185,2,31.2422949,4
1053479,812,5,11001185,1,29.6806221,24
1053481,812,5,11001185,1,18.2532783,2
1053496,11,1,11001158,3,29.6346162,3
1053500,812,5,11001185,1,18.7898459,8
1053502,812,5,11001185,1,21.7731838,8
1053504,812,5,11001185,1,16.1907119,2
1053519,38,15,11001156,3,28.1919457,3
1053521,76,9,11001125,3,12.398096,3
1053552,96,3,11001146,2,15.8090886,8
1053588,816,2,11001189,2,27.7049657,5
1053590,816,2,11001189,1,39.2559436,8
1053596,86,7,11001120,1,76.9871434,4
1053598,80,8,11001118,2,18.6874403,6
1053606,58,5,11001117,2,29.3881794,2
1053608,65,19,11001104,2,60.2408235,5
1053618,70,19,11001132,1,23.522983,12
1053619,86,7,11001120,2,55.6319065,8
1053623,45,8,11001111,2,44.1423438,3
1053625,45,8,11001111,2,20.2302807,3
1053626,45,8,11001111,2,61.3719897,12
1053634,100,13,11001126,4,19.9550425,3
1053635,100,13,11001126,4,20.4793007,6
1053645,52,5,11001135,1,8.0180533,5
1053654,58,5,11001117,2,61.9746603,14
1053665,76,9,11001125,3,12.398096,3
1053666,76,9,11001125,3,11.237333,5
1053677,58,5,11001117,2,30.9233122,10
1053689,86,7,11001120,1,59.4196254,8
1053690,11,1,11001158,3,26.3505275,3
1053708,14,1,11001193,5,36.3248982,5
1053709,54,18,11001148,3,45.2563438,5
1053712,54,18,11001148,2,24.1544277,5
1053714,54,18,11001148,1,46.5077998,4
1053723,86,7,11001120,2,56.8007207,4
1053725,86,7,11001120,1,64.1255311,3
1053728,75,9,11001124,3,60.685972,4
1053729,86,7,11001120,2,61.1757189,8
1053756,54,18,11001148,2,78.6620634,8
1053757,54,18,11001148,1,62.8673508,7
1053760,86,7,11001120,1,61.1757189,4
1053766,812,5,11001185,1,21.7687245,2
1053769,812,5,11001185,1,26.9143875,2
1053770,86,7,11001120,1,78.9063531,12
1053778,44,8,11001102,3,29.781572,3
1053779,812,5,11001185,1,22.6622911,10
1053781,812,5,11001185,1,27.0955176,8
1053794,28,11,11001122,3,157.3687034,3
1053796,28,11,11001122,3,129.2191534,6
1053813,98,12,11001142,3,19.6603253,10
1053814,98,12,11001142,3,16.1588626,10
1053826,76,9,11001125,3,12.6152795,3
1053834,76,9,11001125,2,18.5937127,4
1053838,11,1,11001158,3,28.3450299,4
1053842,812,5,11001185,1,28.0356176,15
1053900,11,1,11001158,3,30.9773316,6
1053903,11,1,11001158,3,21.2733398,2
1053909,39,18,11001155,3,64.4992506,10
1053911,33,4,11001163,3,23.0624323,3
1053918,12,1,11001170,4,25.6740753,6
1053938,29,10,11001149,3,61.9514953,4
1053944,29,10,11001149,3,62.089837,4
1053945,29,10,11001149,3,47.5327977,3
1053955,29,10,11001149,3,48.0838076,5
1053960,29,10,11001149,3,45.2564342,15
1053961,29,10,11001149,3,44.0751355,3
1053972,116,10,11001197,3,9.5294596,4
1054001,76,9,11001125,3,14.9265672,8
1054019,81,8,11001128,2,42.9252235,10
1054042,89,2,11001160,2,7.3561009,5
1054044,89,2,11001160,2,6.6418683,4
1054046,9,1,11001194,3,52.3308823,3
1054058,89,2,11001160,2,6.7373648,3
1054060,89,2,11001160,2,6.4011589,5
1054061,26,10,11001140,3,44.5877463,2
1054075,101,13,11001165,4,19.7167954,6
1054081,44,8,11001102,3,43.62461,3
1054083,65,19,11001104,3,45.8288526,3
1054092,65,19,11001104,3,32.2615378,3
1054101,83,8,11001141,2,14.5142748,4
1054104,116,10,11001197,3,4.2736307,12
1054106,116,10,11001197,3,7.0921369,3
1054112,80,8,11001118,2,27.7323694,4
1054123,62,6,11001171,2,10.4925295,4
1054125,62,6,11001171,2,19.6616295,3
1054141,41,16,11001151,3,22.1922925,4
1054143,41,16,11001151,3,22.0835209,5
1054149,62,6,11001171,2,18.3586581,8
1054152,12,1,11001170,4,21.1606439,4
1054153,33,4,11001163,3,20.746624,3
1054158,41,16,11001151,3,23.7193916,4
1054168,40,16,11001114,3,73.694012,3
1054177,41,16,11001151,3,26.6121297,3
1054185,815,19,11001188,2,16.5780498,3
1054195,67,19,11001147,2,46.9065617,2
1054198,33,4,11001163,3,19.9534115,3
1054200,811,5,11001184,1,21.5322218,15
1054201,811,5,11001184,1,44.350841,4
1054208,803,1,11001176,6,68.2772214,10
1054209,80,8,11001118,1,27.3436241,3
1054221,53,18,11001191,2,21.3664075,4
1054222,53,18,11001191,2,25.4834065,4
1054234,53,18,11001191,2,24.4519377,3
1054237,53,18,11001191,2,37.2996316,4
1054243,815,19,11001188,1,22.8774205,10
1054244,815,19,11001188,1,16.3345971,6
1054245,815,19,11001188,1,16.6132717,10
1054268,53,18,11001191,2,26.0893967,10
1054272,54,18,11001148,2,24.1544277,2
1054274,54,18,11001148,2,62.0103997,4
1054279,33,4,11001163,3,21.353729,8
1054281,33,4,11001163,3,28.3738539,10
1054286,96,3,11001146,2,29.9102145,3
1054287,41,16,11001151,3,35.6566017,4
1054290,41,16,11001151,3,31.6672243,2
1054292,67,19,11001147,1,52.151314,3
1054296,66,19,11001159,2,22.8932813,2
1054297,66,19,11001159,2,31.5864916,6
1054299,67,19,11001147,1,76.8547597,4
1054302,67,19,11001147,1,73.8499539,3
1054303,67,19,11001147,1,73.9326228,3
1054309,67,19,11001147,1,45.4685121,4
1054310,67,19,11001147,1,44.6899422,3
1054321,48,8,11001167,2,61.0028766,40
1054327,815,19,11001188,1,21.2171386,4
1054329,815,19,11001188,1,22.87588,5
1054331,815,19,11001188,1,23.2290507,15
1054332,815,19,11001188,1,29.8595618,4
1054333,815,19,11001188,1,27.5587349,24
1054334,815,19,11001188,1,28.5453851,4
1054335,815,19,11001188,1,14.7703306,6
1054337,815,19,11001188,1,18.2043608,15
1054343,41,16,11001151,3,45.4731827,6
1054348,809,16,11001182,1,4.9063194,10
1054349,809,16,11001182,1,4.9063194,15
1054352,809,16,11001182,3,7.0044314,3
1054359,809,16,11001182,2,8.8598013,2
1054361,809,16,11001182,2,8.8598013,2
1054365,809,16,11001182,3,3.4344236,8
1054373,48,8,11001167,2,37.7544061,5
1054377,809,16,11001182,3,7.0044314,3
1054379,809,16,11001182,3,8.2630211,4
1054383,809,16,11001182,3,7.0044314,3
1054394,809,16,11001182,1,4.9063194,24
1054401,809,16,11001182,3,8.2630211,4
1054409,55,18,11001119,2,36.2823931,6
1054410,55,18,11001119,2,36.2948758,18
1054411,55,18,11001119,2,27.9673462,16
1054416,811,5,11001184,1,61.2241308,3
1054423,50,4,11001136,2,33.201684,4
1054426,50,4,11001136,2,32.6784139,4
1054428,102,14,11001138,3,21.6069978,3
1054432,102,14,11001138,2,18.7410575,10
1054434,102,14,11001138,2,11.5528156,10
1054444,102,14,11001138,3,15.2409997,4
1054453,33,4,11001163,3,22.9181828,8
1054458,41,16,11001151,3,18.1352649,4
1054461,41,16,11001151,3,21.2080937,8
1054465,815,19,11001188,1,23.2457337,4
1054470,815,19,11001188,1,18.1643383,4
1054484,810,10,11001183,3,66.7528122,4
1054485,810,10,11001183,3,35.2388448,3
1054489,33,4,11001163,3,27.1620917,5
1054496,45,8,11001111,2,32.9132276,4
1054506,27,11,11001164,2,77.3919399,5
1054507,811,5,11001184,1,30.1641094,4
1054508,811,5,11001184,1,31.3049647,8
1054523,53,18,11001191,2,23.5907768,5
1054527,811,5,11001184,2,38.2407911,3
1054531,81,8,11001128,2,10.7148071,6
1054536,39,18,11001155,3,43.4246687,4
1054537,39,18,11001155,3,49.2303913,2
1054544,39,18,11001155,3,37.4082386,28
1054545,811,5,11001184,1,39.2897286,3
1054549,39,18,11001155,3,44.4208689,3
1054551,53,18,11001191,2,26.1105803,3
1054552,53,18,11001191,3,24.9965282,2
1054555,53,18,11001191,2,18.1149012,3
1054576,815,19,11001188,1,19.9223862,14
1054579,815,19,11001188,1,16.6400943,20
1054581,95,3,11001139,2,17.8977639,24
1054584,95,3,11001139,2,5.518332,16
1054591,53,18,11001191,2,20.909167,8
1054594,92,3,11001137,2,8.2639055,3
1054600,92,3,11001137,2,7.0534062,12
1054604,811,5,11001184,2,32.4403268,12
1054611,29,10,11001149,3,47.0334166,4
1054616,29,10,11001149,3,46.2116174,4
1054617,29,10,11001149,3,69.7559846,4
1054630,55,18,11001119,1,25.3299973,4
1054635,24,11,11001152,5,26.5949854,3
1054641,66,19,11001159,2,10.8402427,3
1054644,67,19,11001147,1,77.6658822,10
1054647,67,19,11001147,1,27.9635997,14
1054648,67,19,11001147,1,52.8492359,8
1054650,67,19,11001147,1,36.6710026,14
1054652,67,19,11001147,1,54.6948274,12
1054664,53,18,11001191,2,28.3721313,8
1054666,53,18,11001191,3,27.772201,3
1054678,808,13,11001181,5,16.451409,3
1054683,808,13,11001181,5,18.4837854,8
1054684,811,5,11001184,2,33.6155166,3
1054691,44,8,11001102,2,34.176241,10
1054697,44,8,11001102,2,43.9619565,12
1054710,44,8,11001102,2,33.2642566,4
1054715,24,11,11001152,3,27.8298182,3
1054721,45,8,11001111,2,43.9171278,3
1054725,86,7,11001120,2,46.7705083,2
1054726,86,7,11001120,2,43.2119211,4
1054727,44,8,11001102,2,39.9450759,8
1054729,44,8,11001102,2,33.2642566,4
1054733,815,19,11001188,1,24.9788299,10
1054735,815,19,11001188,1,30.6983369,4
1054736,815,19,11001188,1,22.3933029,4
1054738,815,19,11001188,1,22.239464,2
1054741,815,19,11001188,1,23.9038137,24
1054742,815,19,11001188,1,18.7994468,10
1054743,815,19,11001188,1,20.6777924,8
1054744,815,19,11001188,1,19.7690644,15
1054746,812,5,11001185,1,23.3095602,10
1054747,812,5,11001185,1,22.9798796,6
1054749,44,8,11001102,3,45.3943956,4
1054755,76,9,11001125,3,12.8801449,3
1054761,811,5,11001184,2,36.1136755,7
1054766,96,3,11001146,2,18.8153041,8
1054778,33,4,11001163,3,25.387169,5
1054781,33,4,11001163,3,26.4135259,3
1054782,76,9,11001125,3,15.1847123,4
1054785,76,9,11001125,3,10.2423014,12
1054787,102,14,11001138,2,18.0080099,3
1054791,102,14,11001138,2,17.9298231,5
1054802,86,7,11001120,2,51.935703,4
1054810,87,7,11001169,2,43.4445604,5
1054838,27,11,11001164,3,64.064097,3
1054842,87,7,11001169,2,47.0028892,6
1054853,19,11,11001121,4,46.0836508,5
1054854,19,11,11001121,4,46.0077101,8
1054859,73,10,11001127,2,105.4915179,4
1054863,811,5,11001184,1,20.3217926,6
1054867,50,4,11001136,2,26.9707694,2
1054874,50,4,11001136,2,43.8715031,2
1054877,102,14,11001138,3,16.9650659,4
1054882,102,14,11001138,3,28.8806074,2
1054887,37,14,11001162,3,31.2290622,15
1054891,37,14,11001162,3,18.2540334,3
1054894,37,14,11001162,3,14.7723505,10
1054895,37,14,11001162,3,16.7606913,12
1054902,87,7,11001169,2,36.3724034,4
1054912,50,4,11001136,2,28.4074952,3
1054914,50,4,11001136,2,31.4736385,4
1054917,50,4,11001136,2,29.3158581,2
1054922,50,4,11001136,2,41.3854457,4
1054961,12,1,11001170,4,26.3262933,4
1054968,9,1,11001194,3,79.6004748,4
1054977,9,1,11001194,3,74.7452371,5
1054983,9,1,11001194,3,60.0127655,12
1054985,12,1,11001170,3,22.6894351,5
1055007,85,7,11001106,2,49.7501727,12
1055008,85,7,11001106,2,95.3791581,4
1055011,85,7,11001106,2,106.0285716,4
1055012,85,7,11001106,2,132.1493427,4
1055013,85,7,11001106,2,123.3300845,8
1055016,85,7,11001106,2,96.4090461,2
1055024,85,7,11001106,2,96.2569165,3
1055026,85,7,11001106,2,77.033998,2
1055033,85,7,11001106,2,113.9645105,8
1055036,85,7,11001106,2,126.579432,35
1055037,85,7,11001106,2,99.5069228,6
1055045,85,7,11001106,2,93.662185,2
1055048,85,7,11001106,2,84.7373977,2
1055078,92,3,11001137,2,11.5336649,14
1055080,92,3,11001137,2,8.980246,3
1055082,58,5,11001117,2,53.3571272,8
1055092,58,5,11001117,2,36.0549423,2
1055094,58,5,11001117,2,50.6120244,4
1055119,19,11,11001121,4,45.1175736,4
1055122,19,11,11001121,3,53.5448619,12
1055127,62,6,11001171,2,33.3964415,4
1055129,62,6,11001171,2,16.1465569,3
1055130,62,6,11001171,2,16.1465569,3
1055140,67,19,11001147,2,57.9182367,3
1055141,815,19,11001188,2,30.5651112,4
1055143,67,19,11001147,2,97.4325259,4
1055145,67,19,11001147,1,62.8320017,12
1055155,815,19,11001188,1,20.5408722,4
1055162,77,9,11001173,2,33.6996181,3
1055191,75,9,11001124,2,72.9892992,3
1055192,75,9,11001124,3,68.4427232,4
1055203,58,5,11001117,2,41.763931,8
1055204,58,5,11001117,2,45.1101969,4
1055205,52,5,11001135,1,6.97203,3
1055209,12,1,11001170,4,29.8978206,4
1055213,67,19,11001147,1,56.908952,2
1055238,77,9,11001173,2,28.8952077,3
1055239,77,9,11001173,2,26.8584694,2
1055244,58,5,11001117,2,44.9884662,4
1055249,67,19,11001147,2,62.0999386,3
1055251,67,19,11001147,2,45.0591041,3
1055252,67,19,11001147,3,71.6055598,15
1055253,67,19,11001147,2,61.610519,3
1055254,67,19,11001147,2,62.9157571,4
1055257,67,19,11001147,2,80.0914242,4
1055268,815,19,11001188,2,31.5629033,5
1055270,815,19,11001188,2,26.3815814,5
1055271,815,19,11001188,2,28.4005765,8
1055277,96,3,11001146,2,17.7798812,3
1055279,96,3,11001146,2,17.1353994,2
1055280,96,3,11001146,2,26.2785551,4
1055285,96,3,11001146,2,17.3582623,6
1055292,30,10,11001108,3,74.2774869,3
1055296,30,10,11001108,3,74.2774869,3
1055298,75,9,11001124,2,77.9229586,8
1055303,803,1,11001176,6,30.0569275,6
1055308,48,8,11001167,3,46.324174,3
1055317,100,13,11001126,3,18.2472437,3
1055321,100,13,11001126,3,21.9898822,3
1055323,24,11,11001152,5,31.8352894,4
1057869,23,11,11001112,3,35.0080042,2
1057870,23,11,11001112,4,40.0942846,3
1057886,80,8,11001118,1,20.9780143,2
1057912,67,19,11001147,1,111.8290984,8
1057913,67,19,11001147,1,76.8371574,14
1057914,67,19,11001147,1,88.6671288,3
1057929,35,15,11001113,3,10.1382946,4
1057933,53,18,11001191,3,23.1781844,3
1057938,53,18,11001191,3,22.2576528,6
1057943,52,5,11001135,1,8.3428305,15
1057946,53,18,11001191,3,23.4058286,8
1057948,53,18,11001191,3,28.3691532,4
1057957,62,6,11001171,2,19.6917781,10
1057958,42,6,11001172,3,71.2024907,8
1057971,52,5,11001135,1,5.700321,4
1057973,52,5,11001135,1,5.697479,3
1057983,62,6,11001171,2,22.2642943,4
1057986,52,5,11001135,1,5.5158286,4
1057990,52,5,11001135,1,6.6501998,8
1057991,52,5,11001135,1,5.9760257,3
1058000,807,12,11001180,4,31.615343,4
1058003,62,6,11001171,2,21.0949493,10
1058022,810,10,11001183,4,28.450743,2
1058044,52,5,11001135,1,6.8406644,6
1058052,36,18,11001192,3,28.8543819,8
1058058,36,18,11001192,3,27.8452875,3
1058066,36,18,11001192,3,24.6731428,8
1058070,52,5,11001135,1,8.043457,8
1058071,52,5,11001135,1,8.0262845,3
1058076,58,5,11001117,2,40.531773,3
1058079,87,7,11001169,2,34.3835948,2
1058080,87,7,11001169,1,46.8399806,4
1058083,52,5,11001135,1,6.9619344,3
1058085,52,5,11001135,1,7.8468034,2
1058088,62,6,11001171,2,10.0025826,4
1058104,58,5,11001117,2,53.9589011,12
1058118,95,3,11001139,2,12.261354,4
1058134,87,7,11001169,2,49.155811,4
1058139,58,5,11001117,2,48.9776092,10
1058153,808,13,11001181,4,13.7097823,4
1058158,812,5,11001185,1,20.8467885,3
1058166,808,13,11001181,4,20.502641,3
1058169,44,8,11001102,2,32.0246696,4
1058196,812,5,11001185,2,27.8926392,5
1058202,802,8,11001175,3,70.7928586,5
1058204,802,8,11001175,3,149.6507279,2
1058239,44,8,11001102,2,38.8161462,8
1058241,812,5,11001185,2,23.4181913,4
1058256,803,1,11001176,5,32.7683359,8
1058258,803,1,11001176,5,49.656161,5
1058268,89,2,11001160,2,6.2145131,3
1058270,812,5,11001185,2,24.8598298,6
1058274,55,18,11001119,2,26.529501,24
1058277,812,5,11001185,2,18.6857223,4
1058280,67,19,11001147,2,56.0767411,2
1058289,41,16,11001151,3,20.8428428,3
1058292,41,16,11001151,3,24.928378,12
1058295,41,16,11001151,3,13.7882787,6
1058299,81,8,11001128,2,17.156765,3
1058304,101,13,11001165,4,18.6339904,3
1058312,89,2,11001160,2,5.6486967,4
1058313,89,2,11001160,2,6.5336082,8
1058319,812,5,11001185,2,27.768894,15
1058328,92,3,11001137,3,8.9614572,8
1058329,92,3,11001137,3,9.3724551,4
1058330,92,3,11001137,2,5.788005,3
1058332,92,3,11001137,2,8.7039308,3
1058333,92,3,11001137,3,6.4675215,3
1058338,92,3,11001137,2,12.4834804,8
1058343,92,3,11001137,2,8.3447059,15
1058345,814,3,11001187,3,8.1438627,2
1058350,48,8,11001167,2,57.602355,10
1058351,48,8,11001167,3,55.2425073,8
1058353,9,1,11001194,3,43.9324537,3
1058355,9,1,11001194,2,47.3255248,3
1058357,84,7,11001107,2,97.0414168,6
1058359,35,15,11001113,3,12.2991613,8
1058362,58,5,11001117,2,41.8789888,10
1058367,812,5,11001185,2,26.3057843,8
1058372,89,2,11001160,2,4.8796598,4
1058373,89,2,11001160,2,6.5124092,4
1058375,49,7,11001103,3,16.4786509,4
1058377,49,7,11001103,2,14.9176744,4
1058382,49,7,11001103,2,12.4247394,3
1058383,49,7,11001103,3,14.7738397,10
1058402,53,18,11001191,3,27.772201,3
1058404,53,18,11001191,3,27.8036814,3
1058411,82,8,11001153,2,30.0205927,2
1058413,82,8,11001153,2,43.3310038,18
1058414,82,8,11001153,2,29.2700778,2
1058418,83,8,11001141,2,14.4639273,10
1058426,67,19,11001147,2,96.4384644,10
1058429,67,19,11001147,2,75.7036005,2
1058434,815,19,11001188,2,15.8200437,6
1058437,67,19,11001147,1,80.1048059,3
1058441,67,19,11001147,1,87.8065514,8
1058460,89,2,11001160,2,6.7500319,8
1058461,89,2,11001160,2,6.278058,4
1058463,89,2,11001160,2,6.7138372,4
1058469,84,7,11001107,2,48.5207084,3
1058487,49,7,11001103,2,12.7767442,8
1058488,49,7,11001103,2,13.6175811,5
1058499,49,7,11001103,2,16.1241173,8
1058508,49,7,11001103,3,11.7839859,3
1058510,49,7,11001103,3,13.651609,8
1058512,49,7,11001103,3,13.5641473,4
1058531,85,7,11001106,2,62.7585432,3
1058534,85,7,11001106,2,95.4550153,10
1058552,41,16,11001151,3,21.9114848,12
1058556,41,16,11001151,3,25.5996773,15
1058557,41,16,11001151,3,20.1624195,3
1058561,41,16,11001151,3,23.1587143,3
1058573,43,16,11001161,3,25.1383945,10
1058592,55,18,11001119,1,37.7623318,6
1058623,49,7,11001103,3,10.7444182,2
1058626,815,19,11001188,1,14.8626164,4
1058641,84,7,11001107,2,76.4943562,5
1058642,84,7,11001107,2,88.481543,5
1058643,55,18,11001119,1,24.1934189,8
1058673,98,12,11001142,3,34.7567213,2
1058674,87,7,11001169,1,36.5475873,28
1058682,87,7,11001169,1,54.0713921,4
1058683,87,7,11001169,1,41.1903351,4
1058684,58,5,11001117,2,34.7113435,2
1058687,55,18,11001119,1,30.664312,6
1058688,55,18,11001119,2,50.1566442,10
1058689,87,7,11001169,2,56.1189051,15
1058692,58,5,11001117,2,45.3492031,5
1058693,55,18,11001119,1,35.1618692,4
1058694,87,7,11001169,2,40.7818948,4
1058695,85,7,11001106,2,83.6768176,10
1058698,85,7,11001106,2,103.1390082,3
1058710,85,7,11001106,2,92.2164652,10
1058723,29,10,11001149,3,30.7771616,4
1058736,85,7,11001106,2,134.9473011,4
1058743,27,11,11001164,2,89.0792314,12
1058744,27,11,11001164,2,63.7294616,10
1058745,27,11,11001164,2,89.5452925,8
1058754,47,8,11001133,3,36.0059137,4
1058755,47,8,11001133,3,41.5879802,3
1058768,47,8,11001133,3,41.1209271,2
1058773,47,8,11001133,3,39.8006888,5
1058780,47,8,11001133,3,35.0852315,3
1058782,47,8,11001133,3,37.4353872,2
1058783,47,8,11001133,3,33.9363273,10
1058784,58,5,11001117,2,34.9797871,10
1058791,80,8,11001118,2,24.0037313,3
1058797,58,5,11001117,2,26.773333,8
1059202,30,10,11001108,3,49.5183246,3
1059211,30,10,11001108,3,103.8053503,4
1059212,30,10,11001108,3,92.4659621,4
1059214,30,10,11001108,3,83.8822034,8
1059221,30,10,11001108,3,51.9877311,3
1059229,95,3,11001139,2,10.2348666,8
1059230,95,3,11001139,2,9.8406954,2
1059233,52,5,11001135,1,6.7827767,10
1059237,73,10,11001127,3,48.6171797,4
1059252,62,6,11001171,2,13.0891596,12
1059254,62,6,11001171,2,12.5033005,8
1059255,62,6,11001171,2,14.0265054,4
1059258,73,10,11001127,3,59.3500918,10
1059266,815,19,11001188,1,18.8831062,2
1059270,815,19,11001188,1,14.1716553,2
1059273,55,18,11001119,1,37.5708414,4
1059275,95,3,11001139,2,9.9510171,4
1059280,55,18,11001119,1,37.2704615,8
1059289,55,18,11001119,1,35.3640614,3
1059294,28,11,11001122,2,108.3698842,3
1059296,55,18,11001119,1,36.192392,2
1059308,55,18,11001119,1,40.8310014,10
1059312,27,11,11001164,3,65.7178215,8
1059313,27,11,11001164,2,89.3456014,4
1059315,27,11,11001164,3,89.2585886,8
1059318,27,11,11001164,3,95.3451822,10
1059331,67,19,11001147,1,95.5383672,3
1059333,67,19,11001147,1,83.1293111,5
1059334,67,19,11001147,1,66.7047858,2
1059335,67,19,11001147,1,92.9148207,36
1059339,67,19,11001147,1,60.3877131,4
1059340,67,19,11001147,1,60.8281909,8
1059342,51,4,11001145,2,47.8247,24
1059343,84,7,11001107,2,59.5914766,5
1059346,84,7,11001107,2,53.0489003,12
1059355,33,4,11001163,3,24.4614671,2
1059363,75,9,11001124,3,43.7752933,5
1059370,75,9,11001124,3,54.9501639,3
1059371,75,9,11001124,3,53.5284534,8
1059374,75,9,11001124,3,52.7413139,3
1059446,75,9,11001124,3,59.2048363,8
1059448,75,9,11001124,3,59.2048363,8
1059449,87,7,11001169,2,44.4281833,4
1059450,811,5,11001184,1,41.5091178,5
1059453,51,4,11001145,2,31.2107185,6
1059459,73,10,11001127,3,86.1026016,5
1059465,58,5,11001117,1,26.0917145,6
1059466,808,13,11001181,4,37.5643671,8
1059477,26,10,11001140,3,39.0352751,4
1059495,26,10,11001140,3,48.7438937,8
1059522,51,4,11001145,2,33.124103,3
1059525,58,5,11001117,1,46.25591,3
1059526,48,8,11001167,2,56.7647068,2
1059540,29,10,11001149,3,37.499224,4
1059548,52,5,11001135,1,11.5461447,2
1059554,51,4,11001145,2,36.4798146,8
1059585,65,19,11001104,2,35.8671349,3
1059598,29,10,11001149,2,66.7225944,4
1059599,29,10,11001149,2,41.6182647,3
1059600,29,10,11001149,2,28.857503,7
1059601,29,10,11001149,2,39.6352123,3
1059611,24,11,11001152,5,52.471743,3
1059625,67,19,11001147,,94.7133557,3
1059626,67,19,11001147,,111.055451,5
1059630,67,19,11001147,1,61.3108715,6
1059632,67,19,11001147,1,103.7156723,8
1059633,67,19,11001147,1,85.5481858,2
1059635,67,19,11001147,1,59.4646038,8
1059640,67,19,11001147,1,56.0466423,2
1059654,89,2,11001160,2,5.8380198,8
1059657,85,7,11001106,2,91.1716084,4
1059661,85,7,11001106,2,102.6975769,3
1059670,85,7,11001106,2,105.7530907,4
1059671,85,7,11001106,2,110.5719234,10
1059674,85,7,11001106,2,84.7373977,2
1059675,85,7,11001106,2,114.598898,3
1059682,84,7,11001107,2,73.7680464,15
1059688,84,7,11001107,2,87.258963,10
1059692,89,2,11001160,2,4.9114588,10
1059708,20,11,11001195,5,22.107798,4
1059711,58,5,11001117,2,58.7900936,5
1059712,58,5,11001117,2,30.026756,4
1059713,811,5,11001184,1,44.2518588,16
1059727,811,5,11001184,2,45.006725,3
1059730,26,10,11001140,3,53.5765882,12
1059735,26,10,11001140,3,43.7903953,3
1059743,29,10,11001149,3,74.1778621,4
1059749,55,18,11001119,2,40.4226914,15
1059760,57,5,11001129,1,45.375701,3
1059775,83,8,11001141,2,11.5807724,5
1059776,57,5,11001129,1,53.9640483,3
1059779,77,9,11001173,2,24.1150888,5
1059782,77,9,11001173,2,28.6762512,2
1059783,77,9,11001173,2,28.1598645,4
1059787,54,18,11001148,2,24.1544277,5
1059807,83,8,11001141,2,18.7035103,4
1059818,54,18,11001148,2,76.3419077,6
1059820,811,5,11001184,1,57.2485839,40
1059825,54,18,11001148,2,37.7899536,12
1059826,54,18,11001148,2,19.7627136,6
1059827,811,5,11001184,2,28.2351908,6
1059833,811,5,11001184,2,34.2314151,8
1059834,80,8,11001118,2,18.3727133,8
1059835,83,8,11001141,2,18.7016115,3
1059837,83,8,11001141,2,11.3911281,5
1059843,80,8,11001118,2,21.7034505,2
1059844,80,8,11001118,2,11.5127588,4
1060081,43,16,11001161,3,30.7816543,2
1060089,33,4,11001163,3,20.746624,3
1060091,83,8,11001141,2,14.0726973,10
1060093,58,5,11001117,1,54.709476,2
1060096,51,4,11001145,2,38.7283108,4
1060113,43,16,11001161,3,35.1194685,4
1060130,80,8,11001118,2,19.3481729,12
1060134,36,18,11001192,2,24.4163815,2
1060141,36,18,11001192,3,22.1692946,3
1060145,36,18,11001192,3,22.465153,8
1060146,36,18,11001192,2,19.7205764,4
1060147,36,18,11001192,3,21.762955,8
1060159,49,7,11001103,2,16.3675504,12
1060166,813,9,11001186,1,11.8016859,3
1060167,49,7,11001103,2,24.8106564,12
1060184,87,7,11001169,2,55.055234,24
1060193,36,18,11001192,3,21.453419,3
1060195,49,7,11001103,2,15.9593947,5
1060201,87,7,11001169,2,46.9002327,4
1060204,80,8,11001118,1,24.4219526,12
1060227,36,18,11001192,3,19.1927366,8
1060231,36,18,11001192,3,17.3448757,2
1060233,36,18,11001192,3,28.5413577,4
1060241,36,18,11001192,3,20.6692404,6
1060246,36,18,11001192,3,22.3428627,8
1060256,28,11,11001122,2,92.7297019,4
1060258,28,11,11001122,2,66.1302105,2
1060280,74,10,11001123,2,82.7171167,2
1060281,74,10,11001123,2,92.3728871,2
1060282,74,10,11001123,2,74.8009173,8
1060285,74,10,11001123,2,81.6846914,4
1060290,67,19,11001147,2,137.8241512,8
1060291,67,19,11001147,2,101.6281733,10
1060302,49,7,11001103,2,13.5101844,8
1060333,74,10,11001123,2,95.048917,3
1060338,74,10,11001123,2,85.3831978,2
1060345,74,10,11001123,2,97.2505664,5
1060351,74,10,11001123,2,84.9718501,3
1060355,74,10,11001123,2,111.9148085,10
1060364,74,10,11001123,2,104.3185342,2
1060366,67,19,11001147,2,52.1639485,3
1060370,67,19,11001147,2,72.3775509,3
1060372,67,19,11001147,2,50.1396411,8
1060376,44,8,11001102,2,35.07057,3
1060377,45,8,11001111,2,29.4218864,4
1060380,813,9,11001186,3,11.5784504,8
1060387,813,9,11001186,3,7.9484362,4
1060402,44,8,11001102,2,31.6024728,12
1060420,58,5,11001117,1,37.052192,3
1060429,71,11,11001166,2,118.2809005,14
1060430,71,11,11001166,2,120.1622453,5
1060436,71,11,11001166,2,126.6982704,4
1060437,71,11,11001166,2,113.748223,5
1060460,71,11,11001166,2,126.9168731,5
1060465,71,11,11001166,2,129.0072562,3
1060475,26,10,11001140,3,41.3105491,3
1060478,9,1,11001194,3,43.0825631,10
1060479,9,1,11001194,2,55.2242419,6
1060492,812,5,11001185,2,24.4094964,3
1060508,45,8,11001111,2,48.1138238,4
1060509,19,11,11001121,3,45.5726508,5
1060511,812,5,11001185,2,23.1204164,3
1060512,812,5,11001185,2,22.0163661,3
1060519,28,11,11001122,3,99.0085174,10
1060537,71,11,11001166,2,134.4816108,8
1060538,71,11,11001166,2,122.5648968,3
1060550,71,11,11001166,2,128.0392513,4
1060555,71,11,11001166,2,106.6519505,14
1060559,71,11,11001166,2,125.8268897,10
1060566,14,1,11001193,2,25.6283457,3
1060571,14,1,11001193,2,27.9128321,5
1060573,14,1,11001193,2,29.2161648,8
1060589,35,15,11001113,3,12.7181448,12
1060590,35,15,11001113,3,9.9273608,3
1060593,35,15,11001113,2,8.6029915,3
1060595,35,15,11001113,2,14.9038584,8
1060596,35,15,11001113,2,13.9053414,3
1060600,38,15,11001156,3,24.4440479,5
1060622,19,11,11001121,4,53.8008781,8
1060636,14,1,11001193,2,20.669423,3
1060642,14,1,11001193,2,38.4497175,4
1060646,14,1,11001193,2,29.2493287,4
1060665,58,5,11001117,1,33.0617018,2
1060678,811,5,11001184,1,26.5148437,2
1060682,114,9,11001150,4,18.8395844,5
1060709,62,6,11001171,2,16.6982208,8
1060712,11,1,11001158,3,28.6809808,3
1060721,811,5,11001184,2,33.6273023,3
1060723,14,1,11001193,2,27.4640839,4
1060725,14,1,11001193,2,37.0101413,6
1060734,14,1,11001193,2,33.5335675,3
1060742,14,1,11001193,2,22.0433262,3
1060745,58,5,11001117,1,27.448209,5
1060748,71,11,11001166,2,105.3510483,4
1060751,71,11,11001166,2,148.397328,28
1060756,89,2,11001160,2,7.9354458,3
1060759,89,2,11001160,2,7.6953823,5
1060760,89,2,11001160,2,7.4221268,3
1060761,51,4,11001145,2,25.4679936,3
1060764,80,8,11001118,2,18.2773448,10
1060766,80,8,11001118,2,16.4589138,8
1060771,76,9,11001125,3,8.2099888,4
1060783,806,11,11001179,4,20.5472505,3
1060788,89,2,11001160,2,6.3557424,2
1060793,811,5,11001184,2,29.3314992,3
1060800,14,1,11001193,2,48.4373753,3
1060801,14,1,11001193,2,35.8130626,12
1060802,14,1,11001193,2,26.9864203,6
1060805,14,1,11001193,2,28.2259016,3
1060806,14,1,11001193,2,34.974094,4
1060809,14,1,11001193,2,26.0589924,4
1060818,49,7,11001103,2,15.6628139,6
1060825,65,19,11001104,2,32.7471734,3
1060835,66,19,11001159,2,28.9031542,4
1060838,66,19,11001159,2,17.8685319,3
1060845,65,19,11001104,2,37.1693164,4
1060855,65,19,11001104,2,22.6758695,18
1060858,65,19,11001104,3,37.3042118,3
1060861,65,19,11001104,3,33.3601439,3
1060870,49,7,11001103,2,13.3353402,3
1060875,89,2,11001160,2,6.9232935,14
1060878,76,9,11001125,3,12.2126459,4
1060887,51,4,11001145,2,34.9802892,6
1060892,51,4,11001145,2,33.0408912,10
1060894,51,4,11001145,2,25.1005106,2
1060904,811,5,11001184,0,30.1683899,36
1062333,803,1,11001176,5,32.7683359,4
1062340,76,9,11001125,3,23.1486128,2
1062360,812,5,11001185,1,37.8773898,6
1062362,812,5,11001185,1,42.0327957,3
1062372,39,18,11001155,3,36.3976804,3
1062377,38,15,11001156,3,29.7676233,3
1062382,53,18,11001191,3,24.6942724,2
1062391,47,8,11001133,3,45.689919,2
1062394,802,8,11001175,3,77.7413804,4
1062396,802,8,11001175,3,55.2515463,2
1062400,47,8,11001133,3,40.4975906,2
1062410,47,8,11001133,3,35.0852315,3
1062412,47,8,11001133,3,35.0181379,8
1062415,47,8,11001133,3,29.825176,3
1062429,80,8,11001118,1,16.4589138,8
1062438,811,5,11001184,1,35.384601,8
1062440,51,4,11001145,2,36.92371,8
1062446,51,4,11001145,2,34.7931264,10
1062447,51,4,11001145,2,24.2718371,4
1062449,51,4,11001145,,27.5293576,10
1062469,51,4,11001145,2,53.533854,5
1062471,51,4,11001145,2,60.9449846,2
1062474,51,4,11001145,2,40.1121493,4
1062475,38,15,11001156,3,33.4639511,4
1062481,38,15,11001156,3,15.406457,5
1062488,18,11,11001109,5,35.6062304,18
1062489,812,5,11001185,1,18.64311,3
1062495,33,4,11001163,3,23.2639782,5
1062500,51,4,11001145,2,32.2890079,3
1062502,51,4,11001145,2,33.1770896,8
1062510,51,4,11001145,2,19.0288932,5
1062527,78,8,11001168,2,19.487186,4
1062541,811,5,11001184,2,29.0246625,3
1062545,81,8,11001128,2,25.6662217,4
1062556,51,4,11001145,2,39.9499918,8
1062565,78,8,11001168,2,21.9363118,12
1062569,24,11,11001152,5,44.2232973,4
1062578,807,12,11001180,3,46.9156366,12
1062584,807,12,11001180,3,36.9830153,3
1062587,807,12,11001180,3,37.8280168,10
1062593,807,12,11001180,3,32.8727308,6
1062599,807,12,11001180,3,59.0644475,27
1062600,807,12,11001180,3,46.325849,4
1062604,81,8,11001128,2,19.6106707,3
1062620,78,8,11001168,2,21.551436,4
1062635,48,8,11001167,3,58.2829637,2
1062637,43,16,11001161,3,25.8015751,4
1062642,808,13,11001181,4,25.7132305,4
1062644,71,11,11001166,2,123.9988837,6
1062654,19,11,11001121,3,41.4136135,15
1062666,50,4,11001136,2,58.5300002,3
1062672,50,4,11001136,2,29.5065361,4
1062691,45,8,11001111,3,27.1387443,3
1062696,51,4,11001145,2,39.0594229,4
1062701,114,9,11001150,4,16.102912,4
1062714,50,4,11001136,2,37.2306184,6
1062725,52,5,11001135,1,12.8457979,4
1062726,51,4,11001145,2,48.0262885,4
1062729,51,4,11001145,2,31.7934287,12
1062732,27,11,11001164,2,67.009201,4
1062733,27,11,11001164,3,69.9520448,3
1062735,27,11,11001164,3,89.5149221,3
1062736,27,11,11001164,3,71.4261416,3
1062738,27,11,11001164,3,96.3562197,2
1062740,27,11,11001164,3,99.1762095,4
1062759,51,4,11001145,2,35.5111038,8
1062780,50,4,11001136,2,46.2171673,5
1062784,50,4,11001136,2,59.4519781,5
1062789,50,4,11001136,2,24.0865258,4
1062817,66,19,11001159,2,23.1148454,5
1062823,811,5,11001184,1,28.2345096,10
1062835,41,16,11001151,3,27.0786187,3
1062842,41,16,11001151,3,39.1711227,3
1062843,41,16,11001151,3,22.459173,5
1062846,40,16,11001114,3,64.2385868,8
1062854,49,7,11001103,2,14.4125972,10
1062875,49,7,11001103,2,15.2680134,5
1062876,49,7,11001103,2,14.3258909,2
1062882,49,7,11001103,2,12.5378449,8
1062889,11,1,11001158,2,27.4595333,5
1062890,11,1,11001158,2,32.0863375,10
1062896,49,7,11001103,2,12.4105536,4
1062898,49,7,11001103,2,11.7211835,2
1062900,49,7,11001103,2,11.9697856,6
1062903,83,8,11001141,2,14.9431631,4
1062904,96,3,11001146,2,20.7161514,8
1062905,96,3,11001146,2,15.1784103,18
1062908,96,3,11001146,2,11.7165008,5
1062909,96,3,11001146,2,15.2026272,15
1062911,96,3,11001146,2,10.7983204,5
1062917,96,3,11001146,2,38.2572412,3
1062919,96,3,11001146,2,12.1218455,24
1062920,96,3,11001146,2,15.9514366,8
1062921,96,3,11001146,2,14.615088,3
1062922,96,3,11001146,2,14.2860134,3
1062923,96,3,11001146,2,11.0123398,4
1062925,96,3,11001146,2,21.1998718,5
1062929,14,1,11001193,2,27.7241453,12
1062930,811,5,11001184,3,31.8760347,4
1062936,57,5,11001129,2,55.2929442,6
1062939,57,5,11001129,2,49.1748696,8
1062941,811,5,11001184,2,35.0357276,4
1062950,58,5,11001117,1,46.6768752,10
1062952,96,3,11001146,2,19.0998095,3
1062953,96,3,11001146,2,17.5100487,12
1062969,84,7,11001107,2,79.5933042,4
1062970,86,7,11001120,2,104.0583952,10
1062971,84,7,11001107,2,58.2248501,3
1062974,23,11,11001112,4,36.3468323,12
1062976,812,5,11001185,1,30.5118705,3
1062980,35,15,11001113,3,13.916099,14
1062992,84,7,11001107,2,78.3110254,5
1062993,84,7,11001107,2,70.0396898,15
1063000,58,5,11001117,2,50.122441,8
1063025,80,8,11001118,3,13.7031702,3
1063039,84,7,11001107,2,70.0733237,8
1063290,89,2,11001160,2,5.5099134,12
1063294,47,8,11001133,3,37.701002,8
1063301,47,8,11001133,3,24.1178692,8
1063305,47,8,11001133,3,42.1022778,3
1063310,47,8,11001133,3,37.9619911,3
1063351,89,2,11001160,2,7.1732178,8
1063355,75,9,11001124,3,57.197131,12
1063357,89,2,11001160,2,6.1683379,4
1063363,47,8,11001133,3,46.7864777,3
1063366,12,1,11001170,4,26.0194215,3
1063367,110,9,11001115,4,22.6012828,3
1063371,84,7,11001107,2,54.338831,2
1063375,89,2,11001160,2,5.6428505,5
1063383,807,12,11001180,3,15.4657462,6
1063385,807,12,11001180,3,45.9513662,18
1063388,807,12,11001180,3,45.4790139,5
1063389,89,2,11001160,2,8.0916741,4
1063406,81,8,11001128,2,40.2250056,3
1063408,43,16,11001161,3,34.4629306,8
1063411,40,16,11001114,3,48.2332337,4
1063412,89,2,11001160,2,6.147559,8
1063414,807,12,11001180,3,34.7256909,8
1063416,89,2,11001160,2,4.4928929,3
1063427,20,11,11001195,5,17.5757037,3
1063463,84,7,11001107,2,66.8772354,8
1063465,84,7,11001107,2,82.250852,10
1063468,33,4,11001163,3,27.85269,4
1063469,33,4,11001163,3,21.2993034,4
1063488,67,19,11001147,1,72.6645786,16
1063489,23,11,11001112,3,26.4112629,5
1063496,812,5,11001185,1,24.7072713,4
1063497,812,5,11001185,1,26.8540387,4
1063502,812,5,11001185,2,30.835313,2
1063503,812,5,11001185,2,29.4997952,3
1063504,812,5,11001185,2,20.6063606,2
1063519,28,11,11001122,2,155.2888528,4
1063520,28,11,11001122,3,126.4167347,8
1063523,28,11,11001122,2,106.7780682,10
1063533,89,2,11001160,2,4.1704192,5
1063545,89,2,11001160,2,10.1692033,3
1063571,89,2,11001160,2,5.6098171,4
1063572,33,4,11001163,3,35.6057103,4
1063589,89,2,11001160,2,8.1327655,12
1063596,33,4,11001163,3,27.85269,4
1063597,83,8,11001141,2,19.636306,3
1063600,89,2,11001160,2,11.1353615,6
1063620,89,2,11001160,2,5.4323498,6
1063633,41,16,11001151,3,50.5895584,5
1063636,95,3,11001139,2,5.7755309,4
1063639,44,8,11001102,2,30.4874021,3
1063643,44,8,11001102,2,34.2196162,3
1063652,89,2,11001160,2,5.8917628,8
1063653,45,8,11001111,3,24.0086936,4
1063655,45,8,11001111,2,33.198933,2
1063662,89,2,11001160,2,7.8328101,4
1063670,89,2,11001160,2,6.9495357,18
1063672,11,1,11001158,2,30.2518517,10
1063674,11,1,11001158,2,15.527899,6
1063675,11,1,11001158,2,22.3260169,8
1063682,84,7,11001107,2,73.5738846,6
1063688,84,7,11001107,2,67.1252682,6
1063689,86,7,11001120,1,104.1107383,3
1063690,84,7,11001107,2,48.4806456,18
1063691,84,7,11001107,2,85.4244364,3
1063694,84,7,11001107,2,56.4986348,2
1063697,84,7,11001107,2,48.5798653,5
1063701,84,7,11001107,2,96.3409224,4
1063702,11,1,11001158,1,32.4590761,10
1063711,21,12,11001143,3,24.5709058,2
1063716,807,12,11001180,3,30.4554368,5
1063722,27,11,11001164,3,89.5149221,3
1063730,67,19,11001147,1,37.1974904,5
1063734,67,19,11001147,1,59.43602,3
1063735,67,19,11001147,1,47.0085697,2
1063738,67,19,11001147,1,80.5169509,8
1063748,50,4,11001136,2,51.9329442,8
1063764,84,7,11001107,2,41.7316896,4
1063765,84,7,11001107,2,58.9672241,2
1063766,84,7,11001107,2,65.4802571,5
1063769,84,7,11001107,2,70.3166704,3
1063783,39,18,11001155,3,49.8595558,4
1063784,39,18,11001155,3,44.4208689,3
1063789,812,5,11001185,3,32.8822304,8
1063795,810,10,11001183,3,20.8966265,3
1063798,812,5,11001185,1,33.254449,5
1063803,50,4,11001136,2,37.4664612,3
1063807,50,4,11001136,2,38.8378953,4
1063811,50,4,11001136,2,36.1030963,4
1063812,50,4,11001136,2,32.6253763,2
1063849,41,16,11001151,3,34.3950388,8
1063858,41,16,11001151,3,30.8499902,15
1063863,41,16,11001151,3,21.9514072,6
1063867,53,18,11001191,3,26.8785634,6
1063873,41,16,11001151,3,27.6648331,5
1063878,41,16,11001151,3,27.2233551,4
1063896,44,8,11001102,3,32.4852467,4
1063900,44,8,11001102,3,29.6196841,2
1063911,62,6,11001171,2,15.8285743,4
1063912,77,9,11001173,2,29.9777332,8
1063930,84,7,11001107,2,70.9988762,4
1063931,62,6,11001171,2,18.1566671,6
1063932,81,8,11001128,2,15.923681,2
1063937,44,8,11001102,4,35.07057,3
1063938,44,8,11001102,4,33.3795757,2
1063951,45,8,11001111,2,23.793348,4
1063959,96,3,11001146,3,29.5488773,4
1063969,67,19,11001147,1,66.5393605,3
1063971,96,3,11001146,2,13.3985373,8
1063976,89,2,11001160,2,7.5574046,10
1063990,50,4,11001136,2,38.9906361,12
1064006,96,3,11001146,2,19.4792104,6
1064012,89,2,11001160,2,7.8124157,4
1064013,89,2,11001160,2,10.1106397,6
1064019,9,1,11001194,3,64.592385,4
1064026,19,11,11001121,3,37.2738387,12
1064035,815,19,11001188,1,18.0256948,50
1064036,815,19,11001188,1,20.5404763,4
1064037,815,19,11001188,1,15.6089801,10
1064040,815,19,11001188,1,17.2049232,8
1064041,815,19,11001188,1,19.2856135,24
1064050,815,19,11001188,1,20.1539726,4
1064057,96,3,11001146,2,11.2760544,12
1064062,50,4,11001136,2,35.1489548,2
1064065,50,4,11001136,2,49.9065657,8
1064066,50,4,11001136,2,36.4954065,4
1064069,50,4,11001136,2,28.1094536,8
1064078,89,2,11001160,1,8.3141256,4
1064087,815,19,11001188,1,24.4170752,24
1064088,815,19,11001188,1,26.3184075,6
1064103,75,9,11001124,3,68.9648544,4
1064109,812,5,11001185,2,24.8103641,8
1064119,86,7,11001120,2,55.6319065,4
1064132,815,19,11001188,1,21.3955778,4
1064133,815,19,11001188,1,15.6487134,10
1064135,815,19,11001188,1,17.9607904,20
1064136,815,19,11001188,1,28.3753531,5
1064140,815,19,11001188,1,19.6318811,3
1064147,89,2,11001160,2,7.0639288,4
1064149,95,3,11001139,2,5.9737326,3
1064168,815,19,11001188,1,21.1757719,4
1064169,95,3,11001139,2,6.0909829,4
1064173,95,3,11001139,2,9.1052654,3
1064174,95,3,11001139,2,10.5307223,24
1064175,95,3,11001139,2,9.4385825,3
1064177,95,3,11001139,2,8.6225584,3
1064190,43,16,11001161,3,23.8972618,6
1064196,43,16,11001161,3,20.6641688,2
1064214,815,19,11001188,1,23.0044669,8
1064217,815,19,11001188,1,15.4830977,3
1064219,815,19,11001188,1,17.2011231,5
1064222,815,19,11001188,1,23.0044669,4
1064227,95,3,11001139,2,6.8295855,5
1064228,43,16,11001161,3,15.9731983,3
1064237,815,19,11001188,2,21.8596451,15
1064238,95,3,11001139,2,11.8599812,8
1064239,95,3,11001139,2,6.0784231,4
1064245,43,16,11001161,3,18.4945487,3
1064246,43,16,11001161,3,22.9723215,4
1064249,43,16,11001161,3,34.6343544,4
1064252,95,3,11001139,2,7.6802323,10
1064255,43,16,11001161,3,24.2440481,8
1064262,95,3,11001139,2,12.0522765,15
1064263,95,3,11001139,2,6.7287797,14
1064270,33,4,11001163,3,20.3934033,5
1064275,95,3,11001139,2,10.1944629,3
1064279,95,3,11001139,2,6.1905588,4
1064285,95,3,11001139,2,7.1307997,8
1064288,95,3,11001139,2,8.7137954,6
1064291,813,9,11001186,3,15.299535,6
1064310,9,1,11001194,1,53.1714368,8
1064311,9,1,11001194,1,63.2931825,8
1064312,9,1,11001194,1,34.6460375,4
1064314,808,13,11001181,4,28.1006736,18
1064318,77,9,11001173,2,32.7832257,2
1064319,77,9,11001173,2,31.5765585,6
1064344,62,6,11001171,2,13.6525672,8
1064346,96,3,11001146,2,20.7652908,8
1064348,77,9,11001173,2,26.5264527,3
1064352,96,3,11001146,2,18.2835554,39
1064353,96,3,11001146,2,24.1340126,4
1064357,96,3,11001146,2,18.7868539,4
1064363,81,8,11001128,2,29.7537971,4
1064367,53,18,11001191,3,23.8834878,2
1064371,53,18,11001191,3,32.1878706,5
1064394,815,19,11001188,1,21.2273367,4
1064395,815,19,11001188,1,15.1283626,6
1064429,81,8,11001128,2,32.7089266,8
1064486,815,19,11001188,1,25.0584689,24
1064500,53,18,11001191,3,24.0394596,8
1064501,53,18,11001191,3,25.3608616,3
1064521,20,11,11001195,5,18.4160588,3
1064530,84,7,11001107,2,71.2708127,8
1064570,21,12,11001143,4,21.6727075,3
1064611,85,7,11001106,2,84.7437593,10
1064615,92,3,11001137,2,9.3771168,3
1064616,92,3,11001137,2,7.0407843,8
1064623,87,7,11001169,2,48.6988045,3
1064654,29,10,11001149,3,46.9257513,8
1064657,29,10,11001149,3,59.8864455,4
1064666,50,4,11001136,2,36.6448226,2
1064667,50,4,11001136,2,34.8556488,3
1064706,107,13,11001154,4,17.2180771,3
1064713,87,7,11001169,2,59.1877964,15
1064718,92,3,11001137,2,6.9168335,6
1064720,50,4,11001136,2,59.285815,2
1064723,802,8,11001175,2,71.2494173,3
1064728,50,4,11001136,1,32.5731757,2
1064741,26,10,11001140,3,47.5521372,2
1064747,85,7,11001106,2,97.0572003,3
1064751,817,2,11001190,5,25.9270089,6
1064755,75,9,11001124,3,49.391744,4
1064775,807,12,11001180,3,48.5468665,10
1064780,807,12,11001180,3,39.3258329,4
1064788,83,8,11001141,2,17.0162435,10
1064789,83,8,11001141,2,11.1235126,10
1064834,83,8,11001141,2,14.444253,4
1064835,83,8,11001141,2,12.6443596,5
1064837,83,8,11001141,2,10.6458922,3
1064838,83,8,11001141,2,14.5142748,4
1064840,83,8,11001141,2,20.0887007,15
1064846,9,1,11001194,3,47.590783,3
1064885,95,3,11001139,2,13.4163175,3
1064891,95,3,11001139,2,14.8150773,4
1064894,9,1,11001194,3,54.1203467,4
1064903,9,1,11001194,2,56.3128222,7
1064908,9,1,11001194,3,51.9524506,3
1064913,29,10,11001149,3,51.1604526,3
1064917,29,10,11001149,3,52.9776669,6
1064919,29,10,11001149,3,50.4652137,10
1064921,29,10,11001149,3,59.7668174,12
1064928,12,1,11001170,4,26.3262933,4
1064957,67,19,11001147,1,79.9296473,8
1064958,67,19,11001147,1,56.908952,2
1064959,67,19,11001147,1,73.2242009,5
1064963,67,19,11001147,1,118.0406804,10
1064966,67,19,11001147,1,62.3251786,2
1064968,67,19,11001147,1,58.5014943,5
1064969,67,19,11001147,1,49.1988946,8
1064971,67,19,11001147,1,44.7011263,3
1064973,67,19,11001147,1,52.9638447,3
1064974,40,16,11001114,3,37.8795987,6
1064994,27,11,11001164,2,76.758668,6
1065038,53,18,11001191,2,23.061678,2
1065047,54,18,11001148,2,78.8318965,4
1065051,27,11,11001164,2,88.9622601,4
1065052,101,13,11001165,4,23.1617193,3
1065060,53,18,11001191,2,26.4186963,3
1065071,67,19,11001147,1,75.8897675,2
1065072,815,19,11001188,2,23.5383541,3
1065073,815,19,11001188,2,31.1001423,3
1065074,815,19,11001188,2,11.4308235,5
1065079,53,18,11001191,2,11.5789444,4
1065080,53,18,11001191,2,19.011762,2
1065081,53,18,11001191,3,27.9538575,8
1065112,53,18,11001191,3,26.7105106,4
1065113,53,18,11001191,3,28.4914243,21
1065114,53,18,11001191,3,26.1105803,3
1065128,54,18,11001148,2,19.7627136,14
1065131,40,16,11001114,3,71.9170818,9
1065133,25,11,11001196,3,16.0042204,4
1065137,53,18,11001191,3,17.2340494,3
1065138,53,18,11001191,3,22.2248452,2
1065146,50,4,11001136,2,28.1645614,3
1065154,96,3,11001146,2,29.298557,8
1065155,96,3,11001146,2,18.0920859,6
1065158,96,3,11001146,2,23.4262938,15
1065178,808,13,11001181,4,19.5067032,2
1065184,50,4,11001136,1,39.8040487,5
1065186,50,4,11001136,2,34.6372659,4
1065189,50,4,11001136,2,46.5907999,4
1065220,808,13,11001181,5,35.2231461,8
1065643,34,4,11001101,2,38.7778683,4
1065646,32,4,11001157,2,36.466533,4
1065648,32,4,11001157,1,51.0203344,10
1065651,85,7,11001106,2,87.9320827,3
1065659,96,3,11001146,2,18.294248,4
1065679,83,8,11001141,2,17.7233744,8
1065686,80,8,11001118,2,21.4353138,14
1065716,85,7,11001106,2,124.7394749,8
1065731,49,7,11001103,2,15.5830779,5
1065735,49,7,11001103,2,14.6057681,3
1065737,81,8,11001128,2,24.5506595,5
1065739,54,18,11001148,3,40.2818802,10
1065744,50,4,11001136,2,41.2254254,2
1065746,47,8,11001133,3,51.0896501,10
1065749,27,11,11001164,2,59.3081734,8
1065765,47,8,11001133,3,47.6754453,4
1065770,34,4,11001101,2,26.6103078,3
1065772,810,10,11001183,3,36.4659937,6
1065783,80,8,11001118,1,17.0412101,3
1065784,80,8,11001118,1,21.028598,4
1065785,80,8,11001118,2,22.6723199,4
1065786,80,8,11001118,1,20.7602261,4
1065788,47,8,11001133,3,31.5773676,5
1065790,83,8,11001141,2,13.5929846,4
1065792,83,8,11001141,2,17.8451691,4
1065806,27,11,11001164,3,70.1652616,4
1065809,47,8,11001133,3,37.25785,16
1065823,114,9,11001150,3,11.942978,3
1065836,114,9,11001150,3,14.9188984,5
1065846,49,7,11001103,2,10.6052465,3
1065850,49,7,11001103,2,10.6181172,3
1065854,49,7,11001103,2,10.6677708,8
1065855,49,7,11001103,2,9.2500676,16
1065859,49,7,11001103,2,12.091652,12
1065876,49,7,11001103,3,15.0712748,4
1065883,49,7,11001103,3,13.2585179,5
1065916,32,4,11001157,2,27.7875412,14
1065934,95,3,11001139,2,10.3705541,4
1065935,95,3,11001139,2,9.691145,5
1065945,33,4,11001163,2,16.0310921,3
1065946,807,12,11001180,3,37.3931383,12
1065956,44,8,11001102,2,37.1602946,3
1065968,807,12,11001180,4,33.9360563,3
1065969,807,12,11001180,3,44.2231105,4
1065986,49,7,11001103,2,11.8647155,4
1065995,49,7,11001103,3,12.9764906,5
1065997,49,7,11001103,3,14.6101805,3
1066008,67,19,11001147,1,66.5393605,3
1066011,67,19,11001147,1,69.0784607,3
1066020,807,12,11001180,3,21.9810401,7
1066024,96,3,11001146,2,14.7404803,5
1066035,96,3,11001146,2,8.1652055,40
1066043,9,1,11001194,2,73.0947084,3
1066048,49,7,11001103,2,13.5378173,3
1066113,51,4,11001145,2,35.0166401,10
1099126,,1,11001201,1,6.4958848,28
1099129,,11,11001211,5,3.4250568,8
1099132,,5,11001205,1,3.9877534,12
1099173,,11,11001211,2,3.4250568,4
1099174,,11,11001211,2,2.9279341,3
1099227,,11,11001211,2,3.2391194,3
1099374,,,25290100,3,94.657364,4
1099382,,,25286200,1,1.131677,4
1099386,,,25286200,2,1.131677,4
1099389,,,25740100,2,13.9407564,12
1099395,,,25754100,1,508.758807,12
1099398,,,25754100,1,392.3467158,6
1099399,,,25754100,1,357.7226212,6
1099414,,,25286200,1,1.131677,10
1099420,,,25754100,1,459.9448731,8
1099421,,,25754100,1,347.6918141,3
1099430,,,25269100,2,63.135068,5
1099451,,,25286200,1,1.131677,4
1099455,,,25754200,9,4.5758846,10
1099459,,,25286200,2,1.131677,20
1099464,,,25377100,2,8.6792878,2
1099470,,,25269100,2,66.9133457,4
1099474,,,25290100,3,102.0168346,21
1099475,,,25126100,2,34.5505719,8
1099476,,,25290100,3,94.3571671,21
1099486,,,25430100,3,45.1311485,3
1099491,,,25269100,1,78.6507126,4
1099493,,,25269100,1,81.0215159,4
1099494,,,25269100,1,67.5892381,8
1099495,,,25473100,3,62.6753396,3
1099496,,,25473100,2,68.9573879,4
1099497,,,25473100,3,51.1967389,10
1099498,,,25473100,3,61.6527513,4
1099503,,,25430100,3,47.4148407,3
1099509,,,25430100,3,28.2064799,3
1099510,,,25175100,3,63.3909165,2
1099514,,,25175200,2,10.6215353,8
1099531,,,25269100,1,78.6507126,8
1099535,,,25269100,1,71.1775262,3
1099536,,,25269100,1,71.1775262,3
1099541,,,25269100,2,60.2509458,4
1099543,,,25269100,2,29.0301236,3
1099544,,,25269100,2,63.6903235,4
1099548,,,25260100,2,10.7243066,10
1099549,,,25260100,3,10.7243066,10
1099550,,,25260100,2,11.6461967,3
1099553,,,25260100,3,14.8409832,6
1099554,,,25260100,3,11.5102369,4
1099555,,,25260100,2,11.1603573,5
1099556,,,25260100,2,10.8602665,4
1099562,,,25260100,2,15.0335474,3
1099563,,,25290100,3,67.6588011,5
1099573,,,25377200,2,7.9218218,5
1099578,,,25754200,2,3.0027278,3
1099580,,,25754200,2,3.3283535,2
1099588,,,25175100,2,69.7385349,4
1099605,,,25754200,1,4.5221975,3
1099606,,,25754200,1,3.2453785,4
1099608,,,25754200,1,1.5688843,3
1099610,,,25754200,2,2.4213542,3
1099615,,,25754200,2,3.4986194,4
1099616,,,25754200,2,3.7518604,8
1099619,,,25754200,1,4.5465432,8
1099622,,,25754200,1,3.182307,6
1099626,,,25754200,2,2.8888001,10
1099627,,,25754200,2,4.4016355,3
1099633,,,25754200,2,3.9757599,6
1099634,,,25754200,2,2.5419163,6
1099635,,,25754200,2,3.2116484,8
1099642,,,25430100,3,54.1573782,3
1099649,,,25269100,2,53.0340377,2
1099658,,,25269100,2,63.3516167,12
1099659,,,25269100,2,71.051999,5
1099661,,,25175100,2,71.0697177,8
1099662,,,25175100,2,75.1165679,8
1099664,,,25175100,2,80.0803391,4
1099669,,,25473100,3,44.2196114,6
1099672,,,25473100,3,49.2449097,3
1099675,,,25473100,2,87.5503781,8
1099677,,,25377100,2,10.350543,5
1099710,,,25430100,3,61.440611,10
1099711,,,25430100,3,46.3691403,4
1099712,,,25430100,3,40.5094898,2
1099722,,,25740100,2,12.4971799,3
1099724,,,25126100,2,39.9317931,8
1099729,,,25286100,2,48.443897,3
1099781,,,25377200,2,11.8646981,4
1099786,,,25377200,2,11.8027755,3
1099793,,,25377200,2,11.9630891,8
1099798,,,25126100,2,38.0056291,4
1099805,,,25269100,2,64.0597736,3
1099810,,,25377200,2,15.161628,8
1099811,,,25269100,1,54.128419,2
1099821,,,25269100,2,58.6959173,8
1099823,,,25269100,2,58.9319303,3
1099832,,,25269100,2,66.8598129,8
1099835,,,25377200,2,10.4047584,10
1099836,,,25377200,2,10.5473678,18
1099837,,,25269100,3,63.9813396,4
1099838,,,25269100,3,71.186513,15
1099842,,,25377200,2,13.4377267,15
1099850,,,25269100,3,70.8525752,12
1099853,,,25269100,2,67.8708519,8
1099856,,,25269100,2,43.3284051,4
1099863,,,25377200,1,10.2545223,5
1099864,,,25377200,1,6.7700585,4
1099868,,,25269100,3,51.5263547,4
1099870,,,25269100,3,62.9789274,4
1099872,,,25269100,1,51.0749242,4
1099883,,,25214100,2,12.8382183,12
1099898,,,25377200,2,4.7159743,4
1099901,,,25214100,2,13.9302013,3
1099904,,,25126100,2,31.6713576,4
1099905,,,25214100,2,14.6567975,4
1099924,,,25126100,2,45.6828713,4
1099926,,,25126100,2,44.0518941,3
1099927,,,25126100,2,38.776074,3
1099932,,,25377100,2,8.1995192,3
1099943,,,25214100,2,12.7897625,8
1099945,,,25214100,2,14.0030567,6
1099947,,,25126100,3,21.0663737,3
1099948,,,25126100,2,31.1002449,3
1099949,,,25126100,2,15.712952,3
1099957,,,25126100,2,29.0539673,10
1099959,,,25126100,2,32.3530466,3
1099971,,,25126100,3,41.1793221,4
1099985,,,25126100,2,40.0471765,3
1099987,,,25126100,3,34.5505719,8
1099998,,,25290100,3,58.6838819,2
1100004,,,25754100,2,500.6826291,4
1100006,,,25377100,2,6.5938604,3
1100007,,,25214100,2,17.8242343,18
1100008,,,25214100,3,15.9462843,3
1100009,,,25290100,3,95.2023801,3
1100014,,,25214100,3,20.6653808,4
1100018,,,25740100,2,11.5969045,3
1100021,,,25214100,3,18.4307715,3
1100023,,,25377100,2,7.9068872,4
1100032,,,25740100,2,21.1948784,8
1100040,,,25740100,2,11.1804693,10
1100042,,,25754100,2,296.6486983,21
1100044,,,25754100,1,424.7918438,4
1100047,,,25754100,1,318.9820719,6
1100052,,,25754100,3,217.2890864,4
1100059,,,25754100,3,427.686188,4
1100061,,,25754100,2,377.6398906,2
1100065,,,25740100,2,7.878162,8
1100069,,,25740100,2,10.9149276,4
1100075,,,25377100,2,7.6798656,10
1100081,,,25377100,2,6.5092629,8
1100082,,,25430100,2,46.5416124,3
1100084,,,25430100,2,47.1298005,4
1100085,,,25430100,2,62.2605251,28
1100086,,,25430100,2,49.9845332,10
1100089,,,25126100,3,39.9564317,12
1100100,,,25754100,1,393.199404,3
1100103,,,25754100,1,248.2767449,5
1100109,,,25754100,3,339.5490737,10
1100111,,,25754100,3,295.2678182,5
1100112,,,25754100,2,219.4359129,4
1100119,,,25754100,3,453.0021636,6
1100128,,,25175200,2,6.3092727,7
1100131,,,25740100,2,12.8500199,2
1100147,,,25430100,3,53.9056284,4
1100155,,,25430100,3,58.4539298,4
1100160,,,25430100,3,56.5195475,6
1100162,,,25430100,3,73.5894472,4
1100163,,,25430100,3,65.0175487,5
1100165,,,25430100,3,67.1754348,15
1100168,,,25430100,3,53.9056284,8
1100169,,,25740100,2,12.8932026,3
1100179,,,25430100,3,51.7252807,3
1100182,,,25740100,2,11.4126268,4
1100189,,,25740100,2,16.6850292,3
1100190,,,25214100,2,20.5074086,8
1100191,,,25740100,2,12.664865,15
1100192,,,25214100,2,12.9174078,4
1100196,,,25214100,2,12.4752499,3
1100197,,,25430100,3,54.1573782,3
1100198,,,25214100,2,15.1548612,4
1100214,,,25214100,2,13.2909521,8
1100232,,,25430100,3,56.5557606,4
1100235,,,25430100,3,59.2961912,4
1100245,,,25430100,3,69.5972282,3
1100246,,,25754100,2,333.2490165,6
1100247,,,25430100,3,37.7317483,10
1100252,,,25175100,4,67.6049111,4
1100255,,,25754100,1,476.1881184,3
1100260,,,25175200,2,14.5247361,12
1100269,,,25126100,3,23.5504355,8
1100272,,,25473100,2,86.5997459,5
1100277,,,25126100,3,32.0060217,24
1100285,,,25473100,2,69.3518688,3
1100289,,,25473100,3,58.8800345,4
1100290,,,25473100,1,36.3771732,12
1100291,,,25473100,1,63.1425927,15
1100293,,,25473100,2,76.495651,15
1100298,,,25473200,1,1.4395777,8
1100300,,,25473200,1,2.0565396,8
1100305,,,25175200,2,8.6605126,4
1100307,,,25473100,3,52.6991882,4
1100308,,,25473100,3,58.8800345,8
1100310,,,25473100,2,82.6578587,4
1100312,,,25473100,2,83.4547401,5
1100316,,,25898100,2,1.9858417,3
1100320,,,25898100,2,1.2959731,4
1100321,,,25898100,2,1.2897144,3
1100331,,,25473100,3,63.9778795,5
1100333,,,25473100,3,41.2632272,10
1100350,,,25214100,3,6.1866675,6
1100359,,,25214100,3,13.7832096,4
1100364,,,25214100,2,11.2902292,3
1100365,,,25214100,2,13.2909521,4
1100366,,,25214100,2,12.2321542,5
1100372,,,25214100,3,13.3939828,4
1100373,,,25473100,3,83.8882269,4
1100394,,,25898100,2,2.0081391,4
1100398,,,25473100,3,37.3170912,5
1100400,,,25473100,3,54.925865,2
1100405,,,25473100,3,56.2795054,3
1100408,,,25269100,2,64.0597736,3
1100411,,,25898100,2,1.2859694,15
1100412,,,25898100,2,1.2859694,5
1100420,,,25785100,2,4.003434,3
1100424,,,25898100,2,1.2815832,3
1100426,,,25898100,2,1.2915869,2
1100427,,,25785100,3,3.4916113,3
1100428,,,25898100,2,1.5387997,3
1100430,,,25898100,2,1.2959731,4
1100440,,,25269100,2,57.8760509,3
1100445,,,25898100,1,1.7612549,2
1100446,,,25898100,2,2.0380222,8
1100458,,,25430100,3,51.6971848,8
1100459,,,25430100,3,47.4148407,3
1100464,,,25898100,3,2.0281799,3
1100466,,,25898100,2,1.2815832,3
1100468,,,25898100,2,1.2859694,5
1100470,,,25898100,2,2.0222905,10
1100477,,,25898100,2,1.5365655,8
1100480,,,25898100,2,1.3022318,15
1100499,,,25898100,2,1.5365655,12
1100503,,,25898100,2,1.5387997,3
1100515,,,25898100,3,1.3320507,10
1100524,,,25898100,2,1.5290981,3
1100525,,,25754100,3,419.3786733,8
1100526,,,25898100,2,1.544033,5
1100533,,,25785100,2,4.2894701,4
1100538,,,25785100,3,4.003434,3
1100541,,,25785100,3,6.4319986,4
1100550,,,25754100,3,247.1540442,4
1100551,,,25754100,3,313.5040073,8
1100562,,,25754100,1,305.172361,4
1100563,,,25754100,1,317.9263046,12
1100564,,,25754100,1,385.948567,4
1100565,,,25754100,3,450.5696681,10
1100567,,,25754100,3,388.1876786,3
1100569,,,25754100,3,390.620174,4
1100571,,,25754100,3,345.5719489,6
1100578,,,25269100,2,72.9728971,8
1100579,,,25754100,1,369.1150661,3
1100580,,,25754100,1,455.5677405,18
1100581,,,25269100,3,70.465751,3
1100584,,,25754100,1,314.3809541,2
1100585,,,25754100,,341.3614281,18
1100595,,,25754100,3,414.380601,3
1100598,,,25269100,3,61.0235515,3
1100600,,,25269100,3,72.9728971,4
1100607,,,25269100,3,70.7856414,8
1100609,,,25269100,2,42.2716777,8
1100612,,,25269100,2,65.1622047,8
1100617,,,25740100,2,10.9995806,3
1100618,,,25126100,2,19.111096,4
1100625,,,25740100,2,15.0536802,21
1100627,,,25740100,2,12.1388849,8
1100628,,,25740100,2,13.5826432,4
1100630,,,25740100,2,9.6288647,8
1100632,,,25740100,2,16.4849054,8
1100638,,,25269100,2,60.7542246,3
1100664,,,25126100,2,34.5691506,8
1100665,,,25126100,2,28.6809368,4
1100666,,,25126100,2,16.6269872,5
1100667,,,25126100,2,31.9492896,3
1100669,,,25126100,2,45.6828713,4
1100682,,,25473100,2,53.5808314,8
1100686,,,25473100,3,54.4907541,3
1100692,,,25473100,4,76.8887364,4
1100693,,,25473100,3,49.3775178,4
1100695,,,25473100,2,46.1971637,2
1100696,,,25473100,2,58.910638,3
1100698,,,25473100,3,59.9201621,8
1100700,,,25769100,2,2.8161124,3
1100702,,,25769100,3,5.5978221,5
1100703,,,25769100,3,6.6549858,6
1100704,,,25769100,3,4.9209464,8
1100705,,,25473100,2,53.189328,4
1100706,,,25473100,2,72.8940816,6
1100707,,,25473100,2,64.0008617,10
1100708,,,25473100,2,63.5725464,3
1100711,,,25769100,3,5.9173758,8
1100712,,,25769100,3,5.9732734,3
1100719,,,25769100,2,3.9693788,8
1100720,,,25473100,3,47.7763688,3
1100722,,,25473100,2,48.2600115,3
1100723,,,25473100,2,58.7217588,4
1100729,,,25769100,2,4.8952734,8
1100730,,,25769100,2,3.9572883,3
1100731,,,25769100,2,5.3794325,4
1100733,,,25769100,2,5.3916907,3
1100737,,,25769100,2,3.672844,6
1100738,,,25769100,2,2.2970025,6
1100739,,,25769100,3,4.0383651,10
1100741,,,25769100,3,6.1158955,3
1100742,,,25769100,3,6.2436656,3
1100743,,,25473100,3,50.6515549,3
1100765,,,25473100,2,54.4165209,3
1100786,,,25473100,3,38.1703048,8
1100787,,,25473100,2,57.9687116,3
1100790,,,25473100,3,59.6102128,10
1100791,,,25473100,3,44.6621687,6
1100800,,,25473100,2,38.2191024,10
1100811,,,25473100,3,59.6102128,15
1100815,,,25473100,3,48.7513967,3
1100818,,,25473100,3,56.2477711,3
1100834,,,25758200,3,5.7653109,15
1100839,,,25473100,2,99.4578961,8
1100841,,,25473100,3,70.7241867,18
1100842,,,25473100,3,90.0121626,12
1100843,,,25799100,3,10.131565,3
1100850,,,25799100,3,10.2241933,3
1100861,,,25214200,1,5.6541766,3
1100862,,,25214200,1,5.7155586,4
1100870,,,25799100,3,13.7825086,3
1100873,,,25260100,2,12.7612176,5
1100879,,,25377100,2,9.2044605,3
1100889,,,25260100,2,8.0035642,4
1100893,,,25473100,2,45.626884,6
1100894,,,25473100,2,53.400939,3
1100895,,,25473100,2,53.400939,3
1100904,,,25214100,2,14.6200474,8
1100910,,,25214100,2,11.4442212,8
1100912,,,25214100,2,11.4442212,8
1100913,,,25214100,2,13.5220435,10
1100925,,,25126100,3,32.8245403,8
1100929,,,25260100,2,8.9542041,6
1100930,,,25260100,2,12.9378416,4
1100931,,,25286100,3,47.6175543,3
1100935,,,25430100,3,73.9930996,4
1100943,,,25430100,3,56.4906313,3
1100947,,,25430100,3,56.8978088,3
1100953,,,25260100,2,17.7395937,18
1100958,,,25260100,2,14.3534146,10
1100963,,,25377100,2,6.9479279,4
1100966,,,25377100,2,6.4246654,5
1100969,,,25430100,3,57.9315035,3
1100973,,,25260100,2,12.9122841,4
1100979,,,25260100,2,16.7215473,4
1100980,,,25817100,2,5.9552739,5
1100982,,,25260100,2,14.4545699,4
1100987,,,25817100,2,18.8564096,3
1100988,,,25817100,2,18.8564096,3
1100992,,,25817100,2,8.9603448,3
1101001,,,25430100,4,56.5557606,4
1101002,,,25430100,4,54.730176,4
1101003,,,25430100,4,56.8978088,3
1101010,,,25769100,2,6.5753621,5
1101012,,,25769100,2,6.1158955,3
1101015,,,25769100,2,6.2436656,3
1101016,,,25769100,3,5.0160809,3
1101017,,,25769100,2,5.7896057,4
1101018,,,25769100,2,5.9173758,4
1101020,,,25769100,2,6.2436656,3
1101022,,,25769100,2,5.1281017,3
1101024,,,25817100,2,9.1056257,5
1101034,,,25260100,2,6.4972675,4
1101035,,,25260100,2,9.7997419,10
1101037,,,25260100,2,15.6443525,4
1101040,,,25260100,2,8.2182061,2
1101042,,,25260100,2,10.3555567,4
1101044,,,25377100,2,7.8674606,8
1101045,,,25377100,2,9.0448842,15
1101046,,,25260100,3,5.1433992,3
1101047,,,25260100,1,4.8547724,3
1101049,,,25377100,2,7.9039697,3
1101050,,,25260100,3,10.3013837,12
1101062,,,25286200,3,1.131677,2
1101066,,,25286200,2,1.131677,3
1101067,,,25286200,2,1.131677,5
1101068,,,25286200,2,1.131677,8
1101069,,,25286200,1,1.131677,4
1101083,,,25286100,3,65.5384256,10
1101094,,,25286100,3,49.0172448,3
1101097,,,25286100,2,51.5410673,8
1101099,,,25286100,2,46.7357733,10
1101104,,,25286100,2,37.5629401,2
1101105,,,25286100,2,32.2307624,8
1101106,,,25286100,2,51.5410673,8
1101107,,,25286100,2,44.4995804,2
1101110,,,25286100,3,51.0558787,12
1101119,,,25286100,3,54.6828542,4
1101125,,,25286100,3,41.3577935,2
1101165,,,25799100,3,4.4556628,4
1101172,,,25269100,2,70.4979781,3
1101173,,,25799100,2,5.8901606,2
1101179,,,25269100,2,64.0597736,3
1101192,,,25377100,2,12.3256627,2
1101195,,,25290100,3,51.4397264,6
1101197,,,25290100,3,60.3686742,6
1101201,,,25377100,2,5.8118743,3
1101202,,,25377100,2,12.4880327,4
1101203,,,25377100,2,11.3841779,2
1101204,,,25377100,2,8.8433812,3
1101205,,,25290100,3,52.6535461,3
1101212,,,25758200,3,4.6183247,8
1101213,,,25758200,3,5.3874273,8
1101217,,,25740100,2,19.5339912,4
1101219,,,25740100,2,8.0960484,6
1101225,,,25377100,2,12.411702,4
1101228,,,25758200,3,5.3874273,4
1101234,,,25758200,2,8.1607214,8
1101239,,,25758200,3,5.8265629,6
1101241,,,25758200,3,6.8006012,8
1101249,,,25758200,1,2.6385683,5
1101252,,,25758200,1,8.6381998,4
1101253,,,25758200,1,8.1356819,6
1101255,,,25758200,3,5.3874273,4
1101258,,,25758200,3,5.9879183,8
1101259,,,25758200,3,3.5554885,3
1101262,,,25758200,2,3.5458112,2
1101274,,,25817100,2,12.8394081,4
1101276,,,25785100,3,4.5755062,10
1101277,,,25785100,3,4.0444882,3
1101284,,,25785100,3,4.1433172,12
1101286,,,25785100,2,3.6818853,2
1101295,,,25785100,2,3.3752364,6
1101296,,,25785100,2,3.0970033,2
1101303,,,25785100,2,3.6836776,4
1101306,,,25785100,9,4.0489668,5
1101307,,,25785100,2,2.9807639,2
1101312,,,25126100,2,43.0125895,15
1101313,,,25126100,2,38.8503056,5
1101314,,,25126100,2,42.2284768,4
1101319,,,25769100,2,5.6076137,18
1101326,,,25799100,3,8.0812194,8
1101331,,,25377100,2,9.82953,8
1101332,,,25377100,2,10.466445,3
1101344,,,25898100,2,1.3172388,4
1101345,,,25898100,2,1.2980351,3
1101346,,,25898100,2,2.4314921,16
1101349,,,25898100,2,2.4574373,10
1101351,,,25898100,2,2.4373495,2
1101355,,,25290100,3,83.2778468,8
1101356,,,25290100,3,51.7513427,2
1101361,,,25898100,2,1.2903555,14
1101384,,,25473100,3,69.8637098,5
1101385,,,25473100,3,57.9687116,3
1101386,,,25473100,3,52.1058635,3
1101390,,,25473100,3,45.4693949,3
1101396,,,25898100,2,1.6914764,8
1101398,,,25898100,2,1.3302927,10
1101400,,,25898100,2,1.8603627,3
1101402,,,25898100,2,1.8903364,10
1101411,,,25898100,2,1.2834557,2
1101418,,,25898100,2,1.6865576,12
1101424,,,25898100,2,2.0153929,3
1101425,,,25898100,2,2.0291881,7
1101426,,,25898100,2,2.0065589,12
1101427,,,25898100,2,2.0380222,4
1101434,,,25898100,2,1.2815832,3
1101437,,,25898100,2,2.4338158,3
1101441,,,25898100,2,1.2834557,2
1101443,,,25898100,2,1.8694479,4
1101445,,,25898100,2,1.2878419,8
1101446,,,25898100,2,2.4267486,10
1101450,,,25769100,2,5.0965796,3
1101453,,,25769100,2,4.3664182,2
1101454,,,25769100,2,5.591086,5
1101455,,,25769100,2,5.1161024,10
1101456,,,25769100,2,4.8396385,4
1101457,,,25769100,2,5.8046668,8
1101459,,,25769100,2,4.1927198,2
1101461,,,25769100,2,3.3875488,20
1101462,,,25769100,2,5.7896057,4
1101463,,,25769100,2,2.5267027,3
1101471,,,25430100,2,81.3582821,20
1101472,,,25430100,2,76.7402657,8
1101473,,,25430100,2,62.2548642,8
1101527,,,25740100,2,11.026595,3
1101529,,,25817100,2,15.8273896,3
1101537,,,25817100,2,8.9955324,4
1101546,,,25099100,2,5.4795998,8
1101549,,,25099100,2,4.5820288,32
1101550,,,25099100,3,4.3386199,2
1101558,,,25099100,3,10.4360791,8
1101559,,,25099100,2,13.3764821,6
1101560,,,25099100,2,9.0453565,8
1101562,,,25099100,2,11.387085,15
1101564,,,25269100,2,44.8716853,4
1101568,,,25175100,2,50.6055663,8
1101580,,,25817100,2,12.7285106,6
1101581,,,25377100,2,11.0233925,4
1101586,,,25377100,2,9.3315901,3
1101587,,,25377100,2,10.8956067,10
1101596,,,25758100,2,9.0053078,5
1101599,,,25758100,2,13.7253673,8
1101603,,,25758100,3,10.3096529,5
1101607,,,25740100,2,11.8769633,3
1101613,,,25758100,2,12.1662837,4
1101616,,,25758100,2,12.7703641,8
1101618,,,25377100,2,6.8059757,18
1101628,,,25099100,2,8.9549163,18
1101629,,,25099100,2,4.725482,8
1101630,,,25099100,2,4.5595938,3
1101632,,,25260100,3,8.1572734,4
1101634,,,25260100,2,6.8999148,12
1101638,,,25260100,2,9.2081895,4
1101642,,,25260100,3,6.0017915,5
1101646,,,25260100,3,12.5227922,3
1101651,,,25260100,3,8.4405607,6
1101655,,,25260100,2,16.1760518,8
1101661,,,25260100,2,17.346672,3
1101667,,,25260100,3,8.7859944,2
1101679,,,25260100,3,11.3921627,8
1101681,,,25260100,3,13.7962953,4
1101684,,,25260100,2,7.197469,10
1101724,,,25430100,2,54.7638642,4
1101731,,,25430100,2,35.0039319,3
1101732,,,25430100,2,48.7416404,3
1101734,,,25430100,2,51.1271045,18
1101736,,,25785100,3,4.779307,14
1101740,,,25785100,3,4.692531,5
1101743,,,25377100,2,5.8619227,2
1101744,,,25377100,2,5.5713302,3
1101772,,,25785100,2,3.4175966,4
1101780,,,25269100,3,71.0092801,4
1101781,,,25269100,1,76.9418587,4
1101783,,,25269100,1,49.8842927,6
1101790,,,25269100,1,77.8904549,5
1101796,,,25269100,1,57.798572,6
1101797,,,25799100,3,5.7227436,4
1101801,,,25817100,2,5.0429525,4
1101807,,,25758200,4,4.2409681,2
1101813,,,25758100,3,11.229846,4
1101815,,,25758100,3,6.5487325,4
1101818,,,25758100,3,11.229846,4
1101819,,,25758100,2,10.2496443,10
1101823,,,25758100,3,15.7096247,3
1101831,,,25754100,2,270.0766105,4
1101833,,,25754100,2,477.8908242,8
1101836,,,25817100,2,12.7285106,3
1101850,,,25754100,2,285.9532734,4
1101854,,,25754100,2,485.2345982,3
1101856,,,25754100,2,388.0162258,4
1101869,,,25377100,2,8.2024541,4
1101873,,,25214200,2,7.1503083,10
1101875,,,25214200,2,8.2830585,15
1101899,,,25377100,2,10.071687,2
1101915,,,25754100,1,460.42289,3
1101920,34,4,11001101,2,11.9438068,8
1101940,806,11,11001179,3,18.1558084,4
1101944,32,4,11001157,1,52.6777238,3
1101947,32,4,11001157,1,50.8434926,3
1101948,32,4,11001157,1,55.6905884,8
1101958,81,8,11001128,2,38.1131471,4
1102032,28,11,11001122,3,134.6399053,3
1102035,85,7,11001106,2,70.6144981,2
1102042,85,7,11001106,2,73.3554121,3
1102043,85,7,11001106,2,76.7974355,8
1102051,85,7,11001106,2,87.9578713,4
1102053,85,7,11001106,2,56.2065487,5
1102058,28,11,11001122,3,135.2935581,6
1102059,27,11,11001164,3,88.853394,6
1102061,43,16,11001161,3,28.1721108,10
1102072,43,16,11001161,3,27.7021656,4
1102073,81,8,11001128,2,30.9677525,3
1102077,86,7,11001120,2,48.1507951,3
1102078,54,18,11001148,2,21.8721541,10
1102081,802,8,11001175,2,77.4231708,4
1102086,23,11,11001112,2,27.5672021,4
1102089,51,4,11001145,2,28.5499332,2
1102092,24,11,11001152,3,44.2232973,4
1102129,24,11,11001152,3,21.0846431,12
1102137,18,11,11001109,4,36.9590167,3
1102162,114,9,11001150,4,20.0690128,8
1102187,49,7,11001103,2,12.5879695,4
1102188,49,7,11001103,2,11.3204119,4
1102193,49,7,11001103,2,12.3293624,2
1102200,49,7,11001103,2,13.3512527,15
1102209,49,7,11001103,2,11.8978814,8
1102215,80,8,11001118,2,30.2634984,4
1102218,80,8,11001118,2,22.1493875,5
1102225,80,8,11001118,2,27.8367224,8
1102226,80,8,11001118,2,30.3818046,3
1102256,80,8,11001118,2,28.2292804,4
1102258,80,8,11001118,2,20.0207686,3
1102262,76,9,11001125,3,10.971253,8
1102264,76,9,11001125,3,14.3875,15
1102280,66,19,11001159,2,18.9893734,6
1102302,20,11,11001195,5,16.8611788,6
1102323,92,3,11001137,2,4.7047385,4
1102326,92,3,11001137,2,8.155099,4
1102327,92,3,11001137,2,3.8526809,2
1102330,92,3,11001137,2,9.3771168,3
1102341,49,7,11001103,2,17.7780446,3
1102342,71,11,11001166,2,91.5525282,12
1102345,71,11,11001166,2,113.2442007,10
1102357,71,11,11001166,2,123.8657719,4
1102358,71,11,11001166,2,100.6373813,12
1102359,71,11,11001166,2,115.2353262,8
1102360,71,11,11001166,2,101.4224233,3
1102363,71,11,11001166,2,121.4050491,3
1102372,83,8,11001141,2,18.6324024,4
1102380,49,7,11001103,2,9.6886766,4
1102391,49,7,11001103,2,8.9495559,3
1102392,49,7,11001103,2,9.4561746,2
1102399,49,7,11001103,2,10.8559353,4
1102404,49,7,11001103,2,11.021758,10
1102407,49,7,11001103,2,10.7080933,4
1102410,49,7,11001103,2,10.6365337,4
1102413,812,5,11001185,2,28.8081215,5
1102414,812,5,11001185,2,34.4276628,15
1102418,812,5,11001185,2,24.0003303,14
1102420,812,5,11001185,2,26.3057843,8
1102421,812,5,11001185,2,30.4824573,4
1102423,812,5,11001185,2,27.2420086,6
1102424,812,5,11001185,2,24.4094964,3
1102425,812,5,11001185,2,22.6669967,2
1102435,49,7,11001103,2,18.125826,8
1102461,47,8,11001133,3,28.5892034,20
1102467,11,1,11001158,3,27.0827161,5
1102480,810,10,11001183,3,26.2106273,2
1102482,810,10,11001183,3,25.2447532,4
1102500,11,1,11001158,3,18.4554178,4
1102508,812,5,11001185,1,18.8891639,2
1102510,812,5,11001185,1,30.8840891,4
1102511,812,5,11001185,1,19.6433162,4
1102512,812,5,11001185,1,25.4020478,4
1102525,20,11,11001195,5,24.1842261,4
1102535,20,11,11001195,5,14.9575656,3
1102545,20,11,11001195,5,21.8714662,2
1102564,28,11,11001122,2,90.8137878,4
1102581,38,15,11001156,3,32.3914246,4
1102595,30,10,11001108,3,45.4564411,2
1102598,80,8,11001118,2,23.2422336,3
1102599,80,8,11001118,2,20.4475943,10
1102600,80,8,11001118,2,16.2682753,8
1102602,806,11,11001179,3,46.1775478,6
1102603,84,7,11001107,2,68.2782355,8
1102626,58,5,11001117,1,35.0460937,10
1102628,58,5,11001117,1,45.8474093,3
1102631,58,5,11001117,1,29.3016714,6
1102632,58,5,11001117,1,32.2852022,6
1102635,58,5,11001117,1,34.9834635,8
1102639,80,8,11001118,1,15.5454641,3
1102641,80,8,11001118,1,15.1036848,2
1102642,34,4,11001101,2,32.5613467,5
1102643,808,13,11001181,4,17.8084958,3
1102657,80,8,11001118,2,21.3516011,8
1102659,80,8,11001118,2,15.5454641,3
1102674,30,10,11001108,3,76.5893525,12
1102682,67,19,11001147,1,69.1933856,2
1102683,67,19,11001147,1,105.0400628,14
1102686,67,19,11001147,1,49.2167089,4
1102688,67,19,11001147,1,49.2167089,8
1102690,67,19,11001147,1,75.4427032,4
1102692,34,4,11001101,2,26.0958182,3
1102694,34,4,11001101,2,24.9792969,10
1102697,34,4,11001101,2,25.4095142,4
1102698,34,4,11001101,2,31.7798646,2
1102702,34,4,11001101,2,42.5459384,8
1102706,20,11,11001195,5,17.1496981,6
1102724,23,11,11001112,4,40.9161926,8
1102737,74,10,11001123,2,53.9570565,5
1102738,74,10,11001123,2,77.1544934,4
1102745,74,10,11001123,2,36.6043601,4
1102769,41,16,11001151,3,18.8387136,3
1102780,75,9,11001124,3,57.6382389,4
1102783,28,11,11001122,2,161.8690993,3
1102786,28,11,11001122,2,89.7641187,4
1102792,28,11,11001122,2,83.69759,5
1102794,28,11,11001122,2,79.2593265,3
1102795,28,11,11001122,2,143.1445509,3
1102796,28,11,11001122,2,140.4630385,8
1102798,28,11,11001122,2,140.4630385,8
1102800,28,11,11001122,3,146.8798967,3
1102807,28,11,11001122,2,92.8210649,4
1102809,28,11,11001122,3,67.323089,4
1102828,74,10,11001123,2,107.001589,3
1102862,74,10,11001123,2,67.0289176,3
1102866,74,10,11001123,2,90.4437719,4
1102867,74,10,11001123,2,78.4571076,4
1102869,74,10,11001123,2,75.1211232,10
1102873,74,10,11001123,2,91.7143677,8
1102882,815,19,11001188,2,31.9842769,4
1102885,28,11,11001122,9,131.2138245,3
1102886,28,11,11001122,2,113.2186933,12
1102888,28,11,11001122,3,117.6636746,4
1102889,28,11,11001122,2,106.5188928,24
1102891,28,11,11001122,2,127.7686054,4
1102900,28,11,11001122,2,145.5607355,4
1102913,92,3,11001137,2,5.0407061,8
1102917,92,3,11001137,2,4.4356941,4
1102925,39,18,11001155,3,60.0842507,6
1102928,102,14,11001138,3,16.2072089,3
1102945,813,9,11001186,3,6.0648712,6
1102952,85,7,11001106,2,94.3750632,8
1102956,85,7,11001106,2,102.6975769,3
1102957,85,7,11001106,2,94.8164945,12
1102972,802,8,11001175,2,50.7470723,3
1102975,79,8,11001110,2,54.6298636,4
1102979,79,8,11001110,2,45.8818772,4
1102996,54,18,11001148,1,19.9849652,14
1102997,54,18,11001148,1,20.9139808,5
1102999,54,18,11001148,1,39.789195,4
1103005,54,18,11001148,2,70.795857,4
1103008,102,14,11001138,3,14.9159788,6
1103013,102,14,11001138,3,20.5373208,2
1103025,71,11,11001166,2,45.1198697,26
1103029,71,11,11001166,2,121.3747409,10
1103031,71,11,11001166,2,133.5136059,10
1103034,71,11,11001166,2,103.662077,4
1103042,71,11,11001166,1,99.6010018,12
1103043,71,11,11001166,1,96.5592158,2
1103044,71,11,11001166,2,133.5555577,4
1103045,71,11,11001166,2,174.9869768,8
1103046,71,11,11001166,2,189.7108183,4
1103047,71,11,11001166,2,179.3226833,5
1103049,71,11,11001166,2,170.6010524,5
1103052,71,11,11001166,2,167.5053589,3
1103058,71,11,11001166,2,145.3158316,4
1103059,71,11,11001166,2,172.2439843,3
1103063,71,11,11001166,2,122.4721354,18
1103066,71,11,11001166,2,129.2941195,5
1103068,71,11,11001166,2,120.2365035,8
1103072,71,11,11001166,2,94.0798645,4
1103091,84,7,11001107,2,41.7316896,4
1103093,84,7,11001107,2,70.0733237,4
1103102,54,18,11001148,2,106.1937855,4
1103105,54,18,11001148,2,31.7026864,4
1103107,806,11,11001179,4,20.7510595,12
1103124,79,8,11001110,2,59.3706602,2
1103137,84,7,11001107,2,76.2769165,4
1103150,34,4,11001101,2,27.9544894,21
1103163,34,4,11001101,2,52.5225201,15
1103166,34,4,11001101,2,27.1430241,5
1103167,34,4,11001101,2,38.9730744,4
1103173,34,4,11001101,2,47.440788,4
1103175,79,8,11001110,2,64.6822842,8
1103223,74,10,11001123,2,72.8134281,5
1103226,74,10,11001123,2,44.3953921,4
1103282,50,4,11001136,2,44.1257276,15
1103291,50,4,11001136,2,31.0314887,3
1103292,50,4,11001136,2,37.8600714,3
1103299,50,4,11001136,2,52.6029115,3
1103306,50,4,11001136,2,37.8740963,3
1103309,50,4,11001136,2,37.7011328,4
1103319,50,4,11001136,2,46.9956454,5
1103325,50,4,11001136,2,29.0713679,10
1103326,65,19,11001104,2,22.7837021,4
1103329,53,18,11001191,2,24.9566279,3
1103333,53,18,11001191,2,21.2146249,2
1103339,53,18,11001191,3,26.7105106,8
1103340,53,18,11001191,3,23.8834878,2
1103341,53,18,11001191,3,28.3691532,4
1103342,53,18,11001191,3,26.1105803,3
1103347,53,18,11001191,3,23.0014799,3
1103348,53,18,11001191,3,26.1105803,3
1103357,53,18,11001191,2,22.2248452,2
1103359,53,18,11001191,3,24.6998467,4
1103364,53,18,11001191,3,20.1051558,15
1103365,53,18,11001191,3,26.6790303,4
1103400,44,8,11001102,3,30.4914274,4
1103403,41,16,11001151,3,26.9453699,3
1103409,44,8,11001102,3,38.6595796,6
1103412,43,16,11001161,3,22.9833728,4
1103418,41,16,11001151,3,22.3616137,3
1103434,36,18,11001192,3,18.3910998,3
1103435,36,18,11001192,3,17.676138,3
1103440,36,18,11001192,3,21.2380721,2
1103444,36,18,11001192,3,26.2218739,3
1103446,36,18,11001192,3,24.1424082,4
1103448,36,18,11001192,3,18.819011,6
1103452,36,18,11001192,3,24.1136765,2
1103464,36,18,11001192,3,21.2364283,3
1103466,36,18,11001192,3,23.2739764,2
1103467,36,18,11001192,3,18.4992161,8
1103468,44,8,11001102,3,32.3286802,3
1103476,32,4,11001157,2,54.4382837,15
1103492,36,18,11001192,3,29.5344515,4
1103499,36,18,11001192,3,21.1402839,3
1103500,36,18,11001192,3,17.2524457,4
1103526,44,8,11001102,3,35.9505835,2
1103552,32,4,11001157,1,57.6096847,21
1103553,32,4,11001157,1,54.5048714,10
1103556,32,4,11001157,1,45.1255587,6
1103557,32,4,11001157,1,46.4744972,8
1103559,28,11,11001122,2,125.7515511,8
1103573,38,15,11001156,3,24.5041602,5
1103577,14,1,11001193,5,24.5907317,2
1103579,14,1,11001193,5,28.9605244,4
1103584,14,1,11001193,5,24.941912,3
1103604,812,5,11001185,2,22.6669967,2
1103607,812,5,11001185,2,22.6669967,2
1103609,38,15,11001156,3,36.8077687,8
1103623,802,8,11001175,4,71.9426413,2
1103627,71,11,11001166,2,89.6456373,3
1103628,71,11,11001166,2,103.7117936,4
1103635,71,11,11001166,2,118.0676484,4
1103674,815,19,11001188,1,22.6186429,3
1103677,815,19,11001188,1,44.329026,5
1103678,815,19,11001188,1,15.1165484,3
1103680,815,19,11001188,1,15.2267921,3
1103702,812,5,11001185,2,24.8610595,12
1103705,815,19,11001188,1,22.5356252,3
1103711,815,19,11001188,1,12.5218325,5
1103723,812,5,11001185,2,31.2422949,8
1103724,812,5,11001185,2,30.7802322,10
1103729,81,8,11001128,2,15.9948302,8
1103734,81,8,11001128,2,26.1841436,12
1103780,81,8,11001128,2,26.0705815,10
1103781,815,19,11001188,1,19.6318811,3
1103782,815,19,11001188,1,21.3407546,8
1103785,815,19,11001188,1,52.2381224,15
1103787,815,19,11001188,1,17.3524314,3
1103789,815,19,11001188,1,17.8923632,4
1103790,815,19,11001188,1,26.7230729,5
1103792,815,19,11001188,1,57.489997,24
1103793,815,19,11001188,1,39.9863237,6
1103794,815,19,11001188,1,12.9909091,6
1103795,815,19,11001188,1,16.8804931,5
1103802,28,11,11001122,1,85.2474695,2
1103814,32,4,11001157,2,42.3074376,4
1103828,32,4,11001157,2,63.1166181,4
1103829,32,4,11001157,2,52.7937279,3
1103831,32,4,11001157,2,49.8802174,4
1103844,33,4,11001163,2,17.1369361,4
1103846,32,4,11001157,2,42.2349823,3
1103848,32,4,11001157,2,49.8802174,4
1103849,32,4,11001157,2,38.3432848,2
1103851,32,4,11001157,1,42.4464836,2
1103852,32,4,11001157,1,70.0561679,12
1103860,80,8,11001118,2,26.1974578,5
1103862,80,8,11001118,2,24.235004,12
1103863,80,8,11001118,2,28.1478371,3
1103868,80,8,11001118,2,21.2014962,10
1103876,80,8,11001118,2,18.3694296,3
1103885,80,8,11001118,2,28.6940926,8
1103886,80,8,11001118,2,24.6620841,3
1103891,80,8,11001118,2,19.968814,2
1103899,80,8,11001118,2,32.3142644,15
1103904,80,8,11001118,2,20.3318833,2
1103905,80,8,11001118,2,23.9036077,6
1103908,80,8,11001118,2,18.6805443,2
1103912,80,8,11001118,2,20.310399,5
1103914,80,8,11001118,2,21.6606615,3
1103920,80,8,11001118,2,17.6037514,2
1103922,80,8,11001118,2,13.2085668,4
1103924,80,8,11001118,2,18.0497786,6
1103929,80,8,11001118,2,13.717547,12
1103942,80,8,11001118,2,12.1700534,8
1103948,80,8,11001118,2,18.298695,2
1103950,80,8,11001118,2,25.3330534,3
1103952,80,8,11001118,2,23.1605538,3
1103958,80,8,11001118,2,14.0568624,10
1103959,80,8,11001118,2,12.5102695,15
1103960,38,15,11001156,3,40.5369268,6
1103961,38,15,11001156,3,27.6956421,2
1103973,29,10,11001149,3,54.7869018,5
1104153,30,10,11001108,3,68.6814979,8
1104154,30,10,11001108,3,56.4168987,3
1104156,30,10,11001108,3,48.6688992,6
1104157,38,15,11001156,3,29.8904361,4
1104220,32,4,11001157,2,26.7877229,4
1104222,32,4,11001157,2,45.1732113,4
1104241,32,4,11001157,2,56.156395,5
1104242,32,4,11001157,2,39.2806712,8
1104244,32,4,11001157,2,26.1708874,4
1104245,32,4,11001157,2,26.1708874,4
1104246,32,4,11001157,2,34.5918617,6
1104255,32,4,11001157,2,33.2600486,3
1104256,71,11,11001166,3,100.4774681,2
1104270,24,11,11001152,3,46.6423161,3
1104282,27,11,11001164,3,115.6004194,20
1104284,27,11,11001164,3,77.501792,2
1104290,27,11,11001164,3,72.5459373,3
1104299,27,11,11001164,3,86.7205977,2
1104305,48,8,11001167,3,49.5411305,3
1104364,28,11,11001122,2,110.3985762,14
1104365,28,11,11001122,2,134.1345087,18
1104370,71,11,11001166,2,84.0815122,10
1104374,71,11,11001166,2,65.9404023,4
1104375,71,11,11001166,2,104.4958775,3
1104376,71,11,11001166,2,94.7594848,3
1104380,71,11,11001166,2,182.1277649,15
1104383,71,11,11001166,2,129.0072562,3
1104384,71,11,11001166,2,105.2883165,6
1104385,71,11,11001166,2,104.3409079,5
1104389,71,11,11001166,2,132.1166099,10
1104390,71,11,11001166,2,110.72039,3
1104391,71,11,11001166,2,131.6250132,10
1104392,71,11,11001166,2,125.0090241,15
1104398,71,11,11001166,2,76.4580134,18
1104399,71,11,11001166,2,120.082105,8
1104404,71,11,11001166,2,94.7594848,3
1104405,71,11,11001166,2,125.0090241,10
1104407,71,11,11001166,2,115.6657102,8
1104409,71,11,11001166,2,135.0462422,2
1104415,71,11,11001166,3,156.338861,4
1104422,71,11,11001166,2,78.1940327,5
1104423,71,11,11001166,2,100.5016389,4
1104424,71,11,11001166,2,176.6056092,14
1104425,71,11,11001166,2,108.9301047,8
1104426,71,11,11001166,2,77.587931,18
1104430,71,11,11001166,2,110.3084071,3
1104431,71,11,11001166,2,142.8344629,3
1104432,71,11,11001166,2,93.7493444,4
1104433,71,11,11001166,2,133.6394698,5
1104434,71,11,11001166,3,165.8664723,3
1104438,71,11,11001166,2,126.970142,6
1104442,71,11,11001166,2,94.7594848,6
1104452,24,11,11001152,3,19.2505308,2
1104460,24,11,11001152,5,27.438167,2
1104467,24,11,11001152,5,40.7520094,4
1104472,44,8,11001102,2,45.0190397,3
1104473,44,8,11001102,2,48.3193654,3
1104474,44,8,11001102,2,40.5945391,5
1104496,27,11,11001164,3,99.1762095,8
1104518,24,11,11001152,3,33.7074067,2
1104519,24,11,11001152,3,36.8090176,3
1104531,24,11,11001152,5,30.4527951,8
1104538,24,11,11001152,5,35.5058636,3
1104541,24,11,11001152,5,22.5545178,4
1104546,24,11,11001152,5,50.1316283,4
1104547,24,11,11001152,5,51.606018,2
1104549,24,11,11001152,5,43.3736626,3
1104550,24,11,11001152,5,40.1006102,4
1104551,24,11,11001152,5,41.2183132,4
1104552,24,11,11001152,5,64.8960133,4
1104553,24,11,11001152,5,47.7082597,3
1104612,30,10,11001108,4,36.1703904,21
1104614,30,10,11001108,3,39.4443004,6
1104622,30,10,11001108,3,72.150072,6
1104624,30,10,11001108,3,73.0586933,8
1104629,30,10,11001108,3,59.4219895,3
1104633,30,10,11001108,3,49.5693556,3
1104635,30,10,11001108,3,73.6099441,8
1105313,110,9,11001115,4,32.3325252,4
1105337,71,11,11001166,3,192.2053493,2
1105340,71,11,11001166,3,111.7148888,4
1105341,79,8,11001110,2,54.9203626,3
1105349,79,8,11001110,2,58.5153745,5
1105351,79,8,11001110,2,54.4555282,4
1105353,812,5,11001185,2,23.7159661,10
1105360,812,5,11001185,2,30.7802322,5
1105363,812,5,11001185,1,25.3560897,7
1105375,812,5,11001185,2,21.6756915,3
1105377,812,5,11001185,2,20.6843864,12
1105380,812,5,11001185,2,22.1904512,3
1105382,84,7,11001107,2,77.8869862,3
1105386,815,19,11001188,1,19.206158,10
1105387,815,19,11001188,1,46.3423581,5
1105392,815,19,11001188,1,29.1415407,3
1105400,812,5,11001185,2,28.6727907,10
1105405,812,5,11001185,2,30.5672138,15
1105410,812,5,11001185,2,29.0839101,3
1105412,52,5,11001135,1,11.3905706,6
1105416,812,5,11001185,2,33.9095056,4
1105417,812,5,11001185,2,33.869397,4
1105420,812,5,11001185,2,33.4392721,10
1105421,812,5,11001185,2,24.0231418,2
1105422,815,19,11001188,1,45.5244798,3
1105423,815,19,11001188,1,45.4960292,3
1105424,815,19,11001188,1,22.9511187,3
1105426,815,19,11001188,1,20.1702647,4
1105428,815,19,11001188,1,13.6117023,14
1105429,815,19,11001188,1,22.1934426,4
1105430,815,19,11001188,1,32.0940683,6
1105431,815,19,11001188,1,38.315233,4
1105432,815,19,11001188,1,26.8018095,2
1105433,815,19,11001188,1,27.4557196,8
1105435,812,5,11001185,1,24.221217,6
1105436,85,7,11001106,2,73.5782077,4
1105439,812,5,11001185,2,28.4020862,8
1105441,812,5,11001185,1,24.9250152,10
1105442,812,5,11001185,1,27.7519055,5
1105443,812,5,11001185,2,25.6893515,3
1105445,812,5,11001185,2,25.8698936,3
1105450,812,5,11001185,2,30.6609603,8
1105461,812,5,11001185,2,27.0834968,2
1105462,812,5,11001185,2,24.0231418,2
1105479,812,5,11001185,1,29.0302602,6
1105484,812,5,11001185,2,27.5948643,8
1105487,811,5,11001184,2,35.2180853,8
1105489,20,11,11001195,5,19.2710438,5
1105496,815,19,11001188,1,28.46166,3
1105497,815,19,11001188,1,31.084822,10
1105499,811,5,11001184,2,28.6799327,3
1105501,84,7,11001107,2,78.0930554,8
1105503,84,7,11001107,2,88.9582916,10
1105515,811,5,11001184,2,19.0279063,3
1105521,815,19,11001188,1,40.0354869,12
1105522,815,19,11001188,1,15.9719993,4
1105523,815,19,11001188,1,20.7782959,5
1105525,815,19,11001188,1,35.4438558,8
1105527,815,19,11001188,1,18.5261407,4
1105528,815,19,11001188,1,25.679941,4
1105530,815,19,11001188,1,29.3781506,8
1105532,815,19,11001188,1,24.3083046,12
1105534,811,5,11001184,2,33.6272815,5
1105535,58,5,11001117,1,24.6650347,5
1105536,811,5,11001184,1,32.8629511,15
1105541,58,5,11001117,1,37.052192,3
1105543,85,7,11001106,2,90.3327268,8
1105552,35,15,11001113,3,10.7249689,8
1105572,28,11,11001122,3,103.3115424,4
1105582,95,3,11001139,2,7.136124,3
1105598,39,18,11001155,3,23.3127908,5
1105600,39,18,11001155,3,37.628393,4
1105605,39,18,11001155,3,47.0782669,10
1105606,42,6,11001172,3,71.476688,6
1105612,62,6,11001171,2,17.8348444,5
1105613,62,6,11001171,2,7.8693971,4
1105614,47,8,11001133,3,45.2269956,3
1105617,62,6,11001171,2,12.7288993,6
1105618,95,3,11001139,2,2.9663589,6
1105621,95,3,11001139,2,6.0199591,3
1105624,95,3,11001139,2,5.8382826,4
1105627,95,3,11001139,2,10.1042716,12
1105629,95,3,11001139,2,9.2254075,6
1105630,75,9,11001124,3,54.8885439,10
1105636,75,9,11001124,3,60.7595672,3
1105645,75,9,11001124,3,50.95497,4
1105649,75,9,11001124,3,52.1846107,5
1105669,75,9,11001124,3,84.7996094,28
1105703,75,9,11001124,3,72.4574217,2
1105706,75,9,11001124,3,42.2518485,4
1105707,75,9,11001124,3,44.1633533,8
1105713,18,11,11001109,4,39.2614795,4
1105722,19,11,11001121,3,52.689509,4
1105739,30,10,11001108,3,49.2500802,3
1105747,30,10,11001108,3,61.8133481,4
1105750,30,10,11001108,3,64.174114,8
1105755,807,12,11001180,4,23.5550294,3
1105782,95,3,11001139,2,15.9391818,6
1105786,95,3,11001139,2,9.1491757,8
1105788,75,9,11001124,3,58.1848148,4
1105793,95,3,11001139,2,6.3683614,8
1105802,75,9,11001124,3,68.0710375,8
1105803,80,8,11001118,3,18.298695,2
1105811,80,8,11001118,2,17.2981103,3
1105840,80,8,11001118,2,28.15886,3
1105841,80,8,11001118,2,28.6940926,4
1105842,80,8,11001118,2,28.15886,3
1105849,20,11,11001195,5,17.6163562,4
1105869,75,9,11001124,3,66.3982141,8
1105871,75,9,11001124,3,58.5838416,2
1105879,75,9,11001124,3,31.5143034,18
1105887,80,8,11001118,3,18.298695,2
1105888,80,8,11001118,3,27.3436241,3
1105892,811,5,11001184,2,21.2939369,4
1105907,45,8,11001111,3,36.3591725,3
1105909,45,8,11001111,3,47.3729711,8
1105923,75,9,11001124,3,55.0858615,5
1105951,95,3,11001139,2,5.7763352,6
1105966,804,1,11001177,2,15.3290579,4
1105992,802,8,11001175,3,87.2318154,4
1105993,58,5,11001117,1,32.3364585,3
1105999,802,8,11001175,3,76.9450482,2
1106002,80,8,11001118,2,23.5166236,4
1106013,87,7,11001169,1,37.3748805,3
1106019,80,8,11001118,2,26.0855388,4
1106023,80,8,11001118,2,21.2169839,3
1106030,95,3,11001139,3,15.4440534,8
1106034,802,8,11001175,2,56.7073811,3
1106037,45,8,11001111,3,36.3812904,16
1106041,19,11,11001121,3,37.8662507,4
1106042,45,8,11001111,3,41.395033,5
1106044,814,3,11001187,3,11.7218325,3
1106049,814,3,11001187,3,14.0311481,2
1106061,36,18,11001192,3,22.3177016,5
1106063,36,18,11001192,3,23.2958439,4
1106065,36,18,11001192,3,24.9102927,16
1106070,29,10,11001149,3,52.1615448,2
1106073,29,10,11001149,3,42.779518,3
1106084,30,10,11001108,3,54.7223113,3
1106091,30,10,11001108,3,75.0211813,3
1106115,807,12,11001180,4,37.6371226,4
1106116,28,11,11001122,2,138.7219631,4
1106118,57,5,11001129,1,46.2814682,3
1106119,57,5,11001129,1,35.9232972,5
1106120,57,5,11001129,1,44.0500565,3
1106121,57,5,11001129,1,35.5115117,4
1106122,57,5,11001129,1,30.9981101,4
1106124,57,5,11001129,2,59.6447896,3
1106129,57,5,11001129,1,42.6372348,4
1106131,57,5,11001129,1,61.2495488,5
1106132,57,5,11001129,1,51.626588,3
1106134,57,5,11001129,1,66.4861762,3
1106135,57,5,11001129,1,41.7561305,10
1106136,57,5,11001129,1,50.9151549,2
1106140,58,5,11001117,1,41.1163644,3
1106145,45,8,11001111,3,24.5266413,5
1106149,45,8,11001111,3,37.9081563,8
1106154,807,12,11001180,3,29.8373479,3
1106156,12,1,11001170,4,23.9781615,10
1106163,45,8,11001111,3,36.0914627,4
1106166,28,11,11001122,2,137.2170713,3
1106168,87,7,11001169,2,51.6884008,5
1106172,810,10,11001183,3,29.8523235,3
1106182,85,7,11001106,2,77.9754493,3
1106197,85,7,11001106,2,58.6716281,18
1106207,811,5,11001184,2,36.4892004,3
1106211,11,1,11001158,3,26.7912203,4
1106218,12,1,11001170,3,24.3997763,2
1106220,12,1,11001170,3,28.3808486,2
1106234,27,11,11001164,3,84.4376243,2
1106250,11,1,11001158,3,22.1266655,6
1106267,9,1,11001194,3,52.5603814,2
1106272,11,1,11001158,3,20.4864148,3
1106273,11,1,11001158,3,18.7427172,4
1106274,11,1,11001158,3,20.4864148,3
1106287,9,1,11001194,3,51.9524506,3
1106294,79,8,11001110,2,40.4039669,3
1106307,27,11,11001164,3,98.2434882,5
1106310,9,1,11001194,3,59.0302073,2
1106319,36,18,11001192,3,22.3478272,10
1106323,36,18,11001192,3,25.4569362,5
1106325,9,1,11001194,3,91.1410766,4
1106329,36,18,11001192,3,18.4417819,4
1106337,9,1,11001194,3,30.8027542,4
1106374,9,1,11001194,3,46.7051333,4
1106410,25,11,11001196,4,21.644297,4
1106426,9,1,11001194,2,73.0947084,6
1106428,9,1,11001194,3,51.0731199,15
1106430,28,11,11001122,3,116.1513559,2
1106446,79,8,11001110,2,55.0160727,6
1106458,95,3,11001139,2,7.4081781,8
1106503,9,1,11001194,3,101.2580678,4
1106507,9,1,11001194,3,52.3308823,3
1106532,19,11,11001121,4,44.212063,3
1106537,23,11,11001112,3,25.9616759,5
1106562,27,11,11001164,4,99.4610246,3
1106563,27,11,11001164,3,85.0982302,5
1106564,27,11,11001164,3,79.3623796,3
1106567,27,11,11001164,3,75.7482213,3
1106577,12,1,11001170,3,28.908775,2
1106586,11,1,11001158,3,28.4289655,24
1106590,57,5,11001129,1,26.99039,8
1106591,57,5,11001129,1,53.8579997,3
1106592,57,5,11001129,1,46.1657083,42
1106594,57,5,11001129,1,46.2814682,3
1106595,57,5,11001129,2,45.8540206,2
1106602,57,5,11001129,1,45.8236394,2
1106624,57,5,11001129,2,75.6318842,4
1106625,57,5,11001129,2,67.9353244,8
1106627,57,5,11001129,2,59.6447896,3
1106628,57,5,11001129,1,27.6506437,8
1106629,57,5,11001129,2,60.1026184,4
1106631,57,5,11001129,1,33.4524594,6
1106635,57,5,11001129,1,44.7905085,12
1106636,57,5,11001129,1,33.6592496,6
1106637,57,5,11001129,2,62.2748909,4
1106638,57,5,11001129,2,46.2814682,3
1106640,57,5,11001129,1,27.1870271,8
1106647,57,5,11001129,1,51.3503153,15
1106648,57,5,11001129,1,42.4175418,32
1106650,57,5,11001129,1,35.8077843,2
1106652,57,5,11001129,1,48.3131805,5
1106653,57,5,11001129,1,65.956059,3
1106656,57,5,11001129,1,69.7303395,2
1106658,57,5,11001129,1,43.504205,8
1106659,57,5,11001129,1,55.4591901,3
1106661,57,5,11001129,1,60.1026184,8
1106665,57,5,11001129,1,41.5483938,3
1106670,57,5,11001129,2,50.5992254,2
1106671,57,5,11001129,1,57.820415,4
1106672,57,5,11001129,1,75.1478962,4
1106674,57,5,11001129,1,40.7588131,3
1106677,57,5,11001129,1,62.2704089,6
1106701,102,14,11001138,3,18.1125999,10
1106713,804,1,11001177,4,20.4970386,8
1106747,74,10,11001123,2,49.933378,4
1106752,74,10,11001123,2,75.8892872,6
1106755,74,10,11001123,2,59.5706617,4
1106772,74,10,11001123,2,63.9958674,8
1106774,74,10,11001123,2,43.5484123,3
1106784,35,15,11001113,3,15.7360033,8
1106817,804,1,11001177,2,19.8614878,15
1106837,95,3,11001139,2,8.6073151,6
1106917,12,1,11001170,3,24.3377824,3
1106970,804,1,11001177,4,18.0541433,10
1106972,11,1,11001158,3,18.429944,3
1106989,11,1,11001158,2,30.9144283,10
1106990,804,1,11001177,4,18.989232,3
1106996,804,1,11001177,2,17.4304242,4
1106997,804,1,11001177,2,19.1841498,6
1107017,58,5,11001117,1,44.3146756,2
1107019,58,5,11001117,1,24.2930303,3
1107026,28,11,11001122,2,197.4973273,6
1107140,12,1,11001170,3,45.2314166,2
1107176,67,19,11001147,2,93.5558346,6
1107177,67,19,11001147,3,70.5014429,6
1107179,67,19,11001147,1,66.2909084,14
1107180,67,19,11001147,1,63.8018458,5
1107185,14,1,11001193,5,30.1239825,8
1107188,45,8,11001111,3,27.190791,4
1107206,45,8,11001111,3,49.7813496,21
1107215,67,19,11001147,1,85.6279936,5
1107220,67,19,11001147,1,83.1726662,8
1107224,30,10,11001108,3,92.645599,5
1107227,14,1,11001193,5,28.6564814,4
1107237,35,15,11001113,3,10.3710386,2
1107239,35,15,11001113,3,15.5546817,3
1107240,35,15,11001113,3,12.8751454,3
1107242,35,15,11001113,3,11.5105974,3
1107252,35,15,11001113,3,20.8083935,10
1107271,74,10,11001123,2,49.8068654,2
1107275,74,10,11001123,2,87.9425867,8
1107278,74,10,11001123,2,73.5162223,4
1107279,74,10,11001123,2,61.8107307,3
1107289,74,10,11001123,2,54.8273532,2
1107300,43,16,11001161,3,24.8023617,3
1107307,66,19,11001159,2,19.0813988,2
1107315,67,19,11001147,2,76.1406655,5
1107320,67,19,11001147,1,74.5236235,12
1107322,67,19,11001147,1,45.3920186,4
1107324,67,19,11001147,1,58.6870615,3
1107325,67,19,11001147,1,74.2768316,3
1107356,14,1,11001193,6,18.887608,4
1107369,80,8,11001118,2,25.5989636,3
1107370,14,1,11001193,6,29.6230645,10
1107393,30,10,11001108,3,42.3456645,5
1107401,44,8,11001102,2,50.4382173,4
1107409,35,15,11001113,2,14.7880576,8
1107411,35,15,11001113,2,13.6310757,3
1107413,35,15,11001113,2,16.0031939,4
1107429,29,10,11001149,3,55.8808533,4
1107438,29,10,11001149,3,55.0297385,3
1107448,29,10,11001149,3,65.6699845,4
1107450,29,10,11001149,3,44.9426989,4
1107457,29,10,11001149,3,50.5733668,3
1107480,29,10,11001149,3,63.9451882,8
1107498,29,10,11001149,3,51.4297637,5
1107511,29,10,11001149,3,65.3820053,10
1107514,29,10,11001149,3,67.3772877,5
1107515,29,10,11001149,3,53.0948666,6
1107525,43,16,11001161,3,39.3688281,3
1107526,43,16,11001161,3,34.3218776,10
1107535,35,15,11001113,2,13.6234405,3
1107554,29,10,11001149,3,46.9034599,2
1107595,27,11,11001164,3,68.6318172,2
1107603,27,11,11001164,3,79.3962888,6
1107632,44,8,11001102,3,37.2623803,6
1107653,814,3,11001187,3,9.5134111,6
1107660,12,1,11001170,4,26.1976996,4
1107661,95,3,11001139,2,14.4528022,3
1107680,76,9,11001125,2,13.924481,3
1107689,76,9,11001125,2,17.9029041,3
1107692,57,5,11001129,1,59.8182819,8
1107694,76,9,11001125,2,17.4146873,8
1107712,80,8,11001118,2,14.9499522,6
1107713,80,8,11001118,2,14.4149534,6
1107717,28,11,11001122,2,136.1577575,3
1107718,28,11,11001122,2,154.6592058,6
1107719,28,11,11001122,2,104.1008565,8
1107720,13,1,11001144,5,87.715572,3
1107725,28,11,11001122,2,162.557516,4
1107726,28,11,11001122,2,152.5009456,4
1107746,28,11,11001122,3,165.9422878,6
1107748,65,19,11001104,2,51.2646386,8
1107749,65,19,11001104,2,26.8378807,4
1107759,66,19,11001159,2,23.4216878,3
1107763,67,19,11001147,1,82.3759958,2
1107769,28,11,11001122,2,179.2787046,10
1107787,100,13,11001126,3,34.6477057,3
1107807,100,13,11001126,4,21.9236008,3
1107821,23,11,11001112,4,25.0496612,3
1107825,20,11,11001195,5,22.0907654,3
1107829,23,11,11001112,4,28.7599091,3
1107831,23,11,11001112,4,33.142116,4
1107834,23,11,11001112,4,28.917778,8
1107840,28,11,11001122,2,153.1486263,3
1107846,28,11,11001122,2,139.7599675,4
1107851,28,11,11001122,2,138.2334941,3
1107852,28,11,11001122,2,167.8734956,4
1107853,28,11,11001122,2,92.5822948,2
1107892,28,11,11001122,2,93.589444,8
1107893,57,5,11001129,1,56.3277045,3
1107898,28,11,11001122,2,120.2596452,24
1107900,28,11,11001122,2,114.4253726,8
1107902,57,5,11001129,1,33.4524594,3
1107905,12,1,11001170,3,31.9212949,4
1107930,71,11,11001166,3,103.3504708,6
1107931,71,11,11001166,3,70.2992889,15
1107935,71,11,11001166,3,109.957554,3
1107987,44,8,11001102,4,43.2969999,3
1107989,44,8,11001102,4,41.8239753,3
1108012,95,3,11001139,2,6.0251206,6
1108028,30,10,11001108,3,63.7190598,3
1108034,95,3,11001139,2,6.3602527,5
1108035,95,3,11001139,2,6.9571055,3
1108038,57,5,11001129,2,49.9132711,3
1108048,57,5,11001129,2,57.8712068,4
1108053,57,5,11001129,2,66.2719885,3
1108054,57,5,11001129,2,77.6272425,8
1108056,57,5,11001129,2,66.4647577,4
1108058,57,5,11001129,2,74.1894586,3
1108069,57,5,11001129,2,63.8019181,5
1108071,57,5,11001129,2,53.6803107,3
1108074,57,5,11001129,2,63.4622489,3
1108076,57,5,11001129,2,83.0180232,4
1108078,57,5,11001129,2,54.1130605,2
1108082,57,5,11001129,2,75.1478962,4
1108085,57,5,11001129,2,66.2719885,3
1108087,57,5,11001129,3,59.3604531,3
1108089,57,5,11001129,2,60.1026184,4
1108090,57,5,11001129,2,65.5160156,6
1108185,57,5,11001129,2,66.8317696,4
1108195,69,19,11001131,3,69.9594022,4
1108198,76,9,11001125,2,23.1736777,28
1108207,76,9,11001125,2,19.6795175,3
1108223,19,11,11001121,3,42.0747549,10
1108227,24,11,11001152,5,31.8103917,3
1108228,24,11,11001152,5,29.1211642,4
1108254,95,3,11001139,2,5.7958377,12
1108257,95,3,11001139,2,12.4523094,2
1108311,9,1,11001194,4,52.1013831,4
1108314,9,1,11001194,3,62.7933735,2
1108320,11,1,11001158,3,28.7917042,2
1108351,77,9,11001173,2,26.0693193,2
1108366,35,15,11001113,3,9.4694216,4
1108406,77,9,11001173,2,26.8584694,2
1108422,804,1,11001177,3,18.8663428,3
1108429,94,17,11001134,3,7.8266468,6
1108455,808,13,11001181,4,31.6845062,12
1108458,89,2,11001160,2,5.998774,5
1108460,94,17,11001134,2,14.8849074,2
1108472,808,13,11001181,4,20.0455711,6
1108476,808,13,11001181,4,16.7474176,5
1108480,808,13,11001181,4,25.9779478,12
1108482,53,18,11001191,2,32.8193149,3
1108491,53,18,11001191,2,22.2248452,2
1108517,89,2,11001160,2,6.638533,5
1108522,89,2,11001160,2,7.4619364,6
1108523,89,2,11001160,2,7.1381853,4
1108528,89,2,11001160,2,6.7794688,3
1108531,89,2,11001160,2,6.73512,3
1108532,94,17,11001134,2,5.0506793,12
1108537,94,17,11001134,2,14.4300094,3
1108552,89,2,11001160,2,7.6997953,5
1108566,94,17,11001134,2,7.1072579,8
1108567,94,17,11001134,2,15.2378405,5
1108568,32,4,11001157,2,48.9208131,4
1108592,89,2,11001160,2,6.9836912,5
1108602,30,10,11001108,3,42.7684827,3
1108607,49,7,11001103,2,13.8012727,2
1108611,49,7,11001103,2,18.1851634,3
1108612,49,7,11001103,2,13.3663091,3
1108621,49,7,11001103,2,18.1773189,8
1108654,53,18,11001191,3,27.365158,3
1108666,26,10,11001140,3,40.4629264,4
1108667,815,19,11001188,1,19.3523453,4
1108669,815,19,11001188,1,10.7420713,3
1108670,815,19,11001188,1,17.0804238,32
1108671,815,19,11001188,1,23.28867,16
1108674,815,19,11001188,1,26.062132,18
1108675,815,19,11001188,1,21.3004323,8
1108683,44,8,11001102,3,40.3505739,4
1108700,810,10,11001183,3,39.325078,15
1108705,26,10,11001140,3,36.5683407,4
1108710,80,8,11001118,2,17.7392817,6
1108712,80,8,11001118,2,21.1441663,4
1108715,89,2,11001160,2,8.0158993,4
1108725,89,2,11001160,2,6.5919609,4
1108751,78,8,11001168,3,12.4192649,2
1108766,80,8,11001118,2,18.0703893,10
1108767,80,8,11001118,2,18.381504,8
1108778,815,19,11001188,1,14.8805793,8
1108780,815,19,11001188,1,19.7820334,10
1108782,815,19,11001188,1,23.5930522,4
1108787,815,19,11001188,1,23.6812822,10
1108803,58,5,11001117,2,36.3060496,8
1108807,58,5,11001117,1,36.5782013,12
1108808,58,5,11001117,1,36.5683289,2
1108810,58,5,11001117,1,39.099197,3
1108812,58,5,11001117,1,43.496339,3
1108813,58,5,11001117,2,42.5510677,3
1108814,58,5,11001117,2,38.9502001,2
1108822,58,5,11001117,1,51.105234,8
1108826,58,5,11001117,1,33.0107282,3
1108827,58,5,11001117,1,46.6255266,4
1108832,58,5,11001117,1,45.9562071,3
1108834,58,5,11001117,1,51.4013171,8
1108835,58,5,11001117,1,45.9562071,3
1108836,58,5,11001117,2,49.2812832,18
1108837,58,5,11001117,1,48.554301,8
1108842,58,5,11001117,1,51.4393026,6
1108847,58,5,11001117,1,49.3336904,2
1108850,58,5,11001117,1,62.6530513,4
1108853,58,5,11001117,1,58.9048577,10
1108856,58,5,11001117,1,33.6669632,12
1108858,58,5,11001117,1,47.2674485,3
1108860,58,5,11001117,1,72.1403208,8
1108861,58,5,11001117,1,67.2861695,4
1108863,44,8,11001102,2,36.5906822,4
1108864,44,8,11001102,2,37.6415778,3
1108865,44,8,11001102,2,39.332572,4
1108884,58,5,11001117,1,46.2906723,12
1108886,58,5,11001117,1,45.7012713,4
1108889,80,8,11001118,2,16.008121,6
1108892,78,8,11001168,2,15.7440324,3
1108902,54,18,11001148,2,37.8654602,7
1108903,54,18,11001148,2,28.2105732,10
1108912,814,3,11001187,2,11.2991858,3
1108937,44,8,11001102,2,35.3837031,10
1108938,44,8,11001102,2,30.867572,4
1108940,44,8,11001102,3,40.6857432,3
1108941,44,8,11001102,3,46.3927538,8
1108944,44,8,11001102,2,33.6254782,8
1108945,44,8,11001102,2,35.7679847,4
1108949,51,4,11001145,2,31.929575,8
1108954,51,4,11001145,2,32.988211,3
1108955,54,18,11001148,2,75.2989856,4
1108966,51,4,11001145,2,34.8044252,3
1108968,51,4,11001145,2,24.6950097,12
1108969,107,13,11001154,4,15.7727256,8
1108974,51,4,11001145,2,30.9679122,8
1108987,51,4,11001145,2,28.7841972,3
1108990,51,4,11001145,2,27.5779682,2
1109002,107,13,11001154,4,16.3868314,2
1109004,34,4,11001101,2,29.084155,10
1109009,51,4,11001145,2,23.7366707,4
1109015,34,4,11001101,2,26.6806221,3
1109022,51,4,11001145,2,33.9443956,8
1109023,34,4,11001101,2,38.4374578,12
1109024,51,4,11001145,2,26.0076475,6
1109033,54,18,11001148,2,45.7359247,24
1109047,21,12,11001143,4,20.0205711,6
1109048,51,4,11001145,2,28.415082,2
1109050,51,4,11001145,2,19.7187013,30
1109054,34,4,11001101,2,19.0002803,4
1109056,34,4,11001101,2,27.6039533,3
1109059,34,4,11001101,2,33.890673,3
1109061,34,4,11001101,2,33.1782497,3
1109063,34,4,11001101,2,43.2272867,15
1109064,34,4,11001101,2,28.4156017,6
1109068,34,4,11001101,2,35.41562,4
1109072,92,3,11001137,3,5.788005,3
1109080,51,4,11001145,2,28.9045633,3
1109082,50,4,11001136,2,32.7468571,6
1109116,34,4,11001101,2,37.6563033,3
1109119,34,4,11001101,2,41.7023397,8
1109121,34,4,11001101,2,36.940567,5
1109125,34,4,11001101,2,15.2012721,6
1109128,34,4,11001101,2,30.2023998,3
1109137,50,4,11001136,2,22.9395484,8
1109142,50,4,11001136,2,38.4147945,8
1109150,50,4,11001136,2,23.5877115,5
1109156,54,18,11001148,2,24.4946309,21
1109164,32,4,11001157,2,48.01234,4
1109166,32,4,11001157,2,69.1357765,5
1109188,21,12,11001143,3,12.252514,4
1109197,54,18,11001148,2,21.738985,10
1109205,32,4,11001157,2,35.0746599,3
1109217,80,8,11001118,2,20.8362845,4
1109219,80,8,11001118,2,23.7430602,15
1109235,815,19,11001188,1,16.4700448,4
1109239,815,19,11001188,1,18.4322949,15
1109240,815,19,11001188,1,29.0613281,6
1109242,815,19,11001188,1,24.1718422,2
1109263,51,4,11001145,2,28.1505209,8
1109268,51,4,11001145,2,35.9764762,4
1109286,51,4,11001145,2,27.052342,3
1109289,23,11,11001112,4,29.3238923,4
1109290,74,10,11001123,2,56.9386731,24
1109291,74,10,11001123,2,60.5457957,4
1109293,74,10,11001123,1,84.921896,3
1109331,23,11,11001112,4,27.8329568,3
1109334,37,14,11001162,3,31.8690305,3
1109350,32,4,11001157,2,49.5027452,4
1109354,107,13,11001154,4,19.8344816,4
1109358,107,13,11001154,3,15.8817497,3
1109363,107,13,11001154,3,15.7727256,4
1109364,107,13,11001154,3,15.7727256,8
1109370,107,13,11001154,3,16.6053253,2
1109376,107,13,11001154,3,15.8817497,3
1109391,50,4,11001136,2,24.896892,3
1109398,50,4,11001136,2,31.5427806,12
1109408,50,4,11001136,2,47.1022281,3
1109424,50,4,11001136,2,49.750428,10
1109429,80,8,11001118,2,23.4342623,10
1109431,80,8,11001118,2,23.1684327,2
1109432,80,8,11001118,2,23.2323806,4
1109433,80,8,11001118,2,17.690086,4
1109443,808,13,11001181,4,27.7021046,3
1109450,50,4,11001136,2,37.7121762,3
1109467,23,11,11001112,4,30.9871041,8
1109473,23,11,11001112,4,29.2706795,8
1109475,23,11,11001112,4,27.1172857,8
1109476,23,11,11001112,4,35.7838602,6
1109478,23,11,11001112,4,29.4039829,4
1109479,23,11,11001112,4,35.7009605,4
1109480,23,11,11001112,4,24.9303098,4
1109485,23,11,11001112,4,32.0754276,3
1109494,23,11,11001112,4,29.636563,4
1109496,23,11,11001112,3,22.7724192,3
1109497,23,11,11001112,4,19.1089743,3
1109498,23,11,11001112,4,35.7235157,6
1109500,32,4,11001157,2,52.2596816,6
1109502,50,4,11001136,2,48.9570753,2
1109507,50,4,11001136,2,35.5190435,6
1109513,27,11,11001164,4,72.0047643,5
1109518,27,11,11001164,3,94.6696035,4
1109536,27,11,11001164,3,87.0049975,6
1109540,50,4,11001136,2,47.1022281,3
1109542,50,4,11001136,2,43.0691398,4
1109545,50,4,11001136,2,40.3788676,15
1109546,50,4,11001136,2,29.7516106,2
1109555,50,4,11001136,2,47.6883864,10
1109558,50,4,11001136,2,41.215479,4
1109559,50,4,11001136,2,29.7516106,2
1109570,14,1,11001193,6,13.1109541,2
1109580,50,4,11001136,2,45.0950821,3
1109583,50,4,11001136,2,36.0635441,8
1109602,13,1,11001144,4,66.8579038,3
1109606,812,5,11001185,2,27.5948643,8
1109609,812,5,11001185,2,25.5545897,2
1109610,812,5,11001185,2,27.5948643,8
1109614,812,5,11001185,2,30.4824573,8
1109618,9,1,11001194,3,67.2272304,8
1109628,9,1,11001194,3,67.7570695,5
1109635,9,1,11001194,3,100.6006019,15
1109644,80,8,11001118,2,21.1245016,2
1109645,80,8,11001118,2,18.585929,4
1109656,80,8,11001118,2,31.8823251,8
1109665,107,13,11001154,3,12.801266,3
1109679,107,13,11001154,3,15.8817497,3
1109688,80,8,11001118,2,19.7492593,4
1109689,80,8,11001118,2,22.8743566,18
1109690,80,8,11001118,2,20.9477085,8
1109693,80,8,11001118,2,16.6351773,2
1109700,80,8,11001118,2,23.4312247,5
1109704,80,8,11001118,2,23.3992201,5
1109717,80,8,11001118,2,20.3990808,3
1109722,80,8,11001118,2,14.7298124,5
1109754,20,11,11001195,5,15.2801806,3
1109790,114,9,11001150,4,16.3459254,3
1109801,80,8,11001118,2,20.9477085,4
1109803,80,8,11001118,2,20.3377364,4
1109808,107,13,11001154,4,15.2883112,3
1109813,107,13,11001154,4,14.7315852,4
1109831,76,9,11001125,2,7.8796351,2
1109832,76,9,11001125,3,11.3919981,15
1109839,76,9,11001125,2,7.0327338,8
1109841,76,9,11001125,2,12.0752622,4
1109849,76,9,11001125,3,16.7275899,3
1109851,76,9,11001125,3,12.01881,3
1109858,24,11,11001152,4,42.0622308,4
1109866,50,4,11001136,2,32.2737489,3
1109870,76,9,11001125,3,9.9738664,4
1109874,51,4,11001145,2,27.048344,8
1109902,51,4,11001145,2,31.9516694,4
1109911,804,1,11001177,4,17.4705965,15
1109916,51,4,11001145,2,35.6963481,2
1121328,,19,11001219,1,6.2913687,10
1121350,,20,11001220,1,1.8046324,4
1121393,,,25740100,2,12.1909689,6
1121416,,,25214100,2,18.3197287,8
1121436,,,25785100,2,3.3770276,3
1121441,,,25899100,3,60.2903092,8
1121464,,,25899100,2,57.4954841,2
1121475,,,25899100,3,54.896943,2
1121500,,,25899100,3,51.7013948,3
1121545,,,25785100,3,4.3364275,12
1121558,,,25899100,2,67.2686349,4
1121583,,,25899100,2,37.7798123,3
1121584,,,25899100,3,82.9021561,4
1121589,,,25899100,2,60.9045347,15
1121590,,,25899100,3,58.8288302,4
1121592,,,25899100,3,69.2298118,8
1121594,,,25899100,3,38.3156602,5
1121642,,,25214100,2,9.7419266,3
1121647,,,25214100,2,16.0883259,8
1121658,,,25214100,2,19.8511311,4
1121664,,,25214100,2,13.4118682,3
1121667,,,25214100,2,11.4708644,2
1121670,,,25214100,2,15.9863144,4
1121671,,,25214100,2,17.2107672,4
1121678,,,25214100,2,17.9840845,7
1121685,,,25754100,2,431.3196428,3
1121687,,,25754100,2,469.6547527,5
1121697,,,25754100,3,388.1876786,3
1121729,,,25214100,2,12.2677666,3
1121731,,,25214100,2,16.2444971,8
1121735,,,25214100,2,10.5591304,3
1121746,,,25214100,2,17.2591021,12
1121755,,,25214100,2,15.2786157,10
1121758,,,25214100,2,13.8412349,4
1121761,,,25377100,2,6.8926264,8
1121769,,,25269100,3,60.8303143,4
1121772,,,25740100,2,19.0965296,12
1121773,,,25740100,2,12.8188868,10
1121776,,,25269100,2,65.7466486,14
1121778,,,25286200,,1.131677,4
1121782,,,25290100,2,52.0679815,3
1121788,,,25290100,3,54.514222,2
1121797,,,25290100,3,49.2735821,2
1121803,,,25290100,3,62.9927521,3
1121804,,,25290100,3,58.7486018,3
1121807,,,25290100,3,68.2105697,2
1121814,,,25290100,3,75.5913025,3
1121815,,,25290100,3,85.6821421,3
1121830,,,25290100,3,87.08459,8
1121831,,,25290100,3,97.5430335,8
1121832,,,25290100,2,84.1787573,36
1121835,,,25377200,3,10.1068538,8
1121861,,,25740100,2,12.2615962,4
1121874,,,25286100,2,74.5474083,15
1121884,,,25286100,3,39.9891635,4
1121903,,,25377100,2,8.8934996,4
1121904,,,25377100,2,11.032624,4
1121907,,,25754100,3,334.8530109,3
1121909,,,25754100,3,338.8918572,4
1121913,,,25754100,3,311.0445004,4
1121920,,,25754100,3,289.4614253,4
1121924,,,25754100,3,259.8375432,3
1121925,,,25754100,3,247.9849532,5
1121932,,,25754100,3,263.3412485,3
1121950,,,25214200,2,8.5312148,3
1121955,,,25817100,2,8.3629885,3
1121962,,,25769100,2,3.3678664,5
1121964,,,25817100,2,5.7037499,3
1121966,,,25769100,2,4.5650169,6
1121968,,,25769100,2,3.2602986,6
1121970,,,25286200,1,1.131677,4
1121985,,,25377100,2,11.2154642,4
1121996,,,25175100,2,57.5041734,2
1122004,,,25290100,3,74.8945512,8
1122012,,,25290100,3,67.6004038,10
1122013,,,25290100,2,78.5934666,6
1122026,,,25269100,3,70.7856414,4
1122029,,,25290100,3,58.9781495,3
1122036,,,25290100,3,57.5318581,6
1122046,,,25290100,3,62.9927521,3
1122052,,,25785100,2,4.1657622,5
1122055,,,25785100,2,4.9454466,12
1122057,,,25785100,3,4.0775717,3
1122059,,,25785100,3,4.5385184,12
1122078,,,25260100,2,8.5694841,12
1122082,,,25260100,2,10.5645961,4
1122091,,,25817100,2,14.5463279,21
1122094,,,25269100,2,60.4658094,3
1122100,,,25295100,3,10.3681833,8
1122115,,,25175100,2,53.3022883,8
1122118,,,25817100,2,19.2088071,18
1122123,,,25260100,2,13.4306949,4
1122124,,,25260100,2,11.831057,3
1122125,,,25260100,2,10.3329023,5
1122155,,,25377100,2,10.9811325,4
1122163,,,25269100,2,55.6259268,2
1122168,,,25175100,2,27.286601,5
1122172,,,25175100,2,45.5909918,4
1122175,,,25175100,2,57.5225024,6
1122176,,,25758100,2,9.4239776,6
1122184,,,25126100,2,22.7469296,3
1122191,,,25260100,2,6.5768962,7
1122205,,,25758200,1,4.2415466,2
1122223,,,25175200,2,8.9740739,8
1122228,,,25175200,2,18.9098638,6
1122238,,,25126100,5,36.0874328,3
1122250,,,25817100,4,10.8738958,6
1122265,,,25214100,3,14.3516559,3
1122266,,,25214100,3,11.8679156,3
1122279,,,25758100,3,19.4301786,4
1122288,,,25758100,3,12.8884273,10
1122290,,,25473100,2,57.0837655,2
1122291,,,25473100,2,50.2835969,2
1122297,,,25214100,2,16.2444971,8
1122307,,,25473100,3,69.9068558,4
1122323,,,25758100,3,12.2710094,3
1122324,,,25758100,3,12.3528306,8
1122343,,,25473100,3,42.0396423,4
1122345,,,25473100,3,71.9991016,8
1122356,,,25754100,3,334.1786969,8
1122366,,,25754100,1,246.6748632,6
1122367,,,25754100,1,465.9763037,4
1122370,,,25899100,1,46.1713347,8
1122378,,,25899100,1,68.2063339,6
1122387,,,25799100,3,9.3639526,8
1122390,,,25799100,3,6.9485208,2
1122396,,,25286200,1,1.131677,3
1122425,,,25799100,2,7.2212319,4
1122434,,,25099100,2,3.4949125,2
1122443,,,25175100,3,56.2820668,5
1122446,,,25175100,3,55.7888048,4
1122463,,,25377200,2,12.4489763,2
1122486,,,25099100,2,9.3897282,3
1122500,,,25175200,2,9.671393,3
1122501,,,25740100,2,13.3987125,18
1122529,,,25269100,2,78.2952789,3
1122542,,,25269100,3,61.9072342,8
1122547,,,25785100,3,4.7523061,8
1123718,,,25295100,3,6.519026,4
1123722,,,25269100,2,80.9275354,5
1123726,,,25430100,4,44.6479051,2
1123727,,,25430100,3,49.1841855,3
1123741,,,25099100,2,2.7240989,3
1123747,,,25099100,2,6.2728904,6
1123752,,,25377100,2,7.8174749,2
1123754,,,25269100,1,70.7856414,8
1123759,,,25377100,2,10.2311836,15
1123763,,,25758100,3,9.5878293,5
1123764,,,25758100,3,11.7128281,5
1123768,,,25099100,2,3.6027827,3
1123771,,,25099100,2,4.7226584,3
1123774,,,25099100,2,8.8080292,6
1123779,,,25175200,2,9.3717489,3
1123781,,,25260100,2,9.2034818,12
1123783,,,25260100,2,6.4800803,16
1123784,,,25260100,2,10.0133585,3
1123787,,,25260100,2,9.7513384,3
1123789,,,25260100,2,9.6842131,4
1123795,,,25290100,1,71.5496604,3
1123796,,,25290100,2,57.4068052,12
1123797,,,25290100,1,76.6424251,6
1123799,,,25290100,1,49.2735821,2
1123801,,,25758100,3,11.7128281,5
1123803,,,25758100,3,10.8678342,3
1123808,,,25817100,2,19.7901678,4
1123810,,,25175100,2,88.0026062,6
1123811,,,25175100,2,53.0412688,8
1123813,,,25099100,2,7.3146852,10
1123816,,,25099100,2,5.3360096,5
1123829,,,25099100,2,2.2434911,4
1123830,,,25099100,2,3.2880876,2
1123838,,,25099100,2,7.6056798,3
1123844,,,25099100,2,4.757024,2
1123846,,,25099100,2,4.2512389,8
1123848,,,25099100,2,2.4325171,10
1123849,,,25740100,2,11.4126268,8
1123850,,,25817100,2,18.8687875,5
1123853,,,25740100,2,12.9829513,3
1123863,,,25817100,2,14.880465,8
1123864,,,25269100,2,81.0809968,4
1123867,,,25269100,4,46.2682329,2
1123873,,,25175100,2,64.3310287,3
1123881,,,25175200,3,9.6635539,5
1123882,,,25175200,3,11.2971651,3
1123883,,,25175200,3,12.7458424,4
1123884,,,25175200,2,14.2966525,10
1123887,,,25175200,2,11.8499441,4
1123899,,,25785100,9,5.1894964,12
1123913,,,25799100,2,7.4208833,4
1123914,,,25290100,4,67.8169419,2
1123915,,,25290100,3,96.7573543,5
1123918,,,25785100,2,3.5180264,8
1123920,,,25785100,3,3.9469274,5
1123927,,,25260100,2,10.9962263,3
1123928,,,25260100,2,10.0954071,10
1123937,,,25260100,2,11.0889406,4
1124004,,,25286100,3,45.8208512,2
1124011,,,25769100,2,2.562885,10
1124026,,,25286100,2,47.5763698,4
1124027,,,25769100,2,4.5949048,10
1124029,,,25769100,2,5.3364663,3
1124034,,,25769100,2,2.885806,3
1124039,,,25286100,1,75.4872176,3
1124040,,,25740100,2,12.7855764,12
1124041,,,25286100,1,54.6828542,8
1124050,,,25286100,1,72.306114,21
1124054,,,25260100,2,10.3351062,3
1124055,,,25260100,2,6.8706213,8
1124060,,,25295100,2,4.0258617,2
1124065,,,25290100,4,70.7669173,2
1124067,,,25758200,1,9.2715027,15
1124074,,,25758200,3,3.0475615,3
1124077,,,25377200,2,9.5462501,2
1124078,,,25377200,2,8.3198922,3
1124088,,,25290100,2,57.8533128,6
1124098,,,25290100,3,59.6361112,3
1124110,,,25290100,4,71.4017851,3
1124113,,,25290100,4,62.0740329,5
1124128,,,25377100,2,10.058596,8
1124132,,,25377100,2,10.1249066,6
1124133,,,25377100,2,9.4363422,4
1124139,,,25377200,2,15.7644147,3
1124140,,,25377200,2,11.3772934,4
1124147,,,25758100,3,11.1093417,3
1124149,,,25758100,3,14.0589034,2
1124150,,,25758100,3,9.2496479,10
1124156,,,25295100,2,4.9730659,3
1124158,,,25295100,2,7.5490973,2
1124160,,,25758100,3,12.3495263,2
1124164,,,25758100,3,13.9265288,8
1124169,,,25758200,3,5.2960669,3
1124170,,,25214100,3,12.2340298,5
1124173,,,25758200,3,6.9918755,3
1124182,,,25758200,3,7.3648217,2
1124193,,,25817100,3,15.9233868,8
1124206,,,25785100,3,4.3689047,4
1124220,,,25899100,4,60.2903092,8
1124237,,,25899100,1,60.7074115,4
1124239,,,25899100,1,39.6009475,21
1124243,,,25377200,2,12.4489763,2
1124245,,,25290100,2,50.2522121,3
1124249,,,25290100,2,85.9752406,8
1124250,,,25290100,2,70.4872062,2
1124264,,,25377200,2,12.249791,12
1124270,,,25799100,2,4.3997701,3
1124274,,,25799100,2,8.4773194,18
1124277,,,25473200,2,1.4395777,24
1124288,85,7,11001106,2,103.1390082,3
1124303,802,8,11001175,2,103.9662821,15
1124319,27,11,11001164,2,107.4991023,6
1124332,43,16,11001161,3,38.1354196,10
1124342,102,14,11001138,3,28.3143418,4
1124343,27,11,11001164,2,79.6080836,3
1124347,54,18,11001148,2,21.738985,12
1124358,79,8,11001110,2,57.1411016,3
1124363,79,8,11001110,2,58.6661954,2
1124368,811,5,11001184,1,46.728069,4
1124465,82,8,11001153,2,36.9793481,4
1124466,811,5,11001184,1,15.1851011,3
1124476,34,4,11001101,2,48.4445357,5
1124477,54,18,11001148,2,30.3034626,6
1124483,70,19,11001132,1,30.8010626,5
1124496,39,18,11001155,3,24.1201387,4
1124502,38,15,11001156,3,12.8718268,5
1124554,75,9,11001124,3,31.7314017,4
1124568,75,9,11001124,3,60.6067456,8
1124574,75,9,11001124,3,63.8656368,3
1124595,75,9,11001124,3,42.9330269,10
1124596,75,9,11001124,3,77.9845683,4
1124605,75,9,11001124,3,54.118358,4
1124615,75,9,11001124,3,72.4594301,4
1124620,35,15,11001113,3,8.0362977,4
1124635,80,8,11001118,2,15.8901069,4
1124662,83,8,11001141,2,15.404184,4
1124681,85,7,11001106,2,96.1391734,4
1124714,11,1,11001158,2,58.4037681,4
1124750,50,4,11001136,2,53.0172181,8
1124772,50,4,11001136,2,36.6448226,2
1124777,83,8,11001141,2,11.879814,3
1124794,95,3,11001139,2,10.983565,4
1124809,26,10,11001140,3,42.5960221,2
1124810,95,3,11001139,2,8.082456,5
1124825,95,3,11001139,2,7.4688825,8
1124860,79,8,11001110,2,68.112931,4
1124867,95,3,11001139,2,15.8839855,8
1124869,95,3,11001139,2,14.6987661,8
1124999,74,10,11001123,2,72.2463086,3
1125011,95,3,11001139,2,8.2019774,5
1125026,33,4,11001163,3,12.0311481,3
1125046,85,7,11001106,2,130.8589391,4
1125053,85,7,11001106,2,121.5406186,4
1125059,85,7,11001106,2,97.7492267,3
1125065,101,13,11001165,4,14.8499923,3
1125098,21,12,11001143,3,11.9244606,8
1125141,80,8,11001118,2,26.055623,6
1125143,80,8,11001118,2,35.3345026,5
1125146,28,11,11001122,2,104.9710596,3
1125165,32,4,11001157,2,50.8047614,5
1125166,32,4,11001157,2,68.106021,4
1125170,32,4,11001157,2,36.3279095,4
1125171,32,4,11001157,2,58.7944319,6
1125203,33,4,11001163,3,22.1602405,3
1125217,33,4,11001163,3,24.7154011,5
1125226,33,4,11001163,3,22.5583544,3
1125269,33,4,11001163,3,30.6235747,8
1125323,58,5,11001117,1,39.8123412,8
1125332,58,5,11001117,1,50.4616903,2
1125337,58,5,11001117,1,38.9588064,4
1125338,58,5,11001117,1,25.3807004,2
1125339,58,5,11001117,2,33.6368092,6
1125342,20,11,11001195,5,18.6727077,5
1125356,98,12,11001142,3,17.6897254,3
1125393,36,18,11001192,3,21.5716613,3
1125423,812,5,11001185,1,16.8932311,4
1125448,812,5,11001185,1,21.8696064,4
1125451,812,5,11001185,1,21.977759,8
1125460,57,5,11001129,2,56.043368,3
1125466,45,8,11001111,2,25.7702628,2
1125477,82,8,11001153,2,60.6643545,4
1125559,812,5,11001185,1,17.5035323,10
1125590,42,6,11001172,2,105.7938525,4
1125601,57,5,11001129,2,60.1026184,4
1125605,57,5,11001129,2,52.3687533,8
1125607,57,5,11001129,2,60.1026184,8
1125644,11,1,11001158,3,32.2412919,4
1125651,33,4,11001163,3,25.1116317,4
1125658,38,15,11001156,3,29.3731691,3
1125672,80,8,11001118,2,32.3353575,8
1125675,82,8,11001153,2,49.1422062,10
1125688,33,4,11001163,3,24.1901652,3
1125702,79,8,11001110,2,47.9915967,6
1125729,80,8,11001118,2,22.2547361,3
1125730,80,8,11001118,2,20.3318833,2
1125777,33,4,11001163,3,21.968484,4
1125812,44,8,11001102,3,26.4980593,2
1125825,95,3,11001139,2,8.1405618,15
1125829,95,3,11001139,2,5.6710908,3
1125841,86,7,11001120,1,78.6544958,8
1125848,85,7,11001106,2,67.5255301,5
1125860,67,19,11001147,1,72.3775509,3
1125864,67,19,11001147,1,52.0694914,5
1125865,96,3,11001146,,28.2764855,10
1125878,67,19,11001147,1,89.8360267,10
1125913,92,3,11001137,2,5.9717512,3
1125921,92,3,11001137,4,5.1275389,3
1125967,98,12,11001142,3,26.2617841,6
1125977,43,16,11001161,3,32.8333898,4
1125983,36,18,11001192,3,30.6387924,15
1126050,83,8,11001141,2,11.1167106,4
1126126,78,8,11001168,2,10.6215252,4
1126131,28,11,11001122,2,88.1295682,5
1126160,78,8,11001168,2,14.5778825,15
1126195,812,5,11001185,2,20.7086587,3
1126201,812,5,11001185,1,14.2997554,5
1126203,812,5,11001185,2,15.1721234,2
1126204,812,5,11001185,2,16.3918731,3
1126247,14,1,11001193,4,22.8285133,3
1126268,84,7,11001107,2,54.4066548,8
1126272,80,8,11001118,2,31.6663167,3
1126275,82,8,11001153,2,39.0267705,2
1126277,82,8,11001153,2,30.7309776,4
1126281,36,18,11001192,3,20.4974984,4
1126297,83,8,11001141,2,9.4762841,3
1126298,83,8,11001141,2,20.0905,12
1126306,36,18,11001192,3,29.7904836,8
1126323,57,5,11001129,2,57.9476313,4
1126404,79,8,11001110,2,59.9848406,8
1126431,802,8,11001175,2,94.6897239,4
1126440,114,9,11001150,4,20.0042148,24
1126450,79,8,11001110,2,63.7625857,4
1126457,73,10,11001127,2,115.4782761,8
1126460,73,10,11001127,2,108.963836,6
1126466,41,16,11001151,3,22.3654563,5
1126474,57,5,11001129,2,60.1026184,8
1126475,57,5,11001129,2,45.8236394,2
1126478,57,5,11001129,2,44.2235488,12
1126517,79,8,11001110,2,62.0117121,3
1126522,79,8,11001110,2,55.0407655,3
1126523,79,8,11001110,2,50.9862143,2
1126543,812,5,11001185,1,33.9020783,3
1126549,14,1,11001193,5,27.6197788,5
1126552,14,1,11001193,5,29.5767058,8
1126555,812,5,11001185,1,24.0557131,4
1126557,28,11,11001122,2,167.9212829,10
1126559,28,11,11001122,2,170.4114735,10
1126596,79,8,11001110,2,51.380944,10
1126603,79,8,11001110,2,72.5632286,3
1126606,79,8,11001110,2,62.2906627,7
1126663,79,8,11001110,2,64.6822842,4
1126747,21,12,11001143,3,24.3282054,8
1126754,21,12,11001143,3,23.9691286,3
1126773,43,16,11001161,3,31.3040139,6
1126778,812,5,11001185,1,16.1240079,9
1126780,812,5,11001185,1,19.26867,2
1126795,67,19,11001147,2,44.7011263,3
1126796,67,19,11001147,1,102.6841983,3
1126800,67,19,11001147,1,47.8906154,2
1126812,81,8,11001128,2,61.4680436,5
1126826,42,6,11001172,2,94.6620454,8
1126841,71,11,11001166,2,120.1622453,10
1126843,71,11,11001166,2,115.2353262,4
1126904,79,8,11001110,2,41.754319,4
1126932,79,8,11001110,2,59.3778072,4
1126933,79,8,11001110,2,63.9397,4
1126936,79,8,11001110,2,51.946456,6
1126949,79,8,11001110,2,54.9934535,3
1126961,79,8,11001110,2,72.4544568,15
1126962,79,8,11001110,2,54.9115431,8
1126973,79,8,11001110,2,50.0563895,5
1126974,39,18,11001155,3,49.356521,3
1126981,808,13,11001181,4,24.1530145,8
1126982,808,13,11001181,4,15.9696306,4
1126990,79,8,11001110,2,54.9934535,3
1127005,808,13,11001181,4,27.7471914,8
1127030,808,13,11001181,4,19.6866784,4
1127071,28,11,11001122,2,91.6278267,3
1127092,807,12,11001180,3,26.7388357,6
1127105,807,12,11001180,3,37.0738315,8
1127110,67,19,11001147,1,65.6981732,5
1127123,57,5,11001129,2,61.6658274,5
1127128,57,5,11001129,2,26.99039,4
1127130,57,5,11001129,2,54.2697851,8
1127131,57,5,11001129,2,26.99039,4
1127152,73,10,11001127,2,75.7228838,4
1127179,19,11,11001121,3,48.500874,4
1127186,810,10,11001183,3,32.0041791,6
1127197,69,19,11001131,2,81.934462,2
1127224,32,4,11001157,2,62.3537244,8
1127254,98,12,11001142,3,17.7733234,2
1127257,98,12,11001142,3,21.270565,8
1127266,112,9,11001130,4,32.9939897,6
1127321,815,19,11001188,1,19.1321733,8
1127325,815,19,11001188,1,20.7346557,8
1127330,815,19,11001188,1,17.668693,3
1127334,815,19,11001188,1,20.7346557,4
1127338,815,19,11001188,1,25.1936362,5
1127342,815,19,11001188,,18.8706738,3
1127348,35,15,11001113,2,23.937552,16
1127350,83,8,11001141,2,10.1194074,3
1127388,80,8,11001118,2,15.748914,12
1127399,76,9,11001125,2,21.3742666,4
1127403,815,19,11001188,1,23.4300023,15
1127405,815,19,11001188,1,25.5605188,4
1127415,815,19,11001188,1,30.4279154,5
1127418,815,19,11001188,1,32.9148123,10
1127428,80,8,11001118,2,18.3727133,8
1127462,38,15,11001156,3,26.0084608,3
1127463,38,15,11001156,3,25.3478908,4
1127480,80,8,11001118,2,16.867204,4
1127526,11,1,11001158,3,34.9553251,4
1127540,80,8,11001118,2,30.8812066,4
1127561,810,10,11001183,3,46.805817,8
1127574,36,18,11001192,3,25.8358209,5
1127582,38,15,11001156,3,26.3354036,4
1127606,74,10,11001123,2,61.6765738,4
1127627,38,15,11001156,3,26.468703,9
1127628,38,15,11001156,3,33.4616079,4
1127631,38,15,11001156,3,25.3727512,3
1127689,109,13,11001116,4,10.8305476,5
1127747,95,3,11001139,2,4.6187546,4
1127753,57,5,11001129,2,44.4108176,3
1127765,808,13,11001181,4,24.9318941,3
1127778,30,10,11001108,4,80.7632616,4
1127783,32,4,11001157,2,49.8829795,8
1127808,816,2,11001189,2,26.8843702,2
1127816,34,4,11001101,2,31.0664502,3
1127834,44,8,11001102,2,37.6086841,8
1127838,816,2,11001189,1,27.9031485,4
1127843,816,2,11001189,1,52.574575,3
1127857,34,4,11001101,2,30.4812693,15
1127865,816,2,11001189,3,27.9031485,4
1127897,32,4,11001157,2,48.6024591,8
1127902,32,4,11001157,2,46.8246434,3
1127990,71,11,11001166,3,120.082105,8
1127991,71,11,11001166,3,73.2735031,3
1127992,71,11,11001166,3,100.2803701,3
1128019,37,14,11001162,3,25.783374,2
1128052,89,2,11001160,2,5.431527,10
1128074,21,12,11001143,4,14.7569214,2
1128121,35,15,11001113,3,8.6469273,2
1128123,35,15,11001113,3,11.4080909,4
1128139,44,8,11001102,2,33.5361423,6
1128142,44,8,11001102,3,41.5987134,15
1128155,74,10,11001123,2,35.2360298,18
1128158,74,10,11001123,2,63.3989087,5
1128162,74,10,11001123,2,51.706585,2
1128165,74,10,11001123,2,45.1037992,3
1128183,80,8,11001118,2,22.799748,3
1128202,80,8,11001118,2,19.2300837,3
1128211,67,19,11001147,1,101.7904359,6
1128225,802,8,11001175,3,77.6045119,4
1128228,37,14,11001162,3,17.9393457,2
1128279,812,5,11001185,1,24.7064114,10
1128284,812,5,11001185,1,14.270672,3
1128286,812,5,11001185,2,27.3763192,4
1128287,812,5,11001185,1,29.8439995,6
1128294,41,16,11001151,3,22.6316102,3
1128346,44,8,11001102,2,32.5181404,3
1128367,44,8,11001102,2,28.5687885,3
1128380,44,8,11001102,2,32.0351457,10
1128415,810,10,11001183,3,23.7756886,4
1128420,102,14,11001138,2,22.8244906,3
1128422,80,8,11001118,2,22.8733687,2
1128423,102,14,11001138,3,10.2607498,8
1128439,70,19,11001132,1,50.3197488,6
1128446,19,11,11001121,3,41.218706,4
1128457,32,4,11001157,2,48.4155945,4
1128474,112,9,11001130,4,21.0777446,5
1128481,112,9,11001130,4,19.2189786,4
1128483,112,9,11001130,4,18.8129519,4
1128496,102,14,11001138,2,16.5813235,10
1128498,102,14,11001138,2,17.0916011,6
1128536,42,6,11001172,2,53.321799,3
1128539,30,10,11001108,3,52.2133679,3
1128547,30,10,11001108,3,52.2972941,2
1128554,102,14,11001138,2,18.5204607,2
1128558,102,14,11001138,3,14.2594406,5
1128581,94,17,11001134,3,4.6596057,6
1128740,94,17,11001134,2,11.5861841,5
1128778,92,3,11001137,1,6.5424212,2
1128787,18,11,11001109,3,39.4971604,8
1128793,19,11,11001121,4,55.052925,3
1128811,57,5,11001129,2,113.0185246,5
1128839,94,17,11001134,2,5.2449627,3
1128903,810,10,11001183,3,24.7889783,4
1128918,28,11,11001122,2,153.1547571,4
1128932,815,19,11001188,2,16.3150258,10
1128938,67,19,11001147,2,67.398542,2
1128960,23,11,11001112,4,27.8883936,4
1128967,807,12,11001180,4,26.7417497,3
1129067,74,10,11001123,3,39.5409865,15
1129068,74,10,11001123,3,47.0059863,2
1129072,74,10,11001123,3,58.2295175,3
1129103,73,10,11001127,3,63.9174187,5
1129150,814,3,11001187,3,7.8546387,8
1129159,95,3,11001139,2,9.0816298,3
1129160,810,10,11001183,3,36.0253185,4
1129164,810,10,11001183,3,47.9723762,8
1129168,810,10,11001183,3,33.1692483,3
1129173,810,10,11001183,4,61.8238455,5
1129197,41,16,11001151,2,22.7063131,2
1129214,812,5,11001185,1,19.6075522,8
1129215,812,5,11001185,1,21.9451809,12
1129235,95,3,11001139,2,6.870362,15
1129245,75,9,11001124,3,51.0925095,3
1129248,75,9,11001124,3,82.3194136,3
1129285,51,4,11001145,2,41.2495731,8
1129332,810,10,11001183,3,25.3633255,3
1129333,810,10,11001183,3,29.2729942,4
1129342,810,10,11001183,3,28.0497257,4
1129343,810,10,11001183,3,20.4996521,3
1129350,73,10,11001127,2,67.995472,8
1129378,810,10,11001183,3,44.6829325,5
1129400,75,9,11001124,3,46.4477359,3
1129451,75,9,11001124,3,31.4845173,5
1129457,75,9,11001124,3,35.668479,4
1129461,51,4,11001145,2,27.9738592,4
1129462,29,10,11001149,2,50.8939034,3
1129493,75,9,11001124,3,61.4033508,3
1129499,94,17,11001134,2,5.0159262,10
1129502,75,9,11001124,3,51.4079322,6
1129505,808,13,11001181,4,25.2709815,3
1129521,51,4,11001145,2,43.3371825,3
1129613,69,19,11001131,3,74.4758776,3
1129620,39,18,11001155,3,47.6427264,5
1129652,75,9,11001124,3,51.7858902,4
1129653,75,9,11001124,3,58.270462,8
1129662,36,18,11001192,3,37.5569133,2
1129680,39,18,11001155,3,47.9519946,15
1129699,70,19,11001132,1,35.5102228,2
1129704,41,16,11001151,3,29.2181758,3
1129705,41,16,11001151,3,25.4745857,3
1129711,41,16,11001151,3,15.9568634,3
1129724,58,5,11001117,2,28.3509644,3
1129738,66,19,11001159,2,31.7934696,4
1129739,67,19,11001147,1,62.274047,2
1129827,29,10,11001149,3,80.8452117,28
1129885,41,16,11001151,3,22.3375811,3
1129918,47,8,11001133,3,47.3221551,4
1129926,86,7,11001120,2,39.9044488,15
1129930,53,18,11001191,2,17.5363076,4
1129933,811,5,11001184,1,35.2180853,4
1129942,53,18,11001191,2,31.5595685,8
1129943,18,11,11001109,3,50.1187706,3
1130076,28,11,11001122,2,104.023066,4
1135374,79,8,11001110,2,68.2128833,3
1135392,79,8,11001110,2,58.0608002,3
1135420,78,8,11001168,2,19.4953193,3
1135421,78,8,11001168,2,14.3793126,4
1135422,11,1,11001158,3,17.496271,3
1135432,78,8,11001168,2,8.9058962,6
1135434,78,8,11001168,2,16.0653392,3
1135435,86,7,11001120,1,46.4374686,3
1135436,86,7,11001120,1,47.4416144,6
1135446,36,18,11001192,3,26.7141507,5
1135451,36,18,11001192,3,26.4139204,3
1135453,36,18,11001192,3,24.7684885,8
1135465,67,19,11001147,2,93.7418124,6
1135472,36,18,11001192,3,27.2977254,3
1135480,36,18,11001192,3,23.5970351,3
1135518,36,18,11001192,3,21.5601613,8
1135530,36,18,11001192,3,29.5513066,3
1135532,36,18,11001192,3,23.5584274,2
1135539,36,18,11001192,3,28.3791966,2
1135540,36,18,11001192,3,28.5374118,3
1135551,86,7,11001120,2,73.4365901,6
1135564,14,1,11001193,5,33.9525232,4
1135592,86,7,11001120,1,58.8065296,8
1135597,32,4,11001157,2,22.9511002,3
1135598,32,4,11001157,2,42.2365819,12
1135599,32,4,11001157,2,39.2806712,4
1135615,35,15,11001113,3,11.9634039,3
1135636,71,11,11001166,3,110.251166,3
1135639,67,19,11001147,2,90.5815697,8
1135648,812,5,11001185,1,15.2699405,2
1135651,58,5,11001117,1,38.5468796,3
1135653,58,5,11001117,2,54.393281,18
1135678,87,7,11001169,2,47.7252317,4
1135694,808,13,11001181,4,25.7270138,8
1135695,811,5,11001184,1,39.9282251,15
1135706,808,13,11001181,4,18.9959976,3
1135708,32,4,11001157,2,50.192457,4
1135709,32,4,11001157,2,49.5027452,4
1135720,32,4,11001157,2,66.0955575,10
1135730,808,13,11001181,4,25.8561739,4
1135783,41,16,11001151,3,34.7430827,3
1135786,812,5,11001185,2,23.4181913,8
1135797,54,18,11001148,2,24.4946309,3
1135852,71,11,11001166,2,98.4630114,2
1135853,71,11,11001166,2,89.8325657,2
1135858,71,11,11001166,2,92.4324964,10
1135884,107,13,11001154,4,19.1602801,2
1135892,107,13,11001154,4,16.8123427,8
1135894,107,13,11001154,4,12.0878801,4
1135916,54,18,11001148,2,42.8688235,3
1135932,107,13,11001154,4,13.6507183,3
1135935,107,13,11001154,4,15.3659132,10
1135940,87,7,11001169,2,39.7691993,8
1135941,33,4,11001163,2,21.0053003,8
1135945,87,7,11001169,2,42.0522626,10
1135947,101,13,11001165,4,21.5193239,6
1135962,12,1,11001170,3,42.5418994,10
1136018,57,5,11001129,2,57.5868703,8
1136078,35,15,11001113,3,16.8692024,4
1136098,65,19,11001104,2,46.365415,8
1136106,71,11,11001166,2,109.8674748,4
1136117,35,15,11001113,3,14.0701632,6
1136119,35,15,11001113,3,9.8365092,2
1136120,65,19,11001104,2,39.2800974,8
1136139,38,15,11001156,3,33.2115957,4
1136140,38,15,11001156,3,18.1474708,4
1136141,35,15,11001113,2,8.6029915,3
1136332,38,15,11001156,3,29.8904361,4
1136335,76,9,11001125,2,18.45767,6
1136339,67,19,11001147,2,46.8625322,4
1136341,67,19,11001147,1,50.8715635,5
1136343,815,19,11001188,2,30.7180084,4
1136344,815,19,11001188,2,20.9748778,5
1136362,69,19,11001131,3,68.3718192,5
1136368,38,15,11001156,3,30.3358215,4
1136370,69,19,11001131,1,62.0639493,3
1136371,69,19,11001131,1,73.7562158,6
1136372,69,19,11001131,1,60.2861473,6
1136375,38,15,11001156,3,35.7265859,10
1136390,69,19,11001131,2,63.0196797,4
1136398,69,19,11001131,2,84.0480456,8
1136403,69,19,11001131,1,60.3254609,3
1136404,70,19,11001132,1,51.4862886,3
1136430,44,8,11001102,3,34.0770046,4
1136431,27,11,11001164,2,71.1698081,8
1136451,38,15,11001156,3,28.6093069,3
1136461,32,4,11001157,2,51.0138587,4
1136462,34,4,11001101,2,36.518173,2
1136465,802,8,11001175,2,89.8056032,18
1136482,13,1,11001144,4,56.9620886,3
1136485,54,18,11001148,2,31.3028776,3
1136493,71,11,11001166,2,152.2092536,10
1136497,114,9,11001150,4,18.2136023,5
1136507,86,7,11001120,2,50.5487648,18
1136519,813,9,11001186,3,16.5147041,4
1136520,813,9,11001186,3,5.0282489,6
1136543,813,9,11001186,3,11.2678104,3
1136547,813,9,11001186,3,7.2130348,4
1136548,813,9,11001186,3,12.8249844,4
1136556,813,9,11001186,3,7.0605953,4
1136560,813,9,11001186,3,8.0561205,10
1136569,813,9,11001186,3,11.1021481,6
1136571,813,9,11001186,3,12.7874929,5
1136580,55,18,11001119,2,33.9675746,3
1136586,71,11,11001166,2,128.7125507,8
1136633,54,18,11001148,2,26.732173,5
1136668,804,1,11001177,2,14.5308709,3
1136697,813,9,11001186,3,6.0401934,5
1136735,54,18,11001148,2,66.7066968,10
1136739,114,9,11001150,4,23.4077266,8
1136745,813,9,11001186,3,9.4052935,4
1136747,813,9,11001186,3,7.461037,4
1136752,12,1,11001170,3,23.8721229,3
1136755,14,1,11001193,5,24.1991229,8
1136757,54,18,11001148,2,55.3094475,4
1136764,34,4,11001101,2,41.4596384,18
1136765,34,4,11001101,2,48.4076826,5
1136793,814,3,11001187,3,7.8546387,8
1136796,814,3,11001187,3,7.3335282,8
1136802,814,3,11001187,2,14.7054734,4
1136804,814,3,11001187,2,10.7650907,8
1136806,814,3,11001187,2,10.2584046,8
1136807,75,9,11001124,3,59.2966059,4
1136809,814,3,11001187,2,9.0687561,3
1136812,75,9,11001124,3,62.1526437,3
1136813,814,3,11001187,2,16.8766561,6
1136816,814,3,11001187,3,12.2198181,3
1136837,27,11,11001164,2,109.1944714,8
1136838,27,11,11001164,2,105.2285123,2
1136845,27,11,11001164,3,80.606597,3
1136848,87,7,11001169,2,51.6643991,15
1136851,86,7,11001120,1,63.465608,10
1136853,82,8,11001153,2,70.2721512,8
1136857,82,8,11001153,2,34.7085366,4
1136858,82,8,11001153,2,58.5185489,6
1136860,82,8,11001153,2,45.0193817,8
1136862,83,8,11001141,2,10.6458922,3
1136864,83,8,11001141,2,17.4884926,5
1136881,58,5,11001117,2,45.6379566,6
1136885,807,12,11001180,3,33.4057336,15
1136886,807,12,11001180,3,42.6247827,3
1136889,807,12,11001180,3,34.6442104,5
1136898,58,5,11001117,1,33.4976977,3
1136902,57,5,11001129,1,49.5206803,15
1136934,26,10,11001140,3,74.4437448,2
1136937,67,19,11001147,2,50.4718398,5
1136939,67,19,11001147,2,46.0122779,8
1136940,67,19,11001147,2,57.0322155,8
1136943,67,19,11001147,2,54.9462069,10
1136954,67,19,11001147,1,50.527998,15
1136977,13,1,11001144,4,80.6932998,3
1136996,816,2,11001189,1,38.2025106,7
1137000,41,16,11001151,3,56.7978883,3
1137001,41,16,11001151,3,53.9377733,4
1137002,41,16,11001151,3,42.7994212,4
1137029,92,3,11001137,2,10.2150635,3
1137031,92,3,11001137,2,8.8446287,2
1137034,92,3,11001137,2,4.6845342,4
1137035,92,3,11001137,2,9.0040004,4
1137036,92,3,11001137,2,3.5140086,3
1137041,37,14,11001162,3,25.2554002,8
1137044,82,8,11001153,2,39.9039102,10
1137046,82,8,11001153,2,27.3187393,2
1137057,27,11,11001164,3,57.193181,2
1137059,38,15,11001156,3,35.2415459,18
1137063,37,14,11001162,3,22.3019807,3
1137066,38,15,11001156,3,23.8062089,18
1137074,41,16,11001151,3,31.0007967,3
1137075,41,16,11001151,3,33.2903741,4
1137077,41,16,11001151,3,23.0547574,4
1137078,41,16,11001151,3,31.2687745,3
1137091,32,4,11001157,2,40.9018558,3
1137094,85,7,11001106,2,84.522038,10
1137100,38,15,11001156,3,23.1929924,3
1137104,803,1,11001176,5,33.7967793,4
1137111,30,10,11001108,3,80.0823311,4
1137112,30,10,11001108,3,66.0244328,3
1137148,,,25817100,3,11.7632627,3
1137149,,,25817100,2,9.8736582,3
1137151,,,25817100,3,11.7632627,3
1137153,,,25286200,1,1.131677,6
1137161,,,25175200,2,13.4649883,4
1137165,,,25286200,1,1.131677,8
1137175,,,25290100,3,67.6646934,3
1137177,,,25290100,3,83.6838134,3
1137178,,,25290100,3,68.0139709,2
1137181,,,25269100,2,46.3098696,2
1137186,,,25740100,2,10.6492319,3
1137194,,,25898100,2,1.9955397,4
1137197,,,25430100,3,61.6945736,10
1137209,,,25175100,2,98.2493643,5
1137212,,,25430100,3,62.6632543,4
1137213,,,25099100,2,2.2339443,3
1137216,,,25099100,2,2.6062683,8
1137218,,,25430100,3,59.2961912,8
1137221,,,25898100,2,1.8115753,8
1137224,,,25099100,2,5.3581265,4
1137225,,,25430100,2,63.5609092,12
1137226,,,25126100,3,36.9276078,4
1137227,,,25126100,3,32.3787808,8
1137231,,,25126100,3,46.5241606,8
1137240,,,25295100,2,7.1158405,4
1137245,,,25473100,3,45.4693949,6
1137248,,,25799100,2,8.4254106,8
1137249,,,25740100,3,15.2486578,5
1137268,,,25758200,3,4.3402002,4
1137269,,,25758200,3,3.0475615,3
1137274,,,25473100,3,62.0472322,3
1137278,,,25473100,3,106.3111734,8
1137279,,,25473100,3,106.6681028,15
1137280,,,25473100,3,96.9714487,8
1137282,,,25473100,3,50.7294858,3
1137294,,,25473100,2,62.6753396,3
1137297,,,25817100,2,3.9497101,5
1137299,,,25817100,2,9.3388863,2
1137304,,,25473100,3,96.1109205,8
1137308,,,25473100,3,96.1828306,3
1137312,,,25473100,3,50.7294858,3
1137319,,,25758200,3,3.5458112,2
1137320,,,25758200,3,5.2605869,2
1137333,,,25260100,2,11.4642719,6
1137336,,,25260100,2,11.682471,8
1137337,,,25260100,2,11.1907922,3
1137339,,,25260100,2,9.4362428,6
1137344,,,25758200,3,4.9891752,3
1137349,,,25758200,3,2.746692,3
1137352,,,25175200,2,10.2522507,3
1137353,,,25175200,2,8.9274397,3
1137355,,,25290100,2,141.2618824,10
1137361,,,25290100,2,138.8544989,14
1137365,,,25269100,3,66.5321809,6
1137366,,,25269100,3,66.2576362,6
1137367,,,25269100,1,78.2952789,3
1137371,,,25295100,3,5.6618229,2
1137373,,,25817100,2,10.8609,2
1137376,,,25817100,2,14.924425,5
1137379,,,25817100,2,14.9747183,6
1137382,,,25817100,2,24.7824946,12
1137383,,,25377100,2,9.9587033,10
1137389,,,25377100,2,10.4549864,3
1137405,,,25175200,3,9.9056397,6
1137407,,,25175100,2,39.5207807,4
1137410,,,25175100,2,51.3146041,5
1137421,,,25785100,3,4.2190019,7
1137424,,,25175100,2,64.6595561,6
1137425,,,25175100,3,83.185686,14
1137437,,,25785100,3,4.5555024,4
1137448,,,25473100,4,45.4693949,6
1137478,,,25377100,2,7.288558,4
1137483,,,25175100,5,57.4567401,3
1137487,,,25785100,3,4.3631858,6
1137488,,,25785100,2,4.8116937,4
1137498,,,25175100,3,78.6962644,4
1137499,,,25175100,2,52.5825338,5
1137507,,,25758200,3,3.0475615,3
1137508,,,25758200,3,4.2588534,3
1137513,,,25260100,3,11.4855891,10
1137514,,,25260100,2,12.9378416,8
1137517,,,25260100,2,9.0012355,3
1137520,,,25260100,3,12.8227836,10
1137521,,,25175100,2,79.6067201,3
1137522,,,25175100,2,73.3556845,9
1137525,,,25175200,2,7.6400812,5
1137527,,,25269100,2,64.0597736,3
1137542,,,25175100,3,65.2104152,3
1137545,,,25175100,2,85.8381105,2
1137549,,,25295100,2,10.6535122,4
1137550,,,25295100,2,10.1441972,4
1137551,,,25295100,2,9.4280197,8
1137556,,,25817100,2,20.9037019,10
1137560,,,25295100,2,4.5507997,2
1137561,,,25295100,2,7.4434406,3
1137579,,,25473100,3,62.9560345,6
1137595,,,25175200,1,10.3576833,8
1137602,,,25769100,2,5.2272611,3
1137613,,,25769100,2,3.1188701,2
1137614,,,25769100,2,7.8946689,5
1137617,,,25769100,2,2.6467518,3
1137621,,,25377100,2,10.0720405,2
1137624,,,25758100,3,7.5315554,2
1137630,,,25126100,3,17.5861294,3
1137631,,,25126100,3,39.6467047,3
1137634,,,25817100,2,7.1910115,10
1137635,,,25817100,2,12.6711946,3
1137638,,,25175100,2,49.5276813,2
1137641,,,25758100,3,4.3036418,5
1137642,,,25758100,3,7.5935261,12
1137646,,,25175100,3,67.6049111,8
1137647,,,25377100,2,12.5760001,7
1137651,,,25377100,2,17.2906849,8
1137653,,,25817100,3,16.6403667,6
1137654,,,25377100,2,6.9784794,2
1137657,,,25214200,2,7.9971352,5
1137658,,,25214200,2,4.7118138,3
1137659,,,25214200,2,7.970582,10
1137662,,,25214200,1,6.89486,8
1137663,,,25214200,2,4.5240305,5
1137665,,,25214200,2,6.0995053,4
1137670,,,25377200,1,8.109033,4
1137672,,,25758200,3,4.2409681,2
1137693,,,25295100,2,10.7784953,3
1137694,,,25377100,1,10.2457601,2
1137701,,,25758100,3,9.9453383,6
1137704,,,25758100,3,13.381965,3
1137706,,,25758100,2,7.9389812,2
1137708,,,25758100,3,11.935297,8
1137709,,,25758100,3,12.6273379,8
1137710,,,25758100,3,10.6539914,4
1137713,,,25758100,3,12.9820053,10
1137714,,,25758100,3,12.394959,3
1137715,,,25758100,3,9.0120946,8
1137717,,,25758100,3,11.5237759,10
1138514,65,19,11001104,3,45.9819317,8
1138517,70,19,11001132,1,97.2046881,13
1138518,70,19,11001132,1,33.5108789,6
1138521,70,19,11001132,1,26.4533032,14
1138615,76,9,11001125,2,22.727895,3
1138616,76,9,11001125,2,18.0301886,3
1138619,76,9,11001125,2,18.0301886,3
1138623,75,9,11001124,3,81.6060915,3
1138626,66,19,11001159,2,21.8031251,2
1138628,67,19,11001147,1,76.4597343,8
1138648,51,4,11001145,2,31.0702849,4
1138655,75,9,11001124,3,52.6367515,3
1138657,75,9,11001124,3,88.3878725,10
1138664,65,19,11001104,2,18.4944653,5
1138668,54,18,11001148,3,71.5109667,8
1138670,54,18,11001148,3,57.8605917,8
1138675,51,4,11001145,2,27.6841221,3
1138679,66,19,11001159,2,21.9441524,8
1138694,51,4,11001145,2,36.1758843,8
1138696,66,19,11001159,2,23.6854535,5
1138706,51,4,11001145,2,45.1959503,8
1138713,51,4,11001145,2,22.9944476,2
1138716,51,4,11001145,2,21.7953671,3
1138718,96,3,11001146,2,17.1961273,6
1138733,71,11,11001166,2,77.2490775,8
1138734,71,11,11001166,2,116.0429,8
1138747,51,4,11001145,2,35.3879421,15
1138755,37,14,11001162,3,20.7103426,8
1138778,82,8,11001153,2,42.9252895,8
1138794,66,19,11001159,2,16.7723355,4
1138797,54,18,11001148,2,18.1158208,12
1138799,82,8,11001153,2,34.3889111,10
1138807,83,8,11001141,2,15.0305902,5
1138824,83,8,11001141,2,17.0162435,10
1138834,24,11,11001152,5,33.7074067,2
1138836,24,11,11001152,5,24.7353221,3
1138837,51,4,11001145,2,25.6069289,4
1138841,67,19,11001147,1,71.9352069,4
1138845,82,8,11001153,2,38.5184973,4
1138850,82,8,11001153,2,65.1185383,12
1138856,67,19,11001147,1,58.6791568,4
1138858,82,8,11001153,2,29.5197469,5
1138859,51,4,11001145,2,35.5890441,3
1138861,51,4,11001145,2,26.6890563,4
1138869,67,19,11001147,1,58.309801,8
1138871,67,19,11001147,1,91.0434372,24
1138872,67,19,11001147,1,66.2399346,3
1138873,67,19,11001147,2,64.7104148,10
1138874,82,8,11001153,2,36.4116891,3
1138875,51,4,11001145,2,31.2426217,3
1138879,82,8,11001153,2,35.7296216,12
1138881,51,4,11001145,2,35.1716494,5
1138882,114,9,11001150,4,13.6794667,3
1138885,54,18,11001148,3,21.738985,3
1138887,51,4,11001145,2,34.3814748,3
1138889,67,19,11001147,1,51.7528359,3
1138891,67,19,11001147,1,60.0343072,2
1138893,51,4,11001145,2,36.3603976,2
1138924,51,4,11001145,2,26.8296755,3
1138930,116,10,11001197,3,3.3003771,5
1138940,51,4,11001145,2,32.9999804,8
1138941,51,4,11001145,2,27.1399967,8
1138949,42,6,11001172,2,78.0039292,8
1138968,42,6,11001172,2,70.2024591,8
1138973,42,6,11001172,3,86.6710324,4
1138974,42,6,11001172,3,66.2516624,4
1138979,42,6,11001172,3,67.3649989,8
1138980,95,3,11001139,2,10.6497709,6
1138995,102,14,11001138,3,14.3700607,4
1139006,807,12,11001180,3,41.9035658,4
1139007,807,12,11001180,3,35.8041166,8
1139008,67,19,11001147,1,50.4368987,12
1139022,51,4,11001145,2,44.3783112,3
1139025,51,4,11001145,2,47.0731465,3
1139027,51,4,11001145,2,38.1253583,3
1139028,98,12,11001142,3,9.8358396,4
1139029,51,4,11001145,2,40.3670862,3
1139032,49,7,11001103,2,14.3509065,3
1139036,98,12,11001142,3,22.0958211,3
1139042,98,12,11001142,3,19.1358345,2
1139046,51,4,11001145,2,40.1713073,8
1139052,51,4,11001145,2,28.6588447,5
1139062,65,19,11001104,2,16.8175239,7
1139063,65,19,11001104,2,14.5890548,15
1139071,66,19,11001159,2,25.8739587,14
1139078,49,7,11001103,2,11.2085113,2
1139082,85,7,11001106,2,92.3398544,12
1139085,54,18,11001148,1,77.6631827,4
1139086,66,19,11001159,2,19.9407323,6
1139087,66,19,11001159,2,11.9123546,3
1139090,66,19,11001159,2,27.268532,8
1139092,66,19,11001159,2,22.6632322,2
1139223,71,11,11001166,2,115.1247463,5
1139235,13,1,11001144,4,65.8507114,3
1139254,41,16,11001151,3,26.9453699,3
1139258,44,8,11001102,3,41.8239753,3
1139263,70,19,11001132,1,23.6478916,6
1139270,70,19,11001132,1,27.4604371,10
1139271,70,19,11001132,1,26.7854689,4
1139272,70,19,11001132,1,23.3177677,5
1139273,65,19,11001104,3,34.8980502,3
1139275,65,19,11001104,3,23.2868789,3
1139281,66,19,11001159,2,24.5416788,4
1139282,70,19,11001132,1,29.186947,5
1139284,70,19,11001132,1,17.3556327,5
1139285,70,19,11001132,1,21.464699,8
1139286,70,19,11001132,1,21.5624598,21
1139300,54,18,11001148,2,53.6555719,4
1139302,44,8,11001102,3,34.7896426,3
1139321,54,18,11001148,3,21.738985,18
1139348,112,9,11001130,3,17.5636503,3
1139361,112,9,11001130,3,24.9564085,8
1139390,43,16,11001161,3,26.7150829,4
1139393,21,12,11001143,3,20.5583211,3
1139394,21,12,11001143,3,7.8457477,4
1139395,21,12,11001143,3,7.8457477,3
1139399,50,4,11001136,2,28.101463,8
1139404,32,4,11001157,2,44.2878136,5
1139411,28,11,11001122,2,148.0076013,5
1139412,28,11,11001122,2,117.5039173,3
1139415,75,9,11001124,3,34.6964486,28
1139416,75,9,11001124,3,50.0728102,3
1139418,75,9,11001124,3,41.5334183,8
1139420,75,9,11001124,3,42.4789632,5
1139422,75,9,11001124,3,74.0753802,4
1139427,75,9,11001124,3,45.9400897,12
1139428,75,9,11001124,3,70.7707917,8
1139436,808,13,11001181,4,29.0569515,3
1139439,86,7,11001120,2,64.9241537,3
1139440,114,9,11001150,4,12.5830855,4
1139442,28,11,11001122,2,151.8965212,4
1139443,28,11,11001122,2,142.2970167,3
1139445,86,7,11001120,2,50.052861,8
1139460,95,3,11001139,2,4.1816128,3
1139474,808,13,11001181,4,30.1912681,4
1139509,54,18,11001148,2,21.738985,12
1139510,38,15,11001156,3,21.3710454,2
1139521,38,15,11001156,3,33.2115957,8
1139522,38,15,11001156,3,32.0453917,8
1139528,65,19,11001104,4,24.2513824,7
1139532,70,19,11001132,1,25.2750166,5
1139536,73,10,11001127,2,111.4871541,8
1139537,73,10,11001127,2,106.0621477,20
1139541,116,10,11001197,3,12.0508001,2
1139547,44,8,11001102,3,41.9979382,4
1139549,70,19,11001132,1,37.8923673,5
1139550,70,19,11001132,1,24.714368,4
1139552,70,19,11001132,1,27.8443393,4
1139553,70,19,11001132,1,14.7356077,5
1139557,70,19,11001132,1,28.4125912,4
1139558,70,19,11001132,1,20.8881957,4
1139582,70,19,11001132,1,18.6016306,30
1139606,70,19,11001132,1,27.9647171,3
1139607,51,4,11001145,2,30.8795861,2
1139608,114,9,11001150,4,14.2554442,3
1139615,32,4,11001157,2,45.1245855,6
1139621,32,4,11001157,2,40.488379,4
1139622,32,4,11001157,2,42.7193802,8
1139627,51,4,11001145,2,33.137234,10
1139633,51,4,11001145,2,31.0018118,12
1139637,51,4,11001145,2,45.1813179,3
1139640,83,8,11001141,2,14.4419707,3
1139642,82,8,11001153,2,33.0524729,8
1139652,112,9,11001130,4,23.0017315,4
1139656,112,9,11001130,4,23.1199906,3
1139677,20,11,11001195,5,27.9036394,10
1139690,810,10,11001183,3,18.2162018,6
1139692,73,10,11001127,2,100.6157568,10
1139693,73,10,11001127,2,96.8492074,3
1139707,57,5,11001129,2,54.0923566,4
1139711,57,5,11001129,2,50.4390312,6
1139712,57,5,11001129,2,45.8236394,2
1139714,57,5,11001129,2,59.8182819,4
1139715,57,5,11001129,2,53.6915278,3
1139728,32,4,11001157,2,59.9113825,2
1139732,32,4,11001157,2,65.9921599,3
1139740,102,14,11001138,3,10.397534,15
1139754,92,3,11001137,2,6.4940452,10
1139755,92,3,11001137,2,5.1740172,3
1139758,92,3,11001137,2,2.6097766,14
1139762,814,3,11001187,3,10.2584046,8
1139770,814,3,11001187,3,11.3982274,8
1139789,74,10,11001123,2,40.2215605,3
1139801,101,13,11001165,3,14.3942162,4
1139809,74,10,11001123,2,47.584236,3
1139819,51,4,11001145,2,27.3987262,2
1139843,13,1,11001144,4,61.8173297,4
1139844,19,11,11001121,3,40.7129179,3
1139859,37,14,11001162,3,13.354915,3
1139875,102,14,11001138,3,15.2685593,4
1139877,19,11,11001121,3,36.8260989,3
1139883,27,11,11001164,2,98.2434882,10
1139890,27,11,11001164,2,69.4952793,6
1139898,75,9,11001124,3,44.5762599,3
1139901,75,9,11001124,3,48.9866553,4
1139905,75,9,11001124,3,36.7736663,3
1139907,75,9,11001124,3,43.8485131,21
1139921,37,14,11001162,3,20.7907156,10
1139931,37,14,11001162,3,16.0646405,5
1139946,49,7,11001103,2,9.2106965,8
1139954,95,3,11001139,2,5.7958377,8
1139957,95,3,11001139,2,6.8663582,4
1139967,49,7,11001103,2,13.1924782,10
1139979,49,7,11001103,2,8.9836057,4
1139981,35,15,11001113,3,19.9376171,5
1139987,74,10,11001123,2,67.3208256,4
1139988,74,10,11001123,2,39.8331045,4
1140012,12,1,11001170,3,17.330538,5
1140014,12,1,11001170,4,31.0269478,15
1140019,57,5,11001129,2,74.0323111,3
1140021,57,5,11001129,2,69.3243686,2
1140022,57,5,11001129,2,87.1326191,4
1140029,57,5,11001129,1,69.659786,4
1140030,57,5,11001129,1,82.8546583,18
1140035,57,5,11001129,1,72.6880014,8
1140037,57,5,11001129,1,68.0106998,4
1140042,92,3,11001137,2,5.4649622,4
1140044,92,3,11001137,2,4.4356941,8
1140045,92,3,11001137,2,4.4896328,7
1140050,47,8,11001133,3,47.7813908,4
1140055,92,3,11001137,2,6.4592919,8
1140085,92,3,11001137,2,9.864465,14
1140086,112,9,11001130,4,25.7759594,3
1140088,112,9,11001130,4,28.9557511,4
1140089,112,9,11001130,4,22.4819307,4
1140091,112,9,11001130,4,19.6479379,4
1140092,112,9,11001130,4,15.1128086,4
1140093,112,9,11001130,4,32.57522,4
1140095,92,3,11001137,2,6.5243213,3
1140096,112,9,11001130,4,29.4719068,8
1140104,92,3,11001137,2,3.8309076,3
1140108,74,10,11001123,2,52.3606421,4
1140153,112,9,11001130,4,18.8842556,2
1140160,95,3,11001139,2,11.9690959,20
1140161,95,3,11001139,2,8.3304648,3
1140162,95,3,11001139,2,7.204057,8
1140163,95,3,11001139,2,7.1276065,5
1140165,95,3,11001139,2,7.2392643,2
1140168,95,3,11001139,2,6.5387734,3
1140194,808,13,11001181,5,23.1972518,4
1140203,51,4,11001145,2,27.1204249,6
1140235,37,14,11001162,3,19.7657074,10
1140273,37,14,11001162,3,27.4728518,8
1140305,25,11,11001196,3,22.4265555,2
1140313,92,3,11001137,3,8.1623426,18
1140325,112,9,11001130,4,22.8098477,2
1140326,112,9,11001130,4,21.7303396,2
1140327,112,9,11001130,4,21.9394027,4
1140331,112,9,11001130,4,25.9492372,3
1140332,112,9,11001130,4,30.2787519,4
1140345,812,5,11001185,1,22.8174588,4
1140363,9,1,11001194,2,55.1407493,8
1140385,39,18,11001155,3,57.7796152,6
1140396,39,18,11001155,3,36.1787914,10
1140397,39,18,11001155,3,74.6711132,3
1140398,39,18,11001155,3,29.015715,8
1140401,39,18,11001155,3,25.102241,2
1140402,53,18,11001191,3,20.2044047,2
1140413,51,4,11001145,2,25.9652291,4
1140414,51,4,11001145,2,32.5931514,8
1140418,51,4,11001145,2,23.4115061,5
1140422,51,4,11001145,2,42.4919191,4
1140424,51,4,11001145,2,36.3027207,8
1140426,51,4,11001145,2,37.6343994,8
1140431,102,14,11001138,3,13.8165664,6
1140435,102,14,11001138,3,20.6452095,5
1140443,51,4,11001145,2,25.5289807,5
1140447,51,4,11001145,2,45.4767864,4
1140450,51,4,11001145,2,38.2360312,8
1140451,51,4,11001145,2,27.9780087,4
1140452,51,4,11001145,1,28.4030906,4
1140453,51,4,11001145,1,29.199513,5
1140459,51,4,11001145,2,27.3162337,8
1140460,51,4,11001145,2,22.3375309,6
1140465,32,4,11001157,2,46.9944169,3
1140467,32,4,11001157,2,28.6535392,10
1140468,32,4,11001157,2,33.5521809,6
1140470,32,4,11001157,2,71.6715059,5
1140471,32,4,11001157,2,78.8079093,10
1140474,32,4,11001157,2,37.6790066,12
1140475,32,4,11001157,2,40.2399548,3
1140482,116,10,11001197,3,6.4604546,8
1140487,9,1,11001194,2,50.8097941,3
1140488,9,1,11001194,2,39.2282496,8
1140489,9,1,11001194,2,33.5230567,8
1140511,30,10,11001108,3,34.6714091,3
1140529,82,8,11001153,2,37.1547848,3
1140536,82,8,11001153,2,43.3316818,4
1143327,,11,11001211,6,3.4250568,4
1143328,,11,11001211,6,3.0622569,12
1143337,,20,11001220,1,1.8046324,6
1143340,,20,11001220,1,1.8046324,3
1143341,,20,11001220,1,1.8046324,10
1143342,,20,11001220,1,1.8046324,6
1143344,,20,11001220,1,1.8046324,4
1143345,,20,11001220,1,1.8046324,5
1143347,,20,11001220,1,1.8046324,6
1143349,,20,11001220,1,1.8046324,8
1143350,,20,11001220,0,1.8046324,3
1143358,,20,11001220,1,1.8046324,8
1143373,,,25754100,2,299.3803316,4
1143376,,,25754100,2,197.6191088,3
1143378,,,25175200,2,9.3654744,8
1143380,,,25260100,2,8.9366458,2
1143382,,,25260100,2,11.682471,8
1143389,,,25175200,3,9.7083468,4
1143390,,,25295100,2,10.2012784,4
1143396,,,25175200,2,13.5964776,3
1143432,,,25758100,3,12.170243,4
1143440,,,25758100,3,8.4421228,3
1143442,,,25758100,2,8.1060699,14
1143448,,,25126100,2,15.762687,4
1143451,,,25214100,2,13.6820715,8
1143454,,,25214200,1,8.7387297,4
1143456,,,25214200,1,10.1144489,10
1143457,,,25214200,2,10.1144489,5
1143458,,,25214200,1,9.6071189,10
1143461,,,25175200,2,16.4644757,18
1143468,,,25175200,3,12.8773317,3
1143472,,,25175200,3,11.7930224,4
1143474,,,25175200,3,10.7688886,8
1143481,,,25899100,2,63.4378973,8
1143482,,,25899100,2,40.5187076,12
1143487,,,25899100,2,66.9892324,4
1143488,,,25899100,2,44.0700427,4
1143490,,,25817100,3,11.5231177,4
1143491,,,25817100,2,12.9792506,3
1143494,,,25377100,2,9.2600853,3
1143497,,,25175200,2,7.7052718,4
1143500,,,25175200,3,9.776396,2
1143530,,,25260100,2,11.8908781,8
1143531,,,25260100,2,11.6210557,8
1143532,,,25260100,2,8.4359483,10
1143534,,,25260100,3,8.643074,4
1143540,,,25785100,3,4.8655649,5
1143552,,,25175200,2,11.2460987,3
1143567,,,25099100,2,5.6233395,4
1143569,,,25099100,3,5.4579312,3
1143572,,,25099100,2,3.4750244,5
1143574,,,25099100,2,7.0286811,10
1143575,,,25099100,2,8.1016309,15
1143577,,,25099100,2,10.4250733,12
1143580,,,25377100,2,6.5092629,8
1143584,,,25175100,2,58.418914,6
1143587,,,25377200,2,9.3372658,2
1143589,,,25377200,2,11.8461897,3
1143590,,,25377200,2,13.0291334,2
1143595,,,25377200,2,10.150268,4
1143597,,,25099100,2,3.8948959,8
1143601,,,25099100,2,6.9614787,4
1143608,,,25260100,3,11.4547939,3
1143614,,,25260100,3,9.5037879,24
1143617,,,25175200,3,7.4246433,3
1143622,,,25377200,2,9.3372658,2
1143627,,,25377200,2,6.8348297,3
1143634,,,25175100,3,55.4402348,8
1143638,,,25175100,3,40.3332931,4
1143639,,,25269100,3,61.0167699,6
1143640,,,25269100,3,66.5321809,6
1143642,,,25269100,3,84.8740364,18
1143646,,,25269100,3,55.0812296,2
1143647,,,25269100,3,58.9628834,3
1143653,,,25269100,1,75.6811057,15
1143654,,,25295100,2,10.1441972,8
1143668,,,25377200,2,10.5523598,8
1143671,,,25377200,2,13.3558971,8
1143672,,,25295100,2,13.5177405,3
1143687,,,25377200,2,11.8027755,3
1143691,,,25377200,2,10.5827497,4
1143694,,,25377200,0,10.5827497,8
1143696,,,25099100,2,2.3044899,3
1143701,,,25799100,2,4.303708,5
1143703,,,25377200,2,5.5744249,3
1143708,,,25377200,2,11.0350903,3
1143712,,,25269100,4,74.4256187,4
1143714,,,25817100,2,8.248256,2
1143727,,,25269100,4,78.8930418,5
1143730,,,25758100,3,15.6992171,10
1143735,,,25758100,3,5.480214,4
1143736,,,25758100,3,9.5619761,3
1143737,,,25758100,3,7.4865872,7
1143738,,,25740100,2,12.603131,5
1143741,,,25269100,2,60.1738316,8
1143746,,,25377200,4,14.6927317,5
1143747,,,25377200,4,12.4923905,2
1143750,,,25377200,4,15.161628,4
1143768,,,25377100,2,7.3485058,3
1143773,,,25769100,2,3.1964306,4
1143777,,,25769100,3,4.1354327,4
1143778,,,25769100,3,4.226697,4
1143779,,,25769100,3,4.226697,4
1143782,,,25099100,2,3.1576817,2
1143783,,,25099100,2,8.1570998,3
1143785,,,25898100,2,1.3759797,2
1143787,,,25898100,2,1.2959731,8
1143789,,,25099100,2,6.3430392,2
1143793,,,25758100,3,12.5207655,5
1143795,,,25377200,2,6.0483636,5
1143803,,,25377200,2,6.8004484,4
1143805,,,25758100,3,12.2938782,5
1143814,,,25769100,2,2.5221827,3
1143830,,,25898100,2,1.3024496,10
1143836,,,25817100,2,18.8571855,12
1143840,,,25817100,2,9.2442911,18
1143842,,,25817100,2,15.3168287,3
1143852,,,25817100,2,13.0834998,4
1143853,,,25769100,2,4.878777,3
1143854,,,25769100,2,3.2968188,15
1143857,,,25769100,2,3.5322067,2
1143859,,,25769100,3,3.4742831,4
1143861,,,25769100,3,4.9311465,8
1143867,,,25769100,2,4.9633307,4
1143869,,,25769100,2,4.6575127,2
1143871,,,25769100,2,4.5644324,3
1143873,,,25769100,2,4.9505267,10
1143887,,,25817100,2,12.3374817,2
1143889,,,25295100,2,5.2670116,4
1143891,,,25817100,2,11.9471264,3
1143897,,,25377100,2,10.965542,4
1143900,,,25377100,2,9.5539689,4
1143904,,,25377100,2,8.2101452,3
1143912,,,25377200,4,12.1668169,10
1143915,,,25758100,2,11.353967,3
1143918,,,25758100,3,9.75969,2
1143926,,,25758100,3,9.0727691,10
1143931,,,25898100,2,1.2897144,3
1143932,,,25898100,2,1.2961505,8
1143933,,,25898100,2,1.2980351,3
1143935,,,25898100,2,1.2980351,3
1143938,,,25898100,2,1.2999197,2
1143942,,,25214100,3,14.7940955,8
1143943,,,25214100,3,16.1281446,35
1143944,,,25214200,1,8.7115228,6
1143948,,,25214100,2,10.5131088,14
1143952,,,25899100,2,58.7242788,4
1143963,,,25799100,2,7.4425546,3
1143965,,,25799100,2,5.7227436,8
1143967,,,25799100,2,8.5309639,10
1143974,,,25899100,1,45.9686778,8
1143977,,,25175100,2,72.0723052,4
1143980,,,25430100,2,65.3799172,4
1143983,,,25899100,2,87.3875774,5
1143984,,,25899100,1,72.6684145,3
1143985,,,25898100,2,1.2815832,3
1144022,,,25175200,3,13.1054153,8
1144024,,,25175200,2,8.6030121,5
1144025,,,25377100,2,7.6484112,10
1144027,,,25377100,2,9.3225612,5
1144029,,,25473100,2,69.5854953,4
1144042,,,25175200,2,10.9211794,4
1144049,,,25785100,2,5.0330568,15
1144052,,,25785100,2,4.330117,4
1144053,,,25785100,2,4.893086,3
1144055,,,25295100,2,5.188999,2
1144057,,,25785100,3,5.2426857,8
1144059,,,25785100,3,4.9427656,3
1144074,,,25377100,3,12.7349419,3
1144084,,,25473100,3,69.9068558,4
1144085,,,25473100,3,58.1828692,8
1144091,,,25473100,3,57.9687116,3
1144094,,,25473100,3,66.5597722,2
1144101,,,25473100,3,57.4523947,3
1144104,,,25473100,3,45.2552372,2
1144117,,,25473100,3,45.2552372,2
1144131,,,25175100,2,97.3581328,21
1144136,,,25175200,2,10.0000672,5
1144138,,,25175200,2,9.4143043,3
1144140,,,25799100,2,4.1020288,4
1144141,,,25799100,2,7.1051291,5
1144145,,,25799100,2,4.9927802,8
1144150,,,25286100,1,54.7379708,8
1144153,,,25286100,2,54.7379708,4
1144157,,,25286100,2,50.7329321,4
1144168,,,25286100,2,69.7703746,10
1144174,,,25817100,3,6.0062506,4
1144180,,,25769100,2,3.0007527,8
1144186,,,25769100,2,5.5155992,5
1144192,,,25769100,2,4.34189,4
1144194,,,25769100,2,2.885806,3
1144196,,,25769100,3,2.6527419,8
1144199,,,25817100,4,5.5675728,2
1144201,,,25817100,4,19.1080642,8
1144205,,,25817100,2,9.8865439,4
1144209,,,25769100,2,3.409255,3
1144211,,,25769100,2,4.8482292,15
1144213,,,25769100,2,4.9476293,4
1144218,,,25769100,2,5.2746749,12
1144219,,,25769100,2,2.9708439,3
1144223,,,25769100,2,5.3393266,3
1144229,,,25817100,2,14.3112489,4
1144230,,,25817100,2,15.8376732,6
1144238,,,25817100,2,18.690714,8
1144242,,,25377100,2,8.8091999,6
1144254,,,25175100,2,63.095392,4
1144262,,,25817100,2,12.3895029,6
1144272,,,25099100,2,8.1559245,8
1144275,,,25099100,2,5.3487726,3
1144277,,,25099100,2,5.0323811,6
1144282,,,25175100,2,48.6824283,3
1144285,,,25817100,2,14.1678308,6
1144286,,,25175100,2,37.5521857,4
1144292,,,25295100,2,6.1765341,2
1144296,,,25295100,2,5.0058797,2
1144300,,,25295100,2,10.1441972,8
1144304,,,25214100,3,15.8096942,3
1144308,,,25214100,2,10.5282178,8
1144314,,,25817100,2,19.2088071,6
1144321,,,25817100,3,12.4512715,3
1144323,,,25817100,3,12.8924607,2
1144327,,,25377100,2,11.3223286,4
1144329,,,25377100,2,8.6620571,3
1144334,,,25099100,2,3.3419064,3
1144346,,,25754100,2,248.1363466,10
1144357,,,25260100,3,9.6111495,6
1144359,,,25260100,3,10.0956502,3
1144366,,,25260100,2,10.1324745,4
1144367,,,25817100,2,12.8285153,3
1144368,,,25817100,2,18.9586084,6
1144375,,,25175100,3,72.642966,10
1144376,,,25175100,3,50.1319041,3
1144386,,,25260100,1,13.0017846,3
1144387,,,25260100,1,12.6955911,12
1144401,,,25785100,2,4.680547,5
1144410,,,25785100,2,3.6274508,4
1144414,,,25769100,2,4.0401284,6
1144423,,,25175200,1,11.377588,2
1144430,,,25175200,3,9.7898987,4
1144445,,,25817100,2,20.502204,6
1144448,,,25377100,2,13.5765543,4
1144451,,,25817100,2,10.6524821,4
1144455,,,25817100,2,9.5254526,5
1144456,,,25377100,2,14.3933245,2
1144458,,,25214100,3,9.0791614,4
1144463,,,25377100,2,11.4487328,3
1144464,,,25377100,2,11.3018486,4
1144465,,,25817100,2,14.5312446,4
1144484,,,25175100,2,46.7295385,12
1144487,,,25175100,2,35.0186207,3
1144489,,,25175100,2,45.9541929,2
1144493,,,25175100,2,51.6563007,4
1144694,,,25126100,3,32.8852228,3
1144695,,,25126100,3,30.3786711,3
1144696,,,25126100,3,28.5415176,4
1144697,,,25126100,3,41.3612331,3
1144699,,,25758100,3,5.7292527,4
1144701,,,25758100,3,13.6344549,3
1144704,,,25758100,3,5.4864349,5
1144708,,,25269100,2,70.7856414,8
1144714,,,25758100,3,14.6997368,15
1144715,,,25758100,3,11.0975807,6
1144718,,,25758100,3,6.7389104,5
1144724,,,25175200,2,8.0996109,3
1144727,,,25175200,2,10.2237261,3
1144730,,,25175200,2,12.4214293,2
1144732,,,25799100,2,5.0677386,5
1144733,,,25799100,2,4.2364328,5
1144734,,,25799100,2,4.5385382,12
1144743,,,25214100,2,12.3840089,8
1144745,,,25214100,2,13.4118682,3
1144748,,,25214100,2,13.4118682,3
1144749,,,25214100,2,9.5032174,6
1144751,,,25899100,1,65.7664116,2
1144760,,,25899100,1,57.3811309,3
1144779,,,25377100,2,10.9025389,15
1144786,,,25899100,2,53.0958368,3
1144787,,,25899100,2,72.5536569,4
1144791,,,25899100,2,40.076172,3
1144800,,,25377100,2,7.0712698,3
1144808,,,25377100,2,7.8994979,8
1144812,,,25295100,2,6.1765341,2
1144813,,,25295100,2,5.9523374,3
1144814,,,25295100,2,8.722128,4
1144819,,,25099100,2,5.1701887,2
1144824,,,25377100,2,5.9708733,3
1144826,,,25377100,3,7.6921051,5
1144839,,,25126100,3,26.4364377,2
1144850,,,25214200,3,5.7011918,4
1144853,,,25817100,3,18.4508954,3
1144860,,,25799100,2,8.0812194,4
1144864,,,25175200,1,11.6056716,3
1144866,,,25175200,2,11.737161,2
1144873,,,25740100,2,14.1572998,3
1144875,,,25175100,3,57.3135373,8
1144876,,,25785100,3,4.5386645,5
1144877,,,25740100,2,15.1081229,5
1144891,,,25740100,2,11.3679311,18
1144894,,,25175100,2,61.4590101,4
1144895,,,25175100,2,65.5202774,8
1144898,,,25740100,2,16.0961875,5
1144899,,,25740100,2,13.5587874,4
1144900,,,25740100,2,13.3954383,16
1144914,,,25740100,2,14.8818499,7
1144917,,,25175200,3,13.0674072,18
1144918,,,25175200,3,10.6151257,3
1144920,,,25175200,1,12.8951907,3
1144924,,,25740100,2,12.1388849,4
1144925,,,25740100,2,10.1973548,3
1144926,,,25175200,2,16.3311085,21
1144927,,,25175200,2,10.2237261,3
1144928,,,25175200,3,9.7898987,4
1144932,,,25175200,2,13.2369046,6
1144939,,,25260100,3,10.8098892,8
1144945,,,25817100,2,12.0207838,8
1144956,,,25377200,2,9.1264066,3
1144963,,,25740100,3,19.2762965,10
1144973,,,25785100,3,4.4570408,3
1144976,,,25785100,1,4.2036213,3
1144977,,,25785100,9,2.4776095,5
1144982,,,25785100,2,3.9437516,8
1144983,,,25785100,3,4.1102525,4
1144991,,,25769100,3,3.1363871,2
1144993,,,25785100,3,5.0065464,4
1145000,,,25799100,2,6.1158366,3
1145002,,,25377100,2,6.7542983,2
1145011,,,25769100,2,3.6386818,2
1145012,,,25769100,2,3.701111,3
1145021,,,25769100,2,4.6592384,15
1145023,,,25769100,2,2.5267027,18
1145024,,,25769100,2,5.9173758,8
1145025,,,25769100,2,5.4289082,5
1145026,,,25769100,2,5.1161024,5
1145027,,,25769100,2,5.3008684,4
1145028,,,25769100,2,5.9308598,3
1145035,,,25473100,4,51.0137815,6
1145043,,,25473100,2,69.9068558,4
1145047,,,25473100,2,45.7715541,2
1145054,,,25817100,4,12.7285106,3
1145057,,,25817100,3,6.2979073,10
1145059,,,25817100,2,9.2922094,3
1145061,,,25817100,2,5.1316156,14
1145062,,,25377100,2,6.4992099,4
1145066,,,25377200,2,13.3255072,12
1145067,,,25799100,2,9.9462838,12
1145072,,,25758100,3,12.0171181,10
1145073,,,25758100,3,8.0208023,3
1145076,,,25758100,3,4.9377914,5
1145078,,,25799100,2,7.5858071,4
1145083,,,25817100,3,16.9915582,4
1145090,,,25758100,3,10.3344079,5
1145095,,,25817100,2,6.2369055,4
1145097,,,25377100,2,6.6993403,2
1145099,,,25290100,3,56.0331918,2
1145101,,,25290100,3,51.5227884,4
1145105,,,25290100,3,80.7513909,14
1145116,,,25175200,3,11.6056716,3
1145117,,,25769100,2,7.5333534,4
1145119,,,25769100,2,3.7138386,12
1145123,,,25817100,2,14.4533742,10
1145125,,,25817100,2,13.2745849,3
1145138,,,25377200,2,9.5519127,7
1145143,,,25377200,2,11.8461897,3
1145153,,,25817100,2,19.1080642,8
1145159,,,25295100,2,14.7843587,3
1145167,,,25817100,2,14.6985109,8
1145168,,,25377100,2,8.3325487,2
1145169,,,25269100,2,68.449756,4
1145170,,,25269100,1,57.890831,6
1145175,,,25817100,2,16.2039388,8
1145176,,,25269100,2,118.4199983,10
1145177,,,25269100,2,60.3917989,4
1145183,,,25377200,2,13.8742266,10
1145185,,,25377200,2,10.8874889,8
1145186,,,25377200,2,8.2923328,3
1145187,,,25377200,2,7.252789,3
1145192,,,25758100,2,13.6344549,3
1145196,,,25269100,2,45.3002716,3
1145199,,,25758100,2,11.7023575,8
1145200,,,25758100,2,8.9120026,3
1145201,,,25758100,2,14.0983811,3
1145207,69,19,11001131,1,67.5116573,8
1145208,69,19,11001131,1,52.9124863,3
1145215,79,8,11001110,2,69.0718762,3
1145218,81,8,11001128,2,38.6499055,4
1145229,78,8,11001168,3,16.1821969,6
1145230,11,1,11001158,3,25.5492387,3
1145240,72,10,11001105,3,41.4592342,3
1145247,70,19,11001132,1,19.3082727,5
1145248,70,19,11001132,1,27.2499578,14
1145252,70,19,11001132,1,48.7776545,6
1145255,66,19,11001159,2,15.977921,4
1145267,811,5,11001184,2,33.9770183,6
1145268,57,5,11001129,1,69.8404884,6
1145269,811,5,11001184,2,20.4519346,5
1145276,55,18,11001119,2,30.7481308,4
1145277,55,18,11001119,2,33.7858864,8
1145281,55,18,11001119,2,28.4181238,6
1145283,55,18,11001119,2,33.2664241,4
1145284,55,18,11001119,2,34.6110613,3
1145298,96,3,11001146,1,16.642914,12
1145301,55,18,11001119,2,37.2699944,20
1145310,65,19,11001104,2,45.9965863,5
1145315,65,19,11001104,2,47.570885,3
1145321,57,5,11001129,2,77.070438,4
1145326,79,8,11001110,2,48.3492782,3
1145336,77,9,11001173,2,24.0976516,4
1145338,77,9,11001173,2,27.0774259,3
1145340,57,5,11001129,2,78.567624,3
1145341,77,9,11001173,2,30.3431524,10
1145342,77,9,11001173,2,32.6323451,10
1145343,77,9,11001173,2,27.164092,5
1145346,77,9,11001173,2,28.6762512,2
1145358,79,8,11001110,2,59.1898387,6
1145359,52,5,11001135,1,12.4301938,4
1145360,52,5,11001135,1,12.0482804,15
1145361,52,5,11001135,1,10.1814358,4
1145362,52,5,11001135,1,9.8903139,4
1145375,69,19,11001131,1,60.2419217,7
1145376,78,8,11001168,3,20.2300201,3
1145377,78,8,11001168,3,18.3181954,4
1145384,69,19,11001131,2,116.3055543,21
1145386,70,19,11001132,1,45.8060583,10
1145393,70,19,11001132,1,43.8770311,24
1145394,70,19,11001132,1,29.603674,3
1145418,12,1,11001170,4,28.31328,4
1145420,815,19,11001188,1,18.8594108,18
1145428,92,3,11001137,2,4.6566155,3
1145429,92,3,11001137,2,8.1476542,4
1145435,810,10,11001183,3,46.8416618,12
1145439,811,5,11001184,1,53.0513134,5
1145454,70,19,11001132,1,35.5567573,18
1145457,812,5,11001185,2,27.3633967,10
1145458,812,5,11001185,2,27.5948643,4
1145459,69,19,11001131,1,62.9674671,3
1145498,69,19,11001131,1,83.1219878,8
1145499,70,19,11001132,2,44.444054,4
1145500,69,19,11001131,1,69.326591,3
1145503,69,19,11001131,1,62.3699005,4
1145504,69,19,11001131,2,73.0358304,5
1145508,69,19,11001131,1,61.9745315,8
1145509,69,19,11001131,1,63.8311866,10
1145518,69,19,11001131,2,76.8068309,3
1145519,69,19,11001131,2,83.902991,10
1145522,69,19,11001131,1,86.6793134,3
1145529,69,19,11001131,1,96.5328236,8
1145530,27,11,11001164,3,91.1598105,3
1145533,69,19,11001131,1,55.7815263,4
1145536,27,11,11001164,3,59.8972247,4
1145542,69,19,11001131,1,61.0907521,5
1145544,69,19,11001131,1,81.1950434,8
1145547,70,19,11001132,,63.1105188,8
1145549,70,19,11001132,1,63.2649493,14
1145550,69,19,11001131,1,87.5386206,4
1145554,69,19,11001131,1,61.47039,4
1145559,74,10,11001123,2,70.4415938,4
1145566,74,10,11001123,2,51.1966939,4
1145572,74,10,11001123,2,44.2789806,3
1145574,74,10,11001123,2,48.8593993,5
1145582,69,19,11001131,2,64.7558814,7
1145584,74,10,11001123,2,87.5375413,6
1145588,69,19,11001131,1,71.2421053,16
1145590,69,19,11001131,1,72.9125899,4
1145595,69,19,11001131,1,45.7297611,30
1145609,30,10,11001108,3,68.2134998,10
1145617,107,13,11001154,3,13.4207614,2
1145619,109,13,11001116,4,14.9186237,8
1145624,107,13,11001154,3,13.4207614,2
1145643,107,13,11001154,3,13.4207614,2
1145646,107,13,11001154,3,17.0352688,8
1145652,69,19,11001131,1,49.2766469,3
1145657,25,11,11001196,4,22.7611651,4
1145658,57,5,11001129,2,69.243403,12
1145664,95,3,11001139,3,13.3361325,18
1145665,30,10,11001108,3,73.3262984,4
1145950,28,11,11001122,2,98.7780913,12
1145956,28,11,11001122,2,143.1445509,3
1145957,28,11,11001122,3,91.0523949,10
1145960,28,11,11001122,3,129.2901248,2
1145961,28,11,11001122,3,128.8300958,3
1145966,28,11,11001122,3,119.3757828,2
1145967,28,11,11001122,3,128.8300958,3
1145970,82,8,11001153,2,37.7587606,4
1145977,11,1,11001158,3,28.6809808,3
1145987,807,12,11001180,3,39.6046221,10
1145993,102,14,11001138,2,18.7519665,2
1145994,102,14,11001138,2,21.6315576,3
1145996,102,14,11001138,2,13.0135605,5
1146010,28,11,11001122,2,68.6097423,7
1146015,28,11,11001122,2,130.3056545,3
1146017,28,11,11001122,2,147.3799743,2
1146034,79,8,11001110,2,67.8227218,4
1146036,28,11,11001122,2,158.9241286,4
1146037,28,11,11001122,2,118.3829643,2
1146045,28,11,11001122,2,163.464818,8
1146051,814,3,11001187,3,7.8954498,4
1146070,82,8,11001153,2,25.1857725,5
1146079,79,8,11001110,2,69.4355247,8
1146096,74,10,11001123,2,34.6184578,5
1146109,85,7,11001106,2,87.5363549,12
1146113,85,7,11001106,2,103.0458463,3
1146115,85,7,11001106,2,114.598898,3
1146133,74,10,11001123,2,80.1494611,10
1146134,74,10,11001123,2,92.716096,3
1146135,94,17,11001134,2,8.4440835,4
1146139,11,1,11001158,3,22.0412033,7
1146144,65,19,11001104,3,31.6530385,24
1146147,75,9,11001124,3,55.3984569,10
1146149,66,19,11001159,2,17.5323131,6
1146154,66,19,11001159,2,23.9471529,4
1146156,66,19,11001159,2,35.0595411,4
1146177,114,9,11001150,4,22.8389992,3
1146192,114,9,11001150,4,11.8466341,2
1146200,114,9,11001150,4,16.8648436,3
1146201,114,9,11001150,4,15.7683895,4
1146209,44,8,11001102,2,24.3591184,3
1146210,44,8,11001102,2,34.34506,4
1146211,49,7,11001103,2,19.8298024,8
1146213,65,19,11001104,2,47.4600365,2
1146240,37,14,11001162,3,14.9612882,5
1146246,35,15,11001113,3,13.9921097,12
1146256,51,4,11001145,2,32.6575808,8
1146269,51,4,11001145,2,22.2279583,3
1146270,51,4,11001145,2,25.3650742,4
1146278,51,4,11001145,1,27.2004663,4
1146286,51,4,11001145,2,22.3273931,8
1146287,51,4,11001145,2,25.1871432,4
1146288,51,4,11001145,2,25.3470789,3
1146358,19,11,11001121,5,45.1175736,4
1146374,44,8,11001102,3,28.5687885,3
1146395,78,8,11001168,2,10.9226487,10
1146416,38,15,11001156,3,25.0936006,10
1146418,92,3,11001137,2,6.4675215,3
1146425,92,3,11001137,2,11.639506,8
1146430,101,13,11001165,4,17.5981254,2
1146442,78,8,11001168,2,12.8775519,3
1146452,76,9,11001125,2,14.9713964,3
1146457,11,1,11001158,3,23.269211,4
1146458,30,10,11001108,3,52.1794412,4
1146460,30,10,11001108,3,55.5678122,2
1146466,27,11,11001164,2,80.3217819,4
1146468,107,13,11001154,4,12.1328171,4
1146487,71,11,11001166,2,130.8071476,5
1146489,71,11,11001166,2,145.1331632,3
1146503,57,5,11001129,2,28.9031933,5
1146505,57,5,11001129,2,54.3482595,4
1146507,57,5,11001129,2,41.6533214,3
1146535,76,9,11001125,3,15.0791265,4
1146536,76,9,11001125,3,15.5926712,3
1146548,74,10,11001123,2,58.3636885,4
1146549,73,10,11001127,3,80.724306,3
1146552,73,10,11001127,3,62.7641631,5
1146561,29,10,11001149,3,56.2764979,3
1146570,29,10,11001149,3,50.0700569,4
1146575,32,4,11001157,2,77.9768714,10
1146598,51,4,11001145,2,20.5491656,5
1146601,51,4,11001145,1,30.4724923,2
1146606,51,4,11001145,1,26.0955718,15
1146611,51,4,11001145,2,25.1327554,18
1146612,51,4,11001145,2,21.7675159,3
1146613,51,4,11001145,2,38.5588953,15
1146615,51,4,11001145,1,40.3319269,10
1146619,51,4,11001145,1,24.0237897,15
1146632,51,4,11001145,2,22.967799,5
1146633,51,4,11001145,2,16.6869232,4
1146634,51,4,11001145,1,35.9022783,2
1146700,32,4,11001157,2,41.8406373,8
1146701,32,4,11001157,2,65.8262875,2
1146702,32,4,11001157,2,56.4193033,3
1146703,32,4,11001157,2,43.5635039,8
1146712,32,4,11001157,2,24.6290748,3
1146715,32,4,11001157,2,76.8433968,5
1146744,54,18,11001148,2,48.9318633,3
1146768,75,9,11001124,3,68.3545131,3
1146776,75,9,11001124,3,67.7237904,5
1146785,75,9,11001124,3,54.6836105,3
1146795,75,9,11001124,3,53.3733782,4
1146797,75,9,11001124,3,60.7595672,3
1146842,75,9,11001124,3,68.8516624,2
1146854,38,15,11001156,3,36.6984913,8
1146878,73,10,11001127,3,103.5412819,5
1146905,37,14,11001162,3,18.4708447,3
1146906,37,14,11001162,3,19.8157755,4
1146945,51,4,11001145,2,23.0658418,3
1146946,51,4,11001145,2,30.2257857,12
1146950,51,4,11001145,2,26.5752947,2
1146952,51,4,11001145,1,34.6100047,15
1146954,74,10,11001123,2,96.5212611,3
1146956,74,10,11001123,2,77.7764865,2
1146957,74,10,11001123,2,62.8310093,3
1146962,74,10,11001123,2,67.2858463,2
1146963,74,10,11001123,2,76.7854262,5
1146976,44,8,11001102,3,33.0802842,3
1147010,75,9,11001124,3,45.8850858,3
1147014,66,19,11001159,2,22.2554287,8
1147025,70,19,11001132,1,46.6084687,24
1147041,58,5,11001117,1,42.7396569,3
1147042,58,5,11001117,1,67.1946106,12
1147053,41,16,11001151,3,51.7251264,5
1147060,71,11,11001166,2,107.365505,8
1147068,71,11,11001166,3,65.5549423,6
1147074,71,11,11001166,3,116.1065306,3
1147082,58,5,11001117,2,35.8322132,8
1147087,58,5,11001117,1,41.9503039,4
1147102,75,9,11001124,3,51.0925095,3
1147108,70,19,11001132,1,32.6269268,4
1147118,810,10,11001183,4,56.8049004,7
1147122,41,16,11001151,3,27.4991354,3
1147129,41,16,11001151,3,35.9847544,4
1147130,41,16,11001151,3,34.7430827,3
1147135,41,16,11001151,3,21.1266724,5
1147139,41,16,11001151,3,25.1878679,4
1147141,41,16,11001151,3,27.8060127,4
1147146,41,16,11001151,3,30.3114163,4
1147147,41,16,11001151,3,29.8023029,4
1147172,29,10,11001149,3,50.4657015,6
1147238,28,11,11001122,3,128.7285441,8
1147247,71,11,11001166,2,92.3366122,10
1147248,71,11,11001166,2,100.5576083,6
1147268,24,11,11001152,5,39.8009676,8
1147287,808,13,11001181,4,29.0569515,3
1147304,54,18,11001148,2,47.2543488,3
1147306,11,1,11001158,3,39.6495194,6
1147325,74,10,11001123,2,64.6332312,2
1147343,74,10,11001123,2,78.3598154,4
1147357,85,7,11001106,2,117.9120328,3
1147360,57,5,11001129,2,49.1748696,4
1147362,57,5,11001129,2,22.390615,4
1147366,57,5,11001129,2,37.8666558,6
1147376,813,9,11001186,3,9.3663876,3
1147380,75,9,11001124,3,64.8906379,8
1147391,85,7,11001106,2,101.5186548,5
1147403,84,7,11001107,2,57.1084975,3
1147405,85,7,11001106,2,103.7349262,3
1147413,65,19,11001104,2,38.6446272,7
1147421,57,5,11001129,1,62.5863384,3
1147424,57,5,11001129,1,86.8190797,10
1147425,57,5,11001129,1,71.3284366,4
1147450,24,11,11001152,5,33.8571449,5
1147457,804,1,11001177,4,20.5142389,4
1147469,70,19,11001132,1,31.1135176,3
1147488,12,1,11001170,3,25.2057675,3
1147501,815,19,11001188,1,11.5611539,4
1147537,116,10,11001197,3,9.2122513,4
1147540,116,10,11001197,3,8.3135843,2
1147594,35,15,11001113,3,13.8395783,8
1147606,54,18,11001148,2,70.795857,4
1147614,71,11,11001166,2,118.9388528,3
1147616,71,11,11001166,2,92.202203,3
1147624,47,8,11001133,3,27.6108909,10
1147627,95,3,11001139,2,13.5741143,10
1147631,66,19,11001159,2,14.1529006,14
1147639,73,10,11001127,2,122.4769595,8
1147646,35,15,11001113,3,11.1329365,7
1147650,28,11,11001122,3,125.7515511,4
1147651,28,11,11001122,3,136.0162392,5
1147655,28,11,11001122,2,117.2131305,18
1147662,23,11,11001112,4,21.8960856,3
1147676,28,11,11001122,2,126.0566482,10
1147677,35,15,11001113,3,23.9181209,21
1147678,65,19,11001104,2,38.125598,2
1147679,65,19,11001104,2,35.2771119,10
1147682,47,8,11001133,3,38.1860741,10
1147693,23,11,11001112,4,32.0754276,3
1147696,35,15,11001113,3,16.7727577,15
1147697,23,11,11001112,4,24.944877,6
1147701,73,10,11001127,3,106.2367712,4
1147702,73,10,11001127,3,112.8573787,8
1147717,54,18,11001148,2,26.362877,5
1147721,54,18,11001148,2,41.4851425,10
1147725,54,18,11001148,2,43.8780309,28
1147744,101,13,11001165,4,21.7264743,4
1147745,77,9,11001173,2,65.7844969,6
1147752,65,19,11001104,2,41.7266241,4
1147754,58,5,11001117,1,44.7576969,4
1147780,114,9,11001150,3,14.288707,4
1147788,57,5,11001129,2,45.8236394,2
1147824,114,9,11001150,4,16.4733659,2
1147828,116,10,11001197,3,4.2315323,5
1147870,75,9,11001124,3,59.3358818,5
1147871,75,9,11001124,3,54.4331713,6
1147873,75,9,11001124,3,64.775076,14
1147880,75,9,11001124,3,54.4331713,3
1147883,75,9,11001124,3,57.9675441,4
1147884,73,10,11001127,3,69.6256647,5
1147890,54,18,11001148,2,40.520238,5
1147891,54,18,11001148,1,22.848783,28
1147895,54,18,11001148,2,76.2265412,18
1147900,24,11,11001152,1,37.7712766,28
1147915,14,1,11001193,5,22.83854,2
1147970,102,14,11001138,3,10.0808868,4
1147977,812,5,11001185,1,20.0908565,15
1147980,812,5,11001185,1,18.5858661,8
1147981,812,5,11001185,1,22.7400609,10
1147982,812,5,11001185,1,18.2260092,6
1147984,812,5,11001185,,20.8844661,2
1148018,54,18,11001148,1,57.8605917,4
1148019,54,18,11001148,3,45.9792748,5
1148033,38,15,11001156,3,20.7595237,3
1148034,38,15,11001156,3,20.8407767,5
1148041,79,8,11001110,2,65.9833247,4
1148042,79,8,11001110,2,80.6258096,3
1148044,79,8,11001110,2,54.9203626,3
1148059,73,10,11001127,2,72.4919776,3
1148062,38,15,11001156,3,37.360684,3
1148063,38,15,11001156,3,15.8605864,3
1148072,38,15,11001156,3,32.8298519,6
1148096,45,8,11001111,3,26.6085203,3
1148109,53,18,11001191,3,23.9288575,3
1148111,53,18,11001191,3,32.7392245,3
1148134,75,9,11001124,3,56.7694549,3
1148141,49,7,11001103,2,13.1519089,8
1148144,85,7,11001106,2,108.6102519,3
1148146,38,15,11001156,3,24.6231448,5
1148162,101,13,11001165,4,10.0121368,2
1148163,101,13,11001165,4,11.9458024,3
1148164,101,13,11001165,4,11.9379955,2
1148502,69,19,11001131,1,61.418821,8
1148503,69,19,11001131,2,54.5555162,8
1148509,65,19,11001104,2,31.6766486,8
1148512,66,19,11001159,2,18.9140253,5
1148517,74,10,11001123,2,46.6909508,8
1148518,74,10,11001123,2,51.1966939,8
1148529,74,10,11001123,2,77.3092135,3
1148530,74,10,11001123,2,71.5712678,8
1148531,74,10,11001123,2,58.7167679,15
1148533,74,10,11001123,2,56.7557289,5
1148535,74,10,11001123,2,77.8701461,8
1148536,74,10,11001123,2,77.8701461,8
1148537,76,9,11001125,2,16.080888,2
1148544,74,10,11001123,2,67.9774801,3
1148555,65,19,11001104,3,32.861805,3
1148562,66,19,11001159,2,18.5150619,8
1148570,71,11,11001166,2,81.9352586,18
1148587,110,9,11001115,3,24.9793229,3
1148589,71,11,11001166,2,123.8657719,4
1148603,25,11,11001196,4,14.6875302,4
1148606,30,10,11001108,3,48.4629241,4
1148620,810,10,11001183,3,17.7872182,10
1148621,810,10,11001183,3,25.5917219,4
1148637,45,8,11001111,3,36.2353759,8
1148646,808,13,11001181,4,12.4205724,4
1148648,808,13,11001181,4,21.807475,4
1148652,808,13,11001181,4,20.0884473,4
1148661,96,3,11001146,2,19.9961987,14
1148662,27,11,11001164,3,98.4998217,4
1148664,96,3,11001146,2,7.6248574,21
1148687,27,11,11001164,2,102.5658295,4
1148692,810,10,11001183,4,56.4790413,8
1148721,62,6,11001171,2,25.4960695,6
1148722,62,6,11001171,2,11.7118355,2
1148723,42,6,11001172,2,32.9620869,3
1148755,25,11,11001196,3,20.1642883,3
1148756,27,11,11001164,4,49.3267174,6
1148775,95,3,11001139,2,7.4081781,8
1148777,95,3,11001139,2,5.6127672,8
1148782,95,3,11001139,2,6.0483893,8
1148795,95,3,11001139,2,7.8698686,15
1148801,95,3,11001139,2,7.2593879,4
1148802,95,3,11001139,2,6.6829275,4
1148809,95,3,11001139,2,6.9571055,3
1148811,95,3,11001139,2,6.0012675,3
1148823,92,3,11001137,2,4.0168239,4
1148826,114,9,11001150,4,15.5025458,2
1148836,74,10,11001123,2,54.6929405,8
1148854,74,10,11001123,2,66.1646001,4
1148857,74,10,11001123,2,82.9845823,6
1148874,812,5,11001185,1,42.3146595,24
1148876,812,5,11001185,1,23.3539559,3
1148881,58,5,11001117,1,26.6268625,5
1148883,58,5,11001117,1,39.6524218,24
1148884,812,5,11001185,1,33.7828289,4
1148886,812,5,11001185,1,21.1696676,16
1148890,74,10,11001123,2,41.586148,8
1148895,74,10,11001123,2,74.6796849,10
1148897,74,10,11001123,2,51.706585,2
1148909,74,10,11001123,2,82.4143075,3
1148913,74,10,11001123,2,86.5626425,8
1148914,74,10,11001123,2,49.8296334,4
1148915,74,10,11001123,2,70.3954541,8
1148940,98,12,11001142,3,26.8143822,2
1148972,109,13,11001116,4,11.3159779,8
1148980,28,11,11001122,2,114.9243042,4
1148995,74,10,11001123,2,67.975464,5
1148996,74,10,11001123,2,79.1948858,8
1149002,74,10,11001123,2,72.2617109,4
1149004,74,10,11001123,2,70.3954541,4
1149008,74,10,11001123,2,43.3423287,3
1149011,74,10,11001123,2,73.5162223,4
1149016,74,10,11001123,2,67.9774801,3
1149024,74,10,11001123,2,63.3559087,4
1149026,74,10,11001123,2,65.5320853,10
1149027,74,10,11001123,2,41.8968518,4
1149039,73,10,11001127,2,86.4587357,10
1149040,73,10,11001127,2,100.4456635,4
1149042,73,10,11001127,2,145.2950304,4
1149054,37,14,11001162,3,43.5405482,10
1149067,37,14,11001162,3,20.9620276,3
1149088,30,10,11001108,3,34.6714091,3
1149098,71,11,11001166,2,110.3084071,3
1149113,24,11,11001152,3,45.5499898,4
1149117,73,10,11001127,3,71.5477253,4
1149119,73,10,11001127,3,101.0420256,3
1149122,73,10,11001127,3,105.5384521,6
1149129,13,1,11001144,5,53.5921997,3
1149182,55,18,11001119,2,26.7003902,4
1149183,55,18,11001119,2,39.9745699,12
1149192,12,1,11001170,3,21.5501169,4
1149215,95,3,11001139,2,13.6546523,10
1149218,27,11,11001164,2,93.956409,8
1149223,95,3,11001139,2,6.6392909,6
1149224,95,3,11001139,2,10.5831116,8
1149226,27,11,11001164,2,88.4475218,4
1149253,27,11,11001164,3,80.6673748,3
1149256,28,11,11001122,3,159.7107568,4
1149283,808,13,11001181,4,20.8691747,5
1149297,30,10,11001108,3,63.2644084,4
1149302,807,12,11001180,3,29.5752099,10
1149303,807,12,11001180,3,23.9530466,10
1149305,54,18,11001148,2,15.2172895,6
1149320,112,9,11001130,4,26.3271182,4
1149323,807,12,11001180,3,29.582286,12
1149445,807,12,11001180,3,29.415316,4
1149454,21,12,11001143,3,31.3829908,5
1149516,44,8,11001102,3,39.0534255,6
1149521,807,12,11001180,3,25.340071,28
1149532,807,12,11001180,3,46.6725831,10
1149533,807,12,11001180,3,35.8041166,4
1149539,74,10,11001123,2,74.1728768,3
1149920,81,8,11001128,2,35.2554943,4
1149940,95,3,11001139,2,7.4081781,8
1149943,95,3,11001139,2,6.2989974,9
1149951,807,12,11001180,3,43.927466,10
1149955,802,8,11001175,3,91.6543126,3
1149957,44,8,11001102,4,44.7142891,5
1149964,65,19,11001104,2,29.2104933,3
1149965,65,19,11001104,2,39.1268647,4
1149966,65,19,11001104,2,31.1793924,8
1149968,65,19,11001104,2,27.07436,2
1149971,66,19,11001159,1,26.1434141,3
1149974,66,19,11001159,1,22.6692138,8
1149975,66,19,11001159,2,18.3289248,6
1149976,66,19,11001159,2,38.038381,4
1149977,66,19,11001159,1,30.8296243,24
1149986,66,19,11001159,2,41.4318191,4
1149991,67,19,11001147,1,53.9399504,3
1149999,67,19,11001147,1,57.1928492,20
1150025,47,8,11001133,3,33.7108834,18
1150039,807,12,11001180,3,25.9965962,15
1150055,9,1,11001194,3,86.0178765,10
1150077,73,10,11001127,3,73.8440625,4
1150083,73,10,11001127,3,61.2338996,2
1150098,55,18,11001119,2,24.1017861,4
1150099,55,18,11001119,2,32.8568335,12
1150125,75,9,11001124,3,64.5482053,4
1150130,75,9,11001124,3,56.7983304,5
1150131,75,9,11001124,3,52.8453729,18
1150155,96,3,11001146,2,19.4332706,2
1150160,114,9,11001150,4,16.6456564,3
1150162,114,9,11001150,4,16.7345504,3
1150176,58,5,11001117,2,24.2933017,15
1150177,58,5,11001117,2,34.2130136,2
1150179,58,5,11001117,2,33.4672684,10
1150180,58,5,11001117,2,30.0445161,3
1150188,74,10,11001123,2,60.4244267,3
1150199,58,5,11001117,2,39.1419831,4
1150245,71,11,11001166,2,105.4043872,3
1150257,23,11,11001112,4,26.2435317,3
1150272,58,5,11001117,2,64.4312479,8
1150282,66,19,11001159,2,31.1312988,8
1150284,66,19,11001159,2,39.741837,4
1150285,66,19,11001159,2,42.2954526,5
1150295,50,4,11001136,2,47.0391198,8
1150306,69,19,11001131,1,103.2046255,16
1150313,50,4,11001136,2,33.6917824,16
1150317,66,19,11001159,2,18.5629287,10
1150324,66,19,11001159,2,23.6616786,6
1150326,66,19,11001159,2,19.4781344,5
1150348,32,4,11001157,2,36.124026,2
1150350,32,4,11001157,2,38.8225759,2
1150356,32,4,11001157,2,38.4354019,3
1150361,803,1,11001176,5,24.5040343,3
1150373,32,4,11001157,2,43.0078658,3
1150382,66,19,11001159,2,22.9031982,2
1150384,66,19,11001159,2,17.2898411,4
1150385,807,12,11001180,3,45.3747687,3
1150386,807,12,11001180,3,32.0031746,2
1150400,42,6,11001172,3,88.439502,28
1150412,42,6,11001172,2,75.9884883,3
1150425,28,11,11001122,2,120.0409664,2
1150434,40,16,11001114,3,66.7843027,5
1150439,809,16,11001182,1,10.2012606,4
1150443,809,16,11001182,3,6.4267942,4
1150446,75,9,11001124,4,74.8608197,3
1150448,809,16,11001182,1,8.6474462,3
1150459,810,10,11001183,4,37.2796979,8
1150465,58,5,11001117,2,55.578288,3
1150472,69,19,11001131,2,46.5537183,5
1150516,69,19,11001131,1,66.1267748,4
1150517,41,16,11001151,3,18.5619164,3
1150529,38,15,11001156,3,28.312167,2
1150542,41,16,11001151,3,17.0018108,4
1150547,67,19,11001147,1,47.6735202,5
1150548,38,15,11001156,3,18.4325891,5
1150549,38,15,11001156,3,21.5698356,3
1150588,69,19,11001131,1,60.934809,3
1150589,9,1,11001194,3,34.528241,32
1150591,44,8,11001102,3,36.2802811,4
1150593,9,1,11001194,2,45.7889269,3
1150595,806,11,11001179,4,19.2060682,3
1150608,806,11,11001179,3,30.4641024,3
1150620,18,11,11001109,3,45.8739557,10
1150625,18,11,11001109,3,31.2369577,3
1150653,67,19,11001147,1,72.7018103,3
1150669,66,19,11001159,2,23.28659,12
1150693,92,3,11001137,2,4.5893933,2
1150706,80,8,11001118,2,20.3318833,2
1150711,80,8,11001118,2,22.8733687,2
1150712,80,8,11001118,2,23.1605538,6
1150715,80,8,11001118,2,24.2625305,3
1150743,41,16,11001151,3,23.2250849,2
1150750,41,16,11001151,3,38.0638429,4
1150752,41,16,11001151,3,28.3716416,4
1150755,41,16,11001151,3,24.9707311,8
1150759,81,8,11001128,2,12.2354164,3
1150763,45,8,11001111,3,31.8263658,2
1150764,45,8,11001111,3,53.2807146,4
1150770,30,10,11001108,3,29.9379379,3
1150772,30,10,11001108,3,35.0077217,2
1150782,81,8,11001128,2,19.6970209,12
1150794,45,8,11001111,3,43.9426402,10
1150800,75,9,11001124,3,45.0905424,2
1150801,75,9,11001124,3,51.8238319,2
1150818,11,1,11001158,3,28.7983724,2
1150822,27,11,11001164,3,76.8573239,3
1150827,27,11,11001164,3,57.2447069,3
1150861,810,10,11001183,3,29.6011391,18
1150878,80,8,11001118,2,28.1478371,3
1150879,80,8,11001118,2,25.6027549,4
1150880,80,8,11001118,2,24.0663714,6
1150882,80,8,11001118,2,24.0663714,3
1150883,80,8,11001118,2,21.3048984,3
1150888,80,8,11001118,1,19.4139317,3
1150889,80,8,11001118,2,20.5125904,24
1150891,80,8,11001118,2,23.3089048,2
1150898,116,10,11001197,3,6.4227865,2
1150901,804,1,11001177,2,19.6609295,4
1150964,804,1,11001177,3,21.1817506,4
1150974,80,8,11001118,2,21.6606615,3
1150992,75,9,11001124,3,53.5956121,8
1150995,75,9,11001124,3,56.7632381,15
1151006,80,8,11001118,2,24.101932,3
1151008,80,8,11001118,2,28.1478371,3
1151011,80,8,11001118,2,22.7624761,10
1151012,80,8,11001118,2,25.7217987,4
1151013,80,8,11001118,2,34.462968,3
1151015,80,8,11001118,2,31.8823251,8
1151017,80,8,11001118,2,28.74254,8
1151018,80,8,11001118,2,22.5658508,2
1151021,80,8,11001118,2,32.3142644,10
1151043,80,8,11001118,1,24.0663714,6
1151064,112,9,11001130,4,21.9995443,3
1151066,112,9,11001130,4,22.0203604,4
1151097,85,7,11001106,2,107.8283235,10
1151104,77,9,11001173,2,29.864673,6
1151107,77,9,11001173,2,32.1007928,4
1151108,66,19,11001159,2,28.1060253,3
1151110,67,19,11001147,1,55.7013567,5
1151128,77,9,11001173,2,32.1057863,3
1151129,66,19,11001159,1,27.39367,2
1151131,77,9,11001173,2,28.8952077,3
1151141,77,9,11001173,2,29.9600686,14
1151142,77,9,11001173,2,28.1405304,5
1151144,77,9,11001173,2,27.4936766,3
1151154,814,3,11001187,2,10.8080358,4
1151158,814,3,11001187,2,8.3183797,4
1151166,77,9,11001173,2,27.0842802,4
1151170,814,3,11001187,3,9.8160522,3
1151171,77,9,11001173,2,23.493855,3
1151177,38,15,11001156,3,37.3200947,18
1151186,49,7,11001103,2,17.1341077,10
1151190,26,10,11001140,3,37.3987526,3
1151191,49,7,11001103,2,11.6200962,3
1151194,49,7,11001103,2,24.1643508,3
1151197,814,3,11001187,3,9.5648693,2
1151208,49,7,11001103,2,24.4678832,18
1151226,38,15,11001156,3,29.0595901,2
1151247,49,7,11001103,2,15.9268771,8
1151252,49,7,11001103,2,18.46066,3
1151254,49,7,11001103,2,22.7526816,4
1151256,107,13,11001154,4,15.2863061,3
1151264,67,19,11001147,1,48.3006156,8
1151267,67,19,11001147,1,55.9507531,4
1151272,67,19,11001147,1,52.4143758,10
1151273,49,7,11001103,2,13.0002079,4
1151279,49,7,11001103,2,11.4996895,10
1151306,84,7,11001107,2,82.6624728,5
1151322,67,19,11001147,1,68.6466631,2
1151351,84,7,11001107,2,78.3110254,5
1151356,49,7,11001103,2,13.2149413,4
1151361,35,15,11001113,3,9.5339672,2
1151363,67,19,11001147,1,58.8883008,3
1151369,803,1,11001176,6,66.0290238,4
1151389,84,7,11001107,2,136.9691444,8
1151390,810,10,11001183,3,23.2184738,3
1151396,67,19,11001147,1,72.4652558,4
1151399,84,7,11001107,2,70.8073311,2
1151402,84,7,11001107,2,88.5590914,6
1151407,66,19,11001159,1,32.2148423,15
1151412,14,1,11001193,6,28.7513023,6
1151417,49,7,11001103,3,10.9667791,4
1151423,67,19,11001147,1,70.773109,3
1151424,67,19,11001147,1,77.6382607,4
1151430,49,7,11001103,2,15.1684544,8
1151431,49,7,11001103,2,13.2424242,6
1151447,40,16,11001114,3,48.3616006,4
1151450,40,16,11001114,3,63.3135876,14
1151451,85,7,11001106,2,86.9300834,18
1151453,85,7,11001106,2,86.0340082,5
1151456,41,16,11001151,3,35.1773713,3
1151460,85,7,11001106,2,99.9974019,3
1151461,85,7,11001106,2,123.001601,4
1151465,85,7,11001106,2,92.4837627,5
1151467,85,7,11001106,2,82.4950846,5
1151477,95,3,11001139,2,6.3752054,4
1151487,85,7,11001106,2,82.897684,3
1151527,41,16,11001151,3,23.7462142,3
1151530,41,16,11001151,3,56.618357,3
1151534,33,4,11001163,2,11.4295897,6
1151536,33,4,11001163,2,19.3631534,3
1151546,30,10,11001108,3,68.6814979,8
1151560,66,19,11001159,2,20.4500945,3
1151565,75,9,11001124,3,57.5327786,2
1151667,87,7,11001169,2,40.722224,6
1151668,87,7,11001169,2,56.0048423,3
1151670,78,8,11001168,2,12.1746185,4
1151677,66,19,11001159,1,24.9405711,6
1151678,67,19,11001147,2,51.3023797,6
1151689,807,12,11001180,3,46.325849,8
1151691,116,10,11001197,3,9.265594,3
1151707,67,19,11001147,1,74.3585278,5
1151709,67,19,11001147,1,46.0609732,4
1151713,67,19,11001147,1,72.7701579,5
1151718,71,11,11001166,2,109.403346,2
1151720,52,5,11001135,1,6.347287,4
1151721,52,5,11001135,1,6.7027292,3
1151726,52,5,11001135,1,6.0373077,3
1151727,67,19,11001147,2,78.6379504,4
1151731,95,3,11001139,2,7.2430905,8
1151743,52,5,11001135,1,6.8409298,8
1151748,70,19,11001132,1,33.3490007,7
1151750,96,3,11001146,2,23.9296647,4
1151753,96,3,11001146,2,13.9740156,10
1151754,96,3,11001146,2,13.4460893,18
1151756,78,8,11001168,2,17.4933693,3
1151767,78,8,11001168,2,18.002577,8
1151771,43,16,11001161,3,22.7581914,24
1151774,43,16,11001161,3,23.3119014,8
1151778,39,18,11001155,3,45.9902581,4
1151791,40,16,11001114,3,45.9733734,4
1151793,40,16,11001114,3,27.76782,4
1151797,41,16,11001151,3,23.2163022,10
1151801,92,3,11001137,2,5.3003709,3
1151811,48,8,11001167,2,52.64139,6
1151813,48,8,11001167,1,42.7179355,30
1151829,70,19,11001132,1,38.2980341,5
1151883,96,3,11001146,2,44.2969657,12
1151889,96,3,11001146,2,22.1570969,4
1151890,96,3,11001146,2,13.5743513,10
1151891,96,3,11001146,2,9.9188703,4
1151906,48,8,11001167,2,50.3696601,8
1151910,29,10,11001149,3,56.2764979,3
1151936,73,10,11001127,3,64.6140766,5
1151941,74,10,11001123,2,54.3347623,2
1151943,74,10,11001123,2,69.2363223,3
1151945,70,19,11001132,1,19.7438512,4
1151946,70,19,11001132,1,25.2632325,12
1151948,82,8,11001153,2,25.6806887,3
1151954,73,10,11001127,3,72.3638358,5
1151963,102,14,11001138,3,12.8898718,4
1151965,14,1,11001193,5,22.9761866,8
1151966,14,1,11001193,5,22.9761866,4
1151969,102,14,11001138,3,13.2581539,8
1151986,14,1,11001193,4,18.5695487,3
1151988,44,8,11001102,3,32.3602984,5
1151996,77,9,11001173,2,25.6303217,18
1152000,79,8,11001110,2,78.1485223,8
1152135,,20,11001220,1,1.8046324,4
1152148,,20,11001220,1,1.8046324,14
1152150,,20,11001220,1,1.8046324,3
1152153,,5,11001205,1,7.8720443,10
1152156,,20,11001220,1,1.8046324,8
1152157,,20,11001220,1,1.8046324,4
1152158,,20,11001220,1,1.8046324,8
1152159,,20,11001220,1,1.8046324,9
1152160,,20,11001220,1,1.8046324,5
1152161,,20,11001220,1,1.8046324,8
1152163,,20,11001220,1,1.8046324,4
1152165,,20,11001220,1,1.8046324,3
1152167,,20,11001220,1,1.8046324,4
1152170,,20,11001220,1,1.8046324,10
1152171,,20,11001220,1,1.8046324,24
1152179,,5,11001205,1,3.9549392,6
1152181,,5,11001205,1,5.5565341,10
1152183,,5,11001205,1,4.3876016,4
1152184,,5,11001205,2,4.3742319,4
1152185,,5,11001205,2,5.0696698,4
1152186,,5,11001205,2,5.4921423,8
1152188,,5,11001205,1,6.0321588,10
1152191,,5,11001205,1,3.8210993,3
1152192,,5,11001205,1,6.7285783,4
1152193,,5,11001205,1,4.8687804,2
1152199,,19,11001219,2,6.0769548,5
1152202,,5,11001205,1,6.2213985,3
1152204,,5,11001205,1,4.4938157,8
1152206,,20,11001220,1,1.8046324,18
1152207,,20,11001220,1,1.8046324,4
1152210,,5,11001205,1,7.4709893,4
1152211,,1,11001201,1,6.4958848,12
1152214,,1,11001201,2,1.18107,18
1152217,,20,11001220,1,1.8046324,8
1152219,,20,11001220,1,1.8046324,3
1152220,,20,11001220,1,1.8046324,3
1152223,,,25758100,3,8.8724455,2
1152226,,,25758100,3,6.5769381,3
1152232,,,25758100,3,12.6695698,8
1152244,,,25754100,3,354.5392304,10
1152247,,,25754100,2,235.1745862,10
1152253,,,25754100,1,322.5989795,8
1152262,,,25754100,3,375.9220846,4
1152263,,,25754100,1,322.5989795,8
1152266,,,25754100,2,345.5719489,3
1152269,,,25754100,3,379.6397837,24
1152270,,,25754100,3,387.3107317,5
1152275,,,25754100,3,241.3617812,10
1152285,,,25754100,1,383.4646989,5
1152287,,,25290100,3,79.0035031,4
1152290,,,25290100,3,68.9457894,8
1152296,,,25290100,3,107.9450689,36
1152314,,,25754200,1,2.8984947,2
1152315,,,25754200,1,3.2210329,3
1152316,,,25754200,2,1.2573441,3
1152328,,,25377100,3,9.3602579,8
1152331,,,25377100,4,9.4615262,3
1152338,,,25377100,3,10.726001,24
1152345,,,25817100,2,20.1853223,5
1152346,,,25817100,2,15.7421817,4
1152348,,,25817100,2,24.4486484,12
1152352,,,25175200,2,9.671393,3
1152353,,,25175200,2,9.671393,3
1152355,,,25295100,2,6.7830348,2
1152366,,,25377100,3,7.6399209,12
1152374,,,25799100,2,5.7478958,6
1152376,,,25269100,2,38.0003739,10
1152378,,,25377200,2,10.4655382,5
1152381,,,25377200,2,8.1143415,4
1152384,,,25269100,2,131.7207475,4
1152386,,,25269100,2,48.3919541,4
1152393,,,25269100,3,61.8309961,10
1152395,,,25269100,3,40.994419,6
1152401,,,25785100,2,4.7635767,8
1152402,,,25269100,4,63.4135565,2
1152407,,,25377200,2,11.0047004,6
1152408,,,25269100,4,76.8451928,4
1152426,,,25377200,2,8.7446733,2
1152427,,,25377200,2,10.5827497,4
1152440,,,25899100,3,60.9466213,2
1152452,,,25175100,1,95.9240928,3
1152453,,,25175100,2,99.2007056,3
1152461,,,25377100,2,6.9784794,2
1152468,,,25377100,2,7.7272177,3
1152472,,,25817100,2,18.690714,8
1152480,,,25269100,3,59.8591805,3
1152481,,,25269100,1,66.5934553,3
1152483,,,25269100,2,67.224532,6
1152491,,,25269100,1,60.6583148,6
1152496,,,25175100,1,112.8979597,8
1152497,,,25175100,3,54.408466,12
1152498,,,25175100,3,58.3453957,4
1152506,,,25785100,2,3.4936583,4
1152508,,,25269100,1,67.2490337,8
1152509,,,25175100,2,89.9441079,4
1152510,,,25175100,2,95.9240928,3
1152517,,,25377200,2,10.6131396,8
1152518,,,25785100,3,4.0500739,2
1152520,,,25785100,2,4.0975928,3
1152522,,,25377200,1,10.2346094,6
1152530,,,25377200,1,5.9361441,4
1152532,,,25377100,2,7.8063705,8
1152533,,,25377100,2,6.9350162,3
1152552,,,25769100,2,2.8532423,4
1152561,,,25769100,2,3.672844,3
1152563,,,25769100,2,5.1318885,10
1152573,,,25269100,3,50.2772233,4
1152574,,,25269100,2,52.9054012,8
1152575,,,25269100,2,67.5351645,4
1152576,,,25754100,2,431.3196428,3
1152585,,,25817100,3,15.7819861,3
1152604,,,25817100,2,28.8635141,10
1152638,,,25175100,2,72.8058586,2
1152641,,,25175100,2,84.9337764,3
1152642,,,25175100,2,87.8349777,3
1152643,,,25175100,2,69.7118684,6
1152654,,,25377200,4,15.0747997,4
1152655,,,25817100,3,11.9471264,3
1152663,,,25377200,2,15.161628,8
1152677,,,25769100,2,4.4288518,4
1152681,,,25175100,2,64.3310287,3
1152687,,,25817100,4,16.4294983,6
1152695,,,25377200,1,18.9930247,12
1152696,,,25377200,1,11.8027755,3
1152707,,,25175100,3,75.7144704,8
1152714,,,25175100,2,58.7136784,3
1152720,,,25175100,2,62.5180253,8
1152721,,,25175200,2,7.5298228,3
1152722,,,25175200,2,8.4135324,3
1152723,,,25758100,3,9.8436647,4
1152725,,,25758100,3,12.3528306,8
1152726,,,25758100,3,5.6182126,4
1152735,,,25758100,3,10.8678342,3
1152736,,,25758100,3,10.2278318,4
1152737,,,25758100,3,9.8921193,5
1152752,,,25377100,2,5.8619227,2
1152756,,,25377100,2,9.6535266,2
1152766,,,25175100,3,73.172311,3
1152768,,,25175100,3,36.0047158,4
1152774,,,25799100,2,4.3063546,4
1152776,,,25799100,2,6.8929032,10
1152782,,,25754100,3,433.4205369,10
1152788,,,25754100,3,352.8978896,3
1152789,,,25754100,3,381.2533394,4
1152790,,,25754100,3,357.4415917,4
1152797,,,25430100,2,49.6087835,2
1152798,,,25799100,2,6.2065694,8
1152800,,,25260100,2,8.8634928,2
1152801,,,25260100,2,7.322858,4
1152802,,,25260100,2,7.2930686,4
1152803,,,25260100,2,8.9705999,24
1152811,,,25126100,2,40.7887909,3
1152817,,,25126100,3,42.2447018,4
1152819,,,25799100,3,2.7061683,8
1152820,,,25785100,3,5.5299981,8
1152834,,,25785100,3,4.5528809,6
1152840,,,25295100,2,8.1877846,3
1152841,,,25269100,2,78.2952789,3
1152847,,,25175200,1,10.3576833,8
1152848,,,25269100,2,52.4844792,10
1152849,,,25175200,2,12.2408985,4
1152850,,,25295100,2,11.8716976,15
1152856,,,25295100,2,8.7378396,3
1152857,,,25290100,2,79.0399742,5
1152858,,,25290100,2,55.177245,4
1152860,,,25290100,3,77.7480705,5
1152864,,,25377200,2,10.7692633,3
1152869,,,25175100,3,63.915422,6
1152881,,,25377200,2,8.2923328,3
1152888,,,25290100,2,58.1519451,2
1152889,,,25377200,2,9.6599303,8
1152897,,,25295100,2,15.3294465,10
1152898,,,25295100,2,8.4195074,3
1152899,,,25295100,2,5.8694383,2
1152904,,,25214100,2,18.4307715,3
1152909,,,25377200,2,12.5985115,8
1152912,,,25377200,2,12.8295225,24
1152913,,,25377200,2,9.5203928,10
1152915,,,25758100,2,10.1432739,4
1152917,,,25758100,2,8.2111765,5
1152918,,,25758100,2,8.8210902,2
1152920,,,25758100,2,8.1121365,4
1152921,,,25758100,2,8.9120026,3
1152925,,,25214100,2,18.0063835,5
1152927,,,25817100,4,14.2335479,3
1152931,,,25899100,3,31.1329957,16
1152932,,,25214100,1,8.5218043,14
1152936,,,25817100,2,17.1972578,4
1152942,,,25817100,3,13.8138288,4
1152958,,,25799100,1,4.8877589,12
1152961,,,25175100,3,63.5944632,5
1152963,,,25758100,4,7.6482103,8
1152964,,,25758100,4,13.6344549,3
1152966,,,25758100,4,10.2514041,8
1152967,,,25758100,4,14.1892935,8
1152968,,,25175100,3,58.3453957,4
1152971,,,25175100,3,50.1319041,3
1152972,,,25175100,3,56.5834548,6
1152975,,,25817100,3,11.3343708,8
1152986,,,25817100,2,15.1342137,8
1152992,,,25769100,2,2.7420653,3
1152997,,,25817100,4,19.1080642,4
1153001,,,25817100,3,21.0651204,10
1153016,,,25799100,3,8.7198841,5
1153018,,,25799100,1,13.468699,4
1153024,,,25214100,2,11.2461903,4
1153041,,,25377200,1,12.4489763,2
1153049,,,25769100,2,4.3219446,3
1153054,,,25769100,2,2.1055856,8
1153056,,,25377200,2,12.4923905,2
1153057,,,25377200,2,15.1182138,4
1153059,,,25758100,2,18.12649,3
1153060,,,25758100,2,17.6469008,4
1153075,,,25377200,2,11.8461897,3
1153080,,,25377200,2,12.6527041,6
1153083,,,25377200,2,13.7438308,4
1153095,,,25817100,2,29.2571117,4
1153101,,,25817100,2,23.3633926,8
1153107,,,25817100,2,6.6119053,3
1153116,,,25758100,3,10.9496553,8
1153118,,,25758100,3,11.9667194,3
1153120,,,25758100,3,8.4796851,4
1153121,,,25758100,3,10.2278318,8
1153122,,,25758100,3,11.326717,4
1153123,,,25758100,3,12.0485406,8
1153124,,,25758100,3,12.688543,3
1153131,,,25295100,2,7.4434406,3
1153133,,,25295100,2,8.4181046,3
1153134,,,25295100,2,9.2614581,3
1153135,,,25295100,2,5.1475512,2
1153140,,,25260100,3,7.91404,6
1153144,,,25260100,3,11.9052743,2
1153147,,,25295100,2,9.5321886,3
1153148,,,25295100,2,7.4434406,3
1153155,,,25260100,1,11.5102369,4
1153156,,,25269100,2,66.0856987,3
1153159,,,25269100,2,58.9880345,8
1153164,,,25260100,2,8.8493469,3
1153165,,,25260100,2,6.4975489,24
1153166,,,25260100,2,20.1861115,7
1153168,,,25377200,2,12.5623331,4
1153171,,,25758100,3,6.5190907,4
1153172,,,25758100,3,10.5321218,4
1153174,,,25377200,2,10.5827497,8
1153175,,,25377200,2,8.3741624,4
1153179,,,25260100,2,11.7016061,3
1153184,,,25260100,2,13.818165,6
1153185,,,25260100,2,18.4860265,3
1153187,,,25260100,2,14.334406,3
1153192,,,25740100,2,8.7914217,6
1153193,,,25295100,2,11.0005543,10
1153203,,,25899100,2,23.1471896,6
1153207,,,25898100,2,1.391407,6
1153208,,,25898100,2,1.2778382,5
1153209,,,25898100,2,1.3846971,2
1153210,,,25898100,2,1.2915869,2
1153213,,,25898100,2,1.2941006,10
1153225,,,25898100,3,1.2915869,2
1153229,,,25899100,2,78.5713052,3
1153230,,,25899100,2,55.3311064,5
1153243,,,25295100,2,5.2193891,6
1153250,,,25754200,2,3.2057238,4
1153251,,,25175100,2,71.9275419,3
1153252,,,25175100,2,99.771988,4
1153253,,,25175100,2,71.7659706,3
1153255,,,25175100,2,48.0257309,5
1153258,,,25175100,2,54.6215539,6
1153259,,,25175100,2,96.1400919,6
1153262,,,25175200,2,12.0405486,8
1153263,,,25175200,2,11.6056716,3
1153269,,,25175200,2,9.2308313,10
1153278,,,25799100,2,4.3665623,3
1153283,,,25769100,2,5.4289082,5
1153284,,,25769100,1,5.2272611,3
1153286,,,25769100,2,3.6288777,2
1153290,,,25769100,2,4.3179613,8
1153293,,,25769100,2,3.4373747,3
1153296,,,25799100,3,6.0893629,3
1153308,,,25430100,2,44.3704883,3
1153310,,,25430100,2,54.9038807,8
1153312,,,25295100,2,4.3870195,8
1153313,,,25295100,2,4.8257214,3
1153314,,,25295100,2,11.8603708,3
1153315,,,25295100,2,6.7019494,3
1153317,,,25295100,2,7.7358802,3
1153334,,,25377100,2,13.4421254,3
1153339,,,25377100,2,9.3154887,5
1153340,,,25377100,2,7.8230058,3
1153342,,,25377100,2,9.1518077,8
1153350,,,25377200,2,8.7678673,8
1153358,,,25817100,3,5.8514223,4
1153359,,,25817100,3,8.8724998,3
1153364,,,25817100,2,17.6992899,6
1153372,,,25126100,4,16.2854777,4
1153375,,,25799100,2,9.4566061,33
1153380,,,25817100,2,21.2141843,3
1153386,,,25817100,2,20.9037019,18
1153393,,,25817100,4,13.3412662,2
1153407,,,25817100,4,14.2335479,3
1153410,,,25817100,4,11.9471264,3
1153422,,,25817100,2,17.1077006,10
1153441,,,25175100,3,58.9347431,4
1153442,,,25175100,3,76.479263,8
1153445,,,25175100,2,73.172311,3
1153460,,,25817100,2,14.5029015,6
1153462,,,25817100,3,15.3539509,2
1153464,,,25817100,3,19.7688165,3
1153465,,,25817100,3,7.3142779,2
1153475,,,25377200,2,10.9178788,12
1153477,,,25740100,1,17.6910597,8
1153486,,,25769100,2,5.3811819,6
1153489,,,25769100,2,7.2719143,3
1153499,,,25377200,2,10.5827497,4
1153500,,,25377200,4,9.5040672,5
1153508,,,25769100,2,3.2942525,3
1153513,,,25769100,2,4.0429798,2
1153517,,,25758100,3,9.1289466,4
1153518,,,25758100,3,12.2710094,3
1153519,,,25758100,3,11.631007,8
1153520,,,25758100,3,12.4346517,10
1153521,,,25758100,3,9.3421564,2
1153523,,,25758100,3,12.3528306,4
1153524,,,25758100,3,10.3456686,3
1153528,,,25290100,2,57.8533128,6
1153530,,,25769100,2,4.8580685,5
1153540,85,7,11001106,2,84.2959665,2
1153543,52,5,11001135,0,15.6870674,3
1153544,52,5,11001135,1,8.4232769,10
1153545,52,5,11001135,1,9.8139673,8
1153550,811,5,11001184,2,35.2180853,8
1153553,81,8,11001128,2,45.9430309,21
1153554,81,8,11001128,2,23.7420127,21
1153558,81,8,11001128,2,22.0275293,3
1153559,52,5,11001135,1,7.7221601,8
1153562,84,7,11001107,2,92.3929579,3
1153563,84,7,11001107,2,77.8633326,8
1153581,28,11,11001122,3,112.3656611,5
1153586,71,11,11001166,2,91.3066629,15
1153587,71,11,11001166,2,122.5648968,3
1153592,52,5,11001135,1,14.0162157,6
1153599,95,3,11001139,2,5.1809837,5
1153604,96,3,11001146,1,17.9815794,10
1153605,96,3,11001146,1,18.7914028,8
1153606,96,3,11001146,1,19.9209847,10
1153607,96,3,11001146,2,14.2281797,8
1153608,96,3,11001146,2,15.7723564,2
1153610,96,3,11001146,2,18.8777782,10
1153611,82,8,11001153,2,37.7587606,8
1153617,98,12,11001142,3,29.3180801,14
1153619,66,19,11001159,2,35.293609,3
1153620,66,19,11001159,2,20.1259616,2
1153626,70,19,11001132,1,35.6629053,10
1153630,70,19,11001132,3,39.4487695,2
1153637,57,5,11001129,2,29.1517004,12
1153638,70,19,11001132,1,53.1381547,4
1153639,70,19,11001132,1,51.5417499,4
1153640,70,19,11001132,1,32.808114,8
1153642,57,5,11001129,2,80.7436351,16
1153643,57,5,11001129,2,39.842141,3
1153644,57,5,11001129,2,34.1957576,6
1153645,70,19,11001132,1,36.9711932,6
1153650,27,11,11001164,2,90.3783842,4
1153666,34,4,11001101,3,29.2708312,4
1153668,34,4,11001101,2,23.2764856,3
1153671,26,10,11001140,3,52.4047975,4
1153673,57,5,11001129,2,60.5604472,10
1153676,69,19,11001131,2,59.5807021,3
1153682,82,8,11001153,2,40.4558149,4
1153683,44,8,11001102,2,37.3640879,14
1153685,809,16,11001182,1,7.085049,6
1153686,809,16,11001182,1,4.9627888,15
1153690,40,16,11001114,3,39.5695047,3
1153707,57,5,11001129,1,41.3918264,3
1153708,58,5,11001117,1,47.6757872,3
1153713,32,4,11001157,2,33.8434391,3
1153718,32,4,11001157,1,37.6443427,4
1153723,32,4,11001157,2,42.6037172,4
1153727,67,19,11001147,2,67.9776564,15
1153732,58,5,11001117,1,43.5735066,10
1153733,811,5,11001184,2,19.6026637,6
1153736,58,5,11001117,1,30.8362141,5
1153740,812,5,11001185,1,32.3154557,3
1153747,809,16,11001182,3,11.5476648,4
1153752,809,16,11001182,1,4.9627888,3
1153753,809,16,11001182,1,4.9627888,4
1153754,809,16,11001182,1,4.9627888,6
1153755,809,16,11001182,1,18.3296266,4
1153757,809,16,11001182,1,5.451466,10
1153758,809,16,11001182,1,15.0178793,4
1153760,809,16,11001182,1,9.1811345,4
1153763,40,16,11001114,3,62.4388368,7
1153765,809,16,11001182,1,7.0044314,3
1153766,809,16,11001182,3,5.451466,8
1153773,811,5,11001184,2,23.9790657,12
1153774,84,7,11001107,2,69.930518,30
1153776,84,7,11001107,2,70.3355066,4
1153777,84,7,11001107,2,47.5244241,10
1153779,811,5,11001184,2,29.1663281,2
1153781,48,8,11001167,2,38.7877503,6
1153783,811,5,11001184,1,30.1465174,8
1153784,48,8,11001167,2,36.3947047,4
1153786,811,5,11001184,2,25.4842745,2
1153788,811,5,11001184,2,47.2610902,8
1153803,48,8,11001167,2,70.4282185,3
1153804,48,8,11001167,2,56.6591057,15
1153805,69,19,11001131,1,77.4183028,5
1153806,69,19,11001131,1,80.7878554,10
1153807,33,4,11001163,2,17.2263175,4
1153810,32,4,11001157,2,43.9261736,3
1153813,69,19,11001131,1,50.3882832,7
1153814,48,8,11001167,3,60.8033111,12
1153816,57,5,11001129,2,41.346679,2
1153821,84,7,11001107,2,77.8869862,3
1153826,52,5,11001135,1,7.2881138,4
1153827,52,5,11001135,1,8.1392491,10
1153829,52,5,11001135,1,7.1803034,5
1153830,52,5,11001135,1,7.6961103,2
1153831,84,7,11001107,2,93.4612985,4
1153832,96,3,11001146,2,17.3578582,16
1153834,811,5,11001184,2,45.0319911,4
1153838,52,5,11001135,1,5.8816685,8
1153841,52,5,11001135,1,7.4597851,3
1153867,96,3,11001146,2,20.1330125,21
1153886,69,19,11001131,1,70.5599247,3
1153887,49,7,11001103,2,15.0771536,3
1153888,96,3,11001146,2,27.8795051,16
1153894,52,5,11001135,1,6.0026343,3
1153912,52,5,11001135,1,7.8688442,10
1153916,52,5,11001135,1,7.075882,3
1153920,85,7,11001106,2,120.4436357,8
1153923,69,19,11001131,2,57.7002018,9
1153924,40,16,11001114,3,60.8735481,10
1153925,85,7,11001106,2,94.0087559,6
1153930,85,7,11001106,2,123.001601,4
1153935,96,3,11001146,2,34.798894,8
1153936,69,19,11001131,1,45.8454933,5
1153937,811,5,11001184,2,19.5156954,10
1153960,69,19,11001131,3,69.6992499,5
1153966,67,19,11001147,1,130.2006664,24
1153970,67,19,11001147,1,72.470305,12
1153971,67,19,11001147,1,135.1737574,4
1153984,67,19,11001147,1,70.7741554,8
1153987,811,5,11001184,2,24.8687167,16
1153990,811,5,11001184,2,34.118684,10
1153992,811,5,11001184,2,26.4183303,6
1153995,811,5,11001184,2,51.9701506,6
1154000,69,19,11001131,2,90.4004396,4
1154004,32,4,11001157,2,50.386848,4
1154019,58,5,11001117,2,58.46661,4
1154029,58,5,11001117,1,51.5383426,4
1154030,58,5,11001117,2,51.5383426,4
1154037,71,11,11001166,2,168.5119044,24
1154043,40,16,11001114,3,48.6744667,3
1154047,58,5,11001117,2,36.1678359,4
1154072,49,7,11001103,2,12.008337,6
1154077,49,7,11001103,2,14.6911491,10
1154081,80,8,11001118,2,23.577712,10
1154083,32,4,11001157,2,53.795105,8
1154086,79,8,11001110,2,59.0284574,3
1154087,79,8,11001110,2,59.0284574,3
1154089,809,16,11001182,2,9.6177886,5
1154095,809,16,11001182,1,11.8043158,4
1154099,49,7,11001103,2,12.8999799,5
1154110,67,19,11001147,1,65.477735,6
1154112,67,19,11001147,1,73.2891139,3
1154118,80,8,11001118,2,23.7491617,8
1154134,75,9,11001124,3,51.0252096,9
1154137,75,9,11001124,3,46.7089854,2
1154151,809,16,11001182,1,6.0571845,15
1154174,65,19,11001104,3,13.9866405,5
1154184,80,8,11001118,2,15.2940968,4
1154185,77,9,11001173,2,30.0860287,3
1154190,75,9,11001124,3,63.2938658,8
1154209,75,9,11001124,3,48.7920363,4
1154211,67,19,11001147,1,72.993829,8
1154212,67,19,11001147,1,56.9836232,3
1154213,67,19,11001147,1,62.9157571,4
1154214,67,19,11001147,1,61.212163,6
1154215,67,19,11001147,1,38.2534128,10
1154219,67,19,11001147,1,72.7771444,3
1154221,815,19,11001188,1,38.3811322,8
1154222,75,9,11001124,3,56.6166334,8
1154238,52,5,11001135,1,11.7387273,15
1154240,52,5,11001135,1,8.380545,3
1154241,52,5,11001135,1,7.2148383,10
1154251,98,12,11001142,3,17.3112195,5
1154253,52,5,11001135,1,9.0427905,15
1154254,48,8,11001167,3,74.1431885,3
1154255,48,8,11001167,3,50.8881737,12
1154257,48,8,11001167,3,63.2337106,8
1154273,809,16,11001182,1,13.7448039,3
1154275,809,16,11001182,3,5.9034779,21
1154277,809,16,11001182,3,4.2930295,18
1154282,79,8,11001110,2,48.6069072,7
1154283,82,8,11001153,2,65.0066271,4
1154294,58,5,11001117,1,36.7080208,3
1154295,75,9,11001124,3,47.1113191,3
1154296,75,9,11001124,3,49.5873373,4
1154321,83,8,11001141,2,15.9510369,8
1154322,21,12,11001143,3,7.8457477,6
1154354,811,5,11001184,2,30.9196236,4
1154373,39,18,11001155,3,40.5365312,3
1154374,39,18,11001155,3,45.2972678,28
1154397,52,5,11001135,1,8.1181736,4
1154398,52,5,11001135,1,6.7535401,4
1154399,52,5,11001135,1,6.9175523,3
1154412,52,5,11001135,1,7.126964,3
1154413,45,8,11001111,2,44.9748968,10
1154415,45,8,11001111,2,43.2578848,4
1154428,71,11,11001166,2,77.2490775,8
1154430,811,5,11001184,2,22.8401909,21
1154433,13,1,11001144,4,61.1079524,10
1154444,48,8,11001167,3,65.2132768,4
1154449,81,8,11001128,2,47.0971977,8
1154450,45,8,11001111,2,29.8061248,4
1154455,48,8,11001167,2,47.1714811,8
1154460,48,8,11001167,2,43.2017662,10
1154477,79,8,11001110,2,50.1991346,10
1154480,71,11,11001166,3,115.2353262,4
1154488,79,8,11001110,2,80.504952,10
1154502,58,5,11001117,2,46.1019769,4
1154515,79,8,11001110,2,72.6471788,4
1154578,41,16,11001151,3,27.9677343,4
1154582,41,16,11001151,3,33.9845664,10
1154583,41,16,11001151,3,28.1537405,6
1154584,24,11,11001152,5,24.4901261,4
1154616,808,13,11001181,4,39.2357158,6
1154638,82,8,11001153,2,42.0465475,18
1154639,82,8,11001153,2,37.7587606,4
1154661,92,3,11001137,2,5.788005,3
1154665,92,3,11001137,2,4.2083595,4
1154678,114,9,11001150,4,24.8380611,10
1154686,82,8,11001153,2,40.9421727,3
1154690,73,10,11001127,3,90.2552188,3
1154695,73,10,11001127,4,82.0780936,8
1154696,73,10,11001127,4,60.2421362,4
1154697,73,10,11001127,4,82.0780936,4
1154698,73,10,11001127,4,44.1610618,3
1154700,73,10,11001127,4,57.8846801,4
1154704,73,10,11001127,4,71.7724026,8
1154705,73,10,11001127,4,71.7724026,8
1154707,79,8,11001110,2,59.3904826,5
1154710,73,10,11001127,3,78.5535665,4
1154711,82,8,11001153,2,30.1195996,8
1154718,73,10,11001127,3,81.2296969,3
1154719,82,8,11001153,2,43.3099814,4
1154724,73,10,11001127,3,73.0337796,3
1154725,73,10,11001127,3,68.665722,3
1154728,73,10,11001127,4,120.0946095,8
1154730,73,10,11001127,4,77.1701265,4
1154766,67,19,11001147,1,61.5423131,3
1154767,67,19,11001147,1,78.7608978,3
1154779,49,7,11001103,2,10.9030454,12
1154780,67,19,11001147,1,63.8541539,2
1154786,57,5,11001129,2,44.6231099,5
1154788,67,19,11001147,1,60.2241027,5
1154794,67,19,11001147,1,71.9420771,16
1154798,815,19,11001188,1,40.1985882,3
1154800,87,7,11001169,1,50.042193,10
1154803,84,7,11001107,2,92.819144,10
1154807,84,7,11001107,2,76.6603725,10
1154809,84,7,11001107,2,71.2991214,5
1154811,67,19,11001147,1,67.5868787,4
1154812,67,19,11001147,1,72.5101286,4
1154823,84,7,11001107,2,54.4265981,8
1154825,84,7,11001107,2,87.1518499,4
1154831,87,7,11001169,2,68.415179,10
1154832,84,7,11001107,2,77.0806561,8
1154840,84,7,11001107,2,64.1056543,3
1154842,84,7,11001107,2,72.7810626,3
1154851,84,7,11001107,2,115.6209841,4
1154852,87,7,11001169,2,54.0713921,8
1154856,815,19,11001188,1,24.2250517,2
1154860,87,7,11001169,1,52.5866197,12
1154864,84,7,11001107,1,105.7585838,4
1154868,52,5,11001135,1,9.0816301,4
1154869,52,5,11001135,1,9.611526,6
1154870,84,7,11001107,1,121.5456721,6
1154874,84,7,11001107,2,55.7656074,6
1154876,87,7,11001169,2,39.6763419,12
1154917,815,19,11001188,1,18.0674277,3
1154919,815,19,11001188,1,18.554329,4
1154938,86,7,11001120,1,58.4975001,3
1154963,52,5,11001135,1,9.7721561,3
1154966,52,5,11001135,1,8.8628728,24
1154992,84,7,11001107,2,97.3587327,3
1154995,85,7,11001106,2,93.2181353,10
1155000,52,5,11001135,1,9.7727568,8
1155002,52,5,11001135,1,9.6098477,24
1155005,84,7,11001107,2,90.9866459,4
1155008,87,7,11001169,1,58.7830434,15
1155016,52,5,11001135,1,8.9203144,8
1155017,52,5,11001135,1,9.627708,3
1155020,52,5,11001135,1,7.2793325,3
1155022,84,7,11001107,2,82.1814866,4
1155024,85,7,11001106,2,69.6358513,5
1155025,85,7,11001106,2,105.9475521,10
1155026,85,7,11001106,2,87.3514803,3
1155031,85,7,11001106,2,92.4316206,28
1155038,85,7,11001106,2,84.6078803,6
1155040,85,7,11001106,2,108.9178421,4
1155042,95,3,11001139,2,6.8855376,2
1155046,95,3,11001139,2,6.2101177,4
1155047,95,3,11001139,2,6.1016316,2
1155048,85,7,11001106,2,117.3595258,10
1155049,85,7,11001106,2,129.2067802,3
1155052,84,7,11001107,2,79.1143833,5
1155053,84,7,11001107,2,135.4931838,8
1155054,84,7,11001107,2,71.7076367,10
1155055,85,7,11001106,2,57.1977063,5
1155061,84,7,11001107,2,69.0450085,10
1155064,85,7,11001106,2,118.6167138,10
1155065,84,7,11001107,2,104.55101,3
1155067,35,15,11001113,3,13.7837465,4
1155079,815,19,11001188,1,18.0451102,3
1155097,813,9,11001186,4,11.3549089,8
1155110,813,9,11001186,3,7.6959208,2
1155113,813,9,11001186,3,9.1979108,6
1155122,39,18,11001155,3,44.4208689,3
1155126,85,7,11001106,2,84.6078803,3
1155139,57,5,11001129,1,42.49027,8
1155140,57,5,11001129,1,37.4431431,10
1155144,41,16,11001151,3,22.637624,14
1155146,57,5,11001129,1,61.9427079,10
1155149,57,5,11001129,1,53.9640483,3
1155166,39,18,11001155,3,39.0822018,8
1155171,98,12,11001142,4,17.5091424,3
1155174,98,12,11001142,4,17.9902827,4
1155175,98,12,11001142,4,13.383581,3
1155179,98,12,11001142,4,18.5081435,3
1155183,43,16,11001161,3,34.203124,4
1155185,812,5,11001185,2,27.2420086,6
1155187,43,16,11001161,3,31.6646458,3
1155201,107,13,11001154,4,16.3301806,3
1155209,71,11,11001166,2,99.4883661,4
1155214,71,11,11001166,2,82.7272625,10
1155215,71,11,11001166,3,116.1065306,3
1155222,71,11,11001166,2,106.3553645,5
1155245,13,1,11001144,6,52.3722077,4
1155246,13,1,11001144,6,75.0389585,15
1155266,79,8,11001110,2,73.3741553,5
1155267,79,8,11001110,2,53.7104549,6
1155269,34,4,11001101,3,53.4029839,8
1155291,52,5,11001135,1,8.9016585,10
1155300,107,13,11001154,4,18.2075905,2
1155326,14,1,11001193,5,20.8413106,3
1155330,812,5,11001185,1,20.429785,8
1155338,45,8,11001111,3,39.9002212,8
1155340,45,8,11001111,3,50.5967589,10
1155356,45,8,11001111,3,20.9818551,6
1155361,45,8,11001111,2,38.6413208,4
1155363,45,8,11001111,2,32.9829666,15
1155365,45,8,11001111,2,31.4730994,15
1155369,45,8,11001111,2,30.1440729,10
1155376,45,8,11001111,2,33.4103416,10
1155379,45,8,11001111,3,31.6401574,3
1155380,45,8,11001111,2,32.5455213,5
1155381,45,8,11001111,2,39.7604388,4
1155387,45,8,11001111,2,40.2615287,4
1155402,810,10,11001183,3,28.450743,2
1155405,810,10,11001183,3,19.917788,5
1155411,80,8,11001118,2,19.8088353,4
1155481,27,11,11001164,3,89.2585886,8
1155484,27,11,11001164,3,89.2585886,8
1155486,27,11,11001164,2,99.6136382,4
1155505,27,11,11001164,2,80.0801213,3
1155527,27,11,11001164,2,79.0259294,16
1155529,95,3,11001139,2,7.328101,5
1155531,34,4,11001101,2,31.2574028,5
1155544,98,12,11001142,3,15.3898828,10
1155551,98,12,11001142,3,21.8159641,4
1155554,34,4,11001101,3,53.3209508,5
1155562,34,4,11001101,3,54.5297931,3
1155567,41,16,11001151,3,27.8870822,4
1155571,13,1,11001144,4,54.8755928,3
1155580,81,8,11001128,2,29.476525,10
1155589,71,11,11001166,2,140.560577,10
1155593,71,11,11001166,2,116.1065306,3
1155595,33,4,11001163,3,22.9639752,15
1155596,81,8,11001128,2,33.1177881,8
1155600,34,4,11001101,3,37.8628153,5
1155614,34,4,11001101,2,41.4219336,3
1155716,81,8,11001128,2,45.6140842,4
1155723,95,3,11001139,2,8.9512725,10
1155815,100,13,11001126,4,21.4050271,4
1155825,30,10,11001108,3,75.485426,8
1155828,30,10,11001108,3,70.3572574,3
1155833,30,10,11001108,3,93.9326056,4
1155857,71,11,11001166,3,121.0334497,4
1155863,71,11,11001166,2,125.8802285,4
1155864,71,11,11001166,2,115.2353262,4
1155867,808,13,11001181,4,18.4837854,8
1155870,808,13,11001181,4,16.5009408,4
1155871,808,13,11001181,4,9.0666782,4
1155877,32,4,11001157,2,33.4461738,3
1155879,32,4,11001157,2,43.2091523,3
1155881,32,4,11001157,2,71.9914472,3
1155884,32,4,11001157,2,42.1967285,2
1155885,32,4,11001157,2,32.3521465,2
1155901,30,10,11001108,3,64.5645607,2
1155902,30,10,11001108,3,151.7536504,8
1155915,12,1,11001170,4,28.0064083,3
1155918,810,10,11001183,3,37.0120278,4
1155948,807,12,11001180,3,36.2037597,8
1155950,807,12,11001180,3,35.8041166,4
1155957,37,14,11001162,3,24.4396877,4
1155958,37,14,11001162,3,10.7428822,6
1155968,806,11,11001179,3,23.4264086,3
1155971,806,11,11001179,4,38.5575728,15
1155976,811,5,11001184,1,27.6781315,8
1155977,811,5,11001184,0,35.2180853,4
1155978,811,5,11001184,,26.4183303,3
1155982,37,14,11001162,3,18.696881,3
1155987,811,5,11001184,1,23.3549325,6
1156016,51,4,11001145,2,42.0307396,6
1156029,51,4,11001145,2,31.8343395,15
1156054,51,4,11001145,2,27.4071716,3
1156071,51,4,11001145,2,30.4532621,2
1156082,12,1,11001170,1,23.0195471,3
1156100,32,4,11001157,2,38.6004729,2
1156116,9,1,11001194,3,34.5294533,12
1156117,73,10,11001127,3,56.4709738,6
1156143,102,14,11001138,3,19.6835814,2
1156152,30,10,11001108,3,91.0521902,8
1156187,13,1,11001144,4,75.6925883,3
1156189,96,3,11001146,2,15.0264969,3
1156195,96,3,11001146,,24.0841647,8
1156196,96,3,11001146,,18.4992455,2
1156213,810,10,11001183,4,38.9766391,4
1156224,96,3,11001146,2,12.9183168,4
1156233,96,3,11001146,2,20.1193154,4
1156235,96,3,11001146,1,18.6681384,6
1156239,96,3,11001146,2,24.7060736,3
1156248,114,9,11001150,3,19.129084,5
1156258,114,9,11001150,4,16.1790414,8
1156259,114,9,11001150,4,16.3854086,8
1156260,114,9,11001150,4,15.6495645,14
1156273,101,13,11001165,4,15.1909539,3
1156274,101,13,11001165,3,21.5393647,15
1156286,101,13,11001165,4,14.3755021,3
1156320,807,12,11001180,3,29.3324961,4
1156323,807,12,11001180,3,21.8127832,6
1156332,82,8,11001153,2,46.6415184,4
1156352,75,9,11001124,3,57.4326599,4
1156366,75,9,11001124,3,40.9470498,3
1156374,75,9,11001124,3,56.2960343,10
1156375,807,12,11001180,3,26.3308962,12
1156381,30,10,11001108,3,63.201717,6
1156393,812,5,11001185,,19.5821928,4
1156394,812,5,11001185,,29.79757,12
1156395,75,9,11001124,3,48.5366552,3
1156401,812,5,11001185,,21.9274007,3
1156403,812,5,11001185,,25.8523646,6
1156404,75,9,11001124,3,54.3413269,6
1156426,52,5,11001135,1,9.7727568,8
1156427,52,5,11001135,1,10.5150841,5
1156429,52,5,11001135,1,7.5403612,5
1156431,25,11,11001196,3,17.0688669,5
1156432,25,11,11001196,3,15.6499904,7
1156439,52,5,11001135,1,9.3330334,3
1156441,52,5,11001135,1,10.0566943,4
1156462,52,5,11001135,1,9.5154058,4
1156463,52,5,11001135,1,8.8243446,8
1156466,52,5,11001135,1,10.6602414,8
1156467,52,5,11001135,1,9.6417639,4
1156469,52,5,11001135,1,10.3657439,5
1156476,52,5,11001135,1,14.31031,3
1156478,52,5,11001135,1,15.5171329,8
1156479,52,5,11001135,1,15.5171329,4
1156480,52,5,11001135,1,14.714855,3
1156481,52,5,11001135,1,15.5171329,4
1156482,52,5,11001135,1,14.714855,3
1156483,52,5,11001135,1,15.5543342,3
1156503,27,11,11001164,3,87.8639606,8
1156504,27,11,11001164,3,110.5122495,3
1156507,27,11,11001164,3,66.5776836,3
1156513,76,9,11001125,2,8.2961527,5
1156515,76,9,11001125,2,8.2939706,10
1156542,98,12,11001142,3,26.3793795,8
1156609,41,16,11001151,3,25.6504517,2
1156610,41,16,11001151,3,28.3402675,6
1156631,57,5,11001129,2,36.9243335,3
1156692,57,5,11001129,2,56.0976239,5
1156702,96,3,11001146,2,16.0724651,3
1156707,98,12,11001142,3,15.7371704,8
1156709,98,12,11001142,3,13.409669,3
1156710,98,12,11001142,3,16.3734957,3
1156711,98,12,11001142,3,21.4356771,4
1156712,96,3,11001146,2,21.8737215,8
1156714,58,5,11001117,2,49.4248536,4
1156716,58,5,11001117,2,23.4186461,4
1156717,58,5,11001117,2,31.0277505,5
1156720,76,9,11001125,2,8.5164219,4
1156722,76,9,11001125,2,9.1309845,5
1156726,76,9,11001125,2,9.1309845,10
1156727,76,9,11001125,2,10.7668341,3
1156728,76,9,11001125,2,5.4208754,15
1156729,96,3,11001146,2,20.6539093,3
1156730,76,9,11001125,2,8.698367,6
1156731,76,9,11001125,2,8.9717684,5
1156736,110,9,11001115,3,21.3396893,8
1156740,96,3,11001146,1,20.7288238,21
1156742,27,11,11001164,2,79.3623796,3
1156746,27,11,11001164,2,110.7458791,4
1156753,89,2,11001160,2,6.9257471,5
1156757,76,9,11001125,2,6.5328242,12
1156758,76,9,11001125,2,7.6404089,3
1156765,76,9,11001125,2,13.6388794,10
1156767,27,11,11001164,2,80.3217819,4
1156771,71,11,11001166,2,137.6150443,12
1156777,32,4,11001157,2,42.1002904,6
1156781,76,9,11001125,2,13.5094436,3
1156785,27,11,11001164,2,99.1762095,4
1156786,71,11,11001166,2,150.2028066,10
1156797,32,4,11001157,2,33.5470824,18
1156799,32,4,11001157,2,44.5784865,4
1156815,27,11,11001164,2,49.8188657,8
1156824,809,16,11001182,3,13.7717018,4
1156825,809,16,11001182,3,5.451466,6
1156826,809,16,11001182,3,5.451466,8
1156828,809,16,11001182,3,15.098231,3
1156835,809,16,11001182,3,4.9063194,4
1156836,809,16,11001182,3,4.3611728,15
1156838,809,16,11001182,3,7.0044314,3
1156839,809,16,11001182,3,20.5884968,3
1156841,809,16,11001182,3,22.4954509,4
1156844,809,16,11001182,3,4.5670527,12
1156845,809,16,11001182,3,7.6916419,4
1156850,809,16,11001182,3,10.8013347,4
1156851,809,16,11001182,3,16.1174094,2
1156858,809,16,11001182,3,3.5682323,10
1156878,58,5,11001117,2,37.0479675,4
1156880,812,5,11001185,1,33.8092596,5
1156881,58,5,11001117,2,30.6075777,3
1156887,58,5,11001117,2,32.4426696,10
1156893,41,16,11001151,3,31.8346347,10
1156894,41,16,11001151,3,29.9417732,5
1156899,70,19,11001132,1,20.4704318,4
1156901,58,5,11001117,2,37.6362681,5
1156905,29,10,11001149,2,82.0874807,4
1156917,72,10,11001105,3,60.7606157,4
1156924,29,10,11001149,3,45.4359553,4
1156925,73,10,11001127,3,56.6214808,4
1156937,58,5,11001117,2,29.2222024,4
1156939,58,5,11001117,2,87.1266019,12
1156946,812,5,11001185,1,24.7826079,6
1156950,57,5,11001129,2,53.9771902,16
1156986,57,5,11001129,2,46.1455162,4
1156989,27,11,11001164,3,91.280975,3
1156996,65,19,11001104,2,43.6225627,3
1156997,65,19,11001104,3,39.7432126,8
1157016,75,9,11001124,3,50.3609843,2
1157032,75,9,11001124,3,63.3414762,2
1157035,94,17,11001134,2,10.8443052,6
1157070,12,1,11001170,3,20.5440631,10
1157079,14,1,11001193,6,32.5103595,15
1157083,41,16,11001151,3,44.4814347,15
1157090,41,16,11001151,3,44.1761353,3
1157093,28,11,11001122,2,99.5464441,8
1157094,28,11,11001122,2,143.0317157,8
1157096,28,11,11001122,2,140.2763183,5
1157100,28,11,11001122,2,122.7475478,10
1157101,41,16,11001151,3,21.1081888,6
1157102,41,16,11001151,3,16.7095856,6
1157103,41,16,11001151,3,16.5026234,4
1157106,95,3,11001139,3,4.9122763,5
1157112,812,5,11001185,1,26.1257537,5
1157114,812,5,11001185,1,25.0736878,5
1157133,41,16,11001151,3,31.9636361,3
1157136,58,5,11001117,2,49.0961259,6
1157137,58,5,11001117,2,27.9645981,3
1157161,38,15,11001156,3,30.4257708,3
1157167,38,15,11001156,3,32.0082953,3
1157176,35,15,11001113,3,11.4196749,8
1157178,35,15,11001113,3,9.9780699,3
1157191,69,19,11001131,1,62.623223,5
1157197,65,19,11001104,2,31.5881298,3
1157210,812,5,11001185,2,26.3144272,2
1157213,812,5,11001185,2,26.3057843,8
1157214,812,5,11001185,2,28.056927,3
1157215,812,5,11001185,2,25.5545897,2
1157219,75,9,11001124,3,66.1906335,6
1157222,812,5,11001185,2,24.7072713,8
1157226,38,15,11001156,3,29.30612,4
1157231,75,9,11001124,3,68.85112,4
1157242,38,15,11001156,3,29.84532,3
1157252,75,9,11001124,3,46.571446,3
1157257,75,9,11001124,3,68.14938,16
1157270,38,15,11001156,3,34.8533499,4
1157271,38,15,11001156,3,42.8605431,6
1157291,75,9,11001124,3,40.3684577,5
1157299,75,9,11001124,3,39.0045486,14
1157303,74,10,11001123,3,77.7327656,6
1157308,74,10,11001123,3,88.8728104,3
1157312,75,9,11001124,3,34.0057821,8
1157317,75,9,11001124,3,32.6139946,4
1157324,38,15,11001156,3,22.9745281,3
1157325,42,6,11001172,3,55.7170923,8
1157329,69,19,11001131,1,81.6831097,4
1157331,65,19,11001104,1,31.3313061,15
1157343,14,1,11001193,6,26.3623258,5
1157364,51,4,11001145,2,31.3234967,3
1157366,812,5,11001185,2,31.1330879,6
1157375,57,5,11001129,2,63.1285372,8
1157376,57,5,11001129,2,48.3826579,3
1157398,19,11,11001121,3,52.9739714,4
1157431,101,13,11001165,4,16.3099241,5
1157433,69,19,11001131,2,76.6441784,3
1157447,13,1,11001144,4,45.2112166,2
1157458,18,11,11001109,3,35.4883918,3
1157460,18,11,11001109,3,34.1358721,10
1157461,19,11,11001121,4,39.0810872,3
1157467,69,19,11001131,2,77.9441733,5
1157471,70,19,11001132,2,26.8010675,4
1157479,29,10,11001149,2,66.6882553,26
1157498,12,1,11001170,3,25.481952,4
1157515,30,10,11001108,3,57.1963907,4
1157531,96,3,11001146,2,12.0341789,12
1157535,72,10,11001105,3,33.2786092,5
1157558,39,18,11001155,3,57.0318304,18
1157563,39,18,11001155,3,43.4330915,5
1157604,33,4,11001163,2,16.7537354,36
1157609,101,13,11001165,4,14.5752063,2
1157613,57,5,11001129,2,41.0293605,15
1157614,57,5,11001129,2,43.7109952,8
1157616,101,13,11001165,4,19.086369,10
1157625,30,10,11001108,3,67.5190631,3
1157631,57,5,11001129,2,62.101794,4
1157635,57,5,11001129,2,48.8933393,4
1157641,57,5,11001129,2,58.8030594,10
1157647,95,3,11001139,2,6.2350832,3
1157648,57,5,11001129,2,32.5960633,3
1157660,114,9,11001150,3,14.5092377,3
1157672,27,11,11001164,2,90.3783842,4
1157681,95,3,11001139,2,5.8382826,4
1157682,39,18,11001155,3,32.3459964,10
1157696,12,1,11001170,3,30.5398805,4
1157714,19,11,11001121,3,38.8343482,3
1157736,28,11,11001122,2,126.8981613,12
1157741,28,11,11001122,3,104.1606845,3
1157752,28,11,11001122,2,75.9036422,4
1157758,28,11,11001122,3,107.3182208,2
1157788,804,1,11001177,3,16.0422393,6
1157804,58,5,11001117,2,59.4738168,4
1157806,69,19,11001131,1,163.4732319,3
1157808,57,5,11001129,2,60.1026184,4
1157813,815,19,11001188,1,16.4941261,8
1157821,813,9,11001186,3,9.4315017,3
1157824,71,11,11001166,2,77.3292178,15
1157834,67,19,11001147,1,80.5169509,8
1157857,89,2,11001160,2,6.5999133,12
1157869,76,9,11001125,2,9.4037374,4
1157880,815,19,11001188,1,25.1329159,8
1157885,815,19,11001188,1,38.2298708,3
1157886,815,19,11001188,1,21.1273471,8
1157890,67,19,11001147,1,85.0992164,8
1157895,67,19,11001147,1,71.4141901,6
1157896,89,2,11001160,2,6.1205053,27
1157907,67,19,11001147,1,100.065412,3
1157909,815,19,11001188,1,22.1914097,2
1157938,26,10,11001140,3,41.1273856,3
1157944,74,10,11001123,2,69.0310876,5
1157962,21,12,11001143,4,34.5212899,5
1157963,21,12,11001143,4,18.4751089,3
1157980,75,9,11001124,3,52.1739544,3
1157995,74,10,11001123,2,51.5207945,3
1158003,37,14,11001162,3,25.8790464,6
1158004,89,2,11001160,2,9.6192227,8
1158014,69,19,11001131,3,89.3006517,18
1158019,37,14,11001162,3,30.4046826,3
1158027,74,10,11001123,2,54.7705187,8
1158029,74,10,11001123,2,66.3174648,4
1158030,89,2,11001160,2,9.3496951,4
1158036,102,14,11001138,3,19.533856,3
1158075,73,10,11001127,2,62.4843822,3
1158091,109,13,11001116,4,5.5219672,4
1158104,19,11,11001121,3,40.2206722,6
1158107,14,1,11001193,4,36.9708822,8
1158110,19,11,11001121,3,61.478017,6
1158118,14,1,11001193,4,48.8398602,3
1158125,109,13,11001116,4,14.0571208,10
1158127,109,13,11001116,5,11.9605794,8
1158137,29,10,11001149,3,36.849411,3
1158139,29,10,11001149,3,56.1688326,3
1158141,29,10,11001149,3,52.5793287,3
1158142,89,2,11001160,2,8.0714605,18
1158143,89,2,11001160,2,7.8470775,4
1158194,75,9,11001124,3,56.1709726,21
1158220,92,3,11001137,2,6.5463715,4
1158225,75,9,11001124,3,76.2476831,4
1158234,57,5,11001129,2,26.8369889,5
1158237,95,3,11001139,2,6.2920132,8
1158238,95,3,11001139,2,5.7515084,6
1158240,95,3,11001139,2,7.0491271,10
1158244,92,3,11001137,2,6.8966861,8
1158264,67,19,11001147,1,59.3935638,5
1158266,62,6,11001171,2,35.4411438,4
1158267,62,6,11001171,2,17.4856224,3
1158269,62,6,11001171,2,18.7570522,6
1158273,67,19,11001147,1,63.1507112,4
1158276,42,6,11001172,2,64.4572034,4
1158296,92,3,11001137,2,10.1112956,15
1158309,815,19,11001188,1,23.6665797,4
1158326,815,19,11001188,1,24.3460836,10
1158329,815,19,11001188,1,17.3880656,4
1158331,815,19,11001188,1,42.1393017,6
1158342,812,5,11001185,2,22.6669967,2
1158343,812,5,11001185,2,27.5948643,4
1158346,112,9,11001130,4,23.1199906,3
1158350,812,5,11001185,2,24.4094964,3
1158358,78,8,11001168,2,8.1518504,4
1158361,812,5,11001185,2,26.6122021,6
1158362,812,5,11001185,2,31.6735569,40
1158367,57,5,11001129,2,94.2013855,14
1158369,57,5,11001129,2,55.1177848,21
1158376,114,9,11001150,4,18.9503021,6
1158379,114,9,11001150,3,11.5230766,4
1158381,114,9,11001150,3,11.2444002,3
1158383,114,9,11001150,3,14.4321646,3
1158384,114,9,11001150,3,17.7981211,5
1158388,114,9,11001150,3,11.2386472,4
1158403,114,9,11001150,4,17.6623882,4
1158410,51,4,11001145,2,54.3534393,2
1158414,75,9,11001124,3,48.8398687,4
1158418,75,9,11001124,3,79.5932315,6
1158434,67,19,11001147,1,68.6353714,4
1158435,67,19,11001147,1,73.1972281,4
1158445,67,19,11001147,1,44.3098792,6
1158446,67,19,11001147,1,73.7311404,8
1158475,73,10,11001127,3,60.3695509,3
1158476,44,8,11001102,2,67.5119007,15
1158500,95,3,11001139,2,9.9934839,10
1158526,95,3,11001139,2,7.4081781,8
1158553,812,5,11001185,2,24.8610595,8
1158562,42,6,11001172,2,51.4351739,3
1158569,42,6,11001172,2,144.4374087,10
1158570,42,6,11001172,2,77.7060094,5
1158591,75,9,11001124,3,70.033596,8
1158599,20,11,11001195,5,20.4745087,4
1158609,25,11,11001196,4,19.936005,3
1158618,37,14,11001162,3,23.2968833,6
1158624,812,5,11001185,2,24.7072713,4
1158626,812,5,11001185,2,24.4094964,3
1158628,810,10,11001183,3,29.5332011,10
1158630,812,5,11001185,2,28.7399576,6
1158631,812,5,11001185,2,22.6669967,2
1158640,78,8,11001168,2,17.4297779,10
1158645,78,8,11001168,2,15.7915508,4
1158657,92,3,11001137,3,8.1471932,4
1158665,80,8,11001118,1,10.4810613,5
1158669,810,10,11001183,3,26.4291336,3
1158673,80,8,11001118,2,21.1245016,2
1158699,75,9,11001124,3,70.9618187,3
1158716,810,10,11001183,3,27.8966021,2
1158726,92,3,11001137,3,8.0011208,8
1158753,75,9,11001124,3,62.8102873,8
1158777,112,9,11001130,4,23.5902156,3
1158780,810,10,11001183,3,59.4076973,2
1158793,25,11,11001196,3,18.9676376,8
1158795,25,11,11001196,3,17.1055181,4
1158815,13,1,11001144,4,55.9641896,4
1158819,14,1,11001193,5,24.6472548,4
1158837,14,1,11001193,5,19.9768247,5
1158857,58,5,11001117,2,65.6724762,4
1158858,58,5,11001117,2,44.9132934,6
1158861,76,9,11001125,2,15.9668391,2
1158863,76,9,11001125,2,19.5399464,3
1158869,57,5,11001129,2,60.9360932,4
1158881,809,16,11001182,3,11.9780004,6
1158882,57,5,11001129,2,29.9893222,4
1158885,75,9,11001124,3,93.8516504,12
1158891,24,11,11001152,5,33.167473,8
1158894,18,11,11001109,3,32.5610898,12
1158901,12,1,11001170,4,35.1134244,4
1158905,66,19,11001159,2,22.8698788,3
1158917,66,19,11001159,2,29.861156,12
1158931,57,5,11001129,1,57.5868703,4
1158937,57,5,11001129,2,28.7097756,4
1158938,57,5,11001129,2,57.2433621,10
1158952,57,5,11001129,1,42.49027,8
1158953,57,5,11001129,1,64.4463819,5
1158960,30,10,11001108,3,64.5645607,2
1158962,30,10,11001108,3,55.5678122,2
1158975,83,8,11001141,2,14.5045576,6
1158979,57,5,11001129,2,41.7513528,3
1158993,83,8,11001141,2,16.04917,4
1159000,40,16,11001114,3,38.6991285,4
1159021,40,16,11001114,3,66.5772618,3
1159025,40,16,11001114,3,66.1932519,3
1159048,40,16,11001114,3,60.7300934,2
1159078,40,16,11001114,3,39.0407743,2
1159120,41,16,11001151,3,52.3273368,3
1159127,83,8,11001141,2,17.2979386,3
1159147,,,25758100,3,12.7703641,8
1159149,,,25758100,3,12.7703641,8
1159152,,,25758100,3,12.2710094,3
1159154,,,25295100,2,6.98647,2
1159155,,,25295100,2,12.3917195,6
1159156,,,25295100,2,8.4195074,3
1159168,,,25295100,1,5.9875597,8
1159169,,,25290100,3,79.4996227,3
1159171,,,25290100,3,65.7117559,5
1159172,,,25290100,3,141.859147,4
1159178,,,25260100,2,9.6532865,14
1159179,,,25290100,2,50.776471,24
1159181,,,25898100,2,1.3028729,18
1159182,,,25260100,3,13.2120868,4
1159185,,,25740100,2,5.8043014,3
1159186,,,25740100,2,12.1388849,4
1159190,,,25740100,2,19.4104904,21
1159199,,,25295100,2,3.8784358,3
1159200,,,25295100,2,7.3397852,3
1159209,,,25295100,1,4.3116536,6
1159213,,,25295100,2,12.1386144,18
1159220,,,25295100,2,11.6850836,3
1159223,,,25295100,3,10.3471378,10
1159226,,,25295100,2,7.3467948,5
1159227,,,25295100,2,5.977306,4
1159229,,,25295100,2,8.9551308,15
1159231,,,25295100,2,11.3672394,10
1159232,,,25295100,2,7.9726577,5
1159234,,,25295100,2,8.021493,8
1159235,,,25295100,2,11.2093229,8
1159236,,,25295100,2,5.5799069,6
1159241,,,25295100,2,6.9832647,3
1159245,,,25295100,2,7.8032286,4
1159249,,,25295100,2,7.6739173,3
1159250,,,25295100,2,4.6599933,2
1159263,,,25295100,2,11.5267509,8
1159265,,,25295100,2,8.8589145,3
1159269,,,25295100,2,7.7627351,4
1159272,,,25295100,2,5.3747905,4
1159275,,,25295100,2,7.596263,8
1159284,,,25295100,2,5.0357974,4
1159285,,,25295100,2,11.0047362,10
1159286,,,25295100,2,6.4672492,8
1159291,,,25295100,2,5.6546832,2
1159296,,,25377100,2,5.7589252,2
1159300,,,25175200,2,9.3047298,4
1159309,,,25377200,2,4.9744829,5
1159311,,,25377200,2,11.3060998,4
1159312,,,25817100,2,26.538978,8
1159313,,,25817100,2,18.8467698,3
1159315,,,25817100,2,11.6023212,6
1159316,,,25286200,1,1.131677,18
1159317,,,25286200,2,1.131677,14
1159321,,,25377200,2,8.8846422,3
1159323,,,25377200,2,9.3692929,2
1159325,,,25286200,2,1.131677,10
1159326,,,25286200,2,1.131677,5
1159327,,,25286100,3,47.5967507,3
1159333,,,25286100,3,56.2355182,5
1159335,,,25286100,3,44.1780577,4
1159342,,,25260100,2,10.6378238,3
1159344,,,25126100,3,35.5883513,3
1159346,,,25126100,2,44.1604986,4
1159349,,,25126100,2,45.6828713,4
1159353,,,25260100,2,12.8507181,8
1159356,,,25126100,2,31.6994829,3
1159370,,,25295100,1,6.3682769,3
1159375,,,25295100,1,6.3682769,3
1159376,,,25286100,2,56.55483,3
1159377,,,25286100,2,82.9679889,8
1159379,,,25269100,3,52.8567349,8
1159383,,,25286100,3,51.5410673,4
1159385,,,25286100,3,25.3340165,10
1159388,,,25286100,3,53.0991664,3
1159389,,,25286100,2,60.255086,4
1159391,,,25286100,3,51.5410673,4
1159408,,,25799100,2,7.4022132,4
1159410,,,25799100,2,8.8448927,4
1159423,,,25175100,2,55.030757,2
1159426,,,25175100,2,87.7648365,10
1159428,,,25377100,2,7.9039697,3
1159431,,,25377100,2,14.2302224,2
1159438,,,25175100,3,106.6045765,4
1159442,,,25269100,4,55.0554989,8
1159445,,,25175100,3,65.1784128,2
1159464,,,25269100,1,76.193519,8
1159466,,,25473200,2,1.1996481,4
1159468,,,25473200,2,1.1996481,4
1159472,,,25473200,2,1.1996481,7
1159474,,,25473200,1,1.4395777,4
1159477,,,25473200,2,1.308707,6
1159482,,,25473200,2,1.308707,4
1159484,,,25473200,1,1.4395777,3
1159490,,,25473200,2,1.1996481,3
1159495,,,25295100,3,11.2713302,8
1159496,,,25295100,2,11.2713302,8
1159497,,,25295100,2,5.6881368,5
1159508,,,25430100,2,68.5899202,8
1159510,,,25473200,2,1.4395777,3
1159511,,,25473200,2,1.4395777,6
1159512,,,25473200,2,1.4395777,3
1159516,,,25473200,2,1.4395777,15
1159517,,,25473200,2,1.4395777,3
1159520,,,25473200,2,1.4395777,12
1159523,,,25473200,2,1.4395777,5
1159524,,,25473200,2,1.4395777,4
1159526,,,25473200,2,1.4395777,15
1159527,,,25473200,2,1.4395777,4
1159534,,,25473200,2,1.7994722,12
1159537,,,25473200,2,1.7994722,3
1159539,,,25817100,3,18.690714,8
1159546,,,25817100,4,14.2335479,3
1159557,,,25817100,3,14.1427895,6
1159561,,,25817100,4,16.8216426,8
1159562,,,25430100,2,80.945857,3
1159571,,,25769100,3,6.8923878,4
1159572,,,25769100,3,6.4790383,4
1159575,,,25769100,2,4.0429798,2
1159576,,,25769100,2,3.4848745,2
1159586,,,25099100,2,4.4865255,3
1159590,,,25769100,2,4.0633667,3
1159595,,,25295100,2,9.3081613,5
1159597,,,25295100,2,3.2817534,4
1159606,,,25377100,2,15.3467754,5
1159608,,,25377100,3,12.9152042,4
1159609,,,25769100,3,5.1674312,10
1159610,,,25769100,3,4.1035132,3
1159612,,,25769100,3,5.8385384,15
1159614,,,25769100,3,4.7193195,2
1159619,,,25295100,2,8.5720902,5
1159624,,,25295100,2,12.4548032,8
1159690,,,25377100,4,10.1246549,4
1159705,,,25769100,2,3.2037544,6
1159708,,,25769100,2,4.2305954,16
1159725,,,25295100,2,7.6547265,3
1159726,,,25295100,2,10.1441972,8
1159728,,,25295100,2,11.0047362,10
1159729,,,25295100,2,5.0058797,2
1159734,,,25295100,2,4.2662794,3
1159735,,,25295100,2,4.6159744,4
1159739,,,25295100,2,9.0407983,4
1159740,,,25295100,2,4.6159744,8
1159742,,,25295100,2,8.8589145,3
1159747,,,25099100,2,9.4481735,4
1159766,,,25758100,2,10.7632022,3
1159775,,,25295100,3,8.523994,15
1159777,,,25295100,2,7.6829821,4
1159784,,,25099100,2,6.3506794,4
1159785,,,25295100,2,10.3273165,8
1159786,,,25295100,2,5.3571037,6
1159787,,,25295100,2,6.8145496,3
1159788,,,25295100,2,7.3510881,2
1159792,,,25099100,2,7.0628546,8
1159797,,,25758100,2,11.631007,4
1159798,,,25817100,3,24.7697128,8
1159802,,,25377200,2,11.8461897,3
1159806,,,25377200,2,12.4489763,2
1159807,,,25817100,2,19.1080642,4
1159809,,,25817100,2,11.0548446,2
1159812,,,25099100,2,6.9648272,8
1159816,,,25099100,2,3.4750244,6
1159817,,,25099100,2,4.1301888,6
1159818,,,25099100,2,4.7585867,3
1159819,,,25099100,2,5.9410213,10
1159822,,,25099100,2,6.0893411,14
1159823,,,25099100,2,6.528825,18
1159831,,,25758100,2,12.2710094,3
1159834,,,25099100,2,5.5539147,4
1159835,,,25099100,2,8.6400331,3
1159837,,,25099100,2,6.494674,4
1159842,,,25758100,2,7.2989788,6
1159843,,,25758100,2,8.6707315,12
1159845,,,25126100,2,27.8493758,4
1159847,,,25126100,2,15.762687,4
1159848,,,25295100,2,7.759183,3
1159849,,,25295100,2,7.8899311,8
1159851,,,25295100,2,7.4434406,3
1159852,,,25295100,2,9.069175,3
1159862,,,25295100,2,9.0070891,10
1159863,,,25295100,2,3.7064278,2
1159865,,,25295100,2,5.8484176,3
1159867,,,25295100,2,3.0473424,3
1159868,,,25295100,2,7.7617618,7
1159871,,,25295100,2,3.0473424,4
1159875,,,25295100,2,7.4895768,3
1159884,,,25295100,2,7.1660149,10
1159917,,,25099100,2,6.4395889,4
1159925,,,25099100,2,2.8147698,4
1159951,,,25099100,2,8.3419866,4
1159952,,,25099100,2,6.9614787,4
1159954,,,25099100,2,5.3487726,3
1159955,,,25099100,2,5.9155288,3
1159959,,,25099100,2,6.832087,4
1159977,,,25817100,2,31.8467736,4
1159992,,,25754100,2,317.8886094,8
1159995,,,25377100,2,8.9391067,6
1160000,,,25754100,2,391.8079359,3
1160004,,,25754100,3,357.5719429,15
1160005,,,25754100,3,260.7652599,5
1160007,,,25430100,3,44.4819043,5
1160008,,,25377100,2,7.792954,8
1160020,,,25377100,2,10.1550289,8
1160021,,,25377100,2,7.9106115,2
1160031,,,25430100,3,51.3561734,5
1160033,,,25898100,2,2.0052376,15
1160038,,,25377100,2,8.7562605,2
1160040,,,25754100,3,393.1857509,8
1160042,,,25754100,3,388.1876786,3
1160048,,,25754100,2,450.5696681,10
1160066,,,25175100,2,50.1318468,2
1160069,,,25175100,2,30.9674306,5
1160073,,,25175100,2,62.6188675,2
1160078,94,17,11001134,3,8.7365979,4
1160080,26,10,11001140,3,47.5407527,6
1160082,100,13,11001126,3,13.7934292,4
1160087,34,4,11001101,2,19.9955131,3
1160094,52,5,11001135,1,8.9229518,4
1160108,18,11,11001109,3,34.2213117,3
1160109,18,11,11001109,3,28.9617472,8
1160124,62,6,11001171,2,21.0949493,15
1160125,62,6,11001171,2,17.4856224,3
1160175,34,4,11001101,2,31.9332228,2
1160176,98,12,11001142,4,22.9311255,3
1160194,52,5,11001135,1,9.1317402,8
1160203,52,5,11001135,1,8.6206294,4
1160207,52,5,11001135,1,9.6136811,3
1160210,52,5,11001135,1,8.3565843,3
1160217,52,5,11001135,1,9.2635918,6
1160230,52,5,11001135,1,9.6527001,4
1160233,52,5,11001135,1,10.0750587,4
1160237,52,5,11001135,1,11.9691594,3
1160238,89,2,11001160,2,6.2243698,7
1160240,52,5,11001135,1,11.6378497,4
1160241,52,5,11001135,1,9.9755617,4
1160244,73,10,11001127,3,74.9750874,3
1160249,34,4,11001101,2,22.449891,8
1160251,34,4,11001101,2,36.6980589,8
1160271,52,5,11001135,1,6.7723382,3
1160287,19,11,11001121,3,37.8830841,4
1160292,19,11,11001121,3,62.3368164,24
1160293,19,11,11001121,5,42.6815391,5
1160305,29,10,11001149,3,48.7380008,5
1160307,29,10,11001149,1,41.9126838,8
1160309,74,10,11001123,2,85.0027296,6
1160316,74,10,11001123,2,55.6296576,3
1160324,815,19,11001188,1,18.8556096,4
1160326,29,10,11001149,3,54.1849731,14
1160330,67,19,11001147,1,97.8174664,3
1160331,29,10,11001149,2,58.0095571,6
1160345,27,11,11001164,3,80.0369668,5
1160346,36,18,11001192,3,26.0141893,4
1160348,29,10,11001149,2,63.3110601,3
1160350,29,10,11001149,2,50.1777222,4
1160378,67,19,11001147,1,51.3113737,2
1160382,89,2,11001160,2,6.6808445,4
1160399,95,3,11001139,1,6.7966916,6
1160401,73,10,11001127,3,94.4326855,4
1160407,94,17,11001134,2,13.8062392,9
1160409,802,8,11001175,2,76.9450482,2
1160411,12,1,11001170,4,34.7959091,8
1160417,815,19,11001188,1,18.3548189,3
1160423,73,10,11001127,3,83.5443587,3
1160428,94,17,11001134,2,4.6020797,5
1160432,802,8,11001175,3,108.8020079,10
1160434,94,17,11001134,2,5.6247786,3
1160443,36,18,11001192,3,20.3122579,6
1160444,41,16,11001151,3,26.7296135,10
1160458,58,5,11001117,2,87.7820265,6
1160469,30,10,11001108,3,53.7172552,3
1160471,30,10,11001108,3,55.2428698,3
1160472,30,10,11001108,3,66.4422499,5
1160475,30,10,11001108,3,68.2742332,2
1160484,34,4,11001101,2,39.7648716,21
1160488,34,4,11001101,2,31.874058,4
1160494,34,4,11001101,2,22.2265523,5
1160501,58,5,11001117,2,21.5576311,3
1160504,36,18,11001192,2,23.7928743,5
1160505,57,5,11001129,1,58.5025279,6
1160506,57,5,11001129,2,53.6915278,3
1160507,57,5,11001129,2,30.3641887,21
1160514,76,9,11001125,2,16.0680304,10
1160518,76,9,11001125,2,19.9773681,7
1160522,58,5,11001117,2,52.4202993,4
1160551,807,12,11001180,4,30.8479429,3
1160553,52,5,11001135,1,8.3684297,12
1160563,810,10,11001183,4,99.3611009,4
1160567,812,5,11001185,1,23.5025913,21
1160569,812,5,11001185,1,20.5683942,4
1160572,65,19,11001104,2,33.7467005,3
1160577,811,5,11001184,2,25.0727343,18
1160579,65,19,11001104,2,12.1453881,7
1160591,812,5,11001185,1,28.8495274,21
1160603,66,19,11001159,2,19.9691786,8
1160608,67,19,11001147,1,72.9102985,12
1160609,58,5,11001117,1,39.2769007,3
1160611,114,9,11001150,3,25.6941595,24
1160621,67,19,11001147,1,79.4881615,10
1160631,812,5,11001185,2,26.0202125,8
1160650,11,1,11001158,3,42.1314607,6
1160673,66,19,11001159,2,34.9245067,5
1160691,21,12,11001143,3,8.9433454,4
1160706,21,12,11001143,3,24.4764094,4
1160707,21,12,11001143,3,17.4825472,5
1160728,34,4,11001101,2,40.0865908,8
1160729,34,4,11001101,2,27.2700274,8
1160734,34,4,11001101,3,30.1784155,7
1160751,65,19,11001104,2,64.4473662,6
1160752,66,19,11001159,2,25.1743117,3
1160764,95,3,11001139,2,8.0508566,12
1160766,809,16,11001182,3,3.7740919,8
1160767,809,16,11001182,3,3.7740919,4
1160772,809,16,11001182,3,9.5118855,3
1160773,809,16,11001182,3,3.4344236,4
1160774,809,16,11001182,3,3.4344236,6
1160782,809,16,11001182,3,6.0094699,8
1160783,809,16,11001182,3,6.4134895,8
1160786,809,16,11001182,3,12.5197289,4
1160790,809,16,11001182,3,14.4266829,10
1160791,809,16,11001182,3,7.0090278,4
1160803,95,3,11001139,2,12.6816494,4
1160810,32,4,11001157,1,51.9662897,5
1160812,32,4,11001157,2,42.5531711,4
1160849,80,8,11001118,1,31.2876222,3
1160850,80,8,11001118,2,28.74254,4
1160858,73,10,11001127,3,121.1852235,6
1160862,73,10,11001127,3,80.9848206,3
1160867,36,18,11001192,3,22.4711711,3
1160874,29,10,11001149,3,74.9235063,3
1160875,29,10,11001149,3,80.8173356,6
1160876,29,10,11001149,3,88.8397828,8
1160896,38,15,11001156,3,33.0286422,4
1160901,116,10,11001197,3,7.9617619,5
1160905,76,9,11001125,2,19.8362748,4
1160943,81,8,11001128,2,53.7797939,16
1160947,81,8,11001128,2,18.968745,18
1160957,81,8,11001128,2,24.5331608,3
1160959,89,2,11001160,2,5.4933007,4
1160961,33,4,11001163,3,19.3631534,3
1160962,73,10,11001127,3,93.9874035,6
1160967,89,2,11001160,2,6.452401,10
1160978,76,9,11001125,2,14.8145584,10
1160988,54,18,11001148,2,22.4291115,6
1160990,76,9,11001125,2,8.9545917,3
1160995,74,10,11001123,2,109.3556252,32
1160996,74,10,11001123,2,84.9718501,3
1161001,67,19,11001147,2,111.7798896,3
1161006,76,9,11001125,2,15.5271656,4
1161013,74,10,11001123,2,49.6904818,10
1161017,55,18,11001119,1,28.7926993,4
1161019,55,18,11001119,1,29.9996826,4
1161020,74,10,11001123,2,98.1122709,3
1161033,34,4,11001101,2,26.89153,3
1161038,55,18,11001119,1,48.4311627,8
1161040,55,18,11001119,1,34.0333901,5
1161041,81,8,11001128,2,26.4284262,3
1161051,62,6,11001171,2,12.6181153,3
1161057,62,6,11001171,2,13.5943144,2
1161061,71,11,11001166,2,111.8132432,5
1161077,62,6,11001171,2,17.8742086,3
1161090,81,8,11001128,2,21.4843579,2
1161094,81,8,11001128,2,34.22578,8
1161099,95,3,11001139,2,6.0963073,3
1161107,32,4,11001157,2,29.7125385,2
1161127,81,8,11001128,2,20.0810212,3
1161138,62,6,11001171,2,12.743088,10
1161141,71,11,11001166,2,99.6864039,4
1161142,62,6,11001171,2,29.0513416,32
1161143,62,6,11001171,2,29.3161025,3
1161146,62,6,11001171,2,33.6573819,4
1161147,62,6,11001171,2,32.1365104,10
1161150,62,6,11001171,2,13.5426029,2
1161162,42,6,11001172,3,50.5337279,2
1161174,80,8,11001118,2,32.9089673,12
1161178,80,8,11001118,2,28.7781006,4
1161180,42,6,11001172,3,71.5335126,6
1161181,80,8,11001118,2,23.7849016,3
1161183,80,8,11001118,2,21.3862456,2
1161185,80,8,11001118,2,16.6613341,6
1161206,30,10,11001108,3,59.7752945,4
1161208,30,10,11001108,3,51.1304223,2
1161215,14,1,11001193,5,26.6190352,8
1161223,32,4,11001157,2,27.3927721,2
1161224,32,4,11001157,2,26.3126178,3
1161225,32,4,11001157,2,85.0230978,4
1161239,14,1,11001193,4,14.1405835,3
1161244,14,1,11001193,3,22.8285133,3
1161270,29,10,11001149,3,60.362498,3
1161277,76,9,11001125,2,9.1309845,10
1161278,94,17,11001134,3,5.9969678,2
1161302,29,10,11001149,3,53.9892382,3
1161306,808,13,11001181,4,21.1338876,4
1161308,80,8,11001118,2,28.15886,3
1161313,36,18,11001192,2,23.4742473,5
1161322,94,17,11001134,2,12.0250079,6
1161323,94,17,11001134,2,8.083611,2
1161330,808,13,11001181,4,16.8924934,7
1161340,42,6,11001172,3,69.6561143,3
1161344,114,9,11001150,4,16.929619,3
1161369,815,19,11001188,1,14.0006465,5
1161373,815,19,11001188,1,25.2139377,6
1161385,42,6,11001172,3,39.7050719,2
1161388,42,6,11001172,3,60.4135198,4
1161395,42,6,11001172,3,87.5073666,6
1161416,51,4,11001145,2,45.3849504,8
1161426,28,11,11001122,2,99.0209386,4
1161451,51,4,11001145,2,19.8070262,4
1161459,42,6,11001172,3,43.5220702,3
1161461,42,6,11001172,2,57.2429203,2
1161466,42,6,11001172,2,75.5839618,8
1161467,95,3,11001139,2,11.496969,8
1161480,76,9,11001125,2,8.5331968,8
1161481,76,9,11001125,2,6.5138672,4
1161483,76,9,11001125,2,9.4889209,8
1161485,76,9,11001125,2,10.828546,4
1161489,95,3,11001139,1,9.6054724,6
1161491,62,6,11001171,2,14.0201281,3
1161504,114,9,11001150,4,18.2375958,4
1161507,114,9,11001150,4,18.7404287,10
1161516,58,5,11001117,1,55.2564159,4
1161537,42,6,11001172,2,69.6561143,3
1161549,35,15,11001113,3,13.7892457,4
1161556,79,8,11001110,3,65.3485134,8
1161573,42,6,11001172,2,83.9821798,8
1161578,42,6,11001172,3,46.3225839,2
1161598,74,10,11001123,2,50.2666298,3
1161603,74,10,11001123,2,49.6904818,5
1161604,74,10,11001123,2,45.4649452,4
1161644,809,16,11001182,3,4.3611728,18
1161646,809,16,11001182,3,5.451466,10
1161649,809,16,11001182,3,7.1550492,10
1161651,809,16,11001182,3,7.7827015,6
1161654,809,16,11001182,3,8.595214,2
1161656,35,15,11001113,3,10.5272476,3
1161659,73,10,11001127,2,71.7724026,4
1161688,35,15,11001113,3,13.7892457,8
1161690,35,15,11001113,3,13.281687,3
1161708,73,10,11001127,2,64.2292276,3
1161709,73,10,11001127,2,61.5367188,8
1161710,73,10,11001127,2,55.7534657,3
1161713,74,10,11001123,2,66.8329294,4
1161718,94,17,11001134,2,27.6124783,5
1161729,76,9,11001125,3,12.5320329,3
1161772,62,6,11001171,2,18.3738185,3
1161779,76,9,11001125,2,16.2817209,4
1161783,112,9,11001130,4,20.5466511,5
1161786,112,9,11001130,4,18.2553178,4
1161796,83,8,11001141,2,13.4393511,2
1161841,809,16,11001182,3,16.496664,4
1161850,809,16,11001182,3,6.3842686,2
1161852,809,16,11001182,3,10.5795675,5
1161854,809,16,11001182,3,5.451466,5
1161879,813,9,11001186,3,8.2373611,4
1161881,810,10,11001183,3,54.5578693,5
1161884,13,1,11001144,4,70.7268546,8
1161898,67,19,11001147,2,75.558429,8
1161923,51,4,11001145,2,25.0968895,10
1161931,102,14,11001138,3,32.8343995,6
1161934,51,4,11001145,2,40.4107402,5
1161935,51,4,11001145,2,37.0367441,10
1161938,51,4,11001145,2,22.9012334,10
1161940,51,4,11001145,1,20.4680637,10
1161942,51,4,11001145,1,24.5209011,18
1161950,51,4,11001145,2,23.6199736,3
1161959,102,14,11001138,2,22.1762566,4
1161961,102,14,11001138,2,14.3149834,14
1161963,102,14,11001138,2,17.4138094,15
1161967,30,10,11001108,3,64.438939,3
1161980,81,8,11001128,2,32.9111665,4
1161989,102,14,11001138,2,14.360225,4
1162003,51,4,11001145,1,30.8050329,6
1162007,50,4,11001136,2,76.6397143,4
1162009,81,8,11001128,2,21.2662316,6
1162010,50,4,11001136,2,69.6820507,18
1162012,51,4,11001145,2,53.875084,10
1162021,51,4,11001145,2,34.5768241,6
1162022,51,4,11001145,2,29.8581387,10
1162023,51,4,11001145,2,34.5524815,6
1162026,51,4,11001145,2,28.4413115,12
1162028,51,4,11001145,1,32.9008686,10
1162029,51,4,11001145,2,29.8976601,8
1162030,51,4,11001145,2,24.0564592,8
1162045,812,5,11001185,2,25.5150466,2
1162048,80,8,11001118,2,22.5837122,20
1162089,51,4,11001145,2,31.5259783,6
1162093,812,5,11001185,1,18.0966552,6
1162096,12,1,11001170,3,26.2807045,2
1162100,76,9,11001125,3,10.9708606,10
1162106,92,3,11001137,2,5.888179,2
1162107,807,12,11001180,3,20.9662275,8
1162138,81,8,11001128,2,24.5829466,4
1162147,81,8,11001128,2,24.9956424,4
1162194,812,5,11001185,2,21.5836871,3
1162236,812,5,11001185,2,35.0445219,10
1162239,74,10,11001123,2,48.0530102,6
1162240,74,10,11001123,2,47.5341702,3
1162243,74,10,11001123,2,69.3539042,5
1162253,74,10,11001123,2,32.8058668,4
1162256,74,10,11001123,2,74.1728768,3
1162263,74,10,11001123,2,52.2133931,8
1162302,812,5,11001185,2,25.5545897,2
1162308,812,5,11001185,2,23.2595047,7
1162310,18,11,11001109,4,43.5679157,4
1162313,812,5,11001185,2,31.9557768,4
1162334,25,11,11001196,4,24.568983,3
1162336,100,13,11001126,3,17.1804818,3
1162337,100,13,11001126,3,23.7833635,4
1162338,812,5,11001185,2,30.9918213,10
1162342,812,5,11001185,2,28.3348506,5
1162353,812,5,11001185,2,34.713661,8
1162365,812,5,11001185,2,30.3300993,3
1162384,37,14,11001162,3,8.6815603,3
1162395,37,14,11001162,3,19.6170967,2
1162406,,,25377100,2,9.7832514,4
1162408,,,25377100,2,8.6338884,3
1162425,,,25769100,3,4.2481384,4
1162426,,,25769100,2,7.044495,4
1162428,,,25769100,2,7.044495,8
1162429,,,25769100,2,7.1966022,4
1162431,,,25769100,3,3.9082138,2
1162433,,,25769100,2,5.1941235,3
1162456,,,25295100,1,5.5620885,2
1162472,,,25295100,2,6.7013115,2
1162475,,,25377200,2,12.4489763,2
1162477,,,25377200,2,12.4923905,2
1162478,,,25377200,2,12.4489763,2
1162483,,,25295100,2,12.6031306,5
1162485,,,25295100,2,12.7839194,4
1162489,,,25377100,2,7.8174749,2
1162490,,,25377100,2,10.4549864,3
1162494,,,25377100,2,7.5693334,6
1162495,,,25377100,2,9.4385224,6
1162501,,,25377100,2,9.2323797,2
1162502,,,25295100,2,15.2627156,3
1162526,,,25126100,6,30.6968543,4
1162527,,,25126100,6,23.8609158,8
1162528,,,25126100,3,14.7590273,6
1162532,,,25126100,6,30.6968543,8
1162533,,,25126100,6,28.1400112,4
1162534,,,25758100,3,14.0983811,3
1162535,,,25758100,3,13.2963549,3
1162536,,,25758100,3,11.3642575,4
1162537,,,25758100,3,13.2614411,4
1162539,,,25758100,3,13.2614411,8
1162543,,,25758100,3,15.0846249,12
1162545,,,25295100,2,7.6047529,4
1162547,,,25758100,3,7.6482103,8
1162549,,,25758100,3,12.1662837,4
1162551,,,25758100,3,12.0753714,3
1162552,,,25758100,3,13.7253673,8
1162553,,,25758100,3,14.0983811,3
1162555,,,25758100,3,12.9233411,8
1162556,,,25758100,3,12.9233411,4
1162558,,,25758100,3,14.0983811,3
1162559,,,25758100,3,13.7253673,4
1162561,,,25758100,3,10.0420738,2
1162562,,,25758100,3,14.1892935,8
1162565,,,25758100,3,8.4480764,6
1162568,,,25295100,2,9.0452277,2
1162574,,,25295100,2,6.4958287,3
1162580,,,25295100,2,7.3135162,4
1162581,,,25295100,2,10.8366315,4
1162601,,,25377200,3,8.2923328,3
1162608,,,25175200,3,10.5506106,3
1162615,,,25175200,3,12.2408985,8
1162617,,,25295100,2,8.3558893,4
1162618,,,25295100,2,8.7506001,6
1162625,,,25295100,2,9.0374054,8
1162628,,,25295100,2,9.0374054,4
1162632,,,25769100,2,4.2386481,2
1162635,,,25769100,2,5.8030897,3
1162636,,,25769100,2,5.0565882,8
1162640,,,25769100,2,4.0401284,6
1162641,,,25769100,2,3.5651448,6
1162649,,,25769100,3,6.7491848,10
1162652,,,25295100,2,7.6047529,8
1162653,,,25295100,2,9.0714075,5
1162654,,,25295100,2,6.4013987,4
1162656,,,25769100,3,6.9308225,2
1162659,,,25769100,3,4.6405468,3
1162663,,,25769100,3,6.8094507,3
1162664,,,25769100,3,6.2806029,3
1162665,,,25769100,3,5.1166122,2
1162669,,,25290100,3,86.5110565,12
1162674,,,25175200,2,11.9140139,8
1162675,,,25175200,2,10.9091642,5
1162676,,,25175200,2,10.0260122,3
1162679,,,25769100,3,5.7188561,5
1162693,,,25175200,2,11.9140139,4
1162694,,,25175200,2,11.7066651,6
1162710,,,25175200,3,10.9003779,3
1162713,,,25175200,2,11.7894118,3
1162719,,,25377100,2,9.6704414,4
1162743,,,25295100,2,11.1756715,15
1162745,,,25295100,3,7.0678595,8
1162755,,,25175200,2,11.6056716,3
1162756,,,25175200,2,12.8368637,4
1162757,,,25175200,3,10.5891694,8
1162760,,,25175200,2,10.540805,6
1162764,,,25295100,2,5.6012049,3
1162766,,,25758200,4,3.0218179,3
1162771,,,25377100,2,6.6255448,2
1162773,,,25758200,1,4.1736764,3
1162814,,,25377100,2,12.1139321,10
1162815,,,25377100,2,12.1139321,15
1162837,,,25377100,2,8.4778205,3
1162848,,,25430100,2,44.246224,3
1162852,,,25758100,2,12.3651492,5
1162853,,,25758100,3,14.1463839,12
1162864,,,25758100,3,11.3642575,4
1162875,,,25430100,3,49.9852386,5
1162877,,,25799100,2,6.9733684,8
1162883,,,25175100,2,72.7991732,3
1162886,,,25175100,2,67.6049111,4
1162887,,,25175100,2,61.9875609,8
1162888,,,25175100,2,58.7136784,3
1162902,,,25817100,3,6.7516412,3
1162904,,,25785100,2,3.7490128,5
1162905,,,25817100,3,18.2481383,3
1162912,,,25785100,2,3.2167818,3
1162916,,,25785100,3,4.6154723,7
1162917,,,25126100,2,42.1466348,7
1162918,,,25785100,3,3.7580448,2
1162919,,,25817100,2,10.948883,3
1162926,,,25785100,2,2.7979356,3
1162930,,,25785100,2,3.4054897,4
1162937,,,25377200,2,7.8399922,4
1162938,,,25377200,2,7.252789,3
1162940,,,25377200,2,6.7700585,4
1162944,,,25377100,2,11.3018486,8
1162948,,,25377200,2,7.0663092,2
1162950,,,25377200,2,11.4108103,6
1162951,,,25377100,2,15.771223,7
1162952,,,25377200,2,8.7142834,2
1162953,,,25377100,2,9.442774,5
1162956,,,25377100,2,9.3225612,5
1162961,,,25377100,2,8.3220194,3
1162965,,,25377100,2,9.9564785,4
1162966,,,25377100,2,11.7248939,10
1162975,,,25377100,2,10.9025389,15
1162987,,,25377100,2,7.312564,3
1162994,,,25377200,2,6.4663672,4
1162995,,,25377200,2,10.6131396,4
1163002,,,25377100,2,8.0133804,4
1163007,,,25377100,2,7.675339,2
1163009,,,25377200,2,10.7692633,3
1163013,,,25377200,2,7.3135129,4
1163056,,,25175100,2,67.6049111,8
1163059,,,25175100,2,68.4965342,10
1163063,,,25377200,2,6.2762651,2
1163065,,,25377200,2,8.2619429,3
1163073,,,25377100,2,5.095026,28
1163077,,,25377100,2,6.6255448,2
1163108,,,25175100,3,76.9772993,3
1163109,,,25175100,3,63.9620511,4
1163112,,,25817100,2,20.7094434,4
1163113,,,25817100,2,14.4462949,4
1163114,,,25817100,2,18.5772846,4
1163116,,,25175100,3,50.5740529,3
1163120,,,25817100,2,5.5167529,2
1163124,,,25817100,2,13.3872936,3
1163128,,,25799100,3,6.8272264,4
1163134,,,25817100,3,20.4799782,15
1163136,,,25817100,2,8.3629885,3
1163137,,,25817100,2,8.377239,6
1163138,,,25817100,2,7.7383912,2
1163139,,,25817100,2,6.1750725,3
1163140,,,25817100,2,4.5218982,3
1163146,,,25817100,2,9.6264335,5
1163148,,,25817100,3,19.5679101,4
1163152,,,25817100,3,15.0465146,10
1163154,,,25817100,3,11.8711431,8
1163156,,,25817100,3,22.527976,8
1163158,,,25817100,3,21.4110305,5
1163160,,,25817100,2,8.9099574,3
1163161,,,25817100,2,11.4483655,8
1163165,,,25286200,1,1.131677,3
1163168,,,25286200,1,1.131677,3
1163177,,,25286200,9,1.131677,3
1163180,,,25286200,2,1.131677,3
1163181,,,25286200,2,1.131677,8
1163182,,,25286200,9,1.131677,10
1163183,,,25286200,2,1.131677,3
1163203,,,25899100,2,60.8993022,8
1163207,,,25899100,2,44.52908,3
1163227,,,25175100,3,66.366109,18
1163229,,,25126100,3,38.0056291,8
1163231,,,25175200,2,7.6687075,5
1163241,,,25214100,3,19.029991,4
1163244,52,5,11001135,1,7.9521351,6
1163245,52,5,11001135,1,8.2967,10
1163246,52,5,11001135,1,7.5485644,3
1163248,52,5,11001135,1,7.7208468,4
1163252,52,5,11001135,1,7.1421495,4
1163253,52,5,11001135,1,7.7208468,8
1163257,52,5,11001135,,8.1438953,3
1163274,85,7,11001106,2,106.1800031,14
1163284,82,8,11001153,2,47.1321535,10
1163289,82,8,11001153,2,22.752261,8
1163291,36,18,11001192,3,36.7955671,4
1163300,55,18,11001119,2,32.2521813,5
1163305,66,19,11001159,2,35.0595411,8
1163306,66,19,11001159,2,26.7767297,14
1163307,67,19,11001147,1,111.6683064,10
1163308,66,19,11001159,2,35.1325317,3
1163309,66,19,11001159,2,29.0361171,8
1163310,66,19,11001159,2,26.432511,3
1163316,86,7,11001120,2,61.1757189,4
1163325,35,15,11001113,3,9.0709489,3
1163327,73,10,11001127,3,51.7501127,2
1163328,73,10,11001127,3,56.6893744,3
1163330,73,10,11001127,3,62.9640481,8
1163335,81,8,11001128,2,18.803913,3
1163336,81,8,11001128,2,15.5903277,8
1163337,81,8,11001128,2,30.6925097,7
1163338,81,8,11001128,2,30.5502296,4
1163340,811,5,11001184,2,35.5062373,4
1163341,81,8,11001128,2,25.5790663,3
1163342,57,5,11001129,2,65.916974,6
1163343,57,5,11001129,2,67.6053153,5
1163352,39,18,11001155,3,35.4491839,4
1163357,39,18,11001155,3,31.9475996,4
1163358,39,18,11001155,3,31.9475996,4
1163359,39,18,11001155,3,28.682601,8
1163567,35,15,11001113,2,15.5790215,3
1163596,39,18,11001155,3,39.3204169,2
1163600,116,10,11001197,3,4.6207098,4
1163605,38,15,11001156,3,29.1522822,8
1163608,38,15,11001156,3,33.0021153,2
1163614,39,18,11001155,3,43.2282937,4
1163619,94,17,11001134,2,5.4184344,4
1163621,39,18,11001155,3,37.8109225,3
1163638,35,15,11001113,3,13.7892457,8
1163639,70,19,11001132,1,28.9526043,22
1163650,74,10,11001123,3,85.3697739,8
1163652,51,4,11001145,2,42.4645586,24
1163661,12,1,11001170,3,18.2176864,3
1163662,12,1,11001170,3,21.3314716,5
1163663,12,1,11001170,3,24.7636975,8
1163664,12,1,11001170,3,27.7679915,5
1163666,73,10,11001127,2,71.3502103,3
1163687,816,2,11001189,4,70.0998993,4
1163719,24,11,11001152,3,53.436034,6
1163720,49,7,11001103,2,15.854972,6
1163725,51,4,11001145,2,31.0896593,8
1163726,49,7,11001103,2,13.764393,3
1163729,24,11,11001152,4,33.3957818,3
1163731,51,4,11001145,2,19.4068983,3
1163732,49,7,11001103,2,12.5293782,3
1163736,51,4,11001145,2,28.9403087,10
1163739,49,7,11001103,2,8.8115787,4
1163747,51,4,11001145,1,21.5843644,18
1163751,73,10,11001127,3,128.9471745,6
1163761,73,10,11001127,4,82.4877402,3
1163790,9,1,11001194,2,83.2137922,15
1163796,816,2,11001189,2,34.2887833,2
1163812,9,1,11001194,2,55.8504772,4
1163813,50,4,11001136,2,28.8330763,10
1163822,81,8,11001128,2,23.6216738,2
1163826,85,7,11001106,2,99.5522312,8
1163830,85,7,11001106,2,84.7203152,4
1163833,815,19,11001188,2,26.0831445,4
1163834,815,19,11001188,2,24.1695112,6
1163836,815,19,11001188,2,28.4005765,4
1163837,815,19,11001188,2,24.8814477,4
1163839,815,19,11001188,2,20.9950448,2
1163841,80,8,11001118,2,21.4284493,18
1163849,80,8,11001118,2,15.6881525,3
1163856,85,7,11001106,2,115.9497869,5
1163865,81,8,11001128,2,47.0944889,5
1163877,81,8,11001128,2,27.7734804,8
1163885,84,7,11001107,2,85.3519917,4
1163899,85,7,11001106,2,128.1230427,30
1163905,84,7,11001107,2,83.7478158,8
1163908,84,7,11001107,2,63.1260587,10
1163911,84,7,11001107,2,71.1469233,12
1163914,84,7,11001107,2,98.6343651,12
1163915,50,4,11001136,2,61.0789789,8
1163916,11,1,11001158,3,25.8375849,4
1163922,50,4,11001136,2,58.1869968,12
1163923,50,4,11001136,2,65.3332965,3
1163927,50,4,11001136,2,36.3079675,3
1163935,50,4,11001136,1,44.4098223,40
1163940,50,4,11001136,2,73.6608183,3
1163979,51,4,11001145,2,39.1622633,3
1164002,116,10,11001197,3,4.2451974,5
1164016,27,11,11001164,3,71.1698081,8
1164022,810,10,11001183,3,22.8447676,8
1164030,27,11,11001164,3,119.2748545,8
1164037,808,13,11001181,4,17.2517712,4
1164039,27,11,11001164,2,49.9982992,3
1164042,26,10,11001140,3,40.1000926,4
1164060,29,10,11001149,3,56.2764979,3
1164068,53,18,11001191,2,25.2285725,4
1164075,53,18,11001191,2,20.7748416,4
1164079,53,18,11001191,2,26.7105106,4
1164080,72,10,11001105,3,42.9806227,8
1164082,54,18,11001148,2,57.2819857,4
1164083,53,18,11001191,2,31.5121217,3
1164085,53,18,11001191,2,24.7236596,10
1164099,53,18,11001191,2,24.8276736,10
1164102,53,18,11001191,2,39.8670677,15
1164121,53,18,11001191,3,25.2285725,4
1164124,53,18,11001191,3,23.7368912,3
1164126,73,10,11001127,3,39.2676257,5
1164128,53,18,11001191,3,25.7901393,8
1164129,53,18,11001191,3,22.2248452,2
1164130,50,4,11001136,2,39.4496207,3
1164134,50,4,11001136,2,43.4954998,8
1164137,50,4,11001136,2,35.5637549,3
1164138,50,4,11001136,2,27.4674596,2
1164141,50,4,11001136,2,39.0806049,3
1164149,50,4,11001136,2,46.7226598,6
1164150,50,4,11001136,2,54.3983086,15
1164152,50,4,11001136,2,48.3460341,5
1164155,50,4,11001136,2,48.3508076,2
1164157,50,4,11001136,1,43.234176,8
1164161,50,4,11001136,2,63.5151775,8
1164162,50,4,11001136,2,63.1135399,12
1164163,50,4,11001136,2,69.0093765,15
1164172,51,4,11001145,2,32.8921456,8
1164176,51,4,11001145,2,30.5416182,14
1164181,51,4,11001145,2,32.1841311,24
1164182,51,4,11001145,2,53.1845975,3
1164183,51,4,11001145,2,53.5311248,2
1164190,51,4,11001145,2,29.1366233,8
1164196,51,4,11001145,2,33.1204115,2
1164197,51,4,11001145,2,59.1169883,6
1164199,51,4,11001145,2,33.5947377,3
1164204,51,4,11001145,2,34.719487,8
1164205,51,4,11001145,2,29.2357308,8
1164208,55,18,11001119,1,39.2454774,4
1164209,55,18,11001119,2,31.2986773,12
1164214,82,8,11001153,2,35.6221002,12
1164216,83,8,11001141,1,18.08145,24
1164217,83,8,11001141,1,12.7046642,4
1164218,55,18,11001119,1,28.3866107,6
1164219,82,8,11001153,2,53.6842064,14
1164220,44,8,11001102,2,31.8823363,3
1164223,82,8,11001153,2,53.635864,40
1164224,82,8,11001153,2,42.454415,8
1164232,82,8,11001153,2,33.2617078,2
1164234,83,8,11001141,1,16.1217521,10
1164243,50,4,11001136,2,69.8909534,3
1164258,815,19,11001188,1,26.0216537,12
1164262,815,19,11001188,1,29.6517914,4
1164265,815,19,11001188,1,26.5201381,7
1164266,815,19,11001188,1,17.7301201,8
1164268,50,4,11001136,2,41.1036704,3
1164271,50,4,11001136,2,38.4656374,4
1164275,73,10,11001127,3,57.9752175,3
1164276,73,10,11001127,3,94.4363087,15
1164301,80,8,11001118,2,21.7116698,3
1164306,815,19,11001188,,13.4076424,4
1164315,76,9,11001125,2,12.1902811,4
1164316,76,9,11001125,2,13.7756622,3
1164320,83,8,11001141,2,13.6534544,4
1164325,83,8,11001141,2,11.8341224,5
1164334,110,9,11001115,4,25.5386136,8
1164406,810,10,11001183,4,63.3278573,6
1164409,109,13,11001116,4,11.4070952,3
1164411,112,9,11001130,4,23.1522187,3
1164420,53,18,11001191,2,20.4020516,5
1164421,73,10,11001127,3,62.4843822,3
1164423,53,18,11001191,2,19.2869561,2
1164430,109,13,11001116,4,10.0252291,3
1164432,53,18,11001191,2,14.556664,3
1164446,29,10,11001149,3,48.1946698,8
1164451,53,18,11001191,2,25.051868,4
1164459,53,18,11001191,2,16.7184415,2
1164466,102,14,11001138,3,13.5808293,6
1164467,102,14,11001138,3,19.176909,8
1164473,102,14,11001138,3,14.5558261,2
1164478,25,11,11001196,4,23.0314067,8
1164479,25,11,11001196,3,22.905384,5
1164480,102,14,11001138,3,22.4543055,3
1164497,25,11,11001196,3,22.9608244,8
1164504,14,1,11001193,6,21.935451,5
1164505,14,1,11001193,6,19.0135966,4
1164516,116,10,11001197,3,9.8272248,2
1164517,51,4,11001145,2,27.4652429,2
1164526,50,4,11001136,2,26.5612811,4
1164528,50,4,11001136,2,23.9817437,5
1164530,50,4,11001136,2,43.2483508,8
1164531,50,4,11001136,2,43.2483508,8
1164532,50,4,11001136,2,40.6649236,3
1164533,50,4,11001136,2,52.9699746,3
1164538,50,4,11001136,2,75.0944387,2
1164545,50,4,11001136,2,49.355441,2
1164558,50,4,11001136,1,81.5114884,40
1164559,50,4,11001136,2,77.9302393,3
1164560,50,4,11001136,2,59.4729032,4
1164566,51,4,11001145,2,52.9597614,2
1164567,51,4,11001145,2,35.5018548,4
1164569,51,4,11001145,2,35.9208829,2
1164573,51,4,11001145,2,36.3027207,4
1164575,51,4,11001145,2,48.2895532,4
1164583,51,4,11001145,2,32.4407668,5
1164609,50,4,11001136,2,41.9187135,10
1164610,50,4,11001136,1,58.180014,8
1164611,50,4,11001136,2,40.2359851,15
1164614,50,4,11001136,2,41.3082296,5
1164616,116,10,11001197,3,7.0921369,6
1164617,116,10,11001197,3,6.4485759,8
1164618,73,10,11001127,3,48.9243269,3
1164622,73,10,11001127,3,53.0082462,3
1164642,57,5,11001129,2,57.1290415,3
1164645,30,10,11001108,3,33.6787704,5
1164652,73,10,11001127,2,59.9657601,4
1164653,73,10,11001127,2,58.0657151,10
1164654,73,10,11001127,2,44.8549684,4
1164663,73,10,11001127,2,61.8658051,3
1164664,73,10,11001127,2,45.013596,4
1164665,73,10,11001127,2,69.4126435,8
1164678,67,19,11001147,2,94.9982494,12
1164680,67,19,11001147,2,99.4056024,6
1164683,71,11,11001166,2,99.6864039,8
1164696,71,11,11001166,2,156.2612802,15
1164702,94,17,11001134,2,7.8266468,6
1164704,71,11,11001166,2,153.5707465,16
1164709,74,10,11001123,2,61.1480613,3
1164714,73,10,11001127,2,75.2382525,4
1164720,74,10,11001123,2,48.2620037,6
1164721,74,10,11001123,2,67.3208256,4
1164724,26,10,11001140,3,39.626781,2
1164726,94,17,11001134,2,6.5966369,4
1164732,74,10,11001123,2,58.6628784,8
1164743,73,10,11001127,2,50.5188767,4
1164744,73,10,11001127,2,58.0657151,10
1164758,83,8,11001141,2,16.5289834,5
1164822,29,10,11001149,3,50.5733668,3
1164836,82,8,11001153,2,35.1589499,5
1164847,79,8,11001110,2,52.1552052,4
1164852,79,8,11001110,2,40.5216887,5
1164856,79,8,11001110,2,69.3919174,10
1164859,76,9,11001125,2,15.6650411,3
1164904,80,8,11001118,2,23.4657167,3
1164907,80,8,11001118,2,17.1069708,2
1164909,82,8,11001153,2,41.5809915,5
1164910,80,8,11001118,2,23.0424794,4
1164913,80,8,11001118,2,25.9002906,4
1164926,82,8,11001153,2,34.815985,3
1164934,112,9,11001130,4,29.3437174,3
1164935,83,8,11001141,1,14.9558522,3
1164936,80,8,11001118,2,17.8418425,27
1164937,82,8,11001153,2,58.3111442,3
1164938,80,8,11001118,2,10.8718018,3
1164939,80,8,11001118,2,16.1297356,8
1164944,80,8,11001118,2,15.3313946,4
1164947,116,10,11001197,3,4.602359,3
1164958,73,10,11001127,3,58.559616,3
1164976,44,8,11001102,3,42.9550885,3
1164982,9,1,11001194,2,70.6067496,3
1164986,810,10,11001183,3,30.8592145,3
1164987,810,10,11001183,3,29.1063708,6
1165013,80,8,11001118,2,15.0433946,4
1165015,38,15,11001156,3,27.6058265,8
1165016,38,15,11001156,3,18.2124616,4
1165034,813,9,11001186,4,7.9484362,4
1165047,33,4,11001163,3,25.6131161,3
1165055,65,19,11001104,2,43.5475337,4
1165061,35,15,11001113,3,13.2542148,2
1165072,35,15,11001113,3,16.8692024,8
1165089,29,10,11001149,3,40.1956762,10
1165095,35,15,11001113,3,8.9003093,3
1165100,35,15,11001113,3,16.6901246,6
1165106,35,15,11001113,3,14.224788,4
1165113,35,15,11001113,3,10.3865347,3
1165122,73,10,11001127,3,85.1170545,8
1165153,12,1,11001170,3,24.4158503,4
1165202,101,13,11001165,4,18.0488093,8
1165205,810,10,11001183,3,22.0217594,12
1165208,810,10,11001183,3,35.4006444,4
1165214,12,1,11001170,2,21.8301463,6
1165219,12,1,11001170,3,31.4592001,8
1165220,12,1,11001170,3,27.0419805,3
1165221,12,1,11001170,3,17.9993401,3
1165223,12,1,11001170,3,31.4592001,4
1165233,810,10,11001183,3,20.8172462,4
1165241,81,8,11001128,2,26.1165459,6
1165247,81,8,11001128,2,38.187787,8
1165250,810,10,11001183,3,27.5603159,8
1165267,808,13,11001181,5,11.2311136,3
1165270,808,13,11001181,5,17.0678623,3
1165274,808,13,11001181,5,25.256542,4
1165276,808,13,11001181,4,18.1944687,3
1165279,810,10,11001183,3,47.1177938,12
1165283,808,13,11001181,4,16.4146746,4
1165331,73,10,11001127,2,126.2048064,8
1165332,73,10,11001127,2,100.2288351,10
1165333,73,10,11001127,2,136.7968227,8
1165369,38,15,11001156,3,26.0084608,3
1165383,29,10,11001149,3,50.8007758,8
1165393,20,11,11001195,5,15.6291877,3
1165394,20,11,11001195,5,17.3161438,3
1165395,23,11,11001112,3,28.8678849,3
1165400,13,1,11001144,4,45.2212899,3
1165401,58,5,11001117,1,40.5783195,18
1165414,29,10,11001149,3,59.6999859,8
1165415,29,10,11001149,2,50.8007758,4
1165445,26,10,11001140,3,35.6641029,2
1165471,72,10,11001105,3,48.4052922,6
1165484,29,10,11001149,2,59.3264554,3
1165511,76,9,11001125,2,12.1902811,8
1165513,76,9,11001125,2,9.6712405,6
1165538,53,18,11001191,2,19.8584073,8
1165541,53,18,11001191,2,17.8293726,3
1165557,53,18,11001191,2,18.6973574,8
1165569,75,9,11001124,3,47.3029548,5
1165582,53,18,11001191,2,18.9981473,6
1165609,112,9,11001130,3,20.6667927,5
1165610,112,9,11001130,4,23.1199906,3
1165611,112,9,11001130,4,23.31126,3
1165615,112,9,11001130,4,23.1199906,3
1165616,112,9,11001130,4,23.1199906,3
1165618,112,9,11001130,4,30.6994826,2
1165620,112,9,11001130,4,32.4651686,8
1165622,112,9,11001130,4,27.6066536,2
1165633,75,9,11001124,3,54.5183326,6
1165640,75,9,11001124,3,50.8542049,4
1165646,75,9,11001124,3,45.7273513,2
1165647,813,9,11001186,3,16.9899329,3
1165668,112,9,11001130,4,19.2857403,8
1165692,69,19,11001131,1,91.3909847,35
1165695,806,11,11001179,4,29.8539003,2
1165716,95,3,11001139,2,8.7724753,4
1165732,50,4,11001136,2,45.6570591,8
1165740,50,4,11001136,2,26.1111881,10
1165765,806,11,11001179,5,22.6380055,4
1165768,50,4,11001136,2,34.7574766,5
1165780,53,18,11001191,2,21.7147917,6
1165884,50,4,11001136,2,43.6707038,6
1165888,50,4,11001136,2,30.1121885,4
1165917,26,10,11001140,3,33.752261,4
1165920,98,12,11001142,3,14.741972,3
1165924,30,10,11001108,3,62.8780691,5
1165934,26,10,11001140,4,35.9002648,10
1165943,112,9,11001130,4,25.7759594,3
1165944,112,9,11001130,3,19.3319695,3
1165947,112,9,11001130,4,16.9880246,6
1165952,112,9,11001130,4,24.9215982,3
1165959,98,12,11001142,3,15.4216959,3
1165963,54,18,11001148,2,44.8037804,5
1165967,54,18,11001148,3,43.7681145,4
1165968,54,18,11001148,1,76.7765644,21
1165971,54,18,11001148,2,61.0305864,4
1165972,54,18,11001148,2,20.9673852,5
1165975,96,3,11001146,2,37.8733528,4
1165987,80,8,11001118,2,15.6333738,6
1166004,96,3,11001146,2,22.1475289,2
1166009,83,8,11001141,1,15.9383479,5
1166011,95,3,11001139,2,8.8281749,4
1166018,95,3,11001139,2,9.3682957,2
1166019,48,8,11001167,3,89.3322219,18
1166022,48,8,11001167,2,46.5560494,10
1166043,76,9,11001125,2,9.9862466,10
1166044,76,9,11001125,2,10.0256263,3
1166057,13,1,11001144,5,60.5540706,3
1166060,14,1,11001193,5,22.6025449,2
1166092,112,9,11001130,4,21.0389894,8
1166096,29,10,11001149,3,63.5766826,2
1166100,26,10,11001140,3,38.7076372,6
1166110,92,3,11001137,2,8.7185843,12
1166115,116,10,11001197,3,11.2573602,3
1166129,34,4,11001101,2,27.2700274,8
1166134,34,4,11001101,2,24.8435579,3
1166155,80,8,11001118,2,18.9445346,4
1166163,83,8,11001141,2,19.2178005,5
1166177,13,1,11001144,5,57.0851,3
1166178,96,3,11001146,2,17.385341,4
1166179,34,4,11001101,2,50.437789,10
1166187,12,1,11001170,3,29.3379464,3
1166194,24,11,11001152,3,32.3560947,8
1166199,98,12,11001142,3,24.3413918,2
1166213,24,11,11001152,3,56.7022257,20
1166239,,5,11001205,1,6.5905708,8
1166241,,20,11001220,1,1.8046324,10
1166256,,20,11001220,1,1.8046324,7
1166257,,20,11001220,1,1.8046324,18
1166264,,11,11001211,3,3.9810296,4
1166283,,19,11001219,1,5.6587567,8
1166289,,19,11001219,1,8.8580762,4
1166294,,19,11001219,1,12.3094206,12
1166299,,20,11001220,5,1.8046324,12
1166308,,20,11001220,1,1.8046324,12
1166314,,20,11001220,1,1.8046324,3
1166319,,5,11001205,1,6.2688502,12
1166323,,20,11001220,1,1.8046324,4
1166324,,20,11001220,1,1.8046324,4
1166330,,20,11001220,1,1.8046324,12
1166336,,20,11001220,0,1.8046324,10
1166339,,3,11001203,2,7.0932607,8
1166340,,2,11001202,5,1.6984925,18
1166353,,19,11001219,,5.1871936,4
1166369,,19,11001219,1,6.6235746,4
1166371,,1,11001201,1,1.18107,5
1166384,,19,11001219,,6.4422372,8
1166387,,19,11001219,2,5.5116919,8
1168474,110,9,11001115,4,16.0520711,3
1168482,110,9,11001115,5,22.5105541,8
1168682,43,16,11001161,3,15.7502019,5
1168696,37,14,11001162,3,17.4984772,3
1168723,43,16,11001161,3,27.6385943,6
1168729,43,16,11001161,3,28.266671,5
1168892,809,16,11001182,3,4.2930295,14
1168894,809,16,11001182,3,6.1328993,3
1168906,809,16,11001182,3,10.0063305,3
1168913,809,16,11001182,1,7.7827015,3
1168927,809,16,11001182,3,18.558747,4
1168929,809,16,11001182,3,21.2099965,4
1168936,809,16,11001182,3,3.8160262,8
1168945,809,16,11001182,3,10.2012606,4
1168987,40,16,11001114,3,59.4215559,3
1168993,809,16,11001182,3,7.7827015,3
1169051,809,16,11001182,3,6.8143326,5
1169054,809,16,11001182,3,4.8457476,4
1169055,809,16,11001182,3,5.451466,4
1169062,809,16,11001182,1,16.7758122,3
1169075,40,16,11001114,3,88.2767028,10
1169081,809,16,11001182,3,21.5689014,3
1169086,809,16,11001182,3,6.8143326,10
1169090,809,16,11001182,3,7.7878086,8
1169099,809,16,11001182,3,12.9911229,4
1169100,809,16,11001182,3,7.4056972,5
1169160,50,4,11001136,2,38.8783692,2
1169162,51,4,11001145,2,34.2567352,10
1169167,50,4,11001136,2,39.2842141,3
1169171,51,4,11001145,2,32.7117176,4
1169172,50,4,11001136,2,59.6322244,4
1169174,50,4,11001136,2,68.037957,3
1169175,51,4,11001145,2,28.7089959,4
1169176,62,6,11001171,2,15.8312023,10
1169186,51,4,11001145,2,30.429387,4
1169187,50,4,11001136,2,33.0748393,3
1169189,50,4,11001136,2,82.3113155,6
1169191,50,4,11001136,2,51.4850318,4
1169195,51,4,11001145,2,32.9102917,2
1169197,62,6,11001171,2,14.2949962,5
1169199,51,4,11001145,2,62.9520629,6
1169201,50,4,11001136,2,41.7977791,2
1169203,42,6,11001172,3,70.9551599,3
1169207,806,11,11001179,4,20.8074888,2
1169208,50,4,11001136,2,48.2939982,15
1169212,51,4,11001145,2,31.1191417,6
1169213,51,4,11001145,2,59.7614262,2
1169214,62,6,11001171,2,16.0358257,8
1169220,50,4,11001136,2,78.5440268,4
1169221,50,4,11001136,2,48.6982751,10
1169222,62,6,11001171,2,11.6906688,10
1169236,96,3,11001146,2,19.7488898,5
1169238,51,4,11001145,2,37.2793883,5
1169239,50,4,11001136,2,59.695779,6
1169322,40,16,11001114,3,64.2546839,8
1169336,41,16,11001151,3,27.5076798,2
1169339,53,18,11001191,2,49.4639086,8
1169421,40,16,11001114,3,50.2510437,2
1169422,40,16,11001114,3,73.970029,15
1169427,40,16,11001114,3,35.5447291,4
1169438,40,16,11001114,3,40.9411178,3
1169441,40,16,11001114,3,51.8960137,4
1169467,40,16,11001114,3,65.6762477,4
1169481,35,15,11001113,3,8.8473497,5
1169506,35,15,11001113,2,10.5017977,8
1169511,38,15,11001156,3,26.0377582,3
1169514,38,15,11001156,3,36.6820243,4
1169530,38,15,11001156,3,29.0595901,2
1169533,38,15,11001156,3,23.2468558,4
1169550,35,15,11001113,3,15.9185339,3
1169553,38,15,11001156,3,27.0687752,2
1169568,9,1,11001194,2,44.4010393,10
1169634,13,1,11001144,4,45.2212899,3
1169655,9,1,11001194,2,37.4188892,4
1169656,9,1,11001194,3,45.9780721,10
1169673,13,1,11001144,5,58.2235235,5
1169718,804,1,11001177,2,17.4304242,8
1169722,9,1,11001194,2,46.5455719,3
1169841,24,11,11001152,3,29.930978,3
1169863,51,4,11001145,2,32.9102917,2
1169871,23,11,11001112,4,27.8329568,3
1169874,50,4,11001136,2,49.653764,2
1169875,50,4,11001136,2,40.2359851,10
1169882,50,4,11001136,2,44.8613957,8
1169891,92,3,11001137,2,5.6007845,8
1169892,92,3,11001137,2,4.5641976,3
1169895,92,3,11001137,2,8.248834,30
1169897,92,3,11001137,2,5.5446176,8
1169898,92,3,11001137,2,4.9482716,5
1169921,65,19,11001104,2,37.7705145,3
1169926,65,19,11001104,2,39.5105017,3
1169928,65,19,11001104,2,43.7780993,10
1169929,65,19,11001104,2,35.536646,3
1169931,65,19,11001104,2,35.0765453,2
1169949,815,19,11001188,1,27.4557196,8
1169967,66,19,11001159,2,40.748867,12
1170021,73,10,11001127,2,111.0659917,8
1170032,73,10,11001127,3,56.803125,4
1170033,73,10,11001127,2,71.1648851,3
1170039,73,10,11001127,3,83.3619751,15
1170040,73,10,11001127,3,63.0597766,6
1170046,73,10,11001127,2,102.4662833,4
1170050,73,10,11001127,2,84.9312101,3
1170218,116,10,11001197,3,4.5920395,3
1170226,73,10,11001127,3,40.4865472,3
1170231,116,10,11001197,3,6.8790574,2
1170240,116,10,11001197,3,5.575568,5
1170246,116,10,11001197,3,4.7026294,3
1170287,116,10,11001197,3,7.5044495,8
1170296,116,10,11001197,3,6.4485759,8
1170334,29,10,11001149,3,50.1757944,2
1170340,29,10,11001149,3,55.8808533,4
1170383,114,9,11001150,3,16.102912,8
1170395,73,10,11001127,3,69.4126435,8
1170396,76,9,11001125,2,9.0609775,5
1170407,29,10,11001149,3,45.4272586,4
1388579,,20,11001220,1,1.8046324,4
1429003,,20,11001220,1,1.8046324,2
1429037,,3,11001203,2,6.5541616,8
1437528,,2,11001202,2,1.6984925,3
1455124,,19,11001219,0,4.2550934,3
1455135,,20,11001220,1,1.8046324,4
1456840,,20,11001220,1,1.8046324,4
1456862,,20,11001220,,1.8046324,4
1456863,,20,11001220,2,1.8046324,14
1456868,,19,11001219,1,5.1871936,8
1456883,,19,11001219,1,2.517836,5
1456897,,20,11001220,1,1.8046324,8
1456920,,11,11001211,2,4.1658192,10
1456943,,20,11001220,1,1.8046324,3
1456961,,19,11001219,1,4.8684755,5
1456964,,19,11001219,1,5.2222172,3
1456966,,19,11001219,1,10.644833,6
1456970,,19,11001219,1,9.5175007,10
1456974,,11,11001211,2,3.648543,8
1456976,,20,11001220,1,1.8046324,16
1456981,,20,11001220,1,1.8046324,8
1456983,,20,11001220,1,1.8046324,3
1456987,,3,11001203,1,2.0296443,3
1456996,,19,11001219,2,4.34192,8
1456999,,19,11001219,1,6.5872698,8
1457000,,19,11001219,1,5.0749714,4
1457005,,19,11001219,,6.2916609,2
1457006,,19,11001219,1,4.2901745,5
1457007,,19,11001219,,7.7387949,3
1457011,,19,11001219,0,6.4422372,4
1457017,,19,11001219,1,9.4463573,3
1457022,,19,11001219,0,6.0407524,6
1457030,,19,11001219,1,6.4422372,8
1457037,,19,11001219,2,7.086461,8
1457088,,19,11001219,0,9.2320655,15
1457109,,19,11001219,1,5.6587567,8
1457124,,19,11001219,1,3.6422751,10
1457125,,19,11001219,1,5.1871936,4
1457129,,19,11001219,1,3.9657791,12
1457132,,19,11001219,1,7.1509146,12
1457135,,19,11001219,,7.4771334,6
1457137,,19,11001219,,6.5215707,18
1457138,,19,11001219,1,3.3653658,3
1457153,,19,11001219,2,5.0583091,4
1457163,,19,11001219,1,7.8056021,4
1457164,,19,11001219,1,6.3450005,5
1457169,,19,11001219,1,5.4819217,5
1457170,,19,11001219,1,8.8580762,4
1457173,,19,11001219,1,13.8480982,30
1457182,,19,11001219,1,5.9053841,8
1457185,,19,11001219,1,6.7923073,12
1457195,,19,11001219,2,5.5824686,4
1457218,,19,11001219,0,5.0385739,3
1457219,,19,11001219,0,6.1203052,8
1457221,,19,11001219,2,4.754061,2
1457240,,19,11001219,1,6.5872698,4
1457253,,19,11001219,2,5.9257311,5
1457264,,19,11001219,,5.0749714,4
1457266,,19,11001219,0,4.2550934,3
1457270,,19,11001219,1,6.3450005,5
1457277,,19,11001219,1,5.3702476,4
1457289,,19,11001219,1,3.0534272,3
1457321,,19,11001219,1,4.2416932,2
1457335,,19,11001219,1,6.6711927,5
1457342,,19,11001219,1,6.0699709,8
1457355,,19,11001219,1,3.0534272,3
1457361,,19,11001219,1,5.0583091,4
1457368,,19,11001219,2,7.5938554,10
1457390,,19,11001219,1,6.338748,2
1457393,,19,11001219,0,4.6186928,3
1457396,,19,11001219,2,3.4933829,7
1457418,,19,11001219,1,2.517836,8
1457426,,19,11001219,1,4.0308591,3
1457439,,19,11001219,1,5.2006697,3
1457440,,19,11001219,1,6.7444121,4
1457446,,19,11001219,1,7.086461,8
1457472,,20,11001220,1,1.8046324,4
1457490,,19,11001219,1,5.0480486,3
1457494,,19,11001219,1,7.2621153,10
1457498,,19,11001219,1,4.2020903,2
1457499,,19,11001219,2,4.9455182,2
1457504,,19,11001219,1,7.2319236,10
1457505,,19,11001219,1,7.169594,15
1457508,,19,11001219,1,9.2320655,35
1457512,,19,11001219,1,6.6235746,8
1457513,,19,11001219,1,8.0543365,6
1457533,,19,11001219,1,5.1862484,2
1457549,,20,11001220,0,1.8046324,2
1457555,,19,11001219,2,3.0476599,3
1457770,,3,11001203,,2.0296443,3
1457773,,20,11001220,1,1.8046324,3
1457776,,20,11001220,1,1.8046324,4
1457778,,20,11001220,1,1.8046324,4
1457782,,20,11001220,0,1.8046324,2
1457783,,19,11001219,2,3.3295294,4
1457809,,20,11001220,1,1.8046324,3
1457816,,3,11001203,2,6.5541616,8
1457817,,3,11001203,2,6.5541616,4
1457818,,3,11001203,2,8.2693435,14
1457819,,20,11001220,1,1.8046324,3
1457823,,3,11001203,1,8.3215415,2
1457829,,19,11001219,2,5.8396286,4
1457881,,2,11001202,2,1.6984925,8
1457885,,2,11001202,1,1.6984925,8
1457887,,19,11001219,2,4.9605227,4
1457905,,20,11001220,1,1.8046324,14
1457914,,2,11001202,2,1.6984925,3
1457920,,11,11001211,6,3.3563633,8
1457933,,11,11001211,5,3.9012385,6
1457968,,20,11001220,1,1.8046324,12
1458014,,2,11001202,2,1.6984925,2
1458020,,19,11001219,1,9.2320655,18
1458037,,2,11001202,2,1.6984925,3
1458043,,11,11001211,2,4.292215,4
1458054,,20,11001220,1,1.8046324,12
1458056,,20,11001220,1,1.8046324,5
1458059,,20,11001220,,1.8046324,8
1458064,,2,11001202,2,1.6984925,15
1458077,,2,11001202,2,1.6984925,3
1458078,,2,11001202,2,1.6984925,3
1458080,,11,11001211,2,3.4373147,2
1458122,,2,11001202,2,1.6984925,4
1458157,,11,11001211,2,3.9810296,8
1458158,,11,11001211,2,3.2059205,3
1458170,,20,11001220,1,1.8046324,14
1458189,,11,11001211,6,3.4653952,2
1458223,,3,11001203,2,7.0932607,8
1458239,,2,11001202,2,1.6984925,5
1458246,,3,11001203,2,2.0296443,8
1458247,,3,11001203,2,8.3215415,2
1458260,,11,11001211,6,4.200166,5
1458268,,20,11001220,1,1.8046324,7
1458269,,20,11001220,1,1.8046324,4
1458288,,2,11001202,2,1.6984925,8
1458290,,3,11001203,3,2.0296443,5
1458311,,2,11001202,2,1.6984925,8
1458314,,2,11001202,2,1.6984925,2
1458317,,3,11001203,2,8.3215415,6
1458334,,11,11001211,5,3.2059205,3
1458338,,20,11001220,1,1.8046324,18
1458398,,20,11001220,1,1.8046324,4
1465905,49,7,11001103,2,12.7293941,4
1466324,,11,11001211,2,2.9796447,8
1466562,,11,11001211,2,4.662942,18
1466755,,,25898100,2,1.3818368,3
1467517,58,5,11001117,1,45.8541973,12
1468772,,20,11001220,1,1.8046324,10
1469782,,,25126100,2,27.5668695,4
1469889,,,25898100,2,1.2959731,8
1470821,51,4,11001145,1,24.6279294,28
1471307,,,25260100,2,9.5247387,5
1477741,,19,11001219,0,7.086461,8
1478651,,19,11001219,0,4.6806027,3
1478660,,19,11001219,0,6.2185343,2
1478666,,19,11001219,1,5.5424313,3
1481245,,2,11001202,2,1.6984925,3
1481248,,2,11001202,2,1.6984925,8
1490455,,2,11001202,,1.6984925,12
1490460,,2,11001202,,1.6984925,3
1495832,,2,11001202,2,1.6984925,3
1497058,,5,11001205,1,5.2074189,8
1497060,,5,11001205,1,2.1777627,4
1497097,,5,11001205,1,4.796595,3
1497121,,5,11001205,2,5.3711434,6
1497124,,5,11001205,2,4.9429281,4
1497131,,5,11001205,1,4.686677,4
1498565,76,9,11001125,2,9.6155776,2
1502432,,5,11001205,2,3.6763709,4
1502433,,5,11001205,1,4.8135122,8
1502434,,5,11001205,1,2.9036836,4
1502437,,5,11001205,2,7.3205552,12
1502440,,5,11001205,2,5.603242,4
1560760,,2,11001202,2,1.6984925,10
1560820,,5,11001205,2,2.6133152,5
1560828,,5,11001205,1,4.0096931,10
1560831,,5,11001205,1,9.4151011,8
1570895,,5,11001205,2,6.4197367,4
1651473,,5,11001205,1,8.3884498,15
1651479,,5,11001205,1,2.8496158,5
1651482,,5,11001205,1,5.4921423,8
1652737,816,2,11001189,1,24.8132428,3
1664190,,5,11001205,2,5.2074189,4
1664489,33,4,11001163,3,24.4640008,4
1665613,811,5,11001184,1,56.5420477,4
1665635,26,10,11001140,3,46.5594604,6
1665649,26,10,11001140,3,41.9202862,5
1665721,,5,11001205,1,5.2074189,8
1665738,,20,11001220,1,1.8046324,5
1665761,,5,11001205,2,4.399318,10
1665768,,5,11001205,2,2.9138529,5
1665769,,5,11001205,1,5.3497806,4
1665770,,5,11001205,1,7.7702933,12
1666894,51,4,11001145,1,32.3809458,8
1672340,,19,11001219,0,5.1871936,8
1676760,70,19,11001132,1,42.6305966,6
1680432,,5,11001205,1,6.8134983,5
1680434,,5,11001205,1,4.1395243,3
1680438,,5,11001205,1,3.233073,3
1680448,,5,11001205,2,4.9674291,3
1680455,,19,11001219,9,8.4787669,24
1680460,,19,11001219,9,9.2320655,35
1680496,,2,11001202,1,1.6984925,5
1680501,,5,11001205,1,5.2074189,8
1680502,,5,11001205,1,7.5427545,4
1680505,,5,11001205,1,4.9627522,15
1680518,,5,11001205,1,8.2539472,4
1680527,,5,11001205,2,7.1952844,6
1680539,,5,11001205,1,5.89098,3
1680548,,5,11001205,2,6.3866946,3
1683070,,20,11001220,1,1.8046324,8
1683323,89,2,11001160,2,6.2146642,20
1683534,110,9,11001115,3,20.9995899,4
1697761,,,25740100,2,27.4896492,10
1699366,,,25290100,4,33.7818415,3
1699382,,,25175200,3,7.9427255,8
1699434,,,25899100,1,50.9429639,3
1699452,,,25473100,3,55.7344322,14
1699453,,,25473100,3,57.2842234,6
1699456,,,25817100,3,12.3923353,4
1699457,,,25817100,3,4.3087746,5
1699462,,,25799100,2,6.4441868,5
1699464,,,25799100,2,6.236535,3
1699483,,,25126100,2,19.750358,4
1699487,,,25126100,2,29.2350993,4
1699499,,,25269100,3,75.6587587,10
1699500,,,25269100,2,62.328246,3
1699512,,,25175200,3,8.9740739,8
1699513,,,25175200,2,9.671393,3
1707360,76,9,11001125,2,8.3881978,5
1710471,19,11,11001121,3,47.7098891,5
1710862,36,18,11001192,3,23.475548,5
1710889,811,5,11001184,1,29.7206216,3
1710890,811,5,11001184,1,32.6527453,3
1710892,811,5,11001184,1,34.8063372,3
1710910,26,10,11001140,3,38.1334403,5
1710969,807,12,11001180,3,44.6486829,4
1710973,807,12,11001180,3,36.74082,3
1710976,66,19,11001159,2,19.1437474,15
1710979,18,11,11001109,3,51.5347175,3
1710989,70,19,11001132,1,36.9489565,8
1711160,804,1,11001177,2,16.6140532,6
1711189,804,1,11001177,2,19.7925178,5
1711678,51,4,11001145,2,26.0555478,3
1711826,70,19,11001132,1,26.235959,3
1711834,76,9,11001125,3,27.7248081,3
1711835,76,9,11001125,2,14.9686557,4
1711841,21,12,11001143,3,14.8734788,12
1711862,47,8,11001133,3,40.5066529,4
1711878,36,18,11001192,3,20.4155738,21
1711884,54,18,11001148,1,72.5783275,2
1711901,803,1,11001176,5,27.5304779,4
1711906,27,11,11001164,3,69.8588553,4
1711909,28,11,11001122,2,190.7089543,4
1711917,66,19,11001159,2,20.4648355,3
1711923,29,10,11001149,2,62.5294421,3
1711926,29,10,11001149,2,72.9666495,4
1711943,76,9,11001125,2,6.7698683,3
1711944,76,9,11001125,2,8.2214216,4
1711946,47,8,11001133,3,57.3858883,4
1711961,35,15,11001113,3,13.0064699,10
1711982,76,9,11001125,3,14.6931585,28
1711983,76,9,11001125,2,11.0958295,10
1711985,812,5,11001185,1,30.9503842,12
1711990,86,7,11001120,2,61.8132295,8
1711991,55,18,11001119,2,38.0721674,3
1711996,11,1,11001158,3,32.8738354,2
1712004,66,19,11001159,1,26.0287157,3
1712012,86,7,11001120,2,56.7591246,15
1712013,86,7,11001120,1,68.6813661,8
1712014,26,10,11001140,3,30.5552245,2
1712027,66,19,11001159,2,15.8131591,5
1712034,18,11,11001109,3,29.6228703,8
1712038,62,6,11001171,2,13.7578527,4
1712040,83,8,11001141,2,11.5710552,8
1712041,83,8,11001141,1,14.9558522,3
1712044,82,8,11001153,2,31.6732828,6
1712049,33,4,11001163,3,24.9971004,4
1712057,96,3,11001146,2,18.936738,3
1712061,58,5,11001117,2,23.2419083,8
1712064,58,5,11001117,2,58.1113543,24
1712066,58,5,11001117,2,28.9760385,3
1712067,58,5,11001117,1,50.3783409,10
1712068,58,5,11001117,2,33.4731187,10
1712074,82,8,11001153,2,30.6111942,48
1712075,40,16,11001114,3,40.7481134,2
1712086,66,19,11001159,2,22.7988223,4
1712089,58,5,11001117,2,30.1951346,2
1712096,58,5,11001117,2,40.4896196,8
1712097,812,5,11001185,1,33.5121284,18
1712111,82,8,11001153,1,37.1725956,3
1712112,82,8,11001153,2,50.5479537,5
1712121,812,5,11001185,1,33.8522412,2
1712124,102,14,11001138,3,14.0196166,4
1712125,102,14,11001138,3,16.5726923,8
1712126,102,14,11001138,3,9.6754154,5
1712127,102,14,11001138,3,21.5925691,3
1712128,102,14,11001138,3,24.6791062,8
1712131,102,14,11001138,3,21.5925691,3
1712132,79,8,11001110,2,59.5517059,4
1712135,82,8,11001153,2,27.4585486,4
1712138,82,8,11001153,2,42.4650482,8
1712139,82,8,11001153,2,36.2397611,4
1712155,48,8,11001167,3,51.6941483,3
1712165,54,18,11001148,2,45.2062446,5
1712167,54,18,11001148,2,21.8030193,6
1712168,54,18,11001148,2,52.0745325,8
1712179,9,1,11001194,2,93.4848967,5
1712180,9,1,11001194,2,62.0851702,4
1712186,19,11,11001121,3,43.8149723,2
1712199,76,9,11001125,3,16.7923881,4
1712200,76,9,11001125,3,15.6292103,2
1712201,76,9,11001125,3,15.2378514,8
1712216,37,14,11001162,2,12.0952993,3
1712230,807,12,11001180,3,29.4963667,12
1730892,,20,11001220,1,1.8046324,3
1730919,,2,11001202,2,1.6984925,8
1731013,,5,11001205,1,2.8460446,4
1731029,,5,11001205,1,4.686677,4
1731073,,5,11001205,1,5.4921423,8
1731082,,5,11001205,1,4.0353428,12
1731089,,5,11001205,1,4.798643,12
1731096,,5,11001205,1,5.3497806,4
1731097,,5,11001205,1,7.546457,6
1731136,,5,11001205,2,9.3790853,3
1731144,,5,11001205,1,5.8571309,27
1731161,,5,11001205,1,8.4253581,4
1731195,,5,11001205,2,6.1670508,3
1731197,,5,11001205,1,5.770853,4
1731200,,5,11001205,2,9.1710525,4
1731403,,20,11001220,1,1.8046324,3
1731446,,5,11001205,2,6.5905708,4
1731448,,5,11001205,2,4.9031147,6
1731473,,20,11001220,1,1.8046324,2
1731476,,5,11001205,2,7.0106944,18
1731482,,5,11001205,1,6.3890096,3
1731500,,5,11001205,2,4.3605409,3
1731505,,5,11001205,1,3.9971625,3
1731509,,5,11001205,2,6.5530563,8
1731517,,20,11001220,1,1.8046324,18
1731519,,20,11001220,1,1.8046324,10
1731522,,20,11001220,1,1.8046324,3
1731528,,20,11001220,1,1.8046324,12
1731541,,5,11001205,1,4.7014929,4
1731549,,3,11001203,2,2.0296443,3
1731551,,3,11001203,2,2.0296443,3
1731561,,3,11001203,2,8.3215415,3
1731566,,2,11001202,2,1.6984925,12
1771404,,5,11001205,1,4.8080126,4
1771420,,5,11001205,1,4.796595,3
1771486,,11,11001211,1,3.5889053,3
1771494,,11,11001211,1,4.4438056,15
1771540,,5,11001205,2,5.9679372,6
1771544,,5,11001205,1,2.8756726,2
1771546,,5,11001205,1,4.6471669,3
1771579,,5,11001205,1,8.9519057,3
1771581,,20,11001220,1,1.8046324,10
1772670,,,25214100,2,13.253652,4
1772678,,,25214100,2,14.3175385,4
1772679,,,25126100,2,24.623223,6
1772685,,,25126100,3,14.2997278,5
1772705,,,25290100,2,44.6840966,8
1773549,66,19,11001159,2,22.1029069,8
1774398,815,19,11001188,1,20.6777924,8
1775069,39,18,11001155,3,40.5609228,6
1776126,49,7,11001103,2,10.2513095,3
1776128,49,7,11001103,2,14.1810299,12
1776135,49,7,11001103,2,11.9227852,5
1776164,49,7,11001103,2,12.9514184,4
1776213,42,6,11001172,3,55.5871007,2
1776215,42,6,11001172,3,33.1112423,3
1776229,95,3,11001139,1,8.5130777,10
1776235,85,7,11001106,2,127.3321089,3
1776279,42,6,11001172,3,93.9765864,4
1776337,96,3,11001146,2,15.1884795,6
1776347,49,7,11001103,2,11.0312223,3
1776392,32,4,11001157,2,55.7693967,8
1776399,96,3,11001146,2,11.3465139,7
1776401,96,3,11001146,2,21.8543754,10
1776444,67,19,11001147,2,48.8566213,3
1776447,67,19,11001147,1,73.3283882,8
1776457,67,19,11001147,2,92.3455218,6
1776463,67,19,11001147,2,81.2057111,15
1776467,67,19,11001147,2,56.3386705,3
1776483,43,16,11001161,3,20.1113911,4
1776519,101,13,11001165,4,31.2571067,3
1776538,39,18,11001155,3,47.5588864,3
1776561,49,7,11001103,3,15.1301005,6
1776587,49,7,11001103,3,8.9962125,3
1776601,83,8,11001141,1,13.9929584,8
1776613,76,9,11001125,2,9.1142534,15
1776658,66,19,11001159,2,30.3667995,5
1776660,66,19,11001159,2,12.7602056,4
1776672,49,7,11001103,3,12.6745078,3
1776690,66,19,11001159,2,31.2733959,12
1776701,28,11,11001122,2,133.3945733,2
1776724,48,8,11001167,3,51.2602951,4
1776727,48,8,11001167,3,38.8346521,4
1776730,66,19,11001159,2,23.0447515,2
1776749,28,11,11001122,3,130.5599081,3
1776758,66,19,11001159,2,21.6423716,5
1776777,32,4,11001157,1,40.7238198,3
1776794,32,4,11001157,2,37.1270589,4
1776797,70,19,11001132,1,29.2442231,3
1776807,78,8,11001168,2,14.1050104,4
1780214,,19,11001219,2,7.7807905,4
1780896,,11,11001211,,2.6807172,2
1780909,,19,11001219,1,4.6186928,3
1781106,,11,11001211,2,2.4849654,4
1781108,,11,11001211,,2.9970085,15
1781111,,11,11001211,2,3.3907101,8
1781113,,11,11001211,6,3.6686965,4
1781127,,20,11001220,1,1.8046324,3
1781289,,11,11001211,6,3.9281712,3
1781328,,3,11001203,2,2.0296443,10
1781568,,11,11001211,6,2.9796447,4
1781591,,11,11001211,6,3.9810296,8
1781727,,20,11001220,1,1.8046324,3
1782599,,11,11001211,2,2.9452979,4
1782606,,11,11001211,2,3.2727099,6
1782608,,11,11001211,2,2.9970085,10
1782624,,1,11001201,1,1.18107,6
1782626,,5,11001205,1,9.8807095,14
1782629,,5,11001205,1,4.3496942,4
1782630,,5,11001205,1,5.4608802,8
1782634,,5,11001205,1,3.7212337,4
1782636,,5,11001205,8,3.851678,4
1782638,,5,11001205,1,5.9553026,5
1782639,,5,11001205,2,5.9177881,15
1782731,,,25260100,2,12.0268379,3
1782742,,,25473100,3,72.746852,4
1782743,,,25473100,3,91.8770165,18
1782745,,,25473100,3,58.0140206,4
1782753,,,25473100,3,48.2459442,4
1782761,,,25740100,2,13.2484155,2
1782765,,,25740100,2,15.1027205,3
1782782,,,25269100,2,57.782686,3
1782790,,,25899100,2,65.8886831,4
1782791,,,25899100,2,66.7333806,2
1782819,,,25899100,2,43.3582565,4
1782820,,,25899100,2,42.1531129,5
1782821,,,25899100,2,50.7503179,8
1782823,,,25899100,2,66.3217249,8
1782827,,,25817100,2,14.6850387,18
1783580,37,14,11001162,3,21.3131335,2
1783604,48,8,11001167,3,65.3143584,8
1783628,28,11,11001122,2,80.7877068,4
1783704,49,7,11001103,2,14.5023988,6
1783709,49,7,11001103,2,23.1175546,2
1783739,49,7,11001103,2,13.651609,4
1783741,49,7,11001103,2,13.3641315,3
1783764,52,5,11001135,1,8.4074399,4
1783766,52,5,11001135,1,7.9872078,6
1783768,52,5,11001135,1,8.0060976,12
1783772,52,5,11001135,1,6.8452658,3
1783773,52,5,11001135,1,9.8217458,15
1783783,52,5,11001135,2,9.3732176,6
1783784,52,5,11001135,1,7.7397231,3
1783790,52,5,11001135,1,6.4550697,4
1783791,52,5,11001135,1,9.3102798,8
1783805,83,8,11001141,2,9.4342847,2
1783806,83,8,11001141,2,12.082259,5
1783848,107,13,11001154,4,16.7759517,2
1783865,83,8,11001141,2,17.9360579,5
1783866,83,8,11001141,2,15.8310167,4
1783868,83,8,11001141,2,17.186489,4
1783883,83,8,11001141,2,14.3559333,4
1783889,83,8,11001141,2,19.215279,10
1783900,67,19,11001147,2,131.6142466,8
1783911,67,19,11001147,2,101.3803181,4
1783913,67,19,11001147,2,97.4511582,10
1783992,26,10,11001140,3,46.8423301,4
1783997,26,10,11001140,3,44.5877463,2
1784009,26,10,11001140,3,51.9504001,4
1784014,26,10,11001140,3,48.7353716,3
1784017,26,10,11001140,3,35.9711013,6
1784021,50,4,11001136,2,37.9273751,3
1784023,50,4,11001136,2,37.8356962,3
1784031,50,4,11001136,2,32.4994394,3
1784041,34,4,11001101,2,41.4219336,3
1784045,38,15,11001156,3,32.4182998,3
1784054,76,9,11001125,2,9.3771393,8
1784084,34,4,11001101,2,20.4487027,5
1784091,39,18,11001155,3,29.0869991,24
1784111,50,4,11001136,2,40.0557889,2
1784174,50,4,11001136,2,35.8325209,4
1784175,50,4,11001136,2,33.9357042,2
1784182,34,4,11001101,2,40.6416924,10
1784189,50,4,11001136,2,38.6882202,2
1784214,66,19,11001159,2,21.8031251,2
1784220,11,1,11001158,3,22.0826286,8
1784234,52,5,11001135,1,9.6199213,8
1784240,58,5,11001117,1,39.5421263,3
1784243,58,5,11001117,1,31.6456723,12
1784252,54,18,11001148,2,26.3110741,2
1784253,54,18,11001148,2,45.2387642,4
1784258,116,10,11001197,3,6.5747986,3
1784260,116,10,11001197,3,8.6232334,3
1784267,29,10,11001149,1,50.7028982,12
1810157,51,4,11001145,2,27.3589762,5
1814432,815,19,11001188,1,21.9432082,10
1814672,809,16,11001182,3,7.0090278,12
1814735,,20,11001220,1,1.8046324,8
1814751,,20,11001220,1,1.8046324,4
1814757,,20,11001220,1,1.8046324,10
1814761,,5,11001205,1,5.4921423,4
1814763,,20,11001220,,1.8046324,3
1814766,,20,11001220,1,1.8046324,12
1814782,,20,11001220,1,1.8046324,8
1815324,,,25785100,3,4.7635767,8
1815457,,,25126100,1,24.833387,6
1817033,52,5,11001135,1,8.828913,3
1817968,,11,11001211,2,4.0046597,5
1817977,,19,11001219,1,7.0207783,3
1817991,,11,11001211,2,3.5206972,8
1817994,,19,11001219,1,5.9053841,4
1817995,,5,11001205,1,4.8148025,4
1817997,,11,11001211,2,4.0774576,20
1819191,,11,11001211,2,3.3093417,5
1819231,,20,11001220,1,1.8046324,48
1819269,,5,11001205,2,11.733875,10
1823627,,2,11001202,2,1.6984925,3
1823652,,11,11001211,2,3.9810296,8
1823658,,1,11001201,2,1.18107,2
1824845,42,6,11001172,2,96.2060579,10
1827002,58,5,11001117,2,37.7639541,10
1828717,,20,11001220,1,1.8046324,12
1835369,,11,11001211,2,3.2059205,3
1835386,,19,11001219,2,10.9185327,4
1835389,,19,11001219,1,8.1568728,3
1835394,,19,11001219,1,6.2246324,8
1836803,,11,11001211,2,4.5911425,6
1836807,,19,11001219,1,5.2006697,3
1836809,,11,11001211,2,3.4767674,10
1836817,,3,11001203,1,2.0296443,14
1836864,,2,11001202,1,1.6984925,7
1839735,,3,11001203,2,6.0150625,4
1839737,,3,11001203,2,8.3215415,50
1839739,,5,11001205,2,5.1492004,6
1839760,,2,11001202,6,1.6984925,5
1839769,,19,11001219,0,5.1871936,8
1839771,,19,11001219,2,7.2257178,8
1839773,,19,11001219,2,7.9482895,4
1840762,89,2,11001160,2,7.9307202,8
1841230,,11,11001211,2,3.4041157,2
1841231,,11,11001211,2,3.2209994,2
1841236,,19,11001219,1,4.6520571,8
1841239,,11,11001211,2,3.4250568,4
1841242,,11,11001211,2,4.2309355,4
1841259,,20,11001220,1,1.8046324,5
1841260,,20,11001220,1,1.8046324,4
1841311,,20,11001220,1,1.8046324,3
1841314,,20,11001220,1,1.8046324,8
1841335,,11,11001211,6,2.4676016,3
1841998,,,25899100,1,68.706905,4
1843409,96,3,11001146,1,16.8750598,10
1844380,,19,11001219,2,2.9227409,5
1844381,,19,11001219,2,7.5505367,12
1844384,,19,11001219,1,5.4511238,4
1844385,,19,11001219,2,11.0784786,10
1844388,,19,11001219,0,2.8551047,3
1844391,,19,11001219,2,3.6641127,3
1844398,,19,11001219,2,7.768662,10
1844403,,19,11001219,2,3.7421573,4
1844406,,19,11001219,2,4.5638986,2
1844414,,20,11001220,0,1.8046324,2
1845565,23,11,11001112,4,27.1926442,6
1845979,,20,11001220,1,1.8046324,4
1845989,,19,11001219,0,5.8007202,3
1845998,,19,11001219,0,7.1920755,15
1845999,,19,11001219,1,4.732033,10
1846141,,,25286200,2,1.131677,4
1870687,,,25899100,2,67.8709515,10
1870689,,,25899100,2,37.5697331,2
1870691,,,25899100,2,44.517189,3
1870692,,,25899100,2,67.9528055,5
1870694,,,25899100,2,69.4030356,8
1870706,,,25899100,1,51.3316902,8
1870712,,,25899100,2,64.2532763,2
1870714,,,25899100,2,84.7956758,5
1870715,,,25899100,2,61.6507143,5
1870716,,,25899100,2,87.3283896,4
1870719,,,25899100,2,68.2266411,5
1870725,,,25899100,2,58.7597843,8
1870729,,,25899100,2,50.2003026,5
1870732,,,25899100,1,75.9776496,10
1870743,,,25899100,2,76.7509613,10
1870750,,,25899100,1,48.7142092,3
1870757,,,25214100,2,14.6200474,8
1870758,,,25214100,2,18.5988427,8
1870759,,,25214100,2,14.6200474,8
1870761,,,25214100,2,8.9723478,4
1870785,,,25126100,3,46.4691719,8
1870787,,,25126100,3,29.1008217,24
1870788,,,25099100,2,4.2301544,2
1870793,,,25099100,3,4.2301544,2
1870800,,,25269100,2,71.8781375,8
1870807,,,25099100,2,4.2833482,4
1870811,,,25099100,2,2.1892654,4
1870814,,,25099100,2,8.7333918,10
1870819,,,25099100,2,6.9614787,8
1870830,,,25269100,2,58.3192054,10
1870860,,,25269100,1,41.1323782,4
1870863,,,25740100,2,15.0080254,4
1870867,,,25740100,2,8.6460289,3
1870869,,,25740100,2,15.1098981,6
1870871,,,25740100,2,10.1476766,3
1870876,,,25740100,2,14.366471,3
1870878,,,25260100,2,5.2939249,2
1870881,,,25260100,2,10.539834,14
1870884,,,25260100,2,11.9052743,2
1870890,,,25260100,2,8.2065631,3
1870891,,,25260100,2,7.1995579,8
1870906,,,25269100,2,63.4135565,2
1870932,,,25785100,3,3.225639,6
1870935,,,25785100,2,3.9268672,6
1870942,,,25214100,2,10.9862563,8
1870948,,,25214100,2,10.9862563,8
1870954,,,25214100,2,14.9020758,3
1870956,,,25214100,2,14.6483417,4
1870972,,,25377200,2,11.8885488,4
1870975,,,25799100,2,4.9663439,3
1870979,,,25898100,2,1.8002091,8
1870985,,,25799100,2,8.6277771,4
1870987,,,25214100,2,19.7731928,4
1870989,,,25377100,2,9.2080652,10
1871002,,,25473100,3,65.0909938,8
1871005,,,25269100,4,82.5429789,8
1871008,,,25269100,3,64.3019169,4
1871011,,,25817100,2,20.9037019,8
1871027,,,25269100,2,69.8592662,8
1871028,,,25269100,2,57.6486877,2
1871030,,,25175100,2,72.4405879,3
1871031,,,25175100,2,59.3179013,4
1871032,,,25175100,2,47.0054144,5
1871034,,,25175100,2,64.980837,3
1871038,,,25754100,1,431.3196428,3
1871042,,,25754100,2,354.865585,6
1871047,,,25754100,1,465.3633667,15
1871058,,,25295100,2,5.540223,3
1871069,28,11,11001122,3,130.8343928,6
1871073,81,8,11001128,2,28.8794685,6
1871109,70,19,11001132,1,20.0853588,6
1871121,51,4,11001145,2,35.5152046,4
1871126,50,4,11001136,2,39.7165489,2
1871129,802,8,11001175,3,101.7848819,3
1871136,51,4,11001145,2,28.6532362,4
1871145,51,4,11001145,2,40.5837862,4
1871156,95,3,11001139,2,5.2490219,3
1871158,95,3,11001139,2,12.4390712,2
1871168,83,8,11001141,2,7.7836038,8
1871178,802,8,11001175,2,72.6815999,8
1871181,802,8,11001175,2,94.410502,5
1871183,802,8,11001175,3,113.0943132,3
1871185,802,8,11001175,3,106.6166633,4
1871187,802,8,11001175,3,102.6652895,3
1871191,802,8,11001175,3,60.3086422,8
1871199,80,8,11001118,2,28.6940926,8
1871200,80,8,11001118,2,21.6597343,6
1871205,804,1,11001177,4,14.739985,3
1871211,802,8,11001175,3,82.8768409,8
1871216,11,1,11001158,3,29.5864518,2
1871220,75,9,11001124,3,60.7595672,3
1871224,80,8,11001118,2,27.8788568,4
1871230,83,8,11001141,2,19.0626777,4
1871232,83,8,11001141,2,13.4490682,3
1871240,80,8,11001118,1,25.5989636,3
1871242,80,8,11001118,1,25.8309904,10
1871243,80,8,11001118,2,13.4436475,24
1871245,80,8,11001118,1,15.4069098,10
1871248,80,8,11001118,1,21.2332437,8
1871265,36,18,11001192,3,25.0583419,2
1871273,44,8,11001102,3,40.1190557,3
1871285,80,8,11001118,2,24.3204346,2
1871286,80,8,11001118,2,30.2531581,10
1871288,804,1,11001177,4,19.452769,6
1871289,25,11,11001196,4,16.6206774,3
1871311,51,4,11001145,2,40.9444323,3
1871318,57,5,11001129,2,53.8579997,3
1871319,57,5,11001129,2,26.99039,5
1871320,57,5,11001129,2,60.8447838,15
1871324,57,5,11001129,2,51.1079241,6
1871326,57,5,11001129,2,88.3399883,12
1871327,57,5,11001129,2,75.5487418,4
1871335,57,5,11001129,2,60.6119765,5
1871338,57,5,11001129,2,25.5535281,10
1871339,57,5,11001129,2,51.4161373,3
1871346,57,5,11001129,2,71.4182349,4
1871350,57,5,11001129,2,71.0047066,3
1871353,57,5,11001129,2,43.1813422,6
1871361,57,5,11001129,2,43.4998286,5
1871364,57,5,11001129,2,60.1026184,8
1871430,30,10,11001108,3,49.2500802,3
1871439,30,10,11001108,3,63.6366597,10
1871469,83,8,11001141,2,16.1161751,3
1871473,30,10,11001108,2,107.0831992,15
1871499,51,4,11001145,2,33.6306865,5
1871502,30,10,11001108,3,89.0897022,10
1871522,51,4,11001145,2,25.3470789,3
1871524,51,4,11001145,2,30.0660551,4
1871525,51,4,11001145,2,25.9664204,2
1871526,51,4,11001145,2,28.863869,15
1871531,51,4,11001145,2,29.0901427,8
1871534,28,11,11001122,2,100.7612384,4
1871559,11,1,11001158,3,14.8632583,4
1871658,28,11,11001122,2,104.023066,8
1871683,80,8,11001118,2,24.8578401,3
1871692,95,3,11001139,2,7.9290267,3
1871693,95,3,11001139,2,7.9238562,15
1871696,95,3,11001139,2,9.4072103,4
1871699,44,8,11001102,2,50.5032785,4
1871715,28,11,11001122,2,87.879362,2
1871716,28,11,11001122,2,98.226913,2
1871718,32,4,11001157,2,34.0133799,2
1871735,98,12,11001142,3,17.3781374,3
1871763,95,3,11001139,2,9.7991774,8
1871770,95,3,11001139,2,10.3790055,3
1871772,95,3,11001139,2,11.7590129,4
1871782,92,3,11001137,2,5.9717512,3
1871789,57,5,11001129,2,69.8645182,8
1871791,57,5,11001129,2,70.1488548,4
1871798,57,5,11001129,2,45.8236394,2
1871814,44,8,11001102,2,35.9505835,2
1871816,44,8,11001102,2,31.2777846,8
1871925,812,5,11001185,2,27.7799324,3
1871927,20,11,11001195,5,18.0399727,3
1871934,812,5,11001185,1,29.2727391,4
1871956,80,8,11001118,2,26.0855388,4
1871960,80,8,11001118,2,24.6370515,8
1871966,812,5,11001185,2,24.2816479,3
1871968,812,5,11001185,1,18.7898459,4
1871972,812,5,11001185,2,25.3466252,12
1871976,109,13,11001116,5,14.4624046,3
1871979,812,5,11001185,2,20.5772297,5
1871983,812,5,11001185,2,18.4650964,2
1872001,69,19,11001131,3,71.7321853,2
1872004,812,5,11001185,1,19.9224354,8
1872007,109,13,11001116,5,11.3504408,18
1872025,114,9,11001150,4,16.4413671,3
1872031,94,17,11001134,2,4.9204093,12
1872055,812,5,11001185,1,20.2533585,4
1872056,36,18,11001192,3,22.1683807,3
1872057,36,18,11001192,3,23.1558746,3
1872065,112,9,11001130,4,28.5409318,3
1872078,813,9,11001186,3,9.7614276,10
1872091,812,5,11001185,1,19.7106173,8
1872092,812,5,11001185,1,18.0879444,3
1872097,35,15,11001113,3,8.8267608,21
1872112,9,1,11001194,2,44.6761729,2
1872120,9,1,11001194,2,66.8610286,10
1872126,812,5,11001185,1,15.5714353,4
1872137,812,5,11001185,2,24.8700066,3
1872156,114,9,11001150,4,20.5769225,4
1872157,114,9,11001150,4,13.4037891,4
1872170,32,4,11001157,2,37.8551575,4
1872187,80,8,11001118,2,14.8623654,3
1872190,80,8,11001118,2,37.2658625,2
1872195,80,8,11001118,2,28.5476053,8
1872198,80,8,11001118,2,23.577712,10
1872203,35,15,11001113,3,10.1949469,6
1872204,35,15,11001113,2,14.0023969,8
1872206,35,15,11001113,2,15.3213841,4
1872208,35,15,11001113,3,20.9702078,21
1872213,35,15,11001113,2,11.4565066,8
1872214,35,15,11001113,2,11.4565066,4
1872216,35,15,11001113,2,13.6148492,8
1872220,35,15,11001113,2,12.436352,6
1872221,35,15,11001113,2,10.7763154,3
1872223,38,15,11001156,3,32.5275771,3
1872227,38,15,11001156,3,29.4711816,3
1872230,38,15,11001156,3,55.0477369,4
1872231,38,15,11001156,3,56.4882416,10
1872232,38,15,11001156,3,49.2865988,4
1872240,114,9,11001150,4,14.6145486,3
1872251,38,15,11001156,3,33.1269918,8
1872260,38,15,11001156,3,20.3040689,10
1872289,810,10,11001183,3,46.6724743,8
1872351,114,9,11001150,4,18.8670639,8
1872400,36,18,11001192,3,25.3277864,2
1872405,806,11,11001179,3,35.0145239,4
1872418,12,1,11001170,3,26.0183198,10
1872421,12,1,11001170,3,25.6224422,8
1872450,19,11,11001121,3,48.8712783,10
1872460,50,4,11001136,2,34.9595637,3
1872466,50,4,11001136,2,41.7694294,8
1872471,50,4,11001136,2,42.8861039,3
1872475,53,18,11001191,2,26.5372087,2
1872478,53,18,11001191,2,26.5372087,2
1872489,53,18,11001191,2,27.6186689,3
1872490,71,11,11001166,2,95.6211062,5
1872491,53,18,11001191,2,39.2362469,6
1872500,50,4,11001136,2,53.16493,8
1872528,803,1,11001176,5,29.9368299,3
1872535,75,9,11001124,2,51.8988727,2
1872544,67,19,11001147,2,50.9121768,8
1872552,95,3,11001139,2,7.3654321,4
1872558,95,3,11001139,2,11.065137,3
1872559,95,3,11001139,2,10.1169615,6
1872573,98,12,11001142,3,17.735808,3
1872576,74,10,11001123,2,45.1037992,6
1872580,74,10,11001123,2,74.8225978,10
1872584,803,1,11001176,5,46.3935487,5
1872605,11,1,11001158,3,49.3910269,3
1872613,95,3,11001139,2,12.5885495,6
1872620,53,18,11001191,2,30.6042726,3
1872622,53,18,11001191,2,20.0850618,3
1872624,53,18,11001191,2,34.7152512,3
1872625,53,18,11001191,2,30.6042726,6
1872627,53,18,11001191,2,31.314835,8
1872631,32,4,11001157,2,50.386848,4
1872638,28,11,11001122,2,143.0317157,8
1872639,28,11,11001122,2,188.8576825,8
1872653,28,11,11001122,2,130.2008556,3
1872654,28,11,11001122,2,168.8056291,21
1872665,25,11,11001196,6,21.4955661,3
1872693,101,13,11001165,3,21.3178491,2
1872733,101,13,11001165,4,15.8922806,2
1872768,815,19,11001188,1,23.2368353,8
1872769,67,19,11001147,1,137.2933263,2
1872772,815,19,11001188,1,18.4609377,4
1872776,815,19,11001188,1,46.1717948,3
1872777,815,19,11001188,1,33.7587819,15
1872792,815,19,11001188,1,34.3674843,3
1872795,815,19,11001188,1,24.268426,8
1872832,41,16,11001151,3,25.4745857,3
1872858,41,16,11001151,3,22.7063131,2
1872886,36,18,11001192,3,21.2364283,3
1872891,30,10,11001108,3,74.3460233,4
1872933,72,10,11001105,3,40.3214499,4
1872949,36,18,11001192,3,28.400737,8
1872954,13,1,11001144,4,62.40804,4
1872956,74,10,11001123,2,39.7365656,8
1872962,74,10,11001123,2,55.9675913,3
1872966,74,10,11001123,2,50.7925619,7
1872978,812,5,11001185,2,30.835313,2
1872979,812,5,11001185,2,20.8712728,4
1872981,74,10,11001123,2,66.6622531,12
1872983,80,8,11001118,2,19.2040924,2
1872984,74,10,11001123,2,57.0562333,4
1873000,44,8,11001102,4,39.1412628,8
1873001,44,8,11001102,4,44.3834365,2
1873003,44,8,11001102,4,35.6566934,5
1873004,44,8,11001102,2,37.6415778,3
1873005,44,8,11001102,2,29.6196841,2
1873006,74,10,11001123,2,54.1422071,3
1873012,74,10,11001123,2,48.4173911,8
1873014,74,10,11001123,2,54.124559,6
1873016,80,8,11001118,2,23.3593004,3
1873031,74,10,11001123,2,75.7950447,12
1873041,74,10,11001123,2,44.4132697,2
1873051,80,8,11001118,2,25.3330534,3
1873053,43,16,11001161,3,21.1397769,6
1873073,80,8,11001118,2,15.4217068,4
1873079,43,16,11001161,3,21.6239477,8
1873081,74,10,11001123,2,49.2041445,6
1873091,114,9,11001150,4,17.8548398,3
1873094,74,10,11001123,2,51.5652816,18
1873117,12,1,11001170,4,31.6020819,4
1873130,57,5,11001129,2,65.956059,3
1873136,57,5,11001129,2,66.7806872,4
1873143,74,10,11001123,2,48.5534377,4
1873146,114,9,11001150,4,15.8393824,3
1873148,114,9,11001150,4,20.12864,8
1873166,83,8,11001141,2,9.6144277,3
1873181,74,10,11001123,2,52.8698053,5
1873186,114,9,11001150,4,25.1359648,12
1873191,74,10,11001123,2,68.6499691,8
1873197,74,10,11001123,2,75.9341963,10
1873215,9,1,11001194,3,42.1151833,4
1873226,50,4,11001136,2,43.6892674,4
1873228,50,4,11001136,2,29.4976258,15
1873230,50,4,11001136,2,41.5627074,10
1873231,50,4,11001136,2,36.5987096,8
1873232,50,4,11001136,2,36.976425,15
1873234,50,4,11001136,2,39.8093269,2
1873273,12,1,11001170,3,23.9142793,4
1873296,66,19,11001159,1,31.7934696,8
1873306,67,19,11001147,1,72.318738,10
1873309,67,19,11001147,1,57.8693781,10
1873310,67,19,11001147,1,46.69335,2
1873311,67,19,11001147,1,108.8765987,15
1873355,33,4,11001163,3,18.363999,2
1873358,36,18,11001192,3,24.825403,4
1873362,80,8,11001118,2,25.868286,8
1873365,80,8,11001118,2,18.6874403,6
1873371,36,18,11001192,3,27.3619554,3
1873389,80,8,11001118,2,28.15886,3
1873390,80,8,11001118,2,18.8339276,3
1873395,,,25740100,2,16.5338775,12
1873401,,,25377100,2,9.5490792,6
1873405,,,25099100,2,8.6477996,4
1873406,,,25099100,2,10.0699434,6
1873407,,,25099100,2,4.469888,3
1873408,,,25099100,2,3.5533297,2
1873409,,,25099100,2,6.9365435,2
1873412,,,25099100,2,6.6878761,3
1873428,,,25099100,2,6.9545242,4
1873432,,,25430100,3,77.5269929,4
1873434,,,25430100,3,48.6113877,2
1873438,,,25430100,3,72.6099788,3
1873439,,,25430100,3,44.532239,5
1873461,,,25799100,2,5.0018789,2
1873474,,,25269100,3,62.650404,2
1873494,,,25286200,1,1.131677,6
1873504,,,25430100,2,44.1921707,2
1873506,,,25430100,3,57.6828248,3
1873518,,,25430100,3,61.8255204,4
1873519,,,25430100,3,44.5325793,5
1873525,,,25430100,3,71.5605961,10
1873529,,,25430100,3,46.6834712,2
1873543,,,25430100,3,65.5104851,8
1873545,,,25430100,3,56.8978088,3
1873546,,,25430100,3,62.0366218,4
1873547,,,25430100,3,59.2961912,8
1873549,,,25430100,3,63.6011215,10
1873551,,,25430100,3,84.585684,18
1873552,,,25430100,3,62.0366218,8
1873553,,,25430100,3,75.2143233,18
1873555,,,25430100,4,62.839734,4
1873557,,,25430100,4,69.3819992,4
1873562,,,25260100,2,9.1079358,7
1873563,,,25260100,2,10.2388641,4
1873564,,,25260100,2,14.1772443,5
1873582,,,25817100,2,11.3596407,4
1873595,,,25290100,3,49.5950368,2
1873596,,,25817100,2,14.5081766,8
1873612,,,25817100,2,13.0112732,3
1873613,,,25290100,,68.9789499,6
1873616,,,25290100,2,84.953149,8
1873620,,,25817100,2,13.0080368,5
1873631,,,25290100,3,55.1636514,2
1873633,,,25290100,3,60.3261266,2
1873638,,,25290100,2,71.4017851,3
1873652,,,25754100,2,424.3112908,3
1873654,,,25754100,3,313.2684039,4
1873656,,,25754100,3,239.5342699,3
1873658,,,25754100,3,267.0898027,8
1873660,,,25754100,3,294.8893132,8
1873661,,,25754100,3,289.4614253,4
1873663,,,25754100,3,285.9532734,4
1873664,,,25754100,3,246.2872894,5
1873665,,,25754100,3,305.0026715,8
1873667,,,25754100,3,330.0938985,4
1873673,,,25754100,3,313.687013,3
1873677,,,25817100,2,5.8634118,4
1873683,,,25769100,2,3.6386818,2
1873684,,,25769100,2,5.7208754,5
1873685,,,25769100,2,5.9952893,3
1873686,,,25769100,2,6.0920549,5
1873687,,,25377100,2,9.0653257,7
1873695,,,25377100,2,10.0040531,8
1873703,,,25769100,2,2.1055856,4
1873705,,,25769100,2,3.5322067,2
1873706,,,25769100,2,3.2874275,3
1873707,,,25769100,2,4.8165385,3
1873709,,,25377100,2,8.3573376,5
1873723,,,25295100,2,7.7369345,4
1873724,,,25295100,2,7.7369345,4
1873725,,,25295100,2,11.0023782,2
1873730,,,25295100,2,3.9502587,8
1873731,,,25758100,3,15.810927,8
1873734,,,25758100,3,10.9532187,8
1873741,,,25758100,3,11.6094219,8
1873743,,,25758100,3,10.2684496,10
1873747,,,25758100,3,9.9585068,8
1873751,,,25758100,3,7.7920463,3
1873761,,,25758100,3,14.4687222,7
1873769,,,25126100,2,29.877048,4
1873775,,,25126100,2,28.3444043,8
1873777,,,25126100,3,29.5420863,8
1873782,,,25126100,3,26.8616978,6
1873783,,,25126100,3,28.3391486,15
1873787,,,25295100,2,7.5490973,2
1874185,74,10,11001123,2,52.7187263,6
1874500,58,5,11001117,1,33.0107282,3
1874580,95,3,11001139,2,10.4588304,18
1894547,,,25214100,2,14.0878261,3
1894590,,,25290100,2,86.1570951,7
1894689,,,25295100,2,11.0845472,3
1894713,802,8,11001175,2,82.8573502,10
1894725,78,8,11001168,3,15.7440324,3
1896217,80,8,11001118,2,21.5403209,4
1896295,78,8,11001168,2,12.7998224,5
1896377,812,5,11001185,1,19.0645352,2
1896379,812,5,11001185,1,21.4409207,6
1896578,79,8,11001110,2,55.9013154,6
1896603,802,8,11001175,2,86.1552031,4
1896692,79,8,11001110,2,55.8996689,4
1896816,26,10,11001140,3,45.162869,3
1896956,78,8,11001168,2,13.6467235,3
1897125,11,1,11001158,2,32.5398345,10
1897246,28,11,11001122,2,151.086146,4
1899853,,19,11001219,1,6.4422372,4
1899855,,11,11001211,2,3.4250568,4
1899863,,20,11001220,1,1.8046324,6
1899864,,20,11001220,1,1.8046324,8
1899895,,19,11001219,1,7.8738455,8
1899916,,19,11001219,2,9.9353619,8
1899920,,20,11001220,1,1.8046324,5
1899921,,11,11001211,5,4.4781524,15
1899936,,5,11001205,2,5.288366,7
1899937,,5,11001205,2,11.8707393,5
1899946,,2,11001202,5,1.6984925,3
1899948,,2,11001202,2,1.6984925,4
1899949,,19,11001219,1,3.6422751,5
1899952,,5,11001205,2,2.2575161,3
1899953,,5,11001205,1,4.6780287,10
1899955,,5,11001205,1,6.6316765,6
1899956,,5,11001205,1,5.4175888,10
1899957,,19,11001219,1,5.0480486,3
1899959,,19,11001219,,7.1987975,16
1899960,,19,11001219,1,9.2320655,21
1899972,,19,11001219,1,7.7416968,18
1899979,,11,11001211,6,2.2230472,4
1908465,,,25377200,2,7.1830702,5
1908537,,,25899100,3,67.9072615,3
1908554,,,25899100,3,60.2903092,4
1908620,,,25899100,2,49.7325686,3
1908685,,,25214100,2,14.3917285,5
1908811,,,25377100,2,9.298947,8
1908888,,,25377100,2,6.9740926,10
1908897,,,25377200,2,9.6250356,15
1908900,,,25377200,2,11.8581589,4
1908957,,,25754100,3,334.8530109,3
1909111,,,25785100,1,5.0178904,5
1909113,,,25785100,3,4.9691772,8
1909174,,,25175100,2,61.4590101,4
1909211,,,25175100,2,53.6818382,7
1909286,,,25126100,5,37.7412824,4
1909291,,,25126100,2,44.9420866,2
1909317,,,25758100,3,12.6273379,4
1909396,,,25473100,3,67.8065637,3
1909397,,,25473100,3,63.786704,4
1909442,85,7,11001106,2,103.1390082,3
1909481,806,11,11001179,5,25.7197267,5
1909929,67,19,11001147,2,97.0686746,10
1910032,98,12,11001142,3,16.257824,6
1910088,21,12,11001143,3,21.9909574,8
1910094,95,3,11001139,2,9.155436,5
1910104,33,4,11001163,3,18.7533182,2
1910118,810,10,11001183,3,20.8830503,2
1910152,25,11,11001196,3,20.3211667,4
1910199,86,7,11001120,2,56.8973244,12
1910282,28,11,11001122,2,99.7461271,12
1910420,44,8,11001102,3,30.3205464,4
1910576,42,6,11001172,2,71.7025315,3
1910713,24,11,11001152,4,34.38812,4
1910722,47,8,11001133,3,27.453714,8
1911063,83,8,11001141,2,16.1143758,2
1911105,78,8,11001168,2,16.1917316,3
1911201,812,5,11001185,1,28.0285105,7
1911533,79,8,11001110,2,44.8932965,3
1911604,48,8,11001167,3,56.5492281,8
1911651,79,8,11001110,2,65.9833247,4
1911823,71,11,11001166,2,109.4372027,4
1911830,71,11,11001166,2,136.5048623,3
1911873,807,12,11001180,3,26.1815477,8
1912061,28,11,11001122,2,127.7686054,8
1912275,112,9,11001130,4,31.3276919,3
1912398,815,19,11001188,1,21.7351902,4
1912571,38,15,11001156,3,27.5799204,15
1912609,74,10,11001123,2,60.1496364,8
1912618,35,15,11001113,2,12.1390342,3
1912793,34,4,11001101,2,17.9028195,6
1912839,816,2,11001189,1,52.0057373,8
1912929,35,15,11001113,3,13.4480831,5
1912990,71,11,11001166,3,115.2353262,8
1913119,35,15,11001113,3,12.9145766,4
1913145,74,10,11001123,2,56.3980341,2
1913157,74,10,11001123,2,32.0322554,10
1913179,80,8,11001118,2,21.6917388,3
1913393,102,14,11001138,3,19.1346119,3
1913402,80,8,11001118,2,30.2014353,3
1913422,36,18,11001192,3,27.7870495,3
1913515,50,4,11001136,2,67.9127292,4
1913650,107,13,11001154,4,17.6463886,3
1913810,41,16,11001151,3,20.402173,4
1913885,107,13,11001154,4,18.1446451,3
1913934,67,19,11001147,2,77.0067389,12
1915026,,20,11001220,0,1.8046324,3
1915114,,,25899100,2,82.9021561,4
1915195,,,25740100,2,11.9018975,4
1915215,,,25899100,3,57.0668117,6
1915241,,,25899100,2,47.7553925,5
1915267,,,25377100,2,9.0695377,3
1915321,,,25214100,2,21.8917491,8
1915359,,,25214100,2,14.2008017,3
1915368,,,25430100,3,65.8846569,8
1915371,,,25214100,2,19.3176386,4
1915382,,,25214100,2,16.2444971,8
1915383,,,25214100,2,14.0878261,6
1915398,,,25214100,1,17.9849789,4
1915436,,,25290100,3,49.5950368,2
1915503,,,25377200,2,10.5827497,8
1915523,,,25295100,2,8.1877846,3
1915524,,,25295100,2,11.5377943,5
1915566,,,25754100,3,209.2345789,4
1915571,,,25754100,3,312.8538,3
1915634,,,25175100,2,68.8313367,4
1915637,,,25175100,2,54.5020891,5
1915639,,,25175100,3,57.5041734,2
1915646,,,25290100,3,62.6765235,4
1915654,,,25290100,3,77.0889327,2
1915688,,,25785100,9,4.1518614,2
1915774,,,25175100,2,56.3523281,4
1915803,,,25377100,2,7.6430229,3
1915879,,,25758100,3,12.5503273,15
1915900,,,25286200,1,1.131677,2
1915931,,,25758100,3,11.7023575,4
1915945,,,25473100,2,70.6361627,3
1915953,,,25473100,2,49.2673648,6
1915965,,,25473100,2,77.317217,4
1915974,,,25758100,3,12.3528306,8
1915985,,,25758100,3,12.2710094,3
1916049,,,25286200,1,1.131677,2
1916078,,,25099100,2,9.7579621,5
1916115,,,25377200,2,8.691065,3
1916134,,,25099100,2,3.4750244,5
1916160,,,25269100,2,62.404278,3
1916163,,,25269100,2,66.2634467,2
1916210,85,7,11001106,2,84.2959665,2
1916213,85,7,11001106,2,78.797883,6
1916286,79,8,11001110,2,95.9212432,3
1916291,54,18,11001148,2,108.6949248,24
1916584,83,8,11001141,2,13.4490682,3
1916685,74,10,11001123,2,74.1618249,5
1916728,79,8,11001110,2,75.6845406,5
1916808,33,4,11001163,3,17.6028667,6
1916834,11,1,11001158,3,34.0342892,8
1916836,33,4,11001163,3,20.7000747,6
1916855,33,4,11001163,3,25.5841495,10
1916924,810,10,11001183,3,26.871308,8
1916996,80,8,11001118,3,26.405627,2
1917151,44,8,11001102,3,35.9505835,2
1917242,812,5,11001185,0,19.497921,3
1917287,45,8,11001111,3,25.3647631,8
1917364,812,5,11001185,1,21.4409207,6
1917368,812,5,11001185,1,23.5220603,21
1917374,42,6,11001172,2,106.4154062,2
1917395,42,6,11001172,2,57.5882939,2
1917406,57,5,11001129,2,80.6529199,15
1917554,33,4,11001163,3,25.6131161,3
1917559,49,7,11001103,3,13.651609,8
1917657,85,7,11001106,2,83.6302577,5
1917681,67,19,11001147,1,80.5169509,4
1917684,67,19,11001147,1,66.7047858,2
1917851,80,8,11001118,2,20.1470758,3
1917913,78,8,11001168,2,13.5603629,8
1917920,72,10,11001105,3,46.7602659,4
1918015,812,5,11001185,1,18.2532783,2
1918063,95,3,11001139,2,6.1158678,2
1918086,36,18,11001192,3,21.5278134,4
1918088,41,16,11001151,3,16.5945839,3
1918209,79,8,11001110,2,62.0117121,3
1918272,79,8,11001110,2,64.7757896,8
1918286,114,9,11001150,4,20.1641745,4
1918309,12,1,11001170,3,29.6519409,21
1918344,812,5,11001185,1,17.1324486,3
1918358,812,5,11001185,1,38.3262004,8
1918367,33,4,11001163,3,21.3100239,4
1918392,79,8,11001110,2,58.6113917,4
1918455,48,8,11001167,2,51.6920056,5
1918464,79,8,11001110,2,39.6971398,2
1918471,812,5,11001185,1,38.3262004,8
1918614,67,19,11001147,1,81.1042545,4
1918627,71,11,11001166,2,108.5659983,5
1918738,79,8,11001110,2,71.9780846,5
1918844,812,5,11001185,1,20.5683942,8
1918878,28,11,11001122,2,143.2023825,35
1918907,36,18,11001192,3,24.7118326,3
1919078,112,9,11001130,4,30.8571845,8
1919137,815,19,11001188,1,35.5007206,8
1919145,815,19,11001188,1,19.4601351,4
1919231,80,8,11001118,2,34.3810287,4
1919241,80,8,11001118,2,9.912644,14
1919288,80,8,11001118,2,28.7781006,8
1919405,42,6,11001172,2,58.7912718,4
1919553,57,5,11001129,2,31.5475656,10
1919961,74,10,11001123,2,61.7977092,3
1919975,58,5,11001117,2,42.9368763,10
1919977,58,5,11001117,2,31.5301515,10
1920017,67,19,11001147,1,47.3195514,2
1920076,812,5,11001185,1,15.806508,4
1920170,44,8,11001102,2,40.3505739,4
1920331,42,6,11001172,2,106.7568663,8
1920419,94,17,11001134,2,12.2359624,3
1920451,32,4,11001157,2,43.0850857,8
1920455,50,4,11001136,2,61.3700635,3
1920612,57,5,11001129,2,70.4096306,6
1920733,48,8,11001167,2,49.0122718,6
1920734,48,8,11001167,2,43.8434891,2
1920887,30,10,11001108,3,82.6066926,4
1920905,73,10,11001127,3,77.3343351,3
1920937,51,4,11001145,2,44.8980101,10
1920967,810,10,11001183,3,38.691699,4
1920974,810,10,11001183,3,30.9378523,2
1920993,810,10,11001183,4,45.6938615,8
1921006,67,19,11001147,1,81.4323487,3
1921066,77,9,11001173,3,30.5092855,10
1921072,75,9,11001124,3,50.0681344,4
1921082,73,10,11001127,2,66.2816989,8
1921091,75,9,11001124,3,55.2081115,7
1921099,75,9,11001124,3,54.3309185,4
1921113,75,9,11001124,3,51.910926,3
1921210,94,17,11001134,1,8.6883187,2
1921292,75,9,11001124,3,43.7283296,6
1921293,27,11,11001164,2,61.3928181,3
1921380,51,4,11001145,2,32.8632102,3
1921441,75,9,11001124,3,49.9994212,3
1921510,41,16,11001151,3,21.9257675,5
1921524,58,5,11001117,2,44.4626304,3
1926132,,19,11001219,1,9.0916491,8
1926152,,19,11001219,1,7.9269763,8
1926169,,,25295100,2,11.2713302,4
1926184,,,25214100,2,14.0878261,3
1926200,,,25785100,2,4.2470384,6
1926226,,,25899100,3,52.6733568,15
1926279,,,25899100,2,54.896943,2
1926355,,,25899100,3,55.4581469,3
1926397,,,25899100,2,64.6921364,5
1926416,,,25214100,2,10.2704733,3
1926423,,,25214100,2,19.4453765,5
1926427,,,25214100,2,17.2107672,4
1926474,,,25214100,2,11.6709924,3
1926483,,,25214100,2,13.9547688,3
1926501,,,25214100,2,13.711675,2
1926563,,,25290100,3,70.1844336,18
1926572,,,25290100,3,57.2332259,12
1926629,,,25740100,2,14.8364149,4
1926630,,,25740100,2,12.5765197,4
1926637,,,25377100,2,7.5038903,4
1926665,,,25286100,2,54.6828542,4
1926669,,,25377100,2,12.8811028,8
1926685,,,25754100,3,327.6870314,5
1926718,,,25214200,1,10.1645807,4
1926726,,,25286200,1,1.131677,4
1926747,,,25377100,2,7.3388849,4
1926947,,,25377100,2,11.2833655,8
1927021,,,25377100,2,12.8606245,3
1927027,,,25175200,3,10.5161487,4
1927028,,,25175200,1,7.4599889,8
1927036,,,25758100,3,6.2000936,3
1927043,,,25126100,3,50.7587459,4
1927062,,,25214100,2,16.2444971,4
1927082,,,25473100,2,38.0143993,2
1927098,,,25758100,3,9.1289466,4
1927106,,,25758100,3,12.3528306,4
1927143,,,25899100,2,63.9156197,4
1927148,,,25899100,1,48.1241492,4
1927169,,,25286200,1,1.131677,5
1927191,,,25799100,2,6.011233,2
1927193,,,25799100,2,10.7017125,3
1927207,,,25175100,2,60.9870133,5
1927255,,,25099100,2,7.0013102,8
1927258,,,25099100,2,11.1503022,3
1927278,,,25740100,3,9.0380591,5
1927293,,,25740100,2,8.7666634,4
1927299,,,25295100,2,7.8991784,3
1927320,,,25785100,2,4.0275817,3
1927619,82,8,11001153,2,59.9547585,16
1927694,43,16,11001161,3,35.5737689,18
1927696,35,15,11001113,3,15.3180876,8
1927697,812,5,11001185,1,32.9847946,5
1927770,75,9,11001124,3,52.2208122,5
1927788,75,9,11001124,3,56.8825126,5
1927792,75,9,11001124,3,68.9510247,10
1927812,80,8,11001118,2,29.9319459,24
1927816,80,8,11001118,2,23.4312247,10
1927901,50,4,11001136,2,33.856201,2
1927963,83,8,11001141,2,13.5962292,3
1927966,75,9,11001124,3,55.8889849,2
1928019,95,3,11001139,2,12.4128385,4
1928041,95,3,11001139,2,8.5829478,4
1928219,110,9,11001115,4,28.3410884,3
1928225,85,7,11001106,2,126.2728842,12
1928227,85,7,11001106,2,100.2041521,2
1928229,85,7,11001106,2,77.9751224,4
1928235,85,7,11001106,2,180.5291992,4
1928237,85,7,11001106,2,150.0875689,10
1928260,21,12,11001143,3,6.8076555,10
1928283,85,7,11001106,2,93.7627347,3
1928301,810,10,11001183,3,37.3433142,2
1928347,32,4,11001157,2,67.2438813,4
1928364,33,4,11001163,3,27.6062254,4
1928378,33,4,11001163,3,24.4823503,4
1928391,95,3,11001139,2,7.7842541,3
1928404,95,3,11001139,2,6.1218077,10
1928408,23,11,11001112,4,29.3238923,8
1928426,29,10,11001149,3,42.3724136,2
1928460,33,4,11001163,3,30.5929809,2
1928473,35,15,11001113,3,11.0012124,3
1928495,58,5,11001117,2,41.1163644,3
1928587,812,5,11001185,1,20.3632072,8
1928590,812,5,11001185,1,16.5215417,6
1928604,812,5,11001185,1,22.5371161,8
1928624,812,5,11001185,1,18.3050976,4
1928737,812,5,11001185,1,17.578938,4
1928784,57,5,11001129,2,54.5541217,4
1928832,33,4,11001163,3,27.2301635,4
1928906,47,8,11001133,3,49.4739135,14
1928907,47,8,11001133,3,33.467349,12
1928914,47,8,11001133,3,47.5311729,3
1928985,44,8,11001102,3,26.2582601,4
1929022,49,7,11001103,3,14.1534505,5
1929039,67,19,11001147,1,63.7126323,8
1929048,96,3,11001146,,29.1983945,8
1929162,36,18,11001192,3,24.8413807,6
1929216,98,12,11001142,3,11.2237251,6
1929318,23,11,11001112,3,25.5056685,4
1929352,12,1,11001170,3,36.2930306,3
1929390,812,5,11001185,1,17.6480509,8
1929583,79,8,11001110,2,62.0117121,3
1929608,79,8,11001110,2,59.9848406,4
1929642,45,8,11001111,3,38.3640037,2
1929689,73,10,11001127,3,81.0760266,2
1929715,79,8,11001110,2,57.5198417,10
1929716,79,8,11001110,2,56.7607758,4
1929727,14,1,11001193,5,25.6283457,3
1929745,33,4,11001163,3,17.5103967,2
1929752,33,4,11001163,3,19.5681595,2
1929757,33,4,11001163,3,17.2926128,2
1929760,79,8,11001110,2,51.2428725,6
1929774,79,8,11001110,2,64.850044,10
1929798,79,8,11001110,2,45.972743,6
1929804,810,10,11001183,3,30.4381388,6
1929850,812,5,11001185,1,19.4829753,6
1929978,67,19,11001147,1,77.0924999,12
1929997,36,18,11001192,3,39.4859962,4
1930001,101,13,11001165,4,21.674769,2
1930010,42,6,11001172,2,97.1287249,10
1930054,807,12,11001180,3,26.1815477,4
1930082,79,8,11001110,2,68.2128833,3
1930104,11,1,11001158,1,33.6553224,4
1930111,79,8,11001110,2,58.6113917,8
1930132,101,13,11001165,4,20.8969192,6
1930150,79,8,11001110,2,58.8020766,4
1930165,808,13,11001181,4,23.2455612,3
1930204,808,13,11001181,4,27.3296874,10
1930209,808,13,11001181,4,26.9335936,3
1930249,28,11,11001122,2,114.4253726,8
1930427,98,12,11001142,3,25.1185935,4
1930447,112,9,11001130,4,37.0597875,5
1930457,112,9,11001130,4,27.65657,3
1930484,35,15,11001113,2,12.9550565,5
1930487,35,15,11001113,2,24.4033808,22
1930503,815,19,11001188,1,21.9743563,10
1930524,815,19,11001188,,20.0485053,15
1930587,815,19,11001188,1,18.2361222,3
1930589,815,19,11001188,1,22.768947,12
1930590,815,19,11001188,1,18.4345027,16
1930592,815,19,11001188,1,18.6723173,3
1930594,815,19,11001188,1,21.3407546,4
1930600,815,19,11001188,,19.4640004,3
1930602,35,15,11001113,3,11.0304009,3
1930650,80,8,11001118,2,22.1930182,4
1930663,80,8,11001118,2,19.1697785,4
1930787,98,12,11001142,3,18.5782504,8
1930797,74,10,11001123,2,77.892829,3
1930905,74,10,11001123,2,50.393276,4
1930908,74,10,11001123,2,58.1616379,4
1930930,57,5,11001129,2,54.3131706,10
1930931,57,5,11001129,2,66.4647577,4
1930967,32,4,11001157,2,26.9499923,3
1931011,44,8,11001102,2,32.674707,4
1931012,44,8,11001102,2,37.6086841,8
1931099,32,4,11001157,2,42.142179,3
1931167,71,11,11001166,2,130.8071476,15
1931189,24,11,11001152,5,37.2771839,6
1931324,74,10,11001123,2,58.3636885,8
1931325,74,10,11001123,2,69.0310876,5
1931332,74,10,11001123,2,68.5670007,4
1931355,58,5,11001117,2,47.6572685,5
1931358,44,8,11001102,2,40.3505739,8
1931361,80,8,11001118,2,16.2168226,3
1931398,67,19,11001147,1,46.7698435,2
1931419,37,14,11001162,3,46.5600578,4
1931447,812,5,11001185,1,28.3337458,2
1931453,812,5,11001185,1,23.1247671,4
1931504,92,3,11001137,2,8.1124252,6
1931524,44,8,11001102,2,31.4672449,4
1931527,44,8,11001102,2,28.8217433,2
1931548,44,8,11001102,2,46.6485796,10
1931562,44,8,11001102,2,35.2271365,8
1931587,102,14,11001138,2,8.8935712,12
1931631,32,4,11001157,2,50.9047747,3
1931679,102,14,11001138,2,15.5333864,5
1931718,30,10,11001108,3,50.5071567,2
1931826,32,4,11001157,2,50.4887738,6
1931983,41,16,11001151,3,18.943537,6
1931985,57,5,11001129,2,87.3306478,8
1931993,41,16,11001151,3,25.3055596,3
1932030,41,16,11001151,3,24.2780774,4
1932199,812,5,11001185,1,24.5858885,5
1932262,810,10,11001183,3,49.7910856,2
1932273,810,10,11001183,3,28.450743,2
1932342,810,10,11001183,3,35.8300256,10
1932365,21,12,11001143,3,18.0616076,6
1932437,77,9,11001173,2,29.2533089,4
1932440,77,9,11001173,2,33.8657512,3
1932477,75,9,11001124,3,49.8505965,16
1932481,75,9,11001124,3,39.2981078,4
1932519,75,9,11001124,3,40.671971,15
1932559,810,10,11001183,3,29.0230424,8
1932571,812,5,11001185,1,21.4648942,7
1932573,75,9,11001124,3,44.1633533,4
1932599,29,10,11001149,3,74.9235063,3
1932614,75,9,11001124,3,55.8889849,2
1932628,75,9,11001124,3,36.5195528,4
1932646,75,9,11001124,3,28.6629349,3
1932647,75,9,11001124,3,50.7038364,6
1932828,75,9,11001124,3,67.7225375,6
1932829,75,9,11001124,3,44.0383175,10
1932835,75,9,11001124,3,51.5932296,8
1932865,47,8,11001133,3,42.0922463,4
1932883,65,19,11001104,3,28.1825623,5
1933043,41,16,11001151,3,20.7483619,12
1933053,41,16,11001151,3,25.2681509,5
1933063,41,16,11001151,3,27.6001733,4
1933184,67,19,11001147,2,53.5014856,3
1933185,67,19,11001147,2,47.1396256,5
1933189,67,19,11001147,2,89.9208532,8
1934453,38,15,11001156,3,39.6720452,12
1934595,813,9,11001186,3,9.4624241,8
1993943,38,15,11001156,3,40.5864523,2
2005823,,,25269100,1,63.7323853,4
2162044,,,25175200,2,11.1533021,15
2162049,,,25175200,2,10.540805,3
2162052,,,25175200,2,13.4649883,4
2162053,,,25175200,2,16.2869453,6
2162059,,,25175200,2,6.6825406,4
2162066,,,25175200,2,10.0810887,4
2162067,,,25175200,2,8.2837605,4
2162071,,,25377100,3,10.2613846,2
2162073,,,25377100,3,13.5765543,8
2162074,,,25269100,1,56.7732693,4
2162076,,,25295100,1,4.4398432,5
2162077,,,25295100,1,10.9078394,2
2162079,,,25295100,1,8.8811182,3
2162080,,,25295100,1,12.4701156,3
2162081,,,25295100,1,11.041483,4
2162083,,,25295100,1,6.5666479,8
2162084,,,25295100,1,9.3010044,3
2162458,41,16,11001151,3,20.7580028,10
2162517,34,4,11001101,2,40.685252,4
2162520,34,4,11001101,2,30.8933441,2
2162541,18,11,11001109,3,39.4971604,4
2162543,18,11,11001109,3,55.6022089,15
2162546,18,11,11001109,3,47.9765648,5
2162580,18,11,11001109,3,42.3568167,8
2162623,37,14,11001162,3,12.3540843,2
2162632,37,14,11001162,3,13.4212077,5
2162639,37,14,11001162,3,24.931363,6
2162733,,20,11001220,1,1.8046324,8
2162967,38,15,11001156,3,29.8904361,4
2163081,75,9,11001124,3,56.0839023,10
2165292,37,14,11001162,3,18.6159512,4
2165787,85,7,11001106,2,120.444561,8
2165912,49,7,11001103,2,13.2634434,7
2165915,49,7,11001103,2,14.5481307,3
2166387,79,8,11001110,2,66.726324,10
2166472,39,18,11001155,3,43.9490788,4
2166569,81,8,11001128,2,44.5979692,3
2166582,81,8,11001128,2,29.8719587,8
2167129,49,7,11001103,2,11.7399387,7
2168060,,20,11001220,2,1.8046324,20
2168063,,5,11001205,1,7.3323587,3
2168214,,,25754100,2,536.8223219,6
2168603,67,19,11001147,1,42.0955165,4
2168604,67,19,11001147,1,66.126799,12
2168607,815,19,11001188,1,27.8780163,6
2168638,85,7,11001106,2,93.6449916,8
2169098,50,4,11001136,2,35.1436875,5
2169110,52,5,11001135,1,9.1240205,3
2169340,27,11,11001164,2,102.5658295,4
2169343,27,11,11001164,2,83.1006746,5
2169622,50,4,11001136,2,31.5724811,24
2170036,96,3,11001146,1,24.2756276,8
2170350,,20,11001220,1,1.8046324,12
2170355,,20,11001220,1,1.8046324,8
2170360,,20,11001220,1,1.8046324,6
2171902,,19,11001219,2,7.7807905,8
2176082,26,10,11001140,3,33.4167438,4
2176792,57,5,11001129,2,52.3983887,8
2176793,57,5,11001129,2,67.8519839,4
2180731,,20,11001220,1,1.8046324,3
2180734,,20,11001220,2,1.8046324,3
2181661,114,9,11001150,3,13.4386653,3
2181875,44,8,11001102,3,34.4402996,4
2181877,95,3,11001139,2,6.5334491,4
2182322,57,5,11001129,2,53.0851319,18
2183518,,,25290100,3,54.1036765,2
2183541,,,25740100,2,10.5350273,12
2183680,,,25286100,3,57.2678526,8
2183879,52,5,11001135,1,6.3779436,2
2184233,79,8,11001110,2,75.932944,10
2184710,116,10,11001197,3,6.5747986,3
2184790,76,9,11001125,3,14.3264843,4
2184855,95,3,11001139,2,9.5257805,4
2184871,29,10,11001149,3,55.8808533,4
2185058,80,8,11001118,2,24.2625305,3
2185353,,,25099100,2,3.9636139,4
2185425,,,25099100,3,9.7380764,5
2185426,,,25099100,2,8.089008,4
2185513,51,4,11001145,2,21.514006,4
2185914,44,8,11001102,3,41.3685757,8
2185943,44,8,11001102,3,43.8762798,5
2185996,50,4,11001136,2,23.2525125,4
2186184,,,25099100,3,5.6081888,4
2186257,51,4,11001145,1,21.8197145,3
2186275,51,4,11001145,1,27.1437624,10
2186397,51,4,11001145,2,30.7685283,3
2186403,51,4,11001145,2,21.6003703,8
2186465,,,25754100,3,334.1786969,4
2186517,,,25175100,2,48.0308701,2
2187144,,,25295100,3,7.3012773,4
2187316,55,18,11001119,1,29.9186434,4
2187691,85,7,11001106,2,114.3617221,10
2187724,82,8,11001153,2,38.6766981,7
2187742,85,7,11001106,2,91.5624473,4
2187771,32,4,11001157,2,59.6461649,8
2187820,73,10,11001127,3,69.5394763,10
2188913,14,1,11001193,4,25.197699,2
2188991,71,11,11001166,2,125.8802285,4
2189023,73,10,11001127,2,58.7327051,2
2189156,,,25785100,3,3.9320142,4
2189185,,,25377100,2,9.2664992,4
2189814,810,10,11001183,3,45.1782733,5
2189925,,,25817100,3,20.4799782,8
2189937,,,25817100,2,7.6582966,15
2190627,,,25899100,1,70.0780111,5
2190937,95,3,11001139,2,8.056504,2
2191110,74,10,11001123,2,57.9019817,2
2191122,30,10,11001108,3,45.2238236,3
2191124,74,10,11001123,2,47.2548517,3
2191131,30,10,11001108,3,54.0199905,3
2191133,73,10,11001127,3,57.8063049,6
2191165,30,10,11001108,3,45.4645736,2
2191175,74,10,11001123,2,76.5459417,10
2191204,74,10,11001123,2,51.8813678,5
2191218,73,10,11001127,3,60.1756248,10
2191261,74,10,11001123,2,69.2325215,4
2191264,74,10,11001123,2,36.1946095,2
2191311,74,10,11001123,2,54.9199753,8
2191315,74,10,11001123,2,74.1728768,3
2191323,74,10,11001123,2,70.3954541,4
2191334,73,10,11001127,3,62.4713792,4
2191345,74,10,11001123,2,44.1828222,5
2191346,74,10,11001123,2,44.8760617,24
2191373,74,10,11001123,2,57.8939261,6
2191375,74,10,11001123,2,51.9210137,3
2191388,29,10,11001149,3,52.5686492,3
2191411,74,10,11001123,2,50.7973414,3
2191414,73,10,11001127,3,60.9222727,3
2191433,112,9,11001130,4,28.8999883,3
2191439,112,9,11001130,4,22.0203604,4
2191441,112,9,11001130,4,26.1087463,4
2191452,112,9,11001130,4,22.4314201,5
2191454,112,9,11001130,4,24.5392476,2
2191457,112,9,11001130,4,28.8324857,3
2191458,112,9,11001130,4,29.3723395,4
2191486,112,9,11001130,4,28.8324857,3
2191490,112,9,11001130,4,30.7281048,3
2191516,112,9,11001130,4,17.0688448,3
2191530,26,10,11001140,3,30.9516196,3
2191601,116,10,11001197,3,3.5488381,7
2191604,26,10,11001140,3,38.2708728,8
2191608,26,10,11001140,3,28.5669298,2
2191633,26,10,11001140,3,25.9837179,3
2191642,810,10,11001183,4,20.8830503,2
2191653,26,10,11001140,3,39.626781,2
2191686,26,10,11001140,3,33.4408097,2
2191717,29,10,11001149,2,53.8978009,8
2191735,73,10,11001127,3,78.6283826,3
2191737,29,10,11001149,2,45.1582149,2
2191739,29,10,11001149,2,65.4946612,6
2191784,29,10,11001149,2,69.6483193,4
2191785,29,10,11001149,2,55.8808533,4
2191985,12,1,11001170,3,20.174324,6
2191998,12,1,11001170,3,18.5842125,2
2192233,,,25290100,3,65.4199511,8
2192244,,,25290100,4,56.6934769,3
2192246,,,25754200,2,3.4077942,3
2192248,,,25754200,1,2.0788607,3
2192260,,,25754200,1,3.4077942,6
2192262,,,25295100,2,8.8853004,10
2192270,,,25290100,3,57.0185634,4
2192272,,,25295100,2,11.1580306,6
2192273,,,25754200,1,2.2350962,3
2192281,,,25377200,1,6.8004484,4
2192284,,,25377200,1,11.0350903,6
2192293,,,25754200,2,1.8869468,4
2192294,,,25295100,2,10.1895705,10
2192298,,,25758200,2,3.5636966,3
2192304,,,25290100,4,63.2785379,10
2192309,,,25290100,2,86.1459694,5
2192313,,,25295100,2,11.0486158,8
2192316,,,25290100,3,53.0320116,7
2192318,,,25758200,3,3.4244065,4
2192319,,,25754200,2,2.631889,3
2192321,,,25754200,2,2.2925102,3
2192322,,,25754200,2,2.9988167,4
2192323,,,25290100,3,37.5353794,3
2192324,,,25290100,2,70.7966673,7
2192333,,,25758200,3,5.712505,4
2192337,,,25290100,2,40.1065079,5
2192338,,,25754200,1,2.9988167,4
2192343,,,25290100,3,72.4205855,4
2192348,,,25295100,2,11.2042682,15
2192349,,,25290100,3,71.5496604,3
2192354,,,25286200,2,1.131677,4
2192356,,,25286200,2,1.131677,10
2192359,,,25286200,1,1.131677,8
2192361,,,25099100,3,2.1892654,3
2192362,,,25286200,0,1.131677,4
2192363,,,25286200,1,1.131677,3
2192366,,,25099100,2,3.9441999,2
2192368,,,25099100,2,7.5525052,4
2192370,,,25286200,2,1.131677,12
2192372,,,25099100,2,6.3254242,8
2192373,,,25286200,1,1.131677,2
2192383,,,25286200,1,1.131677,3
2192384,,,25099100,2,9.7300684,6
2192387,,,25286200,1,1.131677,2
2192393,,,25286200,0,1.131677,4
2192395,,,25286200,1,1.131677,8
2192399,,,25286200,2,1.131677,3
2192401,,,25099100,2,4.6331503,5
2192402,,,25099100,2,5.5873822,21
2192406,,,25286200,0,1.131677,4
2192412,,,25175200,2,7.1870581,13
2192413,,,25099100,2,3.5415177,8
2192414,,,25099100,2,2.9865735,2
2192416,,,25286200,1,1.131677,4
2192418,,,25286200,2,1.131677,10
2192419,,,25286200,2,1.131677,15
2192421,,,25286200,0,1.131677,8
2192422,,,25099100,2,4.6105181,2
2192423,,,25099100,2,3.7584718,3
2192426,,,25099100,2,8.5100132,21
2192443,,,25286200,0,1.131677,4
2192444,,,25286200,0,1.131677,10
2192449,,,25286200,1,1.131677,8
2192466,,,25286200,1,1.131677,8
2192467,,,25286200,1,1.131677,3
2192468,,,25099100,2,7.4491172,4
2192476,,,25175100,3,63.9627459,8
2192479,,,25099100,2,4.9292688,4
2192480,,,25286200,2,1.131677,3
2192482,,,25099100,2,9.5861443,5
2192493,,,25286200,0,1.131677,6
2192495,,,25099100,2,7.9329647,10
2192696,,,25214100,2,5.1430272,6
2192699,,,25377200,2,8.1447314,8
2192700,,,25377200,2,6.4418311,5
2192708,,,25377200,2,7.8096023,4
2192711,,,25377200,2,6.7307296,12
2192714,,,25377200,2,13.8742266,20
2192717,,,25377200,2,8.792166,3
2192725,,,25817100,2,5.5148427,3
2192726,,,25377200,2,9.2748965,2
2192728,,,25377200,2,11.8032329,15
2192730,,,25817100,2,18.9616422,4
2192739,,,25377200,2,10.6949692,10
2192743,,,25377200,2,10.5523598,4
2192751,,,25758200,2,4.3169253,4
2192761,,,25785100,3,3.9063212,2
2192766,,,25286200,1,1.131677,8
2192770,,,25377200,2,6.8004484,4
2192773,,,25214100,3,13.5486866,6
2192782,,,25290100,2,60.5749592,3
2192783,,,25817100,2,7.7383912,2
2192785,,,25377200,2,14.564634,21
2192790,,,25377200,2,8.2619429,3
2192808,,,25377200,2,12.9035565,10
2192815,,,25769100,2,8.6074345,3
2192817,,,25214100,2,21.770486,4
2192818,,,25377200,2,8.3741624,8
2192819,,,25377200,2,7.4034923,4
2192821,,,25758100,2,19.4596025,8
2192827,,,25126100,3,26.6039404,4
2192838,,,25769100,2,8.203777,8
2192841,,,25817100,2,18.9616422,8
2192843,,,25758100,2,19.4596025,8
2192848,,,25769100,2,6.2275497,3
2192850,,,25377200,2,7.7830121,3
2192854,,,25377200,2,8.2923328,3
2192860,,,25817100,2,5.6039254,3
2192866,,,25214100,2,16.2444971,4
2192867,,,25377200,2,8.2923328,3
2192872,,,25817100,2,5.4249246,4
2192877,,,25377200,2,8.6445646,8
2192883,,,25758100,2,12.222175,6
2192884,,,25377200,2,4.0381498,5
2192885,,,25758100,3,9.8921193,10
2192890,,,25126100,2,30.8363259,3
2192891,,,25377200,2,10.5523598,8
2192893,,,25377200,2,5.9361441,4
2192895,,,25377200,2,8.2923328,3
2192897,,,25758100,3,4.9377914,10
2192899,,,25377200,2,10.6131396,8
2192904,,,25214100,2,12.4620672,10
2192914,,,25377200,2,10.4834861,12
2192918,73,10,11001127,4,87.7218254,4
2192919,74,10,11001123,2,70.8843114,8
2192921,73,10,11001127,3,59.5185244,4
2192922,73,10,11001127,2,77.4699768,2
2192925,74,10,11001123,2,50.0177759,4
2192948,809,16,11001182,3,6.0571845,27
2192955,94,17,11001134,3,5.4131845,3
2192961,809,16,11001182,1,11.755075,10
2192967,809,16,11001182,1,6.0571845,4
2192987,,,25473100,1,68.9428736,3
2193005,73,10,11001127,2,67.6914141,3
2193014,85,7,11001106,2,103.1390082,3
2193019,,,25473100,3,73.4021986,8
2193036,94,17,11001134,2,6.1765978,2
2193071,30,10,11001108,3,59.5172349,10
2193113,,,25785100,2,4.9811876,2
2193118,,,25785100,2,6.7024463,18
2193120,,,25785100,2,7.1220877,4
2193125,,,25785100,3,4.7683267,8
2193130,,,25785100,3,6.6874978,4
2193148,38,15,11001156,3,21.845916,3
220102,,19,11001219,2,6.7444121,8
220385,,20,11001220,0,1.8046324,5
222175,28,11,11001122,3,164.8021193,5
233400,,20,11001220,1,1.8046324,3
233578,79,8,11001110,2,89.3336884,6
234707,,20,11001220,,1.8046324,2
234724,,20,11001220,0,1.8046324,10
235439,51,4,11001145,1,27.306711,8
235452,51,4,11001145,1,35.113129,24
236761,,3,11001203,1,2.0296443,2
236774,,20,11001220,1,1.8046324,4
240364,47,8,11001133,3,52.4882236,5
240823,811,5,11001184,1,19.1811936,8
247739,,19,11001219,1,9.9695112,6
3000000,53,18,11001191,2,20.909167,4
3000005,814,3,11001187,3,12.5003186,3
3000017,78,8,11001168,2,13.6467235,3
3000026,101,13,11001165,4,17.0439047,5
3000028,53,18,11001191,2,15.3745302,5
3000032,36,18,11001192,3,25.3558691,3
3000035,36,18,11001192,3,20.539455,3
3000036,814,3,11001187,3,13.9161527,4
3000040,36,18,11001192,2,19.3080771,3
3000041,53,18,11001191,2,22.5274139,4
3000050,36,18,11001192,3,26.2435541,8
3000062,36,18,11001192,3,21.6407864,4
3000064,814,3,11001187,3,10.4845902,4
3000067,94,17,11001134,3,13.8062392,8
3000069,39,18,11001155,3,21.8240221,3
3000071,36,18,11001192,3,19.7167139,4
3000081,814,3,11001187,3,9.0258111,3
3000094,94,17,11001134,2,6.3825498,3
3000096,78,8,11001168,2,12.2820037,4
3000111,94,17,11001134,3,8.5192996,6
3000122,36,18,11001192,3,23.1778739,3
3000123,36,18,11001192,3,20.8402871,3
3000131,803,1,11001176,6,36.9065152,3
3000147,53,18,11001191,2,15.5573916,2
3000153,92,3,11001137,4,4.4576929,2
3000157,53,18,11001191,2,14.556664,3
3000161,92,3,11001137,2,5.6915363,8
3000162,36,18,11001192,3,31.3650183,3
3000172,36,18,11001192,3,31.3650183,6
3000179,78,8,11001168,2,15.7440324,3
3000181,21,12,11001143,3,12.9663462,10
3000195,101,13,11001165,4,11.4344941,3
3000227,21,12,11001143,3,11.8768557,3
3000233,53,18,11001191,2,18.6973574,8
3000234,36,18,11001192,3,19.3685725,4
3000238,36,18,11001192,3,17.6688206,2
3000240,36,18,11001192,3,15.882642,8
3000244,36,18,11001192,3,19.9515427,3
3000256,36,18,11001192,3,17.8592222,6
3000268,36,18,11001192,3,16.7620672,3
3000277,53,18,11001191,2,14.03698,4
3000291,36,18,11001192,3,16.5613731,2
3000310,817,2,11001190,6,44.7119007,3
3000312,36,18,11001192,3,19.0558019,3
3000325,36,18,11001192,3,19.9174868,4
3000332,53,18,11001191,2,16.7184415,2
3000336,817,2,11001190,6,24.0353944,3
3000342,53,18,11001191,2,16.1288428,4
3000343,53,18,11001191,2,22.5274139,4
3000353,36,18,11001192,3,24.0453182,4
3000359,53,18,11001191,2,16.4200873,3
3000362,36,18,11001192,3,23.3222894,8
3000381,53,18,11001191,2,14.5478418,3
3000389,36,18,11001192,3,20.1157052,15
3000402,36,18,11001192,3,21.453419,3
3000413,78,8,11001168,2,14.8079438,6
3000414,78,8,11001168,2,15.5771154,3
3000424,102,14,11001138,3,9.3446059,10
3000433,807,12,11001180,4,31.968587,3
3000435,807,12,11001180,3,34.9843629,8
3000436,807,12,11001180,3,34.9843629,8
3000441,21,12,11001143,3,18.3815737,5
3000447,78,8,11001168,2,13.3787016,4
3000462,102,14,11001138,3,9.3446059,5
3000483,807,12,11001180,4,40.8025628,4
3000490,101,13,11001165,4,14.0760728,3
3000502,807,12,11001180,3,27.8170759,3
3000504,42,6,11001172,2,82.1206664,4
3000508,21,12,11001143,4,18.4322946,3
3000510,807,12,11001180,3,30.071595,3
3000515,807,12,11001180,3,32.2335122,4
3000521,807,12,11001180,3,27.935351,3
3000532,816,2,11001189,4,43.6177151,8
3000536,807,12,11001180,3,25.9675991,6
3000537,816,2,11001189,2,27.9031485,4
3000547,807,12,11001180,3,31.2565905,3
3000553,816,2,11001189,3,36.705182,4
3000554,78,8,11001168,2,9.2369032,3
3000560,816,2,11001189,2,39.2559436,4
3000568,78,8,11001168,2,15.5771154,3
3000571,816,2,11001189,2,18.8127312,3
3000581,78,8,11001168,2,15.5291295,3
3000590,807,12,11001180,3,44.1254396,3
3000601,21,12,11001143,3,22.0274771,4
3000610,78,8,11001168,2,12.8775519,3
3000624,807,12,11001180,4,30.901271,5
3000635,78,8,11001168,2,14.2123957,4
3000638,78,8,11001168,2,16.2023193,4
3000677,92,3,11001137,2,3.9063855,3
3000683,814,3,11001187,3,13.1890248,5
3000689,814,3,11001187,3,11.9936325,3
3000697,814,3,11001187,3,10.5463179,6
3000699,92,3,11001137,2,4.928549,4
3000720,92,3,11001137,2,4.8948016,8
3000723,814,3,11001187,4,14.5827729,3
3000742,804,1,11001177,4,16.6861976,4
3000757,804,1,11001177,4,21.2857516,8
3000760,804,1,11001177,4,14.0495672,3
3000762,804,1,11001177,4,20.0835049,6
3000772,804,1,11001177,4,18.8663428,3
3000780,804,1,11001177,4,17.4304242,8
3000804,94,17,11001134,2,6.3825498,3
3000808,817,2,11001190,6,26.0871264,4
3000822,94,17,11001134,3,9.2832089,3
3000823,817,2,11001190,6,18.899387,5
3000836,94,17,11001134,2,10.8842246,6
3000839,94,17,11001134,3,9.2185049,4
3000840,94,17,11001134,2,5.470757,3
3000849,94,17,11001134,3,6.7885955,12
3000867,94,17,11001134,3,4.4347649,6
3000872,816,2,11001189,4,23.8235455,3
3000911,94,17,11001134,3,5.3178242,4
3000919,816,2,11001189,4,44.8617934,6
3000937,808,13,11001181,4,16.458416,3
3000979,816,2,11001189,3,38.1564251,2
3000980,100,13,11001126,4,22.2893304,3
3000991,817,2,11001190,5,30.2438861,5
3001002,101,13,11001165,4,14.1953978,4
3001039,817,2,11001190,4,29.6483539,6
3001045,101,13,11001165,4,14.2118994,2
3001047,94,17,11001134,3,2.9971215,3
3001063,101,13,11001165,3,12.4578433,2
3001084,100,13,11001126,4,11.0991535,5
3001088,100,13,11001126,4,25.3321031,6
3001093,808,13,11001181,4,25.2165529,3
3001098,94,17,11001134,3,3.3332372,3
3001099,817,2,11001190,4,32.9380195,3
3001100,101,13,11001165,4,12.1460053,2
3001122,816,2,11001189,4,28.1695137,4
3001138,817,2,11001190,4,26.43955,4
3001142,101,13,11001165,3,12.7431144,10
3001153,808,13,11001181,5,34.9781031,4
3001162,816,2,11001189,4,34.4624198,3
3001170,100,13,11001126,3,17.2688235,8
3001174,94,17,11001134,2,4.410053,3
3001180,101,13,11001165,4,8.8366176,3
3001190,100,13,11001126,4,14.3170681,3
3001193,100,13,11001126,3,28.1052558,40
3001200,101,13,11001165,4,17.3333634,4
3001210,100,13,11001126,4,14.781513,3
3001224,816,2,11001189,4,46.881901,3
3001230,37,14,11001162,3,22.1330739,10
3001292,78,8,11001168,2,11.9096379,4
3001296,37,14,11001162,3,17.9773157,4
3001298,78,8,11001168,2,9.9694924,4
3001302,78,8,11001168,2,14.9250826,3
3001307,802,8,11001175,2,70.4550855,8
3001309,78,8,11001168,2,9.5549892,4
3001316,78,8,11001168,2,15.1417777,3
3001317,78,8,11001168,2,12.8677983,3
3001333,79,8,11001110,2,46.8321163,4
3001334,802,8,11001175,3,84.4911464,10
3001339,78,8,11001168,2,16.2023193,4
3001342,78,8,11001168,2,19.487186,4
3001343,78,8,11001168,2,12.389389,4
3001345,78,8,11001168,2,14.1050104,4
3001359,802,8,11001175,2,80.6982899,6
3001361,78,8,11001168,2,12.9849371,6
3001369,78,8,11001168,2,13.1518541,3
3001387,42,6,11001172,2,51.9081514,3
3001388,42,6,11001172,2,46.047904,4
3001396,42,6,11001172,2,48.447608,3
3001403,101,13,11001165,3,9.0107789,2
3001408,42,6,11001172,2,55.7170923,4
3001412,42,6,11001172,2,63.2238543,5
3001414,42,6,11001172,2,48.447608,3
3001416,42,6,11001172,2,75.5839618,8
3001420,100,13,11001126,3,19.9106016,3
3001433,101,13,11001165,3,14.5600253,4
3001438,42,6,11001172,2,76.9836648,4
3001445,101,13,11001165,4,13.0074794,6
3001450,42,6,11001172,2,58.5029469,8
3001451,42,6,11001172,2,86.5586066,4
3001452,101,13,11001165,4,11.6455375,4
3001455,42,6,11001172,2,59.0003197,3
3001456,101,13,11001165,3,15.3626591,4
3001459,42,6,11001172,2,42.4340185,3
3001473,78,8,11001168,2,13.0444688,3
3001474,816,2,11001189,3,44.5096124,3
3001475,816,2,11001189,3,33.1251263,4
3001486,21,12,11001143,4,12.0896397,5
3001500,816,2,11001189,4,43.6177151,8
3001506,807,12,11001180,3,28.1584798,8
3001514,21,12,11001143,3,6.4727419,10
3001518,78,8,11001168,2,11.3282178,4
3001521,816,2,11001189,2,42.3458494,10
3001528,78,8,11001168,2,16.2023193,8
3001540,816,2,11001189,2,42.8361747,4
3001551,78,8,11001168,2,14.7312326,12
3001552,78,8,11001168,2,11.030034,5
3001559,21,12,11001143,3,9.4250107,8
3001563,42,6,11001172,2,92.9254429,3
3001571,21,12,11001143,3,17.8583508,2
3001572,807,12,11001180,3,29.2942772,4
3001574,78,8,11001168,2,11.1163946,4
3001577,807,12,11001180,3,25.7799006,4
3001591,816,2,11001189,3,42.4714467,8
3001596,807,12,11001180,3,21.3562682,3
3001598,816,2,11001189,2,15.4479263,5
3001600,100,13,11001126,3,22.7023465,8
3001605,816,2,11001189,3,66.1422073,6
3001613,807,12,11001180,3,23.9979533,8
3001625,21,12,11001143,3,11.0870031,5
3001636,21,12,11001143,4,20.3330558,4
3001643,78,8,11001168,2,13.6397968,6
3001663,37,14,11001162,3,27.5487571,5
3001665,36,18,11001192,3,18.9428922,3
3001671,804,1,11001177,4,15.8443299,3
3001672,804,1,11001177,4,17.6328582,3
3001675,814,3,11001187,2,11.9936325,3
3001678,102,14,11001138,3,8.6646117,15
3001679,102,14,11001138,3,16.5234221,10
3001680,814,3,11001187,3,9.0258111,3
3001684,814,3,11001187,3,13.9590978,4
3001685,814,3,11001187,3,8.3613248,4
3001687,37,14,11001162,3,18.4708447,3
3001692,37,14,11001162,3,14.6314264,6
3001738,92,3,11001137,2,2.600933,4
3001753,36,18,11001192,3,20.6973563,4
3001762,804,1,11001177,3,21.838958,3
3001781,102,14,11001138,3,16.9416913,4
3001782,814,3,11001187,3,13.1421981,5
3001800,53,18,11001191,2,17.9562588,5
3001813,814,3,11001187,3,13.2262261,8
3001820,53,18,11001191,2,15.9690199,4
3001824,814,3,11001187,1,9.0258111,3
3001830,808,13,11001181,4,22.7419726,3
3001837,53,18,11001191,2,12.2825386,4
3001846,36,18,11001192,3,23.414702,3
3001847,53,18,11001191,2,19.4847862,8
3001855,36,18,11001192,3,22.3428627,8
3001869,814,3,11001187,1,10.4845902,4
3001871,814,3,11001187,3,8.56207,3
3001878,813,9,11001186,3,8.9209837,2
3001879,102,14,11001138,3,15.8224234,3
3001880,814,3,11001187,3,10.0208492,8
3001892,804,1,11001177,3,21.7527849,8
3001899,814,3,11001187,3,5.5553553,5
3001907,37,14,11001162,3,17.4984772,3
3001916,814,3,11001187,3,11.0314247,4
3001920,102,14,11001138,2,15.006263,3
3001922,814,3,11001187,3,8.2087656,3
3001936,37,14,11001162,3,27.295539,3
3001947,92,3,11001137,2,3.9106114,5
3001952,36,18,11001192,3,31.7014949,3
3001957,37,14,11001162,3,22.3019807,3
3001966,92,3,11001137,5,5.1740172,3
3001967,814,3,11001187,3,18.8964363,14
3001970,36,18,11001192,3,19.8462642,6
3001972,14,1,11001193,4,17.6916637,8
3001982,37,14,11001162,3,21.6138999,6
3001985,814,3,11001187,3,13.2262261,4
3001988,53,18,11001191,2,19.1800953,3
3002005,814,3,11001187,3,10.2972979,2
3002007,102,14,11001138,3,5.9196613,3
3002009,814,3,11001187,3,10.2972979,2
3002018,808,13,11001181,4,20.0632869,3
3002040,36,18,11001192,3,21.3553688,8
3002045,36,18,11001192,3,19.803156,3
3002089,98,12,11001142,3,15.4486289,3
3002090,98,12,11001142,3,25.0680716,5
3002091,98,12,11001142,3,14.6320416,6
3002092,98,12,11001142,3,26.1436954,4
3002094,98,12,11001142,3,21.6757339,3
3002098,98,12,11001142,3,16.5240289,4
3002101,98,12,11001142,3,9.4197403,3
3002103,98,12,11001142,3,16.5934316,4
3002117,98,12,11001142,3,15.9641583,3
3002122,98,12,11001142,3,17.2768305,12
3002132,98,12,11001142,3,11.8589206,6
3002136,98,12,11001142,3,12.0819647,3
3002159,78,8,11001168,2,16.7279669,5
3002163,37,14,11001162,3,10.3351908,3
3002170,101,13,11001165,4,20.8000361,8
3002173,802,8,11001175,3,71.0824016,5
3002177,94,17,11001134,2,4.4194689,3
3002190,98,12,11001142,3,14.216206,6
3002192,78,8,11001168,2,15.5771154,3
3002196,78,8,11001168,2,16.7033023,8
3002198,21,12,11001143,3,23.8993545,2
3002199,808,13,11001181,5,17.416186,3
3002205,21,12,11001143,3,10.2104283,4
3002208,101,13,11001165,4,17.3048642,10
3002212,101,13,11001165,4,20.8000361,8
3002224,78,8,11001168,3,12.8775519,3
3002229,94,17,11001134,1,2.9371791,3
3002234,78,8,11001168,2,16.2023193,4
3002242,98,12,11001142,3,15.7364244,3
3002245,37,14,11001162,3,7.7460463,4
3002247,94,17,11001134,3,9.2444266,3
3002253,94,17,11001134,3,4.759428,6
3002257,78,8,11001168,3,12.5266502,2
3002269,109,13,11001116,4,12.1328981,5
3002272,94,17,11001134,1,4.4942124,3
3002278,37,14,11001162,3,21.0367876,10
3002285,94,17,11001134,1,6.4022043,3
3002302,802,8,11001175,3,71.2494173,3
3002309,109,13,11001116,4,7.4988023,3
3002312,78,8,11001168,3,15.7440324,3
3002319,37,14,11001162,3,24.9663045,4
3002321,78,8,11001168,2,13.5603629,4
3002322,101,13,11001165,4,22.6825911,5
3002343,808,13,11001181,4,19.1276534,3
3002344,109,13,11001116,4,6.3053211,3
3002353,37,14,11001162,3,17.4706035,3
3002356,78,8,11001168,3,14.1050104,4
3002370,98,12,11001142,3,14.9176553,5
3002372,109,13,11001116,4,16.666873,3
3002375,78,8,11001168,3,14.6706826,10
3002385,101,13,11001165,4,9.1792952,3
3002389,98,12,11001142,3,14.6021647,6
3002394,98,12,11001142,3,34.9164525,3
3002403,109,13,11001116,5,12.6059386,2
3002404,101,13,11001165,4,12.4269982,4
3002405,94,17,11001134,1,12.9343391,4
3002409,78,8,11001168,2,16.7033023,4
3002414,802,8,11001175,3,46.4612229,3
3002428,37,14,11001162,3,20.63307,3
3002429,98,12,11001142,3,20.3121222,4
3002431,78,8,11001168,2,12.5266502,2
3002433,21,12,11001143,4,20.5802646,4
3002459,804,1,11001177,3,21.3904113,3
3002464,110,9,11001115,3,10.9954994,3
3002470,53,18,11001191,2,18.0204089,4
3002472,814,3,11001187,3,7.4317087,8
3002478,814,3,11001187,4,9.0258111,3
3002504,53,18,11001191,2,18.1259062,2
3002521,817,2,11001190,6,25.8951867,12
3002524,817,2,11001190,6,26.335339,2
3002534,92,3,11001137,2,4.5017817,3
3002538,804,1,11001177,3,21.1817506,4
3002549,92,3,11001137,3,7.3508985,12
3002554,814,3,11001187,3,15.2587913,4
3002572,92,3,11001137,2,6.0275518,15
3002584,814,3,11001187,3,10.2584046,4
3002588,112,9,11001130,4,26.0099894,3
3002594,804,1,11001177,4,16.315398,2
3002597,92,3,11001137,2,7.5077918,4
3002610,814,3,11001187,3,12.5432637,3
3002619,53,18,11001191,2,15.3745302,5
3002622,804,1,11001177,2,19.2513702,3
3002631,817,2,11001190,6,23.9960491,2
3002640,92,3,11001137,3,7.3508985,4
3002646,816,2,11001189,1,43.1692313,3
3002652,53,18,11001191,2,18.2182379,6
3002662,53,18,11001191,2,18.8091829,3
3002667,53,18,11001191,2,18.969325,3
3002672,37,14,11001162,3,19.2700066,8
3002675,804,1,11001177,3,21.3904113,3
3002676,112,9,11001130,4,18.0576722,3
3002685,816,2,11001189,1,45.1406545,8
3002688,53,18,11001191,2,20.1115683,3
3002697,816,2,11001189,1,36.7290991,5
3002715,53,18,11001191,2,20.2748103,4
3002718,817,2,11001190,6,19.9094024,3
3002721,37,14,11001162,3,18.4527122,15
3002726,814,3,11001187,3,16.203081,3
3002740,804,1,11001177,2,18.6452442,8
3002748,110,9,11001115,5,24.3048225,4
3002755,804,1,11001177,3,19.5920647,3
3002757,53,18,11001191,2,18.6973574,4
3002763,53,18,11001191,2,22.2587589,8
3002774,814,3,11001187,3,15.1571718,3
3002785,816,2,11001189,1,40.3976134,4
3002787,14,1,11001193,6,14.3819634,3
3002801,817,2,11001190,6,38.9740783,4
3002810,817,2,11001190,6,29.2235493,8
3002813,14,1,11001193,6,13.1333015,3
3002815,814,3,11001187,3,7.7270767,4
3002834,36,18,11001192,2,25.1878879,3
3002837,92,3,11001137,2,2.9497988,3
3002841,817,2,11001190,6,28.9659143,4
3002855,53,18,11001191,2,20.5465466,8
3002856,112,9,11001130,4,28.0546505,3
3002906,817,2,11001190,5,46.3136802,4
3002907,817,2,11001190,6,31.736855,3
3002915,816,2,11001189,3,36.6182808,3
3002924,817,2,11001190,6,26.6716576,3
3002929,817,2,11001190,6,30.2028664,3
3002935,817,2,11001190,6,23.3373453,3
3002940,817,2,11001190,6,28.5152785,3
3002959,817,2,11001190,6,22.952109,3
3002977,813,9,11001186,3,12.7249865,8
3002978,813,9,11001186,3,6.2254429,10
3002981,816,2,11001189,2,44.2723833,21
3002985,813,9,11001186,3,15.1965172,4
3002987,37,14,11001162,3,24.845316,4
3002989,814,3,11001187,3,10.028679,3
3002999,112,9,11001130,4,21.6434457,4
3003000,813,9,11001186,4,7.1900519,3
3003001,817,2,11001190,6,36.2446857,4
3003003,814,3,11001187,3,11.997181,6
3003004,813,9,11001186,3,5.5484883,4
3003008,37,14,11001162,3,19.7372466,3
3003013,814,3,11001187,5,13.7329122,4
3003019,814,3,11001187,3,10.4763878,3
3003028,813,9,11001186,4,7.5751742,3
3003029,813,9,11001186,3,9.4624241,4
3003030,110,9,11001115,4,20.5372543,4
3003033,817,2,11001190,6,31.6056187,3
3003036,817,2,11001190,6,33.1482899,3
3003039,813,9,11001186,3,8.1106492,8
3003043,816,2,11001189,2,42.3458494,10
3003045,816,2,11001189,1,25.1256624,6
3003046,813,9,11001186,3,6.6587272,3
3003047,814,3,11001187,3,12.3902338,3
3003053,813,9,11001186,3,8.39555,2
3003058,813,9,11001186,3,12.2494698,12
3003061,813,9,11001186,4,10.8907347,3
3003062,817,2,11001190,6,22.7628608,3
3003080,36,18,11001192,3,20.1052714,4
3003091,813,9,11001186,3,10.8126263,2
3003095,37,14,11001162,3,22.963293,4
3003098,813,9,11001186,3,8.1371541,5
3003107,814,3,11001187,5,12.5003186,3
3003120,813,9,11001186,3,8.2064387,3
3003127,814,3,11001187,3,13.3262583,3
3003149,816,2,11001189,1,15.8401511,3
3003163,813,9,11001186,3,8.263298,3
3003176,36,18,11001192,3,18.7010186,3
3003180,37,14,11001162,3,20.8119603,3
3003186,98,12,11001142,3,13.8248047,10
3003189,78,8,11001168,2,16.0444937,3
3003194,37,14,11001162,3,18.4708447,3
3003213,94,17,11001134,2,5.8372281,4
3003214,94,17,11001134,2,6.4442673,3
3003224,21,12,11001143,2,9.4669081,4
3003230,802,8,11001175,2,73.0033452,4
3003253,98,12,11001142,3,17.13603,8
3003257,98,12,11001142,3,19.3488702,5
3003262,78,8,11001168,3,15.7440324,3
3003263,78,8,11001168,2,12.6093684,2
3003278,94,17,11001134,3,3.5449628,6
3003285,21,12,11001143,1,22.3008549,4
3003292,78,8,11001168,2,17.3596279,4
3003294,78,8,11001168,2,14.6706826,10
3003307,98,12,11001142,3,23.1637527,6
3003311,816,2,11001189,4,37.2827856,6
3003314,21,12,11001143,3,11.6545654,4
3003317,94,17,11001134,2,5.2212491,10
3003325,37,14,11001162,3,18.4198902,3
3003327,100,13,11001126,3,23.5653878,10
3003330,802,8,11001175,3,63.8848005,8
3003335,78,8,11001168,3,15.5771154,3
3003342,94,17,11001134,3,10.8884337,3
3003352,100,13,11001126,4,14.3170681,3
3003373,98,12,11001142,3,20.230685,3
3003382,37,14,11001162,3,14.9612882,5
3003387,802,8,11001175,2,70.4550855,4
3003391,817,2,11001190,6,19.9094024,6
3003405,816,2,11001189,3,26.8843702,2
3003409,94,17,11001134,2,4.4347649,6
3003434,802,8,11001175,2,78.2834283,8
3003458,100,13,11001126,3,15.6874007,4
3003466,78,8,11001168,2,13.7541087,3
3003471,21,12,11001143,3,25.8909674,4
3003494,98,12,11001142,3,22.301046,3
3003503,78,8,11001168,2,16.7916791,4
3003526,802,8,11001175,3,70.7446562,8
3003528,78,8,11001168,2,13.1985776,18
3003533,100,13,11001126,4,23.0397422,7
3003544,21,12,11001143,2,5.5480644,10
3003557,94,17,11001134,3,9.3774917,2
3003571,78,8,11001168,2,14.5165738,2
3003576,37,14,11001162,3,29.2573865,4
3003583,78,8,11001168,2,17.7500453,4
3003597,802,8,11001175,2,80.7276447,5
3003606,814,3,11001187,3,13.9211806,3
3003608,814,3,11001187,5,13.4524117,8
3003621,116,10,11001197,3,7.1500875,12
3003631,116,10,11001197,3,4.9758109,4
3003652,112,9,11001130,4,18.5351694,3
3003653,116,10,11001197,3,5.0426412,5
3003656,116,10,11001197,3,4.1527066,6
3003673,36,18,11001192,3,25.6118838,12
3003718,816,2,11001189,4,20.9030347,3
3003728,53,18,11001191,2,19.2410018,5
3003750,116,10,11001197,3,6.4160273,8
3003753,116,10,11001197,3,4.179727,2
3003784,816,2,11001189,5,36.206452,3
3003786,816,2,11001189,4,36.4850942,3
3003787,112,9,11001130,4,20.5946327,3
3003788,816,2,11001189,5,36.206452,3
3003815,37,14,11001162,3,15.3354508,6
3003821,814,3,11001187,3,10.0929151,3
3003849,814,3,11001187,5,12.2627632,3
3003858,116,10,11001197,3,6.5799146,3
3003873,116,10,11001197,3,3.7492455,8
3003877,817,2,11001190,6,25.5023434,3
3003885,116,10,11001197,3,3.0922541,8
3003890,817,2,11001190,6,28.8052302,3
3003901,816,2,11001189,2,32.5858068,3
3003906,112,9,11001130,4,22.9205429,6
3003910,116,10,11001197,3,5.077602,10
3003919,116,10,11001197,3,6.5315645,4
3003921,37,14,11001162,3,21.8768599,3
3003925,37,14,11001162,3,18.4708447,3
3003933,116,10,11001197,3,4.1900465,2
3003960,98,12,11001142,3,16.1014198,6
3004012,816,2,11001189,3,36.1660379,3
3004013,816,2,11001189,3,32.5858068,3
3004021,802,8,11001175,3,77.6045119,4
3004028,802,8,11001175,3,64.6791324,3
3004033,802,8,11001175,2,78.2834283,4
3004034,804,1,11001177,2,14.7938451,28
3004035,98,12,11001142,3,16.3065481,10
3004055,802,8,11001175,3,59.6374868,3
3004083,98,12,11001142,3,13.6565722,6
3004127,816,2,11001189,3,30.7332297,3
3004133,98,12,11001142,3,20.2319588,6
3004135,37,14,11001162,3,23.2217908,4
3004137,814,3,11001187,3,14.4752481,14
3004138,37,14,11001162,3,21.8768599,3
3004141,37,14,11001162,3,25.2955404,5
3004157,814,3,11001187,3,12.5003186,3
3004170,814,3,11001187,3,10.8632712,4
3004190,37,14,11001162,3,25.0968615,3
3004203,37,14,11001162,3,18.4708447,3
3004206,814,3,11001187,3,5.4666866,3
3004208,814,3,11001187,4,10.7650907,4
3004217,37,14,11001162,3,18.843408,4
3004219,814,3,11001187,3,11.5298915,3
3004220,814,3,11001187,3,8.7882556,6
3004221,37,14,11001162,3,21.4164998,3
3004225,814,3,11001187,3,8.4595053,4
3004239,37,14,11001162,3,14.790483,3
3004244,814,3,11001187,3,10.2584046,4
3004247,814,3,11001187,3,8.434508,3
3004254,814,3,11001187,3,10.2972979,2
3004258,37,14,11001162,3,17.4984772,3
3004267,814,3,11001187,3,11.9822626,6
3004268,814,3,11001187,3,15.4721919,10
3004273,814,3,11001187,3,10.1737877,4
3004276,814,3,11001187,3,7.8954498,4
3004279,37,14,11001162,3,13.9187892,3
3004283,814,3,11001187,3,10.0965527,3
3004296,814,3,11001187,3,9.0258111,3
3004304,814,3,11001187,3,11.9936325,3
3004307,37,14,11001162,2,19.6170967,2
3004308,37,14,11001162,3,19.8157755,4
3004318,814,3,11001187,3,9.0258111,3
3004322,37,14,11001162,3,17.3245926,4
3004332,37,14,11001162,3,14.2013278,5
3004342,814,3,11001187,3,10.2584046,4
3004344,814,3,11001187,3,11.7560771,6
3004352,816,2,11001189,4,32.5858068,3
3004355,13,1,11001144,4,47.5444486,8
3004370,816,2,11001189,4,23.4712682,5
3004371,816,2,11001189,3,35.9152599,3
3004381,816,2,11001189,4,32.5858068,3
3004388,816,2,11001189,3,32.5858068,3
3004393,816,2,11001189,3,39.6853244,6
3004394,110,9,11001115,4,17.7659569,8
3004400,110,9,11001115,4,18.4055702,3
3004404,804,1,11001177,3,19.6483907,4
3004417,804,1,11001177,3,17.2720062,6
3004427,816,2,11001189,3,33.2554321,8
3004431,110,9,11001115,4,21.2863945,8
3004445,816,2,11001189,3,32.5858068,3
3004447,816,2,11001189,3,39.2559436,8
3004470,816,2,11001189,3,29.2563537,3
3004473,816,2,11001189,4,32.5858068,3
3005036,94,17,11001134,1,5.5673389,8
3005051,37,14,11001162,3,13.7014486,4
3005053,37,14,11001162,3,11.5492866,4
3005055,94,17,11001134,2,9.1427486,3
3005058,808,13,11001181,4,13.9796186,2
3005068,37,14,11001162,3,19.7471692,4
3005074,109,13,11001116,4,10.4478909,3
3005075,101,13,11001165,4,12.6341665,4
3005076,37,14,11001162,3,24.5882568,3
3005093,37,14,11001162,3,20.5713318,8
3005105,101,13,11001165,4,11.9379955,2
3005113,94,17,11001134,2,4.6176652,2
3005135,109,13,11001116,4,15.0001857,3
3005145,110,9,11001115,4,16.1402693,3
3005150,816,2,11001189,2,32.5858068,3
3005156,814,3,11001187,3,8.56207,3
3005158,814,3,11001187,3,8.56207,3
3005165,816,2,11001189,2,24.7327182,3
3005169,816,2,11001189,5,35.1126049,12
3005177,110,9,11001115,4,17.2117461,3
3005182,37,14,11001162,3,20.7184788,3
3005216,814,3,11001187,4,7.9532623,4
3005227,816,2,11001189,3,47.5957497,4
3005233,110,9,11001115,4,20.2816418,3
3005247,37,14,11001162,3,15.3354508,6
3005252,817,2,11001190,6,25.9701249,3
3005265,816,2,11001189,3,40.1844865,3
3005290,13,1,11001144,4,56.3332429,4
3005291,110,9,11001115,4,20.8762094,4
3005302,37,14,11001162,3,21.8768599,3
3005304,13,1,11001144,5,35.0014023,4
3005325,37,14,11001162,3,16.0649936,16
3005326,816,2,11001189,3,34.3774106,3
3005333,110,9,11001115,4,19.4224344,4
3005339,102,14,11001138,3,8.1580981,3
3005367,110,9,11001115,4,14.3425617,4
3005376,814,3,11001187,3,8.4209444,3
3005391,110,9,11001115,4,20.2298228,3
3005426,102,14,11001138,3,15.5040814,3
3005430,110,9,11001115,4,17.2117461,3
3005456,814,3,11001187,4,7.2905832,4
3005459,37,14,11001162,3,23.5680586,4
3005461,110,9,11001115,4,19.3299762,3
3005466,817,2,11001190,6,32.3211395,3
3005473,92,3,11001137,2,5.5334668,3
3005484,37,14,11001162,3,17.4984772,3
3005486,26,10,11001140,3,78.0904379,3
3005496,37,14,11001162,3,21.4480841,4
3005505,37,14,11001162,3,21.9684538,3
3005523,37,14,11001162,3,19.2807855,2
3005526,76,9,11001125,3,15.5258925,3
3005534,83,8,11001141,2,14.8858304,3
3005539,802,8,11001175,3,64.6791324,3
3005540,802,8,11001175,2,66.4973425,6
3005542,802,8,11001175,2,66.2077718,6
3005543,802,8,11001175,2,69.6250596,10
3005544,802,8,11001175,2,63.8848005,8
3005545,802,8,11001175,3,60.1927615,3
3005550,802,8,11001175,2,67.708953,3
3005551,802,8,11001175,4,59.4786163,5
3005562,83,8,11001141,2,14.9558522,3
3005590,98,12,11001142,3,15.2459422,3
3005596,807,12,11001180,3,25.0628816,8
3005599,802,8,11001175,3,62.035493,3
3005600,802,8,11001175,3,62.3250637,3
3005613,802,8,11001175,2,56.9196178,4
3005615,802,8,11001175,3,64.6791324,3
3005616,802,8,11001175,3,66.8789271,4
3005618,802,8,11001175,3,93.8063125,6
3005626,802,8,11001175,4,63.8151675,4
3005629,94,17,11001134,3,6.8059403,6
3005634,83,8,11001141,2,12.4330966,3
3005636,802,8,11001175,2,75.0305055,4
3005654,807,12,11001180,3,32.4717694,8
3005661,807,12,11001180,3,26.4796117,15
3005668,807,12,11001180,3,29.3868648,4
3005673,802,8,11001175,3,71.538988,3
3005709,802,8,11001175,4,42.5524296,10
3005711,100,13,11001126,3,21.3579771,10
3005718,109,13,11001116,4,10.45712,3
3005719,109,13,11001116,4,14.6022559,3
3005727,44,8,11001102,3,50.9440274,10
3005731,808,13,11001181,4,17.4910627,3
3005742,37,14,11001162,3,17.6568745,3
3005744,101,13,11001165,4,13.5583987,5
3005746,100,13,11001126,3,17.9502986,6
3005754,44,8,11001102,3,33.9988273,10
3005756,100,13,11001126,3,16.4654055,8
3005765,100,13,11001126,3,22.7405383,10
3005770,13,1,11001144,4,56.0376732,3
3005799,100,13,11001126,3,18.3019674,8
3005815,101,13,11001165,4,14.179333,8
3005859,100,13,11001126,4,13.4568252,3
3005865,100,13,11001126,4,18.755639,8
3005883,101,13,11001165,3,14.6486028,4
3005893,109,13,11001116,4,6.4429437,7
3005897,808,13,11001181,4,18.5390696,4
3005900,71,11,11001166,4,153.9103544,6
3005906,817,2,11001190,6,56.2332912,5
3005915,816,2,11001189,3,27.9031485,8
3005924,816,2,11001189,2,38.9950278,2
3005927,26,10,11001140,3,40.5469582,3
3005928,26,10,11001140,3,42.5839364,4
3005929,98,12,11001142,3,21.5447914,12
3005933,26,10,11001140,3,38.3146395,4
3005940,26,10,11001140,3,40.5469582,3
3005943,83,8,11001141,2,14.5045576,6
3005948,817,2,11001190,6,31.5338063,4
3005949,26,10,11001140,3,44.9660471,8
3005951,83,8,11001141,2,14.8858304,3
3005953,26,10,11001140,3,48.7438937,4
3005954,26,10,11001140,3,36.4547356,14
3005962,34,4,11001101,2,38.1923744,5
3005964,817,2,11001190,6,47.4241809,8
3005965,26,10,11001140,3,39.8093358,6
3005967,817,2,11001190,6,27.2586792,3
3005969,71,11,11001166,3,129.0072562,3
3005974,12,1,11001170,3,20.1197544,3
3005976,65,19,11001104,2,26.3787239,3
3005978,26,10,11001140,3,44.8785031,3
3005979,12,1,11001170,3,16.2855686,5
3005982,83,8,11001141,2,14.8858304,3
3005983,37,14,11001162,3,20.9270151,8
3005999,12,1,11001170,3,20.7843727,10
3006005,12,1,11001170,3,23.0681422,3
3006019,26,10,11001140,2,40.6462856,3
3006026,37,14,11001162,3,18.9329233,8
3006033,817,2,11001190,6,24.6693477,4
3006036,65,19,11001104,2,35.752672,4
3006048,817,2,11001190,6,48.7727435,10
3006053,26,10,11001140,3,46.927946,3
3006054,817,2,11001190,6,47.4241809,8
3006060,35,15,11001113,4,9.4397656,6
3006063,98,12,11001142,3,18.2609515,4
3006064,53,18,11001191,2,24.2643777,3
3006081,814,3,11001187,5,12.2198181,3
3006084,814,3,11001187,4,6.6220451,3
3006087,814,3,11001187,3,9.0258111,3
3006100,62,6,11001171,2,16.1465569,6
3006103,35,15,11001113,4,11.0680725,3
3006133,814,3,11001187,3,11.5298915,3
3006134,814,3,11001187,3,9.0258111,3
3006136,814,3,11001187,3,12.5003186,3
3006144,102,14,11001138,3,17.7689565,4
3006145,95,3,11001139,3,7.5834571,6
3006150,95,3,11001139,1,6.1099519,3
3006153,37,14,11001162,3,18.4708447,3
3006156,95,3,11001139,2,9.0617448,3
3006166,37,14,11001162,3,17.4984772,3
3006174,814,3,11001187,3,9.8160522,3
3006178,95,3,11001139,3,8.8448163,4
3006181,814,3,11001187,4,7.2905832,8
3006183,37,14,11001162,3,21.9343951,6
3006185,37,14,11001162,3,25.046389,4
3006193,814,3,11001187,4,10.2584046,4
3006194,102,14,11001138,3,15.8224234,3
3006195,814,3,11001187,4,10.4845902,8
3006213,814,3,11001187,3,11.2612039,3
3006217,75,9,11001124,3,52.0146161,8
3006220,814,3,11001187,4,10.2584046,8
3006223,37,14,11001162,3,19.8157755,8
3006224,95,3,11001139,2,7.4334721,12
3006225,75,9,11001124,3,52.4404571,3
3006236,37,14,11001162,3,18.5589909,3
3006239,95,3,11001139,3,8.8521096,3
3006249,37,14,11001162,3,17.1077814,4
3006253,95,3,11001139,3,7.4081781,4
3006259,37,14,11001162,3,22.7144695,3
3006260,95,3,11001139,3,6.0192046,8
3006264,814,3,11001187,3,12.2627632,3
3006265,37,14,11001162,3,18.4708447,3
3006268,95,3,11001139,3,6.5334491,4
3006271,37,14,11001162,3,19.8157755,4
3006274,95,3,11001139,3,7.4081781,8
3006287,112,9,11001130,3,17.3494275,4
3006295,112,9,11001130,3,25.9212433,8
3006304,112,9,11001130,3,18.472921,3
3006310,814,3,11001187,4,10.2584046,8
3006311,75,9,11001124,3,60.4238264,4
3006313,814,3,11001187,4,10.4845902,8
3006316,37,14,11001162,3,15.9615293,5
3006321,37,14,11001162,3,21.1645095,3
3006327,814,3,11001187,4,10.2584046,8
3006329,37,14,11001162,3,18.4708447,3
3006330,95,3,11001139,3,6.8858521,6
3006335,37,14,11001162,3,18.2990611,3
3006338,102,14,11001138,3,12.2461516,3
3006339,95,3,11001139,3,7.3858439,10
3006346,95,3,11001139,3,7.2653038,3
3006351,804,1,11001177,2,14.1352528,6
3006357,14,1,11001193,5,16.1458578,3
3006367,804,1,11001177,2,16.315398,2
3006411,807,12,11001180,3,29.8373479,3
3006412,804,1,11001177,2,18.8663428,3
3006418,73,10,11001127,3,91.3501582,10
3006476,73,10,11001127,3,83.7028814,8
3006480,804,1,11001177,2,19.2619609,3
3006503,804,1,11001177,4,15.7776686,3
3006508,30,10,11001108,3,35.722165,2
3006553,89,2,11001160,2,5.0894044,3
3006593,807,12,11001180,3,29.3324961,4
3006598,73,10,11001127,3,81.5405449,3
3006628,804,1,11001177,2,16.5656233,2
3006653,73,10,11001127,3,63.4552971,5
3006694,42,6,11001172,2,48.9744985,2
3006705,42,6,11001172,2,66.2634318,8
3006708,804,1,11001177,4,18.9185914,8
3006711,78,8,11001168,2,12.389389,4
3006714,78,8,11001168,2,16.3626555,8
3006715,78,8,11001168,2,9.2369032,3
3006716,804,1,11001177,4,18.6452442,4
3006717,98,12,11001142,3,19.5081605,3
3006724,98,12,11001142,3,16.257824,3
3006729,804,1,11001177,3,19.2513702,3
3006732,78,8,11001168,2,14.9748608,3
3006743,98,12,11001142,3,18.765201,3
3006744,98,12,11001142,3,20.1368095,8
3006750,78,8,11001168,2,14.6774964,3
3006762,78,8,11001168,2,16.5329789,4
3006764,21,12,11001143,4,17.0162115,5
3006789,98,12,11001142,3,21.4292862,4
3006800,804,1,11001177,4,21.1654846,8
3006806,807,12,11001180,3,29.2615529,6
3006810,804,1,11001177,4,15.5533987,12
323173,,,25473200,2,1.4395777,8
323177,,,25214200,1,8.5312148,3
323178,,,25214200,1,9.2603005,5
323179,,,25214200,1,7.3846995,3
323200,,,25175200,4,10.700858,5
323208,,,25758100,3,11.3143348,15
323211,,,25214200,0,7.2127476,5
323214,,,25898100,2,1.2941006,5
323216,,,25758100,3,18.3907708,6
323229,,,25473200,0,1.1996481,3
323230,,,25473200,1,1.1996481,2
323233,,,25473200,0,1.1996481,4
323243,,,25898100,2,1.2898515,3
323244,,,25898100,2,1.2999197,2
323247,,,25754200,2,2.8987715,18
323273,,,25430100,2,46.4851379,3
323274,,,25430100,2,40.6584215,10
323275,,,25430100,2,55.7580654,10
323285,,,25754100,1,547.1481958,10
323288,,,25290100,2,67.3253937,8
323295,,,25740100,1,14.5878064,3
323296,,,25740100,2,14.7333438,5
323298,,,25473200,1,1.4395777,8
323301,,,25473200,1,1.4395777,4
323309,,,25473200,1,1.4395777,8
323310,,,25473200,1,1.4395777,8
323312,,,25473200,1,1.4395777,15
323313,,,25473200,1,1.4395777,4
323314,,,25473200,1,1.4395777,8
323323,,,25473200,1,1.4395777,5
323324,,,25473200,1,1.4395777,18
323325,,,25473200,1,1.4395777,2
323327,,,25473200,,1.4395777,3
323335,,,25898100,2,1.2879669,8
323339,,,25740100,2,17.1717765,8
323340,,,25740100,2,9.0785591,6
323341,,,25286200,1,1.131677,18
323347,,,25286200,1,1.131677,4
323349,,,25286200,1,1.131677,4
323361,,,25286200,2,1.131677,4
323362,,,25286200,2,1.131677,5
323364,,,25286200,1,1.131677,4
323365,,,25286200,2,1.131677,2
323368,,,25430100,2,39.7151861,2
323369,,,25430100,2,52.8669294,20
323370,,,25785100,3,3.2211816,8
323372,,,25785100,3,3.5591496,3
323376,,,25286200,2,1.131677,4
323379,,,25286200,1,1.131677,3
323380,,,25286200,1,1.131677,3
323382,,,25286200,1,1.131677,6
323383,,,25817100,3,7.5527161,30
323388,,,25430100,2,51.2864615,8
323389,,,25430100,2,44.9991553,4
323393,,,25430100,2,52.4459792,4
323398,,,25175200,1,10.4451045,3
323411,,,25175200,2,11.1897423,4
323413,,,25175200,4,14.1620471,4
323414,,,25175200,4,14.9610981,8
323415,,,25430100,2,50.8221731,3
323418,,,25740100,2,18.2084704,8
323423,,,25290100,3,73.3842671,3
323426,,,25286200,2,1.131677,6
323428,,,25286200,1,1.131677,4
323437,,,25286200,2,1.131677,3
323441,,,25754100,1,627.8493955,3
323443,,,25754100,1,555.0867683,3
323445,,,25754100,1,358.9644152,5
323472,,,25286200,2,1.131677,3
323481,,,25785100,2,4.8021926,8
323482,,,25754200,2,2.9056251,3
323483,,,25754200,2,2.7327037,18
323485,,,25754200,2,2.5726181,5
323489,,,25754200,2,2.9046183,8
323493,,,25754200,2,2.7218173,5
323494,,,25430100,2,49.658318,5
323498,,,25430100,2,55.9373756,4
323499,,,25430100,2,46.4851379,3
323513,,,25754200,2,3.1515627,4
323514,,,25754200,2,1.1938303,5
323517,,,25754200,2,4.7125153,12
323519,,,25754200,2,2.8457948,2
323525,,,25473100,1,90.4944993,10
323526,,,25430100,2,59.5435611,3
323536,,,25099100,2,5.9336695,8
323537,,,25099100,2,8.5126099,10
323538,,,25099100,2,2.1892654,3
323540,,,25099100,3,6.9416658,8
323549,,,25126100,2,26.8564421,4
323556,,,25214200,2,8.57823,8
323561,,,25126100,3,19.167568,3
323563,,,25214200,2,7.3194063,8
323566,,,25214200,1,7.6094375,8
323567,,,25214200,2,7.4102651,8
323577,,,25430100,2,72.0916327,15
323579,,,25740100,2,17.5472581,4
323581,,,25740100,2,15.428945,3
323583,,,25740100,2,19.0771282,8
323585,,,25740100,2,29.0235909,8
323586,,,25740100,2,24.7436735,3
323587,,,25799100,3,6.7626371,2
323610,,,25898100,1,1.2878419,4
323611,,,25799100,1,4.3609083,2
323613,,,25799100,2,6.7044755,4
323615,,,25126100,2,41.1287334,6
323617,,,25126100,3,29.6569594,3
323639,,,25286100,2,30.3954881,3
323662,,,25260100,2,9.9552396,4
323664,,,25290100,3,34.457821,10
323666,,,25175200,2,14.3717672,3
323667,,,25175200,2,13.1964366,8
323671,,,25430100,2,50.8663182,2
323697,,,25754200,1,2.4020452,3
323698,,,25754200,1,5.4558518,8
323702,,,25473200,2,1.4395777,4
323703,,,25473200,2,1.4395777,3
323708,,,25754200,1,3.3266656,10
323711,,,25473200,1,1.4395777,4
323715,,,25473200,2,1.4395777,5
323727,,,25473200,1,1.4395777,3
323733,,,25754100,2,270.6638226,10
323736,,,25754100,2,378.6477988,4
323743,,,25260100,1,12.8507181,4
323755,,,25099100,3,4.1700126,6
323762,,,25290100,2,111.1794895,4
323764,,,25175200,2,9.0410613,2
323774,,,25740100,2,12.796399,5
323776,,,25740100,2,7.3418464,14
323778,,,25740100,2,16.9740016,3
323786,,,25473100,3,93.209141,8
323787,,,25740100,1,10.6517851,8
323788,,,25740100,2,10.8429788,3
323789,,,25740100,1,8.7445145,6
323793,,,25099100,2,5.8386,3
323794,,,25099100,2,8.6072508,3
323795,,,25099100,2,5.102133,6
323798,,,25099100,2,3.9040177,2
323799,,,25099100,2,5.2453733,3
323801,,,25099100,3,7.8704983,2
323823,,,25286200,2,1.131677,6
323827,,,25740100,2,14.8919423,8
323845,,,25175200,3,8.5648553,5
323873,,,25175100,2,55.3737482,6
323874,,,25175100,2,45.1886068,8
323882,,,25754100,2,246.0837872,3
323891,,,25269100,1,48.9061386,12
323897,,,25473100,3,76.8887364,8
323913,,,25473100,3,69.1285249,4
323917,,,25473100,3,76.8887364,8
323918,,,25126100,3,29.117742,3
323921,,,25785100,2,4.362617,4
323933,,,25126100,3,26.624408,3
323939,,,25126100,3,24.1707978,4
323946,,,25286200,2,1.131677,3
323948,,,25286200,1,1.131677,4
323952,,,25286100,2,64.6028495,12
323958,,,25286100,2,53.3765917,8
323960,,,25286100,2,60.5309494,10
323970,,,25799100,1,5.3300653,2
323972,,,25754200,1,4.5389181,15
323976,,,25754200,2,3.9438482,4
323978,,,25473100,3,53.207105,5
323981,,,25473100,3,61.9074559,6
324006,,,25269100,1,70.5415543,4
324010,,,25754200,2,3.8166757,8
324015,,,25473100,3,70.4390234,4
324022,,,25473200,1,1.4395777,8
324024,,,25473200,1,1.4395777,3
324028,,,25473100,3,84.1583739,8
324031,,,25473200,0,1.4395777,5
324032,,,25473200,3,1.4395777,4
324033,,,25473200,2,1.4395777,8
324034,,,25473200,1,1.308707,4
324037,,,25898100,2,1.872166,3
324048,,,25126100,2,49.4584169,4
324050,,,25126100,3,39.837291,5
324052,,,25430100,2,33.2620059,3
324057,,,25286200,1,1.131677,3
324063,,,25286200,1,1.131677,4
324083,,,25899100,4,71.6903238,3
324086,,,25175200,3,12.4214293,2
324090,,,25175200,3,10.4093156,4
324096,,,25126100,3,22.9149132,6
324104,,,25769100,2,5.9125621,3
324120,,,25290100,3,75.339338,3
324142,,,25126100,3,24.6184052,8
324144,,,25126100,3,33.1922657,8
324150,,,25785100,2,3.2260204,2
324172,,,25286100,2,50.4764808,4
324175,,,25286100,2,51.2972901,8
324177,,,25286100,2,30.9675768,6
324183,,,25286100,2,60.6283477,12
324185,,,25286100,2,43.8018518,2
324190,,,25430100,3,68.3444092,27
324200,,,25214200,2,10.4864757,4
324204,,,25473100,2,81.9618353,30
324205,,,25473100,2,99.4999921,2
324207,,,25473100,2,89.4130894,2
324218,,,25290100,4,82.4905087,3
324220,,,25799100,2,8.8448927,4
324234,,,25473100,3,69.6341585,18
324235,,,25214200,1,4.4871501,4
324250,,,25430100,2,62.3544729,8
324266,,,25754200,2,2.5357778,4
324269,,,25754200,2,4.0450571,4
324270,,,25754200,2,2.5357964,8
324282,,,25286100,3,45.2788005,10
324291,,,25799100,2,7.1833061,8
324307,,,25754200,2,3.4986194,8
324321,,,25260100,2,13.4839549,5
324358,,,25099100,2,6.8029164,2
324360,,,25099100,2,8.1570998,3
324365,,,25099100,2,3.9047579,2
324366,,,25099100,2,4.2108691,6
324368,,,25099100,2,5.8868376,2
324369,,,25099100,2,3.1340586,2
324370,,,25099100,2,6.2076536,3
324373,,,25099100,2,5.0252997,2
324382,,,25769100,2,4.0138713,2
324386,,,25799100,2,7.1295162,8
324394,,,25260100,2,6.5492882,8
324396,,,25260100,2,8.9586128,3
324399,,,25260100,2,5.6859991,3
324406,,,25473100,3,75.041417,3
324409,,,25473100,3,75.8010652,3
324417,,,25898100,2,1.7535946,10
324419,,,25898100,2,1.2915869,2
324446,,,25286200,2,1.131677,6
324451,,,25899100,3,86.2940179,4
324461,,,25286200,1,1.131677,4
324462,,,25286200,1,1.131677,14
324490,,,25740100,1,9.7491701,3
324496,,,25175200,2,12.4001216,8
324497,,,25175200,2,9.1335084,3
324501,,,25175200,4,10.5506106,3
324507,,,25175200,2,11.6056716,3
324516,,,25754200,2,2.5956034,5
324518,,,25754200,2,2.6745952,3
324521,,,25754200,2,3.8166757,8
324522,,,25754200,2,3.9269388,6
324523,,,25754200,2,3.513854,3
324524,,,25754200,2,4.4393484,15
324525,,,25754200,2,4.0929386,8
324528,,,25740100,2,12.9734107,8
324535,,,25473100,3,83.8882269,4
324550,,,25175200,2,10.3064727,3
324558,,,25099100,2,5.2958343,6
324616,,,25473100,3,77.4206143,5
324617,,,25799100,2,8.2695051,3
324618,,,25799100,2,6.2367583,8
324619,,,25473100,3,87.4728979,6
324620,,,25473100,3,84.7647964,10
324634,,,25175200,2,8.2955561,5
324635,,,25175200,2,11.8286365,12
324639,,,25286200,1,1.131677,10
324650,,,25286200,1,1.131677,3
324654,,,25286200,2,1.131677,3
324663,,,25740100,2,16.153724,5
324667,,,25754200,2,3.3047416,12
324668,,,25754200,2,3.4350082,8
324671,,,25286100,3,47.6175543,3
324673,,,25286100,2,53.3765917,4
324676,,,25286100,3,43.8942777,8
324684,,,25286100,2,41.0765357,2
324689,,,25126100,2,37.8776604,3
324716,,,25473200,0,1.4395777,8
324718,,,25473200,2,1.7994722,4
324722,,,25473200,2,1.4395777,4
324726,,,25740100,2,19.0504951,8
324736,,,25175100,3,55.5790959,4
324742,,,25473200,0,1.4395777,8
324743,,,25473200,1,1.7994722,4
324751,,,25473200,2,1.308707,4
324752,,,25473200,1,1.308707,4
324756,,,25430100,2,54.1573782,3
324763,,,25286200,2,1.131677,15
324767,,,25126100,3,39.5426125,3
324773,,,25785100,2,3.5905384,10
324785,,,25754200,2,1.4859521,16
324787,,,25430100,2,63.4511073,3
324809,,,25286100,2,58.1231815,10
324817,,,25754200,2,3.4350082,4
324818,,,25754200,2,2.2758711,4
324830,,,25473100,3,68.5089446,4
324842,,,25269100,2,74.9778274,5
324845,,,25473100,3,61.2165378,3
324846,,,25799100,2,6.4094863,5
324858,,,25175200,2,9.3717489,3
324859,,,25799100,2,8.1910432,4
324869,,,25430100,2,63.8894723,10
324874,,,25430100,2,54.6063866,10
324881,,,25269100,2,70.465751,3
324883,,,25754200,2,3.1137211,12
324884,,,25754200,2,3.9622968,10
324889,,,25175200,2,10.3432618,2
324890,,,25175200,2,13.5908456,6
324921,,,25295100,1,5.188999,2
324923,,,25295100,1,4.4398432,5
324926,,,25295100,1,12.9091456,8
324928,,,25295100,2,11.6163903,24
324930,,,25295100,1,6.1765341,2
324932,,,25295100,1,14.9175612,21
324939,,,25295100,1,4.5507997,2
324942,,,25214200,2,8.7289307,12
324943,,,25214200,2,9.7474831,12
324944,,,25214200,2,8.1195435,6
324945,,,25126100,2,50.8306222,5
324947,,,25126100,1,32.8245403,8
324948,,,25126100,2,48.7129777,2
324949,,,25126100,2,41.5960093,4
324951,,,25754200,2,1.4646511,2
324957,,,25769100,3,4.6140003,3
324965,,,25430100,1,55.6263444,12
324967,,,25740100,2,11.8295244,3
324974,,,25430100,2,53.6958368,10
325032,,,25286100,2,40.9207007,3
325034,,,25286100,2,60.0150319,2
325039,,,25099100,2,3.4750244,8
325043,,,25099100,2,5.0690023,3
325051,,,25286100,1,50.022974,5
325064,,,25740100,2,11.8769633,6
325071,,,25740100,2,11.3501587,10
325073,,,25758100,2,11.5463261,4
325075,,,25758100,3,13.2087704,8
325076,,,25758100,3,14.0001029,4
325078,,,25758100,3,9.059679,3
325082,,,25758100,3,11.5995845,10
325101,,,25758200,2,5.5979739,3
325103,,,25758200,2,8.3069917,6
325116,,,25290100,1,73.2669653,8
325122,,,25785100,2,4.4499047,2
325128,,,25430100,2,60.4668661,5
325131,,,25430100,2,60.3949106,6
325141,,,25430100,2,37.5301641,4
325145,,,25290100,4,67.4081764,4
325147,,,25898100,2,1.2941006,10
325150,,,25758100,3,5.5837931,12
325155,,,25473100,3,77.1636251,4
325157,,,25473100,3,69.8194431,4
325159,,,25473100,3,90.500548,4
325160,,,25473100,3,80.8589258,3
325161,,,25817100,3,9.1900972,3
325162,,,25817100,3,7.3742886,8
325166,,,25286200,3,1.131677,5
325167,,,25286200,2,1.131677,8
325168,,,25286200,2,1.131677,10
325175,,,25286200,2,1.131677,3
325176,,,25286200,0,1.131677,3
325184,,,25286200,1,1.131677,3
325185,,,25286200,1,1.131677,6
325187,,,25269100,2,70.465751,3
325197,,,25740100,1,12.3689628,3
325211,,,25899100,4,73.166073,3
325213,,,25899100,4,57.7353591,3
325217,,,25799100,2,9.5707705,5
325220,,,25286200,1,1.131677,15
325223,,,25286200,1,1.131677,10
325225,,,25286200,2,1.131677,2
325227,,,25754200,2,2.0339376,3
325232,,,25754200,2,2.5419163,3
325233,,,25754200,2,3.2453785,4
325244,,,25899100,2,77.2104816,8
325250,,,25430100,4,59.2961912,4
325252,,,25430100,2,60.5927457,3
325255,,,25758100,3,14.5210483,8
325256,,,25758100,2,9.6796493,6
325257,,,25758100,2,10.1432739,4
325258,,,25758100,2,8.4480764,3
325259,,,25758100,2,10.00716,6
325263,,,25758100,2,10.0420738,2
325265,,,25758100,2,10.6529109,20
325270,,,25754200,2,2.4850623,4
325274,,,25754200,2,1.8245611,3
325281,,,25758100,2,5.4132824,14
325282,,,25758100,2,9.9081795,2
325284,,,25758100,2,11.2148653,10
325289,,,25758100,3,6.9148117,3
325290,,,25758100,3,12.3528306,8
325292,,,25758100,3,11.2952945,10
325295,,,25758100,2,10.5321218,4
325302,,,25740100,2,15.267716,3
325303,,,25740100,2,11.8460699,6
325305,,,25740100,3,17.384677,6
325320,,,25295100,2,12.6802465,4
325322,,,25295100,2,7.1116647,4
325323,,,25295100,2,7.8032286,4
325324,,,25295100,2,8.8902326,10
325325,,,25295100,2,9.6850111,4
325326,,,25295100,2,11.1317921,6
325330,,,25758100,3,11.7023575,8
325332,,,25758100,3,9.6023838,3
325334,,,25758100,3,13.3523535,10
325335,,,25758100,3,7.3660213,12
325337,,,25758100,3,11.5350391,3
325344,,,25799100,2,6.3122989,4
325353,,,25758100,3,13.5221199,5
325354,,,25758100,3,11.5350391,3
325356,,,25473200,2,1.4395777,21
325360,,,25473200,2,1.1996481,3
325363,,,25473200,2,1.4395777,10
325365,,,25473200,1,1.4395777,18
325369,,,25473200,2,1.4395777,4
325371,,,25473200,1,1.1996481,3
325382,,,25175100,2,42.4519534,5
325388,,,25290100,4,97.4668655,4
325396,,,25754200,2,2.8323303,8
325397,,,25754200,2,3.0533406,8
325419,,,25817100,3,8.5037266,2
325426,,,25898100,9,1.2815832,3
325429,,,25430100,2,66.514636,4
325430,,,25430100,2,49.2339802,3
325433,,,25430100,2,59.8951426,4
325443,,,25473100,3,90.500548,4
325446,,,25799100,2,5.9072166,4
325447,,,25799100,2,12.8308266,10
325451,,,25799100,1,7.0025329,4
325459,,,25473100,3,45.9063601,6
325513,54,18,11001148,2,33.5889902,12
325514,36,18,11001192,3,38.4297073,8
325519,69,19,11001131,1,66.6761636,4
325527,70,19,11001132,1,28.2781399,8
325536,52,5,11001135,1,8.3917203,2
325548,69,19,11001131,1,51.1659851,4
325566,82,8,11001153,2,26.1525958,3
325568,82,8,11001153,2,39.3524047,8
325572,77,9,11001173,2,34.7384541,2
325576,69,19,11001131,1,53.1368285,3
325584,32,4,11001157,1,76.2212229,14
325594,69,19,11001131,1,56.1192823,14
325611,81,8,11001128,2,33.1738794,8
325630,69,19,11001131,1,72.3201887,2
325650,57,5,11001129,2,50.5344817,21
325651,77,9,11001173,2,31.235783,6
325653,77,9,11001173,3,34.5098641,5
325655,77,9,11001173,2,23.4843146,15
325662,55,18,11001119,2,32.056601,4
325680,45,8,11001111,3,37.0237913,3
325687,81,8,11001128,2,33.6835865,8
325690,81,8,11001128,2,17.4411681,3
325691,36,18,11001192,3,32.7200381,2
325692,81,8,11001128,2,22.4535305,3
325698,47,8,11001133,3,37.4291822,3
325717,47,8,11001133,3,28.0653143,5
325729,57,5,11001129,2,81.8697471,3
325740,62,6,11001171,2,12.5839038,4
325741,62,6,11001171,2,14.5343256,21
325747,62,6,11001171,2,15.8130752,10
325748,62,6,11001171,2,13.0891596,12
325750,62,6,11001171,2,11.080002,8
325751,57,5,11001129,2,45.8236394,2
325753,57,5,11001129,2,65.956059,3
325758,86,7,11001120,2,57.3645501,8
325769,802,8,11001175,3,55.2113309,4
325770,45,8,11001111,3,46.2492141,8
325774,36,18,11001192,3,32.4946316,3
325796,86,7,11001120,2,51.6011004,8
325804,77,9,11001173,2,22.9291377,8
325805,77,9,11001173,2,22.7110821,4
325806,77,9,11001173,2,22.1234013,2
325837,54,18,11001148,2,30.6376801,8
325838,70,19,11001132,1,39.3971754,8
325846,35,15,11001113,3,12.7265578,3
325858,62,6,11001171,2,9.0517424,6
325861,62,6,11001171,2,8.8326807,3
325862,62,6,11001171,2,9.2934322,3
325864,62,6,11001171,2,13.7631407,3
325870,82,8,11001153,2,37.7587606,8
325889,55,18,11001119,2,22.381765,3
325899,72,10,11001105,3,45.2172191,2
325904,69,19,11001131,1,98.0461079,4
325905,69,19,11001131,1,82.1053233,5
325912,69,19,11001131,2,104.5326144,10
325913,69,19,11001131,2,100.01727,4
325918,69,19,11001131,1,60.3716357,2
325919,69,19,11001131,1,51.2205466,2
325920,69,19,11001131,1,50.099727,3
325922,69,19,11001131,1,65.1758064,4
325924,69,19,11001131,1,66.2841726,4
325925,69,19,11001131,1,55.5063705,6
325927,69,19,11001131,1,49.866665,2
325931,69,19,11001131,2,65.8499638,10
325932,69,19,11001131,1,54.4071193,4
325938,69,19,11001131,1,77.3778809,7
325943,69,19,11001131,1,54.5348312,3
325944,69,19,11001131,1,82.7139497,8
325946,72,10,11001105,3,42.6833683,6
325951,72,10,11001105,3,39.1040245,4
325956,69,19,11001131,1,67.5151771,2
325958,69,19,11001131,1,86.7962651,21
325967,32,4,11001157,2,40.8110869,4
325968,32,4,11001157,2,34.0542861,3
325973,802,8,11001175,3,79.7394135,8
325976,86,7,11001120,2,40.5419593,15
325979,86,7,11001120,2,80.6909871,4
325980,86,7,11001120,2,62.45074,8
325987,84,7,11001107,2,64.9018669,5
325988,84,7,11001107,2,73.5510462,5
325990,84,7,11001107,2,88.5180794,8
326004,48,8,11001167,3,32.0166928,4
326008,35,15,11001113,3,11.4565066,4
326020,84,7,11001107,2,104.5564087,6
326021,84,7,11001107,2,71.7304087,2
326022,70,19,11001132,1,47.1015942,7
326024,70,19,11001132,1,43.0259908,3
326029,54,18,11001148,2,40.09739,8
326035,55,18,11001119,2,24.6410559,4
326038,32,4,11001157,2,76.3571621,6
326049,54,18,11001148,2,16.7883249,3
326057,43,16,11001161,3,36.4815442,8
326062,55,18,11001119,2,24.7148849,6
326067,54,18,11001148,2,21.738985,10
326077,84,7,11001107,2,110.7466842,5
326085,69,19,11001131,1,58.2051666,2
326086,69,19,11001131,1,68.6041315,2
326087,69,19,11001131,1,56.6044825,3
326107,62,6,11001171,2,12.8257943,12
326123,82,8,11001153,1,25.2959613,4
326126,82,8,11001153,2,41.3124553,10
326131,45,8,11001111,2,39.6282114,6
326134,47,8,11001133,3,38.4351996,8
326138,55,18,11001119,2,35.6684596,14
326139,55,18,11001119,2,26.9040533,5
326144,55,18,11001119,2,27.9247588,3
326145,55,18,11001119,2,35.7747755,5
326146,98,12,11001142,3,30.3028218,18
326154,86,7,11001120,2,67.0285527,3
326157,86,7,11001120,2,61.8132295,8
326158,86,7,11001120,2,40.5380462,4
326160,86,7,11001120,2,62.45074,4
326161,86,7,11001120,2,53.3661184,2
326174,47,8,11001133,3,45.6226148,3
326176,94,17,11001134,2,5.1313274,2
326178,47,8,11001133,3,39.4441299,10
326181,45,8,11001111,3,31.7025691,6
326186,94,17,11001134,2,12.1616888,4
326194,66,19,11001159,1,25.5509321,3
326196,66,19,11001159,1,27.9494867,12
326206,45,8,11001111,3,56.232843,5
326208,45,8,11001111,3,61.2051054,4
326219,811,5,11001184,1,36.1277928,10
326227,811,5,11001184,1,25.7965121,3
326230,811,5,11001184,1,45.2083085,15
326266,43,16,11001161,3,18.8459912,12
326269,43,16,11001161,3,26.3396014,4
326290,52,5,11001135,1,8.6237312,3
326291,52,5,11001135,1,9.2930064,8
326301,57,5,11001129,2,37.4920686,2
326302,57,5,11001129,2,35.3766349,30
326304,57,5,11001129,2,42.0718329,8
326308,66,19,11001159,2,39.741837,4
326319,57,5,11001129,2,87.194655,15
326321,35,15,11001113,3,16.8028763,8
326327,70,19,11001132,1,43.9882176,8
326333,70,19,11001132,1,49.4867448,8
326338,69,19,11001131,2,84.4441668,15
326339,811,5,11001184,1,27.049418,6
326340,811,5,11001184,1,34.4582738,3
326341,811,5,11001184,1,35.1568583,9
326343,57,5,11001129,2,96.9816546,8
326344,57,5,11001129,2,83.9787038,4
326349,77,9,11001173,1,45.4560343,4
326355,32,4,11001157,2,19.864951,6
326357,32,4,11001157,2,32.0482017,10
326358,32,4,11001157,2,75.2076425,3
326360,32,4,11001157,2,71.893659,2
326369,62,6,11001171,2,19.6616295,3
326370,62,6,11001171,2,25.4469635,15
326374,52,5,11001135,1,6.9182606,4
326378,811,5,11001184,2,36.1784346,6
326388,94,17,11001134,3,6.4891483,3
326392,811,5,11001184,1,27.5776831,2
326396,94,17,11001134,3,13.7140564,10
326414,45,8,11001111,3,38.4163683,6
326432,96,3,11001146,2,28.077748,10
326434,96,3,11001146,2,27.5227616,8
326450,94,17,11001134,2,11.3666629,15
326458,55,18,11001119,2,32.2521813,10
326464,43,16,11001161,3,25.2113947,3
326467,43,16,11001161,3,26.5739589,3
326469,43,16,11001161,3,29.9334533,15
326476,54,18,11001148,2,18.823443,24
326478,54,18,11001148,2,15.2172895,16
326489,52,5,11001135,1,6.9050062,7
326490,82,8,11001153,2,22.1656101,7
326513,82,8,11001153,2,32.0143937,2
326517,84,7,11001107,2,72.328952,6
326518,84,7,11001107,2,88.0917562,6
326525,48,8,11001167,3,44.373891,3
326539,102,14,11001138,3,33.6151332,2
326543,47,8,11001133,3,44.2295704,15
326551,77,9,11001173,2,40.4477792,5
326553,77,9,11001173,2,42.39402,4
326566,70,19,11001132,1,28.1926693,2
326569,70,19,11001132,1,41.2159309,6
326577,802,8,11001175,2,74.245222,2
326578,802,8,11001175,2,96.0235952,10
326592,35,15,11001113,3,10.1772527,10
326593,82,8,11001153,2,35.3531807,8
326600,69,19,11001131,2,82.493985,4
326606,55,18,11001119,2,25.56027,4
326620,57,5,11001129,2,80.7213776,6
326632,70,19,11001132,1,43.3083368,4
326636,55,18,11001119,2,27.8739957,4
326637,55,18,11001119,2,27.332313,5
326638,55,18,11001119,2,31.7170802,3
326639,55,18,11001119,2,33.5091288,4
326643,55,18,11001119,2,34.8809475,2
326645,55,18,11001119,2,34.4677387,12
326654,79,8,11001110,2,69.147342,2
326659,806,11,11001179,5,38.1472101,5
326667,52,5,11001135,1,8.3161778,4
326687,57,5,11001129,2,39.786427,2
326693,57,5,11001129,2,47.3431746,4
326694,57,5,11001129,2,59.5214489,3
326695,57,5,11001129,2,85.0675097,3
326704,89,2,11001160,2,6.7479344,3
326705,89,2,11001160,2,7.5188992,3
326709,26,10,11001140,3,43.3466497,8
326722,81,8,11001128,2,20.6898704,3
326723,81,8,11001128,2,31.9738328,3
326726,66,19,11001159,1,23.3787848,21
326729,66,19,11001159,1,36.945369,30
326730,66,19,11001159,1,37.7804832,15
326731,66,19,11001159,1,28.2348872,3
326732,66,19,11001159,1,19.1791105,4
326753,54,18,11001148,2,74.7063886,4
326754,43,16,11001161,3,18.8287001,6
326764,95,3,11001139,2,7.5593654,4
326766,95,3,11001139,2,4.6077698,5
326795,48,8,11001167,3,42.3864144,4
326798,28,11,11001122,3,141.2658921,8
326832,66,19,11001159,1,33.0360415,5
326839,81,8,11001128,2,31.3981318,8
326841,81,8,11001128,2,34.4825782,4
326844,96,3,11001146,2,18.9413231,3
326848,96,3,11001146,2,14.5754324,6
326849,96,3,11001146,2,17.2157585,3
326852,27,11,11001164,3,73.4131687,4
326853,27,11,11001164,3,85.0451898,18
326868,27,11,11001164,2,76.5884072,5
326872,27,11,11001164,3,82.2442179,12
326879,54,18,11001148,2,36.4446707,4
326881,82,8,11001153,2,23.9595231,3
326883,82,8,11001153,2,33.0524729,8
326889,54,18,11001148,2,48.4786035,10
326899,47,8,11001133,3,33.5519759,3
326912,54,18,11001148,2,28.9853133,12
326917,82,8,11001153,2,43.2444007,4
326939,102,14,11001138,2,15.616247,4
326967,52,5,11001135,1,11.8724867,8
326968,52,5,11001135,1,13.6804479,10
326970,52,5,11001135,1,11.4326298,3
326971,52,5,11001135,1,13.1003387,12
326972,52,5,11001135,1,8.2994498,6
326975,52,5,11001135,1,9.2422602,4
326978,52,5,11001135,1,11.3679407,5
326985,82,8,11001153,1,30.8501369,15
326990,802,8,11001175,2,59.1884986,2
326996,70,19,11001132,1,39.5893958,4
326997,70,19,11001132,2,46.2887039,5
326998,70,19,11001132,1,60.642117,10
327000,52,5,11001135,1,10.5522349,8
327006,86,7,11001120,2,57.8968222,8
327009,86,7,11001120,2,48.1507951,6
327011,86,7,11001120,2,67.0285527,3
327026,802,8,11001175,2,61.5394308,4
327057,33,4,11001163,3,19.9442164,3
327064,55,18,11001119,2,28.5541255,3
327067,77,9,11001173,2,31.6075054,4
327082,52,5,11001135,1,8.3428305,15
327088,52,5,11001135,1,6.8205309,8
327097,55,18,11001119,2,27.1888265,12
327102,55,18,11001119,2,27.3102578,6
327107,55,18,11001119,2,28.3063121,3
327114,72,10,11001105,3,35.7704027,2
327120,72,10,11001105,3,35.3854576,14
327128,47,8,11001133,3,26.97557,5
327130,802,8,11001175,3,100.1217388,15
327134,802,8,11001175,2,71.0759696,3
327162,52,5,11001135,1,7.2179529,3
327169,70,19,11001132,1,29.1539999,4
327171,70,19,11001132,1,28.8967142,15
327172,70,19,11001132,1,26.9692078,8
327177,52,5,11001135,1,8.7817175,20
327183,82,8,11001153,2,37.8303264,3
327187,70,19,11001132,1,35.1662864,4
327194,89,2,11001160,1,6.5481487,3
327195,89,2,11001160,2,6.9911404,7
327196,89,2,11001160,2,5.5520025,6
327198,89,2,11001160,2,14.3821589,3
327209,69,19,11001131,1,67.4437536,2
327210,69,19,11001131,1,89.6481327,8
327213,69,19,11001131,1,54.7439636,8
327228,96,3,11001146,2,20.6589102,3
327233,96,3,11001146,2,19.4332706,2
327234,96,3,11001146,2,18.9709063,8
327238,96,3,11001146,2,13.1436304,2
327246,44,8,11001102,3,43.2105175,5
327247,44,8,11001102,3,29.3882549,6
327249,44,8,11001102,3,32.5219665,8
327252,21,12,11001143,5,16.2995446,3
327279,55,18,11001119,2,28.5612903,3
327284,55,18,11001119,2,30.2101236,4
327302,55,18,11001119,2,40.9975077,4
327303,82,8,11001153,2,42.9734417,15
327315,48,8,11001167,3,59.0455451,4
327327,55,18,11001119,2,43.464147,6
327332,55,18,11001119,2,40.8191877,8
327333,21,12,11001143,5,22.0274771,4
327338,36,18,11001192,3,42.906838,3
327350,70,19,11001132,1,40.4553999,15
327352,70,19,11001132,1,39.9495958,3
327365,89,2,11001160,2,6.384159,5
327367,89,2,11001160,2,9.1574705,5
327373,55,18,11001119,1,32.4102083,5
327375,55,18,11001119,1,43.6791882,7
327376,55,18,11001119,1,48.1510295,12
327377,82,8,11001153,2,27.0812863,3
327378,52,5,11001135,1,12.4631746,28
327380,52,5,11001135,1,9.4431578,5
327392,57,5,11001129,2,32.0765476,2
327394,57,5,11001129,2,45.2908298,4
327395,57,5,11001129,2,35.322803,4
327396,57,5,11001129,2,33.3768557,5
327397,57,5,11001129,2,61.5791837,10
327398,57,5,11001129,2,59.5982563,5
327400,57,5,11001129,2,66.2719885,3
327402,82,8,11001153,2,40.8856152,8
327434,55,18,11001119,1,37.2330117,3
327435,55,18,11001119,1,39.4481502,6
327438,84,7,11001107,2,174.4858925,18
327439,84,7,11001107,2,98.5304377,4
327445,70,19,11001132,1,36.6978994,8
327464,81,8,11001128,2,23.5699781,3
327471,70,19,11001132,1,23.5352471,5
327473,70,19,11001132,1,39.2970977,3
327474,70,19,11001132,1,27.0627081,39
327477,70,19,11001132,1,36.4730187,3
327485,55,18,11001119,2,31.5285955,5
327490,55,18,11001119,2,28.6673185,3
327494,70,19,11001132,1,44.6820846,12
327496,70,19,11001132,1,43.0985494,6
327501,70,19,11001132,1,36.1954676,5
327503,55,18,11001119,2,35.6593724,4
327505,55,18,11001119,2,28.3063121,3
327509,55,18,11001119,2,33.5434154,8
327516,70,19,11001132,1,52.0106971,3
327520,70,19,11001132,1,38.7015109,3
327521,70,19,11001132,1,39.5893958,8
327523,102,14,11001138,2,13.4238808,4
327525,69,19,11001131,1,48.1534622,21
327529,102,14,11001138,2,32.4104967,3
327532,62,6,11001171,2,17.4856224,3
327533,62,6,11001171,2,9.7612592,3
327541,807,12,11001180,3,18.252494,36
327542,28,11,11001122,3,102.3275324,4
327556,82,8,11001153,2,28.6658107,3
327566,82,8,11001153,2,42.4960366,4
327567,82,8,11001153,1,43.0299266,8
327572,79,8,11001110,2,64.6822842,4
327574,79,8,11001110,2,65.7697426,5
327589,802,8,11001175,2,73.0447664,8
327620,72,10,11001105,3,34.0322811,5
327621,72,10,11001105,3,39.1607516,3
327625,70,19,11001132,1,30.2232865,6
327627,806,11,11001179,3,26.8403954,10
327653,802,8,11001175,3,71.0759696,3
327656,89,2,11001160,2,6.9836386,21
327657,36,18,11001192,3,26.9699347,15
327674,82,8,11001153,2,37.7587606,4
327675,82,8,11001153,2,22.193951,8
327677,802,8,11001175,2,71.0759696,3
327683,79,8,11001110,2,68.112931,4
327689,70,19,11001132,1,25.9795047,18
327691,82,8,11001153,2,46.6142573,6
327698,66,19,11001159,1,31.8770893,6
327705,52,5,11001135,1,8.5695352,2
327708,52,5,11001135,1,9.9582986,6
327724,42,6,11001172,3,43.8994991,3
327726,42,6,11001172,3,61.1038462,3
327729,52,5,11001135,1,9.0644486,8
327738,52,5,11001135,1,9.0644486,8
327739,52,5,11001135,1,9.627708,3
327740,52,5,11001135,1,7.2407933,3
327742,36,18,11001192,3,27.8787676,15
327750,811,5,11001184,2,35.229738,6
327751,811,5,11001184,2,32.0164411,4
327753,36,18,11001192,3,25.6013741,2
327770,26,10,11001140,3,59.9331784,5
327773,802,8,11001175,2,91.8761769,4
327777,70,19,11001132,1,33.2611921,2
327779,70,19,11001132,1,38.7233917,3
327782,69,19,11001131,1,52.3296609,4
327783,82,8,11001153,2,43.6616771,3
327786,38,15,11001156,3,22.5150376,3
327787,38,15,11001156,3,24.9113646,8
327793,28,11,11001122,3,130.7067651,8
327798,82,8,11001153,1,36.4957572,2
327800,79,8,11001110,2,61.1909318,4
327818,82,8,11001153,2,29.0645403,4
327823,27,11,11001164,2,84.0524091,4
327827,27,11,11001164,2,64.4338683,18
327836,802,8,11001175,3,72.2732956,4
327840,802,8,11001175,4,66.8789271,4
327849,62,6,11001171,2,11.5332549,3
327854,82,8,11001153,2,27.8762646,2
327857,70,19,11001132,1,29.4852961,3
327858,70,19,11001132,1,32.9911632,4
327862,28,11,11001122,3,136.6137093,3
327867,52,5,11001135,1,6.5744006,7
327869,52,5,11001135,1,8.2226705,4
327870,52,5,11001135,1,10.0062999,6
327877,802,8,11001175,2,71.2494173,3
327883,81,8,11001128,2,25.6768663,3
327902,79,8,11001110,2,72.5632286,3
327903,82,8,11001153,2,44.8460452,4
327905,36,18,11001192,3,24.7350084,2
327909,79,8,11001110,2,69.1325819,3
327911,79,8,11001110,2,64.6822842,4
327915,36,18,11001192,3,25.3465879,2
327919,28,11,11001122,3,119.4484266,3
327921,81,8,11001128,2,30.4042877,4
327930,82,8,11001153,2,38.0308813,6
327932,802,8,11001175,2,78.3229119,8
327951,34,4,11001101,3,34.4495894,10
327956,811,5,11001184,2,39.3808843,3
327959,811,5,11001184,2,26.4183303,6
327971,66,19,11001159,2,17.6650937,10
327972,66,19,11001159,2,24.5323353,3
327973,66,19,11001159,2,19.9686968,5
327975,66,19,11001159,2,25.8844655,5
327976,66,19,11001159,2,25.4156171,7
327979,66,19,11001159,2,31.3841354,4
327980,66,19,11001159,2,20.353921,3
327981,66,19,11001159,2,20.271216,3
327983,66,19,11001159,2,26.5420451,5
327985,66,19,11001159,2,24.5323353,3
327987,66,19,11001159,2,28.657277,2
327990,55,18,11001119,1,48.6600984,40
327994,55,18,11001119,1,39.8493824,12
328005,57,5,11001129,2,22.2486668,3
328007,57,5,11001129,2,48.0925996,5
328010,57,5,11001129,2,47.2185422,3
328021,57,5,11001129,2,50.1846499,10
328023,57,5,11001129,2,53.8364537,8
328026,57,5,11001129,2,45.2902162,8
328028,57,5,11001129,2,44.2343554,12
328029,57,5,11001129,2,37.0251746,6
328031,57,5,11001129,2,48.6875643,5
328032,57,5,11001129,2,51.6915225,12
328033,26,10,11001140,3,49.6522398,2
328037,70,19,11001132,1,25.8432802,2
328039,70,19,11001132,1,22.49498,12
328040,70,19,11001132,1,23.8553356,2
328042,70,19,11001132,1,33.9080503,24
328043,70,19,11001132,1,39.6868159,14
328047,81,8,11001128,2,33.6420644,8
328048,81,8,11001128,2,24.5210674,2
328049,70,19,11001132,1,34.5443467,20
328052,70,19,11001132,1,25.304738,5
328053,81,8,11001128,2,27.8709773,3
328058,55,18,11001119,2,32.9996508,4
328067,70,19,11001132,1,38.5412591,3
328074,55,18,11001119,2,32.3287044,3
328078,55,18,11001119,2,37.195133,4
328080,55,18,11001119,2,31.3438555,5
328089,89,2,11001160,2,7.8294445,12
328093,62,6,11001171,2,18.2344268,8
328097,89,2,11001160,2,8.0304835,5
328098,89,2,11001160,2,7.420749,6
328099,28,11,11001122,3,127.37103,8
328103,802,8,11001175,3,53.8615338,2
328113,804,1,11001177,2,14.1569282,4
328117,98,12,11001142,3,25.0458601,8
328122,42,6,11001172,3,63.1822132,4
328129,52,5,11001135,1,17.732088,3
328134,52,5,11001135,1,15.5102418,3
328139,804,1,11001177,2,16.9784827,4
328172,55,18,11001119,2,28.0586422,12
328174,55,18,11001119,1,41.818969,28
328176,55,18,11001119,1,31.4879433,8
328177,55,18,11001119,1,33.0878179,21
328179,55,18,11001119,1,33.0064573,3
328181,55,18,11001119,1,27.7412782,3
328191,57,5,11001129,2,66.2719885,3
328192,57,5,11001129,2,71.3284366,4
328196,57,5,11001129,2,45.9730326,6
328197,57,5,11001129,2,73.4328937,3
328200,79,8,11001110,2,42.3919983,12
328214,96,3,11001146,0,16.1828142,8
328217,79,8,11001110,2,58.6661954,2
328224,52,5,11001135,1,10.4061762,8
328226,52,5,11001135,1,9.7153922,3
328234,98,12,11001142,3,31.8173703,4
328245,79,8,11001110,2,65.8745529,18
328247,27,11,11001164,2,55.6073875,4
328260,802,8,11001175,2,70.9831117,4
328261,802,8,11001175,2,67.1464652,2
328264,802,8,11001175,3,53.8615338,2
328268,33,4,11001163,3,19.4612482,33
328285,82,8,11001153,2,34.0423114,3
328287,82,8,11001153,2,42.0771526,3
328294,802,8,11001175,2,86.3601851,6
328301,52,5,11001135,1,9.9184347,2
328303,52,5,11001135,1,7.3294638,4
328304,52,5,11001135,1,9.3208408,2
328306,52,5,11001135,1,10.1506712,2
328318,70,19,11001132,1,35.9903598,4
328320,70,19,11001132,1,31.3966153,8
328340,55,18,11001119,2,34.6464379,4
328341,55,18,11001119,2,29.9711924,4
328343,55,18,11001119,2,32.2969192,3
328351,79,8,11001110,2,59.6782832,6
328353,79,8,11001110,2,85.1411637,4
328356,79,8,11001110,2,87.9170875,4
328357,79,8,11001110,2,72.5632286,3
328361,98,12,11001142,3,25.421702,4
328372,28,11,11001122,3,120.8013797,6
328374,81,8,11001128,2,33.2726471,4
328379,57,5,11001129,2,34.3677296,2
328384,57,5,11001129,2,62.5863384,3
328385,57,5,11001129,2,43.680132,8
328387,57,5,11001129,2,70.1488548,8
328394,57,5,11001129,2,44.5203398,3
328395,57,5,11001129,2,46.0694962,8
328396,52,5,11001135,1,8.3534463,6
328398,52,5,11001135,1,8.975676,10
328401,52,5,11001135,1,8.3534463,3
328402,52,5,11001135,1,9.2434596,4
328404,52,5,11001135,1,10.6806019,5
328408,52,5,11001135,1,8.9583604,8
328410,52,5,11001135,1,8.7773835,3
328411,52,5,11001135,1,11.1175992,12
328419,52,5,11001135,1,6.274827,3
328420,52,5,11001135,1,7.6896937,2
328437,43,16,11001161,3,20.1003918,8
328439,98,12,11001142,3,16.0714331,5
328440,98,12,11001142,3,28.5723816,8
328446,98,12,11001142,3,17.8672746,8
328450,82,8,11001153,2,33.0524729,4
328455,86,7,11001120,2,58.7822063,5
328465,85,7,11001106,2,85.078433,4
328467,85,7,11001106,2,101.0389747,4
328471,85,7,11001106,2,57.6686304,10
328476,85,7,11001106,2,58.0438406,15
328477,85,7,11001106,2,63.653428,6
328480,85,7,11001106,2,64.9003796,3
328484,85,7,11001106,2,66.3715461,4
328485,85,7,11001106,2,93.3614336,3
328496,85,7,11001106,2,92.8804329,3
328497,70,19,11001132,1,27.5921993,10
328505,79,8,11001110,2,66.7475724,12
328507,79,8,11001110,2,68.112931,4
328513,79,8,11001110,2,56.692518,4
328516,79,8,11001110,2,66.9030233,4
328519,82,8,11001153,2,28.6658107,6
328521,11,1,11001158,3,29.379067,5
328522,11,1,11001158,3,28.7084277,8
328529,11,1,11001158,3,42.283025,4
328533,81,8,11001128,2,41.5368525,15
328536,81,8,11001128,2,36.4977083,3
328538,81,8,11001128,2,43.0114966,10
328540,81,8,11001128,2,23.8699173,10
328543,82,8,11001153,2,18.2957526,11
328548,66,19,11001159,2,37.4381478,5
328550,66,19,11001159,2,30.812407,4
328551,66,19,11001159,2,24.2105078,3
328553,67,19,11001147,2,80.0513574,5
328554,67,19,11001147,2,71.7778272,4
328555,66,19,11001159,2,19.8009756,12
328558,66,19,11001159,2,23.8845873,6
328559,66,19,11001159,2,24.4555999,2
328562,67,19,11001147,1,93.207449,6
328564,67,19,11001147,2,87.294911,6
328566,70,19,11001132,1,39.5893958,8
328580,85,7,11001106,2,84.6078803,3
328583,802,8,11001175,3,86.81477,5
328590,21,12,11001143,5,16.627598,3
328599,802,8,11001175,2,107.3812968,10
328600,802,8,11001175,2,82.683267,2
328613,70,19,11001132,1,41.7640011,5
328617,70,19,11001132,1,39.2970977,6
328618,70,19,11001132,1,52.3276922,4
328620,70,19,11001132,1,47.3008513,10
328624,70,19,11001132,1,26.3551776,4
328625,70,19,11001132,1,29.0027049,3
328636,70,19,11001132,1,31.881885,3
328648,70,19,11001132,1,21.9930695,5
328654,79,8,11001110,2,66.7942514,18
328656,79,8,11001110,2,69.1325819,3
328657,79,8,11001110,2,72.9097511,4
328661,82,8,11001153,2,32.0250269,2
328663,21,12,11001143,4,7.1596144,15
328664,34,4,11001101,3,31.0140482,3
328666,33,4,11001163,3,16.6461268,7
328678,806,11,11001179,4,31.6900287,18
328682,806,11,11001179,4,27.4768498,14
328683,806,11,11001179,4,21.089715,5
328688,806,11,11001179,4,38.0801279,3
328689,806,11,11001179,4,32.5167432,8
328696,806,11,11001179,4,19.9119529,8
328707,806,11,11001179,4,19.2868067,4
328712,806,11,11001179,4,31.6062744,8
328715,806,11,11001179,3,34.6702452,4
328747,806,11,11001179,3,30.6064456,4
328751,806,11,11001179,3,30.9937592,4
328753,806,11,11001179,3,38.0564407,4
328768,802,8,11001175,2,65.8332022,3
328775,82,8,11001153,2,51.4188407,5
328777,82,8,11001153,2,77.5909365,15
328780,85,7,11001106,2,88.9852818,8
328791,85,7,11001106,2,101.0183074,24
328792,85,7,11001106,2,87.0702714,4
328804,55,18,11001119,2,33.4554685,8
328807,55,18,11001119,2,27.6374313,8
328808,55,18,11001119,2,38.7480452,20
328814,21,12,11001143,5,7.8774299,10
328817,81,8,11001128,2,14.3268821,5
328820,81,8,11001128,2,35.7444195,10
328821,81,8,11001128,3,44.1253593,2
328836,802,8,11001175,3,71.8929443,8
328845,70,19,11001132,1,30.613689,2
328849,52,5,11001135,0,14.7911256,3
328851,52,5,11001135,1,12.3947199,3
328855,52,5,11001135,1,14.4781582,8
328865,52,5,11001135,1,12.7436617,8
328868,52,5,11001135,1,9.4729596,8
328871,52,5,11001135,1,9.683375,3
328873,52,5,11001135,1,11.0301271,4
328874,52,5,11001135,1,8.3380671,6
328875,52,5,11001135,1,10.7757868,8
328882,85,7,11001106,2,54.2880748,5
328890,98,12,11001142,3,14.0036618,5
328893,98,12,11001142,3,25.5229421,3
328917,36,18,11001192,3,29.5140152,4
328920,36,18,11001192,3,25.4837139,6
328930,36,18,11001192,3,25.6013741,2
328931,82,8,11001153,2,45.5012869,3
328933,82,8,11001153,2,59.9345406,8
328944,28,11,11001122,2,94.0851408,3
328946,28,11,11001122,2,195.8398622,3
328947,28,11,11001122,2,169.5122379,3
328959,52,5,11001135,1,12.099129,8
328964,52,5,11001135,1,8.768534,4
328965,52,5,11001135,1,10.2500364,18
328968,52,5,11001135,1,7.0782422,8
328969,52,5,11001135,1,12.099129,4
328973,52,5,11001135,1,11.4840299,10
328990,72,10,11001105,3,29.8552259,3
329006,44,8,11001102,3,41.4498639,27
329010,55,18,11001119,1,31.969128,12
329011,81,8,11001128,2,19.3790756,3
329018,89,2,11001160,2,7.9741462,8
329022,44,8,11001102,3,39.9450928,2
329036,96,3,11001146,2,15.4498322,3
329048,11,1,11001158,2,17.2441315,5
329053,82,8,11001153,2,40.0128452,3
329054,55,18,11001119,2,30.713761,21
329055,55,18,11001119,2,42.7735833,21
329060,55,18,11001119,2,27.763841,12
329062,55,18,11001119,2,38.6198195,12
329063,55,18,11001119,2,33.7858864,4
329065,55,18,11001119,2,40.4226914,10
329098,82,8,11001153,2,45.172905,3
329126,44,8,11001102,3,39.4113342,8
329135,57,5,11001129,2,35.0398177,3
329138,57,5,11001129,3,48.8159718,8
329142,57,5,11001129,2,45.5393029,2
329145,57,5,11001129,2,59.3604531,3
329147,57,5,11001129,2,45.8236394,2
329155,82,8,11001153,2,34.646117,4
329160,36,18,11001192,3,20.9090757,15
329161,36,18,11001192,3,20.8402871,3
329162,36,18,11001192,3,17.525774,3
329169,34,4,11001101,2,32.0417903,8
329171,34,4,11001101,2,23.4428714,6
329175,34,4,11001101,3,26.894779,6
329187,34,4,11001101,3,27.704619,8
329192,34,4,11001101,2,24.9999347,10
329193,34,4,11001101,2,22.7066079,2
329210,34,4,11001101,2,39.2684622,12
329212,34,4,11001101,2,25.6368181,3
329214,34,4,11001101,2,26.7207875,6
329216,34,4,11001101,2,26.5246085,10
329221,34,4,11001101,2,45.8725736,8
329225,34,4,11001101,3,26.0958182,3
329228,811,5,11001184,2,39.1337546,6
329250,811,5,11001184,2,37.966083,3
329251,81,8,11001128,2,29.0214026,6
329264,81,8,11001128,2,30.1257196,4
329266,52,5,11001135,1,8.3708964,5
329269,52,5,11001135,1,8.828913,3
329271,52,5,11001135,1,8.8701235,6
329278,52,5,11001135,1,8.3708964,10
329283,811,5,11001184,2,28.7775327,3
329300,52,5,11001135,1,7.6846919,7
329306,52,5,11001135,1,12.5592382,2
329307,52,5,11001135,1,7.3294638,4
329308,52,5,11001135,1,10.6726525,4
329309,52,5,11001135,1,10.8263084,12
329312,52,5,11001135,1,10.588922,8
329313,52,5,11001135,1,7.4431678,6
329314,52,5,11001135,1,7.2207456,4
329315,811,5,11001184,1,31.6538432,4
329316,811,5,11001184,1,29.453916,10
329317,82,8,11001153,2,54.6118122,6
329345,55,18,11001119,2,34.5778258,3
329346,55,18,11001119,2,35.2059591,3
329347,55,18,11001119,2,28.3711785,3
329348,55,18,11001119,2,29.4798272,12
329349,55,18,11001119,2,41.3279255,8
329356,82,8,11001153,2,68.6687031,4
329365,82,8,11001153,2,36.4116891,3
329366,82,8,11001153,2,46.5717211,5
329371,70,19,11001132,1,36.4491254,3
329376,43,16,11001161,3,21.7116463,4
329384,34,4,11001101,2,37.2797402,3
329394,34,4,11001101,2,23.0695289,4
329398,34,4,11001101,3,30.8512706,8
329402,34,4,11001101,2,38.9079621,10
329403,34,4,11001101,2,32.8456006,2
329406,34,4,11001101,2,27.2700274,8
329407,34,4,11001101,2,19.5398262,5
329417,811,5,11001184,1,23.9540577,6
329431,55,18,11001119,2,45.4093075,10
329436,802,8,11001175,4,78.3388194,5
329442,82,8,11001153,2,53.9410865,4
329445,81,8,11001128,2,21.8014601,6
329446,81,8,11001128,2,28.8597609,5
329448,55,18,11001119,2,28.9960274,24
329455,81,8,11001128,2,25.1917825,3
329459,82,8,11001153,2,41.613359,3
329460,82,8,11001153,2,35.204427,4
329468,26,10,11001140,3,73.7439152,3
329476,36,18,11001192,3,27.4812528,8
329483,82,8,11001153,2,32.5554224,6
329508,96,3,11001146,1,9.3881447,16
329512,96,3,11001146,1,14.5914478,7
329515,96,3,11001146,2,16.1422297,12
329530,79,8,11001110,2,57.9579692,5
329531,36,18,11001192,3,29.6669281,15
329535,82,8,11001153,2,25.5531672,3
329541,52,5,11001135,1,11.7568164,24
329543,52,5,11001135,1,8.7423573,3
329545,52,5,11001135,1,7.6581278,3
329546,52,5,11001135,1,9.6053873,4
329548,52,5,11001135,1,9.3102798,8
329549,52,5,11001135,1,9.0787092,4
329550,52,5,11001135,1,8.7423573,3
329551,52,5,11001135,1,10.0678643,4
329552,52,5,11001135,1,9.0193142,2
329553,52,5,11001135,1,9.2256144,3
329554,52,5,11001135,1,13.7665058,24
329555,52,5,11001135,1,10.8725614,3
329559,52,5,11001135,1,8.7423573,3
329563,55,18,11001119,2,29.3709535,4
329570,55,18,11001119,2,30.0337658,10
329573,45,8,11001111,3,32.0803955,3
329574,45,8,11001111,3,53.8616078,12
329575,55,18,11001119,2,29.6700539,4
329576,45,8,11001111,3,38.7591928,3
329579,36,18,11001192,3,25.9996325,8
329581,55,18,11001119,2,37.0306795,3
329584,55,18,11001119,2,32.0198468,4
329586,45,8,11001111,3,36.4112698,4
329587,45,8,11001111,3,39.5501968,3
329598,36,18,11001192,3,36.6828542,14
329609,28,11,11001122,3,98.1696618,12
329613,82,8,11001153,2,43.7908532,5
329614,82,8,11001153,2,46.2746186,9
329625,81,8,11001128,2,30.8201844,2
329640,36,18,11001192,3,25.7441028,3
329645,55,18,11001119,2,28.6116408,8
329646,55,18,11001119,2,13.6712582,12
329647,55,18,11001119,2,36.1845113,3
329648,66,19,11001159,1,31.7177324,33
329652,78,8,11001168,2,17.8844982,5
329653,78,8,11001168,2,17.7230175,3
329657,47,8,11001133,3,18.337987,5
329662,47,8,11001133,3,39.9686762,3
329663,47,8,11001133,3,33.5572754,5
329672,48,8,11001167,3,46.705098,8
329674,48,8,11001167,3,57.9834784,8
329680,47,8,11001133,3,36.4478316,2
329682,48,8,11001167,3,64.6184672,8
329687,70,19,11001132,1,33.9701485,8
329689,48,8,11001167,3,34.4086147,14
329691,70,19,11001132,1,36.4098599,10
329692,802,8,11001175,3,97.236889,12
329694,48,8,11001167,3,61.6857015,4
329700,70,19,11001132,1,42.3377219,5
329705,48,8,11001167,3,60.2407485,40
329719,78,8,11001168,2,17.3696443,5
329721,79,8,11001110,2,70.8375179,5
329738,66,19,11001159,1,14.7837756,14
329745,54,18,11001148,2,37.0451126,4
329748,81,8,11001128,2,9.1579548,4
329756,69,19,11001131,1,56.7097921,8
329773,81,8,11001128,2,30.9677525,3
329774,81,8,11001128,2,27.8709773,3
329775,82,8,11001153,2,47.3357847,8
329801,811,5,11001184,2,24.0166639,3
329817,52,5,11001135,1,9.0340796,6
329818,36,18,11001192,3,18.5763664,4
329824,81,8,11001128,2,13.8382056,10
329838,52,5,11001135,0,16.5896301,8
329858,52,5,11001135,0,12.3035823,3
329864,52,5,11001135,1,6.2165547,7
329868,70,19,11001132,2,34.4084845,12
329870,54,18,11001148,2,21.738985,3
329871,54,18,11001148,2,21.738985,2
329876,79,8,11001110,2,68.1041114,5
329877,79,8,11001110,2,72.4544568,10
329879,89,2,11001160,2,14.2341464,10
329882,89,2,11001160,1,6.0957017,8
329886,69,19,11001131,1,39.5304114,5
329889,78,8,11001168,3,15.5771154,3
329891,84,7,11001107,2,95.4633431,4
329892,36,18,11001192,3,24.7684885,8
329894,36,18,11001192,3,17.6688206,2
329898,55,18,11001119,2,24.9874569,12
329908,802,8,11001175,3,76.5206093,10
329909,26,10,11001140,3,50.3605934,8
329910,79,8,11001110,2,66.9146301,12
329916,82,8,11001153,2,49.1422062,5
329933,79,8,11001110,2,40.4039669,3
329936,79,8,11001110,2,65.6412294,3
329950,78,8,11001168,3,16.6897665,3
329961,52,5,11001135,1,12.3035823,3
329962,52,5,11001135,1,6.3561762,10
329964,52,5,11001135,0,8.0607763,15
329965,52,5,11001135,1,10.6567695,12
329966,52,5,11001135,1,11.5114315,18
329969,52,5,11001135,1,13.6915879,8
329972,802,8,11001175,2,84.8635814,4
329975,802,8,11001175,2,79.5050763,4
329992,48,8,11001167,3,71.8312537,3
329998,32,4,11001157,1,43.2687686,6
330013,69,19,11001131,1,79.1282691,12
330020,811,5,11001184,2,39.2392187,8
330048,100,13,11001126,4,30.1313328,10
330062,86,7,11001120,2,40.2063387,5
330066,69,19,11001131,1,63.548072,12
330067,69,19,11001131,1,76.0281772,2
330068,69,19,11001131,1,83.6982948,3
330083,81,8,11001128,2,19.1358166,2
330091,81,8,11001128,2,41.1314101,4
330092,81,8,11001128,2,40.104206,4
330099,94,17,11001134,2,7.4472754,2
330122,43,16,11001161,3,35.2834055,5
330125,811,5,11001184,2,22.4893265,8
330148,94,17,11001134,2,6.3825498,3
330195,811,5,11001184,1,23.887877,4
330213,86,7,11001120,1,80.1372807,18
330218,54,18,11001148,2,49.3168918,8
330219,54,18,11001148,2,70.1617032,8
330222,86,7,11001120,1,64.0409667,4
330223,86,7,11001120,1,100.3720939,2
330240,100,13,11001126,4,17.8536854,4
330250,87,7,11001169,2,34.6303488,4
330251,87,7,11001169,2,47.2801838,4
330254,86,7,11001120,1,61.6948682,6
330255,86,7,11001120,1,62.4295254,4
330256,86,7,11001120,2,85.5401655,5
330257,76,9,11001125,2,16.8064247,10
330266,86,7,11001120,1,87.7349064,8
330267,86,7,11001120,1,86.8077646,15
330274,89,2,11001160,2,7.5188992,3
330279,66,19,11001159,1,45.424557,10
330281,66,19,11001159,1,17.4223079,7
330282,66,19,11001159,1,23.5290727,3
330292,72,10,11001105,3,42.532431,4
330302,72,10,11001105,3,25.2836151,5
330305,73,10,11001127,3,39.4516018,2
330309,62,6,11001171,2,13.5883442,4
330313,87,7,11001169,2,36.2697469,2
330319,62,6,11001171,2,12.9943507,12
330327,54,18,11001148,2,22.4183282,6
330330,87,7,11001169,2,42.5818005,8
330335,87,7,11001169,2,39.1592283,3
330340,76,9,11001125,2,17.7268213,4
330355,62,6,11001171,2,8.0509742,3
330365,35,15,11001113,2,14.9474793,3
330368,811,5,11001184,1,24.0780151,2
330369,35,15,11001113,2,15.4953015,3
330370,35,15,11001113,2,12.3607825,8
330375,66,19,11001159,1,22.6634643,14
330393,811,5,11001184,1,30.6883248,3
330399,811,5,11001184,1,32.8908632,4
330411,54,18,11001148,2,61.0305864,4
330430,94,17,11001134,2,4.873368,6
330445,43,16,11001161,3,21.9058233,3
330447,77,9,11001173,2,32.1007928,4
330451,79,8,11001110,2,55.8178682,3
330452,79,8,11001110,2,35.2981484,2
330456,811,5,11001184,1,25.8930228,3
330458,45,8,11001111,3,30.3730378,10
330459,811,5,11001184,1,27.0684111,3
330464,811,5,11001184,1,32.1575634,4
330465,811,5,11001184,1,22.0240443,15
330470,94,17,11001134,3,6.7318793,3
330479,32,4,11001157,1,63.0857062,15
330494,86,7,11001120,2,71.4488343,5
330518,45,8,11001111,3,26.4704696,10
330520,96,3,11001146,2,22.2166315,3
330521,96,3,11001146,2,28.4434271,3
330523,86,7,11001120,2,50.5744605,4
330525,86,7,11001120,2,50.052861,4
330540,30,10,11001108,3,43.3214168,5
330545,30,10,11001108,3,58.4469546,8
330556,30,10,11001108,3,67.5190631,3
330561,54,18,11001148,1,18.1158208,12
330562,54,18,11001148,1,46.5077998,4
330566,76,9,11001125,2,10.3176674,2
330570,76,9,11001125,2,7.4011827,12
330580,62,6,11001171,2,13.4554641,6
330583,62,6,11001171,2,16.6982208,8
330600,811,5,11001184,1,27.5776831,2
330603,32,4,11001157,2,52.9141187,5
330605,32,4,11001157,2,19.6807131,5
330607,32,4,11001157,2,47.5283624,2
330618,76,9,11001125,2,9.6106884,5
330621,39,18,11001155,3,37.8363545,4
330627,62,6,11001171,2,13.4619247,6
330633,62,6,11001171,2,18.0720859,10
330640,32,4,11001157,1,44.9244957,6
330646,810,10,11001183,3,45.6386774,6
330661,100,13,11001126,4,13.1274269,4
330663,48,8,11001167,2,32.0534507,4
330665,48,8,11001167,2,53.7837719,6
330667,48,8,11001167,2,45.4867853,4
330668,48,8,11001167,2,48.5111538,3
330670,48,8,11001167,2,56.9966083,10
330671,48,8,11001167,2,47.8141682,18
330672,48,8,11001167,2,47.7718044,3
330676,79,8,11001110,2,40.5246034,10
330685,66,19,11001159,1,31.5629162,3
330687,66,19,11001159,1,29.2249415,8
330693,69,19,11001131,1,68.2026566,8
330696,69,19,11001131,2,87.7084832,10
330700,39,18,11001155,3,23.2128235,3
330703,811,5,11001184,1,32.2745068,8
330705,811,5,11001184,1,21.740206,8
330710,811,5,11001184,1,23.5692947,6
330718,76,9,11001125,2,12.357343,3
330727,82,8,11001153,2,28.0046374,6
330729,76,9,11001125,2,8.3881978,5
330736,69,19,11001131,1,77.763396,15
330758,69,19,11001131,1,70.5599247,3
330762,69,19,11001131,1,54.3724739,5
330766,69,19,11001131,1,54.2364777,12
330767,69,19,11001131,1,76.3617019,10
330781,69,19,11001131,1,80.736502,8
330782,69,19,11001131,1,56.3383024,5
330784,69,19,11001131,1,82.9285364,8
330785,69,19,11001131,1,54.9270059,3
330786,69,19,11001131,1,46.9198029,3
330788,96,3,11001146,2,23.873945,6
330793,804,1,11001177,2,18.8663428,3
330796,96,3,11001146,2,23.5074274,8
330798,96,3,11001146,2,24.5679432,24
330807,96,3,11001146,2,17.302817,6
330808,96,3,11001146,2,16.3007216,12
330818,82,8,11001153,2,22.4743454,10
330824,82,8,11001153,2,40.0074213,12
330827,92,3,11001137,4,5.5721161,2
330834,82,8,11001153,2,37.7587606,4
330841,87,7,11001169,1,48.3547335,8
330845,87,7,11001169,1,45.8221437,3
330847,87,7,11001169,1,36.10802,2
330853,95,3,11001139,2,13.9491056,14
330865,69,19,11001131,1,58.2051666,2
330866,811,5,11001184,1,18.4415594,4
330867,811,5,11001184,1,31.1974283,2
330868,811,5,11001184,2,40.9177664,3
330870,811,5,11001184,2,38.2814831,4
330906,98,12,11001142,3,12.0125621,6
330911,30,10,11001108,3,61.6405907,12
330917,32,4,11001157,1,58.9404066,3
330922,76,9,11001125,2,11.9008714,3
330923,79,8,11001110,2,51.3009929,2
330926,79,8,11001110,2,53.1894303,4
330927,82,8,11001153,2,31.8142036,10
330931,35,15,11001113,2,16.7793264,8
330932,35,15,11001113,2,18.1113914,3
330933,35,15,11001113,2,17.0656462,6
330934,35,15,11001113,2,17.2373429,4
330935,35,15,11001113,2,14.4472912,5
330953,47,8,11001133,3,32.9353511,3
330960,86,7,11001120,2,64.5907052,18
330965,86,7,11001120,2,51.356148,4
330978,77,9,11001173,2,20.3273655,4
330984,77,9,11001173,2,28.1599514,4
330986,77,9,11001173,2,28.5978644,6
330988,77,9,11001173,2,26.5217327,2
330993,811,5,11001184,1,16.3018399,16
330997,811,5,11001184,1,26.9458954,10
331007,86,7,11001120,2,58.8168559,4
331014,89,2,11001160,1,5.9514541,8
331030,86,7,11001120,2,51.7921036,5
331031,86,7,11001120,2,47.4975816,12
331032,86,7,11001120,2,42.8293284,3
331035,86,7,11001120,1,57.5887302,2
331038,86,7,11001120,1,75.6062648,10
331044,47,8,11001133,3,44.6466125,12
331047,70,19,11001132,1,45.902679,12
331052,70,19,11001132,1,35.3535239,3
331053,70,19,11001132,1,60.9912159,12
331061,43,16,11001161,3,33.3027162,4
331067,84,7,11001107,2,69.6135037,6
331072,84,7,11001107,2,82.1814866,4
331074,84,7,11001107,2,94.8355463,8
331075,84,7,11001107,2,90.0294152,5
331076,84,7,11001107,2,80.9088034,15
331078,87,7,11001169,1,28.0939659,4
331079,87,7,11001169,1,40.9379731,2
331085,87,7,11001169,1,35.1650402,2
331087,87,7,11001169,1,42.6694853,6
331089,87,7,11001169,2,33.0658213,8
331091,84,7,11001107,2,60.9105811,12
331094,84,7,11001107,2,64.6942779,3
331099,62,6,11001171,2,22.2642943,8
331103,62,6,11001171,2,15.1047938,2
331115,79,8,11001110,2,66.4367073,4
331120,45,8,11001111,3,43.9429614,3
331121,43,16,11001161,3,30.7816543,2
331138,45,8,11001111,3,37.5421046,3
331139,45,8,11001111,3,32.209223,8
331148,45,8,11001111,3,30.5031149,10
331168,45,8,11001111,3,36.3171603,6
331175,57,5,11001129,2,68.7533232,8
331176,57,5,11001129,2,53.0811013,4
331177,57,5,11001129,2,55.2249216,10
331180,57,5,11001129,2,45.7526942,3
331191,84,7,11001107,2,80.6024345,3
331192,84,7,11001107,2,84.2356391,4
331195,84,7,11001107,2,106.2172203,12
331199,84,7,11001107,2,83.7346633,5
331200,84,7,11001107,2,136.469075,6
331201,84,7,11001107,2,84.8809945,5
331202,84,7,11001107,2,151.2194276,6
331209,66,19,11001159,2,29.7444133,2
331228,70,19,11001132,1,20.146787,8
331229,70,19,11001132,1,50.7556356,4
331231,76,9,11001125,2,11.0134894,18
331232,76,9,11001125,2,13.7756622,3
331235,87,7,11001169,1,42.9734991,15
331244,87,7,11001169,1,50.8873232,10
331247,70,19,11001132,1,31.881885,3
331251,70,19,11001132,1,33.9108116,5
331258,81,8,11001128,2,18.9382812,8
331261,86,7,11001120,2,39.9305525,2
331264,86,7,11001120,2,34.330835,3
331268,66,19,11001159,1,17.1732589,2
331270,26,10,11001140,3,28.1554921,6
331272,26,10,11001140,3,26.1555569,4
331276,26,10,11001140,3,39.3087012,6
331280,72,10,11001105,3,32.9358552,2
331285,72,10,11001105,3,39.0169799,4
331289,72,10,11001105,3,37.6802279,4
331290,72,10,11001105,3,43.8166713,4
331295,102,14,11001138,2,18.6442789,4
331300,69,19,11001131,1,70.8492821,2
331303,98,12,11001142,4,22.4546173,20
331304,102,14,11001138,2,28.0780131,6
331310,66,19,11001159,1,35.9190298,22
331315,69,19,11001131,1,61.6343064,7
331322,69,19,11001131,1,66.6348825,8
331331,100,13,11001126,4,24.45521,2
331333,100,13,11001126,3,33.0324493,4
331340,809,16,11001182,3,4.903102,3
331341,809,16,11001182,3,5.7841147,4
331348,102,14,11001138,2,15.5131476,3
331350,102,14,11001138,2,18.6442789,8
331351,102,14,11001138,2,16.9596048,5
331352,72,10,11001105,3,30.8351401,4
331361,72,10,11001105,3,22.071616,3
331372,62,6,11001171,2,18.8809922,2
331391,30,10,11001108,3,49.5954429,4
331398,86,7,11001120,2,55.5304368,4
331412,81,8,11001128,2,30.1109754,12
331413,32,4,11001157,1,39.0205361,3
331421,54,18,11001148,2,17.626204,2
331428,45,8,11001111,3,25.6147827,14
331443,62,6,11001171,2,13.5883442,4
331453,811,5,11001184,1,20.2551433,8
331458,96,3,11001146,2,17.0908249,4
331459,96,3,11001146,2,16.1316886,2
331462,96,3,11001146,2,20.0042197,2
331464,96,3,11001146,2,19.5585086,8
331465,96,3,11001146,1,20.1890977,6
331479,69,19,11001131,1,59.7404365,8
331483,32,4,11001157,2,52.2642594,24
331487,32,4,11001157,2,33.2600486,3
331488,32,4,11001157,2,25.3258946,3
331499,32,4,11001157,2,36.9550606,6
331502,32,4,11001157,2,19.8904889,4
331503,32,4,11001157,2,30.6763919,3
331504,76,9,11001125,2,8.772423,3
331508,32,4,11001157,2,34.6519217,4
331513,84,7,11001107,2,73.963338,8
331515,84,7,11001107,2,53.9911794,3
331531,70,19,11001132,1,36.3736639,30
331537,43,16,11001161,3,19.7690968,2
331543,76,9,11001125,2,8.5331968,4
331544,76,9,11001125,2,10.5267185,18
331545,76,9,11001125,2,8.5331968,8
331546,76,9,11001125,2,10.001525,5
331552,45,8,11001111,3,27.2242017,4
331562,32,4,11001157,1,33.4911773,6
331567,811,5,11001184,1,36.4544422,4
331568,811,5,11001184,2,30.5752573,2
331571,807,12,11001180,3,25.2350211,14
331573,89,2,11001160,2,8.7846599,32
331585,69,19,11001131,2,68.3664143,3
331596,84,7,11001107,2,68.039944,6
331599,84,7,11001107,2,72.5175737,2
331610,82,8,11001153,2,35.4788822,2
331611,54,18,11001148,2,28.6438154,12
331612,54,18,11001148,1,69.7949688,5
331613,54,18,11001148,1,19.7627136,4
331624,69,19,11001131,2,38.9985501,4
331632,43,16,11001161,3,32.8176021,4
331634,76,9,11001125,2,9.4081016,4
331635,76,9,11001125,2,7.6404089,3
331640,811,5,11001184,1,27.7128988,4
331643,811,5,11001184,1,29.4055925,15
331644,811,5,11001184,1,28.064133,18
331645,811,5,11001184,1,27.7319527,10
331648,26,10,11001140,3,52.0139856,10
331652,811,5,11001184,1,28.1862292,10
331657,84,7,11001107,2,92.4541725,8
331660,84,7,11001107,2,60.5099196,12
331687,66,19,11001159,2,31.228917,3
331690,70,19,11001132,1,28.5657018,3
331697,45,8,11001111,3,37.8403689,4
331700,96,3,11001146,2,13.471445,6
331704,96,3,11001146,2,11.209043,5
331709,811,5,11001184,1,27.0908348,4
331713,811,5,11001184,1,27.0908348,4
331748,76,9,11001125,2,6.4794099,18
331756,69,19,11001131,1,39.2765961,4
331759,45,8,11001111,3,22.653346,6
331761,45,8,11001111,3,25.9132972,12
331766,76,9,11001125,2,10.5809359,10
331769,32,4,11001157,1,49.5692151,15
331780,69,19,11001131,2,52.1837634,6
331792,70,19,11001132,1,39.5893958,8
331793,70,19,11001132,1,38.0414753,12
331798,98,12,11001142,3,14.4938646,33
331800,77,9,11001173,2,27.0580049,8
331809,38,15,11001156,3,34.9221512,4
331816,47,8,11001133,3,43.1082952,4
331830,45,8,11001111,3,41.1104125,4
331831,45,8,11001111,3,40.7647979,8
331832,69,19,11001131,1,50.4897991,4
331833,69,19,11001131,1,47.6905721,8
331836,69,19,11001131,3,45.7326309,2
331843,82,8,11001153,2,53.9410865,8
331848,810,10,11001183,3,16.021286,5
331853,804,1,11001177,2,19.6550622,3
331857,804,1,11001177,2,18.8663428,3
331858,804,1,11001177,2,16.0422393,6
331877,76,9,11001125,2,10.2407512,8
331886,32,4,11001157,1,37.6669625,3
331903,69,19,11001131,2,107.9322195,4
331906,69,19,11001131,2,77.7155819,2
331926,96,3,11001146,2,12.3060672,4
331927,96,3,11001146,2,15.8269142,5
331930,811,5,11001184,2,33.2006014,24
331931,811,5,11001184,2,41.7965288,8
331937,45,8,11001111,3,32.7701428,4
331941,62,6,11001171,2,14.3127606,8
331945,62,6,11001171,2,9.0545486,5
331956,811,5,11001184,1,37.6464045,8
331957,811,5,11001184,1,51.6702757,18
331958,811,5,11001184,1,34.5209929,7
331959,811,5,11001184,1,52.2811497,14
331960,811,5,11001184,1,21.0479452,36
331965,87,7,11001169,1,44.1505851,2
331969,811,5,11001184,2,30.5734099,24
331978,811,5,11001184,1,32.721519,3
331980,811,5,11001184,1,34.1840561,6
331981,811,5,11001184,1,26.7835994,5
331986,811,5,11001184,1,30.3531245,4
331989,811,5,11001184,1,41.7825014,8
331990,811,5,11001184,1,38.6713977,3
331992,811,5,11001184,1,31.0567383,2
331993,811,5,11001184,1,39.5705191,2
332000,35,15,11001113,3,15.7882826,4
332039,96,3,11001146,2,16.3906742,12
332044,96,3,11001146,2,21.5220314,8
332048,70,19,11001132,1,20.8945052,8
332056,76,9,11001125,2,9.1142096,5
332058,76,9,11001125,2,13.3860153,4
332069,807,12,11001180,3,33.5595018,2
332070,87,7,11001169,2,42.6558497,3
332071,87,7,11001169,1,52.3090215,8
332074,87,7,11001169,2,51.7622513,18
332076,47,8,11001133,3,31.9904472,5
332078,807,12,11001180,3,45.5458075,5
332086,36,18,11001192,3,25.1539903,8
332087,36,18,11001192,3,27.8260898,3
332088,36,18,11001192,3,31.3650183,6
332089,36,18,11001192,3,23.2739764,2
332090,76,9,11001125,2,13.7787795,3
332105,82,8,11001153,2,44.6747329,10
332111,809,16,11001182,3,5.580395,27
332114,38,15,11001156,3,36.3562676,2
332115,70,19,11001132,1,27.7125771,8
332118,43,16,11001161,3,32.7266959,28
332128,69,19,11001131,2,47.4462336,5
332130,54,18,11001148,2,62.7097126,4
332143,29,10,11001149,3,51.3700532,8
332160,32,4,11001157,1,50.4489044,8
332177,87,7,11001169,1,34.3370694,4
332180,87,7,11001169,1,43.3951062,3
332181,87,7,11001169,1,49.6258293,5
332185,87,7,11001169,2,40.6464597,3
332190,89,2,11001160,2,7.3833154,10
332194,62,6,11001171,2,11.2795013,6
332204,69,19,11001131,2,55.3498461,4
332207,69,19,11001131,2,88.0419688,2
332210,18,11,11001109,3,26.0655725,8
332215,811,5,11001184,1,35.881754,6
332218,57,5,11001129,1,92.4834328,4
332219,57,5,11001129,1,85.4707397,4
332236,82,8,11001153,2,30.8769947,3
332237,82,8,11001153,2,41.1179768,3
332248,77,9,11001173,2,31.0455498,6
332249,77,9,11001173,2,28.8908385,3
332251,77,9,11001173,2,31.3028819,3
332252,45,8,11001111,3,22.4909598,5
332258,77,9,11001173,2,33.3085924,8
332259,77,9,11001173,2,39.2759659,28
332261,77,9,11001173,2,33.8992061,10
332264,77,9,11001173,2,36.2541809,18
332272,45,8,11001111,3,28.7812271,4
332273,45,8,11001111,3,32.0666614,4
332274,45,8,11001111,3,32.0016302,4
332284,26,10,11001140,3,31.5375137,5
332288,26,10,11001140,3,42.0295716,5
332289,66,19,11001159,1,16.5373857,4
332290,66,19,11001159,1,21.0575219,5
332296,66,19,11001159,2,25.7879176,4
332306,66,19,11001159,2,32.2148423,10
332311,94,17,11001134,2,13.8062392,5
332315,47,8,11001133,3,38.7974657,8
332316,47,8,11001133,3,32.7783138,16
332322,89,2,11001160,2,6.2541991,2
332323,89,2,11001160,2,7.4183435,10
332324,89,2,11001160,2,6.101522,3
332331,45,8,11001111,3,44.836596,2
332340,86,7,11001120,1,67.9730211,8
332344,86,7,11001120,1,67.2472283,10
332345,86,7,11001120,1,57.9125251,3
332350,86,7,11001120,1,48.1507951,6
332355,86,7,11001120,1,69.4071589,3
332358,86,7,11001120,1,40.5733652,3
332361,86,7,11001120,2,57.9125251,3
332363,86,7,11001120,1,45.2970075,7
332377,86,7,11001120,2,48.1664981,2
332402,47,8,11001133,3,21.7928654,3
332407,50,4,11001136,2,36.211103,10
332410,89,2,11001160,2,7.4574157,3
332411,89,2,11001160,2,5.4244471,3
332412,89,2,11001160,2,5.7980799,2
332414,89,2,11001160,2,7.970242,4
332417,86,7,11001120,1,61.8132295,8
332419,86,7,11001120,2,57.2593116,8
332423,86,7,11001120,1,48.1507951,6
332424,86,7,11001120,1,39.3380302,21
332425,86,7,11001120,2,61.7975265,10
332436,96,3,11001146,2,16.7828075,15
332443,86,7,11001120,2,61.1757189,8
332450,86,7,11001120,1,69.1029245,3
332461,809,16,11001182,3,7.0044314,6
332474,70,19,11001132,1,53.1078161,5
332477,70,19,11001132,1,33.9452575,24
332486,809,16,11001182,3,8.7555392,3
332490,809,16,11001182,3,4.9063194,3
332495,809,16,11001182,3,5.451466,4
332501,30,10,11001108,3,71.9852575,4
332509,62,6,11001171,2,12.3584676,2
332520,54,18,11001148,1,31.8480685,2
332534,76,9,11001125,2,13.4831352,2
332535,45,8,11001111,3,40.2615287,8
332537,45,8,11001111,3,39.5501968,3
332538,29,10,11001149,3,31.6107504,2
332540,29,10,11001149,3,44.2019454,3
332565,62,6,11001171,2,14.0831251,6
332581,36,18,11001192,3,24.1601044,12
332583,62,6,11001171,2,6.7014796,7
332590,89,2,11001160,2,8.0237145,48
332598,72,10,11001105,3,29.2878374,2
332617,35,15,11001113,3,9.7654101,12
332623,96,3,11001146,2,15.1640169,4
332627,62,6,11001171,2,11.5659546,12
332629,62,6,11001171,2,6.8328814,6
332641,809,16,11001182,3,6.3842686,2
332643,69,19,11001131,2,60.282756,8
332647,72,10,11001105,3,34.7119093,8
332650,72,10,11001105,3,35.1971088,3
332652,72,10,11001105,3,44.4281467,4
332656,72,10,11001105,3,41.9055948,5
332665,69,19,11001131,2,33.0440614,5
332713,72,10,11001105,3,33.4527344,3
332715,98,12,11001142,3,30.7124924,5
332719,804,1,11001177,2,13.2942229,3
332720,86,7,11001120,2,28.8296145,4
332723,86,7,11001120,2,39.603649,4
332725,86,7,11001120,2,61.7975265,15
332728,86,7,11001120,2,52.7129048,3
332729,86,7,11001120,2,38.1296692,4
332735,86,7,11001120,2,75.4913668,4
332736,86,7,11001120,2,62.45074,8
332737,86,7,11001120,2,56.3542133,5
332740,86,7,11001120,1,69.0853741,8
332747,62,6,11001171,2,16.0994542,4
332751,62,6,11001171,2,22.6027539,3
332754,62,6,11001171,2,26.2746575,18
332756,62,6,11001171,2,15.5228331,3
332792,87,7,11001169,2,50.4043581,3
332793,87,7,11001169,1,50.8142861,10
332796,95,3,11001139,2,13.260378,4
332800,51,4,11001145,1,19.100644,4
332804,51,4,11001145,1,21.6612438,8
332823,32,4,11001157,2,32.2815826,3
332825,32,4,11001157,2,28.4161637,2
332826,32,4,11001157,2,37.7646849,5
332827,32,4,11001157,2,33.2600486,3
332829,32,4,11001157,2,53.1722425,15
332832,32,4,11001157,2,53.2882068,5
332833,32,4,11001157,2,55.8654472,5
332840,32,4,11001157,2,33.7979417,4
332844,32,4,11001157,2,40.6974604,4
332846,32,4,11001157,2,28.235531,4
332848,32,4,11001157,2,48.5565193,12
332850,32,4,11001157,2,36.4624093,6
332851,32,4,11001157,2,35.1184825,3
332858,32,4,11001157,2,38.9177263,4
332861,32,4,11001157,2,30.1953368,2
332864,32,4,11001157,2,52.9495641,15
332866,32,4,11001157,2,38.3110719,3
332887,39,18,11001155,3,33.9276651,2
332892,96,3,11001146,,20.245203,4
332895,96,3,11001146,,19.1739464,15
332899,96,3,11001146,2,24.8838551,4
332905,32,4,11001157,1,46.4744972,4
332911,101,13,11001165,4,13.484479,3
332918,48,8,11001167,3,49.710302,3
332938,48,8,11001167,2,47.1714811,8
332948,48,8,11001167,3,55.5450235,12
332954,96,3,11001146,2,19.4785696,2
332962,73,10,11001127,3,76.6517902,21
332968,57,5,11001129,2,47.5830986,6
332972,57,5,11001129,2,68.5425711,3
332977,76,9,11001125,2,9.6451457,3
332986,811,5,11001184,2,48.6183757,3
332987,811,5,11001184,1,46.103123,8
332988,811,5,11001184,1,47.3870611,15
333046,89,2,11001160,2,6.061608,3
333052,38,15,11001156,3,37.5653848,4
333063,42,6,11001172,3,51.7032545,6
333092,26,10,11001140,3,14.5495198,18
333093,79,8,11001110,2,76.4237524,4
333096,26,10,11001140,3,39.5778352,6
333097,26,10,11001140,3,29.8953952,4
333102,48,8,11001167,3,54.0371492,8
333106,26,10,11001140,3,40.1000926,4
333110,26,10,11001140,3,44.5877463,2
333117,45,8,11001111,3,29.2562023,4
333118,82,8,11001153,2,37.7481273,4
333126,54,18,11001148,2,26.3110741,2
333130,69,19,11001131,2,80.6883818,4
333140,36,18,11001192,3,19.8919847,3
333142,66,19,11001159,1,24.3823647,5
333148,66,19,11001159,2,35.3260773,8
333151,66,19,11001159,2,23.1129986,45
333152,66,19,11001159,2,22.2554287,4
333153,66,19,11001159,2,35.9206542,9
333165,50,4,11001136,1,69.4269093,18
333179,98,12,11001142,3,25.020268,3
333182,809,16,11001182,2,4.1934354,4
333184,112,9,11001130,4,13.1945477,3
333189,94,17,11001134,2,15.0613518,5
333196,50,4,11001136,2,46.2203348,3
333208,102,14,11001138,3,19.9701559,2
333209,102,14,11001138,3,10.7701688,4
333210,45,8,11001111,3,40.7647979,4
333243,76,9,11001125,2,8.8005593,6
333247,54,18,11001148,2,57.5241018,4
333248,54,18,11001148,2,38.4504441,8
333249,54,18,11001148,2,52.0745325,4
333250,54,18,11001148,2,50.7357816,4
333253,54,18,11001148,2,31.4504734,3
333261,72,10,11001105,3,39.6011202,3
333268,72,10,11001105,3,41.8669199,4
333283,70,19,11001132,1,26.9859965,4
333286,62,6,11001171,2,13.5955213,8
333290,96,3,11001146,2,21.6418673,5
333293,96,3,11001146,2,14.6248501,5
333306,51,4,11001145,2,20.1023411,8
333322,82,8,11001153,2,25.5701357,12
333323,82,8,11001153,2,42.3252389,2
333324,43,16,11001161,3,25.2149742,4
333328,62,6,11001171,2,19.4284693,3
333329,62,6,11001171,2,13.69263,10
333330,62,6,11001171,2,17.6954666,3
333335,50,4,11001136,2,39.0543942,2
333338,66,19,11001159,2,25.5509321,3
333341,66,19,11001159,2,37.1793834,4
333343,66,19,11001159,2,24.1521938,4
333360,96,3,11001146,2,19.825006,4
333364,69,19,11001131,2,83.5858614,4
333375,810,10,11001183,3,39.7428234,2
333378,50,4,11001136,2,43.2095195,3
333379,95,3,11001139,2,9.820184,5
333380,95,3,11001139,2,9.6878956,4
333387,102,14,11001138,2,36.5969502,4
333403,81,8,11001128,2,22.1776236,2
333412,43,16,11001161,3,30.5315234,4
333460,45,8,11001111,3,34.0860578,5
333467,47,8,11001133,3,37.8540988,4
333475,89,2,11001160,2,6.6284036,6
333480,42,6,11001172,3,64.261181,4
333490,82,8,11001153,2,30.8769947,3
333516,48,8,11001167,2,54.8485585,4
333519,48,8,11001167,2,52.0143682,8
333522,87,7,11001169,1,56.5725714,6
333523,87,7,11001169,1,41.7746644,3
333527,87,7,11001169,1,44.4281833,8
333532,810,10,11001183,3,43.0092403,21
333540,86,7,11001120,2,46.2205332,4
333547,30,10,11001108,3,92.645599,10
333552,79,8,11001110,2,65.418538,12
333555,79,8,11001110,2,61.8970064,5
333558,43,16,11001161,3,37.7062245,7
333573,29,10,11001149,2,75.0634712,5
333582,85,7,11001106,2,77.3542561,3
333583,85,7,11001106,1,86.0837574,6
333593,85,7,11001106,2,79.9979215,6
333610,85,7,11001106,2,77.033998,2
333621,85,7,11001106,2,89.1147992,6
333624,85,7,11001106,2,84.7373977,2
333625,85,7,11001106,2,93.9805614,5
333629,85,7,11001106,2,105.8826081,3
333633,85,7,11001106,2,95.090349,3
333637,85,7,11001106,2,74.0318953,6
333640,85,7,11001106,2,99.9609638,8
333641,85,7,11001106,2,81.0990734,5
333643,85,7,11001106,2,89.9246881,8
333644,85,7,11001106,2,93.662185,2
333645,85,7,11001106,2,88.4837306,15
333647,85,7,11001106,2,114.598898,3
333653,69,19,11001131,2,69.1561721,3
333659,54,18,11001148,2,45.2387642,8
333660,54,18,11001148,2,19.7627136,8
333661,54,18,11001148,2,41.619748,3
333667,96,3,11001146,2,13.6301304,4
333669,96,3,11001146,2,12.2617409,8
333683,47,8,11001133,3,35.6932118,12
333684,809,16,11001182,3,10.3287763,8
333686,809,16,11001182,3,7.7827015,3
333688,809,16,11001182,3,20.3269216,3
333718,54,18,11001148,2,34.9552989,4
333744,87,7,11001169,2,39.0555956,6
333747,87,7,11001169,1,44.4281833,4
333749,87,7,11001169,1,53.1902068,4
333760,42,6,11001172,2,71.0398909,12
333766,45,8,11001111,3,46.2147255,10
333769,42,6,11001172,2,74.1733631,3
333772,87,7,11001169,1,54.0713921,4
333776,87,7,11001169,2,33.9606061,4
333777,87,7,11001169,2,56.7607876,12
333779,87,7,11001169,1,39.0914722,8
333780,87,7,11001169,2,36.6796749,4
333781,87,7,11001169,1,52.3090215,8
333782,87,7,11001169,1,36.2697469,2
333799,42,6,11001172,2,101.3732105,6
333810,76,9,11001125,2,25.3964191,4
333819,87,7,11001169,1,37.3183941,3
333822,87,7,11001169,1,46.1049248,3
333823,87,7,11001169,1,42.0522626,5
333825,87,7,11001169,1,50.4043581,3
333831,43,16,11001161,3,27.948923,4
333863,69,19,11001131,2,55.5179341,3
333865,51,4,11001145,1,28.9193971,8
333869,51,4,11001145,2,29.0223147,22
333871,51,4,11001145,1,27.4593355,3
333874,48,8,11001167,3,73.6817864,8
333882,38,15,11001156,3,23.2869093,5
333887,51,4,11001145,1,29.5925865,8
333891,96,3,11001146,2,15.8090886,8
333895,48,8,11001167,3,50.4092799,5
333899,48,8,11001167,3,66.3125055,4
333908,809,16,11001182,3,20.3238762,2
333909,809,16,11001182,2,4.1934354,12
333914,89,2,11001160,2,6.8353629,3
333917,811,5,11001184,1,70.6384509,8
333919,811,5,11001184,0,44.0226066,8
333922,811,5,11001184,0,33.467666,6
333928,89,2,11001160,2,6.8101957,5
333931,89,2,11001160,2,6.3726529,4
333932,89,2,11001160,2,7.0495291,4
333934,811,5,11001184,1,68.0278057,8
333936,811,5,11001184,1,46.7040034,4
333939,811,5,11001184,1,45.1033507,18
333940,811,5,11001184,1,47.8009888,3
333942,811,5,11001184,1,35.5561658,6
333948,45,8,11001111,3,29.6219048,4
333949,45,8,11001111,3,28.3540646,3
333950,45,8,11001111,3,32.6118383,8
333959,94,17,11001134,2,13.1443744,3
333965,94,17,11001134,2,7.4578933,3
333967,62,6,11001171,2,18.0340784,4
333968,62,6,11001171,2,13.1922703,3
333969,62,6,11001171,2,29.2968982,3
333975,84,7,11001107,2,57.8084172,5
333981,84,7,11001107,2,64.0907037,5
333982,84,7,11001107,2,50.0977563,6
333983,84,7,11001107,2,59.3325603,2
333988,84,7,11001107,2,37.4464247,6
333996,76,9,11001125,2,11.9065774,10
334000,82,8,11001153,2,43.4924942,18
334002,81,8,11001128,2,17.49227,4
334009,81,8,11001128,2,40.7410695,9
334012,48,8,11001167,2,52.6075911,3
334013,76,9,11001125,2,15.4991761,6
334032,43,16,11001161,3,30.6849473,3
334034,43,16,11001161,3,24.6057815,6
334045,77,9,11001173,2,36.7534919,6
334048,77,9,11001173,2,36.5731865,10
334052,62,6,11001171,2,20.1047217,3
334053,62,6,11001171,2,13.6355067,6
334059,77,9,11001173,2,35.0011001,10
334065,77,9,11001173,1,56.4113039,3
334082,100,13,11001126,4,19.9084056,2
334091,77,9,11001173,2,29.9777332,4
334093,77,9,11001173,2,30.8747046,6
334095,77,9,11001173,2,72.9189586,15
334096,77,9,11001173,2,68.4959177,10
334100,86,7,11001120,2,65.3758458,8
334101,86,7,11001120,2,64.5395071,24
334110,86,7,11001120,2,59.8636745,3
334113,807,12,11001180,3,32.482463,4
334129,85,7,11001106,2,72.9008314,2
334139,85,7,11001106,2,107.8283235,5
334144,85,7,11001106,2,101.2992944,4
334150,50,4,11001136,2,48.47992,3
334152,811,5,11001184,1,43.2793427,14
334157,811,5,11001184,1,29.7267496,10
334159,811,5,11001184,1,44.8553007,10
334190,70,19,11001132,1,28.3131508,2
334196,811,5,11001184,2,30.5811294,2
334197,811,5,11001184,2,38.2814831,4
334218,45,8,11001111,3,31.074843,2
334219,79,8,11001110,2,47.9502972,5
334230,95,3,11001139,2,10.1085102,12
334239,94,17,11001134,2,5.6088555,3
334240,79,8,11001110,2,61.5136086,5
334245,70,19,11001132,1,50.1227067,14
334250,70,19,11001132,1,29.0027049,3
334251,70,19,11001132,1,47.8399096,4
334253,70,19,11001132,1,27.586787,6
334255,70,19,11001132,1,40.8155999,4
334256,66,19,11001159,2,31.9406347,16
334265,62,6,11001171,2,13.2743209,4
334267,62,6,11001171,2,12.7004998,6
334268,62,6,11001171,2,16.2380525,8
334272,81,8,11001128,2,33.7815268,6
334273,87,7,11001169,2,55.9760555,15
334295,86,7,11001120,1,61.6756801,10
334299,86,7,11001120,2,69.4071589,3
334300,86,7,11001120,2,59.2956871,2
334305,86,7,11001120,2,60.2974321,10
334307,86,7,11001120,1,52.9293726,12
334309,86,7,11001120,1,48.0289486,3
334310,86,7,11001120,2,48.1277568,8
334316,86,7,11001120,2,48.1507951,3
334318,86,7,11001120,2,38.5322629,4
334319,86,7,11001120,1,28.5349856,5
334320,86,7,11001120,1,42.1761149,4
334321,86,7,11001120,1,53.3504154,3
334322,86,7,11001120,1,48.1350922,4
334323,86,7,11001120,1,66.3753392,8
334336,807,12,11001180,3,29.8367638,4
334355,42,6,11001172,3,53.0951452,2
334358,81,8,11001128,2,31.7906085,8
334362,807,12,11001180,3,31.6569463,3
334396,48,8,11001167,2,83.4333681,4
334397,48,8,11001167,2,75.2803791,3
334400,48,8,11001167,2,69.7101238,3
334407,52,5,11001135,1,9.0675528,4
334414,62,6,11001171,2,19.9888935,3
334415,62,6,11001171,2,33.5731423,4
334428,51,4,11001145,2,23.4548848,5
334432,51,4,11001145,2,26.6758278,6
334433,51,4,11001145,2,22.4491167,4
334436,29,10,11001149,2,45.1582149,2
334441,54,18,11001148,3,47.2543488,3
334443,54,18,11001148,2,35.1445412,12
334445,54,18,11001148,2,40.5260319,8
334446,54,18,11001148,1,57.2819857,8
334447,54,18,11001148,2,56.2668704,3
334451,51,4,11001145,1,22.2162188,3
334455,82,8,11001153,2,74.5559511,5
334460,809,16,11001182,1,4.9627888,40
334471,809,16,11001182,1,4.9627888,18
334489,54,18,11001148,1,29.2345268,2
334493,96,3,11001146,2,12.9617696,6
334522,42,6,11001172,2,83.5873371,3
334523,42,6,11001172,2,131.8483476,10
334526,42,6,11001172,2,84.5789277,4
334530,42,6,11001172,2,83.5873371,3
334535,55,18,11001119,1,39.5617749,8
334539,55,18,11001119,1,26.6830084,5
334540,55,18,11001119,1,27.7499643,3
334559,21,12,11001143,3,23.3018707,3
334560,76,9,11001125,2,23.7820587,8
334568,21,12,11001143,4,14.507197,4
334570,21,12,11001143,3,9.3983975,4
334573,34,4,11001101,3,39.682436,15
334574,34,4,11001101,3,35.6949974,4
334580,76,9,11001125,2,20.23841,6
334587,51,4,11001145,1,24.1580994,10
334588,51,4,11001145,1,24.8577727,4
334589,51,4,11001145,1,21.5843644,24
334592,51,4,11001145,1,23.0372042,2
334594,51,4,11001145,1,30.0899833,3
334597,51,4,11001145,1,27.8914079,4
334604,79,8,11001110,2,66.9030233,4
334612,84,7,11001107,2,48.9388681,4
334617,76,9,11001125,2,8.772423,3
334622,76,9,11001125,2,7.4210471,2
334643,102,14,11001138,2,17.3100416,8
334644,102,14,11001138,2,12.2934385,24
334653,35,15,11001113,3,9.0912649,3
334654,35,15,11001113,3,16.990719,8
334658,35,15,11001113,3,9.1706097,5
334666,66,19,11001159,2,30.2503217,6
334676,806,11,11001179,3,23.6025509,4
334677,806,11,11001179,4,28.7169768,3
334681,69,19,11001131,2,82.0804953,5
334695,29,10,11001149,2,47.3213959,3
334696,29,10,11001149,2,48.5903144,3
334700,76,9,11001125,2,9.6712405,6
334716,807,12,11001180,3,51.4731655,4
334721,48,8,11001167,2,42.812881,3
334722,48,8,11001167,2,47.7718044,3
334729,811,5,11001184,1,48.1158152,4
334762,102,14,11001138,2,10.7898004,4
334764,102,14,11001138,3,16.2683719,3
334778,50,4,11001136,2,33.0971241,2
334825,48,8,11001167,3,38.7050623,8
334828,809,16,11001182,3,7.0044314,3
334842,809,16,11001182,3,10.0063305,3
334844,809,16,11001182,3,15.2869589,3
334845,50,4,11001136,2,49.7170996,4
334847,50,4,11001136,2,42.5074033,3
334848,50,4,11001136,2,45.1659755,3
334856,50,4,11001136,2,44.7833157,15
334857,50,4,11001136,2,35.344812,8
334871,96,3,11001146,2,21.235196,8
334876,96,3,11001146,2,14.6155355,4
334885,42,6,11001172,2,65.4953982,3
334886,98,12,11001142,3,31.7470907,4
334894,811,5,11001184,2,30.5811294,2
334901,85,7,11001106,2,107.4364668,3
334905,85,7,11001106,2,134.1709962,4
334910,85,7,11001106,2,76.9162548,3
334916,85,7,11001106,2,77.033998,2
334926,85,7,11001106,2,78.4910872,4
334928,85,7,11001106,2,87.7664779,3
334931,804,1,11001177,2,11.2622053,4
334934,804,1,11001177,2,16.6861976,8
334937,79,8,11001110,2,34.4821101,4
334943,92,3,11001137,2,6.3841717,8
334945,69,19,11001131,2,64.5455765,5
334948,69,19,11001131,2,78.7008722,6
334952,87,7,11001169,1,45.4416984,8
334955,87,7,11001169,1,47.7211659,4
334956,87,7,11001169,1,39.9367809,3
334970,54,18,11001148,2,19.7627136,4
334975,54,18,11001148,2,44.3497257,6
334979,69,19,11001131,2,86.7540057,3
334980,69,19,11001131,2,82.9586322,18
334985,55,18,11001119,1,28.0503811,3
334992,809,16,11001182,1,7.085049,6
334999,81,8,11001128,2,33.9446996,4
335002,30,10,11001108,3,66.6007283,3
335003,811,5,11001184,0,23.7848828,3
335007,811,5,11001184,1,14.734059,6
335015,21,12,11001143,5,9.1941778,5
335017,21,12,11001143,4,19.8677684,6
335028,43,16,11001161,3,37.0959223,2
335031,62,6,11001171,2,33.1499422,4
335038,79,8,11001110,2,73.8463831,3
335047,806,11,11001179,3,27.8846007,3
335048,806,11,11001179,3,36.67011,4
335049,806,11,11001179,3,17.4927455,10
335050,806,11,11001179,3,23.2627795,2
335056,806,11,11001179,3,27.0108004,8
335062,806,11,11001179,3,19.9356216,4
335066,62,6,11001171,2,41.8044999,10
335076,79,8,11001110,2,65.7697426,5
335082,27,11,11001164,3,55.5547615,21
335086,112,9,11001130,4,13.6124778,3
335099,66,19,11001159,2,21.4923307,5
335101,67,19,11001147,2,67.145724,2
335111,62,6,11001171,2,19.6616295,3
335114,67,19,11001147,2,75.5919101,6
335117,66,19,11001159,2,25.6304196,2
335140,809,16,11001182,1,8.3581244,8
335174,33,4,11001163,2,24.4992659,12
335187,48,8,11001167,2,62.7216871,5
335192,809,16,11001182,1,10.9042753,12
335193,76,9,11001125,2,13.924481,3
335195,76,9,11001125,2,14.4936262,10
335198,76,9,11001125,2,11.0702926,8
335217,53,18,11001191,2,21.0016901,4
335221,53,18,11001191,2,17.2319613,2
335225,53,18,11001191,2,21.1944572,2
335226,53,18,11001191,2,17.7240031,8
335229,54,18,11001148,2,64.610994,8
335230,54,18,11001148,2,49.3680752,4
335233,54,18,11001148,2,47.7070325,8
335234,54,18,11001148,2,47.7070325,8
335235,54,18,11001148,2,31.5421553,4
335240,54,18,11001148,2,53.248875,3
335247,70,19,11001132,1,40.8155999,8
335249,817,2,11001190,5,25.5022043,4
335255,44,8,11001102,3,43.0425852,7
335256,44,8,11001102,3,37.3616425,4
335261,79,8,11001110,2,36.9535294,3
335270,53,18,11001191,2,15.5573916,2
335273,53,18,11001191,2,20.1092775,3
335282,92,3,11001137,3,7.5036463,3
335292,57,5,11001129,2,60.0082904,6
335293,79,8,11001110,2,40.7890981,18
335297,45,8,11001111,3,32.9412508,4
335300,45,8,11001111,3,39.546398,2
335302,66,19,11001159,1,28.5200881,3
335307,79,8,11001110,2,49.233569,8
335316,25,11,11001196,4,23.0314067,4
335320,112,9,11001130,4,39.0555546,4
335328,35,15,11001113,2,18.4755001,8
335337,26,10,11001140,3,53.3803568,3
335338,26,10,11001140,3,64.7240347,4
335339,66,19,11001159,2,20.506351,3
335344,66,19,11001159,2,10.671684,4
335346,66,19,11001159,2,17.875262,5
335347,66,19,11001159,2,13.4214536,4
335351,66,19,11001159,2,18.2876727,3
335361,26,10,11001140,4,31.2907459,7
335379,80,8,11001118,2,13.4024878,3
335395,80,8,11001118,2,19.711202,3
335397,80,8,11001118,2,18.3799219,5
335398,80,8,11001118,2,9.4773386,8
335400,80,8,11001118,2,12.5666458,12
335402,80,8,11001118,2,21.9341058,45
335408,45,8,11001111,3,44.9748968,10
335413,66,19,11001159,2,34.8578854,3
335416,85,7,11001106,2,74.7546489,2
335417,85,7,11001106,2,102.6975769,3
335418,85,7,11001106,2,92.2998305,6
335424,85,7,11001106,2,97.6992656,8
335426,85,7,11001106,2,79.3476163,2
335432,85,7,11001106,2,112.5012315,8
335439,49,7,11001103,3,10.7367959,4
335441,49,7,11001103,3,11.820112,4
335443,49,7,11001103,3,13.0933176,3
335460,45,8,11001111,3,37.1745266,4
335468,45,8,11001111,3,22.6175034,10
335469,45,8,11001111,3,32.3592519,3
335476,811,5,11001184,0,21.3452919,10
335484,811,5,11001184,1,24.7971612,6
335486,811,5,11001184,1,27.4545722,28
335490,33,4,11001163,2,23.0518045,3
335491,33,4,11001163,2,18.4070269,6
335499,811,5,11001184,1,23.9041278,4
335500,811,5,11001184,1,23.929647,3
335501,811,5,11001184,1,31.0552862,5
335503,811,5,11001184,1,28.9973023,15
335505,811,5,11001184,1,39.3808843,3
335517,80,8,11001118,2,15.9874496,7
335522,33,4,11001163,2,20.5020722,2
335525,69,19,11001131,2,70.1568999,2
335526,52,5,11001135,1,6.97203,3
335530,69,19,11001131,2,90.8391849,8
335539,52,5,11001135,1,7.4335954,4
335540,52,5,11001135,1,8.3805786,12
335544,52,5,11001135,1,7.8152759,2
335545,76,9,11001125,2,12.2052692,12
335546,76,9,11001125,2,7.8753547,15
335554,34,4,11001101,3,36.690096,4
335555,34,4,11001101,3,38.7778683,8
335562,33,4,11001163,2,19.9442164,3
335565,811,5,11001184,1,28.349204,2
335566,811,5,11001184,1,31.2538414,8
335574,55,18,11001119,1,37.712932,5
335579,55,18,11001119,1,24.6986948,2
335582,43,16,11001161,3,38.482616,4
335592,11,1,11001158,1,53.970341,21
335594,11,1,11001158,2,45.4893915,5
335597,11,1,11001158,2,49.8038649,8
335600,11,1,11001158,2,51.4443471,4
335608,49,7,11001103,2,12.656748,12
335622,49,7,11001103,2,12.8385806,5
335630,50,4,11001136,2,42.5074033,3
335674,54,18,11001148,2,31.5615499,10
335675,54,18,11001148,2,21.9585707,3
335676,81,8,11001128,2,11.5648997,10
335679,47,8,11001133,3,37.3737091,3
335684,48,8,11001167,3,40.5097772,4
335689,43,16,11001161,3,24.8120783,3
335700,49,7,11001103,3,12.0049174,4
335704,86,7,11001120,2,44.2557966,12
335713,86,7,11001120,1,43.9236078,2
335717,86,7,11001120,1,61.3499013,4
335719,86,7,11001120,2,67.8571019,4
335728,62,6,11001171,2,38.9901386,10
335734,62,6,11001171,2,27.219753,5
335739,43,16,11001161,3,31.0166375,8
335748,69,19,11001131,2,87.1857237,3
335752,96,3,11001146,2,13.3025621,3
335757,51,4,11001145,1,29.8707271,6
335764,95,3,11001139,2,6.7181144,2
335767,95,3,11001139,2,9.3079878,3
335768,95,3,11001139,2,11.2312982,4
335770,48,8,11001167,3,47.7504872,3
335792,53,18,11001191,2,20.6761318,3
335807,44,8,11001102,3,27.2136965,5
335815,69,19,11001131,2,69.385786,3
335830,27,11,11001164,3,72.5459373,3
335831,48,8,11001167,2,53.2383389,10
335850,114,9,11001150,4,13.7500512,12
335851,114,9,11001150,4,16.3842071,4
335853,27,11,11001164,3,87.5981408,5
335861,28,11,11001122,2,113.2139054,12
335872,28,11,11001122,2,131.536627,2
335874,28,11,11001122,2,165.7996984,2
335891,39,18,11001155,3,36.0802837,4
335910,114,9,11001150,4,16.7567654,4
335933,33,4,11001163,3,25.5112221,8
335934,33,4,11001163,2,26.9333488,5
335936,43,16,11001161,3,26.642173,8
335943,43,16,11001161,3,23.251158,5
335945,43,16,11001161,3,27.3188347,6
335980,45,8,11001111,3,52.2931615,3
335993,72,10,11001105,3,45.8260503,4
335996,29,10,11001149,3,53.6411019,5
335998,29,10,11001149,3,54.5517016,3
336001,28,11,11001122,2,104.1606845,3
336004,28,11,11001122,2,90.0904949,5
336007,28,11,11001122,2,151.086146,4
336024,28,11,11001122,3,159.7107568,4
336027,28,11,11001122,2,126.6143448,3
336033,28,11,11001122,2,130.2008556,3
336036,28,11,11001122,2,115.4829654,3
336049,811,5,11001184,2,40.3386199,3
336051,811,5,11001184,2,35.2180853,8
336066,29,10,11001149,3,46.0444074,3
336067,29,10,11001149,3,37.7214154,4
336075,87,7,11001169,2,33.6892112,5
336076,87,7,11001169,2,45.0317704,2
336082,87,7,11001169,2,37.2535887,4
336086,36,18,11001192,3,33.5240763,5
336093,87,7,11001169,2,41.7746644,3
336112,87,7,11001169,1,42.3485782,3
336113,87,7,11001169,1,41.4673929,3
336118,94,17,11001134,2,12.3014831,3
336119,94,17,11001134,2,12.1785606,2
336126,21,12,11001143,4,18.9723395,4
336131,94,17,11001134,2,5.8150292,4
336132,809,16,11001182,1,4.9627888,12
336133,809,16,11001182,1,4.9627888,8
336134,55,18,11001119,1,40.3453776,14
336135,55,18,11001119,1,25.4065141,2
336136,55,18,11001119,1,37.3458798,35
336139,42,6,11001172,3,41.7294073,2
336159,47,8,11001133,3,41.1120923,4
336162,47,8,11001133,3,35.6697148,4
336168,811,5,11001184,2,36.3174865,3
336172,811,5,11001184,2,32.7891828,3
336184,76,9,11001125,2,13.0921588,5
336194,87,7,11001169,2,41.527645,3
336198,87,7,11001169,2,38.1382091,4
336199,87,7,11001169,2,42.5114868,5
336202,87,7,11001169,2,49.5231728,3
336205,32,4,11001157,2,21.6416278,5
336216,21,12,11001143,3,20.3606767,12
336230,45,8,11001111,1,55.9267451,6
336234,21,12,11001143,3,20.5589786,4
336248,79,8,11001110,2,75.2531618,15
336249,79,8,11001110,2,60.3118154,8
336255,45,8,11001111,2,42.7197612,4
336257,802,8,11001175,2,82.0670159,4
336262,806,11,11001179,5,24.3368313,8
336264,36,18,11001192,3,27.4603763,3
336267,806,11,11001179,3,22.738712,6
336282,45,8,11001111,2,38.7639319,6
336284,70,19,11001132,1,33.2913298,3
336285,89,2,11001160,2,6.0138438,3
336288,102,14,11001138,3,11.4226402,7
336294,89,2,11001160,2,4.8611677,5
336295,45,8,11001111,3,59.8163778,4
336308,102,14,11001138,3,20.191996,4
336315,52,5,11001135,1,7.8639759,3
336319,52,5,11001135,1,8.9633616,6
336328,76,9,11001125,2,9.2011505,3
336334,52,5,11001135,1,7.8468034,2
336344,55,18,11001119,2,26.1049999,3
336368,94,17,11001134,2,16.0653465,3
336372,62,6,11001171,2,25.3553628,3
336385,98,12,11001142,3,21.1568878,8
336395,102,14,11001138,2,11.116964,24
336401,809,16,11001182,1,10.9042753,6
336402,809,16,11001182,1,9.6311999,5
336406,80,8,11001118,2,15.563929,15
336407,80,8,11001118,2,17.1479906,4
336408,80,8,11001118,2,14.5268702,4
336412,96,3,11001146,1,18.2413444,10
336420,96,3,11001146,2,9.0769667,8
336422,96,3,11001146,2,21.3866307,3
336425,96,3,11001146,1,8.2520101,6
336426,96,3,11001146,2,27.6998629,7
336428,96,3,11001146,2,16.9461076,18
336429,96,3,11001146,2,21.0752917,21
336436,80,8,11001118,2,28.6835489,4
336439,807,12,11001180,3,29.6288872,15
336442,62,6,11001171,2,22.2642943,8
336444,62,6,11001171,2,22.213872,4
336451,70,19,11001132,1,27.2082971,12
336454,70,19,11001132,1,19.9959912,3
336460,70,19,11001132,1,25.2622478,4
336487,29,10,11001149,2,41.0545,4
336511,107,13,11001154,4,13.938346,4
336521,809,16,11001182,1,4.9627888,8
336523,809,16,11001182,1,4.9627888,15
336525,81,8,11001128,2,22.5760636,2
336526,81,8,11001128,2,30.0684919,6
336529,87,7,11001169,1,44.1505851,2
336531,809,16,11001182,1,4.9627888,18
336549,811,5,11001184,2,31.538865,2
336557,34,4,11001101,3,23.8058204,6
336558,34,4,11001101,3,35.3708746,10
336563,77,9,11001173,2,34.6401031,4
336573,70,19,11001132,1,29.8220117,3
336574,70,19,11001132,1,25.3585351,8
336579,77,9,11001173,2,29.9777332,4
336586,77,9,11001173,2,24.0976516,4
336589,77,9,11001173,2,32.6323451,5
336597,807,12,11001180,3,24.9399261,36
336601,85,7,11001106,2,104.8315786,5
336603,85,7,11001106,2,111.1428721,8
336605,85,7,11001106,2,86.7178126,9
336606,85,7,11001106,2,98.0111794,10
336609,85,7,11001106,2,107.3868922,10
336621,44,8,11001102,3,23.7988435,4
336628,45,8,11001111,3,30.5029197,4
336646,70,19,11001132,1,27.8443393,8
336656,70,19,11001132,1,32.9911632,4
336677,809,16,11001182,1,6.7343377,14
336681,48,8,11001167,3,40.0443872,3
336688,45,8,11001111,3,39.546398,2
336691,96,3,11001146,2,16.4664382,6
336701,66,19,11001159,2,24.148973,10
336718,89,2,11001160,2,8.1712304,4
336721,89,2,11001160,2,6.0646337,3
336737,70,19,11001132,1,19.7438512,4
336738,70,19,11001132,1,28.5709199,8
336740,70,19,11001132,1,27.1063742,3
336743,70,19,11001132,1,25.5143878,3
336746,70,19,11001132,1,18.0201026,4
336753,89,2,11001160,2,6.3557334,10
336756,89,2,11001160,2,8.5717697,8
336758,89,2,11001160,2,8.4239656,4
336759,89,2,11001160,2,7.5623634,10
336760,89,2,11001160,2,6.1683379,8
336762,89,2,11001160,2,7.970242,4
336763,89,2,11001160,2,7.1566935,3
336765,809,16,11001182,3,7.8401457,6
336769,809,16,11001182,3,15.2869589,3
336772,89,2,11001160,2,7.2113937,3
336775,100,13,11001126,3,20.4793007,3
336778,70,19,11001132,1,30.3755525,2
336782,84,7,11001107,2,61.4696106,4
336784,84,7,11001107,2,56.6279422,2
336786,72,10,11001105,3,36.1923752,4
336788,72,10,11001105,3,38.7125599,3
336793,72,10,11001105,3,41.0590728,5
336818,100,13,11001126,4,25.6769006,6
336824,70,19,11001132,1,20.624811,4
336831,70,19,11001132,1,19.2822034,3
336833,70,19,11001132,1,26.9675416,24
336841,70,19,11001132,1,28.2781399,8
336844,86,7,11001120,2,61.0381695,15
336848,86,7,11001120,2,65.2303687,10
336850,86,7,11001120,1,42.7619561,6
336854,86,7,11001120,1,79.4741522,4
336860,86,7,11001120,2,48.0153739,3
336862,89,2,11001160,2,6.9107191,8
336867,62,6,11001171,2,12.6181153,3
336871,85,7,11001106,2,113.6595362,10
336872,85,7,11001106,2,102.6975769,3
336875,85,7,11001106,2,93.662185,2
336877,85,7,11001106,2,114.1084188,3
336881,85,7,11001106,2,122.2440025,18
336901,11,1,11001158,3,34.9585925,4
336904,11,1,11001158,3,23.5623047,2
336905,11,1,11001158,3,33.9334303,2
336915,11,1,11001158,2,23.1983906,2
336917,35,15,11001113,3,14.9910309,8
336918,62,6,11001171,2,25.1001194,10
336925,86,7,11001120,1,67.9555733,10
336927,86,7,11001120,2,48.1664981,2
336929,86,7,11001120,2,56.4917628,4
336942,55,18,11001119,1,25.1301792,4
336943,55,18,11001119,1,36.7995707,18
336946,11,1,11001158,2,27.6357993,8
336948,86,7,11001120,1,53.5008835,6
336960,86,7,11001120,2,56.7787203,24
336963,86,7,11001120,2,75.4599609,18
336965,86,7,11001120,2,61.691383,4
336966,86,7,11001120,2,39.9005356,4
336968,86,7,11001120,2,48.8040086,2
336970,72,10,11001105,3,34.2714829,5
336973,72,10,11001105,3,38.7125599,3
336987,72,10,11001105,3,42.3463736,2
336995,86,7,11001120,1,69.3897112,8
336996,86,7,11001120,2,52.9668296,6
337004,92,3,11001137,3,6.3681327,2
337007,92,3,11001137,4,8.7039308,3
337031,54,18,11001148,2,55.9979812,3
337062,85,7,11001106,2,117.2736122,5
337071,85,7,11001106,1,102.6975769,3
337072,85,7,11001106,2,119.9531566,4
337082,72,10,11001105,3,39.0169799,8
337089,72,10,11001105,3,33.1724733,3
337092,804,1,11001177,2,18.0739539,10
337093,804,1,11001177,2,15.1000559,4
337095,50,4,11001136,2,53.2673478,5
337104,80,8,11001118,2,19.4827711,12
337106,80,8,11001118,2,25.5989636,3
337120,102,14,11001138,3,13.7417034,4
337121,102,14,11001138,3,11.7582592,12
337123,102,14,11001138,3,21.6263001,18
337128,102,14,11001138,2,12.8334965,5
337129,69,19,11001131,2,74.4758776,3
337143,69,19,11001131,2,64.2199635,3
337145,69,19,11001131,1,106.3570948,4
337158,85,7,11001106,2,98.6341276,6
337166,85,7,11001106,2,100.7507593,3
337168,85,7,11001106,2,99.1578011,6
337169,85,7,11001106,2,115.73997,10
337171,85,7,11001106,2,146.5424767,4
337176,62,6,11001171,2,28.1998684,3
337178,62,6,11001171,2,32.7693825,3
337184,62,6,11001171,2,22.6571907,2
337186,62,6,11001171,2,22.6263842,4
337190,62,6,11001171,2,13.2763318,3
337193,85,7,11001106,2,67.7295508,3
337196,85,7,11001106,2,92.2998305,6
337204,85,7,11001106,2,107.9578409,8
337205,62,6,11001171,2,11.9372663,6
337206,62,6,11001171,2,22.213872,8
337207,62,6,11001171,2,16.1465569,6
337208,62,6,11001171,2,13.9705498,6
337209,62,6,11001171,2,17.8618578,8
337212,62,6,11001171,2,15.7703215,2
337217,98,12,11001142,3,28.3607533,8
337220,62,6,11001171,2,20.4141003,5
337225,86,7,11001120,1,82.1595496,5
337226,86,7,11001120,1,59.6152702,6
337228,86,7,11001120,1,44.5150217,2
337230,86,7,11001120,1,36.3781015,10
337236,86,7,11001120,2,62.45074,8
337245,54,18,11001148,2,48.6726749,5
337246,54,18,11001148,2,58.8618716,4
337253,34,4,11001101,3,30.0916648,5
337272,34,4,11001101,3,43.3803446,6
337276,806,11,11001179,3,53.3818139,10
337277,33,4,11001163,2,22.755178,6
337281,42,6,11001172,2,102.6448864,8
337302,70,19,11001132,1,21.7083554,2
337304,76,9,11001125,2,21.0989887,4
337315,84,7,11001107,2,81.0043043,3
337319,42,6,11001172,2,102.739032,5
337324,806,11,11001179,3,24.8272803,3
337330,76,9,11001125,2,11.5002652,4
337342,86,7,11001120,1,66.072337,2
337347,86,7,11001120,2,60.3115648,4
337359,79,8,11001110,2,72.2020077,4
337373,79,8,11001110,2,69.829589,6
337376,39,18,11001155,3,49.356521,3
337399,72,10,11001105,3,39.0169799,4
337427,47,8,11001133,3,44.7429445,8
337429,47,8,11001133,3,37.2014765,3
337436,86,7,11001120,2,59.1209087,4
337441,86,7,11001120,1,42.174064,8
337443,86,7,11001120,1,45.9716291,2
337456,811,5,11001184,1,30.9377401,5
337461,811,5,11001184,1,24.4602059,2
337481,43,16,11001161,3,25.8503853,3
337482,43,16,11001161,3,55.3855417,4
337498,39,18,11001155,3,82.7188768,3
337502,39,18,11001155,3,34.6677691,6
337507,39,18,11001155,3,38.8679725,3
337510,39,18,11001155,3,24.5189111,14
337520,39,18,11001155,3,58.5498559,5
337523,84,7,11001107,2,64.4054726,8
337531,809,16,11001182,3,13.5884079,3
337533,809,16,11001182,3,10.3928983,4
337537,84,7,11001107,2,50.9078577,21
337538,84,7,11001107,2,72.1175798,3
337540,42,6,11001172,2,76.900965,3
337546,809,16,11001182,1,5.451466,12
337553,84,7,11001107,2,43.5381585,8
337562,77,9,11001173,2,21.50994,3
337566,77,9,11001173,2,33.9185746,4
337580,804,1,11001177,2,14.7292563,2
337581,804,1,11001177,2,18.078388,4
337583,804,1,11001177,2,16.5126308,6
337590,96,3,11001146,2,16.9749638,8
337593,84,7,11001107,2,58.2248501,6
337594,84,7,11001107,2,77.0806561,4
337604,39,18,11001155,3,36.9317534,4
337620,38,15,11001156,3,22.0758897,5
337621,38,15,11001156,3,28.9397253,21
337637,29,10,11001149,3,50.4657015,6
337641,29,10,11001149,3,44.13995,8
337649,84,7,11001107,2,57.3409517,3
337653,66,19,11001159,2,22.5503896,5
337655,66,19,11001159,2,21.3992034,5
337658,66,19,11001159,2,17.5916106,24
337660,66,19,11001159,2,21.912601,2
337667,53,18,11001191,2,24.6942724,2
337669,69,19,11001131,2,82.4445773,4
337672,53,18,11001191,2,22.7283205,5
337675,53,18,11001191,2,22.8381252,3
337680,53,18,11001191,2,19.462577,6
337687,89,2,11001160,2,7.186969,4
337692,69,19,11001131,2,83.866662,4
337702,55,18,11001119,1,24.9422659,12
337704,55,18,11001119,1,31.790712,4
337708,110,9,11001115,3,28.8488901,2
337709,92,3,11001137,2,4.9906467,3
337711,84,7,11001107,2,84.1861662,5
337722,69,19,11001131,2,75.026113,5
337730,44,8,11001102,3,40.6563136,4
337731,92,3,11001137,2,5.3206412,6
337739,811,5,11001184,2,40.1953565,4
337741,811,5,11001184,1,32.9535746,4
337747,53,18,11001191,2,17.2620858,6
337750,86,7,11001120,2,47.4274817,8
337753,81,8,11001128,2,24.4401837,8
337756,811,5,11001184,1,27.5908026,15
337760,44,8,11001102,3,32.5614171,3
337762,95,3,11001139,1,9.1974185,2
337766,53,18,11001191,2,17.2620858,3
337767,45,8,11001111,3,27.0868181,10
337769,45,8,11001111,3,54.9283003,5
337774,95,3,11001139,1,13.2288895,8
337775,809,16,11001182,3,7.127592,3
337785,809,16,11001182,3,4.7729619,14
337792,79,8,11001110,2,49.8286512,5
337794,45,8,11001111,2,33.5341382,4
337798,96,3,11001146,2,14.5711412,3
337802,802,8,11001175,2,60.7213894,2
337805,96,3,11001146,2,16.1994288,3
337806,96,3,11001146,2,23.1862068,3
337811,55,18,11001119,1,41.7648469,5
337813,84,7,11001107,2,69.7079875,4
337814,84,7,11001107,2,99.6139232,8
337820,811,5,11001184,2,39.3808843,3
337836,21,12,11001143,3,26.7773531,4
337844,802,8,11001175,2,64.6791324,3
337848,811,5,11001184,2,43.5991319,4
337850,811,5,11001184,2,27.7816989,3
337852,811,5,11001184,2,25.4222406,3
337857,43,16,11001161,3,32.8176021,4
337877,811,5,11001184,2,21.6249375,3
337878,811,5,11001184,2,29.1663281,2
337884,42,6,11001172,2,69.8632396,2
337887,35,15,11001113,2,13.4919278,4
337889,35,15,11001113,2,21.4653528,3
337895,66,19,11001159,2,21.9604678,3
337902,66,19,11001159,2,21.1042425,4
337903,66,19,11001159,2,19.7539628,7
337905,66,19,11001159,2,16.9803128,4
337907,811,5,11001184,1,29.231534,4
337908,811,5,11001184,1,31.0436367,5
337915,811,5,11001184,1,22.9322985,14
337918,809,16,11001182,1,5.451466,8
337919,811,5,11001184,1,33.0912202,24
337920,811,5,11001184,1,39.2392187,8
337929,811,5,11001184,1,38.7598906,3
337932,811,5,11001184,1,33.5151653,8
337934,811,5,11001184,1,35.0764196,15
337935,811,5,11001184,1,27.3760659,3
337940,76,9,11001125,2,10.2344837,15
337944,76,9,11001125,2,7.4256121,10
337963,49,7,11001103,2,10.8630319,8
337972,114,9,11001150,3,14.9394175,3
337973,42,6,11001172,3,126.466823,15
337982,114,9,11001150,3,13.4386653,3
337987,39,18,11001155,3,43.4246687,8
337989,39,18,11001155,3,26.8977969,15
337996,39,18,11001155,3,31.8394095,8
337998,39,18,11001155,3,40.7579041,6
338011,39,18,11001155,3,28.4965,3
338013,39,18,11001155,3,26.9656155,3
338017,39,18,11001155,3,44.4427648,4
338020,39,18,11001155,3,38.4275919,4
338032,112,9,11001130,3,33.535677,3
338052,79,8,11001110,2,55.9400135,2
338065,69,19,11001131,2,83.3918809,3
338069,30,10,11001108,3,59.4219895,3
338072,62,6,11001171,2,18.7124437,3
338077,79,8,11001110,2,71.2533686,8
338079,54,18,11001148,2,20.2223116,12
338081,54,18,11001148,2,80.8892463,6
338096,85,7,11001106,2,74.5222609,12
338097,86,7,11001120,2,58.7518371,3
338109,96,3,11001146,2,29.5127289,3
338114,70,19,11001132,1,22.0651795,4
338115,76,9,11001125,2,14.9265672,4
338116,76,9,11001125,2,12.1629464,8
338120,76,9,11001125,2,13.1656393,2
338123,76,9,11001125,2,13.1656393,2
338128,34,4,11001101,2,18.5992212,8
338129,34,4,11001101,2,29.9670631,8
338144,43,16,11001161,3,27.2966727,4
338172,96,3,11001146,2,18.3523408,15
338205,71,11,11001166,2,109.4372027,8
338207,95,3,11001139,2,10.1431922,4
338208,95,3,11001139,2,13.4130686,6
338209,95,3,11001139,2,7.6957168,18
338214,71,11,11001166,2,181.565288,8
338218,71,11,11001166,2,80.8343864,7
338230,39,18,11001155,3,74.8044423,10
338234,70,19,11001132,1,27.8443393,8
338235,70,19,11001132,1,27.5921993,10
338239,70,19,11001132,1,46.262879,5
338240,70,19,11001132,1,29.9307977,10
338249,102,14,11001138,3,19.176909,4
338255,102,14,11001138,3,12.8898718,8
338257,102,14,11001138,3,11.0445571,2
338268,95,3,11001139,2,7.179497,2
338282,84,7,11001107,2,87.964776,6
338291,54,18,11001148,2,55.2438364,3
338294,54,18,11001148,2,44.2102166,4
338301,69,19,11001131,2,52.1707044,3
338309,79,8,11001110,2,72.5632286,3
338314,79,8,11001110,2,68.2128833,3
338317,82,8,11001153,2,47.6616968,5
338367,807,12,11001180,3,28.8054634,4
338368,807,12,11001180,3,68.9411518,65
338372,807,12,11001180,3,29.2944459,14
338380,84,7,11001107,2,73.2454395,8
338382,84,7,11001107,2,93.4612985,8
338384,70,19,11001132,1,21.6512346,8
338395,70,19,11001132,1,20.9167631,5
338413,76,9,11001125,2,13.0125478,5
338414,76,9,11001125,2,16.0987231,3
338415,86,7,11001120,2,67.9840505,4
338419,86,7,11001120,1,70.079192,2
338432,43,16,11001161,3,33.2860382,3
338434,45,8,11001111,3,50.5834707,4
338436,62,6,11001171,2,15.1047938,2
338438,32,4,11001157,2,44.4752508,3
338450,62,6,11001171,2,20.7764438,12
338453,84,7,11001107,2,72.9038738,3
338456,32,4,11001157,2,45.1732113,4
338457,32,4,11001157,2,51.7370848,6
338476,81,8,11001128,2,17.2872741,10
338478,81,8,11001128,2,44.9892386,14
338479,81,8,11001128,2,20.2554403,2
338493,21,12,11001143,4,27.6956518,3
338495,66,19,11001159,2,22.0868701,10
338503,66,19,11001159,2,26.0457381,5
338506,66,19,11001159,2,16.8106302,10
338510,84,7,11001107,2,58.0112531,3
338515,73,10,11001127,3,52.880272,6
338525,81,8,11001128,2,17.901793,4
338532,69,19,11001131,2,86.5960574,4
338536,69,19,11001131,2,82.1845779,3
338552,62,6,11001171,2,23.9826883,8
338555,62,6,11001171,2,23.4581366,15
338556,62,6,11001171,2,30.3604014,4
338558,62,6,11001171,2,22.545499,2
338570,62,6,11001171,2,10.9050173,10
338571,62,6,11001171,2,18.2162408,4
338576,62,6,11001171,2,18.020223,8
338577,62,6,11001171,3,18.0046895,10
338578,62,6,11001171,3,22.8123385,4
338586,87,7,11001169,1,45.0914097,3
338587,87,7,11001169,1,54.0713921,4
338588,87,7,11001169,1,47.8176191,6
338590,87,7,11001169,1,37.9632675,4
338595,87,7,11001169,1,39.8097489,2
338596,87,7,11001169,1,42.3485782,3
338597,87,7,11001169,1,50.4043581,3
338601,101,13,11001165,4,11.0616087,4
338604,29,10,11001149,1,64.1777181,4
338606,29,10,11001149,1,54.5153213,4
338607,29,10,11001149,1,47.1606932,2
338608,29,10,11001149,2,38.0262382,3
338614,62,6,11001171,2,25.636244,3
338615,62,6,11001171,2,27.0634209,4
338616,62,6,11001171,2,16.2279469,3
338618,62,6,11001171,2,15.8960204,3
338622,62,6,11001171,2,17.8742086,3
338643,817,2,11001190,6,22.6234163,4
338646,100,13,11001126,3,23.5276113,6
338648,70,19,11001132,1,33.4544592,5
338649,70,19,11001132,1,38.677472,4
338672,87,7,11001169,1,41.3106349,8
338676,87,7,11001169,1,45.0210662,3
338678,87,7,11001169,1,37.7023588,4
338696,85,7,11001106,2,98.9210874,10
338699,806,11,11001179,3,28.432286,2
338700,114,9,11001150,3,13.6781969,4
338706,87,7,11001169,1,44.9767201,3
338708,87,7,11001169,1,38.6815442,2
338724,76,9,11001125,2,11.7513727,4
338743,43,16,11001161,3,35.2452535,3
338756,49,7,11001103,2,12.2419007,2
338759,49,7,11001103,2,11.820112,4
338763,49,7,11001103,2,14.440928,12
338800,102,14,11001138,3,21.2427368,4
338807,45,8,11001111,3,32.3080289,6
338810,87,7,11001169,1,48.6437541,8
338815,11,1,11001158,2,31.5380348,8
338818,32,4,11001157,2,32.8713265,2
338819,32,4,11001157,2,32.5618645,3
338821,70,19,11001132,1,25.8789931,5
338827,79,8,11001110,2,52.2259696,10
338835,86,7,11001120,1,61.8132295,4
338851,21,12,11001143,4,17.7436695,8
338859,71,11,11001166,2,99.8139619,2
338862,110,9,11001115,3,14.5194646,3
338865,71,11,11001166,2,111.7306759,3
338874,40,16,11001114,3,71.6817485,10
338883,71,11,11001166,2,178.7674315,4
338889,48,8,11001167,3,56.7225902,8
338892,48,8,11001167,3,48.5808372,3
338899,36,18,11001192,3,26.8114352,8
338903,70,19,11001132,1,27.9647171,3
338904,70,19,11001132,1,20.116369,2
338912,86,7,11001120,2,73.7503769,8
338920,86,7,11001120,2,61.7975265,15
338927,86,7,11001120,2,63.4944181,3
338928,86,7,11001120,2,68.6813661,4
338930,86,7,11001120,2,69.3722634,10
338931,86,7,11001120,2,57.3127604,8
338933,86,7,11001120,2,42.8136254,4
338935,86,7,11001120,2,61.8289325,3
338943,86,7,11001120,2,69.4071589,3
338944,86,7,11001120,2,53.3654985,3
338947,86,7,11001120,2,60.0258278,2
338949,86,7,11001120,2,61.8132295,8
338950,86,7,11001120,2,48.1507951,6
338951,86,7,11001120,2,57.1135703,10
338952,86,7,11001120,2,61.8289325,3
338964,34,4,11001101,3,26.4164755,4
338965,34,4,11001101,3,27.2011039,5
338966,34,4,11001101,3,33.890673,3
338971,38,15,11001156,3,31.7881187,3
338990,54,18,11001148,2,97.6239727,6
338991,54,18,11001148,2,82.9377344,4
338992,54,18,11001148,2,98.7994608,4
338993,811,5,11001184,1,20.9863812,18
338994,811,5,11001184,1,32.8908632,4
339002,34,4,11001101,3,38.957182,8
339003,34,4,11001101,3,63.6209226,3
339020,77,9,11001173,2,25.402504,4
339026,77,9,11001173,2,29.9777332,8
339027,77,9,11001173,2,25.86261,3
339033,81,8,11001128,2,22.3153478,4
339037,77,9,11001173,2,33.3085924,8
339044,77,9,11001173,2,38.1663939,3
339045,77,9,11001173,2,27.6089782,8
339046,77,9,11001173,2,32.1390577,5
339053,77,9,11001173,2,30.0860287,3
339061,77,9,11001173,2,28.8952077,3
339071,55,18,11001119,2,38.7308936,8
339072,55,18,11001119,2,34.4938305,8
339076,811,5,11001184,1,68.2659521,3
339089,55,18,11001119,1,48.4311627,8
339107,48,8,11001167,3,52.9477524,4
339108,48,8,11001167,3,57.0838413,3
339114,55,18,11001119,2,43.2947736,14
339120,811,5,11001184,2,51.0143174,12
339122,811,5,11001184,2,75.8244736,3
339126,70,19,11001132,1,27.6512328,4
339127,70,19,11001132,1,29.2325935,10
339128,24,11,11001152,3,41.4292822,5
339131,100,13,11001126,4,19.708684,3
339135,100,13,11001126,4,17.4232911,2
339145,26,10,11001140,3,39.7216131,5
339149,48,8,11001167,3,52.5925348,4
339156,48,8,11001167,3,63.6481186,5
339167,96,3,11001146,2,16.159942,5
339168,96,3,11001146,2,25.3340157,24
339191,35,15,11001113,3,11.7842347,7
339193,35,15,11001113,2,19.886168,2
339195,35,15,11001113,2,18.5603318,2
339196,35,15,11001113,2,14.2685224,2
339202,811,5,11001184,1,33.9790327,2
339218,811,5,11001184,1,13.7911577,8
339224,62,6,11001171,2,22.1272196,3
339236,62,6,11001171,2,25.5052163,14
339237,70,19,11001132,1,18.3034828,4
339238,70,19,11001132,1,19.7438512,8
339240,62,6,11001171,2,20.0378649,4
339245,116,10,11001197,3,7.3948089,6
339248,116,10,11001197,3,2.8190726,3
339250,116,10,11001197,3,6.4859158,3
339253,102,14,11001138,2,11.9886671,4
339269,89,2,11001160,2,8.2950076,15
339270,89,2,11001160,2,4.1952749,5
339274,89,2,11001160,2,6.2345883,4
339276,89,2,11001160,2,5.9700947,5
339278,89,2,11001160,3,9.1256445,15
339282,116,10,11001197,3,5.2513821,4
339284,45,8,11001111,3,52.8678059,4
339288,45,8,11001111,3,40.0445742,3
339317,54,18,11001148,2,93.0155996,8
339320,55,18,11001119,1,29.0803512,15
339325,47,8,11001133,3,42.1022778,3
339333,47,8,11001133,3,34.3894916,5
339334,47,8,11001133,3,40.4182781,5
339340,89,2,11001160,2,6.6076753,9
339341,89,2,11001160,2,7.9951892,4
339343,89,2,11001160,3,5.9809425,3
339358,70,19,11001132,1,24.8154708,5
339367,55,18,11001119,1,40.716441,2
339377,94,17,11001134,2,10.935186,4
339383,802,8,11001175,4,53.4736458,4
339384,66,19,11001159,2,18.5019675,5
339385,66,19,11001159,2,22.0079204,4
339388,66,19,11001159,2,15.9576257,5
339391,66,19,11001159,2,23.6057729,5
339394,66,19,11001159,2,21.7919092,4
339403,35,15,11001113,3,14.0911964,3
339407,96,3,11001146,2,24.9864556,6
339416,70,19,11001132,1,30.4533814,8
339418,70,19,11001132,1,29.7739379,15
339432,55,18,11001119,1,24.438509,4
339433,55,18,11001119,1,24.8158695,4
339434,55,18,11001119,1,35.4853003,12
339437,54,18,11001148,1,21.9585707,3
339451,54,18,11001148,2,43.1213936,5
339453,809,16,11001182,1,4.9627888,18
339461,809,16,11001182,1,16.496664,8
339469,54,18,11001148,2,20.1286898,6
339474,70,19,11001132,1,29.9320181,3
339475,70,19,11001132,1,21.6330006,8
339479,49,7,11001103,2,16.5445349,6
339483,49,7,11001103,2,16.4881676,15
339484,49,7,11001103,2,15.8182491,10
339485,49,7,11001103,2,14.4189305,8
339486,49,7,11001103,2,16.3796933,6
339489,49,7,11001103,2,10.496893,10
339490,49,7,11001103,2,18.9839064,3
339493,49,7,11001103,2,14.0826779,4
339506,49,7,11001103,2,23.2557244,4
339528,102,14,11001138,2,11.7265712,10
339533,49,7,11001103,2,15.0421854,2
339541,49,7,11001103,2,9.6379833,3
339546,49,7,11001103,2,11.405289,4
339550,49,7,11001103,2,10.5352129,3
339552,49,7,11001103,2,20.9480946,4
339618,49,7,11001103,2,18.7265808,16
339620,49,7,11001103,2,15.2755372,3
339627,49,7,11001103,2,22.7730019,30
339630,49,7,11001103,2,19.83836,3
339632,49,7,11001103,2,16.3694193,8
339642,49,7,11001103,2,10.7629243,3
339644,49,7,11001103,2,20.3875209,12
339646,49,7,11001103,2,9.3290147,6
339653,49,7,11001103,2,14.2734135,3
339654,49,7,11001103,2,13.2386445,2
339659,70,19,11001132,1,22.151383,2
339662,70,19,11001132,1,33.7128332,10
339663,70,19,11001132,1,30.121121,10
339666,102,14,11001138,2,20.0767935,4
339667,102,14,11001138,2,13.111208,3
339668,102,14,11001138,2,22.603462,3
339680,807,12,11001180,4,25.934295,3
339697,58,5,11001117,2,80.9625271,3
339702,87,7,11001169,1,49.0910922,5
339705,39,18,11001155,3,23.2371463,3
339706,39,18,11001155,3,33.4386371,2
339722,76,9,11001125,2,14.6327619,4
339730,50,4,11001136,2,35.7311169,20
339753,87,7,11001169,2,39.5205432,3
339754,87,7,11001169,2,40.5160974,5
339756,87,7,11001169,2,44.7335524,4
339760,114,9,11001150,3,13.0349245,8
339764,11,1,11001158,3,33.4011363,2
339766,76,9,11001125,2,16.9911821,3
339769,114,9,11001150,4,18.7327137,4
339801,76,9,11001125,2,7.642591,3
339804,79,8,11001110,2,49.9276024,3
339813,94,17,11001134,,15.1262981,21
339819,70,19,11001132,2,24.7523322,3
339820,70,19,11001132,2,16.5950507,8
339821,53,18,11001191,2,18.6915868,3
339824,53,18,11001191,2,18.6973574,8
339827,54,18,11001148,2,54.5309339,10
339828,54,18,11001148,2,36.2316416,14
339829,54,18,11001148,2,72.9468574,8
339836,70,19,11001132,1,23.7015016,5
339842,96,3,11001146,2,19.630212,3
339847,53,18,11001191,2,18.2774062,3
339849,84,7,11001107,2,73.963338,4
339853,84,7,11001107,2,66.9223717,10
339858,84,7,11001107,2,99.6139232,4
339860,84,7,11001107,2,64.1743544,8
339866,84,7,11001107,2,78.2098701,3
339876,89,2,11001160,2,7.7973861,3
339878,89,2,11001160,2,6.101522,3
339880,89,2,11001160,2,5.7564435,4
339883,89,2,11001160,2,6.0148746,3
339889,53,18,11001191,2,19.8584073,8
339894,53,18,11001191,2,35.4614416,8
339909,96,3,11001146,2,21.6540631,8
339912,43,16,11001161,3,31.3291142,3
339914,43,16,11001161,3,25.5512589,3
339921,96,3,11001146,2,19.7778081,3
339925,96,3,11001146,2,21.2581649,15
339931,54,18,11001148,2,46.9949872,8
339935,54,18,11001148,3,27.3669247,18
339941,84,7,11001107,2,55.7686431,15
339945,84,7,11001107,2,44.645427,4
339947,62,6,11001171,2,11.6985034,5
339949,92,3,11001137,3,5.9355683,3
339954,69,19,11001131,2,80.0201014,15
339985,116,10,11001197,3,7.320053,4
339991,42,6,11001172,2,47.1489094,3
339993,42,6,11001172,2,69.6561143,3
340004,82,8,11001153,2,37.7587606,8
340006,50,4,11001136,2,28.521245,6
340007,50,4,11001136,2,26.3835196,10
340011,50,4,11001136,2,46.5819784,5
340024,50,4,11001136,2,35.6732929,2
340025,50,4,11001136,2,30.745077,6
340026,50,4,11001136,2,37.8664915,8
340036,39,18,11001155,3,34.4580214,4
340042,48,8,11001167,2,53.4483923,3
340048,48,8,11001167,2,37.2351733,3
340050,37,14,11001162,3,17.3456618,14
340062,49,7,11001103,2,15.1737362,3
340081,24,11,11001152,3,37.6340173,21
340083,79,8,11001110,2,35.6514147,3
340090,33,4,11001163,3,21.7660162,4
340115,11,1,11001158,3,29.6346162,3
340125,76,9,11001125,2,12.5320329,3
340136,18,11,11001109,3,34.7540967,4
340145,95,3,11001139,2,4.0375473,5
340156,38,15,11001156,3,39.6720452,12
340179,40,16,11001114,3,49.3283027,4
340183,96,3,11001146,2,12.9174959,4
340189,32,4,11001157,2,49.5316516,8
340190,811,5,11001184,2,19.6468488,3
340193,58,5,11001117,2,50.353097,12
340195,58,5,11001117,1,55.1463229,18
340209,49,7,11001103,2,9.3268311,2
340211,49,7,11001103,2,14.1571036,3
340214,49,7,11001103,2,12.8579738,4
340215,49,7,11001103,2,11.589373,2
340216,49,7,11001103,2,13.5874678,6
340224,77,9,11001173,2,31.795515,8
340225,77,9,11001173,2,22.5859616,4
340227,81,8,11001128,2,28.8744994,8
340250,54,18,11001148,2,18.3997678,10
340253,11,1,11001158,3,32.8701234,14
340258,48,8,11001167,2,43.9596339,5
340260,48,8,11001167,2,42.2662078,4
340278,58,5,11001117,1,58.0054597,4
340281,58,5,11001117,1,49.6985037,6
340301,95,3,11001139,2,6.8380369,8
340302,95,3,11001139,2,11.7590129,4
340305,95,3,11001139,2,12.4195545,14
340322,79,8,11001110,2,50.79426,3
340338,21,12,11001143,5,11.9244606,4
340351,81,8,11001128,2,21.1194751,2
340352,81,8,11001128,2,25.3489036,4
340353,81,8,11001128,2,25.9399702,3
340358,79,8,11001110,2,71.139449,5
340361,79,8,11001110,2,63.540184,12
340365,84,7,11001107,2,64.2338801,8
340366,84,7,11001107,2,65.8060191,10
340370,35,15,11001113,2,13.4294398,5
340375,87,7,11001169,2,42.4189795,5
340376,87,7,11001169,2,44.9570902,4
340377,87,7,11001169,2,49.2848293,18
340382,66,19,11001159,2,25.4710627,8
340387,66,19,11001159,2,25.2136048,5
340391,66,19,11001159,2,18.3146251,2
340392,66,19,11001159,2,14.5327427,2
340400,57,5,11001129,2,43.9177854,8
340403,57,5,11001129,2,60.9652123,5
340404,57,5,11001129,2,45.8236394,2
340405,66,19,11001159,2,15.8348961,4
340406,66,19,11001159,2,19.6742177,3
340407,66,19,11001159,2,16.3233359,6
340419,811,5,11001184,1,12.6649125,10
340424,58,5,11001117,1,44.8223096,3
340432,76,9,11001125,2,10.5252229,4
340434,69,19,11001131,2,64.1941075,7
340439,49,7,11001103,2,14.4365618,3
340440,49,7,11001103,2,8.878643,3
340441,49,7,11001103,2,11.9494111,4
340473,69,19,11001131,2,58.4248375,4
340486,102,14,11001138,3,19.1346119,3
340494,81,8,11001128,2,21.4233903,12
340501,27,11,11001164,3,90.5898187,4
340503,69,19,11001131,2,58.8911106,3
340519,82,8,11001153,2,60.4074744,7
340520,52,5,11001135,1,8.3958822,4
340521,52,5,11001135,1,7.8412728,12
340522,52,5,11001135,1,8.6164994,2
340534,62,6,11001171,2,11.7924452,4
340559,58,5,11001117,2,26.5068441,2
340567,58,5,11001117,2,33.0060222,6
340579,73,10,11001127,3,94.1444634,5
340599,32,4,11001157,2,51.9585598,8
340600,96,3,11001146,2,10.3457224,4
340603,96,3,11001146,2,21.5712471,3
340611,33,4,11001163,3,19.192557,6
340621,52,5,11001135,1,8.728402,2
340629,33,4,11001163,3,26.515703,10
340635,81,8,11001128,2,24.8902334,4
340637,52,5,11001135,1,9.8239796,15
340646,52,5,11001135,1,8.3344013,5
340654,96,3,11001146,2,22.078986,14
340659,107,13,11001154,4,14.8456187,3
340674,96,3,11001146,2,18.4504924,4
340683,96,3,11001146,2,16.5670025,3
340700,34,4,11001101,2,24.7745965,3
340702,34,4,11001101,2,26.1750611,4
340706,34,4,11001101,2,21.2756818,3
340710,34,4,11001101,3,25.4620158,6
340715,84,7,11001107,2,72.5537706,5
340716,84,7,11001107,2,108.1314458,4
340726,34,4,11001101,2,27.8949967,8
340730,34,4,11001101,2,33.1360613,6
340740,34,4,11001101,3,49.8286653,5
340746,34,4,11001101,2,28.5546121,8
340751,34,4,11001101,2,22.7066079,2
340759,29,10,11001149,3,49.2062237,6
340760,29,10,11001149,1,53.4633118,18
340794,26,10,11001140,3,48.6563498,3
340796,810,10,11001183,3,27.8621207,8
340810,87,7,11001169,2,48.8326274,21
340817,48,8,11001167,3,59.166045,4
340829,34,4,11001101,2,38.9079621,5
340831,34,4,11001101,2,45.8725736,4
340835,34,4,11001101,2,23.9579503,10
340837,34,4,11001101,2,30.4450404,10
340841,34,4,11001101,2,35.8479849,4
340842,34,4,11001101,2,17.771449,7
340846,34,4,11001101,2,21.2756818,6
340854,92,3,11001137,2,9.5485562,7
340858,809,16,11001182,3,4.2930295,8
340881,47,8,11001133,3,33.4251352,4
340884,96,3,11001146,2,24.239913,10
340908,73,10,11001127,3,52.7366688,8
340917,815,19,11001188,1,15.7855557,4
340924,54,18,11001148,2,45.1674039,18
340943,50,4,11001136,2,28.3422195,3
340944,50,4,11001136,2,26.1140111,8
340945,50,4,11001136,2,42.7004207,4
340948,50,4,11001136,2,39.5245342,3
340963,45,8,11001111,2,40.5832057,6
340965,43,16,11001161,3,15.6103594,4
340967,45,8,11001111,3,44.1552463,3
340989,87,7,11001169,2,49.8218567,3
340991,86,7,11001120,2,64.2879114,2
341000,18,11,11001109,3,38.8190129,8
341008,44,8,11001102,3,37.9361326,5
341042,32,4,11001157,2,30.1953368,2
341046,32,4,11001157,2,57.6583499,4
341047,32,4,11001157,2,45.0243728,6
341050,98,12,11001142,3,13.903766,6
341053,98,12,11001142,3,19.8811762,6
341056,94,17,11001134,2,7.0249679,8
341066,102,14,11001138,3,23.3749732,4
341073,102,14,11001138,3,25.0022041,4
341085,814,3,11001187,4,7.2905832,4
341097,62,6,11001171,2,11.6421248,3
341101,11,1,11001158,3,23.7581919,3
341112,45,8,11001111,2,45.2942198,8
341117,11,1,11001158,2,24.9899453,7
341129,32,4,11001157,2,35.7331611,6
341141,62,6,11001171,2,32.7693825,3
341147,62,6,11001171,3,23.2842497,3
341148,62,6,11001171,3,33.3964415,8
341149,62,6,11001171,3,23.5732503,5
341164,89,2,11001160,2,5.993738,8
341169,45,8,11001111,3,38.5135824,2
341189,32,4,11001157,2,60.4613185,8
341194,39,18,11001155,3,34.659532,3
341198,39,18,11001155,3,42.4806541,4
341202,39,18,11001155,3,31.5161537,3
341216,39,18,11001155,3,44.47746,8
341218,39,18,11001155,3,31.5161537,3
341219,39,18,11001155,3,21.6866497,21
341228,76,9,11001125,2,8.7853634,9
341237,76,9,11001125,2,8.6171123,10
341238,32,4,11001157,2,51.9585598,4
341241,34,4,11001101,3,31.6166464,5
341255,34,4,11001101,3,27.2833288,3
341257,34,4,11001101,3,34.2285316,4
341258,34,4,11001101,3,38.957182,8
341276,87,7,11001169,2,43.287936,4
341281,87,7,11001169,2,53.6863116,4
341282,87,7,11001169,2,44.1505851,2
341284,87,7,11001169,2,49.5231728,3
341288,38,15,11001156,3,25.8277424,2
341295,37,14,11001162,3,17.7520783,3
341298,37,14,11001162,3,18.7385381,3
341299,37,14,11001162,3,18.7385381,3
341300,37,14,11001162,3,16.3692604,8
341307,87,7,11001169,2,37.9082172,5
341308,87,7,11001169,2,42.6261764,5
341310,87,7,11001169,2,49.4267195,4
341328,11,1,11001158,3,24.7053274,3
341333,11,1,11001158,3,27.3507948,3
341350,96,3,11001146,2,17.9458646,6
341355,81,8,11001128,2,42.2908949,4
341365,79,8,11001110,2,80.0955917,5
341366,79,8,11001110,2,64.2225976,6
341369,98,12,11001142,3,21.0646342,5
341374,48,8,11001167,2,43.3412694,6
341375,86,7,11001120,2,39.5153081,6
341387,58,5,11001117,1,61.6992301,4
341389,48,8,11001167,3,47.6018825,3
341399,38,15,11001156,3,31.6108086,8
341403,81,8,11001128,2,18.6769429,12
341427,39,18,11001155,3,48.1463285,8
341430,39,18,11001155,3,23.8397165,8
341440,86,7,11001120,2,48.0289486,3
341441,86,7,11001120,2,61.8289325,3
341458,811,5,11001184,1,30.6491709,3
341460,811,5,11001184,1,46.6011238,5
341461,811,5,11001184,1,29.2213005,8
341466,81,8,11001128,2,34.9708547,6
341468,811,5,11001184,1,38.3257891,8
341469,811,5,11001184,1,38.3257891,8
341470,811,5,11001184,1,23.9901668,4
341471,811,5,11001184,1,44.0226066,8
341497,32,4,11001157,2,41.2582846,3
341506,55,18,11001119,2,26.0103771,8
341508,55,18,11001119,2,32.2757767,2
341510,55,18,11001119,2,38.714045,36
341511,55,18,11001119,2,34.2649506,3
341523,96,3,11001146,2,18.6816084,5
341524,96,3,11001146,2,18.7525402,3
341531,66,19,11001159,1,25.035769,2
341537,58,5,11001117,1,46.9813005,4
341541,86,7,11001120,2,66.3753392,4
341553,42,6,11001172,3,45.7286659,2
341565,42,6,11001172,2,84.5789277,4
341570,55,18,11001119,2,17.7726357,4
341575,55,18,11001119,2,27.6300332,12
341576,55,18,11001119,2,28.665871,5
341577,55,18,11001119,2,37.277784,10
341588,65,19,11001104,3,29.0064506,3
341589,65,19,11001104,3,37.5559862,4
341597,79,8,11001110,2,45.0863913,8
341598,79,8,11001110,2,53.3680698,3
341602,79,8,11001110,2,59.3706602,2
341603,79,8,11001110,2,39.1580094,2
341607,43,16,11001161,3,22.1264412,3
341654,48,8,11001167,3,56.981558,4
341683,43,16,11001161,3,21.1755526,4
341701,77,9,11001173,2,27.7126331,4
341705,77,9,11001173,2,30.2563674,7
341709,77,9,11001173,2,24.1211337,5
341714,89,2,11001160,2,10.2229785,10
341716,89,2,11001160,2,4.5080978,3
341718,89,2,11001160,2,5.1943803,8
341721,89,2,11001160,2,5.4671908,4
341722,89,2,11001160,2,4.0077975,3
341727,89,2,11001160,2,10.360651,4
341728,89,2,11001160,2,4.3311238,4
341729,11,1,11001158,3,42.1390217,5
341738,77,9,11001173,2,33.7249498,4
341743,76,9,11001125,2,17.2929104,2
341746,76,9,11001125,2,12.5496202,4
341747,76,9,11001125,2,13.7853373,3
341748,76,9,11001125,2,14.8688962,5
341752,27,11,11001164,3,74.6844341,3
341758,87,7,11001169,2,39.5093133,12
341759,87,7,11001169,2,59.8389827,8
341761,87,7,11001169,2,55.9760555,15
341762,87,7,11001169,2,44.374201,3
341764,87,7,11001169,1,53.1902068,8
341765,87,7,11001169,2,57.2584031,3
341769,81,8,11001128,2,24.9956424,4
341770,81,8,11001128,2,17.8422988,3
341771,77,9,11001173,2,28.8952077,3
341772,77,9,11001173,2,31.795515,4
341787,33,4,11001163,3,24.4823503,4
341803,70,19,11001132,1,39.1716704,14
341807,70,19,11001132,1,24.6731519,27
341808,70,19,11001132,1,25.9024522,12
341809,70,19,11001132,1,28.8967142,15
341820,100,13,11001126,4,14.3170681,3
341828,100,13,11001126,4,33.726307,28
341829,100,13,11001126,4,17.3602313,2
341830,100,13,11001126,3,27.6012522,2
341831,100,13,11001126,3,32.405361,3
341840,89,2,11001160,2,9.9215594,8
341841,89,2,11001160,2,5.2542178,8
341842,89,2,11001160,2,5.1747106,6
341844,89,2,11001160,2,5.0242469,6
341845,89,2,11001160,2,10.4998621,12
341846,89,2,11001160,2,7.6064491,2
341860,95,3,11001139,2,11.6345319,2
341877,81,8,11001128,2,34.6518808,8
341901,65,19,11001104,3,32.1808951,15
341909,107,13,11001154,4,18.7387957,8
341910,58,5,11001117,1,44.8223096,3
341914,811,5,11001184,1,35.8008039,3
341916,811,5,11001184,1,17.447394,8
341917,811,5,11001184,1,35.672017,4
341919,58,5,11001117,1,28.9101597,3
341920,58,5,11001117,1,36.9629768,3
341921,95,3,11001139,2,5.4172842,4
341922,95,3,11001139,2,4.3360518,5
341924,95,3,11001139,2,8.165292,5
341925,95,3,11001139,2,8.1706164,4
341930,802,8,11001175,2,87.9685374,4
341935,98,12,11001142,3,28.2924342,16
341948,70,19,11001132,1,22.5666982,2
341969,39,18,11001155,3,30.3218069,4
341972,39,18,11001155,3,32.1931807,8
341975,39,18,11001155,3,43.2282937,4
341978,802,8,11001175,4,71.2494173,3
341979,802,8,11001175,2,87.2656636,18
341985,76,9,11001125,2,12.1913705,4
341986,76,9,11001125,2,10.9127301,5
341996,86,7,11001120,2,56.7734,4
341999,89,2,11001160,2,9.0657524,4
342011,89,2,11001160,2,6.0176904,14
342026,76,9,11001125,2,13.3620511,4
342028,76,9,11001125,2,18.8016121,4
342030,48,8,11001167,3,56.4365343,14
342032,89,2,11001160,2,11.1970466,18
342056,86,7,11001120,2,48.1664981,2
342058,86,7,11001120,2,42.8136254,4
342061,86,7,11001120,2,48.0289486,3
342063,86,7,11001120,2,55.6319065,4
342064,86,7,11001120,2,55.0581471,8
342070,86,7,11001120,2,56.7968075,3
342073,57,5,11001129,2,53.2229843,4
342081,47,8,11001133,3,47.1470523,5
342085,47,8,11001133,3,44.6417718,3
342093,81,8,11001128,1,27.5970822,12
342094,81,8,11001128,2,31.1504466,2
342096,35,15,11001113,3,12.4802784,8
342105,39,18,11001155,3,39.5541709,4
342106,39,18,11001155,3,31.7122376,3
342107,39,18,11001155,3,28.3851637,4
342108,86,7,11001120,1,64.7263193,8
342114,86,7,11001120,2,60.3115648,4
342119,86,7,11001120,2,56.4917628,4
342131,35,15,11001113,2,14.0023969,4
342138,70,19,11001132,1,37.8606632,12
342139,70,19,11001132,1,25.5751832,4
342140,70,19,11001132,1,29.3419893,8
342141,70,19,11001132,1,40.8155999,4
342142,70,19,11001132,1,23.7230523,6
342144,70,19,11001132,2,29.9320181,3
342145,70,19,11001132,2,31.3966153,8
342151,70,19,11001132,2,32.4458168,7
342156,70,19,11001132,2,24.5214926,6
342160,70,19,11001132,2,25.3641707,21
342162,66,19,11001159,2,30.2857929,4
342169,40,16,11001114,3,48.3616006,4
342179,66,19,11001159,2,17.7533606,8
342180,66,19,11001159,2,25.3320248,4
342183,66,19,11001159,2,35.5512561,8
342190,62,6,11001171,2,9.819512,5
342192,62,6,11001171,2,20.4141003,10
342200,85,7,11001106,2,111.1428721,4
342202,85,7,11001106,2,102.6975769,3
342204,85,7,11001106,2,121.4111012,5
342206,85,7,11001106,2,191.7280675,8
342247,62,6,11001171,2,24.3847911,8
342249,62,6,11001171,2,14.6183109,3
342250,96,3,11001146,,12.6032522,18
342260,62,6,11001171,2,20.3586351,2
342275,87,7,11001169,2,45.5449555,4
342276,87,7,11001169,2,48.1439317,2
342309,62,6,11001171,2,26.4632542,15
342317,67,19,11001147,1,66.0925548,3
342330,78,8,11001168,3,14.2123957,4
342332,78,8,11001168,3,14.0721872,6
342333,48,8,11001167,3,62.9342176,8
342380,86,7,11001120,2,60.3412175,4
342381,87,7,11001169,2,47.0398734,4
342386,96,3,11001146,2,27.6003498,4
342390,67,19,11001147,1,55.0637945,4
342396,18,11,11001109,3,32.688438,8
342404,82,8,11001153,2,41.3042116,5
342407,82,8,11001153,2,32.6299525,10
342414,82,8,11001153,2,46.6532033,8
342416,62,6,11001171,2,20.0378649,8
342428,116,10,11001197,3,6.7906093,10
342432,51,4,11001145,1,22.5640266,90
342434,51,4,11001145,1,25.0135948,12
342437,51,4,11001145,1,28.1190162,3
342445,58,5,11001117,2,53.8657952,5
342446,58,5,11001117,2,43.565413,3
342448,58,5,11001117,2,49.4803465,6
342453,58,5,11001117,2,30.5014546,15
342460,51,4,11001145,1,19.100644,4
342461,51,4,11001145,1,24.6279294,28
342463,51,4,11001145,1,29.7235148,10
342468,51,4,11001145,1,22.2162188,3
342494,81,8,11001128,2,27.259067,12
342495,81,8,11001128,2,13.7029382,5
342497,79,8,11001110,2,65.8833724,10
342503,76,9,11001125,2,9.6884832,6
342506,76,9,11001125,2,11.7941127,2
342514,809,16,11001182,3,5.3880241,3
342518,95,3,11001139,2,10.0701816,10
342524,45,8,11001111,3,38.1190067,5
342527,21,12,11001143,4,15.0551517,2
342533,96,3,11001146,2,16.9207456,12
342536,79,8,11001110,2,70.33367,8
342540,79,8,11001110,2,59.9848406,4
342544,811,5,11001184,1,28.4440333,24
342546,811,5,11001184,1,25.2602342,3
342547,811,5,11001184,1,29.1256227,4
342548,811,5,11001184,1,44.7091007,10
342552,92,3,11001137,2,9.2469219,6
342553,92,3,11001137,2,8.408629,2
342570,54,18,11001148,3,18.580329,4
342575,45,8,11001111,2,40.5832057,3
342582,69,19,11001131,2,79.6572659,9
342583,43,16,11001161,3,25.3796307,6
342585,809,16,11001182,3,6.3039882,3
342586,809,16,11001182,3,9.1561195,3
342589,809,16,11001182,3,3.7740919,15
342591,809,16,11001182,3,5.3880241,3
342594,69,19,11001131,1,46.5483132,8
342595,69,19,11001131,1,76.5381166,5
342596,809,16,11001182,3,7.2301434,8
342605,42,6,11001172,2,56.011859,3
342606,815,19,11001188,,18.4511268,10
342609,72,10,11001105,3,44.0129547,3
342627,33,4,11001163,2,16.2697693,2
342629,42,6,11001172,2,55.5871007,2
342632,45,8,11001111,3,32.8415279,8
342635,43,16,11001161,3,27.2553425,3
342636,43,16,11001161,3,20.0954575,4
342639,43,16,11001161,3,20.6641688,2
342652,43,16,11001161,3,26.3921916,10
342655,69,19,11001131,1,90.0021005,5
342666,18,11,11001109,3,50.1187706,3
342667,806,11,11001179,4,25.4799451,4
342686,54,18,11001148,2,43.9000134,4
342716,70,19,11001132,1,32.3913238,8
342717,70,19,11001132,1,26.6915406,5
342729,67,19,11001147,1,67.0974591,4
342736,58,5,11001117,2,27.8894371,3
342745,58,5,11001117,2,45.6310692,3
342762,69,19,11001131,2,66.3110316,12
342775,69,19,11001131,2,77.0802911,4
342777,69,19,11001131,2,88.0262493,8
342785,11,1,11001158,3,26.9405601,3
342803,815,19,11001188,,16.4323811,8
342825,73,10,11001127,3,83.2951722,8
342828,40,16,11001114,3,41.6928404,4
342873,33,4,11001163,3,21.0208981,4
342879,95,3,11001139,2,7.8632587,2
342901,116,10,11001197,3,5.3188929,5
342902,30,10,11001108,3,59.4219895,3
342909,95,3,11001139,2,7.3349038,10
342910,95,3,11001139,2,8.7166166,2
342911,70,19,11001132,1,29.6549412,8
342913,70,19,11001132,1,22.6730713,4
342942,67,19,11001147,1,37.4385349,3
342943,67,19,11001147,1,46.2454818,10
342944,67,19,11001147,1,31.9240977,8
342946,67,19,11001147,1,57.7231101,3
342948,67,19,11001147,1,72.4652558,4
342950,67,19,11001147,1,67.2920894,2
342963,42,6,11001172,2,65.6305249,6
342977,29,10,11001149,3,69.7811356,4
342980,29,10,11001149,3,79.3479278,3
342981,29,10,11001149,3,55.469854,5
342982,29,10,11001149,3,54.8059453,3
342987,38,15,11001156,3,29.84532,3
342997,70,19,11001132,1,20.7225718,6
342998,50,4,11001136,2,33.7466611,4
343000,50,4,11001136,2,31.2848059,15
343001,50,4,11001136,2,42.0730207,8
343002,50,4,11001136,2,46.8490893,12
343011,50,4,11001136,2,49.588965,7
343012,50,4,11001136,2,39.4650436,10
343019,50,4,11001136,2,44.9522539,15
343021,50,4,11001136,2,41.5465174,6
343033,42,6,11001172,3,80.8379987,4
343036,70,19,11001132,1,36.3178144,3
343037,27,11,11001164,3,89.5452925,4
343046,70,19,11001132,1,28.5709199,8
343048,70,19,11001132,1,22.5666982,2
343050,27,11,11001164,3,68.6318172,2
343056,807,12,11001180,3,34.802639,4
343058,807,12,11001180,3,47.2677803,4
343068,11,1,11001158,3,37.9073273,8
343069,11,1,11001158,3,23.9180513,4
343070,70,19,11001132,1,25.5143878,3
343071,70,19,11001132,1,27.1063742,3
343074,70,19,11001132,1,19.2665098,14
343076,70,19,11001132,1,32.6860329,3
343120,114,9,11001150,3,11.3497216,5
343121,811,5,11001184,1,18.4928312,6
343133,36,18,11001192,3,23.4987103,5
343143,89,2,11001160,2,5.7025811,21
343145,89,2,11001160,2,6.8199153,5
343171,110,9,11001115,5,24.6097481,5
343180,82,8,11001153,2,37.7481273,8
343211,85,7,11001106,2,84.7373977,2
343216,84,7,11001107,2,92.4953337,6
343222,84,7,11001107,2,57.1084975,3
343224,84,7,11001107,2,93.2185086,7
343244,29,10,11001149,3,39.5377793,6
343245,29,10,11001149,3,63.2982051,8
343258,52,5,11001135,1,8.8333256,6
343301,49,7,11001103,2,13.7094741,6
343315,26,10,11001140,3,40.2009308,3
343322,62,6,11001171,2,13.3988782,10
343329,116,10,11001197,3,8.7429897,3
343330,116,10,11001197,3,6.6508674,2
343332,29,10,11001149,1,51.1604526,3
343337,82,8,11001153,2,33.2404633,3
343347,36,18,11001192,3,25.7441028,3
343350,810,10,11001183,4,20.3179511,4
343368,45,8,11001111,3,30.1961466,8
343376,55,18,11001119,2,31.6090947,3
343377,55,18,11001119,2,30.2417865,3
343389,52,5,11001135,1,15.6870674,3
343391,58,5,11001117,2,29.4823992,8
343395,58,5,11001117,2,30.2332269,10
343396,58,5,11001117,2,39.9229275,3
343397,58,5,11001117,2,28.3406306,2
343405,102,14,11001138,3,13.8870511,4
343415,65,19,11001104,3,41.3837385,4
343416,65,19,11001104,3,33.5737906,6
343420,811,5,11001184,2,31.4022931,5
343424,811,5,11001184,1,29.3484044,4
343425,811,5,11001184,2,40.2492403,4
343441,35,15,11001113,2,10.4789976,3
343442,38,15,11001156,3,35.2302929,4
343451,55,18,11001119,2,24.3791807,5
343455,55,18,11001119,2,34.6446461,6
343458,55,18,11001119,2,32.8219192,8
343461,81,8,11001128,2,22.0517279,4
343466,84,7,11001107,2,106.835194,5
343468,84,7,11001107,2,81.5822704,2
343469,84,7,11001107,2,100.6847172,4
343482,52,5,11001135,1,12.6235685,3
343483,52,5,11001135,1,16.6524254,3
343493,803,1,11001176,5,37.9616725,3
343499,11,1,11001158,3,55.3684766,8
343500,11,1,11001158,2,28.8214941,16
343506,70,19,11001132,2,40.3810523,8
343513,70,19,11001132,1,31.4361653,6
343514,70,19,11001132,2,24.5214926,3
343515,70,19,11001132,2,25.7245577,18
343518,70,19,11001132,2,21.9736167,3
343521,70,19,11001132,1,24.8897301,12
343522,70,19,11001132,1,18.4238605,3
343526,92,3,11001137,2,10.2682785,4
343528,66,19,11001159,2,22.5503896,10
343532,65,19,11001104,2,31.0378039,8
343534,66,19,11001159,2,43.5745435,10
343544,65,19,11001104,2,18.4179097,6
343561,89,2,11001160,2,6.8353629,3
343570,47,8,11001133,3,50.6923583,4
343573,803,1,11001176,5,65.0165396,4
343575,47,8,11001133,3,44.7249557,6
343577,40,16,11001114,3,54.0042184,6
343579,40,16,11001114,3,60.3249345,4
343580,40,16,11001114,3,43.4099103,4
343600,39,18,11001155,3,37.628393,8
343607,80,8,11001118,2,15.7453378,4
343608,80,8,11001118,2,25.61389,4
343624,84,7,11001107,2,88.5575249,4
343628,18,11,11001109,3,40.9801414,4
343637,76,9,11001125,2,8.772423,3
343652,18,11,11001109,3,44.4993425,3
343663,72,10,11001105,3,37.7893268,12
343676,62,6,11001171,2,17.5438752,5
343677,62,6,11001171,2,20.0378649,8
343682,96,3,11001146,2,12.9184619,6
343694,39,18,11001155,3,37.628393,4
343698,39,18,11001155,3,54.0817676,2
343709,815,19,11001188,1,22.6763452,28
343712,47,8,11001133,3,56.8046605,3
343724,62,6,11001171,2,9.7612592,3
343725,62,6,11001171,2,24.0234272,28
343738,54,18,11001148,2,74.7289602,4
343739,54,18,11001148,2,35.4271077,6
343746,107,13,11001154,4,12.2901236,2
343765,82,8,11001153,2,60.6643545,8
343780,51,4,11001145,1,21.1271099,2
343784,51,4,11001145,1,22.7803324,3
343788,84,7,11001107,2,118.0766998,8
343790,84,7,11001107,2,91.8964591,4
343793,84,7,11001107,2,80.8390423,5
343811,54,18,11001148,2,63.6289646,10
343824,98,12,11001142,3,16.5531674,4
343826,51,4,11001145,1,22.4491167,4
343828,51,4,11001145,1,27.9343241,5
343830,102,14,11001138,3,11.0202531,12
343831,102,14,11001138,3,12.5794245,6
343844,84,7,11001107,2,80.3925203,10
343846,84,7,11001107,2,86.5410957,3
343847,84,7,11001107,2,74.3581908,10
343864,79,8,11001110,2,47.6790517,4
343872,79,8,11001110,2,46.1883273,8
343876,54,18,11001148,3,40.3883323,3
343878,81,8,11001128,2,16.374721,4
343887,81,8,11001128,2,19.5874094,3
343892,85,7,11001106,2,181.0040567,8
343895,85,7,11001106,2,106.5221335,12
343899,84,7,11001107,2,76.4943562,5
343906,84,7,11001107,2,39.1796027,10
343907,79,8,11001110,2,64.6822842,4
343908,79,8,11001110,1,63.7625857,8
343909,79,8,11001110,2,57.091549,5
343910,79,8,11001110,2,64.8651385,3
343911,79,8,11001110,2,53.5200907,8
343924,85,7,11001106,2,107.0620377,10
343929,84,7,11001107,2,81.0043043,3
343930,84,7,11001107,2,42.9347176,12
343935,84,7,11001107,2,69.0165047,7
343937,40,16,11001114,3,32.6136758,3
343940,87,7,11001169,2,33.6892112,10
343941,87,7,11001169,2,45.3093686,4
343947,87,7,11001169,2,42.1306193,2
343951,80,8,11001118,2,21.8808594,15
343953,42,6,11001172,3,63.0608768,6
343954,42,6,11001172,3,64.864198,3
343960,42,6,11001172,3,95.2144673,4
343961,42,6,11001172,3,131.8483476,12
343963,32,4,11001157,1,47.5143551,3
343967,28,11,11001122,3,123.3396677,5
343985,65,19,11001104,3,15.5946874,4
343995,84,7,11001107,2,91.8964591,4
343997,84,7,11001107,2,63.482104,6
344004,45,8,11001111,3,33.7311726,15
344008,84,7,11001107,2,67.7114426,6
344016,76,9,11001125,2,9.4059195,4
344023,39,18,11001155,3,33.3795113,4
344024,39,18,11001155,3,55.5260862,3
344025,39,18,11001155,3,59.2199918,4
344027,38,15,11001156,3,30.3311734,10
344032,84,7,11001107,2,36.3456771,15
344033,84,7,11001107,2,48.245197,8
344039,51,4,11001145,1,25.0122325,4
344054,28,11,11001122,2,99.5111838,4
344077,82,8,11001153,2,46.1933124,12
344078,82,8,11001153,2,35.9959658,8
344086,78,8,11001168,2,16.0653392,3
344089,78,8,11001168,2,13.0610432,5
344091,78,8,11001168,2,13.9002166,5
344135,39,18,11001155,3,32.6653613,2
344139,39,18,11001155,3,50.2483214,5
344150,29,10,11001149,3,57.4612365,4
344155,69,19,11001131,1,74.2006159,3
344157,54,18,11001148,2,21.738985,2
344163,95,3,11001139,2,6.729155,15
344166,95,3,11001139,2,7.2392643,2
344172,95,3,11001139,,7.1307997,8
344175,84,7,11001107,2,70.8063511,3
344177,84,7,11001107,2,55.6641737,6
344188,9,1,11001194,3,86.6658577,6
344198,81,8,11001128,2,25.7968023,6
344213,40,16,11001114,3,87.5683303,8
344231,62,6,11001171,2,13.9705498,3
344239,62,6,11001171,2,19.6616295,3
344250,82,8,11001153,2,34.650215,3
344260,85,7,11001106,2,102.6975769,3
344263,85,7,11001106,2,108.2697547,10
344266,85,7,11001106,2,110.7014409,4
344267,85,7,11001106,2,102.6975769,3
344271,84,7,11001107,2,99.4868176,4
344275,84,7,11001107,2,74.9864973,18
344291,51,4,11001145,1,28.5392357,6
344292,51,4,11001145,1,34.9343215,28
344293,51,4,11001145,1,30.6045849,4
344294,51,4,11001145,1,35.6510124,28
344295,51,4,11001145,1,27.0276137,5
344296,51,4,11001145,1,32.2828217,8
344301,51,4,11001145,1,27.1265377,4
344316,79,8,11001110,2,59.9928584,3
344321,84,7,11001107,2,66.874062,8
344324,84,7,11001107,2,73.4900385,5
344330,95,3,11001139,2,11.07439,2
344331,95,3,11001139,2,4.8908088,5
344338,95,3,11001139,2,8.624347,4
344339,95,3,11001139,2,4.9486657,4
344340,95,3,11001139,2,6.5387734,3
344342,95,3,11001139,2,7.2694369,5
344352,79,8,11001110,2,50.0184681,2
344361,30,10,11001108,3,83.2380278,15
344374,40,16,11001114,3,54.2403286,3
344384,84,7,11001107,2,64.4054726,8
344385,84,7,11001107,2,69.053887,2
344387,48,8,11001167,3,69.0420862,3
344392,48,8,11001167,3,73.5241462,4
344398,84,7,11001107,2,95.415515,4
344408,11,1,11001158,3,36.9876337,8
344409,11,1,11001158,3,41.0355879,3
344423,50,4,11001136,2,31.3498623,3
344424,50,4,11001136,2,28.2856183,10
344425,50,4,11001136,2,30.3038952,3
344435,89,2,11001160,1,7.1732178,4
344436,18,11,11001109,4,43.6953213,4
344443,89,2,11001160,2,6.1085518,3
344444,50,4,11001136,2,32.6903293,6
344447,50,4,11001136,2,39.4807787,4
344450,50,4,11001136,2,46.5687286,4
344467,69,19,11001131,2,82.3423276,8
344472,18,11,11001109,3,45.4643573,4
344474,50,4,11001136,2,33.2123631,3
344486,34,4,11001101,3,56.8590884,6
344490,34,4,11001101,3,41.4219336,3
344491,52,5,11001135,1,9.4045713,2
344509,54,18,11001148,2,65.8369968,15
344510,54,18,11001148,2,42.2954885,8
344533,40,16,11001114,3,49.2744636,8
344544,43,16,11001161,3,27.1395578,4
344550,43,16,11001161,3,44.3141465,12
344555,47,8,11001133,3,35.5650864,5
344556,47,8,11001133,3,40.1785118,8
344560,47,8,11001133,3,49.0453075,10
344562,47,8,11001133,3,50.0593347,8
344584,87,7,11001169,2,49.5231728,3
344586,87,7,11001169,2,46.0190474,4
344589,87,7,11001169,2,44.4281833,4
344605,43,16,11001161,3,25.6741517,2
344612,38,15,11001156,3,25.3473314,4
344614,38,15,11001156,3,28.6338892,2
344616,30,10,11001108,3,80.9834146,4
344618,30,10,11001108,3,55.4063402,3
344620,87,7,11001169,2,43.828924,6
344628,87,7,11001169,2,36.2697469,2
344629,87,7,11001169,2,47.8176191,3
344630,87,7,11001169,2,49.5231728,3
344632,87,7,11001169,2,43.6038149,8
344659,62,6,11001171,2,19.6616295,3
344662,62,6,11001171,2,27.8586691,16
344663,62,6,11001171,2,23.0207932,8
344668,55,18,11001119,1,44.4805656,18
344669,55,18,11001119,1,31.0118121,5
344672,55,18,11001119,1,32.9021745,2
344680,76,9,11001125,2,14.5537704,5
344682,76,9,11001125,2,16.419432,5
344703,78,8,11001168,2,12.4192649,2
344704,78,8,11001168,2,14.5165738,2
344722,79,8,11001110,2,73.3246047,3
344725,79,8,11001110,2,63.4350544,5
344727,79,8,11001110,2,53.8870342,3
344736,110,9,11001115,3,31.7732593,8
344763,110,9,11001115,4,17.1176929,3
344781,57,5,11001129,2,42.0881504,4
344808,30,10,11001108,3,80.7087771,5
344817,55,18,11001119,2,26.4970851,6
344844,55,18,11001119,2,27.6816852,4
344849,55,18,11001119,2,32.0171602,4
344851,89,2,11001160,2,7.0369058,18
344855,89,2,11001160,2,8.4582665,18
344866,92,3,11001137,2,6.9994479,3
344877,92,3,11001137,2,9.8998453,8
344887,102,14,11001138,3,26.7366693,3
344889,102,14,11001138,3,15.5866543,4
344897,70,19,11001132,1,30.6092376,5
344899,70,19,11001132,1,23.7062178,21
344900,70,19,11001132,1,28.6524912,12
344901,70,19,11001132,1,26.7117527,6
344903,70,19,11001132,1,21.1041081,6
344909,70,19,11001132,1,22.1969418,4
344912,57,5,11001129,2,54.2697851,8
344918,57,5,11001129,2,46.5403233,3
344925,84,7,11001107,2,66.9223717,15
344928,38,15,11001156,3,40.7578048,8
344929,38,15,11001156,3,40.7578048,4
344940,62,6,11001171,2,29.3968824,28
344943,62,6,11001171,2,22.1272196,3
344955,40,16,11001114,3,64.0327496,2
344956,40,16,11001114,3,46.6139828,6
344962,79,8,11001110,3,49.2394802,4
344965,33,4,11001163,2,20.7734237,4
344970,33,4,11001163,2,19.0547824,3
344993,9,1,11001194,3,37.5431296,2
344995,53,18,11001191,2,28.7676039,3
344997,53,18,11001191,2,37.2642091,3
344999,53,18,11001191,2,23.640961,4
345001,53,18,11001191,2,27.772201,3
345004,53,18,11001191,2,17.8465829,4
345012,53,18,11001191,2,26.8872151,8
345013,53,18,11001191,2,30.6277262,5
345015,53,18,11001191,2,15.5573916,2
345020,62,6,11001171,2,21.1844755,8
345022,62,6,11001171,2,20.7382538,3
345024,62,6,11001171,2,15.7459615,3
345026,47,8,11001133,3,37.5166854,4
345034,62,6,11001171,2,22.53838,6
345038,77,9,11001173,2,30.8350678,4
345041,77,9,11001173,2,27.9084197,4
345042,9,1,11001194,3,38.992387,4
345047,47,8,11001133,3,33.2116612,8
345052,11,1,11001158,2,34.2962314,8
345054,40,16,11001114,3,53.5001123,4
345065,62,6,11001171,2,19.324706,4
345069,11,1,11001158,3,31.7680097,6
345079,40,16,11001114,3,28.754575,5
345080,40,16,11001114,3,38.4924471,5
345094,62,6,11001171,2,26.6678333,3
345098,40,16,11001114,3,68.3213551,2
345115,70,19,11001132,1,22.647123,8
345136,77,9,11001173,2,24.7414479,6
345137,77,9,11001173,2,34.4141799,2
345145,9,1,11001194,3,80.9613436,4
345148,9,1,11001194,3,45.0872297,3
345162,89,2,11001160,2,7.7234021,5
345163,52,5,11001135,1,8.0453259,3
345165,52,5,11001135,1,10.4203678,2
345168,52,5,11001135,1,10.588922,4
345189,34,4,11001101,3,69.2138328,3
345194,26,10,11001140,3,48.7438937,4
345207,86,7,11001120,2,71.044236,10
345211,86,7,11001120,1,63.3414179,8
345214,86,7,11001120,2,42.8136254,8
345216,86,7,11001120,2,57.1292733,4
345217,86,7,11001120,2,37.9565981,18
345222,70,19,11001132,1,24.1560865,12
345224,802,8,11001175,2,71.822864,14
345227,802,8,11001175,2,58.9987187,3
345242,77,9,11001173,2,27.6089782,4
345243,77,9,11001173,2,27.3900216,3
345244,77,9,11001173,2,27.9938183,8
345245,48,8,11001167,3,50.9859527,6
345249,87,7,11001169,2,47.7211659,8
345250,87,7,11001169,2,50.5672667,10
345251,70,19,11001132,1,30.4533814,4
345252,87,7,11001169,2,38.9991781,15
345256,87,7,11001169,2,37.4781011,3
345262,87,7,11001169,2,55.7135694,3
345272,11,1,11001158,2,26.5168697,4
345281,67,19,11001147,1,66.5393605,3
345284,67,19,11001147,1,79.9296473,4
345286,67,19,11001147,1,61.094781,10
345288,70,19,11001132,1,19.8023105,4
345291,70,19,11001132,1,22.3145582,6
345292,70,19,11001132,1,25.8684507,15
345295,70,19,11001132,1,30.4533814,8
345296,70,19,11001132,1,26.1135203,27
345297,70,19,11001132,1,19.6700273,5
345304,23,11,11001112,3,20.3710533,5
345313,70,19,11001132,1,25.3017416,10
345314,11,1,11001158,3,28.6809808,3
345319,811,5,11001184,1,45.6284344,4
345329,86,7,11001120,2,52.8039461,3
345332,86,7,11001120,1,56.2833218,5
345333,86,7,11001120,1,80.1233345,3
345335,86,7,11001120,2,39.9162386,3
345342,80,8,11001118,2,24.0023623,12
345347,54,18,11001148,2,16.9080994,4
345351,80,8,11001118,2,16.5043984,5
345356,82,8,11001153,2,35.7564581,5
345358,33,4,11001163,2,25.3700749,4
345362,811,5,11001184,1,33.9631104,4
345368,811,5,11001184,1,31.6962767,4
345371,80,8,11001118,2,23.9117439,4
345372,80,8,11001118,2,21.1108778,3
345375,18,11,11001109,3,35.5474444,8
345389,86,7,11001120,2,98.1654588,4
345390,86,7,11001120,1,59.9474645,3
345392,86,7,11001120,2,57.8021029,3
345401,78,8,11001168,2,13.777058,8
345403,802,8,11001175,2,85.0742343,3
345404,802,8,11001175,3,55.2790667,3
345412,811,5,11001184,1,20.1360222,12
345413,811,5,11001184,1,48.1516964,12
345414,811,5,11001184,1,49.2190497,4
345415,811,5,11001184,1,32.5529088,12
345416,811,5,11001184,1,39.9282251,10
345418,811,5,11001184,1,47.2629599,4
345420,811,5,11001184,1,32.5582388,4
345421,65,19,11001104,2,28.3181638,8
345426,65,19,11001104,2,29.1612883,10
345427,65,19,11001104,2,18.7800893,12
345429,92,3,11001137,4,5.5038299,2
345441,77,9,11001173,2,36.2581612,5
345446,77,9,11001173,2,20.2544271,4
345451,33,4,11001163,3,25.2679052,15
345453,33,4,11001163,3,23.5723493,10
345458,82,8,11001153,2,45.1845899,3
345467,76,9,11001125,2,24.0126732,5
345470,76,9,11001125,2,16.7962847,8
345476,76,9,11001125,2,16.125377,3
345492,58,5,11001117,2,40.9818654,18
345496,58,5,11001117,2,24.0214048,4
345499,811,5,11001184,1,28.0669269,3
345501,89,2,11001160,2,6.8353629,3
345503,101,13,11001165,3,18.2976112,6
345519,84,7,11001107,2,108.3369301,8
345523,84,7,11001107,2,79.9811191,5
345526,84,7,11001107,2,110.945007,8
345527,87,7,11001169,1,71.9200692,6
345528,87,7,11001169,1,84.8665325,27
345529,87,7,11001169,1,75.2490415,4
345546,85,7,11001106,2,84.3864612,3
345551,87,7,11001169,2,42.8855382,18
345560,87,7,11001169,2,45.3093686,4
345561,87,7,11001169,2,38.6264939,3
345569,87,7,11001169,2,42.6558497,3
345570,84,7,11001107,2,70.0733237,8
345571,84,7,11001107,2,62.9417729,10
345582,101,13,11001165,3,25.3182564,3
345588,33,4,11001163,3,24.1686823,4
345592,101,13,11001165,4,15.8702784,4
345603,47,8,11001133,3,46.7803086,3
345612,58,5,11001117,2,36.8907898,3
345614,58,5,11001117,2,27.8108759,6
345621,89,2,11001160,2,7.9495236,6
345623,89,2,11001160,2,8.1999931,8
345625,89,2,11001160,2,5.2542178,4
345631,89,2,11001160,2,5.453541,3
345632,89,2,11001160,2,7.3872908,6
345644,62,6,11001171,2,22.2642943,8
345652,48,8,11001167,3,59.3557895,8
345663,82,8,11001153,2,41.4931435,4
345665,815,19,11001188,,15.5684184,10
345674,47,8,11001133,3,31.9596856,6
345678,82,8,11001153,2,42.7199759,3
345681,43,16,11001161,3,39.1710446,14
345682,82,8,11001153,2,38.0726561,8
345697,89,2,11001160,2,6.9866133,8
345698,89,2,11001160,2,8.0582561,15
345700,89,2,11001160,2,7.1936626,3
345701,89,2,11001160,2,8.4211885,15
345703,89,2,11001160,2,4.1667151,5
345704,89,2,11001160,2,6.1344859,3
345716,11,1,11001158,2,27.3115659,4
345764,41,16,11001151,3,35.9847544,4
345775,81,8,11001128,2,24.8807728,6
345776,81,8,11001128,2,21.8014601,3
345782,67,19,11001147,1,53.0185442,5
345785,67,19,11001147,1,79.295285,4
345787,67,19,11001147,1,56.7729781,4
345789,67,19,11001147,1,57.4584971,3
345791,67,19,11001147,1,72.993829,4
345794,67,19,11001147,1,80.5169509,8
345800,67,19,11001147,1,54.7760133,6
345815,53,18,11001191,2,18.4958227,2
345816,81,8,11001128,2,29.0132927,3
345830,65,19,11001104,2,17.2446062,7
345834,79,8,11001110,2,57.1411016,3
345840,79,8,11001110,2,52.7732572,3
345849,53,18,11001191,2,19.2869561,2
345850,53,18,11001191,2,24.250691,10
345857,52,5,11001135,1,7.8823,5
345886,69,19,11001131,2,56.0680243,5
345889,69,19,11001131,2,63.0938224,6
345890,69,19,11001131,2,63.4200532,4
345893,69,19,11001131,2,65.0798008,4
345896,47,8,11001133,3,42.7057774,4
345902,42,6,11001172,3,104.9929147,2
345918,42,6,11001172,3,80.8379987,4
345931,815,19,11001188,1,18.9202034,3
345932,80,8,11001118,2,28.4105547,6
345933,89,2,11001160,2,8.0132983,10
345942,39,18,11001155,3,49.8319529,5
345951,54,18,11001148,2,43.6382024,8
345954,47,8,11001133,3,46.1839326,10
345959,36,18,11001192,3,24.9347619,5
345965,33,4,11001163,2,19.398729,3
345973,18,11,11001109,3,43.6953213,4
345989,33,4,11001163,2,25.3700749,8
345995,54,18,11001148,2,24.2617989,5
345996,80,8,11001118,2,10.0530627,5
345997,80,8,11001118,2,12.948167,5
345999,23,11,11001112,6,30.5775182,12
346000,23,11,11001112,6,23.8172262,4
346001,80,8,11001118,2,21.2832589,18
346033,11,1,11001158,3,29.484633,3
346039,78,8,11001168,2,23.1461705,8
346042,84,7,11001107,2,65.2658164,2
346052,78,8,11001168,2,18.3181954,4
346055,78,8,11001168,2,21.0419732,4
346057,18,11,11001109,4,40.3878909,2
346062,48,8,11001167,2,100.338497,8
346063,48,8,11001167,2,106.2368154,15
346098,48,8,11001167,2,71.4206937,2
346099,48,8,11001167,2,79.4804956,3
346100,58,5,11001117,2,31.6982361,4
346106,58,5,11001117,2,25.652415,4
346107,58,5,11001117,2,26.9007017,3
346115,54,18,11001148,2,25.3814998,6
346118,54,18,11001148,2,60.7536212,8
346136,116,10,11001197,3,10.2358348,8
346138,62,6,11001171,2,11.2870941,10
346142,811,5,11001184,1,22.8024181,7
346162,42,6,11001172,3,57.6757238,3
346164,70,19,11001132,1,25.6163107,12
346165,70,19,11001132,1,26.8542342,8
346168,26,10,11001140,3,60.9415823,8
346169,26,10,11001140,3,47.5639389,3
346179,67,19,11001147,1,64.166582,4
346180,42,6,11001172,3,118.6187404,8
346195,34,4,11001101,3,32.8193698,3
346197,815,19,11001188,1,20.6537034,3
346206,24,11,11001152,3,19.2580901,12
346212,11,1,11001158,2,25.7221736,8
346214,11,1,11001158,2,14.6037274,4
346220,100,13,11001126,4,13.7443854,3
346226,92,3,11001137,2,7.4642423,3
346236,30,10,11001108,3,66.8497382,3
346252,79,8,11001110,2,45.0333536,3
346253,79,8,11001110,2,49.5366771,4
346256,79,8,11001110,2,62.7489182,5
346257,79,8,11001110,2,51.15176,8
346259,79,8,11001110,2,62.0117121,3
346260,79,8,11001110,2,51.15176,8
346263,53,18,11001191,2,18.6973574,8
346278,811,5,11001184,1,35.4427959,3
346287,811,5,11001184,1,24.4462083,5
346295,811,5,11001184,1,31.0719984,3
346303,48,8,11001167,3,82.4832916,8
346305,48,8,11001167,3,66.7588305,2
535852,,,25295100,2,7.585642,4
535861,813,9,11001186,4,12.3096581,3
535869,,,25295100,2,9.2105982,4
535874,,,25758200,2,4.1736764,3
535881,,,25099100,3,9.1843508,12
535886,809,16,11001182,3,11.1895077,4
535902,41,16,11001151,3,25.2292368,2
535927,112,9,11001130,4,19.5954831,5
535937,,,25758200,2,3.7247745,4
535952,809,16,11001182,3,7.0044314,3
535964,,,25099100,2,4.8862517,6
535966,,,25295100,2,4.8736045,6
535975,,,25758200,2,5.9557438,2
535976,,,25295100,2,6.9757533,3
535979,,,25817100,2,9.7201558,8
535980,,,25099100,2,9.0740729,4
535987,,,25817100,2,5.8022936,4
535992,,,25295100,2,8.8779268,8
536000,40,16,11001114,3,41.8682941,2
536013,,,25175100,3,74.8331249,6
536023,,,25175100,3,63.7246547,4
536041,40,16,11001114,3,55.2352512,6
536043,,,25758200,2,3.5636966,3
536046,,,25817100,2,10.8943145,3
536072,,,25758200,6,6.3937587,8
536073,,,25758200,2,5.8692732,8
536075,,,25290100,3,80.2733022,12
536109,,,25295100,2,6.6275037,6
536112,,,25758200,2,5.2419002,4
536116,,,25099100,2,9.0586324,12
536151,112,9,11001130,4,21.7303396,2
536206,,,25817100,3,11.0258398,2
536220,,,25817100,2,14.4569702,3
536222,,,25758200,3,6.4506691,10
536234,,,25758200,1,4.3169253,8
536242,,,25099100,2,8.7905538,4
536243,,,25295100,2,5.8491225,8
536256,43,16,11001161,3,28.4851343,10
536272,112,9,11001130,4,18.1804944,8
536275,,,25295100,2,6.8231539,3
536278,,,25099100,2,2.8617848,3
536286,,,25295100,2,5.9691993,4
536297,,,25295100,2,4.9912778,12
536298,,,25290100,4,91.5816013,15
536308,,,25099100,2,2.9865735,2
536325,,,25758200,3,3.7247745,4
536339,,,25099100,2,6.1636624,6
536351,41,16,11001151,3,14.2542506,4
536370,,,25758200,1,5.712505,4
536376,,,25758200,3,1.8489209,3
536381,112,9,11001130,4,35.085123,2
536386,,,25758200,2,3.0475615,3
536389,112,9,11001130,4,33.0612691,4
536403,,,25295100,2,6.4819405,3
536407,,,25295100,2,2.9863956,12
536417,,,25758200,2,3.9764494,10
536418,,,25295100,2,3.621789,6
536420,,,25295100,2,7.3397852,3
536423,112,9,11001130,4,24.4136659,8
536426,,,25758200,3,3.2142668,5
536428,,,25099100,2,5.897141,7
536447,,,25295100,2,3.621789,6
536449,,,25175100,2,53.6091906,3
536460,,,25099100,2,2.1892654,3
536466,,,25290100,3,84.0631012,18
536489,112,9,11001130,4,20.9875838,4
536491,,,25758200,1,7.9099317,15
536500,,,25758200,3,4.8316319,4
536506,,,25295100,2,8.5935849,15
536515,,,25099100,2,6.2621699,8
536519,,,25099100,2,4.5574856,16
536544,,,25758200,2,5.2950663,3
536546,112,9,11001130,4,25.3697172,6
536551,,,25295100,2,6.9832647,3
536555,,,25175100,3,56.7688732,6
536559,,,25295100,2,5.8882512,3
536561,41,16,11001151,3,22.0880677,3
536562,809,16,11001182,3,5.0276115,2
536568,112,9,11001130,4,22.3430725,4
536569,,,25099100,2,5.9374547,8
536573,,,25758200,2,4.3169253,4
536580,41,16,11001151,3,34.206021,8
536585,,,25758200,2,5.712505,4
536598,,,25758200,3,3.4924227,3
536606,,,25758200,2,4.5254389,8
536617,40,16,11001114,3,40.8607764,3
536626,,,25295100,2,6.9832647,3
536635,,,25758200,3,2.3405642,3
536665,112,9,11001130,4,28.8324857,3
536691,,,25214200,1,8.6578935,6
536692,,,25099100,3,3.1917156,3
536713,40,16,11001114,3,38.8449856,6
536731,,,25817100,2,8.0959791,8
536733,,,25295100,2,3.9915377,2
536736,,,25099100,3,2.3389588,3
536737,,,25290100,3,60.3589483,3
536741,,,25214200,1,8.57823,4
536752,,,25295100,2,10.9391022,6
536758,,,25295100,2,5.8019102,6
536765,,,25290100,3,57.8495742,24
536790,,,25295100,2,5.7314492,3
536792,,,25817100,3,4.6141818,3
536825,77,9,11001173,2,42.0664261,4
536830,,,25099100,2,3.9475958,16
536838,,,25295100,2,5.2476449,8
536840,,,25290100,2,44.744716,4
536852,,,25099100,2,10.2776865,3
536863,,,25099100,2,3.7584718,3
536904,112,9,11001130,4,29.2523535,4
536909,,,25295100,2,4.1092992,8
536923,,,25295100,2,6.4152425,4
536925,813,9,11001186,3,10.0088958,2
536937,,,25758200,4,4.1736764,3
536947,,,25290100,3,80.4675233,14
536951,,,25290100,2,73.3720089,18
536977,,,25214200,1,8.9232541,8
536998,,,25758200,2,4.1736764,3
536999,,,25175100,2,68.4965342,15
537013,809,16,11001182,3,5.0276115,2
537020,,,25758200,2,5.3129517,4
537046,,,25175100,2,65.8550799,3
537065,,,25295100,2,6.9632411,8
537109,,,25295100,2,9.8435445,3
537114,,,25295100,2,3.5041158,2
537117,41,16,11001151,3,23.7374086,2
537127,,,25295100,2,4.4642531,6
537132,,,25758200,2,4.2409681,2
537134,,,25817100,2,14.4569702,3
537143,,,25758200,2,5.0522687,4
537148,,,25290100,3,64.1259253,8
537152,112,9,11001130,4,18.5191728,4
537182,,,25099100,2,5.6985746,4
559706,,19,11001219,,5.1862484,2
559709,,19,11001219,2,5.1313971,5
559720,,19,11001219,0,6.7589429,6
559732,,19,11001219,2,4.6806027,3
559739,,19,11001219,2,6.4422372,4
559748,,19,11001219,1,5.3629514,5
559749,,19,11001219,1,7.4267393,8
559750,,19,11001219,1,5.1939785,15
559755,,19,11001219,,5.0480486,3
559777,,19,11001219,2,3.3295294,4
559788,,19,11001219,2,3.1718775,4
559806,,19,11001219,1,5.4223411,3
559839,,19,11001219,,5.6330485,8
559845,,19,11001219,1,5.1871936,4
559855,,19,11001219,1,4.7859734,4
559858,,19,11001219,1,5.4511238,8
559871,,19,11001219,1,8.6293811,10
559873,,19,11001219,2,5.858452,4
559877,,19,11001219,1,9.2320655,12
559879,,19,11001219,1,5.0583091,8
559892,,19,11001219,2,4.6806027,3
559893,,19,11001219,2,6.5698938,10
559898,,19,11001219,1,5.5081804,2
559902,,19,11001219,1,4.2550934,3
559905,,19,11001219,1,5.1862484,2
559909,,19,11001219,1,5.6952526,3
559939,,19,11001219,1,7.7429386,4
559972,,19,11001219,1,9.2320655,24
559974,,19,11001219,1,10.6311174,4
559989,,19,11001219,0,3.906986,2
560011,,19,11001219,2,7.9482895,4
560019,,19,11001219,1,4.754061,2
560021,,19,11001219,2,7.086461,4
560042,,19,11001219,1,6.0407524,6
560046,,19,11001219,1,4.6520571,4
560058,,19,11001219,1,3.8049821,4
560059,,19,11001219,1,5.9118678,3
560085,,19,11001219,1,12.3094206,12
560087,,19,11001219,1,4.2443532,5
560096,,19,11001219,2,6.6235746,8
560111,,19,11001219,1,5.7781799,5
560112,,19,11001219,1,5.7714042,3
560115,,19,11001219,1,3.9005023,3
560118,,19,11001219,1,9.2320655,28
560119,,19,11001219,1,3.3653658,3
560130,,19,11001219,2,4.0308591,3
560138,,19,11001219,0,7.7052992,10
560144,,19,11001219,0,6.0589984,2
560148,,19,11001219,2,7.086461,4
560154,,19,11001219,1,5.8043793,6
560161,,19,11001219,2,3.9061067,8
560162,,19,11001219,2,5.7356819,15
560175,,19,11001219,1,6.2331011,4
560179,,19,11001219,1,5.941046,8
560181,,19,11001219,1,4.8213363,5
560188,,19,11001219,1,5.9053841,8
560189,,19,11001219,1,5.1871936,8
560197,,19,11001219,2,5.9460652,6
560205,,19,11001219,1,4.2634087,3
560212,,19,11001219,1,2.7696196,6
560218,,19,11001219,2,5.092881,8
560219,,19,11001219,1,5.0583091,4
560223,,20,11001220,1,1.8046324,5
560247,,19,11001219,2,3.2149052,5
560262,,19,11001219,1,9.0125973,8
560263,,20,11001220,1,1.8046324,8
560267,,20,11001220,1,1.8046324,18
560268,,20,11001220,0,1.8046324,3
560278,,20,11001220,1,1.8046324,8
560281,,20,11001220,1,1.8046324,3
560286,,3,11001203,1,6.0150625,8
560291,,3,11001203,1,4.734519,12
560300,,20,11001220,1,1.8046324,8
560310,,3,11001203,1,6.0150625,8
560322,,20,11001220,1,1.8046324,3
560326,,20,11001220,1,1.8046324,6
560342,,20,11001220,0,1.8046324,10
560352,,19,11001219,2,6.4786347,15
560384,,11,11001211,2,2.8935873,3
560389,,20,11001220,1,1.8046324,4
560404,,20,11001220,1,1.8046324,8
560425,,19,11001219,1,6.9280391,3
560429,,19,11001219,1,9.5653693,7
560433,,19,11001219,1,7.790516,3
560442,,20,11001220,1,1.8046324,12
560458,,3,11001203,1,7.4689187,3
560468,,20,11001220,2,1.8046324,4
560488,,19,11001219,1,8.5126744,3
560500,,19,11001219,2,8.1107315,6
560510,,20,11001220,1,1.8046324,4
560511,,20,11001220,1,1.8046324,2
560523,,19,11001219,2,6.2027429,4
560526,,11,11001211,2,2.9279341,3
560528,,11,11001211,1,3.7030432,8
560530,,11,11001211,1,4.4500718,10
560582,,19,11001219,2,5.5115918,12
560593,,19,11001219,2,8.4600006,15
560615,,2,11001202,2,1.6984925,12
560634,,19,11001219,2,2.9577081,3
560668,,20,11001220,1,1.8046324,24
560673,,11,11001211,2,3.3907101,4
560705,,11,11001211,2,3.2576311,4
560706,,11,11001211,2,4.1843309,12
560707,,11,11001211,2,3.5889053,6
560712,,2,11001202,2,1.6984925,3
560713,,2,11001202,2,1.6984925,5
560721,,19,11001219,2,10.7881133,10
560728,,19,11001219,0,5.1847719,10
560730,,2,11001202,1,1.6984925,3
560731,,2,11001202,2,1.6984925,10
560734,,2,11001202,2,1.6984925,3
560738,,11,11001211,2,3.4653952,2
560757,,19,11001219,1,4.2788566,3
560782,,11,11001211,2,3.7030432,8
560786,,11,11001211,2,3.1261293,2
560789,,2,11001202,1,1.6984925,14
560802,,11,11001211,6,3.1778399,6
560828,,20,11001220,1,1.8046324,21
560834,,20,11001220,1,1.8046324,2
560835,,11,11001211,2,2.5244182,14
560836,,11,11001211,2,3.7030432,8
560862,,11,11001211,2,2.7633294,4
560868,,20,11001220,1,1.8046324,55
560899,,11,11001211,2,2.9452979,4
560907,,2,11001202,2,1.6984925,4
560910,,11,11001211,2,2.0767211,5
560918,,11,11001211,2,3.2059205,3
560934,,11,11001211,2,1.4672151,16
560948,,11,11001211,2,4.0860281,4
560963,,20,11001220,1,1.8046324,10
560977,,20,11001220,1,1.8046324,3
560978,,20,11001220,1,1.8046324,8
560980,,20,11001220,1,1.8046324,15
560981,,20,11001220,1,1.8046324,10
560982,,20,11001220,1,1.8046324,3
560990,,2,11001202,2,1.6984925,8
560992,,11,11001211,2,3.2612224,10
560998,,11,11001211,2,5.7769626,21
561005,,20,11001220,1,1.8046324,15
561014,,3,11001203,2,3.0779964,2
561020,,3,11001203,2,6.5541616,4
561041,,20,11001220,1,1.8046324,3
561057,,20,11001220,1,1.8046324,10
561061,,2,11001202,2,1.6984925,3
561062,,20,11001220,1,1.8046324,8
561080,,3,11001203,2,2.0296443,3
561092,,20,11001220,1,1.8046324,8
561093,,20,11001220,1,1.8046324,10
561095,,20,11001220,1,1.8046324,3
561097,,20,11001220,1,1.8046324,4
561121,,20,11001220,1,1.8046324,3
561134,,11,11001211,6,2.1036538,5
561147,,20,11001220,1,1.8046324,3
561158,,20,11001220,1,1.8046324,10
561184,,19,11001219,0,5.1871936,8
561188,,11,11001211,3,2.7321824,5
561210,,20,11001220,1,1.8046324,8
561591,,5,11001205,1,4.1318916,4
561794,,5,11001205,1,7.7848817,5
561797,,5,11001205,1,6.9432252,8
564675,,,25473100,1,62.3396223,4
564676,,,25286100,3,49.0172448,3
564686,,,25754100,3,262.8415759,3
564687,,,25754100,3,352.2400964,3
564696,,,25473100,3,60.7532548,4
564701,,,25175200,2,11.5113323,5
564720,,,25260100,2,12.0669571,8
564727,,,25740100,2,7.7629531,10
564730,,,25473100,3,44.1950776,8
564737,,,25269100,1,61.523887,3
564739,,,25269100,2,61.0237913,5
564740,,,25269100,2,57.6486877,2
564742,,,25269100,2,61.0837667,4
564751,,,25758200,1,4.6495628,2
564752,,,25758200,1,3.474895,2
564759,,,25758100,3,10.7904981,12
564770,,,25758200,1,4.1736764,3
564771,,,25758200,1,3.0218179,3
564772,,,25758200,1,4.1736764,3
564777,,,25758200,1,3.4924227,3
564779,,,25473200,1,1.4395777,4
564780,,,25473200,2,1.4395777,4
564781,,,25473200,1,1.4395777,8
564796,,,25286200,2,1.131677,5
564801,,,25754200,1,3.7518604,4
564812,,,25754200,1,3.4986194,4
564815,,,25899100,1,77.3871926,3
564816,,,25899100,1,99.1733316,5
564820,,,25899100,2,65.9418983,10
564823,,,25899100,1,53.4111318,6
564829,,,25899100,1,71.6682054,8
564830,,,25899100,1,90.9504531,4
564831,,,25899100,1,77.3871926,3
564845,,,25754200,1,3.2210329,3
564847,,,25754200,1,2.9047204,2
565058,804,1,11001177,2,19.0635755,8
565061,44,8,11001102,3,37.725921,2
565065,44,8,11001102,3,34.3633075,4
565265,87,7,11001169,2,49.2178788,3
565269,87,7,11001169,2,44.5447189,3
565271,87,7,11001169,2,53.1351565,10
565273,87,7,11001169,2,46.7435274,5
565277,87,7,11001169,2,32.6765063,4
565292,34,4,11001101,2,20.1014726,2
565304,34,4,11001101,2,28.4035598,6
565308,34,4,11001101,2,23.6034624,10
565309,34,4,11001101,2,29.2914689,8
565313,34,4,11001101,2,25.5491746,12
565314,34,4,11001101,2,37.2227311,20
565320,34,4,11001101,2,20.7058041,2
565321,34,4,11001101,2,27.13396,4
565329,34,4,11001101,2,30.5257277,6
565341,34,4,11001101,2,40.1385019,8
565349,34,4,11001101,2,34.7581664,3
565353,34,4,11001101,2,33.3623125,10
565358,54,18,11001148,2,21.738985,2
565366,71,11,11001166,2,121.00301,12
565368,71,11,11001166,2,100.5576083,6
565374,71,11,11001166,2,108.2380818,6
565376,71,11,11001166,2,71.0696136,6
565380,30,10,11001108,3,59.0791803,3
565383,62,6,11001171,2,15.8285743,4
565390,89,2,11001160,2,8.2400676,6
565394,40,16,11001114,3,69.5996354,10
565395,40,16,11001114,3,45.4440793,3
565402,35,15,11001113,3,11.9272472,4
565403,35,15,11001113,3,11.1317722,15
565416,9,1,11001194,2,27.8450336,4
565417,9,1,11001194,2,68.1095925,5
565418,9,1,11001194,2,66.5652858,3
565447,48,8,11001167,3,68.2467442,8
565449,48,8,11001167,3,56.981558,4
565479,50,4,11001136,2,33.6147889,6
565486,50,4,11001136,2,30.2533101,6
565506,67,19,11001147,1,51.8950392,2
565515,81,8,11001128,2,37.533875,8
565516,81,8,11001128,2,39.377722,5
565519,50,4,11001136,2,23.9111357,4
565523,50,4,11001136,2,34.5518468,8
565540,50,4,11001136,2,29.4576305,3
565547,35,15,11001113,3,11.947899,3
565551,35,15,11001113,3,9.40691,3
565557,82,8,11001153,2,25.5531672,6
565564,48,8,11001167,3,54.6534419,6
565571,65,19,11001104,3,36.6630821,3
565577,110,9,11001115,4,29.6613426,8
565578,80,8,11001118,2,19.3675843,28
565581,48,8,11001167,3,63.2337106,4
565594,96,3,11001146,1,13.6017149,15
565620,19,11,11001121,3,41.8015626,8
565628,45,8,11001111,2,36.2353759,8
565630,45,8,11001111,3,34.5276034,2
565640,65,19,11001104,3,45.8288526,3
565646,815,19,11001188,1,13.7856418,3
565649,815,19,11001188,1,16.9907367,15
565650,815,19,11001188,1,16.7208001,2
565656,26,10,11001140,3,28.1129253,8
565662,76,9,11001125,2,9.6429636,3
565679,58,5,11001117,2,20.7928454,12
565684,58,5,11001117,2,31.3100574,6
565700,76,9,11001125,3,15.9288114,5
565701,76,9,11001125,3,16.3690951,15
565703,76,9,11001125,3,12.0890506,6
565707,89,2,11001160,2,6.8580394,4
565722,81,8,11001128,2,23.5724108,3
565727,45,8,11001111,2,34.9428496,5
565731,57,5,11001129,2,71.8293348,4
565732,57,5,11001129,2,68.4773373,28
565736,57,5,11001129,2,59.5525581,3
565741,38,15,11001156,3,30.5559487,4
565744,38,15,11001156,3,27.6165329,5
565746,38,15,11001156,3,31.7881187,3
565751,811,5,11001184,1,25.6715311,15
565752,67,19,11001147,1,68.8583751,6
565753,67,19,11001147,1,55.8518816,6
565756,67,19,11001147,1,74.4034862,5
565765,39,18,11001155,3,29.9082649,2
565770,39,18,11001155,3,42.7613655,15
565771,39,18,11001155,3,45.8367373,3
565775,39,18,11001155,3,52.6386492,2
565776,39,18,11001155,3,39.7696748,8
565778,39,18,11001155,3,50.5801619,3
565790,98,12,11001142,3,24.8138255,8
565797,57,5,11001129,2,44.7335922,3
565805,25,11,11001196,3,23.1825433,4
565814,811,5,11001184,1,31.4908744,10
565820,811,5,11001184,1,35.7193272,3
565821,811,5,11001184,1,45.9039145,4
565834,809,16,11001182,1,8.6474462,3
565838,87,7,11001169,2,44.0541319,3
565840,87,7,11001169,2,49.5275205,8
565842,87,7,11001169,2,45.0317704,2
565847,87,7,11001169,2,39.1582521,10
565850,815,19,11001188,1,16.4323811,4
565854,815,19,11001188,1,13.4970484,3
565855,815,19,11001188,1,17.656394,10
565856,815,19,11001188,1,17.656394,15
565862,815,19,11001188,1,14.6868604,2
565864,815,19,11001188,1,14.1716553,2
565865,815,19,11001188,1,16.3810118,12
565880,81,8,11001128,2,38.187787,4
565882,81,8,11001128,2,30.2205745,6
565891,51,4,11001145,1,25.7757648,3
565892,51,4,11001145,1,28.3924508,3
565904,51,4,11001145,1,27.3577009,15
565905,51,4,11001145,1,25.2149886,8
565907,51,4,11001145,2,21.2434349,6
565909,51,4,11001145,2,19.0519487,4
565911,51,4,11001145,2,18.3732812,3
565915,51,4,11001145,2,24.2750033,6
565917,51,4,11001145,2,25.9560149,3
565919,51,4,11001145,2,25.3470789,3
565922,51,4,11001145,2,31.56317,8
565928,51,4,11001145,2,23.6199736,3
565931,51,4,11001145,2,21.1283694,3
565932,51,4,11001145,2,22.4024839,4
565936,51,4,11001145,1,25.4023013,3
565940,51,4,11001145,1,20.0502077,3
565942,51,4,11001145,1,30.7350771,8
565943,51,4,11001145,1,33.8058418,3
565946,51,4,11001145,1,31.3529612,12
565948,51,4,11001145,1,21.5676344,12
565955,51,4,11001145,2,21.6003703,4
565958,51,4,11001145,2,24.8577727,8
565980,51,4,11001145,2,30.6752904,3
565982,51,4,11001145,2,28.4811468,3
565995,51,4,11001145,2,24.3036409,8
565999,51,4,11001145,2,22.7933989,3
566000,51,4,11001145,1,25.1429063,4
566007,23,11,11001112,4,31.5253528,3
566044,54,18,11001148,2,23.2807246,3
566049,18,11,11001109,3,31.7837786,4
566051,82,8,11001153,2,41.1179768,3
566057,47,8,11001133,3,52.6278472,3
566062,804,1,11001177,3,14.5989624,10
568986,34,4,11001101,3,45.1320263,12
569955,38,15,11001156,3,27.3958353,3
574223,,,25758200,3,4.5079113,3
574225,,,25126100,4,27.3756548,3
574236,,,25758200,2,5.712505,8
574238,,,25758200,2,7.3449366,10
574239,,,25126100,4,28.6346998,6
574244,,,25126100,4,18.0781558,8
574247,,,25758200,2,5.8290867,4
574249,,,25126100,2,24.6070077,4
574253,,,25758200,1,3.3155814,3
574265,,,25126100,2,29.0556161,4
574287,,,25758200,2,4.0143627,4
574295,,,25214100,2,9.0215001,15
574297,,,25214100,2,11.4098167,5
574301,,,25758200,2,4.9941968,6
574302,,,25214100,2,11.3711479,4
574303,,,25758200,2,5.8366289,2
574304,,,25214100,2,8.650156,6
574311,,,25758200,2,5.712505,8
574313,,,25758200,2,5.8290867,8
574314,,,25126100,3,22.5450073,3
574315,,,25099100,2,4.8014716,6
574318,,,25099100,2,3.8960511,3
574320,,,25126100,3,22.7291289,6
574325,,,25758200,3,4.1736764,3
574329,,,25126100,4,19.9254036,12
574330,,,25099100,2,2.8238148,3
574332,,,25758200,0,4.0537455,8
574345,,,25214100,2,7.6222067,10
574355,,,25898100,2,1.2915869,2
574356,,,25099100,2,4.1042716,6
574359,,,25898100,2,1.2897144,3
574360,,,25099100,2,6.5798393,3
574364,,,25099100,2,6.9715173,4
574367,,,25898100,2,1.2815832,3
574373,,,25099100,2,2.2339443,3
574375,,,25898100,2,1.2815832,3
574378,,,25898100,2,1.2915869,2
574383,,,25126100,3,22.5450073,3
574385,,,25898100,1,1.2878419,4
574388,,,25126100,2,30.8363259,3
574391,,,25898100,1,1.3778243,5
574400,,,25898100,2,1.2815832,3
574401,,,25898100,1,1.2897144,3
574407,,,25898100,2,1.2897144,3
574408,,,25898100,1,1.3022318,10
574422,,,25898100,2,1.2815832,3
574431,,,25099100,2,4.2870839,3
574436,,,25099100,2,2.2434911,3
574438,,,25099100,2,3.1875098,3
574440,,,25099100,2,8.8577877,3
574443,,,25099100,2,5.4812557,3
574546,101,13,11001165,4,16.2042184,6
574584,94,17,11001134,2,4.6020797,8
574606,94,17,11001134,2,5.5078348,8
979783,,11,11001211,6,3.2059205,3
979786,,11,11001211,6,3.4250568,4
979807,,11,11001211,6,3.7030432,8
979810,,11,11001211,4,3.4041157,2
979831,,19,11001219,1,5.4511238,4
979837,,19,11001219,1,3.5122912,4
979895,,,25754200,2,2.0372835,3
979896,,,25754200,2,2.4850623,4
979897,,,25754200,2,2.7294638,8
979908,,,25754200,2,1.3250952,4
979909,,,25754200,2,2.8028932,8
979915,,,25286100,3,72.4050639,24
979931,,,25740100,2,9.8184195,3
979943,,,25286100,3,56.8732451,2
979949,,,25286100,3,39.3028325,4
979973,,,25430100,3,59.6099277,8
979978,,,25286100,3,77.7482545,4
979995,,,25430100,2,38.9865888,4
980008,,,25286100,1,36.2196956,4
980013,,,25286100,1,67.0578695,4
980014,,,25286100,3,30.8758767,5
980015,,,25286100,3,47.4442906,3
980019,,,25286100,2,29.1335921,3
980031,,,25898100,2,1.872166,3
980051,,,25126100,2,43.2655935,3
980075,,,25099100,2,4.0698984,2
980079,,,25740100,3,11.9343981,8
980080,,,25740100,3,16.7955845,3
980085,,,25473200,1,1.1996481,3
980089,,,25473200,1,1.4395777,3
980113,,,25286200,1,1.131677,2
980115,,,25286200,1,1.131677,6
980120,,,25740100,3,14.7085657,3
980123,,,25286200,2,1.131677,3
980130,,,25286200,2,1.131677,10
980131,,,25286200,2,1.131677,4
980136,,,25286200,2,1.131677,10
980138,,,25286200,2,1.131677,3
980141,,,25740100,2,16.2160128,8
980160,,,25899100,2,67.7184681,2
980163,,,25899100,2,65.6291548,10
980281,,,25758100,3,12.9328453,16
980282,,,25758100,2,12.4771978,12
980285,,,25754200,2,2.0339376,3
980287,,,25754200,2,3.459148,10
980288,,,25754200,2,3.2787032,5
980294,,,25099100,2,6.0107529,4
980299,,,25099100,2,3.127522,8
980306,,,25126100,3,45.5086961,10
980325,,,25286200,2,1.131677,3
980343,,,25769100,3,5.8480866,8
980584,,,25260100,2,7.7573332,4
980585,,,25260100,2,6.7497637,2
980590,,,25260100,1,10.447994,5
980599,,,25260100,2,12.9402186,3
980602,,,25377200,2,10.5827497,4
980605,,,25377200,2,7.9641054,4
980620,,,25377100,3,8.2615741,8
980621,,,25286100,2,61.6376484,3
980623,,,25286100,2,56.3829161,5
980625,,,25260100,2,6.1071496,4
980641,,,25295100,1,11.932505,4
980642,,,25295100,1,9.328459,18
980655,,,25377200,3,12.1959343,6
980663,,,25260100,2,6.2308445,2
980672,,,25377200,2,8.691065,3
980682,,,25260100,2,10.5739802,5
980698,,,25377200,2,11.7468012,24
980703,,,25260100,2,8.2875725,5
980704,,,25260100,2,16.2967485,6
980725,,,25260100,2,12.9402186,3
980736,,,25260100,1,8.094669,3
980753,,,25430100,2,74.9413582,4
980754,,,25430100,2,67.1754348,15
980756,,,25430100,4,51.4143278,8
980781,,,25295100,1,13.4451219,10
980782,,,25295100,1,9.3884695,4
980784,,,25214200,2,6.862584,4
980789,,,25769100,3,6.2584782,4
980791,,,25754200,2,3.469278,3
980792,,,25754200,2,2.6452537,2
980794,,,25754200,2,1.6158219,3
980796,,,25754200,2,2.4559383,10
980804,,,25214200,2,3.3785008,6
980811,,,25290100,3,65.3436266,5
980815,,,25260100,2,9.8303104,2
980817,,,25260100,2,12.9805233,8
980819,,,25260100,2,7.1611029,3
980820,,,25260100,2,7.2723025,3
981107,26,10,11001140,3,66.9176144,4
981111,70,19,11001132,1,22.6819012,10
981123,811,5,11001184,1,38.602567,8
981124,54,18,11001148,2,19.838051,6
981160,66,19,11001159,2,19.6742177,3
981161,66,19,11001159,2,25.621107,40
981163,45,8,11001111,2,46.7676745,8
981167,811,5,11001184,1,23.2422056,6
981171,76,9,11001125,2,10.1611654,4
981175,76,9,11001125,2,9.5783203,4
981176,76,9,11001125,2,11.7857485,10
981180,50,4,11001136,2,31.7813019,9
981182,50,4,11001136,2,28.1536868,3
981186,50,4,11001136,2,26.5491625,3
981187,39,18,11001155,3,43.9490788,8
981189,39,18,11001155,3,30.706977,8
981211,26,10,11001140,3,55.7314068,8
981217,42,6,11001172,3,73.0365286,4
981221,42,6,11001172,3,109.4371132,12
981234,811,5,11001184,1,36.4957623,8
981238,50,4,11001136,2,35.29096,5
981240,50,4,11001136,2,23.9651907,8
981241,50,4,11001136,2,45.9885044,10
981264,21,12,11001143,3,22.8582825,5
981268,806,11,11001179,3,28.7368597,8
981282,76,9,11001125,2,23.5020151,8
981331,114,9,11001150,3,17.8295784,2
981341,38,15,11001156,3,29.4024003,2
981342,38,15,11001156,3,34.0871255,10
981349,9,1,11001194,3,88.2313999,10
981350,9,1,11001194,3,36.5574377,3
981396,48,8,11001167,2,50.7443051,4
981408,82,8,11001153,2,44.724699,10
981411,84,7,11001107,2,74.893115,5
981417,11,1,11001158,3,20.1239875,3
981428,28,11,11001122,1,100.3778702,8
981438,11,1,11001158,3,53.7573967,4
981445,81,8,11001128,2,25.0404621,4
981449,78,8,11001168,2,16.944662,5
981453,84,7,11001107,2,64.1716332,4
981483,40,16,11001114,3,57.3175649,3
981489,78,8,11001168,2,17.9694651,18
981494,78,8,11001168,2,16.7626073,15
981495,78,8,11001168,2,20.2300201,3
981516,71,11,11001166,2,166.8920074,10
981518,71,11,11001166,3,158.1683952,8
981519,71,11,11001166,2,97.591807,3
981520,71,11,11001166,2,126.6980941,8
981522,33,4,11001163,3,17.6028667,6
981648,24,11,11001152,3,26.0940287,3
981662,65,19,11001104,2,24.0802111,7
981665,65,19,11001104,2,26.307409,2
981671,65,19,11001104,2,27.4822145,3
981672,65,19,11001104,2,17.5280833,12
981674,65,19,11001104,3,66.5662052,12
981675,65,19,11001104,1,29.4527587,12
981676,66,19,11001159,2,18.3146251,2
981677,65,19,11001104,2,35.5257018,5
981678,65,19,11001104,2,20.5924028,3
981679,65,19,11001104,2,38.3022078,7
981692,43,16,11001161,3,25.2848372,3
981694,43,16,11001161,3,47.3286841,3
981709,33,4,11001163,2,20.1096031,4
981716,89,2,11001160,2,5.6875086,5
981720,39,18,11001155,3,30.9916315,4
981724,33,4,11001163,2,18.9489492,8
981725,33,4,11001163,2,25.5417621,10
981726,33,4,11001163,2,20.746624,3
981733,87,7,11001169,1,38.2293296,10
981734,87,7,11001169,1,37.8566678,3
981745,18,11,11001109,3,50.1187706,3
981749,18,11,11001109,3,47.9247072,8
981865,89,2,11001160,2,6.9322456,3
981873,76,9,11001125,2,15.9462345,8
981878,39,18,11001155,3,39.5541709,8
981881,39,18,11001155,3,29.4170351,3
981888,80,8,11001118,2,15.6442802,8
981889,80,8,11001118,2,19.4978581,14
981890,80,8,11001118,2,20.0858648,4
981894,29,10,11001149,2,54.9432919,5
981905,72,10,11001105,3,38.8732081,10
981910,72,10,11001105,3,34.7591329,4
981912,72,10,11001105,3,47.2722379,3
981913,81,8,11001128,2,24.9564472,10
981917,54,18,11001148,2,87.6939557,6
981919,54,18,11001148,2,76.1661718,4
981920,54,18,11001148,2,26.1672967,3
981922,54,18,11001148,2,37.6108469,5
981927,87,7,11001169,1,35.1650402,2
981930,87,7,11001169,2,48.3547335,8
981935,43,16,11001161,3,24.9598368,10
981940,40,16,11001114,3,58.6042609,2
981944,54,18,11001148,2,71.4165017,8
981947,70,19,11001132,1,13.6294465,14
981950,70,19,11001132,1,27.1063742,3
981951,70,19,11001132,1,20.7225718,3
981961,811,5,11001184,2,25.4222406,3
981964,811,5,11001184,2,21.7387003,15
981965,811,5,11001184,2,26.4770922,4
981969,102,14,11001138,3,20.1353002,5
981970,102,14,11001138,3,9.2346749,3
981978,37,14,11001162,2,23.9717947,2
981984,47,8,11001133,3,39.5491382,5
981986,47,8,11001133,2,28.2147786,16
982002,87,7,11001169,2,47.2801838,4
982003,87,7,11001169,2,40.9379731,2
982020,55,18,11001119,1,45.5527863,8
982022,55,18,11001119,1,25.1089364,4
982025,81,8,11001128,2,16.415025,18
982052,84,7,11001107,2,64.9058218,3
982054,96,3,11001146,2,17.4530328,12
982056,96,3,11001146,2,26.0991705,8
982066,78,8,11001168,2,13.4782446,12
982071,33,4,11001163,3,23.8535636,8
982076,39,18,11001155,3,40.9192632,4
982080,39,18,11001155,3,31.0870909,3
982084,39,18,11001155,3,35.8603443,2
982089,65,19,11001104,3,33.7499238,3
982090,65,19,11001104,3,33.6165749,2
982109,49,7,11001103,3,13.4386603,3
982122,67,19,11001147,1,77.7715178,12
982123,82,8,11001153,2,56.2025306,4
982129,96,3,11001146,2,17.9451434,8
982132,96,3,11001146,1,19.2080598,10
982138,96,3,11001146,1,19.4332706,2
982139,96,3,11001146,1,18.8480391,5
982142,96,3,11001146,1,18.4824006,10
982143,33,4,11001163,3,22.6163016,4
982151,102,14,11001138,3,17.4598037,12
982154,48,8,11001167,2,84.0761813,8
982155,48,8,11001167,2,63.2356758,4
982165,48,8,11001167,2,62.9620751,8
982175,92,3,11001137,4,8.8999283,2
982190,116,10,11001197,3,10.2951044,3
982229,79,8,11001110,2,55.5135339,5
982235,39,18,11001155,3,43.2282937,8
982236,39,18,11001155,3,24.2233358,5
982247,19,11,11001121,4,45.3416332,8
982265,25,11,11001196,4,21.640457,2
982266,100,13,11001126,3,14.781513,3
982268,69,19,11001131,1,54.0862079,2
982283,69,19,11001131,2,94.5971617,10
982295,100,13,11001126,3,19.708684,3
982296,70,19,11001132,1,31.0959413,8
982305,70,19,11001132,1,25.0119665,8
982306,70,19,11001132,1,23.8524805,6
982309,70,19,11001132,1,23.0254452,28
982322,82,8,11001153,2,62.3191046,3
982331,55,18,11001119,2,33.6423037,4
982344,12,1,11001170,3,18.8008489,5
982356,87,7,11001169,1,34.6488367,6
982361,87,7,11001169,1,37.1552933,18
982365,87,7,11001169,1,38.3236205,4
982366,87,7,11001169,2,39.9367809,3
982368,87,7,11001169,1,28.5069202,4
982372,78,8,11001168,2,14.2170908,3
982373,54,18,11001148,2,49.9314081,3
982383,75,9,11001124,3,59.1535746,3
982389,87,7,11001169,2,58.8476492,8
982394,11,1,11001158,3,34.0058712,5
982396,87,7,11001169,2,48.698928,4
982399,87,7,11001169,2,56.6367107,4
982407,9,1,11001194,1,51.1951767,2
982408,9,1,11001194,1,52.5118591,3
982413,9,1,11001194,1,39.3079775,2
982415,9,1,11001194,1,71.2912386,21
982429,9,1,11001194,1,39.793461,15
982432,9,1,11001194,1,57.4855796,15
982438,811,5,11001184,1,28.814797,4
983307,811,5,11001184,1,30.8609618,3
983313,811,5,11001184,2,27.566619,3
983314,58,5,11001117,1,59.9446807,4
983316,58,5,11001117,1,42.4519244,21
983321,9,1,11001194,1,121.5429699,12
983323,9,1,11001194,1,49.5706515,2
983326,9,1,11001194,1,53.4148286,5
983327,9,1,11001194,1,44.4010393,10
983334,54,18,11001148,2,19.9303336,2
983337,9,1,11001194,1,45.1234107,8
983345,9,1,11001194,1,42.5143814,10
983347,9,1,11001194,1,52.5865681,10
983350,803,1,11001176,5,50.5923098,3
983359,33,4,11001163,2,25.0407235,4
983360,33,4,11001163,2,20.7031325,3
983361,33,4,11001163,2,28.5634576,8
983362,33,4,11001163,2,22.0891397,3
983367,33,4,11001163,2,22.1026529,4
983375,39,18,11001155,3,55.2774826,3
983381,78,8,11001168,2,15.7440324,3
983382,81,8,11001128,2,25.5790663,3
983387,87,7,11001169,1,45.0210662,3
983394,11,1,11001158,2,25.9439184,10
983404,11,1,11001158,2,25.2159468,4
983417,39,18,11001155,3,28.0971151,3
983419,39,18,11001155,3,31.0526466,3
983424,81,8,11001128,2,18.4774723,5
983431,58,5,11001117,1,43.7422305,10
983442,11,1,11001158,2,34.5050302,3
983445,11,1,11001158,2,32.2969812,4
983446,11,1,11001158,2,36.7303988,5
983453,76,9,11001125,2,8.5331968,4
983459,76,9,11001125,2,16.2551607,4
983460,14,1,11001193,5,18.6333246,8
983475,9,1,11001194,1,39.6892082,12
983480,14,1,11001193,5,36.4236054,8
983486,9,1,11001194,2,81.236163,4
983495,9,1,11001194,2,50.53822,8
983496,9,1,11001194,2,79.4893191,8
983497,82,8,11001153,2,41.4814586,4
983502,96,3,11001146,2,21.7316762,4
983503,96,3,11001146,2,25.6378627,4
983504,96,3,11001146,2,22.3399108,3
983509,96,3,11001146,2,14.8033733,2
983513,54,18,11001148,2,43.7681145,8
983514,54,18,11001148,2,56.4760795,3
983526,82,8,11001153,2,42.9252895,8
983528,82,8,11001153,2,37.1730644,2
983529,11,1,11001158,2,35.3558263,8
983530,804,1,11001177,2,14.2303052,2
983536,14,1,11001193,5,20.8110383,2
983539,33,4,11001163,3,16.7218755,4
983552,49,7,11001103,2,14.0155325,6
983553,49,7,11001103,3,11.1694982,4
983564,49,7,11001103,3,12.8365859,3
983611,78,8,11001168,2,12.2820037,4
983621,79,8,11001110,2,55.9400135,2
983625,58,5,11001117,2,29.2863459,5
983636,78,8,11001168,2,14.3793126,4
983642,101,13,11001165,3,16.8788376,3
983644,18,11,11001109,4,36.9590167,3
983651,78,8,11001168,2,16.9654966,5
983652,78,8,11001168,2,14.1050104,8
983665,49,7,11001103,3,12.7072561,5
983693,11,1,11001158,3,32.984983,4
983697,811,5,11001184,1,29.1854867,3
983720,811,5,11001184,1,36.8741992,3
983721,811,5,11001184,1,28.6988888,10
983722,811,5,11001184,1,31.8511271,10
984675,,,25214200,2,7.1274544,4
984705,,,25260100,3,8.1911243,3
984715,,,25817100,2,7.081311,5
984744,,,25377200,2,11.7956441,5
984756,,,25769100,3,4.9312213,3
984763,,,25377200,3,8.7446733,2
984765,,,25769100,3,6.3067329,3
984770,,,25286100,1,44.2163004,3
984771,,,25473100,2,115.201551,15
984772,,,25286100,3,37.7600672,3
984781,,,25740100,2,26.0067404,24
984784,,,25099100,2,10.7406213,8
984793,,,25898100,2,1.3905488,3
984794,,,25898100,1,1.3865363,10
984800,,,25099100,2,2.1892654,3
985384,,,25295100,2,7.8032286,4
985385,,,25295100,2,9.3748199,10
985392,,,25295100,2,5.0058797,2
985395,,,25754200,2,2.1343832,3
985401,,,25473100,3,76.5440449,8
985402,,,25754200,2,2.8398271,24
985403,,,25754200,2,2.781753,8
985408,,,25260100,2,7.6886083,5
985410,,,25260100,2,8.431532,3
985413,,,25754200,2,2.9388403,4
985418,,,25260100,2,8.2251862,2
985423,,,25769100,3,2.9387213,18
985424,,,25769100,2,6.0325271,3
985425,,,25769100,3,4.0953122,2
985430,,,25430100,2,52.4012629,5
985435,,,25473200,2,1.4395777,4
985438,,,25740100,2,14.1776965,10
985439,,,25740100,2,16.1794222,3
985440,,,25473200,2,1.4395777,36
985447,,,25754100,2,246.0837872,3
985456,,,25473200,1,1.4395777,2
985461,,,25473200,1,1.4395777,10
985462,,,25740100,3,14.4105955,4
985463,,,25740100,3,8.7782966,12
985464,,,25740100,3,12.3636791,4
985465,,,25740100,2,33.1523264,4
985468,,,25377200,2,9.5761356,2
985470,,,25377200,2,10.0558058,2
985473,,,25377200,2,12.6959278,15
985474,,,25899100,2,42.9476707,15
985482,,,25126100,2,34.5558277,6
985483,,,25126100,3,27.0971952,4
985484,,,25126100,2,33.8357531,4
985485,,,25377200,2,11.4816424,12
985487,,,25377200,2,9.6599303,4
985519,,,25754200,1,4.3705431,8
985531,,,25175200,1,11.2420286,4
985532,,,25175200,1,10.1214888,3
985535,,,25473100,1,55.8471155,5
985537,,,25473100,1,68.5089446,4
985806,,,25175200,2,13.1054153,8
985808,,,25175200,2,10.540805,3
985810,,,25175200,2,11.4741823,4
985811,,,25175200,2,14.8332427,12
985813,,,25175200,2,14.964732,5
985915,,,25430100,2,63.6315543,8
985921,,,25473100,1,69.1998628,4
985924,,,25175200,2,10.9003779,6
985928,,,25175200,2,16.2869453,18
985941,,,25473100,2,71.4340443,10
985942,,,25473100,2,70.9054347,3
985951,,,25785100,2,6.6132024,6
985953,,,25799100,2,7.4378675,15
985961,,,25175200,2,10.8764107,3
985967,,,25785100,3,7.6255287,5
985977,,,25099100,2,6.1646263,2
985984,,,25099100,2,6.7298517,8
985993,,,25099100,2,3.2819489,2
985996,,,25099100,2,3.1229819,2
985998,,,25099100,2,4.6735537,4
986002,,,25099100,2,6.1710163,4
986008,,,25175100,2,72.4405879,3
986012,,,25175200,2,12.8898768,12
986014,,,25175200,3,10.9687987,10
986015,,,25758100,3,11.0495311,2
986016,,,25377200,2,4.5333608,5
986019,,,25175200,2,12.4214293,2
986028,,,25214200,2,9.6466436,8
986032,,,25214200,2,8.5297106,21
986042,,,25799100,3,7.4425419,3
986043,,,25754200,1,3.5404129,8
986091,,,25754200,1,2.9177402,3
986096,,,25473100,2,102.0682872,8
986101,,,25269100,1,80.6673976,4
986103,,,25269100,1,53.8705996,6
986104,,,25269100,1,36.5559758,16
986108,,,25269100,1,58.7214592,3
986109,,,25269100,1,60.8107476,4
986110,,,25269100,1,29.5771886,3
986111,,,25269100,1,63.0007304,10
986112,,,25269100,1,62.4591118,6
986113,,,25740100,2,15.835951,6
986121,,,25214200,2,6.8920712,4
986122,,,25214200,2,7.1046005,6
986124,,,25214200,3,5.3921512,4
986125,,,25214200,2,7.4082404,5
986131,,,25754200,2,3.0533406,8
986132,,,25099100,2,6.6903525,4
986133,,,25099100,2,2.6062683,3
986137,,,25754200,2,1.7344118,8
986140,,,25799100,2,6.0863734,2
986158,,,25214200,2,7.1274544,8
986160,,,25214200,2,7.1274544,8
986169,,,25260100,2,5.7619773,10
986171,,,25260100,2,8.0299519,8
986178,,,25754200,2,3.0373993,2
986182,,,25817100,3,12.7767879,3
986183,,,25817100,3,4.0509847,7
986194,,,25799100,2,4.8323804,2
986219,,,25286100,2,51.0970632,3
986223,,,25286100,2,38.1764248,2
986225,,,25286100,2,44.1780577,8
986233,,,25286100,2,44.2163004,3
986237,,,25286100,3,48.6348581,4
986240,,,25286100,3,36.8217357,5
986241,,,25286100,2,52.6791999,6
986243,,,25286100,3,50.9519356,8
986244,,,25286100,2,61.1994297,4
986249,,,25286100,2,31.6563387,21
986250,,,25286100,2,44.2163004,3
986251,,,25286100,3,48.4128176,6
986254,,,25286100,3,40.9452597,4
986267,,,25175100,3,65.9855078,2
986283,,,25430100,3,51.6950188,4
986287,,,25214200,2,7.160365,10
986294,,,25799100,2,6.7250381,3
986296,,,25473100,2,100.6747564,15
986297,,,25769100,3,5.6597696,3
986302,,,25754200,1,4.3226437,10
986318,,,25430100,2,56.8978088,3
986324,,,25260100,3,16.5220415,3
986331,,,25430100,2,57.3505582,6
986338,,,25269100,4,79.1947655,4
986339,,,25269100,1,42.7391648,4
986346,,,25269100,1,65.6684528,2
986347,,,25269100,2,67.8039461,3
986349,,,25269100,1,59.5412609,2
986350,,,25473200,2,1.4395777,8
986352,,,25473200,2,1.4395777,2
986354,,,25473200,1,1.4395777,6
986359,,,25473200,1,1.4395777,10
986376,,,25473100,3,91.5286233,15
986387,,,25286100,3,42.6240831,8
986388,,,25473100,3,63.183627,6
986389,,,25769100,3,9.8011146,3
986391,,,25758100,3,12.8763805,8
986393,,,25758100,3,12.604394,5
986395,,,25769100,3,5.9090778,3
986396,,,25769100,3,5.1349006,8
986400,,,25758100,3,6.0368539,7
986401,,,25817100,2,7.0639111,5
986402,,,25817100,2,6.3012771,4
986404,,,25758100,3,10.6950634,6
986405,,,25758100,3,11.1798291,3
986410,,,25175100,3,57.6363425,3
986413,,,25175100,3,65.6385701,4
986424,,,25126100,2,40.8150642,4
986433,,,25473100,3,69.8194431,4
986444,,,25269100,2,101.7955382,15
986455,,,25269100,2,39.81502,4
986461,,,25269100,2,56.942021,3
986468,,,25269100,2,79.2739699,3
986472,,,25758200,2,7.8271346,3
986483,,,25740100,2,11.6174773,3
986492,,,25758200,2,4.157646,3
986499,,,25295100,2,9.2219974,4
986504,,,25286200,1,1.131677,2
986505,,,25286200,1,1.131677,8
986508,,,25286200,2,1.131677,8
986514,,,25286200,1,1.131677,12
986517,,,25286200,2,1.131677,5
986531,,,25899100,3,45.9686778,4
986540,,,25214100,2,14.8441094,4
986547,,,25899100,1,68.8651768,4
986563,,,25740100,3,11.3339767,6
986565,,,25740100,2,13.3434724,5
986574,,,25754200,1,3.4986194,4
986576,,,25754200,1,3.7225189,6
986579,,,25754200,1,2.6745952,3
986677,,,25175100,2,73.833279,3
986683,,,25785100,2,3.5873195,3
986699,,,25758100,3,10.3801738,2
986700,,,25758100,3,10.750448,10
986706,,,25799100,2,5.9700709,2
986708,,,25799100,3,8.4871237,3
986709,,,25799100,3,5.7126923,4
986713,,,25175100,2,75.7144704,8
986735,,,25754200,1,3.7518604,4
986737,,,25754200,1,3.4986194,8
986738,,,25754200,1,3.1916914,2
986751,,,25473100,2,78.0123984,4
986764,,,25754200,1,2.201438,4
986769,,,25175200,5,10.4093156,4
986770,,,25175200,1,14.7697401,10
986775,,,25175200,1,15.1849706,3
986778,,,25175200,1,11.7945841,3
986792,,,25799100,3,7.7854336,8
986798,,,25269100,1,55.3040939,3
986807,,,25175100,3,59.1897005,18
986809,,,25769100,2,5.3146221,8
986812,,,25175200,2,10.4449418,6
986814,,,25175200,2,9.0989511,6
986816,,,25175200,2,10.388008,12
986824,,,25175200,2,9.9845278,3
986829,,,25473100,2,78.5293514,4
986838,,,25740100,3,12.7180764,7
986840,,,25799100,2,8.1402802,3
986845,,,25740100,2,16.7808005,3
986846,,,25740100,2,11.1958333,4
987008,55,18,11001119,1,31.2986773,12
987009,54,18,11001148,2,79.0508544,45
987012,55,18,11001119,2,69.7408743,8
987014,55,18,11001119,1,32.1230624,8
987015,55,18,11001119,1,32.9412392,4
987019,54,18,11001148,2,26.732173,16
987106,55,18,11001119,2,31.3614052,5
987107,55,18,11001119,2,32.8734585,3
987110,47,8,11001133,3,39.9952491,3
987113,811,5,11001184,2,35.8008039,3
987194,32,4,11001157,1,56.4665141,4
987199,86,7,11001120,1,67.0299356,10
987201,70,19,11001132,1,41.3139214,8
987205,70,19,11001132,1,41.461255,4
987211,52,5,11001135,1,8.5303088,24
987221,66,19,11001159,2,31.2324613,15
987224,70,19,11001132,1,21.1454815,6
987227,70,19,11001132,1,23.4826832,3
987229,43,16,11001161,3,24.6250423,4
987238,43,16,11001161,3,24.583628,8
987240,70,19,11001132,1,33.1041444,6
987241,70,19,11001132,1,25.9312355,4
987242,70,19,11001132,1,26.5080326,3
987244,70,19,11001132,1,25.4212873,6
987246,70,19,11001132,1,32.0010815,12
987298,70,19,11001132,1,61.9955867,5
987311,40,16,11001114,3,102.129693,10
987316,40,16,11001114,3,58.996572,4
987326,75,9,11001124,2,58.1763563,8
987337,89,2,11001160,2,7.4574157,3
987342,45,8,11001111,3,37.1408189,3
987349,87,7,11001169,2,44.2532416,8
987350,87,7,11001169,2,44.4281833,4
987367,81,8,11001128,2,21.3001357,8
987372,82,8,11001153,2,43.4463901,6
987374,65,19,11001104,3,22.1116908,6
987381,32,4,11001157,2,63.0857062,15
987383,32,4,11001157,,73.3170234,24
987384,89,2,11001160,2,7.5948476,3
987386,50,4,11001136,2,42.9359327,12
987387,50,4,11001136,2,28.3204301,8
987389,50,4,11001136,2,28.9103499,14
987392,50,4,11001136,2,35.1004216,14
987394,50,4,11001136,2,27.8015842,2
987396,45,8,11001111,2,37.8779147,5
987399,89,2,11001160,2,8.3456364,10
987400,89,2,11001160,2,7.8889741,6
987402,50,4,11001136,2,41.0658983,4
987403,50,4,11001136,2,24.8720836,5
987408,9,1,11001194,3,22.742072,5
987412,50,4,11001136,2,30.6799133,15
987413,50,4,11001136,2,34.1815018,3
987422,54,18,11001148,2,22.4291115,2
987426,52,5,11001135,1,10.8185423,10
987427,52,5,11001135,1,10.7327325,3
987431,69,19,11001131,1,65.3836845,8
987438,18,11,11001109,3,32.1891062,4
987465,69,19,11001131,2,86.3633524,10
987484,33,4,11001163,2,21.7457785,8
987495,69,19,11001131,2,65.9432077,15
987499,78,8,11001168,2,18.6349555,3
987500,78,8,11001168,2,23.1461705,8
987503,78,8,11001168,2,15.5771154,3
987504,78,8,11001168,2,14.280459,3
987525,69,19,11001131,2,46.7367606,8
987529,82,8,11001153,2,40.9359679,3
987539,78,8,11001168,2,16.6108281,5
987542,78,8,11001168,2,16.8635547,6
987558,86,7,11001120,2,66.3596363,10
987565,86,7,11001120,2,54.8576072,5
987567,86,7,11001120,2,61.8132295,4
987569,86,7,11001120,2,53.3504154,3
987588,86,7,11001120,2,58.1250797,5
987592,86,7,11001120,2,66.5878938,6
987601,86,7,11001120,2,51.4304786,3
987602,86,7,11001120,2,67.0128498,8
987607,86,7,11001120,2,56.4917628,8
987608,86,7,11001120,2,48.1664981,2
987611,86,7,11001120,2,51.8078066,4
987616,33,4,11001163,2,25.3700749,8
987618,33,4,11001163,2,27.1822231,8
987619,11,1,11001158,3,23.8074212,2
987655,81,8,11001128,2,19.6768235,12
987657,81,8,11001128,2,19.7639603,3
987663,43,16,11001161,3,20.8296426,8
987664,43,16,11001161,3,19.903826,4
987666,43,16,11001161,3,35.4319453,3
987682,73,10,11001127,3,73.8440625,4
987687,116,10,11001197,3,4.6796042,5
987690,11,1,11001158,3,30.2377251,4
987718,79,8,11001110,3,49.2807163,5
987719,78,8,11001168,2,10.6215252,4
987723,33,4,11001163,3,24.849075,6
987724,33,4,11001163,3,23.0518045,3
987729,81,8,11001128,2,29.4523013,5
987731,76,9,11001125,3,20.1674101,3
987736,54,18,11001148,2,44.4024506,10
987737,54,18,11001148,2,51.8544411,5
987748,81,8,11001128,2,30.5502296,8
987749,811,5,11001184,1,46.4981759,3
987766,79,8,11001110,2,78.8577813,4
987767,79,8,11001110,2,65.9833247,4
987769,79,8,11001110,2,54.5950198,5
987778,100,13,11001126,3,21.8535295,2
987782,78,8,11001168,2,11.3881334,2
987785,78,8,11001168,2,14.6804362,5
987799,9,1,11001194,2,55.8504772,4
987806,92,3,11001137,3,8.6347533,8
987826,11,1,11001158,3,32.7738791,8
987827,79,8,11001110,2,59.9391541,3
987834,98,12,11001142,3,25.0797422,8
987841,79,8,11001110,2,43.0995552,8
987844,65,19,11001104,3,23.5016535,3
989960,38,15,11001156,3,30.9905857,5
989969,78,8,11001168,2,13.6467235,3
989972,78,8,11001168,2,14.4666196,5
989980,811,5,11001184,1,33.1427698,12
989981,45,8,11001111,3,42.5160677,8
990000,38,15,11001156,3,19.6935128,6
990001,38,15,11001156,3,24.6077576,4
990005,26,10,11001140,3,60.8204372,3
990007,26,10,11001140,3,54.8474241,4
990022,50,4,11001136,2,31.9882673,4
990023,50,4,11001136,2,33.5671759,10
990037,40,16,11001114,3,41.3421902,4
990038,40,16,11001114,3,42.3361066,3
990042,48,8,11001167,1,52.6765614,8
990043,48,8,11001167,1,45.9881532,8
990056,33,4,11001163,2,23.339952,3
990059,9,1,11001194,2,54.6626619,6
990063,803,1,11001176,6,30.583385,4
990065,47,8,11001133,3,34.6689245,4
990071,811,5,11001184,1,48.9181106,4
990076,811,5,11001184,0,44.9108639,4
990095,96,3,11001146,2,25.5048275,3
990100,48,8,11001167,1,39.0665103,8
990101,48,8,11001167,1,34.8681927,18
990102,48,8,11001167,1,37.4577937,10
990114,81,8,11001128,2,11.9053412,5
990139,100,13,11001126,3,14.5803861,4
990152,58,5,11001117,1,42.4114975,15
990164,24,11,11001152,,38.4828851,8
990165,24,11,11001152,2,59.9327601,3
990166,24,11,11001152,2,49.1348818,14
990174,21,12,11001143,3,16.5268669,105
990175,21,12,11001143,3,24.8386302,6
990176,21,12,11001143,3,21.0000447,5
990179,21,12,11001143,3,8.283148,4
990182,81,8,11001128,2,40.3690266,8
990188,95,3,11001139,2,6.8308161,10
990192,76,9,11001125,2,9.6238704,3
990202,92,3,11001137,3,6.5517399,4
990230,24,11,11001152,2,69.0061794,8
990242,20,11,11001195,5,19.8252722,4
990249,58,5,11001117,1,46.7599232,10
990251,20,11,11001195,5,24.5670235,5
990256,86,7,11001120,1,48.1350922,8
990257,86,7,11001120,1,61.8289325,3
990266,84,7,11001107,2,58.2248501,3
990269,52,5,11001135,1,6.032289,5
990271,102,14,11001138,3,23.8923608,12
990273,102,14,11001138,3,16.0057724,15
990274,102,14,11001138,3,10.379669,4
990275,102,14,11001138,3,20.5764044,3
990276,102,14,11001138,3,26.4231178,3
990277,102,14,11001138,3,17.816308,3
990282,40,16,11001114,3,46.5697554,10
990287,52,5,11001135,1,9.3102798,8
990289,52,5,11001135,1,10.3065041,15
990290,52,5,11001135,1,13.7049502,18
990292,52,5,11001135,1,10.4694132,3
990294,52,5,11001135,1,9.3102798,8
990298,52,5,11001135,1,6.8741782,18
990305,86,7,11001120,1,66.1164164,8
990308,86,7,11001120,1,61.8289325,3
990309,86,7,11001120,1,61.1757189,8
990310,58,5,11001117,1,29.6909528,3
990324,57,5,11001129,2,72.4175112,3
990325,57,5,11001129,2,53.1379948,6
990339,815,19,11001188,1,37.4561183,18
990340,815,19,11001188,1,24.2250517,2
990343,81,8,11001128,2,20.593031,2
990350,12,1,11001170,3,23.0287154,4
990356,57,5,11001129,2,32.8216298,3
990359,57,5,11001129,2,57.5850231,4
990362,57,5,11001129,2,48.5846826,3
990371,40,16,11001114,3,67.1941735,3
990401,811,5,11001184,2,29.6665844,7
990408,811,5,11001184,1,27.4434481,3
990409,811,5,11001184,2,36.1758209,4
990411,811,5,11001184,1,35.4710706,5
990413,811,5,11001184,1,59.4456444,5
990428,815,19,11001188,1,33.9126045,18
990429,815,19,11001188,1,34.5577594,8
990446,66,19,11001159,2,21.9604678,3
990447,66,19,11001159,2,17.7067034,6
990456,34,4,11001101,2,51.8740939,15
990458,32,4,11001157,1,51.2211378,15
990460,32,4,11001157,1,39.8231842,15
990462,32,4,11001157,2,51.7370848,3
990463,32,4,11001157,2,66.0955575,15
990467,32,4,11001157,2,41.7317418,4
990469,32,4,11001157,2,55.8381938,12
990471,32,4,11001157,2,46.6031071,3
990472,32,4,11001157,2,33.0088223,3
990486,107,13,11001154,4,28.9819477,3
990495,87,7,11001169,2,43.1075182,12
990497,87,7,11001169,2,45.6137606,5
990498,87,7,11001169,2,41.4123426,4
990499,87,7,11001169,2,47.6661156,5
990500,87,7,11001169,2,50.8584514,3
990503,87,7,11001169,2,44.0541319,3
990504,87,7,11001169,2,35.9431028,3
990505,87,7,11001169,2,42.1559825,4
990506,87,7,11001169,2,50.4043581,3
990510,87,7,11001169,2,54.1449029,3
990513,87,7,11001169,2,46.7435274,5
990519,32,4,11001157,1,53.1684619,16
990521,815,19,11001188,1,29.3435376,8
990524,78,8,11001168,2,16.6387342,6
990538,32,4,11001157,2,45.1876541,14
990539,32,4,11001157,2,55.9892302,18
990541,32,4,11001157,2,57.62378,5
990546,67,19,11001147,1,82.3591982,5
990558,67,19,11001147,1,91.146957,2
990563,815,19,11001188,1,16.4410996,14
990564,815,19,11001188,1,17.8923632,8
990566,815,19,11001188,1,21.8217436,3
990575,78,8,11001168,2,18.1880403,8
990577,80,8,11001118,2,14.5254087,4
990587,815,19,11001188,1,17.3524314,3
990588,815,19,11001188,1,19.892277,10
990590,89,2,11001160,2,6.3762543,5
990596,815,19,11001188,1,18.9202034,3
990597,815,19,11001188,1,22.08184,10
990598,815,19,11001188,1,12.6045879,10
990599,815,19,11001188,1,16.5339684,4
990603,80,8,11001118,2,18.1781567,4
990606,80,8,11001118,2,14.0852448,4
990608,80,8,11001118,2,11.8898923,3
990611,89,2,11001160,2,7.1534501,8
990619,95,3,11001139,2,12.7842767,6
990627,47,8,11001133,3,48.5158924,10
990631,47,8,11001133,3,18.7488624,7
990646,54,18,11001148,2,26.1672967,2
992942,54,18,11001148,2,24.1544277,6
992945,54,18,11001148,2,67.5202445,3
992961,67,19,11001147,1,73.9326228,3
992964,67,19,11001147,1,68.9156679,14
992966,67,19,11001147,1,65.7178869,3
992976,72,10,11001105,3,49.0459122,10
992978,54,18,11001148,2,30.6962531,2
992990,66,19,11001159,2,19.9691786,8
993011,78,8,11001168,2,15.1042533,3
993016,40,16,11001114,3,61.1691069,4
993022,95,3,11001139,2,7.8381094,6
993026,21,12,11001143,3,13.0258816,5
993029,95,3,11001139,2,7.0769328,2
993038,82,8,11001153,2,35.368194,6
993041,96,3,11001146,2,25.7195191,7
993043,82,8,11001153,2,40.1150349,3
993044,82,8,11001153,2,37.8303264,3
993049,78,8,11001168,2,15.4582585,3
993050,78,8,11001168,2,15.2262724,15
993051,78,8,11001168,2,12.9996535,3
993052,78,8,11001168,2,19.487186,8
993056,66,19,11001159,2,47.6572652,3
993058,66,19,11001159,2,34.4914467,8
993059,66,19,11001159,2,22.9411963,6
993060,66,19,11001159,2,37.6861473,4
993061,66,19,11001159,2,24.6532088,12
993062,66,19,11001159,2,36.9650873,24
993063,66,19,11001159,2,28.8688133,6
993064,66,19,11001159,2,32.5585212,4
993065,65,19,11001104,2,25.4403999,6
993067,9,1,11001194,2,70.6344361,2
993076,9,1,11001194,2,70.371556,4
993080,32,4,11001157,1,62.6474796,7
993084,9,1,11001194,1,39.6003115,2
993096,78,8,11001168,2,18.1249334,10
993104,96,3,11001146,2,19.5153988,4
993107,75,9,11001124,2,60.896403,8
993125,50,4,11001136,2,25.6513758,2
993126,50,4,11001136,2,36.2929757,10
993128,50,4,11001136,2,35.7654983,8
993140,14,1,11001193,5,18.5350964,10
993141,803,1,11001176,5,31.1249523,3
993156,43,16,11001161,3,28.1969432,8
993182,72,10,11001105,3,39.608548,4
993198,98,12,11001142,3,23.5591224,14
993210,39,18,11001155,3,26.4186358,3
993217,55,18,11001119,2,37.8482531,2
993220,55,18,11001119,2,39.778568,3
993222,55,18,11001119,2,38.4777238,8
993227,55,18,11001119,2,33.9675746,3
993230,86,7,11001120,1,94.1201382,2
993233,86,7,11001120,1,107.8936842,8
993236,86,7,11001120,1,109.0180414,4
993237,86,7,11001120,1,99.6327385,8
993238,86,7,11001120,1,110.1423987,4
993243,87,7,11001169,2,44.2716404,6
993244,87,7,11001169,2,38.0376766,12
993245,87,7,11001169,2,40.3892575,8
993250,55,18,11001119,2,36.259207,3
993263,55,18,11001119,2,31.6456822,12
993268,33,4,11001163,3,20.343807,5
993276,807,12,11001180,3,20.0541268,3
993280,807,12,11001180,3,24.6925547,5
993286,65,19,11001104,1,14.5890548,3
993287,65,19,11001104,1,26.2535803,4
993299,54,18,11001148,2,23.0467543,2
993314,85,7,11001106,2,119.6074892,10
993315,85,7,11001106,2,86.075959,6
993317,84,7,11001107,2,63.2895386,6
993327,80,8,11001118,2,19.711202,3
993328,80,8,11001118,2,22.7774516,18
993330,80,8,11001118,2,12.8090865,2
993336,78,8,11001168,2,18.7428957,3
993339,58,5,11001117,2,56.3877462,8
993342,58,5,11001117,2,44.7113501,12
993343,84,7,11001107,2,72.3532683,10
993344,84,7,11001107,2,88.6410737,3
993345,84,7,11001107,2,88.8434305,3
993350,78,8,11001168,3,21.0419732,8
993387,101,13,11001165,4,10.5148041,3
993399,18,11,11001109,3,46.3762774,4
993405,114,9,11001150,3,16.4528881,4
993410,114,9,11001150,3,16.7401662,8
993414,813,9,11001186,4,12.3821635,15
993415,813,9,11001186,4,10.3459463,2
993418,65,19,11001104,3,27.4519877,6
993420,65,19,11001104,3,22.3885078,4
993425,34,4,11001101,2,26.4433658,16
993428,34,4,11001101,2,23.1007805,3
993429,34,4,11001101,2,29.6046296,14
993436,34,4,11001101,2,26.1750611,4
993445,34,4,11001101,2,41.8111137,2
993449,813,9,11001186,4,11.5556713,2
993462,82,8,11001153,2,39.105832,5
993465,40,16,11001114,3,51.7070867,8
993466,54,18,11001148,2,22.4291115,2
993468,54,18,11001148,2,23.2913623,12
993471,82,8,11001153,2,41.1179768,3
993472,82,8,11001153,2,42.454415,4
993473,82,8,11001153,2,35.9825552,5
993476,45,8,11001111,3,36.3591725,3
993480,65,19,11001104,2,33.7474198,12
993482,65,19,11001104,2,35.7637246,8
993483,65,19,11001104,2,22.415146,18
993486,65,19,11001104,2,27.9716204,4
993491,84,7,11001107,2,80.0539649,10
993492,37,14,11001162,3,27.5354998,3
993499,37,14,11001162,3,31.0594479,3
993509,82,8,11001153,2,39.9039102,10
993510,82,8,11001153,2,31.1205504,4
993518,82,8,11001153,2,37.7587606,8
993900,82,8,11001153,2,42.4650482,8
993902,82,8,11001153,2,38.5293475,8
993904,82,8,11001153,2,33.7270132,4
993908,70,19,11001132,1,22.5933335,4
993909,70,19,11001132,1,36.8544489,4
993910,70,19,11001132,1,31.1286324,12
993912,812,5,11001185,1,31.0259718,8
993916,812,5,11001185,1,25.8201797,6
993920,812,5,11001185,2,21.0185603,3
993928,43,16,11001161,3,35.1376046,4
993933,43,16,11001161,3,25.3761908,18
993935,43,16,11001161,3,22.313211,8
993936,43,16,11001161,3,31.2160594,10
993939,43,16,11001161,3,29.8341837,4
993940,45,8,11001111,3,29.4479945,4
993942,45,8,11001111,3,27.9154865,8
993944,70,19,11001132,1,37.8416497,6
993945,86,7,11001120,1,87.8548414,6
993946,84,7,11001107,2,69.6009002,2
993948,84,7,11001107,2,77.0806561,8
993955,66,19,11001159,1,34.223247,6
993956,9,1,11001194,2,52.1817914,3
993958,28,11,11001122,3,100.3499344,5
993971,96,3,11001146,2,13.6301304,4
993972,96,3,11001146,2,18.1856543,2
993973,96,3,11001146,2,16.962459,10
993978,98,12,11001142,3,21.3995381,6
993982,82,8,11001153,2,36.1893698,4
993996,33,4,11001163,3,25.93328,3
994003,33,4,11001163,3,16.7302897,6
994004,33,4,11001163,3,24.7355204,2
994008,27,11,11001164,3,67.6974792,3
994011,27,11,11001164,3,61.5431629,3
994022,27,11,11001164,2,62.4198491,3
994024,27,11,11001164,2,75.7857908,2
994034,58,5,11001117,2,15.660175,3
994036,58,5,11001117,2,20.5717256,2
994038,58,5,11001117,2,20.5717256,2
994041,62,6,11001171,2,11.9372663,3
994042,62,6,11001171,2,18.3438036,4
994053,52,5,11001135,1,10.2112583,2
994058,21,12,11001143,3,16.8856274,8
994059,21,12,11001143,3,20.5873067,4
994061,21,12,11001143,3,15.1159982,3
994069,21,12,11001143,3,28.2729918,8
994075,40,16,11001114,3,54.0781018,4
994080,24,11,11001152,5,29.7362254,3
994086,54,18,11001148,2,49.7819782,5
994088,54,18,11001148,2,29.9619299,4
994089,54,18,11001148,2,28.9421815,2
994090,54,18,11001148,2,71.8177741,2
994091,54,18,11001148,2,21.738985,2
994094,24,11,11001152,4,32.3560947,8
994095,24,11,11001152,3,44.520704,4
994096,66,19,11001159,2,25.4844092,3
994107,66,19,11001159,2,40.3853862,3
994108,66,19,11001159,2,27.4137074,4
994112,34,4,11001101,2,25.2049195,5
994118,34,4,11001101,2,16.8227946,7
994129,34,4,11001101,2,29.807954,4
994135,34,4,11001101,2,31.9332228,2
994150,81,8,11001128,2,19.9274834,5
994157,48,8,11001167,2,57.2381054,3
994159,79,8,11001110,2,49.5265085,5
994161,79,8,11001110,2,54.9115431,4
994163,79,8,11001110,2,87.9732145,5
994169,48,8,11001167,2,66.1826237,12
994188,85,7,11001106,2,72.5740175,4
994191,84,7,11001107,2,68.9943352,10
994192,84,7,11001107,2,88.0674399,4
994205,45,8,11001111,2,39.0604101,3
994219,95,3,11001139,2,6.6267743,3
994229,101,13,11001165,4,17.2727487,4
994252,11,1,11001158,3,20.7105163,2
994253,11,1,11001158,3,23.8816162,12
994263,79,8,11001110,2,71.8692047,4
994265,79,8,11001110,2,66.5128618,5
994267,79,8,11001110,2,68.112931,4
994271,11,1,11001158,3,22.8090454,2
994279,84,7,11001107,2,55.5825791,12
994281,85,7,11001106,2,97.4886458,3
994282,85,7,11001106,2,123.5410709,4
994283,85,7,11001106,2,132.2334991,6
994301,78,8,11001168,2,13.2018639,5
994304,40,16,11001114,3,36.3778636,4
994335,70,19,11001132,1,28.1788826,8
994338,11,1,11001158,3,37.9342789,4
994343,87,7,11001169,2,55.1959855,5
994347,87,7,11001169,2,49.9658219,4
994351,44,8,11001102,2,29.0127014,6
994362,43,16,11001161,3,42.8090577,3
994393,87,7,11001169,2,40.5285934,2
994394,87,7,11001169,2,36.312038,15
994395,87,7,11001169,2,42.1559825,4
994420,70,19,11001132,1,24.6217929,6
994426,48,8,11001167,3,63.9853761,3
994433,48,8,11001167,2,57.1848469,4
994436,45,8,11001111,3,28.2385185,2
994443,86,7,11001120,1,61.8132295,8
994444,86,7,11001120,1,61.691383,4
994445,86,7,11001120,1,61.0381695,5
994447,86,7,11001120,1,56.3350806,6
994464,806,11,11001179,3,32.4304488,8
994470,86,7,11001120,1,108.9397164,4
994471,86,7,11001120,1,75.3246285,7
994477,86,7,11001120,1,53.6407733,18
994479,94,17,11001134,3,6.6487424,3
994491,101,13,11001165,4,19.5735193,3
994499,62,6,11001171,2,9.7612592,3
994509,96,3,11001146,2,19.0944864,5
994511,86,7,11001120,1,80.2513252,6
994517,27,11,11001164,3,68.5609413,4
994522,27,11,11001164,2,73.1530658,5
994546,40,16,11001114,3,47.2201237,5
994556,82,8,11001153,2,21.8043521,10
994559,55,18,11001119,1,29.4447176,3
994560,21,12,11001143,3,11.5294761,3
994563,21,12,11001143,3,21.387826,4
994569,82,8,11001153,2,39.5919264,8
994573,54,18,11001148,2,83.7140397,8
994582,70,19,11001132,1,29.3778643,15
994583,70,19,11001132,1,27.1063742,3
994589,86,7,11001120,2,59.1209087,4
994590,86,7,11001120,1,47.5132846,6
994593,95,3,11001139,2,6.1211371,8
994594,95,3,11001139,2,9.1001486,12
994619,72,10,11001105,3,38.8732081,10
994626,54,18,11001148,3,43.7681145,8
994630,54,18,11001148,3,24.8863801,8
994637,70,19,11001132,1,35.2030834,3
994638,70,19,11001132,1,25.4647265,6
994639,70,19,11001132,1,27.0849132,4
994644,58,5,11001117,1,52.2557995,6
994645,58,5,11001117,1,59.5352138,14
994661,92,3,11001137,2,6.9520827,3
994670,79,8,11001110,2,55.7553954,4
994688,96,3,11001146,2,15.2293467,6
994693,70,19,11001132,1,29.1771228,15
994705,45,8,11001111,3,29.1890787,20
994706,45,8,11001111,3,28.1218695,6
994716,79,8,11001110,2,74.3366925,8
994734,9,1,11001194,,33.6850102,8
994741,33,4,11001163,3,24.1619761,8
994746,809,16,11001182,3,6.6651275,5
994752,45,8,11001111,3,39.7006089,4
994755,11,1,11001158,3,28.7416059,3
994766,66,19,11001159,1,28.6141226,8
994769,48,8,11001167,2,60.3140358,2
994772,11,1,11001158,2,33.1531289,5
994776,48,8,11001167,1,41.9637338,2
994785,9,1,11001194,2,124.3271743,4
994787,47,8,11001133,3,40.9500269,4
994793,70,19,11001132,1,38.2453252,3
994800,77,9,11001173,2,33.0653074,6
994805,9,1,11001194,2,52.7269254,4
994816,77,9,11001173,2,35.0553551,4
994821,9,1,11001194,2,46.5720703,8
994831,66,19,11001159,2,32.8008683,5
994838,66,19,11001159,2,28.6141226,8
994845,81,8,11001128,2,26.3400312,4
994849,78,8,11001168,2,16.8175371,8
994853,50,4,11001136,2,40.0069678,3
994855,50,4,11001136,2,28.7191077,3
994856,50,4,11001136,2,44.2721128,4
994857,50,4,11001136,2,39.4178655,4
994858,78,8,11001168,2,14.1050104,8
994862,78,8,11001168,2,13.6466708,4
994863,78,8,11001168,2,14.9748608,3
994865,78,8,11001168,2,16.3669048,10
994878,100,13,11001126,3,32.2211471,3
994887,54,18,11001148,2,67.9270602,5
994902,82,8,11001153,2,66.8060093,3
994904,43,16,11001161,3,29.2864812,4
994925,114,9,11001150,4,23.1129163,8
994926,26,10,11001140,3,43.0902371,4
994935,48,8,11001167,3,62.3044005,2
994950,100,13,11001126,3,12.8205733,4
994954,65,19,11001104,3,21.5981693,4
994975,808,13,11001181,5,17.7936561,3
994994,83,8,11001141,2,9.4960451,5
994999,33,4,11001163,3,30.6782596,8
995004,83,8,11001141,2,14.940566,12
995028,83,8,11001141,2,12.8010198,5
995034,102,14,11001138,2,21.2120664,10
995043,58,5,11001117,2,27.4213018,5
995044,58,5,11001117,2,24.2594263,6
995045,58,5,11001117,2,28.7814551,3
995046,58,5,11001117,2,25.1514443,6
995049,58,5,11001117,2,27.8894371,3
995054,83,8,11001141,2,10.1083377,5
995055,83,8,11001141,2,14.0811218,5
995061,85,7,11001106,2,81.6759829,10
995064,85,7,11001106,2,139.8695309,3
995072,85,7,11001106,2,87.7664779,3
995073,85,7,11001106,2,105.8826081,3
995077,85,7,11001106,2,69.23535,3
995084,85,7,11001106,2,74.4143297,20
995089,85,7,11001106,2,74.6301921,6
995093,85,7,11001106,2,72.3962087,10
995094,48,8,11001167,3,54.0371492,8
995099,48,8,11001167,3,59.5240359,3
995107,26,10,11001140,3,53.35483,3
995110,26,10,11001140,3,55.8441129,6
995114,75,9,11001124,2,68.6229148,4
995116,96,3,11001146,2,24.8550927,4
995121,102,14,11001138,2,35.9876151,3
995139,66,19,11001159,1,32.1494916,12
995142,58,5,11001117,2,39.9470299,8
995148,58,5,11001117,1,57.0983018,14
995150,18,11,11001109,4,34.7540967,4
995158,12,1,11001170,3,23.4006734,5
995161,55,18,11001119,2,36.232779,4
995162,55,18,11001119,2,41.5089469,15
995163,55,18,11001119,2,29.6119571,2
995170,81,8,11001128,2,20.8320878,2
995174,37,14,11001162,3,19.5963821,10
995175,98,12,11001142,3,17.0487898,4
995178,803,1,11001176,5,34.9786519,5
995194,37,14,11001162,3,11.5304786,2
995197,96,3,11001146,2,26.9533173,3
995198,37,14,11001162,3,22.7795632,2
995223,80,8,11001118,2,20.7382314,4
995241,70,19,11001132,1,35.2030834,3
995243,70,19,11001132,1,35.9903598,8
995246,70,19,11001132,1,35.3701194,8
995250,70,19,11001132,1,22.5128961,8
995254,37,14,11001162,3,18.8335265,3
995257,48,8,11001167,3,67.260945,8
995259,48,8,11001167,3,73.8044415,5
995272,81,8,11001128,2,44.5250366,10
995283,69,19,11001131,1,91.6296355,4
995286,69,19,11001131,1,95.4233368,4
995287,69,19,11001131,1,127.6696535,5
995290,69,19,11001131,1,59.9607775,4
995291,80,8,11001118,2,13.5442331,12
995295,80,8,11001118,2,14.0852448,4
995298,79,8,11001110,2,61.9081356,10
995301,79,8,11001110,2,75.6810344,4
995305,81,8,11001128,2,33.0886322,8
995307,79,8,11001110,2,80.6258096,3
995316,79,8,11001110,2,53.5965353,4
995322,70,19,11001132,1,23.9468059,6
995326,70,19,11001132,1,39.4558031,2
995327,70,19,11001132,1,50.1396162,8
995330,70,19,11001132,1,35.9819382,15
995343,70,19,11001132,1,24.7945974,3
995348,70,19,11001132,1,26.1037573,2
995359,69,19,11001131,1,51.7806647,10
995362,69,19,11001131,1,95.5318592,6
995363,69,19,11001131,1,93.094847,3
995367,69,19,11001131,1,112.8669373,2
995368,69,19,11001131,1,197.9160158,10
995370,69,19,11001131,1,73.6853725,4
995376,69,19,11001131,1,104.0315592,5
995377,69,19,11001131,1,62.7281219,5
995380,69,19,11001131,1,75.4645447,2
995381,69,19,11001131,1,163.4732319,3
995388,83,8,11001141,2,15.342,5
995406,57,5,11001129,2,44.1926134,3
995407,57,5,11001129,2,51.0173489,8
995413,83,8,11001141,2,11.9334068,5
995415,83,8,11001141,2,6.7252104,4
995420,83,8,11001141,2,15.5794813,15
995429,44,8,11001102,3,40.4885621,10
995430,47,8,11001133,3,34.3623658,3
995445,82,8,11001153,2,49.1857752,30
995457,70,19,11001132,1,44.197364,4
995459,70,19,11001132,1,39.4558031,2
995460,76,9,11001125,3,10.077369,4
995471,80,8,11001118,2,14.5580216,10
995477,67,19,11001147,1,68.4026972,10
995483,67,19,11001147,1,64.9645688,10
995498,67,19,11001147,2,43.3316635,12
995504,54,18,11001148,2,55.291823,4
995507,82,8,11001153,2,36.9124858,4
995510,82,8,11001153,2,49.0373514,4
995512,45,8,11001111,3,31.8263658,2
995515,82,8,11001153,2,41.1179768,3
995518,54,18,11001148,2,58.1368061,10
995519,54,18,11001148,2,52.854227,4
995521,67,19,11001147,1,61.381141,10
995524,70,19,11001132,1,26.1037573,2
995528,87,7,11001169,2,31.1673139,4
995529,87,7,11001169,2,42.5521654,4
995538,87,7,11001169,2,52.1657271,4
995539,87,7,11001169,2,40.2965717,3
995540,815,19,11001188,1,30.095936,4
995542,89,2,11001160,2,6.8641819,6
995543,89,2,11001160,2,8.1977284,6
995546,89,2,11001160,2,5.4164095,4
995547,89,2,11001160,1,7.5948476,3
995548,89,2,11001160,1,6.441721,10
995551,89,2,11001160,2,11.4155567,10
995562,21,12,11001143,3,18.0362372,2
995567,47,8,11001133,3,50.5894366,2
995832,62,6,11001171,2,13.5943144,2
995833,62,6,11001171,2,11.9372663,6
995834,82,8,11001153,2,52.4642428,4
995838,82,8,11001153,2,40.8856152,4
995839,82,8,11001153,2,27.1288075,3
995847,21,12,11001143,3,7.7672902,12
995852,21,12,11001143,3,12.6929684,10
995866,18,11,11001109,4,31.5774229,4
995875,40,16,11001114,3,39.1067172,8
995880,62,6,11001171,2,17.5225795,2
995885,92,3,11001137,4,9.4217619,2
995895,89,2,11001160,2,3.9391316,5
995899,89,2,11001160,1,7.1751239,2
995900,89,2,11001160,2,7.0029789,5
995902,89,2,11001160,2,6.103276,3
995907,40,16,11001114,3,37.6852425,3
995909,804,1,11001177,3,17.9290088,2
995914,81,8,11001128,2,29.4340862,8
995925,87,7,11001169,2,33.5865547,3
995928,87,7,11001169,2,45.9646961,3
995932,87,7,11001169,2,38.6815442,2
995933,87,7,11001169,2,41.7911936,5
995937,87,7,11001169,2,47.8711861,4
995940,87,7,11001169,2,42.1559825,8
995941,87,7,11001169,2,53.6693979,8
995949,81,8,11001128,2,28.7511156,3
995953,81,8,11001128,2,34.9145481,8
995957,78,8,11001168,2,17.4723766,21
995960,80,8,11001118,2,21.3780682,10
995961,80,8,11001118,2,31.8108091,12
995974,53,18,11001191,2,15.5573916,2
995979,53,18,11001191,2,27.0121121,8
995983,70,19,11001132,1,31.5056074,12
995996,70,19,11001132,1,37.3126624,2
995998,82,8,11001153,2,48.3122563,5
996000,53,18,11001191,2,28.3279094,8
996004,53,18,11001191,2,25.3049172,8
996007,53,18,11001191,2,17.1163564,3
996011,815,19,11001188,1,30.4262587,12
996012,815,19,11001188,1,27.8878976,6
996016,67,19,11001147,1,80.2046939,15
996017,67,19,11001147,1,73.1079543,8
996022,82,8,11001153,2,42.55121,3
996028,812,5,11001185,1,34.2726041,8
996029,45,8,11001111,3,35.5951771,3
996030,45,8,11001111,3,39.7006089,4
996035,70,19,11001132,1,24.3077045,12
996039,73,10,11001127,3,73.4486343,12
996040,116,10,11001197,3,9.6710701,4
996041,70,19,11001132,1,22.7699574,6
996042,70,19,11001132,1,40.3079525,4
996047,102,14,11001138,2,13.0081637,6
996050,102,14,11001138,3,26.4144276,2
996053,102,14,11001138,2,34.5347766,15
996056,102,14,11001138,2,19.9811119,8
996057,811,5,11001184,1,44.2298796,33
996081,812,5,11001185,2,22.4872956,7
996082,812,5,11001185,2,20.6063606,2
996085,812,5,11001185,2,22.6119159,15
996087,812,5,11001185,1,37.2676546,21
996102,85,7,11001106,2,107.9578409,8
996106,85,7,11001106,2,114.4549897,4
996109,85,7,11001106,2,69.7317146,3
996118,85,7,11001106,2,97.5600944,8
996119,85,7,11001106,2,111.5578697,4
996122,85,7,11001106,2,92.7412617,6
996126,85,7,11001106,2,90.3327268,4
996128,85,7,11001106,2,113.9645105,4
996137,85,7,11001106,2,101.6153608,10
996147,96,3,11001146,2,12.1053673,8
996150,96,3,11001146,2,18.9709063,8
996154,96,3,11001146,2,11.4926656,2
996181,96,3,11001146,,12.9730208,12
996182,96,3,11001146,,13.8153814,12
996183,96,3,11001146,2,17.7238184,4
996186,96,3,11001146,2,17.0738157,8
996191,96,3,11001146,2,13.7970228,8
996192,96,3,11001146,2,15.3061197,3
996202,42,6,11001172,3,55.5871007,2
996206,42,6,11001172,3,85.6687059,4
996216,21,12,11001143,4,8.6303225,5
996226,76,9,11001125,2,8.5331968,4
996233,73,10,11001127,3,76.0041584,2
996249,811,5,11001184,1,41.5830358,4
996252,811,5,11001184,1,29.7143071,3
996253,811,5,11001184,1,24.1529775,6
996254,811,5,11001184,1,20.7425942,12
996261,84,7,11001107,2,87.3372751,6
996262,84,7,11001107,2,44.1429175,15
996264,85,7,11001106,2,71.287776,4
996265,85,7,11001106,2,93.3614336,3
996271,87,7,11001169,1,64.942969,5
996274,87,7,11001169,1,64.6403345,4
996275,84,7,11001107,2,78.6694573,8
996279,85,7,11001106,1,90.5739062,8
996283,87,7,11001169,2,58.5499757,8
996287,87,7,11001169,2,59.7720239,3
996288,87,7,11001169,2,49.5609497,14
996290,87,7,11001169,2,55.1882314,2
996292,84,7,11001107,2,110.6969061,8
996293,84,7,11001107,2,90.3484067,6
996295,84,7,11001107,2,125.9413038,3
996297,84,7,11001107,2,103.9382842,10
996298,84,7,11001107,2,84.2177064,12
996307,816,2,11001189,1,32.0226991,10
996319,70,19,11001132,1,34.7192941,5
996320,70,19,11001132,1,36.3178144,3
996322,815,19,11001188,1,18.8831062,2
996324,815,19,11001188,1,17.8923632,8
996327,14,1,11001193,5,41.469864,5
996335,42,6,11001172,3,104.3170162,30
996346,42,6,11001172,2,49.6686119,3
996361,62,6,11001171,2,21.686001,4
996366,812,5,11001185,1,22.9556126,6
996661,11,1,11001158,2,21.6235903,3
996662,11,1,11001158,2,23.7060593,5
996663,11,1,11001158,2,22.6210626,3
996666,11,1,11001158,2,23.9008173,3
996667,11,1,11001158,2,26.5168697,8
996672,11,1,11001158,2,23.9930868,2
996674,11,1,11001158,2,23.9930868,2
996691,70,19,11001132,1,17.3154412,10
996692,32,4,11001157,2,28.7179582,5
996693,70,19,11001132,1,26.9534083,78
996694,78,8,11001168,2,13.0444688,3
996696,78,8,11001168,2,11.7924991,4
996701,78,8,11001168,2,17.9761554,5
996702,78,8,11001168,2,14.2643711,32
996743,55,18,11001119,1,24.0073282,3
996765,96,3,11001146,2,22.4546102,24
996768,27,11,11001164,2,130.2939654,8
996771,54,18,11001148,2,24.1544277,3
996775,54,18,11001148,1,41.6096157,8
996782,54,18,11001148,2,24.1169176,4
996783,54,18,11001148,2,41.6096157,4
996784,78,8,11001168,2,19.487186,8
996785,78,8,11001168,2,14.3496569,2
996786,78,8,11001168,2,10.5004215,4
996794,27,11,11001164,2,109.9316459,18
996798,66,19,11001159,2,25.2074231,4
996807,79,8,11001110,2,86.7187273,2
996808,79,8,11001110,2,61.9081356,5
996809,79,8,11001110,2,34.8519442,4
996812,79,8,11001110,2,75.6810344,4
996836,27,11,11001164,2,85.3830453,4
996840,81,8,11001128,2,23.1395988,2
996841,11,1,11001158,2,29.1329221,10
996845,11,1,11001158,2,30.9311875,2
996848,11,1,11001158,2,21.8205242,3
996853,84,7,11001107,2,73.5614682,4
996857,89,2,11001160,2,6.3778879,2
996861,67,19,11001147,1,51.6597368,8
996862,67,19,11001147,1,80.976977,21
996877,803,1,11001176,6,33.4635541,3
996882,26,10,11001140,3,79.5562058,4
996884,26,10,11001140,3,62.6827703,8
996888,26,10,11001140,3,22.0750478,14
996902,37,14,11001162,3,26.1243289,10
996906,37,14,11001162,3,19.8063335,3
996909,37,14,11001162,3,12.8026884,6
996911,37,14,11001162,3,19.8063335,3
996916,804,1,11001177,4,19.0489361,4
996918,89,2,11001160,2,5.7234898,4
996921,89,2,11001160,2,7.0495291,4
996923,78,8,11001168,2,22.1069639,7
996935,41,16,11001151,3,32.1696279,12
996949,81,8,11001128,2,35.3228983,8
996956,95,3,11001139,2,6.828949,6
996997,89,2,11001160,2,7.8845569,5
997009,79,8,11001110,2,54.6126504,18
997011,79,8,11001110,2,93.4647394,6
997014,79,8,11001110,2,65.9833247,4
997018,80,8,11001118,2,10.5284339,4
997023,81,8,11001128,2,30.0952813,6
997028,80,8,11001118,2,18.6874403,6
997030,80,8,11001118,2,22.588177,12
997037,80,8,11001118,2,16.0547244,12
997038,80,8,11001118,2,32.8648991,7
997045,98,12,11001142,3,13.4957118,10
997051,84,7,11001107,2,77.0806561,8
997056,41,16,11001151,3,18.4232654,3
997057,12,1,11001170,2,22.9208706,6
997058,45,8,11001111,3,33.5341382,8
997062,45,8,11001111,3,27.0593881,3
997063,45,8,11001111,3,37.1552589,5
997066,9,1,11001194,3,50.5107368,8
997641,,,25817100,3,16.2039388,8
997643,,,25817100,3,8.539781,3
997647,,,25785100,3,4.6813209,12
997654,,,25785100,9,4.3413302,3
997656,,,25269100,1,87.5728693,4
997657,,,25269100,1,95.4545664,5
997658,,,25269100,1,37.1077785,2
997665,,,25785100,2,3.3387367,4
997668,,,25290100,3,75.8715812,10
997669,,,25754200,2,1.44841,5
997682,,,25175200,3,9.5457609,4
997686,,,25175200,3,13.396953,8
997687,,,25175200,2,14.3265291,12
997688,,,25175200,2,12.2556155,8
997689,,,25175200,2,10.5506106,3
997694,,,25175200,2,12.2408985,8
997695,,,25175200,2,11.5871294,8
997699,,,25175200,3,10.1891732,5
997706,,,25175200,1,7.4584348,3
997708,,,25899100,2,52.2686219,2
997719,,,25175200,2,12.203944,2
997720,,,25175200,2,10.0603411,5
997723,,,25175200,1,8.7272965,5
997726,,,25175200,2,9.671393,3
997727,,,25175200,3,11.8713217,15
997729,,,25175200,2,9.0285853,2
997733,,,25175200,2,7.4246433,3
997735,,,25377100,2,9.2453324,2
997737,,,25754200,2,5.448491,10
997738,,,25754200,2,2.5255874,4
997743,,,25754200,2,1.9402321,16
997757,,,25473100,2,55.2239355,10
997758,,,25473100,2,45.0641361,3
997769,,,25740100,2,10.2255014,4
997772,,,25740100,2,14.5015836,6
997778,,,25769100,3,5.2583499,8
997782,,,25740100,3,16.71624,5
997784,,,25740100,2,12.1362988,18
997788,,,25758100,3,9.33096,3
997794,,,25473100,3,61.6341454,4
997795,,,25473100,3,66.0501138,5
997798,,,25286100,2,66.6397894,3
997802,,,25260100,3,12.5545528,4
997807,,,25473200,2,1.4395777,8
997811,,,25473200,2,1.4395777,4
997816,,,25473200,2,1.4395777,8
997822,,,25473200,1,1.4395777,12
997826,,,25175200,2,12.6654195,5
997827,,,25175200,1,5.7054272,6
997828,,,25175200,2,10.7311097,3
997829,,,25175200,2,8.7502808,4
997831,,,25175200,2,11.2460987,3
997838,,,25099100,2,4.1799492,8
997840,,,25473200,2,1.1996481,10
997845,,,25099100,2,3.5463507,3
997850,,,25269100,1,48.8033577,10
997851,,,25269100,1,61.523887,3
997852,,,25473200,1,1.1996481,10
997854,,,25473200,1,1.1996481,3
997855,,,25473200,1,1.1996481,45
997858,,,25473200,1,1.4395777,10
997860,,,25473200,1,1.4395777,5
997867,,,25099100,3,4.4580759,10
997869,,,25099100,3,2.1892654,3
997875,,,25099100,2,5.7469988,6
997883,,,25175200,2,12.1709658,10
997886,,,25175200,2,7.3150689,4
997887,,,25175200,2,10.2522507,6
997889,,,25175200,2,8.1573081,3
997890,,,25175200,2,10.2238603,10
997893,,,25175200,2,12.5464611,10
997896,,,25430100,2,29.4444716,4
997897,,,25430100,2,46.3691403,4
997901,,,25260100,3,19.7268167,2
997908,,,25286200,2,1.131677,4
997915,,,25817100,3,5.7775544,5
997916,,,25740100,3,10.0260603,10
997919,,,25740100,2,7.9452276,2
997923,,,25740100,2,22.8935004,12
997931,,,25286200,1,1.131677,6
997933,,,25286200,2,1.131677,8
997940,,,25286200,2,1.131677,4
997944,,,25286200,2,1.131677,3
997948,,,25785100,3,5.5959251,4
997950,,,25740100,2,33.2285568,10
997952,,,25295100,2,7.1459762,6
997954,,,25295100,2,9.1293781,2
997957,,,25377100,3,12.7351594,15
997962,,,25286100,1,54.9116556,15
997964,,,25286100,3,60.2730682,5
997967,,,25286100,1,20.0099877,4
997968,,,25286100,1,51.3195567,4
997980,,,25473100,2,63.7058475,5
997981,,,25473100,2,62.0551517,6
997986,,,25473100,2,69.5854953,4
997988,,,25473100,2,62.9089662,8
997991,,,25260100,3,17.8363171,4
997993,,,25260100,1,10.9592849,3
997995,,,25754200,1,2.1729923,5
997996,,,25754200,1,4.294198,24
998002,,,25260100,2,16.4152495,5
998008,,,25214100,2,9.5590536,2
998009,,,25214100,2,11.1765569,3
998012,,,25754200,1,2.3717039,6
998044,,,25286100,3,44.2163004,3
998049,,,25754100,3,230.2461278,5
998061,,,25758200,2,6.1984436,8
998064,,,25754100,2,321.6974325,4
998066,,,25754100,2,345.835731,3
998079,,,25754100,3,292.2140605,5
998092,,,25785100,3,4.4037774,3
998095,,,25754100,3,310.5501428,3
998097,,,25754100,3,232.3452361,5
998101,,,25754100,3,293.5650713,4
998102,,,25754100,3,271.731375,3
998105,,,25754100,3,317.7153773,4
998106,,,25754100,3,299.3803316,4
998116,,,25754200,1,3.182307,6
998125,,,25758200,2,4.9686623,3
998128,,,25758200,2,2.6175931,5
998132,,,25758200,2,7.4884288,8
998136,,,25473100,3,85.6926847,15
998141,,,25758200,2,5.3874273,8
998148,,,25175200,2,11.9967606,8
998150,,,25758200,1,10.2829112,4
998151,,,25758200,1,7.1875018,4
998157,,,25754100,2,319.3790265,3
998167,,,25754100,2,393.1857509,8
998168,,,25754100,2,414.380601,3
998184,,,25286100,2,41.4498244,4
998191,,,25286100,3,51.5856839,3
998208,,,25754100,1,356.4051567,4
998216,,,25754100,1,364.5585784,4
998229,,,25754100,1,405.0650871,8
998235,,,25754100,3,295.4600258,15
998236,,,25754100,3,351.5041665,6
998237,,,25754100,3,325.7867644,5
998248,,,25754100,3,328.5974795,12
998254,,,25754100,1,308.9790429,4
998270,,,25269100,1,74.2318978,6
998271,,,25740100,3,9.5295668,5
998275,,,25099100,2,3.0958974,2
998282,,,25099100,2,3.9031318,3
998285,,,25099100,2,3.9170372,3
998290,,,25758100,3,12.8879015,10
998301,,,25430100,2,47.4840141,10
998302,,,25430100,2,54.9913952,3
998307,,,25099100,2,12.4912661,8
998319,,,25099100,2,8.5080979,2
998320,,,25099100,2,2.9459422,2
998333,,,25758100,3,10.686389,4
998335,,,25473200,2,1.4395777,3
998339,,,25473200,2,1.4395777,4
998348,,,25473200,1,1.4395777,3
998349,,,25473200,2,1.4395777,8
998351,,,25473100,2,82.8994048,8
998354,,,25473100,2,45.2849381,10
998355,,,25473100,2,100.5196649,8
998356,,,25473100,2,89.8106399,3
998358,,,25785100,9,2.7059638,3
998360,,,25785100,3,4.6176224,4
998364,,,25785100,3,5.1144501,4
998367,,,25286200,1,1.131677,4
998381,,,25899100,3,47.0006741,2
998385,,,25377200,2,10.0224103,2
998388,,,25286200,2,1.131677,3
998391,,,25286200,2,1.131677,5
998394,,,25899100,1,66.9678242,7
998396,,,25899100,2,87.9345348,6
998417,,,25899100,1,48.8372558,4
998419,,,25899100,1,55.9353544,3
998437,,,25740100,2,9.8787684,8
998440,,,25286200,1,1.131677,6
998442,,,25286200,2,1.131677,8
998451,,,25377200,1,6.7245698,2
998454,,,25799100,3,5.9942064,3
998456,,,25799100,2,4.6720609,4
998457,,,25377200,2,6.9760831,4
998458,,,25377200,2,5.8301012,5
998570,,,25290100,4,35.3321042,5
998572,,,25473100,2,80.9805032,8
998577,,,25473100,2,99.7125488,4
998582,,,25473100,1,99.7608435,15
998586,,,25785100,2,4.256311,3
998588,,,25754200,2,3.4986194,4
998594,,,25175200,3,7.8191504,3
998604,,,25758100,3,7.9037192,10
998605,,,25758100,3,15.1223762,8
998606,,,25758100,3,10.6652272,3
998607,,,25758100,3,14.6279425,8
998608,,,25758100,2,11.1303467,3
998612,,,25175100,3,94.3402868,9
998613,,,25799100,3,3.5621405,5
998621,,,25260100,2,10.6374358,12
998625,,,25799100,3,6.7070633,4
998628,,,25817100,3,3.7616286,16
998630,,,25817100,3,12.1359081,10
998678,,,25286100,2,36.2196956,4
998687,,,25473100,1,79.2469752,15
998690,,,25754200,,2.3180168,8
998691,,,25754200,2,3.4986194,4
998694,,,25754100,3,382.3126594,8
998698,,,25754100,2,422.6881157,3
998716,,,25754100,2,392.6341075,5
998725,,,25799100,3,5.7227436,8
998729,,,25430100,2,46.3860906,3
998730,,,25430100,2,45.0105442,2
998742,,,25269100,1,65.101396,3
998745,,,25269100,2,65.0250352,10
998750,,,25126100,2,44.1604986,4
998767,,,25175200,2,10.9211794,4
998777,,,25754100,2,318.1676901,3
998781,,,25754100,2,314.3809541,2
998782,,,25754100,2,382.6379629,3
998784,,,25754100,2,278.9794385,4
998788,,,25754100,1,430.443987,4
998802,,,25754100,2,567.1536551,8
998813,,,25754100,2,424.3767457,5
998814,,,25754100,2,395.066603,12
998824,,,25754100,1,242.5150403,3
998840,,,25754100,3,381.4100725,10
998844,,,25754100,3,249.2838159,8
998845,,,25754100,3,246.0128777,2
998849,,,25754100,1,317.1567561,12
998854,,,25754100,3,411.1480166,5
998860,,,25214200,2,9.0165538,14
998867,,,25214200,2,5.8701503,5
998873,,,25214200,2,6.6190656,4
998874,,,25214200,2,3.8235316,5
998875,,,25214200,2,6.862584,4
998883,,,25817100,3,4.5466904,5
998902,,,25799100,3,6.6621837,5
998906,,,25295100,2,8.1877846,3
998916,,,25260100,2,11.7656616,5
998924,,,25260100,2,14.7259394,18
998925,,,25799100,3,11.1739634,5
998927,,,25799100,3,5.0692082,5
998928,,,25785100,2,6.4804857,4
998938,,,25269100,2,64.9246409,5
998940,,,25269100,2,66.3389974,8
998943,,,25260100,2,10.5139276,3
998948,,,25175100,2,56.9861178,2
998962,,,25769100,3,7.5265359,8
998964,,,25769100,3,3.2751969,3
998977,,,25817100,3,10.0202813,5
998986,,,25286100,2,62.6560379,6
998988,,,25286100,2,68.6802125,10
998992,,,25740100,2,11.7725984,3
998993,,,25740100,2,18.8039122,4
998998,,,25758200,2,4.157646,3
999000,,,25758200,2,6.4139607,6
999021,,,25175200,1,12.8368637,8
999026,,,25175200,1,13.1054153,4
999028,,,25175200,1,11.737161,2
999032,,,25175200,3,9.2126013,2
999040,,,25175200,4,12.3596536,10
999045,,,25269100,2,56.2737705,6
999047,,,25269100,2,59.9965072,6
999055,,,25269100,2,50.8279056,2
999056,,,25758100,3,8.8254783,6
999062,,,25473200,,1.308707,3
999065,,,25473200,1,1.4395777,3
999066,,,25473200,1,1.4395777,5
999070,,,25754200,2,5.448491,35
999075,,,25175100,2,72.8003083,4
999079,,,25175100,2,60.4333593,3
999094,,,25473200,2,1.308707,4
999102,,,25473200,1,1.4395777,15
999113,,,25126100,2,41.529883,4
999115,,,25473100,2,70.4484508,4
999125,,,25286200,0,1.131677,5
999127,,,25286200,1,1.131677,1
999131,,,25214100,3,14.5586985,5
999132,,,25214100,3,12.1833728,8
999141,,,25099100,2,12.6012794,2
999153,,,25899100,1,73.294002,10
999154,,,25899100,1,44.9482978,3
999156,,,25899100,1,34.2906487,4
999161,,,25899100,3,42.5114057,14
999162,,,25899100,2,38.7594472,12
999163,,,25899100,3,62.877094,3
999167,,,25899100,2,45.9686778,8
999172,,,25899100,1,47.710114,5
999187,,,25214100,3,14.5284708,10
999190,,,25126100,2,32.6523015,4
999192,,,25126100,2,31.2567484,10
999287,,,25799100,3,9.2130724,2
999290,,,25099100,2,5.9955941,3
999294,,,25099100,2,4.5824314,6
999308,,,25754200,2,2.9677919,3
999309,,,25754200,2,3.104454,3
999310,,,25754200,2,2.6745952,3
999325,,,25175100,2,60.2465587,5
999329,,,25260100,2,10.5893822,18
999338,,,25290100,3,71.4036281,6
999363,,,25799100,2,10.1763503,8
999365,,,25799100,3,8.6150214,6
999366,,,25758100,2,7.0564719,5
999370,,,25740100,2,9.6973495,3
999374,,,25473100,2,72.6299046,14
999381,,,25260100,2,15.7558955,16
999383,,,25260100,2,11.6461967,3
999386,,,25260100,1,12.1909689,10
999387,,,25785100,3,3.9633996,3
999395,,,25785100,3,5.6325559,5
999396,,,25740100,2,18.593057,10
999397,,,25740100,2,13.545521,3
999416,,,25817100,3,6.0320407,4
999420,,,25214100,2,20.5231073,8
999424,,,25214100,2,8.4487149,18
999449,69,19,11001131,1,73.174127,8
999451,69,19,11001131,1,67.5116573,8
999453,54,18,11001148,2,22.4183282,6
999456,54,18,11001148,2,28.9853133,6
999467,802,8,11001175,3,64.0114948,15
999485,55,18,11001119,2,37.7417495,3
999490,70,19,11001132,1,31.5475191,16
999492,70,19,11001132,1,20.5680176,5
999494,27,11,11001164,2,72.2896037,4
999495,52,5,11001135,1,6.7042099,4
999497,52,5,11001135,1,10.0829198,24
999501,52,5,11001135,1,17.4986532,35
999504,27,11,11001164,2,90.0285837,4
999507,52,5,11001135,1,14.6591352,4
999514,96,3,11001146,2,13.5533269,10
999515,96,3,11001146,2,8.16949,15
999516,96,3,11001146,1,21.8159217,10
999519,96,3,11001146,0,21.2897411,8
999520,96,3,11001146,1,20.0321021,10
999521,96,3,11001146,0,20.0321021,10
999522,96,3,11001146,1,17.963839,5
999523,96,3,11001146,1,16.1812401,8
999556,52,5,11001135,1,16.97265,3
999558,55,18,11001119,2,35.2015084,4
999564,44,8,11001102,3,35.7794654,7
999567,98,12,11001142,3,21.4292862,4
999578,82,8,11001153,2,46.6648881,4
999587,27,11,11001164,2,83.1622421,3
999588,27,11,11001164,3,68.6367872,3
999592,802,8,11001175,4,78.5199007,3
999600,33,4,11001163,3,24.3034455,5
999605,55,18,11001119,2,30.4072977,4
999609,55,18,11001119,2,39.1177323,6
999616,34,4,11001101,3,44.5632237,5
999621,33,4,11001163,3,16.3631936,5
999645,82,8,11001153,2,60.6491642,4
999647,82,8,11001153,2,59.6431735,4
999650,55,18,11001119,1,34.3106814,3
999653,55,18,11001119,1,30.5880324,2
999656,48,8,11001167,2,85.703733,8
999659,48,8,11001167,2,70.2846524,8
999680,12,1,11001170,3,23.0568247,5
999683,66,19,11001159,2,18.3146251,2
999699,48,8,11001167,2,71.5005482,4
999706,58,5,11001117,2,55.4549996,6
999708,58,5,11001117,1,37.5446824,6
999709,58,5,11001117,2,50.7489716,8
999723,45,8,11001111,3,29.9113986,12
999724,807,12,11001180,4,40.2796311,8
999725,9,1,11001194,3,84.1600669,8
999727,9,1,11001194,3,50.4333926,3
999729,9,1,11001194,3,53.3894551,15
999742,116,10,11001197,3,9.1441665,15
999745,77,9,11001173,2,41.0057813,4
999750,116,10,11001197,3,7.7893924,7
999755,30,10,11001108,3,57.6721434,7
999775,77,9,11001173,2,31.8794485,10
999776,72,10,11001105,3,41.2028446,4
999792,77,9,11001173,2,28.1249638,4
999806,77,9,11001173,2,28.1599514,8
999822,45,8,11001111,3,35.8692768,2
999828,66,19,11001159,2,19.9691786,4
999830,65,19,11001104,2,41.0497605,5
999832,66,19,11001159,2,19.5056591,4
999839,66,19,11001159,2,16.2609491,3
999843,62,6,11001171,2,10.7744846,3
999845,34,4,11001101,3,41.4219336,3
999849,34,4,11001101,3,42.3265013,8
999864,815,19,11001188,,45.2816462,4
999865,76,9,11001125,2,9.8064723,8
999869,76,9,11001125,2,15.8302199,4
999873,69,19,11001131,1,58.817554,6
999874,69,19,11001131,1,68.6928855,4
999882,69,19,11001131,1,52.1481891,16
999886,77,9,11001173,2,33.3085924,4
999887,77,9,11001173,2,28.8952077,3
999895,77,9,11001173,2,26.2074471,4
999909,77,9,11001173,2,37.759367,12
999910,77,9,11001173,2,28.1599514,8
999911,77,9,11001173,2,25.0935109,3
999914,58,5,11001117,2,36.2634303,4
999916,58,5,11001117,2,40.0979528,4
999929,34,4,11001101,3,40.5501242,2
999934,11,1,11001158,3,25.277252,10
999943,110,9,11001115,4,21.3211559,3
999952,84,7,11001107,2,91.9955011,8
999955,84,7,11001107,2,108.6458704,2
999957,84,7,11001107,2,105.7369386,15
999967,87,7,11001169,1,72.2212936,3
999970,85,7,11001106,2,94.9857506,4
999974,87,7,11001169,1,65.0102528,8
999986,87,7,11001169,2,51.2585527,3
999991,87,7,11001169,2,54.1420225,8
999992,87,7,11001169,2,46.6097636,2
999994,84,7,11001107,1,134.0444087,8
