codigo_icfes,nombre_institucion,municipio,año,eval,lec,mat,soc,cie,ing,d_st,prom,global,pos
099002,LIC CAMPO DAVID,BOGOTÁ D.C.,2020,15,73.0,85.0,73.0,76.0,83.0,6.8,77.2,386.0,8
099002,LIC CAMPO DAVID,BOGOTÁ D.C.,2021,18,74.0,82.0,74.0,77.0,83.0,8.0,77.2,386.0,3
099002,LIC CAMPO DAVID,BOGOTÁ D.C.,2022,43,74.0,82.0,73.0,75.0,80.0,6.6,76.3,381.5,6
099002,LIC CAMPO DAVID,BOGOTÁ D.C.,2023,29,74.0,80.0,72.0,74.0,80.0,6.4,75.4,377.0,11
099002,LIC CAMPO DAVID,BOGOTÁ D.C.,2024,27,76.0,87.0,76.0,78.0,82.0,7.2,79.5,397.5,2
099002,LIC CAMPO DAVID,BOGOTÁ D.C.,2025,46,75.0,81.0,74.0,76.0,80.0,7.4,76.8,384.0,9
733097,COLEGIO CRISTIANO MONTE HEBRON - SEDE PRINCIPAL,BOGOTÁ D.C.,2020,9,68.0,67.0,62.0,66.0,73.0,6.4,66.3,331.5,314
733097,COLEGIO CRISTIANO MONTE HEBRON - SEDE PRINCIPAL,BOGOTÁ D.C.,2021,9,69.0,74.0,67.0,66.0,71.0,6.6,69.2,346.0,175
733097,COLEGIO CRISTIANO MONTE HEBRON - SEDE PRINCIPAL,BOGOTÁ D.C.,2022,13,71.0,73.0,70.0,69.0,81.0,5.6,71.5,357.5,81
733097,COLEGIO CRISTIANO MONTE HEBRON - SEDE PRINCIPAL,BOGOTÁ D.C.,2023,9,71.0,78.0,68.0,70.0,83.0,7.0,72.6,363.0,54
733097,COLEGIO CRISTIANO MONTE HEBRON - SEDE PRINCIPAL,BOGOTÁ D.C.,2024,7,76.0,82.0,76.0,78.0,86.0,7.0,78.6,393.0,3
733097,COLEGIO CRISTIANO MONTE HEBRON - SEDE PRINCIPAL,BOGOTÁ D.C.,2025,12,75.0,84.0,73.0,75.0,86.0,6.2,77.5,387.5,8
156166,GIMN ALESSANDRO VOLTA - SEDE PRINCIPAL,BOGOTÁ D.C.,2020,1,76.0,69.0,74.0,67.0,73.0,0.0,71.6,358.0,61
156166,GIMN ALESSANDRO VOLTA - SEDE PRINCIPAL,BOGOTÁ D.C.,2020,20,73.0,77.0,72.0,70.0,81.0,9.8,73.6,368.0,22
156166,GIMN ALESSANDRO VOLTA - SEDE PRINCIPAL,BOGOTÁ D.C.,2021,17,71.0,74.0,69.0,67.0,77.0,6.6,70.8,354.0,98
156166,GIMN ALESSANDRO VOLTA - SEDE PRINCIPAL,BOGOTÁ D.C.,2022,12,71.0,76.0,71.0,72.0,78.0,6.4,72.9,364.5,43
156166,GIMN ALESSANDRO VOLTA - SEDE PRINCIPAL,BOGOTÁ D.C.,2023,23,72.0,74.0,69.0,68.0,78.0,7.6,71.3,356.5,94
156166,GIMN ALESSANDRO VOLTA - SEDE PRINCIPAL,BOGOTÁ D.C.,2024,12,68.0,74.0,65.0,66.0,80.0,7.0,69.2,346.0,227
156166,GIMN ALESSANDRO VOLTA - SEDE PRINCIPAL,BOGOTÁ D.C.,2025,16,75.0,76.0,70.0,74.0,84.0,9.0,74.5,372.5,33
019810,COLEGIO ANGLO AMERICANO,BOGOTÁ D.C.,2020,169,71.0,73.0,72.0,71.0,80.0,8.0,72.4,362.0,41
019810,COLEGIO ANGLO AMERICANO,BOGOTÁ D.C.,2021,175,72.0,78.0,73.0,73.0,85.0,7.6,74.8,374.0,16
019810,COLEGIO ANGLO AMERICANO,BOGOTÁ D.C.,2022,150,74.0,76.0,72.0,72.0,85.0,7.2,74.4,372.0,17
019810,COLEGIO ANGLO AMERICANO,BOGOTÁ D.C.,2023,175,74.0,77.0,72.0,72.0,84.0,7.6,74.5,372.5,16
019810,COLEGIO ANGLO AMERICANO,BOGOTÁ D.C.,2024,174,72.0,78.0,72.0,74.0,84.0,7.4,74.8,374.0,20
019810,COLEGIO ANGLO AMERICANO,BOGOTÁ D.C.,2025,156,73.0,80.0,72.0,73.0,83.0,7.0,75.2,376.0,24
023747,LIC  DE CERVANTES PADRES AGUSTINOS,BOGOTÁ D.C.,2020,76,68.0,71.0,69.0,68.0,71.0,8.2,69.2,346.0,137
023747,LIC  DE CERVANTES PADRES AGUSTINOS,BOGOTÁ D.C.,2021,91,68.0,74.0,67.0,67.0,78.0,7.8,69.7,348.5,148
023747,LIC  DE CERVANTES PADRES AGUSTINOS,BOGOTÁ D.C.,2022,81,68.0,74.0,66.0,68.0,77.0,9.4,69.6,348.0,166
023747,LIC  DE CERVANTES PADRES AGUSTINOS,BOGOTÁ D.C.,2023,62,69.0,76.0,64.0,68.0,77.0,8.4,69.8,349.0,164
023747,LIC  DE CERVANTES PADRES AGUSTINOS,BOGOTÁ D.C.,2024,48,69.0,76.0,68.0,68.0,78.0,6.6,70.8,354.0,120
023747,LIC  DE CERVANTES PADRES AGUSTINOS,BOGOTÁ D.C.,2025,52,73.0,76.0,69.0,72.0,80.0,8.4,73.1,365.5,65
024059,LIC NAVARRA,BOGOTÁ D.C.,2020,44,68.0,75.0,74.0,69.0,77.0,7.6,71.9,359.5,57
024059,LIC NAVARRA,BOGOTÁ D.C.,2021,45,73.0,75.0,71.0,70.0,84.0,7.4,73.2,366.0,29
024059,LIC NAVARRA,BOGOTÁ D.C.,2022,56,71.0,72.0,68.0,68.0,83.0,8.0,70.8,354.0,104
024059,LIC NAVARRA,BOGOTÁ D.C.,2023,39,71.0,75.0,70.0,70.0,82.0,7.6,72.3,361.5,63
024059,LIC NAVARRA,BOGOTÁ D.C.,2024,40,72.0,80.0,72.0,72.0,85.0,6.2,74.8,374.0,20
024059,LIC NAVARRA,BOGOTÁ D.C.,2025,50,73.0,78.0,73.0,72.0,83.0,7.4,74.7,373.5,32
019695,COLEGIO SAN TARSICIO,BOGOTÁ D.C.,2020,22,63.0,69.0,64.0,65.0,79.0,8.0,66.3,331.5,314
019695,COLEGIO SAN TARSICIO,BOGOTÁ D.C.,2021,17,67.0,74.0,70.0,68.0,85.0,9.0,70.9,354.5,98
019695,COLEGIO SAN TARSICIO,BOGOTÁ D.C.,2022,18,68.0,71.0,66.0,66.0,82.0,7.4,68.8,344.0,214
019695,COLEGIO SAN TARSICIO,BOGOTÁ D.C.,2023,22,65.0,71.0,65.0,64.0,80.0,6.8,67.3,336.5,347
019695,COLEGIO SAN TARSICIO,BOGOTÁ D.C.,2024,13,65.0,72.0,61.0,66.0,84.0,8.8,67.4,337.0,355
019695,COLEGIO SAN TARSICIO,BOGOTÁ D.C.,2025,20,70.0,72.0,65.0,72.0,84.0,8.4,70.8,354.0,151
066845,INSTITUTO ALBERTO MERANI,BOGOTÁ D.C.,2020,46,72.0,70.0,74.0,69.0,73.0,8.0,71.4,357.0,68
066845,INSTITUTO ALBERTO MERANI,BOGOTÁ D.C.,2021,42,73.0,75.0,74.0,72.0,82.0,8.6,74.2,371.0,18
066845,INSTITUTO ALBERTO MERANI,BOGOTÁ D.C.,2022,51,73.0,72.0,71.0,70.0,79.0,6.2,72.1,360.5,60
066845,INSTITUTO ALBERTO MERANI,BOGOTÁ D.C.,2023,29,72.0,70.0,69.0,67.0,80.0,7.2,70.3,351.5,143
066845,INSTITUTO ALBERTO MERANI,BOGOTÁ D.C.,2024,38,73.0,72.0,72.0,70.0,79.0,7.8,72.3,361.5,73
066845,INSTITUTO ALBERTO MERANI,BOGOTÁ D.C.,2025,42,72.0,73.0,74.0,71.0,79.0,7.2,73.0,365.0,65
136267,COLEGIO REUVEN FEUERSTEIN,BOGOTÁ D.C.,2020,18,68.0,70.0,69.0,68.0,75.0,7.0,69.2,346.0,137
136267,COLEGIO REUVEN FEUERSTEIN,BOGOTÁ D.C.,2021,23,71.0,75.0,69.0,72.0,82.0,8.8,72.5,362.5,46
136267,COLEGIO REUVEN FEUERSTEIN,BOGOTÁ D.C.,2022,15,70.0,78.0,68.0,70.0,83.0,7.2,72.4,362.0,48
136267,COLEGIO REUVEN FEUERSTEIN,BOGOTÁ D.C.,2023,17,72.0,77.0,71.0,70.0,78.0,7.4,72.9,364.5,52
136267,COLEGIO REUVEN FEUERSTEIN,BOGOTÁ D.C.,2024,24,72.0,77.0,71.0,73.0,83.0,7.2,74.0,370.0,31
136267,COLEGIO REUVEN FEUERSTEIN,BOGOTÁ D.C.,2025,31,73.0,76.0,69.0,71.0,83.0,7.8,73.1,365.5,65
080127,COLEGIO CORAZONISTA,BOGOTÁ D.C.,2020,151,67.0,74.0,69.0,67.0,76.0,8.6,69.8,349.0,116
080127,COLEGIO CORAZONISTA,BOGOTÁ D.C.,2021,158,69.0,74.0,67.0,69.0,78.0,8.4,70.4,352.0,118
080127,COLEGIO CORAZONISTA,BOGOTÁ D.C.,2022,155,69.0,76.0,66.0,68.0,78.0,8.0,70.4,352.0,123
080127,COLEGIO CORAZONISTA,BOGOTÁ D.C.,2023,157,68.0,75.0,66.0,68.0,79.0,8.6,70.0,350.0,152
080127,COLEGIO CORAZONISTA,BOGOTÁ D.C.,2024,162,67.0,75.0,66.0,68.0,78.0,8.2,69.7,348.5,201
080127,COLEGIO CORAZONISTA,BOGOTÁ D.C.,2025,132,70.0,78.0,68.0,71.0,78.0,8.6,72.2,361.0,89
603415,COLEGIO BILINGUE SAN GABRIEL ARCANGEL,BOGOTÁ D.C.,2021,8,70.0,71.0,68.0,64.0,78.0,5.8,69.0,345.0,182
603415,COLEGIO BILINGUE SAN GABRIEL ARCANGEL,BOGOTÁ D.C.,2023,6,67.0,64.0,67.0,61.0,75.0,7.0,65.5,327.5,511
603415,COLEGIO BILINGUE SAN GABRIEL ARCANGEL,BOGOTÁ D.C.,2024,8,71.0,73.0,71.0,69.0,84.0,6.4,72.0,360.0,79
603415,COLEGIO BILINGUE SAN GABRIEL ARCANGEL,BOGOTÁ D.C.,2025,8,72.0,74.0,72.0,71.0,78.0,5.2,72.7,363.5,75
079806,COL NUEVO COLOMBO AMERICANO,BOGOTÁ D.C.,2020,58,69.0,74.0,73.0,71.0,78.0,7.2,72.2,361.0,46
079806,COL NUEVO COLOMBO AMERICANO,BOGOTÁ D.C.,2021,66,71.0,78.0,70.0,71.0,86.0,8.4,73.5,367.5,26
079806,COL NUEVO COLOMBO AMERICANO,BOGOTÁ D.C.,2022,66,74.0,79.0,72.0,72.0,86.0,7.8,75.2,376.0,11
079806,COL NUEVO COLOMBO AMERICANO,BOGOTÁ D.C.,2023,57,73.0,78.0,73.0,71.0,86.0,7.4,74.7,373.5,14
079806,COL NUEVO COLOMBO AMERICANO,BOGOTÁ D.C.,2024,71,71.0,78.0,70.0,71.0,86.0,7.6,73.5,367.5,48
079806,COL NUEVO COLOMBO AMERICANO,BOGOTÁ D.C.,2025,70,72.0,78.0,70.0,70.0,85.0,7.4,73.5,367.5,53
024281,COL SAN JORGE DE INGLATERRA,BOGOTÁ D.C.,2020,69,69.0,71.0,68.0,68.0,86.0,10.2,70.3,351.5,99
024281,COL SAN JORGE DE INGLATERRA,BOGOTÁ D.C.,2021,81,71.0,77.0,70.0,71.0,87.0,8.0,73.4,367.0,26
024281,COL SAN JORGE DE INGLATERRA,BOGOTÁ D.C.,2022,85,71.0,76.0,71.0,71.0,85.0,6.8,73.2,366.0,37
024281,COL SAN JORGE DE INGLATERRA,BOGOTÁ D.C.,2023,76,72.0,77.0,70.0,72.0,87.0,7.8,73.8,369.0,27
024281,COL SAN JORGE DE INGLATERRA,BOGOTÁ D.C.,2024,74,71.0,76.0,69.0,69.0,85.0,7.0,72.3,361.5,73
024281,COL SAN JORGE DE INGLATERRA,BOGOTÁ D.C.,2025,90,70.0,74.0,66.0,70.0,87.0,7.6,71.3,356.5,130
019471,COLEGIO SAN CARLOS,BOGOTÁ D.C.,2020,73,71.0,75.0,70.0,69.0,84.0,8.0,72.2,361.0,46
019471,COLEGIO SAN CARLOS,BOGOTÁ D.C.,2021,95,73.0,77.0,71.0,70.0,85.0,8.2,73.7,368.5,24
019471,COLEGIO SAN CARLOS,BOGOTÁ D.C.,2022,74,71.0,77.0,71.0,71.0,86.0,6.8,73.5,367.5,31
019471,COLEGIO SAN CARLOS,BOGOTÁ D.C.,2023,78,72.0,76.0,70.0,70.0,86.0,7.0,73.1,365.5,43
019471,COLEGIO SAN CARLOS,BOGOTÁ D.C.,2024,88,72.0,78.0,70.0,70.0,84.0,7.2,73.4,367.0,48
019471,COLEGIO SAN CARLOS,BOGOTÁ D.C.,2025,79,70.0,78.0,69.0,70.0,87.0,7.0,72.9,364.5,70
780007,COLEGIO CALATRAVA - SEDE PRINCIPAL,BOGOTÁ D.C.,2022,17,72.0,75.0,72.0,69.0,83.0,7.8,72.8,364.0,43
780007,COLEGIO CALATRAVA - SEDE PRINCIPAL,BOGOTÁ D.C.,2023,20,72.0,74.0,72.0,69.0,81.0,7.6,72.5,362.5,61
780007,COLEGIO CALATRAVA - SEDE PRINCIPAL,BOGOTÁ D.C.,2024,15,72.0,72.0,69.0,67.0,84.0,7.2,71.1,355.5,109
780007,COLEGIO CALATRAVA - SEDE PRINCIPAL,BOGOTÁ D.C.,2025,15,69.0,74.0,70.0,70.0,83.0,5.4,71.7,358.5,114
025130,GIMN VERMONT,BOGOTÁ D.C.,2020,76,71.0,73.0,69.0,70.0,84.0,8.2,71.8,359.0,57
025130,GIMN VERMONT,BOGOTÁ D.C.,2021,80,71.0,77.0,71.0,71.0,86.0,6.8,73.5,367.5,26
025130,GIMN VERMONT,BOGOTÁ D.C.,2022,87,72.0,77.0,69.0,71.0,85.0,6.8,73.2,366.0,37
025130,GIMN VERMONT,BOGOTÁ D.C.,2023,105,71.0,75.0,69.0,71.0,84.0,6.4,72.5,362.5,61
025130,GIMN VERMONT,BOGOTÁ D.C.,2024,109,73.0,75.0,70.0,70.0,86.0,7.2,73.1,365.5,55
025130,GIMN VERMONT,BOGOTÁ D.C.,2025,117,73.0,73.0,68.0,70.0,87.0,7.8,72.2,361.0,89
098640,GIMNASIO COLOMBO BRITANICO - BILINGÜE INTERNACIONAL,BOGOTÁ D.C.,2020,63,69.0,75.0,71.0,71.0,78.0,8.0,72.0,360.0,52
098640,GIMNASIO COLOMBO BRITANICO - BILINGÜE INTERNACIONAL,BOGOTÁ D.C.,2021,64,71.0,79.0,71.0,75.0,87.0,8.8,75.0,375.0,16
098640,GIMNASIO COLOMBO BRITANICO - BILINGÜE INTERNACIONAL,BOGOTÁ D.C.,2022,64,70.0,76.0,68.0,70.0,87.0,8.4,72.2,361.0,53
098640,GIMNASIO COLOMBO BRITANICO - BILINGÜE INTERNACIONAL,BOGOTÁ D.C.,2023,66,71.0,75.0,69.0,71.0,86.0,6.6,72.6,363.0,54
098640,GIMNASIO COLOMBO BRITANICO - BILINGÜE INTERNACIONAL,BOGOTÁ D.C.,2024,79,70.0,75.0,68.0,69.0,85.0,6.4,71.6,358.0,90
098640,GIMNASIO COLOMBO BRITANICO - BILINGÜE INTERNACIONAL,BOGOTÁ D.C.,2025,82,71.0,73.0,68.0,70.0,86.0,6.6,71.7,358.5,114
023754,LICEO DE COLOMBIA BILINGÜE,BOGOTÁ D.C.,2020,36,67.0,71.0,68.0,66.0,79.0,7.2,68.8,344.0,153
023754,LICEO DE COLOMBIA BILINGÜE,BOGOTÁ D.C.,2021,50,71.0,75.0,69.0,69.0,83.0,8.0,71.9,359.5,64
023754,LICEO DE COLOMBIA BILINGÜE,BOGOTÁ D.C.,2022,63,70.0,70.0,67.0,67.0,83.0,7.2,69.6,348.0,166
023754,LICEO DE COLOMBIA BILINGÜE,BOGOTÁ D.C.,2023,62,71.0,74.0,70.0,69.0,84.0,9.0,72.0,360.0,70
023754,LICEO DE COLOMBIA BILINGÜE,BOGOTÁ D.C.,2024,63,71.0,74.0,69.0,67.0,85.0,7.2,71.4,357.0,97
023754,LICEO DE COLOMBIA BILINGÜE,BOGOTÁ D.C.,2025,62,71.0,73.0,69.0,69.0,86.0,8.0,71.7,358.5,114
023564,INSTITUTO SAN PABLO APOSTOL,BOGOTÁ D.C.,2020,36,66.0,71.0,68.0,66.0,62.0,9.2,67.3,336.5,253
023564,INSTITUTO SAN PABLO APOSTOL,BOGOTÁ D.C.,2021,39,67.0,70.0,63.0,64.0,66.0,9.6,66.0,330.0,348
023564,INSTITUTO SAN PABLO APOSTOL,BOGOTÁ D.C.,2022,32,71.0,78.0,67.0,68.0,74.0,7.4,71.2,356.0,88
023564,INSTITUTO SAN PABLO APOSTOL,BOGOTÁ D.C.,2023,45,69.0,75.0,67.0,68.0,72.0,8.4,69.9,349.5,164
023564,INSTITUTO SAN PABLO APOSTOL,BOGOTÁ D.C.,2024,66,72.0,78.0,68.0,68.0,73.0,7.4,71.6,358.0,90
023564,INSTITUTO SAN PABLO APOSTOL,BOGOTÁ D.C.,2025,83,70.0,76.0,66.0,69.0,73.0,7.2,70.5,352.5,169
158840,GIMN MODERNO SANTA MARGARITA,BOGOTÁ D.C.,2020,25,63.0,64.0,61.0,62.0,56.0,11.2,62.0,310.0,689
158840,GIMN MODERNO SANTA MARGARITA,BOGOTÁ D.C.,2021,40,62.0,62.0,60.0,59.0,64.0,8.2,61.0,305.0,837
158840,GIMN MODERNO SANTA MARGARITA,BOGOTÁ D.C.,2022,24,65.0,67.0,63.0,62.0,65.0,9.8,64.3,321.5,552
158840,GIMN MODERNO SANTA MARGARITA,BOGOTÁ D.C.,2023,18,68.0,66.0,64.0,64.0,66.0,9.2,65.5,327.5,511
158840,GIMN MODERNO SANTA MARGARITA,BOGOTÁ D.C.,2024,23,66.0,70.0,66.0,65.0,66.0,8.8,66.7,333.5,442
158840,GIMN MODERNO SANTA MARGARITA,BOGOTÁ D.C.,2025,32,72.0,73.0,70.0,69.0,72.0,8.8,71.1,355.5,142
019331,COLEGIO BILINGÜE ABRAHAM LINCOLN,BOGOTÁ D.C.,2020,85,69.0,72.0,69.0,69.0,84.0,8.6,70.8,354.0,82
019331,COLEGIO BILINGÜE ABRAHAM LINCOLN,BOGOTÁ D.C.,2021,91,70.0,74.0,70.0,69.0,84.0,8.2,71.8,359.0,64
019331,COLEGIO BILINGÜE ABRAHAM LINCOLN,BOGOTÁ D.C.,2022,83,70.0,74.0,70.0,68.0,84.0,7.6,71.5,357.5,81
019331,COLEGIO BILINGÜE ABRAHAM LINCOLN,BOGOTÁ D.C.,2023,80,70.0,73.0,68.0,69.0,83.0,6.4,71.0,355.0,105
019331,COLEGIO BILINGÜE ABRAHAM LINCOLN,BOGOTÁ D.C.,2024,74,72.0,75.0,70.0,71.0,84.0,8.4,72.9,364.5,59
019331,COLEGIO BILINGÜE ABRAHAM LINCOLN,BOGOTÁ D.C.,2025,79,70.0,75.0,70.0,69.0,84.0,8.0,72.0,360.0,98
025510,LICEO LA SABANA,BOGOTÁ D.C.,2020,43,62.0,65.0,60.0,60.0,65.0,8.0,62.0,310.0,689
025510,LICEO LA SABANA,BOGOTÁ D.C.,2021,46,64.0,66.0,61.0,61.0,72.0,10.0,63.7,318.5,539
025510,LICEO LA SABANA,BOGOTÁ D.C.,2022,28,68.0,70.0,64.0,64.0,74.0,8.0,67.1,335.5,335
025510,LICEO LA SABANA,BOGOTÁ D.C.,2023,45,66.0,71.0,60.0,61.0,72.0,9.8,65.1,325.5,557
025510,LICEO LA SABANA,BOGOTÁ D.C.,2024,26,65.0,70.0,60.0,63.0,76.0,8.8,65.4,327.0,561
025510,LICEO LA SABANA,BOGOTÁ D.C.,2025,21,67.0,74.0,63.0,68.0,74.0,7.0,68.5,342.5,342
023598,ESCUELA TECNOLOGICA INSTITUTO TECNICO CENTRAL,BOGOTÁ D.C.,2020,176,64.0,66.0,64.0,62.0,60.0,8.8,63.7,318.5,507
023598,ESCUELA TECNOLOGICA INSTITUTO TECNICO CENTRAL,BOGOTÁ D.C.,2021,157,67.0,71.0,65.0,66.0,69.0,8.2,67.4,337.0,271
023598,ESCUELA TECNOLOGICA INSTITUTO TECNICO CENTRAL,BOGOTÁ D.C.,2022,170,67.0,70.0,65.0,65.0,68.0,7.6,66.8,334.0,351
023598,ESCUELA TECNOLOGICA INSTITUTO TECNICO CENTRAL,BOGOTÁ D.C.,2023,130,68.0,72.0,65.0,67.0,68.0,7.2,68.0,340.0,284
023598,ESCUELA TECNOLOGICA INSTITUTO TECNICO CENTRAL,BOGOTÁ D.C.,2024,130,68.0,73.0,66.0,66.0,70.0,7.2,68.4,342.0,280
023598,ESCUELA TECNOLOGICA INSTITUTO TECNICO CENTRAL,BOGOTÁ D.C.,2025,139,69.0,73.0,67.0,68.0,71.0,7.8,69.4,347.0,244
023895,LICEO JUAN RAMON JIMENEZ,BOGOTÁ D.C.,2020,48,64.0,68.0,67.0,66.0,73.0,9.6,66.8,334.0,279
023895,LICEO JUAN RAMON JIMENEZ,BOGOTÁ D.C.,2021,53,68.0,69.0,66.0,66.0,76.0,8.8,67.9,339.5,246
023895,LICEO JUAN RAMON JIMENEZ,BOGOTÁ D.C.,2022,46,71.0,70.0,68.0,68.0,77.0,8.0,69.8,349.0,159
023895,LICEO JUAN RAMON JIMENEZ,BOGOTÁ D.C.,2023,47,69.0,69.0,68.0,67.0,80.0,8.2,69.2,346.0,204
023895,LICEO JUAN RAMON JIMENEZ,BOGOTÁ D.C.,2024,47,68.0,68.0,64.0,65.0,75.0,8.6,66.9,334.5,427
023895,LICEO JUAN RAMON JIMENEZ,BOGOTÁ D.C.,2025,38,69.0,70.0,67.0,68.0,78.0,7.6,69.2,346.0,262
019828,COL ANTONIO NARIÑO H.H. CORAZONISTAS,BOGOTÁ D.C.,2020,40,65.0,69.0,64.0,66.0,69.0,6.4,66.2,331.0,314
019828,COL ANTONIO NARIÑO H.H. CORAZONISTAS,BOGOTÁ D.C.,2021,62,67.0,69.0,66.0,66.0,73.0,7.2,67.5,337.5,271
019828,COL ANTONIO NARIÑO H.H. CORAZONISTAS,BOGOTÁ D.C.,2022,53,67.0,71.0,67.0,67.0,74.0,7.0,68.5,342.5,247
019828,COL ANTONIO NARIÑO H.H. CORAZONISTAS,BOGOTÁ D.C.,2023,55,70.0,73.0,67.0,68.0,76.0,7.4,70.0,350.0,152
019828,COL ANTONIO NARIÑO H.H. CORAZONISTAS,BOGOTÁ D.C.,2024,56,67.0,73.0,64.0,66.0,73.0,6.6,67.9,339.5,326
019828,COL ANTONIO NARIÑO H.H. CORAZONISTAS,BOGOTÁ D.C.,2025,72,68.0,72.0,64.0,68.0,74.0,7.4,68.5,342.5,342
062497,COLEGIO SAN MATEO APOSTOL BILINGÜE INTERNACIONAL,BOGOTÁ D.C.,2020,67,67.0,72.0,67.0,68.0,82.0,7.6,69.5,347.5,129
062497,COLEGIO SAN MATEO APOSTOL BILINGÜE INTERNACIONAL,BOGOTÁ D.C.,2021,67,71.0,76.0,69.0,69.0,84.0,7.4,72.2,361.0,50
062497,COLEGIO SAN MATEO APOSTOL BILINGÜE INTERNACIONAL,BOGOTÁ D.C.,2022,58,71.0,74.0,69.0,70.0,83.0,8.0,71.9,359.5,65
062497,COLEGIO SAN MATEO APOSTOL BILINGÜE INTERNACIONAL,BOGOTÁ D.C.,2023,57,70.0,75.0,68.0,70.0,84.0,7.8,71.8,359.0,73
062497,COLEGIO SAN MATEO APOSTOL BILINGÜE INTERNACIONAL,BOGOTÁ D.C.,2024,66,72.0,76.0,70.0,69.0,84.0,6.8,72.7,363.5,62
062497,COLEGIO SAN MATEO APOSTOL BILINGÜE INTERNACIONAL,BOGOTÁ D.C.,2025,1,59.0,66.0,59.0,66.0,80.0,0.0,63.8,319.0,854
062497,COLEGIO SAN MATEO APOSTOL BILINGÜE INTERNACIONAL,BOGOTÁ D.C.,2025,71,69.0,73.0,66.0,68.0,83.0,7.2,70.1,350.5,205
177469,COL  MONTESSORI BRITISH SCHOOL,BOGOTÁ D.C.,2020,46,69.0,73.0,67.0,67.0,84.0,7.4,70.2,351.0,99
177469,COL  MONTESSORI BRITISH SCHOOL,BOGOTÁ D.C.,2021,49,71.0,77.0,69.0,68.0,87.0,7.8,72.5,362.5,46
177469,COL  MONTESSORI BRITISH SCHOOL,BOGOTÁ D.C.,2022,43,70.0,75.0,68.0,68.0,86.0,7.8,71.5,357.5,81
177469,COL  MONTESSORI BRITISH SCHOOL,BOGOTÁ D.C.,2023,44,68.0,72.0,64.0,67.0,85.0,7.6,69.1,345.5,215
177469,COL  MONTESSORI BRITISH SCHOOL,BOGOTÁ D.C.,2024,34,68.0,72.0,66.0,67.0,85.0,7.4,69.5,347.5,214
177469,COL  MONTESSORI BRITISH SCHOOL,BOGOTÁ D.C.,2025,30,71.0,74.0,67.0,68.0,86.0,7.8,71.2,356.0,130
022632,ASPAEN GIMNASIO IRAGUA,BOGOTÁ D.C.,2020,28,67.0,69.0,63.0,65.0,81.0,7.6,67.2,336.0,253
022632,ASPAEN GIMNASIO IRAGUA,BOGOTÁ D.C.,2021,45,69.0,72.0,70.0,67.0,85.0,8.0,70.7,353.5,108
022632,ASPAEN GIMNASIO IRAGUA,BOGOTÁ D.C.,2022,44,69.0,72.0,65.0,65.0,84.0,8.2,69.0,345.0,200
022632,ASPAEN GIMNASIO IRAGUA,BOGOTÁ D.C.,2023,50,69.0,69.0,65.0,64.0,83.0,9.0,68.0,340.0,284
022632,ASPAEN GIMNASIO IRAGUA,BOGOTÁ D.C.,2024,41,69.0,71.0,65.0,64.0,85.0,7.4,68.6,343.0,271
022632,ASPAEN GIMNASIO IRAGUA,BOGOTÁ D.C.,2025,36,70.0,72.0,68.0,68.0,86.0,9.4,70.8,354.0,151
062182,COL BILING BUCKINGHAM,BOGOTÁ D.C.,2020,1,0.0,0.0,0.0,0.0,0.0,0.0,0.0,0.0,13765
062182,COL BILING BUCKINGHAM,BOGOTÁ D.C.,2020,24,68.0,71.0,68.0,65.0,83.0,7.8,69.2,346.0,137
062182,COL BILING BUCKINGHAM,BOGOTÁ D.C.,2021,47,73.0,74.0,72.0,70.0,89.0,8.4,73.5,367.5,26
062182,COL BILING BUCKINGHAM,BOGOTÁ D.C.,2022,49,70.0,72.0,68.0,68.0,85.0,5.8,70.7,353.5,114
062182,COL BILING BUCKINGHAM,BOGOTÁ D.C.,2023,31,69.0,72.0,68.0,67.0,86.0,6.4,70.3,351.5,143
062182,COL BILING BUCKINGHAM,BOGOTÁ D.C.,2024,38,71.0,72.0,70.0,69.0,86.0,7.2,71.7,358.5,90
062182,COL BILING BUCKINGHAM,BOGOTÁ D.C.,2025,38,71.0,72.0,68.0,68.0,87.0,8.6,71.1,355.5,142
157875,COLEGIO CRISTIANO GRACIA Y AMOR,BOGOTÁ D.C.,2020,22,66.0,63.0,63.0,60.0,68.0,8.2,63.4,317.0,522
157875,COLEGIO CRISTIANO GRACIA Y AMOR,BOGOTÁ D.C.,2021,15,66.0,63.0,64.0,62.0,72.0,10.4,64.4,322.0,465
157875,COLEGIO CRISTIANO GRACIA Y AMOR,BOGOTÁ D.C.,2022,13,70.0,69.0,66.0,65.0,79.0,7.6,68.4,342.0,247
157875,COLEGIO CRISTIANO GRACIA Y AMOR,BOGOTÁ D.C.,2023,21,66.0,62.0,59.0,60.0,70.0,9.8,62.4,312.0,864
157875,COLEGIO CRISTIANO GRACIA Y AMOR,BOGOTÁ D.C.,2024,14,69.0,68.0,65.0,66.0,76.0,8.0,67.7,338.5,343
157875,COLEGIO CRISTIANO GRACIA Y AMOR,BOGOTÁ D.C.,2025,18,70.0,67.0,66.0,67.0,78.0,9.0,68.3,341.5,361
063438,COLEGIO NUEVA INGLATERRA BILINGÜE INTERNACIONAL,BOGOTÁ D.C.,2020,55,67.0,71.0,69.0,67.0,80.0,8.0,69.4,347.0,129
063438,COLEGIO NUEVA INGLATERRA BILINGÜE INTERNACIONAL,BOGOTÁ D.C.,2021,67,69.0,73.0,66.0,67.0,85.0,6.8,70.0,350.0,131
063438,COLEGIO NUEVA INGLATERRA BILINGÜE INTERNACIONAL,BOGOTÁ D.C.,2022,61,72.0,74.0,69.0,69.0,85.0,7.6,72.1,360.5,60
063438,COLEGIO NUEVA INGLATERRA BILINGÜE INTERNACIONAL,BOGOTÁ D.C.,2023,60,70.0,74.0,68.0,68.0,85.0,7.2,71.2,356.0,94
063438,COLEGIO NUEVA INGLATERRA BILINGÜE INTERNACIONAL,BOGOTÁ D.C.,2024,58,69.0,74.0,68.0,68.0,85.0,7.4,70.9,354.5,120
063438,COLEGIO NUEVA INGLATERRA BILINGÜE INTERNACIONAL,BOGOTÁ D.C.,2025,59,70.0,73.0,67.0,67.0,85.0,7.0,70.5,352.5,169
056416,LICEO HYPATIA,BOGOTÁ D.C.,2020,33,65.0,71.0,65.0,66.0,68.0,6.8,66.8,334.0,279
056416,LICEO HYPATIA,BOGOTÁ D.C.,2021,27,68.0,70.0,66.0,66.0,75.0,8.0,68.1,340.5,232
056416,LICEO HYPATIA,BOGOTÁ D.C.,2022,31,68.0,71.0,65.0,65.0,74.0,5.6,67.8,339.0,280
056416,LICEO HYPATIA,BOGOTÁ D.C.,2023,21,67.0,70.0,66.0,67.0,74.0,6.6,68.0,340.0,284
056416,LICEO HYPATIA,BOGOTÁ D.C.,2024,21,70.0,76.0,68.0,70.0,78.0,7.8,71.5,357.5,97
056416,LICEO HYPATIA,BOGOTÁ D.C.,2025,26,69.0,72.0,65.0,67.0,74.0,7.2,68.7,343.5,316
046573,LIC DEL EJERCITO PATRIA SECTOR SUR C (SANTA BARBARA),BOGOTÁ D.C.,2020,32,66.0,67.0,67.0,63.0,64.0,7.0,65.6,328.0,354
046573,LIC DEL EJERCITO PATRIA SECTOR SUR C (SANTA BARBARA),BOGOTÁ D.C.,2021,37,67.0,66.0,64.0,63.0,70.0,8.4,65.4,327.0,386
046573,LIC DEL EJERCITO PATRIA SECTOR SUR C (SANTA BARBARA),BOGOTÁ D.C.,2022,19,66.0,65.0,64.0,62.0,69.0,7.0,64.6,323.0,513
046573,LIC DEL EJERCITO PATRIA SECTOR SUR C (SANTA BARBARA),BOGOTÁ D.C.,2023,34,65.0,64.0,64.0,63.0,70.0,7.8,64.5,322.5,618
046573,LIC DEL EJERCITO PATRIA SECTOR SUR C (SANTA BARBARA),BOGOTÁ D.C.,2024,35,68.0,65.0,66.0,63.0,69.0,8.2,65.8,329.0,518
046573,LIC DEL EJERCITO PATRIA SECTOR SUR C (SANTA BARBARA),BOGOTÁ D.C.,2025,31,68.0,68.0,67.0,67.0,70.0,7.2,67.7,338.5,410
062919,COL BILING NUEVA ALEJANDRIA,BOGOTÁ D.C.,2020,18,68.0,75.0,72.0,68.0,76.0,7.0,71.2,356.0,71
062919,COL BILING NUEVA ALEJANDRIA,BOGOTÁ D.C.,2021,14,66.0,71.0,67.0,65.0,76.0,5.6,67.9,339.5,246
062919,COL BILING NUEVA ALEJANDRIA,BOGOTÁ D.C.,2022,16,70.0,75.0,69.0,67.0,81.0,6.8,71.1,355.5,96
062919,COL BILING NUEVA ALEJANDRIA,BOGOTÁ D.C.,2023,19,69.0,71.0,68.0,66.0,79.0,10.2,69.3,346.5,204
062919,COL BILING NUEVA ALEJANDRIA,BOGOTÁ D.C.,2024,18,69.0,76.0,68.0,66.0,76.0,7.8,70.2,351.0,164
062919,COL BILING NUEVA ALEJANDRIA,BOGOTÁ D.C.,2025,19,67.0,70.0,65.0,67.0,77.0,7.6,68.0,340.0,375
601013,COLEGIO INTERNACIONAL CAMINO A LA CIMA,BOGOTÁ D.C.,2020,15,63.0,68.0,65.0,62.0,68.0,7.6,64.8,324.0,403
601013,COLEGIO INTERNACIONAL CAMINO A LA CIMA,BOGOTÁ D.C.,2021,21,66.0,67.0,62.0,63.0,76.0,6.8,65.4,327.0,386
601013,COLEGIO INTERNACIONAL CAMINO A LA CIMA,BOGOTÁ D.C.,2022,18,69.0,71.0,64.0,67.0,76.0,5.6,68.4,342.0,247
601013,COLEGIO INTERNACIONAL CAMINO A LA CIMA,BOGOTÁ D.C.,2023,20,71.0,70.0,68.0,68.0,80.0,7.4,70.1,350.5,152
601013,COLEGIO INTERNACIONAL CAMINO A LA CIMA,BOGOTÁ D.C.,2024,22,66.0,72.0,65.0,66.0,79.0,8.6,68.2,341.0,298
601013,COLEGIO INTERNACIONAL CAMINO A LA CIMA,BOGOTÁ D.C.,2025,13,72.0,74.0,67.0,67.0,81.0,8.4,70.8,354.0,151
025411,GIMNASIO DE LOS CERROS,BOGOTÁ D.C.,2020,38,71.0,74.0,69.0,68.0,85.0,9.2,71.6,358.0,61
025411,GIMNASIO DE LOS CERROS,BOGOTÁ D.C.,2021,45,70.0,75.0,68.0,68.0,83.0,10.2,71.2,356.0,85
025411,GIMNASIO DE LOS CERROS,BOGOTÁ D.C.,2022,35,69.0,71.0,67.0,66.0,81.0,7.2,69.2,346.0,187
025411,GIMNASIO DE LOS CERROS,BOGOTÁ D.C.,2023,45,69.0,71.0,64.0,66.0,84.0,8.6,68.8,344.0,227
025411,GIMNASIO DE LOS CERROS,BOGOTÁ D.C.,2024,37,70.0,75.0,68.0,69.0,83.0,7.8,71.5,357.5,97
025411,GIMNASIO DE LOS CERROS,BOGOTÁ D.C.,2025,41,68.0,74.0,67.0,67.0,82.0,6.6,70.0,350.0,205
032730,COL DE LA SALLE,BOGOTÁ D.C.,2020,105,63.0,66.0,63.0,63.0,69.0,8.6,64.2,321.0,456
032730,COL DE LA SALLE,BOGOTÁ D.C.,2021,121,65.0,67.0,63.0,64.0,75.0,9.2,65.5,327.5,386
032730,COL DE LA SALLE,BOGOTÁ D.C.,2022,92,66.0,66.0,63.0,63.0,74.0,8.0,65.2,326.0,477
032730,COL DE LA SALLE,BOGOTÁ D.C.,2023,68,66.0,66.0,62.0,63.0,75.0,8.4,65.1,325.5,557
032730,COL DE LA SALLE,BOGOTÁ D.C.,2024,78,65.0,68.0,63.0,66.0,74.0,10.0,66.2,331.0,488
032730,COL DE LA SALLE,BOGOTÁ D.C.,2025,51,67.0,69.0,64.0,66.0,77.0,8.0,67.3,336.5,445
156232,COLEGIO CALASANZ,BOGOTÁ D.C.,2020,75,65.0,69.0,67.0,65.0,72.0,8.4,66.9,334.5,279
156232,COLEGIO CALASANZ,BOGOTÁ D.C.,2021,97,69.0,72.0,67.0,66.0,79.0,10.2,69.3,346.5,175
156232,COLEGIO CALASANZ,BOGOTÁ D.C.,2022,76,68.0,72.0,65.0,66.0,76.0,8.0,68.4,342.0,247
156232,COLEGIO CALASANZ,BOGOTÁ D.C.,2023,87,68.0,69.0,64.0,64.0,78.0,7.6,67.2,336.0,347
156232,COLEGIO CALASANZ,BOGOTÁ D.C.,2024,77,70.0,72.0,66.0,66.0,79.0,8.4,69.3,346.5,227
156232,COLEGIO CALASANZ,BOGOTÁ D.C.,2025,66,69.0,70.0,65.0,66.0,76.0,7.8,68.2,341.0,361
123091,COLEGIO DOMINGO SAVIO BILINGUAL SCHOOL,BOGOTÁ D.C.,2020,52,61.0,62.0,62.0,59.0,68.0,8.6,61.5,307.5,760
123091,COLEGIO DOMINGO SAVIO BILINGUAL SCHOOL,BOGOTÁ D.C.,2021,67,62.0,60.0,59.0,59.0,73.0,7.4,61.0,305.0,837
123091,COLEGIO DOMINGO SAVIO BILINGUAL SCHOOL,BOGOTÁ D.C.,2022,81,65.0,64.0,60.0,62.0,75.0,8.6,63.7,318.5,629
123091,COLEGIO DOMINGO SAVIO BILINGUAL SCHOOL,BOGOTÁ D.C.,2023,85,65.0,67.0,63.0,64.0,78.0,8.0,65.8,329.0,466
123091,COLEGIO DOMINGO SAVIO BILINGUAL SCHOOL,BOGOTÁ D.C.,2024,76,65.0,67.0,62.0,63.0,78.0,7.6,65.3,326.5,576
123091,COLEGIO DOMINGO SAVIO BILINGUAL SCHOOL,BOGOTÁ D.C.,2025,74,68.0,69.0,63.0,66.0,79.0,7.8,67.5,337.5,426
143537,GIMN NUEVO MODELIA,BOGOTÁ D.C.,2020,37,67.0,67.0,66.0,66.0,71.0,7.0,66.8,334.0,279
143537,GIMN NUEVO MODELIA,BOGOTÁ D.C.,2021,35,68.0,71.0,66.0,67.0,79.0,6.8,68.8,344.0,192
143537,GIMN NUEVO MODELIA,BOGOTÁ D.C.,2022,29,69.0,72.0,65.0,65.0,73.0,9.0,68.2,341.0,262
143537,GIMN NUEVO MODELIA,BOGOTÁ D.C.,2023,38,72.0,71.0,66.0,67.0,78.0,7.6,69.7,348.5,180
143537,GIMN NUEVO MODELIA,BOGOTÁ D.C.,2024,63,67.0,72.0,64.0,67.0,76.0,8.0,68.2,341.0,298
143537,GIMN NUEVO MODELIA,BOGOTÁ D.C.,2025,51,68.0,71.0,65.0,66.0,78.0,7.2,68.3,341.5,361
059444,COLEGIO MONSERRATE,BOGOTÁ D.C.,2020,17,61.0,59.0,58.0,54.0,60.0,10.2,58.2,291.0,1247
059444,COLEGIO MONSERRATE,BOGOTÁ D.C.,2021,18,53.0,50.0,48.0,48.0,54.0,9.4,50.1,250.5,4448
059444,COLEGIO MONSERRATE,BOGOTÁ D.C.,2022,20,59.0,55.0,53.0,53.0,59.0,8.8,55.3,276.5,2495
059444,COLEGIO MONSERRATE,BOGOTÁ D.C.,2023,13,55.0,52.0,50.0,53.0,58.0,8.8,52.9,264.5,3891
059444,COLEGIO MONSERRATE,BOGOTÁ D.C.,2024,4,65.0,59.0,56.0,54.0,64.0,15.2,58.9,294.5,1724
059444,COLEGIO MONSERRATE,BOGOTÁ D.C.,2025,5,72.0,65.0,68.0,66.0,77.0,5.4,68.5,342.5,342
059659,LICEO CATOLICO CAMPESTRE,BOGOTÁ D.C.,2020,15,62.0,67.0,64.0,65.0,69.0,8.8,64.8,324.0,403
059659,LICEO CATOLICO CAMPESTRE,BOGOTÁ D.C.,2021,11,64.0,68.0,64.0,61.0,75.0,6.4,65.1,325.5,421
059659,LICEO CATOLICO CAMPESTRE,BOGOTÁ D.C.,2022,20,68.0,66.0,63.0,63.0,79.0,7.2,66.1,330.5,411
059659,LICEO CATOLICO CAMPESTRE,BOGOTÁ D.C.,2023,13,64.0,65.0,63.0,59.0,75.0,10.0,63.7,318.5,687
059659,LICEO CATOLICO CAMPESTRE,BOGOTÁ D.C.,2024,9,66.0,67.0,62.0,64.0,78.0,7.2,65.8,329.0,518
059659,LICEO CATOLICO CAMPESTRE,BOGOTÁ D.C.,2025,14,68.0,68.0,65.0,66.0,76.0,9.4,67.5,337.5,426
760066,COLEGIO MONTEHELENA BILINGÜE - SEDE PRINCIPAL,BOGOTÁ D.C.,2022,15,60.0,59.0,58.0,56.0,63.0,6.4,58.6,293.0,1521
760066,COLEGIO MONTEHELENA BILINGÜE - SEDE PRINCIPAL,BOGOTÁ D.C.,2023,10,69.0,65.0,64.0,65.0,75.0,7.6,66.5,332.5,419
760066,COLEGIO MONTEHELENA BILINGÜE - SEDE PRINCIPAL,BOGOTÁ D.C.,2024,18,66.0,67.0,64.0,63.0,73.0,6.4,65.6,328.0,540
760066,COLEGIO MONTEHELENA BILINGÜE - SEDE PRINCIPAL,BOGOTÁ D.C.,2025,17,68.0,68.0,64.0,66.0,79.0,8.0,67.5,337.5,426
023846,LIC HNO MIGUEL LA SALLE,BOGOTÁ D.C.,2020,138,62.0,64.0,63.0,62.0,64.0,8.6,62.8,314.0,599
023846,LIC HNO MIGUEL LA SALLE,BOGOTÁ D.C.,2021,131,64.0,65.0,62.0,61.0,70.0,8.8,63.5,317.5,561
023846,LIC HNO MIGUEL LA SALLE,BOGOTÁ D.C.,2022,114,64.0,65.0,61.0,61.0,72.0,7.6,63.5,317.5,654
023846,LIC HNO MIGUEL LA SALLE,BOGOTÁ D.C.,2023,101,66.0,66.0,63.0,63.0,73.0,8.8,65.2,326.0,529
023846,LIC HNO MIGUEL LA SALLE,BOGOTÁ D.C.,2024,93,65.0,69.0,63.0,63.0,73.0,7.6,65.6,328.0,540
023846,LIC HNO MIGUEL LA SALLE,BOGOTÁ D.C.,2025,109,67.0,69.0,62.0,66.0,74.0,9.0,66.6,333.0,494
021345,COL HISPANOAMERICANO CONDE ANSUREZ,BOGOTÁ D.C.,2020,47,64.0,65.0,65.0,64.0,75.0,8.8,65.3,326.5,380
021345,COL HISPANOAMERICANO CONDE ANSUREZ,BOGOTÁ D.C.,2021,47,68.0,66.0,64.0,65.0,79.0,7.4,66.8,334.0,293
021345,COL HISPANOAMERICANO CONDE ANSUREZ,BOGOTÁ D.C.,2022,52,68.0,65.0,65.0,64.0,81.0,8.0,66.7,333.5,370
021345,COL HISPANOAMERICANO CONDE ANSUREZ,BOGOTÁ D.C.,2023,39,70.0,69.0,66.0,66.0,81.0,8.6,68.8,344.0,227
021345,COL HISPANOAMERICANO CONDE ANSUREZ,BOGOTÁ D.C.,2024,49,70.0,69.0,66.0,66.0,82.0,7.2,68.8,344.0,256
021345,COL HISPANOAMERICANO CONDE ANSUREZ,BOGOTÁ D.C.,2025,52,69.0,69.0,67.0,66.0,81.0,7.6,68.8,344.0,299
076711,COLEGIO RICHARD WAGNER,BOGOTÁ D.C.,2020,5,58.0,56.0,54.0,57.0,59.0,7.4,56.5,282.5,1644
076711,COLEGIO RICHARD WAGNER,BOGOTÁ D.C.,2021,3,54.0,48.0,46.0,50.0,67.0,8.2,50.8,254.0,3928
076711,COLEGIO RICHARD WAGNER,BOGOTÁ D.C.,2023,4,61.0,58.0,51.0,52.0,67.0,11.0,56.4,282.0,2275
076711,COLEGIO RICHARD WAGNER,BOGOTÁ D.C.,2025,3,68.0,68.0,69.0,66.0,78.0,7.4,68.5,342.5,342
085605,COLEGIO EVERGREEN,BOGOTÁ D.C.,2020,30,64.0,69.0,64.0,64.0,75.0,6.8,66.0,330.0,321
085605,COLEGIO EVERGREEN,BOGOTÁ D.C.,2021,19,66.0,65.0,60.0,62.0,82.0,9.4,64.7,323.5,452
085605,COLEGIO EVERGREEN,BOGOTÁ D.C.,2022,11,69.0,69.0,64.0,67.0,81.0,6.4,68.3,341.5,262
085605,COLEGIO EVERGREEN,BOGOTÁ D.C.,2023,20,68.0,68.0,66.0,66.0,81.0,7.6,68.1,340.5,284
085605,COLEGIO EVERGREEN,BOGOTÁ D.C.,2024,20,70.0,70.0,69.0,67.0,85.0,8.0,70.2,351.0,164
085605,COLEGIO EVERGREEN,BOGOTÁ D.C.,2025,14,68.0,72.0,68.0,66.0,85.0,7.8,69.8,349.0,215
102632,COL AGUSTINIANO CIUDAD SALITRE,BOGOTÁ D.C.,2020,199,65.0,68.0,65.0,63.0,73.0,8.8,65.8,329.0,335
102632,COL AGUSTINIANO CIUDAD SALITRE,BOGOTÁ D.C.,2021,223,69.0,69.0,67.0,65.0,79.0,7.8,68.4,342.0,210
102632,COL AGUSTINIANO CIUDAD SALITRE,BOGOTÁ D.C.,2022,204,68.0,68.0,64.0,64.0,78.0,7.8,66.9,334.5,351
102632,COL AGUSTINIANO CIUDAD SALITRE,BOGOTÁ D.C.,2023,187,67.0,69.0,62.0,64.0,79.0,8.6,66.5,332.5,419
102632,COL AGUSTINIANO CIUDAD SALITRE,BOGOTÁ D.C.,2024,164,66.0,70.0,63.0,65.0,78.0,8.8,66.9,334.5,427
102632,COL AGUSTINIANO CIUDAD SALITRE,BOGOTÁ D.C.,2025,148,68.0,69.0,64.0,66.0,76.0,7.6,67.5,337.5,426
019752,COL AGUSTINIANO NORTE,BOGOTÁ D.C.,2020,208,62.0,67.0,64.0,62.0,66.0,8.8,63.9,319.5,496
019752,COL AGUSTINIANO NORTE,BOGOTÁ D.C.,2021,187,66.0,69.0,64.0,64.0,75.0,8.6,66.5,332.5,320
019752,COL AGUSTINIANO NORTE,BOGOTÁ D.C.,2022,209,66.0,68.0,62.0,64.0,72.0,8.4,65.5,327.5,463
019752,COL AGUSTINIANO NORTE,BOGOTÁ D.C.,2023,214,66.0,68.0,63.0,64.0,72.0,8.6,65.8,329.0,466
019752,COL AGUSTINIANO NORTE,BOGOTÁ D.C.,2024,183,65.0,69.0,62.0,64.0,73.0,8.6,65.6,328.0,540
019752,COL AGUSTINIANO NORTE,BOGOTÁ D.C.,2025,132,67.0,69.0,64.0,66.0,75.0,8.8,67.2,336.0,445
085654,GIMNASIO CAMPESTRE BETH-SHALOM,BOGOTÁ D.C.,2020,43,66.0,67.0,67.0,62.0,71.0,7.6,65.9,329.5,335
085654,GIMNASIO CAMPESTRE BETH-SHALOM,BOGOTÁ D.C.,2021,49,68.0,68.0,65.0,64.0,78.0,7.6,67.2,336.0,279
085654,GIMNASIO CAMPESTRE BETH-SHALOM,BOGOTÁ D.C.,2022,43,69.0,66.0,64.0,65.0,79.0,7.2,67.0,335.0,335
085654,GIMNASIO CAMPESTRE BETH-SHALOM,BOGOTÁ D.C.,2023,39,68.0,67.0,65.0,65.0,78.0,7.6,67.2,336.0,347
085654,GIMNASIO CAMPESTRE BETH-SHALOM,BOGOTÁ D.C.,2024,35,65.0,67.0,61.0,62.0,76.0,7.8,64.7,323.5,639
085654,GIMNASIO CAMPESTRE BETH-SHALOM,BOGOTÁ D.C.,2025,48,69.0,68.0,64.0,66.0,78.0,7.8,67.6,338.0,410
020628,COL DEL ROSARIO DE SANTO DOMINGO,BOGOTÁ D.C.,2020,48,69.0,70.0,69.0,65.0,71.0,8.0,68.5,342.5,179
020628,COL DEL ROSARIO DE SANTO DOMINGO,BOGOTÁ D.C.,2021,40,67.0,68.0,65.0,65.0,75.0,9.8,66.9,334.5,293
020628,COL DEL ROSARIO DE SANTO DOMINGO,BOGOTÁ D.C.,2022,40,69.0,70.0,66.0,64.0,77.0,7.2,68.0,340.0,268
020628,COL DEL ROSARIO DE SANTO DOMINGO,BOGOTÁ D.C.,2023,27,70.0,70.0,66.0,64.0,76.0,9.8,68.2,341.0,269
020628,COL DEL ROSARIO DE SANTO DOMINGO,BOGOTÁ D.C.,2024,22,70.0,72.0,67.0,68.0,82.0,7.2,70.2,351.0,164
020628,COL DEL ROSARIO DE SANTO DOMINGO,BOGOTÁ D.C.,2025,29,69.0,71.0,66.0,66.0,79.0,5.8,68.8,344.0,299
714188,FUNDACION COLEGIO EMILIO VALENZUELA - SEDE PRINCIPAL,BOGOTÁ D.C.,2020,74,60.0,63.0,58.0,58.0,67.0,9.8,60.3,301.5,918
714188,FUNDACION COLEGIO EMILIO VALENZUELA - SEDE PRINCIPAL,BOGOTÁ D.C.,2021,64,63.0,62.0,59.0,59.0,74.0,8.6,61.8,309.0,730
714188,FUNDACION COLEGIO EMILIO VALENZUELA - SEDE PRINCIPAL,BOGOTÁ D.C.,2022,60,66.0,65.0,63.0,61.0,76.0,8.8,64.7,323.5,513
714188,FUNDACION COLEGIO EMILIO VALENZUELA - SEDE PRINCIPAL,BOGOTÁ D.C.,2023,66,65.0,65.0,63.0,61.0,79.0,8.4,64.7,323.5,597
714188,FUNDACION COLEGIO EMILIO VALENZUELA - SEDE PRINCIPAL,BOGOTÁ D.C.,2024,65,62.0,64.0,60.0,61.0,78.0,9.0,63.0,315.0,865
714188,FUNDACION COLEGIO EMILIO VALENZUELA - SEDE PRINCIPAL,BOGOTÁ D.C.,2025,66,67.0,66.0,61.0,66.0,78.0,8.2,66.0,330.0,564
055988,COL LOS NOGALES,BOGOTÁ D.C.,2020,1,58.0,71.0,75.0,62.0,100.0,0.0,69.1,345.5,143
055988,COL LOS NOGALES,BOGOTÁ D.C.,2020,60,70.0,76.0,69.0,69.0,89.0,7.4,72.4,362.0,41
055988,COL LOS NOGALES,BOGOTÁ D.C.,2021,65,71.0,77.0,70.0,71.0,87.0,7.2,73.4,367.0,26
055988,COL LOS NOGALES,BOGOTÁ D.C.,2022,74,71.0,74.0,69.0,69.0,85.0,6.8,71.8,359.0,65
055988,COL LOS NOGALES,BOGOTÁ D.C.,2023,65,70.0,76.0,68.0,68.0,87.0,7.4,71.8,359.0,73
055988,COL LOS NOGALES,BOGOTÁ D.C.,2024,62,70.0,77.0,68.0,68.0,89.0,7.4,72.2,361.0,73
055988,COL LOS NOGALES,BOGOTÁ D.C.,2025,69,69.0,75.0,66.0,66.0,87.0,8.0,70.4,352.0,169
034306,COLEGIO COLOMBO GALES,BOGOTÁ D.C.,2020,2,64.0,69.0,62.0,63.0,71.0,6.0,65.0,325.0,393
034306,COLEGIO COLOMBO GALES,BOGOTÁ D.C.,2020,48,65.0,67.0,64.0,62.0,83.0,7.4,65.9,329.5,335
034306,COLEGIO COLOMBO GALES,BOGOTÁ D.C.,2021,80,68.0,69.0,66.0,64.0,81.0,8.8,67.8,339.0,246
034306,COLEGIO COLOMBO GALES,BOGOTÁ D.C.,2022,69,67.0,68.0,64.0,64.0,81.0,8.2,66.9,334.5,351
034306,COLEGIO COLOMBO GALES,BOGOTÁ D.C.,2023,68,67.0,69.0,64.0,64.0,81.0,7.2,67.2,336.0,347
034306,COLEGIO COLOMBO GALES,BOGOTÁ D.C.,2024,51,68.0,69.0,68.0,66.0,83.0,8.8,68.9,344.5,256
034306,COLEGIO COLOMBO GALES,BOGOTÁ D.C.,2025,68,67.0,70.0,65.0,66.0,82.0,8.0,68.2,341.0,361
029231,CENT EDUC Y CULT ESPAÑOL REYES CATOLICOS,BOGOTÁ D.C.,2020,29,67.0,70.0,66.0,65.0,77.0,7.0,67.8,339.0,214
029231,CENT EDUC Y CULT ESPAÑOL REYES CATOLICOS,BOGOTÁ D.C.,2021,40,69.0,73.0,70.0,67.0,81.0,7.0,70.6,353.0,108
029231,CENT EDUC Y CULT ESPAÑOL REYES CATOLICOS,BOGOTÁ D.C.,2022,42,68.0,70.0,66.0,66.0,81.0,9.2,68.5,342.5,247
029231,CENT EDUC Y CULT ESPAÑOL REYES CATOLICOS,BOGOTÁ D.C.,2023,45,69.0,70.0,66.0,65.0,79.0,8.8,68.4,342.0,254
029231,CENT EDUC Y CULT ESPAÑOL REYES CATOLICOS,BOGOTÁ D.C.,2024,44,69.0,69.0,66.0,65.0,80.0,8.0,68.2,341.0,298
029231,CENT EDUC Y CULT ESPAÑOL REYES CATOLICOS,BOGOTÁ D.C.,2025,48,68.0,72.0,68.0,66.0,82.0,9.2,69.5,347.5,244
019422,COL ITALIANO LEONARDO DA VINCI,BOGOTÁ D.C.,2020,2,61.0,71.0,72.0,61.0,74.0,2.2,66.8,334.0,279
019422,COL ITALIANO LEONARDO DA VINCI,BOGOTÁ D.C.,2020,74,69.0,69.0,67.0,65.0,81.0,8.6,68.5,342.5,179
019422,COL ITALIANO LEONARDO DA VINCI,BOGOTÁ D.C.,2021,76,70.0,68.0,69.0,64.0,80.0,8.2,68.7,343.5,198
019422,COL ITALIANO LEONARDO DA VINCI,BOGOTÁ D.C.,2022,79,70.0,68.0,68.0,65.0,80.0,7.6,68.7,343.5,231
019422,COL ITALIANO LEONARDO DA VINCI,BOGOTÁ D.C.,2023,98,68.0,69.0,65.0,64.0,79.0,8.2,67.5,337.5,326
019422,COL ITALIANO LEONARDO DA VINCI,BOGOTÁ D.C.,2024,65,71.0,72.0,68.0,66.0,82.0,7.6,70.2,351.0,164
019422,COL ITALIANO LEONARDO DA VINCI,BOGOTÁ D.C.,2025,87,68.0,73.0,66.0,66.0,83.0,7.8,69.4,347.0,244
019489,REDCOL - COLEGIO SANTA FRANCISCA ROMANA,BOGOTÁ D.C.,2020,2,63.0,72.0,69.0,66.0,75.0,4.6,68.1,340.5,199
019489,REDCOL - COLEGIO SANTA FRANCISCA ROMANA,BOGOTÁ D.C.,2020,70,69.0,74.0,69.0,69.0,85.0,7.6,71.4,357.0,68
019489,REDCOL - COLEGIO SANTA FRANCISCA ROMANA,BOGOTÁ D.C.,2021,55,72.0,77.0,73.0,70.0,88.0,8.4,74.2,371.0,18
019489,REDCOL - COLEGIO SANTA FRANCISCA ROMANA,BOGOTÁ D.C.,2022,64,71.0,74.0,68.0,69.0,85.0,6.4,71.6,358.0,71
019489,REDCOL - COLEGIO SANTA FRANCISCA ROMANA,BOGOTÁ D.C.,2023,63,71.0,72.0,68.0,69.0,85.0,7.4,71.2,356.0,94
019489,REDCOL - COLEGIO SANTA FRANCISCA ROMANA,BOGOTÁ D.C.,2024,54,73.0,74.0,69.0,68.0,86.0,6.2,72.2,361.0,73
019489,REDCOL - COLEGIO SANTA FRANCISCA ROMANA,BOGOTÁ D.C.,2025,56,68.0,70.0,66.0,66.0,84.0,7.6,68.8,344.0,299
019406,COLEGIO HELVETIA,BOGOTÁ D.C.,2020,29,70.0,69.0,65.0,65.0,81.0,8.2,68.3,341.5,191
019406,COLEGIO HELVETIA,BOGOTÁ D.C.,2021,39,69.0,74.0,70.0,67.0,85.0,7.6,71.2,356.0,85
019406,COLEGIO HELVETIA,BOGOTÁ D.C.,2022,39,71.0,71.0,68.0,67.0,81.0,7.6,70.2,351.0,132
019406,COLEGIO HELVETIA,BOGOTÁ D.C.,2023,37,69.0,72.0,67.0,65.0,85.0,8.2,69.5,347.5,196
019406,COLEGIO HELVETIA,BOGOTÁ D.C.,2024,40,68.0,72.0,66.0,65.0,82.0,8.2,68.8,344.0,256
019406,COLEGIO HELVETIA,BOGOTÁ D.C.,2025,34,69.0,71.0,65.0,66.0,81.0,6.8,68.8,344.0,299
019786,COLEGIO ALVERNIA BILINGÜE,BOGOTÁ D.C.,2020,55,64.0,64.0,62.0,60.0,68.0,8.2,62.9,314.5,599
019786,COLEGIO ALVERNIA BILINGÜE,BOGOTÁ D.C.,2021,41,67.0,67.0,66.0,64.0,76.0,8.0,66.8,334.0,293
019786,COLEGIO ALVERNIA BILINGÜE,BOGOTÁ D.C.,2022,42,66.0,62.0,61.0,60.0,72.0,9.6,63.0,315.0,706
019786,COLEGIO ALVERNIA BILINGÜE,BOGOTÁ D.C.,2023,32,65.0,63.0,63.0,61.0,75.0,8.4,63.9,319.5,669
019786,COLEGIO ALVERNIA BILINGÜE,BOGOTÁ D.C.,2024,28,62.0,61.0,60.0,60.0,72.0,11.2,61.6,308.0,1105
019786,COLEGIO ALVERNIA BILINGÜE,BOGOTÁ D.C.,2025,18,68.0,68.0,64.0,65.0,81.0,8.4,67.4,337.0,426
039628,INSTITUTO CEMODEN,BOGOTÁ D.C.,2020,27,66.0,65.0,61.0,60.0,57.0,8.6,62.5,312.5,647
039628,INSTITUTO CEMODEN,BOGOTÁ D.C.,2021,26,65.0,64.0,64.0,62.0,68.0,6.8,64.1,320.5,491
039628,INSTITUTO CEMODEN,BOGOTÁ D.C.,2022,33,65.0,64.0,62.0,60.0,67.0,9.6,63.1,315.5,706
039628,INSTITUTO CEMODEN,BOGOTÁ D.C.,2023,28,66.0,65.0,65.0,63.0,68.0,7.0,65.0,325.0,557
039628,INSTITUTO CEMODEN,BOGOTÁ D.C.,2024,33,67.0,67.0,63.0,64.0,71.0,9.0,65.7,328.5,540
039628,INSTITUTO CEMODEN,BOGOTÁ D.C.,2025,37,67.0,68.0,64.0,65.0,69.0,8.0,66.2,331.0,532
052027,COLEGIO SANTO DOMINGO BILINGÜE,BOGOTÁ D.C.,2020,52,64.0,66.0,63.0,63.0,64.0,7.6,64.0,320.0,475
052027,COLEGIO SANTO DOMINGO BILINGÜE,BOGOTÁ D.C.,2021,62,67.0,67.0,62.0,62.0,71.0,8.4,65.0,325.0,421
052027,COLEGIO SANTO DOMINGO BILINGÜE,BOGOTÁ D.C.,2022,78,67.0,68.0,63.0,63.0,72.0,7.0,65.8,329.0,433
052027,COLEGIO SANTO DOMINGO BILINGÜE,BOGOTÁ D.C.,2023,69,67.0,68.0,64.0,63.0,72.0,6.8,66.0,330.0,451
052027,COLEGIO SANTO DOMINGO BILINGÜE,BOGOTÁ D.C.,2024,109,66.0,69.0,63.0,64.0,72.0,7.2,66.0,330.0,507
052027,COLEGIO SANTO DOMINGO BILINGÜE,BOGOTÁ D.C.,2025,121,68.0,70.0,66.0,65.0,75.0,8.0,67.8,339.0,397
145672,COLEGIO COLSUBSIDIO NORTE - SEDE PRINCIPAL,BOGOTÁ D.C.,2020,60,63.0,64.0,63.0,59.0,61.0,9.6,62.2,311.0,668
145672,COLEGIO COLSUBSIDIO NORTE - SEDE PRINCIPAL,BOGOTÁ D.C.,2021,62,64.0,62.0,62.0,60.0,68.0,8.6,62.5,312.5,653
145672,COLEGIO COLSUBSIDIO NORTE - SEDE PRINCIPAL,BOGOTÁ D.C.,2022,69,63.0,61.0,60.0,59.0,66.0,8.4,61.2,306.0,987
145672,COLEGIO COLSUBSIDIO NORTE - SEDE PRINCIPAL,BOGOTÁ D.C.,2023,59,65.0,63.0,64.0,61.0,68.0,9.2,63.6,318.0,687
145672,COLEGIO COLSUBSIDIO NORTE - SEDE PRINCIPAL,BOGOTÁ D.C.,2024,61,65.0,68.0,63.0,62.0,71.0,8.8,65.0,325.0,602
145672,COLEGIO COLSUBSIDIO NORTE - SEDE PRINCIPAL,BOGOTÁ D.C.,2025,83,67.0,69.0,64.0,65.0,72.0,8.6,66.7,333.5,494
098707,COL REAL ESCANDINAVO,BOGOTÁ D.C.,2020,25,65.0,70.0,66.0,65.0,72.0,7.4,66.9,334.5,279
098707,COL REAL ESCANDINAVO,BOGOTÁ D.C.,2021,14,68.0,67.0,63.0,63.0,73.0,7.6,65.8,329.0,358
098707,COL REAL ESCANDINAVO,BOGOTÁ D.C.,2022,31,65.0,65.0,63.0,62.0,75.0,8.6,64.6,323.0,513
098707,COL REAL ESCANDINAVO,BOGOTÁ D.C.,2023,38,68.0,69.0,66.0,64.0,76.0,8.2,67.5,337.5,326
098707,COL REAL ESCANDINAVO,BOGOTÁ D.C.,2024,20,68.0,68.0,64.0,65.0,77.0,8.6,67.1,335.5,400
098707,COL REAL ESCANDINAVO,BOGOTÁ D.C.,2025,30,69.0,70.0,63.0,65.0,77.0,9.6,67.5,337.5,426
085365,INST SAN PABLO APOSTOL,BOGOTÁ D.C.,2020,41,61.0,64.0,61.0,61.0,55.0,10.2,61.2,306.0,788
085365,INST SAN PABLO APOSTOL,BOGOTÁ D.C.,2021,58,63.0,63.0,59.0,59.0,60.0,7.8,60.9,304.5,863
085365,INST SAN PABLO APOSTOL,BOGOTÁ D.C.,2022,50,66.0,66.0,61.0,60.0,63.0,8.6,63.2,316.0,673
085365,INST SAN PABLO APOSTOL,BOGOTÁ D.C.,2023,35,65.0,69.0,60.0,62.0,63.0,7.8,63.9,319.5,669
085365,INST SAN PABLO APOSTOL,BOGOTÁ D.C.,2024,34,65.0,68.0,63.0,64.0,66.0,9.2,65.1,325.5,602
085365,INST SAN PABLO APOSTOL,BOGOTÁ D.C.,2025,25,71.0,74.0,66.0,65.0,69.0,8.6,69.0,345.0,280
075549,LICEO DEL EJERCITO PATRIA SECTOR NORTE B LICEO COLOMBIA,BOGOTÁ D.C.,2020,30,68.0,71.0,69.0,68.0,67.0,8.8,68.8,344.0,153
075549,LICEO DEL EJERCITO PATRIA SECTOR NORTE B LICEO COLOMBIA,BOGOTÁ D.C.,2021,29,66.0,70.0,64.0,65.0,70.0,9.4,66.5,332.5,320
075549,LICEO DEL EJERCITO PATRIA SECTOR NORTE B LICEO COLOMBIA,BOGOTÁ D.C.,2022,18,68.0,71.0,62.0,67.0,74.0,9.0,67.5,337.5,310
075549,LICEO DEL EJERCITO PATRIA SECTOR NORTE B LICEO COLOMBIA,BOGOTÁ D.C.,2023,21,67.0,72.0,63.0,67.0,75.0,7.6,67.8,339.0,303
075549,LICEO DEL EJERCITO PATRIA SECTOR NORTE B LICEO COLOMBIA,BOGOTÁ D.C.,2024,29,68.0,70.0,62.0,65.0,71.0,8.2,66.6,333.0,442
075549,LICEO DEL EJERCITO PATRIA SECTOR NORTE B LICEO COLOMBIA,BOGOTÁ D.C.,2025,28,68.0,71.0,64.0,65.0,73.0,8.2,67.5,337.5,426
020610,COL DE NSTRA SRA DEL ROSARIO,BOGOTÁ D.C.,2020,70,64.0,68.0,63.0,64.0,65.0,8.4,64.8,324.0,403
020610,COL DE NSTRA SRA DEL ROSARIO,BOGOTÁ D.C.,2021,65,66.0,69.0,64.0,64.0,71.0,8.6,66.2,331.0,336
020610,COL DE NSTRA SRA DEL ROSARIO,BOGOTÁ D.C.,2022,69,65.0,68.0,62.0,64.0,71.0,7.4,65.2,326.0,477
020610,COL DE NSTRA SRA DEL ROSARIO,BOGOTÁ D.C.,2023,79,66.0,68.0,61.0,63.0,71.0,7.6,65.0,325.0,557
020610,COL DE NSTRA SRA DEL ROSARIO,BOGOTÁ D.C.,2024,123,65.0,70.0,62.0,66.0,0.0,5.8,60.7,303.5,1312
020610,COL DE NSTRA SRA DEL ROSARIO,BOGOTÁ D.C.,2024,122,0.0,0.0,0.0,0.0,78.0,1.2,6.0,30.0,14606
020610,COL DE NSTRA SRA DEL ROSARIO,BOGOTÁ D.C.,2025,140,67.0,70.0,63.0,65.0,78.0,7.8,67.2,336.0,445
105460,COLEGIO ISIDRO MOLINA,BOGOTÁ D.C.,2020,23,61.0,63.0,60.0,60.0,54.0,7.6,60.5,302.5,898
105460,COLEGIO ISIDRO MOLINA,BOGOTÁ D.C.,2021,18,64.0,65.0,62.0,61.0,64.0,9.8,63.1,315.5,598
105460,COLEGIO ISIDRO MOLINA,BOGOTÁ D.C.,2022,18,66.0,65.0,64.0,63.0,67.0,7.6,64.7,323.5,513
105460,COLEGIO ISIDRO MOLINA,BOGOTÁ D.C.,2023,24,68.0,66.0,63.0,61.0,68.0,7.2,64.8,324.0,574
105460,COLEGIO ISIDRO MOLINA,BOGOTÁ D.C.,2024,22,65.0,66.0,62.0,61.0,67.0,8.6,63.8,319.0,737
105460,COLEGIO ISIDRO MOLINA,BOGOTÁ D.C.,2025,23,68.0,70.0,67.0,65.0,71.0,7.0,67.8,339.0,397
021824,COLEGIO PUREZA DE MARIA,BOGOTÁ D.C.,2020,32,62.0,65.0,61.0,61.0,68.0,8.4,62.7,313.5,625
021824,COLEGIO PUREZA DE MARIA,BOGOTÁ D.C.,2021,56,64.0,62.0,60.0,60.0,75.0,7.6,62.5,312.5,653
021824,COLEGIO PUREZA DE MARIA,BOGOTÁ D.C.,2022,32,68.0,69.0,64.0,63.0,74.0,7.2,66.6,333.0,370
021824,COLEGIO PUREZA DE MARIA,BOGOTÁ D.C.,2023,38,68.0,69.0,64.0,66.0,76.0,8.4,67.5,337.5,326
021824,COLEGIO PUREZA DE MARIA,BOGOTÁ D.C.,2024,24,66.0,68.0,64.0,65.0,74.0,6.4,66.4,332.0,469
021824,COLEGIO PUREZA DE MARIA,BOGOTÁ D.C.,2025,37,67.0,69.0,62.0,65.0,73.0,7.4,66.3,331.5,532
025924,COLEGIO SANTA ANA,BOGOTÁ D.C.,2020,96,64.0,67.0,63.0,63.0,65.0,7.6,64.3,321.5,456
025924,COLEGIO SANTA ANA,BOGOTÁ D.C.,2021,98,66.0,69.0,64.0,63.0,70.0,8.4,65.8,329.0,358
025924,COLEGIO SANTA ANA,BOGOTÁ D.C.,2022,109,65.0,68.0,62.0,63.0,68.0,7.2,64.8,324.0,501
025924,COLEGIO SANTA ANA,BOGOTÁ D.C.,2023,100,66.0,69.0,62.0,64.0,70.0,7.2,65.6,328.0,488
025924,COLEGIO SANTA ANA,BOGOTÁ D.C.,2024,92,67.0,72.0,64.0,64.0,73.0,7.0,67.2,336.0,380
025924,COLEGIO SANTA ANA,BOGOTÁ D.C.,2025,88,66.0,70.0,62.0,65.0,71.0,7.4,66.2,331.0,532
021436,COLEGIO BILINGÜE JOSE ALLAMANO - SEDE PRINCIPAL,BOGOTÁ D.C.,2020,68,65.0,67.0,64.0,63.0,75.0,7.6,65.5,327.5,368
021436,COLEGIO BILINGÜE JOSE ALLAMANO - SEDE PRINCIPAL,BOGOTÁ D.C.,2021,94,66.0,66.0,63.0,63.0,79.0,8.6,65.6,328.0,377
021436,COLEGIO BILINGÜE JOSE ALLAMANO - SEDE PRINCIPAL,BOGOTÁ D.C.,2022,95,66.0,67.0,61.0,64.0,78.0,7.4,65.5,327.5,463
021436,COLEGIO BILINGÜE JOSE ALLAMANO - SEDE PRINCIPAL,BOGOTÁ D.C.,2023,112,66.0,67.0,61.0,63.0,78.0,8.0,65.3,326.5,529
021436,COLEGIO BILINGÜE JOSE ALLAMANO - SEDE PRINCIPAL,BOGOTÁ D.C.,2024,109,64.0,67.0,62.0,64.0,77.0,7.0,65.2,326.0,576
021436,COLEGIO BILINGÜE JOSE ALLAMANO - SEDE PRINCIPAL,BOGOTÁ D.C.,2025,107,68.0,69.0,62.0,65.0,79.0,8.4,67.0,335.0,462
021584,FUND COL MAYOR DE SAN BARTOLOME,BOGOTÁ D.C.,2020,158,63.0,65.0,63.0,62.0,61.0,8.0,63.1,315.5,575
021584,FUND COL MAYOR DE SAN BARTOLOME,BOGOTÁ D.C.,2021,139,65.0,66.0,62.0,63.0,68.0,8.8,64.3,321.5,479
021584,FUND COL MAYOR DE SAN BARTOLOME,BOGOTÁ D.C.,2022,148,66.0,67.0,63.0,64.0,70.0,7.8,65.4,327.0,463
021584,FUND COL MAYOR DE SAN BARTOLOME,BOGOTÁ D.C.,2023,169,66.0,67.0,64.0,63.0,69.0,9.2,65.3,326.5,529
021584,FUND COL MAYOR DE SAN BARTOLOME,BOGOTÁ D.C.,2024,136,66.0,68.0,63.0,63.0,71.0,8.0,65.5,327.5,561
021584,FUND COL MAYOR DE SAN BARTOLOME,BOGOTÁ D.C.,2025,153,66.0,67.0,62.0,65.0,69.0,8.4,65.3,326.5,657
019505,COLEGIO DE INGLATERRA (THE ENGLISH SCHOOL) - SEDE PRINCIPAL,BOGOTÁ D.C.,2020,2,74.0,75.0,75.0,72.0,88.0,6.6,75.1,375.5,12
019505,COLEGIO DE INGLATERRA (THE ENGLISH SCHOOL) - SEDE PRINCIPAL,BOGOTÁ D.C.,2020,86,63.0,65.0,61.0,61.0,83.0,11.6,64.1,320.5,475
019505,COLEGIO DE INGLATERRA (THE ENGLISH SCHOOL) - SEDE PRINCIPAL,BOGOTÁ D.C.,2021,107,67.0,68.0,64.0,65.0,84.0,7.6,67.4,337.0,271
019505,COLEGIO DE INGLATERRA (THE ENGLISH SCHOOL) - SEDE PRINCIPAL,BOGOTÁ D.C.,2022,95,67.0,66.0,62.0,62.0,83.0,7.2,65.7,328.5,444
019505,COLEGIO DE INGLATERRA (THE ENGLISH SCHOOL) - SEDE PRINCIPAL,BOGOTÁ D.C.,2023,82,67.0,67.0,63.0,61.0,84.0,8.6,66.0,330.0,451
019505,COLEGIO DE INGLATERRA (THE ENGLISH SCHOOL) - SEDE PRINCIPAL,BOGOTÁ D.C.,2024,82,65.0,66.0,59.0,62.0,83.0,9.0,64.5,322.5,667
019505,COLEGIO DE INGLATERRA (THE ENGLISH SCHOOL) - SEDE PRINCIPAL,BOGOTÁ D.C.,2025,89,66.0,70.0,63.0,65.0,84.0,8.0,67.4,337.0,426
021899,COL SAN BARTOLOME LA MERCED,BOGOTÁ D.C.,2020,101,66.0,69.0,66.0,67.0,82.0,8.0,68.2,341.0,191
021899,COL SAN BARTOLOME LA MERCED,BOGOTÁ D.C.,2021,121,68.0,71.0,67.0,67.0,82.0,7.2,69.3,346.5,175
021899,COL SAN BARTOLOME LA MERCED,BOGOTÁ D.C.,2022,117,67.0,68.0,66.0,64.0,80.0,7.4,67.3,336.5,318
021899,COL SAN BARTOLOME LA MERCED,BOGOTÁ D.C.,2023,98,68.0,69.0,67.0,66.0,80.0,7.8,68.5,342.5,254
021899,COL SAN BARTOLOME LA MERCED,BOGOTÁ D.C.,2024,117,66.0,67.0,64.0,63.0,79.0,7.2,66.1,330.5,507
021899,COL SAN BARTOLOME LA MERCED,BOGOTÁ D.C.,2025,119,68.0,69.0,65.0,65.0,81.0,8.4,67.8,339.0,397
179226,COLEGIO KNIGHTSBRIDGE SCHOOLS INTERNATIONAL - SEDE PRINCIPAL,BOGOTÁ D.C.,2020,13,63.0,63.0,56.0,60.0,79.0,9.0,61.9,309.5,709
179226,COLEGIO KNIGHTSBRIDGE SCHOOLS INTERNATIONAL - SEDE PRINCIPAL,BOGOTÁ D.C.,2021,17,64.0,65.0,60.0,63.0,81.0,6.6,64.4,322.0,465
179226,COLEGIO KNIGHTSBRIDGE SCHOOLS INTERNATIONAL - SEDE PRINCIPAL,BOGOTÁ D.C.,2022,12,60.0,59.0,52.0,57.0,81.0,7.6,58.8,294.0,1463
179226,COLEGIO KNIGHTSBRIDGE SCHOOLS INTERNATIONAL - SEDE PRINCIPAL,BOGOTÁ D.C.,2023,13,65.0,64.0,62.0,62.0,81.0,7.0,64.6,323.0,597
179226,COLEGIO KNIGHTSBRIDGE SCHOOLS INTERNATIONAL - SEDE PRINCIPAL,BOGOTÁ D.C.,2024,4,73.0,64.0,70.0,64.0,87.0,8.0,69.2,346.0,227
179226,COLEGIO KNIGHTSBRIDGE SCHOOLS INTERNATIONAL - SEDE PRINCIPAL,BOGOTÁ D.C.,2025,8,63.0,70.0,61.0,65.0,83.0,11.0,66.2,331.0,532
054528,COLEGIO INTERNACIONAL DE EDUCACION INTEGRAL - CIEDI - BILINGÜE INTERNACIONAL - SEDE PRINCIPAL,BOGOTÁ D.C.,2020,28,68.0,69.0,64.0,66.0,85.0,8.6,68.2,341.0,191
054528,COLEGIO INTERNACIONAL DE EDUCACION INTEGRAL - CIEDI - BILINGÜE INTERNACIONAL - SEDE PRINCIPAL,BOGOTÁ D.C.,2021,38,69.0,72.0,68.0,68.0,83.0,7.4,70.3,351.5,124
054528,COLEGIO INTERNACIONAL DE EDUCACION INTEGRAL - CIEDI - BILINGÜE INTERNACIONAL - SEDE PRINCIPAL,BOGOTÁ D.C.,2022,38,70.0,72.0,67.0,67.0,83.0,6.4,70.1,350.5,148
054528,COLEGIO INTERNACIONAL DE EDUCACION INTEGRAL - CIEDI - BILINGÜE INTERNACIONAL - SEDE PRINCIPAL,BOGOTÁ D.C.,2023,57,70.0,72.0,66.0,67.0,85.0,7.0,70.0,350.0,152
054528,COLEGIO INTERNACIONAL DE EDUCACION INTEGRAL - CIEDI - BILINGÜE INTERNACIONAL - SEDE PRINCIPAL,BOGOTÁ D.C.,2024,45,70.0,72.0,66.0,67.0,86.0,9.6,70.1,350.5,175
054528,COLEGIO INTERNACIONAL DE EDUCACION INTEGRAL - CIEDI - BILINGÜE INTERNACIONAL - SEDE PRINCIPAL,BOGOTÁ D.C.,2025,40,67.0,68.0,62.0,65.0,84.0,8.4,66.9,334.5,482
079327,GIMNASIO LA MONTAÑA,BOGOTÁ D.C.,2020,45,70.0,73.0,70.0,70.0,87.0,6.6,72.0,360.0,52
079327,GIMNASIO LA MONTAÑA,BOGOTÁ D.C.,2021,47,67.0,71.0,67.0,65.0,85.0,8.0,68.8,344.0,192
079327,GIMNASIO LA MONTAÑA,BOGOTÁ D.C.,2022,48,70.0,71.0,68.0,67.0,83.0,6.4,70.1,350.5,148
079327,GIMNASIO LA MONTAÑA,BOGOTÁ D.C.,2023,62,70.0,71.0,66.0,66.0,86.0,7.8,69.6,348.0,180
079327,GIMNASIO LA MONTAÑA,BOGOTÁ D.C.,2024,34,69.0,71.0,66.0,66.0,86.0,6.6,69.4,347.0,214
079327,GIMNASIO LA MONTAÑA,BOGOTÁ D.C.,2025,52,69.0,69.0,67.0,65.0,87.0,8.0,69.0,345.0,280
022822,GIMNASIO LOS PINOS,BOGOTÁ D.C.,2020,96,64.0,66.0,63.0,62.0,74.0,8.6,64.5,322.5,443
022822,GIMNASIO LOS PINOS,BOGOTÁ D.C.,2021,110,67.0,66.0,63.0,63.0,79.0,8.4,65.8,329.0,358
022822,GIMNASIO LOS PINOS,BOGOTÁ D.C.,2022,82,66.0,65.0,62.0,62.0,80.0,8.0,65.0,325.0,492
022822,GIMNASIO LOS PINOS,BOGOTÁ D.C.,2023,55,67.0,67.0,63.0,64.0,79.0,8.6,66.3,331.5,430
022822,GIMNASIO LOS PINOS,BOGOTÁ D.C.,2024,82,67.0,69.0,63.0,63.0,78.0,8.4,66.5,332.5,469
022822,GIMNASIO LOS PINOS,BOGOTÁ D.C.,2025,80,67.0,67.0,63.0,64.0,82.0,9.0,66.5,332.5,519
066894,LICEO SAMARIO,BOGOTÁ D.C.,2020,116,63.0,65.0,62.0,60.0,59.0,9.0,62.2,311.0,668
066894,LICEO SAMARIO,BOGOTÁ D.C.,2021,132,63.0,64.0,60.0,60.0,64.0,8.2,61.9,309.5,730
066894,LICEO SAMARIO,BOGOTÁ D.C.,2022,116,63.0,66.0,61.0,61.0,65.0,7.6,62.9,314.5,735
066894,LICEO SAMARIO,BOGOTÁ D.C.,2023,98,63.0,64.0,61.0,61.0,65.0,8.8,62.5,312.5,864
066894,LICEO SAMARIO,BOGOTÁ D.C.,2024,108,65.0,69.0,63.0,63.0,67.0,7.4,65.2,326.0,576
066894,LICEO SAMARIO,BOGOTÁ D.C.,2025,90,65.0,70.0,62.0,64.0,68.0,8.2,65.5,327.5,631
599753,INSTITUTO INFANTIL Y JUVENIL,BOGOTÁ D.C.,2020,86,63.0,64.0,63.0,61.0,63.0,9.0,62.8,314.0,599
599753,INSTITUTO INFANTIL Y JUVENIL,BOGOTÁ D.C.,2021,108,64.0,63.0,60.0,61.0,67.0,8.8,62.4,312.0,653
599753,INSTITUTO INFANTIL Y JUVENIL,BOGOTÁ D.C.,2022,106,64.0,64.0,60.0,60.0,67.0,8.2,62.4,312.0,784
599753,INSTITUTO INFANTIL Y JUVENIL,BOGOTÁ D.C.,2023,104,64.0,64.0,58.0,60.0,66.0,8.0,61.8,309.0,978
599753,INSTITUTO INFANTIL Y JUVENIL,BOGOTÁ D.C.,2024,81,64.0,68.0,62.0,65.0,70.0,7.6,65.2,326.0,576
599753,INSTITUTO INFANTIL Y JUVENIL,BOGOTÁ D.C.,2025,75,65.0,67.0,61.0,64.0,69.0,7.2,64.6,323.0,728
098574,COL CATOLICO DE LA SABANA,BOGOTÁ D.C.,2020,20,64.0,67.0,63.0,64.0,64.0,8.0,64.5,322.5,443
098574,COL CATOLICO DE LA SABANA,BOGOTÁ D.C.,2021,20,62.0,61.0,57.0,56.0,61.0,8.0,59.2,296.0,1153
098574,COL CATOLICO DE LA SABANA,BOGOTÁ D.C.,2022,23,64.0,62.0,61.0,62.0,66.0,7.2,62.5,312.5,784
098574,COL CATOLICO DE LA SABANA,BOGOTÁ D.C.,2023,12,64.0,64.0,60.0,61.0,67.0,8.8,62.6,313.0,837
098574,COL CATOLICO DE LA SABANA,BOGOTÁ D.C.,2024,22,67.0,66.0,63.0,62.0,65.0,8.2,64.5,322.5,667
098574,COL CATOLICO DE LA SABANA,BOGOTÁ D.C.,2025,17,67.0,69.0,61.0,64.0,67.0,8.2,65.4,327.0,631
020198,GIMNASIO LOS ANDES,BOGOTÁ D.C.,2020,83,64.0,67.0,64.0,64.0,73.0,8.6,65.4,327.0,368
020198,GIMNASIO LOS ANDES,BOGOTÁ D.C.,2021,63,65.0,69.0,64.0,66.0,75.0,9.8,66.7,333.5,304
020198,GIMNASIO LOS ANDES,BOGOTÁ D.C.,2022,73,68.0,68.0,63.0,65.0,76.0,9.0,66.8,334.0,351
020198,GIMNASIO LOS ANDES,BOGOTÁ D.C.,2023,76,68.0,71.0,65.0,67.0,76.0,10.2,68.4,342.0,254
020198,GIMNASIO LOS ANDES,BOGOTÁ D.C.,2024,100,66.0,69.0,63.0,64.0,82.0,7.8,66.8,334.0,427
020198,GIMNASIO LOS ANDES,BOGOTÁ D.C.,2025,82,67.0,70.0,65.0,64.0,79.0,8.0,67.5,337.5,426
019935,COLEGIO DE BACHILLERATO PATRIA - SEDE PRINCIPAL,BOGOTÁ D.C.,2020,139,63.0,67.0,64.0,62.0,65.0,9.2,64.1,320.5,475
019935,COLEGIO DE BACHILLERATO PATRIA - SEDE PRINCIPAL,BOGOTÁ D.C.,2021,128,66.0,66.0,64.0,63.0,71.0,8.6,65.2,326.0,408
019935,COLEGIO DE BACHILLERATO PATRIA - SEDE PRINCIPAL,BOGOTÁ D.C.,2022,116,67.0,69.0,64.0,65.0,75.0,8.4,66.9,334.5,351
019935,COLEGIO DE BACHILLERATO PATRIA - SEDE PRINCIPAL,BOGOTÁ D.C.,2023,114,66.0,69.0,64.0,65.0,74.0,8.6,66.6,333.0,402
019935,COLEGIO DE BACHILLERATO PATRIA - SEDE PRINCIPAL,BOGOTÁ D.C.,2024,139,65.0,69.0,63.0,64.0,70.0,9.6,65.6,328.0,540
019935,COLEGIO DE BACHILLERATO PATRIA - SEDE PRINCIPAL,BOGOTÁ D.C.,2025,167,66.0,68.0,64.0,64.0,71.0,9.0,65.9,329.5,588
604462,COLEGIO NUESTRA SEÑORA DE LA FELICIDAD - SEDE PRINCIPAL,BOGOTÁ D.C.,2022,3,64.0,62.0,62.0,62.0,74.0,5.2,63.4,317.0,654
604462,COLEGIO NUESTRA SEÑORA DE LA FELICIDAD - SEDE PRINCIPAL,BOGOTÁ D.C.,2023,8,62.0,62.0,57.0,61.0,71.0,7.8,61.3,306.5,1081
604462,COLEGIO NUESTRA SEÑORA DE LA FELICIDAD - SEDE PRINCIPAL,BOGOTÁ D.C.,2024,5,61.0,59.0,57.0,60.0,81.0,8.8,60.9,304.5,1268
604462,COLEGIO NUESTRA SEÑORA DE LA FELICIDAD - SEDE PRINCIPAL,BOGOTÁ D.C.,2025,6,64.0,65.0,64.0,64.0,75.0,6.6,65.1,325.5,681
075366,LICEO CAMPESTRE CAFAM,BOGOTÁ D.C.,2020,53,64.0,69.0,64.0,62.0,69.0,7.6,65.1,325.5,393
075366,LICEO CAMPESTRE CAFAM,BOGOTÁ D.C.,2021,73,64.0,67.0,61.0,61.0,69.0,9.0,63.7,318.5,539
075366,LICEO CAMPESTRE CAFAM,BOGOTÁ D.C.,2022,58,64.0,67.0,63.0,63.0,71.0,8.2,64.8,324.0,501
075366,LICEO CAMPESTRE CAFAM,BOGOTÁ D.C.,2023,50,67.0,69.0,64.0,64.0,73.0,7.4,66.5,332.5,419
075366,LICEO CAMPESTRE CAFAM,BOGOTÁ D.C.,2024,55,65.0,70.0,62.0,64.0,72.0,6.8,65.8,329.0,518
075366,LICEO CAMPESTRE CAFAM,BOGOTÁ D.C.,2025,62,65.0,69.0,62.0,64.0,70.0,8.0,65.4,327.0,631
098459,LICEO EL ENCUENTRO,BOGOTÁ D.C.,2020,19,66.0,69.0,67.0,64.0,72.0,10.6,66.9,334.5,279
098459,LICEO EL ENCUENTRO,BOGOTÁ D.C.,2021,27,70.0,69.0,66.0,65.0,77.0,9.6,68.2,341.0,219
098459,LICEO EL ENCUENTRO,BOGOTÁ D.C.,2022,20,68.0,70.0,65.0,65.0,74.0,6.4,67.5,337.5,310
098459,LICEO EL ENCUENTRO,BOGOTÁ D.C.,2023,30,68.0,72.0,62.0,64.0,74.0,8.4,67.1,335.5,364
098459,LICEO EL ENCUENTRO,BOGOTÁ D.C.,2024,30,65.0,74.0,64.0,64.0,76.0,8.6,67.5,337.5,355
098459,LICEO EL ENCUENTRO,BOGOTÁ D.C.,2025,36,69.0,71.0,64.0,64.0,73.0,7.6,67.5,337.5,426
102590,COL RR OBLATAS AL DIVINO AMOR,BOGOTÁ D.C.,2020,68,62.0,62.0,60.0,61.0,61.0,9.2,61.2,306.0,788
102590,COL RR OBLATAS AL DIVINO AMOR,BOGOTÁ D.C.,2021,66,64.0,64.0,61.0,60.0,68.0,8.8,62.7,313.5,627
102590,COL RR OBLATAS AL DIVINO AMOR,BOGOTÁ D.C.,2022,63,66.0,66.0,62.0,62.0,70.0,7.8,64.5,322.5,533
102590,COL RR OBLATAS AL DIVINO AMOR,BOGOTÁ D.C.,2023,42,65.0,67.0,63.0,63.0,70.0,7.6,64.9,324.5,574
102590,COL RR OBLATAS AL DIVINO AMOR,BOGOTÁ D.C.,2024,53,66.0,67.0,64.0,64.0,71.0,9.0,65.7,328.5,540
102590,COL RR OBLATAS AL DIVINO AMOR,BOGOTÁ D.C.,2025,42,66.0,67.0,62.0,64.0,69.0,7.8,65.1,325.5,681
106989,GIMN MIX MANUEL DEL SOCORRO RODRIGUEZ,BOGOTÁ D.C.,2020,38,61.0,62.0,63.0,59.0,59.0,8.4,61.1,305.5,809
106989,GIMN MIX MANUEL DEL SOCORRO RODRIGUEZ,BOGOTÁ D.C.,2021,32,62.0,61.0,60.0,60.0,64.0,6.8,61.0,305.0,837
106989,GIMN MIX MANUEL DEL SOCORRO RODRIGUEZ,BOGOTÁ D.C.,2022,38,65.0,64.0,61.0,62.0,66.0,7.6,63.2,316.0,673
106989,GIMN MIX MANUEL DEL SOCORRO RODRIGUEZ,BOGOTÁ D.C.,2023,35,63.0,61.0,61.0,60.0,63.0,8.2,61.4,307.0,1049
106989,GIMN MIX MANUEL DEL SOCORRO RODRIGUEZ,BOGOTÁ D.C.,2024,33,66.0,65.0,62.0,63.0,66.0,8.8,64.2,321.0,685
106989,GIMN MIX MANUEL DEL SOCORRO RODRIGUEZ,BOGOTÁ D.C.,2025,24,65.0,64.0,61.0,64.0,67.0,8.8,63.8,319.0,854
021386,GIMN MONSEÑOR MANUEL MARIA CAMARGO,BOGOTÁ D.C.,2020,95,61.0,62.0,60.0,59.0,59.0,8.2,60.4,302.0,898
021386,GIMN MONSEÑOR MANUEL MARIA CAMARGO,BOGOTÁ D.C.,2021,102,62.0,59.0,57.0,57.0,63.0,9.6,59.1,295.5,1180
021386,GIMN MONSEÑOR MANUEL MARIA CAMARGO,BOGOTÁ D.C.,2022,102,61.0,60.0,58.0,58.0,63.0,10.2,59.5,297.5,1332
021386,GIMN MONSEÑOR MANUEL MARIA CAMARGO,BOGOTÁ D.C.,2023,87,61.0,63.0,57.0,60.0,64.0,9.8,60.5,302.5,1230
021386,GIMN MONSEÑOR MANUEL MARIA CAMARGO,BOGOTÁ D.C.,2024,90,63.0,62.0,57.0,59.0,65.0,9.2,60.6,303.0,1312
021386,GIMN MONSEÑOR MANUEL MARIA CAMARGO,BOGOTÁ D.C.,2025,81,66.0,68.0,61.0,64.0,69.0,8.8,65.1,325.5,681
022236,COLEGIO STELLA MATUTINA,BOGOTÁ D.C.,2020,15,67.0,64.0,63.0,59.0,71.0,8.0,63.8,319.0,496
022236,COLEGIO STELLA MATUTINA,BOGOTÁ D.C.,2021,14,64.0,61.0,63.0,59.0,71.0,10.8,62.5,312.5,653
022236,COLEGIO STELLA MATUTINA,BOGOTÁ D.C.,2022,14,63.0,64.0,62.0,61.0,74.0,10.6,63.4,317.0,654
022236,COLEGIO STELLA MATUTINA,BOGOTÁ D.C.,2023,12,63.0,62.0,60.0,60.0,68.0,9.2,61.8,309.0,978
022236,COLEGIO STELLA MATUTINA,BOGOTÁ D.C.,2024,12,61.0,59.0,56.0,57.0,66.0,12.0,58.8,294.0,1724
022236,COLEGIO STELLA MATUTINA,BOGOTÁ D.C.,2025,7,65.0,69.0,61.0,64.0,69.0,15.2,65.1,325.5,681
091306,LICEO MATOVELLE,BOGOTÁ D.C.,2020,15,66.0,67.0,69.0,63.0,71.0,6.6,66.6,333.0,290
091306,LICEO MATOVELLE,BOGOTÁ D.C.,2021,15,66.0,64.0,62.0,60.0,74.0,10.6,63.8,319.0,508
091306,LICEO MATOVELLE,BOGOTÁ D.C.,2022,33,67.0,64.0,64.0,62.0,71.0,6.8,64.8,324.0,501
091306,LICEO MATOVELLE,BOGOTÁ D.C.,2023,32,64.0,65.0,62.0,63.0,72.0,8.2,64.2,321.0,635
091306,LICEO MATOVELLE,BOGOTÁ D.C.,2024,32,66.0,67.0,64.0,64.0,73.0,7.8,65.8,329.0,518
091306,LICEO MATOVELLE,BOGOTÁ D.C.,2025,25,68.0,66.0,63.0,64.0,72.0,8.0,65.8,329.0,588
158832,COLEGIO BILINGÜE  INTEGRAL - SEDE PRINCIPAL,BOGOTÁ D.C.,2020,37,60.0,59.0,58.0,57.0,70.0,7.6,59.4,297.0,1031
158832,COLEGIO BILINGÜE  INTEGRAL - SEDE PRINCIPAL,BOGOTÁ D.C.,2021,22,66.0,64.0,62.0,62.0,78.0,6.6,64.6,323.0,452
158832,COLEGIO BILINGÜE  INTEGRAL - SEDE PRINCIPAL,BOGOTÁ D.C.,2022,33,65.0,65.0,60.0,62.0,76.0,7.2,64.0,320.0,584
158832,COLEGIO BILINGÜE  INTEGRAL - SEDE PRINCIPAL,BOGOTÁ D.C.,2023,27,65.0,64.0,62.0,62.0,80.0,6.8,64.5,322.5,618
158832,COLEGIO BILINGÜE  INTEGRAL - SEDE PRINCIPAL,BOGOTÁ D.C.,2024,37,64.0,66.0,61.0,63.0,81.0,8.8,64.8,324.0,624
158832,COLEGIO BILINGÜE  INTEGRAL - SEDE PRINCIPAL,BOGOTÁ D.C.,2025,31,66.0,66.0,63.0,64.0,79.0,7.6,65.8,329.0,588
110221,LIC MANANTIAL DE VIDA ETERNA,BOGOTÁ D.C.,2020,46,61.0,62.0,59.0,55.0,58.0,10.0,59.2,296.0,1072
110221,LIC MANANTIAL DE VIDA ETERNA,BOGOTÁ D.C.,2021,41,64.0,63.0,59.0,58.0,69.0,9.6,61.6,308.0,754
110221,LIC MANANTIAL DE VIDA ETERNA,BOGOTÁ D.C.,2022,47,65.0,65.0,62.0,59.0,68.0,8.6,63.2,316.0,673
110221,LIC MANANTIAL DE VIDA ETERNA,BOGOTÁ D.C.,2023,37,65.0,62.0,62.0,59.0,66.0,7.8,62.3,311.5,896
110221,LIC MANANTIAL DE VIDA ETERNA,BOGOTÁ D.C.,2024,31,63.0,65.0,60.0,60.0,71.0,8.6,62.7,313.5,933
110221,LIC MANANTIAL DE VIDA ETERNA,BOGOTÁ D.C.,2025,30,65.0,69.0,63.0,64.0,70.0,8.8,65.6,328.0,610
025155,COL FRANCISCANO DEL VIRREY SOLIS,BOGOTÁ D.C.,2020,50,62.0,64.0,60.0,60.0,69.0,8.8,62.1,310.5,689
025155,COL FRANCISCANO DEL VIRREY SOLIS,BOGOTÁ D.C.,2021,58,65.0,67.0,62.0,63.0,77.0,9.0,65.2,326.0,408
025155,COL FRANCISCANO DEL VIRREY SOLIS,BOGOTÁ D.C.,2022,35,63.0,66.0,60.0,62.0,73.0,9.8,63.5,317.5,654
025155,COL FRANCISCANO DEL VIRREY SOLIS,BOGOTÁ D.C.,2023,24,67.0,69.0,66.0,65.0,79.0,8.6,67.7,338.5,314
025155,COL FRANCISCANO DEL VIRREY SOLIS,BOGOTÁ D.C.,2024,45,67.0,69.0,62.0,65.0,79.0,7.4,66.8,334.0,427
025155,COL FRANCISCANO DEL VIRREY SOLIS,BOGOTÁ D.C.,2025,23,66.0,67.0,61.0,64.0,80.0,10.8,65.7,328.5,610
024216,COLEGIO JORDAN DE SAJONIA,BOGOTÁ D.C.,2020,44,62.0,65.0,63.0,61.0,66.0,10.0,63.0,315.0,575
024216,COLEGIO JORDAN DE SAJONIA,BOGOTÁ D.C.,2021,56,66.0,67.0,61.0,64.0,76.0,8.8,65.4,327.0,386
024216,COLEGIO JORDAN DE SAJONIA,BOGOTÁ D.C.,2022,40,67.0,68.0,65.0,67.0,79.0,8.0,67.7,338.5,296
024216,COLEGIO JORDAN DE SAJONIA,BOGOTÁ D.C.,2023,74,66.0,65.0,62.0,63.0,78.0,8.4,65.1,325.5,557
024216,COLEGIO JORDAN DE SAJONIA,BOGOTÁ D.C.,2024,102,67.0,66.0,64.0,63.0,80.0,7.6,66.2,331.0,488
024216,COLEGIO JORDAN DE SAJONIA,BOGOTÁ D.C.,2025,132,67.0,66.0,64.0,64.0,78.0,8.4,66.2,331.0,532
053959,COLEGIO DEL BOSQUE BILINGÜE,BOGOTÁ D.C.,2020,15,62.0,65.0,61.0,61.0,73.0,9.4,63.1,315.5,575
053959,COLEGIO DEL BOSQUE BILINGÜE,BOGOTÁ D.C.,2021,19,59.0,59.0,58.0,57.0,70.0,9.2,59.2,296.0,1153
053959,COLEGIO DEL BOSQUE BILINGÜE,BOGOTÁ D.C.,2022,22,65.0,61.0,61.0,60.0,75.0,8.2,62.8,314.0,735
053959,COLEGIO DEL BOSQUE BILINGÜE,BOGOTÁ D.C.,2023,21,63.0,64.0,60.0,61.0,73.0,8.0,62.8,314.0,807
053959,COLEGIO DEL BOSQUE BILINGÜE,BOGOTÁ D.C.,2024,17,64.0,61.0,62.0,61.0,75.0,7.2,63.0,315.0,865
053959,COLEGIO DEL BOSQUE BILINGÜE,BOGOTÁ D.C.,2025,24,65.0,63.0,62.0,64.0,76.0,8.0,64.5,322.5,761
079863,GIMNASIO NICOLAS DE FEDERMAN,BOGOTÁ D.C.,2020,13,65.0,67.0,65.0,62.0,66.0,7.6,64.8,324.0,403
079863,GIMNASIO NICOLAS DE FEDERMAN,BOGOTÁ D.C.,2021,6,68.0,72.0,69.0,66.0,78.0,7.8,69.5,347.5,166
079863,GIMNASIO NICOLAS DE FEDERMAN,BOGOTÁ D.C.,2022,7,67.0,67.0,71.0,66.0,72.0,8.2,68.1,340.5,268
079863,GIMNASIO NICOLAS DE FEDERMAN,BOGOTÁ D.C.,2023,10,67.0,67.0,66.0,65.0,72.0,10.4,66.7,333.5,402
079863,GIMNASIO NICOLAS DE FEDERMAN,BOGOTÁ D.C.,2024,6,70.0,71.0,66.0,67.0,69.0,8.6,68.5,342.5,280
079863,GIMNASIO NICOLAS DE FEDERMAN,BOGOTÁ D.C.,2025,6,65.0,66.0,65.0,64.0,68.0,5.6,65.2,326.0,657
740506,COLEGIO DE EDUCACION TECNICA Y ACADEMICA CELESTIN FREINET - SEDE PRINCIPAL,BOGOTÁ D.C.,2020,357,58.0,59.0,58.0,55.0,51.0,9.4,57.0,285.0,1504
740506,COLEGIO DE EDUCACION TECNICA Y ACADEMICA CELESTIN FREINET - SEDE PRINCIPAL,BOGOTÁ D.C.,2021,374,60.0,59.0,59.0,56.0,57.0,10.2,58.4,292.0,1310
740506,COLEGIO DE EDUCACION TECNICA Y ACADEMICA CELESTIN FREINET - SEDE PRINCIPAL,BOGOTÁ D.C.,2022,368,61.0,61.0,59.0,58.0,58.0,10.0,59.6,298.0,1276
740506,COLEGIO DE EDUCACION TECNICA Y ACADEMICA CELESTIN FREINET - SEDE PRINCIPAL,BOGOTÁ D.C.,2023,358,62.0,62.0,60.0,59.0,60.0,9.8,60.7,303.5,1195
740506,COLEGIO DE EDUCACION TECNICA Y ACADEMICA CELESTIN FREINET - SEDE PRINCIPAL,BOGOTÁ D.C.,2024,253,63.0,62.0,61.0,60.0,62.0,9.8,61.5,307.5,1142
740506,COLEGIO DE EDUCACION TECNICA Y ACADEMICA CELESTIN FREINET - SEDE PRINCIPAL,BOGOTÁ D.C.,2025,206,65.0,66.0,63.0,64.0,66.0,9.2,64.6,323.0,728
046490,GIMNASIO LOS PORTALES COLEGIO BILINGÜE,BOGOTÁ D.C.,2020,1,65.0,75.0,69.0,55.0,80.0,0.0,67.1,335.5,270
046490,GIMNASIO LOS PORTALES COLEGIO BILINGÜE,BOGOTÁ D.C.,2020,48,67.0,70.0,66.0,65.0,84.0,9.2,68.3,341.5,191
046490,GIMNASIO LOS PORTALES COLEGIO BILINGÜE,BOGOTÁ D.C.,2021,36,68.0,70.0,68.0,65.0,86.0,7.4,69.2,346.0,175
046490,GIMNASIO LOS PORTALES COLEGIO BILINGÜE,BOGOTÁ D.C.,2022,35,68.0,71.0,65.0,63.0,85.0,8.2,68.2,341.0,262
046490,GIMNASIO LOS PORTALES COLEGIO BILINGÜE,BOGOTÁ D.C.,2023,39,66.0,68.0,61.0,62.0,82.0,8.2,65.6,328.0,488
046490,GIMNASIO LOS PORTALES COLEGIO BILINGÜE,BOGOTÁ D.C.,2024,33,67.0,68.0,63.0,64.0,84.0,7.0,66.9,334.5,427
046490,GIMNASIO LOS PORTALES COLEGIO BILINGÜE,BOGOTÁ D.C.,2025,14,67.0,67.0,66.0,64.0,82.0,7.2,67.2,336.0,445
026369,GIMNASIO DEL NORTE,BOGOTÁ D.C.,2020,43,65.0,65.0,61.0,62.0,81.0,7.8,64.6,323.0,422
026369,GIMNASIO DEL NORTE,BOGOTÁ D.C.,2021,49,67.0,67.0,64.0,63.0,81.0,7.2,66.5,332.5,320
026369,GIMNASIO DEL NORTE,BOGOTÁ D.C.,2022,47,67.0,68.0,65.0,66.0,85.0,8.8,67.9,339.5,280
026369,GIMNASIO DEL NORTE,BOGOTÁ D.C.,2023,59,67.0,67.0,64.0,63.0,81.0,8.2,66.5,332.5,419
026369,GIMNASIO DEL NORTE,BOGOTÁ D.C.,2024,38,68.0,70.0,64.0,66.0,84.0,8.4,68.3,341.5,298
026369,GIMNASIO DEL NORTE,BOGOTÁ D.C.,2025,42,67.0,69.0,63.0,64.0,85.0,9.2,67.2,336.0,445
022012,COLEGIO SAN VIATOR BILINGUE INTERNACIONAL,BOGOTÁ D.C.,2020,83,63.0,64.0,58.0,59.0,73.0,9.6,61.9,309.5,709
022012,COLEGIO SAN VIATOR BILINGUE INTERNACIONAL,BOGOTÁ D.C.,2021,90,65.0,64.0,62.0,62.0,76.0,8.2,64.2,321.0,479
022012,COLEGIO SAN VIATOR BILINGUE INTERNACIONAL,BOGOTÁ D.C.,2022,100,65.0,63.0,60.0,62.0,77.0,8.2,63.6,318.0,629
022012,COLEGIO SAN VIATOR BILINGUE INTERNACIONAL,BOGOTÁ D.C.,2023,97,64.0,63.0,60.0,62.0,77.0,8.4,63.4,317.0,715
022012,COLEGIO SAN VIATOR BILINGUE INTERNACIONAL,BOGOTÁ D.C.,2024,114,65.0,65.0,61.0,64.0,78.0,7.6,64.8,324.0,624
022012,COLEGIO SAN VIATOR BILINGUE INTERNACIONAL,BOGOTÁ D.C.,2025,78,66.0,66.0,59.0,64.0,79.0,8.6,64.9,324.5,703
053348,COL BILING CLERMONT - SEDE PRINCIPAL,BOGOTÁ D.C.,2020,31,68.0,71.0,66.0,65.0,81.0,6.2,68.5,342.5,179
053348,COL BILING CLERMONT - SEDE PRINCIPAL,BOGOTÁ D.C.,2021,28,69.0,73.0,68.0,67.0,84.0,6.6,70.4,352.0,118
053348,COL BILING CLERMONT - SEDE PRINCIPAL,BOGOTÁ D.C.,2022,48,66.0,65.0,62.0,63.0,82.0,8.8,65.4,327.0,463
053348,COL BILING CLERMONT - SEDE PRINCIPAL,BOGOTÁ D.C.,2023,42,67.0,68.0,63.0,66.0,84.0,6.6,67.4,337.0,326
053348,COL BILING CLERMONT - SEDE PRINCIPAL,BOGOTÁ D.C.,2024,35,68.0,69.0,64.0,64.0,83.0,7.4,67.5,337.5,355
053348,COL BILING CLERMONT - SEDE PRINCIPAL,BOGOTÁ D.C.,2025,41,65.0,67.0,62.0,64.0,80.0,7.2,65.7,328.5,610
023192,COL TERESITA DE LISIEUX (INST LISIEUX),BOGOTÁ D.C.,2020,21,57.0,57.0,57.0,55.0,59.0,8.0,56.7,283.5,1588
023192,COL TERESITA DE LISIEUX (INST LISIEUX),BOGOTÁ D.C.,2021,37,61.0,59.0,56.0,58.0,62.0,10.0,58.8,294.0,1222
023192,COL TERESITA DE LISIEUX (INST LISIEUX),BOGOTÁ D.C.,2022,33,63.0,60.0,59.0,59.0,67.0,7.6,60.8,304.0,1048
023192,COL TERESITA DE LISIEUX (INST LISIEUX),BOGOTÁ D.C.,2023,33,61.0,61.0,57.0,59.0,65.0,7.8,59.9,299.5,1362
023192,COL TERESITA DE LISIEUX (INST LISIEUX),BOGOTÁ D.C.,2024,52,63.0,64.0,61.0,62.0,70.0,8.8,63.1,315.5,865
023192,COL TERESITA DE LISIEUX (INST LISIEUX),BOGOTÁ D.C.,2025,42,64.0,66.0,61.0,63.0,68.0,8.2,63.8,319.0,854
019893,COLEGIO CAFAM,BOGOTÁ D.C.,2020,281,63.0,67.0,63.0,62.0,68.0,8.4,64.1,320.5,475
019893,COLEGIO CAFAM,BOGOTÁ D.C.,2021,290,65.0,66.0,62.0,61.0,73.0,8.8,64.2,321.0,479
019893,COLEGIO CAFAM,BOGOTÁ D.C.,2022,268,66.0,66.0,64.0,64.0,75.0,8.6,65.8,329.0,433
019893,COLEGIO CAFAM,BOGOTÁ D.C.,2023,284,65.0,65.0,62.0,61.0,72.0,9.4,63.9,319.5,669
019893,COLEGIO CAFAM,BOGOTÁ D.C.,2024,258,66.0,68.0,64.0,64.0,74.0,8.2,66.2,331.0,488
019893,COLEGIO CAFAM,BOGOTÁ D.C.,2025,228,66.0,66.0,62.0,63.0,74.0,8.6,65.0,325.0,681
025064,COLEGIO EL MINUTO DE DIOS,BOGOTÁ D.C.,2020,181,60.0,60.0,60.0,57.0,58.0,9.0,59.2,296.0,1072
025064,COLEGIO EL MINUTO DE DIOS,BOGOTÁ D.C.,2021,224,63.0,61.0,60.0,58.0,65.0,9.4,60.8,304.0,863
025064,COLEGIO EL MINUTO DE DIOS,BOGOTÁ D.C.,2022,177,64.0,61.0,63.0,60.0,67.0,8.2,62.4,312.0,784
025064,COLEGIO EL MINUTO DE DIOS,BOGOTÁ D.C.,2023,181,64.0,63.0,63.0,60.0,67.0,9.4,62.8,314.0,807
025064,COLEGIO EL MINUTO DE DIOS,BOGOTÁ D.C.,2024,188,64.0,65.0,64.0,64.0,69.0,8.4,64.6,323.0,639
025064,COLEGIO EL MINUTO DE DIOS,BOGOTÁ D.C.,2025,158,63.0,65.0,63.0,63.0,68.0,9.6,63.8,319.0,854
136648,INST PEDAG PARA EL DESARROLLO INTEGRAL CREAR,BOGOTÁ D.C.,2020,29,61.0,61.0,57.0,56.0,55.0,9.6,58.5,292.5,1211
136648,INST PEDAG PARA EL DESARROLLO INTEGRAL CREAR,BOGOTÁ D.C.,2021,30,63.0,62.0,60.0,61.0,69.0,10.2,62.1,310.5,705
136648,INST PEDAG PARA EL DESARROLLO INTEGRAL CREAR,BOGOTÁ D.C.,2022,30,62.0,63.0,60.0,61.0,68.0,9.2,62.0,310.0,864
136648,INST PEDAG PARA EL DESARROLLO INTEGRAL CREAR,BOGOTÁ D.C.,2023,23,62.0,62.0,59.0,59.0,67.0,8.2,61.0,305.0,1117
136648,INST PEDAG PARA EL DESARROLLO INTEGRAL CREAR,BOGOTÁ D.C.,2024,29,62.0,63.0,58.0,60.0,68.0,8.0,61.3,306.5,1183
136648,INST PEDAG PARA EL DESARROLLO INTEGRAL CREAR,BOGOTÁ D.C.,2025,28,63.0,65.0,61.0,63.0,68.0,8.2,63.4,317.0,904
067009,COL CRISTIANO SEMILLA DE VIDA,BOGOTÁ D.C.,2020,49,61.0,63.0,59.0,57.0,61.0,8.2,60.1,300.5,942
067009,COL CRISTIANO SEMILLA DE VIDA,BOGOTÁ D.C.,2021,57,62.0,60.0,58.0,58.0,66.0,9.2,60.0,300.0,1029
067009,COL CRISTIANO SEMILLA DE VIDA,BOGOTÁ D.C.,2022,52,63.0,63.0,60.0,60.0,68.0,9.0,62.0,310.0,864
067009,COL CRISTIANO SEMILLA DE VIDA,BOGOTÁ D.C.,2023,52,60.0,60.0,57.0,58.0,65.0,8.8,59.2,296.0,1492
067009,COL CRISTIANO SEMILLA DE VIDA,BOGOTÁ D.C.,2024,48,66.0,67.0,62.0,64.0,70.0,9.4,65.2,326.0,576
067009,COL CRISTIANO SEMILLA DE VIDA,BOGOTÁ D.C.,2025,55,65.0,67.0,60.0,63.0,69.0,7.6,64.2,321.0,788
019794,COLEGIO AMERICANO DE BOGOTA,BOGOTÁ D.C.,2020,154,62.0,64.0,62.0,60.0,64.0,9.6,62.2,311.0,668
019794,COLEGIO AMERICANO DE BOGOTA,BOGOTÁ D.C.,2021,186,64.0,64.0,62.0,61.0,71.0,9.4,63.4,317.0,561
019794,COLEGIO AMERICANO DE BOGOTA,BOGOTÁ D.C.,2022,167,64.0,62.0,60.0,61.0,70.0,9.2,62.4,312.0,784
019794,COLEGIO AMERICANO DE BOGOTA,BOGOTÁ D.C.,2023,178,65.0,64.0,61.0,62.0,71.0,9.6,63.6,318.0,687
019794,COLEGIO AMERICANO DE BOGOTA,BOGOTÁ D.C.,2024,169,65.0,64.0,60.0,62.0,73.0,9.8,63.5,317.5,795
019794,COLEGIO AMERICANO DE BOGOTA,BOGOTÁ D.C.,2025,153,66.0,66.0,63.0,63.0,73.0,8.8,65.2,326.0,657
732628,COLEGIO SAGRADO CORAZON DE JESUS BETHLEMITAS NORTE - SEDE PRINCIPAL,BOGOTÁ D.C.,2022,69,67.0,66.0,63.0,62.0,75.0,8.4,65.3,326.5,477
732628,COLEGIO SAGRADO CORAZON DE JESUS BETHLEMITAS NORTE - SEDE PRINCIPAL,BOGOTÁ D.C.,2023,64,67.0,65.0,62.0,63.0,77.0,9.8,65.2,326.0,529
732628,COLEGIO SAGRADO CORAZON DE JESUS BETHLEMITAS NORTE - SEDE PRINCIPAL,BOGOTÁ D.C.,2024,78,66.0,65.0,59.0,60.0,73.0,8.2,63.3,316.5,836
732628,COLEGIO SAGRADO CORAZON DE JESUS BETHLEMITAS NORTE - SEDE PRINCIPAL,BOGOTÁ D.C.,2025,72,66.0,64.0,63.0,63.0,72.0,9.2,64.6,323.0,728
072934,COLEGIO COLSUBSIDIO CIUDADELA - SEDE PRINCIPAL,BOGOTÁ D.C.,2020,218,62.0,63.0,62.0,60.0,61.0,8.6,61.7,308.5,731
072934,COLEGIO COLSUBSIDIO CIUDADELA - SEDE PRINCIPAL,BOGOTÁ D.C.,2021,230,64.0,62.0,61.0,59.0,68.0,9.2,62.0,310.0,705
072934,COLEGIO COLSUBSIDIO CIUDADELA - SEDE PRINCIPAL,BOGOTÁ D.C.,2022,222,65.0,64.0,60.0,60.0,67.0,9.2,62.6,313.0,765
072934,COLEGIO COLSUBSIDIO CIUDADELA - SEDE PRINCIPAL,BOGOTÁ D.C.,2023,204,66.0,64.0,62.0,62.0,68.0,8.6,63.8,319.0,669
072934,COLEGIO COLSUBSIDIO CIUDADELA - SEDE PRINCIPAL,BOGOTÁ D.C.,2024,196,64.0,66.0,61.0,61.0,66.0,9.0,63.2,316.0,836
072934,COLEGIO COLSUBSIDIO CIUDADELA - SEDE PRINCIPAL,BOGOTÁ D.C.,2025,233,66.0,68.0,62.0,63.0,67.0,8.8,64.9,324.5,703
056259,COLEGIO DE LA UNIVERSIDAD LIBRE,BOGOTÁ D.C.,2020,125,63.0,63.0,61.0,60.0,66.0,9.4,62.1,310.5,689
056259,COLEGIO DE LA UNIVERSIDAD LIBRE,BOGOTÁ D.C.,2021,129,63.0,61.0,60.0,59.0,69.0,9.0,61.4,307.0,778
056259,COLEGIO DE LA UNIVERSIDAD LIBRE,BOGOTÁ D.C.,2022,101,64.0,63.0,61.0,61.0,71.0,9.2,62.9,314.5,735
056259,COLEGIO DE LA UNIVERSIDAD LIBRE,BOGOTÁ D.C.,2023,95,65.0,64.0,62.0,62.0,72.0,9.2,63.9,319.5,669
056259,COLEGIO DE LA UNIVERSIDAD LIBRE,BOGOTÁ D.C.,2024,130,65.0,63.0,61.0,60.0,72.0,8.8,63.0,315.0,865
056259,COLEGIO DE LA UNIVERSIDAD LIBRE,BOGOTÁ D.C.,2025,128,65.0,65.0,61.0,63.0,72.0,8.2,64.2,321.0,788
021816,COLEGIO PROVINMA,BOGOTÁ D.C.,2020,18,63.0,65.0,61.0,61.0,63.0,9.0,62.5,312.5,647
021816,COLEGIO PROVINMA,BOGOTÁ D.C.,2021,15,63.0,62.0,58.0,60.0,74.0,9.0,61.8,309.0,730
021816,COLEGIO PROVINMA,BOGOTÁ D.C.,2022,17,67.0,70.0,64.0,67.0,76.0,9.2,67.7,338.5,296
021816,COLEGIO PROVINMA,BOGOTÁ D.C.,2023,23,68.0,66.0,61.0,63.0,73.0,10.6,65.2,326.0,529
021816,COLEGIO PROVINMA,BOGOTÁ D.C.,2024,21,67.0,72.0,65.0,65.0,78.0,7.8,68.1,340.5,309
021816,COLEGIO PROVINMA,BOGOTÁ D.C.,2025,32,66.0,66.0,63.0,63.0,72.0,8.2,65.1,325.5,681
098871,COL NSTRA SRA DE LA SALETTE,BOGOTÁ D.C.,2020,26,61.0,65.0,55.0,57.0,58.0,9.2,59.4,297.0,1031
098871,COL NSTRA SRA DE LA SALETTE,BOGOTÁ D.C.,2021,18,61.0,66.0,55.0,57.0,61.0,7.8,59.8,299.0,1061
098871,COL NSTRA SRA DE LA SALETTE,BOGOTÁ D.C.,2022,21,62.0,67.0,59.0,62.0,68.0,7.0,62.9,314.5,735
098871,COL NSTRA SRA DE LA SALETTE,BOGOTÁ D.C.,2023,27,64.0,64.0,57.0,60.0,67.0,8.0,61.7,308.5,1014
098871,COL NSTRA SRA DE LA SALETTE,BOGOTÁ D.C.,2024,20,65.0,68.0,56.0,61.0,65.0,8.0,62.7,313.5,933
098871,COL NSTRA SRA DE LA SALETTE,BOGOTÁ D.C.,2025,19,62.0,68.0,59.0,63.0,65.0,9.8,63.2,316.0,942
022020,COLEGIO SANTA CLARA,BOGOTÁ D.C.,2020,36,61.0,63.0,60.0,59.0,68.0,8.0,61.3,306.5,788
022020,COLEGIO SANTA CLARA,BOGOTÁ D.C.,2021,25,61.0,62.0,57.0,59.0,68.0,7.2,60.4,302.0,952
022020,COLEGIO SANTA CLARA,BOGOTÁ D.C.,2022,31,63.0,64.0,59.0,60.0,75.0,9.4,62.5,312.5,784
022020,COLEGIO SANTA CLARA,BOGOTÁ D.C.,2023,27,66.0,66.0,60.0,62.0,75.0,7.8,64.4,322.0,618
022020,COLEGIO SANTA CLARA,BOGOTÁ D.C.,2024,16,65.0,66.0,62.0,63.0,73.0,7.0,64.7,323.5,639
022020,COLEGIO SANTA CLARA,BOGOTÁ D.C.,2025,32,66.0,65.0,62.0,63.0,73.0,8.4,64.7,323.5,728
600726,COLEGIO BILINGÜE CEDAM - SEDE PRINCIPAL,BOGOTÁ D.C.,2020,15,65.0,65.0,65.0,63.0,74.0,7.4,65.2,326.0,380
600726,COLEGIO BILINGÜE CEDAM - SEDE PRINCIPAL,BOGOTÁ D.C.,2021,13,58.0,59.0,51.0,54.0,68.0,9.6,56.5,282.5,1760
600726,COLEGIO BILINGÜE CEDAM - SEDE PRINCIPAL,BOGOTÁ D.C.,2022,14,64.0,65.0,61.0,60.0,72.0,7.0,63.2,316.0,673
600726,COLEGIO BILINGÜE CEDAM - SEDE PRINCIPAL,BOGOTÁ D.C.,2023,32,66.0,68.0,63.0,63.0,80.0,7.6,66.2,331.0,430
600726,COLEGIO BILINGÜE CEDAM - SEDE PRINCIPAL,BOGOTÁ D.C.,2024,23,66.0,68.0,61.0,63.0,79.0,8.4,65.6,328.0,540
600726,COLEGIO BILINGÜE CEDAM - SEDE PRINCIPAL,BOGOTÁ D.C.,2025,34,67.0,67.0,61.0,63.0,79.0,6.8,65.6,328.0,610
039537,COLEGIO COOPERATIVO DE TIMIZA,BOGOTÁ D.C.,2020,53,57.0,56.0,51.0,53.0,51.0,9.4,54.0,270.0,2359
039537,COLEGIO COOPERATIVO DE TIMIZA,BOGOTÁ D.C.,2021,62,61.0,61.0,56.0,57.0,62.0,8.4,59.0,295.0,1180
039537,COLEGIO COOPERATIVO DE TIMIZA,BOGOTÁ D.C.,2022,53,61.0,62.0,56.0,56.0,61.0,8.0,58.9,294.5,1463
039537,COLEGIO COOPERATIVO DE TIMIZA,BOGOTÁ D.C.,2023,63,63.0,66.0,58.0,61.0,66.0,8.6,62.3,311.5,896
039537,COLEGIO COOPERATIVO DE TIMIZA,BOGOTÁ D.C.,2024,75,62.0,66.0,58.0,61.0,62.0,8.2,61.8,309.0,1069
039537,COLEGIO COOPERATIVO DE TIMIZA,BOGOTÁ D.C.,2025,58,65.0,70.0,62.0,63.0,65.0,9.0,65.0,325.0,681
073361,CENT DE INTEGRACION EDUCACION DEL NORTE (CIEN ),BOGOTÁ D.C.,2020,30,63.0,65.0,60.0,59.0,60.0,9.0,61.6,308.0,731
073361,CENT DE INTEGRACION EDUCACION DEL NORTE (CIEN ),BOGOTÁ D.C.,2021,40,62.0,64.0,56.0,58.0,67.0,8.4,60.5,302.5,952
073361,CENT DE INTEGRACION EDUCACION DEL NORTE (CIEN ),BOGOTÁ D.C.,2022,42,64.0,65.0,61.0,59.0,66.0,8.2,62.5,312.5,784
073361,CENT DE INTEGRACION EDUCACION DEL NORTE (CIEN ),BOGOTÁ D.C.,2023,46,63.0,64.0,59.0,60.0,64.0,7.4,61.7,308.5,1014
073361,CENT DE INTEGRACION EDUCACION DEL NORTE (CIEN ),BOGOTÁ D.C.,2024,41,65.0,66.0,60.0,61.0,67.0,8.8,63.3,316.5,836
073361,CENT DE INTEGRACION EDUCACION DEL NORTE (CIEN ),BOGOTÁ D.C.,2025,34,66.0,67.0,62.0,63.0,69.0,8.2,64.8,324.0,703
056440,EXTERNADO CARO Y CUERVO,BOGOTÁ D.C.,2020,51,61.0,62.0,59.0,57.0,64.0,8.4,60.1,300.5,942
056440,EXTERNADO CARO Y CUERVO,BOGOTÁ D.C.,2021,57,61.0,60.0,56.0,58.0,68.0,10.6,59.5,297.5,1120
056440,EXTERNADO CARO Y CUERVO,BOGOTÁ D.C.,2022,52,64.0,62.0,56.0,57.0,67.0,9.0,60.3,301.5,1157
056440,EXTERNADO CARO Y CUERVO,BOGOTÁ D.C.,2023,38,64.0,62.0,59.0,61.0,70.0,8.4,62.2,311.0,896
056440,EXTERNADO CARO Y CUERVO,BOGOTÁ D.C.,2024,45,64.0,63.0,60.0,61.0,68.0,10.8,62.5,312.5,970
056440,EXTERNADO CARO Y CUERVO,BOGOTÁ D.C.,2025,34,65.0,64.0,60.0,63.0,72.0,9.6,63.7,318.5,879
820928,GIMNASIO INFANTIL PLEYADE - SEDE PRINCIPAL,BOGOTÁ D.C.,2025,1,59.0,64.0,48.0,63.0,60.0,0.0,58.6,293.0,1898
023101,COLEGIO CHAMPAGNAT,BOGOTÁ D.C.,2020,100,64.0,64.0,65.0,62.0,67.0,8.6,64.0,320.0,475
023101,COLEGIO CHAMPAGNAT,BOGOTÁ D.C.,2021,129,64.0,61.0,61.0,60.0,71.0,9.4,62.2,311.0,681
023101,COLEGIO CHAMPAGNAT,BOGOTÁ D.C.,2022,99,67.0,64.0,64.0,62.0,76.0,9.0,65.2,326.0,477
023101,COLEGIO CHAMPAGNAT,BOGOTÁ D.C.,2023,94,67.0,66.0,65.0,63.0,75.0,9.2,66.0,330.0,451
023101,COLEGIO CHAMPAGNAT,BOGOTÁ D.C.,2024,92,65.0,65.0,63.0,64.0,73.0,8.2,64.9,324.5,624
023101,COLEGIO CHAMPAGNAT,BOGOTÁ D.C.,2025,108,66.0,65.0,63.0,63.0,72.0,8.8,64.8,324.0,703
048843,COL LUIGI PIRANDELLO - SEDE PRINCIPAL,BOGOTÁ D.C.,2020,60,62.0,64.0,61.0,57.0,63.0,8.8,61.2,306.0,788
048843,COL LUIGI PIRANDELLO - SEDE PRINCIPAL,BOGOTÁ D.C.,2021,48,64.0,63.0,61.0,59.0,72.0,10.0,62.5,312.5,653
048843,COL LUIGI PIRANDELLO - SEDE PRINCIPAL,BOGOTÁ D.C.,2022,46,64.0,63.0,59.0,60.0,70.0,9.8,62.2,311.0,816
048843,COL LUIGI PIRANDELLO - SEDE PRINCIPAL,BOGOTÁ D.C.,2023,41,63.0,64.0,59.0,61.0,71.0,10.6,62.5,312.5,864
048843,COL LUIGI PIRANDELLO - SEDE PRINCIPAL,BOGOTÁ D.C.,2024,54,62.0,62.0,56.0,56.0,68.0,8.6,59.7,298.5,1523
048843,COL LUIGI PIRANDELLO - SEDE PRINCIPAL,BOGOTÁ D.C.,2025,53,66.0,67.0,60.0,63.0,72.0,8.8,64.6,323.0,728
022004,COLEGIO SAN PATRICIO,BOGOTÁ D.C.,2020,17,68.0,71.0,69.0,67.0,85.0,7.8,70.0,350.0,106
022004,COLEGIO SAN PATRICIO,BOGOTÁ D.C.,2021,15,69.0,73.0,69.0,67.0,85.0,9.6,70.7,353.5,108
022004,COLEGIO SAN PATRICIO,BOGOTÁ D.C.,2022,13,67.0,72.0,65.0,66.0,82.0,7.6,68.6,343.0,231
022004,COLEGIO SAN PATRICIO,BOGOTÁ D.C.,2023,18,68.0,67.0,66.0,67.0,85.0,7.4,68.4,342.0,254
022004,COLEGIO SAN PATRICIO,BOGOTÁ D.C.,2024,28,70.0,75.0,68.0,69.0,87.0,7.2,71.8,359.0,81
022004,COLEGIO SAN PATRICIO,BOGOTÁ D.C.,2025,43,66.0,66.0,64.0,63.0,81.0,8.6,66.0,330.0,564
142851,COLEGIO VICTORIA - SEDE PRINCIPAL,BOGOTÁ D.C.,2020,24,64.0,66.0,63.0,61.0,82.0,10.8,64.9,324.5,403
142851,COLEGIO VICTORIA - SEDE PRINCIPAL,BOGOTÁ D.C.,2021,25,67.0,67.0,63.0,63.0,83.0,7.8,66.4,332.0,320
142851,COLEGIO VICTORIA - SEDE PRINCIPAL,BOGOTÁ D.C.,2022,31,63.0,64.0,58.0,60.0,83.0,7.8,62.9,314.5,735
142851,COLEGIO VICTORIA - SEDE PRINCIPAL,BOGOTÁ D.C.,2023,39,67.0,66.0,61.0,60.0,83.0,7.8,65.0,325.0,557
142851,COLEGIO VICTORIA - SEDE PRINCIPAL,BOGOTÁ D.C.,2024,21,66.0,67.0,63.0,63.0,85.0,10.2,66.3,331.5,488
142851,COLEGIO VICTORIA - SEDE PRINCIPAL,BOGOTÁ D.C.,2025,27,64.0,63.0,63.0,63.0,78.0,11.6,64.4,322.0,761
111682,COLEGIO EL CAMINO ACADEMY,BOGOTÁ D.C.,2020,9,71.0,69.0,67.0,66.0,89.0,8.4,69.8,349.0,116
111682,COLEGIO EL CAMINO ACADEMY,BOGOTÁ D.C.,2021,20,69.0,74.0,68.0,68.0,88.0,8.0,71.2,356.0,85
111682,COLEGIO EL CAMINO ACADEMY,BOGOTÁ D.C.,2022,20,70.0,73.0,66.0,66.0,86.0,7.2,70.1,350.5,148
111682,COLEGIO EL CAMINO ACADEMY,BOGOTÁ D.C.,2023,14,65.0,69.0,64.0,61.0,90.0,9.0,66.7,333.5,402
111682,COLEGIO EL CAMINO ACADEMY,BOGOTÁ D.C.,2024,19,69.0,73.0,64.0,65.0,86.0,7.0,69.2,346.0,227
111682,COLEGIO EL CAMINO ACADEMY,BOGOTÁ D.C.,2025,21,68.0,69.0,63.0,63.0,89.0,7.6,67.5,337.5,426
019513,FUND NUEVO MARYMOUNT,BOGOTÁ D.C.,2020,1,0.0,0.0,0.0,0.0,0.0,0.0,0.0,0.0,13765
019513,FUND NUEVO MARYMOUNT,BOGOTÁ D.C.,2020,64,67.0,67.0,65.0,62.0,82.0,7.2,66.5,332.5,304
019513,FUND NUEVO MARYMOUNT,BOGOTÁ D.C.,2021,66,69.0,72.0,68.0,66.0,85.0,8.2,70.0,350.0,131
019513,FUND NUEVO MARYMOUNT,BOGOTÁ D.C.,2022,72,68.0,69.0,64.0,63.0,84.0,6.6,67.4,337.0,310
019513,FUND NUEVO MARYMOUNT,BOGOTÁ D.C.,2023,63,68.0,67.0,61.0,62.0,84.0,7.6,66.0,330.0,451
019513,FUND NUEVO MARYMOUNT,BOGOTÁ D.C.,2024,68,66.0,66.0,62.0,62.0,85.0,8.6,65.6,328.0,540
019513,FUND NUEVO MARYMOUNT,BOGOTÁ D.C.,2025,59,66.0,68.0,62.0,63.0,84.0,7.0,66.2,331.0,532
025395,GIMNASIO CAMPESTRE,BOGOTÁ D.C.,2020,63,64.0,67.0,62.0,63.0,84.0,8.4,65.5,327.5,368
025395,GIMNASIO CAMPESTRE,BOGOTÁ D.C.,2021,59,67.0,69.0,67.0,66.0,84.0,7.8,68.5,342.5,210
025395,GIMNASIO CAMPESTRE,BOGOTÁ D.C.,2022,61,67.0,69.0,64.0,62.0,83.0,8.8,66.8,334.0,351
025395,GIMNASIO CAMPESTRE,BOGOTÁ D.C.,2023,68,67.0,68.0,65.0,65.0,83.0,7.6,67.5,337.5,326
025395,GIMNASIO CAMPESTRE,BOGOTÁ D.C.,2024,59,65.0,68.0,60.0,61.0,82.0,8.2,64.9,324.5,624
025395,GIMNASIO CAMPESTRE,BOGOTÁ D.C.,2025,68,65.0,70.0,62.0,63.0,84.0,11.0,66.5,332.5,519
024299,LIC FRANCES LOUIS PASTEUR,BOGOTÁ D.C.,2020,40,67.0,69.0,68.0,64.0,82.0,7.4,68.2,341.0,191
024299,LIC FRANCES LOUIS PASTEUR,BOGOTÁ D.C.,2021,96,68.0,68.0,67.0,63.0,83.0,8.2,67.8,339.0,246
024299,LIC FRANCES LOUIS PASTEUR,BOGOTÁ D.C.,2022,99,69.0,69.0,68.0,65.0,82.0,8.0,68.8,344.0,214
024299,LIC FRANCES LOUIS PASTEUR,BOGOTÁ D.C.,2023,105,68.0,65.0,66.0,62.0,82.0,8.8,66.5,332.5,419
024299,LIC FRANCES LOUIS PASTEUR,BOGOTÁ D.C.,2024,106,67.0,66.0,64.0,61.0,82.0,8.4,65.8,329.0,518
024299,LIC FRANCES LOUIS PASTEUR,BOGOTÁ D.C.,2025,111,68.0,69.0,65.0,63.0,82.0,8.2,67.5,337.5,426
022848,GIMN MODERNO,BOGOTÁ D.C.,2020,76,62.0,65.0,66.0,59.0,76.0,10.6,64.0,320.0,475
022848,GIMN MODERNO,BOGOTÁ D.C.,2021,79,68.0,70.0,67.0,65.0,82.0,9.0,68.6,343.0,198
022848,GIMN MODERNO,BOGOTÁ D.C.,2022,62,67.0,67.0,65.0,65.0,81.0,8.2,67.2,336.0,318
022848,GIMN MODERNO,BOGOTÁ D.C.,2023,59,66.0,66.0,63.0,62.0,80.0,8.2,65.5,327.5,511
022848,GIMN MODERNO,BOGOTÁ D.C.,2024,70,66.0,68.0,65.0,64.0,84.0,8.6,67.2,336.0,380
022848,GIMN MODERNO,BOGOTÁ D.C.,2025,59,65.0,69.0,63.0,63.0,82.0,8.4,66.3,331.5,532
022574,GIMNASIO FEMENINO,BOGOTÁ D.C.,2020,51,69.0,66.0,65.0,64.0,83.0,8.2,67.3,336.5,253
022574,GIMNASIO FEMENINO,BOGOTÁ D.C.,2021,42,67.0,67.0,65.0,65.0,84.0,8.0,67.4,337.0,271
022574,GIMNASIO FEMENINO,BOGOTÁ D.C.,2022,47,68.0,65.0,64.0,62.0,83.0,6.8,66.2,331.0,399
022574,GIMNASIO FEMENINO,BOGOTÁ D.C.,2023,43,66.0,67.0,63.0,63.0,84.0,8.4,66.2,331.0,430
022574,GIMNASIO FEMENINO,BOGOTÁ D.C.,2024,32,67.0,65.0,64.0,63.0,87.0,8.4,66.5,332.5,469
022574,GIMNASIO FEMENINO,BOGOTÁ D.C.,2025,28,66.0,66.0,62.0,63.0,83.0,8.2,65.7,328.5,610
046771,LIC DE CERVANTES EL RETIRO,BOGOTÁ D.C.,2020,46,63.0,67.0,63.0,60.0,67.0,9.2,63.5,317.5,522
046771,LIC DE CERVANTES EL RETIRO,BOGOTÁ D.C.,2021,50,65.0,67.0,64.0,63.0,74.0,9.4,65.5,327.5,386
046771,LIC DE CERVANTES EL RETIRO,BOGOTÁ D.C.,2022,31,66.0,70.0,64.0,63.0,75.0,7.2,66.5,332.5,385
046771,LIC DE CERVANTES EL RETIRO,BOGOTÁ D.C.,2023,30,65.0,66.0,63.0,62.0,73.0,9.8,64.7,323.5,597
046771,LIC DE CERVANTES EL RETIRO,BOGOTÁ D.C.,2024,20,69.0,71.0,65.0,66.0,76.0,8.4,68.4,342.0,280
046771,LIC DE CERVANTES EL RETIRO,BOGOTÁ D.C.,2025,24,66.0,66.0,61.0,62.0,75.0,11.2,64.6,323.0,728
112813,LIC SALOMON SABIO,BOGOTÁ D.C.,2020,16,63.0,63.0,58.0,59.0,58.0,8.2,60.5,302.5,898
112813,LIC SALOMON SABIO,BOGOTÁ D.C.,2021,24,63.0,63.0,58.0,60.0,60.0,9.0,60.9,304.5,863
112813,LIC SALOMON SABIO,BOGOTÁ D.C.,2022,16,58.0,59.0,54.0,56.0,62.0,7.0,57.2,286.0,1860
112813,LIC SALOMON SABIO,BOGOTÁ D.C.,2023,18,66.0,65.0,60.0,62.0,65.0,7.4,63.4,317.0,715
112813,LIC SALOMON SABIO,BOGOTÁ D.C.,2024,20,63.0,63.0,59.0,62.0,65.0,8.8,62.0,310.0,1037
112813,LIC SALOMON SABIO,BOGOTÁ D.C.,2025,20,61.0,64.0,57.0,62.0,64.0,9.0,61.2,306.0,1275
143081,COLEGIO COLSUBSIDIO CHICALÁ - SEDE PRINCIPAL,BOGOTÁ D.C.,2020,131,60.0,60.0,59.0,56.0,58.0,9.8,58.7,293.5,1176
143081,COLEGIO COLSUBSIDIO CHICALÁ - SEDE PRINCIPAL,BOGOTÁ D.C.,2021,150,63.0,61.0,60.0,58.0,64.0,9.0,60.8,304.0,863
143081,COLEGIO COLSUBSIDIO CHICALÁ - SEDE PRINCIPAL,BOGOTÁ D.C.,2022,126,62.0,62.0,58.0,59.0,65.0,9.2,60.6,303.0,1078
143081,COLEGIO COLSUBSIDIO CHICALÁ - SEDE PRINCIPAL,BOGOTÁ D.C.,2023,136,64.0,62.0,60.0,60.0,64.0,9.6,61.7,308.5,1014
143081,COLEGIO COLSUBSIDIO CHICALÁ - SEDE PRINCIPAL,BOGOTÁ D.C.,2024,115,63.0,64.0,61.0,61.0,65.0,8.0,62.5,312.5,970
143081,COLEGIO COLSUBSIDIO CHICALÁ - SEDE PRINCIPAL,BOGOTÁ D.C.,2025,118,65.0,66.0,61.0,62.0,64.0,8.2,63.5,317.5,904
026260,INST PEDAG ARTURO RAMIREZ MONTUFAR,BOGOTÁ D.C.,2020,53,66.0,67.0,67.0,63.0,67.0,9.8,65.8,329.0,335
026260,INST PEDAG ARTURO RAMIREZ MONTUFAR,BOGOTÁ D.C.,2021,45,66.0,65.0,63.0,62.0,70.0,8.0,64.5,322.5,465
026260,INST PEDAG ARTURO RAMIREZ MONTUFAR,BOGOTÁ D.C.,2022,51,64.0,62.0,60.0,59.0,68.0,10.6,61.8,309.0,902
026260,INST PEDAG ARTURO RAMIREZ MONTUFAR,BOGOTÁ D.C.,2023,46,66.0,67.0,63.0,62.0,71.0,9.0,65.0,325.0,557
026260,INST PEDAG ARTURO RAMIREZ MONTUFAR,BOGOTÁ D.C.,2024,48,65.0,63.0,60.0,61.0,69.0,9.8,62.8,314.0,900
026260,INST PEDAG ARTURO RAMIREZ MONTUFAR,BOGOTÁ D.C.,2025,55,65.0,68.0,63.0,62.0,70.0,9.6,64.9,324.5,703
098863,LICEO EUCARISTICO MIXTO,BOGOTÁ D.C.,2020,7,54.0,53.0,47.0,47.0,50.0,10.6,50.2,251.0,4329
098863,LICEO EUCARISTICO MIXTO,BOGOTÁ D.C.,2021,12,50.0,50.0,42.0,43.0,46.0,8.6,46.2,231.0,7214
098863,LICEO EUCARISTICO MIXTO,BOGOTÁ D.C.,2022,8,51.0,51.0,45.0,49.0,55.0,9.4,49.5,247.5,5730
098863,LICEO EUCARISTICO MIXTO,BOGOTÁ D.C.,2023,13,56.0,55.0,51.0,52.0,58.0,8.8,53.8,269.0,3317
098863,LICEO EUCARISTICO MIXTO,BOGOTÁ D.C.,2024,9,61.0,61.0,57.0,62.0,70.0,12.6,61.0,305.0,1233
098863,LICEO EUCARISTICO MIXTO,BOGOTÁ D.C.,2025,8,62.0,59.0,56.0,62.0,65.0,10.0,60.2,301.0,1510
147686,COLEGIO BILINGÜE SAN JUAN DE ÁVILA - SEDE PRINCIPAL,BOGOTÁ D.C.,2020,62,63.0,64.0,63.0,60.0,72.0,10.0,63.2,316.0,551
147686,COLEGIO BILINGÜE SAN JUAN DE ÁVILA - SEDE PRINCIPAL,BOGOTÁ D.C.,2021,66,64.0,64.0,59.0,59.0,76.0,9.4,62.6,313.0,627
147686,COLEGIO BILINGÜE SAN JUAN DE ÁVILA - SEDE PRINCIPAL,BOGOTÁ D.C.,2022,57,65.0,64.0,60.0,62.0,78.0,9.6,63.9,319.5,607
147686,COLEGIO BILINGÜE SAN JUAN DE ÁVILA - SEDE PRINCIPAL,BOGOTÁ D.C.,2023,45,64.0,65.0,60.0,62.0,75.0,8.2,63.7,318.5,687
147686,COLEGIO BILINGÜE SAN JUAN DE ÁVILA - SEDE PRINCIPAL,BOGOTÁ D.C.,2024,49,64.0,65.0,59.0,62.0,75.0,9.2,63.5,317.5,795
147686,COLEGIO BILINGÜE SAN JUAN DE ÁVILA - SEDE PRINCIPAL,BOGOTÁ D.C.,2025,32,64.0,66.0,60.0,62.0,76.0,10.2,64.0,320.0,818
154039,COL GEORGE WILLIAMS,BOGOTÁ D.C.,2020,19,61.0,59.0,59.0,57.0,59.0,9.4,59.0,295.0,1114
154039,COL GEORGE WILLIAMS,BOGOTÁ D.C.,2021,18,62.0,63.0,57.0,59.0,63.0,8.6,60.5,302.5,952
154039,COL GEORGE WILLIAMS,BOGOTÁ D.C.,2022,14,67.0,67.0,65.0,64.0,72.0,6.8,66.2,331.0,399
154039,COL GEORGE WILLIAMS,BOGOTÁ D.C.,2023,9,61.0,64.0,59.0,59.0,58.0,9.0,60.5,302.5,1230
154039,COL GEORGE WILLIAMS,BOGOTÁ D.C.,2024,16,62.0,63.0,58.0,58.0,65.0,9.6,60.6,303.0,1312
154039,COL GEORGE WILLIAMS,BOGOTÁ D.C.,2025,25,66.0,67.0,62.0,62.0,68.0,9.2,64.5,322.5,761
037341,COLEGIO SAN BENITO DE TIBATI,BOGOTÁ D.C.,2020,38,66.0,70.0,68.0,67.0,64.0,7.4,67.5,337.5,242
037341,COLEGIO SAN BENITO DE TIBATI,BOGOTÁ D.C.,2021,64,68.0,70.0,66.0,66.0,70.0,7.2,67.7,338.5,256
037341,COLEGIO SAN BENITO DE TIBATI,BOGOTÁ D.C.,2022,71,64.0,67.0,62.0,63.0,68.0,6.6,64.3,321.5,552
037341,COLEGIO SAN BENITO DE TIBATI,BOGOTÁ D.C.,2023,51,67.0,69.0,63.0,64.0,69.0,7.4,66.0,330.0,451
037341,COLEGIO SAN BENITO DE TIBATI,BOGOTÁ D.C.,2024,61,64.0,68.0,62.0,63.0,69.0,8.4,64.6,323.0,639
037341,COLEGIO SAN BENITO DE TIBATI,BOGOTÁ D.C.,2025,79,65.0,67.0,60.0,62.0,68.0,8.4,63.8,319.0,854
036905,COL EL MINUTO DE DIOS SIGLO XXI,BOGOTÁ D.C.,2020,47,66.0,67.0,66.0,64.0,67.0,8.6,65.8,329.0,335
036905,COL EL MINUTO DE DIOS SIGLO XXI,BOGOTÁ D.C.,2021,39,65.0,65.0,64.0,64.0,74.0,7.6,65.2,326.0,408
036905,COL EL MINUTO DE DIOS SIGLO XXI,BOGOTÁ D.C.,2022,52,68.0,65.0,63.0,63.0,71.0,9.4,65.2,326.0,477
036905,COL EL MINUTO DE DIOS SIGLO XXI,BOGOTÁ D.C.,2023,42,70.0,66.0,64.0,64.0,71.0,10.2,66.4,332.0,419
036905,COL EL MINUTO DE DIOS SIGLO XXI,BOGOTÁ D.C.,2024,56,67.0,67.0,63.0,64.0,70.0,8.4,65.6,328.0,540
036905,COL EL MINUTO DE DIOS SIGLO XXI,BOGOTÁ D.C.,2025,47,66.0,66.0,62.0,62.0,71.0,8.8,64.5,322.5,761
066811,INSTITUTO EDUCACION Y VIDA,BOGOTÁ D.C.,2020,53,58.0,56.0,57.0,56.0,57.0,8.4,56.8,284.0,1544
066811,INSTITUTO EDUCACION Y VIDA,BOGOTÁ D.C.,2021,45,63.0,57.0,57.0,58.0,64.0,9.2,59.2,296.0,1153
066811,INSTITUTO EDUCACION Y VIDA,BOGOTÁ D.C.,2022,44,62.0,60.0,59.0,59.0,67.0,8.6,60.5,302.5,1113
066811,INSTITUTO EDUCACION Y VIDA,BOGOTÁ D.C.,2023,37,61.0,61.0,58.0,59.0,68.0,8.4,60.4,302.0,1230
066811,INSTITUTO EDUCACION Y VIDA,BOGOTÁ D.C.,2024,30,62.0,60.0,59.0,58.0,67.0,9.0,60.3,301.5,1391
066811,INSTITUTO EDUCACION Y VIDA,BOGOTÁ D.C.,2025,42,64.0,65.0,59.0,62.0,70.0,8.8,63.1,315.5,969
025577,COLEGIO DE NUESTRA SEÑORA DEL PILAR,BOGOTÁ D.C.,2020,94,60.0,63.0,58.0,58.0,61.0,8.4,59.8,299.0,970
025577,COLEGIO DE NUESTRA SEÑORA DEL PILAR,BOGOTÁ D.C.,2021,83,64.0,61.0,59.0,58.0,68.0,9.2,61.1,305.5,837
025577,COLEGIO DE NUESTRA SEÑORA DEL PILAR,BOGOTÁ D.C.,2022,68,64.0,61.0,61.0,60.0,71.0,8.8,62.2,311.0,816
025577,COLEGIO DE NUESTRA SEÑORA DEL PILAR,BOGOTÁ D.C.,2023,61,65.0,64.0,61.0,61.0,70.0,8.0,63.3,316.5,747
025577,COLEGIO DE NUESTRA SEÑORA DEL PILAR,BOGOTÁ D.C.,2024,53,63.0,63.0,60.0,59.0,68.0,9.6,61.8,309.0,1069
025577,COLEGIO DE NUESTRA SEÑORA DEL PILAR,BOGOTÁ D.C.,2025,80,65.0,63.0,62.0,62.0,70.0,8.6,63.5,317.5,904
098749,GIMN SANTA MARIA DEL ALCAZAR,BOGOTÁ D.C.,2020,58,65.0,64.0,64.0,63.0,62.0,8.6,63.8,319.0,496
098749,GIMN SANTA MARIA DEL ALCAZAR,BOGOTÁ D.C.,2021,66,67.0,64.0,62.0,62.0,70.0,8.8,64.2,321.0,479
098749,GIMN SANTA MARIA DEL ALCAZAR,BOGOTÁ D.C.,2022,65,66.0,64.0,61.0,62.0,68.0,7.6,63.6,318.0,629
098749,GIMN SANTA MARIA DEL ALCAZAR,BOGOTÁ D.C.,2023,65,68.0,62.0,62.0,62.0,67.0,8.4,63.8,319.0,669
098749,GIMN SANTA MARIA DEL ALCAZAR,BOGOTÁ D.C.,2024,36,67.0,66.0,63.0,63.0,68.0,9.0,65.0,325.0,602
098749,GIMN SANTA MARIA DEL ALCAZAR,BOGOTÁ D.C.,2025,38,67.0,65.0,63.0,62.0,69.0,9.0,64.6,323.0,728
021360,COL INMACULADO CORAZON DE MARIA,BOGOTÁ D.C.,2020,50,62.0,63.0,61.0,60.0,64.0,7.8,61.7,308.5,731
021360,COL INMACULADO CORAZON DE MARIA,BOGOTÁ D.C.,2021,71,61.0,62.0,58.0,59.0,67.0,8.2,60.5,302.5,952
021360,COL INMACULADO CORAZON DE MARIA,BOGOTÁ D.C.,2022,69,63.0,63.0,58.0,59.0,67.0,8.4,61.2,306.0,987
021360,COL INMACULADO CORAZON DE MARIA,BOGOTÁ D.C.,2023,55,63.0,63.0,59.0,60.0,68.0,9.0,61.8,309.0,978
021360,COL INMACULADO CORAZON DE MARIA,BOGOTÁ D.C.,2024,68,62.0,65.0,56.0,61.0,68.0,9.6,61.5,307.5,1142
021360,COL INMACULADO CORAZON DE MARIA,BOGOTÁ D.C.,2025,56,64.0,64.0,56.0,62.0,67.0,10.6,61.9,309.5,1158
118836,LIC MAYOR ANDINO,BOGOTÁ D.C.,2020,56,61.0,58.0,61.0,58.0,59.0,8.4,59.5,297.5,1031
118836,LIC MAYOR ANDINO,BOGOTÁ D.C.,2021,74,63.0,60.0,60.0,59.0,66.0,8.4,60.9,304.5,863
118836,LIC MAYOR ANDINO,BOGOTÁ D.C.,2022,80,63.0,61.0,60.0,59.0,65.0,9.0,61.1,305.5,1016
118836,LIC MAYOR ANDINO,BOGOTÁ D.C.,2023,76,62.0,58.0,59.0,59.0,66.0,8.8,60.0,300.0,1317
118836,LIC MAYOR ANDINO,BOGOTÁ D.C.,2024,68,63.0,63.0,60.0,58.0,68.0,9.4,61.5,307.5,1142
118836,LIC MAYOR ANDINO,BOGOTÁ D.C.,2025,70,64.0,65.0,60.0,62.0,68.0,9.2,63.2,316.0,942
083758,COLEGIO UNIDAD PEDAGOGICA,BOGOTÁ D.C.,2020,36,65.0,65.0,68.0,63.0,68.0,11.4,65.5,327.5,368
083758,COLEGIO UNIDAD PEDAGOGICA,BOGOTÁ D.C.,2021,35,69.0,69.0,69.0,64.0,74.0,8.6,68.2,341.0,219
083758,COLEGIO UNIDAD PEDAGOGICA,BOGOTÁ D.C.,2022,30,68.0,66.0,64.0,64.0,76.0,9.2,66.3,331.5,399
083758,COLEGIO UNIDAD PEDAGOGICA,BOGOTÁ D.C.,2023,30,68.0,68.0,65.0,63.0,74.0,9.0,66.6,333.0,402
083758,COLEGIO UNIDAD PEDAGOGICA,BOGOTÁ D.C.,2024,34,65.0,67.0,63.0,63.0,78.0,8.6,65.5,327.5,561
083758,COLEGIO UNIDAD PEDAGOGICA,BOGOTÁ D.C.,2025,27,67.0,66.0,64.0,62.0,74.0,9.4,65.5,327.5,631
023671,INST TEC IND CENTRO DON BOSCO,BOGOTÁ D.C.,2020,171,61.0,64.0,59.0,59.0,56.0,8.6,60.4,302.0,898
023671,INST TEC IND CENTRO DON BOSCO,BOGOTÁ D.C.,2021,154,62.0,63.0,57.0,59.0,62.0,9.0,60.4,302.0,952
023671,INST TEC IND CENTRO DON BOSCO,BOGOTÁ D.C.,2022,176,63.0,64.0,60.0,60.0,64.0,9.4,61.9,309.5,902
023671,INST TEC IND CENTRO DON BOSCO,BOGOTÁ D.C.,2023,144,63.0,64.0,60.0,60.0,63.0,9.0,61.8,309.0,978
023671,INST TEC IND CENTRO DON BOSCO,BOGOTÁ D.C.,2024,124,63.0,65.0,59.0,60.0,62.0,8.8,61.8,309.0,1069
023671,INST TEC IND CENTRO DON BOSCO,BOGOTÁ D.C.,2025,101,63.0,66.0,59.0,62.0,67.0,9.4,62.8,314.0,989
098681,LICEO NUESTRA SEÑORA DE TORCOROMA,BOGOTÁ D.C.,2020,64,64.0,67.0,64.0,62.0,66.0,8.4,64.4,322.0,443
098681,LICEO NUESTRA SEÑORA DE TORCOROMA,BOGOTÁ D.C.,2021,82,65.0,69.0,62.0,61.0,70.0,8.0,64.7,323.5,452
098681,LICEO NUESTRA SEÑORA DE TORCOROMA,BOGOTÁ D.C.,2022,62,66.0,68.0,62.0,62.0,71.0,7.2,65.0,325.0,492
098681,LICEO NUESTRA SEÑORA DE TORCOROMA,BOGOTÁ D.C.,2023,70,65.0,67.0,62.0,63.0,71.0,7.2,64.8,324.0,574
098681,LICEO NUESTRA SEÑORA DE TORCOROMA,BOGOTÁ D.C.,2024,99,64.0,67.0,60.0,62.0,68.0,8.6,63.6,318.0,764
098681,LICEO NUESTRA SEÑORA DE TORCOROMA,BOGOTÁ D.C.,2025,83,64.0,66.0,61.0,62.0,69.0,8.0,63.7,318.5,879
034967,CENT CIAL DE EDUC MEDIA MARGARITA BOSCO,BOGOTÁ D.C.,2020,67,61.0,60.0,61.0,59.0,61.0,9.0,60.3,301.5,918
034967,CENT CIAL DE EDUC MEDIA MARGARITA BOSCO,BOGOTÁ D.C.,2021,56,64.0,61.0,61.0,60.0,65.0,7.8,61.8,309.0,730
034967,CENT CIAL DE EDUC MEDIA MARGARITA BOSCO,BOGOTÁ D.C.,2022,55,66.0,64.0,63.0,62.0,72.0,7.6,64.4,322.0,533
034967,CENT CIAL DE EDUC MEDIA MARGARITA BOSCO,BOGOTÁ D.C.,2023,52,65.0,63.0,60.0,61.0,67.0,8.2,62.6,313.0,837
034967,CENT CIAL DE EDUC MEDIA MARGARITA BOSCO,BOGOTÁ D.C.,2024,56,63.0,62.0,60.0,61.0,67.0,9.0,61.9,309.5,1069
034967,CENT CIAL DE EDUC MEDIA MARGARITA BOSCO,BOGOTÁ D.C.,2025,39,64.0,62.0,60.0,62.0,68.0,9.4,62.5,312.5,1060
025221,COL LAUSANA,BOGOTÁ D.C.,2020,38,61.0,58.0,61.0,58.0,64.0,10.2,59.8,299.0,970
025221,COL LAUSANA,BOGOTÁ D.C.,2021,31,63.0,63.0,59.0,60.0,69.0,9.6,61.8,309.0,730
025221,COL LAUSANA,BOGOTÁ D.C.,2022,28,61.0,61.0,58.0,59.0,69.0,10.6,60.5,302.5,1113
025221,COL LAUSANA,BOGOTÁ D.C.,2023,30,63.0,65.0,59.0,61.0,73.0,10.2,62.8,314.0,807
025221,COL LAUSANA,BOGOTÁ D.C.,2024,22,63.0,67.0,58.0,63.0,70.0,7.8,63.3,316.5,836
025221,COL LAUSANA,BOGOTÁ D.C.,2025,40,64.0,63.0,60.0,62.0,69.0,9.4,62.8,314.0,989
144980,"GIMNASIO MODERNO SAN FRANCISCO ""EL TINTAL"" - SEDE PRINCIPAL",BOGOTÁ D.C.,2020,45,58.0,60.0,54.0,55.0,56.0,9.4,56.7,283.5,1588
144980,"GIMNASIO MODERNO SAN FRANCISCO ""EL TINTAL"" - SEDE PRINCIPAL",BOGOTÁ D.C.,2021,33,61.0,60.0,57.0,58.0,66.0,8.2,59.5,297.5,1120
144980,"GIMNASIO MODERNO SAN FRANCISCO ""EL TINTAL"" - SEDE PRINCIPAL",BOGOTÁ D.C.,2022,50,63.0,62.0,60.0,59.0,68.0,9.6,61.5,307.5,958
144980,"GIMNASIO MODERNO SAN FRANCISCO ""EL TINTAL"" - SEDE PRINCIPAL",BOGOTÁ D.C.,2023,42,61.0,60.0,58.0,58.0,68.0,8.6,59.9,299.5,1362
144980,"GIMNASIO MODERNO SAN FRANCISCO ""EL TINTAL"" - SEDE PRINCIPAL",BOGOTÁ D.C.,2024,57,63.0,63.0,59.0,60.0,69.0,8.4,61.8,309.0,1069
144980,"GIMNASIO MODERNO SAN FRANCISCO ""EL TINTAL"" - SEDE PRINCIPAL",BOGOTÁ D.C.,2025,70,65.0,64.0,60.0,62.0,70.0,9.4,63.3,316.5,942
066787,COLEGIO AGUSTINIANO SUBA,BOGOTÁ D.C.,2020,102,61.0,61.0,59.0,56.0,59.0,8.6,59.2,296.0,1072
066787,COLEGIO AGUSTINIANO SUBA,BOGOTÁ D.C.,2021,78,62.0,60.0,59.0,59.0,67.0,8.2,60.5,302.5,952
066787,COLEGIO AGUSTINIANO SUBA,BOGOTÁ D.C.,2022,60,65.0,63.0,60.0,60.0,68.0,8.8,62.5,312.5,784
066787,COLEGIO AGUSTINIANO SUBA,BOGOTÁ D.C.,2023,56,64.0,64.0,61.0,61.0,67.0,8.0,62.8,314.0,807
066787,COLEGIO AGUSTINIANO SUBA,BOGOTÁ D.C.,2024,46,63.0,64.0,59.0,59.0,68.0,7.2,61.8,309.0,1069
066787,COLEGIO AGUSTINIANO SUBA,BOGOTÁ D.C.,2025,43,66.0,66.0,63.0,62.0,70.0,7.4,64.7,323.5,728
193458,COL MARIA AUXILIADORA NORTE - SEDE PRINCIPAL,BOGOTÁ D.C.,2020,13,64.0,63.0,63.0,59.0,63.0,8.8,62.3,311.5,668
193458,COL MARIA AUXILIADORA NORTE - SEDE PRINCIPAL,BOGOTÁ D.C.,2021,48,62.0,60.0,59.0,57.0,67.0,9.2,60.1,300.5,1029
193458,COL MARIA AUXILIADORA NORTE - SEDE PRINCIPAL,BOGOTÁ D.C.,2022,39,62.0,59.0,58.0,57.0,66.0,9.8,59.5,297.5,1332
193458,COL MARIA AUXILIADORA NORTE - SEDE PRINCIPAL,BOGOTÁ D.C.,2023,32,64.0,59.0,60.0,59.0,69.0,8.6,61.2,306.0,1081
193458,COL MARIA AUXILIADORA NORTE - SEDE PRINCIPAL,BOGOTÁ D.C.,2024,24,64.0,66.0,60.0,61.0,71.0,7.6,63.4,317.0,795
193458,COL MARIA AUXILIADORA NORTE - SEDE PRINCIPAL,BOGOTÁ D.C.,2025,20,65.0,64.0,61.0,62.0,69.0,9.8,63.5,317.5,904
021519,COL DE MARIA AUXILIADORA,BOGOTÁ D.C.,2020,56,64.0,66.0,63.0,61.0,69.0,8.0,63.9,319.5,496
021519,COL DE MARIA AUXILIADORA,BOGOTÁ D.C.,2021,62,64.0,63.0,60.0,60.0,69.0,8.6,62.3,311.5,681
021519,COL DE MARIA AUXILIADORA,BOGOTÁ D.C.,2022,58,63.0,62.0,60.0,58.0,70.0,8.0,61.5,307.5,958
021519,COL DE MARIA AUXILIADORA,BOGOTÁ D.C.,2023,36,65.0,62.0,62.0,62.0,74.0,7.2,63.6,318.0,687
021519,COL DE MARIA AUXILIADORA,BOGOTÁ D.C.,2024,25,63.0,62.0,59.0,59.0,73.0,8.6,61.7,308.5,1105
021519,COL DE MARIA AUXILIADORA,BOGOTÁ D.C.,2025,27,66.0,64.0,61.0,62.0,74.0,7.0,64.1,320.5,818
026179,COLEGIO CARDENAL SANCHA,BOGOTÁ D.C.,2020,71,62.0,63.0,61.0,60.0,63.0,8.8,61.6,308.0,731
026179,COLEGIO CARDENAL SANCHA,BOGOTÁ D.C.,2021,76,65.0,64.0,61.0,61.0,71.0,7.8,63.4,317.0,561
026179,COLEGIO CARDENAL SANCHA,BOGOTÁ D.C.,2022,63,62.0,60.0,58.0,57.0,67.0,10.0,59.8,299.0,1233
026179,COLEGIO CARDENAL SANCHA,BOGOTÁ D.C.,2023,68,64.0,63.0,61.0,61.0,71.0,9.0,62.9,314.5,807
026179,COLEGIO CARDENAL SANCHA,BOGOTÁ D.C.,2024,85,65.0,65.0,59.0,61.0,70.0,9.6,63.1,315.5,865
026179,COLEGIO CARDENAL SANCHA,BOGOTÁ D.C.,2025,74,64.0,64.0,60.0,62.0,72.0,9.6,63.2,316.0,942
021543,COLEGIO MARIA INMACULADA,BOGOTÁ D.C.,2020,75,59.0,59.0,59.0,57.0,61.0,8.6,58.7,293.5,1176
021543,COLEGIO MARIA INMACULADA,BOGOTÁ D.C.,2021,36,63.0,61.0,57.0,58.0,66.0,8.8,60.2,301.0,995
021543,COLEGIO MARIA INMACULADA,BOGOTÁ D.C.,2022,22,64.0,61.0,60.0,61.0,75.0,8.0,62.5,312.5,784
021543,COLEGIO MARIA INMACULADA,BOGOTÁ D.C.,2023,28,62.0,59.0,58.0,59.0,67.0,7.4,60.1,300.5,1317
021543,COLEGIO MARIA INMACULADA,BOGOTÁ D.C.,2024,18,62.0,60.0,57.0,58.0,67.0,11.6,59.8,299.0,1476
021543,COLEGIO MARIA INMACULADA,BOGOTÁ D.C.,2025,39,63.0,66.0,60.0,62.0,68.0,10.0,63.2,316.0,942
020537,COL DE NSTRA SRA DEL BUEN CONSEJO,BOGOTÁ D.C.,2020,68,62.0,64.0,60.0,59.0,68.0,9.6,61.8,309.0,709
020537,COL DE NSTRA SRA DEL BUEN CONSEJO,BOGOTÁ D.C.,2021,55,65.0,62.0,61.0,60.0,70.0,8.2,62.6,313.0,627
020537,COL DE NSTRA SRA DEL BUEN CONSEJO,BOGOTÁ D.C.,2022,39,65.0,66.0,63.0,63.0,74.0,8.2,65.0,325.0,492
020537,COL DE NSTRA SRA DEL BUEN CONSEJO,BOGOTÁ D.C.,2023,56,63.0,62.0,59.0,60.0,71.0,10.0,61.8,309.0,978
020537,COL DE NSTRA SRA DEL BUEN CONSEJO,BOGOTÁ D.C.,2024,53,64.0,65.0,62.0,61.0,73.0,10.2,63.8,319.0,737
020537,COL DE NSTRA SRA DEL BUEN CONSEJO,BOGOTÁ D.C.,2025,58,66.0,67.0,62.0,62.0,74.0,10.0,65.0,325.0,681
073395,GIMNASIO LOS SAUCES,BOGOTÁ D.C.,2020,164,60.0,60.0,56.0,57.0,54.0,8.8,57.9,289.5,1331
073395,GIMNASIO LOS SAUCES,BOGOTÁ D.C.,2021,123,60.0,60.0,55.0,57.0,59.0,9.2,58.1,290.5,1393
073395,GIMNASIO LOS SAUCES,BOGOTÁ D.C.,2022,174,62.0,62.0,59.0,61.0,63.0,8.6,61.2,306.0,987
073395,GIMNASIO LOS SAUCES,BOGOTÁ D.C.,2023,157,64.0,64.0,61.0,61.0,65.0,10.0,62.7,313.5,837
073395,GIMNASIO LOS SAUCES,BOGOTÁ D.C.,2024,175,65.0,66.0,61.0,63.0,66.0,9.2,63.9,319.5,737
073395,GIMNASIO LOS SAUCES,BOGOTÁ D.C.,2025,176,65.0,66.0,61.0,62.0,68.0,8.2,63.8,319.0,854
123778,COL NUEVA ALIANZA INTEGRAL - SEDE PRINCIPAL,BOGOTÁ D.C.,2020,36,68.0,68.0,68.0,66.0,64.0,6.8,67.2,336.0,253
123778,COL NUEVA ALIANZA INTEGRAL - SEDE PRINCIPAL,BOGOTÁ D.C.,2021,40,68.0,68.0,64.0,64.0,69.0,7.2,66.2,331.0,336
123778,COL NUEVA ALIANZA INTEGRAL - SEDE PRINCIPAL,BOGOTÁ D.C.,2022,29,68.0,69.0,64.0,64.0,72.0,8.2,66.7,333.5,370
123778,COL NUEVA ALIANZA INTEGRAL - SEDE PRINCIPAL,BOGOTÁ D.C.,2023,45,67.0,66.0,63.0,63.0,69.0,8.6,65.1,325.5,557
123778,COL NUEVA ALIANZA INTEGRAL - SEDE PRINCIPAL,BOGOTÁ D.C.,2024,29,70.0,72.0,69.0,66.0,72.0,8.6,69.5,347.5,214
123778,COL NUEVA ALIANZA INTEGRAL - SEDE PRINCIPAL,BOGOTÁ D.C.,2025,22,66.0,67.0,60.0,62.0,72.0,8.0,64.4,322.0,761
022152,COL SANTO TOMAS DE AQUINO,BOGOTÁ D.C.,2020,50,62.0,65.0,64.0,61.0,69.0,8.8,63.5,317.5,522
022152,COL SANTO TOMAS DE AQUINO,BOGOTÁ D.C.,2021,48,66.0,67.0,61.0,61.0,72.0,9.0,64.4,322.0,465
022152,COL SANTO TOMAS DE AQUINO,BOGOTÁ D.C.,2022,61,66.0,66.0,61.0,63.0,73.0,8.8,64.7,323.5,513
022152,COL SANTO TOMAS DE AQUINO,BOGOTÁ D.C.,2023,75,67.0,68.0,65.0,65.0,77.0,8.6,67.1,335.5,364
022152,COL SANTO TOMAS DE AQUINO,BOGOTÁ D.C.,2024,58,66.0,68.0,62.0,65.0,76.0,7.2,66.1,330.5,507
022152,COL SANTO TOMAS DE AQUINO,BOGOTÁ D.C.,2025,97,66.0,66.0,62.0,62.0,77.0,8.4,65.0,325.0,681
098657,COL FERVAN,BOGOTÁ D.C.,2020,32,63.0,63.0,59.0,60.0,62.0,9.6,61.3,306.5,788
098657,COL FERVAN,BOGOTÁ D.C.,2021,28,64.0,65.0,63.0,62.0,71.0,7.0,64.1,320.5,491
098657,COL FERVAN,BOGOTÁ D.C.,2022,34,65.0,62.0,61.0,61.0,70.0,6.6,62.8,314.0,735
098657,COL FERVAN,BOGOTÁ D.C.,2023,32,62.0,62.0,59.0,60.0,69.0,9.4,61.4,307.0,1049
098657,COL FERVAN,BOGOTÁ D.C.,2024,26,67.0,68.0,62.0,62.0,75.0,8.0,65.5,327.5,561
098657,COL FERVAN,BOGOTÁ D.C.,2025,25,66.0,68.0,62.0,62.0,71.0,9.2,65.0,325.0,681
162784,COLEGIO AVE MARIA - SEDE PRINCIPAL,BOGOTÁ D.C.,2020,33,66.0,66.0,65.0,60.0,57.0,8.4,63.7,318.5,507
162784,COLEGIO AVE MARIA - SEDE PRINCIPAL,BOGOTÁ D.C.,2021,52,64.0,66.0,61.0,64.0,66.0,8.8,63.9,319.5,508
162784,COLEGIO AVE MARIA - SEDE PRINCIPAL,BOGOTÁ D.C.,2022,32,65.0,65.0,61.0,63.0,67.0,7.6,63.8,319.0,607
162784,COLEGIO AVE MARIA - SEDE PRINCIPAL,BOGOTÁ D.C.,2023,51,68.0,69.0,64.0,64.0,70.0,8.8,66.5,332.5,419
162784,COLEGIO AVE MARIA - SEDE PRINCIPAL,BOGOTÁ D.C.,2024,35,66.0,66.0,64.0,64.0,67.0,8.0,65.2,326.0,576
162784,COLEGIO AVE MARIA - SEDE PRINCIPAL,BOGOTÁ D.C.,2025,29,66.0,66.0,60.0,62.0,66.0,8.2,63.7,318.5,879
021337,COLEGIO CRISTO REY BOGOTA,BOGOTÁ D.C.,2020,59,65.0,69.0,62.0,62.0,70.0,9.4,64.9,324.5,403
021337,COLEGIO CRISTO REY BOGOTA,BOGOTÁ D.C.,2021,42,67.0,67.0,64.0,64.0,79.0,9.2,66.5,332.5,320
021337,COLEGIO CRISTO REY BOGOTA,BOGOTÁ D.C.,2022,42,66.0,67.0,63.0,64.0,77.0,9.0,65.9,329.5,433
021337,COLEGIO CRISTO REY BOGOTA,BOGOTÁ D.C.,2023,24,67.0,68.0,64.0,65.0,79.0,7.0,67.0,335.0,364
021337,COLEGIO CRISTO REY BOGOTA,BOGOTÁ D.C.,2024,31,64.0,65.0,60.0,61.0,73.0,8.4,63.3,316.5,836
021337,COLEGIO CRISTO REY BOGOTA,BOGOTÁ D.C.,2025,45,66.0,66.0,60.0,62.0,73.0,8.8,64.2,321.0,788
019349,COLEGIO ANDINO,BOGOTÁ D.C.,2020,1,77.0,72.0,76.0,63.0,100.0,0.0,74.2,371.0,17
019349,COLEGIO ANDINO,BOGOTÁ D.C.,2020,93,67.0,69.0,65.0,64.0,82.0,8.8,67.5,337.5,242
019349,COLEGIO ANDINO,BOGOTÁ D.C.,2021,127,68.0,68.0,66.0,65.0,83.0,7.2,68.0,340.0,232
019349,COLEGIO ANDINO,BOGOTÁ D.C.,2022,102,66.0,69.0,65.0,64.0,83.0,7.8,67.3,336.5,318
019349,COLEGIO ANDINO,BOGOTÁ D.C.,2023,100,69.0,67.0,66.0,65.0,83.0,7.0,68.0,340.0,284
019349,COLEGIO ANDINO,BOGOTÁ D.C.,2024,107,67.0,68.0,63.0,63.0,83.0,7.8,66.6,333.0,442
019349,COLEGIO ANDINO,BOGOTÁ D.C.,2025,102,67.0,67.0,62.0,62.0,82.0,7.8,65.8,329.0,588
019497,COLEGIO SANTA MARIA,BOGOTÁ D.C.,2020,5,69.0,75.0,68.0,67.0,78.0,6.0,70.4,352.0,92
019497,COLEGIO SANTA MARIA,BOGOTÁ D.C.,2020,72,66.0,68.0,65.0,63.0,81.0,8.8,66.7,333.5,290
019497,COLEGIO SANTA MARIA,BOGOTÁ D.C.,2021,91,67.0,71.0,66.0,64.0,85.0,8.4,68.4,342.0,210
019497,COLEGIO SANTA MARIA,BOGOTÁ D.C.,2022,77,69.0,73.0,66.0,66.0,84.0,7.4,69.7,348.5,166
019497,COLEGIO SANTA MARIA,BOGOTÁ D.C.,2023,62,66.0,70.0,63.0,64.0,82.0,7.6,67.0,335.0,364
019497,COLEGIO SANTA MARIA,BOGOTÁ D.C.,2024,55,66.0,68.0,62.0,63.0,82.0,8.6,66.1,330.5,507
019497,COLEGIO SANTA MARIA,BOGOTÁ D.C.,2025,1,71.0,60.0,64.0,61.0,80.0,0.0,65.2,326.0,657
019497,COLEGIO SANTA MARIA,BOGOTÁ D.C.,2025,57,64.0,67.0,61.0,62.0,82.0,7.8,64.9,324.5,703
151183,COLEGIO JOSE ORTEGA Y GASSET,BOGOTÁ D.C.,2020,20,63.0,64.0,62.0,59.0,60.0,7.8,61.8,309.0,709
151183,COLEGIO JOSE ORTEGA Y GASSET,BOGOTÁ D.C.,2021,23,61.0,58.0,56.0,55.0,63.0,7.2,57.9,289.5,1440
151183,COLEGIO JOSE ORTEGA Y GASSET,BOGOTÁ D.C.,2022,26,63.0,65.0,59.0,60.0,64.0,7.8,61.9,309.5,902
151183,COLEGIO JOSE ORTEGA Y GASSET,BOGOTÁ D.C.,2023,27,66.0,63.0,59.0,60.0,64.0,9.0,62.2,311.0,896
151183,COLEGIO JOSE ORTEGA Y GASSET,BOGOTÁ D.C.,2024,44,65.0,66.0,62.0,62.0,67.0,8.8,64.0,320.0,711
151183,COLEGIO JOSE ORTEGA Y GASSET,BOGOTÁ D.C.,2025,35,65.0,64.0,60.0,61.0,69.0,9.2,63.0,315.0,969
067041,COLEGIO ALAFAS DEL NORTE,BOGOTÁ D.C.,2020,35,62.0,62.0,61.0,57.0,55.0,9.2,60.1,300.5,942
067041,COLEGIO ALAFAS DEL NORTE,BOGOTÁ D.C.,2021,50,60.0,59.0,55.0,57.0,60.0,9.6,57.9,289.5,1440
067041,COLEGIO ALAFAS DEL NORTE,BOGOTÁ D.C.,2022,17,66.0,66.0,62.0,60.0,67.0,6.2,63.8,319.0,607
067041,COLEGIO ALAFAS DEL NORTE,BOGOTÁ D.C.,2023,26,65.0,65.0,63.0,61.0,68.0,6.6,63.8,319.0,669
067041,COLEGIO ALAFAS DEL NORTE,BOGOTÁ D.C.,2024,29,64.0,67.0,59.0,61.0,63.0,9.6,62.8,314.0,900
067041,COLEGIO ALAFAS DEL NORTE,BOGOTÁ D.C.,2025,21,62.0,64.0,62.0,61.0,64.0,7.4,62.4,312.0,1060
112805,LIC  RODRIGO ARENAS BETANCOURT,BOGOTÁ D.C.,2020,46,63.0,62.0,61.0,59.0,56.0,8.6,60.8,304.0,835
112805,LIC  RODRIGO ARENAS BETANCOURT,BOGOTÁ D.C.,2021,56,61.0,62.0,59.0,59.0,62.0,8.2,60.4,302.0,952
112805,LIC  RODRIGO ARENAS BETANCOURT,BOGOTÁ D.C.,2022,45,62.0,62.0,58.0,59.0,63.0,9.0,60.5,302.5,1113
112805,LIC  RODRIGO ARENAS BETANCOURT,BOGOTÁ D.C.,2023,59,65.0,66.0,62.0,62.0,64.0,8.2,63.8,319.0,669
112805,LIC  RODRIGO ARENAS BETANCOURT,BOGOTÁ D.C.,2024,54,63.0,64.0,60.0,60.0,64.0,9.8,61.9,309.5,1069
112805,LIC  RODRIGO ARENAS BETANCOURT,BOGOTÁ D.C.,2025,54,64.0,64.0,62.0,61.0,63.0,9.2,62.8,314.0,989
021154,"COLEGIO EMMANUEL D,ALZON",BOGOTÁ D.C.,2020,62,63.0,66.0,63.0,62.0,69.0,7.8,63.9,319.5,496
021154,"COLEGIO EMMANUEL D,ALZON",BOGOTÁ D.C.,2021,55,68.0,67.0,65.0,65.0,73.0,8.0,66.8,334.0,293
021154,"COLEGIO EMMANUEL D,ALZON",BOGOTÁ D.C.,2022,54,67.0,67.0,64.0,64.0,72.0,7.4,66.0,330.0,411
021154,"COLEGIO EMMANUEL D,ALZON",BOGOTÁ D.C.,2023,58,66.0,66.0,64.0,63.0,73.0,8.0,65.4,327.0,511
021154,"COLEGIO EMMANUEL D,ALZON",BOGOTÁ D.C.,2024,64,64.0,66.0,61.0,62.0,72.0,8.6,63.9,319.5,737
021154,"COLEGIO EMMANUEL D,ALZON",BOGOTÁ D.C.,2025,70,65.0,65.0,60.0,61.0,72.0,9.6,63.5,317.5,904
024034,LIC SEGOVIA,BOGOTÁ D.C.,2020,81,62.0,59.0,62.0,60.0,66.0,8.6,61.2,306.0,788
024034,LIC SEGOVIA,BOGOTÁ D.C.,2021,71,65.0,58.0,62.0,60.0,73.0,8.2,62.2,311.0,681
024034,LIC SEGOVIA,BOGOTÁ D.C.,2022,85,65.0,60.0,63.0,60.0,73.0,7.8,62.8,314.0,735
024034,LIC SEGOVIA,BOGOTÁ D.C.,2023,95,63.0,58.0,62.0,59.0,70.0,9.0,61.2,306.0,1081
024034,LIC SEGOVIA,BOGOTÁ D.C.,2024,70,64.0,60.0,62.0,60.0,72.0,8.6,62.3,311.5,998
024034,LIC SEGOVIA,BOGOTÁ D.C.,2025,97,64.0,61.0,62.0,61.0,72.0,9.4,62.8,314.0,989
025270,COL NUEVO CAMPESTRE,BOGOTÁ D.C.,2020,39,61.0,62.0,58.0,58.0,64.0,8.8,60.1,300.5,942
025270,COL NUEVO CAMPESTRE,BOGOTÁ D.C.,2021,43,63.0,60.0,59.0,57.0,70.0,9.8,60.5,302.5,952
025270,COL NUEVO CAMPESTRE,BOGOTÁ D.C.,2022,48,62.0,59.0,61.0,59.0,71.0,9.2,61.1,305.5,1016
025270,COL NUEVO CAMPESTRE,BOGOTÁ D.C.,2023,52,64.0,65.0,62.0,61.0,70.0,10.6,63.5,317.5,715
025270,COL NUEVO CAMPESTRE,BOGOTÁ D.C.,2024,39,62.0,63.0,58.0,59.0,72.0,10.8,61.4,307.0,1142
025270,COL NUEVO CAMPESTRE,BOGOTÁ D.C.,2025,37,65.0,63.0,62.0,61.0,72.0,8.2,63.5,317.5,904
025320,GIMNASIO INGLES CAMPESTRE,BOGOTÁ D.C.,2020,21,57.0,61.0,57.0,56.0,63.0,9.2,58.2,291.0,1247
025320,GIMNASIO INGLES CAMPESTRE,BOGOTÁ D.C.,2021,20,60.0,60.0,56.0,55.0,70.0,9.2,58.7,293.5,1257
025320,GIMNASIO INGLES CAMPESTRE,BOGOTÁ D.C.,2022,22,61.0,63.0,57.0,57.0,69.0,7.8,60.2,301.0,1157
025320,GIMNASIO INGLES CAMPESTRE,BOGOTÁ D.C.,2023,13,64.0,63.0,59.0,58.0,72.0,6.0,61.8,309.0,978
025320,GIMNASIO INGLES CAMPESTRE,BOGOTÁ D.C.,2024,18,63.0,66.0,58.0,58.0,68.0,7.6,61.8,309.0,1069
025320,GIMNASIO INGLES CAMPESTRE,BOGOTÁ D.C.,2025,20,62.0,61.0,59.0,61.0,69.0,9.0,61.4,307.0,1238
102848,INST EXPERIMENTAL DE ENSEÑANZA PRACTICA,BOGOTÁ D.C.,2020,13,61.0,64.0,61.0,62.0,55.0,6.8,61.5,307.5,760
102848,INST EXPERIMENTAL DE ENSEÑANZA PRACTICA,BOGOTÁ D.C.,2021,13,63.0,60.0,61.0,58.0,60.0,5.8,60.5,302.5,952
102848,INST EXPERIMENTAL DE ENSEÑANZA PRACTICA,BOGOTÁ D.C.,2022,13,64.0,63.0,59.0,63.0,68.0,5.6,62.7,313.5,765
102848,INST EXPERIMENTAL DE ENSEÑANZA PRACTICA,BOGOTÁ D.C.,2023,16,63.0,63.0,58.0,61.0,62.0,7.2,61.3,306.5,1081
102848,INST EXPERIMENTAL DE ENSEÑANZA PRACTICA,BOGOTÁ D.C.,2024,9,63.0,66.0,60.0,62.0,66.0,7.0,63.0,315.0,865
102848,INST EXPERIMENTAL DE ENSEÑANZA PRACTICA,BOGOTÁ D.C.,2025,13,63.0,63.0,61.0,61.0,66.0,8.2,62.3,311.5,1093
191684,COL PARROQ SAN LUIS GONZAGA,BOGOTÁ D.C.,2020,103,59.0,60.0,58.0,57.0,53.0,9.6,58.1,290.5,1288
191684,COL PARROQ SAN LUIS GONZAGA,BOGOTÁ D.C.,2021,95,62.0,62.0,58.0,59.0,62.0,9.4,60.4,302.0,952
191684,COL PARROQ SAN LUIS GONZAGA,BOGOTÁ D.C.,2022,93,63.0,62.0,58.0,59.0,61.0,8.4,60.5,302.5,1113
191684,COL PARROQ SAN LUIS GONZAGA,BOGOTÁ D.C.,2023,79,63.0,62.0,60.0,60.0,64.0,8.8,61.5,307.5,1049
191684,COL PARROQ SAN LUIS GONZAGA,BOGOTÁ D.C.,2024,95,64.0,64.0,61.0,61.0,63.0,9.0,62.5,312.5,970
191684,COL PARROQ SAN LUIS GONZAGA,BOGOTÁ D.C.,2025,135,64.0,64.0,60.0,61.0,65.0,9.6,62.5,312.5,1060
025791,COLEGIO CANAPRO,BOGOTÁ D.C.,2020,85,62.0,65.0,62.0,61.0,61.0,9.2,62.4,312.0,647
025791,COLEGIO CANAPRO,BOGOTÁ D.C.,2021,75,63.0,64.0,59.0,59.0,67.0,8.4,61.7,308.5,754
025791,COLEGIO CANAPRO,BOGOTÁ D.C.,2022,52,64.0,63.0,60.0,60.0,66.0,8.2,62.1,310.5,864
025791,COLEGIO CANAPRO,BOGOTÁ D.C.,2023,62,63.0,63.0,60.0,60.0,65.0,9.2,61.8,309.0,978
025791,COLEGIO CANAPRO,BOGOTÁ D.C.,2024,41,63.0,63.0,61.0,61.0,68.0,9.8,62.5,312.5,970
025791,COLEGIO CANAPRO,BOGOTÁ D.C.,2025,37,64.0,63.0,61.0,61.0,65.0,8.2,62.5,312.5,1060
745620,COLEGIO CLARETIANO,BOGOTÁ D.C.,2020,101,57.0,57.0,55.0,53.0,50.0,9.2,55.1,275.5,2017
745620,COLEGIO CLARETIANO,BOGOTÁ D.C.,2021,100,58.0,55.0,52.0,53.0,54.0,9.8,54.5,272.5,2303
745620,COLEGIO CLARETIANO,BOGOTÁ D.C.,2022,235,61.0,59.0,57.0,58.0,59.0,9.4,58.8,294.0,1463
745620,COLEGIO CLARETIANO,BOGOTÁ D.C.,2023,225,62.0,61.0,57.0,60.0,60.0,9.2,60.0,300.0,1317
745620,COLEGIO CLARETIANO,BOGOTÁ D.C.,2024,204,60.0,60.0,56.0,59.0,61.0,9.6,58.9,294.5,1724
745620,COLEGIO CLARETIANO,BOGOTÁ D.C.,2025,185,64.0,60.0,60.0,61.0,63.0,9.8,61.4,307.0,1238
022145,COLEGIO DEL SANTO ANGEL,BOGOTÁ D.C.,2020,18,61.0,63.0,61.0,63.0,64.0,6.6,62.2,311.0,668
022145,COLEGIO DEL SANTO ANGEL,BOGOTÁ D.C.,2021,26,66.0,59.0,57.0,60.0,71.0,8.6,61.3,306.5,813
022145,COLEGIO DEL SANTO ANGEL,BOGOTÁ D.C.,2022,33,63.0,62.0,57.0,59.0,68.0,11.4,60.8,304.0,1048
022145,COLEGIO DEL SANTO ANGEL,BOGOTÁ D.C.,2023,30,64.0,66.0,61.0,61.0,72.0,8.2,63.7,318.5,687
022145,COLEGIO DEL SANTO ANGEL,BOGOTÁ D.C.,2024,35,65.0,65.0,59.0,62.0,71.0,8.8,63.4,317.0,795
022145,COLEGIO DEL SANTO ANGEL,BOGOTÁ D.C.,2025,32,66.0,66.0,61.0,61.0,74.0,8.6,64.3,321.5,788
151068,COLEGIO AGUSTINIANO TAGASTE - SEDE PRINCIPAL,BOGOTÁ D.C.,2020,54,63.0,65.0,62.0,60.0,68.0,7.8,62.9,314.5,599
151068,COLEGIO AGUSTINIANO TAGASTE - SEDE PRINCIPAL,BOGOTÁ D.C.,2021,66,65.0,66.0,63.0,61.0,74.0,9.4,64.5,322.5,465
151068,COLEGIO AGUSTINIANO TAGASTE - SEDE PRINCIPAL,BOGOTÁ D.C.,2022,45,66.0,65.0,64.0,62.0,72.0,8.6,64.8,324.0,501
151068,COLEGIO AGUSTINIANO TAGASTE - SEDE PRINCIPAL,BOGOTÁ D.C.,2023,72,63.0,63.0,60.0,61.0,74.0,8.2,62.7,313.5,837
151068,COLEGIO AGUSTINIANO TAGASTE - SEDE PRINCIPAL,BOGOTÁ D.C.,2024,64,66.0,67.0,64.0,64.0,73.0,8.8,65.8,329.0,518
151068,COLEGIO AGUSTINIANO TAGASTE - SEDE PRINCIPAL,BOGOTÁ D.C.,2025,80,65.0,66.0,62.0,61.0,72.0,8.8,64.2,321.0,788
604751,COL EUCARISTICO MERCEDARIO,BOGOTÁ D.C.,2020,41,61.0,60.0,61.0,57.0,64.0,9.0,60.1,300.5,942
604751,COL EUCARISTICO MERCEDARIO,BOGOTÁ D.C.,2021,52,64.0,61.0,58.0,57.0,68.0,9.2,60.6,303.0,901
604751,COL EUCARISTICO MERCEDARIO,BOGOTÁ D.C.,2022,38,62.0,62.0,59.0,61.0,70.0,8.0,61.7,308.5,931
604751,COL EUCARISTICO MERCEDARIO,BOGOTÁ D.C.,2023,39,62.0,62.0,59.0,59.0,70.0,8.4,61.2,306.0,1081
604751,COL EUCARISTICO MERCEDARIO,BOGOTÁ D.C.,2024,39,64.0,63.0,59.0,60.0,71.0,9.2,62.2,311.0,998
604751,COL EUCARISTICO MERCEDARIO,BOGOTÁ D.C.,2025,70,64.0,64.0,60.0,61.0,70.0,9.2,62.8,314.0,989
061721,CENT EDUC SAGRADA FAMILIA DE NAZARETH,BOGOTÁ D.C.,2020,90,61.0,63.0,62.0,59.0,60.0,8.4,61.2,306.0,788
061721,CENT EDUC SAGRADA FAMILIA DE NAZARETH,BOGOTÁ D.C.,2021,92,62.0,61.0,59.0,58.0,67.0,7.4,60.5,302.5,952
061721,CENT EDUC SAGRADA FAMILIA DE NAZARETH,BOGOTÁ D.C.,2022,107,63.0,61.0,57.0,58.0,66.0,8.6,60.2,301.0,1157
061721,CENT EDUC SAGRADA FAMILIA DE NAZARETH,BOGOTÁ D.C.,2023,85,62.0,62.0,58.0,59.0,66.0,9.0,60.7,303.5,1195
061721,CENT EDUC SAGRADA FAMILIA DE NAZARETH,BOGOTÁ D.C.,2024,98,63.0,63.0,60.0,61.0,65.0,9.8,62.0,310.0,1037
061721,CENT EDUC SAGRADA FAMILIA DE NAZARETH,BOGOTÁ D.C.,2025,87,64.0,65.0,60.0,61.0,67.0,8.2,62.8,314.0,989
170928,GIMN PSICOPEDAG MARIA ISABEL,BOGOTÁ D.C.,2020,43,59.0,60.0,58.0,56.0,56.0,8.2,58.1,290.5,1288
170928,GIMN PSICOPEDAG MARIA ISABEL,BOGOTÁ D.C.,2021,41,61.0,62.0,58.0,59.0,62.0,9.4,60.2,301.0,995
170928,GIMN PSICOPEDAG MARIA ISABEL,BOGOTÁ D.C.,2022,38,64.0,66.0,61.0,60.0,65.0,7.4,62.9,314.5,735
170928,GIMN PSICOPEDAG MARIA ISABEL,BOGOTÁ D.C.,2023,41,65.0,64.0,60.0,61.0,67.0,8.8,62.8,314.0,807
170928,GIMN PSICOPEDAG MARIA ISABEL,BOGOTÁ D.C.,2024,44,66.0,66.0,61.0,61.0,68.0,8.0,63.8,319.0,737
170928,GIMN PSICOPEDAG MARIA ISABEL,BOGOTÁ D.C.,2025,36,65.0,65.0,61.0,61.0,69.0,10.2,63.5,317.5,904
138586,COL GIOVANNI ANTONIO FARINA,BOGOTÁ D.C.,2020,105,59.0,59.0,57.0,57.0,57.0,9.2,57.9,289.5,1331
138586,COL GIOVANNI ANTONIO FARINA,BOGOTÁ D.C.,2021,81,61.0,60.0,57.0,59.0,65.0,8.2,59.7,298.5,1088
138586,COL GIOVANNI ANTONIO FARINA,BOGOTÁ D.C.,2022,56,60.0,62.0,54.0,56.0,64.0,8.8,58.5,292.5,1570
138586,COL GIOVANNI ANTONIO FARINA,BOGOTÁ D.C.,2023,54,64.0,66.0,61.0,60.0,68.0,7.8,63.2,316.0,747
138586,COL GIOVANNI ANTONIO FARINA,BOGOTÁ D.C.,2024,44,64.0,67.0,60.0,60.0,68.0,9.4,63.2,316.0,836
138586,COL GIOVANNI ANTONIO FARINA,BOGOTÁ D.C.,2025,38,65.0,68.0,62.0,61.0,68.0,7.8,64.3,321.5,788
080226,LICEO ADOLFO LEON GOMEZ,BOGOTÁ D.C.,2020,3,53.0,54.0,52.0,48.0,47.0,9.0,51.4,257.0,3630
080226,LICEO ADOLFO LEON GOMEZ,BOGOTÁ D.C.,2021,3,61.0,64.0,58.0,58.0,52.0,6.4,59.6,298.0,1088
080226,LICEO ADOLFO LEON GOMEZ,BOGOTÁ D.C.,2022,7,49.0,46.0,43.0,48.0,48.0,7.4,46.6,233.0,7704
080226,LICEO ADOLFO LEON GOMEZ,BOGOTÁ D.C.,2023,5,59.0,56.0,58.0,57.0,60.0,12.0,57.7,288.5,1882
080226,LICEO ADOLFO LEON GOMEZ,BOGOTÁ D.C.,2024,8,56.0,51.0,52.0,53.0,55.0,9.8,53.2,266.0,4012
080226,LICEO ADOLFO LEON GOMEZ,BOGOTÁ D.C.,2025,5,66.0,63.0,61.0,61.0,66.0,7.0,63.0,315.0,969
020180,COL CLAUSTRO MODERNO,BOGOTÁ D.C.,2020,38,68.0,67.0,68.0,64.0,76.0,7.2,67.5,337.5,242
020180,COL CLAUSTRO MODERNO,BOGOTÁ D.C.,2021,46,67.0,66.0,63.0,63.0,79.0,9.8,65.8,329.0,358
020180,COL CLAUSTRO MODERNO,BOGOTÁ D.C.,2022,45,67.0,67.0,65.0,63.0,77.0,8.6,66.4,332.0,385
020180,COL CLAUSTRO MODERNO,BOGOTÁ D.C.,2023,37,67.0,62.0,63.0,60.0,76.0,9.8,64.0,320.0,654
020180,COL CLAUSTRO MODERNO,BOGOTÁ D.C.,2024,40,64.0,63.0,62.0,60.0,77.0,10.2,63.4,317.0,795
020180,COL CLAUSTRO MODERNO,BOGOTÁ D.C.,2025,61,64.0,62.0,61.0,61.0,75.0,10.2,63.0,315.0,969
085647,COL NAVAL SANTA FE DE BOGOTA,BOGOTÁ D.C.,2020,30,62.0,61.0,61.0,60.0,63.0,10.0,61.2,306.0,788
085647,COL NAVAL SANTA FE DE BOGOTA,BOGOTÁ D.C.,2021,26,65.0,65.0,63.0,61.0,64.0,8.0,63.5,317.5,561
085647,COL NAVAL SANTA FE DE BOGOTA,BOGOTÁ D.C.,2022,25,63.0,60.0,59.0,58.0,62.0,7.8,60.2,301.0,1157
085647,COL NAVAL SANTA FE DE BOGOTA,BOGOTÁ D.C.,2023,21,65.0,63.0,60.0,60.0,65.0,10.0,62.2,311.0,896
085647,COL NAVAL SANTA FE DE BOGOTA,BOGOTÁ D.C.,2024,21,63.0,65.0,60.0,61.0,68.0,8.8,62.7,313.5,933
085647,COL NAVAL SANTA FE DE BOGOTA,BOGOTÁ D.C.,2025,26,67.0,62.0,62.0,61.0,68.0,8.2,63.4,317.0,904
599472,COLEGIO CALASANZ LA ESMERALDA ESCOLAPIAS,BOGOTÁ D.C.,2020,57,62.0,62.0,60.0,60.0,63.0,8.6,61.2,306.0,788
599472,COLEGIO CALASANZ LA ESMERALDA ESCOLAPIAS,BOGOTÁ D.C.,2021,60,63.0,62.0,62.0,60.0,70.0,8.8,62.4,312.0,653
599472,COLEGIO CALASANZ LA ESMERALDA ESCOLAPIAS,BOGOTÁ D.C.,2022,49,64.0,62.0,60.0,60.0,68.0,8.6,62.0,310.0,864
599472,COLEGIO CALASANZ LA ESMERALDA ESCOLAPIAS,BOGOTÁ D.C.,2023,47,64.0,65.0,62.0,61.0,71.0,8.8,63.6,318.0,687
599472,COLEGIO CALASANZ LA ESMERALDA ESCOLAPIAS,BOGOTÁ D.C.,2024,40,66.0,65.0,63.0,63.0,75.0,9.0,65.1,325.5,602
599472,COLEGIO CALASANZ LA ESMERALDA ESCOLAPIAS,BOGOTÁ D.C.,2025,45,63.0,65.0,61.0,61.0,71.0,8.8,63.2,316.0,942
023507,INST SAN BERNARDO DE LA SALLE,BOGOTÁ D.C.,2020,66,62.0,65.0,61.0,60.0,61.0,10.0,61.9,309.5,709
023507,INST SAN BERNARDO DE LA SALLE,BOGOTÁ D.C.,2021,60,63.0,63.0,58.0,60.0,66.0,10.8,61.4,307.0,778
023507,INST SAN BERNARDO DE LA SALLE,BOGOTÁ D.C.,2022,66,62.0,60.0,58.0,58.0,66.0,8.6,60.0,300.0,1200
023507,INST SAN BERNARDO DE LA SALLE,BOGOTÁ D.C.,2023,60,65.0,63.0,61.0,61.0,68.0,9.6,62.9,314.5,807
023507,INST SAN BERNARDO DE LA SALLE,BOGOTÁ D.C.,2024,57,61.0,64.0,56.0,59.0,66.0,10.8,60.5,302.5,1353
023507,INST SAN BERNARDO DE LA SALLE,BOGOTÁ D.C.,2025,53,62.0,66.0,60.0,61.0,67.0,8.6,62.6,313.0,1026
102723,LICEO CHICO CAMPESTRE,BOGOTÁ D.C.,2020,15,61.0,62.0,62.0,57.0,63.0,8.4,60.7,303.5,868
102723,LICEO CHICO CAMPESTRE,BOGOTÁ D.C.,2021,7,66.0,64.0,67.0,59.0,73.0,10.6,64.7,323.5,452
102723,LICEO CHICO CAMPESTRE,BOGOTÁ D.C.,2022,10,65.0,60.0,60.0,57.0,75.0,9.2,61.6,308.0,931
102723,LICEO CHICO CAMPESTRE,BOGOTÁ D.C.,2023,20,63.0,63.0,60.0,59.0,71.0,9.8,62.0,310.0,942
102723,LICEO CHICO CAMPESTRE,BOGOTÁ D.C.,2024,18,61.0,63.0,58.0,59.0,75.0,9.4,61.4,307.0,1142
102723,LICEO CHICO CAMPESTRE,BOGOTÁ D.C.,2025,18,66.0,63.0,61.0,61.0,73.0,9.6,63.5,317.5,904
025346,COL DEL SAGRADO CORAZON DE JESUS BETHLEMITAS,BOGOTÁ D.C.,2020,80,65.0,64.0,64.0,61.0,70.0,8.4,64.0,320.0,475
025346,COL DEL SAGRADO CORAZON DE JESUS BETHLEMITAS,BOGOTÁ D.C.,2021,90,64.0,62.0,60.0,57.0,73.0,9.4,61.7,308.5,754
025346,COL DEL SAGRADO CORAZON DE JESUS BETHLEMITAS,BOGOTÁ D.C.,2022,51,66.0,67.0,64.0,63.0,74.0,7.8,65.7,328.5,444
025346,COL DEL SAGRADO CORAZON DE JESUS BETHLEMITAS,BOGOTÁ D.C.,2023,24,67.0,67.0,61.0,62.0,75.0,10.8,65.1,325.5,557
025346,COL DEL SAGRADO CORAZON DE JESUS BETHLEMITAS,BOGOTÁ D.C.,2024,46,66.0,67.0,61.0,64.0,75.0,9.2,65.3,326.5,576
025346,COL DEL SAGRADO CORAZON DE JESUS BETHLEMITAS,BOGOTÁ D.C.,2025,22,63.0,64.0,61.0,61.0,73.0,10.0,63.1,315.5,969
173641,GIMNASIO OBREGON - SEDE PRINCIPAL,BOGOTÁ D.C.,2020,51,61.0,62.0,59.0,58.0,63.0,7.6,60.2,301.0,918
173641,GIMNASIO OBREGON - SEDE PRINCIPAL,BOGOTÁ D.C.,2021,55,65.0,66.0,61.0,60.0,72.0,8.8,63.7,318.5,539
173641,GIMNASIO OBREGON - SEDE PRINCIPAL,BOGOTÁ D.C.,2022,47,63.0,62.0,59.0,58.0,69.0,8.4,61.2,306.0,987
173641,GIMNASIO OBREGON - SEDE PRINCIPAL,BOGOTÁ D.C.,2023,55,65.0,63.0,62.0,62.0,72.0,8.8,63.7,318.5,687
173641,GIMNASIO OBREGON - SEDE PRINCIPAL,BOGOTÁ D.C.,2024,55,64.0,63.0,59.0,60.0,69.0,8.6,62.1,310.5,1037
173641,GIMNASIO OBREGON - SEDE PRINCIPAL,BOGOTÁ D.C.,2025,49,65.0,66.0,60.0,61.0,70.0,8.8,63.5,317.5,904
600460,CENT EDUC SCALAS,BOGOTÁ D.C.,2020,40,63.0,64.0,62.0,61.0,61.0,9.0,62.4,312.0,647
600460,CENT EDUC SCALAS,BOGOTÁ D.C.,2021,36,66.0,65.0,62.0,60.0,67.0,8.4,63.5,317.5,561
600460,CENT EDUC SCALAS,BOGOTÁ D.C.,2022,44,65.0,64.0,61.0,61.0,67.0,9.2,63.1,315.5,706
600460,CENT EDUC SCALAS,BOGOTÁ D.C.,2023,43,63.0,61.0,58.0,61.0,68.0,10.4,61.3,306.5,1081
600460,CENT EDUC SCALAS,BOGOTÁ D.C.,2024,82,64.0,63.0,59.0,60.0,66.0,8.4,61.8,309.0,1069
600460,CENT EDUC SCALAS,BOGOTÁ D.C.,2025,48,64.0,63.0,61.0,61.0,68.0,9.4,62.7,313.5,1026
052233,COLEGIO SAN JOSE DE CALASANZ - SEDE PRINCIPAL,BOGOTÁ D.C.,2020,76,63.0,65.0,62.0,61.0,59.0,8.6,62.5,312.5,647
052233,COLEGIO SAN JOSE DE CALASANZ - SEDE PRINCIPAL,BOGOTÁ D.C.,2021,71,63.0,64.0,59.0,61.0,64.0,10.0,61.9,309.5,730
052233,COLEGIO SAN JOSE DE CALASANZ - SEDE PRINCIPAL,BOGOTÁ D.C.,2022,74,66.0,65.0,62.0,62.0,66.0,8.4,63.9,319.5,607
052233,COLEGIO SAN JOSE DE CALASANZ - SEDE PRINCIPAL,BOGOTÁ D.C.,2023,72,65.0,67.0,61.0,61.0,68.0,9.2,63.8,319.0,669
052233,COLEGIO SAN JOSE DE CALASANZ - SEDE PRINCIPAL,BOGOTÁ D.C.,2024,90,64.0,68.0,60.0,62.0,66.0,9.4,63.7,318.5,764
052233,COLEGIO SAN JOSE DE CALASANZ - SEDE PRINCIPAL,BOGOTÁ D.C.,2025,103,65.0,67.0,60.0,61.0,66.0,9.0,63.5,317.5,904
032920,COLEGIO PARROQUIAL SAN CARLOS,BOGOTÁ D.C.,2020,74,60.0,59.0,58.0,56.0,55.0,8.2,58.0,290.0,1288
032920,COLEGIO PARROQUIAL SAN CARLOS,BOGOTÁ D.C.,2021,67,63.0,61.0,58.0,57.0,63.0,8.6,60.0,300.0,1029
032920,COLEGIO PARROQUIAL SAN CARLOS,BOGOTÁ D.C.,2022,87,62.0,59.0,57.0,57.0,63.0,7.8,59.1,295.5,1421
032920,COLEGIO PARROQUIAL SAN CARLOS,BOGOTÁ D.C.,2023,60,63.0,62.0,58.0,61.0,65.0,8.2,61.3,306.5,1081
032920,COLEGIO PARROQUIAL SAN CARLOS,BOGOTÁ D.C.,2024,69,64.0,63.0,59.0,60.0,65.0,8.4,61.8,309.0,1069
032920,COLEGIO PARROQUIAL SAN CARLOS,BOGOTÁ D.C.,2025,80,64.0,64.0,60.0,61.0,65.0,9.0,62.5,312.5,1060
022640,GIMN JOSE JOAQUIN CASAS,BOGOTÁ D.C.,2020,25,62.0,63.0,63.0,60.0,65.0,9.4,62.2,311.0,668
022640,GIMN JOSE JOAQUIN CASAS,BOGOTÁ D.C.,2021,17,62.0,62.0,61.0,60.0,71.0,8.8,62.0,310.0,705
022640,GIMN JOSE JOAQUIN CASAS,BOGOTÁ D.C.,2022,12,64.0,64.0,62.0,59.0,71.0,9.6,62.9,314.5,735
022640,GIMN JOSE JOAQUIN CASAS,BOGOTÁ D.C.,2023,12,64.0,64.0,60.0,57.0,71.0,6.6,62.0,310.0,942
022640,GIMN JOSE JOAQUIN CASAS,BOGOTÁ D.C.,2024,7,64.0,64.0,60.0,59.0,71.0,10.2,62.5,312.5,970
022640,GIMN JOSE JOAQUIN CASAS,BOGOTÁ D.C.,2025,11,66.0,65.0,62.0,61.0,75.0,6.6,64.4,322.0,761
021097,COLEGIO DIVINO SALVADOR,BOGOTÁ D.C.,2020,63,61.0,63.0,58.0,57.0,63.0,8.6,60.0,300.0,942
021097,COLEGIO DIVINO SALVADOR,BOGOTÁ D.C.,2021,71,63.0,60.0,59.0,57.0,70.0,8.4,60.5,302.5,952
021097,COLEGIO DIVINO SALVADOR,BOGOTÁ D.C.,2022,40,64.0,62.0,61.0,60.0,71.0,8.0,62.5,312.5,784
021097,COLEGIO DIVINO SALVADOR,BOGOTÁ D.C.,2023,52,64.0,61.0,60.0,61.0,71.0,8.2,62.2,311.0,896
021097,COLEGIO DIVINO SALVADOR,BOGOTÁ D.C.,2024,71,64.0,64.0,62.0,62.0,72.0,8.0,63.7,318.5,764
021097,COLEGIO DIVINO SALVADOR,BOGOTÁ D.C.,2025,49,65.0,61.0,59.0,61.0,71.0,9.0,62.2,311.0,1093
599548,COLEGIO EL CARMEN TERESIANO,BOGOTÁ D.C.,2020,84,61.0,59.0,60.0,57.0,58.0,9.0,59.2,296.0,1072
599548,COLEGIO EL CARMEN TERESIANO,BOGOTÁ D.C.,2021,102,63.0,61.0,60.0,59.0,66.0,7.8,61.2,306.0,813
599548,COLEGIO EL CARMEN TERESIANO,BOGOTÁ D.C.,2022,101,65.0,64.0,62.0,60.0,67.0,7.8,63.1,315.5,706
599548,COLEGIO EL CARMEN TERESIANO,BOGOTÁ D.C.,2023,76,65.0,64.0,61.0,59.0,68.0,10.2,62.7,313.5,837
599548,COLEGIO EL CARMEN TERESIANO,BOGOTÁ D.C.,2024,56,67.0,66.0,63.0,61.0,71.0,9.6,64.8,324.0,624
599548,COLEGIO EL CARMEN TERESIANO,BOGOTÁ D.C.,2025,59,66.0,67.0,61.0,61.0,69.0,9.4,64.2,321.0,788
702142,COL NUEVO SAN LUIS GONZAGA,BOGOTÁ D.C.,2020,53,62.0,62.0,62.0,61.0,61.0,8.6,61.7,308.5,731
702142,COL NUEVO SAN LUIS GONZAGA,BOGOTÁ D.C.,2021,68,63.0,62.0,57.0,59.0,67.0,8.6,60.8,304.0,863
702142,COL NUEVO SAN LUIS GONZAGA,BOGOTÁ D.C.,2022,46,62.0,58.0,56.0,57.0,65.0,8.4,58.8,294.0,1463
702142,COL NUEVO SAN LUIS GONZAGA,BOGOTÁ D.C.,2023,41,62.0,59.0,58.0,59.0,68.0,10.4,60.2,301.0,1274
702142,COL NUEVO SAN LUIS GONZAGA,BOGOTÁ D.C.,2024,33,60.0,59.0,56.0,57.0,63.0,8.8,58.4,292.0,1821
702142,COL NUEVO SAN LUIS GONZAGA,BOGOTÁ D.C.,2025,23,65.0,63.0,63.0,61.0,71.0,10.2,63.6,318.0,879
122416,LICEO CULTURAL LAS AMERICAS,BOGOTÁ D.C.,2020,43,58.0,57.0,54.0,54.0,54.0,8.4,55.6,278.0,1853
122416,LICEO CULTURAL LAS AMERICAS,BOGOTÁ D.C.,2021,52,61.0,59.0,55.0,56.0,61.0,8.2,58.0,290.0,1393
122416,LICEO CULTURAL LAS AMERICAS,BOGOTÁ D.C.,2022,43,59.0,61.0,56.0,56.0,61.0,9.2,58.2,291.0,1615
122416,LICEO CULTURAL LAS AMERICAS,BOGOTÁ D.C.,2023,48,61.0,60.0,56.0,56.0,61.0,8.2,58.5,292.5,1681
122416,LICEO CULTURAL LAS AMERICAS,BOGOTÁ D.C.,2024,54,60.0,58.0,54.0,56.0,60.0,9.4,57.2,286.0,2211
122416,LICEO CULTURAL LAS AMERICAS,BOGOTÁ D.C.,2025,44,62.0,62.0,58.0,61.0,63.0,8.4,60.9,304.5,1368
046789,LIC DE LA UNIVERSIDAD CATOLICA,BOGOTÁ D.C.,2020,39,62.0,67.0,61.0,62.0,65.0,8.8,63.2,316.0,551
046789,LIC DE LA UNIVERSIDAD CATOLICA,BOGOTÁ D.C.,2021,53,68.0,70.0,64.0,63.0,75.0,8.6,66.9,334.5,293
046789,LIC DE LA UNIVERSIDAD CATOLICA,BOGOTÁ D.C.,2022,44,68.0,69.0,63.0,66.0,75.0,8.6,67.2,336.0,318
046789,LIC DE LA UNIVERSIDAD CATOLICA,BOGOTÁ D.C.,2023,40,65.0,69.0,62.0,63.0,70.0,9.6,65.2,326.0,529
046789,LIC DE LA UNIVERSIDAD CATOLICA,BOGOTÁ D.C.,2024,36,64.0,69.0,61.0,64.0,71.0,8.4,65.0,325.0,602
046789,LIC DE LA UNIVERSIDAD CATOLICA,BOGOTÁ D.C.,2025,26,65.0,67.0,59.0,61.0,72.0,7.2,63.7,318.5,879
131276,LICEO SANTA BERNARDITA,BOGOTÁ D.C.,2020,73,63.0,64.0,64.0,61.0,67.0,8.4,63.3,316.5,551
131276,LICEO SANTA BERNARDITA,BOGOTÁ D.C.,2021,95,63.0,63.0,59.0,60.0,71.0,8.6,62.0,310.0,705
131276,LICEO SANTA BERNARDITA,BOGOTÁ D.C.,2022,93,66.0,67.0,63.0,63.0,74.0,9.2,65.5,327.5,463
131276,LICEO SANTA BERNARDITA,BOGOTÁ D.C.,2023,85,65.0,67.0,62.0,62.0,74.0,9.6,64.8,324.0,574
131276,LICEO SANTA BERNARDITA,BOGOTÁ D.C.,2024,52,66.0,68.0,64.0,63.0,74.0,8.4,65.9,329.5,518
131276,LICEO SANTA BERNARDITA,BOGOTÁ D.C.,2025,63,64.0,67.0,61.0,61.0,72.0,8.0,63.9,319.5,854
026286,COL TERESIANO,BOGOTÁ D.C.,2020,61,64.0,64.0,62.0,61.0,66.0,7.4,63.0,315.0,575
026286,COL TERESIANO,BOGOTÁ D.C.,2021,58,64.0,63.0,60.0,60.0,72.0,8.8,62.5,312.5,653
026286,COL TERESIANO,BOGOTÁ D.C.,2022,64,67.0,62.0,62.0,62.0,74.0,7.4,64.1,320.5,584
026286,COL TERESIANO,BOGOTÁ D.C.,2023,50,65.0,62.0,62.0,62.0,74.0,9.4,63.6,318.0,687
026286,COL TERESIANO,BOGOTÁ D.C.,2024,57,65.0,64.0,61.0,62.0,76.0,8.2,64.0,320.0,711
026286,COL TERESIANO,BOGOTÁ D.C.,2025,57,66.0,65.0,61.0,61.0,75.0,9.4,64.2,321.0,788
132340,GIMN LAS PALMAS,BOGOTÁ D.C.,2020,16,61.0,61.0,62.0,58.0,70.0,8.6,61.2,306.0,788
132340,GIMN LAS PALMAS,BOGOTÁ D.C.,2021,25,68.0,64.0,64.0,63.0,78.0,6.8,65.8,329.0,358
132340,GIMN LAS PALMAS,BOGOTÁ D.C.,2022,16,62.0,61.0,59.0,59.0,73.0,7.6,61.2,306.0,987
132340,GIMN LAS PALMAS,BOGOTÁ D.C.,2023,23,66.0,70.0,63.0,65.0,78.0,8.2,66.9,334.5,387
132340,GIMN LAS PALMAS,BOGOTÁ D.C.,2024,27,65.0,69.0,60.0,62.0,76.0,9.4,64.9,324.5,624
132340,GIMN LAS PALMAS,BOGOTÁ D.C.,2025,22,66.0,64.0,61.0,61.0,77.0,8.2,64.1,320.5,818
026112,COL NUEVO GIMN,BOGOTÁ D.C.,2020,22,66.0,62.0,64.0,63.0,74.0,7.2,64.5,322.5,443
026112,COL NUEVO GIMN,BOGOTÁ D.C.,2021,13,63.0,61.0,61.0,61.0,80.0,9.2,62.9,314.5,612
026112,COL NUEVO GIMN,BOGOTÁ D.C.,2022,28,69.0,68.0,64.0,64.0,83.0,8.4,67.5,337.5,310
026112,COL NUEVO GIMN,BOGOTÁ D.C.,2023,23,67.0,63.0,62.0,61.0,80.0,9.0,64.5,322.5,618
026112,COL NUEVO GIMN,BOGOTÁ D.C.,2024,21,65.0,66.0,61.0,62.0,83.0,9.2,65.0,325.0,602
026112,COL NUEVO GIMN,BOGOTÁ D.C.,2025,26,64.0,63.0,58.0,61.0,76.0,10.4,62.6,313.0,1026
195800,GIMNASIO NUEVO REINO - SEDE PRINCIPAL,BOGOTÁ D.C.,2020,19,60.0,59.0,58.0,55.0,62.0,8.0,58.3,291.5,1247
195800,GIMNASIO NUEVO REINO - SEDE PRINCIPAL,BOGOTÁ D.C.,2021,18,63.0,59.0,59.0,57.0,68.0,7.8,60.2,301.0,995
195800,GIMNASIO NUEVO REINO - SEDE PRINCIPAL,BOGOTÁ D.C.,2022,11,63.0,59.0,59.0,57.0,70.0,8.2,60.3,301.5,1157
195800,GIMNASIO NUEVO REINO - SEDE PRINCIPAL,BOGOTÁ D.C.,2023,19,66.0,66.0,63.0,64.0,73.0,7.0,65.4,327.0,511
195800,GIMNASIO NUEVO REINO - SEDE PRINCIPAL,BOGOTÁ D.C.,2024,10,65.0,62.0,57.0,59.0,72.0,7.4,61.6,308.0,1105
195800,GIMNASIO NUEVO REINO - SEDE PRINCIPAL,BOGOTÁ D.C.,2025,16,65.0,62.0,58.0,61.0,70.0,9.2,62.2,311.0,1093
173542,LIC AMERICANO MI GRAN CASA AZUL,BOGOTÁ D.C.,2020,48,63.0,64.0,62.0,60.0,68.0,8.8,62.7,313.5,625
173542,LIC AMERICANO MI GRAN CASA AZUL,BOGOTÁ D.C.,2021,69,62.0,62.0,60.0,59.0,70.0,8.0,61.5,307.5,778
173542,LIC AMERICANO MI GRAN CASA AZUL,BOGOTÁ D.C.,2022,72,64.0,61.0,58.0,58.0,71.0,8.6,61.1,305.5,1016
173542,LIC AMERICANO MI GRAN CASA AZUL,BOGOTÁ D.C.,2023,60,66.0,64.0,62.0,62.0,74.0,8.6,64.3,321.5,635
173542,LIC AMERICANO MI GRAN CASA AZUL,BOGOTÁ D.C.,2024,64,64.0,64.0,59.0,60.0,73.0,9.6,62.6,313.0,933
173542,LIC AMERICANO MI GRAN CASA AZUL,BOGOTÁ D.C.,2025,75,63.0,64.0,60.0,61.0,71.0,8.4,62.7,313.5,1026
698159,COLEGIO BILINGÜE LA ENSEÑANZA,BOGOTÁ D.C.,2020,55,63.0,65.0,61.0,59.0,69.0,7.8,62.5,312.5,647
698159,COLEGIO BILINGÜE LA ENSEÑANZA,BOGOTÁ D.C.,2021,47,65.0,66.0,63.0,62.0,74.0,7.2,64.8,324.0,439
698159,COLEGIO BILINGÜE LA ENSEÑANZA,BOGOTÁ D.C.,2022,51,65.0,67.0,63.0,63.0,74.0,7.6,65.2,326.0,477
698159,COLEGIO BILINGÜE LA ENSEÑANZA,BOGOTÁ D.C.,2023,42,65.0,66.0,62.0,61.0,76.0,8.6,64.5,322.5,618
698159,COLEGIO BILINGÜE LA ENSEÑANZA,BOGOTÁ D.C.,2024,38,64.0,64.0,61.0,60.0,76.0,8.2,63.3,316.5,836
698159,COLEGIO BILINGÜE LA ENSEÑANZA,BOGOTÁ D.C.,2025,35,64.0,65.0,61.0,61.0,78.0,9.2,63.9,319.5,854
728824,COLEGIO SAN BONIFACIO,BOGOTÁ D.C.,2020,112,60.0,59.0,58.0,56.0,51.0,8.2,57.7,288.5,1389
728824,COLEGIO SAN BONIFACIO,BOGOTÁ D.C.,2021,102,61.0,58.0,57.0,56.0,57.0,8.0,57.9,289.5,1440
728824,COLEGIO SAN BONIFACIO,BOGOTÁ D.C.,2022,98,60.0,59.0,55.0,58.0,58.0,7.8,58.0,290.0,1656
728824,COLEGIO SAN BONIFACIO,BOGOTÁ D.C.,2023,85,61.0,61.0,55.0,58.0,60.0,9.4,58.8,294.0,1585
728824,COLEGIO SAN BONIFACIO,BOGOTÁ D.C.,2024,89,63.0,60.0,58.0,61.0,63.0,9.2,60.7,303.5,1312
728824,COLEGIO SAN BONIFACIO,BOGOTÁ D.C.,2025,86,62.0,60.0,57.0,61.0,63.0,10.8,60.2,301.0,1510
146217,LIC LATINOAMERICANO,BOGOTÁ D.C.,2020,33,56.0,61.0,56.0,54.0,56.0,10.0,56.7,283.5,1588
146217,LIC LATINOAMERICANO,BOGOTÁ D.C.,2021,26,64.0,66.0,62.0,60.0,69.0,8.4,63.5,317.5,561
146217,LIC LATINOAMERICANO,BOGOTÁ D.C.,2022,22,63.0,66.0,61.0,61.0,70.0,10.4,63.3,316.5,673
146217,LIC LATINOAMERICANO,BOGOTÁ D.C.,2023,29,63.0,63.0,59.0,58.0,66.0,10.4,61.2,306.0,1081
146217,LIC LATINOAMERICANO,BOGOTÁ D.C.,2024,23,60.0,60.0,56.0,56.0,66.0,11.4,58.6,293.0,1768
146217,LIC LATINOAMERICANO,BOGOTÁ D.C.,2025,17,65.0,65.0,62.0,60.0,67.0,7.8,63.3,316.5,942
022749,GIMN SANTA CRISTINA DE TOSCANA,BOGOTÁ D.C.,2020,24,59.0,61.0,62.0,58.0,66.0,9.8,60.5,302.5,898
022749,GIMN SANTA CRISTINA DE TOSCANA,BOGOTÁ D.C.,2021,23,66.0,63.0,63.0,63.0,76.0,8.8,64.7,323.5,452
022749,GIMN SANTA CRISTINA DE TOSCANA,BOGOTÁ D.C.,2022,17,64.0,67.0,60.0,61.0,76.0,8.8,64.0,320.0,584
022749,GIMN SANTA CRISTINA DE TOSCANA,BOGOTÁ D.C.,2023,16,63.0,64.0,59.0,63.0,77.0,6.8,63.4,317.0,715
022749,GIMN SANTA CRISTINA DE TOSCANA,BOGOTÁ D.C.,2025,10,63.0,64.0,60.0,60.0,72.0,8.6,62.5,312.5,1060
032938,COL SAN FELIPE NERI,BOGOTÁ D.C.,2020,64,59.0,61.0,58.0,57.0,57.0,8.6,58.6,293.0,1176
032938,COL SAN FELIPE NERI,BOGOTÁ D.C.,2021,56,63.0,61.0,59.0,58.0,65.0,8.4,60.6,303.0,901
032938,COL SAN FELIPE NERI,BOGOTÁ D.C.,2022,44,63.0,64.0,60.0,60.0,68.0,8.0,62.2,311.0,816
032938,COL SAN FELIPE NERI,BOGOTÁ D.C.,2023,67,61.0,61.0,57.0,57.0,64.0,10.4,59.4,297.0,1447
032938,COL SAN FELIPE NERI,BOGOTÁ D.C.,2024,45,59.0,59.0,57.0,57.0,63.0,10.0,58.4,292.0,1821
032938,COL SAN FELIPE NERI,BOGOTÁ D.C.,2025,56,63.0,60.0,59.0,60.0,66.0,9.6,60.9,304.5,1368
063206,GIMNASIO FIDEL CANO,BOGOTÁ D.C.,2020,20,62.0,62.0,60.0,59.0,70.0,9.2,61.5,307.5,760
063206,GIMNASIO FIDEL CANO,BOGOTÁ D.C.,2021,26,62.0,63.0,58.0,62.0,73.0,10.6,62.2,311.0,681
063206,GIMNASIO FIDEL CANO,BOGOTÁ D.C.,2022,23,62.0,59.0,60.0,59.0,73.0,7.4,61.0,305.0,1016
063206,GIMNASIO FIDEL CANO,BOGOTÁ D.C.,2023,19,63.0,62.0,58.0,60.0,74.0,7.4,61.8,309.0,978
063206,GIMNASIO FIDEL CANO,BOGOTÁ D.C.,2024,21,63.0,62.0,59.0,60.0,72.0,8.8,61.8,309.0,1069
063206,GIMNASIO FIDEL CANO,BOGOTÁ D.C.,2025,23,63.0,63.0,63.0,60.0,75.0,9.8,63.2,316.0,942
048744,COL PARROQ SAN JUAN BAUTISTA DE LA SALLE,BOGOTÁ D.C.,2020,44,61.0,67.0,60.0,61.0,58.0,7.6,61.9,309.5,709
048744,COL PARROQ SAN JUAN BAUTISTA DE LA SALLE,BOGOTÁ D.C.,2021,36,63.0,64.0,59.0,60.0,65.0,9.0,61.8,309.0,730
048744,COL PARROQ SAN JUAN BAUTISTA DE LA SALLE,BOGOTÁ D.C.,2022,36,65.0,65.0,61.0,61.0,64.0,8.4,63.1,315.5,706
048744,COL PARROQ SAN JUAN BAUTISTA DE LA SALLE,BOGOTÁ D.C.,2023,56,62.0,62.0,59.0,60.0,63.0,8.4,60.9,304.5,1160
048744,COL PARROQ SAN JUAN BAUTISTA DE LA SALLE,BOGOTÁ D.C.,2024,63,63.0,63.0,61.0,59.0,64.0,8.6,61.7,308.5,1105
048744,COL PARROQ SAN JUAN BAUTISTA DE LA SALLE,BOGOTÁ D.C.,2025,47,62.0,65.0,59.0,60.0,62.0,8.6,61.5,307.5,1238
599555,COL DE LA PRESENTACION LAS FERIAS,BOGOTÁ D.C.,2020,51,59.0,59.0,57.0,54.0,55.0,8.2,57.1,285.5,1504
599555,COL DE LA PRESENTACION LAS FERIAS,BOGOTÁ D.C.,2021,45,59.0,57.0,53.0,53.0,58.0,10.8,55.7,278.5,1959
599555,COL DE LA PRESENTACION LAS FERIAS,BOGOTÁ D.C.,2022,55,60.0,57.0,54.0,55.0,61.0,9.0,56.8,284.0,1986
599555,COL DE LA PRESENTACION LAS FERIAS,BOGOTÁ D.C.,2023,76,60.0,56.0,56.0,57.0,63.0,8.8,57.7,288.5,1882
599555,COL DE LA PRESENTACION LAS FERIAS,BOGOTÁ D.C.,2024,83,60.0,58.0,54.0,55.0,63.0,9.8,57.2,286.0,2211
599555,COL DE LA PRESENTACION LAS FERIAS,BOGOTÁ D.C.,2025,82,63.0,61.0,58.0,60.0,66.0,9.4,60.9,304.5,1368
805424,CENT EDUC DIST SAN JOSE NORTE,BOGOTÁ D.C.,2022,58,63.0,62.0,56.0,58.0,63.0,8.8,60.0,300.0,1200
805424,CENT EDUC DIST SAN JOSE NORTE,BOGOTÁ D.C.,2023,21,66.0,70.0,63.0,64.0,66.0,7.8,65.8,329.0,466
805424,CENT EDUC DIST SAN JOSE NORTE,BOGOTÁ D.C.,2024,44,65.0,70.0,62.0,62.0,67.0,8.4,64.9,324.5,624
805424,CENT EDUC DIST SAN JOSE NORTE,BOGOTÁ D.C.,2025,53,64.0,62.0,59.0,60.0,65.0,8.4,61.5,307.5,1238
821223,INSTITUTO PERSONALIZADO RENFORT - SEDE PRINCIPAL,BOGOTÁ D.C.,2025,25,66.0,62.0,59.0,60.0,74.0,12.0,62.7,313.5,1026
165407,LICEO SANTA TERESITA DE LISIEUX,BOGOTÁ D.C.,2020,34,60.0,59.0,59.0,57.0,59.0,8.4,58.8,294.0,1145
165407,LICEO SANTA TERESITA DE LISIEUX,BOGOTÁ D.C.,2021,47,60.0,58.0,55.0,55.0,62.0,9.4,57.4,287.0,1516
165407,LICEO SANTA TERESITA DE LISIEUX,BOGOTÁ D.C.,2022,55,62.0,60.0,58.0,58.0,65.0,9.4,59.9,299.5,1233
165407,LICEO SANTA TERESITA DE LISIEUX,BOGOTÁ D.C.,2023,40,61.0,61.0,57.0,59.0,65.0,9.4,59.9,299.5,1362
165407,LICEO SANTA TERESITA DE LISIEUX,BOGOTÁ D.C.,2024,45,63.0,64.0,59.0,63.0,68.0,9.8,62.7,313.5,933
165407,LICEO SANTA TERESITA DE LISIEUX,BOGOTÁ D.C.,2025,54,62.0,62.0,57.0,60.0,67.0,9.0,60.8,304.0,1368
098731,INSTITUTO LA ANUNCIACION,BOGOTÁ D.C.,2020,47,58.0,57.0,56.0,55.0,55.0,8.2,56.4,282.0,1644
098731,INSTITUTO LA ANUNCIACION,BOGOTÁ D.C.,2021,69,58.0,55.0,52.0,53.0,56.0,9.4,54.6,273.0,2249
098731,INSTITUTO LA ANUNCIACION,BOGOTÁ D.C.,2022,51,60.0,59.0,55.0,57.0,58.0,8.6,57.8,289.0,1709
098731,INSTITUTO LA ANUNCIACION,BOGOTÁ D.C.,2023,62,60.0,59.0,56.0,56.0,60.0,9.0,57.9,289.5,1830
098731,INSTITUTO LA ANUNCIACION,BOGOTÁ D.C.,2024,55,63.0,63.0,59.0,58.0,63.0,9.2,60.9,304.5,1268
098731,INSTITUTO LA ANUNCIACION,BOGOTÁ D.C.,2025,56,61.0,63.0,56.0,60.0,60.0,9.2,60.0,300.0,1562
665711,COLEGIO CALASANZ (IED),BOGOTÁ D.C.,2020,80,60.0,63.0,57.0,58.0,56.0,8.8,59.2,296.0,1072
665711,COLEGIO CALASANZ (IED),BOGOTÁ D.C.,2021,54,59.0,59.0,54.0,56.0,55.0,9.4,56.8,284.0,1652
665711,COLEGIO CALASANZ (IED),BOGOTÁ D.C.,2022,77,62.0,62.0,57.0,58.0,59.0,8.8,59.7,298.5,1276
665711,COLEGIO CALASANZ (IED),BOGOTÁ D.C.,2023,88,62.0,62.0,57.0,58.0,61.0,8.8,59.8,299.0,1362
665711,COLEGIO CALASANZ (IED),BOGOTÁ D.C.,2024,64,59.0,60.0,53.0,55.0,58.0,8.8,56.8,284.0,2367
665711,COLEGIO CALASANZ (IED),BOGOTÁ D.C.,2025,68,60.0,62.0,56.0,60.0,62.0,9.0,59.7,298.5,1650
022251,COLEGIO SUPERIOR AMERICANO,BOGOTÁ D.C.,2020,128,61.0,62.0,61.0,58.0,60.0,9.8,60.5,302.5,898
022251,COLEGIO SUPERIOR AMERICANO,BOGOTÁ D.C.,2021,127,64.0,64.0,60.0,60.0,69.0,9.6,62.5,312.5,653
022251,COLEGIO SUPERIOR AMERICANO,BOGOTÁ D.C.,2022,147,64.0,64.0,60.0,61.0,67.0,8.4,62.6,313.0,765
022251,COLEGIO SUPERIOR AMERICANO,BOGOTÁ D.C.,2023,149,63.0,62.0,59.0,60.0,66.0,9.8,61.4,307.0,1049
022251,COLEGIO SUPERIOR AMERICANO,BOGOTÁ D.C.,2024,140,64.0,63.0,59.0,60.0,67.0,9.2,61.9,309.5,1069
022251,COLEGIO SUPERIOR AMERICANO,BOGOTÁ D.C.,2025,145,64.0,62.0,58.0,60.0,68.0,10.0,61.5,307.5,1238
102475,COLEGIO GIMNASIO LA SALETTE,BOGOTÁ D.C.,2020,17,61.0,59.0,58.0,52.0,64.0,10.0,58.0,290.0,1288
102475,COLEGIO GIMNASIO LA SALETTE,BOGOTÁ D.C.,2021,19,59.0,57.0,56.0,56.0,73.0,10.2,58.2,291.0,1351
102475,COLEGIO GIMNASIO LA SALETTE,BOGOTÁ D.C.,2022,9,65.0,62.0,64.0,58.0,72.0,8.6,63.0,315.0,706
102475,COLEGIO GIMNASIO LA SALETTE,BOGOTÁ D.C.,2023,11,64.0,62.0,57.0,57.0,77.0,9.0,61.3,306.5,1081
102475,COLEGIO GIMNASIO LA SALETTE,BOGOTÁ D.C.,2024,12,60.0,59.0,53.0,54.0,67.0,8.8,57.3,286.5,2211
102475,COLEGIO GIMNASIO LA SALETTE,BOGOTÁ D.C.,2025,22,64.0,62.0,58.0,60.0,72.0,9.8,61.8,309.0,1158
080200,COLEGIO BILINGUE MAXIMINO POITIERS,BOGOTÁ D.C.,2020,63,62.0,59.0,59.0,57.0,59.0,9.4,59.2,296.0,1072
080200,COLEGIO BILINGUE MAXIMINO POITIERS,BOGOTÁ D.C.,2021,78,63.0,59.0,57.0,58.0,70.0,8.6,60.1,300.5,1029
080200,COLEGIO BILINGUE MAXIMINO POITIERS,BOGOTÁ D.C.,2022,64,62.0,61.0,57.0,59.0,69.0,10.0,60.5,302.5,1113
080200,COLEGIO BILINGUE MAXIMINO POITIERS,BOGOTÁ D.C.,2023,80,64.0,62.0,59.0,59.0,74.0,9.4,62.0,310.0,942
080200,COLEGIO BILINGUE MAXIMINO POITIERS,BOGOTÁ D.C.,2024,81,62.0,61.0,56.0,57.0,72.0,8.6,60.0,300.0,1428
080200,COLEGIO BILINGUE MAXIMINO POITIERS,BOGOTÁ D.C.,2025,67,64.0,61.0,59.0,60.0,74.0,9.8,62.0,310.0,1118
021147,COLEGIO ADVENTISTA EMMANUEL,BOGOTÁ D.C.,2020,24,60.0,61.0,56.0,58.0,57.0,9.2,58.6,293.0,1176
021147,COLEGIO ADVENTISTA EMMANUEL,BOGOTÁ D.C.,2021,34,60.0,57.0,54.0,55.0,61.0,10.2,56.8,284.0,1652
021147,COLEGIO ADVENTISTA EMMANUEL,BOGOTÁ D.C.,2022,21,61.0,63.0,57.0,58.0,63.0,9.2,60.0,300.0,1200
021147,COLEGIO ADVENTISTA EMMANUEL,BOGOTÁ D.C.,2023,28,58.0,60.0,53.0,57.0,58.0,8.0,57.1,285.5,2056
021147,COLEGIO ADVENTISTA EMMANUEL,BOGOTÁ D.C.,2024,31,62.0,67.0,58.0,60.0,64.0,9.6,61.9,309.5,1069
021147,COLEGIO ADVENTISTA EMMANUEL,BOGOTÁ D.C.,2025,37,64.0,67.0,57.0,60.0,66.0,9.8,62.3,311.5,1093
025197,COLEGIO EL CARMELO,BOGOTÁ D.C.,2020,40,60.0,58.0,56.0,57.0,64.0,8.2,58.2,291.0,1247
025197,COLEGIO EL CARMELO,BOGOTÁ D.C.,2021,43,61.0,58.0,56.0,56.0,67.0,7.6,58.5,292.5,1310
025197,COLEGIO EL CARMELO,BOGOTÁ D.C.,2022,41,66.0,61.0,62.0,61.0,71.0,7.8,63.2,316.0,673
025197,COLEGIO EL CARMELO,BOGOTÁ D.C.,2023,60,62.0,58.0,58.0,57.0,69.0,9.2,59.5,297.5,1447
025197,COLEGIO EL CARMELO,BOGOTÁ D.C.,2024,59,63.0,61.0,60.0,60.0,71.0,9.8,61.8,309.0,1069
025197,COLEGIO EL CARMELO,BOGOTÁ D.C.,2025,76,62.0,61.0,60.0,60.0,70.0,9.8,61.5,307.5,1238
022079,COLEGIO SANTA LUISA,BOGOTÁ D.C.,2020,154,62.0,61.0,60.0,58.0,59.0,8.6,60.2,301.0,918
022079,COLEGIO SANTA LUISA,BOGOTÁ D.C.,2021,139,62.0,60.0,57.0,57.0,64.0,8.0,59.4,297.0,1120
022079,COLEGIO SANTA LUISA,BOGOTÁ D.C.,2022,175,64.0,62.0,60.0,59.0,66.0,9.2,61.6,308.0,931
022079,COLEGIO SANTA LUISA,BOGOTÁ D.C.,2023,177,65.0,64.0,61.0,62.0,66.0,8.4,63.2,316.0,747
022079,COLEGIO SANTA LUISA,BOGOTÁ D.C.,2024,166,64.0,64.0,61.0,61.0,67.0,9.0,62.8,314.0,900
022079,COLEGIO SANTA LUISA,BOGOTÁ D.C.,2025,192,63.0,63.0,61.0,60.0,67.0,9.2,62.2,311.0,1093
022731,GIMNASIO LOS ARRAYANES - SEDE PRINCIPAL,BOGOTÁ D.C.,2020,86,62.0,63.0,61.0,59.0,65.0,9.2,61.5,307.5,760
022731,GIMNASIO LOS ARRAYANES - SEDE PRINCIPAL,BOGOTÁ D.C.,2021,100,62.0,61.0,59.0,60.0,71.0,8.8,61.3,306.5,813
022731,GIMNASIO LOS ARRAYANES - SEDE PRINCIPAL,BOGOTÁ D.C.,2022,109,65.0,63.0,61.0,62.0,72.0,9.2,63.5,317.5,654
022731,GIMNASIO LOS ARRAYANES - SEDE PRINCIPAL,BOGOTÁ D.C.,2023,65,65.0,61.0,62.0,61.0,72.0,8.6,63.0,315.0,782
022731,GIMNASIO LOS ARRAYANES - SEDE PRINCIPAL,BOGOTÁ D.C.,2024,103,64.0,64.0,63.0,61.0,74.0,9.2,63.8,319.0,737
022731,GIMNASIO LOS ARRAYANES - SEDE PRINCIPAL,BOGOTÁ D.C.,2025,105,64.0,63.0,60.0,60.0,74.0,9.2,62.7,313.5,1026
599910,COL PARROQ DEL INMACULADO CORAZON DE MARIA,BOGOTÁ D.C.,2020,77,60.0,61.0,59.0,56.0,54.0,8.6,58.6,293.0,1176
599910,COL PARROQ DEL INMACULADO CORAZON DE MARIA,BOGOTÁ D.C.,2021,76,60.0,60.0,56.0,55.0,59.0,9.2,57.8,289.0,1440
599910,COL PARROQ DEL INMACULADO CORAZON DE MARIA,BOGOTÁ D.C.,2022,66,62.0,63.0,58.0,58.0,61.0,9.0,60.3,301.5,1157
599910,COL PARROQ DEL INMACULADO CORAZON DE MARIA,BOGOTÁ D.C.,2023,82,61.0,62.0,60.0,59.0,62.0,8.8,60.6,303.0,1195
599910,COL PARROQ DEL INMACULADO CORAZON DE MARIA,BOGOTÁ D.C.,2024,69,60.0,60.0,57.0,58.0,61.0,9.2,58.9,294.5,1724
599910,COL PARROQ DEL INMACULADO CORAZON DE MARIA,BOGOTÁ D.C.,2025,65,62.0,64.0,58.0,60.0,63.0,10.4,61.2,306.0,1275
142778,GIMNASIO ARTISTICO DE SUBA,BOGOTÁ D.C.,2020,11,57.0,60.0,57.0,54.0,55.0,9.0,56.8,284.0,1544
142778,GIMNASIO ARTISTICO DE SUBA,BOGOTÁ D.C.,2021,19,60.0,57.0,58.0,56.0,59.0,9.0,57.8,289.0,1440
142778,GIMNASIO ARTISTICO DE SUBA,BOGOTÁ D.C.,2022,18,59.0,57.0,54.0,56.0,61.0,9.8,56.8,284.0,1986
142778,GIMNASIO ARTISTICO DE SUBA,BOGOTÁ D.C.,2023,18,61.0,58.0,55.0,58.0,60.0,10.0,58.2,291.0,1739
142778,GIMNASIO ARTISTICO DE SUBA,BOGOTÁ D.C.,2024,23,56.0,54.0,52.0,53.0,55.0,8.0,53.8,269.0,3641
142778,GIMNASIO ARTISTICO DE SUBA,BOGOTÁ D.C.,2025,32,60.0,61.0,57.0,60.0,66.0,9.0,60.0,300.0,1562
079665,COLEGIO PEDAGOGICO DULCE MARIA,BOGOTÁ D.C.,2022,162,62.0,61.0,58.0,58.0,60.0,10.8,59.8,299.0,1233
079665,COLEGIO PEDAGOGICO DULCE MARIA,BOGOTÁ D.C.,2023,137,61.0,60.0,58.0,59.0,61.0,10.4,59.6,298.0,1409
079665,COLEGIO PEDAGOGICO DULCE MARIA,BOGOTÁ D.C.,2024,78,61.0,63.0,58.0,62.0,62.0,9.0,61.1,305.5,1233
079665,COLEGIO PEDAGOGICO DULCE MARIA,BOGOTÁ D.C.,2025,75,63.0,64.0,58.0,60.0,62.0,9.0,61.3,306.5,1275
021196,COLEGIO EUCARISTICO,BOGOTÁ D.C.,2020,34,63.0,63.0,61.0,59.0,64.0,9.4,61.7,308.5,731
021196,COLEGIO EUCARISTICO,BOGOTÁ D.C.,2021,41,65.0,61.0,61.0,60.0,71.0,9.0,62.5,312.5,653
021196,COLEGIO EUCARISTICO,BOGOTÁ D.C.,2022,47,65.0,63.0,61.0,62.0,71.0,9.2,63.4,317.0,654
021196,COLEGIO EUCARISTICO,BOGOTÁ D.C.,2023,39,65.0,67.0,64.0,64.0,74.0,9.8,65.7,328.5,488
021196,COLEGIO EUCARISTICO,BOGOTÁ D.C.,2024,47,63.0,64.0,62.0,61.0,73.0,8.4,63.3,316.5,836
021196,COLEGIO EUCARISTICO,BOGOTÁ D.C.,2025,50,65.0,62.0,60.0,60.0,70.0,10.6,62.4,312.0,1060
152975,GIMNASIO REAL AMERICANO,BOGOTÁ D.C.,2020,91,59.0,57.0,56.0,54.0,53.0,9.0,56.2,281.0,1688
152975,GIMNASIO REAL AMERICANO,BOGOTÁ D.C.,2021,116,60.0,58.0,54.0,54.0,58.0,9.0,56.6,283.0,1705
152975,GIMNASIO REAL AMERICANO,BOGOTÁ D.C.,2022,87,62.0,61.0,57.0,57.0,62.0,9.6,59.5,297.5,1332
152975,GIMNASIO REAL AMERICANO,BOGOTÁ D.C.,2023,116,62.0,61.0,57.0,58.0,61.0,9.0,59.6,298.0,1409
152975,GIMNASIO REAL AMERICANO,BOGOTÁ D.C.,2024,85,63.0,65.0,60.0,60.0,64.0,8.8,62.2,311.0,998
152975,GIMNASIO REAL AMERICANO,BOGOTÁ D.C.,2025,93,63.0,63.0,60.0,60.0,63.0,8.0,61.6,308.0,1196
022103,COL SANTA TERESA DE JESUS,BOGOTÁ D.C.,2020,72,61.0,64.0,60.0,59.0,62.0,9.6,61.1,305.5,809
022103,COL SANTA TERESA DE JESUS,BOGOTÁ D.C.,2021,117,63.0,63.0,59.0,58.0,67.0,9.8,61.2,306.0,813
022103,COL SANTA TERESA DE JESUS,BOGOTÁ D.C.,2022,110,63.0,63.0,57.0,57.0,67.0,9.2,60.5,302.5,1113
022103,COL SANTA TERESA DE JESUS,BOGOTÁ D.C.,2023,121,63.0,62.0,59.0,58.0,68.0,9.4,61.1,305.5,1117
022103,COL SANTA TERESA DE JESUS,BOGOTÁ D.C.,2024,90,61.0,60.0,59.0,57.0,69.0,9.4,60.0,300.0,1428
022103,COL SANTA TERESA DE JESUS,BOGOTÁ D.C.,2025,105,64.0,64.0,60.0,60.0,70.0,8.8,62.6,313.0,1026
108464,GIMN EL LAGO,BOGOTÁ D.C.,2020,116,62.0,63.0,62.0,61.0,58.0,9.0,61.7,308.5,731
108464,GIMN EL LAGO,BOGOTÁ D.C.,2021,123,65.0,64.0,61.0,60.0,64.0,8.0,62.6,313.0,627
108464,GIMN EL LAGO,BOGOTÁ D.C.,2022,133,65.0,65.0,61.0,61.0,66.0,8.2,63.2,316.0,673
108464,GIMN EL LAGO,BOGOTÁ D.C.,2023,132,65.0,65.0,61.0,62.0,67.0,9.0,63.5,317.5,715
108464,GIMN EL LAGO,BOGOTÁ D.C.,2024,113,64.0,65.0,59.0,60.0,66.0,9.2,62.3,311.5,998
108464,GIMN EL LAGO,BOGOTÁ D.C.,2025,109,64.0,66.0,59.0,60.0,66.0,8.8,62.5,312.5,1060
019570,GIMN MILIT FUERZA AEREA DE COLOMBIA,BOGOTÁ D.C.,2020,75,60.0,64.0,59.0,59.0,63.0,8.8,60.7,303.5,868
019570,GIMN MILIT FUERZA AEREA DE COLOMBIA,BOGOTÁ D.C.,2021,54,65.0,65.0,63.0,62.0,71.0,8.4,64.3,321.5,479
019570,GIMN MILIT FUERZA AEREA DE COLOMBIA,BOGOTÁ D.C.,2022,62,63.0,66.0,59.0,61.0,71.0,8.6,62.9,314.5,735
019570,GIMN MILIT FUERZA AEREA DE COLOMBIA,BOGOTÁ D.C.,2023,69,62.0,63.0,58.0,60.0,71.0,9.4,61.5,307.5,1049
019570,GIMN MILIT FUERZA AEREA DE COLOMBIA,BOGOTÁ D.C.,2024,67,62.0,64.0,58.0,60.0,70.0,8.6,61.7,308.5,1105
019570,GIMN MILIT FUERZA AEREA DE COLOMBIA,BOGOTÁ D.C.,2025,52,62.0,62.0,59.0,60.0,70.0,8.2,61.5,307.5,1238
072751,COL SAN JUAN DE LOS PASTOS,BOGOTÁ D.C.,2020,26,58.0,57.0,55.0,53.0,51.0,7.2,55.4,277.0,1909
072751,COL SAN JUAN DE LOS PASTOS,BOGOTÁ D.C.,2021,33,57.0,55.0,53.0,53.0,56.0,8.4,54.6,273.0,2249
072751,COL SAN JUAN DE LOS PASTOS,BOGOTÁ D.C.,2022,20,56.0,56.0,54.0,54.0,57.0,8.6,55.2,276.0,2495
072751,COL SAN JUAN DE LOS PASTOS,BOGOTÁ D.C.,2023,16,57.0,56.0,53.0,53.0,53.0,8.2,54.6,273.0,2917
072751,COL SAN JUAN DE LOS PASTOS,BOGOTÁ D.C.,2024,19,65.0,62.0,61.0,60.0,68.0,10.6,62.5,312.5,970
072751,COL SAN JUAN DE LOS PASTOS,BOGOTÁ D.C.,2025,23,64.0,63.0,59.0,60.0,61.0,9.2,61.5,307.5,1238
022558,GIMN DEL CORAZON DE MARIA,BOGOTÁ D.C.,2020,34,61.0,64.0,60.0,60.0,59.0,7.0,61.1,305.5,809
022558,GIMN DEL CORAZON DE MARIA,BOGOTÁ D.C.,2021,47,62.0,61.0,58.0,58.0,64.0,9.0,60.1,300.5,1029
022558,GIMN DEL CORAZON DE MARIA,BOGOTÁ D.C.,2022,35,62.0,60.0,58.0,59.0,62.0,8.4,59.9,299.5,1233
022558,GIMN DEL CORAZON DE MARIA,BOGOTÁ D.C.,2023,32,63.0,64.0,59.0,61.0,65.0,8.0,62.0,310.0,942
022558,GIMN DEL CORAZON DE MARIA,BOGOTÁ D.C.,2024,52,61.0,63.0,57.0,59.0,64.0,11.4,60.3,301.5,1391
022558,GIMN DEL CORAZON DE MARIA,BOGOTÁ D.C.,2025,36,61.0,62.0,58.0,60.0,64.0,8.6,60.5,302.5,1465
604421,LICEO BIRMINGHAM - SEDE PRINCIPAL,BOGOTÁ D.C.,2020,7,57.0,58.0,55.0,53.0,56.0,9.0,55.8,279.0,1795
604421,LICEO BIRMINGHAM - SEDE PRINCIPAL,BOGOTÁ D.C.,2021,19,61.0,57.0,57.0,56.0,64.0,8.0,58.2,291.0,1351
604421,LICEO BIRMINGHAM - SEDE PRINCIPAL,BOGOTÁ D.C.,2022,11,65.0,61.0,62.0,58.0,68.0,8.6,62.0,310.0,864
604421,LICEO BIRMINGHAM - SEDE PRINCIPAL,BOGOTÁ D.C.,2023,17,59.0,57.0,55.0,56.0,69.0,10.2,57.7,288.5,1882
604421,LICEO BIRMINGHAM - SEDE PRINCIPAL,BOGOTÁ D.C.,2024,20,61.0,65.0,59.0,60.0,70.0,8.0,61.9,309.5,1069
604421,LICEO BIRMINGHAM - SEDE PRINCIPAL,BOGOTÁ D.C.,2025,20,59.0,64.0,57.0,60.0,68.0,10.8,60.6,303.0,1420
602243,CENTRO EDUCATIVO LIBERTAD,BOGOTÁ D.C.,2020,22,63.0,61.0,67.0,60.0,65.0,9.8,62.9,314.5,599
602243,CENTRO EDUCATIVO LIBERTAD,BOGOTÁ D.C.,2021,24,61.0,53.0,57.0,54.0,63.0,8.4,56.8,284.0,1652
602243,CENTRO EDUCATIVO LIBERTAD,BOGOTÁ D.C.,2022,30,63.0,58.0,59.0,58.0,67.0,10.0,60.1,300.5,1200
602243,CENTRO EDUCATIVO LIBERTAD,BOGOTÁ D.C.,2023,36,61.0,56.0,56.0,56.0,66.0,9.6,57.9,289.5,1830
602243,CENTRO EDUCATIVO LIBERTAD,BOGOTÁ D.C.,2024,22,62.0,57.0,58.0,58.0,65.0,11.2,59.2,296.0,1635
602243,CENTRO EDUCATIVO LIBERTAD,BOGOTÁ D.C.,2025,23,67.0,62.0,63.0,60.0,74.0,7.2,63.8,319.0,854
022053,COL SANTA ISABEL DE HUNGRIA,BOGOTÁ D.C.,2020,67,57.0,58.0,55.0,54.0,52.0,9.0,55.7,278.5,1853
022053,COL SANTA ISABEL DE HUNGRIA,BOGOTÁ D.C.,2021,73,58.0,56.0,54.0,54.0,60.0,10.8,55.8,279.0,1900
022053,COL SANTA ISABEL DE HUNGRIA,BOGOTÁ D.C.,2022,63,61.0,59.0,56.0,56.0,63.0,9.4,58.4,292.0,1570
022053,COL SANTA ISABEL DE HUNGRIA,BOGOTÁ D.C.,2023,59,58.0,59.0,55.0,55.0,61.0,8.0,57.1,285.5,2056
022053,COL SANTA ISABEL DE HUNGRIA,BOGOTÁ D.C.,2024,66,61.0,59.0,57.0,58.0,63.0,10.8,59.1,295.5,1682
022053,COL SANTA ISABEL DE HUNGRIA,BOGOTÁ D.C.,2025,80,62.0,62.0,58.0,60.0,66.0,9.6,60.9,304.5,1368
599845,COL SALESIANO DE LEON XIII,BOGOTÁ D.C.,2020,68,60.0,61.0,58.0,58.0,59.0,9.8,59.2,296.0,1072
599845,COL SALESIANO DE LEON XIII,BOGOTÁ D.C.,2021,49,62.0,63.0,58.0,60.0,67.0,9.4,61.2,306.0,813
599845,COL SALESIANO DE LEON XIII,BOGOTÁ D.C.,2022,58,62.0,60.0,57.0,59.0,66.0,10.8,60.0,300.0,1200
599845,COL SALESIANO DE LEON XIII,BOGOTÁ D.C.,2023,67,63.0,61.0,59.0,60.0,68.0,8.2,61.3,306.5,1081
599845,COL SALESIANO DE LEON XIII,BOGOTÁ D.C.,2024,56,62.0,60.0,58.0,59.0,67.0,10.8,60.3,301.5,1391
599845,COL SALESIANO DE LEON XIII,BOGOTÁ D.C.,2025,42,61.0,61.0,56.0,60.0,65.0,10.8,59.9,299.5,1610
719039,FUNDACION INSTITUTO TECNOLOGICO DEL SUR,BOGOTÁ D.C.,2020,197,59.0,58.0,57.0,55.0,54.0,8.4,57.0,285.0,1504
719039,FUNDACION INSTITUTO TECNOLOGICO DEL SUR,BOGOTÁ D.C.,2021,164,60.0,58.0,56.0,57.0,60.0,8.6,57.9,289.5,1440
719039,FUNDACION INSTITUTO TECNOLOGICO DEL SUR,BOGOTÁ D.C.,2022,163,61.0,60.0,58.0,58.0,63.0,9.4,59.5,297.5,1332
719039,FUNDACION INSTITUTO TECNOLOGICO DEL SUR,BOGOTÁ D.C.,2023,176,63.0,61.0,58.0,59.0,62.0,9.2,60.4,302.0,1230
719039,FUNDACION INSTITUTO TECNOLOGICO DEL SUR,BOGOTÁ D.C.,2024,185,61.0,61.0,57.0,58.0,60.0,9.4,59.3,296.5,1635
719039,FUNDACION INSTITUTO TECNOLOGICO DEL SUR,BOGOTÁ D.C.,2025,198,63.0,61.0,59.0,60.0,65.0,9.8,61.1,305.5,1324
056127,INST NUEVA AMERICA DE SUBA,BOGOTÁ D.C.,2020,36,63.0,62.0,61.0,58.0,59.0,7.2,60.8,304.0,835
056127,INST NUEVA AMERICA DE SUBA,BOGOTÁ D.C.,2021,49,61.0,60.0,59.0,57.0,63.0,8.8,59.5,297.5,1120
056127,INST NUEVA AMERICA DE SUBA,BOGOTÁ D.C.,2022,40,64.0,61.0,60.0,59.0,63.0,9.6,61.2,306.0,987
056127,INST NUEVA AMERICA DE SUBA,BOGOTÁ D.C.,2023,43,63.0,62.0,59.0,59.0,61.0,8.6,60.8,304.0,1160
056127,INST NUEVA AMERICA DE SUBA,BOGOTÁ D.C.,2024,36,65.0,65.0,60.0,62.0,66.0,8.8,63.2,316.0,836
056127,INST NUEVA AMERICA DE SUBA,BOGOTÁ D.C.,2025,41,64.0,64.0,58.0,60.0,66.0,9.2,61.8,309.0,1158
160168,GIMN MODERNO SUMMERHILL,BOGOTÁ D.C.,2020,25,60.0,64.0,59.0,57.0,58.0,8.6,59.8,299.0,970
160168,GIMN MODERNO SUMMERHILL,BOGOTÁ D.C.,2021,25,64.0,64.0,61.0,63.0,67.0,8.6,63.3,316.5,578
160168,GIMN MODERNO SUMMERHILL,BOGOTÁ D.C.,2022,30,61.0,60.0,56.0,56.0,64.0,8.8,58.7,293.5,1521
160168,GIMN MODERNO SUMMERHILL,BOGOTÁ D.C.,2023,26,65.0,61.0,61.0,61.0,66.0,7.2,62.3,311.5,896
160168,GIMN MODERNO SUMMERHILL,BOGOTÁ D.C.,2024,34,63.0,65.0,59.0,59.0,66.0,8.2,61.8,309.0,1069
160168,GIMN MODERNO SUMMERHILL,BOGOTÁ D.C.,2025,23,64.0,64.0,58.0,60.0,66.0,9.2,61.8,309.0,1158
123083,COL ADVENTISTA DEL NORTE - SEDE PRINCIPAL,BOGOTÁ D.C.,2020,21,58.0,57.0,56.0,55.0,54.0,10.4,56.3,281.5,1688
123083,COL ADVENTISTA DEL NORTE - SEDE PRINCIPAL,BOGOTÁ D.C.,2021,34,64.0,60.0,58.0,59.0,62.0,8.4,60.4,302.0,952
123083,COL ADVENTISTA DEL NORTE - SEDE PRINCIPAL,BOGOTÁ D.C.,2022,38,63.0,58.0,56.0,57.0,63.0,9.8,58.8,294.0,1463
123083,COL ADVENTISTA DEL NORTE - SEDE PRINCIPAL,BOGOTÁ D.C.,2023,50,63.0,63.0,60.0,60.0,67.0,8.4,61.9,309.5,978
123083,COL ADVENTISTA DEL NORTE - SEDE PRINCIPAL,BOGOTÁ D.C.,2024,44,58.0,61.0,54.0,56.0,66.0,10.6,57.9,289.5,2019
123083,COL ADVENTISTA DEL NORTE - SEDE PRINCIPAL,BOGOTÁ D.C.,2025,48,64.0,63.0,57.0,60.0,69.0,10.0,61.6,308.0,1196
158881,COL MODERNO ENGATIVA,BOGOTÁ D.C.,2020,17,58.0,60.0,54.0,58.0,53.0,11.6,57.2,286.0,1471
158881,COL MODERNO ENGATIVA,BOGOTÁ D.C.,2021,20,58.0,59.0,54.0,56.0,58.0,10.2,56.8,284.0,1652
158881,COL MODERNO ENGATIVA,BOGOTÁ D.C.,2022,19,54.0,52.0,47.0,49.0,52.0,10.4,50.6,253.0,4897
158881,COL MODERNO ENGATIVA,BOGOTÁ D.C.,2023,25,59.0,56.0,56.0,58.0,63.0,8.8,57.7,288.5,1882
158881,COL MODERNO ENGATIVA,BOGOTÁ D.C.,2024,20,61.0,61.0,52.0,59.0,57.0,9.0,58.2,291.0,1887
158881,COL MODERNO ENGATIVA,BOGOTÁ D.C.,2025,21,61.0,62.0,56.0,60.0,65.0,8.2,60.2,301.0,1510
038794,COL DE LA PRESENTACION DE FATIMA - SEDE PRINCIPAL,BOGOTÁ D.C.,2020,30,60.0,57.0,58.0,56.0,54.0,9.4,57.5,287.5,1429
038794,COL DE LA PRESENTACION DE FATIMA - SEDE PRINCIPAL,BOGOTÁ D.C.,2021,32,58.0,57.0,54.0,55.0,61.0,8.6,56.4,282.0,1760
038794,COL DE LA PRESENTACION DE FATIMA - SEDE PRINCIPAL,BOGOTÁ D.C.,2022,26,63.0,62.0,59.0,58.0,61.0,8.4,60.5,302.5,1113
038794,COL DE LA PRESENTACION DE FATIMA - SEDE PRINCIPAL,BOGOTÁ D.C.,2023,56,61.0,60.0,57.0,58.0,63.0,7.6,59.3,296.5,1492
038794,COL DE LA PRESENTACION DE FATIMA - SEDE PRINCIPAL,BOGOTÁ D.C.,2024,58,63.0,60.0,60.0,59.0,65.0,8.8,60.8,304.0,1268
038794,COL DE LA PRESENTACION DE FATIMA - SEDE PRINCIPAL,BOGOTÁ D.C.,2025,64,63.0,60.0,58.0,60.0,63.0,9.8,60.5,302.5,1465
035097,CENTRO DE ENSEÑANZA MEDIA COMERCIAL NUESTRA SEÑORA DEL CARMEN,BOGOTÁ D.C.,2020,79,63.0,65.0,62.0,61.0,60.0,7.8,62.5,312.5,647
035097,CENTRO DE ENSEÑANZA MEDIA COMERCIAL NUESTRA SEÑORA DEL CARMEN,BOGOTÁ D.C.,2021,57,63.0,64.0,61.0,60.0,64.0,8.6,62.2,311.0,681
035097,CENTRO DE ENSEÑANZA MEDIA COMERCIAL NUESTRA SEÑORA DEL CARMEN,BOGOTÁ D.C.,2022,65,64.0,66.0,62.0,62.0,68.0,8.4,63.8,319.0,607
035097,CENTRO DE ENSEÑANZA MEDIA COMERCIAL NUESTRA SEÑORA DEL CARMEN,BOGOTÁ D.C.,2023,61,64.0,66.0,61.0,60.0,67.0,8.4,63.1,315.5,782
035097,CENTRO DE ENSEÑANZA MEDIA COMERCIAL NUESTRA SEÑORA DEL CARMEN,BOGOTÁ D.C.,2024,94,65.0,65.0,61.0,60.0,65.0,7.8,62.9,314.5,900
035097,CENTRO DE ENSEÑANZA MEDIA COMERCIAL NUESTRA SEÑORA DEL CARMEN,BOGOTÁ D.C.,2025,72,64.0,65.0,60.0,60.0,68.0,8.2,62.7,313.5,1026
188748,LIC  MANUEL ELKIN PATARROYO,BOGOTÁ D.C.,2020,19,61.0,61.0,62.0,57.0,53.0,9.6,59.7,298.5,999
188748,LIC  MANUEL ELKIN PATARROYO,BOGOTÁ D.C.,2021,26,62.0,63.0,60.0,59.0,59.0,9.8,60.8,304.0,863
188748,LIC  MANUEL ELKIN PATARROYO,BOGOTÁ D.C.,2022,44,62.0,62.0,59.0,60.0,63.0,8.8,60.9,304.5,1048
188748,LIC  MANUEL ELKIN PATARROYO,BOGOTÁ D.C.,2023,40,59.0,59.0,55.0,55.0,61.0,9.4,57.3,286.5,1999
188748,LIC  MANUEL ELKIN PATARROYO,BOGOTÁ D.C.,2024,64,62.0,61.0,58.0,58.0,61.0,8.2,59.8,299.0,1476
188748,LIC  MANUEL ELKIN PATARROYO,BOGOTÁ D.C.,2025,50,64.0,62.0,58.0,60.0,63.0,8.6,61.2,306.0,1275
751107,GIMNASIO CAMPESTRE STEPHEN HAWKING - SEDE PRINCIPAL,BOGOTÁ D.C.,2020,10,61.0,57.0,58.0,57.0,62.0,8.4,58.5,292.5,1211
751107,GIMNASIO CAMPESTRE STEPHEN HAWKING - SEDE PRINCIPAL,BOGOTÁ D.C.,2021,18,56.0,56.0,50.0,53.0,54.0,7.8,53.8,269.0,2513
751107,GIMNASIO CAMPESTRE STEPHEN HAWKING - SEDE PRINCIPAL,BOGOTÁ D.C.,2022,14,63.0,62.0,63.0,60.0,63.0,7.8,62.1,310.5,864
751107,GIMNASIO CAMPESTRE STEPHEN HAWKING - SEDE PRINCIPAL,BOGOTÁ D.C.,2023,8,62.0,64.0,59.0,60.0,55.0,9.2,60.8,304.0,1160
751107,GIMNASIO CAMPESTRE STEPHEN HAWKING - SEDE PRINCIPAL,BOGOTÁ D.C.,2024,8,62.0,57.0,59.0,56.0,62.0,10.4,58.8,294.0,1724
751107,GIMNASIO CAMPESTRE STEPHEN HAWKING - SEDE PRINCIPAL,BOGOTÁ D.C.,2025,19,61.0,60.0,57.0,60.0,64.0,11.2,59.8,299.0,1610
118042,COLEGIO BILINGUE RICHMOND,BOGOTÁ D.C.,2020,40,68.0,66.0,64.0,64.0,80.0,9.0,66.6,333.0,290
118042,COLEGIO BILINGUE RICHMOND,BOGOTÁ D.C.,2021,46,69.0,71.0,63.0,64.0,81.0,8.8,67.8,339.0,246
118042,COLEGIO BILINGUE RICHMOND,BOGOTÁ D.C.,2022,44,71.0,69.0,65.0,66.0,82.0,7.2,68.8,344.0,214
118042,COLEGIO BILINGUE RICHMOND,BOGOTÁ D.C.,2023,48,67.0,67.0,61.0,64.0,81.0,7.6,66.0,330.0,451
118042,COLEGIO BILINGUE RICHMOND,BOGOTÁ D.C.,2024,37,67.0,66.0,64.0,63.0,82.0,9.2,66.3,331.5,488
118042,COLEGIO BILINGUE RICHMOND,BOGOTÁ D.C.,2025,48,64.0,61.0,58.0,60.0,79.0,8.6,62.2,311.0,1093
102707,COL LUTERANO SAN LUCAS,BOGOTÁ D.C.,2020,61,58.0,58.0,57.0,56.0,58.0,10.2,57.3,286.5,1471
102707,COL LUTERANO SAN LUCAS,BOGOTÁ D.C.,2021,55,62.0,60.0,57.0,57.0,64.0,10.0,59.4,297.0,1120
102707,COL LUTERANO SAN LUCAS,BOGOTÁ D.C.,2022,45,63.0,64.0,59.0,60.0,66.0,9.6,61.8,309.0,902
102707,COL LUTERANO SAN LUCAS,BOGOTÁ D.C.,2023,65,60.0,58.0,56.0,56.0,63.0,8.2,57.9,289.5,1830
102707,COL LUTERANO SAN LUCAS,BOGOTÁ D.C.,2024,69,61.0,61.0,56.0,58.0,64.0,9.6,59.4,297.0,1585
102707,COL LUTERANO SAN LUCAS,BOGOTÁ D.C.,2025,80,62.0,63.0,58.0,59.0,66.0,10.4,60.9,304.5,1368
054130,COL DE FORMACION INTEGRAL MUNDO NUEVO,BOGOTÁ D.C.,2020,59,59.0,60.0,58.0,57.0,56.0,11.2,58.3,291.5,1247
054130,COL DE FORMACION INTEGRAL MUNDO NUEVO,BOGOTÁ D.C.,2021,45,63.0,62.0,57.0,58.0,63.0,9.8,60.2,301.0,995
054130,COL DE FORMACION INTEGRAL MUNDO NUEVO,BOGOTÁ D.C.,2022,39,61.0,59.0,55.0,56.0,61.0,9.6,58.0,290.0,1656
054130,COL DE FORMACION INTEGRAL MUNDO NUEVO,BOGOTÁ D.C.,2023,40,59.0,59.0,56.0,56.0,61.0,9.2,57.8,289.0,1830
054130,COL DE FORMACION INTEGRAL MUNDO NUEVO,BOGOTÁ D.C.,2024,44,64.0,63.0,59.0,59.0,66.0,9.6,61.6,308.0,1105
054130,COL DE FORMACION INTEGRAL MUNDO NUEVO,BOGOTÁ D.C.,2025,34,63.0,60.0,54.0,59.0,62.0,10.4,59.2,296.0,1742
021766,COL PARROQ DE NSTRA SEÑORA,BOGOTÁ D.C.,2020,38,61.0,61.0,57.0,58.0,59.0,9.8,59.2,296.0,1072
021766,COL PARROQ DE NSTRA SEÑORA,BOGOTÁ D.C.,2021,58,57.0,56.0,51.0,53.0,58.0,7.6,54.5,272.5,2303
021766,COL PARROQ DE NSTRA SEÑORA,BOGOTÁ D.C.,2022,47,59.0,60.0,51.0,57.0,60.0,9.4,57.0,285.0,1923
021766,COL PARROQ DE NSTRA SEÑORA,BOGOTÁ D.C.,2023,50,61.0,60.0,56.0,60.0,61.0,10.0,59.4,297.0,1447
021766,COL PARROQ DE NSTRA SEÑORA,BOGOTÁ D.C.,2024,44,61.0,59.0,55.0,57.0,60.0,9.8,58.2,291.0,1887
021766,COL PARROQ DE NSTRA SEÑORA,BOGOTÁ D.C.,2025,39,63.0,62.0,54.0,59.0,65.0,9.0,59.9,299.5,1610
045203,GIMNASIO LOS ROBLES,BOGOTÁ D.C.,2020,39,59.0,61.0,63.0,57.0,70.0,10.4,60.8,304.0,835
045203,GIMNASIO LOS ROBLES,BOGOTÁ D.C.,2021,19,60.0,60.0,56.0,59.0,70.0,11.2,59.6,298.0,1088
045203,GIMNASIO LOS ROBLES,BOGOTÁ D.C.,2022,13,62.0,60.0,58.0,61.0,75.0,9.6,61.4,307.0,958
045203,GIMNASIO LOS ROBLES,BOGOTÁ D.C.,2023,15,61.0,62.0,60.0,62.0,74.0,9.4,62.2,311.0,896
045203,GIMNASIO LOS ROBLES,BOGOTÁ D.C.,2024,24,62.0,63.0,57.0,59.0,76.0,8.4,61.5,307.5,1142
045203,GIMNASIO LOS ROBLES,BOGOTÁ D.C.,2025,19,60.0,57.0,55.0,59.0,76.0,12.6,59.2,296.0,1742
023523,INST SAN IGNACIO DE LOYOLA,BOGOTÁ D.C.,2020,64,61.0,64.0,59.0,59.0,56.0,8.4,60.4,302.0,898
023523,INST SAN IGNACIO DE LOYOLA,BOGOTÁ D.C.,2021,55,64.0,64.0,59.0,59.0,63.0,8.2,61.6,308.0,754
023523,INST SAN IGNACIO DE LOYOLA,BOGOTÁ D.C.,2022,72,62.0,63.0,59.0,59.0,60.0,8.2,60.7,303.5,1078
023523,INST SAN IGNACIO DE LOYOLA,BOGOTÁ D.C.,2023,73,63.0,62.0,60.0,61.0,62.0,8.6,61.5,307.5,1049
023523,INST SAN IGNACIO DE LOYOLA,BOGOTÁ D.C.,2024,72,64.0,62.0,60.0,59.0,62.0,9.2,61.3,306.5,1183
023523,INST SAN IGNACIO DE LOYOLA,BOGOTÁ D.C.,2025,93,62.0,62.0,56.0,59.0,62.0,9.6,59.9,299.5,1610
022160,COLEGIO CAMPESTRE SAN JOSE - CCSJ,BOGOTÁ D.C.,2020,54,63.0,62.0,62.0,59.0,66.0,9.4,61.8,309.0,709
022160,COLEGIO CAMPESTRE SAN JOSE - CCSJ,BOGOTÁ D.C.,2021,61,63.0,59.0,59.0,58.0,69.0,8.8,60.5,302.5,952
022160,COLEGIO CAMPESTRE SAN JOSE - CCSJ,BOGOTÁ D.C.,2022,44,61.0,59.0,57.0,57.0,70.0,9.4,59.4,297.0,1332
022160,COLEGIO CAMPESTRE SAN JOSE - CCSJ,BOGOTÁ D.C.,2023,32,64.0,61.0,60.0,59.0,71.0,8.6,61.8,309.0,978
022160,COLEGIO CAMPESTRE SAN JOSE - CCSJ,BOGOTÁ D.C.,2024,34,62.0,59.0,57.0,58.0,70.0,9.6,59.8,299.0,1476
022160,COLEGIO CAMPESTRE SAN JOSE - CCSJ,BOGOTÁ D.C.,2025,32,62.0,62.0,60.0,59.0,71.0,10.2,61.5,307.5,1238
085522,GIMNASIO LA CIMA,BOGOTÁ D.C.,2020,18,59.0,58.0,56.0,54.0,57.0,9.4,56.8,284.0,1544
085522,GIMNASIO LA CIMA,BOGOTÁ D.C.,2021,12,57.0,56.0,50.0,53.0,62.0,9.8,54.6,273.0,2249
085522,GIMNASIO LA CIMA,BOGOTÁ D.C.,2022,24,64.0,60.0,57.0,58.0,66.0,11.0,60.2,301.0,1157
085522,GIMNASIO LA CIMA,BOGOTÁ D.C.,2023,35,60.0,55.0,58.0,54.0,62.0,12.2,57.2,286.0,1999
085522,GIMNASIO LA CIMA,BOGOTÁ D.C.,2024,27,62.0,58.0,55.0,55.0,59.0,9.4,57.6,288.0,2088
085522,GIMNASIO LA CIMA,BOGOTÁ D.C.,2025,34,65.0,61.0,60.0,59.0,64.0,9.4,61.5,307.5,1238
054064,COLEGIO SAN JUAN DE AVILA,BOGOTÁ D.C.,2020,33,59.0,61.0,54.0,55.0,53.0,11.0,56.9,284.5,1544
054064,COLEGIO SAN JUAN DE AVILA,BOGOTÁ D.C.,2021,30,62.0,60.0,58.0,59.0,63.0,9.4,60.0,300.0,1029
054064,COLEGIO SAN JUAN DE AVILA,BOGOTÁ D.C.,2022,26,62.0,61.0,59.0,57.0,63.0,8.4,60.0,300.0,1200
054064,COLEGIO SAN JUAN DE AVILA,BOGOTÁ D.C.,2023,24,64.0,62.0,60.0,59.0,64.0,9.0,61.5,307.5,1049
054064,COLEGIO SAN JUAN DE AVILA,BOGOTÁ D.C.,2024,17,59.0,61.0,54.0,56.0,61.0,10.2,57.8,289.0,2019
054064,COLEGIO SAN JUAN DE AVILA,BOGOTÁ D.C.,2025,26,62.0,60.0,59.0,59.0,65.0,8.2,60.4,302.0,1465
665745,COLEGIO JAIME HERNANDO GARZON FORERO (IED),BOGOTÁ D.C.,2020,117,56.0,60.0,53.0,55.0,55.0,8.8,55.9,279.5,1795
665745,COLEGIO JAIME HERNANDO GARZON FORERO (IED),BOGOTÁ D.C.,2021,78,58.0,59.0,52.0,55.0,59.0,9.8,56.2,281.0,1818
665745,COLEGIO JAIME HERNANDO GARZON FORERO (IED),BOGOTÁ D.C.,2022,113,60.0,60.0,53.0,58.0,60.0,10.6,57.9,289.5,1709
665745,COLEGIO JAIME HERNANDO GARZON FORERO (IED),BOGOTÁ D.C.,2023,110,60.0,63.0,56.0,59.0,60.0,11.0,59.5,297.5,1447
665745,COLEGIO JAIME HERNANDO GARZON FORERO (IED),BOGOTÁ D.C.,2024,96,60.0,63.0,55.0,58.0,59.0,9.2,59.0,295.0,1682
665745,COLEGIO JAIME HERNANDO GARZON FORERO (IED),BOGOTÁ D.C.,2025,99,62.0,62.0,56.0,59.0,62.0,9.6,59.9,299.5,1610
020586,COL NSTRA SRA DE NAZARETH,BOGOTÁ D.C.,2020,89,60.0,59.0,56.0,56.0,57.0,9.0,57.7,288.5,1389
020586,COL NSTRA SRA DE NAZARETH,BOGOTÁ D.C.,2021,48,61.0,58.0,57.0,56.0,61.0,8.8,58.2,291.0,1351
020586,COL NSTRA SRA DE NAZARETH,BOGOTÁ D.C.,2022,60,62.0,58.0,58.0,57.0,59.0,9.4,58.8,294.0,1463
020586,COL NSTRA SRA DE NAZARETH,BOGOTÁ D.C.,2023,71,59.0,56.0,53.0,57.0,60.0,9.0,56.5,282.5,2275
020586,COL NSTRA SRA DE NAZARETH,BOGOTÁ D.C.,2024,69,60.0,59.0,56.0,57.0,62.0,9.4,58.3,291.5,1887
020586,COL NSTRA SRA DE NAZARETH,BOGOTÁ D.C.,2025,84,62.0,60.0,57.0,59.0,62.0,10.2,59.7,298.5,1650
063883,LICEO VAL (VIDA-AMOR-LUZ),BOGOTÁ D.C.,2020,20,62.0,65.0,62.0,62.0,67.0,9.8,63.1,315.5,575
063883,LICEO VAL (VIDA-AMOR-LUZ),BOGOTÁ D.C.,2021,11,69.0,65.0,64.0,65.0,76.0,7.6,66.5,332.5,320
063883,LICEO VAL (VIDA-AMOR-LUZ),BOGOTÁ D.C.,2022,17,67.0,72.0,65.0,66.0,74.0,9.2,68.0,340.0,268
063883,LICEO VAL (VIDA-AMOR-LUZ),BOGOTÁ D.C.,2023,10,61.0,64.0,58.0,61.0,67.0,7.6,61.5,307.5,1049
063883,LICEO VAL (VIDA-AMOR-LUZ),BOGOTÁ D.C.,2024,9,68.0,73.0,63.0,71.0,75.0,7.6,69.2,346.0,227
063883,LICEO VAL (VIDA-AMOR-LUZ),BOGOTÁ D.C.,2025,13,61.0,63.0,59.0,59.0,71.0,12.4,61.3,306.5,1275
150425,INSTITUTO TÉCNICO ANGELI - SEDE PRINCIPAL,BOGOTÁ D.C.,2020,15,57.0,53.0,55.0,54.0,51.0,8.4,54.5,272.5,2224
150425,INSTITUTO TÉCNICO ANGELI - SEDE PRINCIPAL,BOGOTÁ D.C.,2021,9,63.0,56.0,56.0,53.0,55.0,8.0,56.8,284.0,1652
150425,INSTITUTO TÉCNICO ANGELI - SEDE PRINCIPAL,BOGOTÁ D.C.,2022,15,55.0,52.0,48.0,50.0,57.0,8.4,51.7,258.5,4254
150425,INSTITUTO TÉCNICO ANGELI - SEDE PRINCIPAL,BOGOTÁ D.C.,2023,13,60.0,57.0,55.0,56.0,59.0,7.4,57.2,286.0,1999
150425,INSTITUTO TÉCNICO ANGELI - SEDE PRINCIPAL,BOGOTÁ D.C.,2024,16,56.0,58.0,50.0,55.0,61.0,8.6,55.2,276.0,2977
150425,INSTITUTO TÉCNICO ANGELI - SEDE PRINCIPAL,BOGOTÁ D.C.,2025,28,62.0,61.0,59.0,59.0,65.0,7.4,60.6,303.0,1420
025304,COLEGIO PARROQUIAL BILINGÜE SANTA ISABEL DE HUNGRIA,BOGOTÁ D.C.,2020,130,61.0,61.0,59.0,57.0,60.0,10.2,59.5,297.5,1031
025304,COLEGIO PARROQUIAL BILINGÜE SANTA ISABEL DE HUNGRIA,BOGOTÁ D.C.,2021,135,62.0,60.0,56.0,58.0,66.0,9.2,59.5,297.5,1120
025304,COLEGIO PARROQUIAL BILINGÜE SANTA ISABEL DE HUNGRIA,BOGOTÁ D.C.,2022,142,60.0,62.0,57.0,58.0,66.0,9.4,59.8,299.0,1233
025304,COLEGIO PARROQUIAL BILINGÜE SANTA ISABEL DE HUNGRIA,BOGOTÁ D.C.,2023,127,61.0,61.0,57.0,58.0,67.0,9.0,59.8,299.0,1362
025304,COLEGIO PARROQUIAL BILINGÜE SANTA ISABEL DE HUNGRIA,BOGOTÁ D.C.,2024,126,63.0,62.0,58.0,59.0,70.0,8.6,61.2,306.0,1183
025304,COLEGIO PARROQUIAL BILINGÜE SANTA ISABEL DE HUNGRIA,BOGOTÁ D.C.,2025,136,62.0,61.0,56.0,59.0,71.0,9.4,60.4,302.0,1465
020487,COLEGIO DE LOS ANGELES,BOGOTÁ D.C.,2020,9,62.0,62.0,61.0,58.0,64.0,8.0,61.0,305.0,809
020487,COLEGIO DE LOS ANGELES,BOGOTÁ D.C.,2021,8,65.0,62.0,62.0,58.0,72.0,7.0,62.5,312.5,653
020487,COLEGIO DE LOS ANGELES,BOGOTÁ D.C.,2022,8,66.0,62.0,61.0,59.0,70.0,7.0,62.6,313.0,765
020487,COLEGIO DE LOS ANGELES,BOGOTÁ D.C.,2023,12,67.0,64.0,64.0,61.0,71.0,6.8,64.5,322.5,618
020487,COLEGIO DE LOS ANGELES,BOGOTÁ D.C.,2024,5,67.0,59.0,57.0,59.0,73.0,7.6,61.5,307.5,1142
020487,COLEGIO DE LOS ANGELES,BOGOTÁ D.C.,2025,4,64.0,57.0,62.0,59.0,70.0,5.8,61.2,306.0,1275
602896,GIMNASIO CAMPUS PAMPURI,BOGOTÁ D.C.,2021,22,59.0,62.0,56.0,57.0,57.0,9.8,58.4,292.0,1310
602896,GIMNASIO CAMPUS PAMPURI,BOGOTÁ D.C.,2022,15,60.0,58.0,54.0,56.0,60.0,8.6,57.2,286.0,1860
602896,GIMNASIO CAMPUS PAMPURI,BOGOTÁ D.C.,2023,10,63.0,60.0,60.0,62.0,63.0,8.4,61.4,307.0,1049
602896,GIMNASIO CAMPUS PAMPURI,BOGOTÁ D.C.,2024,35,60.0,62.0,54.0,57.0,62.0,9.0,58.5,292.5,1821
602896,GIMNASIO CAMPUS PAMPURI,BOGOTÁ D.C.,2025,19,61.0,61.0,56.0,59.0,63.0,10.0,59.5,297.5,1699
134056,COLEGIO PSICOPEDAGOGICO VILLAVERDE,BOGOTÁ D.C.,2020,14,55.0,57.0,51.0,49.0,48.0,7.6,52.6,263.0,2984
134056,COLEGIO PSICOPEDAGOGICO VILLAVERDE,BOGOTÁ D.C.,2021,15,62.0,64.0,59.0,60.0,59.0,7.8,61.1,305.5,837
134056,COLEGIO PSICOPEDAGOGICO VILLAVERDE,BOGOTÁ D.C.,2022,13,61.0,60.0,55.0,58.0,65.0,9.0,59.0,295.0,1421
134056,COLEGIO PSICOPEDAGOGICO VILLAVERDE,BOGOTÁ D.C.,2023,19,59.0,56.0,53.0,55.0,58.0,11.2,55.9,279.5,2474
134056,COLEGIO PSICOPEDAGOGICO VILLAVERDE,BOGOTÁ D.C.,2024,24,62.0,58.0,54.0,57.0,59.0,9.0,57.8,289.0,2019
134056,COLEGIO PSICOPEDAGOGICO VILLAVERDE,BOGOTÁ D.C.,2025,18,59.0,59.0,56.0,59.0,62.0,9.0,58.5,292.5,1966
023879,LICEO JULIO CESAR GARCIA,BOGOTÁ D.C.,2020,42,57.0,57.0,57.0,53.0,57.0,8.4,56.1,280.5,1737
023879,LICEO JULIO CESAR GARCIA,BOGOTÁ D.C.,2021,47,58.0,56.0,54.0,53.0,60.0,8.6,55.6,278.0,1959
023879,LICEO JULIO CESAR GARCIA,BOGOTÁ D.C.,2022,43,60.0,59.0,58.0,55.0,62.0,8.0,58.3,291.5,1615
023879,LICEO JULIO CESAR GARCIA,BOGOTÁ D.C.,2023,35,60.0,56.0,56.0,54.0,58.0,8.0,56.6,283.0,2191
023879,LICEO JULIO CESAR GARCIA,BOGOTÁ D.C.,2024,39,60.0,58.0,55.0,55.0,59.0,10.6,57.2,286.0,2211
023879,LICEO JULIO CESAR GARCIA,BOGOTÁ D.C.,2025,42,61.0,61.0,59.0,59.0,61.0,7.6,60.1,300.5,1562
091389,GIMNASIO MAYOR DE OCCIDENTE - SEDE PRINCIPAL,BOGOTÁ D.C.,2020,62,56.0,61.0,54.0,54.0,55.0,8.2,56.2,281.0,1688
091389,GIMNASIO MAYOR DE OCCIDENTE - SEDE PRINCIPAL,BOGOTÁ D.C.,2021,75,60.0,61.0,55.0,56.0,61.0,8.4,58.2,291.0,1351
091389,GIMNASIO MAYOR DE OCCIDENTE - SEDE PRINCIPAL,BOGOTÁ D.C.,2022,74,59.0,60.0,57.0,58.0,61.0,8.6,58.7,293.5,1521
091389,GIMNASIO MAYOR DE OCCIDENTE - SEDE PRINCIPAL,BOGOTÁ D.C.,2023,63,60.0,61.0,58.0,59.0,62.0,9.4,59.7,298.5,1409
091389,GIMNASIO MAYOR DE OCCIDENTE - SEDE PRINCIPAL,BOGOTÁ D.C.,2024,78,62.0,62.0,57.0,58.0,62.0,8.6,59.9,299.5,1476
091389,GIMNASIO MAYOR DE OCCIDENTE - SEDE PRINCIPAL,BOGOTÁ D.C.,2025,69,60.0,64.0,57.0,59.0,61.0,9.6,60.1,300.5,1562
025486,INSTITUTO MILITAR AQUILEO PARRA,BOGOTÁ D.C.,2020,42,55.0,52.0,52.0,50.0,53.0,9.4,52.3,261.5,3178
025486,INSTITUTO MILITAR AQUILEO PARRA,BOGOTÁ D.C.,2021,24,55.0,51.0,49.0,50.0,57.0,9.4,51.7,258.5,3478
025486,INSTITUTO MILITAR AQUILEO PARRA,BOGOTÁ D.C.,2022,30,55.0,54.0,52.0,54.0,61.0,11.2,54.3,271.5,2904
025486,INSTITUTO MILITAR AQUILEO PARRA,BOGOTÁ D.C.,2023,29,58.0,56.0,53.0,54.0,61.0,9.6,55.7,278.5,2553
025486,INSTITUTO MILITAR AQUILEO PARRA,BOGOTÁ D.C.,2024,19,60.0,61.0,55.0,58.0,66.0,10.8,59.1,295.5,1682
025486,INSTITUTO MILITAR AQUILEO PARRA,BOGOTÁ D.C.,2025,13,61.0,61.0,58.0,59.0,66.0,8.8,60.2,301.0,1510
146548,COLEGIO PADRE MANYANET - BOGOTA - SEDE PRINCIPAL,BOGOTÁ D.C.,2020,31,59.0,57.0,56.0,56.0,55.0,9.2,56.8,284.0,1544
146548,COLEGIO PADRE MANYANET - BOGOTA - SEDE PRINCIPAL,BOGOTÁ D.C.,2021,39,61.0,58.0,56.0,57.0,61.0,10.0,58.2,291.0,1351
146548,COLEGIO PADRE MANYANET - BOGOTA - SEDE PRINCIPAL,BOGOTÁ D.C.,2022,37,62.0,60.0,58.0,59.0,62.0,9.0,59.9,299.5,1233
146548,COLEGIO PADRE MANYANET - BOGOTA - SEDE PRINCIPAL,BOGOTÁ D.C.,2023,41,63.0,60.0,58.0,59.0,62.0,9.2,60.2,301.0,1274
146548,COLEGIO PADRE MANYANET - BOGOTA - SEDE PRINCIPAL,BOGOTÁ D.C.,2024,34,61.0,61.0,56.0,58.0,64.0,8.4,59.4,297.0,1585
146548,COLEGIO PADRE MANYANET - BOGOTA - SEDE PRINCIPAL,BOGOTÁ D.C.,2025,33,62.0,60.0,58.0,59.0,67.0,10.0,60.3,301.5,1510
037358,COL PARA HIJOS EMPLEADOS CONTRALORIA GRAL REP (COTRANAL),BOGOTÁ D.C.,2020,33,57.0,61.0,56.0,58.0,58.0,9.2,58.0,290.0,1288
037358,COL PARA HIJOS EMPLEADOS CONTRALORIA GRAL REP (COTRANAL),BOGOTÁ D.C.,2021,31,63.0,62.0,60.0,60.0,68.0,8.6,61.8,309.0,730
037358,COL PARA HIJOS EMPLEADOS CONTRALORIA GRAL REP (COTRANAL),BOGOTÁ D.C.,2022,25,63.0,63.0,58.0,59.0,68.0,8.0,61.3,306.5,987
037358,COL PARA HIJOS EMPLEADOS CONTRALORIA GRAL REP (COTRANAL),BOGOTÁ D.C.,2023,35,60.0,59.0,55.0,54.0,64.0,9.8,57.5,287.5,1937
037358,COL PARA HIJOS EMPLEADOS CONTRALORIA GRAL REP (COTRANAL),BOGOTÁ D.C.,2024,38,61.0,61.0,57.0,58.0,65.0,10.8,59.7,298.5,1523
037358,COL PARA HIJOS EMPLEADOS CONTRALORIA GRAL REP (COTRANAL),BOGOTÁ D.C.,2025,34,63.0,62.0,58.0,59.0,65.0,10.0,60.8,304.0,1368
020479,COL DE LOS ANDES,BOGOTÁ D.C.,2020,74,60.0,60.0,59.0,56.0,58.0,8.6,58.7,293.5,1176
020479,COL DE LOS ANDES,BOGOTÁ D.C.,2021,116,61.0,60.0,56.0,55.0,62.0,9.2,58.3,291.5,1351
020479,COL DE LOS ANDES,BOGOTÁ D.C.,2022,81,62.0,62.0,58.0,57.0,65.0,8.8,60.2,301.0,1157
020479,COL DE LOS ANDES,BOGOTÁ D.C.,2023,78,63.0,62.0,60.0,59.0,64.0,8.8,61.2,306.0,1081
020479,COL DE LOS ANDES,BOGOTÁ D.C.,2024,96,62.0,63.0,57.0,58.0,66.0,10.0,60.5,302.5,1353
020479,COL DE LOS ANDES,BOGOTÁ D.C.,2025,82,62.0,62.0,58.0,59.0,65.0,9.2,60.6,303.0,1420
727479,COLEGIO HOGAR DE NAZARETH,BOGOTÁ D.C.,2020,62,57.0,58.0,58.0,55.0,56.0,9.6,56.9,284.5,1544
727479,COLEGIO HOGAR DE NAZARETH,BOGOTÁ D.C.,2021,57,62.0,59.0,59.0,56.0,64.0,8.4,59.4,297.0,1120
727479,COLEGIO HOGAR DE NAZARETH,BOGOTÁ D.C.,2022,66,59.0,58.0,54.0,56.0,62.0,11.0,57.2,286.0,1860
727479,COLEGIO HOGAR DE NAZARETH,BOGOTÁ D.C.,2023,74,60.0,59.0,56.0,56.0,61.0,8.8,58.0,290.0,1788
727479,COLEGIO HOGAR DE NAZARETH,BOGOTÁ D.C.,2024,69,61.0,59.0,55.0,56.0,62.0,9.8,58.1,290.5,1955
727479,COLEGIO HOGAR DE NAZARETH,BOGOTÁ D.C.,2025,58,63.0,63.0,59.0,59.0,65.0,9.2,61.3,306.5,1275
118984,LIC SANTA PAULA - SEDE PRINCIPAL,BOGOTÁ D.C.,2020,21,59.0,62.0,59.0,57.0,58.0,8.6,59.2,296.0,1072
118984,LIC SANTA PAULA - SEDE PRINCIPAL,BOGOTÁ D.C.,2021,16,62.0,63.0,59.0,60.0,67.0,9.6,61.5,307.5,778
118984,LIC SANTA PAULA - SEDE PRINCIPAL,BOGOTÁ D.C.,2022,23,65.0,65.0,57.0,59.0,65.0,7.0,61.8,309.0,902
118984,LIC SANTA PAULA - SEDE PRINCIPAL,BOGOTÁ D.C.,2023,22,64.0,65.0,61.0,61.0,66.0,9.8,63.0,315.0,782
118984,LIC SANTA PAULA - SEDE PRINCIPAL,BOGOTÁ D.C.,2024,29,64.0,65.0,60.0,62.0,67.0,7.2,63.1,315.5,865
118984,LIC SANTA PAULA - SEDE PRINCIPAL,BOGOTÁ D.C.,2025,15,61.0,61.0,54.0,59.0,67.0,8.2,59.4,297.0,1699
021923,COLEGIO SAN JOSE,BOGOTÁ D.C.,2020,108,61.0,63.0,61.0,60.0,61.0,8.4,61.2,306.0,788
021923,COLEGIO SAN JOSE,BOGOTÁ D.C.,2021,110,65.0,66.0,61.0,61.0,67.0,8.2,63.5,317.5,561
021923,COLEGIO SAN JOSE,BOGOTÁ D.C.,2022,94,63.0,64.0,59.0,59.0,66.0,9.4,61.6,308.0,931
021923,COLEGIO SAN JOSE,BOGOTÁ D.C.,2023,88,64.0,64.0,60.0,61.0,67.0,9.0,62.6,313.0,837
021923,COLEGIO SAN JOSE,BOGOTÁ D.C.,2024,90,62.0,62.0,57.0,59.0,68.0,9.4,60.6,303.0,1312
021923,COLEGIO SAN JOSE,BOGOTÁ D.C.,2025,94,63.0,63.0,58.0,59.0,67.0,10.0,61.2,306.0,1275
022087,COL SANTA MARIANA DE JESUS,BOGOTÁ D.C.,2020,106,61.0,62.0,61.0,60.0,62.0,9.2,61.1,305.5,809
022087,COL SANTA MARIANA DE JESUS,BOGOTÁ D.C.,2021,77,62.0,61.0,58.0,58.0,66.0,8.6,60.2,301.0,995
022087,COL SANTA MARIANA DE JESUS,BOGOTÁ D.C.,2022,59,62.0,64.0,60.0,61.0,65.0,8.6,62.0,310.0,864
022087,COL SANTA MARIANA DE JESUS,BOGOTÁ D.C.,2023,54,64.0,65.0,57.0,61.0,69.0,9.8,62.3,311.5,896
022087,COL SANTA MARIANA DE JESUS,BOGOTÁ D.C.,2024,56,64.0,63.0,60.0,60.0,66.0,9.0,62.1,310.5,1037
022087,COL SANTA MARIANA DE JESUS,BOGOTÁ D.C.,2025,51,64.0,62.0,58.0,59.0,67.0,10.4,61.2,306.0,1275
600247,LIC BOGOTA,BOGOTÁ D.C.,2025,20,65.0,61.0,57.0,59.0,72.0,8.8,61.4,307.0,1238
721407,COLEGIO LA FELICIDAD (IED) - SEDE PRINCIPAL,BOGOTÁ D.C.,2020,79,60.0,62.0,57.0,57.0,60.0,9.8,59.1,295.5,1114
721407,COLEGIO LA FELICIDAD (IED) - SEDE PRINCIPAL,BOGOTÁ D.C.,2021,75,63.0,64.0,59.0,57.0,64.0,9.0,61.0,305.0,837
721407,COLEGIO LA FELICIDAD (IED) - SEDE PRINCIPAL,BOGOTÁ D.C.,2022,69,62.0,63.0,57.0,55.0,66.0,9.2,59.8,299.0,1233
721407,COLEGIO LA FELICIDAD (IED) - SEDE PRINCIPAL,BOGOTÁ D.C.,2023,73,61.0,63.0,59.0,59.0,65.0,9.4,60.8,304.0,1160
721407,COLEGIO LA FELICIDAD (IED) - SEDE PRINCIPAL,BOGOTÁ D.C.,2024,60,62.0,62.0,59.0,58.0,69.0,10.4,60.9,304.5,1268
721407,COLEGIO LA FELICIDAD (IED) - SEDE PRINCIPAL,BOGOTÁ D.C.,2025,75,65.0,64.0,60.0,59.0,70.0,10.4,62.6,313.0,1026
080002,GIMNASIO EL PORTILLO,BOGOTÁ D.C.,2020,28,63.0,62.0,63.0,59.0,69.0,11.0,62.3,311.5,668
080002,GIMNASIO EL PORTILLO,BOGOTÁ D.C.,2021,28,61.0,60.0,59.0,59.0,72.0,8.4,60.7,303.5,901
080002,GIMNASIO EL PORTILLO,BOGOTÁ D.C.,2022,31,62.0,57.0,58.0,58.0,71.0,8.4,59.7,298.5,1276
080002,GIMNASIO EL PORTILLO,BOGOTÁ D.C.,2023,14,66.0,65.0,62.0,64.0,75.0,7.2,65.1,325.5,557
080002,GIMNASIO EL PORTILLO,BOGOTÁ D.C.,2024,12,65.0,66.0,64.0,64.0,82.0,6.2,66.1,330.5,507
080002,GIMNASIO EL PORTILLO,BOGOTÁ D.C.,2025,25,66.0,62.0,61.0,59.0,75.0,10.2,63.0,315.0,969
091181,LICEO EL GRAN VIRREY,BOGOTÁ D.C.,2020,78,59.0,60.0,56.0,56.0,57.0,9.2,57.7,288.5,1389
091181,LICEO EL GRAN VIRREY,BOGOTÁ D.C.,2021,79,63.0,63.0,58.0,58.0,64.0,8.0,60.8,304.0,863
091181,LICEO EL GRAN VIRREY,BOGOTÁ D.C.,2022,85,64.0,63.0,59.0,60.0,66.0,8.4,61.8,309.0,902
091181,LICEO EL GRAN VIRREY,BOGOTÁ D.C.,2023,104,62.0,64.0,59.0,60.0,64.0,9.2,61.5,307.5,1049
091181,LICEO EL GRAN VIRREY,BOGOTÁ D.C.,2024,93,63.0,63.0,59.0,60.0,62.0,8.0,61.3,306.5,1183
091181,LICEO EL GRAN VIRREY,BOGOTÁ D.C.,2025,71,62.0,62.0,57.0,59.0,64.0,8.2,60.3,301.5,1510
021691,COLEGIO NUESTRA SEÑORA DE LA SABIDURIA,BOGOTÁ D.C.,2020,42,60.0,60.0,58.0,58.0,57.0,10.0,58.8,294.0,1145
021691,COLEGIO NUESTRA SEÑORA DE LA SABIDURIA,BOGOTÁ D.C.,2021,58,63.0,59.0,57.0,58.0,63.0,10.2,59.5,297.5,1120
021691,COLEGIO NUESTRA SEÑORA DE LA SABIDURIA,BOGOTÁ D.C.,2022,58,62.0,63.0,59.0,61.0,66.0,8.6,61.6,308.0,931
021691,COLEGIO NUESTRA SEÑORA DE LA SABIDURIA,BOGOTÁ D.C.,2023,50,63.0,61.0,60.0,61.0,66.0,9.8,61.6,308.0,1014
021691,COLEGIO NUESTRA SEÑORA DE LA SABIDURIA,BOGOTÁ D.C.,2024,78,61.0,59.0,57.0,58.0,63.0,10.2,59.1,295.5,1682
021691,COLEGIO NUESTRA SEÑORA DE LA SABIDURIA,BOGOTÁ D.C.,2025,73,61.0,61.0,57.0,59.0,64.0,9.6,59.8,299.0,1610
105494,COL PARROQ SANTO CURA DE ARS LA FRAGUA,BOGOTÁ D.C.,2020,22,59.0,56.0,57.0,53.0,53.0,9.8,56.0,280.0,1737
105494,COL PARROQ SANTO CURA DE ARS LA FRAGUA,BOGOTÁ D.C.,2021,22,55.0,55.0,50.0,52.0,54.0,8.8,53.1,265.5,2798
105494,COL PARROQ SANTO CURA DE ARS LA FRAGUA,BOGOTÁ D.C.,2022,23,59.0,60.0,56.0,56.0,59.0,8.8,57.8,289.0,1709
105494,COL PARROQ SANTO CURA DE ARS LA FRAGUA,BOGOTÁ D.C.,2023,25,61.0,58.0,55.0,58.0,61.0,8.4,58.2,291.0,1739
105494,COL PARROQ SANTO CURA DE ARS LA FRAGUA,BOGOTÁ D.C.,2024,24,59.0,59.0,54.0,57.0,62.0,8.4,57.6,288.0,2088
105494,COL PARROQ SANTO CURA DE ARS LA FRAGUA,BOGOTÁ D.C.,2025,17,61.0,58.0,56.0,59.0,62.0,9.4,58.8,294.0,1840
021980,COLEGIO SAN LUIS,BOGOTÁ D.C.,2020,69,61.0,61.0,60.0,57.0,62.0,7.6,59.9,299.5,970
021980,COLEGIO SAN LUIS,BOGOTÁ D.C.,2021,88,60.0,56.0,56.0,55.0,65.0,9.8,57.4,287.0,1516
021980,COLEGIO SAN LUIS,BOGOTÁ D.C.,2022,63,63.0,60.0,59.0,59.0,69.0,8.6,60.9,304.5,1048
021980,COLEGIO SAN LUIS,BOGOTÁ D.C.,2023,66,62.0,60.0,60.0,60.0,68.0,8.6,61.1,305.5,1117
021980,COLEGIO SAN LUIS,BOGOTÁ D.C.,2024,82,62.0,60.0,57.0,59.0,68.0,9.6,60.2,301.0,1391
021980,COLEGIO SAN LUIS,BOGOTÁ D.C.,2025,79,62.0,61.0,57.0,59.0,67.0,10.0,60.3,301.5,1510
734574,LICEO CONTADORA,BOGOTÁ D.C.,2020,61,59.0,60.0,54.0,56.0,53.0,8.4,56.9,284.5,1544
734574,LICEO CONTADORA,BOGOTÁ D.C.,2021,64,60.0,61.0,56.0,57.0,60.0,9.4,58.6,293.0,1257
734574,LICEO CONTADORA,BOGOTÁ D.C.,2022,56,60.0,60.0,54.0,56.0,61.0,8.0,57.8,289.0,1709
734574,LICEO CONTADORA,BOGOTÁ D.C.,2023,39,60.0,61.0,56.0,57.0,62.0,9.0,58.8,294.0,1585
734574,LICEO CONTADORA,BOGOTÁ D.C.,2024,43,63.0,63.0,59.0,56.0,65.0,9.6,60.6,303.0,1312
734574,LICEO CONTADORA,BOGOTÁ D.C.,2025,46,63.0,64.0,56.0,59.0,65.0,10.2,60.8,304.0,1368
809202,COLEGIO INNOVA NIZA,BOGOTÁ D.C.,2025,19,64.0,61.0,64.0,59.0,73.0,8.6,62.8,314.0,989
019448,COLEGIO NUEVA GRANADA,BOGOTÁ D.C.,2020,40,61.0,65.0,58.0,59.0,85.0,11.8,62.6,313.0,625
019448,COLEGIO NUEVA GRANADA,BOGOTÁ D.C.,2021,72,63.0,68.0,62.0,62.0,85.0,9.4,65.4,327.0,386
019448,COLEGIO NUEVA GRANADA,BOGOTÁ D.C.,2022,69,64.0,68.0,62.0,61.0,84.0,9.2,65.3,326.5,477
019448,COLEGIO NUEVA GRANADA,BOGOTÁ D.C.,2023,58,65.0,68.0,59.0,59.0,86.0,11.2,64.5,322.5,618
019448,COLEGIO NUEVA GRANADA,BOGOTÁ D.C.,2024,87,63.0,67.0,60.0,57.0,88.0,10.8,63.8,319.0,737
019448,COLEGIO NUEVA GRANADA,BOGOTÁ D.C.,2025,85,63.0,70.0,61.0,59.0,87.0,11.0,65.1,325.5,681
019364,COL ANGLO COLOMBIANO,BOGOTÁ D.C.,2020,78,63.0,68.0,61.0,62.0,85.0,10.6,65.2,326.0,380
019364,COL ANGLO COLOMBIANO,BOGOTÁ D.C.,2021,121,67.0,70.0,66.0,64.0,84.0,9.0,68.1,340.5,232
019364,COL ANGLO COLOMBIANO,BOGOTÁ D.C.,2022,129,66.0,69.0,64.0,62.0,83.0,8.2,66.6,333.0,370
019364,COL ANGLO COLOMBIANO,BOGOTÁ D.C.,2023,108,66.0,68.0,62.0,60.0,84.0,8.0,65.5,327.5,511
019364,COL ANGLO COLOMBIANO,BOGOTÁ D.C.,2024,127,65.0,70.0,63.0,62.0,87.0,9.2,66.7,333.5,442
019364,COL ANGLO COLOMBIANO,BOGOTÁ D.C.,2025,1,65.0,62.0,54.0,44.0,73.0,0.0,57.5,287.5,2291
019364,COL ANGLO COLOMBIANO,BOGOTÁ D.C.,2025,124,62.0,67.0,58.0,59.0,85.0,9.2,63.3,316.5,942
079285,GIMNASIO FONTANA,BOGOTÁ D.C.,2020,2,67.0,69.0,73.0,70.0,80.0,5.6,70.5,352.5,92
079285,GIMNASIO FONTANA,BOGOTÁ D.C.,2020,56,65.0,65.0,63.0,62.0,81.0,9.4,65.1,325.5,393
079285,GIMNASIO FONTANA,BOGOTÁ D.C.,2021,58,64.0,66.0,64.0,63.0,80.0,7.2,65.5,327.5,386
079285,GIMNASIO FONTANA,BOGOTÁ D.C.,2022,51,68.0,68.0,65.0,65.0,83.0,7.6,67.8,339.0,280
079285,GIMNASIO FONTANA,BOGOTÁ D.C.,2023,68,66.0,62.0,62.0,61.0,83.0,8.6,64.3,321.5,635
079285,GIMNASIO FONTANA,BOGOTÁ D.C.,2024,59,66.0,66.0,63.0,63.0,83.0,7.6,65.9,329.5,518
079285,GIMNASIO FONTANA,BOGOTÁ D.C.,2025,51,63.0,64.0,60.0,59.0,80.0,8.8,62.9,314.5,989
130641,COLEGIO MODERNO JOHN DEWEY S.A.S.,BOGOTÁ D.C.,2020,7,55.0,48.0,53.0,49.0,70.0,9.8,52.7,263.5,2984
130641,COLEGIO MODERNO JOHN DEWEY S.A.S.,BOGOTÁ D.C.,2021,1,61.0,53.0,60.0,62.0,72.0,0.0,60.0,300.0,1029
130641,COLEGIO MODERNO JOHN DEWEY S.A.S.,BOGOTÁ D.C.,2021,9,58.0,55.0,56.0,55.0,78.0,11.6,57.7,288.5,1474
130641,COLEGIO MODERNO JOHN DEWEY S.A.S.,BOGOTÁ D.C.,2022,9,60.0,58.0,55.0,56.0,76.0,9.2,58.7,293.5,1521
130641,COLEGIO MODERNO JOHN DEWEY S.A.S.,BOGOTÁ D.C.,2024,6,68.0,64.0,62.0,61.0,84.0,11.4,65.3,326.5,576
130641,COLEGIO MODERNO JOHN DEWEY S.A.S.,BOGOTÁ D.C.,2025,13,64.0,62.0,62.0,59.0,76.0,6.6,62.8,314.0,989
178038,COLEGIO ARCA INTERNACIONAL BILINGÜE - SEDE PRINCIPAL,BOGOTÁ D.C.,2020,5,60.0,64.0,61.0,58.0,78.0,8.2,62.1,310.5,689
178038,COLEGIO ARCA INTERNACIONAL BILINGÜE - SEDE PRINCIPAL,BOGOTÁ D.C.,2021,7,64.0,66.0,61.0,62.0,78.0,8.6,64.4,322.0,465
178038,COLEGIO ARCA INTERNACIONAL BILINGÜE - SEDE PRINCIPAL,BOGOTÁ D.C.,2022,11,64.0,68.0,67.0,65.0,80.0,9.0,67.1,335.5,335
178038,COLEGIO ARCA INTERNACIONAL BILINGÜE - SEDE PRINCIPAL,BOGOTÁ D.C.,2023,9,65.0,61.0,61.0,60.0,79.0,6.4,63.1,315.5,782
178038,COLEGIO ARCA INTERNACIONAL BILINGÜE - SEDE PRINCIPAL,BOGOTÁ D.C.,2024,8,65.0,65.0,59.0,62.0,80.0,8.8,64.1,320.5,711
178038,COLEGIO ARCA INTERNACIONAL BILINGÜE - SEDE PRINCIPAL,BOGOTÁ D.C.,2025,5,60.0,62.0,50.0,59.0,78.0,8.4,59.3,296.5,1742
025999,COL  NSTRA SRA DE LA PAZ,BOGOTÁ D.C.,2020,28,56.0,54.0,53.0,50.0,49.0,8.4,52.9,264.5,2872
025999,COL  NSTRA SRA DE LA PAZ,BOGOTÁ D.C.,2021,21,62.0,61.0,58.0,58.0,59.0,9.2,59.7,298.5,1088
025999,COL  NSTRA SRA DE LA PAZ,BOGOTÁ D.C.,2022,25,63.0,64.0,58.0,60.0,63.0,7.0,61.4,307.0,958
025999,COL  NSTRA SRA DE LA PAZ,BOGOTÁ D.C.,2023,21,59.0,61.0,57.0,59.0,56.0,8.2,58.8,294.0,1585
025999,COL  NSTRA SRA DE LA PAZ,BOGOTÁ D.C.,2024,31,62.0,64.0,54.0,59.0,61.0,8.0,59.8,299.0,1476
025999,COL  NSTRA SRA DE LA PAZ,BOGOTÁ D.C.,2025,30,60.0,62.0,56.0,58.0,58.0,8.8,58.9,294.5,1840
098962,GIMN CRISTIANO SHEKINAH,BOGOTÁ D.C.,2020,16,57.0,54.0,53.0,53.0,57.0,10.0,54.5,272.5,2224
098962,GIMN CRISTIANO SHEKINAH,BOGOTÁ D.C.,2021,17,59.0,54.0,53.0,54.0,56.0,7.6,55.1,275.5,2116
098962,GIMN CRISTIANO SHEKINAH,BOGOTÁ D.C.,2022,9,56.0,53.0,52.0,56.0,60.0,7.8,54.7,273.5,2746
098962,GIMN CRISTIANO SHEKINAH,BOGOTÁ D.C.,2023,22,60.0,56.0,55.0,57.0,61.0,9.2,57.3,286.5,1999
098962,GIMN CRISTIANO SHEKINAH,BOGOTÁ D.C.,2024,15,61.0,56.0,55.0,57.0,62.0,9.4,57.6,288.0,2088
098962,GIMN CRISTIANO SHEKINAH,BOGOTÁ D.C.,2025,21,63.0,60.0,59.0,58.0,64.0,8.0,60.3,301.5,1510
079897,GIMN WILLIAM MACKINLEY,BOGOTÁ D.C.,2020,65,61.0,60.0,58.0,57.0,62.0,10.4,59.2,296.0,1072
079897,GIMN WILLIAM MACKINLEY,BOGOTÁ D.C.,2021,73,59.0,60.0,55.0,56.0,65.0,8.8,58.1,290.5,1393
079897,GIMN WILLIAM MACKINLEY,BOGOTÁ D.C.,2022,53,60.0,59.0,55.0,55.0,64.0,11.4,57.8,289.0,1709
079897,GIMN WILLIAM MACKINLEY,BOGOTÁ D.C.,2023,48,62.0,63.0,59.0,58.0,69.0,9.2,61.2,306.0,1081
079897,GIMN WILLIAM MACKINLEY,BOGOTÁ D.C.,2024,47,56.0,55.0,49.0,52.0,62.0,10.6,53.7,268.5,3765
079897,GIMN WILLIAM MACKINLEY,BOGOTÁ D.C.,2025,41,61.0,61.0,57.0,58.0,66.0,11.6,59.8,299.0,1610
124842,LICEO GOLDEN RULE,BOGOTÁ D.C.,2020,26,62.0,59.0,60.0,59.0,60.0,8.8,60.0,300.0,942
124842,LICEO GOLDEN RULE,BOGOTÁ D.C.,2021,26,62.0,59.0,54.0,56.0,63.0,10.4,58.2,291.0,1351
124842,LICEO GOLDEN RULE,BOGOTÁ D.C.,2022,26,62.0,63.0,58.0,59.0,69.0,8.6,61.2,306.0,987
124842,LICEO GOLDEN RULE,BOGOTÁ D.C.,2023,20,61.0,59.0,54.0,55.0,62.0,8.2,57.6,288.0,1882
124842,LICEO GOLDEN RULE,BOGOTÁ D.C.,2024,16,63.0,62.0,60.0,59.0,70.0,8.2,61.7,308.5,1105
124842,LICEO GOLDEN RULE,BOGOTÁ D.C.,2025,26,61.0,60.0,56.0,58.0,65.0,8.8,59.2,296.0,1742
073387,COLEGIO ERNESTO GUHL - SEDE PRINCIPAL,BOGOTÁ D.C.,2020,19,56.0,54.0,51.0,51.0,48.0,10.0,52.6,263.0,2984
073387,COLEGIO ERNESTO GUHL - SEDE PRINCIPAL,BOGOTÁ D.C.,2021,9,55.0,54.0,55.0,52.0,54.0,9.4,54.0,270.0,2440
073387,COLEGIO ERNESTO GUHL - SEDE PRINCIPAL,BOGOTÁ D.C.,2022,12,60.0,57.0,58.0,54.0,57.0,7.4,57.2,286.0,1860
073387,COLEGIO ERNESTO GUHL - SEDE PRINCIPAL,BOGOTÁ D.C.,2023,8,59.0,57.0,54.0,56.0,61.0,10.2,56.8,284.0,2119
073387,COLEGIO ERNESTO GUHL - SEDE PRINCIPAL,BOGOTÁ D.C.,2024,20,63.0,64.0,60.0,61.0,63.0,8.2,62.1,310.5,1037
073387,COLEGIO ERNESTO GUHL - SEDE PRINCIPAL,BOGOTÁ D.C.,2025,15,62.0,59.0,57.0,58.0,58.0,9.0,58.9,294.5,1840
021121,COL ELISA BORRERO DE PASTRANA,BOGOTÁ D.C.,2020,103,60.0,59.0,59.0,57.0,55.0,9.4,58.5,292.5,1211
021121,COL ELISA BORRERO DE PASTRANA,BOGOTÁ D.C.,2021,89,61.0,58.0,56.0,56.0,62.0,8.8,58.1,290.5,1393
021121,COL ELISA BORRERO DE PASTRANA,BOGOTÁ D.C.,2022,95,62.0,60.0,58.0,57.0,63.0,9.2,59.5,297.5,1332
021121,COL ELISA BORRERO DE PASTRANA,BOGOTÁ D.C.,2023,89,63.0,61.0,60.0,59.0,64.0,9.0,61.0,305.0,1117
021121,COL ELISA BORRERO DE PASTRANA,BOGOTÁ D.C.,2024,71,62.0,60.0,57.0,58.0,64.0,9.2,59.6,298.0,1523
021121,COL ELISA BORRERO DE PASTRANA,BOGOTÁ D.C.,2025,76,63.0,62.0,58.0,58.0,66.0,9.0,60.7,303.5,1420
698175,COL PSICOPEDAG EL FUTURO DE VILLA DEL RIO,BOGOTÁ D.C.,2020,27,58.0,60.0,60.0,57.0,61.0,9.4,58.9,294.5,1145
698175,COL PSICOPEDAG EL FUTURO DE VILLA DEL RIO,BOGOTÁ D.C.,2021,39,62.0,63.0,61.0,60.0,68.0,9.0,62.0,310.0,705
698175,COL PSICOPEDAG EL FUTURO DE VILLA DEL RIO,BOGOTÁ D.C.,2022,33,63.0,62.0,61.0,63.0,68.0,7.6,62.7,313.5,765
698175,COL PSICOPEDAG EL FUTURO DE VILLA DEL RIO,BOGOTÁ D.C.,2023,33,63.0,65.0,60.0,61.0,66.0,8.2,62.5,312.5,864
698175,COL PSICOPEDAG EL FUTURO DE VILLA DEL RIO,BOGOTÁ D.C.,2024,39,59.0,63.0,56.0,56.0,64.0,9.2,58.9,294.5,1724
698175,COL PSICOPEDAG EL FUTURO DE VILLA DEL RIO,BOGOTÁ D.C.,2025,39,63.0,63.0,57.0,58.0,67.0,10.4,60.8,304.0,1368
785022,LICEO EMPRESARIAL DEL CAMPO,BOGOTÁ D.C.,2023,17,62.0,61.0,57.0,59.0,62.0,8.8,59.9,299.5,1362
785022,LICEO EMPRESARIAL DEL CAMPO,BOGOTÁ D.C.,2024,18,58.0,57.0,53.0,55.0,59.0,9.0,56.0,280.0,2654
785022,LICEO EMPRESARIAL DEL CAMPO,BOGOTÁ D.C.,2025,17,60.0,60.0,57.0,58.0,62.0,8.6,59.0,295.0,1792
732826,CENTRO EDUCATIVO SAN PABLO CESP - SEDE PRINCIPAL,BOGOTÁ D.C.,2022,16,48.0,45.0,42.0,44.0,43.0,9.8,44.6,223.0,9171
732826,CENTRO EDUCATIVO SAN PABLO CESP - SEDE PRINCIPAL,BOGOTÁ D.C.,2023,40,46.0,45.0,43.0,44.0,47.0,8.6,44.7,223.5,9751
732826,CENTRO EDUCATIVO SAN PABLO CESP - SEDE PRINCIPAL,BOGOTÁ D.C.,2025,1,67.0,67.0,57.0,58.0,65.0,0.0,62.5,312.5,1060
131268,COLEGIO MAYOR DE GALES,BOGOTÁ D.C.,2020,30,57.0,56.0,52.0,50.0,55.0,9.8,53.8,269.0,2437
131268,COLEGIO MAYOR DE GALES,BOGOTÁ D.C.,2021,33,56.0,53.0,49.0,52.0,58.0,9.4,52.9,264.5,2906
131268,COLEGIO MAYOR DE GALES,BOGOTÁ D.C.,2022,26,57.0,53.0,51.0,52.0,60.0,10.6,53.8,269.0,3089
131268,COLEGIO MAYOR DE GALES,BOGOTÁ D.C.,2023,36,60.0,59.0,55.0,54.0,61.0,10.4,57.3,286.5,1999
131268,COLEGIO MAYOR DE GALES,BOGOTÁ D.C.,2024,31,58.0,58.0,54.0,55.0,60.0,9.4,56.5,282.5,2513
131268,COLEGIO MAYOR DE GALES,BOGOTÁ D.C.,2025,45,59.0,61.0,56.0,58.0,64.0,10.2,58.9,294.5,1840
085712,COLEGIO VIRTUAL SIGLO XXI,BOGOTÁ D.C.,2020,106,61.0,60.0,60.0,56.0,63.0,10.6,59.5,297.5,1031
085712,COLEGIO VIRTUAL SIGLO XXI,BOGOTÁ D.C.,2021,89,63.0,57.0,57.0,56.0,67.0,10.0,58.9,294.5,1222
085712,COLEGIO VIRTUAL SIGLO XXI,BOGOTÁ D.C.,2022,111,62.0,58.0,59.0,57.0,67.0,9.2,59.6,298.0,1276
085712,COLEGIO VIRTUAL SIGLO XXI,BOGOTÁ D.C.,2023,157,62.0,60.0,59.0,58.0,68.0,10.2,60.4,302.0,1230
085712,COLEGIO VIRTUAL SIGLO XXI,BOGOTÁ D.C.,2024,142,63.0,60.0,58.0,57.0,68.0,10.2,60.2,301.0,1391
085712,COLEGIO VIRTUAL SIGLO XXI,BOGOTÁ D.C.,2025,138,63.0,60.0,57.0,58.0,67.0,10.2,60.1,300.5,1562
143917,COL SANTO TORIBIO DE MONGROVEJO,BOGOTÁ D.C.,2020,27,58.0,57.0,55.0,53.0,53.0,9.0,55.5,277.5,1909
143917,COL SANTO TORIBIO DE MONGROVEJO,BOGOTÁ D.C.,2021,21,60.0,57.0,53.0,53.0,61.0,9.2,56.2,281.0,1818
143917,COL SANTO TORIBIO DE MONGROVEJO,BOGOTÁ D.C.,2022,25,61.0,56.0,56.0,54.0,59.0,9.4,56.9,284.5,1986
143917,COL SANTO TORIBIO DE MONGROVEJO,BOGOTÁ D.C.,2023,19,55.0,51.0,51.0,52.0,57.0,11.0,52.6,263.0,4004
143917,COL SANTO TORIBIO DE MONGROVEJO,BOGOTÁ D.C.,2024,24,57.0,55.0,55.0,56.0,58.0,9.2,55.9,279.5,2732
143917,COL SANTO TORIBIO DE MONGROVEJO,BOGOTÁ D.C.,2025,24,62.0,60.0,55.0,58.0,62.0,9.2,59.0,295.0,1792
131722,LIC DE CIENCIA Y CULTURA HARVARD,BOGOTÁ D.C.,2020,45,58.0,51.0,56.0,53.0,57.0,8.6,54.7,273.5,2144
131722,LIC DE CIENCIA Y CULTURA HARVARD,BOGOTÁ D.C.,2021,46,60.0,58.0,55.0,56.0,67.0,8.2,58.0,290.0,1393
131722,LIC DE CIENCIA Y CULTURA HARVARD,BOGOTÁ D.C.,2022,63,58.0,55.0,53.0,55.0,63.0,8.6,55.8,279.0,2287
131722,LIC DE CIENCIA Y CULTURA HARVARD,BOGOTÁ D.C.,2023,50,59.0,55.0,55.0,56.0,63.0,8.8,56.8,284.0,2119
131722,LIC DE CIENCIA Y CULTURA HARVARD,BOGOTÁ D.C.,2024,65,61.0,58.0,57.0,59.0,65.0,9.0,59.2,296.0,1635
131722,LIC DE CIENCIA Y CULTURA HARVARD,BOGOTÁ D.C.,2025,56,61.0,58.0,56.0,58.0,64.0,8.6,58.7,293.5,1898
019679,COLEGIO CENTRO LESTONNAC COMPAÑIA DE MARIA,BOGOTÁ D.C.,2020,70,60.0,59.0,58.0,57.0,59.0,10.6,58.5,292.5,1211
019679,COLEGIO CENTRO LESTONNAC COMPAÑIA DE MARIA,BOGOTÁ D.C.,2021,45,62.0,61.0,59.0,57.0,66.0,8.2,60.2,301.0,995
019679,COLEGIO CENTRO LESTONNAC COMPAÑIA DE MARIA,BOGOTÁ D.C.,2022,49,62.0,61.0,58.0,58.0,64.0,9.0,60.1,300.5,1200
019679,COLEGIO CENTRO LESTONNAC COMPAÑIA DE MARIA,BOGOTÁ D.C.,2023,46,61.0,59.0,58.0,59.0,65.0,8.8,59.7,298.5,1409
019679,COLEGIO CENTRO LESTONNAC COMPAÑIA DE MARIA,BOGOTÁ D.C.,2024,20,63.0,60.0,58.0,58.0,66.0,10.0,60.2,301.0,1391
019679,COLEGIO CENTRO LESTONNAC COMPAÑIA DE MARIA,BOGOTÁ D.C.,2025,25,63.0,60.0,57.0,58.0,65.0,8.8,59.9,299.5,1610
151852,GIMNASIO KAIPORE CENTRO DE DESARROLLO TEMPRANO,BOGOTÁ D.C.,2020,9,60.0,58.0,56.0,51.0,55.0,11.8,56.2,281.0,1688
151852,GIMNASIO KAIPORE CENTRO DE DESARROLLO TEMPRANO,BOGOTÁ D.C.,2021,5,54.0,53.0,50.0,52.0,61.0,10.2,52.9,264.5,2906
151852,GIMNASIO KAIPORE CENTRO DE DESARROLLO TEMPRANO,BOGOTÁ D.C.,2022,13,61.0,55.0,54.0,53.0,68.0,9.8,56.7,283.5,2037
151852,GIMNASIO KAIPORE CENTRO DE DESARROLLO TEMPRANO,BOGOTÁ D.C.,2023,10,64.0,64.0,61.0,59.0,69.0,8.4,62.5,312.5,864
151852,GIMNASIO KAIPORE CENTRO DE DESARROLLO TEMPRANO,BOGOTÁ D.C.,2024,16,58.0,53.0,55.0,55.0,70.0,10.2,56.4,282.0,2513
151852,GIMNASIO KAIPORE CENTRO DE DESARROLLO TEMPRANO,BOGOTÁ D.C.,2025,11,61.0,56.0,60.0,58.0,69.0,8.6,59.5,297.5,1699
026294,COL NSTRA SRA DE FATIMA POLINAL,BOGOTÁ D.C.,2020,85,59.0,60.0,58.0,57.0,55.0,8.2,58.2,291.0,1247
026294,COL NSTRA SRA DE FATIMA POLINAL,BOGOTÁ D.C.,2021,101,61.0,58.0,59.0,56.0,61.0,8.8,58.7,293.5,1257
026294,COL NSTRA SRA DE FATIMA POLINAL,BOGOTÁ D.C.,2022,113,60.0,57.0,56.0,56.0,61.0,9.2,57.5,287.5,1816
026294,COL NSTRA SRA DE FATIMA POLINAL,BOGOTÁ D.C.,2023,108,61.0,60.0,57.0,59.0,65.0,8.4,59.7,298.5,1409
026294,COL NSTRA SRA DE FATIMA POLINAL,BOGOTÁ D.C.,2024,97,61.0,59.0,55.0,57.0,61.0,8.4,58.2,291.0,1887
026294,COL NSTRA SRA DE FATIMA POLINAL,BOGOTÁ D.C.,2025,91,61.0,61.0,54.0,58.0,62.0,9.2,58.8,294.0,1840
166348,GIMNASIO MONTREAL - SEDE PRINCIPAL,BOGOTÁ D.C.,2020,47,57.0,55.0,55.0,52.0,54.0,9.6,54.7,273.5,2144
166348,GIMNASIO MONTREAL - SEDE PRINCIPAL,BOGOTÁ D.C.,2021,56,58.0,57.0,54.0,56.0,62.0,10.0,56.7,283.5,1705
166348,GIMNASIO MONTREAL - SEDE PRINCIPAL,BOGOTÁ D.C.,2022,61,59.0,58.0,55.0,55.0,63.0,10.6,57.2,286.0,1860
166348,GIMNASIO MONTREAL - SEDE PRINCIPAL,BOGOTÁ D.C.,2023,38,61.0,61.0,59.0,59.0,64.0,8.4,60.3,301.5,1274
166348,GIMNASIO MONTREAL - SEDE PRINCIPAL,BOGOTÁ D.C.,2024,31,59.0,59.0,56.0,57.0,61.0,10.8,58.0,290.0,1955
166348,GIMNASIO MONTREAL - SEDE PRINCIPAL,BOGOTÁ D.C.,2025,40,60.0,60.0,56.0,58.0,64.0,10.4,58.9,294.5,1840
126573,LICEO LORD SINCLER LOS CAMINOS DEL SABER,BOGOTÁ D.C.,2020,12,58.0,61.0,57.0,58.0,54.0,7.4,58.2,291.0,1247
126573,LICEO LORD SINCLER LOS CAMINOS DEL SABER,BOGOTÁ D.C.,2021,9,63.0,60.0,58.0,54.0,62.0,8.8,59.0,295.0,1180
126573,LICEO LORD SINCLER LOS CAMINOS DEL SABER,BOGOTÁ D.C.,2022,13,60.0,60.0,57.0,57.0,61.0,13.2,58.7,293.5,1521
126573,LICEO LORD SINCLER LOS CAMINOS DEL SABER,BOGOTÁ D.C.,2023,6,59.0,59.0,56.0,57.0,62.0,7.8,58.1,290.5,1788
126573,LICEO LORD SINCLER LOS CAMINOS DEL SABER,BOGOTÁ D.C.,2024,18,62.0,56.0,54.0,54.0,60.0,10.2,56.8,284.0,2367
126573,LICEO LORD SINCLER LOS CAMINOS DEL SABER,BOGOTÁ D.C.,2025,17,60.0,60.0,59.0,58.0,63.0,8.6,59.5,297.5,1699
020602,COL DE NSTRA SRA DE LA PRESENTACION CENTRO,BOGOTÁ D.C.,2020,135,60.0,60.0,59.0,57.0,60.0,9.8,59.1,295.5,1114
020602,COL DE NSTRA SRA DE LA PRESENTACION CENTRO,BOGOTÁ D.C.,2021,102,63.0,62.0,58.0,58.0,65.0,8.8,60.6,303.0,901
020602,COL DE NSTRA SRA DE LA PRESENTACION CENTRO,BOGOTÁ D.C.,2022,113,64.0,62.0,60.0,58.0,66.0,9.6,61.4,307.0,958
020602,COL DE NSTRA SRA DE LA PRESENTACION CENTRO,BOGOTÁ D.C.,2023,114,62.0,61.0,59.0,58.0,65.0,9.8,60.4,302.0,1230
020602,COL DE NSTRA SRA DE LA PRESENTACION CENTRO,BOGOTÁ D.C.,2024,106,65.0,61.0,60.0,59.0,66.0,9.0,61.6,308.0,1105
020602,COL DE NSTRA SRA DE LA PRESENTACION CENTRO,BOGOTÁ D.C.,2025,86,62.0,60.0,57.0,58.0,67.0,10.0,59.8,299.0,1610
023655,COLEGIO INSTITUTO TECNICO INDUSTRIAL FRANCISCO JOSE DE CALDAS (IED) - SEDE PRINCIPAL,BOGOTÁ D.C.,2021,262,58.0,57.0,52.0,55.0,58.0,9.6,55.7,278.5,1959
023655,COLEGIO INSTITUTO TECNICO INDUSTRIAL FRANCISCO JOSE DE CALDAS (IED) - SEDE PRINCIPAL,BOGOTÁ D.C.,2023,263,57.0,58.0,54.0,56.0,58.0,9.8,56.4,282.0,2275
023655,COLEGIO INSTITUTO TECNICO INDUSTRIAL FRANCISCO JOSE DE CALDAS (IED) - SEDE PRINCIPAL,BOGOTÁ D.C.,2024,1,50.0,64.0,45.0,57.0,60.0,0.0,54.5,272.5,3348
023655,COLEGIO INSTITUTO TECNICO INDUSTRIAL FRANCISCO JOSE DE CALDAS (IED) - SEDE PRINCIPAL,BOGOTÁ D.C.,2025,253,59.0,61.0,54.0,58.0,61.0,9.2,58.2,291.0,2029
733634,COLEGIO RENFORT - SEDE PRINCIPAL,BOGOTÁ D.C.,2021,11,65.0,63.0,60.0,58.0,72.0,9.6,62.3,311.5,681
733634,COLEGIO RENFORT - SEDE PRINCIPAL,BOGOTÁ D.C.,2022,13,61.0,58.0,56.0,55.0,71.0,9.2,58.5,292.5,1570
733634,COLEGIO RENFORT - SEDE PRINCIPAL,BOGOTÁ D.C.,2023,15,61.0,56.0,56.0,52.0,71.0,10.8,57.4,287.0,1937
733634,COLEGIO RENFORT - SEDE PRINCIPAL,BOGOTÁ D.C.,2024,28,63.0,59.0,59.0,57.0,76.0,10.4,60.8,304.0,1268
733634,COLEGIO RENFORT - SEDE PRINCIPAL,BOGOTÁ D.C.,2025,27,62.0,62.0,59.0,58.0,76.0,9.0,61.5,307.5,1238
736843,INST CLARA FEY,BOGOTÁ D.C.,2020,51,56.0,56.0,54.0,53.0,50.0,7.8,54.4,272.0,2224
736843,INST CLARA FEY,BOGOTÁ D.C.,2021,28,60.0,60.0,56.0,58.0,60.0,8.6,58.6,293.0,1257
736843,INST CLARA FEY,BOGOTÁ D.C.,2022,35,62.0,60.0,56.0,56.0,58.0,7.0,58.5,292.5,1570
736843,INST CLARA FEY,BOGOTÁ D.C.,2023,40,60.0,58.0,55.0,57.0,60.0,8.2,57.7,288.5,1882
736843,INST CLARA FEY,BOGOTÁ D.C.,2024,42,60.0,60.0,55.0,58.0,63.0,7.8,58.6,293.0,1768
736843,INST CLARA FEY,BOGOTÁ D.C.,2025,41,62.0,60.0,54.0,58.0,63.0,9.2,58.8,294.0,1840
021212,COLEGIO SAN PIO X,BOGOTÁ D.C.,2020,20,60.0,58.0,58.0,59.0,55.0,7.4,58.5,292.5,1211
021212,COLEGIO SAN PIO X,BOGOTÁ D.C.,2021,21,61.0,59.0,56.0,57.0,65.0,9.4,58.8,294.0,1222
021212,COLEGIO SAN PIO X,BOGOTÁ D.C.,2022,30,57.0,60.0,55.0,56.0,63.0,7.2,57.5,287.5,1816
021212,COLEGIO SAN PIO X,BOGOTÁ D.C.,2023,37,61.0,60.0,58.0,58.0,66.0,8.4,59.8,299.0,1362
021212,COLEGIO SAN PIO X,BOGOTÁ D.C.,2024,24,59.0,60.0,58.0,56.0,64.0,8.4,58.7,293.5,1768
021212,COLEGIO SAN PIO X,BOGOTÁ D.C.,2025,15,58.0,60.0,57.0,58.0,64.0,11.8,58.7,293.5,1898
098913,COLEGIO SANTA MARIA DE LA PAZ,BOGOTÁ D.C.,2020,21,57.0,55.0,53.0,51.0,51.0,11.2,53.8,269.0,2437
098913,COLEGIO SANTA MARIA DE LA PAZ,BOGOTÁ D.C.,2021,18,53.0,51.0,47.0,48.0,55.0,10.4,50.2,251.0,4303
098913,COLEGIO SANTA MARIA DE LA PAZ,BOGOTÁ D.C.,2022,11,57.0,54.0,51.0,50.0,58.0,9.0,53.4,267.0,3280
098913,COLEGIO SANTA MARIA DE LA PAZ,BOGOTÁ D.C.,2023,20,58.0,59.0,55.0,55.0,58.0,10.0,56.8,284.0,2119
098913,COLEGIO SANTA MARIA DE LA PAZ,BOGOTÁ D.C.,2024,14,54.0,50.0,47.0,50.0,56.0,8.0,50.7,253.5,5743
098913,COLEGIO SANTA MARIA DE LA PAZ,BOGOTÁ D.C.,2025,13,61.0,53.0,53.0,58.0,57.0,11.0,56.3,281.5,2713
046730,EXTERN PORFIRIO BARBA JACOB,BOGOTÁ D.C.,2020,71,56.0,58.0,53.0,55.0,52.0,9.6,55.2,276.0,1964
046730,EXTERN PORFIRIO BARBA JACOB,BOGOTÁ D.C.,2021,70,58.0,59.0,51.0,53.0,58.0,9.0,55.5,277.5,2000
046730,EXTERN PORFIRIO BARBA JACOB,BOGOTÁ D.C.,2022,96,59.0,60.0,55.0,57.0,59.0,9.2,57.8,289.0,1709
046730,EXTERN PORFIRIO BARBA JACOB,BOGOTÁ D.C.,2023,86,60.0,59.0,55.0,58.0,62.0,9.6,58.3,291.5,1739
046730,EXTERN PORFIRIO BARBA JACOB,BOGOTÁ D.C.,2024,83,61.0,59.0,57.0,58.0,61.0,8.8,58.9,294.5,1724
046730,EXTERN PORFIRIO BARBA JACOB,BOGOTÁ D.C.,2025,86,61.0,61.0,56.0,58.0,61.0,9.0,59.2,296.0,1742
022442,GIMN ANTONIO NARIÑO,BOGOTÁ D.C.,2020,19,63.0,60.0,61.0,58.0,59.0,8.2,60.4,302.0,898
022442,GIMN ANTONIO NARIÑO,BOGOTÁ D.C.,2021,12,64.0,65.0,66.0,63.0,73.0,7.0,65.2,326.0,408
022442,GIMN ANTONIO NARIÑO,BOGOTÁ D.C.,2022,13,68.0,67.0,65.0,65.0,71.0,9.4,66.6,333.0,370
022442,GIMN ANTONIO NARIÑO,BOGOTÁ D.C.,2023,11,62.0,66.0,58.0,61.0,67.0,9.2,62.2,311.0,896
022442,GIMN ANTONIO NARIÑO,BOGOTÁ D.C.,2024,23,65.0,67.0,65.0,63.0,69.0,10.6,65.3,326.5,576
022442,GIMN ANTONIO NARIÑO,BOGOTÁ D.C.,2025,17,60.0,58.0,55.0,58.0,65.0,10.0,58.3,291.5,2029
601195,GIMNASIO MODERNO EL BOSQUE,BOGOTÁ D.C.,2025,23,63.0,61.0,58.0,58.0,63.0,9.8,60.2,301.0,1510
059428,COLEGIO INTEGRACION MODERNA,BOGOTÁ D.C.,2020,83,62.0,60.0,60.0,58.0,61.0,10.0,60.1,300.5,942
059428,COLEGIO INTEGRACION MODERNA,BOGOTÁ D.C.,2021,90,63.0,59.0,58.0,57.0,64.0,10.2,59.6,298.0,1088
059428,COLEGIO INTEGRACION MODERNA,BOGOTÁ D.C.,2022,55,62.0,60.0,58.0,58.0,64.0,10.8,59.8,299.0,1233
059428,COLEGIO INTEGRACION MODERNA,BOGOTÁ D.C.,2023,54,60.0,57.0,58.0,58.0,67.0,9.4,58.9,294.5,1585
059428,COLEGIO INTEGRACION MODERNA,BOGOTÁ D.C.,2024,65,62.0,60.0,57.0,59.0,67.0,11.0,60.1,300.5,1428
059428,COLEGIO INTEGRACION MODERNA,BOGOTÁ D.C.,2025,70,61.0,60.0,56.0,58.0,65.0,9.4,59.2,296.0,1742
080010,COL KAPEIROT,BOGOTÁ D.C.,2020,45,62.0,62.0,58.0,59.0,59.0,8.4,60.2,301.0,918
080010,COL KAPEIROT,BOGOTÁ D.C.,2021,43,62.0,62.0,57.0,59.0,64.0,10.6,60.3,301.5,995
080010,COL KAPEIROT,BOGOTÁ D.C.,2022,31,63.0,63.0,59.0,59.0,67.0,9.2,61.5,307.5,958
080010,COL KAPEIROT,BOGOTÁ D.C.,2023,16,62.0,62.0,57.0,60.0,66.0,9.6,60.7,303.5,1195
080010,COL KAPEIROT,BOGOTÁ D.C.,2024,23,60.0,59.0,58.0,57.0,67.0,9.6,59.2,296.0,1635
080010,COL KAPEIROT,BOGOTÁ D.C.,2025,11,61.0,65.0,59.0,58.0,69.0,10.2,61.4,307.0,1238
021469,COL JOSE JOAQUIN CASTRO MARTINEZ,BOGOTÁ D.C.,2020,36,61.0,62.0,58.0,59.0,62.0,9.0,60.2,301.0,918
021469,COL JOSE JOAQUIN CASTRO MARTINEZ,BOGOTÁ D.C.,2021,32,63.0,60.0,61.0,59.0,68.0,8.2,61.3,306.5,813
021469,COL JOSE JOAQUIN CASTRO MARTINEZ,BOGOTÁ D.C.,2022,27,64.0,61.0,62.0,60.0,72.0,7.8,62.5,312.5,784
021469,COL JOSE JOAQUIN CASTRO MARTINEZ,BOGOTÁ D.C.,2023,39,60.0,59.0,59.0,58.0,68.0,9.2,59.7,298.5,1409
021469,COL JOSE JOAQUIN CASTRO MARTINEZ,BOGOTÁ D.C.,2024,33,61.0,59.0,58.0,59.0,69.0,7.6,60.0,300.0,1428
021469,COL JOSE JOAQUIN CASTRO MARTINEZ,BOGOTÁ D.C.,2025,35,63.0,61.0,58.0,58.0,69.0,10.2,60.7,303.5,1420
066670,INST EL INGENIOSO HIDALGO,BOGOTÁ D.C.,2020,49,58.0,59.0,55.0,53.0,50.0,9.2,55.8,279.0,1795
066670,INST EL INGENIOSO HIDALGO,BOGOTÁ D.C.,2021,43,59.0,55.0,53.0,54.0,57.0,9.4,55.4,277.0,2000
066670,INST EL INGENIOSO HIDALGO,BOGOTÁ D.C.,2022,39,62.0,59.0,58.0,55.0,56.0,9.8,58.3,291.5,1615
066670,INST EL INGENIOSO HIDALGO,BOGOTÁ D.C.,2023,24,61.0,61.0,58.0,57.0,59.0,9.6,59.2,296.0,1492
066670,INST EL INGENIOSO HIDALGO,BOGOTÁ D.C.,2024,42,59.0,61.0,56.0,56.0,58.0,10.0,58.0,290.0,1955
066670,INST EL INGENIOSO HIDALGO,BOGOTÁ D.C.,2025,29,63.0,62.0,58.0,58.0,60.0,9.2,60.2,301.0,1510
179655,COLEGIO FUNDACIÓN NUEVA GRANADA - SEDE PRINCIPAL,BOGOTÁ D.C.,2020,29,54.0,57.0,51.0,51.0,53.0,9.2,53.2,266.0,2679
179655,COLEGIO FUNDACIÓN NUEVA GRANADA - SEDE PRINCIPAL,BOGOTÁ D.C.,2021,24,54.0,49.0,48.0,53.0,58.0,12.0,51.5,257.5,3586
179655,COLEGIO FUNDACIÓN NUEVA GRANADA - SEDE PRINCIPAL,BOGOTÁ D.C.,2022,22,56.0,56.0,53.0,52.0,56.0,8.6,54.4,272.0,2824
179655,COLEGIO FUNDACIÓN NUEVA GRANADA - SEDE PRINCIPAL,BOGOTÁ D.C.,2023,21,55.0,57.0,54.0,53.0,55.0,8.6,54.8,274.0,2835
179655,COLEGIO FUNDACIÓN NUEVA GRANADA - SEDE PRINCIPAL,BOGOTÁ D.C.,2024,28,56.0,55.0,52.0,53.0,58.0,9.4,54.3,271.5,3449
179655,COLEGIO FUNDACIÓN NUEVA GRANADA - SEDE PRINCIPAL,BOGOTÁ D.C.,2025,29,61.0,58.0,56.0,58.0,63.0,8.6,58.6,293.0,1898
602532,GIMN CRISTIANO LUZ Y VIDA,BOGOTÁ D.C.,2020,13,56.0,54.0,53.0,57.0,50.0,6.8,54.6,273.0,2144
602532,GIMN CRISTIANO LUZ Y VIDA,BOGOTÁ D.C.,2021,19,62.0,59.0,58.0,56.0,61.0,9.8,58.9,294.5,1222
602532,GIMN CRISTIANO LUZ Y VIDA,BOGOTÁ D.C.,2022,27,60.0,59.0,55.0,56.0,56.0,8.2,57.4,287.0,1816
602532,GIMN CRISTIANO LUZ Y VIDA,BOGOTÁ D.C.,2023,17,59.0,58.0,57.0,58.0,60.0,10.2,58.2,291.0,1739
602532,GIMN CRISTIANO LUZ Y VIDA,BOGOTÁ D.C.,2024,27,61.0,60.0,58.0,57.0,59.0,9.6,59.0,295.0,1682
602532,GIMN CRISTIANO LUZ Y VIDA,BOGOTÁ D.C.,2025,31,63.0,61.0,57.0,58.0,62.0,8.8,59.9,299.5,1610
075218,COLEGIO MONTFERRI,BOGOTÁ D.C.,2020,43,58.0,56.0,54.0,54.0,55.0,8.6,55.5,277.5,1909
075218,COLEGIO MONTFERRI,BOGOTÁ D.C.,2021,52,58.0,55.0,53.0,53.0,61.0,8.8,55.2,276.0,2063
075218,COLEGIO MONTFERRI,BOGOTÁ D.C.,2022,54,59.0,55.0,53.0,55.0,61.0,9.4,55.9,279.5,2287
075218,COLEGIO MONTFERRI,BOGOTÁ D.C.,2023,59,59.0,56.0,53.0,54.0,63.0,10.8,56.1,280.5,2407
075218,COLEGIO MONTFERRI,BOGOTÁ D.C.,2024,51,62.0,58.0,55.0,58.0,65.0,9.6,58.8,294.0,1724
075218,COLEGIO MONTFERRI,BOGOTÁ D.C.,2025,60,62.0,59.0,56.0,58.0,63.0,10.2,59.1,295.5,1792
098368,COL EL DUQUE DE RIVAS,BOGOTÁ D.C.,2020,32,58.0,57.0,55.0,54.0,53.0,8.8,55.8,279.0,1795
098368,COL EL DUQUE DE RIVAS,BOGOTÁ D.C.,2021,24,63.0,65.0,61.0,62.0,64.0,10.0,62.8,314.0,612
098368,COL EL DUQUE DE RIVAS,BOGOTÁ D.C.,2022,33,60.0,60.0,54.0,55.0,57.0,9.6,57.2,286.0,1860
098368,COL EL DUQUE DE RIVAS,BOGOTÁ D.C.,2023,31,60.0,62.0,58.0,59.0,60.0,9.8,59.8,299.0,1362
098368,COL EL DUQUE DE RIVAS,BOGOTÁ D.C.,2024,24,60.0,60.0,54.0,56.0,56.0,9.4,57.4,287.0,2139
098368,COL EL DUQUE DE RIVAS,BOGOTÁ D.C.,2025,26,57.0,60.0,51.0,58.0,61.0,8.0,56.8,284.0,2491
065623,COL BILING REINO UNIDO,BOGOTÁ D.C.,2020,44,59.0,58.0,57.0,54.0,57.0,9.2,57.0,285.0,1504
065623,COL BILING REINO UNIDO,BOGOTÁ D.C.,2021,43,60.0,59.0,56.0,56.0,66.0,8.6,58.4,292.0,1310
065623,COL BILING REINO UNIDO,BOGOTÁ D.C.,2022,37,63.0,61.0,59.0,59.0,68.0,8.8,61.1,305.5,1016
065623,COL BILING REINO UNIDO,BOGOTÁ D.C.,2023,55,57.0,54.0,54.0,55.0,63.0,10.0,55.6,278.0,2553
065623,COL BILING REINO UNIDO,BOGOTÁ D.C.,2024,51,60.0,55.0,57.0,55.0,66.0,11.0,57.5,287.5,2139
065623,COL BILING REINO UNIDO,BOGOTÁ D.C.,2025,43,62.0,58.0,59.0,58.0,70.0,9.4,60.1,300.5,1562
738625,COL DIST LUIS VARGAS TEJADA,BOGOTÁ D.C.,2020,58,55.0,55.0,51.0,49.0,49.0,9.0,52.2,261.0,3178
738625,COL DIST LUIS VARGAS TEJADA,BOGOTÁ D.C.,2021,52,56.0,53.0,52.0,50.0,54.0,9.0,52.8,264.0,2906
738625,COL DIST LUIS VARGAS TEJADA,BOGOTÁ D.C.,2022,61,58.0,54.0,52.0,52.0,56.0,9.0,54.2,271.0,2904
738625,COL DIST LUIS VARGAS TEJADA,BOGOTÁ D.C.,2023,57,57.0,53.0,52.0,52.0,56.0,9.8,53.7,268.5,3422
738625,COL DIST LUIS VARGAS TEJADA,BOGOTÁ D.C.,2024,46,58.0,57.0,54.0,55.0,62.0,9.8,56.5,282.5,2513
738625,COL DIST LUIS VARGAS TEJADA,BOGOTÁ D.C.,2025,55,61.0,60.0,56.0,58.0,63.0,9.0,59.1,295.5,1792
075259,CENT EDUC DIST MIGUEL ANTONIO CARO,BOGOTÁ D.C.,2020,51,56.0,53.0,53.0,52.0,48.0,9.2,53.1,265.5,2787
075259,CENT EDUC DIST MIGUEL ANTONIO CARO,BOGOTÁ D.C.,2021,42,55.0,52.0,49.0,50.0,51.0,8.8,51.5,257.5,3586
075259,CENT EDUC DIST MIGUEL ANTONIO CARO,BOGOTÁ D.C.,2022,35,54.0,53.0,47.0,50.0,50.0,9.0,50.9,254.5,4769
075259,CENT EDUC DIST MIGUEL ANTONIO CARO,BOGOTÁ D.C.,2023,46,56.0,55.0,52.0,53.0,56.0,10.6,54.2,271.0,3101
075259,CENT EDUC DIST MIGUEL ANTONIO CARO,BOGOTÁ D.C.,2024,52,58.0,57.0,53.0,54.0,59.0,9.4,55.8,279.0,2732
075259,CENT EDUC DIST MIGUEL ANTONIO CARO,BOGOTÁ D.C.,2025,38,63.0,60.0,57.0,58.0,63.0,9.6,59.8,299.0,1610
025445,GIMNASIO LOS ALERCES,BOGOTÁ D.C.,2020,36,58.0,60.0,56.0,55.0,57.0,9.2,57.2,286.0,1471
025445,GIMNASIO LOS ALERCES,BOGOTÁ D.C.,2021,43,59.0,60.0,55.0,56.0,64.0,9.0,58.0,290.0,1393
025445,GIMNASIO LOS ALERCES,BOGOTÁ D.C.,2022,38,60.0,60.0,55.0,56.0,65.0,9.8,58.3,291.5,1615
025445,GIMNASIO LOS ALERCES,BOGOTÁ D.C.,2023,29,61.0,60.0,55.0,57.0,62.0,10.2,58.5,292.5,1681
025445,GIMNASIO LOS ALERCES,BOGOTÁ D.C.,2024,35,62.0,60.0,59.0,60.0,65.0,9.2,60.6,303.0,1312
025445,GIMNASIO LOS ALERCES,BOGOTÁ D.C.,2025,33,62.0,61.0,56.0,58.0,67.0,10.2,59.8,299.0,1610
085670,COLEGIO MAYOR DEL CLARET,BOGOTÁ D.C.,2020,24,57.0,61.0,56.0,55.0,58.0,8.4,57.3,286.5,1471
085670,COLEGIO MAYOR DEL CLARET,BOGOTÁ D.C.,2021,20,57.0,59.0,53.0,54.0,61.0,9.0,56.2,281.0,1818
085670,COLEGIO MAYOR DEL CLARET,BOGOTÁ D.C.,2022,31,60.0,61.0,56.0,57.0,61.0,8.4,58.7,293.5,1521
085670,COLEGIO MAYOR DEL CLARET,BOGOTÁ D.C.,2023,20,62.0,65.0,59.0,59.0,63.0,7.6,61.4,307.0,1049
085670,COLEGIO MAYOR DEL CLARET,BOGOTÁ D.C.,2024,22,61.0,62.0,56.0,57.0,64.0,8.2,59.4,297.0,1585
085670,COLEGIO MAYOR DEL CLARET,BOGOTÁ D.C.,2025,21,59.0,67.0,57.0,58.0,66.0,9.8,60.7,303.5,1420
128611,GIMNASIO SAN ANGELO,BOGOTÁ D.C.,2020,100,61.0,64.0,61.0,59.0,67.0,9.6,61.7,308.5,731
128611,GIMNASIO SAN ANGELO,BOGOTÁ D.C.,2021,93,62.0,63.0,59.0,59.0,71.0,8.0,61.5,307.5,778
128611,GIMNASIO SAN ANGELO,BOGOTÁ D.C.,2022,105,63.0,63.0,59.0,59.0,72.0,8.6,61.8,309.0,902
128611,GIMNASIO SAN ANGELO,BOGOTÁ D.C.,2023,85,62.0,61.0,59.0,59.0,72.0,8.8,61.2,306.0,1081
128611,GIMNASIO SAN ANGELO,BOGOTÁ D.C.,2024,90,63.0,65.0,60.0,62.0,76.0,9.4,63.5,317.5,795
128611,GIMNASIO SAN ANGELO,BOGOTÁ D.C.,2025,106,61.0,60.0,57.0,58.0,71.0,10.0,59.9,299.5,1610
025494,INST PEDAG NACIONAL,BOGOTÁ D.C.,2020,108,62.0,61.0,62.0,57.0,58.0,8.6,60.3,301.5,918
025494,INST PEDAG NACIONAL,BOGOTÁ D.C.,2021,124,63.0,62.0,60.0,59.0,67.0,9.8,61.5,307.5,778
025494,INST PEDAG NACIONAL,BOGOTÁ D.C.,2022,111,64.0,62.0,61.0,59.0,67.0,9.0,61.9,309.5,902
025494,INST PEDAG NACIONAL,BOGOTÁ D.C.,2023,112,64.0,62.0,61.0,60.0,70.0,8.4,62.4,312.0,864
025494,INST PEDAG NACIONAL,BOGOTÁ D.C.,2024,97,62.0,63.0,58.0,59.0,66.0,8.6,60.9,304.5,1268
025494,INST PEDAG NACIONAL,BOGOTÁ D.C.,2025,116,62.0,61.0,58.0,58.0,67.0,9.4,60.3,301.5,1510
029769,COL DIST ANIBAL FERNANDEZ DE SOTO,BOGOTÁ D.C.,2020,60,57.0,54.0,55.0,52.0,52.0,9.4,54.3,271.5,2294
029769,COL DIST ANIBAL FERNANDEZ DE SOTO,BOGOTÁ D.C.,2021,71,57.0,55.0,53.0,52.0,58.0,10.8,54.5,272.5,2303
029769,COL DIST ANIBAL FERNANDEZ DE SOTO,BOGOTÁ D.C.,2022,54,61.0,59.0,58.0,57.0,64.0,9.2,59.2,296.0,1371
029769,COL DIST ANIBAL FERNANDEZ DE SOTO,BOGOTÁ D.C.,2023,56,59.0,56.0,55.0,55.0,62.0,9.8,56.7,283.5,2191
029769,COL DIST ANIBAL FERNANDEZ DE SOTO,BOGOTÁ D.C.,2024,51,58.0,56.0,55.0,55.0,63.0,9.6,56.5,282.5,2513
029769,COL DIST ANIBAL FERNANDEZ DE SOTO,BOGOTÁ D.C.,2025,52,62.0,59.0,57.0,58.0,65.0,10.4,59.5,297.5,1699
600668,LICEO NUEVO CHILE,BOGOTÁ D.C.,2024,7,55.0,51.0,48.0,50.0,56.0,7.2,51.4,257.0,5205
600668,LICEO NUEVO CHILE,BOGOTÁ D.C.,2025,8,66.0,65.0,59.0,58.0,65.0,7.4,62.2,311.0,1093
698142,COLEGIO SAN ALEJO - SEDE PRINCIPAL,BOGOTÁ D.C.,2020,28,60.0,55.0,59.0,56.0,62.0,9.4,57.8,289.0,1331
698142,COLEGIO SAN ALEJO - SEDE PRINCIPAL,BOGOTÁ D.C.,2021,44,61.0,57.0,58.0,57.0,67.0,8.2,58.9,294.5,1222
698142,COLEGIO SAN ALEJO - SEDE PRINCIPAL,BOGOTÁ D.C.,2022,62,64.0,61.0,60.0,59.0,70.0,10.2,61.7,308.5,931
698142,COLEGIO SAN ALEJO - SEDE PRINCIPAL,BOGOTÁ D.C.,2023,47,60.0,60.0,58.0,58.0,68.0,8.8,59.7,298.5,1409
698142,COLEGIO SAN ALEJO - SEDE PRINCIPAL,BOGOTÁ D.C.,2024,60,62.0,63.0,60.0,60.0,70.0,9.4,61.9,309.5,1069
698142,COLEGIO SAN ALEJO - SEDE PRINCIPAL,BOGOTÁ D.C.,2025,41,61.0,60.0,57.0,58.0,68.0,9.6,59.7,298.5,1650
020461,COLEGIO DE LAS RR ESCLAVAS DEL SAGRADO CORAZON DE JESUS,BOGOTÁ D.C.,2020,38,64.0,64.0,61.0,61.0,66.0,8.2,62.8,314.0,599
020461,COLEGIO DE LAS RR ESCLAVAS DEL SAGRADO CORAZON DE JESUS,BOGOTÁ D.C.,2021,44,63.0,64.0,60.0,60.0,69.0,9.4,62.3,311.5,681
020461,COLEGIO DE LAS RR ESCLAVAS DEL SAGRADO CORAZON DE JESUS,BOGOTÁ D.C.,2022,53,63.0,63.0,60.0,60.0,69.0,8.2,62.1,310.5,864
020461,COLEGIO DE LAS RR ESCLAVAS DEL SAGRADO CORAZON DE JESUS,BOGOTÁ D.C.,2023,43,64.0,64.0,61.0,61.0,69.0,9.6,63.0,315.0,782
020461,COLEGIO DE LAS RR ESCLAVAS DEL SAGRADO CORAZON DE JESUS,BOGOTÁ D.C.,2024,43,63.0,62.0,56.0,58.0,70.0,8.8,60.5,302.5,1353
020461,COLEGIO DE LAS RR ESCLAVAS DEL SAGRADO CORAZON DE JESUS,BOGOTÁ D.C.,2025,54,62.0,60.0,60.0,58.0,68.0,11.2,60.6,303.0,1420
021600,COL MERCEDARIO SAN PEDRO NOLASCO,BOGOTÁ D.C.,2020,32,59.0,60.0,58.0,56.0,54.0,10.6,57.9,289.5,1331
021600,COL MERCEDARIO SAN PEDRO NOLASCO,BOGOTÁ D.C.,2021,31,60.0,59.0,54.0,56.0,58.0,10.0,57.3,286.5,1563
021600,COL MERCEDARIO SAN PEDRO NOLASCO,BOGOTÁ D.C.,2022,31,63.0,62.0,60.0,59.0,62.0,9.0,61.1,305.5,1016
021600,COL MERCEDARIO SAN PEDRO NOLASCO,BOGOTÁ D.C.,2023,21,60.0,58.0,57.0,57.0,59.0,8.8,58.1,290.5,1788
021600,COL MERCEDARIO SAN PEDRO NOLASCO,BOGOTÁ D.C.,2024,29,60.0,62.0,56.0,57.0,61.0,8.6,58.9,294.5,1724
021600,COL MERCEDARIO SAN PEDRO NOLASCO,BOGOTÁ D.C.,2025,27,62.0,62.0,57.0,58.0,60.0,9.4,59.8,299.0,1610
046797,LIC DEL CARIBE,BOGOTÁ D.C.,2020,57,62.0,61.0,60.0,57.0,58.0,8.8,59.8,299.0,970
046797,LIC DEL CARIBE,BOGOTÁ D.C.,2021,90,62.0,61.0,58.0,58.0,64.0,8.6,60.1,300.5,1029
046797,LIC DEL CARIBE,BOGOTÁ D.C.,2022,79,65.0,63.0,60.0,59.0,65.0,9.0,62.0,310.0,864
046797,LIC DEL CARIBE,BOGOTÁ D.C.,2023,76,62.0,62.0,57.0,57.0,62.0,9.6,59.7,298.5,1409
046797,LIC DEL CARIBE,BOGOTÁ D.C.,2024,61,61.0,62.0,57.0,58.0,61.0,9.0,59.6,298.0,1523
046797,LIC DEL CARIBE,BOGOTÁ D.C.,2025,61,64.0,62.0,57.0,58.0,64.0,10.2,60.5,302.5,1465
139550,COL SAN SIMON,BOGOTÁ D.C.,2020,23,61.0,62.0,59.0,62.0,65.0,8.6,61.3,306.5,788
139550,COL SAN SIMON,BOGOTÁ D.C.,2021,25,58.0,57.0,53.0,55.0,63.0,8.8,56.3,281.5,1818
139550,COL SAN SIMON,BOGOTÁ D.C.,2022,27,60.0,60.0,57.0,57.0,65.0,10.2,59.0,295.0,1421
139550,COL SAN SIMON,BOGOTÁ D.C.,2023,17,59.0,63.0,58.0,60.0,67.0,7.8,60.5,302.5,1230
139550,COL SAN SIMON,BOGOTÁ D.C.,2024,26,64.0,64.0,59.0,63.0,72.0,10.4,63.2,316.0,836
139550,COL SAN SIMON,BOGOTÁ D.C.,2025,26,61.0,62.0,55.0,58.0,66.0,10.8,59.5,297.5,1699
098889,COL ANDRES ESCOBAR,BOGOTÁ D.C.,2020,23,61.0,61.0,56.0,59.0,52.0,7.8,58.7,293.5,1176
098889,COL ANDRES ESCOBAR,BOGOTÁ D.C.,2021,31,59.0,60.0,55.0,57.0,57.0,9.2,57.7,288.5,1474
098889,COL ANDRES ESCOBAR,BOGOTÁ D.C.,2022,32,61.0,64.0,56.0,58.0,57.0,8.8,59.5,297.5,1332
098889,COL ANDRES ESCOBAR,BOGOTÁ D.C.,2023,35,59.0,59.0,52.0,55.0,55.0,7.8,56.2,281.0,2342
098889,COL ANDRES ESCOBAR,BOGOTÁ D.C.,2024,41,60.0,61.0,54.0,56.0,55.0,7.6,57.5,287.5,2139
098889,COL ANDRES ESCOBAR,BOGOTÁ D.C.,2025,36,61.0,59.0,56.0,58.0,59.0,9.8,58.5,292.5,1966
120618,INSTITUTO MARSELLA,BOGOTÁ D.C.,2020,30,62.0,61.0,61.0,59.0,56.0,8.2,60.4,302.0,898
120618,INSTITUTO MARSELLA,BOGOTÁ D.C.,2021,31,60.0,56.0,54.0,55.0,63.0,8.8,56.8,284.0,1652
120618,INSTITUTO MARSELLA,BOGOTÁ D.C.,2022,20,65.0,63.0,61.0,59.0,67.0,7.2,62.4,312.0,784
120618,INSTITUTO MARSELLA,BOGOTÁ D.C.,2023,25,64.0,62.0,60.0,59.0,68.0,10.8,61.8,309.0,978
120618,INSTITUTO MARSELLA,BOGOTÁ D.C.,2024,35,61.0,60.0,57.0,57.0,65.0,9.8,59.2,296.0,1635
120618,INSTITUTO MARSELLA,BOGOTÁ D.C.,2025,34,64.0,61.0,60.0,58.0,65.0,8.2,61.1,305.5,1324
698225,LICEO MARIA NELL,BOGOTÁ D.C.,2020,18,60.0,63.0,59.0,59.0,56.0,6.8,59.9,299.5,970
698225,LICEO MARIA NELL,BOGOTÁ D.C.,2021,24,64.0,60.0,62.0,59.0,61.0,7.2,61.2,306.0,813
698225,LICEO MARIA NELL,BOGOTÁ D.C.,2022,33,59.0,60.0,57.0,56.0,60.0,8.8,58.2,291.0,1615
698225,LICEO MARIA NELL,BOGOTÁ D.C.,2023,26,63.0,63.0,62.0,60.0,62.0,6.8,62.0,310.0,942
698225,LICEO MARIA NELL,BOGOTÁ D.C.,2024,21,62.0,66.0,60.0,60.0,63.0,8.2,62.1,310.5,1037
698225,LICEO MARIA NELL,BOGOTÁ D.C.,2025,26,63.0,62.0,57.0,58.0,61.0,9.8,60.1,300.5,1562
819094,COL DIST LA MERCED,BOGOTÁ D.C.,2024,175,59.0,58.0,54.0,56.0,58.0,9.0,56.8,284.0,2367
819094,COL DIST LA MERCED,BOGOTÁ D.C.,2025,119,61.0,60.0,55.0,58.0,63.0,9.0,58.8,294.0,1840
023739,LICEO BOSTON,BOGOTÁ D.C.,2020,1,73.0,80.0,68.0,68.0,73.0,0.0,72.3,361.5,46
023739,LICEO BOSTON,BOGOTÁ D.C.,2020,60,61.0,60.0,54.0,56.0,76.0,10.2,59.2,296.0,1072
023739,LICEO BOSTON,BOGOTÁ D.C.,2021,77,64.0,63.0,60.0,58.0,75.0,9.4,62.3,311.5,681
023739,LICEO BOSTON,BOGOTÁ D.C.,2022,61,65.0,64.0,61.0,59.0,79.0,9.8,63.5,317.5,654
023739,LICEO BOSTON,BOGOTÁ D.C.,2023,42,63.0,60.0,57.0,56.0,74.0,10.0,60.2,301.0,1274
023739,LICEO BOSTON,BOGOTÁ D.C.,2024,42,63.0,60.0,57.0,59.0,78.0,9.8,61.2,306.0,1183
023739,LICEO BOSTON,BOGOTÁ D.C.,2025,38,61.0,59.0,57.0,58.0,77.0,7.8,60.2,301.0,1510
070037,COLEGIO ANEXO SAN FRANCISCO DE ASIS - SEDE PRINCIPAL,BOGOTÁ D.C.,2020,14,57.0,64.0,54.0,55.0,61.0,6.8,57.8,289.0,1331
070037,COLEGIO ANEXO SAN FRANCISCO DE ASIS - SEDE PRINCIPAL,BOGOTÁ D.C.,2021,15,63.0,65.0,56.0,58.0,62.0,9.2,60.6,303.0,901
070037,COLEGIO ANEXO SAN FRANCISCO DE ASIS - SEDE PRINCIPAL,BOGOTÁ D.C.,2022,15,63.0,62.0,58.0,60.0,62.0,8.2,60.8,304.0,1048
070037,COLEGIO ANEXO SAN FRANCISCO DE ASIS - SEDE PRINCIPAL,BOGOTÁ D.C.,2023,18,63.0,67.0,60.0,62.0,65.0,7.6,63.2,316.0,747
070037,COLEGIO ANEXO SAN FRANCISCO DE ASIS - SEDE PRINCIPAL,BOGOTÁ D.C.,2024,15,61.0,64.0,59.0,56.0,67.0,7.2,60.5,302.5,1353
070037,COLEGIO ANEXO SAN FRANCISCO DE ASIS - SEDE PRINCIPAL,BOGOTÁ D.C.,2025,18,59.0,62.0,56.0,58.0,62.0,7.0,59.0,295.0,1792
169466,GIMNASIO YACARD - SEDE PRINCIPAL,BOGOTÁ D.C.,2020,13,63.0,65.0,58.0,60.0,71.0,10.4,62.2,311.0,668
169466,GIMNASIO YACARD - SEDE PRINCIPAL,BOGOTÁ D.C.,2021,11,63.0,62.0,54.0,57.0,71.0,10.2,59.9,299.5,1061
169466,GIMNASIO YACARD - SEDE PRINCIPAL,BOGOTÁ D.C.,2022,10,61.0,57.0,56.0,56.0,75.0,10.2,58.8,294.0,1463
169466,GIMNASIO YACARD - SEDE PRINCIPAL,BOGOTÁ D.C.,2023,12,61.0,59.0,56.0,57.0,72.0,9.4,59.3,296.5,1492
169466,GIMNASIO YACARD - SEDE PRINCIPAL,BOGOTÁ D.C.,2024,18,61.0,62.0,57.0,60.0,70.0,10.8,60.8,304.0,1268
169466,GIMNASIO YACARD - SEDE PRINCIPAL,BOGOTÁ D.C.,2025,15,61.0,59.0,58.0,58.0,70.0,11.8,59.8,299.0,1610
141614,COLEGIO MAYOR DEL QUIROGA,BOGOTÁ D.C.,2020,19,58.0,58.0,56.0,53.0,51.0,9.8,55.8,279.0,1795
141614,COLEGIO MAYOR DEL QUIROGA,BOGOTÁ D.C.,2021,21,56.0,53.0,50.0,51.0,56.0,9.2,52.8,264.0,2906
141614,COLEGIO MAYOR DEL QUIROGA,BOGOTÁ D.C.,2022,25,59.0,59.0,56.0,56.0,63.0,11.4,57.9,289.5,1709
141614,COLEGIO MAYOR DEL QUIROGA,BOGOTÁ D.C.,2023,14,60.0,60.0,53.0,55.0,58.0,7.8,57.1,285.5,2056
141614,COLEGIO MAYOR DEL QUIROGA,BOGOTÁ D.C.,2024,12,52.0,50.0,48.0,49.0,56.0,9.2,50.2,251.0,6023
141614,COLEGIO MAYOR DEL QUIROGA,BOGOTÁ D.C.,2025,20,58.0,59.0,57.0,57.0,63.0,10.4,58.2,291.0,2029
098582,COL DEL SANTISIMO SACRAMENTO,BOGOTÁ D.C.,2020,32,59.0,59.0,56.0,57.0,60.0,8.8,57.9,289.5,1331
098582,COL DEL SANTISIMO SACRAMENTO,BOGOTÁ D.C.,2021,29,59.0,56.0,54.0,54.0,62.0,9.6,56.2,281.0,1818
098582,COL DEL SANTISIMO SACRAMENTO,BOGOTÁ D.C.,2022,28,58.0,54.0,55.0,55.0,61.0,9.4,55.9,279.5,2287
098582,COL DEL SANTISIMO SACRAMENTO,BOGOTÁ D.C.,2023,32,59.0,58.0,55.0,56.0,64.0,9.8,57.5,287.5,1937
098582,COL DEL SANTISIMO SACRAMENTO,BOGOTÁ D.C.,2024,45,58.0,60.0,53.0,57.0,61.0,9.2,57.3,286.5,2211
098582,COL DEL SANTISIMO SACRAMENTO,BOGOTÁ D.C.,2025,35,61.0,58.0,56.0,57.0,63.0,9.0,58.4,292.0,1966
131425,COL DIST SORRENTO,BOGOTÁ D.C.,2020,63,63.0,65.0,60.0,61.0,58.0,8.8,61.9,309.5,709
131425,COL DIST SORRENTO,BOGOTÁ D.C.,2021,74,60.0,58.0,55.0,56.0,57.0,8.8,57.2,286.0,1563
131425,COL DIST SORRENTO,BOGOTÁ D.C.,2022,82,61.0,60.0,57.0,56.0,58.0,9.4,58.5,292.5,1570
131425,COL DIST SORRENTO,BOGOTÁ D.C.,2023,70,63.0,62.0,58.0,59.0,59.0,8.4,60.4,302.0,1230
131425,COL DIST SORRENTO,BOGOTÁ D.C.,2024,77,60.0,61.0,55.0,57.0,58.0,8.6,58.2,291.0,1887
131425,COL DIST SORRENTO,BOGOTÁ D.C.,2025,77,62.0,60.0,57.0,57.0,0.0,7.2,54.5,272.5,3504
131425,COL DIST SORRENTO,BOGOTÁ D.C.,2025,76,0.0,0.0,0.0,0.0,61.0,2.2,4.7,23.5,14764
135335,COLEGIO GLENN DOMAN - SEDE PRINCIPAL,BOGOTÁ D.C.,2020,16,60.0,62.0,58.0,56.0,66.0,10.0,59.5,297.5,1031
135335,COLEGIO GLENN DOMAN - SEDE PRINCIPAL,BOGOTÁ D.C.,2021,27,61.0,61.0,60.0,57.0,72.0,10.2,60.7,303.5,901
135335,COLEGIO GLENN DOMAN - SEDE PRINCIPAL,BOGOTÁ D.C.,2022,20,55.0,57.0,53.0,56.0,65.0,12.4,56.0,280.0,2227
135335,COLEGIO GLENN DOMAN - SEDE PRINCIPAL,BOGOTÁ D.C.,2023,15,58.0,58.0,52.0,55.0,66.0,9.2,56.5,282.5,2275
135335,COLEGIO GLENN DOMAN - SEDE PRINCIPAL,BOGOTÁ D.C.,2024,20,61.0,57.0,57.0,55.0,67.0,9.8,58.2,291.0,1887
135335,COLEGIO GLENN DOMAN - SEDE PRINCIPAL,BOGOTÁ D.C.,2025,22,60.0,58.0,58.0,57.0,67.0,10.0,58.9,294.5,1840
160119,LIC BILING ROMULO GALLEGOS,BOGOTÁ D.C.,2020,23,55.0,56.0,52.0,48.0,57.0,7.6,53.1,265.5,2787
160119,LIC BILING ROMULO GALLEGOS,BOGOTÁ D.C.,2021,34,58.0,55.0,53.0,53.0,61.0,9.8,55.2,276.0,2063
160119,LIC BILING ROMULO GALLEGOS,BOGOTÁ D.C.,2022,33,53.0,53.0,49.0,51.0,60.0,10.6,52.2,261.0,3916
160119,LIC BILING ROMULO GALLEGOS,BOGOTÁ D.C.,2023,19,61.0,61.0,57.0,57.0,65.0,7.8,59.5,297.5,1447
160119,LIC BILING ROMULO GALLEGOS,BOGOTÁ D.C.,2024,16,60.0,59.0,54.0,56.0,67.0,9.8,58.0,290.0,1955
160119,LIC BILING ROMULO GALLEGOS,BOGOTÁ D.C.,2025,28,60.0,59.0,56.0,57.0,68.0,8.4,58.8,294.0,1840
021378,COLEGIO INTERAMERICANO,BOGOTÁ D.C.,2020,99,57.0,57.0,53.0,53.0,52.0,9.0,54.8,274.0,2076
021378,COLEGIO INTERAMERICANO,BOGOTÁ D.C.,2021,88,61.0,57.0,55.0,55.0,61.0,9.0,57.3,286.5,1563
021378,COLEGIO INTERAMERICANO,BOGOTÁ D.C.,2022,80,61.0,60.0,57.0,56.0,62.0,9.8,58.8,294.0,1463
021378,COLEGIO INTERAMERICANO,BOGOTÁ D.C.,2023,67,60.0,60.0,56.0,57.0,63.0,9.2,58.6,293.0,1634
021378,COLEGIO INTERAMERICANO,BOGOTÁ D.C.,2024,83,60.0,63.0,56.0,58.0,62.0,8.6,59.5,297.5,1585
021378,COLEGIO INTERAMERICANO,BOGOTÁ D.C.,2025,57,60.0,62.0,56.0,57.0,63.0,9.8,59.1,295.5,1792
313676,CENT EDUC DIST RURAL U.B LAS AURAS,BOGOTÁ D.C.,2020,14,51.0,50.0,47.0,51.0,49.0,7.4,49.7,248.5,4747
313676,CENT EDUC DIST RURAL U.B LAS AURAS,BOGOTÁ D.C.,2021,18,51.0,51.0,46.0,50.0,49.0,8.4,49.5,247.5,4807
313676,CENT EDUC DIST RURAL U.B LAS AURAS,BOGOTÁ D.C.,2022,15,46.0,46.0,40.0,47.0,42.0,9.4,44.5,222.5,9306
313676,CENT EDUC DIST RURAL U.B LAS AURAS,BOGOTÁ D.C.,2023,21,51.0,49.0,44.0,51.0,50.0,9.2,48.8,244.0,6653
313676,CENT EDUC DIST RURAL U.B LAS AURAS,BOGOTÁ D.C.,2024,12,56.0,51.0,54.0,55.0,52.0,8.4,53.8,269.0,3641
313676,CENT EDUC DIST RURAL U.B LAS AURAS,BOGOTÁ D.C.,2025,14,55.0,51.0,49.0,57.0,52.0,9.4,52.9,264.5,4428
736835,COL DE FORMACION INTEGRAL VIRGEN DE LA PEÑA,BOGOTÁ D.C.,2020,104,56.0,55.0,52.0,51.0,52.0,9.2,53.4,267.0,2591
736835,COL DE FORMACION INTEGRAL VIRGEN DE LA PEÑA,BOGOTÁ D.C.,2021,76,55.0,51.0,49.0,49.0,57.0,9.2,51.5,257.5,3586
736835,COL DE FORMACION INTEGRAL VIRGEN DE LA PEÑA,BOGOTÁ D.C.,2022,62,59.0,55.0,54.0,54.0,60.0,9.8,55.8,279.0,2287
736835,COL DE FORMACION INTEGRAL VIRGEN DE LA PEÑA,BOGOTÁ D.C.,2023,62,58.0,55.0,54.0,55.0,59.0,10.2,55.8,279.0,2474
736835,COL DE FORMACION INTEGRAL VIRGEN DE LA PEÑA,BOGOTÁ D.C.,2024,55,59.0,58.0,53.0,57.0,61.0,8.2,57.1,285.5,2275
736835,COL DE FORMACION INTEGRAL VIRGEN DE LA PEÑA,BOGOTÁ D.C.,2025,33,59.0,56.0,52.0,57.0,63.0,8.4,56.5,282.5,2637
724997,LICEO SAN BASILIO MAGNO,BOGOTÁ D.C.,2020,64,59.0,60.0,58.0,57.0,57.0,9.0,58.4,292.0,1211
724997,LICEO SAN BASILIO MAGNO,BOGOTÁ D.C.,2021,43,59.0,57.0,54.0,54.0,61.0,8.4,56.4,282.0,1760
724997,LICEO SAN BASILIO MAGNO,BOGOTÁ D.C.,2022,48,60.0,59.0,56.0,57.0,63.0,9.6,58.4,292.0,1570
724997,LICEO SAN BASILIO MAGNO,BOGOTÁ D.C.,2023,27,58.0,56.0,55.0,55.0,64.0,9.8,56.6,283.0,2191
724997,LICEO SAN BASILIO MAGNO,BOGOTÁ D.C.,2024,41,60.0,58.0,55.0,56.0,63.0,9.2,57.7,288.5,2088
724997,LICEO SAN BASILIO MAGNO,BOGOTÁ D.C.,2025,29,59.0,56.0,54.0,57.0,63.0,10.8,57.0,285.0,2416
730341,COLEGIO SOLEDAD ACOSTA DE SAMPER (IED) - SEDE PRINCIPAL,BOGOTÁ D.C.,2020,29,57.0,53.0,54.0,53.0,49.0,8.2,53.8,269.0,2437
730341,COLEGIO SOLEDAD ACOSTA DE SAMPER (IED) - SEDE PRINCIPAL,BOGOTÁ D.C.,2021,29,58.0,53.0,53.0,52.0,54.0,10.0,54.0,270.0,2440
730341,COLEGIO SOLEDAD ACOSTA DE SAMPER (IED) - SEDE PRINCIPAL,BOGOTÁ D.C.,2022,28,56.0,54.0,51.0,52.0,52.0,8.6,53.2,266.0,3387
730341,COLEGIO SOLEDAD ACOSTA DE SAMPER (IED) - SEDE PRINCIPAL,BOGOTÁ D.C.,2023,30,55.0,54.0,52.0,53.0,50.0,9.4,53.2,266.0,3670
730341,COLEGIO SOLEDAD ACOSTA DE SAMPER (IED) - SEDE PRINCIPAL,BOGOTÁ D.C.,2024,32,57.0,54.0,50.0,53.0,52.0,9.6,53.4,267.0,3886
730341,COLEGIO SOLEDAD ACOSTA DE SAMPER (IED) - SEDE PRINCIPAL,BOGOTÁ D.C.,2025,27,59.0,58.0,53.0,57.0,55.0,9.2,56.6,283.0,2555
164624,COLEGIO SAN NICOLAS DE TOLENTINO,BOGOTÁ D.C.,2020,44,56.0,58.0,55.0,55.0,52.0,8.2,55.7,278.5,1853
164624,COLEGIO SAN NICOLAS DE TOLENTINO,BOGOTÁ D.C.,2021,44,56.0,53.0,50.0,51.0,51.0,9.0,52.4,262.0,3083
164624,COLEGIO SAN NICOLAS DE TOLENTINO,BOGOTÁ D.C.,2022,49,57.0,57.0,51.0,53.0,57.0,8.8,54.7,273.5,2746
164624,COLEGIO SAN NICOLAS DE TOLENTINO,BOGOTÁ D.C.,2023,32,58.0,57.0,54.0,56.0,58.0,8.8,56.4,282.0,2275
164624,COLEGIO SAN NICOLAS DE TOLENTINO,BOGOTÁ D.C.,2024,47,58.0,59.0,54.0,55.0,59.0,9.2,56.7,283.5,2438
164624,COLEGIO SAN NICOLAS DE TOLENTINO,BOGOTÁ D.C.,2025,34,61.0,57.0,54.0,57.0,63.0,10.0,57.7,288.5,2220
054072,COL PEDAG DEL ESPIRITU SANTO COPES,BOGOTÁ D.C.,2020,18,54.0,60.0,54.0,55.0,53.0,9.6,55.5,277.5,1909
054072,COL PEDAG DEL ESPIRITU SANTO COPES,BOGOTÁ D.C.,2021,19,61.0,61.0,56.0,57.0,67.0,9.6,59.4,297.0,1120
054072,COL PEDAG DEL ESPIRITU SANTO COPES,BOGOTÁ D.C.,2022,20,61.0,58.0,57.0,58.0,65.0,10.0,59.0,295.0,1421
054072,COL PEDAG DEL ESPIRITU SANTO COPES,BOGOTÁ D.C.,2023,23,60.0,61.0,55.0,56.0,63.0,9.8,58.4,292.0,1681
054072,COL PEDAG DEL ESPIRITU SANTO COPES,BOGOTÁ D.C.,2024,16,63.0,67.0,64.0,62.0,69.0,8.8,64.4,322.0,667
054072,COL PEDAG DEL ESPIRITU SANTO COPES,BOGOTÁ D.C.,2025,10,59.0,61.0,52.0,57.0,61.0,9.4,57.5,287.5,2291
091223,LICEO TÉCNICO BILINGÜE PAULO FREIRE - SEDE PRINCIPAL,BOGOTÁ D.C.,2020,8,60.0,62.0,56.0,55.0,58.0,7.2,58.2,291.0,1247
091223,LICEO TÉCNICO BILINGÜE PAULO FREIRE - SEDE PRINCIPAL,BOGOTÁ D.C.,2021,10,55.0,60.0,53.0,55.0,59.0,7.4,56.0,280.0,1863
091223,LICEO TÉCNICO BILINGÜE PAULO FREIRE - SEDE PRINCIPAL,BOGOTÁ D.C.,2022,5,64.0,62.0,65.0,63.0,69.0,5.6,63.9,319.5,607
091223,LICEO TÉCNICO BILINGÜE PAULO FREIRE - SEDE PRINCIPAL,BOGOTÁ D.C.,2023,6,59.0,54.0,53.0,51.0,65.0,10.2,55.1,275.5,2759
091223,LICEO TÉCNICO BILINGÜE PAULO FREIRE - SEDE PRINCIPAL,BOGOTÁ D.C.,2024,8,59.0,54.0,54.0,54.0,63.0,10.0,55.8,279.0,2732
091223,LICEO TÉCNICO BILINGÜE PAULO FREIRE - SEDE PRINCIPAL,BOGOTÁ D.C.,2025,5,60.0,55.0,54.0,57.0,65.0,11.2,57.2,286.0,2351
032862,COL DE NSTRA SRA DEL PERPETUO SOCORRO,BOGOTÁ D.C.,2020,30,59.0,59.0,57.0,57.0,56.0,9.2,57.8,289.0,1331
032862,COL DE NSTRA SRA DEL PERPETUO SOCORRO,BOGOTÁ D.C.,2021,38,58.0,56.0,55.0,54.0,57.0,8.4,55.8,279.0,1900
032862,COL DE NSTRA SRA DEL PERPETUO SOCORRO,BOGOTÁ D.C.,2022,27,55.0,54.0,49.0,53.0,53.0,10.2,52.8,264.0,3592
032862,COL DE NSTRA SRA DEL PERPETUO SOCORRO,BOGOTÁ D.C.,2023,39,58.0,56.0,56.0,56.0,59.0,8.2,56.7,283.5,2191
032862,COL DE NSTRA SRA DEL PERPETUO SOCORRO,BOGOTÁ D.C.,2024,58,58.0,55.0,53.0,52.0,56.0,11.0,54.6,273.0,3266
032862,COL DE NSTRA SRA DEL PERPETUO SOCORRO,BOGOTÁ D.C.,2025,40,61.0,61.0,57.0,57.0,63.0,7.0,59.3,296.5,1742
062943,CENT EDUC DIST ESPAÑA,BOGOTÁ D.C.,2020,24,51.0,54.0,50.0,50.0,45.0,9.4,50.8,254.0,3960
062943,CENT EDUC DIST ESPAÑA,BOGOTÁ D.C.,2021,34,55.0,52.0,48.0,50.0,52.0,10.0,51.3,256.5,3688
062943,CENT EDUC DIST ESPAÑA,BOGOTÁ D.C.,2022,31,57.0,55.0,49.0,51.0,54.0,9.8,53.1,265.5,3497
062943,CENT EDUC DIST ESPAÑA,BOGOTÁ D.C.,2023,28,50.0,49.0,46.0,49.0,51.0,11.4,48.7,243.5,6816
062943,CENT EDUC DIST ESPAÑA,BOGOTÁ D.C.,2024,14,53.0,51.0,47.0,48.0,49.0,8.8,49.7,248.5,6451
062943,CENT EDUC DIST ESPAÑA,BOGOTÁ D.C.,2025,14,54.0,57.0,51.0,57.0,55.0,9.8,54.8,274.0,3312
110387,LIC CARMELITA,BOGOTÁ D.C.,2020,28,57.0,59.0,53.0,54.0,52.0,8.4,55.5,277.5,1909
110387,LIC CARMELITA,BOGOTÁ D.C.,2021,35,60.0,57.0,55.0,55.0,61.0,8.6,57.1,285.5,1599
110387,LIC CARMELITA,BOGOTÁ D.C.,2022,35,61.0,57.0,56.0,55.0,60.0,11.2,57.5,287.5,1816
110387,LIC CARMELITA,BOGOTÁ D.C.,2023,30,62.0,63.0,59.0,59.0,64.0,10.6,61.0,305.0,1117
110387,LIC CARMELITA,BOGOTÁ D.C.,2024,33,61.0,59.0,56.0,57.0,62.0,9.2,58.5,292.5,1821
110387,LIC CARMELITA,BOGOTÁ D.C.,2025,24,61.0,58.0,53.0,57.0,64.0,9.0,57.8,289.0,2162
029777,COL DIST ANIBAL FERNANDEZ DE SOTO,BOGOTÁ D.C.,2020,53,54.0,53.0,50.0,49.0,49.0,9.2,51.3,256.5,3726
029777,COL DIST ANIBAL FERNANDEZ DE SOTO,BOGOTÁ D.C.,2021,44,59.0,56.0,55.0,54.0,61.0,9.0,56.4,282.0,1760
029777,COL DIST ANIBAL FERNANDEZ DE SOTO,BOGOTÁ D.C.,2022,51,58.0,58.0,53.0,54.0,60.0,9.4,56.1,280.5,2227
029777,COL DIST ANIBAL FERNANDEZ DE SOTO,BOGOTÁ D.C.,2023,42,57.0,54.0,54.0,54.0,62.0,9.0,55.3,276.5,2696
029777,COL DIST ANIBAL FERNANDEZ DE SOTO,BOGOTÁ D.C.,2024,46,58.0,58.0,52.0,55.0,62.0,12.0,56.2,281.0,2581
029777,COL DIST ANIBAL FERNANDEZ DE SOTO,BOGOTÁ D.C.,2025,47,61.0,58.0,56.0,57.0,64.0,9.6,58.5,292.5,1966
214916,CENT EDUC DIST JULIO FLOREZ,BOGOTÁ D.C.,2020,124,55.0,55.0,52.0,52.0,50.0,9.0,53.2,266.0,2679
214916,CENT EDUC DIST JULIO FLOREZ,BOGOTÁ D.C.,2021,115,57.0,54.0,52.0,51.0,55.0,9.2,53.6,268.0,2591
214916,CENT EDUC DIST JULIO FLOREZ,BOGOTÁ D.C.,2022,107,58.0,58.0,53.0,54.0,56.0,10.0,55.8,279.0,2287
214916,CENT EDUC DIST JULIO FLOREZ,BOGOTÁ D.C.,2023,110,57.0,57.0,54.0,56.0,58.0,9.8,56.2,281.0,2342
214916,CENT EDUC DIST JULIO FLOREZ,BOGOTÁ D.C.,2024,91,57.0,60.0,53.0,55.0,59.0,9.6,56.5,282.5,2513
214916,CENT EDUC DIST JULIO FLOREZ,BOGOTÁ D.C.,2025,105,61.0,59.0,57.0,57.0,60.0,9.0,58.6,293.0,1898
599951,COL DE LAS MERCEDES,BOGOTÁ D.C.,2025,8,62.0,61.0,59.0,57.0,67.0,7.8,60.3,301.5,1510
603688,LICEO EMMANUELE MARLUI,BOGOTÁ D.C.,2020,26,58.0,57.0,56.0,52.0,56.0,10.6,55.8,279.0,1795
603688,LICEO EMMANUELE MARLUI,BOGOTÁ D.C.,2021,23,59.0,57.0,56.0,56.0,62.0,8.8,57.4,287.0,1516
603688,LICEO EMMANUELE MARLUI,BOGOTÁ D.C.,2022,27,59.0,54.0,51.0,52.0,61.0,9.4,54.5,272.5,2824
603688,LICEO EMMANUELE MARLUI,BOGOTÁ D.C.,2023,34,55.0,53.0,52.0,54.0,63.0,9.0,54.2,271.0,3101
603688,LICEO EMMANUELE MARLUI,BOGOTÁ D.C.,2024,28,56.0,50.0,50.0,51.0,60.0,9.6,52.4,262.0,4539
603688,LICEO EMMANUELE MARLUI,BOGOTÁ D.C.,2025,29,61.0,58.0,57.0,57.0,64.0,10.0,58.7,293.5,1898
727826,LICEO ANTONIO DE TOLEDO,BOGOTÁ D.C.,2020,90,57.0,57.0,53.0,51.0,49.0,8.4,54.1,270.5,2359
727826,LICEO ANTONIO DE TOLEDO,BOGOTÁ D.C.,2021,88,58.0,56.0,53.0,53.0,57.0,9.0,55.2,276.0,2063
727826,LICEO ANTONIO DE TOLEDO,BOGOTÁ D.C.,2022,50,60.0,57.0,55.0,56.0,57.0,8.6,57.0,285.0,1923
727826,LICEO ANTONIO DE TOLEDO,BOGOTÁ D.C.,2023,65,59.0,57.0,55.0,56.0,58.0,9.6,56.8,284.0,2119
727826,LICEO ANTONIO DE TOLEDO,BOGOTÁ D.C.,2024,79,59.0,59.0,54.0,55.0,59.0,9.2,56.9,284.5,2367
727826,LICEO ANTONIO DE TOLEDO,BOGOTÁ D.C.,2025,69,59.0,59.0,53.0,57.0,59.0,9.2,57.2,286.0,2351
144139,INST PSICOPEDAG INTEGRAL,BOGOTÁ D.C.,2020,62,60.0,60.0,57.0,56.0,52.0,7.4,57.8,289.0,1331
144139,INST PSICOPEDAG INTEGRAL,BOGOTÁ D.C.,2021,60,60.0,60.0,55.0,56.0,58.0,8.6,57.8,289.0,1440
144139,INST PSICOPEDAG INTEGRAL,BOGOTÁ D.C.,2022,40,59.0,61.0,55.0,57.0,58.0,8.6,58.0,290.0,1656
144139,INST PSICOPEDAG INTEGRAL,BOGOTÁ D.C.,2023,40,62.0,61.0,58.0,57.0,59.0,7.6,59.5,297.5,1447
144139,INST PSICOPEDAG INTEGRAL,BOGOTÁ D.C.,2024,48,62.0,61.0,57.0,57.0,60.0,8.2,59.3,296.5,1635
144139,INST PSICOPEDAG INTEGRAL,BOGOTÁ D.C.,2025,42,59.0,58.0,55.0,57.0,57.0,8.8,57.2,286.0,2351
067132,INST NSTRA SRA DEL AMPARO,BOGOTÁ D.C.,2020,3,51.0,53.0,49.0,49.0,45.0,8.8,50.1,250.5,4470
067132,INST NSTRA SRA DEL AMPARO,BOGOTÁ D.C.,2021,2,56.0,49.0,39.0,47.0,57.0,4.8,48.5,242.5,5521
067132,INST NSTRA SRA DEL AMPARO,BOGOTÁ D.C.,2022,3,63.0,62.0,56.0,52.0,62.0,5.2,58.5,292.5,1570
067132,INST NSTRA SRA DEL AMPARO,BOGOTÁ D.C.,2023,1,61.0,33.0,60.0,50.0,48.0,0.0,50.8,254.0,5222
067132,INST NSTRA SRA DEL AMPARO,BOGOTÁ D.C.,2025,2,63.0,63.0,60.0,57.0,67.0,6.6,61.2,306.0,1275
046714,COLEGIO MANDALAY,BOGOTÁ D.C.,2020,31,56.0,55.0,51.0,53.0,52.0,9.8,53.6,268.0,2515
046714,COLEGIO MANDALAY,BOGOTÁ D.C.,2021,36,58.0,55.0,53.0,53.0,59.0,10.0,55.1,275.5,2116
046714,COLEGIO MANDALAY,BOGOTÁ D.C.,2022,29,58.0,55.0,54.0,52.0,60.0,9.6,55.2,276.0,2495
046714,COLEGIO MANDALAY,BOGOTÁ D.C.,2023,27,56.0,51.0,50.0,51.0,60.0,8.2,52.6,263.0,4004
046714,COLEGIO MANDALAY,BOGOTÁ D.C.,2024,25,57.0,54.0,51.0,53.0,62.0,8.6,54.4,272.0,3348
046714,COLEGIO MANDALAY,BOGOTÁ D.C.,2025,33,61.0,58.0,57.0,57.0,65.0,10.2,58.8,294.0,1840
150094,LIC AVENIDA LAS AMERICAS,BOGOTÁ D.C.,2020,44,62.0,60.0,63.0,60.0,59.0,8.6,61.1,305.5,809
150094,LIC AVENIDA LAS AMERICAS,BOGOTÁ D.C.,2021,51,63.0,60.0,60.0,57.0,62.0,9.6,60.2,301.0,995
150094,LIC AVENIDA LAS AMERICAS,BOGOTÁ D.C.,2022,35,63.0,66.0,60.0,60.0,62.0,9.0,62.2,311.0,816
150094,LIC AVENIDA LAS AMERICAS,BOGOTÁ D.C.,2023,56,62.0,62.0,58.0,57.0,62.0,8.2,59.9,299.5,1362
150094,LIC AVENIDA LAS AMERICAS,BOGOTÁ D.C.,2024,37,62.0,62.0,56.0,56.0,61.0,8.0,59.2,296.0,1635
150094,LIC AVENIDA LAS AMERICAS,BOGOTÁ D.C.,2025,43,61.0,62.0,56.0,57.0,60.0,9.8,59.1,295.5,1792
601674,COLEGIO REMBRANDT,BOGOTÁ D.C.,2020,54,57.0,56.0,54.0,52.0,51.0,8.6,54.5,272.5,2224
601674,COLEGIO REMBRANDT,BOGOTÁ D.C.,2021,52,55.0,54.0,48.0,52.0,56.0,9.6,52.5,262.5,3083
601674,COLEGIO REMBRANDT,BOGOTÁ D.C.,2022,60,57.0,54.0,51.0,54.0,57.0,9.4,54.2,271.0,2904
601674,COLEGIO REMBRANDT,BOGOTÁ D.C.,2023,56,54.0,53.0,50.0,52.0,55.0,10.6,52.5,262.5,4159
601674,COLEGIO REMBRANDT,BOGOTÁ D.C.,2024,49,60.0,59.0,55.0,56.0,60.0,8.8,57.7,288.5,2088
601674,COLEGIO REMBRANDT,BOGOTÁ D.C.,2025,36,59.0,58.0,55.0,57.0,58.0,8.6,57.3,286.5,2351
600700,LICEO ALTA BLANCA,BOGOTÁ D.C.,2025,13,58.0,61.0,53.0,57.0,63.0,8.4,57.7,288.5,2220
603902,GIMNASIO MODERNO CARLO ACUTIS,BOGOTÁ D.C.,2023,3,64.0,57.0,54.0,56.0,62.0,10.2,58.1,290.5,1788
603902,GIMNASIO MODERNO CARLO ACUTIS,BOGOTÁ D.C.,2024,4,54.0,62.0,52.0,56.0,63.0,14.8,56.5,282.5,2513
603902,GIMNASIO MODERNO CARLO ACUTIS,BOGOTÁ D.C.,2025,12,63.0,57.0,59.0,57.0,68.0,12.0,59.7,298.5,1650
753749,LICEO BILINGUE ROMULO GALLEGOS - SEDE PRINCIPAL,BOGOTÁ D.C.,2022,20,59.0,54.0,54.0,54.0,65.0,11.0,56.0,280.0,2227
753749,LICEO BILINGUE ROMULO GALLEGOS - SEDE PRINCIPAL,BOGOTÁ D.C.,2023,33,59.0,52.0,54.0,52.0,63.0,10.4,54.9,274.5,2835
753749,LICEO BILINGUE ROMULO GALLEGOS - SEDE PRINCIPAL,BOGOTÁ D.C.,2024,30,57.0,51.0,50.0,53.0,61.0,10.0,53.4,267.0,3886
753749,LICEO BILINGUE ROMULO GALLEGOS - SEDE PRINCIPAL,BOGOTÁ D.C.,2025,31,60.0,55.0,54.0,57.0,66.0,10.2,57.2,286.0,2351
091132,COLEGIO RAFAEL MARIA CARRASQUILLA,BOGOTÁ D.C.,2020,67,55.0,54.0,52.0,50.0,51.0,9.8,52.6,263.0,2984
091132,COLEGIO RAFAEL MARIA CARRASQUILLA,BOGOTÁ D.C.,2021,57,58.0,56.0,53.0,53.0,53.0,9.6,54.8,274.0,2185
091132,COLEGIO RAFAEL MARIA CARRASQUILLA,BOGOTÁ D.C.,2022,62,57.0,53.0,51.0,52.0,55.0,9.2,53.4,267.0,3280
091132,COLEGIO RAFAEL MARIA CARRASQUILLA,BOGOTÁ D.C.,2023,41,58.0,57.0,54.0,53.0,57.0,10.0,55.6,278.0,2553
091132,COLEGIO RAFAEL MARIA CARRASQUILLA,BOGOTÁ D.C.,2024,61,58.0,55.0,52.0,52.0,56.0,8.8,54.4,272.0,3348
091132,COLEGIO RAFAEL MARIA CARRASQUILLA,BOGOTÁ D.C.,2025,46,61.0,60.0,56.0,57.0,59.0,9.8,58.5,292.5,1966
217471,COLEGIO SAN CAYETANO (IED),BOGOTÁ D.C.,2025,1,63.0,48.0,59.0,57.0,61.0,0.0,57.1,285.5,2416
600890,COL JUAN RULFO,BOGOTÁ D.C.,2020,32,55.0,55.0,52.0,53.0,50.0,8.6,53.5,267.5,2591
600890,COL JUAN RULFO,BOGOTÁ D.C.,2021,15,58.0,57.0,54.0,51.0,55.0,10.8,55.0,275.0,2116
600890,COL JUAN RULFO,BOGOTÁ D.C.,2022,24,57.0,53.0,51.0,51.0,51.0,9.2,52.8,264.0,3592
600890,COL JUAN RULFO,BOGOTÁ D.C.,2023,13,58.0,57.0,55.0,56.0,57.0,8.4,56.5,282.5,2275
600890,COL JUAN RULFO,BOGOTÁ D.C.,2024,24,57.0,53.0,52.0,53.0,55.0,9.6,53.8,269.0,3641
600890,COL JUAN RULFO,BOGOTÁ D.C.,2025,33,62.0,58.0,54.0,57.0,59.0,11.4,57.8,289.0,2162
729970,COLEGIO HAPE  HABILIDADES DEL PENSAMIENTO  - SEDE PRINCIPAL,BOGOTÁ D.C.,2020,9,57.0,56.0,56.0,54.0,59.0,11.2,56.0,280.0,1737
729970,COLEGIO HAPE  HABILIDADES DEL PENSAMIENTO  - SEDE PRINCIPAL,BOGOTÁ D.C.,2021,10,63.0,58.0,58.0,55.0,67.0,10.6,59.2,296.0,1153
729970,COLEGIO HAPE  HABILIDADES DEL PENSAMIENTO  - SEDE PRINCIPAL,BOGOTÁ D.C.,2022,10,63.0,59.0,60.0,57.0,69.0,7.0,60.5,302.5,1113
729970,COLEGIO HAPE  HABILIDADES DEL PENSAMIENTO  - SEDE PRINCIPAL,BOGOTÁ D.C.,2023,13,58.0,58.0,53.0,56.0,70.0,10.6,57.3,286.5,1999
729970,COLEGIO HAPE  HABILIDADES DEL PENSAMIENTO  - SEDE PRINCIPAL,BOGOTÁ D.C.,2024,5,64.0,65.0,61.0,64.0,83.0,10.6,65.0,325.0,602
729970,COLEGIO HAPE  HABILIDADES DEL PENSAMIENTO  - SEDE PRINCIPAL,BOGOTÁ D.C.,2025,9,63.0,58.0,59.0,57.0,67.0,13.6,59.8,299.0,1610
091363,INSTITUTO COMERCIAL LORETO - SEDE PRINCIPAL,BOGOTÁ D.C.,2020,57,56.0,57.0,53.0,53.0,54.0,9.4,54.7,273.5,2144
091363,INSTITUTO COMERCIAL LORETO - SEDE PRINCIPAL,BOGOTÁ D.C.,2021,50,59.0,56.0,53.0,53.0,61.0,9.8,55.7,278.5,1959
091363,INSTITUTO COMERCIAL LORETO - SEDE PRINCIPAL,BOGOTÁ D.C.,2022,54,61.0,60.0,56.0,58.0,63.0,8.6,59.1,295.5,1421
091363,INSTITUTO COMERCIAL LORETO - SEDE PRINCIPAL,BOGOTÁ D.C.,2023,54,61.0,61.0,57.0,57.0,62.0,9.8,59.2,296.0,1492
091363,INSTITUTO COMERCIAL LORETO - SEDE PRINCIPAL,BOGOTÁ D.C.,2024,59,59.0,59.0,52.0,54.0,61.0,7.6,56.4,282.0,2513
091363,INSTITUTO COMERCIAL LORETO - SEDE PRINCIPAL,BOGOTÁ D.C.,2025,57,61.0,60.0,54.0,57.0,63.0,9.4,58.4,292.0,1966
125286,GIMN PEDAG NSTRA SRA DE FATIMA,BOGOTÁ D.C.,2020,77,59.0,58.0,59.0,56.0,56.0,9.8,57.8,289.0,1331
125286,GIMN PEDAG NSTRA SRA DE FATIMA,BOGOTÁ D.C.,2021,28,57.0,54.0,53.0,56.0,58.0,10.0,55.2,276.0,2063
125286,GIMN PEDAG NSTRA SRA DE FATIMA,BOGOTÁ D.C.,2022,40,62.0,61.0,57.0,58.0,63.0,9.2,59.8,299.0,1233
125286,GIMN PEDAG NSTRA SRA DE FATIMA,BOGOTÁ D.C.,2023,34,63.0,60.0,58.0,57.0,67.0,10.4,60.1,300.5,1317
125286,GIMN PEDAG NSTRA SRA DE FATIMA,BOGOTÁ D.C.,2024,33,63.0,63.0,58.0,60.0,64.0,7.6,61.2,306.0,1183
125286,GIMN PEDAG NSTRA SRA DE FATIMA,BOGOTÁ D.C.,2025,30,61.0,59.0,57.0,57.0,64.0,10.0,58.9,294.5,1840
155754,LIC SAN ISIDRO NORTE - SEDE PRINCIPAL,BOGOTÁ D.C.,2020,22,57.0,62.0,55.0,55.0,53.0,9.0,56.9,284.5,1544
155754,LIC SAN ISIDRO NORTE - SEDE PRINCIPAL,BOGOTÁ D.C.,2021,23,62.0,60.0,54.0,56.0,61.0,10.2,58.2,291.0,1351
155754,LIC SAN ISIDRO NORTE - SEDE PRINCIPAL,BOGOTÁ D.C.,2022,24,59.0,63.0,58.0,58.0,59.0,9.4,59.5,297.5,1332
155754,LIC SAN ISIDRO NORTE - SEDE PRINCIPAL,BOGOTÁ D.C.,2023,15,62.0,65.0,58.0,60.0,60.0,9.4,61.2,306.0,1081
155754,LIC SAN ISIDRO NORTE - SEDE PRINCIPAL,BOGOTÁ D.C.,2024,23,63.0,63.0,58.0,60.0,67.0,8.4,61.5,307.5,1142
155754,LIC SAN ISIDRO NORTE - SEDE PRINCIPAL,BOGOTÁ D.C.,2025,24,61.0,62.0,57.0,57.0,61.0,10.2,59.4,297.0,1699
132001,COL SANTIAGO MAYOR,BOGOTÁ D.C.,2020,41,56.0,58.0,54.0,51.0,55.0,9.8,54.8,274.0,2076
132001,COL SANTIAGO MAYOR,BOGOTÁ D.C.,2021,23,61.0,60.0,56.0,55.0,66.0,11.2,58.6,293.0,1257
132001,COL SANTIAGO MAYOR,BOGOTÁ D.C.,2022,17,61.0,58.0,55.0,57.0,65.0,8.6,58.3,291.5,1615
132001,COL SANTIAGO MAYOR,BOGOTÁ D.C.,2023,25,58.0,54.0,55.0,56.0,68.0,10.8,56.7,283.5,2191
132001,COL SANTIAGO MAYOR,BOGOTÁ D.C.,2024,39,61.0,63.0,57.0,56.0,67.0,9.4,59.8,299.0,1476
132001,COL SANTIAGO MAYOR,BOGOTÁ D.C.,2025,23,60.0,61.0,57.0,57.0,66.0,7.4,59.3,296.5,1742
027367,COL DIST SORRENTO,BOGOTÁ D.C.,2020,61,59.0,60.0,55.0,56.0,53.0,9.0,57.2,286.0,1471
027367,COL DIST SORRENTO,BOGOTÁ D.C.,2021,65,57.0,58.0,51.0,53.0,55.0,9.6,54.8,274.0,2185
027367,COL DIST SORRENTO,BOGOTÁ D.C.,2022,61,59.0,60.0,56.0,58.0,57.0,9.2,58.2,291.0,1615
027367,COL DIST SORRENTO,BOGOTÁ D.C.,2023,68,60.0,62.0,55.0,58.0,58.0,8.8,58.7,293.5,1634
027367,COL DIST SORRENTO,BOGOTÁ D.C.,2024,54,57.0,61.0,55.0,58.0,59.0,10.2,57.8,289.0,2019
027367,COL DIST SORRENTO,BOGOTÁ D.C.,2025,61,59.0,61.0,53.0,57.0,58.0,11.0,57.5,287.5,2291
072744,COLEGIO NUEVO MONTESSORIANO,BOGOTÁ D.C.,2020,22,58.0,54.0,55.0,50.0,55.0,10.4,54.3,271.5,2294
072744,COLEGIO NUEVO MONTESSORIANO,BOGOTÁ D.C.,2021,20,55.0,55.0,54.0,52.0,58.0,9.0,54.3,271.5,2374
072744,COLEGIO NUEVO MONTESSORIANO,BOGOTÁ D.C.,2022,18,54.0,51.0,50.0,50.0,62.0,10.4,52.1,260.5,4028
072744,COLEGIO NUEVO MONTESSORIANO,BOGOTÁ D.C.,2023,13,59.0,59.0,53.0,55.0,65.0,8.8,57.2,286.0,1999
072744,COLEGIO NUEVO MONTESSORIANO,BOGOTÁ D.C.,2024,10,53.0,52.0,49.0,51.0,59.0,12.6,51.8,259.0,4944
072744,COLEGIO NUEVO MONTESSORIANO,BOGOTÁ D.C.,2025,12,61.0,63.0,54.0,57.0,68.0,10.2,59.5,297.5,1699
138271,LICEO NUEVOS HORIZONTES,BOGOTÁ D.C.,2020,27,59.0,55.0,58.0,55.0,52.0,9.2,56.4,282.0,1644
138271,LICEO NUEVOS HORIZONTES,BOGOTÁ D.C.,2021,29,62.0,59.0,56.0,57.0,58.0,8.2,58.5,292.5,1310
138271,LICEO NUEVOS HORIZONTES,BOGOTÁ D.C.,2022,30,62.0,60.0,58.0,56.0,56.0,7.4,58.8,294.0,1463
138271,LICEO NUEVOS HORIZONTES,BOGOTÁ D.C.,2023,38,60.0,55.0,53.0,54.0,54.0,8.8,55.4,277.0,2625
138271,LICEO NUEVOS HORIZONTES,BOGOTÁ D.C.,2024,55,61.0,59.0,57.0,56.0,58.0,9.2,58.2,291.0,1887
138271,LICEO NUEVOS HORIZONTES,BOGOTÁ D.C.,2025,74,60.0,59.0,59.0,57.0,59.0,10.6,58.8,294.0,1840
021840,COL SALESIANO JUAN DEL RIZZO,BOGOTÁ D.C.,2020,83,56.0,58.0,55.0,53.0,53.0,9.2,55.3,276.5,1964
021840,COL SALESIANO JUAN DEL RIZZO,BOGOTÁ D.C.,2021,109,60.0,59.0,55.0,58.0,59.0,8.6,58.1,290.5,1393
021840,COL SALESIANO JUAN DEL RIZZO,BOGOTÁ D.C.,2022,116,60.0,59.0,56.0,58.0,60.0,8.8,58.4,292.0,1570
021840,COL SALESIANO JUAN DEL RIZZO,BOGOTÁ D.C.,2023,108,59.0,59.0,55.0,56.0,59.0,8.8,57.4,287.0,1937
021840,COL SALESIANO JUAN DEL RIZZO,BOGOTÁ D.C.,2024,94,62.0,63.0,58.0,58.0,61.0,9.2,60.3,301.5,1391
021840,COL SALESIANO JUAN DEL RIZZO,BOGOTÁ D.C.,2025,98,61.0,63.0,55.0,57.0,62.0,9.8,59.2,296.0,1742
029892,INST HENAO Y ARRUBLA,BOGOTÁ D.C.,2020,52,54.0,55.0,52.0,51.0,51.0,9.6,52.8,264.0,2872
029892,INST HENAO Y ARRUBLA,BOGOTÁ D.C.,2021,30,57.0,52.0,49.0,50.0,57.0,11.0,52.4,262.0,3083
029892,INST HENAO Y ARRUBLA,BOGOTÁ D.C.,2022,14,60.0,62.0,58.0,59.0,63.0,9.8,60.0,300.0,1200
029892,INST HENAO Y ARRUBLA,BOGOTÁ D.C.,2023,15,55.0,57.0,51.0,53.0,55.0,9.6,54.1,270.5,3203
029892,INST HENAO Y ARRUBLA,BOGOTÁ D.C.,2024,21,59.0,56.0,52.0,53.0,58.0,9.6,55.2,276.0,2977
029892,INST HENAO Y ARRUBLA,BOGOTÁ D.C.,2025,14,61.0,55.0,54.0,57.0,63.0,9.4,57.2,286.0,2351
732024,COLEGIO CIUDAD DE TECHO I (IED) - SEDE PRINCIPAL,BOGOTÁ D.C.,2021,16,60.0,54.0,51.0,52.0,60.0,8.6,54.7,273.5,2249
732024,COLEGIO CIUDAD DE TECHO I (IED) - SEDE PRINCIPAL,BOGOTÁ D.C.,2022,29,59.0,58.0,55.0,55.0,58.0,9.8,56.8,284.0,1986
732024,COLEGIO CIUDAD DE TECHO I (IED) - SEDE PRINCIPAL,BOGOTÁ D.C.,2023,32,59.0,57.0,55.0,55.0,60.0,10.0,56.8,284.0,2119
732024,COLEGIO CIUDAD DE TECHO I (IED) - SEDE PRINCIPAL,BOGOTÁ D.C.,2024,33,61.0,59.0,57.0,58.0,59.0,8.6,58.8,294.0,1724
732024,COLEGIO CIUDAD DE TECHO I (IED) - SEDE PRINCIPAL,BOGOTÁ D.C.,2025,35,59.0,58.0,56.0,57.0,61.0,10.0,57.8,289.0,2162
052084,INST SANTA ANA LUZ DEL CARMEN,BOGOTÁ D.C.,2020,30,56.0,55.0,53.0,51.0,48.0,8.4,53.3,266.5,2679
052084,INST SANTA ANA LUZ DEL CARMEN,BOGOTÁ D.C.,2021,24,58.0,55.0,53.0,54.0,57.0,8.8,55.2,276.0,2063
052084,INST SANTA ANA LUZ DEL CARMEN,BOGOTÁ D.C.,2022,24,57.0,57.0,55.0,55.0,58.0,9.0,56.2,281.0,2167
052084,INST SANTA ANA LUZ DEL CARMEN,BOGOTÁ D.C.,2023,21,62.0,58.0,56.0,56.0,62.0,8.0,58.3,291.5,1739
052084,INST SANTA ANA LUZ DEL CARMEN,BOGOTÁ D.C.,2024,25,55.0,57.0,50.0,54.0,57.0,9.8,54.2,271.0,3449
052084,INST SANTA ANA LUZ DEL CARMEN,BOGOTÁ D.C.,2025,17,61.0,61.0,57.0,57.0,59.0,8.8,59.0,295.0,1792
146563,COLEGIO MAYOR PRIMEROS MAESTROS,BOGOTÁ D.C.,2020,22,56.0,54.0,53.0,53.0,51.0,9.4,53.8,269.0,2437
146563,COLEGIO MAYOR PRIMEROS MAESTROS,BOGOTÁ D.C.,2021,41,60.0,59.0,57.0,57.0,64.0,9.6,58.7,293.5,1257
146563,COLEGIO MAYOR PRIMEROS MAESTROS,BOGOTÁ D.C.,2022,61,62.0,59.0,59.0,57.0,67.0,9.4,59.8,299.0,1233
146563,COLEGIO MAYOR PRIMEROS MAESTROS,BOGOTÁ D.C.,2023,52,61.0,59.0,58.0,58.0,67.0,8.0,59.6,298.0,1409
146563,COLEGIO MAYOR PRIMEROS MAESTROS,BOGOTÁ D.C.,2024,63,62.0,59.0,58.0,58.0,70.0,10.2,60.1,300.5,1428
146563,COLEGIO MAYOR PRIMEROS MAESTROS,BOGOTÁ D.C.,2025,59,62.0,59.0,56.0,57.0,66.0,10.8,59.1,295.5,1792
075416,LIC FESAN,BOGOTÁ D.C.,2020,94,57.0,55.0,55.0,54.0,53.0,9.2,55.1,275.5,2017
075416,LIC FESAN,BOGOTÁ D.C.,2021,99,59.0,56.0,54.0,54.0,58.0,10.2,55.9,279.5,1900
075416,LIC FESAN,BOGOTÁ D.C.,2022,97,59.0,56.0,56.0,55.0,62.0,9.2,56.9,284.5,1986
075416,LIC FESAN,BOGOTÁ D.C.,2023,100,60.0,58.0,57.0,57.0,60.0,9.4,58.2,291.0,1739
075416,LIC FESAN,BOGOTÁ D.C.,2024,98,60.0,57.0,55.0,57.0,62.0,9.8,57.6,288.0,2088
075416,LIC FESAN,BOGOTÁ D.C.,2025,94,59.0,58.0,54.0,57.0,61.0,8.8,57.3,286.5,2351
603258,GIMNASIO MODERNO CASTILLA,BOGOTÁ D.C.,2021,20,60.0,57.0,54.0,55.0,65.0,9.0,57.2,286.0,1563
603258,GIMNASIO MODERNO CASTILLA,BOGOTÁ D.C.,2022,22,60.0,58.0,58.0,55.0,66.0,9.8,58.4,292.0,1570
603258,GIMNASIO MODERNO CASTILLA,BOGOTÁ D.C.,2023,43,62.0,59.0,58.0,59.0,68.0,8.8,60.2,301.0,1274
603258,GIMNASIO MODERNO CASTILLA,BOGOTÁ D.C.,2024,49,63.0,59.0,58.0,56.0,67.0,9.2,59.6,298.0,1523
603258,GIMNASIO MODERNO CASTILLA,BOGOTÁ D.C.,2025,41,63.0,59.0,58.0,57.0,69.0,10.6,60.0,300.0,1562
724567,COLEGIO TORQUIGUA (IED),BOGOTÁ D.C.,2020,137,55.0,54.0,50.0,50.0,47.0,11.2,51.8,259.0,3398
724567,COLEGIO TORQUIGUA (IED),BOGOTÁ D.C.,2021,141,57.0,55.0,51.0,50.0,53.0,10.0,53.2,266.0,2723
724567,COLEGIO TORQUIGUA (IED),BOGOTÁ D.C.,2022,136,56.0,54.0,51.0,51.0,51.0,9.4,52.8,264.0,3592
724567,COLEGIO TORQUIGUA (IED),BOGOTÁ D.C.,2023,106,55.0,54.0,51.0,51.0,51.0,9.4,52.6,263.0,4004
724567,COLEGIO TORQUIGUA (IED),BOGOTÁ D.C.,2024,98,58.0,59.0,52.0,54.0,52.0,9.2,55.5,277.5,2888
724567,COLEGIO TORQUIGUA (IED),BOGOTÁ D.C.,2025,95,60.0,62.0,53.0,57.0,58.0,9.8,58.0,290.0,2090
108340,INST COPESAL,BOGOTÁ D.C.,2020,13,53.0,56.0,51.0,49.0,58.0,10.4,52.7,263.5,2984
108340,INST COPESAL,BOGOTÁ D.C.,2021,13,58.0,55.0,50.0,52.0,60.0,8.6,54.2,271.0,2374
108340,INST COPESAL,BOGOTÁ D.C.,2022,15,59.0,55.0,56.0,56.0,66.0,10.0,57.2,286.0,1860
108340,INST COPESAL,BOGOTÁ D.C.,2023,15,61.0,58.0,58.0,56.0,63.0,8.2,58.6,293.0,1634
108340,INST COPESAL,BOGOTÁ D.C.,2024,17,60.0,60.0,55.0,54.0,65.0,8.8,57.8,289.0,2019
108340,INST COPESAL,BOGOTÁ D.C.,2025,14,60.0,55.0,52.0,57.0,60.0,10.2,56.3,281.5,2713
037333,INST DE INTEGRACION CULTURAL IDIC,BOGOTÁ D.C.,2020,112,60.0,60.0,58.0,57.0,57.0,8.4,58.6,293.0,1176
037333,INST DE INTEGRACION CULTURAL IDIC,BOGOTÁ D.C.,2021,104,61.0,58.0,55.0,56.0,59.0,8.6,57.6,288.0,1474
037333,INST DE INTEGRACION CULTURAL IDIC,BOGOTÁ D.C.,2022,84,62.0,61.0,58.0,59.0,63.0,9.6,60.2,301.0,1157
037333,INST DE INTEGRACION CULTURAL IDIC,BOGOTÁ D.C.,2023,73,59.0,58.0,55.0,58.0,59.0,8.8,57.6,288.0,1882
037333,INST DE INTEGRACION CULTURAL IDIC,BOGOTÁ D.C.,2024,88,61.0,61.0,56.0,59.0,62.0,9.6,59.5,297.5,1585
037333,INST DE INTEGRACION CULTURAL IDIC,BOGOTÁ D.C.,2025,84,60.0,58.0,54.0,57.0,61.0,10.2,57.5,287.5,2291
161554,LICEO CUIDAD CAPITAL  - SEDE PRINCIPAL,BOGOTÁ D.C.,2020,70,56.0,56.0,52.0,53.0,50.0,10.4,53.9,269.5,2437
161554,LICEO CUIDAD CAPITAL  - SEDE PRINCIPAL,BOGOTÁ D.C.,2021,51,57.0,55.0,51.0,54.0,55.0,9.6,54.3,271.5,2374
161554,LICEO CUIDAD CAPITAL  - SEDE PRINCIPAL,BOGOTÁ D.C.,2022,43,58.0,57.0,57.0,56.0,58.0,9.6,57.1,285.5,1923
161554,LICEO CUIDAD CAPITAL  - SEDE PRINCIPAL,BOGOTÁ D.C.,2023,37,57.0,57.0,54.0,55.0,57.0,8.0,55.8,279.0,2474
161554,LICEO CUIDAD CAPITAL  - SEDE PRINCIPAL,BOGOTÁ D.C.,2024,49,58.0,58.0,53.0,54.0,57.0,9.2,55.8,279.0,2732
161554,LICEO CUIDAD CAPITAL  - SEDE PRINCIPAL,BOGOTÁ D.C.,2025,35,60.0,57.0,54.0,57.0,60.0,9.6,57.2,286.0,2351
131284,COL CRISTIANO KABOD,BOGOTÁ D.C.,2020,18,57.0,59.0,59.0,54.0,57.0,8.0,57.2,286.0,1471
131284,COL CRISTIANO KABOD,BOGOTÁ D.C.,2021,17,61.0,59.0,57.0,54.0,62.0,10.4,58.1,290.5,1393
131284,COL CRISTIANO KABOD,BOGOTÁ D.C.,2022,8,66.0,62.0,59.0,61.0,66.0,7.4,62.3,311.5,816
131284,COL CRISTIANO KABOD,BOGOTÁ D.C.,2023,22,62.0,59.0,58.0,56.0,62.0,9.0,59.0,295.0,1543
131284,COL CRISTIANO KABOD,BOGOTÁ D.C.,2024,19,63.0,57.0,58.0,57.0,62.0,11.2,59.0,295.0,1682
131284,COL CRISTIANO KABOD,BOGOTÁ D.C.,2025,26,61.0,58.0,58.0,57.0,67.0,10.0,59.2,296.0,1742
665786,COLEGIO JUAN LUIS LONDOÑO (IED),BOGOTÁ D.C.,2020,114,58.0,59.0,56.0,57.0,53.0,8.4,57.2,286.0,1471
665786,COLEGIO JUAN LUIS LONDOÑO (IED),BOGOTÁ D.C.,2021,110,58.0,58.0,52.0,55.0,54.0,9.0,55.6,278.0,1959
665786,COLEGIO JUAN LUIS LONDOÑO (IED),BOGOTÁ D.C.,2022,148,56.0,58.0,52.0,54.0,53.0,8.8,54.8,274.0,2662
665786,COLEGIO JUAN LUIS LONDOÑO (IED),BOGOTÁ D.C.,2023,105,58.0,59.0,53.0,56.0,53.0,8.8,56.2,281.0,2342
665786,COLEGIO JUAN LUIS LONDOÑO (IED),BOGOTÁ D.C.,2024,90,57.0,59.0,52.0,54.0,54.0,9.6,55.4,277.0,2888
665786,COLEGIO JUAN LUIS LONDOÑO (IED),BOGOTÁ D.C.,2025,107,59.0,60.0,52.0,57.0,57.0,9.8,57.0,285.0,2416
742205,INSTITUTO TECNICO COMERCIAL CERROS DE SUBA,BOGOTÁ D.C.,2020,44,57.0,58.0,54.0,53.0,53.0,8.8,55.3,276.5,1964
742205,INSTITUTO TECNICO COMERCIAL CERROS DE SUBA,BOGOTÁ D.C.,2021,37,58.0,58.0,53.0,56.0,58.0,10.0,56.4,282.0,1760
742205,INSTITUTO TECNICO COMERCIAL CERROS DE SUBA,BOGOTÁ D.C.,2022,20,61.0,61.0,56.0,57.0,60.0,9.0,58.8,294.0,1463
742205,INSTITUTO TECNICO COMERCIAL CERROS DE SUBA,BOGOTÁ D.C.,2023,17,58.0,58.0,56.0,57.0,55.0,8.0,57.1,285.5,2056
742205,INSTITUTO TECNICO COMERCIAL CERROS DE SUBA,BOGOTÁ D.C.,2024,22,57.0,57.0,52.0,52.0,58.0,10.2,54.8,274.0,3172
742205,INSTITUTO TECNICO COMERCIAL CERROS DE SUBA,BOGOTÁ D.C.,2025,25,61.0,63.0,59.0,57.0,62.0,9.6,60.2,301.0,1510
718775,CENT EDUC DIST CENTRO DE ESTUDIOS DEL NIÑO,BOGOTÁ D.C.,2020,82,58.0,57.0,54.0,55.0,52.0,9.0,55.7,278.5,1853
718775,CENT EDUC DIST CENTRO DE ESTUDIOS DEL NIÑO,BOGOTÁ D.C.,2021,88,56.0,53.0,52.0,52.0,58.0,9.8,53.6,268.0,2591
718775,CENT EDUC DIST CENTRO DE ESTUDIOS DEL NIÑO,BOGOTÁ D.C.,2022,78,59.0,58.0,55.0,56.0,58.0,9.0,57.1,285.5,1923
718775,CENT EDUC DIST CENTRO DE ESTUDIOS DEL NIÑO,BOGOTÁ D.C.,2023,60,60.0,59.0,55.0,58.0,60.0,8.8,58.2,291.0,1739
718775,CENT EDUC DIST CENTRO DE ESTUDIOS DEL NIÑO,BOGOTÁ D.C.,2024,80,58.0,58.0,53.0,55.0,59.0,11.2,56.2,281.0,2581
718775,CENT EDUC DIST CENTRO DE ESTUDIOS DEL NIÑO,BOGOTÁ D.C.,2025,74,60.0,59.0,56.0,57.0,59.0,9.8,58.1,290.5,2090
075390,LIC FORMACION EDUC PERSONALIZADA,BOGOTÁ D.C.,2020,13,59.0,57.0,55.0,53.0,58.0,9.8,56.2,281.0,1688
075390,LIC FORMACION EDUC PERSONALIZADA,BOGOTÁ D.C.,2021,16,57.0,55.0,54.0,52.0,64.0,9.6,55.2,276.0,2063
075390,LIC FORMACION EDUC PERSONALIZADA,BOGOTÁ D.C.,2022,17,60.0,58.0,54.0,53.0,62.0,12.6,56.7,283.5,2037
075390,LIC FORMACION EDUC PERSONALIZADA,BOGOTÁ D.C.,2023,21,61.0,56.0,55.0,56.0,64.0,9.2,57.5,287.5,1937
075390,LIC FORMACION EDUC PERSONALIZADA,BOGOTÁ D.C.,2024,17,63.0,62.0,56.0,57.0,67.0,9.0,60.1,300.5,1428
075390,LIC FORMACION EDUC PERSONALIZADA,BOGOTÁ D.C.,2025,9,59.0,61.0,54.0,57.0,62.0,8.0,58.1,290.5,2090
022368,CENT EDUC DE NSTRA SRA DE LA PAZ,BOGOTÁ D.C.,2020,89,59.0,58.0,54.0,53.0,52.0,7.8,55.7,278.5,1853
022368,CENT EDUC DE NSTRA SRA DE LA PAZ,BOGOTÁ D.C.,2021,98,61.0,58.0,56.0,54.0,60.0,8.0,57.5,287.5,1516
022368,CENT EDUC DE NSTRA SRA DE LA PAZ,BOGOTÁ D.C.,2022,86,61.0,57.0,56.0,57.0,62.0,8.8,58.1,290.5,1656
022368,CENT EDUC DE NSTRA SRA DE LA PAZ,BOGOTÁ D.C.,2023,65,61.0,57.0,58.0,57.0,61.0,8.2,58.5,292.5,1681
022368,CENT EDUC DE NSTRA SRA DE LA PAZ,BOGOTÁ D.C.,2024,79,60.0,61.0,56.0,57.0,61.0,8.0,58.7,293.5,1768
022368,CENT EDUC DE NSTRA SRA DE LA PAZ,BOGOTÁ D.C.,2025,81,61.0,59.0,55.0,57.0,64.0,10.0,58.5,292.5,1966
056358,COL DIST LUIS CARLOS GALAN SARMIENTO,BOGOTÁ D.C.,2020,61,59.0,59.0,56.0,57.0,52.0,9.4,57.3,286.5,1471
056358,COL DIST LUIS CARLOS GALAN SARMIENTO,BOGOTÁ D.C.,2021,63,58.0,58.0,53.0,54.0,56.0,9.6,55.8,279.0,1900
056358,COL DIST LUIS CARLOS GALAN SARMIENTO,BOGOTÁ D.C.,2022,56,59.0,61.0,53.0,55.0,58.0,9.0,57.1,285.5,1923
056358,COL DIST LUIS CARLOS GALAN SARMIENTO,BOGOTÁ D.C.,2023,78,59.0,60.0,54.0,57.0,58.0,10.0,57.5,287.5,1937
056358,COL DIST LUIS CARLOS GALAN SARMIENTO,BOGOTÁ D.C.,2024,84,60.0,61.0,53.0,56.0,60.0,10.4,57.7,288.5,2088
056358,COL DIST LUIS CARLOS GALAN SARMIENTO,BOGOTÁ D.C.,2025,49,62.0,60.0,55.0,57.0,62.0,10.6,58.8,294.0,1840
029512,INST SAN JUAN DE DIOS,BOGOTÁ D.C.,2020,62,61.0,58.0,58.0,55.0,57.0,9.4,57.9,289.5,1331
029512,INST SAN JUAN DE DIOS,BOGOTÁ D.C.,2021,73,62.0,58.0,59.0,56.0,66.0,9.6,59.3,296.5,1153
029512,INST SAN JUAN DE DIOS,BOGOTÁ D.C.,2022,49,63.0,60.0,58.0,57.0,66.0,9.8,60.0,300.0,1200
029512,INST SAN JUAN DE DIOS,BOGOTÁ D.C.,2023,41,62.0,60.0,59.0,58.0,68.0,8.0,60.4,302.0,1230
029512,INST SAN JUAN DE DIOS,BOGOTÁ D.C.,2024,42,63.0,62.0,57.0,59.0,69.0,9.2,60.9,304.5,1268
029512,INST SAN JUAN DE DIOS,BOGOTÁ D.C.,2025,26,62.0,61.0,59.0,57.0,71.0,11.0,60.6,303.0,1420
037143,COLEGIO COOPERATIVO MONSEÑOR ISMAEL PERDOMO,BOGOTÁ D.C.,2020,93,57.0,58.0,53.0,53.0,53.0,9.0,55.1,275.5,2017
037143,COLEGIO COOPERATIVO MONSEÑOR ISMAEL PERDOMO,BOGOTÁ D.C.,2021,108,59.0,55.0,53.0,54.0,58.0,8.4,55.5,277.5,2000
037143,COLEGIO COOPERATIVO MONSEÑOR ISMAEL PERDOMO,BOGOTÁ D.C.,2022,87,58.0,56.0,52.0,53.0,57.0,9.0,54.9,274.5,2662
037143,COLEGIO COOPERATIVO MONSEÑOR ISMAEL PERDOMO,BOGOTÁ D.C.,2023,57,59.0,57.0,55.0,56.0,59.0,8.2,56.9,284.5,2119
037143,COLEGIO COOPERATIVO MONSEÑOR ISMAEL PERDOMO,BOGOTÁ D.C.,2024,70,60.0,57.0,53.0,53.0,60.0,9.4,56.1,280.5,2654
037143,COLEGIO COOPERATIVO MONSEÑOR ISMAEL PERDOMO,BOGOTÁ D.C.,2025,50,58.0,59.0,55.0,57.0,62.0,9.2,57.6,288.0,2220
048892,COLEGIO CASABLANCA,BOGOTÁ D.C.,2020,56,55.0,55.0,50.0,50.0,50.0,10.0,52.3,261.5,3178
048892,COLEGIO CASABLANCA,BOGOTÁ D.C.,2021,75,58.0,57.0,52.0,54.0,58.0,8.6,55.5,277.5,2000
048892,COLEGIO CASABLANCA,BOGOTÁ D.C.,2022,42,60.0,58.0,56.0,56.0,59.0,8.8,57.6,288.0,1761
048892,COLEGIO CASABLANCA,BOGOTÁ D.C.,2023,41,62.0,61.0,56.0,58.0,61.0,9.2,59.4,297.0,1447
048892,COLEGIO CASABLANCA,BOGOTÁ D.C.,2024,40,65.0,63.0,59.0,61.0,68.0,9.8,62.5,312.5,970
048892,COLEGIO CASABLANCA,BOGOTÁ D.C.,2025,46,62.0,61.0,58.0,57.0,66.0,9.0,60.0,300.0,1562
114827,LIC PSICOPEDAG NUEVA CASTILLA,BOGOTÁ D.C.,2020,41,56.0,58.0,54.0,54.0,54.0,8.4,55.4,277.0,1909
114827,LIC PSICOPEDAG NUEVA CASTILLA,BOGOTÁ D.C.,2021,38,58.0,57.0,53.0,55.0,62.0,9.2,56.2,281.0,1818
114827,LIC PSICOPEDAG NUEVA CASTILLA,BOGOTÁ D.C.,2022,41,61.0,58.0,56.0,55.0,63.0,8.6,57.9,289.5,1709
114827,LIC PSICOPEDAG NUEVA CASTILLA,BOGOTÁ D.C.,2023,44,58.0,58.0,54.0,56.0,62.0,9.6,56.9,284.5,2119
114827,LIC PSICOPEDAG NUEVA CASTILLA,BOGOTÁ D.C.,2024,32,58.0,61.0,54.0,56.0,63.0,7.6,57.7,288.5,2088
114827,LIC PSICOPEDAG NUEVA CASTILLA,BOGOTÁ D.C.,2025,38,60.0,59.0,58.0,57.0,61.0,9.4,58.7,293.5,1898
026047,COL PARROQ ADVENIAT,BOGOTÁ D.C.,2020,58,59.0,60.0,56.0,57.0,54.0,9.2,57.7,288.5,1389
026047,COL PARROQ ADVENIAT,BOGOTÁ D.C.,2021,65,61.0,61.0,57.0,57.0,59.0,9.2,59.0,295.0,1180
026047,COL PARROQ ADVENIAT,BOGOTÁ D.C.,2022,66,61.0,62.0,57.0,57.0,61.0,9.0,59.4,297.0,1332
026047,COL PARROQ ADVENIAT,BOGOTÁ D.C.,2023,71,61.0,61.0,56.0,57.0,60.0,8.2,58.8,294.0,1585
026047,COL PARROQ ADVENIAT,BOGOTÁ D.C.,2024,68,61.0,62.0,58.0,57.0,61.0,7.8,59.6,298.0,1523
026047,COL PARROQ ADVENIAT,BOGOTÁ D.C.,2025,56,60.0,62.0,56.0,57.0,60.0,9.0,58.8,294.0,1840
168195,COLEGIO RODOLFO LLINAS IED - SEDE PRINCIPAL,BOGOTÁ D.C.,2020,92,59.0,63.0,57.0,57.0,60.0,9.8,59.1,295.5,1114
168195,COLEGIO RODOLFO LLINAS IED - SEDE PRINCIPAL,BOGOTÁ D.C.,2021,100,60.0,59.0,54.0,56.0,63.0,9.6,57.7,288.5,1474
168195,COLEGIO RODOLFO LLINAS IED - SEDE PRINCIPAL,BOGOTÁ D.C.,2022,101,58.0,56.0,54.0,54.0,61.0,9.2,55.9,279.5,2287
168195,COLEGIO RODOLFO LLINAS IED - SEDE PRINCIPAL,BOGOTÁ D.C.,2023,94,60.0,59.0,56.0,57.0,65.0,10.6,58.5,292.5,1681
168195,COLEGIO RODOLFO LLINAS IED - SEDE PRINCIPAL,BOGOTÁ D.C.,2024,103,61.0,60.0,56.0,58.0,65.0,8.6,59.2,296.0,1635
168195,COLEGIO RODOLFO LLINAS IED - SEDE PRINCIPAL,BOGOTÁ D.C.,2025,99,60.0,63.0,55.0,57.0,66.0,9.8,59.3,296.5,1742
172486,GIMN LOS PIRINEOS,BOGOTÁ D.C.,2020,12,57.0,57.0,57.0,53.0,61.0,10.2,56.4,282.0,1644
172486,GIMN LOS PIRINEOS,BOGOTÁ D.C.,2021,6,62.0,58.0,56.0,56.0,64.0,8.2,58.5,292.5,1310
172486,GIMN LOS PIRINEOS,BOGOTÁ D.C.,2022,10,65.0,61.0,62.0,56.0,64.0,6.4,61.2,306.0,987
172486,GIMN LOS PIRINEOS,BOGOTÁ D.C.,2023,11,57.0,55.0,49.0,51.0,58.0,10.0,53.4,267.0,3550
172486,GIMN LOS PIRINEOS,BOGOTÁ D.C.,2024,18,62.0,64.0,57.0,59.0,65.0,10.4,60.8,304.0,1268
172486,GIMN LOS PIRINEOS,BOGOTÁ D.C.,2025,24,61.0,61.0,54.0,57.0,69.0,8.8,59.1,295.5,1792
603019,LICEO OCTAVIO PAZ,BOGOTÁ D.C.,2020,12,52.0,52.0,48.0,46.0,47.0,9.4,49.3,246.5,5038
603019,LICEO OCTAVIO PAZ,BOGOTÁ D.C.,2021,19,57.0,53.0,55.0,53.0,54.0,9.4,54.5,272.5,2303
603019,LICEO OCTAVIO PAZ,BOGOTÁ D.C.,2022,24,58.0,54.0,53.0,51.0,56.0,9.2,54.2,271.0,2904
603019,LICEO OCTAVIO PAZ,BOGOTÁ D.C.,2023,28,60.0,53.0,52.0,50.0,59.0,9.0,54.2,271.0,3101
603019,LICEO OCTAVIO PAZ,BOGOTÁ D.C.,2024,20,57.0,54.0,51.0,53.0,56.0,9.2,53.9,269.5,3641
603019,LICEO OCTAVIO PAZ,BOGOTÁ D.C.,2025,21,60.0,59.0,57.0,57.0,60.0,8.6,58.4,292.0,1966
736975,COL TALLER PSICOPEDAG DE LOS ANDES,BOGOTÁ D.C.,2020,74,57.0,56.0,54.0,52.0,54.0,9.2,54.7,273.5,2144
736975,COL TALLER PSICOPEDAG DE LOS ANDES,BOGOTÁ D.C.,2021,86,61.0,59.0,55.0,56.0,61.0,9.4,58.0,290.0,1393
736975,COL TALLER PSICOPEDAG DE LOS ANDES,BOGOTÁ D.C.,2022,39,63.0,60.0,59.0,60.0,66.0,8.8,60.9,304.5,1048
736975,COL TALLER PSICOPEDAG DE LOS ANDES,BOGOTÁ D.C.,2023,57,61.0,58.0,56.0,57.0,64.0,9.0,58.5,292.5,1681
736975,COL TALLER PSICOPEDAG DE LOS ANDES,BOGOTÁ D.C.,2024,57,62.0,57.0,57.0,58.0,66.0,9.8,59.1,295.5,1682
736975,COL TALLER PSICOPEDAG DE LOS ANDES,BOGOTÁ D.C.,2025,48,63.0,61.0,57.0,57.0,65.0,11.0,59.9,299.5,1610
820399,COLEGIO JAIME NIÑO DIEZ (IED) - SEDE PRINCIPAL,BOGOTÁ D.C.,2025,37,61.0,58.0,58.0,57.0,64.0,10.6,58.9,294.5,1840
034876,GIMNASIO SAN JOSE,BOGOTÁ D.C.,2020,24,56.0,57.0,54.0,53.0,54.0,8.8,54.9,274.5,2076
034876,GIMNASIO SAN JOSE,BOGOTÁ D.C.,2021,39,58.0,54.0,54.0,53.0,60.0,9.0,55.2,276.0,2063
034876,GIMNASIO SAN JOSE,BOGOTÁ D.C.,2022,36,62.0,59.0,56.0,59.0,62.0,9.6,59.2,296.0,1371
034876,GIMNASIO SAN JOSE,BOGOTÁ D.C.,2023,30,59.0,57.0,54.0,54.0,60.0,9.2,56.3,281.5,2342
034876,GIMNASIO SAN JOSE,BOGOTÁ D.C.,2024,28,58.0,56.0,52.0,53.0,63.0,9.0,55.4,277.0,2888
034876,GIMNASIO SAN JOSE,BOGOTÁ D.C.,2025,34,60.0,57.0,57.0,56.0,63.0,10.4,57.9,289.5,2162
145466,COL COLOMBO INTERNACIONAL ACOINPREV,BOGOTÁ D.C.,2020,40,56.0,56.0,51.0,54.0,53.0,8.2,54.2,271.0,2294
145466,COL COLOMBO INTERNACIONAL ACOINPREV,BOGOTÁ D.C.,2021,50,60.0,59.0,55.0,55.0,60.0,8.8,57.5,287.5,1516
145466,COL COLOMBO INTERNACIONAL ACOINPREV,BOGOTÁ D.C.,2022,50,58.0,56.0,54.0,53.0,58.0,10.8,55.5,277.5,2415
145466,COL COLOMBO INTERNACIONAL ACOINPREV,BOGOTÁ D.C.,2023,58,59.0,59.0,54.0,55.0,61.0,9.6,57.1,285.5,2056
145466,COL COLOMBO INTERNACIONAL ACOINPREV,BOGOTÁ D.C.,2024,58,61.0,61.0,55.0,58.0,62.0,8.2,59.0,295.0,1682
145466,COL COLOMBO INTERNACIONAL ACOINPREV,BOGOTÁ D.C.,2025,54,61.0,60.0,55.0,56.0,62.0,10.2,58.3,291.5,2029
098921,LICEO MATER DEI,BOGOTÁ D.C.,2020,27,51.0,50.0,48.0,47.0,46.0,9.0,48.8,244.0,5346
098921,LICEO MATER DEI,BOGOTÁ D.C.,2021,28,57.0,53.0,50.0,50.0,53.0,10.2,52.5,262.5,3083
098921,LICEO MATER DEI,BOGOTÁ D.C.,2022,19,59.0,54.0,53.0,53.0,55.0,9.8,54.8,274.0,2662
098921,LICEO MATER DEI,BOGOTÁ D.C.,2023,36,55.0,52.0,49.0,51.0,55.0,10.8,52.0,260.0,4401
098921,LICEO MATER DEI,BOGOTÁ D.C.,2024,15,53.0,50.0,47.0,45.0,54.0,8.6,49.2,246.0,6712
098921,LICEO MATER DEI,BOGOTÁ D.C.,2025,18,59.0,53.0,54.0,56.0,55.0,9.8,55.5,277.5,3047
085688,COL ALVARO CAMARGO DE LA TORRE E.T.B.,BOGOTÁ D.C.,2020,43,59.0,61.0,56.0,54.0,57.0,9.4,57.5,287.5,1429
085688,COL ALVARO CAMARGO DE LA TORRE E.T.B.,BOGOTÁ D.C.,2021,43,61.0,62.0,56.0,54.0,64.0,9.2,58.7,293.5,1257
085688,COL ALVARO CAMARGO DE LA TORRE E.T.B.,BOGOTÁ D.C.,2022,44,62.0,62.0,55.0,58.0,64.0,9.6,59.6,298.0,1276
085688,COL ALVARO CAMARGO DE LA TORRE E.T.B.,BOGOTÁ D.C.,2023,52,64.0,63.0,57.0,59.0,66.0,9.0,61.2,306.0,1081
085688,COL ALVARO CAMARGO DE LA TORRE E.T.B.,BOGOTÁ D.C.,2024,29,61.0,62.0,54.0,57.0,65.0,9.4,59.0,295.0,1682
085688,COL ALVARO CAMARGO DE LA TORRE E.T.B.,BOGOTÁ D.C.,2025,23,60.0,62.0,56.0,56.0,64.0,10.2,58.9,294.5,1840
023937,LICEO MODERNO CAMPESTRE,BOGOTÁ D.C.,2021,29,61.0,60.0,55.0,56.0,66.0,9.8,58.6,293.0,1257
023937,LICEO MODERNO CAMPESTRE,BOGOTÁ D.C.,2022,25,60.0,58.0,54.0,54.0,64.0,9.4,57.1,285.5,1923
023937,LICEO MODERNO CAMPESTRE,BOGOTÁ D.C.,2023,26,59.0,58.0,54.0,57.0,63.0,11.0,57.5,287.5,1937
023937,LICEO MODERNO CAMPESTRE,BOGOTÁ D.C.,2024,25,62.0,58.0,58.0,59.0,66.0,8.6,59.8,299.0,1476
023937,LICEO MODERNO CAMPESTRE,BOGOTÁ D.C.,2025,31,59.0,57.0,54.0,56.0,65.0,11.0,57.2,286.0,2351
114819,COLEGIO SAN ISIDRO,BOGOTÁ D.C.,2020,12,58.0,50.0,53.0,51.0,51.0,11.4,52.8,264.0,2872
114819,COLEGIO SAN ISIDRO,BOGOTÁ D.C.,2021,8,61.0,57.0,58.0,54.0,61.0,9.8,57.8,289.0,1440
114819,COLEGIO SAN ISIDRO,BOGOTÁ D.C.,2022,9,62.0,59.0,60.0,59.0,65.0,9.0,60.4,302.0,1113
114819,COLEGIO SAN ISIDRO,BOGOTÁ D.C.,2023,12,60.0,58.0,55.0,56.0,58.0,9.6,57.3,286.5,1999
114819,COLEGIO SAN ISIDRO,BOGOTÁ D.C.,2024,14,60.0,56.0,57.0,55.0,59.0,9.2,57.2,286.0,2211
114819,COLEGIO SAN ISIDRO,BOGOTÁ D.C.,2025,12,60.0,59.0,56.0,56.0,59.0,10.0,57.8,289.0,2162
024083,LICEO ROCELY,BOGOTÁ D.C.,2020,14,55.0,57.0,52.0,52.0,56.0,10.8,54.2,271.0,2294
024083,LICEO ROCELY,BOGOTÁ D.C.,2021,14,62.0,53.0,56.0,53.0,66.0,8.6,56.8,284.0,1652
024083,LICEO ROCELY,BOGOTÁ D.C.,2022,8,62.0,61.0,56.0,58.0,74.0,9.2,60.4,302.0,1113
024083,LICEO ROCELY,BOGOTÁ D.C.,2023,18,55.0,50.0,51.0,52.0,61.0,12.4,52.7,263.5,4004
024083,LICEO ROCELY,BOGOTÁ D.C.,2024,16,59.0,56.0,57.0,56.0,62.0,9.2,57.4,287.0,2139
024083,LICEO ROCELY,BOGOTÁ D.C.,2025,23,61.0,58.0,55.0,56.0,65.0,8.8,58.1,290.5,2090
170175,CENTRO EDUCATIVO FORMAL PARA ADULTOS LOS SAUCES,BOGOTÁ D.C.,2020,4,47.0,52.0,41.0,40.0,42.0,7.6,44.8,224.0,8509
170175,CENTRO EDUCATIVO FORMAL PARA ADULTOS LOS SAUCES,BOGOTÁ D.C.,2021,12,48.0,48.0,48.0,47.0,49.0,9.0,47.8,239.0,5974
170175,CENTRO EDUCATIVO FORMAL PARA ADULTOS LOS SAUCES,BOGOTÁ D.C.,2022,8,54.0,51.0,49.0,48.0,48.0,7.8,50.3,251.5,5167
170175,CENTRO EDUCATIVO FORMAL PARA ADULTOS LOS SAUCES,BOGOTÁ D.C.,2023,5,46.0,39.0,41.0,38.0,38.0,6.0,40.8,204.0,12280
170175,CENTRO EDUCATIVO FORMAL PARA ADULTOS LOS SAUCES,BOGOTÁ D.C.,2025,2,56.0,59.0,51.0,56.0,55.0,6.4,55.5,277.5,3047
125914,CENT EDUC DIST FRANCISCO DE PAULA SANTANDER,BOGOTÁ D.C.,2020,31,54.0,54.0,51.0,52.0,47.0,8.8,52.3,261.5,3178
125914,CENT EDUC DIST FRANCISCO DE PAULA SANTANDER,BOGOTÁ D.C.,2021,41,54.0,53.0,48.0,50.0,51.0,8.8,51.2,256.0,3688
125914,CENT EDUC DIST FRANCISCO DE PAULA SANTANDER,BOGOTÁ D.C.,2022,42,57.0,55.0,51.0,52.0,54.0,9.0,53.8,269.0,3089
125914,CENT EDUC DIST FRANCISCO DE PAULA SANTANDER,BOGOTÁ D.C.,2023,26,58.0,58.0,55.0,57.0,55.0,8.2,56.8,284.0,2119
125914,CENT EDUC DIST FRANCISCO DE PAULA SANTANDER,BOGOTÁ D.C.,2024,44,57.0,55.0,52.0,53.0,53.0,10.0,54.2,271.0,3449
125914,CENT EDUC DIST FRANCISCO DE PAULA SANTANDER,BOGOTÁ D.C.,2025,30,60.0,60.0,54.0,56.0,56.0,9.0,57.4,287.0,2291
213223,COL DIST JORGE ELIECER GAITAN,BOGOTÁ D.C.,2020,137,57.0,59.0,54.0,52.0,51.0,9.4,55.2,276.0,1964
213223,COL DIST JORGE ELIECER GAITAN,BOGOTÁ D.C.,2021,114,56.0,55.0,50.0,52.0,55.0,10.6,53.4,267.0,2660
213223,COL DIST JORGE ELIECER GAITAN,BOGOTÁ D.C.,2022,110,57.0,56.0,52.0,53.0,56.0,9.0,54.6,273.0,2746
213223,COL DIST JORGE ELIECER GAITAN,BOGOTÁ D.C.,2023,124,58.0,58.0,52.0,54.0,0.0,7.4,51.2,256.0,4938
213223,COL DIST JORGE ELIECER GAITAN,BOGOTÁ D.C.,2023,123,0.0,0.0,0.0,0.0,59.0,2.4,4.5,22.5,14569
213223,COL DIST JORGE ELIECER GAITAN,BOGOTÁ D.C.,2024,122,58.0,60.0,53.0,56.0,58.0,9.6,56.8,284.0,2367
213223,COL DIST JORGE ELIECER GAITAN,BOGOTÁ D.C.,2025,103,60.0,59.0,55.0,56.0,60.0,10.8,57.7,288.5,2220
665653,COLEGIO CAFAM LA ESPERANZA (IED),BOGOTÁ D.C.,2020,104,53.0,52.0,50.0,50.0,49.0,9.8,51.1,255.5,3849
665653,COLEGIO CAFAM LA ESPERANZA (IED),BOGOTÁ D.C.,2021,62,54.0,50.0,49.0,50.0,49.0,9.0,50.6,253.0,4050
665653,COLEGIO CAFAM LA ESPERANZA (IED),BOGOTÁ D.C.,2022,56,56.0,54.0,52.0,52.0,54.0,9.4,53.5,267.5,3280
665653,COLEGIO CAFAM LA ESPERANZA (IED),BOGOTÁ D.C.,2023,74,57.0,55.0,52.0,53.0,55.0,9.0,54.3,271.5,3101
665653,COLEGIO CAFAM LA ESPERANZA (IED),BOGOTÁ D.C.,2024,68,59.0,59.0,53.0,55.0,57.0,10.4,56.5,282.5,2513
665653,COLEGIO CAFAM LA ESPERANZA (IED),BOGOTÁ D.C.,2025,69,58.0,56.0,52.0,56.0,55.0,10.0,55.5,277.5,3047
781278,COL DIST NESTOR FORERO ALCALA,BOGOTÁ D.C.,2023,53,57.0,55.0,53.0,55.0,59.0,10.0,55.3,276.5,2696
781278,COL DIST NESTOR FORERO ALCALA,BOGOTÁ D.C.,2024,52,60.0,59.0,56.0,56.0,60.0,8.2,57.9,289.5,2019
781278,COL DIST NESTOR FORERO ALCALA,BOGOTÁ D.C.,2025,44,60.0,59.0,56.0,56.0,60.0,9.6,57.9,289.5,2162
741694,COLEGIO PSICOPEDAGOGICO LA ACACIA LTDA,BOGOTÁ D.C.,2020,50,57.0,52.0,52.0,52.0,52.0,8.8,53.2,266.0,2679
741694,COLEGIO PSICOPEDAGOGICO LA ACACIA LTDA,BOGOTÁ D.C.,2021,42,58.0,56.0,54.0,54.0,58.0,9.2,55.7,278.5,1959
741694,COLEGIO PSICOPEDAGOGICO LA ACACIA LTDA,BOGOTÁ D.C.,2022,34,56.0,52.0,52.0,52.0,54.0,9.8,53.1,265.5,3497
741694,COLEGIO PSICOPEDAGOGICO LA ACACIA LTDA,BOGOTÁ D.C.,2023,20,58.0,56.0,54.0,54.0,56.0,10.2,55.5,277.5,2625
741694,COLEGIO PSICOPEDAGOGICO LA ACACIA LTDA,BOGOTÁ D.C.,2024,33,59.0,59.0,55.0,55.0,60.0,10.6,57.2,286.0,2211
741694,COLEGIO PSICOPEDAGOGICO LA ACACIA LTDA,BOGOTÁ D.C.,2025,45,61.0,60.0,55.0,56.0,59.0,10.2,58.1,290.5,2090
091322,LICEO MAX PLANCK,BOGOTÁ D.C.,2020,25,54.0,54.0,51.0,52.0,53.0,8.6,52.8,264.0,2872
091322,LICEO MAX PLANCK,BOGOTÁ D.C.,2021,19,58.0,52.0,54.0,53.0,59.0,8.6,54.6,273.0,2249
091322,LICEO MAX PLANCK,BOGOTÁ D.C.,2022,15,60.0,55.0,57.0,54.0,59.0,9.8,56.7,283.5,2037
091322,LICEO MAX PLANCK,BOGOTÁ D.C.,2023,18,56.0,52.0,52.0,54.0,55.0,9.2,53.6,268.0,3422
091322,LICEO MAX PLANCK,BOGOTÁ D.C.,2024,27,62.0,59.0,59.0,61.0,60.0,10.0,60.2,301.0,1391
091322,LICEO MAX PLANCK,BOGOTÁ D.C.,2025,15,59.0,56.0,55.0,56.0,59.0,12.2,56.7,283.5,2555
052191,GIMN LOS MONJES,BOGOTÁ D.C.,2020,47,60.0,58.0,58.0,56.0,55.0,10.6,57.8,289.0,1331
052191,GIMN LOS MONJES,BOGOTÁ D.C.,2021,42,58.0,57.0,55.0,54.0,59.0,9.4,56.2,281.0,1818
052191,GIMN LOS MONJES,BOGOTÁ D.C.,2022,36,61.0,61.0,58.0,58.0,62.0,11.0,59.7,298.5,1276
052191,GIMN LOS MONJES,BOGOTÁ D.C.,2023,45,60.0,58.0,56.0,58.0,63.0,9.8,58.4,292.0,1681
052191,GIMN LOS MONJES,BOGOTÁ D.C.,2024,42,63.0,60.0,59.0,58.0,64.0,10.6,60.3,301.5,1391
052191,GIMN LOS MONJES,BOGOTÁ D.C.,2025,34,59.0,57.0,54.0,56.0,60.0,9.6,56.8,284.0,2491
039784,COL COOP DE LOS ALAMOS,BOGOTÁ D.C.,2020,74,57.0,58.0,54.0,54.0,59.0,8.0,56.0,280.0,1737
039784,COL COOP DE LOS ALAMOS,BOGOTÁ D.C.,2021,64,57.0,56.0,53.0,52.0,61.0,9.8,55.0,275.0,2116
039784,COL COOP DE LOS ALAMOS,BOGOTÁ D.C.,2022,62,60.0,58.0,56.0,55.0,61.0,10.0,57.5,287.5,1816
039784,COL COOP DE LOS ALAMOS,BOGOTÁ D.C.,2023,66,57.0,56.0,53.0,52.0,60.0,9.8,54.9,274.5,2835
039784,COL COOP DE LOS ALAMOS,BOGOTÁ D.C.,2024,58,58.0,56.0,54.0,55.0,59.0,11.6,56.0,280.0,2654
039784,COL COOP DE LOS ALAMOS,BOGOTÁ D.C.,2025,54,60.0,58.0,55.0,56.0,62.0,10.4,57.6,288.0,2220
072694,COL COLOMBO FLORIDA BILINGÜE,BOGOTÁ D.C.,2020,30,57.0,58.0,55.0,55.0,60.0,9.8,56.5,282.5,1644
072694,COL COLOMBO FLORIDA BILINGÜE,BOGOTÁ D.C.,2021,38,61.0,60.0,55.0,57.0,66.0,9.6,58.8,294.0,1222
072694,COL COLOMBO FLORIDA BILINGÜE,BOGOTÁ D.C.,2022,32,58.0,59.0,56.0,56.0,62.0,8.6,57.6,288.0,1761
072694,COL COLOMBO FLORIDA BILINGÜE,BOGOTÁ D.C.,2023,30,61.0,61.0,58.0,59.0,63.0,9.8,60.0,300.0,1317
072694,COL COLOMBO FLORIDA BILINGÜE,BOGOTÁ D.C.,2024,30,60.0,62.0,57.0,59.0,65.0,9.6,59.9,299.5,1476
072694,COL COLOMBO FLORIDA BILINGÜE,BOGOTÁ D.C.,2025,17,60.0,59.0,55.0,56.0,64.0,10.0,58.0,290.0,2090
142125,GIMNASIO MODELIA REAL - SEDE PRINCIPAL,BOGOTÁ D.C.,2020,60,58.0,61.0,58.0,56.0,62.0,9.2,58.5,292.5,1211
142125,GIMNASIO MODELIA REAL - SEDE PRINCIPAL,BOGOTÁ D.C.,2021,66,59.0,58.0,56.0,56.0,67.0,10.0,58.0,290.0,1393
142125,GIMNASIO MODELIA REAL - SEDE PRINCIPAL,BOGOTÁ D.C.,2022,77,60.0,58.0,56.0,54.0,68.0,8.4,57.8,289.0,1709
142125,GIMNASIO MODELIA REAL - SEDE PRINCIPAL,BOGOTÁ D.C.,2023,72,61.0,60.0,55.0,57.0,67.0,10.2,58.9,294.5,1585
142125,GIMNASIO MODELIA REAL - SEDE PRINCIPAL,BOGOTÁ D.C.,2024,78,61.0,61.0,56.0,57.0,67.0,10.4,59.4,297.0,1585
142125,GIMNASIO MODELIA REAL - SEDE PRINCIPAL,BOGOTÁ D.C.,2025,65,58.0,59.0,54.0,56.0,67.0,11.2,57.5,287.5,2291
098798,COLEGIO PARROQUIAL SAN JOSE,BOGOTÁ D.C.,2020,61,60.0,59.0,59.0,56.0,55.0,8.6,58.2,291.0,1247
098798,COLEGIO PARROQUIAL SAN JOSE,BOGOTÁ D.C.,2021,68,60.0,57.0,56.0,55.0,59.0,8.4,57.2,286.0,1563
098798,COLEGIO PARROQUIAL SAN JOSE,BOGOTÁ D.C.,2022,82,59.0,58.0,57.0,55.0,59.0,8.4,57.4,287.0,1816
098798,COLEGIO PARROQUIAL SAN JOSE,BOGOTÁ D.C.,2023,90,60.0,57.0,56.0,56.0,59.0,8.8,57.4,287.0,1937
098798,COLEGIO PARROQUIAL SAN JOSE,BOGOTÁ D.C.,2024,61,59.0,54.0,53.0,53.0,57.0,9.6,54.9,274.5,3172
098798,COLEGIO PARROQUIAL SAN JOSE,BOGOTÁ D.C.,2025,81,60.0,58.0,57.0,56.0,62.0,10.0,58.1,290.5,2090
020693,INST TEC DIST DOMINGO FAUSTINO SARMIENTO,BOGOTÁ D.C.,2020,81,53.0,52.0,49.0,49.0,48.0,9.4,50.5,252.5,4217
020693,INST TEC DIST DOMINGO FAUSTINO SARMIENTO,BOGOTÁ D.C.,2021,37,57.0,53.0,51.0,50.0,52.0,9.4,52.7,263.5,2989
020693,INST TEC DIST DOMINGO FAUSTINO SARMIENTO,BOGOTÁ D.C.,2022,60,57.0,54.0,51.0,52.0,53.0,10.4,53.5,267.5,3280
020693,INST TEC DIST DOMINGO FAUSTINO SARMIENTO,BOGOTÁ D.C.,2023,33,57.0,55.0,50.0,53.0,56.0,8.8,53.9,269.5,3317
020693,INST TEC DIST DOMINGO FAUSTINO SARMIENTO,BOGOTÁ D.C.,2024,82,57.0,57.0,53.0,54.0,57.0,9.4,55.4,277.0,2888
020693,INST TEC DIST DOMINGO FAUSTINO SARMIENTO,BOGOTÁ D.C.,2025,80,59.0,58.0,53.0,56.0,56.0,9.4,56.5,282.5,2637
102616,COLEGIO REAL DE BOGOTA,BOGOTÁ D.C.,2020,14,55.0,55.0,53.0,52.0,53.0,10.2,53.7,268.5,2515
102616,COLEGIO REAL DE BOGOTA,BOGOTÁ D.C.,2021,15,53.0,48.0,43.0,49.0,56.0,9.8,48.8,244.0,5257
102616,COLEGIO REAL DE BOGOTA,BOGOTÁ D.C.,2022,11,57.0,57.0,52.0,53.0,52.0,6.8,54.5,272.5,2824
102616,COLEGIO REAL DE BOGOTA,BOGOTÁ D.C.,2023,15,57.0,53.0,51.0,51.0,53.0,7.8,53.0,265.0,3776
102616,COLEGIO REAL DE BOGOTA,BOGOTÁ D.C.,2024,18,58.0,55.0,50.0,52.0,56.0,9.8,53.9,269.5,3641
102616,COLEGIO REAL DE BOGOTA,BOGOTÁ D.C.,2025,10,58.0,58.0,49.0,56.0,59.0,9.6,55.5,277.5,3047
098947,COLEGIO ANDRES ROSILLO,BOGOTÁ D.C.,2020,32,54.0,56.0,52.0,53.0,53.0,8.6,53.7,268.5,2515
098947,COLEGIO ANDRES ROSILLO,BOGOTÁ D.C.,2021,36,56.0,58.0,55.0,54.0,59.0,10.0,56.0,280.0,1863
098947,COLEGIO ANDRES ROSILLO,BOGOTÁ D.C.,2022,37,57.0,56.0,52.0,53.0,56.0,8.6,54.6,273.0,2746
098947,COLEGIO ANDRES ROSILLO,BOGOTÁ D.C.,2023,36,57.0,59.0,55.0,55.0,59.0,8.8,56.7,283.5,2191
098947,COLEGIO ANDRES ROSILLO,BOGOTÁ D.C.,2024,28,60.0,60.0,57.0,57.0,61.0,10.0,58.7,293.5,1768
098947,COLEGIO ANDRES ROSILLO,BOGOTÁ D.C.,2025,42,61.0,59.0,56.0,56.0,61.0,9.0,58.2,291.0,2029
752576,COLEGIO MONTERROSALES BILINGÜE - SEDE PRINCIPAL,BOGOTÁ D.C.,2021,18,60.0,57.0,57.0,55.0,72.0,8.6,58.4,292.0,1310
752576,COLEGIO MONTERROSALES BILINGÜE - SEDE PRINCIPAL,BOGOTÁ D.C.,2022,13,62.0,58.0,58.0,57.0,71.0,8.0,59.7,298.5,1276
752576,COLEGIO MONTERROSALES BILINGÜE - SEDE PRINCIPAL,BOGOTÁ D.C.,2023,27,63.0,59.0,57.0,57.0,70.0,11.0,59.8,299.0,1362
752576,COLEGIO MONTERROSALES BILINGÜE - SEDE PRINCIPAL,BOGOTÁ D.C.,2024,350,60.0,58.0,55.0,55.0,64.0,10.4,57.5,287.5,2139
752576,COLEGIO MONTERROSALES BILINGÜE - SEDE PRINCIPAL,BOGOTÁ D.C.,2025,629,60.0,58.0,55.0,56.0,63.0,11.0,57.7,288.5,2220
719534,CENTRO EDUCATIVO LOMBARDIA,BOGOTÁ D.C.,2020,53,59.0,59.0,57.0,57.0,57.0,9.4,57.9,289.5,1331
719534,CENTRO EDUCATIVO LOMBARDIA,BOGOTÁ D.C.,2021,42,59.0,56.0,55.0,56.0,61.0,9.2,56.8,284.0,1652
719534,CENTRO EDUCATIVO LOMBARDIA,BOGOTÁ D.C.,2022,39,61.0,57.0,55.0,57.0,64.0,8.6,58.0,290.0,1656
719534,CENTRO EDUCATIVO LOMBARDIA,BOGOTÁ D.C.,2023,33,63.0,61.0,58.0,56.0,60.0,9.0,59.5,297.5,1447
719534,CENTRO EDUCATIVO LOMBARDIA,BOGOTÁ D.C.,2024,36,60.0,57.0,56.0,56.0,62.0,9.8,57.6,288.0,2088
719534,CENTRO EDUCATIVO LOMBARDIA,BOGOTÁ D.C.,2025,31,60.0,55.0,54.0,56.0,61.0,12.0,56.6,283.0,2555
023432,INST TEC IND PILOTO,BOGOTÁ D.C.,2020,139,55.0,54.0,52.0,53.0,48.0,8.6,53.1,265.5,2787
023432,INST TEC IND PILOTO,BOGOTÁ D.C.,2021,111,56.0,54.0,52.0,52.0,52.0,9.0,53.4,267.0,2660
023432,INST TEC IND PILOTO,BOGOTÁ D.C.,2022,109,59.0,58.0,56.0,54.0,56.0,9.4,56.7,283.5,2037
023432,INST TEC IND PILOTO,BOGOTÁ D.C.,2023,145,57.0,55.0,53.0,54.0,54.0,9.4,54.7,273.5,2917
023432,INST TEC IND PILOTO,BOGOTÁ D.C.,2024,134,60.0,59.0,57.0,58.0,57.0,9.6,58.4,292.0,1821
023432,INST TEC IND PILOTO,BOGOTÁ D.C.,2025,125,59.0,58.0,57.0,56.0,56.0,8.8,57.4,287.0,2291
098764,CENT EDUC DIST MARRUECOS Y MOLINOS,BOGOTÁ D.C.,2020,119,55.0,54.0,51.0,52.0,49.0,9.2,52.7,263.5,2984
098764,CENT EDUC DIST MARRUECOS Y MOLINOS,BOGOTÁ D.C.,2021,114,55.0,53.0,50.0,51.0,52.0,9.8,52.2,261.0,3173
098764,CENT EDUC DIST MARRUECOS Y MOLINOS,BOGOTÁ D.C.,2022,129,56.0,56.0,52.0,53.0,53.0,10.0,54.2,271.0,2904
098764,CENT EDUC DIST MARRUECOS Y MOLINOS,BOGOTÁ D.C.,2023,124,55.0,58.0,51.0,55.0,56.0,9.2,54.8,274.0,2835
098764,CENT EDUC DIST MARRUECOS Y MOLINOS,BOGOTÁ D.C.,2024,124,57.0,58.0,52.0,57.0,57.0,9.2,56.1,280.5,2654
098764,CENT EDUC DIST MARRUECOS Y MOLINOS,BOGOTÁ D.C.,2025,116,58.0,59.0,53.0,56.0,56.0,9.8,56.5,282.5,2637
140111,SALUDCOOP SUR (INST EDUC DIST),BOGOTÁ D.C.,2020,66,56.0,57.0,54.0,53.0,48.0,9.2,54.5,272.5,2224
140111,SALUDCOOP SUR (INST EDUC DIST),BOGOTÁ D.C.,2021,88,56.0,55.0,50.0,51.0,52.0,9.2,52.9,264.5,2906
140111,SALUDCOOP SUR (INST EDUC DIST),BOGOTÁ D.C.,2022,61,56.0,54.0,52.0,53.0,54.0,8.0,53.8,269.0,3089
140111,SALUDCOOP SUR (INST EDUC DIST),BOGOTÁ D.C.,2023,92,54.0,52.0,50.0,52.0,52.0,10.0,52.0,260.0,4401
140111,SALUDCOOP SUR (INST EDUC DIST),BOGOTÁ D.C.,2024,57,57.0,57.0,52.0,53.0,55.0,9.2,54.8,274.0,3172
140111,SALUDCOOP SUR (INST EDUC DIST),BOGOTÁ D.C.,2025,76,56.0,58.0,51.0,56.0,57.0,9.0,55.4,277.0,3047
087957,COL PARROQ MONSEÑOR EMILIO DE BRIGARD,BOGOTÁ D.C.,2020,45,60.0,60.0,58.0,57.0,54.0,9.4,58.4,292.0,1211
087957,COL PARROQ MONSEÑOR EMILIO DE BRIGARD,BOGOTÁ D.C.,2021,43,58.0,58.0,54.0,54.0,62.0,9.2,56.5,282.5,1760
087957,COL PARROQ MONSEÑOR EMILIO DE BRIGARD,BOGOTÁ D.C.,2022,51,59.0,59.0,55.0,57.0,63.0,10.0,57.9,289.5,1709
087957,COL PARROQ MONSEÑOR EMILIO DE BRIGARD,BOGOTÁ D.C.,2023,31,60.0,59.0,55.0,56.0,62.0,8.6,57.8,289.0,1830
087957,COL PARROQ MONSEÑOR EMILIO DE BRIGARD,BOGOTÁ D.C.,2024,37,58.0,57.0,52.0,54.0,62.0,9.8,55.8,279.0,2732
087957,COL PARROQ MONSEÑOR EMILIO DE BRIGARD,BOGOTÁ D.C.,2025,33,60.0,58.0,55.0,56.0,63.0,8.8,57.7,288.5,2220
020594,COL DE NSTRA SRA DEL PILAR SUR,BOGOTÁ D.C.,2020,91,62.0,59.0,60.0,58.0,58.0,8.8,59.6,298.0,999
020594,COL DE NSTRA SRA DEL PILAR SUR,BOGOTÁ D.C.,2021,81,62.0,59.0,58.0,57.0,64.0,8.8,59.4,297.0,1120
020594,COL DE NSTRA SRA DEL PILAR SUR,BOGOTÁ D.C.,2022,88,60.0,59.0,58.0,57.0,64.0,9.0,58.9,294.5,1463
020594,COL DE NSTRA SRA DEL PILAR SUR,BOGOTÁ D.C.,2023,97,62.0,59.0,58.0,59.0,65.0,9.2,59.9,299.5,1362
020594,COL DE NSTRA SRA DEL PILAR SUR,BOGOTÁ D.C.,2024,86,63.0,60.0,57.0,60.0,67.0,9.0,60.5,302.5,1353
020594,COL DE NSTRA SRA DEL PILAR SUR,BOGOTÁ D.C.,2025,71,60.0,58.0,54.0,56.0,64.0,9.8,57.5,287.5,2291
599464,LICEO PARROQUIAL SAN JOSE,BOGOTÁ D.C.,2020,47,55.0,55.0,54.0,52.0,49.0,8.6,53.6,268.0,2515
599464,LICEO PARROQUIAL SAN JOSE,BOGOTÁ D.C.,2021,54,55.0,55.0,51.0,52.0,54.0,9.2,53.3,266.5,2723
599464,LICEO PARROQUIAL SAN JOSE,BOGOTÁ D.C.,2022,36,63.0,59.0,56.0,55.0,59.0,9.0,58.3,291.5,1615
599464,LICEO PARROQUIAL SAN JOSE,BOGOTÁ D.C.,2023,40,55.0,53.0,51.0,52.0,57.0,9.2,53.1,265.5,3776
599464,LICEO PARROQUIAL SAN JOSE,BOGOTÁ D.C.,2024,41,59.0,57.0,54.0,53.0,57.0,9.4,55.8,279.0,2732
599464,LICEO PARROQUIAL SAN JOSE,BOGOTÁ D.C.,2025,48,61.0,61.0,56.0,56.0,61.0,9.8,58.7,293.5,1898
664953,COL NAL NICOLAS ESGUERRA,BOGOTÁ D.C.,2020,201,56.0,57.0,53.0,53.0,53.0,9.8,54.6,273.0,2144
664953,COL NAL NICOLAS ESGUERRA,BOGOTÁ D.C.,2021,213,58.0,57.0,53.0,53.0,58.0,9.6,55.5,277.5,2000
664953,COL NAL NICOLAS ESGUERRA,BOGOTÁ D.C.,2022,181,58.0,59.0,55.0,55.0,59.0,9.4,56.9,284.5,1986
664953,COL NAL NICOLAS ESGUERRA,BOGOTÁ D.C.,2023,214,59.0,57.0,56.0,56.0,59.0,9.0,57.2,286.0,1999
664953,COL NAL NICOLAS ESGUERRA,BOGOTÁ D.C.,2024,204,59.0,58.0,54.0,55.0,60.0,9.0,56.8,284.0,2367
664953,COL NAL NICOLAS ESGUERRA,BOGOTÁ D.C.,2025,194,59.0,59.0,54.0,56.0,60.0,9.2,57.2,286.0,2351
164640,LIC  PIÑEROS CORTES,BOGOTÁ D.C.,2020,30,56.0,55.0,52.0,50.0,52.0,9.2,53.2,266.0,2679
164640,LIC  PIÑEROS CORTES,BOGOTÁ D.C.,2021,19,60.0,54.0,56.0,53.0,62.0,8.4,56.2,281.0,1818
164640,LIC  PIÑEROS CORTES,BOGOTÁ D.C.,2022,29,60.0,56.0,57.0,55.0,60.0,8.4,57.2,286.0,1860
164640,LIC  PIÑEROS CORTES,BOGOTÁ D.C.,2023,17,57.0,53.0,52.0,54.0,59.0,9.4,54.4,272.0,3013
164640,LIC  PIÑEROS CORTES,BOGOTÁ D.C.,2024,26,56.0,54.0,55.0,54.0,58.0,9.4,55.0,275.0,3074
164640,LIC  PIÑEROS CORTES,BOGOTÁ D.C.,2025,21,59.0,56.0,54.0,56.0,63.0,11.8,56.8,284.0,2491
087908,INSTITUTO ORESTES SINDICI,BOGOTÁ D.C.,2020,43,55.0,52.0,53.0,51.0,49.0,7.4,52.5,262.5,3075
087908,INSTITUTO ORESTES SINDICI,BOGOTÁ D.C.,2021,37,56.0,50.0,50.0,49.0,55.0,8.4,51.5,257.5,3586
087908,INSTITUTO ORESTES SINDICI,BOGOTÁ D.C.,2022,27,58.0,52.0,53.0,53.0,54.0,7.8,54.0,270.0,3003
087908,INSTITUTO ORESTES SINDICI,BOGOTÁ D.C.,2023,32,56.0,50.0,50.0,50.0,56.0,8.6,51.8,259.0,4545
087908,INSTITUTO ORESTES SINDICI,BOGOTÁ D.C.,2024,58,58.0,56.0,54.0,55.0,59.0,9.2,56.0,280.0,2654
087908,INSTITUTO ORESTES SINDICI,BOGOTÁ D.C.,2025,38,58.0,57.0,53.0,56.0,61.0,9.6,56.4,282.0,2637
090977,COLEGIO MADRE MATILDE,BOGOTÁ D.C.,2020,57,59.0,58.0,54.0,55.0,54.0,8.8,56.3,281.5,1688
090977,COLEGIO MADRE MATILDE,BOGOTÁ D.C.,2021,36,55.0,52.0,49.0,51.0,54.0,9.8,51.9,259.5,3375
090977,COLEGIO MADRE MATILDE,BOGOTÁ D.C.,2022,52,60.0,57.0,55.0,56.0,60.0,9.6,57.2,286.0,1860
090977,COLEGIO MADRE MATILDE,BOGOTÁ D.C.,2023,44,60.0,55.0,53.0,54.0,62.0,9.0,56.0,280.0,2407
090977,COLEGIO MADRE MATILDE,BOGOTÁ D.C.,2024,32,58.0,55.0,52.0,54.0,58.0,7.4,55.0,275.0,3074
090977,COLEGIO MADRE MATILDE,BOGOTÁ D.C.,2025,39,58.0,56.0,54.0,56.0,63.0,10.0,56.5,282.5,2637
138537,COL CARLO FEDERICI (INST EDUC DIST),BOGOTÁ D.C.,2020,105,54.0,52.0,49.0,50.0,47.0,8.6,50.9,254.5,3960
138537,COL CARLO FEDERICI (INST EDUC DIST),BOGOTÁ D.C.,2021,68,57.0,52.0,51.0,51.0,54.0,8.8,52.8,264.0,2906
138537,COL CARLO FEDERICI (INST EDUC DIST),BOGOTÁ D.C.,2022,89,55.0,52.0,50.0,49.0,54.0,9.2,51.7,258.5,4254
138537,COL CARLO FEDERICI (INST EDUC DIST),BOGOTÁ D.C.,2023,92,57.0,53.0,53.0,54.0,54.0,10.0,54.2,271.0,3101
138537,COL CARLO FEDERICI (INST EDUC DIST),BOGOTÁ D.C.,2024,94,55.0,52.0,50.0,51.0,53.0,9.4,52.1,260.5,4813
138537,COL CARLO FEDERICI (INST EDUC DIST),BOGOTÁ D.C.,2025,87,58.0,56.0,55.0,56.0,58.0,9.0,56.4,282.0,2637
152645,CENT EDUC DIST BAS Y MEDIA MARSELLA,BOGOTÁ D.C.,2020,90,58.0,57.0,58.0,54.0,54.0,8.4,56.5,282.5,1644
152645,CENT EDUC DIST BAS Y MEDIA MARSELLA,BOGOTÁ D.C.,2021,73,58.0,55.0,55.0,54.0,0.0,6.2,51.2,256.0,3688
152645,CENT EDUC DIST BAS Y MEDIA MARSELLA,BOGOTÁ D.C.,2021,72,0.0,0.0,0.0,0.0,57.0,1.8,4.4,22.0,14336
152645,CENT EDUC DIST BAS Y MEDIA MARSELLA,BOGOTÁ D.C.,2022,65,61.0,58.0,58.0,54.0,59.0,9.4,57.8,289.0,1709
152645,CENT EDUC DIST BAS Y MEDIA MARSELLA,BOGOTÁ D.C.,2023,59,60.0,58.0,58.0,55.0,61.0,9.4,58.0,290.0,1788
152645,CENT EDUC DIST BAS Y MEDIA MARSELLA,BOGOTÁ D.C.,2024,88,62.0,60.0,59.0,57.0,63.0,10.0,59.8,299.0,1476
152645,CENT EDUC DIST BAS Y MEDIA MARSELLA,BOGOTÁ D.C.,2025,59,62.0,61.0,59.0,56.0,62.0,9.4,59.7,298.5,1650
167825,COLEGIO RODOLFO LLINAS IED - SEDE PRINCIPAL,BOGOTÁ D.C.,2020,94,59.0,61.0,57.0,56.0,56.0,9.0,58.1,290.5,1288
167825,COLEGIO RODOLFO LLINAS IED - SEDE PRINCIPAL,BOGOTÁ D.C.,2021,94,59.0,56.0,53.0,54.0,61.0,9.6,55.9,279.5,1900
167825,COLEGIO RODOLFO LLINAS IED - SEDE PRINCIPAL,BOGOTÁ D.C.,2022,76,59.0,60.0,55.0,56.0,62.0,9.6,57.8,289.0,1709
167825,COLEGIO RODOLFO LLINAS IED - SEDE PRINCIPAL,BOGOTÁ D.C.,2023,77,62.0,63.0,57.0,58.0,67.0,9.0,60.5,302.5,1230
167825,COLEGIO RODOLFO LLINAS IED - SEDE PRINCIPAL,BOGOTÁ D.C.,2024,99,60.0,60.0,54.0,55.0,64.0,9.8,57.8,289.0,2019
167825,COLEGIO RODOLFO LLINAS IED - SEDE PRINCIPAL,BOGOTÁ D.C.,2025,94,62.0,60.0,57.0,56.0,62.0,9.0,59.0,295.0,1792
062620,GIMNASIO FRANCISCANO DE SUBA,BOGOTÁ D.C.,2020,10,54.0,50.0,48.0,49.0,45.0,6.4,49.8,249.0,4600
062620,GIMNASIO FRANCISCANO DE SUBA,BOGOTÁ D.C.,2021,10,52.0,47.0,43.0,43.0,50.0,8.8,46.5,232.5,7068
062620,GIMNASIO FRANCISCANO DE SUBA,BOGOTÁ D.C.,2022,13,54.0,53.0,47.0,48.0,52.0,11.2,50.6,253.0,4897
062620,GIMNASIO FRANCISCANO DE SUBA,BOGOTÁ D.C.,2023,34,54.0,50.0,50.0,49.0,55.0,10.0,51.1,255.5,5082
062620,GIMNASIO FRANCISCANO DE SUBA,BOGOTÁ D.C.,2024,15,51.0,49.0,45.0,50.0,51.0,8.8,48.9,244.5,6985
062620,GIMNASIO FRANCISCANO DE SUBA,BOGOTÁ D.C.,2025,23,59.0,55.0,53.0,56.0,56.0,10.2,55.8,279.0,2887
056085,GIMN NUEVA AMERICA,BOGOTÁ D.C.,2020,40,56.0,56.0,53.0,51.0,52.0,8.6,53.8,269.0,2437
056085,GIMN NUEVA AMERICA,BOGOTÁ D.C.,2021,51,59.0,54.0,53.0,52.0,57.0,9.2,54.7,273.5,2249
056085,GIMN NUEVA AMERICA,BOGOTÁ D.C.,2022,34,56.0,55.0,53.0,52.0,58.0,8.6,54.3,271.5,2904
056085,GIMN NUEVA AMERICA,BOGOTÁ D.C.,2023,44,60.0,58.0,55.0,56.0,59.0,9.4,57.4,287.0,1937
056085,GIMN NUEVA AMERICA,BOGOTÁ D.C.,2024,54,62.0,58.0,58.0,57.0,64.0,8.4,59.2,296.0,1635
056085,GIMN NUEVA AMERICA,BOGOTÁ D.C.,2025,36,60.0,58.0,53.0,56.0,60.0,8.6,57.0,285.0,2416
022376,ESC NORMAL SUPERIOR NSTRA SRA DE LA PAZ,BOGOTÁ D.C.,2020,42,56.0,58.0,54.0,51.0,51.0,9.4,54.5,272.5,2224
022376,ESC NORMAL SUPERIOR NSTRA SRA DE LA PAZ,BOGOTÁ D.C.,2021,39,55.0,55.0,50.0,51.0,56.0,8.6,53.0,265.0,2798
022376,ESC NORMAL SUPERIOR NSTRA SRA DE LA PAZ,BOGOTÁ D.C.,2022,31,58.0,58.0,57.0,54.0,62.0,10.4,57.2,286.0,1860
022376,ESC NORMAL SUPERIOR NSTRA SRA DE LA PAZ,BOGOTÁ D.C.,2023,33,55.0,52.0,49.0,51.0,57.0,9.6,52.2,261.0,4277
022376,ESC NORMAL SUPERIOR NSTRA SRA DE LA PAZ,BOGOTÁ D.C.,2024,28,59.0,58.0,53.0,55.0,60.0,10.0,56.5,282.5,2513
022376,ESC NORMAL SUPERIOR NSTRA SRA DE LA PAZ,BOGOTÁ D.C.,2025,20,59.0,57.0,56.0,56.0,61.0,10.0,57.3,286.5,2351
048819,INSTITUTO DE EDUCACION ELEMENTAL PREESCOLAR Y SECUNDARIA - INELPRES,BOGOTÁ D.C.,2024,3,59.0,54.0,55.0,40.0,59.0,7.8,52.5,262.5,4539
048819,INSTITUTO DE EDUCACION ELEMENTAL PREESCOLAR Y SECUNDARIA - INELPRES,BOGOTÁ D.C.,2025,37,61.0,59.0,55.0,56.0,63.0,8.8,58.2,291.0,2029
108381,COLEGIO RETOS - SEDE PRINCIPAL,BOGOTÁ D.C.,2020,66,60.0,64.0,61.0,59.0,67.0,10.6,61.5,307.5,760
108381,COLEGIO RETOS - SEDE PRINCIPAL,BOGOTÁ D.C.,2021,30,63.0,64.0,58.0,60.0,71.0,8.4,62.0,310.0,705
108381,COLEGIO RETOS - SEDE PRINCIPAL,BOGOTÁ D.C.,2022,27,59.0,59.0,55.0,57.0,66.0,8.8,58.2,291.0,1615
108381,COLEGIO RETOS - SEDE PRINCIPAL,BOGOTÁ D.C.,2023,46,61.0,62.0,57.0,58.0,72.0,9.6,60.5,302.5,1230
108381,COLEGIO RETOS - SEDE PRINCIPAL,BOGOTÁ D.C.,2024,40,62.0,65.0,59.0,60.0,72.0,9.0,62.3,311.5,998
108381,COLEGIO RETOS - SEDE PRINCIPAL,BOGOTÁ D.C.,2025,31,59.0,61.0,53.0,56.0,71.0,10.8,58.3,291.5,2029
216689,COL DIST EDUC BAS Y MEDIA JOSE MANUEL RESTREPO,BOGOTÁ D.C.,2020,55,58.0,56.0,55.0,53.0,59.0,9.2,55.8,279.0,1795
216689,COL DIST EDUC BAS Y MEDIA JOSE MANUEL RESTREPO,BOGOTÁ D.C.,2021,58,61.0,57.0,56.0,54.0,66.0,8.8,57.7,288.5,1474
216689,COL DIST EDUC BAS Y MEDIA JOSE MANUEL RESTREPO,BOGOTÁ D.C.,2022,58,59.0,58.0,54.0,54.0,66.0,11.0,57.0,285.0,1923
216689,COL DIST EDUC BAS Y MEDIA JOSE MANUEL RESTREPO,BOGOTÁ D.C.,2023,68,58.0,55.0,54.0,53.0,66.0,9.2,55.8,279.0,2474
216689,COL DIST EDUC BAS Y MEDIA JOSE MANUEL RESTREPO,BOGOTÁ D.C.,2024,67,59.0,57.0,52.0,53.0,65.0,10.2,56.0,280.0,2654
216689,COL DIST EDUC BAS Y MEDIA JOSE MANUEL RESTREPO,BOGOTÁ D.C.,2025,72,59.0,58.0,55.0,56.0,68.0,10.4,57.8,289.0,2162
665737,COLEGIO LA GIRALDA (IED),BOGOTÁ D.C.,2020,83,57.0,59.0,54.0,53.0,50.0,8.6,55.3,276.5,1964
665737,COLEGIO LA GIRALDA (IED),BOGOTÁ D.C.,2021,101,56.0,56.0,50.0,51.0,0.0,7.2,49.2,246.0,4956
665737,COLEGIO LA GIRALDA (IED),BOGOTÁ D.C.,2021,100,0.0,0.0,0.0,0.0,52.0,1.8,4.0,20.0,14336
665737,COLEGIO LA GIRALDA (IED),BOGOTÁ D.C.,2022,98,58.0,58.0,52.0,53.0,54.0,9.2,55.2,276.0,2495
665737,COLEGIO LA GIRALDA (IED),BOGOTÁ D.C.,2023,94,58.0,60.0,53.0,55.0,55.0,9.4,56.4,282.0,2275
665737,COLEGIO LA GIRALDA (IED),BOGOTÁ D.C.,2024,85,57.0,56.0,53.0,54.0,54.0,8.8,54.9,274.5,3172
665737,COLEGIO LA GIRALDA (IED),BOGOTÁ D.C.,2025,85,58.0,58.0,54.0,56.0,58.0,10.0,56.6,283.0,2555
746719,INSTITUTO CULTURAL RAFAEL MAYA,BOGOTÁ D.C.,2020,22,60.0,65.0,58.0,60.0,58.0,8.8,60.5,302.5,898
746719,INSTITUTO CULTURAL RAFAEL MAYA,BOGOTÁ D.C.,2021,54,59.0,59.0,52.0,56.0,55.0,9.0,56.4,282.0,1760
746719,INSTITUTO CULTURAL RAFAEL MAYA,BOGOTÁ D.C.,2022,20,59.0,59.0,55.0,51.0,56.0,9.2,56.0,280.0,2227
746719,INSTITUTO CULTURAL RAFAEL MAYA,BOGOTÁ D.C.,2023,27,58.0,59.0,55.0,55.0,58.0,8.4,56.8,284.0,2119
746719,INSTITUTO CULTURAL RAFAEL MAYA,BOGOTÁ D.C.,2024,29,62.0,63.0,55.0,57.0,61.0,7.2,59.4,297.0,1585
746719,INSTITUTO CULTURAL RAFAEL MAYA,BOGOTÁ D.C.,2025,23,57.0,59.0,52.0,56.0,58.0,7.0,56.2,281.0,2713
098509,LICEO CULTURAL MOSQUERA,BOGOTÁ D.C.,2021,50,58.0,58.0,51.0,55.0,57.0,10.8,55.6,278.0,1959
098509,LICEO CULTURAL MOSQUERA,BOGOTÁ D.C.,2022,55,60.0,58.0,54.0,55.0,57.0,8.6,56.8,284.0,1986
098509,LICEO CULTURAL MOSQUERA,BOGOTÁ D.C.,2023,47,62.0,59.0,55.0,56.0,59.0,9.4,58.1,290.5,1788
098509,LICEO CULTURAL MOSQUERA,BOGOTÁ D.C.,2024,54,60.0,59.0,54.0,56.0,58.0,9.4,57.3,286.5,2211
098509,LICEO CULTURAL MOSQUERA,BOGOTÁ D.C.,2025,66,60.0,58.0,54.0,56.0,60.0,9.0,57.2,286.0,2351
112797,CENT EDUC DIST VILLEMAR EL CARMEN,BOGOTÁ D.C.,2020,108,59.0,59.0,55.0,55.0,59.0,9.6,57.2,286.0,1471
112797,CENT EDUC DIST VILLEMAR EL CARMEN,BOGOTÁ D.C.,2021,125,57.0,54.0,51.0,52.0,59.0,9.6,53.9,269.5,2513
112797,CENT EDUC DIST VILLEMAR EL CARMEN,BOGOTÁ D.C.,2022,105,57.0,56.0,52.0,54.0,60.0,8.8,55.2,276.0,2495
112797,CENT EDUC DIST VILLEMAR EL CARMEN,BOGOTÁ D.C.,2023,107,57.0,55.0,52.0,52.0,61.0,9.4,54.5,272.5,3013
112797,CENT EDUC DIST VILLEMAR EL CARMEN,BOGOTÁ D.C.,2024,100,59.0,55.0,52.0,53.0,63.0,9.8,55.4,277.0,2888
112797,CENT EDUC DIST VILLEMAR EL CARMEN,BOGOTÁ D.C.,2025,84,58.0,57.0,53.0,56.0,64.0,10.8,56.6,283.0,2555
137646,GIMNASIO PSICOPEDAGOGICO SUBA,BOGOTÁ D.C.,2020,46,57.0,58.0,53.0,53.0,59.0,8.6,55.5,277.5,1909
137646,GIMNASIO PSICOPEDAGOGICO SUBA,BOGOTÁ D.C.,2021,40,59.0,57.0,53.0,54.0,62.0,9.2,56.2,281.0,1818
137646,GIMNASIO PSICOPEDAGOGICO SUBA,BOGOTÁ D.C.,2022,41,63.0,60.0,55.0,56.0,65.0,8.8,59.0,295.0,1421
137646,GIMNASIO PSICOPEDAGOGICO SUBA,BOGOTÁ D.C.,2023,27,63.0,60.0,55.0,55.0,66.0,9.2,58.8,294.0,1585
137646,GIMNASIO PSICOPEDAGOGICO SUBA,BOGOTÁ D.C.,2024,41,61.0,59.0,54.0,56.0,66.0,11.0,58.2,291.0,1887
137646,GIMNASIO PSICOPEDAGOGICO SUBA,BOGOTÁ D.C.,2025,28,60.0,58.0,55.0,56.0,65.0,8.6,57.8,289.0,2162
128082,COLEGIO TOMAS ALVA EDISON,BOGOTÁ D.C.,2020,51,59.0,60.0,55.0,55.0,56.0,8.2,57.2,286.0,1471
128082,COLEGIO TOMAS ALVA EDISON,BOGOTÁ D.C.,2021,37,61.0,60.0,57.0,58.0,60.0,9.0,59.1,295.5,1180
128082,COLEGIO TOMAS ALVA EDISON,BOGOTÁ D.C.,2022,23,61.0,60.0,55.0,54.0,60.0,9.0,57.7,288.5,1761
128082,COLEGIO TOMAS ALVA EDISON,BOGOTÁ D.C.,2023,34,59.0,57.0,54.0,52.0,60.0,9.0,55.8,279.0,2474
128082,COLEGIO TOMAS ALVA EDISON,BOGOTÁ D.C.,2024,30,60.0,59.0,54.0,54.0,58.0,8.6,56.8,284.0,2367
128082,COLEGIO TOMAS ALVA EDISON,BOGOTÁ D.C.,2025,21,59.0,60.0,55.0,56.0,61.0,10.4,57.8,289.0,2162
052183,GIMN IMPERIAL IGNACIA CAMACHO DE CIFUENTES,BOGOTÁ D.C.,2020,15,58.0,58.0,55.0,56.0,52.0,8.6,56.4,282.0,1644
052183,GIMN IMPERIAL IGNACIA CAMACHO DE CIFUENTES,BOGOTÁ D.C.,2021,22,61.0,55.0,54.0,54.0,54.0,7.2,55.8,279.0,1900
052183,GIMN IMPERIAL IGNACIA CAMACHO DE CIFUENTES,BOGOTÁ D.C.,2022,12,58.0,57.0,57.0,55.0,59.0,8.2,56.9,284.5,1986
052183,GIMN IMPERIAL IGNACIA CAMACHO DE CIFUENTES,BOGOTÁ D.C.,2023,24,54.0,53.0,49.0,52.0,52.0,10.4,52.0,260.0,4401
052183,GIMN IMPERIAL IGNACIA CAMACHO DE CIFUENTES,BOGOTÁ D.C.,2024,21,55.0,53.0,50.0,50.0,56.0,9.2,52.3,261.5,4672
052183,GIMN IMPERIAL IGNACIA CAMACHO DE CIFUENTES,BOGOTÁ D.C.,2025,18,60.0,59.0,53.0,56.0,58.0,8.0,57.1,285.5,2416
056168,COL DIST DARIO ECHANDIA,BOGOTÁ D.C.,2020,51,57.0,57.0,55.0,54.0,48.0,8.8,55.2,276.0,1964
056168,COL DIST DARIO ECHANDIA,BOGOTÁ D.C.,2021,55,56.0,55.0,51.0,53.0,49.0,7.6,53.4,267.0,2660
056168,COL DIST DARIO ECHANDIA,BOGOTÁ D.C.,2022,65,57.0,58.0,53.0,55.0,54.0,8.6,55.6,278.0,2348
056168,COL DIST DARIO ECHANDIA,BOGOTÁ D.C.,2023,67,56.0,58.0,52.0,54.0,55.0,9.2,55.0,275.0,2759
056168,COL DIST DARIO ECHANDIA,BOGOTÁ D.C.,2024,70,57.0,57.0,52.0,56.0,55.0,8.8,55.5,277.5,2888
056168,COL DIST DARIO ECHANDIA,BOGOTÁ D.C.,2025,82,59.0,58.0,53.0,56.0,55.0,9.8,56.4,282.0,2637
020511,COL COOP DEL MAGISTERIO DE CUNDINAMARCA,BOGOTÁ D.C.,2020,49,60.0,55.0,56.0,53.0,56.0,9.8,56.0,280.0,1737
020511,COL COOP DEL MAGISTERIO DE CUNDINAMARCA,BOGOTÁ D.C.,2021,38,60.0,55.0,54.0,55.0,57.0,9.8,56.1,280.5,1863
020511,COL COOP DEL MAGISTERIO DE CUNDINAMARCA,BOGOTÁ D.C.,2022,34,61.0,57.0,58.0,57.0,60.0,9.0,58.4,292.0,1570
020511,COL COOP DEL MAGISTERIO DE CUNDINAMARCA,BOGOTÁ D.C.,2023,31,60.0,59.0,54.0,57.0,58.0,8.2,57.5,287.5,1937
020511,COL COOP DEL MAGISTERIO DE CUNDINAMARCA,BOGOTÁ D.C.,2024,52,59.0,56.0,52.0,55.0,57.0,8.0,55.6,278.0,2806
020511,COL COOP DEL MAGISTERIO DE CUNDINAMARCA,BOGOTÁ D.C.,2025,69,59.0,56.0,56.0,56.0,58.0,10.6,56.8,284.0,2491
025254,COL MIGUEL ANTONIO CARO,BOGOTÁ D.C.,2020,69,58.0,58.0,57.0,56.0,60.0,8.4,57.5,287.5,1429
025254,COL MIGUEL ANTONIO CARO,BOGOTÁ D.C.,2021,65,60.0,59.0,56.0,55.0,65.0,8.6,58.1,290.5,1393
025254,COL MIGUEL ANTONIO CARO,BOGOTÁ D.C.,2022,66,61.0,59.0,57.0,57.0,67.0,9.2,59.2,296.0,1371
025254,COL MIGUEL ANTONIO CARO,BOGOTÁ D.C.,2023,38,65.0,59.0,59.0,60.0,71.0,7.8,61.5,307.5,1049
025254,COL MIGUEL ANTONIO CARO,BOGOTÁ D.C.,2024,52,62.0,61.0,58.0,58.0,70.0,8.6,60.5,302.5,1353
025254,COL MIGUEL ANTONIO CARO,BOGOTÁ D.C.,2025,66,62.0,59.0,57.0,56.0,67.0,11.4,59.2,296.0,1742
056143,INST MAYEUTICO,BOGOTÁ D.C.,2020,27,58.0,60.0,55.0,55.0,54.0,8.8,56.8,284.0,1544
056143,INST MAYEUTICO,BOGOTÁ D.C.,2021,36,56.0,54.0,53.0,54.0,58.0,9.6,54.5,272.5,2303
056143,INST MAYEUTICO,BOGOTÁ D.C.,2022,32,61.0,61.0,57.0,57.0,64.0,8.0,59.4,297.0,1332
056143,INST MAYEUTICO,BOGOTÁ D.C.,2023,28,59.0,55.0,57.0,57.0,64.0,8.4,57.5,287.5,1937
056143,INST MAYEUTICO,BOGOTÁ D.C.,2024,34,61.0,60.0,57.0,58.0,64.0,8.2,59.4,297.0,1585
056143,INST MAYEUTICO,BOGOTÁ D.C.,2025,33,61.0,56.0,56.0,56.0,59.0,9.8,57.4,287.0,2291
021790,COL PARROQ SAN PEDRO CLAVER,BOGOTÁ D.C.,2020,45,58.0,58.0,55.0,56.0,55.0,9.8,56.6,283.0,1588
021790,COL PARROQ SAN PEDRO CLAVER,BOGOTÁ D.C.,2021,126,61.0,59.0,56.0,56.0,62.0,9.0,58.3,291.5,1351
021790,COL PARROQ SAN PEDRO CLAVER,BOGOTÁ D.C.,2022,76,62.0,61.0,58.0,58.0,64.0,8.8,60.1,300.5,1200
021790,COL PARROQ SAN PEDRO CLAVER,BOGOTÁ D.C.,2023,59,60.0,59.0,56.0,56.0,63.0,8.6,58.2,291.0,1739
021790,COL PARROQ SAN PEDRO CLAVER,BOGOTÁ D.C.,2024,68,62.0,62.0,59.0,60.0,64.0,8.6,61.0,305.0,1233
021790,COL PARROQ SAN PEDRO CLAVER,BOGOTÁ D.C.,2025,89,60.0,59.0,54.0,56.0,64.0,10.0,57.8,289.0,2162
194613,GIMNASIO INTEGRAL GUATIQUIA,BOGOTÁ D.C.,2020,22,55.0,55.0,52.0,53.0,50.0,9.0,53.5,267.5,2591
194613,GIMNASIO INTEGRAL GUATIQUIA,BOGOTÁ D.C.,2021,18,55.0,53.0,49.0,48.0,54.0,11.2,51.5,257.5,3586
194613,GIMNASIO INTEGRAL GUATIQUIA,BOGOTÁ D.C.,2022,21,56.0,55.0,53.0,49.0,54.0,9.6,53.3,266.5,3387
194613,GIMNASIO INTEGRAL GUATIQUIA,BOGOTÁ D.C.,2023,18,57.0,57.0,51.0,54.0,58.0,8.4,55.0,275.0,2759
194613,GIMNASIO INTEGRAL GUATIQUIA,BOGOTÁ D.C.,2024,19,57.0,55.0,55.0,57.0,62.0,10.8,56.5,282.5,2513
194613,GIMNASIO INTEGRAL GUATIQUIA,BOGOTÁ D.C.,2025,28,59.0,57.0,55.0,56.0,64.0,9.8,57.3,286.5,2351
084699,COL CENT DE APLICACIÓN PEDAGOGICA (CEDAP),BOGOTÁ D.C.,2020,9,57.0,53.0,58.0,54.0,55.0,15.2,55.5,277.5,1909
084699,COL CENT DE APLICACIÓN PEDAGOGICA (CEDAP),BOGOTÁ D.C.,2021,20,58.0,56.0,58.0,54.0,68.0,11.8,57.4,287.0,1516
084699,COL CENT DE APLICACIÓN PEDAGOGICA (CEDAP),BOGOTÁ D.C.,2022,15,59.0,56.0,57.0,58.0,63.0,11.0,57.9,289.5,1709
084699,COL CENT DE APLICACIÓN PEDAGOGICA (CEDAP),BOGOTÁ D.C.,2023,14,61.0,58.0,54.0,52.0,64.0,10.0,56.8,284.0,2119
084699,COL CENT DE APLICACIÓN PEDAGOGICA (CEDAP),BOGOTÁ D.C.,2024,19,64.0,61.0,59.0,58.0,67.0,8.0,61.0,305.0,1233
084699,COL CENT DE APLICACIÓN PEDAGOGICA (CEDAP),BOGOTÁ D.C.,2025,21,62.0,58.0,57.0,56.0,68.0,10.0,59.0,295.0,1792
724575,COLEGIO DIDASCALIO NUESTRA SEÑORA DE LA ESPERANZA,BOGOTÁ D.C.,2020,9,57.0,56.0,53.0,54.0,48.0,8.2,54.5,272.5,2224
724575,COLEGIO DIDASCALIO NUESTRA SEÑORA DE LA ESPERANZA,BOGOTÁ D.C.,2021,10,64.0,61.0,59.0,58.0,55.0,6.4,60.1,300.5,1029
724575,COLEGIO DIDASCALIO NUESTRA SEÑORA DE LA ESPERANZA,BOGOTÁ D.C.,2022,13,58.0,56.0,53.0,53.0,52.0,7.4,54.8,274.0,2662
724575,COLEGIO DIDASCALIO NUESTRA SEÑORA DE LA ESPERANZA,BOGOTÁ D.C.,2023,11,58.0,57.0,52.0,52.0,54.0,8.8,54.7,273.5,2917
724575,COLEGIO DIDASCALIO NUESTRA SEÑORA DE LA ESPERANZA,BOGOTÁ D.C.,2024,10,63.0,62.0,55.0,59.0,58.0,7.8,59.6,298.0,1523
724575,COLEGIO DIDASCALIO NUESTRA SEÑORA DE LA ESPERANZA,BOGOTÁ D.C.,2025,4,59.0,59.0,57.0,56.0,57.0,7.2,57.7,288.5,2220
035022,GIMNASIO TUNDAMA,BOGOTÁ D.C.,2020,16,59.0,54.0,58.0,55.0,53.0,7.0,56.2,281.0,1688
035022,GIMNASIO TUNDAMA,BOGOTÁ D.C.,2021,14,57.0,56.0,50.0,51.0,56.0,9.0,53.7,268.5,2591
035022,GIMNASIO TUNDAMA,BOGOTÁ D.C.,2022,25,60.0,57.0,56.0,58.0,60.0,9.8,57.9,289.5,1709
035022,GIMNASIO TUNDAMA,BOGOTÁ D.C.,2023,18,61.0,56.0,53.0,55.0,60.0,9.2,56.5,282.5,2275
035022,GIMNASIO TUNDAMA,BOGOTÁ D.C.,2024,29,60.0,59.0,56.0,57.0,63.0,8.8,58.4,292.0,1821
035022,GIMNASIO TUNDAMA,BOGOTÁ D.C.,2025,28,60.0,57.0,55.0,56.0,61.0,8.2,57.3,286.5,2351
167098,LICEO MODERNO CELESTIN FREINET - SEDE PRINCIPAL,BOGOTÁ D.C.,2020,19,58.0,58.0,55.0,54.0,53.0,8.2,56.0,280.0,1737
167098,LICEO MODERNO CELESTIN FREINET - SEDE PRINCIPAL,BOGOTÁ D.C.,2021,17,53.0,51.0,48.0,50.0,51.0,7.0,50.5,252.5,4180
167098,LICEO MODERNO CELESTIN FREINET - SEDE PRINCIPAL,BOGOTÁ D.C.,2022,18,55.0,56.0,50.0,51.0,52.0,10.4,52.9,264.5,3592
167098,LICEO MODERNO CELESTIN FREINET - SEDE PRINCIPAL,BOGOTÁ D.C.,2023,17,58.0,59.0,52.0,56.0,56.0,9.2,56.2,281.0,2342
167098,LICEO MODERNO CELESTIN FREINET - SEDE PRINCIPAL,BOGOTÁ D.C.,2024,25,56.0,59.0,52.0,55.0,56.0,10.4,55.5,277.5,2888
167098,LICEO MODERNO CELESTIN FREINET - SEDE PRINCIPAL,BOGOTÁ D.C.,2025,26,58.0,59.0,52.0,56.0,56.0,9.6,56.2,281.0,2713
020362,COLEGIO RAMON B JIMENO,BOGOTÁ D.C.,2020,66,58.0,57.0,54.0,54.0,52.0,9.2,55.5,277.5,1909
020362,COLEGIO RAMON B JIMENO,BOGOTÁ D.C.,2021,54,60.0,60.0,55.0,57.0,59.0,8.4,58.1,290.5,1393
020362,COLEGIO RAMON B JIMENO,BOGOTÁ D.C.,2022,58,58.0,56.0,54.0,56.0,57.0,8.8,56.1,280.5,2227
020362,COLEGIO RAMON B JIMENO,BOGOTÁ D.C.,2023,68,62.0,62.0,57.0,59.0,61.0,9.8,60.1,300.5,1317
020362,COLEGIO RAMON B JIMENO,BOGOTÁ D.C.,2024,56,60.0,61.0,54.0,57.0,58.0,9.6,58.0,290.0,1955
020362,COLEGIO RAMON B JIMENO,BOGOTÁ D.C.,2025,73,59.0,59.0,54.0,56.0,58.0,9.8,57.1,285.5,2416
023259,INSTITUTO SAN ANTONIO DE PADUA,BOGOTÁ D.C.,2020,32,59.0,57.0,55.0,56.0,56.0,9.6,56.7,283.5,1588
023259,INSTITUTO SAN ANTONIO DE PADUA,BOGOTÁ D.C.,2021,37,59.0,58.0,54.0,55.0,59.0,9.0,56.7,283.5,1705
023259,INSTITUTO SAN ANTONIO DE PADUA,BOGOTÁ D.C.,2022,27,61.0,56.0,54.0,53.0,62.0,9.8,56.5,282.5,2118
023259,INSTITUTO SAN ANTONIO DE PADUA,BOGOTÁ D.C.,2023,40,60.0,56.0,55.0,55.0,63.0,10.2,57.0,285.0,2056
023259,INSTITUTO SAN ANTONIO DE PADUA,BOGOTÁ D.C.,2024,32,62.0,58.0,56.0,56.0,62.0,9.8,58.3,291.5,1887
023259,INSTITUTO SAN ANTONIO DE PADUA,BOGOTÁ D.C.,2025,46,60.0,60.0,55.0,56.0,62.0,9.8,58.1,290.5,2090
021550,COL MARILLAC,BOGOTÁ D.C.,2020,27,56.0,57.0,53.0,53.0,51.0,9.2,54.5,272.5,2224
021550,COL MARILLAC,BOGOTÁ D.C.,2021,67,57.0,56.0,53.0,55.0,58.0,9.4,55.5,277.5,2000
021550,COL MARILLAC,BOGOTÁ D.C.,2022,47,59.0,56.0,55.0,55.0,58.0,10.0,56.4,282.0,2118
021550,COL MARILLAC,BOGOTÁ D.C.,2023,34,58.0,54.0,56.0,56.0,63.0,10.8,56.5,282.5,2275
021550,COL MARILLAC,BOGOTÁ D.C.,2024,38,60.0,58.0,55.0,56.0,61.0,9.0,57.5,287.5,2139
021550,COL MARILLAC,BOGOTÁ D.C.,2025,37,60.0,59.0,57.0,56.0,62.0,9.8,58.3,291.5,2029
055459,COLEGIO PIERRE DE FERMAT,BOGOTÁ D.C.,2020,29,55.0,55.0,51.0,53.0,51.0,8.4,53.3,266.5,2679
055459,COLEGIO PIERRE DE FERMAT,BOGOTÁ D.C.,2021,25,59.0,56.0,54.0,54.0,61.0,9.4,56.2,281.0,1818
055459,COLEGIO PIERRE DE FERMAT,BOGOTÁ D.C.,2022,18,59.0,55.0,51.0,56.0,62.0,8.4,55.8,279.0,2287
055459,COLEGIO PIERRE DE FERMAT,BOGOTÁ D.C.,2023,25,61.0,56.0,56.0,57.0,60.0,9.8,57.7,288.5,1882
055459,COLEGIO PIERRE DE FERMAT,BOGOTÁ D.C.,2024,18,58.0,58.0,54.0,54.0,60.0,7.8,56.3,281.5,2581
055459,COLEGIO PIERRE DE FERMAT,BOGOTÁ D.C.,2025,18,60.0,59.0,53.0,56.0,66.0,8.4,57.7,288.5,2220
156273,LIC MIX LOS CENTAUROS,BOGOTÁ D.C.,2020,13,53.0,56.0,49.0,51.0,46.0,8.4,51.8,259.0,3398
156273,LIC MIX LOS CENTAUROS,BOGOTÁ D.C.,2021,19,62.0,57.0,52.0,56.0,56.0,8.0,56.7,283.5,1705
156273,LIC MIX LOS CENTAUROS,BOGOTÁ D.C.,2022,19,59.0,57.0,55.0,55.0,53.0,8.8,56.2,281.0,2167
156273,LIC MIX LOS CENTAUROS,BOGOTÁ D.C.,2023,18,56.0,59.0,52.0,56.0,54.0,11.6,55.6,278.0,2553
156273,LIC MIX LOS CENTAUROS,BOGOTÁ D.C.,2024,18,59.0,56.0,53.0,54.0,56.0,11.2,55.5,277.5,2888
156273,LIC MIX LOS CENTAUROS,BOGOTÁ D.C.,2025,19,58.0,56.0,51.0,56.0,55.0,9.6,55.2,276.0,3124
054106,INSTITUTO RENATO DESCARTES,BOGOTÁ D.C.,2020,62,59.0,56.0,56.0,55.0,56.0,8.4,56.5,282.5,1644
054106,INSTITUTO RENATO DESCARTES,BOGOTÁ D.C.,2021,56,57.0,55.0,51.0,52.0,57.0,9.2,54.0,270.0,2440
054106,INSTITUTO RENATO DESCARTES,BOGOTÁ D.C.,2022,47,56.0,55.0,52.0,53.0,57.0,9.4,54.2,271.0,2904
054106,INSTITUTO RENATO DESCARTES,BOGOTÁ D.C.,2023,49,58.0,57.0,53.0,55.0,57.0,11.2,55.8,279.0,2474
054106,INSTITUTO RENATO DESCARTES,BOGOTÁ D.C.,2024,28,60.0,60.0,56.0,57.0,61.0,9.4,58.5,292.5,1821
054106,INSTITUTO RENATO DESCARTES,BOGOTÁ D.C.,2025,27,59.0,58.0,55.0,56.0,63.0,9.6,57.5,287.5,2291
056333,COLEGIO INTEGRAL,BOGOTÁ D.C.,2020,22,59.0,58.0,59.0,55.0,62.0,11.2,58.1,290.5,1288
056333,COLEGIO INTEGRAL,BOGOTÁ D.C.,2021,21,61.0,61.0,56.0,58.0,69.0,11.2,59.8,299.0,1061
056333,COLEGIO INTEGRAL,BOGOTÁ D.C.,2022,20,63.0,63.0,62.0,57.0,72.0,9.0,62.1,310.5,864
056333,COLEGIO INTEGRAL,BOGOTÁ D.C.,2023,20,56.0,52.0,54.0,51.0,66.0,10.4,54.2,271.0,3101
056333,COLEGIO INTEGRAL,BOGOTÁ D.C.,2024,16,62.0,58.0,59.0,57.0,68.0,11.2,59.7,298.5,1523
056333,COLEGIO INTEGRAL,BOGOTÁ D.C.,2025,11,62.0,56.0,54.0,56.0,70.0,8.0,58.0,290.0,2090
127290,COL GEORGE WASHINGTON SCHOOL,BOGOTÁ D.C.,2020,35,60.0,60.0,55.0,55.0,59.0,9.2,57.6,288.0,1389
127290,COL GEORGE WASHINGTON SCHOOL,BOGOTÁ D.C.,2021,33,59.0,53.0,54.0,52.0,66.0,10.2,55.4,277.0,2000
127290,COL GEORGE WASHINGTON SCHOOL,BOGOTÁ D.C.,2022,25,58.0,59.0,55.0,57.0,67.0,8.2,58.0,290.0,1656
127290,COL GEORGE WASHINGTON SCHOOL,BOGOTÁ D.C.,2023,32,61.0,56.0,56.0,58.0,70.0,10.6,58.7,293.5,1634
127290,COL GEORGE WASHINGTON SCHOOL,BOGOTÁ D.C.,2024,58,59.0,57.0,54.0,54.0,66.0,10.4,56.8,284.0,2367
127290,COL GEORGE WASHINGTON SCHOOL,BOGOTÁ D.C.,2025,56,60.0,58.0,55.0,56.0,67.0,9.6,58.0,290.0,2090
026930,LICEO CATOLICO,BOGOTÁ D.C.,2020,21,59.0,56.0,55.0,55.0,58.0,8.8,56.4,282.0,1644
026930,LICEO CATOLICO,BOGOTÁ D.C.,2021,25,59.0,59.0,57.0,58.0,62.0,8.0,58.5,292.5,1310
026930,LICEO CATOLICO,BOGOTÁ D.C.,2022,16,61.0,61.0,59.0,61.0,68.0,8.6,61.1,305.5,1016
026930,LICEO CATOLICO,BOGOTÁ D.C.,2023,14,64.0,61.0,60.0,61.0,69.0,9.8,62.1,310.5,942
026930,LICEO CATOLICO,BOGOTÁ D.C.,2024,16,60.0,57.0,56.0,57.0,62.0,8.4,57.8,289.0,2019
026930,LICEO CATOLICO,BOGOTÁ D.C.,2025,23,57.0,58.0,53.0,56.0,62.0,8.8,56.5,282.5,2637
107904,LIC DAMFUS,BOGOTÁ D.C.,2020,11,64.0,64.0,63.0,62.0,61.0,9.4,63.1,315.5,575
107904,LIC DAMFUS,BOGOTÁ D.C.,2021,10,64.0,64.0,61.0,60.0,67.0,7.4,62.6,313.0,627
107904,LIC DAMFUS,BOGOTÁ D.C.,2022,16,63.0,63.0,59.0,57.0,60.0,8.2,60.5,302.5,1113
107904,LIC DAMFUS,BOGOTÁ D.C.,2023,15,62.0,60.0,56.0,56.0,60.0,9.8,58.6,293.0,1634
107904,LIC DAMFUS,BOGOTÁ D.C.,2024,14,61.0,61.0,54.0,57.0,58.0,7.4,58.2,291.0,1887
107904,LIC DAMFUS,BOGOTÁ D.C.,2025,14,60.0,60.0,56.0,56.0,59.0,8.6,58.1,290.5,2090
022095,COLEGIO SANTA ROSA DE LIMA,BOGOTÁ D.C.,2020,17,58.0,56.0,56.0,53.0,50.0,8.0,55.3,276.5,1964
022095,COLEGIO SANTA ROSA DE LIMA,BOGOTÁ D.C.,2021,18,59.0,59.0,57.0,57.0,62.0,7.2,58.3,291.5,1351
022095,COLEGIO SANTA ROSA DE LIMA,BOGOTÁ D.C.,2022,35,62.0,58.0,57.0,57.0,62.0,9.4,58.8,294.0,1463
022095,COLEGIO SANTA ROSA DE LIMA,BOGOTÁ D.C.,2023,23,59.0,57.0,55.0,57.0,61.0,9.0,57.3,286.5,1999
022095,COLEGIO SANTA ROSA DE LIMA,BOGOTÁ D.C.,2024,14,61.0,58.0,59.0,57.0,62.0,9.0,59.0,295.0,1682
022095,COLEGIO SANTA ROSA DE LIMA,BOGOTÁ D.C.,2025,27,59.0,56.0,53.0,56.0,61.0,9.2,56.4,282.0,2637
663146,COLEGIO MONTERROSALES - SEDE PRINCIPAL,BOGOTÁ D.C.,2023,55,57.0,52.0,54.0,53.0,62.0,11.0,54.6,273.0,2917
663146,COLEGIO MONTERROSALES - SEDE PRINCIPAL,BOGOTÁ D.C.,2025,6,62.0,64.0,57.0,56.0,65.0,12.0,60.2,301.0,1510
213272,LICEO FEMENINO MERCEDES NARIÑO,BOGOTÁ D.C.,2025,192,59.0,55.0,55.0,56.0,59.0,10.0,56.5,282.5,2637
067108,CENT EDUC DIST BAS Y MEDIA NUEVA CASTILLA,BOGOTÁ D.C.,2020,128,55.0,53.0,52.0,51.0,52.0,9.2,52.7,263.5,2984
067108,CENT EDUC DIST BAS Y MEDIA NUEVA CASTILLA,BOGOTÁ D.C.,2021,113,55.0,52.0,50.0,50.0,54.0,8.8,51.9,259.5,3375
067108,CENT EDUC DIST BAS Y MEDIA NUEVA CASTILLA,BOGOTÁ D.C.,2022,109,56.0,53.0,52.0,52.0,56.0,9.4,53.5,267.5,3280
067108,CENT EDUC DIST BAS Y MEDIA NUEVA CASTILLA,BOGOTÁ D.C.,2023,132,58.0,57.0,55.0,55.0,60.0,9.2,56.5,282.5,2275
067108,CENT EDUC DIST BAS Y MEDIA NUEVA CASTILLA,BOGOTÁ D.C.,2024,128,58.0,55.0,52.0,54.0,58.0,9.4,55.0,275.0,3074
067108,CENT EDUC DIST BAS Y MEDIA NUEVA CASTILLA,BOGOTÁ D.C.,2025,121,59.0,57.0,54.0,56.0,59.0,10.4,56.7,283.5,2555
134015,VENTIUN ANGELES (INST EDUC DIST),BOGOTÁ D.C.,2020,104,55.0,54.0,54.0,53.0,50.0,9.8,53.7,268.5,2515
134015,VENTIUN ANGELES (INST EDUC DIST),BOGOTÁ D.C.,2021,103,57.0,54.0,53.0,52.0,55.0,10.0,54.1,270.5,2440
134015,VENTIUN ANGELES (INST EDUC DIST),BOGOTÁ D.C.,2022,98,56.0,55.0,52.0,53.0,54.0,9.6,54.0,270.0,3003
134015,VENTIUN ANGELES (INST EDUC DIST),BOGOTÁ D.C.,2023,95,53.0,51.0,51.0,50.0,51.0,9.4,51.2,256.0,4938
134015,VENTIUN ANGELES (INST EDUC DIST),BOGOTÁ D.C.,2024,87,55.0,52.0,48.0,51.0,52.0,8.2,51.5,257.5,5205
134015,VENTIUN ANGELES (INST EDUC DIST),BOGOTÁ D.C.,2025,101,58.0,58.0,52.0,56.0,57.0,9.6,56.1,280.5,2797
037390,COL DIST EDUC BAS Y MEDIA ATANASIO GIRARDOT,BOGOTÁ D.C.,2020,65,56.0,56.0,52.0,53.0,49.0,8.8,53.8,269.0,2437
037390,COL DIST EDUC BAS Y MEDIA ATANASIO GIRARDOT,BOGOTÁ D.C.,2021,106,55.0,52.0,50.0,51.0,52.0,9.4,52.0,260.0,3274
037390,COL DIST EDUC BAS Y MEDIA ATANASIO GIRARDOT,BOGOTÁ D.C.,2022,97,58.0,53.0,51.0,51.0,54.0,9.8,53.3,266.5,3387
037390,COL DIST EDUC BAS Y MEDIA ATANASIO GIRARDOT,BOGOTÁ D.C.,2023,67,57.0,55.0,53.0,52.0,54.0,9.6,54.2,271.0,3101
037390,COL DIST EDUC BAS Y MEDIA ATANASIO GIRARDOT,BOGOTÁ D.C.,2024,75,58.0,54.0,53.0,52.0,53.0,9.4,54.2,271.0,3449
037390,COL DIST EDUC BAS Y MEDIA ATANASIO GIRARDOT,BOGOTÁ D.C.,2025,81,59.0,57.0,53.0,56.0,56.0,10.4,56.2,281.0,2713
098699,COLEGIO PEDRO DE HEREDIA,BOGOTÁ D.C.,2020,27,53.0,56.0,52.0,52.0,51.0,9.2,53.1,265.5,2787
098699,COLEGIO PEDRO DE HEREDIA,BOGOTÁ D.C.,2021,23,59.0,57.0,55.0,56.0,59.0,10.4,56.9,284.5,1652
098699,COLEGIO PEDRO DE HEREDIA,BOGOTÁ D.C.,2022,22,62.0,58.0,58.0,58.0,62.0,8.0,59.2,296.0,1371
098699,COLEGIO PEDRO DE HEREDIA,BOGOTÁ D.C.,2023,29,61.0,57.0,56.0,58.0,63.0,7.8,58.4,292.0,1681
098699,COLEGIO PEDRO DE HEREDIA,BOGOTÁ D.C.,2024,28,60.0,60.0,57.0,57.0,63.0,9.0,58.8,294.0,1724
098699,COLEGIO PEDRO DE HEREDIA,BOGOTÁ D.C.,2025,35,58.0,55.0,55.0,56.0,62.0,8.6,56.5,282.5,2637
112722,CENT EDUC DIST SAN CIPRIANO,BOGOTÁ D.C.,2020,44,58.0,57.0,56.0,54.0,51.0,10.2,55.8,279.0,1795
112722,CENT EDUC DIST SAN CIPRIANO,BOGOTÁ D.C.,2021,61,56.0,52.0,53.0,52.0,55.0,9.4,53.4,267.0,2660
112722,CENT EDUC DIST SAN CIPRIANO,BOGOTÁ D.C.,2022,53,60.0,57.0,54.0,54.0,56.0,7.8,56.2,281.0,2167
112722,CENT EDUC DIST SAN CIPRIANO,BOGOTÁ D.C.,2023,62,59.0,56.0,57.0,55.0,57.0,10.0,56.8,284.0,2119
112722,CENT EDUC DIST SAN CIPRIANO,BOGOTÁ D.C.,2024,56,58.0,57.0,53.0,53.0,56.0,9.0,55.3,276.5,2977
112722,CENT EDUC DIST SAN CIPRIANO,BOGOTÁ D.C.,2025,64,61.0,60.0,57.0,56.0,62.0,9.8,58.8,294.0,1840
046813,ESC PEDAGOGICA EXPERIMENTAL,BOGOTÁ D.C.,2020,38,59.0,55.0,57.0,55.0,57.0,10.8,56.5,282.5,1644
046813,ESC PEDAGOGICA EXPERIMENTAL,BOGOTÁ D.C.,2021,42,0.0,0.0,0.0,0.0,65.0,3.0,5.0,25.0,14336
046813,ESC PEDAGOGICA EXPERIMENTAL,BOGOTÁ D.C.,2021,43,57.0,52.0,52.0,52.0,0.0,8.6,49.2,246.0,4956
046813,ESC PEDAGOGICA EXPERIMENTAL,BOGOTÁ D.C.,2022,28,61.0,58.0,56.0,57.0,67.0,9.4,58.7,293.5,1521
046813,ESC PEDAGOGICA EXPERIMENTAL,BOGOTÁ D.C.,2023,44,61.0,55.0,56.0,56.0,68.0,11.0,57.8,289.0,1830
046813,ESC PEDAGOGICA EXPERIMENTAL,BOGOTÁ D.C.,2024,33,58.0,54.0,55.0,54.0,63.0,10.4,55.8,279.0,2732
046813,ESC PEDAGOGICA EXPERIMENTAL,BOGOTÁ D.C.,2025,19,61.0,55.0,55.0,56.0,69.0,10.4,57.7,288.5,2220
021493,COL JOSE MANUEL MARROQUIN,BOGOTÁ D.C.,2020,49,59.0,62.0,57.0,57.0,57.0,8.6,58.6,293.0,1176
021493,COL JOSE MANUEL MARROQUIN,BOGOTÁ D.C.,2021,45,58.0,53.0,53.0,53.0,60.0,8.6,54.7,273.5,2249
021493,COL JOSE MANUEL MARROQUIN,BOGOTÁ D.C.,2022,49,60.0,58.0,55.0,56.0,62.0,8.4,57.6,288.0,1761
021493,COL JOSE MANUEL MARROQUIN,BOGOTÁ D.C.,2023,49,59.0,60.0,55.0,58.0,61.0,9.2,58.2,291.0,1739
021493,COL JOSE MANUEL MARROQUIN,BOGOTÁ D.C.,2024,43,59.0,60.0,56.0,56.0,62.0,9.0,58.1,290.5,1955
021493,COL JOSE MANUEL MARROQUIN,BOGOTÁ D.C.,2025,36,59.0,58.0,54.0,56.0,62.0,9.2,57.2,286.0,2351
600916,COLEGIO MIXTO CIUDADANOS DEL FUTURO SAS,BOGOTÁ D.C.,2020,171,58.0,58.0,55.0,54.0,50.0,9.4,55.8,279.0,1795
600916,COLEGIO MIXTO CIUDADANOS DEL FUTURO SAS,BOGOTÁ D.C.,2021,161,57.0,56.0,54.0,54.0,55.0,9.6,55.2,276.0,2063
600916,COLEGIO MIXTO CIUDADANOS DEL FUTURO SAS,BOGOTÁ D.C.,2022,154,59.0,57.0,54.0,54.0,57.0,10.4,56.1,280.5,2227
600916,COLEGIO MIXTO CIUDADANOS DEL FUTURO SAS,BOGOTÁ D.C.,2023,101,61.0,57.0,56.0,57.0,59.0,9.4,57.8,289.0,1830
600916,COLEGIO MIXTO CIUDADANOS DEL FUTURO SAS,BOGOTÁ D.C.,2024,106,60.0,61.0,56.0,58.0,61.0,8.8,58.9,294.5,1724
600916,COLEGIO MIXTO CIUDADANOS DEL FUTURO SAS,BOGOTÁ D.C.,2025,90,59.0,57.0,55.0,56.0,62.0,10.4,57.2,286.0,2351
665760,COLEGIO SANTIAGO DE LAS ATALAYAS (IED),BOGOTÁ D.C.,2020,103,57.0,60.0,55.0,54.0,49.0,8.4,55.9,279.5,1795
665760,COLEGIO SANTIAGO DE LAS ATALAYAS (IED),BOGOTÁ D.C.,2021,83,60.0,59.0,54.0,55.0,57.0,10.4,57.0,285.0,1599
665760,COLEGIO SANTIAGO DE LAS ATALAYAS (IED),BOGOTÁ D.C.,2022,110,62.0,60.0,56.0,58.0,60.0,9.8,59.1,295.5,1421
665760,COLEGIO SANTIAGO DE LAS ATALAYAS (IED),BOGOTÁ D.C.,2023,110,60.0,61.0,54.0,56.0,58.0,10.2,57.8,289.0,1830
665760,COLEGIO SANTIAGO DE LAS ATALAYAS (IED),BOGOTÁ D.C.,2024,96,60.0,61.0,55.0,59.0,60.0,10.0,58.8,294.0,1724
665760,COLEGIO SANTIAGO DE LAS ATALAYAS (IED),BOGOTÁ D.C.,2025,101,60.0,61.0,55.0,56.0,58.0,10.2,58.0,290.0,2090
731794,COLEGIO ROGELIO SALMONA (IED) - SEDE PRINCIPAL,BOGOTÁ D.C.,2020,48,55.0,55.0,52.0,52.0,50.0,8.6,53.2,266.0,2679
731794,COLEGIO ROGELIO SALMONA (IED) - SEDE PRINCIPAL,BOGOTÁ D.C.,2021,72,56.0,55.0,52.0,54.0,56.0,9.4,54.4,272.0,2303
731794,COLEGIO ROGELIO SALMONA (IED) - SEDE PRINCIPAL,BOGOTÁ D.C.,2022,86,57.0,56.0,53.0,53.0,55.0,8.6,54.8,274.0,2662
731794,COLEGIO ROGELIO SALMONA (IED) - SEDE PRINCIPAL,BOGOTÁ D.C.,2023,88,56.0,57.0,53.0,55.0,55.0,9.0,55.2,276.0,2696
731794,COLEGIO ROGELIO SALMONA (IED) - SEDE PRINCIPAL,BOGOTÁ D.C.,2024,80,58.0,57.0,54.0,55.0,58.0,9.6,56.2,281.0,2581
731794,COLEGIO ROGELIO SALMONA (IED) - SEDE PRINCIPAL,BOGOTÁ D.C.,2025,110,57.0,57.0,54.0,56.0,58.0,9.8,56.2,281.0,2713
063107,INSTITUTO SAN RICARDO PAMPURI,BOGOTÁ D.C.,2020,45,55.0,57.0,53.0,50.0,49.0,7.4,53.4,267.0,2591
063107,INSTITUTO SAN RICARDO PAMPURI,BOGOTÁ D.C.,2021,58,56.0,54.0,52.0,52.0,57.0,8.8,53.8,269.0,2513
063107,INSTITUTO SAN RICARDO PAMPURI,BOGOTÁ D.C.,2022,43,59.0,54.0,52.0,52.0,57.0,8.8,54.5,272.5,2824
063107,INSTITUTO SAN RICARDO PAMPURI,BOGOTÁ D.C.,2023,51,63.0,59.0,55.0,57.0,60.0,9.4,58.6,293.0,1634
063107,INSTITUTO SAN RICARDO PAMPURI,BOGOTÁ D.C.,2024,43,59.0,54.0,53.0,53.0,58.0,9.8,55.0,275.0,3074
063107,INSTITUTO SAN RICARDO PAMPURI,BOGOTÁ D.C.,2025,55,60.0,59.0,56.0,56.0,61.0,9.0,58.0,290.0,2090
045146,COLEGIO JOSE JOAQUIN VARGAS,BOGOTÁ D.C.,2020,19,62.0,59.0,62.0,57.0,56.0,8.6,59.7,298.5,999
045146,COLEGIO JOSE JOAQUIN VARGAS,BOGOTÁ D.C.,2021,14,58.0,55.0,51.0,57.0,60.0,9.8,55.6,278.0,1959
045146,COLEGIO JOSE JOAQUIN VARGAS,BOGOTÁ D.C.,2022,25,61.0,61.0,54.0,56.0,60.0,8.6,58.2,291.0,1615
045146,COLEGIO JOSE JOAQUIN VARGAS,BOGOTÁ D.C.,2023,13,59.0,58.0,54.0,53.0,62.0,7.0,56.5,282.5,2275
045146,COLEGIO JOSE JOAQUIN VARGAS,BOGOTÁ D.C.,2024,9,58.0,53.0,52.0,54.0,59.0,7.8,54.6,273.0,3266
045146,COLEGIO JOSE JOAQUIN VARGAS,BOGOTÁ D.C.,2025,11,58.0,58.0,55.0,56.0,63.0,13.8,57.2,286.0,2351
112847,GIMN COLOMBIANO DEL SUR,BOGOTÁ D.C.,2020,43,56.0,54.0,51.0,50.0,51.0,8.8,52.6,263.0,2984
112847,GIMN COLOMBIANO DEL SUR,BOGOTÁ D.C.,2021,35,56.0,56.0,52.0,54.0,59.0,8.0,54.8,274.0,2185
112847,GIMN COLOMBIANO DEL SUR,BOGOTÁ D.C.,2022,25,55.0,54.0,48.0,50.0,54.0,9.6,51.9,259.5,4132
112847,GIMN COLOMBIANO DEL SUR,BOGOTÁ D.C.,2023,38,58.0,58.0,52.0,53.0,59.0,9.6,55.5,277.5,2625
112847,GIMN COLOMBIANO DEL SUR,BOGOTÁ D.C.,2024,30,60.0,60.0,52.0,54.0,60.0,8.4,56.8,284.0,2367
112847,GIMN COLOMBIANO DEL SUR,BOGOTÁ D.C.,2025,28,60.0,58.0,54.0,56.0,61.0,10.2,57.3,286.5,2351
156208,TANDEM - SEDE PRINCIPAL,BOGOTÁ D.C.,2020,25,62.0,63.0,60.0,59.0,74.0,8.6,62.0,310.0,689
156208,TANDEM - SEDE PRINCIPAL,BOGOTÁ D.C.,2021,19,61.0,61.0,59.0,57.0,78.0,9.0,60.9,304.5,863
156208,TANDEM - SEDE PRINCIPAL,BOGOTÁ D.C.,2022,17,61.0,64.0,57.0,57.0,80.0,10.0,61.3,306.5,987
156208,TANDEM - SEDE PRINCIPAL,BOGOTÁ D.C.,2023,18,61.0,60.0,61.0,58.0,77.0,7.2,61.3,306.5,1081
156208,TANDEM - SEDE PRINCIPAL,BOGOTÁ D.C.,2024,19,60.0,61.0,54.0,57.0,76.0,10.8,59.4,297.0,1585
156208,TANDEM - SEDE PRINCIPAL,BOGOTÁ D.C.,2025,22,60.0,60.0,54.0,56.0,75.0,11.4,58.8,294.0,1840
604769,GIMN ACAD REGIONAL,BOGOTÁ D.C.,2020,208,57.0,56.0,54.0,54.0,52.0,9.6,55.0,275.0,2017
604769,GIMN ACAD REGIONAL,BOGOTÁ D.C.,2021,202,58.0,57.0,55.0,54.0,59.0,9.4,56.2,281.0,1818
604769,GIMN ACAD REGIONAL,BOGOTÁ D.C.,2022,253,59.0,55.0,53.0,54.0,59.0,9.4,55.5,277.5,2415
604769,GIMN ACAD REGIONAL,BOGOTÁ D.C.,2023,244,58.0,55.0,55.0,55.0,58.0,9.0,55.9,279.5,2474
604769,GIMN ACAD REGIONAL,BOGOTÁ D.C.,2024,227,60.0,58.0,55.0,57.0,62.0,10.4,57.8,289.0,2019
604769,GIMN ACAD REGIONAL,BOGOTÁ D.C.,2025,209,59.0,56.0,54.0,56.0,0.0,7.4,51.9,259.5,5087
604769,GIMN ACAD REGIONAL,BOGOTÁ D.C.,2025,208,0.0,0.0,0.0,0.0,61.0,2.2,4.7,23.5,14764
214114,CENT EDUC DIST ANDALUCIA,BOGOTÁ D.C.,2020,34,58.0,56.0,55.0,53.0,49.0,8.2,55.0,275.0,2017
214114,CENT EDUC DIST ANDALUCIA,BOGOTÁ D.C.,2021,38,54.0,50.0,50.0,50.0,53.0,8.8,51.2,256.0,3688
214114,CENT EDUC DIST ANDALUCIA,BOGOTÁ D.C.,2022,32,59.0,57.0,54.0,56.0,59.0,9.2,56.7,283.5,2037
214114,CENT EDUC DIST ANDALUCIA,BOGOTÁ D.C.,2023,46,56.0,54.0,51.0,52.0,54.0,9.2,53.3,266.5,3670
214114,CENT EDUC DIST ANDALUCIA,BOGOTÁ D.C.,2024,29,55.0,57.0,52.0,52.0,56.0,9.4,54.2,271.0,3449
214114,CENT EDUC DIST ANDALUCIA,BOGOTÁ D.C.,2025,18,55.0,57.0,51.0,56.0,57.0,11.0,54.9,274.5,3312
752394,COLEGIO LAUREL DE CERA (IED) - SEDE PRINCIPAL,BOGOTÁ D.C.,2021,21,57.0,52.0,50.0,50.0,49.0,8.2,52.0,260.0,3274
752394,COLEGIO LAUREL DE CERA (IED) - SEDE PRINCIPAL,BOGOTÁ D.C.,2022,50,56.0,54.0,50.0,50.0,53.0,8.4,52.5,262.5,3812
752394,COLEGIO LAUREL DE CERA (IED) - SEDE PRINCIPAL,BOGOTÁ D.C.,2023,68,56.0,55.0,52.0,53.0,53.0,8.4,53.9,269.5,3317
752394,COLEGIO LAUREL DE CERA (IED) - SEDE PRINCIPAL,BOGOTÁ D.C.,2024,60,59.0,59.0,54.0,55.0,56.0,9.0,56.7,283.5,2438
752394,COLEGIO LAUREL DE CERA (IED) - SEDE PRINCIPAL,BOGOTÁ D.C.,2025,60,61.0,61.0,55.0,56.0,57.0,9.4,58.2,291.0,2029
752386,COLEGIO PARQUES DE BOGOTA (IED) - SEDE PRINCIPAL,BOGOTÁ D.C.,2021,36,54.0,51.0,49.0,50.0,50.0,10.6,50.9,254.5,3928
752386,COLEGIO PARQUES DE BOGOTA (IED) - SEDE PRINCIPAL,BOGOTÁ D.C.,2022,48,58.0,56.0,52.0,53.0,53.0,10.0,54.6,273.0,2746
752386,COLEGIO PARQUES DE BOGOTA (IED) - SEDE PRINCIPAL,BOGOTÁ D.C.,2023,65,57.0,54.0,54.0,53.0,54.0,8.6,54.5,272.5,3013
752386,COLEGIO PARQUES DE BOGOTA (IED) - SEDE PRINCIPAL,BOGOTÁ D.C.,2024,55,57.0,58.0,51.0,53.0,55.0,9.6,54.8,274.0,3172
752386,COLEGIO PARQUES DE BOGOTA (IED) - SEDE PRINCIPAL,BOGOTÁ D.C.,2025,67,60.0,59.0,54.0,56.0,56.0,9.4,57.2,286.0,2351
730440,COLEGIO AUSTRALIANO CAMPESTRE - SEDE PRINCIPAL,BOGOTÁ D.C.,2020,24,58.0,57.0,56.0,54.0,65.0,9.0,56.9,284.5,1544
730440,COLEGIO AUSTRALIANO CAMPESTRE - SEDE PRINCIPAL,BOGOTÁ D.C.,2021,17,61.0,58.0,57.0,56.0,72.0,9.6,59.1,295.5,1180
730440,COLEGIO AUSTRALIANO CAMPESTRE - SEDE PRINCIPAL,BOGOTÁ D.C.,2022,16,61.0,58.0,57.0,55.0,72.0,10.6,58.8,294.0,1463
730440,COLEGIO AUSTRALIANO CAMPESTRE - SEDE PRINCIPAL,BOGOTÁ D.C.,2023,26,64.0,61.0,61.0,60.0,76.0,9.4,62.6,313.0,837
730440,COLEGIO AUSTRALIANO CAMPESTRE - SEDE PRINCIPAL,BOGOTÁ D.C.,2024,33,62.0,61.0,58.0,60.0,76.0,10.0,61.5,307.5,1142
730440,COLEGIO AUSTRALIANO CAMPESTRE - SEDE PRINCIPAL,BOGOTÁ D.C.,2025,39,62.0,58.0,57.0,56.0,73.0,9.0,59.4,297.0,1699
143099,COLEGIO GRAN BRETAÑA,BOGOTÁ D.C.,2020,13,63.0,65.0,57.0,61.0,81.0,6.6,63.0,315.0,575
143099,COLEGIO GRAN BRETAÑA,BOGOTÁ D.C.,2021,14,57.0,63.0,50.0,58.0,84.0,9.6,59.1,295.5,1180
143099,COLEGIO GRAN BRETAÑA,BOGOTÁ D.C.,2022,20,63.0,66.0,55.0,61.0,88.0,9.2,63.3,316.5,673
143099,COLEGIO GRAN BRETAÑA,BOGOTÁ D.C.,2023,24,63.0,69.0,57.0,62.0,84.0,9.4,64.4,322.0,618
143099,COLEGIO GRAN BRETAÑA,BOGOTÁ D.C.,2024,19,57.0,66.0,54.0,58.0,86.0,10.6,60.8,304.0,1268
143099,COLEGIO GRAN BRETAÑA,BOGOTÁ D.C.,2025,24,56.0,63.0,49.0,56.0,87.0,12.6,58.4,292.0,1966
090928,CENT EDUC DIST BAS Y MEDIA NUEVA CASTILLA,BOGOTÁ D.C.,2020,140,57.0,55.0,55.0,52.0,52.0,8.4,54.5,272.5,2224
090928,CENT EDUC DIST BAS Y MEDIA NUEVA CASTILLA,BOGOTÁ D.C.,2021,124,56.0,54.0,53.0,53.0,55.0,10.0,54.1,270.5,2440
090928,CENT EDUC DIST BAS Y MEDIA NUEVA CASTILLA,BOGOTÁ D.C.,2022,132,58.0,56.0,55.0,55.0,55.0,10.0,55.9,279.5,2287
090928,CENT EDUC DIST BAS Y MEDIA NUEVA CASTILLA,BOGOTÁ D.C.,2023,136,57.0,56.0,53.0,54.0,57.0,9.8,55.2,276.0,2696
090928,CENT EDUC DIST BAS Y MEDIA NUEVA CASTILLA,BOGOTÁ D.C.,2024,118,58.0,57.0,54.0,56.0,58.0,9.8,56.4,282.0,2513
090928,CENT EDUC DIST BAS Y MEDIA NUEVA CASTILLA,BOGOTÁ D.C.,2025,141,58.0,56.0,52.0,55.0,58.0,10.2,55.5,277.5,3047
161406,COLEGIO SAN ANGEL SALITRE,BOGOTÁ D.C.,2020,21,59.0,61.0,59.0,56.0,68.0,10.2,59.5,297.5,1031
161406,COLEGIO SAN ANGEL SALITRE,BOGOTÁ D.C.,2021,25,61.0,57.0,58.0,56.0,71.0,7.8,59.0,295.0,1180
161406,COLEGIO SAN ANGEL SALITRE,BOGOTÁ D.C.,2022,26,61.0,60.0,59.0,59.0,73.0,8.8,60.8,304.0,1048
161406,COLEGIO SAN ANGEL SALITRE,BOGOTÁ D.C.,2023,24,61.0,56.0,57.0,55.0,68.0,9.2,58.1,290.5,1788
161406,COLEGIO SAN ANGEL SALITRE,BOGOTÁ D.C.,2024,20,60.0,55.0,56.0,55.0,72.0,11.4,57.7,288.5,2088
161406,COLEGIO SAN ANGEL SALITRE,BOGOTÁ D.C.,2025,27,61.0,59.0,55.0,55.0,68.0,9.4,58.3,291.5,2029
661827,CENT EDUC DIST LA CONCORDIA,BOGOTÁ D.C.,2020,44,54.0,52.0,52.0,50.0,48.0,10.6,51.7,258.5,3519
661827,CENT EDUC DIST LA CONCORDIA,BOGOTÁ D.C.,2021,42,54.0,47.0,46.0,47.0,50.0,11.4,48.6,243.0,5381
661827,CENT EDUC DIST LA CONCORDIA,BOGOTÁ D.C.,2022,40,57.0,53.0,52.0,52.0,52.0,11.0,53.4,267.0,3280
661827,CENT EDUC DIST LA CONCORDIA,BOGOTÁ D.C.,2023,35,53.0,50.0,47.0,48.0,51.0,10.2,49.6,248.0,6063
661827,CENT EDUC DIST LA CONCORDIA,BOGOTÁ D.C.,2024,34,55.0,50.0,49.0,50.0,54.0,11.8,51.2,256.0,5338
661827,CENT EDUC DIST LA CONCORDIA,BOGOTÁ D.C.,2025,42,57.0,52.0,54.0,55.0,55.0,9.8,54.5,272.5,3504
665687,COLEGIO BILBAO (IED),BOGOTÁ D.C.,2020,77,56.0,56.0,53.0,52.0,51.0,9.4,54.0,270.0,2359
665687,COLEGIO BILBAO (IED),BOGOTÁ D.C.,2021,78,57.0,57.0,52.0,53.0,52.0,9.2,54.5,272.5,2303
665687,COLEGIO BILBAO (IED),BOGOTÁ D.C.,2022,80,56.0,54.0,51.0,51.0,54.0,10.4,53.1,265.5,3497
665687,COLEGIO BILBAO (IED),BOGOTÁ D.C.,2023,72,57.0,57.0,53.0,53.0,54.0,10.6,54.9,274.5,2835
665687,COLEGIO BILBAO (IED),BOGOTÁ D.C.,2024,78,57.0,55.0,52.0,54.0,57.0,9.6,54.7,273.5,3266
665687,COLEGIO BILBAO (IED),BOGOTÁ D.C.,2025,76,57.0,53.0,52.0,55.0,58.0,9.4,54.5,272.5,3504
665729,COLEGIO GIMNASIO SABIO CALDAS (IED),BOGOTÁ D.C.,2020,69,55.0,54.0,52.0,52.0,50.0,9.2,53.0,265.0,2787
665729,COLEGIO GIMNASIO SABIO CALDAS (IED),BOGOTÁ D.C.,2021,79,59.0,59.0,55.0,56.0,57.0,9.0,57.2,286.0,1563
665729,COLEGIO GIMNASIO SABIO CALDAS (IED),BOGOTÁ D.C.,2022,66,59.0,59.0,54.0,56.0,58.0,8.6,57.1,285.5,1923
665729,COLEGIO GIMNASIO SABIO CALDAS (IED),BOGOTÁ D.C.,2023,67,57.0,57.0,53.0,54.0,56.0,9.0,55.3,276.5,2696
665729,COLEGIO GIMNASIO SABIO CALDAS (IED),BOGOTÁ D.C.,2024,79,59.0,59.0,55.0,56.0,56.0,9.6,57.2,286.0,2211
665729,COLEGIO GIMNASIO SABIO CALDAS (IED),BOGOTÁ D.C.,2025,58,58.0,59.0,52.0,55.0,56.0,9.2,56.0,280.0,2797
744904,LICEO LA NUEVA ESTANCIA DE SUBA,BOGOTÁ D.C.,2020,35,58.0,57.0,55.0,53.0,52.0,8.2,55.5,277.5,1909
744904,LICEO LA NUEVA ESTANCIA DE SUBA,BOGOTÁ D.C.,2021,38,61.0,58.0,57.0,55.0,57.0,8.4,57.7,288.5,1474
744904,LICEO LA NUEVA ESTANCIA DE SUBA,BOGOTÁ D.C.,2022,30,63.0,56.0,55.0,56.0,58.0,9.2,57.5,287.5,1816
744904,LICEO LA NUEVA ESTANCIA DE SUBA,BOGOTÁ D.C.,2023,41,59.0,58.0,54.0,55.0,57.0,7.6,56.5,282.5,2275
744904,LICEO LA NUEVA ESTANCIA DE SUBA,BOGOTÁ D.C.,2024,50,60.0,58.0,56.0,55.0,61.0,10.0,57.5,287.5,2139
744904,LICEO LA NUEVA ESTANCIA DE SUBA,BOGOTÁ D.C.,2025,63,60.0,58.0,55.0,55.0,59.0,9.4,57.2,286.0,2351
746081,COLEGIO NUEVA CIENCIA,BOGOTÁ D.C.,2020,32,56.0,56.0,54.0,54.0,53.0,11.6,54.8,274.0,2076
746081,COLEGIO NUEVA CIENCIA,BOGOTÁ D.C.,2021,31,57.0,55.0,51.0,52.0,56.0,9.8,53.9,269.5,2513
746081,COLEGIO NUEVA CIENCIA,BOGOTÁ D.C.,2022,25,57.0,58.0,51.0,53.0,54.0,9.2,54.7,273.5,2746
746081,COLEGIO NUEVA CIENCIA,BOGOTÁ D.C.,2023,26,57.0,57.0,53.0,56.0,57.0,10.4,55.8,279.0,2474
746081,COLEGIO NUEVA CIENCIA,BOGOTÁ D.C.,2024,25,57.0,61.0,52.0,57.0,58.0,9.4,56.8,284.0,2367
746081,COLEGIO NUEVA CIENCIA,BOGOTÁ D.C.,2025,30,56.0,56.0,51.0,55.0,57.0,8.0,54.7,273.5,3400
137877,SALUDCOOP NORTE (INST EDUC DIST),BOGOTÁ D.C.,2020,93,56.0,56.0,54.0,53.0,52.0,9.8,54.5,272.5,2224
137877,SALUDCOOP NORTE (INST EDUC DIST),BOGOTÁ D.C.,2021,104,56.0,53.0,53.0,51.0,57.0,10.2,53.5,267.5,2660
137877,SALUDCOOP NORTE (INST EDUC DIST),BOGOTÁ D.C.,2022,61,58.0,56.0,52.0,54.0,56.0,9.4,55.1,275.5,2589
137877,SALUDCOOP NORTE (INST EDUC DIST),BOGOTÁ D.C.,2023,96,57.0,56.0,52.0,53.0,56.0,9.2,54.6,273.0,2917
137877,SALUDCOOP NORTE (INST EDUC DIST),BOGOTÁ D.C.,2024,107,58.0,58.0,53.0,55.0,59.0,9.8,56.2,281.0,2581
137877,SALUDCOOP NORTE (INST EDUC DIST),BOGOTÁ D.C.,2025,108,58.0,58.0,53.0,55.0,59.0,9.8,56.2,281.0,2713
153288,COLEGIO WESLEYANO DEL NORTE,BOGOTÁ D.C.,2020,49,59.0,57.0,57.0,56.0,58.0,10.4,57.3,286.5,1471
153288,COLEGIO WESLEYANO DEL NORTE,BOGOTÁ D.C.,2021,69,62.0,60.0,58.0,58.0,65.0,9.4,59.9,299.5,1061
153288,COLEGIO WESLEYANO DEL NORTE,BOGOTÁ D.C.,2022,86,63.0,59.0,57.0,57.0,68.0,9.6,59.7,298.5,1276
153288,COLEGIO WESLEYANO DEL NORTE,BOGOTÁ D.C.,2023,84,62.0,59.0,58.0,57.0,67.0,8.8,59.6,298.0,1409
153288,COLEGIO WESLEYANO DEL NORTE,BOGOTÁ D.C.,2024,77,62.0,59.0,58.0,58.0,70.0,9.6,60.1,300.5,1428
153288,COLEGIO WESLEYANO DEL NORTE,BOGOTÁ D.C.,2025,68,62.0,58.0,57.0,55.0,67.0,9.8,58.7,293.5,1898
190512,GIMN LA KHUMBRE - SEDE PRINCIPAL,BOGOTÁ D.C.,2020,11,58.0,58.0,59.0,53.0,67.0,11.8,57.8,289.0,1331
190512,GIMN LA KHUMBRE - SEDE PRINCIPAL,BOGOTÁ D.C.,2021,4,53.0,45.0,47.0,52.0,60.0,6.4,50.1,250.5,4448
190512,GIMN LA KHUMBRE - SEDE PRINCIPAL,BOGOTÁ D.C.,2022,5,61.0,58.0,55.0,57.0,77.0,7.4,59.2,296.0,1371
190512,GIMN LA KHUMBRE - SEDE PRINCIPAL,BOGOTÁ D.C.,2023,5,61.0,57.0,57.0,58.0,72.0,8.8,59.3,296.5,1492
190512,GIMN LA KHUMBRE - SEDE PRINCIPAL,BOGOTÁ D.C.,2024,2,60.0,60.0,53.0,53.0,79.0,6.4,58.2,291.0,1887
190512,GIMN LA KHUMBRE - SEDE PRINCIPAL,BOGOTÁ D.C.,2025,9,62.0,62.0,58.0,55.0,70.0,12.4,60.1,300.5,1562
213124,COL DIST MARIANO OSPINA PEREZ,BOGOTÁ D.C.,2020,75,59.0,58.0,55.0,55.0,51.0,9.0,56.3,281.5,1688
213124,COL DIST MARIANO OSPINA PEREZ,BOGOTÁ D.C.,2021,75,58.0,56.0,53.0,54.0,57.0,9.2,55.4,277.0,2000
213124,COL DIST MARIANO OSPINA PEREZ,BOGOTÁ D.C.,2022,69,57.0,55.0,50.0,53.0,56.0,10.0,53.9,269.5,3089
213124,COL DIST MARIANO OSPINA PEREZ,BOGOTÁ D.C.,2023,58,57.0,57.0,53.0,54.0,54.0,8.6,55.2,276.0,2696
213124,COL DIST MARIANO OSPINA PEREZ,BOGOTÁ D.C.,2024,69,57.0,57.0,53.0,55.0,57.0,10.6,55.6,278.0,2806
213124,COL DIST MARIANO OSPINA PEREZ,BOGOTÁ D.C.,2025,64,57.0,57.0,50.0,55.0,59.0,10.2,55.1,275.5,3212
753715,COLEGIO DE LA BICI (IED) - SEDE PRINCIPAL,BOGOTÁ D.C.,2021,26,54.0,53.0,50.0,49.0,50.0,8.2,51.4,257.0,3586
753715,COLEGIO DE LA BICI (IED) - SEDE PRINCIPAL,BOGOTÁ D.C.,2022,53,57.0,55.0,53.0,53.0,58.0,10.0,54.8,274.0,2662
753715,COLEGIO DE LA BICI (IED) - SEDE PRINCIPAL,BOGOTÁ D.C.,2023,62,58.0,55.0,52.0,51.0,57.0,9.8,54.2,271.0,3101
753715,COLEGIO DE LA BICI (IED) - SEDE PRINCIPAL,BOGOTÁ D.C.,2024,49,56.0,56.0,52.0,52.0,58.0,10.4,54.3,271.5,3449
753715,COLEGIO DE LA BICI (IED) - SEDE PRINCIPAL,BOGOTÁ D.C.,2025,68,58.0,56.0,52.0,55.0,58.0,9.8,55.5,277.5,3047
724062,COLEGIO SAN IGNACIO (IED),BOGOTÁ D.C.,2020,144,55.0,54.0,50.0,50.0,46.0,9.0,51.8,259.0,3398
724062,COLEGIO SAN IGNACIO (IED),BOGOTÁ D.C.,2021,88,56.0,52.0,49.0,51.0,49.0,10.2,51.8,259.0,3375
724062,COLEGIO SAN IGNACIO (IED),BOGOTÁ D.C.,2022,113,56.0,55.0,53.0,53.0,51.0,9.8,54.0,270.0,3003
724062,COLEGIO SAN IGNACIO (IED),BOGOTÁ D.C.,2023,89,55.0,56.0,51.0,53.0,51.0,8.6,53.5,267.5,3550
724062,COLEGIO SAN IGNACIO (IED),BOGOTÁ D.C.,2024,97,58.0,59.0,53.0,55.0,52.0,9.6,55.9,279.5,2732
724062,COLEGIO SAN IGNACIO (IED),BOGOTÁ D.C.,2025,106,58.0,56.0,51.0,55.0,54.0,9.8,54.9,274.5,3312
740241,LICEO NUESTRA SEÑORA DE LAS NIEVES,BOGOTÁ D.C.,2020,138,58.0,59.0,55.0,53.0,49.0,8.8,55.7,278.5,1853
740241,LICEO NUESTRA SEÑORA DE LAS NIEVES,BOGOTÁ D.C.,2021,143,61.0,59.0,55.0,55.0,57.0,9.6,57.5,287.5,1516
740241,LICEO NUESTRA SEÑORA DE LAS NIEVES,BOGOTÁ D.C.,2022,125,61.0,61.0,57.0,55.0,60.0,8.8,58.6,293.0,1521
740241,LICEO NUESTRA SEÑORA DE LAS NIEVES,BOGOTÁ D.C.,2023,120,61.0,61.0,57.0,55.0,59.0,8.8,58.5,292.5,1681
740241,LICEO NUESTRA SEÑORA DE LAS NIEVES,BOGOTÁ D.C.,2024,133,59.0,59.0,55.0,54.0,58.0,9.0,56.8,284.0,2367
740241,LICEO NUESTRA SEÑORA DE LAS NIEVES,BOGOTÁ D.C.,2025,99,60.0,60.0,54.0,55.0,60.0,10.2,57.5,287.5,2291
818534,COLEGIO LUCILA RUBIO DE LAVERDE (IED) - SEDE PRINCIPAL,BOGOTÁ D.C.,2024,35,58.0,55.0,53.0,54.0,57.0,10.0,55.2,276.0,2977
818534,COLEGIO LUCILA RUBIO DE LAVERDE (IED) - SEDE PRINCIPAL,BOGOTÁ D.C.,2025,59,58.0,56.0,53.0,55.0,56.0,8.6,55.5,277.5,3047
144998,COLEGIO DIOS ES AMOR LUCERO ALTO - SEDE PRINCIPAL,BOGOTÁ D.C.,2020,34,55.0,53.0,51.0,49.0,46.0,7.6,51.5,257.5,3630
144998,COLEGIO DIOS ES AMOR LUCERO ALTO - SEDE PRINCIPAL,BOGOTÁ D.C.,2021,49,58.0,52.0,51.0,52.0,52.0,8.8,53.2,266.0,2723
144998,COLEGIO DIOS ES AMOR LUCERO ALTO - SEDE PRINCIPAL,BOGOTÁ D.C.,2022,47,57.0,54.0,51.0,52.0,50.0,8.8,53.2,266.0,3387
144998,COLEGIO DIOS ES AMOR LUCERO ALTO - SEDE PRINCIPAL,BOGOTÁ D.C.,2023,49,58.0,54.0,53.0,55.0,50.0,8.4,54.6,273.0,2917
144998,COLEGIO DIOS ES AMOR LUCERO ALTO - SEDE PRINCIPAL,BOGOTÁ D.C.,2024,48,57.0,54.0,49.0,53.0,53.0,8.6,53.2,266.0,4012
144998,COLEGIO DIOS ES AMOR LUCERO ALTO - SEDE PRINCIPAL,BOGOTÁ D.C.,2025,71,57.0,55.0,53.0,55.0,53.0,10.0,54.8,274.0,3312
075234,INST DIST CASTILLA,BOGOTÁ D.C.,2020,103,58.0,57.0,54.0,55.0,57.0,8.6,56.1,280.5,1737
075234,INST DIST CASTILLA,BOGOTÁ D.C.,2021,116,57.0,53.0,51.0,51.0,57.0,9.2,53.3,266.5,2723
075234,INST DIST CASTILLA,BOGOTÁ D.C.,2022,96,58.0,54.0,53.0,53.0,61.0,9.8,55.0,275.0,2589
075234,INST DIST CASTILLA,BOGOTÁ D.C.,2023,101,58.0,55.0,55.0,55.0,61.0,9.4,56.2,281.0,2342
075234,INST DIST CASTILLA,BOGOTÁ D.C.,2024,103,57.0,56.0,52.0,53.0,62.0,9.2,55.1,275.5,3074
075234,INST DIST CASTILLA,BOGOTÁ D.C.,2025,95,60.0,59.0,54.0,55.0,63.0,9.4,57.5,287.5,2291
056234,GIMNASIO NUEVO SUBA,BOGOTÁ D.C.,2020,47,57.0,59.0,54.0,52.0,52.0,9.8,55.2,276.0,1964
056234,GIMNASIO NUEVO SUBA,BOGOTÁ D.C.,2021,42,61.0,58.0,53.0,55.0,0.0,7.4,52.4,262.0,3083
056234,GIMNASIO NUEVO SUBA,BOGOTÁ D.C.,2021,41,0.0,0.0,0.0,0.0,60.0,2.4,4.6,23.0,14336
056234,GIMNASIO NUEVO SUBA,BOGOTÁ D.C.,2022,42,59.0,57.0,54.0,54.0,58.0,8.8,56.2,281.0,2167
056234,GIMNASIO NUEVO SUBA,BOGOTÁ D.C.,2023,52,59.0,59.0,55.0,56.0,59.0,9.2,57.4,287.0,1937
056234,GIMNASIO NUEVO SUBA,BOGOTÁ D.C.,2024,46,60.0,59.0,52.0,54.0,60.0,8.4,56.5,282.5,2513
056234,GIMNASIO NUEVO SUBA,BOGOTÁ D.C.,2025,36,59.0,60.0,51.0,55.0,61.0,9.2,56.6,283.0,2555
075382,COLEGIO NEIL ARMSTRONG,BOGOTÁ D.C.,2020,17,53.0,50.0,48.0,45.0,48.0,8.0,48.9,244.5,5346
075382,COLEGIO NEIL ARMSTRONG,BOGOTÁ D.C.,2021,38,53.0,50.0,47.0,50.0,55.0,8.8,50.4,252.0,4180
075382,COLEGIO NEIL ARMSTRONG,BOGOTÁ D.C.,2022,23,58.0,53.0,47.0,51.0,52.0,11.0,52.2,261.0,3916
075382,COLEGIO NEIL ARMSTRONG,BOGOTÁ D.C.,2023,17,55.0,52.0,51.0,52.0,53.0,8.8,52.5,262.5,4159
075382,COLEGIO NEIL ARMSTRONG,BOGOTÁ D.C.,2024,22,55.0,50.0,48.0,50.0,54.0,10.2,51.0,255.0,5458
075382,COLEGIO NEIL ARMSTRONG,BOGOTÁ D.C.,2025,10,54.0,54.0,51.0,55.0,56.0,8.4,53.7,268.5,3966
191130,GIMNASIO BOSQUES DEL NOGAL,BOGOTÁ D.C.,2020,14,57.0,52.0,50.0,48.0,48.0,9.2,51.5,257.5,3630
191130,GIMNASIO BOSQUES DEL NOGAL,BOGOTÁ D.C.,2021,12,58.0,50.0,48.0,50.0,56.0,10.4,51.8,259.0,3375
191130,GIMNASIO BOSQUES DEL NOGAL,BOGOTÁ D.C.,2022,9,57.0,55.0,51.0,54.0,58.0,8.6,54.5,272.5,2824
191130,GIMNASIO BOSQUES DEL NOGAL,BOGOTÁ D.C.,2023,19,61.0,58.0,56.0,56.0,58.0,8.8,57.8,289.0,1830
191130,GIMNASIO BOSQUES DEL NOGAL,BOGOTÁ D.C.,2024,21,58.0,55.0,51.0,55.0,60.0,9.0,55.2,276.0,2977
191130,GIMNASIO BOSQUES DEL NOGAL,BOGOTÁ D.C.,2025,22,58.0,56.0,55.0,55.0,56.0,9.4,56.0,280.0,2797
132928,COL CARLO FEDERICI (INST EDUC DIST),BOGOTÁ D.C.,2020,74,58.0,57.0,55.0,53.0,52.0,8.4,55.5,277.5,1909
132928,COL CARLO FEDERICI (INST EDUC DIST),BOGOTÁ D.C.,2021,101,60.0,57.0,54.0,53.0,57.0,8.8,56.1,280.5,1863
132928,COL CARLO FEDERICI (INST EDUC DIST),BOGOTÁ D.C.,2022,96,58.0,56.0,54.0,54.0,58.0,9.2,55.7,278.5,2348
132928,COL CARLO FEDERICI (INST EDUC DIST),BOGOTÁ D.C.,2023,107,59.0,58.0,55.0,56.0,59.0,9.0,57.2,286.0,1999
132928,COL CARLO FEDERICI (INST EDUC DIST),BOGOTÁ D.C.,2024,101,59.0,61.0,56.0,55.0,60.0,9.4,57.9,289.5,2019
132928,COL CARLO FEDERICI (INST EDUC DIST),BOGOTÁ D.C.,2025,110,59.0,60.0,53.0,55.0,60.0,9.2,57.0,285.0,2416
167833,LICEO SAN RAFAEL - SEDE PRINCIPAL,BOGOTÁ D.C.,2020,32,57.0,55.0,52.0,51.0,52.0,9.0,53.6,268.0,2515
167833,LICEO SAN RAFAEL - SEDE PRINCIPAL,BOGOTÁ D.C.,2021,22,58.0,57.0,50.0,53.0,58.0,8.4,54.8,274.0,2185
167833,LICEO SAN RAFAEL - SEDE PRINCIPAL,BOGOTÁ D.C.,2022,25,56.0,56.0,52.0,51.0,59.0,9.2,54.2,271.0,2904
167833,LICEO SAN RAFAEL - SEDE PRINCIPAL,BOGOTÁ D.C.,2023,29,58.0,56.0,52.0,54.0,62.0,8.8,55.5,277.5,2625
167833,LICEO SAN RAFAEL - SEDE PRINCIPAL,BOGOTÁ D.C.,2024,20,59.0,58.0,53.0,56.0,65.0,10.0,57.2,286.0,2211
167833,LICEO SAN RAFAEL - SEDE PRINCIPAL,BOGOTÁ D.C.,2025,21,59.0,60.0,51.0,55.0,65.0,9.8,56.9,284.5,2491
657601,NUEVO COL LUSADI,BOGOTÁ D.C.,2020,33,55.0,55.0,53.0,51.0,48.0,9.8,53.1,265.5,2787
657601,NUEVO COL LUSADI,BOGOTÁ D.C.,2021,33,61.0,59.0,57.0,57.0,59.0,7.8,58.5,292.5,1310
657601,NUEVO COL LUSADI,BOGOTÁ D.C.,2022,30,58.0,58.0,52.0,55.0,56.0,7.6,55.8,279.0,2287
657601,NUEVO COL LUSADI,BOGOTÁ D.C.,2023,21,60.0,58.0,53.0,55.0,57.0,6.6,56.5,282.5,2275
657601,NUEVO COL LUSADI,BOGOTÁ D.C.,2024,32,57.0,59.0,53.0,56.0,55.0,8.8,56.2,281.0,2581
657601,NUEVO COL LUSADI,BOGOTÁ D.C.,2025,32,58.0,57.0,53.0,55.0,57.0,9.0,55.8,279.0,2887
214106,CENT EDUC DIST ANDALUCIA,BOGOTÁ D.C.,2020,36,56.0,57.0,52.0,52.0,49.0,8.8,53.8,269.0,2437
214106,CENT EDUC DIST ANDALUCIA,BOGOTÁ D.C.,2021,60,60.0,54.0,55.0,53.0,55.0,9.4,55.5,277.5,2000
214106,CENT EDUC DIST ANDALUCIA,BOGOTÁ D.C.,2022,49,58.0,54.0,53.0,52.0,57.0,9.4,54.5,272.5,2824
214106,CENT EDUC DIST ANDALUCIA,BOGOTÁ D.C.,2023,58,56.0,54.0,52.0,52.0,54.0,9.4,53.5,267.5,3550
214106,CENT EDUC DIST ANDALUCIA,BOGOTÁ D.C.,2024,50,55.0,54.0,50.0,51.0,53.0,9.8,52.5,262.5,4539
214106,CENT EDUC DIST ANDALUCIA,BOGOTÁ D.C.,2025,54,58.0,58.0,54.0,55.0,58.0,8.2,56.4,282.0,2637
602128,INSTITUTO PSICOPEDAGOGICO ROSAL DE SUBA,BOGOTÁ D.C.,2020,4,50.0,50.0,50.0,45.0,45.0,5.8,48.5,242.5,5639
602128,INSTITUTO PSICOPEDAGOGICO ROSAL DE SUBA,BOGOTÁ D.C.,2021,6,48.0,48.0,42.0,42.0,45.0,11.4,45.0,225.0,8129
602128,INSTITUTO PSICOPEDAGOGICO ROSAL DE SUBA,BOGOTÁ D.C.,2022,7,56.0,52.0,52.0,51.0,55.0,8.8,52.9,264.5,3592
602128,INSTITUTO PSICOPEDAGOGICO ROSAL DE SUBA,BOGOTÁ D.C.,2023,4,46.0,44.0,44.0,47.0,48.0,5.6,45.5,227.5,9179
602128,INSTITUTO PSICOPEDAGOGICO ROSAL DE SUBA,BOGOTÁ D.C.,2024,4,55.0,61.0,49.0,52.0,59.0,5.2,54.6,273.0,3266
602128,INSTITUTO PSICOPEDAGOGICO ROSAL DE SUBA,BOGOTÁ D.C.,2025,9,58.0,57.0,54.0,55.0,60.0,12.8,56.3,281.5,2713
037101,INST DE EDUC MEDIA EMAUS,BOGOTÁ D.C.,2020,37,57.0,57.0,55.0,53.0,51.0,9.4,55.2,276.0,1964
037101,INST DE EDUC MEDIA EMAUS,BOGOTÁ D.C.,2021,25,56.0,51.0,51.0,51.0,56.0,11.0,52.5,262.5,3083
037101,INST DE EDUC MEDIA EMAUS,BOGOTÁ D.C.,2022,19,55.0,52.0,50.0,52.0,53.0,10.8,52.3,261.5,3916
037101,INST DE EDUC MEDIA EMAUS,BOGOTÁ D.C.,2023,29,59.0,57.0,54.0,55.0,58.0,11.4,56.4,282.0,2275
037101,INST DE EDUC MEDIA EMAUS,BOGOTÁ D.C.,2024,35,59.0,58.0,53.0,54.0,58.0,9.4,56.2,281.0,2581
037101,INST DE EDUC MEDIA EMAUS,BOGOTÁ D.C.,2025,24,58.0,58.0,52.0,55.0,57.0,9.8,55.8,279.0,2887
110031,COLEGIO MADRE PAULA MONTAL,BOGOTÁ D.C.,2020,53,60.0,59.0,56.0,54.0,51.0,9.2,56.8,284.0,1544
110031,COLEGIO MADRE PAULA MONTAL,BOGOTÁ D.C.,2021,53,60.0,61.0,57.0,56.0,58.0,8.8,58.5,292.5,1310
110031,COLEGIO MADRE PAULA MONTAL,BOGOTÁ D.C.,2022,54,58.0,58.0,53.0,54.0,55.0,9.4,55.7,278.5,2348
110031,COLEGIO MADRE PAULA MONTAL,BOGOTÁ D.C.,2023,47,57.0,54.0,50.0,52.0,54.0,9.2,53.3,266.5,3670
110031,COLEGIO MADRE PAULA MONTAL,BOGOTÁ D.C.,2024,56,59.0,55.0,54.0,54.0,56.0,7.4,55.5,277.5,2888
110031,COLEGIO MADRE PAULA MONTAL,BOGOTÁ D.C.,2025,36,59.0,57.0,56.0,55.0,57.0,9.0,56.8,284.0,2491
027318,COL PARROQ NSTRA SRA DE LA VALVANERA,BOGOTÁ D.C.,2020,50,56.0,55.0,52.0,52.0,50.0,8.4,53.5,267.5,2591
027318,COL PARROQ NSTRA SRA DE LA VALVANERA,BOGOTÁ D.C.,2021,53,58.0,54.0,53.0,53.0,58.0,8.8,54.8,274.0,2185
027318,COL PARROQ NSTRA SRA DE LA VALVANERA,BOGOTÁ D.C.,2022,46,58.0,56.0,55.0,54.0,56.0,8.4,55.8,279.0,2287
027318,COL PARROQ NSTRA SRA DE LA VALVANERA,BOGOTÁ D.C.,2023,39,58.0,57.0,54.0,56.0,57.0,10.0,56.3,281.5,2342
027318,COL PARROQ NSTRA SRA DE LA VALVANERA,BOGOTÁ D.C.,2024,51,58.0,56.0,53.0,56.0,60.0,10.0,56.1,280.5,2654
027318,COL PARROQ NSTRA SRA DE LA VALVANERA,BOGOTÁ D.C.,2025,57,59.0,58.0,51.0,55.0,58.0,9.6,55.9,279.5,2887
019539,COL ESTRADA DE MARIA AUXILIADORA,BOGOTÁ D.C.,2020,21,54.0,56.0,48.0,48.0,50.0,9.8,51.4,257.0,3630
019539,COL ESTRADA DE MARIA AUXILIADORA,BOGOTÁ D.C.,2021,26,55.0,52.0,49.0,51.0,57.0,8.2,52.2,261.0,3173
019539,COL ESTRADA DE MARIA AUXILIADORA,BOGOTÁ D.C.,2022,23,59.0,59.0,54.0,55.0,62.0,9.8,57.2,286.0,1860
019539,COL ESTRADA DE MARIA AUXILIADORA,BOGOTÁ D.C.,2023,19,60.0,59.0,54.0,53.0,57.0,10.0,56.5,282.5,2275
019539,COL ESTRADA DE MARIA AUXILIADORA,BOGOTÁ D.C.,2024,30,59.0,58.0,51.0,55.0,59.0,8.6,56.0,280.0,2654
019539,COL ESTRADA DE MARIA AUXILIADORA,BOGOTÁ D.C.,2025,36,60.0,57.0,53.0,55.0,63.0,9.6,56.8,284.0,2491
023309,COLEGIO ALEXANDER HUMBOLDT,BOGOTÁ D.C.,2020,35,55.0,53.0,52.0,50.0,51.0,10.2,52.4,262.0,3075
023309,COLEGIO ALEXANDER HUMBOLDT,BOGOTÁ D.C.,2021,22,59.0,53.0,54.0,54.0,58.0,9.6,55.2,276.0,2063
023309,COLEGIO ALEXANDER HUMBOLDT,BOGOTÁ D.C.,2022,9,59.0,58.0,58.0,54.0,56.0,9.6,57.2,286.0,1860
023309,COLEGIO ALEXANDER HUMBOLDT,BOGOTÁ D.C.,2023,8,56.0,52.0,53.0,54.0,57.0,12.6,54.0,270.0,3203
023309,COLEGIO ALEXANDER HUMBOLDT,BOGOTÁ D.C.,2024,10,56.0,51.0,50.0,50.0,50.0,9.0,51.6,258.0,5086
023309,COLEGIO ALEXANDER HUMBOLDT,BOGOTÁ D.C.,2025,15,57.0,55.0,54.0,55.0,58.0,10.0,55.5,277.5,3047
062976,COL ANTARES,BOGOTÁ D.C.,2020,28,57.0,55.0,55.0,56.0,58.0,9.2,55.9,279.5,1795
062976,COL ANTARES,BOGOTÁ D.C.,2021,20,56.0,54.0,51.0,53.0,58.0,8.6,53.8,269.0,2513
062976,COL ANTARES,BOGOTÁ D.C.,2022,25,61.0,59.0,59.0,57.0,61.0,8.0,59.2,296.0,1371
062976,COL ANTARES,BOGOTÁ D.C.,2023,29,60.0,60.0,58.0,59.0,63.0,7.4,59.5,297.5,1447
062976,COL ANTARES,BOGOTÁ D.C.,2024,22,57.0,57.0,52.0,55.0,59.0,8.8,55.5,277.5,2888
062976,COL ANTARES,BOGOTÁ D.C.,2025,25,56.0,54.0,51.0,55.0,62.0,11.4,54.6,273.0,3400
213264,COL DIST REP DE PANAMA,BOGOTÁ D.C.,2020,36,55.0,55.0,50.0,50.0,45.0,8.8,51.9,259.5,3398
213264,COL DIST REP DE PANAMA,BOGOTÁ D.C.,2021,26,53.0,52.0,50.0,50.0,52.0,7.2,51.3,256.5,3688
213264,COL DIST REP DE PANAMA,BOGOTÁ D.C.,2022,40,54.0,51.0,50.0,50.0,53.0,10.2,51.4,257.0,4379
213264,COL DIST REP DE PANAMA,BOGOTÁ D.C.,2023,45,57.0,56.0,53.0,53.0,55.0,8.6,54.8,274.0,2835
213264,COL DIST REP DE PANAMA,BOGOTÁ D.C.,2024,30,57.0,57.0,48.0,52.0,55.0,10.4,53.6,268.0,3765
213264,COL DIST REP DE PANAMA,BOGOTÁ D.C.,2025,22,56.0,55.0,50.0,55.0,60.0,11.0,54.5,272.5,3504
722686,GIMNASIO PSICOPEDAGOGICO INTEGRAL GIMSIPEI - SEDE PRINCIPAL,BOGOTÁ D.C.,2020,12,53.0,55.0,52.0,53.0,50.0,11.8,53.0,265.0,2787
722686,GIMNASIO PSICOPEDAGOGICO INTEGRAL GIMSIPEI - SEDE PRINCIPAL,BOGOTÁ D.C.,2021,8,52.0,47.0,46.0,49.0,55.0,9.4,49.0,245.0,5101
722686,GIMNASIO PSICOPEDAGOGICO INTEGRAL GIMSIPEI - SEDE PRINCIPAL,BOGOTÁ D.C.,2022,14,55.0,53.0,48.0,51.0,62.0,11.2,52.5,262.5,3812
722686,GIMNASIO PSICOPEDAGOGICO INTEGRAL GIMSIPEI - SEDE PRINCIPAL,BOGOTÁ D.C.,2023,11,58.0,61.0,56.0,59.0,72.0,13.6,59.5,297.5,1447
722686,GIMNASIO PSICOPEDAGOGICO INTEGRAL GIMSIPEI - SEDE PRINCIPAL,BOGOTÁ D.C.,2024,9,56.0,54.0,54.0,54.0,64.0,10.0,55.2,276.0,2977
722686,GIMNASIO PSICOPEDAGOGICO INTEGRAL GIMSIPEI - SEDE PRINCIPAL,BOGOTÁ D.C.,2025,12,58.0,57.0,55.0,55.0,60.0,9.6,56.5,282.5,2637
056382,CENTRO EDUCATIVO LOS ANDES,BOGOTÁ D.C.,2020,132,56.0,54.0,54.0,53.0,52.0,9.0,54.1,270.5,2359
056382,CENTRO EDUCATIVO LOS ANDES,BOGOTÁ D.C.,2021,96,58.0,55.0,52.0,53.0,58.0,8.6,54.8,274.0,2185
056382,CENTRO EDUCATIVO LOS ANDES,BOGOTÁ D.C.,2022,81,60.0,56.0,52.0,54.0,61.0,9.2,55.9,279.5,2287
056382,CENTRO EDUCATIVO LOS ANDES,BOGOTÁ D.C.,2023,100,59.0,57.0,53.0,57.0,60.0,9.2,56.8,284.0,2119
056382,CENTRO EDUCATIVO LOS ANDES,BOGOTÁ D.C.,2024,113,60.0,57.0,55.0,57.0,60.0,8.4,57.5,287.5,2139
056382,CENTRO EDUCATIVO LOS ANDES,BOGOTÁ D.C.,2025,74,58.0,54.0,52.0,55.0,59.0,9.4,55.1,275.5,3212
079830,LIC ALFREDO NOBEL,BOGOTÁ D.C.,2020,120,58.0,60.0,57.0,57.0,55.0,9.4,57.8,289.0,1331
079830,LIC ALFREDO NOBEL,BOGOTÁ D.C.,2021,106,60.0,58.0,55.0,54.0,61.0,8.6,57.1,285.5,1599
079830,LIC ALFREDO NOBEL,BOGOTÁ D.C.,2022,104,59.0,57.0,55.0,55.0,63.0,10.6,57.0,285.0,1923
079830,LIC ALFREDO NOBEL,BOGOTÁ D.C.,2023,108,60.0,59.0,55.0,57.0,61.0,9.2,58.0,290.0,1788
079830,LIC ALFREDO NOBEL,BOGOTÁ D.C.,2024,111,58.0,57.0,52.0,56.0,61.0,10.8,56.2,281.0,2581
079830,LIC ALFREDO NOBEL,BOGOTÁ D.C.,2025,97,60.0,58.0,55.0,55.0,62.0,9.2,57.4,287.0,2291
137414,CENT EDUC DIST PRADO VERANIEGO II,BOGOTÁ D.C.,2020,35,55.0,56.0,52.0,49.0,49.0,10.6,52.7,263.5,2984
137414,CENT EDUC DIST PRADO VERANIEGO II,BOGOTÁ D.C.,2021,56,54.0,53.0,49.0,51.0,54.0,9.6,51.9,259.5,3375
137414,CENT EDUC DIST PRADO VERANIEGO II,BOGOTÁ D.C.,2022,48,55.0,51.0,51.0,51.0,54.0,9.0,52.2,261.0,3916
137414,CENT EDUC DIST PRADO VERANIEGO II,BOGOTÁ D.C.,2023,43,58.0,55.0,55.0,55.0,57.0,9.2,55.8,279.0,2474
137414,CENT EDUC DIST PRADO VERANIEGO II,BOGOTÁ D.C.,2024,45,59.0,55.0,55.0,54.0,54.0,9.8,55.6,278.0,2806
137414,CENT EDUC DIST PRADO VERANIEGO II,BOGOTÁ D.C.,2025,28,59.0,56.0,55.0,55.0,57.0,11.0,56.3,281.5,2713
048827,LIC CIAL LAS AMERICAS,BOGOTÁ D.C.,2020,89,58.0,56.0,54.0,54.0,52.0,9.0,55.2,276.0,1964
048827,LIC CIAL LAS AMERICAS,BOGOTÁ D.C.,2022,67,58.0,56.0,53.0,54.0,56.0,10.8,55.3,276.5,2495
048827,LIC CIAL LAS AMERICAS,BOGOTÁ D.C.,2023,56,58.0,56.0,51.0,54.0,61.0,9.2,55.2,276.0,2696
048827,LIC CIAL LAS AMERICAS,BOGOTÁ D.C.,2024,70,57.0,58.0,54.0,54.0,59.0,9.8,56.0,280.0,2654
048827,LIC CIAL LAS AMERICAS,BOGOTÁ D.C.,2025,55,59.0,59.0,53.0,55.0,60.0,9.8,56.8,284.0,2491
072785,LICEO GLOBERTH MIXTO,BOGOTÁ D.C.,2020,52,59.0,57.0,54.0,52.0,50.0,8.4,55.1,275.5,2017
072785,LICEO GLOBERTH MIXTO,BOGOTÁ D.C.,2021,41,59.0,58.0,54.0,52.0,60.0,9.8,56.1,280.5,1863
072785,LICEO GLOBERTH MIXTO,BOGOTÁ D.C.,2022,47,61.0,57.0,54.0,54.0,60.0,9.2,56.8,284.0,1986
072785,LICEO GLOBERTH MIXTO,BOGOTÁ D.C.,2023,52,59.0,56.0,54.0,53.0,59.0,9.6,55.8,279.0,2474
072785,LICEO GLOBERTH MIXTO,BOGOTÁ D.C.,2024,54,59.0,56.0,52.0,52.0,57.0,8.8,54.9,274.5,3172
072785,LICEO GLOBERTH MIXTO,BOGOTÁ D.C.,2025,54,61.0,59.0,57.0,55.0,63.0,9.4,58.4,292.0,1966
128710,CENT EDUC DIST FRANCISCO DE PAULA SANTANDER,BOGOTÁ D.C.,2020,32,54.0,52.0,54.0,50.0,47.0,7.8,52.1,260.5,3291
128710,CENT EDUC DIST FRANCISCO DE PAULA SANTANDER,BOGOTÁ D.C.,2021,31,55.0,51.0,49.0,51.0,50.0,9.0,51.4,257.0,3586
128710,CENT EDUC DIST FRANCISCO DE PAULA SANTANDER,BOGOTÁ D.C.,2022,33,52.0,52.0,48.0,50.0,51.0,9.0,50.5,252.5,5035
128710,CENT EDUC DIST FRANCISCO DE PAULA SANTANDER,BOGOTÁ D.C.,2023,36,54.0,53.0,49.0,52.0,51.0,9.4,51.9,259.5,4545
128710,CENT EDUC DIST FRANCISCO DE PAULA SANTANDER,BOGOTÁ D.C.,2024,29,56.0,55.0,51.0,52.0,53.0,10.6,53.5,267.5,3886
128710,CENT EDUC DIST FRANCISCO DE PAULA SANTANDER,BOGOTÁ D.C.,2025,32,59.0,60.0,54.0,55.0,54.0,9.0,56.8,284.0,2491
722348,COLEGIO LAS MARGARITAS (IED) - SEDE PRINCIPAL,BOGOTÁ D.C.,2020,23,57.0,56.0,55.0,51.0,50.0,8.8,54.4,272.0,2224
722348,COLEGIO LAS MARGARITAS (IED) - SEDE PRINCIPAL,BOGOTÁ D.C.,2021,35,54.0,54.0,49.0,52.0,50.0,8.4,52.1,260.5,3274
722348,COLEGIO LAS MARGARITAS (IED) - SEDE PRINCIPAL,BOGOTÁ D.C.,2022,35,60.0,58.0,56.0,55.0,54.0,10.0,57.0,285.0,1923
722348,COLEGIO LAS MARGARITAS (IED) - SEDE PRINCIPAL,BOGOTÁ D.C.,2023,31,61.0,57.0,56.0,56.0,58.0,10.2,57.5,287.5,1937
722348,COLEGIO LAS MARGARITAS (IED) - SEDE PRINCIPAL,BOGOTÁ D.C.,2024,33,60.0,57.0,57.0,55.0,58.0,8.8,57.3,286.5,2211
722348,COLEGIO LAS MARGARITAS (IED) - SEDE PRINCIPAL,BOGOTÁ D.C.,2025,31,60.0,57.0,56.0,55.0,57.0,9.0,57.0,285.0,2416
023952,LICEO NAL EDUC BAS Y MEDIA ANTONIA SANTOS,BOGOTÁ D.C.,2020,35,51.0,52.0,45.0,50.0,47.0,8.6,49.3,246.5,5038
023952,LICEO NAL EDUC BAS Y MEDIA ANTONIA SANTOS,BOGOTÁ D.C.,2021,19,56.0,56.0,52.0,53.0,52.0,9.0,54.1,270.5,2440
023952,LICEO NAL EDUC BAS Y MEDIA ANTONIA SANTOS,BOGOTÁ D.C.,2022,39,53.0,53.0,49.0,51.0,52.0,8.8,51.5,257.5,4379
023952,LICEO NAL EDUC BAS Y MEDIA ANTONIA SANTOS,BOGOTÁ D.C.,2023,29,55.0,57.0,53.0,54.0,54.0,8.0,54.7,273.5,2917
023952,LICEO NAL EDUC BAS Y MEDIA ANTONIA SANTOS,BOGOTÁ D.C.,2024,41,56.0,57.0,51.0,55.0,55.0,8.6,54.8,274.0,3172
023952,LICEO NAL EDUC BAS Y MEDIA ANTONIA SANTOS,BOGOTÁ D.C.,2025,35,57.0,56.0,53.0,55.0,55.0,9.2,55.2,276.0,3124
137364,CENT EDUC DIST NUEVA ZELANDIA,BOGOTÁ D.C.,2020,47,56.0,54.0,54.0,52.0,50.0,10.2,53.7,268.5,2515
137364,CENT EDUC DIST NUEVA ZELANDIA,BOGOTÁ D.C.,2021,63,58.0,53.0,55.0,53.0,56.0,8.8,54.8,274.0,2185
137364,CENT EDUC DIST NUEVA ZELANDIA,BOGOTÁ D.C.,2022,75,56.0,53.0,52.0,51.0,55.0,8.8,53.2,266.0,3387
137364,CENT EDUC DIST NUEVA ZELANDIA,BOGOTÁ D.C.,2023,81,57.0,51.0,53.0,50.0,54.0,10.4,52.8,264.0,3891
137364,CENT EDUC DIST NUEVA ZELANDIA,BOGOTÁ D.C.,2024,70,57.0,54.0,53.0,53.0,58.0,10.4,54.5,272.5,3348
137364,CENT EDUC DIST NUEVA ZELANDIA,BOGOTÁ D.C.,2025,63,59.0,56.0,53.0,55.0,58.0,10.6,55.9,279.5,2887
051862,COL DEL SANTISIMO ROSARIO,BOGOTÁ D.C.,2020,22,58.0,60.0,59.0,56.0,52.0,8.0,57.8,289.0,1331
051862,COL DEL SANTISIMO ROSARIO,BOGOTÁ D.C.,2021,22,59.0,57.0,54.0,51.0,56.0,8.8,55.3,276.5,2063
051862,COL DEL SANTISIMO ROSARIO,BOGOTÁ D.C.,2022,11,60.0,57.0,57.0,55.0,61.0,7.6,57.5,287.5,1816
051862,COL DEL SANTISIMO ROSARIO,BOGOTÁ D.C.,2023,20,57.0,54.0,54.0,55.0,56.0,8.4,55.1,275.5,2759
051862,COL DEL SANTISIMO ROSARIO,BOGOTÁ D.C.,2024,22,56.0,52.0,51.0,51.0,54.0,9.4,52.6,263.0,4413
051862,COL DEL SANTISIMO ROSARIO,BOGOTÁ D.C.,2025,39,59.0,55.0,52.0,55.0,55.0,9.6,55.2,276.0,3124
024075,LIC PARROQ SAN GREGORIO MAGNO,BOGOTÁ D.C.,2020,54,60.0,60.0,56.0,57.0,53.0,9.6,57.8,289.0,1331
024075,LIC PARROQ SAN GREGORIO MAGNO,BOGOTÁ D.C.,2021,58,62.0,63.0,59.0,59.0,61.0,9.8,60.8,304.0,863
024075,LIC PARROQ SAN GREGORIO MAGNO,BOGOTÁ D.C.,2022,50,62.0,62.0,57.0,57.0,63.0,9.4,59.8,299.0,1233
024075,LIC PARROQ SAN GREGORIO MAGNO,BOGOTÁ D.C.,2023,39,59.0,61.0,56.0,56.0,59.0,8.8,58.1,290.5,1788
024075,LIC PARROQ SAN GREGORIO MAGNO,BOGOTÁ D.C.,2024,41,61.0,63.0,56.0,57.0,61.0,9.8,59.4,297.0,1585
024075,LIC PARROQ SAN GREGORIO MAGNO,BOGOTÁ D.C.,2025,32,59.0,60.0,55.0,55.0,60.0,10.6,57.5,287.5,2291
067025,CENT EDUC DIST BAS Y MEDIA MARSELLA,BOGOTÁ D.C.,2020,66,57.0,56.0,56.0,52.0,51.0,8.2,54.9,274.5,2076
067025,CENT EDUC DIST BAS Y MEDIA MARSELLA,BOGOTÁ D.C.,2021,76,59.0,54.0,54.0,54.0,56.0,9.0,55.3,276.5,2063
067025,CENT EDUC DIST BAS Y MEDIA MARSELLA,BOGOTÁ D.C.,2022,54,58.0,52.0,53.0,53.0,56.0,10.6,54.2,271.0,2904
067025,CENT EDUC DIST BAS Y MEDIA MARSELLA,BOGOTÁ D.C.,2023,49,59.0,57.0,54.0,55.0,59.0,9.2,56.5,282.5,2275
067025,CENT EDUC DIST BAS Y MEDIA MARSELLA,BOGOTÁ D.C.,2024,66,60.0,58.0,55.0,55.0,59.0,9.0,57.2,286.0,2211
067025,CENT EDUC DIST BAS Y MEDIA MARSELLA,BOGOTÁ D.C.,2025,78,59.0,57.0,55.0,55.0,56.0,8.8,56.5,282.5,2637
099010,CENT EDUC DIST DE USAQUEN (ANTIGUA COLONIA ESCOLAR DE VACACI,BOGOTÁ D.C.,2020,103,54.0,53.0,51.0,49.0,50.0,9.4,51.6,258.0,3519
099010,CENT EDUC DIST DE USAQUEN (ANTIGUA COLONIA ESCOLAR DE VACACI,BOGOTÁ D.C.,2021,90,56.0,53.0,51.0,51.0,54.0,9.6,52.8,264.0,2906
099010,CENT EDUC DIST DE USAQUEN (ANTIGUA COLONIA ESCOLAR DE VACACI,BOGOTÁ D.C.,2022,62,59.0,55.0,54.0,53.0,57.0,9.2,55.4,277.0,2415
099010,CENT EDUC DIST DE USAQUEN (ANTIGUA COLONIA ESCOLAR DE VACACI,BOGOTÁ D.C.,2023,63,57.0,57.0,53.0,53.0,56.0,9.2,55.1,275.5,2759
099010,CENT EDUC DIST DE USAQUEN (ANTIGUA COLONIA ESCOLAR DE VACACI,BOGOTÁ D.C.,2024,72,59.0,60.0,54.0,58.0,58.0,9.4,57.8,289.0,2019
099010,CENT EDUC DIST DE USAQUEN (ANTIGUA COLONIA ESCOLAR DE VACACI,BOGOTÁ D.C.,2025,60,59.0,58.0,53.0,55.0,60.0,10.4,56.5,282.5,2637
073304,COL INTEGRAL AVANCEMOS,BOGOTÁ D.C.,2020,28,54.0,52.0,50.0,49.0,47.0,8.6,50.9,254.5,3960
073304,COL INTEGRAL AVANCEMOS,BOGOTÁ D.C.,2021,21,56.0,54.0,51.0,50.0,50.0,8.8,52.5,262.5,3083
073304,COL INTEGRAL AVANCEMOS,BOGOTÁ D.C.,2022,32,56.0,53.0,52.0,52.0,54.0,8.2,53.3,266.5,3387
073304,COL INTEGRAL AVANCEMOS,BOGOTÁ D.C.,2023,24,57.0,55.0,48.0,52.0,58.0,9.6,53.4,267.0,3550
073304,COL INTEGRAL AVANCEMOS,BOGOTÁ D.C.,2024,23,57.0,54.0,49.0,52.0,57.0,7.6,53.3,266.5,4012
073304,COL INTEGRAL AVANCEMOS,BOGOTÁ D.C.,2025,19,59.0,58.0,54.0,55.0,61.0,6.6,56.8,284.0,2491
102715,INST TOMAS DE IRIARTE,BOGOTÁ D.C.,2020,27,56.0,56.0,55.0,52.0,49.0,9.0,54.3,271.5,2294
102715,INST TOMAS DE IRIARTE,BOGOTÁ D.C.,2021,24,59.0,59.0,52.0,53.0,59.0,9.2,56.0,280.0,1863
102715,INST TOMAS DE IRIARTE,BOGOTÁ D.C.,2022,21,59.0,60.0,55.0,56.0,62.0,7.8,57.8,289.0,1709
102715,INST TOMAS DE IRIARTE,BOGOTÁ D.C.,2023,16,61.0,58.0,55.0,54.0,57.0,9.6,57.0,285.0,2056
102715,INST TOMAS DE IRIARTE,BOGOTÁ D.C.,2024,27,58.0,60.0,52.0,54.0,59.0,9.6,56.2,281.0,2581
102715,INST TOMAS DE IRIARTE,BOGOTÁ D.C.,2025,19,60.0,60.0,52.0,55.0,66.0,10.4,57.5,287.5,2291
138016,COLEGIO REAL DE COLOMBIA,BOGOTÁ D.C.,2020,59,57.0,55.0,53.0,48.0,53.0,8.0,53.2,266.0,2679
138016,COLEGIO REAL DE COLOMBIA,BOGOTÁ D.C.,2021,45,57.0,55.0,50.0,53.0,60.0,9.0,54.2,271.0,2374
138016,COLEGIO REAL DE COLOMBIA,BOGOTÁ D.C.,2022,51,58.0,54.0,53.0,53.0,62.0,8.4,55.1,275.5,2589
138016,COLEGIO REAL DE COLOMBIA,BOGOTÁ D.C.,2023,66,59.0,56.0,55.0,54.0,60.0,8.2,56.3,281.5,2342
138016,COLEGIO REAL DE COLOMBIA,BOGOTÁ D.C.,2024,55,59.0,55.0,54.0,54.0,63.0,8.4,56.1,280.5,2654
138016,COLEGIO REAL DE COLOMBIA,BOGOTÁ D.C.,2025,56,58.0,56.0,54.0,55.0,60.0,11.2,56.1,280.5,2797
098228,COL SANTA TERESITA,BOGOTÁ D.C.,2020,21,55.0,51.0,51.0,51.0,50.0,9.6,51.8,259.0,3398
098228,COL SANTA TERESITA,BOGOTÁ D.C.,2021,19,60.0,57.0,56.0,56.0,63.0,8.4,57.7,288.5,1474
098228,COL SANTA TERESITA,BOGOTÁ D.C.,2022,11,60.0,53.0,54.0,53.0,63.0,8.2,55.6,278.0,2348
098228,COL SANTA TERESITA,BOGOTÁ D.C.,2023,15,59.0,56.0,53.0,53.0,61.0,10.6,55.7,278.5,2553
098228,COL SANTA TERESITA,BOGOTÁ D.C.,2024,15,56.0,52.0,49.0,53.0,57.0,10.2,52.8,264.0,4262
098228,COL SANTA TERESITA,BOGOTÁ D.C.,2025,19,57.0,55.0,48.0,55.0,61.0,7.2,54.3,271.5,3610
043059,ATENEO JUAN EUDES,BOGOTÁ D.C.,2020,65,54.0,54.0,52.0,50.0,52.0,12.4,52.5,262.5,3075
043059,ATENEO JUAN EUDES,BOGOTÁ D.C.,2021,42,58.0,54.0,51.0,52.0,62.0,9.2,54.4,272.0,2303
043059,ATENEO JUAN EUDES,BOGOTÁ D.C.,2022,27,56.0,55.0,50.0,51.0,57.0,9.8,53.3,266.5,3387
043059,ATENEO JUAN EUDES,BOGOTÁ D.C.,2023,35,58.0,54.0,55.0,54.0,61.0,8.4,55.7,278.5,2553
043059,ATENEO JUAN EUDES,BOGOTÁ D.C.,2024,41,57.0,57.0,53.0,53.0,59.0,8.8,55.3,276.5,2977
043059,ATENEO JUAN EUDES,BOGOTÁ D.C.,2025,55,60.0,57.0,56.0,55.0,63.0,9.6,57.5,287.5,2291
032961,COLEGIO YERMO Y PARRES,BOGOTÁ D.C.,2020,48,58.0,59.0,55.0,55.0,58.0,8.8,56.8,284.0,1544
032961,COLEGIO YERMO Y PARRES,BOGOTÁ D.C.,2021,58,61.0,58.0,57.0,57.0,67.0,9.4,58.9,294.5,1222
032961,COLEGIO YERMO Y PARRES,BOGOTÁ D.C.,2022,53,63.0,60.0,57.0,57.0,64.0,8.2,59.6,298.0,1276
032961,COLEGIO YERMO Y PARRES,BOGOTÁ D.C.,2023,62,61.0,61.0,57.0,58.0,66.0,9.0,59.8,299.0,1362
032961,COLEGIO YERMO Y PARRES,BOGOTÁ D.C.,2024,48,59.0,60.0,54.0,56.0,62.0,10.6,57.6,288.0,2088
032961,COLEGIO YERMO Y PARRES,BOGOTÁ D.C.,2025,37,59.0,59.0,52.0,55.0,63.0,9.0,56.8,284.0,2491
091058,COLEGIO VAN LEEUWENHOEK,BOGOTÁ D.C.,2020,13,53.0,55.0,49.0,44.0,42.0,7.8,49.6,248.0,4747
091058,COLEGIO VAN LEEUWENHOEK,BOGOTÁ D.C.,2021,23,56.0,51.0,47.0,51.0,52.0,10.2,51.3,256.5,3688
091058,COLEGIO VAN LEEUWENHOEK,BOGOTÁ D.C.,2022,17,58.0,52.0,51.0,53.0,53.0,10.4,53.5,267.5,3280
091058,COLEGIO VAN LEEUWENHOEK,BOGOTÁ D.C.,2023,28,53.0,53.0,47.0,51.0,53.0,9.0,51.2,256.0,4938
091058,COLEGIO VAN LEEUWENHOEK,BOGOTÁ D.C.,2024,25,57.0,50.0,49.0,52.0,55.0,10.2,52.2,261.0,4672
091058,COLEGIO VAN LEEUWENHOEK,BOGOTÁ D.C.,2025,23,56.0,55.0,52.0,55.0,56.0,9.4,54.6,273.0,3400
602615,COLEGIO CRISTIANO PSICOPEDAGOGICO SINAI,BOGOTÁ D.C.,2020,17,57.0,57.0,55.0,54.0,51.0,7.6,55.4,277.0,1909
602615,COLEGIO CRISTIANO PSICOPEDAGOGICO SINAI,BOGOTÁ D.C.,2021,20,59.0,58.0,58.0,56.0,63.0,8.4,58.2,291.0,1351
602615,COLEGIO CRISTIANO PSICOPEDAGOGICO SINAI,BOGOTÁ D.C.,2022,14,60.0,62.0,58.0,56.0,60.0,9.4,59.1,295.5,1421
602615,COLEGIO CRISTIANO PSICOPEDAGOGICO SINAI,BOGOTÁ D.C.,2023,20,64.0,64.0,61.0,61.0,65.0,8.4,62.7,313.5,837
602615,COLEGIO CRISTIANO PSICOPEDAGOGICO SINAI,BOGOTÁ D.C.,2024,20,63.0,63.0,57.0,59.0,66.0,10.0,60.9,304.5,1268
602615,COLEGIO CRISTIANO PSICOPEDAGOGICO SINAI,BOGOTÁ D.C.,2025,17,61.0,60.0,58.0,55.0,63.0,8.6,58.8,294.0,1840
215210,COL DIST SIMON RODRIGUEZ,BOGOTÁ D.C.,2020,47,51.0,50.0,47.0,47.0,45.0,9.0,48.5,242.5,5639
215210,COL DIST SIMON RODRIGUEZ,BOGOTÁ D.C.,2021,41,55.0,50.0,49.0,49.0,52.0,12.0,50.8,254.0,3928
215210,COL DIST SIMON RODRIGUEZ,BOGOTÁ D.C.,2022,54,56.0,53.0,51.0,52.0,55.0,10.2,53.2,266.0,3387
215210,COL DIST SIMON RODRIGUEZ,BOGOTÁ D.C.,2023,63,55.0,52.0,49.0,51.0,52.0,10.2,51.8,259.0,4545
215210,COL DIST SIMON RODRIGUEZ,BOGOTÁ D.C.,2024,47,56.0,55.0,50.0,52.0,55.0,10.6,53.4,267.0,3886
215210,COL DIST SIMON RODRIGUEZ,BOGOTÁ D.C.,2025,46,57.0,55.0,52.0,55.0,58.0,10.8,55.0,275.0,3212
736256,COLEGIO ASOSIERVAS,BOGOTÁ D.C.,2020,42,56.0,56.0,52.0,52.0,52.0,8.6,53.8,269.0,2437
736256,COLEGIO ASOSIERVAS,BOGOTÁ D.C.,2021,54,57.0,55.0,52.0,53.0,59.0,9.4,54.6,273.0,2249
736256,COLEGIO ASOSIERVAS,BOGOTÁ D.C.,2022,49,59.0,56.0,56.0,55.0,62.0,9.4,56.9,284.5,1986
736256,COLEGIO ASOSIERVAS,BOGOTÁ D.C.,2023,48,58.0,57.0,54.0,54.0,61.0,9.4,56.2,281.0,2342
736256,COLEGIO ASOSIERVAS,BOGOTÁ D.C.,2024,44,59.0,59.0,54.0,55.0,63.0,9.0,57.2,286.0,2211
736256,COLEGIO ASOSIERVAS,BOGOTÁ D.C.,2025,48,60.0,59.0,54.0,55.0,64.0,8.6,57.5,287.5,2291
735258,CENT EDUC DIST LUIS ANGEL ARANGO,BOGOTÁ D.C.,2020,81,55.0,58.0,53.0,53.0,55.0,9.8,54.8,274.0,2076
735258,CENT EDUC DIST LUIS ANGEL ARANGO,BOGOTÁ D.C.,2021,78,57.0,54.0,51.0,53.0,58.0,10.0,54.1,270.5,2440
735258,CENT EDUC DIST LUIS ANGEL ARANGO,BOGOTÁ D.C.,2022,74,58.0,55.0,53.0,54.0,59.0,10.2,55.3,276.5,2495
735258,CENT EDUC DIST LUIS ANGEL ARANGO,BOGOTÁ D.C.,2023,65,58.0,56.0,54.0,55.0,60.0,10.2,56.1,280.5,2407
735258,CENT EDUC DIST LUIS ANGEL ARANGO,BOGOTÁ D.C.,2024,71,56.0,56.0,51.0,53.0,59.0,10.0,54.4,272.0,3348
735258,CENT EDUC DIST LUIS ANGEL ARANGO,BOGOTÁ D.C.,2025,78,57.0,58.0,52.0,55.0,60.0,8.8,55.8,279.0,2887
056135,CENT EDUC DIST MANUELA AYALA DE GAITAN,BOGOTÁ D.C.,2020,77,57.0,56.0,55.0,54.0,51.0,9.8,55.2,276.0,1964
056135,CENT EDUC DIST MANUELA AYALA DE GAITAN,BOGOTÁ D.C.,2021,80,58.0,54.0,52.0,52.0,54.0,9.6,54.0,270.0,2440
056135,CENT EDUC DIST MANUELA AYALA DE GAITAN,BOGOTÁ D.C.,2022,98,59.0,57.0,54.0,54.0,56.0,8.8,56.0,280.0,2227
056135,CENT EDUC DIST MANUELA AYALA DE GAITAN,BOGOTÁ D.C.,2023,77,59.0,58.0,54.0,56.0,59.0,9.8,56.9,284.5,2119
056135,CENT EDUC DIST MANUELA AYALA DE GAITAN,BOGOTÁ D.C.,2024,85,56.0,56.0,52.0,53.0,58.0,10.2,54.5,272.5,3348
056135,CENT EDUC DIST MANUELA AYALA DE GAITAN,BOGOTÁ D.C.,2025,137,57.0,57.0,53.0,55.0,0.0,7.6,51.2,256.0,5505
056135,CENT EDUC DIST MANUELA AYALA DE GAITAN,BOGOTÁ D.C.,2025,136,0.0,0.0,0.0,0.0,59.0,2.2,4.5,22.5,14764
032797,COLEGIO GEORGE WASHINGTON CAMPESTRE,BOGOTÁ D.C.,2020,21,61.0,60.0,59.0,57.0,62.0,9.6,59.5,297.5,1031
032797,COLEGIO GEORGE WASHINGTON CAMPESTRE,BOGOTÁ D.C.,2021,15,59.0,58.0,59.0,56.0,71.0,7.6,59.0,295.0,1180
032797,COLEGIO GEORGE WASHINGTON CAMPESTRE,BOGOTÁ D.C.,2022,24,60.0,58.0,57.0,58.0,69.0,10.8,59.1,295.5,1421
032797,COLEGIO GEORGE WASHINGTON CAMPESTRE,BOGOTÁ D.C.,2023,19,59.0,57.0,53.0,57.0,67.0,9.6,57.3,286.5,1999
032797,COLEGIO GEORGE WASHINGTON CAMPESTRE,BOGOTÁ D.C.,2024,25,62.0,58.0,57.0,56.0,68.0,10.0,59.0,295.0,1682
032797,COLEGIO GEORGE WASHINGTON CAMPESTRE,BOGOTÁ D.C.,2025,29,59.0,56.0,54.0,55.0,65.0,8.6,56.7,283.5,2555
109611,CENT EDUC DIST DE EDUC BAS Y MEDIA FLORIDABLANCA,BOGOTÁ D.C.,2020,69,54.0,53.0,50.0,50.0,48.0,8.8,51.5,257.5,3630
109611,CENT EDUC DIST DE EDUC BAS Y MEDIA FLORIDABLANCA,BOGOTÁ D.C.,2021,89,57.0,54.0,52.0,53.0,56.0,9.2,54.2,271.0,2374
109611,CENT EDUC DIST DE EDUC BAS Y MEDIA FLORIDABLANCA,BOGOTÁ D.C.,2022,53,57.0,55.0,51.0,53.0,57.0,10.4,54.2,271.0,2904
109611,CENT EDUC DIST DE EDUC BAS Y MEDIA FLORIDABLANCA,BOGOTÁ D.C.,2023,90,61.0,57.0,56.0,55.0,59.0,9.2,57.4,287.0,1937
109611,CENT EDUC DIST DE EDUC BAS Y MEDIA FLORIDABLANCA,BOGOTÁ D.C.,2024,48,58.0,56.0,52.0,53.0,61.0,9.8,55.2,276.0,2977
109611,CENT EDUC DIST DE EDUC BAS Y MEDIA FLORIDABLANCA,BOGOTÁ D.C.,2025,85,57.0,57.0,53.0,55.0,60.0,10.8,55.8,279.0,2887
066753,CENT EDUC DIST LOS PERIODISTAS,BOGOTÁ D.C.,2020,97,58.0,57.0,54.0,52.0,51.0,8.4,54.9,274.5,2076
066753,CENT EDUC DIST LOS PERIODISTAS,BOGOTÁ D.C.,2021,95,57.0,56.0,51.0,52.0,56.0,8.4,54.2,271.0,2374
066753,CENT EDUC DIST LOS PERIODISTAS,BOGOTÁ D.C.,2022,106,58.0,56.0,53.0,54.0,57.0,8.8,55.4,277.0,2415
066753,CENT EDUC DIST LOS PERIODISTAS,BOGOTÁ D.C.,2023,104,58.0,55.0,51.0,54.0,56.0,9.2,54.6,273.0,2917
066753,CENT EDUC DIST LOS PERIODISTAS,BOGOTÁ D.C.,2024,99,59.0,55.0,51.0,53.0,57.0,9.6,54.7,273.5,3266
066753,CENT EDUC DIST LOS PERIODISTAS,BOGOTÁ D.C.,2025,97,58.0,57.0,53.0,55.0,57.0,9.4,55.8,279.0,2887
698126,COLEGIO SAN JUAN BOSCO,BOGOTÁ D.C.,2020,45,59.0,58.0,57.0,53.0,53.0,9.0,56.5,282.5,1644
698126,COLEGIO SAN JUAN BOSCO,BOGOTÁ D.C.,2021,33,61.0,59.0,56.0,55.0,62.0,8.2,58.1,290.5,1393
698126,COLEGIO SAN JUAN BOSCO,BOGOTÁ D.C.,2022,25,58.0,54.0,55.0,54.0,63.0,8.6,55.8,279.0,2287
698126,COLEGIO SAN JUAN BOSCO,BOGOTÁ D.C.,2023,30,62.0,55.0,57.0,56.0,62.0,10.4,57.8,289.0,1830
698126,COLEGIO SAN JUAN BOSCO,BOGOTÁ D.C.,2024,23,60.0,62.0,55.0,57.0,60.0,7.8,58.6,293.0,1768
698126,COLEGIO SAN JUAN BOSCO,BOGOTÁ D.C.,2025,28,60.0,57.0,53.0,55.0,61.0,10.2,56.6,283.0,2555
810143,SEDE A,BOGOTÁ D.C.,2023,37,61.0,58.0,57.0,57.0,61.0,9.0,58.5,292.5,1681
810143,SEDE A,BOGOTÁ D.C.,2024,40,58.0,57.0,56.0,55.0,59.0,10.8,56.7,283.5,2438
810143,SEDE A,BOGOTÁ D.C.,2025,47,59.0,58.0,54.0,55.0,57.0,9.4,56.5,282.5,2637
112763,COLEGIO FILARMONICO SIMON BOLIVAR (IED),BOGOTÁ D.C.,2020,66,54.0,51.0,50.0,49.0,47.0,8.4,50.7,253.5,4092
112763,COLEGIO FILARMONICO SIMON BOLIVAR (IED),BOGOTÁ D.C.,2021,70,54.0,50.0,49.0,50.0,52.0,10.2,50.8,254.0,3928
112763,COLEGIO FILARMONICO SIMON BOLIVAR (IED),BOGOTÁ D.C.,2022,54,56.0,53.0,53.0,52.0,54.0,9.6,53.5,267.5,3280
112763,COLEGIO FILARMONICO SIMON BOLIVAR (IED),BOGOTÁ D.C.,2023,59,55.0,52.0,52.0,53.0,54.0,8.6,53.1,265.5,3776
112763,COLEGIO FILARMONICO SIMON BOLIVAR (IED),BOGOTÁ D.C.,2024,66,55.0,53.0,49.0,51.0,53.0,8.8,52.1,260.5,4813
112763,COLEGIO FILARMONICO SIMON BOLIVAR (IED),BOGOTÁ D.C.,2025,67,57.0,56.0,50.0,54.0,54.0,9.4,54.2,271.0,3610
045054,COL DIST BENJAMIN HERRERA,BOGOTÁ D.C.,2020,82,57.0,57.0,53.0,52.0,50.0,8.8,54.4,272.0,2224
045054,COL DIST BENJAMIN HERRERA,BOGOTÁ D.C.,2021,111,56.0,52.0,51.0,51.0,53.0,9.0,52.5,262.5,3083
045054,COL DIST BENJAMIN HERRERA,BOGOTÁ D.C.,2022,93,56.0,53.0,50.0,51.0,54.0,10.4,52.6,263.0,3692
045054,COL DIST BENJAMIN HERRERA,BOGOTÁ D.C.,2023,80,56.0,53.0,51.0,53.0,54.0,10.0,53.3,266.5,3670
045054,COL DIST BENJAMIN HERRERA,BOGOTÁ D.C.,2024,92,56.0,52.0,50.0,52.0,55.0,10.2,52.7,263.5,4413
045054,COL DIST BENJAMIN HERRERA,BOGOTÁ D.C.,2025,88,57.0,56.0,52.0,54.0,56.0,8.6,54.8,274.0,3312
056200,COL DIST LUIS CARLOS GALAN SARMIENTO,BOGOTÁ D.C.,2020,54,56.0,57.0,52.0,52.0,51.0,10.4,54.0,270.0,2359
056200,COL DIST LUIS CARLOS GALAN SARMIENTO,BOGOTÁ D.C.,2021,56,59.0,56.0,54.0,54.0,57.0,10.0,55.8,279.0,1900
056200,COL DIST LUIS CARLOS GALAN SARMIENTO,BOGOTÁ D.C.,2022,50,57.0,58.0,54.0,53.0,56.0,8.2,55.5,277.5,2415
056200,COL DIST LUIS CARLOS GALAN SARMIENTO,BOGOTÁ D.C.,2023,52,58.0,56.0,53.0,53.0,56.0,9.2,55.1,275.5,2759
056200,COL DIST LUIS CARLOS GALAN SARMIENTO,BOGOTÁ D.C.,2024,53,59.0,58.0,54.0,56.0,58.0,9.8,56.8,284.0,2367
056200,COL DIST LUIS CARLOS GALAN SARMIENTO,BOGOTÁ D.C.,2025,48,58.0,58.0,51.0,54.0,57.0,9.0,55.4,277.0,3047
028449,COL MAYOR JOSE CELESTINO MUTIS,BOGOTÁ D.C.,2020,72,57.0,57.0,55.0,53.0,56.0,9.4,55.5,277.5,1909
028449,COL MAYOR JOSE CELESTINO MUTIS,BOGOTÁ D.C.,2021,70,60.0,57.0,54.0,56.0,61.0,8.6,57.1,285.5,1599
028449,COL MAYOR JOSE CELESTINO MUTIS,BOGOTÁ D.C.,2022,51,61.0,58.0,57.0,57.0,62.0,8.2,58.5,292.5,1570
028449,COL MAYOR JOSE CELESTINO MUTIS,BOGOTÁ D.C.,2023,36,60.0,59.0,57.0,57.0,64.0,8.0,58.7,293.5,1634
028449,COL MAYOR JOSE CELESTINO MUTIS,BOGOTÁ D.C.,2024,45,60.0,59.0,55.0,57.0,61.0,10.4,58.0,290.0,1955
028449,COL MAYOR JOSE CELESTINO MUTIS,BOGOTÁ D.C.,2025,52,59.0,59.0,53.0,54.0,61.0,9.4,56.6,283.0,2555
164566,COL MIX VILLA CAROLINA,BOGOTÁ D.C.,2020,39,54.0,52.0,50.0,48.0,48.0,9.6,50.8,254.0,3960
164566,COL MIX VILLA CAROLINA,BOGOTÁ D.C.,2021,26,54.0,51.0,49.0,50.0,50.0,9.2,50.9,254.5,3928
164566,COL MIX VILLA CAROLINA,BOGOTÁ D.C.,2022,37,55.0,54.0,51.0,51.0,53.0,9.2,52.8,264.0,3592
164566,COL MIX VILLA CAROLINA,BOGOTÁ D.C.,2023,33,57.0,54.0,52.0,52.0,55.0,10.0,53.8,269.0,3317
164566,COL MIX VILLA CAROLINA,BOGOTÁ D.C.,2024,49,57.0,56.0,50.0,52.0,55.0,8.0,53.8,269.0,3641
164566,COL MIX VILLA CAROLINA,BOGOTÁ D.C.,2025,33,58.0,55.0,52.0,54.0,56.0,7.0,54.8,274.0,3312
140616,ALFONSO REYES ECHANDIA (INST EDUC DIST),BOGOTÁ D.C.,2020,97,54.0,54.0,50.0,50.0,47.0,8.6,51.6,258.0,3519
140616,ALFONSO REYES ECHANDIA (INST EDUC DIST),BOGOTÁ D.C.,2021,100,53.0,53.0,49.0,51.0,49.0,10.2,51.3,256.5,3688
140616,ALFONSO REYES ECHANDIA (INST EDUC DIST),BOGOTÁ D.C.,2022,87,56.0,57.0,52.0,52.0,53.0,9.6,54.2,271.0,2904
140616,ALFONSO REYES ECHANDIA (INST EDUC DIST),BOGOTÁ D.C.,2023,87,57.0,58.0,53.0,54.0,56.0,9.4,55.5,277.5,2625
140616,ALFONSO REYES ECHANDIA (INST EDUC DIST),BOGOTÁ D.C.,2024,98,58.0,58.0,55.0,55.0,54.0,10.2,56.3,281.5,2581
140616,ALFONSO REYES ECHANDIA (INST EDUC DIST),BOGOTÁ D.C.,2025,104,56.0,57.0,50.0,54.0,52.0,10.0,54.1,270.5,3735
120592,COLEGIO SAGRADO CORAZON,BOGOTÁ D.C.,2020,19,56.0,56.0,54.0,54.0,51.0,7.8,54.7,273.5,2144
120592,COLEGIO SAGRADO CORAZON,BOGOTÁ D.C.,2021,43,60.0,57.0,54.0,55.0,58.0,8.2,56.6,283.0,1705
120592,COLEGIO SAGRADO CORAZON,BOGOTÁ D.C.,2022,35,58.0,57.0,56.0,54.0,56.0,8.0,56.2,281.0,2167
120592,COLEGIO SAGRADO CORAZON,BOGOTÁ D.C.,2023,29,59.0,58.0,54.0,55.0,56.0,7.6,56.5,282.5,2275
120592,COLEGIO SAGRADO CORAZON,BOGOTÁ D.C.,2024,39,58.0,54.0,53.0,54.0,56.0,8.6,54.8,274.0,3172
120592,COLEGIO SAGRADO CORAZON,BOGOTÁ D.C.,2025,47,60.0,57.0,54.0,54.0,59.0,9.2,56.5,282.5,2637
023234,COLEGIO INGLATERRA REAL,BOGOTÁ D.C.,2020,15,59.0,61.0,56.0,57.0,63.0,9.4,58.6,293.0,1176
023234,COLEGIO INGLATERRA REAL,BOGOTÁ D.C.,2021,28,63.0,62.0,61.0,59.0,69.0,10.4,61.8,309.0,730
023234,COLEGIO INGLATERRA REAL,BOGOTÁ D.C.,2022,24,62.0,60.0,57.0,57.0,66.0,9.8,59.5,297.5,1332
023234,COLEGIO INGLATERRA REAL,BOGOTÁ D.C.,2023,12,64.0,67.0,64.0,65.0,74.0,8.2,65.7,328.5,488
023234,COLEGIO INGLATERRA REAL,BOGOTÁ D.C.,2024,16,64.0,61.0,59.0,60.0,70.0,11.0,61.7,308.5,1105
023234,COLEGIO INGLATERRA REAL,BOGOTÁ D.C.,2025,12,60.0,65.0,55.0,54.0,65.0,7.2,59.0,295.0,1792
083972,COL CENCOSISTEMAS,BOGOTÁ D.C.,2020,8,52.0,51.0,48.0,39.0,43.0,7.2,47.2,236.0,6628
083972,COL CENCOSISTEMAS,BOGOTÁ D.C.,2021,5,46.0,46.0,40.0,43.0,42.0,5.8,43.6,218.0,9140
083972,COL CENCOSISTEMAS,BOGOTÁ D.C.,2022,2,51.0,54.0,40.0,41.0,48.0,3.8,46.6,233.0,7704
083972,COL CENCOSISTEMAS,BOGOTÁ D.C.,2024,3,46.0,52.0,44.0,43.0,50.0,7.6,46.5,232.5,8665
083972,COL CENCOSISTEMAS,BOGOTÁ D.C.,2025,3,49.0,51.0,49.0,54.0,55.0,14.6,51.1,255.5,5642
135434,POLITECNICO UNIVERSAL DE CAPACITACION,BOGOTÁ D.C.,2020,20,54.0,51.0,50.0,50.0,50.0,8.4,51.2,256.0,3726
135434,POLITECNICO UNIVERSAL DE CAPACITACION,BOGOTÁ D.C.,2021,25,52.0,48.0,48.0,48.0,52.0,10.6,49.2,246.0,4956
135434,POLITECNICO UNIVERSAL DE CAPACITACION,BOGOTÁ D.C.,2022,24,53.0,48.0,47.0,48.0,54.0,9.8,49.4,247.0,5730
135434,POLITECNICO UNIVERSAL DE CAPACITACION,BOGOTÁ D.C.,2023,29,52.0,48.0,47.0,46.0,52.0,11.0,48.5,242.5,6970
135434,POLITECNICO UNIVERSAL DE CAPACITACION,BOGOTÁ D.C.,2024,16,53.0,49.0,47.0,49.0,53.0,10.4,49.8,249.0,6319
135434,POLITECNICO UNIVERSAL DE CAPACITACION,BOGOTÁ D.C.,2025,12,54.0,57.0,54.0,54.0,60.0,13.2,55.2,276.0,3124
217679,ANEXA A LA NORMAL SUPERIOR DISTRITAL MARIA MONTESSORI,BOGOTÁ D.C.,2023,143,60.0,59.0,56.0,56.0,58.0,9.0,57.8,289.0,1830
217679,ANEXA A LA NORMAL SUPERIOR DISTRITAL MARIA MONTESSORI,BOGOTÁ D.C.,2024,138,59.0,60.0,55.0,57.0,58.0,9.6,57.8,289.0,2019
217679,ANEXA A LA NORMAL SUPERIOR DISTRITAL MARIA MONTESSORI,BOGOTÁ D.C.,2025,134,58.0,58.0,53.0,54.0,59.0,9.6,56.0,280.0,2797
600163,LICEO SANTA ANA DEL SUR,BOGOTÁ D.C.,2020,29,57.0,56.0,56.0,55.0,54.0,8.4,55.8,279.0,1795
600163,LICEO SANTA ANA DEL SUR,BOGOTÁ D.C.,2021,27,60.0,56.0,56.0,55.0,61.0,7.6,57.1,285.5,1599
600163,LICEO SANTA ANA DEL SUR,BOGOTÁ D.C.,2022,17,58.0,56.0,55.0,53.0,57.0,9.2,55.6,278.0,2348
600163,LICEO SANTA ANA DEL SUR,BOGOTÁ D.C.,2023,22,61.0,57.0,58.0,58.0,61.0,7.6,58.7,293.5,1634
600163,LICEO SANTA ANA DEL SUR,BOGOTÁ D.C.,2024,24,59.0,59.0,57.0,54.0,60.0,8.8,57.5,287.5,2139
600163,LICEO SANTA ANA DEL SUR,BOGOTÁ D.C.,2025,24,59.0,57.0,51.0,54.0,59.0,8.4,55.5,277.5,3047
213132,CENT EDUC DIST NUEVA CONSTITUCION,BOGOTÁ D.C.,2022,60,56.0,54.0,50.0,51.0,51.0,8.8,52.6,263.0,3692
213132,CENT EDUC DIST NUEVA CONSTITUCION,BOGOTÁ D.C.,2023,80,56.0,55.0,52.0,54.0,56.0,9.6,54.4,272.0,3013
213132,CENT EDUC DIST NUEVA CONSTITUCION,BOGOTÁ D.C.,2024,107,57.0,56.0,52.0,54.0,55.0,9.8,54.8,274.0,3172
213132,CENT EDUC DIST NUEVA CONSTITUCION,BOGOTÁ D.C.,2025,64,56.0,55.0,50.0,54.0,56.0,11.0,53.9,269.5,3853
736918,CENT EDUC DIST SAN CRISTOBAL SUR,BOGOTÁ D.C.,2020,86,53.0,55.0,50.0,49.0,48.0,9.2,51.5,257.5,3630
736918,CENT EDUC DIST SAN CRISTOBAL SUR,BOGOTÁ D.C.,2022,111,55.0,55.0,50.0,51.0,54.0,8.8,52.8,264.0,3592
736918,CENT EDUC DIST SAN CRISTOBAL SUR,BOGOTÁ D.C.,2023,102,54.0,54.0,50.0,52.0,52.0,9.0,52.5,262.5,4159
736918,CENT EDUC DIST SAN CRISTOBAL SUR,BOGOTÁ D.C.,2024,105,57.0,56.0,50.0,53.0,56.0,9.4,54.2,271.0,3449
736918,CENT EDUC DIST SAN CRISTOBAL SUR,BOGOTÁ D.C.,2025,121,56.0,56.0,50.0,54.0,55.0,9.2,54.1,270.5,3735
722181,COLEGIO FILARMONICO JORGE MARIO BERGOGLIO (IED) - SEDE PRINCIPAL,BOGOTÁ D.C.,2020,40,56.0,56.0,52.0,51.0,52.0,9.6,53.6,268.0,2515
722181,COLEGIO FILARMONICO JORGE MARIO BERGOGLIO (IED) - SEDE PRINCIPAL,BOGOTÁ D.C.,2021,36,57.0,54.0,52.0,52.0,56.0,7.8,53.9,269.5,2513
722181,COLEGIO FILARMONICO JORGE MARIO BERGOGLIO (IED) - SEDE PRINCIPAL,BOGOTÁ D.C.,2022,40,57.0,55.0,52.0,53.0,58.0,9.4,54.5,272.5,2824
722181,COLEGIO FILARMONICO JORGE MARIO BERGOGLIO (IED) - SEDE PRINCIPAL,BOGOTÁ D.C.,2023,38,57.0,55.0,54.0,54.0,55.0,8.6,55.0,275.0,2759
722181,COLEGIO FILARMONICO JORGE MARIO BERGOGLIO (IED) - SEDE PRINCIPAL,BOGOTÁ D.C.,2024,33,63.0,60.0,57.0,55.0,58.0,10.8,58.7,293.5,1768
722181,COLEGIO FILARMONICO JORGE MARIO BERGOGLIO (IED) - SEDE PRINCIPAL,BOGOTÁ D.C.,2025,40,60.0,59.0,55.0,54.0,59.0,9.0,57.2,286.0,2351
732370,COLEGIO EL ENSUEÑO (IED) - SEDE PRINCIPAL,BOGOTÁ D.C.,2020,58,54.0,55.0,51.0,49.0,50.0,10.0,52.1,260.5,3291
732370,COLEGIO EL ENSUEÑO (IED) - SEDE PRINCIPAL,BOGOTÁ D.C.,2021,60,55.0,51.0,50.0,50.0,53.0,10.4,51.6,258.0,3478
732370,COLEGIO EL ENSUEÑO (IED) - SEDE PRINCIPAL,BOGOTÁ D.C.,2022,65,55.0,52.0,49.0,49.0,55.0,8.8,51.5,257.5,4379
732370,COLEGIO EL ENSUEÑO (IED) - SEDE PRINCIPAL,BOGOTÁ D.C.,2023,67,55.0,54.0,53.0,52.0,55.0,9.8,53.6,268.0,3422
732370,COLEGIO EL ENSUEÑO (IED) - SEDE PRINCIPAL,BOGOTÁ D.C.,2024,62,56.0,57.0,53.0,54.0,56.0,9.0,55.1,275.5,3074
732370,COLEGIO EL ENSUEÑO (IED) - SEDE PRINCIPAL,BOGOTÁ D.C.,2025,65,57.0,54.0,52.0,54.0,56.0,10.2,54.4,272.0,3504
734368,COL DIST TEC MENORAH,BOGOTÁ D.C.,2020,122,57.0,55.0,54.0,51.0,51.0,8.8,54.0,270.0,2359
734368,COL DIST TEC MENORAH,BOGOTÁ D.C.,2021,122,58.0,54.0,52.0,51.0,55.0,8.6,53.8,269.0,2513
734368,COL DIST TEC MENORAH,BOGOTÁ D.C.,2022,119,59.0,57.0,55.0,54.0,58.0,9.2,56.4,282.0,2118
734368,COL DIST TEC MENORAH,BOGOTÁ D.C.,2023,109,57.0,53.0,53.0,53.0,58.0,8.8,54.3,271.5,3101
734368,COL DIST TEC MENORAH,BOGOTÁ D.C.,2024,100,58.0,54.0,54.0,53.0,59.0,9.2,55.1,275.5,3074
734368,COL DIST TEC MENORAH,BOGOTÁ D.C.,2025,83,59.0,56.0,53.0,54.0,59.0,9.2,55.8,279.0,2887
137604,COL CUNDINAMARCA (INS EDUC DIST),BOGOTÁ D.C.,2020,117,54.0,55.0,50.0,50.0,49.0,8.6,52.0,260.0,3291
137604,COL CUNDINAMARCA (INS EDUC DIST),BOGOTÁ D.C.,2021,120,55.0,54.0,51.0,51.0,54.0,9.4,52.8,264.0,2906
137604,COL CUNDINAMARCA (INS EDUC DIST),BOGOTÁ D.C.,2022,139,55.0,52.0,50.0,51.0,55.0,9.8,52.2,261.0,3916
137604,COL CUNDINAMARCA (INS EDUC DIST),BOGOTÁ D.C.,2023,115,55.0,52.0,50.0,51.0,55.0,9.4,52.2,261.0,4277
137604,COL CUNDINAMARCA (INS EDUC DIST),BOGOTÁ D.C.,2024,119,58.0,57.0,51.0,54.0,56.0,9.4,55.1,275.5,3074
137604,COL CUNDINAMARCA (INS EDUC DIST),BOGOTÁ D.C.,2025,119,57.0,56.0,51.0,54.0,56.0,9.6,54.6,273.0,3400
045237,INST ACAD BETHEL,BOGOTÁ D.C.,2020,32,56.0,57.0,57.0,51.0,53.0,10.8,55.1,275.5,2017
045237,INST ACAD BETHEL,BOGOTÁ D.C.,2021,30,60.0,56.0,53.0,52.0,57.0,8.4,55.4,277.0,2000
045237,INST ACAD BETHEL,BOGOTÁ D.C.,2022,31,58.0,52.0,54.0,54.0,56.0,9.2,54.6,273.0,2746
045237,INST ACAD BETHEL,BOGOTÁ D.C.,2023,41,58.0,55.0,54.0,55.0,60.0,9.4,55.8,279.0,2474
045237,INST ACAD BETHEL,BOGOTÁ D.C.,2024,28,60.0,57.0,56.0,54.0,61.0,8.8,57.1,285.5,2275
045237,INST ACAD BETHEL,BOGOTÁ D.C.,2025,38,59.0,54.0,51.0,54.0,60.0,10.2,54.9,274.5,3312
079715,INSTITUTO ALVARO MUTIS,BOGOTÁ D.C.,2020,25,57.0,54.0,54.0,50.0,50.0,9.2,53.5,267.5,2591
079715,INSTITUTO ALVARO MUTIS,BOGOTÁ D.C.,2021,29,56.0,54.0,51.0,52.0,53.0,9.8,53.2,266.0,2723
079715,INSTITUTO ALVARO MUTIS,BOGOTÁ D.C.,2022,31,56.0,55.0,52.0,51.0,54.0,8.2,53.5,267.5,3280
079715,INSTITUTO ALVARO MUTIS,BOGOTÁ D.C.,2023,17,58.0,58.0,53.0,52.0,55.0,9.2,55.2,276.0,2696
079715,INSTITUTO ALVARO MUTIS,BOGOTÁ D.C.,2024,19,55.0,53.0,50.0,49.0,54.0,9.6,51.9,259.5,4944
079715,INSTITUTO ALVARO MUTIS,BOGOTÁ D.C.,2025,28,56.0,55.0,50.0,54.0,56.0,10.4,53.9,269.5,3853
102830,COLEGIO GIOVANNI PASCOLI,BOGOTÁ D.C.,2020,57,54.0,57.0,51.0,52.0,53.0,9.2,53.5,267.5,2591
102830,COLEGIO GIOVANNI PASCOLI,BOGOTÁ D.C.,2021,49,54.0,54.0,50.0,51.0,57.0,9.0,52.6,263.0,2989
102830,COLEGIO GIOVANNI PASCOLI,BOGOTÁ D.C.,2022,29,54.0,52.0,50.0,51.0,56.0,10.0,52.1,260.5,4028
102830,COLEGIO GIOVANNI PASCOLI,BOGOTÁ D.C.,2023,56,58.0,59.0,55.0,55.0,61.0,9.8,57.1,285.5,2056
102830,COLEGIO GIOVANNI PASCOLI,BOGOTÁ D.C.,2024,53,55.0,55.0,49.0,53.0,57.0,10.2,53.3,266.5,4012
102830,COLEGIO GIOVANNI PASCOLI,BOGOTÁ D.C.,2025,51,59.0,57.0,53.0,54.0,62.0,10.4,56.2,281.0,2713
118372,COLEGIO NUESTRA SEÑORA DE LORETO,BOGOTÁ D.C.,2020,19,57.0,57.0,53.0,51.0,50.0,7.8,54.2,271.0,2294
118372,COLEGIO NUESTRA SEÑORA DE LORETO,BOGOTÁ D.C.,2021,14,56.0,52.0,52.0,52.0,54.0,10.8,53.1,265.5,2798
118372,COLEGIO NUESTRA SEÑORA DE LORETO,BOGOTÁ D.C.,2022,19,55.0,55.0,48.0,51.0,57.0,9.4,52.6,263.0,3692
118372,COLEGIO NUESTRA SEÑORA DE LORETO,BOGOTÁ D.C.,2023,20,56.0,57.0,49.0,51.0,54.0,9.8,53.3,266.5,3670
118372,COLEGIO NUESTRA SEÑORA DE LORETO,BOGOTÁ D.C.,2024,14,61.0,61.0,55.0,53.0,58.0,9.2,57.5,287.5,2139
118372,COLEGIO NUESTRA SEÑORA DE LORETO,BOGOTÁ D.C.,2025,19,60.0,59.0,50.0,54.0,58.0,8.8,55.9,279.5,2887
141895,COL COLOMBO BRIGHTON - SEDE PRINCIPAL,BOGOTÁ D.C.,2020,16,55.0,54.0,55.0,53.0,51.0,10.0,54.0,270.0,2359
141895,COL COLOMBO BRIGHTON - SEDE PRINCIPAL,BOGOTÁ D.C.,2021,8,55.0,49.0,44.0,47.0,54.0,11.2,49.2,246.0,4956
141895,COL COLOMBO BRIGHTON - SEDE PRINCIPAL,BOGOTÁ D.C.,2022,14,60.0,56.0,54.0,57.0,61.0,9.4,57.1,285.5,1923
141895,COL COLOMBO BRIGHTON - SEDE PRINCIPAL,BOGOTÁ D.C.,2023,11,61.0,58.0,56.0,56.0,60.0,8.6,57.9,289.5,1830
141895,COL COLOMBO BRIGHTON - SEDE PRINCIPAL,BOGOTÁ D.C.,2024,11,58.0,59.0,54.0,57.0,67.0,11.0,57.8,289.0,2019
141895,COL COLOMBO BRIGHTON - SEDE PRINCIPAL,BOGOTÁ D.C.,2025,9,57.0,56.0,55.0,54.0,64.0,8.4,56.2,281.0,2713
213199,INST TEC DIST JUAN DEL CORRAL,BOGOTÁ D.C.,2020,157,56.0,55.0,52.0,52.0,51.0,9.8,53.5,267.5,2591
213199,INST TEC DIST JUAN DEL CORRAL,BOGOTÁ D.C.,2021,161,54.0,52.0,50.0,51.0,53.0,9.4,51.8,259.0,3375
213199,INST TEC DIST JUAN DEL CORRAL,BOGOTÁ D.C.,2022,147,58.0,57.0,54.0,53.0,0.0,8.2,51.2,256.0,4486
213199,INST TEC DIST JUAN DEL CORRAL,BOGOTÁ D.C.,2022,146,0.0,0.0,0.0,0.0,56.0,2.4,4.3,21.5,14397
213199,INST TEC DIST JUAN DEL CORRAL,BOGOTÁ D.C.,2023,106,57.0,54.0,53.0,53.0,56.0,8.6,54.4,272.0,3013
213199,INST TEC DIST JUAN DEL CORRAL,BOGOTÁ D.C.,2024,108,58.0,59.0,55.0,56.0,59.0,9.4,57.2,286.0,2211
213199,INST TEC DIST JUAN DEL CORRAL,BOGOTÁ D.C.,2025,132,58.0,56.0,51.0,54.0,58.0,9.2,55.0,275.0,3212
218941,CENT EDUC DIST DE USAQUEN (ANTIGUA COLONIA ESCOLAR DE VACACI,BOGOTÁ D.C.,2020,35,55.0,53.0,52.0,50.0,50.0,9.6,52.3,261.5,3178
218941,CENT EDUC DIST DE USAQUEN (ANTIGUA COLONIA ESCOLAR DE VACACI,BOGOTÁ D.C.,2021,76,54.0,49.0,47.0,48.0,52.0,9.6,49.7,248.5,4675
218941,CENT EDUC DIST DE USAQUEN (ANTIGUA COLONIA ESCOLAR DE VACACI,BOGOTÁ D.C.,2022,87,57.0,53.0,52.0,52.0,56.0,11.0,53.7,268.5,3174
218941,CENT EDUC DIST DE USAQUEN (ANTIGUA COLONIA ESCOLAR DE VACACI,BOGOTÁ D.C.,2023,62,53.0,51.0,50.0,49.0,55.0,8.8,51.1,255.5,5082
218941,CENT EDUC DIST DE USAQUEN (ANTIGUA COLONIA ESCOLAR DE VACACI,BOGOTÁ D.C.,2024,46,55.0,53.0,47.0,49.0,53.0,9.4,51.2,256.0,5338
218941,CENT EDUC DIST DE USAQUEN (ANTIGUA COLONIA ESCOLAR DE VACACI,BOGOTÁ D.C.,2025,55,58.0,56.0,49.0,54.0,60.0,10.8,54.7,273.5,3400
600809,INST SANTA MARIA DE LA CRUZ,BOGOTÁ D.C.,2020,10,57.0,59.0,53.0,54.0,51.0,10.0,55.4,277.0,1909
600809,INST SANTA MARIA DE LA CRUZ,BOGOTÁ D.C.,2021,13,60.0,60.0,55.0,56.0,60.0,8.2,57.9,289.5,1440
600809,INST SANTA MARIA DE LA CRUZ,BOGOTÁ D.C.,2022,13,55.0,57.0,53.0,53.0,54.0,10.0,54.5,272.5,2824
600809,INST SANTA MARIA DE LA CRUZ,BOGOTÁ D.C.,2023,6,53.0,53.0,43.0,51.0,54.0,7.0,50.3,251.5,5651
600809,INST SANTA MARIA DE LA CRUZ,BOGOTÁ D.C.,2024,14,60.0,61.0,52.0,52.0,56.0,9.4,56.2,281.0,2581
600809,INST SANTA MARIA DE LA CRUZ,BOGOTÁ D.C.,2025,18,60.0,58.0,53.0,54.0,60.0,11.6,56.5,282.5,2637
753525,COLEGIO JOSE EUSTASIO RIVERA (IED) - SEDE PRINCIPAL,BOGOTÁ D.C.,2021,31,56.0,53.0,50.0,53.0,54.0,11.0,53.1,265.5,2798
753525,COLEGIO JOSE EUSTASIO RIVERA (IED) - SEDE PRINCIPAL,BOGOTÁ D.C.,2022,27,55.0,54.0,47.0,50.0,51.0,7.6,51.5,257.5,4379
753525,COLEGIO JOSE EUSTASIO RIVERA (IED) - SEDE PRINCIPAL,BOGOTÁ D.C.,2023,27,55.0,54.0,53.0,55.0,51.0,7.8,54.0,270.0,3203
753525,COLEGIO JOSE EUSTASIO RIVERA (IED) - SEDE PRINCIPAL,BOGOTÁ D.C.,2024,28,56.0,56.0,53.0,54.0,52.0,8.4,54.5,272.5,3348
753525,COLEGIO JOSE EUSTASIO RIVERA (IED) - SEDE PRINCIPAL,BOGOTÁ D.C.,2025,31,56.0,56.0,52.0,54.0,54.0,10.0,54.5,272.5,3504
753905,COLEGIO COMPARTIR SUBA (IED) - SEDE PRINCIPAL,BOGOTÁ D.C.,2021,97,57.0,55.0,52.0,53.0,57.0,8.8,54.5,272.5,2303
753905,COLEGIO COMPARTIR SUBA (IED) - SEDE PRINCIPAL,BOGOTÁ D.C.,2022,96,61.0,59.0,57.0,58.0,63.0,8.8,59.1,295.5,1421
753905,COLEGIO COMPARTIR SUBA (IED) - SEDE PRINCIPAL,BOGOTÁ D.C.,2023,82,58.0,57.0,54.0,55.0,60.0,9.2,56.3,281.5,2342
753905,COLEGIO COMPARTIR SUBA (IED) - SEDE PRINCIPAL,BOGOTÁ D.C.,2024,69,57.0,57.0,53.0,55.0,58.0,9.6,55.7,278.5,2806
753905,COLEGIO COMPARTIR SUBA (IED) - SEDE PRINCIPAL,BOGOTÁ D.C.,2025,81,58.0,57.0,52.0,54.0,58.0,10.4,55.5,277.5,3047
020834,COL DIST LA AMISTAD,BOGOTÁ D.C.,2020,76,50.0,49.0,46.0,46.0,45.0,8.8,47.5,237.5,6451
020834,COL DIST LA AMISTAD,BOGOTÁ D.C.,2021,78,51.0,48.0,46.0,47.0,47.0,9.2,47.9,239.5,5974
020834,COL DIST LA AMISTAD,BOGOTÁ D.C.,2022,78,52.0,49.0,47.0,47.0,50.0,8.4,48.8,244.0,6169
020834,COL DIST LA AMISTAD,BOGOTÁ D.C.,2023,75,52.0,50.0,47.0,49.0,51.0,10.0,49.6,248.0,6063
020834,COL DIST LA AMISTAD,BOGOTÁ D.C.,2024,89,55.0,53.0,50.0,52.0,54.0,9.8,52.6,263.0,4413
020834,COL DIST LA AMISTAD,BOGOTÁ D.C.,2025,68,57.0,55.0,51.0,54.0,56.0,9.6,54.4,272.0,3504
112953,COLEGIO LUIS MARIANO,BOGOTÁ D.C.,2020,31,55.0,55.0,54.0,50.0,49.0,9.0,53.2,266.0,2679
112953,COLEGIO LUIS MARIANO,BOGOTÁ D.C.,2021,20,54.0,51.0,50.0,50.0,53.0,9.4,51.4,257.0,3586
112953,COLEGIO LUIS MARIANO,BOGOTÁ D.C.,2022,23,55.0,53.0,51.0,52.0,57.0,7.2,53.1,265.5,3497
112953,COLEGIO LUIS MARIANO,BOGOTÁ D.C.,2023,46,56.0,52.0,51.0,51.0,55.0,9.8,52.7,263.5,4004
112953,COLEGIO LUIS MARIANO,BOGOTÁ D.C.,2024,38,59.0,56.0,57.0,53.0,57.0,9.8,56.3,281.5,2581
112953,COLEGIO LUIS MARIANO,BOGOTÁ D.C.,2025,26,57.0,56.0,53.0,54.0,56.0,9.4,55.1,275.5,3212
063123,INST TEC DIST LAUREANO GOMEZ,BOGOTÁ D.C.,2020,90,55.0,55.0,51.0,52.0,48.0,8.8,52.8,264.0,2872
063123,INST TEC DIST LAUREANO GOMEZ,BOGOTÁ D.C.,2021,96,58.0,56.0,51.0,52.0,55.0,8.2,54.3,271.5,2374
063123,INST TEC DIST LAUREANO GOMEZ,BOGOTÁ D.C.,2022,75,59.0,57.0,53.0,53.0,56.0,9.4,55.5,277.5,2415
063123,INST TEC DIST LAUREANO GOMEZ,BOGOTÁ D.C.,2023,82,58.0,57.0,52.0,54.0,56.0,10.0,55.3,276.5,2696
063123,INST TEC DIST LAUREANO GOMEZ,BOGOTÁ D.C.,2024,81,59.0,58.0,54.0,54.0,56.0,9.4,56.2,281.0,2581
063123,INST TEC DIST LAUREANO GOMEZ,BOGOTÁ D.C.,2025,96,57.0,58.0,53.0,54.0,57.0,9.6,55.6,278.0,2971
066886,COLEGIO CRISTIANO DE COLOMBIA,BOGOTÁ D.C.,2020,38,56.0,55.0,55.0,53.0,56.0,10.4,54.8,274.0,2076
066886,COLEGIO CRISTIANO DE COLOMBIA,BOGOTÁ D.C.,2021,40,59.0,53.0,53.0,54.0,63.0,11.0,55.4,277.0,2000
066886,COLEGIO CRISTIANO DE COLOMBIA,BOGOTÁ D.C.,2022,21,56.0,51.0,53.0,50.0,58.0,8.2,52.9,264.5,3592
066886,COLEGIO CRISTIANO DE COLOMBIA,BOGOTÁ D.C.,2023,21,59.0,56.0,54.0,54.0,61.0,9.4,56.2,281.0,2342
066886,COLEGIO CRISTIANO DE COLOMBIA,BOGOTÁ D.C.,2024,28,56.0,51.0,51.0,50.0,61.0,10.2,52.7,263.5,4413
066886,COLEGIO CRISTIANO DE COLOMBIA,BOGOTÁ D.C.,2025,21,59.0,55.0,53.0,54.0,63.0,10.4,55.8,279.0,2887
027391,INST JOSE MARTINEZ RUIZ,BOGOTÁ D.C.,2020,32,56.0,56.0,53.0,52.0,52.0,9.4,54.1,270.5,2359
027391,INST JOSE MARTINEZ RUIZ,BOGOTÁ D.C.,2021,36,58.0,56.0,52.0,55.0,56.0,8.6,55.3,276.5,2063
027391,INST JOSE MARTINEZ RUIZ,BOGOTÁ D.C.,2022,39,58.0,57.0,52.0,51.0,54.0,8.4,54.5,272.5,2824
027391,INST JOSE MARTINEZ RUIZ,BOGOTÁ D.C.,2023,37,57.0,57.0,52.0,56.0,55.0,9.6,55.5,277.5,2625
027391,INST JOSE MARTINEZ RUIZ,BOGOTÁ D.C.,2024,27,57.0,57.0,48.0,51.0,55.0,9.4,53.4,267.0,3886
027391,INST JOSE MARTINEZ RUIZ,BOGOTÁ D.C.,2025,40,58.0,59.0,52.0,54.0,60.0,10.4,56.1,280.5,2797
188581,COLEGIO FORMARTE - SEDE PRINCIPAL,BOGOTÁ D.C.,2020,73,59.0,58.0,55.0,53.0,56.0,10.2,56.2,281.0,1688
188581,COLEGIO FORMARTE - SEDE PRINCIPAL,BOGOTÁ D.C.,2021,56,58.0,54.0,51.0,50.0,64.0,10.2,54.1,270.5,2440
188581,COLEGIO FORMARTE - SEDE PRINCIPAL,BOGOTÁ D.C.,2022,54,58.0,57.0,52.0,54.0,59.0,10.4,55.5,277.5,2415
188581,COLEGIO FORMARTE - SEDE PRINCIPAL,BOGOTÁ D.C.,2023,60,58.0,55.0,53.0,53.0,62.0,10.8,55.3,276.5,2696
188581,COLEGIO FORMARTE - SEDE PRINCIPAL,BOGOTÁ D.C.,2024,63,58.0,56.0,53.0,54.0,62.0,10.8,55.8,279.0,2732
188581,COLEGIO FORMARTE - SEDE PRINCIPAL,BOGOTÁ D.C.,2025,67,59.0,55.0,53.0,54.0,63.0,10.8,55.8,279.0,2887
665752,COLEGIO ARGELIA (IED),BOGOTÁ D.C.,2020,71,56.0,57.0,52.0,54.0,50.0,9.0,54.4,272.0,2224
665752,COLEGIO ARGELIA (IED),BOGOTÁ D.C.,2021,86,57.0,58.0,51.0,53.0,57.0,10.4,54.9,274.5,2185
665752,COLEGIO ARGELIA (IED),BOGOTÁ D.C.,2022,106,58.0,59.0,53.0,55.0,58.0,9.0,56.4,282.0,2118
665752,COLEGIO ARGELIA (IED),BOGOTÁ D.C.,2023,101,58.0,60.0,53.0,55.0,56.0,9.8,56.5,282.5,2275
665752,COLEGIO ARGELIA (IED),BOGOTÁ D.C.,2024,97,61.0,60.0,57.0,57.0,60.0,10.2,58.8,294.0,1724
665752,COLEGIO ARGELIA (IED),BOGOTÁ D.C.,2025,101,59.0,56.0,53.0,54.0,56.0,9.6,55.5,277.5,3047
218362,CENT EDUC DIST ANTONIO VILLAVICENCIO,BOGOTÁ D.C.,2021,34,52.0,52.0,46.0,49.0,51.0,8.4,49.8,249.0,4556
218362,CENT EDUC DIST ANTONIO VILLAVICENCIO,BOGOTÁ D.C.,2022,41,54.0,55.0,49.0,49.0,51.0,9.2,51.7,258.5,4254
218362,CENT EDUC DIST ANTONIO VILLAVICENCIO,BOGOTÁ D.C.,2023,48,55.0,55.0,51.0,53.0,53.0,8.8,53.5,267.5,3550
218362,CENT EDUC DIST ANTONIO VILLAVICENCIO,BOGOTÁ D.C.,2024,51,54.0,54.0,49.0,51.0,54.0,10.2,52.2,261.0,4672
218362,CENT EDUC DIST ANTONIO VILLAVICENCIO,BOGOTÁ D.C.,2025,50,57.0,56.0,52.0,54.0,58.0,11.2,55.0,275.0,3212
780288,CEDIT TABORA,BOGOTÁ D.C.,2022,72,58.0,57.0,53.0,54.0,55.0,9.4,55.5,277.5,2415
780288,CEDIT TABORA,BOGOTÁ D.C.,2023,95,56.0,56.0,53.0,54.0,54.0,9.8,54.7,273.5,2917
780288,CEDIT TABORA,BOGOTÁ D.C.,2024,81,56.0,56.0,50.0,53.0,54.0,9.4,53.8,269.0,3641
780288,CEDIT TABORA,BOGOTÁ D.C.,2025,96,58.0,59.0,52.0,54.0,58.0,9.0,55.9,279.5,2887
072900,LIC HOMERICO,BOGOTÁ D.C.,2020,22,56.0,55.0,51.0,50.0,51.0,9.8,52.8,264.0,2872
072900,LIC HOMERICO,BOGOTÁ D.C.,2021,24,53.0,48.0,47.0,48.0,56.0,8.2,49.5,247.5,4807
072900,LIC HOMERICO,BOGOTÁ D.C.,2022,19,55.0,47.0,47.0,46.0,55.0,9.0,49.2,246.0,5890
072900,LIC HOMERICO,BOGOTÁ D.C.,2023,12,56.0,51.0,51.0,48.0,57.0,10.0,51.9,259.5,4545
072900,LIC HOMERICO,BOGOTÁ D.C.,2024,19,54.0,54.0,52.0,50.0,58.0,9.4,52.9,264.5,4262
072900,LIC HOMERICO,BOGOTÁ D.C.,2025,31,58.0,56.0,51.0,54.0,58.0,10.4,55.0,275.0,3212
053801,COL DIST CARLOS ARANGO VELEZ,BOGOTÁ D.C.,2020,70,56.0,56.0,54.0,53.0,53.0,8.8,54.6,273.0,2144
053801,COL DIST CARLOS ARANGO VELEZ,BOGOTÁ D.C.,2021,69,58.0,55.0,51.0,53.0,56.0,9.4,54.4,272.0,2303
053801,COL DIST CARLOS ARANGO VELEZ,BOGOTÁ D.C.,2022,86,57.0,55.0,53.0,52.0,54.0,9.0,54.2,271.0,2904
053801,COL DIST CARLOS ARANGO VELEZ,BOGOTÁ D.C.,2023,93,56.0,53.0,51.0,50.0,54.0,9.4,52.6,263.0,4004
053801,COL DIST CARLOS ARANGO VELEZ,BOGOTÁ D.C.,2024,93,57.0,56.0,51.0,52.0,55.0,10.0,54.1,270.5,3545
053801,COL DIST CARLOS ARANGO VELEZ,BOGOTÁ D.C.,2025,87,57.0,56.0,51.0,54.0,57.0,9.6,54.7,273.5,3400
045161,COL PARROQ NSTRA SRA DEL ROSARIO,BOGOTÁ D.C.,2020,49,56.0,54.0,54.0,52.0,50.0,9.2,53.7,268.5,2515
045161,COL PARROQ NSTRA SRA DEL ROSARIO,BOGOTÁ D.C.,2021,43,59.0,57.0,54.0,54.0,56.0,9.2,56.0,280.0,1863
045161,COL PARROQ NSTRA SRA DEL ROSARIO,BOGOTÁ D.C.,2022,42,59.0,54.0,53.0,51.0,55.0,8.6,54.3,271.5,2904
045161,COL PARROQ NSTRA SRA DEL ROSARIO,BOGOTÁ D.C.,2023,54,57.0,56.0,51.0,51.0,53.0,8.2,53.7,268.5,3422
045161,COL PARROQ NSTRA SRA DEL ROSARIO,BOGOTÁ D.C.,2024,53,60.0,60.0,54.0,55.0,59.0,8.6,57.4,287.0,2139
045161,COL PARROQ NSTRA SRA DEL ROSARIO,BOGOTÁ D.C.,2025,47,59.0,55.0,53.0,54.0,59.0,10.6,55.5,277.5,3047
157644,LICEO PEDAGÓGICO CATHERBLANC - SEDE PRINCIPAL,BOGOTÁ D.C.,2020,16,54.0,58.0,53.0,51.0,50.0,8.2,53.7,268.5,2515
157644,LICEO PEDAGÓGICO CATHERBLANC - SEDE PRINCIPAL,BOGOTÁ D.C.,2021,21,58.0,55.0,56.0,56.0,58.0,9.2,56.4,282.0,1760
157644,LICEO PEDAGÓGICO CATHERBLANC - SEDE PRINCIPAL,BOGOTÁ D.C.,2022,31,57.0,57.0,54.0,54.0,57.0,11.2,55.6,278.0,2348
157644,LICEO PEDAGÓGICO CATHERBLANC - SEDE PRINCIPAL,BOGOTÁ D.C.,2023,35,56.0,54.0,51.0,53.0,55.0,10.4,53.6,268.0,3422
157644,LICEO PEDAGÓGICO CATHERBLANC - SEDE PRINCIPAL,BOGOTÁ D.C.,2024,23,61.0,60.0,55.0,56.0,57.0,9.4,57.9,289.5,2019
157644,LICEO PEDAGÓGICO CATHERBLANC - SEDE PRINCIPAL,BOGOTÁ D.C.,2025,32,60.0,58.0,53.0,54.0,54.0,7.4,56.1,280.5,2797
170092,UNID EDUC EL FUTURO DEL MAÑANA,BOGOTÁ D.C.,2020,21,52.0,51.0,48.0,49.0,50.0,10.0,50.0,250.0,4470
170092,UNID EDUC EL FUTURO DEL MAÑANA,BOGOTÁ D.C.,2021,21,51.0,51.0,45.0,48.0,51.0,10.4,48.9,244.5,5257
170092,UNID EDUC EL FUTURO DEL MAÑANA,BOGOTÁ D.C.,2022,30,56.0,55.0,52.0,52.0,55.0,9.8,53.8,269.0,3089
170092,UNID EDUC EL FUTURO DEL MAÑANA,BOGOTÁ D.C.,2023,28,58.0,55.0,55.0,54.0,55.0,9.2,55.5,277.5,2625
170092,UNID EDUC EL FUTURO DEL MAÑANA,BOGOTÁ D.C.,2024,27,55.0,53.0,51.0,51.0,54.0,9.4,52.6,263.0,4413
170092,UNID EDUC EL FUTURO DEL MAÑANA,BOGOTÁ D.C.,2025,26,59.0,57.0,53.0,54.0,56.0,10.0,55.8,279.0,2887
216010,COL DIST EDUC BAS Y MEDIA REP EEUU DE AMERICA,BOGOTÁ D.C.,2020,32,53.0,50.0,48.0,48.0,49.0,9.6,49.7,248.5,4747
216010,COL DIST EDUC BAS Y MEDIA REP EEUU DE AMERICA,BOGOTÁ D.C.,2021,25,57.0,54.0,52.0,52.0,60.0,8.2,54.2,271.0,2374
216010,COL DIST EDUC BAS Y MEDIA REP EEUU DE AMERICA,BOGOTÁ D.C.,2022,30,58.0,58.0,55.0,54.0,60.0,8.8,56.5,282.5,2118
216010,COL DIST EDUC BAS Y MEDIA REP EEUU DE AMERICA,BOGOTÁ D.C.,2023,31,60.0,58.0,57.0,56.0,63.0,8.8,58.2,291.0,1739
216010,COL DIST EDUC BAS Y MEDIA REP EEUU DE AMERICA,BOGOTÁ D.C.,2024,31,61.0,61.0,56.0,57.0,63.0,10.4,59.1,295.5,1682
216010,COL DIST EDUC BAS Y MEDIA REP EEUU DE AMERICA,BOGOTÁ D.C.,2025,35,60.0,57.0,54.0,54.0,60.0,8.4,56.5,282.5,2637
777839,COLEGIO MONTEHELENA CICLOS - SEDE PRINCIPAL,BOGOTÁ D.C.,2023,15,58.0,52.0,52.0,55.0,58.0,11.2,54.5,272.5,3013
777839,COLEGIO MONTEHELENA CICLOS - SEDE PRINCIPAL,BOGOTÁ D.C.,2025,10,61.0,57.0,54.0,54.0,58.0,14.0,56.6,283.0,2555
734129,CENT EDUC DIST EL CORTIJO,BOGOTÁ D.C.,2020,47,52.0,51.0,49.0,48.0,46.0,8.6,49.7,248.5,4747
734129,CENT EDUC DIST EL CORTIJO,BOGOTÁ D.C.,2021,46,53.0,49.0,48.0,49.0,51.0,9.6,49.8,249.0,4556
734129,CENT EDUC DIST EL CORTIJO,BOGOTÁ D.C.,2022,52,54.0,52.0,49.0,50.0,50.0,8.2,51.2,256.0,4486
734129,CENT EDUC DIST EL CORTIJO,BOGOTÁ D.C.,2023,51,51.0,49.0,47.0,49.0,52.0,10.0,49.2,246.0,6365
734129,CENT EDUC DIST EL CORTIJO,BOGOTÁ D.C.,2024,41,56.0,58.0,52.0,54.0,57.0,8.4,55.2,276.0,2977
734129,CENT EDUC DIST EL CORTIJO,BOGOTÁ D.C.,2025,31,57.0,58.0,50.0,54.0,55.0,9.2,54.8,274.0,3312
140095,COL CUIDADELA EDUCATIVA BOSA (INS EDUC DIST),BOGOTÁ D.C.,2020,186,54.0,53.0,51.0,50.0,47.0,8.4,51.6,258.0,3519
140095,COL CUIDADELA EDUCATIVA BOSA (INS EDUC DIST),BOGOTÁ D.C.,2021,203,55.0,52.0,50.0,50.0,51.0,9.2,51.7,258.5,3478
140095,COL CUIDADELA EDUCATIVA BOSA (INS EDUC DIST),BOGOTÁ D.C.,2022,202,54.0,51.0,49.0,50.0,51.0,9.0,51.0,255.0,4637
140095,COL CUIDADELA EDUCATIVA BOSA (INS EDUC DIST),BOGOTÁ D.C.,2023,193,55.0,53.0,51.0,51.0,52.0,9.8,52.5,262.5,4159
140095,COL CUIDADELA EDUCATIVA BOSA (INS EDUC DIST),BOGOTÁ D.C.,2024,194,56.0,52.0,51.0,52.0,53.0,8.4,52.8,264.0,4262
140095,COL CUIDADELA EDUCATIVA BOSA (INS EDUC DIST),BOGOTÁ D.C.,2025,193,57.0,56.0,51.0,54.0,55.0,9.4,54.5,272.5,3504
127753,COL JAIME QUIJANO CABALLERO,BOGOTÁ D.C.,2020,39,55.0,54.0,52.0,52.0,52.0,9.2,53.2,266.0,2679
127753,COL JAIME QUIJANO CABALLERO,BOGOTÁ D.C.,2021,36,57.0,54.0,54.0,54.0,57.0,11.8,54.9,274.5,2185
127753,COL JAIME QUIJANO CABALLERO,BOGOTÁ D.C.,2022,40,56.0,54.0,51.0,52.0,55.0,9.0,53.4,267.0,3280
127753,COL JAIME QUIJANO CABALLERO,BOGOTÁ D.C.,2023,49,57.0,52.0,52.0,50.0,57.0,9.4,53.1,265.5,3776
127753,COL JAIME QUIJANO CABALLERO,BOGOTÁ D.C.,2024,30,56.0,54.0,53.0,53.0,60.0,11.0,54.5,272.5,3348
127753,COL JAIME QUIJANO CABALLERO,BOGOTÁ D.C.,2025,16,59.0,58.0,54.0,54.0,62.0,8.0,56.7,283.5,2555
152686,CENT EDUC DIST PRADO VERANIEGO II,BOGOTÁ D.C.,2020,54,56.0,56.0,51.0,53.0,51.0,8.4,53.8,269.0,2437
152686,CENT EDUC DIST PRADO VERANIEGO II,BOGOTÁ D.C.,2021,60,58.0,55.0,53.0,53.0,56.0,9.2,54.8,274.0,2185
152686,CENT EDUC DIST PRADO VERANIEGO II,BOGOTÁ D.C.,2022,52,58.0,55.0,54.0,55.0,58.0,8.8,55.7,278.5,2348
152686,CENT EDUC DIST PRADO VERANIEGO II,BOGOTÁ D.C.,2023,63,59.0,55.0,54.0,54.0,58.0,10.0,55.7,278.5,2553
152686,CENT EDUC DIST PRADO VERANIEGO II,BOGOTÁ D.C.,2024,56,61.0,59.0,56.0,57.0,61.0,9.6,58.5,292.5,1821
152686,CENT EDUC DIST PRADO VERANIEGO II,BOGOTÁ D.C.,2025,59,56.0,55.0,51.0,54.0,57.0,11.0,54.2,271.0,3610
091314,LICEO LATINOAMERICANO DEL SUR,BOGOTÁ D.C.,2020,33,57.0,58.0,53.0,53.0,49.0,7.6,54.8,274.0,2076
091314,LICEO LATINOAMERICANO DEL SUR,BOGOTÁ D.C.,2021,37,56.0,53.0,53.0,53.0,58.0,8.8,54.1,270.5,2440
091314,LICEO LATINOAMERICANO DEL SUR,BOGOTÁ D.C.,2022,29,58.0,54.0,54.0,52.0,51.0,9.6,54.2,271.0,2904
091314,LICEO LATINOAMERICANO DEL SUR,BOGOTÁ D.C.,2023,34,57.0,55.0,53.0,53.0,56.0,9.0,54.6,273.0,2917
091314,LICEO LATINOAMERICANO DEL SUR,BOGOTÁ D.C.,2024,28,60.0,57.0,53.0,54.0,56.0,7.8,56.0,280.0,2654
091314,LICEO LATINOAMERICANO DEL SUR,BOGOTÁ D.C.,2025,36,57.0,54.0,51.0,54.0,55.0,9.0,54.1,270.5,3735
080077,COLEGIO INTERAMERICANO,BOGOTÁ D.C.,2020,23,58.0,55.0,52.0,52.0,51.0,9.4,54.0,270.0,2359
080077,COLEGIO INTERAMERICANO,BOGOTÁ D.C.,2021,32,58.0,56.0,50.0,52.0,54.0,10.4,54.0,270.0,2440
080077,COLEGIO INTERAMERICANO,BOGOTÁ D.C.,2022,19,59.0,55.0,53.0,54.0,54.0,9.0,55.2,276.0,2495
080077,COLEGIO INTERAMERICANO,BOGOTÁ D.C.,2023,33,59.0,56.0,55.0,54.0,57.0,9.0,56.1,280.5,2407
080077,COLEGIO INTERAMERICANO,BOGOTÁ D.C.,2024,27,58.0,58.0,53.0,54.0,56.0,8.8,55.8,279.0,2732
080077,COLEGIO INTERAMERICANO,BOGOTÁ D.C.,2025,28,59.0,56.0,53.0,54.0,56.0,9.6,55.5,277.5,3047
066878,LIC LA ESPAÑOLA GABRIEL ANZOLA GOMEZ,BOGOTÁ D.C.,2020,16,56.0,54.0,51.0,48.0,49.0,9.6,52.0,260.0,3291
066878,LIC LA ESPAÑOLA GABRIEL ANZOLA GOMEZ,BOGOTÁ D.C.,2021,14,58.0,58.0,55.0,54.0,59.0,9.0,56.5,282.5,1760
066878,LIC LA ESPAÑOLA GABRIEL ANZOLA GOMEZ,BOGOTÁ D.C.,2022,22,60.0,56.0,55.0,54.0,61.0,8.4,56.6,283.0,2037
066878,LIC LA ESPAÑOLA GABRIEL ANZOLA GOMEZ,BOGOTÁ D.C.,2023,23,57.0,56.0,55.0,54.0,63.0,10.6,56.1,280.5,2407
066878,LIC LA ESPAÑOLA GABRIEL ANZOLA GOMEZ,BOGOTÁ D.C.,2024,14,58.0,60.0,54.0,54.0,61.0,7.2,56.8,284.0,2367
066878,LIC LA ESPAÑOLA GABRIEL ANZOLA GOMEZ,BOGOTÁ D.C.,2025,11,63.0,59.0,56.0,54.0,61.0,6.8,58.2,291.0,2029
160689,GIMN ESPECIALIZADO DEL NORTE,BOGOTÁ D.C.,2020,6,60.0,54.0,61.0,51.0,58.0,7.8,56.6,283.0,1588
160689,GIMN ESPECIALIZADO DEL NORTE,BOGOTÁ D.C.,2021,7,65.0,58.0,61.0,61.0,67.0,9.0,61.7,308.5,754
160689,GIMN ESPECIALIZADO DEL NORTE,BOGOTÁ D.C.,2022,3,60.0,54.0,53.0,49.0,64.0,8.2,54.8,274.0,2662
160689,GIMN ESPECIALIZADO DEL NORTE,BOGOTÁ D.C.,2023,8,58.0,52.0,52.0,51.0,60.0,14.0,53.8,269.0,3317
160689,GIMN ESPECIALIZADO DEL NORTE,BOGOTÁ D.C.,2024,3,53.0,56.0,52.0,52.0,56.0,15.2,53.5,267.5,3886
160689,GIMN ESPECIALIZADO DEL NORTE,BOGOTÁ D.C.,2025,2,53.0,53.0,51.0,54.0,63.0,22.2,53.5,267.5,4079
033043,FUND EDUC ANA RESTREPO DEL CORRAL,BOGOTÁ D.C.,2020,44,57.0,57.0,56.0,54.0,50.0,9.4,55.5,277.5,1909
033043,FUND EDUC ANA RESTREPO DEL CORRAL,BOGOTÁ D.C.,2021,47,59.0,56.0,53.0,54.0,57.0,8.4,55.6,278.0,1959
033043,FUND EDUC ANA RESTREPO DEL CORRAL,BOGOTÁ D.C.,2022,51,56.0,55.0,52.0,53.0,59.0,10.2,54.4,272.0,2824
033043,FUND EDUC ANA RESTREPO DEL CORRAL,BOGOTÁ D.C.,2023,56,57.0,52.0,53.0,53.0,57.0,9.8,54.0,270.0,3203
033043,FUND EDUC ANA RESTREPO DEL CORRAL,BOGOTÁ D.C.,2024,55,58.0,56.0,53.0,53.0,59.0,9.8,55.3,276.5,2977
033043,FUND EDUC ANA RESTREPO DEL CORRAL,BOGOTÁ D.C.,2025,45,58.0,55.0,53.0,54.0,59.0,9.8,55.3,276.5,3124
139121,COL DIST EDUC BAS Y MEDIA JUAN EVANGELISTA GOMEZ,BOGOTÁ D.C.,2020,42,55.0,56.0,50.0,52.0,46.0,8.4,52.7,263.5,2984
139121,COL DIST EDUC BAS Y MEDIA JUAN EVANGELISTA GOMEZ,BOGOTÁ D.C.,2021,44,53.0,55.0,49.0,52.0,47.0,8.2,51.8,259.0,3375
139121,COL DIST EDUC BAS Y MEDIA JUAN EVANGELISTA GOMEZ,BOGOTÁ D.C.,2022,39,55.0,55.0,49.0,52.0,54.0,8.6,52.8,264.0,3592
139121,COL DIST EDUC BAS Y MEDIA JUAN EVANGELISTA GOMEZ,BOGOTÁ D.C.,2023,51,55.0,52.0,48.0,51.0,54.0,9.2,51.7,258.5,4681
139121,COL DIST EDUC BAS Y MEDIA JUAN EVANGELISTA GOMEZ,BOGOTÁ D.C.,2024,42,57.0,56.0,51.0,52.0,55.0,9.4,54.1,270.5,3545
139121,COL DIST EDUC BAS Y MEDIA JUAN EVANGELISTA GOMEZ,BOGOTÁ D.C.,2025,53,57.0,58.0,52.0,54.0,58.0,9.4,55.5,277.5,3047
191965,COL NSTRA SRA DE LAS LAJAS,BOGOTÁ D.C.,2020,24,57.0,59.0,56.0,55.0,54.0,9.4,56.5,282.5,1644
191965,COL NSTRA SRA DE LAS LAJAS,BOGOTÁ D.C.,2021,34,56.0,55.0,52.0,53.0,56.0,8.6,54.2,271.0,2374
191965,COL NSTRA SRA DE LAS LAJAS,BOGOTÁ D.C.,2022,32,61.0,60.0,56.0,57.0,59.0,9.6,58.5,292.5,1570
191965,COL NSTRA SRA DE LAS LAJAS,BOGOTÁ D.C.,2023,23,57.0,58.0,54.0,54.0,58.0,8.6,55.9,279.5,2474
191965,COL NSTRA SRA DE LAS LAJAS,BOGOTÁ D.C.,2024,36,59.0,60.0,55.0,56.0,61.0,9.6,57.8,289.0,2019
191965,COL NSTRA SRA DE LAS LAJAS,BOGOTÁ D.C.,2025,35,58.0,57.0,55.0,54.0,59.0,10.4,56.2,281.0,2713
213603,CENT EDUC DIST MORISCO,BOGOTÁ D.C.,2020,66,58.0,57.0,55.0,51.0,54.0,9.6,55.2,276.0,1964
213603,CENT EDUC DIST MORISCO,BOGOTÁ D.C.,2021,90,58.0,54.0,51.0,53.0,59.0,11.6,54.4,272.0,2303
213603,CENT EDUC DIST MORISCO,BOGOTÁ D.C.,2022,75,59.0,57.0,54.0,53.0,58.0,9.6,55.9,279.5,2287
213603,CENT EDUC DIST MORISCO,BOGOTÁ D.C.,2023,70,60.0,58.0,54.0,54.0,60.0,10.8,56.8,284.0,2119
213603,CENT EDUC DIST MORISCO,BOGOTÁ D.C.,2024,76,58.0,55.0,51.0,53.0,59.0,11.2,54.6,273.0,3266
213603,CENT EDUC DIST MORISCO,BOGOTÁ D.C.,2025,68,59.0,56.0,54.0,54.0,62.0,9.8,56.2,281.0,2713
665679,COLEGIO CAFAM BELLAVISTA (IED),BOGOTÁ D.C.,2020,119,56.0,55.0,52.0,52.0,50.0,9.6,53.5,267.5,2591
665679,COLEGIO CAFAM BELLAVISTA (IED),BOGOTÁ D.C.,2021,108,55.0,53.0,49.0,50.0,51.0,9.2,51.7,258.5,3478
665679,COLEGIO CAFAM BELLAVISTA (IED),BOGOTÁ D.C.,2022,106,56.0,54.0,51.0,51.0,52.0,10.2,52.9,264.5,3592
665679,COLEGIO CAFAM BELLAVISTA (IED),BOGOTÁ D.C.,2023,104,57.0,57.0,52.0,53.0,52.0,9.8,54.5,272.5,3013
665679,COLEGIO CAFAM BELLAVISTA (IED),BOGOTÁ D.C.,2024,100,58.0,56.0,53.0,53.0,54.0,9.0,54.9,274.5,3172
665679,COLEGIO CAFAM BELLAVISTA (IED),BOGOTÁ D.C.,2025,98,57.0,56.0,52.0,54.0,55.0,9.4,54.8,274.0,3312
730457,COLEGIO BICENTENARIO DE LA INDEPENDENCIA (IED) - SEDE PRINCIPAL,BOGOTÁ D.C.,2021,98,52.0,48.0,46.0,47.0,49.0,9.2,48.3,241.5,5675
730457,COLEGIO BICENTENARIO DE LA INDEPENDENCIA (IED) - SEDE PRINCIPAL,BOGOTÁ D.C.,2022,116,53.0,50.0,49.0,49.0,50.0,9.0,50.2,251.0,5167
730457,COLEGIO BICENTENARIO DE LA INDEPENDENCIA (IED) - SEDE PRINCIPAL,BOGOTÁ D.C.,2023,93,52.0,50.0,47.0,49.0,51.0,10.0,49.6,248.0,6063
730457,COLEGIO BICENTENARIO DE LA INDEPENDENCIA (IED) - SEDE PRINCIPAL,BOGOTÁ D.C.,2024,103,56.0,54.0,51.0,55.0,53.0,9.2,53.9,269.5,3641
730457,COLEGIO BICENTENARIO DE LA INDEPENDENCIA (IED) - SEDE PRINCIPAL,BOGOTÁ D.C.,2025,96,55.0,53.0,49.0,54.0,54.0,10.2,52.8,264.0,4428
726133,CENT EDUC DIST QUIROGA ALIANZA,BOGOTÁ D.C.,2020,55,54.0,55.0,52.0,53.0,50.0,9.6,53.2,266.0,2679
726133,CENT EDUC DIST QUIROGA ALIANZA,BOGOTÁ D.C.,2021,78,55.0,53.0,52.0,53.0,53.0,10.4,53.2,266.0,2723
726133,CENT EDUC DIST QUIROGA ALIANZA,BOGOTÁ D.C.,2022,83,55.0,51.0,50.0,50.0,55.0,9.4,51.8,259.0,4132
726133,CENT EDUC DIST QUIROGA ALIANZA,BOGOTÁ D.C.,2023,65,56.0,54.0,51.0,54.0,56.0,9.4,53.9,269.5,3317
726133,CENT EDUC DIST QUIROGA ALIANZA,BOGOTÁ D.C.,2024,65,57.0,56.0,54.0,55.0,56.0,10.0,55.5,277.5,2888
726133,CENT EDUC DIST QUIROGA ALIANZA,BOGOTÁ D.C.,2025,71,56.0,55.0,52.0,54.0,56.0,9.4,54.4,272.0,3504
818963,COLEGIO MONTEHELENA CICLOS - SEDE PRINCIPAL,BOGOTÁ D.C.,2024,8,61.0,60.0,57.0,58.0,59.0,10.8,59.0,295.0,1682
818963,COLEGIO MONTEHELENA CICLOS - SEDE PRINCIPAL,BOGOTÁ D.C.,2025,39,60.0,56.0,53.0,54.0,61.0,11.2,56.2,281.0,2713
819490,CEDIT FRANCISCO DE PAULA SANTANDER,BOGOTÁ D.C.,2025,61,54.0,56.0,47.0,54.0,52.0,8.6,52.7,263.5,4556
820886,COLEGIO AGUDELO RESTREPO (IED) - SEDE PRINCIPAL,BOGOTÁ D.C.,2025,75,58.0,56.0,52.0,54.0,57.0,9.8,55.2,276.0,3124
134429,CENT EDUC DIST LA FLORESTA SUR,BOGOTÁ D.C.,2020,43,53.0,52.0,49.0,48.0,50.0,9.0,50.5,252.5,4217
134429,CENT EDUC DIST LA FLORESTA SUR,BOGOTÁ D.C.,2021,51,57.0,53.0,52.0,51.0,56.0,8.8,53.5,267.5,2660
134429,CENT EDUC DIST LA FLORESTA SUR,BOGOTÁ D.C.,2022,45,58.0,53.0,52.0,53.0,59.0,9.6,54.4,272.0,2824
134429,CENT EDUC DIST LA FLORESTA SUR,BOGOTÁ D.C.,2023,21,58.0,54.0,50.0,52.0,57.0,8.6,53.8,269.0,3317
134429,CENT EDUC DIST LA FLORESTA SUR,BOGOTÁ D.C.,2024,35,58.0,55.0,51.0,54.0,61.0,8.6,55.0,275.0,3074
134429,CENT EDUC DIST LA FLORESTA SUR,BOGOTÁ D.C.,2025,33,59.0,58.0,53.0,54.0,63.0,9.2,56.5,282.5,2637
087890,CENT EDUC DIST VILLEMAR EL CARMEN,BOGOTÁ D.C.,2020,101,56.0,57.0,52.0,51.0,54.0,9.2,54.0,270.0,2359
087890,CENT EDUC DIST VILLEMAR EL CARMEN,BOGOTÁ D.C.,2021,95,57.0,54.0,50.0,51.0,56.0,9.0,53.2,266.0,2723
087890,CENT EDUC DIST VILLEMAR EL CARMEN,BOGOTÁ D.C.,2022,77,57.0,56.0,51.0,51.0,59.0,9.6,54.2,271.0,2904
087890,CENT EDUC DIST VILLEMAR EL CARMEN,BOGOTÁ D.C.,2023,72,56.0,56.0,51.0,53.0,59.0,9.6,54.4,272.0,3013
087890,CENT EDUC DIST VILLEMAR EL CARMEN,BOGOTÁ D.C.,2024,77,57.0,58.0,52.0,55.0,61.0,9.0,55.9,279.5,2732
087890,CENT EDUC DIST VILLEMAR EL CARMEN,BOGOTÁ D.C.,2025,75,57.0,56.0,51.0,54.0,61.0,10.0,55.0,275.0,3212
059469,COLEGIO COOPERATIVO NUEVO MUZU,BOGOTÁ D.C.,2020,42,56.0,54.0,53.0,51.0,52.0,9.4,53.4,267.0,2591
059469,COLEGIO COOPERATIVO NUEVO MUZU,BOGOTÁ D.C.,2021,49,57.0,51.0,51.0,50.0,57.0,7.6,52.6,263.0,2989
059469,COLEGIO COOPERATIVO NUEVO MUZU,BOGOTÁ D.C.,2022,47,56.0,54.0,54.0,52.0,57.0,9.0,54.2,271.0,2904
059469,COLEGIO COOPERATIVO NUEVO MUZU,BOGOTÁ D.C.,2023,41,57.0,51.0,53.0,52.0,55.0,9.6,53.4,267.0,3550
059469,COLEGIO COOPERATIVO NUEVO MUZU,BOGOTÁ D.C.,2024,38,58.0,56.0,54.0,54.0,56.0,9.8,55.5,277.5,2888
059469,COLEGIO COOPERATIVO NUEVO MUZU,BOGOTÁ D.C.,2025,33,57.0,54.0,52.0,54.0,58.0,10.6,54.5,272.5,3504
108548,COLEGIO LOPE DE VEGA,BOGOTÁ D.C.,2020,29,56.0,57.0,51.0,53.0,52.0,8.0,54.1,270.5,2359
108548,COLEGIO LOPE DE VEGA,BOGOTÁ D.C.,2021,34,59.0,58.0,52.0,54.0,61.0,9.4,56.2,281.0,1818
108548,COLEGIO LOPE DE VEGA,BOGOTÁ D.C.,2022,37,57.0,59.0,53.0,53.0,59.0,8.4,55.8,279.0,2287
108548,COLEGIO LOPE DE VEGA,BOGOTÁ D.C.,2023,34,60.0,61.0,55.0,56.0,62.0,10.4,58.3,291.5,1739
108548,COLEGIO LOPE DE VEGA,BOGOTÁ D.C.,2024,36,60.0,61.0,54.0,56.0,63.0,8.6,58.2,291.0,1887
108548,COLEGIO LOPE DE VEGA,BOGOTÁ D.C.,2025,43,59.0,59.0,51.0,54.0,62.0,8.6,56.2,281.0,2713
137349,GERARDO MOLINA RAMIREZ (INST EDUC DIST),BOGOTÁ D.C.,2020,141,54.0,53.0,50.0,50.0,49.0,9.2,51.5,257.5,3630
137349,GERARDO MOLINA RAMIREZ (INST EDUC DIST),BOGOTÁ D.C.,2021,77,59.0,57.0,53.0,53.0,56.0,8.2,55.5,277.5,2000
137349,GERARDO MOLINA RAMIREZ (INST EDUC DIST),BOGOTÁ D.C.,2022,112,58.0,56.0,53.0,53.0,54.0,9.2,54.9,274.5,2662
137349,GERARDO MOLINA RAMIREZ (INST EDUC DIST),BOGOTÁ D.C.,2023,114,57.0,56.0,53.0,54.0,53.0,9.0,54.8,274.0,2835
137349,GERARDO MOLINA RAMIREZ (INST EDUC DIST),BOGOTÁ D.C.,2024,107,56.0,57.0,53.0,55.0,55.0,9.8,55.2,276.0,2977
137349,GERARDO MOLINA RAMIREZ (INST EDUC DIST),BOGOTÁ D.C.,2025,149,56.0,56.0,50.0,54.0,54.0,9.4,54.0,270.0,3735
085357,INSTITUTO COLOMBO SUECO,BOGOTÁ D.C.,2020,107,56.0,57.0,52.0,53.0,50.0,9.0,54.2,271.0,2294
085357,INSTITUTO COLOMBO SUECO,BOGOTÁ D.C.,2021,115,59.0,56.0,53.0,53.0,56.0,9.4,55.3,276.5,2063
085357,INSTITUTO COLOMBO SUECO,BOGOTÁ D.C.,2022,113,59.0,58.0,55.0,55.0,57.0,9.6,56.8,284.0,1986
085357,INSTITUTO COLOMBO SUECO,BOGOTÁ D.C.,2023,121,57.0,55.0,52.0,53.0,56.0,10.0,54.4,272.0,3013
085357,INSTITUTO COLOMBO SUECO,BOGOTÁ D.C.,2024,95,58.0,57.0,54.0,55.0,58.0,9.2,56.2,281.0,2581
085357,INSTITUTO COLOMBO SUECO,BOGOTÁ D.C.,2025,81,58.0,57.0,52.0,54.0,59.0,9.6,55.5,277.5,3047
035006,CENT CIAL MADRE ELISA RONCALLO,BOGOTÁ D.C.,2020,47,58.0,59.0,57.0,54.0,52.0,7.6,56.6,283.0,1588
035006,CENT CIAL MADRE ELISA RONCALLO,BOGOTÁ D.C.,2021,42,61.0,59.0,56.0,56.0,56.0,9.0,57.8,289.0,1440
035006,CENT CIAL MADRE ELISA RONCALLO,BOGOTÁ D.C.,2022,26,58.0,55.0,51.0,52.0,57.0,6.6,54.2,271.0,2904
035006,CENT CIAL MADRE ELISA RONCALLO,BOGOTÁ D.C.,2023,19,61.0,60.0,56.0,57.0,60.0,7.4,58.6,293.0,1634
035006,CENT CIAL MADRE ELISA RONCALLO,BOGOTÁ D.C.,2024,19,59.0,57.0,53.0,54.0,60.0,10.0,56.1,280.5,2654
035006,CENT CIAL MADRE ELISA RONCALLO,BOGOTÁ D.C.,2025,20,60.0,55.0,55.0,54.0,60.0,10.0,56.3,281.5,2713
127266,INST EDUC DIST LEONARDO POSADA PEDRAZA - SEDE PRINCIPAL,BOGOTÁ D.C.,2020,113,55.0,53.0,51.0,51.0,48.0,9.0,52.2,261.0,3178
127266,INST EDUC DIST LEONARDO POSADA PEDRAZA - SEDE PRINCIPAL,BOGOTÁ D.C.,2021,131,54.0,51.0,49.0,50.0,52.0,8.6,51.1,255.5,3809
127266,INST EDUC DIST LEONARDO POSADA PEDRAZA - SEDE PRINCIPAL,BOGOTÁ D.C.,2022,134,56.0,54.0,50.0,51.0,53.0,9.6,52.8,264.0,3592
127266,INST EDUC DIST LEONARDO POSADA PEDRAZA - SEDE PRINCIPAL,BOGOTÁ D.C.,2023,141,54.0,53.0,50.0,52.0,54.0,8.4,52.4,262.0,4159
127266,INST EDUC DIST LEONARDO POSADA PEDRAZA - SEDE PRINCIPAL,BOGOTÁ D.C.,2024,136,55.0,53.0,49.0,51.0,54.0,10.0,52.2,261.0,4672
127266,INST EDUC DIST LEONARDO POSADA PEDRAZA - SEDE PRINCIPAL,BOGOTÁ D.C.,2025,142,56.0,55.0,51.0,54.0,54.0,9.4,54.0,270.0,3735
157974,LIC MODERNO BETANIA - SEDE PRINCIPAL,BOGOTÁ D.C.,2020,59,54.0,53.0,50.0,49.0,50.0,8.4,51.4,257.0,3630
157974,LIC MODERNO BETANIA - SEDE PRINCIPAL,BOGOTÁ D.C.,2021,40,54.0,53.0,50.0,50.0,53.0,8.8,51.8,259.0,3375
157974,LIC MODERNO BETANIA - SEDE PRINCIPAL,BOGOTÁ D.C.,2022,29,57.0,56.0,55.0,55.0,54.0,8.6,55.6,278.0,2348
157974,LIC MODERNO BETANIA - SEDE PRINCIPAL,BOGOTÁ D.C.,2023,37,56.0,50.0,49.0,48.0,55.0,9.0,51.1,255.5,5082
157974,LIC MODERNO BETANIA - SEDE PRINCIPAL,BOGOTÁ D.C.,2024,51,56.0,55.0,50.0,52.0,54.0,9.2,53.3,266.5,4012
157974,LIC MODERNO BETANIA - SEDE PRINCIPAL,BOGOTÁ D.C.,2025,34,56.0,56.0,51.0,54.0,58.0,10.6,54.5,272.5,3504
020321,COL MILITAR COOP JUSTINIANO QUIÑONEZ ANGULO,BOGOTÁ D.C.,2020,65,55.0,54.0,51.0,52.0,50.0,8.6,52.8,264.0,2872
020321,COL MILITAR COOP JUSTINIANO QUIÑONEZ ANGULO,BOGOTÁ D.C.,2021,70,57.0,56.0,52.0,54.0,55.0,9.2,54.8,274.0,2185
020321,COL MILITAR COOP JUSTINIANO QUIÑONEZ ANGULO,BOGOTÁ D.C.,2022,70,60.0,58.0,55.0,56.0,57.0,9.4,57.2,286.0,1860
020321,COL MILITAR COOP JUSTINIANO QUIÑONEZ ANGULO,BOGOTÁ D.C.,2023,78,57.0,55.0,53.0,53.0,56.0,8.8,54.6,273.0,2917
020321,COL MILITAR COOP JUSTINIANO QUIÑONEZ ANGULO,BOGOTÁ D.C.,2024,78,56.0,56.0,53.0,53.0,56.0,9.2,54.6,273.0,3266
020321,COL MILITAR COOP JUSTINIANO QUIÑONEZ ANGULO,BOGOTÁ D.C.,2025,72,56.0,55.0,51.0,54.0,56.0,9.8,54.2,271.0,3610
217646,NSTRA SRA DE LOURDES,BOGOTÁ D.C.,2020,75,53.0,52.0,50.0,49.0,46.0,9.4,50.6,253.0,4092
217646,NSTRA SRA DE LOURDES,BOGOTÁ D.C.,2021,63,53.0,50.0,48.0,49.0,47.0,9.2,49.8,249.0,4556
217646,NSTRA SRA DE LOURDES,BOGOTÁ D.C.,2022,83,54.0,52.0,51.0,51.0,51.0,9.0,51.9,259.5,4132
217646,NSTRA SRA DE LOURDES,BOGOTÁ D.C.,2023,68,54.0,53.0,48.0,50.0,48.0,9.2,51.0,255.0,5082
217646,NSTRA SRA DE LOURDES,BOGOTÁ D.C.,2024,57,54.0,54.0,50.0,52.0,54.0,9.8,52.6,263.0,4413
217646,NSTRA SRA DE LOURDES,BOGOTÁ D.C.,2025,94,58.0,55.0,53.0,54.0,55.0,9.2,55.0,275.0,3212
745869,COL DIST TOBERIN,BOGOTÁ D.C.,2020,169,55.0,53.0,51.0,51.0,49.0,10.0,52.2,261.0,3178
745869,COL DIST TOBERIN,BOGOTÁ D.C.,2021,149,55.0,51.0,50.0,51.0,53.0,10.4,51.8,259.0,3375
745869,COL DIST TOBERIN,BOGOTÁ D.C.,2022,163,55.0,51.0,52.0,51.0,52.0,9.0,52.2,261.0,3916
745869,COL DIST TOBERIN,BOGOTÁ D.C.,2023,181,54.0,51.0,50.0,51.0,52.0,9.6,51.5,257.5,4796
745869,COL DIST TOBERIN,BOGOTÁ D.C.,2024,175,56.0,54.0,51.0,52.0,56.0,10.0,53.5,267.5,3886
745869,COL DIST TOBERIN,BOGOTÁ D.C.,2025,179,55.0,56.0,49.0,54.0,56.0,9.8,53.7,268.5,3966
753293,COLEGIO ÁNGELA RESTREPO MORENO IED,BOGOTÁ D.C.,2021,31,57.0,56.0,51.0,52.0,54.0,8.6,54.0,270.0,2440
753293,COLEGIO ÁNGELA RESTREPO MORENO IED,BOGOTÁ D.C.,2022,59,56.0,54.0,51.0,50.0,55.0,10.0,52.9,264.5,3592
753293,COLEGIO ÁNGELA RESTREPO MORENO IED,BOGOTÁ D.C.,2023,69,58.0,55.0,54.0,53.0,57.0,10.4,55.2,276.0,2696
753293,COLEGIO ÁNGELA RESTREPO MORENO IED,BOGOTÁ D.C.,2024,64,59.0,58.0,54.0,56.0,55.0,11.2,56.6,283.0,2438
753293,COLEGIO ÁNGELA RESTREPO MORENO IED,BOGOTÁ D.C.,2025,61,58.0,55.0,53.0,54.0,54.0,9.6,54.9,274.5,3312
735225,CENT EDUC DIST BAS Y MEDIA O.E.A.,BOGOTÁ D.C.,2020,129,55.0,55.0,51.0,52.0,50.0,8.6,53.0,265.0,2787
735225,CENT EDUC DIST BAS Y MEDIA O.E.A.,BOGOTÁ D.C.,2021,117,57.0,54.0,50.0,52.0,54.0,9.4,53.3,266.5,2723
735225,CENT EDUC DIST BAS Y MEDIA O.E.A.,BOGOTÁ D.C.,2022,112,56.0,54.0,51.0,53.0,52.0,9.4,53.4,267.0,3280
735225,CENT EDUC DIST BAS Y MEDIA O.E.A.,BOGOTÁ D.C.,2023,115,56.0,57.0,52.0,54.0,54.0,9.2,54.7,273.5,2917
735225,CENT EDUC DIST BAS Y MEDIA O.E.A.,BOGOTÁ D.C.,2024,114,57.0,56.0,52.0,55.0,57.0,9.4,55.2,276.0,2977
735225,CENT EDUC DIST BAS Y MEDIA O.E.A.,BOGOTÁ D.C.,2025,125,58.0,58.0,52.0,54.0,57.0,9.2,55.6,278.0,2971
811190,COL NAL NIDYA QUINTERO DE TURBAY,BOGOTÁ D.C.,2023,101,57.0,56.0,52.0,54.0,56.0,8.6,54.8,274.0,2835
811190,COL NAL NIDYA QUINTERO DE TURBAY,BOGOTÁ D.C.,2024,99,59.0,57.0,53.0,55.0,58.0,8.8,56.2,281.0,2581
811190,COL NAL NIDYA QUINTERO DE TURBAY,BOGOTÁ D.C.,2025,103,59.0,57.0,52.0,54.0,59.0,9.6,55.8,279.0,2887
122424,INSTITUTO LEONARD EULER,BOGOTÁ D.C.,2020,17,59.0,57.0,56.0,55.0,56.0,11.0,56.7,283.5,1588
122424,INSTITUTO LEONARD EULER,BOGOTÁ D.C.,2021,7,57.0,52.0,52.0,52.0,59.0,10.4,53.7,268.5,2591
122424,INSTITUTO LEONARD EULER,BOGOTÁ D.C.,2022,14,56.0,57.0,50.0,54.0,62.0,10.0,54.8,274.0,2662
122424,INSTITUTO LEONARD EULER,BOGOTÁ D.C.,2023,12,56.0,55.0,50.0,53.0,61.0,11.0,54.1,270.5,3203
122424,INSTITUTO LEONARD EULER,BOGOTÁ D.C.,2024,21,59.0,57.0,51.0,54.0,60.0,9.6,55.6,278.0,2806
122424,INSTITUTO LEONARD EULER,BOGOTÁ D.C.,2025,15,61.0,61.0,54.0,54.0,61.0,9.0,57.8,289.0,2162
062968,COLEGIO SANTA LIBRADA,BOGOTÁ D.C.,2020,25,54.0,50.0,48.0,48.0,47.0,8.8,49.8,249.0,4600
062968,COLEGIO SANTA LIBRADA,BOGOTÁ D.C.,2021,19,56.0,52.0,49.0,50.0,53.0,7.2,51.8,259.0,3375
062968,COLEGIO SANTA LIBRADA,BOGOTÁ D.C.,2022,15,57.0,54.0,52.0,53.0,53.0,9.0,53.9,269.5,3089
062968,COLEGIO SANTA LIBRADA,BOGOTÁ D.C.,2023,23,57.0,55.0,53.0,53.0,55.0,8.6,54.5,272.5,3013
062968,COLEGIO SANTA LIBRADA,BOGOTÁ D.C.,2024,27,57.0,55.0,51.0,54.0,56.0,9.4,54.4,272.0,3348
062968,COLEGIO SANTA LIBRADA,BOGOTÁ D.C.,2025,23,58.0,59.0,53.0,54.0,56.0,8.0,56.0,280.0,2797
073064,INST GUIMARC,BOGOTÁ D.C.,2020,35,54.0,54.0,49.0,50.0,50.0,10.0,51.6,258.0,3519
073064,INST GUIMARC,BOGOTÁ D.C.,2021,27,56.0,52.0,49.0,51.0,54.0,9.8,52.2,261.0,3173
073064,INST GUIMARC,BOGOTÁ D.C.,2022,43,57.0,54.0,50.0,50.0,53.0,8.6,52.8,264.0,3592
073064,INST GUIMARC,BOGOTÁ D.C.,2023,50,58.0,57.0,53.0,54.0,56.0,10.4,55.5,277.5,2625
073064,INST GUIMARC,BOGOTÁ D.C.,2024,39,59.0,56.0,51.0,51.0,55.0,9.6,54.3,271.5,3449
073064,INST GUIMARC,BOGOTÁ D.C.,2025,52,59.0,57.0,55.0,54.0,58.0,10.8,56.4,282.0,2637
102434,CENT EDUC DIST EL PORVENIR,BOGOTÁ D.C.,2020,84,53.0,52.0,52.0,51.0,48.0,9.0,51.7,258.5,3519
102434,CENT EDUC DIST EL PORVENIR,BOGOTÁ D.C.,2021,88,55.0,54.0,51.0,51.0,50.0,9.4,52.5,262.5,3083
102434,CENT EDUC DIST EL PORVENIR,BOGOTÁ D.C.,2022,67,53.0,53.0,50.0,52.0,51.0,8.8,51.9,259.5,4132
102434,CENT EDUC DIST EL PORVENIR,BOGOTÁ D.C.,2023,79,57.0,54.0,53.0,52.0,54.0,9.0,54.0,270.0,3203
102434,CENT EDUC DIST EL PORVENIR,BOGOTÁ D.C.,2024,68,57.0,57.0,55.0,55.0,54.0,8.8,55.8,279.0,2732
102434,CENT EDUC DIST EL PORVENIR,BOGOTÁ D.C.,2025,88,55.0,55.0,51.0,54.0,54.0,10.0,53.8,269.0,3853
124123,NUEVO LICEO SANTA CLARA,BOGOTÁ D.C.,2020,18,51.0,52.0,47.0,46.0,46.0,7.8,48.8,244.0,5346
124123,NUEVO LICEO SANTA CLARA,BOGOTÁ D.C.,2021,23,54.0,52.0,47.0,49.0,53.0,10.4,50.7,253.5,4050
124123,NUEVO LICEO SANTA CLARA,BOGOTÁ D.C.,2022,12,52.0,49.0,47.0,48.0,51.0,11.0,49.2,246.0,5890
124123,NUEVO LICEO SANTA CLARA,BOGOTÁ D.C.,2023,14,54.0,58.0,54.0,52.0,59.0,9.6,54.8,274.0,2835
124123,NUEVO LICEO SANTA CLARA,BOGOTÁ D.C.,2024,17,51.0,51.0,47.0,49.0,56.0,11.6,50.0,250.0,6174
124123,NUEVO LICEO SANTA CLARA,BOGOTÁ D.C.,2025,21,54.0,53.0,50.0,54.0,57.0,10.8,53.1,265.5,4310
665638,COLEGIO SAN JOSE DE USME (IED),BOGOTÁ D.C.,2020,72,54.0,53.0,50.0,49.0,47.0,8.6,51.2,256.0,3726
665638,COLEGIO SAN JOSE DE USME (IED),BOGOTÁ D.C.,2021,79,54.0,54.0,49.0,50.0,49.0,9.4,51.5,257.5,3586
665638,COLEGIO SAN JOSE DE USME (IED),BOGOTÁ D.C.,2022,68,55.0,54.0,51.0,50.0,48.0,9.8,52.2,261.0,3916
665638,COLEGIO SAN JOSE DE USME (IED),BOGOTÁ D.C.,2023,61,57.0,57.0,54.0,55.0,53.0,9.2,55.5,277.5,2625
665638,COLEGIO SAN JOSE DE USME (IED),BOGOTÁ D.C.,2024,72,57.0,53.0,54.0,55.0,53.0,9.8,54.6,273.0,3266
665638,COLEGIO SAN JOSE DE USME (IED),BOGOTÁ D.C.,2025,71,56.0,55.0,50.0,54.0,51.0,10.0,53.5,267.5,4079
143727,COLEGIO MILITAR ANTONIA SANTOS,BOGOTÁ D.C.,2020,18,53.0,50.0,49.0,48.0,45.0,9.4,49.6,248.0,4747
143727,COLEGIO MILITAR ANTONIA SANTOS,BOGOTÁ D.C.,2021,15,56.0,52.0,53.0,53.0,51.0,10.6,53.3,266.5,2723
143727,COLEGIO MILITAR ANTONIA SANTOS,BOGOTÁ D.C.,2022,22,53.0,51.0,49.0,52.0,53.0,11.2,51.4,257.0,4379
143727,COLEGIO MILITAR ANTONIA SANTOS,BOGOTÁ D.C.,2023,18,58.0,57.0,55.0,55.0,55.0,11.2,56.2,281.0,2342
143727,COLEGIO MILITAR ANTONIA SANTOS,BOGOTÁ D.C.,2024,17,54.0,53.0,50.0,51.0,54.0,8.6,52.2,261.0,4672
143727,COLEGIO MILITAR ANTONIA SANTOS,BOGOTÁ D.C.,2025,15,54.0,54.0,50.0,54.0,55.0,10.2,53.2,266.0,4192
025981,COLEGIO MONSEÑOR BERNARDO SANCHEZ HERMANAS DE NUESTRA SEÑORA DE LA PAZ,BOGOTÁ D.C.,2020,30,57.0,57.0,52.0,53.0,48.0,9.8,54.2,271.0,2294
025981,COLEGIO MONSEÑOR BERNARDO SANCHEZ HERMANAS DE NUESTRA SEÑORA DE LA PAZ,BOGOTÁ D.C.,2021,18,59.0,58.0,53.0,55.0,57.0,9.0,56.3,281.5,1818
025981,COLEGIO MONSEÑOR BERNARDO SANCHEZ HERMANAS DE NUESTRA SEÑORA DE LA PAZ,BOGOTÁ D.C.,2022,42,58.0,59.0,55.0,55.0,55.0,6.8,56.6,283.0,2037
025981,COLEGIO MONSEÑOR BERNARDO SANCHEZ HERMANAS DE NUESTRA SEÑORA DE LA PAZ,BOGOTÁ D.C.,2023,46,58.0,57.0,55.0,56.0,54.0,9.2,56.3,281.5,2342
025981,COLEGIO MONSEÑOR BERNARDO SANCHEZ HERMANAS DE NUESTRA SEÑORA DE LA PAZ,BOGOTÁ D.C.,2024,21,54.0,55.0,52.0,53.0,54.0,8.6,53.5,267.5,3886
025981,COLEGIO MONSEÑOR BERNARDO SANCHEZ HERMANAS DE NUESTRA SEÑORA DE LA PAZ,BOGOTÁ D.C.,2025,35,58.0,55.0,54.0,54.0,55.0,7.8,55.2,276.0,3124
021238,COL INTEGRAL ERVID,BOGOTÁ D.C.,2020,24,59.0,59.0,58.0,57.0,57.0,10.0,58.2,291.0,1247
021238,COL INTEGRAL ERVID,BOGOTÁ D.C.,2021,23,57.0,52.0,50.0,51.0,60.0,9.0,53.1,265.5,2798
021238,COL INTEGRAL ERVID,BOGOTÁ D.C.,2022,13,61.0,59.0,56.0,57.0,64.0,7.6,58.7,293.5,1521
021238,COL INTEGRAL ERVID,BOGOTÁ D.C.,2023,18,58.0,53.0,52.0,51.0,60.0,8.8,54.0,270.0,3203
021238,COL INTEGRAL ERVID,BOGOTÁ D.C.,2024,25,60.0,56.0,54.0,55.0,61.0,10.6,56.6,283.0,2438
021238,COL INTEGRAL ERVID,BOGOTÁ D.C.,2025,27,60.0,58.0,54.0,54.0,64.0,9.6,57.1,285.5,2416
021618,COL MILIT ANTONIO NARIÑO,BOGOTÁ D.C.,2020,44,60.0,58.0,57.0,56.0,54.0,8.4,57.5,287.5,1429
021618,COL MILIT ANTONIO NARIÑO,BOGOTÁ D.C.,2021,43,57.0,56.0,53.0,54.0,55.0,9.4,55.0,275.0,2116
021618,COL MILIT ANTONIO NARIÑO,BOGOTÁ D.C.,2022,39,58.0,55.0,53.0,54.0,56.0,10.8,55.1,275.5,2589
021618,COL MILIT ANTONIO NARIÑO,BOGOTÁ D.C.,2023,5,56.0,57.0,54.0,52.0,59.0,10.4,55.1,275.5,2759
021618,COL MILIT ANTONIO NARIÑO,BOGOTÁ D.C.,2024,15,58.0,57.0,55.0,53.0,57.0,9.0,55.8,279.0,2732
021618,COL MILIT ANTONIO NARIÑO,BOGOTÁ D.C.,2025,17,58.0,55.0,52.0,54.0,57.0,8.4,54.9,274.5,3312
090993,COL SAN GREGORIO HERNANDEZ,BOGOTÁ D.C.,2020,20,53.0,52.0,48.0,47.0,47.0,8.4,49.8,249.0,4600
090993,COL SAN GREGORIO HERNANDEZ,BOGOTÁ D.C.,2021,13,51.0,51.0,46.0,51.0,53.0,10.0,50.0,250.0,4448
090993,COL SAN GREGORIO HERNANDEZ,BOGOTÁ D.C.,2022,22,56.0,54.0,51.0,53.0,57.0,8.8,53.8,269.0,3089
090993,COL SAN GREGORIO HERNANDEZ,BOGOTÁ D.C.,2023,17,54.0,51.0,48.0,51.0,55.0,9.2,51.3,256.5,4938
090993,COL SAN GREGORIO HERNANDEZ,BOGOTÁ D.C.,2024,12,57.0,54.0,49.0,51.0,52.0,11.6,52.7,263.5,4413
090993,COL SAN GREGORIO HERNANDEZ,BOGOTÁ D.C.,2025,13,56.0,54.0,48.0,54.0,58.0,10.2,53.4,267.0,4079
023986,LICEO NAL MAGDALENA ORTEGA DE NARIÑO,BOGOTÁ D.C.,2020,81,58.0,54.0,55.0,52.0,53.0,9.8,54.6,273.0,2144
023986,LICEO NAL MAGDALENA ORTEGA DE NARIÑO,BOGOTÁ D.C.,2021,66,53.0,49.0,49.0,49.0,53.0,9.2,50.2,251.0,4303
023986,LICEO NAL MAGDALENA ORTEGA DE NARIÑO,BOGOTÁ D.C.,2022,62,57.0,50.0,52.0,51.0,58.0,9.2,52.9,264.5,3592
023986,LICEO NAL MAGDALENA ORTEGA DE NARIÑO,BOGOTÁ D.C.,2023,49,56.0,52.0,51.0,54.0,57.0,9.0,53.5,267.5,3550
023986,LICEO NAL MAGDALENA ORTEGA DE NARIÑO,BOGOTÁ D.C.,2024,54,56.0,49.0,49.0,53.0,56.0,10.2,52.1,260.5,4813
023986,LICEO NAL MAGDALENA ORTEGA DE NARIÑO,BOGOTÁ D.C.,2025,48,56.0,51.0,49.0,54.0,56.0,9.4,52.8,264.0,4428
734269,GIMNASIO SANTA ROCIO,BOGOTÁ D.C.,2020,71,57.0,58.0,54.0,54.0,53.0,9.8,55.5,277.5,1909
734269,GIMNASIO SANTA ROCIO,BOGOTÁ D.C.,2021,78,60.0,58.0,55.0,56.0,60.0,9.6,57.5,287.5,1516
734269,GIMNASIO SANTA ROCIO,BOGOTÁ D.C.,2022,74,59.0,58.0,54.0,55.0,59.0,9.0,56.7,283.5,2037
734269,GIMNASIO SANTA ROCIO,BOGOTÁ D.C.,2023,83,59.0,58.0,53.0,54.0,60.0,8.8,56.3,281.5,2342
734269,GIMNASIO SANTA ROCIO,BOGOTÁ D.C.,2024,80,59.0,60.0,54.0,56.0,62.0,8.6,57.6,288.0,2088
734269,GIMNASIO SANTA ROCIO,BOGOTÁ D.C.,2025,62,59.0,58.0,51.0,54.0,61.0,10.2,55.9,279.5,2887
053819,CEDID SAN PABLO BOSA,BOGOTÁ D.C.,2020,122,55.0,53.0,49.0,50.0,48.0,9.2,51.5,257.5,3630
053819,CEDID SAN PABLO BOSA,BOGOTÁ D.C.,2021,144,54.0,52.0,49.0,51.0,53.0,10.2,51.6,258.0,3478
053819,CEDID SAN PABLO BOSA,BOGOTÁ D.C.,2022,133,53.0,54.0,49.0,51.0,51.0,9.4,51.7,258.5,4254
053819,CEDID SAN PABLO BOSA,BOGOTÁ D.C.,2023,110,55.0,57.0,51.0,54.0,53.0,8.6,54.2,271.0,3101
053819,CEDID SAN PABLO BOSA,BOGOTÁ D.C.,2024,136,56.0,55.0,49.0,53.0,54.0,9.2,53.3,266.5,4012
053819,CEDID SAN PABLO BOSA,BOGOTÁ D.C.,2025,125,56.0,54.0,49.0,53.0,54.0,9.8,53.1,265.5,4310
118059,GIMN GENERACION DEL FUTURO,BOGOTÁ D.C.,2020,44,55.0,53.0,52.0,49.0,54.0,9.2,52.4,262.0,3075
118059,GIMN GENERACION DEL FUTURO,BOGOTÁ D.C.,2021,48,60.0,56.0,56.0,54.0,61.0,9.0,56.8,284.0,1652
118059,GIMN GENERACION DEL FUTURO,BOGOTÁ D.C.,2022,45,58.0,56.0,54.0,53.0,62.0,7.8,55.8,279.0,2287
118059,GIMN GENERACION DEL FUTURO,BOGOTÁ D.C.,2023,33,55.0,52.0,50.0,50.0,57.0,9.6,52.2,261.0,4277
118059,GIMN GENERACION DEL FUTURO,BOGOTÁ D.C.,2024,38,56.0,51.0,51.0,50.0,59.0,7.8,52.5,262.5,4539
118059,GIMN GENERACION DEL FUTURO,BOGOTÁ D.C.,2025,53,57.0,52.0,52.0,53.0,0.0,8.2,49.4,247.0,6695
118059,GIMN GENERACION DEL FUTURO,BOGOTÁ D.C.,2025,52,0.0,0.0,0.0,0.0,59.0,2.4,4.5,22.5,14764
102822,COL TECNOLOGICO DE SUBA,BOGOTÁ D.C.,2020,35,59.0,59.0,58.0,53.0,50.0,8.8,56.7,283.5,1588
102822,COL TECNOLOGICO DE SUBA,BOGOTÁ D.C.,2021,56,57.0,57.0,51.0,53.0,56.0,10.4,54.6,273.0,2249
102822,COL TECNOLOGICO DE SUBA,BOGOTÁ D.C.,2022,48,58.0,58.0,53.0,53.0,0.0,6.8,51.2,256.0,4486
102822,COL TECNOLOGICO DE SUBA,BOGOTÁ D.C.,2022,47,0.0,0.0,0.0,0.0,59.0,2.2,4.5,22.5,14396
102822,COL TECNOLOGICO DE SUBA,BOGOTÁ D.C.,2023,64,59.0,58.0,55.0,55.0,60.0,10.0,57.0,285.0,2056
102822,COL TECNOLOGICO DE SUBA,BOGOTÁ D.C.,2024,52,59.0,57.0,54.0,54.0,59.0,9.2,56.2,281.0,2581
102822,COL TECNOLOGICO DE SUBA,BOGOTÁ D.C.,2025,40,57.0,58.0,53.0,53.0,59.0,10.8,55.5,277.5,3047
021394,COLEGIO ISAAC NEWTON,BOGOTÁ D.C.,2020,29,54.0,53.0,53.0,51.0,47.0,8.4,52.3,261.5,3178
021394,COLEGIO ISAAC NEWTON,BOGOTÁ D.C.,2021,30,57.0,52.0,51.0,51.0,57.0,8.0,53.1,265.5,2798
021394,COLEGIO ISAAC NEWTON,BOGOTÁ D.C.,2022,37,58.0,54.0,54.0,54.0,58.0,7.8,55.2,276.0,2495
021394,COLEGIO ISAAC NEWTON,BOGOTÁ D.C.,2023,26,53.0,52.0,48.0,51.0,55.0,8.8,51.3,256.5,4938
021394,COLEGIO ISAAC NEWTON,BOGOTÁ D.C.,2024,29,58.0,55.0,51.0,52.0,56.0,7.8,54.2,271.0,3449
021394,COLEGIO ISAAC NEWTON,BOGOTÁ D.C.,2025,33,57.0,56.0,50.0,53.0,54.0,10.2,54.0,270.0,3735
091256,INSTITUTO ACADEMICO LA PORTADA,BOGOTÁ D.C.,2020,30,49.0,48.0,45.0,48.0,45.0,9.2,47.3,236.5,6628
091256,INSTITUTO ACADEMICO LA PORTADA,BOGOTÁ D.C.,2021,25,56.0,53.0,50.0,52.0,55.0,9.2,52.9,264.5,2906
091256,INSTITUTO ACADEMICO LA PORTADA,BOGOTÁ D.C.,2022,19,55.0,51.0,50.0,49.0,50.0,9.0,51.2,256.0,4486
091256,INSTITUTO ACADEMICO LA PORTADA,BOGOTÁ D.C.,2023,21,56.0,54.0,50.0,53.0,49.0,9.0,52.9,264.5,3891
091256,INSTITUTO ACADEMICO LA PORTADA,BOGOTÁ D.C.,2024,14,53.0,54.0,47.0,52.0,58.0,9.6,52.0,260.0,4813
091256,INSTITUTO ACADEMICO LA PORTADA,BOGOTÁ D.C.,2025,11,57.0,56.0,52.0,53.0,58.0,9.4,54.8,274.0,3312
085530,GIMNASIO CACERES,BOGOTÁ D.C.,2020,38,53.0,52.0,51.0,46.0,48.0,8.0,50.3,251.5,4329
085530,GIMNASIO CACERES,BOGOTÁ D.C.,2021,31,54.0,48.0,48.0,49.0,53.0,9.6,50.0,250.0,4448
085530,GIMNASIO CACERES,BOGOTÁ D.C.,2022,33,51.0,46.0,45.0,45.0,50.0,9.2,47.0,235.0,7420
085530,GIMNASIO CACERES,BOGOTÁ D.C.,2023,35,50.0,48.0,45.0,49.0,50.0,8.6,48.2,241.0,7120
085530,GIMNASIO CACERES,BOGOTÁ D.C.,2024,35,52.0,51.0,46.0,49.0,53.0,9.4,49.8,249.0,6319
085530,GIMNASIO CACERES,BOGOTÁ D.C.,2025,32,59.0,53.0,50.0,53.0,56.0,9.4,53.9,269.5,3853
145391,CENT EDUC DIST EL JAZMIN,BOGOTÁ D.C.,2020,59,52.0,52.0,49.0,48.0,47.0,9.0,50.0,250.0,4470
145391,CENT EDUC DIST EL JAZMIN,BOGOTÁ D.C.,2021,55,54.0,51.0,49.0,48.0,50.0,9.4,50.5,252.5,4180
145391,CENT EDUC DIST EL JAZMIN,BOGOTÁ D.C.,2022,53,58.0,53.0,52.0,53.0,55.0,9.4,54.1,270.5,3003
145391,CENT EDUC DIST EL JAZMIN,BOGOTÁ D.C.,2023,83,57.0,56.0,54.0,52.0,56.0,10.2,54.8,274.0,2835
145391,CENT EDUC DIST EL JAZMIN,BOGOTÁ D.C.,2024,61,56.0,54.0,50.0,51.0,55.0,9.8,52.9,264.5,4262
145391,CENT EDUC DIST EL JAZMIN,BOGOTÁ D.C.,2025,73,56.0,55.0,52.0,53.0,56.0,10.2,54.2,271.0,3610
134981,COLEGIO CIUDAD DE FOMEQUE,BOGOTÁ D.C.,2020,15,54.0,55.0,53.0,51.0,44.0,7.8,52.5,262.5,3075
134981,COLEGIO CIUDAD DE FOMEQUE,BOGOTÁ D.C.,2021,12,57.0,56.0,52.0,52.0,54.0,10.8,54.2,271.0,2374
134981,COLEGIO CIUDAD DE FOMEQUE,BOGOTÁ D.C.,2022,16,60.0,54.0,54.0,52.0,57.0,8.8,55.2,276.0,2495
134981,COLEGIO CIUDAD DE FOMEQUE,BOGOTÁ D.C.,2023,16,56.0,55.0,49.0,52.0,53.0,8.6,53.0,265.0,3776
134981,COLEGIO CIUDAD DE FOMEQUE,BOGOTÁ D.C.,2024,17,57.0,54.0,51.0,50.0,55.0,10.6,53.2,266.0,4012
134981,COLEGIO CIUDAD DE FOMEQUE,BOGOTÁ D.C.,2025,18,57.0,53.0,52.0,53.0,58.0,7.4,54.1,270.5,3735
138891,COL GENERAL GUSTAVO ROJAS PINILLA,BOGOTÁ D.C.,2020,100,55.0,54.0,52.0,51.0,50.0,9.0,52.8,264.0,2872
138891,COL GENERAL GUSTAVO ROJAS PINILLA,BOGOTÁ D.C.,2021,88,58.0,55.0,53.0,53.0,56.0,9.8,54.8,274.0,2185
138891,COL GENERAL GUSTAVO ROJAS PINILLA,BOGOTÁ D.C.,2022,126,58.0,56.0,53.0,53.0,55.0,10.0,55.0,275.0,2589
138891,COL GENERAL GUSTAVO ROJAS PINILLA,BOGOTÁ D.C.,2023,94,59.0,58.0,56.0,55.0,58.0,10.2,57.1,285.5,2056
138891,COL GENERAL GUSTAVO ROJAS PINILLA,BOGOTÁ D.C.,2024,109,59.0,57.0,54.0,55.0,56.0,9.4,56.2,281.0,2581
138891,COL GENERAL GUSTAVO ROJAS PINILLA,BOGOTÁ D.C.,2025,206,57.0,55.0,51.0,53.0,56.0,11.0,54.2,271.0,3610
025288,COLEGIO PARROQUIAL SAN ANDRES APOSTOL,BOGOTÁ D.C.,2020,52,55.0,55.0,51.0,53.0,52.0,8.8,53.4,267.0,2591
025288,COLEGIO PARROQUIAL SAN ANDRES APOSTOL,BOGOTÁ D.C.,2021,49,60.0,58.0,54.0,56.0,60.0,10.0,57.2,286.0,1563
025288,COLEGIO PARROQUIAL SAN ANDRES APOSTOL,BOGOTÁ D.C.,2022,42,57.0,55.0,53.0,52.0,59.0,9.0,54.6,273.0,2746
025288,COLEGIO PARROQUIAL SAN ANDRES APOSTOL,BOGOTÁ D.C.,2023,54,58.0,55.0,53.0,54.0,58.0,9.0,55.2,276.0,2696
025288,COLEGIO PARROQUIAL SAN ANDRES APOSTOL,BOGOTÁ D.C.,2024,42,60.0,57.0,55.0,56.0,59.0,9.0,57.2,286.0,2211
025288,COLEGIO PARROQUIAL SAN ANDRES APOSTOL,BOGOTÁ D.C.,2025,54,58.0,57.0,53.0,53.0,59.0,10.0,55.5,277.5,3047
073882,LIC MODERNO WALT WHITMAN,BOGOTÁ D.C.,2020,91,53.0,51.0,48.0,49.0,48.0,9.4,50.1,250.5,4470
073882,LIC MODERNO WALT WHITMAN,BOGOTÁ D.C.,2021,57,56.0,52.0,49.0,51.0,55.0,10.0,52.2,261.0,3173
073882,LIC MODERNO WALT WHITMAN,BOGOTÁ D.C.,2022,89,56.0,55.0,53.0,54.0,58.0,10.6,54.8,274.0,2662
073882,LIC MODERNO WALT WHITMAN,BOGOTÁ D.C.,2023,70,57.0,53.0,52.0,53.0,58.0,9.0,54.1,270.5,3203
073882,LIC MODERNO WALT WHITMAN,BOGOTÁ D.C.,2024,75,58.0,54.0,54.0,55.0,60.0,9.6,55.6,278.0,2806
073882,LIC MODERNO WALT WHITMAN,BOGOTÁ D.C.,2025,77,60.0,54.0,53.0,53.0,59.0,9.2,55.3,276.5,3124
122234,COLEGIO REPUBLICA DOMINICANA (IED) - SEDE PRINCIPAL,BOGOTÁ D.C.,2020,76,56.0,54.0,52.0,51.0,51.0,11.2,53.1,265.5,2787
122234,COLEGIO REPUBLICA DOMINICANA (IED) - SEDE PRINCIPAL,BOGOTÁ D.C.,2021,130,55.0,50.0,48.0,49.0,51.0,9.4,50.5,252.5,4180
122234,COLEGIO REPUBLICA DOMINICANA (IED) - SEDE PRINCIPAL,BOGOTÁ D.C.,2022,108,55.0,51.0,49.0,50.0,51.0,8.6,51.2,256.0,4486
122234,COLEGIO REPUBLICA DOMINICANA (IED) - SEDE PRINCIPAL,BOGOTÁ D.C.,2023,104,55.0,49.0,49.0,50.0,53.0,9.0,50.9,254.5,5222
122234,COLEGIO REPUBLICA DOMINICANA (IED) - SEDE PRINCIPAL,BOGOTÁ D.C.,2024,137,56.0,54.0,50.0,50.0,55.0,9.8,52.7,263.5,4413
122234,COLEGIO REPUBLICA DOMINICANA (IED) - SEDE PRINCIPAL,BOGOTÁ D.C.,2025,73,57.0,55.0,50.0,53.0,58.0,10.8,54.1,270.5,3735
603761,COLEGIO FRANCISCO I,BOGOTÁ D.C.,2020,30,58.0,59.0,56.0,55.0,53.0,9.8,56.7,283.5,1588
603761,COLEGIO FRANCISCO I,BOGOTÁ D.C.,2021,24,57.0,55.0,52.0,53.0,56.0,8.6,54.4,272.0,2303
603761,COLEGIO FRANCISCO I,BOGOTÁ D.C.,2022,19,58.0,53.0,54.0,53.0,59.0,9.4,54.8,274.0,2662
603761,COLEGIO FRANCISCO I,BOGOTÁ D.C.,2023,47,61.0,56.0,56.0,56.0,61.0,8.4,57.5,287.5,1937
603761,COLEGIO FRANCISCO I,BOGOTÁ D.C.,2024,34,59.0,54.0,56.0,55.0,60.0,9.8,56.3,281.5,2581
603761,COLEGIO FRANCISCO I,BOGOTÁ D.C.,2025,38,57.0,54.0,52.0,53.0,58.0,10.2,54.3,271.5,3610
661033,SEDE C,BOGOTÁ D.C.,2022,35,54.0,51.0,49.0,51.0,54.0,10.6,51.5,257.5,4379
661033,SEDE C,BOGOTÁ D.C.,2023,48,54.0,51.0,49.0,49.0,54.0,10.2,51.0,255.0,5082
661033,SEDE C,BOGOTÁ D.C.,2024,30,57.0,51.0,51.0,52.0,53.0,11.2,52.8,264.0,4262
661033,SEDE C,BOGOTÁ D.C.,2025,26,56.0,55.0,50.0,53.0,54.0,8.6,53.5,267.5,4079
213108,INST NAL DE CULTURA POPULAR,BOGOTÁ D.C.,2020,95,54.0,52.0,51.0,51.0,50.0,8.6,51.8,259.0,3398
213108,INST NAL DE CULTURA POPULAR,BOGOTÁ D.C.,2021,86,58.0,53.0,52.0,50.0,53.0,9.0,53.2,266.0,2723
213108,INST NAL DE CULTURA POPULAR,BOGOTÁ D.C.,2022,79,58.0,54.0,54.0,52.0,55.0,8.8,54.5,272.5,2824
213108,INST NAL DE CULTURA POPULAR,BOGOTÁ D.C.,2023,85,57.0,55.0,50.0,50.0,55.0,9.0,53.2,266.0,3670
213108,INST NAL DE CULTURA POPULAR,BOGOTÁ D.C.,2024,94,58.0,56.0,51.0,53.0,57.0,9.2,54.7,273.5,3266
213108,INST NAL DE CULTURA POPULAR,BOGOTÁ D.C.,2025,80,58.0,55.0,51.0,53.0,56.0,10.4,54.4,272.0,3504
708545,COL DIST JOSE FELIX RESTREPO,BOGOTÁ D.C.,2020,82,56.0,54.0,52.0,52.0,49.0,8.8,53.2,266.0,2679
708545,COL DIST JOSE FELIX RESTREPO,BOGOTÁ D.C.,2021,106,55.0,52.0,49.0,50.0,50.0,9.8,51.4,257.0,3586
708545,COL DIST JOSE FELIX RESTREPO,BOGOTÁ D.C.,2022,91,55.0,52.0,49.0,51.0,52.0,9.2,51.8,259.0,4132
708545,COL DIST JOSE FELIX RESTREPO,BOGOTÁ D.C.,2023,91,58.0,54.0,52.0,54.0,53.0,8.6,54.4,272.0,3013
708545,COL DIST JOSE FELIX RESTREPO,BOGOTÁ D.C.,2024,114,59.0,54.0,55.0,54.0,56.0,9.6,55.5,277.5,2888
708545,COL DIST JOSE FELIX RESTREPO,BOGOTÁ D.C.,2025,143,58.0,55.0,53.0,53.0,56.0,9.6,54.8,274.0,3312
738567,COLEGIO COFRATERNIDAD DE SAN FERNANDO,BOGOTÁ D.C.,2020,42,54.0,53.0,50.0,51.0,48.0,9.0,51.7,258.5,3519
738567,COLEGIO COFRATERNIDAD DE SAN FERNANDO,BOGOTÁ D.C.,2021,73,53.0,51.0,48.0,49.0,49.0,9.0,50.2,251.0,4303
738567,COLEGIO COFRATERNIDAD DE SAN FERNANDO,BOGOTÁ D.C.,2022,53,59.0,59.0,55.0,55.0,55.0,8.6,56.8,284.0,1986
738567,COLEGIO COFRATERNIDAD DE SAN FERNANDO,BOGOTÁ D.C.,2024,37,58.0,55.0,51.0,52.0,56.0,10.2,54.2,271.0,3449
738567,COLEGIO COFRATERNIDAD DE SAN FERNANDO,BOGOTÁ D.C.,2025,47,57.0,57.0,51.0,53.0,56.0,9.6,54.6,273.0,3400
730044,COL TRIANGULO KENNEDY,BOGOTÁ D.C.,2020,8,50.0,44.0,44.0,45.0,42.0,8.8,45.5,227.5,8016
730044,COL TRIANGULO KENNEDY,BOGOTÁ D.C.,2021,12,46.0,45.0,37.0,41.0,45.0,6.6,42.5,212.5,10114
730044,COL TRIANGULO KENNEDY,BOGOTÁ D.C.,2022,11,53.0,50.0,51.0,49.0,51.0,8.4,50.8,254.0,4769
730044,COL TRIANGULO KENNEDY,BOGOTÁ D.C.,2023,13,54.0,52.0,49.0,50.0,51.0,11.2,51.2,256.0,4938
730044,COL TRIANGULO KENNEDY,BOGOTÁ D.C.,2024,16,53.0,51.0,48.0,50.0,54.0,10.6,50.8,254.0,5600
730044,COL TRIANGULO KENNEDY,BOGOTÁ D.C.,2025,9,54.0,53.0,45.0,53.0,53.0,9.6,51.4,257.0,5365
821298,CENT EDUC DIST ALEJANDRO OBREGON,BOGOTÁ D.C.,2025,83,57.0,55.0,51.0,53.0,58.0,10.6,54.3,271.5,3610
127951,COL PSICOPEDAG EL ARTE DEL SABER,BOGOTÁ D.C.,2020,21,59.0,56.0,53.0,53.0,53.0,9.6,55.1,275.5,2017
127951,COL PSICOPEDAG EL ARTE DEL SABER,BOGOTÁ D.C.,2021,24,57.0,54.0,52.0,52.0,55.0,8.8,53.8,269.0,2513
127951,COL PSICOPEDAG EL ARTE DEL SABER,BOGOTÁ D.C.,2022,26,60.0,54.0,53.0,52.0,59.0,8.8,55.1,275.5,2589
127951,COL PSICOPEDAG EL ARTE DEL SABER,BOGOTÁ D.C.,2023,27,58.0,54.0,52.0,54.0,56.0,10.0,54.6,273.0,2917
127951,COL PSICOPEDAG EL ARTE DEL SABER,BOGOTÁ D.C.,2024,30,58.0,55.0,52.0,52.0,55.0,8.4,54.3,271.5,3449
127951,COL PSICOPEDAG EL ARTE DEL SABER,BOGOTÁ D.C.,2025,26,57.0,56.0,52.0,53.0,60.0,8.2,54.9,274.5,3312
027375,COL DIST REP DE COSTA RICA,BOGOTÁ D.C.,2020,79,54.0,53.0,49.0,50.0,47.0,8.8,51.2,256.0,3726
027375,COL DIST REP DE COSTA RICA,BOGOTÁ D.C.,2021,71,56.0,55.0,49.0,50.0,52.0,9.4,52.5,262.5,3083
027375,COL DIST REP DE COSTA RICA,BOGOTÁ D.C.,2022,65,57.0,56.0,53.0,53.0,56.0,10.0,54.8,274.0,2662
027375,COL DIST REP DE COSTA RICA,BOGOTÁ D.C.,2023,86,56.0,53.0,50.0,51.0,54.0,10.4,52.6,263.0,4004
027375,COL DIST REP DE COSTA RICA,BOGOTÁ D.C.,2024,102,57.0,55.0,52.0,53.0,55.0,10.4,54.3,271.5,3449
027375,COL DIST REP DE COSTA RICA,BOGOTÁ D.C.,2025,88,56.0,55.0,50.0,53.0,56.0,9.2,53.7,268.5,3966
137885,SALUDCOOP NORTE (INST EDUC DIST),BOGOTÁ D.C.,2020,57,55.0,53.0,53.0,50.0,50.0,9.0,52.5,262.5,3075
137885,SALUDCOOP NORTE (INST EDUC DIST),BOGOTÁ D.C.,2021,63,57.0,51.0,52.0,50.0,53.0,9.8,52.5,262.5,3083
137885,SALUDCOOP NORTE (INST EDUC DIST),BOGOTÁ D.C.,2022,64,54.0,51.0,50.0,50.0,53.0,9.6,51.4,257.0,4379
137885,SALUDCOOP NORTE (INST EDUC DIST),BOGOTÁ D.C.,2023,60,53.0,51.0,51.0,49.0,52.0,10.0,51.1,255.5,5082
137885,SALUDCOOP NORTE (INST EDUC DIST),BOGOTÁ D.C.,2024,69,55.0,52.0,51.0,51.0,54.0,9.8,52.4,262.0,4539
137885,SALUDCOOP NORTE (INST EDUC DIST),BOGOTÁ D.C.,2025,78,57.0,55.0,52.0,53.0,56.0,10.6,54.4,272.0,3504
066928,LIC SAN BERNARDO,BOGOTÁ D.C.,2020,26,55.0,52.0,51.0,50.0,52.0,9.6,52.0,260.0,3291
066928,LIC SAN BERNARDO,BOGOTÁ D.C.,2021,30,55.0,52.0,49.0,50.0,57.0,8.2,51.9,259.5,3375
066928,LIC SAN BERNARDO,BOGOTÁ D.C.,2022,22,59.0,52.0,54.0,55.0,63.0,10.8,55.6,278.0,2348
066928,LIC SAN BERNARDO,BOGOTÁ D.C.,2023,29,60.0,57.0,55.0,55.0,64.0,8.2,57.3,286.5,1999
066928,LIC SAN BERNARDO,BOGOTÁ D.C.,2024,36,60.0,57.0,58.0,56.0,61.0,8.0,58.0,290.0,1955
066928,LIC SAN BERNARDO,BOGOTÁ D.C.,2025,31,59.0,55.0,52.0,53.0,62.0,10.6,55.3,276.5,3124
112904,CENT EDUC DIST ISABEL II,BOGOTÁ D.C.,2020,79,52.0,53.0,47.0,47.0,46.0,8.4,49.5,247.5,4883
112904,CENT EDUC DIST ISABEL II,BOGOTÁ D.C.,2021,56,55.0,52.0,49.0,52.0,52.0,9.0,52.0,260.0,3274
112904,CENT EDUC DIST ISABEL II,BOGOTÁ D.C.,2022,61,54.0,51.0,48.0,49.0,50.0,10.2,50.5,252.5,5035
112904,CENT EDUC DIST ISABEL II,BOGOTÁ D.C.,2023,48,56.0,55.0,52.0,53.0,55.0,10.4,54.1,270.5,3203
112904,CENT EDUC DIST ISABEL II,BOGOTÁ D.C.,2024,70,52.0,52.0,46.0,49.0,50.0,10.2,49.8,249.0,6319
112904,CENT EDUC DIST ISABEL II,BOGOTÁ D.C.,2025,33,53.0,55.0,48.0,53.0,53.0,9.0,52.3,261.5,4808
069799,COLEGIO CIUDAD BOLIVAR,BOGOTÁ D.C.,2023,13,53.0,51.0,49.0,51.0,54.0,10.2,51.2,256.0,4938
069799,COLEGIO CIUDAD BOLIVAR,BOGOTÁ D.C.,2024,22,58.0,55.0,53.0,53.0,57.0,9.0,54.9,274.5,3172
069799,COLEGIO CIUDAD BOLIVAR,BOGOTÁ D.C.,2025,14,56.0,54.0,49.0,53.0,60.0,8.4,53.5,267.5,4079
118380,LICEO EL CASTILLO,BOGOTÁ D.C.,2020,10,58.0,58.0,57.0,58.0,61.0,6.2,58.0,290.0,1288
118380,LICEO EL CASTILLO,BOGOTÁ D.C.,2021,7,52.0,54.0,52.0,51.0,57.0,8.4,52.6,263.0,2989
118380,LICEO EL CASTILLO,BOGOTÁ D.C.,2022,16,52.0,49.0,48.0,50.0,55.0,12.4,50.2,251.0,5167
118380,LICEO EL CASTILLO,BOGOTÁ D.C.,2023,8,56.0,48.0,48.0,48.0,58.0,8.8,50.6,253.0,5365
118380,LICEO EL CASTILLO,BOGOTÁ D.C.,2024,11,59.0,58.0,54.0,54.0,60.0,8.4,56.5,282.5,2513
118380,LICEO EL CASTILLO,BOGOTÁ D.C.,2025,15,56.0,55.0,53.0,53.0,59.0,11.2,54.6,273.0,3400
087866,CENT EDUC DIST BRASILIA - BOSA,BOGOTÁ D.C.,2020,111,55.0,53.0,50.0,51.0,46.0,8.8,51.8,259.0,3398
087866,CENT EDUC DIST BRASILIA - BOSA,BOGOTÁ D.C.,2021,120,56.0,53.0,50.0,51.0,52.0,9.4,52.5,262.5,3083
087866,CENT EDUC DIST BRASILIA - BOSA,BOGOTÁ D.C.,2022,115,55.0,54.0,50.0,52.0,52.0,9.8,52.7,263.5,3692
087866,CENT EDUC DIST BRASILIA - BOSA,BOGOTÁ D.C.,2023,108,57.0,57.0,53.0,53.0,53.0,8.8,54.8,274.0,2835
087866,CENT EDUC DIST BRASILIA - BOSA,BOGOTÁ D.C.,2024,106,56.0,56.0,52.0,53.0,55.0,8.8,54.3,271.5,3449
087866,CENT EDUC DIST BRASILIA - BOSA,BOGOTÁ D.C.,2025,126,57.0,55.0,52.0,53.0,53.0,10.2,54.2,271.0,3610
046839,COL DIST DE USME,BOGOTÁ D.C.,2020,56,52.0,53.0,48.0,49.0,45.0,8.0,50.1,250.5,4470
046839,COL DIST DE USME,BOGOTÁ D.C.,2021,47,49.0,46.0,42.0,45.0,45.0,7.8,45.5,227.5,7846
046839,COL DIST DE USME,BOGOTÁ D.C.,2022,47,53.0,51.0,48.0,50.0,50.0,10.2,50.5,252.5,5035
046839,COL DIST DE USME,BOGOTÁ D.C.,2023,52,55.0,52.0,49.0,51.0,49.0,9.4,51.5,257.5,4796
046839,COL DIST DE USME,BOGOTÁ D.C.,2024,58,55.0,52.0,49.0,51.0,50.0,8.8,51.6,258.0,5086
046839,COL DIST DE USME,BOGOTÁ D.C.,2025,38,58.0,56.0,51.0,53.0,52.0,9.0,54.3,271.5,3610
664961,CENT EDUC DIST REINO DE HOLANDA,BOGOTÁ D.C.,2020,84,54.0,55.0,48.0,49.0,47.0,9.4,51.2,256.0,3726
664961,CENT EDUC DIST REINO DE HOLANDA,BOGOTÁ D.C.,2021,102,52.0,51.0,47.0,49.0,49.0,9.8,49.7,248.5,4675
664961,CENT EDUC DIST REINO DE HOLANDA,BOGOTÁ D.C.,2022,113,57.0,55.0,51.0,51.0,53.0,9.6,53.5,267.5,3280
664961,CENT EDUC DIST REINO DE HOLANDA,BOGOTÁ D.C.,2023,88,57.0,56.0,52.0,53.0,55.0,9.0,54.5,272.5,3013
664961,CENT EDUC DIST REINO DE HOLANDA,BOGOTÁ D.C.,2024,117,55.0,56.0,50.0,52.0,52.0,8.6,53.2,266.0,4012
664961,CENT EDUC DIST REINO DE HOLANDA,BOGOTÁ D.C.,2025,97,56.0,58.0,50.0,53.0,0.0,8.8,50.1,250.5,6304
664961,CENT EDUC DIST REINO DE HOLANDA,BOGOTÁ D.C.,2025,96,0.0,0.0,0.0,0.0,55.0,2.2,4.2,21.0,14764
732107,COLEGIO BRITANICO,BOGOTÁ D.C.,2020,2,55.0,55.0,46.0,54.0,45.0,6.2,51.9,259.5,3398
732107,COLEGIO BRITANICO,BOGOTÁ D.C.,2021,8,54.0,50.0,48.0,48.0,48.0,12.4,49.8,249.0,4556
732107,COLEGIO BRITANICO,BOGOTÁ D.C.,2022,2,54.0,50.0,46.0,39.0,43.0,5.8,46.9,234.5,7555
732107,COLEGIO BRITANICO,BOGOTÁ D.C.,2023,14,52.0,48.0,45.0,49.0,51.0,9.0,48.7,243.5,6816
732107,COLEGIO BRITANICO,BOGOTÁ D.C.,2024,15,53.0,50.0,45.0,50.0,51.0,8.8,49.6,248.0,6451
732107,COLEGIO BRITANICO,BOGOTÁ D.C.,2025,25,56.0,54.0,48.0,53.0,55.0,11.4,52.9,264.5,4428
820332,COLEGIO TERESA MARTINEZ DE VARELA (IED) - SEDE PRINCIPAL,BOGOTÁ D.C.,2025,115,57.0,57.0,51.0,53.0,57.0,9.8,54.7,273.5,3400
023440,INST TEC IND PILOTO,BOGOTÁ D.C.,2020,99,54.0,55.0,51.0,50.0,47.0,9.0,52.1,260.5,3291
023440,INST TEC IND PILOTO,BOGOTÁ D.C.,2021,85,55.0,53.0,49.0,50.0,53.0,9.2,51.8,259.0,3375
023440,INST TEC IND PILOTO,BOGOTÁ D.C.,2022,57,57.0,56.0,53.0,52.0,54.0,8.8,54.5,272.5,2824
023440,INST TEC IND PILOTO,BOGOTÁ D.C.,2023,104,57.0,56.0,53.0,54.0,56.0,9.2,55.1,275.5,2759
023440,INST TEC IND PILOTO,BOGOTÁ D.C.,2024,100,58.0,57.0,56.0,54.0,56.0,8.4,56.2,281.0,2581
023440,INST TEC IND PILOTO,BOGOTÁ D.C.,2025,104,56.0,53.0,52.0,53.0,55.0,9.0,53.6,268.0,3966
020636,COL DEPT SILVERIA ESPINOSA DE RENDON,BOGOTÁ D.C.,2025,1,63.0,55.0,64.0,53.0,60.0,0.0,58.8,294.0,1840
131417,INSTITUTO SUSANA WESLEY,BOGOTÁ D.C.,2020,17,59.0,61.0,57.0,52.0,50.0,11.6,56.7,283.5,1588
131417,INSTITUTO SUSANA WESLEY,BOGOTÁ D.C.,2021,26,54.0,55.0,50.0,52.0,51.0,8.0,52.6,263.0,2989
131417,INSTITUTO SUSANA WESLEY,BOGOTÁ D.C.,2022,40,55.0,53.0,52.0,52.0,52.0,8.8,52.9,264.5,3592
131417,INSTITUTO SUSANA WESLEY,BOGOTÁ D.C.,2023,32,54.0,54.0,52.0,53.0,54.0,8.6,53.3,266.5,3670
131417,INSTITUTO SUSANA WESLEY,BOGOTÁ D.C.,2024,20,57.0,54.0,50.0,51.0,53.0,10.2,53.0,265.0,4147
131417,INSTITUTO SUSANA WESLEY,BOGOTÁ D.C.,2025,26,58.0,59.0,54.0,53.0,54.0,9.4,55.8,279.0,2887
073031,CENT EDUC DIST INST TEC INTERNACIONAL,BOGOTÁ D.C.,2020,86,54.0,55.0,53.0,53.0,49.0,10.4,53.4,267.0,2591
073031,CENT EDUC DIST INST TEC INTERNACIONAL,BOGOTÁ D.C.,2021,97,54.0,53.0,49.0,51.0,50.0,8.4,51.6,258.0,3478
073031,CENT EDUC DIST INST TEC INTERNACIONAL,BOGOTÁ D.C.,2022,107,55.0,55.0,49.0,51.0,53.0,9.2,52.5,262.5,3812
073031,CENT EDUC DIST INST TEC INTERNACIONAL,BOGOTÁ D.C.,2023,91,57.0,57.0,52.0,53.0,55.0,8.8,54.8,274.0,2835
073031,CENT EDUC DIST INST TEC INTERNACIONAL,BOGOTÁ D.C.,2024,119,55.0,55.0,49.0,51.0,54.0,9.0,52.6,263.0,4413
073031,CENT EDUC DIST INST TEC INTERNACIONAL,BOGOTÁ D.C.,2025,117,55.0,57.0,50.0,53.0,54.0,10.0,53.8,269.0,3853
023960,LICEO NAL EDUC BAS Y MEDIA ANTONIA SANTOS,BOGOTÁ D.C.,2020,50,54.0,55.0,50.0,51.0,47.0,8.8,52.1,260.5,3291
023960,LICEO NAL EDUC BAS Y MEDIA ANTONIA SANTOS,BOGOTÁ D.C.,2021,39,55.0,51.0,50.0,50.0,53.0,9.0,51.6,258.0,3478
023960,LICEO NAL EDUC BAS Y MEDIA ANTONIA SANTOS,BOGOTÁ D.C.,2022,66,54.0,55.0,50.0,52.0,53.0,9.4,52.8,264.0,3592
023960,LICEO NAL EDUC BAS Y MEDIA ANTONIA SANTOS,BOGOTÁ D.C.,2023,89,51.0,51.0,47.0,49.0,51.0,9.4,49.6,248.0,6063
023960,LICEO NAL EDUC BAS Y MEDIA ANTONIA SANTOS,BOGOTÁ D.C.,2024,71,57.0,57.0,53.0,54.0,55.0,9.2,55.2,276.0,2977
023960,LICEO NAL EDUC BAS Y MEDIA ANTONIA SANTOS,BOGOTÁ D.C.,2025,61,57.0,57.0,51.0,53.0,0.0,7.0,50.3,251.5,6168
023960,LICEO NAL EDUC BAS Y MEDIA ANTONIA SANTOS,BOGOTÁ D.C.,2025,60,0.0,0.0,0.0,0.0,53.0,2.0,4.1,20.5,14764
135087,FUNDACION COLEGIO PRINCIPIO DE SABIDURIA,BOGOTÁ D.C.,2020,4,59.0,59.0,58.0,53.0,63.0,12.8,57.7,288.5,1389
135087,FUNDACION COLEGIO PRINCIPIO DE SABIDURIA,BOGOTÁ D.C.,2021,7,52.0,51.0,46.0,46.0,52.0,8.0,49.0,245.0,5101
135087,FUNDACION COLEGIO PRINCIPIO DE SABIDURIA,BOGOTÁ D.C.,2022,6,49.0,46.0,46.0,41.0,49.0,8.0,45.8,229.0,8295
135087,FUNDACION COLEGIO PRINCIPIO DE SABIDURIA,BOGOTÁ D.C.,2023,8,53.0,51.0,49.0,50.0,47.0,11.4,50.5,252.5,5515
135087,FUNDACION COLEGIO PRINCIPIO DE SABIDURIA,BOGOTÁ D.C.,2024,5,55.0,57.0,51.0,54.0,55.0,13.0,54.3,271.5,3449
135087,FUNDACION COLEGIO PRINCIPIO DE SABIDURIA,BOGOTÁ D.C.,2025,6,55.0,59.0,50.0,53.0,51.0,7.4,54.0,270.0,3735
045385,COLEGIO LAS AMERICAS IED - SEDE PRINCIPAL,BOGOTÁ D.C.,2020,57,52.0,50.0,49.0,48.0,46.0,8.4,49.5,247.5,4883
045385,COLEGIO LAS AMERICAS IED - SEDE PRINCIPAL,BOGOTÁ D.C.,2021,53,55.0,49.0,47.0,48.0,50.0,9.2,49.8,249.0,4556
045385,COLEGIO LAS AMERICAS IED - SEDE PRINCIPAL,BOGOTÁ D.C.,2022,46,53.0,52.0,48.0,51.0,51.0,8.4,51.0,255.0,4637
045385,COLEGIO LAS AMERICAS IED - SEDE PRINCIPAL,BOGOTÁ D.C.,2023,48,52.0,50.0,49.0,51.0,50.0,9.4,50.5,252.5,5515
045385,COLEGIO LAS AMERICAS IED - SEDE PRINCIPAL,BOGOTÁ D.C.,2024,50,53.0,50.0,48.0,52.0,51.0,10.6,50.8,254.0,5600
045385,COLEGIO LAS AMERICAS IED - SEDE PRINCIPAL,BOGOTÁ D.C.,2025,50,55.0,54.0,50.0,53.0,53.0,10.0,53.0,265.0,4310
090852,CENT EDUC DIST LA CHUCUA,BOGOTÁ D.C.,2020,56,56.0,55.0,54.0,51.0,49.0,9.2,53.6,268.0,2515
090852,CENT EDUC DIST LA CHUCUA,BOGOTÁ D.C.,2021,58,55.0,51.0,50.0,50.0,53.0,8.8,51.6,258.0,3478
090852,CENT EDUC DIST LA CHUCUA,BOGOTÁ D.C.,2022,51,55.0,53.0,51.0,52.0,54.0,9.6,52.8,264.0,3592
090852,CENT EDUC DIST LA CHUCUA,BOGOTÁ D.C.,2023,47,54.0,53.0,50.0,49.0,53.0,8.6,51.6,258.0,4681
090852,CENT EDUC DIST LA CHUCUA,BOGOTÁ D.C.,2024,53,57.0,56.0,54.0,52.0,57.0,9.2,54.9,274.5,3172
090852,CENT EDUC DIST LA CHUCUA,BOGOTÁ D.C.,2025,51,55.0,56.0,52.0,53.0,57.0,11.6,54.2,271.0,3610
157529,CENT EDUC DIST EL RODEO,BOGOTÁ D.C.,2020,40,55.0,54.0,51.0,51.0,48.0,8.0,52.4,262.0,3075
157529,CENT EDUC DIST EL RODEO,BOGOTÁ D.C.,2021,35,57.0,52.0,51.0,50.0,52.0,9.0,52.5,262.5,3083
157529,CENT EDUC DIST EL RODEO,BOGOTÁ D.C.,2022,32,54.0,51.0,50.0,49.0,51.0,9.6,51.0,255.0,4637
157529,CENT EDUC DIST EL RODEO,BOGOTÁ D.C.,2023,34,54.0,54.0,52.0,53.0,55.0,8.2,53.4,267.0,3550
157529,CENT EDUC DIST EL RODEO,BOGOTÁ D.C.,2024,38,54.0,54.0,51.0,51.0,52.0,8.8,52.5,262.5,4539
157529,CENT EDUC DIST EL RODEO,BOGOTÁ D.C.,2025,34,56.0,56.0,51.0,53.0,56.0,9.4,54.2,271.0,3610
157545,CENT EDUC DIST EL RODEO,BOGOTÁ D.C.,2020,36,55.0,54.0,53.0,52.0,46.0,9.4,52.9,264.5,2872
157545,CENT EDUC DIST EL RODEO,BOGOTÁ D.C.,2021,29,56.0,52.0,51.0,53.0,52.0,7.8,52.9,264.5,2906
157545,CENT EDUC DIST EL RODEO,BOGOTÁ D.C.,2022,35,56.0,55.0,53.0,53.0,53.0,8.2,54.2,271.0,2904
157545,CENT EDUC DIST EL RODEO,BOGOTÁ D.C.,2023,29,54.0,54.0,51.0,53.0,53.0,7.6,53.0,265.0,3776
157545,CENT EDUC DIST EL RODEO,BOGOTÁ D.C.,2024,31,55.0,54.0,52.0,52.0,52.0,9.4,53.2,266.0,4012
157545,CENT EDUC DIST EL RODEO,BOGOTÁ D.C.,2025,35,56.0,56.0,50.0,53.0,54.0,9.6,53.8,269.0,3853
046821,COL DIST DE USME,BOGOTÁ D.C.,2020,51,58.0,58.0,55.0,53.0,48.0,10.0,55.4,277.0,1909
046821,COL DIST DE USME,BOGOTÁ D.C.,2021,53,55.0,53.0,48.0,50.0,48.0,8.6,51.2,256.0,3688
046821,COL DIST DE USME,BOGOTÁ D.C.,2022,61,55.0,57.0,49.0,51.0,50.0,8.6,52.8,264.0,3592
046821,COL DIST DE USME,BOGOTÁ D.C.,2023,62,53.0,54.0,47.0,50.0,49.0,10.0,50.8,254.0,5222
046821,COL DIST DE USME,BOGOTÁ D.C.,2024,66,56.0,56.0,49.0,53.0,50.0,9.0,53.2,266.0,4012
046821,COL DIST DE USME,BOGOTÁ D.C.,2025,68,57.0,56.0,51.0,53.0,53.0,9.2,54.2,271.0,3610
046698,COL DIST JUAN LOZANO Y LOZANO,BOGOTÁ D.C.,2020,111,54.0,51.0,50.0,48.0,49.0,9.2,50.6,253.0,4092
046698,COL DIST JUAN LOZANO Y LOZANO,BOGOTÁ D.C.,2021,123,53.0,49.0,47.0,49.0,51.0,9.0,49.6,248.0,4675
046698,COL DIST JUAN LOZANO Y LOZANO,BOGOTÁ D.C.,2022,57,53.0,49.0,47.0,48.0,52.0,10.6,49.5,247.5,5730
046698,COL DIST JUAN LOZANO Y LOZANO,BOGOTÁ D.C.,2023,108,55.0,54.0,50.0,51.0,55.0,9.4,52.7,263.5,4004
046698,COL DIST JUAN LOZANO Y LOZANO,BOGOTÁ D.C.,2024,71,57.0,57.0,51.0,53.0,57.0,9.6,54.7,273.5,3266
046698,COL DIST JUAN LOZANO Y LOZANO,BOGOTÁ D.C.,2025,82,58.0,57.0,51.0,53.0,56.0,10.8,54.8,274.0,3312
155267,CENT EDUC DIST LA TOSCANA,BOGOTÁ D.C.,2020,30,54.0,53.0,53.0,52.0,50.0,8.0,52.8,264.0,2872
155267,CENT EDUC DIST LA TOSCANA,BOGOTÁ D.C.,2021,35,53.0,53.0,50.0,52.0,53.0,10.8,52.1,260.5,3274
155267,CENT EDUC DIST LA TOSCANA,BOGOTÁ D.C.,2022,65,53.0,52.0,47.0,49.0,55.0,9.0,50.6,253.0,4897
155267,CENT EDUC DIST LA TOSCANA,BOGOTÁ D.C.,2023,31,51.0,54.0,48.0,52.0,51.0,8.8,51.2,256.0,4938
155267,CENT EDUC DIST LA TOSCANA,BOGOTÁ D.C.,2024,33,57.0,58.0,51.0,55.0,55.0,9.6,55.2,276.0,2977
155267,CENT EDUC DIST LA TOSCANA,BOGOTÁ D.C.,2025,60,53.0,54.0,48.0,53.0,54.0,10.0,52.2,261.0,4808
665661,COLEGIO LOS NARANJOS (IED),BOGOTÁ D.C.,2020,110,54.0,56.0,50.0,50.0,49.0,8.8,52.2,261.0,3178
665661,COLEGIO LOS NARANJOS (IED),BOGOTÁ D.C.,2021,98,55.0,54.0,47.0,51.0,52.0,9.2,51.8,259.0,3375
665661,COLEGIO LOS NARANJOS (IED),BOGOTÁ D.C.,2022,107,55.0,54.0,50.0,51.0,53.0,9.6,52.5,262.5,3812
665661,COLEGIO LOS NARANJOS (IED),BOGOTÁ D.C.,2023,100,53.0,51.0,48.0,49.0,53.0,8.2,50.5,252.5,5515
665661,COLEGIO LOS NARANJOS (IED),BOGOTÁ D.C.,2024,79,55.0,54.0,50.0,52.0,53.0,9.8,52.8,264.0,4262
665661,COLEGIO LOS NARANJOS (IED),BOGOTÁ D.C.,2025,72,56.0,54.0,50.0,53.0,57.0,10.0,53.5,267.5,4079
736827,INST TEC DIST REP DE GUATEMALA,BOGOTÁ D.C.,2020,90,58.0,57.0,54.0,53.0,52.0,8.6,55.2,276.0,1964
736827,INST TEC DIST REP DE GUATEMALA,BOGOTÁ D.C.,2021,68,55.0,51.0,48.0,49.0,50.0,9.0,50.7,253.5,4050
736827,INST TEC DIST REP DE GUATEMALA,BOGOTÁ D.C.,2022,79,56.0,54.0,52.0,51.0,55.0,9.0,53.4,267.0,3280
736827,INST TEC DIST REP DE GUATEMALA,BOGOTÁ D.C.,2023,61,56.0,54.0,51.0,52.0,54.0,9.6,53.3,266.5,3670
736827,INST TEC DIST REP DE GUATEMALA,BOGOTÁ D.C.,2024,67,55.0,55.0,51.0,54.0,57.0,10.2,54.0,270.0,3545
736827,INST TEC DIST REP DE GUATEMALA,BOGOTÁ D.C.,2025,74,56.0,55.0,51.0,53.0,57.0,10.2,54.0,270.0,3735
059360,CENT EDUC DIST MIGUEL ANTONIO CARO,BOGOTÁ D.C.,2020,39,51.0,51.0,48.0,50.0,47.0,8.4,49.8,249.0,4600
059360,CENT EDUC DIST MIGUEL ANTONIO CARO,BOGOTÁ D.C.,2021,21,55.0,50.0,46.0,48.0,51.0,9.2,49.8,249.0,4556
059360,CENT EDUC DIST MIGUEL ANTONIO CARO,BOGOTÁ D.C.,2022,21,55.0,53.0,53.0,51.0,53.0,7.8,53.0,265.0,3497
059360,CENT EDUC DIST MIGUEL ANTONIO CARO,BOGOTÁ D.C.,2023,28,55.0,53.0,49.0,52.0,54.0,10.4,52.4,262.0,4159
059360,CENT EDUC DIST MIGUEL ANTONIO CARO,BOGOTÁ D.C.,2024,44,56.0,54.0,49.0,51.0,54.0,8.6,52.6,263.0,4413
059360,CENT EDUC DIST MIGUEL ANTONIO CARO,BOGOTÁ D.C.,2025,28,58.0,56.0,52.0,53.0,56.0,10.6,54.8,274.0,3312
127142,OFELIA URIBE DE ACOSTA,BOGOTÁ D.C.,2020,110,53.0,54.0,49.0,49.0,43.0,8.0,50.6,253.0,4092
127142,OFELIA URIBE DE ACOSTA,BOGOTÁ D.C.,2021,95,52.0,50.0,47.0,49.0,47.0,9.0,49.3,246.5,4956
127142,OFELIA URIBE DE ACOSTA,BOGOTÁ D.C.,2022,84,50.0,49.0,46.0,47.0,48.0,8.8,48.0,240.0,6767
127142,OFELIA URIBE DE ACOSTA,BOGOTÁ D.C.,2023,103,52.0,50.0,48.0,49.0,48.0,9.2,49.6,248.0,6063
127142,OFELIA URIBE DE ACOSTA,BOGOTÁ D.C.,2024,88,54.0,52.0,48.0,49.0,50.0,9.2,50.7,253.5,5743
127142,OFELIA URIBE DE ACOSTA,BOGOTÁ D.C.,2025,90,57.0,55.0,49.0,53.0,51.0,9.6,53.3,266.5,4192
156893,SALUDCOOP SUR (INST EDUC DIST),BOGOTÁ D.C.,2020,65,56.0,55.0,52.0,52.0,48.0,8.4,53.3,266.5,2679
156893,SALUDCOOP SUR (INST EDUC DIST),BOGOTÁ D.C.,2021,71,55.0,52.0,52.0,52.0,53.0,9.0,52.8,264.0,2906
156893,SALUDCOOP SUR (INST EDUC DIST),BOGOTÁ D.C.,2022,80,56.0,54.0,52.0,52.0,53.0,9.0,53.5,267.5,3280
156893,SALUDCOOP SUR (INST EDUC DIST),BOGOTÁ D.C.,2023,59,53.0,53.0,50.0,51.0,53.0,10.0,51.8,259.0,4545
156893,SALUDCOOP SUR (INST EDUC DIST),BOGOTÁ D.C.,2024,89,56.0,55.0,51.0,52.0,54.0,9.8,53.5,267.5,3886
156893,SALUDCOOP SUR (INST EDUC DIST),BOGOTÁ D.C.,2025,70,56.0,55.0,49.0,53.0,55.0,9.4,53.4,267.0,4079
090803,CENT EDUC DIST PORFIRIO BARBA JACOB,BOGOTÁ D.C.,2020,40,51.0,48.0,47.0,47.0,46.0,8.4,48.1,240.5,5968
090803,CENT EDUC DIST PORFIRIO BARBA JACOB,BOGOTÁ D.C.,2021,71,50.0,46.0,45.0,47.0,47.0,8.6,47.0,235.0,6590
090803,CENT EDUC DIST PORFIRIO BARBA JACOB,BOGOTÁ D.C.,2022,65,52.0,49.0,49.0,48.0,50.0,9.4,49.5,247.5,5730
090803,CENT EDUC DIST PORFIRIO BARBA JACOB,BOGOTÁ D.C.,2023,75,52.0,48.0,48.0,49.0,50.0,8.8,49.3,246.5,6365
090803,CENT EDUC DIST PORFIRIO BARBA JACOB,BOGOTÁ D.C.,2024,37,56.0,51.0,49.0,52.0,51.0,10.2,51.9,259.5,4944
090803,CENT EDUC DIST PORFIRIO BARBA JACOB,BOGOTÁ D.C.,2025,41,54.0,51.0,49.0,53.0,53.0,9.8,51.8,259.0,5087
139329,CENT EDUC DIST ISMAEL PERDOMO,BOGOTÁ D.C.,2020,76,51.0,50.0,48.0,47.0,46.0,8.8,48.8,244.0,5346
139329,CENT EDUC DIST ISMAEL PERDOMO,BOGOTÁ D.C.,2021,59,53.0,50.0,47.0,48.0,49.0,9.4,49.5,247.5,4807
139329,CENT EDUC DIST ISMAEL PERDOMO,BOGOTÁ D.C.,2022,50,56.0,51.0,49.0,49.0,52.0,9.6,51.3,256.5,4486
139329,CENT EDUC DIST ISMAEL PERDOMO,BOGOTÁ D.C.,2023,55,53.0,51.0,50.0,50.0,52.0,9.0,51.1,255.5,5082
139329,CENT EDUC DIST ISMAEL PERDOMO,BOGOTÁ D.C.,2024,88,53.0,50.0,48.0,49.0,51.0,9.4,50.1,250.5,6174
139329,CENT EDUC DIST ISMAEL PERDOMO,BOGOTÁ D.C.,2025,62,56.0,54.0,51.0,53.0,56.0,9.4,53.7,268.5,3966
051888,COL DIST EDUC BAS Y MEDIA ATANASIO GIRARDOT,BOGOTÁ D.C.,2020,91,55.0,56.0,52.0,50.0,47.0,9.0,52.8,264.0,2872
051888,COL DIST EDUC BAS Y MEDIA ATANASIO GIRARDOT,BOGOTÁ D.C.,2021,67,57.0,54.0,51.0,51.0,51.0,9.2,53.1,265.5,2798
051888,COL DIST EDUC BAS Y MEDIA ATANASIO GIRARDOT,BOGOTÁ D.C.,2022,87,59.0,58.0,54.0,54.0,55.0,9.2,56.2,281.0,2167
051888,COL DIST EDUC BAS Y MEDIA ATANASIO GIRARDOT,BOGOTÁ D.C.,2023,87,56.0,53.0,50.0,51.0,53.0,9.2,52.5,262.5,4159
051888,COL DIST EDUC BAS Y MEDIA ATANASIO GIRARDOT,BOGOTÁ D.C.,2024,78,57.0,56.0,52.0,54.0,56.0,10.2,54.8,274.0,3172
051888,COL DIST EDUC BAS Y MEDIA ATANASIO GIRARDOT,BOGOTÁ D.C.,2025,99,57.0,54.0,50.0,53.0,55.0,9.6,53.6,268.0,3966
056432,INST YOLKIN,BOGOTÁ D.C.,2020,36,53.0,52.0,49.0,48.0,48.0,7.8,50.3,251.5,4329
056432,INST YOLKIN,BOGOTÁ D.C.,2021,39,55.0,53.0,49.0,50.0,53.0,9.0,51.8,259.0,3375
056432,INST YOLKIN,BOGOTÁ D.C.,2022,31,55.0,51.0,51.0,52.0,55.0,9.0,52.5,262.5,3812
056432,INST YOLKIN,BOGOTÁ D.C.,2023,36,53.0,51.0,50.0,49.0,52.0,8.8,50.8,254.0,5222
056432,INST YOLKIN,BOGOTÁ D.C.,2024,29,56.0,55.0,52.0,54.0,56.0,8.8,54.4,272.0,3348
056432,INST YOLKIN,BOGOTÁ D.C.,2025,31,56.0,56.0,51.0,53.0,55.0,10.0,54.1,270.5,3735
124230,COL DIST EDUC BAS Y MEDIA ANTONIO NARIÑO,BOGOTÁ D.C.,2020,63,55.0,54.0,51.0,50.0,44.0,8.6,51.8,259.0,3398
124230,COL DIST EDUC BAS Y MEDIA ANTONIO NARIÑO,BOGOTÁ D.C.,2021,49,54.0,51.0,47.0,51.0,50.0,9.4,50.7,253.5,4050
124230,COL DIST EDUC BAS Y MEDIA ANTONIO NARIÑO,BOGOTÁ D.C.,2022,64,55.0,52.0,51.0,51.0,50.0,9.8,52.1,260.5,4028
124230,COL DIST EDUC BAS Y MEDIA ANTONIO NARIÑO,BOGOTÁ D.C.,2023,52,57.0,55.0,53.0,53.0,53.0,9.2,54.4,272.0,3013
124230,COL DIST EDUC BAS Y MEDIA ANTONIO NARIÑO,BOGOTÁ D.C.,2024,56,56.0,55.0,51.0,52.0,53.0,9.4,53.5,267.5,3886
124230,COL DIST EDUC BAS Y MEDIA ANTONIO NARIÑO,BOGOTÁ D.C.,2025,71,57.0,55.0,51.0,53.0,56.0,10.0,54.2,271.0,3610
113084,LICEO MARANATA,BOGOTÁ D.C.,2020,18,54.0,48.0,48.0,49.0,49.0,6.6,49.7,248.5,4747
113084,LICEO MARANATA,BOGOTÁ D.C.,2021,21,56.0,52.0,51.0,51.0,48.0,8.2,52.2,261.0,3173
113084,LICEO MARANATA,BOGOTÁ D.C.,2022,33,55.0,54.0,50.0,53.0,52.0,11.0,52.9,264.5,3592
113084,LICEO MARANATA,BOGOTÁ D.C.,2023,28,58.0,60.0,54.0,54.0,55.0,8.8,56.4,282.0,2275
113084,LICEO MARANATA,BOGOTÁ D.C.,2024,33,56.0,58.0,53.0,53.0,54.0,8.6,54.9,274.5,3172
113084,LICEO MARANATA,BOGOTÁ D.C.,2025,29,58.0,58.0,51.0,53.0,52.0,9.8,54.8,274.0,3312
023994,LICEO NAL MAGDALENA ORTEGA DE NARIÑO,BOGOTÁ D.C.,2020,73,57.0,58.0,54.0,53.0,53.0,8.8,55.3,276.5,1964
023994,LICEO NAL MAGDALENA ORTEGA DE NARIÑO,BOGOTÁ D.C.,2021,70,60.0,57.0,55.0,54.0,57.0,8.8,56.5,282.5,1760
023994,LICEO NAL MAGDALENA ORTEGA DE NARIÑO,BOGOTÁ D.C.,2022,68,59.0,55.0,53.0,54.0,58.0,8.6,55.5,277.5,2415
023994,LICEO NAL MAGDALENA ORTEGA DE NARIÑO,BOGOTÁ D.C.,2023,86,56.0,53.0,53.0,53.0,55.0,9.0,53.8,269.0,3317
023994,LICEO NAL MAGDALENA ORTEGA DE NARIÑO,BOGOTÁ D.C.,2024,63,59.0,58.0,56.0,56.0,60.0,9.4,57.5,287.5,2139
023994,LICEO NAL MAGDALENA ORTEGA DE NARIÑO,BOGOTÁ D.C.,2025,71,58.0,52.0,52.0,53.0,55.0,9.4,53.8,269.0,3853
160978,COL GABRIEL BETANCOURT MEJIA (INST EDUC DIST),BOGOTÁ D.C.,2020,141,56.0,54.0,54.0,52.0,50.0,8.6,53.7,268.5,2515
160978,COL GABRIEL BETANCOURT MEJIA (INST EDUC DIST),BOGOTÁ D.C.,2021,178,57.0,54.0,52.0,52.0,54.0,9.6,53.8,269.0,2513
160978,COL GABRIEL BETANCOURT MEJIA (INST EDUC DIST),BOGOTÁ D.C.,2022,150,57.0,55.0,52.0,53.0,55.0,9.6,54.3,271.5,2904
160978,COL GABRIEL BETANCOURT MEJIA (INST EDUC DIST),BOGOTÁ D.C.,2023,178,55.0,54.0,51.0,53.0,54.0,9.6,53.3,266.5,3670
160978,COL GABRIEL BETANCOURT MEJIA (INST EDUC DIST),BOGOTÁ D.C.,2024,187,56.0,54.0,50.0,52.0,54.0,9.2,53.1,265.5,4147
160978,COL GABRIEL BETANCOURT MEJIA (INST EDUC DIST),BOGOTÁ D.C.,2025,103,57.0,54.0,51.0,53.0,58.0,9.8,54.1,270.5,3735
136119,CENT EDUC DIST CHUNIZA,BOGOTÁ D.C.,2020,69,55.0,54.0,49.0,50.0,46.0,8.0,51.5,257.5,3630
136119,CENT EDUC DIST CHUNIZA,BOGOTÁ D.C.,2021,74,54.0,52.0,49.0,50.0,53.0,10.2,51.4,257.0,3586
136119,CENT EDUC DIST CHUNIZA,BOGOTÁ D.C.,2022,72,55.0,53.0,50.0,50.0,50.0,9.8,51.8,259.0,4132
136119,CENT EDUC DIST CHUNIZA,BOGOTÁ D.C.,2023,103,55.0,53.0,50.0,52.0,53.0,9.8,52.5,262.5,4159
136119,CENT EDUC DIST CHUNIZA,BOGOTÁ D.C.,2024,102,57.0,54.0,54.0,54.0,56.0,10.0,54.8,274.0,3172
136119,CENT EDUC DIST CHUNIZA,BOGOTÁ D.C.,2025,110,56.0,55.0,52.0,53.0,55.0,9.4,54.1,270.5,3735
214304,CENT EDUC DIST RODRIGO ARENAS BETANCOURT,BOGOTÁ D.C.,2020,69,56.0,54.0,52.0,50.0,50.0,8.6,52.8,264.0,2872
214304,CENT EDUC DIST RODRIGO ARENAS BETANCOURT,BOGOTÁ D.C.,2021,70,57.0,54.0,52.0,52.0,52.0,9.8,53.6,268.0,2591
214304,CENT EDUC DIST RODRIGO ARENAS BETANCOURT,BOGOTÁ D.C.,2022,61,56.0,54.0,52.0,51.0,54.0,9.8,53.3,266.5,3387
214304,CENT EDUC DIST RODRIGO ARENAS BETANCOURT,BOGOTÁ D.C.,2023,57,56.0,56.0,52.0,54.0,53.0,9.6,54.4,272.0,3013
214304,CENT EDUC DIST RODRIGO ARENAS BETANCOURT,BOGOTÁ D.C.,2024,68,58.0,56.0,52.0,53.0,53.0,10.8,54.6,273.0,3266
214304,CENT EDUC DIST RODRIGO ARENAS BETANCOURT,BOGOTÁ D.C.,2025,56,56.0,55.0,51.0,53.0,54.0,11.0,53.8,269.0,3853
665778,COLEGIO MIRAVALLES (IED),BOGOTÁ D.C.,2020,62,57.0,59.0,54.0,55.0,51.0,8.8,55.8,279.0,1795
665778,COLEGIO MIRAVALLES (IED),BOGOTÁ D.C.,2021,81,56.0,54.0,50.0,52.0,54.0,9.0,53.1,265.5,2798
665778,COLEGIO MIRAVALLES (IED),BOGOTÁ D.C.,2022,90,60.0,58.0,55.0,56.0,57.0,10.0,57.2,286.0,1860
665778,COLEGIO MIRAVALLES (IED),BOGOTÁ D.C.,2023,108,59.0,58.0,54.0,54.0,56.0,9.8,56.2,281.0,2342
665778,COLEGIO MIRAVALLES (IED),BOGOTÁ D.C.,2024,105,59.0,59.0,54.0,55.0,58.0,10.2,56.8,284.0,2367
665778,COLEGIO MIRAVALLES (IED),BOGOTÁ D.C.,2025,97,57.0,56.0,55.0,53.0,56.0,10.0,55.3,276.5,3124
733683,COL DIST REP DE COLOMBIA,BOGOTÁ D.C.,2020,146,55.0,54.0,51.0,51.0,50.0,9.4,52.5,262.5,3075
733683,COL DIST REP DE COLOMBIA,BOGOTÁ D.C.,2021,132,56.0,53.0,51.0,51.0,53.0,9.6,52.8,264.0,2906
733683,COL DIST REP DE COLOMBIA,BOGOTÁ D.C.,2022,151,55.0,53.0,50.0,51.0,53.0,9.4,52.3,261.5,3916
733683,COL DIST REP DE COLOMBIA,BOGOTÁ D.C.,2023,132,56.0,54.0,52.0,53.0,55.0,9.4,53.8,269.0,3317
733683,COL DIST REP DE COLOMBIA,BOGOTÁ D.C.,2024,124,56.0,56.0,51.0,52.0,53.0,10.4,53.7,268.5,3765
733683,COL DIST REP DE COLOMBIA,BOGOTÁ D.C.,2025,119,57.0,54.0,53.0,53.0,55.0,9.2,54.3,271.5,3610
813956,POLITECNICA COLOMBIANA - SEDE PRINCIPAL,BOGOTÁ D.C.,2024,12,60.0,52.0,54.0,56.0,64.0,10.4,56.2,281.0,2581
813956,POLITECNICA COLOMBIANA - SEDE PRINCIPAL,BOGOTÁ D.C.,2025,21,57.0,50.0,53.0,53.0,63.0,10.4,54.0,270.0,3735
102681,CENT EDUC DIST NUEVO SAN ANDRES DE LOS ALTOS,BOGOTÁ D.C.,2020,62,52.0,50.0,48.0,48.0,47.0,9.6,49.3,246.5,5038
102681,CENT EDUC DIST NUEVO SAN ANDRES DE LOS ALTOS,BOGOTÁ D.C.,2021,65,55.0,51.0,49.0,50.0,50.0,8.6,51.2,256.0,3688
102681,CENT EDUC DIST NUEVO SAN ANDRES DE LOS ALTOS,BOGOTÁ D.C.,2022,63,53.0,51.0,48.0,49.0,51.0,9.8,50.3,251.5,5167
102681,CENT EDUC DIST NUEVO SAN ANDRES DE LOS ALTOS,BOGOTÁ D.C.,2023,60,52.0,51.0,48.0,51.0,50.0,9.0,50.5,252.5,5515
102681,CENT EDUC DIST NUEVO SAN ANDRES DE LOS ALTOS,BOGOTÁ D.C.,2024,63,53.0,50.0,47.0,49.0,53.0,9.6,50.0,250.0,6174
102681,CENT EDUC DIST NUEVO SAN ANDRES DE LOS ALTOS,BOGOTÁ D.C.,2025,39,57.0,54.0,50.0,53.0,55.0,9.4,53.6,268.0,3966
150714,LICEO SAN RAFAEL DE ALICANTE - SEDE PRINCIPAL,BOGOTÁ D.C.,2020,66,53.0,52.0,50.0,51.0,50.0,11.0,51.4,257.0,3630
150714,LICEO SAN RAFAEL DE ALICANTE - SEDE PRINCIPAL,BOGOTÁ D.C.,2021,44,54.0,51.0,46.0,50.0,56.0,9.0,50.7,253.5,4050
150714,LICEO SAN RAFAEL DE ALICANTE - SEDE PRINCIPAL,BOGOTÁ D.C.,2022,75,56.0,54.0,50.0,52.0,54.0,9.0,53.1,265.5,3497
150714,LICEO SAN RAFAEL DE ALICANTE - SEDE PRINCIPAL,BOGOTÁ D.C.,2023,68,55.0,51.0,51.0,53.0,56.0,10.2,52.8,264.0,3891
150714,LICEO SAN RAFAEL DE ALICANTE - SEDE PRINCIPAL,BOGOTÁ D.C.,2024,54,56.0,53.0,51.0,54.0,55.0,10.0,53.6,268.0,3765
150714,LICEO SAN RAFAEL DE ALICANTE - SEDE PRINCIPAL,BOGOTÁ D.C.,2025,38,55.0,53.0,49.0,53.0,57.0,11.0,52.8,264.0,4428
054114,GIMN LA CAMPIÑA,BOGOTÁ D.C.,2020,34,58.0,57.0,52.0,55.0,52.0,9.4,55.2,276.0,1964
054114,GIMN LA CAMPIÑA,BOGOTÁ D.C.,2021,23,59.0,57.0,52.0,54.0,57.0,8.0,55.6,278.0,1959
054114,GIMN LA CAMPIÑA,BOGOTÁ D.C.,2022,36,59.0,60.0,53.0,54.0,59.0,9.4,56.7,283.5,2037
054114,GIMN LA CAMPIÑA,BOGOTÁ D.C.,2023,24,53.0,54.0,51.0,53.0,56.0,11.8,53.0,265.0,3776
054114,GIMN LA CAMPIÑA,BOGOTÁ D.C.,2024,19,55.0,57.0,50.0,54.0,56.0,10.0,54.2,271.0,3449
054114,GIMN LA CAMPIÑA,BOGOTÁ D.C.,2025,20,58.0,55.0,52.0,53.0,60.0,11.2,54.9,274.5,3312
039966,LIC ROMULO GALLEGOS,BOGOTÁ D.C.,2020,26,54.0,54.0,51.0,50.0,51.0,10.4,52.2,261.0,3178
039966,LIC ROMULO GALLEGOS,BOGOTÁ D.C.,2021,19,56.0,52.0,51.0,52.0,58.0,9.0,53.2,266.0,2723
039966,LIC ROMULO GALLEGOS,BOGOTÁ D.C.,2022,27,55.0,51.0,51.0,48.0,57.0,11.0,51.7,258.5,4254
039966,LIC ROMULO GALLEGOS,BOGOTÁ D.C.,2023,25,58.0,49.0,54.0,53.0,62.0,11.4,54.2,271.0,3101
039966,LIC ROMULO GALLEGOS,BOGOTÁ D.C.,2024,25,57.0,54.0,50.0,53.0,57.0,8.2,53.8,269.0,3641
039966,LIC ROMULO GALLEGOS,BOGOTÁ D.C.,2025,29,57.0,56.0,53.0,53.0,61.0,8.4,55.2,276.0,3124
074393,COL PARROQ DE LOS SANTOS APOSTOLES,BOGOTÁ D.C.,2020,57,55.0,54.0,51.0,52.0,48.0,8.4,52.6,263.0,2984
074393,COL PARROQ DE LOS SANTOS APOSTOLES,BOGOTÁ D.C.,2021,58,59.0,55.0,53.0,53.0,57.0,9.2,55.2,276.0,2063
074393,COL PARROQ DE LOS SANTOS APOSTOLES,BOGOTÁ D.C.,2022,50,61.0,57.0,55.0,56.0,59.0,10.0,57.4,287.0,1816
074393,COL PARROQ DE LOS SANTOS APOSTOLES,BOGOTÁ D.C.,2023,64,56.0,55.0,52.0,54.0,55.0,9.0,54.3,271.5,3101
074393,COL PARROQ DE LOS SANTOS APOSTOLES,BOGOTÁ D.C.,2024,54,59.0,57.0,54.0,55.0,58.0,9.8,56.4,282.0,2513
074393,COL PARROQ DE LOS SANTOS APOSTOLES,BOGOTÁ D.C.,2025,41,60.0,56.0,53.0,53.0,58.0,10.6,55.7,278.5,2971
085589,LIC PSICOPEDAG BOLIVIA,BOGOTÁ D.C.,2020,84,58.0,57.0,56.0,54.0,54.0,8.6,56.1,280.5,1737
085589,LIC PSICOPEDAG BOLIVIA,BOGOTÁ D.C.,2021,51,58.0,56.0,52.0,54.0,59.0,9.0,55.3,276.5,2063
085589,LIC PSICOPEDAG BOLIVIA,BOGOTÁ D.C.,2022,62,61.0,58.0,56.0,55.0,63.0,8.4,57.9,289.5,1709
085589,LIC PSICOPEDAG BOLIVIA,BOGOTÁ D.C.,2023,54,61.0,57.0,56.0,57.0,62.0,9.4,58.1,290.5,1788
085589,LIC PSICOPEDAG BOLIVIA,BOGOTÁ D.C.,2024,57,61.0,58.0,57.0,57.0,62.0,9.0,58.5,292.5,1821
085589,LIC PSICOPEDAG BOLIVIA,BOGOTÁ D.C.,2025,63,59.0,54.0,51.0,53.0,61.0,9.2,54.8,274.0,3312
063115,COLEGIO DE SALERNO,BOGOTÁ D.C.,2020,22,51.0,50.0,46.0,45.0,48.0,9.4,48.0,240.0,5968
063115,COLEGIO DE SALERNO,BOGOTÁ D.C.,2021,26,51.0,49.0,46.0,48.0,49.0,9.8,48.5,242.5,5521
063115,COLEGIO DE SALERNO,BOGOTÁ D.C.,2022,20,57.0,52.0,53.0,52.0,55.0,7.4,53.6,268.0,3174
063115,COLEGIO DE SALERNO,BOGOTÁ D.C.,2023,16,53.0,51.0,49.0,50.0,52.0,8.6,50.8,254.0,5222
063115,COLEGIO DE SALERNO,BOGOTÁ D.C.,2024,18,52.0,50.0,46.0,51.0,52.0,8.6,49.9,249.5,6319
063115,COLEGIO DE SALERNO,BOGOTÁ D.C.,2025,23,56.0,53.0,49.0,53.0,56.0,10.6,53.0,265.0,4310
105056,CENT EDUC DIST NUEVO CHILE,BOGOTÁ D.C.,2020,116,55.0,55.0,50.0,50.0,47.0,8.8,52.1,260.5,3291
105056,CENT EDUC DIST NUEVO CHILE,BOGOTÁ D.C.,2021,70,55.0,51.0,49.0,49.0,52.0,10.2,51.1,255.5,3809
105056,CENT EDUC DIST NUEVO CHILE,BOGOTÁ D.C.,2022,118,53.0,51.0,47.0,48.0,51.0,9.4,49.8,249.0,5452
105056,CENT EDUC DIST NUEVO CHILE,BOGOTÁ D.C.,2023,120,53.0,51.0,48.0,50.0,51.0,10.0,50.5,252.5,5515
105056,CENT EDUC DIST NUEVO CHILE,BOGOTÁ D.C.,2024,98,55.0,53.0,49.0,51.0,53.0,10.2,52.1,260.5,4813
105056,CENT EDUC DIST NUEVO CHILE,BOGOTÁ D.C.,2025,95,54.0,53.0,49.0,53.0,54.0,8.6,52.4,262.0,4679
166058,LICEO ERNESTO CARDENAL,BOGOTÁ D.C.,2020,80,54.0,50.0,49.0,49.0,49.0,9.4,50.4,252.0,4217
166058,LICEO ERNESTO CARDENAL,BOGOTÁ D.C.,2021,58,56.0,52.0,50.0,49.0,53.0,9.8,51.8,259.0,3375
166058,LICEO ERNESTO CARDENAL,BOGOTÁ D.C.,2022,65,58.0,52.0,51.0,52.0,57.0,8.6,53.5,267.5,3280
166058,LICEO ERNESTO CARDENAL,BOGOTÁ D.C.,2023,83,56.0,53.0,51.0,51.0,57.0,8.8,53.1,265.5,3776
166058,LICEO ERNESTO CARDENAL,BOGOTÁ D.C.,2024,103,56.0,51.0,51.0,52.0,57.0,9.6,52.8,264.0,4262
166058,LICEO ERNESTO CARDENAL,BOGOTÁ D.C.,2025,69,58.0,53.0,53.0,53.0,60.0,9.0,54.7,273.5,3400
039735,COL DIST FERNANDO MAZUERA VILLEGAS,BOGOTÁ D.C.,2020,175,55.0,55.0,51.0,50.0,48.0,9.0,52.4,262.0,3075
039735,COL DIST FERNANDO MAZUERA VILLEGAS,BOGOTÁ D.C.,2021,154,0.0,0.0,0.0,0.0,51.0,1.8,3.9,19.5,14336
039735,COL DIST FERNANDO MAZUERA VILLEGAS,BOGOTÁ D.C.,2021,156,55.0,54.0,50.0,51.0,0.0,7.0,48.5,242.5,5521
039735,COL DIST FERNANDO MAZUERA VILLEGAS,BOGOTÁ D.C.,2022,163,55.0,53.0,50.0,52.0,51.0,9.2,52.4,262.0,3812
039735,COL DIST FERNANDO MAZUERA VILLEGAS,BOGOTÁ D.C.,2023,162,56.0,55.0,51.0,54.0,56.0,9.4,54.2,271.0,3101
039735,COL DIST FERNANDO MAZUERA VILLEGAS,BOGOTÁ D.C.,2024,148,57.0,56.0,53.0,55.0,54.0,9.6,55.2,276.0,2977
039735,COL DIST FERNANDO MAZUERA VILLEGAS,BOGOTÁ D.C.,2025,151,55.0,56.0,49.0,53.0,55.0,9.2,53.4,267.0,4079
140624,ALFONSO REYES ECHANDIA (INST EDUC DIST),BOGOTÁ D.C.,2020,85,54.0,55.0,51.0,53.0,50.0,9.4,53.0,265.0,2787
140624,ALFONSO REYES ECHANDIA (INST EDUC DIST),BOGOTÁ D.C.,2021,92,55.0,55.0,50.0,53.0,52.0,8.6,53.2,266.0,2723
140624,ALFONSO REYES ECHANDIA (INST EDUC DIST),BOGOTÁ D.C.,2022,88,57.0,57.0,51.0,54.0,53.0,9.2,54.6,273.0,2746
140624,ALFONSO REYES ECHANDIA (INST EDUC DIST),BOGOTÁ D.C.,2023,95,55.0,55.0,50.0,54.0,52.0,9.0,53.4,267.0,3550
140624,ALFONSO REYES ECHANDIA (INST EDUC DIST),BOGOTÁ D.C.,2024,99,55.0,54.0,49.0,52.0,50.0,9.2,52.3,261.5,4672
140624,ALFONSO REYES ECHANDIA (INST EDUC DIST),BOGOTÁ D.C.,2025,94,55.0,53.0,49.0,53.0,53.0,10.4,52.5,262.5,4679
062778,COL POPULAR BOLIVARIANO,BOGOTÁ D.C.,2020,23,53.0,51.0,49.0,47.0,46.0,10.4,49.7,248.5,4747
062778,COL POPULAR BOLIVARIANO,BOGOTÁ D.C.,2021,25,53.0,51.0,48.0,49.0,51.0,10.8,50.3,251.5,4303
062778,COL POPULAR BOLIVARIANO,BOGOTÁ D.C.,2022,14,59.0,59.0,57.0,53.0,57.0,6.8,57.0,285.0,1923
062778,COL POPULAR BOLIVARIANO,BOGOTÁ D.C.,2023,12,53.0,53.0,49.0,51.0,51.0,11.4,51.5,257.5,4796
062778,COL POPULAR BOLIVARIANO,BOGOTÁ D.C.,2024,17,55.0,56.0,53.0,52.0,49.0,10.2,53.6,268.0,3765
062778,COL POPULAR BOLIVARIANO,BOGOTÁ D.C.,2025,15,57.0,53.0,52.0,53.0,55.0,10.2,53.8,269.0,3853
140269,COLEGIO SAN ANGEL - SEDE PRINCIPAL,BOGOTÁ D.C.,2020,27,57.0,53.0,54.0,53.0,55.0,10.0,54.3,271.5,2294
140269,COLEGIO SAN ANGEL - SEDE PRINCIPAL,BOGOTÁ D.C.,2021,23,60.0,56.0,58.0,55.0,62.0,9.2,57.6,288.0,1474
140269,COLEGIO SAN ANGEL - SEDE PRINCIPAL,BOGOTÁ D.C.,2022,11,63.0,61.0,56.0,58.0,60.0,7.2,59.5,297.5,1332
140269,COLEGIO SAN ANGEL - SEDE PRINCIPAL,BOGOTÁ D.C.,2023,16,60.0,55.0,55.0,55.0,60.0,10.2,56.5,282.5,2275
140269,COLEGIO SAN ANGEL - SEDE PRINCIPAL,BOGOTÁ D.C.,2024,21,58.0,54.0,52.0,52.0,61.0,11.0,54.5,272.5,3348
140269,COLEGIO SAN ANGEL - SEDE PRINCIPAL,BOGOTÁ D.C.,2025,20,58.0,55.0,53.0,53.0,63.0,11.0,55.4,277.0,3047
058941,INSTITUTO CULTURAL CIUDAD KENNEDY,BOGOTÁ D.C.,2020,12,54.0,55.0,52.0,53.0,50.0,8.8,53.2,266.0,2679
058941,INSTITUTO CULTURAL CIUDAD KENNEDY,BOGOTÁ D.C.,2021,18,54.0,54.0,49.0,49.0,50.0,9.0,51.4,257.0,3586
058941,INSTITUTO CULTURAL CIUDAD KENNEDY,BOGOTÁ D.C.,2022,15,55.0,49.0,50.0,51.0,57.0,11.0,51.7,258.5,4254
058941,INSTITUTO CULTURAL CIUDAD KENNEDY,BOGOTÁ D.C.,2023,23,59.0,59.0,54.0,54.0,60.0,10.4,56.8,284.0,2119
058941,INSTITUTO CULTURAL CIUDAD KENNEDY,BOGOTÁ D.C.,2024,20,56.0,51.0,48.0,50.0,57.0,9.2,51.7,258.5,5086
058941,INSTITUTO CULTURAL CIUDAD KENNEDY,BOGOTÁ D.C.,2025,14,56.0,52.0,53.0,53.0,57.0,9.2,53.8,269.0,3853
193540,LICEO MODERNO LEON BAEZ,BOGOTÁ D.C.,2020,31,58.0,57.0,52.0,52.0,51.0,8.0,54.5,272.5,2224
193540,LICEO MODERNO LEON BAEZ,BOGOTÁ D.C.,2021,36,57.0,55.0,52.0,54.0,55.0,10.8,54.5,272.5,2303
193540,LICEO MODERNO LEON BAEZ,BOGOTÁ D.C.,2022,32,58.0,58.0,54.0,54.0,58.0,9.2,56.2,281.0,2167
193540,LICEO MODERNO LEON BAEZ,BOGOTÁ D.C.,2023,39,56.0,55.0,51.0,53.0,58.0,9.8,54.1,270.5,3203
193540,LICEO MODERNO LEON BAEZ,BOGOTÁ D.C.,2024,38,56.0,54.0,50.0,53.0,58.0,10.2,53.6,268.0,3765
193540,LICEO MODERNO LEON BAEZ,BOGOTÁ D.C.,2025,53,58.0,56.0,52.0,53.0,58.0,9.2,55.0,275.0,3212
604488,LICEO BET-EL - SEDE PRINCIPAL,BOGOTÁ D.C.,2020,14,56.0,55.0,54.0,47.0,51.0,11.6,52.8,264.0,2872
604488,LICEO BET-EL - SEDE PRINCIPAL,BOGOTÁ D.C.,2021,17,57.0,59.0,54.0,53.0,62.0,10.6,56.2,281.0,1818
604488,LICEO BET-EL - SEDE PRINCIPAL,BOGOTÁ D.C.,2022,11,59.0,59.0,57.0,55.0,67.0,8.8,58.2,291.0,1615
604488,LICEO BET-EL - SEDE PRINCIPAL,BOGOTÁ D.C.,2023,8,61.0,65.0,59.0,58.0,63.0,8.8,60.9,304.5,1160
604488,LICEO BET-EL - SEDE PRINCIPAL,BOGOTÁ D.C.,2024,12,55.0,57.0,51.0,53.0,63.0,11.8,54.7,273.5,3266
604488,LICEO BET-EL - SEDE PRINCIPAL,BOGOTÁ D.C.,2025,13,58.0,52.0,50.0,53.0,64.0,7.2,54.1,270.5,3735
599720,COLEGIO ATENIENSE,BOGOTÁ D.C.,2020,28,56.0,56.0,52.0,52.0,53.0,10.8,53.9,269.5,2437
599720,COLEGIO ATENIENSE,BOGOTÁ D.C.,2021,27,57.0,53.0,49.0,51.0,53.0,9.8,52.5,262.5,3083
599720,COLEGIO ATENIENSE,BOGOTÁ D.C.,2022,32,55.0,52.0,52.0,51.0,53.0,9.6,52.5,262.5,3812
599720,COLEGIO ATENIENSE,BOGOTÁ D.C.,2023,42,55.0,50.0,48.0,50.0,52.0,9.0,50.8,254.0,5222
599720,COLEGIO ATENIENSE,BOGOTÁ D.C.,2024,27,59.0,55.0,53.0,55.0,59.0,9.6,55.8,279.0,2732
599720,COLEGIO ATENIENSE,BOGOTÁ D.C.,2025,37,56.0,51.0,50.0,53.0,57.0,10.6,52.8,264.0,4428
743286,GIMNASIO COLOMBO ANDINO - SEDE PRINCIPAL,BOGOTÁ D.C.,2020,7,50.0,51.0,45.0,45.0,47.0,8.6,47.7,238.5,6291
743286,GIMNASIO COLOMBO ANDINO - SEDE PRINCIPAL,BOGOTÁ D.C.,2021,6,57.0,56.0,52.0,52.0,61.0,9.0,54.8,274.0,2185
743286,GIMNASIO COLOMBO ANDINO - SEDE PRINCIPAL,BOGOTÁ D.C.,2022,9,58.0,56.0,53.0,53.0,58.0,10.2,55.2,276.0,2495
743286,GIMNASIO COLOMBO ANDINO - SEDE PRINCIPAL,BOGOTÁ D.C.,2023,3,59.0,61.0,56.0,55.0,58.0,5.0,57.8,289.0,1830
743286,GIMNASIO COLOMBO ANDINO - SEDE PRINCIPAL,BOGOTÁ D.C.,2024,7,63.0,59.0,60.0,58.0,58.0,6.8,59.8,299.0,1476
743286,GIMNASIO COLOMBO ANDINO - SEDE PRINCIPAL,BOGOTÁ D.C.,2025,15,59.0,54.0,52.0,53.0,60.0,8.6,54.9,274.5,3312
745232,COLEGIO LA NUEVA ESTANCIA LTDA,BOGOTÁ D.C.,2020,21,58.0,59.0,57.0,56.0,55.0,10.4,57.3,286.5,1471
745232,COLEGIO LA NUEVA ESTANCIA LTDA,BOGOTÁ D.C.,2021,21,59.0,53.0,51.0,53.0,60.0,8.2,54.5,272.5,2303
745232,COLEGIO LA NUEVA ESTANCIA LTDA,BOGOTÁ D.C.,2022,32,57.0,54.0,51.0,52.0,54.0,10.8,53.5,267.5,3280
745232,COLEGIO LA NUEVA ESTANCIA LTDA,BOGOTÁ D.C.,2023,27,59.0,58.0,57.0,56.0,62.0,9.6,57.8,289.0,1830
745232,COLEGIO LA NUEVA ESTANCIA LTDA,BOGOTÁ D.C.,2024,34,63.0,56.0,55.0,54.0,62.0,9.4,57.4,287.0,2139
745232,COLEGIO LA NUEVA ESTANCIA LTDA,BOGOTÁ D.C.,2025,24,58.0,53.0,53.0,53.0,59.0,9.4,54.6,273.0,3400
714063,CENT EDUC DIST EL REMANSO,BOGOTÁ D.C.,2020,51,56.0,56.0,50.0,50.0,52.0,9.6,52.9,264.5,2872
714063,CENT EDUC DIST EL REMANSO,BOGOTÁ D.C.,2021,45,59.0,55.0,53.0,52.0,55.0,8.4,54.8,274.0,2185
714063,CENT EDUC DIST EL REMANSO,BOGOTÁ D.C.,2022,31,57.0,56.0,53.0,54.0,60.0,10.6,55.4,277.0,2415
714063,CENT EDUC DIST EL REMANSO,BOGOTÁ D.C.,2023,56,57.0,56.0,52.0,54.0,58.0,10.0,55.0,275.0,2759
714063,CENT EDUC DIST EL REMANSO,BOGOTÁ D.C.,2024,51,60.0,61.0,55.0,56.0,58.0,8.8,58.0,290.0,1955
714063,CENT EDUC DIST EL REMANSO,BOGOTÁ D.C.,2025,52,56.0,54.0,50.0,53.0,54.0,10.2,53.3,266.5,4192
819326,COL DIST KENNEDY,BOGOTÁ D.C.,2024,170,58.0,57.0,54.0,55.0,56.0,8.8,56.0,280.0,2654
819326,COL DIST KENNEDY,BOGOTÁ D.C.,2025,177,55.0,55.0,51.0,53.0,56.0,10.0,53.7,268.5,3966
822320,COLEGIO PROSPERO PINZON IED - SEDE PRINCIPAL,BOGOTÁ D.C.,2025,75,59.0,59.0,54.0,53.0,54.0,8.8,56.1,280.5,2797
147207,CENT EDUC DIST REP DE CHINA,BOGOTÁ D.C.,2020,79,55.0,57.0,50.0,50.0,49.0,8.8,52.7,263.5,2984
147207,CENT EDUC DIST REP DE CHINA,BOGOTÁ D.C.,2021,70,57.0,55.0,52.0,52.0,56.0,8.6,54.2,271.0,2374
147207,CENT EDUC DIST REP DE CHINA,BOGOTÁ D.C.,2022,70,57.0,54.0,50.0,51.0,54.0,8.2,53.1,265.5,3497
147207,CENT EDUC DIST REP DE CHINA,BOGOTÁ D.C.,2023,71,56.0,55.0,53.0,53.0,54.0,9.0,54.2,271.0,3101
147207,CENT EDUC DIST REP DE CHINA,BOGOTÁ D.C.,2024,92,57.0,56.0,50.0,53.0,55.0,9.6,54.1,270.5,3545
147207,CENT EDUC DIST REP DE CHINA,BOGOTÁ D.C.,2025,87,56.0,57.0,50.0,53.0,54.0,9.6,54.0,270.0,3735
167320,GIMN CAMPESTRE  ESCALEMOS,BOGOTÁ D.C.,2020,14,61.0,58.0,58.0,54.0,57.0,7.8,57.7,288.5,1389
167320,GIMN CAMPESTRE  ESCALEMOS,BOGOTÁ D.C.,2021,13,61.0,60.0,57.0,55.0,65.0,10.4,58.8,294.0,1222
167320,GIMN CAMPESTRE  ESCALEMOS,BOGOTÁ D.C.,2022,13,62.0,62.0,58.0,55.0,62.0,10.4,59.5,297.5,1332
167320,GIMN CAMPESTRE  ESCALEMOS,BOGOTÁ D.C.,2023,16,62.0,60.0,59.0,55.0,65.0,9.8,59.5,297.5,1447
167320,GIMN CAMPESTRE  ESCALEMOS,BOGOTÁ D.C.,2024,7,64.0,67.0,62.0,63.0,68.0,5.2,64.3,321.5,685
167320,GIMN CAMPESTRE  ESCALEMOS,BOGOTÁ D.C.,2025,13,58.0,61.0,63.0,53.0,64.0,12.4,59.2,296.0,1742
045377,COLEGIO LAS AMERICAS IED - SEDE PRINCIPAL,BOGOTÁ D.C.,2020,101,54.0,53.0,49.0,48.0,45.0,8.4,50.5,252.5,4217
045377,COLEGIO LAS AMERICAS IED - SEDE PRINCIPAL,BOGOTÁ D.C.,2021,120,55.0,52.0,50.0,50.0,52.0,9.0,51.8,259.0,3375
045377,COLEGIO LAS AMERICAS IED - SEDE PRINCIPAL,BOGOTÁ D.C.,2022,104,58.0,54.0,51.0,52.0,53.0,9.0,53.7,268.5,3174
045377,COLEGIO LAS AMERICAS IED - SEDE PRINCIPAL,BOGOTÁ D.C.,2023,126,55.0,53.0,50.0,52.0,53.0,9.4,52.5,262.5,4159
045377,COLEGIO LAS AMERICAS IED - SEDE PRINCIPAL,BOGOTÁ D.C.,2024,102,57.0,55.0,51.0,53.0,56.0,10.2,54.2,271.0,3449
045377,COLEGIO LAS AMERICAS IED - SEDE PRINCIPAL,BOGOTÁ D.C.,2025,117,57.0,54.0,52.0,53.0,55.0,10.4,54.1,270.5,3735
144311,ESC NAL PILOTO DE APLICACIÓN,BOGOTÁ D.C.,2020,70,55.0,52.0,50.0,49.0,50.0,9.2,51.4,257.0,3630
144311,ESC NAL PILOTO DE APLICACIÓN,BOGOTÁ D.C.,2021,70,54.0,50.0,49.0,49.0,53.0,9.0,50.7,253.5,4050
144311,ESC NAL PILOTO DE APLICACIÓN,BOGOTÁ D.C.,2022,68,54.0,53.0,48.0,50.0,50.0,8.4,51.2,256.0,4486
144311,ESC NAL PILOTO DE APLICACIÓN,BOGOTÁ D.C.,2023,67,54.0,49.0,48.0,51.0,51.0,10.6,50.5,252.5,5515
144311,ESC NAL PILOTO DE APLICACIÓN,BOGOTÁ D.C.,2024,80,54.0,54.0,48.0,52.0,54.0,9.8,52.2,261.0,4672
144311,ESC NAL PILOTO DE APLICACIÓN,BOGOTÁ D.C.,2025,63,55.0,55.0,50.0,53.0,55.0,10.2,53.4,267.0,4079
102863,CENT EDUC DIST FLORENTINO GONZALEZ,BOGOTÁ D.C.,2020,60,53.0,51.0,49.0,49.0,48.0,9.2,50.3,251.5,4329
102863,CENT EDUC DIST FLORENTINO GONZALEZ,BOGOTÁ D.C.,2021,58,54.0,52.0,51.0,53.0,52.0,9.2,52.5,262.5,3083
102863,CENT EDUC DIST FLORENTINO GONZALEZ,BOGOTÁ D.C.,2022,62,53.0,50.0,49.0,49.0,52.0,10.0,50.4,252.0,5035
102863,CENT EDUC DIST FLORENTINO GONZALEZ,BOGOTÁ D.C.,2023,68,53.0,50.0,49.0,50.0,53.0,9.8,50.7,253.5,5365
102863,CENT EDUC DIST FLORENTINO GONZALEZ,BOGOTÁ D.C.,2024,69,55.0,54.0,50.0,52.0,53.0,9.2,52.8,264.0,4262
102863,CENT EDUC DIST FLORENTINO GONZALEZ,BOGOTÁ D.C.,2025,72,57.0,54.0,51.0,53.0,55.0,9.0,53.8,269.0,3853
164889,CENT EDUC DIST GRAN YOMASA,BOGOTÁ D.C.,2020,60,56.0,55.0,50.0,50.0,48.0,9.2,52.4,262.0,3075
164889,CENT EDUC DIST GRAN YOMASA,BOGOTÁ D.C.,2021,61,53.0,51.0,47.0,48.0,47.0,8.2,49.5,247.5,4807
164889,CENT EDUC DIST GRAN YOMASA,BOGOTÁ D.C.,2022,40,54.0,51.0,51.0,52.0,47.0,8.6,51.6,258.0,4254
164889,CENT EDUC DIST GRAN YOMASA,BOGOTÁ D.C.,2023,43,56.0,54.0,52.0,52.0,52.0,9.8,53.4,267.0,3550
164889,CENT EDUC DIST GRAN YOMASA,BOGOTÁ D.C.,2024,51,57.0,57.0,51.0,53.0,51.0,9.6,54.2,271.0,3449
164889,CENT EDUC DIST GRAN YOMASA,BOGOTÁ D.C.,2025,48,57.0,55.0,52.0,53.0,52.0,9.2,54.1,270.5,3735
665836,SEDE EL RECUERDO,BOGOTÁ D.C.,2020,41,52.0,49.0,49.0,48.0,45.0,7.8,49.2,246.0,5038
665836,SEDE EL RECUERDO,BOGOTÁ D.C.,2021,53,54.0,50.0,48.0,48.0,48.0,9.6,49.8,249.0,4556
665836,SEDE EL RECUERDO,BOGOTÁ D.C.,2022,49,58.0,55.0,55.0,53.0,52.0,10.0,55.0,275.0,2589
665836,SEDE EL RECUERDO,BOGOTÁ D.C.,2023,49,55.0,52.0,51.0,51.0,51.0,8.2,52.2,261.0,4277
665836,SEDE EL RECUERDO,BOGOTÁ D.C.,2024,48,54.0,52.0,49.0,50.0,51.0,9.4,51.2,256.0,5338
665836,SEDE EL RECUERDO,BOGOTÁ D.C.,2025,47,56.0,55.0,52.0,53.0,51.0,10.4,53.8,269.0,3853
665646,COLEGIO CHUNIZA FAMACO (IED),BOGOTÁ D.C.,2020,84,55.0,54.0,52.0,49.0,47.0,8.6,52.1,260.5,3291
665646,COLEGIO CHUNIZA FAMACO (IED),BOGOTÁ D.C.,2021,85,55.0,53.0,48.0,49.0,50.0,9.8,51.2,256.0,3688
665646,COLEGIO CHUNIZA FAMACO (IED),BOGOTÁ D.C.,2022,87,56.0,55.0,51.0,51.0,53.0,10.2,53.2,266.0,3387
665646,COLEGIO CHUNIZA FAMACO (IED),BOGOTÁ D.C.,2023,75,54.0,53.0,51.0,51.0,54.0,9.8,52.4,262.0,4159
665646,COLEGIO CHUNIZA FAMACO (IED),BOGOTÁ D.C.,2024,83,54.0,53.0,49.0,51.0,54.0,10.2,51.9,259.5,4944
665646,COLEGIO CHUNIZA FAMACO (IED),BOGOTÁ D.C.,2025,81,56.0,55.0,51.0,53.0,54.0,10.8,53.8,269.0,3853
725267,COL DEPT SILVERIA ESPINOSA DE RENDON,BOGOTÁ D.C.,2020,114,55.0,55.0,52.0,52.0,50.0,9.0,53.2,266.0,2679
725267,COL DEPT SILVERIA ESPINOSA DE RENDON,BOGOTÁ D.C.,2021,106,56.0,53.0,51.0,51.0,54.0,8.6,52.8,264.0,2906
725267,COL DEPT SILVERIA ESPINOSA DE RENDON,BOGOTÁ D.C.,2022,82,57.0,55.0,53.0,53.0,58.0,8.8,54.8,274.0,2662
725267,COL DEPT SILVERIA ESPINOSA DE RENDON,BOGOTÁ D.C.,2023,89,58.0,55.0,53.0,53.0,57.0,9.6,54.9,274.5,2835
725267,COL DEPT SILVERIA ESPINOSA DE RENDON,BOGOTÁ D.C.,2024,101,58.0,57.0,54.0,55.0,57.0,9.8,56.1,280.5,2654
725267,COL DEPT SILVERIA ESPINOSA DE RENDON,BOGOTÁ D.C.,2025,99,57.0,57.0,51.0,53.0,57.0,9.4,54.7,273.5,3400
736892,COL DIST U.B. RAFAEL URIBE URIBE,BOGOTÁ D.C.,2020,119,54.0,56.0,50.0,49.0,48.0,8.4,51.9,259.5,3398
736892,COL DIST U.B. RAFAEL URIBE URIBE,BOGOTÁ D.C.,2021,81,56.0,56.0,49.0,50.0,53.0,9.6,52.8,264.0,2906
736892,COL DIST U.B. RAFAEL URIBE URIBE,BOGOTÁ D.C.,2022,88,57.0,56.0,52.0,53.0,56.0,9.6,54.6,273.0,2746
736892,COL DIST U.B. RAFAEL URIBE URIBE,BOGOTÁ D.C.,2023,98,57.0,56.0,53.0,53.0,54.0,9.2,54.7,273.5,2917
736892,COL DIST U.B. RAFAEL URIBE URIBE,BOGOTÁ D.C.,2024,118,55.0,54.0,48.0,52.0,54.0,9.6,52.4,262.0,4539
736892,COL DIST U.B. RAFAEL URIBE URIBE,BOGOTÁ D.C.,2025,87,56.0,55.0,51.0,53.0,60.0,9.0,54.2,271.0,3610
724419,COLEGIO LAS MERCEDES (IED),BOGOTÁ D.C.,2020,132,55.0,54.0,51.0,52.0,48.0,9.0,52.6,263.0,2984
724419,COLEGIO LAS MERCEDES (IED),BOGOTÁ D.C.,2021,88,57.0,54.0,51.0,51.0,50.0,9.2,53.0,265.0,2798
724419,COLEGIO LAS MERCEDES (IED),BOGOTÁ D.C.,2022,106,55.0,52.0,50.0,51.0,50.0,9.4,51.8,259.0,4132
724419,COLEGIO LAS MERCEDES (IED),BOGOTÁ D.C.,2023,103,54.0,51.0,49.0,51.0,50.0,10.4,51.2,256.0,4938
724419,COLEGIO LAS MERCEDES (IED),BOGOTÁ D.C.,2024,98,58.0,54.0,52.0,52.0,54.0,10.2,54.0,270.0,3545
724419,COLEGIO LAS MERCEDES (IED),BOGOTÁ D.C.,2025,99,57.0,57.0,51.0,53.0,53.0,10.0,54.4,272.0,3504
112854,COL MI PATRIA,BOGOTÁ D.C.,2020,31,53.0,54.0,50.0,49.0,55.0,9.0,51.8,259.0,3398
112854,COL MI PATRIA,BOGOTÁ D.C.,2021,24,56.0,52.0,49.0,50.0,57.0,7.4,52.2,261.0,3173
112854,COL MI PATRIA,BOGOTÁ D.C.,2022,23,54.0,48.0,48.0,47.0,54.0,9.6,49.6,248.0,5613
112854,COL MI PATRIA,BOGOTÁ D.C.,2023,24,57.0,57.0,54.0,52.0,59.0,8.6,55.3,276.5,2696
112854,COL MI PATRIA,BOGOTÁ D.C.,2024,25,56.0,53.0,50.0,50.0,56.0,10.6,52.5,262.5,4539
112854,COL MI PATRIA,BOGOTÁ D.C.,2025,32,57.0,56.0,53.0,53.0,61.0,11.8,55.2,276.0,3124
051854,COLEGIO CENTRO CULTURAL,BOGOTÁ D.C.,2020,16,58.0,60.0,54.0,51.0,53.0,9.4,55.5,277.5,1909
051854,COLEGIO CENTRO CULTURAL,BOGOTÁ D.C.,2021,14,60.0,51.0,57.0,53.0,55.0,9.6,55.2,276.0,2063
051854,COLEGIO CENTRO CULTURAL,BOGOTÁ D.C.,2022,27,53.0,54.0,49.0,52.0,53.0,9.8,52.1,260.5,4028
051854,COLEGIO CENTRO CULTURAL,BOGOTÁ D.C.,2023,15,54.0,49.0,49.0,48.0,50.0,7.2,50.0,250.0,5788
051854,COLEGIO CENTRO CULTURAL,BOGOTÁ D.C.,2024,20,51.0,49.0,46.0,46.0,51.0,9.6,48.2,241.0,7387
051854,COLEGIO CENTRO CULTURAL,BOGOTÁ D.C.,2025,15,58.0,56.0,53.0,53.0,54.0,9.2,54.9,274.5,3312
063271,INST TEC DIST LAUREANO GOMEZ,BOGOTÁ D.C.,2020,59,56.0,53.0,51.0,52.0,51.0,8.6,52.8,264.0,2872
063271,INST TEC DIST LAUREANO GOMEZ,BOGOTÁ D.C.,2021,44,57.0,52.0,52.0,51.0,52.0,10.0,52.9,264.5,2906
063271,INST TEC DIST LAUREANO GOMEZ,BOGOTÁ D.C.,2022,53,58.0,54.0,49.0,50.0,53.0,8.4,52.8,264.0,3592
063271,INST TEC DIST LAUREANO GOMEZ,BOGOTÁ D.C.,2023,47,58.0,54.0,53.0,53.0,55.0,9.0,54.5,272.5,3013
063271,INST TEC DIST LAUREANO GOMEZ,BOGOTÁ D.C.,2024,61,56.0,54.0,50.0,52.0,54.0,7.8,53.1,265.5,4147
063271,INST TEC DIST LAUREANO GOMEZ,BOGOTÁ D.C.,2025,76,57.0,54.0,51.0,53.0,55.0,8.8,53.8,269.0,3853
153361,CENT EDUC DIST SOTAVENTO,BOGOTÁ D.C.,2020,39,57.0,57.0,58.0,55.0,54.0,8.4,56.5,282.5,1644
153361,CENT EDUC DIST SOTAVENTO,BOGOTÁ D.C.,2021,36,56.0,53.0,52.0,50.0,52.0,8.8,52.7,263.5,2989
153361,CENT EDUC DIST SOTAVENTO,BOGOTÁ D.C.,2022,37,56.0,55.0,52.0,51.0,53.0,8.0,53.5,267.5,3280
153361,CENT EDUC DIST SOTAVENTO,BOGOTÁ D.C.,2023,32,57.0,54.0,52.0,53.0,53.0,9.0,53.9,269.5,3317
153361,CENT EDUC DIST SOTAVENTO,BOGOTÁ D.C.,2024,36,58.0,59.0,53.0,54.0,59.0,11.8,56.2,281.0,2581
153361,CENT EDUC DIST SOTAVENTO,BOGOTÁ D.C.,2025,37,55.0,56.0,50.0,53.0,54.0,9.2,53.5,267.5,4079
039842,COLEGIO TIRSO DE MOLINA,BOGOTÁ D.C.,2020,12,58.0,58.0,52.0,58.0,57.0,9.8,56.5,282.5,1644
039842,COLEGIO TIRSO DE MOLINA,BOGOTÁ D.C.,2021,20,58.0,55.0,52.0,52.0,53.0,10.0,54.2,271.0,2374
039842,COLEGIO TIRSO DE MOLINA,BOGOTÁ D.C.,2022,23,59.0,56.0,55.0,54.0,58.0,8.6,56.2,281.0,2167
039842,COLEGIO TIRSO DE MOLINA,BOGOTÁ D.C.,2023,24,56.0,53.0,52.0,50.0,0.0,6.6,48.7,243.5,6816
039842,COLEGIO TIRSO DE MOLINA,BOGOTÁ D.C.,2023,23,0.0,0.0,0.0,0.0,57.0,1.8,4.4,22.0,14569
039842,COLEGIO TIRSO DE MOLINA,BOGOTÁ D.C.,2024,14,53.0,52.0,48.0,48.0,53.0,8.2,50.5,252.5,5878
039842,COLEGIO TIRSO DE MOLINA,BOGOTÁ D.C.,2025,16,56.0,52.0,53.0,53.0,56.0,11.6,53.7,268.5,3966
159996,COLEGIO DISTRITAL CHARRY (IED) - SEDE PRINCIPAL,BOGOTÁ D.C.,2020,68,52.0,51.0,48.0,49.0,46.0,8.6,49.7,248.5,4747
159996,COLEGIO DISTRITAL CHARRY (IED) - SEDE PRINCIPAL,BOGOTÁ D.C.,2021,73,54.0,50.0,46.0,49.0,53.0,9.2,50.0,250.0,4448
159996,COLEGIO DISTRITAL CHARRY (IED) - SEDE PRINCIPAL,BOGOTÁ D.C.,2022,59,56.0,51.0,48.0,50.0,54.0,8.8,51.5,257.5,4379
159996,COLEGIO DISTRITAL CHARRY (IED) - SEDE PRINCIPAL,BOGOTÁ D.C.,2023,58,54.0,50.0,49.0,52.0,54.0,9.4,51.5,257.5,4796
159996,COLEGIO DISTRITAL CHARRY (IED) - SEDE PRINCIPAL,BOGOTÁ D.C.,2024,55,57.0,52.0,50.0,52.0,55.0,9.6,52.9,264.5,4262
159996,COLEGIO DISTRITAL CHARRY (IED) - SEDE PRINCIPAL,BOGOTÁ D.C.,2025,54,55.0,51.0,49.0,53.0,56.0,10.8,52.3,261.5,4808
665828,SEDE EL RECUERDO,BOGOTÁ D.C.,2020,50,51.0,48.0,47.0,46.0,45.0,9.6,47.8,239.0,6127
665828,SEDE EL RECUERDO,BOGOTÁ D.C.,2021,49,53.0,49.0,47.0,49.0,51.0,9.8,49.6,248.0,4675
665828,SEDE EL RECUERDO,BOGOTÁ D.C.,2022,54,52.0,52.0,50.0,49.0,48.0,9.6,50.5,252.5,5035
665828,SEDE EL RECUERDO,BOGOTÁ D.C.,2023,59,55.0,50.0,50.0,50.0,50.0,9.4,51.2,256.0,4938
665828,SEDE EL RECUERDO,BOGOTÁ D.C.,2024,24,53.0,52.0,50.0,52.0,52.0,8.2,51.8,259.0,4944
665828,SEDE EL RECUERDO,BOGOTÁ D.C.,2025,41,58.0,54.0,53.0,53.0,51.0,8.8,54.2,271.0,3610
216739,CENT EDUC DIST MANUELA BELTRAN,BOGOTÁ D.C.,2020,42,55.0,57.0,50.0,53.0,45.0,10.0,53.1,265.5,2787
216739,CENT EDUC DIST MANUELA BELTRAN,BOGOTÁ D.C.,2021,52,53.0,53.0,46.0,48.0,48.0,10.0,49.8,249.0,4556
216739,CENT EDUC DIST MANUELA BELTRAN,BOGOTÁ D.C.,2022,27,57.0,57.0,53.0,52.0,56.0,11.2,54.8,274.0,2662
216739,CENT EDUC DIST MANUELA BELTRAN,BOGOTÁ D.C.,2023,27,54.0,55.0,46.0,49.0,51.0,9.8,51.0,255.0,5082
216739,CENT EDUC DIST MANUELA BELTRAN,BOGOTÁ D.C.,2024,17,60.0,58.0,55.0,55.0,53.0,8.6,56.7,283.5,2438
216739,CENT EDUC DIST MANUELA BELTRAN,BOGOTÁ D.C.,2025,31,58.0,57.0,54.0,53.0,57.0,10.4,55.6,278.0,2971
665893,SEDE C,BOGOTÁ D.C.,2020,28,52.0,51.0,50.0,50.0,45.0,8.6,50.3,251.5,4329
665893,SEDE C,BOGOTÁ D.C.,2021,47,53.0,50.0,48.0,50.0,47.0,9.0,50.0,250.0,4448
665893,SEDE C,BOGOTÁ D.C.,2022,53,55.0,50.0,48.0,50.0,51.0,9.0,50.8,254.0,4769
665893,SEDE C,BOGOTÁ D.C.,2023,65,54.0,53.0,50.0,52.0,52.0,9.4,52.2,261.0,4277
665893,SEDE C,BOGOTÁ D.C.,2024,72,54.0,54.0,47.0,50.0,50.0,8.8,51.2,256.0,5338
665893,SEDE C,BOGOTÁ D.C.,2025,53,56.0,54.0,52.0,53.0,51.0,9.4,53.5,267.5,4079
724757,COLEGIO TÉCNICO JAIME PARDO LEAL (IED) - SEDE PRINCIPAL,BOGOTÁ D.C.,2020,70,54.0,56.0,51.0,50.0,49.0,9.0,52.5,262.5,3075
724757,COLEGIO TÉCNICO JAIME PARDO LEAL (IED) - SEDE PRINCIPAL,BOGOTÁ D.C.,2021,67,52.0,51.0,48.0,50.0,49.0,9.8,50.2,251.0,4303
724757,COLEGIO TÉCNICO JAIME PARDO LEAL (IED) - SEDE PRINCIPAL,BOGOTÁ D.C.,2022,61,55.0,54.0,51.0,52.0,53.0,9.8,53.0,265.0,3497
724757,COLEGIO TÉCNICO JAIME PARDO LEAL (IED) - SEDE PRINCIPAL,BOGOTÁ D.C.,2023,78,54.0,53.0,50.0,52.0,53.0,9.2,52.3,261.5,4277
724757,COLEGIO TÉCNICO JAIME PARDO LEAL (IED) - SEDE PRINCIPAL,BOGOTÁ D.C.,2024,87,54.0,52.0,49.0,51.0,53.0,8.6,51.6,258.0,5086
724757,COLEGIO TÉCNICO JAIME PARDO LEAL (IED) - SEDE PRINCIPAL,BOGOTÁ D.C.,2025,79,56.0,53.0,50.0,53.0,52.0,10.8,52.9,264.5,4428
727842,CENT EDUC DIST FRANCISCO DE MIRANDA,BOGOTÁ D.C.,2020,98,53.0,51.0,49.0,50.0,46.0,8.8,50.4,252.0,4217
727842,CENT EDUC DIST FRANCISCO DE MIRANDA,BOGOTÁ D.C.,2021,99,55.0,52.0,48.0,51.0,52.0,9.4,51.5,257.5,3586
727842,CENT EDUC DIST FRANCISCO DE MIRANDA,BOGOTÁ D.C.,2022,100,57.0,55.0,53.0,53.0,57.0,9.2,54.7,273.5,2746
727842,CENT EDUC DIST FRANCISCO DE MIRANDA,BOGOTÁ D.C.,2023,84,56.0,55.0,51.0,53.0,54.0,9.0,53.8,269.0,3317
727842,CENT EDUC DIST FRANCISCO DE MIRANDA,BOGOTÁ D.C.,2024,104,58.0,57.0,52.0,54.0,56.0,10.4,55.3,276.5,2977
727842,CENT EDUC DIST FRANCISCO DE MIRANDA,BOGOTÁ D.C.,2025,116,57.0,53.0,51.0,53.0,56.0,9.8,53.7,268.5,3966
059378,COL DIST VENECIA,BOGOTÁ D.C.,2020,140,54.0,53.0,51.0,50.0,47.0,9.4,51.6,258.0,3519
059378,COL DIST VENECIA,BOGOTÁ D.C.,2021,114,56.0,53.0,51.0,51.0,52.0,8.8,52.7,263.5,2989
059378,COL DIST VENECIA,BOGOTÁ D.C.,2022,82,56.0,54.0,51.0,51.0,53.0,9.4,53.0,265.0,3497
059378,COL DIST VENECIA,BOGOTÁ D.C.,2023,132,54.0,53.0,51.0,52.0,54.0,9.2,52.6,263.0,4004
059378,COL DIST VENECIA,BOGOTÁ D.C.,2024,130,56.0,56.0,51.0,52.0,55.0,9.4,53.8,269.0,3641
059378,COL DIST VENECIA,BOGOTÁ D.C.,2025,128,55.0,55.0,50.0,52.0,57.0,9.6,53.3,266.5,4192
079798,COLEGIO ALEXANDER FLEMING,BOGOTÁ D.C.,2020,29,57.0,54.0,52.0,51.0,52.0,10.8,53.4,267.0,2591
079798,COLEGIO ALEXANDER FLEMING,BOGOTÁ D.C.,2021,15,59.0,57.0,53.0,55.0,60.0,9.4,56.3,281.5,1818
079798,COLEGIO ALEXANDER FLEMING,BOGOTÁ D.C.,2022,26,56.0,56.0,51.0,51.0,58.0,8.6,53.8,269.0,3089
079798,COLEGIO ALEXANDER FLEMING,BOGOTÁ D.C.,2023,37,56.0,54.0,49.0,51.0,56.0,8.2,52.8,264.0,3891
079798,COLEGIO ALEXANDER FLEMING,BOGOTÁ D.C.,2024,28,58.0,55.0,49.0,51.0,58.0,10.6,53.6,268.0,3765
079798,COLEGIO ALEXANDER FLEMING,BOGOTÁ D.C.,2025,23,53.0,53.0,50.0,52.0,59.0,9.6,52.5,262.5,4679
062679,INST DIST EDUC BAS Y TECNICA AQUILEO PARRA,BOGOTÁ D.C.,2020,69,55.0,55.0,53.0,51.0,49.0,8.8,53.2,266.0,2679
062679,INST DIST EDUC BAS Y TECNICA AQUILEO PARRA,BOGOTÁ D.C.,2021,70,55.0,54.0,52.0,51.0,53.0,8.8,53.0,265.0,2798
062679,INST DIST EDUC BAS Y TECNICA AQUILEO PARRA,BOGOTÁ D.C.,2022,63,57.0,55.0,53.0,54.0,54.0,9.0,54.7,273.5,2746
062679,INST DIST EDUC BAS Y TECNICA AQUILEO PARRA,BOGOTÁ D.C.,2023,58,53.0,51.0,48.0,50.0,50.0,9.0,50.5,252.5,5515
062679,INST DIST EDUC BAS Y TECNICA AQUILEO PARRA,BOGOTÁ D.C.,2024,67,58.0,56.0,54.0,54.0,53.0,9.0,55.3,276.5,2977
062679,INST DIST EDUC BAS Y TECNICA AQUILEO PARRA,BOGOTÁ D.C.,2025,80,55.0,55.0,50.0,52.0,52.0,10.8,52.9,264.5,4428
126664,INST NAZARENO MODELIA,BOGOTÁ D.C.,2020,24,56.0,54.0,52.0,51.0,56.0,10.4,53.5,267.5,2591
126664,INST NAZARENO MODELIA,BOGOTÁ D.C.,2021,17,57.0,54.0,49.0,51.0,61.0,9.4,53.4,267.0,2660
126664,INST NAZARENO MODELIA,BOGOTÁ D.C.,2022,11,54.0,50.0,49.0,50.0,56.0,9.6,51.2,256.0,4486
126664,INST NAZARENO MODELIA,BOGOTÁ D.C.,2023,12,56.0,55.0,53.0,51.0,60.0,9.2,54.2,271.0,3101
126664,INST NAZARENO MODELIA,BOGOTÁ D.C.,2024,24,58.0,50.0,53.0,51.0,63.0,9.6,53.8,269.0,3641
126664,INST NAZARENO MODELIA,BOGOTÁ D.C.,2025,17,57.0,52.0,51.0,52.0,63.0,11.6,53.8,269.0,3853
075515,COLEGIO LORENZO DE ALCANTUZ,BOGOTÁ D.C.,2020,107,55.0,56.0,52.0,51.0,48.0,9.6,53.1,265.5,2787
075515,COLEGIO LORENZO DE ALCANTUZ,BOGOTÁ D.C.,2021,106,55.0,52.0,50.0,51.0,53.0,9.2,52.1,260.5,3274
075515,COLEGIO LORENZO DE ALCANTUZ,BOGOTÁ D.C.,2022,110,56.0,54.0,49.0,51.0,52.0,9.8,52.5,262.5,3812
075515,COLEGIO LORENZO DE ALCANTUZ,BOGOTÁ D.C.,2023,95,55.0,52.0,50.0,51.0,52.0,10.0,52.0,260.0,4401
075515,COLEGIO LORENZO DE ALCANTUZ,BOGOTÁ D.C.,2024,112,56.0,55.0,51.0,52.0,55.0,8.8,53.6,268.0,3765
075515,COLEGIO LORENZO DE ALCANTUZ,BOGOTÁ D.C.,2025,129,56.0,56.0,50.0,52.0,56.0,9.4,53.7,268.5,3966
023366,INEM FRANCISCO DE PAULA SANTANDER,BOGOTÁ D.C.,2020,383,55.0,53.0,51.0,51.0,49.0,9.2,52.2,261.0,3178
023366,INEM FRANCISCO DE PAULA SANTANDER,BOGOTÁ D.C.,2021,362,56.0,52.0,50.0,50.0,51.0,9.8,51.9,259.5,3375
023366,INEM FRANCISCO DE PAULA SANTANDER,BOGOTÁ D.C.,2022,303,56.0,53.0,51.0,51.0,52.0,9.6,52.7,263.5,3692
023366,INEM FRANCISCO DE PAULA SANTANDER,BOGOTÁ D.C.,2023,267,56.0,53.0,51.0,52.0,55.0,10.2,53.2,266.0,3670
023366,INEM FRANCISCO DE PAULA SANTANDER,BOGOTÁ D.C.,2024,317,56.0,53.0,51.0,51.0,53.0,9.8,52.8,264.0,4262
023366,INEM FRANCISCO DE PAULA SANTANDER,BOGOTÁ D.C.,2025,343,56.0,54.0,50.0,52.0,55.0,9.8,53.2,266.0,4192
090860,CENT EDUC DIST LA CHUCUA,BOGOTÁ D.C.,2020,44,53.0,52.0,51.0,49.0,47.0,8.2,50.9,254.5,3960
090860,CENT EDUC DIST LA CHUCUA,BOGOTÁ D.C.,2021,48,57.0,53.0,51.0,53.0,53.0,10.2,53.5,267.5,2660
090860,CENT EDUC DIST LA CHUCUA,BOGOTÁ D.C.,2022,47,57.0,52.0,51.0,51.0,54.0,10.0,52.8,264.0,3592
090860,CENT EDUC DIST LA CHUCUA,BOGOTÁ D.C.,2023,50,56.0,54.0,54.0,53.0,53.0,9.6,54.2,271.0,3101
090860,CENT EDUC DIST LA CHUCUA,BOGOTÁ D.C.,2024,40,56.0,52.0,53.0,53.0,53.0,9.4,53.5,267.5,3886
090860,CENT EDUC DIST LA CHUCUA,BOGOTÁ D.C.,2025,56,57.0,53.0,51.0,52.0,56.0,10.6,53.5,267.5,4079
062935,LICEO REYNEL,BOGOTÁ D.C.,2020,27,57.0,56.0,55.0,52.0,52.0,8.6,54.8,274.0,2076
062935,LICEO REYNEL,BOGOTÁ D.C.,2021,37,57.0,54.0,52.0,51.0,58.0,11.4,53.8,269.0,2513
062935,LICEO REYNEL,BOGOTÁ D.C.,2022,40,57.0,52.0,53.0,52.0,60.0,8.6,54.0,270.0,3003
062935,LICEO REYNEL,BOGOTÁ D.C.,2023,46,58.0,52.0,51.0,50.0,58.0,8.6,53.2,266.0,3670
062935,LICEO REYNEL,BOGOTÁ D.C.,2024,38,57.0,53.0,52.0,52.0,61.0,9.4,54.1,270.5,3545
062935,LICEO REYNEL,BOGOTÁ D.C.,2025,37,58.0,55.0,52.0,52.0,62.0,9.8,54.8,274.0,3312
091124,CENT EDUC DIST ARBORIZADORA BAJA,BOGOTÁ D.C.,2020,75,53.0,52.0,51.0,50.0,47.0,9.4,51.2,256.0,3726
091124,CENT EDUC DIST ARBORIZADORA BAJA,BOGOTÁ D.C.,2021,82,55.0,52.0,50.0,50.0,52.0,9.0,51.8,259.0,3375
091124,CENT EDUC DIST ARBORIZADORA BAJA,BOGOTÁ D.C.,2022,86,55.0,54.0,50.0,50.0,51.0,10.0,52.2,261.0,3916
091124,CENT EDUC DIST ARBORIZADORA BAJA,BOGOTÁ D.C.,2023,73,57.0,53.0,51.0,51.0,51.0,8.6,52.8,264.0,3891
091124,CENT EDUC DIST ARBORIZADORA BAJA,BOGOTÁ D.C.,2024,80,57.0,54.0,51.0,52.0,56.0,9.0,53.7,268.5,3765
091124,CENT EDUC DIST ARBORIZADORA BAJA,BOGOTÁ D.C.,2025,83,55.0,56.0,50.0,52.0,54.0,9.2,53.3,266.5,4192
087882,COL DE EDUC BAS Y MEDIA ESTANISLAO ZULETA,BOGOTÁ D.C.,2020,27,51.0,52.0,48.0,49.0,47.0,7.0,49.8,249.0,4600
087882,COL DE EDUC BAS Y MEDIA ESTANISLAO ZULETA,BOGOTÁ D.C.,2021,46,51.0,50.0,46.0,47.0,48.0,8.0,48.5,242.5,5521
087882,COL DE EDUC BAS Y MEDIA ESTANISLAO ZULETA,BOGOTÁ D.C.,2022,56,52.0,50.0,48.0,49.0,46.0,8.8,49.5,247.5,5730
087882,COL DE EDUC BAS Y MEDIA ESTANISLAO ZULETA,BOGOTÁ D.C.,2023,45,53.0,52.0,47.0,48.0,52.0,9.6,50.2,251.0,5651
087882,COL DE EDUC BAS Y MEDIA ESTANISLAO ZULETA,BOGOTÁ D.C.,2024,49,52.0,52.0,45.0,47.0,47.0,7.6,48.8,244.0,6985
087882,COL DE EDUC BAS Y MEDIA ESTANISLAO ZULETA,BOGOTÁ D.C.,2025,40,53.0,54.0,47.0,52.0,51.0,9.2,51.5,257.5,5365
213249,EXTERNADO NAL CAMILO TORRES,BOGOTÁ D.C.,2020,42,53.0,52.0,53.0,51.0,48.0,10.2,51.9,259.5,3398
213249,EXTERNADO NAL CAMILO TORRES,BOGOTÁ D.C.,2021,41,56.0,52.0,51.0,49.0,0.0,6.8,48.0,240.0,5817
213249,EXTERNADO NAL CAMILO TORRES,BOGOTÁ D.C.,2021,40,0.0,0.0,0.0,0.0,51.0,1.8,3.9,19.5,14336
213249,EXTERNADO NAL CAMILO TORRES,BOGOTÁ D.C.,2022,33,56.0,54.0,53.0,52.0,54.0,9.0,53.8,269.0,3089
213249,EXTERNADO NAL CAMILO TORRES,BOGOTÁ D.C.,2023,51,55.0,51.0,52.0,51.0,54.0,10.0,52.4,262.0,4159
213249,EXTERNADO NAL CAMILO TORRES,BOGOTÁ D.C.,2024,38,53.0,51.0,48.0,48.0,51.0,10.4,50.1,250.5,6174
213249,EXTERNADO NAL CAMILO TORRES,BOGOTÁ D.C.,2025,56,56.0,53.0,53.0,52.0,0.0,9.2,49.4,247.0,6695
213249,EXTERNADO NAL CAMILO TORRES,BOGOTÁ D.C.,2025,55,0.0,0.0,0.0,0.0,54.0,2.6,4.2,21.0,14764
218099,NICOLAS BUENAVENTURA,BOGOTÁ D.C.,2020,104,55.0,54.0,52.0,51.0,49.0,9.8,52.7,263.5,2984
218099,NICOLAS BUENAVENTURA,BOGOTÁ D.C.,2021,81,56.0,52.0,50.0,51.0,55.0,9.6,52.5,262.5,3083
218099,NICOLAS BUENAVENTURA,BOGOTÁ D.C.,2022,100,56.0,55.0,51.0,52.0,54.0,9.8,53.5,267.5,3280
218099,NICOLAS BUENAVENTURA,BOGOTÁ D.C.,2023,98,55.0,53.0,50.0,51.0,56.0,9.4,52.5,262.5,4159
218099,NICOLAS BUENAVENTURA,BOGOTÁ D.C.,2024,81,56.0,55.0,51.0,51.0,58.0,9.4,53.6,268.0,3765
218099,NICOLAS BUENAVENTURA,BOGOTÁ D.C.,2025,65,56.0,57.0,52.0,52.0,56.0,9.0,54.4,272.0,3504
214908,CENT EDUC DIST ANTONIO BARAYA,BOGOTÁ D.C.,2020,54,55.0,53.0,51.0,51.0,48.0,8.4,52.2,261.0,3178
214908,CENT EDUC DIST ANTONIO BARAYA,BOGOTÁ D.C.,2021,71,54.0,50.0,47.0,49.0,50.0,9.8,50.0,250.0,4448
214908,CENT EDUC DIST ANTONIO BARAYA,BOGOTÁ D.C.,2022,51,57.0,53.0,49.0,51.0,52.0,9.0,52.5,262.5,3812
214908,CENT EDUC DIST ANTONIO BARAYA,BOGOTÁ D.C.,2023,61,53.0,54.0,49.0,50.0,51.0,9.4,51.5,257.5,4796
214908,CENT EDUC DIST ANTONIO BARAYA,BOGOTÁ D.C.,2024,63,57.0,56.0,51.0,54.0,52.0,9.2,54.3,271.5,3449
214908,CENT EDUC DIST ANTONIO BARAYA,BOGOTÁ D.C.,2025,58,55.0,54.0,51.0,52.0,54.0,10.4,53.1,265.5,4310
747139,INSTITUTO ANDINO DE BACHILLERATO Y CAPACITACION,BOGOTÁ D.C.,2020,41,56.0,51.0,53.0,51.0,53.0,10.6,52.8,264.0,2872
747139,INSTITUTO ANDINO DE BACHILLERATO Y CAPACITACION,BOGOTÁ D.C.,2021,50,57.0,53.0,52.0,50.0,61.0,12.2,53.6,268.0,2591
747139,INSTITUTO ANDINO DE BACHILLERATO Y CAPACITACION,BOGOTÁ D.C.,2022,42,54.0,51.0,48.0,48.0,55.0,10.0,50.6,253.0,4897
747139,INSTITUTO ANDINO DE BACHILLERATO Y CAPACITACION,BOGOTÁ D.C.,2023,32,56.0,53.0,54.0,51.0,58.0,12.4,53.8,269.0,3317
747139,INSTITUTO ANDINO DE BACHILLERATO Y CAPACITACION,BOGOTÁ D.C.,2024,20,64.0,58.0,58.0,55.0,64.0,11.2,59.2,296.0,1635
747139,INSTITUTO ANDINO DE BACHILLERATO Y CAPACITACION,BOGOTÁ D.C.,2025,32,58.0,56.0,51.0,52.0,61.0,14.4,54.8,274.0,3312
056242,LIC PSICOPEDAG TIBABITA,BOGOTÁ D.C.,2020,27,55.0,57.0,52.0,50.0,47.0,8.4,53.0,265.0,2787
056242,LIC PSICOPEDAG TIBABITA,BOGOTÁ D.C.,2021,35,56.0,53.0,52.0,53.0,55.0,9.4,53.6,268.0,2591
056242,LIC PSICOPEDAG TIBABITA,BOGOTÁ D.C.,2022,36,53.0,51.0,47.0,50.0,49.0,11.0,50.2,251.0,5167
056242,LIC PSICOPEDAG TIBABITA,BOGOTÁ D.C.,2023,31,57.0,57.0,53.0,52.0,55.0,9.4,54.8,274.0,2835
056242,LIC PSICOPEDAG TIBABITA,BOGOTÁ D.C.,2024,34,56.0,54.0,51.0,52.0,55.0,9.8,53.4,267.0,3886
056242,LIC PSICOPEDAG TIBABITA,BOGOTÁ D.C.,2025,55,58.0,56.0,50.0,52.0,57.0,8.6,54.2,271.0,3610
107235,CENT EDUC DIST ANTONIO VAN UDEN,BOGOTÁ D.C.,2020,79,52.0,51.0,47.0,48.0,47.0,10.4,49.3,246.5,5038
107235,CENT EDUC DIST ANTONIO VAN UDEN,BOGOTÁ D.C.,2021,64,55.0,55.0,49.0,50.0,53.0,9.6,52.3,261.5,3173
107235,CENT EDUC DIST ANTONIO VAN UDEN,BOGOTÁ D.C.,2022,80,53.0,50.0,49.0,50.0,53.0,9.2,50.7,253.5,4897
107235,CENT EDUC DIST ANTONIO VAN UDEN,BOGOTÁ D.C.,2023,68,52.0,51.0,47.0,49.0,52.0,10.0,49.9,249.5,5939
107235,CENT EDUC DIST ANTONIO VAN UDEN,BOGOTÁ D.C.,2024,83,56.0,55.0,50.0,51.0,56.0,11.2,53.2,266.0,4012
107235,CENT EDUC DIST ANTONIO VAN UDEN,BOGOTÁ D.C.,2025,65,55.0,55.0,52.0,52.0,57.0,10.8,53.8,269.0,3853
090811,CENT EDUC DIST PABLO DE TARSO,BOGOTÁ D.C.,2020,75,51.0,51.0,48.0,48.0,44.0,8.2,49.1,245.5,5182
090811,CENT EDUC DIST PABLO DE TARSO,BOGOTÁ D.C.,2021,76,55.0,54.0,50.0,50.0,52.0,9.0,52.2,261.0,3173
090811,CENT EDUC DIST PABLO DE TARSO,BOGOTÁ D.C.,2022,90,55.0,53.0,50.0,49.0,52.0,9.0,51.8,259.0,4132
090811,CENT EDUC DIST PABLO DE TARSO,BOGOTÁ D.C.,2023,88,54.0,52.0,49.0,50.0,50.0,8.6,51.2,256.0,4938
090811,CENT EDUC DIST PABLO DE TARSO,BOGOTÁ D.C.,2024,82,56.0,53.0,51.0,52.0,52.0,10.2,52.9,264.5,4262
090811,CENT EDUC DIST PABLO DE TARSO,BOGOTÁ D.C.,2025,68,55.0,56.0,52.0,52.0,53.0,9.2,53.7,268.5,3966
126219,CENT EDUC DIST RAFAEL URIBE URIBE,BOGOTÁ D.C.,2020,65,52.0,54.0,49.0,48.0,46.0,9.0,50.4,252.0,4217
126219,CENT EDUC DIST RAFAEL URIBE URIBE,BOGOTÁ D.C.,2021,52,51.0,49.0,43.0,47.0,45.0,8.4,47.3,236.5,6424
126219,CENT EDUC DIST RAFAEL URIBE URIBE,BOGOTÁ D.C.,2022,65,52.0,51.0,46.0,49.0,47.0,10.4,49.3,246.5,5890
126219,CENT EDUC DIST RAFAEL URIBE URIBE,BOGOTÁ D.C.,2023,61,54.0,51.0,49.0,51.0,48.0,8.4,51.0,255.0,5082
126219,CENT EDUC DIST RAFAEL URIBE URIBE,BOGOTÁ D.C.,2024,66,53.0,52.0,46.0,49.0,47.0,9.0,49.8,249.0,6319
126219,CENT EDUC DIST RAFAEL URIBE URIBE,BOGOTÁ D.C.,2025,62,55.0,54.0,51.0,52.0,50.0,9.4,52.8,264.0,4428
112938,CENT EDUC DIST ROBERT KENNEDY,BOGOTÁ D.C.,2020,91,55.0,54.0,52.0,52.0,51.0,9.8,53.1,265.5,2787
112938,CENT EDUC DIST ROBERT KENNEDY,BOGOTÁ D.C.,2021,103,55.0,51.0,51.0,50.0,53.0,9.2,51.8,259.0,3375
112938,CENT EDUC DIST ROBERT KENNEDY,BOGOTÁ D.C.,2022,93,57.0,54.0,51.0,51.0,54.0,9.2,53.3,266.5,3387
112938,CENT EDUC DIST ROBERT KENNEDY,BOGOTÁ D.C.,2023,90,56.0,51.0,51.0,50.0,55.0,9.6,52.2,261.0,4277
112938,CENT EDUC DIST ROBERT KENNEDY,BOGOTÁ D.C.,2024,89,57.0,53.0,51.0,52.0,56.0,10.0,53.5,267.5,3886
112938,CENT EDUC DIST ROBERT KENNEDY,BOGOTÁ D.C.,2025,92,56.0,54.0,51.0,52.0,59.0,10.2,53.7,268.5,3966
085423,INST JERUSALEN,BOGOTÁ D.C.,2020,6,60.0,64.0,59.0,56.0,51.0,6.6,59.1,295.5,1114
085423,INST JERUSALEN,BOGOTÁ D.C.,2021,9,56.0,55.0,52.0,52.0,57.0,7.8,54.0,270.0,2440
085423,INST JERUSALEN,BOGOTÁ D.C.,2022,5,61.0,59.0,54.0,57.0,61.0,6.8,58.0,290.0,1656
085423,INST JERUSALEN,BOGOTÁ D.C.,2023,11,54.0,54.0,50.0,52.0,53.0,8.4,52.5,262.5,4159
085423,INST JERUSALEN,BOGOTÁ D.C.,2024,7,49.0,49.0,42.0,46.0,51.0,8.6,46.8,234.0,8388
085423,INST JERUSALEN,BOGOTÁ D.C.,2025,16,56.0,57.0,50.0,52.0,53.0,8.6,53.7,268.5,3966
113050,CENT EDUC DIST EL SALITRE,BOGOTÁ D.C.,2020,121,54.0,51.0,49.0,48.0,47.0,9.0,50.2,251.0,4329
113050,CENT EDUC DIST EL SALITRE,BOGOTÁ D.C.,2021,123,53.0,50.0,48.0,49.0,52.0,9.6,50.2,251.0,4303
113050,CENT EDUC DIST EL SALITRE,BOGOTÁ D.C.,2022,141,54.0,51.0,49.0,50.0,52.0,9.8,51.1,255.5,4637
113050,CENT EDUC DIST EL SALITRE,BOGOTÁ D.C.,2023,129,56.0,51.0,52.0,52.0,55.0,9.4,52.9,264.5,3891
113050,CENT EDUC DIST EL SALITRE,BOGOTÁ D.C.,2024,109,56.0,53.0,51.0,52.0,55.0,10.2,53.2,266.0,4012
113050,CENT EDUC DIST EL SALITRE,BOGOTÁ D.C.,2025,106,55.0,51.0,50.0,52.0,54.0,10.8,52.2,261.0,4808
133819,COL CODEMA (INST EDUC DIST),BOGOTÁ D.C.,2020,109,54.0,53.0,51.0,52.0,47.0,9.4,52.1,260.5,3291
133819,COL CODEMA (INST EDUC DIST),BOGOTÁ D.C.,2021,107,55.0,51.0,48.0,49.0,50.0,9.6,50.7,253.5,4050
133819,COL CODEMA (INST EDUC DIST),BOGOTÁ D.C.,2022,101,55.0,54.0,51.0,51.0,50.0,9.0,52.5,262.5,3812
133819,COL CODEMA (INST EDUC DIST),BOGOTÁ D.C.,2023,78,56.0,56.0,51.0,52.0,55.0,9.4,53.8,269.0,3317
133819,COL CODEMA (INST EDUC DIST),BOGOTÁ D.C.,2024,117,58.0,57.0,54.0,54.0,53.0,9.6,55.5,277.5,2888
133819,COL CODEMA (INST EDUC DIST),BOGOTÁ D.C.,2025,111,56.0,54.0,51.0,52.0,54.0,10.4,53.3,266.5,4192
046680,COL DIST JUAN LOZANO Y LOZANO,BOGOTÁ D.C.,2020,115,53.0,52.0,51.0,49.0,47.0,7.8,50.9,254.5,3960
046680,COL DIST JUAN LOZANO Y LOZANO,BOGOTÁ D.C.,2021,108,55.0,52.0,51.0,51.0,52.0,9.8,52.2,261.0,3173
046680,COL DIST JUAN LOZANO Y LOZANO,BOGOTÁ D.C.,2022,128,55.0,52.0,51.0,51.0,54.0,9.6,52.4,262.0,3812
046680,COL DIST JUAN LOZANO Y LOZANO,BOGOTÁ D.C.,2023,110,56.0,53.0,53.0,51.0,54.0,10.2,53.3,266.5,3670
046680,COL DIST JUAN LOZANO Y LOZANO,BOGOTÁ D.C.,2024,101,57.0,54.0,53.0,51.0,57.0,9.6,54.0,270.0,3545
046680,COL DIST JUAN LOZANO Y LOZANO,BOGOTÁ D.C.,2025,116,57.0,54.0,52.0,52.0,57.0,10.0,54.0,270.0,3735
169672,COLEGIO MONTERROSALES - SEDE PRINCIPAL,BOGOTÁ D.C.,2020,27,59.0,59.0,59.0,57.0,62.0,12.2,58.8,294.0,1145
169672,COLEGIO MONTERROSALES - SEDE PRINCIPAL,BOGOTÁ D.C.,2021,32,60.0,54.0,52.0,52.0,65.0,10.8,55.3,276.5,2063
169672,COLEGIO MONTERROSALES - SEDE PRINCIPAL,BOGOTÁ D.C.,2022,126,60.0,58.0,56.0,56.0,65.0,11.0,58.1,290.5,1656
169672,COLEGIO MONTERROSALES - SEDE PRINCIPAL,BOGOTÁ D.C.,2023,247,59.0,56.0,55.0,54.0,63.0,11.2,56.5,282.5,2275
169672,COLEGIO MONTERROSALES - SEDE PRINCIPAL,BOGOTÁ D.C.,2024,38,57.0,55.0,52.0,53.0,64.0,11.0,55.0,275.0,3074
169672,COLEGIO MONTERROSALES - SEDE PRINCIPAL,BOGOTÁ D.C.,2025,94,58.0,54.0,52.0,52.0,62.0,10.8,54.6,273.0,3400
657510,COLEGIO NELSON MANDELA (IED) - SEDE PRINCIPAL,BOGOTÁ D.C.,2020,69,55.0,53.0,52.0,51.0,49.0,8.0,52.5,262.5,3075
657510,COLEGIO NELSON MANDELA (IED) - SEDE PRINCIPAL,BOGOTÁ D.C.,2021,66,57.0,53.0,53.0,53.0,54.0,9.6,54.0,270.0,2440
657510,COLEGIO NELSON MANDELA (IED) - SEDE PRINCIPAL,BOGOTÁ D.C.,2022,68,56.0,55.0,52.0,52.0,54.0,9.4,53.8,269.0,3089
657510,COLEGIO NELSON MANDELA (IED) - SEDE PRINCIPAL,BOGOTÁ D.C.,2023,70,56.0,54.0,53.0,53.0,53.0,9.4,53.9,269.5,3317
657510,COLEGIO NELSON MANDELA (IED) - SEDE PRINCIPAL,BOGOTÁ D.C.,2024,71,58.0,55.0,55.0,54.0,55.0,9.4,55.5,277.5,2888
657510,COLEGIO NELSON MANDELA (IED) - SEDE PRINCIPAL,BOGOTÁ D.C.,2025,72,56.0,51.0,53.0,52.0,56.0,9.6,53.2,266.0,4192
662759,COLEGIO MONTEHELENA - SEDE PRINCIPAL,BOGOTÁ D.C.,2022,72,57.0,55.0,51.0,52.0,61.0,11.0,54.3,271.5,2904
662759,COLEGIO MONTEHELENA - SEDE PRINCIPAL,BOGOTÁ D.C.,2023,55,57.0,53.0,52.0,53.0,63.0,11.4,54.5,272.5,3013
662759,COLEGIO MONTEHELENA - SEDE PRINCIPAL,BOGOTÁ D.C.,2024,66,57.0,55.0,50.0,52.0,61.0,11.2,54.1,270.5,3545
662759,COLEGIO MONTEHELENA - SEDE PRINCIPAL,BOGOTÁ D.C.,2025,35,55.0,53.0,49.0,52.0,55.0,11.4,52.5,262.5,4679
214213,CENT EDUC DIST BRASILIA - BOSA,BOGOTÁ D.C.,2020,105,53.0,53.0,50.0,50.0,48.0,9.2,51.2,256.0,3726
214213,CENT EDUC DIST BRASILIA - BOSA,BOGOTÁ D.C.,2021,109,52.0,49.0,46.0,48.0,48.0,8.6,48.7,243.5,5381
214213,CENT EDUC DIST BRASILIA - BOSA,BOGOTÁ D.C.,2022,97,53.0,52.0,51.0,51.0,52.0,9.2,51.8,259.0,4132
214213,CENT EDUC DIST BRASILIA - BOSA,BOGOTÁ D.C.,2023,104,55.0,53.0,50.0,51.0,53.0,9.8,52.3,261.5,4277
214213,CENT EDUC DIST BRASILIA - BOSA,BOGOTÁ D.C.,2024,94,55.0,54.0,49.0,51.0,53.0,10.0,52.3,261.5,4672
214213,CENT EDUC DIST BRASILIA - BOSA,BOGOTÁ D.C.,2025,93,55.0,56.0,50.0,52.0,52.0,9.8,53.2,266.0,4192
217406,CENT EDUC DIST PALERMO CEDIP,BOGOTÁ D.C.,2020,120,57.0,56.0,54.0,53.0,50.0,9.6,54.6,273.0,2144
217406,CENT EDUC DIST PALERMO CEDIP,BOGOTÁ D.C.,2021,111,57.0,53.0,53.0,52.0,56.0,9.4,53.9,269.5,2513
217406,CENT EDUC DIST PALERMO CEDIP,BOGOTÁ D.C.,2022,87,60.0,56.0,55.0,55.0,58.0,11.0,56.6,283.0,2037
217406,CENT EDUC DIST PALERMO CEDIP,BOGOTÁ D.C.,2023,110,59.0,56.0,54.0,52.0,58.0,10.0,55.5,277.5,2625
217406,CENT EDUC DIST PALERMO CEDIP,BOGOTÁ D.C.,2024,101,56.0,53.0,51.0,51.0,54.0,10.6,52.8,264.0,4262
217406,CENT EDUC DIST PALERMO CEDIP,BOGOTÁ D.C.,2025,113,57.0,55.0,50.0,52.0,56.0,11.2,53.7,268.5,3966
112789,CENT EDUC DIST TIBABUYES UNIVERSAL,BOGOTÁ D.C.,2020,91,54.0,52.0,52.0,51.0,49.0,8.6,52.0,260.0,3291
112789,CENT EDUC DIST TIBABUYES UNIVERSAL,BOGOTÁ D.C.,2021,96,52.0,50.0,48.0,49.0,50.0,9.4,49.8,249.0,4556
112789,CENT EDUC DIST TIBABUYES UNIVERSAL,BOGOTÁ D.C.,2022,86,53.0,51.0,49.0,49.0,51.0,8.6,50.5,252.5,5035
112789,CENT EDUC DIST TIBABUYES UNIVERSAL,BOGOTÁ D.C.,2023,91,55.0,52.0,50.0,50.0,53.0,9.4,51.8,259.0,4545
112789,CENT EDUC DIST TIBABUYES UNIVERSAL,BOGOTÁ D.C.,2024,61,55.0,53.0,51.0,53.0,54.0,10.2,53.1,265.5,4147
112789,CENT EDUC DIST TIBABUYES UNIVERSAL,BOGOTÁ D.C.,2025,90,54.0,52.0,50.0,52.0,55.0,9.0,52.2,261.0,4808
045062,COL DIST BENJAMIN HERRERA,BOGOTÁ D.C.,2020,81,55.0,55.0,52.0,52.0,50.0,8.8,53.2,266.0,2679
045062,COL DIST BENJAMIN HERRERA,BOGOTÁ D.C.,2021,70,55.0,52.0,50.0,51.0,52.0,9.2,52.0,260.0,3274
045062,COL DIST BENJAMIN HERRERA,BOGOTÁ D.C.,2022,54,54.0,52.0,47.0,50.0,51.0,10.6,50.8,254.0,4769
045062,COL DIST BENJAMIN HERRERA,BOGOTÁ D.C.,2023,71,55.0,52.0,50.0,51.0,55.0,10.0,52.2,261.0,4277
045062,COL DIST BENJAMIN HERRERA,BOGOTÁ D.C.,2024,56,56.0,55.0,50.0,52.0,57.0,10.0,53.5,267.5,3886
045062,COL DIST BENJAMIN HERRERA,BOGOTÁ D.C.,2025,54,56.0,55.0,49.0,52.0,57.0,9.4,53.3,266.5,4192
079889,INSTITUTO COMERCIAL LORETO SEDE B,BOGOTÁ D.C.,2020,39,53.0,54.0,51.0,50.0,46.0,10.2,51.5,257.5,3630
079889,INSTITUTO COMERCIAL LORETO SEDE B,BOGOTÁ D.C.,2021,34,53.0,51.0,46.0,49.0,53.0,9.8,50.0,250.0,4448
079889,INSTITUTO COMERCIAL LORETO SEDE B,BOGOTÁ D.C.,2022,39,56.0,57.0,50.0,52.0,56.0,10.8,53.9,269.5,3089
079889,INSTITUTO COMERCIAL LORETO SEDE B,BOGOTÁ D.C.,2023,30,59.0,56.0,54.0,54.0,58.0,8.8,55.9,279.5,2474
079889,INSTITUTO COMERCIAL LORETO SEDE B,BOGOTÁ D.C.,2024,40,59.0,56.0,51.0,52.0,57.0,9.6,54.7,273.5,3266
079889,INSTITUTO COMERCIAL LORETO SEDE B,BOGOTÁ D.C.,2025,29,56.0,55.0,50.0,52.0,56.0,10.0,53.5,267.5,4079
098970,GIMNASIO MARROQUIN CAMPESTRE,BOGOTÁ D.C.,2020,44,59.0,56.0,58.0,54.0,52.0,10.0,56.4,282.0,1644
098970,GIMNASIO MARROQUIN CAMPESTRE,BOGOTÁ D.C.,2021,77,59.0,54.0,53.0,53.0,58.0,9.4,55.0,275.0,2116
098970,GIMNASIO MARROQUIN CAMPESTRE,BOGOTÁ D.C.,2022,56,60.0,53.0,54.0,53.0,56.0,11.0,55.1,275.5,2589
098970,GIMNASIO MARROQUIN CAMPESTRE,BOGOTÁ D.C.,2023,63,61.0,61.0,57.0,58.0,58.0,8.2,59.2,296.0,1492
098970,GIMNASIO MARROQUIN CAMPESTRE,BOGOTÁ D.C.,2024,40,57.0,56.0,54.0,54.0,59.0,11.4,55.5,277.5,2888
098970,GIMNASIO MARROQUIN CAMPESTRE,BOGOTÁ D.C.,2025,40,56.0,55.0,52.0,52.0,56.0,10.4,53.9,269.5,3853
056366,COL DIST EDUC BAS Y MEDIA ALBERTO LLERAS CAMARGO,BOGOTÁ D.C.,2020,113,53.0,52.0,49.0,49.0,47.0,8.6,50.5,252.5,4217
056366,COL DIST EDUC BAS Y MEDIA ALBERTO LLERAS CAMARGO,BOGOTÁ D.C.,2021,144,53.0,51.0,47.0,49.0,51.0,10.0,50.1,250.5,4448
056366,COL DIST EDUC BAS Y MEDIA ALBERTO LLERAS CAMARGO,BOGOTÁ D.C.,2022,135,56.0,54.0,52.0,52.0,53.0,9.4,53.5,267.5,3280
056366,COL DIST EDUC BAS Y MEDIA ALBERTO LLERAS CAMARGO,BOGOTÁ D.C.,2023,142,54.0,51.0,50.0,51.0,51.0,9.4,51.5,257.5,4796
056366,COL DIST EDUC BAS Y MEDIA ALBERTO LLERAS CAMARGO,BOGOTÁ D.C.,2024,112,54.0,51.0,49.0,51.0,54.0,9.4,51.5,257.5,5205
056366,COL DIST EDUC BAS Y MEDIA ALBERTO LLERAS CAMARGO,BOGOTÁ D.C.,2025,136,56.0,53.0,51.0,52.0,55.0,10.6,53.2,266.0,4192
112839,CENT EDUC DIST GARCES NAVAS NO.3,BOGOTÁ D.C.,2020,28,56.0,53.0,51.0,50.0,51.0,8.2,52.4,262.0,3075
112839,CENT EDUC DIST GARCES NAVAS NO.3,BOGOTÁ D.C.,2021,27,57.0,54.0,52.0,52.0,56.0,9.2,53.9,269.5,2513
112839,CENT EDUC DIST GARCES NAVAS NO.3,BOGOTÁ D.C.,2022,42,56.0,53.0,50.0,51.0,53.0,10.4,52.5,262.5,3812
112839,CENT EDUC DIST GARCES NAVAS NO.3,BOGOTÁ D.C.,2023,39,55.0,52.0,51.0,52.0,51.0,8.8,52.4,262.0,4159
112839,CENT EDUC DIST GARCES NAVAS NO.3,BOGOTÁ D.C.,2024,58,56.0,54.0,49.0,52.0,53.0,9.0,52.8,264.0,4262
112839,CENT EDUC DIST GARCES NAVAS NO.3,BOGOTÁ D.C.,2025,54,54.0,54.0,49.0,52.0,54.0,9.0,52.4,262.0,4679
150490,COL DE EDUC BAS Y MEDIA ESTANISLAO ZULETA,BOGOTÁ D.C.,2020,61,54.0,52.0,49.0,51.0,48.0,8.2,51.2,256.0,3726
150490,COL DE EDUC BAS Y MEDIA ESTANISLAO ZULETA,BOGOTÁ D.C.,2021,54,55.0,52.0,49.0,50.0,50.0,9.2,51.4,257.0,3586
150490,COL DE EDUC BAS Y MEDIA ESTANISLAO ZULETA,BOGOTÁ D.C.,2022,67,52.0,51.0,47.0,50.0,49.0,9.6,49.9,249.5,5452
150490,COL DE EDUC BAS Y MEDIA ESTANISLAO ZULETA,BOGOTÁ D.C.,2023,58,52.0,48.0,47.0,50.0,51.0,8.8,49.4,247.0,6222
150490,COL DE EDUC BAS Y MEDIA ESTANISLAO ZULETA,BOGOTÁ D.C.,2024,66,54.0,51.0,48.0,49.0,52.0,9.4,50.6,253.0,5743
150490,COL DE EDUC BAS Y MEDIA ESTANISLAO ZULETA,BOGOTÁ D.C.,2025,45,57.0,55.0,48.0,52.0,55.0,9.6,53.2,266.0,4192
132670,COL GABRIEL BETANCOURT MEJIA (INST EDUC DIST),BOGOTÁ D.C.,2020,178,55.0,54.0,52.0,52.0,50.0,9.0,53.0,265.0,2787
132670,COL GABRIEL BETANCOURT MEJIA (INST EDUC DIST),BOGOTÁ D.C.,2021,177,58.0,55.0,52.0,53.0,54.0,9.2,54.5,272.5,2303
132670,COL GABRIEL BETANCOURT MEJIA (INST EDUC DIST),BOGOTÁ D.C.,2022,177,56.0,53.0,52.0,52.0,55.0,9.4,53.4,267.0,3280
132670,COL GABRIEL BETANCOURT MEJIA (INST EDUC DIST),BOGOTÁ D.C.,2023,183,55.0,53.0,50.0,51.0,54.0,9.6,52.4,262.0,4159
132670,COL GABRIEL BETANCOURT MEJIA (INST EDUC DIST),BOGOTÁ D.C.,2024,179,55.0,55.0,49.0,51.0,54.0,9.4,52.6,263.0,4413
132670,COL GABRIEL BETANCOURT MEJIA (INST EDUC DIST),BOGOTÁ D.C.,2025,105,55.0,53.0,49.0,52.0,54.0,10.8,52.4,262.0,4679
180661,INST EDUC DIST LEONARDO POSADA PEDRAZA - SEDE PRINCIPAL,BOGOTÁ D.C.,2020,122,53.0,54.0,50.0,51.0,48.0,9.0,51.7,258.5,3519
180661,INST EDUC DIST LEONARDO POSADA PEDRAZA - SEDE PRINCIPAL,BOGOTÁ D.C.,2021,96,55.0,53.0,51.0,52.0,53.0,9.6,52.8,264.0,2906
180661,INST EDUC DIST LEONARDO POSADA PEDRAZA - SEDE PRINCIPAL,BOGOTÁ D.C.,2022,115,55.0,53.0,50.0,50.0,53.0,9.2,52.1,260.5,4028
180661,INST EDUC DIST LEONARDO POSADA PEDRAZA - SEDE PRINCIPAL,BOGOTÁ D.C.,2023,134,54.0,54.0,50.0,51.0,53.0,8.8,52.3,261.5,4277
180661,INST EDUC DIST LEONARDO POSADA PEDRAZA - SEDE PRINCIPAL,BOGOTÁ D.C.,2024,132,56.0,55.0,49.0,51.0,55.0,9.4,52.9,264.5,4262
180661,INST EDUC DIST LEONARDO POSADA PEDRAZA - SEDE PRINCIPAL,BOGOTÁ D.C.,2025,133,56.0,55.0,50.0,52.0,54.0,9.0,53.3,266.5,4192
215061,ORLANDO FALS BORDA (ANTES BARRANQUILLITA),BOGOTÁ D.C.,2020,100,53.0,51.0,50.0,50.0,46.0,8.4,50.6,253.0,4092
215061,ORLANDO FALS BORDA (ANTES BARRANQUILLITA),BOGOTÁ D.C.,2021,117,50.0,47.0,45.0,47.0,47.0,8.8,47.2,236.0,6424
215061,ORLANDO FALS BORDA (ANTES BARRANQUILLITA),BOGOTÁ D.C.,2022,85,53.0,51.0,48.0,50.0,49.0,9.6,50.4,252.0,5035
215061,ORLANDO FALS BORDA (ANTES BARRANQUILLITA),BOGOTÁ D.C.,2023,100,54.0,52.0,49.0,52.0,51.0,9.4,51.7,258.5,4681
215061,ORLANDO FALS BORDA (ANTES BARRANQUILLITA),BOGOTÁ D.C.,2024,88,53.0,53.0,49.0,51.0,53.0,8.4,51.6,258.0,5086
215061,ORLANDO FALS BORDA (ANTES BARRANQUILLITA),BOGOTÁ D.C.,2025,91,54.0,53.0,48.0,52.0,53.0,10.2,51.8,259.0,5087
215616,LICEO NAL AGUSTIN NIETO CABALLERO,BOGOTÁ D.C.,2020,24,50.0,52.0,47.0,49.0,45.0,10.0,49.2,246.0,5038
215616,LICEO NAL AGUSTIN NIETO CABALLERO,BOGOTÁ D.C.,2021,19,45.0,45.0,40.0,43.0,43.0,8.2,43.2,216.0,9448
215616,LICEO NAL AGUSTIN NIETO CABALLERO,BOGOTÁ D.C.,2022,18,54.0,55.0,49.0,49.0,52.0,9.8,51.8,259.0,4132
215616,LICEO NAL AGUSTIN NIETO CABALLERO,BOGOTÁ D.C.,2023,18,49.0,50.0,45.0,49.0,52.0,9.2,48.5,242.5,6970
215616,LICEO NAL AGUSTIN NIETO CABALLERO,BOGOTÁ D.C.,2024,14,55.0,55.0,50.0,51.0,55.0,8.0,52.9,264.5,4262
215616,LICEO NAL AGUSTIN NIETO CABALLERO,BOGOTÁ D.C.,2025,20,57.0,56.0,48.0,52.0,54.0,9.2,53.3,266.5,4192
665901,SEDE C,BOGOTÁ D.C.,2020,76,55.0,53.0,50.0,50.0,46.0,9.6,51.5,257.5,3630
665901,SEDE C,BOGOTÁ D.C.,2021,48,54.0,54.0,50.0,51.0,49.0,10.4,52.0,260.0,3274
665901,SEDE C,BOGOTÁ D.C.,2022,49,56.0,54.0,51.0,52.0,52.0,9.2,53.2,266.0,3387
665901,SEDE C,BOGOTÁ D.C.,2023,66,57.0,56.0,53.0,53.0,54.0,9.4,54.7,273.5,2917
665901,SEDE C,BOGOTÁ D.C.,2024,68,55.0,56.0,51.0,53.0,54.0,9.0,53.8,269.0,3641
665901,SEDE C,BOGOTÁ D.C.,2025,71,55.0,53.0,48.0,52.0,51.0,9.8,51.9,259.5,5087
604108,COLEGIO MAYOR DE ENGATIVA - SEDE PRINCIPAL,BOGOTÁ D.C.,2020,26,54.0,47.0,48.0,48.0,47.0,9.0,49.1,245.5,5182
604108,COLEGIO MAYOR DE ENGATIVA - SEDE PRINCIPAL,BOGOTÁ D.C.,2021,22,55.0,49.0,49.0,50.0,54.0,8.6,51.0,255.0,3809
604108,COLEGIO MAYOR DE ENGATIVA - SEDE PRINCIPAL,BOGOTÁ D.C.,2022,23,49.0,46.0,46.0,44.0,47.0,10.0,46.3,231.5,7987
604108,COLEGIO MAYOR DE ENGATIVA - SEDE PRINCIPAL,BOGOTÁ D.C.,2023,22,56.0,48.0,49.0,51.0,55.0,9.8,51.3,256.5,4938
604108,COLEGIO MAYOR DE ENGATIVA - SEDE PRINCIPAL,BOGOTÁ D.C.,2024,29,56.0,55.0,54.0,53.0,56.0,10.0,54.6,273.0,3266
604108,COLEGIO MAYOR DE ENGATIVA - SEDE PRINCIPAL,BOGOTÁ D.C.,2025,32,57.0,52.0,51.0,52.0,56.0,9.0,53.2,266.0,4192
734194,CENT EDUC DIST ANTONIO JOSE DE SUCRE,BOGOTÁ D.C.,2020,20,51.0,52.0,51.0,51.0,49.0,9.4,51.1,255.5,3849
734194,CENT EDUC DIST ANTONIO JOSE DE SUCRE,BOGOTÁ D.C.,2021,30,55.0,52.0,51.0,51.0,52.0,10.6,52.2,261.0,3173
734194,CENT EDUC DIST ANTONIO JOSE DE SUCRE,BOGOTÁ D.C.,2022,20,59.0,59.0,58.0,56.0,57.0,9.6,57.9,289.5,1709
734194,CENT EDUC DIST ANTONIO JOSE DE SUCRE,BOGOTÁ D.C.,2023,25,56.0,57.0,52.0,54.0,55.0,9.4,54.8,274.0,2835
734194,CENT EDUC DIST ANTONIO JOSE DE SUCRE,BOGOTÁ D.C.,2024,31,58.0,60.0,53.0,55.0,56.0,10.0,56.5,282.5,2513
734194,CENT EDUC DIST ANTONIO JOSE DE SUCRE,BOGOTÁ D.C.,2025,23,56.0,54.0,52.0,52.0,57.0,9.4,53.8,269.0,3853
815035,COLEGIO CIUDADELA EL RECREO SONIA OSORIO DE SAINT-MALO (IED) - SEDE PRINCIPAL,BOGOTÁ D.C.,2024,70,55.0,52.0,50.0,51.0,51.0,10.8,51.9,259.5,4944
815035,COLEGIO CIUDADELA EL RECREO SONIA OSORIO DE SAINT-MALO (IED) - SEDE PRINCIPAL,BOGOTÁ D.C.,2025,64,55.0,55.0,51.0,52.0,52.0,10.2,53.2,266.0,4192
817593,COLEGIO ABEL RODRIGUEZ CESPEDES (IED) - SEDE PRINCIPAL,BOGOTÁ D.C.,2024,61,57.0,55.0,52.0,53.0,55.0,8.6,54.3,271.5,3449
817593,COLEGIO ABEL RODRIGUEZ CESPEDES (IED) - SEDE PRINCIPAL,BOGOTÁ D.C.,2025,75,57.0,55.0,51.0,52.0,56.0,9.6,53.9,269.5,3853
812305,COLEGIO PEDAGOGICO NEOGRANADINO,BOGOTÁ D.C.,2023,3,55.0,53.0,46.0,49.0,59.0,9.6,51.4,257.0,4796
812305,COLEGIO PEDAGOGICO NEOGRANADINO,BOGOTÁ D.C.,2024,11,53.0,48.0,48.0,49.0,54.0,12.2,49.8,249.0,6319
812305,COLEGIO PEDAGOGICO NEOGRANADINO,BOGOTÁ D.C.,2025,24,58.0,54.0,49.0,52.0,54.0,9.0,53.3,266.5,4192
112862,LIC  CULT LOPEZ OSORIO,BOGOTÁ D.C.,2020,67,51.0,48.0,46.0,46.0,45.0,9.6,47.5,237.5,6451
112862,LIC  CULT LOPEZ OSORIO,BOGOTÁ D.C.,2021,87,53.0,50.0,48.0,48.0,50.0,9.0,49.8,249.0,4556
112862,LIC  CULT LOPEZ OSORIO,BOGOTÁ D.C.,2022,83,55.0,51.0,47.0,48.0,51.0,9.4,50.3,251.5,5167
112862,LIC  CULT LOPEZ OSORIO,BOGOTÁ D.C.,2023,85,55.0,52.0,49.0,50.0,50.0,9.4,51.4,257.0,4796
112862,LIC  CULT LOPEZ OSORIO,BOGOTÁ D.C.,2024,78,58.0,57.0,52.0,54.0,54.0,9.4,55.2,276.0,2977
112862,LIC  CULT LOPEZ OSORIO,BOGOTÁ D.C.,2025,62,56.0,54.0,49.0,52.0,55.0,9.0,52.9,264.5,4428
062893,INST DIST EDUC BAS Y TECNICA AQUILEO PARRA,BOGOTÁ D.C.,2020,52,56.0,55.0,53.0,50.0,46.0,10.6,52.9,264.5,2872
062893,INST DIST EDUC BAS Y TECNICA AQUILEO PARRA,BOGOTÁ D.C.,2021,38,56.0,51.0,50.0,51.0,53.0,8.8,52.1,260.5,3274
062893,INST DIST EDUC BAS Y TECNICA AQUILEO PARRA,BOGOTÁ D.C.,2022,38,55.0,55.0,51.0,53.0,58.0,10.6,53.8,269.0,3089
062893,INST DIST EDUC BAS Y TECNICA AQUILEO PARRA,BOGOTÁ D.C.,2023,48,55.0,57.0,52.0,54.0,55.0,8.0,54.5,272.5,3013
062893,INST DIST EDUC BAS Y TECNICA AQUILEO PARRA,BOGOTÁ D.C.,2024,48,57.0,53.0,49.0,52.0,54.0,9.2,52.8,264.0,4262
062893,INST DIST EDUC BAS Y TECNICA AQUILEO PARRA,BOGOTÁ D.C.,2025,54,55.0,53.0,49.0,52.0,55.0,9.0,52.5,262.5,4679
072793,CENT EDUC DIST INST TEC RODRIGO DE TRIANA,BOGOTÁ D.C.,2020,111,51.0,51.0,46.0,47.0,47.0,8.6,48.6,243.0,5473
072793,CENT EDUC DIST INST TEC RODRIGO DE TRIANA,BOGOTÁ D.C.,2021,99,53.0,50.0,46.0,47.0,47.0,8.6,48.8,244.0,5257
072793,CENT EDUC DIST INST TEC RODRIGO DE TRIANA,BOGOTÁ D.C.,2022,79,54.0,52.0,50.0,51.0,51.0,10.4,51.7,258.5,4254
072793,CENT EDUC DIST INST TEC RODRIGO DE TRIANA,BOGOTÁ D.C.,2023,92,55.0,53.0,51.0,52.0,52.0,9.4,52.7,263.5,4004
072793,CENT EDUC DIST INST TEC RODRIGO DE TRIANA,BOGOTÁ D.C.,2024,91,56.0,55.0,50.0,50.0,51.0,9.0,52.6,263.0,4413
072793,CENT EDUC DIST INST TEC RODRIGO DE TRIANA,BOGOTÁ D.C.,2025,91,57.0,53.0,50.0,52.0,54.0,10.0,53.1,265.5,4310
020792,COL DIST JOSE MARIA CORDOBA,BOGOTÁ D.C.,2025,159,58.0,57.0,53.0,52.0,59.0,9.4,55.3,276.5,3124
112896,CENT EDUC DIST ISABEL II,BOGOTÁ D.C.,2020,74,56.0,54.0,53.0,52.0,50.0,9.0,53.5,267.5,2591
112896,CENT EDUC DIST ISABEL II,BOGOTÁ D.C.,2021,59,57.0,55.0,51.0,51.0,51.0,9.2,53.3,266.5,2723
112896,CENT EDUC DIST ISABEL II,BOGOTÁ D.C.,2022,66,55.0,53.0,49.0,51.0,52.0,9.8,52.0,260.0,4028
112896,CENT EDUC DIST ISABEL II,BOGOTÁ D.C.,2023,61,57.0,56.0,53.0,53.0,56.0,10.6,54.8,274.0,2835
112896,CENT EDUC DIST ISABEL II,BOGOTÁ D.C.,2024,65,57.0,56.0,54.0,53.0,56.0,9.2,55.1,275.5,3074
112896,CENT EDUC DIST ISABEL II,BOGOTÁ D.C.,2025,67,56.0,55.0,50.0,52.0,55.0,9.0,53.4,267.0,4079
215723,COL DIST RAFAEL BERNAL JIMENEZ,BOGOTÁ D.C.,2020,68,57.0,57.0,54.0,52.0,51.0,9.2,54.7,273.5,2144
215723,COL DIST RAFAEL BERNAL JIMENEZ,BOGOTÁ D.C.,2021,88,56.0,55.0,51.0,52.0,54.0,8.8,53.5,267.5,2660
215723,COL DIST RAFAEL BERNAL JIMENEZ,BOGOTÁ D.C.,2022,67,56.0,55.0,51.0,52.0,55.0,9.4,53.6,268.0,3174
215723,COL DIST RAFAEL BERNAL JIMENEZ,BOGOTÁ D.C.,2023,88,57.0,53.0,52.0,53.0,54.0,9.8,53.8,269.0,3317
215723,COL DIST RAFAEL BERNAL JIMENEZ,BOGOTÁ D.C.,2024,69,55.0,53.0,48.0,50.0,52.0,9.8,51.5,257.5,5205
215723,COL DIST RAFAEL BERNAL JIMENEZ,BOGOTÁ D.C.,2025,88,58.0,54.0,50.0,52.0,56.0,9.4,53.7,268.5,3966
217547,CENT EDUC DIST HERNANDO DURAN DUSAN,BOGOTÁ D.C.,2020,117,54.0,53.0,51.0,51.0,47.0,8.8,51.8,259.0,3398
217547,CENT EDUC DIST HERNANDO DURAN DUSAN,BOGOTÁ D.C.,2021,127,55.0,51.0,49.0,50.0,50.0,9.0,51.2,256.0,3688
217547,CENT EDUC DIST HERNANDO DURAN DUSAN,BOGOTÁ D.C.,2022,160,55.0,54.0,50.0,52.0,54.0,9.0,52.8,264.0,3592
217547,CENT EDUC DIST HERNANDO DURAN DUSAN,BOGOTÁ D.C.,2023,172,55.0,53.0,50.0,51.0,52.0,9.6,52.2,261.0,4277
217547,CENT EDUC DIST HERNANDO DURAN DUSAN,BOGOTÁ D.C.,2024,170,57.0,55.0,50.0,53.0,53.0,9.6,53.7,268.5,3765
217547,CENT EDUC DIST HERNANDO DURAN DUSAN,BOGOTÁ D.C.,2025,159,56.0,55.0,50.0,52.0,55.0,10.4,53.4,267.0,4079
599506,LICEO CULTURAL LUIS ENRIQUE OSORIO,BOGOTÁ D.C.,2020,79,54.0,53.0,49.0,50.0,50.0,9.2,51.4,257.0,3630
599506,LICEO CULTURAL LUIS ENRIQUE OSORIO,BOGOTÁ D.C.,2021,83,54.0,54.0,47.0,50.0,50.0,8.8,51.2,256.0,3688
599506,LICEO CULTURAL LUIS ENRIQUE OSORIO,BOGOTÁ D.C.,2022,74,55.0,55.0,49.0,50.0,52.0,9.6,52.2,261.0,3916
599506,LICEO CULTURAL LUIS ENRIQUE OSORIO,BOGOTÁ D.C.,2023,103,56.0,56.0,50.0,51.0,52.0,9.2,53.2,266.0,3670
599506,LICEO CULTURAL LUIS ENRIQUE OSORIO,BOGOTÁ D.C.,2024,94,56.0,58.0,49.0,52.0,55.0,8.4,53.8,269.0,3641
599506,LICEO CULTURAL LUIS ENRIQUE OSORIO,BOGOTÁ D.C.,2025,98,56.0,56.0,49.0,52.0,57.0,9.6,53.5,267.5,4079
734244,CENT EDUC DIST TENERIFE,BOGOTÁ D.C.,2020,54,54.0,53.0,50.0,50.0,46.0,8.4,51.3,256.5,3726
734244,CENT EDUC DIST TENERIFE,BOGOTÁ D.C.,2021,52,53.0,50.0,48.0,49.0,50.0,10.0,50.0,250.0,4448
734244,CENT EDUC DIST TENERIFE,BOGOTÁ D.C.,2022,47,56.0,56.0,50.0,53.0,53.0,8.0,53.7,268.5,3174
734244,CENT EDUC DIST TENERIFE,BOGOTÁ D.C.,2023,55,57.0,55.0,52.0,51.0,53.0,10.0,53.7,268.5,3422
734244,CENT EDUC DIST TENERIFE,BOGOTÁ D.C.,2024,53,56.0,55.0,53.0,52.0,53.0,9.0,53.9,269.5,3641
734244,CENT EDUC DIST TENERIFE,BOGOTÁ D.C.,2025,54,57.0,55.0,51.0,52.0,54.0,9.4,53.8,269.0,3853
723890,COLEGIO MARIA CANO (IED),BOGOTÁ D.C.,2020,90,54.0,54.0,49.0,49.0,45.0,9.2,51.0,255.0,3849
723890,COLEGIO MARIA CANO (IED),BOGOTÁ D.C.,2021,103,53.0,52.0,47.0,49.0,50.0,9.0,50.2,251.0,4303
723890,COLEGIO MARIA CANO (IED),BOGOTÁ D.C.,2022,104,55.0,52.0,48.0,50.0,48.0,9.4,51.0,255.0,4637
723890,COLEGIO MARIA CANO (IED),BOGOTÁ D.C.,2023,88,53.0,49.0,48.0,48.0,51.0,9.2,49.6,248.0,6063
723890,COLEGIO MARIA CANO (IED),BOGOTÁ D.C.,2024,104,54.0,54.0,50.0,51.0,51.0,9.4,52.2,261.0,4672
723890,COLEGIO MARIA CANO (IED),BOGOTÁ D.C.,2025,92,56.0,56.0,50.0,52.0,54.0,10.4,53.5,267.5,4079
734319,COL DIST GUSTAVO MORALES MORALES,BOGOTÁ D.C.,2020,102,54.0,54.0,51.0,51.0,51.0,9.4,52.4,262.0,3075
734319,COL DIST GUSTAVO MORALES MORALES,BOGOTÁ D.C.,2021,133,55.0,51.0,49.0,50.0,54.0,9.0,51.5,257.5,3586
734319,COL DIST GUSTAVO MORALES MORALES,BOGOTÁ D.C.,2022,86,55.0,52.0,51.0,51.0,56.0,10.0,52.5,262.5,3812
734319,COL DIST GUSTAVO MORALES MORALES,BOGOTÁ D.C.,2023,101,57.0,56.0,53.0,55.0,56.0,9.0,55.3,276.5,2696
734319,COL DIST GUSTAVO MORALES MORALES,BOGOTÁ D.C.,2024,117,57.0,57.0,51.0,53.0,57.0,10.0,54.7,273.5,3266
734319,COL DIST GUSTAVO MORALES MORALES,BOGOTÁ D.C.,2025,124,56.0,54.0,50.0,52.0,58.0,10.8,53.4,267.0,4079
817395,CENTRO EDUCATIVO PRO-EDUCAR,BOGOTÁ D.C.,2025,6,54.0,50.0,47.0,52.0,56.0,9.0,51.2,256.0,5505
066647,COLEGIO CIUDAD DE CALI,BOGOTÁ D.C.,2020,61,53.0,51.0,49.0,47.0,46.0,10.0,49.7,248.5,4747
066647,COLEGIO CIUDAD DE CALI,BOGOTÁ D.C.,2021,73,52.0,48.0,48.0,49.0,50.0,9.6,49.3,246.5,4956
066647,COLEGIO CIUDAD DE CALI,BOGOTÁ D.C.,2022,54,56.0,50.0,49.0,50.0,52.0,9.4,51.3,256.5,4486
066647,COLEGIO CIUDAD DE CALI,BOGOTÁ D.C.,2023,73,54.0,52.0,49.0,50.0,53.0,9.6,51.4,257.0,4796
066647,COLEGIO CIUDAD DE CALI,BOGOTÁ D.C.,2024,55,58.0,54.0,52.0,53.0,54.0,9.0,54.2,271.0,3449
066647,COLEGIO CIUDAD DE CALI,BOGOTÁ D.C.,2025,61,57.0,55.0,52.0,52.0,55.0,9.4,54.1,270.5,3735
085498,LIC NORMANDIA,BOGOTÁ D.C.,2020,29,58.0,56.0,55.0,52.0,55.0,9.2,55.2,276.0,1964
085498,LIC NORMANDIA,BOGOTÁ D.C.,2021,35,59.0,52.0,54.0,53.0,63.0,8.8,55.2,276.0,2063
085498,LIC NORMANDIA,BOGOTÁ D.C.,2022,33,59.0,56.0,56.0,56.0,63.0,8.6,57.2,286.0,1860
085498,LIC NORMANDIA,BOGOTÁ D.C.,2023,26,59.0,55.0,56.0,54.0,61.0,8.6,56.4,282.0,2275
085498,LIC NORMANDIA,BOGOTÁ D.C.,2024,24,57.0,57.0,55.0,54.0,62.0,9.2,56.2,281.0,2581
085498,LIC NORMANDIA,BOGOTÁ D.C.,2025,32,59.0,51.0,54.0,52.0,59.0,10.6,54.4,272.0,3504
036319,INST DE BTO TEC COMERCIAL PITAGORAS,BOGOTÁ D.C.,2020,29,52.0,51.0,47.0,47.0,46.0,11.2,49.0,245.0,5182
036319,INST DE BTO TEC COMERCIAL PITAGORAS,BOGOTÁ D.C.,2021,24,50.0,49.0,44.0,47.0,46.0,8.4,47.4,237.0,6250
036319,INST DE BTO TEC COMERCIAL PITAGORAS,BOGOTÁ D.C.,2022,32,53.0,49.0,49.0,49.0,52.0,9.8,50.2,251.0,5167
036319,INST DE BTO TEC COMERCIAL PITAGORAS,BOGOTÁ D.C.,2023,27,55.0,53.0,52.0,49.0,51.0,9.2,52.2,261.0,4277
036319,INST DE BTO TEC COMERCIAL PITAGORAS,BOGOTÁ D.C.,2024,32,53.0,51.0,48.0,51.0,55.0,8.8,51.1,255.5,5458
036319,INST DE BTO TEC COMERCIAL PITAGORAS,BOGOTÁ D.C.,2025,22,56.0,54.0,49.0,52.0,57.0,11.4,53.1,265.5,4310
023374,INEM FRANCISCO DE PAULA SANTANDER,BOGOTÁ D.C.,2020,147,53.0,52.0,49.0,48.0,45.0,10.2,50.1,250.5,4470
023374,INEM FRANCISCO DE PAULA SANTANDER,BOGOTÁ D.C.,2021,156,0.0,0.0,0.0,0.0,50.0,2.2,3.8,19.0,14336
023374,INEM FRANCISCO DE PAULA SANTANDER,BOGOTÁ D.C.,2021,157,53.0,51.0,48.0,49.0,0.0,7.8,46.4,232.0,7068
023374,INEM FRANCISCO DE PAULA SANTANDER,BOGOTÁ D.C.,2022,123,55.0,52.0,50.0,51.0,52.0,9.6,52.0,260.0,4028
023374,INEM FRANCISCO DE PAULA SANTANDER,BOGOTÁ D.C.,2023,130,53.0,51.0,49.0,50.0,52.0,9.6,50.8,254.0,5222
023374,INEM FRANCISCO DE PAULA SANTANDER,BOGOTÁ D.C.,2024,168,54.0,51.0,48.0,50.0,51.0,9.2,50.8,254.0,5600
023374,INEM FRANCISCO DE PAULA SANTANDER,BOGOTÁ D.C.,2025,159,56.0,54.0,50.0,52.0,56.0,9.4,53.2,266.0,4192
073056,CENT EDUC DIST PLAN PADRINOS SAN LUIS,BOGOTÁ D.C.,2020,24,53.0,52.0,48.0,48.0,45.0,9.2,49.8,249.0,4600
073056,CENT EDUC DIST PLAN PADRINOS SAN LUIS,BOGOTÁ D.C.,2021,31,51.0,51.0,46.0,47.0,50.0,8.4,48.8,244.0,5257
073056,CENT EDUC DIST PLAN PADRINOS SAN LUIS,BOGOTÁ D.C.,2022,44,54.0,50.0,48.0,50.0,49.0,9.4,50.4,252.0,5035
073056,CENT EDUC DIST PLAN PADRINOS SAN LUIS,BOGOTÁ D.C.,2023,42,51.0,53.0,49.0,50.0,50.0,9.4,50.7,253.5,5365
073056,CENT EDUC DIST PLAN PADRINOS SAN LUIS,BOGOTÁ D.C.,2024,42,53.0,54.0,49.0,51.0,50.0,7.8,51.6,258.0,5086
073056,CENT EDUC DIST PLAN PADRINOS SAN LUIS,BOGOTÁ D.C.,2025,43,55.0,53.0,47.0,52.0,53.0,10.6,51.8,259.0,5087
215467,CENT EDUC DIST ATENAS,BOGOTÁ D.C.,2020,44,52.0,51.0,48.0,49.0,48.0,7.6,49.8,249.0,4600
215467,CENT EDUC DIST ATENAS,BOGOTÁ D.C.,2021,25,51.0,49.0,44.0,48.0,51.0,8.4,48.2,241.0,5675
215467,CENT EDUC DIST ATENAS,BOGOTÁ D.C.,2022,24,54.0,54.0,48.0,50.0,51.0,8.0,51.5,257.5,4379
215467,CENT EDUC DIST ATENAS,BOGOTÁ D.C.,2023,38,55.0,55.0,51.0,52.0,54.0,9.8,53.3,266.5,3670
215467,CENT EDUC DIST ATENAS,BOGOTÁ D.C.,2024,44,56.0,55.0,50.0,52.0,54.0,8.6,53.3,266.5,4012
215467,CENT EDUC DIST ATENAS,BOGOTÁ D.C.,2025,38,55.0,53.0,49.0,52.0,54.0,10.2,52.4,262.0,4679
216408,COL DIST LUIS LOPEZ DE MESA,BOGOTÁ D.C.,2020,51,50.0,50.0,47.0,47.0,46.0,8.6,48.3,241.5,5792
216408,COL DIST LUIS LOPEZ DE MESA,BOGOTÁ D.C.,2021,52,52.0,51.0,47.0,48.0,49.0,9.8,49.5,247.5,4807
216408,COL DIST LUIS LOPEZ DE MESA,BOGOTÁ D.C.,2022,42,50.0,51.0,46.0,48.0,50.0,9.2,48.8,244.0,6169
216408,COL DIST LUIS LOPEZ DE MESA,BOGOTÁ D.C.,2023,56,50.0,49.0,46.0,48.0,47.0,10.0,48.2,241.0,7120
216408,COL DIST LUIS LOPEZ DE MESA,BOGOTÁ D.C.,2024,48,52.0,52.0,47.0,48.0,48.0,8.4,49.6,248.0,6451
216408,COL DIST LUIS LOPEZ DE MESA,BOGOTÁ D.C.,2025,55,52.0,54.0,48.0,52.0,53.0,10.4,51.6,258.0,5220
665703,COLEGIO CAFAM SANTA LUCIA (IED),BOGOTÁ D.C.,2020,95,56.0,56.0,51.0,52.0,49.0,9.8,53.4,267.0,2591
665703,COLEGIO CAFAM SANTA LUCIA (IED),BOGOTÁ D.C.,2021,121,55.0,55.0,48.0,49.0,52.0,9.8,51.8,259.0,3375
665703,COLEGIO CAFAM SANTA LUCIA (IED),BOGOTÁ D.C.,2022,97,57.0,54.0,51.0,52.0,53.0,10.2,53.5,267.5,3280
665703,COLEGIO CAFAM SANTA LUCIA (IED),BOGOTÁ D.C.,2023,110,53.0,52.0,50.0,51.0,53.0,9.6,51.6,258.0,4681
665703,COLEGIO CAFAM SANTA LUCIA (IED),BOGOTÁ D.C.,2024,89,56.0,55.0,50.0,51.0,55.0,9.6,53.2,266.0,4012
665703,COLEGIO CAFAM SANTA LUCIA (IED),BOGOTÁ D.C.,2025,97,56.0,55.0,51.0,52.0,53.0,10.0,53.5,267.5,4079
722215,COLEGIO JORGE ISAACS (IED) - SEDE PRINCIPAL,BOGOTÁ D.C.,2020,28,56.0,55.0,50.0,51.0,48.0,10.2,52.6,263.0,2984
722215,COLEGIO JORGE ISAACS (IED) - SEDE PRINCIPAL,BOGOTÁ D.C.,2021,66,56.0,52.0,50.0,51.0,52.0,7.4,52.2,261.0,3173
722215,COLEGIO JORGE ISAACS (IED) - SEDE PRINCIPAL,BOGOTÁ D.C.,2022,60,57.0,56.0,50.0,53.0,55.0,9.6,54.1,270.5,3003
722215,COLEGIO JORGE ISAACS (IED) - SEDE PRINCIPAL,BOGOTÁ D.C.,2023,76,56.0,55.0,51.0,52.0,53.0,9.6,53.5,267.5,3550
722215,COLEGIO JORGE ISAACS (IED) - SEDE PRINCIPAL,BOGOTÁ D.C.,2024,82,57.0,55.0,54.0,52.0,55.0,9.6,54.5,272.5,3348
722215,COLEGIO JORGE ISAACS (IED) - SEDE PRINCIPAL,BOGOTÁ D.C.,2025,80,58.0,56.0,54.0,52.0,56.0,10.4,55.1,275.5,3212
818450,COLEGIO LAURA HERRERA DE VARELA (IED) - SEDE PRINCIPAL,BOGOTÁ D.C.,2024,72,54.0,50.0,48.0,50.0,50.0,10.4,50.5,252.5,5878
818450,COLEGIO LAURA HERRERA DE VARELA (IED) - SEDE PRINCIPAL,BOGOTÁ D.C.,2025,73,54.0,52.0,49.0,52.0,54.0,9.8,51.9,259.5,5087
813626,COLEGIO FERNANDO SOTO APARICIO IED,BOGOTÁ D.C.,2023,87,55.0,54.0,50.0,52.0,54.0,10.0,52.8,264.0,3891
813626,COLEGIO FERNANDO SOTO APARICIO IED,BOGOTÁ D.C.,2024,118,54.0,53.0,49.0,51.0,57.0,9.2,52.2,261.0,4672
813626,COLEGIO FERNANDO SOTO APARICIO IED,BOGOTÁ D.C.,2025,128,56.0,54.0,50.0,52.0,56.0,10.0,53.2,266.0,4192
820860,CENT EDUC DIST BAS Y MEDIA TOM ADAMS,BOGOTÁ D.C.,2025,105,56.0,53.0,51.0,52.0,55.0,10.6,53.2,266.0,4192
053926,CENT EDUC DIST GRAN COLOMBIANO,BOGOTÁ D.C.,2020,157,56.0,56.0,53.0,53.0,49.0,8.8,54.1,270.5,2359
053926,CENT EDUC DIST GRAN COLOMBIANO,BOGOTÁ D.C.,2021,196,54.0,53.0,48.0,50.0,52.0,9.4,51.3,256.5,3688
053926,CENT EDUC DIST GRAN COLOMBIANO,BOGOTÁ D.C.,2022,188,55.0,53.0,48.0,51.0,51.0,8.6,51.7,258.5,4254
053926,CENT EDUC DIST GRAN COLOMBIANO,BOGOTÁ D.C.,2023,220,54.0,55.0,49.0,53.0,54.0,9.4,52.8,264.0,3891
053926,CENT EDUC DIST GRAN COLOMBIANO,BOGOTÁ D.C.,2024,172,57.0,57.0,51.0,53.0,56.0,9.2,54.6,273.0,3266
053926,CENT EDUC DIST GRAN COLOMBIANO,BOGOTÁ D.C.,2025,210,56.0,55.0,50.0,52.0,56.0,9.6,53.5,267.5,4079
138206,COL ANTONIO GARCIA (INS EDUC DIST),BOGOTÁ D.C.,2020,51,55.0,56.0,49.0,49.0,45.0,8.2,51.7,258.5,3519
138206,COL ANTONIO GARCIA (INS EDUC DIST),BOGOTÁ D.C.,2021,77,53.0,54.0,47.0,49.0,47.0,9.8,50.5,252.5,4180
138206,COL ANTONIO GARCIA (INS EDUC DIST),BOGOTÁ D.C.,2022,55,52.0,52.0,47.0,47.0,46.0,8.8,49.2,246.0,5890
138206,COL ANTONIO GARCIA (INS EDUC DIST),BOGOTÁ D.C.,2023,84,54.0,52.0,48.0,50.0,49.0,9.6,50.8,254.0,5222
138206,COL ANTONIO GARCIA (INS EDUC DIST),BOGOTÁ D.C.,2024,88,54.0,54.0,48.0,50.0,48.0,9.8,51.2,256.0,5338
138206,COL ANTONIO GARCIA (INS EDUC DIST),BOGOTÁ D.C.,2025,82,55.0,56.0,50.0,52.0,51.0,9.4,53.1,265.5,4310
054015,COL DIST CARLOS ARANGO VELEZ,BOGOTÁ D.C.,2020,31,52.0,55.0,49.0,47.0,46.0,8.6,50.4,252.0,4217
054015,COL DIST CARLOS ARANGO VELEZ,BOGOTÁ D.C.,2021,38,52.0,49.0,46.0,45.0,50.0,9.8,48.2,241.0,5675
054015,COL DIST CARLOS ARANGO VELEZ,BOGOTÁ D.C.,2022,46,55.0,53.0,49.0,52.0,53.0,10.2,52.3,261.5,3916
054015,COL DIST CARLOS ARANGO VELEZ,BOGOTÁ D.C.,2023,36,53.0,53.0,49.0,52.0,48.0,9.0,51.5,257.5,4796
054015,COL DIST CARLOS ARANGO VELEZ,BOGOTÁ D.C.,2024,38,54.0,55.0,51.0,52.0,55.0,9.8,53.2,266.0,4012
054015,COL DIST CARLOS ARANGO VELEZ,BOGOTÁ D.C.,2025,38,53.0,55.0,47.0,52.0,53.0,10.2,51.8,259.0,5087
037036,COL NSTRA SRA DE LAS VICTORIAS,BOGOTÁ D.C.,2020,20,54.0,57.0,53.0,52.0,50.0,9.0,53.7,268.5,2515
037036,COL NSTRA SRA DE LAS VICTORIAS,BOGOTÁ D.C.,2021,24,55.0,56.0,50.0,52.0,53.0,11.2,53.2,266.0,2723
037036,COL NSTRA SRA DE LAS VICTORIAS,BOGOTÁ D.C.,2022,31,60.0,61.0,54.0,55.0,59.0,8.4,57.6,288.0,1761
037036,COL NSTRA SRA DE LAS VICTORIAS,BOGOTÁ D.C.,2023,30,58.0,59.0,53.0,55.0,61.0,9.2,56.6,283.0,2191
037036,COL NSTRA SRA DE LAS VICTORIAS,BOGOTÁ D.C.,2024,27,59.0,57.0,54.0,53.0,58.0,9.0,55.9,279.5,2732
037036,COL NSTRA SRA DE LAS VICTORIAS,BOGOTÁ D.C.,2025,19,57.0,54.0,53.0,52.0,56.0,9.2,54.2,271.0,3610
109470,COLEGIO MANUEL CEPEDA VARGAS (IED) - SEDE PRINCIPAL,BOGOTÁ D.C.,2020,144,55.0,53.0,51.0,50.0,47.0,9.0,51.8,259.0,3398
109470,COLEGIO MANUEL CEPEDA VARGAS (IED) - SEDE PRINCIPAL,BOGOTÁ D.C.,2021,102,56.0,53.0,50.0,51.0,51.0,10.0,52.4,262.0,3083
109470,COLEGIO MANUEL CEPEDA VARGAS (IED) - SEDE PRINCIPAL,BOGOTÁ D.C.,2022,107,54.0,52.0,49.0,51.0,52.0,9.4,51.5,257.5,4379
109470,COLEGIO MANUEL CEPEDA VARGAS (IED) - SEDE PRINCIPAL,BOGOTÁ D.C.,2023,130,55.0,53.0,50.0,51.0,52.0,9.2,52.2,261.0,4277
109470,COLEGIO MANUEL CEPEDA VARGAS (IED) - SEDE PRINCIPAL,BOGOTÁ D.C.,2024,171,55.0,52.0,50.0,52.0,54.0,9.4,52.4,262.0,4539
109470,COLEGIO MANUEL CEPEDA VARGAS (IED) - SEDE PRINCIPAL,BOGOTÁ D.C.,2025,170,55.0,53.0,49.0,52.0,53.0,9.4,52.3,261.5,4808
037267,COL MILIT JOSE ANTONIO GALAN,BOGOTÁ D.C.,2020,95,55.0,53.0,52.0,49.0,54.0,11.0,52.4,262.0,3075
037267,COL MILIT JOSE ANTONIO GALAN,BOGOTÁ D.C.,2021,92,55.0,53.0,51.0,52.0,59.0,10.4,53.2,266.0,2723
037267,COL MILIT JOSE ANTONIO GALAN,BOGOTÁ D.C.,2022,63,56.0,52.0,52.0,50.0,56.0,9.4,52.8,264.0,3592
037267,COL MILIT JOSE ANTONIO GALAN,BOGOTÁ D.C.,2023,47,54.0,52.0,50.0,53.0,57.0,11.2,52.6,263.0,4004
037267,COL MILIT JOSE ANTONIO GALAN,BOGOTÁ D.C.,2024,47,56.0,54.0,52.0,52.0,59.0,9.6,53.9,269.5,3641
037267,COL MILIT JOSE ANTONIO GALAN,BOGOTÁ D.C.,2025,50,56.0,54.0,51.0,52.0,58.0,10.0,53.6,268.0,3966
045336,COL DIST U.B. MARCO FIDEL SUAREZ,BOGOTÁ D.C.,2020,120,55.0,56.0,53.0,52.0,49.0,9.6,53.6,268.0,2515
045336,COL DIST U.B. MARCO FIDEL SUAREZ,BOGOTÁ D.C.,2021,111,53.0,51.0,47.0,48.0,50.0,8.6,49.8,249.0,4556
045336,COL DIST U.B. MARCO FIDEL SUAREZ,BOGOTÁ D.C.,2022,74,55.0,52.0,50.0,51.0,53.0,10.8,52.1,260.5,4028
045336,COL DIST U.B. MARCO FIDEL SUAREZ,BOGOTÁ D.C.,2023,135,56.0,55.0,51.0,52.0,52.0,10.2,53.4,267.0,3550
045336,COL DIST U.B. MARCO FIDEL SUAREZ,BOGOTÁ D.C.,2024,134,56.0,52.0,51.0,51.0,55.0,9.0,52.7,263.5,4413
045336,COL DIST U.B. MARCO FIDEL SUAREZ,BOGOTÁ D.C.,2025,184,56.0,54.0,51.0,52.0,55.0,8.6,53.4,267.0,4079
039719,COL DIST EDUC BAS Y MEDIA MANUELITA SAENZ,BOGOTÁ D.C.,2020,105,54.0,54.0,53.0,53.0,49.0,8.8,53.2,266.0,2679
039719,COL DIST EDUC BAS Y MEDIA MANUELITA SAENZ,BOGOTÁ D.C.,2021,129,54.0,52.0,49.0,50.0,50.0,9.6,51.2,256.0,3688
039719,COL DIST EDUC BAS Y MEDIA MANUELITA SAENZ,BOGOTÁ D.C.,2022,105,54.0,52.0,50.0,50.0,51.0,9.4,51.5,257.5,4379
039719,COL DIST EDUC BAS Y MEDIA MANUELITA SAENZ,BOGOTÁ D.C.,2023,98,56.0,54.0,50.0,53.0,55.0,9.6,53.4,267.0,3550
039719,COL DIST EDUC BAS Y MEDIA MANUELITA SAENZ,BOGOTÁ D.C.,2024,97,55.0,52.0,49.0,51.0,52.0,10.0,51.8,259.0,4944
039719,COL DIST EDUC BAS Y MEDIA MANUELITA SAENZ,BOGOTÁ D.C.,2025,131,55.0,54.0,49.0,52.0,54.0,10.0,52.6,263.0,4556
026039,CENT EDUC DIST PANAMERICANO,BOGOTÁ D.C.,2020,17,54.0,50.0,50.0,50.0,48.0,10.0,50.8,254.0,3960
026039,CENT EDUC DIST PANAMERICANO,BOGOTÁ D.C.,2021,12,56.0,52.0,48.0,48.0,54.0,10.6,51.2,256.0,3688
026039,CENT EDUC DIST PANAMERICANO,BOGOTÁ D.C.,2022,15,56.0,53.0,53.0,55.0,58.0,9.6,54.5,272.5,2824
026039,CENT EDUC DIST PANAMERICANO,BOGOTÁ D.C.,2023,14,52.0,49.0,45.0,48.0,51.0,10.4,48.7,243.5,6816
026039,CENT EDUC DIST PANAMERICANO,BOGOTÁ D.C.,2024,19,52.0,51.0,47.0,49.0,52.0,9.2,49.9,249.5,6319
026039,CENT EDUC DIST PANAMERICANO,BOGOTÁ D.C.,2025,20,53.0,54.0,50.0,52.0,52.0,10.8,52.2,261.0,4808
148650,CENT EDUC DIST TIBABUYES UNIVERSAL,BOGOTÁ D.C.,2020,96,52.0,50.0,47.0,48.0,46.0,8.6,49.0,245.0,5182
148650,CENT EDUC DIST TIBABUYES UNIVERSAL,BOGOTÁ D.C.,2021,58,50.0,47.0,47.0,44.0,47.0,9.0,47.0,235.0,6590
148650,CENT EDUC DIST TIBABUYES UNIVERSAL,BOGOTÁ D.C.,2022,55,52.0,48.0,45.0,47.0,49.0,9.2,48.1,240.5,6767
148650,CENT EDUC DIST TIBABUYES UNIVERSAL,BOGOTÁ D.C.,2023,66,53.0,50.0,48.0,49.0,53.0,9.2,50.2,251.0,5651
148650,CENT EDUC DIST TIBABUYES UNIVERSAL,BOGOTÁ D.C.,2024,62,54.0,55.0,49.0,52.0,53.0,8.8,52.5,262.5,4539
148650,CENT EDUC DIST TIBABUYES UNIVERSAL,BOGOTÁ D.C.,2025,51,55.0,54.0,49.0,52.0,56.0,10.2,52.8,264.0,4428
706820,GONZALO ARANGO (INST EDUC DIST),BOGOTÁ D.C.,2020,127,54.0,52.0,51.0,49.0,47.0,9.0,51.2,256.0,3726
706820,GONZALO ARANGO (INST EDUC DIST),BOGOTÁ D.C.,2021,134,55.0,53.0,51.0,51.0,52.0,9.8,52.5,262.5,3083
706820,GONZALO ARANGO (INST EDUC DIST),BOGOTÁ D.C.,2022,128,56.0,53.0,51.0,52.0,54.0,9.2,53.1,265.5,3497
706820,GONZALO ARANGO (INST EDUC DIST),BOGOTÁ D.C.,2023,141,56.0,53.0,52.0,53.0,54.0,9.2,53.5,267.5,3550
706820,GONZALO ARANGO (INST EDUC DIST),BOGOTÁ D.C.,2024,130,56.0,53.0,51.0,52.0,55.0,9.4,53.2,266.0,4012
706820,GONZALO ARANGO (INST EDUC DIST),BOGOTÁ D.C.,2025,133,57.0,54.0,50.0,52.0,56.0,9.8,53.5,267.5,4079
741538,CENT EDUC DIST FRIEDRICH NAUMANN,BOGOTÁ D.C.,2020,57,55.0,53.0,50.0,50.0,49.0,9.8,51.8,259.0,3398
741538,CENT EDUC DIST FRIEDRICH NAUMANN,BOGOTÁ D.C.,2021,48,55.0,51.0,48.0,49.0,51.0,9.6,50.8,254.0,3928
741538,CENT EDUC DIST FRIEDRICH NAUMANN,BOGOTÁ D.C.,2022,53,54.0,52.0,47.0,51.0,51.0,9.6,51.0,255.0,4637
741538,CENT EDUC DIST FRIEDRICH NAUMANN,BOGOTÁ D.C.,2023,66,53.0,50.0,47.0,50.0,51.0,9.4,50.1,250.5,5788
741538,CENT EDUC DIST FRIEDRICH NAUMANN,BOGOTÁ D.C.,2024,55,57.0,55.0,51.0,52.0,55.0,9.4,53.8,269.0,3641
741538,CENT EDUC DIST FRIEDRICH NAUMANN,BOGOTÁ D.C.,2025,58,58.0,58.0,50.0,52.0,58.0,9.0,54.8,274.0,3312
039651,INST DIST CASTILLA,BOGOTÁ D.C.,2020,83,56.0,54.0,53.0,52.0,54.0,9.4,53.8,269.0,2437
039651,INST DIST CASTILLA,BOGOTÁ D.C.,2021,95,57.0,52.0,52.0,51.0,59.0,10.0,53.5,267.5,2660
039651,INST DIST CASTILLA,BOGOTÁ D.C.,2022,77,57.0,52.0,50.0,51.0,58.0,8.4,52.9,264.5,3592
039651,INST DIST CASTILLA,BOGOTÁ D.C.,2023,82,57.0,53.0,51.0,53.0,58.0,9.8,53.8,269.0,3317
039651,INST DIST CASTILLA,BOGOTÁ D.C.,2024,76,56.0,55.0,53.0,54.0,62.0,9.8,55.1,275.5,3074
039651,INST DIST CASTILLA,BOGOTÁ D.C.,2025,81,58.0,54.0,52.0,52.0,61.0,10.8,54.5,272.5,3504
039693,COL DIST FERNANDO MAZUERA VILLEGAS,BOGOTÁ D.C.,2020,129,53.0,53.0,50.0,49.0,47.0,8.6,50.9,254.5,3960
039693,COL DIST FERNANDO MAZUERA VILLEGAS,BOGOTÁ D.C.,2021,159,54.0,49.0,49.0,49.0,50.0,9.0,50.2,251.0,4303
039693,COL DIST FERNANDO MAZUERA VILLEGAS,BOGOTÁ D.C.,2022,119,55.0,55.0,49.0,53.0,50.0,9.2,52.8,264.0,3592
039693,COL DIST FERNANDO MAZUERA VILLEGAS,BOGOTÁ D.C.,2023,148,54.0,54.0,50.0,52.0,52.0,9.2,52.5,262.5,4159
039693,COL DIST FERNANDO MAZUERA VILLEGAS,BOGOTÁ D.C.,2024,140,55.0,57.0,47.0,51.0,52.0,8.8,52.5,262.5,4539
039693,COL DIST FERNANDO MAZUERA VILLEGAS,BOGOTÁ D.C.,2025,130,54.0,53.0,48.0,52.0,54.0,10.0,51.9,259.5,5087
138032,COL VIRGINIA GUTIERREZ DE PINEDA (INS EDUC DIST),BOGOTÁ D.C.,2020,106,57.0,57.0,52.0,53.0,48.0,9.2,54.2,271.0,2294
138032,COL VIRGINIA GUTIERREZ DE PINEDA (INS EDUC DIST),BOGOTÁ D.C.,2021,93,52.0,51.0,46.0,48.0,49.0,8.4,49.2,246.0,4956
138032,COL VIRGINIA GUTIERREZ DE PINEDA (INS EDUC DIST),BOGOTÁ D.C.,2022,72,53.0,52.0,47.0,49.0,49.0,9.2,50.2,251.0,5167
138032,COL VIRGINIA GUTIERREZ DE PINEDA (INS EDUC DIST),BOGOTÁ D.C.,2023,63,57.0,55.0,52.0,53.0,54.0,8.8,54.2,271.0,3101
138032,COL VIRGINIA GUTIERREZ DE PINEDA (INS EDUC DIST),BOGOTÁ D.C.,2024,92,54.0,53.0,50.0,52.0,54.0,11.0,52.4,262.0,4539
138032,COL VIRGINIA GUTIERREZ DE PINEDA (INS EDUC DIST),BOGOTÁ D.C.,2025,107,53.0,53.0,48.0,52.0,55.0,9.8,51.8,259.0,5087
192021,CENT EDUC DIST VILLA ELISA,BOGOTÁ D.C.,2021,52,55.0,50.0,48.0,50.0,51.0,10.2,50.8,254.0,3928
192021,CENT EDUC DIST VILLA ELISA,BOGOTÁ D.C.,2022,56,58.0,55.0,51.0,52.0,52.0,8.8,53.8,269.0,3089
192021,CENT EDUC DIST VILLA ELISA,BOGOTÁ D.C.,2023,60,55.0,54.0,51.0,52.0,53.0,8.4,53.0,265.0,3776
192021,CENT EDUC DIST VILLA ELISA,BOGOTÁ D.C.,2024,62,56.0,56.0,54.0,53.0,55.0,8.6,54.8,274.0,3172
192021,CENT EDUC DIST VILLA ELISA,BOGOTÁ D.C.,2025,59,55.0,54.0,49.0,52.0,52.0,10.2,52.5,262.5,4679
215954,COL DIST EDUC BAS Y MEDIA JUAN FRANCISCO BERBEO,BOGOTÁ D.C.,2020,47,57.0,56.0,53.0,50.0,48.0,9.2,53.5,267.5,2591
215954,COL DIST EDUC BAS Y MEDIA JUAN FRANCISCO BERBEO,BOGOTÁ D.C.,2021,47,57.0,55.0,52.0,52.0,53.0,9.2,53.9,269.5,2513
215954,COL DIST EDUC BAS Y MEDIA JUAN FRANCISCO BERBEO,BOGOTÁ D.C.,2022,46,55.0,53.0,50.0,51.0,54.0,8.8,52.4,262.0,3812
215954,COL DIST EDUC BAS Y MEDIA JUAN FRANCISCO BERBEO,BOGOTÁ D.C.,2023,51,58.0,57.0,53.0,56.0,57.0,9.8,56.1,280.5,2407
215954,COL DIST EDUC BAS Y MEDIA JUAN FRANCISCO BERBEO,BOGOTÁ D.C.,2024,55,59.0,59.0,55.0,57.0,58.0,9.4,57.5,287.5,2139
215954,COL DIST EDUC BAS Y MEDIA JUAN FRANCISCO BERBEO,BOGOTÁ D.C.,2025,57,56.0,55.0,51.0,52.0,56.0,9.8,53.7,268.5,3966
600346,INST TENERIFE,BOGOTÁ D.C.,2020,20,52.0,47.0,49.0,48.0,46.0,8.6,48.8,244.0,5346
600346,INST TENERIFE,BOGOTÁ D.C.,2021,38,53.0,49.0,48.0,48.0,49.0,8.2,49.5,247.5,4807
600346,INST TENERIFE,BOGOTÁ D.C.,2022,18,55.0,49.0,51.0,48.0,51.0,8.2,50.8,254.0,4769
600346,INST TENERIFE,BOGOTÁ D.C.,2023,20,57.0,53.0,54.0,51.0,53.0,9.0,53.7,268.5,3422
600346,INST TENERIFE,BOGOTÁ D.C.,2024,27,56.0,52.0,50.0,50.0,52.0,9.0,52.0,260.0,4813
600346,INST TENERIFE,BOGOTÁ D.C.,2025,18,54.0,52.0,49.0,52.0,55.0,9.8,52.0,260.0,4957
727347,COLEGIO JOSE MARIA VELAZ (IED),BOGOTÁ D.C.,2020,118,55.0,57.0,52.0,52.0,47.0,9.2,53.5,267.5,2591
727347,COLEGIO JOSE MARIA VELAZ (IED),BOGOTÁ D.C.,2021,110,55.0,55.0,50.0,50.0,50.0,9.4,52.3,261.5,3173
727347,COLEGIO JOSE MARIA VELAZ (IED),BOGOTÁ D.C.,2022,96,55.0,55.0,49.0,51.0,51.0,9.6,52.4,262.0,3812
727347,COLEGIO JOSE MARIA VELAZ (IED),BOGOTÁ D.C.,2023,89,56.0,58.0,51.0,52.0,50.0,9.6,53.9,269.5,3317
727347,COLEGIO JOSE MARIA VELAZ (IED),BOGOTÁ D.C.,2024,99,56.0,56.0,52.0,54.0,53.0,9.2,54.4,272.0,3348
727347,COLEGIO JOSE MARIA VELAZ (IED),BOGOTÁ D.C.,2025,96,55.0,54.0,50.0,52.0,53.0,9.4,52.8,264.0,4428
718551,INST POLITECNICO NAL FEMENINO,BOGOTÁ D.C.,2020,47,52.0,52.0,49.0,49.0,46.0,9.0,50.2,251.0,4329
718551,INST POLITECNICO NAL FEMENINO,BOGOTÁ D.C.,2021,54,55.0,52.0,49.0,50.0,54.0,9.4,51.7,258.5,3478
718551,INST POLITECNICO NAL FEMENINO,BOGOTÁ D.C.,2022,44,58.0,55.0,52.0,53.0,53.0,9.2,54.4,272.0,2824
718551,INST POLITECNICO NAL FEMENINO,BOGOTÁ D.C.,2023,54,56.0,54.0,51.0,53.0,57.0,9.6,53.8,269.0,3317
718551,INST POLITECNICO NAL FEMENINO,BOGOTÁ D.C.,2024,47,57.0,54.0,51.0,52.0,55.0,8.6,53.6,268.0,3765
718551,INST POLITECNICO NAL FEMENINO,BOGOTÁ D.C.,2025,52,58.0,55.0,51.0,52.0,58.0,10.6,54.3,271.5,3610
735308,COLEGIO DEBORA ARANGO PÉREZ,BOGOTÁ D.C.,2020,177,53.0,50.0,49.0,48.0,51.0,10.0,50.1,250.5,4470
735308,COLEGIO DEBORA ARANGO PÉREZ,BOGOTÁ D.C.,2021,198,55.0,51.0,48.0,49.0,56.0,9.6,51.2,256.0,3688
735308,COLEGIO DEBORA ARANGO PÉREZ,BOGOTÁ D.C.,2022,194,56.0,52.0,51.0,51.0,57.0,10.0,52.8,264.0,3592
735308,COLEGIO DEBORA ARANGO PÉREZ,BOGOTÁ D.C.,2023,169,56.0,55.0,51.0,52.0,59.0,10.0,53.9,269.5,3317
735308,COLEGIO DEBORA ARANGO PÉREZ,BOGOTÁ D.C.,2024,180,55.0,53.0,49.0,51.0,58.0,9.6,52.5,262.5,4539
735308,COLEGIO DEBORA ARANGO PÉREZ,BOGOTÁ D.C.,2025,178,56.0,55.0,50.0,52.0,59.0,10.2,53.7,268.5,3966
102673,CENT EDUC DIST NUEVO SAN ANDRES DE LOS ALTOS,BOGOTÁ D.C.,2020,40,51.0,51.0,47.0,48.0,46.0,8.8,49.0,245.0,5182
102673,CENT EDUC DIST NUEVO SAN ANDRES DE LOS ALTOS,BOGOTÁ D.C.,2021,40,50.0,47.0,45.0,47.0,48.0,9.4,47.3,236.5,6424
102673,CENT EDUC DIST NUEVO SAN ANDRES DE LOS ALTOS,BOGOTÁ D.C.,2022,36,50.0,49.0,47.0,49.0,50.0,9.0,48.8,244.0,6169
102673,CENT EDUC DIST NUEVO SAN ANDRES DE LOS ALTOS,BOGOTÁ D.C.,2023,32,51.0,48.0,47.0,47.0,48.0,8.4,48.2,241.0,7120
102673,CENT EDUC DIST NUEVO SAN ANDRES DE LOS ALTOS,BOGOTÁ D.C.,2024,38,53.0,50.0,49.0,49.0,51.0,8.6,50.3,251.5,6023
102673,CENT EDUC DIST NUEVO SAN ANDRES DE LOS ALTOS,BOGOTÁ D.C.,2025,31,53.0,54.0,50.0,52.0,54.0,9.2,52.4,262.0,4679
020255,COL PARROQ CONFRATERNIDAD DE LA DOCTRINA CRISTIANA,BOGOTÁ D.C.,2020,33,56.0,55.0,55.0,53.0,49.0,10.2,54.3,271.5,2294
020255,COL PARROQ CONFRATERNIDAD DE LA DOCTRINA CRISTIANA,BOGOTÁ D.C.,2021,36,56.0,53.0,48.0,50.0,53.0,9.0,51.8,259.0,3375
020255,COL PARROQ CONFRATERNIDAD DE LA DOCTRINA CRISTIANA,BOGOTÁ D.C.,2022,30,57.0,56.0,53.0,54.0,56.0,9.8,55.1,275.5,2589
020255,COL PARROQ CONFRATERNIDAD DE LA DOCTRINA CRISTIANA,BOGOTÁ D.C.,2023,30,55.0,55.0,50.0,53.0,54.0,9.0,53.3,266.5,3670
020255,COL PARROQ CONFRATERNIDAD DE LA DOCTRINA CRISTIANA,BOGOTÁ D.C.,2024,38,58.0,57.0,53.0,54.0,56.0,9.2,55.5,277.5,2888
020255,COL PARROQ CONFRATERNIDAD DE LA DOCTRINA CRISTIANA,BOGOTÁ D.C.,2025,40,57.0,52.0,50.0,52.0,55.0,8.4,52.9,264.5,4428
072967,UNIDAD EDUCATIVA JEAN PIAGET,BOGOTÁ D.C.,2020,61,55.0,54.0,53.0,52.0,50.0,9.0,53.2,266.0,2679
072967,UNIDAD EDUCATIVA JEAN PIAGET,BOGOTÁ D.C.,2021,42,58.0,54.0,55.0,55.0,58.0,9.0,55.7,278.5,1959
072967,UNIDAD EDUCATIVA JEAN PIAGET,BOGOTÁ D.C.,2022,46,58.0,57.0,56.0,54.0,60.0,11.0,56.5,282.5,2118
072967,UNIDAD EDUCATIVA JEAN PIAGET,BOGOTÁ D.C.,2023,58,57.0,55.0,53.0,53.0,56.0,9.6,54.6,273.0,2917
072967,UNIDAD EDUCATIVA JEAN PIAGET,BOGOTÁ D.C.,2024,62,58.0,56.0,51.0,54.0,58.0,9.4,55.0,275.0,3074
072967,UNIDAD EDUCATIVA JEAN PIAGET,BOGOTÁ D.C.,2025,51,55.0,54.0,49.0,52.0,58.0,10.6,52.9,264.5,4428
075200,CENT EDUC DIST PORFIRIO BARBA JACOB,BOGOTÁ D.C.,2020,74,52.0,51.0,47.0,47.0,47.0,9.0,49.1,245.5,5182
075200,CENT EDUC DIST PORFIRIO BARBA JACOB,BOGOTÁ D.C.,2021,76,53.0,50.0,47.0,48.0,51.0,9.6,49.6,248.0,4675
075200,CENT EDUC DIST PORFIRIO BARBA JACOB,BOGOTÁ D.C.,2022,74,52.0,50.0,45.0,47.0,48.0,9.0,48.5,242.5,6461
075200,CENT EDUC DIST PORFIRIO BARBA JACOB,BOGOTÁ D.C.,2023,72,52.0,50.0,47.0,48.0,51.0,9.0,49.4,247.0,6222
075200,CENT EDUC DIST PORFIRIO BARBA JACOB,BOGOTÁ D.C.,2024,74,55.0,51.0,48.0,50.0,54.0,9.4,51.2,256.0,5338
075200,CENT EDUC DIST PORFIRIO BARBA JACOB,BOGOTÁ D.C.,2025,72,55.0,52.0,49.0,52.0,55.0,9.4,52.2,261.0,4808
102426,CENT EDUC DIST EL PORVENIR,BOGOTÁ D.C.,2020,78,56.0,56.0,52.0,52.0,46.0,8.8,53.4,267.0,2591
102426,CENT EDUC DIST EL PORVENIR,BOGOTÁ D.C.,2021,72,55.0,51.0,51.0,50.0,51.0,9.8,51.7,258.5,3478
102426,CENT EDUC DIST EL PORVENIR,BOGOTÁ D.C.,2022,72,55.0,51.0,49.0,49.0,48.0,9.2,50.8,254.0,4769
102426,CENT EDUC DIST EL PORVENIR,BOGOTÁ D.C.,2023,73,57.0,55.0,53.0,54.0,54.0,9.4,54.7,273.5,2917
102426,CENT EDUC DIST EL PORVENIR,BOGOTÁ D.C.,2024,74,56.0,56.0,52.0,53.0,54.0,10.0,54.2,271.0,3449
102426,CENT EDUC DIST EL PORVENIR,BOGOTÁ D.C.,2025,86,57.0,53.0,52.0,52.0,56.0,8.0,53.7,268.5,3966
056390,CENT EDUC DIST RUFINO JOSE CUERVO,BOGOTÁ D.C.,2020,125,54.0,53.0,51.0,50.0,48.0,9.0,51.7,258.5,3519
056390,CENT EDUC DIST RUFINO JOSE CUERVO,BOGOTÁ D.C.,2021,121,54.0,52.0,48.0,49.0,51.0,8.6,50.8,254.0,3928
056390,CENT EDUC DIST RUFINO JOSE CUERVO,BOGOTÁ D.C.,2022,109,55.0,53.0,49.0,51.0,51.0,8.8,51.9,259.5,4132
056390,CENT EDUC DIST RUFINO JOSE CUERVO,BOGOTÁ D.C.,2023,114,54.0,53.0,50.0,51.0,52.0,9.8,52.0,260.0,4401
056390,CENT EDUC DIST RUFINO JOSE CUERVO,BOGOTÁ D.C.,2024,106,57.0,56.0,52.0,52.0,54.0,9.2,54.2,271.0,3449
056390,CENT EDUC DIST RUFINO JOSE CUERVO,BOGOTÁ D.C.,2025,97,57.0,57.0,51.0,52.0,54.0,9.4,54.2,271.0,3610
120568,CENT EDUC DIST SAN CIPRIANO,BOGOTÁ D.C.,2020,36,57.0,54.0,56.0,51.0,53.0,10.2,54.4,272.0,2224
120568,CENT EDUC DIST SAN CIPRIANO,BOGOTÁ D.C.,2021,58,54.0,51.0,51.0,49.0,54.0,9.6,51.5,257.5,3586
120568,CENT EDUC DIST SAN CIPRIANO,BOGOTÁ D.C.,2022,44,58.0,54.0,55.0,52.0,57.0,10.0,54.9,274.5,2662
120568,CENT EDUC DIST SAN CIPRIANO,BOGOTÁ D.C.,2024,32,56.0,54.0,50.0,52.0,56.0,10.0,53.2,266.0,4012
120568,CENT EDUC DIST SAN CIPRIANO,BOGOTÁ D.C.,2025,38,55.0,51.0,49.0,52.0,54.0,9.8,51.9,259.5,5087
664979,COL DIST JOSE ASUNCION SILVA,BOGOTÁ D.C.,2020,44,55.0,55.0,52.0,53.0,50.0,8.0,53.5,267.5,2591
664979,COL DIST JOSE ASUNCION SILVA,BOGOTÁ D.C.,2021,54,57.0,53.0,51.0,52.0,54.0,9.6,53.3,266.5,2723
664979,COL DIST JOSE ASUNCION SILVA,BOGOTÁ D.C.,2022,55,58.0,57.0,52.0,53.0,52.0,8.8,54.8,274.0,2662
664979,COL DIST JOSE ASUNCION SILVA,BOGOTÁ D.C.,2023,60,54.0,55.0,51.0,51.0,54.0,9.4,52.8,264.0,3891
664979,COL DIST JOSE ASUNCION SILVA,BOGOTÁ D.C.,2024,44,55.0,55.0,50.0,54.0,53.0,9.4,53.5,267.5,3886
664979,COL DIST JOSE ASUNCION SILVA,BOGOTÁ D.C.,2025,48,57.0,56.0,48.0,52.0,55.0,9.0,53.4,267.0,4079
658435,LICEO PEDAGÓGICO NUESTRA SEÑORA DE LA SABIDURIA - SEDE PRINCIPAL,BOGOTÁ D.C.,2020,52,55.0,56.0,54.0,50.0,53.0,11.4,53.7,268.5,2515
658435,LICEO PEDAGÓGICO NUESTRA SEÑORA DE LA SABIDURIA - SEDE PRINCIPAL,BOGOTÁ D.C.,2021,73,58.0,54.0,52.0,51.0,58.0,9.4,54.1,270.5,2440
658435,LICEO PEDAGÓGICO NUESTRA SEÑORA DE LA SABIDURIA - SEDE PRINCIPAL,BOGOTÁ D.C.,2022,57,58.0,52.0,53.0,51.0,59.0,9.4,53.9,269.5,3089
658435,LICEO PEDAGÓGICO NUESTRA SEÑORA DE LA SABIDURIA - SEDE PRINCIPAL,BOGOTÁ D.C.,2023,63,57.0,52.0,51.0,52.0,57.0,9.6,53.3,266.5,3670
658435,LICEO PEDAGÓGICO NUESTRA SEÑORA DE LA SABIDURIA - SEDE PRINCIPAL,BOGOTÁ D.C.,2024,60,56.0,51.0,50.0,51.0,61.0,10.2,52.7,263.5,4413
658435,LICEO PEDAGÓGICO NUESTRA SEÑORA DE LA SABIDURIA - SEDE PRINCIPAL,BOGOTÁ D.C.,2025,93,57.0,53.0,49.0,52.0,58.0,9.4,53.2,266.0,4192
218966,COL DIST CRISTOBAL COLON (SERVITA),BOGOTÁ D.C.,2020,69,51.0,50.0,48.0,47.0,48.0,8.8,48.9,244.5,5346
218966,COL DIST CRISTOBAL COLON (SERVITA),BOGOTÁ D.C.,2021,100,54.0,50.0,48.0,48.0,51.0,9.2,50.1,250.5,4448
218966,COL DIST CRISTOBAL COLON (SERVITA),BOGOTÁ D.C.,2022,64,54.0,51.0,47.0,51.0,53.0,8.8,50.9,254.5,4769
218966,COL DIST CRISTOBAL COLON (SERVITA),BOGOTÁ D.C.,2023,94,53.0,51.0,48.0,49.0,51.0,9.4,50.3,251.5,5651
218966,COL DIST CRISTOBAL COLON (SERVITA),BOGOTÁ D.C.,2024,85,53.0,51.0,47.0,48.0,52.0,10.4,49.9,249.5,6319
218966,COL DIST CRISTOBAL COLON (SERVITA),BOGOTÁ D.C.,2025,87,54.0,54.0,48.0,52.0,54.0,9.6,52.2,261.0,4808
659250,COLEGIO CENTRO DE ESTUDIOS PRO-PYMES - SEDE PRINCIPAL,BOGOTÁ D.C.,2020,69,49.0,46.0,44.0,44.0,44.0,9.2,45.6,228.0,7845
659250,COLEGIO CENTRO DE ESTUDIOS PRO-PYMES - SEDE PRINCIPAL,BOGOTÁ D.C.,2021,72,48.0,45.0,42.0,45.0,44.0,8.0,44.9,224.5,8287
659250,COLEGIO CENTRO DE ESTUDIOS PRO-PYMES - SEDE PRINCIPAL,BOGOTÁ D.C.,2022,5,44.0,42.0,42.0,42.0,34.0,6.8,41.8,209.0,11110
659250,COLEGIO CENTRO DE ESTUDIOS PRO-PYMES - SEDE PRINCIPAL,BOGOTÁ D.C.,2023,35,50.0,46.0,45.0,44.0,44.0,8.8,46.1,230.5,8755
659250,COLEGIO CENTRO DE ESTUDIOS PRO-PYMES - SEDE PRINCIPAL,BOGOTÁ D.C.,2024,91,48.0,45.0,44.0,44.0,45.0,9.4,45.2,226.0,9478
659250,COLEGIO CENTRO DE ESTUDIOS PRO-PYMES - SEDE PRINCIPAL,BOGOTÁ D.C.,2025,5,50.0,53.0,40.0,52.0,51.0,16.0,48.9,244.5,7151
216473,DIANA TURBAY I,BOGOTÁ D.C.,2022,60,53.0,52.0,49.0,49.0,46.0,10.2,50.4,252.0,5035
216473,DIANA TURBAY I,BOGOTÁ D.C.,2023,87,54.0,53.0,49.0,50.0,49.0,9.2,51.3,256.5,4938
216473,DIANA TURBAY I,BOGOTÁ D.C.,2024,85,56.0,56.0,50.0,52.0,51.0,9.0,53.3,266.5,4012
216473,DIANA TURBAY I,BOGOTÁ D.C.,2025,90,54.0,54.0,50.0,52.0,53.0,9.6,52.5,262.5,4679
714733,COL NAL ANDRES BELLO,BOGOTÁ D.C.,2020,163,56.0,53.0,52.0,50.0,48.0,9.0,52.4,262.0,3075
714733,COL NAL ANDRES BELLO,BOGOTÁ D.C.,2021,149,56.0,53.0,50.0,51.0,54.0,9.0,52.6,263.0,2989
714733,COL NAL ANDRES BELLO,BOGOTÁ D.C.,2022,144,56.0,54.0,52.0,54.0,55.0,10.2,54.1,270.5,3003
714733,COL NAL ANDRES BELLO,BOGOTÁ D.C.,2023,118,56.0,53.0,51.0,53.0,55.0,9.2,53.4,267.0,3550
714733,COL NAL ANDRES BELLO,BOGOTÁ D.C.,2024,156,56.0,54.0,50.0,52.0,55.0,9.6,53.2,266.0,4012
714733,COL NAL ANDRES BELLO,BOGOTÁ D.C.,2025,110,56.0,57.0,50.0,52.0,57.0,10.0,54.0,270.0,3735
734186,COL DIST EDUC BAS Y MEDIA AGUSTIN FERNANDEZ,BOGOTÁ D.C.,2020,117,51.0,50.0,47.0,49.0,45.0,10.2,48.9,244.5,5346
734186,COL DIST EDUC BAS Y MEDIA AGUSTIN FERNANDEZ,BOGOTÁ D.C.,2021,78,53.0,50.0,46.0,47.0,47.0,9.0,48.8,244.0,5257
734186,COL DIST EDUC BAS Y MEDIA AGUSTIN FERNANDEZ,BOGOTÁ D.C.,2022,102,50.0,48.0,44.0,46.0,46.0,9.2,46.9,234.5,7555
734186,COL DIST EDUC BAS Y MEDIA AGUSTIN FERNANDEZ,BOGOTÁ D.C.,2023,89,52.0,50.0,48.0,50.0,51.0,10.0,50.1,250.5,5788
734186,COL DIST EDUC BAS Y MEDIA AGUSTIN FERNANDEZ,BOGOTÁ D.C.,2024,96,51.0,51.0,44.0,48.0,49.0,9.6,48.5,242.5,7265
734186,COL DIST EDUC BAS Y MEDIA AGUSTIN FERNANDEZ,BOGOTÁ D.C.,2025,86,54.0,52.0,48.0,52.0,51.0,9.6,51.5,257.5,5365
140103,COL CUIDADELA EDUCATIVA BOSA (INS EDUC DIST),BOGOTÁ D.C.,2020,173,53.0,51.0,50.0,50.0,47.0,9.0,50.7,253.5,4092
140103,COL CUIDADELA EDUCATIVA BOSA (INS EDUC DIST),BOGOTÁ D.C.,2021,176,54.0,52.0,50.0,51.0,51.0,9.0,51.7,258.5,3478
140103,COL CUIDADELA EDUCATIVA BOSA (INS EDUC DIST),BOGOTÁ D.C.,2022,195,54.0,51.0,51.0,50.0,52.0,9.4,51.5,257.5,4379
140103,COL CUIDADELA EDUCATIVA BOSA (INS EDUC DIST),BOGOTÁ D.C.,2023,178,54.0,51.0,50.0,50.0,53.0,8.6,51.4,257.0,4796
140103,COL CUIDADELA EDUCATIVA BOSA (INS EDUC DIST),BOGOTÁ D.C.,2024,196,54.0,51.0,48.0,48.0,53.0,9.4,50.5,252.5,5878
140103,COL CUIDADELA EDUCATIVA BOSA (INS EDUC DIST),BOGOTÁ D.C.,2025,186,54.0,51.0,49.0,51.0,53.0,9.6,51.4,257.0,5365
144287,CENT EDUC NAL PILOTO BAVARIA,BOGOTÁ D.C.,2020,114,53.0,51.0,49.0,47.0,46.0,9.6,49.7,248.5,4747
144287,CENT EDUC NAL PILOTO BAVARIA,BOGOTÁ D.C.,2021,91,53.0,50.0,49.0,47.0,47.0,9.6,49.5,247.5,4807
144287,CENT EDUC NAL PILOTO BAVARIA,BOGOTÁ D.C.,2022,88,56.0,54.0,51.0,52.0,54.0,9.2,53.3,266.5,3387
144287,CENT EDUC NAL PILOTO BAVARIA,BOGOTÁ D.C.,2023,111,52.0,52.0,47.0,49.0,53.0,9.6,50.2,251.0,5651
144287,CENT EDUC NAL PILOTO BAVARIA,BOGOTÁ D.C.,2024,72,54.0,53.0,48.0,52.0,51.0,9.0,51.7,258.5,5086
144287,CENT EDUC NAL PILOTO BAVARIA,BOGOTÁ D.C.,2025,64,53.0,52.0,46.0,51.0,53.0,9.0,50.7,253.5,5916
698258,INSTITUTO PEDAGOGICO LA REAL SOCIEDAD,BOGOTÁ D.C.,2020,19,53.0,52.0,50.0,52.0,52.0,9.0,51.8,259.0,3398
698258,INSTITUTO PEDAGOGICO LA REAL SOCIEDAD,BOGOTÁ D.C.,2021,13,53.0,47.0,47.0,49.0,53.0,10.0,49.3,246.5,4956
698258,INSTITUTO PEDAGOGICO LA REAL SOCIEDAD,BOGOTÁ D.C.,2022,38,57.0,56.0,52.0,53.0,56.0,9.2,54.6,273.0,2746
698258,INSTITUTO PEDAGOGICO LA REAL SOCIEDAD,BOGOTÁ D.C.,2023,41,53.0,48.0,48.0,47.0,54.0,9.6,49.4,247.0,6222
698258,INSTITUTO PEDAGOGICO LA REAL SOCIEDAD,BOGOTÁ D.C.,2024,50,53.0,50.0,50.0,49.0,56.0,8.6,50.9,254.5,5600
698258,INSTITUTO PEDAGOGICO LA REAL SOCIEDAD,BOGOTÁ D.C.,2025,37,55.0,52.0,48.0,51.0,57.0,8.0,51.9,259.5,5087
698167,COL CASA ACAD CULTURAL,BOGOTÁ D.C.,2022,11,54.0,54.0,46.0,51.0,55.0,10.8,51.5,257.5,4379
698167,COL CASA ACAD CULTURAL,BOGOTÁ D.C.,2023,14,57.0,51.0,52.0,51.0,56.0,9.8,53.0,265.0,3776
698167,COL CASA ACAD CULTURAL,BOGOTÁ D.C.,2024,17,64.0,57.0,60.0,56.0,66.0,11.6,59.8,299.0,1476
698167,COL CASA ACAD CULTURAL,BOGOTÁ D.C.,2025,15,55.0,52.0,50.0,51.0,57.0,10.4,52.4,262.0,4679
718239,CORPORACION TECNOLOGICA EMPRESARIAL - SEDE PRINCIPAL,BOGOTÁ D.C.,2024,1,36.0,31.0,42.0,34.0,50.0,0.0,36.8,184.0,13613
718239,CORPORACION TECNOLOGICA EMPRESARIAL - SEDE PRINCIPAL,BOGOTÁ D.C.,2025,1,52.0,39.0,44.0,51.0,43.0,0.0,46.2,231.0,8880
735217,CENT EDUC DIST LUIS LOPEZ DE MESA,BOGOTÁ D.C.,2020,182,53.0,50.0,49.0,48.0,45.0,8.8,49.6,248.0,4747
735217,CENT EDUC DIST LUIS LOPEZ DE MESA,BOGOTÁ D.C.,2021,171,54.0,50.0,49.0,49.0,49.0,8.8,50.4,252.0,4180
735217,CENT EDUC DIST LUIS LOPEZ DE MESA,BOGOTÁ D.C.,2022,175,52.0,49.0,47.0,49.0,48.0,9.2,49.2,246.0,5890
735217,CENT EDUC DIST LUIS LOPEZ DE MESA,BOGOTÁ D.C.,2023,167,54.0,51.0,49.0,51.0,50.0,9.0,51.2,256.0,4938
735217,CENT EDUC DIST LUIS LOPEZ DE MESA,BOGOTÁ D.C.,2024,188,55.0,50.0,50.0,51.0,53.0,9.2,51.6,258.0,5086
735217,CENT EDUC DIST LUIS LOPEZ DE MESA,BOGOTÁ D.C.,2025,181,54.0,50.0,48.0,51.0,52.0,9.2,50.8,254.0,5767
121566,CENT EDUC DIST NUEVA DELHI,BOGOTÁ D.C.,2020,29,52.0,51.0,48.0,48.0,47.0,10.2,49.5,247.5,4883
121566,CENT EDUC DIST NUEVA DELHI,BOGOTÁ D.C.,2021,42,51.0,48.0,44.0,47.0,48.0,8.2,47.5,237.5,6250
121566,CENT EDUC DIST NUEVA DELHI,BOGOTÁ D.C.,2022,30,54.0,51.0,49.0,50.0,48.0,11.0,50.8,254.0,4769
121566,CENT EDUC DIST NUEVA DELHI,BOGOTÁ D.C.,2023,48,51.0,50.0,44.0,49.0,48.0,8.2,48.5,242.5,6970
121566,CENT EDUC DIST NUEVA DELHI,BOGOTÁ D.C.,2024,35,55.0,52.0,47.0,50.0,49.0,8.0,50.8,254.0,5600
121566,CENT EDUC DIST NUEVA DELHI,BOGOTÁ D.C.,2025,31,54.0,52.0,45.0,51.0,53.0,10.6,50.7,253.5,5916
102558,CENT EDUC DIST DIANA TURBAY,BOGOTÁ D.C.,2020,31,50.0,47.0,44.0,45.0,48.0,8.6,46.6,233.0,7087
102558,CENT EDUC DIST DIANA TURBAY,BOGOTÁ D.C.,2021,48,53.0,50.0,47.0,48.0,52.0,9.6,49.7,248.5,4675
102558,CENT EDUC DIST DIANA TURBAY,BOGOTÁ D.C.,2022,48,52.0,48.0,48.0,46.0,50.0,9.2,48.6,243.0,6313
102558,CENT EDUC DIST DIANA TURBAY,BOGOTÁ D.C.,2023,50,53.0,48.0,48.0,48.0,50.0,8.6,49.3,246.5,6365
102558,CENT EDUC DIST DIANA TURBAY,BOGOTÁ D.C.,2024,40,53.0,52.0,50.0,49.0,50.0,8.6,50.9,254.5,5600
102558,CENT EDUC DIST DIANA TURBAY,BOGOTÁ D.C.,2025,31,54.0,52.0,51.0,51.0,55.0,9.8,52.2,261.0,4808
147967,COL GERMÀN ARCINIEGAS (INS EDUC DIST),BOGOTÁ D.C.,2020,92,53.0,53.0,49.0,50.0,48.0,9.2,51.0,255.0,3849
147967,COL GERMÀN ARCINIEGAS (INS EDUC DIST),BOGOTÁ D.C.,2021,93,55.0,53.0,51.0,51.0,51.0,9.6,52.4,262.0,3083
147967,COL GERMÀN ARCINIEGAS (INS EDUC DIST),BOGOTÁ D.C.,2022,91,53.0,52.0,48.0,50.0,49.0,9.4,50.6,253.0,4897
147967,COL GERMÀN ARCINIEGAS (INS EDUC DIST),BOGOTÁ D.C.,2023,158,55.0,52.0,50.0,51.0,51.0,9.8,51.9,259.5,4545
147967,COL GERMÀN ARCINIEGAS (INS EDUC DIST),BOGOTÁ D.C.,2024,79,56.0,53.0,50.0,52.0,53.0,10.4,52.8,264.0,4262
147967,COL GERMÀN ARCINIEGAS (INS EDUC DIST),BOGOTÁ D.C.,2025,70,55.0,54.0,49.0,51.0,55.0,10.6,52.5,262.5,4679
070540,LICEO SAN JOSE ORIENTAL,BOGOTÁ D.C.,2020,54,55.0,52.0,49.0,48.0,49.0,8.6,50.8,254.0,3960
070540,LICEO SAN JOSE ORIENTAL,BOGOTÁ D.C.,2021,55,54.0,52.0,49.0,50.0,53.0,10.2,51.4,257.0,3586
070540,LICEO SAN JOSE ORIENTAL,BOGOTÁ D.C.,2022,36,54.0,53.0,50.0,51.0,51.0,9.2,51.9,259.5,4132
070540,LICEO SAN JOSE ORIENTAL,BOGOTÁ D.C.,2023,62,55.0,52.0,48.0,51.0,53.0,9.0,51.6,258.0,4681
070540,LICEO SAN JOSE ORIENTAL,BOGOTÁ D.C.,2024,64,53.0,50.0,46.0,48.0,50.0,10.0,49.3,246.5,6712
070540,LICEO SAN JOSE ORIENTAL,BOGOTÁ D.C.,2025,73,54.0,51.0,47.0,51.0,53.0,10.0,50.9,254.5,5767
121707,CENT EDUC DIST GENERAL SANTANDER,BOGOTÁ D.C.,2020,78,56.0,56.0,54.0,53.0,51.0,9.2,54.5,272.5,2224
121707,CENT EDUC DIST GENERAL SANTANDER,BOGOTÁ D.C.,2021,89,53.0,49.0,46.0,48.0,49.0,8.8,49.0,245.0,5101
121707,CENT EDUC DIST GENERAL SANTANDER,BOGOTÁ D.C.,2022,73,54.0,54.0,48.0,50.0,51.0,10.0,51.5,257.5,4379
121707,CENT EDUC DIST GENERAL SANTANDER,BOGOTÁ D.C.,2023,91,54.0,53.0,50.0,51.0,52.0,10.0,52.0,260.0,4401
121707,CENT EDUC DIST GENERAL SANTANDER,BOGOTÁ D.C.,2024,122,53.0,51.0,49.0,49.0,52.0,11.6,50.6,253.0,5743
121707,CENT EDUC DIST GENERAL SANTANDER,BOGOTÁ D.C.,2025,84,56.0,56.0,50.0,51.0,0.0,8.0,49.2,246.0,6856
121707,CENT EDUC DIST GENERAL SANTANDER,BOGOTÁ D.C.,2025,83,0.0,0.0,0.0,0.0,53.0,2.2,4.1,20.5,14764
125146,COLEGIO REINA DE GALES,BOGOTÁ D.C.,2020,14,54.0,52.0,50.0,46.0,49.0,10.0,50.4,252.0,4217
125146,COLEGIO REINA DE GALES,BOGOTÁ D.C.,2022,11,54.0,48.0,46.0,50.0,54.0,9.2,49.8,249.0,5452
125146,COLEGIO REINA DE GALES,BOGOTÁ D.C.,2024,13,55.0,49.0,51.0,52.0,53.0,9.4,51.8,259.0,4944
125146,COLEGIO REINA DE GALES,BOGOTÁ D.C.,2025,11,54.0,54.0,48.0,51.0,55.0,9.8,52.0,260.0,4957
090829,CENT EDUC DIST PABLO DE TARSO,BOGOTÁ D.C.,2020,48,52.0,53.0,47.0,49.0,48.0,8.2,50.1,250.5,4470
090829,CENT EDUC DIST PABLO DE TARSO,BOGOTÁ D.C.,2021,52,53.0,50.0,47.0,48.0,49.0,9.0,49.5,247.5,4807
090829,CENT EDUC DIST PABLO DE TARSO,BOGOTÁ D.C.,2022,67,53.0,50.0,45.0,46.0,50.0,8.8,48.6,243.0,6313
090829,CENT EDUC DIST PABLO DE TARSO,BOGOTÁ D.C.,2023,73,54.0,52.0,50.0,49.0,52.0,8.6,51.3,256.5,4938
090829,CENT EDUC DIST PABLO DE TARSO,BOGOTÁ D.C.,2024,72,54.0,52.0,49.0,51.0,51.0,8.6,51.5,257.5,5205
090829,CENT EDUC DIST PABLO DE TARSO,BOGOTÁ D.C.,2025,62,54.0,53.0,47.0,51.0,52.0,8.6,51.3,256.5,5505
090779,CENT EDUC DIST CLASS,BOGOTÁ D.C.,2020,71,54.0,54.0,51.0,49.0,48.0,8.8,51.7,258.5,3519
090779,CENT EDUC DIST CLASS,BOGOTÁ D.C.,2021,76,54.0,50.0,49.0,48.0,51.0,9.2,50.3,251.5,4303
090779,CENT EDUC DIST CLASS,BOGOTÁ D.C.,2022,65,52.0,50.0,46.0,47.0,49.0,9.4,48.8,244.0,6169
090779,CENT EDUC DIST CLASS,BOGOTÁ D.C.,2023,77,52.0,51.0,48.0,48.0,51.0,9.0,49.8,249.0,5939
090779,CENT EDUC DIST CLASS,BOGOTÁ D.C.,2024,91,53.0,51.0,47.0,50.0,51.0,10.0,50.3,251.5,6023
090779,CENT EDUC DIST CLASS,BOGOTÁ D.C.,2025,106,55.0,54.0,49.0,51.0,51.0,9.4,52.2,261.0,4808
111716,LICEO BRITANICO SUPERIOR (ANTES TEDUCAMOS 1A) - SEDE PRINCIPAL,BOGOTÁ D.C.,2020,15,50.0,51.0,47.0,48.0,48.0,11.4,48.9,244.5,5346
111716,LICEO BRITANICO SUPERIOR (ANTES TEDUCAMOS 1A) - SEDE PRINCIPAL,BOGOTÁ D.C.,2021,8,47.0,44.0,41.0,40.0,43.0,6.8,43.0,215.0,9619
111716,LICEO BRITANICO SUPERIOR (ANTES TEDUCAMOS 1A) - SEDE PRINCIPAL,BOGOTÁ D.C.,2022,6,55.0,55.0,53.0,51.0,52.0,6.6,53.4,267.0,3280
111716,LICEO BRITANICO SUPERIOR (ANTES TEDUCAMOS 1A) - SEDE PRINCIPAL,BOGOTÁ D.C.,2023,2,46.0,37.0,40.0,43.0,40.0,1.8,41.4,207.0,11949
111716,LICEO BRITANICO SUPERIOR (ANTES TEDUCAMOS 1A) - SEDE PRINCIPAL,BOGOTÁ D.C.,2024,8,48.0,48.0,44.0,47.0,45.0,9.6,46.6,233.0,8525
111716,LICEO BRITANICO SUPERIOR (ANTES TEDUCAMOS 1A) - SEDE PRINCIPAL,BOGOTÁ D.C.,2025,10,51.0,53.0,47.0,51.0,50.0,13.0,50.5,252.5,6041
193748,CENTRO DE EDUCACION LABORAL - SEDE PRINCIPAL,BOGOTÁ D.C.,2021,9,57.0,48.0,47.0,46.0,55.0,13.4,49.9,249.5,4556
193748,CENTRO DE EDUCACION LABORAL - SEDE PRINCIPAL,BOGOTÁ D.C.,2022,28,51.0,47.0,46.0,46.0,46.0,9.2,47.4,237.0,7172
193748,CENTRO DE EDUCACION LABORAL - SEDE PRINCIPAL,BOGOTÁ D.C.,2023,19,51.0,46.0,46.0,47.0,48.0,8.8,47.5,237.5,7719
193748,CENTRO DE EDUCACION LABORAL - SEDE PRINCIPAL,BOGOTÁ D.C.,2024,17,54.0,48.0,46.0,49.0,55.0,10.0,49.7,248.5,6451
193748,CENTRO DE EDUCACION LABORAL - SEDE PRINCIPAL,BOGOTÁ D.C.,2025,22,55.0,52.0,46.0,51.0,52.0,9.2,51.1,255.5,5642
172395,CENT EDUC DIST LA TOSCANA,BOGOTÁ D.C.,2020,58,50.0,49.0,46.0,47.0,47.0,9.2,47.9,239.5,6127
172395,CENT EDUC DIST LA TOSCANA,BOGOTÁ D.C.,2021,32,52.0,47.0,47.0,47.0,51.0,9.0,48.5,242.5,5521
172395,CENT EDUC DIST LA TOSCANA,BOGOTÁ D.C.,2022,32,53.0,47.0,48.0,49.0,53.0,10.4,49.5,247.5,5730
172395,CENT EDUC DIST LA TOSCANA,BOGOTÁ D.C.,2023,35,56.0,53.0,52.0,52.0,58.0,9.6,53.6,268.0,3422
172395,CENT EDUC DIST LA TOSCANA,BOGOTÁ D.C.,2024,37,53.0,50.0,49.0,50.0,56.0,10.2,50.9,254.5,5600
172395,CENT EDUC DIST LA TOSCANA,BOGOTÁ D.C.,2025,62,54.0,50.0,49.0,51.0,53.0,11.0,51.2,256.0,5505
665208,CENT EDUC DIST JAIRO ANIBAL NIÑO,BOGOTÁ D.C.,2020,31,55.0,51.0,51.0,51.0,49.0,8.6,51.8,259.0,3398
665208,CENT EDUC DIST JAIRO ANIBAL NIÑO,BOGOTÁ D.C.,2021,36,54.0,52.0,46.0,48.0,51.0,7.8,50.1,250.5,4448
665208,CENT EDUC DIST JAIRO ANIBAL NIÑO,BOGOTÁ D.C.,2022,29,58.0,55.0,50.0,51.0,50.0,8.4,53.2,266.0,3387
665208,CENT EDUC DIST JAIRO ANIBAL NIÑO,BOGOTÁ D.C.,2023,23,51.0,52.0,47.0,49.0,53.0,9.8,50.0,250.0,5788
665208,CENT EDUC DIST JAIRO ANIBAL NIÑO,BOGOTÁ D.C.,2024,26,56.0,57.0,48.0,51.0,50.0,8.6,52.8,264.0,4262
665208,CENT EDUC DIST JAIRO ANIBAL NIÑO,BOGOTÁ D.C.,2025,27,56.0,54.0,48.0,51.0,55.0,9.2,52.5,262.5,4679
722744,COLEGIO NUEVA ROMA (IED),BOGOTÁ D.C.,2020,109,55.0,53.0,51.0,50.0,47.0,9.8,51.8,259.0,3398
722744,COLEGIO NUEVA ROMA (IED),BOGOTÁ D.C.,2021,131,54.0,52.0,48.0,48.0,50.0,9.6,50.5,252.5,4180
722744,COLEGIO NUEVA ROMA (IED),BOGOTÁ D.C.,2022,107,56.0,53.0,52.0,52.0,52.0,10.0,53.2,266.0,3387
722744,COLEGIO NUEVA ROMA (IED),BOGOTÁ D.C.,2023,92,54.0,51.0,49.0,49.0,51.0,10.2,50.8,254.0,5222
722744,COLEGIO NUEVA ROMA (IED),BOGOTÁ D.C.,2024,113,54.0,53.0,50.0,52.0,51.0,11.2,52.2,261.0,4672
722744,COLEGIO NUEVA ROMA (IED),BOGOTÁ D.C.,2025,92,55.0,54.0,49.0,51.0,51.0,10.4,52.2,261.0,4808
722660,CENT EDUC DIST CIUDAD DE MONTREAL,BOGOTÁ D.C.,2020,23,50.0,52.0,49.0,46.0,43.0,9.2,48.8,244.0,5346
722660,CENT EDUC DIST CIUDAD DE MONTREAL,BOGOTÁ D.C.,2021,34,53.0,52.0,47.0,48.0,48.0,8.6,49.8,249.0,4556
722660,CENT EDUC DIST CIUDAD DE MONTREAL,BOGOTÁ D.C.,2022,32,54.0,54.0,49.0,50.0,50.0,9.2,51.6,258.0,4254
722660,CENT EDUC DIST CIUDAD DE MONTREAL,BOGOTÁ D.C.,2023,30,52.0,52.0,47.0,48.0,49.0,9.4,49.7,248.5,6063
722660,CENT EDUC DIST CIUDAD DE MONTREAL,BOGOTÁ D.C.,2024,33,54.0,54.0,49.0,52.0,50.0,10.6,52.1,260.5,4813
722660,CENT EDUC DIST CIUDAD DE MONTREAL,BOGOTÁ D.C.,2025,30,53.0,51.0,47.0,51.0,50.0,10.0,50.5,252.5,6041
727438,COLEGIO SAN VICENTE (IED),BOGOTÁ D.C.,2020,148,55.0,53.0,51.0,51.0,47.0,8.8,52.1,260.5,3291
727438,COLEGIO SAN VICENTE (IED),BOGOTÁ D.C.,2021,122,54.0,52.0,48.0,49.0,48.0,9.4,50.5,252.5,4180
727438,COLEGIO SAN VICENTE (IED),BOGOTÁ D.C.,2022,89,55.0,52.0,49.0,50.0,48.0,9.4,51.2,256.0,4486
727438,COLEGIO SAN VICENTE (IED),BOGOTÁ D.C.,2023,102,54.0,53.0,49.0,51.0,51.0,9.8,51.7,258.5,4681
727438,COLEGIO SAN VICENTE (IED),BOGOTÁ D.C.,2024,113,58.0,52.0,53.0,52.0,53.0,10.2,53.7,268.5,3765
727438,COLEGIO SAN VICENTE (IED),BOGOTÁ D.C.,2025,75,55.0,52.0,50.0,51.0,53.0,9.6,52.1,260.5,4957
818468,COLEGIO LAURA HERRERA DE VARELA (IED) - SEDE PRINCIPAL,BOGOTÁ D.C.,2024,65,53.0,52.0,47.0,50.0,50.0,9.6,50.5,252.5,5878
818468,COLEGIO LAURA HERRERA DE VARELA (IED) - SEDE PRINCIPAL,BOGOTÁ D.C.,2025,63,56.0,55.0,49.0,51.0,53.0,10.0,52.8,264.0,4428
815043,COLEGIO CIUDADELA EL RECREO SONIA OSORIO DE SAINT-MALO (IED) - SEDE PRINCIPAL,BOGOTÁ D.C.,2024,32,52.0,49.0,46.0,48.0,51.0,8.4,48.9,244.5,6985
815043,COLEGIO CIUDADELA EL RECREO SONIA OSORIO DE SAINT-MALO (IED) - SEDE PRINCIPAL,BOGOTÁ D.C.,2025,47,54.0,51.0,49.0,51.0,49.0,8.6,51.1,255.5,5642
039776,COL DIST GUILLERMO LEON VALENCIA,BOGOTÁ D.C.,2020,55,55.0,54.0,51.0,51.0,49.0,11.0,52.5,262.5,3075
039776,COL DIST GUILLERMO LEON VALENCIA,BOGOTÁ D.C.,2021,81,56.0,53.0,51.0,51.0,53.0,9.4,52.8,264.0,2906
039776,COL DIST GUILLERMO LEON VALENCIA,BOGOTÁ D.C.,2022,98,55.0,52.0,49.0,48.0,53.0,10.2,51.2,256.0,4486
039776,COL DIST GUILLERMO LEON VALENCIA,BOGOTÁ D.C.,2023,83,53.0,51.0,48.0,51.0,53.0,10.0,50.9,254.5,5222
039776,COL DIST GUILLERMO LEON VALENCIA,BOGOTÁ D.C.,2024,91,55.0,52.0,48.0,50.0,55.0,10.6,51.5,257.5,5205
039776,COL DIST GUILLERMO LEON VALENCIA,BOGOTÁ D.C.,2025,62,56.0,55.0,50.0,51.0,56.0,9.8,53.2,266.0,4192
059402,CEDID ALFONSO LOPEZ PUMAREJO,BOGOTÁ D.C.,2020,62,55.0,57.0,54.0,55.0,52.0,8.6,55.0,275.0,2017
059402,CEDID ALFONSO LOPEZ PUMAREJO,BOGOTÁ D.C.,2021,78,55.0,53.0,50.0,52.0,53.0,9.2,52.5,262.5,3083
059402,CEDID ALFONSO LOPEZ PUMAREJO,BOGOTÁ D.C.,2022,70,57.0,55.0,50.0,53.0,54.0,9.0,53.8,269.0,3089
059402,CEDID ALFONSO LOPEZ PUMAREJO,BOGOTÁ D.C.,2023,56,56.0,56.0,52.0,54.0,55.0,9.0,54.5,272.5,3013
059402,CEDID ALFONSO LOPEZ PUMAREJO,BOGOTÁ D.C.,2024,62,56.0,56.0,51.0,55.0,57.0,9.4,54.7,273.5,3266
059402,CEDID ALFONSO LOPEZ PUMAREJO,BOGOTÁ D.C.,2025,57,55.0,54.0,50.0,51.0,55.0,10.4,52.7,263.5,4556
072843,CENT EDUC DIST INST TEC INTERNACIONAL,BOGOTÁ D.C.,2020,77,53.0,53.0,51.0,50.0,46.0,9.0,51.3,256.5,3726
072843,CENT EDUC DIST INST TEC INTERNACIONAL,BOGOTÁ D.C.,2021,67,53.0,49.0,47.0,48.0,50.0,9.2,49.3,246.5,4956
072843,CENT EDUC DIST INST TEC INTERNACIONAL,BOGOTÁ D.C.,2022,45,53.0,51.0,47.0,49.0,49.0,8.8,49.9,249.5,5452
072843,CENT EDUC DIST INST TEC INTERNACIONAL,BOGOTÁ D.C.,2023,76,53.0,53.0,48.0,50.0,52.0,9.6,51.1,255.5,5082
072843,CENT EDUC DIST INST TEC INTERNACIONAL,BOGOTÁ D.C.,2024,71,56.0,55.0,50.0,53.0,55.0,10.2,53.6,268.0,3765
072843,CENT EDUC DIST INST TEC INTERNACIONAL,BOGOTÁ D.C.,2025,80,55.0,54.0,49.0,51.0,55.0,9.6,52.5,262.5,4679
032888,COL DIST REP DE COSTA RICA,BOGOTÁ D.C.,2020,14,58.0,52.0,50.0,48.0,48.0,11.2,51.7,258.5,3519
032888,COL DIST REP DE COSTA RICA,BOGOTÁ D.C.,2021,31,54.0,49.0,46.0,47.0,53.0,8.4,49.3,246.5,4956
032888,COL DIST REP DE COSTA RICA,BOGOTÁ D.C.,2022,18,56.0,55.0,50.0,50.0,52.0,9.6,52.7,263.5,3692
032888,COL DIST REP DE COSTA RICA,BOGOTÁ D.C.,2023,32,0.0,0.0,0.0,0.0,52.0,2.2,4.0,20.0,14569
032888,COL DIST REP DE COSTA RICA,BOGOTÁ D.C.,2023,33,52.0,49.0,48.0,46.0,0.0,8.6,45.0,225.0,9454
032888,COL DIST REP DE COSTA RICA,BOGOTÁ D.C.,2024,18,59.0,57.0,56.0,55.0,55.0,10.4,56.6,283.0,2438
032888,COL DIST REP DE COSTA RICA,BOGOTÁ D.C.,2025,26,56.0,54.0,52.0,51.0,59.0,8.4,53.7,268.5,3966
099762,EXTERN DEL SUR PSICOPEDAGOGICO,BOGOTÁ D.C.,2020,14,54.0,54.0,51.0,48.0,45.0,8.6,51.2,256.0,3726
099762,EXTERN DEL SUR PSICOPEDAGOGICO,BOGOTÁ D.C.,2021,16,52.0,49.0,43.0,49.0,48.0,7.4,48.2,241.0,5675
099762,EXTERN DEL SUR PSICOPEDAGOGICO,BOGOTÁ D.C.,2022,9,55.0,51.0,51.0,53.0,56.0,13.0,52.8,264.0,3592
099762,EXTERN DEL SUR PSICOPEDAGOGICO,BOGOTÁ D.C.,2023,4,56.0,54.0,48.0,48.0,51.0,5.4,51.5,257.5,4796
099762,EXTERN DEL SUR PSICOPEDAGOGICO,BOGOTÁ D.C.,2024,12,60.0,59.0,53.0,54.0,60.0,8.2,56.8,284.0,2367
099762,EXTERN DEL SUR PSICOPEDAGOGICO,BOGOTÁ D.C.,2025,3,47.0,57.0,50.0,51.0,51.0,11.0,51.2,256.0,5505
115956,CENT EDUC DIST ROBERT KENNEDY,BOGOTÁ D.C.,2020,34,54.0,54.0,50.0,50.0,48.0,10.0,51.7,258.5,3519
115956,CENT EDUC DIST ROBERT KENNEDY,BOGOTÁ D.C.,2021,54,54.0,47.0,48.0,49.0,51.0,11.4,49.6,248.0,4675
115956,CENT EDUC DIST ROBERT KENNEDY,BOGOTÁ D.C.,2022,42,54.0,50.0,48.0,48.0,53.0,10.6,50.2,251.0,5167
115956,CENT EDUC DIST ROBERT KENNEDY,BOGOTÁ D.C.,2023,33,57.0,51.0,50.0,49.0,55.0,8.8,52.0,260.0,4401
115956,CENT EDUC DIST ROBERT KENNEDY,BOGOTÁ D.C.,2024,41,53.0,52.0,48.0,47.0,54.0,10.8,50.3,251.5,6023
115956,CENT EDUC DIST ROBERT KENNEDY,BOGOTÁ D.C.,2025,38,56.0,53.0,49.0,51.0,56.0,10.8,52.5,262.5,4679
125955,COLEGIO CIUDAD BOLIVAR - ARGENTINA (IED) - SEDE PRINCIPAL,BOGOTÁ D.C.,2020,60,51.0,49.0,47.0,46.0,46.0,9.0,48.1,240.5,5968
125955,COLEGIO CIUDAD BOLIVAR - ARGENTINA (IED) - SEDE PRINCIPAL,BOGOTÁ D.C.,2021,24,55.0,54.0,48.0,50.0,50.0,9.0,51.6,258.0,3478
125955,COLEGIO CIUDAD BOLIVAR - ARGENTINA (IED) - SEDE PRINCIPAL,BOGOTÁ D.C.,2022,27,51.0,49.0,45.0,47.0,49.0,7.4,48.1,240.5,6767
125955,COLEGIO CIUDAD BOLIVAR - ARGENTINA (IED) - SEDE PRINCIPAL,BOGOTÁ D.C.,2023,26,56.0,58.0,51.0,53.0,58.0,10.2,54.8,274.0,2835
125955,COLEGIO CIUDAD BOLIVAR - ARGENTINA (IED) - SEDE PRINCIPAL,BOGOTÁ D.C.,2024,30,56.0,56.0,50.0,52.0,54.0,9.6,53.5,267.5,3886
125955,COLEGIO CIUDAD BOLIVAR - ARGENTINA (IED) - SEDE PRINCIPAL,BOGOTÁ D.C.,2025,49,55.0,54.0,49.0,51.0,55.0,9.6,52.5,262.5,4679
150623,CENT EDUC DIST INST TEC RODRIGO DE TRIANA,BOGOTÁ D.C.,2020,103,53.0,53.0,50.0,50.0,47.0,8.6,51.2,256.0,3726
150623,CENT EDUC DIST INST TEC RODRIGO DE TRIANA,BOGOTÁ D.C.,2021,108,55.0,52.0,49.0,50.0,50.0,10.4,51.4,257.0,3586
150623,CENT EDUC DIST INST TEC RODRIGO DE TRIANA,BOGOTÁ D.C.,2022,89,55.0,55.0,50.0,51.0,52.0,9.6,52.7,263.5,3692
150623,CENT EDUC DIST INST TEC RODRIGO DE TRIANA,BOGOTÁ D.C.,2023,79,55.0,53.0,50.0,51.0,52.0,8.0,52.2,261.0,4277
150623,CENT EDUC DIST INST TEC RODRIGO DE TRIANA,BOGOTÁ D.C.,2024,82,56.0,54.0,51.0,52.0,52.0,9.4,53.2,266.0,4012
150623,CENT EDUC DIST INST TEC RODRIGO DE TRIANA,BOGOTÁ D.C.,2025,91,55.0,53.0,48.0,51.0,54.0,10.8,51.9,259.5,5087
218107,NICOLAS BUENAVENTURA,BOGOTÁ D.C.,2020,93,54.0,52.0,49.0,49.0,46.0,10.0,50.6,253.0,4092
218107,NICOLAS BUENAVENTURA,BOGOTÁ D.C.,2021,83,56.0,51.0,50.0,49.0,53.0,10.4,51.6,258.0,3478
218107,NICOLAS BUENAVENTURA,BOGOTÁ D.C.,2022,84,56.0,53.0,50.0,50.0,53.0,9.0,52.3,261.5,3916
218107,NICOLAS BUENAVENTURA,BOGOTÁ D.C.,2023,78,55.0,52.0,48.0,49.0,54.0,9.8,51.2,256.0,4938
218107,NICOLAS BUENAVENTURA,BOGOTÁ D.C.,2024,70,53.0,51.0,48.0,50.0,53.0,9.6,50.7,253.5,5743
218107,NICOLAS BUENAVENTURA,BOGOTÁ D.C.,2025,65,54.0,52.0,49.0,51.0,57.0,11.2,51.9,259.5,5087
665620,COLEGIO LA ESTRELLITA (IED),BOGOTÁ D.C.,2020,74,52.0,52.0,47.0,49.0,47.0,9.4,49.8,249.0,4600
665620,COLEGIO LA ESTRELLITA (IED),BOGOTÁ D.C.,2021,73,52.0,50.0,47.0,49.0,50.0,8.8,49.5,247.5,4807
665620,COLEGIO LA ESTRELLITA (IED),BOGOTÁ D.C.,2022,66,53.0,51.0,46.0,48.0,49.0,9.6,49.5,247.5,5730
665620,COLEGIO LA ESTRELLITA (IED),BOGOTÁ D.C.,2023,71,55.0,50.0,48.0,49.0,52.0,10.4,50.6,253.0,5365
665620,COLEGIO LA ESTRELLITA (IED),BOGOTÁ D.C.,2024,78,53.0,50.0,45.0,47.0,50.0,11.0,48.8,244.0,6985
665620,COLEGIO LA ESTRELLITA (IED),BOGOTÁ D.C.,2025,99,53.0,51.0,45.0,51.0,51.0,9.4,50.1,250.5,6304
714790,CENT EDUC DIST EDUARDO SANTOS,BOGOTÁ D.C.,2020,64,54.0,55.0,50.0,49.0,48.0,8.8,51.7,258.5,3519
714790,CENT EDUC DIST EDUARDO SANTOS,BOGOTÁ D.C.,2021,67,53.0,52.0,49.0,50.0,50.0,9.6,50.9,254.5,3928
714790,CENT EDUC DIST EDUARDO SANTOS,BOGOTÁ D.C.,2022,59,54.0,54.0,49.0,51.0,53.0,10.8,52.1,260.5,4028
714790,CENT EDUC DIST EDUARDO SANTOS,BOGOTÁ D.C.,2023,49,55.0,52.0,51.0,52.0,54.0,10.6,52.6,263.0,4004
714790,CENT EDUC DIST EDUARDO SANTOS,BOGOTÁ D.C.,2024,57,54.0,53.0,50.0,51.0,53.0,10.6,52.1,260.5,4813
714790,CENT EDUC DIST EDUARDO SANTOS,BOGOTÁ D.C.,2025,58,53.0,55.0,48.0,51.0,51.0,10.4,51.7,258.5,5220
034843,COL SUR ORIENTAL PANAMERICANO,BOGOTÁ D.C.,2020,67,51.0,49.0,46.0,46.0,45.0,9.0,47.8,239.0,6127
034843,COL SUR ORIENTAL PANAMERICANO,BOGOTÁ D.C.,2021,62,53.0,48.0,47.0,48.0,49.0,9.8,49.0,245.0,5101
034843,COL SUR ORIENTAL PANAMERICANO,BOGOTÁ D.C.,2022,55,54.0,48.0,50.0,50.0,51.0,9.8,50.5,252.5,5035
034843,COL SUR ORIENTAL PANAMERICANO,BOGOTÁ D.C.,2023,50,52.0,50.0,47.0,47.0,51.0,8.0,49.2,246.0,6365
034843,COL SUR ORIENTAL PANAMERICANO,BOGOTÁ D.C.,2024,63,54.0,49.0,47.0,50.0,51.0,8.4,50.1,250.5,6174
034843,COL SUR ORIENTAL PANAMERICANO,BOGOTÁ D.C.,2025,60,56.0,51.0,51.0,51.0,55.0,9.6,52.5,262.5,4679
137356,GERARDO MOLINA RAMIREZ (INST EDUC DIST),BOGOTÁ D.C.,2020,98,51.0,51.0,48.0,49.0,48.0,8.8,49.6,248.0,4747
137356,GERARDO MOLINA RAMIREZ (INST EDUC DIST),BOGOTÁ D.C.,2021,100,53.0,53.0,47.0,49.0,49.0,8.4,50.4,252.0,4180
137356,GERARDO MOLINA RAMIREZ (INST EDUC DIST),BOGOTÁ D.C.,2022,103,53.0,52.0,48.0,50.0,52.0,9.8,50.8,254.0,4769
137356,GERARDO MOLINA RAMIREZ (INST EDUC DIST),BOGOTÁ D.C.,2023,103,53.0,52.0,48.0,51.0,55.0,9.0,51.3,256.5,4938
137356,GERARDO MOLINA RAMIREZ (INST EDUC DIST),BOGOTÁ D.C.,2024,90,55.0,56.0,50.0,52.0,55.0,8.6,53.4,267.0,3886
137356,GERARDO MOLINA RAMIREZ (INST EDUC DIST),BOGOTÁ D.C.,2025,112,55.0,52.0,47.0,51.0,55.0,9.2,51.5,257.5,5365
155374,VENTIUN ANGELES (INST EDUC DIST),BOGOTÁ D.C.,2020,82,52.0,52.0,49.0,48.0,47.0,8.8,50.0,250.0,4470
155374,VENTIUN ANGELES (INST EDUC DIST),BOGOTÁ D.C.,2021,98,54.0,50.0,48.0,50.0,51.0,9.8,50.5,252.5,4180
155374,VENTIUN ANGELES (INST EDUC DIST),BOGOTÁ D.C.,2022,75,55.0,55.0,52.0,53.0,57.0,10.2,54.0,270.0,3003
155374,VENTIUN ANGELES (INST EDUC DIST),BOGOTÁ D.C.,2023,82,54.0,52.0,52.0,52.0,53.0,10.0,52.5,262.5,4159
155374,VENTIUN ANGELES (INST EDUC DIST),BOGOTÁ D.C.,2024,88,56.0,53.0,48.0,50.0,52.0,9.8,51.8,259.0,4944
155374,VENTIUN ANGELES (INST EDUC DIST),BOGOTÁ D.C.,2025,96,57.0,54.0,49.0,51.0,54.0,10.2,52.8,264.0,4428
139774,CARLOS PIZARRO LEON GOMEZ (INST EDUC DIST),BOGOTÁ D.C.,2020,143,52.0,49.0,47.0,46.0,44.0,8.8,48.2,241.0,5792
139774,CARLOS PIZARRO LEON GOMEZ (INST EDUC DIST),BOGOTÁ D.C.,2021,139,54.0,49.0,47.0,47.0,49.0,8.8,49.2,246.0,4956
139774,CARLOS PIZARRO LEON GOMEZ (INST EDUC DIST),BOGOTÁ D.C.,2022,134,53.0,50.0,47.0,49.0,51.0,8.6,49.8,249.0,5452
139774,CARLOS PIZARRO LEON GOMEZ (INST EDUC DIST),BOGOTÁ D.C.,2023,105,53.0,51.0,48.0,49.0,51.0,9.2,50.3,251.5,5651
139774,CARLOS PIZARRO LEON GOMEZ (INST EDUC DIST),BOGOTÁ D.C.,2024,105,52.0,51.0,46.0,48.0,49.0,9.0,49.2,246.0,6712
139774,CARLOS PIZARRO LEON GOMEZ (INST EDUC DIST),BOGOTÁ D.C.,2025,97,52.0,52.0,47.0,51.0,51.0,9.6,50.5,252.5,6041
046664,COL DIST EDUC BAS Y MEDIA RODRIGO LARA BONILLA,BOGOTÁ D.C.,2020,171,55.0,54.0,51.0,50.0,49.0,8.6,52.2,261.0,3178
046664,COL DIST EDUC BAS Y MEDIA RODRIGO LARA BONILLA,BOGOTÁ D.C.,2021,177,56.0,53.0,51.0,52.0,55.0,9.0,53.2,266.0,2723
046664,COL DIST EDUC BAS Y MEDIA RODRIGO LARA BONILLA,BOGOTÁ D.C.,2022,154,56.0,54.0,51.0,52.0,53.0,8.6,53.2,266.0,3387
046664,COL DIST EDUC BAS Y MEDIA RODRIGO LARA BONILLA,BOGOTÁ D.C.,2023,194,55.0,52.0,50.0,50.0,55.0,10.2,52.0,260.0,4401
046664,COL DIST EDUC BAS Y MEDIA RODRIGO LARA BONILLA,BOGOTÁ D.C.,2024,172,55.0,53.0,50.0,51.0,56.0,9.2,52.5,262.5,4539
046664,COL DIST EDUC BAS Y MEDIA RODRIGO LARA BONILLA,BOGOTÁ D.C.,2025,167,55.0,53.0,49.0,51.0,55.0,9.6,52.2,261.0,4808
192310,COLEGIO JOSÉ FRANCISCO SOCARRAS (IED) - SEDE PRINCIPAL,BOGOTÁ D.C.,2020,118,51.0,50.0,48.0,47.0,47.0,8.8,48.8,244.0,5346
192310,COLEGIO JOSÉ FRANCISCO SOCARRAS (IED) - SEDE PRINCIPAL,BOGOTÁ D.C.,2021,148,53.0,50.0,47.0,48.0,50.0,9.4,49.5,247.5,4807
192310,COLEGIO JOSÉ FRANCISCO SOCARRAS (IED) - SEDE PRINCIPAL,BOGOTÁ D.C.,2022,146,53.0,50.0,46.0,48.0,50.0,9.4,49.3,246.5,5890
192310,COLEGIO JOSÉ FRANCISCO SOCARRAS (IED) - SEDE PRINCIPAL,BOGOTÁ D.C.,2023,119,55.0,53.0,49.0,49.0,52.0,9.6,51.5,257.5,4796
192310,COLEGIO JOSÉ FRANCISCO SOCARRAS (IED) - SEDE PRINCIPAL,BOGOTÁ D.C.,2024,134,53.0,53.0,48.0,49.0,52.0,9.0,50.8,254.0,5600
192310,COLEGIO JOSÉ FRANCISCO SOCARRAS (IED) - SEDE PRINCIPAL,BOGOTÁ D.C.,2025,140,56.0,54.0,49.0,51.0,53.0,9.6,52.5,262.5,4679
195073,COLEGIO UNILATINA - SEDE PRINCIPAL,BOGOTÁ D.C.,2020,64,55.0,51.0,53.0,50.0,50.0,10.2,52.1,260.5,3291
195073,COLEGIO UNILATINA - SEDE PRINCIPAL,BOGOTÁ D.C.,2021,83,54.0,51.0,50.0,50.0,57.0,10.6,51.7,258.5,3478
195073,COLEGIO UNILATINA - SEDE PRINCIPAL,BOGOTÁ D.C.,2022,73,53.0,51.0,49.0,49.0,54.0,9.6,50.8,254.0,4769
195073,COLEGIO UNILATINA - SEDE PRINCIPAL,BOGOTÁ D.C.,2023,51,55.0,53.0,50.0,50.0,56.0,10.8,52.3,261.5,4277
195073,COLEGIO UNILATINA - SEDE PRINCIPAL,BOGOTÁ D.C.,2024,53,54.0,49.0,47.0,48.0,54.0,11.0,49.8,249.0,6319
195073,COLEGIO UNILATINA - SEDE PRINCIPAL,BOGOTÁ D.C.,2025,28,56.0,55.0,50.0,51.0,58.0,9.0,53.4,267.0,4079
215673,COL DIST GUSTAVO RESTREPO,BOGOTÁ D.C.,2020,82,56.0,55.0,51.0,52.0,48.0,8.8,53.1,265.5,2787
215673,COL DIST GUSTAVO RESTREPO,BOGOTÁ D.C.,2021,78,56.0,52.0,49.0,51.0,52.0,10.0,52.0,260.0,3274
215673,COL DIST GUSTAVO RESTREPO,BOGOTÁ D.C.,2022,77,56.0,53.0,51.0,53.0,52.0,9.4,53.2,266.0,3387
215673,COL DIST GUSTAVO RESTREPO,BOGOTÁ D.C.,2023,83,55.0,53.0,50.0,51.0,52.0,10.4,52.2,261.0,4277
215673,COL DIST GUSTAVO RESTREPO,BOGOTÁ D.C.,2024,86,53.0,53.0,48.0,50.0,53.0,10.4,51.2,256.0,5338
215673,COL DIST GUSTAVO RESTREPO,BOGOTÁ D.C.,2025,88,53.0,51.0,49.0,51.0,52.0,8.4,51.1,255.5,5642
218180,SEDE B,BOGOTÁ D.C.,2020,55,53.0,52.0,49.0,48.0,47.0,8.4,50.2,251.0,4329
218180,SEDE B,BOGOTÁ D.C.,2021,55,53.0,51.0,48.0,48.0,50.0,9.2,50.0,250.0,4448
218180,SEDE B,BOGOTÁ D.C.,2022,53,54.0,53.0,49.0,51.0,53.0,8.4,51.8,259.0,4132
218180,SEDE B,BOGOTÁ D.C.,2023,48,54.0,52.0,49.0,50.0,50.0,8.8,51.2,256.0,4938
218180,SEDE B,BOGOTÁ D.C.,2024,81,54.0,51.0,48.0,48.0,52.0,9.4,50.4,252.0,5878
218180,SEDE B,BOGOTÁ D.C.,2025,81,54.0,52.0,50.0,51.0,53.0,10.8,51.8,259.0,5087
717330,ALDEMAR ROJAS PLAZAS,BOGOTÁ D.C.,2020,252,55.0,55.0,52.0,51.0,49.0,9.6,52.9,264.5,2872
717330,ALDEMAR ROJAS PLAZAS,BOGOTÁ D.C.,2021,306,54.0,52.0,49.0,50.0,50.0,9.2,51.2,256.0,3688
717330,ALDEMAR ROJAS PLAZAS,BOGOTÁ D.C.,2022,245,56.0,55.0,51.0,52.0,54.0,9.4,53.5,267.5,3280
717330,ALDEMAR ROJAS PLAZAS,BOGOTÁ D.C.,2023,252,56.0,56.0,51.0,53.0,54.0,10.0,54.0,270.0,3203
717330,ALDEMAR ROJAS PLAZAS,BOGOTÁ D.C.,2024,292,55.0,56.0,50.0,52.0,53.0,9.4,53.2,266.0,4012
717330,ALDEMAR ROJAS PLAZAS,BOGOTÁ D.C.,2025,284,56.0,54.0,49.0,51.0,54.0,9.6,52.6,263.0,4556
749341,COLEGIO SAN CAYETANO (IED),BOGOTÁ D.C.,2020,83,51.0,50.0,46.0,46.0,44.0,9.2,47.9,239.5,6127
749341,COLEGIO SAN CAYETANO (IED),BOGOTÁ D.C.,2021,110,52.0,50.0,46.0,47.0,47.0,9.0,48.6,243.0,5381
749341,COLEGIO SAN CAYETANO (IED),BOGOTÁ D.C.,2022,96,54.0,50.0,49.0,49.0,49.0,8.8,50.4,252.0,5035
749341,COLEGIO SAN CAYETANO (IED),BOGOTÁ D.C.,2023,102,54.0,53.0,48.0,50.0,51.0,9.2,51.2,256.0,4938
749341,COLEGIO SAN CAYETANO (IED),BOGOTÁ D.C.,2024,134,52.0,52.0,47.0,49.0,52.0,10.0,50.2,251.0,6023
749341,COLEGIO SAN CAYETANO (IED),BOGOTÁ D.C.,2025,103,55.0,54.0,49.0,51.0,55.0,9.8,52.5,262.5,4679
737841,CENT EDUC DIST JOSE JOAQUIN CASAS,BOGOTÁ D.C.,2020,12,53.0,51.0,51.0,50.0,50.0,10.2,51.2,256.0,3726
737841,CENT EDUC DIST JOSE JOAQUIN CASAS,BOGOTÁ D.C.,2021,10,54.0,48.0,47.0,53.0,53.0,11.8,50.7,253.5,4050
737841,CENT EDUC DIST JOSE JOAQUIN CASAS,BOGOTÁ D.C.,2022,14,51.0,50.0,47.0,50.0,54.0,12.0,49.8,249.0,5452
737841,CENT EDUC DIST JOSE JOAQUIN CASAS,BOGOTÁ D.C.,2023,14,56.0,52.0,52.0,54.0,53.0,8.6,53.5,267.5,3550
737841,CENT EDUC DIST JOSE JOAQUIN CASAS,BOGOTÁ D.C.,2024,18,56.0,55.0,53.0,53.0,55.0,9.2,54.3,271.5,3449
737841,CENT EDUC DIST JOSE JOAQUIN CASAS,BOGOTÁ D.C.,2025,23,57.0,53.0,51.0,51.0,58.0,9.4,53.4,267.0,4079
107292,CENT EDUC DIST BAS Y MEDIA VILLA RICA,BOGOTÁ D.C.,2020,60,53.0,54.0,51.0,52.0,49.0,8.2,52.2,261.0,3178
107292,CENT EDUC DIST BAS Y MEDIA VILLA RICA,BOGOTÁ D.C.,2021,70,54.0,53.0,47.0,50.0,53.0,9.2,51.2,256.0,3688
107292,CENT EDUC DIST BAS Y MEDIA VILLA RICA,BOGOTÁ D.C.,2022,59,55.0,52.0,49.0,51.0,54.0,10.2,51.9,259.5,4132
107292,CENT EDUC DIST BAS Y MEDIA VILLA RICA,BOGOTÁ D.C.,2023,62,53.0,55.0,49.0,52.0,53.0,9.2,52.3,261.5,4277
107292,CENT EDUC DIST BAS Y MEDIA VILLA RICA,BOGOTÁ D.C.,2024,73,54.0,53.0,50.0,51.0,54.0,8.8,52.2,261.0,4672
107292,CENT EDUC DIST BAS Y MEDIA VILLA RICA,BOGOTÁ D.C.,2025,64,54.0,53.0,48.0,51.0,56.0,10.0,51.8,259.0,5087
122242,COLEGIO REPUBLICA DOMINICANA (IED) - SEDE PRINCIPAL,BOGOTÁ D.C.,2020,93,49.0,46.0,45.0,46.0,45.0,16.2,46.4,232.0,7243
122242,COLEGIO REPUBLICA DOMINICANA (IED) - SEDE PRINCIPAL,BOGOTÁ D.C.,2021,81,54.0,51.0,49.0,49.0,51.0,9.4,50.8,254.0,3928
122242,COLEGIO REPUBLICA DOMINICANA (IED) - SEDE PRINCIPAL,BOGOTÁ D.C.,2022,95,54.0,52.0,48.0,49.0,50.0,9.8,50.7,253.5,4897
122242,COLEGIO REPUBLICA DOMINICANA (IED) - SEDE PRINCIPAL,BOGOTÁ D.C.,2023,88,56.0,53.0,52.0,52.0,56.0,9.8,53.5,267.5,3550
122242,COLEGIO REPUBLICA DOMINICANA (IED) - SEDE PRINCIPAL,BOGOTÁ D.C.,2024,101,55.0,54.0,49.0,52.0,54.0,9.2,52.6,263.0,4413
122242,COLEGIO REPUBLICA DOMINICANA (IED) - SEDE PRINCIPAL,BOGOTÁ D.C.,2025,109,54.0,53.0,47.0,51.0,54.0,9.4,51.5,257.5,5365
152843,CENT EDUC DIST MANUELA BELTRAN,BOGOTÁ D.C.,2020,36,51.0,50.0,47.0,46.0,44.0,8.2,48.2,241.0,5792
152843,CENT EDUC DIST MANUELA BELTRAN,BOGOTÁ D.C.,2021,50,52.0,48.0,45.0,47.0,45.0,10.0,47.8,239.0,5974
152843,CENT EDUC DIST MANUELA BELTRAN,BOGOTÁ D.C.,2022,37,54.0,51.0,49.0,51.0,51.0,8.8,51.2,256.0,4486
152843,CENT EDUC DIST MANUELA BELTRAN,BOGOTÁ D.C.,2023,22,52.0,50.0,45.0,47.0,52.0,9.2,48.8,244.0,6653
152843,CENT EDUC DIST MANUELA BELTRAN,BOGOTÁ D.C.,2024,31,56.0,55.0,52.0,53.0,54.0,7.6,54.0,270.0,3545
152843,CENT EDUC DIST MANUELA BELTRAN,BOGOTÁ D.C.,2025,23,55.0,52.0,48.0,51.0,52.0,9.6,51.5,257.5,5365
118703,COLEGIO JAZMIN OCCIDENTAL,BOGOTÁ D.C.,2020,11,54.0,55.0,52.0,52.0,47.0,8.2,52.8,264.0,2872
118703,COLEGIO JAZMIN OCCIDENTAL,BOGOTÁ D.C.,2021,16,54.0,53.0,48.0,50.0,50.0,11.6,51.2,256.0,3688
118703,COLEGIO JAZMIN OCCIDENTAL,BOGOTÁ D.C.,2022,10,56.0,52.0,55.0,52.0,51.0,7.8,53.5,267.5,3280
118703,COLEGIO JAZMIN OCCIDENTAL,BOGOTÁ D.C.,2023,19,54.0,51.0,46.0,48.0,50.0,7.8,49.8,249.0,5939
118703,COLEGIO JAZMIN OCCIDENTAL,BOGOTÁ D.C.,2024,17,56.0,52.0,50.0,52.0,54.0,10.8,52.6,263.0,4413
118703,COLEGIO JAZMIN OCCIDENTAL,BOGOTÁ D.C.,2025,14,53.0,50.0,44.0,51.0,52.0,10.0,49.7,248.5,6584
137596,COL CUNDINAMARCA (INS EDUC DIST),BOGOTÁ D.C.,2020,138,55.0,55.0,52.0,52.0,50.0,8.6,53.2,266.0,2679
137596,COL CUNDINAMARCA (INS EDUC DIST),BOGOTÁ D.C.,2021,133,56.0,53.0,50.0,51.0,55.0,9.8,52.7,263.5,2989
137596,COL CUNDINAMARCA (INS EDUC DIST),BOGOTÁ D.C.,2022,127,57.0,54.0,52.0,53.0,57.0,9.4,54.2,271.0,2904
137596,COL CUNDINAMARCA (INS EDUC DIST),BOGOTÁ D.C.,2023,153,56.0,54.0,51.0,53.0,58.0,9.2,53.8,269.0,3317
137596,COL CUNDINAMARCA (INS EDUC DIST),BOGOTÁ D.C.,2024,126,56.0,53.0,50.0,52.0,55.0,8.8,52.9,264.5,4262
137596,COL CUNDINAMARCA (INS EDUC DIST),BOGOTÁ D.C.,2025,146,56.0,54.0,49.0,51.0,55.0,10.4,52.7,263.5,4556
150383,COLEGIO LUIS CONCHA CORDOBA,BOGOTÁ D.C.,2020,31,56.0,56.0,51.0,51.0,53.0,9.6,53.5,267.5,2591
150383,COLEGIO LUIS CONCHA CORDOBA,BOGOTÁ D.C.,2021,24,58.0,59.0,52.0,55.0,60.0,7.8,56.3,281.5,1818
150383,COLEGIO LUIS CONCHA CORDOBA,BOGOTÁ D.C.,2022,34,60.0,56.0,53.0,55.0,59.0,9.6,56.2,281.0,2167
150383,COLEGIO LUIS CONCHA CORDOBA,BOGOTÁ D.C.,2023,30,57.0,56.0,54.0,53.0,59.0,9.4,55.3,276.5,2696
150383,COLEGIO LUIS CONCHA CORDOBA,BOGOTÁ D.C.,2024,29,56.0,54.0,49.0,51.0,58.0,11.4,52.9,264.5,4262
150383,COLEGIO LUIS CONCHA CORDOBA,BOGOTÁ D.C.,2025,24,57.0,55.0,50.0,51.0,58.0,9.0,53.6,268.0,3966
141267,COLEGIO MANUEL ZAPATA OLIVELLA (IED),BOGOTÁ D.C.,2020,59,55.0,53.0,52.0,49.0,46.0,8.6,51.8,259.0,3398
141267,COLEGIO MANUEL ZAPATA OLIVELLA (IED),BOGOTÁ D.C.,2021,57,54.0,53.0,48.0,49.0,51.0,10.0,51.0,255.0,3809
141267,COLEGIO MANUEL ZAPATA OLIVELLA (IED),BOGOTÁ D.C.,2022,66,55.0,53.0,51.0,51.0,50.0,10.0,52.3,261.5,3916
141267,COLEGIO MANUEL ZAPATA OLIVELLA (IED),BOGOTÁ D.C.,2023,70,56.0,52.0,51.0,52.0,55.0,9.4,52.9,264.5,3891
141267,COLEGIO MANUEL ZAPATA OLIVELLA (IED),BOGOTÁ D.C.,2024,74,56.0,54.0,51.0,51.0,54.0,9.4,53.1,265.5,4147
141267,COLEGIO MANUEL ZAPATA OLIVELLA (IED),BOGOTÁ D.C.,2025,75,55.0,53.0,48.0,51.0,53.0,9.8,51.8,259.0,5087
112755,CENT EDUC DIST SANTA LIBRADA,BOGOTÁ D.C.,2020,25,54.0,54.0,49.0,48.0,46.0,7.8,50.8,254.0,3960
112755,CENT EDUC DIST SANTA LIBRADA,BOGOTÁ D.C.,2021,24,56.0,53.0,49.0,51.0,52.0,11.8,52.2,261.0,3173
112755,CENT EDUC DIST SANTA LIBRADA,BOGOTÁ D.C.,2022,27,58.0,54.0,53.0,52.0,51.0,8.6,54.0,270.0,3003
112755,CENT EDUC DIST SANTA LIBRADA,BOGOTÁ D.C.,2023,33,55.0,53.0,51.0,51.0,54.0,11.0,52.6,263.0,4004
112755,CENT EDUC DIST SANTA LIBRADA,BOGOTÁ D.C.,2024,24,55.0,52.0,48.0,49.0,50.0,8.8,50.9,254.5,5600
112755,CENT EDUC DIST SANTA LIBRADA,BOGOTÁ D.C.,2025,27,56.0,54.0,50.0,51.0,52.0,8.8,52.7,263.5,4556
037150,COL DIST ENRIQUE OLAYA HERRERA,BOGOTÁ D.C.,2020,204,54.0,52.0,50.0,49.0,48.0,9.2,51.0,255.0,3849
037150,COL DIST ENRIQUE OLAYA HERRERA,BOGOTÁ D.C.,2021,225,54.0,51.0,49.0,50.0,50.0,9.6,50.9,254.5,3928
037150,COL DIST ENRIQUE OLAYA HERRERA,BOGOTÁ D.C.,2022,229,55.0,52.0,50.0,50.0,52.0,9.6,51.8,259.0,4132
037150,COL DIST ENRIQUE OLAYA HERRERA,BOGOTÁ D.C.,2023,243,54.0,52.0,50.0,51.0,52.0,8.8,51.8,259.0,4545
037150,COL DIST ENRIQUE OLAYA HERRERA,BOGOTÁ D.C.,2024,224,54.0,53.0,49.0,51.0,53.0,9.0,51.8,259.0,4944
037150,COL DIST ENRIQUE OLAYA HERRERA,BOGOTÁ D.C.,2025,224,55.0,53.0,49.0,51.0,55.0,9.4,52.2,261.0,4808
045021,CENT EDUC DIST ALMIRANTE PADILLA,BOGOTÁ D.C.,2020,79,54.0,55.0,50.0,48.0,46.0,9.2,51.3,256.5,3726
045021,CENT EDUC DIST ALMIRANTE PADILLA,BOGOTÁ D.C.,2021,87,54.0,52.0,48.0,49.0,48.0,9.4,50.5,252.5,4180
045021,CENT EDUC DIST ALMIRANTE PADILLA,BOGOTÁ D.C.,2022,77,54.0,51.0,49.0,47.0,48.0,9.6,50.1,250.5,5298
045021,CENT EDUC DIST ALMIRANTE PADILLA,BOGOTÁ D.C.,2023,88,52.0,51.0,47.0,50.0,49.0,10.0,49.9,249.5,5939
045021,CENT EDUC DIST ALMIRANTE PADILLA,BOGOTÁ D.C.,2024,60,54.0,52.0,49.0,51.0,52.0,10.6,51.5,257.5,5205
045021,CENT EDUC DIST ALMIRANTE PADILLA,BOGOTÁ D.C.,2025,69,54.0,52.0,48.0,51.0,50.0,10.2,51.2,256.0,5505
112821,CENT EDUC DIST GARCES NAVAS NO.3,BOGOTÁ D.C.,2020,64,54.0,52.0,50.0,49.0,48.0,8.8,51.0,255.0,3849
112821,CENT EDUC DIST GARCES NAVAS NO.3,BOGOTÁ D.C.,2021,70,54.0,52.0,48.0,51.0,55.0,9.8,51.5,257.5,3586
112821,CENT EDUC DIST GARCES NAVAS NO.3,BOGOTÁ D.C.,2022,81,54.0,52.0,49.0,50.0,52.0,10.2,51.3,256.5,4486
112821,CENT EDUC DIST GARCES NAVAS NO.3,BOGOTÁ D.C.,2023,88,55.0,51.0,50.0,51.0,53.0,9.8,51.8,259.0,4545
112821,CENT EDUC DIST GARCES NAVAS NO.3,BOGOTÁ D.C.,2024,64,56.0,52.0,50.0,52.0,54.0,9.2,52.6,263.0,4413
112821,CENT EDUC DIST GARCES NAVAS NO.3,BOGOTÁ D.C.,2025,56,57.0,52.0,50.0,51.0,53.0,11.2,52.5,262.5,4679
171512,FUNDACIÓN SANTO TOMAS DE AQUINO - FUSANTEC - SEDE PRINCIPAL,BOGOTÁ D.C.,2023,10,51.0,46.0,43.0,42.0,46.0,9.0,45.5,227.5,9179
171512,FUNDACIÓN SANTO TOMAS DE AQUINO - FUSANTEC - SEDE PRINCIPAL,BOGOTÁ D.C.,2024,5,49.0,48.0,43.0,43.0,52.0,4.8,46.2,231.0,8771
171512,FUNDACIÓN SANTO TOMAS DE AQUINO - FUSANTEC - SEDE PRINCIPAL,BOGOTÁ D.C.,2025,4,57.0,56.0,51.0,51.0,49.0,7.8,53.4,267.0,4079
079681,CENT EDUC DIST BERNARDO JARAMILLO,BOGOTÁ D.C.,2020,143,51.0,51.0,47.0,47.0,44.0,8.6,48.6,243.0,5473
079681,CENT EDUC DIST BERNARDO JARAMILLO,BOGOTÁ D.C.,2021,147,52.0,50.0,47.0,48.0,49.0,9.2,49.2,246.0,4956
079681,CENT EDUC DIST BERNARDO JARAMILLO,BOGOTÁ D.C.,2022,117,54.0,53.0,47.0,49.0,51.0,9.8,50.8,254.0,4769
079681,CENT EDUC DIST BERNARDO JARAMILLO,BOGOTÁ D.C.,2023,120,54.0,52.0,49.0,50.0,52.0,9.6,51.3,256.5,4938
079681,CENT EDUC DIST BERNARDO JARAMILLO,BOGOTÁ D.C.,2024,98,54.0,57.0,50.0,52.0,53.0,10.0,53.2,266.0,4012
079681,CENT EDUC DIST BERNARDO JARAMILLO,BOGOTÁ D.C.,2025,128,53.0,51.0,47.0,51.0,51.0,9.8,50.5,252.5,6041
142224,COLEGIO JOSÉ FRANCISCO SOCARRAS (IED) - SEDE PRINCIPAL,BOGOTÁ D.C.,2020,118,52.0,50.0,47.0,47.0,45.0,8.0,48.7,243.5,5473
142224,COLEGIO JOSÉ FRANCISCO SOCARRAS (IED) - SEDE PRINCIPAL,BOGOTÁ D.C.,2021,117,51.0,52.0,47.0,49.0,49.0,9.2,49.7,248.5,4675
142224,COLEGIO JOSÉ FRANCISCO SOCARRAS (IED) - SEDE PRINCIPAL,BOGOTÁ D.C.,2022,119,53.0,52.0,46.0,48.0,48.0,9.4,49.6,248.0,5613
142224,COLEGIO JOSÉ FRANCISCO SOCARRAS (IED) - SEDE PRINCIPAL,BOGOTÁ D.C.,2023,129,53.0,51.0,47.0,49.0,51.0,9.8,50.1,250.5,5788
142224,COLEGIO JOSÉ FRANCISCO SOCARRAS (IED) - SEDE PRINCIPAL,BOGOTÁ D.C.,2024,106,56.0,54.0,50.0,52.0,52.0,9.4,52.9,264.5,4262
142224,COLEGIO JOSÉ FRANCISCO SOCARRAS (IED) - SEDE PRINCIPAL,BOGOTÁ D.C.,2025,128,54.0,54.0,47.0,51.0,51.0,10.2,51.5,257.5,5365
059485,INSTITUTO COMERCIAL LORETO,BOGOTÁ D.C.,2020,27,54.0,56.0,53.0,54.0,52.0,8.8,54.1,270.5,2359
059485,INSTITUTO COMERCIAL LORETO,BOGOTÁ D.C.,2021,25,58.0,54.0,51.0,54.0,58.0,9.6,54.5,272.5,2303
059485,INSTITUTO COMERCIAL LORETO,BOGOTÁ D.C.,2022,24,58.0,57.0,53.0,55.0,55.0,8.0,55.7,278.5,2348
059485,INSTITUTO COMERCIAL LORETO,BOGOTÁ D.C.,2023,18,55.0,55.0,49.0,51.0,51.0,9.2,52.4,262.0,4159
059485,INSTITUTO COMERCIAL LORETO,BOGOTÁ D.C.,2024,14,60.0,62.0,56.0,57.0,60.0,8.4,58.8,294.0,1724
059485,INSTITUTO COMERCIAL LORETO,BOGOTÁ D.C.,2025,15,55.0,53.0,47.0,51.0,55.0,8.2,51.8,259.0,5087
706945,COLEGIO DE FORMACION DE CIUDADANOS - COGLOBAL - SEDE PRINCIPAL,BOGOTÁ D.C.,2020,61,56.0,54.0,54.0,51.0,54.0,11.8,53.8,269.0,2437
706945,COLEGIO DE FORMACION DE CIUDADANOS - COGLOBAL - SEDE PRINCIPAL,BOGOTÁ D.C.,2021,60,55.0,51.0,51.0,50.0,55.0,10.4,52.0,260.0,3274
706945,COLEGIO DE FORMACION DE CIUDADANOS - COGLOBAL - SEDE PRINCIPAL,BOGOTÁ D.C.,2022,34,52.0,50.0,49.0,48.0,56.0,10.8,50.2,251.0,5167
706945,COLEGIO DE FORMACION DE CIUDADANOS - COGLOBAL - SEDE PRINCIPAL,BOGOTÁ D.C.,2023,28,57.0,51.0,51.0,51.0,57.0,10.4,52.8,264.0,3891
706945,COLEGIO DE FORMACION DE CIUDADANOS - COGLOBAL - SEDE PRINCIPAL,BOGOTÁ D.C.,2024,35,55.0,49.0,50.0,51.0,56.0,12.0,51.6,258.0,5086
706945,COLEGIO DE FORMACION DE CIUDADANOS - COGLOBAL - SEDE PRINCIPAL,BOGOTÁ D.C.,2025,15,54.0,51.0,50.0,51.0,57.0,11.6,51.9,259.5,5087
059501,COL DIST VENECIA,BOGOTÁ D.C.,2020,101,53.0,51.0,48.0,48.0,48.0,9.0,49.8,249.0,4600
059501,COL DIST VENECIA,BOGOTÁ D.C.,2021,82,53.0,51.0,49.0,50.0,51.0,9.0,50.8,254.0,3928
059501,COL DIST VENECIA,BOGOTÁ D.C.,2022,77,54.0,53.0,49.0,49.0,0.0,7.8,47.3,236.5,7300
059501,COL DIST VENECIA,BOGOTÁ D.C.,2022,76,0.0,0.0,0.0,0.0,52.0,2.4,4.0,20.0,14397
059501,COL DIST VENECIA,BOGOTÁ D.C.,2023,114,54.0,53.0,49.0,49.0,54.0,10.0,51.5,257.5,4796
059501,COL DIST VENECIA,BOGOTÁ D.C.,2024,95,55.0,52.0,50.0,51.0,57.0,9.8,52.4,262.0,4539
059501,COL DIST VENECIA,BOGOTÁ D.C.,2025,132,55.0,53.0,48.0,51.0,58.0,10.0,52.2,261.0,4808
053892,COL DIST SAN FRANCISCO,BOGOTÁ D.C.,2020,92,54.0,53.0,49.0,49.0,47.0,8.2,50.9,254.5,3960
053892,COL DIST SAN FRANCISCO,BOGOTÁ D.C.,2021,100,52.0,50.0,47.0,48.0,47.0,8.8,49.1,245.5,5101
053892,COL DIST SAN FRANCISCO,BOGOTÁ D.C.,2022,80,54.0,52.0,48.0,50.0,51.0,8.6,51.0,255.0,4637
053892,COL DIST SAN FRANCISCO,BOGOTÁ D.C.,2023,83,54.0,54.0,50.0,52.0,51.0,8.2,52.4,262.0,4159
053892,COL DIST SAN FRANCISCO,BOGOTÁ D.C.,2024,99,53.0,52.0,48.0,50.0,52.0,10.0,50.8,254.0,5600
053892,COL DIST SAN FRANCISCO,BOGOTÁ D.C.,2025,88,56.0,54.0,49.0,51.0,52.0,8.8,52.5,262.5,4679
107243,CENT EDUC DIST ANTONIO VAN UDEN,BOGOTÁ D.C.,2020,51,50.0,48.0,46.0,46.0,45.0,9.6,47.3,236.5,6628
107243,CENT EDUC DIST ANTONIO VAN UDEN,BOGOTÁ D.C.,2021,51,56.0,51.0,51.0,50.0,52.0,9.2,52.0,260.0,3274
107243,CENT EDUC DIST ANTONIO VAN UDEN,BOGOTÁ D.C.,2022,51,52.0,51.0,47.0,49.0,0.0,7.0,45.9,229.5,8295
107243,CENT EDUC DIST ANTONIO VAN UDEN,BOGOTÁ D.C.,2022,49,0.0,0.0,0.0,0.0,49.0,2.2,3.8,19.0,14398
107243,CENT EDUC DIST ANTONIO VAN UDEN,BOGOTÁ D.C.,2023,58,52.0,52.0,48.0,49.0,50.0,9.2,50.2,251.0,5651
107243,CENT EDUC DIST ANTONIO VAN UDEN,BOGOTÁ D.C.,2024,57,53.0,53.0,47.0,52.0,52.0,10.2,51.3,256.5,5338
107243,CENT EDUC DIST ANTONIO VAN UDEN,BOGOTÁ D.C.,2025,45,54.0,54.0,45.0,51.0,52.0,10.2,51.1,255.5,5642
072819,LICEO JUAN MIGUEL,BOGOTÁ D.C.,2020,21,52.0,50.0,45.0,47.0,45.0,9.6,48.2,241.0,5792
072819,LICEO JUAN MIGUEL,BOGOTÁ D.C.,2021,22,55.0,52.0,51.0,51.0,50.0,9.2,52.1,260.5,3274
072819,LICEO JUAN MIGUEL,BOGOTÁ D.C.,2022,16,59.0,57.0,52.0,54.0,53.0,9.0,55.3,276.5,2495
072819,LICEO JUAN MIGUEL,BOGOTÁ D.C.,2023,15,56.0,55.0,50.0,52.0,54.0,7.6,53.3,266.5,3670
072819,LICEO JUAN MIGUEL,BOGOTÁ D.C.,2024,21,56.0,48.0,50.0,49.0,52.0,10.4,50.8,254.0,5600
072819,LICEO JUAN MIGUEL,BOGOTÁ D.C.,2025,20,55.0,52.0,48.0,51.0,53.0,10.0,51.6,258.0,5220
126102,COLEGIO MARIA MERCEDES CARRANZA (I.E.D),BOGOTÁ D.C.,2020,129,55.0,54.0,52.0,51.0,49.0,9.0,52.7,263.5,2984
126102,COLEGIO MARIA MERCEDES CARRANZA (I.E.D),BOGOTÁ D.C.,2021,128,54.0,52.0,49.0,50.0,53.0,9.2,51.4,257.0,3586
126102,COLEGIO MARIA MERCEDES CARRANZA (I.E.D),BOGOTÁ D.C.,2022,87,57.0,55.0,53.0,53.0,54.0,9.8,54.5,272.5,2824
126102,COLEGIO MARIA MERCEDES CARRANZA (I.E.D),BOGOTÁ D.C.,2023,106,57.0,55.0,52.0,52.0,55.0,8.8,54.1,270.5,3203
126102,COLEGIO MARIA MERCEDES CARRANZA (I.E.D),BOGOTÁ D.C.,2024,139,56.0,55.0,51.0,52.0,54.0,9.4,53.5,267.5,3886
126102,COLEGIO MARIA MERCEDES CARRANZA (I.E.D),BOGOTÁ D.C.,2025,100,55.0,54.0,49.0,51.0,53.0,10.2,52.3,261.5,4808
048686,CENT EDUC DIST FABIO LOZANO SIMONELLI,BOGOTÁ D.C.,2020,22,52.0,51.0,46.0,48.0,47.0,9.2,49.1,245.5,5182
048686,CENT EDUC DIST FABIO LOZANO SIMONELLI,BOGOTÁ D.C.,2021,32,52.0,52.0,49.0,48.0,48.0,7.8,50.1,250.5,4448
048686,CENT EDUC DIST FABIO LOZANO SIMONELLI,BOGOTÁ D.C.,2022,29,53.0,54.0,47.0,50.0,52.0,10.2,51.1,255.5,4637
048686,CENT EDUC DIST FABIO LOZANO SIMONELLI,BOGOTÁ D.C.,2023,44,53.0,52.0,48.0,50.0,50.0,9.0,50.7,253.5,5365
048686,CENT EDUC DIST FABIO LOZANO SIMONELLI,BOGOTÁ D.C.,2024,42,53.0,52.0,47.0,48.0,51.0,8.0,50.1,250.5,6174
048686,CENT EDUC DIST FABIO LOZANO SIMONELLI,BOGOTÁ D.C.,2025,47,54.0,54.0,49.0,51.0,50.0,8.4,51.8,259.0,5087
020719,CENT EDUC DIST MODELO DEL NORTE,BOGOTÁ D.C.,2020,111,53.0,52.0,48.0,49.0,46.0,8.6,50.2,251.0,4329
020719,CENT EDUC DIST MODELO DEL NORTE,BOGOTÁ D.C.,2021,107,54.0,52.0,48.0,50.0,53.0,10.8,51.2,256.0,3688
020719,CENT EDUC DIST MODELO DEL NORTE,BOGOTÁ D.C.,2022,103,56.0,54.0,51.0,51.0,52.0,9.4,52.9,264.5,3592
020719,CENT EDUC DIST MODELO DEL NORTE,BOGOTÁ D.C.,2023,114,56.0,54.0,51.0,52.0,53.0,9.8,53.2,266.0,3670
020719,CENT EDUC DIST MODELO DEL NORTE,BOGOTÁ D.C.,2024,95,56.0,55.0,51.0,52.0,53.0,10.8,53.5,267.5,3886
020719,CENT EDUC DIST MODELO DEL NORTE,BOGOTÁ D.C.,2025,75,54.0,54.0,48.0,51.0,54.0,11.0,51.9,259.5,5087
135319,COL CODEMA (INST EDUC DIST),BOGOTÁ D.C.,2020,66,55.0,54.0,52.0,51.0,47.0,8.6,52.5,262.5,3075
135319,COL CODEMA (INST EDUC DIST),BOGOTÁ D.C.,2021,78,54.0,52.0,50.0,50.0,48.0,9.4,51.2,256.0,3688
135319,COL CODEMA (INST EDUC DIST),BOGOTÁ D.C.,2022,56,56.0,52.0,52.0,51.0,51.0,9.2,52.6,263.0,3692
135319,COL CODEMA (INST EDUC DIST),BOGOTÁ D.C.,2023,76,56.0,53.0,51.0,52.0,52.0,9.6,52.9,264.5,3891
135319,COL CODEMA (INST EDUC DIST),BOGOTÁ D.C.,2024,73,56.0,52.0,52.0,53.0,52.0,9.8,53.2,266.0,4012
135319,COL CODEMA (INST EDUC DIST),BOGOTÁ D.C.,2025,77,54.0,52.0,47.0,51.0,52.0,9.6,51.1,255.5,5642
067033,COLEGIO LAZARILLO DE TORMES,BOGOTÁ D.C.,2020,28,53.0,52.0,48.0,48.0,48.0,9.6,50.1,250.5,4470
067033,COLEGIO LAZARILLO DE TORMES,BOGOTÁ D.C.,2021,28,56.0,55.0,49.0,51.0,53.0,8.4,52.8,264.0,2906
067033,COLEGIO LAZARILLO DE TORMES,BOGOTÁ D.C.,2022,41,58.0,59.0,55.0,53.0,59.0,9.0,56.5,282.5,2118
067033,COLEGIO LAZARILLO DE TORMES,BOGOTÁ D.C.,2023,38,56.0,56.0,53.0,53.0,54.0,8.0,54.5,272.5,3013
067033,COLEGIO LAZARILLO DE TORMES,BOGOTÁ D.C.,2024,59,57.0,55.0,52.0,51.0,56.0,9.4,53.9,269.5,3641
067033,COLEGIO LAZARILLO DE TORMES,BOGOTÁ D.C.,2025,36,55.0,53.0,49.0,51.0,55.0,11.2,52.2,261.0,4808
037234,COL DIST ENRIQUE OLAYA HERRERA,BOGOTÁ D.C.,2020,183,52.0,50.0,47.0,48.0,46.0,8.8,49.0,245.0,5182
037234,COL DIST ENRIQUE OLAYA HERRERA,BOGOTÁ D.C.,2021,152,53.0,50.0,47.0,48.0,50.0,9.4,49.5,247.5,4807
037234,COL DIST ENRIQUE OLAYA HERRERA,BOGOTÁ D.C.,2022,168,54.0,51.0,49.0,50.0,52.0,9.6,51.1,255.5,4637
037234,COL DIST ENRIQUE OLAYA HERRERA,BOGOTÁ D.C.,2023,172,53.0,51.0,48.0,49.0,53.0,9.6,50.5,252.5,5515
037234,COL DIST ENRIQUE OLAYA HERRERA,BOGOTÁ D.C.,2024,151,55.0,53.0,49.0,50.0,54.0,9.6,51.9,259.5,4944
037234,COL DIST ENRIQUE OLAYA HERRERA,BOGOTÁ D.C.,2025,130,55.0,53.0,48.0,51.0,55.0,9.6,52.0,260.0,4957
083964,COLEGIO TRIANGULO PATIO BONITO,BOGOTÁ D.C.,2020,3,51.0,41.0,51.0,47.0,45.0,7.0,47.3,236.5,6628
083964,COLEGIO TRIANGULO PATIO BONITO,BOGOTÁ D.C.,2021,7,47.0,43.0,46.0,45.0,41.0,7.8,44.9,224.5,8287
083964,COLEGIO TRIANGULO PATIO BONITO,BOGOTÁ D.C.,2022,8,45.0,42.0,33.0,41.0,36.0,7.6,39.9,199.5,12327
083964,COLEGIO TRIANGULO PATIO BONITO,BOGOTÁ D.C.,2023,4,45.0,42.0,40.0,35.0,46.0,6.0,40.9,204.5,12280
083964,COLEGIO TRIANGULO PATIO BONITO,BOGOTÁ D.C.,2024,4,47.0,48.0,38.0,47.0,48.0,8.2,45.2,226.0,9478
083964,COLEGIO TRIANGULO PATIO BONITO,BOGOTÁ D.C.,2025,5,56.0,52.0,51.0,51.0,54.0,10.4,52.6,263.0,4556
314229,COLEGIO RURAL JOSÉ CELESTINO MUTIS (IED) - SEDE PRINCIPAL,BOGOTÁ D.C.,2020,70,53.0,53.0,48.0,48.0,44.0,9.0,50.0,250.0,4470
314229,COLEGIO RURAL JOSÉ CELESTINO MUTIS (IED) - SEDE PRINCIPAL,BOGOTÁ D.C.,2021,83,49.0,47.0,44.0,46.0,46.0,7.8,46.5,232.5,7068
314229,COLEGIO RURAL JOSÉ CELESTINO MUTIS (IED) - SEDE PRINCIPAL,BOGOTÁ D.C.,2022,67,53.0,51.0,48.0,50.0,48.0,9.8,50.3,251.5,5167
314229,COLEGIO RURAL JOSÉ CELESTINO MUTIS (IED) - SEDE PRINCIPAL,BOGOTÁ D.C.,2023,66,51.0,49.0,46.0,48.0,49.0,8.2,48.5,242.5,6970
314229,COLEGIO RURAL JOSÉ CELESTINO MUTIS (IED) - SEDE PRINCIPAL,BOGOTÁ D.C.,2024,86,55.0,53.0,48.0,50.0,51.0,10.4,51.5,257.5,5205
314229,COLEGIO RURAL JOSÉ CELESTINO MUTIS (IED) - SEDE PRINCIPAL,BOGOTÁ D.C.,2025,89,54.0,55.0,48.0,51.0,51.0,9.6,51.9,259.5,5087
216002,COL DIST TOMAS CARRASQUILLA,BOGOTÁ D.C.,2020,109,54.0,52.0,52.0,50.0,46.0,8.4,51.5,257.5,3630
216002,COL DIST TOMAS CARRASQUILLA,BOGOTÁ D.C.,2021,131,54.0,52.0,48.0,51.0,50.0,9.4,51.2,256.0,3688
216002,COL DIST TOMAS CARRASQUILLA,BOGOTÁ D.C.,2022,106,54.0,51.0,50.0,49.0,53.0,10.0,51.2,256.0,4486
216002,COL DIST TOMAS CARRASQUILLA,BOGOTÁ D.C.,2023,129,53.0,51.0,49.0,49.0,52.0,9.0,50.6,253.0,5365
216002,COL DIST TOMAS CARRASQUILLA,BOGOTÁ D.C.,2024,107,55.0,54.0,51.0,51.0,55.0,9.0,52.9,264.5,4262
216002,COL DIST TOMAS CARRASQUILLA,BOGOTÁ D.C.,2025,114,54.0,53.0,49.0,51.0,54.0,10.6,51.9,259.5,5087
216549,CENT EDUC DIST EL PARAISO,BOGOTÁ D.C.,2022,20,53.0,52.0,46.0,48.0,51.0,8.4,49.8,249.0,5452
216549,CENT EDUC DIST EL PARAISO,BOGOTÁ D.C.,2023,27,52.0,52.0,46.0,47.0,50.0,9.0,49.3,246.5,6365
216549,CENT EDUC DIST EL PARAISO,BOGOTÁ D.C.,2024,25,56.0,57.0,50.0,52.0,54.0,7.8,53.8,269.0,3641
216549,CENT EDUC DIST EL PARAISO,BOGOTÁ D.C.,2025,21,56.0,53.0,49.0,51.0,51.0,8.8,52.2,261.0,4808
724245,COL DIST EDUC BAS Y MEDIA LA AURORA,BOGOTÁ D.C.,2020,93,53.0,53.0,50.0,48.0,46.0,9.2,50.6,253.0,4092
724245,COL DIST EDUC BAS Y MEDIA LA AURORA,BOGOTÁ D.C.,2021,94,55.0,53.0,50.0,51.0,52.0,9.4,52.2,261.0,3173
724245,COL DIST EDUC BAS Y MEDIA LA AURORA,BOGOTÁ D.C.,2022,89,55.0,52.0,48.0,50.0,50.0,9.0,51.2,256.0,4486
724245,COL DIST EDUC BAS Y MEDIA LA AURORA,BOGOTÁ D.C.,2023,97,54.0,50.0,49.0,48.0,52.0,9.2,50.4,252.0,5515
724245,COL DIST EDUC BAS Y MEDIA LA AURORA,BOGOTÁ D.C.,2024,107,56.0,54.0,51.0,51.0,51.0,9.4,52.8,264.0,4262
724245,COL DIST EDUC BAS Y MEDIA LA AURORA,BOGOTÁ D.C.,2025,116,55.0,53.0,49.0,51.0,52.0,9.2,52.0,260.0,4957
731729,SEDE B,BOGOTÁ D.C.,2020,17,52.0,51.0,53.0,50.0,45.0,10.4,51.0,255.0,3849
731729,SEDE B,BOGOTÁ D.C.,2021,46,52.0,49.0,49.0,49.0,49.0,10.2,49.7,248.5,4675
731729,SEDE B,BOGOTÁ D.C.,2022,39,57.0,53.0,52.0,51.0,53.0,9.6,53.2,266.0,3387
731729,SEDE B,BOGOTÁ D.C.,2023,50,55.0,55.0,51.0,53.0,51.0,9.6,53.3,266.5,3670
731729,SEDE B,BOGOTÁ D.C.,2024,56,52.0,50.0,48.0,49.0,51.0,9.8,49.8,249.0,6319
731729,SEDE B,BOGOTÁ D.C.,2025,37,56.0,53.0,52.0,51.0,53.0,10.2,53.0,265.0,4310
815597,COLEGIO GLORIA VALENCIA DE CASTAÑO (IED) - SEDE PRINCIPAL,BOGOTÁ D.C.,2024,49,50.0,47.0,45.0,45.0,49.0,9.0,46.9,234.5,8388
815597,COLEGIO GLORIA VALENCIA DE CASTAÑO (IED) - SEDE PRINCIPAL,BOGOTÁ D.C.,2025,58,55.0,52.0,49.0,51.0,52.0,10.6,51.8,259.0,5087
123315,CENT EDUC DIST SAN MARTIN DE PORRES,BOGOTÁ D.C.,2022,1,54.0,55.0,62.0,56.0,56.0,0.0,56.7,283.5,2037
123315,CENT EDUC DIST SAN MARTIN DE PORRES,BOGOTÁ D.C.,2023,1,50.0,54.0,42.0,44.0,48.0,0.0,47.5,237.5,7719
123315,CENT EDUC DIST SAN MARTIN DE PORRES,BOGOTÁ D.C.,2025,13,54.0,52.0,46.0,51.0,51.0,9.8,50.8,254.0,5767
132332,COLEGIO HENRY WALLON,BOGOTÁ D.C.,2020,18,55.0,54.0,54.0,51.0,51.0,8.4,53.3,266.5,2679
132332,COLEGIO HENRY WALLON,BOGOTÁ D.C.,2021,10,52.0,50.0,48.0,47.0,54.0,9.4,49.6,248.0,4675
132332,COLEGIO HENRY WALLON,BOGOTÁ D.C.,2022,5,49.0,50.0,47.0,46.0,53.0,7.0,48.4,242.0,6461
132332,COLEGIO HENRY WALLON,BOGOTÁ D.C.,2023,5,59.0,60.0,54.0,59.0,60.0,6.4,58.2,291.0,1739
132332,COLEGIO HENRY WALLON,BOGOTÁ D.C.,2024,5,60.0,54.0,54.0,54.0,62.0,8.4,56.0,280.0,2654
132332,COLEGIO HENRY WALLON,BOGOTÁ D.C.,2025,10,54.0,54.0,54.0,51.0,57.0,8.4,53.5,267.5,4079
143354,ORLANDO HIGUITA ROJAS (INST EDUC DIST),BOGOTÁ D.C.,2020,123,51.0,50.0,47.0,47.0,45.0,9.0,48.5,242.5,5639
143354,ORLANDO HIGUITA ROJAS (INST EDUC DIST),BOGOTÁ D.C.,2021,119,53.0,50.0,45.0,47.0,49.0,9.6,48.8,244.0,5257
143354,ORLANDO HIGUITA ROJAS (INST EDUC DIST),BOGOTÁ D.C.,2022,113,53.0,51.0,47.0,48.0,50.0,9.8,49.8,249.0,5452
143354,ORLANDO HIGUITA ROJAS (INST EDUC DIST),BOGOTÁ D.C.,2023,117,55.0,52.0,50.0,49.0,53.0,9.6,51.6,258.0,4681
143354,ORLANDO HIGUITA ROJAS (INST EDUC DIST),BOGOTÁ D.C.,2024,105,53.0,51.0,48.0,50.0,53.0,10.0,50.7,253.5,5743
143354,ORLANDO HIGUITA ROJAS (INST EDUC DIST),BOGOTÁ D.C.,2025,124,55.0,53.0,49.0,51.0,53.0,10.2,52.1,260.5,4957
143370,ORLANDO HIGUITA ROJAS (INST EDUC DIST),BOGOTÁ D.C.,2020,120,52.0,52.0,47.0,47.0,46.0,9.0,49.2,246.0,5038
143370,ORLANDO HIGUITA ROJAS (INST EDUC DIST),BOGOTÁ D.C.,2021,117,54.0,51.0,47.0,49.0,50.0,9.4,50.2,251.0,4303
143370,ORLANDO HIGUITA ROJAS (INST EDUC DIST),BOGOTÁ D.C.,2022,109,54.0,53.0,48.0,50.0,52.0,9.0,51.3,256.5,4486
143370,ORLANDO HIGUITA ROJAS (INST EDUC DIST),BOGOTÁ D.C.,2023,109,51.0,51.0,47.0,47.0,49.0,9.0,49.0,245.0,6514
143370,ORLANDO HIGUITA ROJAS (INST EDUC DIST),BOGOTÁ D.C.,2024,108,54.0,51.0,47.0,49.0,51.0,9.6,50.3,251.5,6023
143370,ORLANDO HIGUITA ROJAS (INST EDUC DIST),BOGOTÁ D.C.,2025,101,55.0,53.0,49.0,51.0,52.0,10.4,52.0,260.0,4957
160093,CENT EDUC DIST LA VICTORIA,BOGOTÁ D.C.,2020,61,52.0,50.0,48.0,48.0,46.0,8.8,49.2,246.0,5038
160093,CENT EDUC DIST LA VICTORIA,BOGOTÁ D.C.,2021,70,51.0,48.0,45.0,45.0,46.0,8.6,47.2,236.0,6424
160093,CENT EDUC DIST LA VICTORIA,BOGOTÁ D.C.,2022,67,53.0,52.0,48.0,50.0,47.0,10.0,50.5,252.5,5035
160093,CENT EDUC DIST LA VICTORIA,BOGOTÁ D.C.,2023,63,53.0,53.0,48.0,49.0,49.0,9.6,50.6,253.0,5365
160093,CENT EDUC DIST LA VICTORIA,BOGOTÁ D.C.,2024,56,55.0,53.0,50.0,50.0,50.0,8.6,51.8,259.0,4944
160093,CENT EDUC DIST LA VICTORIA,BOGOTÁ D.C.,2025,56,55.0,53.0,47.0,51.0,52.0,9.8,51.5,257.5,5365
113191,CENT EDUC DIST SANTA MARTHA,BOGOTÁ D.C.,2020,35,55.0,55.0,51.0,51.0,46.0,8.6,52.5,262.5,3075
113191,CENT EDUC DIST SANTA MARTHA,BOGOTÁ D.C.,2021,35,58.0,54.0,52.0,50.0,53.0,10.4,53.5,267.5,2660
113191,CENT EDUC DIST SANTA MARTHA,BOGOTÁ D.C.,2022,35,53.0,51.0,46.0,48.0,49.0,9.8,49.5,247.5,5730
113191,CENT EDUC DIST SANTA MARTHA,BOGOTÁ D.C.,2023,33,56.0,52.0,50.0,49.0,53.0,9.4,51.8,259.0,4545
113191,CENT EDUC DIST SANTA MARTHA,BOGOTÁ D.C.,2024,41,58.0,58.0,53.0,53.0,54.0,8.4,55.4,277.0,2888
113191,CENT EDUC DIST SANTA MARTHA,BOGOTÁ D.C.,2025,40,57.0,57.0,51.0,51.0,53.0,8.8,53.9,269.5,3853
025080,COLEGIO COOPERATIVO VENECIA,BOGOTÁ D.C.,2020,39,57.0,53.0,52.0,52.0,51.0,9.0,53.3,266.5,2679
025080,COLEGIO COOPERATIVO VENECIA,BOGOTÁ D.C.,2021,38,55.0,51.0,52.0,51.0,55.0,10.6,52.5,262.5,3083
025080,COLEGIO COOPERATIVO VENECIA,BOGOTÁ D.C.,2022,43,58.0,56.0,55.0,54.0,58.0,8.8,55.9,279.5,2287
025080,COLEGIO COOPERATIVO VENECIA,BOGOTÁ D.C.,2023,36,56.0,54.0,51.0,51.0,59.0,9.0,53.5,267.5,3550
025080,COLEGIO COOPERATIVO VENECIA,BOGOTÁ D.C.,2024,40,57.0,54.0,51.0,52.0,57.0,10.2,53.8,269.0,3641
025080,COLEGIO COOPERATIVO VENECIA,BOGOTÁ D.C.,2025,31,55.0,54.0,53.0,51.0,60.0,11.6,53.8,269.0,3853
106625,BACHILLERATO DISTANCIA PARA JOVENES Y ADULTOS DE LA U NACIONAL ABIERTA Y A DISTANCIA UNAD-REG BOGOTA,BOGOTÁ D.C.,2020,235,55.0,53.0,52.0,50.0,51.0,10.6,52.4,262.0,3075
106625,BACHILLERATO DISTANCIA PARA JOVENES Y ADULTOS DE LA U NACIONAL ABIERTA Y A DISTANCIA UNAD-REG BOGOTA,BOGOTÁ D.C.,2021,289,55.0,51.0,50.0,50.0,53.0,11.4,51.6,258.0,3478
106625,BACHILLERATO DISTANCIA PARA JOVENES Y ADULTOS DE LA U NACIONAL ABIERTA Y A DISTANCIA UNAD-REG BOGOTA,BOGOTÁ D.C.,2022,157,54.0,50.0,49.0,48.0,0.0,8.6,46.4,232.0,7833
106625,BACHILLERATO DISTANCIA PARA JOVENES Y ADULTOS DE LA U NACIONAL ABIERTA Y A DISTANCIA UNAD-REG BOGOTA,BOGOTÁ D.C.,2022,156,0.0,0.0,0.0,0.0,52.0,2.6,4.0,20.0,14397
106625,BACHILLERATO DISTANCIA PARA JOVENES Y ADULTOS DE LA U NACIONAL ABIERTA Y A DISTANCIA UNAD-REG BOGOTA,BOGOTÁ D.C.,2023,357,0.0,0.0,0.0,0.0,41.0,2.8,3.2,16.0,14569
106625,BACHILLERATO DISTANCIA PARA JOVENES Y ADULTOS DE LA U NACIONAL ABIERTA Y A DISTANCIA UNAD-REG BOGOTA,BOGOTÁ D.C.,2023,358,44.0,39.0,42.0,41.0,0.0,9.4,38.3,191.5,13406
106625,BACHILLERATO DISTANCIA PARA JOVENES Y ADULTOS DE LA U NACIONAL ABIERTA Y A DISTANCIA UNAD-REG BOGOTA,BOGOTÁ D.C.,2024,165,54.0,53.0,49.0,49.0,54.0,10.8,51.5,257.5,5205
106625,BACHILLERATO DISTANCIA PARA JOVENES Y ADULTOS DE LA U NACIONAL ABIERTA Y A DISTANCIA UNAD-REG BOGOTA,BOGOTÁ D.C.,2025,127,56.0,52.0,50.0,51.0,55.0,11.6,52.5,262.5,4679
709295,CENT EDUC DIST PABLO NERUDA,BOGOTÁ D.C.,2020,127,55.0,52.0,51.0,50.0,50.0,8.8,51.8,259.0,3398
709295,CENT EDUC DIST PABLO NERUDA,BOGOTÁ D.C.,2021,152,54.0,51.0,49.0,49.0,53.0,10.0,50.9,254.5,3928
709295,CENT EDUC DIST PABLO NERUDA,BOGOTÁ D.C.,2022,111,56.0,53.0,50.0,52.0,55.0,8.8,52.9,264.5,3592
709295,CENT EDUC DIST PABLO NERUDA,BOGOTÁ D.C.,2023,126,55.0,52.0,52.0,51.0,54.0,9.8,52.6,263.0,4004
709295,CENT EDUC DIST PABLO NERUDA,BOGOTÁ D.C.,2024,121,55.0,54.0,49.0,50.0,53.0,9.4,52.1,260.5,4813
709295,CENT EDUC DIST PABLO NERUDA,BOGOTÁ D.C.,2025,111,58.0,55.0,52.0,51.0,56.0,10.6,54.2,271.0,3610
738559,CENT EDUC DIST EL JAPON,BOGOTÁ D.C.,2020,124,54.0,52.0,50.0,49.0,47.0,9.2,50.9,254.5,3960
738559,CENT EDUC DIST EL JAPON,BOGOTÁ D.C.,2021,163,54.0,51.0,49.0,49.0,51.0,9.6,50.8,254.0,3928
738559,CENT EDUC DIST EL JAPON,BOGOTÁ D.C.,2022,118,55.0,53.0,49.0,50.0,52.0,9.4,51.8,259.0,4132
738559,CENT EDUC DIST EL JAPON,BOGOTÁ D.C.,2023,139,54.0,51.0,50.0,50.0,52.0,9.2,51.3,256.5,4938
738559,CENT EDUC DIST EL JAPON,BOGOTÁ D.C.,2024,111,54.0,52.0,49.0,51.0,53.0,9.6,51.6,258.0,5086
738559,CENT EDUC DIST EL JAPON,BOGOTÁ D.C.,2025,106,55.0,53.0,49.0,51.0,55.0,9.0,52.2,261.0,4808
732396,GIMNASIO NUESTRA SEÑORA DE LA ESPERANZA - SEDE PRINCIPAL,BOGOTÁ D.C.,2020,13,61.0,58.0,58.0,55.0,57.0,11.4,57.9,289.5,1331
732396,GIMNASIO NUESTRA SEÑORA DE LA ESPERANZA - SEDE PRINCIPAL,BOGOTÁ D.C.,2021,6,59.0,57.0,53.0,56.0,62.0,8.8,56.7,283.5,1705
732396,GIMNASIO NUESTRA SEÑORA DE LA ESPERANZA - SEDE PRINCIPAL,BOGOTÁ D.C.,2022,13,59.0,58.0,54.0,57.0,57.0,8.8,57.0,285.0,1923
732396,GIMNASIO NUESTRA SEÑORA DE LA ESPERANZA - SEDE PRINCIPAL,BOGOTÁ D.C.,2023,3,66.0,64.0,61.0,62.0,69.0,4.8,63.7,318.5,687
732396,GIMNASIO NUESTRA SEÑORA DE LA ESPERANZA - SEDE PRINCIPAL,BOGOTÁ D.C.,2024,13,60.0,61.0,58.0,59.0,61.0,9.2,59.6,298.0,1523
732396,GIMNASIO NUESTRA SEÑORA DE LA ESPERANZA - SEDE PRINCIPAL,BOGOTÁ D.C.,2025,10,55.0,54.0,49.0,51.0,56.0,12.0,52.5,262.5,4679
117010,CENT EDUC DIST NUEVO HORIZONTE,BOGOTÁ D.C.,2020,48,49.0,48.0,45.0,46.0,45.0,8.2,46.8,234.0,6930
117010,CENT EDUC DIST NUEVO HORIZONTE,BOGOTÁ D.C.,2021,44,50.0,46.0,44.0,44.0,47.0,7.8,46.1,230.5,7376
117010,CENT EDUC DIST NUEVO HORIZONTE,BOGOTÁ D.C.,2022,31,50.0,48.0,46.0,47.0,48.0,8.8,47.8,239.0,6890
117010,CENT EDUC DIST NUEVO HORIZONTE,BOGOTÁ D.C.,2023,54,50.0,48.0,45.0,46.0,47.0,9.2,47.2,236.0,7864
117010,CENT EDUC DIST NUEVO HORIZONTE,BOGOTÁ D.C.,2024,64,51.0,50.0,46.0,47.0,50.0,8.0,48.6,243.0,7132
117010,CENT EDUC DIST NUEVO HORIZONTE,BOGOTÁ D.C.,2025,55,53.0,51.0,49.0,51.0,52.0,9.8,51.1,255.5,5642
021113,COLEGIO CLARETIANO EL LIBERTADOR  - SEDE PRINCIPAL,BOGOTÁ D.C.,2021,39,53.0,55.0,48.0,52.0,55.0,9.4,52.2,261.0,3173
021113,COLEGIO CLARETIANO EL LIBERTADOR  - SEDE PRINCIPAL,BOGOTÁ D.C.,2022,23,57.0,57.0,56.0,53.0,60.0,7.6,56.1,280.5,2227
021113,COLEGIO CLARETIANO EL LIBERTADOR  - SEDE PRINCIPAL,BOGOTÁ D.C.,2023,28,58.0,57.0,54.0,54.0,55.0,9.4,55.7,278.5,2553
021113,COLEGIO CLARETIANO EL LIBERTADOR  - SEDE PRINCIPAL,BOGOTÁ D.C.,2024,27,59.0,57.0,55.0,55.0,61.0,8.8,56.8,284.0,2367
021113,COLEGIO CLARETIANO EL LIBERTADOR  - SEDE PRINCIPAL,BOGOTÁ D.C.,2025,22,55.0,52.0,50.0,51.0,53.0,9.4,52.1,260.5,4957
025163,COL DEPT INTEGRADO FONTIBON,BOGOTÁ D.C.,2020,90,52.0,51.0,48.0,47.0,45.0,9.0,49.2,246.0,5038
025163,COL DEPT INTEGRADO FONTIBON,BOGOTÁ D.C.,2021,67,55.0,52.0,48.0,49.0,50.0,9.2,50.9,254.5,3928
025163,COL DEPT INTEGRADO FONTIBON,BOGOTÁ D.C.,2022,66,52.0,47.0,47.0,48.0,49.0,9.0,48.5,242.5,6461
025163,COL DEPT INTEGRADO FONTIBON,BOGOTÁ D.C.,2023,55,54.0,49.0,48.0,49.0,52.0,10.2,50.2,251.0,5651
025163,COL DEPT INTEGRADO FONTIBON,BOGOTÁ D.C.,2024,67,53.0,52.0,47.0,50.0,52.0,9.6,50.6,253.0,5743
025163,COL DEPT INTEGRADO FONTIBON,BOGOTÁ D.C.,2025,74,55.0,54.0,48.0,51.0,52.0,10.2,52.0,260.0,4957
026054,COL MONTERREY,BOGOTÁ D.C.,2020,53,57.0,54.0,55.0,52.0,53.0,10.2,54.4,272.0,2224
026054,COL MONTERREY,BOGOTÁ D.C.,2021,37,61.0,57.0,57.0,54.0,61.0,8.2,57.5,287.5,1516
026054,COL MONTERREY,BOGOTÁ D.C.,2022,37,57.0,55.0,54.0,53.0,58.0,8.8,55.0,275.0,2589
026054,COL MONTERREY,BOGOTÁ D.C.,2023,47,56.0,53.0,51.0,50.0,56.0,9.8,52.8,264.0,3891
026054,COL MONTERREY,BOGOTÁ D.C.,2024,32,58.0,60.0,56.0,55.0,63.0,10.6,57.7,288.5,2088
026054,COL MONTERREY,BOGOTÁ D.C.,2025,26,55.0,50.0,50.0,51.0,57.0,10.6,51.9,259.5,5087
073288,LICEO LA CORUÑA,BOGOTÁ D.C.,2020,26,56.0,52.0,52.0,51.0,50.0,8.6,52.5,262.5,3075
073288,LICEO LA CORUÑA,BOGOTÁ D.C.,2021,54,53.0,49.0,47.0,49.0,51.0,9.2,49.6,248.0,4675
073288,LICEO LA CORUÑA,BOGOTÁ D.C.,2022,24,55.0,52.0,49.0,52.0,51.0,8.2,51.9,259.5,4132
073288,LICEO LA CORUÑA,BOGOTÁ D.C.,2023,49,57.0,55.0,52.0,53.0,54.0,8.0,54.2,271.0,3101
073288,LICEO LA CORUÑA,BOGOTÁ D.C.,2024,41,56.0,58.0,52.0,55.0,57.0,8.0,55.4,277.0,2888
073288,LICEO LA CORUÑA,BOGOTÁ D.C.,2025,33,56.0,52.0,50.0,51.0,55.0,8.2,52.5,262.5,4679
148122,ALFONSO LÒPEZ MICHELSEN (PUERTA DEL SOL INST EDUC DIST),BOGOTÁ D.C.,2020,147,53.0,52.0,50.0,49.0,46.0,9.0,50.6,253.0,4092
148122,ALFONSO LÒPEZ MICHELSEN (PUERTA DEL SOL INST EDUC DIST),BOGOTÁ D.C.,2021,133,53.0,50.0,49.0,49.0,50.0,8.8,50.2,251.0,4303
148122,ALFONSO LÒPEZ MICHELSEN (PUERTA DEL SOL INST EDUC DIST),BOGOTÁ D.C.,2022,166,54.0,52.0,49.0,50.0,50.0,9.6,51.2,256.0,4486
148122,ALFONSO LÒPEZ MICHELSEN (PUERTA DEL SOL INST EDUC DIST),BOGOTÁ D.C.,2023,140,55.0,51.0,51.0,51.0,53.0,10.2,52.1,260.5,4401
148122,ALFONSO LÒPEZ MICHELSEN (PUERTA DEL SOL INST EDUC DIST),BOGOTÁ D.C.,2024,132,56.0,54.0,51.0,51.0,52.0,9.6,52.9,264.5,4262
148122,ALFONSO LÒPEZ MICHELSEN (PUERTA DEL SOL INST EDUC DIST),BOGOTÁ D.C.,2025,149,55.0,52.0,49.0,51.0,52.0,9.0,51.8,259.0,5087
171272,CENT EDUC DIST SANTA LIBRADA,BOGOTÁ D.C.,2020,29,56.0,57.0,52.0,52.0,48.0,9.4,53.8,269.0,2437
171272,CENT EDUC DIST SANTA LIBRADA,BOGOTÁ D.C.,2021,35,56.0,54.0,52.0,51.0,51.0,9.4,53.1,265.5,2798
171272,CENT EDUC DIST SANTA LIBRADA,BOGOTÁ D.C.,2022,37,54.0,53.0,47.0,50.0,52.0,9.2,51.1,255.5,4637
171272,CENT EDUC DIST SANTA LIBRADA,BOGOTÁ D.C.,2023,32,55.0,56.0,51.0,54.0,51.0,8.0,53.8,269.0,3317
171272,CENT EDUC DIST SANTA LIBRADA,BOGOTÁ D.C.,2024,38,55.0,54.0,51.0,52.0,53.0,9.6,53.0,265.0,4147
171272,CENT EDUC DIST SANTA LIBRADA,BOGOTÁ D.C.,2025,37,54.0,54.0,50.0,51.0,53.0,8.0,52.3,261.5,4808
213520,CENT EDUC DIST SAN JOSE SUR ORIENTAL,BOGOTÁ D.C.,2020,38,55.0,54.0,54.0,52.0,48.0,7.4,53.3,266.5,2679
213520,CENT EDUC DIST SAN JOSE SUR ORIENTAL,BOGOTÁ D.C.,2021,43,55.0,52.0,51.0,51.0,53.0,8.6,52.3,261.5,3173
213520,CENT EDUC DIST SAN JOSE SUR ORIENTAL,BOGOTÁ D.C.,2022,61,54.0,54.0,49.0,51.0,0.0,7.8,48.0,240.0,6767
213520,CENT EDUC DIST SAN JOSE SUR ORIENTAL,BOGOTÁ D.C.,2022,60,0.0,0.0,0.0,0.0,51.0,1.8,3.9,19.5,14398
213520,CENT EDUC DIST SAN JOSE SUR ORIENTAL,BOGOTÁ D.C.,2023,36,54.0,54.0,51.0,53.0,55.0,8.6,53.2,266.0,3670
213520,CENT EDUC DIST SAN JOSE SUR ORIENTAL,BOGOTÁ D.C.,2024,32,56.0,55.0,52.0,52.0,54.0,10.4,53.8,269.0,3641
213520,CENT EDUC DIST SAN JOSE SUR ORIENTAL,BOGOTÁ D.C.,2025,61,55.0,53.0,50.0,51.0,55.0,9.6,52.5,262.5,4679
216440,CENT EDUC DIST RICAURTE,BOGOTÁ D.C.,2020,100,54.0,53.0,51.0,51.0,48.0,9.8,51.9,259.5,3398
216440,CENT EDUC DIST RICAURTE,BOGOTÁ D.C.,2021,93,55.0,54.0,49.0,51.0,53.0,9.8,52.3,261.5,3173
216440,CENT EDUC DIST RICAURTE,BOGOTÁ D.C.,2022,94,56.0,53.0,53.0,52.0,52.0,9.8,53.4,267.0,3280
216440,CENT EDUC DIST RICAURTE,BOGOTÁ D.C.,2023,66,54.0,52.0,51.0,51.0,54.0,9.6,52.2,261.0,4277
216440,CENT EDUC DIST RICAURTE,BOGOTÁ D.C.,2024,82,53.0,51.0,49.0,51.0,52.0,11.0,51.1,255.5,5458
216440,CENT EDUC DIST RICAURTE,BOGOTÁ D.C.,2025,48,57.0,53.0,50.0,51.0,54.0,11.2,52.8,264.0,4428
130062,GIMNASIO LA ARBOLEDA,BOGOTÁ D.C.,2020,9,63.0,62.0,58.0,56.0,74.0,7.4,60.8,304.0,835
130062,GIMNASIO LA ARBOLEDA,BOGOTÁ D.C.,2021,12,57.0,58.0,53.0,56.0,74.0,8.8,57.4,287.0,1516
130062,GIMNASIO LA ARBOLEDA,BOGOTÁ D.C.,2022,16,59.0,58.0,56.0,56.0,68.0,9.8,58.1,290.5,1656
130062,GIMNASIO LA ARBOLEDA,BOGOTÁ D.C.,2023,12,63.0,59.0,59.0,55.0,74.0,10.0,60.2,301.0,1274
130062,GIMNASIO LA ARBOLEDA,BOGOTÁ D.C.,2024,12,62.0,58.0,55.0,60.0,73.0,8.8,59.8,299.0,1476
130062,GIMNASIO LA ARBOLEDA,BOGOTÁ D.C.,2025,9,60.0,55.0,54.0,51.0,73.0,9.6,56.4,282.0,2637
085399,CENT EDUC DIST NUEVO HORIZONTE,BOGOTÁ D.C.,2020,52,51.0,47.0,45.0,47.0,44.0,8.8,47.2,236.0,6628
085399,CENT EDUC DIST NUEVO HORIZONTE,BOGOTÁ D.C.,2021,39,52.0,48.0,48.0,48.0,50.0,9.2,49.1,245.5,5101
085399,CENT EDUC DIST NUEVO HORIZONTE,BOGOTÁ D.C.,2022,42,50.0,47.0,47.0,47.0,49.0,7.2,47.8,239.0,6890
085399,CENT EDUC DIST NUEVO HORIZONTE,BOGOTÁ D.C.,2023,51,49.0,46.0,46.0,46.0,48.0,10.0,46.8,234.0,8181
085399,CENT EDUC DIST NUEVO HORIZONTE,BOGOTÁ D.C.,2024,59,49.0,46.0,46.0,47.0,49.0,9.4,47.2,236.0,8101
085399,CENT EDUC DIST NUEVO HORIZONTE,BOGOTÁ D.C.,2025,54,53.0,51.0,47.0,50.0,48.0,9.8,50.1,250.5,6304
085704,LICEO MAYOR DE PALERMO - SEDE PRINCIPAL,BOGOTÁ D.C.,2020,12,53.0,50.0,46.0,45.0,44.0,10.0,48.2,241.0,5792
085704,LICEO MAYOR DE PALERMO - SEDE PRINCIPAL,BOGOTÁ D.C.,2021,17,50.0,49.0,45.0,47.0,49.0,7.8,47.8,239.0,5974
085704,LICEO MAYOR DE PALERMO - SEDE PRINCIPAL,BOGOTÁ D.C.,2022,7,54.0,52.0,51.0,48.0,53.0,7.4,51.4,257.0,4379
085704,LICEO MAYOR DE PALERMO - SEDE PRINCIPAL,BOGOTÁ D.C.,2023,15,47.0,50.0,47.0,47.0,49.0,10.0,47.8,239.0,7429
085704,LICEO MAYOR DE PALERMO - SEDE PRINCIPAL,BOGOTÁ D.C.,2024,13,56.0,52.0,51.0,51.0,55.0,10.6,52.7,263.5,4413
085704,LICEO MAYOR DE PALERMO - SEDE PRINCIPAL,BOGOTÁ D.C.,2025,12,53.0,59.0,50.0,50.0,50.0,7.6,52.8,264.0,4428
088575,CENTRO DE PROMOCION SAN JOSE,BOGOTÁ D.C.,2020,5,49.0,42.0,45.0,39.0,38.0,8.6,43.3,216.5,9750
088575,CENTRO DE PROMOCION SAN JOSE,BOGOTÁ D.C.,2021,5,43.0,38.0,44.0,45.0,43.0,10.4,42.5,212.5,10114
088575,CENTRO DE PROMOCION SAN JOSE,BOGOTÁ D.C.,2022,11,48.0,43.0,48.0,45.0,48.0,12.8,46.2,231.0,7987
088575,CENTRO DE PROMOCION SAN JOSE,BOGOTÁ D.C.,2023,30,45.0,43.0,42.0,42.0,45.0,10.0,43.2,216.0,10768
088575,CENTRO DE PROMOCION SAN JOSE,BOGOTÁ D.C.,2024,22,47.0,43.0,41.0,43.0,43.0,10.4,43.5,217.5,10619
088575,CENTRO DE PROMOCION SAN JOSE,BOGOTÁ D.C.,2025,5,53.0,49.0,45.0,50.0,50.0,4.4,49.3,246.5,6856
023242,INST FELIX RESTREPO,BOGOTÁ D.C.,2021,6,52.0,48.0,47.0,48.0,48.0,13.0,48.7,243.5,5381
023242,INST FELIX RESTREPO,BOGOTÁ D.C.,2022,7,55.0,50.0,48.0,46.0,51.0,10.8,49.8,249.0,5452
023242,INST FELIX RESTREPO,BOGOTÁ D.C.,2023,7,57.0,55.0,54.0,56.0,62.0,11.8,56.0,280.0,2407
023242,INST FELIX RESTREPO,BOGOTÁ D.C.,2024,3,51.0,39.0,40.0,37.0,49.0,10.6,42.3,211.5,11379
023242,INST FELIX RESTREPO,BOGOTÁ D.C.,2025,16,57.0,52.0,45.0,50.0,54.0,10.6,51.2,256.0,5505
214189,CENT EDUC DIST REP FEDERAL DE ALEMANIA,BOGOTÁ D.C.,2020,24,53.0,53.0,47.0,51.0,47.0,8.4,50.7,253.5,4092
214189,CENT EDUC DIST REP FEDERAL DE ALEMANIA,BOGOTÁ D.C.,2021,25,54.0,53.0,48.0,46.0,53.0,9.4,50.5,252.5,4180
214189,CENT EDUC DIST REP FEDERAL DE ALEMANIA,BOGOTÁ D.C.,2022,26,54.0,55.0,48.0,52.0,53.0,9.2,52.3,261.5,3916
214189,CENT EDUC DIST REP FEDERAL DE ALEMANIA,BOGOTÁ D.C.,2023,27,55.0,53.0,48.0,50.0,55.0,7.8,51.8,259.0,4545
214189,CENT EDUC DIST REP FEDERAL DE ALEMANIA,BOGOTÁ D.C.,2024,21,52.0,56.0,46.0,48.0,48.0,8.2,50.3,251.5,6023
214189,CENT EDUC DIST REP FEDERAL DE ALEMANIA,BOGOTÁ D.C.,2025,26,54.0,54.0,48.0,50.0,56.0,7.2,51.8,259.0,5087
658419,COLEGIO SUPERIOR PALERMO SANTA ISABEL - SEDE PRINCIPAL,BOGOTÁ D.C.,2020,1,37.0,34.0,33.0,29.0,32.0,0.0,33.2,166.0,13706
658419,COLEGIO SUPERIOR PALERMO SANTA ISABEL - SEDE PRINCIPAL,BOGOTÁ D.C.,2021,10,49.0,49.0,45.0,47.0,47.0,8.8,47.5,237.5,6250
658419,COLEGIO SUPERIOR PALERMO SANTA ISABEL - SEDE PRINCIPAL,BOGOTÁ D.C.,2022,12,53.0,51.0,49.0,47.0,54.0,9.4,50.3,251.5,5167
658419,COLEGIO SUPERIOR PALERMO SANTA ISABEL - SEDE PRINCIPAL,BOGOTÁ D.C.,2023,11,49.0,44.0,44.0,45.0,46.0,6.4,45.5,227.5,9179
658419,COLEGIO SUPERIOR PALERMO SANTA ISABEL - SEDE PRINCIPAL,BOGOTÁ D.C.,2024,13,53.0,51.0,46.0,48.0,49.0,10.4,49.5,247.5,6570
658419,COLEGIO SUPERIOR PALERMO SANTA ISABEL - SEDE PRINCIPAL,BOGOTÁ D.C.,2025,9,53.0,55.0,46.0,50.0,46.0,11.6,50.6,253.0,5916
706093,CENT EDUC DIST EL LIBERTADOR,BOGOTÁ D.C.,2020,108,52.0,51.0,47.0,48.0,46.0,9.8,49.2,246.0,5038
706093,CENT EDUC DIST EL LIBERTADOR,BOGOTÁ D.C.,2021,101,52.0,50.0,47.0,48.0,51.0,9.0,49.4,247.0,4807
706093,CENT EDUC DIST EL LIBERTADOR,BOGOTÁ D.C.,2022,111,52.0,51.0,48.0,50.0,49.0,9.8,50.2,251.0,5167
706093,CENT EDUC DIST EL LIBERTADOR,BOGOTÁ D.C.,2023,108,52.0,51.0,47.0,50.0,51.0,9.2,50.1,250.5,5788
706093,CENT EDUC DIST EL LIBERTADOR,BOGOTÁ D.C.,2024,99,54.0,53.0,48.0,50.0,50.0,8.6,51.2,256.0,5338
706093,CENT EDUC DIST EL LIBERTADOR,BOGOTÁ D.C.,2025,97,54.0,53.0,48.0,50.0,53.0,8.6,51.4,257.0,5365
724476,INEM SANTIAGO PEREZ,BOGOTÁ D.C.,2020,232,53.0,53.0,49.0,50.0,48.0,9.2,51.0,255.0,3849
724476,INEM SANTIAGO PEREZ,BOGOTÁ D.C.,2021,244,54.0,51.0,48.0,49.0,49.0,9.2,50.4,252.0,4180
724476,INEM SANTIAGO PEREZ,BOGOTÁ D.C.,2022,249,54.0,51.0,49.0,50.0,52.0,9.8,51.1,255.5,4637
724476,INEM SANTIAGO PEREZ,BOGOTÁ D.C.,2023,263,54.0,53.0,49.0,52.0,53.0,9.2,52.1,260.5,4401
724476,INEM SANTIAGO PEREZ,BOGOTÁ D.C.,2024,237,55.0,55.0,48.0,51.0,53.0,9.2,52.3,261.5,4672
724476,INEM SANTIAGO PEREZ,BOGOTÁ D.C.,2025,297,54.0,52.0,47.0,50.0,53.0,10.0,50.9,254.5,5767
718262,CENT EDUC DIST MIGUEL DE CERVANTES SAAVEDRA,BOGOTÁ D.C.,2020,168,54.0,51.0,50.0,49.0,46.0,8.6,50.6,253.0,4092
718262,CENT EDUC DIST MIGUEL DE CERVANTES SAAVEDRA,BOGOTÁ D.C.,2021,185,54.0,52.0,50.0,50.0,51.0,9.4,51.5,257.5,3586
718262,CENT EDUC DIST MIGUEL DE CERVANTES SAAVEDRA,BOGOTÁ D.C.,2022,162,53.0,53.0,48.0,50.0,50.0,10.0,50.9,254.5,4769
718262,CENT EDUC DIST MIGUEL DE CERVANTES SAAVEDRA,BOGOTÁ D.C.,2023,160,55.0,51.0,49.0,51.0,52.0,9.0,51.5,257.5,4796
718262,CENT EDUC DIST MIGUEL DE CERVANTES SAAVEDRA,BOGOTÁ D.C.,2024,169,53.0,53.0,48.0,51.0,50.0,9.8,51.2,256.0,5338
718262,CENT EDUC DIST MIGUEL DE CERVANTES SAAVEDRA,BOGOTÁ D.C.,2025,155,53.0,52.0,46.0,50.0,51.0,9.8,50.3,251.5,6168
053827,CEDID SAN PABLO BOSA,BOGOTÁ D.C.,2020,113,53.0,53.0,49.0,49.0,46.0,10.4,50.6,253.0,4092
053827,CEDID SAN PABLO BOSA,BOGOTÁ D.C.,2021,134,52.0,49.0,45.0,48.0,48.0,10.0,48.5,242.5,5521
053827,CEDID SAN PABLO BOSA,BOGOTÁ D.C.,2022,117,52.0,49.0,46.0,48.0,49.0,9.0,48.8,244.0,6169
053827,CEDID SAN PABLO BOSA,BOGOTÁ D.C.,2023,117,52.0,53.0,47.0,49.0,51.0,9.6,50.3,251.5,5651
053827,CEDID SAN PABLO BOSA,BOGOTÁ D.C.,2024,119,0.0,0.0,0.0,0.0,53.0,2.0,4.1,20.5,14611
053827,CEDID SAN PABLO BOSA,BOGOTÁ D.C.,2024,120,55.0,53.0,48.0,51.0,0.0,6.4,47.8,239.0,7653
053827,CEDID SAN PABLO BOSA,BOGOTÁ D.C.,2025,117,54.0,54.0,46.0,50.0,51.0,9.6,51.0,255.0,5642
079707,LICEO DE OXFORD,BOGOTÁ D.C.,2020,39,54.0,54.0,47.0,50.0,49.0,8.6,51.1,255.5,3849
079707,LICEO DE OXFORD,BOGOTÁ D.C.,2021,30,54.0,52.0,46.0,50.0,53.0,8.8,50.7,253.5,4050
079707,LICEO DE OXFORD,BOGOTÁ D.C.,2022,28,59.0,56.0,54.0,53.0,56.0,9.8,55.5,277.5,2415
079707,LICEO DE OXFORD,BOGOTÁ D.C.,2023,34,57.0,58.0,53.0,53.0,58.0,11.8,55.5,277.5,2625
079707,LICEO DE OXFORD,BOGOTÁ D.C.,2024,25,56.0,56.0,49.0,51.0,54.0,9.4,53.1,265.5,4147
079707,LICEO DE OXFORD,BOGOTÁ D.C.,2025,47,56.0,51.0,49.0,50.0,55.0,9.8,51.8,259.0,5087
059352,COL DIST EDUC BAS Y MEDIA ANTONIO NARIÑO,BOGOTÁ D.C.,2020,51,56.0,52.0,50.0,52.0,46.0,8.4,52.0,260.0,3291
059352,COL DIST EDUC BAS Y MEDIA ANTONIO NARIÑO,BOGOTÁ D.C.,2021,25,53.0,50.0,48.0,49.0,49.0,9.8,49.9,249.5,4556
059352,COL DIST EDUC BAS Y MEDIA ANTONIO NARIÑO,BOGOTÁ D.C.,2022,38,53.0,50.0,49.0,51.0,50.0,9.6,50.7,253.5,4897
059352,COL DIST EDUC BAS Y MEDIA ANTONIO NARIÑO,BOGOTÁ D.C.,2023,25,55.0,52.0,51.0,52.0,49.0,9.8,52.2,261.0,4277
059352,COL DIST EDUC BAS Y MEDIA ANTONIO NARIÑO,BOGOTÁ D.C.,2024,38,50.0,50.0,45.0,50.0,49.0,8.6,48.8,244.0,6985
059352,COL DIST EDUC BAS Y MEDIA ANTONIO NARIÑO,BOGOTÁ D.C.,2025,61,53.0,51.0,46.0,50.0,51.0,8.4,50.1,250.5,6304
066688,CENT EDUC DIST SAN JOSE,BOGOTÁ D.C.,2020,60,53.0,51.0,51.0,49.0,47.0,9.2,50.7,253.5,4092
066688,CENT EDUC DIST SAN JOSE,BOGOTÁ D.C.,2021,68,53.0,50.0,47.0,49.0,48.0,9.2,49.6,248.0,4675
066688,CENT EDUC DIST SAN JOSE,BOGOTÁ D.C.,2022,64,55.0,52.0,49.0,50.0,50.0,10.6,51.4,257.0,4379
066688,CENT EDUC DIST SAN JOSE,BOGOTÁ D.C.,2023,107,54.0,50.0,50.0,50.0,52.0,9.8,51.1,255.5,5082
066688,CENT EDUC DIST SAN JOSE,BOGOTÁ D.C.,2024,88,53.0,50.0,47.0,49.0,54.0,10.0,50.1,250.5,6174
066688,CENT EDUC DIST SAN JOSE,BOGOTÁ D.C.,2025,93,54.0,52.0,48.0,50.0,53.0,10.4,51.2,256.0,5505
169953,CENT EDUC DIST BOSANOVA,BOGOTÁ D.C.,2020,34,52.0,49.0,47.0,47.0,46.0,9.8,48.5,242.5,5639
169953,CENT EDUC DIST BOSANOVA,BOGOTÁ D.C.,2021,64,51.0,48.0,46.0,48.0,51.0,8.4,48.5,242.5,5521
169953,CENT EDUC DIST BOSANOVA,BOGOTÁ D.C.,2022,39,55.0,51.0,51.0,51.0,59.0,9.4,52.5,262.5,3812
169953,CENT EDUC DIST BOSANOVA,BOGOTÁ D.C.,2023,70,53.0,50.0,48.0,48.0,53.0,10.2,50.0,250.0,5788
169953,CENT EDUC DIST BOSANOVA,BOGOTÁ D.C.,2024,35,55.0,51.0,52.0,50.0,55.0,9.6,52.2,261.0,4672
169953,CENT EDUC DIST BOSANOVA,BOGOTÁ D.C.,2025,67,54.0,52.0,49.0,50.0,54.0,10.2,51.5,257.5,5365
085472,INSTITUTO CENTRAL DE ESTUDIOS S.A.S - SEDE PRINCIPAL,BOGOTÁ D.C.,2020,26,51.0,49.0,46.0,45.0,46.0,9.0,47.6,238.0,6291
085472,INSTITUTO CENTRAL DE ESTUDIOS S.A.S - SEDE PRINCIPAL,BOGOTÁ D.C.,2021,25,53.0,48.0,47.0,48.0,55.0,12.8,49.5,247.5,4807
085472,INSTITUTO CENTRAL DE ESTUDIOS S.A.S - SEDE PRINCIPAL,BOGOTÁ D.C.,2022,14,54.0,54.0,51.0,51.0,58.0,9.8,52.9,264.5,3592
085472,INSTITUTO CENTRAL DE ESTUDIOS S.A.S - SEDE PRINCIPAL,BOGOTÁ D.C.,2023,16,54.0,52.0,50.0,50.0,57.0,8.8,51.9,259.5,4545
085472,INSTITUTO CENTRAL DE ESTUDIOS S.A.S - SEDE PRINCIPAL,BOGOTÁ D.C.,2024,22,51.0,50.0,44.0,45.0,51.0,10.8,47.8,239.0,7653
085472,INSTITUTO CENTRAL DE ESTUDIOS S.A.S - SEDE PRINCIPAL,BOGOTÁ D.C.,2025,18,56.0,52.0,49.0,50.0,59.0,9.6,52.3,261.5,4808
213231,INST DIST DE COMERCIO MANUELA BELTRAN,BOGOTÁ D.C.,2020,99,54.0,53.0,49.0,50.0,48.0,9.0,51.2,256.0,3726
213231,INST DIST DE COMERCIO MANUELA BELTRAN,BOGOTÁ D.C.,2021,91,55.0,53.0,51.0,51.0,52.0,9.6,52.5,262.5,3083
213231,INST DIST DE COMERCIO MANUELA BELTRAN,BOGOTÁ D.C.,2022,91,55.0,54.0,49.0,52.0,53.0,9.8,52.5,262.5,3812
213231,INST DIST DE COMERCIO MANUELA BELTRAN,BOGOTÁ D.C.,2023,116,55.0,53.0,51.0,51.0,53.0,9.2,52.5,262.5,4159
213231,INST DIST DE COMERCIO MANUELA BELTRAN,BOGOTÁ D.C.,2024,90,55.0,52.0,48.0,51.0,54.0,9.6,51.7,258.5,5086
213231,INST DIST DE COMERCIO MANUELA BELTRAN,BOGOTÁ D.C.,2025,85,56.0,53.0,49.0,50.0,56.0,10.2,52.3,261.5,4808
754739,COLEGIO CRISTIANO DE COLOMBIA,BOGOTÁ D.C.,2021,16,52.0,49.0,44.0,46.0,54.0,11.0,48.2,241.0,5675
754739,COLEGIO CRISTIANO DE COLOMBIA,BOGOTÁ D.C.,2022,23,55.0,53.0,53.0,51.0,58.0,11.2,53.4,267.0,3280
754739,COLEGIO CRISTIANO DE COLOMBIA,BOGOTÁ D.C.,2023,29,60.0,59.0,56.0,55.0,66.0,10.2,58.2,291.0,1739
754739,COLEGIO CRISTIANO DE COLOMBIA,BOGOTÁ D.C.,2024,51,57.0,54.0,52.0,53.0,59.0,11.4,54.4,272.0,3348
754739,COLEGIO CRISTIANO DE COLOMBIA,BOGOTÁ D.C.,2025,54,56.0,51.0,51.0,50.0,55.0,10.6,52.2,261.0,4808
124966,CENT EDUC DIST DIVINO NIÑO JESUS EL CONDOR,BOGOTÁ D.C.,2020,32,54.0,49.0,49.0,48.0,49.0,8.6,49.9,249.5,4600
124966,CENT EDUC DIST DIVINO NIÑO JESUS EL CONDOR,BOGOTÁ D.C.,2021,27,55.0,50.0,48.0,48.0,53.0,7.8,50.5,252.5,4180
124966,CENT EDUC DIST DIVINO NIÑO JESUS EL CONDOR,BOGOTÁ D.C.,2022,48,51.0,48.0,49.0,48.0,51.0,10.6,49.2,246.0,5890
124966,CENT EDUC DIST DIVINO NIÑO JESUS EL CONDOR,BOGOTÁ D.C.,2023,59,54.0,53.0,50.0,51.0,55.0,10.4,52.2,261.0,4277
124966,CENT EDUC DIST DIVINO NIÑO JESUS EL CONDOR,BOGOTÁ D.C.,2024,65,53.0,53.0,48.0,50.0,52.0,8.2,51.1,255.5,5458
124966,CENT EDUC DIST DIVINO NIÑO JESUS EL CONDOR,BOGOTÁ D.C.,2025,58,54.0,53.0,48.0,50.0,53.0,10.0,51.4,257.0,5365
141002,COL ANTONIO GARCIA (INS EDUC DIST),BOGOTÁ D.C.,2020,50,56.0,54.0,49.0,49.0,44.0,9.0,51.4,257.0,3630
141002,COL ANTONIO GARCIA (INS EDUC DIST),BOGOTÁ D.C.,2021,44,54.0,52.0,49.0,49.0,45.0,9.0,50.5,252.5,4180
141002,COL ANTONIO GARCIA (INS EDUC DIST),BOGOTÁ D.C.,2022,70,54.0,52.0,47.0,49.0,49.0,8.6,50.4,252.0,5035
141002,COL ANTONIO GARCIA (INS EDUC DIST),BOGOTÁ D.C.,2023,74,55.0,53.0,50.0,51.0,50.0,9.4,52.1,260.5,4401
141002,COL ANTONIO GARCIA (INS EDUC DIST),BOGOTÁ D.C.,2024,74,56.0,52.0,52.0,53.0,52.0,9.0,53.2,266.0,4012
141002,COL ANTONIO GARCIA (INS EDUC DIST),BOGOTÁ D.C.,2025,108,55.0,52.0,47.0,50.0,51.0,9.6,51.0,255.0,5642
148437,ALFONSO LÒPEZ MICHELSEN (PUERTA DEL SOL INST EDUC DIST),BOGOTÁ D.C.,2020,121,53.0,51.0,49.0,48.0,46.0,8.6,49.9,249.5,4600
148437,ALFONSO LÒPEZ MICHELSEN (PUERTA DEL SOL INST EDUC DIST),BOGOTÁ D.C.,2021,157,53.0,50.0,48.0,49.0,50.0,9.0,50.0,250.0,4448
148437,ALFONSO LÒPEZ MICHELSEN (PUERTA DEL SOL INST EDUC DIST),BOGOTÁ D.C.,2022,127,52.0,50.0,47.0,48.0,51.0,9.6,49.4,247.0,5730
148437,ALFONSO LÒPEZ MICHELSEN (PUERTA DEL SOL INST EDUC DIST),BOGOTÁ D.C.,2023,115,54.0,53.0,50.0,50.0,53.0,9.2,51.8,259.0,4545
148437,ALFONSO LÒPEZ MICHELSEN (PUERTA DEL SOL INST EDUC DIST),BOGOTÁ D.C.,2024,105,55.0,54.0,51.0,51.0,53.0,9.0,52.8,264.0,4262
148437,ALFONSO LÒPEZ MICHELSEN (PUERTA DEL SOL INST EDUC DIST),BOGOTÁ D.C.,2025,104,54.0,53.0,49.0,50.0,55.0,9.0,51.8,259.0,5087
102640,INSTITUTO PSICOPEDAGÓGICO EL TESORO DE LA VERDAD - SEDE PRINCIPAL,BOGOTÁ D.C.,2020,8,53.0,46.0,49.0,48.0,44.0,8.6,48.6,243.0,5473
102640,INSTITUTO PSICOPEDAGÓGICO EL TESORO DE LA VERDAD - SEDE PRINCIPAL,BOGOTÁ D.C.,2021,13,56.0,52.0,52.0,49.0,52.0,10.2,52.2,261.0,3173
102640,INSTITUTO PSICOPEDAGÓGICO EL TESORO DE LA VERDAD - SEDE PRINCIPAL,BOGOTÁ D.C.,2022,10,48.0,44.0,40.0,45.0,41.0,9.0,44.0,220.0,9582
102640,INSTITUTO PSICOPEDAGÓGICO EL TESORO DE LA VERDAD - SEDE PRINCIPAL,BOGOTÁ D.C.,2023,11,46.0,44.0,42.0,45.0,47.0,7.4,44.5,222.5,9891
102640,INSTITUTO PSICOPEDAGÓGICO EL TESORO DE LA VERDAD - SEDE PRINCIPAL,BOGOTÁ D.C.,2024,10,54.0,49.0,46.0,48.0,51.0,10.0,49.4,247.0,6570
102640,INSTITUTO PSICOPEDAGÓGICO EL TESORO DE LA VERDAD - SEDE PRINCIPAL,BOGOTÁ D.C.,2025,8,52.0,47.0,48.0,50.0,54.0,11.0,49.6,248.0,6584
152652,COLEGIO CIUDAD PATIO BONITO,BOGOTÁ D.C.,2020,60,52.0,51.0,48.0,48.0,46.0,8.6,49.5,247.5,4883
152652,COLEGIO CIUDAD PATIO BONITO,BOGOTÁ D.C.,2021,44,0.0,0.0,0.0,0.0,54.0,2.0,4.2,21.0,14336
152652,COLEGIO CIUDAD PATIO BONITO,BOGOTÁ D.C.,2021,45,54.0,52.0,50.0,51.0,0.0,6.6,47.8,239.0,5974
152652,COLEGIO CIUDAD PATIO BONITO,BOGOTÁ D.C.,2022,33,55.0,51.0,51.0,51.0,53.0,9.6,52.1,260.5,4028
152652,COLEGIO CIUDAD PATIO BONITO,BOGOTÁ D.C.,2023,45,55.0,52.0,50.0,52.0,55.0,8.6,52.5,262.5,4159
152652,COLEGIO CIUDAD PATIO BONITO,BOGOTÁ D.C.,2024,30,57.0,55.0,53.0,54.0,55.0,8.2,54.8,274.0,3172
152652,COLEGIO CIUDAD PATIO BONITO,BOGOTÁ D.C.,2025,23,53.0,47.0,47.0,50.0,53.0,10.4,49.5,247.5,6695
110346,LIC  NUEVA BRITALIA,BOGOTÁ D.C.,2020,24,54.0,50.0,49.0,47.0,46.0,9.6,49.7,248.5,4747
110346,LIC  NUEVA BRITALIA,BOGOTÁ D.C.,2021,39,56.0,53.0,51.0,51.0,0.0,6.4,48.7,243.5,5381
110346,LIC  NUEVA BRITALIA,BOGOTÁ D.C.,2021,38,0.0,0.0,0.0,0.0,52.0,2.2,4.0,20.0,14336
110346,LIC  NUEVA BRITALIA,BOGOTÁ D.C.,2022,30,58.0,54.0,52.0,50.0,53.0,8.6,53.5,267.5,3280
110346,LIC  NUEVA BRITALIA,BOGOTÁ D.C.,2023,38,53.0,51.0,49.0,50.0,52.0,8.6,50.8,254.0,5222
110346,LIC  NUEVA BRITALIA,BOGOTÁ D.C.,2024,34,57.0,57.0,52.0,52.0,52.0,8.8,54.3,271.5,3449
110346,LIC  NUEVA BRITALIA,BOGOTÁ D.C.,2025,47,53.0,52.0,49.0,50.0,53.0,10.6,51.2,256.0,5505
144279,CENT EDUC NAL PILOTO BAVARIA,BOGOTÁ D.C.,2022,35,53.0,51.0,48.0,48.0,51.0,9.6,50.1,250.5,5298
144279,CENT EDUC NAL PILOTO BAVARIA,BOGOTÁ D.C.,2023,44,53.0,50.0,47.0,48.0,49.0,8.8,49.5,247.5,6222
144279,CENT EDUC NAL PILOTO BAVARIA,BOGOTÁ D.C.,2024,54,56.0,56.0,52.0,54.0,55.0,10.2,54.5,272.5,3348
144279,CENT EDUC NAL PILOTO BAVARIA,BOGOTÁ D.C.,2025,69,55.0,54.0,50.0,50.0,53.0,9.8,52.3,261.5,4808
313965,CENT EDUC DIST RURAL ERASMO VALENCIA,BOGOTÁ D.C.,2020,3,39.0,40.0,34.0,39.0,37.0,6.6,37.9,189.5,13125
313965,CENT EDUC DIST RURAL ERASMO VALENCIA,BOGOTÁ D.C.,2021,5,53.0,50.0,51.0,50.0,46.0,12.4,50.6,253.0,4050
313965,CENT EDUC DIST RURAL ERASMO VALENCIA,BOGOTÁ D.C.,2023,5,49.0,42.0,43.0,48.0,44.0,5.4,45.4,227.0,9179
313965,CENT EDUC DIST RURAL ERASMO VALENCIA,BOGOTÁ D.C.,2024,7,50.0,47.0,43.0,49.0,47.0,9.4,47.2,236.0,8101
313965,CENT EDUC DIST RURAL ERASMO VALENCIA,BOGOTÁ D.C.,2025,7,54.0,49.0,46.0,50.0,42.0,9.6,49.2,246.0,6856
216176,COL NAL CLEMENCIA DE CAYCEDO,BOGOTÁ D.C.,2020,82,56.0,54.0,51.0,51.0,50.0,8.4,52.8,264.0,2872
216176,COL NAL CLEMENCIA DE CAYCEDO,BOGOTÁ D.C.,2021,70,57.0,52.0,51.0,51.0,54.0,8.4,52.8,264.0,2906
216176,COL NAL CLEMENCIA DE CAYCEDO,BOGOTÁ D.C.,2022,60,56.0,53.0,48.0,48.0,54.0,10.4,51.5,257.5,4379
216176,COL NAL CLEMENCIA DE CAYCEDO,BOGOTÁ D.C.,2023,68,53.0,51.0,50.0,50.0,51.0,9.2,51.0,255.0,5082
216176,COL NAL CLEMENCIA DE CAYCEDO,BOGOTÁ D.C.,2024,44,56.0,57.0,52.0,51.0,53.0,8.2,53.9,269.5,3641
216176,COL NAL CLEMENCIA DE CAYCEDO,BOGOTÁ D.C.,2025,51,56.0,54.0,51.0,50.0,55.0,10.4,52.9,264.5,4428
660860,LICEO NAL POLICARPA SALAVARRIETA,BOGOTÁ D.C.,2020,78,54.0,53.0,48.0,47.0,46.0,8.6,50.2,251.0,4329
660860,LICEO NAL POLICARPA SALAVARRIETA,BOGOTÁ D.C.,2021,81,52.0,47.0,46.0,47.0,47.0,8.8,47.9,239.5,5974
660860,LICEO NAL POLICARPA SALAVARRIETA,BOGOTÁ D.C.,2022,69,56.0,54.0,50.0,50.0,50.0,10.0,52.3,261.5,3916
660860,LICEO NAL POLICARPA SALAVARRIETA,BOGOTÁ D.C.,2023,47,56.0,52.0,49.0,49.0,53.0,10.0,51.6,258.0,4681
660860,LICEO NAL POLICARPA SALAVARRIETA,BOGOTÁ D.C.,2024,61,54.0,54.0,49.0,51.0,52.0,10.2,52.0,260.0,4813
660860,LICEO NAL POLICARPA SALAVARRIETA,BOGOTÁ D.C.,2025,70,54.0,51.0,48.0,50.0,51.0,9.8,50.8,254.0,5767
732487,COLEGIO KUEPA CALLE 72 - SEDE PRINCIPAL,BOGOTÁ D.C.,2020,4,51.0,55.0,48.0,48.0,46.0,5.0,50.2,251.0,4329
732487,COLEGIO KUEPA CALLE 72 - SEDE PRINCIPAL,BOGOTÁ D.C.,2021,40,55.0,49.0,48.0,48.0,54.0,10.4,50.3,251.5,4303
732487,COLEGIO KUEPA CALLE 72 - SEDE PRINCIPAL,BOGOTÁ D.C.,2022,28,52.0,51.0,49.0,49.0,52.0,10.2,50.4,252.0,5035
732487,COLEGIO KUEPA CALLE 72 - SEDE PRINCIPAL,BOGOTÁ D.C.,2023,29,53.0,49.0,48.0,49.0,51.0,11.0,49.8,249.0,5939
732487,COLEGIO KUEPA CALLE 72 - SEDE PRINCIPAL,BOGOTÁ D.C.,2024,125,54.0,51.0,48.0,49.0,52.0,10.4,50.6,253.0,5743
732487,COLEGIO KUEPA CALLE 72 - SEDE PRINCIPAL,BOGOTÁ D.C.,2025,92,54.0,52.0,48.0,50.0,53.0,9.8,51.2,256.0,5505
765883,CENT EDUC DIST SAN RAFAEL,BOGOTÁ D.C.,2022,106,55.0,53.0,48.0,50.0,57.0,8.8,51.9,259.5,4132
765883,CENT EDUC DIST SAN RAFAEL,BOGOTÁ D.C.,2023,111,55.0,52.0,50.0,51.0,56.0,10.0,52.3,261.5,4277
765883,CENT EDUC DIST SAN RAFAEL,BOGOTÁ D.C.,2024,94,56.0,54.0,50.0,51.0,56.0,9.2,53.0,265.0,4147
765883,CENT EDUC DIST SAN RAFAEL,BOGOTÁ D.C.,2025,91,55.0,53.0,50.0,50.0,58.0,10.2,52.5,262.5,4679
811216,COLEGIO ESMERALDA ARBOLEDA CADAVID (IED) - SEDE PRINCIPAL,BOGOTÁ D.C.,2023,47,53.0,52.0,47.0,50.0,51.0,9.4,50.5,252.5,5515
811216,COLEGIO ESMERALDA ARBOLEDA CADAVID (IED) - SEDE PRINCIPAL,BOGOTÁ D.C.,2024,52,53.0,51.0,47.0,48.0,53.0,10.6,50.0,250.0,6174
811216,COLEGIO ESMERALDA ARBOLEDA CADAVID (IED) - SEDE PRINCIPAL,BOGOTÁ D.C.,2025,66,54.0,53.0,48.0,50.0,51.0,10.0,51.2,256.0,5505
821066,COLEGIO KUEPA CALLE 72 - SEDE PRINCIPAL,BOGOTÁ D.C.,2025,100,55.0,52.0,50.0,50.0,56.0,10.6,52.1,260.5,4957
098772,CENT EDUC DIST MARRUECOS Y MOLINOS,BOGOTÁ D.C.,2020,88,52.0,51.0,48.0,48.0,46.0,9.4,49.5,247.5,4883
098772,CENT EDUC DIST MARRUECOS Y MOLINOS,BOGOTÁ D.C.,2021,102,51.0,50.0,46.0,47.0,48.0,9.6,48.5,242.5,5521
098772,CENT EDUC DIST MARRUECOS Y MOLINOS,BOGOTÁ D.C.,2022,120,53.0,52.0,46.0,48.0,50.0,9.4,49.8,249.0,5452
098772,CENT EDUC DIST MARRUECOS Y MOLINOS,BOGOTÁ D.C.,2023,110,54.0,56.0,50.0,53.0,54.0,9.6,53.3,266.5,3670
098772,CENT EDUC DIST MARRUECOS Y MOLINOS,BOGOTÁ D.C.,2024,122,53.0,52.0,49.0,51.0,54.0,9.4,51.5,257.5,5205
098772,CENT EDUC DIST MARRUECOS Y MOLINOS,BOGOTÁ D.C.,2025,112,52.0,52.0,45.0,50.0,50.0,9.8,49.8,249.0,6460
105064,COLEGIO NICOLÁS GÓMEZ DÁVILA (IED) - SEDE PRINCIPAL,BOGOTÁ D.C.,2020,72,54.0,53.0,50.0,50.0,48.0,8.8,51.5,257.5,3630
105064,COLEGIO NICOLÁS GÓMEZ DÁVILA (IED) - SEDE PRINCIPAL,BOGOTÁ D.C.,2021,95,52.0,51.0,47.0,48.0,51.0,8.8,49.6,248.0,4675
105064,COLEGIO NICOLÁS GÓMEZ DÁVILA (IED) - SEDE PRINCIPAL,BOGOTÁ D.C.,2022,79,54.0,54.0,49.0,50.0,55.0,9.2,52.0,260.0,4028
105064,COLEGIO NICOLÁS GÓMEZ DÁVILA (IED) - SEDE PRINCIPAL,BOGOTÁ D.C.,2023,80,55.0,54.0,50.0,51.0,56.0,8.8,52.8,264.0,3891
105064,COLEGIO NICOLÁS GÓMEZ DÁVILA (IED) - SEDE PRINCIPAL,BOGOTÁ D.C.,2024,74,55.0,51.0,48.0,49.0,54.0,9.6,51.0,255.0,5458
105064,COLEGIO NICOLÁS GÓMEZ DÁVILA (IED) - SEDE PRINCIPAL,BOGOTÁ D.C.,2025,77,53.0,52.0,46.0,50.0,51.0,10.0,50.3,251.5,6168
145458,COL DIST EDUC BAS Y MEDIA PROVINCIA DE QUEBEC,BOGOTÁ D.C.,2020,24,54.0,54.0,51.0,52.0,53.0,9.4,52.8,264.0,2872
145458,COL DIST EDUC BAS Y MEDIA PROVINCIA DE QUEBEC,BOGOTÁ D.C.,2021,27,49.0,47.0,41.0,45.0,49.0,6.6,45.8,229.0,7538
145458,COL DIST EDUC BAS Y MEDIA PROVINCIA DE QUEBEC,BOGOTÁ D.C.,2022,26,55.0,51.0,51.0,49.0,53.0,10.4,51.6,258.0,4254
145458,COL DIST EDUC BAS Y MEDIA PROVINCIA DE QUEBEC,BOGOTÁ D.C.,2023,37,54.0,53.0,49.0,51.0,53.0,8.4,51.8,259.0,4545
145458,COL DIST EDUC BAS Y MEDIA PROVINCIA DE QUEBEC,BOGOTÁ D.C.,2024,32,51.0,50.0,47.0,50.0,53.0,9.0,49.8,249.0,6319
145458,COL DIST EDUC BAS Y MEDIA PROVINCIA DE QUEBEC,BOGOTÁ D.C.,2025,59,54.0,52.0,46.0,50.0,52.0,10.2,50.6,253.0,5916
144659,COL TOMAS CIPRIANO DE MOSQUERA ( INS EDUC DIST) - SEDE PRINCIPAL,BOGOTÁ D.C.,2020,129,53.0,52.0,49.0,49.0,47.0,9.0,50.5,252.5,4217
144659,COL TOMAS CIPRIANO DE MOSQUERA ( INS EDUC DIST) - SEDE PRINCIPAL,BOGOTÁ D.C.,2021,125,54.0,51.0,48.0,49.0,52.0,9.6,50.6,253.0,4050
144659,COL TOMAS CIPRIANO DE MOSQUERA ( INS EDUC DIST) - SEDE PRINCIPAL,BOGOTÁ D.C.,2022,130,55.0,52.0,49.0,49.0,50.0,9.2,51.2,256.0,4486
144659,COL TOMAS CIPRIANO DE MOSQUERA ( INS EDUC DIST) - SEDE PRINCIPAL,BOGOTÁ D.C.,2023,150,54.0,51.0,49.0,50.0,53.0,9.4,51.2,256.0,4938
144659,COL TOMAS CIPRIANO DE MOSQUERA ( INS EDUC DIST) - SEDE PRINCIPAL,BOGOTÁ D.C.,2024,145,54.0,52.0,49.0,51.0,52.0,9.6,51.5,257.5,5205
144659,COL TOMAS CIPRIANO DE MOSQUERA ( INS EDUC DIST) - SEDE PRINCIPAL,BOGOTÁ D.C.,2025,139,53.0,50.0,46.0,50.0,52.0,10.2,49.9,249.5,6460
075440,COLEGIO EL ESCORIAL,BOGOTÁ D.C.,2020,29,51.0,49.0,46.0,49.0,50.0,8.4,48.8,244.0,5346
075440,COLEGIO EL ESCORIAL,BOGOTÁ D.C.,2021,13,51.0,47.0,47.0,46.0,50.0,9.2,47.9,239.5,5974
075440,COLEGIO EL ESCORIAL,BOGOTÁ D.C.,2022,16,58.0,57.0,51.0,53.0,59.0,8.4,55.1,275.5,2589
075440,COLEGIO EL ESCORIAL,BOGOTÁ D.C.,2023,15,54.0,49.0,48.0,50.0,52.0,10.2,50.4,252.0,5515
075440,COLEGIO EL ESCORIAL,BOGOTÁ D.C.,2024,13,59.0,61.0,55.0,57.0,61.0,8.2,58.2,291.0,1887
075440,COLEGIO EL ESCORIAL,BOGOTÁ D.C.,2025,20,56.0,54.0,47.0,50.0,57.0,11.4,52.2,261.0,4808
109488,CENT EDUC DIST ALEJANDRO OBREGON,BOGOTÁ D.C.,2020,52,54.0,53.0,50.0,49.0,52.0,9.6,51.5,257.5,3630
109488,CENT EDUC DIST ALEJANDRO OBREGON,BOGOTÁ D.C.,2021,77,55.0,52.0,50.0,50.0,56.0,10.0,52.1,260.5,3274
109488,CENT EDUC DIST ALEJANDRO OBREGON,BOGOTÁ D.C.,2022,63,57.0,55.0,52.0,52.0,58.0,10.2,54.3,271.5,2904
109488,CENT EDUC DIST ALEJANDRO OBREGON,BOGOTÁ D.C.,2023,46,56.0,54.0,52.0,52.0,58.0,10.2,53.8,269.0,3317
109488,CENT EDUC DIST ALEJANDRO OBREGON,BOGOTÁ D.C.,2024,63,56.0,54.0,50.0,51.0,57.0,9.0,53.1,265.5,4147
109488,CENT EDUC DIST ALEJANDRO OBREGON,BOGOTÁ D.C.,2025,14,54.0,50.0,48.0,50.0,55.0,8.2,50.8,254.0,5767
113001,CENT EDUC DIST ALQUERIA LA FRAGUA,BOGOTÁ D.C.,2020,40,56.0,57.0,51.0,52.0,50.0,8.4,53.7,268.5,2515
113001,CENT EDUC DIST ALQUERIA LA FRAGUA,BOGOTÁ D.C.,2021,50,55.0,54.0,50.0,51.0,53.0,10.0,52.5,262.5,3083
113001,CENT EDUC DIST ALQUERIA LA FRAGUA,BOGOTÁ D.C.,2022,25,57.0,57.0,52.0,54.0,55.0,7.8,55.0,275.0,2589
113001,CENT EDUC DIST ALQUERIA LA FRAGUA,BOGOTÁ D.C.,2023,40,59.0,57.0,55.0,53.0,56.0,8.8,56.0,280.0,2407
113001,CENT EDUC DIST ALQUERIA LA FRAGUA,BOGOTÁ D.C.,2024,35,57.0,56.0,55.0,54.0,56.0,8.6,55.5,277.5,2888
113001,CENT EDUC DIST ALQUERIA LA FRAGUA,BOGOTÁ D.C.,2025,33,54.0,52.0,49.0,50.0,55.0,9.4,51.5,257.5,5365
045393,COL DIST U.B. CIUDAD DE BOGOTA,BOGOTÁ D.C.,2020,138,51.0,52.0,48.0,48.0,48.0,8.6,49.6,248.0,4747
045393,COL DIST U.B. CIUDAD DE BOGOTA,BOGOTÁ D.C.,2021,119,56.0,53.0,50.0,51.0,51.0,9.4,52.4,262.0,3083
045393,COL DIST U.B. CIUDAD DE BOGOTA,BOGOTÁ D.C.,2022,126,56.0,54.0,52.0,53.0,54.0,10.4,53.8,269.0,3089
045393,COL DIST U.B. CIUDAD DE BOGOTA,BOGOTÁ D.C.,2023,109,56.0,53.0,52.0,52.0,55.0,10.0,53.4,267.0,3550
045393,COL DIST U.B. CIUDAD DE BOGOTA,BOGOTÁ D.C.,2024,141,57.0,56.0,53.0,53.0,55.0,9.2,54.8,274.0,3172
045393,COL DIST U.B. CIUDAD DE BOGOTA,BOGOTÁ D.C.,2025,189,55.0,51.0,50.0,50.0,54.0,10.0,51.7,258.5,5220
045419,COL DIST EDUC BAS Y MEDIA REP DEL ECUADOR,BOGOTÁ D.C.,2020,29,54.0,54.0,49.0,52.0,49.0,9.6,52.0,260.0,3291
045419,COL DIST EDUC BAS Y MEDIA REP DEL ECUADOR,BOGOTÁ D.C.,2021,41,53.0,49.0,48.0,47.0,48.0,7.8,49.2,246.0,4956
045419,COL DIST EDUC BAS Y MEDIA REP DEL ECUADOR,BOGOTÁ D.C.,2022,32,52.0,50.0,46.0,49.0,49.0,8.6,49.2,246.0,5890
045419,COL DIST EDUC BAS Y MEDIA REP DEL ECUADOR,BOGOTÁ D.C.,2023,55,51.0,49.0,46.0,49.0,48.0,8.0,48.7,243.5,6816
045419,COL DIST EDUC BAS Y MEDIA REP DEL ECUADOR,BOGOTÁ D.C.,2024,49,54.0,53.0,49.0,52.0,53.0,10.2,52.1,260.5,4813
045419,COL DIST EDUC BAS Y MEDIA REP DEL ECUADOR,BOGOTÁ D.C.,2025,52,54.0,52.0,47.0,50.0,54.0,9.6,51.0,255.0,5642
091082,COL CENCOSISTEMAS,BOGOTÁ D.C.,2020,57,49.0,46.0,45.0,42.0,43.0,9.2,45.3,226.5,8191
091082,COL CENCOSISTEMAS,BOGOTÁ D.C.,2021,10,51.0,49.0,49.0,47.0,50.0,9.2,49.1,245.5,5101
091082,COL CENCOSISTEMAS,BOGOTÁ D.C.,2022,19,53.0,50.0,47.0,47.0,52.0,10.0,49.5,247.5,5730
091082,COL CENCOSISTEMAS,BOGOTÁ D.C.,2023,29,49.0,46.0,44.0,46.0,51.0,11.0,46.6,233.0,8304
091082,COL CENCOSISTEMAS,BOGOTÁ D.C.,2024,18,45.0,45.0,40.0,43.0,46.0,10.4,43.5,217.5,10619
091082,COL CENCOSISTEMAS,BOGOTÁ D.C.,2025,28,54.0,51.0,50.0,50.0,54.0,10.8,51.5,257.5,5365
085456,NUEVO INSTITUTO SAN MIGUEL - SEDE PRINCIPAL,BOGOTÁ D.C.,2020,7,54.0,52.0,55.0,52.0,57.0,9.4,53.5,267.5,2591
085456,NUEVO INSTITUTO SAN MIGUEL - SEDE PRINCIPAL,BOGOTÁ D.C.,2021,19,48.0,47.0,45.0,47.0,44.0,9.4,46.5,232.5,7068
085456,NUEVO INSTITUTO SAN MIGUEL - SEDE PRINCIPAL,BOGOTÁ D.C.,2022,10,49.0,45.0,44.0,45.0,53.0,9.0,46.3,231.5,7987
085456,NUEVO INSTITUTO SAN MIGUEL - SEDE PRINCIPAL,BOGOTÁ D.C.,2023,5,52.0,46.0,41.0,47.0,55.0,8.4,47.2,236.0,7864
085456,NUEVO INSTITUTO SAN MIGUEL - SEDE PRINCIPAL,BOGOTÁ D.C.,2024,15,51.0,47.0,43.0,46.0,49.0,9.2,46.9,234.5,8388
085456,NUEVO INSTITUTO SAN MIGUEL - SEDE PRINCIPAL,BOGOTÁ D.C.,2025,24,54.0,54.0,48.0,50.0,55.0,10.6,51.8,259.0,5087
216861,COL DIST EDUC BAS Y MEDIA ARBORIZADORA ALTA,BOGOTÁ D.C.,2020,62,52.0,50.0,45.0,46.0,44.0,9.2,47.9,239.5,6127
216861,COL DIST EDUC BAS Y MEDIA ARBORIZADORA ALTA,BOGOTÁ D.C.,2021,72,53.0,50.0,47.0,49.0,49.0,9.6,49.7,248.5,4675
216861,COL DIST EDUC BAS Y MEDIA ARBORIZADORA ALTA,BOGOTÁ D.C.,2022,65,52.0,50.0,47.0,48.0,47.0,9.4,49.1,245.5,6031
216861,COL DIST EDUC BAS Y MEDIA ARBORIZADORA ALTA,BOGOTÁ D.C.,2023,70,51.0,49.0,47.0,48.0,48.0,9.0,48.7,243.5,6816
216861,COL DIST EDUC BAS Y MEDIA ARBORIZADORA ALTA,BOGOTÁ D.C.,2024,66,54.0,52.0,47.0,50.0,51.0,10.0,50.8,254.0,5600
216861,COL DIST EDUC BAS Y MEDIA ARBORIZADORA ALTA,BOGOTÁ D.C.,2025,75,55.0,53.0,49.0,50.0,50.0,10.0,51.6,258.0,5220
217190,CENT EDUC DIST CHUNIZA,BOGOTÁ D.C.,2020,55,53.0,55.0,49.0,50.0,50.0,9.2,51.6,258.0,3519
217190,CENT EDUC DIST CHUNIZA,BOGOTÁ D.C.,2021,70,55.0,51.0,49.0,50.0,53.0,9.6,51.4,257.0,3586
217190,CENT EDUC DIST CHUNIZA,BOGOTÁ D.C.,2022,62,55.0,54.0,50.0,49.0,52.0,8.4,52.0,260.0,4028
217190,CENT EDUC DIST CHUNIZA,BOGOTÁ D.C.,2023,88,54.0,53.0,49.0,51.0,53.0,8.6,51.8,259.0,4545
217190,CENT EDUC DIST CHUNIZA,BOGOTÁ D.C.,2024,77,54.0,54.0,50.0,50.0,51.0,8.0,51.9,259.5,4944
217190,CENT EDUC DIST CHUNIZA,BOGOTÁ D.C.,2025,58,55.0,54.0,49.0,50.0,56.0,8.2,52.3,261.5,4808
217752,SEDE EL UVAL,BOGOTÁ D.C.,2020,68,53.0,52.0,48.0,47.0,46.0,9.0,49.7,248.5,4747
217752,SEDE EL UVAL,BOGOTÁ D.C.,2021,59,52.0,50.0,46.0,47.0,46.0,8.6,48.5,242.5,5521
217752,SEDE EL UVAL,BOGOTÁ D.C.,2022,61,53.0,54.0,49.0,50.0,50.0,8.6,51.4,257.0,4379
217752,SEDE EL UVAL,BOGOTÁ D.C.,2023,67,53.0,51.0,50.0,50.0,49.0,9.8,50.8,254.0,5222
217752,SEDE EL UVAL,BOGOTÁ D.C.,2024,58,54.0,53.0,49.0,51.0,49.0,10.2,51.5,257.5,5205
217752,SEDE EL UVAL,BOGOTÁ D.C.,2025,57,56.0,52.0,50.0,50.0,53.0,8.8,52.1,260.5,4957
217893,COL DIST ESTRELLA DEL SUR,BOGOTÁ D.C.,2020,32,47.0,49.0,43.0,45.0,43.0,8.8,45.8,229.0,7707
217893,COL DIST ESTRELLA DEL SUR,BOGOTÁ D.C.,2021,23,48.0,47.0,42.0,44.0,44.0,8.0,45.2,226.0,8008
217893,COL DIST ESTRELLA DEL SUR,BOGOTÁ D.C.,2022,23,48.0,49.0,43.0,44.0,47.0,8.0,46.1,230.5,8146
217893,COL DIST ESTRELLA DEL SUR,BOGOTÁ D.C.,2023,24,50.0,52.0,48.0,49.0,49.0,9.4,49.7,248.5,6063
217893,COL DIST ESTRELLA DEL SUR,BOGOTÁ D.C.,2024,20,49.0,50.0,44.0,46.0,49.0,9.0,47.4,237.0,7952
217893,COL DIST ESTRELLA DEL SUR,BOGOTÁ D.C.,2025,24,51.0,52.0,47.0,50.0,50.0,8.2,50.0,250.0,6304
730622,CENT EDUC DIST JOSE ACEVEDO Y GOMEZ,BOGOTÁ D.C.,2020,22,51.0,46.0,46.0,43.0,44.0,7.2,46.3,231.5,7395
730622,CENT EDUC DIST JOSE ACEVEDO Y GOMEZ,BOGOTÁ D.C.,2021,34,51.0,47.0,45.0,46.0,47.0,10.0,47.2,236.0,6424
730622,CENT EDUC DIST JOSE ACEVEDO Y GOMEZ,BOGOTÁ D.C.,2022,25,56.0,56.0,51.0,52.0,56.0,8.4,53.9,269.5,3089
730622,CENT EDUC DIST JOSE ACEVEDO Y GOMEZ,BOGOTÁ D.C.,2023,31,51.0,50.0,46.0,47.0,51.0,9.8,48.7,243.5,6816
730622,CENT EDUC DIST JOSE ACEVEDO Y GOMEZ,BOGOTÁ D.C.,2024,37,56.0,54.0,50.0,50.0,52.0,10.6,52.5,262.5,4539
730622,CENT EDUC DIST JOSE ACEVEDO Y GOMEZ,BOGOTÁ D.C.,2025,30,56.0,54.0,49.0,50.0,57.0,9.4,52.6,263.0,4556
742759,CENT EDUC DIST PASQUILLA,BOGOTÁ D.C.,2020,76,52.0,52.0,47.0,49.0,44.0,9.0,49.5,247.5,4883
742759,CENT EDUC DIST PASQUILLA,BOGOTÁ D.C.,2021,66,52.0,49.0,45.0,47.0,47.0,8.8,48.2,241.0,5675
742759,CENT EDUC DIST PASQUILLA,BOGOTÁ D.C.,2022,66,52.0,51.0,47.0,49.0,47.0,8.8,49.5,247.5,5730
742759,CENT EDUC DIST PASQUILLA,BOGOTÁ D.C.,2023,58,54.0,51.0,49.0,50.0,48.0,8.4,50.8,254.0,5222
742759,CENT EDUC DIST PASQUILLA,BOGOTÁ D.C.,2024,66,53.0,53.0,47.0,50.0,48.0,9.4,50.5,252.5,5878
742759,CENT EDUC DIST PASQUILLA,BOGOTÁ D.C.,2025,60,55.0,54.0,50.0,50.0,50.0,9.8,52.1,260.5,4957
720573,COLEGIO PAULO FREIRE (IED) - SEDE PRINCIPAL,BOGOTÁ D.C.,2020,218,53.0,52.0,49.0,48.0,46.0,9.0,50.2,251.0,4329
720573,COLEGIO PAULO FREIRE (IED) - SEDE PRINCIPAL,BOGOTÁ D.C.,2021,244,53.0,50.0,48.0,48.0,49.0,9.4,49.7,248.5,4675
720573,COLEGIO PAULO FREIRE (IED) - SEDE PRINCIPAL,BOGOTÁ D.C.,2022,226,53.0,50.0,48.0,48.0,49.0,9.4,49.7,248.5,5613
720573,COLEGIO PAULO FREIRE (IED) - SEDE PRINCIPAL,BOGOTÁ D.C.,2023,242,54.0,53.0,49.0,50.0,51.0,9.8,51.5,257.5,4796
720573,COLEGIO PAULO FREIRE (IED) - SEDE PRINCIPAL,BOGOTÁ D.C.,2024,244,55.0,54.0,50.0,51.0,51.0,9.6,52.4,262.0,4539
720573,COLEGIO PAULO FREIRE (IED) - SEDE PRINCIPAL,BOGOTÁ D.C.,2025,248,55.0,53.0,48.0,50.0,52.0,10.0,51.5,257.5,5365
724260,CENT EDUC DIST BRASILIA - USME,BOGOTÁ D.C.,2020,81,53.0,52.0,49.0,49.0,46.0,8.6,50.4,252.0,4217
724260,CENT EDUC DIST BRASILIA - USME,BOGOTÁ D.C.,2021,90,55.0,50.0,48.0,49.0,50.0,9.4,50.5,252.5,4180
724260,CENT EDUC DIST BRASILIA - USME,BOGOTÁ D.C.,2022,95,54.0,52.0,49.0,51.0,51.0,9.4,51.5,257.5,4379
724260,CENT EDUC DIST BRASILIA - USME,BOGOTÁ D.C.,2023,90,53.0,53.0,49.0,50.0,49.0,9.2,51.1,255.5,5082
724260,CENT EDUC DIST BRASILIA - USME,BOGOTÁ D.C.,2024,94,53.0,54.0,47.0,50.0,51.0,9.0,51.0,255.0,5458
724260,CENT EDUC DIST BRASILIA - USME,BOGOTÁ D.C.,2025,76,53.0,53.0,47.0,50.0,52.0,9.2,50.8,254.0,5767
821835,COLEGIO ELISA MUJICA VELASQUEZ (IED) - SEDE PRINCIPAL,BOGOTÁ D.C.,2025,19,51.0,52.0,46.0,50.0,51.0,7.6,49.8,249.0,6460
041749,COL DIST GUILLERMO LEON VALENCIA,BOGOTÁ D.C.,2020,27,52.0,50.0,45.0,46.0,47.0,11.0,48.2,241.0,5792
041749,COL DIST GUILLERMO LEON VALENCIA,BOGOTÁ D.C.,2021,33,48.0,47.0,44.0,45.0,47.0,11.2,46.1,230.5,7376
041749,COL DIST GUILLERMO LEON VALENCIA,BOGOTÁ D.C.,2023,25,53.0,50.0,52.0,50.0,54.0,10.0,51.5,257.5,4796
041749,COL DIST GUILLERMO LEON VALENCIA,BOGOTÁ D.C.,2024,17,56.0,53.0,48.0,49.0,55.0,8.6,51.8,259.0,4944
041749,COL DIST GUILLERMO LEON VALENCIA,BOGOTÁ D.C.,2025,23,54.0,49.0,49.0,50.0,56.0,10.8,50.9,254.5,5767
098301,COL DIST EDUC BAS Y MEDIA CARLOS ARTURO TORRES,BOGOTÁ D.C.,2020,51,54.0,52.0,49.0,46.0,46.0,9.6,49.9,249.5,4600
098301,COL DIST EDUC BAS Y MEDIA CARLOS ARTURO TORRES,BOGOTÁ D.C.,2021,50,54.0,51.0,48.0,49.0,53.0,8.6,50.7,253.5,4050
098301,COL DIST EDUC BAS Y MEDIA CARLOS ARTURO TORRES,BOGOTÁ D.C.,2022,54,52.0,51.0,48.0,49.0,50.0,8.4,50.0,250.0,5298
098301,COL DIST EDUC BAS Y MEDIA CARLOS ARTURO TORRES,BOGOTÁ D.C.,2023,53,52.0,50.0,48.0,48.0,52.0,9.0,49.7,248.5,6063
098301,COL DIST EDUC BAS Y MEDIA CARLOS ARTURO TORRES,BOGOTÁ D.C.,2024,45,53.0,53.0,49.0,51.0,54.0,8.0,51.7,258.5,5086
098301,COL DIST EDUC BAS Y MEDIA CARLOS ARTURO TORRES,BOGOTÁ D.C.,2025,47,56.0,55.0,49.0,50.0,55.0,10.6,52.7,263.5,4556
073080,COL DIST EDUC BAS Y MEDIA ARBORIZADORA ALTA,BOGOTÁ D.C.,2020,60,52.0,52.0,46.0,48.0,45.0,8.8,49.2,246.0,5038
073080,COL DIST EDUC BAS Y MEDIA ARBORIZADORA ALTA,BOGOTÁ D.C.,2021,53,51.0,48.0,44.0,46.0,48.0,9.2,47.3,236.5,6424
073080,COL DIST EDUC BAS Y MEDIA ARBORIZADORA ALTA,BOGOTÁ D.C.,2022,65,50.0,48.0,45.0,46.0,47.0,9.6,47.2,236.0,7300
073080,COL DIST EDUC BAS Y MEDIA ARBORIZADORA ALTA,BOGOTÁ D.C.,2023,54,52.0,49.0,48.0,50.0,49.0,9.4,49.7,248.5,6063
073080,COL DIST EDUC BAS Y MEDIA ARBORIZADORA ALTA,BOGOTÁ D.C.,2024,64,52.0,50.0,44.0,47.0,49.0,9.6,48.3,241.5,7387
073080,COL DIST EDUC BAS Y MEDIA ARBORIZADORA ALTA,BOGOTÁ D.C.,2025,68,52.0,51.0,45.0,50.0,47.0,10.0,49.3,246.5,6856
066944,CENT EDUC DIST EL JAZMIN,BOGOTÁ D.C.,2020,38,54.0,52.0,51.0,48.0,49.0,10.6,51.1,255.5,3849
066944,CENT EDUC DIST EL JAZMIN,BOGOTÁ D.C.,2021,18,53.0,51.0,49.0,50.0,52.0,9.4,50.8,254.0,3928
066944,CENT EDUC DIST EL JAZMIN,BOGOTÁ D.C.,2022,36,56.0,54.0,50.0,51.0,54.0,10.0,52.8,264.0,3592
066944,CENT EDUC DIST EL JAZMIN,BOGOTÁ D.C.,2023,27,54.0,51.0,50.0,51.0,55.0,10.0,51.8,259.0,4545
066944,CENT EDUC DIST EL JAZMIN,BOGOTÁ D.C.,2024,26,54.0,53.0,50.0,50.0,53.0,10.6,51.8,259.0,4944
066944,CENT EDUC DIST EL JAZMIN,BOGOTÁ D.C.,2025,19,54.0,53.0,48.0,50.0,52.0,11.8,51.3,256.5,5505
130716,CARLOS PIZARRO LEON GOMEZ (INST EDUC DIST),BOGOTÁ D.C.,2020,166,53.0,51.0,48.0,49.0,46.0,8.8,49.9,249.5,4600
130716,CARLOS PIZARRO LEON GOMEZ (INST EDUC DIST),BOGOTÁ D.C.,2021,168,53.0,50.0,47.0,48.0,48.0,9.4,49.4,247.0,4807
130716,CARLOS PIZARRO LEON GOMEZ (INST EDUC DIST),BOGOTÁ D.C.,2022,169,54.0,51.0,49.0,49.0,50.0,9.6,50.7,253.5,4897
130716,CARLOS PIZARRO LEON GOMEZ (INST EDUC DIST),BOGOTÁ D.C.,2023,228,52.0,50.0,48.0,49.0,50.0,9.4,49.8,249.0,5939
130716,CARLOS PIZARRO LEON GOMEZ (INST EDUC DIST),BOGOTÁ D.C.,2024,188,53.0,51.0,48.0,49.0,52.0,9.6,50.4,252.0,5878
130716,CARLOS PIZARRO LEON GOMEZ (INST EDUC DIST),BOGOTÁ D.C.,2025,186,53.0,52.0,49.0,50.0,52.0,9.6,51.1,255.5,5642
073429,CENT EDUC DIST NUEVA CONSTITUCION,BOGOTÁ D.C.,2020,75,55.0,53.0,51.0,50.0,48.0,9.0,51.9,259.5,3398
073429,CENT EDUC DIST NUEVA CONSTITUCION,BOGOTÁ D.C.,2021,66,55.0,52.0,49.0,49.0,51.0,9.6,51.2,256.0,3688
073429,CENT EDUC DIST NUEVA CONSTITUCION,BOGOTÁ D.C.,2022,58,53.0,52.0,47.0,49.0,51.0,9.0,50.3,251.5,5167
073429,CENT EDUC DIST NUEVA CONSTITUCION,BOGOTÁ D.C.,2023,73,56.0,54.0,52.0,53.0,55.0,9.8,53.8,269.0,3317
073429,CENT EDUC DIST NUEVA CONSTITUCION,BOGOTÁ D.C.,2024,61,55.0,52.0,50.0,51.0,54.0,10.4,52.2,261.0,4672
073429,CENT EDUC DIST NUEVA CONSTITUCION,BOGOTÁ D.C.,2025,50,53.0,52.0,47.0,50.0,55.0,9.0,50.8,254.0,5767
140632,COLEGIO INSTITUTO SANTIAGO DE COMPOSTELA - SEDE PRINCIPAL,BOGOTÁ D.C.,2020,29,55.0,51.0,50.0,48.0,47.0,7.8,50.7,253.5,4092
140632,COLEGIO INSTITUTO SANTIAGO DE COMPOSTELA - SEDE PRINCIPAL,BOGOTÁ D.C.,2021,19,53.0,47.0,42.0,46.0,54.0,8.6,47.5,237.5,6250
140632,COLEGIO INSTITUTO SANTIAGO DE COMPOSTELA - SEDE PRINCIPAL,BOGOTÁ D.C.,2022,23,59.0,53.0,53.0,52.0,59.0,9.4,54.6,273.0,2746
140632,COLEGIO INSTITUTO SANTIAGO DE COMPOSTELA - SEDE PRINCIPAL,BOGOTÁ D.C.,2023,12,50.0,50.0,49.0,46.0,52.0,10.0,49.0,245.0,6514
140632,COLEGIO INSTITUTO SANTIAGO DE COMPOSTELA - SEDE PRINCIPAL,BOGOTÁ D.C.,2024,25,57.0,52.0,49.0,51.0,57.0,11.0,52.6,263.0,4413
140632,COLEGIO INSTITUTO SANTIAGO DE COMPOSTELA - SEDE PRINCIPAL,BOGOTÁ D.C.,2025,31,54.0,53.0,48.0,50.0,53.0,11.8,51.4,257.0,5365
164913,CENT EDUC DIST GRAN YOMASA,BOGOTÁ D.C.,2020,31,51.0,51.0,49.0,49.0,48.0,9.0,49.8,249.0,4600
164913,CENT EDUC DIST GRAN YOMASA,BOGOTÁ D.C.,2021,52,52.0,48.0,47.0,48.0,48.0,9.0,48.7,243.5,5381
164913,CENT EDUC DIST GRAN YOMASA,BOGOTÁ D.C.,2022,47,50.0,49.0,45.0,48.0,47.0,9.0,47.9,239.5,6890
164913,CENT EDUC DIST GRAN YOMASA,BOGOTÁ D.C.,2023,46,49.0,50.0,46.0,48.0,48.0,9.8,48.2,241.0,7120
164913,CENT EDUC DIST GRAN YOMASA,BOGOTÁ D.C.,2024,44,52.0,51.0,48.0,50.0,52.0,9.4,50.4,252.0,5878
164913,CENT EDUC DIST GRAN YOMASA,BOGOTÁ D.C.,2025,51,56.0,50.0,47.0,50.0,51.0,9.8,50.8,254.0,5767
213785,CENT EDUC DIST GENERAL PAEZ,BOGOTÁ D.C.,2020,40,52.0,52.0,47.0,50.0,48.0,10.2,50.1,250.5,4470
213785,CENT EDUC DIST GENERAL PAEZ,BOGOTÁ D.C.,2021,32,57.0,55.0,51.0,52.0,51.0,8.2,53.5,267.5,2660
213785,CENT EDUC DIST GENERAL PAEZ,BOGOTÁ D.C.,2022,45,56.0,55.0,51.0,50.0,53.0,10.2,53.0,265.0,3497
213785,CENT EDUC DIST GENERAL PAEZ,BOGOTÁ D.C.,2023,33,54.0,54.0,50.0,54.0,52.0,8.8,52.9,264.5,3891
213785,CENT EDUC DIST GENERAL PAEZ,BOGOTÁ D.C.,2024,31,55.0,57.0,49.0,52.0,55.0,9.0,53.4,267.0,3886
213785,CENT EDUC DIST GENERAL PAEZ,BOGOTÁ D.C.,2025,45,55.0,50.0,49.0,50.0,55.0,9.2,51.3,256.5,5505
723460,CENT EDUC DIST ISLA DEL SOL,BOGOTÁ D.C.,2020,46,55.0,54.0,50.0,51.0,49.0,9.0,52.2,261.0,3178
723460,CENT EDUC DIST ISLA DEL SOL,BOGOTÁ D.C.,2021,65,56.0,53.0,50.0,50.0,49.0,8.8,52.0,260.0,3274
723460,CENT EDUC DIST ISLA DEL SOL,BOGOTÁ D.C.,2022,69,57.0,54.0,51.0,51.0,52.0,9.4,53.2,266.0,3387
723460,CENT EDUC DIST ISLA DEL SOL,BOGOTÁ D.C.,2023,78,54.0,52.0,50.0,51.0,52.0,8.6,51.8,259.0,4545
723460,CENT EDUC DIST ISLA DEL SOL,BOGOTÁ D.C.,2024,37,57.0,56.0,52.0,53.0,53.0,9.0,54.4,272.0,3348
723460,CENT EDUC DIST ISLA DEL SOL,BOGOTÁ D.C.,2025,69,54.0,53.0,47.0,50.0,51.0,10.0,51.0,255.0,5642
128363,OFELIA URIBE DE ACOSTA,BOGOTÁ D.C.,2020,68,51.0,49.0,48.0,47.0,45.0,8.0,48.5,242.5,5639
128363,OFELIA URIBE DE ACOSTA,BOGOTÁ D.C.,2021,91,51.0,48.0,45.0,46.0,44.0,9.0,47.2,236.0,6424
128363,OFELIA URIBE DE ACOSTA,BOGOTÁ D.C.,2022,79,53.0,50.0,47.0,48.0,49.0,10.6,49.5,247.5,5730
128363,OFELIA URIBE DE ACOSTA,BOGOTÁ D.C.,2023,80,50.0,48.0,44.0,47.0,47.0,8.8,47.2,236.0,7864
128363,OFELIA URIBE DE ACOSTA,BOGOTÁ D.C.,2024,91,52.0,50.0,48.0,49.0,48.0,9.8,49.6,248.0,6451
128363,OFELIA URIBE DE ACOSTA,BOGOTÁ D.C.,2025,66,55.0,53.0,48.0,50.0,0.0,6.6,47.5,237.5,8078
128363,OFELIA URIBE DE ACOSTA,BOGOTÁ D.C.,2025,65,0.0,0.0,0.0,0.0,51.0,1.8,3.9,19.5,14764
134833,CENT EDUC DIST JOSE ANTONIO GALAN,BOGOTÁ D.C.,2020,70,52.0,51.0,48.0,47.0,45.0,9.4,49.2,246.0,5038
134833,CENT EDUC DIST JOSE ANTONIO GALAN,BOGOTÁ D.C.,2021,42,53.0,50.0,47.0,47.0,49.0,8.8,49.2,246.0,4956
134833,CENT EDUC DIST JOSE ANTONIO GALAN,BOGOTÁ D.C.,2022,48,55.0,52.0,49.0,49.0,48.0,10.6,51.0,255.0,4637
134833,CENT EDUC DIST JOSE ANTONIO GALAN,BOGOTÁ D.C.,2023,39,54.0,52.0,47.0,49.0,50.0,10.6,50.5,252.5,5515
134833,CENT EDUC DIST JOSE ANTONIO GALAN,BOGOTÁ D.C.,2024,70,53.0,50.0,46.0,48.0,48.0,8.8,49.2,246.0,6712
134833,CENT EDUC DIST JOSE ANTONIO GALAN,BOGOTÁ D.C.,2025,42,55.0,54.0,47.0,50.0,52.0,10.0,51.5,257.5,5365
091207,INST SAN FRANCISCO,BOGOTÁ D.C.,2020,41,52.0,50.0,46.0,48.0,47.0,8.8,48.8,244.0,5346
091207,INST SAN FRANCISCO,BOGOTÁ D.C.,2021,61,53.0,48.0,46.0,48.0,49.0,9.0,48.8,244.0,5257
091207,INST SAN FRANCISCO,BOGOTÁ D.C.,2022,42,55.0,54.0,52.0,51.0,53.0,8.4,53.0,265.0,3497
091207,INST SAN FRANCISCO,BOGOTÁ D.C.,2023,42,53.0,51.0,48.0,51.0,54.0,8.6,51.0,255.0,5082
091207,INST SAN FRANCISCO,BOGOTÁ D.C.,2024,65,54.0,49.0,48.0,49.0,54.0,8.8,50.3,251.5,6023
091207,INST SAN FRANCISCO,BOGOTÁ D.C.,2025,58,55.0,51.0,48.0,50.0,53.0,10.4,51.2,256.0,5505
158865,CENT EDUC DIST SAN ISIDRO SUR ORIENTAL,BOGOTÁ D.C.,2020,49,51.0,53.0,48.0,49.0,48.0,8.4,50.1,250.5,4470
158865,CENT EDUC DIST SAN ISIDRO SUR ORIENTAL,BOGOTÁ D.C.,2021,54,56.0,53.0,50.0,51.0,55.0,8.6,52.7,263.5,2989
158865,CENT EDUC DIST SAN ISIDRO SUR ORIENTAL,BOGOTÁ D.C.,2022,57,54.0,51.0,48.0,50.0,52.0,9.4,50.8,254.0,4769
158865,CENT EDUC DIST SAN ISIDRO SUR ORIENTAL,BOGOTÁ D.C.,2023,47,55.0,52.0,49.0,49.0,52.0,10.4,51.3,256.5,4938
158865,CENT EDUC DIST SAN ISIDRO SUR ORIENTAL,BOGOTÁ D.C.,2024,1,39.0,39.0,39.0,38.0,43.0,0.0,39.1,195.5,12966
158865,CENT EDUC DIST SAN ISIDRO SUR ORIENTAL,BOGOTÁ D.C.,2025,70,55.0,53.0,49.0,50.0,53.0,10.4,51.8,259.0,5087
102855,CORPORACION EDUCATIVA POLITECNICO LA SALLE,BOGOTÁ D.C.,2020,18,51.0,48.0,48.0,42.0,46.0,9.4,47.2,236.0,6628
102855,CORPORACION EDUCATIVA POLITECNICO LA SALLE,BOGOTÁ D.C.,2021,21,51.0,49.0,44.0,45.0,43.0,8.6,46.9,234.5,6752
102855,CORPORACION EDUCATIVA POLITECNICO LA SALLE,BOGOTÁ D.C.,2022,30,49.0,45.0,44.0,45.0,46.0,9.6,45.8,229.0,8295
102855,CORPORACION EDUCATIVA POLITECNICO LA SALLE,BOGOTÁ D.C.,2023,7,49.0,47.0,45.0,45.0,48.0,9.2,46.6,233.0,8304
102855,CORPORACION EDUCATIVA POLITECNICO LA SALLE,BOGOTÁ D.C.,2024,18,48.0,47.0,44.0,42.0,47.0,10.6,45.4,227.0,9338
102855,CORPORACION EDUCATIVA POLITECNICO LA SALLE,BOGOTÁ D.C.,2025,11,55.0,51.0,51.0,50.0,53.0,14.4,51.8,259.0,5087
168567,CENT EDUC DIST FABIO LOZANO SIMONELLI,BOGOTÁ D.C.,2020,51,54.0,54.0,50.0,51.0,49.0,10.2,52.0,260.0,3291
168567,CENT EDUC DIST FABIO LOZANO SIMONELLI,BOGOTÁ D.C.,2021,57,53.0,50.0,45.0,47.0,48.0,10.0,48.7,243.5,5381
168567,CENT EDUC DIST FABIO LOZANO SIMONELLI,BOGOTÁ D.C.,2022,58,51.0,51.0,47.0,48.0,51.0,10.0,49.4,247.0,5730
168567,CENT EDUC DIST FABIO LOZANO SIMONELLI,BOGOTÁ D.C.,2023,67,53.0,54.0,49.0,50.0,53.0,10.2,51.6,258.0,4681
168567,CENT EDUC DIST FABIO LOZANO SIMONELLI,BOGOTÁ D.C.,2024,60,54.0,52.0,47.0,49.0,53.0,10.0,50.7,253.5,5743
168567,CENT EDUC DIST FABIO LOZANO SIMONELLI,BOGOTÁ D.C.,2025,64,55.0,52.0,46.0,50.0,51.0,9.4,50.8,254.0,5767
166488,COL DIST EDUC BAS Y MEDIA JOHN F KENNEDY,BOGOTÁ D.C.,2020,110,53.0,52.0,50.0,48.0,46.0,8.4,50.4,252.0,4217
166488,COL DIST EDUC BAS Y MEDIA JOHN F KENNEDY,BOGOTÁ D.C.,2021,91,54.0,51.0,48.0,48.0,51.0,8.6,50.3,251.5,4303
166488,COL DIST EDUC BAS Y MEDIA JOHN F KENNEDY,BOGOTÁ D.C.,2022,72,53.0,50.0,50.0,49.0,55.0,8.6,50.8,254.0,4769
166488,COL DIST EDUC BAS Y MEDIA JOHN F KENNEDY,BOGOTÁ D.C.,2023,87,56.0,52.0,52.0,52.0,54.0,9.2,53.1,265.5,3776
166488,COL DIST EDUC BAS Y MEDIA JOHN F KENNEDY,BOGOTÁ D.C.,2024,101,55.0,51.0,50.0,50.0,54.0,9.0,51.7,258.5,5086
166488,COL DIST EDUC BAS Y MEDIA JOHN F KENNEDY,BOGOTÁ D.C.,2025,76,55.0,52.0,47.0,50.0,54.0,8.8,51.2,256.0,5505
087965,CENT EDUC DIST EL SALITRE,BOGOTÁ D.C.,2020,74,53.0,52.0,49.0,47.0,46.0,8.8,49.9,249.5,4600
087965,CENT EDUC DIST EL SALITRE,BOGOTÁ D.C.,2021,85,52.0,49.0,47.0,47.0,50.0,10.4,48.8,244.0,5257
087965,CENT EDUC DIST EL SALITRE,BOGOTÁ D.C.,2022,63,55.0,51.0,50.0,50.0,53.0,9.0,51.6,258.0,4254
087965,CENT EDUC DIST EL SALITRE,BOGOTÁ D.C.,2023,71,54.0,48.0,49.0,49.0,51.0,10.4,50.1,250.5,5788
087965,CENT EDUC DIST EL SALITRE,BOGOTÁ D.C.,2024,54,55.0,50.0,48.0,49.0,53.0,9.8,50.7,253.5,5743
087965,CENT EDUC DIST EL SALITRE,BOGOTÁ D.C.,2025,64,55.0,51.0,47.0,50.0,53.0,10.0,50.9,254.5,5767
109579,CENT EDUC DIST SAN AGUSTIN,BOGOTÁ D.C.,2020,81,51.0,52.0,47.0,48.0,43.0,8.6,49.0,245.0,5182
109579,CENT EDUC DIST SAN AGUSTIN,BOGOTÁ D.C.,2021,81,52.0,50.0,45.0,49.0,47.0,9.2,48.8,244.0,5257
109579,CENT EDUC DIST SAN AGUSTIN,BOGOTÁ D.C.,2022,88,52.0,52.0,50.0,50.0,47.0,9.0,50.7,253.5,4897
109579,CENT EDUC DIST SAN AGUSTIN,BOGOTÁ D.C.,2023,108,53.0,52.0,49.0,49.0,49.0,9.6,50.6,253.0,5365
109579,CENT EDUC DIST SAN AGUSTIN,BOGOTÁ D.C.,2024,106,52.0,52.0,47.0,50.0,48.0,8.6,50.1,250.5,6174
109579,CENT EDUC DIST SAN AGUSTIN,BOGOTÁ D.C.,2025,89,53.0,54.0,48.0,50.0,49.0,9.8,51.1,255.5,5642
604678,LICEO RIOBAMBA,BOGOTÁ D.C.,2020,12,53.0,54.0,45.0,50.0,54.0,10.8,50.8,254.0,3960
604678,LICEO RIOBAMBA,BOGOTÁ D.C.,2021,18,55.0,52.0,52.0,52.0,53.0,8.8,52.8,264.0,2906
604678,LICEO RIOBAMBA,BOGOTÁ D.C.,2022,22,59.0,58.0,54.0,54.0,58.0,10.8,56.4,282.0,2118
604678,LICEO RIOBAMBA,BOGOTÁ D.C.,2023,17,56.0,50.0,47.0,47.0,54.0,9.6,50.3,251.5,5651
604678,LICEO RIOBAMBA,BOGOTÁ D.C.,2024,21,57.0,56.0,47.0,51.0,56.0,9.0,53.0,265.0,4147
604678,LICEO RIOBAMBA,BOGOTÁ D.C.,2025,22,55.0,55.0,49.0,50.0,56.0,9.4,52.5,262.5,4679
215707,CENT EDUC DIST CHIRCALES,BOGOTÁ D.C.,2020,119,55.0,55.0,51.0,50.0,47.0,10.0,52.3,261.5,3178
215707,CENT EDUC DIST CHIRCALES,BOGOTÁ D.C.,2021,116,53.0,51.0,46.0,48.0,48.0,9.0,49.4,247.0,4807
215707,CENT EDUC DIST CHIRCALES,BOGOTÁ D.C.,2022,108,54.0,53.0,49.0,50.0,49.0,9.8,51.3,256.5,4486
215707,CENT EDUC DIST CHIRCALES,BOGOTÁ D.C.,2023,110,54.0,54.0,51.0,51.0,52.0,9.8,52.5,262.5,4159
215707,CENT EDUC DIST CHIRCALES,BOGOTÁ D.C.,2024,99,57.0,54.0,51.0,51.0,54.0,9.4,53.3,266.5,4012
215707,CENT EDUC DIST CHIRCALES,BOGOTÁ D.C.,2025,93,56.0,53.0,49.0,50.0,52.0,9.4,52.0,260.0,4957
216358,COL DIST ANTONIO JOSE URIBE,BOGOTÁ D.C.,2020,36,47.0,45.0,42.0,43.0,41.0,8.8,44.0,220.0,9121
216358,COL DIST ANTONIO JOSE URIBE,BOGOTÁ D.C.,2021,34,52.0,49.0,47.0,48.0,48.0,8.6,48.9,244.5,5257
216358,COL DIST ANTONIO JOSE URIBE,BOGOTÁ D.C.,2022,23,52.0,47.0,48.0,47.0,0.0,8.2,44.8,224.0,9016
216358,COL DIST ANTONIO JOSE URIBE,BOGOTÁ D.C.,2022,21,0.0,0.0,0.0,0.0,47.0,3.0,3.6,18.0,14398
216358,COL DIST ANTONIO JOSE URIBE,BOGOTÁ D.C.,2023,26,54.0,53.0,52.0,51.0,53.0,10.2,52.5,262.5,4159
216358,COL DIST ANTONIO JOSE URIBE,BOGOTÁ D.C.,2024,20,0.0,0.0,0.0,0.0,51.0,1.4,3.9,19.5,14611
216358,COL DIST ANTONIO JOSE URIBE,BOGOTÁ D.C.,2024,21,51.0,49.0,46.0,46.0,0.0,6.2,44.3,221.5,10116
216358,COL DIST ANTONIO JOSE URIBE,BOGOTÁ D.C.,2025,29,53.0,52.0,47.0,50.0,52.0,9.2,50.6,253.0,5916
717553,CENT EDUC DIST RURAL EL DESTINO,BOGOTÁ D.C.,2020,52,49.0,49.0,46.0,46.0,43.0,7.6,47.2,236.0,6628
717553,CENT EDUC DIST RURAL EL DESTINO,BOGOTÁ D.C.,2021,56,51.0,47.0,45.0,45.0,45.0,9.0,46.8,234.0,6752
717553,CENT EDUC DIST RURAL EL DESTINO,BOGOTÁ D.C.,2022,41,52.0,52.0,49.0,50.0,52.0,8.8,50.8,254.0,4769
717553,CENT EDUC DIST RURAL EL DESTINO,BOGOTÁ D.C.,2023,29,53.0,51.0,47.0,49.0,50.0,10.2,50.0,250.0,5788
717553,CENT EDUC DIST RURAL EL DESTINO,BOGOTÁ D.C.,2024,37,56.0,54.0,53.0,53.0,48.0,9.0,53.5,267.5,3886
717553,CENT EDUC DIST RURAL EL DESTINO,BOGOTÁ D.C.,2025,29,55.0,53.0,50.0,50.0,52.0,7.6,52.0,260.0,4957
714048,COLEGIO GABRIEL GARCIA MARQUEZ (IED),BOGOTÁ D.C.,2020,38,54.0,52.0,50.0,51.0,44.0,7.8,51.2,256.0,3726
714048,COLEGIO GABRIEL GARCIA MARQUEZ (IED),BOGOTÁ D.C.,2021,27,57.0,52.0,53.0,51.0,50.0,10.0,53.0,265.0,2798
714048,COLEGIO GABRIEL GARCIA MARQUEZ (IED),BOGOTÁ D.C.,2022,32,52.0,51.0,47.0,48.0,46.0,8.4,49.2,246.0,5890
714048,COLEGIO GABRIEL GARCIA MARQUEZ (IED),BOGOTÁ D.C.,2023,62,54.0,52.0,49.0,51.0,49.0,9.2,51.3,256.5,4938
714048,COLEGIO GABRIEL GARCIA MARQUEZ (IED),BOGOTÁ D.C.,2024,30,55.0,55.0,51.0,53.0,51.0,8.8,53.3,266.5,4012
714048,COLEGIO GABRIEL GARCIA MARQUEZ (IED),BOGOTÁ D.C.,2025,57,53.0,50.0,48.0,50.0,49.0,9.8,50.2,251.0,6168
147215,CENT EDUC DIST REP DE CHINA,BOGOTÁ D.C.,2020,68,53.0,52.0,49.0,49.0,45.0,9.4,50.3,251.5,4329
147215,CENT EDUC DIST REP DE CHINA,BOGOTÁ D.C.,2021,52,56.0,54.0,51.0,52.0,53.0,10.8,53.2,266.0,2723
147215,CENT EDUC DIST REP DE CHINA,BOGOTÁ D.C.,2022,51,53.0,51.0,47.0,50.0,53.0,10.4,50.5,252.5,5035
147215,CENT EDUC DIST REP DE CHINA,BOGOTÁ D.C.,2023,37,55.0,53.0,49.0,51.0,54.0,10.0,52.2,261.0,4277
147215,CENT EDUC DIST REP DE CHINA,BOGOTÁ D.C.,2024,49,55.0,54.0,49.0,51.0,54.0,10.0,52.4,262.0,4539
147215,CENT EDUC DIST REP DE CHINA,BOGOTÁ D.C.,2025,49,53.0,53.0,47.0,50.0,52.0,10.2,50.8,254.0,5767
109637,CENT EDUC DIST VILLA ELISA,BOGOTÁ D.C.,2020,88,53.0,51.0,49.0,49.0,46.0,8.0,50.2,251.0,4329
109637,CENT EDUC DIST VILLA ELISA,BOGOTÁ D.C.,2021,54,52.0,50.0,46.0,48.0,48.0,9.4,48.9,244.5,5257
109637,CENT EDUC DIST VILLA ELISA,BOGOTÁ D.C.,2022,32,55.0,55.0,51.0,51.0,51.0,10.0,52.8,264.0,3592
109637,CENT EDUC DIST VILLA ELISA,BOGOTÁ D.C.,2023,52,56.0,54.0,52.0,52.0,52.0,7.8,53.4,267.0,3550
109637,CENT EDUC DIST VILLA ELISA,BOGOTÁ D.C.,2024,67,56.0,55.0,52.0,54.0,55.0,10.8,54.3,271.5,3449
109637,CENT EDUC DIST VILLA ELISA,BOGOTÁ D.C.,2025,73,55.0,55.0,48.0,50.0,53.0,9.0,52.1,260.5,4957
147975,COL GERMÀN ARCINIEGAS (INS EDUC DIST),BOGOTÁ D.C.,2020,91,52.0,50.0,48.0,47.0,44.0,8.4,48.8,244.0,5346
147975,COL GERMÀN ARCINIEGAS (INS EDUC DIST),BOGOTÁ D.C.,2021,80,52.0,50.0,48.0,48.0,48.0,8.8,49.4,247.0,4807
147975,COL GERMÀN ARCINIEGAS (INS EDUC DIST),BOGOTÁ D.C.,2022,83,55.0,53.0,52.0,52.0,51.0,9.8,52.8,264.0,3592
147975,COL GERMÀN ARCINIEGAS (INS EDUC DIST),BOGOTÁ D.C.,2023,82,54.0,51.0,50.0,51.0,52.0,8.0,51.5,257.5,4796
147975,COL GERMÀN ARCINIEGAS (INS EDUC DIST),BOGOTÁ D.C.,2024,97,53.0,50.0,48.0,50.0,51.0,9.8,50.3,251.5,6023
147975,COL GERMÀN ARCINIEGAS (INS EDUC DIST),BOGOTÁ D.C.,2025,57,51.0,51.0,45.0,50.0,50.0,9.4,49.3,246.5,6856
138289,COLEGIO EDUARDO UMAÑA LUNA INSTITUCION EDUCATIVA DISTRITAL - SEDE PRINCIPAL,BOGOTÁ D.C.,2020,43,54.0,52.0,50.0,49.0,47.0,9.6,50.9,254.5,3960
138289,COLEGIO EDUARDO UMAÑA LUNA INSTITUCION EDUCATIVA DISTRITAL - SEDE PRINCIPAL,BOGOTÁ D.C.,2021,67,51.0,48.0,46.0,47.0,50.0,8.8,48.2,241.0,5675
138289,COLEGIO EDUARDO UMAÑA LUNA INSTITUCION EDUCATIVA DISTRITAL - SEDE PRINCIPAL,BOGOTÁ D.C.,2022,32,54.0,53.0,49.0,50.0,52.0,9.8,51.5,257.5,4379
138289,COLEGIO EDUARDO UMAÑA LUNA INSTITUCION EDUCATIVA DISTRITAL - SEDE PRINCIPAL,BOGOTÁ D.C.,2023,70,52.0,49.0,47.0,49.0,50.0,9.4,49.3,246.5,6365
138289,COLEGIO EDUARDO UMAÑA LUNA INSTITUCION EDUCATIVA DISTRITAL - SEDE PRINCIPAL,BOGOTÁ D.C.,2024,56,54.0,52.0,49.0,50.0,53.0,8.4,51.4,257.0,5205
138289,COLEGIO EDUARDO UMAÑA LUNA INSTITUCION EDUCATIVA DISTRITAL - SEDE PRINCIPAL,BOGOTÁ D.C.,2025,64,54.0,48.0,48.0,50.0,53.0,9.6,50.2,251.0,6168
059477,LICEO SAN PABLO,BOGOTÁ D.C.,2020,18,54.0,55.0,50.0,51.0,48.0,9.0,52.2,261.0,3178
059477,LICEO SAN PABLO,BOGOTÁ D.C.,2021,16,51.0,44.0,45.0,44.0,46.0,7.6,46.0,230.0,7376
059477,LICEO SAN PABLO,BOGOTÁ D.C.,2022,19,56.0,52.0,51.0,48.0,53.0,8.2,51.8,259.0,4132
059477,LICEO SAN PABLO,BOGOTÁ D.C.,2023,11,51.0,52.0,48.0,49.0,51.0,10.0,50.1,250.5,5788
059477,LICEO SAN PABLO,BOGOTÁ D.C.,2024,10,54.0,54.0,46.0,46.0,47.0,8.0,49.8,249.0,6319
059477,LICEO SAN PABLO,BOGOTÁ D.C.,2025,8,51.0,49.0,47.0,50.0,49.0,8.8,49.2,246.0,6856
130351,CENT EDUC DIST ISMAEL PERDOMO,BOGOTÁ D.C.,2020,65,52.0,52.0,47.0,47.0,46.0,8.4,49.2,246.0,5038
130351,CENT EDUC DIST ISMAEL PERDOMO,BOGOTÁ D.C.,2021,70,53.0,49.0,47.0,47.0,47.0,9.2,48.8,244.0,5257
130351,CENT EDUC DIST ISMAEL PERDOMO,BOGOTÁ D.C.,2022,92,53.0,50.0,48.0,49.0,49.0,10.0,49.9,249.5,5452
130351,CENT EDUC DIST ISMAEL PERDOMO,BOGOTÁ D.C.,2023,90,54.0,51.0,52.0,50.0,52.0,9.0,51.8,259.0,4545
130351,CENT EDUC DIST ISMAEL PERDOMO,BOGOTÁ D.C.,2024,67,55.0,55.0,51.0,51.0,52.0,9.8,52.9,264.5,4262
130351,CENT EDUC DIST ISMAEL PERDOMO,BOGOTÁ D.C.,2025,77,54.0,54.0,48.0,50.0,54.0,9.8,51.7,258.5,5220
063263,CENT EDUC DIST DE EDUC BAS Y MEDIA FLORIDABLANCA,BOGOTÁ D.C.,2020,81,56.0,54.0,53.0,50.0,49.0,9.6,52.9,264.5,2872
063263,CENT EDUC DIST DE EDUC BAS Y MEDIA FLORIDABLANCA,BOGOTÁ D.C.,2021,41,55.0,48.0,49.0,49.0,52.0,8.8,50.4,252.0,4180
063263,CENT EDUC DIST DE EDUC BAS Y MEDIA FLORIDABLANCA,BOGOTÁ D.C.,2022,54,57.0,55.0,52.0,52.0,55.0,9.6,54.1,270.5,3003
063263,CENT EDUC DIST DE EDUC BAS Y MEDIA FLORIDABLANCA,BOGOTÁ D.C.,2023,62,58.0,56.0,53.0,54.0,58.0,9.6,55.5,277.5,2625
063263,CENT EDUC DIST DE EDUC BAS Y MEDIA FLORIDABLANCA,BOGOTÁ D.C.,2024,47,55.0,54.0,49.0,49.0,52.0,8.6,51.8,259.0,4944
063263,CENT EDUC DIST DE EDUC BAS Y MEDIA FLORIDABLANCA,BOGOTÁ D.C.,2025,52,55.0,53.0,50.0,50.0,53.0,9.6,52.1,260.5,4957
102608,CENT EDUC DIST JUANA ESCOBAR,BOGOTÁ D.C.,2020,83,51.0,51.0,48.0,48.0,43.0,8.8,49.0,245.0,5182
102608,CENT EDUC DIST JUANA ESCOBAR,BOGOTÁ D.C.,2021,89,51.0,48.0,45.0,48.0,45.0,8.2,47.8,239.0,5974
102608,CENT EDUC DIST JUANA ESCOBAR,BOGOTÁ D.C.,2022,72,52.0,50.0,48.0,48.0,47.0,9.6,49.3,246.5,5890
102608,CENT EDUC DIST JUANA ESCOBAR,BOGOTÁ D.C.,2023,65,53.0,50.0,48.0,49.0,50.0,8.4,50.0,250.0,5788
102608,CENT EDUC DIST JUANA ESCOBAR,BOGOTÁ D.C.,2024,104,51.0,51.0,47.0,50.0,49.0,9.2,49.7,248.5,6451
102608,CENT EDUC DIST JUANA ESCOBAR,BOGOTÁ D.C.,2025,96,53.0,52.0,48.0,50.0,51.0,9.4,50.8,254.0,5767
109561,COLEGIO MANUEL CEPEDA VARGAS (IED) - SEDE PRINCIPAL,BOGOTÁ D.C.,2020,66,52.0,50.0,48.0,47.0,45.0,8.8,48.9,244.5,5346
109561,COLEGIO MANUEL CEPEDA VARGAS (IED) - SEDE PRINCIPAL,BOGOTÁ D.C.,2021,70,52.0,48.0,47.0,47.0,48.0,9.2,48.5,242.5,5521
109561,COLEGIO MANUEL CEPEDA VARGAS (IED) - SEDE PRINCIPAL,BOGOTÁ D.C.,2022,98,54.0,53.0,49.0,51.0,51.0,9.0,51.7,258.5,4254
109561,COLEGIO MANUEL CEPEDA VARGAS (IED) - SEDE PRINCIPAL,BOGOTÁ D.C.,2023,103,53.0,53.0,49.0,50.0,53.0,9.2,51.4,257.0,4796
109561,COLEGIO MANUEL CEPEDA VARGAS (IED) - SEDE PRINCIPAL,BOGOTÁ D.C.,2024,70,56.0,56.0,50.0,51.0,53.0,9.2,53.2,266.0,4012
109561,COLEGIO MANUEL CEPEDA VARGAS (IED) - SEDE PRINCIPAL,BOGOTÁ D.C.,2025,106,53.0,52.0,48.0,50.0,49.0,10.0,50.6,253.0,5916
085340,COLEGIO INSCAP,BOGOTÁ D.C.,2020,27,50.0,46.0,46.0,45.0,46.0,9.0,46.7,233.5,7087
085340,COLEGIO INSCAP,BOGOTÁ D.C.,2021,14,52.0,45.0,47.0,47.0,46.0,7.0,47.6,238.0,6130
085340,COLEGIO INSCAP,BOGOTÁ D.C.,2022,14,55.0,46.0,47.0,47.0,49.0,10.4,48.8,244.0,6169
085340,COLEGIO INSCAP,BOGOTÁ D.C.,2023,10,55.0,47.0,47.0,49.0,52.0,8.6,49.7,248.5,6063
085340,COLEGIO INSCAP,BOGOTÁ D.C.,2024,11,52.0,47.0,44.0,47.0,49.0,9.4,47.6,238.0,7807
085340,COLEGIO INSCAP,BOGOTÁ D.C.,2025,18,56.0,53.0,47.0,50.0,52.0,10.0,51.5,257.5,5365
196329,COLEGIO INTEGRADO EDUARDO CABALLERO CALDERON - SEDE PRINCIPAL,BOGOTÁ D.C.,2020,13,51.0,50.0,48.0,46.0,45.0,9.0,48.5,242.5,5639
196329,COLEGIO INTEGRADO EDUARDO CABALLERO CALDERON - SEDE PRINCIPAL,BOGOTÁ D.C.,2021,15,55.0,46.0,49.0,46.0,49.0,11.4,49.0,245.0,5101
196329,COLEGIO INTEGRADO EDUARDO CABALLERO CALDERON - SEDE PRINCIPAL,BOGOTÁ D.C.,2022,13,55.0,48.0,51.0,50.0,50.0,9.8,50.9,254.5,4769
196329,COLEGIO INTEGRADO EDUARDO CABALLERO CALDERON - SEDE PRINCIPAL,BOGOTÁ D.C.,2023,42,55.0,50.0,48.0,51.0,51.0,8.0,51.0,255.0,5082
196329,COLEGIO INTEGRADO EDUARDO CABALLERO CALDERON - SEDE PRINCIPAL,BOGOTÁ D.C.,2024,22,54.0,51.0,46.0,50.0,50.0,8.4,50.2,251.0,6023
196329,COLEGIO INTEGRADO EDUARDO CABALLERO CALDERON - SEDE PRINCIPAL,BOGOTÁ D.C.,2025,24,54.0,49.0,48.0,50.0,50.0,9.0,50.2,251.0,6168
705970,LICEO CENTRAL AMERICAS - SEDE PRINCIPAL,BOGOTÁ D.C.,2020,17,54.0,51.0,49.0,48.0,50.0,6.2,50.5,252.5,4217
705970,LICEO CENTRAL AMERICAS - SEDE PRINCIPAL,BOGOTÁ D.C.,2021,25,55.0,49.0,47.0,48.0,47.0,9.6,49.5,247.5,4807
705970,LICEO CENTRAL AMERICAS - SEDE PRINCIPAL,BOGOTÁ D.C.,2022,23,53.0,51.0,50.0,50.0,50.0,8.4,50.9,254.5,4769
705970,LICEO CENTRAL AMERICAS - SEDE PRINCIPAL,BOGOTÁ D.C.,2023,27,49.0,46.0,45.0,46.0,45.0,9.6,46.4,232.0,8456
705970,LICEO CENTRAL AMERICAS - SEDE PRINCIPAL,BOGOTÁ D.C.,2024,33,54.0,52.0,50.0,50.0,56.0,10.6,51.8,259.0,4944
705970,LICEO CENTRAL AMERICAS - SEDE PRINCIPAL,BOGOTÁ D.C.,2025,28,56.0,54.0,50.0,50.0,53.0,9.8,52.5,262.5,4679
725002,CENT EDUC DIST GUILLERMO LEON VALENCIA,BOGOTÁ D.C.,2020,34,53.0,51.0,50.0,49.0,48.0,11.0,50.5,252.5,4217
725002,CENT EDUC DIST GUILLERMO LEON VALENCIA,BOGOTÁ D.C.,2021,32,58.0,52.0,53.0,52.0,54.0,8.4,53.8,269.0,2513
725002,CENT EDUC DIST GUILLERMO LEON VALENCIA,BOGOTÁ D.C.,2022,31,53.0,49.0,49.0,48.0,49.0,8.4,49.7,248.5,5613
725002,CENT EDUC DIST GUILLERMO LEON VALENCIA,BOGOTÁ D.C.,2023,33,59.0,54.0,55.0,53.0,55.0,9.2,55.2,276.0,2696
725002,CENT EDUC DIST GUILLERMO LEON VALENCIA,BOGOTÁ D.C.,2024,39,56.0,54.0,51.0,52.0,53.0,11.8,53.2,266.0,4012
725002,CENT EDUC DIST GUILLERMO LEON VALENCIA,BOGOTÁ D.C.,2025,30,57.0,54.0,50.0,50.0,52.0,10.0,52.7,263.5,4556
114843,LIC SAN LEON MAGNO,BOGOTÁ D.C.,2020,40,56.0,52.0,50.0,50.0,49.0,9.2,51.8,259.0,3398
114843,LIC SAN LEON MAGNO,BOGOTÁ D.C.,2021,27,53.0,48.0,48.0,50.0,55.0,10.2,50.2,251.0,4303
114843,LIC SAN LEON MAGNO,BOGOTÁ D.C.,2022,26,53.0,49.0,47.0,46.0,51.0,9.4,48.9,244.5,6169
114843,LIC SAN LEON MAGNO,BOGOTÁ D.C.,2023,21,55.0,51.0,50.0,54.0,55.0,9.8,52.7,263.5,4004
114843,LIC SAN LEON MAGNO,BOGOTÁ D.C.,2024,27,54.0,49.0,50.0,51.0,54.0,10.0,51.2,256.0,5338
114843,LIC SAN LEON MAGNO,BOGOTÁ D.C.,2025,23,54.0,49.0,49.0,50.0,59.0,10.0,51.2,256.0,5505
121699,CENT EDUC DIST GENERAL SANTANDER,BOGOTÁ D.C.,2020,109,52.0,50.0,48.0,46.0,45.0,9.4,48.7,243.5,5473
121699,CENT EDUC DIST GENERAL SANTANDER,BOGOTÁ D.C.,2021,101,54.0,51.0,48.0,48.0,50.0,9.0,50.2,251.0,4303
121699,CENT EDUC DIST GENERAL SANTANDER,BOGOTÁ D.C.,2022,113,53.0,51.0,48.0,49.0,52.0,9.6,50.4,252.0,5035
121699,CENT EDUC DIST GENERAL SANTANDER,BOGOTÁ D.C.,2023,132,55.0,53.0,49.0,50.0,53.0,10.2,51.8,259.0,4545
121699,CENT EDUC DIST GENERAL SANTANDER,BOGOTÁ D.C.,2024,102,53.0,49.0,48.0,49.0,52.0,9.6,49.9,249.5,6319
121699,CENT EDUC DIST GENERAL SANTANDER,BOGOTÁ D.C.,2025,127,54.0,51.0,47.0,50.0,52.0,10.0,50.6,253.0,5916
108423,COLEGIO RAFAEL GOBERNA,BOGOTÁ D.C.,2020,33,50.0,50.0,46.0,47.0,45.0,9.6,48.0,240.0,5968
108423,COLEGIO RAFAEL GOBERNA,BOGOTÁ D.C.,2021,22,56.0,51.0,48.0,52.0,51.0,8.6,51.7,258.5,3478
108423,COLEGIO RAFAEL GOBERNA,BOGOTÁ D.C.,2022,34,56.0,54.0,51.0,52.0,53.0,8.8,53.2,266.0,3387
108423,COLEGIO RAFAEL GOBERNA,BOGOTÁ D.C.,2023,25,55.0,51.0,48.0,51.0,51.0,8.8,51.2,256.0,4938
108423,COLEGIO RAFAEL GOBERNA,BOGOTÁ D.C.,2024,33,55.0,53.0,48.0,50.0,54.0,10.4,51.7,258.5,5086
108423,COLEGIO RAFAEL GOBERNA,BOGOTÁ D.C.,2025,33,54.0,53.0,49.0,50.0,52.0,10.0,51.5,257.5,5365
056275,COLEGIO DANILO CIFUENTES,BOGOTÁ D.C.,2020,51,53.0,54.0,50.0,50.0,51.0,9.0,51.7,258.5,3519
056275,COLEGIO DANILO CIFUENTES,BOGOTÁ D.C.,2021,44,55.0,53.0,50.0,49.0,56.0,7.8,52.1,260.5,3274
056275,COLEGIO DANILO CIFUENTES,BOGOTÁ D.C.,2022,52,56.0,53.0,50.0,50.0,55.0,8.2,52.5,262.5,3812
056275,COLEGIO DANILO CIFUENTES,BOGOTÁ D.C.,2023,54,53.0,51.0,48.0,50.0,55.0,9.8,50.8,254.0,5222
056275,COLEGIO DANILO CIFUENTES,BOGOTÁ D.C.,2024,57,56.0,54.0,50.0,51.0,56.0,9.2,53.0,265.0,4147
056275,COLEGIO DANILO CIFUENTES,BOGOTÁ D.C.,2025,54,54.0,53.0,49.0,50.0,59.0,8.8,52.1,260.5,4957
032979,GIMNASIO CULTURAL LIBERTAD,BOGOTÁ D.C.,2020,30,56.0,55.0,51.0,51.0,48.0,9.0,52.8,264.0,2872
032979,GIMNASIO CULTURAL LIBERTAD,BOGOTÁ D.C.,2021,33,56.0,55.0,50.0,53.0,53.0,9.8,53.5,267.5,2660
032979,GIMNASIO CULTURAL LIBERTAD,BOGOTÁ D.C.,2022,27,54.0,54.0,50.0,51.0,51.0,10.2,52.2,261.0,3916
032979,GIMNASIO CULTURAL LIBERTAD,BOGOTÁ D.C.,2023,28,57.0,54.0,53.0,53.0,56.0,9.6,54.4,272.0,3013
032979,GIMNASIO CULTURAL LIBERTAD,BOGOTÁ D.C.,2024,33,54.0,55.0,50.0,52.0,53.0,9.8,52.8,264.0,4262
032979,GIMNASIO CULTURAL LIBERTAD,BOGOTÁ D.C.,2025,33,54.0,53.0,47.0,50.0,52.0,8.2,51.1,255.5,5642
122382,CENT EDUC DIST VILLA AMALIA,BOGOTÁ D.C.,2020,74,53.0,53.0,52.0,50.0,48.0,9.6,51.7,258.5,3519
122382,CENT EDUC DIST VILLA AMALIA,BOGOTÁ D.C.,2021,76,51.0,48.0,46.0,47.0,49.0,8.8,48.1,240.5,5817
122382,CENT EDUC DIST VILLA AMALIA,BOGOTÁ D.C.,2022,76,55.0,50.0,49.0,51.0,55.0,9.4,51.5,257.5,4379
122382,CENT EDUC DIST VILLA AMALIA,BOGOTÁ D.C.,2023,77,53.0,51.0,49.0,50.0,56.0,9.0,51.2,256.0,4938
122382,CENT EDUC DIST VILLA AMALIA,BOGOTÁ D.C.,2024,74,53.0,51.0,48.0,50.0,53.0,9.0,50.7,253.5,5743
122382,CENT EDUC DIST VILLA AMALIA,BOGOTÁ D.C.,2025,90,53.0,50.0,48.0,50.0,54.0,9.4,50.5,252.5,6041
098624,CENT EDUC DIST LA GAITANA,BOGOTÁ D.C.,2020,70,52.0,50.0,49.0,49.0,46.0,8.6,49.7,248.5,4747
098624,CENT EDUC DIST LA GAITANA,BOGOTÁ D.C.,2021,103,52.0,48.0,46.0,47.0,49.0,8.8,48.3,241.5,5675
098624,CENT EDUC DIST LA GAITANA,BOGOTÁ D.C.,2022,100,54.0,51.0,49.0,48.0,50.0,10.0,50.5,252.5,5035
098624,CENT EDUC DIST LA GAITANA,BOGOTÁ D.C.,2023,59,53.0,51.0,49.0,48.0,49.0,8.8,50.2,251.0,5651
098624,CENT EDUC DIST LA GAITANA,BOGOTÁ D.C.,2024,76,54.0,53.0,50.0,50.0,51.0,9.6,51.7,258.5,5086
098624,CENT EDUC DIST LA GAITANA,BOGOTÁ D.C.,2025,86,54.0,53.0,48.0,50.0,51.0,9.8,51.2,256.0,5505
674663,TORCA,BOGOTÁ D.C.,2020,25,56.0,53.0,53.0,51.0,48.0,9.0,52.8,264.0,2872
674663,TORCA,BOGOTÁ D.C.,2021,39,57.0,53.0,52.0,51.0,55.0,8.6,53.4,267.0,2660
674663,TORCA,BOGOTÁ D.C.,2022,62,55.0,51.0,49.0,50.0,53.0,9.2,51.4,257.0,4379
674663,TORCA,BOGOTÁ D.C.,2023,54,53.0,50.0,49.0,50.0,51.0,9.0,50.5,252.5,5515
674663,TORCA,BOGOTÁ D.C.,2024,62,58.0,54.0,53.0,55.0,55.0,10.4,55.0,275.0,3074
674663,TORCA,BOGOTÁ D.C.,2025,46,54.0,52.0,48.0,50.0,51.0,9.0,51.0,255.0,5642
199216,CORPORACION TECNOLOGICA EMPRESARIAL - SEDE PRINCIPAL,BOGOTÁ D.C.,2021,1,62.0,63.0,50.0,54.0,44.0,0.0,56.2,281.0,1818
199216,CORPORACION TECNOLOGICA EMPRESARIAL - SEDE PRINCIPAL,BOGOTÁ D.C.,2025,2,62.0,61.0,56.0,50.0,61.0,6.0,57.5,287.5,2291
216556,CENT EDUC DIST EL PARAISO,BOGOTÁ D.C.,2022,19,59.0,53.0,54.0,51.0,54.0,11.2,54.2,271.0,2904
216556,CENT EDUC DIST EL PARAISO,BOGOTÁ D.C.,2023,22,57.0,54.0,52.0,52.0,50.0,9.8,53.5,267.5,3550
216556,CENT EDUC DIST EL PARAISO,BOGOTÁ D.C.,2024,21,55.0,54.0,51.0,50.0,55.0,8.2,52.7,263.5,4413
216556,CENT EDUC DIST EL PARAISO,BOGOTÁ D.C.,2025,21,56.0,49.0,51.0,50.0,56.0,8.0,51.8,259.0,5087
665364,CENT EDUC DIST ANIBAL FERNANDEZ DE SOTO,BOGOTÁ D.C.,2020,35,52.0,49.0,46.0,46.0,49.0,9.8,48.3,241.5,5792
665364,CENT EDUC DIST ANIBAL FERNANDEZ DE SOTO,BOGOTÁ D.C.,2021,48,48.0,43.0,42.0,45.0,45.0,9.6,44.5,222.5,8581
665364,CENT EDUC DIST ANIBAL FERNANDEZ DE SOTO,BOGOTÁ D.C.,2022,37,50.0,47.0,42.0,45.0,45.0,8.4,45.9,229.5,8295
665364,CENT EDUC DIST ANIBAL FERNANDEZ DE SOTO,BOGOTÁ D.C.,2023,40,57.0,53.0,51.0,51.0,52.0,8.8,52.9,264.5,3891
665364,CENT EDUC DIST ANIBAL FERNANDEZ DE SOTO,BOGOTÁ D.C.,2024,50,52.0,50.0,45.0,46.0,50.0,10.2,48.4,242.0,7265
665364,CENT EDUC DIST ANIBAL FERNANDEZ DE SOTO,BOGOTÁ D.C.,2025,39,55.0,52.0,48.0,50.0,53.0,9.6,51.4,257.0,5365
733618,CENT EDUC DIST ATAHUALPA,BOGOTÁ D.C.,2020,73,52.0,51.0,48.0,48.0,44.0,9.6,49.3,246.5,5038
733618,CENT EDUC DIST ATAHUALPA,BOGOTÁ D.C.,2021,66,55.0,54.0,50.0,52.0,52.0,10.8,52.7,263.5,2989
733618,CENT EDUC DIST ATAHUALPA,BOGOTÁ D.C.,2022,63,55.0,55.0,50.0,53.0,53.0,10.4,53.2,266.0,3387
733618,CENT EDUC DIST ATAHUALPA,BOGOTÁ D.C.,2023,68,55.0,56.0,51.0,53.0,51.0,8.0,53.5,267.5,3550
733618,CENT EDUC DIST ATAHUALPA,BOGOTÁ D.C.,2024,59,55.0,55.0,49.0,52.0,53.0,9.2,52.8,264.0,4262
733618,CENT EDUC DIST ATAHUALPA,BOGOTÁ D.C.,2025,54,53.0,54.0,48.0,50.0,54.0,9.2,51.5,257.5,5365
733907,COL DIST EDUC BAS Y MEDIA JOSE MARIA CARBONELL,BOGOTÁ D.C.,2020,54,49.0,49.0,44.0,45.0,41.0,9.4,46.3,231.5,7395
733907,COL DIST EDUC BAS Y MEDIA JOSE MARIA CARBONELL,BOGOTÁ D.C.,2021,42,52.0,49.0,46.0,46.0,48.0,9.8,48.2,241.0,5675
733907,COL DIST EDUC BAS Y MEDIA JOSE MARIA CARBONELL,BOGOTÁ D.C.,2022,31,54.0,52.0,50.0,49.0,50.0,9.6,51.2,256.0,4486
733907,COL DIST EDUC BAS Y MEDIA JOSE MARIA CARBONELL,BOGOTÁ D.C.,2023,41,53.0,50.0,47.0,50.0,51.0,8.4,50.1,250.5,5788
733907,COL DIST EDUC BAS Y MEDIA JOSE MARIA CARBONELL,BOGOTÁ D.C.,2024,46,55.0,54.0,51.0,50.0,53.0,9.4,52.5,262.5,4539
733907,COL DIST EDUC BAS Y MEDIA JOSE MARIA CARBONELL,BOGOTÁ D.C.,2025,42,55.0,52.0,48.0,50.0,54.0,9.0,51.5,257.5,5365
805515,CENT EDUC DIST MUZU NO. 2,BOGOTÁ D.C.,2022,89,55.0,52.0,50.0,50.0,52.0,10.0,51.8,259.0,4132
805515,CENT EDUC DIST MUZU NO. 2,BOGOTÁ D.C.,2023,115,56.0,54.0,52.0,51.0,54.0,9.8,53.3,266.5,3670
805515,CENT EDUC DIST MUZU NO. 2,BOGOTÁ D.C.,2024,110,55.0,54.0,51.0,51.0,53.0,10.2,52.8,264.0,4262
805515,CENT EDUC DIST MUZU NO. 2,BOGOTÁ D.C.,2025,112,54.0,53.0,48.0,50.0,52.0,10.8,51.3,256.5,5505
150656,COLEGIO KIMI PERNIA DOMICO,BOGOTÁ D.C.,2020,72,52.0,49.0,47.0,48.0,46.0,9.6,48.8,244.0,5346
150656,COLEGIO KIMI PERNIA DOMICO,BOGOTÁ D.C.,2021,68,53.0,48.0,47.0,47.0,48.0,7.6,48.7,243.5,5381
150656,COLEGIO KIMI PERNIA DOMICO,BOGOTÁ D.C.,2022,63,55.0,52.0,51.0,52.0,51.0,9.8,52.4,262.0,3812
150656,COLEGIO KIMI PERNIA DOMICO,BOGOTÁ D.C.,2023,75,54.0,50.0,49.0,50.0,49.0,9.2,50.6,253.0,5365
150656,COLEGIO KIMI PERNIA DOMICO,BOGOTÁ D.C.,2024,69,55.0,54.0,50.0,50.0,50.0,9.2,52.1,260.5,4813
150656,COLEGIO KIMI PERNIA DOMICO,BOGOTÁ D.C.,2025,77,53.0,51.0,47.0,49.0,51.0,9.8,50.1,250.5,6304
027524,COL DIST SIMON BOLIVAR,BOGOTÁ D.C.,2020,60,56.0,55.0,52.0,51.0,51.0,9.2,53.3,266.5,2679
027524,COL DIST SIMON BOLIVAR,BOGOTÁ D.C.,2021,65,53.0,52.0,49.0,50.0,54.0,10.2,51.2,256.0,3688
027524,COL DIST SIMON BOLIVAR,BOGOTÁ D.C.,2022,46,57.0,56.0,53.0,53.0,56.0,10.8,54.8,274.0,2662
027524,COL DIST SIMON BOLIVAR,BOGOTÁ D.C.,2023,58,57.0,57.0,53.0,55.0,57.0,10.4,55.6,278.0,2553
027524,COL DIST SIMON BOLIVAR,BOGOTÁ D.C.,2024,66,56.0,55.0,52.0,53.0,57.0,11.2,54.2,271.0,3449
027524,COL DIST SIMON BOLIVAR,BOGOTÁ D.C.,2025,23,53.0,51.0,48.0,49.0,51.0,8.6,50.3,251.5,6168
160101,CENT EDUC DIST LA VICTORIA,BOGOTÁ D.C.,2020,37,47.0,47.0,45.0,45.0,43.0,8.2,45.8,229.0,7707
160101,CENT EDUC DIST LA VICTORIA,BOGOTÁ D.C.,2021,50,50.0,46.0,43.0,44.0,47.0,9.0,45.8,229.0,7538
160101,CENT EDUC DIST LA VICTORIA,BOGOTÁ D.C.,2022,42,50.0,48.0,44.0,46.0,46.0,9.2,46.9,234.5,7555
160101,CENT EDUC DIST LA VICTORIA,BOGOTÁ D.C.,2023,46,49.0,47.0,45.0,46.0,46.0,9.2,46.7,233.5,8304
160101,CENT EDUC DIST LA VICTORIA,BOGOTÁ D.C.,2024,49,51.0,48.0,46.0,47.0,49.0,8.0,48.1,240.5,7517
160101,CENT EDUC DIST LA VICTORIA,BOGOTÁ D.C.,2025,43,52.0,50.0,46.0,49.0,49.0,9.4,49.2,246.0,6856
098566,INST EDUC DIST EDUARDO MORA OSEJO (ANTIGUO NUEVO MONTEBLANCO),BOGOTÁ D.C.,2020,40,52.0,51.0,49.0,47.0,50.0,8.6,49.8,249.0,4600
098566,INST EDUC DIST EDUARDO MORA OSEJO (ANTIGUO NUEVO MONTEBLANCO),BOGOTÁ D.C.,2021,44,53.0,50.0,47.0,48.0,50.0,8.4,49.5,247.5,4807
098566,INST EDUC DIST EDUARDO MORA OSEJO (ANTIGUO NUEVO MONTEBLANCO),BOGOTÁ D.C.,2022,38,50.0,50.0,48.0,49.0,53.0,9.8,49.5,247.5,5730
098566,INST EDUC DIST EDUARDO MORA OSEJO (ANTIGUO NUEVO MONTEBLANCO),BOGOTÁ D.C.,2023,41,51.0,48.0,47.0,48.0,50.0,9.0,48.6,243.0,6816
098566,INST EDUC DIST EDUARDO MORA OSEJO (ANTIGUO NUEVO MONTEBLANCO),BOGOTÁ D.C.,2024,70,51.0,51.0,45.0,47.0,50.0,9.0,48.6,243.0,7132
098566,INST EDUC DIST EDUARDO MORA OSEJO (ANTIGUO NUEVO MONTEBLANCO),BOGOTÁ D.C.,2025,58,53.0,54.0,48.0,49.0,53.0,9.8,51.2,256.0,5505
133827,DELIA ZAPATA OLIVELLA,BOGOTÁ D.C.,2020,147,54.0,53.0,50.0,50.0,47.0,9.6,51.4,257.0,3630
133827,DELIA ZAPATA OLIVELLA,BOGOTÁ D.C.,2021,208,55.0,52.0,49.0,50.0,50.0,9.2,51.4,257.0,3586
133827,DELIA ZAPATA OLIVELLA,BOGOTÁ D.C.,2022,160,55.0,53.0,51.0,52.0,52.0,9.2,52.7,263.5,3692
133827,DELIA ZAPATA OLIVELLA,BOGOTÁ D.C.,2023,221,54.0,52.0,50.0,50.0,53.0,9.6,51.6,258.0,4681
133827,DELIA ZAPATA OLIVELLA,BOGOTÁ D.C.,2024,169,54.0,52.0,48.0,50.0,51.0,9.2,51.0,255.0,5458
133827,DELIA ZAPATA OLIVELLA,BOGOTÁ D.C.,2025,181,55.0,52.0,48.0,49.0,52.0,10.0,51.1,255.5,5642
214601,CENT EDUC DIST CLEMENCIA HOLGUIN DE URDANETA,BOGOTÁ D.C.,2020,55,53.0,54.0,49.0,48.0,50.0,10.0,50.9,254.5,3960
214601,CENT EDUC DIST CLEMENCIA HOLGUIN DE URDANETA,BOGOTÁ D.C.,2021,52,54.0,51.0,48.0,48.0,50.0,8.6,50.2,251.0,4303
214601,CENT EDUC DIST CLEMENCIA HOLGUIN DE URDANETA,BOGOTÁ D.C.,2022,40,56.0,55.0,50.0,49.0,54.0,10.8,52.6,263.0,3692
214601,CENT EDUC DIST CLEMENCIA HOLGUIN DE URDANETA,BOGOTÁ D.C.,2023,40,56.0,52.0,53.0,52.0,53.0,9.8,53.2,266.0,3670
214601,CENT EDUC DIST CLEMENCIA HOLGUIN DE URDANETA,BOGOTÁ D.C.,2024,36,53.0,54.0,49.0,52.0,55.0,8.6,52.2,261.0,4672
214601,CENT EDUC DIST CLEMENCIA HOLGUIN DE URDANETA,BOGOTÁ D.C.,2025,61,53.0,53.0,48.0,49.0,52.0,10.2,50.8,254.0,5767
732784,CENT EDUC DIST FEDERICO GARCIA LORCA,BOGOTÁ D.C.,2020,96,49.0,48.0,45.0,46.0,42.0,8.6,46.6,233.0,7087
732784,CENT EDUC DIST FEDERICO GARCIA LORCA,BOGOTÁ D.C.,2021,82,52.0,50.0,46.0,48.0,48.0,9.2,48.9,244.5,5257
732784,CENT EDUC DIST FEDERICO GARCIA LORCA,BOGOTÁ D.C.,2022,104,54.0,50.0,46.0,48.0,50.0,9.6,49.5,247.5,5730
732784,CENT EDUC DIST FEDERICO GARCIA LORCA,BOGOTÁ D.C.,2023,97,53.0,50.0,47.0,51.0,53.0,9.8,50.5,252.5,5515
732784,CENT EDUC DIST FEDERICO GARCIA LORCA,BOGOTÁ D.C.,2024,85,54.0,50.0,47.0,50.0,51.0,8.6,50.3,251.5,6023
732784,CENT EDUC DIST FEDERICO GARCIA LORCA,BOGOTÁ D.C.,2025,84,52.0,52.0,45.0,49.0,50.0,9.6,49.5,247.5,6695
752428,COLEGIO CIUDAD CHENGDU - SEDE PRINCIPAL,BOGOTÁ D.C.,2021,17,53.0,50.0,46.0,48.0,50.0,9.2,49.3,246.5,4956
752428,COLEGIO CIUDAD CHENGDU - SEDE PRINCIPAL,BOGOTÁ D.C.,2022,17,54.0,52.0,48.0,49.0,51.0,9.4,50.8,254.0,4769
752428,COLEGIO CIUDAD CHENGDU - SEDE PRINCIPAL,BOGOTÁ D.C.,2023,24,51.0,51.0,47.0,49.0,51.0,9.4,49.6,248.0,6063
752428,COLEGIO CIUDAD CHENGDU - SEDE PRINCIPAL,BOGOTÁ D.C.,2024,25,58.0,56.0,54.0,55.0,56.0,11.4,55.8,279.0,2732
752428,COLEGIO CIUDAD CHENGDU - SEDE PRINCIPAL,BOGOTÁ D.C.,2025,26,54.0,51.0,46.0,49.0,52.0,8.4,50.2,251.0,6168
059519,CEDID ALFONSO LOPEZ PUMAREJO,BOGOTÁ D.C.,2020,44,56.0,55.0,51.0,54.0,52.0,8.8,53.8,269.0,2437
059519,CEDID ALFONSO LOPEZ PUMAREJO,BOGOTÁ D.C.,2021,66,53.0,50.0,48.0,49.0,49.0,9.6,49.9,249.5,4556
059519,CEDID ALFONSO LOPEZ PUMAREJO,BOGOTÁ D.C.,2022,45,56.0,53.0,53.0,53.0,54.0,9.4,53.8,269.0,3089
059519,CEDID ALFONSO LOPEZ PUMAREJO,BOGOTÁ D.C.,2023,54,54.0,53.0,48.0,50.0,53.0,9.4,51.4,257.0,4796
059519,CEDID ALFONSO LOPEZ PUMAREJO,BOGOTÁ D.C.,2024,62,56.0,55.0,52.0,55.0,51.0,8.8,54.2,271.0,3449
059519,CEDID ALFONSO LOPEZ PUMAREJO,BOGOTÁ D.C.,2025,45,54.0,52.0,48.0,49.0,53.0,11.0,50.9,254.5,5767
079293,ACADEMIA AMERICANA DE SISTEMAS Y COMERCIO,BOGOTÁ D.C.,2021,15,52.0,50.0,51.0,51.0,58.0,12.4,51.5,257.5,3586
079293,ACADEMIA AMERICANA DE SISTEMAS Y COMERCIO,BOGOTÁ D.C.,2024,4,50.0,48.0,45.0,41.0,51.0,8.0,46.4,232.0,8665
079293,ACADEMIA AMERICANA DE SISTEMAS Y COMERCIO,BOGOTÁ D.C.,2025,5,46.0,50.0,44.0,49.0,54.0,12.6,47.8,239.0,7792
062851,LICEO LUTHER KING,BOGOTÁ D.C.,2020,42,53.0,52.0,50.0,49.0,47.0,8.8,50.7,253.5,4092
062851,LICEO LUTHER KING,BOGOTÁ D.C.,2021,43,55.0,52.0,50.0,52.0,54.0,8.6,52.4,262.0,3083
062851,LICEO LUTHER KING,BOGOTÁ D.C.,2022,27,57.0,54.0,52.0,55.0,57.0,9.6,54.7,273.5,2746
062851,LICEO LUTHER KING,BOGOTÁ D.C.,2023,31,55.0,51.0,50.0,52.0,58.0,12.6,52.5,262.5,4159
062851,LICEO LUTHER KING,BOGOTÁ D.C.,2024,31,57.0,53.0,48.0,51.0,58.0,9.6,52.7,263.5,4413
062851,LICEO LUTHER KING,BOGOTÁ D.C.,2025,30,54.0,54.0,47.0,49.0,54.0,8.4,51.2,256.0,5505
113043,CENT EDUC DIST MISAEL PASTRANA BORRERO,BOGOTÁ D.C.,2020,35,53.0,51.0,46.0,46.0,49.0,10.8,49.0,245.0,5182
113043,CENT EDUC DIST MISAEL PASTRANA BORRERO,BOGOTÁ D.C.,2021,28,50.0,48.0,45.0,46.0,47.0,8.0,47.2,236.0,6424
113043,CENT EDUC DIST MISAEL PASTRANA BORRERO,BOGOTÁ D.C.,2022,37,49.0,47.0,45.0,46.0,47.0,8.0,46.8,234.0,7555
113043,CENT EDUC DIST MISAEL PASTRANA BORRERO,BOGOTÁ D.C.,2023,29,52.0,47.0,48.0,47.0,50.0,10.2,48.6,243.0,6816
113043,CENT EDUC DIST MISAEL PASTRANA BORRERO,BOGOTÁ D.C.,2024,59,53.0,54.0,48.0,51.0,53.0,8.8,51.6,258.0,5086
113043,CENT EDUC DIST MISAEL PASTRANA BORRERO,BOGOTÁ D.C.,2025,42,53.0,50.0,49.0,49.0,50.0,8.8,50.2,251.0,6168
085621,LIC EL ENCANTO,BOGOTÁ D.C.,2020,20,50.0,48.0,46.0,46.0,49.0,8.4,47.6,238.0,6291
085621,LIC EL ENCANTO,BOGOTÁ D.C.,2021,8,55.0,49.0,47.0,51.0,54.0,11.0,50.8,254.0,3928
085621,LIC EL ENCANTO,BOGOTÁ D.C.,2022,18,53.0,52.0,47.0,50.0,51.0,10.2,50.5,252.5,5035
085621,LIC EL ENCANTO,BOGOTÁ D.C.,2023,18,52.0,52.0,48.0,50.0,51.0,10.2,50.5,252.5,5515
085621,LIC EL ENCANTO,BOGOTÁ D.C.,2024,14,53.0,48.0,46.0,45.0,49.0,10.0,48.1,240.5,7517
085621,LIC EL ENCANTO,BOGOTÁ D.C.,2025,10,49.0,50.0,39.0,49.0,52.0,7.2,47.2,236.0,8215
090944,CENT EDUC DIST NUEVO CHILE,BOGOTÁ D.C.,2020,52,52.0,51.0,48.0,45.0,45.0,8.6,48.7,243.5,5473
090944,CENT EDUC DIST NUEVO CHILE,BOGOTÁ D.C.,2021,47,55.0,50.0,48.0,49.0,53.0,8.8,50.7,253.5,4050
090944,CENT EDUC DIST NUEVO CHILE,BOGOTÁ D.C.,2022,39,53.0,50.0,50.0,50.0,0.0,8.4,46.8,234.0,7555
090944,CENT EDUC DIST NUEVO CHILE,BOGOTÁ D.C.,2022,37,0.0,0.0,0.0,0.0,52.0,2.0,4.0,20.0,14397
090944,CENT EDUC DIST NUEVO CHILE,BOGOTÁ D.C.,2023,83,54.0,52.0,49.0,50.0,53.0,8.8,51.4,257.0,4796
090944,CENT EDUC DIST NUEVO CHILE,BOGOTÁ D.C.,2024,90,54.0,53.0,49.0,51.0,53.0,8.8,51.8,259.0,4944
090944,CENT EDUC DIST NUEVO CHILE,BOGOTÁ D.C.,2025,76,54.0,52.0,47.0,49.0,53.0,9.0,50.7,253.5,5916
090951,CENT EDUC DIST RODRIGO ARENAS BETANCOURT,BOGOTÁ D.C.,2020,54,55.0,52.0,50.0,49.0,47.0,9.0,51.2,256.0,3726
090951,CENT EDUC DIST RODRIGO ARENAS BETANCOURT,BOGOTÁ D.C.,2021,50,51.0,48.0,45.0,47.0,48.0,10.2,47.8,239.0,5974
090951,CENT EDUC DIST RODRIGO ARENAS BETANCOURT,BOGOTÁ D.C.,2022,53,52.0,49.0,46.0,47.0,49.0,9.4,48.5,242.5,6461
090951,CENT EDUC DIST RODRIGO ARENAS BETANCOURT,BOGOTÁ D.C.,2023,55,54.0,53.0,49.0,50.0,54.0,10.6,51.7,258.5,4681
090951,CENT EDUC DIST RODRIGO ARENAS BETANCOURT,BOGOTÁ D.C.,2024,48,55.0,54.0,49.0,51.0,55.0,9.6,52.5,262.5,4539
090951,CENT EDUC DIST RODRIGO ARENAS BETANCOURT,BOGOTÁ D.C.,2025,60,52.0,50.0,46.0,49.0,54.0,10.8,49.6,248.0,6584
657569,COLEGIO LA JOYA (IED),BOGOTÁ D.C.,2020,68,53.0,51.0,47.0,48.0,47.0,9.4,49.5,247.5,4883
657569,COLEGIO LA JOYA (IED),BOGOTÁ D.C.,2021,61,53.0,49.0,47.0,47.0,45.0,8.2,48.7,243.5,5381
657569,COLEGIO LA JOYA (IED),BOGOTÁ D.C.,2022,84,53.0,50.0,46.0,49.0,47.0,9.0,49.3,246.5,5890
657569,COLEGIO LA JOYA (IED),BOGOTÁ D.C.,2023,64,52.0,52.0,48.0,51.0,49.0,9.6,50.6,253.0,5365
657569,COLEGIO LA JOYA (IED),BOGOTÁ D.C.,2024,64,54.0,51.0,48.0,50.0,47.0,9.4,50.5,252.5,5878
657569,COLEGIO LA JOYA (IED),BOGOTÁ D.C.,2025,72,52.0,50.0,46.0,49.0,49.0,9.6,49.2,246.0,6856
217901,COL DIST ESTRELLA DEL SUR,BOGOTÁ D.C.,2020,40,50.0,52.0,46.0,47.0,43.0,8.4,48.3,241.5,5792
217901,COL DIST ESTRELLA DEL SUR,BOGOTÁ D.C.,2021,41,50.0,50.0,46.0,49.0,46.0,9.4,48.5,242.5,5521
217901,COL DIST ESTRELLA DEL SUR,BOGOTÁ D.C.,2022,33,51.0,54.0,45.0,50.0,49.0,10.0,49.9,249.5,5452
217901,COL DIST ESTRELLA DEL SUR,BOGOTÁ D.C.,2023,38,50.0,48.0,46.0,48.0,48.0,10.2,48.0,240.0,7281
217901,COL DIST ESTRELLA DEL SUR,BOGOTÁ D.C.,2024,43,52.0,50.0,42.0,46.0,47.0,7.4,47.5,237.5,7952
217901,COL DIST ESTRELLA DEL SUR,BOGOTÁ D.C.,2025,47,52.0,51.0,45.0,49.0,50.0,8.4,49.3,246.5,6856
665810,INST EDUC DIST EDUARDO UMAÑA MENDOZA - SEDE PRINCIPAL,BOGOTÁ D.C.,2020,98,53.0,50.0,48.0,47.0,45.0,8.8,49.2,246.0,5038
665810,INST EDUC DIST EDUARDO UMAÑA MENDOZA - SEDE PRINCIPAL,BOGOTÁ D.C.,2021,108,51.0,48.0,47.0,47.0,47.0,8.6,48.2,241.0,5675
665810,INST EDUC DIST EDUARDO UMAÑA MENDOZA - SEDE PRINCIPAL,BOGOTÁ D.C.,2022,70,52.0,51.0,47.0,48.0,48.0,9.4,49.4,247.0,5730
665810,INST EDUC DIST EDUARDO UMAÑA MENDOZA - SEDE PRINCIPAL,BOGOTÁ D.C.,2023,107,54.0,53.0,48.0,49.0,49.0,9.6,50.8,254.0,5222
665810,INST EDUC DIST EDUARDO UMAÑA MENDOZA - SEDE PRINCIPAL,BOGOTÁ D.C.,2024,90,54.0,54.0,48.0,50.0,50.0,9.4,51.4,257.0,5205
665810,INST EDUC DIST EDUARDO UMAÑA MENDOZA - SEDE PRINCIPAL,BOGOTÁ D.C.,2025,115,53.0,51.0,47.0,49.0,50.0,9.4,50.0,250.0,6304
738583,CENT EDUC DIST EDUC BAS Y MEDIA SAN PEDRO CLAVER,BOGOTÁ D.C.,2020,81,54.0,54.0,52.0,52.0,47.0,8.8,52.5,262.5,3075
738583,CENT EDUC DIST EDUC BAS Y MEDIA SAN PEDRO CLAVER,BOGOTÁ D.C.,2021,105,56.0,52.0,50.0,51.0,51.0,9.8,52.2,261.0,3173
738583,CENT EDUC DIST EDUC BAS Y MEDIA SAN PEDRO CLAVER,BOGOTÁ D.C.,2022,76,57.0,56.0,52.0,53.0,54.0,9.2,54.5,272.5,2824
738583,CENT EDUC DIST EDUC BAS Y MEDIA SAN PEDRO CLAVER,BOGOTÁ D.C.,2023,91,56.0,54.0,51.0,51.0,53.0,9.6,53.0,265.0,3776
738583,CENT EDUC DIST EDUC BAS Y MEDIA SAN PEDRO CLAVER,BOGOTÁ D.C.,2024,111,56.0,54.0,50.0,53.0,55.0,9.0,53.4,267.0,3886
738583,CENT EDUC DIST EDUC BAS Y MEDIA SAN PEDRO CLAVER,BOGOTÁ D.C.,2025,91,52.0,51.0,47.0,49.0,52.0,8.6,49.9,249.5,6460
751990,SEDE B,BOGOTÁ D.C.,2020,36,52.0,54.0,48.0,48.0,44.0,8.6,50.0,250.0,4470
751990,SEDE B,BOGOTÁ D.C.,2021,63,51.0,48.0,44.0,47.0,46.0,8.4,47.4,237.0,6250
751990,SEDE B,BOGOTÁ D.C.,2022,55,51.0,49.0,43.0,47.0,47.0,8.4,47.5,237.5,7172
751990,SEDE B,BOGOTÁ D.C.,2023,49,49.0,49.0,44.0,49.0,47.0,8.6,47.7,238.5,7562
751990,SEDE B,BOGOTÁ D.C.,2024,37,52.0,51.0,48.0,50.0,50.0,9.8,50.2,251.0,6023
751990,SEDE B,BOGOTÁ D.C.,2025,44,52.0,52.0,46.0,49.0,48.0,8.8,49.6,248.0,6584
747105,COLEGIO HERMANOS BELTRAN,BOGOTÁ D.C.,2020,29,56.0,56.0,53.0,50.0,49.0,9.8,53.4,267.0,2591
747105,COLEGIO HERMANOS BELTRAN,BOGOTÁ D.C.,2021,29,54.0,51.0,46.0,49.0,52.0,9.6,50.2,251.0,4303
747105,COLEGIO HERMANOS BELTRAN,BOGOTÁ D.C.,2022,23,54.0,51.0,47.0,48.0,55.0,10.8,50.4,252.0,5035
747105,COLEGIO HERMANOS BELTRAN,BOGOTÁ D.C.,2023,22,53.0,49.0,46.0,47.0,49.0,10.8,48.8,244.0,6653
747105,COLEGIO HERMANOS BELTRAN,BOGOTÁ D.C.,2024,24,57.0,54.0,53.0,51.0,53.0,8.8,53.7,268.5,3765
747105,COLEGIO HERMANOS BELTRAN,BOGOTÁ D.C.,2025,21,54.0,52.0,45.0,49.0,51.0,7.8,50.1,250.5,6304
080176,LIC TEC MICROEMPRESARIAL FEYSER GORDILLO ROJAS,BOGOTÁ D.C.,2020,24,51.0,49.0,48.0,45.0,46.0,8.0,48.1,240.5,5968
080176,LIC TEC MICROEMPRESARIAL FEYSER GORDILLO ROJAS,BOGOTÁ D.C.,2021,37,49.0,47.0,41.0,46.0,44.0,9.4,45.6,228.0,7684
080176,LIC TEC MICROEMPRESARIAL FEYSER GORDILLO ROJAS,BOGOTÁ D.C.,2022,21,54.0,49.0,48.0,49.0,49.0,8.4,49.9,249.5,5452
080176,LIC TEC MICROEMPRESARIAL FEYSER GORDILLO ROJAS,BOGOTÁ D.C.,2023,30,53.0,46.0,49.0,48.0,50.0,9.4,49.1,245.5,6514
080176,LIC TEC MICROEMPRESARIAL FEYSER GORDILLO ROJAS,BOGOTÁ D.C.,2024,30,57.0,54.0,51.0,50.0,52.0,9.0,52.9,264.5,4262
080176,LIC TEC MICROEMPRESARIAL FEYSER GORDILLO ROJAS,BOGOTÁ D.C.,2025,20,53.0,50.0,49.0,49.0,55.0,10.2,50.6,253.0,5916
099044,CENT EDUC DIST CARLOS ALBAN HOLGUIN,BOGOTÁ D.C.,2020,135,53.0,51.0,49.0,49.0,46.0,9.2,50.2,251.0,4329
099044,CENT EDUC DIST CARLOS ALBAN HOLGUIN,BOGOTÁ D.C.,2021,170,52.0,48.0,47.0,48.0,48.0,9.8,48.7,243.5,5381
099044,CENT EDUC DIST CARLOS ALBAN HOLGUIN,BOGOTÁ D.C.,2022,180,52.0,49.0,47.0,48.0,48.0,9.8,48.9,244.5,6169
099044,CENT EDUC DIST CARLOS ALBAN HOLGUIN,BOGOTÁ D.C.,2023,211,52.0,48.0,46.0,47.0,49.0,10.0,48.3,241.5,7120
099044,CENT EDUC DIST CARLOS ALBAN HOLGUIN,BOGOTÁ D.C.,2024,195,53.0,51.0,47.0,49.0,50.0,10.0,50.0,250.0,6174
099044,CENT EDUC DIST CARLOS ALBAN HOLGUIN,BOGOTÁ D.C.,2025,151,52.0,49.0,47.0,49.0,51.0,10.0,49.4,247.0,6695
098558,CENT EDUC DIST UNION EUROPEA,BOGOTÁ D.C.,2020,57,52.0,50.0,47.0,46.0,45.0,8.8,48.5,242.5,5639
098558,CENT EDUC DIST UNION EUROPEA,BOGOTÁ D.C.,2021,39,47.0,46.0,42.0,46.0,44.0,7.8,45.2,226.0,8008
098558,CENT EDUC DIST UNION EUROPEA,BOGOTÁ D.C.,2022,55,48.0,45.0,43.0,45.0,45.0,9.6,45.2,226.0,8737
098558,CENT EDUC DIST UNION EUROPEA,BOGOTÁ D.C.,2023,65,51.0,48.0,46.0,47.0,46.0,9.0,47.8,239.0,7429
098558,CENT EDUC DIST UNION EUROPEA,BOGOTÁ D.C.,2024,48,51.0,45.0,42.0,45.0,45.0,9.2,45.7,228.5,9187
098558,CENT EDUC DIST UNION EUROPEA,BOGOTÁ D.C.,2025,48,52.0,50.0,46.0,49.0,48.0,9.0,49.2,246.0,6856
112946,CENT EDUC DIST LOS TEJARES,BOGOTÁ D.C.,2020,28,53.0,49.0,48.0,45.0,46.0,8.4,48.5,242.5,5639
112946,CENT EDUC DIST LOS TEJARES,BOGOTÁ D.C.,2021,15,54.0,48.0,48.0,48.0,47.0,8.2,49.3,246.5,4956
112946,CENT EDUC DIST LOS TEJARES,BOGOTÁ D.C.,2022,26,50.0,46.0,45.0,42.0,44.0,8.0,45.6,228.0,8446
112946,CENT EDUC DIST LOS TEJARES,BOGOTÁ D.C.,2023,18,48.0,44.0,44.0,45.0,45.0,8.8,45.2,226.0,9306
112946,CENT EDUC DIST LOS TEJARES,BOGOTÁ D.C.,2024,23,53.0,48.0,49.0,50.0,50.0,8.2,50.0,250.0,6174
112946,CENT EDUC DIST LOS TEJARES,BOGOTÁ D.C.,2025,22,52.0,49.0,46.0,49.0,49.0,7.8,49.0,245.0,6994
658526,INSTITUCION EDUCATIVA FEDERICO GARCIA LORCA - SEDE PRINCIPAL,BOGOTÁ D.C.,2020,9,53.0,55.0,54.0,49.0,48.0,10.8,52.4,262.0,3075
658526,INSTITUCION EDUCATIVA FEDERICO GARCIA LORCA - SEDE PRINCIPAL,BOGOTÁ D.C.,2021,5,42.0,38.0,35.0,39.0,40.0,7.6,38.6,193.0,12500
658526,INSTITUCION EDUCATIVA FEDERICO GARCIA LORCA - SEDE PRINCIPAL,BOGOTÁ D.C.,2023,3,46.0,41.0,44.0,43.0,42.0,8.4,43.4,217.0,10626
658526,INSTITUCION EDUCATIVA FEDERICO GARCIA LORCA - SEDE PRINCIPAL,BOGOTÁ D.C.,2024,3,48.0,47.0,42.0,46.0,51.0,5.2,46.2,231.0,8771
658526,INSTITUCION EDUCATIVA FEDERICO GARCIA LORCA - SEDE PRINCIPAL,BOGOTÁ D.C.,2025,4,51.0,50.0,46.0,49.0,46.0,14.0,48.8,244.0,7151
747626,INNOVAR EDUCACION PARA JOVENES Y ADULTOS - SEDE PRINCIPAL,BOGOTÁ D.C.,2020,1,43.0,42.0,32.0,41.0,37.0,0.0,39.3,196.5,12573
747626,INNOVAR EDUCACION PARA JOVENES Y ADULTOS - SEDE PRINCIPAL,BOGOTÁ D.C.,2021,16,45.0,45.0,40.0,43.0,44.0,8.6,43.3,216.5,9448
747626,INNOVAR EDUCACION PARA JOVENES Y ADULTOS - SEDE PRINCIPAL,BOGOTÁ D.C.,2022,33,47.0,45.0,43.0,43.0,46.0,11.0,44.6,223.0,9171
747626,INNOVAR EDUCACION PARA JOVENES Y ADULTOS - SEDE PRINCIPAL,BOGOTÁ D.C.,2023,22,46.0,42.0,42.0,43.0,44.0,10.0,43.3,216.5,10768
747626,INNOVAR EDUCACION PARA JOVENES Y ADULTOS - SEDE PRINCIPAL,BOGOTÁ D.C.,2024,16,52.0,48.0,49.0,47.0,47.0,8.4,48.8,244.0,6985
747626,INNOVAR EDUCACION PARA JOVENES Y ADULTOS - SEDE PRINCIPAL,BOGOTÁ D.C.,2025,19,52.0,50.0,46.0,49.0,54.0,11.4,49.6,248.0,6584
716548,COL NAL RESTREPO MILLAN,BOGOTÁ D.C.,2020,128,57.0,56.0,54.0,52.0,49.0,9.0,54.3,271.5,2294
716548,COL NAL RESTREPO MILLAN,BOGOTÁ D.C.,2021,135,54.0,52.0,49.0,49.0,52.0,9.2,51.1,255.5,3809
716548,COL NAL RESTREPO MILLAN,BOGOTÁ D.C.,2022,173,55.0,53.0,50.0,50.0,54.0,10.2,52.2,261.0,3916
716548,COL NAL RESTREPO MILLAN,BOGOTÁ D.C.,2023,130,54.0,53.0,51.0,50.0,53.0,10.4,52.1,260.5,4401
716548,COL NAL RESTREPO MILLAN,BOGOTÁ D.C.,2024,182,56.0,54.0,50.0,51.0,54.0,10.4,52.8,264.0,4262
716548,COL NAL RESTREPO MILLAN,BOGOTÁ D.C.,2025,175,52.0,51.0,47.0,49.0,52.0,10.0,49.9,249.5,6460
735316,CENT EDUC DIST JUAN REY,BOGOTÁ D.C.,2020,36,50.0,49.0,47.0,48.0,43.0,12.6,48.1,240.5,5968
735316,CENT EDUC DIST JUAN REY,BOGOTÁ D.C.,2021,56,51.0,48.0,45.0,48.0,45.0,8.6,47.8,239.0,5974
735316,CENT EDUC DIST JUAN REY,BOGOTÁ D.C.,2022,45,50.0,48.0,45.0,46.0,45.0,9.2,47.1,235.5,7420
735316,CENT EDUC DIST JUAN REY,BOGOTÁ D.C.,2023,55,50.0,49.0,45.0,47.0,47.0,9.4,47.7,238.5,7562
735316,CENT EDUC DIST JUAN REY,BOGOTÁ D.C.,2024,49,52.0,49.0,47.0,46.0,48.0,8.8,48.5,242.5,7265
735316,CENT EDUC DIST JUAN REY,BOGOTÁ D.C.,2025,42,52.0,49.0,46.0,49.0,49.0,9.6,49.0,245.0,6994
056507,COL DIST SAN FRANCISCO,BOGOTÁ D.C.,2020,98,52.0,53.0,49.0,50.0,47.0,9.0,50.7,253.5,4092
056507,COL DIST SAN FRANCISCO,BOGOTÁ D.C.,2021,95,52.0,49.0,48.0,48.0,48.0,9.0,49.2,246.0,4956
056507,COL DIST SAN FRANCISCO,BOGOTÁ D.C.,2022,73,52.0,50.0,46.0,49.0,47.0,9.4,49.1,245.5,6031
056507,COL DIST SAN FRANCISCO,BOGOTÁ D.C.,2023,77,54.0,51.0,49.0,50.0,54.0,9.8,51.2,256.0,4938
056507,COL DIST SAN FRANCISCO,BOGOTÁ D.C.,2024,85,51.0,50.0,47.0,49.0,48.0,8.6,49.2,246.0,6712
056507,COL DIST SAN FRANCISCO,BOGOTÁ D.C.,2025,75,53.0,51.0,46.0,49.0,48.0,9.6,49.6,248.0,6584
102533,COL DIST EDUC BAS Y MEDIA MONTEBELLO,BOGOTÁ D.C.,2020,36,52.0,52.0,49.0,48.0,47.0,8.2,50.0,250.0,4470
102533,COL DIST EDUC BAS Y MEDIA MONTEBELLO,BOGOTÁ D.C.,2021,33,48.0,46.0,43.0,43.0,45.0,9.2,45.0,225.0,8129
102533,COL DIST EDUC BAS Y MEDIA MONTEBELLO,BOGOTÁ D.C.,2022,54,52.0,46.0,46.0,47.0,50.0,9.0,47.9,239.5,6890
102533,COL DIST EDUC BAS Y MEDIA MONTEBELLO,BOGOTÁ D.C.,2023,46,52.0,50.0,49.0,49.0,51.0,9.6,50.1,250.5,5788
102533,COL DIST EDUC BAS Y MEDIA MONTEBELLO,BOGOTÁ D.C.,2024,73,53.0,53.0,46.0,48.0,49.0,10.0,49.9,249.5,6319
102533,COL DIST EDUC BAS Y MEDIA MONTEBELLO,BOGOTÁ D.C.,2025,63,53.0,52.0,47.0,49.0,49.0,9.2,50.2,251.0,6168
067090,CEDID CIUDAD BOLIVAR,BOGOTÁ D.C.,2020,133,51.0,51.0,47.0,47.0,45.0,8.8,48.7,243.5,5473
067090,CEDID CIUDAD BOLIVAR,BOGOTÁ D.C.,2021,116,52.0,50.0,47.0,48.0,47.0,8.8,49.1,245.5,5101
067090,CEDID CIUDAD BOLIVAR,BOGOTÁ D.C.,2022,106,52.0,49.0,47.0,48.0,47.0,9.6,48.8,244.0,6169
067090,CEDID CIUDAD BOLIVAR,BOGOTÁ D.C.,2023,126,51.0,51.0,47.0,48.0,48.0,9.0,49.2,246.0,6365
067090,CEDID CIUDAD BOLIVAR,BOGOTÁ D.C.,2024,132,54.0,54.0,47.0,49.0,49.0,9.2,50.8,254.0,5600
067090,CEDID CIUDAD BOLIVAR,BOGOTÁ D.C.,2025,130,52.0,52.0,46.0,49.0,49.0,9.4,49.7,248.5,6584
079731,LICEO SENDERO DEL SABER,BOGOTÁ D.C.,2020,5,48.0,47.0,42.0,47.0,44.0,6.8,45.8,229.0,7707
079731,LICEO SENDERO DEL SABER,BOGOTÁ D.C.,2021,14,47.0,42.0,38.0,40.0,44.0,5.6,41.9,209.5,10551
079731,LICEO SENDERO DEL SABER,BOGOTÁ D.C.,2022,1,46.0,52.0,45.0,49.0,52.0,0.0,48.3,241.5,6616
079731,LICEO SENDERO DEL SABER,BOGOTÁ D.C.,2024,19,58.0,53.0,49.0,50.0,59.0,10.6,53.0,265.0,4147
079731,LICEO SENDERO DEL SABER,BOGOTÁ D.C.,2025,8,55.0,52.0,47.0,49.0,57.0,8.4,51.2,256.0,5505
128439,UNIDAD EDUCATIVA BAHIA SOLANO,BOGOTÁ D.C.,2020,14,59.0,56.0,55.0,51.0,48.0,9.0,54.7,273.5,2144
128439,UNIDAD EDUCATIVA BAHIA SOLANO,BOGOTÁ D.C.,2021,34,58.0,53.0,53.0,51.0,57.0,9.0,54.0,270.0,2440
128439,UNIDAD EDUCATIVA BAHIA SOLANO,BOGOTÁ D.C.,2022,20,57.0,55.0,52.0,52.0,56.0,8.8,54.2,271.0,2904
128439,UNIDAD EDUCATIVA BAHIA SOLANO,BOGOTÁ D.C.,2023,17,58.0,56.0,50.0,55.0,59.0,7.4,55.1,275.5,2759
128439,UNIDAD EDUCATIVA BAHIA SOLANO,BOGOTÁ D.C.,2024,31,55.0,51.0,51.0,49.0,54.0,8.2,51.7,258.5,5086
128439,UNIDAD EDUCATIVA BAHIA SOLANO,BOGOTÁ D.C.,2025,27,56.0,53.0,50.0,49.0,55.0,9.8,52.2,261.0,4808
056424,COL DIST DARIO ECHANDIA,BOGOTÁ D.C.,2020,60,55.0,53.0,51.0,51.0,46.0,7.6,52.0,260.0,3291
056424,COL DIST DARIO ECHANDIA,BOGOTÁ D.C.,2021,61,53.0,50.0,47.0,48.0,47.0,8.0,49.3,246.5,4956
056424,COL DIST DARIO ECHANDIA,BOGOTÁ D.C.,2022,61,54.0,51.0,48.0,50.0,50.0,8.4,50.7,253.5,4897
056424,COL DIST DARIO ECHANDIA,BOGOTÁ D.C.,2023,48,52.0,50.0,48.0,49.0,49.0,9.2,49.7,248.5,6063
056424,COL DIST DARIO ECHANDIA,BOGOTÁ D.C.,2024,88,52.0,50.0,47.0,49.0,52.0,9.8,49.7,248.5,6451
056424,COL DIST DARIO ECHANDIA,BOGOTÁ D.C.,2025,86,52.0,50.0,46.0,49.0,50.0,8.8,49.3,246.5,6856
099051,CENT EDUC DIST CARLOS ALBAN HOLGUIN,BOGOTÁ D.C.,2020,124,52.0,50.0,48.0,46.0,45.0,10.0,48.7,243.5,5473
099051,CENT EDUC DIST CARLOS ALBAN HOLGUIN,BOGOTÁ D.C.,2021,99,52.0,49.0,46.0,47.0,46.0,8.6,48.3,241.5,5675
099051,CENT EDUC DIST CARLOS ALBAN HOLGUIN,BOGOTÁ D.C.,2022,90,54.0,54.0,49.0,50.0,51.0,10.2,51.7,258.5,4254
099051,CENT EDUC DIST CARLOS ALBAN HOLGUIN,BOGOTÁ D.C.,2023,134,51.0,47.0,46.0,48.0,48.0,9.2,48.0,240.0,7281
099051,CENT EDUC DIST CARLOS ALBAN HOLGUIN,BOGOTÁ D.C.,2024,123,52.0,50.0,46.0,48.0,47.0,9.2,48.8,244.0,6985
099051,CENT EDUC DIST CARLOS ALBAN HOLGUIN,BOGOTÁ D.C.,2025,152,54.0,52.0,48.0,49.0,50.0,9.4,50.7,253.5,5916
122390,CENT EDUC DIST PAULO VI,BOGOTÁ D.C.,2020,77,53.0,51.0,49.0,50.0,48.0,8.2,50.5,252.5,4217
122390,CENT EDUC DIST PAULO VI,BOGOTÁ D.C.,2021,71,53.0,50.0,50.0,50.0,50.0,8.8,50.7,253.5,4050
122390,CENT EDUC DIST PAULO VI,BOGOTÁ D.C.,2022,62,53.0,52.0,49.0,50.0,49.0,9.2,50.8,254.0,4769
122390,CENT EDUC DIST PAULO VI,BOGOTÁ D.C.,2023,66,54.0,52.0,50.0,50.0,51.0,9.2,51.5,257.5,4796
122390,CENT EDUC DIST PAULO VI,BOGOTÁ D.C.,2024,101,55.0,54.0,50.0,50.0,51.0,8.8,52.2,261.0,4672
122390,CENT EDUC DIST PAULO VI,BOGOTÁ D.C.,2025,71,54.0,51.0,46.0,49.0,51.0,8.2,50.1,250.5,6304
079301,INSTITUTO CULTURAL CIUDAD KENNEDY,BOGOTÁ D.C.,2025,4,52.0,49.0,46.0,49.0,52.0,12.8,49.2,246.0,6856
215293,CENT EDUC DIST SAN CARLOS,BOGOTÁ D.C.,2020,138,48.0,47.0,45.0,44.0,46.0,9.0,46.0,230.0,7550
215293,CENT EDUC DIST SAN CARLOS,BOGOTÁ D.C.,2021,162,51.0,47.0,44.0,46.0,47.0,9.0,47.0,235.0,6590
215293,CENT EDUC DIST SAN CARLOS,BOGOTÁ D.C.,2022,139,50.0,49.0,44.0,47.0,48.0,9.2,47.5,237.5,7172
215293,CENT EDUC DIST SAN CARLOS,BOGOTÁ D.C.,2023,131,50.0,48.0,45.0,46.0,49.0,9.0,47.4,237.0,7719
215293,CENT EDUC DIST SAN CARLOS,BOGOTÁ D.C.,2024,124,53.0,51.0,47.0,48.0,51.0,9.6,49.8,249.0,6319
215293,CENT EDUC DIST SAN CARLOS,BOGOTÁ D.C.,2025,138,52.0,50.0,45.0,49.0,50.0,10.4,49.1,245.5,6994
662023,SEDE C,BOGOTÁ D.C.,2021,30,52.0,51.0,47.0,50.0,48.0,10.0,49.8,249.0,4556
662023,SEDE C,BOGOTÁ D.C.,2022,23,52.0,49.0,47.0,47.0,50.0,8.0,48.8,244.0,6169
662023,SEDE C,BOGOTÁ D.C.,2023,25,51.0,49.0,49.0,49.0,52.0,10.0,49.7,248.5,6063
662023,SEDE C,BOGOTÁ D.C.,2024,45,53.0,50.0,47.0,49.0,51.0,9.2,49.8,249.0,6319
662023,SEDE C,BOGOTÁ D.C.,2025,22,52.0,48.0,45.0,49.0,50.0,7.8,48.6,243.0,7273
755785,ARETE - SEDE PRINCIPAL,BOGOTÁ D.C.,2021,1,58.0,50.0,58.0,55.0,58.0,0.0,55.5,277.5,2000
755785,ARETE - SEDE PRINCIPAL,BOGOTÁ D.C.,2022,7,59.0,54.0,51.0,52.0,65.0,12.2,54.8,274.0,2662
755785,ARETE - SEDE PRINCIPAL,BOGOTÁ D.C.,2023,17,62.0,57.0,62.0,57.0,73.0,11.2,60.5,302.5,1230
755785,ARETE - SEDE PRINCIPAL,BOGOTÁ D.C.,2024,10,59.0,56.0,53.0,53.0,71.0,13.0,56.5,282.5,2513
755785,ARETE - SEDE PRINCIPAL,BOGOTÁ D.C.,2025,8,56.0,49.0,52.0,49.0,71.0,14.2,53.0,265.0,4310
748335,CENTRO EDUCATIVO INTEGRAL LATINOAMERICANO - CEIL - SEDE PRINCIPAL,BOGOTÁ D.C.,2021,7,51.0,51.0,50.0,51.0,51.0,12.6,50.8,254.0,3928
748335,CENTRO EDUCATIVO INTEGRAL LATINOAMERICANO - CEIL - SEDE PRINCIPAL,BOGOTÁ D.C.,2022,43,48.0,44.0,43.0,44.0,45.0,10.6,44.8,224.0,9016
748335,CENTRO EDUCATIVO INTEGRAL LATINOAMERICANO - CEIL - SEDE PRINCIPAL,BOGOTÁ D.C.,2023,74,48.0,44.0,43.0,44.0,47.0,9.4,44.9,224.5,9607
748335,CENTRO EDUCATIVO INTEGRAL LATINOAMERICANO - CEIL - SEDE PRINCIPAL,BOGOTÁ D.C.,2024,65,48.0,44.0,42.0,42.0,45.0,10.6,44.1,220.5,10264
748335,CENTRO EDUCATIVO INTEGRAL LATINOAMERICANO - CEIL - SEDE PRINCIPAL,BOGOTÁ D.C.,2025,58,53.0,48.0,47.0,49.0,53.0,12.2,49.5,247.5,6695
811224,COLEGIO ESMERALDA ARBOLEDA CADAVID (IED) - SEDE PRINCIPAL,BOGOTÁ D.C.,2023,20,49.0,47.0,44.0,44.0,46.0,7.6,46.0,230.0,8755
811224,COLEGIO ESMERALDA ARBOLEDA CADAVID (IED) - SEDE PRINCIPAL,BOGOTÁ D.C.,2024,43,54.0,50.0,46.0,49.0,50.0,9.6,49.8,249.0,6319
811224,COLEGIO ESMERALDA ARBOLEDA CADAVID (IED) - SEDE PRINCIPAL,BOGOTÁ D.C.,2025,59,52.0,50.0,46.0,49.0,49.0,10.2,49.2,246.0,6856
820464,GIMNASIO INTERACTIVO NEOGRANADINO,BOGOTÁ D.C.,2025,3,49.0,51.0,50.0,49.0,47.0,15.2,49.5,247.5,6695
025668,COL DIST LA AMISTAD,BOGOTÁ D.C.,2020,42,52.0,53.0,48.0,49.0,45.0,7.8,50.1,250.5,4470
025668,COL DIST LA AMISTAD,BOGOTÁ D.C.,2021,44,51.0,47.0,45.0,47.0,45.0,9.0,47.3,236.5,6424
025668,COL DIST LA AMISTAD,BOGOTÁ D.C.,2022,46,50.0,47.0,45.0,46.0,46.0,11.0,46.9,234.5,7555
025668,COL DIST LA AMISTAD,BOGOTÁ D.C.,2023,32,50.0,50.0,45.0,49.0,46.0,9.8,48.3,241.5,7120
025668,COL DIST LA AMISTAD,BOGOTÁ D.C.,2024,43,51.0,51.0,44.0,49.0,47.0,9.8,48.6,243.0,7132
025668,COL DIST LA AMISTAD,BOGOTÁ D.C.,2025,45,53.0,50.0,45.0,49.0,50.0,8.8,49.3,246.5,6856
135533,GIMN MADRE TRINIDAD DE CALCUTA - SEDE PRINCIPAL,BOGOTÁ D.C.,2020,21,50.0,49.0,45.0,46.0,42.0,8.2,47.1,235.5,6775
135533,GIMN MADRE TRINIDAD DE CALCUTA - SEDE PRINCIPAL,BOGOTÁ D.C.,2021,30,55.0,50.0,47.0,48.0,52.0,9.4,50.2,251.0,4303
135533,GIMN MADRE TRINIDAD DE CALCUTA - SEDE PRINCIPAL,BOGOTÁ D.C.,2022,31,53.0,50.0,43.0,46.0,49.0,8.4,48.1,240.5,6767
135533,GIMN MADRE TRINIDAD DE CALCUTA - SEDE PRINCIPAL,BOGOTÁ D.C.,2023,32,54.0,50.0,47.0,48.0,51.0,7.0,49.8,249.0,5939
135533,GIMN MADRE TRINIDAD DE CALCUTA - SEDE PRINCIPAL,BOGOTÁ D.C.,2024,29,53.0,47.0,45.0,49.0,48.0,9.8,48.5,242.5,7265
135533,GIMN MADRE TRINIDAD DE CALCUTA - SEDE PRINCIPAL,BOGOTÁ D.C.,2025,25,55.0,52.0,48.0,49.0,52.0,12.0,51.1,255.5,5642
052217,CEDID GUILLERMO CANO ISAZA,BOGOTÁ D.C.,2020,77,54.0,54.0,50.0,49.0,46.0,9.2,51.3,256.5,3726
052217,CEDID GUILLERMO CANO ISAZA,BOGOTÁ D.C.,2021,105,52.0,51.0,47.0,48.0,48.0,9.2,49.4,247.0,4807
052217,CEDID GUILLERMO CANO ISAZA,BOGOTÁ D.C.,2022,86,54.0,51.0,50.0,50.0,50.0,9.4,51.2,256.0,4486
052217,CEDID GUILLERMO CANO ISAZA,BOGOTÁ D.C.,2023,89,55.0,54.0,50.0,51.0,50.0,9.4,52.3,261.5,4277
052217,CEDID GUILLERMO CANO ISAZA,BOGOTÁ D.C.,2024,82,57.0,55.0,52.0,57.0,53.0,10.2,55.1,275.5,3074
052217,CEDID GUILLERMO CANO ISAZA,BOGOTÁ D.C.,2025,89,52.0,52.0,45.0,49.0,50.0,9.0,49.5,247.5,6695
112870,GIMN COMERCIAL LOS ANDES - SEDE PRINCIPAL,BOGOTÁ D.C.,2020,27,54.0,52.0,51.0,50.0,50.0,10.0,51.6,258.0,3519
112870,GIMN COMERCIAL LOS ANDES - SEDE PRINCIPAL,BOGOTÁ D.C.,2021,15,52.0,48.0,48.0,47.0,52.0,8.6,49.0,245.0,5101
112870,GIMN COMERCIAL LOS ANDES - SEDE PRINCIPAL,BOGOTÁ D.C.,2022,23,51.0,48.0,45.0,48.0,52.0,8.6,48.3,241.5,6616
112870,GIMN COMERCIAL LOS ANDES - SEDE PRINCIPAL,BOGOTÁ D.C.,2023,31,56.0,51.0,50.0,51.0,54.0,10.4,52.2,261.0,4277
112870,GIMN COMERCIAL LOS ANDES - SEDE PRINCIPAL,BOGOTÁ D.C.,2024,28,56.0,50.0,48.0,49.0,57.0,10.2,51.2,256.0,5338
112870,GIMN COMERCIAL LOS ANDES - SEDE PRINCIPAL,BOGOTÁ D.C.,2025,24,56.0,50.0,47.0,49.0,55.0,8.8,50.8,254.0,5767
128447,UNID EDUC PRADOS DE ALAMEDA,BOGOTÁ D.C.,2020,13,53.0,52.0,49.0,48.0,46.0,9.4,50.2,251.0,4329
128447,UNID EDUC PRADOS DE ALAMEDA,BOGOTÁ D.C.,2021,14,57.0,51.0,50.0,50.0,48.0,8.4,51.7,258.5,3478
128447,UNID EDUC PRADOS DE ALAMEDA,BOGOTÁ D.C.,2022,14,56.0,54.0,54.0,52.0,60.0,7.4,54.5,272.5,2824
128447,UNID EDUC PRADOS DE ALAMEDA,BOGOTÁ D.C.,2023,31,57.0,52.0,53.0,51.0,55.0,10.8,53.4,267.0,3550
128447,UNID EDUC PRADOS DE ALAMEDA,BOGOTÁ D.C.,2024,26,57.0,55.0,51.0,53.0,57.0,10.0,54.2,271.0,3449
128447,UNID EDUC PRADOS DE ALAMEDA,BOGOTÁ D.C.,2025,24,53.0,47.0,47.0,49.0,54.0,10.4,49.4,247.0,6695
138040,COL VIRGINIA GUTIERREZ DE PINEDA (INS EDUC DIST),BOGOTÁ D.C.,2020,65,51.0,50.0,48.0,49.0,48.0,9.4,49.4,247.0,4883
138040,COL VIRGINIA GUTIERREZ DE PINEDA (INS EDUC DIST),BOGOTÁ D.C.,2021,66,52.0,49.0,45.0,48.0,49.0,9.4,48.5,242.5,5521
138040,COL VIRGINIA GUTIERREZ DE PINEDA (INS EDUC DIST),BOGOTÁ D.C.,2022,88,54.0,52.0,50.0,51.0,52.0,9.6,51.8,259.0,4132
138040,COL VIRGINIA GUTIERREZ DE PINEDA (INS EDUC DIST),BOGOTÁ D.C.,2023,79,53.0,49.0,48.0,49.0,50.0,10.0,49.8,249.0,5939
138040,COL VIRGINIA GUTIERREZ DE PINEDA (INS EDUC DIST),BOGOTÁ D.C.,2024,69,54.0,52.0,49.0,51.0,52.0,10.0,51.5,257.5,5205
138040,COL VIRGINIA GUTIERREZ DE PINEDA (INS EDUC DIST),BOGOTÁ D.C.,2025,96,53.0,51.0,47.0,49.0,52.0,9.8,50.2,251.0,6168
126037,CENT EDUC DIST RAFAEL URIBE URIBE,BOGOTÁ D.C.,2020,68,55.0,52.0,50.0,49.0,45.0,8.2,51.0,255.0,3849
126037,CENT EDUC DIST RAFAEL URIBE URIBE,BOGOTÁ D.C.,2021,61,54.0,52.0,49.0,48.0,49.0,9.0,50.6,253.0,4050
126037,CENT EDUC DIST RAFAEL URIBE URIBE,BOGOTÁ D.C.,2022,65,52.0,51.0,45.0,48.0,46.0,8.0,48.8,244.0,6169
126037,CENT EDUC DIST RAFAEL URIBE URIBE,BOGOTÁ D.C.,2023,61,55.0,51.0,50.0,52.0,52.0,9.8,52.0,260.0,4401
126037,CENT EDUC DIST RAFAEL URIBE URIBE,BOGOTÁ D.C.,2024,61,53.0,51.0,48.0,49.0,50.0,9.4,50.2,251.0,6023
126037,CENT EDUC DIST RAFAEL URIBE URIBE,BOGOTÁ D.C.,2025,65,52.0,52.0,46.0,49.0,52.0,9.2,49.9,249.5,6460
063222,CEDID CIUDAD BOLIVAR,BOGOTÁ D.C.,2020,73,50.0,50.0,46.0,45.0,42.0,9.0,47.3,236.5,6628
063222,CEDID CIUDAD BOLIVAR,BOGOTÁ D.C.,2021,53,54.0,53.0,48.0,49.0,51.0,8.6,51.0,255.0,3809
063222,CEDID CIUDAD BOLIVAR,BOGOTÁ D.C.,2022,74,51.0,50.0,46.0,48.0,46.0,9.4,48.5,242.5,6461
063222,CEDID CIUDAD BOLIVAR,BOGOTÁ D.C.,2023,87,51.0,49.0,46.0,47.0,48.0,9.0,48.2,241.0,7120
063222,CEDID CIUDAD BOLIVAR,BOGOTÁ D.C.,2024,84,51.0,53.0,46.0,49.0,50.0,9.4,49.8,249.0,6319
063222,CEDID CIUDAD BOLIVAR,BOGOTÁ D.C.,2025,76,51.0,51.0,44.0,49.0,49.0,9.2,48.8,244.0,7151
165274,POLITECNICO MAYOR ANDINO,BOGOTÁ D.C.,2020,9,55.0,52.0,51.0,48.0,45.0,8.0,51.0,255.0,3849
165274,POLITECNICO MAYOR ANDINO,BOGOTÁ D.C.,2021,9,47.0,43.0,43.0,45.0,47.0,10.2,44.7,223.5,8436
165274,POLITECNICO MAYOR ANDINO,BOGOTÁ D.C.,2022,11,50.0,51.0,47.0,48.0,52.0,10.2,49.2,246.0,5890
165274,POLITECNICO MAYOR ANDINO,BOGOTÁ D.C.,2023,19,53.0,54.0,52.0,52.0,52.0,10.4,52.7,263.5,4004
165274,POLITECNICO MAYOR ANDINO,BOGOTÁ D.C.,2024,10,52.0,49.0,42.0,46.0,55.0,9.0,47.8,239.0,7653
165274,POLITECNICO MAYOR ANDINO,BOGOTÁ D.C.,2025,31,51.0,50.0,46.0,49.0,51.0,10.2,49.2,246.0,6856
159988,COLEGIO DISTRITAL CHARRY (IED) - SEDE PRINCIPAL,BOGOTÁ D.C.,2020,63,53.0,50.0,50.0,49.0,48.0,9.6,50.3,251.5,4329
159988,COLEGIO DISTRITAL CHARRY (IED) - SEDE PRINCIPAL,BOGOTÁ D.C.,2021,58,52.0,49.0,46.0,49.0,50.0,9.2,49.1,245.5,5101
159988,COLEGIO DISTRITAL CHARRY (IED) - SEDE PRINCIPAL,BOGOTÁ D.C.,2022,43,55.0,50.0,50.0,51.0,54.0,10.2,51.7,258.5,4254
159988,COLEGIO DISTRITAL CHARRY (IED) - SEDE PRINCIPAL,BOGOTÁ D.C.,2023,50,53.0,48.0,47.0,49.0,51.0,9.2,49.4,247.0,6222
159988,COLEGIO DISTRITAL CHARRY (IED) - SEDE PRINCIPAL,BOGOTÁ D.C.,2024,42,55.0,52.0,50.0,50.0,54.0,10.2,51.9,259.5,4944
159988,COLEGIO DISTRITAL CHARRY (IED) - SEDE PRINCIPAL,BOGOTÁ D.C.,2025,40,53.0,49.0,48.0,49.0,52.0,9.2,49.9,249.5,6460
214387,CENT EDUC DIST MANUEL DEL SOCORRO RODRIGUEZ,BOGOTÁ D.C.,2020,99,53.0,52.0,49.0,48.0,48.0,9.8,50.3,251.5,4329
214387,CENT EDUC DIST MANUEL DEL SOCORRO RODRIGUEZ,BOGOTÁ D.C.,2021,107,55.0,52.0,49.0,50.0,51.0,10.0,51.5,257.5,3586
214387,CENT EDUC DIST MANUEL DEL SOCORRO RODRIGUEZ,BOGOTÁ D.C.,2022,117,56.0,53.0,49.0,50.0,54.0,9.2,52.2,261.0,3916
214387,CENT EDUC DIST MANUEL DEL SOCORRO RODRIGUEZ,BOGOTÁ D.C.,2023,111,56.0,53.0,50.0,51.0,52.0,9.6,52.5,262.5,4159
214387,CENT EDUC DIST MANUEL DEL SOCORRO RODRIGUEZ,BOGOTÁ D.C.,2024,130,56.0,55.0,49.0,52.0,55.0,10.0,53.2,266.0,4012
214387,CENT EDUC DIST MANUEL DEL SOCORRO RODRIGUEZ,BOGOTÁ D.C.,2025,103,53.0,52.0,46.0,49.0,52.0,9.6,50.2,251.0,6168
216267,CENT EDUC DIST COMPARTIR LUCERO ALTO,BOGOTÁ D.C.,2020,15,49.0,47.0,46.0,45.0,40.0,7.0,46.2,231.0,7395
216267,CENT EDUC DIST COMPARTIR LUCERO ALTO,BOGOTÁ D.C.,2021,17,0.0,0.0,0.0,0.0,40.0,1.4,3.1,15.5,14337
216267,CENT EDUC DIST COMPARTIR LUCERO ALTO,BOGOTÁ D.C.,2021,20,44.0,43.0,39.0,41.0,0.0,7.2,38.5,192.5,12581
216267,CENT EDUC DIST COMPARTIR LUCERO ALTO,BOGOTÁ D.C.,2022,14,47.0,47.0,44.0,47.0,0.0,7.4,42.7,213.5,10601
216267,CENT EDUC DIST COMPARTIR LUCERO ALTO,BOGOTÁ D.C.,2022,12,0.0,0.0,0.0,0.0,47.0,2.2,3.6,18.0,14398
216267,CENT EDUC DIST COMPARTIR LUCERO ALTO,BOGOTÁ D.C.,2023,14,49.0,47.0,45.0,45.0,0.0,6.8,42.9,214.5,11047
216267,CENT EDUC DIST COMPARTIR LUCERO ALTO,BOGOTÁ D.C.,2023,13,0.0,0.0,0.0,0.0,49.0,1.4,3.8,19.0,14569
216267,CENT EDUC DIST COMPARTIR LUCERO ALTO,BOGOTÁ D.C.,2024,15,51.0,46.0,43.0,45.0,48.0,10.6,46.4,232.0,8665
216267,CENT EDUC DIST COMPARTIR LUCERO ALTO,BOGOTÁ D.C.,2025,47,55.0,52.0,47.0,49.0,0.0,7.6,46.8,234.0,8454
216267,CENT EDUC DIST COMPARTIR LUCERO ALTO,BOGOTÁ D.C.,2025,46,0.0,0.0,0.0,0.0,50.0,1.6,3.8,19.0,14764
821033,COLEGIO ESCUELA NACIONAL DE COMERCIO (IED),BOGOTÁ D.C.,2025,56,55.0,51.0,48.0,49.0,50.0,10.2,50.7,253.5,5916
098723,CENT EDUC DIST SIERRA MORENA,BOGOTÁ D.C.,2020,108,50.0,48.0,43.0,45.0,43.0,9.0,46.2,231.0,7395
098723,CENT EDUC DIST SIERRA MORENA,BOGOTÁ D.C.,2021,94,50.0,48.0,43.0,45.0,44.0,9.2,46.3,231.5,7214
098723,CENT EDUC DIST SIERRA MORENA,BOGOTÁ D.C.,2022,98,50.0,48.0,44.0,47.0,47.0,8.8,47.2,236.0,7300
098723,CENT EDUC DIST SIERRA MORENA,BOGOTÁ D.C.,2023,92,51.0,48.0,46.0,49.0,48.0,9.0,48.5,242.5,6970
098723,CENT EDUC DIST SIERRA MORENA,BOGOTÁ D.C.,2024,99,51.0,50.0,44.0,47.0,47.0,9.6,47.9,239.5,7653
098723,CENT EDUC DIST SIERRA MORENA,BOGOTÁ D.C.,2025,100,52.0,52.0,45.0,49.0,50.0,9.8,49.5,247.5,6695
048751,COLEGIO PRINCIPE DE PAZ,BOGOTÁ D.C.,2020,41,54.0,57.0,52.0,53.0,49.0,9.8,53.6,268.0,2515
048751,COLEGIO PRINCIPE DE PAZ,BOGOTÁ D.C.,2021,40,57.0,53.0,51.0,52.0,54.0,9.2,53.3,266.5,2723
048751,COLEGIO PRINCIPE DE PAZ,BOGOTÁ D.C.,2022,55,53.0,49.0,46.0,48.0,51.0,9.6,49.2,246.0,5890
048751,COLEGIO PRINCIPE DE PAZ,BOGOTÁ D.C.,2023,48,53.0,52.0,47.0,49.0,52.0,9.0,50.4,252.0,5515
048751,COLEGIO PRINCIPE DE PAZ,BOGOTÁ D.C.,2024,55,54.0,53.0,50.0,51.0,54.0,10.0,52.2,261.0,4672
048751,COLEGIO PRINCIPE DE PAZ,BOGOTÁ D.C.,2025,57,53.0,52.0,48.0,49.0,53.0,8.6,50.7,253.5,5916
051904,COL DIST EDUC BAS Y MEDIA GENERAL SANTANDER,BOGOTÁ D.C.,2020,47,53.0,51.0,48.0,49.0,47.0,9.2,50.0,250.0,4470
051904,COL DIST EDUC BAS Y MEDIA GENERAL SANTANDER,BOGOTÁ D.C.,2021,46,53.0,47.0,47.0,46.0,50.0,9.2,48.4,242.0,5521
051904,COL DIST EDUC BAS Y MEDIA GENERAL SANTANDER,BOGOTÁ D.C.,2022,71,53.0,49.0,48.0,48.0,50.0,9.8,49.5,247.5,5730
051904,COL DIST EDUC BAS Y MEDIA GENERAL SANTANDER,BOGOTÁ D.C.,2023,62,50.0,52.0,49.0,51.0,52.0,9.6,50.6,253.0,5365
051904,COL DIST EDUC BAS Y MEDIA GENERAL SANTANDER,BOGOTÁ D.C.,2024,41,52.0,49.0,47.0,49.0,52.0,10.6,49.5,247.5,6570
051904,COL DIST EDUC BAS Y MEDIA GENERAL SANTANDER,BOGOTÁ D.C.,2025,43,53.0,50.0,47.0,49.0,52.0,9.2,49.9,249.5,6460
067140,COL DIST EDUC BAS Y MEDIA ALBERTO LLERAS CAMARGO,BOGOTÁ D.C.,2020,100,52.0,52.0,49.0,50.0,47.0,8.8,50.5,252.5,4217
067140,COL DIST EDUC BAS Y MEDIA ALBERTO LLERAS CAMARGO,BOGOTÁ D.C.,2021,102,53.0,50.0,47.0,48.0,50.0,9.4,49.5,247.5,4807
067140,COL DIST EDUC BAS Y MEDIA ALBERTO LLERAS CAMARGO,BOGOTÁ D.C.,2022,121,54.0,51.0,49.0,50.0,51.0,10.8,51.0,255.0,4637
067140,COL DIST EDUC BAS Y MEDIA ALBERTO LLERAS CAMARGO,BOGOTÁ D.C.,2023,112,54.0,51.0,50.0,52.0,53.0,9.8,51.8,259.0,4545
067140,COL DIST EDUC BAS Y MEDIA ALBERTO LLERAS CAMARGO,BOGOTÁ D.C.,2024,114,54.0,53.0,51.0,51.0,55.0,9.4,52.5,262.5,4539
067140,COL DIST EDUC BAS Y MEDIA ALBERTO LLERAS CAMARGO,BOGOTÁ D.C.,2025,116,52.0,50.0,46.0,49.0,52.0,9.2,49.5,247.5,6695
020800,COL DIST JOSE MARIA CORDOBA,BOGOTÁ D.C.,2025,68,54.0,50.0,47.0,49.0,53.0,10.0,50.2,251.0,6168
180745,INST LABERINTO DE LA CULTURA,BOGOTÁ D.C.,2020,6,50.0,41.0,48.0,43.0,44.0,10.2,45.4,227.0,8016
180745,INST LABERINTO DE LA CULTURA,BOGOTÁ D.C.,2021,6,56.0,56.0,51.0,53.0,59.0,8.6,54.4,272.0,2303
180745,INST LABERINTO DE LA CULTURA,BOGOTÁ D.C.,2022,9,56.0,51.0,50.0,49.0,46.0,8.6,51.1,255.5,4637
180745,INST LABERINTO DE LA CULTURA,BOGOTÁ D.C.,2023,12,55.0,54.0,55.0,54.0,61.0,8.0,55.0,275.0,2759
180745,INST LABERINTO DE LA CULTURA,BOGOTÁ D.C.,2024,19,53.0,50.0,45.0,50.0,53.0,7.6,49.8,249.0,6319
180745,INST LABERINTO DE LA CULTURA,BOGOTÁ D.C.,2025,22,55.0,51.0,47.0,49.0,51.0,10.0,50.5,252.5,6041
601260,LIC PSICOPEDAG SAN PABLO - SEDE PRINCIPAL,BOGOTÁ D.C.,2021,8,61.0,51.0,54.0,50.0,58.0,7.4,54.3,271.5,2374
601260,LIC PSICOPEDAG SAN PABLO - SEDE PRINCIPAL,BOGOTÁ D.C.,2022,23,54.0,47.0,48.0,49.0,51.0,10.2,49.6,248.0,5613
601260,LIC PSICOPEDAG SAN PABLO - SEDE PRINCIPAL,BOGOTÁ D.C.,2023,32,55.0,51.0,50.0,50.0,55.0,8.4,51.8,259.0,4545
601260,LIC PSICOPEDAG SAN PABLO - SEDE PRINCIPAL,BOGOTÁ D.C.,2024,27,56.0,51.0,46.0,48.0,52.0,10.6,50.4,252.0,5878
601260,LIC PSICOPEDAG SAN PABLO - SEDE PRINCIPAL,BOGOTÁ D.C.,2025,32,53.0,49.0,45.0,49.0,51.0,10.0,49.2,246.0,6856
741405,CENT EDUC DIST LA BELLEZA,BOGOTÁ D.C.,2020,35,51.0,48.0,47.0,48.0,44.0,7.6,48.2,241.0,5792
741405,CENT EDUC DIST LA BELLEZA,BOGOTÁ D.C.,2021,63,48.0,46.0,43.0,45.0,47.0,8.0,45.6,228.0,7684
741405,CENT EDUC DIST LA BELLEZA,BOGOTÁ D.C.,2022,34,52.0,51.0,46.0,49.0,49.0,8.2,49.5,247.5,5730
741405,CENT EDUC DIST LA BELLEZA,BOGOTÁ D.C.,2023,27,55.0,51.0,49.0,50.0,54.0,9.2,51.5,257.5,4796
741405,CENT EDUC DIST LA BELLEZA,BOGOTÁ D.C.,2024,27,54.0,52.0,49.0,50.0,50.0,8.6,51.2,256.0,5338
741405,CENT EDUC DIST LA BELLEZA,BOGOTÁ D.C.,2025,35,52.0,51.0,46.0,49.0,51.0,8.6,49.6,248.0,6584
740803,COLEGIO MIGUEL ANGEL ASTURIAS,BOGOTÁ D.C.,2020,36,54.0,54.0,50.0,50.0,49.0,9.4,51.8,259.0,3398
740803,COLEGIO MIGUEL ANGEL ASTURIAS,BOGOTÁ D.C.,2021,38,54.0,50.0,49.0,50.0,50.0,10.0,50.7,253.5,4050
740803,COLEGIO MIGUEL ANGEL ASTURIAS,BOGOTÁ D.C.,2022,59,59.0,57.0,54.0,53.0,57.0,8.6,55.8,279.0,2287
740803,COLEGIO MIGUEL ANGEL ASTURIAS,BOGOTÁ D.C.,2023,42,55.0,56.0,50.0,53.0,57.0,10.8,53.8,269.0,3317
740803,COLEGIO MIGUEL ANGEL ASTURIAS,BOGOTÁ D.C.,2024,32,60.0,57.0,54.0,53.0,59.0,9.6,56.2,281.0,2581
740803,COLEGIO MIGUEL ANGEL ASTURIAS,BOGOTÁ D.C.,2025,20,55.0,52.0,47.0,49.0,56.0,7.8,51.2,256.0,5505
112920,CENT EDUC DIST NUEVA COLOMBIA,BOGOTÁ D.C.,2020,151,53.0,52.0,48.0,48.0,48.0,9.4,50.1,250.5,4470
112920,CENT EDUC DIST NUEVA COLOMBIA,BOGOTÁ D.C.,2021,132,53.0,51.0,47.0,47.0,49.0,9.0,49.5,247.5,4807
112920,CENT EDUC DIST NUEVA COLOMBIA,BOGOTÁ D.C.,2022,143,54.0,51.0,49.0,50.0,51.0,9.2,51.0,255.0,4637
112920,CENT EDUC DIST NUEVA COLOMBIA,BOGOTÁ D.C.,2023,187,51.0,49.0,47.0,49.0,51.0,9.4,49.2,246.0,6365
112920,CENT EDUC DIST NUEVA COLOMBIA,BOGOTÁ D.C.,2024,164,54.0,49.0,47.0,49.0,52.0,9.6,49.9,249.5,6319
112920,CENT EDUC DIST NUEVA COLOMBIA,BOGOTÁ D.C.,2025,171,53.0,50.0,47.0,49.0,52.0,8.6,49.9,249.5,6460
133447,COLEGIO MARIA MERCEDES CARRANZA (I.E.D),BOGOTÁ D.C.,2020,80,52.0,52.0,48.0,48.0,48.0,8.8,49.8,249.0,4600
133447,COLEGIO MARIA MERCEDES CARRANZA (I.E.D),BOGOTÁ D.C.,2021,129,52.0,48.0,47.0,47.0,48.0,9.4,48.5,242.5,5521
133447,COLEGIO MARIA MERCEDES CARRANZA (I.E.D),BOGOTÁ D.C.,2022,88,54.0,52.0,48.0,49.0,52.0,9.6,50.8,254.0,4769
133447,COLEGIO MARIA MERCEDES CARRANZA (I.E.D),BOGOTÁ D.C.,2023,119,52.0,51.0,49.0,49.0,51.0,9.2,50.3,251.5,5651
133447,COLEGIO MARIA MERCEDES CARRANZA (I.E.D),BOGOTÁ D.C.,2024,93,54.0,53.0,48.0,50.0,52.0,9.6,51.3,256.5,5338
133447,COLEGIO MARIA MERCEDES CARRANZA (I.E.D),BOGOTÁ D.C.,2025,116,55.0,52.0,49.0,49.0,55.0,9.8,51.5,257.5,5365
141275,COLEGIO MANUEL ZAPATA OLIVELLA (IED),BOGOTÁ D.C.,2020,53,53.0,52.0,48.0,49.0,45.0,7.8,50.1,250.5,4470
141275,COLEGIO MANUEL ZAPATA OLIVELLA (IED),BOGOTÁ D.C.,2021,46,50.0,48.0,43.0,46.0,47.0,7.6,46.8,234.0,6752
141275,COLEGIO MANUEL ZAPATA OLIVELLA (IED),BOGOTÁ D.C.,2022,56,54.0,50.0,49.0,50.0,51.0,9.2,50.8,254.0,4769
141275,COLEGIO MANUEL ZAPATA OLIVELLA (IED),BOGOTÁ D.C.,2023,65,54.0,53.0,47.0,49.0,51.0,9.0,50.8,254.0,5222
141275,COLEGIO MANUEL ZAPATA OLIVELLA (IED),BOGOTÁ D.C.,2024,61,53.0,51.0,47.0,50.0,52.0,8.8,50.4,252.0,5878
141275,COLEGIO MANUEL ZAPATA OLIVELLA (IED),BOGOTÁ D.C.,2025,67,52.0,52.0,45.0,49.0,56.0,8.2,50.0,250.0,6304
045096,COL DIST EDUC BAS Y MEDIA JUAN EVANGELISTA GOMEZ,BOGOTÁ D.C.,2020,25,53.0,51.0,48.0,48.0,46.0,7.8,49.7,248.5,4747
045096,COL DIST EDUC BAS Y MEDIA JUAN EVANGELISTA GOMEZ,BOGOTÁ D.C.,2021,41,52.0,48.0,46.0,48.0,46.0,9.2,48.3,241.5,5675
045096,COL DIST EDUC BAS Y MEDIA JUAN EVANGELISTA GOMEZ,BOGOTÁ D.C.,2022,40,53.0,52.0,47.0,50.0,51.0,8.6,50.5,252.5,5035
045096,COL DIST EDUC BAS Y MEDIA JUAN EVANGELISTA GOMEZ,BOGOTÁ D.C.,2023,50,53.0,51.0,47.0,49.0,51.0,8.4,50.1,250.5,5788
045096,COL DIST EDUC BAS Y MEDIA JUAN EVANGELISTA GOMEZ,BOGOTÁ D.C.,2024,45,55.0,54.0,47.0,51.0,51.0,9.6,51.7,258.5,5086
045096,COL DIST EDUC BAS Y MEDIA JUAN EVANGELISTA GOMEZ,BOGOTÁ D.C.,2025,47,54.0,52.0,47.0,49.0,50.0,9.6,50.5,252.5,6041
604207,LICEO MODERNO LEEUWENHOEK - SEDE PRINCIPAL,BOGOTÁ D.C.,2020,17,55.0,54.0,49.0,51.0,53.0,9.0,52.3,261.5,3178
604207,LICEO MODERNO LEEUWENHOEK - SEDE PRINCIPAL,BOGOTÁ D.C.,2021,10,55.0,50.0,48.0,47.0,55.0,9.4,50.4,252.0,4180
604207,LICEO MODERNO LEEUWENHOEK - SEDE PRINCIPAL,BOGOTÁ D.C.,2022,28,54.0,47.0,50.0,49.0,56.0,9.2,50.5,252.5,5035
604207,LICEO MODERNO LEEUWENHOEK - SEDE PRINCIPAL,BOGOTÁ D.C.,2023,23,52.0,50.0,46.0,47.0,51.0,8.6,48.9,244.5,6653
604207,LICEO MODERNO LEEUWENHOEK - SEDE PRINCIPAL,BOGOTÁ D.C.,2024,24,55.0,54.0,49.0,50.0,57.0,8.4,52.4,262.0,4539
604207,LICEO MODERNO LEEUWENHOEK - SEDE PRINCIPAL,BOGOTÁ D.C.,2025,17,53.0,51.0,45.0,49.0,56.0,8.8,50.0,250.0,6304
752311,COLEGIO EL NOGAL (IED) - SEDE PRINCIPAL,BOGOTÁ D.C.,2021,25,55.0,50.0,49.0,51.0,49.0,8.6,51.1,255.5,3809
752311,COLEGIO EL NOGAL (IED) - SEDE PRINCIPAL,BOGOTÁ D.C.,2022,56,52.0,50.0,46.0,48.0,47.0,9.8,48.8,244.0,6169
752311,COLEGIO EL NOGAL (IED) - SEDE PRINCIPAL,BOGOTÁ D.C.,2023,68,55.0,54.0,49.0,53.0,52.0,10.4,52.7,263.5,4004
752311,COLEGIO EL NOGAL (IED) - SEDE PRINCIPAL,BOGOTÁ D.C.,2024,68,56.0,54.0,50.0,51.0,53.0,10.4,52.8,264.0,4262
752311,COLEGIO EL NOGAL (IED) - SEDE PRINCIPAL,BOGOTÁ D.C.,2025,59,56.0,55.0,50.0,49.0,54.0,10.2,52.6,263.0,4556
741322,CENT EDUC DIST RAFAEL NUÑEZ,BOGOTÁ D.C.,2020,41,58.0,55.0,55.0,52.0,50.0,9.0,54.6,273.0,2144
741322,CENT EDUC DIST RAFAEL NUÑEZ,BOGOTÁ D.C.,2021,49,55.0,54.0,50.0,51.0,52.0,10.2,52.5,262.5,3083
741322,CENT EDUC DIST RAFAEL NUÑEZ,BOGOTÁ D.C.,2022,66,55.0,52.0,49.0,49.0,52.0,9.0,51.3,256.5,4486
741322,CENT EDUC DIST RAFAEL NUÑEZ,BOGOTÁ D.C.,2023,32,55.0,53.0,50.0,50.0,54.0,9.2,52.2,261.0,4277
741322,CENT EDUC DIST RAFAEL NUÑEZ,BOGOTÁ D.C.,2024,46,54.0,56.0,49.0,51.0,54.0,9.6,52.6,263.0,4413
741322,CENT EDUC DIST RAFAEL NUÑEZ,BOGOTÁ D.C.,2025,45,55.0,53.0,48.0,49.0,52.0,10.2,51.3,256.5,5505
820936,COLEGIO FELIZA BURSZTYN (IED) - SEDE PRINCIPAL,BOGOTÁ D.C.,2025,55,55.0,51.0,48.0,49.0,55.0,10.6,51.1,255.5,5642
149682,COLEGIO MAYOR PRIMEROS MAESTROS,BOGOTÁ D.C.,2020,8,53.0,56.0,55.0,53.0,61.0,12.4,54.8,274.0,2076
149682,COLEGIO MAYOR PRIMEROS MAESTROS,BOGOTÁ D.C.,2021,6,57.0,55.0,53.0,51.0,69.0,9.6,55.2,276.0,2063
149682,COLEGIO MAYOR PRIMEROS MAESTROS,BOGOTÁ D.C.,2022,18,56.0,58.0,53.0,53.0,59.0,12.6,55.3,276.5,2495
149682,COLEGIO MAYOR PRIMEROS MAESTROS,BOGOTÁ D.C.,2023,9,60.0,56.0,56.0,53.0,65.0,10.0,56.9,284.5,2119
149682,COLEGIO MAYOR PRIMEROS MAESTROS,BOGOTÁ D.C.,2024,17,58.0,53.0,53.0,51.0,62.0,11.6,54.4,272.0,3348
149682,COLEGIO MAYOR PRIMEROS MAESTROS,BOGOTÁ D.C.,2025,13,57.0,54.0,52.0,49.0,58.0,11.0,53.4,267.0,4079
098608,CENT EDUC DIST NUEVA DELHI,BOGOTÁ D.C.,2020,24,48.0,47.0,45.0,43.0,45.0,9.0,45.7,228.5,7845
098608,CENT EDUC DIST NUEVA DELHI,BOGOTÁ D.C.,2021,18,48.0,45.0,43.0,45.0,47.0,11.2,45.4,227.0,7846
098608,CENT EDUC DIST NUEVA DELHI,BOGOTÁ D.C.,2022,16,46.0,44.0,43.0,44.0,43.0,8.4,44.2,221.0,9439
098608,CENT EDUC DIST NUEVA DELHI,BOGOTÁ D.C.,2023,19,49.0,48.0,45.0,48.0,49.0,7.0,47.6,238.0,7562
098608,CENT EDUC DIST NUEVA DELHI,BOGOTÁ D.C.,2024,19,48.0,43.0,42.0,44.0,48.0,10.0,44.5,222.5,9992
098608,CENT EDUC DIST NUEVA DELHI,BOGOTÁ D.C.,2025,23,53.0,50.0,45.0,49.0,50.0,8.0,49.3,246.5,6856
107276,CENT EDUC DIST ALVARO GOMEZ HURTADO,BOGOTÁ D.C.,2020,88,52.0,50.0,47.0,47.0,45.0,9.4,48.7,243.5,5473
107276,CENT EDUC DIST ALVARO GOMEZ HURTADO,BOGOTÁ D.C.,2021,104,51.0,48.0,45.0,47.0,48.0,9.0,47.8,239.0,5974
107276,CENT EDUC DIST ALVARO GOMEZ HURTADO,BOGOTÁ D.C.,2022,89,51.0,48.0,47.0,47.0,50.0,8.8,48.4,242.0,6461
107276,CENT EDUC DIST ALVARO GOMEZ HURTADO,BOGOTÁ D.C.,2023,113,52.0,49.0,48.0,48.0,52.0,10.0,49.5,247.5,6222
107276,CENT EDUC DIST ALVARO GOMEZ HURTADO,BOGOTÁ D.C.,2024,77,52.0,49.0,45.0,48.0,51.0,8.6,48.7,243.5,7132
107276,CENT EDUC DIST ALVARO GOMEZ HURTADO,BOGOTÁ D.C.,2025,72,53.0,51.0,47.0,49.0,53.0,9.4,50.2,251.0,6168
168419,COLEGIO CIUDAD BOLIVAR - ARGENTINA (IED) - SEDE PRINCIPAL,BOGOTÁ D.C.,2020,69,55.0,56.0,50.0,50.0,44.0,9.2,52.1,260.5,3291
168419,COLEGIO CIUDAD BOLIVAR - ARGENTINA (IED) - SEDE PRINCIPAL,BOGOTÁ D.C.,2021,58,53.0,52.0,47.0,49.0,48.0,8.8,50.1,250.5,4448
168419,COLEGIO CIUDAD BOLIVAR - ARGENTINA (IED) - SEDE PRINCIPAL,BOGOTÁ D.C.,2022,61,54.0,51.0,48.0,50.0,48.0,9.4,50.5,252.5,5035
168419,COLEGIO CIUDAD BOLIVAR - ARGENTINA (IED) - SEDE PRINCIPAL,BOGOTÁ D.C.,2023,57,54.0,55.0,49.0,52.0,50.0,8.2,52.3,261.5,4277
168419,COLEGIO CIUDAD BOLIVAR - ARGENTINA (IED) - SEDE PRINCIPAL,BOGOTÁ D.C.,2024,68,53.0,51.0,47.0,49.0,49.0,9.2,49.9,249.5,6319
168419,COLEGIO CIUDAD BOLIVAR - ARGENTINA (IED) - SEDE PRINCIPAL,BOGOTÁ D.C.,2025,72,51.0,49.0,46.0,49.0,49.0,9.8,48.8,244.0,7151
063131,CENT EDUC DIST LA CONCORDIA,BOGOTÁ D.C.,2020,20,54.0,47.0,49.0,46.0,43.0,10.4,48.5,242.5,5639
063131,CENT EDUC DIST LA CONCORDIA,BOGOTÁ D.C.,2021,24,49.0,46.0,48.0,46.0,45.0,9.4,47.1,235.5,6590
063131,CENT EDUC DIST LA CONCORDIA,BOGOTÁ D.C.,2022,23,49.0,46.0,46.0,44.0,44.0,9.2,46.1,230.5,8146
063131,CENT EDUC DIST LA CONCORDIA,BOGOTÁ D.C.,2023,27,51.0,45.0,44.0,46.0,49.0,10.0,46.7,233.5,8304
063131,CENT EDUC DIST LA CONCORDIA,BOGOTÁ D.C.,2024,22,51.0,46.0,46.0,46.0,46.0,10.4,47.2,236.0,8101
063131,CENT EDUC DIST LA CONCORDIA,BOGOTÁ D.C.,2025,14,51.0,45.0,47.0,49.0,0.0,10.0,44.3,221.5,10255
063131,CENT EDUC DIST LA CONCORDIA,BOGOTÁ D.C.,2025,13,0.0,0.0,0.0,0.0,49.0,2.4,3.8,19.0,14764
080093,COL SUPERIOR DE OCCIDENTE,BOGOTÁ D.C.,2020,30,57.0,53.0,52.0,49.0,48.0,9.2,52.4,262.0,3075
080093,COL SUPERIOR DE OCCIDENTE,BOGOTÁ D.C.,2021,28,54.0,50.0,47.0,49.0,50.0,10.6,50.0,250.0,4448
080093,COL SUPERIOR DE OCCIDENTE,BOGOTÁ D.C.,2022,22,55.0,52.0,51.0,49.0,50.0,9.4,51.6,258.0,4254
080093,COL SUPERIOR DE OCCIDENTE,BOGOTÁ D.C.,2023,16,55.0,51.0,46.0,51.0,52.0,9.4,50.8,254.0,5222
080093,COL SUPERIOR DE OCCIDENTE,BOGOTÁ D.C.,2024,19,55.0,50.0,50.0,53.0,53.0,10.0,52.1,260.5,4813
080093,COL SUPERIOR DE OCCIDENTE,BOGOTÁ D.C.,2025,27,55.0,51.0,49.0,49.0,54.0,9.0,51.2,256.0,5505
141986,COL JOSE MARIA VARGAS VILA (INS EDUC DIST),BOGOTÁ D.C.,2020,52,51.0,49.0,47.0,45.0,43.0,8.6,47.6,238.0,6291
141986,COL JOSE MARIA VARGAS VILA (INS EDUC DIST),BOGOTÁ D.C.,2021,58,51.0,47.0,44.0,47.0,44.0,9.2,47.0,235.0,6590
141986,COL JOSE MARIA VARGAS VILA (INS EDUC DIST),BOGOTÁ D.C.,2022,87,49.0,46.0,44.0,46.0,44.0,9.0,46.1,230.5,8146
141986,COL JOSE MARIA VARGAS VILA (INS EDUC DIST),BOGOTÁ D.C.,2023,73,53.0,51.0,48.0,48.0,47.0,9.0,49.8,249.0,5939
141986,COL JOSE MARIA VARGAS VILA (INS EDUC DIST),BOGOTÁ D.C.,2024,60,51.0,49.0,45.0,48.0,48.0,9.8,48.2,241.0,7387
141986,COL JOSE MARIA VARGAS VILA (INS EDUC DIST),BOGOTÁ D.C.,2025,78,52.0,51.0,45.0,49.0,46.0,8.8,49.0,245.0,6994
090761,CENT EDUC DIST LA GAITANA,BOGOTÁ D.C.,2020,69,51.0,49.0,47.0,48.0,47.0,8.6,48.6,243.0,5473
090761,CENT EDUC DIST LA GAITANA,BOGOTÁ D.C.,2021,64,53.0,48.0,49.0,50.0,52.0,9.0,50.2,251.0,4303
090761,CENT EDUC DIST LA GAITANA,BOGOTÁ D.C.,2022,74,53.0,50.0,50.0,49.0,51.0,9.8,50.5,252.5,5035
090761,CENT EDUC DIST LA GAITANA,BOGOTÁ D.C.,2023,86,51.0,49.0,46.0,47.0,50.0,9.0,48.4,242.0,6970
090761,CENT EDUC DIST LA GAITANA,BOGOTÁ D.C.,2024,88,54.0,50.0,49.0,50.0,52.0,9.6,50.8,254.0,5600
090761,CENT EDUC DIST LA GAITANA,BOGOTÁ D.C.,2025,78,53.0,54.0,47.0,49.0,51.0,9.8,50.8,254.0,5767
099036,CENT EDUC DIST FRANCISCO JAVIER MATIZ,BOGOTÁ D.C.,2020,49,51.0,49.0,44.0,47.0,48.0,9.4,47.8,239.0,6127
099036,CENT EDUC DIST FRANCISCO JAVIER MATIZ,BOGOTÁ D.C.,2021,66,52.0,47.0,46.0,46.0,50.0,8.6,47.9,239.5,5974
099036,CENT EDUC DIST FRANCISCO JAVIER MATIZ,BOGOTÁ D.C.,2022,78,52.0,49.0,48.0,47.0,51.0,9.4,49.2,246.0,5890
099036,CENT EDUC DIST FRANCISCO JAVIER MATIZ,BOGOTÁ D.C.,2023,63,54.0,51.0,48.0,49.0,52.0,8.8,50.6,253.0,5365
099036,CENT EDUC DIST FRANCISCO JAVIER MATIZ,BOGOTÁ D.C.,2024,38,57.0,52.0,49.0,50.0,53.0,9.8,52.1,260.5,4813
099036,CENT EDUC DIST FRANCISCO JAVIER MATIZ,BOGOTÁ D.C.,2025,55,54.0,54.0,46.0,49.0,54.0,9.4,51.0,255.0,5642
098855,CENT EDUC DIST REINO UNIDO DE HOLANDA,BOGOTÁ D.C.,2020,36,50.0,49.0,44.0,44.0,46.0,9.2,46.7,233.5,7087
098855,CENT EDUC DIST REINO UNIDO DE HOLANDA,BOGOTÁ D.C.,2021,48,52.0,48.0,47.0,46.0,47.0,10.0,48.2,241.0,5675
098855,CENT EDUC DIST REINO UNIDO DE HOLANDA,BOGOTÁ D.C.,2022,44,51.0,51.0,46.0,47.0,48.0,8.6,48.7,243.5,6313
098855,CENT EDUC DIST REINO UNIDO DE HOLANDA,BOGOTÁ D.C.,2023,33,53.0,50.0,48.0,49.0,48.0,8.6,49.8,249.0,5939
098855,CENT EDUC DIST REINO UNIDO DE HOLANDA,BOGOTÁ D.C.,2024,30,51.0,51.0,46.0,48.0,49.0,10.6,49.0,245.0,6835
098855,CENT EDUC DIST REINO UNIDO DE HOLANDA,BOGOTÁ D.C.,2025,30,52.0,50.0,47.0,49.0,52.0,10.6,49.7,248.5,6584
135343,COLEGIO EMMANUEL,BOGOTÁ D.C.,2020,8,58.0,56.0,51.0,51.0,50.0,9.6,53.7,268.5,2515
135343,COLEGIO EMMANUEL,BOGOTÁ D.C.,2021,13,63.0,57.0,58.0,56.0,64.0,7.8,58.9,294.5,1222
135343,COLEGIO EMMANUEL,BOGOTÁ D.C.,2022,12,56.0,54.0,49.0,50.0,57.0,10.2,52.6,263.0,3692
135343,COLEGIO EMMANUEL,BOGOTÁ D.C.,2023,16,57.0,49.0,52.0,52.0,57.0,8.8,52.8,264.0,3891
135343,COLEGIO EMMANUEL,BOGOTÁ D.C.,2024,10,59.0,59.0,57.0,56.0,61.0,8.0,58.0,290.0,1955
135343,COLEGIO EMMANUEL,BOGOTÁ D.C.,2025,7,54.0,52.0,45.0,49.0,50.0,12.6,50.0,250.0,6304
213322,SEDE B,BOGOTÁ D.C.,2020,39,52.0,51.0,49.0,48.0,48.0,9.2,49.8,249.0,4600
213322,SEDE B,BOGOTÁ D.C.,2021,48,51.0,45.0,43.0,44.0,48.0,9.0,45.9,229.5,7538
213322,SEDE B,BOGOTÁ D.C.,2022,40,54.0,50.0,48.0,50.0,55.0,9.6,50.8,254.0,4769
213322,SEDE B,BOGOTÁ D.C.,2023,62,53.0,50.0,47.0,49.0,53.0,10.6,50.0,250.0,5788
213322,SEDE B,BOGOTÁ D.C.,2024,48,54.0,48.0,48.0,51.0,57.0,10.4,50.8,254.0,5600
213322,SEDE B,BOGOTÁ D.C.,2025,63,54.0,52.0,46.0,49.0,58.0,10.4,50.8,254.0,5767
217414,CENT EDUC DIST MANUEL ELKIN PATARROYO,BOGOTÁ D.C.,2020,19,56.0,54.0,52.0,51.0,49.0,10.0,52.9,264.5,2872
217414,CENT EDUC DIST MANUEL ELKIN PATARROYO,BOGOTÁ D.C.,2021,16,52.0,50.0,46.0,49.0,49.0,11.4,49.2,246.0,4956
217414,CENT EDUC DIST MANUEL ELKIN PATARROYO,BOGOTÁ D.C.,2022,22,55.0,53.0,50.0,51.0,49.0,9.2,52.0,260.0,4028
217414,CENT EDUC DIST MANUEL ELKIN PATARROYO,BOGOTÁ D.C.,2023,19,56.0,55.0,49.0,53.0,55.0,12.6,53.4,267.0,3550
217414,CENT EDUC DIST MANUEL ELKIN PATARROYO,BOGOTÁ D.C.,2024,22,57.0,54.0,50.0,54.0,51.0,8.8,53.5,267.5,3886
217414,CENT EDUC DIST MANUEL ELKIN PATARROYO,BOGOTÁ D.C.,2025,27,51.0,52.0,45.0,49.0,53.0,9.8,49.5,247.5,6695
706150,COLEGIO TECNISISTEMAS - SEDE PRINCIPAL,BOGOTÁ D.C.,2020,41,51.0,48.0,47.0,46.0,44.0,9.2,47.7,238.5,6291
706150,COLEGIO TECNISISTEMAS - SEDE PRINCIPAL,BOGOTÁ D.C.,2021,44,54.0,50.0,48.0,48.0,51.0,9.0,50.1,250.5,4448
706150,COLEGIO TECNISISTEMAS - SEDE PRINCIPAL,BOGOTÁ D.C.,2022,65,54.0,53.0,49.0,51.0,52.0,9.6,51.8,259.0,4132
706150,COLEGIO TECNISISTEMAS - SEDE PRINCIPAL,BOGOTÁ D.C.,2023,44,53.0,47.0,46.0,47.0,52.0,9.6,48.5,242.5,6970
706150,COLEGIO TECNISISTEMAS - SEDE PRINCIPAL,BOGOTÁ D.C.,2024,28,52.0,50.0,48.0,48.0,52.0,10.0,49.7,248.5,6451
706150,COLEGIO TECNISISTEMAS - SEDE PRINCIPAL,BOGOTÁ D.C.,2025,37,52.0,50.0,45.0,49.0,52.0,10.8,49.2,246.0,6856
742494,COLEGIO FERNANDO GONZALEZ OCHOA,BOGOTÁ D.C.,2020,110,53.0,53.0,48.0,49.0,45.0,9.2,50.3,251.5,4329
742494,COLEGIO FERNANDO GONZALEZ OCHOA,BOGOTÁ D.C.,2021,107,52.0,50.0,47.0,49.0,47.0,9.0,49.3,246.5,4956
742494,COLEGIO FERNANDO GONZALEZ OCHOA,BOGOTÁ D.C.,2022,99,52.0,50.0,47.0,48.0,49.0,9.6,49.2,246.0,5890
742494,COLEGIO FERNANDO GONZALEZ OCHOA,BOGOTÁ D.C.,2023,111,53.0,52.0,48.0,50.0,50.0,9.2,50.7,253.5,5365
742494,COLEGIO FERNANDO GONZALEZ OCHOA,BOGOTÁ D.C.,2024,97,53.0,52.0,49.0,50.0,52.0,10.0,51.1,255.5,5458
742494,COLEGIO FERNANDO GONZALEZ OCHOA,BOGOTÁ D.C.,2025,107,52.0,50.0,46.0,49.0,50.0,9.2,49.3,246.5,6856
746669,COL TRIANGULO PALOQUEMAO,BOGOTÁ D.C.,2020,2,63.0,47.0,66.0,56.0,48.0,2.8,57.2,286.0,1471
746669,COL TRIANGULO PALOQUEMAO,BOGOTÁ D.C.,2021,3,48.0,45.0,43.0,42.0,47.0,6.2,44.7,223.5,8436
746669,COL TRIANGULO PALOQUEMAO,BOGOTÁ D.C.,2023,2,38.0,40.0,46.0,46.0,40.0,11.6,42.3,211.5,11411
746669,COL TRIANGULO PALOQUEMAO,BOGOTÁ D.C.,2024,1,40.0,35.0,26.0,42.0,34.0,0.0,35.6,178.0,13841
746669,COL TRIANGULO PALOQUEMAO,BOGOTÁ D.C.,2025,2,50.0,47.0,44.0,49.0,44.0,4.2,47.2,236.0,8215
817221,COLEGIO ATABANZHA (IED),BOGOTÁ D.C.,2024,92,54.0,52.0,47.0,49.0,52.0,8.8,50.6,253.0,5743
817221,COLEGIO ATABANZHA (IED),BOGOTÁ D.C.,2025,61,53.0,50.0,46.0,49.0,52.0,9.2,49.7,248.5,6584
048835,GIMNASIO CAMPESTRE DE GUILFORD,BOGOTÁ D.C.,2020,26,56.0,47.0,49.0,48.0,62.0,11.4,50.9,254.5,3960
048835,GIMNASIO CAMPESTRE DE GUILFORD,BOGOTÁ D.C.,2021,14,55.0,52.0,49.0,51.0,60.0,12.6,52.4,262.0,3083
048835,GIMNASIO CAMPESTRE DE GUILFORD,BOGOTÁ D.C.,2022,15,62.0,57.0,56.0,56.0,69.0,10.2,58.6,293.0,1521
048835,GIMNASIO CAMPESTRE DE GUILFORD,BOGOTÁ D.C.,2023,22,55.0,50.0,51.0,50.0,61.0,9.8,52.2,261.0,4277
048835,GIMNASIO CAMPESTRE DE GUILFORD,BOGOTÁ D.C.,2024,23,57.0,54.0,51.0,54.0,61.0,9.4,54.5,272.5,3348
048835,GIMNASIO CAMPESTRE DE GUILFORD,BOGOTÁ D.C.,2025,20,56.0,53.0,48.0,49.0,61.0,12.4,52.2,261.0,4808
020941,CENT EDUC DIST MIGUEL ANTONIO CARO,BOGOTÁ D.C.,2020,44,49.0,46.0,46.0,45.0,41.0,9.8,46.1,230.5,7550
020941,CENT EDUC DIST MIGUEL ANTONIO CARO,BOGOTÁ D.C.,2021,31,48.0,45.0,45.0,44.0,43.0,9.0,45.3,226.5,8008
020941,CENT EDUC DIST MIGUEL ANTONIO CARO,BOGOTÁ D.C.,2022,30,49.0,43.0,45.0,42.0,46.0,10.2,44.8,224.0,9016
020941,CENT EDUC DIST MIGUEL ANTONIO CARO,BOGOTÁ D.C.,2023,21,49.0,48.0,46.0,49.0,47.0,9.4,47.9,239.5,7429
020941,CENT EDUC DIST MIGUEL ANTONIO CARO,BOGOTÁ D.C.,2024,31,48.0,47.0,44.0,45.0,46.0,9.4,46.0,230.0,8903
020941,CENT EDUC DIST MIGUEL ANTONIO CARO,BOGOTÁ D.C.,2025,29,49.0,46.0,43.0,48.0,49.0,8.6,46.7,233.5,8585
072942,CENT EDUC DIST CONFEDERACION SUIZA,BOGOTÁ D.C.,2020,59,50.0,50.0,46.0,47.0,45.0,9.4,48.0,240.0,5968
072942,CENT EDUC DIST CONFEDERACION SUIZA,BOGOTÁ D.C.,2021,66,48.0,47.0,43.0,45.0,43.0,7.8,45.5,227.5,7846
072942,CENT EDUC DIST CONFEDERACION SUIZA,BOGOTÁ D.C.,2022,81,47.0,46.0,43.0,44.0,43.0,8.4,44.8,224.0,9016
072942,CENT EDUC DIST CONFEDERACION SUIZA,BOGOTÁ D.C.,2023,73,50.0,49.0,45.0,47.0,44.0,9.0,47.5,237.5,7719
072942,CENT EDUC DIST CONFEDERACION SUIZA,BOGOTÁ D.C.,2024,65,52.0,51.0,47.0,48.0,49.0,8.4,49.5,247.5,6570
072942,CENT EDUC DIST CONFEDERACION SUIZA,BOGOTÁ D.C.,2025,84,51.0,49.0,45.0,48.0,49.0,9.0,48.3,241.5,7525
105098,CENT EDUC DIST ACACIA II,BOGOTÁ D.C.,2020,84,52.0,51.0,47.0,47.0,45.0,9.4,48.9,244.5,5346
105098,CENT EDUC DIST ACACIA II,BOGOTÁ D.C.,2021,94,50.0,49.0,44.0,47.0,46.0,8.0,47.4,237.0,6250
105098,CENT EDUC DIST ACACIA II,BOGOTÁ D.C.,2022,94,54.0,51.0,49.0,50.0,50.0,8.6,50.9,254.5,4769
105098,CENT EDUC DIST ACACIA II,BOGOTÁ D.C.,2023,91,51.0,49.0,44.0,48.0,49.0,8.4,48.1,240.5,7281
105098,CENT EDUC DIST ACACIA II,BOGOTÁ D.C.,2024,95,53.0,50.0,46.0,48.0,49.0,8.4,49.2,246.0,6712
105098,CENT EDUC DIST ACACIA II,BOGOTÁ D.C.,2025,86,52.0,50.0,46.0,48.0,51.0,9.4,49.2,246.0,6856
090787,CENT EDUC DIST CLASS,BOGOTÁ D.C.,2020,60,51.0,49.0,47.0,47.0,45.0,9.2,48.2,241.0,5792
090787,CENT EDUC DIST CLASS,BOGOTÁ D.C.,2021,47,52.0,49.0,46.0,48.0,48.0,9.6,48.7,243.5,5381
090787,CENT EDUC DIST CLASS,BOGOTÁ D.C.,2022,51,49.0,47.0,44.0,45.0,49.0,8.0,46.5,232.5,7833
090787,CENT EDUC DIST CLASS,BOGOTÁ D.C.,2023,59,50.0,46.0,44.0,45.0,49.0,8.2,46.5,232.5,8456
090787,CENT EDUC DIST CLASS,BOGOTÁ D.C.,2024,57,51.0,48.0,45.0,46.0,49.0,7.8,47.6,238.0,7807
090787,CENT EDUC DIST CLASS,BOGOTÁ D.C.,2025,57,53.0,48.0,46.0,48.0,52.0,10.4,49.0,245.0,6994
170464,COLEGIO TALENTOS - SEDE PRINCIPAL,BOGOTÁ D.C.,2020,58,53.0,52.0,48.0,47.0,49.0,9.8,49.9,249.5,4600
170464,COLEGIO TALENTOS - SEDE PRINCIPAL,BOGOTÁ D.C.,2021,33,51.0,50.0,48.0,47.0,54.0,9.8,49.4,247.0,4807
170464,COLEGIO TALENTOS - SEDE PRINCIPAL,BOGOTÁ D.C.,2022,26,52.0,49.0,47.0,47.0,52.0,9.4,49.0,245.0,6031
170464,COLEGIO TALENTOS - SEDE PRINCIPAL,BOGOTÁ D.C.,2023,41,52.0,49.0,45.0,47.0,52.0,9.4,48.5,242.5,6970
170464,COLEGIO TALENTOS - SEDE PRINCIPAL,BOGOTÁ D.C.,2024,14,60.0,54.0,54.0,52.0,61.0,10.6,55.5,277.5,2888
170464,COLEGIO TALENTOS - SEDE PRINCIPAL,BOGOTÁ D.C.,2025,17,53.0,47.0,44.0,48.0,49.0,9.4,48.1,240.5,7658
706176,COLEGIO TECNISISTEMAS - SEDE PRINCIPAL,BOGOTÁ D.C.,2020,19,45.0,42.0,44.0,43.0,44.0,8.4,43.5,217.5,9587
706176,COLEGIO TECNISISTEMAS - SEDE PRINCIPAL,BOGOTÁ D.C.,2021,17,50.0,48.0,45.0,47.0,46.0,8.8,47.4,237.0,6250
706176,COLEGIO TECNISISTEMAS - SEDE PRINCIPAL,BOGOTÁ D.C.,2022,24,49.0,49.0,44.0,46.0,47.0,10.0,47.0,235.0,7420
706176,COLEGIO TECNISISTEMAS - SEDE PRINCIPAL,BOGOTÁ D.C.,2024,15,48.0,44.0,44.0,44.0,46.0,10.6,45.1,225.5,9611
706176,COLEGIO TECNISISTEMAS - SEDE PRINCIPAL,BOGOTÁ D.C.,2025,5,45.0,45.0,45.0,48.0,49.0,12.8,46.0,230.0,9016
732479,COLEGIO KUEPA CALLE 72 - SEDE PRINCIPAL,BOGOTÁ D.C.,2020,11,52.0,52.0,47.0,48.0,48.0,9.4,49.6,248.0,4747
732479,COLEGIO KUEPA CALLE 72 - SEDE PRINCIPAL,BOGOTÁ D.C.,2021,47,54.0,52.0,49.0,50.0,56.0,9.8,51.6,258.0,3478
732479,COLEGIO KUEPA CALLE 72 - SEDE PRINCIPAL,BOGOTÁ D.C.,2022,131,54.0,51.0,49.0,49.0,55.0,10.8,51.1,255.5,4637
732479,COLEGIO KUEPA CALLE 72 - SEDE PRINCIPAL,BOGOTÁ D.C.,2023,119,54.0,51.0,49.0,49.0,55.0,11.0,51.1,255.5,5082
732479,COLEGIO KUEPA CALLE 72 - SEDE PRINCIPAL,BOGOTÁ D.C.,2024,220,53.0,50.0,47.0,48.0,53.0,10.6,49.8,249.0,6319
732479,COLEGIO KUEPA CALLE 72 - SEDE PRINCIPAL,BOGOTÁ D.C.,2025,46,54.0,49.0,46.0,48.0,51.0,9.8,49.4,247.0,6695
813972,POLITECNICA COLOMBIANA - SEDE PRINCIPAL,BOGOTÁ D.C.,2024,6,51.0,45.0,41.0,42.0,48.0,13.0,45.0,225.0,9611
813972,POLITECNICA COLOMBIANA - SEDE PRINCIPAL,BOGOTÁ D.C.,2025,12,51.0,45.0,44.0,48.0,53.0,14.6,47.5,237.5,8078
062950,COL DIST EDUC BAS Y MEDIA EL VIRREY JOSE SOLIS,BOGOTÁ D.C.,2020,72,52.0,52.0,49.0,48.0,46.0,8.8,49.9,249.5,4600
062950,COL DIST EDUC BAS Y MEDIA EL VIRREY JOSE SOLIS,BOGOTÁ D.C.,2021,63,52.0,51.0,47.0,48.0,48.0,8.0,49.4,247.0,4807
062950,COL DIST EDUC BAS Y MEDIA EL VIRREY JOSE SOLIS,BOGOTÁ D.C.,2022,60,54.0,52.0,50.0,50.0,52.0,9.2,51.5,257.5,4379
062950,COL DIST EDUC BAS Y MEDIA EL VIRREY JOSE SOLIS,BOGOTÁ D.C.,2023,75,52.0,51.0,49.0,48.0,50.0,9.2,50.0,250.0,5788
062950,COL DIST EDUC BAS Y MEDIA EL VIRREY JOSE SOLIS,BOGOTÁ D.C.,2024,69,54.0,51.0,47.0,48.0,51.0,8.8,50.1,250.5,6174
062950,COL DIST EDUC BAS Y MEDIA EL VIRREY JOSE SOLIS,BOGOTÁ D.C.,2025,76,52.0,51.0,46.0,48.0,0.0,7.4,45.5,227.5,9444
062950,COL DIST EDUC BAS Y MEDIA EL VIRREY JOSE SOLIS,BOGOTÁ D.C.,2025,75,0.0,0.0,0.0,0.0,51.0,2.0,3.9,19.5,14764
720995,COLEGIO LEONARDO DA VINCI - SEDE PRINCIPAL,BOGOTÁ D.C.,2020,4,48.0,44.0,46.0,48.0,48.0,8.8,46.6,233.0,7087
720995,COLEGIO LEONARDO DA VINCI - SEDE PRINCIPAL,BOGOTÁ D.C.,2021,4,47.0,43.0,40.0,42.0,48.0,7.8,43.4,217.0,9299
720995,COLEGIO LEONARDO DA VINCI - SEDE PRINCIPAL,BOGOTÁ D.C.,2022,25,50.0,44.0,43.0,46.0,47.0,10.4,45.8,229.0,8295
720995,COLEGIO LEONARDO DA VINCI - SEDE PRINCIPAL,BOGOTÁ D.C.,2023,21,50.0,47.0,44.0,47.0,46.0,8.2,46.9,234.5,8181
720995,COLEGIO LEONARDO DA VINCI - SEDE PRINCIPAL,BOGOTÁ D.C.,2024,32,47.0,46.0,43.0,44.0,44.0,9.8,44.9,224.5,9742
720995,COLEGIO LEONARDO DA VINCI - SEDE PRINCIPAL,BOGOTÁ D.C.,2025,14,52.0,42.0,43.0,48.0,46.0,9.2,46.2,231.0,8880
063024,CENT EDUC DIST BRAVO PAEZ,BOGOTÁ D.C.,2020,75,55.0,52.0,52.0,50.0,47.0,9.6,51.8,259.0,3398
063024,CENT EDUC DIST BRAVO PAEZ,BOGOTÁ D.C.,2021,77,54.0,51.0,48.0,49.0,51.0,9.4,50.5,252.5,4180
063024,CENT EDUC DIST BRAVO PAEZ,BOGOTÁ D.C.,2022,68,52.0,52.0,47.0,49.0,50.0,8.8,50.0,250.0,5298
063024,CENT EDUC DIST BRAVO PAEZ,BOGOTÁ D.C.,2023,70,54.0,56.0,51.0,53.0,52.0,8.8,53.4,267.0,3550
063024,CENT EDUC DIST BRAVO PAEZ,BOGOTÁ D.C.,2024,78,53.0,52.0,50.0,50.0,53.0,7.8,51.4,257.0,5205
063024,CENT EDUC DIST BRAVO PAEZ,BOGOTÁ D.C.,2025,76,52.0,52.0,45.0,48.0,53.0,9.4,49.5,247.5,6695
056176,COL GIMN ROMANO MIXTO,BOGOTÁ D.C.,2020,3,55.0,48.0,53.0,54.0,57.0,9.4,52.8,264.0,2872
056176,COL GIMN ROMANO MIXTO,BOGOTÁ D.C.,2021,6,57.0,49.0,47.0,44.0,53.0,7.6,49.5,247.5,4807
056176,COL GIMN ROMANO MIXTO,BOGOTÁ D.C.,2022,5,53.0,52.0,46.0,48.0,60.0,11.2,50.5,252.5,5035
056176,COL GIMN ROMANO MIXTO,BOGOTÁ D.C.,2023,10,52.0,47.0,45.0,47.0,50.0,9.8,47.9,239.5,7429
056176,COL GIMN ROMANO MIXTO,BOGOTÁ D.C.,2024,16,55.0,52.0,51.0,51.0,57.0,10.2,52.6,263.0,4413
056176,COL GIMN ROMANO MIXTO,BOGOTÁ D.C.,2025,18,54.0,49.0,47.0,48.0,54.0,9.6,49.8,249.0,6460
743500,CENT EDUC DIST LOS COMUNEROS,BOGOTÁ D.C.,2020,89,52.0,50.0,45.0,45.0,44.0,9.0,47.7,238.5,6291
743500,CENT EDUC DIST LOS COMUNEROS,BOGOTÁ D.C.,2021,84,52.0,49.0,46.0,47.0,47.0,9.6,48.4,242.0,5521
743500,CENT EDUC DIST LOS COMUNEROS,BOGOTÁ D.C.,2022,68,52.0,50.0,48.0,49.0,46.0,9.6,49.5,247.5,5730
743500,CENT EDUC DIST LOS COMUNEROS,BOGOTÁ D.C.,2023,88,52.0,52.0,48.0,48.0,47.0,8.6,49.8,249.0,5939
743500,CENT EDUC DIST LOS COMUNEROS,BOGOTÁ D.C.,2024,72,52.0,51.0,48.0,47.0,49.0,9.2,49.5,247.5,6570
743500,CENT EDUC DIST LOS COMUNEROS,BOGOTÁ D.C.,2025,77,53.0,51.0,47.0,48.0,50.0,9.4,49.8,249.0,6460
805358,CENT EDUC DIST MINUTO DE MARIA,BOGOTÁ D.C.,2022,62,52.0,51.0,47.0,47.0,48.0,7.8,49.2,246.0,5890
805358,CENT EDUC DIST MINUTO DE MARIA,BOGOTÁ D.C.,2023,59,52.0,49.0,46.0,47.0,47.0,7.6,48.4,242.0,6970
805358,CENT EDUC DIST MINUTO DE MARIA,BOGOTÁ D.C.,2024,52,54.0,53.0,48.0,50.0,50.0,9.0,51.2,256.0,5338
805358,CENT EDUC DIST MINUTO DE MARIA,BOGOTÁ D.C.,2025,49,52.0,51.0,44.0,48.0,51.0,8.6,48.9,244.5,7151
820589,FE Y ALEGRIA,BOGOTÁ D.C.,2025,13,53.0,51.0,49.0,48.0,53.0,9.4,50.5,252.5,6041
109645,DIEGO MONTAÑA CUELLAR,BOGOTÁ D.C.,2020,29,49.0,49.0,44.0,47.0,46.0,7.6,47.2,236.0,6628
109645,DIEGO MONTAÑA CUELLAR,BOGOTÁ D.C.,2021,29,51.0,50.0,46.0,49.0,49.0,9.8,49.0,245.0,5101
109645,DIEGO MONTAÑA CUELLAR,BOGOTÁ D.C.,2022,23,55.0,55.0,48.0,52.0,53.0,9.6,52.5,262.5,3812
109645,DIEGO MONTAÑA CUELLAR,BOGOTÁ D.C.,2023,49,50.0,47.0,45.0,46.0,47.0,8.4,47.0,235.0,8027
109645,DIEGO MONTAÑA CUELLAR,BOGOTÁ D.C.,2024,45,52.0,51.0,48.0,49.0,51.0,8.0,50.1,250.5,6174
109645,DIEGO MONTAÑA CUELLAR,BOGOTÁ D.C.,2025,62,50.0,49.0,44.0,48.0,50.0,8.6,47.9,239.5,7792
098525,COL DIST LA ESTANCIA,BOGOTÁ D.C.,2020,92,52.0,50.0,48.0,48.0,46.0,8.2,49.2,246.0,5038
098525,COL DIST LA ESTANCIA,BOGOTÁ D.C.,2021,108,0.0,0.0,0.0,0.0,51.0,2.2,3.9,19.5,14336
098525,COL DIST LA ESTANCIA,BOGOTÁ D.C.,2021,109,53.0,50.0,47.0,49.0,0.0,8.0,45.9,229.5,7538
098525,COL DIST LA ESTANCIA,BOGOTÁ D.C.,2022,130,54.0,50.0,48.0,49.0,49.0,9.4,50.2,251.0,5167
098525,COL DIST LA ESTANCIA,BOGOTÁ D.C.,2023,95,52.0,49.0,48.0,47.0,49.0,9.2,49.0,245.0,6514
098525,COL DIST LA ESTANCIA,BOGOTÁ D.C.,2024,102,55.0,54.0,50.0,50.0,51.0,9.8,52.2,261.0,4672
098525,COL DIST LA ESTANCIA,BOGOTÁ D.C.,2025,96,53.0,50.0,46.0,48.0,50.0,9.6,49.3,246.5,6856
079780,CENT EDUC DIST RAMON DE ZUBIRIA,BOGOTÁ D.C.,2020,147,51.0,50.0,47.0,47.0,44.0,8.6,48.4,242.0,5639
079780,CENT EDUC DIST RAMON DE ZUBIRIA,BOGOTÁ D.C.,2021,176,49.0,46.0,44.0,46.0,47.0,9.6,46.3,231.5,7214
079780,CENT EDUC DIST RAMON DE ZUBIRIA,BOGOTÁ D.C.,2022,165,50.0,47.0,44.0,46.0,46.0,9.4,46.7,233.5,7704
079780,CENT EDUC DIST RAMON DE ZUBIRIA,BOGOTÁ D.C.,2023,162,51.0,48.0,46.0,47.0,50.0,9.0,48.2,241.0,7120
079780,CENT EDUC DIST RAMON DE ZUBIRIA,BOGOTÁ D.C.,2024,161,54.0,50.0,47.0,49.0,49.0,9.4,49.9,249.5,6319
079780,CENT EDUC DIST RAMON DE ZUBIRIA,BOGOTÁ D.C.,2025,135,52.0,49.0,44.0,48.0,52.0,9.4,48.5,242.5,7394
114769,COL JONATHAN SWIFT,BOGOTÁ D.C.,2020,21,59.0,54.0,60.0,57.0,62.0,9.2,57.8,289.0,1331
114769,COL JONATHAN SWIFT,BOGOTÁ D.C.,2021,8,62.0,60.0,59.0,55.0,68.0,11.8,59.7,298.5,1088
114769,COL JONATHAN SWIFT,BOGOTÁ D.C.,2022,11,61.0,61.0,62.0,59.0,70.0,10.4,61.5,307.5,958
114769,COL JONATHAN SWIFT,BOGOTÁ D.C.,2023,13,60.0,59.0,58.0,59.0,69.0,14.4,59.8,299.0,1362
114769,COL JONATHAN SWIFT,BOGOTÁ D.C.,2024,21,63.0,59.0,57.0,57.0,70.0,10.4,59.8,299.0,1476
114769,COL JONATHAN SWIFT,BOGOTÁ D.C.,2025,6,50.0,52.0,46.0,48.0,60.0,11.4,49.8,249.0,6460
156547,COLEGIO BOLIVARIANO - SEDE PRINCIPAL,BOGOTÁ D.C.,2020,30,53.0,50.0,48.0,45.0,48.0,9.8,48.9,244.5,5346
156547,COLEGIO BOLIVARIANO - SEDE PRINCIPAL,BOGOTÁ D.C.,2021,9,49.0,43.0,40.0,44.0,49.0,9.8,44.4,222.0,8581
156547,COLEGIO BOLIVARIANO - SEDE PRINCIPAL,BOGOTÁ D.C.,2022,8,52.0,49.0,45.0,44.0,55.0,11.0,48.1,240.5,6767
156547,COLEGIO BOLIVARIANO - SEDE PRINCIPAL,BOGOTÁ D.C.,2023,24,51.0,50.0,46.0,48.0,51.0,9.4,48.9,244.5,6653
156547,COLEGIO BOLIVARIANO - SEDE PRINCIPAL,BOGOTÁ D.C.,2024,27,51.0,49.0,45.0,45.0,50.0,10.4,47.7,238.5,7807
156547,COLEGIO BOLIVARIANO - SEDE PRINCIPAL,BOGOTÁ D.C.,2025,33,51.0,47.0,48.0,48.0,54.0,12.0,48.9,244.5,7151
139956,CENT EDUC DIST ACACIA II,BOGOTÁ D.C.,2020,100,53.0,53.0,48.0,48.0,44.0,8.8,50.0,250.0,4470
139956,CENT EDUC DIST ACACIA II,BOGOTÁ D.C.,2021,102,51.0,50.0,46.0,48.0,45.0,8.8,48.5,242.5,5521
139956,CENT EDUC DIST ACACIA II,BOGOTÁ D.C.,2022,100,52.0,49.0,46.0,48.0,45.0,9.2,48.5,242.5,6461
139956,CENT EDUC DIST ACACIA II,BOGOTÁ D.C.,2023,101,52.0,51.0,47.0,48.0,49.0,9.0,49.5,247.5,6222
139956,CENT EDUC DIST ACACIA II,BOGOTÁ D.C.,2024,95,54.0,51.0,49.0,49.0,48.0,9.2,50.5,252.5,5878
139956,CENT EDUC DIST ACACIA II,BOGOTÁ D.C.,2025,105,53.0,50.0,46.0,48.0,50.0,9.2,49.3,246.5,6856
045039,CENT EDUC DIST ALMIRANTE PADILLA,BOGOTÁ D.C.,2020,64,52.0,52.0,48.0,47.0,46.0,9.2,49.5,247.5,4883
045039,CENT EDUC DIST ALMIRANTE PADILLA,BOGOTÁ D.C.,2021,52,54.0,49.0,48.0,47.0,48.0,9.2,49.4,247.0,4807
045039,CENT EDUC DIST ALMIRANTE PADILLA,BOGOTÁ D.C.,2022,53,51.0,49.0,45.0,48.0,47.0,9.4,48.2,241.0,6616
045039,CENT EDUC DIST ALMIRANTE PADILLA,BOGOTÁ D.C.,2023,55,52.0,49.0,46.0,47.0,51.0,9.6,48.7,243.5,6816
045039,CENT EDUC DIST ALMIRANTE PADILLA,BOGOTÁ D.C.,2024,45,53.0,49.0,48.0,48.0,49.0,10.6,49.5,247.5,6570
045039,CENT EDUC DIST ALMIRANTE PADILLA,BOGOTÁ D.C.,2025,51,51.0,49.0,44.0,48.0,51.0,9.6,48.2,241.0,7525
665398,COL DIST TOMAS RUEDA VARGAS,BOGOTÁ D.C.,2020,167,52.0,51.0,48.0,47.0,45.0,8.4,49.2,246.0,5038
665398,COL DIST TOMAS RUEDA VARGAS,BOGOTÁ D.C.,2021,120,51.0,49.0,46.0,47.0,48.0,8.6,48.2,241.0,5675
665398,COL DIST TOMAS RUEDA VARGAS,BOGOTÁ D.C.,2022,114,51.0,49.0,45.0,47.0,50.0,9.0,48.2,241.0,6616
665398,COL DIST TOMAS RUEDA VARGAS,BOGOTÁ D.C.,2023,143,52.0,50.0,48.0,50.0,50.0,9.8,50.0,250.0,5788
665398,COL DIST TOMAS RUEDA VARGAS,BOGOTÁ D.C.,2024,129,51.0,50.0,46.0,49.0,49.0,9.4,49.0,245.0,6835
665398,COL DIST TOMAS RUEDA VARGAS,BOGOTÁ D.C.,2025,122,51.0,48.0,45.0,48.0,49.0,10.0,48.1,240.5,7658
745729,COL TRIANGULO KENNEDY,BOGOTÁ D.C.,2020,11,50.0,49.0,48.0,44.0,45.0,8.8,47.5,237.5,6451
745729,COL TRIANGULO KENNEDY,BOGOTÁ D.C.,2021,3,47.0,45.0,41.0,45.0,41.0,8.2,44.2,221.0,8712
745729,COL TRIANGULO KENNEDY,BOGOTÁ D.C.,2022,2,42.0,41.0,35.0,38.0,36.0,7.2,38.8,194.0,12826
745729,COL TRIANGULO KENNEDY,BOGOTÁ D.C.,2023,3,46.0,46.0,46.0,48.0,49.0,9.0,46.7,233.5,8304
745729,COL TRIANGULO KENNEDY,BOGOTÁ D.C.,2024,5,51.0,50.0,44.0,46.0,49.0,10.2,47.8,239.0,7653
745729,COL TRIANGULO KENNEDY,BOGOTÁ D.C.,2025,4,54.0,49.0,43.0,48.0,48.0,7.0,48.5,242.5,7394
722314,COLEGIO PALERMO - SEDE PRINCIPAL,BOGOTÁ D.C.,2021,3,47.0,40.0,42.0,44.0,38.0,8.4,42.8,214.0,9806
722314,COLEGIO PALERMO - SEDE PRINCIPAL,BOGOTÁ D.C.,2022,12,43.0,42.0,39.0,43.0,40.0,8.2,41.6,208.0,11247
722314,COLEGIO PALERMO - SEDE PRINCIPAL,BOGOTÁ D.C.,2023,8,49.0,44.0,40.0,38.0,39.0,8.2,42.5,212.5,11297
722314,COLEGIO PALERMO - SEDE PRINCIPAL,BOGOTÁ D.C.,2024,7,39.0,40.0,37.0,44.0,44.0,9.0,40.3,201.5,12479
722314,COLEGIO PALERMO - SEDE PRINCIPAL,BOGOTÁ D.C.,2025,10,52.0,48.0,46.0,48.0,50.0,9.2,48.6,243.0,7273
820894,COL DIST SIMON BOLIVAR,BOGOTÁ D.C.,2025,45,51.0,49.0,46.0,48.0,52.0,11.2,48.8,244.0,7151
063255,CENT EDUC DIST LLANO ORIENTAL,BOGOTÁ D.C.,2020,70,53.0,50.0,48.0,48.0,48.0,9.0,49.6,248.0,4747
063255,CENT EDUC DIST LLANO ORIENTAL,BOGOTÁ D.C.,2021,76,54.0,51.0,50.0,49.0,52.0,9.0,51.1,255.5,3809
063255,CENT EDUC DIST LLANO ORIENTAL,BOGOTÁ D.C.,2022,57,53.0,49.0,50.0,49.0,52.0,9.2,50.4,252.0,5035
063255,CENT EDUC DIST LLANO ORIENTAL,BOGOTÁ D.C.,2023,74,50.0,47.0,45.0,47.0,50.0,9.2,47.5,237.5,7719
063255,CENT EDUC DIST LLANO ORIENTAL,BOGOTÁ D.C.,2024,72,53.0,51.0,47.0,50.0,52.0,9.6,50.4,252.0,5878
063255,CENT EDUC DIST LLANO ORIENTAL,BOGOTÁ D.C.,2025,78,54.0,50.0,46.0,48.0,54.0,9.6,49.8,249.0,6460
052209,CEDID GUILLERMO CANO ISAZA,BOGOTÁ D.C.,2020,67,54.0,54.0,47.0,48.0,44.0,8.2,50.2,251.0,4329
052209,CEDID GUILLERMO CANO ISAZA,BOGOTÁ D.C.,2021,92,53.0,51.0,48.0,50.0,50.0,9.0,50.5,252.5,4180
052209,CEDID GUILLERMO CANO ISAZA,BOGOTÁ D.C.,2022,72,52.0,49.0,47.0,49.0,51.0,9.0,49.4,247.0,5730
052209,CEDID GUILLERMO CANO ISAZA,BOGOTÁ D.C.,2023,80,53.0,53.0,48.0,50.0,51.0,8.4,51.0,255.0,5082
052209,CEDID GUILLERMO CANO ISAZA,BOGOTÁ D.C.,2024,71,55.0,54.0,50.0,53.0,52.0,10.2,52.9,264.5,4262
052209,CEDID GUILLERMO CANO ISAZA,BOGOTÁ D.C.,2025,77,52.0,50.0,44.0,48.0,50.0,9.0,48.6,243.0,7273
079756,LIC CIAL NUEVO ALEJANDRINO,BOGOTÁ D.C.,2020,4,57.0,52.0,52.0,49.0,44.0,10.6,51.8,259.0,3398
079756,LIC CIAL NUEVO ALEJANDRINO,BOGOTÁ D.C.,2021,11,53.0,50.0,46.0,48.0,51.0,9.0,49.4,247.0,4807
079756,LIC CIAL NUEVO ALEJANDRINO,BOGOTÁ D.C.,2022,6,55.0,51.0,47.0,47.0,56.0,10.0,50.5,252.5,5035
079756,LIC CIAL NUEVO ALEJANDRINO,BOGOTÁ D.C.,2023,16,53.0,51.0,49.0,49.0,52.0,7.6,50.6,253.0,5365
079756,LIC CIAL NUEVO ALEJANDRINO,BOGOTÁ D.C.,2024,15,55.0,49.0,50.0,51.0,53.0,8.8,51.4,257.0,5205
079756,LIC CIAL NUEVO ALEJANDRINO,BOGOTÁ D.C.,2025,14,55.0,52.0,51.0,48.0,50.0,10.0,51.4,257.0,5365
074476,COLEGIO TRIANGULO CHAPINERO,BOGOTÁ D.C.,2023,1,40.0,38.0,37.0,36.0,32.0,0.0,37.3,186.5,13623
074476,COLEGIO TRIANGULO CHAPINERO,BOGOTÁ D.C.,2024,3,57.0,50.0,51.0,51.0,54.0,9.4,52.4,262.0,4539
074476,COLEGIO TRIANGULO CHAPINERO,BOGOTÁ D.C.,2025,6,51.0,45.0,43.0,48.0,45.0,13.2,46.6,233.0,8585
039727,COL DIST EDUC BAS Y MEDIA MANUELITA SAENZ,BOGOTÁ D.C.,2020,36,53.0,51.0,51.0,50.0,47.0,8.8,50.9,254.5,3960
039727,COL DIST EDUC BAS Y MEDIA MANUELITA SAENZ,BOGOTÁ D.C.,2021,55,53.0,49.0,49.0,49.0,49.0,9.6,49.9,249.5,4556
039727,COL DIST EDUC BAS Y MEDIA MANUELITA SAENZ,BOGOTÁ D.C.,2022,65,53.0,52.0,49.0,50.0,49.0,9.8,50.8,254.0,4769
039727,COL DIST EDUC BAS Y MEDIA MANUELITA SAENZ,BOGOTÁ D.C.,2023,59,53.0,51.0,49.0,51.0,53.0,9.0,51.2,256.0,4938
039727,COL DIST EDUC BAS Y MEDIA MANUELITA SAENZ,BOGOTÁ D.C.,2024,52,54.0,51.0,47.0,49.0,52.0,9.0,50.4,252.0,5878
039727,COL DIST EDUC BAS Y MEDIA MANUELITA SAENZ,BOGOTÁ D.C.,2025,66,53.0,49.0,46.0,48.0,51.0,9.8,49.2,246.0,6856
122408,CENT EDUC DIST PAULO VI,BOGOTÁ D.C.,2020,58,53.0,50.0,48.0,48.0,46.0,8.0,49.5,247.5,4883
122408,CENT EDUC DIST PAULO VI,BOGOTÁ D.C.,2021,29,53.0,49.0,48.0,49.0,52.0,8.2,49.9,249.5,4556
122408,CENT EDUC DIST PAULO VI,BOGOTÁ D.C.,2022,35,52.0,51.0,49.0,51.0,49.0,10.0,50.6,253.0,4897
122408,CENT EDUC DIST PAULO VI,BOGOTÁ D.C.,2023,41,51.0,50.0,48.0,49.0,50.0,7.2,49.5,247.5,6222
122408,CENT EDUC DIST PAULO VI,BOGOTÁ D.C.,2024,56,54.0,52.0,48.0,51.0,54.0,8.6,51.5,257.5,5205
122408,CENT EDUC DIST PAULO VI,BOGOTÁ D.C.,2025,46,52.0,50.0,46.0,48.0,49.0,10.4,49.0,245.0,6994
115949,CENT EDUC DIST EL VIRREY ULTIMA ETAPA,BOGOTÁ D.C.,2025,1,53.0,58.0,49.0,48.0,46.0,0.0,51.5,257.5,5365
194399,COLEGIO TECNISISTEMAS - SEDE PRINCIPAL,BOGOTÁ D.C.,2020,84,51.0,51.0,46.0,46.0,46.0,9.8,48.3,241.5,5792
194399,COLEGIO TECNISISTEMAS - SEDE PRINCIPAL,BOGOTÁ D.C.,2021,65,51.0,47.0,46.0,46.0,49.0,9.2,47.6,238.0,6130
194399,COLEGIO TECNISISTEMAS - SEDE PRINCIPAL,BOGOTÁ D.C.,2022,74,52.0,49.0,46.0,48.0,52.0,10.2,49.0,245.0,6031
194399,COLEGIO TECNISISTEMAS - SEDE PRINCIPAL,BOGOTÁ D.C.,2023,105,51.0,47.0,46.0,48.0,52.0,11.2,48.3,241.5,7120
194399,COLEGIO TECNISISTEMAS - SEDE PRINCIPAL,BOGOTÁ D.C.,2024,69,52.0,51.0,47.0,46.0,53.0,10.0,49.3,246.5,6712
194399,COLEGIO TECNISISTEMAS - SEDE PRINCIPAL,BOGOTÁ D.C.,2025,58,52.0,49.0,46.0,48.0,52.0,10.6,49.0,245.0,6994
662098,CENTRO DE EDUCACION ROBERT HOOKE,BOGOTÁ D.C.,2020,22,48.0,47.0,44.0,44.0,45.0,8.6,45.7,228.5,7845
662098,CENTRO DE EDUCACION ROBERT HOOKE,BOGOTÁ D.C.,2021,26,45.0,40.0,38.0,42.0,43.0,10.8,41.4,207.0,10843
662098,CENTRO DE EDUCACION ROBERT HOOKE,BOGOTÁ D.C.,2022,26,49.0,47.0,45.0,45.0,45.0,8.2,46.4,232.0,7833
662098,CENTRO DE EDUCACION ROBERT HOOKE,BOGOTÁ D.C.,2023,17,48.0,49.0,46.0,45.0,49.0,11.2,47.2,236.0,7864
662098,CENTRO DE EDUCACION ROBERT HOOKE,BOGOTÁ D.C.,2024,18,48.0,45.0,41.0,43.0,40.0,8.6,43.9,219.5,10390
662098,CENTRO DE EDUCACION ROBERT HOOKE,BOGOTÁ D.C.,2025,1,48.0,42.0,42.0,48.0,60.0,0.0,46.2,231.0,8880
600635,COLEGIO MANUEL MURILLO TORO,BOGOTÁ D.C.,2024,24,55.0,51.0,47.0,50.0,49.0,8.8,50.6,253.0,5743
600635,COLEGIO MANUEL MURILLO TORO,BOGOTÁ D.C.,2025,13,53.0,47.0,50.0,48.0,51.0,11.4,49.6,248.0,6584
085332,BACHILLERATO DE ADULTOS COLSUBSIDIO,BOGOTÁ D.C.,2020,57,53.0,50.0,49.0,47.0,48.0,9.8,49.6,248.0,4747
085332,BACHILLERATO DE ADULTOS COLSUBSIDIO,BOGOTÁ D.C.,2021,106,53.0,47.0,47.0,46.0,0.0,8.0,44.5,222.5,8581
085332,BACHILLERATO DE ADULTOS COLSUBSIDIO,BOGOTÁ D.C.,2021,105,0.0,0.0,0.0,0.0,49.0,2.4,3.8,19.0,14336
085332,BACHILLERATO DE ADULTOS COLSUBSIDIO,BOGOTÁ D.C.,2022,106,51.0,47.0,49.0,48.0,50.0,10.6,48.8,244.0,6169
085332,BACHILLERATO DE ADULTOS COLSUBSIDIO,BOGOTÁ D.C.,2023,96,54.0,52.0,49.0,49.0,55.0,9.8,51.3,256.5,4938
085332,BACHILLERATO DE ADULTOS COLSUBSIDIO,BOGOTÁ D.C.,2024,27,54.0,47.0,46.0,45.0,52.0,12.0,48.3,241.5,7387
085332,BACHILLERATO DE ADULTOS COLSUBSIDIO,BOGOTÁ D.C.,2025,22,55.0,51.0,49.0,48.0,54.0,10.4,51.0,255.0,5642
020248,COLEGIO NUEVA GENERACIÓN ALTAMIRA - CONGA - SEDE PRINCIPAL,BOGOTÁ D.C.,2020,26,51.0,51.0,47.0,46.0,44.0,9.4,48.4,242.0,5639
020248,COLEGIO NUEVA GENERACIÓN ALTAMIRA - CONGA - SEDE PRINCIPAL,BOGOTÁ D.C.,2021,38,55.0,52.0,49.0,49.0,53.0,8.0,51.4,257.0,3586
020248,COLEGIO NUEVA GENERACIÓN ALTAMIRA - CONGA - SEDE PRINCIPAL,BOGOTÁ D.C.,2022,38,56.0,52.0,51.0,50.0,53.0,9.8,52.3,261.5,3916
020248,COLEGIO NUEVA GENERACIÓN ALTAMIRA - CONGA - SEDE PRINCIPAL,BOGOTÁ D.C.,2023,33,54.0,53.0,49.0,49.0,53.0,8.2,51.4,257.0,4796
020248,COLEGIO NUEVA GENERACIÓN ALTAMIRA - CONGA - SEDE PRINCIPAL,BOGOTÁ D.C.,2024,42,53.0,50.0,47.0,48.0,53.0,9.8,49.8,249.0,6319
020248,COLEGIO NUEVA GENERACIÓN ALTAMIRA - CONGA - SEDE PRINCIPAL,BOGOTÁ D.C.,2025,28,54.0,52.0,45.0,48.0,52.0,9.8,49.9,249.5,6460
154054,COLEGIO FANNY MIKEY (IED) - SEDE PRINCIPAL,BOGOTÁ D.C.,2020,35,52.0,49.0,49.0,46.0,45.0,9.0,48.7,243.5,5473
154054,COLEGIO FANNY MIKEY (IED) - SEDE PRINCIPAL,BOGOTÁ D.C.,2021,62,49.0,48.0,43.0,47.0,46.0,9.2,46.7,233.5,6911
154054,COLEGIO FANNY MIKEY (IED) - SEDE PRINCIPAL,BOGOTÁ D.C.,2022,48,50.0,48.0,45.0,46.0,47.0,8.0,47.2,236.0,7300
154054,COLEGIO FANNY MIKEY (IED) - SEDE PRINCIPAL,BOGOTÁ D.C.,2023,66,52.0,50.0,47.0,48.0,49.0,8.4,49.2,246.0,6365
154054,COLEGIO FANNY MIKEY (IED) - SEDE PRINCIPAL,BOGOTÁ D.C.,2024,56,52.0,47.0,48.0,49.0,49.0,8.8,49.0,245.0,6835
154054,COLEGIO FANNY MIKEY (IED) - SEDE PRINCIPAL,BOGOTÁ D.C.,2025,61,52.0,48.0,45.0,48.0,50.0,10.8,48.4,242.0,7394
039743,COL DIST EDUC BAS Y MEDIA JOHN F KENNEDY,BOGOTÁ D.C.,2020,55,54.0,52.0,49.0,48.0,46.0,8.6,50.4,252.0,4217
039743,COL DIST EDUC BAS Y MEDIA JOHN F KENNEDY,BOGOTÁ D.C.,2021,37,52.0,48.0,45.0,47.0,51.0,11.0,48.2,241.0,5675
039743,COL DIST EDUC BAS Y MEDIA JOHN F KENNEDY,BOGOTÁ D.C.,2022,50,54.0,51.0,49.0,48.0,53.0,9.6,50.7,253.5,4897
039743,COL DIST EDUC BAS Y MEDIA JOHN F KENNEDY,BOGOTÁ D.C.,2023,48,54.0,50.0,48.0,50.0,55.0,9.0,50.8,254.0,5222
039743,COL DIST EDUC BAS Y MEDIA JOHN F KENNEDY,BOGOTÁ D.C.,2024,47,53.0,49.0,46.0,48.0,51.0,8.8,49.2,246.0,6712
039743,COL DIST EDUC BAS Y MEDIA JOHN F KENNEDY,BOGOTÁ D.C.,2025,28,51.0,49.0,44.0,48.0,51.0,8.6,48.2,241.0,7525
115261,COLEGIO CHARLES BABBAGGE,BOGOTÁ D.C.,2020,9,56.0,57.0,51.0,51.0,50.0,12.0,53.5,267.5,2591
115261,COLEGIO CHARLES BABBAGGE,BOGOTÁ D.C.,2021,8,47.0,48.0,36.0,46.0,48.0,9.6,44.5,222.5,8581
115261,COLEGIO CHARLES BABBAGGE,BOGOTÁ D.C.,2022,12,50.0,49.0,44.0,45.0,46.0,9.4,46.9,234.5,7555
115261,COLEGIO CHARLES BABBAGGE,BOGOTÁ D.C.,2023,8,53.0,46.0,44.0,49.0,59.0,9.2,48.8,244.0,6653
115261,COLEGIO CHARLES BABBAGGE,BOGOTÁ D.C.,2024,17,48.0,47.0,39.0,46.0,49.0,10.8,45.3,226.5,9478
115261,COLEGIO CHARLES BABBAGGE,BOGOTÁ D.C.,2025,7,52.0,47.0,44.0,48.0,58.0,6.8,48.5,242.5,7394
183236,INSTITUTO TOMAS MORO - SEDE PRINCIPAL,BOGOTÁ D.C.,2020,13,48.0,46.0,46.0,44.0,40.0,8.4,45.5,227.5,8016
183236,INSTITUTO TOMAS MORO - SEDE PRINCIPAL,BOGOTÁ D.C.,2021,13,50.0,47.0,44.0,44.0,44.0,10.8,46.1,230.5,7376
183236,INSTITUTO TOMAS MORO - SEDE PRINCIPAL,BOGOTÁ D.C.,2023,11,46.0,40.0,38.0,42.0,44.0,9.4,41.7,208.5,11819
183236,INSTITUTO TOMAS MORO - SEDE PRINCIPAL,BOGOTÁ D.C.,2024,9,51.0,48.0,49.0,47.0,43.0,8.6,48.3,241.5,7387
183236,INSTITUTO TOMAS MORO - SEDE PRINCIPAL,BOGOTÁ D.C.,2025,8,46.0,45.0,42.0,48.0,48.0,8.0,45.5,227.5,9444
156760,COLEGIO BOSTON,BOGOTÁ D.C.,2020,45,54.0,54.0,50.0,49.0,46.0,9.8,51.3,256.5,3726
156760,COLEGIO BOSTON,BOGOTÁ D.C.,2021,18,52.0,45.0,48.0,46.0,51.0,11.0,48.0,240.0,5817
156760,COLEGIO BOSTON,BOGOTÁ D.C.,2022,9,52.0,53.0,49.0,49.0,52.0,10.8,50.8,254.0,4769
156760,COLEGIO BOSTON,BOGOTÁ D.C.,2023,15,58.0,54.0,51.0,52.0,58.0,11.8,54.1,270.5,3203
156760,COLEGIO BOSTON,BOGOTÁ D.C.,2024,17,53.0,47.0,47.0,48.0,55.0,10.0,49.2,246.0,6712
156760,COLEGIO BOSTON,BOGOTÁ D.C.,2025,23,54.0,48.0,47.0,48.0,54.0,12.8,49.6,248.0,6584
604470,COLEGIO SAN ANSELMO - SEDE PRINCIPAL,BOGOTÁ D.C.,2020,24,51.0,48.0,47.0,45.0,44.0,12.8,47.5,237.5,6451
604470,COLEGIO SAN ANSELMO - SEDE PRINCIPAL,BOGOTÁ D.C.,2021,19,54.0,50.0,48.0,48.0,50.0,9.0,50.0,250.0,4448
604470,COLEGIO SAN ANSELMO - SEDE PRINCIPAL,BOGOTÁ D.C.,2022,35,54.0,50.0,47.0,49.0,51.0,9.6,50.1,250.5,5298
604470,COLEGIO SAN ANSELMO - SEDE PRINCIPAL,BOGOTÁ D.C.,2023,35,57.0,55.0,51.0,54.0,53.0,8.8,54.2,271.0,3101
604470,COLEGIO SAN ANSELMO - SEDE PRINCIPAL,BOGOTÁ D.C.,2024,21,55.0,56.0,50.0,54.0,53.0,8.6,53.7,268.5,3765
604470,COLEGIO SAN ANSELMO - SEDE PRINCIPAL,BOGOTÁ D.C.,2025,12,52.0,52.0,46.0,48.0,49.0,9.8,49.5,247.5,6695
069393,GIMNASIO SANTANDER,BOGOTÁ D.C.,2020,19,52.0,50.0,45.0,46.0,47.0,8.0,48.2,241.0,5792
069393,GIMNASIO SANTANDER,BOGOTÁ D.C.,2021,12,53.0,52.0,50.0,48.0,52.0,9.4,50.8,254.0,3928
069393,GIMNASIO SANTANDER,BOGOTÁ D.C.,2022,30,56.0,52.0,53.0,51.0,55.0,10.2,53.2,266.0,3387
069393,GIMNASIO SANTANDER,BOGOTÁ D.C.,2023,15,52.0,47.0,48.0,51.0,53.0,9.4,49.8,249.0,5939
069393,GIMNASIO SANTANDER,BOGOTÁ D.C.,2024,14,55.0,50.0,52.0,51.0,52.0,8.0,52.0,260.0,4813
069393,GIMNASIO SANTANDER,BOGOTÁ D.C.,2025,19,57.0,54.0,49.0,48.0,54.0,10.2,52.2,261.0,4808
157487,COLEGIO KIMI PERNIA DOMICO,BOGOTÁ D.C.,2020,60,51.0,50.0,48.0,46.0,44.0,9.0,48.4,242.0,5639
157487,COLEGIO KIMI PERNIA DOMICO,BOGOTÁ D.C.,2021,68,52.0,48.0,45.0,47.0,46.0,8.8,47.8,239.0,5974
157487,COLEGIO KIMI PERNIA DOMICO,BOGOTÁ D.C.,2022,59,53.0,52.0,50.0,50.0,46.0,8.8,50.8,254.0,4769
157487,COLEGIO KIMI PERNIA DOMICO,BOGOTÁ D.C.,2023,92,53.0,50.0,47.0,50.0,49.0,9.2,49.9,249.5,5939
157487,COLEGIO KIMI PERNIA DOMICO,BOGOTÁ D.C.,2024,91,51.0,49.0,46.0,48.0,50.0,8.8,48.6,243.0,7132
157487,COLEGIO KIMI PERNIA DOMICO,BOGOTÁ D.C.,2025,82,52.0,48.0,45.0,48.0,48.0,9.6,48.2,241.0,7525
139758,CENT EDUC DIST REP DE MEXICO,BOGOTÁ D.C.,2020,21,55.0,52.0,48.0,48.0,43.0,6.4,50.2,251.0,4329
139758,CENT EDUC DIST REP DE MEXICO,BOGOTÁ D.C.,2021,27,50.0,49.0,43.0,46.0,41.0,9.6,46.5,232.5,7068
139758,CENT EDUC DIST REP DE MEXICO,BOGOTÁ D.C.,2022,40,50.0,48.0,43.0,48.0,44.0,10.8,47.0,235.0,7420
139758,CENT EDUC DIST REP DE MEXICO,BOGOTÁ D.C.,2023,39,51.0,48.0,43.0,45.0,47.0,8.6,46.8,234.0,8181
139758,CENT EDUC DIST REP DE MEXICO,BOGOTÁ D.C.,2024,52,50.0,49.0,43.0,47.0,48.0,8.8,47.3,236.5,8101
139758,CENT EDUC DIST REP DE MEXICO,BOGOTÁ D.C.,2025,68,51.0,46.0,42.0,48.0,49.0,8.6,46.9,234.5,8454
109447,CENT EDUC DIST REINO UNIDO DE HOLANDA,BOGOTÁ D.C.,2020,36,52.0,51.0,46.0,46.0,45.0,7.6,48.5,242.5,5639
109447,CENT EDUC DIST REINO UNIDO DE HOLANDA,BOGOTÁ D.C.,2021,43,55.0,54.0,49.0,50.0,52.0,8.6,52.0,260.0,3274
109447,CENT EDUC DIST REINO UNIDO DE HOLANDA,BOGOTÁ D.C.,2022,43,49.0,48.0,43.0,45.0,44.0,9.4,46.1,230.5,8146
109447,CENT EDUC DIST REINO UNIDO DE HOLANDA,BOGOTÁ D.C.,2023,42,52.0,50.0,47.0,48.0,49.0,8.4,49.2,246.0,6365
109447,CENT EDUC DIST REINO UNIDO DE HOLANDA,BOGOTÁ D.C.,2024,41,52.0,49.0,45.0,48.0,50.0,10.8,48.6,243.0,7132
109447,CENT EDUC DIST REINO UNIDO DE HOLANDA,BOGOTÁ D.C.,2025,64,52.0,50.0,47.0,48.0,52.0,10.6,49.5,247.5,6695
185884,CENT EDUC DIST BOSANOVA,BOGOTÁ D.C.,2020,46,54.0,53.0,53.0,51.0,51.0,8.4,52.6,263.0,2984
185884,CENT EDUC DIST BOSANOVA,BOGOTÁ D.C.,2021,35,53.0,49.0,50.0,48.0,52.0,8.6,50.2,251.0,4303
185884,CENT EDUC DIST BOSANOVA,BOGOTÁ D.C.,2022,73,52.0,51.0,47.0,48.0,52.0,9.0,49.7,248.5,5613
185884,CENT EDUC DIST BOSANOVA,BOGOTÁ D.C.,2023,27,55.0,53.0,53.0,52.0,55.0,8.6,53.4,267.0,3550
185884,CENT EDUC DIST BOSANOVA,BOGOTÁ D.C.,2024,51,54.0,54.0,51.0,51.0,54.0,8.6,52.6,263.0,4413
185884,CENT EDUC DIST BOSANOVA,BOGOTÁ D.C.,2025,25,55.0,52.0,49.0,48.0,55.0,9.4,51.3,256.5,5505
737023,CENT EDUC DIST QUIBA ALTA,BOGOTÁ D.C.,2020,53,52.0,48.0,48.0,48.0,42.0,8.4,48.5,242.5,5639
737023,CENT EDUC DIST QUIBA ALTA,BOGOTÁ D.C.,2021,37,51.0,49.0,46.0,46.0,44.0,8.2,47.7,238.5,6130
737023,CENT EDUC DIST QUIBA ALTA,BOGOTÁ D.C.,2022,50,52.0,49.0,48.0,49.0,47.0,10.2,49.3,246.5,5890
737023,CENT EDUC DIST QUIBA ALTA,BOGOTÁ D.C.,2023,67,49.0,46.0,45.0,47.0,45.0,8.4,46.6,233.0,8304
737023,CENT EDUC DIST QUIBA ALTA,BOGOTÁ D.C.,2024,76,50.0,47.0,43.0,46.0,44.0,9.4,46.3,231.5,8771
737023,CENT EDUC DIST QUIBA ALTA,BOGOTÁ D.C.,2025,75,52.0,49.0,46.0,48.0,49.0,10.6,48.8,244.0,7151
820654,CENT EDUC DIST REP DE VENEZUELA,BOGOTÁ D.C.,2025,37,51.0,48.0,45.0,48.0,50.0,11.2,48.2,241.0,7525
109173,NESTOR FORERO ALCALA,BOGOTÁ D.C.,2020,27,49.0,48.0,46.0,47.0,42.0,8.6,47.1,235.5,6775
109173,NESTOR FORERO ALCALA,BOGOTÁ D.C.,2021,35,52.0,50.0,45.0,46.0,47.0,8.6,48.2,241.0,5675
109173,NESTOR FORERO ALCALA,BOGOTÁ D.C.,2022,49,53.0,49.0,48.0,48.0,52.0,10.8,49.7,248.5,5613
109173,NESTOR FORERO ALCALA,BOGOTÁ D.C.,2023,43,52.0,50.0,48.0,49.0,51.0,9.2,49.8,249.0,5939
109173,NESTOR FORERO ALCALA,BOGOTÁ D.C.,2024,46,54.0,52.0,50.0,50.0,52.0,9.2,51.5,257.5,5205
109173,NESTOR FORERO ALCALA,BOGOTÁ D.C.,2025,47,53.0,49.0,45.0,48.0,50.0,9.0,48.8,244.0,7151
075465,CENT EDUC DIST FLORENTINO GONZALEZ,BOGOTÁ D.C.,2020,35,53.0,50.0,48.0,48.0,46.0,9.0,49.5,247.5,4883
075465,CENT EDUC DIST FLORENTINO GONZALEZ,BOGOTÁ D.C.,2021,43,54.0,50.0,49.0,47.0,50.0,9.2,50.0,250.0,4448
075465,CENT EDUC DIST FLORENTINO GONZALEZ,BOGOTÁ D.C.,2022,39,56.0,52.0,51.0,50.0,51.0,11.0,52.2,261.0,3916
075465,CENT EDUC DIST FLORENTINO GONZALEZ,BOGOTÁ D.C.,2023,41,56.0,51.0,51.0,51.0,55.0,9.4,52.5,262.5,4159
075465,CENT EDUC DIST FLORENTINO GONZALEZ,BOGOTÁ D.C.,2024,54,56.0,52.0,49.0,48.0,53.0,8.6,51.4,257.0,5205
075465,CENT EDUC DIST FLORENTINO GONZALEZ,BOGOTÁ D.C.,2025,34,53.0,50.0,48.0,48.0,52.0,8.4,49.9,249.5,6460
090746,CENT EDUC DIST ARBORIZADORA BAJA,BOGOTÁ D.C.,2020,56,52.0,49.0,45.0,47.0,46.0,8.0,48.1,240.5,5968
090746,CENT EDUC DIST ARBORIZADORA BAJA,BOGOTÁ D.C.,2021,75,53.0,48.0,47.0,47.0,52.0,9.4,49.0,245.0,5101
090746,CENT EDUC DIST ARBORIZADORA BAJA,BOGOTÁ D.C.,2022,62,51.0,47.0,45.0,47.0,49.0,9.2,47.6,238.0,7031
090746,CENT EDUC DIST ARBORIZADORA BAJA,BOGOTÁ D.C.,2023,63,54.0,53.0,49.0,49.0,51.0,8.8,51.2,256.0,4938
090746,CENT EDUC DIST ARBORIZADORA BAJA,BOGOTÁ D.C.,2024,81,53.0,51.0,45.0,49.0,52.0,9.4,49.7,248.5,6451
090746,CENT EDUC DIST ARBORIZADORA BAJA,BOGOTÁ D.C.,2025,49,53.0,47.0,46.0,48.0,51.0,9.4,48.7,243.5,7273
191858,COLEGIO NUEVO MILENIO - SEDE PRINCIPAL,BOGOTÁ D.C.,2020,13,50.0,47.0,45.0,46.0,44.0,9.0,46.8,234.0,6930
191858,COLEGIO NUEVO MILENIO - SEDE PRINCIPAL,BOGOTÁ D.C.,2021,8,52.0,52.0,45.0,48.0,49.0,9.6,49.2,246.0,4956
191858,COLEGIO NUEVO MILENIO - SEDE PRINCIPAL,BOGOTÁ D.C.,2022,16,46.0,43.0,40.0,43.0,43.0,9.0,43.0,215.0,10322
191858,COLEGIO NUEVO MILENIO - SEDE PRINCIPAL,BOGOTÁ D.C.,2023,16,54.0,52.0,50.0,47.0,51.0,8.6,50.8,254.0,5222
191858,COLEGIO NUEVO MILENIO - SEDE PRINCIPAL,BOGOTÁ D.C.,2024,16,44.0,48.0,45.0,44.0,43.0,9.4,45.1,225.5,9611
191858,COLEGIO NUEVO MILENIO - SEDE PRINCIPAL,BOGOTÁ D.C.,2025,26,52.0,48.0,45.0,48.0,52.0,10.8,48.5,242.5,7394
657577,COLEGIO NELSON MANDELA (IED) - SEDE PRINCIPAL,BOGOTÁ D.C.,2020,61,55.0,54.0,52.0,50.0,47.0,8.4,52.3,261.5,3178
657577,COLEGIO NELSON MANDELA (IED) - SEDE PRINCIPAL,BOGOTÁ D.C.,2021,62,53.0,49.0,48.0,48.0,48.0,8.6,49.4,247.0,4807
657577,COLEGIO NELSON MANDELA (IED) - SEDE PRINCIPAL,BOGOTÁ D.C.,2022,57,56.0,52.0,51.0,51.0,50.0,10.6,52.3,261.5,3916
657577,COLEGIO NELSON MANDELA (IED) - SEDE PRINCIPAL,BOGOTÁ D.C.,2023,67,56.0,53.0,51.0,51.0,53.0,10.0,52.8,264.0,3891
657577,COLEGIO NELSON MANDELA (IED) - SEDE PRINCIPAL,BOGOTÁ D.C.,2024,61,55.0,53.0,50.0,51.0,53.0,9.2,52.3,261.5,4672
657577,COLEGIO NELSON MANDELA (IED) - SEDE PRINCIPAL,BOGOTÁ D.C.,2025,58,54.0,52.0,48.0,48.0,54.0,9.6,50.8,254.0,5767
815779,CENTRO EDUCATIVO PRO-EDUCAR,BOGOTÁ D.C.,2024,10,50.0,46.0,44.0,43.0,48.0,9.8,45.9,229.5,9051
815779,CENTRO EDUCATIVO PRO-EDUCAR,BOGOTÁ D.C.,2025,17,53.0,47.0,42.0,48.0,50.0,9.6,47.7,238.5,7953
019380,COLEGIO COLOMBO HEBREO,BOGOTÁ D.C.,2020,6,65.0,70.0,60.0,62.0,84.0,9.0,65.8,329.0,335
019380,COLEGIO COLOMBO HEBREO,BOGOTÁ D.C.,2021,11,64.0,69.0,65.0,65.0,81.0,8.6,66.9,334.5,293
019380,COLEGIO COLOMBO HEBREO,BOGOTÁ D.C.,2022,9,59.0,67.0,56.0,57.0,77.0,9.8,61.1,305.5,1016
019380,COLEGIO COLOMBO HEBREO,BOGOTÁ D.C.,2023,15,59.0,61.0,53.0,54.0,80.0,11.0,58.5,292.5,1681
019380,COLEGIO COLOMBO HEBREO,BOGOTÁ D.C.,2024,16,68.0,66.0,64.0,63.0,84.0,8.8,66.7,333.5,442
019380,COLEGIO COLOMBO HEBREO,BOGOTÁ D.C.,2025,11,54.0,58.0,48.0,48.0,80.0,11.2,54.2,271.0,3610
066910,COL DIST EDUC BAS Y MEDIA CARLOS ARTURO TORRES,BOGOTÁ D.C.,2020,28,49.0,48.0,44.0,46.0,45.0,9.0,46.6,233.0,7087
066910,COL DIST EDUC BAS Y MEDIA CARLOS ARTURO TORRES,BOGOTÁ D.C.,2021,25,52.0,47.0,47.0,46.0,50.0,9.8,48.2,241.0,5675
066910,COL DIST EDUC BAS Y MEDIA CARLOS ARTURO TORRES,BOGOTÁ D.C.,2022,26,50.0,48.0,46.0,48.0,46.0,8.4,47.8,239.0,6890
066910,COL DIST EDUC BAS Y MEDIA CARLOS ARTURO TORRES,BOGOTÁ D.C.,2023,30,53.0,49.0,45.0,46.0,49.0,8.6,48.3,241.5,7120
066910,COL DIST EDUC BAS Y MEDIA CARLOS ARTURO TORRES,BOGOTÁ D.C.,2024,32,52.0,48.0,46.0,46.0,49.0,8.4,48.1,240.5,7517
066910,COL DIST EDUC BAS Y MEDIA CARLOS ARTURO TORRES,BOGOTÁ D.C.,2025,41,51.0,48.0,44.0,47.0,50.0,10.2,47.7,238.5,7953
066803,COL DIST EDUC BAS Y MEDIA LOS ALPES,BOGOTÁ D.C.,2020,33,50.0,49.0,46.0,47.0,42.0,7.0,47.5,237.5,6451
066803,COL DIST EDUC BAS Y MEDIA LOS ALPES,BOGOTÁ D.C.,2021,45,50.0,46.0,43.0,46.0,44.0,9.0,46.1,230.5,7376
066803,COL DIST EDUC BAS Y MEDIA LOS ALPES,BOGOTÁ D.C.,2022,42,50.0,47.0,43.0,47.0,47.0,9.8,46.8,234.0,7555
066803,COL DIST EDUC BAS Y MEDIA LOS ALPES,BOGOTÁ D.C.,2023,53,48.0,44.0,43.0,45.0,45.0,9.4,45.0,225.0,9454
066803,COL DIST EDUC BAS Y MEDIA LOS ALPES,BOGOTÁ D.C.,2024,68,51.0,51.0,46.0,49.0,47.0,8.2,49.1,245.5,6835
066803,COL DIST EDUC BAS Y MEDIA LOS ALPES,BOGOTÁ D.C.,2025,71,50.0,46.0,42.0,47.0,47.0,10.6,46.3,231.5,8880
133835,CENT EDUC DIST MORALBA SUR ORIENTAL,BOGOTÁ D.C.,2020,70,51.0,50.0,46.0,45.0,46.0,8.8,47.8,239.0,6127
133835,CENT EDUC DIST MORALBA SUR ORIENTAL,BOGOTÁ D.C.,2021,59,50.0,47.0,43.0,45.0,46.0,9.0,46.2,231.0,7214
133835,CENT EDUC DIST MORALBA SUR ORIENTAL,BOGOTÁ D.C.,2022,54,51.0,49.0,45.0,46.0,48.0,9.6,47.8,239.0,6890
133835,CENT EDUC DIST MORALBA SUR ORIENTAL,BOGOTÁ D.C.,2023,56,54.0,51.0,48.0,49.0,51.0,9.8,50.5,252.5,5515
133835,CENT EDUC DIST MORALBA SUR ORIENTAL,BOGOTÁ D.C.,2024,66,51.0,50.0,44.0,44.0,48.0,8.4,47.3,236.5,8101
133835,CENT EDUC DIST MORALBA SUR ORIENTAL,BOGOTÁ D.C.,2025,68,53.0,50.0,44.0,47.0,50.0,10.0,48.6,243.0,7273
111120,CENT PANAMERICANO DE CAPACITACION SEDE ESTRADA,BOGOTÁ D.C.,2020,22,48.0,46.0,42.0,42.0,44.0,9.2,44.5,222.5,8802
111120,CENT PANAMERICANO DE CAPACITACION SEDE ESTRADA,BOGOTÁ D.C.,2021,27,47.0,43.0,41.0,42.0,46.0,8.2,43.5,217.5,9299
111120,CENT PANAMERICANO DE CAPACITACION SEDE ESTRADA,BOGOTÁ D.C.,2022,58,51.0,48.0,43.0,46.0,48.0,10.4,47.1,235.5,7420
111120,CENT PANAMERICANO DE CAPACITACION SEDE ESTRADA,BOGOTÁ D.C.,2023,40,49.0,46.0,46.0,46.0,48.0,9.8,46.8,234.0,8181
111120,CENT PANAMERICANO DE CAPACITACION SEDE ESTRADA,BOGOTÁ D.C.,2024,73,52.0,50.0,46.0,48.0,50.0,9.6,49.1,245.5,6835
111120,CENT PANAMERICANO DE CAPACITACION SEDE ESTRADA,BOGOTÁ D.C.,2025,65,50.0,49.0,45.0,47.0,48.0,10.2,47.8,239.0,7792
199752,CENTRO DE EDUCACION ROBERT HOOKE,BOGOTÁ D.C.,2020,13,50.0,45.0,45.0,46.0,43.0,11.0,46.2,231.0,7395
199752,CENTRO DE EDUCACION ROBERT HOOKE,BOGOTÁ D.C.,2021,10,47.0,47.0,38.0,43.0,43.0,7.6,43.7,218.5,9140
199752,CENTRO DE EDUCACION ROBERT HOOKE,BOGOTÁ D.C.,2022,7,45.0,42.0,42.0,44.0,45.0,10.4,43.4,217.0,10061
199752,CENTRO DE EDUCACION ROBERT HOOKE,BOGOTÁ D.C.,2024,4,50.0,47.0,44.0,48.0,47.0,9.6,47.2,236.0,8101
199752,CENTRO DE EDUCACION ROBERT HOOKE,BOGOTÁ D.C.,2025,15,50.0,48.0,45.0,47.0,48.0,11.8,47.5,237.5,8078
674622,CENT EDUC DIST EL VERJON ALTO,BOGOTÁ D.C.,2020,11,46.0,49.0,41.0,44.0,44.0,8.0,44.9,224.5,8509
674622,CENT EDUC DIST EL VERJON ALTO,BOGOTÁ D.C.,2021,16,51.0,52.0,45.0,47.0,44.0,11.0,48.4,242.0,5521
674622,CENT EDUC DIST EL VERJON ALTO,BOGOTÁ D.C.,2022,11,51.0,52.0,43.0,50.0,48.0,12.8,48.9,244.5,6169
674622,CENT EDUC DIST EL VERJON ALTO,BOGOTÁ D.C.,2023,18,47.0,50.0,44.0,48.0,48.0,9.2,47.3,236.5,7864
674622,CENT EDUC DIST EL VERJON ALTO,BOGOTÁ D.C.,2024,17,49.0,47.0,41.0,44.0,47.0,8.2,45.4,227.0,9338
674622,CENT EDUC DIST EL VERJON ALTO,BOGOTÁ D.C.,2025,13,52.0,46.0,46.0,47.0,50.0,9.6,47.9,239.5,7792
604298,LICEO PEDAGÓGICO EL RECREO - SEDE PRINCIPAL,BOGOTÁ D.C.,2025,8,50.0,49.0,50.0,47.0,51.0,10.2,49.2,246.0,6856
714501,COLEGIO TALENTOS - SEDE PRINCIPAL,BOGOTÁ D.C.,2020,16,52.0,52.0,44.0,44.0,47.0,8.8,47.9,239.5,6127
714501,COLEGIO TALENTOS - SEDE PRINCIPAL,BOGOTÁ D.C.,2021,7,52.0,46.0,43.0,48.0,47.0,9.0,47.2,236.0,6424
714501,COLEGIO TALENTOS - SEDE PRINCIPAL,BOGOTÁ D.C.,2022,3,55.0,51.0,51.0,54.0,56.0,4.6,53.0,265.0,3497
714501,COLEGIO TALENTOS - SEDE PRINCIPAL,BOGOTÁ D.C.,2023,3,52.0,47.0,45.0,39.0,50.0,7.0,46.1,230.5,8755
714501,COLEGIO TALENTOS - SEDE PRINCIPAL,BOGOTÁ D.C.,2024,2,56.0,55.0,47.0,44.0,49.0,5.2,50.4,252.0,5878
714501,COLEGIO TALENTOS - SEDE PRINCIPAL,BOGOTÁ D.C.,2025,2,41.0,49.0,40.0,47.0,51.0,3.0,44.8,224.0,9837
732727,CENT EDUC DIST VEINTE DE JULIO,BOGOTÁ D.C.,2020,48,53.0,50.0,50.0,47.0,48.0,9.0,49.8,249.0,4600
732727,CENT EDUC DIST VEINTE DE JULIO,BOGOTÁ D.C.,2021,59,56.0,51.0,49.0,49.0,52.0,9.2,51.3,256.5,3688
732727,CENT EDUC DIST VEINTE DE JULIO,BOGOTÁ D.C.,2022,51,52.0,49.0,47.0,46.0,49.0,10.0,48.5,242.5,6461
732727,CENT EDUC DIST VEINTE DE JULIO,BOGOTÁ D.C.,2023,53,53.0,50.0,47.0,49.0,52.0,9.8,49.9,249.5,5939
732727,CENT EDUC DIST VEINTE DE JULIO,BOGOTÁ D.C.,2024,50,53.0,49.0,46.0,47.0,50.0,10.2,48.8,244.0,6985
732727,CENT EDUC DIST VEINTE DE JULIO,BOGOTÁ D.C.,2025,44,50.0,48.0,44.0,47.0,50.0,8.2,47.5,237.5,8078
160135,CENT EDUC DIST LA FLORESTA SUR,BOGOTÁ D.C.,2020,32,52.0,49.0,49.0,47.0,48.0,8.8,49.2,246.0,5038
160135,CENT EDUC DIST LA FLORESTA SUR,BOGOTÁ D.C.,2021,38,50.0,47.0,46.0,46.0,47.0,8.6,47.2,236.0,6424
160135,CENT EDUC DIST LA FLORESTA SUR,BOGOTÁ D.C.,2022,35,52.0,48.0,47.0,48.0,51.0,12.0,48.9,244.5,6169
160135,CENT EDUC DIST LA FLORESTA SUR,BOGOTÁ D.C.,2023,51,50.0,49.0,44.0,46.0,49.0,8.8,47.4,237.0,7719
160135,CENT EDUC DIST LA FLORESTA SUR,BOGOTÁ D.C.,2024,47,53.0,49.0,49.0,48.0,52.0,10.4,49.9,249.5,6319
160135,CENT EDUC DIST LA FLORESTA SUR,BOGOTÁ D.C.,2025,42,53.0,48.0,47.0,47.0,53.0,10.0,49.1,245.5,6994
179184,FUNDACIÓN SANTO TOMAS DE AQUINO - FUSANTEC - SEDE PRINCIPAL,BOGOTÁ D.C.,2020,20,49.0,48.0,44.0,45.0,40.0,9.6,46.0,230.0,7550
179184,FUNDACIÓN SANTO TOMAS DE AQUINO - FUSANTEC - SEDE PRINCIPAL,BOGOTÁ D.C.,2021,20,48.0,44.0,42.0,42.0,44.0,8.6,44.0,220.0,8861
179184,FUNDACIÓN SANTO TOMAS DE AQUINO - FUSANTEC - SEDE PRINCIPAL,BOGOTÁ D.C.,2022,12,50.0,46.0,45.0,44.0,45.0,9.4,46.2,231.0,7987
179184,FUNDACIÓN SANTO TOMAS DE AQUINO - FUSANTEC - SEDE PRINCIPAL,BOGOTÁ D.C.,2023,11,51.0,45.0,44.0,45.0,44.0,8.2,46.1,230.5,8755
179184,FUNDACIÓN SANTO TOMAS DE AQUINO - FUSANTEC - SEDE PRINCIPAL,BOGOTÁ D.C.,2024,7,49.0,46.0,43.0,45.0,45.0,9.2,45.7,228.5,9187
179184,FUNDACIÓN SANTO TOMAS DE AQUINO - FUSANTEC - SEDE PRINCIPAL,BOGOTÁ D.C.,2025,7,56.0,48.0,42.0,47.0,52.0,9.4,48.5,242.5,7394
194423,COLEGIO TECNISISTEMAS - SEDE PRINCIPAL,BOGOTÁ D.C.,2020,19,48.0,44.0,44.0,42.0,43.0,9.4,44.4,222.0,8802
194423,COLEGIO TECNISISTEMAS - SEDE PRINCIPAL,BOGOTÁ D.C.,2021,39,51.0,48.0,47.0,47.0,52.0,9.6,48.5,242.5,5521
194423,COLEGIO TECNISISTEMAS - SEDE PRINCIPAL,BOGOTÁ D.C.,2022,39,49.0,45.0,47.0,44.0,46.0,10.6,46.2,231.0,7987
194423,COLEGIO TECNISISTEMAS - SEDE PRINCIPAL,BOGOTÁ D.C.,2023,46,47.0,44.0,44.0,43.0,45.0,9.2,44.5,222.5,9891
194423,COLEGIO TECNISISTEMAS - SEDE PRINCIPAL,BOGOTÁ D.C.,2024,30,45.0,43.0,45.0,42.0,41.0,9.8,43.5,217.5,10619
194423,COLEGIO TECNISISTEMAS - SEDE PRINCIPAL,BOGOTÁ D.C.,2025,12,54.0,45.0,46.0,47.0,53.0,11.4,48.4,242.0,7394
195040,COLEGIO BRITANICO,BOGOTÁ D.C.,2020,82,53.0,50.0,49.0,47.0,46.0,8.6,49.5,247.5,4883
195040,COLEGIO BRITANICO,BOGOTÁ D.C.,2021,51,52.0,48.0,46.0,47.0,52.0,10.4,48.5,242.5,5521
195040,COLEGIO BRITANICO,BOGOTÁ D.C.,2022,41,52.0,49.0,46.0,46.0,49.0,9.2,48.3,241.5,6616
195040,COLEGIO BRITANICO,BOGOTÁ D.C.,2023,42,53.0,50.0,45.0,47.0,52.0,9.0,49.0,245.0,6514
195040,COLEGIO BRITANICO,BOGOTÁ D.C.,2024,48,51.0,49.0,46.0,46.0,50.0,12.0,48.2,241.0,7387
195040,COLEGIO BRITANICO,BOGOTÁ D.C.,2025,36,51.0,47.0,44.0,47.0,48.0,9.8,47.3,236.5,8215
738310,CENT EDUC DIST PUERTA AL LLANO,BOGOTÁ D.C.,2020,108,49.0,46.0,45.0,45.0,43.0,8.0,46.0,230.0,7550
738310,CENT EDUC DIST PUERTA AL LLANO,BOGOTÁ D.C.,2021,115,50.0,46.0,46.0,46.0,44.0,8.4,46.8,234.0,6752
738310,CENT EDUC DIST PUERTA AL LLANO,BOGOTÁ D.C.,2022,113,51.0,50.0,46.0,48.0,48.0,9.0,48.7,243.5,6313
738310,CENT EDUC DIST PUERTA AL LLANO,BOGOTÁ D.C.,2023,105,49.0,47.0,44.0,45.0,48.0,8.0,46.4,232.0,8456
738310,CENT EDUC DIST PUERTA AL LLANO,BOGOTÁ D.C.,2024,102,52.0,48.0,47.0,48.0,49.0,8.8,48.8,244.0,6985
738310,CENT EDUC DIST PUERTA AL LLANO,BOGOTÁ D.C.,2025,112,51.0,47.0,44.0,47.0,48.0,9.0,47.3,236.5,8215
123109,COLEGIO GIMNASIO AMERICANO,BOGOTÁ D.C.,2020,48,53.0,50.0,49.0,46.0,47.0,9.2,49.3,246.5,5038
123109,COLEGIO GIMNASIO AMERICANO,BOGOTÁ D.C.,2021,65,54.0,50.0,48.0,48.0,56.0,10.6,50.5,252.5,4180
123109,COLEGIO GIMNASIO AMERICANO,BOGOTÁ D.C.,2022,54,54.0,50.0,49.0,49.0,54.0,11.0,50.8,254.0,4769
123109,COLEGIO GIMNASIO AMERICANO,BOGOTÁ D.C.,2023,41,50.0,47.0,47.0,46.0,50.0,10.2,47.7,238.5,7562
123109,COLEGIO GIMNASIO AMERICANO,BOGOTÁ D.C.,2024,48,52.0,49.0,48.0,46.0,52.0,9.6,49.0,245.0,6835
123109,COLEGIO GIMNASIO AMERICANO,BOGOTÁ D.C.,2025,32,54.0,48.0,47.0,47.0,51.0,10.8,49.2,246.0,6856
102749,DIEGO MONTAÑA CUELLAR,BOGOTÁ D.C.,2020,20,48.0,48.0,49.0,45.0,44.0,7.8,47.2,236.0,6628
102749,DIEGO MONTAÑA CUELLAR,BOGOTÁ D.C.,2021,20,50.0,47.0,41.0,45.0,43.0,9.0,45.5,227.5,7846
102749,DIEGO MONTAÑA CUELLAR,BOGOTÁ D.C.,2022,15,51.0,48.0,46.0,45.0,43.0,9.2,47.2,236.0,7300
102749,DIEGO MONTAÑA CUELLAR,BOGOTÁ D.C.,2023,25,51.0,48.0,50.0,47.0,45.0,8.4,48.7,243.5,6816
102749,DIEGO MONTAÑA CUELLAR,BOGOTÁ D.C.,2024,30,49.0,47.0,44.0,45.0,45.0,9.2,46.2,231.0,8771
102749,DIEGO MONTAÑA CUELLAR,BOGOTÁ D.C.,2025,19,48.0,48.0,43.0,47.0,47.0,9.0,46.5,232.5,8728
067074,COL DIST EDUC BAS Y MEDIA LOS ALPES,BOGOTÁ D.C.,2020,59,51.0,51.0,46.0,46.0,42.0,7.6,48.0,240.0,5968
067074,COL DIST EDUC BAS Y MEDIA LOS ALPES,BOGOTÁ D.C.,2021,85,51.0,49.0,45.0,47.0,47.0,9.2,47.9,239.5,5974
067074,COL DIST EDUC BAS Y MEDIA LOS ALPES,BOGOTÁ D.C.,2022,109,51.0,49.0,46.0,48.0,48.0,9.4,48.5,242.5,6461
067074,COL DIST EDUC BAS Y MEDIA LOS ALPES,BOGOTÁ D.C.,2023,82,51.0,47.0,45.0,48.0,47.0,8.6,47.7,238.5,7562
067074,COL DIST EDUC BAS Y MEDIA LOS ALPES,BOGOTÁ D.C.,2024,100,52.0,49.0,46.0,47.0,48.0,9.0,48.5,242.5,7265
067074,COL DIST EDUC BAS Y MEDIA LOS ALPES,BOGOTÁ D.C.,2025,84,52.0,52.0,44.0,47.0,48.0,10.0,48.7,243.5,7273
137828,CENT EDUC DIST JOSE ANTONIO GALAN,BOGOTÁ D.C.,2020,36,52.0,50.0,49.0,46.0,47.0,8.8,49.1,245.5,5182
137828,CENT EDUC DIST JOSE ANTONIO GALAN,BOGOTÁ D.C.,2021,39,49.0,46.0,45.0,46.0,47.0,9.8,46.5,232.5,7068
137828,CENT EDUC DIST JOSE ANTONIO GALAN,BOGOTÁ D.C.,2022,31,55.0,52.0,49.0,47.0,52.0,8.8,50.8,254.0,4769
137828,CENT EDUC DIST JOSE ANTONIO GALAN,BOGOTÁ D.C.,2023,34,52.0,46.0,47.0,48.0,50.0,10.0,48.4,242.0,6970
137828,CENT EDUC DIST JOSE ANTONIO GALAN,BOGOTÁ D.C.,2024,35,54.0,48.0,48.0,47.0,51.0,8.4,49.4,247.0,6570
137828,CENT EDUC DIST JOSE ANTONIO GALAN,BOGOTÁ D.C.,2025,69,52.0,48.0,45.0,47.0,50.0,9.2,48.2,241.0,7525
098517,COL DIST LA ESTANCIA,BOGOTÁ D.C.,2020,77,52.0,50.0,47.0,48.0,45.0,9.4,48.9,244.5,5346
098517,COL DIST LA ESTANCIA,BOGOTÁ D.C.,2021,93,50.0,48.0,43.0,46.0,46.0,9.2,46.7,233.5,6911
098517,COL DIST LA ESTANCIA,BOGOTÁ D.C.,2022,83,51.0,46.0,44.0,46.0,47.0,8.8,46.8,234.0,7555
098517,COL DIST LA ESTANCIA,BOGOTÁ D.C.,2023,85,51.0,50.0,46.0,47.0,0.0,6.8,44.8,224.0,9607
098517,COL DIST LA ESTANCIA,BOGOTÁ D.C.,2023,84,0.0,0.0,0.0,0.0,50.0,1.8,3.8,19.0,14569
098517,COL DIST LA ESTANCIA,BOGOTÁ D.C.,2024,84,50.0,48.0,44.0,46.0,50.0,9.0,47.2,236.0,8101
098517,COL DIST LA ESTANCIA,BOGOTÁ D.C.,2025,72,52.0,48.0,45.0,47.0,50.0,9.0,48.2,241.0,7525
109694,NESTOR FORERO ALCALA,BOGOTÁ D.C.,2020,71,52.0,50.0,47.0,47.0,45.0,8.8,48.7,243.5,5473
109694,NESTOR FORERO ALCALA,BOGOTÁ D.C.,2021,43,50.0,50.0,45.0,48.0,48.0,8.8,48.2,241.0,5675
109694,NESTOR FORERO ALCALA,BOGOTÁ D.C.,2022,45,54.0,51.0,49.0,50.0,49.0,9.8,50.8,254.0,4769
109694,NESTOR FORERO ALCALA,BOGOTÁ D.C.,2023,48,53.0,52.0,47.0,48.0,48.0,8.6,49.8,249.0,5939
109694,NESTOR FORERO ALCALA,BOGOTÁ D.C.,2024,46,54.0,51.0,52.0,51.0,50.0,9.6,51.8,259.0,4944
109694,NESTOR FORERO ALCALA,BOGOTÁ D.C.,2025,51,52.0,50.0,44.0,47.0,47.0,9.2,48.2,241.0,7525
027342,COL DEPT INTEGRADO FONTIBON,BOGOTÁ D.C.,2020,48,53.0,54.0,49.0,48.0,45.0,9.4,50.5,252.5,4217
027342,COL DEPT INTEGRADO FONTIBON,BOGOTÁ D.C.,2021,27,56.0,54.0,51.0,51.0,52.0,10.2,52.9,264.5,2906
027342,COL DEPT INTEGRADO FONTIBON,BOGOTÁ D.C.,2022,36,51.0,51.0,46.0,47.0,49.0,10.4,48.8,244.0,6169
027342,COL DEPT INTEGRADO FONTIBON,BOGOTÁ D.C.,2023,26,53.0,49.0,47.0,47.0,48.0,10.2,48.9,244.5,6653
027342,COL DEPT INTEGRADO FONTIBON,BOGOTÁ D.C.,2024,35,53.0,54.0,49.0,52.0,53.0,9.8,52.1,260.5,4813
027342,COL DEPT INTEGRADO FONTIBON,BOGOTÁ D.C.,2025,39,53.0,49.0,45.0,47.0,52.0,10.0,48.8,244.0,7151
129130,CENT EDUC DIST ALTAMIRA SUR ORIENTAL,BOGOTÁ D.C.,2020,91,50.0,49.0,45.0,46.0,42.0,8.4,47.1,235.5,6775
129130,CENT EDUC DIST ALTAMIRA SUR ORIENTAL,BOGOTÁ D.C.,2021,84,51.0,47.0,43.0,45.0,44.0,9.0,46.3,231.5,7214
129130,CENT EDUC DIST ALTAMIRA SUR ORIENTAL,BOGOTÁ D.C.,2022,105,52.0,48.0,45.0,47.0,47.0,9.6,47.9,239.5,6890
129130,CENT EDUC DIST ALTAMIRA SUR ORIENTAL,BOGOTÁ D.C.,2023,110,52.0,49.0,45.0,48.0,47.0,9.0,48.4,242.0,6970
129130,CENT EDUC DIST ALTAMIRA SUR ORIENTAL,BOGOTÁ D.C.,2024,106,53.0,51.0,48.0,49.0,50.0,9.8,50.2,251.0,6023
129130,CENT EDUC DIST ALTAMIRA SUR ORIENTAL,BOGOTÁ D.C.,2025,106,52.0,50.0,45.0,47.0,49.0,9.8,48.5,242.5,7394
098541,CENT EDUC DIST UNION EUROPEA,BOGOTÁ D.C.,2020,39,52.0,53.0,50.0,49.0,46.0,9.2,50.6,253.0,4092
098541,CENT EDUC DIST UNION EUROPEA,BOGOTÁ D.C.,2021,65,52.0,49.0,44.0,46.0,46.0,8.6,47.6,238.0,6130
098541,CENT EDUC DIST UNION EUROPEA,BOGOTÁ D.C.,2022,53,50.0,46.0,45.0,44.0,45.0,9.2,46.2,231.0,7987
098541,CENT EDUC DIST UNION EUROPEA,BOGOTÁ D.C.,2023,71,52.0,51.0,47.0,47.0,49.0,9.4,49.2,246.0,6365
098541,CENT EDUC DIST UNION EUROPEA,BOGOTÁ D.C.,2024,74,52.0,49.0,46.0,48.0,49.0,9.8,48.8,244.0,6985
098541,CENT EDUC DIST UNION EUROPEA,BOGOTÁ D.C.,2025,53,51.0,50.0,45.0,47.0,50.0,8.8,48.4,242.0,7394
038885,COL BOGOTANO MIXTO,BOGOTÁ D.C.,2020,6,57.0,49.0,49.0,51.0,47.0,6.8,51.2,256.0,3726
038885,COL BOGOTANO MIXTO,BOGOTÁ D.C.,2021,4,45.0,38.0,35.0,36.0,41.0,11.2,38.7,193.5,12500
038885,COL BOGOTANO MIXTO,BOGOTÁ D.C.,2022,3,54.0,46.0,57.0,54.0,54.0,12.4,52.8,264.0,3592
038885,COL BOGOTANO MIXTO,BOGOTÁ D.C.,2023,8,57.0,55.0,49.0,51.0,53.0,8.4,53.0,265.0,3776
038885,COL BOGOTANO MIXTO,BOGOTÁ D.C.,2024,3,54.0,50.0,50.0,51.0,61.0,11.8,52.0,260.0,4813
038885,COL BOGOTANO MIXTO,BOGOTÁ D.C.,2025,2,57.0,37.0,48.0,47.0,55.0,13.6,47.8,239.0,7792
218370,CENT EDUC DIST ANTONIO VILLAVICENCIO,BOGOTÁ D.C.,2021,28,52.0,48.0,45.0,48.0,45.0,8.6,48.0,240.0,5817
218370,CENT EDUC DIST ANTONIO VILLAVICENCIO,BOGOTÁ D.C.,2022,27,49.0,44.0,43.0,45.0,47.0,10.4,45.4,227.0,8595
218370,CENT EDUC DIST ANTONIO VILLAVICENCIO,BOGOTÁ D.C.,2023,37,51.0,47.0,48.0,47.0,48.0,8.0,48.2,241.0,7120
218370,CENT EDUC DIST ANTONIO VILLAVICENCIO,BOGOTÁ D.C.,2024,25,55.0,53.0,49.0,49.0,49.0,9.4,51.3,256.5,5338
218370,CENT EDUC DIST ANTONIO VILLAVICENCIO,BOGOTÁ D.C.,2025,40,52.0,50.0,46.0,47.0,50.0,10.4,48.8,244.0,7151
743260,CENT EDUC DIST LOS PINOS,BOGOTÁ D.C.,2020,43,51.0,51.0,46.0,46.0,43.0,8.4,48.1,240.5,5968
743260,CENT EDUC DIST LOS PINOS,BOGOTÁ D.C.,2021,32,51.0,50.0,45.0,47.0,47.0,10.8,48.2,241.0,5675
743260,CENT EDUC DIST LOS PINOS,BOGOTÁ D.C.,2022,38,49.0,43.0,41.0,43.0,48.0,8.6,44.3,221.5,9439
743260,CENT EDUC DIST LOS PINOS,BOGOTÁ D.C.,2023,48,48.0,48.0,44.0,46.0,49.0,8.8,46.7,233.5,8304
743260,CENT EDUC DIST LOS PINOS,BOGOTÁ D.C.,2024,42,48.0,49.0,43.0,44.0,45.0,8.6,45.9,229.5,9051
743260,CENT EDUC DIST LOS PINOS,BOGOTÁ D.C.,2025,42,49.0,51.0,45.0,47.0,51.0,9.0,48.2,241.0,7525
141994,COL JOSE MARIA VARGAS VILA (INS EDUC DIST),BOGOTÁ D.C.,2020,42,48.0,44.0,41.0,42.0,39.0,7.4,43.4,217.0,9587
141994,COL JOSE MARIA VARGAS VILA (INS EDUC DIST),BOGOTÁ D.C.,2021,58,46.0,42.0,38.0,41.0,39.0,8.0,41.5,207.5,10843
141994,COL JOSE MARIA VARGAS VILA (INS EDUC DIST),BOGOTÁ D.C.,2022,37,44.0,40.0,38.0,41.0,39.0,7.6,40.6,203.0,11874
141994,COL JOSE MARIA VARGAS VILA (INS EDUC DIST),BOGOTÁ D.C.,2023,45,48.0,45.0,43.0,45.0,43.0,9.0,45.1,225.5,9454
141994,COL JOSE MARIA VARGAS VILA (INS EDUC DIST),BOGOTÁ D.C.,2024,43,46.0,43.0,40.0,43.0,41.0,9.2,42.8,214.0,11004
141994,COL JOSE MARIA VARGAS VILA (INS EDUC DIST),BOGOTÁ D.C.,2025,70,51.0,50.0,45.0,47.0,46.0,9.4,48.1,240.5,7658
091330,INST IP EDUCANDO LA JUVENTUD FUTURO DE COLOMBIA,BOGOTÁ D.C.,2020,16,51.0,49.0,46.0,47.0,49.0,10.2,48.3,241.5,5792
091330,INST IP EDUCANDO LA JUVENTUD FUTURO DE COLOMBIA,BOGOTÁ D.C.,2021,20,49.0,47.0,43.0,47.0,49.0,9.6,46.7,233.5,6911
091330,INST IP EDUCANDO LA JUVENTUD FUTURO DE COLOMBIA,BOGOTÁ D.C.,2022,21,53.0,51.0,47.0,47.0,52.0,10.2,49.7,248.5,5613
091330,INST IP EDUCANDO LA JUVENTUD FUTURO DE COLOMBIA,BOGOTÁ D.C.,2023,31,54.0,49.0,50.0,49.0,54.0,10.6,50.8,254.0,5222
091330,INST IP EDUCANDO LA JUVENTUD FUTURO DE COLOMBIA,BOGOTÁ D.C.,2024,32,49.0,47.0,43.0,45.0,49.0,8.4,46.2,231.0,8771
091330,INST IP EDUCANDO LA JUVENTUD FUTURO DE COLOMBIA,BOGOTÁ D.C.,2025,18,50.0,47.0,44.0,47.0,47.0,10.4,47.0,235.0,8336
218198,SEDE B,BOGOTÁ D.C.,2020,40,55.0,53.0,49.0,50.0,47.0,7.8,51.4,257.0,3630
218198,SEDE B,BOGOTÁ D.C.,2021,44,51.0,49.0,49.0,49.0,50.0,9.6,49.5,247.5,4807
218198,SEDE B,BOGOTÁ D.C.,2022,33,53.0,50.0,48.0,49.0,53.0,8.4,50.2,251.0,5167
218198,SEDE B,BOGOTÁ D.C.,2023,32,53.0,54.0,50.0,52.0,52.0,10.2,52.2,261.0,4277
218198,SEDE B,BOGOTÁ D.C.,2024,49,56.0,57.0,54.0,53.0,54.0,10.2,54.9,274.5,3172
218198,SEDE B,BOGOTÁ D.C.,2025,59,53.0,52.0,46.0,47.0,51.0,11.0,49.6,248.0,6584
109678,COL DIST EDUC BAS Y MEDIA GERARDO PAREDES MARTINEZ,BOGOTÁ D.C.,2020,171,53.0,52.0,48.0,48.0,45.0,8.6,49.8,249.0,4600
109678,COL DIST EDUC BAS Y MEDIA GERARDO PAREDES MARTINEZ,BOGOTÁ D.C.,2021,173,52.0,50.0,47.0,48.0,48.0,9.6,49.2,246.0,4956
109678,COL DIST EDUC BAS Y MEDIA GERARDO PAREDES MARTINEZ,BOGOTÁ D.C.,2022,168,52.0,49.0,46.0,48.0,49.0,9.2,48.8,244.0,6169
109678,COL DIST EDUC BAS Y MEDIA GERARDO PAREDES MARTINEZ,BOGOTÁ D.C.,2023,178,51.0,50.0,47.0,48.0,49.0,9.0,49.0,245.0,6514
109678,COL DIST EDUC BAS Y MEDIA GERARDO PAREDES MARTINEZ,BOGOTÁ D.C.,2024,180,52.0,50.0,46.0,47.0,49.0,9.2,48.8,244.0,6985
109678,COL DIST EDUC BAS Y MEDIA GERARDO PAREDES MARTINEZ,BOGOTÁ D.C.,2025,182,53.0,50.0,46.0,47.0,50.0,8.8,49.1,245.5,6994
091033,COL DE ADMON ROBERT OWEN,BOGOTÁ D.C.,2020,87,53.0,53.0,50.0,49.0,50.0,8.6,51.2,256.0,3726
091033,COL DE ADMON ROBERT OWEN,BOGOTÁ D.C.,2021,59,53.0,49.0,47.0,47.0,51.0,9.0,49.2,246.0,4956
091033,COL DE ADMON ROBERT OWEN,BOGOTÁ D.C.,2022,42,52.0,49.0,48.0,48.0,52.0,8.8,49.5,247.5,5730
091033,COL DE ADMON ROBERT OWEN,BOGOTÁ D.C.,2023,63,53.0,50.0,48.0,48.0,54.0,9.4,50.1,250.5,5788
091033,COL DE ADMON ROBERT OWEN,BOGOTÁ D.C.,2024,65,52.0,48.0,45.0,47.0,52.0,8.2,48.3,241.5,7387
091033,COL DE ADMON ROBERT OWEN,BOGOTÁ D.C.,2025,71,53.0,49.0,44.0,47.0,53.0,9.6,48.6,243.0,7273
020875,COL DIST EDUC BAS Y MEDIA ANTONIO NARIÑO,BOGOTÁ D.C.,2020,14,47.0,43.0,46.0,42.0,38.0,7.8,44.0,220.0,9121
020875,COL DIST EDUC BAS Y MEDIA ANTONIO NARIÑO,BOGOTÁ D.C.,2021,7,45.0,36.0,41.0,39.0,41.0,9.4,40.3,201.5,11657
020875,COL DIST EDUC BAS Y MEDIA ANTONIO NARIÑO,BOGOTÁ D.C.,2022,12,48.0,41.0,45.0,45.0,47.0,9.8,44.9,224.5,9016
020875,COL DIST EDUC BAS Y MEDIA ANTONIO NARIÑO,BOGOTÁ D.C.,2023,11,50.0,46.0,48.0,46.0,50.0,7.6,47.7,238.5,7562
020875,COL DIST EDUC BAS Y MEDIA ANTONIO NARIÑO,BOGOTÁ D.C.,2024,20,46.0,45.0,44.0,44.0,46.0,8.0,44.8,224.0,9742
020875,COL DIST EDUC BAS Y MEDIA ANTONIO NARIÑO,BOGOTÁ D.C.,2025,21,50.0,47.0,45.0,47.0,51.0,9.8,47.5,237.5,8078
199778,COLEGIO HUMANISTA JALIL GIBRAN - SEDE PRINCIPAL,BOGOTÁ D.C.,2020,2,54.0,58.0,52.0,54.0,49.0,7.0,54.1,270.5,2359
199778,COLEGIO HUMANISTA JALIL GIBRAN - SEDE PRINCIPAL,BOGOTÁ D.C.,2021,17,51.0,45.0,45.0,47.0,44.0,9.6,46.8,234.0,6752
199778,COLEGIO HUMANISTA JALIL GIBRAN - SEDE PRINCIPAL,BOGOTÁ D.C.,2023,1,63.0,62.0,42.0,51.0,66.0,0.0,55.4,277.0,2625
199778,COLEGIO HUMANISTA JALIL GIBRAN - SEDE PRINCIPAL,BOGOTÁ D.C.,2024,9,40.0,41.0,38.0,39.0,42.0,6.6,39.7,198.5,12721
199778,COLEGIO HUMANISTA JALIL GIBRAN - SEDE PRINCIPAL,BOGOTÁ D.C.,2025,11,51.0,49.0,46.0,47.0,49.0,9.0,48.3,241.5,7525
815951,COLEGIO EN-CONEXION NORTE,BOGOTÁ D.C.,2024,111,53.0,48.0,47.0,47.0,52.0,10.0,49.0,245.0,6835
815951,COLEGIO EN-CONEXION NORTE,BOGOTÁ D.C.,2025,113,52.0,48.0,46.0,47.0,52.0,10.6,48.5,242.5,7394
658237,CENT EDUC DIST ALVARO GOMEZ HURTADO,BOGOTÁ D.C.,2020,49,50.0,46.0,44.0,42.0,44.0,9.8,45.4,227.0,8016
658237,CENT EDUC DIST ALVARO GOMEZ HURTADO,BOGOTÁ D.C.,2021,100,52.0,48.0,46.0,46.0,48.0,9.2,48.0,240.0,5817
658237,CENT EDUC DIST ALVARO GOMEZ HURTADO,BOGOTÁ D.C.,2022,52,52.0,48.0,47.0,48.0,49.0,9.2,48.8,244.0,6169
658237,CENT EDUC DIST ALVARO GOMEZ HURTADO,BOGOTÁ D.C.,2023,76,52.0,48.0,46.0,46.0,49.0,8.6,48.1,240.5,7281
658237,CENT EDUC DIST ALVARO GOMEZ HURTADO,BOGOTÁ D.C.,2024,75,51.0,48.0,45.0,46.0,51.0,9.0,47.8,239.0,7653
658237,CENT EDUC DIST ALVARO GOMEZ HURTADO,BOGOTÁ D.C.,2025,62,52.0,48.0,46.0,47.0,50.0,10.0,48.4,242.0,7394
109454,COLEGIO NICOLÁS GÓMEZ DÁVILA (IED) - SEDE PRINCIPAL,BOGOTÁ D.C.,2020,62,51.0,49.0,47.0,47.0,47.0,8.6,48.4,242.0,5639
109454,COLEGIO NICOLÁS GÓMEZ DÁVILA (IED) - SEDE PRINCIPAL,BOGOTÁ D.C.,2021,92,51.0,50.0,46.0,47.0,47.0,8.8,48.4,242.0,5521
109454,COLEGIO NICOLÁS GÓMEZ DÁVILA (IED) - SEDE PRINCIPAL,BOGOTÁ D.C.,2022,67,51.0,49.0,45.0,47.0,48.0,7.8,48.0,240.0,6767
109454,COLEGIO NICOLÁS GÓMEZ DÁVILA (IED) - SEDE PRINCIPAL,BOGOTÁ D.C.,2023,54,51.0,49.0,46.0,47.0,51.0,9.0,48.5,242.5,6970
109454,COLEGIO NICOLÁS GÓMEZ DÁVILA (IED) - SEDE PRINCIPAL,BOGOTÁ D.C.,2024,68,54.0,53.0,47.0,51.0,52.0,9.4,51.3,256.5,5338
109454,COLEGIO NICOLÁS GÓMEZ DÁVILA (IED) - SEDE PRINCIPAL,BOGOTÁ D.C.,2025,61,50.0,52.0,44.0,47.0,50.0,10.4,48.4,242.0,7394
062703,CENT EDUC DIST BAS Y MEDIA VILLA RICA,BOGOTÁ D.C.,2020,31,55.0,53.0,50.0,51.0,48.0,7.2,51.9,259.5,3398
062703,CENT EDUC DIST BAS Y MEDIA VILLA RICA,BOGOTÁ D.C.,2021,29,51.0,49.0,42.0,48.0,50.0,9.2,47.7,238.5,6130
062703,CENT EDUC DIST BAS Y MEDIA VILLA RICA,BOGOTÁ D.C.,2022,25,51.0,52.0,46.0,48.0,53.0,7.8,49.5,247.5,5730
062703,CENT EDUC DIST BAS Y MEDIA VILLA RICA,BOGOTÁ D.C.,2023,27,53.0,52.0,46.0,50.0,54.0,9.6,50.5,252.5,5515
062703,CENT EDUC DIST BAS Y MEDIA VILLA RICA,BOGOTÁ D.C.,2024,32,55.0,51.0,50.0,51.0,54.0,8.6,51.9,259.5,4944
062703,CENT EDUC DIST BAS Y MEDIA VILLA RICA,BOGOTÁ D.C.,2025,51,50.0,49.0,43.0,47.0,50.0,9.4,47.5,237.5,8078
091272,COL DIST EDUC BAS Y MEDIA MONTEBELLO,BOGOTÁ D.C.,2020,28,51.0,49.0,45.0,44.0,44.0,7.6,47.0,235.0,6775
091272,COL DIST EDUC BAS Y MEDIA MONTEBELLO,BOGOTÁ D.C.,2021,36,52.0,46.0,46.0,47.0,46.0,8.8,47.6,238.0,6130
091272,COL DIST EDUC BAS Y MEDIA MONTEBELLO,BOGOTÁ D.C.,2022,23,48.0,43.0,42.0,43.0,42.0,8.8,43.8,219.0,9741
091272,COL DIST EDUC BAS Y MEDIA MONTEBELLO,BOGOTÁ D.C.,2023,43,50.0,49.0,45.0,46.0,48.0,9.0,47.5,237.5,7719
091272,COL DIST EDUC BAS Y MEDIA MONTEBELLO,BOGOTÁ D.C.,2025,24,49.0,50.0,43.0,47.0,49.0,11.0,47.4,237.0,8078
098327,CENT EDUC DIST SIERRA MORENA,BOGOTÁ D.C.,2020,75,47.0,47.0,42.0,44.0,42.0,8.4,44.8,224.0,8509
098327,CENT EDUC DIST SIERRA MORENA,BOGOTÁ D.C.,2021,74,49.0,47.0,42.0,45.0,44.0,8.8,45.6,228.0,7684
098327,CENT EDUC DIST SIERRA MORENA,BOGOTÁ D.C.,2022,69,50.0,49.0,45.0,47.0,46.0,9.8,47.6,238.0,7031
098327,CENT EDUC DIST SIERRA MORENA,BOGOTÁ D.C.,2023,110,50.0,49.0,43.0,47.0,48.0,9.6,47.3,236.5,7864
098327,CENT EDUC DIST SIERRA MORENA,BOGOTÁ D.C.,2024,73,51.0,48.0,43.0,47.0,47.0,8.6,47.2,236.0,8101
098327,CENT EDUC DIST SIERRA MORENA,BOGOTÁ D.C.,2025,105,50.0,49.0,41.0,47.0,46.0,8.6,46.7,233.5,8585
139154,COLEGIO EDUARDO UMAÑA LUNA INSTITUCION EDUCATIVA DISTRITAL - SEDE PRINCIPAL,BOGOTÁ D.C.,2020,62,52.0,50.0,48.0,45.0,44.0,9.0,48.4,242.0,5639
139154,COLEGIO EDUARDO UMAÑA LUNA INSTITUCION EDUCATIVA DISTRITAL - SEDE PRINCIPAL,BOGOTÁ D.C.,2021,42,52.0,49.0,46.0,48.0,49.0,9.0,48.8,244.0,5257
139154,COLEGIO EDUARDO UMAÑA LUNA INSTITUCION EDUCATIVA DISTRITAL - SEDE PRINCIPAL,BOGOTÁ D.C.,2022,60,54.0,50.0,48.0,49.0,50.0,9.6,50.2,251.0,5167
139154,COLEGIO EDUARDO UMAÑA LUNA INSTITUCION EDUCATIVA DISTRITAL - SEDE PRINCIPAL,BOGOTÁ D.C.,2023,69,52.0,49.0,47.0,48.0,47.0,8.8,48.8,244.0,6653
139154,COLEGIO EDUARDO UMAÑA LUNA INSTITUCION EDUCATIVA DISTRITAL - SEDE PRINCIPAL,BOGOTÁ D.C.,2024,31,55.0,53.0,48.0,51.0,53.0,7.0,51.8,259.0,4944
139154,COLEGIO EDUARDO UMAÑA LUNA INSTITUCION EDUCATIVA DISTRITAL - SEDE PRINCIPAL,BOGOTÁ D.C.,2025,63,50.0,49.0,44.0,47.0,48.0,8.4,47.5,237.5,8078
710079,CENTRO DE CAPACITACION BOLIVAR - CENCABO,BOGOTÁ D.C.,2020,10,49.0,44.0,43.0,42.0,43.0,7.2,44.4,222.0,8802
710079,CENTRO DE CAPACITACION BOLIVAR - CENCABO,BOGOTÁ D.C.,2021,11,49.0,45.0,45.0,46.0,49.0,10.6,46.5,232.5,7068
710079,CENTRO DE CAPACITACION BOLIVAR - CENCABO,BOGOTÁ D.C.,2022,27,52.0,50.0,50.0,49.0,51.0,11.8,50.3,251.5,5167
710079,CENTRO DE CAPACITACION BOLIVAR - CENCABO,BOGOTÁ D.C.,2023,3,54.0,43.0,49.0,46.0,53.0,11.8,48.4,242.0,6970
710079,CENTRO DE CAPACITACION BOLIVAR - CENCABO,BOGOTÁ D.C.,2024,4,50.0,52.0,45.0,49.0,55.0,14.4,49.5,247.5,6570
710079,CENTRO DE CAPACITACION BOLIVAR - CENCABO,BOGOTÁ D.C.,2025,12,54.0,50.0,48.0,47.0,52.0,8.0,49.9,249.5,6460
819110,COL DIST EDUC BAS Y MEDIA JOSE JOAQUIN CASTRO MARTINEZ,BOGOTÁ D.C.,2024,69,51.0,51.0,43.0,46.0,49.0,8.4,47.8,239.0,7653
819110,COL DIST EDUC BAS Y MEDIA JOSE JOAQUIN CASTRO MARTINEZ,BOGOTÁ D.C.,2025,37,52.0,50.0,46.0,47.0,0.0,8.8,45.0,225.0,9695
819110,COL DIST EDUC BAS Y MEDIA JOSE JOAQUIN CASTRO MARTINEZ,BOGOTÁ D.C.,2025,36,0.0,0.0,0.0,0.0,50.0,1.8,3.8,19.0,14764
075507,CENTRO EDUCATIVO EXTERNADO SIMON BOLIVAR,BOGOTÁ D.C.,2020,32,49.0,47.0,44.0,45.0,42.0,8.8,45.9,229.5,7707
075507,CENTRO EDUCATIVO EXTERNADO SIMON BOLIVAR,BOGOTÁ D.C.,2021,56,50.0,46.0,44.0,45.0,47.0,8.4,46.3,231.5,7214
075507,CENTRO EDUCATIVO EXTERNADO SIMON BOLIVAR,BOGOTÁ D.C.,2022,46,51.0,48.0,44.0,46.0,46.0,8.2,47.2,236.0,7300
075507,CENTRO EDUCATIVO EXTERNADO SIMON BOLIVAR,BOGOTÁ D.C.,2023,35,47.0,44.0,43.0,44.0,45.0,9.2,44.5,222.5,9891
075507,CENTRO EDUCATIVO EXTERNADO SIMON BOLIVAR,BOGOTÁ D.C.,2024,27,49.0,46.0,45.0,44.0,49.0,8.8,46.2,231.0,8771
075507,CENTRO EDUCATIVO EXTERNADO SIMON BOLIVAR,BOGOTÁ D.C.,2025,21,49.0,45.0,44.0,46.0,48.0,8.4,46.2,231.0,8880
194449,COLEGIO TECNISISTEMAS - SEDE PRINCIPAL,BOGOTÁ D.C.,2023,31,51.0,48.0,50.0,49.0,51.0,11.2,49.6,248.0,6063
194449,COLEGIO TECNISISTEMAS - SEDE PRINCIPAL,BOGOTÁ D.C.,2025,39,51.0,48.0,46.0,46.0,50.0,9.0,47.9,239.5,7792
081224,CENT DE EDUC FORMAL ROBERT HOOKE,BOGOTÁ D.C.,2020,69,49.0,48.0,44.0,44.0,43.0,9.0,46.0,230.0,7550
081224,CENT DE EDUC FORMAL ROBERT HOOKE,BOGOTÁ D.C.,2021,96,48.0,44.0,41.0,44.0,43.0,9.0,44.2,221.0,8712
081224,CENT DE EDUC FORMAL ROBERT HOOKE,BOGOTÁ D.C.,2022,113,48.0,44.0,42.0,43.0,44.0,9.0,44.2,221.0,9439
081224,CENT DE EDUC FORMAL ROBERT HOOKE,BOGOTÁ D.C.,2023,105,47.0,45.0,43.0,44.0,45.0,9.2,44.8,224.0,9607
081224,CENT DE EDUC FORMAL ROBERT HOOKE,BOGOTÁ D.C.,2024,139,45.0,41.0,40.0,41.0,43.0,9.4,41.8,209.0,11613
081224,CENT DE EDUC FORMAL ROBERT HOOKE,BOGOTÁ D.C.,2025,85,50.0,47.0,43.0,46.0,48.0,9.0,46.6,233.0,8585
120584,CENT EDUC DIST LOS TEJARES,BOGOTÁ D.C.,2020,18,52.0,55.0,49.0,51.0,46.0,9.6,51.3,256.5,3726
120584,CENT EDUC DIST LOS TEJARES,BOGOTÁ D.C.,2021,30,53.0,48.0,43.0,45.0,48.0,10.6,47.3,236.5,6424
120584,CENT EDUC DIST LOS TEJARES,BOGOTÁ D.C.,2022,20,53.0,54.0,49.0,49.0,49.0,9.0,51.1,255.5,4637
120584,CENT EDUC DIST LOS TEJARES,BOGOTÁ D.C.,2023,25,52.0,52.0,45.0,47.0,48.0,9.0,48.9,244.5,6653
120584,CENT EDUC DIST LOS TEJARES,BOGOTÁ D.C.,2024,21,50.0,51.0,46.0,48.0,46.0,9.6,48.5,242.5,7265
120584,CENT EDUC DIST LOS TEJARES,BOGOTÁ D.C.,2025,20,50.0,51.0,44.0,46.0,50.0,9.0,47.9,239.5,7792
194472,COLEGIO TECNISISTEMAS - SEDE PRINCIPAL,BOGOTÁ D.C.,2020,45,49.0,48.0,46.0,43.0,43.0,9.2,46.2,231.0,7395
194472,COLEGIO TECNISISTEMAS - SEDE PRINCIPAL,BOGOTÁ D.C.,2021,55,47.0,45.0,42.0,43.0,40.0,9.0,43.9,219.5,9004
194472,COLEGIO TECNISISTEMAS - SEDE PRINCIPAL,BOGOTÁ D.C.,2022,49,50.0,47.0,46.0,46.0,47.0,9.8,47.2,236.0,7300
194472,COLEGIO TECNISISTEMAS - SEDE PRINCIPAL,BOGOTÁ D.C.,2023,47,49.0,47.0,45.0,45.0,46.0,9.4,46.5,232.5,8456
194472,COLEGIO TECNISISTEMAS - SEDE PRINCIPAL,BOGOTÁ D.C.,2024,57,50.0,45.0,44.0,46.0,46.0,9.4,46.2,231.0,8771
194472,COLEGIO TECNISISTEMAS - SEDE PRINCIPAL,BOGOTÁ D.C.,2025,52,51.0,48.0,44.0,46.0,48.0,10.6,47.3,236.5,8215
194415,COLEGIO TECNISISTEMAS - SEDE PRINCIPAL,BOGOTÁ D.C.,2020,75,50.0,50.0,47.0,47.0,45.0,9.8,48.2,241.0,5792
194415,COLEGIO TECNISISTEMAS - SEDE PRINCIPAL,BOGOTÁ D.C.,2021,72,51.0,48.0,45.0,46.0,49.0,9.6,47.6,238.0,6130
194415,COLEGIO TECNISISTEMAS - SEDE PRINCIPAL,BOGOTÁ D.C.,2022,71,50.0,48.0,45.0,46.0,48.0,9.2,47.3,236.5,7300
194415,COLEGIO TECNISISTEMAS - SEDE PRINCIPAL,BOGOTÁ D.C.,2023,81,51.0,49.0,46.0,48.0,50.0,10.4,48.6,243.0,6816
194415,COLEGIO TECNISISTEMAS - SEDE PRINCIPAL,BOGOTÁ D.C.,2024,59,52.0,51.0,48.0,48.0,50.0,9.2,49.8,249.0,6319
194415,COLEGIO TECNISISTEMAS - SEDE PRINCIPAL,BOGOTÁ D.C.,2025,70,51.0,48.0,44.0,46.0,48.0,10.4,47.3,236.5,8215
657536,CENTRO JOHANN KEPLER - SEDE PRINCIPAL,BOGOTÁ D.C.,2020,1,32.0,39.0,39.0,35.0,32.0,0.0,35.9,179.5,13540
657536,CENTRO JOHANN KEPLER - SEDE PRINCIPAL,BOGOTÁ D.C.,2021,13,44.0,43.0,40.0,42.0,41.0,8.8,42.2,211.0,10258
657536,CENTRO JOHANN KEPLER - SEDE PRINCIPAL,BOGOTÁ D.C.,2022,2,46.0,39.0,40.0,46.0,43.0,6.6,42.8,214.0,10458
657536,CENTRO JOHANN KEPLER - SEDE PRINCIPAL,BOGOTÁ D.C.,2023,7,48.0,45.0,41.0,41.0,43.0,8.2,43.7,218.5,10481
657536,CENTRO JOHANN KEPLER - SEDE PRINCIPAL,BOGOTÁ D.C.,2024,9,51.0,46.0,46.0,46.0,45.0,9.8,47.1,235.5,8239
657536,CENTRO JOHANN KEPLER - SEDE PRINCIPAL,BOGOTÁ D.C.,2025,10,54.0,48.0,43.0,46.0,46.0,9.6,47.6,238.0,7953
199562,INSTITUTO GERWILL - SEDE PRINCIPAL,BOGOTÁ D.C.,2020,23,50.0,48.0,43.0,45.0,43.0,7.8,46.2,231.0,7395
199562,INSTITUTO GERWILL - SEDE PRINCIPAL,BOGOTÁ D.C.,2021,16,50.0,45.0,40.0,45.0,47.0,9.2,45.2,226.0,8008
199562,INSTITUTO GERWILL - SEDE PRINCIPAL,BOGOTÁ D.C.,2022,12,44.0,44.0,39.0,40.0,45.0,7.0,42.0,210.0,10986
199562,INSTITUTO GERWILL - SEDE PRINCIPAL,BOGOTÁ D.C.,2023,2,54.0,50.0,53.0,52.0,54.0,13.4,52.4,262.0,4159
199562,INSTITUTO GERWILL - SEDE PRINCIPAL,BOGOTÁ D.C.,2025,4,54.0,43.0,42.0,46.0,57.0,7.0,47.1,235.5,8336
706333,COL MONTERREY,BOGOTÁ D.C.,2020,14,54.0,49.0,51.0,48.0,48.0,7.8,50.3,251.5,4329
706333,COL MONTERREY,BOGOTÁ D.C.,2021,7,49.0,43.0,46.0,44.0,49.0,10.0,45.8,229.0,7538
706333,COL MONTERREY,BOGOTÁ D.C.,2022,11,51.0,53.0,48.0,48.0,52.0,8.8,50.2,251.0,5167
706333,COL MONTERREY,BOGOTÁ D.C.,2023,12,50.0,45.0,46.0,43.0,48.0,7.6,46.2,231.0,8631
706333,COL MONTERREY,BOGOTÁ D.C.,2024,12,52.0,52.0,44.0,48.0,51.0,11.4,49.2,246.0,6712
706333,COL MONTERREY,BOGOTÁ D.C.,2025,17,53.0,45.0,43.0,46.0,53.0,10.0,47.2,236.0,8215
709337,QUALIA ALTERNATIVA EDUCATIVA - SEDE PRINCIPAL,BOGOTÁ D.C.,2020,9,56.0,56.0,57.0,51.0,70.0,8.4,56.2,281.0,1688
709337,QUALIA ALTERNATIVA EDUCATIVA - SEDE PRINCIPAL,BOGOTÁ D.C.,2023,1,71.0,73.0,70.0,66.0,79.0,0.0,70.7,353.5,123
709337,QUALIA ALTERNATIVA EDUCATIVA - SEDE PRINCIPAL,BOGOTÁ D.C.,2024,3,62.0,55.0,56.0,54.0,79.0,7.4,58.5,292.5,1821
709337,QUALIA ALTERNATIVA EDUCATIVA - SEDE PRINCIPAL,BOGOTÁ D.C.,2025,1,48.0,44.0,51.0,46.0,66.0,0.0,48.7,243.5,7273
741918,CENT EDUC DIST RURAL U.B UNION,BOGOTÁ D.C.,2020,5,47.0,38.0,41.0,39.0,38.0,8.6,41.0,205.0,11458
741918,CENT EDUC DIST RURAL U.B UNION,BOGOTÁ D.C.,2022,2,37.0,32.0,34.0,36.0,39.0,6.6,35.1,175.5,13707
741918,CENT EDUC DIST RURAL U.B UNION,BOGOTÁ D.C.,2023,3,42.0,44.0,36.0,45.0,36.0,5.8,41.3,206.5,12065
741918,CENT EDUC DIST RURAL U.B UNION,BOGOTÁ D.C.,2025,1,43.0,54.0,38.0,46.0,48.0,0.0,45.5,227.5,9444
021642,COL NAL ANDRES BELLO,BOGOTÁ D.C.,2020,34,47.0,47.0,47.0,44.0,42.0,9.6,45.9,229.5,7707
021642,COL NAL ANDRES BELLO,BOGOTÁ D.C.,2021,31,45.0,41.0,39.0,41.0,42.0,7.2,41.5,207.5,10843
021642,COL NAL ANDRES BELLO,BOGOTÁ D.C.,2022,36,48.0,47.0,46.0,46.0,45.0,9.8,46.6,233.0,7704
021642,COL NAL ANDRES BELLO,BOGOTÁ D.C.,2023,50,46.0,44.0,42.0,42.0,45.0,9.2,43.6,218.0,10481
021642,COL NAL ANDRES BELLO,BOGOTÁ D.C.,2024,40,55.0,48.0,47.0,48.0,48.0,10.2,49.4,247.0,6570
021642,COL NAL ANDRES BELLO,BOGOTÁ D.C.,2025,45,49.0,46.0,44.0,46.0,44.0,9.2,46.1,230.5,9016
020685,CENT EDUC DIST BRAVO PAEZ,BOGOTÁ D.C.,2020,35,47.0,44.0,42.0,41.0,42.0,8.2,43.4,217.0,9587
020685,CENT EDUC DIST BRAVO PAEZ,BOGOTÁ D.C.,2021,53,51.0,48.0,46.0,46.0,47.0,8.8,47.7,238.5,6130
020685,CENT EDUC DIST BRAVO PAEZ,BOGOTÁ D.C.,2022,54,51.0,46.0,45.0,46.0,49.0,9.4,47.2,236.0,7300
020685,CENT EDUC DIST BRAVO PAEZ,BOGOTÁ D.C.,2023,44,51.0,46.0,44.0,47.0,51.0,8.8,47.3,236.5,7864
020685,CENT EDUC DIST BRAVO PAEZ,BOGOTÁ D.C.,2024,46,52.0,48.0,46.0,46.0,49.0,8.6,48.1,240.5,7517
020685,CENT EDUC DIST BRAVO PAEZ,BOGOTÁ D.C.,2025,22,51.0,48.0,45.0,46.0,49.0,8.4,47.6,238.0,7953
053835,COL DIST EDUC BAS Y MEDIA LEON DE GREIFF,BOGOTÁ D.C.,2020,87,47.0,46.0,42.0,43.0,43.0,8.6,44.4,222.0,8802
053835,COL DIST EDUC BAS Y MEDIA LEON DE GREIFF,BOGOTÁ D.C.,2021,86,49.0,44.0,42.0,44.0,45.0,9.6,44.8,224.0,8287
053835,COL DIST EDUC BAS Y MEDIA LEON DE GREIFF,BOGOTÁ D.C.,2022,51,49.0,48.0,43.0,47.0,46.0,9.0,46.7,233.5,7704
053835,COL DIST EDUC BAS Y MEDIA LEON DE GREIFF,BOGOTÁ D.C.,2023,69,49.0,48.0,44.0,47.0,47.0,8.0,47.0,235.0,8027
053835,COL DIST EDUC BAS Y MEDIA LEON DE GREIFF,BOGOTÁ D.C.,2024,55,51.0,47.0,45.0,47.0,48.0,7.8,47.5,237.5,7952
053835,COL DIST EDUC BAS Y MEDIA LEON DE GREIFF,BOGOTÁ D.C.,2025,66,50.0,47.0,43.0,46.0,49.0,8.6,46.7,233.5,8585
115964,CENT EDUC DIST REP DE MEXICO,BOGOTÁ D.C.,2020,69,53.0,51.0,47.0,47.0,46.0,9.2,49.2,246.0,5038
115964,CENT EDUC DIST REP DE MEXICO,BOGOTÁ D.C.,2021,65,53.0,50.0,47.0,49.0,48.0,8.2,49.6,248.0,4675
115964,CENT EDUC DIST REP DE MEXICO,BOGOTÁ D.C.,2022,54,52.0,52.0,47.0,49.0,51.0,9.4,50.1,250.5,5298
115964,CENT EDUC DIST REP DE MEXICO,BOGOTÁ D.C.,2023,64,53.0,51.0,48.0,48.0,50.0,8.6,50.0,250.0,5788
115964,CENT EDUC DIST REP DE MEXICO,BOGOTÁ D.C.,2024,76,52.0,51.0,45.0,49.0,49.0,10.6,49.2,246.0,6712
115964,CENT EDUC DIST REP DE MEXICO,BOGOTÁ D.C.,2025,73,52.0,49.0,44.0,46.0,48.0,10.0,47.8,239.0,7792
087973,COL CENT DE INSTRUCCION SISTEMATIZADA CEIS,BOGOTÁ D.C.,2020,12,50.0,51.0,45.0,47.0,43.0,8.8,47.8,239.0,6127
087973,COL CENT DE INSTRUCCION SISTEMATIZADA CEIS,BOGOTÁ D.C.,2021,10,44.0,43.0,39.0,44.0,41.0,10.0,42.4,212.0,10114
087973,COL CENT DE INSTRUCCION SISTEMATIZADA CEIS,BOGOTÁ D.C.,2022,19,50.0,45.0,45.0,46.0,45.0,8.2,46.4,232.0,7833
087973,COL CENT DE INSTRUCCION SISTEMATIZADA CEIS,BOGOTÁ D.C.,2023,11,46.0,45.0,38.0,44.0,46.0,9.0,43.5,217.5,10626
087973,COL CENT DE INSTRUCCION SISTEMATIZADA CEIS,BOGOTÁ D.C.,2024,25,47.0,43.0,43.0,43.0,44.0,9.6,44.0,220.0,10264
087973,COL CENT DE INSTRUCCION SISTEMATIZADA CEIS,BOGOTÁ D.C.,2025,25,50.0,44.0,40.0,46.0,46.0,10.0,45.1,225.5,9695
819425,COLEGIO CULTURAL DEL NORTE,BOGOTÁ D.C.,2025,9,47.0,49.0,42.0,46.0,43.0,10.2,45.8,229.0,9179
098335,CENT EDUC DIST CANADA,BOGOTÁ D.C.,2020,29,48.0,45.0,42.0,45.0,41.0,8.4,44.7,223.5,8657
098335,CENT EDUC DIST CANADA,BOGOTÁ D.C.,2021,46,47.0,46.0,43.0,45.0,44.0,9.2,45.2,226.0,8008
098335,CENT EDUC DIST CANADA,BOGOTÁ D.C.,2022,31,47.0,47.0,44.0,46.0,45.0,11.0,45.9,229.5,8295
098335,CENT EDUC DIST CANADA,BOGOTÁ D.C.,2023,38,51.0,50.0,47.0,49.0,49.0,8.8,49.2,246.0,6365
098335,CENT EDUC DIST CANADA,BOGOTÁ D.C.,2024,32,50.0,47.0,45.0,46.0,46.0,8.6,46.9,234.5,8388
098335,CENT EDUC DIST CANADA,BOGOTÁ D.C.,2025,25,51.0,51.0,45.0,46.0,48.0,8.4,48.2,241.0,7525
118265,INST INTEGRADO DE SUBA,BOGOTÁ D.C.,2020,1,47.0,44.0,41.0,44.0,41.0,0.0,43.8,219.0,9265
118265,INST INTEGRADO DE SUBA,BOGOTÁ D.C.,2021,6,46.0,46.0,36.0,42.0,46.0,7.4,42.8,214.0,9806
118265,INST INTEGRADO DE SUBA,BOGOTÁ D.C.,2022,12,52.0,48.0,47.0,48.0,52.0,7.4,49.0,245.0,6031
118265,INST INTEGRADO DE SUBA,BOGOTÁ D.C.,2023,28,47.0,43.0,45.0,43.0,44.0,8.4,44.5,222.5,9891
118265,INST INTEGRADO DE SUBA,BOGOTÁ D.C.,2024,42,51.0,45.0,48.0,46.0,48.0,10.2,47.5,237.5,7952
118265,INST INTEGRADO DE SUBA,BOGOTÁ D.C.,2025,55,50.0,46.0,44.0,46.0,49.0,10.4,46.7,233.5,8585
109520,CENT EDUC DIST SAN AGUSTIN,BOGOTÁ D.C.,2020,39,53.0,51.0,48.0,47.0,46.0,9.0,49.5,247.5,4883
109520,CENT EDUC DIST SAN AGUSTIN,BOGOTÁ D.C.,2021,59,52.0,48.0,47.0,46.0,46.0,8.2,48.1,240.5,5817
109520,CENT EDUC DIST SAN AGUSTIN,BOGOTÁ D.C.,2022,70,51.0,50.0,45.0,47.0,48.0,9.0,48.2,241.0,6616
109520,CENT EDUC DIST SAN AGUSTIN,BOGOTÁ D.C.,2023,31,51.0,50.0,45.0,46.0,48.0,9.8,48.0,240.0,7281
109520,CENT EDUC DIST SAN AGUSTIN,BOGOTÁ D.C.,2024,33,54.0,49.0,48.0,48.0,51.0,10.2,49.8,249.0,6319
109520,CENT EDUC DIST SAN AGUSTIN,BOGOTÁ D.C.,2025,48,49.0,49.0,43.0,46.0,47.0,9.4,46.8,234.0,8454
155275,CENT EDUC DIST GUACAMAYAS,BOGOTÁ D.C.,2020,27,47.0,47.0,44.0,43.0,42.0,8.8,45.0,225.0,8347
155275,CENT EDUC DIST GUACAMAYAS,BOGOTÁ D.C.,2021,31,47.0,45.0,42.0,44.0,46.0,9.0,44.6,223.0,8436
155275,CENT EDUC DIST GUACAMAYAS,BOGOTÁ D.C.,2022,49,49.0,45.0,43.0,45.0,48.0,9.2,45.7,228.5,8446
155275,CENT EDUC DIST GUACAMAYAS,BOGOTÁ D.C.,2023,47,51.0,49.0,46.0,46.0,48.0,8.8,48.0,240.0,7281
155275,CENT EDUC DIST GUACAMAYAS,BOGOTÁ D.C.,2024,50,51.0,46.0,44.0,45.0,47.0,8.2,46.5,232.5,8665
155275,CENT EDUC DIST GUACAMAYAS,BOGOTÁ D.C.,2025,60,49.0,46.0,42.0,46.0,47.0,8.8,45.8,229.0,9179
079848,COLEGIO TECNISISTEMAS,BOGOTÁ D.C.,2020,133,51.0,48.0,47.0,45.0,43.0,10.2,47.4,237.0,6451
079848,COLEGIO TECNISISTEMAS,BOGOTÁ D.C.,2021,164,51.0,46.0,44.0,46.0,49.0,9.6,46.9,234.5,6752
079848,COLEGIO TECNISISTEMAS,BOGOTÁ D.C.,2022,165,52.0,48.0,46.0,47.0,50.0,10.0,48.4,242.0,6461
079848,COLEGIO TECNISISTEMAS,BOGOTÁ D.C.,2023,134,50.0,47.0,46.0,47.0,50.0,10.2,47.7,238.5,7562
079848,COLEGIO TECNISISTEMAS,BOGOTÁ D.C.,2024,201,50.0,46.0,44.0,46.0,49.0,10.4,46.7,233.5,8525
079848,COLEGIO TECNISISTEMAS,BOGOTÁ D.C.,2025,142,51.0,47.0,45.0,46.0,50.0,10.0,47.5,237.5,8078
813964,POLITECNICA COLOMBIANA - SEDE PRINCIPAL,BOGOTÁ D.C.,2024,4,47.0,39.0,42.0,37.0,40.0,5.0,41.2,206.0,11959
813964,POLITECNICA COLOMBIANA - SEDE PRINCIPAL,BOGOTÁ D.C.,2025,12,50.0,46.0,42.0,46.0,51.0,12.2,46.4,232.0,8728
150409,POLITECNICO UNIVERSAL DE CAPACITACION,BOGOTÁ D.C.,2020,15,55.0,49.0,48.0,45.0,46.0,9.6,49.0,245.0,5182
150409,POLITECNICO UNIVERSAL DE CAPACITACION,BOGOTÁ D.C.,2021,9,47.0,44.0,44.0,46.0,52.0,11.2,45.8,229.0,7538
150409,POLITECNICO UNIVERSAL DE CAPACITACION,BOGOTÁ D.C.,2022,10,53.0,51.0,48.0,47.0,54.0,9.0,50.1,250.5,5298
150409,POLITECNICO UNIVERSAL DE CAPACITACION,BOGOTÁ D.C.,2023,31,50.0,43.0,47.0,46.0,47.0,11.6,46.5,232.5,8456
150409,POLITECNICO UNIVERSAL DE CAPACITACION,BOGOTÁ D.C.,2024,28,53.0,49.0,48.0,49.0,51.0,11.2,49.8,249.0,6319
150409,POLITECNICO UNIVERSAL DE CAPACITACION,BOGOTÁ D.C.,2025,28,50.0,47.0,44.0,46.0,47.0,12.2,46.8,234.0,8454
314252,CENT EDUC DIST RURAL U.B UNION,BOGOTÁ D.C.,2020,15,47.0,49.0,44.0,45.0,41.0,8.2,45.8,229.0,7707
314252,CENT EDUC DIST RURAL U.B UNION,BOGOTÁ D.C.,2021,15,47.0,45.0,41.0,46.0,40.0,11.6,44.4,222.0,8581
314252,CENT EDUC DIST RURAL U.B UNION,BOGOTÁ D.C.,2022,26,47.0,47.0,44.0,46.0,40.0,9.6,45.5,227.5,8595
314252,CENT EDUC DIST RURAL U.B UNION,BOGOTÁ D.C.,2023,15,50.0,49.0,47.0,49.0,41.0,8.8,48.2,241.0,7120
314252,CENT EDUC DIST RURAL U.B UNION,BOGOTÁ D.C.,2024,9,48.0,49.0,45.0,49.0,44.0,7.4,47.5,237.5,7952
314252,CENT EDUC DIST RURAL U.B UNION,BOGOTÁ D.C.,2025,25,50.0,48.0,43.0,46.0,44.0,9.6,46.5,232.5,8728
039701,COL DIST FERNANDO MAZUERA VILLEGAS,BOGOTÁ D.C.,2020,65,47.0,46.0,43.0,43.0,41.0,7.8,44.5,222.5,8802
039701,COL DIST FERNANDO MAZUERA VILLEGAS,BOGOTÁ D.C.,2021,72,48.0,47.0,44.0,45.0,44.0,8.8,45.8,229.0,7538
039701,COL DIST FERNANDO MAZUERA VILLEGAS,BOGOTÁ D.C.,2022,53,49.0,48.0,44.0,46.0,45.0,8.4,46.6,233.0,7704
039701,COL DIST FERNANDO MAZUERA VILLEGAS,BOGOTÁ D.C.,2023,55,49.0,45.0,43.0,46.0,44.0,8.6,45.6,228.0,9033
039701,COL DIST FERNANDO MAZUERA VILLEGAS,BOGOTÁ D.C.,2024,44,50.0,47.0,45.0,46.0,48.0,10.0,47.1,235.5,8239
039701,COL DIST FERNANDO MAZUERA VILLEGAS,BOGOTÁ D.C.,2025,50,50.0,46.0,42.0,46.0,46.0,10.8,46.0,230.0,9016
154047,COLEGIO FANNY MIKEY (IED) - SEDE PRINCIPAL,BOGOTÁ D.C.,2020,28,51.0,49.0,43.0,45.0,45.0,8.0,46.8,234.0,6930
154047,COLEGIO FANNY MIKEY (IED) - SEDE PRINCIPAL,BOGOTÁ D.C.,2021,28,49.0,45.0,45.0,46.0,44.0,8.0,46.1,230.5,7376
154047,COLEGIO FANNY MIKEY (IED) - SEDE PRINCIPAL,BOGOTÁ D.C.,2022,28,48.0,46.0,43.0,46.0,44.0,8.2,45.6,228.0,8446
154047,COLEGIO FANNY MIKEY (IED) - SEDE PRINCIPAL,BOGOTÁ D.C.,2023,32,51.0,51.0,47.0,49.0,51.0,8.4,49.6,248.0,6063
154047,COLEGIO FANNY MIKEY (IED) - SEDE PRINCIPAL,BOGOTÁ D.C.,2024,46,52.0,49.0,49.0,48.0,50.0,9.4,49.5,247.5,6570
154047,COLEGIO FANNY MIKEY (IED) - SEDE PRINCIPAL,BOGOTÁ D.C.,2025,34,51.0,49.0,44.0,46.0,49.0,8.0,47.6,238.0,7953
125302,CENT EDUC DIST PLAN PADRINOS SAN LUIS,BOGOTÁ D.C.,2020,44,48.0,45.0,44.0,44.0,42.0,8.6,45.0,225.0,8347
125302,CENT EDUC DIST PLAN PADRINOS SAN LUIS,BOGOTÁ D.C.,2021,38,47.0,43.0,39.0,43.0,43.0,8.6,43.0,215.0,9619
125302,CENT EDUC DIST PLAN PADRINOS SAN LUIS,BOGOTÁ D.C.,2022,43,46.0,43.0,42.0,44.0,45.0,9.0,43.8,219.0,9741
125302,CENT EDUC DIST PLAN PADRINOS SAN LUIS,BOGOTÁ D.C.,2023,38,49.0,43.0,43.0,43.0,48.0,9.4,44.8,224.0,9607
125302,CENT EDUC DIST PLAN PADRINOS SAN LUIS,BOGOTÁ D.C.,2024,25,51.0,48.0,43.0,48.0,52.0,11.2,47.8,239.0,7653
125302,CENT EDUC DIST PLAN PADRINOS SAN LUIS,BOGOTÁ D.C.,2025,27,48.0,44.0,42.0,46.0,46.0,9.4,45.1,225.5,9695
192252,COLEGIO TRIANGULO CHAPINERO,BOGOTÁ D.C.,2020,2,54.0,46.0,50.0,54.0,52.0,7.2,51.1,255.5,3849
192252,COLEGIO TRIANGULO CHAPINERO,BOGOTÁ D.C.,2021,9,49.0,46.0,45.0,44.0,47.0,9.2,46.1,230.5,7376
192252,COLEGIO TRIANGULO CHAPINERO,BOGOTÁ D.C.,2023,4,54.0,46.0,48.0,48.0,62.0,8.2,50.0,250.0,5788
192252,COLEGIO TRIANGULO CHAPINERO,BOGOTÁ D.C.,2024,15,54.0,49.0,48.0,51.0,54.0,11.0,50.8,254.0,5600
192252,COLEGIO TRIANGULO CHAPINERO,BOGOTÁ D.C.,2025,20,50.0,49.0,46.0,46.0,49.0,9.0,47.8,239.0,7792
194464,COLEGIO TECNISISTEMAS - SEDE PRINCIPAL,BOGOTÁ D.C.,2025,46,52.0,47.0,44.0,46.0,47.0,10.4,47.2,236.0,8215
194407,COLEGIO TECNISISTEMAS - SEDE PRINCIPAL,BOGOTÁ D.C.,2020,49,53.0,50.0,48.0,46.0,47.0,8.2,49.1,245.5,5182
194407,COLEGIO TECNISISTEMAS - SEDE PRINCIPAL,BOGOTÁ D.C.,2021,58,52.0,49.0,45.0,47.0,50.0,8.2,48.4,242.0,5521
194407,COLEGIO TECNISISTEMAS - SEDE PRINCIPAL,BOGOTÁ D.C.,2022,53,51.0,49.0,46.0,47.0,50.0,9.0,48.4,242.0,6461
194407,COLEGIO TECNISISTEMAS - SEDE PRINCIPAL,BOGOTÁ D.C.,2023,59,52.0,49.0,48.0,47.0,50.0,10.0,49.1,245.5,6514
194407,COLEGIO TECNISISTEMAS - SEDE PRINCIPAL,BOGOTÁ D.C.,2024,41,53.0,48.0,46.0,47.0,49.0,10.6,48.5,242.5,7265
194407,COLEGIO TECNISISTEMAS - SEDE PRINCIPAL,BOGOTÁ D.C.,2025,58,51.0,49.0,45.0,46.0,49.0,10.4,47.8,239.0,7792
217885,CENT EDUC DIST PARAISO MIRADOR,BOGOTÁ D.C.,2020,23,52.0,49.0,48.0,46.0,44.0,6.8,48.4,242.0,5639
217885,CENT EDUC DIST PARAISO MIRADOR,BOGOTÁ D.C.,2021,47,49.0,47.0,44.0,45.0,45.0,8.2,46.2,231.0,7214
217885,CENT EDUC DIST PARAISO MIRADOR,BOGOTÁ D.C.,2022,26,49.0,46.0,43.0,44.0,46.0,8.8,45.5,227.5,8595
217885,CENT EDUC DIST PARAISO MIRADOR,BOGOTÁ D.C.,2023,44,51.0,45.0,45.0,46.0,45.0,9.0,46.6,233.0,8304
217885,CENT EDUC DIST PARAISO MIRADOR,BOGOTÁ D.C.,2024,30,52.0,47.0,46.0,47.0,45.0,8.0,47.8,239.0,7653
217885,CENT EDUC DIST PARAISO MIRADOR,BOGOTÁ D.C.,2025,47,51.0,48.0,44.0,46.0,47.0,9.0,47.2,236.0,8215
665463,CENT EDUC DIST USMINIA,BOGOTÁ D.C.,2020,41,52.0,49.0,47.0,46.0,45.0,8.4,48.2,241.0,5792
665463,CENT EDUC DIST USMINIA,BOGOTÁ D.C.,2021,34,54.0,50.0,47.0,50.0,51.0,9.2,50.3,251.5,4303
665463,CENT EDUC DIST USMINIA,BOGOTÁ D.C.,2022,56,52.0,51.0,46.0,48.0,48.0,9.2,49.2,246.0,5890
665463,CENT EDUC DIST USMINIA,BOGOTÁ D.C.,2023,43,52.0,51.0,46.0,48.0,50.0,9.8,49.3,246.5,6365
665463,CENT EDUC DIST USMINIA,BOGOTÁ D.C.,2024,27,54.0,50.0,46.0,49.0,51.0,9.4,49.8,249.0,6319
665463,CENT EDUC DIST USMINIA,BOGOTÁ D.C.,2025,47,50.0,49.0,44.0,46.0,50.0,8.6,47.5,237.5,8078
742304,"LATINOAMERICANA DE SISTEMAS Y EDUCACION ""LASIT"" - SEDE PRINCIPAL",BOGOTÁ D.C.,2020,35,51.0,48.0,47.0,46.0,44.0,8.8,47.7,238.5,6291
742304,"LATINOAMERICANA DE SISTEMAS Y EDUCACION ""LASIT"" - SEDE PRINCIPAL",BOGOTÁ D.C.,2021,8,53.0,48.0,47.0,45.0,49.0,7.2,48.3,241.5,5675
742304,"LATINOAMERICANA DE SISTEMAS Y EDUCACION ""LASIT"" - SEDE PRINCIPAL",BOGOTÁ D.C.,2022,60,49.0,46.0,43.0,45.0,46.0,8.4,45.8,229.0,8295
742304,"LATINOAMERICANA DE SISTEMAS Y EDUCACION ""LASIT"" - SEDE PRINCIPAL",BOGOTÁ D.C.,2023,57,49.0,43.0,42.0,44.0,46.0,8.4,44.6,223.0,9751
742304,"LATINOAMERICANA DE SISTEMAS Y EDUCACION ""LASIT"" - SEDE PRINCIPAL",BOGOTÁ D.C.,2024,68,51.0,46.0,44.0,46.0,48.0,9.8,46.8,234.0,8388
742304,"LATINOAMERICANA DE SISTEMAS Y EDUCACION ""LASIT"" - SEDE PRINCIPAL",BOGOTÁ D.C.,2025,72,50.0,47.0,43.0,46.0,47.0,10.4,46.5,232.5,8728
732602,COLEGIO INNOVAR - SEDE PRINCIPAL,BOGOTÁ D.C.,2020,27,48.0,46.0,45.0,42.0,42.0,8.2,45.0,225.0,8347
732602,COLEGIO INNOVAR - SEDE PRINCIPAL,BOGOTÁ D.C.,2021,19,50.0,48.0,42.0,44.0,48.0,8.0,46.2,231.0,7214
732602,COLEGIO INNOVAR - SEDE PRINCIPAL,BOGOTÁ D.C.,2022,26,48.0,45.0,42.0,46.0,44.0,8.4,45.2,226.0,8737
732602,COLEGIO INNOVAR - SEDE PRINCIPAL,BOGOTÁ D.C.,2023,17,49.0,48.0,46.0,46.0,47.0,9.2,47.2,236.0,7864
732602,COLEGIO INNOVAR - SEDE PRINCIPAL,BOGOTÁ D.C.,2024,17,50.0,49.0,40.0,46.0,47.0,7.8,46.3,231.5,8771
732602,COLEGIO INNOVAR - SEDE PRINCIPAL,BOGOTÁ D.C.,2025,31,52.0,48.0,44.0,46.0,49.0,9.6,47.6,238.0,7953
815977,COLEGIO EN-CONEXION CHICALA,BOGOTÁ D.C.,2024,20,56.0,51.0,49.0,52.0,54.0,10.6,52.2,261.0,4672
815977,COLEGIO EN-CONEXION CHICALA,BOGOTÁ D.C.,2025,14,51.0,49.0,43.0,46.0,49.0,11.8,47.4,237.0,8078
156380,FUNDACIÓN EDUCATIVA PARA LA VIDA  - FUNDESCO - SEDE PRINCIPAL,BOGOTÁ D.C.,2020,30,50.0,49.0,46.0,46.0,44.0,9.6,47.5,237.5,6451
156380,FUNDACIÓN EDUCATIVA PARA LA VIDA  - FUNDESCO - SEDE PRINCIPAL,BOGOTÁ D.C.,2021,79,49.0,45.0,43.0,46.0,47.0,9.6,45.8,229.0,7538
156380,FUNDACIÓN EDUCATIVA PARA LA VIDA  - FUNDESCO - SEDE PRINCIPAL,BOGOTÁ D.C.,2022,83,47.0,44.0,42.0,44.0,45.0,9.2,44.3,221.5,9439
156380,FUNDACIÓN EDUCATIVA PARA LA VIDA  - FUNDESCO - SEDE PRINCIPAL,BOGOTÁ D.C.,2023,73,49.0,45.0,45.0,46.0,48.0,9.8,46.4,232.0,8456
156380,FUNDACIÓN EDUCATIVA PARA LA VIDA  - FUNDESCO - SEDE PRINCIPAL,BOGOTÁ D.C.,2024,55,51.0,47.0,44.0,44.0,48.0,8.6,46.6,233.0,8525
156380,FUNDACIÓN EDUCATIVA PARA LA VIDA  - FUNDESCO - SEDE PRINCIPAL,BOGOTÁ D.C.,2025,44,50.0,46.0,44.0,46.0,48.0,8.6,46.6,233.0,8585
217877,CENT EDUC DIST PARAISO MIRADOR,BOGOTÁ D.C.,2020,46,54.0,54.0,49.0,47.0,46.0,8.0,50.6,253.0,4092
217877,CENT EDUC DIST PARAISO MIRADOR,BOGOTÁ D.C.,2021,32,52.0,50.0,46.0,47.0,46.0,8.0,48.5,242.5,5521
217877,CENT EDUC DIST PARAISO MIRADOR,BOGOTÁ D.C.,2022,41,53.0,49.0,46.0,47.0,45.0,9.6,48.5,242.5,6461
217877,CENT EDUC DIST PARAISO MIRADOR,BOGOTÁ D.C.,2023,46,54.0,51.0,50.0,50.0,50.0,8.8,51.2,256.0,4938
217877,CENT EDUC DIST PARAISO MIRADOR,BOGOTÁ D.C.,2024,45,52.0,51.0,49.0,48.0,48.0,9.6,49.8,249.0,6319
217877,CENT EDUC DIST PARAISO MIRADOR,BOGOTÁ D.C.,2025,58,52.0,49.0,43.0,46.0,47.0,9.8,47.5,237.5,8078
806059,COLEGIO INCADE KENNEDY - SEDE PRINCIPAL,BOGOTÁ D.C.,2022,7,52.0,47.0,48.0,47.0,47.0,11.6,48.4,242.0,6461
806059,COLEGIO INCADE KENNEDY - SEDE PRINCIPAL,BOGOTÁ D.C.,2023,6,47.0,43.0,42.0,43.0,47.0,9.0,44.0,220.0,10175
806059,COLEGIO INCADE KENNEDY - SEDE PRINCIPAL,BOGOTÁ D.C.,2024,5,57.0,53.0,53.0,47.0,44.0,5.2,51.8,259.0,4944
806059,COLEGIO INCADE KENNEDY - SEDE PRINCIPAL,BOGOTÁ D.C.,2025,4,46.0,38.0,42.0,46.0,47.0,13.6,43.3,216.5,10918
111112,CENT PANAMERICANO DE CAPACITACION SEDE RESTREPO,BOGOTÁ D.C.,2020,54,50.0,51.0,44.0,43.0,43.0,10.6,46.7,233.5,7087
111112,CENT PANAMERICANO DE CAPACITACION SEDE RESTREPO,BOGOTÁ D.C.,2021,31,50.0,48.0,43.0,45.0,46.0,8.6,46.5,232.5,7068
111112,CENT PANAMERICANO DE CAPACITACION SEDE RESTREPO,BOGOTÁ D.C.,2022,31,52.0,50.0,46.0,45.0,44.0,8.4,47.9,239.5,6890
111112,CENT PANAMERICANO DE CAPACITACION SEDE RESTREPO,BOGOTÁ D.C.,2023,46,51.0,47.0,46.0,47.0,51.0,11.2,48.0,240.0,7281
111112,CENT PANAMERICANO DE CAPACITACION SEDE RESTREPO,BOGOTÁ D.C.,2024,33,51.0,49.0,45.0,48.0,50.0,9.4,48.4,242.0,7265
111112,CENT PANAMERICANO DE CAPACITACION SEDE RESTREPO,BOGOTÁ D.C.,2025,57,51.0,48.0,44.0,46.0,47.0,9.4,47.2,236.0,8215
194456,COLEGIO TECNISISTEMAS - SEDE PRINCIPAL,BOGOTÁ D.C.,2020,14,48.0,47.0,48.0,43.0,41.0,8.8,46.1,230.5,7550
194456,COLEGIO TECNISISTEMAS - SEDE PRINCIPAL,BOGOTÁ D.C.,2021,16,49.0,48.0,49.0,46.0,46.0,10.6,47.8,239.0,5974
194456,COLEGIO TECNISISTEMAS - SEDE PRINCIPAL,BOGOTÁ D.C.,2022,23,51.0,48.0,45.0,45.0,46.0,10.0,47.2,236.0,7300
194456,COLEGIO TECNISISTEMAS - SEDE PRINCIPAL,BOGOTÁ D.C.,2023,13,56.0,50.0,50.0,50.0,52.0,9.8,51.5,257.5,4796
194456,COLEGIO TECNISISTEMAS - SEDE PRINCIPAL,BOGOTÁ D.C.,2025,29,49.0,48.0,43.0,46.0,47.0,10.8,46.5,232.5,8728
217760,SEDE EL UVAL,BOGOTÁ D.C.,2020,61,51.0,48.0,46.0,47.0,43.0,8.6,47.6,238.0,6291
217760,SEDE EL UVAL,BOGOTÁ D.C.,2021,58,51.0,50.0,47.0,46.0,45.0,8.2,48.2,241.0,5675
217760,SEDE EL UVAL,BOGOTÁ D.C.,2022,55,51.0,49.0,46.0,48.0,48.0,9.8,48.5,242.5,6461
217760,SEDE EL UVAL,BOGOTÁ D.C.,2023,52,50.0,48.0,46.0,46.0,46.0,8.6,47.4,237.0,7719
217760,SEDE EL UVAL,BOGOTÁ D.C.,2024,38,52.0,50.0,46.0,48.0,48.0,8.8,48.9,244.5,6985
217760,SEDE EL UVAL,BOGOTÁ D.C.,2025,54,53.0,48.0,44.0,46.0,47.0,9.0,47.7,238.5,7953
021089,COL DIST VENECIA,BOGOTÁ D.C.,2020,27,50.0,47.0,45.0,44.0,42.0,7.8,46.2,231.0,7395
021089,COL DIST VENECIA,BOGOTÁ D.C.,2021,22,45.0,41.0,41.0,40.0,41.0,9.8,41.7,208.5,10685
021089,COL DIST VENECIA,BOGOTÁ D.C.,2022,20,52.0,49.0,48.0,48.0,44.0,9.0,48.8,244.0,6169
021089,COL DIST VENECIA,BOGOTÁ D.C.,2023,5,50.0,47.0,49.0,45.0,45.0,8.2,47.5,237.5,7719
021089,COL DIST VENECIA,BOGOTÁ D.C.,2024,14,51.0,51.0,44.0,46.0,47.0,8.4,47.9,239.5,7653
021089,COL DIST VENECIA,BOGOTÁ D.C.,2025,26,50.0,47.0,45.0,45.0,45.0,9.4,46.6,233.0,8585
041905,INST TEC IND PILOTO,BOGOTÁ D.C.,2020,71,50.0,49.0,45.0,45.0,43.0,8.8,46.9,234.5,6930
041905,INST TEC IND PILOTO,BOGOTÁ D.C.,2021,59,49.0,44.0,43.0,44.0,43.0,10.0,44.8,224.0,8287
041905,INST TEC IND PILOTO,BOGOTÁ D.C.,2022,59,49.0,48.0,44.0,46.0,47.0,9.2,46.8,234.0,7555
041905,INST TEC IND PILOTO,BOGOTÁ D.C.,2023,53,50.0,48.0,46.0,47.0,48.0,9.6,47.8,239.0,7429
041905,INST TEC IND PILOTO,BOGOTÁ D.C.,2024,52,50.0,46.0,44.0,45.0,47.0,8.6,46.3,231.5,8771
041905,INST TEC IND PILOTO,BOGOTÁ D.C.,2025,62,49.0,47.0,43.0,45.0,48.0,9.2,46.2,231.0,8880
046672,COL DIST JORGE SOTO DEL CORRAL,BOGOTÁ D.C.,2020,36,52.0,50.0,47.0,48.0,44.0,9.6,48.8,244.0,5346
046672,COL DIST JORGE SOTO DEL CORRAL,BOGOTÁ D.C.,2021,46,49.0,45.0,43.0,44.0,45.0,10.2,45.2,226.0,8008
046672,COL DIST JORGE SOTO DEL CORRAL,BOGOTÁ D.C.,2022,48,48.0,48.0,45.0,47.0,47.0,8.6,47.0,235.0,7420
046672,COL DIST JORGE SOTO DEL CORRAL,BOGOTÁ D.C.,2023,50,50.0,46.0,43.0,46.0,45.0,9.0,46.2,231.0,8631
046672,COL DIST JORGE SOTO DEL CORRAL,BOGOTÁ D.C.,2024,63,51.0,51.0,46.0,48.0,49.0,9.6,49.0,245.0,6835
046672,COL DIST JORGE SOTO DEL CORRAL,BOGOTÁ D.C.,2025,34,48.0,45.0,42.0,45.0,48.0,9.0,45.2,226.0,9567
199786,COLEGIO MARIO LUIS RODRIGUEZ COBOS - SEDE PRINCIPAL,BOGOTÁ D.C.,2021,17,48.0,45.0,42.0,44.0,44.0,7.0,44.7,223.5,8436
199786,COLEGIO MARIO LUIS RODRIGUEZ COBOS - SEDE PRINCIPAL,BOGOTÁ D.C.,2023,15,51.0,48.0,47.0,47.0,47.0,9.6,48.2,241.0,7120
199786,COLEGIO MARIO LUIS RODRIGUEZ COBOS - SEDE PRINCIPAL,BOGOTÁ D.C.,2024,13,47.0,48.0,45.0,45.0,46.0,9.6,46.2,231.0,8771
199786,COLEGIO MARIO LUIS RODRIGUEZ COBOS - SEDE PRINCIPAL,BOGOTÁ D.C.,2025,8,50.0,50.0,43.0,45.0,45.0,7.4,46.8,234.0,8454
722876,CENT EDUC DIST RURAL EL UVAL,BOGOTÁ D.C.,2020,46,50.0,48.0,44.0,45.0,44.0,9.4,46.5,232.5,7243
722876,CENT EDUC DIST RURAL EL UVAL,BOGOTÁ D.C.,2021,51,51.0,46.0,45.0,46.0,45.0,8.4,46.8,234.0,6752
722876,CENT EDUC DIST RURAL EL UVAL,BOGOTÁ D.C.,2022,44,50.0,50.0,47.0,50.0,49.0,10.2,49.2,246.0,5890
722876,CENT EDUC DIST RURAL EL UVAL,BOGOTÁ D.C.,2023,56,49.0,47.0,44.0,48.0,48.0,8.0,47.1,235.5,8027
722876,CENT EDUC DIST RURAL EL UVAL,BOGOTÁ D.C.,2024,47,53.0,52.0,48.0,48.0,50.0,9.0,50.2,251.0,6023
722876,CENT EDUC DIST RURAL EL UVAL,BOGOTÁ D.C.,2025,49,50.0,45.0,43.0,45.0,47.0,9.0,45.8,229.0,9179
100271,COLEGIO FILARMONICO SIMON BOLIVAR (IED),BOGOTÁ D.C.,2020,29,51.0,48.0,48.0,45.0,44.0,8.6,47.7,238.5,6291
100271,COLEGIO FILARMONICO SIMON BOLIVAR (IED),BOGOTÁ D.C.,2021,81,47.0,42.0,42.0,43.0,0.0,6.4,40.2,201.0,11657
100271,COLEGIO FILARMONICO SIMON BOLIVAR (IED),BOGOTÁ D.C.,2021,72,0.0,0.0,0.0,0.0,44.0,1.6,3.4,17.0,14337
100271,COLEGIO FILARMONICO SIMON BOLIVAR (IED),BOGOTÁ D.C.,2022,17,49.0,44.0,44.0,45.0,48.0,7.0,45.7,228.5,8446
100271,COLEGIO FILARMONICO SIMON BOLIVAR (IED),BOGOTÁ D.C.,2023,27,47.0,43.0,42.0,43.0,47.0,9.2,44.0,220.0,10175
100271,COLEGIO FILARMONICO SIMON BOLIVAR (IED),BOGOTÁ D.C.,2024,28,49.0,45.0,42.0,43.0,43.0,8.2,44.6,223.0,9876
100271,COLEGIO FILARMONICO SIMON BOLIVAR (IED),BOGOTÁ D.C.,2025,18,50.0,48.0,44.0,45.0,48.0,7.6,46.8,234.0,8454
115311,COL SAN JUAN DE LOS PASTOS,BOGOTÁ D.C.,2020,31,48.0,46.0,44.0,43.0,41.0,8.2,44.9,224.5,8509
115311,COL SAN JUAN DE LOS PASTOS,BOGOTÁ D.C.,2021,28,48.0,47.0,42.0,46.0,45.0,8.2,45.7,228.5,7684
115311,COL SAN JUAN DE LOS PASTOS,BOGOTÁ D.C.,2022,27,52.0,49.0,47.0,47.0,51.0,10.6,48.9,244.5,6169
115311,COL SAN JUAN DE LOS PASTOS,BOGOTÁ D.C.,2023,30,48.0,46.0,46.0,45.0,47.0,9.4,46.3,231.5,8631
115311,COL SAN JUAN DE LOS PASTOS,BOGOTÁ D.C.,2024,17,51.0,47.0,42.0,44.0,46.0,8.4,46.0,230.0,8903
115311,COL SAN JUAN DE LOS PASTOS,BOGOTÁ D.C.,2025,9,53.0,48.0,46.0,45.0,54.0,9.4,48.5,242.5,7394
144899,GIMNASIO CACERES,BOGOTÁ D.C.,2020,23,47.0,47.0,42.0,44.0,40.0,7.8,44.6,223.0,8657
144899,GIMNASIO CACERES,BOGOTÁ D.C.,2021,7,53.0,45.0,42.0,48.0,44.0,6.2,46.8,234.0,6752
144899,GIMNASIO CACERES,BOGOTÁ D.C.,2022,45,48.0,41.0,41.0,43.0,44.0,8.8,43.3,216.5,10194
144899,GIMNASIO CACERES,BOGOTÁ D.C.,2023,31,47.0,46.0,42.0,43.0,47.0,9.8,44.7,223.5,9751
144899,GIMNASIO CACERES,BOGOTÁ D.C.,2024,26,48.0,44.0,41.0,42.0,45.0,9.6,43.8,219.0,10390
144899,GIMNASIO CACERES,BOGOTÁ D.C.,2025,25,53.0,48.0,44.0,45.0,47.0,10.0,47.5,237.5,8078
313890,CENT EDUC DIST RURAL TUNAL ALTO,BOGOTÁ D.C.,2020,5,41.0,42.0,39.0,39.0,39.0,6.6,40.2,201.0,12003
313890,CENT EDUC DIST RURAL TUNAL ALTO,BOGOTÁ D.C.,2021,4,47.0,52.0,46.0,47.0,45.0,8.4,47.8,239.0,5974
313890,CENT EDUC DIST RURAL TUNAL ALTO,BOGOTÁ D.C.,2023,4,46.0,46.0,43.0,48.0,43.0,6.4,45.5,227.5,9179
313890,CENT EDUC DIST RURAL TUNAL ALTO,BOGOTÁ D.C.,2024,10,42.0,46.0,39.0,45.0,37.0,9.4,42.5,212.5,11251
313890,CENT EDUC DIST RURAL TUNAL ALTO,BOGOTÁ D.C.,2025,14,47.0,44.0,39.0,45.0,41.0,9.4,43.5,217.5,10799
733154,CENTRO EDUCATIVO INTEGRAL LATINOAMERICANO - CEIL - SEDE PRINCIPAL,BOGOTÁ D.C.,2021,12,51.0,48.0,44.0,47.0,43.0,10.2,47.2,236.0,6424
733154,CENTRO EDUCATIVO INTEGRAL LATINOAMERICANO - CEIL - SEDE PRINCIPAL,BOGOTÁ D.C.,2022,29,48.0,47.0,42.0,45.0,44.0,9.2,45.4,227.0,8595
733154,CENTRO EDUCATIVO INTEGRAL LATINOAMERICANO - CEIL - SEDE PRINCIPAL,BOGOTÁ D.C.,2023,63,49.0,44.0,44.0,44.0,45.0,9.0,45.2,226.0,9306
733154,CENTRO EDUCATIVO INTEGRAL LATINOAMERICANO - CEIL - SEDE PRINCIPAL,BOGOTÁ D.C.,2024,69,48.0,44.0,43.0,44.0,45.0,9.4,44.8,224.0,9742
733154,CENTRO EDUCATIVO INTEGRAL LATINOAMERICANO - CEIL - SEDE PRINCIPAL,BOGOTÁ D.C.,2025,65,49.0,45.0,43.0,45.0,47.0,11.2,45.6,228.0,9314
732909,COLEGIO MANUEL CEPEDA VARGAS (IED) - SEDE PRINCIPAL,BOGOTÁ D.C.,2021,45,49.0,44.0,43.0,42.0,43.0,9.6,44.4,222.0,8581
732909,COLEGIO MANUEL CEPEDA VARGAS (IED) - SEDE PRINCIPAL,BOGOTÁ D.C.,2022,86,48.0,45.0,43.0,43.0,45.0,8.4,44.8,224.0,9016
732909,COLEGIO MANUEL CEPEDA VARGAS (IED) - SEDE PRINCIPAL,BOGOTÁ D.C.,2023,64,48.0,45.0,45.0,44.0,44.0,10.0,45.4,227.0,9179
732909,COLEGIO MANUEL CEPEDA VARGAS (IED) - SEDE PRINCIPAL,BOGOTÁ D.C.,2024,49,50.0,46.0,44.0,45.0,47.0,9.0,46.3,231.5,8771
732909,COLEGIO MANUEL CEPEDA VARGAS (IED) - SEDE PRINCIPAL,BOGOTÁ D.C.,2025,38,50.0,47.0,42.0,45.0,47.0,9.0,46.1,230.5,9016
732586,COLEGIO ALEJANDRO MAGNO - SEDE PRINCIPAL,BOGOTÁ D.C.,2020,41,47.0,46.0,43.0,42.0,41.0,8.4,44.2,221.0,8957
732586,COLEGIO ALEJANDRO MAGNO - SEDE PRINCIPAL,BOGOTÁ D.C.,2021,19,47.0,45.0,41.0,43.0,47.0,9.2,44.2,221.0,8712
732586,COLEGIO ALEJANDRO MAGNO - SEDE PRINCIPAL,BOGOTÁ D.C.,2022,26,49.0,43.0,43.0,43.0,43.0,9.2,44.4,222.0,9306
732586,COLEGIO ALEJANDRO MAGNO - SEDE PRINCIPAL,BOGOTÁ D.C.,2023,33,45.0,44.0,42.0,43.0,43.0,8.6,43.5,217.5,10626
732586,COLEGIO ALEJANDRO MAGNO - SEDE PRINCIPAL,BOGOTÁ D.C.,2024,30,48.0,44.0,43.0,44.0,45.0,9.4,44.8,224.0,9742
732586,COLEGIO ALEJANDRO MAGNO - SEDE PRINCIPAL,BOGOTÁ D.C.,2025,35,49.0,44.0,43.0,45.0,49.0,10.6,45.5,227.5,9444
175190,COLEGIO INCADE,BOGOTÁ D.C.,2020,18,52.0,51.0,44.0,44.0,46.0,10.8,47.6,238.0,6291
175190,COLEGIO INCADE,BOGOTÁ D.C.,2021,3,43.0,43.0,37.0,44.0,36.0,11.0,41.3,206.5,10981
175190,COLEGIO INCADE,BOGOTÁ D.C.,2022,9,51.0,46.0,48.0,43.0,47.0,9.4,47.0,235.0,7420
175190,COLEGIO INCADE,BOGOTÁ D.C.,2023,9,51.0,46.0,47.0,48.0,50.0,11.2,48.2,241.0,7120
175190,COLEGIO INCADE,BOGOTÁ D.C.,2024,11,50.0,48.0,42.0,46.0,51.0,9.6,46.8,234.0,8388
175190,COLEGIO INCADE,BOGOTÁ D.C.,2025,19,50.0,48.0,45.0,45.0,49.0,7.8,47.2,236.0,8215
718270,INSTITUTO EL ROBLE - SEDE PRINCIPAL,BOGOTÁ D.C.,2020,33,54.0,50.0,51.0,49.0,54.0,10.6,51.2,256.0,3726
718270,INSTITUTO EL ROBLE - SEDE PRINCIPAL,BOGOTÁ D.C.,2021,9,56.0,51.0,49.0,50.0,66.0,11.0,52.6,263.0,2989
718270,INSTITUTO EL ROBLE - SEDE PRINCIPAL,BOGOTÁ D.C.,2022,15,53.0,49.0,49.0,49.0,60.0,10.6,50.8,254.0,4769
718270,INSTITUTO EL ROBLE - SEDE PRINCIPAL,BOGOTÁ D.C.,2023,17,54.0,50.0,51.0,52.0,61.0,9.8,52.5,262.5,4159
718270,INSTITUTO EL ROBLE - SEDE PRINCIPAL,BOGOTÁ D.C.,2024,12,57.0,53.0,50.0,49.0,62.0,10.8,53.0,265.0,4147
718270,INSTITUTO EL ROBLE - SEDE PRINCIPAL,BOGOTÁ D.C.,2025,10,53.0,46.0,48.0,45.0,56.0,11.8,48.6,243.0,7273
714386,COL DIST EDUC BAS Y MEDIA LOS ALPES,BOGOTÁ D.C.,2020,45,46.0,41.0,41.0,41.0,36.0,10.2,41.8,209.0,10861
714386,COL DIST EDUC BAS Y MEDIA LOS ALPES,BOGOTÁ D.C.,2021,42,44.0,40.0,38.0,40.0,39.0,9.2,40.4,202.0,11526
714386,COL DIST EDUC BAS Y MEDIA LOS ALPES,BOGOTÁ D.C.,2022,26,44.0,38.0,39.0,40.0,38.0,8.0,40.1,200.5,12214
714386,COL DIST EDUC BAS Y MEDIA LOS ALPES,BOGOTÁ D.C.,2023,36,46.0,44.0,43.0,42.0,43.0,8.8,43.7,218.5,10481
714386,COL DIST EDUC BAS Y MEDIA LOS ALPES,BOGOTÁ D.C.,2024,11,41.0,38.0,39.0,41.0,40.0,9.2,39.8,199.0,12649
714386,COL DIST EDUC BAS Y MEDIA LOS ALPES,BOGOTÁ D.C.,2025,10,51.0,46.0,44.0,45.0,48.0,10.6,46.6,233.0,8585
143578,COL DIST JUAN LOZANO Y LOZANO,BOGOTÁ D.C.,2020,61,49.0,48.0,42.0,42.0,40.0,9.6,44.8,224.0,8509
143578,COL DIST JUAN LOZANO Y LOZANO,BOGOTÁ D.C.,2021,49,48.0,43.0,42.0,42.0,45.0,8.8,43.8,219.0,9004
143578,COL DIST JUAN LOZANO Y LOZANO,BOGOTÁ D.C.,2022,50,50.0,47.0,44.0,45.0,45.0,10.4,46.4,232.0,7833
143578,COL DIST JUAN LOZANO Y LOZANO,BOGOTÁ D.C.,2023,44,49.0,44.0,43.0,46.0,46.0,8.4,45.5,227.5,9179
143578,COL DIST JUAN LOZANO Y LOZANO,BOGOTÁ D.C.,2024,40,46.0,42.0,39.0,41.0,44.0,8.6,42.2,211.0,11379
143578,COL DIST JUAN LOZANO Y LOZANO,BOGOTÁ D.C.,2025,48,50.0,48.0,43.0,45.0,48.0,10.2,46.6,233.0,8585
140640,COLEGIO INSTITUTO SANTIAGO DE COMPOSTELA - SEDE PRINCIPAL,BOGOTÁ D.C.,2020,24,45.0,43.0,43.0,41.0,40.0,8.4,42.8,214.0,10066
140640,COLEGIO INSTITUTO SANTIAGO DE COMPOSTELA - SEDE PRINCIPAL,BOGOTÁ D.C.,2021,25,44.0,40.0,41.0,41.0,42.0,10.0,41.5,207.5,10843
140640,COLEGIO INSTITUTO SANTIAGO DE COMPOSTELA - SEDE PRINCIPAL,BOGOTÁ D.C.,2022,28,48.0,43.0,45.0,46.0,43.0,8.4,45.3,226.5,8737
140640,COLEGIO INSTITUTO SANTIAGO DE COMPOSTELA - SEDE PRINCIPAL,BOGOTÁ D.C.,2023,12,46.0,47.0,46.0,44.0,49.0,9.0,46.0,230.0,8755
140640,COLEGIO INSTITUTO SANTIAGO DE COMPOSTELA - SEDE PRINCIPAL,BOGOTÁ D.C.,2024,17,44.0,41.0,40.0,38.0,38.0,8.8,40.5,202.5,12385
140640,COLEGIO INSTITUTO SANTIAGO DE COMPOSTELA - SEDE PRINCIPAL,BOGOTÁ D.C.,2025,13,53.0,49.0,47.0,45.0,50.0,8.8,48.6,243.0,7273
659144,COLEGIO CENTRO DE ESTUDIOS PRO-PYMES - SEDE PRINCIPAL,BOGOTÁ D.C.,2020,71,48.0,47.0,44.0,44.0,42.0,8.8,45.5,227.5,8016
659144,COLEGIO CENTRO DE ESTUDIOS PRO-PYMES - SEDE PRINCIPAL,BOGOTÁ D.C.,2021,49,50.0,46.0,42.0,44.0,45.0,9.0,45.5,227.5,7846
659144,COLEGIO CENTRO DE ESTUDIOS PRO-PYMES - SEDE PRINCIPAL,BOGOTÁ D.C.,2022,127,47.0,44.0,42.0,44.0,44.0,8.8,44.2,221.0,9439
659144,COLEGIO CENTRO DE ESTUDIOS PRO-PYMES - SEDE PRINCIPAL,BOGOTÁ D.C.,2023,82,47.0,45.0,42.0,42.0,44.0,10.0,44.0,220.0,10175
659144,COLEGIO CENTRO DE ESTUDIOS PRO-PYMES - SEDE PRINCIPAL,BOGOTÁ D.C.,2024,112,48.0,44.0,42.0,44.0,45.0,9.6,44.5,222.5,9992
659144,COLEGIO CENTRO DE ESTUDIOS PRO-PYMES - SEDE PRINCIPAL,BOGOTÁ D.C.,2025,124,50.0,46.0,43.0,45.0,47.0,10.2,46.1,230.5,9016
717652,COLEGIO TRIANGULO PATIO BONITO,BOGOTÁ D.C.,2020,9,53.0,49.0,47.0,46.0,45.0,8.4,48.5,242.5,5639
717652,COLEGIO TRIANGULO PATIO BONITO,BOGOTÁ D.C.,2021,12,48.0,45.0,42.0,47.0,50.0,11.8,45.8,229.0,7538
717652,COLEGIO TRIANGULO PATIO BONITO,BOGOTÁ D.C.,2022,14,48.0,49.0,43.0,48.0,48.0,9.6,47.1,235.5,7420
717652,COLEGIO TRIANGULO PATIO BONITO,BOGOTÁ D.C.,2023,22,50.0,44.0,43.0,43.0,47.0,8.2,45.2,226.0,9306
717652,COLEGIO TRIANGULO PATIO BONITO,BOGOTÁ D.C.,2024,14,49.0,44.0,43.0,45.0,48.0,10.0,45.5,227.5,9338
717652,COLEGIO TRIANGULO PATIO BONITO,BOGOTÁ D.C.,2025,10,53.0,45.0,44.0,45.0,51.0,8.8,47.1,235.5,8336
023424,COL NAL NICOLAS ESGUERRA,BOGOTÁ D.C.,2020,77,53.0,49.0,49.0,47.0,47.0,10.4,49.3,246.5,5038
023424,COL NAL NICOLAS ESGUERRA,BOGOTÁ D.C.,2021,59,49.0,47.0,45.0,45.0,46.0,10.6,46.5,232.5,7068
023424,COL NAL NICOLAS ESGUERRA,BOGOTÁ D.C.,2022,71,50.0,46.0,46.0,47.0,46.0,9.6,47.2,236.0,7300
023424,COL NAL NICOLAS ESGUERRA,BOGOTÁ D.C.,2023,122,49.0,44.0,45.0,44.0,0.0,7.6,42.0,210.0,11555
023424,COL NAL NICOLAS ESGUERRA,BOGOTÁ D.C.,2023,121,0.0,0.0,0.0,0.0,45.0,1.8,3.5,17.5,14569
023424,COL NAL NICOLAS ESGUERRA,BOGOTÁ D.C.,2024,43,51.0,47.0,45.0,46.0,49.0,8.4,47.4,237.0,7952
023424,COL NAL NICOLAS ESGUERRA,BOGOTÁ D.C.,2025,67,48.0,46.0,43.0,45.0,47.0,10.2,45.6,228.0,9314
102624,CENT EDUC DIST SAN BERNARDINO,BOGOTÁ D.C.,2020,64,52.0,49.0,48.0,46.0,45.0,8.8,48.5,242.5,5639
102624,CENT EDUC DIST SAN BERNARDINO,BOGOTÁ D.C.,2021,80,50.0,47.0,42.0,45.0,45.0,9.2,45.9,229.5,7538
102624,CENT EDUC DIST SAN BERNARDINO,BOGOTÁ D.C.,2022,74,52.0,50.0,46.0,48.0,50.0,9.8,49.1,245.5,6031
102624,CENT EDUC DIST SAN BERNARDINO,BOGOTÁ D.C.,2023,74,53.0,49.0,48.0,48.0,50.0,10.2,49.5,247.5,6222
102624,CENT EDUC DIST SAN BERNARDINO,BOGOTÁ D.C.,2024,60,52.0,48.0,45.0,47.0,50.0,9.8,48.2,241.0,7387
102624,CENT EDUC DIST SAN BERNARDINO,BOGOTÁ D.C.,2025,63,50.0,46.0,43.0,45.0,49.0,10.0,46.2,231.0,8880
088583,CENTRO DE EDUCACION LABORAL - SEDE PRINCIPAL,BOGOTÁ D.C.,2020,28,51.0,48.0,47.0,45.0,44.0,9.4,47.5,237.5,6451
088583,CENTRO DE EDUCACION LABORAL - SEDE PRINCIPAL,BOGOTÁ D.C.,2021,56,50.0,47.0,46.0,47.0,49.0,11.6,47.6,238.0,6130
088583,CENTRO DE EDUCACION LABORAL - SEDE PRINCIPAL,BOGOTÁ D.C.,2022,82,50.0,46.0,43.0,44.0,46.0,9.8,45.8,229.0,8295
088583,CENTRO DE EDUCACION LABORAL - SEDE PRINCIPAL,BOGOTÁ D.C.,2023,33,55.0,51.0,51.0,52.0,51.0,9.8,52.2,261.0,4277
088583,CENTRO DE EDUCACION LABORAL - SEDE PRINCIPAL,BOGOTÁ D.C.,2024,15,50.0,48.0,43.0,44.0,46.0,11.4,46.2,231.0,8771
088583,CENTRO DE EDUCACION LABORAL - SEDE PRINCIPAL,BOGOTÁ D.C.,2025,37,47.0,45.0,42.0,45.0,48.0,11.2,45.0,225.0,9695
083931,COL BRITANICO SEDE TUNJUELITO,BOGOTÁ D.C.,2020,12,46.0,40.0,42.0,41.0,41.0,9.2,42.2,211.0,10537
083931,COL BRITANICO SEDE TUNJUELITO,BOGOTÁ D.C.,2021,5,54.0,56.0,48.0,51.0,52.0,5.8,52.2,261.0,3173
083931,COL BRITANICO SEDE TUNJUELITO,BOGOTÁ D.C.,2022,5,48.0,55.0,48.0,46.0,46.0,10.0,49.0,245.0,6031
083931,COL BRITANICO SEDE TUNJUELITO,BOGOTÁ D.C.,2023,8,51.0,51.0,50.0,49.0,53.0,9.8,50.5,252.5,5515
083931,COL BRITANICO SEDE TUNJUELITO,BOGOTÁ D.C.,2024,8,50.0,46.0,41.0,45.0,48.0,8.0,45.7,228.5,9187
083931,COL BRITANICO SEDE TUNJUELITO,BOGOTÁ D.C.,2025,9,48.0,43.0,41.0,45.0,48.0,9.0,44.5,222.5,10125
747634,COLEGIO ALEJANDRO MAGNO - SEDE PRINCIPAL,BOGOTÁ D.C.,2020,18,49.0,44.0,46.0,44.0,44.0,12.6,45.6,228.0,7845
747634,COLEGIO ALEJANDRO MAGNO - SEDE PRINCIPAL,BOGOTÁ D.C.,2021,9,46.0,47.0,46.0,42.0,41.0,8.4,44.9,224.5,8287
747634,COLEGIO ALEJANDRO MAGNO - SEDE PRINCIPAL,BOGOTÁ D.C.,2022,58,44.0,40.0,39.0,40.0,40.0,9.0,40.7,203.5,11874
747634,COLEGIO ALEJANDRO MAGNO - SEDE PRINCIPAL,BOGOTÁ D.C.,2023,49,46.0,42.0,40.0,42.0,39.0,7.2,42.2,211.0,11411
747634,COLEGIO ALEJANDRO MAGNO - SEDE PRINCIPAL,BOGOTÁ D.C.,2024,16,48.0,43.0,44.0,41.0,43.0,6.6,43.9,219.5,10390
747634,COLEGIO ALEJANDRO MAGNO - SEDE PRINCIPAL,BOGOTÁ D.C.,2025,4,52.0,43.0,44.0,45.0,47.0,10.0,46.1,230.5,9016
020925,COL DIST LA AMISTAD,BOGOTÁ D.C.,2020,47,50.0,48.0,44.0,43.0,40.0,10.0,45.8,229.0,7707
020925,COL DIST LA AMISTAD,BOGOTÁ D.C.,2021,43,46.0,42.0,41.0,42.0,42.0,9.8,42.7,213.5,9956
020925,COL DIST LA AMISTAD,BOGOTÁ D.C.,2022,41,48.0,45.0,43.0,43.0,42.0,8.8,44.5,222.5,9306
020925,COL DIST LA AMISTAD,BOGOTÁ D.C.,2023,37,50.0,48.0,44.0,45.0,47.0,9.8,46.8,234.0,8181
020925,COL DIST LA AMISTAD,BOGOTÁ D.C.,2024,20,51.0,49.0,46.0,45.0,47.0,9.2,47.7,238.5,7807
020925,COL DIST LA AMISTAD,BOGOTÁ D.C.,2025,31,51.0,45.0,44.0,45.0,43.0,10.4,46.0,230.0,9016
090910,COLEGIO JOSE JAIME ROJAS (IED) - SEDE PRINCIPAL,BOGOTÁ D.C.,2020,33,48.0,48.0,43.0,45.0,41.0,7.6,45.6,228.0,7845
090910,COLEGIO JOSE JAIME ROJAS (IED) - SEDE PRINCIPAL,BOGOTÁ D.C.,2021,76,49.0,46.0,42.0,44.0,43.0,8.6,45.1,225.5,8129
090910,COLEGIO JOSE JAIME ROJAS (IED) - SEDE PRINCIPAL,BOGOTÁ D.C.,2022,56,51.0,47.0,45.0,46.0,0.0,6.8,43.6,218.0,9888
090910,COLEGIO JOSE JAIME ROJAS (IED) - SEDE PRINCIPAL,BOGOTÁ D.C.,2022,54,0.0,0.0,0.0,0.0,46.0,1.8,3.5,17.5,14398
090910,COLEGIO JOSE JAIME ROJAS (IED) - SEDE PRINCIPAL,BOGOTÁ D.C.,2023,50,49.0,46.0,45.0,46.0,45.0,8.4,46.4,232.0,8456
090910,COLEGIO JOSE JAIME ROJAS (IED) - SEDE PRINCIPAL,BOGOTÁ D.C.,2024,42,51.0,48.0,44.0,48.0,47.0,9.6,47.7,238.5,7807
090910,COLEGIO JOSE JAIME ROJAS (IED) - SEDE PRINCIPAL,BOGOTÁ D.C.,2025,57,0.0,0.0,0.0,0.0,44.0,1.6,3.4,17.0,14764
090910,COLEGIO JOSE JAIME ROJAS (IED) - SEDE PRINCIPAL,BOGOTÁ D.C.,2025,58,48.0,47.0,39.0,45.0,0.0,7.2,41.3,206.5,12091
020982,COL DIST REP DE COSTA RICA,BOGOTÁ D.C.,2020,71,47.0,45.0,44.0,43.0,41.0,9.0,44.5,222.5,8802
020982,COL DIST REP DE COSTA RICA,BOGOTÁ D.C.,2021,95,49.0,44.0,44.0,45.0,46.0,10.2,45.5,227.5,7846
020982,COL DIST REP DE COSTA RICA,BOGOTÁ D.C.,2022,83,51.0,47.0,45.0,47.0,46.0,9.2,47.4,237.0,7172
020982,COL DIST REP DE COSTA RICA,BOGOTÁ D.C.,2023,58,47.0,42.0,43.0,43.0,46.0,9.0,43.9,219.5,10339
020982,COL DIST REP DE COSTA RICA,BOGOTÁ D.C.,2024,71,47.0,43.0,42.0,44.0,43.0,9.2,43.9,219.5,10390
020982,COL DIST REP DE COSTA RICA,BOGOTÁ D.C.,2025,53,48.0,45.0,43.0,45.0,46.0,9.4,45.3,226.5,9567
079822,COLEGIO INETEC,BOGOTÁ D.C.,2020,33,48.0,46.0,42.0,41.0,41.0,8.0,44.0,220.0,9121
079822,COLEGIO INETEC,BOGOTÁ D.C.,2021,30,47.0,46.0,41.0,43.0,44.0,7.6,44.2,221.0,8712
079822,COLEGIO INETEC,BOGOTÁ D.C.,2022,46,48.0,45.0,41.0,42.0,44.0,8.2,44.0,220.0,9582
079822,COLEGIO INETEC,BOGOTÁ D.C.,2023,39,48.0,45.0,41.0,42.0,44.0,8.6,44.0,220.0,10175
079822,COLEGIO INETEC,BOGOTÁ D.C.,2024,42,49.0,45.0,40.0,43.0,45.0,8.6,44.3,221.5,10116
079822,COLEGIO INETEC,BOGOTÁ D.C.,2025,33,48.0,44.0,42.0,45.0,45.0,9.6,44.8,224.0,9837
663559,COLEGIO SUPERIOR SAN CRISTOBAL - SEDE PRINCIPAL,BOGOTÁ D.C.,2020,6,48.0,42.0,36.0,36.0,34.0,9.0,40.0,200.0,12139
663559,COLEGIO SUPERIOR SAN CRISTOBAL - SEDE PRINCIPAL,BOGOTÁ D.C.,2021,3,43.0,37.0,35.0,42.0,44.0,7.0,39.6,198.0,12011
663559,COLEGIO SUPERIOR SAN CRISTOBAL - SEDE PRINCIPAL,BOGOTÁ D.C.,2022,6,46.0,39.0,43.0,45.0,41.0,9.0,43.1,215.5,10322
663559,COLEGIO SUPERIOR SAN CRISTOBAL - SEDE PRINCIPAL,BOGOTÁ D.C.,2023,8,48.0,50.0,41.0,42.0,46.0,6.8,45.3,226.5,9306
663559,COLEGIO SUPERIOR SAN CRISTOBAL - SEDE PRINCIPAL,BOGOTÁ D.C.,2024,2,52.0,55.0,39.0,45.0,45.0,6.0,47.5,237.5,7952
663559,COLEGIO SUPERIOR SAN CRISTOBAL - SEDE PRINCIPAL,BOGOTÁ D.C.,2025,7,49.0,47.0,45.0,45.0,48.0,7.6,46.6,233.0,8585
733048,COLEGIO ALFRED MARSHALL - SEDE PRINCIPAL,BOGOTÁ D.C.,2020,24,52.0,50.0,49.0,47.0,47.0,10.8,49.3,246.5,5038
733048,COLEGIO ALFRED MARSHALL - SEDE PRINCIPAL,BOGOTÁ D.C.,2021,31,51.0,47.0,45.0,45.0,46.0,8.6,46.9,234.5,6752
733048,COLEGIO ALFRED MARSHALL - SEDE PRINCIPAL,BOGOTÁ D.C.,2022,28,47.0,44.0,40.0,44.0,43.0,8.8,43.7,218.5,9888
733048,COLEGIO ALFRED MARSHALL - SEDE PRINCIPAL,BOGOTÁ D.C.,2023,52,50.0,46.0,44.0,46.0,46.0,9.0,46.5,232.5,8456
733048,COLEGIO ALFRED MARSHALL - SEDE PRINCIPAL,BOGOTÁ D.C.,2024,83,49.0,45.0,43.0,45.0,44.0,9.2,45.4,227.0,9338
733048,COLEGIO ALFRED MARSHALL - SEDE PRINCIPAL,BOGOTÁ D.C.,2025,84,47.0,45.0,41.0,45.0,45.0,10.2,44.5,222.5,10125
753921,CENTRO EDUCATIVO EXTERNADO SIMON BOLIVAR,BOGOTÁ D.C.,2021,5,52.0,48.0,42.0,49.0,48.0,10.4,47.8,239.0,5974
753921,CENTRO EDUCATIVO EXTERNADO SIMON BOLIVAR,BOGOTÁ D.C.,2022,4,52.0,46.0,50.0,45.0,47.0,11.8,48.2,241.0,6616
753921,CENTRO EDUCATIVO EXTERNADO SIMON BOLIVAR,BOGOTÁ D.C.,2023,8,48.0,44.0,42.0,48.0,41.0,7.4,45.2,226.0,9306
753921,CENTRO EDUCATIVO EXTERNADO SIMON BOLIVAR,BOGOTÁ D.C.,2024,20,49.0,46.0,41.0,43.0,49.0,9.0,45.1,225.5,9611
753921,CENTRO EDUCATIVO EXTERNADO SIMON BOLIVAR,BOGOTÁ D.C.,2025,21,47.0,45.0,44.0,45.0,45.0,9.8,45.2,226.0,9567
022400,EXTERNADO NAL CAMILO TORRES,BOGOTÁ D.C.,2020,14,48.0,45.0,45.0,44.0,44.0,9.4,45.4,227.0,8016
022400,EXTERNADO NAL CAMILO TORRES,BOGOTÁ D.C.,2021,27,39.0,38.0,38.0,39.0,40.0,9.0,38.6,193.0,12500
022400,EXTERNADO NAL CAMILO TORRES,BOGOTÁ D.C.,2022,18,49.0,47.0,46.0,44.0,45.0,10.2,46.4,232.0,7833
022400,EXTERNADO NAL CAMILO TORRES,BOGOTÁ D.C.,2023,14,46.0,41.0,42.0,44.0,45.0,10.4,43.4,217.0,10626
022400,EXTERNADO NAL CAMILO TORRES,BOGOTÁ D.C.,2024,16,48.0,43.0,43.0,43.0,41.0,8.0,44.0,220.0,10264
022400,EXTERNADO NAL CAMILO TORRES,BOGOTÁ D.C.,2025,17,49.0,46.0,43.0,45.0,44.0,12.8,45.6,228.0,9314
066977,INST CIAL EDUARDO TORRES QUINTERO,BOGOTÁ D.C.,2020,8,55.0,55.0,56.0,53.0,51.0,5.8,54.5,272.5,2224
066977,INST CIAL EDUARDO TORRES QUINTERO,BOGOTÁ D.C.,2021,11,54.0,53.0,52.0,50.0,54.0,9.2,52.4,262.0,3083
066977,INST CIAL EDUARDO TORRES QUINTERO,BOGOTÁ D.C.,2022,16,57.0,54.0,51.0,50.0,54.0,7.8,53.1,265.5,3497
066977,INST CIAL EDUARDO TORRES QUINTERO,BOGOTÁ D.C.,2023,18,56.0,49.0,53.0,53.0,52.0,8.4,52.7,263.5,4004
066977,INST CIAL EDUARDO TORRES QUINTERO,BOGOTÁ D.C.,2024,14,51.0,48.0,46.0,47.0,53.0,9.2,48.4,242.0,7265
066977,INST CIAL EDUARDO TORRES QUINTERO,BOGOTÁ D.C.,2025,50,51.0,48.0,44.0,45.0,49.0,9.8,47.2,236.0,8215
159400,CENT EDUC DIST DIVINO NIÑO JESUS EL CONDOR,BOGOTÁ D.C.,2020,26,52.0,53.0,50.0,51.0,47.0,9.4,51.2,256.0,3726
159400,CENT EDUC DIST DIVINO NIÑO JESUS EL CONDOR,BOGOTÁ D.C.,2021,21,53.0,52.0,47.0,47.0,51.0,9.4,49.8,249.0,4556
159400,CENT EDUC DIST DIVINO NIÑO JESUS EL CONDOR,BOGOTÁ D.C.,2022,21,53.0,52.0,49.0,49.0,49.0,10.2,50.6,253.0,4897
159400,CENT EDUC DIST DIVINO NIÑO JESUS EL CONDOR,BOGOTÁ D.C.,2023,27,51.0,48.0,45.0,49.0,51.0,8.2,48.5,242.5,6970
159400,CENT EDUC DIST DIVINO NIÑO JESUS EL CONDOR,BOGOTÁ D.C.,2024,31,51.0,51.0,46.0,47.0,50.0,9.2,48.8,244.0,6985
159400,CENT EDUC DIST DIVINO NIÑO JESUS EL CONDOR,BOGOTÁ D.C.,2025,27,50.0,50.0,41.0,45.0,50.0,9.8,46.8,234.0,8454
195057,COL BRITANICO SEDE TUNJUELITO,BOGOTÁ D.C.,2020,51,51.0,50.0,48.0,46.0,46.0,9.0,48.5,242.5,5639
195057,COL BRITANICO SEDE TUNJUELITO,BOGOTÁ D.C.,2021,21,51.0,49.0,46.0,46.0,49.0,9.2,48.1,240.5,5817
195057,COL BRITANICO SEDE TUNJUELITO,BOGOTÁ D.C.,2022,20,50.0,50.0,45.0,47.0,49.0,9.4,48.1,240.5,6767
195057,COL BRITANICO SEDE TUNJUELITO,BOGOTÁ D.C.,2023,26,53.0,49.0,49.0,48.0,51.0,11.6,49.8,249.0,5939
195057,COL BRITANICO SEDE TUNJUELITO,BOGOTÁ D.C.,2024,14,53.0,51.0,45.0,46.0,52.0,9.4,49.0,245.0,6835
195057,COL BRITANICO SEDE TUNJUELITO,BOGOTÁ D.C.,2025,31,53.0,47.0,45.0,45.0,51.0,9.6,47.8,239.0,7792
218024,SEDE C (LUCERO ALTO - EL TESORO),BOGOTÁ D.C.,2020,30,47.0,47.0,44.0,45.0,41.0,9.8,45.4,227.0,8016
218024,SEDE C (LUCERO ALTO - EL TESORO),BOGOTÁ D.C.,2021,30,49.0,45.0,42.0,45.0,44.0,8.2,45.2,226.0,8008
218024,SEDE C (LUCERO ALTO - EL TESORO),BOGOTÁ D.C.,2022,38,51.0,47.0,42.0,46.0,46.0,10.0,46.5,232.5,7833
218024,SEDE C (LUCERO ALTO - EL TESORO),BOGOTÁ D.C.,2023,44,48.0,46.0,42.0,45.0,45.0,8.4,45.2,226.0,9306
218024,SEDE C (LUCERO ALTO - EL TESORO),BOGOTÁ D.C.,2024,54,49.0,47.0,44.0,46.0,45.0,8.8,46.4,232.0,8665
218024,SEDE C (LUCERO ALTO - EL TESORO),BOGOTÁ D.C.,2025,57,47.0,46.0,42.0,45.0,45.0,9.0,45.0,225.0,9695
161547,FUNDACIÓN EDUCATIVA PARA LA VIDA  - FUNDESCO - SEDE PRINCIPAL,BOGOTÁ D.C.,2020,43,50.0,48.0,44.0,45.0,42.0,9.6,46.4,232.0,7243
161547,FUNDACIÓN EDUCATIVA PARA LA VIDA  - FUNDESCO - SEDE PRINCIPAL,BOGOTÁ D.C.,2021,38,51.0,45.0,46.0,47.0,46.0,8.8,47.2,236.0,6424
161547,FUNDACIÓN EDUCATIVA PARA LA VIDA  - FUNDESCO - SEDE PRINCIPAL,BOGOTÁ D.C.,2022,39,50.0,46.0,45.0,45.0,46.0,8.6,46.5,232.5,7833
161547,FUNDACIÓN EDUCATIVA PARA LA VIDA  - FUNDESCO - SEDE PRINCIPAL,BOGOTÁ D.C.,2023,39,48.0,43.0,44.0,43.0,43.0,9.8,44.4,222.0,9891
161547,FUNDACIÓN EDUCATIVA PARA LA VIDA  - FUNDESCO - SEDE PRINCIPAL,BOGOTÁ D.C.,2024,29,44.0,40.0,38.0,42.0,41.0,10.8,41.0,205.0,12080
161547,FUNDACIÓN EDUCATIVA PARA LA VIDA  - FUNDESCO - SEDE PRINCIPAL,BOGOTÁ D.C.,2025,33,48.0,45.0,41.0,44.0,48.0,8.2,44.8,224.0,9837
088617,CENTRO JOHANN KEPLER,BOGOTÁ D.C.,2020,27,46.0,47.0,44.0,44.0,43.0,9.2,45.1,225.5,8347
088617,CENTRO JOHANN KEPLER,BOGOTÁ D.C.,2021,15,44.0,40.0,38.0,41.0,44.0,9.4,41.0,205.0,11117
088617,CENTRO JOHANN KEPLER,BOGOTÁ D.C.,2022,199,48.0,45.0,43.0,44.0,44.0,9.2,44.9,224.5,9016
088617,CENTRO JOHANN KEPLER,BOGOTÁ D.C.,2023,47,47.0,43.0,42.0,43.0,45.0,10.2,43.8,219.0,10339
088617,CENTRO JOHANN KEPLER,BOGOTÁ D.C.,2024,104,46.0,42.0,41.0,41.0,41.0,9.8,42.4,212.0,11251
088617,CENTRO JOHANN KEPLER,BOGOTÁ D.C.,2025,31,49.0,45.0,44.0,44.0,48.0,10.6,45.7,228.5,9314
074542,CEDID CIUDAD BOLIVAR,BOGOTÁ D.C.,2020,49,48.0,44.0,42.0,41.0,40.0,8.2,43.5,217.5,9587
074542,CEDID CIUDAD BOLIVAR,BOGOTÁ D.C.,2021,67,45.0,41.0,40.0,41.0,40.0,10.0,41.6,208.0,10685
074542,CEDID CIUDAD BOLIVAR,BOGOTÁ D.C.,2022,63,48.0,46.0,43.0,45.0,43.0,8.8,45.3,226.5,8737
074542,CEDID CIUDAD BOLIVAR,BOGOTÁ D.C.,2023,8,48.0,43.0,41.0,41.0,45.0,8.0,43.4,217.0,10626
074542,CEDID CIUDAD BOLIVAR,BOGOTÁ D.C.,2024,6,49.0,50.0,46.0,47.0,45.0,8.6,47.8,239.0,7653
074542,CEDID CIUDAD BOLIVAR,BOGOTÁ D.C.,2025,17,48.0,45.0,42.0,44.0,42.0,12.4,44.5,222.5,10125
730424,LICEO TÉCNICO BILINGÜE PAULO FREIRE - SEDE PRINCIPAL,BOGOTÁ D.C.,2023,3,53.0,50.0,45.0,41.0,54.0,16.0,47.8,239.0,7429
730424,LICEO TÉCNICO BILINGÜE PAULO FREIRE - SEDE PRINCIPAL,BOGOTÁ D.C.,2024,11,50.0,44.0,39.0,43.0,44.0,8.6,44.0,220.0,10264
730424,LICEO TÉCNICO BILINGÜE PAULO FREIRE - SEDE PRINCIPAL,BOGOTÁ D.C.,2025,4,49.0,50.0,41.0,44.0,44.0,8.0,45.8,229.0,9179
753939,CENTRO EDUCATIVO EXTERNADO SIMON BOLIVAR,BOGOTÁ D.C.,2021,3,55.0,44.0,44.0,41.0,40.0,5.8,45.5,227.5,7846
753939,CENTRO EDUCATIVO EXTERNADO SIMON BOLIVAR,BOGOTÁ D.C.,2022,2,53.0,52.0,46.0,51.0,56.0,5.4,50.9,254.5,4769
753939,CENTRO EDUCATIVO EXTERNADO SIMON BOLIVAR,BOGOTÁ D.C.,2023,6,48.0,41.0,42.0,43.0,41.0,6.2,43.3,216.5,10768
753939,CENTRO EDUCATIVO EXTERNADO SIMON BOLIVAR,BOGOTÁ D.C.,2024,5,43.0,41.0,36.0,41.0,48.0,5.4,40.8,204.0,12193
753939,CENTRO EDUCATIVO EXTERNADO SIMON BOLIVAR,BOGOTÁ D.C.,2025,4,53.0,47.0,39.0,44.0,49.0,9.0,46.0,230.0,9016
053900,COL DIST EDUC BAS Y MEDIA RODRIGO LARA BONILLA,BOGOTÁ D.C.,2020,101,47.0,43.0,42.0,41.0,40.0,8.4,43.0,215.0,9906
053900,COL DIST EDUC BAS Y MEDIA RODRIGO LARA BONILLA,BOGOTÁ D.C.,2021,139,47.0,42.0,42.0,43.0,42.0,9.0,43.4,217.0,9299
053900,COL DIST EDUC BAS Y MEDIA RODRIGO LARA BONILLA,BOGOTÁ D.C.,2022,116,47.0,44.0,41.0,43.0,43.0,9.6,43.7,218.5,9888
053900,COL DIST EDUC BAS Y MEDIA RODRIGO LARA BONILLA,BOGOTÁ D.C.,2023,85,48.0,44.0,43.0,44.0,47.0,9.6,44.9,224.5,9607
053900,COL DIST EDUC BAS Y MEDIA RODRIGO LARA BONILLA,BOGOTÁ D.C.,2024,103,49.0,47.0,44.0,45.0,47.0,10.0,46.3,231.5,8771
053900,COL DIST EDUC BAS Y MEDIA RODRIGO LARA BONILLA,BOGOTÁ D.C.,2025,99,49.0,45.0,42.0,44.0,47.0,9.8,45.2,226.0,9567
029447,COL DIST JOSE MARIA CORDOBA,BOGOTÁ D.C.,2020,44,49.0,43.0,44.0,43.0,44.0,8.4,44.7,223.5,8657
029447,COL DIST JOSE MARIA CORDOBA,BOGOTÁ D.C.,2021,30,49.0,45.0,43.0,43.0,44.0,10.2,44.9,224.5,8287
029447,COL DIST JOSE MARIA CORDOBA,BOGOTÁ D.C.,2022,30,48.0,45.0,44.0,44.0,45.0,8.4,45.2,226.0,8737
029447,COL DIST JOSE MARIA CORDOBA,BOGOTÁ D.C.,2023,38,49.0,46.0,45.0,46.0,45.0,9.6,46.4,232.0,8456
029447,COL DIST JOSE MARIA CORDOBA,BOGOTÁ D.C.,2024,46,48.0,45.0,44.0,44.0,44.0,9.6,45.2,226.0,9478
029447,COL DIST JOSE MARIA CORDOBA,BOGOTÁ D.C.,2025,53,50.0,44.0,42.0,44.0,46.0,10.4,45.1,225.5,9695
745471,COL TRIANGULO PALOQUEMAO,BOGOTÁ D.C.,2020,4,42.0,38.0,38.0,40.0,39.0,7.2,39.5,197.5,12484
745471,COL TRIANGULO PALOQUEMAO,BOGOTÁ D.C.,2021,21,52.0,45.0,43.0,44.0,48.0,9.0,46.2,231.0,7214
745471,COL TRIANGULO PALOQUEMAO,BOGOTÁ D.C.,2022,11,52.0,45.0,47.0,42.0,48.0,8.2,46.6,233.0,7704
745471,COL TRIANGULO PALOQUEMAO,BOGOTÁ D.C.,2023,4,45.0,43.0,43.0,42.0,45.0,9.0,43.4,217.0,10626
745471,COL TRIANGULO PALOQUEMAO,BOGOTÁ D.C.,2024,6,50.0,46.0,48.0,47.0,54.0,13.6,48.2,241.0,7387
745471,COL TRIANGULO PALOQUEMAO,BOGOTÁ D.C.,2025,10,52.0,47.0,44.0,44.0,42.0,8.8,46.4,232.0,8728
730317,COLEGIO REAL LATINO - SEDE PRINCIPAL,BOGOTÁ D.C.,2020,2,45.0,36.0,38.0,39.0,46.0,2.6,40.0,200.0,12139
730317,COLEGIO REAL LATINO - SEDE PRINCIPAL,BOGOTÁ D.C.,2021,26,45.0,43.0,41.0,41.0,42.0,8.4,42.5,212.5,10114
730317,COLEGIO REAL LATINO - SEDE PRINCIPAL,BOGOTÁ D.C.,2022,29,47.0,45.0,43.0,44.0,42.0,7.8,44.5,222.5,9306
730317,COLEGIO REAL LATINO - SEDE PRINCIPAL,BOGOTÁ D.C.,2023,43,44.0,42.0,43.0,42.0,45.0,7.8,42.9,214.5,11047
730317,COLEGIO REAL LATINO - SEDE PRINCIPAL,BOGOTÁ D.C.,2024,47,49.0,45.0,44.0,44.0,45.0,8.8,45.5,227.5,9338
730317,COLEGIO REAL LATINO - SEDE PRINCIPAL,BOGOTÁ D.C.,2025,67,49.0,43.0,42.0,44.0,45.0,9.8,44.5,222.5,10125
034884,COL DEPT INTEGRADO FONTIBON,BOGOTÁ D.C.,2020,46,47.0,45.0,44.0,43.0,41.0,8.2,44.5,222.5,8802
034884,COL DEPT INTEGRADO FONTIBON,BOGOTÁ D.C.,2021,47,46.0,44.0,41.0,43.0,42.0,8.4,43.4,217.0,9299
034884,COL DEPT INTEGRADO FONTIBON,BOGOTÁ D.C.,2022,42,45.0,42.0,40.0,43.0,45.0,9.6,42.7,213.5,10601
034884,COL DEPT INTEGRADO FONTIBON,BOGOTÁ D.C.,2023,40,49.0,45.0,46.0,45.0,44.0,9.6,46.1,230.5,8755
034884,COL DEPT INTEGRADO FONTIBON,BOGOTÁ D.C.,2024,91,46.0,44.0,42.0,43.0,44.0,9.4,43.8,219.0,10390
034884,COL DEPT INTEGRADO FONTIBON,BOGOTÁ D.C.,2025,62,47.0,43.0,41.0,44.0,46.0,9.4,43.9,219.5,10551
183244,INSTITUTO TOMAS MORO - SEDE PRINCIPAL,BOGOTÁ D.C.,2020,23,49.0,47.0,45.0,43.0,41.0,8.0,45.6,228.0,7845
183244,INSTITUTO TOMAS MORO - SEDE PRINCIPAL,BOGOTÁ D.C.,2021,35,51.0,49.0,46.0,45.0,45.0,9.2,47.5,237.5,6250
183244,INSTITUTO TOMAS MORO - SEDE PRINCIPAL,BOGOTÁ D.C.,2022,19,53.0,47.0,49.0,49.0,51.0,8.4,49.6,248.0,5613
183244,INSTITUTO TOMAS MORO - SEDE PRINCIPAL,BOGOTÁ D.C.,2023,47,48.0,45.0,43.0,44.0,45.0,9.4,45.0,225.0,9454
183244,INSTITUTO TOMAS MORO - SEDE PRINCIPAL,BOGOTÁ D.C.,2024,31,45.0,44.0,39.0,42.0,44.0,8.6,42.6,213.0,11130
183244,INSTITUTO TOMAS MORO - SEDE PRINCIPAL,BOGOTÁ D.C.,2025,26,47.0,45.0,41.0,44.0,47.0,10.6,44.5,222.5,10125
733063,COLEGIO ALFRED MARSHALL - SEDE PRINCIPAL,BOGOTÁ D.C.,2021,2,44.0,34.0,33.0,35.0,37.0,6.6,36.5,182.5,13196
733063,COLEGIO ALFRED MARSHALL - SEDE PRINCIPAL,BOGOTÁ D.C.,2025,12,48.0,45.0,43.0,44.0,40.0,8.8,44.6,223.0,9976
059600,CENT EDUC DIST ANTONIO VILLAVICENCIO,BOGOTÁ D.C.,2020,39,48.0,45.0,44.0,43.0,42.0,9.0,44.8,224.0,8509
059600,CENT EDUC DIST ANTONIO VILLAVICENCIO,BOGOTÁ D.C.,2021,29,52.0,45.0,44.0,45.0,0.0,7.4,42.9,214.5,9806
059600,CENT EDUC DIST ANTONIO VILLAVICENCIO,BOGOTÁ D.C.,2021,28,0.0,0.0,0.0,0.0,44.0,2.0,3.4,17.0,14337
059600,CENT EDUC DIST ANTONIO VILLAVICENCIO,BOGOTÁ D.C.,2022,32,48.0,45.0,43.0,46.0,44.0,8.4,45.4,227.0,8595
059600,CENT EDUC DIST ANTONIO VILLAVICENCIO,BOGOTÁ D.C.,2023,32,50.0,45.0,45.0,45.0,45.0,10.4,46.2,231.0,8631
059600,CENT EDUC DIST ANTONIO VILLAVICENCIO,BOGOTÁ D.C.,2024,21,49.0,44.0,42.0,45.0,44.0,10.2,44.9,224.5,9742
059600,CENT EDUC DIST ANTONIO VILLAVICENCIO,BOGOTÁ D.C.,2025,49,50.0,45.0,42.0,44.0,46.0,9.4,45.3,226.5,9567
020966,CENT EDUC DIST REINO DE HOLANDA,BOGOTÁ D.C.,2020,26,49.0,45.0,42.0,42.0,42.0,9.2,44.3,221.5,8957
020966,CENT EDUC DIST REINO DE HOLANDA,BOGOTÁ D.C.,2021,15,44.0,46.0,37.0,41.0,41.0,6.2,41.9,209.5,10551
020966,CENT EDUC DIST REINO DE HOLANDA,BOGOTÁ D.C.,2022,23,44.0,42.0,37.0,42.0,41.0,8.4,41.2,206.0,11510
020966,CENT EDUC DIST REINO DE HOLANDA,BOGOTÁ D.C.,2023,25,47.0,44.0,40.0,43.0,49.0,10.8,43.9,219.5,10339
020966,CENT EDUC DIST REINO DE HOLANDA,BOGOTÁ D.C.,2024,28,50.0,47.0,41.0,44.0,47.0,8.4,45.6,228.0,9187
020966,CENT EDUC DIST REINO DE HOLANDA,BOGOTÁ D.C.,2025,25,48.0,44.0,40.0,44.0,44.0,9.4,44.0,220.0,10405
171488,CENT SUPERIOR DE ESTUDIOS FINANCIEROS E INFORMATICOS CENPEFI,BOGOTÁ D.C.,2020,48,50.0,47.0,49.0,48.0,43.0,8.0,48.1,240.5,5968
171488,CENT SUPERIOR DE ESTUDIOS FINANCIEROS E INFORMATICOS CENPEFI,BOGOTÁ D.C.,2021,28,48.0,44.0,42.0,45.0,44.0,9.6,44.7,223.5,8436
171488,CENT SUPERIOR DE ESTUDIOS FINANCIEROS E INFORMATICOS CENPEFI,BOGOTÁ D.C.,2022,31,50.0,47.0,47.0,47.0,46.0,9.4,47.6,238.0,7031
171488,CENT SUPERIOR DE ESTUDIOS FINANCIEROS E INFORMATICOS CENPEFI,BOGOTÁ D.C.,2023,9,49.0,44.0,42.0,43.0,46.0,10.2,44.6,223.0,9751
171488,CENT SUPERIOR DE ESTUDIOS FINANCIEROS E INFORMATICOS CENPEFI,BOGOTÁ D.C.,2024,31,49.0,45.0,42.0,44.0,46.0,8.8,45.1,225.5,9611
171488,CENT SUPERIOR DE ESTUDIOS FINANCIEROS E INFORMATICOS CENPEFI,BOGOTÁ D.C.,2025,14,49.0,47.0,40.0,44.0,47.0,8.4,45.2,226.0,9567
711606,INSTITUTO CAMARGO LEON - SEDE PRINCIPAL,BOGOTÁ D.C.,2020,9,50.0,51.0,44.0,45.0,45.0,10.2,47.3,236.5,6628
711606,INSTITUTO CAMARGO LEON - SEDE PRINCIPAL,BOGOTÁ D.C.,2021,15,49.0,44.0,47.0,46.0,49.0,10.6,46.7,233.5,6911
711606,INSTITUTO CAMARGO LEON - SEDE PRINCIPAL,BOGOTÁ D.C.,2022,15,53.0,49.0,44.0,47.0,51.0,10.0,48.5,242.5,6461
711606,INSTITUTO CAMARGO LEON - SEDE PRINCIPAL,BOGOTÁ D.C.,2023,8,57.0,54.0,50.0,51.0,55.0,9.2,53.2,266.0,3670
711606,INSTITUTO CAMARGO LEON - SEDE PRINCIPAL,BOGOTÁ D.C.,2024,22,51.0,46.0,43.0,46.0,49.0,8.8,46.7,233.5,8525
711606,INSTITUTO CAMARGO LEON - SEDE PRINCIPAL,BOGOTÁ D.C.,2025,27,49.0,46.0,42.0,44.0,49.0,11.6,45.5,227.5,9444
729681,INSTITUCION EDUCATIVA FRAY LUIS DE LEON - SEDE PRINCIPAL,BOGOTÁ D.C.,2020,13,52.0,49.0,46.0,47.0,43.0,7.6,48.1,240.5,5968
729681,INSTITUCION EDUCATIVA FRAY LUIS DE LEON - SEDE PRINCIPAL,BOGOTÁ D.C.,2021,10,55.0,54.0,44.0,45.0,49.0,8.6,49.5,247.5,4807
729681,INSTITUCION EDUCATIVA FRAY LUIS DE LEON - SEDE PRINCIPAL,BOGOTÁ D.C.,2022,14,48.0,43.0,41.0,43.0,44.0,6.8,43.8,219.0,9741
729681,INSTITUCION EDUCATIVA FRAY LUIS DE LEON - SEDE PRINCIPAL,BOGOTÁ D.C.,2023,27,47.0,42.0,43.0,43.0,44.0,8.2,43.8,219.0,10339
729681,INSTITUCION EDUCATIVA FRAY LUIS DE LEON - SEDE PRINCIPAL,BOGOTÁ D.C.,2024,24,49.0,46.0,41.0,44.0,44.0,9.4,44.9,224.5,9742
729681,INSTITUCION EDUCATIVA FRAY LUIS DE LEON - SEDE PRINCIPAL,BOGOTÁ D.C.,2025,43,50.0,46.0,42.0,44.0,47.0,10.8,45.6,228.0,9314
753947,CENTRO EDUCATIVO EXTERNADO SIMON BOLIVAR,BOGOTÁ D.C.,2021,11,50.0,44.0,46.0,45.0,46.0,8.8,46.2,231.0,7214
753947,CENTRO EDUCATIVO EXTERNADO SIMON BOLIVAR,BOGOTÁ D.C.,2022,11,49.0,47.0,41.0,47.0,45.0,9.6,45.9,229.5,8295
753947,CENTRO EDUCATIVO EXTERNADO SIMON BOLIVAR,BOGOTÁ D.C.,2023,14,52.0,48.0,45.0,46.0,48.0,8.2,47.8,239.0,7429
753947,CENTRO EDUCATIVO EXTERNADO SIMON BOLIVAR,BOGOTÁ D.C.,2024,14,48.0,47.0,43.0,44.0,50.0,9.4,45.8,229.0,9051
753947,CENTRO EDUCATIVO EXTERNADO SIMON BOLIVAR,BOGOTÁ D.C.,2025,5,49.0,40.0,40.0,44.0,47.0,5.0,43.5,217.5,10799
809517,COLEGIO MARCO AURELIO,BOGOTÁ D.C.,2023,8,47.0,45.0,41.0,46.0,47.0,6.6,44.9,224.5,9607
809517,COLEGIO MARCO AURELIO,BOGOTÁ D.C.,2024,18,50.0,44.0,44.0,43.0,49.0,9.2,45.5,227.5,9338
809517,COLEGIO MARCO AURELIO,BOGOTÁ D.C.,2025,16,49.0,43.0,42.0,44.0,48.0,10.2,44.8,224.0,9837
062786,INST DIST EDUC BAS Y TECNICA AQUILEO PARRA,BOGOTÁ D.C.,2020,20,45.0,44.0,40.0,40.0,40.0,8.8,42.1,210.5,10697
062786,INST DIST EDUC BAS Y TECNICA AQUILEO PARRA,BOGOTÁ D.C.,2021,44,46.0,42.0,42.0,42.0,41.0,9.8,42.8,214.0,9806
062786,INST DIST EDUC BAS Y TECNICA AQUILEO PARRA,BOGOTÁ D.C.,2022,41,49.0,44.0,43.0,46.0,46.0,10.8,45.5,227.5,8595
062786,INST DIST EDUC BAS Y TECNICA AQUILEO PARRA,BOGOTÁ D.C.,2023,41,49.0,46.0,45.0,46.0,44.0,9.0,46.3,231.5,8631
062786,INST DIST EDUC BAS Y TECNICA AQUILEO PARRA,BOGOTÁ D.C.,2024,46,51.0,47.0,44.0,46.0,0.0,7.8,43.4,217.0,10619
062786,INST DIST EDUC BAS Y TECNICA AQUILEO PARRA,BOGOTÁ D.C.,2024,45,0.0,0.0,0.0,0.0,48.0,2.0,3.7,18.5,14611
062786,INST DIST EDUC BAS Y TECNICA AQUILEO PARRA,BOGOTÁ D.C.,2025,51,46.0,43.0,40.0,44.0,45.0,10.0,43.4,217.0,10799
194431,COLEGIO TECNISISTEMAS - SEDE PRINCIPAL,BOGOTÁ D.C.,2020,20,52.0,49.0,49.0,47.0,46.0,8.8,49.0,245.0,5182
194431,COLEGIO TECNISISTEMAS - SEDE PRINCIPAL,BOGOTÁ D.C.,2021,24,50.0,45.0,43.0,46.0,46.0,8.4,46.0,230.0,7376
194431,COLEGIO TECNISISTEMAS - SEDE PRINCIPAL,BOGOTÁ D.C.,2022,43,51.0,48.0,46.0,46.0,46.0,11.0,47.6,238.0,7031
194431,COLEGIO TECNISISTEMAS - SEDE PRINCIPAL,BOGOTÁ D.C.,2023,26,49.0,47.0,44.0,45.0,46.0,8.0,46.2,231.0,8631
194431,COLEGIO TECNISISTEMAS - SEDE PRINCIPAL,BOGOTÁ D.C.,2024,20,53.0,51.0,47.0,47.0,51.0,11.0,49.6,248.0,6451
194431,COLEGIO TECNISISTEMAS - SEDE PRINCIPAL,BOGOTÁ D.C.,2025,6,48.0,44.0,41.0,44.0,45.0,8.2,44.3,221.5,10255
721647,ACADEMIA AMERICANA DE SISTEMAS Y COMERCIO,BOGOTÁ D.C.,2020,5,45.0,38.0,47.0,38.0,42.0,8.0,42.0,210.0,10697
721647,ACADEMIA AMERICANA DE SISTEMAS Y COMERCIO,BOGOTÁ D.C.,2021,3,40.0,39.0,40.0,40.0,35.0,9.2,39.4,197.0,12101
721647,ACADEMIA AMERICANA DE SISTEMAS Y COMERCIO,BOGOTÁ D.C.,2022,9,42.0,38.0,44.0,40.0,40.0,7.2,40.9,204.5,11757
721647,ACADEMIA AMERICANA DE SISTEMAS Y COMERCIO,BOGOTÁ D.C.,2024,24,49.0,46.0,46.0,44.0,46.0,7.0,46.2,231.0,8771
721647,ACADEMIA AMERICANA DE SISTEMAS Y COMERCIO,BOGOTÁ D.C.,2025,20,50.0,44.0,42.0,44.0,45.0,8.8,45.0,225.0,9695
023812,LICEO FEMENINO MERCEDES NARIÑO,BOGOTÁ D.C.,2020,48,46.0,43.0,44.0,43.0,40.0,8.0,43.7,218.5,9424
023812,LICEO FEMENINO MERCEDES NARIÑO,BOGOTÁ D.C.,2021,28,46.0,43.0,40.0,41.0,45.0,6.8,42.7,213.5,9956
023812,LICEO FEMENINO MERCEDES NARIÑO,BOGOTÁ D.C.,2022,18,43.0,39.0,41.0,43.0,41.0,9.6,41.5,207.5,11386
023812,LICEO FEMENINO MERCEDES NARIÑO,BOGOTÁ D.C.,2023,32,51.0,46.0,46.0,46.0,48.0,9.6,47.3,236.5,7864
023812,LICEO FEMENINO MERCEDES NARIÑO,BOGOTÁ D.C.,2024,35,51.0,46.0,46.0,47.0,0.0,7.8,43.8,219.0,10390
023812,LICEO FEMENINO MERCEDES NARIÑO,BOGOTÁ D.C.,2024,34,0.0,0.0,0.0,0.0,49.0,2.6,3.8,19.0,14611
023812,LICEO FEMENINO MERCEDES NARIÑO,BOGOTÁ D.C.,2025,21,50.0,46.0,46.0,44.0,44.0,10.4,46.3,231.5,8880
119164,INSTITUTO ANDRE MICHELIN,BOGOTÁ D.C.,2020,86,46.0,43.0,41.0,40.0,41.0,9.4,42.4,212.0,10377
119164,INSTITUTO ANDRE MICHELIN,BOGOTÁ D.C.,2021,100,47.0,42.0,41.0,43.0,45.0,9.2,43.4,217.0,9299
119164,INSTITUTO ANDRE MICHELIN,BOGOTÁ D.C.,2022,98,46.0,42.0,40.0,43.0,44.0,9.6,42.8,214.0,10458
119164,INSTITUTO ANDRE MICHELIN,BOGOTÁ D.C.,2023,82,50.0,47.0,45.0,46.0,49.0,11.4,47.2,236.0,7864
119164,INSTITUTO ANDRE MICHELIN,BOGOTÁ D.C.,2024,97,49.0,45.0,44.0,45.0,50.0,10.6,46.1,230.5,8903
119164,INSTITUTO ANDRE MICHELIN,BOGOTÁ D.C.,2025,160,47.0,43.0,42.0,44.0,46.0,10.4,44.2,221.0,10255
021030,CENT EDUC DIST SAN CRISTOBAL SUR,BOGOTÁ D.C.,2020,43,49.0,49.0,42.0,43.0,42.0,8.8,45.5,227.5,8016
021030,CENT EDUC DIST SAN CRISTOBAL SUR,BOGOTÁ D.C.,2021,30,47.0,46.0,42.0,44.0,43.0,9.0,44.6,223.0,8436
021030,CENT EDUC DIST SAN CRISTOBAL SUR,BOGOTÁ D.C.,2022,20,48.0,46.0,46.0,45.0,43.0,10.8,46.0,230.0,8146
021030,CENT EDUC DIST SAN CRISTOBAL SUR,BOGOTÁ D.C.,2023,23,49.0,47.0,44.0,47.0,48.0,8.2,46.8,234.0,8181
021030,CENT EDUC DIST SAN CRISTOBAL SUR,BOGOTÁ D.C.,2024,18,53.0,49.0,43.0,49.0,49.0,9.4,48.5,242.5,7265
021030,CENT EDUC DIST SAN CRISTOBAL SUR,BOGOTÁ D.C.,2025,27,47.0,45.0,40.0,44.0,46.0,10.6,44.2,221.0,10255
140400,COL CENAT,BOGOTÁ D.C.,2020,42,49.0,48.0,45.0,44.0,44.0,9.6,46.3,231.5,7395
140400,COL CENAT,BOGOTÁ D.C.,2021,56,47.0,42.0,41.0,43.0,44.0,9.2,43.3,216.5,9448
140400,COL CENAT,BOGOTÁ D.C.,2022,17,48.0,44.0,42.0,45.0,45.0,8.2,44.8,224.0,9016
140400,COL CENAT,BOGOTÁ D.C.,2023,21,49.0,45.0,43.0,44.0,45.0,9.6,45.2,226.0,9306
140400,COL CENAT,BOGOTÁ D.C.,2024,29,48.0,45.0,43.0,45.0,47.0,10.0,45.4,227.0,9338
140400,COL CENAT,BOGOTÁ D.C.,2025,12,51.0,44.0,42.0,44.0,49.0,9.0,45.5,227.5,9444
102814,CENT EDUC DIST SAN BERNARDINO,BOGOTÁ D.C.,2020,58,50.0,49.0,45.0,45.0,44.0,9.6,47.0,235.0,6775
102814,CENT EDUC DIST SAN BERNARDINO,BOGOTÁ D.C.,2021,61,51.0,45.0,45.0,46.0,46.0,9.2,46.7,233.5,6911
102814,CENT EDUC DIST SAN BERNARDINO,BOGOTÁ D.C.,2022,61,48.0,46.0,43.0,44.0,45.0,8.8,45.2,226.0,8737
102814,CENT EDUC DIST SAN BERNARDINO,BOGOTÁ D.C.,2023,56,49.0,43.0,44.0,44.0,47.0,8.6,45.2,226.0,9306
102814,CENT EDUC DIST SAN BERNARDINO,BOGOTÁ D.C.,2024,69,48.0,44.0,42.0,44.0,45.0,9.6,44.5,222.5,9992
102814,CENT EDUC DIST SAN BERNARDINO,BOGOTÁ D.C.,2025,56,49.0,45.0,41.0,44.0,49.0,8.6,45.1,225.5,9695
110742,COL INST INSCAP - SEDE PRINCIPAL,BOGOTÁ D.C.,2020,51,51.0,51.0,46.0,46.0,43.0,8.4,48.1,240.5,5968
110742,COL INST INSCAP - SEDE PRINCIPAL,BOGOTÁ D.C.,2021,33,51.0,50.0,47.0,47.0,50.0,8.6,48.8,244.0,5257
110742,COL INST INSCAP - SEDE PRINCIPAL,BOGOTÁ D.C.,2022,27,48.0,45.0,43.0,45.0,43.0,10.2,45.1,225.5,8894
110742,COL INST INSCAP - SEDE PRINCIPAL,BOGOTÁ D.C.,2023,21,48.0,45.0,45.0,43.0,48.0,10.2,45.5,227.5,9179
110742,COL INST INSCAP - SEDE PRINCIPAL,BOGOTÁ D.C.,2024,23,51.0,44.0,45.0,45.0,49.0,9.2,46.5,232.5,8665
110742,COL INST INSCAP - SEDE PRINCIPAL,BOGOTÁ D.C.,2025,23,47.0,44.0,40.0,44.0,45.0,9.4,43.8,219.0,10551
056093,CEDID SAN PABLO BOSA,BOGOTÁ D.C.,2020,113,47.0,46.0,43.0,43.0,42.0,7.6,44.5,222.5,8802
056093,CEDID SAN PABLO BOSA,BOGOTÁ D.C.,2021,84,48.0,46.0,43.0,44.0,44.0,8.6,45.2,226.0,8008
056093,CEDID SAN PABLO BOSA,BOGOTÁ D.C.,2022,124,47.0,45.0,42.0,44.0,44.0,8.6,44.5,222.5,9306
056093,CEDID SAN PABLO BOSA,BOGOTÁ D.C.,2023,92,47.0,43.0,41.0,43.0,45.0,8.4,43.6,218.0,10481
056093,CEDID SAN PABLO BOSA,BOGOTÁ D.C.,2024,83,47.0,45.0,41.0,43.0,44.0,9.0,44.0,220.0,10264
056093,CEDID SAN PABLO BOSA,BOGOTÁ D.C.,2025,67,48.0,44.0,40.0,44.0,45.0,9.0,44.1,220.5,10405
059568,CENT EDUC DIST MIGUEL DE CERVANTES SAAVEDRA,BOGOTÁ D.C.,2020,78,48.0,46.0,45.0,43.0,40.0,9.4,45.1,225.5,8347
059568,CENT EDUC DIST MIGUEL DE CERVANTES SAAVEDRA,BOGOTÁ D.C.,2021,89,46.0,41.0,41.0,41.0,42.0,8.6,42.2,211.0,10258
059568,CENT EDUC DIST MIGUEL DE CERVANTES SAAVEDRA,BOGOTÁ D.C.,2022,98,47.0,43.0,42.0,44.0,44.0,8.6,44.0,220.0,9582
059568,CENT EDUC DIST MIGUEL DE CERVANTES SAAVEDRA,BOGOTÁ D.C.,2023,64,47.0,43.0,42.0,44.0,44.0,8.2,44.0,220.0,10175
059568,CENT EDUC DIST MIGUEL DE CERVANTES SAAVEDRA,BOGOTÁ D.C.,2024,62,48.0,45.0,43.0,45.0,45.0,10.0,45.2,226.0,9478
059568,CENT EDUC DIST MIGUEL DE CERVANTES SAAVEDRA,BOGOTÁ D.C.,2025,62,47.0,43.0,39.0,44.0,45.0,8.8,43.4,217.0,10799
751974,COLEGIO ALEJANDRO MAGNO - SEDE PRINCIPAL,BOGOTÁ D.C.,2021,11,45.0,47.0,41.0,46.0,41.0,8.0,44.5,222.5,8581
751974,COLEGIO ALEJANDRO MAGNO - SEDE PRINCIPAL,BOGOTÁ D.C.,2022,28,48.0,44.0,44.0,44.0,47.0,7.8,45.2,226.0,8737
751974,COLEGIO ALEJANDRO MAGNO - SEDE PRINCIPAL,BOGOTÁ D.C.,2023,21,45.0,40.0,42.0,42.0,43.0,8.6,42.3,211.5,11411
751974,COLEGIO ALEJANDRO MAGNO - SEDE PRINCIPAL,BOGOTÁ D.C.,2024,5,43.0,42.0,39.0,39.0,40.0,7.4,40.7,203.5,12298
751974,COLEGIO ALEJANDRO MAGNO - SEDE PRINCIPAL,BOGOTÁ D.C.,2025,6,47.0,43.0,43.0,44.0,42.0,12.2,44.1,220.5,10405
020891,INST DIST DE COMERCIO MANUELA BELTRAN,BOGOTÁ D.C.,2020,33,44.0,42.0,42.0,39.0,36.0,12.4,41.3,206.5,11321
020891,INST DIST DE COMERCIO MANUELA BELTRAN,BOGOTÁ D.C.,2021,19,48.0,44.0,46.0,44.0,47.0,11.4,45.6,228.0,7684
020891,INST DIST DE COMERCIO MANUELA BELTRAN,BOGOTÁ D.C.,2022,24,51.0,45.0,47.0,47.0,47.0,9.8,47.5,237.5,7172
020891,INST DIST DE COMERCIO MANUELA BELTRAN,BOGOTÁ D.C.,2023,13,50.0,48.0,46.0,45.0,47.0,9.6,47.2,236.0,7864
020891,INST DIST DE COMERCIO MANUELA BELTRAN,BOGOTÁ D.C.,2024,20,48.0,47.0,44.0,43.0,47.0,9.6,45.6,228.0,9187
020891,INST DIST DE COMERCIO MANUELA BELTRAN,BOGOTÁ D.C.,2025,21,48.0,43.0,42.0,43.0,0.0,8.2,40.6,203.0,12377
020891,INST DIST DE COMERCIO MANUELA BELTRAN,BOGOTÁ D.C.,2025,20,0.0,0.0,0.0,0.0,45.0,2.0,3.5,17.5,14764
037259,COL DIST EDUC BAS Y MEDIA CARLOS ARTURO TORRES,BOGOTÁ D.C.,2020,47,47.0,46.0,40.0,42.0,42.0,8.4,43.6,218.0,9424
037259,COL DIST EDUC BAS Y MEDIA CARLOS ARTURO TORRES,BOGOTÁ D.C.,2021,36,45.0,40.0,41.0,43.0,43.0,9.8,42.3,211.5,10258
037259,COL DIST EDUC BAS Y MEDIA CARLOS ARTURO TORRES,BOGOTÁ D.C.,2022,49,48.0,47.0,44.0,45.0,46.0,8.4,46.0,230.0,8146
037259,COL DIST EDUC BAS Y MEDIA CARLOS ARTURO TORRES,BOGOTÁ D.C.,2023,25,47.0,46.0,44.0,44.0,41.0,8.6,44.9,224.5,9607
037259,COL DIST EDUC BAS Y MEDIA CARLOS ARTURO TORRES,BOGOTÁ D.C.,2024,25,49.0,46.0,43.0,46.0,45.0,8.2,45.9,229.5,9051
037259,COL DIST EDUC BAS Y MEDIA CARLOS ARTURO TORRES,BOGOTÁ D.C.,2025,21,52.0,45.0,44.0,43.0,46.0,8.6,46.0,230.0,9016
160663,CENT EDUC DIST SIERRA MORENA,BOGOTÁ D.C.,2020,31,46.0,44.0,41.0,41.0,40.0,9.0,42.8,214.0,10066
160663,CENT EDUC DIST SIERRA MORENA,BOGOTÁ D.C.,2021,40,45.0,43.0,40.0,42.0,42.0,7.6,42.5,212.5,10114
160663,CENT EDUC DIST SIERRA MORENA,BOGOTÁ D.C.,2022,35,46.0,42.0,42.0,41.0,41.0,8.4,42.6,213.0,10601
160663,CENT EDUC DIST SIERRA MORENA,BOGOTÁ D.C.,2023,35,47.0,45.0,43.0,42.0,45.0,10.2,44.3,221.5,10038
160663,CENT EDUC DIST SIERRA MORENA,BOGOTÁ D.C.,2024,87,46.0,42.0,41.0,43.0,43.0,8.4,43.0,215.0,10876
160663,CENT EDUC DIST SIERRA MORENA,BOGOTÁ D.C.,2025,87,48.0,43.0,41.0,43.0,44.0,9.6,43.8,219.0,10551
091249,INSTITUTO CERROS DEL SUR - ICES,BOGOTÁ D.C.,2020,1,46.0,45.0,41.0,38.0,63.0,0.0,44.1,220.5,9121
091249,INSTITUTO CERROS DEL SUR - ICES,BOGOTÁ D.C.,2021,3,52.0,43.0,42.0,46.0,56.0,10.8,46.5,232.5,7068
091249,INSTITUTO CERROS DEL SUR - ICES,BOGOTÁ D.C.,2022,4,55.0,50.0,51.0,54.0,48.0,9.0,52.2,261.0,3916
091249,INSTITUTO CERROS DEL SUR - ICES,BOGOTÁ D.C.,2023,2,63.0,57.0,59.0,57.0,64.0,12.8,59.4,297.0,1447
091249,INSTITUTO CERROS DEL SUR - ICES,BOGOTÁ D.C.,2024,5,60.0,51.0,53.0,50.0,53.0,11.2,53.5,267.5,3886
091249,INSTITUTO CERROS DEL SUR - ICES,BOGOTÁ D.C.,2025,2,48.0,43.0,39.0,43.0,41.0,12.0,43.1,215.5,11028
056481,COL DIST EDUC BAS Y MEDIA AGUSTIN FERNANDEZ,BOGOTÁ D.C.,2020,29,47.0,45.0,44.0,43.0,39.0,8.2,44.3,221.5,8957
056481,COL DIST EDUC BAS Y MEDIA AGUSTIN FERNANDEZ,BOGOTÁ D.C.,2021,33,49.0,43.0,44.0,44.0,44.0,8.6,44.9,224.5,8287
056481,COL DIST EDUC BAS Y MEDIA AGUSTIN FERNANDEZ,BOGOTÁ D.C.,2022,12,51.0,48.0,48.0,49.0,47.0,11.6,48.8,244.0,6169
056481,COL DIST EDUC BAS Y MEDIA AGUSTIN FERNANDEZ,BOGOTÁ D.C.,2023,33,46.0,44.0,45.0,43.0,47.0,9.6,44.7,223.5,9751
056481,COL DIST EDUC BAS Y MEDIA AGUSTIN FERNANDEZ,BOGOTÁ D.C.,2024,27,47.0,41.0,44.0,44.0,45.0,9.6,44.1,220.5,10264
056481,COL DIST EDUC BAS Y MEDIA AGUSTIN FERNANDEZ,BOGOTÁ D.C.,2025,22,47.0,40.0,40.0,43.0,44.0,7.8,42.6,213.0,11276
074518,COL TRIANGULO PALOQUEMAO,BOGOTÁ D.C.,2025,1,46.0,48.0,38.0,43.0,40.0,0.0,43.5,217.5,10799
183178,FUNDACIÓN HUMANISTA ERASMO DE ROTTERDAM - SEDE PRINCIPAL,BOGOTÁ D.C.,2021,28,48.0,45.0,43.0,43.0,42.0,8.8,44.5,222.5,8581
183178,FUNDACIÓN HUMANISTA ERASMO DE ROTTERDAM - SEDE PRINCIPAL,BOGOTÁ D.C.,2022,27,44.0,41.0,40.0,41.0,42.0,9.4,41.5,207.5,11386
183178,FUNDACIÓN HUMANISTA ERASMO DE ROTTERDAM - SEDE PRINCIPAL,BOGOTÁ D.C.,2023,42,49.0,45.0,45.0,46.0,48.0,8.6,46.4,232.0,8456
183178,FUNDACIÓN HUMANISTA ERASMO DE ROTTERDAM - SEDE PRINCIPAL,BOGOTÁ D.C.,2024,54,48.0,42.0,41.0,43.0,44.0,8.2,43.5,217.5,10619
183178,FUNDACIÓN HUMANISTA ERASMO DE ROTTERDAM - SEDE PRINCIPAL,BOGOTÁ D.C.,2025,24,47.0,44.0,40.0,43.0,47.0,9.0,43.8,219.0,10551
020917,COL DIST GUILLERMO LEON VALENCIA,BOGOTÁ D.C.,2020,21,51.0,47.0,45.0,44.0,43.0,11.2,46.5,232.5,7243
020917,COL DIST GUILLERMO LEON VALENCIA,BOGOTÁ D.C.,2021,23,47.0,42.0,43.0,43.0,43.0,10.0,43.7,218.5,9140
020917,COL DIST GUILLERMO LEON VALENCIA,BOGOTÁ D.C.,2022,38,48.0,47.0,44.0,46.0,44.0,7.8,46.1,230.5,8146
020917,COL DIST GUILLERMO LEON VALENCIA,BOGOTÁ D.C.,2023,39,47.0,45.0,42.0,45.0,46.0,8.6,44.8,224.0,9607
020917,COL DIST GUILLERMO LEON VALENCIA,BOGOTÁ D.C.,2024,26,46.0,43.0,43.0,42.0,44.0,9.4,43.5,217.5,10619
020917,COL DIST GUILLERMO LEON VALENCIA,BOGOTÁ D.C.,2025,25,43.0,43.0,38.0,43.0,43.0,9.4,41.8,209.0,11769
019372,COL BENPOSTA NACION DE MUCHACHOS,BOGOTÁ D.C.,2020,7,55.0,58.0,57.0,57.0,54.0,13.0,56.5,282.5,1644
019372,COL BENPOSTA NACION DE MUCHACHOS,BOGOTÁ D.C.,2021,10,52.0,49.0,46.0,47.0,46.0,7.4,48.3,241.5,5675
019372,COL BENPOSTA NACION DE MUCHACHOS,BOGOTÁ D.C.,2022,15,54.0,50.0,48.0,51.0,45.0,9.4,50.3,251.5,5167
019372,COL BENPOSTA NACION DE MUCHACHOS,BOGOTÁ D.C.,2023,10,50.0,48.0,47.0,46.0,49.0,8.4,47.8,239.0,7429
019372,COL BENPOSTA NACION DE MUCHACHOS,BOGOTÁ D.C.,2024,16,51.0,50.0,47.0,49.0,47.0,9.6,49.1,245.5,6835
019372,COL BENPOSTA NACION DE MUCHACHOS,BOGOTÁ D.C.,2025,12,47.0,47.0,39.0,43.0,43.0,9.0,43.9,219.5,10551
079764,COLEGIO INCADE,BOGOTÁ D.C.,2020,12,53.0,47.0,48.0,48.0,45.0,7.6,48.7,243.5,5473
079764,COLEGIO INCADE,BOGOTÁ D.C.,2021,5,45.0,38.0,40.0,43.0,38.0,8.2,41.2,206.0,10981
079764,COLEGIO INCADE,BOGOTÁ D.C.,2022,8,50.0,46.0,43.0,47.0,44.0,11.2,46.3,231.5,7987
079764,COLEGIO INCADE,BOGOTÁ D.C.,2023,7,49.0,49.0,46.0,50.0,52.0,10.0,48.8,244.0,6653
079764,COLEGIO INCADE,BOGOTÁ D.C.,2024,10,56.0,50.0,46.0,48.0,52.0,6.8,50.2,251.0,6023
079764,COLEGIO INCADE,BOGOTÁ D.C.,2025,7,48.0,44.0,39.0,43.0,50.0,5.8,44.0,220.0,10405
041772,CENT EDUC DIST NUEVA CONSTITUCION,BOGOTÁ D.C.,2020,51,50.0,47.0,46.0,45.0,43.0,9.2,46.7,233.5,7087
041772,CENT EDUC DIST NUEVA CONSTITUCION,BOGOTÁ D.C.,2021,43,48.0,44.0,43.0,43.0,46.0,8.8,44.6,223.0,8436
041772,CENT EDUC DIST NUEVA CONSTITUCION,BOGOTÁ D.C.,2022,52,48.0,44.0,43.0,46.0,46.0,9.6,45.3,226.5,8737
041772,CENT EDUC DIST NUEVA CONSTITUCION,BOGOTÁ D.C.,2023,70,48.0,44.0,43.0,44.0,46.0,9.4,44.8,224.0,9607
041772,CENT EDUC DIST NUEVA CONSTITUCION,BOGOTÁ D.C.,2024,50,50.0,48.0,43.0,45.0,0.0,7.4,42.9,214.5,11004
041772,CENT EDUC DIST NUEVA CONSTITUCION,BOGOTÁ D.C.,2024,49,0.0,0.0,0.0,0.0,46.0,2.4,3.5,17.5,14611
041772,CENT EDUC DIST NUEVA CONSTITUCION,BOGOTÁ D.C.,2025,51,48.0,44.0,40.0,43.0,44.0,9.0,43.8,219.0,10551
023978,LICEO NAL MAGDALENA ORTEGA DE NARIÑO,BOGOTÁ D.C.,2020,23,48.0,46.0,43.0,45.0,43.0,9.8,45.3,226.5,8191
023978,LICEO NAL MAGDALENA ORTEGA DE NARIÑO,BOGOTÁ D.C.,2021,20,50.0,47.0,44.0,46.0,44.0,8.0,46.5,232.5,7068
023978,LICEO NAL MAGDALENA ORTEGA DE NARIÑO,BOGOTÁ D.C.,2022,6,52.0,47.0,46.0,44.0,43.0,10.6,46.9,234.5,7555
023978,LICEO NAL MAGDALENA ORTEGA DE NARIÑO,BOGOTÁ D.C.,2023,35,48.0,43.0,45.0,47.0,47.0,9.6,45.8,229.0,8906
023978,LICEO NAL MAGDALENA ORTEGA DE NARIÑO,BOGOTÁ D.C.,2024,41,47.0,44.0,41.0,43.0,46.0,9.2,43.9,219.5,10390
023978,LICEO NAL MAGDALENA ORTEGA DE NARIÑO,BOGOTÁ D.C.,2025,55,47.0,44.0,42.0,43.0,46.0,9.8,44.2,221.0,10255
156786,CENTRO JOHANN KEPLER,BOGOTÁ D.C.,2020,31,47.0,44.0,43.0,44.0,41.0,10.0,44.2,221.0,8957
156786,CENTRO JOHANN KEPLER,BOGOTÁ D.C.,2021,180,46.0,42.0,41.0,43.0,42.0,9.6,42.9,214.5,9806
156786,CENTRO JOHANN KEPLER,BOGOTÁ D.C.,2022,14,50.0,47.0,42.0,45.0,48.0,8.8,46.2,231.0,7987
156786,CENTRO JOHANN KEPLER,BOGOTÁ D.C.,2023,93,48.0,43.0,42.0,42.0,45.0,8.6,43.8,219.0,10339
156786,CENTRO JOHANN KEPLER,BOGOTÁ D.C.,2024,54,49.0,44.0,42.0,43.0,45.0,8.2,44.5,222.5,9992
156786,CENTRO JOHANN KEPLER,BOGOTÁ D.C.,2025,108,47.0,43.0,41.0,43.0,45.0,9.6,43.6,218.0,10677
129205,CENT EDUC DIST AULAS COLOMBIANAS EL CONSUELO,BOGOTÁ D.C.,2020,21,49.0,47.0,46.0,45.0,44.0,7.4,46.5,232.5,7243
129205,CENT EDUC DIST AULAS COLOMBIANAS EL CONSUELO,BOGOTÁ D.C.,2021,19,49.0,45.0,45.0,44.0,45.0,8.4,45.7,228.5,7684
129205,CENT EDUC DIST AULAS COLOMBIANAS EL CONSUELO,BOGOTÁ D.C.,2022,26,46.0,44.0,43.0,44.0,46.0,8.2,44.4,222.0,9306
129205,CENT EDUC DIST AULAS COLOMBIANAS EL CONSUELO,BOGOTÁ D.C.,2025,36,47.0,47.0,42.0,43.0,50.0,8.8,45.2,226.0,9567
149724,UNID EDUC EL FUTURO DEL MAÑANA,BOGOTÁ D.C.,2020,19,49.0,48.0,45.0,43.0,40.0,8.4,45.8,229.0,7707
149724,UNID EDUC EL FUTURO DEL MAÑANA,BOGOTÁ D.C.,2025,17,48.0,46.0,40.0,43.0,46.0,8.0,44.4,222.0,10125
821355,SEDE C,BOGOTÁ D.C.,2025,6,48.0,40.0,41.0,43.0,47.0,11.2,43.3,216.5,10918
160671,DIANA TURBAY I,BOGOTÁ D.C.,2021,21,46.0,43.0,40.0,43.0,41.0,10.4,42.8,214.0,9806
160671,DIANA TURBAY I,BOGOTÁ D.C.,2022,17,49.0,43.0,42.0,44.0,44.0,9.4,44.5,222.5,9306
160671,DIANA TURBAY I,BOGOTÁ D.C.,2023,28,47.0,42.0,41.0,43.0,43.0,7.0,43.2,216.0,10768
160671,DIANA TURBAY I,BOGOTÁ D.C.,2024,17,48.0,47.0,44.0,47.0,43.0,11.2,46.2,231.0,8771
160671,DIANA TURBAY I,BOGOTÁ D.C.,2025,33,49.0,44.0,40.0,43.0,46.0,9.0,44.2,221.0,10255
102871,COL SANTA CATALINA DEL SUR ORIENTE,BOGOTÁ D.C.,2020,10,51.0,49.0,50.0,47.0,48.0,8.4,49.2,246.0,5038
102871,COL SANTA CATALINA DEL SUR ORIENTE,BOGOTÁ D.C.,2021,9,52.0,48.0,46.0,46.0,51.0,8.4,48.2,241.0,5675
102871,COL SANTA CATALINA DEL SUR ORIENTE,BOGOTÁ D.C.,2022,13,54.0,50.0,45.0,48.0,46.0,7.2,49.0,245.0,6031
102871,COL SANTA CATALINA DEL SUR ORIENTE,BOGOTÁ D.C.,2023,8,47.0,40.0,41.0,43.0,47.0,6.6,43.1,215.5,10890
102871,COL SANTA CATALINA DEL SUR ORIENTE,BOGOTÁ D.C.,2024,15,53.0,47.0,47.0,48.0,53.0,8.8,49.1,245.5,6835
102871,COL SANTA CATALINA DEL SUR ORIENTE,BOGOTÁ D.C.,2025,7,47.0,42.0,38.0,43.0,50.0,7.0,43.1,215.5,11028
114801,COLEGIO INSCAP,BOGOTÁ D.C.,2020,15,51.0,50.0,49.0,47.0,41.0,9.0,48.6,243.0,5473
114801,COLEGIO INSCAP,BOGOTÁ D.C.,2021,25,50.0,46.0,45.0,47.0,47.0,7.2,47.0,235.0,6590
114801,COLEGIO INSCAP,BOGOTÁ D.C.,2022,37,49.0,43.0,41.0,43.0,45.0,9.2,44.1,220.5,9582
114801,COLEGIO INSCAP,BOGOTÁ D.C.,2023,29,48.0,46.0,44.0,45.0,50.0,11.0,46.1,230.5,8755
114801,COLEGIO INSCAP,BOGOTÁ D.C.,2024,41,50.0,45.0,42.0,44.0,49.0,10.4,45.5,227.5,9338
114801,COLEGIO INSCAP,BOGOTÁ D.C.,2025,18,46.0,41.0,42.0,43.0,46.0,8.2,43.2,216.0,10918
075556,COL DIST EDUC BAS Y MEDIA COMPARTIR MEISSEN,BOGOTÁ D.C.,2020,37,50.0,45.0,43.0,45.0,42.0,8.2,45.5,227.5,8016
075556,COL DIST EDUC BAS Y MEDIA COMPARTIR MEISSEN,BOGOTÁ D.C.,2021,54,49.0,45.0,43.0,44.0,45.0,9.6,45.2,226.0,8008
075556,COL DIST EDUC BAS Y MEDIA COMPARTIR MEISSEN,BOGOTÁ D.C.,2022,41,53.0,49.0,50.0,48.0,49.0,9.8,49.9,249.5,5452
075556,COL DIST EDUC BAS Y MEDIA COMPARTIR MEISSEN,BOGOTÁ D.C.,2023,52,51.0,49.0,47.0,48.0,50.0,8.4,48.8,244.0,6653
075556,COL DIST EDUC BAS Y MEDIA COMPARTIR MEISSEN,BOGOTÁ D.C.,2024,51,52.0,49.0,45.0,46.0,47.0,8.2,47.9,239.5,7653
075556,COL DIST EDUC BAS Y MEDIA COMPARTIR MEISSEN,BOGOTÁ D.C.,2025,34,50.0,44.0,42.0,43.0,48.0,8.6,45.0,225.0,9695
046870,COL DIST JOSE FELIX RESTREPO,BOGOTÁ D.C.,2020,40,48.0,43.0,44.0,41.0,41.0,9.0,43.8,219.0,9265
046870,COL DIST JOSE FELIX RESTREPO,BOGOTÁ D.C.,2021,67,46.0,42.0,43.0,42.0,40.0,8.8,43.0,215.0,9619
046870,COL DIST JOSE FELIX RESTREPO,BOGOTÁ D.C.,2022,63,47.0,43.0,43.0,43.0,42.0,9.4,43.8,219.0,9741
046870,COL DIST JOSE FELIX RESTREPO,BOGOTÁ D.C.,2023,98,46.0,42.0,43.0,44.0,43.0,8.0,43.7,218.5,10481
046870,COL DIST JOSE FELIX RESTREPO,BOGOTÁ D.C.,2024,68,48.0,43.0,44.0,44.0,45.0,10.0,44.8,224.0,9742
046870,COL DIST JOSE FELIX RESTREPO,BOGOTÁ D.C.,2025,58,48.0,43.0,40.0,43.0,44.0,9.2,43.5,217.5,10799
141390,CENTRO EDUCATIVO SURAMERICANO - SEDE PRINCIPAL,BOGOTÁ D.C.,2021,5,48.0,43.0,44.0,44.0,45.0,10.4,44.8,224.0,8287
141390,CENTRO EDUCATIVO SURAMERICANO - SEDE PRINCIPAL,BOGOTÁ D.C.,2022,1,34.0,37.0,46.0,44.0,35.0,0.0,39.8,199.0,12327
141390,CENTRO EDUCATIVO SURAMERICANO - SEDE PRINCIPAL,BOGOTÁ D.C.,2024,19,47.0,47.0,44.0,46.0,46.0,11.6,46.0,230.0,8903
141390,CENTRO EDUCATIVO SURAMERICANO - SEDE PRINCIPAL,BOGOTÁ D.C.,2025,25,48.0,44.0,39.0,43.0,44.0,8.8,43.5,217.5,10799
218032,SEDE C (LUCERO ALTO - EL TESORO),BOGOTÁ D.C.,2020,29,45.0,42.0,42.0,40.0,38.0,8.2,41.9,209.5,10861
218032,SEDE C (LUCERO ALTO - EL TESORO),BOGOTÁ D.C.,2021,31,47.0,42.0,41.0,42.0,0.0,6.6,39.7,198.5,12011
218032,SEDE C (LUCERO ALTO - EL TESORO),BOGOTÁ D.C.,2021,30,0.0,0.0,0.0,0.0,40.0,1.4,3.1,15.5,14337
218032,SEDE C (LUCERO ALTO - EL TESORO),BOGOTÁ D.C.,2022,20,50.0,48.0,45.0,46.0,43.0,7.8,46.9,234.5,7555
218032,SEDE C (LUCERO ALTO - EL TESORO),BOGOTÁ D.C.,2023,30,45.0,41.0,43.0,44.0,42.0,7.2,43.2,216.0,10768
218032,SEDE C (LUCERO ALTO - EL TESORO),BOGOTÁ D.C.,2024,24,47.0,46.0,44.0,44.0,46.0,9.0,45.3,226.5,9478
218032,SEDE C (LUCERO ALTO - EL TESORO),BOGOTÁ D.C.,2025,27,46.0,43.0,39.0,43.0,43.0,8.2,42.8,214.0,11144
787887,INSTITUCION EDUCATIVA W (WEDO) - SEDE PRINCIPAL,BOGOTÁ D.C.,2024,1,42.0,38.0,36.0,36.0,37.0,0.0,37.9,189.5,13387
787887,INSTITUCION EDUCATIVA W (WEDO) - SEDE PRINCIPAL,BOGOTÁ D.C.,2025,4,47.0,51.0,43.0,43.0,40.0,7.0,45.5,227.5,9444
819409,COLEGIO CULTURAL DEL NORTE,BOGOTÁ D.C.,2024,25,48.0,45.0,43.0,46.0,45.0,11.2,45.5,227.5,9338
819409,COLEGIO CULTURAL DEL NORTE,BOGOTÁ D.C.,2025,24,48.0,46.0,42.0,43.0,47.0,8.6,44.9,224.5,9837
192187,INSTITUTO DE EDUCACIÓN FORMAL DE ADULTOS EL PENSAMIENTO DE PITÁGORAS - SEDE PRINCIPAL,BOGOTÁ D.C.,2020,1,56.0,46.0,41.0,39.0,42.0,0.0,45.2,226.0,8191
192187,INSTITUTO DE EDUCACIÓN FORMAL DE ADULTOS EL PENSAMIENTO DE PITÁGORAS - SEDE PRINCIPAL,BOGOTÁ D.C.,2021,82,45.0,43.0,40.0,42.0,41.0,8.4,42.4,212.0,10114
192187,INSTITUTO DE EDUCACIÓN FORMAL DE ADULTOS EL PENSAMIENTO DE PITÁGORAS - SEDE PRINCIPAL,BOGOTÁ D.C.,2022,31,50.0,45.0,41.0,43.0,43.0,10.4,44.6,223.0,9171
192187,INSTITUTO DE EDUCACIÓN FORMAL DE ADULTOS EL PENSAMIENTO DE PITÁGORAS - SEDE PRINCIPAL,BOGOTÁ D.C.,2023,22,48.0,42.0,42.0,43.0,47.0,9.4,44.0,220.0,10175
192187,INSTITUTO DE EDUCACIÓN FORMAL DE ADULTOS EL PENSAMIENTO DE PITÁGORAS - SEDE PRINCIPAL,BOGOTÁ D.C.,2024,13,43.0,42.0,40.0,43.0,45.0,9.4,42.2,211.0,11379
192187,INSTITUTO DE EDUCACIÓN FORMAL DE ADULTOS EL PENSAMIENTO DE PITÁGORAS - SEDE PRINCIPAL,BOGOTÁ D.C.,2025,41,46.0,43.0,39.0,43.0,44.0,9.4,42.8,214.0,11144
186494,COLEGIO DISTRITAL CHARRY (IED) - SEDE PRINCIPAL,BOGOTÁ D.C.,2020,121,46.0,41.0,42.0,40.0,38.0,11.4,41.9,209.5,10861
186494,COLEGIO DISTRITAL CHARRY (IED) - SEDE PRINCIPAL,BOGOTÁ D.C.,2021,90,45.0,40.0,41.0,40.0,42.0,9.0,41.5,207.5,10843
186494,COLEGIO DISTRITAL CHARRY (IED) - SEDE PRINCIPAL,BOGOTÁ D.C.,2022,127,46.0,43.0,43.0,44.0,44.0,9.8,44.0,220.0,9582
186494,COLEGIO DISTRITAL CHARRY (IED) - SEDE PRINCIPAL,BOGOTÁ D.C.,2023,116,47.0,42.0,44.0,43.0,44.0,9.6,44.0,220.0,10175
186494,COLEGIO DISTRITAL CHARRY (IED) - SEDE PRINCIPAL,BOGOTÁ D.C.,2024,92,47.0,43.0,42.0,43.0,43.0,9.2,43.7,218.5,10504
186494,COLEGIO DISTRITAL CHARRY (IED) - SEDE PRINCIPAL,BOGOTÁ D.C.,2025,119,48.0,44.0,41.0,43.0,0.0,7.8,40.6,203.0,12377
186494,COLEGIO DISTRITAL CHARRY (IED) - SEDE PRINCIPAL,BOGOTÁ D.C.,2025,118,0.0,0.0,0.0,0.0,45.0,2.4,3.5,17.5,14764
199232,LIC  PSICOPEDAG EL CARMELO,BOGOTÁ D.C.,2020,30,47.0,45.0,41.0,41.0,43.0,9.6,43.5,217.5,9587
199232,LIC  PSICOPEDAG EL CARMELO,BOGOTÁ D.C.,2021,34,50.0,47.0,42.0,45.0,46.0,8.4,46.0,230.0,7376
199232,LIC  PSICOPEDAG EL CARMELO,BOGOTÁ D.C.,2022,43,50.0,44.0,43.0,44.0,50.0,10.0,45.6,228.0,8446
199232,LIC  PSICOPEDAG EL CARMELO,BOGOTÁ D.C.,2023,40,48.0,46.0,43.0,45.0,47.0,10.2,45.6,228.0,9033
199232,LIC  PSICOPEDAG EL CARMELO,BOGOTÁ D.C.,2024,47,47.0,44.0,42.0,44.0,43.0,9.4,44.2,221.0,10116
199232,LIC  PSICOPEDAG EL CARMELO,BOGOTÁ D.C.,2025,41,48.0,44.0,41.0,43.0,46.0,8.8,44.2,221.0,10255
658286,CENT EDUC DIST ALMIRANTE PADILLA,BOGOTÁ D.C.,2020,62,46.0,46.0,43.0,41.0,39.0,7.6,43.6,218.0,9424
658286,CENT EDUC DIST ALMIRANTE PADILLA,BOGOTÁ D.C.,2021,84,47.0,43.0,42.0,43.0,44.0,9.2,43.8,219.0,9004
658286,CENT EDUC DIST ALMIRANTE PADILLA,BOGOTÁ D.C.,2022,86,46.0,44.0,41.0,43.0,44.0,8.6,43.5,217.5,10061
658286,CENT EDUC DIST ALMIRANTE PADILLA,BOGOTÁ D.C.,2023,108,45.0,42.0,42.0,41.0,43.0,9.2,42.5,212.5,11297
658286,CENT EDUC DIST ALMIRANTE PADILLA,BOGOTÁ D.C.,2024,79,49.0,46.0,42.0,45.0,44.0,8.6,45.4,227.0,9338
658286,CENT EDUC DIST ALMIRANTE PADILLA,BOGOTÁ D.C.,2025,80,46.0,42.0,39.0,43.0,43.0,8.6,42.5,212.5,11403
027441,COL NAL CLEMENCIA DE CAYCEDO,BOGOTÁ D.C.,2020,16,49.0,46.0,45.0,41.0,40.0,9.4,44.8,224.0,8509
027441,COL NAL CLEMENCIA DE CAYCEDO,BOGOTÁ D.C.,2021,8,52.0,50.0,46.0,46.0,51.0,9.0,48.7,243.5,5381
027441,COL NAL CLEMENCIA DE CAYCEDO,BOGOTÁ D.C.,2022,28,48.0,47.0,44.0,45.0,46.0,10.2,46.0,230.0,8146
027441,COL NAL CLEMENCIA DE CAYCEDO,BOGOTÁ D.C.,2023,38,49.0,44.0,45.0,44.0,48.0,7.4,45.7,228.5,9033
027441,COL NAL CLEMENCIA DE CAYCEDO,BOGOTÁ D.C.,2024,17,50.0,46.0,46.0,44.0,44.0,9.2,46.3,231.5,8771
027441,COL NAL CLEMENCIA DE CAYCEDO,BOGOTÁ D.C.,2025,22,49.0,45.0,41.0,43.0,45.0,9.6,44.5,222.5,10125
753517,BACHILLERATO INNOVAR KENNEDY - SEDE PRINCIPAL,BOGOTÁ D.C.,2021,5,51.0,46.0,44.0,41.0,40.0,8.2,45.1,225.5,8129
753517,BACHILLERATO INNOVAR KENNEDY - SEDE PRINCIPAL,BOGOTÁ D.C.,2022,17,47.0,43.0,42.0,43.0,40.0,10.4,43.5,217.5,10061
753517,BACHILLERATO INNOVAR KENNEDY - SEDE PRINCIPAL,BOGOTÁ D.C.,2023,23,47.0,41.0,39.0,39.0,42.0,7.6,41.5,207.5,11949
753517,BACHILLERATO INNOVAR KENNEDY - SEDE PRINCIPAL,BOGOTÁ D.C.,2024,20,49.0,46.0,44.0,46.0,46.0,10.6,46.2,231.0,8771
753517,BACHILLERATO INNOVAR KENNEDY - SEDE PRINCIPAL,BOGOTÁ D.C.,2025,32,48.0,43.0,41.0,43.0,44.0,9.4,43.8,219.0,10551
753764,COLEGIO INNOVAR - SEDE PRINCIPAL,BOGOTÁ D.C.,2021,7,50.0,47.0,47.0,46.0,47.0,9.4,47.5,237.5,6250
753764,COLEGIO INNOVAR - SEDE PRINCIPAL,BOGOTÁ D.C.,2022,21,46.0,43.0,40.0,43.0,43.0,9.8,43.0,215.0,10322
753764,COLEGIO INNOVAR - SEDE PRINCIPAL,BOGOTÁ D.C.,2023,9,53.0,47.0,44.0,43.0,44.0,9.2,46.5,232.5,8456
753764,COLEGIO INNOVAR - SEDE PRINCIPAL,BOGOTÁ D.C.,2024,7,44.0,41.0,42.0,38.0,39.0,6.4,41.1,205.5,12080
753764,COLEGIO INNOVAR - SEDE PRINCIPAL,BOGOTÁ D.C.,2025,2,49.0,34.0,39.0,43.0,42.0,5.2,41.3,206.5,12091
106195,COLEGIO REMBRANDT,BOGOTÁ D.C.,2020,13,51.0,50.0,44.0,46.0,46.0,8.8,47.6,238.0,6291
106195,COLEGIO REMBRANDT,BOGOTÁ D.C.,2021,4,42.0,36.0,32.0,38.0,38.0,5.2,37.1,185.5,13065
106195,COLEGIO REMBRANDT,BOGOTÁ D.C.,2022,2,51.0,44.0,38.0,43.0,36.0,6.2,43.4,217.0,10061
106195,COLEGIO REMBRANDT,BOGOTÁ D.C.,2023,2,34.0,34.0,37.0,37.0,44.0,3.0,36.2,181.0,13787
106195,COLEGIO REMBRANDT,BOGOTÁ D.C.,2024,4,41.0,44.0,39.0,45.0,52.0,4.8,43.0,215.0,10876
106195,COLEGIO REMBRANDT,BOGOTÁ D.C.,2025,3,45.0,44.0,32.0,43.0,41.0,7.8,41.0,205.0,12187
191957,COL INST INSCAP - SEDE PRINCIPAL,BOGOTÁ D.C.,2020,1,54.0,48.0,45.0,44.0,32.0,0.0,46.5,232.5,7243
191957,COL INST INSCAP - SEDE PRINCIPAL,BOGOTÁ D.C.,2021,6,54.0,46.0,45.0,45.0,43.0,13.2,47.2,236.0,6424
191957,COL INST INSCAP - SEDE PRINCIPAL,BOGOTÁ D.C.,2023,3,48.0,49.0,42.0,43.0,49.0,6.6,45.8,229.0,8906
191957,COL INST INSCAP - SEDE PRINCIPAL,BOGOTÁ D.C.,2024,1,53.0,37.0,37.0,34.0,49.0,0.0,40.9,204.5,12193
191957,COL INST INSCAP - SEDE PRINCIPAL,BOGOTÁ D.C.,2025,8,47.0,44.0,41.0,43.0,51.0,10.4,44.3,221.5,10255
732594,COLEGIO ALEJANDRO MAGNO - SEDE PRINCIPAL,BOGOTÁ D.C.,2020,35,47.0,47.0,45.0,45.0,45.0,10.0,45.9,229.5,7707
732594,COLEGIO ALEJANDRO MAGNO - SEDE PRINCIPAL,BOGOTÁ D.C.,2021,21,51.0,48.0,45.0,45.0,45.0,11.6,47.1,235.5,6590
732594,COLEGIO ALEJANDRO MAGNO - SEDE PRINCIPAL,BOGOTÁ D.C.,2022,12,50.0,47.0,45.0,47.0,47.0,10.6,47.2,236.0,7300
732594,COLEGIO ALEJANDRO MAGNO - SEDE PRINCIPAL,BOGOTÁ D.C.,2023,27,48.0,44.0,45.0,43.0,44.0,9.6,44.9,224.5,9607
732594,COLEGIO ALEJANDRO MAGNO - SEDE PRINCIPAL,BOGOTÁ D.C.,2024,24,49.0,44.0,44.0,44.0,46.0,9.2,45.3,226.5,9478
732594,COLEGIO ALEJANDRO MAGNO - SEDE PRINCIPAL,BOGOTÁ D.C.,2025,25,45.0,42.0,39.0,43.0,42.0,8.6,42.2,211.0,11528
059493,CENT EDUC DIST MARRUECOS Y MOLINOS,BOGOTÁ D.C.,2020,92,48.0,44.0,43.0,42.0,41.0,9.2,44.0,220.0,9121
059493,CENT EDUC DIST MARRUECOS Y MOLINOS,BOGOTÁ D.C.,2021,102,47.0,42.0,42.0,43.0,42.0,8.2,43.4,217.0,9299
059493,CENT EDUC DIST MARRUECOS Y MOLINOS,BOGOTÁ D.C.,2022,75,47.0,45.0,44.0,46.0,43.0,8.4,45.3,226.5,8737
059493,CENT EDUC DIST MARRUECOS Y MOLINOS,BOGOTÁ D.C.,2023,89,47.0,45.0,44.0,44.0,45.0,9.0,45.0,225.0,9454
059493,CENT EDUC DIST MARRUECOS Y MOLINOS,BOGOTÁ D.C.,2024,105,46.0,44.0,43.0,45.0,43.0,9.8,44.4,222.0,9992
059493,CENT EDUC DIST MARRUECOS Y MOLINOS,BOGOTÁ D.C.,2025,91,46.0,41.0,40.0,43.0,42.0,9.2,42.5,212.5,11403
130369,CENT EDUC DIST ISMAEL PERDOMO,BOGOTÁ D.C.,2020,46,50.0,47.0,44.0,43.0,43.0,7.4,45.8,229.0,7707
130369,CENT EDUC DIST ISMAEL PERDOMO,BOGOTÁ D.C.,2021,52,50.0,44.0,43.0,45.0,47.0,9.8,45.6,228.0,7684
130369,CENT EDUC DIST ISMAEL PERDOMO,BOGOTÁ D.C.,2022,70,49.0,47.0,42.0,45.0,44.0,8.0,45.6,228.0,8446
130369,CENT EDUC DIST ISMAEL PERDOMO,BOGOTÁ D.C.,2023,48,0.0,0.0,0.0,0.0,45.0,1.6,3.5,17.5,14569
130369,CENT EDUC DIST ISMAEL PERDOMO,BOGOTÁ D.C.,2023,49,45.0,42.0,41.0,41.0,0.0,6.4,39.0,195.0,13123
130369,CENT EDUC DIST ISMAEL PERDOMO,BOGOTÁ D.C.,2024,7,52.0,49.0,47.0,49.0,46.0,9.8,49.0,245.0,6835
130369,CENT EDUC DIST ISMAEL PERDOMO,BOGOTÁ D.C.,2025,40,48.0,44.0,41.0,43.0,47.0,9.0,44.2,221.0,10255
066837,COL COMUNIT NOCT DE BACHILLERATO LA LIBERTAD,BOGOTÁ D.C.,2020,8,49.0,45.0,41.0,40.0,36.0,8.6,43.2,216.0,9750
066837,COL COMUNIT NOCT DE BACHILLERATO LA LIBERTAD,BOGOTÁ D.C.,2023,55,49.0,45.0,44.0,45.0,47.0,9.2,45.8,229.0,8906
066837,COL COMUNIT NOCT DE BACHILLERATO LA LIBERTAD,BOGOTÁ D.C.,2024,78,48.0,44.0,43.0,44.0,43.0,9.2,44.6,223.0,9876
066837,COL COMUNIT NOCT DE BACHILLERATO LA LIBERTAD,BOGOTÁ D.C.,2025,76,46.0,43.0,40.0,43.0,46.0,10.0,43.2,216.0,10918
708024,COLEGIO MARIO LUIS RODRIGUEZ COBOS - SEDE PRINCIPAL,BOGOTÁ D.C.,2020,6,51.0,50.0,50.0,43.0,43.0,7.2,48.1,240.5,5968
708024,COLEGIO MARIO LUIS RODRIGUEZ COBOS - SEDE PRINCIPAL,BOGOTÁ D.C.,2021,1,40.0,38.0,25.0,37.0,32.0,0.0,34.8,174.0,13434
708024,COLEGIO MARIO LUIS RODRIGUEZ COBOS - SEDE PRINCIPAL,BOGOTÁ D.C.,2022,4,54.0,52.0,43.0,46.0,50.0,6.2,48.8,244.0,6169
708024,COLEGIO MARIO LUIS RODRIGUEZ COBOS - SEDE PRINCIPAL,BOGOTÁ D.C.,2023,9,46.0,42.0,43.0,45.0,49.0,9.0,44.4,222.0,9891
708024,COLEGIO MARIO LUIS RODRIGUEZ COBOS - SEDE PRINCIPAL,BOGOTÁ D.C.,2024,5,47.0,39.0,43.0,42.0,40.0,6.4,42.5,212.5,11251
708024,COLEGIO MARIO LUIS RODRIGUEZ COBOS - SEDE PRINCIPAL,BOGOTÁ D.C.,2025,11,48.0,46.0,39.0,43.0,49.0,9.4,44.4,222.0,10125
720979,COLEGIO ALEJANDRO MAGNO - SEDE PRINCIPAL,BOGOTÁ D.C.,2020,56,48.0,44.0,43.0,41.0,41.0,7.8,43.8,219.0,9265
720979,COLEGIO ALEJANDRO MAGNO - SEDE PRINCIPAL,BOGOTÁ D.C.,2021,75,47.0,44.0,41.0,44.0,44.0,9.0,44.0,220.0,8861
720979,COLEGIO ALEJANDRO MAGNO - SEDE PRINCIPAL,BOGOTÁ D.C.,2022,25,49.0,46.0,44.0,46.0,44.0,9.8,46.1,230.5,8146
720979,COLEGIO ALEJANDRO MAGNO - SEDE PRINCIPAL,BOGOTÁ D.C.,2023,27,48.0,43.0,41.0,42.0,44.0,8.6,43.5,217.5,10626
720979,COLEGIO ALEJANDRO MAGNO - SEDE PRINCIPAL,BOGOTÁ D.C.,2024,42,48.0,44.0,40.0,43.0,47.0,9.0,44.0,220.0,10264
720979,COLEGIO ALEJANDRO MAGNO - SEDE PRINCIPAL,BOGOTÁ D.C.,2025,31,48.0,43.0,42.0,43.0,48.0,9.8,44.3,221.5,10255
815787,CENTRO EDUCATIVO PRO-EDUCAR,BOGOTÁ D.C.,2024,11,46.0,40.0,41.0,42.0,43.0,9.2,42.3,211.5,11379
815787,CENTRO EDUCATIVO PRO-EDUCAR,BOGOTÁ D.C.,2025,4,46.0,48.0,41.0,43.0,51.0,6.8,45.0,225.0,9695
819417,COLEGIO CULTURAL DEL NORTE,BOGOTÁ D.C.,2024,9,53.0,48.0,42.0,47.0,46.0,9.8,47.4,237.0,7952
819417,COLEGIO CULTURAL DEL NORTE,BOGOTÁ D.C.,2025,71,46.0,41.0,39.0,43.0,41.0,8.0,42.2,211.0,11528
199794,CENTRO EDUCATIVO SAN PABLO CESP - SEDE PRINCIPAL,BOGOTÁ D.C.,2020,15,52.0,48.0,42.0,43.0,41.0,7.4,45.8,229.0,7707
199794,CENTRO EDUCATIVO SAN PABLO CESP - SEDE PRINCIPAL,BOGOTÁ D.C.,2021,76,45.0,41.0,40.0,40.0,41.0,8.8,41.5,207.5,10843
199794,CENTRO EDUCATIVO SAN PABLO CESP - SEDE PRINCIPAL,BOGOTÁ D.C.,2022,35,47.0,46.0,43.0,43.0,42.0,8.8,44.5,222.5,9306
199794,CENTRO EDUCATIVO SAN PABLO CESP - SEDE PRINCIPAL,BOGOTÁ D.C.,2023,19,45.0,41.0,40.0,40.0,42.0,8.2,41.5,207.5,11949
199794,CENTRO EDUCATIVO SAN PABLO CESP - SEDE PRINCIPAL,BOGOTÁ D.C.,2024,72,47.0,44.0,43.0,44.0,45.0,8.8,44.5,222.5,9992
199794,CENTRO EDUCATIVO SAN PABLO CESP - SEDE PRINCIPAL,BOGOTÁ D.C.,2025,24,48.0,41.0,41.0,42.0,44.0,9.8,43.1,215.5,11028
725358,INNOVAR EDUCACION PARA JOVENES Y ADULTOS - SEDE PRINCIPAL,BOGOTÁ D.C.,2020,26,49.0,46.0,43.0,43.0,39.0,8.8,44.8,224.0,8509
725358,INNOVAR EDUCACION PARA JOVENES Y ADULTOS - SEDE PRINCIPAL,BOGOTÁ D.C.,2021,25,50.0,46.0,44.0,43.0,45.0,8.0,45.7,228.5,7684
725358,INNOVAR EDUCACION PARA JOVENES Y ADULTOS - SEDE PRINCIPAL,BOGOTÁ D.C.,2022,15,48.0,44.0,42.0,45.0,41.0,7.4,44.5,222.5,9306
725358,INNOVAR EDUCACION PARA JOVENES Y ADULTOS - SEDE PRINCIPAL,BOGOTÁ D.C.,2023,33,49.0,48.0,44.0,47.0,47.0,11.0,47.0,235.0,8027
725358,INNOVAR EDUCACION PARA JOVENES Y ADULTOS - SEDE PRINCIPAL,BOGOTÁ D.C.,2024,49,47.0,45.0,41.0,43.0,41.0,9.0,43.8,219.0,10390
725358,INNOVAR EDUCACION PARA JOVENES Y ADULTOS - SEDE PRINCIPAL,BOGOTÁ D.C.,2025,28,48.0,42.0,38.0,42.0,43.0,8.8,42.5,212.5,11403
752030,LICEO FEMENINO MERCEDES NARIÑO,BOGOTÁ D.C.,2020,1,41.0,37.0,40.0,46.0,35.0,0.0,40.5,202.5,11890
752030,LICEO FEMENINO MERCEDES NARIÑO,BOGOTÁ D.C.,2021,46,46.0,43.0,42.0,43.0,0.0,6.8,40.2,201.0,11657
752030,LICEO FEMENINO MERCEDES NARIÑO,BOGOTÁ D.C.,2021,45,0.0,0.0,0.0,0.0,42.0,1.8,3.2,16.0,14337
752030,LICEO FEMENINO MERCEDES NARIÑO,BOGOTÁ D.C.,2022,58,49.0,46.0,46.0,45.0,47.0,11.6,46.5,232.5,7833
752030,LICEO FEMENINO MERCEDES NARIÑO,BOGOTÁ D.C.,2023,58,0.0,0.0,0.0,0.0,43.0,2.0,3.3,16.5,14569
752030,LICEO FEMENINO MERCEDES NARIÑO,BOGOTÁ D.C.,2023,59,45.0,41.0,42.0,41.0,0.0,7.4,39.0,195.0,13123
752030,LICEO FEMENINO MERCEDES NARIÑO,BOGOTÁ D.C.,2024,57,47.0,40.0,41.0,42.0,44.0,10.0,42.6,213.0,11130
752030,LICEO FEMENINO MERCEDES NARIÑO,BOGOTÁ D.C.,2025,44,47.0,43.0,42.0,42.0,0.0,6.4,40.2,201.0,12569
752030,LICEO FEMENINO MERCEDES NARIÑO,BOGOTÁ D.C.,2025,42,0.0,0.0,0.0,0.0,43.0,1.6,3.3,16.5,14764
156398,INSTITUTO DE EDUCACIÓN FORMAL DE ADULTOS EL PENSAMIENTO DE PITÁGORAS - SEDE PRINCIPAL,BOGOTÁ D.C.,2020,24,48.0,46.0,43.0,41.0,44.0,9.2,44.5,222.5,8802
156398,INSTITUTO DE EDUCACIÓN FORMAL DE ADULTOS EL PENSAMIENTO DE PITÁGORAS - SEDE PRINCIPAL,BOGOTÁ D.C.,2022,53,46.0,42.0,40.0,41.0,41.0,8.6,42.2,211.0,10873
156398,INSTITUTO DE EDUCACIÓN FORMAL DE ADULTOS EL PENSAMIENTO DE PITÁGORAS - SEDE PRINCIPAL,BOGOTÁ D.C.,2023,109,46.0,42.0,42.0,42.0,45.0,8.6,43.2,216.0,10768
156398,INSTITUTO DE EDUCACIÓN FORMAL DE ADULTOS EL PENSAMIENTO DE PITÁGORAS - SEDE PRINCIPAL,BOGOTÁ D.C.,2024,50,49.0,45.0,42.0,43.0,45.0,9.2,44.8,224.0,9742
156398,INSTITUTO DE EDUCACIÓN FORMAL DE ADULTOS EL PENSAMIENTO DE PITÁGORAS - SEDE PRINCIPAL,BOGOTÁ D.C.,2025,14,46.0,39.0,41.0,42.0,41.0,8.2,41.9,209.5,11769
079913,COL DIST EDUC BAS Y MEDIA COMPARTIR MEISSEN,BOGOTÁ D.C.,2025,26,49.0,45.0,42.0,42.0,46.0,8.6,44.6,223.0,9976
177188,LIC  PSICOPEDAG EL CARMELO,BOGOTÁ D.C.,2020,20,51.0,49.0,46.0,44.0,41.0,10.8,47.0,235.0,6775
177188,LIC  PSICOPEDAG EL CARMELO,BOGOTÁ D.C.,2021,25,49.0,44.0,41.0,45.0,42.0,9.4,44.5,222.5,8581
177188,LIC  PSICOPEDAG EL CARMELO,BOGOTÁ D.C.,2022,3,48.0,44.0,48.0,44.0,36.0,10.2,45.2,226.0,8737
177188,LIC  PSICOPEDAG EL CARMELO,BOGOTÁ D.C.,2023,19,48.0,45.0,43.0,42.0,48.0,9.0,44.8,224.0,9607
177188,LIC  PSICOPEDAG EL CARMELO,BOGOTÁ D.C.,2024,12,50.0,47.0,44.0,45.0,47.0,9.2,46.5,232.5,8665
177188,LIC  PSICOPEDAG EL CARMELO,BOGOTÁ D.C.,2025,21,48.0,42.0,38.0,42.0,43.0,9.2,42.5,212.5,11403
707943,COL PAULO FREIRE - SEDE PRINCIPAL,BOGOTÁ D.C.,2020,6,54.0,51.0,56.0,48.0,55.0,7.6,52.5,262.5,3075
707943,COL PAULO FREIRE - SEDE PRINCIPAL,BOGOTÁ D.C.,2021,13,52.0,45.0,44.0,45.0,51.0,8.4,46.8,234.0,6752
707943,COL PAULO FREIRE - SEDE PRINCIPAL,BOGOTÁ D.C.,2022,13,51.0,47.0,44.0,46.0,48.0,10.6,47.1,235.5,7420
707943,COL PAULO FREIRE - SEDE PRINCIPAL,BOGOTÁ D.C.,2023,11,56.0,51.0,48.0,50.0,58.0,7.6,51.8,259.0,4545
707943,COL PAULO FREIRE - SEDE PRINCIPAL,BOGOTÁ D.C.,2025,6,52.0,43.0,41.0,42.0,50.0,10.0,44.9,224.5,9837
663385,COL CENCOSISTEMAS,BOGOTÁ D.C.,2022,5,49.0,47.0,38.0,47.0,47.0,7.8,45.4,227.0,8595
663385,COL CENCOSISTEMAS,BOGOTÁ D.C.,2024,1,53.0,44.0,47.0,51.0,49.0,0.0,48.8,244.0,6985
663385,COL CENCOSISTEMAS,BOGOTÁ D.C.,2025,9,53.0,51.0,46.0,42.0,51.0,8.6,48.2,241.0,7525
658369,COLEGIO SUPERIOR DE PALERMO - SEDE PRINCIPAL,BOGOTÁ D.C.,2020,2,40.0,39.0,38.0,40.0,39.0,5.6,39.2,196.0,12573
658369,COLEGIO SUPERIOR DE PALERMO - SEDE PRINCIPAL,BOGOTÁ D.C.,2021,3,49.0,47.0,45.0,49.0,55.0,10.0,48.1,240.5,5817
658369,COLEGIO SUPERIOR DE PALERMO - SEDE PRINCIPAL,BOGOTÁ D.C.,2022,12,50.0,46.0,43.0,45.0,44.0,9.0,45.8,229.0,8295
658369,COLEGIO SUPERIOR DE PALERMO - SEDE PRINCIPAL,BOGOTÁ D.C.,2023,12,44.0,39.0,44.0,43.0,47.0,9.2,42.8,214.0,11047
658369,COLEGIO SUPERIOR DE PALERMO - SEDE PRINCIPAL,BOGOTÁ D.C.,2024,14,51.0,48.0,47.0,48.0,44.0,10.2,48.2,241.0,7387
658369,COLEGIO SUPERIOR DE PALERMO - SEDE PRINCIPAL,BOGOTÁ D.C.,2025,9,46.0,43.0,40.0,42.0,43.0,8.2,42.8,214.0,11144
216481,CENT EDUC DIST HORIZONTE,BOGOTÁ D.C.,2025,1,41.0,27.0,25.0,42.0,41.0,0.0,34.3,171.5,14047
806034,COLEGIO INCADE KENNEDY - SEDE PRINCIPAL,BOGOTÁ D.C.,2022,16,52.0,48.0,44.0,48.0,50.0,9.8,48.2,241.0,6616
806034,COLEGIO INCADE KENNEDY - SEDE PRINCIPAL,BOGOTÁ D.C.,2023,2,38.0,40.0,44.0,48.0,43.0,6.8,42.5,212.5,11297
806034,COLEGIO INCADE KENNEDY - SEDE PRINCIPAL,BOGOTÁ D.C.,2024,15,47.0,45.0,40.0,41.0,49.0,9.0,43.7,218.5,10504
806034,COLEGIO INCADE KENNEDY - SEDE PRINCIPAL,BOGOTÁ D.C.,2025,4,45.0,38.0,39.0,42.0,35.0,6.6,40.5,202.5,12467
102467,CENT EDUC DIST EL JAPON,BOGOTÁ D.C.,2020,61,49.0,46.0,47.0,45.0,42.0,9.6,46.4,232.0,7243
102467,CENT EDUC DIST EL JAPON,BOGOTÁ D.C.,2021,54,49.0,46.0,41.0,44.0,46.0,8.6,45.1,225.5,8129
102467,CENT EDUC DIST EL JAPON,BOGOTÁ D.C.,2022,40,50.0,49.0,44.0,47.0,45.0,8.8,47.3,236.5,7300
102467,CENT EDUC DIST EL JAPON,BOGOTÁ D.C.,2023,44,50.0,46.0,45.0,47.0,45.0,9.8,46.8,234.0,8181
102467,CENT EDUC DIST EL JAPON,BOGOTÁ D.C.,2024,106,46.0,40.0,43.0,42.0,44.0,10.2,42.8,214.0,11004
102467,CENT EDUC DIST EL JAPON,BOGOTÁ D.C.,2025,95,48.0,43.0,42.0,42.0,43.0,8.8,43.7,218.5,10677
091074,COL DIST CRISTOBAL COLON (SERVITA),BOGOTÁ D.C.,2020,26,47.0,44.0,47.0,44.0,42.0,8.6,45.2,226.0,8191
091074,COL DIST CRISTOBAL COLON (SERVITA),BOGOTÁ D.C.,2021,23,46.0,45.0,39.0,42.0,41.0,9.0,42.8,214.0,9806
091074,COL DIST CRISTOBAL COLON (SERVITA),BOGOTÁ D.C.,2022,48,47.0,44.0,43.0,45.0,44.0,9.4,44.7,223.5,9171
091074,COL DIST CRISTOBAL COLON (SERVITA),BOGOTÁ D.C.,2023,37,47.0,42.0,42.0,44.0,44.0,8.8,43.8,219.0,10339
091074,COL DIST CRISTOBAL COLON (SERVITA),BOGOTÁ D.C.,2024,45,42.0,37.0,42.0,39.0,41.0,10.6,40.1,200.5,12563
091074,COL DIST CRISTOBAL COLON (SERVITA),BOGOTÁ D.C.,2025,56,47.0,43.0,42.0,42.0,44.0,10.0,43.5,217.5,10799
102582,CENT EDUC DIST AULAS COLOMBIANAS EL CONSUELO,BOGOTÁ D.C.,2020,35,44.0,40.0,41.0,39.0,36.0,8.2,40.6,203.0,11760
102582,CENT EDUC DIST AULAS COLOMBIANAS EL CONSUELO,BOGOTÁ D.C.,2021,36,43.0,41.0,35.0,39.0,43.0,9.4,39.8,199.0,11892
102582,CENT EDUC DIST AULAS COLOMBIANAS EL CONSUELO,BOGOTÁ D.C.,2022,9,50.0,46.0,43.0,45.0,44.0,8.2,45.8,229.0,8295
102582,CENT EDUC DIST AULAS COLOMBIANAS EL CONSUELO,BOGOTÁ D.C.,2023,10,46.0,38.0,44.0,42.0,44.0,9.6,42.6,213.0,11171
102582,CENT EDUC DIST AULAS COLOMBIANAS EL CONSUELO,BOGOTÁ D.C.,2024,10,44.0,35.0,42.0,42.0,44.0,9.6,41.0,205.0,12080
102582,CENT EDUC DIST AULAS COLOMBIANAS EL CONSUELO,BOGOTÁ D.C.,2025,18,48.0,44.0,38.0,42.0,43.0,9.0,43.0,215.0,11028
192120,LIC  PSICOPEDAG EL CARMELO,BOGOTÁ D.C.,2020,28,47.0,43.0,42.0,41.0,41.0,7.4,43.1,215.5,9906
192120,LIC  PSICOPEDAG EL CARMELO,BOGOTÁ D.C.,2021,36,47.0,43.0,42.0,44.0,45.0,9.4,44.1,220.5,8861
192120,LIC  PSICOPEDAG EL CARMELO,BOGOTÁ D.C.,2022,25,46.0,44.0,41.0,41.0,43.0,8.4,43.0,215.0,10322
192120,LIC  PSICOPEDAG EL CARMELO,BOGOTÁ D.C.,2023,12,44.0,41.0,44.0,41.0,45.0,7.0,42.7,213.5,11171
192120,LIC  PSICOPEDAG EL CARMELO,BOGOTÁ D.C.,2024,21,47.0,43.0,40.0,42.0,45.0,8.4,43.2,216.0,10739
192120,LIC  PSICOPEDAG EL CARMELO,BOGOTÁ D.C.,2025,14,47.0,42.0,39.0,42.0,42.0,9.4,42.5,212.5,11403
045088,COL DIST EDUC BAS Y MEDIA GERARDO PAREDES MARTINEZ,BOGOTÁ D.C.,2020,79,47.0,43.0,42.0,42.0,39.0,8.8,43.2,216.0,9750
045088,COL DIST EDUC BAS Y MEDIA GERARDO PAREDES MARTINEZ,BOGOTÁ D.C.,2021,64,46.0,43.0,41.0,42.0,41.0,8.6,42.8,214.0,9806
045088,COL DIST EDUC BAS Y MEDIA GERARDO PAREDES MARTINEZ,BOGOTÁ D.C.,2022,73,46.0,42.0,42.0,43.0,43.0,9.2,43.2,216.0,10194
045088,COL DIST EDUC BAS Y MEDIA GERARDO PAREDES MARTINEZ,BOGOTÁ D.C.,2023,85,46.0,40.0,41.0,41.0,43.0,8.2,42.1,210.5,11555
045088,COL DIST EDUC BAS Y MEDIA GERARDO PAREDES MARTINEZ,BOGOTÁ D.C.,2024,155,46.0,41.0,41.0,41.0,42.0,9.0,42.2,211.0,11379
045088,COL DIST EDUC BAS Y MEDIA GERARDO PAREDES MARTINEZ,BOGOTÁ D.C.,2025,201,46.0,41.0,41.0,42.0,41.0,8.6,42.4,212.0,11403
098533,COL DIST LA ESTANCIA,BOGOTÁ D.C.,2020,53,46.0,42.0,41.0,41.0,40.0,9.0,42.3,211.5,10537
098533,COL DIST LA ESTANCIA,BOGOTÁ D.C.,2021,68,44.0,40.0,38.0,40.0,40.0,7.8,40.5,202.5,11526
098533,COL DIST LA ESTANCIA,BOGOTÁ D.C.,2022,39,48.0,44.0,42.0,44.0,45.0,9.8,44.5,222.5,9306
098533,COL DIST LA ESTANCIA,BOGOTÁ D.C.,2023,41,48.0,44.0,43.0,45.0,45.0,9.0,45.0,225.0,9454
098533,COL DIST LA ESTANCIA,BOGOTÁ D.C.,2024,26,46.0,43.0,42.0,44.0,44.0,9.8,43.8,219.0,10390
098533,COL DIST LA ESTANCIA,BOGOTÁ D.C.,2025,37,46.0,41.0,39.0,42.0,42.0,8.2,42.0,210.0,11640
072660,COLEGIO CENTRO CULTURAL,BOGOTÁ D.C.,2020,4,53.0,45.0,44.0,49.0,39.0,7.2,47.1,235.5,6775
072660,COLEGIO CENTRO CULTURAL,BOGOTÁ D.C.,2021,18,53.0,47.0,46.0,47.0,44.0,9.0,47.9,239.5,5974
072660,COLEGIO CENTRO CULTURAL,BOGOTÁ D.C.,2023,7,48.0,43.0,43.0,43.0,46.0,8.6,44.4,222.0,9891
072660,COLEGIO CENTRO CULTURAL,BOGOTÁ D.C.,2024,1,51.0,51.0,34.0,38.0,41.0,0.0,43.3,216.5,10739
072660,COLEGIO CENTRO CULTURAL,BOGOTÁ D.C.,2025,9,48.0,47.0,37.0,42.0,46.0,6.6,43.7,218.5,10677
658567,INSTITUCION EDUCATIVA FEDERICO GARCIA LORCA - SEDE PRINCIPAL,BOGOTÁ D.C.,2020,10,56.0,59.0,55.0,53.0,58.0,10.4,55.9,279.5,1795
658567,INSTITUCION EDUCATIVA FEDERICO GARCIA LORCA - SEDE PRINCIPAL,BOGOTÁ D.C.,2021,4,48.0,54.0,48.0,54.0,51.0,7.8,51.0,255.0,3809
658567,INSTITUCION EDUCATIVA FEDERICO GARCIA LORCA - SEDE PRINCIPAL,BOGOTÁ D.C.,2022,4,58.0,53.0,45.0,51.0,58.0,11.2,52.2,261.0,3916
658567,INSTITUCION EDUCATIVA FEDERICO GARCIA LORCA - SEDE PRINCIPAL,BOGOTÁ D.C.,2023,3,47.0,51.0,46.0,51.0,49.0,6.4,48.8,244.0,6653
658567,INSTITUCION EDUCATIVA FEDERICO GARCIA LORCA - SEDE PRINCIPAL,BOGOTÁ D.C.,2024,9,55.0,52.0,47.0,49.0,48.0,8.6,50.5,252.5,5878
658567,INSTITUCION EDUCATIVA FEDERICO GARCIA LORCA - SEDE PRINCIPAL,BOGOTÁ D.C.,2025,3,47.0,48.0,40.0,42.0,44.0,5.4,44.2,221.0,10255
087981,COL CENT DE INSTRUCCION SISTEMATIZADA CEIS,BOGOTÁ D.C.,2020,4,46.0,42.0,44.0,40.0,38.0,8.8,42.6,213.0,10228
087981,COL CENT DE INSTRUCCION SISTEMATIZADA CEIS,BOGOTÁ D.C.,2021,6,51.0,43.0,43.0,43.0,43.0,7.0,44.8,224.0,8287
087981,COL CENT DE INSTRUCCION SISTEMATIZADA CEIS,BOGOTÁ D.C.,2023,6,57.0,50.0,53.0,51.0,45.0,7.4,52.2,261.0,4277
087981,COL CENT DE INSTRUCCION SISTEMATIZADA CEIS,BOGOTÁ D.C.,2024,9,45.0,40.0,39.0,39.0,43.0,8.0,40.9,204.5,12193
087981,COL CENT DE INSTRUCCION SISTEMATIZADA CEIS,BOGOTÁ D.C.,2025,10,49.0,44.0,43.0,42.0,48.0,9.6,44.8,224.0,9837
189365,COL SOLES DEL SABER,BOGOTÁ D.C.,2020,15,55.0,51.0,51.0,48.0,45.0,9.4,50.8,254.0,3960
189365,COL SOLES DEL SABER,BOGOTÁ D.C.,2021,10,54.0,49.0,45.0,47.0,50.0,7.4,48.8,244.0,5257
189365,COL SOLES DEL SABER,BOGOTÁ D.C.,2022,15,57.0,55.0,56.0,53.0,56.0,8.6,55.3,276.5,2495
189365,COL SOLES DEL SABER,BOGOTÁ D.C.,2023,19,55.0,50.0,49.0,51.0,55.0,8.4,51.5,257.5,4796
189365,COL SOLES DEL SABER,BOGOTÁ D.C.,2024,11,56.0,54.0,51.0,49.0,58.0,8.2,52.9,264.5,4262
189365,COL SOLES DEL SABER,BOGOTÁ D.C.,2025,5,49.0,46.0,43.0,42.0,55.0,10.0,45.8,229.0,9179
027839,COL COOP MINUTO DE DIOS,BOGOTÁ D.C.,2020,21,57.0,55.0,52.0,51.0,46.0,11.0,53.2,266.0,2679
027839,COL COOP MINUTO DE DIOS,BOGOTÁ D.C.,2021,8,57.0,53.0,53.0,52.0,53.0,8.0,53.7,268.5,2591
027839,COL COOP MINUTO DE DIOS,BOGOTÁ D.C.,2022,11,52.0,44.0,44.0,46.0,47.0,8.6,46.5,232.5,7833
027839,COL COOP MINUTO DE DIOS,BOGOTÁ D.C.,2023,12,52.0,49.0,42.0,46.0,53.0,8.0,47.7,238.5,7562
027839,COL COOP MINUTO DE DIOS,BOGOTÁ D.C.,2024,5,56.0,55.0,51.0,51.0,52.0,5.0,53.2,266.0,4012
027839,COL COOP MINUTO DE DIOS,BOGOTÁ D.C.,2025,73,47.0,41.0,41.0,42.0,43.0,8.8,42.8,214.0,11144
159392,INSTITUTO POPULAR BOLIVARIANO - SEDE PRINCIPAL,BOGOTÁ D.C.,2020,28,49.0,46.0,41.0,41.0,42.0,8.4,44.1,220.5,9121
159392,INSTITUTO POPULAR BOLIVARIANO - SEDE PRINCIPAL,BOGOTÁ D.C.,2021,30,49.0,44.0,43.0,45.0,48.0,8.4,45.5,227.5,7846
159392,INSTITUTO POPULAR BOLIVARIANO - SEDE PRINCIPAL,BOGOTÁ D.C.,2022,27,48.0,44.0,41.0,44.0,42.0,7.6,44.1,220.5,9582
159392,INSTITUTO POPULAR BOLIVARIANO - SEDE PRINCIPAL,BOGOTÁ D.C.,2023,20,45.0,40.0,38.0,40.0,43.0,7.8,40.9,204.5,12280
159392,INSTITUTO POPULAR BOLIVARIANO - SEDE PRINCIPAL,BOGOTÁ D.C.,2024,26,48.0,44.0,42.0,44.0,45.0,9.6,44.5,222.5,9992
159392,INSTITUTO POPULAR BOLIVARIANO - SEDE PRINCIPAL,BOGOTÁ D.C.,2025,32,45.0,40.0,37.0,42.0,41.0,7.0,41.0,205.0,12187
090837,CENT EDUC DIST PABLO DE TARSO,BOGOTÁ D.C.,2020,42,47.0,44.0,41.0,41.0,40.0,8.4,43.0,215.0,9906
090837,CENT EDUC DIST PABLO DE TARSO,BOGOTÁ D.C.,2021,27,47.0,41.0,42.0,42.0,41.0,8.4,42.8,214.0,9806
090837,CENT EDUC DIST PABLO DE TARSO,BOGOTÁ D.C.,2022,64,47.0,44.0,43.0,42.0,43.0,8.2,43.9,219.5,9741
090837,CENT EDUC DIST PABLO DE TARSO,BOGOTÁ D.C.,2023,36,47.0,43.0,41.0,43.0,43.0,8.8,43.5,217.5,10626
090837,CENT EDUC DIST PABLO DE TARSO,BOGOTÁ D.C.,2024,43,47.0,42.0,40.0,42.0,45.0,8.8,42.9,214.5,11004
090837,CENT EDUC DIST PABLO DE TARSO,BOGOTÁ D.C.,2025,37,46.0,42.0,39.0,42.0,45.0,8.6,42.5,212.5,11403
059634,CEDID GUILLERMO CANO ISAZA,BOGOTÁ D.C.,2020,94,46.0,43.0,42.0,42.0,40.0,8.4,43.0,215.0,9906
059634,CEDID GUILLERMO CANO ISAZA,BOGOTÁ D.C.,2021,129,46.0,43.0,41.0,42.0,40.0,9.2,42.8,214.0,9806
059634,CEDID GUILLERMO CANO ISAZA,BOGOTÁ D.C.,2022,49,43.0,41.0,40.0,39.0,41.0,6.4,40.8,204.0,11757
059634,CEDID GUILLERMO CANO ISAZA,BOGOTÁ D.C.,2023,107,44.0,40.0,39.0,40.0,41.0,8.2,40.8,204.0,12280
059634,CEDID GUILLERMO CANO ISAZA,BOGOTÁ D.C.,2024,47,45.0,41.0,39.0,41.0,43.0,10.0,41.6,208.0,11728
059634,CEDID GUILLERMO CANO ISAZA,BOGOTÁ D.C.,2025,30,47.0,44.0,41.0,41.0,42.0,8.4,43.2,216.0,10918
155572,CENTRO DE ESTUDIOS SAN BASILIO - SEDE PRINCIPAL,BOGOTÁ D.C.,2020,77,46.0,44.0,41.0,42.0,40.0,9.2,43.0,215.0,9906
155572,CENTRO DE ESTUDIOS SAN BASILIO - SEDE PRINCIPAL,BOGOTÁ D.C.,2021,56,46.0,43.0,38.0,42.0,42.0,10.0,42.2,211.0,10258
155572,CENTRO DE ESTUDIOS SAN BASILIO - SEDE PRINCIPAL,BOGOTÁ D.C.,2022,67,47.0,44.0,41.0,43.0,43.0,8.0,43.7,218.5,9888
155572,CENTRO DE ESTUDIOS SAN BASILIO - SEDE PRINCIPAL,BOGOTÁ D.C.,2023,58,47.0,43.0,41.0,42.0,44.0,7.6,43.3,216.5,10768
155572,CENTRO DE ESTUDIOS SAN BASILIO - SEDE PRINCIPAL,BOGOTÁ D.C.,2024,66,48.0,43.0,42.0,44.0,42.0,8.6,44.1,220.5,10264
155572,CENTRO DE ESTUDIOS SAN BASILIO - SEDE PRINCIPAL,BOGOTÁ D.C.,2025,58,45.0,42.0,38.0,41.0,43.0,8.6,41.6,208.0,11882
707158,COLEGIO RENE DESCARTES - SEDE PRINCIPAL,BOGOTÁ D.C.,2020,5,49.0,46.0,44.0,45.0,44.0,5.4,45.8,229.0,7707
707158,COLEGIO RENE DESCARTES - SEDE PRINCIPAL,BOGOTÁ D.C.,2021,22,47.0,42.0,41.0,43.0,43.0,7.4,43.2,216.0,9448
707158,COLEGIO RENE DESCARTES - SEDE PRINCIPAL,BOGOTÁ D.C.,2022,5,49.0,49.0,49.0,48.0,43.0,7.6,48.3,241.5,6616
707158,COLEGIO RENE DESCARTES - SEDE PRINCIPAL,BOGOTÁ D.C.,2023,30,49.0,45.0,44.0,44.0,45.0,8.2,45.5,227.5,9179
707158,COLEGIO RENE DESCARTES - SEDE PRINCIPAL,BOGOTÁ D.C.,2024,18,48.0,43.0,45.0,45.0,47.0,10.2,45.4,227.0,9338
707158,COLEGIO RENE DESCARTES - SEDE PRINCIPAL,BOGOTÁ D.C.,2025,11,49.0,42.0,39.0,41.0,49.0,10.0,43.2,216.0,10918
051870,CENT EDUC DIST ALMIRANTE PADILLA,BOGOTÁ D.C.,2020,75,48.0,45.0,44.0,42.0,41.0,8.4,44.5,222.5,8802
051870,CENT EDUC DIST ALMIRANTE PADILLA,BOGOTÁ D.C.,2021,78,44.0,40.0,40.0,41.0,41.0,8.4,41.2,206.0,10981
051870,CENT EDUC DIST ALMIRANTE PADILLA,BOGOTÁ D.C.,2022,71,45.0,43.0,41.0,43.0,42.0,8.0,42.9,214.5,10458
051870,CENT EDUC DIST ALMIRANTE PADILLA,BOGOTÁ D.C.,2023,36,47.0,41.0,42.0,43.0,43.0,10.0,43.2,216.0,10768
051870,CENT EDUC DIST ALMIRANTE PADILLA,BOGOTÁ D.C.,2024,43,49.0,45.0,42.0,43.0,42.0,7.8,44.5,222.5,9992
051870,CENT EDUC DIST ALMIRANTE PADILLA,BOGOTÁ D.C.,2025,49,45.0,39.0,38.0,41.0,42.0,9.4,40.8,204.0,12280
217729,DELIA ZAPATA OLIVELLA,BOGOTÁ D.C.,2025,1,41.0,44.0,39.0,41.0,44.0,0.0,41.5,207.5,11995
061747,COL DIST EDUC BAS Y MEDIA LOS ALPES,BOGOTÁ D.C.,2020,30,49.0,44.0,42.0,42.0,43.0,8.2,44.2,221.0,8957
061747,COL DIST EDUC BAS Y MEDIA LOS ALPES,BOGOTÁ D.C.,2021,32,0.0,0.0,0.0,0.0,38.0,1.4,2.9,14.5,14337
061747,COL DIST EDUC BAS Y MEDIA LOS ALPES,BOGOTÁ D.C.,2021,33,41.0,37.0,38.0,37.0,0.0,6.0,35.3,176.5,13384
061747,COL DIST EDUC BAS Y MEDIA LOS ALPES,BOGOTÁ D.C.,2022,9,50.0,46.0,45.0,40.0,41.0,11.6,44.9,224.5,9016
061747,COL DIST EDUC BAS Y MEDIA LOS ALPES,BOGOTÁ D.C.,2023,6,41.0,41.0,41.0,38.0,42.0,7.0,40.4,202.0,12490
061747,COL DIST EDUC BAS Y MEDIA LOS ALPES,BOGOTÁ D.C.,2024,126,44.0,40.0,41.0,42.0,0.0,7.4,38.5,192.5,13197
061747,COL DIST EDUC BAS Y MEDIA LOS ALPES,BOGOTÁ D.C.,2024,125,0.0,0.0,0.0,0.0,41.0,2.0,3.2,16.0,14611
061747,COL DIST EDUC BAS Y MEDIA LOS ALPES,BOGOTÁ D.C.,2025,99,44.0,40.0,38.0,41.0,42.0,9.0,40.8,204.0,12280
163915,INST POLITECNICO JOSE CELESTINO MUTIS,BOGOTÁ D.C.,2020,16,50.0,48.0,48.0,43.0,40.0,9.6,46.7,233.5,7087
163915,INST POLITECNICO JOSE CELESTINO MUTIS,BOGOTÁ D.C.,2021,26,46.0,42.0,42.0,43.0,43.0,11.8,43.2,216.0,9448
163915,INST POLITECNICO JOSE CELESTINO MUTIS,BOGOTÁ D.C.,2022,19,42.0,41.0,39.0,43.0,39.0,8.6,41.1,205.5,11649
163915,INST POLITECNICO JOSE CELESTINO MUTIS,BOGOTÁ D.C.,2023,25,44.0,40.0,43.0,40.0,39.0,8.6,41.5,207.5,11949
163915,INST POLITECNICO JOSE CELESTINO MUTIS,BOGOTÁ D.C.,2024,24,47.0,42.0,41.0,42.0,42.0,9.4,42.9,214.5,11004
163915,INST POLITECNICO JOSE CELESTINO MUTIS,BOGOTÁ D.C.,2025,18,43.0,40.0,37.0,41.0,38.0,11.4,40.1,200.5,12662
659482,CENT EDUC DIST AULAS COLOMBIANAS EL CONSUELO,BOGOTÁ D.C.,2020,26,50.0,46.0,45.0,46.0,47.0,10.6,46.8,234.0,6930
659482,CENT EDUC DIST AULAS COLOMBIANAS EL CONSUELO,BOGOTÁ D.C.,2021,21,46.0,42.0,40.0,43.0,44.0,9.6,42.8,214.0,9806
659482,CENT EDUC DIST AULAS COLOMBIANAS EL CONSUELO,BOGOTÁ D.C.,2022,17,46.0,44.0,40.0,44.0,44.0,7.6,43.5,217.5,10061
659482,CENT EDUC DIST AULAS COLOMBIANAS EL CONSUELO,BOGOTÁ D.C.,2023,40,49.0,44.0,45.0,46.0,46.0,9.4,46.0,230.0,8755
659482,CENT EDUC DIST AULAS COLOMBIANAS EL CONSUELO,BOGOTÁ D.C.,2024,48,47.0,44.0,40.0,42.0,44.0,9.0,43.3,216.5,10739
659482,CENT EDUC DIST AULAS COLOMBIANAS EL CONSUELO,BOGOTÁ D.C.,2025,1,36.0,38.0,35.0,41.0,41.0,0.0,37.8,189.0,13442
094029,CENT SUPERIOR DE ESTUDIOS FINANCIEROS E INFORMATICOS CENPEFI,BOGOTÁ D.C.,2020,1,61.0,63.0,54.0,58.0,64.0,0.0,59.4,297.0,1031
094029,CENT SUPERIOR DE ESTUDIOS FINANCIEROS E INFORMATICOS CENPEFI,BOGOTÁ D.C.,2022,36,47.0,43.0,44.0,44.0,42.0,8.6,44.3,221.5,9439
094029,CENT SUPERIOR DE ESTUDIOS FINANCIEROS E INFORMATICOS CENPEFI,BOGOTÁ D.C.,2023,40,46.0,42.0,43.0,44.0,45.0,10.0,43.8,219.0,10339
094029,CENT SUPERIOR DE ESTUDIOS FINANCIEROS E INFORMATICOS CENPEFI,BOGOTÁ D.C.,2024,47,46.0,44.0,42.0,43.0,44.0,8.2,43.8,219.0,10390
094029,CENT SUPERIOR DE ESTUDIOS FINANCIEROS E INFORMATICOS CENPEFI,BOGOTÁ D.C.,2025,19,45.0,45.0,40.0,41.0,39.0,9.6,42.5,212.5,11403
146977,COLEGIO EMANUEL RUBIANO - SEDE PRINCIPAL,BOGOTÁ D.C.,2021,9,50.0,48.0,46.0,45.0,47.0,9.2,47.2,236.0,6424
146977,COLEGIO EMANUEL RUBIANO - SEDE PRINCIPAL,BOGOTÁ D.C.,2022,13,50.0,47.0,41.0,48.0,46.0,8.8,46.5,232.5,7833
146977,COLEGIO EMANUEL RUBIANO - SEDE PRINCIPAL,BOGOTÁ D.C.,2023,13,50.0,48.0,47.0,49.0,49.0,10.2,48.5,242.5,6970
146977,COLEGIO EMANUEL RUBIANO - SEDE PRINCIPAL,BOGOTÁ D.C.,2024,17,54.0,52.0,49.0,47.0,51.0,9.0,50.5,252.5,5878
146977,COLEGIO EMANUEL RUBIANO - SEDE PRINCIPAL,BOGOTÁ D.C.,2025,12,48.0,40.0,42.0,41.0,45.0,10.4,42.9,214.5,11144
021667,COL NAL RESTREPO MILLAN,BOGOTÁ D.C.,2020,55,47.0,45.0,42.0,42.0,41.0,9.0,43.8,219.0,9265
021667,COL NAL RESTREPO MILLAN,BOGOTÁ D.C.,2021,81,45.0,42.0,40.0,41.0,40.0,8.0,41.8,209.0,10551
021667,COL NAL RESTREPO MILLAN,BOGOTÁ D.C.,2022,71,46.0,44.0,43.0,44.0,43.0,9.6,44.2,221.0,9439
021667,COL NAL RESTREPO MILLAN,BOGOTÁ D.C.,2023,61,47.0,43.0,43.0,43.0,45.0,9.2,44.1,220.5,10175
021667,COL NAL RESTREPO MILLAN,BOGOTÁ D.C.,2024,56,45.0,42.0,40.0,40.0,42.0,9.4,41.8,209.0,11613
021667,COL NAL RESTREPO MILLAN,BOGOTÁ D.C.,2025,7,48.0,40.0,41.0,41.0,40.0,7.8,42.3,211.5,11528
056457,CENT EDUC DIST LA CONCORDIA,BOGOTÁ D.C.,2020,18,49.0,45.0,47.0,42.0,41.0,8.0,45.4,227.0,8016
056457,CENT EDUC DIST LA CONCORDIA,BOGOTÁ D.C.,2021,36,47.0,42.0,42.0,44.0,42.0,9.4,43.6,218.0,9140
056457,CENT EDUC DIST LA CONCORDIA,BOGOTÁ D.C.,2022,21,47.0,38.0,44.0,41.0,43.0,7.4,42.5,212.5,10721
056457,CENT EDUC DIST LA CONCORDIA,BOGOTÁ D.C.,2023,46,44.0,40.0,43.0,41.0,0.0,6.6,38.8,194.0,13205
056457,CENT EDUC DIST LA CONCORDIA,BOGOTÁ D.C.,2023,42,0.0,0.0,0.0,0.0,42.0,2.0,3.2,16.0,14569
056457,CENT EDUC DIST LA CONCORDIA,BOGOTÁ D.C.,2024,30,41.0,40.0,42.0,41.0,41.0,10.6,41.0,205.0,12080
056457,CENT EDUC DIST LA CONCORDIA,BOGOTÁ D.C.,2025,27,0.0,0.0,0.0,0.0,40.0,2.6,3.1,15.5,14764
056457,CENT EDUC DIST LA CONCORDIA,BOGOTÁ D.C.,2025,28,46.0,42.0,41.0,41.0,0.0,8.8,39.2,196.0,12975
105486,CENT EDUC DIST PLAN PADRINOS SAN LUIS,BOGOTÁ D.C.,2020,27,46.0,44.0,43.0,42.0,42.0,11.4,43.6,218.0,9424
105486,CENT EDUC DIST PLAN PADRINOS SAN LUIS,BOGOTÁ D.C.,2021,39,41.0,40.0,37.0,41.0,41.0,9.4,39.8,199.0,11892
105486,CENT EDUC DIST PLAN PADRINOS SAN LUIS,BOGOTÁ D.C.,2022,24,43.0,41.0,40.0,41.0,42.0,9.8,41.3,206.5,11510
105486,CENT EDUC DIST PLAN PADRINOS SAN LUIS,BOGOTÁ D.C.,2023,35,44.0,40.0,42.0,42.0,42.0,8.0,42.0,210.0,11555
105486,CENT EDUC DIST PLAN PADRINOS SAN LUIS,BOGOTÁ D.C.,2024,34,43.0,38.0,39.0,41.0,41.0,8.8,40.3,201.5,12479
105486,CENT EDUC DIST PLAN PADRINOS SAN LUIS,BOGOTÁ D.C.,2025,45,46.0,39.0,38.0,41.0,41.0,9.0,41.0,205.0,12187
139741,CENT EDUC DIST JOSE ANTONIO RICAURTE,BOGOTÁ D.C.,2020,71,45.0,43.0,39.0,41.0,41.0,8.8,41.9,209.5,10861
139741,CENT EDUC DIST JOSE ANTONIO RICAURTE,BOGOTÁ D.C.,2021,65,44.0,39.0,38.0,40.0,40.0,7.8,40.2,201.0,11657
139741,CENT EDUC DIST JOSE ANTONIO RICAURTE,BOGOTÁ D.C.,2022,46,45.0,42.0,40.0,43.0,42.0,8.8,42.5,212.5,10721
139741,CENT EDUC DIST JOSE ANTONIO RICAURTE,BOGOTÁ D.C.,2023,64,45.0,41.0,39.0,40.0,43.0,7.8,41.4,207.0,11949
139741,CENT EDUC DIST JOSE ANTONIO RICAURTE,BOGOTÁ D.C.,2024,44,47.0,40.0,39.0,41.0,39.0,8.0,41.5,207.5,11844
139741,CENT EDUC DIST JOSE ANTONIO RICAURTE,BOGOTÁ D.C.,2025,50,46.0,43.0,37.0,41.0,43.0,8.8,41.8,209.0,11769
819615,COLEGIO SOCIO CULTURAL ZAFIR,BOGOTÁ D.C.,2024,9,46.0,44.0,36.0,40.0,44.0,5.6,41.7,208.5,11728
819615,COLEGIO SOCIO CULTURAL ZAFIR,BOGOTÁ D.C.,2025,18,47.0,38.0,37.0,41.0,44.0,8.0,41.0,205.0,12187
169698,INSTITUTO FORMATES,BOGOTÁ D.C.,2021,1,33.0,25.0,33.0,39.0,35.0,0.0,32.7,163.5,13650
169698,INSTITUTO FORMATES,BOGOTÁ D.C.,2022,3,43.0,41.0,34.0,41.0,37.0,4.8,39.5,197.5,12542
169698,INSTITUTO FORMATES,BOGOTÁ D.C.,2023,21,48.0,44.0,41.0,43.0,45.0,6.8,44.1,220.5,10175
169698,INSTITUTO FORMATES,BOGOTÁ D.C.,2024,10,43.0,39.0,38.0,38.0,34.0,10.8,39.1,195.5,12966
169698,INSTITUTO FORMATES,BOGOTÁ D.C.,2025,15,47.0,39.0,39.0,40.0,43.0,8.0,41.4,207.0,11995
806505,CENT EDUC DIST MISAEL PASTRANA BORRERO,BOGOTÁ D.C.,2022,1,56.0,53.0,43.0,46.0,30.0,0.0,48.0,240.0,6767
806505,CENT EDUC DIST MISAEL PASTRANA BORRERO,BOGOTÁ D.C.,2023,16,48.0,42.0,40.0,42.0,45.0,8.8,43.2,216.0,10768
806505,CENT EDUC DIST MISAEL PASTRANA BORRERO,BOGOTÁ D.C.,2024,33,47.0,46.0,41.0,43.0,46.0,9.2,44.4,222.0,9992
806505,CENT EDUC DIST MISAEL PASTRANA BORRERO,BOGOTÁ D.C.,2025,51,43.0,41.0,36.0,40.0,40.0,8.8,40.0,200.0,12662
055954,COL DIST EDUC BAS Y MEDIA JUAN EVANGELISTA GOMEZ,BOGOTÁ D.C.,2020,41,45.0,42.0,39.0,39.0,38.0,9.8,41.0,205.0,11458
055954,COL DIST EDUC BAS Y MEDIA JUAN EVANGELISTA GOMEZ,BOGOTÁ D.C.,2021,31,47.0,44.0,43.0,42.0,43.0,8.4,43.9,219.5,9004
055954,COL DIST EDUC BAS Y MEDIA JUAN EVANGELISTA GOMEZ,BOGOTÁ D.C.,2022,54,45.0,42.0,40.0,42.0,43.0,8.4,42.3,211.5,10873
055954,COL DIST EDUC BAS Y MEDIA JUAN EVANGELISTA GOMEZ,BOGOTÁ D.C.,2023,39,0.0,0.0,0.0,0.0,43.0,1.6,3.3,16.5,14569
055954,COL DIST EDUC BAS Y MEDIA JUAN EVANGELISTA GOMEZ,BOGOTÁ D.C.,2023,40,43.0,42.0,40.0,42.0,0.0,7.4,38.5,192.5,13346
055954,COL DIST EDUC BAS Y MEDIA JUAN EVANGELISTA GOMEZ,BOGOTÁ D.C.,2024,40,44.0,40.0,40.0,41.0,0.0,8.0,38.1,190.5,13338
055954,COL DIST EDUC BAS Y MEDIA JUAN EVANGELISTA GOMEZ,BOGOTÁ D.C.,2024,38,0.0,0.0,0.0,0.0,41.0,1.8,3.2,16.0,14611
055954,COL DIST EDUC BAS Y MEDIA JUAN EVANGELISTA GOMEZ,BOGOTÁ D.C.,2025,35,46.0,43.0,38.0,40.0,0.0,7.0,38.5,192.5,13254
055954,COL DIST EDUC BAS Y MEDIA JUAN EVANGELISTA GOMEZ,BOGOTÁ D.C.,2025,34,0.0,0.0,0.0,0.0,44.0,1.6,3.4,17.0,14764
199588,COLEGIO TRIANGULO CHAPINERO,BOGOTÁ D.C.,2020,3,53.0,54.0,49.0,50.0,50.0,11.0,51.4,257.0,3630
199588,COLEGIO TRIANGULO CHAPINERO,BOGOTÁ D.C.,2021,1,47.0,59.0,53.0,37.0,43.0,0.0,48.5,242.5,5521
199588,COLEGIO TRIANGULO CHAPINERO,BOGOTÁ D.C.,2024,2,38.0,50.0,38.0,48.0,51.0,5.4,44.1,220.5,10264
199588,COLEGIO TRIANGULO CHAPINERO,BOGOTÁ D.C.,2025,3,45.0,43.0,39.0,40.0,48.0,6.2,42.2,211.0,11528
150680,CENT EDUC DIST PARAISO MIRADOR,BOGOTÁ D.C.,2020,42,43.0,40.0,39.0,38.0,39.0,7.6,39.9,199.5,12274
150680,CENT EDUC DIST PARAISO MIRADOR,BOGOTÁ D.C.,2021,40,46.0,40.0,40.0,41.0,40.0,7.6,41.6,208.0,10685
150680,CENT EDUC DIST PARAISO MIRADOR,BOGOTÁ D.C.,2022,65,46.0,42.0,41.0,42.0,41.0,8.2,42.6,213.0,10601
150680,CENT EDUC DIST PARAISO MIRADOR,BOGOTÁ D.C.,2023,98,45.0,39.0,41.0,41.0,41.0,8.8,41.5,207.5,11949
150680,CENT EDUC DIST PARAISO MIRADOR,BOGOTÁ D.C.,2024,105,45.0,41.0,41.0,41.0,40.0,9.8,41.8,209.0,11613
150680,CENT EDUC DIST PARAISO MIRADOR,BOGOTÁ D.C.,2025,66,44.0,41.0,39.0,40.0,41.0,10.2,41.0,205.0,12187
062828,COL DIST EDUC BAS Y MEDIA LEON DE GREIFF,BOGOTÁ D.C.,2020,53,45.0,42.0,41.0,41.0,39.0,7.6,42.0,210.0,10697
062828,COL DIST EDUC BAS Y MEDIA LEON DE GREIFF,BOGOTÁ D.C.,2021,57,44.0,38.0,39.0,40.0,38.0,8.4,40.1,200.5,11788
062828,COL DIST EDUC BAS Y MEDIA LEON DE GREIFF,BOGOTÁ D.C.,2022,29,46.0,41.0,41.0,43.0,40.0,8.0,42.5,212.5,10721
062828,COL DIST EDUC BAS Y MEDIA LEON DE GREIFF,BOGOTÁ D.C.,2023,32,44.0,39.0,40.0,40.0,41.0,8.2,40.8,204.0,12280
062828,COL DIST EDUC BAS Y MEDIA LEON DE GREIFF,BOGOTÁ D.C.,2024,41,46.0,43.0,39.0,42.0,41.0,7.8,42.4,212.0,11251
062828,COL DIST EDUC BAS Y MEDIA LEON DE GREIFF,BOGOTÁ D.C.,2025,34,0.0,0.0,0.0,0.0,43.0,1.8,3.3,16.5,14764
062828,COL DIST EDUC BAS Y MEDIA LEON DE GREIFF,BOGOTÁ D.C.,2025,35,45.0,41.0,38.0,40.0,0.0,6.6,37.8,189.0,13442
095430,CENT EDUC DIST PANAMERICANO,BOGOTÁ D.C.,2020,37,43.0,41.0,43.0,39.0,39.0,11.0,41.3,206.5,11321
095430,CENT EDUC DIST PANAMERICANO,BOGOTÁ D.C.,2021,41,48.0,43.0,44.0,44.0,43.0,9.6,44.6,223.0,8436
095430,CENT EDUC DIST PANAMERICANO,BOGOTÁ D.C.,2022,35,45.0,42.0,43.0,43.0,42.0,8.6,43.2,216.0,10194
095430,CENT EDUC DIST PANAMERICANO,BOGOTÁ D.C.,2023,41,46.0,41.0,43.0,41.0,0.0,7.2,39.5,197.5,12968
095430,CENT EDUC DIST PANAMERICANO,BOGOTÁ D.C.,2023,40,0.0,0.0,0.0,0.0,40.0,2.4,3.1,15.5,14569
095430,CENT EDUC DIST PANAMERICANO,BOGOTÁ D.C.,2024,52,44.0,40.0,39.0,41.0,42.0,10.0,41.1,205.5,12080
095430,CENT EDUC DIST PANAMERICANO,BOGOTÁ D.C.,2025,102,45.0,40.0,41.0,40.0,41.0,9.4,41.5,207.5,11995
661397,COLEGIO JALIL GIBRAN - SEDE PRINCIPAL,BOGOTÁ D.C.,2020,8,48.0,45.0,42.0,42.0,38.0,9.2,43.8,219.0,9265
661397,COLEGIO JALIL GIBRAN - SEDE PRINCIPAL,BOGOTÁ D.C.,2021,17,50.0,45.0,44.0,44.0,43.0,9.6,45.5,227.5,7846
661397,COLEGIO JALIL GIBRAN - SEDE PRINCIPAL,BOGOTÁ D.C.,2022,6,50.0,44.0,48.0,47.0,48.0,8.2,47.3,236.5,7300
661397,COLEGIO JALIL GIBRAN - SEDE PRINCIPAL,BOGOTÁ D.C.,2023,1,54.0,51.0,50.0,50.0,70.0,0.0,52.7,263.5,4004
661397,COLEGIO JALIL GIBRAN - SEDE PRINCIPAL,BOGOTÁ D.C.,2024,9,44.0,40.0,41.0,38.0,38.0,8.4,40.5,202.5,12385
661397,COLEGIO JALIL GIBRAN - SEDE PRINCIPAL,BOGOTÁ D.C.,2025,4,44.0,36.0,36.0,39.0,47.0,6.2,39.4,197.0,12903
106666,CENT EDUC DIST NUEVO CHILE,BOGOTÁ D.C.,2020,71,48.0,45.0,43.0,42.0,40.0,8.6,44.2,221.0,8957
106666,CENT EDUC DIST NUEVO CHILE,BOGOTÁ D.C.,2021,48,48.0,44.0,42.0,43.0,43.0,9.2,44.2,221.0,8712
106666,CENT EDUC DIST NUEVO CHILE,BOGOTÁ D.C.,2022,96,47.0,42.0,43.0,42.0,41.0,8.6,43.3,216.5,10194
106666,CENT EDUC DIST NUEVO CHILE,BOGOTÁ D.C.,2023,229,44.0,38.0,42.0,41.0,42.0,8.0,41.3,206.5,12065
106666,CENT EDUC DIST NUEVO CHILE,BOGOTÁ D.C.,2024,200,43.0,38.0,42.0,40.0,41.0,8.6,40.8,204.0,12193
106666,CENT EDUC DIST NUEVO CHILE,BOGOTÁ D.C.,2025,180,0.0,0.0,0.0,0.0,39.0,1.6,3.0,15.0,14764
106666,CENT EDUC DIST NUEVO CHILE,BOGOTÁ D.C.,2025,181,43.0,37.0,38.0,39.0,0.0,6.6,36.2,181.0,13805
707075,COLEGIO MARIO LUIS RODRIGUEZ COBOS - SEDE PRINCIPAL,BOGOTÁ D.C.,2020,15,50.0,49.0,46.0,45.0,42.0,8.0,47.1,235.5,6775
707075,COLEGIO MARIO LUIS RODRIGUEZ COBOS - SEDE PRINCIPAL,BOGOTÁ D.C.,2021,19,48.0,45.0,42.0,45.0,44.0,10.0,44.9,224.5,8287
707075,COLEGIO MARIO LUIS RODRIGUEZ COBOS - SEDE PRINCIPAL,BOGOTÁ D.C.,2022,8,50.0,44.0,40.0,40.0,45.0,6.6,43.6,218.0,9888
707075,COLEGIO MARIO LUIS RODRIGUEZ COBOS - SEDE PRINCIPAL,BOGOTÁ D.C.,2023,6,48.0,44.0,40.0,43.0,43.0,7.8,43.7,218.5,10481
707075,COLEGIO MARIO LUIS RODRIGUEZ COBOS - SEDE PRINCIPAL,BOGOTÁ D.C.,2024,17,49.0,44.0,44.0,44.0,45.0,10.2,45.2,226.0,9478
707075,COLEGIO MARIO LUIS RODRIGUEZ COBOS - SEDE PRINCIPAL,BOGOTÁ D.C.,2025,5,47.0,39.0,34.0,39.0,40.0,6.2,39.8,199.0,12754
063081,COL SAN MARINO,BOGOTÁ D.C.,2020,4,48.0,53.0,44.0,45.0,47.0,6.6,47.5,237.5,6451
063081,COL SAN MARINO,BOGOTÁ D.C.,2021,15,51.0,49.0,42.0,45.0,49.0,8.2,46.9,234.5,6752
063081,COL SAN MARINO,BOGOTÁ D.C.,2022,7,58.0,54.0,51.0,47.0,50.0,11.8,52.3,261.5,3916
063081,COL SAN MARINO,BOGOTÁ D.C.,2023,2,52.0,42.0,43.0,50.0,44.0,9.2,46.5,232.5,8456
063081,COL SAN MARINO,BOGOTÁ D.C.,2024,5,54.0,49.0,48.0,49.0,48.0,10.8,49.8,249.0,6319
063081,COL SAN MARINO,BOGOTÁ D.C.,2025,2,50.0,33.0,39.0,39.0,39.0,3.2,40.2,201.0,12569
806695,COLEGIO INCADE,BOGOTÁ D.C.,2022,6,42.0,44.0,39.0,41.0,45.0,8.6,41.8,209.0,11110
806695,COLEGIO INCADE,BOGOTÁ D.C.,2023,13,47.0,44.0,44.0,44.0,42.0,5.8,44.5,222.5,9891
806695,COLEGIO INCADE,BOGOTÁ D.C.,2024,5,53.0,42.0,48.0,47.0,56.0,11.8,48.2,241.0,7387
806695,COLEGIO INCADE,BOGOTÁ D.C.,2025,2,45.0,31.0,39.0,38.0,46.0,7.2,38.8,194.0,13131
714196,COLEGIO SUPERIOR PALERMO - SEDE PRINCIPAL,BOGOTÁ D.C.,2020,1,70.0,59.0,52.0,55.0,46.0,0.0,58.0,290.0,1288
714196,COLEGIO SUPERIOR PALERMO - SEDE PRINCIPAL,BOGOTÁ D.C.,2021,3,46.0,49.0,33.0,44.0,43.0,6.6,43.0,215.0,9619
714196,COLEGIO SUPERIOR PALERMO - SEDE PRINCIPAL,BOGOTÁ D.C.,2022,12,50.0,46.0,45.0,45.0,46.0,8.0,46.5,232.5,7833
714196,COLEGIO SUPERIOR PALERMO - SEDE PRINCIPAL,BOGOTÁ D.C.,2023,7,48.0,45.0,44.0,42.0,46.0,9.4,44.8,224.0,9607
714196,COLEGIO SUPERIOR PALERMO - SEDE PRINCIPAL,BOGOTÁ D.C.,2024,4,40.0,39.0,36.0,35.0,39.0,8.0,37.6,188.0,13430
714196,COLEGIO SUPERIOR PALERMO - SEDE PRINCIPAL,BOGOTÁ D.C.,2025,3,47.0,40.0,34.0,38.0,43.0,9.0,40.0,200.0,12662
021048,COL DIST ANTONIO JOSE URIBE,BOGOTÁ D.C.,2020,15,47.0,44.0,43.0,44.0,39.0,7.4,44.1,220.5,9121
021048,COL DIST ANTONIO JOSE URIBE,BOGOTÁ D.C.,2021,19,0.0,0.0,0.0,0.0,41.0,1.8,3.2,16.0,14337
021048,COL DIST ANTONIO JOSE URIBE,BOGOTÁ D.C.,2021,20,46.0,39.0,38.0,41.0,0.0,6.0,37.8,189.0,12813
021048,COL DIST ANTONIO JOSE URIBE,BOGOTÁ D.C.,2022,15,52.0,48.0,43.0,45.0,45.0,10.6,46.8,234.0,7555
021048,COL DIST ANTONIO JOSE URIBE,BOGOTÁ D.C.,2023,15,46.0,42.0,43.0,44.0,45.0,7.8,43.8,219.0,10339
021048,COL DIST ANTONIO JOSE URIBE,BOGOTÁ D.C.,2024,3,0.0,0.0,0.0,0.0,40.0,1.2,3.1,15.5,14611
021048,COL DIST ANTONIO JOSE URIBE,BOGOTÁ D.C.,2024,6,37.0,34.0,35.0,37.0,0.0,7.0,33.0,165.0,14076
021048,COL DIST ANTONIO JOSE URIBE,BOGOTÁ D.C.,2025,10,0.0,0.0,0.0,0.0,41.0,1.8,3.2,16.0,14764
021048,COL DIST ANTONIO JOSE URIBE,BOGOTÁ D.C.,2025,11,42.0,39.0,38.0,36.0,0.0,7.4,35.8,179.0,13857
821348,SEDE C,BOGOTÁ D.C.,2025,2,49.0,45.0,43.0,36.0,38.0,13.8,42.8,214.0,11144
156620,INSTITUTO JUAN PABLO II - SEDE PRINCIPAL,BOGOTÁ D.C.,2020,10,47.0,43.0,41.0,41.0,42.0,6.0,42.9,214.5,10066
156620,INSTITUTO JUAN PABLO II - SEDE PRINCIPAL,BOGOTÁ D.C.,2021,3,49.0,34.0,42.0,46.0,45.0,7.8,42.9,214.5,9806
156620,INSTITUTO JUAN PABLO II - SEDE PRINCIPAL,BOGOTÁ D.C.,2022,7,46.0,47.0,41.0,43.0,49.0,13.8,44.6,223.0,9171
156620,INSTITUTO JUAN PABLO II - SEDE PRINCIPAL,BOGOTÁ D.C.,2025,1,53.0,45.0,35.0,35.0,43.0,0.0,42.1,210.5,11640
730143,INSTITUTO GERWILL - SEDE PRINCIPAL,BOGOTÁ D.C.,2020,23,46.0,45.0,42.0,43.0,42.0,8.8,43.8,219.0,9265
730143,INSTITUTO GERWILL - SEDE PRINCIPAL,BOGOTÁ D.C.,2021,18,51.0,46.0,44.0,45.0,44.0,8.0,46.3,231.5,7214
730143,INSTITUTO GERWILL - SEDE PRINCIPAL,BOGOTÁ D.C.,2022,2,45.0,51.0,40.0,50.0,48.0,5.2,46.6,233.0,7704
730143,INSTITUTO GERWILL - SEDE PRINCIPAL,BOGOTÁ D.C.,2023,4,43.0,42.0,42.0,45.0,35.0,8.4,42.4,212.0,11297
730143,INSTITUTO GERWILL - SEDE PRINCIPAL,BOGOTÁ D.C.,2025,7,40.0,34.0,35.0,34.0,34.0,8.2,35.6,178.0,13893
164483,POLITECNICO MAYOR ANDINO,BOGOTÁ D.C.,2020,3,46.0,45.0,42.0,42.0,40.0,9.8,43.5,217.5,9587
164483,POLITECNICO MAYOR ANDINO,BOGOTÁ D.C.,2021,5,53.0,50.0,49.0,48.0,51.0,5.6,50.1,250.5,4448
164483,POLITECNICO MAYOR ANDINO,BOGOTÁ D.C.,2022,1,39.0,42.0,36.0,33.0,42.0,0.0,37.8,189.0,13207
164483,POLITECNICO MAYOR ANDINO,BOGOTÁ D.C.,2023,13,45.0,45.0,43.0,43.0,46.0,8.4,44.2,221.0,10038
164483,POLITECNICO MAYOR ANDINO,BOGOTÁ D.C.,2024,2,49.0,47.0,44.0,47.0,49.0,4.6,46.9,234.5,8388
164483,POLITECNICO MAYOR ANDINO,BOGOTÁ D.C.,2025,2,41.0,35.0,35.0,34.0,41.0,6.6,36.6,183.0,13725
604330,COLEGIO TALENTOS - SEDE PRINCIPAL,BOGOTÁ D.C.,2020,6,50.0,53.0,50.0,53.0,55.0,12.0,51.8,259.0,3398
604330,COLEGIO TALENTOS - SEDE PRINCIPAL,BOGOTÁ D.C.,2021,7,50.0,47.0,44.0,45.0,54.0,11.0,47.1,235.5,6590
604330,COLEGIO TALENTOS - SEDE PRINCIPAL,BOGOTÁ D.C.,2022,10,58.0,54.0,54.0,54.0,58.0,10.0,55.2,276.0,2495
604330,COLEGIO TALENTOS - SEDE PRINCIPAL,BOGOTÁ D.C.,2024,4,63.0,54.0,56.0,55.0,61.0,4.8,57.3,286.5,2211
604330,COLEGIO TALENTOS - SEDE PRINCIPAL,BOGOTÁ D.C.,2025,1,37.0,42.0,34.0,33.0,48.0,0.0,37.4,187.0,13537
140657,COLEGIO INSTITUTO SANTIAGO DE COMPOSTELA - SEDE PRINCIPAL,BOGOTÁ D.C.,2020,15,50.0,44.0,48.0,43.0,42.0,11.0,45.9,229.5,7707
140657,COLEGIO INSTITUTO SANTIAGO DE COMPOSTELA - SEDE PRINCIPAL,BOGOTÁ D.C.,2021,32,47.0,43.0,45.0,43.0,43.0,8.2,44.4,222.0,8581
140657,COLEGIO INSTITUTO SANTIAGO DE COMPOSTELA - SEDE PRINCIPAL,BOGOTÁ D.C.,2022,47,45.0,40.0,40.0,40.0,40.0,9.4,41.2,206.0,11510
140657,COLEGIO INSTITUTO SANTIAGO DE COMPOSTELA - SEDE PRINCIPAL,BOGOTÁ D.C.,2023,25,45.0,43.0,44.0,44.0,42.0,8.8,43.8,219.0,10339
140657,COLEGIO INSTITUTO SANTIAGO DE COMPOSTELA - SEDE PRINCIPAL,BOGOTÁ D.C.,2024,13,45.0,42.0,42.0,42.0,44.0,7.0,42.8,214.0,11004
140657,COLEGIO INSTITUTO SANTIAGO DE COMPOSTELA - SEDE PRINCIPAL,BOGOTÁ D.C.,2025,1,32.0,26.0,30.0,32.0,29.0,0.0,29.9,149.5,14289
