{
"type": "FeatureCollection",
"name": "MatriculaTotal04_2024",
"crs": { "type": "name", "properties": { "name": "urn:ogc:def:crs:EPSG::3857" } },
"features": [
{ "type": "Feature", "properties": { "NOMBRE_EST": "COLEGIO AQUILEO PARRA (IED)", "NOMBRE_SED": "AQUILEO PARRA", "ORDEN_DE_S": "A", "DIRECCION": "KR 18 A # 187 - 67/65", "DISCAPACID": "FISICA-INTELECTUAL-MENTAL/PSICOSOCIAL-MULTIPLE-SORDOCEGUERA-VISUAL", "TALENTOS_O": "CAPACIDADES EXCEPCIONALES-TALENTO EXCEPCIONAL EN ACTIVIDAD FISICA, EJERCICIO Y DEPORTE-TALENTO EXCEPCIONAL EN ARTES Y LETRAS-TALENTO EXCEPCIONAL EN LIDERAZGO SOCIAL Y EMPRENDIMIENTO", "GRUPOS_ETN": "AFRODESCENDIENTES-INDIGENAS-NEGRITUDES", "SECTOR": 2, "NATU_JUR": 9, "CALENDARIO": 1, "GENERO": 5, "COD_LOCA": "01", "ESPECIALID": 1, "CLASE_TIPO": 1, "BILINGUE": 5, "FECHA": "2024-04-30", "DANE12_EST": "111001000132", "DANE12_SED": "111001000132", "DA_HIPOACU": 0, "DA_SORDERA": 0, "DA_LENGUAS": 0, "DA_UCASTEL": 0, "DISCAP_FIS": 5, "DISCAP_FLE": 0, "DISCAP_PCE": 0, "DI_DCOGNIT": 34, "DI_SDOWN": 0, "DIS_MULTIP": 20, "DIS_PSICOS": 2, "DV_BAJAVIS": 2, "DIS_CEGUER": 0, "T_ESPECTRO": 0, "T_VOZ_Y_HA": 0, "SISTEMICA": 0, "SORDOCEGUE": 2, "OTRA": 0, "TOT_EST_MA": 65, "AFRODESCEN": 23, "INDIGENAS": 18, "NEGRITUDES": 11, "PALENQUERO": 0, "RAIZALES": 1, "ROM": 0, "TOT_EST_ET": 53, "CAPACID_EX": 2, "DOBLE_EXCE": 0, "TE_ACTFISI": 2, "TE_ARTES": 0, "TE_CNATUR": 0, "TE_CSOCIAL": 0, "TE_LDSOCIA": 0, "TE_TECNOLO": 0, "TOT_EST_CA": 2, "TMATRIC_GE": 2677, "Zona": 1 }, "geometry": { "type": "Point", "coordinates": [ -8242002.850099999457598, 531131.023800000548363 ] } },
{ "type": "Feature", "properties": { "NOMBRE_EST": "COLEGIO AGUSTIN FERNANDEZ (IED)", "NOMBRE_SED": "AGUSTIN FERNANDEZ", "ORDEN_DE_S": "A", "DIRECCION": "KR 7 # 155 - 20", "DISCAPACID": "AUDITIVA-FISICA-INTELECTUAL-MENTAL/PSICOSOCIAL-MULTIPLE", "TALENTOS_O": "CAPACIDADES EXCEPCIONALES-TALENTO EXCEPCIONAL EN ACTIVIDAD FISICA, EJERCICIO Y DEPORTE-TALENTO EXCEPCIONAL EN LIDERAZGO SOCIAL Y EMPRENDIMIENTO", "GRUPOS_ETN": "AFRODESCENDIENTES-INDIGENAS-NEGRITUDES", "SECTOR": 2, "NATU_JUR": 9, "CALENDARIO": 1, "GENERO": 5, "COD_LOCA": "01", "ESPECIALID": 1, "CLASE_TIPO": 1, "BILINGUE": 5, "FECHA": "2024-04-30", "DANE12_EST": "111001029955", "DANE12_SED": "111001029955", "DA_HIPOACU": 0, "DA_SORDERA": 0, "DA_LENGUAS": 0, "DA_UCASTEL": 0, "DISCAP_FIS": 2, "DISCAP_FLE": 0, "DISCAP_PCE": 0, "DI_DCOGNIT": 45, "DI_SDOWN": 0, "DIS_MULTIP": 6, "DIS_PSICOS": 1, "DV_BAJAVIS": 0, "DIS_CEGUER": 0, "T_ESPECTRO": 0, "T_VOZ_Y_HA": 0, "SISTEMICA": 0, "SORDOCEGUE": 0, "OTRA": 0, "TOT_EST_MA": 55, "AFRODESCEN": 15, "INDIGENAS": 6, "NEGRITUDES": 8, "PALENQUERO": 0, "RAIZALES": 0, "ROM": 0, "TOT_EST_ET": 29, "CAPACID_EX": 0, "DOBLE_EXCE": 0, "TE_ACTFISI": 0, "TE_ARTES": 0, "TE_CNATUR": 0, "TE_CSOCIAL": 0, "TE_LDSOCIA": 0, "TE_TECNOLO": 0, "TOT_EST_CA": 0, "TMATRIC_GE": 1304, "Zona": 1 }, "geometry": { "type": "Point", "coordinates": [ -8240325.387800000607967, 527100.816799998283386 ] } },
{ "type": "Feature", "properties": { "NOMBRE_EST": "COLEGIO AGUSTIN FERNANDEZ (IED)", "NOMBRE_SED": "SAN BERNARDO", "ORDEN_DE_S": "B", "DIRECCION": "KR 1 A ESTE # 161 - 24  --  KR 1 A # 161 - 24", "DISCAPACID": "INTELECTUAL-MULTIPLE", "TALENTOS_O": "CAPACIDADES EXCEPCIONALES-TALENTO EXCEPCIONAL EN ACTIVIDAD FISICA, EJERCICIO Y DEPORTE-TALENTO EXCEPCIONAL EN LIDERAZGO SOCIAL Y EMPRENDIMIENTO", "GRUPOS_ETN": "AFRODESCENDIENTES-INDIGENAS", "SECTOR": 2, "NATU_JUR": 9, "CALENDARIO": 1, "GENERO": 5, "COD_LOCA": "01", "ESPECIALID": 13, "CLASE_TIPO": 1, "BILINGUE": 5, "FECHA": "2024-04-30", "DANE12_EST": "111001029955", "DANE12_SED": "111848000244", "DA_HIPOACU": 0, "DA_SORDERA": 0, "DA_LENGUAS": 0, "DA_UCASTEL": 0, "DISCAP_FIS": 0, "DISCAP_FLE": 0, "DISCAP_PCE": 0, "DI_DCOGNIT": 7, "DI_SDOWN": 0, "DIS_MULTIP": 1, "DIS_PSICOS": 0, "DV_BAJAVIS": 0, "DIS_CEGUER": 0, "T_ESPECTRO": 0, "T_VOZ_Y_HA": 0, "SISTEMICA": 0, "SORDOCEGUE": 0, "OTRA": 0, "TOT_EST_MA": 8, "AFRODESCEN": 3, "INDIGENAS": 0, "NEGRITUDES": 0, "PALENQUERO": 0, "RAIZALES": 0, "ROM": 0, "TOT_EST_ET": 3, "CAPACID_EX": 0, "DOBLE_EXCE": 0, "TE_ACTFISI": 0, "TE_ARTES": 0, "TE_CNATUR": 0, "TE_CSOCIAL": 0, "TE_LDSOCIA": 0, "TE_TECNOLO": 0, "TOT_EST_CA": 0, "TMATRIC_GE": 215, "Zona": 1 }, "geometry": { "type": "Point", "coordinates": [ -8239609.692600000649691, 527423.232700001448393 ] } },
{ "type": "Feature", "properties": { "NOMBRE_EST": "COLEGIO AGUSTIN FERNANDEZ (IED)", "NOMBRE_SED": "SANTA CECILIA ALTA", "ORDEN_DE_S": "C", "DIRECCION": "KR 1 ESTE # 163 - 60", "DISCAPACID": "INTELECTUAL", "TALENTOS_O": "TALENTO EXCEPCIONAL EN ACTIVIDAD FISICA, EJERCICIO Y DEPORTE-TALENTO EXCEPCIONAL EN CIENCIAS SOCIALES O HUMANAS-TALENTO EXCEPCIONAL EN LIDERAZGO SOCIAL Y EMPRENDIMIENTO", "GRUPOS_ETN": "AFRODESCENDIENTES-INDIGENAS", "SECTOR": 2, "NATU_JUR": 9, "CALENDARIO": 1, "GENERO": 5, "COD_LOCA": "01", "ESPECIALID": 13, "CLASE_TIPO": 1, "BILINGUE": 5, "FECHA": "2024-04-30", "DANE12_EST": "111001029955", "DANE12_SED": "111848003456", "DA_HIPOACU": 0, "DA_SORDERA": 0, "DA_LENGUAS": 0, "DA_UCASTEL": 0, "DISCAP_FIS": 0, "DISCAP_FLE": 0, "DISCAP_PCE": 0, "DI_DCOGNIT": 12, "DI_SDOWN": 0, "DIS_MULTIP": 0, "DIS_PSICOS": 0, "DV_BAJAVIS": 0, "DIS_CEGUER": 0, "T_ESPECTRO": 0, "T_VOZ_Y_HA": 0, "SISTEMICA": 0, "SORDOCEGUE": 0, "OTRA": 0, "TOT_EST_MA": 12, "AFRODESCEN": 3, "INDIGENAS": 1, "NEGRITUDES": 0, "PALENQUERO": 0, "RAIZALES": 0, "ROM": 0, "TOT_EST_ET": 4, "CAPACID_EX": 0, "DOBLE_EXCE": 0, "TE_ACTFISI": 0, "TE_ARTES": 0, "TE_CNATUR": 0, "TE_CSOCIAL": 0, "TE_LDSOCIA": 0, "TE_TECNOLO": 0, "TOT_EST_CA": 0, "TMATRIC_GE": 416, "Zona": 1 }, "geometry": { "type": "Point", "coordinates": [ -8239441.806099999696016, 527704.9831000007689 ] } },
{ "type": "Feature", "properties": { "NOMBRE_EST": "COLEGIO AGUSTIN FERNANDEZ (IED)", "NOMBRE_SED": "LOS PISINGOS", "ORDEN_DE_S": "D", "DIRECCION": "KR 7 # 158 - 41", "DISCAPACID": "AUDITIVA-INTELECTUAL-MULTIPLE", "TALENTOS_O": "TALENTO EXCEPCIONAL EN ACTIVIDAD FISICA, EJERCICIO Y DEPORTE-TALENTO EXCEPCIONAL EN ARTES Y LETRAS-TALENTO EXCEPCIONAL EN LIDERAZGO SOCIAL Y EMPRENDIMIENTO", "GRUPOS_ETN": "AFRODESCENDIENTES-INDIGENAS", "SECTOR": 2, "NATU_JUR": 9, "CALENDARIO": 1, "GENERO": 5, "COD_LOCA": "01", "ESPECIALID": 13, "CLASE_TIPO": 1, "BILINGUE": 5, "FECHA": "2024-04-30", "DANE12_EST": "111001029955", "DANE12_SED": "111001800920", "DA_HIPOACU": 0, "DA_SORDERA": 0, "DA_LENGUAS": 0, "DA_UCASTEL": 0, "DISCAP_FIS": 0, "DISCAP_FLE": 0, "DISCAP_PCE": 0, "DI_DCOGNIT": 11, "DI_SDOWN": 0, "DIS_MULTIP": 4, "DIS_PSICOS": 1, "DV_BAJAVIS": 0, "DIS_CEGUER": 0, "T_ESPECTRO": 0, "T_VOZ_Y_HA": 0, "SISTEMICA": 0, "SORDOCEGUE": 0, "OTRA": 0, "TOT_EST_MA": 17, "AFRODESCEN": 0, "INDIGENAS": 2, "NEGRITUDES": 0, "PALENQUERO": 0, "RAIZALES": 0, "ROM": 0, "TOT_EST_ET": 2, "CAPACID_EX": 0, "DOBLE_EXCE": 0, "TE_ACTFISI": 0, "TE_ARTES": 0, "TE_CNATUR": 0, "TE_CSOCIAL": 0, "TE_LDSOCIA": 0, "TE_TECNOLO": 0, "TOT_EST_CA": 0, "TMATRIC_GE": 220, "Zona": 1 }, "geometry": { "type": "Point", "coordinates": [ -8240364.936300000175834, 527535.545899998396635 ] } },
{ "type": "Feature", "properties": { "NOMBRE_EST": "COLEGIO FRIEDRICH NAUMANN (IED)", "NOMBRE_SED": "FRIEDRICH NAUMANN", "ORDEN_DE_S": "A", "DIRECCION": "AK 7 # 171 B - 26", "DISCAPACID": "AUDITIVA-FISICA-INTELECTUAL-MENTAL/PSICOSOCIAL-MULTIPLE", "TALENTOS_O": "TALENTO EXCEPCIONAL EN ACTIVIDAD FISICA, EJERCICIO Y DEPORTE", "GRUPOS_ETN": "AFRODESCENDIENTES-INDIGENAS-NEGRITUDES", "SECTOR": 2, "NATU_JUR": 9, "CALENDARIO": 1, "GENERO": 5, "COD_LOCA": "01", "ESPECIALID": 1, "CLASE_TIPO": 1, "BILINGUE": 5, "FECHA": "2024-04-30", "DANE12_EST": "111001044806", "DANE12_SED": "111001044806", "DA_HIPOACU": 3, "DA_SORDERA": 0, "DA_LENGUAS": 0, "DA_UCASTEL": 0, "DISCAP_FIS": 4, "DISCAP_FLE": 0, "DISCAP_PCE": 0, "DI_DCOGNIT": 16, "DI_SDOWN": 0, "DIS_MULTIP": 9, "DIS_PSICOS": 1, "DV_BAJAVIS": 0, "DIS_CEGUER": 0, "T_ESPECTRO": 0, "T_VOZ_Y_HA": 0, "SISTEMICA": 0, "SORDOCEGUE": 0, "OTRA": 0, "TOT_EST_MA": 33, "AFRODESCEN": 5, "INDIGENAS": 6, "NEGRITUDES": 4, "PALENQUERO": 0, "RAIZALES": 0, "ROM": 0, "TOT_EST_ET": 15, "CAPACID_EX": 0, "DOBLE_EXCE": 0, "TE_ACTFISI": 0, "TE_ARTES": 0, "TE_CNATUR": 0, "TE_CSOCIAL": 0, "TE_LDSOCIA": 0, "TE_TECNOLO": 0, "TOT_EST_CA": 0, "TMATRIC_GE": 851, "Zona": 1 }, "geometry": { "type": "Point", "coordinates": [ -8240226.312400000169873, 529285.699200000613928 ] } },
{ "type": "Feature", "properties": { "NOMBRE_EST": "COLEGIO FRIEDRICH NAUMANN (IED)", "NOMBRE_SED": "EL CODITO", "ORDEN_DE_S": "B", "DIRECCION": "CL 182 # 6 - 30", "DISCAPACID": "AUDITIVA-INTELECTUAL-MULTIPLE", "TALENTOS_O": "TALENTO EXCEPCIONAL EN LIDERAZGO SOCIAL Y EMPRENDIMIENTO", "GRUPOS_ETN": "AFRODESCENDIENTES-INDIGENAS", "SECTOR": 2, "NATU_JUR": 9, "CALENDARIO": 1, "GENERO": 5, "COD_LOCA": "01", "ESPECIALID": 13, "CLASE_TIPO": 1, "BILINGUE": 5, "FECHA": "2024-04-30", "DANE12_EST": "111001044806", "DANE12_SED": "111848000198", "DA_HIPOACU": 0, "DA_SORDERA": 0, "DA_LENGUAS": 0, "DA_UCASTEL": 0, "DISCAP_FIS": 2, "DISCAP_FLE": 0, "DISCAP_PCE": 0, "DI_DCOGNIT": 7, "DI_SDOWN": 0, "DIS_MULTIP": 3, "DIS_PSICOS": 0, "DV_BAJAVIS": 0, "DIS_CEGUER": 0, "T_ESPECTRO": 0, "T_VOZ_Y_HA": 0, "SISTEMICA": 0, "SORDOCEGUE": 0, "OTRA": 0, "TOT_EST_MA": 12, "AFRODESCEN": 2, "INDIGENAS": 1, "NEGRITUDES": 1, "PALENQUERO": 0, "RAIZALES": 0, "ROM": 0, "TOT_EST_ET": 4, "CAPACID_EX": 0, "DOBLE_EXCE": 0, "TE_ACTFISI": 0, "TE_ARTES": 0, "TE_CNATUR": 0, "TE_CSOCIAL": 0, "TE_LDSOCIA": 0, "TE_TECNOLO": 0, "TOT_EST_CA": 0, "TMATRIC_GE": 518, "Zona": 1 }, "geometry": { "type": "Point", "coordinates": [ -8240485.503100000321865, 530365.132699999958277 ] } },
{ "type": "Feature", "properties": { "NOMBRE_EST": "COLEGIO TOBERIN (IED)", "NOMBRE_SED": "TOBERIN", "ORDEN_DE_S": "A", "DIRECCION": "CL 166 # 16 C - 15", "DISCAPACID": "AUDITIVA-FISICA-INTELECTUAL-MENTAL/PSICOSOCIAL-MULTIPLE", "TALENTOS_O": "TALENTO EXCEPCIONAL EN ACTIVIDAD FISICA, EJERCICIO Y DEPORTE-TALENTO EXCEPCIONAL EN ARTES Y LETRAS-TALENTO EXCEPCIONAL EN CIENCIAS NATURALES O BASICAS-TALENTO EXCEPCIONAL EN LIDERAZGO SOCIAL Y EMPRENDIMIENTO-TALENTO EXCEPCIONAL EN TECNOLOGIA", "GRUPOS_ETN": "AFRODESCENDIENTES-INDIGENAS-NEGRITUDES", "SECTOR": 2, "NATU_JUR": 9, "CALENDARIO": 1, "GENERO": 5, "COD_LOCA": "01", "ESPECIALID": 1, "CLASE_TIPO": 1, "BILINGUE": 5, "FECHA": "2024-04-30", "DANE12_EST": "111001046957", "DANE12_SED": "111001046957", "DA_HIPOACU": 4, "DA_SORDERA": 0, "DA_LENGUAS": 0, "DA_UCASTEL": 0, "DISCAP_FIS": 2, "DISCAP_FLE": 0, "DISCAP_PCE": 0, "DI_DCOGNIT": 28, "DI_SDOWN": 0, "DIS_MULTIP": 10, "DIS_PSICOS": 0, "DV_BAJAVIS": 0, "DIS_CEGUER": 0, "T_ESPECTRO": 0, "T_VOZ_Y_HA": 0, "SISTEMICA": 0, "SORDOCEGUE": 0, "OTRA": 0, "TOT_EST_MA": 44, "AFRODESCEN": 6, "INDIGENAS": 6, "NEGRITUDES": 4, "PALENQUERO": 0, "RAIZALES": 0, "ROM": 0, "TOT_EST_ET": 16, "CAPACID_EX": 1, "DOBLE_EXCE": 0, "TE_ACTFISI": 0, "TE_ARTES": 0, "TE_CNATUR": 0, "TE_CSOCIAL": 0, "TE_LDSOCIA": 0, "TE_TECNOLO": 1, "TOT_EST_CA": 1, "TMATRIC_GE": 1336, "Zona": 1 }, "geometry": { "type": "Point", "coordinates": [ -8242038.074899999424815, 528862.096700001507998 ] } },
{ "type": "Feature", "properties": { "NOMBRE_EST": "COLEGIO TOBERIN (IED)", "NOMBRE_SED": "BABILONIA", "ORDEN_DE_S": "B", "DIRECCION": "KR 14 C # 164 - 75", "DISCAPACID": "AUDITIVA-FISICA-INTELECTUAL-MENTAL/PSICOSOCIAL-MULTIPLE-VISUAL", "TALENTOS_O": "CAPACIDADES EXCEPCIONALES-TALENTO EXCEPCIONAL EN ACTIVIDAD FISICA, EJERCICIO Y DEPORTE-TALENTO EXCEPCIONAL EN ARTES Y LETRAS-TALENTO EXCEPCIONAL EN CIENCIAS NATURALES O BASICAS", "GRUPOS_ETN": "AFRODESCENDIENTES-INDIGENAS-NEGRITUDES-RAIZALES", "SECTOR": 2, "NATU_JUR": 9, "CALENDARIO": 1, "GENERO": 5, "COD_LOCA": "01", "ESPECIALID": 13, "CLASE_TIPO": 1, "BILINGUE": 5, "FECHA": "2024-04-30", "DANE12_EST": "111001046957", "DANE12_SED": "111001086843", "DA_HIPOACU": 2, "DA_SORDERA": 0, "DA_LENGUAS": 0, "DA_UCASTEL": 0, "DISCAP_FIS": 1, "DISCAP_FLE": 0, "DISCAP_PCE": 0, "DI_DCOGNIT": 10, "DI_SDOWN": 0, "DIS_MULTIP": 5, "DIS_PSICOS": 1, "DV_BAJAVIS": 2, "DIS_CEGUER": 0, "T_ESPECTRO": 0, "T_VOZ_Y_HA": 0, "SISTEMICA": 0, "SORDOCEGUE": 0, "OTRA": 0, "TOT_EST_MA": 21, "AFRODESCEN": 4, "INDIGENAS": 2, "NEGRITUDES": 0, "PALENQUERO": 0, "RAIZALES": 1, "ROM": 0, "TOT_EST_ET": 7, "CAPACID_EX": 1, "DOBLE_EXCE": 0, "TE_ACTFISI": 1, "TE_ARTES": 0, "TE_CNATUR": 0, "TE_CSOCIAL": 0, "TE_LDSOCIA": 0, "TE_TECNOLO": 0, "TOT_EST_CA": 1, "TMATRIC_GE": 831, "Zona": 1 }, "geometry": { "type": "Point", "coordinates": [ -8241617.113600000739098, 528591.957100000232458 ] } },
{ "type": "Feature", "properties": { "NOMBRE_EST": "COLEGIO TOBERIN (IED)", "NOMBRE_SED": "LAS ORQUIDEAS", "ORDEN_DE_S": "C", "DIRECCION": "KR 17 # 163 A - 22", "DISCAPACID": "INTELECTUAL", "TALENTOS_O": "TALENTO EXCEPCIONAL EN ACTIVIDAD FISICA, EJERCICIO Y DEPORTE-TALENTO EXCEPCIONAL EN ARTES Y LETRAS", "GRUPOS_ETN": "AFRODESCENDIENTES-INDIGENAS", "SECTOR": 2, "NATU_JUR": 9, "CALENDARIO": 1, "GENERO": 5, "COD_LOCA": "01", "ESPECIALID": 13, "CLASE_TIPO": 1, "BILINGUE": 5, "FECHA": "2024-04-30", "DANE12_EST": "111001046957", "DANE12_SED": "111848000082", "DA_HIPOACU": 0, "DA_SORDERA": 0, "DA_LENGUAS": 0, "DA_UCASTEL": 0, "DISCAP_FIS": 1, "DISCAP_FLE": 0, "DISCAP_PCE": 0, "DI_DCOGNIT": 2, "DI_SDOWN": 0, "DIS_MULTIP": 0, "DIS_PSICOS": 0, "DV_BAJAVIS": 0, "DIS_CEGUER": 0, "T_ESPECTRO": 0, "T_VOZ_Y_HA": 0, "SISTEMICA": 0, "SORDOCEGUE": 0, "OTRA": 0, "TOT_EST_MA": 3, "AFRODESCEN": 3, "INDIGENAS": 3, "NEGRITUDES": 0, "PALENQUERO": 0, "RAIZALES": 0, "ROM": 0, "TOT_EST_ET": 6, "CAPACID_EX": 0, "DOBLE_EXCE": 0, "TE_ACTFISI": 0, "TE_ARTES": 0, "TE_CNATUR": 0, "TE_CSOCIAL": 0, "TE_LDSOCIA": 0, "TE_TECNOLO": 0, "TOT_EST_CA": 0, "TMATRIC_GE": 520, "Zona": 1 }, "geometry": { "type": "Point", "coordinates": [ -8242145.646299999207258, 528597.609900001436472 ] } },
{ "type": "Feature", "properties": { "NOMBRE_EST": "COLEGIO NUEVO HORIZONTE (IED)", "NOMBRE_SED": "NUEVO HORIZONTE", "ORDEN_DE_S": "A", "DIRECCION": "KR 5 B # 189 B - 30", "DISCAPACID": "AUDITIVA-FISICA-INTELECTUAL-MENTAL/PSICOSOCIAL-MULTIPLE", "TALENTOS_O": "TALENTO EXCEPCIONAL EN ACTIVIDAD FISICA, EJERCICIO Y DEPORTE-TALENTO EXCEPCIONAL EN ARTES Y LETRAS", "GRUPOS_ETN": "AFRODESCENDIENTES-INDIGENAS-NEGRITUDES", "SECTOR": 2, "NATU_JUR": 9, "CALENDARIO": 1, "GENERO": 5, "COD_LOCA": "01", "ESPECIALID": 1, "CLASE_TIPO": 1, "BILINGUE": 5, "FECHA": "2024-04-30", "DANE12_EST": "111001086681", "DANE12_SED": "111001086681", "DA_HIPOACU": 0, "DA_SORDERA": 0, "DA_LENGUAS": 0, "DA_UCASTEL": 0, "DISCAP_FIS": 4, "DISCAP_FLE": 0, "DISCAP_PCE": 0, "DI_DCOGNIT": 20, "DI_SDOWN": 0, "DIS_MULTIP": 2, "DIS_PSICOS": 1, "DV_BAJAVIS": 0, "DIS_CEGUER": 0, "T_ESPECTRO": 0, "T_VOZ_Y_HA": 0, "SISTEMICA": 0, "SORDOCEGUE": 1, "OTRA": 0, "TOT_EST_MA": 28, "AFRODESCEN": 16, "INDIGENAS": 13, "NEGRITUDES": 17, "PALENQUERO": 1, "RAIZALES": 0, "ROM": 0, "TOT_EST_ET": 47, "CAPACID_EX": 0, "DOBLE_EXCE": 0, "TE_ACTFISI": 0, "TE_ARTES": 0, "TE_CNATUR": 0, "TE_CSOCIAL": 0, "TE_LDSOCIA": 0, "TE_TECNOLO": 0, "TOT_EST_CA": 0, "TMATRIC_GE": 1030, "Zona": 1 }, "geometry": { "type": "Point", "coordinates": [ -8240516.59569999948144, 531256.945000000298023 ] } },
{ "type": "Feature", "properties": { "NOMBRE_EST": "COLEGIO NUEVO HORIZONTE (IED)", "NOMBRE_SED": "BUENAVISTA", "ORDEN_DE_S": "B", "DIRECCION": "CL 190 # 4 - 15", "DISCAPACID": "AUDITIVA-FISICA-INTELECTUAL-MENTAL/PSICOSOCIAL-MULTIPLE-SORDOCEGUERA", "TALENTOS_O": "TALENTO EXCEPCIONAL EN ACTIVIDAD FISICA, EJERCICIO Y DEPORTE-TALENTO EXCEPCIONAL EN ARTES Y LETRAS", "GRUPOS_ETN": "AFRODESCENDIENTES-INDIGENAS-NEGRITUDES", "SECTOR": 2, "NATU_JUR": 9, "CALENDARIO": 1, "GENERO": 5, "COD_LOCA": "01", "ESPECIALID": 13, "CLASE_TIPO": 1, "BILINGUE": 5, "FECHA": "2024-04-30", "DANE12_EST": "111001086681", "DANE12_SED": "111848004053", "DA_HIPOACU": 2, "DA_SORDERA": 0, "DA_LENGUAS": 0, "DA_UCASTEL": 0, "DISCAP_FIS": 1, "DISCAP_FLE": 0, "DISCAP_PCE": 0, "DI_DCOGNIT": 17, "DI_SDOWN": 0, "DIS_MULTIP": 2, "DIS_PSICOS": 0, "DV_BAJAVIS": 0, "DIS_CEGUER": 0, "T_ESPECTRO": 0, "T_VOZ_Y_HA": 0, "SISTEMICA": 0, "SORDOCEGUE": 0, "OTRA": 0, "TOT_EST_MA": 22, "AFRODESCEN": 12, "INDIGENAS": 8, "NEGRITUDES": 4, "PALENQUERO": 1, "RAIZALES": 0, "ROM": 0, "TOT_EST_ET": 25, "CAPACID_EX": 0, "DOBLE_EXCE": 0, "TE_ACTFISI": 0, "TE_ARTES": 0, "TE_CNATUR": 0, "TE_CSOCIAL": 0, "TE_LDSOCIA": 0, "TE_TECNOLO": 0, "TOT_EST_CA": 0, "TMATRIC_GE": 732, "Zona": 1 }, "geometry": { "type": "Point", "coordinates": [ -8240356.337999999523163, 531267.228500001132488 ] } },
{ "type": "Feature", "properties": { "NOMBRE_EST": "COLEGIO NUEVO HORIZONTE (IED)", "NOMBRE_SED": "HORIZONTE", "ORDEN_DE_S": "C", "DIRECCION": "KR 3 # 186 B - 04", "DISCAPACID": "AUDITIVA-INTELECTUAL", "TALENTOS_O": "CAPACIDADES EXCEPCIONALES-TALENTO EXCEPCIONAL EN ACTIVIDAD FISICA, EJERCICIO Y DEPORTE-TALENTO EXCEPCIONAL EN ARTES Y LETRAS-TALENTO EXCEPCIONAL EN CIENCIAS NATURALES O BASICAS-TALENTO EXCEPCIONAL EN TECNOLOGIA", "GRUPOS_ETN": "AFRODESCENDIENTES-INDIGENAS-NEGRITUDES", "SECTOR": 2, "NATU_JUR": 9, "CALENDARIO": 1, "GENERO": 5, "COD_LOCA": "01", "ESPECIALID": 13, "CLASE_TIPO": 1, "BILINGUE": 5, "FECHA": "2024-04-30", "DANE12_EST": "111001086681", "DANE12_SED": "111001041629", "DA_HIPOACU": 0, "DA_SORDERA": 0, "DA_LENGUAS": 0, "DA_UCASTEL": 0, "DISCAP_FIS": 0, "DISCAP_FLE": 0, "DISCAP_PCE": 0, "DI_DCOGNIT": 9, "DI_SDOWN": 0, "DIS_MULTIP": 2, "DIS_PSICOS": 0, "DV_BAJAVIS": 0, "DIS_CEGUER": 0, "T_ESPECTRO": 0, "T_VOZ_Y_HA": 0, "SISTEMICA": 0, "SORDOCEGUE": 0, "OTRA": 0, "TOT_EST_MA": 12, "AFRODESCEN": 5, "INDIGENAS": 3, "NEGRITUDES": 1, "PALENQUERO": 0, "RAIZALES": 0, "ROM": 0, "TOT_EST_ET": 9, "CAPACID_EX": 1, "DOBLE_EXCE": 0, "TE_ACTFISI": 1, "TE_ARTES": 0, "TE_CNATUR": 0, "TE_CSOCIAL": 0, "TE_LDSOCIA": 0, "TE_TECNOLO": 0, "TOT_EST_CA": 1, "TMATRIC_GE": 691, "Zona": 2 }, "geometry": { "type": "Point", "coordinates": [ -8240214.205299999564886, 530823.594200000166893 ] } },
{ "type": "Feature", "properties": { "NOMBRE_EST": "COLEGIO NUEVO HORIZONTE (IED)", "NOMBRE_SED": "TORCA", "ORDEN_DE_S": "D", "DIRECCION": "KR 7 CL 224 COSTADO SUR ORIENTAL", "DISCAPACID": "AUDITIVA-INTELECTUAL-MENTAL/PSICOSOCIAL-MULTIPLE", "TALENTOS_O": "TALENTO EXCEPCIONAL EN ACTIVIDAD FISICA, EJERCICIO Y DEPORTE", "GRUPOS_ETN": "INDIGENAS", "SECTOR": 2, "NATU_JUR": 9, "CALENDARIO": 1, "GENERO": 5, "COD_LOCA": "01", "ESPECIALID": 1, "CLASE_TIPO": 1, "BILINGUE": 5, "FECHA": "2024-04-30", "DANE12_EST": "111001086681", "DANE12_SED": "211848000141", "DA_HIPOACU": 0, "DA_SORDERA": 0, "DA_LENGUAS": 0, "DA_UCASTEL": 0, "DISCAP_FIS": 0, "DISCAP_FLE": 0, "DISCAP_PCE": 0, "DI_DCOGNIT": 8, "DI_SDOWN": 0, "DIS_MULTIP": 1, "DIS_PSICOS": 1, "DV_BAJAVIS": 0, "DIS_CEGUER": 0, "T_ESPECTRO": 0, "T_VOZ_Y_HA": 0, "SISTEMICA": 0, "SORDOCEGUE": 0, "OTRA": 0, "TOT_EST_MA": 10, "AFRODESCEN": 0, "INDIGENAS": 0, "NEGRITUDES": 0, "PALENQUERO": 0, "RAIZALES": 0, "ROM": 0, "TOT_EST_ET": 0, "CAPACID_EX": 0, "DOBLE_EXCE": 0, "TE_ACTFISI": 0, "TE_ARTES": 0, "TE_CNATUR": 0, "TE_CSOCIAL": 0, "TE_LDSOCIA": 0, "TE_TECNOLO": 0, "TOT_EST_CA": 0, "TMATRIC_GE": 386, "Zona": 2 }, "geometry": { "type": "Point", "coordinates": [ -8240874.71169999986887, 534968.268500000238419 ] } },
{ "type": "Feature", "properties": { "NOMBRE_EST": "COLEGIO LA ESTRELLITA (IED)", "NOMBRE_SED": "COLEGIO LA ESTRELLITA (IED) - SEDE PRINCIPAL", "ORDEN_DE_S": "A", "DIRECCION": "KR 4 # 187 B - 37", "DISCAPACID": "AUDITIVA-FISICA-INTELECTUAL-MULTIPLE", "TALENTOS_O": "TALENTO EXCEPCIONAL EN ACTIVIDAD FISICA, EJERCICIO Y DEPORTE-TALENTO EXCEPCIONAL EN ARTES Y LETRAS-TALENTO EXCEPCIONAL EN LIDERAZGO SOCIAL Y EMPRENDIMIENTO-TALENTO EXCEPCIONAL EN TECNOLOGIA", "GRUPOS_ETN": "AFRODESCENDIENTES-INDIGENAS-NEGRITUDES", "SECTOR": 2, "NATU_JUR": 9, "CALENDARIO": 1, "GENERO": 5, "COD_LOCA": "01", "ESPECIALID": 1, "CLASE_TIPO": 2, "BILINGUE": 5, "FECHA": "2024-04-30", "DANE12_EST": "111001098612", "DANE12_SED": "111001098612", "DA_HIPOACU": 0, "DA_SORDERA": 0, "DA_LENGUAS": 0, "DA_UCASTEL": 0, "DISCAP_FIS": 1, "DISCAP_FLE": 0, "DISCAP_PCE": 0, "DI_DCOGNIT": 5, "DI_SDOWN": 0, "DIS_MULTIP": 3, "DIS_PSICOS": 0, "DV_BAJAVIS": 0, "DIS_CEGUER": 0, "T_ESPECTRO": 0, "T_VOZ_Y_HA": 0, "SISTEMICA": 0, "SORDOCEGUE": 0, "OTRA": 0, "TOT_EST_MA": 9, "AFRODESCEN": 2, "INDIGENAS": 6, "NEGRITUDES": 1, "PALENQUERO": 0, "RAIZALES": 0, "ROM": 0, "TOT_EST_ET": 9, "CAPACID_EX": 0, "DOBLE_EXCE": 0, "TE_ACTFISI": 0, "TE_ARTES": 0, "TE_CNATUR": 0, "TE_CSOCIAL": 0, "TE_LDSOCIA": 0, "TE_TECNOLO": 0, "TOT_EST_CA": 0, "TMATRIC_GE": 1220, "Zona": 1 }, "geometry": { "type": "Point", "coordinates": [ -8240320.03999999910593, 530979.791400000452995 ] } },
{ "type": "Feature", "properties": { "NOMBRE_EST": "COLEGIO SALUDCOOP NORTE (IED)", "NOMBRE_SED": "SALUDCOOP NORTE", "ORDEN_DE_S": "A", "DIRECCION": "CL 181 # 18 B - 83", "DISCAPACID": "AUDITIVA-FISICA-INTELECTUAL-MENTAL/PSICOSOCIAL-MULTIPLE-VISUAL", "TALENTOS_O": "CAPACIDADES EXCEPCIONALES-TALENTO EXCEPCIONAL EN ACTIVIDAD FISICA, EJERCICIO Y DEPORTE-TALENTO EXCEPCIONAL EN ARTES Y LETRAS-TALENTO EXCEPCIONAL EN CIENCIAS SOCIALES O HUMANAS-TALENTO EXCEPCIONAL EN LIDERAZGO SOCIAL Y EMPRENDIMIENTO-TALENTO EXCEPCIONAL E", "GRUPOS_ETN": "AFRODESCENDIENTES-INDIGENAS-NEGRITUDES-RAIZALES", "SECTOR": 2, "NATU_JUR": 9, "CALENDARIO": 1, "GENERO": 5, "COD_LOCA": "01", "ESPECIALID": 1, "CLASE_TIPO": 1, "BILINGUE": 5, "FECHA": "2024-04-30", "DANE12_EST": "111001107743", "DANE12_SED": "111001107743", "DA_HIPOACU": 8, "DA_SORDERA": 0, "DA_LENGUAS": 0, "DA_UCASTEL": 0, "DISCAP_FIS": 11, "DISCAP_FLE": 0, "DISCAP_PCE": 0, "DI_DCOGNIT": 42, "DI_SDOWN": 0, "DIS_MULTIP": 18, "DIS_PSICOS": 6, "DV_BAJAVIS": 3, "DIS_CEGUER": 0, "T_ESPECTRO": 0, "T_VOZ_Y_HA": 0, "SISTEMICA": 0, "SORDOCEGUE": 1, "OTRA": 0, "TOT_EST_MA": 89, "AFRODESCEN": 16, "INDIGENAS": 8, "NEGRITUDES": 4, "PALENQUERO": 0, "RAIZALES": 0, "ROM": 0, "TOT_EST_ET": 28, "CAPACID_EX": 2, "DOBLE_EXCE": 0, "TE_ACTFISI": 1, "TE_ARTES": 1, "TE_CNATUR": 0, "TE_CSOCIAL": 0, "TE_LDSOCIA": 0, "TE_TECNOLO": 0, "TOT_EST_CA": 2, "TMATRIC_GE": 2224, "Zona": 1 }, "geometry": { "type": "Point", "coordinates": [ -8242141.63539999909699, 530273.586899999529123 ] } },
{ "type": "Feature", "properties": { "NOMBRE_EST": "COLEGIO USAQUEN (IED)", "NOMBRE_SED": "USAQUEN", "ORDEN_DE_S": "A", "DIRECCION": "CL 127 C # 9 A - 03", "DISCAPACID": "AUDITIVA-FISICA-INTELECTUAL-MENTAL/PSICOSOCIAL-MULTIPLE-VISUAL", "TALENTOS_O": "CAPACIDADES EXCEPCIONALES-TALENTO EXCEPCIONAL EN ACTIVIDAD FISICA, EJERCICIO Y DEPORTE-TALENTO EXCEPCIONAL EN ARTES Y LETRAS-TALENTO EXCEPCIONAL EN CIENCIAS NATURALES O BASICAS-TALENTO EXCEPCIONAL EN CIENCIAS SOCIALES O HUMANAS-TALENTO EXCEPCIONAL EN LID", "GRUPOS_ETN": "AFRODESCENDIENTES-INDIGENAS-NEGRITUDES", "SECTOR": 2, "NATU_JUR": 9, "CALENDARIO": 1, "GENERO": 5, "COD_LOCA": "01", "ESPECIALID": 1, "CLASE_TIPO": 1, "BILINGUE": 5, "FECHA": "2024-04-30", "DANE12_EST": "111848002662", "DANE12_SED": "111848002662", "DA_HIPOACU": 2, "DA_SORDERA": 0, "DA_LENGUAS": 0, "DA_UCASTEL": 0, "DISCAP_FIS": 2, "DISCAP_FLE": 0, "DISCAP_PCE": 0, "DI_DCOGNIT": 12, "DI_SDOWN": 0, "DIS_MULTIP": 14, "DIS_PSICOS": 3, "DV_BAJAVIS": 3, "DIS_CEGUER": 0, "T_ESPECTRO": 0, "T_VOZ_Y_HA": 0, "SISTEMICA": 0, "SORDOCEGUE": 0, "OTRA": 0, "TOT_EST_MA": 36, "AFRODESCEN": 6, "INDIGENAS": 3, "NEGRITUDES": 5, "PALENQUERO": 0, "RAIZALES": 0, "ROM": 0, "TOT_EST_ET": 14, "CAPACID_EX": 0, "DOBLE_EXCE": 0, "TE_ACTFISI": 0, "TE_ARTES": 0, "TE_CNATUR": 0, "TE_CSOCIAL": 0, "TE_LDSOCIA": 0, "TE_TECNOLO": 0, "TOT_EST_CA": 0, "TMATRIC_GE": 1659, "Zona": 1 }, "geometry": { "type": "Point", "coordinates": [ -8241497.846999999135733, 524594.517200000584126 ] } },
{ "type": "Feature", "properties": { "NOMBRE_EST": "COLEGIO USAQUEN (IED)", "NOMBRE_SED": "LOS CEDRITOS", "ORDEN_DE_S": "B", "DIRECCION": "AK 9 # 146 - 40", "DISCAPACID": "INTELECTUAL-MULTIPLE-VISUAL", "TALENTOS_O": "TALENTO EXCEPCIONAL EN ACTIVIDAD FISICA, EJERCICIO Y DEPORTE-TALENTO EXCEPCIONAL EN ARTES Y LETRAS", "GRUPOS_ETN": null, "SECTOR": 2, "NATU_JUR": 9, "CALENDARIO": 1, "GENERO": 5, "COD_LOCA": "01", "ESPECIALID": 13, "CLASE_TIPO": 1, "BILINGUE": 5, "FECHA": "2024-04-30", "DANE12_EST": "111848002662", "DANE12_SED": "111848000112", "DA_HIPOACU": 0, "DA_SORDERA": 0, "DA_LENGUAS": 0, "DA_UCASTEL": 0, "DISCAP_FIS": 0, "DISCAP_FLE": 0, "DISCAP_PCE": 0, "DI_DCOGNIT": 0, "DI_SDOWN": 0, "DIS_MULTIP": 3, "DIS_PSICOS": 0, "DV_BAJAVIS": 0, "DIS_CEGUER": 0, "T_ESPECTRO": 0, "T_VOZ_Y_HA": 0, "SISTEMICA": 0, "SORDOCEGUE": 0, "OTRA": 0, "TOT_EST_MA": 3, "AFRODESCEN": 0, "INDIGENAS": 1, "NEGRITUDES": 0, "PALENQUERO": 0, "RAIZALES": 0, "ROM": 0, "TOT_EST_ET": 1, "CAPACID_EX": 0, "DOBLE_EXCE": 0, "TE_ACTFISI": 0, "TE_ARTES": 0, "TE_CNATUR": 0, "TE_CSOCIAL": 0, "TE_LDSOCIA": 0, "TE_TECNOLO": 0, "TOT_EST_CA": 0, "TMATRIC_GE": 174, "Zona": 1 }, "geometry": { "type": "Point", "coordinates": [ -8241219.302300000563264, 526513.006000000983477 ] } },
{ "type": "Feature", "properties": { "NOMBRE_EST": "COLEGIO UNION COLOMBIA (IED)", "NOMBRE_SED": "PILOTO DE APLICACION", "ORDEN_DE_S": "A", "DIRECCION": "KR 7 A # 182 A - 07", "DISCAPACID": "INTELECTUAL-MENTAL/PSICOSOCIAL", "TALENTOS_O": "TALENTO EXCEPCIONAL EN ARTES Y LETRAS", "GRUPOS_ETN": "INDIGENAS-NEGRITUDES", "SECTOR": 2, "NATU_JUR": 9, "CALENDARIO": 1, "GENERO": 5, "COD_LOCA": "01", "ESPECIALID": 1, "CLASE_TIPO": 1, "BILINGUE": 5, "FECHA": "2024-04-30", "DANE12_EST": "111848002671", "DANE12_SED": "111848002671", "DA_HIPOACU": 0, "DA_SORDERA": 0, "DA_LENGUAS": 0, "DA_UCASTEL": 0, "DISCAP_FIS": 0, "DISCAP_FLE": 0, "DISCAP_PCE": 0, "DI_DCOGNIT": 4, "DI_SDOWN": 0, "DIS_MULTIP": 0, "DIS_PSICOS": 3, "DV_BAJAVIS": 0, "DIS_CEGUER": 0, "T_ESPECTRO": 0, "T_VOZ_Y_HA": 0, "SISTEMICA": 0, "SORDOCEGUE": 0, "OTRA": 0, "TOT_EST_MA": 7, "AFRODESCEN": 2, "INDIGENAS": 2, "NEGRITUDES": 2, "PALENQUERO": 0, "RAIZALES": 0, "ROM": 0, "TOT_EST_ET": 6, "CAPACID_EX": 0, "DOBLE_EXCE": 0, "TE_ACTFISI": 0, "TE_ARTES": 0, "TE_CNATUR": 0, "TE_CSOCIAL": 0, "TE_LDSOCIA": 0, "TE_TECNOLO": 0, "TOT_EST_CA": 0, "TMATRIC_GE": 933, "Zona": 1 }, "geometry": { "type": "Point", "coordinates": [ -8240699.9857, 530418.834100000560284 ] } },
{ "type": "Feature", "properties": { "NOMBRE_EST": "COLEGIO UNION COLOMBIA (IED)", "NOMBRE_SED": "SANTA CLAUDIA", "ORDEN_DE_S": "B", "DIRECCION": "CL 189 # 7 - 05", "DISCAPACID": "INTELECTUAL", "TALENTOS_O": "TALENTO EXCEPCIONAL EN ACTIVIDAD FISICA, EJERCICIO Y DEPORTE-TALENTO EXCEPCIONAL EN CIENCIAS SOCIALES O HUMANAS", "GRUPOS_ETN": "INDIGENAS", "SECTOR": 2, "NATU_JUR": 9, "CALENDARIO": 1, "GENERO": 5, "COD_LOCA": "01", "ESPECIALID": 13, "CLASE_TIPO": 1, "BILINGUE": 5, "FECHA": "2024-04-30", "DANE12_EST": "111848002671", "DANE12_SED": "111848000252", "DA_HIPOACU": 0, "DA_SORDERA": 0, "DA_LENGUAS": 0, "DA_UCASTEL": 0, "DISCAP_FIS": 0, "DISCAP_FLE": 0, "DISCAP_PCE": 0, "DI_DCOGNIT": 1, "DI_SDOWN": 0, "DIS_MULTIP": 1, "DIS_PSICOS": 0, "DV_BAJAVIS": 0, "DIS_CEGUER": 0, "T_ESPECTRO": 0, "T_VOZ_Y_HA": 0, "SISTEMICA": 0, "SORDOCEGUE": 0, "OTRA": 0, "TOT_EST_MA": 2, "AFRODESCEN": 0, "INDIGENAS": 2, "NEGRITUDES": 0, "PALENQUERO": 0, "RAIZALES": 0, "ROM": 0, "TOT_EST_ET": 2, "CAPACID_EX": 0, "DOBLE_EXCE": 0, "TE_ACTFISI": 0, "TE_ARTES": 0, "TE_CNATUR": 0, "TE_CSOCIAL": 0, "TE_LDSOCIA": 0, "TE_TECNOLO": 0, "TOT_EST_CA": 0, "TMATRIC_GE": 307, "Zona": 1 }, "geometry": { "type": "Point", "coordinates": [ -8240758.41950000077486, 531113.988800000399351 ] } },
{ "type": "Feature", "properties": { "NOMBRE_EST": "COLEGIO DIVINO MAESTRO (IED)", "NOMBRE_SED": "PILOTO BAVARIA", "ORDEN_DE_S": "A", "DIRECCION": "KR 8 C # 163 B - 20", "DISCAPACID": "INTELECTUAL-MULTIPLE-SORDOCEGUERA", "TALENTOS_O": "TALENTO EXCEPCIONAL EN ARTES Y LETRAS", "GRUPOS_ETN": "INDIGENAS-NEGRITUDES", "SECTOR": 2, "NATU_JUR": 9, "CALENDARIO": 1, "GENERO": 5, "COD_LOCA": "01", "ESPECIALID": 1, "CLASE_TIPO": 1, "BILINGUE": 5, "FECHA": "2024-04-30", "DANE12_EST": "111848002689", "DANE12_SED": "111848002689", "DA_HIPOACU": 0, "DA_SORDERA": 0, "DA_LENGUAS": 0, "DA_UCASTEL": 0, "DISCAP_FIS": 0, "DISCAP_FLE": 0, "DISCAP_PCE": 0, "DI_DCOGNIT": 18, "DI_SDOWN": 0, "DIS_MULTIP": 6, "DIS_PSICOS": 0, "DV_BAJAVIS": 0, "DIS_CEGUER": 0, "T_ESPECTRO": 0, "T_VOZ_Y_HA": 0, "SISTEMICA": 0, "SORDOCEGUE": 0, "OTRA": 0, "TOT_EST_MA": 24, "AFRODESCEN": 0, "INDIGENAS": 2, "NEGRITUDES": 4, "PALENQUERO": 0, "RAIZALES": 0, "ROM": 0, "TOT_EST_ET": 6, "CAPACID_EX": 0, "DOBLE_EXCE": 0, "TE_ACTFISI": 0, "TE_ARTES": 0, "TE_CNATUR": 0, "TE_CSOCIAL": 0, "TE_LDSOCIA": 0, "TE_TECNOLO": 0, "TOT_EST_CA": 0, "TMATRIC_GE": 890, "Zona": 1 }, "geometry": { "type": "Point", "coordinates": [ -8240730.0152000002563, 528252.615899998694658 ] } },
{ "type": "Feature", "properties": { "NOMBRE_EST": "COLEGIO DIVINO MAESTRO (IED)", "NOMBRE_SED": "DIVINO MAESTRO", "ORDEN_DE_S": "B", "DIRECCION": "CL 164 # 7 F - 08", "DISCAPACID": "AUDITIVA-FISICA-INTELECTUAL-MENTAL/PSICOSOCIAL-MULTIPLE-SORDOCEGUERA-VISUAL", "TALENTOS_O": "TALENTO EXCEPCIONAL EN ACTIVIDAD FISICA, EJERCICIO Y DEPORTE", "GRUPOS_ETN": "AFRODESCENDIENTES-INDIGENAS-NEGRITUDES-PALENQUEROS", "SECTOR": 2, "NATU_JUR": 9, "CALENDARIO": 1, "GENERO": 5, "COD_LOCA": "01", "ESPECIALID": 13, "CLASE_TIPO": 1, "BILINGUE": 5, "FECHA": "2024-04-30", "DANE12_EST": "111848002689", "DANE12_SED": "111848000091", "DA_HIPOACU": 2, "DA_SORDERA": 0, "DA_LENGUAS": 0, "DA_UCASTEL": 0, "DISCAP_FIS": 1, "DISCAP_FLE": 0, "DISCAP_PCE": 0, "DI_DCOGNIT": 10, "DI_SDOWN": 0, "DIS_MULTIP": 6, "DIS_PSICOS": 1, "DV_BAJAVIS": 1, "DIS_CEGUER": 0, "T_ESPECTRO": 0, "T_VOZ_Y_HA": 0, "SISTEMICA": 0, "SORDOCEGUE": 0, "OTRA": 0, "TOT_EST_MA": 21, "AFRODESCEN": 5, "INDIGENAS": 4, "NEGRITUDES": 2, "PALENQUERO": 1, "RAIZALES": 0, "ROM": 0, "TOT_EST_ET": 12, "CAPACID_EX": 0, "DOBLE_EXCE": 0, "TE_ACTFISI": 0, "TE_ARTES": 0, "TE_CNATUR": 0, "TE_CSOCIAL": 0, "TE_LDSOCIA": 0, "TE_TECNOLO": 0, "TOT_EST_CA": 0, "TMATRIC_GE": 938, "Zona": 1 }, "geometry": { "type": "Point", "coordinates": [ -8240433.3432, 528232.312600001692772 ] } },
{ "type": "Feature", "properties": { "NOMBRE_EST": "COLEGIO DIVINO MAESTRO (IED)", "NOMBRE_SED": "SAN CRISTOBAL NORTE", "ORDEN_DE_S": "C", "DIRECCION": "KR 7 D # 163 A - 56", "DISCAPACID": "INTELECTUAL-MENTAL/PSICOSOCIAL-MULTIPLE", "TALENTOS_O": "TALENTO EXCEPCIONAL EN ACTIVIDAD FISICA, EJERCICIO Y DEPORTE-TALENTO EXCEPCIONAL EN ARTES Y LETRAS-TALENTO EXCEPCIONAL EN LIDERAZGO SOCIAL Y EMPRENDIMIENTO", "GRUPOS_ETN": "AFRODESCENDIENTES-INDIGENAS", "SECTOR": 2, "NATU_JUR": 9, "CALENDARIO": 1, "GENERO": 5, "COD_LOCA": "01", "ESPECIALID": 13, "CLASE_TIPO": 1, "BILINGUE": 5, "FECHA": "2024-04-30", "DANE12_EST": "111848002689", "DANE12_SED": "111848000058", "DA_HIPOACU": 0, "DA_SORDERA": 0, "DA_LENGUAS": 0, "DA_UCASTEL": 0, "DISCAP_FIS": 1, "DISCAP_FLE": 0, "DISCAP_PCE": 0, "DI_DCOGNIT": 2, "DI_SDOWN": 0, "DIS_MULTIP": 3, "DIS_PSICOS": 3, "DV_BAJAVIS": 0, "DIS_CEGUER": 0, "T_ESPECTRO": 0, "T_VOZ_Y_HA": 0, "SISTEMICA": 0, "SORDOCEGUE": 0, "OTRA": 0, "TOT_EST_MA": 9, "AFRODESCEN": 2, "INDIGENAS": 2, "NEGRITUDES": 1, "PALENQUERO": 0, "RAIZALES": 0, "ROM": 0, "TOT_EST_ET": 5, "CAPACID_EX": 0, "DOBLE_EXCE": 0, "TE_ACTFISI": 0, "TE_ARTES": 0, "TE_CNATUR": 0, "TE_CSOCIAL": 0, "TE_LDSOCIA": 0, "TE_TECNOLO": 0, "TOT_EST_CA": 0, "TMATRIC_GE": 679, "Zona": 1 }, "geometry": { "type": "Point", "coordinates": [ -8240373.590299999341369, 528180.829199999570847 ] } },
{ "type": "Feature", "properties": { "NOMBRE_EST": "COLEGIO CRISTOBAL COLON (IED)", "NOMBRE_SED": "CRISTOBAL COLON", "ORDEN_DE_S": "A", "DIRECCION": "CL 165 # 8 A - 03  --  CL 165 # 18 - 03", "DISCAPACID": "AUDITIVA-INTELECTUAL-MENTAL/PSICOSOCIAL-MULTIPLE-SORDOCEGUERA-VISUAL", "TALENTOS_O": "TALENTO EXCEPCIONAL EN ACTIVIDAD FISICA, EJERCICIO Y DEPORTE-TALENTO EXCEPCIONAL EN ARTES Y LETRAS-TALENTO EXCEPCIONAL EN LIDERAZGO SOCIAL Y EMPRENDIMIENTO-TALENTO EXCEPCIONAL EN TECNOLOGIA", "GRUPOS_ETN": "AFRODESCENDIENTES-INDIGENAS-NEGRITUDES-RAIZALES", "SECTOR": 2, "NATU_JUR": 9, "CALENDARIO": 1, "GENERO": 5, "COD_LOCA": "01", "ESPECIALID": 1, "CLASE_TIPO": 1, "BILINGUE": 5, "FECHA": "2024-04-30", "DANE12_EST": "111848003031", "DANE12_SED": "111848003031", "DA_HIPOACU": 0, "DA_SORDERA": 0, "DA_LENGUAS": 0, "DA_UCASTEL": 0, "DISCAP_FIS": 2, "DISCAP_FLE": 0, "DISCAP_PCE": 0, "DI_DCOGNIT": 11, "DI_SDOWN": 0, "DIS_MULTIP": 2, "DIS_PSICOS": 2, "DV_BAJAVIS": 0, "DIS_CEGUER": 0, "T_ESPECTRO": 0, "T_VOZ_Y_HA": 0, "SISTEMICA": 0, "SORDOCEGUE": 0, "OTRA": 0, "TOT_EST_MA": 17, "AFRODESCEN": 7, "INDIGENAS": 9, "NEGRITUDES": 13, "PALENQUERO": 0, "RAIZALES": 0, "ROM": 0, "TOT_EST_ET": 29, "CAPACID_EX": 0, "DOBLE_EXCE": 0, "TE_ACTFISI": 0, "TE_ARTES": 0, "TE_CNATUR": 0, "TE_CSOCIAL": 0, "TE_LDSOCIA": 0, "TE_TECNOLO": 0, "TOT_EST_CA": 0, "TMATRIC_GE": 1427, "Zona": 1 }, "geometry": { "type": "Point", "coordinates": [ -8240518.19649999961257, 528440.666400000452995 ] } },
{ "type": "Feature", "properties": { "NOMBRE_EST": "COLEGIO CRISTOBAL COLON (IED)", "NOMBRE_SED": "SANTA CECILIA BAJA", "ORDEN_DE_S": "B", "DIRECCION": "KR 5 A # 163 D - 46", "DISCAPACID": "FISICA-INTELECTUAL-MULTIPLE", "TALENTOS_O": "TALENTO EXCEPCIONAL EN ACTIVIDAD FISICA, EJERCICIO Y DEPORTE-TALENTO EXCEPCIONAL EN ARTES Y LETRAS", "GRUPOS_ETN": "INDIGENAS-NEGRITUDES", "SECTOR": 2, "NATU_JUR": 9, "CALENDARIO": 1, "GENERO": 5, "COD_LOCA": "01", "ESPECIALID": 13, "CLASE_TIPO": 1, "BILINGUE": 5, "FECHA": "2024-04-30", "DANE12_EST": "111848003031", "DANE12_SED": "111001046949", "DA_HIPOACU": 0, "DA_SORDERA": 0, "DA_LENGUAS": 0, "DA_UCASTEL": 0, "DISCAP_FIS": 1, "DISCAP_FLE": 0, "DISCAP_PCE": 0, "DI_DCOGNIT": 3, "DI_SDOWN": 0, "DIS_MULTIP": 1, "DIS_PSICOS": 1, "DV_BAJAVIS": 0, "DIS_CEGUER": 0, "T_ESPECTRO": 0, "T_VOZ_Y_HA": 0, "SISTEMICA": 0, "SORDOCEGUE": 0, "OTRA": 0, "TOT_EST_MA": 6, "AFRODESCEN": 1, "INDIGENAS": 3, "NEGRITUDES": 1, "PALENQUERO": 0, "RAIZALES": 0, "ROM": 0, "TOT_EST_ET": 5, "CAPACID_EX": 0, "DOBLE_EXCE": 0, "TE_ACTFISI": 0, "TE_ARTES": 0, "TE_CNATUR": 0, "TE_CSOCIAL": 0, "TE_LDSOCIA": 0, "TE_TECNOLO": 0, "TOT_EST_CA": 0, "TMATRIC_GE": 201, "Zona": 1 }, "geometry": { "type": "Point", "coordinates": [ -8240032.961500000208616, 528112.002599999308586 ] } },
{ "type": "Feature", "properties": { "NOMBRE_EST": "COLEGIO CRISTOBAL COLON (IED)", "NOMBRE_SED": "SORATAMA", "ORDEN_DE_S": "C", "DIRECCION": "CL 167 # 3 - 44", "DISCAPACID": "FISICA-MULTIPLE", "TALENTOS_O": "TALENTO EXCEPCIONAL EN ACTIVIDAD FISICA, EJERCICIO Y DEPORTE", "GRUPOS_ETN": "AFRODESCENDIENTES", "SECTOR": 2, "NATU_JUR": 9, "CALENDARIO": 1, "GENERO": 5, "COD_LOCA": "01", "ESPECIALID": 13, "CLASE_TIPO": 1, "BILINGUE": 5, "FECHA": "2024-04-30", "DANE12_EST": "111848003031", "DANE12_SED": "111848000074", "DA_HIPOACU": 0, "DA_SORDERA": 0, "DA_LENGUAS": 0, "DA_UCASTEL": 0, "DISCAP_FIS": 0, "DISCAP_FLE": 0, "DISCAP_PCE": 0, "DI_DCOGNIT": 0, "DI_SDOWN": 0, "DIS_MULTIP": 1, "DIS_PSICOS": 0, "DV_BAJAVIS": 0, "DIS_CEGUER": 0, "T_ESPECTRO": 0, "T_VOZ_Y_HA": 0, "SISTEMICA": 0, "SORDOCEGUE": 1, "OTRA": 0, "TOT_EST_MA": 2, "AFRODESCEN": 1, "INDIGENAS": 0, "NEGRITUDES": 0, "PALENQUERO": 0, "RAIZALES": 0, "ROM": 0, "TOT_EST_ET": 1, "CAPACID_EX": 0, "DOBLE_EXCE": 0, "TE_ACTFISI": 0, "TE_ARTES": 0, "TE_CNATUR": 0, "TE_CSOCIAL": 0, "TE_LDSOCIA": 0, "TE_TECNOLO": 0, "TOT_EST_CA": 0, "TMATRIC_GE": 208, "Zona": 1 }, "geometry": { "type": "Point", "coordinates": [ -8239789.255300000309944, 528643.10869999974966 ] } },
{ "type": "Feature", "properties": { "NOMBRE_EST": "COLEGIO GENERAL SANTANDER (IED)", "NOMBRE_SED": "GENERAL SANTANDER", "ORDEN_DE_S": "A", "DIRECCION": "CL 159 # 8 - 56", "DISCAPACID": "FISICA-INTELECTUAL-MENTAL/PSICOSOCIAL-MULTIPLE-VISUAL", "TALENTOS_O": "TALENTO EXCEPCIONAL EN ACTIVIDAD FISICA, EJERCICIO Y DEPORTE", "GRUPOS_ETN": "AFRODESCENDIENTES-INDIGENAS-NEGRITUDES", "SECTOR": 2, "NATU_JUR": 9, "CALENDARIO": 1, "GENERO": 5, "COD_LOCA": "01", "ESPECIALID": 1, "CLASE_TIPO": 1, "BILINGUE": 5, "FECHA": "2024-04-30", "DANE12_EST": "111848003910", "DANE12_SED": "111848003910", "DA_HIPOACU": 0, "DA_SORDERA": 0, "DA_LENGUAS": 0, "DA_UCASTEL": 0, "DISCAP_FIS": 2, "DISCAP_FLE": 0, "DISCAP_PCE": 0, "DI_DCOGNIT": 8, "DI_SDOWN": 0, "DIS_MULTIP": 7, "DIS_PSICOS": 3, "DV_BAJAVIS": 1, "DIS_CEGUER": 0, "T_ESPECTRO": 0, "T_VOZ_Y_HA": 0, "SISTEMICA": 0, "SORDOCEGUE": 0, "OTRA": 0, "TOT_EST_MA": 22, "AFRODESCEN": 5, "INDIGENAS": 5, "NEGRITUDES": 1, "PALENQUERO": 0, "RAIZALES": 1, "ROM": 0, "TOT_EST_ET": 12, "CAPACID_EX": 0, "DOBLE_EXCE": 0, "TE_ACTFISI": 0, "TE_ARTES": 0, "TE_CNATUR": 0, "TE_CSOCIAL": 0, "TE_LDSOCIA": 0, "TE_TECNOLO": 0, "TOT_EST_CA": 0, "TMATRIC_GE": 1005, "Zona": 1 }, "geometry": { "type": "Point", "coordinates": [ -8240751.702500000596046, 527659.624600000679493 ] } },
{ "type": "Feature", "properties": { "NOMBRE_EST": "COLEGIO SIMON RODRIGUEZ (IED)", "NOMBRE_SED": "SIMON RODRIGUEZ", "ORDEN_DE_S": "A", "DIRECCION": "CL 69 # 11 - 27", "DISCAPACID": "FISICA-INTELECTUAL-MULTIPLE", "TALENTOS_O": "TALENTO EXCEPCIONAL EN ACTIVIDAD FISICA, EJERCICIO Y DEPORTE-TALENTO EXCEPCIONAL EN ARTES Y LETRAS", "GRUPOS_ETN": "AFRODESCENDIENTES-INDIGENAS-NEGRITUDES", "SECTOR": 2, "NATU_JUR": 9, "CALENDARIO": 1, "GENERO": 5, "COD_LOCA": "02", "ESPECIALID": 1, "CLASE_TIPO": 1, "BILINGUE": 5, "FECHA": "2024-04-30", "DANE12_EST": "111001016314", "DANE12_SED": "111001016314", "DA_HIPOACU": 0, "DA_SORDERA": 0, "DA_LENGUAS": 0, "DA_UCASTEL": 0, "DISCAP_FIS": 0, "DISCAP_FLE": 0, "DISCAP_PCE": 0, "DI_DCOGNIT": 9, "DI_SDOWN": 0, "DIS_MULTIP": 2, "DIS_PSICOS": 0, "DV_BAJAVIS": 0, "DIS_CEGUER": 0, "T_ESPECTRO": 0, "T_VOZ_Y_HA": 0, "SISTEMICA": 0, "SORDOCEGUE": 0, "OTRA": 0, "TOT_EST_MA": 11, "AFRODESCEN": 9, "INDIGENAS": 0, "NEGRITUDES": 2, "PALENQUERO": 0, "RAIZALES": 0, "ROM": 0, "TOT_EST_ET": 11, "CAPACID_EX": 0, "DOBLE_EXCE": 0, "TE_ACTFISI": 0, "TE_ARTES": 0, "TE_CNATUR": 0, "TE_CSOCIAL": 0, "TE_LDSOCIA": 0, "TE_TECNOLO": 0, "TOT_EST_CA": 0, "TMATRIC_GE": 446, "Zona": 1 }, "geometry": { "type": "Point", "coordinates": [ -8244461.073899999260902, 518691.184000000357628 ] } },
{ "type": "Feature", "properties": { "NOMBRE_EST": "COLEGIO SIMON RODRIGUEZ (IED)", "NOMBRE_SED": "NUEVA GRANADA", "ORDEN_DE_S": "B", "DIRECCION": "CL 65 BIS # 3 - 30", "DISCAPACID": "INTELECTUAL", "TALENTOS_O": "TALENTO EXCEPCIONAL EN ACTIVIDAD FISICA, EJERCICIO Y DEPORTE", "GRUPOS_ETN": "INDIGENAS", "SECTOR": 2, "NATU_JUR": 9, "CALENDARIO": 1, "GENERO": 5, "COD_LOCA": "02", "ESPECIALID": 13, "CLASE_TIPO": 1, "BILINGUE": 5, "FECHA": "2024-04-30", "DANE12_EST": "111001016314", "DANE12_SED": "111001015261", "DA_HIPOACU": 0, "DA_SORDERA": 0, "DA_LENGUAS": 0, "DA_UCASTEL": 0, "DISCAP_FIS": 0, "DISCAP_FLE": 0, "DISCAP_PCE": 0, "DI_DCOGNIT": 3, "DI_SDOWN": 0, "DIS_MULTIP": 0, "DIS_PSICOS": 0, "DV_BAJAVIS": 0, "DIS_CEGUER": 0, "T_ESPECTRO": 0, "T_VOZ_Y_HA": 0, "SISTEMICA": 0, "SORDOCEGUE": 0, "OTRA": 0, "TOT_EST_MA": 3, "AFRODESCEN": 0, "INDIGENAS": 1, "NEGRITUDES": 0, "PALENQUERO": 0, "RAIZALES": 0, "ROM": 0, "TOT_EST_ET": 1, "CAPACID_EX": 0, "DOBLE_EXCE": 0, "TE_ACTFISI": 0, "TE_ARTES": 0, "TE_CNATUR": 0, "TE_CSOCIAL": 0, "TE_LDSOCIA": 0, "TE_TECNOLO": 0, "TOT_EST_CA": 0, "TMATRIC_GE": 237, "Zona": 1 }, "geometry": { "type": "Point", "coordinates": [ -8243949.537399999797344, 518024.109400000423193 ] } },
{ "type": "Feature", "properties": { "NOMBRE_EST": "COLEGIO SIMON RODRIGUEZ (IED)", "NOMBRE_SED": "BOSQUE CALDERON TEJADA", "ORDEN_DE_S": "C", "DIRECCION": "DG 58 # 4 - 74 ESTE", "DISCAPACID": "INTELECTUAL", "TALENTOS_O": "CAPACIDADES EXCEPCIONALES", "GRUPOS_ETN": "AFRODESCENDIENTES", "SECTOR": 2, "NATU_JUR": 9, "CALENDARIO": 1, "GENERO": 5, "COD_LOCA": "02", "ESPECIALID": 13, "CLASE_TIPO": 1, "BILINGUE": 5, "FECHA": "2024-04-30", "DANE12_EST": "111001016314", "DANE12_SED": "111001020249", "DA_HIPOACU": 0, "DA_SORDERA": 0, "DA_LENGUAS": 0, "DA_UCASTEL": 0, "DISCAP_FIS": 0, "DISCAP_FLE": 0, "DISCAP_PCE": 0, "DI_DCOGNIT": 1, "DI_SDOWN": 0, "DIS_MULTIP": 0, "DIS_PSICOS": 0, "DV_BAJAVIS": 0, "DIS_CEGUER": 0, "T_ESPECTRO": 0, "T_VOZ_Y_HA": 0, "SISTEMICA": 0, "SORDOCEGUE": 0, "OTRA": 0, "TOT_EST_MA": 2, "AFRODESCEN": 3, "INDIGENAS": 0, "NEGRITUDES": 0, "PALENQUERO": 0, "RAIZALES": 0, "ROM": 0, "TOT_EST_ET": 3, "CAPACID_EX": 0, "DOBLE_EXCE": 0, "TE_ACTFISI": 0, "TE_ARTES": 0, "TE_CNATUR": 0, "TE_CSOCIAL": 0, "TE_LDSOCIA": 0, "TE_TECNOLO": 0, "TOT_EST_CA": 0, "TMATRIC_GE": 176, "Zona": 1 }, "geometry": { "type": "Point", "coordinates": [ -8243662.435599999502301, 517173.389400001615286 ] } },
{ "type": "Feature", "properties": { "NOMBRE_EST": "COLEGIO CAMPESTRE MONTE VERDE (IED)", "NOMBRE_SED": "PLAN PADRINOS SAN LUIS", "ORDEN_DE_S": "A", "DIRECCION": "KR 5 C ESTE # 98 A - 55", "DISCAPACID": "FISICA-INTELECTUAL-MENTAL/PSICOSOCIAL-MULTIPLE-VISUAL", "TALENTOS_O": null, "GRUPOS_ETN": "AFRODESCENDIENTES-INDIGENAS-NEGRITUDES-ROM", "SECTOR": 2, "NATU_JUR": 9, "CALENDARIO": 1, "GENERO": 5, "COD_LOCA": "02", "ESPECIALID": 1, "CLASE_TIPO": 1, "BILINGUE": 5, "FECHA": "2024-04-30", "DANE12_EST": "111001033901", "DANE12_SED": "111001033901", "DA_HIPOACU": 0, "DA_SORDERA": 0, "DA_LENGUAS": 0, "DA_UCASTEL": 0, "DISCAP_FIS": 3, "DISCAP_FLE": 0, "DISCAP_PCE": 0, "DI_DCOGNIT": 30, "DI_SDOWN": 0, "DIS_MULTIP": 12, "DIS_PSICOS": 3, "DV_BAJAVIS": 1, "DIS_CEGUER": 0, "T_ESPECTRO": 0, "T_VOZ_Y_HA": 0, "SISTEMICA": 0, "SORDOCEGUE": 0, "OTRA": 0, "TOT_EST_MA": 50, "AFRODESCEN": 12, "INDIGENAS": 10, "NEGRITUDES": 6, "PALENQUERO": 0, "RAIZALES": 0, "ROM": 2, "TOT_EST_ET": 30, "CAPACID_EX": 0, "DOBLE_EXCE": 0, "TE_ACTFISI": 0, "TE_ARTES": 0, "TE_CNATUR": 0, "TE_CSOCIAL": 0, "TE_LDSOCIA": 0, "TE_TECNOLO": 0, "TOT_EST_CA": 0, "TMATRIC_GE": 1488, "Zona": 2 }, "geometry": { "type": "Point", "coordinates": [ -8240028.705800000578165, 520540.436900001019239 ] } },
{ "type": "Feature", "properties": { "NOMBRE_EST": "COLEGIO CAMPESTRE MONTE VERDE (IED)", "NOMBRE_SED": "JULIO ANTONIO GAITAN", "ORDEN_DE_S": "B", "DIRECCION": "KR 1 ESTE # 101 A - 27", "DISCAPACID": "INTELECTUAL-MULTIPLE", "TALENTOS_O": "TALENTO EXCEPCIONAL EN ACTIVIDAD FISICA, EJERCICIO Y DEPORTE-TALENTO EXCEPCIONAL EN ARTES Y LETRAS-TALENTO EXCEPCIONAL EN CIENCIAS SOCIALES O HUMANAS", "GRUPOS_ETN": null, "SECTOR": 2, "NATU_JUR": 9, "CALENDARIO": 1, "GENERO": 5, "COD_LOCA": "02", "ESPECIALID": 13, "CLASE_TIPO": 1, "BILINGUE": 5, "FECHA": "2024-04-30", "DANE12_EST": "111001033901", "DANE12_SED": "211001014545", "DA_HIPOACU": 0, "DA_SORDERA": 0, "DA_LENGUAS": 0, "DA_UCASTEL": 0, "DISCAP_FIS": 1, "DISCAP_FLE": 0, "DISCAP_PCE": 0, "DI_DCOGNIT": 1, "DI_SDOWN": 0, "DIS_MULTIP": 1, "DIS_PSICOS": 0, "DV_BAJAVIS": 0, "DIS_CEGUER": 0, "T_ESPECTRO": 0, "T_VOZ_Y_HA": 0, "SISTEMICA": 0, "SORDOCEGUE": 0, "OTRA": 0, "TOT_EST_MA": 3, "AFRODESCEN": 0, "INDIGENAS": 1, "NEGRITUDES": 0, "PALENQUERO": 0, "RAIZALES": 0, "ROM": 0, "TOT_EST_ET": 1, "CAPACID_EX": 0, "DOBLE_EXCE": 0, "TE_ACTFISI": 0, "TE_ARTES": 0, "TE_CNATUR": 0, "TE_CSOCIAL": 0, "TE_LDSOCIA": 0, "TE_TECNOLO": 0, "TOT_EST_CA": 0, "TMATRIC_GE": 153, "Zona": 2 }, "geometry": { "type": "Point", "coordinates": [ -8240998.387599999085069, 521018.697500001639128 ] } },
{ "type": "Feature", "properties": { "NOMBRE_EST": "COLEGIO SAN MARTIN DE PORRES (IED)", "NOMBRE_SED": "SAN MARTIN DE PORRES", "ORDEN_DE_S": "A", "DIRECCION": "CL 45 # 3 - 35 ESTE", "DISCAPACID": "INTELECTUAL", "TALENTOS_O": null, "GRUPOS_ETN": "AFRODESCENDIENTES-INDIGENAS-NEGRITUDES", "SECTOR": 2, "NATU_JUR": 9, "CALENDARIO": 1, "GENERO": 5, "COD_LOCA": "02", "ESPECIALID": 1, "CLASE_TIPO": 1, "BILINGUE": 5, "FECHA": "2024-04-30", "DANE12_EST": "111001034665", "DANE12_SED": "111001034665", "DA_HIPOACU": 0, "DA_SORDERA": 0, "DA_LENGUAS": 0, "DA_UCASTEL": 0, "DISCAP_FIS": 0, "DISCAP_FLE": 0, "DISCAP_PCE": 0, "DI_DCOGNIT": 7, "DI_SDOWN": 0, "DIS_MULTIP": 0, "DIS_PSICOS": 1, "DV_BAJAVIS": 0, "DIS_CEGUER": 0, "T_ESPECTRO": 0, "T_VOZ_Y_HA": 0, "SISTEMICA": 0, "SORDOCEGUE": 0, "OTRA": 0, "TOT_EST_MA": 8, "AFRODESCEN": 0, "INDIGENAS": 5, "NEGRITUDES": 1, "PALENQUERO": 0, "RAIZALES": 0, "ROM": 0, "TOT_EST_ET": 6, "CAPACID_EX": 0, "DOBLE_EXCE": 0, "TE_ACTFISI": 0, "TE_ARTES": 0, "TE_CNATUR": 0, "TE_CSOCIAL": 0, "TE_LDSOCIA": 0, "TE_TECNOLO": 0, "TOT_EST_CA": 0, "TMATRIC_GE": 337, "Zona": 2 }, "geometry": { "type": "Point", "coordinates": [ -8244222.038699999451637, 515981.348000001162291 ] } },
{ "type": "Feature", "properties": { "NOMBRE_EST": "COLEGIO SAN MARTIN DE PORRES (IED)", "NOMBRE_SED": "ANTONIO JOSE DE SUCRE", "ORDEN_DE_S": "B", "DIRECCION": "KR 2 # 44 - 36", "DISCAPACID": "INTELECTUAL", "TALENTOS_O": "TALENTO EXCEPCIONAL EN ACTIVIDAD FISICA, EJERCICIO Y DEPORTE", "GRUPOS_ETN": "INDIGENAS", "SECTOR": 2, "NATU_JUR": 9, "CALENDARIO": 1, "GENERO": 5, "COD_LOCA": "02", "ESPECIALID": 1, "CLASE_TIPO": 1, "BILINGUE": 5, "FECHA": "2024-04-30", "DANE12_EST": "111001034665", "DANE12_SED": "111001014559", "DA_HIPOACU": 0, "DA_SORDERA": 0, "DA_LENGUAS": 0, "DA_UCASTEL": 0, "DISCAP_FIS": 0, "DISCAP_FLE": 0, "DISCAP_PCE": 0, "DI_DCOGNIT": 1, "DI_SDOWN": 0, "DIS_MULTIP": 2, "DIS_PSICOS": 0, "DV_BAJAVIS": 0, "DIS_CEGUER": 0, "T_ESPECTRO": 0, "T_VOZ_Y_HA": 0, "SISTEMICA": 0, "SORDOCEGUE": 0, "OTRA": 0, "TOT_EST_MA": 3, "AFRODESCEN": 2, "INDIGENAS": 0, "NEGRITUDES": 0, "PALENQUERO": 0, "RAIZALES": 0, "ROM": 0, "TOT_EST_ET": 2, "CAPACID_EX": 0, "DOBLE_EXCE": 0, "TE_ACTFISI": 0, "TE_ARTES": 0, "TE_CNATUR": 0, "TE_CSOCIAL": 0, "TE_LDSOCIA": 0, "TE_TECNOLO": 0, "TOT_EST_CA": 0, "TMATRIC_GE": 195, "Zona": 1 }, "geometry": { "type": "Point", "coordinates": [ -8244462.207100000232458, 516043.668600000441074 ] } },
{ "type": "Feature", "properties": { "NOMBRE_EST": "COLEGIO POLICARPA SALAVARRIETA (IED)", "NOMBRE_SED": "POLICARPA SALAVARRIETA", "ORDEN_DE_S": "A", "DIRECCION": "CL 28 # 5 A - 06", "DISCAPACID": "AUDITIVA-FISICA-INTELECTUAL-MENTAL/PSICOSOCIAL-MULTIPLE-VISUAL", "TALENTOS_O": "TALENTO EXCEPCIONAL EN ARTES Y LETRAS", "GRUPOS_ETN": "AFRODESCENDIENTES-INDIGENAS-NEGRITUDES", "SECTOR": 2, "NATU_JUR": 9, "CALENDARIO": 1, "GENERO": 5, "COD_LOCA": "03", "ESPECIALID": 1, "CLASE_TIPO": 1, "BILINGUE": 5, "FECHA": "2024-04-30", "DANE12_EST": "111001009831", "DANE12_SED": "111001009831", "DA_HIPOACU": 0, "DA_SORDERA": 0, "DA_LENGUAS": 0, "DA_UCASTEL": 0, "DISCAP_FIS": 1, "DISCAP_FLE": 0, "DISCAP_PCE": 0, "DI_DCOGNIT": 7, "DI_SDOWN": 0, "DIS_MULTIP": 7, "DIS_PSICOS": 5, "DV_BAJAVIS": 0, "DIS_CEGUER": 0, "T_ESPECTRO": 0, "T_VOZ_Y_HA": 0, "SISTEMICA": 0, "SORDOCEGUE": 0, "OTRA": 0, "TOT_EST_MA": 21, "AFRODESCEN": 2, "INDIGENAS": 12, "NEGRITUDES": 1, "PALENQUERO": 0, "RAIZALES": 0, "ROM": 0, "TOT_EST_ET": 15, "CAPACID_EX": 0, "DOBLE_EXCE": 0, "TE_ACTFISI": 0, "TE_ARTES": 0, "TE_CNATUR": 0, "TE_CSOCIAL": 0, "TE_LDSOCIA": 0, "TE_TECNOLO": 0, "TOT_EST_CA": 0, "TMATRIC_GE": 489, "Zona": 1 }, "geometry": { "type": "Point", "coordinates": [ -8245194.624800000339746, 514256.116599999368191 ] } },
{ "type": "Feature", "properties": { "NOMBRE_EST": "COLEGIO POLICARPA SALAVARRIETA (IED)", "NOMBRE_SED": "REPUBLICA DE ARGENTINA", "ORDEN_DE_S": "B", "DIRECCION": "CL 20 # 4 - 68", "DISCAPACID": "AUDITIVA-FISICA-INTELECTUAL-MULTIPLE", "TALENTOS_O": null, "GRUPOS_ETN": "AFRODESCENDIENTES-INDIGENAS", "SECTOR": 2, "NATU_JUR": 9, "CALENDARIO": 1, "GENERO": 5, "COD_LOCA": "03", "ESPECIALID": 13, "CLASE_TIPO": 1, "BILINGUE": 5, "FECHA": "2024-04-30", "DANE12_EST": "111001009831", "DANE12_SED": "111001015326", "DA_HIPOACU": 0, "DA_SORDERA": 0, "DA_LENGUAS": 0, "DA_UCASTEL": 0, "DISCAP_FIS": 1, "DISCAP_FLE": 0, "DISCAP_PCE": 0, "DI_DCOGNIT": 5, "DI_SDOWN": 0, "DIS_MULTIP": 1, "DIS_PSICOS": 0, "DV_BAJAVIS": 0, "DIS_CEGUER": 0, "T_ESPECTRO": 0, "T_VOZ_Y_HA": 0, "SISTEMICA": 0, "SORDOCEGUE": 0, "OTRA": 0, "TOT_EST_MA": 8, "AFRODESCEN": 1, "INDIGENAS": 7, "NEGRITUDES": 2, "PALENQUERO": 0, "RAIZALES": 0, "ROM": 0, "TOT_EST_ET": 10, "CAPACID_EX": 1, "DOBLE_EXCE": 0, "TE_ACTFISI": 1, "TE_ARTES": 0, "TE_CNATUR": 0, "TE_CSOCIAL": 0, "TE_LDSOCIA": 0, "TE_TECNOLO": 0, "TOT_EST_CA": 1, "TMATRIC_GE": 546, "Zona": 1 }, "geometry": { "type": "Point", "coordinates": [ -8245345.270099999383092, 513169.83729999884963 ] } },
{ "type": "Feature", "properties": { "NOMBRE_EST": "COLEGIO EXTERNADO NACIONAL CAMILO TORRES (IED)", "NOMBRE_SED": "CAMILO TORRES", "ORDEN_DE_S": "A", "DIRECCION": "KR 7 # 33 - 64", "DISCAPACID": "FISICA-INTELECTUAL-MENTAL/PSICOSOCIAL-MULTIPLE-SORDOCEGUERA", "TALENTOS_O": "TALENTO EXCEPCIONAL EN ACTIVIDAD FISICA, EJERCICIO Y DEPORTE", "GRUPOS_ETN": "AFRODESCENDIENTES-INDIGENAS-NEGRITUDES", "SECTOR": 2, "NATU_JUR": 9, "CALENDARIO": 1, "GENERO": 5, "COD_LOCA": "03", "ESPECIALID": 1, "CLASE_TIPO": 1, "BILINGUE": 5, "FECHA": "2024-04-30", "DANE12_EST": "111001010839", "DANE12_SED": "111001010839", "DA_HIPOACU": 0, "DA_SORDERA": 0, "DA_LENGUAS": 0, "DA_UCASTEL": 0, "DISCAP_FIS": 1, "DISCAP_FLE": 0, "DISCAP_PCE": 0, "DI_DCOGNIT": 8, "DI_SDOWN": 0, "DIS_MULTIP": 3, "DIS_PSICOS": 0, "DV_BAJAVIS": 0, "DIS_CEGUER": 0, "T_ESPECTRO": 0, "T_VOZ_Y_HA": 0, "SISTEMICA": 0, "SORDOCEGUE": 0, "OTRA": 0, "TOT_EST_MA": 13, "AFRODESCEN": 10, "INDIGENAS": 20, "NEGRITUDES": 6, "PALENQUERO": 0, "RAIZALES": 0, "ROM": 0, "TOT_EST_ET": 36, "CAPACID_EX": 0, "DOBLE_EXCE": 0, "TE_ACTFISI": 0, "TE_ARTES": 0, "TE_CNATUR": 0, "TE_CSOCIAL": 0, "TE_LDSOCIA": 0, "TE_TECNOLO": 0, "TOT_EST_CA": 0, "TMATRIC_GE": 1034, "Zona": 1 }, "geometry": { "type": "Point", "coordinates": [ -8245141.898299999535084, 514898.667500000447035 ] } },
{ "type": "Feature", "properties": { "NOMBRE_EST": "COLEGIO AULAS COLOMBIANAS SAN LUIS (IED)", "NOMBRE_SED": "AULAS COLOMBIANAS EL CONSUELO", "ORDEN_DE_S": "A", "DIRECCION": "KR 11 ESTE # 1 A - 85  --  KR 11 ESTE # 0 - 21", "DISCAPACID": "FISICA-INTELECTUAL-MENTAL/PSICOSOCIAL-MULTIPLE-VISUAL", "TALENTOS_O": null, "GRUPOS_ETN": "AFRODESCENDIENTES-INDIGENAS-NEGRITUDES", "SECTOR": 2, "NATU_JUR": 9, "CALENDARIO": 1, "GENERO": 5, "COD_LOCA": "03", "ESPECIALID": 1, "CLASE_TIPO": 1, "BILINGUE": 5, "FECHA": "2024-04-30", "DANE12_EST": "111001013242", "DANE12_SED": "111001013242", "DA_HIPOACU": 0, "DA_SORDERA": 0, "DA_LENGUAS": 0, "DA_UCASTEL": 0, "DISCAP_FIS": 3, "DISCAP_FLE": 0, "DISCAP_PCE": 0, "DI_DCOGNIT": 33, "DI_SDOWN": 0, "DIS_MULTIP": 4, "DIS_PSICOS": 8, "DV_BAJAVIS": 1, "DIS_CEGUER": 0, "T_ESPECTRO": 0, "T_VOZ_Y_HA": 0, "SISTEMICA": 0, "SORDOCEGUE": 0, "OTRA": 0, "TOT_EST_MA": 49, "AFRODESCEN": 3, "INDIGENAS": 366, "NEGRITUDES": 2, "PALENQUERO": 0, "RAIZALES": 0, "ROM": 0, "TOT_EST_ET": 371, "CAPACID_EX": 0, "DOBLE_EXCE": 0, "TE_ACTFISI": 0, "TE_ARTES": 0, "TE_CNATUR": 0, "TE_CSOCIAL": 0, "TE_LDSOCIA": 0, "TE_TECNOLO": 0, "TOT_EST_CA": 0, "TMATRIC_GE": 1273, "Zona": 1 }, "geometry": { "type": "Point", "coordinates": [ -8245561.730900000780821, 510479.65260000154376 ] } },
{ "type": "Feature", "properties": { "NOMBRE_EST": "COLEGIO AULAS COLOMBIANAS SAN LUIS (IED)", "NOMBRE_SED": "SAN LUIS EL DORADO", "ORDEN_DE_S": "B", "DIRECCION": "CL 1 A BIS # 7 B - 15 ESTE", "DISCAPACID": "-INTELECTUAL-", "TALENTOS_O": null, "GRUPOS_ETN": null, "SECTOR": 2, "NATU_JUR": 9, "CALENDARIO": 1, "GENERO": 5, "COD_LOCA": "03", "ESPECIALID": 13, "CLASE_TIPO": 1, "BILINGUE": 5, "FECHA": "2024-04-30", "DANE12_EST": "111001013242", "DANE12_SED": "111001086371", "DA_HIPOACU": 0, "DA_SORDERA": 0, "DA_LENGUAS": 0, "DA_UCASTEL": 0, "DISCAP_FIS": 0, "DISCAP_FLE": 0, "DISCAP_PCE": 0, "DI_DCOGNIT": 0, "DI_SDOWN": 0, "DIS_MULTIP": 1, "DIS_PSICOS": 0, "DV_BAJAVIS": 0, "DIS_CEGUER": 0, "T_ESPECTRO": 0, "T_VOZ_Y_HA": 0, "SISTEMICA": 0, "SORDOCEGUE": 0, "OTRA": 0, "TOT_EST_MA": 1, "AFRODESCEN": 0, "INDIGENAS": 2, "NEGRITUDES": 0, "PALENQUERO": 0, "RAIZALES": 0, "ROM": 0, "TOT_EST_ET": 2, "CAPACID_EX": 0, "DOBLE_EXCE": 0, "TE_ACTFISI": 0, "TE_ARTES": 0, "TE_CNATUR": 0, "TE_CSOCIAL": 0, "TE_LDSOCIA": 0, "TE_TECNOLO": 0, "TOT_EST_CA": 0, "TMATRIC_GE": 195, "Zona": 1 }, "geometry": { "type": "Point", "coordinates": [ -8245768.187300000339746, 510414.143500000238419 ] } },
{ "type": "Feature", "properties": { "NOMBRE_EST": "COLEGIO JORGE SOTO DEL CORRAL (IED)", "NOMBRE_SED": "JORGE SOTO DEL CORRAL", "ORDEN_DE_S": "A", "DIRECCION": "CL 3 # 1 A - 11 ESTE  --  CL 3 # 2 - 64 ESTE", "DISCAPACID": "AUDITIVA-FISICA-INTELECTUAL-MULTIPLE", "TALENTOS_O": null, "GRUPOS_ETN": "AFRODESCENDIENTES-INDIGENAS-NEGRITUDES", "SECTOR": 2, "NATU_JUR": 9, "CALENDARIO": 1, "GENERO": 5, "COD_LOCA": "03", "ESPECIALID": 1, "CLASE_TIPO": 1, "BILINGUE": 5, "FECHA": "2024-04-30", "DANE12_EST": "111001032409", "DANE12_SED": "111001032409", "DA_HIPOACU": 0, "DA_SORDERA": 0, "DA_LENGUAS": 0, "DA_UCASTEL": 0, "DISCAP_FIS": 2, "DISCAP_FLE": 0, "DISCAP_PCE": 0, "DI_DCOGNIT": 6, "DI_SDOWN": 0, "DIS_MULTIP": 12, "DIS_PSICOS": 0, "DV_BAJAVIS": 0, "DIS_CEGUER": 0, "T_ESPECTRO": 0, "T_VOZ_Y_HA": 0, "SISTEMICA": 0, "SORDOCEGUE": 0, "OTRA": 0, "TOT_EST_MA": 21, "AFRODESCEN": 0, "INDIGENAS": 1, "NEGRITUDES": 1, "PALENQUERO": 0, "RAIZALES": 0, "ROM": 0, "TOT_EST_ET": 2, "CAPACID_EX": 0, "DOBLE_EXCE": 0, "TE_ACTFISI": 0, "TE_ARTES": 0, "TE_CNATUR": 0, "TE_CSOCIAL": 0, "TE_LDSOCIA": 0, "TE_TECNOLO": 0, "TOT_EST_CA": 0, "TMATRIC_GE": 562, "Zona": 1 }, "geometry": { "type": "Point", "coordinates": [ -8245812.498099999502301, 511251.806099999696016 ] } },
{ "type": "Feature", "properties": { "NOMBRE_EST": "COLEGIO JORGE SOTO DEL CORRAL (IED)", "NOMBRE_SED": "ATANASIO GIRARDOT", "ORDEN_DE_S": "B", "DIRECCION": "CL 1 D BIS # 2 - 03 ESTE", "DISCAPACID": "INTELECTUAL-MULTIPLE", "TALENTOS_O": "CAPACIDADES EXCEPCIONALES", "GRUPOS_ETN": "AFRODESCENDIENTES-INDIGENAS", "SECTOR": 2, "NATU_JUR": 9, "CALENDARIO": 1, "GENERO": 5, "COD_LOCA": "03", "ESPECIALID": 13, "CLASE_TIPO": 1, "BILINGUE": 5, "FECHA": "2024-04-30", "DANE12_EST": "111001032409", "DANE12_SED": "111001015563", "DA_HIPOACU": 0, "DA_SORDERA": 0, "DA_LENGUAS": 0, "DA_UCASTEL": 0, "DISCAP_FIS": 2, "DISCAP_FLE": 0, "DISCAP_PCE": 0, "DI_DCOGNIT": 2, "DI_SDOWN": 0, "DIS_MULTIP": 1, "DIS_PSICOS": 0, "DV_BAJAVIS": 0, "DIS_CEGUER": 0, "T_ESPECTRO": 0, "T_VOZ_Y_HA": 0, "SISTEMICA": 0, "SORDOCEGUE": 0, "OTRA": 0, "TOT_EST_MA": 6, "AFRODESCEN": 2, "INDIGENAS": 2, "NEGRITUDES": 0, "PALENQUERO": 0, "RAIZALES": 0, "ROM": 0, "TOT_EST_ET": 4, "CAPACID_EX": 0, "DOBLE_EXCE": 0, "TE_ACTFISI": 0, "TE_ARTES": 0, "TE_CNATUR": 0, "TE_CSOCIAL": 0, "TE_LDSOCIA": 0, "TE_TECNOLO": 0, "TOT_EST_CA": 0, "TMATRIC_GE": 381, "Zona": 1 }, "geometry": { "type": "Point", "coordinates": [ -8245810.306199999526143, 510914.5 ] } },
{ "type": "Feature", "properties": { "NOMBRE_EST": "COLEGIO JORGE SOTO DEL CORRAL (IED)", "NOMBRE_SED": "EL GUAVIO", "ORDEN_DE_S": "C", "DIRECCION": "KR 4 A ESTE # 3 B - 46", "DISCAPACID": "AUDITIVA-FISICA-MULTIPLE", "TALENTOS_O": null, "GRUPOS_ETN": null, "SECTOR": 2, "NATU_JUR": 9, "CALENDARIO": 1, "GENERO": 5, "COD_LOCA": "03", "ESPECIALID": 13, "CLASE_TIPO": 1, "BILINGUE": 5, "FECHA": "2024-04-30", "DANE12_EST": "111001032409", "DANE12_SED": "111001015512", "DA_HIPOACU": 0, "DA_SORDERA": 0, "DA_LENGUAS": 0, "DA_UCASTEL": 0, "DISCAP_FIS": 1, "DISCAP_FLE": 0, "DISCAP_PCE": 0, "DI_DCOGNIT": 2, "DI_SDOWN": 0, "DIS_MULTIP": 5, "DIS_PSICOS": 0, "DV_BAJAVIS": 0, "DIS_CEGUER": 0, "T_ESPECTRO": 0, "T_VOZ_Y_HA": 0, "SISTEMICA": 0, "SORDOCEGUE": 0, "OTRA": 0, "TOT_EST_MA": 9, "AFRODESCEN": 0, "INDIGENAS": 0, "NEGRITUDES": 0, "PALENQUERO": 0, "RAIZALES": 0, "ROM": 0, "TOT_EST_ET": 0, "CAPACID_EX": 0, "DOBLE_EXCE": 0, "TE_ACTFISI": 0, "TE_ARTES": 0, "TE_CNATUR": 0, "TE_CSOCIAL": 0, "TE_LDSOCIA": 0, "TE_TECNOLO": 0, "TOT_EST_CA": 0, "TMATRIC_GE": 140, "Zona": 1 }, "geometry": { "type": "Point", "coordinates": [ -8245473.291999999433756, 511344.937899999320507 ] } },
{ "type": "Feature", "properties": { "NOMBRE_EST": "COLEGIO ANTONIO JOSE URIBE (IED)", "NOMBRE_SED": "ANTONIO JOSE URIBE", "ORDEN_DE_S": "A", "DIRECCION": "CL 3 # 9 - 70", "DISCAPACID": "FISICA-INTELECTUAL-MENTAL/PSICOSOCIAL-MULTIPLE-VISUAL", "TALENTOS_O": "TALENTO EXCEPCIONAL EN ARTES Y LETRAS", "GRUPOS_ETN": "AFRODESCENDIENTES-INDIGENAS-NEGRITUDES", "SECTOR": 2, "NATU_JUR": 9, "CALENDARIO": 1, "GENERO": 5, "COD_LOCA": "03", "ESPECIALID": 1, "CLASE_TIPO": 1, "BILINGUE": 5, "FECHA": "2024-04-30", "DANE12_EST": "111001036544", "DANE12_SED": "111001036544", "DA_HIPOACU": 0, "DA_SORDERA": 0, "DA_LENGUAS": 0, "DA_UCASTEL": 0, "DISCAP_FIS": 1, "DISCAP_FLE": 0, "DISCAP_PCE": 0, "DI_DCOGNIT": 17, "DI_SDOWN": 0, "DIS_MULTIP": 3, "DIS_PSICOS": 3, "DV_BAJAVIS": 1, "DIS_CEGUER": 0, "T_ESPECTRO": 0, "T_VOZ_Y_HA": 0, "SISTEMICA": 0, "SORDOCEGUE": 1, "OTRA": 0, "TOT_EST_MA": 26, "AFRODESCEN": 6, "INDIGENAS": 44, "NEGRITUDES": 8, "PALENQUERO": 0, "RAIZALES": 0, "ROM": 0, "TOT_EST_ET": 58, "CAPACID_EX": 0, "DOBLE_EXCE": 0, "TE_ACTFISI": 0, "TE_ARTES": 0, "TE_CNATUR": 0, "TE_CSOCIAL": 0, "TE_LDSOCIA": 0, "TE_TECNOLO": 0, "TOT_EST_CA": 0, "TMATRIC_GE": 1025, "Zona": 1 }, "geometry": { "type": "Point", "coordinates": [ -8246805.543600000441074, 511749.045699998736382 ] } },
{ "type": "Feature", "properties": { "NOMBRE_EST": "COLEGIO ANTONIO JOSE URIBE (IED)", "NOMBRE_SED": "LOS ANGELES", "ORDEN_DE_S": "B", "DIRECCION": "CL 3 # 11 B - 40", "DISCAPACID": "INTELECTUAL", "TALENTOS_O": null, "GRUPOS_ETN": null, "SECTOR": 2, "NATU_JUR": 9, "CALENDARIO": 1, "GENERO": 5, "COD_LOCA": "03", "ESPECIALID": 13, "CLASE_TIPO": 1, "BILINGUE": 5, "FECHA": "2024-04-30", "DANE12_EST": "111001036544", "DANE12_SED": "111001015491", "DA_HIPOACU": 0, "DA_SORDERA": 0, "DA_LENGUAS": 0, "DA_UCASTEL": 0, "DISCAP_FIS": 1, "DISCAP_FLE": 0, "DISCAP_PCE": 0, "DI_DCOGNIT": 0, "DI_SDOWN": 0, "DIS_MULTIP": 0, "DIS_PSICOS": 0, "DV_BAJAVIS": 0, "DIS_CEGUER": 0, "T_ESPECTRO": 0, "T_VOZ_Y_HA": 0, "SISTEMICA": 0, "SORDOCEGUE": 0, "OTRA": 0, "TOT_EST_MA": 1, "AFRODESCEN": 0, "INDIGENAS": 0, "NEGRITUDES": 0, "PALENQUERO": 0, "RAIZALES": 0, "ROM": 0, "TOT_EST_ET": 0, "CAPACID_EX": 0, "DOBLE_EXCE": 0, "TE_ACTFISI": 0, "TE_ARTES": 0, "TE_CNATUR": 0, "TE_CSOCIAL": 0, "TE_LDSOCIA": 0, "TE_TECNOLO": 0, "TOT_EST_CA": 0, "TMATRIC_GE": 119, "Zona": 1 }, "geometry": { "type": "Point", "coordinates": [ -8247063.138000000268221, 511891.640000000596046 ] } },
{ "type": "Feature", "properties": { "NOMBRE_EST": "COLEGIO MANUEL ELKIN PATARROYO (IED)", "NOMBRE_SED": "MANUEL ELKIN PATARROYO", "ORDEN_DE_S": "A", "DIRECCION": "CL 32 A # 3 C - 37", "DISCAPACID": "AUDITIVA-FISICA-INTELECTUAL-MULTIPLE", "TALENTOS_O": "TALENTO EXCEPCIONAL EN ACTIVIDAD FISICA, EJERCICIO Y DEPORTE", "GRUPOS_ETN": "AFRODESCENDIENTES-INDIGENAS-NEGRITUDES", "SECTOR": 2, "NATU_JUR": 9, "CALENDARIO": 1, "GENERO": 5, "COD_LOCA": "03", "ESPECIALID": 1, "CLASE_TIPO": 1, "BILINGUE": 5, "FECHA": "2024-04-30", "DANE12_EST": "111001094901", "DANE12_SED": "111001094901", "DA_HIPOACU": 2, "DA_SORDERA": 0, "DA_LENGUAS": 0, "DA_UCASTEL": 0, "DISCAP_FIS": 3, "DISCAP_FLE": 0, "DISCAP_PCE": 0, "DI_DCOGNIT": 19, "DI_SDOWN": 0, "DIS_MULTIP": 13, "DIS_PSICOS": 0, "DV_BAJAVIS": 0, "DIS_CEGUER": 0, "T_ESPECTRO": 0, "T_VOZ_Y_HA": 0, "SISTEMICA": 0, "SORDOCEGUE": 0, "OTRA": 0, "TOT_EST_MA": 37, "AFRODESCEN": 0, "INDIGENAS": 2, "NEGRITUDES": 0, "PALENQUERO": 0, "RAIZALES": 0, "ROM": 0, "TOT_EST_ET": 2, "CAPACID_EX": 0, "DOBLE_EXCE": 0, "TE_ACTFISI": 0, "TE_ARTES": 0, "TE_CNATUR": 0, "TE_CSOCIAL": 0, "TE_LDSOCIA": 0, "TE_TECNOLO": 0, "TOT_EST_CA": 0, "TMATRIC_GE": 409, "Zona": 1 }, "geometry": { "type": "Point", "coordinates": [ -8244830.530999999493361, 514595.512299999594688 ] } },
{ "type": "Feature", "properties": { "NOMBRE_EST": "COLEGIO LA GIRALDA (IED)", "NOMBRE_SED": "COLEGIO LA GIRALDA (IED) - SEDE PRINCIPAL", "ORDEN_DE_S": "A", "DIRECCION": "AC 1 # 3 - 60", "DISCAPACID": "AUDITIVA-FISICA-INTELECTUAL-MENTAL/PSICOSOCIAL", "TALENTOS_O": "CAPACIDADES EXCEPCIONALES-TALENTO EXCEPCIONAL EN ACTIVIDAD FISICA, EJERCICIO Y DEPORTE-TALENTO EXCEPCIONAL EN ARTES Y LETRAS-TALENTO EXCEPCIONAL EN LIDERAZGO SOCIAL Y EMPRENDIMIENTO", "GRUPOS_ETN": "AFRODESCENDIENTES-INDIGENAS-NEGRITUDES", "SECTOR": 2, "NATU_JUR": 9, "CALENDARIO": 1, "GENERO": 5, "COD_LOCA": "03", "ESPECIALID": 1, "CLASE_TIPO": 2, "BILINGUE": 5, "FECHA": "2024-04-30", "DANE12_EST": "111001100030", "DANE12_SED": "111001100030", "DA_HIPOACU": 3, "DA_SORDERA": 0, "DA_LENGUAS": 0, "DA_UCASTEL": 0, "DISCAP_FIS": 1, "DISCAP_FLE": 0, "DISCAP_PCE": 0, "DI_DCOGNIT": 12, "DI_SDOWN": 0, "DIS_MULTIP": 2, "DIS_PSICOS": 2, "DV_BAJAVIS": 0, "DIS_CEGUER": 0, "T_ESPECTRO": 0, "T_VOZ_Y_HA": 0, "SISTEMICA": 0, "SORDOCEGUE": 0, "OTRA": 0, "TOT_EST_MA": 20, "AFRODESCEN": 1, "INDIGENAS": 7, "NEGRITUDES": 2, "PALENQUERO": 0, "RAIZALES": 0, "ROM": 0, "TOT_EST_ET": 10, "CAPACID_EX": 0, "DOBLE_EXCE": 0, "TE_ACTFISI": 0, "TE_ARTES": 0, "TE_CNATUR": 0, "TE_CSOCIAL": 0, "TE_LDSOCIA": 0, "TE_TECNOLO": 0, "TOT_EST_CA": 0, "TMATRIC_GE": 1403, "Zona": 1 }, "geometry": { "type": "Point", "coordinates": [ -8246457.36739999987185, 510730.345300000160933 ] } },
{ "type": "Feature", "properties": { "NOMBRE_EST": "COLEGIO EL VERJON (IED)", "NOMBRE_SED": "EL VERJON ALTO", "ORDEN_DE_S": "A", "DIRECCION": "KM 13 VIA CHOACHI", "DISCAPACID": "AUDITIVA-FISICA-INTELECTUAL-MULTIPLE", "TALENTOS_O": null, "GRUPOS_ETN": null, "SECTOR": 2, "NATU_JUR": 9, "CALENDARIO": 1, "GENERO": 5, "COD_LOCA": "03", "ESPECIALID": 1, "CLASE_TIPO": 1, "BILINGUE": 5, "FECHA": "2024-04-30", "DANE12_EST": "211001027485", "DANE12_SED": "211001027485", "DA_HIPOACU": 0, "DA_SORDERA": 0, "DA_LENGUAS": 0, "DA_UCASTEL": 0, "DISCAP_FIS": 0, "DISCAP_FLE": 0, "DISCAP_PCE": 0, "DI_DCOGNIT": 8, "DI_SDOWN": 0, "DIS_MULTIP": 1, "DIS_PSICOS": 0, "DV_BAJAVIS": 0, "DIS_CEGUER": 0, "T_ESPECTRO": 0, "T_VOZ_Y_HA": 0, "SISTEMICA": 0, "SORDOCEGUE": 0, "OTRA": 0, "TOT_EST_MA": 10, "AFRODESCEN": 0, "INDIGENAS": 0, "NEGRITUDES": 0, "PALENQUERO": 0, "RAIZALES": 0, "ROM": 0, "TOT_EST_ET": 0, "CAPACID_EX": 0, "DOBLE_EXCE": 0, "TE_ACTFISI": 0, "TE_ARTES": 0, "TE_CNATUR": 0, "TE_CSOCIAL": 0, "TE_LDSOCIA": 0, "TE_TECNOLO": 0, "TOT_EST_CA": 0, "TMATRIC_GE": 207, "Zona": 2 }, "geometry": { "type": "Point", "coordinates": [ -8240313.986500000581145, 510722.129900000989437 ] } },
{ "type": "Feature", "properties": { "NOMBRE_EST": "COLEGIO LOS PINOS (IED)", "NOMBRE_SED": "LOS PINOS", "ORDEN_DE_S": "A", "DIRECCION": "DG 4 A # 5 B - 93 ESTE", "DISCAPACID": "AUDITIVA-FISICA-INTELECTUAL-MULTIPLE", "TALENTOS_O": "TALENTO EXCEPCIONAL EN CIENCIAS NATURALES O BASICAS", "GRUPOS_ETN": "NEGRITUDES", "SECTOR": 2, "NATU_JUR": 9, "CALENDARIO": 1, "GENERO": 5, "COD_LOCA": "03", "ESPECIALID": 1, "CLASE_TIPO": 1, "BILINGUE": 5, "FECHA": "2024-04-30", "DANE12_EST": "311001026441", "DANE12_SED": "311001026441", "DA_HIPOACU": 0, "DA_SORDERA": 0, "DA_LENGUAS": 0, "DA_UCASTEL": 0, "DISCAP_FIS": 1, "DISCAP_FLE": 0, "DISCAP_PCE": 0, "DI_DCOGNIT": 5, "DI_SDOWN": 0, "DIS_MULTIP": 2, "DIS_PSICOS": 0, "DV_BAJAVIS": 1, "DIS_CEGUER": 0, "T_ESPECTRO": 0, "T_VOZ_Y_HA": 0, "SISTEMICA": 0, "SORDOCEGUE": 0, "OTRA": 0, "TOT_EST_MA": 9, "AFRODESCEN": 1, "INDIGENAS": 2, "NEGRITUDES": 2, "PALENQUERO": 0, "RAIZALES": 0, "ROM": 0, "TOT_EST_ET": 5, "CAPACID_EX": 0, "DOBLE_EXCE": 0, "TE_ACTFISI": 0, "TE_ARTES": 0, "TE_CNATUR": 0, "TE_CSOCIAL": 0, "TE_LDSOCIA": 0, "TE_TECNOLO": 0, "TOT_EST_CA": 0, "TMATRIC_GE": 389, "Zona": 1 }, "geometry": { "type": "Point", "coordinates": [ -8245223.674699999392033, 511247.313400000333786 ] } },
{ "type": "Feature", "properties": { "NOMBRE_EST": "COLEGIO LOS PINOS (IED)", "NOMBRE_SED": "EFRAIN CAÑAVERA", "ORDEN_DE_S": "B", "DIRECCION": "KR 7 ESTE # 5 - 20", "DISCAPACID": "FISICA-MULTIPLE", "TALENTOS_O": "TALENTO EXCEPCIONAL EN ARTES Y LETRAS", "GRUPOS_ETN": "AFRODESCENDIENTES-INDIGENAS", "SECTOR": 2, "NATU_JUR": 9, "CALENDARIO": 1, "GENERO": 5, "COD_LOCA": "03", "ESPECIALID": 1, "CLASE_TIPO": 1, "BILINGUE": 5, "FECHA": "2024-04-30", "DANE12_EST": "311001026441", "DANE12_SED": "111001013463", "DA_HIPOACU": 0, "DA_SORDERA": 0, "DA_LENGUAS": 0, "DA_UCASTEL": 0, "DISCAP_FIS": 0, "DISCAP_FLE": 0, "DISCAP_PCE": 0, "DI_DCOGNIT": 2, "DI_SDOWN": 0, "DIS_MULTIP": 1, "DIS_PSICOS": 0, "DV_BAJAVIS": 0, "DIS_CEGUER": 0, "T_ESPECTRO": 0, "T_VOZ_Y_HA": 0, "SISTEMICA": 0, "SORDOCEGUE": 0, "OTRA": 0, "TOT_EST_MA": 3, "AFRODESCEN": 4, "INDIGENAS": 3, "NEGRITUDES": 0, "PALENQUERO": 0, "RAIZALES": 0, "ROM": 0, "TOT_EST_ET": 7, "CAPACID_EX": 0, "DOBLE_EXCE": 0, "TE_ACTFISI": 0, "TE_ARTES": 0, "TE_CNATUR": 0, "TE_CSOCIAL": 0, "TE_LDSOCIA": 0, "TE_TECNOLO": 0, "TOT_EST_CA": 0, "TMATRIC_GE": 248, "Zona": 1 }, "geometry": { "type": "Point", "coordinates": [ -8245068.04450000077486, 511229.403999999165535 ] } },
{ "type": "Feature", "properties": { "NOMBRE_EST": "COLEGIO LOS PINOS (IED)", "NOMBRE_SED": "EL PAREJO", "ORDEN_DE_S": "C", "DIRECCION": "CL 9 B # 6 - 27 ESTE", "DISCAPACID": "INTELECTUAL-MENTAL/PSICOSOCIAL-MULTIPLE", "TALENTOS_O": null, "GRUPOS_ETN": null, "SECTOR": 2, "NATU_JUR": 9, "CALENDARIO": 1, "GENERO": 5, "COD_LOCA": "03", "ESPECIALID": 1, "CLASE_TIPO": 1, "BILINGUE": 5, "FECHA": "2024-04-30", "DANE12_EST": "311001026441", "DANE12_SED": "111001013412", "DA_HIPOACU": 2, "DA_SORDERA": 0, "DA_LENGUAS": 0, "DA_UCASTEL": 0, "DISCAP_FIS": 0, "DISCAP_FLE": 0, "DISCAP_PCE": 0, "DI_DCOGNIT": 4, "DI_SDOWN": 0, "DIS_MULTIP": 2, "DIS_PSICOS": 1, "DV_BAJAVIS": 0, "DIS_CEGUER": 0, "T_ESPECTRO": 0, "T_VOZ_Y_HA": 0, "SISTEMICA": 0, "SORDOCEGUE": 0, "OTRA": 0, "TOT_EST_MA": 9, "AFRODESCEN": 1, "INDIGENAS": 0, "NEGRITUDES": 0, "PALENQUERO": 0, "RAIZALES": 0, "ROM": 0, "TOT_EST_ET": 1, "CAPACID_EX": 0, "DOBLE_EXCE": 0, "TE_ACTFISI": 0, "TE_ARTES": 0, "TE_CNATUR": 0, "TE_CSOCIAL": 0, "TE_LDSOCIA": 0, "TE_TECNOLO": 0, "TOT_EST_CA": 0, "TMATRIC_GE": 85, "Zona": 1 }, "geometry": { "type": "Point", "coordinates": [ -8245053.804500000551343, 511658.250100001692772 ] } },
{ "type": "Feature", "properties": { "NOMBRE_EST": "COLEGIO GRAN COLOMBIA (CED)", "NOMBRE_SED": "GRAN COLOMBIA", "ORDEN_DE_S": "A", "DIRECCION": "KR 19A ESTE # 9A-26 SUR  --  KR 22 ESTE # 11 - 14 SUR", "DISCAPACID": null, "TALENTOS_O": null, "GRUPOS_ETN": null, "SECTOR": 2, "NATU_JUR": 9, "CALENDARIO": 1, "GENERO": 5, "COD_LOCA": "04", "ESPECIALID": 13, "CLASE_TIPO": 1, "BILINGUE": 5, "FECHA": "2024-04-30", "DANE12_EST": "111001011975", "DANE12_SED": "111001011975", "DA_HIPOACU": 0, "DA_SORDERA": 0, "DA_LENGUAS": 0, "DA_UCASTEL": 0, "DISCAP_FIS": 2, "DISCAP_FLE": 0, "DISCAP_PCE": 0, "DI_DCOGNIT": 3, "DI_SDOWN": 0, "DIS_MULTIP": 0, "DIS_PSICOS": 0, "DV_BAJAVIS": 1, "DIS_CEGUER": 0, "T_ESPECTRO": 0, "T_VOZ_Y_HA": 0, "SISTEMICA": 0, "SORDOCEGUE": 0, "OTRA": 0, "TOT_EST_MA": 7, "AFRODESCEN": 0, "INDIGENAS": 0, "NEGRITUDES": 0, "PALENQUERO": 0, "RAIZALES": 0, "ROM": 0, "TOT_EST_ET": 0, "CAPACID_EX": 0, "DOBLE_EXCE": 0, "TE_ACTFISI": 0, "TE_ARTES": 0, "TE_CNATUR": 0, "TE_CSOCIAL": 0, "TE_LDSOCIA": 0, "TE_TECNOLO": 0, "TOT_EST_CA": 0, "TMATRIC_GE": 111, "Zona": 1 }, "geometry": { "type": "Point", "coordinates": [ -8245449.313799999654293, 509056.246899999678135 ] } },
{ "type": "Feature", "properties": { "NOMBRE_EST": "COLEGIO VEINTE DE JULIO (IED)", "NOMBRE_SED": "VEINTE DE JULIO", "ORDEN_DE_S": "A", "DIRECCION": "KR 7 A  # 24 - 01 SUR  --  KR 7 # 24 - 01 SUR", "DISCAPACID": "AUDITIVA-FISICA-INTELECTUAL-MENTAL/PSICOSOCIAL-MULTIPLE", "TALENTOS_O": "CAPACIDADES EXCEPCIONALES-TALENTO EXCEPCIONAL EN ACTIVIDAD FISICA, EJERCICIO Y DEPORTE-TALENTO EXCEPCIONAL EN ARTES Y LETRAS", "GRUPOS_ETN": "AFRODESCENDIENTES-INDIGENAS-NEGRITUDES-PALENQUEROS", "SECTOR": 2, "NATU_JUR": 9, "CALENDARIO": 1, "GENERO": 5, "COD_LOCA": "04", "ESPECIALID": 1, "CLASE_TIPO": 1, "BILINGUE": 5, "FECHA": "2024-04-30", "DANE12_EST": "111001012033", "DANE12_SED": "111001012033", "DA_HIPOACU": 2, "DA_SORDERA": 0, "DA_LENGUAS": 0, "DA_UCASTEL": 0, "DISCAP_FIS": 4, "DISCAP_FLE": 0, "DISCAP_PCE": 0, "DI_DCOGNIT": 11, "DI_SDOWN": 0, "DIS_MULTIP": 8, "DIS_PSICOS": 1, "DV_BAJAVIS": 1, "DIS_CEGUER": 0, "T_ESPECTRO": 0, "T_VOZ_Y_HA": 0, "SISTEMICA": 0, "SORDOCEGUE": 0, "OTRA": 0, "TOT_EST_MA": 27, "AFRODESCEN": 9, "INDIGENAS": 29, "NEGRITUDES": 2, "PALENQUERO": 1, "RAIZALES": 0, "ROM": 0, "TOT_EST_ET": 41, "CAPACID_EX": 1, "DOBLE_EXCE": 0, "TE_ACTFISI": 1, "TE_ARTES": 0, "TE_CNATUR": 0, "TE_CSOCIAL": 0, "TE_LDSOCIA": 0, "TE_TECNOLO": 0, "TOT_EST_CA": 1, "TMATRIC_GE": 964, "Zona": 1 }, "geometry": { "type": "Point", "coordinates": [ -8248099.824200000613928, 509400.344399999827147 ] } },
{ "type": "Feature", "properties": { "NOMBRE_EST": "COLEGIO PANTALEON GAITAN PEREZ (CED)", "NOMBRE_SED": "PANTALEON GAITAN PEREZ", "ORDEN_DE_S": "A", "DIRECCION": "KR 18 ESTE # 13 - 42 SUR", "DISCAPACID": "FISICA-MENTAL/PSICOSOCIAL-MULTIPLE", "TALENTOS_O": "CAPACIDADES EXCEPCIONALES", "GRUPOS_ETN": "AFRODESCENDIENTES", "SECTOR": 2, "NATU_JUR": 9, "CALENDARIO": 1, "GENERO": 5, "COD_LOCA": "04", "ESPECIALID": 13, "CLASE_TIPO": 1, "BILINGUE": 5, "FECHA": "2024-04-30", "DANE12_EST": "111001012246", "DANE12_SED": "111001012246", "DA_HIPOACU": 0, "DA_SORDERA": 0, "DA_LENGUAS": 0, "DA_UCASTEL": 0, "DISCAP_FIS": 0, "DISCAP_FLE": 0, "DISCAP_PCE": 0, "DI_DCOGNIT": 1, "DI_SDOWN": 0, "DIS_MULTIP": 4, "DIS_PSICOS": 1, "DV_BAJAVIS": 0, "DIS_CEGUER": 0, "T_ESPECTRO": 0, "T_VOZ_Y_HA": 0, "SISTEMICA": 0, "SORDOCEGUE": 0, "OTRA": 0, "TOT_EST_MA": 6, "AFRODESCEN": 0, "INDIGENAS": 0, "NEGRITUDES": 0, "PALENQUERO": 0, "RAIZALES": 0, "ROM": 0, "TOT_EST_ET": 0, "CAPACID_EX": 0, "DOBLE_EXCE": 0, "TE_ACTFISI": 0, "TE_ARTES": 0, "TE_CNATUR": 0, "TE_CSOCIAL": 0, "TE_LDSOCIA": 0, "TE_TECNOLO": 0, "TOT_EST_CA": 0, "TMATRIC_GE": 147, "Zona": 1 }, "geometry": { "type": "Point", "coordinates": [ -8245966.553099999204278, 509175.952799998223782 ] } },
{ "type": "Feature", "properties": { "NOMBRE_EST": "COLEGIO SAN JOSE SUR ORIENTAL (IED)", "NOMBRE_SED": "SAN JOSE SUR ORIENTAL", "ORDEN_DE_S": "A", "DIRECCION": "CL 42 SUR # 12 A - 66 ESTE", "DISCAPACID": "INTELECTUAL", "TALENTOS_O": "CAPACIDADES EXCEPCIONALES-TALENTO EXCEPCIONAL EN ARTES Y LETRAS-TALENTO EXCEPCIONAL EN TECNOLOGIA", "GRUPOS_ETN": "AFRODESCENDIENTES-INDIGENAS-NEGRITUDES", "SECTOR": 2, "NATU_JUR": 9, "CALENDARIO": 1, "GENERO": 5, "COD_LOCA": "04", "ESPECIALID": 1, "CLASE_TIPO": 1, "BILINGUE": 5, "FECHA": "2024-04-30", "DANE12_EST": "111001012301", "DANE12_SED": "111001012301", "DA_HIPOACU": 0, "DA_SORDERA": 0, "DA_LENGUAS": 0, "DA_UCASTEL": 0, "DISCAP_FIS": 0, "DISCAP_FLE": 0, "DISCAP_PCE": 0, "DI_DCOGNIT": 1, "DI_SDOWN": 0, "DIS_MULTIP": 2, "DIS_PSICOS": 0, "DV_BAJAVIS": 0, "DIS_CEGUER": 0, "T_ESPECTRO": 0, "T_VOZ_Y_HA": 0, "SISTEMICA": 0, "SORDOCEGUE": 0, "OTRA": 0, "TOT_EST_MA": 3, "AFRODESCEN": 11, "INDIGENAS": 5, "NEGRITUDES": 1, "PALENQUERO": 0, "RAIZALES": 0, "ROM": 0, "TOT_EST_ET": 17, "CAPACID_EX": 0, "DOBLE_EXCE": 0, "TE_ACTFISI": 0, "TE_ARTES": 0, "TE_CNATUR": 0, "TE_CSOCIAL": 0, "TE_LDSOCIA": 0, "TE_TECNOLO": 0, "TOT_EST_CA": 0, "TMATRIC_GE": 1035, "Zona": 1 }, "geometry": { "type": "Point", "coordinates": [ -8247019.193600000813603, 506625.342700000852346 ] } },
{ "type": "Feature", "properties": { "NOMBRE_EST": "COLEGIO JUANA ESCOBAR (IED)", "NOMBRE_SED": "JUANA ESCOBAR", "ORDEN_DE_S": "A", "DIRECCION": "KR 15 A ESTE # 57 A - 16 SUR", "DISCAPACID": "FISICA-INTELECTUAL-MENTAL/PSICOSOCIAL-MULTIPLE", "TALENTOS_O": "TALENTO EXCEPCIONAL EN LIDERAZGO SOCIAL Y EMPRENDIMIENTO", "GRUPOS_ETN": "AFRODESCENDIENTES-INDIGENAS-NEGRITUDES", "SECTOR": 2, "NATU_JUR": 9, "CALENDARIO": 1, "GENERO": 5, "COD_LOCA": "04", "ESPECIALID": 1, "CLASE_TIPO": 1, "BILINGUE": 5, "FECHA": "2024-04-30", "DANE12_EST": "111001012335", "DANE12_SED": "111001012335", "DA_HIPOACU": 0, "DA_SORDERA": 0, "DA_LENGUAS": 0, "DA_UCASTEL": 0, "DISCAP_FIS": 2, "DISCAP_FLE": 0, "DISCAP_PCE": 0, "DI_DCOGNIT": 73, "DI_SDOWN": 0, "DIS_MULTIP": 7, "DIS_PSICOS": 3, "DV_BAJAVIS": 0, "DIS_CEGUER": 0, "T_ESPECTRO": 0, "T_VOZ_Y_HA": 0, "SISTEMICA": 0, "SORDOCEGUE": 0, "OTRA": 0, "TOT_EST_MA": 85, "AFRODESCEN": 7, "INDIGENAS": 9, "NEGRITUDES": 6, "PALENQUERO": 0, "RAIZALES": 0, "ROM": 0, "TOT_EST_ET": 22, "CAPACID_EX": 0, "DOBLE_EXCE": 0, "TE_ACTFISI": 0, "TE_ARTES": 0, "TE_CNATUR": 0, "TE_CSOCIAL": 0, "TE_LDSOCIA": 0, "TE_TECNOLO": 0, "TOT_EST_CA": 0, "TMATRIC_GE": 1048, "Zona": 1 }, "geometry": { "type": "Point", "coordinates": [ -8247172.254499999806285, 504905.827799998223782 ] } },
{ "type": "Feature", "properties": { "NOMBRE_EST": "COLEGIO JUANA ESCOBAR (IED)", "NOMBRE_SED": "SAN LUIS SURORIENTAL", "ORDEN_DE_S": "B", "DIRECCION": "KR 12 ESTE # 57 - 50 SUR", "DISCAPACID": "INTELECTUAL-MULTIPLE", "TALENTOS_O": null, "GRUPOS_ETN": "AFRODESCENDIENTES-INDIGENAS-NEGRITUDES", "SECTOR": 2, "NATU_JUR": 9, "CALENDARIO": 1, "GENERO": 5, "COD_LOCA": "04", "ESPECIALID": 13, "CLASE_TIPO": 1, "BILINGUE": 5, "FECHA": "2024-04-30", "DANE12_EST": "111001012335", "DANE12_SED": "111001086576", "DA_HIPOACU": 0, "DA_SORDERA": 0, "DA_LENGUAS": 0, "DA_UCASTEL": 0, "DISCAP_FIS": 0, "DISCAP_FLE": 0, "DISCAP_PCE": 0, "DI_DCOGNIT": 35, "DI_SDOWN": 0, "DIS_MULTIP": 1, "DIS_PSICOS": 0, "DV_BAJAVIS": 0, "DIS_CEGUER": 0, "T_ESPECTRO": 0, "T_VOZ_Y_HA": 0, "SISTEMICA": 0, "SORDOCEGUE": 0, "OTRA": 0, "TOT_EST_MA": 36, "AFRODESCEN": 1, "INDIGENAS": 1, "NEGRITUDES": 0, "PALENQUERO": 0, "RAIZALES": 0, "ROM": 0, "TOT_EST_ET": 2, "CAPACID_EX": 0, "DOBLE_EXCE": 0, "TE_ACTFISI": 0, "TE_ARTES": 0, "TE_CNATUR": 0, "TE_CSOCIAL": 0, "TE_LDSOCIA": 0, "TE_TECNOLO": 0, "TOT_EST_CA": 0, "TMATRIC_GE": 521, "Zona": 1 }, "geometry": { "type": "Point", "coordinates": [ -8247557.6381, 505031.604699999094009 ] } },
{ "type": "Feature", "properties": { "NOMBRE_EST": "COLEGIO JUANA ESCOBAR (IED)", "NOMBRE_SED": "REPUBLICA DE CANADA II", "ORDEN_DE_S": "C", "DIRECCION": "KR 12 C ESTE # 57 A - 00 SUR", "DISCAPACID": "FISICA-INTELECTUAL-MULTIPLE", "TALENTOS_O": "TALENTO EXCEPCIONAL EN ACTIVIDAD FISICA, EJERCICIO Y DEPORTE", "GRUPOS_ETN": "AFRODESCENDIENTES", "SECTOR": 2, "NATU_JUR": 9, "CALENDARIO": 1, "GENERO": 5, "COD_LOCA": "04", "ESPECIALID": 13, "CLASE_TIPO": 1, "BILINGUE": 5, "FECHA": "2024-04-30", "DANE12_EST": "111001012335", "DANE12_SED": "111001014184", "DA_HIPOACU": 0, "DA_SORDERA": 0, "DA_LENGUAS": 0, "DA_UCASTEL": 0, "DISCAP_FIS": 1, "DISCAP_FLE": 0, "DISCAP_PCE": 0, "DI_DCOGNIT": 5, "DI_SDOWN": 0, "DIS_MULTIP": 1, "DIS_PSICOS": 0, "DV_BAJAVIS": 0, "DIS_CEGUER": 0, "T_ESPECTRO": 0, "T_VOZ_Y_HA": 0, "SISTEMICA": 0, "SORDOCEGUE": 0, "OTRA": 0, "TOT_EST_MA": 7, "AFRODESCEN": 0, "INDIGENAS": 0, "NEGRITUDES": 0, "PALENQUERO": 0, "RAIZALES": 0, "ROM": 0, "TOT_EST_ET": 0, "CAPACID_EX": 0, "DOBLE_EXCE": 0, "TE_ACTFISI": 0, "TE_ARTES": 0, "TE_CNATUR": 0, "TE_CSOCIAL": 0, "TE_LDSOCIA": 0, "TE_TECNOLO": 0, "TOT_EST_CA": 0, "TMATRIC_GE": 236, "Zona": 1 }, "geometry": { "type": "Point", "coordinates": [ -8247538.844100000336766, 505045.786200001835823 ] } },
{ "type": "Feature", "properties": { "NOMBRE_EST": "COLEGIO AGUAS CLARAS (CED)", "NOMBRE_SED": "AGUAS CLARAS", "ORDEN_DE_S": "A", "DIRECCION": "CL 14 SUR # 25 - 11 ESTE", "DISCAPACID": "INTELECTUAL", "TALENTOS_O": "TALENTO EXCEPCIONAL EN ACTIVIDAD FISICA, EJERCICIO Y DEPORTE-TALENTO EXCEPCIONAL EN CIENCIAS SOCIALES O HUMANAS", "GRUPOS_ETN": null, "SECTOR": 2, "NATU_JUR": 9, "CALENDARIO": 1, "GENERO": 5, "COD_LOCA": "04", "ESPECIALID": 13, "CLASE_TIPO": 1, "BILINGUE": 5, "FECHA": "2024-04-30", "DANE12_EST": "111001012475", "DANE12_SED": "111001012475", "DA_HIPOACU": 0, "DA_SORDERA": 0, "DA_LENGUAS": 0, "DA_UCASTEL": 0, "DISCAP_FIS": 0, "DISCAP_FLE": 0, "DISCAP_PCE": 0, "DI_DCOGNIT": 1, "DI_SDOWN": 0, "DIS_MULTIP": 0, "DIS_PSICOS": 1, "DV_BAJAVIS": 0, "DIS_CEGUER": 0, "T_ESPECTRO": 0, "T_VOZ_Y_HA": 0, "SISTEMICA": 0, "SORDOCEGUE": 0, "OTRA": 0, "TOT_EST_MA": 2, "AFRODESCEN": 0, "INDIGENAS": 1, "NEGRITUDES": 0, "PALENQUERO": 0, "RAIZALES": 0, "ROM": 0, "TOT_EST_ET": 1, "CAPACID_EX": 0, "DOBLE_EXCE": 0, "TE_ACTFISI": 0, "TE_ARTES": 0, "TE_CNATUR": 0, "TE_CSOCIAL": 0, "TE_LDSOCIA": 0, "TE_TECNOLO": 0, "TOT_EST_CA": 0, "TMATRIC_GE": 174, "Zona": 2 }, "geometry": { "type": "Point", "coordinates": [ -8245149.59940000064671, 508366.294199999421835 ] } },
{ "type": "Feature", "properties": { "NOMBRE_EST": "COLEGIO ALTAMIRA SUR ORIENTAL (IED)", "NOMBRE_SED": "ALTAMIRA SUR ORIENTAL", "ORDEN_DE_S": "A", "DIRECCION": "CL 42 A SUR # 12 A - 27 ESTE", "DISCAPACID": "FISICA-INTELECTUAL-MENTAL/PSICOSOCIAL", "TALENTOS_O": "CAPACIDADES EXCEPCIONALES", "GRUPOS_ETN": "AFRODESCENDIENTES-INDIGENAS-NEGRITUDES", "SECTOR": 2, "NATU_JUR": 9, "CALENDARIO": 1, "GENERO": 5, "COD_LOCA": "04", "ESPECIALID": 1, "CLASE_TIPO": 1, "BILINGUE": 5, "FECHA": "2024-04-30", "DANE12_EST": "111001014168", "DANE12_SED": "111001014168", "DA_HIPOACU": 0, "DA_SORDERA": 0, "DA_LENGUAS": 0, "DA_UCASTEL": 0, "DISCAP_FIS": 0, "DISCAP_FLE": 0, "DISCAP_PCE": 0, "DI_DCOGNIT": 6, "DI_SDOWN": 0, "DIS_MULTIP": 1, "DIS_PSICOS": 2, "DV_BAJAVIS": 0, "DIS_CEGUER": 0, "T_ESPECTRO": 0, "T_VOZ_Y_HA": 0, "SISTEMICA": 0, "SORDOCEGUE": 0, "OTRA": 0, "TOT_EST_MA": 9, "AFRODESCEN": 10, "INDIGENAS": 3, "NEGRITUDES": 6, "PALENQUERO": 0, "RAIZALES": 0, "ROM": 0, "TOT_EST_ET": 19, "CAPACID_EX": 0, "DOBLE_EXCE": 0, "TE_ACTFISI": 0, "TE_ARTES": 0, "TE_CNATUR": 0, "TE_CSOCIAL": 0, "TE_LDSOCIA": 0, "TE_TECNOLO": 0, "TOT_EST_CA": 0, "TMATRIC_GE": 769, "Zona": 1 }, "geometry": { "type": "Point", "coordinates": [ -8247103.542600000277162, 506533.140900000929832 ] } },
{ "type": "Feature", "properties": { "NOMBRE_EST": "COLEGIO ALTAMIRA SUR ORIENTAL (IED)", "NOMBRE_SED": "NUEVA GLORIA", "ORDEN_DE_S": "B", "DIRECCION": "DG 47 SUR # 12 A - 23 ESTE", "DISCAPACID": "AUDITIVA-FISICA-INTELECTUAL-MULTIPLE", "TALENTOS_O": "TALENTO EXCEPCIONAL EN ARTES Y LETRAS-TALENTO EXCEPCIONAL EN LIDERAZGO SOCIAL Y EMPRENDIMIENTO", "GRUPOS_ETN": "AFRODESCENDIENTES-NEGRITUDES", "SECTOR": 2, "NATU_JUR": 9, "CALENDARIO": 1, "GENERO": 5, "COD_LOCA": "04", "ESPECIALID": 13, "CLASE_TIPO": 1, "BILINGUE": 5, "FECHA": "2024-04-30", "DANE12_EST": "111001014168", "DANE12_SED": "111001014192", "DA_HIPOACU": 0, "DA_SORDERA": 0, "DA_LENGUAS": 0, "DA_UCASTEL": 0, "DISCAP_FIS": 0, "DISCAP_FLE": 0, "DISCAP_PCE": 0, "DI_DCOGNIT": 2, "DI_SDOWN": 0, "DIS_MULTIP": 1, "DIS_PSICOS": 1, "DV_BAJAVIS": 0, "DIS_CEGUER": 0, "T_ESPECTRO": 0, "T_VOZ_Y_HA": 0, "SISTEMICA": 0, "SORDOCEGUE": 0, "OTRA": 0, "TOT_EST_MA": 4, "AFRODESCEN": 5, "INDIGENAS": 0, "NEGRITUDES": 0, "PALENQUERO": 0, "RAIZALES": 0, "ROM": 0, "TOT_EST_ET": 5, "CAPACID_EX": 0, "DOBLE_EXCE": 0, "TE_ACTFISI": 0, "TE_ARTES": 0, "TE_CNATUR": 0, "TE_CSOCIAL": 0, "TE_LDSOCIA": 0, "TE_TECNOLO": 0, "TOT_EST_CA": 0, "TMATRIC_GE": 579, "Zona": 1 }, "geometry": { "type": "Point", "coordinates": [ -8247244.422900000587106, 505868.887600000947714 ] } },
{ "type": "Feature", "properties": { "NOMBRE_EST": "COLEGIO ALTAMIRA SUR ORIENTAL (IED)", "NOMBRE_SED": "REPUBLICA DE ISRAEL", "ORDEN_DE_S": "C", "DIRECCION": "CL 44 SUR # 09 - 13 ESTE", "DISCAPACID": "AUDITIVA-FISICA-INTELECTUAL-MENTAL/PSICOSOCIAL", "TALENTOS_O": "TALENTO EXCEPCIONAL EN LIDERAZGO SOCIAL Y EMPRENDIMIENTO", "GRUPOS_ETN": "AFRODESCENDIENTES-INDIGENAS", "SECTOR": 2, "NATU_JUR": 9, "CALENDARIO": 1, "GENERO": 5, "COD_LOCA": "04", "ESPECIALID": 13, "CLASE_TIPO": 1, "BILINGUE": 5, "FECHA": "2024-04-30", "DANE12_EST": "111001014168", "DANE12_SED": "111001012378", "DA_HIPOACU": 0, "DA_SORDERA": 0, "DA_LENGUAS": 0, "DA_UCASTEL": 0, "DISCAP_FIS": 1, "DISCAP_FLE": 0, "DISCAP_PCE": 0, "DI_DCOGNIT": 4, "DI_SDOWN": 0, "DIS_MULTIP": 0, "DIS_PSICOS": 1, "DV_BAJAVIS": 0, "DIS_CEGUER": 0, "T_ESPECTRO": 0, "T_VOZ_Y_HA": 0, "SISTEMICA": 0, "SORDOCEGUE": 0, "OTRA": 0, "TOT_EST_MA": 6, "AFRODESCEN": 2, "INDIGENAS": 2, "NEGRITUDES": 1, "PALENQUERO": 0, "RAIZALES": 0, "ROM": 0, "TOT_EST_ET": 5, "CAPACID_EX": 0, "DOBLE_EXCE": 0, "TE_ACTFISI": 0, "TE_ARTES": 0, "TE_CNATUR": 0, "TE_CSOCIAL": 0, "TE_LDSOCIA": 0, "TE_TECNOLO": 0, "TOT_EST_CA": 0, "TMATRIC_GE": 334, "Zona": 1 }, "geometry": { "type": "Point", "coordinates": [ -8247613.5929000005126, 506365.245700001716614 ] } },
{ "type": "Feature", "properties": { "NOMBRE_EST": "COLEGIO TECNICO SAN CRISTOBAL SUR (IED)", "NOMBRE_SED": "SAN CRISTOBAL SUR", "ORDEN_DE_S": "A", "DIRECCION": "KR 10 D ESTE # 17 B - 46 SUR", "DISCAPACID": "AUDITIVA-FISICA-INTELECTUAL-MENTAL/PSICOSOCIAL-MULTIPLE", "TALENTOS_O": "TALENTO EXCEPCIONAL EN ACTIVIDAD FISICA, EJERCICIO Y DEPORTE-TALENTO EXCEPCIONAL EN ARTES Y LETRAS-TALENTO EXCEPCIONAL EN CIENCIAS SOCIALES O HUMANAS-TALENTO EXCEPCIONAL EN TECNOLOGIA", "GRUPOS_ETN": "AFRODESCENDIENTES-INDIGENAS", "SECTOR": 2, "NATU_JUR": 9, "CALENDARIO": 1, "GENERO": 5, "COD_LOCA": "04", "ESPECIALID": 7, "CLASE_TIPO": 1, "BILINGUE": 5, "FECHA": "2024-04-30", "DANE12_EST": "111001014176", "DANE12_SED": "111001014176", "DA_HIPOACU": 0, "DA_SORDERA": 0, "DA_LENGUAS": 0, "DA_UCASTEL": 0, "DISCAP_FIS": 1, "DISCAP_FLE": 0, "DISCAP_PCE": 0, "DI_DCOGNIT": 21, "DI_SDOWN": 0, "DIS_MULTIP": 3, "DIS_PSICOS": 2, "DV_BAJAVIS": 1, "DIS_CEGUER": 0, "T_ESPECTRO": 0, "T_VOZ_Y_HA": 0, "SISTEMICA": 0, "SORDOCEGUE": 0, "OTRA": 0, "TOT_EST_MA": 28, "AFRODESCEN": 2, "INDIGENAS": 4, "NEGRITUDES": 1, "PALENQUERO": 0, "RAIZALES": 0, "ROM": 0, "TOT_EST_ET": 7, "CAPACID_EX": 0, "DOBLE_EXCE": 0, "TE_ACTFISI": 0, "TE_ARTES": 0, "TE_CNATUR": 0, "TE_CSOCIAL": 0, "TE_LDSOCIA": 0, "TE_TECNOLO": 0, "TOT_EST_CA": 0, "TMATRIC_GE": 1156, "Zona": 1 }, "geometry": { "type": "Point", "coordinates": [ -8246486.5899, 509235.430399999022484 ] } },
{ "type": "Feature", "properties": { "NOMBRE_EST": "COLEGIO TECNICO SAN CRISTOBAL SUR (IED)", "NOMBRE_SED": "JOSE A MORALES", "ORDEN_DE_S": "B", "DIRECCION": "CL 19 SUR # 10 C - 44 ESTE", "DISCAPACID": "AUDITIVA-INTELECTUAL", "TALENTOS_O": null, "GRUPOS_ETN": "AFRODESCENDIENTES-NEGRITUDES", "SECTOR": 2, "NATU_JUR": 9, "CALENDARIO": 1, "GENERO": 5, "COD_LOCA": "04", "ESPECIALID": 13, "CLASE_TIPO": 1, "BILINGUE": 5, "FECHA": "2024-04-30", "DANE12_EST": "111001014176", "DANE12_SED": "111001012220", "DA_HIPOACU": 0, "DA_SORDERA": 0, "DA_LENGUAS": 0, "DA_UCASTEL": 0, "DISCAP_FIS": 0, "DISCAP_FLE": 0, "DISCAP_PCE": 0, "DI_DCOGNIT": 12, "DI_SDOWN": 0, "DIS_MULTIP": 2, "DIS_PSICOS": 0, "DV_BAJAVIS": 0, "DIS_CEGUER": 0, "T_ESPECTRO": 0, "T_VOZ_Y_HA": 0, "SISTEMICA": 0, "SORDOCEGUE": 0, "OTRA": 0, "TOT_EST_MA": 15, "AFRODESCEN": 2, "INDIGENAS": 1, "NEGRITUDES": 0, "PALENQUERO": 0, "RAIZALES": 0, "ROM": 0, "TOT_EST_ET": 3, "CAPACID_EX": 0, "DOBLE_EXCE": 0, "TE_ACTFISI": 0, "TE_ARTES": 0, "TE_CNATUR": 0, "TE_CSOCIAL": 0, "TE_LDSOCIA": 0, "TE_TECNOLO": 0, "TOT_EST_CA": 0, "TMATRIC_GE": 602, "Zona": 1 }, "geometry": { "type": "Point", "coordinates": [ -8246644.316299999132752, 509186.406399998813868 ] } },
{ "type": "Feature", "properties": { "NOMBRE_EST": "COLEGIO TECNICO SAN CRISTOBAL SUR (IED)", "NOMBRE_SED": "JARDIN INFANTIL NACIONAL POPULAR No 2", "ORDEN_DE_S": "C", "DIRECCION": "CL 15 A SUR # 6 - 25 ESTE", "DISCAPACID": "MULTIPLE", "TALENTOS_O": "TALENTO EXCEPCIONAL EN ACTIVIDAD FISICA, EJERCICIO Y DEPORTE-TALENTO EXCEPCIONAL EN ARTES Y LETRAS-TALENTO EXCEPCIONAL EN LIDERAZGO SOCIAL Y EMPRENDIMIENTO", "GRUPOS_ETN": "AFRODESCENDIENTES-NEGRITUDES", "SECTOR": 2, "NATU_JUR": 9, "CALENDARIO": 1, "GENERO": 5, "COD_LOCA": "04", "ESPECIALID": 13, "CLASE_TIPO": 1, "BILINGUE": 5, "FECHA": "2024-04-30", "DANE12_EST": "111001014176", "DANE12_SED": "111001000213", "DA_HIPOACU": 0, "DA_SORDERA": 0, "DA_LENGUAS": 0, "DA_UCASTEL": 0, "DISCAP_FIS": 0, "DISCAP_FLE": 0, "DISCAP_PCE": 0, "DI_DCOGNIT": 2, "DI_SDOWN": 0, "DIS_MULTIP": 1, "DIS_PSICOS": 0, "DV_BAJAVIS": 0, "DIS_CEGUER": 0, "T_ESPECTRO": 0, "T_VOZ_Y_HA": 0, "SISTEMICA": 0, "SORDOCEGUE": 0, "OTRA": 0, "TOT_EST_MA": 3, "AFRODESCEN": 1, "INDIGENAS": 0, "NEGRITUDES": 1, "PALENQUERO": 0, "RAIZALES": 0, "ROM": 0, "TOT_EST_ET": 2, "CAPACID_EX": 0, "DOBLE_EXCE": 0, "TE_ACTFISI": 0, "TE_ARTES": 0, "TE_CNATUR": 0, "TE_CSOCIAL": 0, "TE_LDSOCIA": 0, "TE_TECNOLO": 0, "TOT_EST_CA": 0, "TMATRIC_GE": 280, "Zona": 1 }, "geometry": { "type": "Point", "coordinates": [ -8246819.09569999948144, 509471.229800000786781 ] } },
{ "type": "Feature", "properties": { "NOMBRE_EST": "COLEGIO JOSE ACEVEDO Y GOMEZ (IED)", "NOMBRE_SED": "JOSE ACEVEDO Y GOMEZ", "ORDEN_DE_S": "A", "DIRECCION": "KR 9 B ESTE # 28 - 81 SUR", "DISCAPACID": "FISICA-INTELECTUAL-MENTAL/PSICOSOCIAL-MULTIPLE-VISUAL", "TALENTOS_O": "TALENTO EXCEPCIONAL EN TECNOLOGIA", "GRUPOS_ETN": "AFRODESCENDIENTES-NEGRITUDES", "SECTOR": 2, "NATU_JUR": 9, "CALENDARIO": 1, "GENERO": 5, "COD_LOCA": "04", "ESPECIALID": 1, "CLASE_TIPO": 1, "BILINGUE": 5, "FECHA": "2024-04-30", "DANE12_EST": "111001014451", "DANE12_SED": "111001014451", "DA_HIPOACU": 0, "DA_SORDERA": 0, "DA_LENGUAS": 0, "DA_UCASTEL": 0, "DISCAP_FIS": 1, "DISCAP_FLE": 0, "DISCAP_PCE": 0, "DI_DCOGNIT": 7, "DI_SDOWN": 0, "DIS_MULTIP": 2, "DIS_PSICOS": 1, "DV_BAJAVIS": 1, "DIS_CEGUER": 0, "T_ESPECTRO": 0, "T_VOZ_Y_HA": 0, "SISTEMICA": 0, "SORDOCEGUE": 0, "OTRA": 0, "TOT_EST_MA": 12, "AFRODESCEN": 3, "INDIGENAS": 1, "NEGRITUDES": 1, "PALENQUERO": 0, "RAIZALES": 0, "ROM": 0, "TOT_EST_ET": 5, "CAPACID_EX": 0, "DOBLE_EXCE": 0, "TE_ACTFISI": 0, "TE_ARTES": 0, "TE_CNATUR": 0, "TE_CSOCIAL": 0, "TE_LDSOCIA": 0, "TE_TECNOLO": 0, "TOT_EST_CA": 0, "TMATRIC_GE": 263, "Zona": 1 }, "geometry": { "type": "Point", "coordinates": [ -8246957.027200000360608, 508419.506999999284744 ] } },
{ "type": "Feature", "properties": { "NOMBRE_EST": "COLEGIO JOSE ACEVEDO Y GOMEZ (IED)", "NOMBRE_SED": "RAMAJAL", "ORDEN_DE_S": "B", "DIRECCION": "CL 30 A SUR # 9 A - 78 ESTE", "DISCAPACID": "FISICA-INTELECTUAL", "TALENTOS_O": "CAPACIDADES EXCEPCIONALES-TALENTO EXCEPCIONAL EN ACTIVIDAD FISICA, EJERCICIO Y DEPORTE", "GRUPOS_ETN": "AFRODESCENDIENTES-NEGRITUDES", "SECTOR": 2, "NATU_JUR": 9, "CALENDARIO": 1, "GENERO": 5, "COD_LOCA": "04", "ESPECIALID": 13, "CLASE_TIPO": 1, "BILINGUE": 5, "FECHA": "2024-04-30", "DANE12_EST": "111001014451", "DANE12_SED": "111001012211", "DA_HIPOACU": 0, "DA_SORDERA": 0, "DA_LENGUAS": 0, "DA_UCASTEL": 0, "DISCAP_FIS": 2, "DISCAP_FLE": 0, "DISCAP_PCE": 0, "DI_DCOGNIT": 5, "DI_SDOWN": 0, "DIS_MULTIP": 0, "DIS_PSICOS": 1, "DV_BAJAVIS": 0, "DIS_CEGUER": 0, "T_ESPECTRO": 0, "T_VOZ_Y_HA": 0, "SISTEMICA": 0, "SORDOCEGUE": 0, "OTRA": 0, "TOT_EST_MA": 8, "AFRODESCEN": 8, "INDIGENAS": 2, "NEGRITUDES": 2, "PALENQUERO": 0, "RAIZALES": 0, "ROM": 0, "TOT_EST_ET": 12, "CAPACID_EX": 0, "DOBLE_EXCE": 0, "TE_ACTFISI": 0, "TE_ARTES": 0, "TE_CNATUR": 0, "TE_CSOCIAL": 0, "TE_LDSOCIA": 0, "TE_TECNOLO": 0, "TOT_EST_CA": 0, "TMATRIC_GE": 349, "Zona": 1 }, "geometry": { "type": "Point", "coordinates": [ -8246865.8465, 508101.026200000196695 ] } },
{ "type": "Feature", "properties": { "NOMBRE_EST": "COLEGIO MONTEBELLO (IED)", "NOMBRE_SED": "MONTEBELLO", "ORDEN_DE_S": "A", "DIRECCION": "CL 26 SUR # 2 - 44 ESTE  --  CL 24 A SUR # 1 A - 95 ESTE", "DISCAPACID": "FISICA-INTELECTUAL-MENTAL/PSICOSOCIAL-MULTIPLE-VISUAL", "TALENTOS_O": "TALENTO EXCEPCIONAL EN ACTIVIDAD FISICA, EJERCICIO Y DEPORTE-TALENTO EXCEPCIONAL EN ARTES Y LETRAS-TALENTO EXCEPCIONAL EN CIENCIAS NATURALES O BASICAS-TALENTO EXCEPCIONAL EN TECNOLOGIA", "GRUPOS_ETN": "AFRODESCENDIENTES-INDIGENAS-NEGRITUDES", "SECTOR": 2, "NATU_JUR": 9, "CALENDARIO": 1, "GENERO": 5, "COD_LOCA": "04", "ESPECIALID": 1, "CLASE_TIPO": 1, "BILINGUE": 5, "FECHA": "2024-04-30", "DANE12_EST": "111001015903", "DANE12_SED": "111001015903", "DA_HIPOACU": 0, "DA_SORDERA": 0, "DA_LENGUAS": 0, "DA_UCASTEL": 0, "DISCAP_FIS": 1, "DISCAP_FLE": 0, "DISCAP_PCE": 0, "DI_DCOGNIT": 8, "DI_SDOWN": 0, "DIS_MULTIP": 0, "DIS_PSICOS": 3, "DV_BAJAVIS": 2, "DIS_CEGUER": 0, "T_ESPECTRO": 0, "T_VOZ_Y_HA": 0, "SISTEMICA": 0, "SORDOCEGUE": 0, "OTRA": 0, "TOT_EST_MA": 15, "AFRODESCEN": 12, "INDIGENAS": 2, "NEGRITUDES": 12, "PALENQUERO": 0, "RAIZALES": 0, "ROM": 0, "TOT_EST_ET": 26, "CAPACID_EX": 0, "DOBLE_EXCE": 0, "TE_ACTFISI": 0, "TE_ARTES": 0, "TE_CNATUR": 0, "TE_CSOCIAL": 0, "TE_LDSOCIA": 0, "TE_TECNOLO": 0, "TOT_EST_CA": 0, "TMATRIC_GE": 1238, "Zona": 1 }, "geometry": { "type": "Point", "coordinates": [ -8247440.143799999728799, 508910.371199999004602 ] } },
{ "type": "Feature", "properties": { "NOMBRE_EST": "COLEGIO MONTEBELLO (IED)", "NOMBRE_SED": "JOSE MARIA CORDOBA", "ORDEN_DE_S": "B", "DIRECCION": "CL 28 SUR # 1 A - 37 ESTE", "DISCAPACID": "INTELECTUAL-MENTAL/PSICOSOCIAL-MULTIPLE", "TALENTOS_O": "TALENTO EXCEPCIONAL EN ACTIVIDAD FISICA, EJERCICIO Y DEPORTE-TALENTO EXCEPCIONAL EN ARTES Y LETRAS-TALENTO EXCEPCIONAL EN TECNOLOGIA", "GRUPOS_ETN": "AFRODESCENDIENTES-INDIGENAS", "SECTOR": 2, "NATU_JUR": 9, "CALENDARIO": 1, "GENERO": 5, "COD_LOCA": "04", "ESPECIALID": 13, "CLASE_TIPO": 1, "BILINGUE": 5, "FECHA": "2024-04-30", "DANE12_EST": "111001015903", "DANE12_SED": "111001015938", "DA_HIPOACU": 0, "DA_SORDERA": 0, "DA_LENGUAS": 0, "DA_UCASTEL": 0, "DISCAP_FIS": 0, "DISCAP_FLE": 0, "DISCAP_PCE": 0, "DI_DCOGNIT": 1, "DI_SDOWN": 0, "DIS_MULTIP": 0, "DIS_PSICOS": 0, "DV_BAJAVIS": 0, "DIS_CEGUER": 0, "T_ESPECTRO": 0, "T_VOZ_Y_HA": 0, "SISTEMICA": 0, "SORDOCEGUE": 0, "OTRA": 0, "TOT_EST_MA": 1, "AFRODESCEN": 1, "INDIGENAS": 3, "NEGRITUDES": 0, "PALENQUERO": 0, "RAIZALES": 0, "ROM": 0, "TOT_EST_ET": 4, "CAPACID_EX": 0, "DOBLE_EXCE": 0, "TE_ACTFISI": 0, "TE_ARTES": 0, "TE_CNATUR": 0, "TE_CSOCIAL": 0, "TE_LDSOCIA": 0, "TE_TECNOLO": 0, "TOT_EST_CA": 0, "TMATRIC_GE": 203, "Zona": 1 }, "geometry": { "type": "Point", "coordinates": [ -8247618.785900000482798, 508574.157999999821186 ] } },
{ "type": "Feature", "properties": { "NOMBRE_EST": "COLEGIO LOS ALPES (IED)", "NOMBRE_SED": "LOS ALPES", "ORDEN_DE_S": "A", "DIRECCION": "KR 12 ESTE # 33 A - 80 SUR", "DISCAPACID": "AUDITIVA-FISICA-INTELECTUAL-MENTAL/PSICOSOCIAL-MULTIPLE-VISUAL", "TALENTOS_O": "CAPACIDADES EXCEPCIONALES-TALENTO EXCEPCIONAL EN ACTIVIDAD FISICA, EJERCICIO Y DEPORTE-TALENTO EXCEPCIONAL EN CIENCIAS NATURALES O BASICAS", "GRUPOS_ETN": "AFRODESCENDIENTES-INDIGENAS-NEGRITUDES", "SECTOR": 2, "NATU_JUR": 9, "CALENDARIO": 1, "GENERO": 5, "COD_LOCA": "04", "ESPECIALID": 3, "CLASE_TIPO": 1, "BILINGUE": 5, "FECHA": "2024-04-30", "DANE12_EST": "111001015911", "DANE12_SED": "111001015911", "DA_HIPOACU": 2, "DA_SORDERA": 0, "DA_LENGUAS": 0, "DA_UCASTEL": 0, "DISCAP_FIS": 13, "DISCAP_FLE": 0, "DISCAP_PCE": 0, "DI_DCOGNIT": 96, "DI_SDOWN": 0, "DIS_MULTIP": 23, "DIS_PSICOS": 5, "DV_BAJAVIS": 1, "DIS_CEGUER": 0, "T_ESPECTRO": 0, "T_VOZ_Y_HA": 0, "SISTEMICA": 0, "SORDOCEGUE": 0, "OTRA": 0, "TOT_EST_MA": 140, "AFRODESCEN": 39, "INDIGENAS": 25, "NEGRITUDES": 17, "PALENQUERO": 0, "RAIZALES": 0, "ROM": 0, "TOT_EST_ET": 81, "CAPACID_EX": 1, "DOBLE_EXCE": 0, "TE_ACTFISI": 1, "TE_ARTES": 0, "TE_CNATUR": 0, "TE_CSOCIAL": 0, "TE_LDSOCIA": 0, "TE_TECNOLO": 0, "TOT_EST_CA": 1, "TMATRIC_GE": 2547, "Zona": 1 }, "geometry": { "type": "Point", "coordinates": [ -8247075.456700000911951, 507338.81870000064373 ] } },
{ "type": "Feature", "properties": { "NOMBRE_EST": "COLEGIO LOS ALPES (IED)", "NOMBRE_SED": "BELLAVISTA", "ORDEN_DE_S": "B", "DIRECCION": "KR 9 BIS A ESTE # 38 - 90 SUR", "DISCAPACID": "FISICA-INTELECTUAL-MULTIPLE-SORDOCEGUERA", "TALENTOS_O": "TALENTO EXCEPCIONAL EN ACTIVIDAD FISICA, EJERCICIO Y DEPORTE-TALENTO EXCEPCIONAL EN TECNOLOGIA", "GRUPOS_ETN": "AFRODESCENDIENTES", "SECTOR": 2, "NATU_JUR": 9, "CALENDARIO": 1, "GENERO": 5, "COD_LOCA": "04", "ESPECIALID": 13, "CLASE_TIPO": 1, "BILINGUE": 5, "FECHA": "2024-04-30", "DANE12_EST": "111001015911", "DANE12_SED": "111001015920", "DA_HIPOACU": 0, "DA_SORDERA": 0, "DA_LENGUAS": 0, "DA_UCASTEL": 0, "DISCAP_FIS": 0, "DISCAP_FLE": 0, "DISCAP_PCE": 0, "DI_DCOGNIT": 5, "DI_SDOWN": 0, "DIS_MULTIP": 3, "DIS_PSICOS": 0, "DV_BAJAVIS": 0, "DIS_CEGUER": 0, "T_ESPECTRO": 0, "T_VOZ_Y_HA": 0, "SISTEMICA": 0, "SORDOCEGUE": 0, "OTRA": 0, "TOT_EST_MA": 8, "AFRODESCEN": 5, "INDIGENAS": 3, "NEGRITUDES": 1, "PALENQUERO": 0, "RAIZALES": 0, "ROM": 0, "TOT_EST_ET": 9, "CAPACID_EX": 0, "DOBLE_EXCE": 0, "TE_ACTFISI": 0, "TE_ARTES": 0, "TE_CNATUR": 0, "TE_CSOCIAL": 0, "TE_LDSOCIA": 0, "TE_TECNOLO": 0, "TOT_EST_CA": 0, "TMATRIC_GE": 293, "Zona": 1 }, "geometry": { "type": "Point", "coordinates": [ -8247411.033700000494719, 507073.377900000661612 ] } },
{ "type": "Feature", "properties": { "NOMBRE_EST": "COLEGIO LA BELLEZA LOS LIBERTADORES (IED)", "NOMBRE_SED": "LA BELLEZA", "ORDEN_DE_S": "A", "DIRECCION": "CL 64 SUR # 10 A - 39 ESTE", "DISCAPACID": "INTELECTUAL-MENTAL/PSICOSOCIAL-SORDOCEGUERA", "TALENTOS_O": "CAPACIDADES EXCEPCIONALES-TALENTO EXCEPCIONAL EN ACTIVIDAD FISICA, EJERCICIO Y DEPORTE-TALENTO EXCEPCIONAL EN ARTES Y LETRAS", "GRUPOS_ETN": "AFRODESCENDIENTES-INDIGENAS-NEGRITUDES", "SECTOR": 2, "NATU_JUR": 9, "CALENDARIO": 1, "GENERO": 5, "COD_LOCA": "04", "ESPECIALID": 1, "CLASE_TIPO": 1, "BILINGUE": 5, "FECHA": "2024-04-30", "DANE12_EST": "111001016004", "DANE12_SED": "111001016004", "DA_HIPOACU": 0, "DA_SORDERA": 0, "DA_LENGUAS": 0, "DA_UCASTEL": 0, "DISCAP_FIS": 0, "DISCAP_FLE": 0, "DISCAP_PCE": 0, "DI_DCOGNIT": 15, "DI_SDOWN": 0, "DIS_MULTIP": 0, "DIS_PSICOS": 1, "DV_BAJAVIS": 0, "DIS_CEGUER": 0, "T_ESPECTRO": 0, "T_VOZ_Y_HA": 0, "SISTEMICA": 0, "SORDOCEGUE": 0, "OTRA": 0, "TOT_EST_MA": 16, "AFRODESCEN": 2, "INDIGENAS": 1, "NEGRITUDES": 1, "PALENQUERO": 0, "RAIZALES": 0, "ROM": 0, "TOT_EST_ET": 4, "CAPACID_EX": 0, "DOBLE_EXCE": 0, "TE_ACTFISI": 0, "TE_ARTES": 0, "TE_CNATUR": 0, "TE_CSOCIAL": 0, "TE_LDSOCIA": 0, "TE_TECNOLO": 0, "TOT_EST_CA": 0, "TMATRIC_GE": 494, "Zona": 1 }, "geometry": { "type": "Point", "coordinates": [ -8247905.347899999469519, 504853.154599998146296 ] } },
{ "type": "Feature", "properties": { "NOMBRE_EST": "COLEGIO LA BELLEZA LOS LIBERTADORES (IED)", "NOMBRE_SED": "LOS LIBERTADORES", "ORDEN_DE_S": "B", "DIRECCION": "KR 11 C ESTE # 57 A - 12 SUR", "DISCAPACID": "AUDITIVA-FISICA-INTELECTUAL", "TALENTOS_O": "TALENTO EXCEPCIONAL EN ARTES Y LETRAS", "GRUPOS_ETN": "AFRODESCENDIENTES-INDIGENAS", "SECTOR": 2, "NATU_JUR": 9, "CALENDARIO": 1, "GENERO": 5, "COD_LOCA": "04", "ESPECIALID": 13, "CLASE_TIPO": 1, "BILINGUE": 5, "FECHA": "2024-04-30", "DANE12_EST": "111001016004", "DANE12_SED": "111001016012", "DA_HIPOACU": 0, "DA_SORDERA": 0, "DA_LENGUAS": 0, "DA_UCASTEL": 0, "DISCAP_FIS": 2, "DISCAP_FLE": 0, "DISCAP_PCE": 0, "DI_DCOGNIT": 7, "DI_SDOWN": 0, "DIS_MULTIP": 1, "DIS_PSICOS": 1, "DV_BAJAVIS": 0, "DIS_CEGUER": 0, "T_ESPECTRO": 0, "T_VOZ_Y_HA": 0, "SISTEMICA": 0, "SORDOCEGUE": 0, "OTRA": 0, "TOT_EST_MA": 12, "AFRODESCEN": 5, "INDIGENAS": 7, "NEGRITUDES": 0, "PALENQUERO": 0, "RAIZALES": 0, "ROM": 0, "TOT_EST_ET": 12, "CAPACID_EX": 0, "DOBLE_EXCE": 0, "TE_ACTFISI": 0, "TE_ARTES": 0, "TE_CNATUR": 0, "TE_CSOCIAL": 0, "TE_LDSOCIA": 0, "TE_TECNOLO": 0, "TOT_EST_CA": 0, "TMATRIC_GE": 416, "Zona": 1 }, "geometry": { "type": "Point", "coordinates": [ -8247635.786699999123812, 505125.926899999380112 ] } },
{ "type": "Feature", "properties": { "NOMBRE_EST": "COLEGIO JOSE MARIA CARBONELL (IED)", "NOMBRE_SED": "JOSE MARIA CARBONELL", "ORDEN_DE_S": "A", "DIRECCION": "KR 4 # 0 - 43", "DISCAPACID": "FISICA-INTELECTUAL-MULTIPLE", "TALENTOS_O": "TALENTO EXCEPCIONAL EN ARTES Y LETRAS-TALENTO EXCEPCIONAL EN CIENCIAS NATURALES O BASICAS", "GRUPOS_ETN": "AFRODESCENDIENTES-INDIGENAS-NEGRITUDES", "SECTOR": 2, "NATU_JUR": 9, "CALENDARIO": 1, "GENERO": 5, "COD_LOCA": "04", "ESPECIALID": 1, "CLASE_TIPO": 1, "BILINGUE": 5, "FECHA": "2024-04-30", "DANE12_EST": "111001018252", "DANE12_SED": "111001018252", "DA_HIPOACU": 0, "DA_SORDERA": 0, "DA_LENGUAS": 0, "DA_UCASTEL": 0, "DISCAP_FIS": 1, "DISCAP_FLE": 0, "DISCAP_PCE": 0, "DI_DCOGNIT": 3, "DI_SDOWN": 0, "DIS_MULTIP": 6, "DIS_PSICOS": 0, "DV_BAJAVIS": 1, "DIS_CEGUER": 0, "T_ESPECTRO": 0, "T_VOZ_Y_HA": 0, "SISTEMICA": 0, "SORDOCEGUE": 0, "OTRA": 0, "TOT_EST_MA": 11, "AFRODESCEN": 7, "INDIGENAS": 0, "NEGRITUDES": 1, "PALENQUERO": 0, "RAIZALES": 0, "ROM": 0, "TOT_EST_ET": 8, "CAPACID_EX": 0, "DOBLE_EXCE": 0, "TE_ACTFISI": 0, "TE_ARTES": 0, "TE_CNATUR": 0, "TE_CSOCIAL": 0, "TE_LDSOCIA": 0, "TE_TECNOLO": 0, "TOT_EST_CA": 0, "TMATRIC_GE": 771, "Zona": 1 }, "geometry": { "type": "Point", "coordinates": [ -8248879.175300000235438, 508078.632399998605251 ] } },
{ "type": "Feature", "properties": { "NOMBRE_EST": "COLEGIO ATENAS (IED)", "NOMBRE_SED": "ATENAS", "ORDEN_DE_S": "A", "DIRECCION": "CL 36 H SUR # 2 - 15 ESTE  --  KR 1 # 36 H - 12 SUR MJ", "DISCAPACID": "INTELECTUAL-MENTAL/PSICOSOCIAL-MULTIPLE", "TALENTOS_O": null, "GRUPOS_ETN": "AFRODESCENDIENTES-INDIGENAS-NEGRITUDES", "SECTOR": 2, "NATU_JUR": 9, "CALENDARIO": 1, "GENERO": 5, "COD_LOCA": "04", "ESPECIALID": 1, "CLASE_TIPO": 1, "BILINGUE": 5, "FECHA": "2024-04-30", "DANE12_EST": "111001018309", "DANE12_SED": "111001018309", "DA_HIPOACU": 0, "DA_SORDERA": 0, "DA_LENGUAS": 0, "DA_UCASTEL": 0, "DISCAP_FIS": 0, "DISCAP_FLE": 0, "DISCAP_PCE": 0, "DI_DCOGNIT": 9, "DI_SDOWN": 0, "DIS_MULTIP": 1, "DIS_PSICOS": 1, "DV_BAJAVIS": 0, "DIS_CEGUER": 0, "T_ESPECTRO": 0, "T_VOZ_Y_HA": 0, "SISTEMICA": 0, "SORDOCEGUE": 0, "OTRA": 0, "TOT_EST_MA": 11, "AFRODESCEN": 15, "INDIGENAS": 14, "NEGRITUDES": 4, "PALENQUERO": 0, "RAIZALES": 0, "ROM": 0, "TOT_EST_ET": 33, "CAPACID_EX": 0, "DOBLE_EXCE": 0, "TE_ACTFISI": 0, "TE_ARTES": 0, "TE_CNATUR": 0, "TE_CSOCIAL": 0, "TE_LDSOCIA": 0, "TE_TECNOLO": 0, "TOT_EST_CA": 0, "TMATRIC_GE": 882, "Zona": 1 }, "geometry": { "type": "Point", "coordinates": [ -8248077.524700000882149, 507801.497400000691414 ] } },
{ "type": "Feature", "properties": { "NOMBRE_EST": "COLEGIO JOSE JOAQUIN CASTRO MARTINEZ (IED)", "NOMBRE_SED": "JOSE JOAQUIN CASTRO MARTINEZ", "ORDEN_DE_S": "A", "DIRECCION": "CL 31 D BIS SUR # 2 - 24 ESTE", "DISCAPACID": "AUDITIVA-FISICA-INTELECTUAL-MULTIPLE-SORDOCEGUERA-VISUAL", "TALENTOS_O": "CAPACIDADES EXCEPCIONALES-TALENTO EXCEPCIONAL EN ACTIVIDAD FISICA, EJERCICIO Y DEPORTE", "GRUPOS_ETN": "AFRODESCENDIENTES-INDIGENAS-NEGRITUDES", "SECTOR": 2, "NATU_JUR": 9, "CALENDARIO": 1, "GENERO": 5, "COD_LOCA": "04", "ESPECIALID": 1, "CLASE_TIPO": 1, "BILINGUE": 5, "FECHA": "2024-04-30", "DANE12_EST": "111001018325", "DANE12_SED": "111001018325", "DA_HIPOACU": 0, "DA_SORDERA": 0, "DA_LENGUAS": 0, "DA_UCASTEL": 0, "DISCAP_FIS": 0, "DISCAP_FLE": 0, "DISCAP_PCE": 0, "DI_DCOGNIT": 6, "DI_SDOWN": 0, "DIS_MULTIP": 3, "DIS_PSICOS": 0, "DV_BAJAVIS": 2, "DIS_CEGUER": 0, "T_ESPECTRO": 0, "T_VOZ_Y_HA": 0, "SISTEMICA": 0, "SORDOCEGUE": 0, "OTRA": 0, "TOT_EST_MA": 12, "AFRODESCEN": 7, "INDIGENAS": 22, "NEGRITUDES": 6, "PALENQUERO": 0, "RAIZALES": 0, "ROM": 0, "TOT_EST_ET": 35, "CAPACID_EX": 0, "DOBLE_EXCE": 0, "TE_ACTFISI": 0, "TE_ARTES": 0, "TE_CNATUR": 0, "TE_CSOCIAL": 0, "TE_LDSOCIA": 0, "TE_TECNOLO": 0, "TOT_EST_CA": 0, "TMATRIC_GE": 731, "Zona": 1 }, "geometry": { "type": "Point", "coordinates": [ -8247984.411499999463558, 508127.785100001841784 ] } },
{ "type": "Feature", "properties": { "NOMBRE_EST": "COLEGIO JOSE JOAQUIN CASTRO MARTINEZ (IED)", "NOMBRE_SED": "SAN VICENTE SURORIENTAL", "ORDEN_DE_S": "B", "DIRECCION": "TV 6 C ESTE # 33 - 30 SUR  --  TV 6 ESTE # 33 - 30 SUR", "DISCAPACID": "FISICA-INTELECTUAL-MENTAL/PSICOSOCIAL-MULTIPLE", "TALENTOS_O": "TALENTO EXCEPCIONAL EN ACTIVIDAD FISICA, EJERCICIO Y DEPORTE-TALENTO EXCEPCIONAL EN ARTES Y LETRAS-TALENTO EXCEPCIONAL EN TECNOLOGIA", "GRUPOS_ETN": "AFRODESCENDIENTES-INDIGENAS-NEGRITUDES", "SECTOR": 2, "NATU_JUR": 9, "CALENDARIO": 1, "GENERO": 5, "COD_LOCA": "04", "ESPECIALID": 13, "CLASE_TIPO": 1, "BILINGUE": 5, "FECHA": "2024-04-30", "DANE12_EST": "111001018325", "DANE12_SED": "111001020451", "DA_HIPOACU": 0, "DA_SORDERA": 0, "DA_LENGUAS": 0, "DA_UCASTEL": 0, "DISCAP_FIS": 1, "DISCAP_FLE": 0, "DISCAP_PCE": 0, "DI_DCOGNIT": 3, "DI_SDOWN": 0, "DIS_MULTIP": 1, "DIS_PSICOS": 0, "DV_BAJAVIS": 0, "DIS_CEGUER": 0, "T_ESPECTRO": 0, "T_VOZ_Y_HA": 0, "SISTEMICA": 0, "SORDOCEGUE": 0, "OTRA": 0, "TOT_EST_MA": 5, "AFRODESCEN": 1, "INDIGENAS": 2, "NEGRITUDES": 0, "PALENQUERO": 0, "RAIZALES": 0, "ROM": 0, "TOT_EST_ET": 3, "CAPACID_EX": 0, "DOBLE_EXCE": 0, "TE_ACTFISI": 0, "TE_ARTES": 0, "TE_CNATUR": 0, "TE_CSOCIAL": 0, "TE_LDSOCIA": 0, "TE_TECNOLO": 0, "TOT_EST_CA": 0, "TMATRIC_GE": 336, "Zona": 1 }, "geometry": { "type": "Point", "coordinates": [ -8247487.322100000455976, 507663.206999998539686 ] } },
{ "type": "Feature", "properties": { "NOMBRE_EST": "COLEGIO EL RODEO (IED)", "NOMBRE_SED": "EL RODEO", "ORDEN_DE_S": "A", "DIRECCION": "CL 40 A SUR # 2 - 56 ESTE", "DISCAPACID": "INTELECTUAL-MENTAL/PSICOSOCIAL-VISUAL", "TALENTOS_O": "TALENTO EXCEPCIONAL EN ACTIVIDAD FISICA, EJERCICIO Y DEPORTE-TALENTO EXCEPCIONAL EN ARTES Y LETRAS", "GRUPOS_ETN": "AFRODESCENDIENTES-INDIGENAS-NEGRITUDES", "SECTOR": 2, "NATU_JUR": 9, "CALENDARIO": 1, "GENERO": 5, "COD_LOCA": "04", "ESPECIALID": 1, "CLASE_TIPO": 1, "BILINGUE": 5, "FECHA": "2024-04-30", "DANE12_EST": "111001018333", "DANE12_SED": "111001018333", "DA_HIPOACU": 2, "DA_SORDERA": 0, "DA_LENGUAS": 0, "DA_UCASTEL": 0, "DISCAP_FIS": 0, "DISCAP_FLE": 0, "DISCAP_PCE": 0, "DI_DCOGNIT": 9, "DI_SDOWN": 0, "DIS_MULTIP": 0, "DIS_PSICOS": 6, "DV_BAJAVIS": 3, "DIS_CEGUER": 0, "T_ESPECTRO": 0, "T_VOZ_Y_HA": 0, "SISTEMICA": 0, "SORDOCEGUE": 0, "OTRA": 0, "TOT_EST_MA": 20, "AFRODESCEN": 7, "INDIGENAS": 3, "NEGRITUDES": 6, "PALENQUERO": 0, "RAIZALES": 0, "ROM": 0, "TOT_EST_ET": 16, "CAPACID_EX": 0, "DOBLE_EXCE": 0, "TE_ACTFISI": 0, "TE_ARTES": 0, "TE_CNATUR": 0, "TE_CSOCIAL": 0, "TE_LDSOCIA": 0, "TE_TECNOLO": 0, "TOT_EST_CA": 0, "TMATRIC_GE": 1166, "Zona": 1 }, "geometry": { "type": "Point", "coordinates": [ -8248244.709799999371171, 507183.228999998420477 ] } },
{ "type": "Feature", "properties": { "NOMBRE_EST": "COLEGIO EL RODEO (IED)", "NOMBRE_SED": "LA GLORIA", "ORDEN_DE_S": "B", "DIRECCION": "CL 44 SUR # 6 - 74 ESTE", "DISCAPACID": "INTELECTUAL-MULTIPLE", "TALENTOS_O": "TALENTO EXCEPCIONAL EN ACTIVIDAD FISICA, EJERCICIO Y DEPORTE-TALENTO EXCEPCIONAL EN ARTES Y LETRAS", "GRUPOS_ETN": "AFRODESCENDIENTES-INDIGENAS-NEGRITUDES", "SECTOR": 2, "NATU_JUR": 9, "CALENDARIO": 1, "GENERO": 5, "COD_LOCA": "04", "ESPECIALID": 13, "CLASE_TIPO": 1, "BILINGUE": 5, "FECHA": "2024-04-30", "DANE12_EST": "111001018333", "DANE12_SED": "111001016284", "DA_HIPOACU": 2, "DA_SORDERA": 0, "DA_LENGUAS": 0, "DA_UCASTEL": 0, "DISCAP_FIS": 0, "DISCAP_FLE": 0, "DISCAP_PCE": 0, "DI_DCOGNIT": 3, "DI_SDOWN": 0, "DIS_MULTIP": 2, "DIS_PSICOS": 0, "DV_BAJAVIS": 0, "DIS_CEGUER": 0, "T_ESPECTRO": 0, "T_VOZ_Y_HA": 0, "SISTEMICA": 0, "SORDOCEGUE": 0, "OTRA": 0, "TOT_EST_MA": 7, "AFRODESCEN": 7, "INDIGENAS": 1, "NEGRITUDES": 3, "PALENQUERO": 0, "RAIZALES": 0, "ROM": 0, "TOT_EST_ET": 11, "CAPACID_EX": 1, "DOBLE_EXCE": 0, "TE_ACTFISI": 1, "TE_ARTES": 0, "TE_CNATUR": 0, "TE_CSOCIAL": 0, "TE_LDSOCIA": 0, "TE_TECNOLO": 0, "TOT_EST_CA": 1, "TMATRIC_GE": 381, "Zona": 1 }, "geometry": { "type": "Point", "coordinates": [ -8247952.06980000063777, 506587.144499998539686 ] } },
{ "type": "Feature", "properties": { "NOMBRE_EST": "COLEGIO FRANCISCO JAVIER MATIZ (IED)", "NOMBRE_SED": "FRANCISCO JAVIER MATIZ", "ORDEN_DE_S": "A", "DIRECCION": "KR 2 A # 29 A - 29 SUR", "DISCAPACID": "AUDITIVA-FISICA-INTELECTUAL-MENTAL/PSICOSOCIAL-MULTIPLE", "TALENTOS_O": "TALENTO EXCEPCIONAL EN ACTIVIDAD FISICA, EJERCICIO Y DEPORTE-TALENTO EXCEPCIONAL EN ARTES Y LETRAS", "GRUPOS_ETN": "AFRODESCENDIENTES-INDIGENAS-NEGRITUDES", "SECTOR": 2, "NATU_JUR": 9, "CALENDARIO": 1, "GENERO": 5, "COD_LOCA": "04", "ESPECIALID": 1, "CLASE_TIPO": 1, "BILINGUE": 5, "FECHA": "2024-04-30", "DANE12_EST": "111001018341", "DANE12_SED": "111001018341", "DA_HIPOACU": 0, "DA_SORDERA": 0, "DA_LENGUAS": 0, "DA_UCASTEL": 0, "DISCAP_FIS": 3, "DISCAP_FLE": 0, "DISCAP_PCE": 0, "DI_DCOGNIT": 8, "DI_SDOWN": 0, "DIS_MULTIP": 2, "DIS_PSICOS": 1, "DV_BAJAVIS": 0, "DIS_CEGUER": 0, "T_ESPECTRO": 0, "T_VOZ_Y_HA": 0, "SISTEMICA": 0, "SORDOCEGUE": 0, "OTRA": 0, "TOT_EST_MA": 15, "AFRODESCEN": 0, "INDIGENAS": 1, "NEGRITUDES": 2, "PALENQUERO": 0, "RAIZALES": 0, "ROM": 0, "TOT_EST_ET": 3, "CAPACID_EX": 1, "DOBLE_EXCE": 0, "TE_ACTFISI": 1, "TE_ARTES": 0, "TE_CNATUR": 0, "TE_CSOCIAL": 0, "TE_LDSOCIA": 0, "TE_TECNOLO": 0, "TOT_EST_CA": 1, "TMATRIC_GE": 544, "Zona": 1 }, "geometry": { "type": "Point", "coordinates": [ -8248040.041200000792742, 508735.179400000721216 ] } },
{ "type": "Feature", "properties": { "NOMBRE_EST": "COLEGIO FRANCISCO JAVIER MATIZ (IED)", "NOMBRE_SED": "SURAMERICA", "ORDEN_DE_S": "B", "DIRECCION": "KR 3 B # 30 A - 42 SUR  --  KRA 3 D # 30 A - 42 SUR", "DISCAPACID": "AUDITIVA-INTELECTUAL-MENTAL/PSICOSOCIAL-MULTIPLE-VISUAL", "TALENTOS_O": "TALENTO EXCEPCIONAL EN CIENCIAS SOCIALES O HUMANAS", "GRUPOS_ETN": "INDIGENAS-NEGRITUDES", "SECTOR": 2, "NATU_JUR": 9, "CALENDARIO": 1, "GENERO": 5, "COD_LOCA": "04", "ESPECIALID": 13, "CLASE_TIPO": 1, "BILINGUE": 5, "FECHA": "2024-04-30", "DANE12_EST": "111001018341", "DANE12_SED": "111001018414", "DA_HIPOACU": 2, "DA_SORDERA": 0, "DA_LENGUAS": 0, "DA_UCASTEL": 0, "DISCAP_FIS": 0, "DISCAP_FLE": 0, "DISCAP_PCE": 0, "DI_DCOGNIT": 5, "DI_SDOWN": 0, "DIS_MULTIP": 2, "DIS_PSICOS": 0, "DV_BAJAVIS": 1, "DIS_CEGUER": 0, "T_ESPECTRO": 0, "T_VOZ_Y_HA": 0, "SISTEMICA": 0, "SORDOCEGUE": 0, "OTRA": 0, "TOT_EST_MA": 10, "AFRODESCEN": 5, "INDIGENAS": 5, "NEGRITUDES": 0, "PALENQUERO": 0, "RAIZALES": 0, "ROM": 0, "TOT_EST_ET": 10, "CAPACID_EX": 0, "DOBLE_EXCE": 0, "TE_ACTFISI": 0, "TE_ARTES": 0, "TE_CNATUR": 0, "TE_CSOCIAL": 0, "TE_LDSOCIA": 0, "TE_TECNOLO": 0, "TOT_EST_CA": 0, "TMATRIC_GE": 606, "Zona": 1 }, "geometry": { "type": "Point", "coordinates": [ -8248205.4474, 508828.199999999254942 ] } },
{ "type": "Feature", "properties": { "NOMBRE_EST": "COLEGIO LA VICTORIA (IED)", "NOMBRE_SED": "LA VICTORIA", "ORDEN_DE_S": "A", "DIRECCION": "KR 3 B ESTE # 38 - 25 SUR", "DISCAPACID": "AUDITIVA-INTELECTUAL-MENTAL/PSICOSOCIAL-MULTIPLE", "TALENTOS_O": "CAPACIDADES EXCEPCIONALES-TALENTO EXCEPCIONAL EN ACTIVIDAD FISICA, EJERCICIO Y DEPORTE-TALENTO EXCEPCIONAL EN CIENCIAS SOCIALES O HUMANAS", "GRUPOS_ETN": "AFRODESCENDIENTES-INDIGENAS-NEGRITUDES", "SECTOR": 2, "NATU_JUR": 9, "CALENDARIO": 1, "GENERO": 5, "COD_LOCA": "04", "ESPECIALID": 1, "CLASE_TIPO": 1, "BILINGUE": 5, "FECHA": "2024-04-30", "DANE12_EST": "111001018368", "DANE12_SED": "111001018368", "DA_HIPOACU": 0, "DA_SORDERA": 0, "DA_LENGUAS": 0, "DA_UCASTEL": 0, "DISCAP_FIS": 1, "DISCAP_FLE": 0, "DISCAP_PCE": 0, "DI_DCOGNIT": 31, "DI_SDOWN": 0, "DIS_MULTIP": 11, "DIS_PSICOS": 2, "DV_BAJAVIS": 1, "DIS_CEGUER": 0, "T_ESPECTRO": 0, "T_VOZ_Y_HA": 0, "SISTEMICA": 0, "SORDOCEGUE": 0, "OTRA": 0, "TOT_EST_MA": 47, "AFRODESCEN": 15, "INDIGENAS": 3, "NEGRITUDES": 10, "PALENQUERO": 0, "RAIZALES": 0, "ROM": 0, "TOT_EST_ET": 28, "CAPACID_EX": 0, "DOBLE_EXCE": 0, "TE_ACTFISI": 0, "TE_ARTES": 0, "TE_CNATUR": 0, "TE_CSOCIAL": 0, "TE_LDSOCIA": 0, "TE_TECNOLO": 0, "TOT_EST_CA": 0, "TMATRIC_GE": 985, "Zona": 1 }, "geometry": { "type": "Point", "coordinates": [ -8248042.568099999800324, 507288.935300000011921 ] } },
{ "type": "Feature", "properties": { "NOMBRE_EST": "COLEGIO LA VICTORIA (IED)", "NOMBRE_SED": "SANTAFEREÑA I", "ORDEN_DE_S": "B", "DIRECCION": "KR 3 A ESTE # 37 A - 59 SUR", "DISCAPACID": "FISICA-INTELECTUAL-MENTAL/PSICOSOCIAL-MULTIPLE", "TALENTOS_O": "TALENTO EXCEPCIONAL EN ACTIVIDAD FISICA, EJERCICIO Y DEPORTE", "GRUPOS_ETN": "AFRODESCENDIENTES-INDIGENAS-NEGRITUDES", "SECTOR": 2, "NATU_JUR": 9, "CALENDARIO": 1, "GENERO": 5, "COD_LOCA": "04", "ESPECIALID": 13, "CLASE_TIPO": 1, "BILINGUE": 5, "FECHA": "2024-04-30", "DANE12_EST": "111001018368", "DANE12_SED": "111001018406", "DA_HIPOACU": 0, "DA_SORDERA": 0, "DA_LENGUAS": 0, "DA_UCASTEL": 0, "DISCAP_FIS": 0, "DISCAP_FLE": 0, "DISCAP_PCE": 0, "DI_DCOGNIT": 18, "DI_SDOWN": 0, "DIS_MULTIP": 5, "DIS_PSICOS": 0, "DV_BAJAVIS": 0, "DIS_CEGUER": 0, "T_ESPECTRO": 0, "T_VOZ_Y_HA": 0, "SISTEMICA": 0, "SORDOCEGUE": 0, "OTRA": 0, "TOT_EST_MA": 23, "AFRODESCEN": 4, "INDIGENAS": 3, "NEGRITUDES": 2, "PALENQUERO": 0, "RAIZALES": 0, "ROM": 0, "TOT_EST_ET": 9, "CAPACID_EX": 0, "DOBLE_EXCE": 0, "TE_ACTFISI": 0, "TE_ARTES": 0, "TE_CNATUR": 0, "TE_CSOCIAL": 0, "TE_LDSOCIA": 0, "TE_TECNOLO": 0, "TOT_EST_CA": 0, "TMATRIC_GE": 835, "Zona": 1 }, "geometry": { "type": "Point", "coordinates": [ -8248078.258300000801682, 507511.101500000804663 ] } },
{ "type": "Feature", "properties": { "NOMBRE_EST": "COLEGIO SAN ISIDRO SUR ORIENTAL (IED)", "NOMBRE_SED": "SAN ISIDRO SUR ORIENTAL", "ORDEN_DE_S": "A", "DIRECCION": "CL 34 SUR # 7 A - 88", "DISCAPACID": "AUDITIVA-INTELECTUAL-MENTAL/PSICOSOCIAL", "TALENTOS_O": "TALENTO EXCEPCIONAL EN ACTIVIDAD FISICA, EJERCICIO Y DEPORTE", "GRUPOS_ETN": "AFRODESCENDIENTES-INDIGENAS-NEGRITUDES", "SECTOR": 2, "NATU_JUR": 9, "CALENDARIO": 1, "GENERO": 5, "COD_LOCA": "04", "ESPECIALID": 1, "CLASE_TIPO": 1, "BILINGUE": 5, "FECHA": "2024-04-30", "DANE12_EST": "111001018384", "DANE12_SED": "111001018384", "DA_HIPOACU": 0, "DA_SORDERA": 0, "DA_LENGUAS": 0, "DA_UCASTEL": 0, "DISCAP_FIS": 0, "DISCAP_FLE": 0, "DISCAP_PCE": 0, "DI_DCOGNIT": 2, "DI_SDOWN": 0, "DIS_MULTIP": 1, "DIS_PSICOS": 0, "DV_BAJAVIS": 0, "DIS_CEGUER": 0, "T_ESPECTRO": 0, "T_VOZ_Y_HA": 0, "SISTEMICA": 0, "SORDOCEGUE": 0, "OTRA": 0, "TOT_EST_MA": 4, "AFRODESCEN": 4, "INDIGENAS": 0, "NEGRITUDES": 3, "PALENQUERO": 0, "RAIZALES": 0, "ROM": 0, "TOT_EST_ET": 7, "CAPACID_EX": 0, "DOBLE_EXCE": 0, "TE_ACTFISI": 0, "TE_ARTES": 0, "TE_CNATUR": 0, "TE_CSOCIAL": 0, "TE_LDSOCIA": 0, "TE_TECNOLO": 0, "TOT_EST_CA": 0, "TMATRIC_GE": 635, "Zona": 1 }, "geometry": { "type": "Point", "coordinates": [ -8248897.253599999472499, 508778.580099999904633 ] } },
{ "type": "Feature", "properties": { "NOMBRE_EST": "COLEGIO SAN ISIDRO SUR ORIENTAL (IED)", "NOMBRE_SED": "OMAR TORRIJOS", "ORDEN_DE_S": "B", "DIRECCION": "KR 7 A # 35 A - 12 SUR", "DISCAPACID": "INTELECTUAL", "TALENTOS_O": "CAPACIDADES EXCEPCIONALES-TALENTO EXCEPCIONAL EN LIDERAZGO SOCIAL Y EMPRENDIMIENTO", "GRUPOS_ETN": "INDIGENAS-NEGRITUDES", "SECTOR": 2, "NATU_JUR": 9, "CALENDARIO": 1, "GENERO": 5, "COD_LOCA": "04", "ESPECIALID": 13, "CLASE_TIPO": 1, "BILINGUE": 5, "FECHA": "2024-04-30", "DANE12_EST": "111001018384", "DANE12_SED": "111001035548", "DA_HIPOACU": 0, "DA_SORDERA": 0, "DA_LENGUAS": 0, "DA_UCASTEL": 0, "DISCAP_FIS": 0, "DISCAP_FLE": 0, "DISCAP_PCE": 0, "DI_DCOGNIT": 8, "DI_SDOWN": 0, "DIS_MULTIP": 0, "DIS_PSICOS": 0, "DV_BAJAVIS": 0, "DIS_CEGUER": 0, "T_ESPECTRO": 0, "T_VOZ_Y_HA": 0, "SISTEMICA": 0, "SORDOCEGUE": 0, "OTRA": 0, "TOT_EST_MA": 8, "AFRODESCEN": 1, "INDIGENAS": 5, "NEGRITUDES": 1, "PALENQUERO": 0, "RAIZALES": 0, "ROM": 0, "TOT_EST_ET": 7, "CAPACID_EX": 0, "DOBLE_EXCE": 0, "TE_ACTFISI": 0, "TE_ARTES": 0, "TE_CNATUR": 0, "TE_CSOCIAL": 0, "TE_LDSOCIA": 0, "TE_TECNOLO": 0, "TOT_EST_CA": 0, "TMATRIC_GE": 468, "Zona": 1 }, "geometry": { "type": "Point", "coordinates": [ -8248995.123400000855327, 508604.830299999564886 ] } },
{ "type": "Feature", "properties": { "NOMBRE_EST": "COLEGIO ENTRE NUBES SUR ORIENTAL (IED)", "NOMBRE_SED": "ANIBAL FERNANDEZ DE SOTO", "ORDEN_DE_S": "A", "DIRECCION": "CL 43 B SUR # 1 D - 03 ESTE", "DISCAPACID": "AUDITIVA-FISICA-INTELECTUAL-MENTAL/PSICOSOCIAL-MULTIPLE-SORDOCEGUERA-VISUAL", "TALENTOS_O": "TALENTO EXCEPCIONAL EN ACTIVIDAD FISICA, EJERCICIO Y DEPORTE-TALENTO EXCEPCIONAL EN ARTES Y LETRAS-TALENTO EXCEPCIONAL EN TECNOLOGIA", "GRUPOS_ETN": "AFRODESCENDIENTES-NEGRITUDES", "SECTOR": 2, "NATU_JUR": 9, "CALENDARIO": 1, "GENERO": 5, "COD_LOCA": "04", "ESPECIALID": 1, "CLASE_TIPO": 1, "BILINGUE": 5, "FECHA": "2024-04-30", "DANE12_EST": "111001020443", "DANE12_SED": "111001020443", "DA_HIPOACU": 4, "DA_SORDERA": 0, "DA_LENGUAS": 0, "DA_UCASTEL": 0, "DISCAP_FIS": 1, "DISCAP_FLE": 0, "DISCAP_PCE": 0, "DI_DCOGNIT": 29, "DI_SDOWN": 0, "DIS_MULTIP": 4, "DIS_PSICOS": 3, "DV_BAJAVIS": 1, "DIS_CEGUER": 0, "T_ESPECTRO": 0, "T_VOZ_Y_HA": 0, "SISTEMICA": 0, "SORDOCEGUE": 0, "OTRA": 0, "TOT_EST_MA": 42, "AFRODESCEN": 12, "INDIGENAS": 1, "NEGRITUDES": 8, "PALENQUERO": 0, "RAIZALES": 0, "ROM": 0, "TOT_EST_ET": 21, "CAPACID_EX": 0, "DOBLE_EXCE": 0, "TE_ACTFISI": 0, "TE_ARTES": 0, "TE_CNATUR": 0, "TE_CSOCIAL": 0, "TE_LDSOCIA": 0, "TE_TECNOLO": 0, "TOT_EST_CA": 0, "TMATRIC_GE": 458, "Zona": 1 }, "geometry": { "type": "Point", "coordinates": [ -8248497.484099999070168, 506816.498399998992682 ] } },
{ "type": "Feature", "properties": { "NOMBRE_EST": "COLEGIO ENTRE NUBES SUR ORIENTAL (IED)", "NOMBRE_SED": "LA PENINSULA", "ORDEN_DE_S": "B", "DIRECCION": "CL 48 A SUR # 0 - 50 ESTE  --  CL 48 B SUR # 1 - 39 ESTE", "DISCAPACID": "FISICA-INTELECTUAL-MENTAL/PSICOSOCIAL-MULTIPLE", "TALENTOS_O": "TALENTO EXCEPCIONAL EN ACTIVIDAD FISICA, EJERCICIO Y DEPORTE-TALENTO EXCEPCIONAL EN ARTES Y LETRAS-TALENTO EXCEPCIONAL EN CIENCIAS SOCIALES O HUMANAS", "GRUPOS_ETN": "AFRODESCENDIENTES-INDIGENAS", "SECTOR": 2, "NATU_JUR": 9, "CALENDARIO": 1, "GENERO": 5, "COD_LOCA": "04", "ESPECIALID": 13, "CLASE_TIPO": 1, "BILINGUE": 5, "FECHA": "2024-04-30", "DANE12_EST": "111001020443", "DANE12_SED": "111001029106", "DA_HIPOACU": 0, "DA_SORDERA": 0, "DA_LENGUAS": 0, "DA_UCASTEL": 0, "DISCAP_FIS": 1, "DISCAP_FLE": 0, "DISCAP_PCE": 0, "DI_DCOGNIT": 5, "DI_SDOWN": 0, "DIS_MULTIP": 5, "DIS_PSICOS": 1, "DV_BAJAVIS": 0, "DIS_CEGUER": 0, "T_ESPECTRO": 0, "T_VOZ_Y_HA": 0, "SISTEMICA": 0, "SORDOCEGUE": 0, "OTRA": 0, "TOT_EST_MA": 12, "AFRODESCEN": 3, "INDIGENAS": 1, "NEGRITUDES": 0, "PALENQUERO": 0, "RAIZALES": 0, "ROM": 0, "TOT_EST_ET": 4, "CAPACID_EX": 0, "DOBLE_EXCE": 0, "TE_ACTFISI": 0, "TE_ARTES": 0, "TE_CNATUR": 0, "TE_CSOCIAL": 0, "TE_LDSOCIA": 0, "TE_TECNOLO": 0, "TOT_EST_CA": 0, "TMATRIC_GE": 320, "Zona": 1 }, "geometry": { "type": "Point", "coordinates": [ -8248876.021600000560284, 506619.982400000095367 ] } },
{ "type": "Feature", "properties": { "NOMBRE_EST": "COLEGIO ENTRE NUBES SUR ORIENTAL (IED)", "NOMBRE_SED": "CANADA GÜIRA", "ORDEN_DE_S": "C", "DIRECCION": "CL 48 SUR # 2 - 99/27 ESTE", "DISCAPACID": "AUDITIVA-FISICA-INTELECTUAL-MENTAL/PSICOSOCIAL-MULTIPLE", "TALENTOS_O": "TALENTO EXCEPCIONAL EN TECNOLOGIA", "GRUPOS_ETN": "AFRODESCENDIENTES-INDIGENAS-NEGRITUDES", "SECTOR": 2, "NATU_JUR": 9, "CALENDARIO": 1, "GENERO": 5, "COD_LOCA": "04", "ESPECIALID": 13, "CLASE_TIPO": 1, "BILINGUE": 5, "FECHA": "2024-04-30", "DANE12_EST": "111001020443", "DANE12_SED": "111001032468", "DA_HIPOACU": 0, "DA_SORDERA": 0, "DA_LENGUAS": 0, "DA_UCASTEL": 0, "DISCAP_FIS": 2, "DISCAP_FLE": 0, "DISCAP_PCE": 0, "DI_DCOGNIT": 8, "DI_SDOWN": 0, "DIS_MULTIP": 2, "DIS_PSICOS": 1, "DV_BAJAVIS": 0, "DIS_CEGUER": 0, "T_ESPECTRO": 0, "T_VOZ_Y_HA": 0, "SISTEMICA": 0, "SORDOCEGUE": 0, "OTRA": 0, "TOT_EST_MA": 14, "AFRODESCEN": 2, "INDIGENAS": 2, "NEGRITUDES": 5, "PALENQUERO": 0, "RAIZALES": 0, "ROM": 0, "TOT_EST_ET": 9, "CAPACID_EX": 0, "DOBLE_EXCE": 0, "TE_ACTFISI": 0, "TE_ARTES": 0, "TE_CNATUR": 0, "TE_CSOCIAL": 0, "TE_LDSOCIA": 0, "TE_TECNOLO": 0, "TOT_EST_CA": 0, "TMATRIC_GE": 277, "Zona": 1 }, "geometry": { "type": "Point", "coordinates": [ -8248630.657800000160933, 506402.971099998801947 ] } },
{ "type": "Feature", "properties": { "NOMBRE_EST": "COLEGIO MORALBA SURORIENTAL (IED)", "NOMBRE_SED": "MORALBA SURORIENTAL", "ORDEN_DE_S": "A", "DIRECCION": "CL 43 SUR TV 16 ESTE -- KR 16 A ESTE # 42 C - 80 SUR", "DISCAPACID": "INTELECTUAL-MENTAL/PSICOSOCIAL-MULTIPLE", "TALENTOS_O": null, "GRUPOS_ETN": "AFRODESCENDIENTES-INDIGENAS", "SECTOR": 2, "NATU_JUR": 9, "CALENDARIO": 1, "GENERO": 5, "COD_LOCA": "04", "ESPECIALID": 1, "CLASE_TIPO": 1, "BILINGUE": 5, "FECHA": "2024-04-30", "DANE12_EST": "111001024686", "DANE12_SED": "111001024686", "DA_HIPOACU": 0, "DA_SORDERA": 0, "DA_LENGUAS": 0, "DA_UCASTEL": 0, "DISCAP_FIS": 0, "DISCAP_FLE": 0, "DISCAP_PCE": 0, "DI_DCOGNIT": 14, "DI_SDOWN": 0, "DIS_MULTIP": 2, "DIS_PSICOS": 1, "DV_BAJAVIS": 0, "DIS_CEGUER": 0, "T_ESPECTRO": 0, "T_VOZ_Y_HA": 0, "SISTEMICA": 0, "SORDOCEGUE": 0, "OTRA": 0, "TOT_EST_MA": 17, "AFRODESCEN": 56, "INDIGENAS": 9, "NEGRITUDES": 0, "PALENQUERO": 0, "RAIZALES": 0, "ROM": 0, "TOT_EST_ET": 65, "CAPACID_EX": 0, "DOBLE_EXCE": 0, "TE_ACTFISI": 0, "TE_ARTES": 0, "TE_CNATUR": 0, "TE_CSOCIAL": 0, "TE_LDSOCIA": 0, "TE_TECNOLO": 0, "TOT_EST_CA": 0, "TMATRIC_GE": 878, "Zona": 1 }, "geometry": { "type": "Point", "coordinates": [ -8246609.506699999794364, 506088.917899999767542 ] } },
{ "type": "Feature", "properties": { "NOMBRE_EST": "COLEGIO MORALBA SURORIENTAL (IED)", "NOMBRE_SED": "EL QUINDIO", "ORDEN_DE_S": "B", "DIRECCION": "CL 46 G SUR # 16 A - 05 ESTE", "DISCAPACID": "INTELECTUAL", "TALENTOS_O": null, "GRUPOS_ETN": "AFRODESCENDIENTES-INDIGENAS-ROM", "SECTOR": 2, "NATU_JUR": 9, "CALENDARIO": 1, "GENERO": 5, "COD_LOCA": "04", "ESPECIALID": 13, "CLASE_TIPO": 1, "BILINGUE": 5, "FECHA": "2024-04-30", "DANE12_EST": "111001024686", "DANE12_SED": "111001012289", "DA_HIPOACU": 0, "DA_SORDERA": 0, "DA_LENGUAS": 0, "DA_UCASTEL": 0, "DISCAP_FIS": 1, "DISCAP_FLE": 0, "DISCAP_PCE": 0, "DI_DCOGNIT": 5, "DI_SDOWN": 0, "DIS_MULTIP": 0, "DIS_PSICOS": 0, "DV_BAJAVIS": 0, "DIS_CEGUER": 0, "T_ESPECTRO": 0, "T_VOZ_Y_HA": 0, "SISTEMICA": 0, "SORDOCEGUE": 0, "OTRA": 0, "TOT_EST_MA": 6, "AFRODESCEN": 24, "INDIGENAS": 3, "NEGRITUDES": 1, "PALENQUERO": 0, "RAIZALES": 0, "ROM": 0, "TOT_EST_ET": 28, "CAPACID_EX": 1, "DOBLE_EXCE": 0, "TE_ACTFISI": 0, "TE_ARTES": 1, "TE_CNATUR": 0, "TE_CSOCIAL": 0, "TE_LDSOCIA": 0, "TE_TECNOLO": 0, "TOT_EST_CA": 1, "TMATRIC_GE": 316, "Zona": 1 }, "geometry": { "type": "Point", "coordinates": [ -8246859.250800000503659, 505651.938700001686811 ] } },
{ "type": "Feature", "properties": { "NOMBRE_EST": "COLEGIO MORALBA SURORIENTAL (IED)", "NOMBRE_SED": "FUNDACION EL CONSUELO", "ORDEN_DE_S": "C", "DIRECCION": "KR 15 ESTE # 46 - 60 SUR", "DISCAPACID": "INTELECTUAL", "TALENTOS_O": null, "GRUPOS_ETN": "AFRODESCENDIENTES", "SECTOR": 2, "NATU_JUR": 9, "CALENDARIO": 1, "GENERO": 5, "COD_LOCA": "04", "ESPECIALID": 13, "CLASE_TIPO": 1, "BILINGUE": 5, "FECHA": "2024-04-30", "DANE12_EST": "111001024686", "DANE12_SED": "111001012319", "DA_HIPOACU": 0, "DA_SORDERA": 0, "DA_LENGUAS": 0, "DA_UCASTEL": 0, "DISCAP_FIS": 0, "DISCAP_FLE": 0, "DISCAP_PCE": 0, "DI_DCOGNIT": 0, "DI_SDOWN": 0, "DIS_MULTIP": 0, "DIS_PSICOS": 0, "DV_BAJAVIS": 0, "DIS_CEGUER": 0, "T_ESPECTRO": 0, "T_VOZ_Y_HA": 0, "SISTEMICA": 0, "SORDOCEGUE": 0, "OTRA": 0, "TOT_EST_MA": 0, "AFRODESCEN": 5, "INDIGENAS": 0, "NEGRITUDES": 0, "PALENQUERO": 0, "RAIZALES": 0, "ROM": 1, "TOT_EST_ET": 6, "CAPACID_EX": 0, "DOBLE_EXCE": 0, "TE_ACTFISI": 0, "TE_ARTES": 0, "TE_CNATUR": 0, "TE_CSOCIAL": 0, "TE_LDSOCIA": 0, "TE_TECNOLO": 0, "TOT_EST_CA": 0, "TMATRIC_GE": 108, "Zona": 1 }, "geometry": { "type": "Point", "coordinates": [ -8246840.323200000450015, 505983.407299999147654 ] } },
{ "type": "Feature", "properties": { "NOMBRE_EST": "COLEGIO FLORENTINO GONZALEZ (IED)", "NOMBRE_SED": "FLORENTINO GONZALEZ", "ORDEN_DE_S": "A", "DIRECCION": "KR 5 A # 30 A - 45 SUR", "DISCAPACID": "AUDITIVA-FISICA-INTELECTUAL-MULTIPLE-SORDOCEGUERA", "TALENTOS_O": "CAPACIDADES EXCEPCIONALES-TALENTO EXCEPCIONAL EN ACTIVIDAD FISICA, EJERCICIO Y DEPORTE-TALENTO EXCEPCIONAL EN ARTES Y LETRAS-TALENTO EXCEPCIONAL EN CIENCIAS NATURALES O BASICAS-TALENTO EXCEPCIONAL EN CIENCIAS SOCIALES O HUMANAS-TALENTO EXCEPCIONAL EN LID", "GRUPOS_ETN": "AFRODESCENDIENTES-INDIGENAS-NEGRITUDES", "SECTOR": 2, "NATU_JUR": 9, "CALENDARIO": 1, "GENERO": 5, "COD_LOCA": "04", "ESPECIALID": 1, "CLASE_TIPO": 1, "BILINGUE": 5, "FECHA": "2024-04-30", "DANE12_EST": "111001027324", "DANE12_SED": "111001027324", "DA_HIPOACU": 2, "DA_SORDERA": 0, "DA_LENGUAS": 0, "DA_UCASTEL": 0, "DISCAP_FIS": 2, "DISCAP_FLE": 0, "DISCAP_PCE": 0, "DI_DCOGNIT": 26, "DI_SDOWN": 0, "DIS_MULTIP": 3, "DIS_PSICOS": 2, "DV_BAJAVIS": 1, "DIS_CEGUER": 0, "T_ESPECTRO": 0, "T_VOZ_Y_HA": 0, "SISTEMICA": 0, "SORDOCEGUE": 0, "OTRA": 0, "TOT_EST_MA": 36, "AFRODESCEN": 5, "INDIGENAS": 9, "NEGRITUDES": 7, "PALENQUERO": 0, "RAIZALES": 0, "ROM": 0, "TOT_EST_ET": 21, "CAPACID_EX": 3, "DOBLE_EXCE": 1, "TE_ACTFISI": 1, "TE_ARTES": 0, "TE_CNATUR": 1, "TE_CSOCIAL": 0, "TE_LDSOCIA": 0, "TE_TECNOLO": 0, "TOT_EST_CA": 3, "TMATRIC_GE": 1353, "Zona": 1 }, "geometry": { "type": "Point", "coordinates": [ -8248367.981699999421835, 508954.693300001323223 ] } },
{ "type": "Feature", "properties": { "NOMBRE_EST": "COLEGIO MANUELITA SAENZ (IED)", "NOMBRE_SED": "MANUELITA SAENZ", "ORDEN_DE_S": "A", "DIRECCION": "KR 3 ESTE # 18 A - 34 SUR", "DISCAPACID": "AUDITIVA-FISICA-INTELECTUAL-MENTAL/PSICOSOCIAL-MULTIPLE-SORDOCEGUERA-VISUAL", "TALENTOS_O": "CAPACIDADES EXCEPCIONALES-TALENTO EXCEPCIONAL EN ACTIVIDAD FISICA, EJERCICIO Y DEPORTE-TALENTO EXCEPCIONAL EN CIENCIAS SOCIALES O HUMANAS", "GRUPOS_ETN": "AFRODESCENDIENTES-INDIGENAS-NEGRITUDES-RAIZALES", "SECTOR": 2, "NATU_JUR": 9, "CALENDARIO": 1, "GENERO": 5, "COD_LOCA": "04", "ESPECIALID": 1, "CLASE_TIPO": 1, "BILINGUE": 5, "FECHA": "2024-04-30", "DANE12_EST": "111001030066", "DANE12_SED": "111001030066", "DA_HIPOACU": 5, "DA_SORDERA": 0, "DA_LENGUAS": 0, "DA_UCASTEL": 0, "DISCAP_FIS": 10, "DISCAP_FLE": 0, "DISCAP_PCE": 0, "DI_DCOGNIT": 56, "DI_SDOWN": 0, "DIS_MULTIP": 24, "DIS_PSICOS": 3, "DV_BAJAVIS": 1, "DIS_CEGUER": 0, "T_ESPECTRO": 0, "T_VOZ_Y_HA": 0, "SISTEMICA": 0, "SORDOCEGUE": 1, "OTRA": 0, "TOT_EST_MA": 100, "AFRODESCEN": 21, "INDIGENAS": 2, "NEGRITUDES": 5, "PALENQUERO": 0, "RAIZALES": 3, "ROM": 0, "TOT_EST_ET": 31, "CAPACID_EX": 2, "DOBLE_EXCE": 0, "TE_ACTFISI": 1, "TE_ARTES": 1, "TE_CNATUR": 0, "TE_CSOCIAL": 0, "TE_LDSOCIA": 0, "TE_TECNOLO": 0, "TOT_EST_CA": 2, "TMATRIC_GE": 2916, "Zona": 1 }, "geometry": { "type": "Point", "coordinates": [ -8247146.343800000846386, 509415.15430000051856 ] } },
{ "type": "Feature", "properties": { "NOMBRE_EST": "COLEGIO ALEMANIA UNIFICADA (IED)", "NOMBRE_SED": "GUACAMAYAS", "ORDEN_DE_S": "A", "DIRECCION": "CL 37 SUR # 1 F - 00 ESTE", "DISCAPACID": "FISICA-INTELECTUAL-MENTAL/PSICOSOCIAL-MULTIPLE", "TALENTOS_O": null, "GRUPOS_ETN": "AFRODESCENDIENTES-INDIGENAS-NEGRITUDES", "SECTOR": 2, "NATU_JUR": 9, "CALENDARIO": 1, "GENERO": 5, "COD_LOCA": "04", "ESPECIALID": 1, "CLASE_TIPO": 1, "BILINGUE": 5, "FECHA": "2024-04-30", "DANE12_EST": "111001030864", "DANE12_SED": "111001030864", "DA_HIPOACU": 0, "DA_SORDERA": 0, "DA_LENGUAS": 0, "DA_UCASTEL": 0, "DISCAP_FIS": 0, "DISCAP_FLE": 0, "DISCAP_PCE": 0, "DI_DCOGNIT": 18, "DI_SDOWN": 0, "DIS_MULTIP": 2, "DIS_PSICOS": 1, "DV_BAJAVIS": 0, "DIS_CEGUER": 0, "T_ESPECTRO": 0, "T_VOZ_Y_HA": 0, "SISTEMICA": 0, "SORDOCEGUE": 1, "OTRA": 0, "TOT_EST_MA": 22, "AFRODESCEN": 9, "INDIGENAS": 3, "NEGRITUDES": 3, "PALENQUERO": 0, "RAIZALES": 0, "ROM": 0, "TOT_EST_ET": 15, "CAPACID_EX": 0, "DOBLE_EXCE": 0, "TE_ACTFISI": 0, "TE_ARTES": 0, "TE_CNATUR": 0, "TE_CSOCIAL": 0, "TE_LDSOCIA": 0, "TE_TECNOLO": 0, "TOT_EST_CA": 0, "TMATRIC_GE": 602, "Zona": 1 }, "geometry": { "type": "Point", "coordinates": [ -8248225.946900000795722, 507693.270500000566244 ] } },
{ "type": "Feature", "properties": { "NOMBRE_EST": "COLEGIO ALEMANIA UNIFICADA (IED)", "NOMBRE_SED": "ALEMANIA UNIFICADA", "ORDEN_DE_S": "B", "DIRECCION": "CL 38 SUR # 2 N - 09", "DISCAPACID": "FISICA-INTELECTUAL-MENTAL/PSICOSOCIAL-MULTIPLE-SORDOCEGUERA", "TALENTOS_O": "TALENTO EXCEPCIONAL EN ACTIVIDAD FISICA, EJERCICIO Y DEPORTE", "GRUPOS_ETN": "AFRODESCENDIENTES-INDIGENAS-NEGRITUDES", "SECTOR": 2, "NATU_JUR": 9, "CALENDARIO": 1, "GENERO": 5, "COD_LOCA": "04", "ESPECIALID": 13, "CLASE_TIPO": 1, "BILINGUE": 5, "FECHA": "2024-04-30", "DANE12_EST": "111001030864", "DANE12_SED": "111001029629", "DA_HIPOACU": 0, "DA_SORDERA": 0, "DA_LENGUAS": 0, "DA_UCASTEL": 0, "DISCAP_FIS": 0, "DISCAP_FLE": 0, "DISCAP_PCE": 0, "DI_DCOGNIT": 7, "DI_SDOWN": 0, "DIS_MULTIP": 2, "DIS_PSICOS": 0, "DV_BAJAVIS": 1, "DIS_CEGUER": 0, "T_ESPECTRO": 0, "T_VOZ_Y_HA": 0, "SISTEMICA": 0, "SORDOCEGUE": 0, "OTRA": 0, "TOT_EST_MA": 10, "AFRODESCEN": 4, "INDIGENAS": 4, "NEGRITUDES": 0, "PALENQUERO": 0, "RAIZALES": 0, "ROM": 0, "TOT_EST_ET": 8, "CAPACID_EX": 0, "DOBLE_EXCE": 0, "TE_ACTFISI": 0, "TE_ARTES": 0, "TE_CNATUR": 0, "TE_CSOCIAL": 0, "TE_LDSOCIA": 0, "TE_TECNOLO": 0, "TOT_EST_CA": 0, "TMATRIC_GE": 376, "Zona": 1 }, "geometry": { "type": "Point", "coordinates": [ -8248798.060100000351667, 507958.813499998301268 ] } },
{ "type": "Feature", "properties": { "NOMBRE_EST": "COLEGIO TECNICO TOMAS RUEDA VARGAS (IED)", "NOMBRE_SED": "TOMAS RUEDA VARGAS", "ORDEN_DE_S": "A", "DIRECCION": "KR 5 ESTE # 25 - 51 SUR", "DISCAPACID": "INTELECTUAL-MENTAL/PSICOSOCIAL-SORDOCEGUERA-VISUAL", "TALENTOS_O": "TALENTO EXCEPCIONAL EN ACTIVIDAD FISICA, EJERCICIO Y DEPORTE", "GRUPOS_ETN": "AFRODESCENDIENTES-INDIGENAS-NEGRITUDES", "SECTOR": 2, "NATU_JUR": 9, "CALENDARIO": 1, "GENERO": 5, "COD_LOCA": "04", "ESPECIALID": 14, "CLASE_TIPO": 1, "BILINGUE": 5, "FECHA": "2024-04-30", "DANE12_EST": "111001032280", "DANE12_SED": "111001032280", "DA_HIPOACU": 0, "DA_SORDERA": 0, "DA_LENGUAS": 0, "DA_UCASTEL": 0, "DISCAP_FIS": 0, "DISCAP_FLE": 0, "DISCAP_PCE": 0, "DI_DCOGNIT": 11, "DI_SDOWN": 0, "DIS_MULTIP": 2, "DIS_PSICOS": 3, "DV_BAJAVIS": 1, "DIS_CEGUER": 0, "T_ESPECTRO": 0, "T_VOZ_Y_HA": 0, "SISTEMICA": 0, "SORDOCEGUE": 0, "OTRA": 0, "TOT_EST_MA": 17, "AFRODESCEN": 4, "INDIGENAS": 2, "NEGRITUDES": 7, "PALENQUERO": 0, "RAIZALES": 0, "ROM": 0, "TOT_EST_ET": 13, "CAPACID_EX": 0, "DOBLE_EXCE": 0, "TE_ACTFISI": 0, "TE_ARTES": 0, "TE_CNATUR": 0, "TE_CSOCIAL": 0, "TE_LDSOCIA": 0, "TE_TECNOLO": 0, "TOT_EST_CA": 0, "TMATRIC_GE": 826, "Zona": 1 }, "geometry": { "type": "Point", "coordinates": [ -8247334.366900000721216, 508731.3108000010252 ] } },
{ "type": "Feature", "properties": { "NOMBRE_EST": "COLEGIO TECNICO TOMAS RUEDA VARGAS (IED)", "NOMBRE_SED": "SANTA INES SURORIENTAL", "ORDEN_DE_S": "B", "DIRECCION": "KR 5 ESTE # 29 A - 25/14 SUR", "DISCAPACID": "FISICA", "TALENTOS_O": "TALENTO EXCEPCIONAL EN ACTIVIDAD FISICA, EJERCICIO Y DEPORTE-TALENTO EXCEPCIONAL EN ARTES Y LETRAS-TALENTO EXCEPCIONAL EN CIENCIAS SOCIALES O HUMANAS-TALENTO EXCEPCIONAL EN LIDERAZGO SOCIAL Y EMPRENDIMIENTO", "GRUPOS_ETN": "AFRODESCENDIENTES-INDIGENAS", "SECTOR": 2, "NATU_JUR": 9, "CALENDARIO": 1, "GENERO": 5, "COD_LOCA": "04", "ESPECIALID": 13, "CLASE_TIPO": 1, "BILINGUE": 5, "FECHA": "2024-04-30", "DANE12_EST": "111001032280", "DANE12_SED": "111001014419", "DA_HIPOACU": 0, "DA_SORDERA": 0, "DA_LENGUAS": 0, "DA_UCASTEL": 0, "DISCAP_FIS": 1, "DISCAP_FLE": 0, "DISCAP_PCE": 0, "DI_DCOGNIT": 1, "DI_SDOWN": 0, "DIS_MULTIP": 3, "DIS_PSICOS": 0, "DV_BAJAVIS": 0, "DIS_CEGUER": 0, "T_ESPECTRO": 0, "T_VOZ_Y_HA": 0, "SISTEMICA": 0, "SORDOCEGUE": 0, "OTRA": 0, "TOT_EST_MA": 6, "AFRODESCEN": 4, "INDIGENAS": 1, "NEGRITUDES": 0, "PALENQUERO": 0, "RAIZALES": 0, "ROM": 0, "TOT_EST_ET": 5, "CAPACID_EX": 0, "DOBLE_EXCE": 0, "TE_ACTFISI": 0, "TE_ARTES": 0, "TE_CNATUR": 0, "TE_CSOCIAL": 0, "TE_LDSOCIA": 0, "TE_TECNOLO": 0, "TOT_EST_CA": 0, "TMATRIC_GE": 270, "Zona": 1 }, "geometry": { "type": "Point", "coordinates": [ -8247472.721400000154972, 508327.526999998837709 ] } },
{ "type": "Feature", "properties": { "NOMBRE_EST": "COLEGIO TECNICO TOMAS RUEDA VARGAS (IED)", "NOMBRE_SED": "REPUBLICA DEL CANADA I", "ORDEN_DE_S": "C", "DIRECCION": "KR 7 ESTE # 28 B - 20 SUR", "DISCAPACID": "AUDITIVA-INTELECTUAL-MENTAL/PSICOSOCIAL-MULTIPLE", "TALENTOS_O": null, "GRUPOS_ETN": "AFRODESCENDIENTES-INDIGENAS", "SECTOR": 2, "NATU_JUR": 9, "CALENDARIO": 1, "GENERO": 5, "COD_LOCA": "04", "ESPECIALID": 13, "CLASE_TIPO": 1, "BILINGUE": 5, "FECHA": "2024-04-30", "DANE12_EST": "111001032280", "DANE12_SED": "111001012416", "DA_HIPOACU": 0, "DA_SORDERA": 0, "DA_LENGUAS": 0, "DA_UCASTEL": 0, "DISCAP_FIS": 0, "DISCAP_FLE": 0, "DISCAP_PCE": 0, "DI_DCOGNIT": 6, "DI_SDOWN": 0, "DIS_MULTIP": 2, "DIS_PSICOS": 2, "DV_BAJAVIS": 0, "DIS_CEGUER": 0, "T_ESPECTRO": 0, "T_VOZ_Y_HA": 0, "SISTEMICA": 0, "SORDOCEGUE": 0, "OTRA": 0, "TOT_EST_MA": 10, "AFRODESCEN": 4, "INDIGENAS": 2, "NEGRITUDES": 0, "PALENQUERO": 0, "RAIZALES": 0, "ROM": 0, "TOT_EST_ET": 6, "CAPACID_EX": 0, "DOBLE_EXCE": 0, "TE_ACTFISI": 0, "TE_ARTES": 0, "TE_CNATUR": 0, "TE_CSOCIAL": 0, "TE_LDSOCIA": 0, "TE_TECNOLO": 0, "TOT_EST_CA": 0, "TMATRIC_GE": 377, "Zona": 1 }, "geometry": { "type": "Point", "coordinates": [ -8247271.863199999555945, 508323.453400000929832 ] } },
{ "type": "Feature", "properties": { "NOMBRE_EST": "COLEGIO REPUBLICA DEL ECUADOR (IED)", "NOMBRE_SED": "REPUBLICA DEL ECUADOR", "ORDEN_DE_S": "A", "DIRECCION": "KR 1 A # 6 C - 50 SUR", "DISCAPACID": "FISICA-INTELECTUAL-MENTAL/PSICOSOCIAL-MULTIPLE-VISUAL", "TALENTOS_O": "TALENTO EXCEPCIONAL EN ACTIVIDAD FISICA, EJERCICIO Y DEPORTE-TALENTO EXCEPCIONAL EN ARTES Y LETRAS-TALENTO EXCEPCIONAL EN LIDERAZGO SOCIAL Y EMPRENDIMIENTO", "GRUPOS_ETN": "AFRODESCENDIENTES-INDIGENAS-PALENQUEROS", "SECTOR": 2, "NATU_JUR": 9, "CALENDARIO": 1, "GENERO": 5, "COD_LOCA": "04", "ESPECIALID": 1, "CLASE_TIPO": 1, "BILINGUE": 5, "FECHA": "2024-04-30", "DANE12_EST": "111001032433", "DANE12_SED": "111001032433", "DA_HIPOACU": 0, "DA_SORDERA": 0, "DA_LENGUAS": 0, "DA_UCASTEL": 0, "DISCAP_FIS": 2, "DISCAP_FLE": 0, "DISCAP_PCE": 0, "DI_DCOGNIT": 7, "DI_SDOWN": 0, "DIS_MULTIP": 3, "DIS_PSICOS": 0, "DV_BAJAVIS": 2, "DIS_CEGUER": 0, "T_ESPECTRO": 0, "T_VOZ_Y_HA": 0, "SISTEMICA": 0, "SORDOCEGUE": 0, "OTRA": 0, "TOT_EST_MA": 14, "AFRODESCEN": 1, "INDIGENAS": 4, "NEGRITUDES": 0, "PALENQUERO": 0, "RAIZALES": 0, "ROM": 0, "TOT_EST_ET": 5, "CAPACID_EX": 0, "DOBLE_EXCE": 0, "TE_ACTFISI": 0, "TE_ARTES": 0, "TE_CNATUR": 0, "TE_CSOCIAL": 0, "TE_LDSOCIA": 0, "TE_TECNOLO": 0, "TOT_EST_CA": 0, "TMATRIC_GE": 904, "Zona": 1 }, "geometry": { "type": "Point", "coordinates": [ -8246579.159900000318885, 510042.906399998813868 ] } },
{ "type": "Feature", "properties": { "NOMBRE_EST": "COLEGIO JUAN REY (IED)", "NOMBRE_SED": "JUAN REY", "ORDEN_DE_S": "A", "DIRECCION": "CL 70 SUR # 13 B - 27 ESTE", "DISCAPACID": "INTELECTUAL-MENTAL/PSICOSOCIAL-MULTIPLE-SORDOCEGUERA", "TALENTOS_O": "TALENTO EXCEPCIONAL EN ARTES Y LETRAS-TALENTO EXCEPCIONAL EN LIDERAZGO SOCIAL Y EMPRENDIMIENTO", "GRUPOS_ETN": "AFRODESCENDIENTES-NEGRITUDES", "SECTOR": 2, "NATU_JUR": 9, "CALENDARIO": 1, "GENERO": 5, "COD_LOCA": "04", "ESPECIALID": 1, "CLASE_TIPO": 1, "BILINGUE": 5, "FECHA": "2024-04-30", "DANE12_EST": "111001034011", "DANE12_SED": "111001034011", "DA_HIPOACU": 0, "DA_SORDERA": 0, "DA_LENGUAS": 0, "DA_UCASTEL": 0, "DISCAP_FIS": 0, "DISCAP_FLE": 0, "DISCAP_PCE": 0, "DI_DCOGNIT": 7, "DI_SDOWN": 0, "DIS_MULTIP": 1, "DIS_PSICOS": 0, "DV_BAJAVIS": 0, "DIS_CEGUER": 0, "T_ESPECTRO": 0, "T_VOZ_Y_HA": 0, "SISTEMICA": 0, "SORDOCEGUE": 0, "OTRA": 0, "TOT_EST_MA": 9, "AFRODESCEN": 4, "INDIGENAS": 4, "NEGRITUDES": 1, "PALENQUERO": 0, "RAIZALES": 0, "ROM": 0, "TOT_EST_ET": 9, "CAPACID_EX": 0, "DOBLE_EXCE": 0, "TE_ACTFISI": 0, "TE_ARTES": 0, "TE_CNATUR": 0, "TE_CSOCIAL": 0, "TE_LDSOCIA": 0, "TE_TECNOLO": 0, "TOT_EST_CA": 0, "TMATRIC_GE": 701, "Zona": 1 }, "geometry": { "type": "Point", "coordinates": [ -8247648.383600000292063, 503972.465300001204014 ] } },
{ "type": "Feature", "properties": { "NOMBRE_EST": "COLEGIO JUAN REY (IED)", "NOMBRE_SED": "CIUDAD DE LONDRES", "ORDEN_DE_S": "B", "DIRECCION": "CL 71 BIS SUR # 17 - 30 ESTE  --  CL 71 SUR # 17 - 04 ESTE", "DISCAPACID": "INTELECTUAL", "TALENTOS_O": null, "GRUPOS_ETN": "INDIGENAS", "SECTOR": 2, "NATU_JUR": 9, "CALENDARIO": 1, "GENERO": 5, "COD_LOCA": "04", "ESPECIALID": 13, "CLASE_TIPO": 1, "BILINGUE": 5, "FECHA": "2024-04-30", "DANE12_EST": "111001034011", "DANE12_SED": "111001016276", "DA_HIPOACU": 0, "DA_SORDERA": 0, "DA_LENGUAS": 0, "DA_UCASTEL": 0, "DISCAP_FIS": 0, "DISCAP_FLE": 0, "DISCAP_PCE": 0, "DI_DCOGNIT": 3, "DI_SDOWN": 0, "DIS_MULTIP": 1, "DIS_PSICOS": 0, "DV_BAJAVIS": 0, "DIS_CEGUER": 0, "T_ESPECTRO": 0, "T_VOZ_Y_HA": 0, "SISTEMICA": 0, "SORDOCEGUE": 0, "OTRA": 0, "TOT_EST_MA": 4, "AFRODESCEN": 0, "INDIGENAS": 1, "NEGRITUDES": 0, "PALENQUERO": 0, "RAIZALES": 0, "ROM": 0, "TOT_EST_ET": 1, "CAPACID_EX": 0, "DOBLE_EXCE": 0, "TE_ACTFISI": 0, "TE_ARTES": 0, "TE_CNATUR": 0, "TE_CSOCIAL": 0, "TE_LDSOCIA": 0, "TE_TECNOLO": 0, "TOT_EST_CA": 0, "TMATRIC_GE": 192, "Zona": 1 }, "geometry": { "type": "Point", "coordinates": [ -8247417.952199999243021, 503666.951299998909235 ] } },
{ "type": "Feature", "properties": { "NOMBRE_EST": "COLEGIO TECNICO JOSE FELIX RESTREPO (IED)", "NOMBRE_SED": "JOSE FELIX RESTREPO", "ORDEN_DE_S": "A", "DIRECCION": "KR 6 # 18 B - 04 SUR", "DISCAPACID": "AUDITIVA-FISICA-INTELECTUAL-MENTAL/PSICOSOCIAL-MULTIPLE-SORDOCEGUERA-VISUAL", "TALENTOS_O": "TALENTO EXCEPCIONAL EN ARTES Y LETRAS-TALENTO EXCEPCIONAL EN CIENCIAS SOCIALES O HUMANAS", "GRUPOS_ETN": "AFRODESCENDIENTES-INDIGENAS-NEGRITUDES", "SECTOR": 2, "NATU_JUR": 9, "CALENDARIO": 1, "GENERO": 5, "COD_LOCA": "04", "ESPECIALID": 7, "CLASE_TIPO": 1, "BILINGUE": 5, "FECHA": "2024-04-30", "DANE12_EST": "111001035530", "DANE12_SED": "111001035530", "DA_HIPOACU": 2, "DA_SORDERA": 0, "DA_LENGUAS": 0, "DA_UCASTEL": 0, "DISCAP_FIS": 4, "DISCAP_FLE": 0, "DISCAP_PCE": 0, "DI_DCOGNIT": 29, "DI_SDOWN": 0, "DIS_MULTIP": 23, "DIS_PSICOS": 4, "DV_BAJAVIS": 11, "DIS_CEGUER": 0, "T_ESPECTRO": 0, "T_VOZ_Y_HA": 0, "SISTEMICA": 0, "SORDOCEGUE": 10, "OTRA": 0, "TOT_EST_MA": 83, "AFRODESCEN": 8, "INDIGENAS": 10, "NEGRITUDES": 16, "PALENQUERO": 0, "RAIZALES": 0, "ROM": 0, "TOT_EST_ET": 34, "CAPACID_EX": 0, "DOBLE_EXCE": 0, "TE_ACTFISI": 0, "TE_ARTES": 0, "TE_CNATUR": 0, "TE_CSOCIAL": 0, "TE_LDSOCIA": 0, "TE_TECNOLO": 0, "TOT_EST_CA": 0, "TMATRIC_GE": 2387, "Zona": 1 }, "geometry": { "type": "Point", "coordinates": [ -8247655.210799999535084, 509784.467399999499321 ] } },
{ "type": "Feature", "properties": { "NOMBRE_EST": "COLEGIO TECNICO JOSE FELIX RESTREPO (IED)", "NOMBRE_SED": "SANTA ANA SUR", "ORDEN_DE_S": "B", "DIRECCION": "CL 10 A SUR # 3 - 61", "DISCAPACID": "FISICA-INTELECTUAL-MULTIPLE-VISUAL", "TALENTOS_O": "TALENTO EXCEPCIONAL EN ACTIVIDAD FISICA, EJERCICIO Y DEPORTE-TALENTO EXCEPCIONAL EN ARTES Y LETRAS-TALENTO EXCEPCIONAL EN TECNOLOGIA", "GRUPOS_ETN": "AFRODESCENDIENTES-INDIGENAS-PALENQUEROS", "SECTOR": 2, "NATU_JUR": 9, "CALENDARIO": 1, "GENERO": 5, "COD_LOCA": "04", "ESPECIALID": 7, "CLASE_TIPO": 1, "BILINGUE": 5, "FECHA": "2024-04-30", "DANE12_EST": "111001035530", "DANE12_SED": "111001013226", "DA_HIPOACU": 0, "DA_SORDERA": 0, "DA_LENGUAS": 0, "DA_UCASTEL": 0, "DISCAP_FIS": 1, "DISCAP_FLE": 0, "DISCAP_PCE": 0, "DI_DCOGNIT": 11, "DI_SDOWN": 0, "DIS_MULTIP": 12, "DIS_PSICOS": 0, "DV_BAJAVIS": 4, "DIS_CEGUER": 0, "T_ESPECTRO": 0, "T_VOZ_Y_HA": 0, "SISTEMICA": 0, "SORDOCEGUE": 0, "OTRA": 0, "TOT_EST_MA": 28, "AFRODESCEN": 0, "INDIGENAS": 2, "NEGRITUDES": 0, "PALENQUERO": 4, "RAIZALES": 0, "ROM": 0, "TOT_EST_ET": 6, "CAPACID_EX": 0, "DOBLE_EXCE": 0, "TE_ACTFISI": 0, "TE_ARTES": 0, "TE_CNATUR": 0, "TE_CSOCIAL": 0, "TE_LDSOCIA": 0, "TE_TECNOLO": 0, "TOT_EST_CA": 0, "TMATRIC_GE": 686, "Zona": 1 }, "geometry": { "type": "Point", "coordinates": [ -8246999.402100000530481, 510063.862300001084805 ] } },
{ "type": "Feature", "properties": { "NOMBRE_EST": "COLEGIO TECNICO JOSE FELIX RESTREPO (IED)", "NOMBRE_SED": "JUAN XXIII", "ORDEN_DE_S": "C", "DIRECCION": "KR 6 ESTE # 11 - 49 SUR  --  CL 11 SUR # 4 - 79 ESTE", "DISCAPACID": "AUDITIVA-FISICA-INTELECTUAL-MENTAL/PSICOSOCIAL-MULTIPLE-VISUAL", "TALENTOS_O": null, "GRUPOS_ETN": "AFRODESCENDIENTES-INDIGENAS-NEGRITUDES-PALENQUEROS", "SECTOR": 2, "NATU_JUR": 9, "CALENDARIO": 1, "GENERO": 5, "COD_LOCA": "04", "ESPECIALID": 7, "CLASE_TIPO": 1, "BILINGUE": 5, "FECHA": "2024-04-30", "DANE12_EST": "111001035530", "DANE12_SED": "111001012025", "DA_HIPOACU": 0, "DA_SORDERA": 0, "DA_LENGUAS": 0, "DA_UCASTEL": 0, "DISCAP_FIS": 0, "DISCAP_FLE": 0, "DISCAP_PCE": 0, "DI_DCOGNIT": 4, "DI_SDOWN": 0, "DIS_MULTIP": 5, "DIS_PSICOS": 0, "DV_BAJAVIS": 2, "DIS_CEGUER": 0, "T_ESPECTRO": 0, "T_VOZ_Y_HA": 0, "SISTEMICA": 0, "SORDOCEGUE": 1, "OTRA": 0, "TOT_EST_MA": 12, "AFRODESCEN": 1, "INDIGENAS": 2, "NEGRITUDES": 1, "PALENQUERO": 0, "RAIZALES": 0, "ROM": 0, "TOT_EST_ET": 4, "CAPACID_EX": 0, "DOBLE_EXCE": 0, "TE_ACTFISI": 0, "TE_ARTES": 0, "TE_CNATUR": 0, "TE_CSOCIAL": 0, "TE_LDSOCIA": 0, "TE_TECNOLO": 0, "TOT_EST_CA": 0, "TMATRIC_GE": 339, "Zona": 1 }, "geometry": { "type": "Point", "coordinates": [ -8246487.148700000718236, 509582.342500001192093 ] } },
{ "type": "Feature", "properties": { "NOMBRE_EST": "COLEGIO TECNICO JOSE FELIX RESTREPO (IED)", "NOMBRE_SED": "CARLOS ALBAN HOLGUIN", "ORDEN_DE_S": "D", "DIRECCION": "CL 18 SUR # 4 - 90", "DISCAPACID": "FISICA-INTELECTUAL-MENTAL/PSICOSOCIAL-MULTIPLE-VISUAL", "TALENTOS_O": "CAPACIDADES EXCEPCIONALES-TALENTO EXCEPCIONAL EN ACTIVIDAD FISICA, EJERCICIO Y DEPORTE", "GRUPOS_ETN": "AFRODESCENDIENTES-INDIGENAS-NEGRITUDES", "SECTOR": 2, "NATU_JUR": 9, "CALENDARIO": 1, "GENERO": 5, "COD_LOCA": "04", "ESPECIALID": 7, "CLASE_TIPO": 1, "BILINGUE": 5, "FECHA": "2024-04-30", "DANE12_EST": "111001035530", "DANE12_SED": "111001107841", "DA_HIPOACU": 0, "DA_SORDERA": 0, "DA_LENGUAS": 0, "DA_UCASTEL": 0, "DISCAP_FIS": 1, "DISCAP_FLE": 0, "DISCAP_PCE": 0, "DI_DCOGNIT": 10, "DI_SDOWN": 0, "DIS_MULTIP": 10, "DIS_PSICOS": 1, "DV_BAJAVIS": 1, "DIS_CEGUER": 0, "T_ESPECTRO": 0, "T_VOZ_Y_HA": 0, "SISTEMICA": 0, "SORDOCEGUE": 0, "OTRA": 0, "TOT_EST_MA": 23, "AFRODESCEN": 2, "INDIGENAS": 2, "NEGRITUDES": 0, "PALENQUERO": 3, "RAIZALES": 0, "ROM": 0, "TOT_EST_ET": 7, "CAPACID_EX": 0, "DOBLE_EXCE": 0, "TE_ACTFISI": 0, "TE_ARTES": 0, "TE_CNATUR": 0, "TE_CSOCIAL": 0, "TE_LDSOCIA": 0, "TE_TECNOLO": 0, "TOT_EST_CA": 0, "TMATRIC_GE": 346, "Zona": 1 }, "geometry": { "type": "Point", "coordinates": [ -8247394.747700000181794, 509822.239500001072884 ] } },
{ "type": "Feature", "properties": { "NOMBRE_EST": "COLEGIO JUAN EVANGELISTA GOMEZ (IED)", "NOMBRE_SED": "JUAN EVANGELISTA GOMEZ", "ORDEN_DE_S": "A", "DIRECCION": "DG 39 SUR # 2 - 00 ESTE", "DISCAPACID": "AUDITIVA-FISICA-INTELECTUAL-MENTAL/PSICOSOCIAL-MULTIPLE-SORDOCEGUERA", "TALENTOS_O": "CAPACIDADES EXCEPCIONALES-TALENTO EXCEPCIONAL EN ACTIVIDAD FISICA, EJERCICIO Y DEPORTE-TALENTO EXCEPCIONAL EN ARTES Y LETRAS-TALENTO EXCEPCIONAL EN TECNOLOGIA", "GRUPOS_ETN": "AFRODESCENDIENTES-INDIGENAS-NEGRITUDES-RAIZALES", "SECTOR": 2, "NATU_JUR": 9, "CALENDARIO": 1, "GENERO": 5, "COD_LOCA": "04", "ESPECIALID": 1, "CLASE_TIPO": 1, "BILINGUE": 5, "FECHA": "2024-04-30", "DANE12_EST": "111001035602", "DANE12_SED": "111001035602", "DA_HIPOACU": 0, "DA_SORDERA": 0, "DA_LENGUAS": 0, "DA_UCASTEL": 0, "DISCAP_FIS": 5, "DISCAP_FLE": 0, "DISCAP_PCE": 0, "DI_DCOGNIT": 30, "DI_SDOWN": 0, "DIS_MULTIP": 6, "DIS_PSICOS": 2, "DV_BAJAVIS": 0, "DIS_CEGUER": 0, "T_ESPECTRO": 0, "T_VOZ_Y_HA": 0, "SISTEMICA": 0, "SORDOCEGUE": 0, "OTRA": 0, "TOT_EST_MA": 44, "AFRODESCEN": 25, "INDIGENAS": 17, "NEGRITUDES": 15, "PALENQUERO": 0, "RAIZALES": 1, "ROM": 0, "TOT_EST_ET": 58, "CAPACID_EX": 1, "DOBLE_EXCE": 0, "TE_ACTFISI": 1, "TE_ARTES": 0, "TE_CNATUR": 0, "TE_CSOCIAL": 0, "TE_LDSOCIA": 0, "TE_TECNOLO": 0, "TOT_EST_CA": 1, "TMATRIC_GE": 2172, "Zona": 1 }, "geometry": { "type": "Point", "coordinates": [ -8248287.680299999192357, 507266.831000000238419 ] } },
{ "type": "Feature", "properties": { "NOMBRE_EST": "COLEGIO NUEVA DELHI (IED)", "NOMBRE_SED": "NUEVA DELHI", "ORDEN_DE_S": "A", "DIRECCION": "CL 62 A SUR # 14 I - 33 ESTE", "DISCAPACID": "INTELECTUAL-MENTAL/PSICOSOCIAL-MULTIPLE", "TALENTOS_O": "TALENTO EXCEPCIONAL EN ACTIVIDAD FISICA, EJERCICIO Y DEPORTE-TALENTO EXCEPCIONAL EN LIDERAZGO SOCIAL Y EMPRENDIMIENTO", "GRUPOS_ETN": "AFRODESCENDIENTES-INDIGENAS-NEGRITUDES", "SECTOR": 2, "NATU_JUR": 9, "CALENDARIO": 1, "GENERO": 5, "COD_LOCA": "04", "ESPECIALID": 1, "CLASE_TIPO": 1, "BILINGUE": 5, "FECHA": "2024-04-30", "DANE12_EST": "111001046621", "DANE12_SED": "111001046621", "DA_HIPOACU": 0, "DA_SORDERA": 0, "DA_LENGUAS": 0, "DA_UCASTEL": 0, "DISCAP_FIS": 0, "DISCAP_FLE": 0, "DISCAP_PCE": 0, "DI_DCOGNIT": 19, "DI_SDOWN": 0, "DIS_MULTIP": 6, "DIS_PSICOS": 3, "DV_BAJAVIS": 0, "DIS_CEGUER": 0, "T_ESPECTRO": 0, "T_VOZ_Y_HA": 0, "SISTEMICA": 0, "SORDOCEGUE": 0, "OTRA": 0, "TOT_EST_MA": 28, "AFRODESCEN": 3, "INDIGENAS": 8, "NEGRITUDES": 3, "PALENQUERO": 0, "RAIZALES": 0, "ROM": 0, "TOT_EST_ET": 14, "CAPACID_EX": 1, "DOBLE_EXCE": 0, "TE_ACTFISI": 1, "TE_ARTES": 0, "TE_CNATUR": 0, "TE_CSOCIAL": 0, "TE_LDSOCIA": 0, "TE_TECNOLO": 0, "TOT_EST_CA": 1, "TMATRIC_GE": 1023, "Zona": 1 }, "geometry": { "type": "Point", "coordinates": [ -8247223.746500000357628, 504617.543699998408556 ] } },
{ "type": "Feature", "properties": { "NOMBRE_EST": "COLEGIO RAFAEL NUÑEZ (IED)", "NOMBRE_SED": "RAFAEL NUÑEZ", "ORDEN_DE_S": "A", "DIRECCION": "KR 9 A # 18 - 74 SUR", "DISCAPACID": "AUDITIVA-FISICA-INTELECTUAL-MENTAL/PSICOSOCIAL-MULTIPLE", "TALENTOS_O": "TALENTO EXCEPCIONAL EN ACTIVIDAD FISICA, EJERCICIO Y DEPORTE-TALENTO EXCEPCIONAL EN TECNOLOGIA", "GRUPOS_ETN": "INDIGENAS-NEGRITUDES", "SECTOR": 2, "NATU_JUR": 9, "CALENDARIO": 1, "GENERO": 5, "COD_LOCA": "04", "ESPECIALID": 1, "CLASE_TIPO": 1, "BILINGUE": 5, "FECHA": "2024-04-30", "DANE12_EST": "111001086789", "DANE12_SED": "111001086789", "DA_HIPOACU": 3, "DA_SORDERA": 0, "DA_LENGUAS": 0, "DA_UCASTEL": 0, "DISCAP_FIS": 8, "DISCAP_FLE": 0, "DISCAP_PCE": 0, "DI_DCOGNIT": 31, "DI_SDOWN": 0, "DIS_MULTIP": 7, "DIS_PSICOS": 5, "DV_BAJAVIS": 0, "DIS_CEGUER": 0, "T_ESPECTRO": 0, "T_VOZ_Y_HA": 0, "SISTEMICA": 0, "SORDOCEGUE": 0, "OTRA": 0, "TOT_EST_MA": 54, "AFRODESCEN": 3, "INDIGENAS": 7, "NEGRITUDES": 1, "PALENQUERO": 0, "RAIZALES": 0, "ROM": 0, "TOT_EST_ET": 11, "CAPACID_EX": 0, "DOBLE_EXCE": 0, "TE_ACTFISI": 0, "TE_ARTES": 0, "TE_CNATUR": 0, "TE_CSOCIAL": 0, "TE_LDSOCIA": 0, "TE_TECNOLO": 0, "TOT_EST_CA": 0, "TMATRIC_GE": 445, "Zona": 1 }, "geometry": { "type": "Point", "coordinates": [ -8248018.315999999642372, 509969.808299999684095 ] } },
{ "type": "Feature", "properties": { "NOMBRE_EST": "COLEGIO RAFAEL NUÑEZ (IED)", "NOMBRE_SED": "ANDRES ROSILLO Y MERUELO", "ORDEN_DE_S": "B", "DIRECCION": "KR 9 A # 22 B - 30 SUR", "DISCAPACID": "AUDITIVA-FISICA-INTELECTUAL-MENTAL/PSICOSOCIAL-MULTIPLE", "TALENTOS_O": null, "GRUPOS_ETN": "AFRODESCENDIENTES-INDIGENAS", "SECTOR": 2, "NATU_JUR": 9, "CALENDARIO": 1, "GENERO": 5, "COD_LOCA": "04", "ESPECIALID": 1, "CLASE_TIPO": 1, "BILINGUE": 5, "FECHA": "2024-04-30", "DANE12_EST": "111001086789", "DANE12_SED": "111001015873", "DA_HIPOACU": 0, "DA_SORDERA": 0, "DA_LENGUAS": 0, "DA_UCASTEL": 0, "DISCAP_FIS": 2, "DISCAP_FLE": 0, "DISCAP_PCE": 0, "DI_DCOGNIT": 5, "DI_SDOWN": 0, "DIS_MULTIP": 15, "DIS_PSICOS": 2, "DV_BAJAVIS": 0, "DIS_CEGUER": 0, "T_ESPECTRO": 0, "T_VOZ_Y_HA": 0, "SISTEMICA": 0, "SORDOCEGUE": 0, "OTRA": 0, "TOT_EST_MA": 25, "AFRODESCEN": 2, "INDIGENAS": 4, "NEGRITUDES": 0, "PALENQUERO": 0, "RAIZALES": 0, "ROM": 0, "TOT_EST_ET": 6, "CAPACID_EX": 0, "DOBLE_EXCE": 0, "TE_ACTFISI": 0, "TE_ARTES": 0, "TE_CNATUR": 0, "TE_CSOCIAL": 0, "TE_LDSOCIA": 0, "TE_TECNOLO": 0, "TOT_EST_CA": 0, "TMATRIC_GE": 327, "Zona": 1 }, "geometry": { "type": "Point", "coordinates": [ -8248262.475299999117851, 509716.691799998283386 ] } },
{ "type": "Feature", "properties": { "NOMBRE_EST": "COLEGIO NUEVA ROMA (IED)", "NOMBRE_SED": "COLEGIO NUEVA ROMA (IED) - SEDE PRINCIPAL", "ORDEN_DE_S": "A", "DIRECCION": "CL 48 SUR # 4 A - 39 ESTE", "DISCAPACID": "AUDITIVA-FISICA-INTELECTUAL-MENTAL/PSICOSOCIAL-MULTIPLE", "TALENTOS_O": "TALENTO EXCEPCIONAL EN LIDERAZGO SOCIAL Y EMPRENDIMIENTO-TALENTO EXCEPCIONAL EN TECNOLOGIA", "GRUPOS_ETN": "AFRODESCENDIENTES-NEGRITUDES", "SECTOR": 2, "NATU_JUR": 9, "CALENDARIO": 1, "GENERO": 5, "COD_LOCA": "04", "ESPECIALID": 1, "CLASE_TIPO": 2, "BILINGUE": 5, "FECHA": "2024-04-30", "DANE12_EST": "111001098817", "DANE12_SED": "111001098817", "DA_HIPOACU": 4, "DA_SORDERA": 0, "DA_LENGUAS": 0, "DA_UCASTEL": 0, "DISCAP_FIS": 5, "DISCAP_FLE": 0, "DISCAP_PCE": 0, "DI_DCOGNIT": 10, "DI_SDOWN": 0, "DIS_MULTIP": 2, "DIS_PSICOS": 0, "DV_BAJAVIS": 0, "DIS_CEGUER": 0, "T_ESPECTRO": 0, "T_VOZ_Y_HA": 0, "SISTEMICA": 0, "SORDOCEGUE": 1, "OTRA": 0, "TOT_EST_MA": 22, "AFRODESCEN": 3, "INDIGENAS": 1, "NEGRITUDES": 2, "PALENQUERO": 0, "RAIZALES": 0, "ROM": 0, "TOT_EST_ET": 6, "CAPACID_EX": 0, "DOBLE_EXCE": 0, "TE_ACTFISI": 0, "TE_ARTES": 0, "TE_CNATUR": 0, "TE_CSOCIAL": 0, "TE_LDSOCIA": 0, "TE_TECNOLO": 0, "TOT_EST_CA": 0, "TMATRIC_GE": 1149, "Zona": 1 }, "geometry": { "type": "Point", "coordinates": [ -8248303.065700000151992, 506082.75789999961853 ] } },
{ "type": "Feature", "properties": { "NOMBRE_EST": "COLEGIO SAN VICENTE (IED)", "NOMBRE_SED": "COLEGIO SAN VICENTE (IED) - SEDE PRINCIPAL", "ORDEN_DE_S": "A", "DIRECCION": "KR 6 ESTE # 33 - 30 SUR", "DISCAPACID": "AUDITIVA-FISICA-INTELECTUAL-MENTAL/PSICOSOCIAL-MULTIPLE", "TALENTOS_O": "TALENTO EXCEPCIONAL EN ACTIVIDAD FISICA, EJERCICIO Y DEPORTE-TALENTO EXCEPCIONAL EN ARTES Y LETRAS", "GRUPOS_ETN": "AFRODESCENDIENTES-INDIGENAS", "SECTOR": 2, "NATU_JUR": 9, "CALENDARIO": 1, "GENERO": 5, "COD_LOCA": "04", "ESPECIALID": 1, "CLASE_TIPO": 2, "BILINGUE": 5, "FECHA": "2024-04-30", "DANE12_EST": "111001098825", "DANE12_SED": "111001098825", "DA_HIPOACU": 2, "DA_SORDERA": 0, "DA_LENGUAS": 0, "DA_UCASTEL": 0, "DISCAP_FIS": 4, "DISCAP_FLE": 0, "DISCAP_PCE": 0, "DI_DCOGNIT": 12, "DI_SDOWN": 0, "DIS_MULTIP": 6, "DIS_PSICOS": 3, "DV_BAJAVIS": 1, "DIS_CEGUER": 0, "T_ESPECTRO": 0, "T_VOZ_Y_HA": 0, "SISTEMICA": 0, "SORDOCEGUE": 0, "OTRA": 0, "TOT_EST_MA": 28, "AFRODESCEN": 3, "INDIGENAS": 2, "NEGRITUDES": 0, "PALENQUERO": 0, "RAIZALES": 0, "ROM": 0, "TOT_EST_ET": 5, "CAPACID_EX": 0, "DOBLE_EXCE": 0, "TE_ACTFISI": 0, "TE_ARTES": 0, "TE_CNATUR": 0, "TE_CSOCIAL": 0, "TE_LDSOCIA": 0, "TE_TECNOLO": 0, "TOT_EST_CA": 0, "TMATRIC_GE": 1221, "Zona": 1 }, "geometry": { "type": "Point", "coordinates": [ -8247473.222300000488758, 507621.679400000721216 ] } },
{ "type": "Feature", "properties": { "NOMBRE_EST": "COLEGIO TECNICO ALDEMAR ROJAS PLAZAS (IED)", "NOMBRE_SED": "ALDEMAR ROJAS PLAZAS", "ORDEN_DE_S": "A", "DIRECCION": "KR 10 # 13 - 52 SUR", "DISCAPACID": "INTELECTUAL-MENTAL/PSICOSOCIAL-MULTIPLE-VISUAL", "TALENTOS_O": "CAPACIDADES EXCEPCIONALES-TALENTO EXCEPCIONAL EN ARTES Y LETRAS-TALENTO EXCEPCIONAL EN CIENCIAS NATURALES O BASICAS-TALENTO EXCEPCIONAL EN TECNOLOGIA", "GRUPOS_ETN": "NEGRITUDES", "SECTOR": 2, "NATU_JUR": 9, "CALENDARIO": 1, "GENERO": 5, "COD_LOCA": "04", "ESPECIALID": 14, "CLASE_TIPO": 1, "BILINGUE": 5, "FECHA": "2024-04-30", "DANE12_EST": "111001102016", "DANE12_SED": "111001102016", "DA_HIPOACU": 0, "DA_SORDERA": 0, "DA_LENGUAS": 0, "DA_UCASTEL": 0, "DISCAP_FIS": 0, "DISCAP_FLE": 0, "DISCAP_PCE": 0, "DI_DCOGNIT": 16, "DI_SDOWN": 0, "DIS_MULTIP": 1, "DIS_PSICOS": 7, "DV_BAJAVIS": 0, "DIS_CEGUER": 0, "T_ESPECTRO": 0, "T_VOZ_Y_HA": 0, "SISTEMICA": 0, "SORDOCEGUE": 0, "OTRA": 0, "TOT_EST_MA": 24, "AFRODESCEN": 0, "INDIGENAS": 2, "NEGRITUDES": 2, "PALENQUERO": 0, "RAIZALES": 0, "ROM": 0, "TOT_EST_ET": 4, "CAPACID_EX": 0, "DOBLE_EXCE": 0, "TE_ACTFISI": 0, "TE_ARTES": 0, "TE_CNATUR": 0, "TE_CSOCIAL": 0, "TE_LDSOCIA": 0, "TE_TECNOLO": 0, "TOT_EST_CA": 0, "TMATRIC_GE": 708, "Zona": 1 }, "geometry": { "type": "Point", "coordinates": [ -8247759.012900000438094, 510441.224399998784065 ] } },
{ "type": "Feature", "properties": { "NOMBRE_EST": "COLEGIO GLORIA VALENCIA DE CASTAÑO (IED)", "NOMBRE_SED": "COLEGIO GLORIA VALENCIA DE CASTAÑO (IED)", "ORDEN_DE_S": "A", "DIRECCION": "KR 15 ESTE # 63 - 30 SUR", "DISCAPACID": "AUDITIVA-FISICA-INTELECTUAL-MULTIPLE", "TALENTOS_O": "TALENTO EXCEPCIONAL EN ARTES Y LETRAS", "GRUPOS_ETN": "AFRODESCENDIENTES-INDIGENAS-NEGRITUDES", "SECTOR": 2, "NATU_JUR": 9, "CALENDARIO": 1, "GENERO": 5, "COD_LOCA": "04", "ESPECIALID": 1, "CLASE_TIPO": 1, "BILINGUE": 5, "FECHA": "2024-04-30", "DANE12_EST": "111001801047", "DANE12_SED": "111001801047", "DA_HIPOACU": 4, "DA_SORDERA": 0, "DA_LENGUAS": 0, "DA_UCASTEL": 0, "DISCAP_FIS": 4, "DISCAP_FLE": 0, "DISCAP_PCE": 0, "DI_DCOGNIT": 10, "DI_SDOWN": 0, "DIS_MULTIP": 7, "DIS_PSICOS": 3, "DV_BAJAVIS": 0, "DIS_CEGUER": 0, "T_ESPECTRO": 0, "T_VOZ_Y_HA": 0, "SISTEMICA": 0, "SORDOCEGUE": 0, "OTRA": 0, "TOT_EST_MA": 28, "AFRODESCEN": 4, "INDIGENAS": 1, "NEGRITUDES": 2, "PALENQUERO": 0, "RAIZALES": 0, "ROM": 0, "TOT_EST_ET": 7, "CAPACID_EX": 0, "DOBLE_EXCE": 0, "TE_ACTFISI": 0, "TE_ARTES": 0, "TE_CNATUR": 0, "TE_CSOCIAL": 0, "TE_LDSOCIA": 0, "TE_TECNOLO": 0, "TOT_EST_CA": 0, "TMATRIC_GE": 925, "Zona": 1 }, "geometry": { "type": "Point", "coordinates": [ -8247332.012499999254942, 505007.397300001233816 ] } },
{ "type": "Feature", "properties": { "NOMBRE_EST": "COLEGIO SANTA LIBRADA (IED)", "NOMBRE_SED": "SANTA LIBRADA", "ORDEN_DE_S": "A", "DIRECCION": "CL 75 A SUR # 1 B - 45 ESTE", "DISCAPACID": "FISICA-INTELECTUAL-MENTAL/PSICOSOCIAL-MULTIPLE", "TALENTOS_O": "CAPACIDADES EXCEPCIONALES-TALENTO EXCEPCIONAL EN ACTIVIDAD FISICA, EJERCICIO Y DEPORTE-TALENTO EXCEPCIONAL EN ARTES Y LETRAS", "GRUPOS_ETN": "AFRODESCENDIENTES-INDIGENAS", "SECTOR": 2, "NATU_JUR": 9, "CALENDARIO": 1, "GENERO": 5, "COD_LOCA": "05", "ESPECIALID": 1, "CLASE_TIPO": 1, "BILINGUE": 5, "FECHA": "2024-04-30", "DANE12_EST": "111001013820", "DANE12_SED": "111001013820", "DA_HIPOACU": 0, "DA_SORDERA": 0, "DA_LENGUAS": 0, "DA_UCASTEL": 0, "DISCAP_FIS": 5, "DISCAP_FLE": 0, "DISCAP_PCE": 0, "DI_DCOGNIT": 34, "DI_SDOWN": 0, "DIS_MULTIP": 6, "DIS_PSICOS": 6, "DV_BAJAVIS": 0, "DIS_CEGUER": 0, "T_ESPECTRO": 0, "T_VOZ_Y_HA": 0, "SISTEMICA": 0, "SORDOCEGUE": 1, "OTRA": 0, "TOT_EST_MA": 52, "AFRODESCEN": 4, "INDIGENAS": 5, "NEGRITUDES": 0, "PALENQUERO": 0, "RAIZALES": 0, "ROM": 0, "TOT_EST_ET": 9, "CAPACID_EX": 2, "DOBLE_EXCE": 0, "TE_ACTFISI": 2, "TE_ARTES": 0, "TE_CNATUR": 0, "TE_CSOCIAL": 0, "TE_LDSOCIA": 0, "TE_TECNOLO": 0, "TOT_EST_CA": 2, "TMATRIC_GE": 1464, "Zona": 1 }, "geometry": { "type": "Point", "coordinates": [ -8250278.708399999886751, 503049.929400000721216 ] } },
{ "type": "Feature", "properties": { "NOMBRE_EST": "COLEGIO SANTA MARTHA (IED)", "NOMBRE_SED": "SANTA MARTHA", "ORDEN_DE_S": "A", "DIRECCION": "CL 69 D SUR # 8 B - 63", "DISCAPACID": "AUDITIVA-FISICA-INTELECTUAL-MENTAL/PSICOSOCIAL-MULTIPLE-VISUAL", "TALENTOS_O": "TALENTO EXCEPCIONAL EN ACTIVIDAD FISICA, EJERCICIO Y DEPORTE-TALENTO EXCEPCIONAL EN ARTES Y LETRAS-TALENTO EXCEPCIONAL EN LIDERAZGO SOCIAL Y EMPRENDIMIENTO-TALENTO EXCEPCIONAL EN TECNOLOGIA", "GRUPOS_ETN": "INDIGENAS-NEGRITUDES", "SECTOR": 2, "NATU_JUR": 9, "CALENDARIO": 1, "GENERO": 5, "COD_LOCA": "05", "ESPECIALID": 1, "CLASE_TIPO": 1, "BILINGUE": 5, "FECHA": "2024-04-30", "DANE12_EST": "111001013935", "DANE12_SED": "111001013935", "DA_HIPOACU": 0, "DA_SORDERA": 0, "DA_LENGUAS": 0, "DA_UCASTEL": 0, "DISCAP_FIS": 1, "DISCAP_FLE": 0, "DISCAP_PCE": 0, "DI_DCOGNIT": 37, "DI_SDOWN": 0, "DIS_MULTIP": 0, "DIS_PSICOS": 5, "DV_BAJAVIS": 1, "DIS_CEGUER": 0, "T_ESPECTRO": 0, "T_VOZ_Y_HA": 0, "SISTEMICA": 0, "SORDOCEGUE": 0, "OTRA": 0, "TOT_EST_MA": 45, "AFRODESCEN": 0, "INDIGENAS": 6, "NEGRITUDES": 0, "PALENQUERO": 0, "RAIZALES": 0, "ROM": 0, "TOT_EST_ET": 6, "CAPACID_EX": 0, "DOBLE_EXCE": 0, "TE_ACTFISI": 0, "TE_ARTES": 0, "TE_CNATUR": 0, "TE_CSOCIAL": 0, "TE_LDSOCIA": 0, "TE_TECNOLO": 0, "TOT_EST_CA": 0, "TMATRIC_GE": 900, "Zona": 1 }, "geometry": { "type": "Point", "coordinates": [ -8250513.825200000777841, 504279.823899999260902 ] } },
{ "type": "Feature", "properties": { "NOMBRE_EST": "COLEGIO ORLANDO FALS BORDA (IED)", "NOMBRE_SED": "ORLANDO FALS BORDA", "ORDEN_DE_S": "A", "DIRECCION": "KR 12 # 72 - 60 SUR", "DISCAPACID": "AUDITIVA-FISICA-INTELECTUAL-MULTIPLE", "TALENTOS_O": "CAPACIDADES EXCEPCIONALES-TALENTO EXCEPCIONAL EN ARTES Y LETRAS", "GRUPOS_ETN": "AFRODESCENDIENTES-INDIGENAS-NEGRITUDES", "SECTOR": 2, "NATU_JUR": 9, "CALENDARIO": 1, "GENERO": 5, "COD_LOCA": "05", "ESPECIALID": 1, "CLASE_TIPO": 1, "BILINGUE": 5, "FECHA": "2024-04-30", "DANE12_EST": "111001016039", "DANE12_SED": "111001016039", "DA_HIPOACU": 2, "DA_SORDERA": 0, "DA_LENGUAS": 0, "DA_UCASTEL": 0, "DISCAP_FIS": 15, "DISCAP_FLE": 0, "DISCAP_PCE": 0, "DI_DCOGNIT": 36, "DI_SDOWN": 0, "DIS_MULTIP": 23, "DIS_PSICOS": 0, "DV_BAJAVIS": 0, "DIS_CEGUER": 0, "T_ESPECTRO": 0, "T_VOZ_Y_HA": 0, "SISTEMICA": 0, "SORDOCEGUE": 0, "OTRA": 0, "TOT_EST_MA": 76, "AFRODESCEN": 9, "INDIGENAS": 10, "NEGRITUDES": 9, "PALENQUERO": 0, "RAIZALES": 0, "ROM": 0, "TOT_EST_ET": 28, "CAPACID_EX": 0, "DOBLE_EXCE": 0, "TE_ACTFISI": 0, "TE_ARTES": 0, "TE_CNATUR": 0, "TE_CSOCIAL": 0, "TE_LDSOCIA": 0, "TE_TECNOLO": 0, "TOT_EST_CA": 0, "TMATRIC_GE": 1696, "Zona": 1 }, "geometry": { "type": "Point", "coordinates": [ -8251126.70130000077188, 503560.001800000667572 ] } },
{ "type": "Feature", "properties": { "NOMBRE_EST": "COLEGIO NUEVA ESPERANZA (IED)", "NOMBRE_SED": "NUEVA ESPERANZA", "ORDEN_DE_S": "A", "DIRECCION": "KR 14 ESTE # 76 - 79 SUR", "DISCAPACID": "FISICA-INTELECTUAL-MENTAL/PSICOSOCIAL-MULTIPLE-VISUAL", "TALENTOS_O": "CAPACIDADES EXCEPCIONALES-TALENTO EXCEPCIONAL EN ACTIVIDAD FISICA, EJERCICIO Y DEPORTE-TALENTO EXCEPCIONAL EN ARTES Y LETRAS", "GRUPOS_ETN": "AFRODESCENDIENTES-INDIGENAS-NEGRITUDES", "SECTOR": 2, "NATU_JUR": 9, "CALENDARIO": 1, "GENERO": 5, "COD_LOCA": "05", "ESPECIALID": 1, "CLASE_TIPO": 1, "BILINGUE": 5, "FECHA": "2024-04-30", "DANE12_EST": "111001024643", "DANE12_SED": "111001024643", "DA_HIPOACU": 0, "DA_SORDERA": 0, "DA_LENGUAS": 0, "DA_UCASTEL": 0, "DISCAP_FIS": 2, "DISCAP_FLE": 0, "DISCAP_PCE": 0, "DI_DCOGNIT": 11, "DI_SDOWN": 0, "DIS_MULTIP": 8, "DIS_PSICOS": 0, "DV_BAJAVIS": 0, "DIS_CEGUER": 0, "T_ESPECTRO": 0, "T_VOZ_Y_HA": 0, "SISTEMICA": 0, "SORDOCEGUE": 0, "OTRA": 0, "TOT_EST_MA": 22, "AFRODESCEN": 4, "INDIGENAS": 2, "NEGRITUDES": 4, "PALENQUERO": 0, "RAIZALES": 0, "ROM": 0, "TOT_EST_ET": 10, "CAPACID_EX": 0, "DOBLE_EXCE": 0, "TE_ACTFISI": 0, "TE_ARTES": 0, "TE_CNATUR": 0, "TE_CSOCIAL": 0, "TE_LDSOCIA": 0, "TE_TECNOLO": 0, "TOT_EST_CA": 0, "TMATRIC_GE": 711, "Zona": 1 }, "geometry": { "type": "Point", "coordinates": [ -8247775.898900000378489, 502954.78830000013113 ] } },
{ "type": "Feature", "properties": { "NOMBRE_EST": "COLEGIO NUEVA ESPERANZA (IED)", "NOMBRE_SED": "SEDE B", "ORDEN_DE_S": "B", "DIRECCION": "KR 14 B ESTE # 76 - 59 SUR", "DISCAPACID": "FISICA-INTELECTUAL-MENTAL/PSICOSOCIAL-MULTIPLE-VISUAL", "TALENTOS_O": "CAPACIDADES EXCEPCIONALES-TALENTO EXCEPCIONAL EN ACTIVIDAD FISICA, EJERCICIO Y DEPORTE-TALENTO EXCEPCIONAL EN ARTES Y LETRAS-TALENTO EXCEPCIONAL EN TECNOLOGIA", "GRUPOS_ETN": "AFRODESCENDIENTES-INDIGENAS-NEGRITUDES", "SECTOR": 2, "NATU_JUR": 9, "CALENDARIO": 1, "GENERO": 5, "COD_LOCA": "05", "ESPECIALID": 1, "CLASE_TIPO": 1, "BILINGUE": 5, "FECHA": "2024-04-30", "DANE12_EST": "111001024643", "DANE12_SED": "111001110442", "DA_HIPOACU": 0, "DA_SORDERA": 0, "DA_LENGUAS": 0, "DA_UCASTEL": 0, "DISCAP_FIS": 2, "DISCAP_FLE": 0, "DISCAP_PCE": 0, "DI_DCOGNIT": 10, "DI_SDOWN": 0, "DIS_MULTIP": 2, "DIS_PSICOS": 2, "DV_BAJAVIS": 1, "DIS_CEGUER": 0, "T_ESPECTRO": 0, "T_VOZ_Y_HA": 0, "SISTEMICA": 0, "SORDOCEGUE": 0, "OTRA": 0, "TOT_EST_MA": 17, "AFRODESCEN": 6, "INDIGENAS": 1, "NEGRITUDES": 8, "PALENQUERO": 0, "RAIZALES": 0, "ROM": 0, "TOT_EST_ET": 15, "CAPACID_EX": 0, "DOBLE_EXCE": 0, "TE_ACTFISI": 0, "TE_ARTES": 0, "TE_CNATUR": 0, "TE_CSOCIAL": 0, "TE_LDSOCIA": 0, "TE_TECNOLO": 0, "TOT_EST_CA": 0, "TMATRIC_GE": 525, "Zona": 1 }, "geometry": { "type": "Point", "coordinates": [ -8247686.223300000652671, 502975.959899999201298 ] } },
{ "type": "Feature", "properties": { "NOMBRE_EST": "COLEGIO ESTANISLAO ZULETA (IED)", "NOMBRE_SED": "ESTANISLAO ZULETA", "ORDEN_DE_S": "A", "DIRECCION": "KR 7 C ESTE # 92 - 48 SUR", "DISCAPACID": "AUDITIVA-FISICA-INTELECTUAL-MENTAL/PSICOSOCIAL-MULTIPLE", "TALENTOS_O": "CAPACIDADES EXCEPCIONALES-TALENTO EXCEPCIONAL EN ARTES Y LETRAS", "GRUPOS_ETN": "AFRODESCENDIENTES-INDIGENAS-NEGRITUDES", "SECTOR": 2, "NATU_JUR": 9, "CALENDARIO": 1, "GENERO": 5, "COD_LOCA": "05", "ESPECIALID": 1, "CLASE_TIPO": 1, "BILINGUE": 5, "FECHA": "2024-04-30", "DANE12_EST": "111001030872", "DANE12_SED": "111001030872", "DA_HIPOACU": 2, "DA_SORDERA": 0, "DA_LENGUAS": 0, "DA_UCASTEL": 0, "DISCAP_FIS": 0, "DISCAP_FLE": 0, "DISCAP_PCE": 0, "DI_DCOGNIT": 22, "DI_SDOWN": 0, "DIS_MULTIP": 4, "DIS_PSICOS": 3, "DV_BAJAVIS": 0, "DIS_CEGUER": 0, "T_ESPECTRO": 0, "T_VOZ_Y_HA": 0, "SISTEMICA": 0, "SORDOCEGUE": 0, "OTRA": 0, "TOT_EST_MA": 31, "AFRODESCEN": 3, "INDIGENAS": 7, "NEGRITUDES": 5, "PALENQUERO": 0, "RAIZALES": 0, "ROM": 0, "TOT_EST_ET": 15, "CAPACID_EX": 0, "DOBLE_EXCE": 0, "TE_ACTFISI": 0, "TE_ARTES": 0, "TE_CNATUR": 0, "TE_CSOCIAL": 0, "TE_LDSOCIA": 0, "TE_TECNOLO": 0, "TOT_EST_CA": 0, "TMATRIC_GE": 942, "Zona": 1 }, "geometry": { "type": "Point", "coordinates": [ -8248831.207699999213219, 501285.535700000822544 ] } },
{ "type": "Feature", "properties": { "NOMBRE_EST": "COLEGIO ESTANISLAO ZULETA (IED)", "NOMBRE_SED": "LA ALBORADA", "ORDEN_DE_S": "B", "DIRECCION": "KR 5 H ESTE # 93 - 18 SUR", "DISCAPACID": "INTELECTUAL-MENTAL/PSICOSOCIAL-MULTIPLE-VISUAL", "TALENTOS_O": "TALENTO EXCEPCIONAL EN TECNOLOGIA", "GRUPOS_ETN": "AFRODESCENDIENTES-INDIGENAS-NEGRITUDES", "SECTOR": 2, "NATU_JUR": 9, "CALENDARIO": 1, "GENERO": 5, "COD_LOCA": "05", "ESPECIALID": 13, "CLASE_TIPO": 1, "BILINGUE": 5, "FECHA": "2024-04-30", "DANE12_EST": "111001030872", "DANE12_SED": "111001075591", "DA_HIPOACU": 0, "DA_SORDERA": 0, "DA_LENGUAS": 0, "DA_UCASTEL": 0, "DISCAP_FIS": 1, "DISCAP_FLE": 0, "DISCAP_PCE": 0, "DI_DCOGNIT": 12, "DI_SDOWN": 0, "DIS_MULTIP": 4, "DIS_PSICOS": 0, "DV_BAJAVIS": 1, "DIS_CEGUER": 0, "T_ESPECTRO": 0, "T_VOZ_Y_HA": 0, "SISTEMICA": 0, "SORDOCEGUE": 0, "OTRA": 0, "TOT_EST_MA": 18, "AFRODESCEN": 10, "INDIGENAS": 4, "NEGRITUDES": 1, "PALENQUERO": 0, "RAIZALES": 0, "ROM": 0, "TOT_EST_ET": 15, "CAPACID_EX": 0, "DOBLE_EXCE": 0, "TE_ACTFISI": 0, "TE_ARTES": 0, "TE_CNATUR": 0, "TE_CSOCIAL": 0, "TE_LDSOCIA": 0, "TE_TECNOLO": 0, "TOT_EST_CA": 0, "TMATRIC_GE": 983, "Zona": 1 }, "geometry": { "type": "Point", "coordinates": [ -8249259.185499999672174, 501146.261999998241663 ] } },
{ "type": "Feature", "properties": { "NOMBRE_EST": "COLEGIO PROVINCIA DE QUEBEC (IED)", "NOMBRE_SED": "PROVINCIA DE QUEBEC", "ORDEN_DE_S": "A", "DIRECCION": "CL 74 C SUR # 14 - 40 ESTE", "DISCAPACID": "AUDITIVA-INTELECTUAL-MENTAL/PSICOSOCIAL-VISUAL", "TALENTOS_O": "CAPACIDADES EXCEPCIONALES-TALENTO EXCEPCIONAL EN ARTES Y LETRAS-TALENTO EXCEPCIONAL EN CIENCIAS NATURALES O BASICAS", "GRUPOS_ETN": "AFRODESCENDIENTES-INDIGENAS-NEGRITUDES", "SECTOR": 2, "NATU_JUR": 9, "CALENDARIO": 1, "GENERO": 5, "COD_LOCA": "05", "ESPECIALID": 1, "CLASE_TIPO": 1, "BILINGUE": 5, "FECHA": "2024-04-30", "DANE12_EST": "111001041556", "DANE12_SED": "111001041556", "DA_HIPOACU": 0, "DA_SORDERA": 0, "DA_LENGUAS": 0, "DA_UCASTEL": 0, "DISCAP_FIS": 2, "DISCAP_FLE": 0, "DISCAP_PCE": 0, "DI_DCOGNIT": 15, "DI_SDOWN": 0, "DIS_MULTIP": 3, "DIS_PSICOS": 8, "DV_BAJAVIS": 2, "DIS_CEGUER": 0, "T_ESPECTRO": 0, "T_VOZ_Y_HA": 0, "SISTEMICA": 0, "SORDOCEGUE": 0, "OTRA": 0, "TOT_EST_MA": 31, "AFRODESCEN": 2, "INDIGENAS": 6, "NEGRITUDES": 1, "PALENQUERO": 0, "RAIZALES": 0, "ROM": 0, "TOT_EST_ET": 9, "CAPACID_EX": 0, "DOBLE_EXCE": 0, "TE_ACTFISI": 0, "TE_ARTES": 0, "TE_CNATUR": 0, "TE_CSOCIAL": 0, "TE_LDSOCIA": 0, "TE_TECNOLO": 0, "TOT_EST_CA": 0, "TMATRIC_GE": 1068, "Zona": 1 }, "geometry": { "type": "Point", "coordinates": [ -8247775.842199999839067, 503234.835999999195337 ] } },
{ "type": "Feature", "properties": { "NOMBRE_EST": "COLEGIO LOS COMUNEROS - OSWALDO GUAYAZAMIN (IED)", "NOMBRE_SED": "LOS COMUNEROS", "ORDEN_DE_S": "A", "DIRECCION": "KR 4 G ESTE # 94 A - 23 SUR", "DISCAPACID": "FISICA-INTELECTUAL-MENTAL/PSICOSOCIAL-MULTIPLE", "TALENTOS_O": "CAPACIDADES EXCEPCIONALES-TALENTO EXCEPCIONAL EN ACTIVIDAD FISICA, EJERCICIO Y DEPORTE-TALENTO EXCEPCIONAL EN ARTES Y LETRAS", "GRUPOS_ETN": "AFRODESCENDIENTES-INDIGENAS-NEGRITUDES", "SECTOR": 2, "NATU_JUR": 9, "CALENDARIO": 1, "GENERO": 5, "COD_LOCA": "05", "ESPECIALID": 13, "CLASE_TIPO": 1, "BILINGUE": 5, "FECHA": "2024-04-30", "DANE12_EST": "111001044270", "DANE12_SED": "111001044270", "DA_HIPOACU": 0, "DA_SORDERA": 0, "DA_LENGUAS": 0, "DA_UCASTEL": 0, "DISCAP_FIS": 4, "DISCAP_FLE": 0, "DISCAP_PCE": 0, "DI_DCOGNIT": 12, "DI_SDOWN": 0, "DIS_MULTIP": 1, "DIS_PSICOS": 5, "DV_BAJAVIS": 1, "DIS_CEGUER": 0, "T_ESPECTRO": 0, "T_VOZ_Y_HA": 0, "SISTEMICA": 0, "SORDOCEGUE": 0, "OTRA": 0, "TOT_EST_MA": 23, "AFRODESCEN": 22, "INDIGENAS": 6, "NEGRITUDES": 6, "PALENQUERO": 0, "RAIZALES": 0, "ROM": 0, "TOT_EST_ET": 34, "CAPACID_EX": 0, "DOBLE_EXCE": 0, "TE_ACTFISI": 0, "TE_ARTES": 0, "TE_CNATUR": 0, "TE_CSOCIAL": 0, "TE_LDSOCIA": 0, "TE_TECNOLO": 0, "TOT_EST_CA": 0, "TMATRIC_GE": 1090, "Zona": 1 }, "geometry": { "type": "Point", "coordinates": [ -8249745.268699999898672, 501288.298099998384714 ] } },
{ "type": "Feature", "properties": { "NOMBRE_EST": "COLEGIO LOS COMUNEROS - OSWALDO GUAYAZAMIN (IED)", "NOMBRE_SED": "EL VIRREY ULTIMA ETAPA", "ORDEN_DE_S": "B", "DIRECCION": "CL 95 C SUR # 4 A - 10 ESTE", "DISCAPACID": "FISICA-INTELECTUAL-MENTAL/PSICOSOCIAL", "TALENTOS_O": "CAPACIDADES EXCEPCIONALES-TALENTO EXCEPCIONAL EN ACTIVIDAD FISICA, EJERCICIO Y DEPORTE", "GRUPOS_ETN": "AFRODESCENDIENTES-INDIGENAS-NEGRITUDES", "SECTOR": 2, "NATU_JUR": 9, "CALENDARIO": 1, "GENERO": 5, "COD_LOCA": "05", "ESPECIALID": 1, "CLASE_TIPO": 1, "BILINGUE": 5, "FECHA": "2024-04-30", "DANE12_EST": "111001044270", "DANE12_SED": "111001096580", "DA_HIPOACU": 0, "DA_SORDERA": 0, "DA_LENGUAS": 0, "DA_UCASTEL": 0, "DISCAP_FIS": 3, "DISCAP_FLE": 0, "DISCAP_PCE": 0, "DI_DCOGNIT": 27, "DI_SDOWN": 0, "DIS_MULTIP": 0, "DIS_PSICOS": 2, "DV_BAJAVIS": 0, "DIS_CEGUER": 0, "T_ESPECTRO": 0, "T_VOZ_Y_HA": 0, "SISTEMICA": 0, "SORDOCEGUE": 0, "OTRA": 0, "TOT_EST_MA": 32, "AFRODESCEN": 17, "INDIGENAS": 15, "NEGRITUDES": 22, "PALENQUERO": 0, "RAIZALES": 0, "ROM": 0, "TOT_EST_ET": 54, "CAPACID_EX": 0, "DOBLE_EXCE": 0, "TE_ACTFISI": 0, "TE_ARTES": 0, "TE_CNATUR": 0, "TE_CSOCIAL": 0, "TE_LDSOCIA": 0, "TE_TECNOLO": 0, "TOT_EST_CA": 0, "TMATRIC_GE": 819, "Zona": 1 }, "geometry": { "type": "Point", "coordinates": [ -8249976.482699999585748, 501289.309099998325109 ] } },
{ "type": "Feature", "properties": { "NOMBRE_EST": "COLEGIO LA AURORA (IED)", "NOMBRE_SED": "LA AURORA", "ORDEN_DE_S": "A", "DIRECCION": "TV 3 B # 70 A - 16 SUR", "DISCAPACID": "AUDITIVA-INTELECTUAL-MENTAL/PSICOSOCIAL-MULTIPLE-SORDOCEGUERA-VISUAL", "TALENTOS_O": "CAPACIDADES EXCEPCIONALES-TALENTO EXCEPCIONAL EN ACTIVIDAD FISICA, EJERCICIO Y DEPORTE-TALENTO EXCEPCIONAL EN ARTES Y LETRAS-TALENTO EXCEPCIONAL EN LIDERAZGO SOCIAL Y EMPRENDIMIENTO-TALENTO EXCEPCIONAL EN TECNOLOGIA", "GRUPOS_ETN": "AFRODESCENDIENTES-INDIGENAS-NEGRITUDES", "SECTOR": 2, "NATU_JUR": 9, "CALENDARIO": 1, "GENERO": 5, "COD_LOCA": "05", "ESPECIALID": 1, "CLASE_TIPO": 1, "BILINGUE": 5, "FECHA": "2024-04-30", "DANE12_EST": "111001045705", "DANE12_SED": "111001045705", "DA_HIPOACU": 0, "DA_SORDERA": 0, "DA_LENGUAS": 0, "DA_UCASTEL": 0, "DISCAP_FIS": 0, "DISCAP_FLE": 0, "DISCAP_PCE": 0, "DI_DCOGNIT": 11, "DI_SDOWN": 0, "DIS_MULTIP": 3, "DIS_PSICOS": 2, "DV_BAJAVIS": 2, "DIS_CEGUER": 0, "T_ESPECTRO": 0, "T_VOZ_Y_HA": 0, "SISTEMICA": 0, "SORDOCEGUE": 1, "OTRA": 0, "TOT_EST_MA": 20, "AFRODESCEN": 9, "INDIGENAS": 4, "NEGRITUDES": 2, "PALENQUERO": 0, "RAIZALES": 0, "ROM": 0, "TOT_EST_ET": 15, "CAPACID_EX": 0, "DOBLE_EXCE": 0, "TE_ACTFISI": 0, "TE_ARTES": 0, "TE_CNATUR": 0, "TE_CSOCIAL": 0, "TE_LDSOCIA": 0, "TE_TECNOLO": 0, "TOT_EST_CA": 0, "TMATRIC_GE": 1510, "Zona": 1 }, "geometry": { "type": "Point", "coordinates": [ -8251258.012700000777841, 504057.437199998646975 ] } },
{ "type": "Feature", "properties": { "NOMBRE_EST": "COLEGIO NUEVO SAN ANDRES DE LOS ALTOS (IED)", "NOMBRE_SED": "NUEVO SAN ANDRES DE LOS ALTOS", "ORDEN_DE_S": "A", "DIRECCION": "CL 69 SUR # 2 B - 15", "DISCAPACID": "AUDITIVA-INTELECTUAL-MENTAL/PSICOSOCIAL", "TALENTOS_O": "CAPACIDADES EXCEPCIONALES-TALENTO EXCEPCIONAL EN ACTIVIDAD FISICA, EJERCICIO Y DEPORTE-TALENTO EXCEPCIONAL EN ARTES Y LETRAS-TALENTO EXCEPCIONAL EN TECNOLOGIA", "GRUPOS_ETN": "AFRODESCENDIENTES-INDIGENAS-NEGRITUDES", "SECTOR": 2, "NATU_JUR": 9, "CALENDARIO": 1, "GENERO": 5, "COD_LOCA": "05", "ESPECIALID": 1, "CLASE_TIPO": 1, "BILINGUE": 5, "FECHA": "2024-04-30", "DANE12_EST": "111001046485", "DANE12_SED": "111001046485", "DA_HIPOACU": 0, "DA_SORDERA": 0, "DA_LENGUAS": 0, "DA_UCASTEL": 0, "DISCAP_FIS": 0, "DISCAP_FLE": 0, "DISCAP_PCE": 0, "DI_DCOGNIT": 7, "DI_SDOWN": 0, "DIS_MULTIP": 0, "DIS_PSICOS": 1, "DV_BAJAVIS": 1, "DIS_CEGUER": 0, "T_ESPECTRO": 0, "T_VOZ_Y_HA": 0, "SISTEMICA": 0, "SORDOCEGUE": 0, "OTRA": 0, "TOT_EST_MA": 9, "AFRODESCEN": 6, "INDIGENAS": 8, "NEGRITUDES": 5, "PALENQUERO": 0, "RAIZALES": 0, "ROM": 0, "TOT_EST_ET": 19, "CAPACID_EX": 0, "DOBLE_EXCE": 0, "TE_ACTFISI": 0, "TE_ARTES": 0, "TE_CNATUR": 0, "TE_CSOCIAL": 0, "TE_LDSOCIA": 0, "TE_TECNOLO": 0, "TOT_EST_CA": 0, "TMATRIC_GE": 1335, "Zona": 1 }, "geometry": { "type": "Point", "coordinates": [ -8251005.020199999213219, 504281.869500000029802 ] } },
{ "type": "Feature", "properties": { "NOMBRE_EST": "COLEGIO ATABANZHA (IED)", "NOMBRE_SED": "ATABANZHA", "ORDEN_DE_S": "A", "DIRECCION": "CL 92 SUR # 2 - 43", "DISCAPACID": "AUDITIVA-FISICA-INTELECTUAL-MENTAL/PSICOSOCIAL-MULTIPLE", "TALENTOS_O": "CAPACIDADES EXCEPCIONALES-TALENTO EXCEPCIONAL EN ARTES Y LETRAS", "GRUPOS_ETN": "AFRODESCENDIENTES-INDIGENAS-NEGRITUDES", "SECTOR": 2, "NATU_JUR": 9, "CALENDARIO": 1, "GENERO": 5, "COD_LOCA": "05", "ESPECIALID": 1, "CLASE_TIPO": 1, "BILINGUE": 5, "FECHA": "2024-04-30", "DANE12_EST": "111001046931", "DANE12_SED": "111001046931", "DA_HIPOACU": 0, "DA_SORDERA": 0, "DA_LENGUAS": 0, "DA_UCASTEL": 0, "DISCAP_FIS": 2, "DISCAP_FLE": 0, "DISCAP_PCE": 0, "DI_DCOGNIT": 40, "DI_SDOWN": 0, "DIS_MULTIP": 19, "DIS_PSICOS": 2, "DV_BAJAVIS": 0, "DIS_CEGUER": 0, "T_ESPECTRO": 0, "T_VOZ_Y_HA": 0, "SISTEMICA": 0, "SORDOCEGUE": 0, "OTRA": 0, "TOT_EST_MA": 63, "AFRODESCEN": 5, "INDIGENAS": 5, "NEGRITUDES": 1, "PALENQUERO": 0, "RAIZALES": 0, "ROM": 0, "TOT_EST_ET": 11, "CAPACID_EX": 0, "DOBLE_EXCE": 0, "TE_ACTFISI": 0, "TE_ARTES": 0, "TE_CNATUR": 0, "TE_CSOCIAL": 0, "TE_LDSOCIA": 0, "TE_TECNOLO": 0, "TOT_EST_CA": 0, "TMATRIC_GE": 1296, "Zona": 1 }, "geometry": { "type": "Point", "coordinates": [ -8250641.584300000220537, 502215.894600000232458 ] } },
{ "type": "Feature", "properties": { "NOMBRE_EST": "COLEGIO USMINIA (IED)", "NOMBRE_SED": "USMINIA", "ORDEN_DE_S": "A", "DIRECCION": "KR 9 A  # 103 A  - 17 SUR", "DISCAPACID": "INTELECTUAL", "TALENTOS_O": "TALENTO EXCEPCIONAL EN CIENCIAS SOCIALES O HUMANAS", "GRUPOS_ETN": "AFRODESCENDIENTES-INDIGENAS", "SECTOR": 2, "NATU_JUR": 9, "CALENDARIO": 1, "GENERO": 5, "COD_LOCA": "05", "ESPECIALID": 1, "CLASE_TIPO": 1, "BILINGUE": 5, "FECHA": "2024-04-30", "DANE12_EST": "111001065234", "DANE12_SED": "111001065234", "DA_HIPOACU": 0, "DA_SORDERA": 0, "DA_LENGUAS": 0, "DA_UCASTEL": 0, "DISCAP_FIS": 0, "DISCAP_FLE": 0, "DISCAP_PCE": 0, "DI_DCOGNIT": 5, "DI_SDOWN": 0, "DIS_MULTIP": 2, "DIS_PSICOS": 1, "DV_BAJAVIS": 0, "DIS_CEGUER": 0, "T_ESPECTRO": 0, "T_VOZ_Y_HA": 0, "SISTEMICA": 0, "SORDOCEGUE": 0, "OTRA": 0, "TOT_EST_MA": 8, "AFRODESCEN": 1, "INDIGENAS": 2, "NEGRITUDES": 0, "PALENQUERO": 0, "RAIZALES": 0, "ROM": 0, "TOT_EST_ET": 3, "CAPACID_EX": 0, "DOBLE_EXCE": 0, "TE_ACTFISI": 0, "TE_ARTES": 0, "TE_CNATUR": 0, "TE_CSOCIAL": 0, "TE_LDSOCIA": 0, "TE_TECNOLO": 0, "TOT_EST_CA": 0, "TMATRIC_GE": 347, "Zona": 1 }, "geometry": { "type": "Point", "coordinates": [ -8250691.759400000795722, 500899.986400000751019 ] } },
{ "type": "Feature", "properties": { "NOMBRE_EST": "COLEGIO USMINIA (IED)", "NOMBRE_SED": "LORENZO ALCANTUZ", "ORDEN_DE_S": "B", "DIRECCION": "CL 102 A SUR # 3 A - 29 ESTE", "DISCAPACID": "FISICA-INTELECTUAL-MENTAL/PSICOSOCIAL-MULTIPLE", "TALENTOS_O": null, "GRUPOS_ETN": "AFRODESCENDIENTES-INDIGENAS-NEGRITUDES", "SECTOR": 2, "NATU_JUR": 9, "CALENDARIO": 1, "GENERO": 5, "COD_LOCA": "05", "ESPECIALID": 1, "CLASE_TIPO": 1, "BILINGUE": 5, "FECHA": "2024-04-30", "DANE12_EST": "111001065234", "DANE12_SED": "111001046914", "DA_HIPOACU": 0, "DA_SORDERA": 0, "DA_LENGUAS": 0, "DA_UCASTEL": 0, "DISCAP_FIS": 1, "DISCAP_FLE": 0, "DISCAP_PCE": 0, "DI_DCOGNIT": 23, "DI_SDOWN": 0, "DIS_MULTIP": 9, "DIS_PSICOS": 0, "DV_BAJAVIS": 0, "DIS_CEGUER": 0, "T_ESPECTRO": 0, "T_VOZ_Y_HA": 0, "SISTEMICA": 0, "SORDOCEGUE": 0, "OTRA": 0, "TOT_EST_MA": 33, "AFRODESCEN": 3, "INDIGENAS": 4, "NEGRITUDES": 2, "PALENQUERO": 0, "RAIZALES": 0, "ROM": 0, "TOT_EST_ET": 9, "CAPACID_EX": 0, "DOBLE_EXCE": 0, "TE_ACTFISI": 0, "TE_ARTES": 0, "TE_CNATUR": 0, "TE_CSOCIAL": 0, "TE_LDSOCIA": 0, "TE_TECNOLO": 0, "TOT_EST_CA": 0, "TMATRIC_GE": 536, "Zona": 1 }, "geometry": { "type": "Point", "coordinates": [ -8250401.912399999797344, 500929.897399999201298 ] } },
{ "type": "Feature", "properties": { "NOMBRE_EST": "COLEGIO USMINIA (IED)", "NOMBRE_SED": "ANTONIO JOSE DE SUCRE", "ORDEN_DE_S": "C", "DIRECCION": "CL 106 A SUR # 3 C - 12 ESTE", "DISCAPACID": "INTELECTUAL", "TALENTOS_O": "TALENTO EXCEPCIONAL EN ACTIVIDAD FISICA, EJERCICIO Y DEPORTE-TALENTO EXCEPCIONAL EN CIENCIAS SOCIALES O HUMANAS", "GRUPOS_ETN": "INDIGENAS-NEGRITUDES", "SECTOR": 2, "NATU_JUR": 9, "CALENDARIO": 1, "GENERO": 5, "COD_LOCA": "05", "ESPECIALID": 1, "CLASE_TIPO": 1, "BILINGUE": 5, "FECHA": "2024-04-30", "DANE12_EST": "111001065234", "DANE12_SED": "111001047902", "DA_HIPOACU": 0, "DA_SORDERA": 0, "DA_LENGUAS": 0, "DA_UCASTEL": 0, "DISCAP_FIS": 0, "DISCAP_FLE": 0, "DISCAP_PCE": 0, "DI_DCOGNIT": 0, "DI_SDOWN": 0, "DIS_MULTIP": 1, "DIS_PSICOS": 0, "DV_BAJAVIS": 0, "DIS_CEGUER": 0, "T_ESPECTRO": 0, "T_VOZ_Y_HA": 0, "SISTEMICA": 0, "SORDOCEGUE": 0, "OTRA": 0, "TOT_EST_MA": 1, "AFRODESCEN": 0, "INDIGENAS": 0, "NEGRITUDES": 0, "PALENQUERO": 0, "RAIZALES": 0, "ROM": 0, "TOT_EST_ET": 0, "CAPACID_EX": 0, "DOBLE_EXCE": 0, "TE_ACTFISI": 0, "TE_ARTES": 0, "TE_CNATUR": 0, "TE_CSOCIAL": 0, "TE_LDSOCIA": 0, "TE_TECNOLO": 0, "TOT_EST_CA": 0, "TMATRIC_GE": 224, "Zona": 1 }, "geometry": { "type": "Point", "coordinates": [ -8250350.3191, 500720.209399998188019 ] } },
{ "type": "Feature", "properties": { "NOMBRE_EST": "COLEGIO OFELIA URIBE DE ACOSTA (IED)", "NOMBRE_SED": "OFELIA URIBE DE ACOSTA", "ORDEN_DE_S": "A", "DIRECCION": "TV 1 ESTE # 85 - 10 SUR", "DISCAPACID": "AUDITIVA-FISICA-INTELECTUAL-MENTAL/PSICOSOCIAL-MULTIPLE-VISUAL", "TALENTOS_O": "CAPACIDADES EXCEPCIONALES-TALENTO EXCEPCIONAL EN ARTES Y LETRAS", "GRUPOS_ETN": "AFRODESCENDIENTES-INDIGENAS-NEGRITUDES", "SECTOR": 2, "NATU_JUR": 9, "CALENDARIO": 1, "GENERO": 5, "COD_LOCA": "05", "ESPECIALID": 1, "CLASE_TIPO": 1, "BILINGUE": 5, "FECHA": "2024-04-30", "DANE12_EST": "111001077895", "DANE12_SED": "111001077895", "DA_HIPOACU": 5, "DA_SORDERA": 0, "DA_LENGUAS": 0, "DA_UCASTEL": 0, "DISCAP_FIS": 3, "DISCAP_FLE": 0, "DISCAP_PCE": 0, "DI_DCOGNIT": 51, "DI_SDOWN": 0, "DIS_MULTIP": 10, "DIS_PSICOS": 3, "DV_BAJAVIS": 1, "DIS_CEGUER": 0, "T_ESPECTRO": 0, "T_VOZ_Y_HA": 0, "SISTEMICA": 0, "SORDOCEGUE": 0, "OTRA": 0, "TOT_EST_MA": 73, "AFRODESCEN": 10, "INDIGENAS": 30, "NEGRITUDES": 11, "PALENQUERO": 0, "RAIZALES": 0, "ROM": 0, "TOT_EST_ET": 51, "CAPACID_EX": 0, "DOBLE_EXCE": 0, "TE_ACTFISI": 0, "TE_ARTES": 0, "TE_CNATUR": 0, "TE_CSOCIAL": 0, "TE_LDSOCIA": 0, "TE_TECNOLO": 0, "TOT_EST_CA": 0, "TMATRIC_GE": 1908, "Zona": 1 }, "geometry": { "type": "Point", "coordinates": [ -8249185.601099999621511, 502236.231800001114607 ] } },
{ "type": "Feature", "properties": { "NOMBRE_EST": "COLEGIO OFELIA URIBE DE ACOSTA (IED)", "NOMBRE_SED": "ANTIGUA", "ORDEN_DE_S": "B", "DIRECCION": "CL 87 D SUR # 6 A - 55 ESTE", "DISCAPACID": "AUDITIVA-FISICA-INTELECTUAL", "TALENTOS_O": "TALENTO EXCEPCIONAL EN TECNOLOGIA", "GRUPOS_ETN": "AFRODESCENDIENTES-INDIGENAS-NEGRITUDES", "SECTOR": 2, "NATU_JUR": 9, "CALENDARIO": 1, "GENERO": 5, "COD_LOCA": "05", "ESPECIALID": 13, "CLASE_TIPO": 1, "BILINGUE": 5, "FECHA": "2024-04-30", "DANE12_EST": "111001077895", "DANE12_SED": "111001106933", "DA_HIPOACU": 0, "DA_SORDERA": 0, "DA_LENGUAS": 0, "DA_UCASTEL": 0, "DISCAP_FIS": 2, "DISCAP_FLE": 0, "DISCAP_PCE": 0, "DI_DCOGNIT": 7, "DI_SDOWN": 0, "DIS_MULTIP": 1, "DIS_PSICOS": 0, "DV_BAJAVIS": 0, "DIS_CEGUER": 0, "T_ESPECTRO": 0, "T_VOZ_Y_HA": 0, "SISTEMICA": 0, "SORDOCEGUE": 0, "OTRA": 0, "TOT_EST_MA": 11, "AFRODESCEN": 5, "INDIGENAS": 9, "NEGRITUDES": 0, "PALENQUERO": 0, "RAIZALES": 0, "ROM": 0, "TOT_EST_ET": 14, "CAPACID_EX": 0, "DOBLE_EXCE": 0, "TE_ACTFISI": 0, "TE_ARTES": 0, "TE_CNATUR": 0, "TE_CSOCIAL": 0, "TE_LDSOCIA": 0, "TE_TECNOLO": 0, "TOT_EST_CA": 0, "TMATRIC_GE": 583, "Zona": 1 }, "geometry": { "type": "Point", "coordinates": [ -8249052.321599999442697, 501967.212400000542402 ] } },
{ "type": "Feature", "properties": { "NOMBRE_EST": "COLEGIO BRASILIA - USME (IED)", "NOMBRE_SED": "BRASILIA - USME", "ORDEN_DE_S": "A", "DIRECCION": "KR 1 BIS B ESTE # 73 B - 97 SUR", "DISCAPACID": "AUDITIVA-FISICA-INTELECTUAL-MULTIPLE-VISUAL", "TALENTOS_O": "TALENTO EXCEPCIONAL EN TECNOLOGIA", "GRUPOS_ETN": "AFRODESCENDIENTES-INDIGENAS-NEGRITUDES", "SECTOR": 2, "NATU_JUR": 9, "CALENDARIO": 1, "GENERO": 5, "COD_LOCA": "05", "ESPECIALID": 1, "CLASE_TIPO": 1, "BILINGUE": 5, "FECHA": "2024-04-30", "DANE12_EST": "111001077917", "DANE12_SED": "111001077917", "DA_HIPOACU": 2, "DA_SORDERA": 0, "DA_LENGUAS": 0, "DA_UCASTEL": 0, "DISCAP_FIS": 3, "DISCAP_FLE": 0, "DISCAP_PCE": 0, "DI_DCOGNIT": 45, "DI_SDOWN": 0, "DIS_MULTIP": 13, "DIS_PSICOS": 0, "DV_BAJAVIS": 1, "DIS_CEGUER": 0, "T_ESPECTRO": 0, "T_VOZ_Y_HA": 0, "SISTEMICA": 0, "SORDOCEGUE": 0, "OTRA": 0, "TOT_EST_MA": 64, "AFRODESCEN": 8, "INDIGENAS": 2, "NEGRITUDES": 7, "PALENQUERO": 0, "RAIZALES": 0, "ROM": 0, "TOT_EST_ET": 17, "CAPACID_EX": 1, "DOBLE_EXCE": 0, "TE_ACTFISI": 0, "TE_ARTES": 0, "TE_CNATUR": 0, "TE_CSOCIAL": 0, "TE_LDSOCIA": 0, "TE_TECNOLO": 0, "TOT_EST_CA": 1, "TMATRIC_GE": 1257, "Zona": 1 }, "geometry": { "type": "Point", "coordinates": [ -8250419.701199999079108, 503455.357599999755621 ] } },
{ "type": "Feature", "properties": { "NOMBRE_EST": "COLEGIO EL VIRREY JOSE SOLIS (IED)", "NOMBRE_SED": "EL VIRREY JOSE SOLIS", "ORDEN_DE_S": "A", "DIRECCION": "KR 2 B ESTE # 92 - 41 SUR", "DISCAPACID": "AUDITIVA-FISICA-INTELECTUAL-MENTAL/PSICOSOCIAL-MULTIPLE-VISUAL", "TALENTOS_O": "TALENTO EXCEPCIONAL EN ACTIVIDAD FISICA, EJERCICIO Y DEPORTE-TALENTO EXCEPCIONAL EN ARTES Y LETRAS-TALENTO EXCEPCIONAL EN LIDERAZGO SOCIAL Y EMPRENDIMIENTO", "GRUPOS_ETN": "AFRODESCENDIENTES-INDIGENAS-NEGRITUDES", "SECTOR": 2, "NATU_JUR": 9, "CALENDARIO": 1, "GENERO": 5, "COD_LOCA": "05", "ESPECIALID": 1, "CLASE_TIPO": 1, "BILINGUE": 5, "FECHA": "2024-04-30", "DANE12_EST": "111001078638", "DANE12_SED": "111001078638", "DA_HIPOACU": 0, "DA_SORDERA": 0, "DA_LENGUAS": 0, "DA_UCASTEL": 0, "DISCAP_FIS": 2, "DISCAP_FLE": 0, "DISCAP_PCE": 0, "DI_DCOGNIT": 17, "DI_SDOWN": 0, "DIS_MULTIP": 3, "DIS_PSICOS": 3, "DV_BAJAVIS": 2, "DIS_CEGUER": 0, "T_ESPECTRO": 0, "T_VOZ_Y_HA": 0, "SISTEMICA": 0, "SORDOCEGUE": 0, "OTRA": 0, "TOT_EST_MA": 27, "AFRODESCEN": 6, "INDIGENAS": 15, "NEGRITUDES": 2, "PALENQUERO": 0, "RAIZALES": 0, "ROM": 0, "TOT_EST_ET": 23, "CAPACID_EX": 0, "DOBLE_EXCE": 0, "TE_ACTFISI": 0, "TE_ARTES": 0, "TE_CNATUR": 0, "TE_CSOCIAL": 0, "TE_LDSOCIA": 0, "TE_TECNOLO": 0, "TOT_EST_CA": 0, "TMATRIC_GE": 1295, "Zona": 1 }, "geometry": { "type": "Point", "coordinates": [ -8250071.051899999380112, 501764.576900001615286 ] } },
{ "type": "Feature", "properties": { "NOMBRE_EST": "COLEGIO MIGUEL DE CERVANTES SAAVEDRA (IED)", "NOMBRE_SED": "MIGUEL DE CERVANTES SAAVEDRA", "ORDEN_DE_S": "A", "DIRECCION": "KR 1 A # 76 BIS - 15 SUR", "DISCAPACID": "AUDITIVA-FISICA-INTELECTUAL-MENTAL/PSICOSOCIAL-MULTIPLE-VISUAL", "TALENTOS_O": "TALENTO EXCEPCIONAL EN ACTIVIDAD FISICA, EJERCICIO Y DEPORTE-TALENTO EXCEPCIONAL EN ARTES Y LETRAS-TALENTO EXCEPCIONAL EN CIENCIAS NATURALES O BASICAS-TALENTO EXCEPCIONAL EN LIDERAZGO SOCIAL Y EMPRENDIMIENTO", "GRUPOS_ETN": "AFRODESCENDIENTES-INDIGENAS-NEGRITUDES", "SECTOR": 2, "NATU_JUR": 9, "CALENDARIO": 1, "GENERO": 5, "COD_LOCA": "05", "ESPECIALID": 1, "CLASE_TIPO": 1, "BILINGUE": 5, "FECHA": "2024-04-30", "DANE12_EST": "111001083011", "DANE12_SED": "111001083011", "DA_HIPOACU": 5, "DA_SORDERA": 0, "DA_LENGUAS": 0, "DA_UCASTEL": 0, "DISCAP_FIS": 3, "DISCAP_FLE": 0, "DISCAP_PCE": 0, "DI_DCOGNIT": 58, "DI_SDOWN": 0, "DIS_MULTIP": 9, "DIS_PSICOS": 4, "DV_BAJAVIS": 1, "DIS_CEGUER": 0, "T_ESPECTRO": 0, "T_VOZ_Y_HA": 0, "SISTEMICA": 0, "SORDOCEGUE": 0, "OTRA": 0, "TOT_EST_MA": 80, "AFRODESCEN": 9, "INDIGENAS": 14, "NEGRITUDES": 3, "PALENQUERO": 0, "RAIZALES": 0, "ROM": 0, "TOT_EST_ET": 26, "CAPACID_EX": 0, "DOBLE_EXCE": 0, "TE_ACTFISI": 0, "TE_ARTES": 0, "TE_CNATUR": 0, "TE_CSOCIAL": 0, "TE_LDSOCIA": 0, "TE_TECNOLO": 0, "TOT_EST_CA": 0, "TMATRIC_GE": 2314, "Zona": 1 }, "geometry": { "type": "Point", "coordinates": [ -8249420.52419999986887, 502828.769799999892712 ] } },
{ "type": "Feature", "properties": { "NOMBRE_EST": "COLEGIO MIGUEL DE CERVANTES SAAVEDRA (IED)", "NOMBRE_SED": "MARICHUELA", "ORDEN_DE_S": "B", "DIRECCION": "CL 76 B SUR # 1 A - 28 ESTE", "DISCAPACID": "FISICA-INTELECTUAL-MULTIPLE", "TALENTOS_O": "CAPACIDADES EXCEPCIONALES-TALENTO EXCEPCIONAL EN LIDERAZGO SOCIAL Y EMPRENDIMIENTO", "GRUPOS_ETN": "INDIGENAS", "SECTOR": 2, "NATU_JUR": 9, "CALENDARIO": 1, "GENERO": 5, "COD_LOCA": "05", "ESPECIALID": 13, "CLASE_TIPO": 1, "BILINGUE": 5, "FECHA": "2024-04-30", "DANE12_EST": "111001083011", "DANE12_SED": "111001104086", "DA_HIPOACU": 0, "DA_SORDERA": 0, "DA_LENGUAS": 0, "DA_UCASTEL": 0, "DISCAP_FIS": 2, "DISCAP_FLE": 0, "DISCAP_PCE": 0, "DI_DCOGNIT": 4, "DI_SDOWN": 0, "DIS_MULTIP": 2, "DIS_PSICOS": 1, "DV_BAJAVIS": 0, "DIS_CEGUER": 0, "T_ESPECTRO": 0, "T_VOZ_Y_HA": 0, "SISTEMICA": 0, "SORDOCEGUE": 0, "OTRA": 0, "TOT_EST_MA": 10, "AFRODESCEN": 1, "INDIGENAS": 3, "NEGRITUDES": 0, "PALENQUERO": 0, "RAIZALES": 0, "ROM": 0, "TOT_EST_ET": 4, "CAPACID_EX": 0, "DOBLE_EXCE": 0, "TE_ACTFISI": 0, "TE_ARTES": 0, "TE_CNATUR": 0, "TE_CSOCIAL": 0, "TE_LDSOCIA": 0, "TE_TECNOLO": 0, "TOT_EST_CA": 0, "TMATRIC_GE": 540, "Zona": 1 }, "geometry": { "type": "Point", "coordinates": [ -8250352.708000000566244, 502779.854499999433756 ] } },
{ "type": "Feature", "properties": { "NOMBRE_EST": "COLEGIO CHUNIZA (IED)", "NOMBRE_SED": "CHUNIZA", "ORDEN_DE_S": "A", "DIRECCION": "KR 1 G ESTE # 84 A - 42 SUR", "DISCAPACID": "AUDITIVA-FISICA-INTELECTUAL-MENTAL/PSICOSOCIAL-MULTIPLE", "TALENTOS_O": "TALENTO EXCEPCIONAL EN ACTIVIDAD FISICA, EJERCICIO Y DEPORTE-TALENTO EXCEPCIONAL EN ARTES Y LETRAS-TALENTO EXCEPCIONAL EN LIDERAZGO SOCIAL Y EMPRENDIMIENTO-TALENTO EXCEPCIONAL EN TECNOLOGIA", "GRUPOS_ETN": "AFRODESCENDIENTES-INDIGENAS-NEGRITUDES", "SECTOR": 2, "NATU_JUR": 9, "CALENDARIO": 1, "GENERO": 5, "COD_LOCA": "05", "ESPECIALID": 1, "CLASE_TIPO": 1, "BILINGUE": 5, "FECHA": "2024-04-30", "DANE12_EST": "111001086614", "DANE12_SED": "111001086614", "DA_HIPOACU": 3, "DA_SORDERA": 0, "DA_LENGUAS": 0, "DA_UCASTEL": 0, "DISCAP_FIS": 3, "DISCAP_FLE": 0, "DISCAP_PCE": 0, "DI_DCOGNIT": 29, "DI_SDOWN": 0, "DIS_MULTIP": 18, "DIS_PSICOS": 2, "DV_BAJAVIS": 0, "DIS_CEGUER": 0, "T_ESPECTRO": 0, "T_VOZ_Y_HA": 0, "SISTEMICA": 0, "SORDOCEGUE": 0, "OTRA": 0, "TOT_EST_MA": 55, "AFRODESCEN": 2, "INDIGENAS": 6, "NEGRITUDES": 2, "PALENQUERO": 0, "RAIZALES": 0, "ROM": 0, "TOT_EST_ET": 10, "CAPACID_EX": 0, "DOBLE_EXCE": 0, "TE_ACTFISI": 0, "TE_ARTES": 0, "TE_CNATUR": 0, "TE_CSOCIAL": 0, "TE_LDSOCIA": 0, "TE_TECNOLO": 0, "TOT_EST_CA": 0, "TMATRIC_GE": 2109, "Zona": 1 }, "geometry": { "type": "Point", "coordinates": [ -8249987.926300000399351, 502163.825500000268221 ] } },
{ "type": "Feature", "properties": { "NOMBRE_EST": "COLEGIO FERNANDO GONZALEZ OCHOA (IED)", "NOMBRE_SED": "FERNANDO GONZALEZ OCHOA", "ORDEN_DE_S": "A", "DIRECCION": "KR 4 # 89 - 43 SUR", "DISCAPACID": "AUDITIVA-FISICA-INTELECTUAL-MENTAL/PSICOSOCIAL-MULTIPLE-VISUAL", "TALENTOS_O": "CAPACIDADES EXCEPCIONALES-TALENTO EXCEPCIONAL EN ACTIVIDAD FISICA, EJERCICIO Y DEPORTE-TALENTO EXCEPCIONAL EN ARTES Y LETRAS-TALENTO EXCEPCIONAL EN CIENCIAS NATURALES O BASICAS-TALENTO EXCEPCIONAL EN CIENCIAS SOCIALES O HUMANAS", "GRUPOS_ETN": "AFRODESCENDIENTES-INDIGENAS-NEGRITUDES", "SECTOR": 2, "NATU_JUR": 9, "CALENDARIO": 1, "GENERO": 5, "COD_LOCA": "05", "ESPECIALID": 1, "CLASE_TIPO": 1, "BILINGUE": 5, "FECHA": "2024-04-30", "DANE12_EST": "111001094439", "DANE12_SED": "111001094439", "DA_HIPOACU": 3, "DA_SORDERA": 0, "DA_LENGUAS": 0, "DA_UCASTEL": 0, "DISCAP_FIS": 2, "DISCAP_FLE": 0, "DISCAP_PCE": 0, "DI_DCOGNIT": 51, "DI_SDOWN": 0, "DIS_MULTIP": 24, "DIS_PSICOS": 1, "DV_BAJAVIS": 4, "DIS_CEGUER": 0, "T_ESPECTRO": 0, "T_VOZ_Y_HA": 0, "SISTEMICA": 0, "SORDOCEGUE": 0, "OTRA": 0, "TOT_EST_MA": 85, "AFRODESCEN": 13, "INDIGENAS": 11, "NEGRITUDES": 3, "PALENQUERO": 0, "RAIZALES": 0, "ROM": 0, "TOT_EST_ET": 27, "CAPACID_EX": 0, "DOBLE_EXCE": 0, "TE_ACTFISI": 0, "TE_ARTES": 0, "TE_CNATUR": 0, "TE_CSOCIAL": 0, "TE_LDSOCIA": 0, "TE_TECNOLO": 0, "TOT_EST_CA": 0, "TMATRIC_GE": 2108, "Zona": 1 }, "geometry": { "type": "Point", "coordinates": [ -8249554.927999999374151, 501767.483600001782179 ] } },
{ "type": "Feature", "properties": { "NOMBRE_EST": "COLEGIO SAN CAYETANO (IED)", "NOMBRE_SED": "SAN CAYETANO", "ORDEN_DE_S": "A", "DIRECCION": "CL 74 A SUR # 17 - 49 ESTE", "DISCAPACID": "AUDITIVA-FISICA-INTELECTUAL-MULTIPLE-SORDOCEGUERA", "TALENTOS_O": "CAPACIDADES EXCEPCIONALES-TALENTO EXCEPCIONAL EN ACTIVIDAD FISICA, EJERCICIO Y DEPORTE-TALENTO EXCEPCIONAL EN ARTES Y LETRAS-TALENTO EXCEPCIONAL EN LIDERAZGO SOCIAL Y EMPRENDIMIENTO", "GRUPOS_ETN": "AFRODESCENDIENTES-INDIGENAS-NEGRITUDES", "SECTOR": 2, "NATU_JUR": 9, "CALENDARIO": 1, "GENERO": 5, "COD_LOCA": "05", "ESPECIALID": 1, "CLASE_TIPO": 1, "BILINGUE": 5, "FECHA": "2024-04-30", "DANE12_EST": "111001098833", "DANE12_SED": "111001098833", "DA_HIPOACU": 3, "DA_SORDERA": 0, "DA_LENGUAS": 0, "DA_UCASTEL": 0, "DISCAP_FIS": 3, "DISCAP_FLE": 0, "DISCAP_PCE": 0, "DI_DCOGNIT": 28, "DI_SDOWN": 0, "DIS_MULTIP": 7, "DIS_PSICOS": 2, "DV_BAJAVIS": 0, "DIS_CEGUER": 0, "T_ESPECTRO": 0, "T_VOZ_Y_HA": 0, "SISTEMICA": 0, "SORDOCEGUE": 0, "OTRA": 0, "TOT_EST_MA": 43, "AFRODESCEN": 13, "INDIGENAS": 5, "NEGRITUDES": 6, "PALENQUERO": 0, "RAIZALES": 0, "ROM": 0, "TOT_EST_ET": 24, "CAPACID_EX": 0, "DOBLE_EXCE": 0, "TE_ACTFISI": 0, "TE_ARTES": 0, "TE_CNATUR": 0, "TE_CSOCIAL": 0, "TE_LDSOCIA": 0, "TE_TECNOLO": 0, "TOT_EST_CA": 0, "TMATRIC_GE": 1843, "Zona": 2 }, "geometry": { "type": "Point", "coordinates": [ -8247383.593499999493361, 503363.525400001555681 ] } },
{ "type": "Feature", "properties": { "NOMBRE_EST": "COLEGIO SAN JOSE DE USME (IED)", "NOMBRE_SED": "COLEGIO SAN JOSE DE USME (IED) - SEDE PRINCIPAL", "ORDEN_DE_S": "A", "DIRECCION": "CL 97 SUR # 14 B - 05", "DISCAPACID": "AUDITIVA-INTELECTUAL-MENTAL/PSICOSOCIAL", "TALENTOS_O": "CAPACIDADES EXCEPCIONALES-TALENTO EXCEPCIONAL EN ACTIVIDAD FISICA, EJERCICIO Y DEPORTE-TALENTO EXCEPCIONAL EN ARTES Y LETRAS", "GRUPOS_ETN": "INDIGENAS", "SECTOR": 2, "NATU_JUR": 9, "CALENDARIO": 1, "GENERO": 5, "COD_LOCA": "05", "ESPECIALID": 1, "CLASE_TIPO": 2, "BILINGUE": 5, "FECHA": "2024-04-30", "DANE12_EST": "111001098841", "DANE12_SED": "111001098841", "DA_HIPOACU": 4, "DA_SORDERA": 0, "DA_LENGUAS": 0, "DA_UCASTEL": 0, "DISCAP_FIS": 0, "DISCAP_FLE": 0, "DISCAP_PCE": 0, "DI_DCOGNIT": 4, "DI_SDOWN": 0, "DIS_MULTIP": 3, "DIS_PSICOS": 0, "DV_BAJAVIS": 0, "DIS_CEGUER": 0, "T_ESPECTRO": 0, "T_VOZ_Y_HA": 0, "SISTEMICA": 0, "SORDOCEGUE": 0, "OTRA": 0, "TOT_EST_MA": 11, "AFRODESCEN": 0, "INDIGENAS": 2, "NEGRITUDES": 0, "PALENQUERO": 0, "RAIZALES": 0, "ROM": 0, "TOT_EST_ET": 2, "CAPACID_EX": 0, "DOBLE_EXCE": 0, "TE_ACTFISI": 0, "TE_ARTES": 0, "TE_CNATUR": 0, "TE_CSOCIAL": 0, "TE_LDSOCIA": 0, "TE_TECNOLO": 0, "TOT_EST_CA": 0, "TMATRIC_GE": 1106, "Zona": 1 }, "geometry": { "type": "Point", "coordinates": [ -8250814.313200000673532, 501648.755499999970198 ] } },
{ "type": "Feature", "properties": { "NOMBRE_EST": "COLEGIO CHUNIZA FAMACO (IED)", "NOMBRE_SED": "COLEGIO CHUNIZA FAMACO (IED) - SEDE PRINCIPAL", "ORDEN_DE_S": "A", "DIRECCION": "AC 91 SUR # 4 - 22 ESTE", "DISCAPACID": "INTELECTUAL-MULTIPLE", "TALENTOS_O": "CAPACIDADES EXCEPCIONALES-TALENTO EXCEPCIONAL EN CIENCIAS SOCIALES O HUMANAS", "GRUPOS_ETN": "INDIGENAS-NEGRITUDES", "SECTOR": 2, "NATU_JUR": 9, "CALENDARIO": 1, "GENERO": 5, "COD_LOCA": "05", "ESPECIALID": 1, "CLASE_TIPO": 2, "BILINGUE": 5, "FECHA": "2024-04-30", "DANE12_EST": "111001098850", "DANE12_SED": "111001098850", "DA_HIPOACU": 0, "DA_SORDERA": 0, "DA_LENGUAS": 0, "DA_UCASTEL": 0, "DISCAP_FIS": 0, "DISCAP_FLE": 0, "DISCAP_PCE": 0, "DI_DCOGNIT": 10, "DI_SDOWN": 0, "DIS_MULTIP": 6, "DIS_PSICOS": 1, "DV_BAJAVIS": 0, "DIS_CEGUER": 0, "T_ESPECTRO": 0, "T_VOZ_Y_HA": 0, "SISTEMICA": 0, "SORDOCEGUE": 0, "OTRA": 0, "TOT_EST_MA": 17, "AFRODESCEN": 0, "INDIGENAS": 16, "NEGRITUDES": 1, "PALENQUERO": 0, "RAIZALES": 0, "ROM": 0, "TOT_EST_ET": 17, "CAPACID_EX": 0, "DOBLE_EXCE": 0, "TE_ACTFISI": 0, "TE_ARTES": 0, "TE_CNATUR": 0, "TE_CSOCIAL": 0, "TE_LDSOCIA": 0, "TE_TECNOLO": 0, "TOT_EST_CA": 0, "TMATRIC_GE": 1105, "Zona": 1 }, "geometry": { "type": "Point", "coordinates": [ -8249247.1897, 501121.184799998998642 ] } },
{ "type": "Feature", "properties": { "NOMBRE_EST": "COLEGIO LUIS EDUARDO MORA OSEJO (IED)", "NOMBRE_SED": "LUIS EDUARDO MORA OSEJO", "ORDEN_DE_S": "A", "DIRECCION": "CL 95 SUR # 3 - 00 ESTE", "DISCAPACID": "FISICA-INTELECTUAL-MULTIPLE", "TALENTOS_O": "CAPACIDADES EXCEPCIONALES-TALENTO EXCEPCIONAL EN CIENCIAS SOCIALES O HUMANAS-TALENTO EXCEPCIONAL EN TECNOLOGIA", "GRUPOS_ETN": "AFRODESCENDIENTES-INDIGENAS-NEGRITUDES", "SECTOR": 2, "NATU_JUR": 9, "CALENDARIO": 1, "GENERO": 5, "COD_LOCA": "05", "ESPECIALID": 1, "CLASE_TIPO": 1, "BILINGUE": 5, "FECHA": "2024-04-30", "DANE12_EST": "111001098868", "DANE12_SED": "111001098868", "DA_HIPOACU": 0, "DA_SORDERA": 0, "DA_LENGUAS": 0, "DA_UCASTEL": 0, "DISCAP_FIS": 0, "DISCAP_FLE": 0, "DISCAP_PCE": 0, "DI_DCOGNIT": 18, "DI_SDOWN": 0, "DIS_MULTIP": 4, "DIS_PSICOS": 0, "DV_BAJAVIS": 0, "DIS_CEGUER": 0, "T_ESPECTRO": 0, "T_VOZ_Y_HA": 0, "SISTEMICA": 0, "SORDOCEGUE": 0, "OTRA": 0, "TOT_EST_MA": 22, "AFRODESCEN": 4, "INDIGENAS": 1, "NEGRITUDES": 0, "PALENQUERO": 0, "RAIZALES": 0, "ROM": 0, "TOT_EST_ET": 5, "CAPACID_EX": 0, "DOBLE_EXCE": 0, "TE_ACTFISI": 0, "TE_ARTES": 0, "TE_CNATUR": 0, "TE_CSOCIAL": 0, "TE_LDSOCIA": 0, "TE_TECNOLO": 0, "TOT_EST_CA": 0, "TMATRIC_GE": 710, "Zona": 1 }, "geometry": { "type": "Point", "coordinates": [ -8250138.856599999591708, 501506.513599999248981 ] } },
{ "type": "Feature", "properties": { "NOMBRE_EST": "COLEGIO MIRAVALLE (IED)", "NOMBRE_SED": "COLEGIO MIRAVALLE (IED) - SEDE PRINCIPAL", "ORDEN_DE_S": "A", "DIRECCION": "DG 76 SUR # 3 B - 30", "DISCAPACID": "AUDITIVA-FISICA-INTELECTUAL-MENTAL/PSICOSOCIAL-SORDOCEGUERA", "TALENTOS_O": "TALENTO EXCEPCIONAL EN ACTIVIDAD FISICA, EJERCICIO Y DEPORTE-TALENTO EXCEPCIONAL EN ARTES Y LETRAS-TALENTO EXCEPCIONAL EN LIDERAZGO SOCIAL Y EMPRENDIMIENTO", "GRUPOS_ETN": "AFRODESCENDIENTES-INDIGENAS-NEGRITUDES", "SECTOR": 2, "NATU_JUR": 9, "CALENDARIO": 1, "GENERO": 5, "COD_LOCA": "05", "ESPECIALID": 1, "CLASE_TIPO": 2, "BILINGUE": 5, "FECHA": "2024-04-30", "DANE12_EST": "111001100081", "DANE12_SED": "111001100081", "DA_HIPOACU": 3, "DA_SORDERA": 0, "DA_LENGUAS": 0, "DA_UCASTEL": 0, "DISCAP_FIS": 3, "DISCAP_FLE": 0, "DISCAP_PCE": 0, "DI_DCOGNIT": 5, "DI_SDOWN": 0, "DIS_MULTIP": 0, "DIS_PSICOS": 0, "DV_BAJAVIS": 0, "DIS_CEGUER": 0, "T_ESPECTRO": 0, "T_VOZ_Y_HA": 0, "SISTEMICA": 0, "SORDOCEGUE": 2, "OTRA": 0, "TOT_EST_MA": 13, "AFRODESCEN": 3, "INDIGENAS": 3, "NEGRITUDES": 1, "PALENQUERO": 0, "RAIZALES": 1, "ROM": 0, "TOT_EST_ET": 8, "CAPACID_EX": 0, "DOBLE_EXCE": 0, "TE_ACTFISI": 0, "TE_ARTES": 0, "TE_CNATUR": 0, "TE_CSOCIAL": 0, "TE_LDSOCIA": 0, "TE_TECNOLO": 0, "TOT_EST_CA": 0, "TMATRIC_GE": 1221, "Zona": 1 }, "geometry": { "type": "Point", "coordinates": [ -8250960.628200000151992, 502883.810600001364946 ] } },
{ "type": "Feature", "properties": { "NOMBRE_EST": "COLEGIO JUAN LUIS LONDOÑO (IED)", "NOMBRE_SED": "COLEGIO JUAN LUIS LONDOÑO (IED) - SEDE PRINCIPAL", "ORDEN_DE_S": "A", "DIRECCION": "KR 1 C ESTE # 66 A - 20 SUR", "DISCAPACID": "AUDITIVA-INTELECTUAL-MENTAL/PSICOSOCIAL-MULTIPLE-VISUAL", "TALENTOS_O": "TALENTO EXCEPCIONAL EN ACTIVIDAD FISICA, EJERCICIO Y DEPORTE-TALENTO EXCEPCIONAL EN ARTES Y LETRAS-TALENTO EXCEPCIONAL EN LIDERAZGO SOCIAL Y EMPRENDIMIENTO-TALENTO EXCEPCIONAL EN TECNOLOGIA", "GRUPOS_ETN": "AFRODESCENDIENTES-INDIGENAS-NEGRITUDES", "SECTOR": 2, "NATU_JUR": 9, "CALENDARIO": 1, "GENERO": 5, "COD_LOCA": "05", "ESPECIALID": 1, "CLASE_TIPO": 2, "BILINGUE": 5, "FECHA": "2024-04-30", "DANE12_EST": "111001102008", "DANE12_SED": "111001102008", "DA_HIPOACU": 0, "DA_SORDERA": 0, "DA_LENGUAS": 0, "DA_UCASTEL": 0, "DISCAP_FIS": 1, "DISCAP_FLE": 0, "DISCAP_PCE": 0, "DI_DCOGNIT": 17, "DI_SDOWN": 0, "DIS_MULTIP": 15, "DIS_PSICOS": 2, "DV_BAJAVIS": 1, "DIS_CEGUER": 0, "T_ESPECTRO": 0, "T_VOZ_Y_HA": 0, "SISTEMICA": 0, "SORDOCEGUE": 0, "OTRA": 0, "TOT_EST_MA": 37, "AFRODESCEN": 2, "INDIGENAS": 8, "NEGRITUDES": 2, "PALENQUERO": 0, "RAIZALES": 0, "ROM": 0, "TOT_EST_ET": 12, "CAPACID_EX": 0, "DOBLE_EXCE": 0, "TE_ACTFISI": 0, "TE_ARTES": 0, "TE_CNATUR": 0, "TE_CSOCIAL": 0, "TE_LDSOCIA": 0, "TE_TECNOLO": 0, "TOT_EST_CA": 0, "TMATRIC_GE": 1407, "Zona": 1 }, "geometry": { "type": "Point", "coordinates": [ -8250451.968299999833107, 505047.048700001090765 ] } },
{ "type": "Feature", "properties": { "NOMBRE_EST": "COLEGIO EDUARDO UMAÑA MENDOZA (IED)", "NOMBRE_SED": "EDUARDO UMAÑA MENDOZA", "ORDEN_DE_S": "A", "DIRECCION": "CL 111 A BIS SUR # 4 A - 41 ESTE", "DISCAPACID": "AUDITIVA-FISICA-INTELECTUAL-MULTIPLE-VISUAL", "TALENTOS_O": "TALENTO EXCEPCIONAL EN ACTIVIDAD FISICA, EJERCICIO Y DEPORTE-TALENTO EXCEPCIONAL EN ARTES Y LETRAS", "GRUPOS_ETN": "AFRODESCENDIENTES-INDIGENAS-NEGRITUDES", "SECTOR": 2, "NATU_JUR": 9, "CALENDARIO": 1, "GENERO": 5, "COD_LOCA": "05", "ESPECIALID": 1, "CLASE_TIPO": 1, "BILINGUE": 5, "FECHA": "2024-04-30", "DANE12_EST": "111001104337", "DANE12_SED": "111001104337", "DA_HIPOACU": 3, "DA_SORDERA": 0, "DA_LENGUAS": 0, "DA_UCASTEL": 0, "DISCAP_FIS": 3, "DISCAP_FLE": 0, "DISCAP_PCE": 0, "DI_DCOGNIT": 25, "DI_SDOWN": 0, "DIS_MULTIP": 5, "DIS_PSICOS": 0, "DV_BAJAVIS": 1, "DIS_CEGUER": 0, "T_ESPECTRO": 0, "T_VOZ_Y_HA": 0, "SISTEMICA": 0, "SORDOCEGUE": 0, "OTRA": 0, "TOT_EST_MA": 37, "AFRODESCEN": 22, "INDIGENAS": 18, "NEGRITUDES": 19, "PALENQUERO": 0, "RAIZALES": 0, "ROM": 0, "TOT_EST_ET": 59, "CAPACID_EX": 0, "DOBLE_EXCE": 0, "TE_ACTFISI": 0, "TE_ARTES": 0, "TE_CNATUR": 0, "TE_CSOCIAL": 0, "TE_LDSOCIA": 0, "TE_TECNOLO": 0, "TOT_EST_CA": 0, "TMATRIC_GE": 1722, "Zona": 5 }, "geometry": { "type": "Point", "coordinates": [ -8250269.887399999424815, 500350.44029999896884 ] } },
{ "type": "Feature", "properties": { "NOMBRE_EST": "COLEGIO DIEGO MONTAÑA CUELLAR (IED)", "NOMBRE_SED": "EL UVAL", "ORDEN_DE_S": "A", "DIRECCION": "TV 6 B # 100 C - 55 SUR", "DISCAPACID": "AUDITIVA-FISICA-INTELECTUAL-MENTAL/PSICOSOCIAL-MULTIPLE-VISUAL", "TALENTOS_O": "CAPACIDADES EXCEPCIONALES-TALENTO EXCEPCIONAL EN ACTIVIDAD FISICA, EJERCICIO Y DEPORTE-TALENTO EXCEPCIONAL EN ARTES Y LETRAS", "GRUPOS_ETN": "AFRODESCENDIENTES-INDIGENAS-NEGRITUDES", "SECTOR": 2, "NATU_JUR": 9, "CALENDARIO": 1, "GENERO": 5, "COD_LOCA": "05", "ESPECIALID": 1, "CLASE_TIPO": 1, "BILINGUE": 5, "FECHA": "2024-04-30", "DANE12_EST": "111001104345", "DANE12_SED": "111001104345", "DA_HIPOACU": 0, "DA_SORDERA": 0, "DA_LENGUAS": 0, "DA_UCASTEL": 0, "DISCAP_FIS": 2, "DISCAP_FLE": 0, "DISCAP_PCE": 0, "DI_DCOGNIT": 22, "DI_SDOWN": 0, "DIS_MULTIP": 3, "DIS_PSICOS": 2, "DV_BAJAVIS": 2, "DIS_CEGUER": 0, "T_ESPECTRO": 0, "T_VOZ_Y_HA": 0, "SISTEMICA": 0, "SORDOCEGUE": 0, "OTRA": 0, "TOT_EST_MA": 32, "AFRODESCEN": 13, "INDIGENAS": 11, "NEGRITUDES": 4, "PALENQUERO": 0, "RAIZALES": 1, "ROM": 0, "TOT_EST_ET": 29, "CAPACID_EX": 0, "DOBLE_EXCE": 0, "TE_ACTFISI": 0, "TE_ARTES": 0, "TE_CNATUR": 0, "TE_CSOCIAL": 0, "TE_LDSOCIA": 0, "TE_TECNOLO": 0, "TOT_EST_CA": 0, "TMATRIC_GE": 1334, "Zona": 1 }, "geometry": { "type": "Point", "coordinates": [ -8250454.705600000917912, 501091.008099999278784 ] } },
{ "type": "Feature", "properties": { "NOMBRE_EST": "COLEGIO DIEGO MONTAÑA CUELLAR (IED)", "NOMBRE_SED": "DIEGO MONTAÑA CUELLAR", "ORDEN_DE_S": "B", "DIRECCION": "KR 14 # 95 A - 20 SUR", "DISCAPACID": "AUDITIVA-FISICA-INTELECTUAL-MENTAL/PSICOSOCIAL-MULTIPLE", "TALENTOS_O": "CAPACIDADES EXCEPCIONALES", "GRUPOS_ETN": "AFRODESCENDIENTES-INDIGENAS-NEGRITUDES", "SECTOR": 2, "NATU_JUR": 9, "CALENDARIO": 1, "GENERO": 5, "COD_LOCA": "05", "ESPECIALID": 1, "CLASE_TIPO": 1, "BILINGUE": 5, "FECHA": "2024-04-30", "DANE12_EST": "111001104345", "DANE12_SED": "111001076201", "DA_HIPOACU": 2, "DA_SORDERA": 0, "DA_LENGUAS": 0, "DA_UCASTEL": 0, "DISCAP_FIS": 2, "DISCAP_FLE": 0, "DISCAP_PCE": 0, "DI_DCOGNIT": 26, "DI_SDOWN": 0, "DIS_MULTIP": 3, "DIS_PSICOS": 2, "DV_BAJAVIS": 0, "DIS_CEGUER": 0, "T_ESPECTRO": 0, "T_VOZ_Y_HA": 0, "SISTEMICA": 0, "SORDOCEGUE": 0, "OTRA": 0, "TOT_EST_MA": 35, "AFRODESCEN": 9, "INDIGENAS": 5, "NEGRITUDES": 3, "PALENQUERO": 0, "RAIZALES": 0, "ROM": 0, "TOT_EST_ET": 17, "CAPACID_EX": 0, "DOBLE_EXCE": 0, "TE_ACTFISI": 0, "TE_ARTES": 0, "TE_CNATUR": 0, "TE_CSOCIAL": 0, "TE_LDSOCIA": 0, "TE_TECNOLO": 0, "TOT_EST_CA": 0, "TMATRIC_GE": 990, "Zona": 1 }, "geometry": { "type": "Point", "coordinates": [ -8250642.501599999144673, 501624.26240000128746 ] } },
{ "type": "Feature", "properties": { "NOMBRE_EST": "COLEGIO DIEGO MONTAÑA CUELLAR (IED)", "NOMBRE_SED": "SERRANIAS", "ORDEN_DE_S": "C", "DIRECCION": "DG 99 SUR # 9 - 20", "DISCAPACID": "INTELECTUAL", "TALENTOS_O": "TALENTO EXCEPCIONAL EN ACTIVIDAD FISICA, EJERCICIO Y DEPORTE-TALENTO EXCEPCIONAL EN ARTES Y LETRAS-TALENTO EXCEPCIONAL EN LIDERAZGO SOCIAL Y EMPRENDIMIENTO", "GRUPOS_ETN": "AFRODESCENDIENTES-NEGRITUDES", "SECTOR": 2, "NATU_JUR": 9, "CALENDARIO": 1, "GENERO": 5, "COD_LOCA": "05", "ESPECIALID": 13, "CLASE_TIPO": 1, "BILINGUE": 5, "FECHA": "2024-04-30", "DANE12_EST": "111001104345", "DANE12_SED": "111001107751", "DA_HIPOACU": 0, "DA_SORDERA": 0, "DA_LENGUAS": 0, "DA_UCASTEL": 0, "DISCAP_FIS": 0, "DISCAP_FLE": 0, "DISCAP_PCE": 0, "DI_DCOGNIT": 0, "DI_SDOWN": 0, "DIS_MULTIP": 0, "DIS_PSICOS": 0, "DV_BAJAVIS": 0, "DIS_CEGUER": 0, "T_ESPECTRO": 0, "T_VOZ_Y_HA": 0, "SISTEMICA": 0, "SORDOCEGUE": 0, "OTRA": 0, "TOT_EST_MA": 0, "AFRODESCEN": 2, "INDIGENAS": 1, "NEGRITUDES": 1, "PALENQUERO": 0, "RAIZALES": 0, "ROM": 0, "TOT_EST_ET": 4, "CAPACID_EX": 1, "DOBLE_EXCE": 0, "TE_ACTFISI": 1, "TE_ARTES": 0, "TE_CNATUR": 0, "TE_CSOCIAL": 0, "TE_LDSOCIA": 0, "TE_TECNOLO": 0, "TOT_EST_CA": 1, "TMATRIC_GE": 362, "Zona": 1 }, "geometry": { "type": "Point", "coordinates": [ -8250514.081199999898672, 501472.995000001043081 ] } },
{ "type": "Feature", "properties": { "NOMBRE_EST": "COLEGIO CIUDAD DE VILLAVICENCIO (IED)", "NOMBRE_SED": "CIUDAD DE VILLAVICENCIO", "ORDEN_DE_S": "A", "DIRECCION": "KR 6 H ESTE # 114 - 88 SUR", "DISCAPACID": "AUDITIVA-INTELECTUAL-MENTAL/PSICOSOCIAL-MULTIPLE-VISUAL", "TALENTOS_O": "TALENTO EXCEPCIONAL EN ACTIVIDAD FISICA, EJERCICIO Y DEPORTE-TALENTO EXCEPCIONAL EN CIENCIAS SOCIALES O HUMANAS", "GRUPOS_ETN": "AFRODESCENDIENTES-INDIGENAS-NEGRITUDES", "SECTOR": 2, "NATU_JUR": 9, "CALENDARIO": 1, "GENERO": 5, "COD_LOCA": "05", "ESPECIALID": 1, "CLASE_TIPO": 1, "BILINGUE": 5, "FECHA": "2024-04-30", "DANE12_EST": "111001104353", "DANE12_SED": "111001104353", "DA_HIPOACU": 2, "DA_SORDERA": 0, "DA_LENGUAS": 0, "DA_UCASTEL": 0, "DISCAP_FIS": 0, "DISCAP_FLE": 0, "DISCAP_PCE": 0, "DI_DCOGNIT": 24, "DI_SDOWN": 0, "DIS_MULTIP": 2, "DIS_PSICOS": 2, "DV_BAJAVIS": 0, "DIS_CEGUER": 0, "T_ESPECTRO": 0, "T_VOZ_Y_HA": 0, "SISTEMICA": 0, "SORDOCEGUE": 0, "OTRA": 0, "TOT_EST_MA": 30, "AFRODESCEN": 7, "INDIGENAS": 16, "NEGRITUDES": 8, "PALENQUERO": 0, "RAIZALES": 0, "ROM": 0, "TOT_EST_ET": 31, "CAPACID_EX": 0, "DOBLE_EXCE": 0, "TE_ACTFISI": 0, "TE_ARTES": 0, "TE_CNATUR": 0, "TE_CSOCIAL": 0, "TE_LDSOCIA": 0, "TE_TECNOLO": 0, "TOT_EST_CA": 0, "TMATRIC_GE": 1131, "Zona": 1 }, "geometry": { "type": "Point", "coordinates": [ -8249269.498099999502301, 499829.514499999582767 ] } },
{ "type": "Feature", "properties": { "NOMBRE_EST": "COLEGIO CIUDAD DE VILLAVICENCIO (IED)", "NOMBRE_SED": "PUERTA AL LLANO", "ORDEN_DE_S": "B", "DIRECCION": "CL 108 SUR # 7 F ESTE - 15", "DISCAPACID": "AUDITIVA-INTELECTUAL-MENTAL/PSICOSOCIAL-MULTIPLE-VISUAL", "TALENTOS_O": "TALENTO EXCEPCIONAL EN ACTIVIDAD FISICA, EJERCICIO Y DEPORTE-TALENTO EXCEPCIONAL EN CIENCIAS NATURALES O BASICAS", "GRUPOS_ETN": "AFRODESCENDIENTES-INDIGENAS-NEGRITUDES", "SECTOR": 2, "NATU_JUR": 9, "CALENDARIO": 1, "GENERO": 5, "COD_LOCA": "05", "ESPECIALID": 13, "CLASE_TIPO": 1, "BILINGUE": 5, "FECHA": "2024-04-30", "DANE12_EST": "111001104353", "DANE12_SED": "211001094832", "DA_HIPOACU": 0, "DA_SORDERA": 0, "DA_LENGUAS": 0, "DA_UCASTEL": 0, "DISCAP_FIS": 1, "DISCAP_FLE": 0, "DISCAP_PCE": 0, "DI_DCOGNIT": 6, "DI_SDOWN": 0, "DIS_MULTIP": 2, "DIS_PSICOS": 0, "DV_BAJAVIS": 1, "DIS_CEGUER": 0, "T_ESPECTRO": 0, "T_VOZ_Y_HA": 0, "SISTEMICA": 0, "SORDOCEGUE": 0, "OTRA": 0, "TOT_EST_MA": 11, "AFRODESCEN": 8, "INDIGENAS": 9, "NEGRITUDES": 2, "PALENQUERO": 0, "RAIZALES": 0, "ROM": 0, "TOT_EST_ET": 19, "CAPACID_EX": 1, "DOBLE_EXCE": 0, "TE_ACTFISI": 1, "TE_ARTES": 0, "TE_CNATUR": 0, "TE_CSOCIAL": 0, "TE_LDSOCIA": 0, "TE_TECNOLO": 0, "TOT_EST_CA": 1, "TMATRIC_GE": 851, "Zona": 1 }, "geometry": { "type": "Point", "coordinates": [ -8248865.360500000417233, 500027.202199999243021 ] } },
{ "type": "Feature", "properties": { "NOMBRE_EST": "COLEGIO CIUDAD DE VILLAVICENCIO (IED)", "NOMBRE_SED": "VILLA HERMOSA", "ORDEN_DE_S": "C", "DIRECCION": "CL 97 SUR # 6 F - 08 ESTE  --  CL 97 F SUR # 6 F - 08 ESTE", "DISCAPACID": "AUDITIVA-INTELECTUAL", "TALENTOS_O": "TALENTO EXCEPCIONAL EN ACTIVIDAD FISICA, EJERCICIO Y DEPORTE-TALENTO EXCEPCIONAL EN ARTES Y LETRAS", "GRUPOS_ETN": "AFRODESCENDIENTES-INDIGENAS-NEGRITUDES", "SECTOR": 2, "NATU_JUR": 9, "CALENDARIO": 1, "GENERO": 5, "COD_LOCA": "05", "ESPECIALID": 13, "CLASE_TIPO": 1, "BILINGUE": 5, "FECHA": "2024-04-30", "DANE12_EST": "111001104353", "DANE12_SED": "211001094875", "DA_HIPOACU": 0, "DA_SORDERA": 0, "DA_LENGUAS": 0, "DA_UCASTEL": 0, "DISCAP_FIS": 0, "DISCAP_FLE": 0, "DISCAP_PCE": 0, "DI_DCOGNIT": 1, "DI_SDOWN": 0, "DIS_MULTIP": 1, "DIS_PSICOS": 0, "DV_BAJAVIS": 0, "DIS_CEGUER": 0, "T_ESPECTRO": 0, "T_VOZ_Y_HA": 0, "SISTEMICA": 0, "SORDOCEGUE": 0, "OTRA": 0, "TOT_EST_MA": 2, "AFRODESCEN": 2, "INDIGENAS": 3, "NEGRITUDES": 4, "PALENQUERO": 0, "RAIZALES": 0, "ROM": 0, "TOT_EST_ET": 9, "CAPACID_EX": 1, "DOBLE_EXCE": 0, "TE_ACTFISI": 1, "TE_ARTES": 0, "TE_CNATUR": 0, "TE_CSOCIAL": 0, "TE_LDSOCIA": 0, "TE_TECNOLO": 0, "TOT_EST_CA": 1, "TMATRIC_GE": 344, "Zona": 1 }, "geometry": { "type": "Point", "coordinates": [ -8249032.84180000051856, 500780.73030000180006 ] } },
{ "type": "Feature", "properties": { "NOMBRE_EST": "COLEGIO PAULO FREIRE (IED)", "NOMBRE_SED": "PAULO FREIRE", "ORDEN_DE_S": "A", "DIRECCION": "KR 11 # 65 C - 50 SUR", "DISCAPACID": "AUDITIVA-FISICA-INTELECTUAL-MENTAL/PSICOSOCIAL-MULTIPLE-SORDOCEGUERA-VISUAL", "TALENTOS_O": "TALENTO EXCEPCIONAL EN ACTIVIDAD FISICA, EJERCICIO Y DEPORTE-TALENTO EXCEPCIONAL EN ARTES Y LETRAS-TALENTO EXCEPCIONAL EN CIENCIAS NATURALES O BASICAS-TALENTO EXCEPCIONAL EN CIENCIAS SOCIALES O HUMANAS-TALENTO EXCEPCIONAL EN LIDERAZGO SOCIAL Y EMPRENDIMI", "GRUPOS_ETN": "AFRODESCENDIENTES-INDIGENAS-NEGRITUDES", "SECTOR": 2, "NATU_JUR": 9, "CALENDARIO": 1, "GENERO": 5, "COD_LOCA": "05", "ESPECIALID": 19, "CLASE_TIPO": 1, "BILINGUE": 5, "FECHA": "2024-04-30", "DANE12_EST": "111001107760", "DANE12_SED": "111001107760", "DA_HIPOACU": 0, "DA_SORDERA": 0, "DA_LENGUAS": 0, "DA_UCASTEL": 0, "DISCAP_FIS": 10, "DISCAP_FLE": 0, "DISCAP_PCE": 0, "DI_DCOGNIT": 25, "DI_SDOWN": 0, "DIS_MULTIP": 3, "DIS_PSICOS": 3, "DV_BAJAVIS": 2, "DIS_CEGUER": 0, "T_ESPECTRO": 0, "T_VOZ_Y_HA": 0, "SISTEMICA": 0, "SORDOCEGUE": 0, "OTRA": 0, "TOT_EST_MA": 44, "AFRODESCEN": 16, "INDIGENAS": 10, "NEGRITUDES": 8, "PALENQUERO": 0, "RAIZALES": 0, "ROM": 0, "TOT_EST_ET": 34, "CAPACID_EX": 1, "DOBLE_EXCE": 0, "TE_ACTFISI": 0, "TE_ARTES": 1, "TE_CNATUR": 0, "TE_CSOCIAL": 0, "TE_LDSOCIA": 0, "TE_TECNOLO": 0, "TOT_EST_CA": 1, "TMATRIC_GE": 3072, "Zona": 1 }, "geometry": { "type": "Point", "coordinates": [ -8250570.105000000447035, 505093.030900001525879 ] } },
{ "type": "Feature", "properties": { "NOMBRE_EST": "COLEGIO JOSE EUSTASIO RIVERA (IED)", "NOMBRE_SED": "COLEGIO JOSE EUSTASIO RIVERA (IED) - SEDE PRINCIPAL", "ORDEN_DE_S": "A", "DIRECCION": "KR 14 B # 136 - 22 SUR", "DISCAPACID": "FISICA-INTELECTUAL-MULTIPLE", "TALENTOS_O": "TALENTO EXCEPCIONAL EN ACTIVIDAD FISICA, EJERCICIO Y DEPORTE-TALENTO EXCEPCIONAL EN LIDERAZGO SOCIAL Y EMPRENDIMIENTO-TALENTO EXCEPCIONAL EN TECNOLOGIA", "GRUPOS_ETN": "AFRODESCENDIENTES-INDIGENAS-RAIZALES", "SECTOR": 2, "NATU_JUR": 9, "CALENDARIO": 1, "GENERO": 5, "COD_LOCA": "05", "ESPECIALID": 1, "CLASE_TIPO": 2, "BILINGUE": 5, "FECHA": "2024-04-30", "DANE12_EST": "111001800562", "DANE12_SED": "111001800562", "DA_HIPOACU": 0, "DA_SORDERA": 0, "DA_LENGUAS": 0, "DA_UCASTEL": 0, "DISCAP_FIS": 2, "DISCAP_FLE": 0, "DISCAP_PCE": 0, "DI_DCOGNIT": 8, "DI_SDOWN": 0, "DIS_MULTIP": 1, "DIS_PSICOS": 0, "DV_BAJAVIS": 0, "DIS_CEGUER": 0, "T_ESPECTRO": 0, "T_VOZ_Y_HA": 0, "SISTEMICA": 0, "SORDOCEGUE": 0, "OTRA": 0, "TOT_EST_MA": 11, "AFRODESCEN": 3, "INDIGENAS": 4, "NEGRITUDES": 0, "PALENQUERO": 0, "RAIZALES": 2, "ROM": 0, "TOT_EST_ET": 9, "CAPACID_EX": 1, "DOBLE_EXCE": 0, "TE_ACTFISI": 0, "TE_ARTES": 1, "TE_CNATUR": 0, "TE_CSOCIAL": 0, "TE_LDSOCIA": 0, "TE_TECNOLO": 0, "TOT_EST_CA": 1, "TMATRIC_GE": 672, "Zona": 1 }, "geometry": { "type": "Point", "coordinates": [ -8251346.276799999177456, 498656.945700000971556 ] } },
{ "type": "Feature", "properties": { "NOMBRE_EST": "COLEGIO CIUDAD CHENGDU (IED)", "NOMBRE_SED": "COLEGIO CIUDAD CHENGDU (IED) - SEDE PRINCIPAL", "ORDEN_DE_S": "A", "DIRECCION": "CL 79 SUR # 8 - 50 ESTE", "DISCAPACID": "FISICA-INTELECTUAL-MENTAL/PSICOSOCIAL", "TALENTOS_O": "TALENTO EXCEPCIONAL EN ACTIVIDAD FISICA, EJERCICIO Y DEPORTE-TALENTO EXCEPCIONAL EN ARTES Y LETRAS-TALENTO EXCEPCIONAL EN CIENCIAS NATURALES O BASICAS", "GRUPOS_ETN": "AFRODESCENDIENTES-INDIGENAS-NEGRITUDES", "SECTOR": 2, "NATU_JUR": 9, "CALENDARIO": 1, "GENERO": 5, "COD_LOCA": "05", "ESPECIALID": 1, "CLASE_TIPO": 2, "BILINGUE": 5, "FECHA": "2024-04-30", "DANE12_EST": "111001800660", "DANE12_SED": "111001800660", "DA_HIPOACU": 0, "DA_SORDERA": 0, "DA_LENGUAS": 0, "DA_UCASTEL": 0, "DISCAP_FIS": 0, "DISCAP_FLE": 0, "DISCAP_PCE": 0, "DI_DCOGNIT": 11, "DI_SDOWN": 0, "DIS_MULTIP": 0, "DIS_PSICOS": 1, "DV_BAJAVIS": 0, "DIS_CEGUER": 0, "T_ESPECTRO": 0, "T_VOZ_Y_HA": 0, "SISTEMICA": 0, "SORDOCEGUE": 0, "OTRA": 0, "TOT_EST_MA": 12, "AFRODESCEN": 13, "INDIGENAS": 2, "NEGRITUDES": 5, "PALENQUERO": 0, "RAIZALES": 0, "ROM": 0, "TOT_EST_ET": 20, "CAPACID_EX": 1, "DOBLE_EXCE": 0, "TE_ACTFISI": 1, "TE_ARTES": 0, "TE_CNATUR": 0, "TE_CSOCIAL": 0, "TE_LDSOCIA": 0, "TE_TECNOLO": 0, "TOT_EST_CA": 1, "TMATRIC_GE": 523, "Zona": 1 }, "geometry": { "type": "Point", "coordinates": [ -8248707.727700000628829, 502704.218499999493361 ] } },
{ "type": "Feature", "properties": { "NOMBRE_EST": "COLEGIO FRANCISCO ANTONIO ZEA DE USME (IED)", "NOMBRE_SED": "USME", "ORDEN_DE_S": "A", "DIRECCION": "TV 2 A # 135 - 78 SUR", "DISCAPACID": "AUDITIVA-INTELECTUAL-MENTAL/PSICOSOCIAL-MULTIPLE-SORDOCEGUERA", "TALENTOS_O": "CAPACIDADES EXCEPCIONALES-TALENTO EXCEPCIONAL EN ARTES Y LETRAS", "GRUPOS_ETN": "AFRODESCENDIENTES-INDIGENAS-NEGRITUDES", "SECTOR": 2, "NATU_JUR": 9, "CALENDARIO": 1, "GENERO": 5, "COD_LOCA": "05", "ESPECIALID": 1, "CLASE_TIPO": 1, "BILINGUE": 5, "FECHA": "2024-04-30", "DANE12_EST": "111850000740", "DANE12_SED": "111850000740", "DA_HIPOACU": 0, "DA_SORDERA": 0, "DA_LENGUAS": 0, "DA_UCASTEL": 0, "DISCAP_FIS": 0, "DISCAP_FLE": 0, "DISCAP_PCE": 0, "DI_DCOGNIT": 27, "DI_SDOWN": 0, "DIS_MULTIP": 2, "DIS_PSICOS": 2, "DV_BAJAVIS": 0, "DIS_CEGUER": 0, "T_ESPECTRO": 0, "T_VOZ_Y_HA": 0, "SISTEMICA": 0, "SORDOCEGUE": 0, "OTRA": 0, "TOT_EST_MA": 32, "AFRODESCEN": 6, "INDIGENAS": 1, "NEGRITUDES": 2, "PALENQUERO": 0, "RAIZALES": 0, "ROM": 0, "TOT_EST_ET": 9, "CAPACID_EX": 0, "DOBLE_EXCE": 0, "TE_ACTFISI": 0, "TE_ARTES": 0, "TE_CNATUR": 0, "TE_CSOCIAL": 0, "TE_LDSOCIA": 0, "TE_TECNOLO": 0, "TOT_EST_CA": 0, "TMATRIC_GE": 942, "Zona": 1 }, "geometry": { "type": "Point", "coordinates": [ -8251128.22749999910593, 498589.735399998724461 ] } },
{ "type": "Feature", "properties": { "NOMBRE_EST": "COLEGIO FRANCISCO ANTONIO ZEA DE USME (IED)", "NOMBRE_SED": "FRANCISCO ANTONIO ZEA", "ORDEN_DE_S": "B", "DIRECCION": "KR 2 A # 137 D - 20 SUR", "DISCAPACID": "FISICA-INTELECTUAL-MULTIPLE", "TALENTOS_O": "TALENTO EXCEPCIONAL EN ARTES Y LETRAS", "GRUPOS_ETN": "AFRODESCENDIENTES-INDIGENAS-NEGRITUDES", "SECTOR": 2, "NATU_JUR": 9, "CALENDARIO": 1, "GENERO": 5, "COD_LOCA": "05", "ESPECIALID": 13, "CLASE_TIPO": 1, "BILINGUE": 5, "FECHA": "2024-04-30", "DANE12_EST": "111850000740", "DANE12_SED": "111850000065", "DA_HIPOACU": 0, "DA_SORDERA": 0, "DA_LENGUAS": 0, "DA_UCASTEL": 0, "DISCAP_FIS": 2, "DISCAP_FLE": 0, "DISCAP_PCE": 0, "DI_DCOGNIT": 6, "DI_SDOWN": 0, "DIS_MULTIP": 2, "DIS_PSICOS": 0, "DV_BAJAVIS": 0, "DIS_CEGUER": 0, "T_ESPECTRO": 0, "T_VOZ_Y_HA": 0, "SISTEMICA": 0, "SORDOCEGUE": 0, "OTRA": 0, "TOT_EST_MA": 10, "AFRODESCEN": 3, "INDIGENAS": 4, "NEGRITUDES": 2, "PALENQUERO": 0, "RAIZALES": 0, "ROM": 0, "TOT_EST_ET": 9, "CAPACID_EX": 0, "DOBLE_EXCE": 0, "TE_ACTFISI": 0, "TE_ARTES": 0, "TE_CNATUR": 0, "TE_CSOCIAL": 0, "TE_LDSOCIA": 0, "TE_TECNOLO": 0, "TOT_EST_CA": 0, "TMATRIC_GE": 747, "Zona": 5 }, "geometry": { "type": "Point", "coordinates": [ -8251578.02280000038445, 498056.780200000852346 ] } },
{ "type": "Feature", "properties": { "NOMBRE_EST": "COLEGIO FRANCISCO ANTONIO ZEA DE USME (IED)", "NOMBRE_SED": "MARIA AUXILIADORA", "ORDEN_DE_S": "C", "DIRECCION": "CL 137 C SUR # 3 - 19", "DISCAPACID": "AUDITIVA-INTELECTUAL-MENTAL/PSICOSOCIAL", "TALENTOS_O": "TALENTO EXCEPCIONAL EN ARTES Y LETRAS", "GRUPOS_ETN": "AFRODESCENDIENTES-INDIGENAS-NEGRITUDES", "SECTOR": 2, "NATU_JUR": 9, "CALENDARIO": 1, "GENERO": 5, "COD_LOCA": "05", "ESPECIALID": 13, "CLASE_TIPO": 1, "BILINGUE": 5, "FECHA": "2024-04-30", "DANE12_EST": "111850000740", "DANE12_SED": "111850000081", "DA_HIPOACU": 0, "DA_SORDERA": 0, "DA_LENGUAS": 0, "DA_UCASTEL": 0, "DISCAP_FIS": 0, "DISCAP_FLE": 0, "DISCAP_PCE": 0, "DI_DCOGNIT": 0, "DI_SDOWN": 0, "DIS_MULTIP": 0, "DIS_PSICOS": 1, "DV_BAJAVIS": 0, "DIS_CEGUER": 0, "T_ESPECTRO": 0, "T_VOZ_Y_HA": 0, "SISTEMICA": 0, "SORDOCEGUE": 0, "OTRA": 0, "TOT_EST_MA": 1, "AFRODESCEN": 2, "INDIGENAS": 0, "NEGRITUDES": 1, "PALENQUERO": 0, "RAIZALES": 0, "ROM": 0, "TOT_EST_ET": 3, "CAPACID_EX": 0, "DOBLE_EXCE": 0, "TE_ACTFISI": 0, "TE_ARTES": 0, "TE_CNATUR": 0, "TE_CSOCIAL": 0, "TE_LDSOCIA": 0, "TE_TECNOLO": 0, "TOT_EST_CA": 0, "TMATRIC_GE": 128, "Zona": 1 }, "geometry": { "type": "Point", "coordinates": [ -8251655.449999999254942, 498211.780999999493361 ] } },
{ "type": "Feature", "properties": { "NOMBRE_EST": "COLEGIO FRANCISCO ANTONIO ZEA DE USME (IED)", "NOMBRE_SED": "SEDE D", "ORDEN_DE_S": "D", "DIRECCION": "KR 14 B # 136 - 22 SUR", "DISCAPACID": "FISICA-MULTIPLE", "TALENTOS_O": "TALENTO EXCEPCIONAL EN ACTIVIDAD FISICA, EJERCICIO Y DEPORTE-TALENTO EXCEPCIONAL EN ARTES Y LETRAS", "GRUPOS_ETN": "AFRODESCENDIENTES", "SECTOR": 2, "NATU_JUR": 9, "CALENDARIO": 1, "GENERO": 5, "COD_LOCA": "05", "ESPECIALID": 13, "CLASE_TIPO": 1, "BILINGUE": 5, "FECHA": "2024-04-30", "DANE12_EST": "111850000740", "DANE12_SED": "111001110027", "DA_HIPOACU": 0, "DA_SORDERA": 0, "DA_LENGUAS": 0, "DA_UCASTEL": 0, "DISCAP_FIS": 2, "DISCAP_FLE": 0, "DISCAP_PCE": 0, "DI_DCOGNIT": 0, "DI_SDOWN": 0, "DIS_MULTIP": 3, "DIS_PSICOS": 0, "DV_BAJAVIS": 0, "DIS_CEGUER": 0, "T_ESPECTRO": 0, "T_VOZ_Y_HA": 0, "SISTEMICA": 0, "SORDOCEGUE": 0, "OTRA": 0, "TOT_EST_MA": 5, "AFRODESCEN": 1, "INDIGENAS": 1, "NEGRITUDES": 0, "PALENQUERO": 0, "RAIZALES": 0, "ROM": 0, "TOT_EST_ET": 2, "CAPACID_EX": 0, "DOBLE_EXCE": 0, "TE_ACTFISI": 0, "TE_ARTES": 0, "TE_CNATUR": 0, "TE_CSOCIAL": 0, "TE_LDSOCIA": 0, "TE_TECNOLO": 0, "TOT_EST_CA": 0, "TMATRIC_GE": 432, "Zona": 1 }, "geometry": { "type": "Point", "coordinates": [ -8251346.276799999177456, 498656.945700000971556 ] } },
{ "type": "Feature", "properties": { "NOMBRE_EST": "COLEGIO EL CORTIJO - VIANEY (IED)", "NOMBRE_SED": "EL CORTIJO", "ORDEN_DE_S": "A", "DIRECCION": "KR 2 A # 74 B BIS - 00 SUR", "DISCAPACID": "AUDITIVA-INTELECTUAL-MULTIPLE", "TALENTOS_O": "TALENTO EXCEPCIONAL EN ACTIVIDAD FISICA, EJERCICIO Y DEPORTE-TALENTO EXCEPCIONAL EN CIENCIAS NATURALES O BASICAS", "GRUPOS_ETN": "AFRODESCENDIENTES-NEGRITUDES", "SECTOR": 2, "NATU_JUR": 9, "CALENDARIO": 1, "GENERO": 5, "COD_LOCA": "05", "ESPECIALID": 1, "CLASE_TIPO": 1, "BILINGUE": 5, "FECHA": "2024-04-30", "DANE12_EST": "111850001380", "DANE12_SED": "111850001380", "DA_HIPOACU": 0, "DA_SORDERA": 0, "DA_LENGUAS": 0, "DA_UCASTEL": 0, "DISCAP_FIS": 0, "DISCAP_FLE": 0, "DISCAP_PCE": 0, "DI_DCOGNIT": 17, "DI_SDOWN": 0, "DIS_MULTIP": 2, "DIS_PSICOS": 0, "DV_BAJAVIS": 0, "DIS_CEGUER": 0, "T_ESPECTRO": 0, "T_VOZ_Y_HA": 0, "SISTEMICA": 0, "SORDOCEGUE": 0, "OTRA": 0, "TOT_EST_MA": 20, "AFRODESCEN": 3, "INDIGENAS": 1, "NEGRITUDES": 2, "PALENQUERO": 0, "RAIZALES": 0, "ROM": 0, "TOT_EST_ET": 6, "CAPACID_EX": 0, "DOBLE_EXCE": 0, "TE_ACTFISI": 0, "TE_ARTES": 0, "TE_CNATUR": 0, "TE_CSOCIAL": 0, "TE_LDSOCIA": 0, "TE_TECNOLO": 0, "TOT_EST_CA": 0, "TMATRIC_GE": 458, "Zona": 1 }, "geometry": { "type": "Point", "coordinates": [ -8249520.539200000464916, 503401.291900001466274 ] } },
{ "type": "Feature", "properties": { "NOMBRE_EST": "COLEGIO EL CORTIJO - VIANEY (IED)", "NOMBRE_SED": "VIANEY", "ORDEN_DE_S": "B", "DIRECCION": "CL 73 B SUR # 1 D - 06", "DISCAPACID": "FISICA-INTELECTUAL-MENTAL/PSICOSOCIAL-MULTIPLE-VISUAL", "TALENTOS_O": "TALENTO EXCEPCIONAL EN ACTIVIDAD FISICA, EJERCICIO Y DEPORTE-TALENTO EXCEPCIONAL EN ARTES Y LETRAS-TALENTO EXCEPCIONAL EN LIDERAZGO SOCIAL Y EMPRENDIMIENTO", "GRUPOS_ETN": "AFRODESCENDIENTES-INDIGENAS", "SECTOR": 2, "NATU_JUR": 9, "CALENDARIO": 1, "GENERO": 5, "COD_LOCA": "05", "ESPECIALID": 13, "CLASE_TIPO": 1, "BILINGUE": 5, "FECHA": "2024-04-30", "DANE12_EST": "111850001380", "DANE12_SED": "111001034762", "DA_HIPOACU": 0, "DA_SORDERA": 0, "DA_LENGUAS": 0, "DA_UCASTEL": 0, "DISCAP_FIS": 2, "DISCAP_FLE": 0, "DISCAP_PCE": 0, "DI_DCOGNIT": 1, "DI_SDOWN": 0, "DIS_MULTIP": 2, "DIS_PSICOS": 1, "DV_BAJAVIS": 0, "DIS_CEGUER": 0, "T_ESPECTRO": 0, "T_VOZ_Y_HA": 0, "SISTEMICA": 0, "SORDOCEGUE": 0, "OTRA": 0, "TOT_EST_MA": 6, "AFRODESCEN": 0, "INDIGENAS": 2, "NEGRITUDES": 0, "PALENQUERO": 0, "RAIZALES": 0, "ROM": 0, "TOT_EST_ET": 2, "CAPACID_EX": 0, "DOBLE_EXCE": 0, "TE_ACTFISI": 0, "TE_ARTES": 0, "TE_CNATUR": 0, "TE_CSOCIAL": 0, "TE_LDSOCIA": 0, "TE_TECNOLO": 0, "TOT_EST_CA": 0, "TMATRIC_GE": 317, "Zona": 1 }, "geometry": { "type": "Point", "coordinates": [ -8250880.025100000202656, 503439.333000000566244 ] } },
{ "type": "Feature", "properties": { "NOMBRE_EST": "COLEGIO ALMIRANTE PADILLA (IED)", "NOMBRE_SED": "ALMIRANTE PADILLA", "ORDEN_DE_S": "A", "DIRECCION": "CL 76 A SUR # 1 D - 59 ESTE", "DISCAPACID": "AUDITIVA-FISICA-INTELECTUAL-MENTAL/PSICOSOCIAL-MULTIPLE-SORDOCEGUERA-VISUAL", "TALENTOS_O": "TALENTO EXCEPCIONAL EN ACTIVIDAD FISICA, EJERCICIO Y DEPORTE-TALENTO EXCEPCIONAL EN ARTES Y LETRAS", "GRUPOS_ETN": "AFRODESCENDIENTES-INDIGENAS-NEGRITUDES", "SECTOR": 2, "NATU_JUR": 9, "CALENDARIO": 1, "GENERO": 5, "COD_LOCA": "05", "ESPECIALID": 1, "CLASE_TIPO": 1, "BILINGUE": 5, "FECHA": "2024-04-30", "DANE12_EST": "111850001428", "DANE12_SED": "111850001428", "DA_HIPOACU": 0, "DA_SORDERA": 0, "DA_LENGUAS": 0, "DA_UCASTEL": 0, "DISCAP_FIS": 4, "DISCAP_FLE": 0, "DISCAP_PCE": 0, "DI_DCOGNIT": 48, "DI_SDOWN": 0, "DIS_MULTIP": 3, "DIS_PSICOS": 9, "DV_BAJAVIS": 1, "DIS_CEGUER": 0, "T_ESPECTRO": 0, "T_VOZ_Y_HA": 0, "SISTEMICA": 0, "SORDOCEGUE": 1, "OTRA": 0, "TOT_EST_MA": 66, "AFRODESCEN": 27, "INDIGENAS": 19, "NEGRITUDES": 20, "PALENQUERO": 0, "RAIZALES": 0, "ROM": 0, "TOT_EST_ET": 66, "CAPACID_EX": 5, "DOBLE_EXCE": 0, "TE_ACTFISI": 3, "TE_ARTES": 2, "TE_CNATUR": 0, "TE_CSOCIAL": 0, "TE_LDSOCIA": 0, "TE_TECNOLO": 0, "TOT_EST_CA": 5, "TMATRIC_GE": 2131, "Zona": 1 }, "geometry": { "type": "Point", "coordinates": [ -8250100.999099999666214, 502825.348799999803305 ] } },
{ "type": "Feature", "properties": { "NOMBRE_EST": "COLEGIO ALMIRANTE PADILLA (IED)", "NOMBRE_SED": "VILLA NELLY", "ORDEN_DE_S": "B", "DIRECCION": "TV 1 B ESTE # 76 A - 36 SUR", "DISCAPACID": "INTELECTUAL-MULTIPLE", "TALENTOS_O": "TALENTO EXCEPCIONAL EN ACTIVIDAD FISICA, EJERCICIO Y DEPORTE", "GRUPOS_ETN": "INDIGENAS-NEGRITUDES", "SECTOR": 2, "NATU_JUR": 9, "CALENDARIO": 1, "GENERO": 5, "COD_LOCA": "05", "ESPECIALID": 13, "CLASE_TIPO": 1, "BILINGUE": 5, "FECHA": "2024-04-30", "DANE12_EST": "111850001428", "DANE12_SED": "111001106798", "DA_HIPOACU": 0, "DA_SORDERA": 0, "DA_LENGUAS": 0, "DA_UCASTEL": 0, "DISCAP_FIS": 0, "DISCAP_FLE": 0, "DISCAP_PCE": 0, "DI_DCOGNIT": 1, "DI_SDOWN": 0, "DIS_MULTIP": 2, "DIS_PSICOS": 0, "DV_BAJAVIS": 0, "DIS_CEGUER": 0, "T_ESPECTRO": 0, "T_VOZ_Y_HA": 0, "SISTEMICA": 0, "SORDOCEGUE": 0, "OTRA": 0, "TOT_EST_MA": 3, "AFRODESCEN": 1, "INDIGENAS": 1, "NEGRITUDES": 0, "PALENQUERO": 0, "RAIZALES": 0, "ROM": 0, "TOT_EST_ET": 2, "CAPACID_EX": 0, "DOBLE_EXCE": 0, "TE_ACTFISI": 0, "TE_ARTES": 0, "TE_CNATUR": 0, "TE_CSOCIAL": 0, "TE_LDSOCIA": 0, "TE_TECNOLO": 0, "TOT_EST_CA": 0, "TMATRIC_GE": 217, "Zona": 1 }, "geometry": { "type": "Point", "coordinates": [ -8250241.266100000590086, 502855.998700000345707 ] } },
{ "type": "Feature", "properties": { "NOMBRE_EST": "COLEGIO ALMIRANTE PADILLA (IED)", "NOMBRE_SED": "ALMIRANTE PADILLA PRIMARIA", "ORDEN_DE_S": "C", "DIRECCION": "CL 76 B SUR # 1 A - 73 ESTE", "DISCAPACID": "INTELECTUAL", "TALENTOS_O": null, "GRUPOS_ETN": "AFRODESCENDIENTES-INDIGENAS-NEGRITUDES", "SECTOR": 2, "NATU_JUR": 9, "CALENDARIO": 1, "GENERO": 5, "COD_LOCA": "05", "ESPECIALID": 13, "CLASE_TIPO": 1, "BILINGUE": 5, "FECHA": "2024-04-30", "DANE12_EST": "111850001428", "DANE12_SED": "111001106801", "DA_HIPOACU": 0, "DA_SORDERA": 0, "DA_LENGUAS": 0, "DA_UCASTEL": 0, "DISCAP_FIS": 0, "DISCAP_FLE": 0, "DISCAP_PCE": 0, "DI_DCOGNIT": 1, "DI_SDOWN": 0, "DIS_MULTIP": 0, "DIS_PSICOS": 0, "DV_BAJAVIS": 0, "DIS_CEGUER": 0, "T_ESPECTRO": 0, "T_VOZ_Y_HA": 0, "SISTEMICA": 0, "SORDOCEGUE": 0, "OTRA": 0, "TOT_EST_MA": 1, "AFRODESCEN": 6, "INDIGENAS": 3, "NEGRITUDES": 2, "PALENQUERO": 0, "RAIZALES": 0, "ROM": 0, "TOT_EST_ET": 11, "CAPACID_EX": 0, "DOBLE_EXCE": 0, "TE_ACTFISI": 0, "TE_ARTES": 0, "TE_CNATUR": 0, "TE_CSOCIAL": 0, "TE_LDSOCIA": 0, "TE_TECNOLO": 0, "TOT_EST_CA": 0, "TMATRIC_GE": 268, "Zona": 1 }, "geometry": { "type": "Point", "coordinates": [ -8250277.925799999386072, 502757.415399998426437 ] } },
{ "type": "Feature", "properties": { "NOMBRE_EST": "COLEGIO LOS TEJARES (IED)", "NOMBRE_SED": "LOS TEJARES", "ORDEN_DE_S": "A", "DIRECCION": "CL 79 SUR # 3 - 48 ESTE", "DISCAPACID": "AUDITIVA-INTELECTUAL-MULTIPLE", "TALENTOS_O": "TALENTO EXCEPCIONAL EN ARTES Y LETRAS", "GRUPOS_ETN": "AFRODESCENDIENTES-INDIGENAS-NEGRITUDES", "SECTOR": 2, "NATU_JUR": 9, "CALENDARIO": 1, "GENERO": 5, "COD_LOCA": "05", "ESPECIALID": 1, "CLASE_TIPO": 1, "BILINGUE": 5, "FECHA": "2024-04-30", "DANE12_EST": "111850001461", "DANE12_SED": "111850001461", "DA_HIPOACU": 0, "DA_SORDERA": 0, "DA_LENGUAS": 0, "DA_UCASTEL": 0, "DISCAP_FIS": 0, "DISCAP_FLE": 0, "DISCAP_PCE": 0, "DI_DCOGNIT": 47, "DI_SDOWN": 0, "DIS_MULTIP": 5, "DIS_PSICOS": 0, "DV_BAJAVIS": 0, "DIS_CEGUER": 0, "T_ESPECTRO": 0, "T_VOZ_Y_HA": 0, "SISTEMICA": 0, "SORDOCEGUE": 0, "OTRA": 0, "TOT_EST_MA": 53, "AFRODESCEN": 12, "INDIGENAS": 5, "NEGRITUDES": 6, "PALENQUERO": 0, "RAIZALES": 0, "ROM": 0, "TOT_EST_ET": 23, "CAPACID_EX": 0, "DOBLE_EXCE": 0, "TE_ACTFISI": 0, "TE_ARTES": 0, "TE_CNATUR": 0, "TE_CSOCIAL": 0, "TE_LDSOCIA": 0, "TE_TECNOLO": 0, "TOT_EST_CA": 0, "TMATRIC_GE": 791, "Zona": 1 }, "geometry": { "type": "Point", "coordinates": [ -8249136.569299999624491, 502661.416000001132488 ] } },
{ "type": "Feature", "properties": { "NOMBRE_EST": "COLEGIO LOS TEJARES (IED)", "NOMBRE_SED": "EL CURUBO", "ORDEN_DE_S": "B", "DIRECCION": "CL 79 SUR # 5 F - 50 ESTE", "DISCAPACID": "INTELECTUAL", "TALENTOS_O": "TALENTO EXCEPCIONAL EN LIDERAZGO SOCIAL Y EMPRENDIMIENTO", "GRUPOS_ETN": "AFRODESCENDIENTES-INDIGENAS-NEGRITUDES", "SECTOR": 2, "NATU_JUR": 9, "CALENDARIO": 1, "GENERO": 5, "COD_LOCA": "05", "ESPECIALID": 13, "CLASE_TIPO": 1, "BILINGUE": 5, "FECHA": "2024-04-30", "DANE12_EST": "111850001461", "DANE12_SED": "111001096601", "DA_HIPOACU": 0, "DA_SORDERA": 0, "DA_LENGUAS": 0, "DA_UCASTEL": 0, "DISCAP_FIS": 0, "DISCAP_FLE": 0, "DISCAP_PCE": 0, "DI_DCOGNIT": 6, "DI_SDOWN": 0, "DIS_MULTIP": 1, "DIS_PSICOS": 0, "DV_BAJAVIS": 0, "DIS_CEGUER": 0, "T_ESPECTRO": 0, "T_VOZ_Y_HA": 0, "SISTEMICA": 0, "SORDOCEGUE": 0, "OTRA": 0, "TOT_EST_MA": 7, "AFRODESCEN": 6, "INDIGENAS": 0, "NEGRITUDES": 1, "PALENQUERO": 0, "RAIZALES": 0, "ROM": 0, "TOT_EST_ET": 7, "CAPACID_EX": 0, "DOBLE_EXCE": 0, "TE_ACTFISI": 0, "TE_ARTES": 0, "TE_CNATUR": 0, "TE_CSOCIAL": 0, "TE_LDSOCIA": 0, "TE_TECNOLO": 0, "TOT_EST_CA": 0, "TMATRIC_GE": 147, "Zona": 1 }, "geometry": { "type": "Point", "coordinates": [ -8249138.280300000682473, 502669.034099999815226 ] } },
{ "type": "Feature", "properties": { "NOMBRE_EST": "COLEGIO FEDERICO GARCIA LORCA (IED)", "NOMBRE_SED": "FEDERICO GARCIA LORCA", "ORDEN_DE_S": "A", "DIRECCION": "KR 5 # 83 - 3 SUR", "DISCAPACID": "AUDITIVA-FISICA-INTELECTUAL-MULTIPLE-SORDOCEGUERA", "TALENTOS_O": "CAPACIDADES EXCEPCIONALES-TALENTO EXCEPCIONAL EN ACTIVIDAD FISICA, EJERCICIO Y DEPORTE-TALENTO EXCEPCIONAL EN LIDERAZGO SOCIAL Y EMPRENDIMIENTO", "GRUPOS_ETN": "AFRODESCENDIENTES-INDIGENAS-NEGRITUDES", "SECTOR": 2, "NATU_JUR": 9, "CALENDARIO": 1, "GENERO": 5, "COD_LOCA": "05", "ESPECIALID": 1, "CLASE_TIPO": 1, "BILINGUE": 5, "FECHA": "2024-04-30", "DANE12_EST": "111850001576", "DANE12_SED": "111850001576", "DA_HIPOACU": 29, "DA_SORDERA": 0, "DA_LENGUAS": 0, "DA_UCASTEL": 0, "DISCAP_FIS": 1, "DISCAP_FLE": 0, "DISCAP_PCE": 0, "DI_DCOGNIT": 15, "DI_SDOWN": 0, "DIS_MULTIP": 11, "DIS_PSICOS": 0, "DV_BAJAVIS": 0, "DIS_CEGUER": 0, "T_ESPECTRO": 0, "T_VOZ_Y_HA": 0, "SISTEMICA": 0, "SORDOCEGUE": 0, "OTRA": 0, "TOT_EST_MA": 56, "AFRODESCEN": 8, "INDIGENAS": 3, "NEGRITUDES": 11, "PALENQUERO": 0, "RAIZALES": 0, "ROM": 0, "TOT_EST_ET": 22, "CAPACID_EX": 0, "DOBLE_EXCE": 0, "TE_ACTFISI": 0, "TE_ARTES": 0, "TE_CNATUR": 0, "TE_CSOCIAL": 0, "TE_LDSOCIA": 0, "TE_TECNOLO": 0, "TOT_EST_CA": 0, "TMATRIC_GE": 1074, "Zona": 1 }, "geometry": { "type": "Point", "coordinates": [ -8249566.058800000697374, 502254.352600000798702 ] } },
{ "type": "Feature", "properties": { "NOMBRE_EST": "COLEGIO FEDERICO GARCIA LORCA (IED)", "NOMBRE_SED": "BETANIA", "ORDEN_DE_S": "B", "DIRECCION": "CL 80 A SUR # 5 - 15", "DISCAPACID": "AUDITIVA-FISICA-INTELECTUAL-MULTIPLE", "TALENTOS_O": "TALENTO EXCEPCIONAL EN ACTIVIDAD FISICA, EJERCICIO Y DEPORTE-TALENTO EXCEPCIONAL EN TECNOLOGIA", "GRUPOS_ETN": "AFRODESCENDIENTES-INDIGENAS-NEGRITUDES", "SECTOR": 2, "NATU_JUR": 9, "CALENDARIO": 1, "GENERO": 5, "COD_LOCA": "05", "ESPECIALID": 13, "CLASE_TIPO": 1, "BILINGUE": 5, "FECHA": "2024-04-30", "DANE12_EST": "111850001576", "DANE12_SED": "211850000159", "DA_HIPOACU": 15, "DA_SORDERA": 0, "DA_LENGUAS": 0, "DA_UCASTEL": 0, "DISCAP_FIS": 7, "DISCAP_FLE": 0, "DISCAP_PCE": 0, "DI_DCOGNIT": 15, "DI_SDOWN": 0, "DIS_MULTIP": 11, "DIS_PSICOS": 0, "DV_BAJAVIS": 0, "DIS_CEGUER": 0, "T_ESPECTRO": 0, "T_VOZ_Y_HA": 0, "SISTEMICA": 0, "SORDOCEGUE": 0, "OTRA": 0, "TOT_EST_MA": 48, "AFRODESCEN": 11, "INDIGENAS": 8, "NEGRITUDES": 5, "PALENQUERO": 0, "RAIZALES": 0, "ROM": 0, "TOT_EST_ET": 24, "CAPACID_EX": 0, "DOBLE_EXCE": 0, "TE_ACTFISI": 0, "TE_ARTES": 0, "TE_CNATUR": 0, "TE_CSOCIAL": 0, "TE_LDSOCIA": 0, "TE_TECNOLO": 0, "TOT_EST_CA": 0, "TMATRIC_GE": 1227, "Zona": 1 }, "geometry": { "type": "Point", "coordinates": [ -8249660.114900000393391, 502493.343100000172853 ] } },
{ "type": "Feature", "properties": { "NOMBRE_EST": "COLEGIO GABRIEL GARCIA MARQUEZ (IED)", "NOMBRE_SED": "GABRIEL GARCIA MARQUEZ", "ORDEN_DE_S": "A", "DIRECCION": "CL 83 SUR # 13 - 33 ESTE", "DISCAPACID": "FISICA-INTELECTUAL-MENTAL/PSICOSOCIAL-MULTIPLE-VISUAL", "TALENTOS_O": "CAPACIDADES EXCEPCIONALES-TALENTO EXCEPCIONAL EN ARTES Y LETRAS-TALENTO EXCEPCIONAL EN CIENCIAS SOCIALES O HUMANAS", "GRUPOS_ETN": "AFRODESCENDIENTES-INDIGENAS-NEGRITUDES", "SECTOR": 2, "NATU_JUR": 9, "CALENDARIO": 1, "GENERO": 5, "COD_LOCA": "05", "ESPECIALID": 1, "CLASE_TIPO": 1, "BILINGUE": 5, "FECHA": "2024-04-30", "DANE12_EST": "211001032501", "DANE12_SED": "211001032501", "DA_HIPOACU": 0, "DA_SORDERA": 0, "DA_LENGUAS": 0, "DA_UCASTEL": 0, "DISCAP_FIS": 2, "DISCAP_FLE": 0, "DISCAP_PCE": 0, "DI_DCOGNIT": 44, "DI_SDOWN": 0, "DIS_MULTIP": 3, "DIS_PSICOS": 4, "DV_BAJAVIS": 1, "DIS_CEGUER": 0, "T_ESPECTRO": 0, "T_VOZ_Y_HA": 0, "SISTEMICA": 0, "SORDOCEGUE": 0, "OTRA": 0, "TOT_EST_MA": 55, "AFRODESCEN": 2, "INDIGENAS": 13, "NEGRITUDES": 7, "PALENQUERO": 0, "RAIZALES": 0, "ROM": 0, "TOT_EST_ET": 22, "CAPACID_EX": 0, "DOBLE_EXCE": 0, "TE_ACTFISI": 0, "TE_ARTES": 0, "TE_CNATUR": 0, "TE_CSOCIAL": 0, "TE_LDSOCIA": 0, "TE_TECNOLO": 0, "TOT_EST_CA": 0, "TMATRIC_GE": 1161, "Zona": 5 }, "geometry": { "type": "Point", "coordinates": [ -8247988.8542, 502473.929299999028444 ] } },
{ "type": "Feature", "properties": { "NOMBRE_EST": "COLEGIO RURAL LA UNION USME (CED)", "NOMBRE_SED": "RURAL LA UNION USME", "ORDEN_DE_S": "A", "DIRECCION": "KM 22 VIA USME SAN JUAN DE SUMAPAZ", "DISCAPACID": null, "TALENTOS_O": null, "GRUPOS_ETN": null, "SECTOR": 2, "NATU_JUR": 9, "CALENDARIO": 1, "GENERO": 5, "COD_LOCA": "05", "ESPECIALID": 13, "CLASE_TIPO": 1, "BILINGUE": 5, "FECHA": "2024-04-30", "DANE12_EST": "211850000043", "DANE12_SED": "211850000043", "DA_HIPOACU": 0, "DA_SORDERA": 0, "DA_LENGUAS": 0, "DA_UCASTEL": 0, "DISCAP_FIS": 0, "DISCAP_FLE": 0, "DISCAP_PCE": 0, "DI_DCOGNIT": 0, "DI_SDOWN": 0, "DIS_MULTIP": 0, "DIS_PSICOS": 0, "DV_BAJAVIS": 0, "DIS_CEGUER": 0, "T_ESPECTRO": 0, "T_VOZ_Y_HA": 0, "SISTEMICA": 0, "SORDOCEGUE": 0, "OTRA": 0, "TOT_EST_MA": 0, "AFRODESCEN": 0, "INDIGENAS": 0, "NEGRITUDES": 0, "PALENQUERO": 0, "RAIZALES": 0, "ROM": 0, "TOT_EST_ET": 0, "CAPACID_EX": 0, "DOBLE_EXCE": 0, "TE_ACTFISI": 0, "TE_ARTES": 0, "TE_CNATUR": 0, "TE_CSOCIAL": 0, "TE_LDSOCIA": 0, "TE_TECNOLO": 0, "TOT_EST_CA": 0, "TMATRIC_GE": 10, "Zona": 2 }, "geometry": { "type": "Point", "coordinates": [ -8258075.758199999108911, 483964.905799999833107 ] } },
{ "type": "Feature", "properties": { "NOMBRE_EST": "COLEGIO GRAN YOMASA (IED)", "NOMBRE_SED": "GRAN YOMASA", "ORDEN_DE_S": "A", "DIRECCION": "CL 81 C SUR # 2 BIS - 00 ESTE", "DISCAPACID": "AUDITIVA-FISICA-INTELECTUAL-MENTAL/PSICOSOCIAL-MULTIPLE-SORDOCEGUERA-VISUAL", "TALENTOS_O": "CAPACIDADES EXCEPCIONALES-TALENTO EXCEPCIONAL EN ACTIVIDAD FISICA, EJERCICIO Y DEPORTE-TALENTO EXCEPCIONAL EN ARTES Y LETRAS", "GRUPOS_ETN": "AFRODESCENDIENTES-INDIGENAS-NEGRITUDES", "SECTOR": 2, "NATU_JUR": 9, "CALENDARIO": 1, "GENERO": 5, "COD_LOCA": "05", "ESPECIALID": 1, "CLASE_TIPO": 1, "BILINGUE": 5, "FECHA": "2024-04-30", "DANE12_EST": "211850000051", "DANE12_SED": "211850000051", "DA_HIPOACU": 3, "DA_SORDERA": 0, "DA_LENGUAS": 0, "DA_UCASTEL": 0, "DISCAP_FIS": 6, "DISCAP_FLE": 0, "DISCAP_PCE": 0, "DI_DCOGNIT": 50, "DI_SDOWN": 0, "DIS_MULTIP": 20, "DIS_PSICOS": 5, "DV_BAJAVIS": 10, "DIS_CEGUER": 0, "T_ESPECTRO": 0, "T_VOZ_Y_HA": 0, "SISTEMICA": 0, "SORDOCEGUE": 5, "OTRA": 0, "TOT_EST_MA": 99, "AFRODESCEN": 17, "INDIGENAS": 8, "NEGRITUDES": 9, "PALENQUERO": 0, "RAIZALES": 0, "ROM": 0, "TOT_EST_ET": 34, "CAPACID_EX": 3, "DOBLE_EXCE": 1, "TE_ACTFISI": 0, "TE_ARTES": 0, "TE_CNATUR": 0, "TE_CSOCIAL": 2, "TE_LDSOCIA": 2, "TE_TECNOLO": 0, "TOT_EST_CA": 3, "TMATRIC_GE": 1612, "Zona": 1 }, "geometry": { "type": "Point", "coordinates": [ -8249840.659499999135733, 502364.839999999850988 ] } },
{ "type": "Feature", "properties": { "NOMBRE_EST": "COLEGIO RURAL OLARTE (CED)", "NOMBRE_SED": "RURAL OLARTE", "ORDEN_DE_S": "A", "DIRECCION": "KM 3.5 VIA USME SAN JUAN DE SUMAPAZ", "DISCAPACID": "INTELECTUAL", "TALENTOS_O": null, "GRUPOS_ETN": "INDIGENAS", "SECTOR": 2, "NATU_JUR": 9, "CALENDARIO": 1, "GENERO": 5, "COD_LOCA": "05", "ESPECIALID": 13, "CLASE_TIPO": 1, "BILINGUE": 5, "FECHA": "2024-04-30", "DANE12_EST": "211850000108", "DANE12_SED": "211850000108", "DA_HIPOACU": 0, "DA_SORDERA": 0, "DA_LENGUAS": 0, "DA_UCASTEL": 0, "DISCAP_FIS": 0, "DISCAP_FLE": 0, "DISCAP_PCE": 0, "DI_DCOGNIT": 5, "DI_SDOWN": 0, "DIS_MULTIP": 0, "DIS_PSICOS": 0, "DV_BAJAVIS": 0, "DIS_CEGUER": 0, "T_ESPECTRO": 0, "T_VOZ_Y_HA": 0, "SISTEMICA": 0, "SORDOCEGUE": 0, "OTRA": 0, "TOT_EST_MA": 5, "AFRODESCEN": 1, "INDIGENAS": 1, "NEGRITUDES": 0, "PALENQUERO": 0, "RAIZALES": 0, "ROM": 0, "TOT_EST_ET": 2, "CAPACID_EX": 1, "DOBLE_EXCE": 0, "TE_ACTFISI": 1, "TE_ARTES": 0, "TE_CNATUR": 0, "TE_CSOCIAL": 0, "TE_LDSOCIA": 0, "TE_TECNOLO": 0, "TOT_EST_CA": 1, "TMATRIC_GE": 171, "Zona": 2 }, "geometry": { "type": "Point", "coordinates": [ -8252639.4386, 494889.83669999986887 ] } },
{ "type": "Feature", "properties": { "NOMBRE_EST": "COLEGIO RURAL LOS ANDES (CED)", "NOMBRE_SED": "RURAL LOS ANDES", "ORDEN_DE_S": "A", "DIRECCION": "KM 15 VIA USME SAN JUAN DE SUMAPAZ", "DISCAPACID": null, "TALENTOS_O": null, "GRUPOS_ETN": null, "SECTOR": 2, "NATU_JUR": 9, "CALENDARIO": 1, "GENERO": 5, "COD_LOCA": "05", "ESPECIALID": 13, "CLASE_TIPO": 1, "BILINGUE": 5, "FECHA": "2024-04-30", "DANE12_EST": "211850000698", "DANE12_SED": "211850000698", "DA_HIPOACU": 0, "DA_SORDERA": 0, "DA_LENGUAS": 0, "DA_UCASTEL": 0, "DISCAP_FIS": 0, "DISCAP_FLE": 0, "DISCAP_PCE": 0, "DI_DCOGNIT": 0, "DI_SDOWN": 0, "DIS_MULTIP": 0, "DIS_PSICOS": 0, "DV_BAJAVIS": 0, "DIS_CEGUER": 0, "T_ESPECTRO": 0, "T_VOZ_Y_HA": 0, "SISTEMICA": 0, "SORDOCEGUE": 0, "OTRA": 0, "TOT_EST_MA": 0, "AFRODESCEN": 0, "INDIGENAS": 0, "NEGRITUDES": 0, "PALENQUERO": 0, "RAIZALES": 0, "ROM": 0, "TOT_EST_ET": 0, "CAPACID_EX": 0, "DOBLE_EXCE": 0, "TE_ACTFISI": 0, "TE_ARTES": 0, "TE_CNATUR": 0, "TE_CSOCIAL": 0, "TE_LDSOCIA": 0, "TE_TECNOLO": 0, "TOT_EST_CA": 0, "TMATRIC_GE": 6, "Zona": 2 }, "geometry": { "type": "Point", "coordinates": [ -8256080.468800000846386, 485118.570500001311302 ] } },
{ "type": "Feature", "properties": { "NOMBRE_EST": "COLEGIO RURAL LOS ARRAYANES (CED)", "NOMBRE_SED": "RURAL LOS ARRAYANES", "ORDEN_DE_S": "A", "DIRECCION": "KM 14 VIA SAN JUAN DE SUMAPAZ", "DISCAPACID": "INTELECTUAL", "TALENTOS_O": "TALENTO EXCEPCIONAL EN ARTES Y LETRAS", "GRUPOS_ETN": null, "SECTOR": 2, "NATU_JUR": 9, "CALENDARIO": 1, "GENERO": 5, "COD_LOCA": "05", "ESPECIALID": 13, "CLASE_TIPO": 1, "BILINGUE": 5, "FECHA": "2024-04-30", "DANE12_EST": "211850000710", "DANE12_SED": "211850000710", "DA_HIPOACU": 0, "DA_SORDERA": 0, "DA_LENGUAS": 0, "DA_UCASTEL": 0, "DISCAP_FIS": 0, "DISCAP_FLE": 0, "DISCAP_PCE": 0, "DI_DCOGNIT": 0, "DI_SDOWN": 0, "DIS_MULTIP": 0, "DIS_PSICOS": 0, "DV_BAJAVIS": 0, "DIS_CEGUER": 0, "T_ESPECTRO": 0, "T_VOZ_Y_HA": 0, "SISTEMICA": 0, "SORDOCEGUE": 0, "OTRA": 0, "TOT_EST_MA": 0, "AFRODESCEN": 0, "INDIGENAS": 0, "NEGRITUDES": 0, "PALENQUERO": 0, "RAIZALES": 0, "ROM": 0, "TOT_EST_ET": 0, "CAPACID_EX": 0, "DOBLE_EXCE": 0, "TE_ACTFISI": 0, "TE_ARTES": 0, "TE_CNATUR": 0, "TE_CSOCIAL": 0, "TE_LDSOCIA": 0, "TE_TECNOLO": 0, "TOT_EST_CA": 0, "TMATRIC_GE": 25, "Zona": 2 }, "geometry": { "type": "Point", "coordinates": [ -8253273.616800000891089, 486169.472300000488758 ] } },
{ "type": "Feature", "properties": { "NOMBRE_EST": "COLEGIO RURAL LA ARGENTINA (CED)", "NOMBRE_SED": "RURAL LA ARGENTINA", "ORDEN_DE_S": "A", "DIRECCION": "KM 12 VIA USME SAN JUAN DE SUMAPAZ", "DISCAPACID": "-INTELECTUAL-", "TALENTOS_O": "-TALENTO EXCEPCIONAL EN ARTES O LETRAS-", "GRUPOS_ETN": null, "SECTOR": 2, "NATU_JUR": 9, "CALENDARIO": 1, "GENERO": 5, "COD_LOCA": "05", "ESPECIALID": 13, "CLASE_TIPO": 1, "BILINGUE": 5, "FECHA": "2024-04-30", "DANE12_EST": "211850000736", "DANE12_SED": "211850000736", "DA_HIPOACU": 0, "DA_SORDERA": 0, "DA_LENGUAS": 0, "DA_UCASTEL": 0, "DISCAP_FIS": 0, "DISCAP_FLE": 0, "DISCAP_PCE": 0, "DI_DCOGNIT": 0, "DI_SDOWN": 0, "DIS_MULTIP": 0, "DIS_PSICOS": 0, "DV_BAJAVIS": 0, "DIS_CEGUER": 0, "T_ESPECTRO": 0, "T_VOZ_Y_HA": 0, "SISTEMICA": 0, "SORDOCEGUE": 0, "OTRA": 0, "TOT_EST_MA": 0, "AFRODESCEN": 0, "INDIGENAS": 0, "NEGRITUDES": 0, "PALENQUERO": 0, "RAIZALES": 0, "ROM": 0, "TOT_EST_ET": 0, "CAPACID_EX": 0, "DOBLE_EXCE": 0, "TE_ACTFISI": 0, "TE_ARTES": 0, "TE_CNATUR": 0, "TE_CSOCIAL": 0, "TE_LDSOCIA": 0, "TE_TECNOLO": 0, "TOT_EST_CA": 0, "TMATRIC_GE": 45, "Zona": 2 }, "geometry": { "type": "Point", "coordinates": [ -8254161.836100000888109, 488720.474399998784065 ] } },
{ "type": "Feature", "properties": { "NOMBRE_EST": "COLEGIO TENERIFE - GRANADA SUR (IED)", "NOMBRE_SED": "TENERIFE", "ORDEN_DE_S": "A", "DIRECCION": "KR 2 # 91 - 14 SUR", "DISCAPACID": "INTELECTUAL-MENTAL/PSICOSOCIAL-MULTIPLE-VISUAL", "TALENTOS_O": "CAPACIDADES EXCEPCIONALES-TALENTO EXCEPCIONAL EN ACTIVIDAD FISICA, EJERCICIO Y DEPORTE-TALENTO EXCEPCIONAL EN ARTES Y LETRAS-TALENTO EXCEPCIONAL EN LIDERAZGO SOCIAL Y EMPRENDIMIENTO", "GRUPOS_ETN": "AFRODESCENDIENTES-INDIGENAS-NEGRITUDES", "SECTOR": 2, "NATU_JUR": 9, "CALENDARIO": 1, "GENERO": 5, "COD_LOCA": "05", "ESPECIALID": 1, "CLASE_TIPO": 1, "BILINGUE": 5, "FECHA": "2024-04-30", "DANE12_EST": "211850000787", "DANE12_SED": "211850000787", "DA_HIPOACU": 0, "DA_SORDERA": 0, "DA_LENGUAS": 0, "DA_UCASTEL": 0, "DISCAP_FIS": 0, "DISCAP_FLE": 0, "DISCAP_PCE": 0, "DI_DCOGNIT": 12, "DI_SDOWN": 0, "DIS_MULTIP": 2, "DIS_PSICOS": 3, "DV_BAJAVIS": 3, "DIS_CEGUER": 0, "T_ESPECTRO": 0, "T_VOZ_Y_HA": 0, "SISTEMICA": 0, "SORDOCEGUE": 0, "OTRA": 0, "TOT_EST_MA": 20, "AFRODESCEN": 6, "INDIGENAS": 5, "NEGRITUDES": 3, "PALENQUERO": 0, "RAIZALES": 0, "ROM": 0, "TOT_EST_ET": 14, "CAPACID_EX": 1, "DOBLE_EXCE": 0, "TE_ACTFISI": 1, "TE_ARTES": 0, "TE_CNATUR": 0, "TE_CSOCIAL": 0, "TE_LDSOCIA": 0, "TE_TECNOLO": 0, "TOT_EST_CA": 1, "TMATRIC_GE": 969, "Zona": 1 }, "geometry": { "type": "Point", "coordinates": [ -8249643.9858, 501301.129599999636412 ] } },
{ "type": "Feature", "properties": { "NOMBRE_EST": "COLEGIO TENERIFE - GRANADA SUR (IED)", "NOMBRE_SED": "GRANADA SUR", "ORDEN_DE_S": "B", "DIRECCION": "CL 73 C SUR # 14 W - 03", "DISCAPACID": "FISICA-INTELECTUAL", "TALENTOS_O": "CAPACIDADES EXCEPCIONALES", "GRUPOS_ETN": "NEGRITUDES", "SECTOR": 2, "NATU_JUR": 9, "CALENDARIO": 1, "GENERO": 5, "COD_LOCA": "05", "ESPECIALID": 13, "CLASE_TIPO": 1, "BILINGUE": 5, "FECHA": "2024-04-30", "DANE12_EST": "211850000787", "DANE12_SED": "111001096571", "DA_HIPOACU": 0, "DA_SORDERA": 0, "DA_LENGUAS": 0, "DA_UCASTEL": 0, "DISCAP_FIS": 1, "DISCAP_FLE": 0, "DISCAP_PCE": 0, "DI_DCOGNIT": 2, "DI_SDOWN": 0, "DIS_MULTIP": 0, "DIS_PSICOS": 0, "DV_BAJAVIS": 0, "DIS_CEGUER": 0, "T_ESPECTRO": 0, "T_VOZ_Y_HA": 0, "SISTEMICA": 0, "SORDOCEGUE": 0, "OTRA": 0, "TOT_EST_MA": 4, "AFRODESCEN": 2, "INDIGENAS": 0, "NEGRITUDES": 0, "PALENQUERO": 0, "RAIZALES": 0, "ROM": 0, "TOT_EST_ET": 2, "CAPACID_EX": 0, "DOBLE_EXCE": 0, "TE_ACTFISI": 0, "TE_ARTES": 0, "TE_CNATUR": 0, "TE_CSOCIAL": 0, "TE_LDSOCIA": 0, "TE_TECNOLO": 0, "TOT_EST_CA": 0, "TMATRIC_GE": 131, "Zona": 1 }, "geometry": { "type": "Point", "coordinates": [ -8251305.461500000208616, 503321.995099999010563 ] } },
{ "type": "Feature", "properties": { "NOMBRE_EST": "COLEGIO RURAL CHIZACA (CED)", "NOMBRE_SED": "RURAL CHIZACA", "ORDEN_DE_S": "A", "DIRECCION": "KM 24 VIA SAN JUAN DE SUMAPAZ", "DISCAPACID": null, "TALENTOS_O": null, "GRUPOS_ETN": null, "SECTOR": 2, "NATU_JUR": 9, "CALENDARIO": 1, "GENERO": 5, "COD_LOCA": "05", "ESPECIALID": 13, "CLASE_TIPO": 1, "BILINGUE": 5, "FECHA": "2024-04-30", "DANE12_EST": "211850000841", "DANE12_SED": "211850000841", "DA_HIPOACU": 0, "DA_SORDERA": 0, "DA_LENGUAS": 0, "DA_UCASTEL": 0, "DISCAP_FIS": 0, "DISCAP_FLE": 0, "DISCAP_PCE": 0, "DI_DCOGNIT": 0, "DI_SDOWN": 0, "DIS_MULTIP": 0, "DIS_PSICOS": 0, "DV_BAJAVIS": 0, "DIS_CEGUER": 0, "T_ESPECTRO": 0, "T_VOZ_Y_HA": 0, "SISTEMICA": 0, "SORDOCEGUE": 0, "OTRA": 0, "TOT_EST_MA": 0, "AFRODESCEN": 0, "INDIGENAS": 0, "NEGRITUDES": 0, "PALENQUERO": 0, "RAIZALES": 0, "ROM": 0, "TOT_EST_ET": 0, "CAPACID_EX": 0, "DOBLE_EXCE": 0, "TE_ACTFISI": 0, "TE_ARTES": 0, "TE_CNATUR": 0, "TE_CSOCIAL": 0, "TE_LDSOCIA": 0, "TE_TECNOLO": 0, "TOT_EST_CA": 0, "TMATRIC_GE": 6, "Zona": 2 }, "geometry": { "type": "Point", "coordinates": [ -8260267.785900000482798, 483528.857599999755621 ] } },
{ "type": "Feature", "properties": { "NOMBRE_EST": "COLEGIO RURAL EL CURUBITAL (CED)", "NOMBRE_SED": "RURAL EL CURUBITAL", "ORDEN_DE_S": "A", "DIRECCION": "KM 15 VIA USME SAN JUAN DE SUMAPAZ", "DISCAPACID": "INTELECTUAL", "TALENTOS_O": null, "GRUPOS_ETN": null, "SECTOR": 2, "NATU_JUR": 9, "CALENDARIO": 1, "GENERO": 5, "COD_LOCA": "05", "ESPECIALID": 13, "CLASE_TIPO": 1, "BILINGUE": 5, "FECHA": "2024-04-30", "DANE12_EST": "211850000868", "DANE12_SED": "211850000868", "DA_HIPOACU": 0, "DA_SORDERA": 0, "DA_LENGUAS": 0, "DA_UCASTEL": 0, "DISCAP_FIS": 0, "DISCAP_FLE": 0, "DISCAP_PCE": 0, "DI_DCOGNIT": 2, "DI_SDOWN": 0, "DIS_MULTIP": 0, "DIS_PSICOS": 0, "DV_BAJAVIS": 0, "DIS_CEGUER": 0, "T_ESPECTRO": 0, "T_VOZ_Y_HA": 0, "SISTEMICA": 0, "SORDOCEGUE": 0, "OTRA": 0, "TOT_EST_MA": 2, "AFRODESCEN": 0, "INDIGENAS": 0, "NEGRITUDES": 0, "PALENQUERO": 0, "RAIZALES": 0, "ROM": 0, "TOT_EST_ET": 0, "CAPACID_EX": 0, "DOBLE_EXCE": 0, "TE_ACTFISI": 0, "TE_ARTES": 0, "TE_CNATUR": 0, "TE_CSOCIAL": 0, "TE_LDSOCIA": 0, "TE_TECNOLO": 0, "TOT_EST_CA": 0, "TMATRIC_GE": 24, "Zona": 2 }, "geometry": { "type": "Point", "coordinates": [ -8252853.298900000751019, 484643.466400001198053 ] } },
{ "type": "Feature", "properties": { "NOMBRE_EST": "COLEGIO EL DESTINO (IED)", "NOMBRE_SED": "RURAL EL DESTINO", "ORDEN_DE_S": "A", "DIRECCION": "KM 8 VIA SAN JUAN DE SUMAPAZ", "DISCAPACID": "INTELECTUAL-VISUAL", "TALENTOS_O": null, "GRUPOS_ETN": "NEGRITUDES", "SECTOR": 2, "NATU_JUR": 9, "CALENDARIO": 1, "GENERO": 5, "COD_LOCA": "05", "ESPECIALID": 8, "CLASE_TIPO": 1, "BILINGUE": 5, "FECHA": "2024-04-30", "DANE12_EST": "211850000876", "DANE12_SED": "211850000876", "DA_HIPOACU": 0, "DA_SORDERA": 0, "DA_LENGUAS": 0, "DA_UCASTEL": 0, "DISCAP_FIS": 0, "DISCAP_FLE": 0, "DISCAP_PCE": 0, "DI_DCOGNIT": 19, "DI_SDOWN": 0, "DIS_MULTIP": 0, "DIS_PSICOS": 0, "DV_BAJAVIS": 2, "DIS_CEGUER": 0, "T_ESPECTRO": 0, "T_VOZ_Y_HA": 0, "SISTEMICA": 0, "SORDOCEGUE": 0, "OTRA": 0, "TOT_EST_MA": 21, "AFRODESCEN": 0, "INDIGENAS": 0, "NEGRITUDES": 0, "PALENQUERO": 0, "RAIZALES": 0, "ROM": 0, "TOT_EST_ET": 0, "CAPACID_EX": 0, "DOBLE_EXCE": 0, "TE_ACTFISI": 0, "TE_ARTES": 0, "TE_CNATUR": 0, "TE_CSOCIAL": 0, "TE_LDSOCIA": 0, "TE_TECNOLO": 0, "TOT_EST_CA": 0, "TMATRIC_GE": 485, "Zona": 2 }, "geometry": { "type": "Point", "coordinates": [ -8253049.693199999630451, 491193.006700001657009 ] } },
{ "type": "Feature", "properties": { "NOMBRE_EST": "COLEGIO RURAL EL HATO (CED)", "NOMBRE_SED": "RURAL EL HATO", "ORDEN_DE_S": "A", "DIRECCION": "KM 14 VIA USME SAN JUAN DE SUMAPAZ", "DISCAPACID": "-INTELECTUAL-", "TALENTOS_O": null, "GRUPOS_ETN": null, "SECTOR": 2, "NATU_JUR": 9, "CALENDARIO": 1, "GENERO": 5, "COD_LOCA": "05", "ESPECIALID": 13, "CLASE_TIPO": 1, "BILINGUE": 5, "FECHA": "2024-04-30", "DANE12_EST": "211850000884", "DANE12_SED": "211850000884", "DA_HIPOACU": 0, "DA_SORDERA": 0, "DA_LENGUAS": 0, "DA_UCASTEL": 0, "DISCAP_FIS": 0, "DISCAP_FLE": 0, "DISCAP_PCE": 0, "DI_DCOGNIT": 0, "DI_SDOWN": 0, "DIS_MULTIP": 0, "DIS_PSICOS": 0, "DV_BAJAVIS": 0, "DIS_CEGUER": 0, "T_ESPECTRO": 0, "T_VOZ_Y_HA": 0, "SISTEMICA": 0, "SORDOCEGUE": 0, "OTRA": 0, "TOT_EST_MA": 0, "AFRODESCEN": 0, "INDIGENAS": 0, "NEGRITUDES": 0, "PALENQUERO": 0, "RAIZALES": 0, "ROM": 0, "TOT_EST_ET": 0, "CAPACID_EX": 0, "DOBLE_EXCE": 0, "TE_ACTFISI": 0, "TE_ARTES": 0, "TE_CNATUR": 0, "TE_CSOCIAL": 0, "TE_LDSOCIA": 0, "TE_TECNOLO": 0, "TOT_EST_CA": 0, "TMATRIC_GE": 36, "Zona": 2 }, "geometry": { "type": "Point", "coordinates": [ -8255895.971200000494719, 488773.889800000935793 ] } },
{ "type": "Feature", "properties": { "NOMBRE_EST": "COLEGIO BRAZUELOS (IED)", "NOMBRE_SED": "BRAZUELOS", "ORDEN_DE_S": "A", "DIRECCION": "CL 104 SUR # 14 - 90", "DISCAPACID": "FISICA-INTELECTUAL-MULTIPLE", "TALENTOS_O": null, "GRUPOS_ETN": "AFRODESCENDIENTES-INDIGENAS-NEGRITUDES", "SECTOR": 2, "NATU_JUR": 9, "CALENDARIO": 1, "GENERO": 5, "COD_LOCA": "05", "ESPECIALID": 13, "CLASE_TIPO": 1, "BILINGUE": 5, "FECHA": "2024-04-30", "DANE12_EST": "211850000931", "DANE12_SED": "211850000931", "DA_HIPOACU": 0, "DA_SORDERA": 0, "DA_LENGUAS": 0, "DA_UCASTEL": 0, "DISCAP_FIS": 1, "DISCAP_FLE": 0, "DISCAP_PCE": 0, "DI_DCOGNIT": 12, "DI_SDOWN": 0, "DIS_MULTIP": 4, "DIS_PSICOS": 0, "DV_BAJAVIS": 0, "DIS_CEGUER": 0, "T_ESPECTRO": 0, "T_VOZ_Y_HA": 0, "SISTEMICA": 0, "SORDOCEGUE": 0, "OTRA": 0, "TOT_EST_MA": 17, "AFRODESCEN": 11, "INDIGENAS": 6, "NEGRITUDES": 3, "PALENQUERO": 0, "RAIZALES": 0, "ROM": 0, "TOT_EST_ET": 20, "CAPACID_EX": 2, "DOBLE_EXCE": 0, "TE_ACTFISI": 2, "TE_ARTES": 0, "TE_CNATUR": 0, "TE_CSOCIAL": 0, "TE_LDSOCIA": 0, "TE_TECNOLO": 0, "TOT_EST_CA": 2, "TMATRIC_GE": 746, "Zona": 1 }, "geometry": { "type": "Point", "coordinates": [ -8250986.855100000277162, 500889.012299999594688 ] } },
{ "type": "Feature", "properties": { "NOMBRE_EST": "COLEGIO EL UVAL (IED)", "NOMBRE_SED": "RURAL EL UVAL", "ORDEN_DE_S": "A", "DIRECCION": "KM 8 AUTO AL LLANO", "DISCAPACID": "FISICA-INTELECTUAL-MULTIPLE-VISUAL", "TALENTOS_O": "CAPACIDADES EXCEPCIONALES-TALENTO EXCEPCIONAL EN ACTIVIDAD FISICA, EJERCICIO Y DEPORTE-TALENTO EXCEPCIONAL EN LIDERAZGO SOCIAL Y EMPRENDIMIENTO", "GRUPOS_ETN": "INDIGENAS", "SECTOR": 2, "NATU_JUR": 9, "CALENDARIO": 1, "GENERO": 5, "COD_LOCA": "05", "ESPECIALID": 1, "CLASE_TIPO": 1, "BILINGUE": 5, "FECHA": "2024-04-30", "DANE12_EST": "211850000981", "DANE12_SED": "211850000981", "DA_HIPOACU": 0, "DA_SORDERA": 0, "DA_LENGUAS": 0, "DA_UCASTEL": 0, "DISCAP_FIS": 1, "DISCAP_FLE": 0, "DISCAP_PCE": 0, "DI_DCOGNIT": 28, "DI_SDOWN": 0, "DIS_MULTIP": 2, "DIS_PSICOS": 2, "DV_BAJAVIS": 0, "DIS_CEGUER": 0, "T_ESPECTRO": 0, "T_VOZ_Y_HA": 0, "SISTEMICA": 0, "SORDOCEGUE": 0, "OTRA": 0, "TOT_EST_MA": 33, "AFRODESCEN": 1, "INDIGENAS": 8, "NEGRITUDES": 0, "PALENQUERO": 0, "RAIZALES": 0, "ROM": 0, "TOT_EST_ET": 9, "CAPACID_EX": 0, "DOBLE_EXCE": 0, "TE_ACTFISI": 0, "TE_ARTES": 0, "TE_CNATUR": 0, "TE_CSOCIAL": 0, "TE_LDSOCIA": 0, "TE_TECNOLO": 0, "TOT_EST_CA": 0, "TMATRIC_GE": 721, "Zona": 5 }, "geometry": { "type": "Point", "coordinates": [ -8249358.619400000199676, 498951.530799999833107 ] } },
{ "type": "Feature", "properties": { "NOMBRE_EST": "COLEGIO RURAL LA MAYORIA (CED)", "NOMBRE_SED": "RURAL LA MAYORIA", "ORDEN_DE_S": "A", "DIRECCION": "KM 19 VIA SAN JUAN SUMAPAZ", "DISCAPACID": null, "TALENTOS_O": null, "GRUPOS_ETN": null, "SECTOR": 2, "NATU_JUR": 9, "CALENDARIO": 1, "GENERO": 5, "COD_LOCA": "05", "ESPECIALID": 13, "CLASE_TIPO": 1, "BILINGUE": 5, "FECHA": "2024-04-30", "DANE12_EST": "211850001007", "DANE12_SED": "211850001007", "DA_HIPOACU": 0, "DA_SORDERA": 0, "DA_LENGUAS": 0, "DA_UCASTEL": 0, "DISCAP_FIS": 0, "DISCAP_FLE": 0, "DISCAP_PCE": 0, "DI_DCOGNIT": 0, "DI_SDOWN": 0, "DIS_MULTIP": 1, "DIS_PSICOS": 0, "DV_BAJAVIS": 0, "DIS_CEGUER": 0, "T_ESPECTRO": 0, "T_VOZ_Y_HA": 0, "SISTEMICA": 0, "SORDOCEGUE": 0, "OTRA": 0, "TOT_EST_MA": 1, "AFRODESCEN": 0, "INDIGENAS": 0, "NEGRITUDES": 0, "PALENQUERO": 0, "RAIZALES": 0, "ROM": 0, "TOT_EST_ET": 0, "CAPACID_EX": 0, "DOBLE_EXCE": 0, "TE_ACTFISI": 0, "TE_ARTES": 0, "TE_CNATUR": 0, "TE_CSOCIAL": 0, "TE_LDSOCIA": 0, "TE_TECNOLO": 0, "TOT_EST_CA": 0, "TMATRIC_GE": 39, "Zona": 2 }, "geometry": { "type": "Point", "coordinates": [ -8258551.598899999633431, 487002.924100000411272 ] } },
{ "type": "Feature", "properties": { "NOMBRE_EST": "COLEGIO RURAL LAS MERCEDES (CED)", "NOMBRE_SED": "RURAL LAS MERCEDES", "ORDEN_DE_S": "A", "DIRECCION": "KM 17 VIA USME SAN JUAN SUMAPAZ", "DISCAPACID": null, "TALENTOS_O": null, "GRUPOS_ETN": null, "SECTOR": 2, "NATU_JUR": 9, "CALENDARIO": 1, "GENERO": 5, "COD_LOCA": "19", "ESPECIALID": 13, "CLASE_TIPO": 1, "BILINGUE": 5, "FECHA": "2024-04-30", "DANE12_EST": "211850001074", "DANE12_SED": "211850001074", "DA_HIPOACU": 0, "DA_SORDERA": 0, "DA_LENGUAS": 0, "DA_UCASTEL": 0, "DISCAP_FIS": 0, "DISCAP_FLE": 0, "DISCAP_PCE": 0, "DI_DCOGNIT": 0, "DI_SDOWN": 0, "DIS_MULTIP": 0, "DIS_PSICOS": 0, "DV_BAJAVIS": 0, "DIS_CEGUER": 0, "T_ESPECTRO": 0, "T_VOZ_Y_HA": 0, "SISTEMICA": 0, "SORDOCEGUE": 0, "OTRA": 0, "TOT_EST_MA": 0, "AFRODESCEN": 0, "INDIGENAS": 0, "NEGRITUDES": 0, "PALENQUERO": 0, "RAIZALES": 0, "ROM": 0, "TOT_EST_ET": 0, "CAPACID_EX": 0, "DOBLE_EXCE": 0, "TE_ACTFISI": 0, "TE_ARTES": 0, "TE_CNATUR": 0, "TE_CSOCIAL": 0, "TE_LDSOCIA": 0, "TE_TECNOLO": 0, "TOT_EST_CA": 0, "TMATRIC_GE": 22, "Zona": 2 }, "geometry": { "type": "Point", "coordinates": [ -8257259.299900000914931, 489422.214899998158216 ] } },
{ "type": "Feature", "properties": { "NOMBRE_EST": "COLEGIO FABIO LOZANO SIMONELLI (IED)", "NOMBRE_SED": "FABIO LOZANO SIMONELLI", "ORDEN_DE_S": "A", "DIRECCION": "KR 4 ESTE # 65 - 31 SUR", "DISCAPACID": "AUDITIVA-FISICA-INTELECTUAL-MENTAL/PSICOSOCIAL-MULTIPLE-SORDOCEGUERA", "TALENTOS_O": "CAPACIDADES EXCEPCIONALES-TALENTO EXCEPCIONAL EN ACTIVIDAD FISICA, EJERCICIO Y DEPORTE-TALENTO EXCEPCIONAL EN CIENCIAS NATURALES O BASICAS", "GRUPOS_ETN": "AFRODESCENDIENTES-INDIGENAS-NEGRITUDES", "SECTOR": 2, "NATU_JUR": 9, "CALENDARIO": 1, "GENERO": 5, "COD_LOCA": "05", "ESPECIALID": 1, "CLASE_TIPO": 1, "BILINGUE": 5, "FECHA": "2024-04-30", "DANE12_EST": "211850001481", "DANE12_SED": "211850001481", "DA_HIPOACU": 2, "DA_SORDERA": 0, "DA_LENGUAS": 0, "DA_UCASTEL": 0, "DISCAP_FIS": 2, "DISCAP_FLE": 0, "DISCAP_PCE": 0, "DI_DCOGNIT": 20, "DI_SDOWN": 0, "DIS_MULTIP": 7, "DIS_PSICOS": 4, "DV_BAJAVIS": 0, "DIS_CEGUER": 0, "T_ESPECTRO": 0, "T_VOZ_Y_HA": 0, "SISTEMICA": 0, "SORDOCEGUE": 1, "OTRA": 0, "TOT_EST_MA": 36, "AFRODESCEN": 10, "INDIGENAS": 4, "NEGRITUDES": 8, "PALENQUERO": 0, "RAIZALES": 0, "ROM": 0, "TOT_EST_ET": 22, "CAPACID_EX": 0, "DOBLE_EXCE": 0, "TE_ACTFISI": 0, "TE_ARTES": 0, "TE_CNATUR": 0, "TE_CSOCIAL": 0, "TE_LDSOCIA": 0, "TE_TECNOLO": 0, "TOT_EST_CA": 0, "TMATRIC_GE": 1787, "Zona": 1 }, "geometry": { "type": "Point", "coordinates": [ -8249810.050000000745058, 505154.952500000596046 ] } },
{ "type": "Feature", "properties": { "NOMBRE_EST": "COLEGIO FABIO LOZANO SIMONELLI (IED)", "NOMBRE_SED": "DANUBIO AZUL", "ORDEN_DE_S": "B", "DIRECCION": "CL 56 A SUR # 1 - 36 ESTE", "DISCAPACID": "FISICA-INTELECTUAL-MULTIPLE", "TALENTOS_O": "TALENTO EXCEPCIONAL EN ACTIVIDAD FISICA, EJERCICIO Y DEPORTE-TALENTO EXCEPCIONAL EN ARTES Y LETRAS", "GRUPOS_ETN": "AFRODESCENDIENTES-NEGRITUDES", "SECTOR": 2, "NATU_JUR": 9, "CALENDARIO": 1, "GENERO": 5, "COD_LOCA": "05", "ESPECIALID": 13, "CLASE_TIPO": 1, "BILINGUE": 5, "FECHA": "2024-04-30", "DANE12_EST": "211850001481", "DANE12_SED": "111001008168", "DA_HIPOACU": 0, "DA_SORDERA": 0, "DA_LENGUAS": 0, "DA_UCASTEL": 0, "DISCAP_FIS": 0, "DISCAP_FLE": 0, "DISCAP_PCE": 0, "DI_DCOGNIT": 4, "DI_SDOWN": 0, "DIS_MULTIP": 3, "DIS_PSICOS": 0, "DV_BAJAVIS": 0, "DIS_CEGUER": 0, "T_ESPECTRO": 0, "T_VOZ_Y_HA": 0, "SISTEMICA": 0, "SORDOCEGUE": 0, "OTRA": 0, "TOT_EST_MA": 7, "AFRODESCEN": 5, "INDIGENAS": 1, "NEGRITUDES": 1, "PALENQUERO": 0, "RAIZALES": 0, "ROM": 0, "TOT_EST_ET": 7, "CAPACID_EX": 0, "DOBLE_EXCE": 0, "TE_ACTFISI": 0, "TE_ARTES": 0, "TE_CNATUR": 0, "TE_CSOCIAL": 0, "TE_LDSOCIA": 0, "TE_TECNOLO": 0, "TOT_EST_CA": 0, "TMATRIC_GE": 537, "Zona": 1 }, "geometry": { "type": "Point", "coordinates": [ -8250458.3925, 505686.557300001382828 ] } },
{ "type": "Feature", "properties": { "NOMBRE_EST": "COLEGIO FABIO LOZANO SIMONELLI (IED)", "NOMBRE_SED": "FISCALA ALTA", "ORDEN_DE_S": "C", "DIRECCION": "TV 5 F ESTE # 63 - 48 SUR", "DISCAPACID": "INTELECTUAL-MULTIPLE", "TALENTOS_O": "TALENTO EXCEPCIONAL EN ACTIVIDAD FISICA, EJERCICIO Y DEPORTE-TALENTO EXCEPCIONAL EN ARTES Y LETRAS-TALENTO EXCEPCIONAL EN CIENCIAS NATURALES O BASICAS", "GRUPOS_ETN": "AFRODESCENDIENTES-INDIGENAS-NEGRITUDES", "SECTOR": 2, "NATU_JUR": 9, "CALENDARIO": 1, "GENERO": 5, "COD_LOCA": "05", "ESPECIALID": 13, "CLASE_TIPO": 1, "BILINGUE": 5, "FECHA": "2024-04-30", "DANE12_EST": "211850001481", "DANE12_SED": "211850001431", "DA_HIPOACU": 0, "DA_SORDERA": 0, "DA_LENGUAS": 0, "DA_UCASTEL": 0, "DISCAP_FIS": 0, "DISCAP_FLE": 0, "DISCAP_PCE": 0, "DI_DCOGNIT": 3, "DI_SDOWN": 0, "DIS_MULTIP": 2, "DIS_PSICOS": 0, "DV_BAJAVIS": 0, "DIS_CEGUER": 0, "T_ESPECTRO": 0, "T_VOZ_Y_HA": 0, "SISTEMICA": 0, "SORDOCEGUE": 0, "OTRA": 0, "TOT_EST_MA": 5, "AFRODESCEN": 2, "INDIGENAS": 3, "NEGRITUDES": 0, "PALENQUERO": 0, "RAIZALES": 0, "ROM": 0, "TOT_EST_ET": 5, "CAPACID_EX": 1, "DOBLE_EXCE": 0, "TE_ACTFISI": 0, "TE_ARTES": 1, "TE_CNATUR": 0, "TE_CSOCIAL": 0, "TE_LDSOCIA": 0, "TE_TECNOLO": 0, "TOT_EST_CA": 1, "TMATRIC_GE": 405, "Zona": 1 }, "geometry": { "type": "Point", "coordinates": [ -8249223.319499999284744, 505159.165800001472235 ] } },
{ "type": "Feature", "properties": { "NOMBRE_EST": "COLEGIO CENTRO INTEGRAL JOSE MARIA CORDOBA (IED)", "NOMBRE_SED": "JOSE MARIA CORDOBA", "ORDEN_DE_S": "A", "DIRECCION": "DG 48 B SUR # 24 B - 73", "DISCAPACID": "FISICA-INTELECTUAL-MENTAL/PSICOSOCIAL-MULTIPLE-SORDOCEGUERA-VISUAL", "TALENTOS_O": "CAPACIDADES EXCEPCIONALES-TALENTO EXCEPCIONAL EN ACTIVIDAD FISICA, EJERCICIO Y DEPORTE-TALENTO EXCEPCIONAL EN ARTES Y LETRAS-TALENTO EXCEPCIONAL EN LIDERAZGO SOCIAL Y EMPRENDIMIENTO", "GRUPOS_ETN": "AFRODESCENDIENTES-INDIGENAS-NEGRITUDES-PALENQUEROS-RAIZALES", "SECTOR": 2, "NATU_JUR": 9, "CALENDARIO": 1, "GENERO": 5, "COD_LOCA": "06", "ESPECIALID": 1, "CLASE_TIPO": 1, "BILINGUE": 5, "FECHA": "2024-04-30", "DANE12_EST": "111001009652", "DANE12_SED": "111001009652", "DA_HIPOACU": 2, "DA_SORDERA": 0, "DA_LENGUAS": 0, "DA_UCASTEL": 0, "DISCAP_FIS": 3, "DISCAP_FLE": 0, "DISCAP_PCE": 0, "DI_DCOGNIT": 59, "DI_SDOWN": 0, "DIS_MULTIP": 27, "DIS_PSICOS": 7, "DV_BAJAVIS": 9, "DIS_CEGUER": 0, "T_ESPECTRO": 0, "T_VOZ_Y_HA": 0, "SISTEMICA": 0, "SORDOCEGUE": 6, "OTRA": 0, "TOT_EST_MA": 113, "AFRODESCEN": 14, "INDIGENAS": 4, "NEGRITUDES": 4, "PALENQUERO": 0, "RAIZALES": 1, "ROM": 0, "TOT_EST_ET": 23, "CAPACID_EX": 0, "DOBLE_EXCE": 0, "TE_ACTFISI": 0, "TE_ARTES": 0, "TE_CNATUR": 0, "TE_CSOCIAL": 0, "TE_LDSOCIA": 0, "TE_TECNOLO": 0, "TOT_EST_CA": 0, "TMATRIC_GE": 2269, "Zona": 1 }, "geometry": { "type": "Point", "coordinates": [ -8252260.551599999889731, 510232.270799998193979 ] } },
{ "type": "Feature", "properties": { "NOMBRE_EST": "COLEGIO CENTRO INTEGRAL JOSE MARIA CORDOBA (IED)", "NOMBRE_SED": "SANTA FE DE BOGOTA", "ORDEN_DE_S": "B", "DIRECCION": "KR 24 D # 49 - 50 SUR", "DISCAPACID": "FISICA-INTELECTUAL-MENTAL/PSICOSOCIAL-MULTIPLE-SORDOCEGUERA-VISUAL", "TALENTOS_O": "CAPACIDADES EXCEPCIONALES-TALENTO EXCEPCIONAL EN ACTIVIDAD FISICA, EJERCICIO Y DEPORTE", "GRUPOS_ETN": "AFRODESCENDIENTES-INDIGENAS-NEGRITUDES", "SECTOR": 2, "NATU_JUR": 9, "CALENDARIO": 1, "GENERO": 5, "COD_LOCA": "06", "ESPECIALID": 1, "CLASE_TIPO": 1, "BILINGUE": 5, "FECHA": "2024-04-30", "DANE12_EST": "111001009652", "DANE12_SED": "111001045675", "DA_HIPOACU": 0, "DA_SORDERA": 0, "DA_LENGUAS": 0, "DA_UCASTEL": 0, "DISCAP_FIS": 2, "DISCAP_FLE": 0, "DISCAP_PCE": 0, "DI_DCOGNIT": 4, "DI_SDOWN": 0, "DIS_MULTIP": 2, "DIS_PSICOS": 3, "DV_BAJAVIS": 3, "DIS_CEGUER": 0, "T_ESPECTRO": 0, "T_VOZ_Y_HA": 0, "SISTEMICA": 0, "SORDOCEGUE": 2, "OTRA": 0, "TOT_EST_MA": 16, "AFRODESCEN": 2, "INDIGENAS": 6, "NEGRITUDES": 1, "PALENQUERO": 0, "RAIZALES": 0, "ROM": 0, "TOT_EST_ET": 9, "CAPACID_EX": 0, "DOBLE_EXCE": 0, "TE_ACTFISI": 0, "TE_ARTES": 0, "TE_CNATUR": 0, "TE_CSOCIAL": 0, "TE_LDSOCIA": 0, "TE_TECNOLO": 0, "TOT_EST_CA": 0, "TMATRIC_GE": 481, "Zona": 1 }, "geometry": { "type": "Point", "coordinates": [ -8252400.4123, 510193.101599998772144 ] } },
{ "type": "Feature", "properties": { "NOMBRE_EST": "COLEGIO VENECIA (IED)", "NOMBRE_SED": "VENECIA", "ORDEN_DE_S": "A", "DIRECCION": "KR 55 # 49 - 25 SUR", "DISCAPACID": "AUDITIVA-FISICA-INTELECTUAL-MENTAL/PSICOSOCIAL-MULTIPLE-SORDOCEGUERA-VISUAL", "TALENTOS_O": "CAPACIDADES EXCEPCIONALES-TALENTO EXCEPCIONAL EN ACTIVIDAD FISICA, EJERCICIO Y DEPORTE-TALENTO EXCEPCIONAL EN ARTES Y LETRAS-TALENTO EXCEPCIONAL EN CIENCIAS NATURALES O BASICAS-TALENTO EXCEPCIONAL EN LIDERAZGO SOCIAL Y EMPRENDIMIENTO-TALENTO EXCEPCIONAL", "GRUPOS_ETN": "AFRODESCENDIENTES-INDIGENAS-NEGRITUDES", "SECTOR": 2, "NATU_JUR": 9, "CALENDARIO": 1, "GENERO": 5, "COD_LOCA": "06", "ESPECIALID": 1, "CLASE_TIPO": 1, "BILINGUE": 5, "FECHA": "2024-04-30", "DANE12_EST": "111001010251", "DANE12_SED": "111001010251", "DA_HIPOACU": 0, "DA_SORDERA": 0, "DA_LENGUAS": 0, "DA_UCASTEL": 0, "DISCAP_FIS": 5, "DISCAP_FLE": 0, "DISCAP_PCE": 0, "DI_DCOGNIT": 29, "DI_SDOWN": 0, "DIS_MULTIP": 11, "DIS_PSICOS": 14, "DV_BAJAVIS": 1, "DIS_CEGUER": 0, "T_ESPECTRO": 0, "T_VOZ_Y_HA": 0, "SISTEMICA": 0, "SORDOCEGUE": 1, "OTRA": 0, "TOT_EST_MA": 62, "AFRODESCEN": 32, "INDIGENAS": 20, "NEGRITUDES": 13, "PALENQUERO": 0, "RAIZALES": 0, "ROM": 0, "TOT_EST_ET": 65, "CAPACID_EX": 0, "DOBLE_EXCE": 0, "TE_ACTFISI": 0, "TE_ARTES": 0, "TE_CNATUR": 0, "TE_CSOCIAL": 0, "TE_LDSOCIA": 0, "TE_TECNOLO": 0, "TOT_EST_CA": 0, "TMATRIC_GE": 3511, "Zona": 1 }, "geometry": { "type": "Point", "coordinates": [ -8253625.295099999755621, 511730.828099999576807 ] } },
{ "type": "Feature", "properties": { "NOMBRE_EST": "COLEGIO VENECIA (IED)", "NOMBRE_SED": "NUEVO MUZU", "ORDEN_DE_S": "B", "DIRECCION": "KR 59 # 52 A - 30 SUR", "DISCAPACID": "FISICA-INTELECTUAL-MULTIPLE-SORDOCEGUERA", "TALENTOS_O": "CAPACIDADES EXCEPCIONALES-TALENTO EXCEPCIONAL EN ACTIVIDAD FISICA, EJERCICIO Y DEPORTE-TALENTO EXCEPCIONAL EN ARTES Y LETRAS", "GRUPOS_ETN": "AFRODESCENDIENTES-INDIGENAS-NEGRITUDES", "SECTOR": 2, "NATU_JUR": 9, "CALENDARIO": 1, "GENERO": 5, "COD_LOCA": "06", "ESPECIALID": 13, "CLASE_TIPO": 1, "BILINGUE": 5, "FECHA": "2024-04-30", "DANE12_EST": "111001010251", "DANE12_SED": "111001034631", "DA_HIPOACU": 0, "DA_SORDERA": 0, "DA_LENGUAS": 0, "DA_UCASTEL": 0, "DISCAP_FIS": 3, "DISCAP_FLE": 0, "DISCAP_PCE": 0, "DI_DCOGNIT": 5, "DI_SDOWN": 0, "DIS_MULTIP": 4, "DIS_PSICOS": 0, "DV_BAJAVIS": 0, "DIS_CEGUER": 0, "T_ESPECTRO": 0, "T_VOZ_Y_HA": 0, "SISTEMICA": 0, "SORDOCEGUE": 2, "OTRA": 0, "TOT_EST_MA": 14, "AFRODESCEN": 1, "INDIGENAS": 4, "NEGRITUDES": 4, "PALENQUERO": 0, "RAIZALES": 0, "ROM": 0, "TOT_EST_ET": 9, "CAPACID_EX": 0, "DOBLE_EXCE": 0, "TE_ACTFISI": 0, "TE_ARTES": 0, "TE_CNATUR": 0, "TE_CSOCIAL": 0, "TE_LDSOCIA": 0, "TE_TECNOLO": 0, "TOT_EST_CA": 0, "TMATRIC_GE": 584, "Zona": 1 }, "geometry": { "type": "Point", "coordinates": [ -8254102.331399999558926, 511113.978999998420477 ] } },
{ "type": "Feature", "properties": { "NOMBRE_EST": "COLEGIO INSTITUTO TECNICO INDUSTRIAL PILOTO (IED)", "NOMBRE_SED": "PILOTO", "ORDEN_DE_S": "A", "DIRECCION": "KR 35 # 51 B - 87 SUR", "DISCAPACID": "AUDITIVA-FISICA-INTELECTUAL-MENTAL/PSICOSOCIAL-MULTIPLE-VISUAL", "TALENTOS_O": "CAPACIDADES EXCEPCIONALES-TALENTO EXCEPCIONAL EN ACTIVIDAD FISICA, EJERCICIO Y DEPORTE-TALENTO EXCEPCIONAL EN ARTES Y LETRAS-TALENTO EXCEPCIONAL EN CIENCIAS NATURALES O BASICAS-TALENTO EXCEPCIONAL EN TECNOLOGIA", "GRUPOS_ETN": "AFRODESCENDIENTES-INDIGENAS-NEGRITUDES-RAIZALES", "SECTOR": 2, "NATU_JUR": 9, "CALENDARIO": 1, "GENERO": 5, "COD_LOCA": "06", "ESPECIALID": 4, "CLASE_TIPO": 1, "BILINGUE": 5, "FECHA": "2024-04-30", "DANE12_EST": "111001011011", "DANE12_SED": "111001011011", "DA_HIPOACU": 0, "DA_SORDERA": 0, "DA_LENGUAS": 0, "DA_UCASTEL": 0, "DISCAP_FIS": 9, "DISCAP_FLE": 0, "DISCAP_PCE": 0, "DI_DCOGNIT": 20, "DI_SDOWN": 0, "DIS_MULTIP": 13, "DIS_PSICOS": 13, "DV_BAJAVIS": 5, "DIS_CEGUER": 0, "T_ESPECTRO": 0, "T_VOZ_Y_HA": 0, "SISTEMICA": 0, "SORDOCEGUE": 2, "OTRA": 0, "TOT_EST_MA": 63, "AFRODESCEN": 7, "INDIGENAS": 6, "NEGRITUDES": 13, "PALENQUERO": 0, "RAIZALES": 1, "ROM": 0, "TOT_EST_ET": 27, "CAPACID_EX": 0, "DOBLE_EXCE": 0, "TE_ACTFISI": 0, "TE_ARTES": 0, "TE_CNATUR": 0, "TE_CSOCIAL": 0, "TE_LDSOCIA": 0, "TE_TECNOLO": 0, "TOT_EST_CA": 0, "TMATRIC_GE": 2377, "Zona": 1 }, "geometry": { "type": "Point", "coordinates": [ -8253001.037699999287724, 510998.379900000989437 ] } },
{ "type": "Feature", "properties": { "NOMBRE_EST": "COLEGIO INSTITUTO TECNICO INDUSTRIAL PILOTO (IED)", "NOMBRE_SED": "NUESTRA SEÑORA DE FATIMA", "ORDEN_DE_S": "B", "DIRECCION": "DG 52 A SUR # 33 - 81", "DISCAPACID": "AUDITIVA-FISICA-INTELECTUAL-MENTAL/PSICOSOCIAL-MULTIPLE-VISUAL", "TALENTOS_O": "TALENTO EXCEPCIONAL EN ACTIVIDAD FISICA, EJERCICIO Y DEPORTE-TALENTO EXCEPCIONAL EN ARTES Y LETRAS", "GRUPOS_ETN": "AFRODESCENDIENTES-INDIGENAS-NEGRITUDES", "SECTOR": 2, "NATU_JUR": 9, "CALENDARIO": 1, "GENERO": 5, "COD_LOCA": "06", "ESPECIALID": 13, "CLASE_TIPO": 1, "BILINGUE": 5, "FECHA": "2024-04-30", "DANE12_EST": "111001011011", "DANE12_SED": "111001017949", "DA_HIPOACU": 4, "DA_SORDERA": 0, "DA_LENGUAS": 0, "DA_UCASTEL": 0, "DISCAP_FIS": 5, "DISCAP_FLE": 0, "DISCAP_PCE": 0, "DI_DCOGNIT": 10, "DI_SDOWN": 0, "DIS_MULTIP": 12, "DIS_PSICOS": 1, "DV_BAJAVIS": 5, "DIS_CEGUER": 0, "T_ESPECTRO": 0, "T_VOZ_Y_HA": 0, "SISTEMICA": 0, "SORDOCEGUE": 1, "OTRA": 0, "TOT_EST_MA": 38, "AFRODESCEN": 2, "INDIGENAS": 7, "NEGRITUDES": 0, "PALENQUERO": 0, "RAIZALES": 0, "ROM": 0, "TOT_EST_ET": 9, "CAPACID_EX": 1, "DOBLE_EXCE": 0, "TE_ACTFISI": 0, "TE_ARTES": 0, "TE_CNATUR": 0, "TE_CSOCIAL": 1, "TE_LDSOCIA": 1, "TE_TECNOLO": 0, "TOT_EST_CA": 1, "TMATRIC_GE": 922, "Zona": 1 }, "geometry": { "type": "Point", "coordinates": [ -8253060.48450000025332, 510920.320300001651049 ] } },
{ "type": "Feature", "properties": { "NOMBRE_EST": "COLEGIO INSTITUTO TECNICO INDUSTRIAL PILOTO (IED)", "NOMBRE_SED": "FATIMA COLMOTORES", "ORDEN_DE_S": "C", "DIRECCION": "CL 54 SUR # 37 A - 37", "DISCAPACID": "AUDITIVA-INTELECTUAL-MENTAL/PSICOSOCIAL-MULTIPLE-VISUAL", "TALENTOS_O": "TALENTO EXCEPCIONAL EN ACTIVIDAD FISICA, EJERCICIO Y DEPORTE-TALENTO EXCEPCIONAL EN ARTES Y LETRAS-TALENTO EXCEPCIONAL EN CIENCIAS NATURALES O BASICAS", "GRUPOS_ETN": "AFRODESCENDIENTES-INDIGENAS-NEGRITUDES", "SECTOR": 2, "NATU_JUR": 9, "CALENDARIO": 1, "GENERO": 5, "COD_LOCA": "06", "ESPECIALID": 13, "CLASE_TIPO": 1, "BILINGUE": 5, "FECHA": "2024-04-30", "DANE12_EST": "111001011011", "DANE12_SED": "111001018295", "DA_HIPOACU": 4, "DA_SORDERA": 0, "DA_LENGUAS": 0, "DA_UCASTEL": 0, "DISCAP_FIS": 0, "DISCAP_FLE": 0, "DISCAP_PCE": 0, "DI_DCOGNIT": 11, "DI_SDOWN": 0, "DIS_MULTIP": 3, "DIS_PSICOS": 3, "DV_BAJAVIS": 7, "DIS_CEGUER": 0, "T_ESPECTRO": 0, "T_VOZ_Y_HA": 0, "SISTEMICA": 0, "SORDOCEGUE": 0, "OTRA": 0, "TOT_EST_MA": 28, "AFRODESCEN": 0, "INDIGENAS": 3, "NEGRITUDES": 2, "PALENQUERO": 0, "RAIZALES": 0, "ROM": 0, "TOT_EST_ET": 5, "CAPACID_EX": 0, "DOBLE_EXCE": 0, "TE_ACTFISI": 0, "TE_ARTES": 0, "TE_CNATUR": 0, "TE_CSOCIAL": 0, "TE_LDSOCIA": 0, "TE_TECNOLO": 0, "TOT_EST_CA": 0, "TMATRIC_GE": 677, "Zona": 1 }, "geometry": { "type": "Point", "coordinates": [ -8253473.260500000789762, 511150.519099999219179 ] } },
{ "type": "Feature", "properties": { "NOMBRE_EST": "COLEGIO INSTITUTO TECNICO INDUSTRIAL PILOTO (IED)", "NOMBRE_SED": "NUESTRA SEÑORA DEL ROSARIO", "ORDEN_DE_S": "D", "DIRECCION": "CL 51 SUR # 36 - 86", "DISCAPACID": "FISICA-INTELECTUAL-MENTAL/PSICOSOCIAL-MULTIPLE", "TALENTOS_O": "TALENTO EXCEPCIONAL EN ACTIVIDAD FISICA, EJERCICIO Y DEPORTE-TALENTO EXCEPCIONAL EN ARTES Y LETRAS-TALENTO EXCEPCIONAL EN CIENCIAS SOCIALES O HUMANAS-TALENTO EXCEPCIONAL EN TECNOLOGIA", "GRUPOS_ETN": "INDIGENAS", "SECTOR": 2, "NATU_JUR": 9, "CALENDARIO": 1, "GENERO": 5, "COD_LOCA": "06", "ESPECIALID": 13, "CLASE_TIPO": 1, "BILINGUE": 5, "FECHA": "2024-04-30", "DANE12_EST": "111001011011", "DANE12_SED": "111001017965", "DA_HIPOACU": 0, "DA_SORDERA": 0, "DA_LENGUAS": 0, "DA_UCASTEL": 0, "DISCAP_FIS": 0, "DISCAP_FLE": 0, "DISCAP_PCE": 0, "DI_DCOGNIT": 1, "DI_SDOWN": 0, "DIS_MULTIP": 1, "DIS_PSICOS": 0, "DV_BAJAVIS": 1, "DIS_CEGUER": 0, "T_ESPECTRO": 0, "T_VOZ_Y_HA": 0, "SISTEMICA": 0, "SORDOCEGUE": 0, "OTRA": 0, "TOT_EST_MA": 3, "AFRODESCEN": 0, "INDIGENAS": 3, "NEGRITUDES": 0, "PALENQUERO": 0, "RAIZALES": 0, "ROM": 0, "TOT_EST_ET": 3, "CAPACID_EX": 0, "DOBLE_EXCE": 0, "TE_ACTFISI": 0, "TE_ARTES": 0, "TE_CNATUR": 0, "TE_CSOCIAL": 0, "TE_LDSOCIA": 0, "TE_TECNOLO": 0, "TOT_EST_CA": 0, "TMATRIC_GE": 279, "Zona": 1 }, "geometry": { "type": "Point", "coordinates": [ -8252971.899800000712276, 511240.95160000026226 ] } },
{ "type": "Feature", "properties": { "NOMBRE_EST": "COLEGIO RAFAEL URIBE URIBE (IED)", "NOMBRE_SED": "RAFAEL URIBE URIBE", "ORDEN_DE_S": "A", "DIRECCION": "KR 25 # 47 - 02 SUR", "DISCAPACID": "AUDITIVA-FISICA-INTELECTUAL-MENTAL/PSICOSOCIAL-MULTIPLE", "TALENTOS_O": "TALENTO EXCEPCIONAL EN ACTIVIDAD FISICA, EJERCICIO Y DEPORTE-TALENTO EXCEPCIONAL EN ARTES Y LETRAS-TALENTO EXCEPCIONAL EN LIDERAZGO SOCIAL Y EMPRENDIMIENTO-TALENTO EXCEPCIONAL EN TECNOLOGIA", "GRUPOS_ETN": "AFRODESCENDIENTES-INDIGENAS-NEGRITUDES", "SECTOR": 2, "NATU_JUR": 9, "CALENDARIO": 1, "GENERO": 5, "COD_LOCA": "06", "ESPECIALID": 3, "CLASE_TIPO": 1, "BILINGUE": 5, "FECHA": "2024-04-30", "DANE12_EST": "111001012271", "DANE12_SED": "111001012271", "DA_HIPOACU": 2, "DA_SORDERA": 0, "DA_LENGUAS": 0, "DA_UCASTEL": 0, "DISCAP_FIS": 2, "DISCAP_FLE": 0, "DISCAP_PCE": 0, "DI_DCOGNIT": 9, "DI_SDOWN": 0, "DIS_MULTIP": 6, "DIS_PSICOS": 0, "DV_BAJAVIS": 1, "DIS_CEGUER": 0, "T_ESPECTRO": 0, "T_VOZ_Y_HA": 0, "SISTEMICA": 0, "SORDOCEGUE": 0, "OTRA": 0, "TOT_EST_MA": 20, "AFRODESCEN": 5, "INDIGENAS": 8, "NEGRITUDES": 6, "PALENQUERO": 0, "RAIZALES": 0, "ROM": 0, "TOT_EST_ET": 19, "CAPACID_EX": 1, "DOBLE_EXCE": 0, "TE_ACTFISI": 0, "TE_ARTES": 1, "TE_CNATUR": 0, "TE_CSOCIAL": 0, "TE_LDSOCIA": 0, "TE_TECNOLO": 0, "TOT_EST_CA": 1, "TMATRIC_GE": 1473, "Zona": 1 }, "geometry": { "type": "Point", "coordinates": [ -8251993.894600000232458, 510389.354299999773502 ] } },
{ "type": "Feature", "properties": { "NOMBRE_EST": "COLEGIO RAFAEL URIBE URIBE (IED)", "NOMBRE_SED": "NUESTRA SEÑORA DEL CARMEN", "ORDEN_DE_S": "B", "DIRECCION": "CL 48 B SUR # 28 - 75", "DISCAPACID": "INTELECTUAL-MULTIPLE", "TALENTOS_O": "CAPACIDADES EXCEPCIONALES-TALENTO EXCEPCIONAL EN ACTIVIDAD FISICA, EJERCICIO Y DEPORTE-TALENTO EXCEPCIONAL EN ARTES Y LETRAS", "GRUPOS_ETN": "AFRODESCENDIENTES-INDIGENAS", "SECTOR": 2, "NATU_JUR": 9, "CALENDARIO": 1, "GENERO": 5, "COD_LOCA": "06", "ESPECIALID": 13, "CLASE_TIPO": 1, "BILINGUE": 5, "FECHA": "2024-04-30", "DANE12_EST": "111001012271", "DANE12_SED": "111001018261", "DA_HIPOACU": 0, "DA_SORDERA": 0, "DA_LENGUAS": 0, "DA_UCASTEL": 0, "DISCAP_FIS": 0, "DISCAP_FLE": 0, "DISCAP_PCE": 0, "DI_DCOGNIT": 0, "DI_SDOWN": 0, "DIS_MULTIP": 0, "DIS_PSICOS": 0, "DV_BAJAVIS": 0, "DIS_CEGUER": 0, "T_ESPECTRO": 0, "T_VOZ_Y_HA": 0, "SISTEMICA": 0, "SORDOCEGUE": 0, "OTRA": 0, "TOT_EST_MA": 0, "AFRODESCEN": 5, "INDIGENAS": 2, "NEGRITUDES": 0, "PALENQUERO": 0, "RAIZALES": 0, "ROM": 0, "TOT_EST_ET": 7, "CAPACID_EX": 0, "DOBLE_EXCE": 0, "TE_ACTFISI": 0, "TE_ARTES": 0, "TE_CNATUR": 0, "TE_CSOCIAL": 0, "TE_LDSOCIA": 0, "TE_TECNOLO": 0, "TOT_EST_CA": 0, "TMATRIC_GE": 356, "Zona": 1 }, "geometry": { "type": "Point", "coordinates": [ -8252346.669399999082088, 510754.648200001567602 ] } },
{ "type": "Feature", "properties": { "NOMBRE_EST": "COLEGIO MARCO FIDEL SUAREZ (IED)", "NOMBRE_SED": "MARCO FIDEL SUAREZ", "ORDEN_DE_S": "A", "DIRECCION": "DG 52 SUR # 25 - 00  --  KR 25 # 52 C - 92 SUR", "DISCAPACID": "FISICA-INTELECTUAL-MENTAL/PSICOSOCIAL-MULTIPLE", "TALENTOS_O": "CAPACIDADES EXCEPCIONALES-TALENTO EXCEPCIONAL EN ACTIVIDAD FISICA, EJERCICIO Y DEPORTE-TALENTO EXCEPCIONAL EN ARTES Y LETRAS-TALENTO EXCEPCIONAL EN LIDERAZGO SOCIAL Y EMPRENDIMIENTO-TALENTO EXCEPCIONAL EN TECNOLOGIA", "GRUPOS_ETN": "AFRODESCENDIENTES-INDIGENAS-NEGRITUDES", "SECTOR": 2, "NATU_JUR": 9, "CALENDARIO": 1, "GENERO": 5, "COD_LOCA": "06", "ESPECIALID": 1, "CLASE_TIPO": 1, "BILINGUE": 5, "FECHA": "2024-04-30", "DANE12_EST": "111001014206", "DANE12_SED": "111001014206", "DA_HIPOACU": 0, "DA_SORDERA": 0, "DA_LENGUAS": 0, "DA_UCASTEL": 0, "DISCAP_FIS": 5, "DISCAP_FLE": 0, "DISCAP_PCE": 0, "DI_DCOGNIT": 18, "DI_SDOWN": 0, "DIS_MULTIP": 2, "DIS_PSICOS": 9, "DV_BAJAVIS": 0, "DIS_CEGUER": 0, "T_ESPECTRO": 0, "T_VOZ_Y_HA": 0, "SISTEMICA": 0, "SORDOCEGUE": 0, "OTRA": 0, "TOT_EST_MA": 34, "AFRODESCEN": 9, "INDIGENAS": 12, "NEGRITUDES": 11, "PALENQUERO": 0, "RAIZALES": 0, "ROM": 0, "TOT_EST_ET": 32, "CAPACID_EX": 1, "DOBLE_EXCE": 0, "TE_ACTFISI": 1, "TE_ARTES": 0, "TE_CNATUR": 0, "TE_CSOCIAL": 0, "TE_LDSOCIA": 0, "TE_TECNOLO": 0, "TOT_EST_CA": 1, "TMATRIC_GE": 2051, "Zona": 1 }, "geometry": { "type": "Point", "coordinates": [ -8252466.5449, 510321.624400001019239 ] } },
{ "type": "Feature", "properties": { "NOMBRE_EST": "COLEGIO CIUDAD DE BOGOTA (IED)", "NOMBRE_SED": "CIUDAD DE BOGOTA", "ORDEN_DE_S": "A", "DIRECCION": "KR 25 # 53 B - 32 SUR", "DISCAPACID": "AUDITIVA-FISICA-INTELECTUAL-MENTAL/PSICOSOCIAL-MULTIPLE-VISUAL", "TALENTOS_O": "TALENTO CIENTIFICO-TALENTO EXCEPCIONAL EN ACTIVIDAD FISICA, EJERCICIO Y DEPORTE-TALENTO EXCEPCIONAL EN ARTES Y LETRAS-TALENTO EXCEPCIONAL EN CIENCIAS NATURALES O BASICAS-TALENTO EXCEPCIONAL EN CIENCIAS SOCIALES O HUMANAS", "GRUPOS_ETN": "AFRODESCENDIENTES-INDIGENAS-NEGRITUDES", "SECTOR": 2, "NATU_JUR": 9, "CALENDARIO": 1, "GENERO": 5, "COD_LOCA": "06", "ESPECIALID": 1, "CLASE_TIPO": 1, "BILINGUE": 5, "FECHA": "2024-04-30", "DANE12_EST": "111001014214", "DANE12_SED": "111001014214", "DA_HIPOACU": 3, "DA_SORDERA": 0, "DA_LENGUAS": 0, "DA_UCASTEL": 0, "DISCAP_FIS": 12, "DISCAP_FLE": 0, "DISCAP_PCE": 0, "DI_DCOGNIT": 54, "DI_SDOWN": 0, "DIS_MULTIP": 23, "DIS_PSICOS": 7, "DV_BAJAVIS": 1, "DIS_CEGUER": 0, "T_ESPECTRO": 0, "T_VOZ_Y_HA": 0, "SISTEMICA": 0, "SORDOCEGUE": 0, "OTRA": 0, "TOT_EST_MA": 100, "AFRODESCEN": 16, "INDIGENAS": 3, "NEGRITUDES": 4, "PALENQUERO": 0, "RAIZALES": 0, "ROM": 0, "TOT_EST_ET": 23, "CAPACID_EX": 0, "DOBLE_EXCE": 0, "TE_ACTFISI": 0, "TE_ARTES": 0, "TE_CNATUR": 0, "TE_CSOCIAL": 0, "TE_LDSOCIA": 0, "TE_TECNOLO": 0, "TOT_EST_CA": 0, "TMATRIC_GE": 2042, "Zona": 1 }, "geometry": { "type": "Point", "coordinates": [ -8253049.851299999281764, 510106.520399998873472 ] } },
{ "type": "Feature", "properties": { "NOMBRE_EST": "COLEGIO CIUDAD DE BOGOTA (IED)", "NOMBRE_SED": "ROCKEFELLER", "ORDEN_DE_S": "B", "DIRECCION": "KR 27 # 55 A - 18 SUR", "DISCAPACID": "AUDITIVA-FISICA-INTELECTUAL-MENTAL/PSICOSOCIAL-MULTIPLE-VISUAL", "TALENTOS_O": "TALENTO EXCEPCIONAL EN ARTES Y LETRAS-TALENTO EXCEPCIONAL EN CIENCIAS SOCIALES O HUMANAS", "GRUPOS_ETN": "AFRODESCENDIENTES-INDIGENAS", "SECTOR": 2, "NATU_JUR": 9, "CALENDARIO": 1, "GENERO": 5, "COD_LOCA": "06", "ESPECIALID": 13, "CLASE_TIPO": 1, "BILINGUE": 5, "FECHA": "2024-04-30", "DANE12_EST": "111001014214", "DANE12_SED": "111001018279", "DA_HIPOACU": 2, "DA_SORDERA": 0, "DA_LENGUAS": 0, "DA_UCASTEL": 0, "DISCAP_FIS": 4, "DISCAP_FLE": 0, "DISCAP_PCE": 0, "DI_DCOGNIT": 16, "DI_SDOWN": 0, "DIS_MULTIP": 12, "DIS_PSICOS": 1, "DV_BAJAVIS": 1, "DIS_CEGUER": 0, "T_ESPECTRO": 0, "T_VOZ_Y_HA": 0, "SISTEMICA": 0, "SORDOCEGUE": 0, "OTRA": 0, "TOT_EST_MA": 36, "AFRODESCEN": 5, "INDIGENAS": 3, "NEGRITUDES": 0, "PALENQUERO": 0, "RAIZALES": 0, "ROM": 0, "TOT_EST_ET": 8, "CAPACID_EX": 0, "DOBLE_EXCE": 0, "TE_ACTFISI": 0, "TE_ARTES": 0, "TE_CNATUR": 0, "TE_CSOCIAL": 0, "TE_LDSOCIA": 0, "TE_TECNOLO": 0, "TOT_EST_CA": 0, "TMATRIC_GE": 724, "Zona": 1 }, "geometry": { "type": "Point", "coordinates": [ -8253254.751499999314547, 510103.842500001192093 ] } },
{ "type": "Feature", "properties": { "NOMBRE_EST": "COLEGIO RUFINO JOSE CUERVO (IED)", "NOMBRE_SED": "RUFINO JOSE CUERVO", "ORDEN_DE_S": "A", "DIRECCION": "KR 12 # 52 - 20  SUR", "DISCAPACID": "AUDITIVA-FISICA-INTELECTUAL-MENTAL/PSICOSOCIAL-MULTIPLE-VISUAL", "TALENTOS_O": "TALENTO EXCEPCIONAL EN ACTIVIDAD FISICA, EJERCICIO Y DEPORTE-TALENTO EXCEPCIONAL EN ARTES Y LETRAS", "GRUPOS_ETN": "AFRODESCENDIENTES-INDIGENAS-NEGRITUDES", "SECTOR": 2, "NATU_JUR": 9, "CALENDARIO": 1, "GENERO": 5, "COD_LOCA": "06", "ESPECIALID": 12, "CLASE_TIPO": 1, "BILINGUE": 5, "FECHA": "2024-04-30", "DANE12_EST": "111001018201", "DANE12_SED": "111001018201", "DA_HIPOACU": 4, "DA_SORDERA": 0, "DA_LENGUAS": 0, "DA_UCASTEL": 0, "DISCAP_FIS": 5, "DISCAP_FLE": 0, "DISCAP_PCE": 0, "DI_DCOGNIT": 24, "DI_SDOWN": 0, "DIS_MULTIP": 7, "DIS_PSICOS": 21, "DV_BAJAVIS": 3, "DIS_CEGUER": 0, "T_ESPECTRO": 0, "T_VOZ_Y_HA": 0, "SISTEMICA": 0, "SORDOCEGUE": 0, "OTRA": 0, "TOT_EST_MA": 64, "AFRODESCEN": 12, "INDIGENAS": 8, "NEGRITUDES": 8, "PALENQUERO": 0, "RAIZALES": 0, "ROM": 0, "TOT_EST_ET": 28, "CAPACID_EX": 2, "DOBLE_EXCE": 0, "TE_ACTFISI": 0, "TE_ARTES": 2, "TE_CNATUR": 0, "TE_CSOCIAL": 0, "TE_LDSOCIA": 0, "TE_TECNOLO": 0, "TOT_EST_CA": 2, "TMATRIC_GE": 1445, "Zona": 1 }, "geometry": { "type": "Point", "coordinates": [ -8251539.834699999541044, 508161.974800001829863 ] } },
{ "type": "Feature", "properties": { "NOMBRE_EST": "COLEGIO RUFINO JOSE CUERVO (IED)", "NOMBRE_SED": "CECILIA DE LA FUENTE DE LLERAS", "ORDEN_DE_S": "B", "DIRECCION": "KR 8 # 53 A - 40 SUR", "DISCAPACID": "FISICA-INTELECTUAL-MENTAL/PSICOSOCIAL-MULTIPLE-SORDOCEGUERA", "TALENTOS_O": "TALENTO EXCEPCIONAL EN TECNOLOGIA", "GRUPOS_ETN": "AFRODESCENDIENTES-INDIGENAS-NEGRITUDES", "SECTOR": 2, "NATU_JUR": 9, "CALENDARIO": 1, "GENERO": 5, "COD_LOCA": "06", "ESPECIALID": 13, "CLASE_TIPO": 1, "BILINGUE": 5, "FECHA": "2024-04-30", "DANE12_EST": "111001018201", "DANE12_SED": "111001015318", "DA_HIPOACU": 0, "DA_SORDERA": 0, "DA_LENGUAS": 0, "DA_UCASTEL": 0, "DISCAP_FIS": 0, "DISCAP_FLE": 0, "DISCAP_PCE": 0, "DI_DCOGNIT": 4, "DI_SDOWN": 0, "DIS_MULTIP": 5, "DIS_PSICOS": 1, "DV_BAJAVIS": 1, "DIS_CEGUER": 0, "T_ESPECTRO": 0, "T_VOZ_Y_HA": 0, "SISTEMICA": 0, "SORDOCEGUE": 0, "OTRA": 0, "TOT_EST_MA": 11, "AFRODESCEN": 6, "INDIGENAS": 4, "NEGRITUDES": 0, "PALENQUERO": 0, "RAIZALES": 0, "ROM": 0, "TOT_EST_ET": 10, "CAPACID_EX": 0, "DOBLE_EXCE": 0, "TE_ACTFISI": 0, "TE_ARTES": 0, "TE_CNATUR": 0, "TE_CSOCIAL": 0, "TE_LDSOCIA": 0, "TE_TECNOLO": 0, "TOT_EST_CA": 0, "TMATRIC_GE": 489, "Zona": 1 }, "geometry": { "type": "Point", "coordinates": [ -8251437.123500000685453, 507651.790300000458956 ] } },
{ "type": "Feature", "properties": { "NOMBRE_EST": "COLEGIO RUFINO JOSE CUERVO (IED)", "NOMBRE_SED": "NUEVO TUNJUELITO", "ORDEN_DE_S": "C", "DIRECCION": "CL 58 A SUR # 12 A - 25", "DISCAPACID": "INTELECTUAL", "TALENTOS_O": "TALENTO EXCEPCIONAL EN ACTIVIDAD FISICA, EJERCICIO Y DEPORTE", "GRUPOS_ETN": "INDIGENAS-NEGRITUDES", "SECTOR": 2, "NATU_JUR": 9, "CALENDARIO": 1, "GENERO": 5, "COD_LOCA": "06", "ESPECIALID": 13, "CLASE_TIPO": 1, "BILINGUE": 5, "FECHA": "2024-04-30", "DANE12_EST": "111001018201", "DANE12_SED": "111001029084", "DA_HIPOACU": 0, "DA_SORDERA": 0, "DA_LENGUAS": 0, "DA_UCASTEL": 0, "DISCAP_FIS": 2, "DISCAP_FLE": 0, "DISCAP_PCE": 0, "DI_DCOGNIT": 2, "DI_SDOWN": 0, "DIS_MULTIP": 0, "DIS_PSICOS": 1, "DV_BAJAVIS": 0, "DIS_CEGUER": 0, "T_ESPECTRO": 0, "T_VOZ_Y_HA": 0, "SISTEMICA": 0, "SORDOCEGUE": 0, "OTRA": 0, "TOT_EST_MA": 5, "AFRODESCEN": 1, "INDIGENAS": 2, "NEGRITUDES": 1, "PALENQUERO": 0, "RAIZALES": 0, "ROM": 0, "TOT_EST_ET": 4, "CAPACID_EX": 0, "DOBLE_EXCE": 0, "TE_ACTFISI": 0, "TE_ARTES": 0, "TE_CNATUR": 0, "TE_CSOCIAL": 0, "TE_LDSOCIA": 0, "TE_TECNOLO": 0, "TOT_EST_CA": 0, "TMATRIC_GE": 272, "Zona": 1 }, "geometry": { "type": "Point", "coordinates": [ -8252036.074699999764562, 508047.859999999403954 ] } },
{ "type": "Feature", "properties": { "NOMBRE_EST": "COLEGIO RUFINO JOSE CUERVO (IED)", "NOMBRE_SED": "SEDE D", "ORDEN_DE_S": "D", "DIRECCION": "CL 58 A SUR # 12 A - 25", "DISCAPACID": "AUDITIVA-FISICA-INTELECTUAL-VISUAL", "TALENTOS_O": null, "GRUPOS_ETN": "AFRODESCENDIENTES-INDIGENAS-NEGRITUDES", "SECTOR": 2, "NATU_JUR": 9, "CALENDARIO": 1, "GENERO": 5, "COD_LOCA": "06", "ESPECIALID": 13, "CLASE_TIPO": 1, "BILINGUE": 5, "FECHA": "2024-04-30", "DANE12_EST": "111001018201", "DANE12_SED": "111001110264", "DA_HIPOACU": 0, "DA_SORDERA": 0, "DA_LENGUAS": 0, "DA_UCASTEL": 0, "DISCAP_FIS": 1, "DISCAP_FLE": 0, "DISCAP_PCE": 0, "DI_DCOGNIT": 13, "DI_SDOWN": 0, "DIS_MULTIP": 0, "DIS_PSICOS": 0, "DV_BAJAVIS": 0, "DIS_CEGUER": 0, "T_ESPECTRO": 0, "T_VOZ_Y_HA": 0, "SISTEMICA": 0, "SORDOCEGUE": 0, "OTRA": 0, "TOT_EST_MA": 14, "AFRODESCEN": 2, "INDIGENAS": 0, "NEGRITUDES": 0, "PALENQUERO": 0, "RAIZALES": 0, "ROM": 0, "TOT_EST_ET": 2, "CAPACID_EX": 0, "DOBLE_EXCE": 0, "TE_ACTFISI": 0, "TE_ARTES": 0, "TE_CNATUR": 0, "TE_CSOCIAL": 0, "TE_LDSOCIA": 0, "TE_TECNOLO": 0, "TOT_EST_CA": 0, "TMATRIC_GE": 229, "Zona": 1 }, "geometry": { "type": "Point", "coordinates": [ -8252036.074699999764562, 508047.859999999403954 ] } },
{ "type": "Feature", "properties": { "NOMBRE_EST": "COLEGIO INEM SANTIAGO PEREZ (IED)", "NOMBRE_SED": "INEM SANTIAGO PEREZ", "ORDEN_DE_S": "A", "DIRECCION": "KR 24 # 48 C  - 86 SUR", "DISCAPACID": "AUDITIVA-FISICA-INTELECTUAL-MENTAL/PSICOSOCIAL-MULTIPLE-VISUAL", "TALENTOS_O": "CAPACIDADES EXCEPCIONALES-TALENTO EXCEPCIONAL EN ACTIVIDAD FISICA, EJERCICIO Y DEPORTE-TALENTO EXCEPCIONAL EN ARTES Y LETRAS-TALENTO EXCEPCIONAL EN CIENCIAS SOCIALES O HUMANAS-TALENTO EXCEPCIONAL EN LIDERAZGO SOCIAL Y EMPRENDIMIENTO-TALENTO EXCEPCIONAL E", "GRUPOS_ETN": "AFRODESCENDIENTES-INDIGENAS-NEGRITUDES-PALENQUEROS-ROM", "SECTOR": 2, "NATU_JUR": 9, "CALENDARIO": 1, "GENERO": 5, "COD_LOCA": "06", "ESPECIALID": 16, "CLASE_TIPO": 1, "BILINGUE": 5, "FECHA": "2024-04-30", "DANE12_EST": "111001019411", "DANE12_SED": "111001019411", "DA_HIPOACU": 8, "DA_SORDERA": 0, "DA_LENGUAS": 0, "DA_UCASTEL": 0, "DISCAP_FIS": 5, "DISCAP_FLE": 0, "DISCAP_PCE": 0, "DI_DCOGNIT": 85, "DI_SDOWN": 0, "DIS_MULTIP": 32, "DIS_PSICOS": 15, "DV_BAJAVIS": 0, "DIS_CEGUER": 0, "T_ESPECTRO": 0, "T_VOZ_Y_HA": 0, "SISTEMICA": 0, "SORDOCEGUE": 0, "OTRA": 0, "TOT_EST_MA": 145, "AFRODESCEN": 10, "INDIGENAS": 16, "NEGRITUDES": 9, "PALENQUERO": 3, "RAIZALES": 1, "ROM": 0, "TOT_EST_ET": 39, "CAPACID_EX": 1, "DOBLE_EXCE": 0, "TE_ACTFISI": 1, "TE_ARTES": 0, "TE_CNATUR": 0, "TE_CSOCIAL": 0, "TE_LDSOCIA": 0, "TE_TECNOLO": 0, "TOT_EST_CA": 1, "TMATRIC_GE": 3389, "Zona": 1 }, "geometry": { "type": "Point", "coordinates": [ -8252336.217599999159575, 509952.3310999982059 ] } },
{ "type": "Feature", "properties": { "NOMBRE_EST": "COLEGIO BERNARDO JARAMILLO (IED)", "NOMBRE_SED": "BERNARDO JARAMILLO", "ORDEN_DE_S": "A", "DIRECCION": "DG 47 SUR # 19 B - 19", "DISCAPACID": "AUDITIVA-FISICA-INTELECTUAL-MENTAL/PSICOSOCIAL-MULTIPLE-VISUAL", "TALENTOS_O": "CAPACIDADES EXCEPCIONALES-TALENTO EXCEPCIONAL EN ACTIVIDAD FISICA, EJERCICIO Y DEPORTE-TALENTO EXCEPCIONAL EN ARTES Y LETRAS-TALENTO EXCEPCIONAL EN CIENCIAS SOCIALES O HUMANAS-TALENTO EXCEPCIONAL EN TECNOLOGIA", "GRUPOS_ETN": "AFRODESCENDIENTES-INDIGENAS-NEGRITUDES", "SECTOR": 2, "NATU_JUR": 9, "CALENDARIO": 1, "GENERO": 5, "COD_LOCA": "06", "ESPECIALID": 1, "CLASE_TIPO": 1, "BILINGUE": 5, "FECHA": "2024-04-30", "DANE12_EST": "111001032450", "DANE12_SED": "111001032450", "DA_HIPOACU": 3, "DA_SORDERA": 0, "DA_LENGUAS": 0, "DA_UCASTEL": 0, "DISCAP_FIS": 2, "DISCAP_FLE": 0, "DISCAP_PCE": 0, "DI_DCOGNIT": 14, "DI_SDOWN": 0, "DIS_MULTIP": 3, "DIS_PSICOS": 4, "DV_BAJAVIS": 1, "DIS_CEGUER": 0, "T_ESPECTRO": 0, "T_VOZ_Y_HA": 0, "SISTEMICA": 0, "SORDOCEGUE": 0, "OTRA": 0, "TOT_EST_MA": 27, "AFRODESCEN": 92, "INDIGENAS": 3, "NEGRITUDES": 5, "PALENQUERO": 0, "RAIZALES": 0, "ROM": 0, "TOT_EST_ET": 100, "CAPACID_EX": 0, "DOBLE_EXCE": 0, "TE_ACTFISI": 0, "TE_ARTES": 0, "TE_CNATUR": 0, "TE_CSOCIAL": 0, "TE_LDSOCIA": 0, "TE_TECNOLO": 0, "TOT_EST_CA": 0, "TMATRIC_GE": 1812, "Zona": 1 }, "geometry": { "type": "Point", "coordinates": [ -8251725.975299999117851, 509415.638799998909235 ] } },
{ "type": "Feature", "properties": { "NOMBRE_EST": "COLEGIO ISLA DEL SOL (IED)", "NOMBRE_SED": "ISLA DEL SOL", "ORDEN_DE_S": "A", "DIRECCION": "CL 67 B SUR # 63 - 15", "DISCAPACID": "AUDITIVA-FISICA-INTELECTUAL-MULTIPLE", "TALENTOS_O": "TALENTO EXCEPCIONAL EN ACTIVIDAD FISICA, EJERCICIO Y DEPORTE-TALENTO EXCEPCIONAL EN ARTES Y LETRAS-TALENTO EXCEPCIONAL EN CIENCIAS NATURALES O BASICAS-TALENTO EXCEPCIONAL EN CIENCIAS SOCIALES O HUMANAS-TALENTO EXCEPCIONAL EN TECNOLOGIA", "GRUPOS_ETN": "AFRODESCENDIENTES-INDIGENAS-NEGRITUDES", "SECTOR": 2, "NATU_JUR": 9, "CALENDARIO": 1, "GENERO": 5, "COD_LOCA": "06", "ESPECIALID": 1, "CLASE_TIPO": 1, "BILINGUE": 5, "FECHA": "2024-04-30", "DANE12_EST": "111001075736", "DANE12_SED": "111001075736", "DA_HIPOACU": 4, "DA_SORDERA": 0, "DA_LENGUAS": 0, "DA_UCASTEL": 0, "DISCAP_FIS": 2, "DISCAP_FLE": 0, "DISCAP_PCE": 0, "DI_DCOGNIT": 22, "DI_SDOWN": 0, "DIS_MULTIP": 4, "DIS_PSICOS": 1, "DV_BAJAVIS": 0, "DIS_CEGUER": 0, "T_ESPECTRO": 0, "T_VOZ_Y_HA": 0, "SISTEMICA": 0, "SORDOCEGUE": 0, "OTRA": 0, "TOT_EST_MA": 33, "AFRODESCEN": 3, "INDIGENAS": 5, "NEGRITUDES": 2, "PALENQUERO": 0, "RAIZALES": 0, "ROM": 0, "TOT_EST_ET": 10, "CAPACID_EX": 0, "DOBLE_EXCE": 0, "TE_ACTFISI": 0, "TE_ARTES": 0, "TE_CNATUR": 0, "TE_CSOCIAL": 0, "TE_LDSOCIA": 0, "TE_TECNOLO": 0, "TOT_EST_CA": 0, "TMATRIC_GE": 1019, "Zona": 1 }, "geometry": { "type": "Point", "coordinates": [ -8254615.1458, 511440.191500000655651 ] } },
{ "type": "Feature", "properties": { "NOMBRE_EST": "COLEGIO SAN CARLOS (IED)", "NOMBRE_SED": "JOSE ANTONIO RICAURTE", "ORDEN_DE_S": "A", "DIRECCION": "KR 18 # 56 A - 45 SUR", "DISCAPACID": "AUDITIVA-FISICA-INTELECTUAL-MULTIPLE-SORDOCEGUERA-VISUAL", "TALENTOS_O": "CAPACIDADES EXCEPCIONALES-TALENTO EXCEPCIONAL EN ARTES Y LETRAS", "GRUPOS_ETN": "AFRODESCENDIENTES-INDIGENAS-NEGRITUDES", "SECTOR": 2, "NATU_JUR": 9, "CALENDARIO": 1, "GENERO": 5, "COD_LOCA": "06", "ESPECIALID": 1, "CLASE_TIPO": 1, "BILINGUE": 5, "FECHA": "2024-04-30", "DANE12_EST": "111001075957", "DANE12_SED": "111001075957", "DA_HIPOACU": 3, "DA_SORDERA": 0, "DA_LENGUAS": 0, "DA_UCASTEL": 0, "DISCAP_FIS": 1, "DISCAP_FLE": 0, "DISCAP_PCE": 0, "DI_DCOGNIT": 7, "DI_SDOWN": 0, "DIS_MULTIP": 1, "DIS_PSICOS": 1, "DV_BAJAVIS": 0, "DIS_CEGUER": 0, "T_ESPECTRO": 0, "T_VOZ_Y_HA": 0, "SISTEMICA": 0, "SORDOCEGUE": 0, "OTRA": 0, "TOT_EST_MA": 13, "AFRODESCEN": 12, "INDIGENAS": 3, "NEGRITUDES": 1, "PALENQUERO": 0, "RAIZALES": 0, "ROM": 0, "TOT_EST_ET": 16, "CAPACID_EX": 0, "DOBLE_EXCE": 0, "TE_ACTFISI": 0, "TE_ARTES": 0, "TE_CNATUR": 0, "TE_CSOCIAL": 0, "TE_LDSOCIA": 0, "TE_TECNOLO": 0, "TOT_EST_CA": 0, "TMATRIC_GE": 850, "Zona": 1 }, "geometry": { "type": "Point", "coordinates": [ -8252375.64809999987483, 508646.962600000202656 ] } },
{ "type": "Feature", "properties": { "NOMBRE_EST": "COLEGIO SAN CARLOS (IED)", "NOMBRE_SED": "SAN CARLOS", "ORDEN_DE_S": "B", "DIRECCION": "KR 19 # 50 - 37 SUR", "DISCAPACID": "AUDITIVA-FISICA-INTELECTUAL-MULTIPLE", "TALENTOS_O": "TALENTO EXCEPCIONAL EN ARTES Y LETRAS-TALENTO EXCEPCIONAL EN TECNOLOGIA", "GRUPOS_ETN": "AFRODESCENDIENTES-INDIGENAS-NEGRITUDES", "SECTOR": 2, "NATU_JUR": 9, "CALENDARIO": 1, "GENERO": 5, "COD_LOCA": "06", "ESPECIALID": 1, "CLASE_TIPO": 1, "BILINGUE": 5, "FECHA": "2024-04-30", "DANE12_EST": "111001075957", "DANE12_SED": "111001018066", "DA_HIPOACU": 39, "DA_SORDERA": 0, "DA_LENGUAS": 0, "DA_UCASTEL": 0, "DISCAP_FIS": 0, "DISCAP_FLE": 0, "DISCAP_PCE": 0, "DI_DCOGNIT": 10, "DI_SDOWN": 0, "DIS_MULTIP": 12, "DIS_PSICOS": 0, "DV_BAJAVIS": 0, "DIS_CEGUER": 0, "T_ESPECTRO": 0, "T_VOZ_Y_HA": 0, "SISTEMICA": 0, "SORDOCEGUE": 1, "OTRA": 0, "TOT_EST_MA": 62, "AFRODESCEN": 7, "INDIGENAS": 6, "NEGRITUDES": 3, "PALENQUERO": 0, "RAIZALES": 0, "ROM": 0, "TOT_EST_ET": 16, "CAPACID_EX": 1, "DOBLE_EXCE": 0, "TE_ACTFISI": 0, "TE_ARTES": 1, "TE_CNATUR": 0, "TE_CSOCIAL": 0, "TE_LDSOCIA": 0, "TE_TECNOLO": 0, "TOT_EST_CA": 1, "TMATRIC_GE": 1208, "Zona": 1 }, "geometry": { "type": "Point", "coordinates": [ -8251904.662000000476837, 509215.9864999987185 ] } },
{ "type": "Feature", "properties": { "NOMBRE_EST": "COLEGIO SAN BENITO ABAD (IED)", "NOMBRE_SED": "DIANA TURBAY", "ORDEN_DE_S": "A", "DIRECCION": "CL 58 SUR # 19 B - 67", "DISCAPACID": "AUDITIVA-INTELECTUAL-MENTAL/PSICOSOCIAL-VISUAL", "TALENTOS_O": null, "GRUPOS_ETN": "AFRODESCENDIENTES-INDIGENAS-NEGRITUDES", "SECTOR": 2, "NATU_JUR": 9, "CALENDARIO": 1, "GENERO": 5, "COD_LOCA": "06", "ESPECIALID": 1, "CLASE_TIPO": 1, "BILINGUE": 5, "FECHA": "2024-04-30", "DANE12_EST": "111001086631", "DANE12_SED": "111001086631", "DA_HIPOACU": 0, "DA_SORDERA": 0, "DA_LENGUAS": 0, "DA_UCASTEL": 0, "DISCAP_FIS": 0, "DISCAP_FLE": 0, "DISCAP_PCE": 0, "DI_DCOGNIT": 2, "DI_SDOWN": 0, "DIS_MULTIP": 1, "DIS_PSICOS": 0, "DV_BAJAVIS": 1, "DIS_CEGUER": 0, "T_ESPECTRO": 0, "T_VOZ_Y_HA": 0, "SISTEMICA": 0, "SORDOCEGUE": 0, "OTRA": 0, "TOT_EST_MA": 4, "AFRODESCEN": 3, "INDIGENAS": 0, "NEGRITUDES": 3, "PALENQUERO": 0, "RAIZALES": 0, "ROM": 0, "TOT_EST_ET": 6, "CAPACID_EX": 0, "DOBLE_EXCE": 0, "TE_ACTFISI": 0, "TE_ARTES": 0, "TE_CNATUR": 0, "TE_CSOCIAL": 0, "TE_LDSOCIA": 0, "TE_TECNOLO": 0, "TOT_EST_CA": 0, "TMATRIC_GE": 669, "Zona": 1 }, "geometry": { "type": "Point", "coordinates": [ -8252902.831599999219179, 508895.61259999871254 ] } },
{ "type": "Feature", "properties": { "NOMBRE_EST": "COLEGIO SAN BENITO ABAD (IED)", "NOMBRE_SED": "SAN BENITO", "ORDEN_DE_S": "B", "DIRECCION": "KR 19 # 56 A - 25 SUR", "DISCAPACID": "MULTIPLE", "TALENTOS_O": "TALENTO EXCEPCIONAL EN ACTIVIDAD FISICA, EJERCICIO Y DEPORTE", "GRUPOS_ETN": "AFRODESCENDIENTES", "SECTOR": 2, "NATU_JUR": 9, "CALENDARIO": 1, "GENERO": 5, "COD_LOCA": "06", "ESPECIALID": 13, "CLASE_TIPO": 1, "BILINGUE": 5, "FECHA": "2024-04-30", "DANE12_EST": "111001086631", "DANE12_SED": "111001025623", "DA_HIPOACU": 0, "DA_SORDERA": 0, "DA_LENGUAS": 0, "DA_UCASTEL": 0, "DISCAP_FIS": 0, "DISCAP_FLE": 0, "DISCAP_PCE": 0, "DI_DCOGNIT": 2, "DI_SDOWN": 0, "DIS_MULTIP": 2, "DIS_PSICOS": 0, "DV_BAJAVIS": 0, "DIS_CEGUER": 0, "T_ESPECTRO": 0, "T_VOZ_Y_HA": 0, "SISTEMICA": 0, "SORDOCEGUE": 0, "OTRA": 0, "TOT_EST_MA": 4, "AFRODESCEN": 1, "INDIGENAS": 1, "NEGRITUDES": 1, "PALENQUERO": 0, "RAIZALES": 0, "ROM": 0, "TOT_EST_ET": 3, "CAPACID_EX": 0, "DOBLE_EXCE": 0, "TE_ACTFISI": 0, "TE_ARTES": 0, "TE_CNATUR": 0, "TE_CSOCIAL": 0, "TE_LDSOCIA": 0, "TE_TECNOLO": 0, "TOT_EST_CA": 0, "TMATRIC_GE": 417, "Zona": 1 }, "geometry": { "type": "Point", "coordinates": [ -8252603.232999999076128, 508850.162000000476837 ] } },
{ "type": "Feature", "properties": { "NOMBRE_EST": "COLEGIO CARLOS ALBAN HOLGUIN (IED)", "NOMBRE_SED": "CARLOS ALBAN HOLGUIN", "ORDEN_DE_S": "A", "DIRECCION": "CL 72 SUR # 79 D - 33", "DISCAPACID": "AUDITIVA-FISICA-INTELECTUAL-MENTAL/PSICOSOCIAL-MULTIPLE-SORDOCEGUERA-VISUAL", "TALENTOS_O": "CAPACIDADES EXCEPCIONALES-TALENTO EXCEPCIONAL EN ACTIVIDAD FISICA, EJERCICIO Y DEPORTE-TALENTO EXCEPCIONAL EN ARTES Y LETRAS-TALENTO EXCEPCIONAL EN CIENCIAS NATURALES O BASICAS-TALENTO EXCEPCIONAL EN LIDERAZGO SOCIAL Y EMPRENDIMIENTO", "GRUPOS_ETN": "AFRODESCENDIENTES-INDIGENAS-NEGRITUDES-RAIZALES", "SECTOR": 2, "NATU_JUR": 9, "CALENDARIO": 1, "GENERO": 5, "COD_LOCA": "07", "ESPECIALID": 1, "CLASE_TIPO": 1, "BILINGUE": 5, "FECHA": "2024-04-30", "DANE12_EST": "111001002909", "DANE12_SED": "111001002909", "DA_HIPOACU": 2, "DA_SORDERA": 0, "DA_LENGUAS": 0, "DA_UCASTEL": 0, "DISCAP_FIS": 8, "DISCAP_FLE": 0, "DISCAP_PCE": 0, "DI_DCOGNIT": 45, "DI_SDOWN": 0, "DIS_MULTIP": 17, "DIS_PSICOS": 1, "DV_BAJAVIS": 6, "DIS_CEGUER": 0, "T_ESPECTRO": 0, "T_VOZ_Y_HA": 0, "SISTEMICA": 0, "SORDOCEGUE": 4, "OTRA": 0, "TOT_EST_MA": 83, "AFRODESCEN": 34, "INDIGENAS": 24, "NEGRITUDES": 6, "PALENQUERO": 1, "RAIZALES": 2, "ROM": 0, "TOT_EST_ET": 67, "CAPACID_EX": 3, "DOBLE_EXCE": 0, "TE_ACTFISI": 2, "TE_ARTES": 1, "TE_CNATUR": 0, "TE_CSOCIAL": 0, "TE_LDSOCIA": 0, "TE_TECNOLO": 0, "TOT_EST_CA": 3, "TMATRIC_GE": 3818, "Zona": 1 }, "geometry": { "type": "Point", "coordinates": [ -8259566.331700000911951, 513197.785999998450279 ] } },
{ "type": "Feature", "properties": { "NOMBRE_EST": "COLEGIO CARLOS ALBAN HOLGUIN (IED)", "NOMBRE_SED": "JOSE MARIA CARBONELL", "ORDEN_DE_S": "B", "DIRECCION": "DG 71 C BIS A SUR # 77 G - 15", "DISCAPACID": "FISICA-INTELECTUAL-MULTIPLE-SORDOCEGUERA", "TALENTOS_O": "CAPACIDADES EXCEPCIONALES-TALENTO EXCEPCIONAL EN ACTIVIDAD FISICA, EJERCICIO Y DEPORTE-TALENTO EXCEPCIONAL EN ARTES Y LETRAS", "GRUPOS_ETN": "AFRODESCENDIENTES-INDIGENAS", "SECTOR": 2, "NATU_JUR": 9, "CALENDARIO": 1, "GENERO": 5, "COD_LOCA": "07", "ESPECIALID": 13, "CLASE_TIPO": 1, "BILINGUE": 5, "FECHA": "2024-04-30", "DANE12_EST": "111001002909", "DANE12_SED": "111102000788", "DA_HIPOACU": 0, "DA_SORDERA": 0, "DA_LENGUAS": 0, "DA_UCASTEL": 0, "DISCAP_FIS": 2, "DISCAP_FLE": 0, "DISCAP_PCE": 0, "DI_DCOGNIT": 6, "DI_SDOWN": 0, "DIS_MULTIP": 2, "DIS_PSICOS": 0, "DV_BAJAVIS": 0, "DIS_CEGUER": 0, "T_ESPECTRO": 0, "T_VOZ_Y_HA": 0, "SISTEMICA": 0, "SORDOCEGUE": 1, "OTRA": 0, "TOT_EST_MA": 11, "AFRODESCEN": 1, "INDIGENAS": 2, "NEGRITUDES": 0, "PALENQUERO": 0, "RAIZALES": 1, "ROM": 0, "TOT_EST_ET": 4, "CAPACID_EX": 0, "DOBLE_EXCE": 0, "TE_ACTFISI": 0, "TE_ARTES": 0, "TE_CNATUR": 0, "TE_CSOCIAL": 0, "TE_LDSOCIA": 0, "TE_TECNOLO": 0, "TOT_EST_CA": 0, "TMATRIC_GE": 411, "Zona": 1 }, "geometry": { "type": "Point", "coordinates": [ -8259627.443900000303984, 512571.132500000298023 ] } },
{ "type": "Feature", "properties": { "NOMBRE_EST": "COLEGIO CARLOS ALBAN HOLGUIN (IED)", "NOMBRE_SED": "SAN JOSE", "ORDEN_DE_S": "C", "DIRECCION": "KR 80 K # 85 A - 33 SUR", "DISCAPACID": "AUDITIVA-FISICA-INTELECTUAL-MULTIPLE", "TALENTOS_O": "CAPACIDADES EXCEPCIONALES-TALENTO EXCEPCIONAL EN ACTIVIDAD FISICA, EJERCICIO Y DEPORTE-TALENTO EXCEPCIONAL EN ARTES Y LETRAS-TALENTO EXCEPCIONAL EN LIDERAZGO SOCIAL Y EMPRENDIMIENTO", "GRUPOS_ETN": "AFRODESCENDIENTES-INDIGENAS-NEGRITUDES", "SECTOR": 2, "NATU_JUR": 9, "CALENDARIO": 1, "GENERO": 5, "COD_LOCA": "07", "ESPECIALID": 13, "CLASE_TIPO": 1, "BILINGUE": 5, "FECHA": "2024-04-30", "DANE12_EST": "111001002909", "DANE12_SED": "211102000642", "DA_HIPOACU": 2, "DA_SORDERA": 0, "DA_LENGUAS": 0, "DA_UCASTEL": 0, "DISCAP_FIS": 2, "DISCAP_FLE": 0, "DISCAP_PCE": 0, "DI_DCOGNIT": 7, "DI_SDOWN": 0, "DIS_MULTIP": 3, "DIS_PSICOS": 0, "DV_BAJAVIS": 0, "DIS_CEGUER": 0, "T_ESPECTRO": 0, "T_VOZ_Y_HA": 0, "SISTEMICA": 0, "SORDOCEGUE": 0, "OTRA": 0, "TOT_EST_MA": 14, "AFRODESCEN": 13, "INDIGENAS": 5, "NEGRITUDES": 2, "PALENQUERO": 0, "RAIZALES": 0, "ROM": 0, "TOT_EST_ET": 20, "CAPACID_EX": 1, "DOBLE_EXCE": 0, "TE_ACTFISI": 0, "TE_ARTES": 1, "TE_CNATUR": 0, "TE_CSOCIAL": 0, "TE_LDSOCIA": 0, "TE_TECNOLO": 0, "TOT_EST_CA": 1, "TMATRIC_GE": 703, "Zona": 1 }, "geometry": { "type": "Point", "coordinates": [ -8261004.283500000834465, 514140.670499999076128 ] } },
{ "type": "Feature", "properties": { "NOMBRE_EST": "COLEGIO CEDID SAN PABLO (IED)", "NOMBRE_SED": "SAN PABLO BOSA", "ORDEN_DE_S": "A", "DIRECCION": "KR 77 L # 65 J - 73 SUR", "DISCAPACID": "AUDITIVA-FISICA-INTELECTUAL-MENTAL/PSICOSOCIAL-MULTIPLE-SORDOCEGUERA-VISUAL", "TALENTOS_O": "CAPACIDADES EXCEPCIONALES-TALENTO EXCEPCIONAL EN ACTIVIDAD FISICA, EJERCICIO Y DEPORTE-TALENTO EXCEPCIONAL EN ARTES Y LETRAS-TALENTO EXCEPCIONAL EN CIENCIAS NATURALES O BASICAS-TALENTO EXCEPCIONAL EN CIENCIAS SOCIALES O HUMANAS-TALENTO EXCEPCIONAL EN TEC", "GRUPOS_ETN": "AFRODESCENDIENTES-INDIGENAS-NEGRITUDES-PALENQUEROS-RAIZALES", "SECTOR": 2, "NATU_JUR": 9, "CALENDARIO": 1, "GENERO": 5, "COD_LOCA": "07", "ESPECIALID": 3, "CLASE_TIPO": 1, "BILINGUE": 5, "FECHA": "2024-04-30", "DANE12_EST": "111001010031", "DANE12_SED": "111001010031", "DA_HIPOACU": 7, "DA_SORDERA": 0, "DA_LENGUAS": 0, "DA_UCASTEL": 0, "DISCAP_FIS": 8, "DISCAP_FLE": 0, "DISCAP_PCE": 0, "DI_DCOGNIT": 29, "DI_SDOWN": 0, "DIS_MULTIP": 6, "DIS_PSICOS": 9, "DV_BAJAVIS": 4, "DIS_CEGUER": 0, "T_ESPECTRO": 0, "T_VOZ_Y_HA": 0, "SISTEMICA": 0, "SORDOCEGUE": 1, "OTRA": 0, "TOT_EST_MA": 64, "AFRODESCEN": 2, "INDIGENAS": 16, "NEGRITUDES": 4, "PALENQUERO": 0, "RAIZALES": 3, "ROM": 0, "TOT_EST_ET": 25, "CAPACID_EX": 3, "DOBLE_EXCE": 0, "TE_ACTFISI": 2, "TE_ARTES": 0, "TE_CNATUR": 0, "TE_CSOCIAL": 0, "TE_LDSOCIA": 0, "TE_TECNOLO": 1, "TOT_EST_CA": 3, "TMATRIC_GE": 2252, "Zona": 1 }, "geometry": { "type": "Point", "coordinates": [ -8258507.183599999174476, 512578.829300001263618 ] } },
{ "type": "Feature", "properties": { "NOMBRE_EST": "COLEGIO CEDID SAN PABLO (IED)", "NOMBRE_SED": "LA AMISTAD", "ORDEN_DE_S": "B", "DIRECCION": "KR 79 A # 65 - 75 SUR", "DISCAPACID": "AUDITIVA-FISICA-INTELECTUAL-MENTAL/PSICOSOCIAL-MULTIPLE-VISUAL", "TALENTOS_O": "CAPACIDADES EXCEPCIONALES-TALENTO EXCEPCIONAL EN ACTIVIDAD FISICA, EJERCICIO Y DEPORTE-TALENTO EXCEPCIONAL EN CIENCIAS SOCIALES O HUMANAS", "GRUPOS_ETN": "AFRODESCENDIENTES-INDIGENAS-NEGRITUDES", "SECTOR": 2, "NATU_JUR": 9, "CALENDARIO": 1, "GENERO": 5, "COD_LOCA": "07", "ESPECIALID": 13, "CLASE_TIPO": 1, "BILINGUE": 5, "FECHA": "2024-04-30", "DANE12_EST": "111001010031", "DANE12_SED": "111102000699", "DA_HIPOACU": 2, "DA_SORDERA": 0, "DA_LENGUAS": 0, "DA_UCASTEL": 0, "DISCAP_FIS": 5, "DISCAP_FLE": 0, "DISCAP_PCE": 0, "DI_DCOGNIT": 24, "DI_SDOWN": 0, "DIS_MULTIP": 8, "DIS_PSICOS": 0, "DV_BAJAVIS": 2, "DIS_CEGUER": 0, "T_ESPECTRO": 0, "T_VOZ_Y_HA": 0, "SISTEMICA": 0, "SORDOCEGUE": 1, "OTRA": 0, "TOT_EST_MA": 42, "AFRODESCEN": 3, "INDIGENAS": 4, "NEGRITUDES": 4, "PALENQUERO": 0, "RAIZALES": 1, "ROM": 0, "TOT_EST_ET": 12, "CAPACID_EX": 0, "DOBLE_EXCE": 0, "TE_ACTFISI": 0, "TE_ARTES": 0, "TE_CNATUR": 0, "TE_CSOCIAL": 0, "TE_LDSOCIA": 0, "TE_TECNOLO": 0, "TOT_EST_CA": 0, "TMATRIC_GE": 1575, "Zona": 1 }, "geometry": { "type": "Point", "coordinates": [ -8258236.670499999076128, 513309.376899998635054 ] } },
{ "type": "Feature", "properties": { "NOMBRE_EST": "COLEGIO CEDID SAN PABLO (IED)", "NOMBRE_SED": "NUEVA GRANADA", "ORDEN_DE_S": "C", "DIRECCION": "CL 70 BIS SUR # 77 L - 05", "DISCAPACID": "FISICA-MENTAL/PSICOSOCIAL-MULTIPLE-SORDOCEGUERA", "TALENTOS_O": "CAPACIDADES EXCEPCIONALES-TALENTO EXCEPCIONAL EN ACTIVIDAD FISICA, EJERCICIO Y DEPORTE-TALENTO EXCEPCIONAL EN ARTES Y LETRAS-TALENTO EXCEPCIONAL EN TECNOLOGIA", "GRUPOS_ETN": "AFRODESCENDIENTES-INDIGENAS-RAIZALES", "SECTOR": 2, "NATU_JUR": 9, "CALENDARIO": 1, "GENERO": 5, "COD_LOCA": "07", "ESPECIALID": 13, "CLASE_TIPO": 1, "BILINGUE": 5, "FECHA": "2024-04-30", "DANE12_EST": "111001010031", "DANE12_SED": "111102000567", "DA_HIPOACU": 0, "DA_SORDERA": 0, "DA_LENGUAS": 0, "DA_UCASTEL": 0, "DISCAP_FIS": 2, "DISCAP_FLE": 0, "DISCAP_PCE": 0, "DI_DCOGNIT": 1, "DI_SDOWN": 0, "DIS_MULTIP": 2, "DIS_PSICOS": 0, "DV_BAJAVIS": 0, "DIS_CEGUER": 0, "T_ESPECTRO": 0, "T_VOZ_Y_HA": 0, "SISTEMICA": 0, "SORDOCEGUE": 0, "OTRA": 0, "TOT_EST_MA": 5, "AFRODESCEN": 1, "INDIGENAS": 0, "NEGRITUDES": 0, "PALENQUERO": 0, "RAIZALES": 0, "ROM": 0, "TOT_EST_ET": 1, "CAPACID_EX": 0, "DOBLE_EXCE": 0, "TE_ACTFISI": 0, "TE_ARTES": 0, "TE_CNATUR": 0, "TE_CSOCIAL": 0, "TE_LDSOCIA": 0, "TE_TECNOLO": 0, "TOT_EST_CA": 0, "TMATRIC_GE": 279, "Zona": 1 }, "geometry": { "type": "Point", "coordinates": [ -8259018.020899999886751, 512729.33219999819994 ] } },
{ "type": "Feature", "properties": { "NOMBRE_EST": "COLEGIO NUEVO CHILE (IED)", "NOMBRE_SED": "NUEVO CHILE", "ORDEN_DE_S": "A", "DIRECCION": "CL 56 SUR # 72 G - 20", "DISCAPACID": "AUDITIVA-FISICA-INTELECTUAL-MENTAL/PSICOSOCIAL-MULTIPLE-SORDOCEGUERA-VISUAL", "TALENTOS_O": "CAPACIDADES EXCEPCIONALES-TALENTO EXCEPCIONAL EN ACTIVIDAD FISICA, EJERCICIO Y DEPORTE-TALENTO EXCEPCIONAL EN ARTES Y LETRAS-TALENTO EXCEPCIONAL EN TECNOLOGIA", "GRUPOS_ETN": "AFRODESCENDIENTES-INDIGENAS-NEGRITUDES", "SECTOR": 2, "NATU_JUR": 9, "CALENDARIO": 1, "GENERO": 5, "COD_LOCA": "07", "ESPECIALID": 1, "CLASE_TIPO": 1, "BILINGUE": 5, "FECHA": "2024-04-30", "DANE12_EST": "111001013676", "DANE12_SED": "111001013676", "DA_HIPOACU": 3, "DA_SORDERA": 0, "DA_LENGUAS": 0, "DA_UCASTEL": 0, "DISCAP_FIS": 10, "DISCAP_FLE": 0, "DISCAP_PCE": 0, "DI_DCOGNIT": 36, "DI_SDOWN": 0, "DIS_MULTIP": 22, "DIS_PSICOS": 3, "DV_BAJAVIS": 0, "DIS_CEGUER": 0, "T_ESPECTRO": 0, "T_VOZ_Y_HA": 0, "SISTEMICA": 0, "SORDOCEGUE": 1, "OTRA": 0, "TOT_EST_MA": 75, "AFRODESCEN": 10, "INDIGENAS": 16, "NEGRITUDES": 18, "PALENQUERO": 0, "RAIZALES": 0, "ROM": 0, "TOT_EST_ET": 44, "CAPACID_EX": 2, "DOBLE_EXCE": 0, "TE_ACTFISI": 2, "TE_ARTES": 0, "TE_CNATUR": 0, "TE_CSOCIAL": 0, "TE_LDSOCIA": 0, "TE_TECNOLO": 0, "TOT_EST_CA": 2, "TMATRIC_GE": 3102, "Zona": 1 }, "geometry": { "type": "Point", "coordinates": [ -8256144.608799999579787, 512993.708700001239777 ] } },
{ "type": "Feature", "properties": { "NOMBRE_EST": "COLEGIO NUEVO CHILE (IED)", "NOMBRE_SED": "RODRIGO DE BASTIDAS", "ORDEN_DE_S": "B", "DIRECCION": "CL 56 A SUR # 72 A - 54", "DISCAPACID": "FISICA-INTELECTUAL-MULTIPLE", "TALENTOS_O": "TALENTO EXCEPCIONAL EN ACTIVIDAD FISICA, EJERCICIO Y DEPORTE-TALENTO EXCEPCIONAL EN ARTES Y LETRAS", "GRUPOS_ETN": "AFRODESCENDIENTES-INDIGENAS-NEGRITUDES", "SECTOR": 2, "NATU_JUR": 9, "CALENDARIO": 1, "GENERO": 5, "COD_LOCA": "07", "ESPECIALID": 13, "CLASE_TIPO": 1, "BILINGUE": 5, "FECHA": "2024-04-30", "DANE12_EST": "111001013676", "DANE12_SED": "111102000923", "DA_HIPOACU": 0, "DA_SORDERA": 0, "DA_LENGUAS": 0, "DA_UCASTEL": 0, "DISCAP_FIS": 1, "DISCAP_FLE": 0, "DISCAP_PCE": 0, "DI_DCOGNIT": 9, "DI_SDOWN": 0, "DIS_MULTIP": 6, "DIS_PSICOS": 1, "DV_BAJAVIS": 0, "DIS_CEGUER": 0, "T_ESPECTRO": 0, "T_VOZ_Y_HA": 0, "SISTEMICA": 0, "SORDOCEGUE": 0, "OTRA": 0, "TOT_EST_MA": 17, "AFRODESCEN": 3, "INDIGENAS": 0, "NEGRITUDES": 3, "PALENQUERO": 0, "RAIZALES": 0, "ROM": 0, "TOT_EST_ET": 6, "CAPACID_EX": 0, "DOBLE_EXCE": 0, "TE_ACTFISI": 0, "TE_ARTES": 0, "TE_CNATUR": 0, "TE_CSOCIAL": 0, "TE_LDSOCIA": 0, "TE_TECNOLO": 0, "TOT_EST_CA": 0, "TMATRIC_GE": 856, "Zona": 1 }, "geometry": { "type": "Point", "coordinates": [ -8255990.217599999159575, 512805.461199998855591 ] } },
{ "type": "Feature", "properties": { "NOMBRE_EST": "COLEGIO BRASILIA - BOSA (IED)", "NOMBRE_SED": "BRASILIA - BOSA", "ORDEN_DE_S": "A", "DIRECCION": "CL 52 A SUR # 87 D - 45", "DISCAPACID": "FISICA-INTELECTUAL-MENTAL/PSICOSOCIAL-MULTIPLE-VISUAL", "TALENTOS_O": "TALENTO EXCEPCIONAL EN ACTIVIDAD FISICA, EJERCICIO Y DEPORTE-TALENTO EXCEPCIONAL EN ARTES Y LETRAS-TALENTO EXCEPCIONAL EN LIDERAZGO SOCIAL Y EMPRENDIMIENTO-TALENTO EXCEPCIONAL EN TECNOLOGIA", "GRUPOS_ETN": "AFRODESCENDIENTES-INDIGENAS-NEGRITUDES-RAIZALES", "SECTOR": 2, "NATU_JUR": 9, "CALENDARIO": 1, "GENERO": 5, "COD_LOCA": "07", "ESPECIALID": 1, "CLASE_TIPO": 1, "BILINGUE": 5, "FECHA": "2024-04-30", "DANE12_EST": "111001014109", "DANE12_SED": "111001014109", "DA_HIPOACU": 0, "DA_SORDERA": 0, "DA_LENGUAS": 0, "DA_UCASTEL": 0, "DISCAP_FIS": 1, "DISCAP_FLE": 0, "DISCAP_PCE": 0, "DI_DCOGNIT": 13, "DI_SDOWN": 0, "DIS_MULTIP": 1, "DIS_PSICOS": 1, "DV_BAJAVIS": 1, "DIS_CEGUER": 0, "T_ESPECTRO": 0, "T_VOZ_Y_HA": 0, "SISTEMICA": 0, "SORDOCEGUE": 0, "OTRA": 0, "TOT_EST_MA": 17, "AFRODESCEN": 9, "INDIGENAS": 11, "NEGRITUDES": 6, "PALENQUERO": 0, "RAIZALES": 1, "ROM": 0, "TOT_EST_ET": 27, "CAPACID_EX": 1, "DOBLE_EXCE": 0, "TE_ACTFISI": 1, "TE_ARTES": 0, "TE_CNATUR": 0, "TE_CSOCIAL": 0, "TE_LDSOCIA": 0, "TE_TECNOLO": 0, "TOT_EST_CA": 1, "TMATRIC_GE": 1892, "Zona": 1 }, "geometry": { "type": "Point", "coordinates": [ -8257825.754699999466538, 515755.885000001639128 ] } },
{ "type": "Feature", "properties": { "NOMBRE_EST": "COLEGIO BRASILIA - BOSA (IED)", "NOMBRE_SED": "LUIS HERNANDO PEREA", "ORDEN_DE_S": "B", "DIRECCION": "KR 87 J # 55 - 06/08 SUR", "DISCAPACID": "INTELECTUAL-MULTIPLE", "TALENTOS_O": "TALENTO EXCEPCIONAL EN ACTIVIDAD FISICA, EJERCICIO Y DEPORTE-TALENTO EXCEPCIONAL EN ARTES Y LETRAS-TALENTO EXCEPCIONAL EN LIDERAZGO SOCIAL Y EMPRENDIMIENTO", "GRUPOS_ETN": "AFRODESCENDIENTES-INDIGENAS-NEGRITUDES", "SECTOR": 2, "NATU_JUR": 9, "CALENDARIO": 1, "GENERO": 5, "COD_LOCA": "07", "ESPECIALID": 13, "CLASE_TIPO": 1, "BILINGUE": 5, "FECHA": "2024-04-30", "DANE12_EST": "111001014109", "DANE12_SED": "211102000219", "DA_HIPOACU": 0, "DA_SORDERA": 0, "DA_LENGUAS": 0, "DA_UCASTEL": 0, "DISCAP_FIS": 1, "DISCAP_FLE": 0, "DISCAP_PCE": 0, "DI_DCOGNIT": 3, "DI_SDOWN": 0, "DIS_MULTIP": 0, "DIS_PSICOS": 0, "DV_BAJAVIS": 0, "DIS_CEGUER": 0, "T_ESPECTRO": 0, "T_VOZ_Y_HA": 0, "SISTEMICA": 0, "SORDOCEGUE": 0, "OTRA": 0, "TOT_EST_MA": 4, "AFRODESCEN": 5, "INDIGENAS": 5, "NEGRITUDES": 0, "PALENQUERO": 0, "RAIZALES": 0, "ROM": 0, "TOT_EST_ET": 10, "CAPACID_EX": 2, "DOBLE_EXCE": 0, "TE_ACTFISI": 2, "TE_ARTES": 0, "TE_CNATUR": 0, "TE_CSOCIAL": 0, "TE_LDSOCIA": 0, "TE_TECNOLO": 0, "TOT_EST_CA": 2, "TMATRIC_GE": 1093, "Zona": 1 }, "geometry": { "type": "Point", "coordinates": [ -8258347.388900000602007, 515625.186500001698732 ] } },
{ "type": "Feature", "properties": { "NOMBRE_EST": "COLEGIO BRASILIA - BOSA (IED)", "NOMBRE_SED": "BRASILIA - BOSA", "ORDEN_DE_S": "C", "DIRECCION": "CL 52 A SUR # 87 D - 40", "DISCAPACID": "INTELECTUAL", "TALENTOS_O": "TALENTO EXCEPCIONAL EN ACTIVIDAD FISICA, EJERCICIO Y DEPORTE-TALENTO EXCEPCIONAL EN ARTES Y LETRAS-TALENTO EXCEPCIONAL EN CIENCIAS NATURALES O BASICAS-TALENTO EXCEPCIONAL EN CIENCIAS SOCIALES O HUMANAS", "GRUPOS_ETN": "AFRODESCENDIENTES-INDIGENAS", "SECTOR": 2, "NATU_JUR": 9, "CALENDARIO": 1, "GENERO": 5, "COD_LOCA": "07", "ESPECIALID": 1, "CLASE_TIPO": 1, "BILINGUE": 5, "FECHA": "2024-04-30", "DANE12_EST": "111001014109", "DANE12_SED": "111001094480", "DA_HIPOACU": 0, "DA_SORDERA": 0, "DA_LENGUAS": 0, "DA_UCASTEL": 0, "DISCAP_FIS": 0, "DISCAP_FLE": 0, "DISCAP_PCE": 0, "DI_DCOGNIT": 4, "DI_SDOWN": 0, "DIS_MULTIP": 1, "DIS_PSICOS": 0, "DV_BAJAVIS": 0, "DIS_CEGUER": 0, "T_ESPECTRO": 0, "T_VOZ_Y_HA": 0, "SISTEMICA": 0, "SORDOCEGUE": 0, "OTRA": 0, "TOT_EST_MA": 6, "AFRODESCEN": 7, "INDIGENAS": 4, "NEGRITUDES": 1, "PALENQUERO": 0, "RAIZALES": 0, "ROM": 0, "TOT_EST_ET": 12, "CAPACID_EX": 2, "DOBLE_EXCE": 0, "TE_ACTFISI": 1, "TE_ARTES": 1, "TE_CNATUR": 0, "TE_CSOCIAL": 0, "TE_LDSOCIA": 0, "TE_TECNOLO": 0, "TOT_EST_CA": 2, "TMATRIC_GE": 549, "Zona": 1 }, "geometry": { "type": "Point", "coordinates": [ -8257816.796800000593066, 515754.722600001841784 ] } },
{ "type": "Feature", "properties": { "NOMBRE_EST": "COLEGIO MOTORISTA (CED)", "NOMBRE_SED": "MOTORISTA", "ORDEN_DE_S": "A", "DIRECCION": "CL 57 N BIS SUR # 75 F - 27  --  CL 57 Ñ SUR # 75 F - 27", "DISCAPACID": "INTELECTUAL", "TALENTOS_O": "TALENTO EXCEPCIONAL EN ACTIVIDAD FISICA, EJERCICIO Y DEPORTE-TALENTO EXCEPCIONAL EN ARTES Y LETRAS", "GRUPOS_ETN": "AFRODESCENDIENTES-INDIGENAS", "SECTOR": 2, "NATU_JUR": 9, "CALENDARIO": 1, "GENERO": 5, "COD_LOCA": "07", "ESPECIALID": 13, "CLASE_TIPO": 1, "BILINGUE": 5, "FECHA": "2024-04-30", "DANE12_EST": "111001041599", "DANE12_SED": "111001041599", "DA_HIPOACU": 0, "DA_SORDERA": 0, "DA_LENGUAS": 0, "DA_UCASTEL": 0, "DISCAP_FIS": 0, "DISCAP_FLE": 0, "DISCAP_PCE": 0, "DI_DCOGNIT": 2, "DI_SDOWN": 0, "DIS_MULTIP": 0, "DIS_PSICOS": 0, "DV_BAJAVIS": 0, "DIS_CEGUER": 0, "T_ESPECTRO": 0, "T_VOZ_Y_HA": 0, "SISTEMICA": 0, "SORDOCEGUE": 0, "OTRA": 0, "TOT_EST_MA": 2, "AFRODESCEN": 2, "INDIGENAS": 5, "NEGRITUDES": 2, "PALENQUERO": 0, "RAIZALES": 0, "ROM": 0, "TOT_EST_ET": 9, "CAPACID_EX": 0, "DOBLE_EXCE": 0, "TE_ACTFISI": 0, "TE_ARTES": 0, "TE_CNATUR": 0, "TE_CSOCIAL": 0, "TE_LDSOCIA": 0, "TE_TECNOLO": 0, "TOT_EST_CA": 0, "TMATRIC_GE": 450, "Zona": 1 }, "geometry": { "type": "Point", "coordinates": [ -8257191.00650000013411, 512385.541400000452995 ] } },
{ "type": "Feature", "properties": { "NOMBRE_EST": "COLEGIO GRANCOLOMBIANO (IED)", "NOMBRE_SED": "GRANCOLOMBIANO", "ORDEN_DE_S": "A", "DIRECCION": "CL 73 F SUR # 80 N BIS - 49", "DISCAPACID": "AUDITIVA-FISICA-INTELECTUAL-MENTAL/PSICOSOCIAL-MULTIPLE-VISUAL", "TALENTOS_O": "CAPACIDADES EXCEPCIONALES-TALENTO EXCEPCIONAL EN ACTIVIDAD FISICA, EJERCICIO Y DEPORTE-TALENTO EXCEPCIONAL EN ARTES Y LETRAS-TALENTO EXCEPCIONAL EN LIDERAZGO SOCIAL Y EMPRENDIMIENTO-TALENTO EXCEPCIONAL EN TECNOLOGIA", "GRUPOS_ETN": "AFRODESCENDIENTES-INDIGENAS-NEGRITUDES-RAIZALES", "SECTOR": 2, "NATU_JUR": 9, "CALENDARIO": 1, "GENERO": 5, "COD_LOCA": "07", "ESPECIALID": 12, "CLASE_TIPO": 1, "BILINGUE": 5, "FECHA": "2024-04-30", "DANE12_EST": "111001046477", "DANE12_SED": "111001046477", "DA_HIPOACU": 3, "DA_SORDERA": 0, "DA_LENGUAS": 0, "DA_UCASTEL": 0, "DISCAP_FIS": 0, "DISCAP_FLE": 0, "DISCAP_PCE": 0, "DI_DCOGNIT": 18, "DI_SDOWN": 0, "DIS_MULTIP": 7, "DIS_PSICOS": 3, "DV_BAJAVIS": 2, "DIS_CEGUER": 0, "T_ESPECTRO": 0, "T_VOZ_Y_HA": 0, "SISTEMICA": 0, "SORDOCEGUE": 0, "OTRA": 0, "TOT_EST_MA": 33, "AFRODESCEN": 8, "INDIGENAS": 10, "NEGRITUDES": 10, "PALENQUERO": 0, "RAIZALES": 3, "ROM": 0, "TOT_EST_ET": 31, "CAPACID_EX": 2, "DOBLE_EXCE": 0, "TE_ACTFISI": 0, "TE_ARTES": 1, "TE_CNATUR": 0, "TE_CSOCIAL": 0, "TE_LDSOCIA": 0, "TE_TECNOLO": 0, "TOT_EST_CA": 2, "TMATRIC_GE": 2063, "Zona": 1 }, "geometry": { "type": "Point", "coordinates": [ -8259869.7675, 513763.631700001657009 ] } },
{ "type": "Feature", "properties": { "NOMBRE_EST": "COLEGIO GRANCOLOMBIANO (IED)", "NOMBRE_SED": "LOS LAURELES", "ORDEN_DE_S": "B", "DIRECCION": "KR 80 K # 73 F - 29 SUR", "DISCAPACID": "AUDITIVA-INTELECTUAL-MENTAL/PSICOSOCIAL-MULTIPLE", "TALENTOS_O": "TALENTO EXCEPCIONAL EN ACTIVIDAD FISICA, EJERCICIO Y DEPORTE", "GRUPOS_ETN": "AFRODESCENDIENTES-INDIGENAS-NEGRITUDES", "SECTOR": 2, "NATU_JUR": 9, "CALENDARIO": 1, "GENERO": 5, "COD_LOCA": "07", "ESPECIALID": 13, "CLASE_TIPO": 1, "BILINGUE": 5, "FECHA": "2024-04-30", "DANE12_EST": "111001046477", "DANE12_SED": "111102000591", "DA_HIPOACU": 0, "DA_SORDERA": 0, "DA_LENGUAS": 0, "DA_UCASTEL": 0, "DISCAP_FIS": 1, "DISCAP_FLE": 0, "DISCAP_PCE": 0, "DI_DCOGNIT": 11, "DI_SDOWN": 0, "DIS_MULTIP": 2, "DIS_PSICOS": 2, "DV_BAJAVIS": 1, "DIS_CEGUER": 0, "T_ESPECTRO": 0, "T_VOZ_Y_HA": 0, "SISTEMICA": 0, "SORDOCEGUE": 0, "OTRA": 0, "TOT_EST_MA": 18, "AFRODESCEN": 6, "INDIGENAS": 5, "NEGRITUDES": 0, "PALENQUERO": 0, "RAIZALES": 0, "ROM": 0, "TOT_EST_ET": 11, "CAPACID_EX": 0, "DOBLE_EXCE": 0, "TE_ACTFISI": 0, "TE_ARTES": 0, "TE_CNATUR": 0, "TE_CSOCIAL": 0, "TE_LDSOCIA": 0, "TE_TECNOLO": 0, "TOT_EST_CA": 0, "TMATRIC_GE": 758, "Zona": 1 }, "geometry": { "type": "Point", "coordinates": [ -8259924.081399999558926, 513629.831300001591444 ] } },
{ "type": "Feature", "properties": { "NOMBRE_EST": "COLEGIO GRANCOLOMBIANO (IED)", "NOMBRE_SED": "CHARLES DE GAULLE", "ORDEN_DE_S": "C", "DIRECCION": "DG 73 D BIS SUR # 79 - 23", "DISCAPACID": "INTELECTUAL", "TALENTOS_O": "CAPACIDADES EXCEPCIONALES-TALENTO EXCEPCIONAL EN ARTES Y LETRAS", "GRUPOS_ETN": "AFRODESCENDIENTES", "SECTOR": 2, "NATU_JUR": 9, "CALENDARIO": 1, "GENERO": 5, "COD_LOCA": "07", "ESPECIALID": 13, "CLASE_TIPO": 1, "BILINGUE": 5, "FECHA": "2024-04-30", "DANE12_EST": "111001046477", "DANE12_SED": "111102000672", "DA_HIPOACU": 0, "DA_SORDERA": 0, "DA_LENGUAS": 0, "DA_UCASTEL": 0, "DISCAP_FIS": 1, "DISCAP_FLE": 0, "DISCAP_PCE": 0, "DI_DCOGNIT": 1, "DI_SDOWN": 0, "DIS_MULTIP": 0, "DIS_PSICOS": 0, "DV_BAJAVIS": 0, "DIS_CEGUER": 0, "T_ESPECTRO": 0, "T_VOZ_Y_HA": 0, "SISTEMICA": 0, "SORDOCEGUE": 0, "OTRA": 0, "TOT_EST_MA": 2, "AFRODESCEN": 0, "INDIGENAS": 2, "NEGRITUDES": 0, "PALENQUERO": 0, "RAIZALES": 0, "ROM": 0, "TOT_EST_ET": 2, "CAPACID_EX": 0, "DOBLE_EXCE": 0, "TE_ACTFISI": 0, "TE_ARTES": 0, "TE_CNATUR": 0, "TE_CSOCIAL": 0, "TE_LDSOCIA": 0, "TE_TECNOLO": 0, "TOT_EST_CA": 0, "TMATRIC_GE": 187, "Zona": 1 }, "geometry": { "type": "Point", "coordinates": [ -8259869.815400000661612, 513763.587499998509884 ] } },
{ "type": "Feature", "properties": { "NOMBRE_EST": "COLEGIO GRANCOLOMBIANO (IED)", "NOMBRE_SED": "LOS NARANJOS", "ORDEN_DE_S": "D", "DIRECCION": "CL 72 A SUR # 80 J - 20", "DISCAPACID": "AUDITIVA-FISICA-INTELECTUAL-MENTAL/PSICOSOCIAL-MULTIPLE-VISUAL", "TALENTOS_O": "CAPACIDADES EXCEPCIONALES-TALENTO EXCEPCIONAL EN ACTIVIDAD FISICA, EJERCICIO Y DEPORTE-TALENTO EXCEPCIONAL EN ARTES Y LETRAS-TALENTO EXCEPCIONAL EN CIENCIAS NATURALES O BASICAS", "GRUPOS_ETN": "AFRODESCENDIENTES-INDIGENAS-NEGRITUDES", "SECTOR": 2, "NATU_JUR": 9, "CALENDARIO": 1, "GENERO": 5, "COD_LOCA": "07", "ESPECIALID": 13, "CLASE_TIPO": 1, "BILINGUE": 5, "FECHA": "2024-04-30", "DANE12_EST": "111001046477", "DANE12_SED": "111102000893", "DA_HIPOACU": 0, "DA_SORDERA": 0, "DA_LENGUAS": 0, "DA_UCASTEL": 0, "DISCAP_FIS": 2, "DISCAP_FLE": 0, "DISCAP_PCE": 0, "DI_DCOGNIT": 7, "DI_SDOWN": 0, "DIS_MULTIP": 3, "DIS_PSICOS": 0, "DV_BAJAVIS": 1, "DIS_CEGUER": 0, "T_ESPECTRO": 0, "T_VOZ_Y_HA": 0, "SISTEMICA": 0, "SORDOCEGUE": 0, "OTRA": 0, "TOT_EST_MA": 13, "AFRODESCEN": 4, "INDIGENAS": 1, "NEGRITUDES": 1, "PALENQUERO": 0, "RAIZALES": 0, "ROM": 0, "TOT_EST_ET": 6, "CAPACID_EX": 0, "DOBLE_EXCE": 0, "TE_ACTFISI": 0, "TE_ARTES": 0, "TE_CNATUR": 0, "TE_CSOCIAL": 0, "TE_LDSOCIA": 0, "TE_TECNOLO": 0, "TOT_EST_CA": 0, "TMATRIC_GE": 676, "Zona": 1 }, "geometry": { "type": "Point", "coordinates": [ -8259558.2511, 513414.38740000128746 ] } },
{ "type": "Feature", "properties": { "NOMBRE_EST": "COLEGIO JOSE ANTONIO GALAN (IED)", "NOMBRE_SED": "JOSE ANTONIO GALAN", "ORDEN_DE_S": "A", "DIRECCION": "KR 78 J # 58 M - 22 SUR", "DISCAPACID": "AUDITIVA-FISICA-INTELECTUAL-MENTAL/PSICOSOCIAL-MULTIPLE-SORDOCEGUERA", "TALENTOS_O": "CAPACIDADES EXCEPCIONALES-TALENTO EXCEPCIONAL EN ACTIVIDAD FISICA, EJERCICIO Y DEPORTE-TALENTO EXCEPCIONAL EN CIENCIAS SOCIALES O HUMANAS", "GRUPOS_ETN": "AFRODESCENDIENTES-INDIGENAS-NEGRITUDES", "SECTOR": 2, "NATU_JUR": 9, "CALENDARIO": 1, "GENERO": 5, "COD_LOCA": "07", "ESPECIALID": 1, "CLASE_TIPO": 1, "BILINGUE": 5, "FECHA": "2024-04-30", "DANE12_EST": "111001046591", "DANE12_SED": "111001046591", "DA_HIPOACU": 3, "DA_SORDERA": 0, "DA_LENGUAS": 0, "DA_UCASTEL": 0, "DISCAP_FIS": 2, "DISCAP_FLE": 0, "DISCAP_PCE": 0, "DI_DCOGNIT": 28, "DI_SDOWN": 0, "DIS_MULTIP": 3, "DIS_PSICOS": 5, "DV_BAJAVIS": 0, "DIS_CEGUER": 0, "T_ESPECTRO": 0, "T_VOZ_Y_HA": 0, "SISTEMICA": 0, "SORDOCEGUE": 0, "OTRA": 0, "TOT_EST_MA": 41, "AFRODESCEN": 12, "INDIGENAS": 12, "NEGRITUDES": 1, "PALENQUERO": 0, "RAIZALES": 0, "ROM": 0, "TOT_EST_ET": 25, "CAPACID_EX": 0, "DOBLE_EXCE": 0, "TE_ACTFISI": 0, "TE_ARTES": 0, "TE_CNATUR": 0, "TE_CSOCIAL": 0, "TE_LDSOCIA": 0, "TE_TECNOLO": 0, "TOT_EST_CA": 0, "TMATRIC_GE": 1738, "Zona": 1 }, "geometry": { "type": "Point", "coordinates": [ -8257575.930299999192357, 513303.766199998557568 ] } },
{ "type": "Feature", "properties": { "NOMBRE_EST": "COLEGIO LLANO ORIENTAL (IED)", "NOMBRE_SED": "LLANO ORIENTAL", "ORDEN_DE_S": "A", "DIRECCION": "CL 73 B SUR # 78 A BIS - 15", "DISCAPACID": "AUDITIVA-FISICA-INTELECTUAL-VISUAL", "TALENTOS_O": "TALENTO EXCEPCIONAL EN ACTIVIDAD FISICA, EJERCICIO Y DEPORTE-TALENTO EXCEPCIONAL EN ARTES Y LETRAS-TALENTO EXCEPCIONAL EN CIENCIAS NATURALES O BASICAS", "GRUPOS_ETN": "AFRODESCENDIENTES-INDIGENAS-NEGRITUDES", "SECTOR": 2, "NATU_JUR": 9, "CALENDARIO": 1, "GENERO": 5, "COD_LOCA": "07", "ESPECIALID": 1, "CLASE_TIPO": 1, "BILINGUE": 5, "FECHA": "2024-04-30", "DANE12_EST": "111001086606", "DANE12_SED": "111001086606", "DA_HIPOACU": 2, "DA_SORDERA": 0, "DA_LENGUAS": 0, "DA_UCASTEL": 0, "DISCAP_FIS": 3, "DISCAP_FLE": 0, "DISCAP_PCE": 0, "DI_DCOGNIT": 6, "DI_SDOWN": 0, "DIS_MULTIP": 2, "DIS_PSICOS": 0, "DV_BAJAVIS": 0, "DIS_CEGUER": 0, "T_ESPECTRO": 0, "T_VOZ_Y_HA": 0, "SISTEMICA": 0, "SORDOCEGUE": 0, "OTRA": 0, "TOT_EST_MA": 13, "AFRODESCEN": 3, "INDIGENAS": 3, "NEGRITUDES": 2, "PALENQUERO": 0, "RAIZALES": 0, "ROM": 0, "TOT_EST_ET": 8, "CAPACID_EX": 0, "DOBLE_EXCE": 0, "TE_ACTFISI": 0, "TE_ARTES": 0, "TE_CNATUR": 0, "TE_CSOCIAL": 0, "TE_LDSOCIA": 0, "TE_TECNOLO": 0, "TOT_EST_CA": 0, "TMATRIC_GE": 1070, "Zona": 1 }, "geometry": { "type": "Point", "coordinates": [ -8259882.140699999406934, 513000.830899998545647 ] } },
{ "type": "Feature", "properties": { "NOMBRE_EST": "COLEGIO LA CONCEPCION (IED)", "NOMBRE_SED": "LA CONCEPCION", "ORDEN_DE_S": "A", "DIRECCION": "KR 87 K # 69 - 40 SUR", "DISCAPACID": "FISICA-INTELECTUAL-MULTIPLE", "TALENTOS_O": "CAPACIDADES EXCEPCIONALES-TALENTO EXCEPCIONAL EN ACTIVIDAD FISICA, EJERCICIO Y DEPORTE-TALENTO EXCEPCIONAL EN LIDERAZGO SOCIAL Y EMPRENDIMIENTO", "GRUPOS_ETN": "AFRODESCENDIENTES-INDIGENAS-NEGRITUDES", "SECTOR": 2, "NATU_JUR": 9, "CALENDARIO": 1, "GENERO": 5, "COD_LOCA": "07", "ESPECIALID": 13, "CLASE_TIPO": 1, "BILINGUE": 5, "FECHA": "2024-04-30", "DANE12_EST": "111001086754", "DANE12_SED": "111001086754", "DA_HIPOACU": 0, "DA_SORDERA": 0, "DA_LENGUAS": 0, "DA_UCASTEL": 0, "DISCAP_FIS": 1, "DISCAP_FLE": 0, "DISCAP_PCE": 0, "DI_DCOGNIT": 6, "DI_SDOWN": 0, "DIS_MULTIP": 5, "DIS_PSICOS": 0, "DV_BAJAVIS": 0, "DIS_CEGUER": 0, "T_ESPECTRO": 0, "T_VOZ_Y_HA": 0, "SISTEMICA": 0, "SORDOCEGUE": 0, "OTRA": 0, "TOT_EST_MA": 12, "AFRODESCEN": 7, "INDIGENAS": 7, "NEGRITUDES": 1, "PALENQUERO": 0, "RAIZALES": 0, "ROM": 0, "TOT_EST_ET": 15, "CAPACID_EX": 0, "DOBLE_EXCE": 0, "TE_ACTFISI": 0, "TE_ARTES": 0, "TE_CNATUR": 0, "TE_CSOCIAL": 0, "TE_LDSOCIA": 0, "TE_TECNOLO": 0, "TOT_EST_CA": 0, "TMATRIC_GE": 475, "Zona": 1 }, "geometry": { "type": "Point", "coordinates": [ -8259340.653699999675155, 515118.351700000464916 ] } },
{ "type": "Feature", "properties": { "NOMBRE_EST": "COLEGIO LA CONCEPCION (IED)", "NOMBRE_SED": "NUESTRA SEÑORA DE LOURDES", "ORDEN_DE_S": "B", "DIRECCION": "KR 78 J # 60 A - 49/51 SUR  --  CL 63 SUR # 78 J -10", "DISCAPACID": "FISICA-INTELECTUAL-MENTAL/PSICOSOCIAL-MULTIPLE", "TALENTOS_O": "TALENTO EXCEPCIONAL EN ACTIVIDAD FISICA, EJERCICIO Y DEPORTE-TALENTO EXCEPCIONAL EN ARTES Y LETRAS", "GRUPOS_ETN": "AFRODESCENDIENTES-INDIGENAS-NEGRITUDES", "SECTOR": 2, "NATU_JUR": 9, "CALENDARIO": 1, "GENERO": 5, "COD_LOCA": "07", "ESPECIALID": 1, "CLASE_TIPO": 1, "BILINGUE": 5, "FECHA": "2024-04-30", "DANE12_EST": "111001086754", "DANE12_SED": "111001104132", "DA_HIPOACU": 0, "DA_SORDERA": 0, "DA_LENGUAS": 0, "DA_UCASTEL": 0, "DISCAP_FIS": 2, "DISCAP_FLE": 0, "DISCAP_PCE": 0, "DI_DCOGNIT": 33, "DI_SDOWN": 0, "DIS_MULTIP": 9, "DIS_PSICOS": 0, "DV_BAJAVIS": 0, "DIS_CEGUER": 0, "T_ESPECTRO": 0, "T_VOZ_Y_HA": 0, "SISTEMICA": 0, "SORDOCEGUE": 0, "OTRA": 0, "TOT_EST_MA": 44, "AFRODESCEN": 5, "INDIGENAS": 5, "NEGRITUDES": 8, "PALENQUERO": 0, "RAIZALES": 0, "ROM": 0, "TOT_EST_ET": 18, "CAPACID_EX": 2, "DOBLE_EXCE": 0, "TE_ACTFISI": 0, "TE_ARTES": 1, "TE_CNATUR": 0, "TE_CSOCIAL": 0, "TE_LDSOCIA": 0, "TE_TECNOLO": 0, "TOT_EST_CA": 2, "TMATRIC_GE": 1211, "Zona": 1 }, "geometry": { "type": "Point", "coordinates": [ -8257940.260099999606609, 513196.393399998545647 ] } },
{ "type": "Feature", "properties": { "NOMBRE_EST": "COLEGIO LA ESPERANZA (IED)", "NOMBRE_SED": "COLEGIO LA ESPERANZA (IED) - SEDE PRINCIPAL", "ORDEN_DE_S": "A", "DIRECCION": "CL 77 A SUR # 86 - 40", "DISCAPACID": "AUDITIVA-INTELECTUAL-MENTAL/PSICOSOCIAL-MULTIPLE-SORDOCEGUERA", "TALENTOS_O": "CAPACIDADES EXCEPCIONALES-TALENTO EXCEPCIONAL EN ACTIVIDAD FISICA, EJERCICIO Y DEPORTE-TALENTO EXCEPCIONAL EN CIENCIAS SOCIALES O HUMANAS-TALENTO EXCEPCIONAL EN LIDERAZGO SOCIAL Y EMPRENDIMIENTO", "GRUPOS_ETN": "INDIGENAS-NEGRITUDES-PALENQUEROS", "SECTOR": 2, "NATU_JUR": 9, "CALENDARIO": 1, "GENERO": 5, "COD_LOCA": "07", "ESPECIALID": 1, "CLASE_TIPO": 2, "BILINGUE": 5, "FECHA": "2024-04-30", "DANE12_EST": "111001098876", "DANE12_SED": "111001098876", "DA_HIPOACU": 5, "DA_SORDERA": 0, "DA_LENGUAS": 0, "DA_UCASTEL": 0, "DISCAP_FIS": 1, "DISCAP_FLE": 0, "DISCAP_PCE": 0, "DI_DCOGNIT": 7, "DI_SDOWN": 0, "DIS_MULTIP": 4, "DIS_PSICOS": 1, "DV_BAJAVIS": 0, "DIS_CEGUER": 0, "T_ESPECTRO": 0, "T_VOZ_Y_HA": 0, "SISTEMICA": 0, "SORDOCEGUE": 1, "OTRA": 0, "TOT_EST_MA": 19, "AFRODESCEN": 0, "INDIGENAS": 4, "NEGRITUDES": 1, "PALENQUERO": 0, "RAIZALES": 0, "ROM": 0, "TOT_EST_ET": 5, "CAPACID_EX": 1, "DOBLE_EXCE": 0, "TE_ACTFISI": 1, "TE_ARTES": 0, "TE_CNATUR": 0, "TE_CSOCIAL": 0, "TE_LDSOCIA": 0, "TE_TECNOLO": 0, "TOT_EST_CA": 1, "TMATRIC_GE": 1048, "Zona": 1 }, "geometry": { "type": "Point", "coordinates": [ -8260447.89750000089407, 513718.691799998283386 ] } },
{ "type": "Feature", "properties": { "NOMBRE_EST": "COLEGIO LOS NARANJOS (IED)", "NOMBRE_SED": "COLEGIO LOS NARANJOS (IED) - SEDE PRINCIPAL", "ORDEN_DE_S": "A", "DIRECCION": "KR 80 M # 71 C - 31 SUR", "DISCAPACID": "AUDITIVA-FISICA-INTELECTUAL-MULTIPLE", "TALENTOS_O": "CAPACIDADES EXCEPCIONALES-TALENTO EXCEPCIONAL EN ACTIVIDAD FISICA, EJERCICIO Y DEPORTE-TALENTO EXCEPCIONAL EN ARTES Y LETRAS", "GRUPOS_ETN": "AFRODESCENDIENTES-INDIGENAS", "SECTOR": 2, "NATU_JUR": 9, "CALENDARIO": 1, "GENERO": 5, "COD_LOCA": "07", "ESPECIALID": 1, "CLASE_TIPO": 2, "BILINGUE": 5, "FECHA": "2024-04-30", "DANE12_EST": "111001098884", "DANE12_SED": "111001098884", "DA_HIPOACU": 0, "DA_SORDERA": 0, "DA_LENGUAS": 0, "DA_UCASTEL": 0, "DISCAP_FIS": 0, "DISCAP_FLE": 0, "DISCAP_PCE": 0, "DI_DCOGNIT": 9, "DI_SDOWN": 0, "DIS_MULTIP": 3, "DIS_PSICOS": 0, "DV_BAJAVIS": 1, "DIS_CEGUER": 0, "T_ESPECTRO": 0, "T_VOZ_Y_HA": 0, "SISTEMICA": 0, "SORDOCEGUE": 0, "OTRA": 0, "TOT_EST_MA": 14, "AFRODESCEN": 0, "INDIGENAS": 5, "NEGRITUDES": 0, "PALENQUERO": 0, "RAIZALES": 0, "ROM": 0, "TOT_EST_ET": 5, "CAPACID_EX": 0, "DOBLE_EXCE": 0, "TE_ACTFISI": 0, "TE_ARTES": 0, "TE_CNATUR": 0, "TE_CSOCIAL": 0, "TE_LDSOCIA": 0, "TE_TECNOLO": 0, "TOT_EST_CA": 0, "TMATRIC_GE": 979, "Zona": 1 }, "geometry": { "type": "Point", "coordinates": [ -8260143.603399999439716, 513731.542199999094009 ] } },
{ "type": "Feature", "properties": { "NOMBRE_EST": "COLEGIO ARGELIA (IED)", "NOMBRE_SED": "COLEGIO ARGELIA (IED) - SEDE PRINCIPAL", "ORDEN_DE_S": "A", "DIRECCION": "CL 60 SUR # 89 A - 12", "DISCAPACID": "AUDITIVA-INTELECTUAL-MENTAL/PSICOSOCIAL-VISUAL", "TALENTOS_O": "TALENTO EXCEPCIONAL EN ACTIVIDAD FISICA, EJERCICIO Y DEPORTE-TALENTO EXCEPCIONAL EN ARTES Y LETRAS-TALENTO EXCEPCIONAL EN LIDERAZGO SOCIAL Y EMPRENDIMIENTO", "GRUPOS_ETN": "AFRODESCENDIENTES-INDIGENAS", "SECTOR": 2, "NATU_JUR": 9, "CALENDARIO": 1, "GENERO": 5, "COD_LOCA": "07", "ESPECIALID": 1, "CLASE_TIPO": 2, "BILINGUE": 5, "FECHA": "2024-04-30", "DANE12_EST": "111001100064", "DANE12_SED": "111001100064", "DA_HIPOACU": 3, "DA_SORDERA": 0, "DA_LENGUAS": 0, "DA_UCASTEL": 0, "DISCAP_FIS": 0, "DISCAP_FLE": 0, "DISCAP_PCE": 0, "DI_DCOGNIT": 8, "DI_SDOWN": 0, "DIS_MULTIP": 4, "DIS_PSICOS": 0, "DV_BAJAVIS": 1, "DIS_CEGUER": 0, "T_ESPECTRO": 0, "T_VOZ_Y_HA": 0, "SISTEMICA": 0, "SORDOCEGUE": 0, "OTRA": 0, "TOT_EST_MA": 16, "AFRODESCEN": 10, "INDIGENAS": 3, "NEGRITUDES": 0, "PALENQUERO": 0, "RAIZALES": 0, "ROM": 0, "TOT_EST_ET": 13, "CAPACID_EX": 1, "DOBLE_EXCE": 0, "TE_ACTFISI": 0, "TE_ARTES": 0, "TE_CNATUR": 0, "TE_CSOCIAL": 0, "TE_LDSOCIA": 0, "TE_TECNOLO": 0, "TOT_EST_CA": 1, "TMATRIC_GE": 1224, "Zona": 1 }, "geometry": { "type": "Point", "coordinates": [ -8258393.327099999412894, 513951.495799999684095 ] } },
{ "type": "Feature", "properties": { "NOMBRE_EST": "COLEGIO SANTIAGO DE LAS ATALAYAS (IED)", "NOMBRE_SED": "COLEGIO SANTIAGO DE LAS ATALAYAS (IED) - SEDE PRINCIPAL", "ORDEN_DE_S": "A", "DIRECCION": "CL 61 SUR # 103 - 33", "DISCAPACID": "AUDITIVA-FISICA-INTELECTUAL-MULTIPLE", "TALENTOS_O": "TALENTO EXCEPCIONAL EN ACTIVIDAD FISICA, EJERCICIO Y DEPORTE-TALENTO EXCEPCIONAL EN ARTES Y LETRAS-TALENTO EXCEPCIONAL EN LIDERAZGO SOCIAL Y EMPRENDIMIENTO", "GRUPOS_ETN": "AFRODESCENDIENTES-INDIGENAS-NEGRITUDES-PALENQUEROS", "SECTOR": 2, "NATU_JUR": 9, "CALENDARIO": 1, "GENERO": 5, "COD_LOCA": "07", "ESPECIALID": 1, "CLASE_TIPO": 2, "BILINGUE": 5, "FECHA": "2024-04-30", "DANE12_EST": "111001100072", "DANE12_SED": "111001100072", "DA_HIPOACU": 5, "DA_SORDERA": 0, "DA_LENGUAS": 0, "DA_UCASTEL": 0, "DISCAP_FIS": 4, "DISCAP_FLE": 0, "DISCAP_PCE": 0, "DI_DCOGNIT": 11, "DI_SDOWN": 0, "DIS_MULTIP": 3, "DIS_PSICOS": 0, "DV_BAJAVIS": 0, "DIS_CEGUER": 0, "T_ESPECTRO": 0, "T_VOZ_Y_HA": 0, "SISTEMICA": 0, "SORDOCEGUE": 0, "OTRA": 0, "TOT_EST_MA": 23, "AFRODESCEN": 17, "INDIGENAS": 8, "NEGRITUDES": 0, "PALENQUERO": 1, "RAIZALES": 0, "ROM": 0, "TOT_EST_ET": 26, "CAPACID_EX": 3, "DOBLE_EXCE": 0, "TE_ACTFISI": 2, "TE_ARTES": 1, "TE_CNATUR": 0, "TE_CSOCIAL": 0, "TE_LDSOCIA": 0, "TE_TECNOLO": 0, "TOT_EST_CA": 3, "TMATRIC_GE": 1381, "Zona": 1 }, "geometry": { "type": "Point", "coordinates": [ -8259101.664100000634789, 515907.964600000530481 ] } },
{ "type": "Feature", "properties": { "NOMBRE_EST": "COLEGIO SAN IGNACIO (IED)", "NOMBRE_SED": "COLEGIO SAN IGNACIO (IED) - SEDE PRINCIPAL", "ORDEN_DE_S": "A", "DIRECCION": "CL 56 F SUR # 91 D - 14", "DISCAPACID": "FISICA-INTELECTUAL-MULTIPLE", "TALENTOS_O": "TALENTO EXCEPCIONAL EN LIDERAZGO SOCIAL Y EMPRENDIMIENTO", "GRUPOS_ETN": "AFRODESCENDIENTES-INDIGENAS-NEGRITUDES", "SECTOR": 2, "NATU_JUR": 9, "CALENDARIO": 1, "GENERO": 5, "COD_LOCA": "07", "ESPECIALID": 1, "CLASE_TIPO": 2, "BILINGUE": 5, "FECHA": "2024-04-30", "DANE12_EST": "111001104051", "DANE12_SED": "111001104051", "DA_HIPOACU": 0, "DA_SORDERA": 0, "DA_LENGUAS": 0, "DA_UCASTEL": 0, "DISCAP_FIS": 5, "DISCAP_FLE": 0, "DISCAP_PCE": 0, "DI_DCOGNIT": 5, "DI_SDOWN": 0, "DIS_MULTIP": 3, "DIS_PSICOS": 1, "DV_BAJAVIS": 0, "DIS_CEGUER": 0, "T_ESPECTRO": 0, "T_VOZ_Y_HA": 0, "SISTEMICA": 0, "SORDOCEGUE": 0, "OTRA": 0, "TOT_EST_MA": 14, "AFRODESCEN": 11, "INDIGENAS": 3, "NEGRITUDES": 2, "PALENQUERO": 0, "RAIZALES": 0, "ROM": 0, "TOT_EST_ET": 16, "CAPACID_EX": 0, "DOBLE_EXCE": 0, "TE_ACTFISI": 0, "TE_ARTES": 0, "TE_CNATUR": 0, "TE_CSOCIAL": 0, "TE_LDSOCIA": 0, "TE_TECNOLO": 0, "TOT_EST_CA": 0, "TMATRIC_GE": 1349, "Zona": 1 }, "geometry": { "type": "Point", "coordinates": [ -8258782.484400000423193, 516308.069400001317263 ] } },
{ "type": "Feature", "properties": { "NOMBRE_EST": "COLEGIO LEONARDO POSADA PEDRAZA (IED)", "NOMBRE_SED": "LEONARDO POSADA PEDRAZA", "ORDEN_DE_S": "A", "DIRECCION": "KR 92 # 72 - 42 SUR", "DISCAPACID": "AUDITIVA-FISICA-INTELECTUAL-MENTAL/PSICOSOCIAL-MULTIPLE-VISUAL", "TALENTOS_O": "CAPACIDADES EXCEPCIONALES-TALENTO EXCEPCIONAL EN ACTIVIDAD FISICA, EJERCICIO Y DEPORTE-TALENTO EXCEPCIONAL EN ARTES Y LETRAS-TALENTO EXCEPCIONAL EN TECNOLOGIA", "GRUPOS_ETN": "AFRODESCENDIENTES-INDIGENAS-NEGRITUDES", "SECTOR": 2, "NATU_JUR": 9, "CALENDARIO": 1, "GENERO": 5, "COD_LOCA": "07", "ESPECIALID": 1, "CLASE_TIPO": 1, "BILINGUE": 5, "FECHA": "2024-04-30", "DANE12_EST": "111001104183", "DANE12_SED": "111001104183", "DA_HIPOACU": 3, "DA_SORDERA": 0, "DA_LENGUAS": 0, "DA_UCASTEL": 0, "DISCAP_FIS": 2, "DISCAP_FLE": 0, "DISCAP_PCE": 0, "DI_DCOGNIT": 18, "DI_SDOWN": 0, "DIS_MULTIP": 16, "DIS_PSICOS": 2, "DV_BAJAVIS": 1, "DIS_CEGUER": 0, "T_ESPECTRO": 0, "T_VOZ_Y_HA": 0, "SISTEMICA": 0, "SORDOCEGUE": 0, "OTRA": 0, "TOT_EST_MA": 42, "AFRODESCEN": 14, "INDIGENAS": 16, "NEGRITUDES": 13, "PALENQUERO": 0, "RAIZALES": 0, "ROM": 0, "TOT_EST_ET": 43, "CAPACID_EX": 1, "DOBLE_EXCE": 0, "TE_ACTFISI": 0, "TE_ARTES": 1, "TE_CNATUR": 0, "TE_CSOCIAL": 0, "TE_LDSOCIA": 0, "TE_TECNOLO": 0, "TOT_EST_CA": 1, "TMATRIC_GE": 3362, "Zona": 1 }, "geometry": { "type": "Point", "coordinates": [ -8260072.04619999974966, 515721.121599998325109 ] } },
{ "type": "Feature", "properties": { "NOMBRE_EST": "COLEGIO ALFONSO REYES ECHANDIA (IED)", "NOMBRE_SED": "ALFONSO REYES ECHANDIA", "ORDEN_DE_S": "A", "DIRECCION": "KR 86 # 74 - 00 SUR", "DISCAPACID": "AUDITIVA-FISICA-INTELECTUAL-MENTAL/PSICOSOCIAL-MULTIPLE-SORDOCEGUERA-VISUAL", "TALENTOS_O": "CAPACIDADES EXCEPCIONALES-TALENTO EXCEPCIONAL EN ACTIVIDAD FISICA, EJERCICIO Y DEPORTE-TALENTO EXCEPCIONAL EN ARTES Y LETRAS-TALENTO EXCEPCIONAL EN CIENCIAS SOCIALES O HUMANAS", "GRUPOS_ETN": "AFRODESCENDIENTES-INDIGENAS-NEGRITUDES-RAIZALES", "SECTOR": 2, "NATU_JUR": 9, "CALENDARIO": 1, "GENERO": 5, "COD_LOCA": "07", "ESPECIALID": 1, "CLASE_TIPO": 1, "BILINGUE": 5, "FECHA": "2024-04-30", "DANE12_EST": "111001104299", "DANE12_SED": "111001104299", "DA_HIPOACU": 3, "DA_SORDERA": 0, "DA_LENGUAS": 0, "DA_UCASTEL": 0, "DISCAP_FIS": 7, "DISCAP_FLE": 0, "DISCAP_PCE": 0, "DI_DCOGNIT": 36, "DI_SDOWN": 0, "DIS_MULTIP": 11, "DIS_PSICOS": 5, "DV_BAJAVIS": 2, "DIS_CEGUER": 0, "T_ESPECTRO": 0, "T_VOZ_Y_HA": 0, "SISTEMICA": 0, "SORDOCEGUE": 3, "OTRA": 0, "TOT_EST_MA": 67, "AFRODESCEN": 47, "INDIGENAS": 22, "NEGRITUDES": 9, "PALENQUERO": 0, "RAIZALES": 1, "ROM": 0, "TOT_EST_ET": 79, "CAPACID_EX": 0, "DOBLE_EXCE": 0, "TE_ACTFISI": 0, "TE_ARTES": 0, "TE_CNATUR": 0, "TE_CSOCIAL": 0, "TE_LDSOCIA": 0, "TE_TECNOLO": 0, "TOT_EST_CA": 0, "TMATRIC_GE": 3166, "Zona": 1 }, "geometry": { "type": "Point", "coordinates": [ -8259897.448200000450015, 514455.72690000012517 ] } },
{ "type": "Feature", "properties": { "NOMBRE_EST": "COLEGIO ORLANDO HIGUITA ROJAS (IED)", "NOMBRE_SED": "ORLANDO HIGUITA ROJAS", "ORDEN_DE_S": "A", "DIRECCION": "CL 57 SUR # 87 H - 03", "DISCAPACID": "FISICA-INTELECTUAL-MENTAL/PSICOSOCIAL-MULTIPLE-VISUAL", "TALENTOS_O": "CAPACIDADES EXCEPCIONALES-TALENTO EXCEPCIONAL EN ACTIVIDAD FISICA, EJERCICIO Y DEPORTE-TALENTO EXCEPCIONAL EN ARTES Y LETRAS-TALENTO EXCEPCIONAL EN CIENCIAS SOCIALES O HUMANAS-TALENTO EXCEPCIONAL EN LIDERAZGO SOCIAL Y EMPRENDIMIENTO", "GRUPOS_ETN": "AFRODESCENDIENTES-INDIGENAS-NEGRITUDES", "SECTOR": 2, "NATU_JUR": 9, "CALENDARIO": 1, "GENERO": 5, "COD_LOCA": "07", "ESPECIALID": 1, "CLASE_TIPO": 1, "BILINGUE": 5, "FECHA": "2024-04-30", "DANE12_EST": "111001104302", "DANE12_SED": "111001104302", "DA_HIPOACU": 0, "DA_SORDERA": 0, "DA_LENGUAS": 0, "DA_UCASTEL": 0, "DISCAP_FIS": 8, "DISCAP_FLE": 0, "DISCAP_PCE": 0, "DI_DCOGNIT": 63, "DI_SDOWN": 0, "DIS_MULTIP": 12, "DIS_PSICOS": 5, "DV_BAJAVIS": 4, "DIS_CEGUER": 0, "T_ESPECTRO": 0, "T_VOZ_Y_HA": 0, "SISTEMICA": 0, "SORDOCEGUE": 0, "OTRA": 0, "TOT_EST_MA": 93, "AFRODESCEN": 21, "INDIGENAS": 10, "NEGRITUDES": 20, "PALENQUERO": 0, "RAIZALES": 0, "ROM": 0, "TOT_EST_ET": 51, "CAPACID_EX": 2, "DOBLE_EXCE": 0, "TE_ACTFISI": 2, "TE_ARTES": 0, "TE_CNATUR": 0, "TE_CSOCIAL": 0, "TE_LDSOCIA": 0, "TE_TECNOLO": 0, "TOT_EST_CA": 2, "TMATRIC_GE": 2508, "Zona": 1 }, "geometry": { "type": "Point", "coordinates": [ -8258711.536100000143051, 515821.655600000172853 ] } },
{ "type": "Feature", "properties": { "NOMBRE_EST": "COLEGIO ORLANDO HIGUITA ROJAS (IED)", "NOMBRE_SED": "JUAN MAXIMILIANO AMBROSIO", "ORDEN_DE_S": "B", "DIRECCION": "CL 57 SUR # 86 F - 30", "DISCAPACID": "AUDITIVA-FISICA-INTELECTUAL-MENTAL/PSICOSOCIAL-MULTIPLE", "TALENTOS_O": "CAPACIDADES EXCEPCIONALES-TALENTO EXCEPCIONAL EN ACTIVIDAD FISICA, EJERCICIO Y DEPORTE-TALENTO EXCEPCIONAL EN ARTES Y LETRAS-TALENTO EXCEPCIONAL EN LIDERAZGO SOCIAL Y EMPRENDIMIENTO-TALENTO EXCEPCIONAL EN TECNOLOGIA", "GRUPOS_ETN": "AFRODESCENDIENTES-INDIGENAS-NEGRITUDES", "SECTOR": 2, "NATU_JUR": 9, "CALENDARIO": 1, "GENERO": 5, "COD_LOCA": "07", "ESPECIALID": 13, "CLASE_TIPO": 1, "BILINGUE": 5, "FECHA": "2024-04-30", "DANE12_EST": "111001104302", "DANE12_SED": "211102000251", "DA_HIPOACU": 5, "DA_SORDERA": 0, "DA_LENGUAS": 0, "DA_UCASTEL": 0, "DISCAP_FIS": 1, "DISCAP_FLE": 0, "DISCAP_PCE": 0, "DI_DCOGNIT": 15, "DI_SDOWN": 0, "DIS_MULTIP": 6, "DIS_PSICOS": 1, "DV_BAJAVIS": 0, "DIS_CEGUER": 0, "T_ESPECTRO": 0, "T_VOZ_Y_HA": 0, "SISTEMICA": 0, "SORDOCEGUE": 0, "OTRA": 0, "TOT_EST_MA": 28, "AFRODESCEN": 4, "INDIGENAS": 3, "NEGRITUDES": 2, "PALENQUERO": 0, "RAIZALES": 0, "ROM": 0, "TOT_EST_ET": 9, "CAPACID_EX": 0, "DOBLE_EXCE": 0, "TE_ACTFISI": 0, "TE_ARTES": 0, "TE_CNATUR": 0, "TE_CSOCIAL": 0, "TE_LDSOCIA": 0, "TE_TECNOLO": 0, "TOT_EST_CA": 0, "TMATRIC_GE": 938, "Zona": 1 }, "geometry": { "type": "Point", "coordinates": [ -8258210.190899999812245, 515166.956799998879433 ] } },
{ "type": "Feature", "properties": { "NOMBRE_EST": "COLEGIO CARLOS PIZARRO LEON GOMEZ (IED)", "NOMBRE_SED": "CARLOS PIZARRO LEON GOMEZ", "ORDEN_DE_S": "A", "DIRECCION": "CL 72 SUR # 100 A - 71", "DISCAPACID": "AUDITIVA-FISICA-INTELECTUAL-MENTAL/PSICOSOCIAL-MULTIPLE-VISUAL", "TALENTOS_O": "CAPACIDADES EXCEPCIONALES-TALENTO EXCEPCIONAL EN ACTIVIDAD FISICA, EJERCICIO Y DEPORTE-TALENTO EXCEPCIONAL EN ARTES Y LETRAS-TALENTO EXCEPCIONAL EN CIENCIAS NATURALES O BASICAS-TALENTO EXCEPCIONAL EN LIDERAZGO SOCIAL Y EMPRENDIMIENTO-TALENTO EXCEPCIONAL", "GRUPOS_ETN": "AFRODESCENDIENTES-INDIGENAS-NEGRITUDES", "SECTOR": 2, "NATU_JUR": 9, "CALENDARIO": 1, "GENERO": 5, "COD_LOCA": "07", "ESPECIALID": 1, "CLASE_TIPO": 1, "BILINGUE": 5, "FECHA": "2024-04-30", "DANE12_EST": "111001104329", "DANE12_SED": "111001104329", "DA_HIPOACU": 2, "DA_SORDERA": 0, "DA_LENGUAS": 0, "DA_UCASTEL": 0, "DISCAP_FIS": 7, "DISCAP_FLE": 0, "DISCAP_PCE": 0, "DI_DCOGNIT": 103, "DI_SDOWN": 0, "DIS_MULTIP": 30, "DIS_PSICOS": 10, "DV_BAJAVIS": 2, "DIS_CEGUER": 0, "T_ESPECTRO": 0, "T_VOZ_Y_HA": 0, "SISTEMICA": 0, "SORDOCEGUE": 0, "OTRA": 0, "TOT_EST_MA": 154, "AFRODESCEN": 27, "INDIGENAS": 12, "NEGRITUDES": 11, "PALENQUERO": 0, "RAIZALES": 0, "ROM": 0, "TOT_EST_ET": 50, "CAPACID_EX": 2, "DOBLE_EXCE": 0, "TE_ACTFISI": 1, "TE_ARTES": 1, "TE_CNATUR": 0, "TE_CSOCIAL": 0, "TE_LDSOCIA": 0, "TE_TECNOLO": 0, "TOT_EST_CA": 2, "TMATRIC_GE": 4029, "Zona": 1 }, "geometry": { "type": "Point", "coordinates": [ -8260441.090299999341369, 516592.029599998146296 ] } },
{ "type": "Feature", "properties": { "NOMBRE_EST": "COLEGIO ALFONSO LOPEZ MICHELSEN (IED)", "NOMBRE_SED": "ALFONSO LOPEZ MICHELSEN", "ORDEN_DE_S": "A", "DIRECCION": "KR 98 B # 74 - 68 SUR", "DISCAPACID": "AUDITIVA-FISICA-INTELECTUAL-MENTAL/PSICOSOCIAL-MULTIPLE-SORDOCEGUERA-VISUAL", "TALENTOS_O": "CAPACIDADES EXCEPCIONALES-TALENTO CIENTIFICO-TALENTO EXCEPCIONAL EN ACTIVIDAD FISICA, EJERCICIO Y DEPORTE-TALENTO EXCEPCIONAL EN ARTES Y LETRAS", "GRUPOS_ETN": "AFRODESCENDIENTES-INDIGENAS-NEGRITUDES", "SECTOR": 2, "NATU_JUR": 9, "CALENDARIO": 1, "GENERO": 5, "COD_LOCA": "07", "ESPECIALID": 1, "CLASE_TIPO": 1, "BILINGUE": 5, "FECHA": "2024-04-30", "DANE12_EST": "111001106950", "DANE12_SED": "111001106950", "DA_HIPOACU": 4, "DA_SORDERA": 0, "DA_LENGUAS": 0, "DA_UCASTEL": 0, "DISCAP_FIS": 7, "DISCAP_FLE": 0, "DISCAP_PCE": 0, "DI_DCOGNIT": 28, "DI_SDOWN": 0, "DIS_MULTIP": 11, "DIS_PSICOS": 12, "DV_BAJAVIS": 2, "DIS_CEGUER": 0, "T_ESPECTRO": 0, "T_VOZ_Y_HA": 0, "SISTEMICA": 0, "SORDOCEGUE": 0, "OTRA": 0, "TOT_EST_MA": 64, "AFRODESCEN": 21, "INDIGENAS": 15, "NEGRITUDES": 5, "PALENQUERO": 0, "RAIZALES": 0, "ROM": 0, "TOT_EST_ET": 41, "CAPACID_EX": 5, "DOBLE_EXCE": 1, "TE_ACTFISI": 1, "TE_ARTES": 3, "TE_CNATUR": 0, "TE_CSOCIAL": 0, "TE_LDSOCIA": 0, "TE_TECNOLO": 0, "TOT_EST_CA": 5, "TMATRIC_GE": 3310, "Zona": 5 }, "geometry": { "type": "Point", "coordinates": [ -8260635.460799999535084, 516159.239500001072884 ] } },
{ "type": "Feature", "properties": { "NOMBRE_EST": "COLEGIO JOSE FRANCISCO SOCARRAS (IED)", "NOMBRE_SED": "JOSE FRANCISCO SOCARRAS", "ORDEN_DE_S": "A", "DIRECCION": "KR 88 C # 66 A - 03 SUR", "DISCAPACID": "AUDITIVA-FISICA-INTELECTUAL-MENTAL/PSICOSOCIAL-MULTIPLE-VISUAL", "TALENTOS_O": "CAPACIDADES EXCEPCIONALES-TALENTO EXCEPCIONAL EN ACTIVIDAD FISICA, EJERCICIO Y DEPORTE-TALENTO EXCEPCIONAL EN ARTES Y LETRAS-TALENTO EXCEPCIONAL EN CIENCIAS NATURALES O BASICAS-TALENTO EXCEPCIONAL EN CIENCIAS SOCIALES O HUMANAS-TALENTO EXCEPCIONAL EN TEC", "GRUPOS_ETN": "AFRODESCENDIENTES-INDIGENAS-NEGRITUDES", "SECTOR": 2, "NATU_JUR": 9, "CALENDARIO": 1, "GENERO": 5, "COD_LOCA": "07", "ESPECIALID": 1, "CLASE_TIPO": 1, "BILINGUE": 5, "FECHA": "2024-04-30", "DANE12_EST": "111001106968", "DANE12_SED": "111001106968", "DA_HIPOACU": 0, "DA_SORDERA": 0, "DA_LENGUAS": 0, "DA_UCASTEL": 0, "DISCAP_FIS": 8, "DISCAP_FLE": 0, "DISCAP_PCE": 0, "DI_DCOGNIT": 37, "DI_SDOWN": 0, "DIS_MULTIP": 14, "DIS_PSICOS": 6, "DV_BAJAVIS": 1, "DIS_CEGUER": 0, "T_ESPECTRO": 0, "T_VOZ_Y_HA": 0, "SISTEMICA": 0, "SORDOCEGUE": 0, "OTRA": 0, "TOT_EST_MA": 67, "AFRODESCEN": 18, "INDIGENAS": 30, "NEGRITUDES": 16, "PALENQUERO": 0, "RAIZALES": 0, "ROM": 0, "TOT_EST_ET": 64, "CAPACID_EX": 6, "DOBLE_EXCE": 0, "TE_ACTFISI": 3, "TE_ARTES": 1, "TE_CNATUR": 0, "TE_CSOCIAL": 0, "TE_LDSOCIA": 0, "TE_TECNOLO": 1, "TOT_EST_CA": 6, "TMATRIC_GE": 3443, "Zona": 1 }, "geometry": { "type": "Point", "coordinates": [ -8259285.187699999660254, 515397.138900000602007 ] } },
{ "type": "Feature", "properties": { "NOMBRE_EST": "COLEGIO GERMAN ARCINIEGAS (IED)", "NOMBRE_SED": "GERMAN ARCINIEGAS", "ORDEN_DE_S": "A", "DIRECCION": "KR 88 I # 54 B - 44 SUR", "DISCAPACID": "AUDITIVA-FISICA-INTELECTUAL-MENTAL/PSICOSOCIAL-MULTIPLE-SORDOCEGUERA-VISUAL", "TALENTOS_O": "CAPACIDADES EXCEPCIONALES-TALENTO EXCEPCIONAL EN ACTIVIDAD FISICA, EJERCICIO Y DEPORTE-TALENTO EXCEPCIONAL EN ARTES Y LETRAS-TALENTO EXCEPCIONAL EN CIENCIAS SOCIALES O HUMANAS-TALENTO EXCEPCIONAL EN LIDERAZGO SOCIAL Y EMPRENDIMIENTO-TALENTO EXCEPCIONAL E", "GRUPOS_ETN": "AFRODESCENDIENTES-INDIGENAS-NEGRITUDES", "SECTOR": 2, "NATU_JUR": 9, "CALENDARIO": 1, "GENERO": 5, "COD_LOCA": "07", "ESPECIALID": 1, "CLASE_TIPO": 1, "BILINGUE": 5, "FECHA": "2024-04-30", "DANE12_EST": "111001107832", "DANE12_SED": "111001107832", "DA_HIPOACU": 7, "DA_SORDERA": 0, "DA_LENGUAS": 0, "DA_UCASTEL": 0, "DISCAP_FIS": 11, "DISCAP_FLE": 0, "DISCAP_PCE": 0, "DI_DCOGNIT": 45, "DI_SDOWN": 0, "DIS_MULTIP": 21, "DIS_PSICOS": 7, "DV_BAJAVIS": 0, "DIS_CEGUER": 0, "T_ESPECTRO": 0, "T_VOZ_Y_HA": 0, "SISTEMICA": 0, "SORDOCEGUE": 0, "OTRA": 0, "TOT_EST_MA": 91, "AFRODESCEN": 12, "INDIGENAS": 4, "NEGRITUDES": 18, "PALENQUERO": 0, "RAIZALES": 0, "ROM": 0, "TOT_EST_ET": 34, "CAPACID_EX": 3, "DOBLE_EXCE": 0, "TE_ACTFISI": 3, "TE_ARTES": 0, "TE_CNATUR": 0, "TE_CSOCIAL": 0, "TE_LDSOCIA": 0, "TE_TECNOLO": 0, "TOT_EST_CA": 3, "TMATRIC_GE": 2062, "Zona": 1 }, "geometry": { "type": "Point", "coordinates": [ -8258272.475299999117851, 516032.104200001806021 ] } },
{ "type": "Feature", "properties": { "NOMBRE_EST": "COLEGIO KIMI PERNIA DOMICO (IED)", "NOMBRE_SED": "KIMI PERNIA DOMICO", "ORDEN_DE_S": "A", "DIRECCION": "CL 82 SUR # 89 - 21", "DISCAPACID": "AUDITIVA-FISICA-INTELECTUAL-MENTAL/PSICOSOCIAL-MULTIPLE-VISUAL", "TALENTOS_O": "CAPACIDADES EXCEPCIONALES-TALENTO EXCEPCIONAL EN ACTIVIDAD FISICA, EJERCICIO Y DEPORTE-TALENTO EXCEPCIONAL EN ARTES Y LETRAS-TALENTO EXCEPCIONAL EN CIENCIAS NATURALES O BASICAS-TALENTO EXCEPCIONAL EN CIENCIAS SOCIALES O HUMANAS-TALENTO EXCEPCIONAL EN LID", "GRUPOS_ETN": "AFRODESCENDIENTES-INDIGENAS-NEGRITUDES", "SECTOR": 2, "NATU_JUR": 9, "CALENDARIO": 1, "GENERO": 5, "COD_LOCA": "07", "ESPECIALID": 1, "CLASE_TIPO": 1, "BILINGUE": 5, "FECHA": "2024-04-30", "DANE12_EST": "111001107867", "DANE12_SED": "111001107867", "DA_HIPOACU": 3, "DA_SORDERA": 0, "DA_LENGUAS": 0, "DA_UCASTEL": 0, "DISCAP_FIS": 9, "DISCAP_FLE": 0, "DISCAP_PCE": 0, "DI_DCOGNIT": 59, "DI_SDOWN": 0, "DIS_MULTIP": 15, "DIS_PSICOS": 2, "DV_BAJAVIS": 0, "DIS_CEGUER": 0, "T_ESPECTRO": 0, "T_VOZ_Y_HA": 0, "SISTEMICA": 0, "SORDOCEGUE": 0, "OTRA": 0, "TOT_EST_MA": 88, "AFRODESCEN": 36, "INDIGENAS": 27, "NEGRITUDES": 14, "PALENQUERO": 0, "RAIZALES": 0, "ROM": 0, "TOT_EST_ET": 77, "CAPACID_EX": 2, "DOBLE_EXCE": 0, "TE_ACTFISI": 2, "TE_ARTES": 0, "TE_CNATUR": 0, "TE_CSOCIAL": 0, "TE_LDSOCIA": 0, "TE_TECNOLO": 0, "TOT_EST_CA": 2, "TMATRIC_GE": 3076, "Zona": 5 }, "geometry": { "type": "Point", "coordinates": [ -8260720.519999999552965, 515099.385099999606609 ] } },
{ "type": "Feature", "properties": { "NOMBRE_EST": "COLEGIO CIUDADELA EDUCATIVA DE BOSA (IED)", "NOMBRE_SED": "CIUDADELA EDUCATIVA DE BOSA", "ORDEN_DE_S": "A", "DIRECCION": "CL 52 SUR # 97 C - 35", "DISCAPACID": "AUDITIVA-FISICA-INTELECTUAL-MENTAL/PSICOSOCIAL-MULTIPLE-SORDOCEGUERA-VISUAL", "TALENTOS_O": "CAPACIDADES EXCEPCIONALES-TALENTO EXCEPCIONAL EN ACTIVIDAD FISICA, EJERCICIO Y DEPORTE-TALENTO EXCEPCIONAL EN ARTES Y LETRAS-TALENTO EXCEPCIONAL EN CIENCIAS SOCIALES O HUMANAS-TALENTO EXCEPCIONAL EN LIDERAZGO SOCIAL Y EMPRENDIMIENTO-TALENTO EXCEPCIONAL E", "GRUPOS_ETN": "AFRODESCENDIENTES-INDIGENAS-NEGRITUDES-PALENQUEROS-RAIZALES", "SECTOR": 2, "NATU_JUR": 9, "CALENDARIO": 1, "GENERO": 5, "COD_LOCA": "07", "ESPECIALID": 1, "CLASE_TIPO": 1, "BILINGUE": 5, "FECHA": "2024-04-30", "DANE12_EST": "111001107875", "DANE12_SED": "111001107875", "DA_HIPOACU": 7, "DA_SORDERA": 0, "DA_LENGUAS": 0, "DA_UCASTEL": 0, "DISCAP_FIS": 12, "DISCAP_FLE": 0, "DISCAP_PCE": 0, "DI_DCOGNIT": 51, "DI_SDOWN": 0, "DIS_MULTIP": 31, "DIS_PSICOS": 28, "DV_BAJAVIS": 3, "DIS_CEGUER": 0, "T_ESPECTRO": 0, "T_VOZ_Y_HA": 0, "SISTEMICA": 0, "SORDOCEGUE": 2, "OTRA": 0, "TOT_EST_MA": 134, "AFRODESCEN": 57, "INDIGENAS": 37, "NEGRITUDES": 38, "PALENQUERO": 2, "RAIZALES": 1, "ROM": 0, "TOT_EST_ET": 135, "CAPACID_EX": 4, "DOBLE_EXCE": 0, "TE_ACTFISI": 4, "TE_ARTES": 0, "TE_CNATUR": 0, "TE_CSOCIAL": 0, "TE_LDSOCIA": 0, "TE_TECNOLO": 0, "TOT_EST_CA": 4, "TMATRIC_GE": 6413, "Zona": 1 }, "geometry": { "type": "Point", "coordinates": [ -8258477.550300000235438, 517183.278200000524521 ] } },
{ "type": "Feature", "properties": { "NOMBRE_EST": "COLEGIO DEBORA ARANGO PEREZ (IED)", "NOMBRE_SED": "DEBORA ARANGO PEREZ", "ORDEN_DE_S": "A", "DIRECCION": "KR 84 A # 57 B - 04 SUR", "DISCAPACID": "FISICA-INTELECTUAL-MULTIPLE", "TALENTOS_O": "CAPACIDADES EXCEPCIONALES-TALENTO EXCEPCIONAL EN ACTIVIDAD FISICA, EJERCICIO Y DEPORTE-TALENTO EXCEPCIONAL EN ARTES Y LETRAS-TALENTO EXCEPCIONAL EN CIENCIAS NATURALES O BASICAS-TALENTO EXCEPCIONAL EN CIENCIAS SOCIALES O HUMANAS-TALENTO EXCEPCIONAL EN LID", "GRUPOS_ETN": "AFRODESCENDIENTES-INDIGENAS-NEGRITUDES", "SECTOR": 2, "NATU_JUR": 9, "CALENDARIO": 1, "GENERO": 5, "COD_LOCA": "08", "ESPECIALID": 1, "CLASE_TIPO": 1, "BILINGUE": 5, "FECHA": "2024-04-30", "DANE12_EST": "111001107883", "DANE12_SED": "111001107883", "DA_HIPOACU": 2, "DA_SORDERA": 0, "DA_LENGUAS": 0, "DA_UCASTEL": 0, "DISCAP_FIS": 1, "DISCAP_FLE": 0, "DISCAP_PCE": 0, "DI_DCOGNIT": 7, "DI_SDOWN": 0, "DIS_MULTIP": 7, "DIS_PSICOS": 3, "DV_BAJAVIS": 0, "DIS_CEGUER": 0, "T_ESPECTRO": 0, "T_VOZ_Y_HA": 0, "SISTEMICA": 0, "SORDOCEGUE": 0, "OTRA": 0, "TOT_EST_MA": 20, "AFRODESCEN": 4, "INDIGENAS": 11, "NEGRITUDES": 2, "PALENQUERO": 0, "RAIZALES": 1, "ROM": 0, "TOT_EST_ET": 18, "CAPACID_EX": 3, "DOBLE_EXCE": 0, "TE_ACTFISI": 2, "TE_ARTES": 0, "TE_CNATUR": 1, "TE_CSOCIAL": 0, "TE_LDSOCIA": 0, "TE_TECNOLO": 0, "TOT_EST_CA": 3, "TMATRIC_GE": 2897, "Zona": 1 }, "geometry": { "type": "Point", "coordinates": [ -8258067.413699999451637, 514723.385499998927116 ] } },
{ "type": "Feature", "properties": { "NOMBRE_EST": "COLEGIO JORGE ISAACS (IED)", "NOMBRE_SED": "COLEGIO JORGE ISAACS (IED) - SEDE PRINCIPAL", "ORDEN_DE_S": "A", "DIRECCION": "KR 92 # 73 - 50 SUR", "DISCAPACID": "FISICA-INTELECTUAL-MENTAL/PSICOSOCIAL-MULTIPLE-VISUAL", "TALENTOS_O": "CAPACIDADES EXCEPCIONALES-TALENTO EXCEPCIONAL EN ACTIVIDAD FISICA, EJERCICIO Y DEPORTE-TALENTO EXCEPCIONAL EN ARTES Y LETRAS", "GRUPOS_ETN": "AFRODESCENDIENTES-INDIGENAS-NEGRITUDES", "SECTOR": 2, "NATU_JUR": 9, "CALENDARIO": 1, "GENERO": 5, "COD_LOCA": "07", "ESPECIALID": 1, "CLASE_TIPO": 2, "BILINGUE": 5, "FECHA": "2024-04-30", "DANE12_EST": "111001800384", "DANE12_SED": "111001800384", "DA_HIPOACU": 0, "DA_SORDERA": 0, "DA_LENGUAS": 0, "DA_UCASTEL": 0, "DISCAP_FIS": 3, "DISCAP_FLE": 0, "DISCAP_PCE": 0, "DI_DCOGNIT": 16, "DI_SDOWN": 0, "DIS_MULTIP": 5, "DIS_PSICOS": 0, "DV_BAJAVIS": 0, "DIS_CEGUER": 0, "T_ESPECTRO": 0, "T_VOZ_Y_HA": 0, "SISTEMICA": 0, "SORDOCEGUE": 0, "OTRA": 0, "TOT_EST_MA": 24, "AFRODESCEN": 5, "INDIGENAS": 1, "NEGRITUDES": 1, "PALENQUERO": 0, "RAIZALES": 0, "ROM": 0, "TOT_EST_ET": 7, "CAPACID_EX": 1, "DOBLE_EXCE": 0, "TE_ACTFISI": 1, "TE_ARTES": 0, "TE_CNATUR": 0, "TE_CSOCIAL": 0, "TE_LDSOCIA": 0, "TE_TECNOLO": 0, "TOT_EST_CA": 1, "TMATRIC_GE": 1117, "Zona": 5 }, "geometry": { "type": "Point", "coordinates": [ -8260188.578700000420213, 515640.211199998855591 ] } },
{ "type": "Feature", "properties": { "NOMBRE_EST": "COLEGIO SOLEDAD ACOSTA DE SAMPER (IED)", "NOMBRE_SED": "COLEGIO SOLEDAD ACOSTA DE SAMPER (IED) - SEDE PRINCIPAL", "ORDEN_DE_S": "A", "DIRECCION": "CL 50 SUR # 98 B - 70 INT 14", "DISCAPACID": "INTELECTUAL-SORDOCEGUERA", "TALENTOS_O": "TALENTO EXCEPCIONAL EN ARTES Y LETRAS", "GRUPOS_ETN": "AFRODESCENDIENTES-INDIGENAS-NEGRITUDES", "SECTOR": 2, "NATU_JUR": 9, "CALENDARIO": 1, "GENERO": 5, "COD_LOCA": "07", "ESPECIALID": 1, "CLASE_TIPO": 2, "BILINGUE": 5, "FECHA": "2024-04-30", "DANE12_EST": "111001800392", "DANE12_SED": "111001800392", "DA_HIPOACU": 0, "DA_SORDERA": 0, "DA_LENGUAS": 0, "DA_UCASTEL": 0, "DISCAP_FIS": 1, "DISCAP_FLE": 0, "DISCAP_PCE": 0, "DI_DCOGNIT": 4, "DI_SDOWN": 0, "DIS_MULTIP": 0, "DIS_PSICOS": 1, "DV_BAJAVIS": 1, "DIS_CEGUER": 0, "T_ESPECTRO": 0, "T_VOZ_Y_HA": 0, "SISTEMICA": 0, "SORDOCEGUE": 0, "OTRA": 0, "TOT_EST_MA": 7, "AFRODESCEN": 6, "INDIGENAS": 2, "NEGRITUDES": 2, "PALENQUERO": 0, "RAIZALES": 0, "ROM": 0, "TOT_EST_ET": 10, "CAPACID_EX": 0, "DOBLE_EXCE": 0, "TE_ACTFISI": 0, "TE_ARTES": 0, "TE_CNATUR": 0, "TE_CSOCIAL": 0, "TE_LDSOCIA": 0, "TE_TECNOLO": 0, "TOT_EST_CA": 0, "TMATRIC_GE": 511, "Zona": 1 }, "geometry": { "type": "Point", "coordinates": [ -8258334.33669999986887, 517399.927600000053644 ] } },
{ "type": "Feature", "properties": { "NOMBRE_EST": "COLEGIO BICENTENARIO DE LA INDEPENDENCIA (IED)", "NOMBRE_SED": "COLEGIO BICENTENARIO DE LA INDEPENDENCIA (IED) - SEDE PRINCIPAL", "ORDEN_DE_S": "A", "DIRECCION": "CL 81 SUR # 81 - 75", "DISCAPACID": "AUDITIVA-FISICA-INTELECTUAL-MULTIPLE-VISUAL", "TALENTOS_O": "CAPACIDADES EXCEPCIONALES-TALENTO EXCEPCIONAL EN ACTIVIDAD FISICA, EJERCICIO Y DEPORTE-TALENTO EXCEPCIONAL EN TECNOLOGIA", "GRUPOS_ETN": "AFRODESCENDIENTES-INDIGENAS-NEGRITUDES", "SECTOR": 2, "NATU_JUR": 9, "CALENDARIO": 1, "GENERO": 5, "COD_LOCA": "07", "ESPECIALID": 1, "CLASE_TIPO": 2, "BILINGUE": 5, "FECHA": "2024-04-30", "DANE12_EST": "111001800457", "DANE12_SED": "111001800457", "DA_HIPOACU": 2, "DA_SORDERA": 0, "DA_LENGUAS": 0, "DA_UCASTEL": 0, "DISCAP_FIS": 1, "DISCAP_FLE": 0, "DISCAP_PCE": 0, "DI_DCOGNIT": 7, "DI_SDOWN": 0, "DIS_MULTIP": 9, "DIS_PSICOS": 0, "DV_BAJAVIS": 1, "DIS_CEGUER": 0, "T_ESPECTRO": 0, "T_VOZ_Y_HA": 0, "SISTEMICA": 0, "SORDOCEGUE": 0, "OTRA": 0, "TOT_EST_MA": 20, "AFRODESCEN": 11, "INDIGENAS": 10, "NEGRITUDES": 1, "PALENQUERO": 0, "RAIZALES": 1, "ROM": 0, "TOT_EST_ET": 23, "CAPACID_EX": 1, "DOBLE_EXCE": 0, "TE_ACTFISI": 1, "TE_ARTES": 0, "TE_CNATUR": 0, "TE_CSOCIAL": 0, "TE_LDSOCIA": 0, "TE_TECNOLO": 0, "TOT_EST_CA": 1, "TMATRIC_GE": 1567, "Zona": 1 }, "geometry": { "type": "Point", "coordinates": [ -8260330.344100000336766, 514293.626400001347065 ] } },
{ "type": "Feature", "properties": { "NOMBRE_EST": "COLEGIO DE LA BICI (IED)", "NOMBRE_SED": "DE LA BICI", "ORDEN_DE_S": "A", "DIRECCION": "KR 81 A # 58 J - 45 SUR", "DISCAPACID": "FISICA-INTELECTUAL-MENTAL/PSICOSOCIAL-MULTIPLE", "TALENTOS_O": "CAPACIDADES EXCEPCIONALES-TALENTO EXCEPCIONAL EN ACTIVIDAD FISICA, EJERCICIO Y DEPORTE-TALENTO EXCEPCIONAL EN ARTES Y LETRAS-TALENTO EXCEPCIONAL EN LIDERAZGO SOCIAL Y EMPRENDIMIENTO-TALENTO EXCEPCIONAL EN TECNOLOGIA", "GRUPOS_ETN": "INDIGENAS-NEGRITUDES", "SECTOR": 2, "NATU_JUR": 9, "CALENDARIO": 1, "GENERO": 5, "COD_LOCA": "07", "ESPECIALID": 1, "CLASE_TIPO": 1, "BILINGUE": 5, "FECHA": "2024-04-30", "DANE12_EST": "111001800643", "DANE12_SED": "111001800643", "DA_HIPOACU": 0, "DA_SORDERA": 0, "DA_LENGUAS": 0, "DA_UCASTEL": 0, "DISCAP_FIS": 1, "DISCAP_FLE": 0, "DISCAP_PCE": 0, "DI_DCOGNIT": 11, "DI_SDOWN": 0, "DIS_MULTIP": 4, "DIS_PSICOS": 1, "DV_BAJAVIS": 0, "DIS_CEGUER": 0, "T_ESPECTRO": 0, "T_VOZ_Y_HA": 0, "SISTEMICA": 0, "SORDOCEGUE": 0, "OTRA": 0, "TOT_EST_MA": 18, "AFRODESCEN": 0, "INDIGENAS": 2, "NEGRITUDES": 2, "PALENQUERO": 0, "RAIZALES": 0, "ROM": 0, "TOT_EST_ET": 4, "CAPACID_EX": 0, "DOBLE_EXCE": 0, "TE_ACTFISI": 0, "TE_ARTES": 0, "TE_CNATUR": 0, "TE_CSOCIAL": 0, "TE_LDSOCIA": 0, "TE_TECNOLO": 0, "TOT_EST_CA": 0, "TMATRIC_GE": 1045, "Zona": 1 }, "geometry": { "type": "Point", "coordinates": [ -8257941.469000000506639, 514153.527300000190735 ] } },
{ "type": "Feature", "properties": { "NOMBRE_EST": "COLEGIO PARQUES DE BOGOTA (IED)", "NOMBRE_SED": "COLEGIO PARQUES DE BOGOTA (IED) - SEDE PRINCIPAL", "ORDEN_DE_S": "A", "DIRECCION": "CL 85 SUR # 94 - 55", "DISCAPACID": "AUDITIVA-FISICA-INTELECTUAL-MULTIPLE", "TALENTOS_O": "TALENTO EXCEPCIONAL EN ACTIVIDAD FISICA, EJERCICIO Y DEPORTE-TALENTO EXCEPCIONAL EN ARTES Y LETRAS-TALENTO EXCEPCIONAL EN CIENCIAS SOCIALES O HUMANAS", "GRUPOS_ETN": "AFRODESCENDIENTES-INDIGENAS-NEGRITUDES", "SECTOR": 2, "NATU_JUR": 9, "CALENDARIO": 1, "GENERO": 5, "COD_LOCA": "07", "ESPECIALID": 1, "CLASE_TIPO": 2, "BILINGUE": 5, "FECHA": "2024-04-30", "DANE12_EST": "111001800678", "DANE12_SED": "111001800678", "DA_HIPOACU": 3, "DA_SORDERA": 0, "DA_LENGUAS": 0, "DA_UCASTEL": 0, "DISCAP_FIS": 1, "DISCAP_FLE": 0, "DISCAP_PCE": 0, "DI_DCOGNIT": 5, "DI_SDOWN": 0, "DIS_MULTIP": 9, "DIS_PSICOS": 1, "DV_BAJAVIS": 0, "DIS_CEGUER": 0, "T_ESPECTRO": 0, "T_VOZ_Y_HA": 0, "SISTEMICA": 0, "SORDOCEGUE": 0, "OTRA": 0, "TOT_EST_MA": 19, "AFRODESCEN": 3, "INDIGENAS": 3, "NEGRITUDES": 1, "PALENQUERO": 0, "RAIZALES": 0, "ROM": 0, "TOT_EST_ET": 7, "CAPACID_EX": 0, "DOBLE_EXCE": 0, "TE_ACTFISI": 0, "TE_ARTES": 0, "TE_CNATUR": 0, "TE_CSOCIAL": 0, "TE_LDSOCIA": 0, "TE_TECNOLO": 0, "TOT_EST_CA": 0, "TMATRIC_GE": 1043, "Zona": 1 }, "geometry": { "type": "Point", "coordinates": [ -8259047.049699999392033, 515434.441100001335144 ] } },
{ "type": "Feature", "properties": { "NOMBRE_EST": "COLEGIO LAUREL DE CERA (IED)", "NOMBRE_SED": "COLEGIO LAUREL DE CERA (IED) - SEDE PRINCIPAL", "ORDEN_DE_S": "A", "DIRECCION": "CL 85 SUR # 94 - 75", "DISCAPACID": "AUDITIVA-FISICA-INTELECTUAL-MENTAL/PSICOSOCIAL", "TALENTOS_O": null, "GRUPOS_ETN": "AFRODESCENDIENTES-INDIGENAS-NEGRITUDES", "SECTOR": 2, "NATU_JUR": 9, "CALENDARIO": 1, "GENERO": 5, "COD_LOCA": "07", "ESPECIALID": 1, "CLASE_TIPO": 2, "BILINGUE": 5, "FECHA": "2024-04-30", "DANE12_EST": "111001800694", "DANE12_SED": "111001800694", "DA_HIPOACU": 2, "DA_SORDERA": 0, "DA_LENGUAS": 0, "DA_UCASTEL": 0, "DISCAP_FIS": 0, "DISCAP_FLE": 0, "DISCAP_PCE": 0, "DI_DCOGNIT": 9, "DI_SDOWN": 0, "DIS_MULTIP": 1, "DIS_PSICOS": 1, "DV_BAJAVIS": 0, "DIS_CEGUER": 0, "T_ESPECTRO": 0, "T_VOZ_Y_HA": 0, "SISTEMICA": 0, "SORDOCEGUE": 0, "OTRA": 0, "TOT_EST_MA": 13, "AFRODESCEN": 4, "INDIGENAS": 4, "NEGRITUDES": 1, "PALENQUERO": 0, "RAIZALES": 0, "ROM": 0, "TOT_EST_ET": 9, "CAPACID_EX": 0, "DOBLE_EXCE": 0, "TE_ACTFISI": 0, "TE_ARTES": 0, "TE_CNATUR": 0, "TE_CSOCIAL": 0, "TE_LDSOCIA": 0, "TE_TECNOLO": 0, "TOT_EST_CA": 0, "TMATRIC_GE": 1046, "Zona": 1 }, "geometry": { "type": "Point", "coordinates": [ -8261239.258899999782443, 515594.247800000011921 ] } },
{ "type": "Feature", "properties": { "NOMBRE_EST": "COLEGIO ESMERALDA ARBOLEDA CADAVID (IED)", "NOMBRE_SED": "COLEGIO ESMERALDA ARBOLEDA CADAVID (IED)", "ORDEN_DE_S": "A", "DIRECCION": "CL 71 A SUR # 83 B - 30", "DISCAPACID": "AUDITIVA-FISICA-INTELECTUAL-MENTAL/PSICOSOCIAL-MULTIPLE", "TALENTOS_O": "CAPACIDADES EXCEPCIONALES-TALENTO EXCEPCIONAL EN ACTIVIDAD FISICA, EJERCICIO Y DEPORTE-TALENTO EXCEPCIONAL EN CIENCIAS NATURALES O BASICAS", "GRUPOS_ETN": "AFRODESCENDIENTES-INDIGENAS-NEGRITUDES", "SECTOR": 2, "NATU_JUR": 9, "CALENDARIO": 1, "GENERO": 5, "COD_LOCA": "07", "ESPECIALID": 1, "CLASE_TIPO": 1, "BILINGUE": 5, "FECHA": "2024-04-30", "DANE12_EST": "111001801080", "DANE12_SED": "111001801080", "DA_HIPOACU": 0, "DA_SORDERA": 0, "DA_LENGUAS": 0, "DA_UCASTEL": 0, "DISCAP_FIS": 5, "DISCAP_FLE": 0, "DISCAP_PCE": 0, "DI_DCOGNIT": 33, "DI_SDOWN": 0, "DIS_MULTIP": 16, "DIS_PSICOS": 2, "DV_BAJAVIS": 1, "DIS_CEGUER": 0, "T_ESPECTRO": 0, "T_VOZ_Y_HA": 0, "SISTEMICA": 0, "SORDOCEGUE": 0, "OTRA": 0, "TOT_EST_MA": 58, "AFRODESCEN": 25, "INDIGENAS": 23, "NEGRITUDES": 8, "PALENQUERO": 0, "RAIZALES": 0, "ROM": 0, "TOT_EST_ET": 56, "CAPACID_EX": 0, "DOBLE_EXCE": 0, "TE_ACTFISI": 0, "TE_ARTES": 0, "TE_CNATUR": 0, "TE_CSOCIAL": 0, "TE_LDSOCIA": 0, "TE_TECNOLO": 0, "TOT_EST_CA": 0, "TMATRIC_GE": 2882, "Zona": 1 }, "geometry": { "type": "Point", "coordinates": [ -8259290.620100000873208, 514362.868999999016523 ] } },
{ "type": "Feature", "properties": { "NOMBRE_EST": "COLEGIO CIUDADELA EL RECREO SONIA OSORIO DE SAINT-MALO (IED)", "NOMBRE_SED": "COLEGIO CIUDADELA EL RECREO SONIA OSORIO DE SAINT-MALO (IED)", "ORDEN_DE_S": "A", "DIRECCION": "KR 97 C # 65 - 02 SUR", "DISCAPACID": "AUDITIVA-FISICA-INTELECTUAL-MENTAL/PSICOSOCIAL-MULTIPLE-VISUAL", "TALENTOS_O": "CAPACIDADES EXCEPCIONALES-TALENTO EXCEPCIONAL EN ACTIVIDAD FISICA, EJERCICIO Y DEPORTE-TALENTO EXCEPCIONAL EN ARTES Y LETRAS-TALENTO EXCEPCIONAL EN LIDERAZGO SOCIAL Y EMPRENDIMIENTO", "GRUPOS_ETN": "AFRODESCENDIENTES-INDIGENAS-NEGRITUDES-RAIZALES", "SECTOR": 2, "NATU_JUR": 9, "CALENDARIO": 1, "GENERO": 5, "COD_LOCA": "07", "ESPECIALID": 1, "CLASE_TIPO": 1, "BILINGUE": 5, "FECHA": "2024-04-30", "DANE12_EST": "111001801098", "DANE12_SED": "111001801098", "DA_HIPOACU": 4, "DA_SORDERA": 0, "DA_LENGUAS": 0, "DA_UCASTEL": 0, "DISCAP_FIS": 4, "DISCAP_FLE": 0, "DISCAP_PCE": 0, "DI_DCOGNIT": 23, "DI_SDOWN": 0, "DIS_MULTIP": 9, "DIS_PSICOS": 2, "DV_BAJAVIS": 1, "DIS_CEGUER": 0, "T_ESPECTRO": 0, "T_VOZ_Y_HA": 0, "SISTEMICA": 0, "SORDOCEGUE": 0, "OTRA": 0, "TOT_EST_MA": 43, "AFRODESCEN": 10, "INDIGENAS": 3, "NEGRITUDES": 4, "PALENQUERO": 0, "RAIZALES": 2, "ROM": 0, "TOT_EST_ET": 19, "CAPACID_EX": 0, "DOBLE_EXCE": 0, "TE_ACTFISI": 0, "TE_ARTES": 0, "TE_CNATUR": 0, "TE_CSOCIAL": 0, "TE_LDSOCIA": 0, "TE_TECNOLO": 0, "TOT_EST_CA": 0, "TMATRIC_GE": 2063, "Zona": 1 }, "geometry": { "type": "Point", "coordinates": [ -8259812.191999999806285, 516412.773299999535084 ] } },
{ "type": "Feature", "properties": { "NOMBRE_EST": "COLEGIO LAURA HERRERA DE VARELA (IED)", "NOMBRE_SED": "COLEGIO LAURA HERRERA DE VARELA (IED)", "ORDEN_DE_S": "A", "DIRECCION": "KR 88 I # 54 F - 17 SUR", "DISCAPACID": null, "TALENTOS_O": null, "GRUPOS_ETN": null, "SECTOR": 2, "NATU_JUR": 9, "CALENDARIO": 1, "GENERO": 5, "COD_LOCA": "07", "ESPECIALID": 1, "CLASE_TIPO": 1, "BILINGUE": 5, "FECHA": "2024-04-30", "DANE12_EST": "111001801101", "DANE12_SED": "111001801101", "DA_HIPOACU": 0, "DA_SORDERA": 0, "DA_LENGUAS": 0, "DA_UCASTEL": 0, "DISCAP_FIS": 3, "DISCAP_FLE": 0, "DISCAP_PCE": 0, "DI_DCOGNIT": 35, "DI_SDOWN": 0, "DIS_MULTIP": 24, "DIS_PSICOS": 10, "DV_BAJAVIS": 3, "DIS_CEGUER": 0, "T_ESPECTRO": 0, "T_VOZ_Y_HA": 0, "SISTEMICA": 0, "SORDOCEGUE": 0, "OTRA": 0, "TOT_EST_MA": 76, "AFRODESCEN": 12, "INDIGENAS": 3, "NEGRITUDES": 4, "PALENQUERO": 0, "RAIZALES": 0, "ROM": 0, "TOT_EST_ET": 19, "CAPACID_EX": 3, "DOBLE_EXCE": 0, "TE_ACTFISI": 1, "TE_ARTES": 1, "TE_CNATUR": 1, "TE_CSOCIAL": 0, "TE_LDSOCIA": 0, "TE_TECNOLO": 0, "TOT_EST_CA": 3, "TMATRIC_GE": 2103, "Zona": 1 }, "geometry": { "type": "Point", "coordinates": [ -8258406.477299999445677, 515977.689699999988079 ] } },
{ "type": "Feature", "properties": { "NOMBRE_EST": "COLEGIO LUIS LOPEZ DE MESA (IED)", "NOMBRE_SED": "LUIS LOPEZ DE MESA", "ORDEN_DE_S": "A", "DIRECCION": "CL 65 H SUR # 78 A - 03", "DISCAPACID": "AUDITIVA-FISICA-INTELECTUAL-MENTAL/PSICOSOCIAL-MULTIPLE-SORDOCEGUERA-VISUAL", "TALENTOS_O": "CAPACIDADES EXCEPCIONALES-TALENTO EXCEPCIONAL EN ACTIVIDAD FISICA, EJERCICIO Y DEPORTE-TALENTO EXCEPCIONAL EN ARTES Y LETRAS-TALENTO EXCEPCIONAL EN CIENCIAS NATURALES O BASICAS-TALENTO EXCEPCIONAL EN LIDERAZGO SOCIAL Y EMPRENDIMIENTO-TALENTO EXCEPCIONAL", "GRUPOS_ETN": "AFRODESCENDIENTES-INDIGENAS-NEGRITUDES-RAIZALES", "SECTOR": 2, "NATU_JUR": 9, "CALENDARIO": 1, "GENERO": 5, "COD_LOCA": "07", "ESPECIALID": 12, "CLASE_TIPO": 1, "BILINGUE": 5, "FECHA": "2024-04-30", "DANE12_EST": "111102000265", "DANE12_SED": "111102000265", "DA_HIPOACU": 0, "DA_SORDERA": 0, "DA_LENGUAS": 0, "DA_UCASTEL": 0, "DISCAP_FIS": 4, "DISCAP_FLE": 0, "DISCAP_PCE": 0, "DI_DCOGNIT": 36, "DI_SDOWN": 0, "DIS_MULTIP": 7, "DIS_PSICOS": 4, "DV_BAJAVIS": 3, "DIS_CEGUER": 0, "T_ESPECTRO": 0, "T_VOZ_Y_HA": 0, "SISTEMICA": 0, "SORDOCEGUE": 2, "OTRA": 0, "TOT_EST_MA": 57, "AFRODESCEN": 9, "INDIGENAS": 22, "NEGRITUDES": 6, "PALENQUERO": 0, "RAIZALES": 8, "ROM": 0, "TOT_EST_ET": 45, "CAPACID_EX": 1, "DOBLE_EXCE": 0, "TE_ACTFISI": 1, "TE_ARTES": 0, "TE_CNATUR": 0, "TE_CSOCIAL": 0, "TE_LDSOCIA": 0, "TE_TECNOLO": 0, "TOT_EST_CA": 1, "TMATRIC_GE": 2740, "Zona": 1 }, "geometry": { "type": "Point", "coordinates": [ -8258330.082000000402331, 512688.712000001221895 ] } },
{ "type": "Feature", "properties": { "NOMBRE_EST": "COLEGIO PABLO DE TARSO (IED)", "NOMBRE_SED": "PABLO DE TARSO", "ORDEN_DE_S": "A", "DIRECCION": "CL 66 SUR # 78 J - 02", "DISCAPACID": "AUDITIVA-FISICA-INTELECTUAL-MENTAL/PSICOSOCIAL-MULTIPLE-SORDOCEGUERA-VISUAL", "TALENTOS_O": "CAPACIDADES EXCEPCIONALES-TALENTO EXCEPCIONAL EN ACTIVIDAD FISICA, EJERCICIO Y DEPORTE-TALENTO EXCEPCIONAL EN ARTES Y LETRAS-TALENTO EXCEPCIONAL EN LIDERAZGO SOCIAL Y EMPRENDIMIENTO", "GRUPOS_ETN": "AFRODESCENDIENTES-INDIGENAS-NEGRITUDES-PALENQUEROS", "SECTOR": 2, "NATU_JUR": 9, "CALENDARIO": 1, "GENERO": 5, "COD_LOCA": "07", "ESPECIALID": 1, "CLASE_TIPO": 1, "BILINGUE": 5, "FECHA": "2024-04-30", "DANE12_EST": "111102000281", "DANE12_SED": "111102000281", "DA_HIPOACU": 31, "DA_SORDERA": 0, "DA_LENGUAS": 0, "DA_UCASTEL": 0, "DISCAP_FIS": 3, "DISCAP_FLE": 0, "DISCAP_PCE": 0, "DI_DCOGNIT": 30, "DI_SDOWN": 0, "DIS_MULTIP": 35, "DIS_PSICOS": 3, "DV_BAJAVIS": 1, "DIS_CEGUER": 0, "T_ESPECTRO": 0, "T_VOZ_Y_HA": 0, "SISTEMICA": 0, "SORDOCEGUE": 1, "OTRA": 0, "TOT_EST_MA": 104, "AFRODESCEN": 13, "INDIGENAS": 15, "NEGRITUDES": 8, "PALENQUERO": 1, "RAIZALES": 0, "ROM": 0, "TOT_EST_ET": 37, "CAPACID_EX": 1, "DOBLE_EXCE": 0, "TE_ACTFISI": 0, "TE_ARTES": 0, "TE_CNATUR": 1, "TE_CSOCIAL": 0, "TE_LDSOCIA": 0, "TE_TECNOLO": 0, "TOT_EST_CA": 1, "TMATRIC_GE": 2503, "Zona": 1 }, "geometry": { "type": "Point", "coordinates": [ -8258506.525699999183416, 513041.466699998825788 ] } },
{ "type": "Feature", "properties": { "NOMBRE_EST": "COLEGIO PABLO DE TARSO (IED)", "NOMBRE_SED": "PAULO VI", "ORDEN_DE_S": "B", "DIRECCION": "CL 71 BIS SUR # 77 I - 21", "DISCAPACID": "FISICA-INTELECTUAL-MULTIPLE", "TALENTOS_O": "CAPACIDADES EXCEPCIONALES-TALENTO EXCEPCIONAL EN ACTIVIDAD FISICA, EJERCICIO Y DEPORTE", "GRUPOS_ETN": "AFRODESCENDIENTES-INDIGENAS", "SECTOR": 2, "NATU_JUR": 9, "CALENDARIO": 1, "GENERO": 5, "COD_LOCA": "07", "ESPECIALID": 13, "CLASE_TIPO": 1, "BILINGUE": 5, "FECHA": "2024-04-30", "DANE12_EST": "111102000281", "DANE12_SED": "111102000907", "DA_HIPOACU": 0, "DA_SORDERA": 0, "DA_LENGUAS": 0, "DA_UCASTEL": 0, "DISCAP_FIS": 2, "DISCAP_FLE": 0, "DISCAP_PCE": 0, "DI_DCOGNIT": 4, "DI_SDOWN": 0, "DIS_MULTIP": 2, "DIS_PSICOS": 0, "DV_BAJAVIS": 0, "DIS_CEGUER": 0, "T_ESPECTRO": 0, "T_VOZ_Y_HA": 0, "SISTEMICA": 0, "SORDOCEGUE": 0, "OTRA": 0, "TOT_EST_MA": 8, "AFRODESCEN": 2, "INDIGENAS": 0, "NEGRITUDES": 0, "PALENQUERO": 0, "RAIZALES": 0, "ROM": 0, "TOT_EST_ET": 2, "CAPACID_EX": 0, "DOBLE_EXCE": 0, "TE_ACTFISI": 0, "TE_ARTES": 0, "TE_CNATUR": 0, "TE_CSOCIAL": 0, "TE_LDSOCIA": 0, "TE_TECNOLO": 0, "TOT_EST_CA": 0, "TMATRIC_GE": 330, "Zona": 1 }, "geometry": { "type": "Point", "coordinates": [ -8259280.110400000587106, 512568.296799998730421 ] } },
{ "type": "Feature", "properties": { "NOMBRE_EST": "COLEGIO FRANCISCO DE PAULA SANTANDER (IED)", "NOMBRE_SED": "FRANCISCO DE PAULA SANTANDER", "ORDEN_DE_S": "A", "DIRECCION": "CL 61 SUR # 80 I - 40", "DISCAPACID": "AUDITIVA-FISICA-INTELECTUAL-MULTIPLE-VISUAL", "TALENTOS_O": "CAPACIDADES EXCEPCIONALES-TALENTO EXCEPCIONAL EN ACTIVIDAD FISICA, EJERCICIO Y DEPORTE-TALENTO EXCEPCIONAL EN CIENCIAS NATURALES O BASICAS-TALENTO EXCEPCIONAL EN CIENCIAS SOCIALES O HUMANAS", "GRUPOS_ETN": "AFRODESCENDIENTES-INDIGENAS-NEGRITUDES", "SECTOR": 2, "NATU_JUR": 9, "CALENDARIO": 1, "GENERO": 5, "COD_LOCA": "07", "ESPECIALID": 1, "CLASE_TIPO": 1, "BILINGUE": 5, "FECHA": "2024-04-30", "DANE12_EST": "111102000621", "DANE12_SED": "111102000621", "DA_HIPOACU": 0, "DA_SORDERA": 0, "DA_LENGUAS": 0, "DA_UCASTEL": 0, "DISCAP_FIS": 1, "DISCAP_FLE": 0, "DISCAP_PCE": 0, "DI_DCOGNIT": 20, "DI_SDOWN": 0, "DIS_MULTIP": 8, "DIS_PSICOS": 4, "DV_BAJAVIS": 2, "DIS_CEGUER": 0, "T_ESPECTRO": 0, "T_VOZ_Y_HA": 0, "SISTEMICA": 0, "SORDOCEGUE": 0, "OTRA": 0, "TOT_EST_MA": 35, "AFRODESCEN": 5, "INDIGENAS": 7, "NEGRITUDES": 2, "PALENQUERO": 0, "RAIZALES": 0, "ROM": 0, "TOT_EST_ET": 14, "CAPACID_EX": 0, "DOBLE_EXCE": 0, "TE_ACTFISI": 0, "TE_ARTES": 0, "TE_CNATUR": 0, "TE_CSOCIAL": 0, "TE_LDSOCIA": 0, "TE_TECNOLO": 0, "TOT_EST_CA": 0, "TMATRIC_GE": 1359, "Zona": 1 }, "geometry": { "type": "Point", "coordinates": [ -8258215.495300000533462, 513831.895799998193979 ] } },
{ "type": "Feature", "properties": { "NOMBRE_EST": "COLEGIO FERNANDO MAZUERA VILLEGAS (IED)", "NOMBRE_SED": "FERNANDO MAZUERA VILLEGAS", "ORDEN_DE_S": "A", "DIRECCION": "CL 68 A SUR # 80 H - 05", "DISCAPACID": "AUDITIVA-FISICA-INTELECTUAL-MENTAL/PSICOSOCIAL-MULTIPLE-SORDOCEGUERA-VISUAL", "TALENTOS_O": "CAPACIDADES EXCEPCIONALES-TALENTO EXCEPCIONAL EN ACTIVIDAD FISICA, EJERCICIO Y DEPORTE-TALENTO EXCEPCIONAL EN ARTES Y LETRAS-TALENTO EXCEPCIONAL EN CIENCIAS NATURALES O BASICAS-TALENTO EXCEPCIONAL EN CIENCIAS SOCIALES O HUMANAS-TALENTO EXCEPCIONAL EN LID", "GRUPOS_ETN": "AFRODESCENDIENTES-INDIGENAS-NEGRITUDES", "SECTOR": 2, "NATU_JUR": 9, "CALENDARIO": 1, "GENERO": 5, "COD_LOCA": "07", "ESPECIALID": 12, "CLASE_TIPO": 1, "BILINGUE": 5, "FECHA": "2024-04-30", "DANE12_EST": "111102000753", "DANE12_SED": "111102000753", "DA_HIPOACU": 7, "DA_SORDERA": 0, "DA_LENGUAS": 0, "DA_UCASTEL": 0, "DISCAP_FIS": 7, "DISCAP_FLE": 0, "DISCAP_PCE": 0, "DI_DCOGNIT": 87, "DI_SDOWN": 0, "DIS_MULTIP": 18, "DIS_PSICOS": 4, "DV_BAJAVIS": 2, "DIS_CEGUER": 0, "T_ESPECTRO": 0, "T_VOZ_Y_HA": 0, "SISTEMICA": 0, "SORDOCEGUE": 1, "OTRA": 0, "TOT_EST_MA": 126, "AFRODESCEN": 17, "INDIGENAS": 15, "NEGRITUDES": 22, "PALENQUERO": 0, "RAIZALES": 0, "ROM": 0, "TOT_EST_ET": 54, "CAPACID_EX": 1, "DOBLE_EXCE": 0, "TE_ACTFISI": 1, "TE_ARTES": 0, "TE_CNATUR": 0, "TE_CSOCIAL": 0, "TE_LDSOCIA": 0, "TE_TECNOLO": 0, "TOT_EST_CA": 1, "TMATRIC_GE": 3619, "Zona": 1 }, "geometry": { "type": "Point", "coordinates": [ -8258868.031300000846386, 513391.167399998754263 ] } },
{ "type": "Feature", "properties": { "NOMBRE_EST": "COLEGIO FERNANDO MAZUERA VILLEGAS (IED)", "NOMBRE_SED": "GONZALO JIMENEZ DE QUESADA", "ORDEN_DE_S": "B", "DIRECCION": "DG 66 SUR # 80 C - 20", "DISCAPACID": "AUDITIVA-FISICA-INTELECTUAL-MULTIPLE-VISUAL", "TALENTOS_O": "TALENTO EXCEPCIONAL EN ACTIVIDAD FISICA, EJERCICIO Y DEPORTE", "GRUPOS_ETN": "AFRODESCENDIENTES-INDIGENAS", "SECTOR": 2, "NATU_JUR": 9, "CALENDARIO": 1, "GENERO": 5, "COD_LOCA": "07", "ESPECIALID": 13, "CLASE_TIPO": 1, "BILINGUE": 5, "FECHA": "2024-04-30", "DANE12_EST": "111102000753", "DANE12_SED": "111102000559", "DA_HIPOACU": 0, "DA_SORDERA": 0, "DA_LENGUAS": 0, "DA_UCASTEL": 0, "DISCAP_FIS": 0, "DISCAP_FLE": 0, "DISCAP_PCE": 0, "DI_DCOGNIT": 7, "DI_SDOWN": 0, "DIS_MULTIP": 5, "DIS_PSICOS": 0, "DV_BAJAVIS": 1, "DIS_CEGUER": 0, "T_ESPECTRO": 0, "T_VOZ_Y_HA": 0, "SISTEMICA": 0, "SORDOCEGUE": 0, "OTRA": 0, "TOT_EST_MA": 14, "AFRODESCEN": 5, "INDIGENAS": 3, "NEGRITUDES": 1, "PALENQUERO": 0, "RAIZALES": 0, "ROM": 0, "TOT_EST_ET": 9, "CAPACID_EX": 1, "DOBLE_EXCE": 0, "TE_ACTFISI": 1, "TE_ARTES": 0, "TE_CNATUR": 0, "TE_CSOCIAL": 0, "TE_LDSOCIA": 0, "TE_TECNOLO": 0, "TOT_EST_CA": 1, "TMATRIC_GE": 538, "Zona": 1 }, "geometry": { "type": "Point", "coordinates": [ -8258629.925499999895692, 513317.337200000882149 ] } },
{ "type": "Feature", "properties": { "NOMBRE_EST": "COLEGIO FERNANDO MAZUERA VILLEGAS (IED)", "NOMBRE_SED": "HUMBERTO VALENCIA", "ORDEN_DE_S": "C", "DIRECCION": "KR 81 B # 71 F - 15 SUR", "DISCAPACID": "AUDITIVA-FISICA-INTELECTUAL-MULTIPLE", "TALENTOS_O": "TALENTO EXCEPCIONAL EN ACTIVIDAD FISICA, EJERCICIO Y DEPORTE", "GRUPOS_ETN": "AFRODESCENDIENTES-NEGRITUDES", "SECTOR": 2, "NATU_JUR": 9, "CALENDARIO": 1, "GENERO": 5, "COD_LOCA": "07", "ESPECIALID": 13, "CLASE_TIPO": 1, "BILINGUE": 5, "FECHA": "2024-04-30", "DANE12_EST": "111102000753", "DANE12_SED": "111102000583", "DA_HIPOACU": 0, "DA_SORDERA": 0, "DA_LENGUAS": 0, "DA_UCASTEL": 0, "DISCAP_FIS": 2, "DISCAP_FLE": 0, "DISCAP_PCE": 0, "DI_DCOGNIT": 11, "DI_SDOWN": 0, "DIS_MULTIP": 7, "DIS_PSICOS": 0, "DV_BAJAVIS": 0, "DIS_CEGUER": 0, "T_ESPECTRO": 0, "T_VOZ_Y_HA": 0, "SISTEMICA": 0, "SORDOCEGUE": 0, "OTRA": 0, "TOT_EST_MA": 21, "AFRODESCEN": 0, "INDIGENAS": 3, "NEGRITUDES": 1, "PALENQUERO": 0, "RAIZALES": 0, "ROM": 0, "TOT_EST_ET": 4, "CAPACID_EX": 1, "DOBLE_EXCE": 0, "TE_ACTFISI": 0, "TE_ARTES": 1, "TE_CNATUR": 0, "TE_CSOCIAL": 0, "TE_LDSOCIA": 0, "TE_TECNOLO": 0, "TOT_EST_CA": 1, "TMATRIC_GE": 463, "Zona": 1 }, "geometry": { "type": "Point", "coordinates": [ -8259449.90819999948144, 513819.956399999558926 ] } },
{ "type": "Feature", "properties": { "NOMBRE_EST": "COLEGIO FERNANDO MAZUERA VILLEGAS (IED)", "NOMBRE_SED": "NUEVA ISLANDIA", "ORDEN_DE_S": "D", "DIRECCION": "DG 72 C SUR # 83 A - 21", "DISCAPACID": "INTELECTUAL-MENTAL/PSICOSOCIAL-MULTIPLE", "TALENTOS_O": "CAPACIDADES EXCEPCIONALES-TALENTO EXCEPCIONAL EN ACTIVIDAD FISICA, EJERCICIO Y DEPORTE-TALENTO EXCEPCIONAL EN ARTES Y LETRAS", "GRUPOS_ETN": "AFRODESCENDIENTES-NEGRITUDES", "SECTOR": 2, "NATU_JUR": 9, "CALENDARIO": 1, "GENERO": 5, "COD_LOCA": "07", "ESPECIALID": 13, "CLASE_TIPO": 1, "BILINGUE": 5, "FECHA": "2024-04-30", "DANE12_EST": "111102000753", "DANE12_SED": "111001094862", "DA_HIPOACU": 0, "DA_SORDERA": 0, "DA_LENGUAS": 0, "DA_UCASTEL": 0, "DISCAP_FIS": 0, "DISCAP_FLE": 0, "DISCAP_PCE": 0, "DI_DCOGNIT": 4, "DI_SDOWN": 0, "DIS_MULTIP": 3, "DIS_PSICOS": 1, "DV_BAJAVIS": 0, "DIS_CEGUER": 0, "T_ESPECTRO": 0, "T_VOZ_Y_HA": 0, "SISTEMICA": 0, "SORDOCEGUE": 0, "OTRA": 0, "TOT_EST_MA": 8, "AFRODESCEN": 0, "INDIGENAS": 1, "NEGRITUDES": 2, "PALENQUERO": 0, "RAIZALES": 0, "ROM": 0, "TOT_EST_ET": 3, "CAPACID_EX": 0, "DOBLE_EXCE": 0, "TE_ACTFISI": 0, "TE_ARTES": 0, "TE_CNATUR": 0, "TE_CSOCIAL": 0, "TE_LDSOCIA": 0, "TE_TECNOLO": 0, "TOT_EST_CA": 0, "TMATRIC_GE": 326, "Zona": 1 }, "geometry": { "type": "Point", "coordinates": [ -8259509.530999999493361, 514301.149300001561642 ] } },
{ "type": "Feature", "properties": { "NOMBRE_EST": "COLEGIO FERNANDO MAZUERA VILLEGAS (IED)", "NOMBRE_SED": "SEDE E", "ORDEN_DE_S": "E", "DIRECCION": "TV 80 B # 65 F - 80 SUR", "DISCAPACID": "INTELECTUAL-MULTIPLE", "TALENTOS_O": "TALENTO EXCEPCIONAL EN ACTIVIDAD FISICA, EJERCICIO Y DEPORTE-TALENTO EXCEPCIONAL EN ARTES Y LETRAS-TALENTO EXCEPCIONAL EN LIDERAZGO SOCIAL Y EMPRENDIMIENTO-TALENTO EXCEPCIONAL EN TECNOLOGIA", "GRUPOS_ETN": "INDIGENAS", "SECTOR": 2, "NATU_JUR": 9, "CALENDARIO": 1, "GENERO": 5, "COD_LOCA": "07", "ESPECIALID": 13, "CLASE_TIPO": 1, "BILINGUE": 5, "FECHA": "2024-04-30", "DANE12_EST": "111102000753", "DANE12_SED": "111001110329", "DA_HIPOACU": 0, "DA_SORDERA": 0, "DA_LENGUAS": 0, "DA_UCASTEL": 0, "DISCAP_FIS": 1, "DISCAP_FLE": 0, "DISCAP_PCE": 0, "DI_DCOGNIT": 0, "DI_SDOWN": 0, "DIS_MULTIP": 0, "DIS_PSICOS": 0, "DV_BAJAVIS": 0, "DIS_CEGUER": 0, "T_ESPECTRO": 0, "T_VOZ_Y_HA": 0, "SISTEMICA": 0, "SORDOCEGUE": 0, "OTRA": 0, "TOT_EST_MA": 1, "AFRODESCEN": 1, "INDIGENAS": 1, "NEGRITUDES": 0, "PALENQUERO": 0, "RAIZALES": 0, "ROM": 0, "TOT_EST_ET": 2, "CAPACID_EX": 0, "DOBLE_EXCE": 0, "TE_ACTFISI": 0, "TE_ARTES": 0, "TE_CNATUR": 0, "TE_CSOCIAL": 0, "TE_LDSOCIA": 0, "TE_TECNOLO": 0, "TOT_EST_CA": 0, "TMATRIC_GE": 201, "Zona": 1 }, "geometry": { "type": "Point", "coordinates": [ -8258489.206599999219179, 513342.364100001752377 ] } },
{ "type": "Feature", "properties": { "NOMBRE_EST": "COLEGIO PORFIRIO BARBA JACOB (IED)", "NOMBRE_SED": "PORFIRIO BARBA JACOB", "ORDEN_DE_S": "A", "DIRECCION": "CL 70 A SUR # 81 G - 13", "DISCAPACID": "AUDITIVA-FISICA-INTELECTUAL-MENTAL/PSICOSOCIAL-MULTIPLE-VISUAL", "TALENTOS_O": "CAPACIDADES EXCEPCIONALES-TALENTO EXCEPCIONAL EN ACTIVIDAD FISICA, EJERCICIO Y DEPORTE-TALENTO EXCEPCIONAL EN ARTES Y LETRAS-TALENTO EXCEPCIONAL EN CIENCIAS SOCIALES O HUMANAS-TALENTO EXCEPCIONAL EN LIDERAZGO SOCIAL Y EMPRENDIMIENTO-TALENTO EXCEPCIONAL E", "GRUPOS_ETN": "AFRODESCENDIENTES-INDIGENAS-NEGRITUDES", "SECTOR": 2, "NATU_JUR": 9, "CALENDARIO": 1, "GENERO": 5, "COD_LOCA": "07", "ESPECIALID": 1, "CLASE_TIPO": 1, "BILINGUE": 5, "FECHA": "2024-04-30", "DANE12_EST": "111102000958", "DANE12_SED": "111102000958", "DA_HIPOACU": 2, "DA_SORDERA": 0, "DA_LENGUAS": 0, "DA_UCASTEL": 0, "DISCAP_FIS": 2, "DISCAP_FLE": 0, "DISCAP_PCE": 0, "DI_DCOGNIT": 36, "DI_SDOWN": 0, "DIS_MULTIP": 15, "DIS_PSICOS": 9, "DV_BAJAVIS": 3, "DIS_CEGUER": 0, "T_ESPECTRO": 0, "T_VOZ_Y_HA": 0, "SISTEMICA": 0, "SORDOCEGUE": 0, "OTRA": 0, "TOT_EST_MA": 67, "AFRODESCEN": 13, "INDIGENAS": 6, "NEGRITUDES": 5, "PALENQUERO": 0, "RAIZALES": 0, "ROM": 0, "TOT_EST_ET": 24, "CAPACID_EX": 0, "DOBLE_EXCE": 0, "TE_ACTFISI": 0, "TE_ARTES": 0, "TE_CNATUR": 0, "TE_CSOCIAL": 0, "TE_LDSOCIA": 0, "TE_TECNOLO": 0, "TOT_EST_CA": 0, "TMATRIC_GE": 1949, "Zona": 1 }, "geometry": { "type": "Point", "coordinates": [ -8259173.175799999386072, 513937.042199999094009 ] } },
{ "type": "Feature", "properties": { "NOMBRE_EST": "COLEGIO VILLAS DEL PROGRESO (IED)", "NOMBRE_SED": "VILLAS DEL PROGRESO", "ORDEN_DE_S": "A", "DIRECCION": "KR 89 A BIS # 72 A - 13 SUR", "DISCAPACID": "INTELECTUAL-MENTAL/PSICOSOCIAL-MULTIPLE-SORDOCEGUERA", "TALENTOS_O": "TALENTO EXCEPCIONAL EN ACTIVIDAD FISICA, EJERCICIO Y DEPORTE-TALENTO EXCEPCIONAL EN ARTES Y LETRAS", "GRUPOS_ETN": "AFRODESCENDIENTES-INDIGENAS-NEGRITUDES", "SECTOR": 2, "NATU_JUR": 9, "CALENDARIO": 1, "GENERO": 5, "COD_LOCA": "07", "ESPECIALID": 13, "CLASE_TIPO": 1, "BILINGUE": 5, "FECHA": "2024-04-30", "DANE12_EST": "211001076958", "DANE12_SED": "211001076958", "DA_HIPOACU": 0, "DA_SORDERA": 0, "DA_LENGUAS": 0, "DA_UCASTEL": 0, "DISCAP_FIS": 0, "DISCAP_FLE": 0, "DISCAP_PCE": 0, "DI_DCOGNIT": 11, "DI_SDOWN": 0, "DIS_MULTIP": 2, "DIS_PSICOS": 2, "DV_BAJAVIS": 0, "DIS_CEGUER": 0, "T_ESPECTRO": 0, "T_VOZ_Y_HA": 0, "SISTEMICA": 0, "SORDOCEGUE": 1, "OTRA": 0, "TOT_EST_MA": 16, "AFRODESCEN": 7, "INDIGENAS": 3, "NEGRITUDES": 1, "PALENQUERO": 0, "RAIZALES": 0, "ROM": 0, "TOT_EST_ET": 11, "CAPACID_EX": 0, "DOBLE_EXCE": 0, "TE_ACTFISI": 0, "TE_ARTES": 0, "TE_CNATUR": 0, "TE_CSOCIAL": 0, "TE_LDSOCIA": 0, "TE_TECNOLO": 0, "TOT_EST_CA": 0, "TMATRIC_GE": 669, "Zona": 1 }, "geometry": { "type": "Point", "coordinates": [ -8259987.4879, 515473.266499999910593 ] } },
{ "type": "Feature", "properties": { "NOMBRE_EST": "COLEGIO VILLAS DEL PROGRESO (IED)", "NOMBRE_SED": "SEDE C", "ORDEN_DE_S": "B", "DIRECCION": "KR 102 A # 56 F - 34 SUR", "DISCAPACID": "AUDITIVA-FISICA-INTELECTUAL-MENTAL/PSICOSOCIAL-MULTIPLE-SORDOCEGUERA-VISUAL", "TALENTOS_O": "CAPACIDADES EXCEPCIONALES-TALENTO EXCEPCIONAL EN ACTIVIDAD FISICA, EJERCICIO Y DEPORTE-TALENTO EXCEPCIONAL EN ARTES Y LETRAS-TALENTO EXCEPCIONAL EN LIDERAZGO SOCIAL Y EMPRENDIMIENTO-TALENTO EXCEPCIONAL EN TECNOLOGIA", "GRUPOS_ETN": "AFRODESCENDIENTES-INDIGENAS-NEGRITUDES-RAIZALES", "SECTOR": 2, "NATU_JUR": 9, "CALENDARIO": 1, "GENERO": 5, "COD_LOCA": "07", "ESPECIALID": 1, "CLASE_TIPO": 1, "BILINGUE": 5, "FECHA": "2024-04-30", "DANE12_EST": "211001076958", "DANE12_SED": "111001110078", "DA_HIPOACU": 0, "DA_SORDERA": 0, "DA_LENGUAS": 0, "DA_UCASTEL": 0, "DISCAP_FIS": 6, "DISCAP_FLE": 0, "DISCAP_PCE": 0, "DI_DCOGNIT": 49, "DI_SDOWN": 0, "DIS_MULTIP": 15, "DIS_PSICOS": 2, "DV_BAJAVIS": 1, "DIS_CEGUER": 0, "T_ESPECTRO": 0, "T_VOZ_Y_HA": 0, "SISTEMICA": 0, "SORDOCEGUE": 1, "OTRA": 0, "TOT_EST_MA": 75, "AFRODESCEN": 43, "INDIGENAS": 32, "NEGRITUDES": 12, "PALENQUERO": 0, "RAIZALES": 1, "ROM": 0, "TOT_EST_ET": 88, "CAPACID_EX": 0, "DOBLE_EXCE": 0, "TE_ACTFISI": 0, "TE_ARTES": 0, "TE_CNATUR": 0, "TE_CSOCIAL": 0, "TE_LDSOCIA": 0, "TE_TECNOLO": 0, "TOT_EST_CA": 0, "TMATRIC_GE": 2881, "Zona": 1 }, "geometry": { "type": "Point", "coordinates": [ -8259356.521199999377131, 517196.172699999064207 ] } },
{ "type": "Feature", "properties": { "NOMBRE_EST": "COLEGIO VILLAS DEL PROGRESO (IED)", "NOMBRE_SED": "PRIMERA INFANCIA PORVENIR VII", "ORDEN_DE_S": "C", "DIRECCION": "CL 55 SUR # 103 - 96", "DISCAPACID": null, "TALENTOS_O": null, "GRUPOS_ETN": null, "SECTOR": 2, "NATU_JUR": 9, "CALENDARIO": 1, "GENERO": 5, "COD_LOCA": "07", "ESPECIALID": 13, "CLASE_TIPO": 1, "BILINGUE": 5, "FECHA": "2024-04-30", "DANE12_EST": "211001076958", "DANE12_SED": "111001801187", "DA_HIPOACU": 0, "DA_SORDERA": 0, "DA_LENGUAS": 0, "DA_UCASTEL": 0, "DISCAP_FIS": 1, "DISCAP_FLE": 0, "DISCAP_PCE": 0, "DI_DCOGNIT": 2, "DI_SDOWN": 0, "DIS_MULTIP": 1, "DIS_PSICOS": 0, "DV_BAJAVIS": 0, "DIS_CEGUER": 0, "T_ESPECTRO": 0, "T_VOZ_Y_HA": 0, "SISTEMICA": 0, "SORDOCEGUE": 1, "OTRA": 0, "TOT_EST_MA": 5, "AFRODESCEN": 3, "INDIGENAS": 2, "NEGRITUDES": 0, "PALENQUERO": 0, "RAIZALES": 0, "ROM": 1, "TOT_EST_ET": 6, "CAPACID_EX": 0, "DOBLE_EXCE": 0, "TE_ACTFISI": 0, "TE_ARTES": 0, "TE_CNATUR": 0, "TE_CSOCIAL": 0, "TE_LDSOCIA": 0, "TE_TECNOLO": 0, "TOT_EST_CA": 0, "TMATRIC_GE": 478, "Zona": 1 }, "geometry": { "type": "Point", "coordinates": [ -8259239.661399999633431, 517496.554000001400709 ] } },
{ "type": "Feature", "properties": { "NOMBRE_EST": "COLEGIO SAN BERNARDINO (IED)", "NOMBRE_SED": "SAN BERNARDINO", "ORDEN_DE_S": "A", "DIRECCION": "KR 87 B # 79 C - 51 SUR", "DISCAPACID": "FISICA-INTELECTUAL-MENTAL/PSICOSOCIAL-MULTIPLE", "TALENTOS_O": "CAPACIDADES EXCEPCIONALES-TALENTO EXCEPCIONAL EN ARTES Y LETRAS-TALENTO EXCEPCIONAL EN CIENCIAS NATURALES O BASICAS-TALENTO EXCEPCIONAL EN CIENCIAS SOCIALES O HUMANAS", "GRUPOS_ETN": "AFRODESCENDIENTES-INDIGENAS-NEGRITUDES", "SECTOR": 2, "NATU_JUR": 9, "CALENDARIO": 1, "GENERO": 5, "COD_LOCA": "07", "ESPECIALID": 1, "CLASE_TIPO": 1, "BILINGUE": 5, "FECHA": "2024-04-30", "DANE12_EST": "211102000201", "DANE12_SED": "211102000201", "DA_HIPOACU": 0, "DA_SORDERA": 0, "DA_LENGUAS": 0, "DA_UCASTEL": 0, "DISCAP_FIS": 2, "DISCAP_FLE": 0, "DISCAP_PCE": 0, "DI_DCOGNIT": 28, "DI_SDOWN": 0, "DIS_MULTIP": 3, "DIS_PSICOS": 3, "DV_BAJAVIS": 0, "DIS_CEGUER": 0, "T_ESPECTRO": 0, "T_VOZ_Y_HA": 0, "SISTEMICA": 0, "SORDOCEGUE": 0, "OTRA": 0, "TOT_EST_MA": 36, "AFRODESCEN": 29, "INDIGENAS": 42, "NEGRITUDES": 20, "PALENQUERO": 0, "RAIZALES": 0, "ROM": 0, "TOT_EST_ET": 91, "CAPACID_EX": 2, "DOBLE_EXCE": 1, "TE_ACTFISI": 1, "TE_ARTES": 0, "TE_CNATUR": 0, "TE_CSOCIAL": 0, "TE_LDSOCIA": 0, "TE_TECNOLO": 0, "TOT_EST_CA": 2, "TMATRIC_GE": 1832, "Zona": 5 }, "geometry": { "type": "Point", "coordinates": [ -8260378.405200000852346, 514607.659000001847744 ] } },
{ "type": "Feature", "properties": { "NOMBRE_EST": "COLEGIO EL PORVENIR (IED)", "NOMBRE_SED": "EL PORVENIR", "ORDEN_DE_S": "A", "DIRECCION": "CL 51 SUR # 91 D - 56", "DISCAPACID": "AUDITIVA-FISICA-INTELECTUAL-MULTIPLE-SORDOCEGUERA-VISUAL", "TALENTOS_O": "CAPACIDADES EXCEPCIONALES-TALENTO EXCEPCIONAL EN ACTIVIDAD FISICA, EJERCICIO Y DEPORTE-TALENTO EXCEPCIONAL EN ARTES Y LETRAS-TALENTO EXCEPCIONAL EN CIENCIAS SOCIALES O HUMANAS-TALENTO EXCEPCIONAL EN LIDERAZGO SOCIAL Y EMPRENDIMIENTO", "GRUPOS_ETN": "AFRODESCENDIENTES-INDIGENAS-NEGRITUDES", "SECTOR": 2, "NATU_JUR": 9, "CALENDARIO": 1, "GENERO": 5, "COD_LOCA": "07", "ESPECIALID": 12, "CLASE_TIPO": 1, "BILINGUE": 5, "FECHA": "2024-04-30", "DANE12_EST": "211102000243", "DANE12_SED": "211102000243", "DA_HIPOACU": 2, "DA_SORDERA": 0, "DA_LENGUAS": 0, "DA_UCASTEL": 0, "DISCAP_FIS": 4, "DISCAP_FLE": 0, "DISCAP_PCE": 0, "DI_DCOGNIT": 35, "DI_SDOWN": 0, "DIS_MULTIP": 14, "DIS_PSICOS": 3, "DV_BAJAVIS": 1, "DIS_CEGUER": 0, "T_ESPECTRO": 0, "T_VOZ_Y_HA": 0, "SISTEMICA": 0, "SORDOCEGUE": 2, "OTRA": 0, "TOT_EST_MA": 61, "AFRODESCEN": 23, "INDIGENAS": 12, "NEGRITUDES": 14, "PALENQUERO": 0, "RAIZALES": 0, "ROM": 0, "TOT_EST_ET": 49, "CAPACID_EX": 2, "DOBLE_EXCE": 0, "TE_ACTFISI": 0, "TE_ARTES": 2, "TE_CNATUR": 0, "TE_CSOCIAL": 0, "TE_LDSOCIA": 0, "TE_TECNOLO": 0, "TOT_EST_CA": 2, "TMATRIC_GE": 2657, "Zona": 1 }, "geometry": { "type": "Point", "coordinates": [ -8258085.878200000151992, 516624.531399998813868 ] } },
{ "type": "Feature", "properties": { "NOMBRE_EST": "COLEGIO EL PORVENIR (IED)", "NOMBRE_SED": "EL RECUERDO", "ORDEN_DE_S": "C", "DIRECCION": "CL 58 SUR # 104 A - 50", "DISCAPACID": "AUDITIVA-FISICA-INTELECTUAL-MULTIPLE", "TALENTOS_O": "CAPACIDADES EXCEPCIONALES-TALENTO EXCEPCIONAL EN ACTIVIDAD FISICA, EJERCICIO Y DEPORTE-TALENTO EXCEPCIONAL EN ARTES Y LETRAS-TALENTO EXCEPCIONAL EN TECNOLOGIA", "GRUPOS_ETN": "AFRODESCENDIENTES-INDIGENAS-NEGRITUDES", "SECTOR": 2, "NATU_JUR": 9, "CALENDARIO": 1, "GENERO": 5, "COD_LOCA": "07", "ESPECIALID": 12, "CLASE_TIPO": 1, "BILINGUE": 5, "FECHA": "2024-04-30", "DANE12_EST": "211102000243", "DANE12_SED": "111001104361", "DA_HIPOACU": 0, "DA_SORDERA": 0, "DA_LENGUAS": 0, "DA_UCASTEL": 0, "DISCAP_FIS": 2, "DISCAP_FLE": 0, "DISCAP_PCE": 0, "DI_DCOGNIT": 13, "DI_SDOWN": 0, "DIS_MULTIP": 12, "DIS_PSICOS": 0, "DV_BAJAVIS": 0, "DIS_CEGUER": 0, "T_ESPECTRO": 0, "T_VOZ_Y_HA": 0, "SISTEMICA": 0, "SORDOCEGUE": 0, "OTRA": 0, "TOT_EST_MA": 27, "AFRODESCEN": 18, "INDIGENAS": 6, "NEGRITUDES": 8, "PALENQUERO": 0, "RAIZALES": 0, "ROM": 0, "TOT_EST_ET": 32, "CAPACID_EX": 1, "DOBLE_EXCE": 0, "TE_ACTFISI": 0, "TE_ARTES": 1, "TE_CNATUR": 0, "TE_CSOCIAL": 0, "TE_LDSOCIA": 0, "TE_TECNOLO": 0, "TOT_EST_CA": 1, "TMATRIC_GE": 1606, "Zona": 1 }, "geometry": { "type": "Point", "coordinates": [ -8259658.332800000905991, 517276.252399999648333 ] } },
{ "type": "Feature", "properties": { "NOMBRE_EST": "COLEGIO BOSANOVA (IED)", "NOMBRE_SED": "BOSANOVA", "ORDEN_DE_S": "A", "DIRECCION": "CL 59 B SUR # 87 B - 02", "DISCAPACID": "AUDITIVA-FISICA-INTELECTUAL-MENTAL/PSICOSOCIAL-MULTIPLE-SORDOCEGUERA", "TALENTOS_O": "TALENTO EXCEPCIONAL EN ACTIVIDAD FISICA, EJERCICIO Y DEPORTE-TALENTO EXCEPCIONAL EN LIDERAZGO SOCIAL Y EMPRENDIMIENTO-TALENTO EXCEPCIONAL EN TECNOLOGIA", "GRUPOS_ETN": "AFRODESCENDIENTES-INDIGENAS-NEGRITUDES-RAIZALES", "SECTOR": 2, "NATU_JUR": 9, "CALENDARIO": 1, "GENERO": 5, "COD_LOCA": "07", "ESPECIALID": 1, "CLASE_TIPO": 1, "BILINGUE": 5, "FECHA": "2024-04-30", "DANE12_EST": "211102000995", "DANE12_SED": "211102000995", "DA_HIPOACU": 2, "DA_SORDERA": 0, "DA_LENGUAS": 0, "DA_UCASTEL": 0, "DISCAP_FIS": 2, "DISCAP_FLE": 0, "DISCAP_PCE": 0, "DI_DCOGNIT": 17, "DI_SDOWN": 0, "DIS_MULTIP": 2, "DIS_PSICOS": 4, "DV_BAJAVIS": 0, "DIS_CEGUER": 0, "T_ESPECTRO": 0, "T_VOZ_Y_HA": 0, "SISTEMICA": 0, "SORDOCEGUE": 1, "OTRA": 0, "TOT_EST_MA": 28, "AFRODESCEN": 9, "INDIGENAS": 4, "NEGRITUDES": 3, "PALENQUERO": 0, "RAIZALES": 1, "ROM": 0, "TOT_EST_ET": 17, "CAPACID_EX": 0, "DOBLE_EXCE": 0, "TE_ACTFISI": 0, "TE_ARTES": 0, "TE_CNATUR": 0, "TE_CSOCIAL": 0, "TE_LDSOCIA": 0, "TE_TECNOLO": 0, "TOT_EST_CA": 0, "TMATRIC_GE": 1283, "Zona": 1 }, "geometry": { "type": "Point", "coordinates": [ -8258624.646800000220537, 515138.919900000095367 ] } },
{ "type": "Feature", "properties": { "NOMBRE_EST": "COLEGIO CARLOS ARANGO VELEZ (IED)", "NOMBRE_SED": "CARLOS ARANGO VELEZ", "ORDEN_DE_S": "A", "DIRECCION": "KR 70 B # 24 B - 35 SUR", "DISCAPACID": "AUDITIVA-FISICA-INTELECTUAL-MENTAL/PSICOSOCIAL-MULTIPLE-VISUAL", "TALENTOS_O": "CAPACIDADES EXCEPCIONALES-TALENTO EXCEPCIONAL EN ACTIVIDAD FISICA, EJERCICIO Y DEPORTE-TALENTO EXCEPCIONAL EN ARTES Y LETRAS-TALENTO EXCEPCIONAL EN CIENCIAS NATURALES O BASICAS-TALENTO EXCEPCIONAL EN CIENCIAS SOCIALES O HUMANAS-TALENTO EXCEPCIONAL EN LID", "GRUPOS_ETN": "AFRODESCENDIENTES-INDIGENAS-NEGRITUDES", "SECTOR": 2, "NATU_JUR": 9, "CALENDARIO": 1, "GENERO": 5, "COD_LOCA": "08", "ESPECIALID": 1, "CLASE_TIPO": 1, "BILINGUE": 5, "FECHA": "2024-04-30", "DANE12_EST": "111001000124", "DANE12_SED": "111001000124", "DA_HIPOACU": 0, "DA_SORDERA": 0, "DA_LENGUAS": 0, "DA_UCASTEL": 0, "DISCAP_FIS": 3, "DISCAP_FLE": 0, "DISCAP_PCE": 0, "DI_DCOGNIT": 24, "DI_SDOWN": 0, "DIS_MULTIP": 6, "DIS_PSICOS": 0, "DV_BAJAVIS": 1, "DIS_CEGUER": 0, "T_ESPECTRO": 0, "T_VOZ_Y_HA": 0, "SISTEMICA": 0, "SORDOCEGUE": 0, "OTRA": 0, "TOT_EST_MA": 35, "AFRODESCEN": 5, "INDIGENAS": 8, "NEGRITUDES": 4, "PALENQUERO": 0, "RAIZALES": 0, "ROM": 0, "TOT_EST_ET": 17, "CAPACID_EX": 1, "DOBLE_EXCE": 0, "TE_ACTFISI": 1, "TE_ARTES": 0, "TE_CNATUR": 0, "TE_CSOCIAL": 0, "TE_LDSOCIA": 0, "TE_TECNOLO": 0, "TOT_EST_CA": 1, "TMATRIC_GE": 2019, "Zona": 1 }, "geometry": { "type": "Point", "coordinates": [ -8252777.130799999460578, 514430.65260000154376 ] } },
{ "type": "Feature", "properties": { "NOMBRE_EST": "COLEGIO DARIO ECHANDIA (IED)", "NOMBRE_SED": "DARIO ECHANDIA", "ORDEN_DE_S": "A", "DIRECCION": "CL 5 A SUR # 88 B - 08", "DISCAPACID": "FISICA-INTELECTUAL-MENTAL/PSICOSOCIAL", "TALENTOS_O": "TALENTO EXCEPCIONAL EN ACTIVIDAD FISICA, EJERCICIO Y DEPORTE", "GRUPOS_ETN": "AFRODESCENDIENTES-INDIGENAS-NEGRITUDES", "SECTOR": 2, "NATU_JUR": 9, "CALENDARIO": 1, "GENERO": 5, "COD_LOCA": "08", "ESPECIALID": 9, "CLASE_TIPO": 1, "BILINGUE": 5, "FECHA": "2024-04-30", "DANE12_EST": "111001001279", "DANE12_SED": "111001001279", "DA_HIPOACU": 0, "DA_SORDERA": 0, "DA_LENGUAS": 0, "DA_UCASTEL": 0, "DISCAP_FIS": 0, "DISCAP_FLE": 0, "DISCAP_PCE": 0, "DI_DCOGNIT": 3, "DI_SDOWN": 0, "DIS_MULTIP": 1, "DIS_PSICOS": 1, "DV_BAJAVIS": 0, "DIS_CEGUER": 0, "T_ESPECTRO": 0, "T_VOZ_Y_HA": 0, "SISTEMICA": 0, "SORDOCEGUE": 0, "OTRA": 0, "TOT_EST_MA": 5, "AFRODESCEN": 10, "INDIGENAS": 4, "NEGRITUDES": 4, "PALENQUERO": 0, "RAIZALES": 0, "ROM": 0, "TOT_EST_ET": 18, "CAPACID_EX": 2, "DOBLE_EXCE": 0, "TE_ACTFISI": 2, "TE_ARTES": 0, "TE_CNATUR": 0, "TE_CSOCIAL": 0, "TE_LDSOCIA": 0, "TE_TECNOLO": 0, "TOT_EST_CA": 2, "TMATRIC_GE": 1175, "Zona": 1 }, "geometry": { "type": "Point", "coordinates": [ -8255684.26380000077188, 517292.438700001686811 ] } },
{ "type": "Feature", "properties": { "NOMBRE_EST": "COLEGIO DARIO ECHANDIA (IED)", "NOMBRE_SED": "LOS PATIOS", "ORDEN_DE_S": "B", "DIRECCION": "KR 88 F BIS # 2 - 09", "DISCAPACID": "MULTIPLE", "TALENTOS_O": "TALENTO EXCEPCIONAL EN ACTIVIDAD FISICA, EJERCICIO Y DEPORTE-TALENTO EXCEPCIONAL EN ARTES Y LETRAS", "GRUPOS_ETN": "AFRODESCENDIENTES-INDIGENAS-NEGRITUDES", "SECTOR": 2, "NATU_JUR": 9, "CALENDARIO": 1, "GENERO": 5, "COD_LOCA": "08", "ESPECIALID": 13, "CLASE_TIPO": 1, "BILINGUE": 5, "FECHA": "2024-04-30", "DANE12_EST": "111001001279", "DANE12_SED": "111001034771", "DA_HIPOACU": 0, "DA_SORDERA": 0, "DA_LENGUAS": 0, "DA_UCASTEL": 0, "DISCAP_FIS": 0, "DISCAP_FLE": 0, "DISCAP_PCE": 0, "DI_DCOGNIT": 2, "DI_SDOWN": 0, "DIS_MULTIP": 1, "DIS_PSICOS": 0, "DV_BAJAVIS": 0, "DIS_CEGUER": 0, "T_ESPECTRO": 0, "T_VOZ_Y_HA": 0, "SISTEMICA": 0, "SORDOCEGUE": 0, "OTRA": 0, "TOT_EST_MA": 3, "AFRODESCEN": 6, "INDIGENAS": 0, "NEGRITUDES": 0, "PALENQUERO": 0, "RAIZALES": 0, "ROM": 0, "TOT_EST_ET": 6, "CAPACID_EX": 0, "DOBLE_EXCE": 0, "TE_ACTFISI": 0, "TE_ARTES": 0, "TE_CNATUR": 0, "TE_CSOCIAL": 0, "TE_LDSOCIA": 0, "TE_TECNOLO": 0, "TOT_EST_CA": 0, "TMATRIC_GE": 558, "Zona": 1 }, "geometry": { "type": "Point", "coordinates": [ -8255628.9046, 517456.421900000423193 ] } },
{ "type": "Feature", "properties": { "NOMBRE_EST": "COLEGIO DARIO ECHANDIA (IED)", "NOMBRE_SED": "TOCAREMA", "ORDEN_DE_S": "C", "DIRECCION": "CL 4 # 88 G - 16", "DISCAPACID": "AUDITIVA", "TALENTOS_O": "CAPACIDADES EXCEPCIONALES-TALENTO EXCEPCIONAL EN ACTIVIDAD FISICA, EJERCICIO Y DEPORTE-TALENTO EXCEPCIONAL EN LIDERAZGO SOCIAL Y EMPRENDIMIENTO", "GRUPOS_ETN": "AFRODESCENDIENTES", "SECTOR": 2, "NATU_JUR": 9, "CALENDARIO": 1, "GENERO": 5, "COD_LOCA": "08", "ESPECIALID": 13, "CLASE_TIPO": 1, "BILINGUE": 5, "FECHA": "2024-04-30", "DANE12_EST": "111001001279", "DANE12_SED": "111001034649", "DA_HIPOACU": 0, "DA_SORDERA": 0, "DA_LENGUAS": 0, "DA_UCASTEL": 0, "DISCAP_FIS": 0, "DISCAP_FLE": 0, "DISCAP_PCE": 0, "DI_DCOGNIT": 0, "DI_SDOWN": 0, "DIS_MULTIP": 0, "DIS_PSICOS": 0, "DV_BAJAVIS": 0, "DIS_CEGUER": 0, "T_ESPECTRO": 0, "T_VOZ_Y_HA": 0, "SISTEMICA": 0, "SORDOCEGUE": 0, "OTRA": 0, "TOT_EST_MA": 0, "AFRODESCEN": 2, "INDIGENAS": 1, "NEGRITUDES": 0, "PALENQUERO": 0, "RAIZALES": 0, "ROM": 0, "TOT_EST_ET": 3, "CAPACID_EX": 0, "DOBLE_EXCE": 0, "TE_ACTFISI": 0, "TE_ARTES": 0, "TE_CNATUR": 0, "TE_CSOCIAL": 0, "TE_LDSOCIA": 0, "TE_TECNOLO": 0, "TOT_EST_CA": 0, "TMATRIC_GE": 202, "Zona": 1 }, "geometry": { "type": "Point", "coordinates": [ -8255581.274299999698997, 517535.845400001853704 ] } },
{ "type": "Feature", "properties": { "NOMBRE_EST": "COLEGIO NACIONAL NICOLAS ESGUERRA (IED)", "NOMBRE_SED": "NACIONAL NICOLAS ESGUERRA", "ORDEN_DE_S": "A", "DIRECCION": "CL 9 C # 68 - 52", "DISCAPACID": "FISICA-INTELECTUAL-MENTAL/PSICOSOCIAL-MULTIPLE-SORDOCEGUERA-VISUAL", "TALENTOS_O": "CAPACIDADES EXCEPCIONALES-TALENTO EXCEPCIONAL EN ACTIVIDAD FISICA, EJERCICIO Y DEPORTE-TALENTO EXCEPCIONAL EN ARTES Y LETRAS-TALENTO EXCEPCIONAL EN LIDERAZGO SOCIAL Y EMPRENDIMIENTO", "GRUPOS_ETN": "AFRODESCENDIENTES-INDIGENAS-NEGRITUDES-ROM", "SECTOR": 2, "NATU_JUR": 9, "CALENDARIO": 1, "GENERO": 5, "COD_LOCA": "08", "ESPECIALID": 1, "CLASE_TIPO": 1, "BILINGUE": 5, "FECHA": "2024-04-30", "DANE12_EST": "111001010910", "DANE12_SED": "111001010910", "DA_HIPOACU": 0, "DA_SORDERA": 0, "DA_LENGUAS": 0, "DA_UCASTEL": 0, "DISCAP_FIS": 1, "DISCAP_FLE": 0, "DISCAP_PCE": 0, "DI_DCOGNIT": 16, "DI_SDOWN": 0, "DIS_MULTIP": 6, "DIS_PSICOS": 10, "DV_BAJAVIS": 2, "DIS_CEGUER": 0, "T_ESPECTRO": 0, "T_VOZ_Y_HA": 0, "SISTEMICA": 0, "SORDOCEGUE": 1, "OTRA": 0, "TOT_EST_MA": 36, "AFRODESCEN": 2, "INDIGENAS": 8, "NEGRITUDES": 6, "PALENQUERO": 0, "RAIZALES": 0, "ROM": 0, "TOT_EST_ET": 16, "CAPACID_EX": 0, "DOBLE_EXCE": 0, "TE_ACTFISI": 0, "TE_ARTES": 0, "TE_CNATUR": 0, "TE_CSOCIAL": 0, "TE_LDSOCIA": 0, "TE_TECNOLO": 0, "TOT_EST_CA": 0, "TMATRIC_GE": 1418, "Zona": 1 }, "geometry": { "type": "Point", "coordinates": [ -8251492.515000000596046, 516395.716400001198053 ] } },
{ "type": "Feature", "properties": { "NOMBRE_EST": "COLEGIO CARLOS ARTURO TORRES (IED)", "NOMBRE_SED": "CARLOS ARTURO TORRES", "ORDEN_DE_S": "A", "DIRECCION": "TV 72 B # 44 C - 19 SUR", "DISCAPACID": "AUDITIVA-INTELECTUAL-MENTAL/PSICOSOCIAL-MULTIPLE", "TALENTOS_O": "CAPACIDADES EXCEPCIONALES-TALENTO EXCEPCIONAL EN ACTIVIDAD FISICA, EJERCICIO Y DEPORTE", "GRUPOS_ETN": "AFRODESCENDIENTES-INDIGENAS-NEGRITUDES-RAIZALES", "SECTOR": 2, "NATU_JUR": 9, "CALENDARIO": 1, "GENERO": 5, "COD_LOCA": "08", "ESPECIALID": 1, "CLASE_TIPO": 1, "BILINGUE": 5, "FECHA": "2024-04-30", "DANE12_EST": "111001011321", "DANE12_SED": "111001011321", "DA_HIPOACU": 2, "DA_SORDERA": 0, "DA_LENGUAS": 0, "DA_UCASTEL": 0, "DISCAP_FIS": 1, "DISCAP_FLE": 0, "DISCAP_PCE": 0, "DI_DCOGNIT": 102, "DI_SDOWN": 0, "DIS_MULTIP": 11, "DIS_PSICOS": 36, "DV_BAJAVIS": 4, "DIS_CEGUER": 0, "T_ESPECTRO": 0, "T_VOZ_Y_HA": 0, "SISTEMICA": 0, "SORDOCEGUE": 1, "OTRA": 0, "TOT_EST_MA": 157, "AFRODESCEN": 15, "INDIGENAS": 36, "NEGRITUDES": 23, "PALENQUERO": 0, "RAIZALES": 0, "ROM": 0, "TOT_EST_ET": 74, "CAPACID_EX": 1, "DOBLE_EXCE": 0, "TE_ACTFISI": 0, "TE_ARTES": 1, "TE_CNATUR": 0, "TE_CSOCIAL": 0, "TE_LDSOCIA": 0, "TE_TECNOLO": 0, "TOT_EST_CA": 1, "TMATRIC_GE": 2121, "Zona": 1 }, "geometry": { "type": "Point", "coordinates": [ -8253939.3597, 512571.047100000083447 ] } },
{ "type": "Feature", "properties": { "NOMBRE_EST": "COLEGIO CARLOS ARTURO TORRES (IED)", "NOMBRE_SED": "REPUBLICA DE FINLANDIA", "ORDEN_DE_S": "B", "DIRECCION": "TV 72 B # 44 C - 08 SUR", "DISCAPACID": "FISICA-INTELECTUAL-MENTAL/PSICOSOCIAL-MULTIPLE", "TALENTOS_O": null, "GRUPOS_ETN": null, "SECTOR": 2, "NATU_JUR": 9, "CALENDARIO": 1, "GENERO": 5, "COD_LOCA": "08", "ESPECIALID": 13, "CLASE_TIPO": 1, "BILINGUE": 5, "FECHA": "2024-04-30", "DANE12_EST": "111001011321", "DANE12_SED": "111001106259", "DA_HIPOACU": 0, "DA_SORDERA": 0, "DA_LENGUAS": 0, "DA_UCASTEL": 0, "DISCAP_FIS": 1, "DISCAP_FLE": 0, "DISCAP_PCE": 0, "DI_DCOGNIT": 92, "DI_SDOWN": 0, "DIS_MULTIP": 25, "DIS_PSICOS": 12, "DV_BAJAVIS": 0, "DIS_CEGUER": 0, "T_ESPECTRO": 0, "T_VOZ_Y_HA": 0, "SISTEMICA": 0, "SORDOCEGUE": 0, "OTRA": 0, "TOT_EST_MA": 130, "AFRODESCEN": 1, "INDIGENAS": 0, "NEGRITUDES": 0, "PALENQUERO": 0, "RAIZALES": 0, "ROM": 0, "TOT_EST_ET": 1, "CAPACID_EX": 0, "DOBLE_EXCE": 0, "TE_ACTFISI": 0, "TE_ARTES": 0, "TE_CNATUR": 0, "TE_CSOCIAL": 0, "TE_LDSOCIA": 0, "TE_TECNOLO": 0, "TOT_EST_CA": 0, "TMATRIC_GE": 130, "Zona": 1 }, "geometry": { "type": "Point", "coordinates": [ -8253932.663799999281764, 512562.627500001341105 ] } },
{ "type": "Feature", "properties": { "NOMBRE_EST": "COLEGIO LA AMISTAD (IED)", "NOMBRE_SED": "LA AMISTAD", "ORDEN_DE_S": "A", "DIRECCION": "KR 78 # 35 - 30 SUR", "DISCAPACID": "AUDITIVA-FISICA-INTELECTUAL-MENTAL/PSICOSOCIAL-MULTIPLE-SORDOCEGUERA", "TALENTOS_O": "CAPACIDADES EXCEPCIONALES-TALENTO EXCEPCIONAL EN ACTIVIDAD FISICA, EJERCICIO Y DEPORTE-TALENTO EXCEPCIONAL EN LIDERAZGO SOCIAL Y EMPRENDIMIENTO-TALENTO EXCEPCIONAL EN TECNOLOGIA", "GRUPOS_ETN": "AFRODESCENDIENTES-INDIGENAS-NEGRITUDES-RAIZALES", "SECTOR": 2, "NATU_JUR": 9, "CALENDARIO": 1, "GENERO": 5, "COD_LOCA": "08", "ESPECIALID": 1, "CLASE_TIPO": 1, "BILINGUE": 5, "FECHA": "2024-04-30", "DANE12_EST": "111001011690", "DANE12_SED": "111001011690", "DA_HIPOACU": 0, "DA_SORDERA": 0, "DA_LENGUAS": 0, "DA_UCASTEL": 0, "DISCAP_FIS": 3, "DISCAP_FLE": 0, "DISCAP_PCE": 0, "DI_DCOGNIT": 21, "DI_SDOWN": 0, "DIS_MULTIP": 2, "DIS_PSICOS": 5, "DV_BAJAVIS": 0, "DIS_CEGUER": 0, "T_ESPECTRO": 0, "T_VOZ_Y_HA": 0, "SISTEMICA": 0, "SORDOCEGUE": 1, "OTRA": 0, "TOT_EST_MA": 33, "AFRODESCEN": 16, "INDIGENAS": 13, "NEGRITUDES": 11, "PALENQUERO": 0, "RAIZALES": 1, "ROM": 0, "TOT_EST_ET": 41, "CAPACID_EX": 0, "DOBLE_EXCE": 0, "TE_ACTFISI": 0, "TE_ARTES": 0, "TE_CNATUR": 0, "TE_CSOCIAL": 0, "TE_LDSOCIA": 0, "TE_TECNOLO": 0, "TOT_EST_CA": 0, "TMATRIC_GE": 1789, "Zona": 1 }, "geometry": { "type": "Point", "coordinates": [ -8254142.992000000551343, 515231.082699999213219 ] } },
{ "type": "Feature", "properties": { "NOMBRE_EST": "COLEGIO LA AMISTAD (IED)", "NOMBRE_SED": "LLANO GRANDE", "ORDEN_DE_S": "B", "DIRECCION": "KR 83 # 38 B - 12 SUR", "DISCAPACID": "INTELECTUAL", "TALENTOS_O": "TALENTO EXCEPCIONAL EN ACTIVIDAD FISICA, EJERCICIO Y DEPORTE-TALENTO EXCEPCIONAL EN ARTES Y LETRAS", "GRUPOS_ETN": "AFRODESCENDIENTES-INDIGENAS-NEGRITUDES", "SECTOR": 2, "NATU_JUR": 9, "CALENDARIO": 1, "GENERO": 5, "COD_LOCA": "08", "ESPECIALID": 13, "CLASE_TIPO": 1, "BILINGUE": 5, "FECHA": "2024-04-30", "DANE12_EST": "111001011690", "DANE12_SED": "111001033871", "DA_HIPOACU": 0, "DA_SORDERA": 0, "DA_LENGUAS": 0, "DA_UCASTEL": 0, "DISCAP_FIS": 0, "DISCAP_FLE": 0, "DISCAP_PCE": 0, "DI_DCOGNIT": 0, "DI_SDOWN": 0, "DIS_MULTIP": 0, "DIS_PSICOS": 0, "DV_BAJAVIS": 0, "DIS_CEGUER": 0, "T_ESPECTRO": 0, "T_VOZ_Y_HA": 0, "SISTEMICA": 0, "SORDOCEGUE": 0, "OTRA": 0, "TOT_EST_MA": 1, "AFRODESCEN": 5, "INDIGENAS": 2, "NEGRITUDES": 1, "PALENQUERO": 0, "RAIZALES": 0, "ROM": 0, "TOT_EST_ET": 8, "CAPACID_EX": 0, "DOBLE_EXCE": 0, "TE_ACTFISI": 0, "TE_ARTES": 0, "TE_CNATUR": 0, "TE_CSOCIAL": 0, "TE_LDSOCIA": 0, "TE_TECNOLO": 0, "TOT_EST_CA": 0, "TMATRIC_GE": 372, "Zona": 1 }, "geometry": { "type": "Point", "coordinates": [ -8255771.4024, 516317.67850000038743 ] } },
{ "type": "Feature", "properties": { "NOMBRE_EST": "COLEGIO LA AMISTAD (IED)", "NOMBRE_SED": "PINAR DEL RIO", "ORDEN_DE_S": "C", "DIRECCION": "KR 83 # 40 BIS - 36 SUR", "DISCAPACID": "INTELECTUAL", "TALENTOS_O": "TALENTO EXCEPCIONAL EN ACTIVIDAD FISICA, EJERCICIO Y DEPORTE", "GRUPOS_ETN": "AFRODESCENDIENTES-NEGRITUDES", "SECTOR": 2, "NATU_JUR": 9, "CALENDARIO": 1, "GENERO": 5, "COD_LOCA": "08", "ESPECIALID": 13, "CLASE_TIPO": 1, "BILINGUE": 5, "FECHA": "2024-04-30", "DANE12_EST": "111001011690", "DANE12_SED": "111001096628", "DA_HIPOACU": 0, "DA_SORDERA": 0, "DA_LENGUAS": 0, "DA_UCASTEL": 0, "DISCAP_FIS": 0, "DISCAP_FLE": 0, "DISCAP_PCE": 0, "DI_DCOGNIT": 3, "DI_SDOWN": 0, "DIS_MULTIP": 0, "DIS_PSICOS": 0, "DV_BAJAVIS": 0, "DIS_CEGUER": 0, "T_ESPECTRO": 0, "T_VOZ_Y_HA": 0, "SISTEMICA": 0, "SORDOCEGUE": 0, "OTRA": 0, "TOT_EST_MA": 3, "AFRODESCEN": 6, "INDIGENAS": 0, "NEGRITUDES": 0, "PALENQUERO": 0, "RAIZALES": 0, "ROM": 0, "TOT_EST_ET": 6, "CAPACID_EX": 0, "DOBLE_EXCE": 0, "TE_ACTFISI": 0, "TE_ARTES": 0, "TE_CNATUR": 0, "TE_CSOCIAL": 0, "TE_LDSOCIA": 0, "TE_TECNOLO": 0, "TOT_EST_CA": 0, "TMATRIC_GE": 238, "Zona": 1 }, "geometry": { "type": "Point", "coordinates": [ -8256190.607100000604987, 515957.003199998289347 ] } },
{ "type": "Feature", "properties": { "NOMBRE_EST": "COLEGIO TOM ADAMS (IED)", "NOMBRE_SED": "TOM ADAMS", "ORDEN_DE_S": "A", "DIRECCION": "CL 40 J SUR # 78 - 08", "DISCAPACID": "AUDITIVA-FISICA-INTELECTUAL-MENTAL/PSICOSOCIAL-MULTIPLE", "TALENTOS_O": "CAPACIDADES EXCEPCIONALES-TALENTO EXCEPCIONAL EN ACTIVIDAD FISICA, EJERCICIO Y DEPORTE-TALENTO EXCEPCIONAL EN ARTES Y LETRAS-TALENTO EXCEPCIONAL EN LIDERAZGO SOCIAL Y EMPRENDIMIENTO-TALENTO EXCEPCIONAL EN TECNOLOGIA", "GRUPOS_ETN": "AFRODESCENDIENTES-INDIGENAS-NEGRITUDES", "SECTOR": 2, "NATU_JUR": 9, "CALENDARIO": 1, "GENERO": 5, "COD_LOCA": "08", "ESPECIALID": 1, "CLASE_TIPO": 1, "BILINGUE": 5, "FECHA": "2024-04-30", "DANE12_EST": "111001012343", "DANE12_SED": "111001012343", "DA_HIPOACU": 2, "DA_SORDERA": 0, "DA_LENGUAS": 0, "DA_UCASTEL": 0, "DISCAP_FIS": 3, "DISCAP_FLE": 0, "DISCAP_PCE": 0, "DI_DCOGNIT": 10, "DI_SDOWN": 0, "DIS_MULTIP": 6, "DIS_PSICOS": 3, "DV_BAJAVIS": 1, "DIS_CEGUER": 0, "T_ESPECTRO": 0, "T_VOZ_Y_HA": 0, "SISTEMICA": 0, "SORDOCEGUE": 0, "OTRA": 0, "TOT_EST_MA": 25, "AFRODESCEN": 10, "INDIGENAS": 7, "NEGRITUDES": 8, "PALENQUERO": 0, "RAIZALES": 1, "ROM": 0, "TOT_EST_ET": 26, "CAPACID_EX": 0, "DOBLE_EXCE": 0, "TE_ACTFISI": 0, "TE_ARTES": 0, "TE_CNATUR": 0, "TE_CSOCIAL": 0, "TE_LDSOCIA": 0, "TE_TECNOLO": 0, "TOT_EST_CA": 0, "TMATRIC_GE": 1456, "Zona": 1 }, "geometry": { "type": "Point", "coordinates": [ -8254975.672900000587106, 514640.205099999904633 ] } },
{ "type": "Feature", "properties": { "NOMBRE_EST": "COLEGIO TOM ADAMS (IED)", "NOMBRE_SED": "SAN JORGE", "ORDEN_DE_S": "B", "DIRECCION": "CL 40 A SUR # 79 C - 08", "DISCAPACID": "FISICA-INTELECTUAL-MENTAL/PSICOSOCIAL-MULTIPLE", "TALENTOS_O": "CAPACIDADES EXCEPCIONALES-TALENTO EXCEPCIONAL EN ACTIVIDAD FISICA, EJERCICIO Y DEPORTE-TALENTO EXCEPCIONAL EN ARTES Y LETRAS-TALENTO EXCEPCIONAL EN CIENCIAS SOCIALES O HUMANAS", "GRUPOS_ETN": "AFRODESCENDIENTES-INDIGENAS-NEGRITUDES-RAIZALES", "SECTOR": 2, "NATU_JUR": 9, "CALENDARIO": 1, "GENERO": 5, "COD_LOCA": "08", "ESPECIALID": 13, "CLASE_TIPO": 1, "BILINGUE": 5, "FECHA": "2024-04-30", "DANE12_EST": "111001012343", "DANE12_SED": "111001013196", "DA_HIPOACU": 0, "DA_SORDERA": 0, "DA_LENGUAS": 0, "DA_UCASTEL": 0, "DISCAP_FIS": 3, "DISCAP_FLE": 0, "DISCAP_PCE": 0, "DI_DCOGNIT": 17, "DI_SDOWN": 0, "DIS_MULTIP": 10, "DIS_PSICOS": 0, "DV_BAJAVIS": 0, "DIS_CEGUER": 0, "T_ESPECTRO": 0, "T_VOZ_Y_HA": 0, "SISTEMICA": 0, "SORDOCEGUE": 1, "OTRA": 0, "TOT_EST_MA": 31, "AFRODESCEN": 7, "INDIGENAS": 3, "NEGRITUDES": 2, "PALENQUERO": 0, "RAIZALES": 0, "ROM": 0, "TOT_EST_ET": 12, "CAPACID_EX": 0, "DOBLE_EXCE": 0, "TE_ACTFISI": 0, "TE_ARTES": 0, "TE_CNATUR": 0, "TE_CSOCIAL": 0, "TE_LDSOCIA": 0, "TE_TECNOLO": 0, "TOT_EST_CA": 0, "TMATRIC_GE": 763, "Zona": 1 }, "geometry": { "type": "Point", "coordinates": [ -8255336.628599999472499, 515329.674499999731779 ] } },
{ "type": "Feature", "properties": { "NOMBRE_EST": "COLEGIO EL JAPON (IED)", "NOMBRE_SED": "EL JAPON", "ORDEN_DE_S": "A", "DIRECCION": "KR 78 G # 38 C - 11 SUR", "DISCAPACID": "FISICA-INTELECTUAL-MENTAL/PSICOSOCIAL-MULTIPLE", "TALENTOS_O": "CAPACIDADES EXCEPCIONALES-TALENTO EXCEPCIONAL EN ACTIVIDAD FISICA, EJERCICIO Y DEPORTE-TALENTO EXCEPCIONAL EN TECNOLOGIA", "GRUPOS_ETN": "AFRODESCENDIENTES-INDIGENAS-NEGRITUDES", "SECTOR": 2, "NATU_JUR": 9, "CALENDARIO": 1, "GENERO": 5, "COD_LOCA": "08", "ESPECIALID": 1, "CLASE_TIPO": 1, "BILINGUE": 5, "FECHA": "2024-04-30", "DANE12_EST": "111001012360", "DANE12_SED": "111001012360", "DA_HIPOACU": 0, "DA_SORDERA": 0, "DA_LENGUAS": 0, "DA_UCASTEL": 0, "DISCAP_FIS": 4, "DISCAP_FLE": 0, "DISCAP_PCE": 0, "DI_DCOGNIT": 19, "DI_SDOWN": 0, "DIS_MULTIP": 9, "DIS_PSICOS": 3, "DV_BAJAVIS": 0, "DIS_CEGUER": 0, "T_ESPECTRO": 0, "T_VOZ_Y_HA": 0, "SISTEMICA": 0, "SORDOCEGUE": 0, "OTRA": 0, "TOT_EST_MA": 35, "AFRODESCEN": 18, "INDIGENAS": 8, "NEGRITUDES": 5, "PALENQUERO": 0, "RAIZALES": 0, "ROM": 0, "TOT_EST_ET": 31, "CAPACID_EX": 2, "DOBLE_EXCE": 0, "TE_ACTFISI": 2, "TE_ARTES": 0, "TE_CNATUR": 0, "TE_CSOCIAL": 0, "TE_LDSOCIA": 0, "TE_TECNOLO": 0, "TOT_EST_CA": 2, "TMATRIC_GE": 1721, "Zona": 1 }, "geometry": { "type": "Point", "coordinates": [ -8254731.23200000077486, 515024.467300001531839 ] } },
{ "type": "Feature", "properties": { "NOMBRE_EST": "COLEGIO SAN PEDRO CLAVER (IED)", "NOMBRE_SED": "SAN PEDRO CLAVER", "ORDEN_DE_S": "A", "DIRECCION": "KR 79 C # 41 B - 51 SUR", "DISCAPACID": "AUDITIVA-FISICA-INTELECTUAL-MENTAL/PSICOSOCIAL-MULTIPLE-VISUAL", "TALENTOS_O": "CAPACIDADES EXCEPCIONALES-TALENTO EXCEPCIONAL EN ACTIVIDAD FISICA, EJERCICIO Y DEPORTE-TALENTO EXCEPCIONAL EN ARTES Y LETRAS-TALENTO EXCEPCIONAL EN CIENCIAS NATURALES O BASICAS-TALENTO EXCEPCIONAL EN LIDERAZGO SOCIAL Y EMPRENDIMIENTO", "GRUPOS_ETN": "AFRODESCENDIENTES-INDIGENAS-NEGRITUDES", "SECTOR": 2, "NATU_JUR": 9, "CALENDARIO": 1, "GENERO": 5, "COD_LOCA": "08", "ESPECIALID": 1, "CLASE_TIPO": 1, "BILINGUE": 5, "FECHA": "2024-04-30", "DANE12_EST": "111001013102", "DANE12_SED": "111001013102", "DA_HIPOACU": 3, "DA_SORDERA": 0, "DA_LENGUAS": 0, "DA_UCASTEL": 0, "DISCAP_FIS": 4, "DISCAP_FLE": 0, "DISCAP_PCE": 0, "DI_DCOGNIT": 17, "DI_SDOWN": 0, "DIS_MULTIP": 1, "DIS_PSICOS": 1, "DV_BAJAVIS": 1, "DIS_CEGUER": 0, "T_ESPECTRO": 0, "T_VOZ_Y_HA": 0, "SISTEMICA": 0, "SORDOCEGUE": 0, "OTRA": 0, "TOT_EST_MA": 27, "AFRODESCEN": 23, "INDIGENAS": 12, "NEGRITUDES": 4, "PALENQUERO": 0, "RAIZALES": 0, "ROM": 0, "TOT_EST_ET": 39, "CAPACID_EX": 1, "DOBLE_EXCE": 0, "TE_ACTFISI": 0, "TE_ARTES": 1, "TE_CNATUR": 0, "TE_CSOCIAL": 0, "TE_LDSOCIA": 0, "TE_TECNOLO": 0, "TOT_EST_CA": 1, "TMATRIC_GE": 1896, "Zona": 1 }, "geometry": { "type": "Point", "coordinates": [ -8255553.123800000175834, 515056.436200000345707 ] } },
{ "type": "Feature", "properties": { "NOMBRE_EST": "COLEGIO SAN PEDRO CLAVER (IED)", "NOMBRE_SED": "GERMAN ZEA HERNANDEZ", "ORDEN_DE_S": "B", "DIRECCION": "CL 42 G SUR # 87 - 06", "DISCAPACID": "FISICA-INTELECTUAL-MENTAL/PSICOSOCIAL", "TALENTOS_O": "TALENTO EXCEPCIONAL EN ACTIVIDAD FISICA, EJERCICIO Y DEPORTE-TALENTO EXCEPCIONAL EN ARTES Y LETRAS-TALENTO EXCEPCIONAL EN TECNOLOGIA", "GRUPOS_ETN": "AFRODESCENDIENTES-INDIGENAS", "SECTOR": 2, "NATU_JUR": 9, "CALENDARIO": 1, "GENERO": 5, "COD_LOCA": "08", "ESPECIALID": 13, "CLASE_TIPO": 1, "BILINGUE": 5, "FECHA": "2024-04-30", "DANE12_EST": "111001013102", "DANE12_SED": "111001036579", "DA_HIPOACU": 0, "DA_SORDERA": 0, "DA_LENGUAS": 0, "DA_UCASTEL": 0, "DISCAP_FIS": 0, "DISCAP_FLE": 0, "DISCAP_PCE": 0, "DI_DCOGNIT": 2, "DI_SDOWN": 0, "DIS_MULTIP": 4, "DIS_PSICOS": 2, "DV_BAJAVIS": 0, "DIS_CEGUER": 0, "T_ESPECTRO": 0, "T_VOZ_Y_HA": 0, "SISTEMICA": 0, "SORDOCEGUE": 0, "OTRA": 0, "TOT_EST_MA": 8, "AFRODESCEN": 12, "INDIGENAS": 3, "NEGRITUDES": 1, "PALENQUERO": 0, "RAIZALES": 0, "ROM": 0, "TOT_EST_ET": 16, "CAPACID_EX": 0, "DOBLE_EXCE": 0, "TE_ACTFISI": 0, "TE_ARTES": 0, "TE_CNATUR": 0, "TE_CSOCIAL": 0, "TE_LDSOCIA": 0, "TE_TECNOLO": 0, "TOT_EST_CA": 0, "TMATRIC_GE": 558, "Zona": 1 }, "geometry": { "type": "Point", "coordinates": [ -8256722.881300000473857, 516136.152800001204014 ] } },
{ "type": "Feature", "properties": { "NOMBRE_EST": "COLEGIO CLASS (IED)", "NOMBRE_SED": "CLASS", "ORDEN_DE_S": "A", "DIRECCION": "KR 80 I # 57 B - 50 SUR", "DISCAPACID": "INTELECTUAL-MULTIPLE", "TALENTOS_O": "CAPACIDADES EXCEPCIONALES", "GRUPOS_ETN": "AFRODESCENDIENTES-INDIGENAS-NEGRITUDES", "SECTOR": 2, "NATU_JUR": 9, "CALENDARIO": 1, "GENERO": 5, "COD_LOCA": "08", "ESPECIALID": 12, "CLASE_TIPO": 1, "BILINGUE": 5, "FECHA": "2024-04-30", "DANE12_EST": "111001013129", "DANE12_SED": "111001013129", "DA_HIPOACU": 0, "DA_SORDERA": 0, "DA_LENGUAS": 0, "DA_UCASTEL": 0, "DISCAP_FIS": 0, "DISCAP_FLE": 0, "DISCAP_PCE": 0, "DI_DCOGNIT": 21, "DI_SDOWN": 0, "DIS_MULTIP": 6, "DIS_PSICOS": 1, "DV_BAJAVIS": 0, "DIS_CEGUER": 0, "T_ESPECTRO": 0, "T_VOZ_Y_HA": 0, "SISTEMICA": 0, "SORDOCEGUE": 0, "OTRA": 0, "TOT_EST_MA": 28, "AFRODESCEN": 31, "INDIGENAS": 2, "NEGRITUDES": 7, "PALENQUERO": 0, "RAIZALES": 0, "ROM": 0, "TOT_EST_ET": 40, "CAPACID_EX": 0, "DOBLE_EXCE": 0, "TE_ACTFISI": 0, "TE_ARTES": 0, "TE_CNATUR": 0, "TE_CSOCIAL": 0, "TE_LDSOCIA": 0, "TE_TECNOLO": 0, "TOT_EST_CA": 0, "TMATRIC_GE": 1209, "Zona": 1 }, "geometry": { "type": "Point", "coordinates": [ -8257574.27280000038445, 514196.699499998241663 ] } },
{ "type": "Feature", "properties": { "NOMBRE_EST": "COLEGIO CLASS (IED)", "NOMBRE_SED": "CIUDAD ROMA", "ORDEN_DE_S": "B", "DIRECCION": "CL 56 A SUR # 78 A - 20", "DISCAPACID": "INTELECTUAL-MENTAL/PSICOSOCIAL-MULTIPLE", "TALENTOS_O": "CAPACIDADES EXCEPCIONALES-TALENTO EXCEPCIONAL EN ACTIVIDAD FISICA, EJERCICIO Y DEPORTE-TALENTO EXCEPCIONAL EN ARTES Y LETRAS", "GRUPOS_ETN": "AFRODESCENDIENTES-INDIGENAS", "SECTOR": 2, "NATU_JUR": 9, "CALENDARIO": 1, "GENERO": 5, "COD_LOCA": "08", "ESPECIALID": 13, "CLASE_TIPO": 1, "BILINGUE": 5, "FECHA": "2024-04-30", "DANE12_EST": "111001013129", "DANE12_SED": "111001050181", "DA_HIPOACU": 0, "DA_SORDERA": 0, "DA_LENGUAS": 0, "DA_UCASTEL": 0, "DISCAP_FIS": 1, "DISCAP_FLE": 0, "DISCAP_PCE": 0, "DI_DCOGNIT": 4, "DI_SDOWN": 0, "DIS_MULTIP": 5, "DIS_PSICOS": 1, "DV_BAJAVIS": 0, "DIS_CEGUER": 0, "T_ESPECTRO": 0, "T_VOZ_Y_HA": 0, "SISTEMICA": 0, "SORDOCEGUE": 0, "OTRA": 0, "TOT_EST_MA": 11, "AFRODESCEN": 4, "INDIGENAS": 4, "NEGRITUDES": 0, "PALENQUERO": 0, "RAIZALES": 0, "ROM": 0, "TOT_EST_ET": 8, "CAPACID_EX": 0, "DOBLE_EXCE": 0, "TE_ACTFISI": 0, "TE_ARTES": 0, "TE_CNATUR": 0, "TE_CSOCIAL": 0, "TE_LDSOCIA": 0, "TE_TECNOLO": 0, "TOT_EST_CA": 0, "TMATRIC_GE": 597, "Zona": 1 }, "geometry": { "type": "Point", "coordinates": [ -8256704.49129999987781, 513609.688200000673532 ] } },
{ "type": "Feature", "properties": { "NOMBRE_EST": "COLEGIO CLASS (IED)", "NOMBRE_SED": "ROMULO GALLEGOS", "ORDEN_DE_S": "C", "DIRECCION": "CL 57 A SUR # 78 N - 21", "DISCAPACID": "INTELECTUAL-MENTAL/PSICOSOCIAL-MULTIPLE-SORDOCEGUERA-VISUAL", "TALENTOS_O": "TALENTO EXCEPCIONAL EN ARTES Y LETRAS", "GRUPOS_ETN": "AFRODESCENDIENTES-INDIGENAS-NEGRITUDES", "SECTOR": 2, "NATU_JUR": 9, "CALENDARIO": 1, "GENERO": 5, "COD_LOCA": "08", "ESPECIALID": 13, "CLASE_TIPO": 1, "BILINGUE": 5, "FECHA": "2024-04-30", "DANE12_EST": "111001013129", "DANE12_SED": "111001029653", "DA_HIPOACU": 0, "DA_SORDERA": 0, "DA_LENGUAS": 0, "DA_UCASTEL": 0, "DISCAP_FIS": 0, "DISCAP_FLE": 0, "DISCAP_PCE": 0, "DI_DCOGNIT": 15, "DI_SDOWN": 0, "DIS_MULTIP": 4, "DIS_PSICOS": 0, "DV_BAJAVIS": 2, "DIS_CEGUER": 0, "T_ESPECTRO": 0, "T_VOZ_Y_HA": 0, "SISTEMICA": 0, "SORDOCEGUE": 1, "OTRA": 0, "TOT_EST_MA": 22, "AFRODESCEN": 25, "INDIGENAS": 1, "NEGRITUDES": 0, "PALENQUERO": 0, "RAIZALES": 0, "ROM": 0, "TOT_EST_ET": 26, "CAPACID_EX": 0, "DOBLE_EXCE": 0, "TE_ACTFISI": 0, "TE_ARTES": 0, "TE_CNATUR": 0, "TE_CSOCIAL": 0, "TE_LDSOCIA": 0, "TE_TECNOLO": 0, "TOT_EST_CA": 0, "TMATRIC_GE": 864, "Zona": 1 }, "geometry": { "type": "Point", "coordinates": [ -8257013.520899999886751, 513786.682900000363588 ] } },
{ "type": "Feature", "properties": { "NOMBRE_EST": "COLEGIO PAULO VI (IED)", "NOMBRE_SED": "PAULO VI", "ORDEN_DE_S": "A", "DIRECCION": "KR 78 P # 41 - 20 SUR", "DISCAPACID": "AUDITIVA-INTELECTUAL-MENTAL/PSICOSOCIAL-MULTIPLE-VISUAL", "TALENTOS_O": "CAPACIDADES EXCEPCIONALES-TALENTO EXCEPCIONAL EN ACTIVIDAD FISICA, EJERCICIO Y DEPORTE-TALENTO EXCEPCIONAL EN ARTES Y LETRAS-TALENTO EXCEPCIONAL EN CIENCIAS NATURALES O BASICAS-TALENTO EXCEPCIONAL EN CIENCIAS SOCIALES O HUMANAS-TALENTO EXCEPCIONAL EN LID", "GRUPOS_ETN": "AFRODESCENDIENTES-INDIGENAS-NEGRITUDES", "SECTOR": 2, "NATU_JUR": 9, "CALENDARIO": 1, "GENERO": 5, "COD_LOCA": "08", "ESPECIALID": 1, "CLASE_TIPO": 1, "BILINGUE": 5, "FECHA": "2024-04-30", "DANE12_EST": "111001013153", "DANE12_SED": "111001013153", "DA_HIPOACU": 0, "DA_SORDERA": 0, "DA_LENGUAS": 0, "DA_UCASTEL": 0, "DISCAP_FIS": 2, "DISCAP_FLE": 0, "DISCAP_PCE": 0, "DI_DCOGNIT": 61, "DI_SDOWN": 0, "DIS_MULTIP": 9, "DIS_PSICOS": 3, "DV_BAJAVIS": 3, "DIS_CEGUER": 0, "T_ESPECTRO": 0, "T_VOZ_Y_HA": 0, "SISTEMICA": 0, "SORDOCEGUE": 0, "OTRA": 0, "TOT_EST_MA": 79, "AFRODESCEN": 76, "INDIGENAS": 22, "NEGRITUDES": 15, "PALENQUERO": 0, "RAIZALES": 0, "ROM": 0, "TOT_EST_ET": 113, "CAPACID_EX": 0, "DOBLE_EXCE": 0, "TE_ACTFISI": 0, "TE_ARTES": 0, "TE_CNATUR": 0, "TE_CSOCIAL": 0, "TE_LDSOCIA": 0, "TE_TECNOLO": 0, "TOT_EST_CA": 0, "TMATRIC_GE": 2827, "Zona": 1 }, "geometry": { "type": "Point", "coordinates": [ -8255275.662200000137091, 515037.522999998182058 ] } },
{ "type": "Feature", "properties": { "NOMBRE_EST": "COLEGIO SAN JOSE (IED)", "NOMBRE_SED": "SAN JOSE", "ORDEN_DE_S": "A", "DIRECCION": "CL 42 A SUR # 79 D - 37", "DISCAPACID": "AUDITIVA-FISICA-INTELECTUAL-MENTAL/PSICOSOCIAL-MULTIPLE-VISUAL", "TALENTOS_O": "TALENTO EXCEPCIONAL EN ACTIVIDAD FISICA, EJERCICIO Y DEPORTE-TALENTO EXCEPCIONAL EN ARTES Y LETRAS-TALENTO EXCEPCIONAL EN CIENCIAS NATURALES O BASICAS-TALENTO EXCEPCIONAL EN CIENCIAS SOCIALES O HUMANAS-TALENTO EXCEPCIONAL EN TECNOLOGIA", "GRUPOS_ETN": "AFRODESCENDIENTES-INDIGENAS-NEGRITUDES", "SECTOR": 2, "NATU_JUR": 9, "CALENDARIO": 1, "GENERO": 5, "COD_LOCA": "08", "ESPECIALID": 1, "CLASE_TIPO": 1, "BILINGUE": 5, "FECHA": "2024-04-30", "DANE12_EST": "111001013161", "DANE12_SED": "111001013161", "DA_HIPOACU": 2, "DA_SORDERA": 0, "DA_LENGUAS": 0, "DA_UCASTEL": 0, "DISCAP_FIS": 14, "DISCAP_FLE": 0, "DISCAP_PCE": 0, "DI_DCOGNIT": 42, "DI_SDOWN": 0, "DIS_MULTIP": 14, "DIS_PSICOS": 5, "DV_BAJAVIS": 2, "DIS_CEGUER": 0, "T_ESPECTRO": 0, "T_VOZ_Y_HA": 0, "SISTEMICA": 0, "SORDOCEGUE": 1, "OTRA": 0, "TOT_EST_MA": 80, "AFRODESCEN": 26, "INDIGENAS": 10, "NEGRITUDES": 12, "PALENQUERO": 0, "RAIZALES": 0, "ROM": 0, "TOT_EST_ET": 48, "CAPACID_EX": 2, "DOBLE_EXCE": 0, "TE_ACTFISI": 2, "TE_ARTES": 0, "TE_CNATUR": 0, "TE_CSOCIAL": 0, "TE_LDSOCIA": 0, "TE_TECNOLO": 0, "TOT_EST_CA": 2, "TMATRIC_GE": 2102, "Zona": 1 }, "geometry": { "type": "Point", "coordinates": [ -8255777.71309999935329, 515016.638099998235703 ] } },
{ "type": "Feature", "properties": { "NOMBRE_EST": "COLEGIO SAN JOSE (IED)", "NOMBRE_SED": "EL DESCANSO", "ORDEN_DE_S": "B", "DIRECCION": "KR 78 N BIS # 45 - 60 SUR", "DISCAPACID": "FISICA-INTELECTUAL-MENTAL/PSICOSOCIAL-MULTIPLE", "TALENTOS_O": "CAPACIDADES EXCEPCIONALES-TALENTO EXCEPCIONAL EN ACTIVIDAD FISICA, EJERCICIO Y DEPORTE-TALENTO EXCEPCIONAL EN ARTES Y LETRAS-TALENTO EXCEPCIONAL EN CIENCIAS SOCIALES O HUMANAS", "GRUPOS_ETN": "AFRODESCENDIENTES-INDIGENAS", "SECTOR": 2, "NATU_JUR": 9, "CALENDARIO": 1, "GENERO": 5, "COD_LOCA": "08", "ESPECIALID": 13, "CLASE_TIPO": 1, "BILINGUE": 5, "FECHA": "2024-04-30", "DANE12_EST": "111001013161", "DANE12_SED": "111001033961", "DA_HIPOACU": 0, "DA_SORDERA": 0, "DA_LENGUAS": 0, "DA_UCASTEL": 0, "DISCAP_FIS": 1, "DISCAP_FLE": 0, "DISCAP_PCE": 0, "DI_DCOGNIT": 5, "DI_SDOWN": 0, "DIS_MULTIP": 4, "DIS_PSICOS": 0, "DV_BAJAVIS": 0, "DIS_CEGUER": 0, "T_ESPECTRO": 0, "T_VOZ_Y_HA": 0, "SISTEMICA": 0, "SORDOCEGUE": 0, "OTRA": 0, "TOT_EST_MA": 10, "AFRODESCEN": 2, "INDIGENAS": 3, "NEGRITUDES": 0, "PALENQUERO": 0, "RAIZALES": 0, "ROM": 0, "TOT_EST_ET": 5, "CAPACID_EX": 1, "DOBLE_EXCE": 0, "TE_ACTFISI": 0, "TE_ARTES": 0, "TE_CNATUR": 0, "TE_CSOCIAL": 0, "TE_LDSOCIA": 0, "TE_TECNOLO": 1, "TOT_EST_CA": 1, "TMATRIC_GE": 555, "Zona": 1 }, "geometry": { "type": "Point", "coordinates": [ -8256092.231899999082088, 514465.366500001400709 ] } },
{ "type": "Feature", "properties": { "NOMBRE_EST": "COLEGIO SAN RAFAEL (IED)", "NOMBRE_SED": "SAN RAFAEL", "ORDEN_DE_S": "A", "DIRECCION": "CL 42 B SUR # 78 I - 05", "DISCAPACID": "AUDITIVA-FISICA-INTELECTUAL-MENTAL/PSICOSOCIAL-MULTIPLE", "TALENTOS_O": "CAPACIDADES EXCEPCIONALES-TALENTO EXCEPCIONAL EN ACTIVIDAD FISICA, EJERCICIO Y DEPORTE-TALENTO EXCEPCIONAL EN ARTES Y LETRAS", "GRUPOS_ETN": "AFRODESCENDIENTES-INDIGENAS-NEGRITUDES", "SECTOR": 2, "NATU_JUR": 9, "CALENDARIO": 1, "GENERO": 5, "COD_LOCA": "08", "ESPECIALID": 1, "CLASE_TIPO": 1, "BILINGUE": 5, "FECHA": "2024-04-30", "DANE12_EST": "111001013170", "DANE12_SED": "111001013170", "DA_HIPOACU": 2, "DA_SORDERA": 0, "DA_LENGUAS": 0, "DA_UCASTEL": 0, "DISCAP_FIS": 3, "DISCAP_FLE": 0, "DISCAP_PCE": 0, "DI_DCOGNIT": 15, "DI_SDOWN": 0, "DIS_MULTIP": 12, "DIS_PSICOS": 3, "DV_BAJAVIS": 0, "DIS_CEGUER": 0, "T_ESPECTRO": 0, "T_VOZ_Y_HA": 0, "SISTEMICA": 0, "SORDOCEGUE": 0, "OTRA": 0, "TOT_EST_MA": 35, "AFRODESCEN": 2, "INDIGENAS": 2, "NEGRITUDES": 4, "PALENQUERO": 0, "RAIZALES": 0, "ROM": 0, "TOT_EST_ET": 8, "CAPACID_EX": 0, "DOBLE_EXCE": 0, "TE_ACTFISI": 0, "TE_ARTES": 0, "TE_CNATUR": 0, "TE_CSOCIAL": 0, "TE_LDSOCIA": 0, "TE_TECNOLO": 0, "TOT_EST_CA": 0, "TMATRIC_GE": 1732, "Zona": 1 }, "geometry": { "type": "Point", "coordinates": [ -8255606.029500000178814, 514530.239700000733137 ] } },
{ "type": "Feature", "properties": { "NOMBRE_EST": "COLEGIO SAN RAFAEL (IED)", "NOMBRE_SED": "CATALINA", "ORDEN_DE_S": "B", "DIRECCION": "TV 78 D # 53 - 21 SUR", "DISCAPACID": "FISICA-INTELECTUAL-MULTIPLE", "TALENTOS_O": "CAPACIDADES EXCEPCIONALES-TALENTO EXCEPCIONAL EN ACTIVIDAD FISICA, EJERCICIO Y DEPORTE-TALENTO EXCEPCIONAL EN CIENCIAS SOCIALES O HUMANAS", "GRUPOS_ETN": "AFRODESCENDIENTES-INDIGENAS", "SECTOR": 2, "NATU_JUR": 9, "CALENDARIO": 1, "GENERO": 5, "COD_LOCA": "08", "ESPECIALID": 13, "CLASE_TIPO": 1, "BILINGUE": 5, "FECHA": "2024-04-30", "DANE12_EST": "111001013170", "DANE12_SED": "111001035599", "DA_HIPOACU": 0, "DA_SORDERA": 0, "DA_LENGUAS": 0, "DA_UCASTEL": 0, "DISCAP_FIS": 0, "DISCAP_FLE": 0, "DISCAP_PCE": 0, "DI_DCOGNIT": 2, "DI_SDOWN": 0, "DIS_MULTIP": 1, "DIS_PSICOS": 0, "DV_BAJAVIS": 0, "DIS_CEGUER": 0, "T_ESPECTRO": 0, "T_VOZ_Y_HA": 0, "SISTEMICA": 0, "SORDOCEGUE": 0, "OTRA": 0, "TOT_EST_MA": 3, "AFRODESCEN": 0, "INDIGENAS": 1, "NEGRITUDES": 0, "PALENQUERO": 0, "RAIZALES": 0, "ROM": 0, "TOT_EST_ET": 1, "CAPACID_EX": 0, "DOBLE_EXCE": 0, "TE_ACTFISI": 0, "TE_ARTES": 0, "TE_CNATUR": 0, "TE_CSOCIAL": 0, "TE_LDSOCIA": 0, "TE_TECNOLO": 0, "TOT_EST_CA": 0, "TMATRIC_GE": 357, "Zona": 1 }, "geometry": { "type": "Point", "coordinates": [ -8256503.979299999773502, 513869.094099998474121 ] } },
{ "type": "Feature", "properties": { "NOMBRE_EST": "COLEGIO MARSELLA (IED)", "NOMBRE_SED": "MARSELLA", "ORDEN_DE_S": "A", "DIRECCION": "KR 69 # 7 - 90", "DISCAPACID": "FISICA-INTELECTUAL-MENTAL/PSICOSOCIAL-MULTIPLE", "TALENTOS_O": "TALENTO EXCEPCIONAL EN ACTIVIDAD FISICA, EJERCICIO Y DEPORTE-TALENTO EXCEPCIONAL EN ARTES Y LETRAS-TALENTO EXCEPCIONAL EN CIENCIAS SOCIALES O HUMANAS-TALENTO EXCEPCIONAL EN LIDERAZGO SOCIAL Y EMPRENDIMIENTO-TALENTO EXCEPCIONAL EN TECNOLOGIA", "GRUPOS_ETN": "AFRODESCENDIENTES-INDIGENAS-NEGRITUDES-PALENQUEROS", "SECTOR": 2, "NATU_JUR": 9, "CALENDARIO": 1, "GENERO": 5, "COD_LOCA": "08", "ESPECIALID": 1, "CLASE_TIPO": 1, "BILINGUE": 5, "FECHA": "2024-04-30", "DANE12_EST": "111001014290", "DANE12_SED": "111001014290", "DA_HIPOACU": 0, "DA_SORDERA": 0, "DA_LENGUAS": 0, "DA_UCASTEL": 0, "DISCAP_FIS": 0, "DISCAP_FLE": 0, "DISCAP_PCE": 0, "DI_DCOGNIT": 15, "DI_SDOWN": 0, "DIS_MULTIP": 2, "DIS_PSICOS": 4, "DV_BAJAVIS": 0, "DIS_CEGUER": 0, "T_ESPECTRO": 0, "T_VOZ_Y_HA": 0, "SISTEMICA": 0, "SORDOCEGUE": 0, "OTRA": 0, "TOT_EST_MA": 22, "AFRODESCEN": 7, "INDIGENAS": 3, "NEGRITUDES": 2, "PALENQUERO": 1, "RAIZALES": 0, "ROM": 0, "TOT_EST_ET": 13, "CAPACID_EX": 0, "DOBLE_EXCE": 0, "TE_ACTFISI": 0, "TE_ARTES": 0, "TE_CNATUR": 0, "TE_CSOCIAL": 0, "TE_LDSOCIA": 0, "TE_TECNOLO": 0, "TOT_EST_CA": 0, "TMATRIC_GE": 1906, "Zona": 1 }, "geometry": { "type": "Point", "coordinates": [ -8251823.081499999389052, 516202.373500000685453 ] } },
{ "type": "Feature", "properties": { "NOMBRE_EST": "COLEGIO FRANCISCO DE MIRANDA (IED)", "NOMBRE_SED": "FRANCISCO DE MIRANDA", "ORDEN_DE_S": "A", "DIRECCION": "DG 41 SUR # 73 A - 80", "DISCAPACID": "AUDITIVA-FISICA-INTELECTUAL-MENTAL/PSICOSOCIAL-MULTIPLE-VISUAL", "TALENTOS_O": "CAPACIDADES EXCEPCIONALES-TALENTO EXCEPCIONAL EN ACTIVIDAD FISICA, EJERCICIO Y DEPORTE-TALENTO EXCEPCIONAL EN ARTES Y LETRAS-TALENTO EXCEPCIONAL EN LIDERAZGO SOCIAL Y EMPRENDIMIENTO", "GRUPOS_ETN": null, "SECTOR": 2, "NATU_JUR": 9, "CALENDARIO": 1, "GENERO": 5, "COD_LOCA": "08", "ESPECIALID": 1, "CLASE_TIPO": 1, "BILINGUE": 5, "FECHA": "2024-04-30", "DANE12_EST": "111001014974", "DANE12_SED": "111001014974", "DA_HIPOACU": 0, "DA_SORDERA": 0, "DA_LENGUAS": 0, "DA_UCASTEL": 0, "DISCAP_FIS": 5, "DISCAP_FLE": 0, "DISCAP_PCE": 0, "DI_DCOGNIT": 5, "DI_SDOWN": 0, "DIS_MULTIP": 5, "DIS_PSICOS": 1, "DV_BAJAVIS": 2, "DIS_CEGUER": 0, "T_ESPECTRO": 0, "T_VOZ_Y_HA": 0, "SISTEMICA": 0, "SORDOCEGUE": 0, "OTRA": 0, "TOT_EST_MA": 19, "AFRODESCEN": 1, "INDIGENAS": 2, "NEGRITUDES": 1, "PALENQUERO": 0, "RAIZALES": 0, "ROM": 0, "TOT_EST_ET": 4, "CAPACID_EX": 0, "DOBLE_EXCE": 0, "TE_ACTFISI": 0, "TE_ARTES": 0, "TE_CNATUR": 0, "TE_CSOCIAL": 0, "TE_LDSOCIA": 0, "TE_TECNOLO": 0, "TOT_EST_CA": 0, "TMATRIC_GE": 1154, "Zona": 1 }, "geometry": { "type": "Point", "coordinates": [ -8254837.187000000849366, 514022.015000000596046 ] } },
{ "type": "Feature", "properties": { "NOMBRE_EST": "COLEGIO LAS AMERICAS (IED)", "NOMBRE_SED": "LAS AMERICAS", "ORDEN_DE_S": "A", "DIRECCION": "KR 73 C BIS # 38 C - 84 SUR", "DISCAPACID": "AUDITIVA-FISICA-INTELECTUAL-MENTAL/PSICOSOCIAL-MULTIPLE-VISUAL", "TALENTOS_O": "CAPACIDADES EXCEPCIONALES-TALENTO EXCEPCIONAL EN ACTIVIDAD FISICA, EJERCICIO Y DEPORTE-TALENTO EXCEPCIONAL EN ARTES Y LETRAS-TALENTO EXCEPCIONAL EN CIENCIAS SOCIALES O HUMANAS-TALENTO EXCEPCIONAL EN LIDERAZGO SOCIAL Y EMPRENDIMIENTO", "GRUPOS_ETN": "AFRODESCENDIENTES-INDIGENAS-ROM", "SECTOR": 2, "NATU_JUR": 9, "CALENDARIO": 1, "GENERO": 5, "COD_LOCA": "08", "ESPECIALID": 1, "CLASE_TIPO": 1, "BILINGUE": 5, "FECHA": "2024-04-30", "DANE12_EST": "111001015598", "DANE12_SED": "111001015598", "DA_HIPOACU": 3, "DA_SORDERA": 0, "DA_LENGUAS": 0, "DA_UCASTEL": 0, "DISCAP_FIS": 21, "DISCAP_FLE": 0, "DISCAP_PCE": 0, "DI_DCOGNIT": 160, "DI_SDOWN": 0, "DIS_MULTIP": 88, "DIS_PSICOS": 15, "DV_BAJAVIS": 3, "DIS_CEGUER": 0, "T_ESPECTRO": 0, "T_VOZ_Y_HA": 0, "SISTEMICA": 0, "SORDOCEGUE": 0, "OTRA": 0, "TOT_EST_MA": 290, "AFRODESCEN": 8, "INDIGENAS": 5, "NEGRITUDES": 1, "PALENQUERO": 0, "RAIZALES": 0, "ROM": 1, "TOT_EST_ET": 15, "CAPACID_EX": 0, "DOBLE_EXCE": 0, "TE_ACTFISI": 0, "TE_ARTES": 0, "TE_CNATUR": 0, "TE_CSOCIAL": 0, "TE_LDSOCIA": 0, "TE_TECNOLO": 0, "TOT_EST_CA": 0, "TMATRIC_GE": 2470, "Zona": 1 }, "geometry": { "type": "Point", "coordinates": [ -8254397.414899999275804, 514501.203999999910593 ] } },
{ "type": "Feature", "properties": { "NOMBRE_EST": "COLEGIO O.E.A. (IED)", "NOMBRE_SED": "O.E.A.", "ORDEN_DE_S": "A", "DIRECCION": "KR 72 L # 34 - 19 SUR", "DISCAPACID": "FISICA-INTELECTUAL-MULTIPLE-SORDOCEGUERA-VISUAL", "TALENTOS_O": "CAPACIDADES EXCEPCIONALES-TALENTO EXCEPCIONAL EN ACTIVIDAD FISICA, EJERCICIO Y DEPORTE-TALENTO EXCEPCIONAL EN ARTES Y LETRAS-TALENTO EXCEPCIONAL EN TECNOLOGIA", "GRUPOS_ETN": "AFRODESCENDIENTES-INDIGENAS-NEGRITUDES", "SECTOR": 2, "NATU_JUR": 9, "CALENDARIO": 1, "GENERO": 5, "COD_LOCA": "08", "ESPECIALID": 12, "CLASE_TIPO": 1, "BILINGUE": 5, "FECHA": "2024-04-30", "DANE12_EST": "111001015601", "DANE12_SED": "111001015601", "DA_HIPOACU": 0, "DA_SORDERA": 0, "DA_LENGUAS": 0, "DA_UCASTEL": 0, "DISCAP_FIS": 1, "DISCAP_FLE": 0, "DISCAP_PCE": 0, "DI_DCOGNIT": 19, "DI_SDOWN": 0, "DIS_MULTIP": 18, "DIS_PSICOS": 2, "DV_BAJAVIS": 11, "DIS_CEGUER": 0, "T_ESPECTRO": 0, "T_VOZ_Y_HA": 0, "SISTEMICA": 0, "SORDOCEGUE": 13, "OTRA": 0, "TOT_EST_MA": 64, "AFRODESCEN": 5, "INDIGENAS": 4, "NEGRITUDES": 3, "PALENQUERO": 0, "RAIZALES": 0, "ROM": 0, "TOT_EST_ET": 12, "CAPACID_EX": 0, "DOBLE_EXCE": 0, "TE_ACTFISI": 0, "TE_ARTES": 0, "TE_CNATUR": 0, "TE_CSOCIAL": 0, "TE_LDSOCIA": 0, "TE_TECNOLO": 0, "TOT_EST_CA": 0, "TMATRIC_GE": 1596, "Zona": 1 }, "geometry": { "type": "Point", "coordinates": [ -8253406.817299999296665, 514619.164500001817942 ] } },
{ "type": "Feature", "properties": { "NOMBRE_EST": "COLEGIO O.E.A. (IED)", "NOMBRE_SED": "ANTONIA SANTOS I", "ORDEN_DE_S": "B", "DIRECCION": "KR 69 BIS # 39 - 30 SUR", "DISCAPACID": "INTELECTUAL-MULTIPLE-SORDOCEGUERA-VISUAL", "TALENTOS_O": "CAPACIDADES EXCEPCIONALES-TALENTO EXCEPCIONAL EN ACTIVIDAD FISICA, EJERCICIO Y DEPORTE-TALENTO EXCEPCIONAL EN ARTES Y LETRAS", "GRUPOS_ETN": "AFRODESCENDIENTES-INDIGENAS", "SECTOR": 2, "NATU_JUR": 9, "CALENDARIO": 1, "GENERO": 5, "COD_LOCA": "08", "ESPECIALID": 13, "CLASE_TIPO": 1, "BILINGUE": 5, "FECHA": "2024-04-30", "DANE12_EST": "111001015601", "DANE12_SED": "111001012254", "DA_HIPOACU": 0, "DA_SORDERA": 0, "DA_LENGUAS": 0, "DA_UCASTEL": 0, "DISCAP_FIS": 0, "DISCAP_FLE": 0, "DISCAP_PCE": 0, "DI_DCOGNIT": 8, "DI_SDOWN": 0, "DIS_MULTIP": 5, "DIS_PSICOS": 0, "DV_BAJAVIS": 4, "DIS_CEGUER": 0, "T_ESPECTRO": 0, "T_VOZ_Y_HA": 0, "SISTEMICA": 0, "SORDOCEGUE": 2, "OTRA": 0, "TOT_EST_MA": 19, "AFRODESCEN": 4, "INDIGENAS": 2, "NEGRITUDES": 0, "PALENQUERO": 0, "RAIZALES": 0, "ROM": 0, "TOT_EST_ET": 6, "CAPACID_EX": 0, "DOBLE_EXCE": 0, "TE_ACTFISI": 0, "TE_ARTES": 0, "TE_CNATUR": 0, "TE_CSOCIAL": 0, "TE_LDSOCIA": 0, "TE_TECNOLO": 0, "TOT_EST_CA": 0, "TMATRIC_GE": 550, "Zona": 1 }, "geometry": { "type": "Point", "coordinates": [ -8253327.915100000798702, 513695.965399999171495 ] } },
{ "type": "Feature", "properties": { "NOMBRE_EST": "COLEGIO ISABEL II (IED)", "NOMBRE_SED": "ISABEL II", "ORDEN_DE_S": "A", "DIRECCION": "DG 2 D # 79 C - 83", "DISCAPACID": "AUDITIVA-FISICA-INTELECTUAL-MENTAL/PSICOSOCIAL-MULTIPLE-VISUAL", "TALENTOS_O": "TALENTO EXCEPCIONAL EN ACTIVIDAD FISICA, EJERCICIO Y DEPORTE-TALENTO EXCEPCIONAL EN ARTES Y LETRAS-TALENTO EXCEPCIONAL EN CIENCIAS SOCIALES O HUMANAS", "GRUPOS_ETN": "AFRODESCENDIENTES-INDIGENAS-NEGRITUDES-RAIZALES", "SECTOR": 2, "NATU_JUR": 9, "CALENDARIO": 1, "GENERO": 5, "COD_LOCA": "08", "ESPECIALID": 1, "CLASE_TIPO": 1, "BILINGUE": 5, "FECHA": "2024-04-30", "DANE12_EST": "111001016071", "DANE12_SED": "111001016071", "DA_HIPOACU": 76, "DA_SORDERA": 0, "DA_LENGUAS": 0, "DA_UCASTEL": 0, "DISCAP_FIS": 4, "DISCAP_FLE": 0, "DISCAP_PCE": 0, "DI_DCOGNIT": 31, "DI_SDOWN": 0, "DIS_MULTIP": 34, "DIS_PSICOS": 2, "DV_BAJAVIS": 0, "DIS_CEGUER": 0, "T_ESPECTRO": 0, "T_VOZ_Y_HA": 0, "SISTEMICA": 0, "SORDOCEGUE": 0, "OTRA": 0, "TOT_EST_MA": 147, "AFRODESCEN": 16, "INDIGENAS": 6, "NEGRITUDES": 6, "PALENQUERO": 0, "RAIZALES": 1, "ROM": 0, "TOT_EST_ET": 29, "CAPACID_EX": 1, "DOBLE_EXCE": 0, "TE_ACTFISI": 1, "TE_ARTES": 0, "TE_CNATUR": 0, "TE_CSOCIAL": 0, "TE_LDSOCIA": 0, "TE_TECNOLO": 0, "TOT_EST_CA": 1, "TMATRIC_GE": 1453, "Zona": 1 }, "geometry": { "type": "Point", "coordinates": [ -8254668.15059999935329, 516369.738200001418591 ] } },
{ "type": "Feature", "properties": { "NOMBRE_EST": "COLEGIO ISABEL II (IED)", "NOMBRE_SED": "PIO XII", "ORDEN_DE_S": "B", "DIRECCION": "KR 79 D # 6 - 15", "DISCAPACID": "FISICA-INTELECTUAL-MENTAL/PSICOSOCIAL-MULTIPLE", "TALENTOS_O": "CAPACIDADES EXCEPCIONALES-TALENTO EXCEPCIONAL EN ACTIVIDAD FISICA, EJERCICIO Y DEPORTE-TALENTO EXCEPCIONAL EN CIENCIAS NATURALES O BASICAS", "GRUPOS_ETN": "AFRODESCENDIENTES-INDIGENAS-NEGRITUDES", "SECTOR": 2, "NATU_JUR": 9, "CALENDARIO": 1, "GENERO": 5, "COD_LOCA": "08", "ESPECIALID": 13, "CLASE_TIPO": 1, "BILINGUE": 5, "FECHA": "2024-04-30", "DANE12_EST": "111001016071", "DANE12_SED": "111001016152", "DA_HIPOACU": 0, "DA_SORDERA": 0, "DA_LENGUAS": 0, "DA_UCASTEL": 0, "DISCAP_FIS": 1, "DISCAP_FLE": 0, "DISCAP_PCE": 0, "DI_DCOGNIT": 9, "DI_SDOWN": 0, "DIS_MULTIP": 7, "DIS_PSICOS": 3, "DV_BAJAVIS": 0, "DIS_CEGUER": 0, "T_ESPECTRO": 0, "T_VOZ_Y_HA": 0, "SISTEMICA": 0, "SORDOCEGUE": 0, "OTRA": 0, "TOT_EST_MA": 20, "AFRODESCEN": 3, "INDIGENAS": 1, "NEGRITUDES": 0, "PALENQUERO": 0, "RAIZALES": 0, "ROM": 0, "TOT_EST_ET": 4, "CAPACID_EX": 0, "DOBLE_EXCE": 0, "TE_ACTFISI": 0, "TE_ARTES": 0, "TE_CNATUR": 0, "TE_CSOCIAL": 0, "TE_LDSOCIA": 0, "TE_TECNOLO": 0, "TOT_EST_CA": 0, "TMATRIC_GE": 818, "Zona": 1 }, "geometry": { "type": "Point", "coordinates": [ -8254505.921299999579787, 516522.382800001651049 ] } },
{ "type": "Feature", "properties": { "NOMBRE_EST": "COLEGIO ALQUERIA DE LA FRAGUA (IED)", "NOMBRE_SED": "ALQUERIA DE LA FRAGUA", "ORDEN_DE_S": "A", "DIRECCION": "CL 37 B SUR # 68 D - 93", "DISCAPACID": "FISICA-INTELECTUAL", "TALENTOS_O": "TALENTO EXCEPCIONAL EN ACTIVIDAD FISICA, EJERCICIO Y DEPORTE", "GRUPOS_ETN": "AFRODESCENDIENTES-INDIGENAS-NEGRITUDES", "SECTOR": 2, "NATU_JUR": 9, "CALENDARIO": 1, "GENERO": 5, "COD_LOCA": "08", "ESPECIALID": 1, "CLASE_TIPO": 1, "BILINGUE": 5, "FECHA": "2024-04-30", "DANE12_EST": "111001016098", "DANE12_SED": "111001016098", "DA_HIPOACU": 0, "DA_SORDERA": 0, "DA_LENGUAS": 0, "DA_UCASTEL": 0, "DISCAP_FIS": 4, "DISCAP_FLE": 0, "DISCAP_PCE": 0, "DI_DCOGNIT": 4, "DI_SDOWN": 0, "DIS_MULTIP": 0, "DIS_PSICOS": 0, "DV_BAJAVIS": 0, "DIS_CEGUER": 0, "T_ESPECTRO": 0, "T_VOZ_Y_HA": 0, "SISTEMICA": 0, "SORDOCEGUE": 0, "OTRA": 0, "TOT_EST_MA": 8, "AFRODESCEN": 3, "INDIGENAS": 5, "NEGRITUDES": 2, "PALENQUERO": 0, "RAIZALES": 0, "ROM": 0, "TOT_EST_ET": 10, "CAPACID_EX": 1, "DOBLE_EXCE": 0, "TE_ACTFISI": 1, "TE_ARTES": 0, "TE_CNATUR": 0, "TE_CSOCIAL": 0, "TE_LDSOCIA": 0, "TE_TECNOLO": 0, "TOT_EST_CA": 1, "TMATRIC_GE": 812, "Zona": 1 }, "geometry": { "type": "Point", "coordinates": [ -8252795.815700000151992, 513174.086399998515844 ] } },
{ "type": "Feature", "properties": { "NOMBRE_EST": "COLEGIO LOS PERIODISTAS (IED)", "NOMBRE_SED": "LOS PERIODISTAS", "ORDEN_DE_S": "A", "DIRECCION": "CL 41 C SUR # 78 H - 85", "DISCAPACID": "AUDITIVA-FISICA-INTELECTUAL-MULTIPLE", "TALENTOS_O": "CAPACIDADES EXCEPCIONALES-TALENTO EXCEPCIONAL EN ACTIVIDAD FISICA, EJERCICIO Y DEPORTE-TALENTO EXCEPCIONAL EN ARTES Y LETRAS-TALENTO EXCEPCIONAL EN CIENCIAS SOCIALES O HUMANAS-TALENTO EXCEPCIONAL EN LIDERAZGO SOCIAL Y EMPRENDIMIENTO-TALENTO EXCEPCIONAL E", "GRUPOS_ETN": "AFRODESCENDIENTES-INDIGENAS-NEGRITUDES", "SECTOR": 2, "NATU_JUR": 9, "CALENDARIO": 1, "GENERO": 5, "COD_LOCA": "08", "ESPECIALID": 1, "CLASE_TIPO": 1, "BILINGUE": 5, "FECHA": "2024-04-30", "DANE12_EST": "111001016101", "DANE12_SED": "111001016101", "DA_HIPOACU": 2, "DA_SORDERA": 0, "DA_LENGUAS": 0, "DA_UCASTEL": 0, "DISCAP_FIS": 5, "DISCAP_FLE": 0, "DISCAP_PCE": 0, "DI_DCOGNIT": 11, "DI_SDOWN": 0, "DIS_MULTIP": 4, "DIS_PSICOS": 0, "DV_BAJAVIS": 0, "DIS_CEGUER": 0, "T_ESPECTRO": 0, "T_VOZ_Y_HA": 0, "SISTEMICA": 0, "SORDOCEGUE": 0, "OTRA": 0, "TOT_EST_MA": 22, "AFRODESCEN": 2, "INDIGENAS": 1, "NEGRITUDES": 1, "PALENQUERO": 0, "RAIZALES": 0, "ROM": 0, "TOT_EST_ET": 4, "CAPACID_EX": 0, "DOBLE_EXCE": 0, "TE_ACTFISI": 0, "TE_ARTES": 0, "TE_CNATUR": 0, "TE_CSOCIAL": 0, "TE_LDSOCIA": 0, "TE_TECNOLO": 0, "TOT_EST_CA": 0, "TMATRIC_GE": 1421, "Zona": 1 }, "geometry": { "type": "Point", "coordinates": [ -8255254.312300000339746, 514571.861299999058247 ] } },
{ "type": "Feature", "properties": { "NOMBRE_EST": "COLEGIO LA CHUCUA (IED)", "NOMBRE_SED": "LA CHUCUA", "ORDEN_DE_S": "A", "DIRECCION": "KR 72 I # 42 F - 54 SUR", "DISCAPACID": "AUDITIVA-FISICA-INTELECTUAL-MENTAL/PSICOSOCIAL-MULTIPLE-VISUAL", "TALENTOS_O": "TALENTO CIENTIFICO-TALENTO EXCEPCIONAL EN ACTIVIDAD FISICA, EJERCICIO Y DEPORTE-TALENTO EXCEPCIONAL EN ARTES Y LETRAS-TALENTO EXCEPCIONAL EN CIENCIAS SOCIALES O HUMANAS-TALENTO EXCEPCIONAL EN TECNOLOGIA", "GRUPOS_ETN": "AFRODESCENDIENTES-INDIGENAS-NEGRITUDES-RAIZALES", "SECTOR": 2, "NATU_JUR": 9, "CALENDARIO": 1, "GENERO": 5, "COD_LOCA": "08", "ESPECIALID": 1, "CLASE_TIPO": 1, "BILINGUE": 5, "FECHA": "2024-04-30", "DANE12_EST": "111001016136", "DANE12_SED": "111001016136", "DA_HIPOACU": 2, "DA_SORDERA": 0, "DA_LENGUAS": 0, "DA_UCASTEL": 0, "DISCAP_FIS": 5, "DISCAP_FLE": 0, "DISCAP_PCE": 0, "DI_DCOGNIT": 23, "DI_SDOWN": 0, "DIS_MULTIP": 15, "DIS_PSICOS": 1, "DV_BAJAVIS": 2, "DIS_CEGUER": 0, "T_ESPECTRO": 0, "T_VOZ_Y_HA": 0, "SISTEMICA": 0, "SORDOCEGUE": 0, "OTRA": 0, "TOT_EST_MA": 48, "AFRODESCEN": 4, "INDIGENAS": 5, "NEGRITUDES": 1, "PALENQUERO": 0, "RAIZALES": 1, "ROM": 0, "TOT_EST_ET": 11, "CAPACID_EX": 1, "DOBLE_EXCE": 0, "TE_ACTFISI": 1, "TE_ARTES": 0, "TE_CNATUR": 0, "TE_CSOCIAL": 0, "TE_LDSOCIA": 0, "TE_TECNOLO": 0, "TOT_EST_CA": 1, "TMATRIC_GE": 1590, "Zona": 1 }, "geometry": { "type": "Point", "coordinates": [ -8254178.633099999278784, 513041.932199999690056 ] } },
{ "type": "Feature", "properties": { "NOMBRE_EST": "COLEGIO KENNEDY (IED)", "NOMBRE_SED": "KENNEDY", "ORDEN_DE_S": "A", "DIRECCION": "CL 5 SUR # 72 A - 69", "DISCAPACID": "AUDITIVA-FISICA-INTELECTUAL-MENTAL/PSICOSOCIAL-MULTIPLE-VISUAL", "TALENTOS_O": "TALENTO EXCEPCIONAL EN ARTES Y LETRAS-TALENTO EXCEPCIONAL EN LIDERAZGO SOCIAL Y EMPRENDIMIENTO-TALENTO EXCEPCIONAL EN TECNOLOGIA", "GRUPOS_ETN": "AFRODESCENDIENTES-INDIGENAS-NEGRITUDES", "SECTOR": 2, "NATU_JUR": 9, "CALENDARIO": 1, "GENERO": 5, "COD_LOCA": "08", "ESPECIALID": 1, "CLASE_TIPO": 1, "BILINGUE": 5, "FECHA": "2024-04-30", "DANE12_EST": "111001016292", "DANE12_SED": "111001016292", "DA_HIPOACU": 3, "DA_SORDERA": 0, "DA_LENGUAS": 0, "DA_UCASTEL": 0, "DISCAP_FIS": 1, "DISCAP_FLE": 0, "DISCAP_PCE": 0, "DI_DCOGNIT": 12, "DI_SDOWN": 0, "DIS_MULTIP": 3, "DIS_PSICOS": 4, "DV_BAJAVIS": 1, "DIS_CEGUER": 0, "T_ESPECTRO": 0, "T_VOZ_Y_HA": 0, "SISTEMICA": 0, "SORDOCEGUE": 0, "OTRA": 0, "TOT_EST_MA": 24, "AFRODESCEN": 10, "INDIGENAS": 4, "NEGRITUDES": 4, "PALENQUERO": 0, "RAIZALES": 0, "ROM": 0, "TOT_EST_ET": 18, "CAPACID_EX": 0, "DOBLE_EXCE": 0, "TE_ACTFISI": 0, "TE_ARTES": 0, "TE_CNATUR": 0, "TE_CSOCIAL": 0, "TE_LDSOCIA": 0, "TE_TECNOLO": 0, "TOT_EST_CA": 0, "TMATRIC_GE": 1037, "Zona": 1 }, "geometry": { "type": "Point", "coordinates": [ -8253313.452500000596046, 514882.303100001066923 ] } },
{ "type": "Feature", "properties": { "NOMBRE_EST": "COLEGIO KENNEDY (IED)", "NOMBRE_SED": "ANTONIA SANTOS II", "ORDEN_DE_S": "B", "DIRECCION": "CL 25 SUR # 69 C - 34", "DISCAPACID": "AUDITIVA-INTELECTUAL-MULTIPLE", "TALENTOS_O": "TALENTO EXCEPCIONAL EN ARTES Y LETRAS-TALENTO EXCEPCIONAL EN LIDERAZGO SOCIAL Y EMPRENDIMIENTO", "GRUPOS_ETN": "AFRODESCENDIENTES", "SECTOR": 2, "NATU_JUR": 9, "CALENDARIO": 1, "GENERO": 5, "COD_LOCA": "08", "ESPECIALID": 13, "CLASE_TIPO": 1, "BILINGUE": 5, "FECHA": "2024-04-30", "DANE12_EST": "111001016292", "DANE12_SED": "111001018082", "DA_HIPOACU": 0, "DA_SORDERA": 0, "DA_LENGUAS": 0, "DA_UCASTEL": 0, "DISCAP_FIS": 0, "DISCAP_FLE": 0, "DISCAP_PCE": 0, "DI_DCOGNIT": 1, "DI_SDOWN": 0, "DIS_MULTIP": 3, "DIS_PSICOS": 0, "DV_BAJAVIS": 0, "DIS_CEGUER": 0, "T_ESPECTRO": 0, "T_VOZ_Y_HA": 0, "SISTEMICA": 0, "SORDOCEGUE": 0, "OTRA": 0, "TOT_EST_MA": 5, "AFRODESCEN": 1, "INDIGENAS": 0, "NEGRITUDES": 0, "PALENQUERO": 0, "RAIZALES": 0, "ROM": 0, "TOT_EST_ET": 1, "CAPACID_EX": 0, "DOBLE_EXCE": 0, "TE_ACTFISI": 0, "TE_ARTES": 0, "TE_CNATUR": 0, "TE_CSOCIAL": 0, "TE_LDSOCIA": 0, "TE_TECNOLO": 0, "TOT_EST_CA": 0, "TMATRIC_GE": 217, "Zona": 1 }, "geometry": { "type": "Point", "coordinates": [ -8252715.109099999070168, 514335.350600000470877 ] } },
{ "type": "Feature", "properties": { "NOMBRE_EST": "COLEGIO KENNEDY (IED)", "NOMBRE_SED": "LOS HEROES", "ORDEN_DE_S": "C", "DIRECCION": "CL 35 B SUR # 73 A - 40 INT 1", "DISCAPACID": "AUDITIVA-FISICA-INTELECTUAL-MULTIPLE", "TALENTOS_O": null, "GRUPOS_ETN": "AFRODESCENDIENTES-NEGRITUDES", "SECTOR": 2, "NATU_JUR": 9, "CALENDARIO": 1, "GENERO": 5, "COD_LOCA": "08", "ESPECIALID": 13, "CLASE_TIPO": 1, "BILINGUE": 5, "FECHA": "2024-04-30", "DANE12_EST": "111001016292", "DANE12_SED": "111001015628", "DA_HIPOACU": 0, "DA_SORDERA": 0, "DA_LENGUAS": 0, "DA_UCASTEL": 0, "DISCAP_FIS": 2, "DISCAP_FLE": 0, "DISCAP_PCE": 0, "DI_DCOGNIT": 6, "DI_SDOWN": 0, "DIS_MULTIP": 3, "DIS_PSICOS": 0, "DV_BAJAVIS": 0, "DIS_CEGUER": 0, "T_ESPECTRO": 0, "T_VOZ_Y_HA": 0, "SISTEMICA": 0, "SORDOCEGUE": 0, "OTRA": 0, "TOT_EST_MA": 12, "AFRODESCEN": 1, "INDIGENAS": 0, "NEGRITUDES": 0, "PALENQUERO": 0, "RAIZALES": 0, "ROM": 0, "TOT_EST_ET": 1, "CAPACID_EX": 0, "DOBLE_EXCE": 0, "TE_ACTFISI": 0, "TE_ARTES": 0, "TE_CNATUR": 0, "TE_CSOCIAL": 0, "TE_LDSOCIA": 0, "TE_TECNOLO": 0, "TOT_EST_CA": 0, "TMATRIC_GE": 221, "Zona": 1 }, "geometry": { "type": "Point", "coordinates": [ -8253829.834699999541044, 514834.678300000727177 ] } },
{ "type": "Feature", "properties": { "NOMBRE_EST": "COLEGIO KENNEDY (IED)", "NOMBRE_SED": "ROSA MARIA GORDILLO", "ORDEN_DE_S": "D", "DIRECCION": "CL 35 BIS SUR # 73 A - 10 SUPER MZ 2", "DISCAPACID": "INTELECTUAL-MULTIPLE", "TALENTOS_O": "TALENTO EXCEPCIONAL EN ACTIVIDAD FISICA, EJERCICIO Y DEPORTE-TALENTO EXCEPCIONAL EN CIENCIAS SOCIALES O HUMANAS", "GRUPOS_ETN": "AFRODESCENDIENTES-INDIGENAS", "SECTOR": 2, "NATU_JUR": 9, "CALENDARIO": 1, "GENERO": 5, "COD_LOCA": "08", "ESPECIALID": 13, "CLASE_TIPO": 1, "BILINGUE": 5, "FECHA": "2024-04-30", "DANE12_EST": "111001016292", "DANE12_SED": "111001015610", "DA_HIPOACU": 0, "DA_SORDERA": 0, "DA_LENGUAS": 0, "DA_UCASTEL": 0, "DISCAP_FIS": 1, "DISCAP_FLE": 0, "DISCAP_PCE": 0, "DI_DCOGNIT": 5, "DI_SDOWN": 0, "DIS_MULTIP": 4, "DIS_PSICOS": 0, "DV_BAJAVIS": 0, "DIS_CEGUER": 0, "T_ESPECTRO": 0, "T_VOZ_Y_HA": 0, "SISTEMICA": 0, "SORDOCEGUE": 0, "OTRA": 0, "TOT_EST_MA": 10, "AFRODESCEN": 0, "INDIGENAS": 2, "NEGRITUDES": 0, "PALENQUERO": 0, "RAIZALES": 0, "ROM": 0, "TOT_EST_ET": 2, "CAPACID_EX": 0, "DOBLE_EXCE": 0, "TE_ACTFISI": 0, "TE_ARTES": 0, "TE_CNATUR": 0, "TE_CSOCIAL": 0, "TE_LDSOCIA": 0, "TE_TECNOLO": 0, "TOT_EST_CA": 0, "TMATRIC_GE": 290, "Zona": 1 }, "geometry": { "type": "Point", "coordinates": [ -8253956.285800000652671, 515067.966400001198053 ] } },
{ "type": "Feature", "properties": { "NOMBRE_EST": "COLEGIO FERNANDO SOTO APARICIO (IED)", "NOMBRE_SED": "FERNANDO SOTO APARICIO", "ORDEN_DE_S": "A", "DIRECCION": "KR 73 A BIS B # 36 - 47 SUR", "DISCAPACID": "FISICA-INTELECTUAL-MENTAL/PSICOSOCIAL-MULTIPLE", "TALENTOS_O": "TALENTO EXCEPCIONAL EN ACTIVIDAD FISICA, EJERCICIO Y DEPORTE-TALENTO EXCEPCIONAL EN ARTES Y LETRAS-TALENTO EXCEPCIONAL EN TECNOLOGIA", "GRUPOS_ETN": "AFRODESCENDIENTES-INDIGENAS-NEGRITUDES", "SECTOR": 2, "NATU_JUR": 9, "CALENDARIO": 1, "GENERO": 5, "COD_LOCA": "08", "ESPECIALID": 1, "CLASE_TIPO": 1, "BILINGUE": 5, "FECHA": "2024-04-30", "DANE12_EST": "111001024660", "DANE12_SED": "111001024660", "DA_HIPOACU": 0, "DA_SORDERA": 0, "DA_LENGUAS": 0, "DA_UCASTEL": 0, "DISCAP_FIS": 7, "DISCAP_FLE": 0, "DISCAP_PCE": 0, "DI_DCOGNIT": 9, "DI_SDOWN": 0, "DIS_MULTIP": 4, "DIS_PSICOS": 0, "DV_BAJAVIS": 0, "DIS_CEGUER": 0, "T_ESPECTRO": 0, "T_VOZ_Y_HA": 0, "SISTEMICA": 0, "SORDOCEGUE": 0, "OTRA": 0, "TOT_EST_MA": 20, "AFRODESCEN": 2, "INDIGENAS": 3, "NEGRITUDES": 2, "PALENQUERO": 0, "RAIZALES": 0, "ROM": 0, "TOT_EST_ET": 7, "CAPACID_EX": 0, "DOBLE_EXCE": 0, "TE_ACTFISI": 0, "TE_ARTES": 0, "TE_CNATUR": 0, "TE_CSOCIAL": 0, "TE_LDSOCIA": 0, "TE_TECNOLO": 0, "TOT_EST_CA": 0, "TMATRIC_GE": 952, "Zona": 1 }, "geometry": { "type": "Point", "coordinates": [ -8254064.500600000843406, 514726.298900000751019 ] } },
{ "type": "Feature", "properties": { "NOMBRE_EST": "COLEGIO FERNANDO SOTO APARICIO (IED)", "NOMBRE_SED": "PASTRANITA", "ORDEN_DE_S": "B", "DIRECCION": "KR 80 A # 51 B - 29 SUR", "DISCAPACID": "AUDITIVA-FISICA-INTELECTUAL-MENTAL/PSICOSOCIAL-MULTIPLE", "TALENTOS_O": "TALENTO EXCEPCIONAL EN ACTIVIDAD FISICA, EJERCICIO Y DEPORTE-TALENTO EXCEPCIONAL EN ARTES Y LETRAS-TALENTO EXCEPCIONAL EN LIDERAZGO SOCIAL Y EMPRENDIMIENTO-TALENTO EXCEPCIONAL EN TECNOLOGIA", "GRUPOS_ETN": "AFRODESCENDIENTES-INDIGENAS-NEGRITUDES", "SECTOR": 2, "NATU_JUR": 9, "CALENDARIO": 1, "GENERO": 5, "COD_LOCA": "08", "ESPECIALID": 13, "CLASE_TIPO": 1, "BILINGUE": 5, "FECHA": "2024-04-30", "DANE12_EST": "111001024660", "DANE12_SED": "111001013111", "DA_HIPOACU": 0, "DA_SORDERA": 0, "DA_LENGUAS": 0, "DA_UCASTEL": 0, "DISCAP_FIS": 1, "DISCAP_FLE": 0, "DISCAP_PCE": 0, "DI_DCOGNIT": 7, "DI_SDOWN": 0, "DIS_MULTIP": 2, "DIS_PSICOS": 3, "DV_BAJAVIS": 1, "DIS_CEGUER": 0, "T_ESPECTRO": 0, "T_VOZ_Y_HA": 0, "SISTEMICA": 0, "SORDOCEGUE": 0, "OTRA": 0, "TOT_EST_MA": 15, "AFRODESCEN": 3, "INDIGENAS": 5, "NEGRITUDES": 2, "PALENQUERO": 0, "RAIZALES": 0, "ROM": 0, "TOT_EST_ET": 10, "CAPACID_EX": 0, "DOBLE_EXCE": 0, "TE_ACTFISI": 0, "TE_ARTES": 0, "TE_CNATUR": 0, "TE_CSOCIAL": 0, "TE_LDSOCIA": 0, "TE_TECNOLO": 0, "TOT_EST_CA": 0, "TMATRIC_GE": 1249, "Zona": 1 }, "geometry": { "type": "Point", "coordinates": [ -8256857.509999999776483, 514540.173799999058247 ] } },
{ "type": "Feature", "properties": { "NOMBRE_EST": "COLEGIO INEM FRANCISCO DE PAULA SANTANDER (IED)", "NOMBRE_SED": "INEM FRANCISCO DE PAULA SANTANDER", "ORDEN_DE_S": "A", "DIRECCION": "CL 38 C SUR # 79 - 08", "DISCAPACID": "AUDITIVA-FISICA-INTELECTUAL-MENTAL/PSICOSOCIAL-MULTIPLE-VISUAL", "TALENTOS_O": "CAPACIDADES EXCEPCIONALES-TALENTO EXCEPCIONAL EN ACTIVIDAD FISICA, EJERCICIO Y DEPORTE-TALENTO EXCEPCIONAL EN ARTES Y LETRAS-TALENTO EXCEPCIONAL EN LIDERAZGO SOCIAL Y EMPRENDIMIENTO-TALENTO EXCEPCIONAL EN TECNOLOGIA", "GRUPOS_ETN": "AFRODESCENDIENTES-INDIGENAS-NEGRITUDES", "SECTOR": 2, "NATU_JUR": 9, "CALENDARIO": 1, "GENERO": 5, "COD_LOCA": "08", "ESPECIALID": 5, "CLASE_TIPO": 1, "BILINGUE": 5, "FECHA": "2024-04-30", "DANE12_EST": "111001024732", "DANE12_SED": "111001024732", "DA_HIPOACU": 2, "DA_SORDERA": 0, "DA_LENGUAS": 0, "DA_UCASTEL": 0, "DISCAP_FIS": 8, "DISCAP_FLE": 0, "DISCAP_PCE": 0, "DI_DCOGNIT": 36, "DI_SDOWN": 0, "DIS_MULTIP": 10, "DIS_PSICOS": 8, "DV_BAJAVIS": 2, "DIS_CEGUER": 0, "T_ESPECTRO": 0, "T_VOZ_Y_HA": 0, "SISTEMICA": 0, "SORDOCEGUE": 0, "OTRA": 0, "TOT_EST_MA": 66, "AFRODESCEN": 44, "INDIGENAS": 32, "NEGRITUDES": 25, "PALENQUERO": 0, "RAIZALES": 1, "ROM": 0, "TOT_EST_ET": 102, "CAPACID_EX": 1, "DOBLE_EXCE": 0, "TE_ACTFISI": 0, "TE_ARTES": 0, "TE_CNATUR": 0, "TE_CSOCIAL": 1, "TE_LDSOCIA": 1, "TE_TECNOLO": 0, "TOT_EST_CA": 1, "TMATRIC_GE": 4744, "Zona": 1 }, "geometry": { "type": "Point", "coordinates": [ -8255058.542500000447035, 515379.345300000160933 ] } },
{ "type": "Feature", "properties": { "NOMBRE_EST": "COLEGIO INEM FRANCISCO DE PAULA SANTANDER (IED)", "NOMBRE_SED": "CASABLANCA", "ORDEN_DE_S": "B", "DIRECCION": "KR 78 N # 35 A - 09 SUR", "DISCAPACID": "AUDITIVA-FISICA-INTELECTUAL-MENTAL/PSICOSOCIAL-MULTIPLE-VISUAL", "TALENTOS_O": "CAPACIDADES EXCEPCIONALES-TALENTO EXCEPCIONAL EN ACTIVIDAD FISICA, EJERCICIO Y DEPORTE-TALENTO EXCEPCIONAL EN ARTES Y LETRAS-TALENTO EXCEPCIONAL EN TECNOLOGIA", "GRUPOS_ETN": "AFRODESCENDIENTES-INDIGENAS", "SECTOR": 2, "NATU_JUR": 9, "CALENDARIO": 1, "GENERO": 5, "COD_LOCA": "08", "ESPECIALID": 13, "CLASE_TIPO": 1, "BILINGUE": 5, "FECHA": "2024-04-30", "DANE12_EST": "111001024732", "DANE12_SED": "111001016080", "DA_HIPOACU": 2, "DA_SORDERA": 0, "DA_LENGUAS": 0, "DA_UCASTEL": 0, "DISCAP_FIS": 1, "DISCAP_FLE": 0, "DISCAP_PCE": 0, "DI_DCOGNIT": 11, "DI_SDOWN": 0, "DIS_MULTIP": 1, "DIS_PSICOS": 2, "DV_BAJAVIS": 1, "DIS_CEGUER": 0, "T_ESPECTRO": 0, "T_VOZ_Y_HA": 0, "SISTEMICA": 0, "SORDOCEGUE": 0, "OTRA": 0, "TOT_EST_MA": 18, "AFRODESCEN": 8, "INDIGENAS": 5, "NEGRITUDES": 1, "PALENQUERO": 0, "RAIZALES": 0, "ROM": 0, "TOT_EST_ET": 14, "CAPACID_EX": 2, "DOBLE_EXCE": 0, "TE_ACTFISI": 1, "TE_ARTES": 0, "TE_CNATUR": 0, "TE_CSOCIAL": 0, "TE_LDSOCIA": 0, "TE_TECNOLO": 1, "TOT_EST_CA": 2, "TMATRIC_GE": 1234, "Zona": 1 }, "geometry": { "type": "Point", "coordinates": [ -8254641.687699999660254, 515581.816199999302626 ] } },
{ "type": "Feature", "properties": { "NOMBRE_EST": "COLEGIO JOHN F. KENNEDY (IED)", "NOMBRE_SED": "JOHN F. KENNEDY", "ORDEN_DE_S": "A", "DIRECCION": "KR 74 B # 38 A - 33 SUR", "DISCAPACID": "AUDITIVA-FISICA-INTELECTUAL-MENTAL/PSICOSOCIAL-MULTIPLE-VISUAL", "TALENTOS_O": "CAPACIDADES EXCEPCIONALES-TALENTO EXCEPCIONAL EN ACTIVIDAD FISICA, EJERCICIO Y DEPORTE-TALENTO EXCEPCIONAL EN ARTES Y LETRAS-TALENTO EXCEPCIONAL EN TECNOLOGIA", "GRUPOS_ETN": "AFRODESCENDIENTES-INDIGENAS-NEGRITUDES-RAIZALES", "SECTOR": 2, "NATU_JUR": 9, "CALENDARIO": 1, "GENERO": 5, "COD_LOCA": "08", "ESPECIALID": 1, "CLASE_TIPO": 1, "BILINGUE": 5, "FECHA": "2024-04-30", "DANE12_EST": "111001026964", "DANE12_SED": "111001026964", "DA_HIPOACU": 2, "DA_SORDERA": 0, "DA_LENGUAS": 0, "DA_UCASTEL": 0, "DISCAP_FIS": 4, "DISCAP_FLE": 0, "DISCAP_PCE": 0, "DI_DCOGNIT": 27, "DI_SDOWN": 0, "DIS_MULTIP": 14, "DIS_PSICOS": 2, "DV_BAJAVIS": 0, "DIS_CEGUER": 0, "T_ESPECTRO": 0, "T_VOZ_Y_HA": 0, "SISTEMICA": 0, "SORDOCEGUE": 0, "OTRA": 0, "TOT_EST_MA": 49, "AFRODESCEN": 13, "INDIGENAS": 20, "NEGRITUDES": 8, "PALENQUERO": 0, "RAIZALES": 1, "ROM": 0, "TOT_EST_ET": 42, "CAPACID_EX": 0, "DOBLE_EXCE": 0, "TE_ACTFISI": 0, "TE_ARTES": 0, "TE_CNATUR": 0, "TE_CSOCIAL": 0, "TE_LDSOCIA": 0, "TE_TECNOLO": 0, "TOT_EST_CA": 0, "TMATRIC_GE": 2263, "Zona": 1 }, "geometry": { "type": "Point", "coordinates": [ -8254528.219799999147654, 515063.782900001853704 ] } },
{ "type": "Feature", "properties": { "NOMBRE_EST": "COLEGIO PROSPERO PINZON (IED)", "NOMBRE_SED": "PROSPERO PINZON", "ORDEN_DE_S": "A", "DIRECCION": "CL 35 C SUR # 78 F - 81", "DISCAPACID": "AUDITIVA-FISICA-INTELECTUAL-MENTAL/PSICOSOCIAL-MULTIPLE-SORDOCEGUERA-VISUAL", "TALENTOS_O": "CAPACIDADES EXCEPCIONALES-TALENTO EXCEPCIONAL EN ACTIVIDAD FISICA, EJERCICIO Y DEPORTE-TALENTO EXCEPCIONAL EN ARTES Y LETRAS-TALENTO EXCEPCIONAL EN LIDERAZGO SOCIAL Y EMPRENDIMIENTO-TALENTO EXCEPCIONAL EN TECNOLOGIA", "GRUPOS_ETN": "AFRODESCENDIENTES-INDIGENAS-NEGRITUDES-PALENQUEROS", "SECTOR": 2, "NATU_JUR": 9, "CALENDARIO": 1, "GENERO": 5, "COD_LOCA": "08", "ESPECIALID": 1, "CLASE_TIPO": 1, "BILINGUE": 5, "FECHA": "2024-04-30", "DANE12_EST": "111001027308", "DANE12_SED": "111001027308", "DA_HIPOACU": 2, "DA_SORDERA": 0, "DA_LENGUAS": 0, "DA_UCASTEL": 0, "DISCAP_FIS": 2, "DISCAP_FLE": 0, "DISCAP_PCE": 0, "DI_DCOGNIT": 7, "DI_SDOWN": 0, "DIS_MULTIP": 5, "DIS_PSICOS": 2, "DV_BAJAVIS": 0, "DIS_CEGUER": 0, "T_ESPECTRO": 0, "T_VOZ_Y_HA": 0, "SISTEMICA": 0, "SORDOCEGUE": 1, "OTRA": 0, "TOT_EST_MA": 19, "AFRODESCEN": 2, "INDIGENAS": 5, "NEGRITUDES": 8, "PALENQUERO": 1, "RAIZALES": 0, "ROM": 0, "TOT_EST_ET": 16, "CAPACID_EX": 1, "DOBLE_EXCE": 0, "TE_ACTFISI": 1, "TE_ARTES": 0, "TE_CNATUR": 0, "TE_CSOCIAL": 0, "TE_LDSOCIA": 0, "TE_TECNOLO": 0, "TOT_EST_CA": 1, "TMATRIC_GE": 1240, "Zona": 1 }, "geometry": { "type": "Point", "coordinates": [ -8254459.35080000013113, 515339.0912000015378 ] } },
{ "type": "Feature", "properties": { "NOMBRE_EST": "COLEGIO MANUEL CEPEDA VARGAS (IED)", "NOMBRE_SED": "MANUEL CEPEDA VARGAS", "ORDEN_DE_S": "A", "DIRECCION": "CL 56 SUR # 81 - 26", "DISCAPACID": "AUDITIVA-FISICA-INTELECTUAL-MENTAL/PSICOSOCIAL-MULTIPLE", "TALENTOS_O": "CAPACIDADES EXCEPCIONALES-TALENTO EXCEPCIONAL EN ACTIVIDAD FISICA, EJERCICIO Y DEPORTE-TALENTO EXCEPCIONAL EN ARTES Y LETRAS-TALENTO EXCEPCIONAL EN CIENCIAS SOCIALES O HUMANAS-TALENTO EXCEPCIONAL EN TECNOLOGIA", "GRUPOS_ETN": "AFRODESCENDIENTES-INDIGENAS-NEGRITUDES", "SECTOR": 2, "NATU_JUR": 9, "CALENDARIO": 1, "GENERO": 5, "COD_LOCA": "08", "ESPECIALID": 1, "CLASE_TIPO": 1, "BILINGUE": 5, "FECHA": "2024-04-30", "DANE12_EST": "111001027391", "DANE12_SED": "111001027391", "DA_HIPOACU": 2, "DA_SORDERA": 0, "DA_LENGUAS": 0, "DA_UCASTEL": 0, "DISCAP_FIS": 7, "DISCAP_FLE": 0, "DISCAP_PCE": 0, "DI_DCOGNIT": 61, "DI_SDOWN": 0, "DIS_MULTIP": 17, "DIS_PSICOS": 8, "DV_BAJAVIS": 0, "DIS_CEGUER": 0, "T_ESPECTRO": 0, "T_VOZ_Y_HA": 0, "SISTEMICA": 0, "SORDOCEGUE": 0, "OTRA": 0, "TOT_EST_MA": 95, "AFRODESCEN": 22, "INDIGENAS": 9, "NEGRITUDES": 16, "PALENQUERO": 0, "RAIZALES": 0, "ROM": 0, "TOT_EST_ET": 47, "CAPACID_EX": 0, "DOBLE_EXCE": 0, "TE_ACTFISI": 0, "TE_ARTES": 0, "TE_CNATUR": 0, "TE_CSOCIAL": 0, "TE_LDSOCIA": 0, "TE_TECNOLO": 0, "TOT_EST_CA": 0, "TMATRIC_GE": 4322, "Zona": 1 }, "geometry": { "type": "Point", "coordinates": [ -8257450.777200000360608, 514467.853799998760223 ] } },
{ "type": "Feature", "properties": { "NOMBRE_EST": "COLEGIO MANUEL CEPEDA VARGAS (IED)", "NOMBRE_SED": "GRAN BRITALIA", "ORDEN_DE_S": "B", "DIRECCION": "CL 47 A SUR # 82 - 99", "DISCAPACID": "FISICA-INTELECTUAL-MENTAL/PSICOSOCIAL-MULTIPLE", "TALENTOS_O": "TALENTO EXCEPCIONAL EN ACTIVIDAD FISICA, EJERCICIO Y DEPORTE", "GRUPOS_ETN": "AFRODESCENDIENTES-INDIGENAS-NEGRITUDES", "SECTOR": 2, "NATU_JUR": 9, "CALENDARIO": 1, "GENERO": 5, "COD_LOCA": "08", "ESPECIALID": 13, "CLASE_TIPO": 1, "BILINGUE": 5, "FECHA": "2024-04-30", "DANE12_EST": "111001027391", "DANE12_SED": "111001050172", "DA_HIPOACU": 0, "DA_SORDERA": 0, "DA_LENGUAS": 0, "DA_UCASTEL": 0, "DISCAP_FIS": 2, "DISCAP_FLE": 0, "DISCAP_PCE": 0, "DI_DCOGNIT": 7, "DI_SDOWN": 0, "DIS_MULTIP": 9, "DIS_PSICOS": 0, "DV_BAJAVIS": 0, "DIS_CEGUER": 0, "T_ESPECTRO": 0, "T_VOZ_Y_HA": 0, "SISTEMICA": 0, "SORDOCEGUE": 0, "OTRA": 0, "TOT_EST_MA": 18, "AFRODESCEN": 9, "INDIGENAS": 5, "NEGRITUDES": 3, "PALENQUERO": 0, "RAIZALES": 0, "ROM": 0, "TOT_EST_ET": 17, "CAPACID_EX": 0, "DOBLE_EXCE": 0, "TE_ACTFISI": 0, "TE_ARTES": 0, "TE_CNATUR": 0, "TE_CSOCIAL": 0, "TE_LDSOCIA": 0, "TE_TECNOLO": 0, "TOT_EST_CA": 0, "TMATRIC_GE": 885, "Zona": 1 }, "geometry": { "type": "Point", "coordinates": [ -8256895.5945999994874, 515447.114399999380112 ] } },
{ "type": "Feature", "properties": { "NOMBRE_EST": "COLEGIO MANUEL CEPEDA VARGAS (IED)", "NOMBRE_SED": "CAMILO TORRES", "ORDEN_DE_S": "C", "DIRECCION": "KR 83 # 46 B - 16 SUR", "DISCAPACID": "FISICA-INTELECTUAL-MULTIPLE", "TALENTOS_O": "CAPACIDADES EXCEPCIONALES-TALENTO EXCEPCIONAL EN ACTIVIDAD FISICA, EJERCICIO Y DEPORTE", "GRUPOS_ETN": "AFRODESCENDIENTES-INDIGENAS", "SECTOR": 2, "NATU_JUR": 9, "CALENDARIO": 1, "GENERO": 5, "COD_LOCA": "08", "ESPECIALID": 13, "CLASE_TIPO": 1, "BILINGUE": 5, "FECHA": "2024-04-30", "DANE12_EST": "111001027391", "DANE12_SED": "111001034088", "DA_HIPOACU": 0, "DA_SORDERA": 0, "DA_LENGUAS": 0, "DA_UCASTEL": 0, "DISCAP_FIS": 2, "DISCAP_FLE": 0, "DISCAP_PCE": 0, "DI_DCOGNIT": 0, "DI_SDOWN": 0, "DIS_MULTIP": 0, "DIS_PSICOS": 0, "DV_BAJAVIS": 0, "DIS_CEGUER": 0, "T_ESPECTRO": 0, "T_VOZ_Y_HA": 0, "SISTEMICA": 0, "SORDOCEGUE": 0, "OTRA": 0, "TOT_EST_MA": 2, "AFRODESCEN": 3, "INDIGENAS": 1, "NEGRITUDES": 0, "PALENQUERO": 0, "RAIZALES": 2, "ROM": 0, "TOT_EST_ET": 6, "CAPACID_EX": 0, "DOBLE_EXCE": 0, "TE_ACTFISI": 0, "TE_ARTES": 0, "TE_CNATUR": 0, "TE_CSOCIAL": 0, "TE_LDSOCIA": 0, "TE_TECNOLO": 0, "TOT_EST_CA": 0, "TMATRIC_GE": 399, "Zona": 1 }, "geometry": { "type": "Point", "coordinates": [ -8256897.568299999460578, 515483.145500000566244 ] } },
{ "type": "Feature", "properties": { "NOMBRE_EST": "COLEGIO JAIRO ANIBAL NIÑO (CED)", "NOMBRE_SED": "JAIRO ANIBAL NIÑO", "ORDEN_DE_S": "A", "DIRECCION": "KR 87 H BIS # 39 A - 23 SUR", "DISCAPACID": "AUDITIVA-FISICA-INTELECTUAL-MENTAL/PSICOSOCIAL-MULTIPLE-SORDOCEGUERA-VISUAL", "TALENTOS_O": "CAPACIDADES EXCEPCIONALES-TALENTO EXCEPCIONAL EN ACTIVIDAD FISICA, EJERCICIO Y DEPORTE-TALENTO EXCEPCIONAL EN ARTES Y LETRAS-TALENTO EXCEPCIONAL EN CIENCIAS NATURALES O BASICAS", "GRUPOS_ETN": "AFRODESCENDIENTES-INDIGENAS-NEGRITUDES-RAIZALES", "SECTOR": 2, "NATU_JUR": 9, "CALENDARIO": 1, "GENERO": 5, "COD_LOCA": "08", "ESPECIALID": 13, "CLASE_TIPO": 1, "BILINGUE": 5, "FECHA": "2024-04-30", "DANE12_EST": "111001027405", "DANE12_SED": "111001027405", "DA_HIPOACU": 3, "DA_SORDERA": 0, "DA_LENGUAS": 0, "DA_UCASTEL": 0, "DISCAP_FIS": 4, "DISCAP_FLE": 0, "DISCAP_PCE": 0, "DI_DCOGNIT": 23, "DI_SDOWN": 0, "DIS_MULTIP": 18, "DIS_PSICOS": 0, "DV_BAJAVIS": 1, "DIS_CEGUER": 0, "T_ESPECTRO": 0, "T_VOZ_Y_HA": 0, "SISTEMICA": 0, "SORDOCEGUE": 0, "OTRA": 0, "TOT_EST_MA": 49, "AFRODESCEN": 12, "INDIGENAS": 4, "NEGRITUDES": 1, "PALENQUERO": 0, "RAIZALES": 1, "ROM": 0, "TOT_EST_ET": 18, "CAPACID_EX": 0, "DOBLE_EXCE": 0, "TE_ACTFISI": 0, "TE_ARTES": 0, "TE_CNATUR": 0, "TE_CSOCIAL": 0, "TE_LDSOCIA": 0, "TE_TECNOLO": 0, "TOT_EST_CA": 0, "TMATRIC_GE": 1460, "Zona": 1 }, "geometry": { "type": "Point", "coordinates": [ -8256239.042300000786781, 516718.345300000160933 ] } },
{ "type": "Feature", "properties": { "NOMBRE_EST": "COLEGIO JACKELINE (IED)", "NOMBRE_SED": "JACKELINE", "ORDEN_DE_S": "A", "DIRECCION": "CL 45 A SUR # 77 Q - 49", "DISCAPACID": "AUDITIVA-FISICA-INTELECTUAL-MENTAL/PSICOSOCIAL-MULTIPLE", "TALENTOS_O": "TALENTO EXCEPCIONAL EN ACTIVIDAD FISICA, EJERCICIO Y DEPORTE-TALENTO EXCEPCIONAL EN CIENCIAS SOCIALES O HUMANAS", "GRUPOS_ETN": "AFRODESCENDIENTES-INDIGENAS-NEGRITUDES-PALENQUEROS", "SECTOR": 2, "NATU_JUR": 9, "CALENDARIO": 1, "GENERO": 5, "COD_LOCA": "08", "ESPECIALID": 13, "CLASE_TIPO": 1, "BILINGUE": 5, "FECHA": "2024-04-30", "DANE12_EST": "111001029114", "DANE12_SED": "111001029114", "DA_HIPOACU": 0, "DA_SORDERA": 0, "DA_LENGUAS": 0, "DA_UCASTEL": 0, "DISCAP_FIS": 2, "DISCAP_FLE": 0, "DISCAP_PCE": 0, "DI_DCOGNIT": 13, "DI_SDOWN": 0, "DIS_MULTIP": 9, "DIS_PSICOS": 1, "DV_BAJAVIS": 0, "DIS_CEGUER": 0, "T_ESPECTRO": 0, "T_VOZ_Y_HA": 0, "SISTEMICA": 0, "SORDOCEGUE": 0, "OTRA": 0, "TOT_EST_MA": 25, "AFRODESCEN": 4, "INDIGENAS": 3, "NEGRITUDES": 1, "PALENQUERO": 0, "RAIZALES": 0, "ROM": 0, "TOT_EST_ET": 8, "CAPACID_EX": 0, "DOBLE_EXCE": 0, "TE_ACTFISI": 0, "TE_ARTES": 0, "TE_CNATUR": 0, "TE_CSOCIAL": 0, "TE_LDSOCIA": 0, "TE_TECNOLO": 0, "TOT_EST_CA": 0, "TMATRIC_GE": 936, "Zona": 1 }, "geometry": { "type": "Point", "coordinates": [ -8255769.895199999213219, 513622.987199999392033 ] } },
{ "type": "Feature", "properties": { "NOMBRE_EST": "COLEGIO JACKELINE (IED)", "NOMBRE_SED": "SEDE B", "ORDEN_DE_S": "B", "DIRECCION": "KR 77 P BIS # 47 A - 31 SUR", "DISCAPACID": "AUDITIVA-FISICA-INTELECTUAL-MENTAL/PSICOSOCIAL-MULTIPLE", "TALENTOS_O": "TALENTO EXCEPCIONAL EN ACTIVIDAD FISICA, EJERCICIO Y DEPORTE-TALENTO EXCEPCIONAL EN CIENCIAS SOCIALES O HUMANAS-TALENTO EXCEPCIONAL EN TECNOLOGIA", "GRUPOS_ETN": "AFRODESCENDIENTES-INDIGENAS-NEGRITUDES", "SECTOR": 2, "NATU_JUR": 9, "CALENDARIO": 1, "GENERO": 5, "COD_LOCA": "08", "ESPECIALID": 1, "CLASE_TIPO": 1, "BILINGUE": 5, "FECHA": "2024-04-30", "DANE12_EST": "111001029114", "DANE12_SED": "111001800465", "DA_HIPOACU": 0, "DA_SORDERA": 0, "DA_LENGUAS": 0, "DA_UCASTEL": 0, "DISCAP_FIS": 2, "DISCAP_FLE": 0, "DISCAP_PCE": 0, "DI_DCOGNIT": 23, "DI_SDOWN": 0, "DIS_MULTIP": 6, "DIS_PSICOS": 4, "DV_BAJAVIS": 0, "DIS_CEGUER": 0, "T_ESPECTRO": 0, "T_VOZ_Y_HA": 0, "SISTEMICA": 0, "SORDOCEGUE": 0, "OTRA": 0, "TOT_EST_MA": 36, "AFRODESCEN": 2, "INDIGENAS": 0, "NEGRITUDES": 2, "PALENQUERO": 0, "RAIZALES": 0, "ROM": 0, "TOT_EST_ET": 4, "CAPACID_EX": 0, "DOBLE_EXCE": 0, "TE_ACTFISI": 0, "TE_ARTES": 0, "TE_CNATUR": 0, "TE_CSOCIAL": 0, "TE_LDSOCIA": 0, "TE_TECNOLO": 0, "TOT_EST_CA": 0, "TMATRIC_GE": 576, "Zona": 1 }, "geometry": { "type": "Point", "coordinates": [ -8255945.281199999153614, 513549.073300000280142 ] } },
{ "type": "Feature", "properties": { "NOMBRE_EST": "COLEGIO MANUEL ZAPATA OLIVELLA (IED)", "NOMBRE_SED": "MANUEL ZAPATA OLIVELLA", "ORDEN_DE_S": "A", "DIRECCION": "CL 1 BIS # 87 - 84", "DISCAPACID": "AUDITIVA-FISICA-INTELECTUAL-MENTAL/PSICOSOCIAL-MULTIPLE-SORDOCEGUERA-VISUAL", "TALENTOS_O": "TALENTO EXCEPCIONAL EN ACTIVIDAD FISICA, EJERCICIO Y DEPORTE-TALENTO EXCEPCIONAL EN ARTES Y LETRAS-TALENTO EXCEPCIONAL EN LIDERAZGO SOCIAL Y EMPRENDIMIENTO", "GRUPOS_ETN": "AFRODESCENDIENTES-INDIGENAS-NEGRITUDES-RAIZALES", "SECTOR": 2, "NATU_JUR": 9, "CALENDARIO": 1, "GENERO": 5, "COD_LOCA": "08", "ESPECIALID": 1, "CLASE_TIPO": 1, "BILINGUE": 5, "FECHA": "2024-04-30", "DANE12_EST": "111001033898", "DANE12_SED": "111001033898", "DA_HIPOACU": 3, "DA_SORDERA": 0, "DA_LENGUAS": 0, "DA_UCASTEL": 0, "DISCAP_FIS": 2, "DISCAP_FLE": 0, "DISCAP_PCE": 0, "DI_DCOGNIT": 32, "DI_SDOWN": 0, "DIS_MULTIP": 4, "DIS_PSICOS": 3, "DV_BAJAVIS": 3, "DIS_CEGUER": 0, "T_ESPECTRO": 0, "T_VOZ_Y_HA": 0, "SISTEMICA": 0, "SORDOCEGUE": 1, "OTRA": 0, "TOT_EST_MA": 48, "AFRODESCEN": 15, "INDIGENAS": 13, "NEGRITUDES": 7, "PALENQUERO": 0, "RAIZALES": 1, "ROM": 0, "TOT_EST_ET": 36, "CAPACID_EX": 2, "DOBLE_EXCE": 0, "TE_ACTFISI": 1, "TE_ARTES": 1, "TE_CNATUR": 0, "TE_CSOCIAL": 0, "TE_LDSOCIA": 0, "TE_TECNOLO": 0, "TOT_EST_CA": 2, "TMATRIC_GE": 2005, "Zona": 1 }, "geometry": { "type": "Point", "coordinates": [ -8255487.724700000137091, 517147.462099999189377 ] } },
{ "type": "Feature", "properties": { "NOMBRE_EST": "COLEGIO LA FLORESTA SUR (IED)", "NOMBRE_SED": "LA FLORESTA SUR", "ORDEN_DE_S": "A", "DIRECCION": "KR 68 B BIS # 1 - 09 SUR", "DISCAPACID": "AUDITIVA-FISICA-INTELECTUAL", "TALENTOS_O": "CAPACIDADES EXCEPCIONALES-TALENTO EXCEPCIONAL EN ACTIVIDAD FISICA, EJERCICIO Y DEPORTE-TALENTO EXCEPCIONAL EN ARTES Y LETRAS-TALENTO EXCEPCIONAL EN CIENCIAS NATURALES O BASICAS-TALENTO EXCEPCIONAL EN CIENCIAS SOCIALES O HUMANAS", "GRUPOS_ETN": "AFRODESCENDIENTES-INDIGENAS-NEGRITUDES", "SECTOR": 2, "NATU_JUR": 9, "CALENDARIO": 1, "GENERO": 5, "COD_LOCA": "08", "ESPECIALID": 1, "CLASE_TIPO": 1, "BILINGUE": 5, "FECHA": "2024-04-30", "DANE12_EST": "111001034045", "DANE12_SED": "111001034045", "DA_HIPOACU": 0, "DA_SORDERA": 0, "DA_LENGUAS": 0, "DA_UCASTEL": 0, "DISCAP_FIS": 0, "DISCAP_FLE": 0, "DISCAP_PCE": 0, "DI_DCOGNIT": 9, "DI_SDOWN": 0, "DIS_MULTIP": 1, "DIS_PSICOS": 1, "DV_BAJAVIS": 0, "DIS_CEGUER": 0, "T_ESPECTRO": 0, "T_VOZ_Y_HA": 0, "SISTEMICA": 0, "SORDOCEGUE": 0, "OTRA": 0, "TOT_EST_MA": 11, "AFRODESCEN": 4, "INDIGENAS": 4, "NEGRITUDES": 3, "PALENQUERO": 0, "RAIZALES": 0, "ROM": 0, "TOT_EST_ET": 11, "CAPACID_EX": 0, "DOBLE_EXCE": 0, "TE_ACTFISI": 0, "TE_ARTES": 0, "TE_CNATUR": 0, "TE_CSOCIAL": 0, "TE_LDSOCIA": 0, "TE_TECNOLO": 0, "TOT_EST_CA": 0, "TMATRIC_GE": 641, "Zona": 1 }, "geometry": { "type": "Point", "coordinates": [ -8251813.757400000467896, 514932.390700001269579 ] } },
{ "type": "Feature", "properties": { "NOMBRE_EST": "COLEGIO LA FLORESTA SUR (IED)", "NOMBRE_SED": "JUAN PABLO II", "ORDEN_DE_S": "B", "DIRECCION": "CL 2 SUR # 68 B - 08", "DISCAPACID": "FISICA-INTELECTUAL-MENTAL/PSICOSOCIAL-MULTIPLE-VISUAL", "TALENTOS_O": "CAPACIDADES EXCEPCIONALES-TALENTO EXCEPCIONAL EN ACTIVIDAD FISICA, EJERCICIO Y DEPORTE-TALENTO EXCEPCIONAL EN ARTES Y LETRAS-TALENTO EXCEPCIONAL EN CIENCIAS SOCIALES O HUMANAS", "GRUPOS_ETN": "AFRODESCENDIENTES-INDIGENAS-NEGRITUDES", "SECTOR": 2, "NATU_JUR": 9, "CALENDARIO": 1, "GENERO": 5, "COD_LOCA": "08", "ESPECIALID": 13, "CLASE_TIPO": 1, "BILINGUE": 5, "FECHA": "2024-04-30", "DANE12_EST": "111001034045", "DANE12_SED": "111102001164", "DA_HIPOACU": 0, "DA_SORDERA": 0, "DA_LENGUAS": 0, "DA_UCASTEL": 0, "DISCAP_FIS": 1, "DISCAP_FLE": 0, "DISCAP_PCE": 0, "DI_DCOGNIT": 9, "DI_SDOWN": 0, "DIS_MULTIP": 1, "DIS_PSICOS": 2, "DV_BAJAVIS": 1, "DIS_CEGUER": 0, "T_ESPECTRO": 0, "T_VOZ_Y_HA": 0, "SISTEMICA": 0, "SORDOCEGUE": 0, "OTRA": 0, "TOT_EST_MA": 14, "AFRODESCEN": 6, "INDIGENAS": 4, "NEGRITUDES": 1, "PALENQUERO": 0, "RAIZALES": 0, "ROM": 0, "TOT_EST_ET": 11, "CAPACID_EX": 0, "DOBLE_EXCE": 0, "TE_ACTFISI": 0, "TE_ARTES": 0, "TE_CNATUR": 0, "TE_CSOCIAL": 0, "TE_LDSOCIA": 0, "TE_TECNOLO": 0, "TOT_EST_CA": 0, "TMATRIC_GE": 614, "Zona": 1 }, "geometry": { "type": "Point", "coordinates": [ -8251857.8344, 514903.913899999111891 ] } },
{ "type": "Feature", "properties": { "NOMBRE_EST": "COLEGIO SAN JOSE DE CASTILLA (IED)", "NOMBRE_SED": "CASTILLA", "ORDEN_DE_S": "A", "DIRECCION": "CL 7 C # 78 F - 20", "DISCAPACID": "AUDITIVA-FISICA-INTELECTUAL-MENTAL/PSICOSOCIAL-MULTIPLE-VISUAL", "TALENTOS_O": "CAPACIDADES EXCEPCIONALES-TALENTO EXCEPCIONAL EN ACTIVIDAD FISICA, EJERCICIO Y DEPORTE-TALENTO EXCEPCIONAL EN ARTES Y LETRAS-TALENTO EXCEPCIONAL EN CIENCIAS SOCIALES O HUMANAS-TALENTO EXCEPCIONAL EN LIDERAZGO SOCIAL Y EMPRENDIMIENTO-TALENTO EXCEPCIONAL E", "GRUPOS_ETN": "AFRODESCENDIENTES-INDIGENAS", "SECTOR": 2, "NATU_JUR": 9, "CALENDARIO": 1, "GENERO": 5, "COD_LOCA": "08", "ESPECIALID": 1, "CLASE_TIPO": 1, "BILINGUE": 5, "FECHA": "2024-04-30", "DANE12_EST": "111001041475", "DANE12_SED": "111001041475", "DA_HIPOACU": 4, "DA_SORDERA": 0, "DA_LENGUAS": 0, "DA_UCASTEL": 0, "DISCAP_FIS": 7, "DISCAP_FLE": 0, "DISCAP_PCE": 0, "DI_DCOGNIT": 24, "DI_SDOWN": 0, "DIS_MULTIP": 18, "DIS_PSICOS": 3, "DV_BAJAVIS": 0, "DIS_CEGUER": 0, "T_ESPECTRO": 0, "T_VOZ_Y_HA": 0, "SISTEMICA": 0, "SORDOCEGUE": 0, "OTRA": 0, "TOT_EST_MA": 56, "AFRODESCEN": 3, "INDIGENAS": 2, "NEGRITUDES": 0, "PALENQUERO": 0, "RAIZALES": 0, "ROM": 0, "TOT_EST_ET": 5, "CAPACID_EX": 1, "DOBLE_EXCE": 0, "TE_ACTFISI": 1, "TE_ARTES": 0, "TE_CNATUR": 0, "TE_CSOCIAL": 0, "TE_LDSOCIA": 0, "TE_TECNOLO": 0, "TOT_EST_CA": 1, "TMATRIC_GE": 1323, "Zona": 1 }, "geometry": { "type": "Point", "coordinates": [ -8253676.80379999987781, 516857.663800001144409 ] } },
{ "type": "Feature", "properties": { "NOMBRE_EST": "COLEGIO SAN JOSE DE CASTILLA (IED)", "NOMBRE_SED": "VISION DE COLOMBIA", "ORDEN_DE_S": "C", "DIRECCION": "KR 79 C # 13 A - 40", "DISCAPACID": "FISICA-INTELECTUAL-MENTAL/PSICOSOCIAL-MULTIPLE", "TALENTOS_O": "CAPACIDADES EXCEPCIONALES-TALENTO EXCEPCIONAL EN ACTIVIDAD FISICA, EJERCICIO Y DEPORTE-TALENTO EXCEPCIONAL EN ARTES Y LETRAS-TALENTO EXCEPCIONAL EN CIENCIAS NATURALES O BASICAS-TALENTO EXCEPCIONAL EN CIENCIAS SOCIALES O HUMANAS", "GRUPOS_ETN": "AFRODESCENDIENTES-INDIGENAS", "SECTOR": 2, "NATU_JUR": 9, "CALENDARIO": 1, "GENERO": 5, "COD_LOCA": "08", "ESPECIALID": 13, "CLASE_TIPO": 1, "BILINGUE": 5, "FECHA": "2024-04-30", "DANE12_EST": "111001041475", "DANE12_SED": "111001047236", "DA_HIPOACU": 0, "DA_SORDERA": 0, "DA_LENGUAS": 0, "DA_UCASTEL": 0, "DISCAP_FIS": 2, "DISCAP_FLE": 0, "DISCAP_PCE": 0, "DI_DCOGNIT": 15, "DI_SDOWN": 0, "DIS_MULTIP": 6, "DIS_PSICOS": 2, "DV_BAJAVIS": 0, "DIS_CEGUER": 0, "T_ESPECTRO": 0, "T_VOZ_Y_HA": 0, "SISTEMICA": 0, "SORDOCEGUE": 0, "OTRA": 0, "TOT_EST_MA": 25, "AFRODESCEN": 2, "INDIGENAS": 4, "NEGRITUDES": 0, "PALENQUERO": 0, "RAIZALES": 0, "ROM": 0, "TOT_EST_ET": 6, "CAPACID_EX": 0, "DOBLE_EXCE": 0, "TE_ACTFISI": 0, "TE_ARTES": 0, "TE_CNATUR": 0, "TE_CSOCIAL": 0, "TE_LDSOCIA": 0, "TE_TECNOLO": 0, "TOT_EST_CA": 0, "TMATRIC_GE": 1110, "Zona": 1 }, "geometry": { "type": "Point", "coordinates": [ -8252704.224300000816584, 518283.669900000095367 ] } },
{ "type": "Feature", "properties": { "NOMBRE_EST": "COLEGIO CASTILLA (IED)", "NOMBRE_SED": "NUEVA CASTILLA", "ORDEN_DE_S": "A", "DIRECCION": "KR 78 C # 8 A - 43", "DISCAPACID": "AUDITIVA-FISICA-INTELECTUAL-MENTAL/PSICOSOCIAL-MULTIPLE-VISUAL", "TALENTOS_O": "CAPACIDADES EXCEPCIONALES-TALENTO EXCEPCIONAL EN ACTIVIDAD FISICA, EJERCICIO Y DEPORTE-TALENTO EXCEPCIONAL EN ARTES Y LETRAS-TALENTO EXCEPCIONAL EN CIENCIAS NATURALES O BASICAS-TALENTO EXCEPCIONAL EN CIENCIAS SOCIALES O HUMANAS-TALENTO EXCEPCIONAL EN LID", "GRUPOS_ETN": "AFRODESCENDIENTES-INDIGENAS-NEGRITUDES-RAIZALES", "SECTOR": 2, "NATU_JUR": 9, "CALENDARIO": 1, "GENERO": 5, "COD_LOCA": "08", "ESPECIALID": 1, "CLASE_TIPO": 1, "BILINGUE": 5, "FECHA": "2024-04-30", "DANE12_EST": "111001076767", "DANE12_SED": "111001076767", "DA_HIPOACU": 3, "DA_SORDERA": 0, "DA_LENGUAS": 0, "DA_UCASTEL": 0, "DISCAP_FIS": 4, "DISCAP_FLE": 0, "DISCAP_PCE": 0, "DI_DCOGNIT": 15, "DI_SDOWN": 0, "DIS_MULTIP": 9, "DIS_PSICOS": 0, "DV_BAJAVIS": 1, "DIS_CEGUER": 0, "T_ESPECTRO": 0, "T_VOZ_Y_HA": 0, "SISTEMICA": 0, "SORDOCEGUE": 0, "OTRA": 0, "TOT_EST_MA": 32, "AFRODESCEN": 9, "INDIGENAS": 5, "NEGRITUDES": 2, "PALENQUERO": 0, "RAIZALES": 1, "ROM": 0, "TOT_EST_ET": 17, "CAPACID_EX": 1, "DOBLE_EXCE": 0, "TE_ACTFISI": 1, "TE_ARTES": 0, "TE_CNATUR": 0, "TE_CSOCIAL": 0, "TE_LDSOCIA": 0, "TE_TECNOLO": 0, "TOT_EST_CA": 1, "TMATRIC_GE": 3198, "Zona": 1 }, "geometry": { "type": "Point", "coordinates": [ -8253437.357799999415874, 517138.234600000083447 ] } },
{ "type": "Feature", "properties": { "NOMBRE_EST": "COLEGIO VILLA RICA (IED)", "NOMBRE_SED": "VILLA RICA", "ORDEN_DE_S": "A", "DIRECCION": "KR 77 K BIS A # 50 - 26 SUR", "DISCAPACID": "AUDITIVA-INTELECTUAL-MENTAL/PSICOSOCIAL-VISUAL", "TALENTOS_O": "TALENTO EXCEPCIONAL EN ARTES Y LETRAS", "GRUPOS_ETN": "AFRODESCENDIENTES-INDIGENAS-NEGRITUDES", "SECTOR": 2, "NATU_JUR": 9, "CALENDARIO": 1, "GENERO": 5, "COD_LOCA": "08", "ESPECIALID": 1, "CLASE_TIPO": 1, "BILINGUE": 5, "FECHA": "2024-04-30", "DANE12_EST": "111001079154", "DANE12_SED": "111001079154", "DA_HIPOACU": 0, "DA_SORDERA": 0, "DA_LENGUAS": 0, "DA_UCASTEL": 0, "DISCAP_FIS": 0, "DISCAP_FLE": 0, "DISCAP_PCE": 0, "DI_DCOGNIT": 15, "DI_SDOWN": 0, "DIS_MULTIP": 2, "DIS_PSICOS": 2, "DV_BAJAVIS": 1, "DIS_CEGUER": 0, "T_ESPECTRO": 0, "T_VOZ_Y_HA": 0, "SISTEMICA": 0, "SORDOCEGUE": 0, "OTRA": 0, "TOT_EST_MA": 21, "AFRODESCEN": 6, "INDIGENAS": 3, "NEGRITUDES": 7, "PALENQUERO": 0, "RAIZALES": 0, "ROM": 0, "TOT_EST_ET": 16, "CAPACID_EX": 0, "DOBLE_EXCE": 0, "TE_ACTFISI": 0, "TE_ARTES": 0, "TE_CNATUR": 0, "TE_CSOCIAL": 0, "TE_LDSOCIA": 0, "TE_TECNOLO": 0, "TOT_EST_CA": 0, "TMATRIC_GE": 927, "Zona": 1 }, "geometry": { "type": "Point", "coordinates": [ -8256245.743699999526143, 513267.728300001472235 ] } },
{ "type": "Feature", "properties": { "NOMBRE_EST": "COLEGIO VILLA RICA (IED)", "NOMBRE_SED": "PERPETUO SOCORRO", "ORDEN_DE_S": "B", "DIRECCION": "CL 49 SUR # 78 - 35", "DISCAPACID": "FISICA-INTELECTUAL-MENTAL/PSICOSOCIAL-MULTIPLE-VISUAL", "TALENTOS_O": "CAPACIDADES EXCEPCIONALES-TALENTO EXCEPCIONAL EN ACTIVIDAD FISICA, EJERCICIO Y DEPORTE-TALENTO EXCEPCIONAL EN CIENCIAS NATURALES O BASICAS-TALENTO EXCEPCIONAL EN TECNOLOGIA", "GRUPOS_ETN": "AFRODESCENDIENTES-INDIGENAS-NEGRITUDES", "SECTOR": 2, "NATU_JUR": 9, "CALENDARIO": 1, "GENERO": 5, "COD_LOCA": "08", "ESPECIALID": 13, "CLASE_TIPO": 1, "BILINGUE": 5, "FECHA": "2024-04-30", "DANE12_EST": "111001079154", "DANE12_SED": "111001043141", "DA_HIPOACU": 0, "DA_SORDERA": 0, "DA_LENGUAS": 0, "DA_UCASTEL": 0, "DISCAP_FIS": 2, "DISCAP_FLE": 0, "DISCAP_PCE": 0, "DI_DCOGNIT": 7, "DI_SDOWN": 0, "DIS_MULTIP": 2, "DIS_PSICOS": 0, "DV_BAJAVIS": 0, "DIS_CEGUER": 0, "T_ESPECTRO": 0, "T_VOZ_Y_HA": 0, "SISTEMICA": 0, "SORDOCEGUE": 0, "OTRA": 0, "TOT_EST_MA": 11, "AFRODESCEN": 7, "INDIGENAS": 5, "NEGRITUDES": 8, "PALENQUERO": 0, "RAIZALES": 0, "ROM": 0, "TOT_EST_ET": 20, "CAPACID_EX": 2, "DOBLE_EXCE": 0, "TE_ACTFISI": 2, "TE_ARTES": 0, "TE_CNATUR": 0, "TE_CSOCIAL": 0, "TE_LDSOCIA": 0, "TE_TECNOLO": 0, "TOT_EST_CA": 2, "TMATRIC_GE": 971, "Zona": 1 }, "geometry": { "type": "Point", "coordinates": [ -8256144.132400000467896, 513862.141800001263618 ] } },
{ "type": "Feature", "properties": { "NOMBRE_EST": "COLEGIO ALFONSO LOPEZ PUMAREJO (IED)", "NOMBRE_SED": "ALFONSO LOPEZ PUMAREJO", "ORDEN_DE_S": "A", "DIRECCION": "KR 72 G # 39 - 57 SUR", "DISCAPACID": "AUDITIVA-FISICA-INTELECTUAL-MULTIPLE", "TALENTOS_O": "CAPACIDADES EXCEPCIONALES-TALENTO EXCEPCIONAL EN ACTIVIDAD FISICA, EJERCICIO Y DEPORTE", "GRUPOS_ETN": "AFRODESCENDIENTES-INDIGENAS-NEGRITUDES", "SECTOR": 2, "NATU_JUR": 9, "CALENDARIO": 1, "GENERO": 5, "COD_LOCA": "08", "ESPECIALID": 20, "CLASE_TIPO": 1, "BILINGUE": 5, "FECHA": "2024-04-30", "DANE12_EST": "111001086649", "DANE12_SED": "111001086649", "DA_HIPOACU": 4, "DA_SORDERA": 0, "DA_LENGUAS": 0, "DA_UCASTEL": 0, "DISCAP_FIS": 1, "DISCAP_FLE": 0, "DISCAP_PCE": 0, "DI_DCOGNIT": 4, "DI_SDOWN": 0, "DIS_MULTIP": 2, "DIS_PSICOS": 0, "DV_BAJAVIS": 0, "DIS_CEGUER": 0, "T_ESPECTRO": 0, "T_VOZ_Y_HA": 0, "SISTEMICA": 0, "SORDOCEGUE": 0, "OTRA": 0, "TOT_EST_MA": 11, "AFRODESCEN": 10, "INDIGENAS": 6, "NEGRITUDES": 2, "PALENQUERO": 0, "RAIZALES": 0, "ROM": 0, "TOT_EST_ET": 18, "CAPACID_EX": 0, "DOBLE_EXCE": 0, "TE_ACTFISI": 0, "TE_ARTES": 0, "TE_CNATUR": 0, "TE_CSOCIAL": 0, "TE_LDSOCIA": 0, "TE_TECNOLO": 0, "TOT_EST_CA": 0, "TMATRIC_GE": 1402, "Zona": 1 }, "geometry": { "type": "Point", "coordinates": [ -8253632.636600000783801, 513487.495200000703335 ] } },
{ "type": "Feature", "properties": { "NOMBRE_EST": "COLEGIO ALFONSO LOPEZ PUMAREJO (IED)", "NOMBRE_SED": "AGOBERTO MEJIA CIFUENTES", "ORDEN_DE_S": "B", "DIRECCION": "KR 68 I # 39 C - 14 SUR", "DISCAPACID": "INTELECTUAL-VISUAL", "TALENTOS_O": "CAPACIDADES EXCEPCIONALES", "GRUPOS_ETN": "AFRODESCENDIENTES", "SECTOR": 2, "NATU_JUR": 9, "CALENDARIO": 1, "GENERO": 5, "COD_LOCA": "08", "ESPECIALID": 13, "CLASE_TIPO": 1, "BILINGUE": 5, "FECHA": "2024-04-30", "DANE12_EST": "111001086649", "DANE12_SED": "111001014681", "DA_HIPOACU": 0, "DA_SORDERA": 0, "DA_LENGUAS": 0, "DA_UCASTEL": 0, "DISCAP_FIS": 2, "DISCAP_FLE": 0, "DISCAP_PCE": 0, "DI_DCOGNIT": 3, "DI_SDOWN": 0, "DIS_MULTIP": 0, "DIS_PSICOS": 0, "DV_BAJAVIS": 1, "DIS_CEGUER": 0, "T_ESPECTRO": 0, "T_VOZ_Y_HA": 0, "SISTEMICA": 0, "SORDOCEGUE": 0, "OTRA": 0, "TOT_EST_MA": 7, "AFRODESCEN": 1, "INDIGENAS": 0, "NEGRITUDES": 0, "PALENQUERO": 0, "RAIZALES": 0, "ROM": 0, "TOT_EST_ET": 1, "CAPACID_EX": 0, "DOBLE_EXCE": 0, "TE_ACTFISI": 0, "TE_ARTES": 0, "TE_CNATUR": 0, "TE_CSOCIAL": 0, "TE_LDSOCIA": 0, "TE_TECNOLO": 0, "TOT_EST_CA": 0, "TMATRIC_GE": 446, "Zona": 1 }, "geometry": { "type": "Point", "coordinates": [ -8253335.501499999314547, 513014.518500000238419 ] } },
{ "type": "Feature", "properties": { "NOMBRE_EST": "COLEGIO INSTITUTO TECNICO RODRIGO DE TRIANA (IED)", "NOMBRE_SED": "RODRIGO DE TRIANA", "ORDEN_DE_S": "A", "DIRECCION": "CL 38 SUR # 89 - 81", "DISCAPACID": "FISICA-INTELECTUAL-MENTAL/PSICOSOCIAL-MULTIPLE-VISUAL", "TALENTOS_O": "CAPACIDADES EXCEPCIONALES-TALENTO EXCEPCIONAL EN ACTIVIDAD FISICA, EJERCICIO Y DEPORTE", "GRUPOS_ETN": "AFRODESCENDIENTES-INDIGENAS-NEGRITUDES", "SECTOR": 2, "NATU_JUR": 9, "CALENDARIO": 1, "GENERO": 5, "COD_LOCA": "08", "ESPECIALID": 20, "CLASE_TIPO": 1, "BILINGUE": 5, "FECHA": "2024-04-30", "DANE12_EST": "111001086771", "DANE12_SED": "111001086771", "DA_HIPOACU": 0, "DA_SORDERA": 0, "DA_LENGUAS": 0, "DA_UCASTEL": 0, "DISCAP_FIS": 1, "DISCAP_FLE": 0, "DISCAP_PCE": 0, "DI_DCOGNIT": 16, "DI_SDOWN": 0, "DIS_MULTIP": 3, "DIS_PSICOS": 4, "DV_BAJAVIS": 0, "DIS_CEGUER": 0, "T_ESPECTRO": 0, "T_VOZ_Y_HA": 0, "SISTEMICA": 0, "SORDOCEGUE": 1, "OTRA": 0, "TOT_EST_MA": 25, "AFRODESCEN": 9, "INDIGENAS": 4, "NEGRITUDES": 5, "PALENQUERO": 0, "RAIZALES": 0, "ROM": 0, "TOT_EST_ET": 18, "CAPACID_EX": 4, "DOBLE_EXCE": 0, "TE_ACTFISI": 2, "TE_ARTES": 2, "TE_CNATUR": 0, "TE_CSOCIAL": 0, "TE_LDSOCIA": 0, "TE_TECNOLO": 0, "TOT_EST_CA": 4, "TMATRIC_GE": 1509, "Zona": 1 }, "geometry": { "type": "Point", "coordinates": [ -8256285.217599999159575, 517119.044300001114607 ] } },
{ "type": "Feature", "properties": { "NOMBRE_EST": "COLEGIO INSTITUTO TECNICO RODRIGO DE TRIANA (IED)", "NOMBRE_SED": "LAS PALMERAS", "ORDEN_DE_S": "B", "DIRECCION": "KR 90 A # 39 - 12 SUR", "DISCAPACID": "INTELECTUAL-MULTIPLE", "TALENTOS_O": "TALENTO EXCEPCIONAL EN ACTIVIDAD FISICA, EJERCICIO Y DEPORTE-TALENTO EXCEPCIONAL EN ARTES Y LETRAS-TALENTO EXCEPCIONAL EN CIENCIAS SOCIALES O HUMANAS-TALENTO EXCEPCIONAL EN LIDERAZGO SOCIAL Y EMPRENDIMIENTO", "GRUPOS_ETN": "AFRODESCENDIENTES-INDIGENAS", "SECTOR": 2, "NATU_JUR": 9, "CALENDARIO": 1, "GENERO": 5, "COD_LOCA": "08", "ESPECIALID": 13, "CLASE_TIPO": 1, "BILINGUE": 5, "FECHA": "2024-04-30", "DANE12_EST": "111001086771", "DANE12_SED": "111001086860", "DA_HIPOACU": 0, "DA_SORDERA": 0, "DA_LENGUAS": 0, "DA_UCASTEL": 0, "DISCAP_FIS": 4, "DISCAP_FLE": 0, "DISCAP_PCE": 0, "DI_DCOGNIT": 3, "DI_SDOWN": 0, "DIS_MULTIP": 3, "DIS_PSICOS": 0, "DV_BAJAVIS": 0, "DIS_CEGUER": 0, "T_ESPECTRO": 0, "T_VOZ_Y_HA": 0, "SISTEMICA": 0, "SORDOCEGUE": 0, "OTRA": 0, "TOT_EST_MA": 11, "AFRODESCEN": 4, "INDIGENAS": 3, "NEGRITUDES": 2, "PALENQUERO": 0, "RAIZALES": 0, "ROM": 0, "TOT_EST_ET": 9, "CAPACID_EX": 1, "DOBLE_EXCE": 0, "TE_ACTFISI": 1, "TE_ARTES": 0, "TE_CNATUR": 0, "TE_CSOCIAL": 0, "TE_LDSOCIA": 0, "TE_TECNOLO": 0, "TOT_EST_CA": 1, "TMATRIC_GE": 905, "Zona": 1 }, "geometry": { "type": "Point", "coordinates": [ -8256519.9781, 517168.857200000435114 ] } },
{ "type": "Feature", "properties": { "NOMBRE_EST": "COLEGIO INSTITUTO TECNICO RODRIGO DE TRIANA (IED)", "NOMBRE_SED": "CAMPO HERMOSO", "ORDEN_DE_S": "C", "DIRECCION": "CL 35 B SUR # 88 D - 15", "DISCAPACID": "MULTIPLE-SORDOCEGUERA-VISUAL", "TALENTOS_O": "CAPACIDADES EXCEPCIONALES-TALENTO EXCEPCIONAL EN ACTIVIDAD FISICA, EJERCICIO Y DEPORTE", "GRUPOS_ETN": "INDIGENAS", "SECTOR": 2, "NATU_JUR": 9, "CALENDARIO": 1, "GENERO": 5, "COD_LOCA": "08", "ESPECIALID": 13, "CLASE_TIPO": 1, "BILINGUE": 5, "FECHA": "2024-04-30", "DANE12_EST": "111001086771", "DANE12_SED": "111001034215", "DA_HIPOACU": 0, "DA_SORDERA": 0, "DA_LENGUAS": 0, "DA_UCASTEL": 0, "DISCAP_FIS": 0, "DISCAP_FLE": 0, "DISCAP_PCE": 0, "DI_DCOGNIT": 2, "DI_SDOWN": 0, "DIS_MULTIP": 1, "DIS_PSICOS": 0, "DV_BAJAVIS": 1, "DIS_CEGUER": 0, "T_ESPECTRO": 0, "T_VOZ_Y_HA": 0, "SISTEMICA": 0, "SORDOCEGUE": 0, "OTRA": 0, "TOT_EST_MA": 4, "AFRODESCEN": 0, "INDIGENAS": 3, "NEGRITUDES": 0, "PALENQUERO": 0, "RAIZALES": 0, "ROM": 0, "TOT_EST_ET": 3, "CAPACID_EX": 0, "DOBLE_EXCE": 0, "TE_ACTFISI": 0, "TE_ARTES": 0, "TE_CNATUR": 0, "TE_CSOCIAL": 0, "TE_LDSOCIA": 0, "TE_TECNOLO": 0, "TOT_EST_CA": 0, "TMATRIC_GE": 467, "Zona": 1 }, "geometry": { "type": "Point", "coordinates": [ -8256050.938999999314547, 517084.433600001037121 ] } },
{ "type": "Feature", "properties": { "NOMBRE_EST": "COLEGIO BELLAVISTA (IED)", "NOMBRE_SED": "COLEGIO BELLAVISTA (IED) - SEDE PRINCIPAL", "ORDEN_DE_S": "A", "DIRECCION": "CL 40 SUR # 94 C - 50", "DISCAPACID": "FISICA-INTELECTUAL-MENTAL/PSICOSOCIAL", "TALENTOS_O": "TALENTO EXCEPCIONAL EN ACTIVIDAD FISICA, EJERCICIO Y DEPORTE-TALENTO EXCEPCIONAL EN LIDERAZGO SOCIAL Y EMPRENDIMIENTO", "GRUPOS_ETN": "AFRODESCENDIENTES-INDIGENAS-NEGRITUDES", "SECTOR": 2, "NATU_JUR": 9, "CALENDARIO": 1, "GENERO": 5, "COD_LOCA": "08", "ESPECIALID": 1, "CLASE_TIPO": 2, "BILINGUE": 5, "FECHA": "2024-04-30", "DANE12_EST": "111001098892", "DANE12_SED": "111001098892", "DA_HIPOACU": 0, "DA_SORDERA": 0, "DA_LENGUAS": 0, "DA_UCASTEL": 0, "DISCAP_FIS": 2, "DISCAP_FLE": 0, "DISCAP_PCE": 0, "DI_DCOGNIT": 11, "DI_SDOWN": 0, "DIS_MULTIP": 1, "DIS_PSICOS": 1, "DV_BAJAVIS": 0, "DIS_CEGUER": 0, "T_ESPECTRO": 0, "T_VOZ_Y_HA": 0, "SISTEMICA": 0, "SORDOCEGUE": 1, "OTRA": 0, "TOT_EST_MA": 17, "AFRODESCEN": 18, "INDIGENAS": 7, "NEGRITUDES": 2, "PALENQUERO": 0, "RAIZALES": 0, "ROM": 0, "TOT_EST_ET": 27, "CAPACID_EX": 1, "DOBLE_EXCE": 0, "TE_ACTFISI": 1, "TE_ARTES": 0, "TE_CNATUR": 0, "TE_CSOCIAL": 0, "TE_LDSOCIA": 0, "TE_TECNOLO": 0, "TOT_EST_CA": 1, "TMATRIC_GE": 1210, "Zona": 1 }, "geometry": { "type": "Point", "coordinates": [ -8256922.639699999243021, 517686.192800000309944 ] } },
{ "type": "Feature", "properties": { "NOMBRE_EST": "COLEGIO EDUARDO UMAÑA LUNA (IED)", "NOMBRE_SED": "EDUARDO UMAÑA LUNA", "ORDEN_DE_S": "A", "DIRECCION": "KR 93 A # 42 A - 37 SUR", "DISCAPACID": "INTELECTUAL-MENTAL/PSICOSOCIAL-MULTIPLE-VISUAL", "TALENTOS_O": "CAPACIDADES EXCEPCIONALES-TALENTO EXCEPCIONAL EN ACTIVIDAD FISICA, EJERCICIO Y DEPORTE-TALENTO EXCEPCIONAL EN ARTES Y LETRAS-TALENTO EXCEPCIONAL EN TECNOLOGIA", "GRUPOS_ETN": "AFRODESCENDIENTES-INDIGENAS-NEGRITUDES", "SECTOR": 2, "NATU_JUR": 9, "CALENDARIO": 1, "GENERO": 5, "COD_LOCA": "08", "ESPECIALID": 1, "CLASE_TIPO": 1, "BILINGUE": 5, "FECHA": "2024-04-30", "DANE12_EST": "111001098906", "DANE12_SED": "111001098906", "DA_HIPOACU": 0, "DA_SORDERA": 0, "DA_LENGUAS": 0, "DA_UCASTEL": 0, "DISCAP_FIS": 0, "DISCAP_FLE": 0, "DISCAP_PCE": 0, "DI_DCOGNIT": 8, "DI_SDOWN": 0, "DIS_MULTIP": 5, "DIS_PSICOS": 2, "DV_BAJAVIS": 1, "DIS_CEGUER": 0, "T_ESPECTRO": 0, "T_VOZ_Y_HA": 0, "SISTEMICA": 0, "SORDOCEGUE": 0, "OTRA": 0, "TOT_EST_MA": 16, "AFRODESCEN": 12, "INDIGENAS": 11, "NEGRITUDES": 4, "PALENQUERO": 0, "RAIZALES": 0, "ROM": 0, "TOT_EST_ET": 27, "CAPACID_EX": 3, "DOBLE_EXCE": 1, "TE_ACTFISI": 1, "TE_ARTES": 0, "TE_CNATUR": 1, "TE_CSOCIAL": 0, "TE_LDSOCIA": 0, "TE_TECNOLO": 0, "TOT_EST_CA": 3, "TMATRIC_GE": 1737, "Zona": 1 }, "geometry": { "type": "Point", "coordinates": [ -8257108.166999999433756, 517272.946400001645088 ] } },
{ "type": "Feature", "properties": { "NOMBRE_EST": "COLEGIO HERNANDO DURAN DUSSAN (IED)", "NOMBRE_SED": "HERNANDO DURAN DUSSAN", "ORDEN_DE_S": "A", "DIRECCION": "CL 42 F SUR # 88 A - 25", "DISCAPACID": "AUDITIVA-FISICA-INTELECTUAL-MENTAL/PSICOSOCIAL-MULTIPLE-VISUAL", "TALENTOS_O": "TALENTO EXCEPCIONAL EN ACTIVIDAD FISICA, EJERCICIO Y DEPORTE-TALENTO EXCEPCIONAL EN ARTES Y LETRAS-TALENTO EXCEPCIONAL EN TECNOLOGIA", "GRUPOS_ETN": "AFRODESCENDIENTES-INDIGENAS-NEGRITUDES", "SECTOR": 2, "NATU_JUR": 9, "CALENDARIO": 1, "GENERO": 5, "COD_LOCA": "08", "ESPECIALID": 1, "CLASE_TIPO": 1, "BILINGUE": 5, "FECHA": "2024-04-30", "DANE12_EST": "111001100048", "DANE12_SED": "111001100048", "DA_HIPOACU": 0, "DA_SORDERA": 0, "DA_LENGUAS": 0, "DA_UCASTEL": 0, "DISCAP_FIS": 6, "DISCAP_FLE": 0, "DISCAP_PCE": 0, "DI_DCOGNIT": 33, "DI_SDOWN": 0, "DIS_MULTIP": 14, "DIS_PSICOS": 6, "DV_BAJAVIS": 1, "DIS_CEGUER": 0, "T_ESPECTRO": 0, "T_VOZ_Y_HA": 0, "SISTEMICA": 0, "SORDOCEGUE": 0, "OTRA": 0, "TOT_EST_MA": 61, "AFRODESCEN": 8, "INDIGENAS": 7, "NEGRITUDES": 11, "PALENQUERO": 0, "RAIZALES": 0, "ROM": 0, "TOT_EST_ET": 26, "CAPACID_EX": 0, "DOBLE_EXCE": 0, "TE_ACTFISI": 0, "TE_ARTES": 0, "TE_CNATUR": 0, "TE_CSOCIAL": 0, "TE_LDSOCIA": 0, "TE_TECNOLO": 0, "TOT_EST_CA": 0, "TMATRIC_GE": 2343, "Zona": 1 }, "geometry": { "type": "Point", "coordinates": [ -8256820.206800000742078, 516512.57319999858737 ] } },
{ "type": "Feature", "properties": { "NOMBRE_EST": "COLEGIO JAIME HERNANDO GARZON FORERO (IED)", "NOMBRE_SED": "COLEGIO JAIME HERNANDO GARZON FORERO (IED) - SEDE PRINCIPAL", "ORDEN_DE_S": "A", "DIRECCION": "TV 93 A # 49 - 45 SUR", "DISCAPACID": "AUDITIVA-FISICA-INTELECTUAL-MENTAL/PSICOSOCIAL-MULTIPLE", "TALENTOS_O": "TALENTO EXCEPCIONAL EN ACTIVIDAD FISICA, EJERCICIO Y DEPORTE-TALENTO EXCEPCIONAL EN ARTES Y LETRAS-TALENTO EXCEPCIONAL EN LIDERAZGO SOCIAL Y EMPRENDIMIENTO", "GRUPOS_ETN": "AFRODESCENDIENTES-INDIGENAS-NEGRITUDES", "SECTOR": 2, "NATU_JUR": 9, "CALENDARIO": 1, "GENERO": 5, "COD_LOCA": "07", "ESPECIALID": 1, "CLASE_TIPO": 2, "BILINGUE": 5, "FECHA": "2024-04-30", "DANE12_EST": "111001100056", "DANE12_SED": "111001100056", "DA_HIPOACU": 2, "DA_SORDERA": 0, "DA_LENGUAS": 0, "DA_UCASTEL": 0, "DISCAP_FIS": 6, "DISCAP_FLE": 0, "DISCAP_PCE": 0, "DI_DCOGNIT": 7, "DI_SDOWN": 0, "DIS_MULTIP": 5, "DIS_PSICOS": 0, "DV_BAJAVIS": 1, "DIS_CEGUER": 0, "T_ESPECTRO": 0, "T_VOZ_Y_HA": 0, "SISTEMICA": 0, "SORDOCEGUE": 0, "OTRA": 0, "TOT_EST_MA": 21, "AFRODESCEN": 7, "INDIGENAS": 3, "NEGRITUDES": 3, "PALENQUERO": 0, "RAIZALES": 0, "ROM": 0, "TOT_EST_ET": 13, "CAPACID_EX": 1, "DOBLE_EXCE": 0, "TE_ACTFISI": 1, "TE_ARTES": 0, "TE_CNATUR": 0, "TE_CSOCIAL": 0, "TE_LDSOCIA": 0, "TE_TECNOLO": 0, "TOT_EST_CA": 1, "TMATRIC_GE": 1355, "Zona": 1 }, "geometry": { "type": "Point", "coordinates": [ -8257939.911699999123812, 516867.898400001227856 ] } },
{ "type": "Feature", "properties": { "NOMBRE_EST": "COLEGIO GABRIEL BETANCOURT MEJIA (IED)", "NOMBRE_SED": "GABRIEL BETANCOURT MEJIA", "ORDEN_DE_S": "A", "DIRECCION": "KR 87 A # 6 A - 23", "DISCAPACID": "AUDITIVA-FISICA-INTELECTUAL-MENTAL/PSICOSOCIAL-MULTIPLE-SORDOCEGUERA-VISUAL", "TALENTOS_O": "CAPACIDADES EXCEPCIONALES-TALENTO EXCEPCIONAL EN ACTIVIDAD FISICA, EJERCICIO Y DEPORTE-TALENTO EXCEPCIONAL EN ARTES Y LETRAS-TALENTO EXCEPCIONAL EN CIENCIAS NATURALES O BASICAS-TALENTO EXCEPCIONAL EN CIENCIAS SOCIALES O HUMANAS-TALENTO EXCEPCIONAL EN LID", "GRUPOS_ETN": "AFRODESCENDIENTES-INDIGENAS-NEGRITUDES", "SECTOR": 2, "NATU_JUR": 9, "CALENDARIO": 1, "GENERO": 5, "COD_LOCA": "08", "ESPECIALID": 1, "CLASE_TIPO": 1, "BILINGUE": 5, "FECHA": "2024-04-30", "DANE12_EST": "111001104281", "DANE12_SED": "111001104281", "DA_HIPOACU": 5, "DA_SORDERA": 0, "DA_LENGUAS": 0, "DA_UCASTEL": 0, "DISCAP_FIS": 10, "DISCAP_FLE": 0, "DISCAP_PCE": 0, "DI_DCOGNIT": 27, "DI_SDOWN": 0, "DIS_MULTIP": 20, "DIS_PSICOS": 7, "DV_BAJAVIS": 2, "DIS_CEGUER": 0, "T_ESPECTRO": 0, "T_VOZ_Y_HA": 0, "SISTEMICA": 0, "SORDOCEGUE": 0, "OTRA": 0, "TOT_EST_MA": 71, "AFRODESCEN": 9, "INDIGENAS": 14, "NEGRITUDES": 2, "PALENQUERO": 0, "RAIZALES": 2, "ROM": 0, "TOT_EST_ET": 27, "CAPACID_EX": 3, "DOBLE_EXCE": 0, "TE_ACTFISI": 2, "TE_ARTES": 1, "TE_CNATUR": 0, "TE_CSOCIAL": 0, "TE_LDSOCIA": 0, "TE_TECNOLO": 0, "TOT_EST_CA": 3, "TMATRIC_GE": 2614, "Zona": 1 }, "geometry": { "type": "Point", "coordinates": [ -8254983.79590000025928, 517630.125999998301268 ] } },
{ "type": "Feature", "properties": { "NOMBRE_EST": "COLEGIO CODEMA (IED)", "NOMBRE_SED": "CODEMA", "ORDEN_DE_S": "A", "DIRECCION": "CL 2 # 93 - 28", "DISCAPACID": "AUDITIVA-FISICA-INTELECTUAL-MENTAL/PSICOSOCIAL-MULTIPLE-SORDOCEGUERA", "TALENTOS_O": "CAPACIDADES EXCEPCIONALES-TALENTO EXCEPCIONAL EN ACTIVIDAD FISICA, EJERCICIO Y DEPORTE-TALENTO EXCEPCIONAL EN ARTES Y LETRAS-TALENTO EXCEPCIONAL EN CIENCIAS SOCIALES O HUMANAS-TALENTO EXCEPCIONAL EN LIDERAZGO SOCIAL Y EMPRENDIMIENTO-TALENTO EXCEPCIONAL E", "GRUPOS_ETN": "AFRODESCENDIENTES-INDIGENAS-NEGRITUDES", "SECTOR": 2, "NATU_JUR": 9, "CALENDARIO": 1, "GENERO": 5, "COD_LOCA": "08", "ESPECIALID": 1, "CLASE_TIPO": 1, "BILINGUE": 5, "FECHA": "2024-04-30", "DANE12_EST": "111001104558", "DANE12_SED": "111001104558", "DA_HIPOACU": 0, "DA_SORDERA": 0, "DA_LENGUAS": 0, "DA_UCASTEL": 0, "DISCAP_FIS": 7, "DISCAP_FLE": 0, "DISCAP_PCE": 0, "DI_DCOGNIT": 24, "DI_SDOWN": 0, "DIS_MULTIP": 12, "DIS_PSICOS": 28, "DV_BAJAVIS": 1, "DIS_CEGUER": 0, "T_ESPECTRO": 0, "T_VOZ_Y_HA": 0, "SISTEMICA": 0, "SORDOCEGUE": 1, "OTRA": 0, "TOT_EST_MA": 74, "AFRODESCEN": 19, "INDIGENAS": 9, "NEGRITUDES": 17, "PALENQUERO": 0, "RAIZALES": 0, "ROM": 0, "TOT_EST_ET": 45, "CAPACID_EX": 1, "DOBLE_EXCE": 0, "TE_ACTFISI": 0, "TE_ARTES": 1, "TE_CNATUR": 0, "TE_CSOCIAL": 0, "TE_LDSOCIA": 0, "TE_TECNOLO": 0, "TOT_EST_CA": 1, "TMATRIC_GE": 2637, "Zona": 1 }, "geometry": { "type": "Point", "coordinates": [ -8256090.0756, 518002.682100001722574 ] } },
{ "type": "Feature", "properties": { "NOMBRE_EST": "COLEGIO GENERAL GUSTAVO ROJAS PINILLA (IED)", "NOMBRE_SED": "GENERAL GUSTAVO ROJAS PINILLA", "ORDEN_DE_S": "A", "DIRECCION": "CL 11 B # 80 B - 61", "DISCAPACID": "AUDITIVA-FISICA-INTELECTUAL-MENTAL/PSICOSOCIAL-MULTIPLE", "TALENTOS_O": "TALENTO EXCEPCIONAL EN ACTIVIDAD FISICA, EJERCICIO Y DEPORTE-TALENTO EXCEPCIONAL EN ARTES Y LETRAS-TALENTO EXCEPCIONAL EN CIENCIAS SOCIALES O HUMANAS-TALENTO EXCEPCIONAL EN LIDERAZGO SOCIAL Y EMPRENDIMIENTO-TALENTO EXCEPCIONAL EN TECNOLOGIA", "GRUPOS_ETN": "AFRODESCENDIENTES-INDIGENAS-NEGRITUDES-RAIZALES", "SECTOR": 2, "NATU_JUR": 9, "CALENDARIO": 1, "GENERO": 5, "COD_LOCA": "08", "ESPECIALID": 1, "CLASE_TIPO": 1, "BILINGUE": 5, "FECHA": "2024-04-30", "DANE12_EST": "111001106984", "DANE12_SED": "111001106984", "DA_HIPOACU": 4, "DA_SORDERA": 0, "DA_LENGUAS": 0, "DA_UCASTEL": 0, "DISCAP_FIS": 9, "DISCAP_FLE": 0, "DISCAP_PCE": 0, "DI_DCOGNIT": 35, "DI_SDOWN": 0, "DIS_MULTIP": 15, "DIS_PSICOS": 3, "DV_BAJAVIS": 0, "DIS_CEGUER": 0, "T_ESPECTRO": 0, "T_VOZ_Y_HA": 0, "SISTEMICA": 0, "SORDOCEGUE": 0, "OTRA": 0, "TOT_EST_MA": 66, "AFRODESCEN": 10, "INDIGENAS": 10, "NEGRITUDES": 3, "PALENQUERO": 0, "RAIZALES": 1, "ROM": 1, "TOT_EST_ET": 25, "CAPACID_EX": 0, "DOBLE_EXCE": 0, "TE_ACTFISI": 0, "TE_ARTES": 0, "TE_CNATUR": 0, "TE_CSOCIAL": 0, "TE_LDSOCIA": 0, "TE_TECNOLO": 0, "TOT_EST_CA": 0, "TMATRIC_GE": 2990, "Zona": 1 }, "geometry": { "type": "Point", "coordinates": [ -8253189.363500000908971, 518048.2347999997437 ] } },
{ "type": "Feature", "properties": { "NOMBRE_EST": "COLEGIO GENERAL GUSTAVO ROJAS PINILLA (IED)", "NOMBRE_SED": "EL TINTAL", "ORDEN_DE_S": "B", "DIRECCION": "KR 81 D # 13 - 65", "DISCAPACID": "AUDITIVA-INTELECTUAL-MULTIPLE", "TALENTOS_O": "TALENTO EXCEPCIONAL EN ACTIVIDAD FISICA, EJERCICIO Y DEPORTE-TALENTO EXCEPCIONAL EN ARTES Y LETRAS", "GRUPOS_ETN": "AFRODESCENDIENTES-INDIGENAS", "SECTOR": 2, "NATU_JUR": 9, "CALENDARIO": 1, "GENERO": 5, "COD_LOCA": "08", "ESPECIALID": 13, "CLASE_TIPO": 1, "BILINGUE": 5, "FECHA": "2024-04-30", "DANE12_EST": "111001106984", "DANE12_SED": "111001034169", "DA_HIPOACU": 0, "DA_SORDERA": 0, "DA_LENGUAS": 0, "DA_UCASTEL": 0, "DISCAP_FIS": 0, "DISCAP_FLE": 0, "DISCAP_PCE": 0, "DI_DCOGNIT": 3, "DI_SDOWN": 0, "DIS_MULTIP": 1, "DIS_PSICOS": 0, "DV_BAJAVIS": 0, "DIS_CEGUER": 0, "T_ESPECTRO": 0, "T_VOZ_Y_HA": 0, "SISTEMICA": 0, "SORDOCEGUE": 0, "OTRA": 0, "TOT_EST_MA": 4, "AFRODESCEN": 1, "INDIGENAS": 2, "NEGRITUDES": 0, "PALENQUERO": 0, "RAIZALES": 0, "ROM": 0, "TOT_EST_ET": 3, "CAPACID_EX": 0, "DOBLE_EXCE": 0, "TE_ACTFISI": 0, "TE_ARTES": 0, "TE_CNATUR": 0, "TE_CSOCIAL": 0, "TE_LDSOCIA": 0, "TE_TECNOLO": 0, "TOT_EST_CA": 0, "TMATRIC_GE": 377, "Zona": 1 }, "geometry": { "type": "Point", "coordinates": [ -8253169.528599999845028, 518494.905499998480082 ] } },
{ "type": "Feature", "properties": { "NOMBRE_EST": "COLEGIO SALUDCOOP SUR (IED)", "NOMBRE_SED": "SALUDCOOP SUR", "ORDEN_DE_S": "A", "DIRECCION": "AK 89 # 26 - 03 SUR", "DISCAPACID": "AUDITIVA-FISICA-INTELECTUAL-MENTAL/PSICOSOCIAL-MULTIPLE-VISUAL", "TALENTOS_O": "CAPACIDADES EXCEPCIONALES-TALENTO EXCEPCIONAL EN ACTIVIDAD FISICA, EJERCICIO Y DEPORTE-TALENTO EXCEPCIONAL EN ARTES Y LETRAS-TALENTO EXCEPCIONAL EN TECNOLOGIA", "GRUPOS_ETN": "AFRODESCENDIENTES-INDIGENAS-NEGRITUDES", "SECTOR": 2, "NATU_JUR": 9, "CALENDARIO": 1, "GENERO": 5, "COD_LOCA": "08", "ESPECIALID": 1, "CLASE_TIPO": 1, "BILINGUE": 5, "FECHA": "2024-04-30", "DANE12_EST": "111001107778", "DANE12_SED": "111001107778", "DA_HIPOACU": 2, "DA_SORDERA": 0, "DA_LENGUAS": 0, "DA_UCASTEL": 0, "DISCAP_FIS": 16, "DISCAP_FLE": 0, "DISCAP_PCE": 0, "DI_DCOGNIT": 53, "DI_SDOWN": 0, "DIS_MULTIP": 18, "DIS_PSICOS": 10, "DV_BAJAVIS": 3, "DIS_CEGUER": 0, "T_ESPECTRO": 0, "T_VOZ_Y_HA": 0, "SISTEMICA": 0, "SORDOCEGUE": 0, "OTRA": 0, "TOT_EST_MA": 102, "AFRODESCEN": 20, "INDIGENAS": 8, "NEGRITUDES": 8, "PALENQUERO": 0, "RAIZALES": 1, "ROM": 1, "TOT_EST_ET": 38, "CAPACID_EX": 2, "DOBLE_EXCE": 0, "TE_ACTFISI": 1, "TE_ARTES": 0, "TE_CNATUR": 0, "TE_CSOCIAL": 0, "TE_LDSOCIA": 0, "TE_TECNOLO": 1, "TOT_EST_CA": 2, "TMATRIC_GE": 2538, "Zona": 1 }, "geometry": { "type": "Point", "coordinates": [ -8255872.3581000007689, 517347.918200001120567 ] } },
{ "type": "Feature", "properties": { "NOMBRE_EST": "COLEGIO NELSON MANDELA (IED)", "NOMBRE_SED": "NELSON MANDELA", "ORDEN_DE_S": "A", "DIRECCION": "KR 90 A # 46 - 50 SUR", "DISCAPACID": "FISICA-INTELECTUAL-MENTAL/PSICOSOCIAL-MULTIPLE-SORDOCEGUERA-VISUAL", "TALENTOS_O": "TALENTO EXCEPCIONAL EN ACTIVIDAD FISICA, EJERCICIO Y DEPORTE-TALENTO EXCEPCIONAL EN ARTES Y LETRAS-TALENTO EXCEPCIONAL EN CIENCIAS SOCIALES O HUMANAS-TALENTO EXCEPCIONAL EN TECNOLOGIA", "GRUPOS_ETN": "AFRODESCENDIENTES-INDIGENAS-NEGRITUDES-RAIZALES", "SECTOR": 2, "NATU_JUR": 9, "CALENDARIO": 1, "GENERO": 5, "COD_LOCA": "08", "ESPECIALID": 1, "CLASE_TIPO": 1, "BILINGUE": 5, "FECHA": "2024-04-30", "DANE12_EST": "111001110477", "DANE12_SED": "111001110477", "DA_HIPOACU": 0, "DA_SORDERA": 0, "DA_LENGUAS": 0, "DA_UCASTEL": 0, "DISCAP_FIS": 2, "DISCAP_FLE": 0, "DISCAP_PCE": 0, "DI_DCOGNIT": 8, "DI_SDOWN": 0, "DIS_MULTIP": 4, "DIS_PSICOS": 3, "DV_BAJAVIS": 0, "DIS_CEGUER": 0, "T_ESPECTRO": 0, "T_VOZ_Y_HA": 0, "SISTEMICA": 0, "SORDOCEGUE": 0, "OTRA": 0, "TOT_EST_MA": 18, "AFRODESCEN": 5, "INDIGENAS": 6, "NEGRITUDES": 9, "PALENQUERO": 0, "RAIZALES": 1, "ROM": 0, "TOT_EST_ET": 21, "CAPACID_EX": 0, "DOBLE_EXCE": 0, "TE_ACTFISI": 0, "TE_ARTES": 0, "TE_CNATUR": 0, "TE_CSOCIAL": 0, "TE_LDSOCIA": 0, "TE_TECNOLO": 0, "TOT_EST_CA": 0, "TMATRIC_GE": 1825, "Zona": 1 }, "geometry": { "type": "Point", "coordinates": [ -8257448.468399999663234, 516652.069600000977516 ] } },
{ "type": "Feature", "properties": { "NOMBRE_EST": "COLEGIO LAS MARGARITAS (IED)", "NOMBRE_SED": "COLEGIO LAS MARGARITAS (IED) - SEDE PRINCIPAL", "ORDEN_DE_S": "A", "DIRECCION": "KR 88 C # 43 - 53 SUR", "DISCAPACID": "AUDITIVA-FISICA-INTELECTUAL-MULTIPLE", "TALENTOS_O": null, "GRUPOS_ETN": "AFRODESCENDIENTES-INDIGENAS-NEGRITUDES", "SECTOR": 2, "NATU_JUR": 9, "CALENDARIO": 1, "GENERO": 5, "COD_LOCA": "08", "ESPECIALID": 1, "CLASE_TIPO": 2, "BILINGUE": 5, "FECHA": "2024-04-30", "DANE12_EST": "111001800431", "DANE12_SED": "111001800431", "DA_HIPOACU": 2, "DA_SORDERA": 0, "DA_LENGUAS": 0, "DA_UCASTEL": 0, "DISCAP_FIS": 3, "DISCAP_FLE": 0, "DISCAP_PCE": 0, "DI_DCOGNIT": 5, "DI_SDOWN": 0, "DIS_MULTIP": 0, "DIS_PSICOS": 0, "DV_BAJAVIS": 0, "DIS_CEGUER": 0, "T_ESPECTRO": 0, "T_VOZ_Y_HA": 0, "SISTEMICA": 0, "SORDOCEGUE": 0, "OTRA": 0, "TOT_EST_MA": 10, "AFRODESCEN": 3, "INDIGENAS": 2, "NEGRITUDES": 1, "PALENQUERO": 0, "RAIZALES": 0, "ROM": 1, "TOT_EST_ET": 7, "CAPACID_EX": 0, "DOBLE_EXCE": 0, "TE_ACTFISI": 0, "TE_ARTES": 0, "TE_CNATUR": 0, "TE_CSOCIAL": 0, "TE_LDSOCIA": 0, "TE_TECNOLO": 0, "TOT_EST_CA": 0, "TMATRIC_GE": 521, "Zona": 1 }, "geometry": { "type": "Point", "coordinates": [ -8257075.487999999895692, 516381.429200001060963 ] } },
{ "type": "Feature", "properties": { "NOMBRE_EST": "COLEGIO EMMA REYES (IED)", "NOMBRE_SED": "COLEGIO EMMA REYES (IED) - SEDE PRINCIPAL", "ORDEN_DE_S": "A", "DIRECCION": "TV 78 C # 6 D - 49", "DISCAPACID": "INTELECTUAL-MULTIPLE", "TALENTOS_O": "CAPACIDADES EXCEPCIONALES-TALENTO EXCEPCIONAL EN ACTIVIDAD FISICA, EJERCICIO Y DEPORTE-TALENTO EXCEPCIONAL EN ARTES Y LETRAS", "GRUPOS_ETN": "AFRODESCENDIENTES-INDIGENAS", "SECTOR": 2, "NATU_JUR": 9, "CALENDARIO": 1, "GENERO": 5, "COD_LOCA": "08", "ESPECIALID": 1, "CLASE_TIPO": 2, "BILINGUE": 5, "FECHA": "2024-04-30", "DANE12_EST": "111001800554", "DANE12_SED": "111001800554", "DA_HIPOACU": 0, "DA_SORDERA": 0, "DA_LENGUAS": 0, "DA_UCASTEL": 0, "DISCAP_FIS": 0, "DISCAP_FLE": 0, "DISCAP_PCE": 0, "DI_DCOGNIT": 3, "DI_SDOWN": 0, "DIS_MULTIP": 2, "DIS_PSICOS": 0, "DV_BAJAVIS": 0, "DIS_CEGUER": 0, "T_ESPECTRO": 0, "T_VOZ_Y_HA": 0, "SISTEMICA": 0, "SORDOCEGUE": 0, "OTRA": 0, "TOT_EST_MA": 5, "AFRODESCEN": 2, "INDIGENAS": 1, "NEGRITUDES": 0, "PALENQUERO": 0, "RAIZALES": 0, "ROM": 0, "TOT_EST_ET": 3, "CAPACID_EX": 1, "DOBLE_EXCE": 0, "TE_ACTFISI": 0, "TE_ARTES": 1, "TE_CNATUR": 0, "TE_CSOCIAL": 0, "TE_LDSOCIA": 0, "TE_TECNOLO": 0, "TOT_EST_CA": 1, "TMATRIC_GE": 493, "Zona": 1 }, "geometry": { "type": "Point", "coordinates": [ -8253840.247500000521541, 516451.653599999845028 ] } },
{ "type": "Feature", "properties": { "NOMBRE_EST": "COLEGIO RODRIGO ARENAS BETANCOURT (IED)", "NOMBRE_SED": "RODRIGO ARENAS BETANCOURT", "ORDEN_DE_S": "A", "DIRECCION": "AK 97 # 16 J - 15  --  CL 16 J # 97 - 20", "DISCAPACID": "AUDITIVA-FISICA-INTELECTUAL-MENTAL/PSICOSOCIAL-MULTIPLE", "TALENTOS_O": "TALENTO EXCEPCIONAL EN ACTIVIDAD FISICA, EJERCICIO Y DEPORTE-TALENTO EXCEPCIONAL EN ARTES Y LETRAS-TALENTO EXCEPCIONAL EN CIENCIAS NATURALES O BASICAS-TALENTO EXCEPCIONAL EN TECNOLOGIA", "GRUPOS_ETN": "AFRODESCENDIENTES-INDIGENAS-NEGRITUDES", "SECTOR": 2, "NATU_JUR": 9, "CALENDARIO": 1, "GENERO": 5, "COD_LOCA": "09", "ESPECIALID": 1, "CLASE_TIPO": 1, "BILINGUE": 5, "FECHA": "2024-04-30", "DANE12_EST": "111001014346", "DANE12_SED": "111001014346", "DA_HIPOACU": 3, "DA_SORDERA": 0, "DA_LENGUAS": 0, "DA_UCASTEL": 0, "DISCAP_FIS": 3, "DISCAP_FLE": 0, "DISCAP_PCE": 0, "DI_DCOGNIT": 25, "DI_SDOWN": 0, "DIS_MULTIP": 10, "DIS_PSICOS": 1, "DV_BAJAVIS": 0, "DIS_CEGUER": 0, "T_ESPECTRO": 0, "T_VOZ_Y_HA": 0, "SISTEMICA": 0, "SORDOCEGUE": 0, "OTRA": 0, "TOT_EST_MA": 42, "AFRODESCEN": 7, "INDIGENAS": 7, "NEGRITUDES": 9, "PALENQUERO": 0, "RAIZALES": 1, "ROM": 0, "TOT_EST_ET": 24, "CAPACID_EX": 1, "DOBLE_EXCE": 0, "TE_ACTFISI": 0, "TE_ARTES": 1, "TE_CNATUR": 0, "TE_CSOCIAL": 0, "TE_LDSOCIA": 0, "TE_TECNOLO": 0, "TOT_EST_CA": 1, "TMATRIC_GE": 1997, "Zona": 1 }, "geometry": { "type": "Point", "coordinates": [ -8253726.978800000622869, 520470.258699998259544 ] } },
{ "type": "Feature", "properties": { "NOMBRE_EST": "COLEGIO PABLO NERUDA (IED)", "NOMBRE_SED": "PABLO NERUDA", "ORDEN_DE_S": "A", "DIRECCION": "CL 16 F BIS # 102 - 70", "DISCAPACID": "AUDITIVA-FISICA-INTELECTUAL-MENTAL/PSICOSOCIAL-MULTIPLE", "TALENTOS_O": "TALENTO EXCEPCIONAL EN ACTIVIDAD FISICA, EJERCICIO Y DEPORTE-TALENTO EXCEPCIONAL EN ARTES Y LETRAS-TALENTO EXCEPCIONAL EN CIENCIAS SOCIALES O HUMANAS-TALENTO EXCEPCIONAL EN LIDERAZGO SOCIAL Y EMPRENDIMIENTO", "GRUPOS_ETN": "AFRODESCENDIENTES-INDIGENAS-NEGRITUDES-PALENQUEROS", "SECTOR": 2, "NATU_JUR": 9, "CALENDARIO": 1, "GENERO": 5, "COD_LOCA": "09", "ESPECIALID": 1, "CLASE_TIPO": 1, "BILINGUE": 5, "FECHA": "2024-04-30", "DANE12_EST": "111001102199", "DANE12_SED": "111001102199", "DA_HIPOACU": 3, "DA_SORDERA": 0, "DA_LENGUAS": 0, "DA_UCASTEL": 0, "DISCAP_FIS": 2, "DISCAP_FLE": 0, "DISCAP_PCE": 0, "DI_DCOGNIT": 18, "DI_SDOWN": 0, "DIS_MULTIP": 2, "DIS_PSICOS": 4, "DV_BAJAVIS": 0, "DIS_CEGUER": 0, "T_ESPECTRO": 0, "T_VOZ_Y_HA": 0, "SISTEMICA": 0, "SORDOCEGUE": 0, "OTRA": 0, "TOT_EST_MA": 29, "AFRODESCEN": 3, "INDIGENAS": 3, "NEGRITUDES": 3, "PALENQUERO": 1, "RAIZALES": 0, "ROM": 0, "TOT_EST_ET": 10, "CAPACID_EX": 0, "DOBLE_EXCE": 0, "TE_ACTFISI": 0, "TE_ARTES": 0, "TE_CNATUR": 0, "TE_CSOCIAL": 0, "TE_LDSOCIA": 0, "TE_TECNOLO": 0, "TOT_EST_CA": 0, "TMATRIC_GE": 1319, "Zona": 1 }, "geometry": { "type": "Point", "coordinates": [ -8254270.429400000721216, 520678.515599999576807 ] } },
{ "type": "Feature", "properties": { "NOMBRE_EST": "COLEGIO PABLO NERUDA (IED)", "NOMBRE_SED": "ANTONIO NARIÑO", "ORDEN_DE_S": "B", "DIRECCION": "CL 16 J # 99 - 95", "DISCAPACID": "AUDITIVA-FISICA-INTELECTUAL-MENTAL/PSICOSOCIAL-MULTIPLE", "TALENTOS_O": "TALENTO EXCEPCIONAL EN ACTIVIDAD FISICA, EJERCICIO Y DEPORTE-TALENTO EXCEPCIONAL EN ARTES Y LETRAS-TALENTO EXCEPCIONAL EN LIDERAZGO SOCIAL Y EMPRENDIMIENTO", "GRUPOS_ETN": "AFRODESCENDIENTES-INDIGENAS-RAIZALES", "SECTOR": 2, "NATU_JUR": 9, "CALENDARIO": 1, "GENERO": 5, "COD_LOCA": "09", "ESPECIALID": 1, "CLASE_TIPO": 1, "BILINGUE": 5, "FECHA": "2024-04-30", "DANE12_EST": "111001102199", "DANE12_SED": "111279000214", "DA_HIPOACU": 0, "DA_SORDERA": 0, "DA_LENGUAS": 0, "DA_UCASTEL": 0, "DISCAP_FIS": 0, "DISCAP_FLE": 0, "DISCAP_PCE": 0, "DI_DCOGNIT": 2, "DI_SDOWN": 0, "DIS_MULTIP": 2, "DIS_PSICOS": 1, "DV_BAJAVIS": 0, "DIS_CEGUER": 0, "T_ESPECTRO": 0, "T_VOZ_Y_HA": 0, "SISTEMICA": 0, "SORDOCEGUE": 0, "OTRA": 0, "TOT_EST_MA": 5, "AFRODESCEN": 0, "INDIGENAS": 4, "NEGRITUDES": 0, "PALENQUERO": 0, "RAIZALES": 3, "ROM": 0, "TOT_EST_ET": 7, "CAPACID_EX": 1, "DOBLE_EXCE": 0, "TE_ACTFISI": 1, "TE_ARTES": 0, "TE_CNATUR": 0, "TE_CSOCIAL": 0, "TE_LDSOCIA": 0, "TE_TECNOLO": 0, "TOT_EST_CA": 1, "TMATRIC_GE": 495, "Zona": 1 }, "geometry": { "type": "Point", "coordinates": [ -8253942.386499999091029, 520712.04839999973774 ] } },
{ "type": "Feature", "properties": { "NOMBRE_EST": "COLEGIO CARLO FEDERICI (IED)", "NOMBRE_SED": "CARLO FEDERICI", "ORDEN_DE_S": "A", "DIRECCION": "CL 14 A # 108 - 78", "DISCAPACID": "AUDITIVA-FISICA-INTELECTUAL-MENTAL/PSICOSOCIAL-MULTIPLE-VISUAL", "TALENTOS_O": "CAPACIDADES EXCEPCIONALES-TALENTO EXCEPCIONAL EN ACTIVIDAD FISICA, EJERCICIO Y DEPORTE-TALENTO EXCEPCIONAL EN ARTES Y LETRAS-TALENTO EXCEPCIONAL EN LIDERAZGO SOCIAL Y EMPRENDIMIENTO-TALENTO EXCEPCIONAL EN TECNOLOGIA", "GRUPOS_ETN": "AFRODESCENDIENTES-INDIGENAS-NEGRITUDES", "SECTOR": 2, "NATU_JUR": 9, "CALENDARIO": 1, "GENERO": 5, "COD_LOCA": "09", "ESPECIALID": 1, "CLASE_TIPO": 1, "BILINGUE": 5, "FECHA": "2024-04-30", "DANE12_EST": "111001104272", "DANE12_SED": "111001104272", "DA_HIPOACU": 0, "DA_SORDERA": 0, "DA_LENGUAS": 0, "DA_UCASTEL": 0, "DISCAP_FIS": 9, "DISCAP_FLE": 0, "DISCAP_PCE": 0, "DI_DCOGNIT": 28, "DI_SDOWN": 0, "DIS_MULTIP": 13, "DIS_PSICOS": 5, "DV_BAJAVIS": 1, "DIS_CEGUER": 0, "T_ESPECTRO": 0, "T_VOZ_Y_HA": 0, "SISTEMICA": 0, "SORDOCEGUE": 1, "OTRA": 0, "TOT_EST_MA": 58, "AFRODESCEN": 6, "INDIGENAS": 4, "NEGRITUDES": 0, "PALENQUERO": 0, "RAIZALES": 0, "ROM": 0, "TOT_EST_ET": 10, "CAPACID_EX": 1, "DOBLE_EXCE": 0, "TE_ACTFISI": 1, "TE_ARTES": 0, "TE_CNATUR": 0, "TE_CSOCIAL": 0, "TE_LDSOCIA": 0, "TE_TECNOLO": 0, "TOT_EST_CA": 1, "TMATRIC_GE": 2139, "Zona": 1 }, "geometry": { "type": "Point", "coordinates": [ -8255422.906700000166893, 520632.209399998188019 ] } },
{ "type": "Feature", "properties": { "NOMBRE_EST": "COLEGIO LA FELICIDAD (IED)", "NOMBRE_SED": "LA FELICIDAD", "ORDEN_DE_S": "A", "DIRECCION": "CL 19 # 79 - 37", "DISCAPACID": "FISICA-INTELECTUAL-MENTAL/PSICOSOCIAL-MULTIPLE", "TALENTOS_O": "TALENTO EXCEPCIONAL EN ACTIVIDAD FISICA, EJERCICIO Y DEPORTE-TALENTO EXCEPCIONAL EN CIENCIAS NATURALES O BASICAS", "GRUPOS_ETN": "AFRODESCENDIENTES", "SECTOR": 2, "NATU_JUR": 9, "CALENDARIO": 1, "GENERO": 5, "COD_LOCA": "09", "ESPECIALID": 1, "CLASE_TIPO": 1, "BILINGUE": 5, "FECHA": "2024-04-30", "DANE12_EST": "111001800091", "DANE12_SED": "111001800091", "DA_HIPOACU": 0, "DA_SORDERA": 0, "DA_LENGUAS": 0, "DA_UCASTEL": 0, "DISCAP_FIS": 6, "DISCAP_FLE": 0, "DISCAP_PCE": 0, "DI_DCOGNIT": 9, "DI_SDOWN": 0, "DIS_MULTIP": 17, "DIS_PSICOS": 12, "DV_BAJAVIS": 0, "DIS_CEGUER": 0, "T_ESPECTRO": 0, "T_VOZ_Y_HA": 0, "SISTEMICA": 0, "SORDOCEGUE": 0, "OTRA": 0, "TOT_EST_MA": 44, "AFRODESCEN": 1, "INDIGENAS": 0, "NEGRITUDES": 0, "PALENQUERO": 0, "RAIZALES": 0, "ROM": 0, "TOT_EST_ET": 1, "CAPACID_EX": 0, "DOBLE_EXCE": 0, "TE_ACTFISI": 0, "TE_ARTES": 0, "TE_CNATUR": 0, "TE_CSOCIAL": 0, "TE_LDSOCIA": 0, "TE_TECNOLO": 0, "TOT_EST_CA": 0, "TMATRIC_GE": 1000, "Zona": 1 }, "geometry": { "type": "Point", "coordinates": [ -8252167.127800000831485, 518927.835099998861551 ] } },
{ "type": "Feature", "properties": { "NOMBRE_EST": "COLEGIO ANTONIO VAN UDEN (IED)", "NOMBRE_SED": "ANTONIO VAN UDEN", "ORDEN_DE_S": "A", "DIRECCION": "CL 17 D # 123 B - 26", "DISCAPACID": "AUDITIVA-FISICA-INTELECTUAL-MENTAL/PSICOSOCIAL-MULTIPLE", "TALENTOS_O": "TALENTO EXCEPCIONAL EN ACTIVIDAD FISICA, EJERCICIO Y DEPORTE-TALENTO EXCEPCIONAL EN ARTES Y LETRAS-TALENTO EXCEPCIONAL EN CIENCIAS SOCIALES O HUMANAS", "GRUPOS_ETN": "AFRODESCENDIENTES-INDIGENAS-NEGRITUDES", "SECTOR": 2, "NATU_JUR": 9, "CALENDARIO": 1, "GENERO": 5, "COD_LOCA": "09", "ESPECIALID": 1, "CLASE_TIPO": 1, "BILINGUE": 5, "FECHA": "2024-04-30", "DANE12_EST": "111279000061", "DANE12_SED": "111279000061", "DA_HIPOACU": 0, "DA_SORDERA": 0, "DA_LENGUAS": 0, "DA_UCASTEL": 0, "DISCAP_FIS": 1, "DISCAP_FLE": 0, "DISCAP_PCE": 0, "DI_DCOGNIT": 5, "DI_SDOWN": 0, "DIS_MULTIP": 3, "DIS_PSICOS": 4, "DV_BAJAVIS": 0, "DIS_CEGUER": 0, "T_ESPECTRO": 0, "T_VOZ_Y_HA": 0, "SISTEMICA": 0, "SORDOCEGUE": 1, "OTRA": 0, "TOT_EST_MA": 15, "AFRODESCEN": 18, "INDIGENAS": 27, "NEGRITUDES": 2, "PALENQUERO": 0, "RAIZALES": 0, "ROM": 0, "TOT_EST_ET": 47, "CAPACID_EX": 1, "DOBLE_EXCE": 0, "TE_ACTFISI": 0, "TE_ARTES": 0, "TE_CNATUR": 0, "TE_CSOCIAL": 0, "TE_LDSOCIA": 0, "TE_TECNOLO": 0, "TOT_EST_CA": 1, "TMATRIC_GE": 1288, "Zona": 1 }, "geometry": { "type": "Point", "coordinates": [ -8255302.951099999248981, 522553.590300001204014 ] } },
{ "type": "Feature", "properties": { "NOMBRE_EST": "COLEGIO ANTONIO VAN UDEN (IED)", "NOMBRE_SED": "LA ESTACION", "ORDEN_DE_S": "B", "DIRECCION": "CL 17 F # 128 - 45", "DISCAPACID": "AUDITIVA-FISICA-INTELECTUAL-MULTIPLE", "TALENTOS_O": "TALENTO EXCEPCIONAL EN ACTIVIDAD FISICA, EJERCICIO Y DEPORTE-TALENTO EXCEPCIONAL EN ARTES Y LETRAS-TALENTO EXCEPCIONAL EN LIDERAZGO SOCIAL Y EMPRENDIMIENTO", "GRUPOS_ETN": "AFRODESCENDIENTES-INDIGENAS", "SECTOR": 2, "NATU_JUR": 9, "CALENDARIO": 1, "GENERO": 5, "COD_LOCA": "09", "ESPECIALID": 13, "CLASE_TIPO": 1, "BILINGUE": 5, "FECHA": "2024-04-30", "DANE12_EST": "111279000061", "DANE12_SED": "111279001261", "DA_HIPOACU": 0, "DA_SORDERA": 0, "DA_LENGUAS": 0, "DA_UCASTEL": 0, "DISCAP_FIS": 2, "DISCAP_FLE": 0, "DISCAP_PCE": 0, "DI_DCOGNIT": 1, "DI_SDOWN": 0, "DIS_MULTIP": 2, "DIS_PSICOS": 0, "DV_BAJAVIS": 0, "DIS_CEGUER": 0, "T_ESPECTRO": 0, "T_VOZ_Y_HA": 0, "SISTEMICA": 0, "SORDOCEGUE": 0, "OTRA": 0, "TOT_EST_MA": 6, "AFRODESCEN": 1, "INDIGENAS": 8, "NEGRITUDES": 1, "PALENQUERO": 0, "RAIZALES": 0, "ROM": 0, "TOT_EST_ET": 10, "CAPACID_EX": 1, "DOBLE_EXCE": 0, "TE_ACTFISI": 1, "TE_ARTES": 0, "TE_CNATUR": 0, "TE_CSOCIAL": 0, "TE_LDSOCIA": 0, "TE_TECNOLO": 0, "TOT_EST_CA": 1, "TMATRIC_GE": 512, "Zona": 1 }, "geometry": { "type": "Point", "coordinates": [ -8255613.08500000089407, 522950.228399999439716 ] } },
{ "type": "Feature", "properties": { "NOMBRE_EST": "COLEGIO ANTONIO VAN UDEN (IED)", "NOMBRE_SED": "SAN VICENTE", "ORDEN_DE_S": "C", "DIRECCION": "KR 124 # 17 - 05", "DISCAPACID": "FISICA-INTELECTUAL-MENTAL/PSICOSOCIAL-MULTIPLE", "TALENTOS_O": "TALENTO EXCEPCIONAL EN CIENCIAS SOCIALES O HUMANAS-TALENTO EXCEPCIONAL EN LIDERAZGO SOCIAL Y EMPRENDIMIENTO", "GRUPOS_ETN": "AFRODESCENDIENTES-INDIGENAS-NEGRITUDES", "SECTOR": 2, "NATU_JUR": 9, "CALENDARIO": 1, "GENERO": 5, "COD_LOCA": "09", "ESPECIALID": 13, "CLASE_TIPO": 1, "BILINGUE": 5, "FECHA": "2024-04-30", "DANE12_EST": "111279000061", "DANE12_SED": "111279000079", "DA_HIPOACU": 0, "DA_SORDERA": 0, "DA_LENGUAS": 0, "DA_UCASTEL": 0, "DISCAP_FIS": 0, "DISCAP_FLE": 0, "DISCAP_PCE": 0, "DI_DCOGNIT": 4, "DI_SDOWN": 0, "DIS_MULTIP": 3, "DIS_PSICOS": 0, "DV_BAJAVIS": 0, "DIS_CEGUER": 0, "T_ESPECTRO": 0, "T_VOZ_Y_HA": 0, "SISTEMICA": 0, "SORDOCEGUE": 0, "OTRA": 0, "TOT_EST_MA": 7, "AFRODESCEN": 3, "INDIGENAS": 7, "NEGRITUDES": 0, "PALENQUERO": 0, "RAIZALES": 0, "ROM": 0, "TOT_EST_ET": 10, "CAPACID_EX": 0, "DOBLE_EXCE": 0, "TE_ACTFISI": 0, "TE_ARTES": 0, "TE_CNATUR": 0, "TE_CSOCIAL": 0, "TE_LDSOCIA": 0, "TE_TECNOLO": 0, "TOT_EST_CA": 0, "TMATRIC_GE": 474, "Zona": 1 }, "geometry": { "type": "Point", "coordinates": [ -8255542.595200000330806, 522476.276399999856949 ] } },
{ "type": "Feature", "properties": { "NOMBRE_EST": "COLEGIO VILLEMAR EL CARMEN (IED)", "NOMBRE_SED": "VILLEMAR EL CARMEN", "ORDEN_DE_S": "A", "DIRECCION": "CL 20 D # 96 G - 51", "DISCAPACID": "AUDITIVA-FISICA-INTELECTUAL-MENTAL/PSICOSOCIAL-MULTIPLE", "TALENTOS_O": "TALENTO EXCEPCIONAL EN ACTIVIDAD FISICA, EJERCICIO Y DEPORTE-TALENTO EXCEPCIONAL EN ARTES Y LETRAS-TALENTO EXCEPCIONAL EN CIENCIAS NATURALES O BASICAS-TALENTO EXCEPCIONAL EN CIENCIAS SOCIALES O HUMANAS-TALENTO EXCEPCIONAL EN LIDERAZGO SOCIAL Y EMPRENDIMI", "GRUPOS_ETN": "AFRODESCENDIENTES-INDIGENAS-NEGRITUDES-RAIZALES", "SECTOR": 2, "NATU_JUR": 9, "CALENDARIO": 1, "GENERO": 5, "COD_LOCA": "09", "ESPECIALID": 1, "CLASE_TIPO": 1, "BILINGUE": 5, "FECHA": "2024-04-30", "DANE12_EST": "111279000125", "DANE12_SED": "111279000125", "DA_HIPOACU": 5, "DA_SORDERA": 0, "DA_LENGUAS": 0, "DA_UCASTEL": 0, "DISCAP_FIS": 3, "DISCAP_FLE": 0, "DISCAP_PCE": 0, "DI_DCOGNIT": 84, "DI_SDOWN": 0, "DIS_MULTIP": 35, "DIS_PSICOS": 13, "DV_BAJAVIS": 0, "DIS_CEGUER": 0, "T_ESPECTRO": 0, "T_VOZ_Y_HA": 0, "SISTEMICA": 0, "SORDOCEGUE": 0, "OTRA": 0, "TOT_EST_MA": 140, "AFRODESCEN": 6, "INDIGENAS": 4, "NEGRITUDES": 2, "PALENQUERO": 0, "RAIZALES": 1, "ROM": 0, "TOT_EST_ET": 13, "CAPACID_EX": 0, "DOBLE_EXCE": 0, "TE_ACTFISI": 0, "TE_ARTES": 0, "TE_CNATUR": 0, "TE_CSOCIAL": 0, "TE_LDSOCIA": 0, "TE_TECNOLO": 0, "TOT_EST_CA": 0, "TMATRIC_GE": 1592, "Zona": 1 }, "geometry": { "type": "Point", "coordinates": [ -8253138.619699999690056, 520756.242899999022484 ] } },
{ "type": "Feature", "properties": { "NOMBRE_EST": "COLEGIO VILLEMAR EL CARMEN (IED)", "NOMBRE_SED": "SANTA CECILIA", "ORDEN_DE_S": "B", "DIRECCION": "CL 25 B # 83 - 14", "DISCAPACID": "INTELECTUAL-MENTAL/PSICOSOCIAL-MULTIPLE", "TALENTOS_O": "CAPACIDADES EXCEPCIONALES-TALENTO EXCEPCIONAL EN ACTIVIDAD FISICA, EJERCICIO Y DEPORTE-TALENTO EXCEPCIONAL EN CIENCIAS NATURALES O BASICAS-TALENTO EXCEPCIONAL EN LIDERAZGO SOCIAL Y EMPRENDIMIENTO", "GRUPOS_ETN": "INDIGENAS", "SECTOR": 2, "NATU_JUR": 9, "CALENDARIO": 1, "GENERO": 5, "COD_LOCA": "09", "ESPECIALID": 13, "CLASE_TIPO": 1, "BILINGUE": 5, "FECHA": "2024-04-30", "DANE12_EST": "111279000125", "DANE12_SED": "111279000761", "DA_HIPOACU": 0, "DA_SORDERA": 0, "DA_LENGUAS": 0, "DA_UCASTEL": 0, "DISCAP_FIS": 2, "DISCAP_FLE": 0, "DISCAP_PCE": 0, "DI_DCOGNIT": 6, "DI_SDOWN": 0, "DIS_MULTIP": 11, "DIS_PSICOS": 2, "DV_BAJAVIS": 0, "DIS_CEGUER": 0, "T_ESPECTRO": 0, "T_VOZ_Y_HA": 0, "SISTEMICA": 0, "SORDOCEGUE": 0, "OTRA": 0, "TOT_EST_MA": 21, "AFRODESCEN": 0, "INDIGENAS": 1, "NEGRITUDES": 0, "PALENQUERO": 0, "RAIZALES": 0, "ROM": 0, "TOT_EST_ET": 1, "CAPACID_EX": 0, "DOBLE_EXCE": 0, "TE_ACTFISI": 0, "TE_ARTES": 0, "TE_CNATUR": 0, "TE_CSOCIAL": 0, "TE_LDSOCIA": 0, "TE_TECNOLO": 0, "TOT_EST_CA": 0, "TMATRIC_GE": 530, "Zona": 1 }, "geometry": { "type": "Point", "coordinates": [ -8251083.744200000539422, 520660.053100001066923 ] } },
{ "type": "Feature", "properties": { "NOMBRE_EST": "COLEGIO VILLEMAR EL CARMEN (IED)", "NOMBRE_SED": "GIMNASIO ACADEMICO", "ORDEN_DE_S": "C", "DIRECCION": "KR 97 # 22 G - 15", "DISCAPACID": "AUDITIVA-FISICA-INTELECTUAL-MENTAL/PSICOSOCIAL-MULTIPLE-SORDOCEGUERA", "TALENTOS_O": "CAPACIDADES EXCEPCIONALES-TALENTO EXCEPCIONAL EN ACTIVIDAD FISICA, EJERCICIO Y DEPORTE-TALENTO EXCEPCIONAL EN ARTES Y LETRAS-TALENTO EXCEPCIONAL EN LIDERAZGO SOCIAL Y EMPRENDIMIENTO-TALENTO EXCEPCIONAL EN TECNOLOGIA", "GRUPOS_ETN": "AFRODESCENDIENTES-RAIZALES", "SECTOR": 2, "NATU_JUR": 9, "CALENDARIO": 1, "GENERO": 5, "COD_LOCA": "09", "ESPECIALID": 13, "CLASE_TIPO": 1, "BILINGUE": 5, "FECHA": "2024-04-30", "DANE12_EST": "111279000125", "DANE12_SED": "111001107018", "DA_HIPOACU": 0, "DA_SORDERA": 0, "DA_LENGUAS": 0, "DA_UCASTEL": 0, "DISCAP_FIS": 1, "DISCAP_FLE": 0, "DISCAP_PCE": 0, "DI_DCOGNIT": 15, "DI_SDOWN": 0, "DIS_MULTIP": 17, "DIS_PSICOS": 1, "DV_BAJAVIS": 0, "DIS_CEGUER": 0, "T_ESPECTRO": 0, "T_VOZ_Y_HA": 0, "SISTEMICA": 0, "SORDOCEGUE": 0, "OTRA": 0, "TOT_EST_MA": 35, "AFRODESCEN": 5, "INDIGENAS": 2, "NEGRITUDES": 0, "PALENQUERO": 0, "RAIZALES": 1, "ROM": 0, "TOT_EST_ET": 8, "CAPACID_EX": 0, "DOBLE_EXCE": 0, "TE_ACTFISI": 0, "TE_ARTES": 0, "TE_CNATUR": 0, "TE_CSOCIAL": 0, "TE_LDSOCIA": 0, "TE_TECNOLO": 0, "TOT_EST_CA": 0, "TMATRIC_GE": 947, "Zona": 1 }, "geometry": { "type": "Point", "coordinates": [ -8253039.481899999082088, 521104.6261 ] } },
{ "type": "Feature", "properties": { "NOMBRE_EST": "COLEGIO INSTITUTO TECNICO INTERNACIONAL (IED)", "NOMBRE_SED": "INTERNACIONAL", "ORDEN_DE_S": "A", "DIRECCION": "KR 112 # 23 - 05", "DISCAPACID": "AUDITIVA-FISICA-INTELECTUAL-MENTAL/PSICOSOCIAL-MULTIPLE-VISUAL", "TALENTOS_O": "TALENTO EXCEPCIONAL EN ACTIVIDAD FISICA, EJERCICIO Y DEPORTE-TALENTO EXCEPCIONAL EN ARTES Y LETRAS-TALENTO EXCEPCIONAL EN LIDERAZGO SOCIAL Y EMPRENDIMIENTO-TALENTO EXCEPCIONAL EN TECNOLOGIA", "GRUPOS_ETN": "AFRODESCENDIENTES-INDIGENAS-NEGRITUDES", "SECTOR": 2, "NATU_JUR": 9, "CALENDARIO": 1, "GENERO": 5, "COD_LOCA": "09", "ESPECIALID": 12, "CLASE_TIPO": 1, "BILINGUE": 5, "FECHA": "2024-04-30", "DANE12_EST": "111279000168", "DANE12_SED": "111279000168", "DA_HIPOACU": 6, "DA_SORDERA": 0, "DA_LENGUAS": 0, "DA_UCASTEL": 0, "DISCAP_FIS": 10, "DISCAP_FLE": 0, "DISCAP_PCE": 0, "DI_DCOGNIT": 44, "DI_SDOWN": 0, "DIS_MULTIP": 16, "DIS_PSICOS": 13, "DV_BAJAVIS": 3, "DIS_CEGUER": 0, "T_ESPECTRO": 0, "T_VOZ_Y_HA": 0, "SISTEMICA": 0, "SORDOCEGUE": 0, "OTRA": 0, "TOT_EST_MA": 92, "AFRODESCEN": 13, "INDIGENAS": 20, "NEGRITUDES": 7, "PALENQUERO": 0, "RAIZALES": 0, "ROM": 1, "TOT_EST_ET": 41, "CAPACID_EX": 3, "DOBLE_EXCE": 1, "TE_ACTFISI": 1, "TE_ARTES": 1, "TE_CNATUR": 0, "TE_CSOCIAL": 0, "TE_LDSOCIA": 0, "TE_TECNOLO": 0, "TOT_EST_CA": 3, "TMATRIC_GE": 3082, "Zona": 1 }, "geometry": { "type": "Point", "coordinates": [ -8253808.1173, 522307.828600000590086 ] } },
{ "type": "Feature", "properties": { "NOMBRE_EST": "COLEGIO LUIS ANGEL ARANGO (IED)", "NOMBRE_SED": "LUIS ANGEL ARANGO", "ORDEN_DE_S": "A", "DIRECCION": "CL 23 G # 103 - 60", "DISCAPACID": "INTELECTUAL-MENTAL/PSICOSOCIAL-SORDOCEGUERA-VISUAL", "TALENTOS_O": "CAPACIDADES EXCEPCIONALES-TALENTO EXCEPCIONAL EN ACTIVIDAD FISICA, EJERCICIO Y DEPORTE-TALENTO EXCEPCIONAL EN ARTES Y LETRAS", "GRUPOS_ETN": "AFRODESCENDIENTES-INDIGENAS", "SECTOR": 2, "NATU_JUR": 9, "CALENDARIO": 1, "GENERO": 5, "COD_LOCA": "09", "ESPECIALID": 1, "CLASE_TIPO": 1, "BILINGUE": 5, "FECHA": "2024-04-30", "DANE12_EST": "111279000184", "DANE12_SED": "111279000184", "DA_HIPOACU": 0, "DA_SORDERA": 0, "DA_LENGUAS": 0, "DA_UCASTEL": 0, "DISCAP_FIS": 0, "DISCAP_FLE": 0, "DISCAP_PCE": 0, "DI_DCOGNIT": 5, "DI_SDOWN": 0, "DIS_MULTIP": 4, "DIS_PSICOS": 1, "DV_BAJAVIS": 8, "DIS_CEGUER": 0, "T_ESPECTRO": 0, "T_VOZ_Y_HA": 0, "SISTEMICA": 0, "SORDOCEGUE": 1, "OTRA": 0, "TOT_EST_MA": 19, "AFRODESCEN": 3, "INDIGENAS": 0, "NEGRITUDES": 0, "PALENQUERO": 0, "RAIZALES": 0, "ROM": 0, "TOT_EST_ET": 3, "CAPACID_EX": 0, "DOBLE_EXCE": 0, "TE_ACTFISI": 0, "TE_ARTES": 0, "TE_CNATUR": 0, "TE_CSOCIAL": 0, "TE_LDSOCIA": 0, "TE_TECNOLO": 0, "TOT_EST_CA": 0, "TMATRIC_GE": 766, "Zona": 1 }, "geometry": { "type": "Point", "coordinates": [ -8253008.877900000661612, 521793.144400000572205 ] } },
{ "type": "Feature", "properties": { "NOMBRE_EST": "COLEGIO LUIS ANGEL ARANGO (IED)", "NOMBRE_SED": "LA CABAÑA", "ORDEN_DE_S": "B", "DIRECCION": "KR 104 B BIS # 23 G - 19  --  KR 104 A BIS # 23 G - 19", "DISCAPACID": "INTELECTUAL-MENTAL/PSICOSOCIAL-SORDOCEGUERA", "TALENTOS_O": "TALENTO EXCEPCIONAL EN ACTIVIDAD FISICA, EJERCICIO Y DEPORTE-TALENTO EXCEPCIONAL EN ARTES Y LETRAS", "GRUPOS_ETN": "NEGRITUDES", "SECTOR": 2, "NATU_JUR": 9, "CALENDARIO": 1, "GENERO": 5, "COD_LOCA": "09", "ESPECIALID": 13, "CLASE_TIPO": 1, "BILINGUE": 5, "FECHA": "2024-04-30", "DANE12_EST": "111279000184", "DANE12_SED": "111279000176", "DA_HIPOACU": 0, "DA_SORDERA": 0, "DA_LENGUAS": 0, "DA_UCASTEL": 0, "DISCAP_FIS": 0, "DISCAP_FLE": 0, "DISCAP_PCE": 0, "DI_DCOGNIT": 3, "DI_SDOWN": 0, "DIS_MULTIP": 3, "DIS_PSICOS": 0, "DV_BAJAVIS": 0, "DIS_CEGUER": 0, "T_ESPECTRO": 0, "T_VOZ_Y_HA": 0, "SISTEMICA": 0, "SORDOCEGUE": 0, "OTRA": 0, "TOT_EST_MA": 6, "AFRODESCEN": 1, "INDIGENAS": 1, "NEGRITUDES": 1, "PALENQUERO": 0, "RAIZALES": 0, "ROM": 0, "TOT_EST_ET": 3, "CAPACID_EX": 0, "DOBLE_EXCE": 0, "TE_ACTFISI": 0, "TE_ARTES": 0, "TE_CNATUR": 0, "TE_CSOCIAL": 0, "TE_LDSOCIA": 0, "TE_TECNOLO": 0, "TOT_EST_CA": 0, "TMATRIC_GE": 290, "Zona": 1 }, "geometry": { "type": "Point", "coordinates": [ -8253127.830600000917912, 521982.172200001776218 ] } },
{ "type": "Feature", "properties": { "NOMBRE_EST": "COLEGIO COSTA RICA (IED)", "NOMBRE_SED": "REPUBLICA DE COSTA RICA", "ORDEN_DE_S": "A", "DIRECCION": "KR 101 # 23 - 42", "DISCAPACID": "FISICA-INTELECTUAL-MENTAL/PSICOSOCIAL-MULTIPLE-SORDOCEGUERA", "TALENTOS_O": "TALENTO EXCEPCIONAL EN ACTIVIDAD FISICA, EJERCICIO Y DEPORTE-TALENTO EXCEPCIONAL EN ARTES Y LETRAS-TALENTO EXCEPCIONAL EN CIENCIAS SOCIALES O HUMANAS-TALENTO EXCEPCIONAL EN TECNOLOGIA", "GRUPOS_ETN": "AFRODESCENDIENTES-INDIGENAS-NEGRITUDES", "SECTOR": 2, "NATU_JUR": 9, "CALENDARIO": 1, "GENERO": 5, "COD_LOCA": "09", "ESPECIALID": 1, "CLASE_TIPO": 1, "BILINGUE": 5, "FECHA": "2024-04-30", "DANE12_EST": "111279000362", "DANE12_SED": "111279000362", "DA_HIPOACU": 0, "DA_SORDERA": 0, "DA_LENGUAS": 0, "DA_UCASTEL": 0, "DISCAP_FIS": 6, "DISCAP_FLE": 0, "DISCAP_PCE": 0, "DI_DCOGNIT": 26, "DI_SDOWN": 0, "DIS_MULTIP": 4, "DIS_PSICOS": 16, "DV_BAJAVIS": 0, "DIS_CEGUER": 0, "T_ESPECTRO": 0, "T_VOZ_Y_HA": 0, "SISTEMICA": 0, "SORDOCEGUE": 2, "OTRA": 0, "TOT_EST_MA": 54, "AFRODESCEN": 6, "INDIGENAS": 11, "NEGRITUDES": 6, "PALENQUERO": 0, "RAIZALES": 0, "ROM": 0, "TOT_EST_ET": 23, "CAPACID_EX": 0, "DOBLE_EXCE": 0, "TE_ACTFISI": 0, "TE_ARTES": 0, "TE_CNATUR": 0, "TE_CSOCIAL": 0, "TE_LDSOCIA": 0, "TE_TECNOLO": 0, "TOT_EST_CA": 0, "TMATRIC_GE": 2027, "Zona": 1 }, "geometry": { "type": "Point", "coordinates": [ -8253003.905300000682473, 521483.948399998247623 ] } },
{ "type": "Feature", "properties": { "NOMBRE_EST": "COLEGIO COSTA RICA (IED)", "NOMBRE_SED": "PUERTA DE TEJA", "ORDEN_DE_S": "B", "DIRECCION": "CL 25 C BIS B # 96 - 56  --  CL 25 C BIS # 96 - 56", "DISCAPACID": "AUDITIVA-MENTAL/PSICOSOCIAL", "TALENTOS_O": "TALENTO EXCEPCIONAL EN CIENCIAS SOCIALES O HUMANAS", "GRUPOS_ETN": "INDIGENAS", "SECTOR": 2, "NATU_JUR": 9, "CALENDARIO": 1, "GENERO": 5, "COD_LOCA": "09", "ESPECIALID": 13, "CLASE_TIPO": 1, "BILINGUE": 5, "FECHA": "2024-04-30", "DANE12_EST": "111279000362", "DANE12_SED": "111279000231", "DA_HIPOACU": 0, "DA_SORDERA": 0, "DA_LENGUAS": 0, "DA_UCASTEL": 0, "DISCAP_FIS": 0, "DISCAP_FLE": 0, "DISCAP_PCE": 0, "DI_DCOGNIT": 0, "DI_SDOWN": 0, "DIS_MULTIP": 2, "DIS_PSICOS": 1, "DV_BAJAVIS": 0, "DIS_CEGUER": 0, "T_ESPECTRO": 0, "T_VOZ_Y_HA": 0, "SISTEMICA": 0, "SORDOCEGUE": 0, "OTRA": 0, "TOT_EST_MA": 4, "AFRODESCEN": 0, "INDIGENAS": 1, "NEGRITUDES": 0, "PALENQUERO": 0, "RAIZALES": 1, "ROM": 0, "TOT_EST_ET": 2, "CAPACID_EX": 0, "DOBLE_EXCE": 0, "TE_ACTFISI": 0, "TE_ARTES": 0, "TE_CNATUR": 0, "TE_CSOCIAL": 0, "TE_LDSOCIA": 0, "TE_TECNOLO": 0, "TOT_EST_CA": 0, "TMATRIC_GE": 113, "Zona": 1 }, "geometry": { "type": "Point", "coordinates": [ -8251726.32149999961257, 521968.598999999463558 ] } },
{ "type": "Feature", "properties": { "NOMBRE_EST": "COLEGIO INTEGRADO DE FONTIBON IBEP (IED)", "NOMBRE_SED": "INTEGRADO DE FONTIBON", "ORDEN_DE_S": "A", "DIRECCION": "AK 106 # 18 - 77", "DISCAPACID": "AUDITIVA-FISICA-INTELECTUAL-MENTAL/PSICOSOCIAL-MULTIPLE-VISUAL", "TALENTOS_O": "TALENTO EXCEPCIONAL EN ACTIVIDAD FISICA, EJERCICIO Y DEPORTE", "GRUPOS_ETN": "AFRODESCENDIENTES-INDIGENAS-NEGRITUDES", "SECTOR": 2, "NATU_JUR": 9, "CALENDARIO": 1, "GENERO": 5, "COD_LOCA": "09", "ESPECIALID": 1, "CLASE_TIPO": 1, "BILINGUE": 5, "FECHA": "2024-04-30", "DANE12_EST": "111279000966", "DANE12_SED": "111279000966", "DA_HIPOACU": 0, "DA_SORDERA": 0, "DA_LENGUAS": 0, "DA_UCASTEL": 0, "DISCAP_FIS": 4, "DISCAP_FLE": 0, "DISCAP_PCE": 0, "DI_DCOGNIT": 147, "DI_SDOWN": 0, "DIS_MULTIP": 26, "DIS_PSICOS": 14, "DV_BAJAVIS": 2, "DIS_CEGUER": 0, "T_ESPECTRO": 0, "T_VOZ_Y_HA": 0, "SISTEMICA": 0, "SORDOCEGUE": 0, "OTRA": 0, "TOT_EST_MA": 194, "AFRODESCEN": 16, "INDIGENAS": 11, "NEGRITUDES": 16, "PALENQUERO": 0, "RAIZALES": 0, "ROM": 0, "TOT_EST_ET": 43, "CAPACID_EX": 1, "DOBLE_EXCE": 0, "TE_ACTFISI": 1, "TE_ARTES": 0, "TE_CNATUR": 0, "TE_CSOCIAL": 0, "TE_LDSOCIA": 0, "TE_TECNOLO": 0, "TOT_EST_CA": 1, "TMATRIC_GE": 2163, "Zona": 1 }, "geometry": { "type": "Point", "coordinates": [ -8254053.4199, 521359.494899999350309 ] } },
{ "type": "Feature", "properties": { "NOMBRE_EST": "COLEGIO INTEGRADO DE FONTIBON IBEP (IED)", "NOMBRE_SED": "EMMA VILLEGAS DE GAITAN", "ORDEN_DE_S": "B", "DIRECCION": "CL 22 F # 109 B - 29", "DISCAPACID": "FISICA-INTELECTUAL-MENTAL/PSICOSOCIAL-MULTIPLE-VISUAL", "TALENTOS_O": "CAPACIDADES EXCEPCIONALES-TALENTO EXCEPCIONAL EN ACTIVIDAD FISICA, EJERCICIO Y DEPORTE-TALENTO EXCEPCIONAL EN ARTES Y LETRAS-TALENTO EXCEPCIONAL EN CIENCIAS SOCIALES O HUMANAS-TALENTO EXCEPCIONAL EN LIDERAZGO SOCIAL Y EMPRENDIMIENTO", "GRUPOS_ETN": "AFRODESCENDIENTES-INDIGENAS-NEGRITUDES", "SECTOR": 2, "NATU_JUR": 9, "CALENDARIO": 1, "GENERO": 5, "COD_LOCA": "09", "ESPECIALID": 13, "CLASE_TIPO": 1, "BILINGUE": 5, "FECHA": "2024-04-30", "DANE12_EST": "111279000966", "DANE12_SED": "111279000087", "DA_HIPOACU": 0, "DA_SORDERA": 0, "DA_LENGUAS": 0, "DA_UCASTEL": 0, "DISCAP_FIS": 5, "DISCAP_FLE": 0, "DISCAP_PCE": 0, "DI_DCOGNIT": 13, "DI_SDOWN": 0, "DIS_MULTIP": 6, "DIS_PSICOS": 2, "DV_BAJAVIS": 4, "DIS_CEGUER": 0, "T_ESPECTRO": 0, "T_VOZ_Y_HA": 0, "SISTEMICA": 0, "SORDOCEGUE": 0, "OTRA": 0, "TOT_EST_MA": 30, "AFRODESCEN": 5, "INDIGENAS": 4, "NEGRITUDES": 1, "PALENQUERO": 0, "RAIZALES": 0, "ROM": 0, "TOT_EST_ET": 10, "CAPACID_EX": 2, "DOBLE_EXCE": 0, "TE_ACTFISI": 2, "TE_ARTES": 0, "TE_CNATUR": 0, "TE_CSOCIAL": 0, "TE_LDSOCIA": 0, "TE_TECNOLO": 0, "TOT_EST_CA": 2, "TMATRIC_GE": 1151, "Zona": 1 }, "geometry": { "type": "Point", "coordinates": [ -8253912.942500000819564, 521912.695700000971556 ] } },
{ "type": "Feature", "properties": { "NOMBRE_EST": "COLEGIO INTEGRADO DE FONTIBON IBEP (IED)", "NOMBRE_SED": "PALESTINA", "ORDEN_DE_S": "D", "DIRECCION": "KR 113 # 19 A - 80", "DISCAPACID": "MULTIPLE-VISUAL", "TALENTOS_O": "TALENTO EXCEPCIONAL EN ACTIVIDAD FISICA, EJERCICIO Y DEPORTE-TALENTO EXCEPCIONAL EN CIENCIAS SOCIALES O HUMANAS", "GRUPOS_ETN": "AFRODESCENDIENTES-INDIGENAS", "SECTOR": 2, "NATU_JUR": 9, "CALENDARIO": 1, "GENERO": 5, "COD_LOCA": "09", "ESPECIALID": 13, "CLASE_TIPO": 1, "BILINGUE": 5, "FECHA": "2024-04-30", "DANE12_EST": "111279000966", "DANE12_SED": "111279000991", "DA_HIPOACU": 0, "DA_SORDERA": 0, "DA_LENGUAS": 0, "DA_UCASTEL": 0, "DISCAP_FIS": 0, "DISCAP_FLE": 0, "DISCAP_PCE": 0, "DI_DCOGNIT": 0, "DI_SDOWN": 0, "DIS_MULTIP": 4, "DIS_PSICOS": 0, "DV_BAJAVIS": 1, "DIS_CEGUER": 0, "T_ESPECTRO": 0, "T_VOZ_Y_HA": 0, "SISTEMICA": 0, "SORDOCEGUE": 0, "OTRA": 0, "TOT_EST_MA": 5, "AFRODESCEN": 3, "INDIGENAS": 5, "NEGRITUDES": 0, "PALENQUERO": 0, "RAIZALES": 0, "ROM": 0, "TOT_EST_ET": 8, "CAPACID_EX": 1, "DOBLE_EXCE": 0, "TE_ACTFISI": 1, "TE_ARTES": 0, "TE_CNATUR": 0, "TE_CSOCIAL": 0, "TE_LDSOCIA": 0, "TE_TECNOLO": 0, "TOT_EST_CA": 1, "TMATRIC_GE": 198, "Zona": 1 }, "geometry": { "type": "Point", "coordinates": [ -8254345.155999999493361, 521986.271800000220537 ] } },
{ "type": "Feature", "properties": { "NOMBRE_EST": "COLEGIO ATAHUALPA (IED)", "NOMBRE_SED": "ATAHUALPA", "ORDEN_DE_S": "A", "DIRECCION": "AK 116 # 22 I - 56", "DISCAPACID": "AUDITIVA-FISICA-INTELECTUAL-MENTAL/PSICOSOCIAL-MULTIPLE-SORDOCEGUERA-VISUAL", "TALENTOS_O": "CAPACIDADES EXCEPCIONALES-TALENTO EXCEPCIONAL EN ACTIVIDAD FISICA, EJERCICIO Y DEPORTE-TALENTO EXCEPCIONAL EN ARTES Y LETRAS-TALENTO EXCEPCIONAL EN CIENCIAS NATURALES O BASICAS-TALENTO EXCEPCIONAL EN LIDERAZGO SOCIAL Y EMPRENDIMIENTO", "GRUPOS_ETN": "AFRODESCENDIENTES-INDIGENAS", "SECTOR": 2, "NATU_JUR": 9, "CALENDARIO": 1, "GENERO": 5, "COD_LOCA": "09", "ESPECIALID": 1, "CLASE_TIPO": 1, "BILINGUE": 5, "FECHA": "2024-04-30", "DANE12_EST": "111279001296", "DANE12_SED": "111279001296", "DA_HIPOACU": 0, "DA_SORDERA": 0, "DA_LENGUAS": 0, "DA_UCASTEL": 0, "DISCAP_FIS": 0, "DISCAP_FLE": 0, "DISCAP_PCE": 0, "DI_DCOGNIT": 10, "DI_SDOWN": 0, "DIS_MULTIP": 3, "DIS_PSICOS": 3, "DV_BAJAVIS": 1, "DIS_CEGUER": 0, "T_ESPECTRO": 0, "T_VOZ_Y_HA": 0, "SISTEMICA": 0, "SORDOCEGUE": 0, "OTRA": 0, "TOT_EST_MA": 18, "AFRODESCEN": 2, "INDIGENAS": 5, "NEGRITUDES": 0, "PALENQUERO": 0, "RAIZALES": 0, "ROM": 0, "TOT_EST_ET": 7, "CAPACID_EX": 0, "DOBLE_EXCE": 0, "TE_ACTFISI": 0, "TE_ARTES": 0, "TE_CNATUR": 0, "TE_CSOCIAL": 0, "TE_LDSOCIA": 0, "TE_TECNOLO": 0, "TOT_EST_CA": 0, "TMATRIC_GE": 1208, "Zona": 1 }, "geometry": { "type": "Point", "coordinates": [ -8254160.839800000190735, 522479.27140000090003 ] } },
{ "type": "Feature", "properties": { "NOMBRE_EST": "COLEGIO INSTITUTO TECNICO LAUREANO GOMEZ (IED)", "NOMBRE_SED": "LAUREANO GOMEZ", "ORDEN_DE_S": "A", "DIRECCION": "CL 90 A # 95 D - 56  --  KR 95 G # 90 A - 40", "DISCAPACID": "AUDITIVA-INTELECTUAL-MENTAL/PSICOSOCIAL-MULTIPLE-VISUAL", "TALENTOS_O": "CAPACIDADES EXCEPCIONALES-TALENTO EXCEPCIONAL EN ACTIVIDAD FISICA, EJERCICIO Y DEPORTE-TALENTO EXCEPCIONAL EN ARTES Y LETRAS-TALENTO EXCEPCIONAL EN CIENCIAS SOCIALES O HUMANAS-TALENTO EXCEPCIONAL EN LIDERAZGO SOCIAL Y EMPRENDIMIENTO-TALENTO EXCEPCIONAL E", "GRUPOS_ETN": "AFRODESCENDIENTES-INDIGENAS-NEGRITUDES", "SECTOR": 2, "NATU_JUR": 9, "CALENDARIO": 1, "GENERO": 5, "COD_LOCA": "10", "ESPECIALID": 20, "CLASE_TIPO": 1, "BILINGUE": 5, "FECHA": "2024-04-30", "DANE12_EST": "111001000272", "DANE12_SED": "111001000272", "DA_HIPOACU": 2, "DA_SORDERA": 0, "DA_LENGUAS": 0, "DA_UCASTEL": 0, "DISCAP_FIS": 2, "DISCAP_FLE": 0, "DISCAP_PCE": 0, "DI_DCOGNIT": 10, "DI_SDOWN": 0, "DIS_MULTIP": 4, "DIS_PSICOS": 2, "DV_BAJAVIS": 0, "DIS_CEGUER": 0, "T_ESPECTRO": 0, "T_VOZ_Y_HA": 0, "SISTEMICA": 0, "SORDOCEGUE": 0, "OTRA": 0, "TOT_EST_MA": 20, "AFRODESCEN": 7, "INDIGENAS": 19, "NEGRITUDES": 9, "PALENQUERO": 0, "RAIZALES": 0, "ROM": 0, "TOT_EST_ET": 35, "CAPACID_EX": 0, "DOBLE_EXCE": 0, "TE_ACTFISI": 0, "TE_ARTES": 0, "TE_CNATUR": 0, "TE_CSOCIAL": 0, "TE_LDSOCIA": 0, "TE_TECNOLO": 0, "TOT_EST_CA": 0, "TMATRIC_GE": 1449, "Zona": 1 }, "geometry": { "type": "Point", "coordinates": [ -8248930.171800000593066, 525800.247000001370907 ] } },
{ "type": "Feature", "properties": { "NOMBRE_EST": "COLEGIO INSTITUTO TECNICO LAUREANO GOMEZ (IED)", "NOMBRE_SED": "BACHUE", "ORDEN_DE_S": "B", "DIRECCION": "KR 95 G # 90 A - 24", "DISCAPACID": "FISICA-INTELECTUAL-MENTAL/PSICOSOCIAL-MULTIPLE-SORDOCEGUERA-VISUAL", "TALENTOS_O": "CAPACIDADES EXCEPCIONALES-TALENTO EXCEPCIONAL EN ACTIVIDAD FISICA, EJERCICIO Y DEPORTE-TALENTO EXCEPCIONAL EN ARTES Y LETRAS-TALENTO EXCEPCIONAL EN CIENCIAS SOCIALES O HUMANAS-TALENTO EXCEPCIONAL EN LIDERAZGO SOCIAL Y EMPRENDIMIENTO", "GRUPOS_ETN": "AFRODESCENDIENTES-INDIGENAS-NEGRITUDES", "SECTOR": 2, "NATU_JUR": 9, "CALENDARIO": 1, "GENERO": 5, "COD_LOCA": "10", "ESPECIALID": 13, "CLASE_TIPO": 1, "BILINGUE": 5, "FECHA": "2024-04-30", "DANE12_EST": "111001000272", "DANE12_SED": "111001029122", "DA_HIPOACU": 0, "DA_SORDERA": 0, "DA_LENGUAS": 0, "DA_UCASTEL": 0, "DISCAP_FIS": 7, "DISCAP_FLE": 0, "DISCAP_PCE": 0, "DI_DCOGNIT": 12, "DI_SDOWN": 0, "DIS_MULTIP": 6, "DIS_PSICOS": 2, "DV_BAJAVIS": 1, "DIS_CEGUER": 0, "T_ESPECTRO": 0, "T_VOZ_Y_HA": 0, "SISTEMICA": 0, "SORDOCEGUE": 3, "OTRA": 0, "TOT_EST_MA": 31, "AFRODESCEN": 6, "INDIGENAS": 9, "NEGRITUDES": 4, "PALENQUERO": 0, "RAIZALES": 0, "ROM": 0, "TOT_EST_ET": 19, "CAPACID_EX": 2, "DOBLE_EXCE": 0, "TE_ACTFISI": 1, "TE_ARTES": 0, "TE_CNATUR": 0, "TE_CSOCIAL": 0, "TE_LDSOCIA": 0, "TE_TECNOLO": 0, "TOT_EST_CA": 2, "TMATRIC_GE": 1297, "Zona": 1 }, "geometry": { "type": "Point", "coordinates": [ -8248993.847699999809265, 525866.585499998182058 ] } },
{ "type": "Feature", "properties": { "NOMBRE_EST": "COLEGIO MARCO TULIO FERNANDEZ (IED)", "NOMBRE_SED": "MARIANO OSPINA PEREZ", "ORDEN_DE_S": "A", "DIRECCION": "CL 63 B # 71 A - 16", "DISCAPACID": "INTELECTUAL-MENTAL/PSICOSOCIAL", "TALENTOS_O": "TALENTO EXCEPCIONAL EN ACTIVIDAD FISICA, EJERCICIO Y DEPORTE-TALENTO EXCEPCIONAL EN ARTES Y LETRAS", "GRUPOS_ETN": "AFRODESCENDIENTES-NEGRITUDES-RAIZALES", "SECTOR": 2, "NATU_JUR": 9, "CALENDARIO": 1, "GENERO": 5, "COD_LOCA": "10", "ESPECIALID": 1, "CLASE_TIPO": 1, "BILINGUE": 5, "FECHA": "2024-04-30", "DANE12_EST": "111001001121", "DANE12_SED": "111001001121", "DA_HIPOACU": 0, "DA_SORDERA": 0, "DA_LENGUAS": 0, "DA_UCASTEL": 0, "DISCAP_FIS": 1, "DISCAP_FLE": 0, "DISCAP_PCE": 0, "DI_DCOGNIT": 3, "DI_SDOWN": 0, "DIS_MULTIP": 0, "DIS_PSICOS": 1, "DV_BAJAVIS": 0, "DIS_CEGUER": 0, "T_ESPECTRO": 0, "T_VOZ_Y_HA": 0, "SISTEMICA": 0, "SORDOCEGUE": 0, "OTRA": 0, "TOT_EST_MA": 5, "AFRODESCEN": 2, "INDIGENAS": 0, "NEGRITUDES": 2, "PALENQUERO": 0, "RAIZALES": 2, "ROM": 0, "TOT_EST_ET": 6, "CAPACID_EX": 0, "DOBLE_EXCE": 0, "TE_ACTFISI": 0, "TE_ARTES": 0, "TE_CNATUR": 0, "TE_CSOCIAL": 0, "TE_LDSOCIA": 0, "TE_TECNOLO": 0, "TOT_EST_CA": 0, "TMATRIC_GE": 345, "Zona": 1 }, "geometry": { "type": "Point", "coordinates": [ -8249025.873199999332428, 520916.796000000089407 ] } },
{ "type": "Feature", "properties": { "NOMBRE_EST": "COLEGIO MARCO TULIO FERNANDEZ (IED)", "NOMBRE_SED": "MERCEDES DE FERNANDEZ", "ORDEN_DE_S": "B", "DIRECCION": "CL 63 B # 70 C - 10", "DISCAPACID": "-INTELECTUAL-PSICOSOCIAL-", "TALENTOS_O": null, "GRUPOS_ETN": "NEGRITUDES-ROM", "SECTOR": 2, "NATU_JUR": 9, "CALENDARIO": 1, "GENERO": 5, "COD_LOCA": "10", "ESPECIALID": 1, "CLASE_TIPO": 1, "BILINGUE": 5, "FECHA": "2024-04-30", "DANE12_EST": "111001001121", "DANE12_SED": "111001013544", "DA_HIPOACU": 0, "DA_SORDERA": 0, "DA_LENGUAS": 0, "DA_UCASTEL": 0, "DISCAP_FIS": 0, "DISCAP_FLE": 0, "DISCAP_PCE": 0, "DI_DCOGNIT": 0, "DI_SDOWN": 0, "DIS_MULTIP": 0, "DIS_PSICOS": 0, "DV_BAJAVIS": 0, "DIS_CEGUER": 0, "T_ESPECTRO": 0, "T_VOZ_Y_HA": 0, "SISTEMICA": 0, "SORDOCEGUE": 0, "OTRA": 0, "TOT_EST_MA": 0, "AFRODESCEN": 0, "INDIGENAS": 0, "NEGRITUDES": 0, "PALENQUERO": 0, "RAIZALES": 0, "ROM": 0, "TOT_EST_ET": 0, "CAPACID_EX": 0, "DOBLE_EXCE": 0, "TE_ACTFISI": 0, "TE_ARTES": 0, "TE_CNATUR": 0, "TE_CSOCIAL": 0, "TE_LDSOCIA": 0, "TE_TECNOLO": 0, "TOT_EST_CA": 0, "TMATRIC_GE": 247, "Zona": 1 }, "geometry": { "type": "Point", "coordinates": [ -8248956.537900000810623, 520851.997499998658895 ] } },
{ "type": "Feature", "properties": { "NOMBRE_EST": "COLEGIO MARCO TULIO FERNANDEZ (IED)", "NOMBRE_SED": "SAN JOAQUIN", "ORDEN_DE_S": "C", "DIRECCION": "KR 71 # 64 C - 02  --  KR 70 D # 64 C - 02", "DISCAPACID": "FISICA-INTELECTUAL", "TALENTOS_O": "CAPACIDADES EXCEPCIONALES", "GRUPOS_ETN": "NEGRITUDES-RAIZALES-ROM", "SECTOR": 2, "NATU_JUR": 9, "CALENDARIO": 1, "GENERO": 5, "COD_LOCA": "10", "ESPECIALID": 1, "CLASE_TIPO": 1, "BILINGUE": 5, "FECHA": "2024-04-30", "DANE12_EST": "111001001121", "DANE12_SED": "111001013536", "DA_HIPOACU": 0, "DA_SORDERA": 0, "DA_LENGUAS": 0, "DA_UCASTEL": 0, "DISCAP_FIS": 1, "DISCAP_FLE": 0, "DISCAP_PCE": 0, "DI_DCOGNIT": 1, "DI_SDOWN": 0, "DIS_MULTIP": 0, "DIS_PSICOS": 0, "DV_BAJAVIS": 0, "DIS_CEGUER": 0, "T_ESPECTRO": 0, "T_VOZ_Y_HA": 0, "SISTEMICA": 0, "SORDOCEGUE": 0, "OTRA": 0, "TOT_EST_MA": 2, "AFRODESCEN": 1, "INDIGENAS": 0, "NEGRITUDES": 1, "PALENQUERO": 0, "RAIZALES": 0, "ROM": 1, "TOT_EST_ET": 3, "CAPACID_EX": 0, "DOBLE_EXCE": 0, "TE_ACTFISI": 0, "TE_ARTES": 0, "TE_CNATUR": 0, "TE_CSOCIAL": 0, "TE_LDSOCIA": 0, "TE_TECNOLO": 0, "TOT_EST_CA": 0, "TMATRIC_GE": 143, "Zona": 1 }, "geometry": { "type": "Point", "coordinates": [ -8248774.117499999701977, 521088.922699999064207 ] } },
{ "type": "Feature", "properties": { "NOMBRE_EST": "COLEGIO MARCO TULIO FERNANDEZ (IED)", "NOMBRE_SED": "SAN IGNACIO", "ORDEN_DE_S": "D", "DIRECCION": "TV 76 B # 51 A - 57", "DISCAPACID": null, "TALENTOS_O": "-TALENTO EXCEPCIONAL EN CIENCIAS SOCIALES O HUMANAS-", "GRUPOS_ETN": null, "SECTOR": 2, "NATU_JUR": 9, "CALENDARIO": 1, "GENERO": 5, "COD_LOCA": "10", "ESPECIALID": 1, "CLASE_TIPO": 1, "BILINGUE": 5, "FECHA": "2024-04-30", "DANE12_EST": "111001001121", "DANE12_SED": "111001013480", "DA_HIPOACU": 0, "DA_SORDERA": 0, "DA_LENGUAS": 0, "DA_UCASTEL": 0, "DISCAP_FIS": 0, "DISCAP_FLE": 0, "DISCAP_PCE": 0, "DI_DCOGNIT": 0, "DI_SDOWN": 0, "DIS_MULTIP": 0, "DIS_PSICOS": 0, "DV_BAJAVIS": 0, "DIS_CEGUER": 0, "T_ESPECTRO": 0, "T_VOZ_Y_HA": 0, "SISTEMICA": 0, "SORDOCEGUE": 0, "OTRA": 0, "TOT_EST_MA": 0, "AFRODESCEN": 2, "INDIGENAS": 0, "NEGRITUDES": 0, "PALENQUERO": 0, "RAIZALES": 0, "ROM": 0, "TOT_EST_ET": 2, "CAPACID_EX": 0, "DOBLE_EXCE": 0, "TE_ACTFISI": 0, "TE_ARTES": 0, "TE_CNATUR": 0, "TE_CSOCIAL": 0, "TE_LDSOCIA": 0, "TE_TECNOLO": 0, "TOT_EST_CA": 0, "TMATRIC_GE": 154, "Zona": 1 }, "geometry": { "type": "Point", "coordinates": [ -8250079.555600000545382, 520895.782900001853704 ] } },
{ "type": "Feature", "properties": { "NOMBRE_EST": "COLEGIO NUEVA CONSTITUCION (IED)", "NOMBRE_SED": "NUEVA CONSTITUCION", "ORDEN_DE_S": "A", "DIRECCION": "KR 107 B # 74 B - 31", "DISCAPACID": "AUDITIVA-FISICA-INTELECTUAL-MENTAL/PSICOSOCIAL-MULTIPLE-VISUAL", "TALENTOS_O": "CAPACIDADES EXCEPCIONALES-TALENTO EXCEPCIONAL EN ACTIVIDAD FISICA, EJERCICIO Y DEPORTE-TALENTO EXCEPCIONAL EN ARTES Y LETRAS-TALENTO EXCEPCIONAL EN LIDERAZGO SOCIAL Y EMPRENDIMIENTO-TALENTO EXCEPCIONAL EN TECNOLOGIA", "GRUPOS_ETN": "AFRODESCENDIENTES-INDIGENAS-NEGRITUDES", "SECTOR": 2, "NATU_JUR": 9, "CALENDARIO": 1, "GENERO": 5, "COD_LOCA": "10", "ESPECIALID": 1, "CLASE_TIPO": 1, "BILINGUE": 5, "FECHA": "2024-04-30", "DANE12_EST": "111001001538", "DANE12_SED": "111001001538", "DA_HIPOACU": 3, "DA_SORDERA": 0, "DA_LENGUAS": 0, "DA_UCASTEL": 0, "DISCAP_FIS": 9, "DISCAP_FLE": 0, "DISCAP_PCE": 0, "DI_DCOGNIT": 20, "DI_SDOWN": 0, "DIS_MULTIP": 12, "DIS_PSICOS": 9, "DV_BAJAVIS": 4, "DIS_CEGUER": 0, "T_ESPECTRO": 0, "T_VOZ_Y_HA": 0, "SISTEMICA": 0, "SORDOCEGUE": 1, "OTRA": 0, "TOT_EST_MA": 58, "AFRODESCEN": 2, "INDIGENAS": 11, "NEGRITUDES": 6, "PALENQUERO": 0, "RAIZALES": 0, "ROM": 0, "TOT_EST_ET": 19, "CAPACID_EX": 0, "DOBLE_EXCE": 0, "TE_ACTFISI": 0, "TE_ARTES": 0, "TE_CNATUR": 0, "TE_CSOCIAL": 0, "TE_LDSOCIA": 0, "TE_TECNOLO": 0, "TOT_EST_CA": 0, "TMATRIC_GE": 2119, "Zona": 1 }, "geometry": { "type": "Point", "coordinates": [ -8251204.81870000064373, 525005.672699999064207 ] } },
{ "type": "Feature", "properties": { "NOMBRE_EST": "COLEGIO ANTONIO NARIÑO (IED)", "NOMBRE_SED": "ANTONIO NARIÑO", "ORDEN_DE_S": "A", "DIRECCION": "KR 77 A # 67 - 17", "DISCAPACID": "AUDITIVA-FISICA-INTELECTUAL-MENTAL/PSICOSOCIAL-MULTIPLE-SORDOCEGUERA-VISUAL", "TALENTOS_O": "CAPACIDADES EXCEPCIONALES-TALENTO EXCEPCIONAL EN ACTIVIDAD FISICA, EJERCICIO Y DEPORTE-TALENTO EXCEPCIONAL EN ARTES Y LETRAS-TALENTO EXCEPCIONAL EN CIENCIAS SOCIALES O HUMANAS-TALENTO EXCEPCIONAL EN TECNOLOGIA", "GRUPOS_ETN": "AFRODESCENDIENTES-INDIGENAS-NEGRITUDES-RAIZALES", "SECTOR": 2, "NATU_JUR": 9, "CALENDARIO": 1, "GENERO": 5, "COD_LOCA": "10", "ESPECIALID": 1, "CLASE_TIPO": 1, "BILINGUE": 5, "FECHA": "2024-04-30", "DANE12_EST": "111001006483", "DANE12_SED": "111001006483", "DA_HIPOACU": 2, "DA_SORDERA": 0, "DA_LENGUAS": 0, "DA_UCASTEL": 0, "DISCAP_FIS": 1, "DISCAP_FLE": 0, "DISCAP_PCE": 0, "DI_DCOGNIT": 31, "DI_SDOWN": 0, "DIS_MULTIP": 6, "DIS_PSICOS": 1, "DV_BAJAVIS": 1, "DIS_CEGUER": 0, "T_ESPECTRO": 0, "T_VOZ_Y_HA": 0, "SISTEMICA": 0, "SORDOCEGUE": 1, "OTRA": 0, "TOT_EST_MA": 43, "AFRODESCEN": 9, "INDIGENAS": 5, "NEGRITUDES": 4, "PALENQUERO": 0, "RAIZALES": 1, "ROM": 0, "TOT_EST_ET": 19, "CAPACID_EX": 2, "DOBLE_EXCE": 0, "TE_ACTFISI": 1, "TE_ARTES": 0, "TE_CNATUR": 1, "TE_CSOCIAL": 0, "TE_LDSOCIA": 0, "TE_TECNOLO": 0, "TOT_EST_CA": 2, "TMATRIC_GE": 2220, "Zona": 1 }, "geometry": { "type": "Point", "coordinates": [ -8249221.260099999606609, 522199.794900000095367 ] } },
{ "type": "Feature", "properties": { "NOMBRE_EST": "COLEGIO ANTONIO NARIÑO (IED)", "NOMBRE_SED": "LA CONSOLACION", "ORDEN_DE_S": "B", "DIRECCION": "CL 67 # 73 A - 15", "DISCAPACID": "INTELECTUAL-MULTIPLE", "TALENTOS_O": "TALENTO EXCEPCIONAL EN CIENCIAS SOCIALES O HUMANAS", "GRUPOS_ETN": null, "SECTOR": 2, "NATU_JUR": 9, "CALENDARIO": 1, "GENERO": 5, "COD_LOCA": "10", "ESPECIALID": 13, "CLASE_TIPO": 1, "BILINGUE": 5, "FECHA": "2024-04-30", "DANE12_EST": "111001006483", "DANE12_SED": "111001013528", "DA_HIPOACU": 0, "DA_SORDERA": 0, "DA_LENGUAS": 0, "DA_UCASTEL": 0, "DISCAP_FIS": 0, "DISCAP_FLE": 0, "DISCAP_PCE": 0, "DI_DCOGNIT": 0, "DI_SDOWN": 0, "DIS_MULTIP": 0, "DIS_PSICOS": 0, "DV_BAJAVIS": 0, "DIS_CEGUER": 0, "T_ESPECTRO": 0, "T_VOZ_Y_HA": 0, "SISTEMICA": 0, "SORDOCEGUE": 0, "OTRA": 0, "TOT_EST_MA": 0, "AFRODESCEN": 1, "INDIGENAS": 0, "NEGRITUDES": 0, "PALENQUERO": 0, "RAIZALES": 0, "ROM": 0, "TOT_EST_ET": 1, "CAPACID_EX": 0, "DOBLE_EXCE": 0, "TE_ACTFISI": 0, "TE_ARTES": 0, "TE_CNATUR": 0, "TE_CSOCIAL": 0, "TE_LDSOCIA": 0, "TE_TECNOLO": 0, "TOT_EST_CA": 0, "TMATRIC_GE": 58, "Zona": 1 }, "geometry": { "type": "Point", "coordinates": [ -8248852.148, 521890.885899998247623 ] } },
{ "type": "Feature", "properties": { "NOMBRE_EST": "COLEGIO ROBERT F. KENNEDY (IED)", "NOMBRE_SED": "ROBERT F. KENNEDY", "ORDEN_DE_S": "A", "DIRECCION": "AV BOYACA # 64 H - 39", "DISCAPACID": "AUDITIVA-INTELECTUAL-MENTAL/PSICOSOCIAL-MULTIPLE", "TALENTOS_O": "CAPACIDADES EXCEPCIONALES-TALENTO EXCEPCIONAL EN ACTIVIDAD FISICA, EJERCICIO Y DEPORTE", "GRUPOS_ETN": "AFRODESCENDIENTES-INDIGENAS-NEGRITUDES", "SECTOR": 2, "NATU_JUR": 9, "CALENDARIO": 1, "GENERO": 5, "COD_LOCA": "10", "ESPECIALID": 1, "CLASE_TIPO": 1, "BILINGUE": 5, "FECHA": "2024-04-30", "DANE12_EST": "111001009521", "DANE12_SED": "111001009521", "DA_HIPOACU": 2, "DA_SORDERA": 0, "DA_LENGUAS": 0, "DA_UCASTEL": 0, "DISCAP_FIS": 0, "DISCAP_FLE": 0, "DISCAP_PCE": 0, "DI_DCOGNIT": 9, "DI_SDOWN": 0, "DIS_MULTIP": 7, "DIS_PSICOS": 10, "DV_BAJAVIS": 0, "DIS_CEGUER": 0, "T_ESPECTRO": 0, "T_VOZ_Y_HA": 0, "SISTEMICA": 0, "SORDOCEGUE": 0, "OTRA": 0, "TOT_EST_MA": 28, "AFRODESCEN": 7, "INDIGENAS": 2, "NEGRITUDES": 4, "PALENQUERO": 0, "RAIZALES": 0, "ROM": 0, "TOT_EST_ET": 13, "CAPACID_EX": 0, "DOBLE_EXCE": 0, "TE_ACTFISI": 0, "TE_ARTES": 0, "TE_CNATUR": 0, "TE_CSOCIAL": 0, "TE_LDSOCIA": 0, "TE_TECNOLO": 0, "TOT_EST_CA": 0, "TMATRIC_GE": 1227, "Zona": 1 }, "geometry": { "type": "Point", "coordinates": [ -8248920.384600000455976, 521444.486900001764297 ] } },
{ "type": "Feature", "properties": { "NOMBRE_EST": "COLEGIO ROBERT F. KENNEDY (IED)", "NOMBRE_SED": "EL REAL", "ORDEN_DE_S": "B", "DIRECCION": "CL 65 A # 76 - 47", "DISCAPACID": "AUDITIVA-INTELECTUAL-MULTIPLE", "TALENTOS_O": "TALENTO EXCEPCIONAL EN ACTIVIDAD FISICA, EJERCICIO Y DEPORTE-TALENTO EXCEPCIONAL EN CIENCIAS SOCIALES O HUMANAS", "GRUPOS_ETN": "INDIGENAS", "SECTOR": 2, "NATU_JUR": 9, "CALENDARIO": 1, "GENERO": 5, "COD_LOCA": "10", "ESPECIALID": 13, "CLASE_TIPO": 1, "BILINGUE": 5, "FECHA": "2024-04-30", "DANE12_EST": "111001009521", "DANE12_SED": "111001013510", "DA_HIPOACU": 2, "DA_SORDERA": 0, "DA_LENGUAS": 0, "DA_UCASTEL": 0, "DISCAP_FIS": 0, "DISCAP_FLE": 0, "DISCAP_PCE": 0, "DI_DCOGNIT": 2, "DI_SDOWN": 0, "DIS_MULTIP": 5, "DIS_PSICOS": 0, "DV_BAJAVIS": 0, "DIS_CEGUER": 0, "T_ESPECTRO": 0, "T_VOZ_Y_HA": 0, "SISTEMICA": 0, "SORDOCEGUE": 1, "OTRA": 0, "TOT_EST_MA": 10, "AFRODESCEN": 0, "INDIGENAS": 1, "NEGRITUDES": 0, "PALENQUERO": 0, "RAIZALES": 0, "ROM": 0, "TOT_EST_ET": 1, "CAPACID_EX": 0, "DOBLE_EXCE": 0, "TE_ACTFISI": 0, "TE_ARTES": 0, "TE_CNATUR": 0, "TE_CSOCIAL": 0, "TE_LDSOCIA": 0, "TE_TECNOLO": 0, "TOT_EST_CA": 0, "TMATRIC_GE": 322, "Zona": 1 }, "geometry": { "type": "Point", "coordinates": [ -8249252.213600000366569, 521902.484700001776218 ] } },
{ "type": "Feature", "properties": { "NOMBRE_EST": "COLEGIO INSTITUTO TECNICO JUAN DEL CORRAL (IED)", "NOMBRE_SED": "JUAN DEL CORRAL", "ORDEN_DE_S": "A", "DIRECCION": "KR 69 B # 79 A - 42", "DISCAPACID": "INTELECTUAL-MENTAL/PSICOSOCIAL-MULTIPLE", "TALENTOS_O": "TALENTO EXCEPCIONAL EN ACTIVIDAD FISICA, EJERCICIO Y DEPORTE-TALENTO EXCEPCIONAL EN ARTES Y LETRAS", "GRUPOS_ETN": "AFRODESCENDIENTES-INDIGENAS-NEGRITUDES", "SECTOR": 2, "NATU_JUR": 9, "CALENDARIO": 1, "GENERO": 5, "COD_LOCA": "10", "ESPECIALID": 3, "CLASE_TIPO": 1, "BILINGUE": 5, "FECHA": "2024-04-30", "DANE12_EST": "111001009580", "DANE12_SED": "111001009580", "DA_HIPOACU": 2, "DA_SORDERA": 0, "DA_LENGUAS": 0, "DA_UCASTEL": 0, "DISCAP_FIS": 0, "DISCAP_FLE": 0, "DISCAP_PCE": 0, "DI_DCOGNIT": 3, "DI_SDOWN": 0, "DIS_MULTIP": 4, "DIS_PSICOS": 1, "DV_BAJAVIS": 0, "DIS_CEGUER": 0, "T_ESPECTRO": 0, "T_VOZ_Y_HA": 0, "SISTEMICA": 0, "SORDOCEGUE": 0, "OTRA": 0, "TOT_EST_MA": 10, "AFRODESCEN": 1, "INDIGENAS": 2, "NEGRITUDES": 4, "PALENQUERO": 0, "RAIZALES": 0, "ROM": 0, "TOT_EST_ET": 7, "CAPACID_EX": 0, "DOBLE_EXCE": 0, "TE_ACTFISI": 0, "TE_ARTES": 0, "TE_CNATUR": 0, "TE_CSOCIAL": 0, "TE_LDSOCIA": 0, "TE_TECNOLO": 0, "TOT_EST_CA": 0, "TMATRIC_GE": 740, "Zona": 1 }, "geometry": { "type": "Point", "coordinates": [ -8246826.87470000050962, 522363.497699998319149 ] } },
{ "type": "Feature", "properties": { "NOMBRE_EST": "COLEGIO INSTITUTO TECNICO JUAN DEL CORRAL (IED)", "NOMBRE_SED": "SANTA FE DE BOGOTA", "ORDEN_DE_S": "B", "DIRECCION": "KR 68 G # 78 - 20/50", "DISCAPACID": "AUDITIVA-INTELECTUAL-MULTIPLE", "TALENTOS_O": "TALENTO EXCEPCIONAL EN ACTIVIDAD FISICA, EJERCICIO Y DEPORTE-TALENTO EXCEPCIONAL EN ARTES Y LETRAS-TALENTO EXCEPCIONAL EN TECNOLOGIA", "GRUPOS_ETN": "AFRODESCENDIENTES-INDIGENAS-NEGRITUDES", "SECTOR": 2, "NATU_JUR": 9, "CALENDARIO": 1, "GENERO": 5, "COD_LOCA": "10", "ESPECIALID": 13, "CLASE_TIPO": 1, "BILINGUE": 5, "FECHA": "2024-04-30", "DANE12_EST": "111001009580", "DANE12_SED": "111001015199", "DA_HIPOACU": 2, "DA_SORDERA": 0, "DA_LENGUAS": 0, "DA_UCASTEL": 0, "DISCAP_FIS": 0, "DISCAP_FLE": 0, "DISCAP_PCE": 0, "DI_DCOGNIT": 7, "DI_SDOWN": 0, "DIS_MULTIP": 4, "DIS_PSICOS": 0, "DV_BAJAVIS": 0, "DIS_CEGUER": 0, "T_ESPECTRO": 0, "T_VOZ_Y_HA": 0, "SISTEMICA": 0, "SORDOCEGUE": 0, "OTRA": 0, "TOT_EST_MA": 13, "AFRODESCEN": 0, "INDIGENAS": 8, "NEGRITUDES": 1, "PALENQUERO": 0, "RAIZALES": 0, "ROM": 0, "TOT_EST_ET": 9, "CAPACID_EX": 0, "DOBLE_EXCE": 0, "TE_ACTFISI": 0, "TE_ARTES": 0, "TE_CNATUR": 0, "TE_CSOCIAL": 0, "TE_LDSOCIA": 0, "TE_TECNOLO": 0, "TOT_EST_CA": 0, "TMATRIC_GE": 540, "Zona": 1 }, "geometry": { "type": "Point", "coordinates": [ -8246778.310399999842048, 522044.336300000548363 ] } },
{ "type": "Feature", "properties": { "NOMBRE_EST": "COLEGIO REPUBLICA DE COLOMBIA (IED)", "NOMBRE_SED": "REPUBLICA DE COLOMBIA", "ORDEN_DE_S": "A", "DIRECCION": "CL 68 # 69 - 10", "DISCAPACID": "FISICA-INTELECTUAL-MENTAL/PSICOSOCIAL-MULTIPLE", "TALENTOS_O": "CAPACIDADES EXCEPCIONALES-TALENTO EXCEPCIONAL EN CIENCIAS SOCIALES O HUMANAS-TALENTO EXCEPCIONAL EN TECNOLOGIA", "GRUPOS_ETN": "AFRODESCENDIENTES-INDIGENAS-NEGRITUDES", "SECTOR": 2, "NATU_JUR": 9, "CALENDARIO": 1, "GENERO": 5, "COD_LOCA": "10", "ESPECIALID": 1, "CLASE_TIPO": 1, "BILINGUE": 5, "FECHA": "2024-04-30", "DANE12_EST": "111001009971", "DANE12_SED": "111001009971", "DA_HIPOACU": 0, "DA_SORDERA": 0, "DA_LENGUAS": 0, "DA_UCASTEL": 0, "DISCAP_FIS": 2, "DISCAP_FLE": 0, "DISCAP_PCE": 0, "DI_DCOGNIT": 24, "DI_SDOWN": 0, "DIS_MULTIP": 8, "DIS_PSICOS": 7, "DV_BAJAVIS": 0, "DIS_CEGUER": 0, "T_ESPECTRO": 0, "T_VOZ_Y_HA": 0, "SISTEMICA": 0, "SORDOCEGUE": 0, "OTRA": 0, "TOT_EST_MA": 41, "AFRODESCEN": 9, "INDIGENAS": 7, "NEGRITUDES": 4, "PALENQUERO": 0, "RAIZALES": 0, "ROM": 0, "TOT_EST_ET": 20, "CAPACID_EX": 0, "DOBLE_EXCE": 0, "TE_ACTFISI": 0, "TE_ARTES": 0, "TE_CNATUR": 0, "TE_CSOCIAL": 0, "TE_LDSOCIA": 0, "TE_TECNOLO": 0, "TOT_EST_CA": 0, "TMATRIC_GE": 1267, "Zona": 1 }, "geometry": { "type": "Point", "coordinates": [ -8247837.858200000599027, 521262.256499998271465 ] } },
{ "type": "Feature", "properties": { "NOMBRE_EST": "COLEGIO REPUBLICA DE COLOMBIA (IED)", "NOMBRE_SED": "REPUBLICA DE CHILE", "ORDEN_DE_S": "B", "DIRECCION": "KR 69 C # 69 - 20", "DISCAPACID": "AUDITIVA-FISICA-INTELECTUAL-MULTIPLE-VISUAL", "TALENTOS_O": "TALENTO EXCEPCIONAL EN ACTIVIDAD FISICA, EJERCICIO Y DEPORTE-TALENTO EXCEPCIONAL EN TECNOLOGIA", "GRUPOS_ETN": "AFRODESCENDIENTES-INDIGENAS", "SECTOR": 2, "NATU_JUR": 9, "CALENDARIO": 1, "GENERO": 5, "COD_LOCA": "10", "ESPECIALID": 13, "CLASE_TIPO": 1, "BILINGUE": 5, "FECHA": "2024-04-30", "DANE12_EST": "111001009971", "DANE12_SED": "111001015385", "DA_HIPOACU": 0, "DA_SORDERA": 0, "DA_LENGUAS": 0, "DA_UCASTEL": 0, "DISCAP_FIS": 0, "DISCAP_FLE": 0, "DISCAP_PCE": 0, "DI_DCOGNIT": 2, "DI_SDOWN": 0, "DIS_MULTIP": 6, "DIS_PSICOS": 0, "DV_BAJAVIS": 1, "DIS_CEGUER": 0, "T_ESPECTRO": 0, "T_VOZ_Y_HA": 0, "SISTEMICA": 0, "SORDOCEGUE": 0, "OTRA": 0, "TOT_EST_MA": 10, "AFRODESCEN": 0, "INDIGENAS": 2, "NEGRITUDES": 0, "PALENQUERO": 0, "RAIZALES": 0, "ROM": 0, "TOT_EST_ET": 2, "CAPACID_EX": 0, "DOBLE_EXCE": 0, "TE_ACTFISI": 0, "TE_ARTES": 0, "TE_CNATUR": 0, "TE_CSOCIAL": 0, "TE_LDSOCIA": 0, "TE_TECNOLO": 0, "TOT_EST_CA": 0, "TMATRIC_GE": 315, "Zona": 1 }, "geometry": { "type": "Point", "coordinates": [ -8247825.949300000444055, 521432.061200000345707 ] } },
{ "type": "Feature", "properties": { "NOMBRE_EST": "COLEGIO REPUBLICA DE COLOMBIA (IED)", "NOMBRE_SED": "NUEVA ESTRADA", "ORDEN_DE_S": "C", "DIRECCION": "KR 69 # 71 - 16", "DISCAPACID": "FISICA-INTELECTUAL-MENTAL/PSICOSOCIAL-MULTIPLE", "TALENTOS_O": "TALENTO EXCEPCIONAL EN ACTIVIDAD FISICA, EJERCICIO Y DEPORTE", "GRUPOS_ETN": "AFRODESCENDIENTES-INDIGENAS-NEGRITUDES", "SECTOR": 2, "NATU_JUR": 9, "CALENDARIO": 1, "GENERO": 5, "COD_LOCA": "10", "ESPECIALID": 13, "CLASE_TIPO": 1, "BILINGUE": 5, "FECHA": "2024-04-30", "DANE12_EST": "111001009971", "DANE12_SED": "111001015415", "DA_HIPOACU": 0, "DA_SORDERA": 0, "DA_LENGUAS": 0, "DA_UCASTEL": 0, "DISCAP_FIS": 5, "DISCAP_FLE": 0, "DISCAP_PCE": 0, "DI_DCOGNIT": 5, "DI_SDOWN": 0, "DIS_MULTIP": 2, "DIS_PSICOS": 0, "DV_BAJAVIS": 0, "DIS_CEGUER": 0, "T_ESPECTRO": 0, "T_VOZ_Y_HA": 0, "SISTEMICA": 0, "SORDOCEGUE": 0, "OTRA": 0, "TOT_EST_MA": 12, "AFRODESCEN": 3, "INDIGENAS": 2, "NEGRITUDES": 1, "PALENQUERO": 0, "RAIZALES": 0, "ROM": 0, "TOT_EST_ET": 6, "CAPACID_EX": 0, "DOBLE_EXCE": 0, "TE_ACTFISI": 0, "TE_ARTES": 0, "TE_CNATUR": 0, "TE_CSOCIAL": 0, "TE_LDSOCIA": 0, "TE_TECNOLO": 0, "TOT_EST_CA": 0, "TMATRIC_GE": 392, "Zona": 1 }, "geometry": { "type": "Point", "coordinates": [ -8247556.369100000709295, 521604.672600001096725 ] } },
{ "type": "Feature", "properties": { "NOMBRE_EST": "COLEGIO INSTITUTO TECNICO INDUSTRIAL FRANCISCO JOSE DE CALDAS (IED)", "NOMBRE_SED": "FRANCISCO JOSE DE CALDAS", "ORDEN_DE_S": "A", "DIRECCION": "KR 68 F # 63 B - 02", "DISCAPACID": "FISICA-INTELECTUAL-MENTAL/PSICOSOCIAL-MULTIPLE", "TALENTOS_O": "CAPACIDADES EXCEPCIONALES-TALENTO EXCEPCIONAL EN ACTIVIDAD FISICA, EJERCICIO Y DEPORTE-TALENTO EXCEPCIONAL EN ARTES Y LETRAS-TALENTO EXCEPCIONAL EN CIENCIAS NATURALES O BASICAS-TALENTO EXCEPCIONAL EN TECNOLOGIA", "GRUPOS_ETN": "AFRODESCENDIENTES-INDIGENAS-NEGRITUDES", "SECTOR": 2, "NATU_JUR": 9, "CALENDARIO": 1, "GENERO": 5, "COD_LOCA": "10", "ESPECIALID": 10, "CLASE_TIPO": 1, "BILINGUE": 5, "FECHA": "2024-04-30", "DANE12_EST": "111001010740", "DANE12_SED": "111001010740", "DA_HIPOACU": 0, "DA_SORDERA": 0, "DA_LENGUAS": 0, "DA_UCASTEL": 0, "DISCAP_FIS": 5, "DISCAP_FLE": 0, "DISCAP_PCE": 0, "DI_DCOGNIT": 12, "DI_SDOWN": 0, "DIS_MULTIP": 2, "DIS_PSICOS": 4, "DV_BAJAVIS": 0, "DIS_CEGUER": 0, "T_ESPECTRO": 0, "T_VOZ_Y_HA": 0, "SISTEMICA": 0, "SORDOCEGUE": 0, "OTRA": 0, "TOT_EST_MA": 23, "AFRODESCEN": 3, "INDIGENAS": 6, "NEGRITUDES": 1, "PALENQUERO": 0, "RAIZALES": 0, "ROM": 0, "TOT_EST_ET": 10, "CAPACID_EX": 0, "DOBLE_EXCE": 0, "TE_ACTFISI": 0, "TE_ARTES": 0, "TE_CNATUR": 0, "TE_CSOCIAL": 0, "TE_LDSOCIA": 0, "TE_TECNOLO": 0, "TOT_EST_CA": 0, "TMATRIC_GE": 2218, "Zona": 1 }, "geometry": { "type": "Point", "coordinates": [ -8248262.33500000089407, 520315.397300001233816 ] } },
{ "type": "Feature", "properties": { "NOMBRE_EST": "COLEGIO INSTITUTO TECNICO INDUSTRIAL FRANCISCO JOSE DE CALDAS (IED)", "NOMBRE_SED": "CIUDAD DE HONDA", "ORDEN_DE_S": "B", "DIRECCION": "CL 64 F BIS # 68 G - 16", "DISCAPACID": "FISICA-INTELECTUAL-MULTIPLE", "TALENTOS_O": "TALENTO EXCEPCIONAL EN ACTIVIDAD FISICA, EJERCICIO Y DEPORTE-TALENTO EXCEPCIONAL EN ARTES Y LETRAS-TALENTO EXCEPCIONAL EN TECNOLOGIA", "GRUPOS_ETN": "AFRODESCENDIENTES-INDIGENAS-NEGRITUDES", "SECTOR": 2, "NATU_JUR": 9, "CALENDARIO": 1, "GENERO": 5, "COD_LOCA": "10", "ESPECIALID": 13, "CLASE_TIPO": 1, "BILINGUE": 5, "FECHA": "2024-04-30", "DANE12_EST": "111001010740", "DANE12_SED": "111001015351", "DA_HIPOACU": 0, "DA_SORDERA": 0, "DA_LENGUAS": 0, "DA_UCASTEL": 0, "DISCAP_FIS": 1, "DISCAP_FLE": 0, "DISCAP_PCE": 0, "DI_DCOGNIT": 2, "DI_SDOWN": 0, "DIS_MULTIP": 4, "DIS_PSICOS": 0, "DV_BAJAVIS": 0, "DIS_CEGUER": 0, "T_ESPECTRO": 0, "T_VOZ_Y_HA": 0, "SISTEMICA": 0, "SORDOCEGUE": 0, "OTRA": 0, "TOT_EST_MA": 8, "AFRODESCEN": 1, "INDIGENAS": 1, "NEGRITUDES": 1, "PALENQUERO": 0, "RAIZALES": 0, "ROM": 0, "TOT_EST_ET": 3, "CAPACID_EX": 0, "DOBLE_EXCE": 0, "TE_ACTFISI": 0, "TE_ARTES": 0, "TE_CNATUR": 0, "TE_CSOCIAL": 0, "TE_LDSOCIA": 0, "TE_TECNOLO": 0, "TOT_EST_CA": 0, "TMATRIC_GE": 806, "Zona": 1 }, "geometry": { "type": "Point", "coordinates": [ -8248061.9945, 520765.579199999570847 ] } },
{ "type": "Feature", "properties": { "NOMBRE_EST": "COLEGIO INSTITUTO TECNICO INDUSTRIAL FRANCISCO JOSE DE CALDAS (IED)", "NOMBRE_SED": "CLEMENCIA DE CAYCEDO", "ORDEN_DE_S": "C", "DIRECCION": "CL 68 A # 68 D - 51  --  KR 60 # 67 - 84", "DISCAPACID": "AUDITIVA-INTELECTUAL-MULTIPLE-VISUAL", "TALENTOS_O": "TALENTO EXCEPCIONAL EN ACTIVIDAD FISICA, EJERCICIO Y DEPORTE-TALENTO EXCEPCIONAL EN TECNOLOGIA", "GRUPOS_ETN": "AFRODESCENDIENTES", "SECTOR": 2, "NATU_JUR": 9, "CALENDARIO": 1, "GENERO": 5, "COD_LOCA": "10", "ESPECIALID": 13, "CLASE_TIPO": 1, "BILINGUE": 5, "FECHA": "2024-04-30", "DANE12_EST": "111001010740", "DANE12_SED": "111001015431", "DA_HIPOACU": 0, "DA_SORDERA": 0, "DA_LENGUAS": 0, "DA_UCASTEL": 0, "DISCAP_FIS": 0, "DISCAP_FLE": 0, "DISCAP_PCE": 0, "DI_DCOGNIT": 3, "DI_SDOWN": 0, "DIS_MULTIP": 4, "DIS_PSICOS": 0, "DV_BAJAVIS": 0, "DIS_CEGUER": 0, "T_ESPECTRO": 0, "T_VOZ_Y_HA": 0, "SISTEMICA": 0, "SORDOCEGUE": 0, "OTRA": 0, "TOT_EST_MA": 8, "AFRODESCEN": 1, "INDIGENAS": 1, "NEGRITUDES": 0, "PALENQUERO": 0, "RAIZALES": 0, "ROM": 0, "TOT_EST_ET": 2, "CAPACID_EX": 0, "DOBLE_EXCE": 0, "TE_ACTFISI": 0, "TE_ARTES": 0, "TE_CNATUR": 0, "TE_CSOCIAL": 0, "TE_LDSOCIA": 0, "TE_TECNOLO": 0, "TOT_EST_CA": 0, "TMATRIC_GE": 483, "Zona": 1 }, "geometry": { "type": "Point", "coordinates": [ -8247655.216399999335408, 521178.85249999910593 ] } },
{ "type": "Feature", "properties": { "NOMBRE_EST": "COLEGIO INSTITUTO TECNICO INDUSTRIAL FRANCISCO JOSE DE CALDAS (IED)", "NOMBRE_SED": "DAMASO ZAPATA", "ORDEN_DE_S": "D", "DIRECCION": "CL 68 A # 68 D - 51", "DISCAPACID": "AUDITIVA-MULTIPLE", "TALENTOS_O": "TALENTO EXCEPCIONAL EN ACTIVIDAD FISICA, EJERCICIO Y DEPORTE-TALENTO EXCEPCIONAL EN ARTES Y LETRAS-TALENTO EXCEPCIONAL EN CIENCIAS NATURALES O BASICAS-TALENTO EXCEPCIONAL EN LIDERAZGO SOCIAL Y EMPRENDIMIENTO-TALENTO EXCEPCIONAL EN TECNOLOGIA", "GRUPOS_ETN": "INDIGENAS", "SECTOR": 2, "NATU_JUR": 9, "CALENDARIO": 1, "GENERO": 5, "COD_LOCA": "10", "ESPECIALID": 13, "CLASE_TIPO": 1, "BILINGUE": 5, "FECHA": "2024-04-30", "DANE12_EST": "111001010740", "DANE12_SED": "111001015393", "DA_HIPOACU": 0, "DA_SORDERA": 0, "DA_LENGUAS": 0, "DA_UCASTEL": 0, "DISCAP_FIS": 0, "DISCAP_FLE": 0, "DISCAP_PCE": 0, "DI_DCOGNIT": 0, "DI_SDOWN": 0, "DIS_MULTIP": 1, "DIS_PSICOS": 0, "DV_BAJAVIS": 0, "DIS_CEGUER": 0, "T_ESPECTRO": 0, "T_VOZ_Y_HA": 0, "SISTEMICA": 0, "SORDOCEGUE": 0, "OTRA": 0, "TOT_EST_MA": 1, "AFRODESCEN": 1, "INDIGENAS": 2, "NEGRITUDES": 0, "PALENQUERO": 0, "RAIZALES": 0, "ROM": 0, "TOT_EST_ET": 3, "CAPACID_EX": 1, "DOBLE_EXCE": 0, "TE_ACTFISI": 1, "TE_ARTES": 0, "TE_CNATUR": 0, "TE_CSOCIAL": 0, "TE_LDSOCIA": 0, "TE_TECNOLO": 0, "TOT_EST_CA": 1, "TMATRIC_GE": 375, "Zona": 1 }, "geometry": { "type": "Point", "coordinates": [ -8247655.216399999335408, 521178.85249999910593 ] } },
{ "type": "Feature", "properties": { "NOMBRE_EST": "COLEGIO MIGUEL ANTONIO CARO (IED)", "NOMBRE_SED": "MIGUEL ANTONIO CARO", "ORDEN_DE_S": "A", "DIRECCION": "TV 94 # 81 A - 29", "DISCAPACID": "AUDITIVA-FISICA-INTELECTUAL-MENTAL/PSICOSOCIAL-MULTIPLE", "TALENTOS_O": "CAPACIDADES EXCEPCIONALES-TALENTO EXCEPCIONAL EN ACTIVIDAD FISICA, EJERCICIO Y DEPORTE-TALENTO EXCEPCIONAL EN CIENCIAS NATURALES O BASICAS-TALENTO EXCEPCIONAL EN LIDERAZGO SOCIAL Y EMPRENDIMIENTO-TALENTO EXCEPCIONAL EN TECNOLOGIA", "GRUPOS_ETN": "AFRODESCENDIENTES-INDIGENAS-NEGRITUDES", "SECTOR": 2, "NATU_JUR": 9, "CALENDARIO": 1, "GENERO": 5, "COD_LOCA": "10", "ESPECIALID": 1, "CLASE_TIPO": 1, "BILINGUE": 5, "FECHA": "2024-04-30", "DANE12_EST": "111001011070", "DANE12_SED": "111001011070", "DA_HIPOACU": 2, "DA_SORDERA": 0, "DA_LENGUAS": 0, "DA_UCASTEL": 0, "DISCAP_FIS": 2, "DISCAP_FLE": 0, "DISCAP_PCE": 0, "DI_DCOGNIT": 28, "DI_SDOWN": 0, "DIS_MULTIP": 6, "DIS_PSICOS": 8, "DV_BAJAVIS": 0, "DIS_CEGUER": 0, "T_ESPECTRO": 0, "T_VOZ_Y_HA": 0, "SISTEMICA": 0, "SORDOCEGUE": 0, "OTRA": 0, "TOT_EST_MA": 46, "AFRODESCEN": 3, "INDIGENAS": 10, "NEGRITUDES": 4, "PALENQUERO": 0, "RAIZALES": 0, "ROM": 0, "TOT_EST_ET": 17, "CAPACID_EX": 1, "DOBLE_EXCE": 0, "TE_ACTFISI": 0, "TE_ARTES": 0, "TE_CNATUR": 0, "TE_CSOCIAL": 0, "TE_LDSOCIA": 0, "TE_TECNOLO": 1, "TOT_EST_CA": 1, "TMATRIC_GE": 1241, "Zona": 1 }, "geometry": { "type": "Point", "coordinates": [ -8249322.851299999281764, 524716.295200001448393 ] } },
{ "type": "Feature", "properties": { "NOMBRE_EST": "COLEGIO JOSE ASUNCION SILVA (IED)", "NOMBRE_SED": "JOSE ASUNCION SILVA", "ORDEN_DE_S": "A", "DIRECCION": "KR 92 # 89 - 79", "DISCAPACID": "AUDITIVA-INTELECTUAL-MULTIPLE", "TALENTOS_O": "TALENTO EXCEPCIONAL EN ACTIVIDAD FISICA, EJERCICIO Y DEPORTE", "GRUPOS_ETN": "AFRODESCENDIENTES-INDIGENAS-NEGRITUDES", "SECTOR": 2, "NATU_JUR": 9, "CALENDARIO": 1, "GENERO": 5, "COD_LOCA": "10", "ESPECIALID": 1, "CLASE_TIPO": 1, "BILINGUE": 5, "FECHA": "2024-04-30", "DANE12_EST": "111001011771", "DANE12_SED": "111001011771", "DA_HIPOACU": 0, "DA_SORDERA": 0, "DA_LENGUAS": 0, "DA_UCASTEL": 0, "DISCAP_FIS": 0, "DISCAP_FLE": 0, "DISCAP_PCE": 0, "DI_DCOGNIT": 19, "DI_SDOWN": 0, "DIS_MULTIP": 2, "DIS_PSICOS": 0, "DV_BAJAVIS": 0, "DIS_CEGUER": 0, "T_ESPECTRO": 0, "T_VOZ_Y_HA": 0, "SISTEMICA": 0, "SORDOCEGUE": 0, "OTRA": 0, "TOT_EST_MA": 22, "AFRODESCEN": 7, "INDIGENAS": 8, "NEGRITUDES": 3, "PALENQUERO": 0, "RAIZALES": 0, "ROM": 0, "TOT_EST_ET": 18, "CAPACID_EX": 0, "DOBLE_EXCE": 0, "TE_ACTFISI": 0, "TE_ARTES": 0, "TE_CNATUR": 0, "TE_CSOCIAL": 0, "TE_LDSOCIA": 0, "TE_TECNOLO": 0, "TOT_EST_CA": 0, "TMATRIC_GE": 549, "Zona": 1 }, "geometry": { "type": "Point", "coordinates": [ -8248612.589600000530481, 525211.969399999827147 ] } },
{ "type": "Feature", "properties": { "NOMBRE_EST": "COLEGIO JOSE ASUNCION SILVA (IED)", "NOMBRE_SED": "SIDAUTO", "ORDEN_DE_S": "B", "DIRECCION": "CL 91 # 89 A - 42", "DISCAPACID": "FISICA-INTELECTUAL", "TALENTOS_O": "TALENTO EXCEPCIONAL EN TECNOLOGIA", "GRUPOS_ETN": "AFRODESCENDIENTES", "SECTOR": 2, "NATU_JUR": 9, "CALENDARIO": 1, "GENERO": 5, "COD_LOCA": "10", "ESPECIALID": 13, "CLASE_TIPO": 1, "BILINGUE": 5, "FECHA": "2024-04-30", "DANE12_EST": "111001011771", "DANE12_SED": "111001024708", "DA_HIPOACU": 0, "DA_SORDERA": 0, "DA_LENGUAS": 0, "DA_UCASTEL": 0, "DISCAP_FIS": 2, "DISCAP_FLE": 0, "DISCAP_PCE": 0, "DI_DCOGNIT": 4, "DI_SDOWN": 0, "DIS_MULTIP": 0, "DIS_PSICOS": 0, "DV_BAJAVIS": 0, "DIS_CEGUER": 0, "T_ESPECTRO": 0, "T_VOZ_Y_HA": 0, "SISTEMICA": 0, "SORDOCEGUE": 0, "OTRA": 0, "TOT_EST_MA": 6, "AFRODESCEN": 1, "INDIGENAS": 0, "NEGRITUDES": 0, "PALENQUERO": 0, "RAIZALES": 0, "ROM": 0, "TOT_EST_ET": 1, "CAPACID_EX": 0, "DOBLE_EXCE": 0, "TE_ACTFISI": 0, "TE_ARTES": 0, "TE_CNATUR": 0, "TE_CSOCIAL": 0, "TE_LDSOCIA": 0, "TE_TECNOLO": 0, "TOT_EST_CA": 0, "TMATRIC_GE": 211, "Zona": 1 }, "geometry": { "type": "Point", "coordinates": [ -8248324.160800000652671, 525288.157800000160933 ] } },
{ "type": "Feature", "properties": { "NOMBRE_EST": "COLEGIO MORISCO (IED)", "NOMBRE_SED": "MORISCO", "ORDEN_DE_S": "A", "DIRECCION": "DG 83 # 73 A - 12  --  DG 83 # 73 - 12", "DISCAPACID": "FISICA-INTELECTUAL-MENTAL/PSICOSOCIAL-MULTIPLE", "TALENTOS_O": "CAPACIDADES EXCEPCIONALES-TALENTO EXCEPCIONAL EN ACTIVIDAD FISICA, EJERCICIO Y DEPORTE-TALENTO EXCEPCIONAL EN ARTES Y LETRAS-TALENTO EXCEPCIONAL EN TECNOLOGIA", "GRUPOS_ETN": "AFRODESCENDIENTES-INDIGENAS-NEGRITUDES", "SECTOR": 2, "NATU_JUR": 9, "CALENDARIO": 1, "GENERO": 5, "COD_LOCA": "10", "ESPECIALID": 1, "CLASE_TIPO": 1, "BILINGUE": 5, "FECHA": "2024-04-30", "DANE12_EST": "111001012441", "DANE12_SED": "111001012441", "DA_HIPOACU": 0, "DA_SORDERA": 0, "DA_LENGUAS": 0, "DA_UCASTEL": 0, "DISCAP_FIS": 2, "DISCAP_FLE": 0, "DISCAP_PCE": 0, "DI_DCOGNIT": 8, "DI_SDOWN": 0, "DIS_MULTIP": 17, "DIS_PSICOS": 1, "DV_BAJAVIS": 0, "DIS_CEGUER": 0, "T_ESPECTRO": 0, "T_VOZ_Y_HA": 0, "SISTEMICA": 0, "SORDOCEGUE": 0, "OTRA": 0, "TOT_EST_MA": 29, "AFRODESCEN": 2, "INDIGENAS": 3, "NEGRITUDES": 2, "PALENQUERO": 0, "RAIZALES": 0, "ROM": 0, "TOT_EST_ET": 7, "CAPACID_EX": 0, "DOBLE_EXCE": 0, "TE_ACTFISI": 0, "TE_ARTES": 0, "TE_CNATUR": 0, "TE_CSOCIAL": 0, "TE_LDSOCIA": 0, "TE_TECNOLO": 0, "TOT_EST_CA": 0, "TMATRIC_GE": 1005, "Zona": 1 }, "geometry": { "type": "Point", "coordinates": [ -8247720.661100000143051, 524420.169100001454353 ] } },
{ "type": "Feature", "properties": { "NOMBRE_EST": "COLEGIO SAN JOSE NORTE (IED)", "NOMBRE_SED": "SAN JOSE NORTE", "ORDEN_DE_S": "A", "DIRECCION": "KR 84 # 75 A - 09  --  KR 84 A # 75 A - 08", "DISCAPACID": "AUDITIVA-INTELECTUAL-MULTIPLE-VISUAL", "TALENTOS_O": "CAPACIDADES EXCEPCIONALES", "GRUPOS_ETN": null, "SECTOR": 2, "NATU_JUR": 9, "CALENDARIO": 1, "GENERO": 5, "COD_LOCA": "10", "ESPECIALID": 1, "CLASE_TIPO": 1, "BILINGUE": 5, "FECHA": "2024-04-30", "DANE12_EST": "111001012459", "DANE12_SED": "111001012459", "DA_HIPOACU": 0, "DA_SORDERA": 0, "DA_LENGUAS": 0, "DA_UCASTEL": 0, "DISCAP_FIS": 1, "DISCAP_FLE": 0, "DISCAP_PCE": 0, "DI_DCOGNIT": 12, "DI_SDOWN": 0, "DIS_MULTIP": 2, "DIS_PSICOS": 2, "DV_BAJAVIS": 0, "DIS_CEGUER": 0, "T_ESPECTRO": 0, "T_VOZ_Y_HA": 0, "SISTEMICA": 0, "SORDOCEGUE": 0, "OTRA": 0, "TOT_EST_MA": 18, "AFRODESCEN": 0, "INDIGENAS": 2, "NEGRITUDES": 0, "PALENQUERO": 0, "RAIZALES": 0, "ROM": 0, "TOT_EST_ET": 2, "CAPACID_EX": 1, "DOBLE_EXCE": 0, "TE_ACTFISI": 1, "TE_ARTES": 0, "TE_CNATUR": 0, "TE_CSOCIAL": 0, "TE_LDSOCIA": 0, "TE_TECNOLO": 0, "TOT_EST_CA": 1, "TMATRIC_GE": 669, "Zona": 1 }, "geometry": { "type": "Point", "coordinates": [ -8248996.509400000795722, 523709.195700000971556 ] } },
{ "type": "Feature", "properties": { "NOMBRE_EST": "COLEGIO SAN JOSE NORTE (IED)", "NOMBRE_SED": "AGUAS CLARAS", "ORDEN_DE_S": "B", "DIRECCION": "KR 83 # 73 A - 80", "DISCAPACID": "INTELECTUAL-MULTIPLE-VISUAL", "TALENTOS_O": "CAPACIDADES EXCEPCIONALES-TALENTO EXCEPCIONAL EN ACTIVIDAD FISICA, EJERCICIO Y DEPORTE-TALENTO EXCEPCIONAL EN ARTES Y LETRAS", "GRUPOS_ETN": "AFRODESCENDIENTES-INDIGENAS", "SECTOR": 2, "NATU_JUR": 9, "CALENDARIO": 1, "GENERO": 5, "COD_LOCA": "10", "ESPECIALID": 1, "CLASE_TIPO": 1, "BILINGUE": 5, "FECHA": "2024-04-30", "DANE12_EST": "111001012459", "DANE12_SED": "111001033944", "DA_HIPOACU": 0, "DA_SORDERA": 0, "DA_LENGUAS": 0, "DA_UCASTEL": 0, "DISCAP_FIS": 1, "DISCAP_FLE": 0, "DISCAP_PCE": 0, "DI_DCOGNIT": 1, "DI_SDOWN": 0, "DIS_MULTIP": 2, "DIS_PSICOS": 0, "DV_BAJAVIS": 1, "DIS_CEGUER": 0, "T_ESPECTRO": 0, "T_VOZ_Y_HA": 0, "SISTEMICA": 0, "SORDOCEGUE": 0, "OTRA": 0, "TOT_EST_MA": 5, "AFRODESCEN": 3, "INDIGENAS": 2, "NEGRITUDES": 0, "PALENQUERO": 0, "RAIZALES": 0, "ROM": 0, "TOT_EST_ET": 5, "CAPACID_EX": 2, "DOBLE_EXCE": 0, "TE_ACTFISI": 2, "TE_ARTES": 0, "TE_CNATUR": 0, "TE_CSOCIAL": 0, "TE_LDSOCIA": 0, "TE_TECNOLO": 0, "TOT_EST_CA": 2, "TMATRIC_GE": 444, "Zona": 1 }, "geometry": { "type": "Point", "coordinates": [ -8249083.102600000798702, 523336.068599998950958 ] } },
{ "type": "Feature", "properties": { "NOMBRE_EST": "COLEGIO TABORA (IED)", "NOMBRE_SED": "TABORA", "ORDEN_DE_S": "A", "DIRECCION": "KR 77 B # 74 A - 02", "DISCAPACID": "AUDITIVA-FISICA-INTELECTUAL-MENTAL/PSICOSOCIAL-MULTIPLE-VISUAL", "TALENTOS_O": "TALENTO EXCEPCIONAL EN ACTIVIDAD FISICA, EJERCICIO Y DEPORTE", "GRUPOS_ETN": "AFRODESCENDIENTES-INDIGENAS", "SECTOR": 2, "NATU_JUR": 9, "CALENDARIO": 1, "GENERO": 5, "COD_LOCA": "10", "ESPECIALID": 1, "CLASE_TIPO": 1, "BILINGUE": 5, "FECHA": "2024-04-30", "DANE12_EST": "111001012483", "DANE12_SED": "111001012483", "DA_HIPOACU": 2, "DA_SORDERA": 0, "DA_LENGUAS": 0, "DA_UCASTEL": 0, "DISCAP_FIS": 2, "DISCAP_FLE": 0, "DISCAP_PCE": 0, "DI_DCOGNIT": 22, "DI_SDOWN": 0, "DIS_MULTIP": 5, "DIS_PSICOS": 1, "DV_BAJAVIS": 1, "DIS_CEGUER": 0, "T_ESPECTRO": 0, "T_VOZ_Y_HA": 0, "SISTEMICA": 0, "SORDOCEGUE": 0, "OTRA": 0, "TOT_EST_MA": 33, "AFRODESCEN": 4, "INDIGENAS": 2, "NEGRITUDES": 1, "PALENQUERO": 0, "RAIZALES": 0, "ROM": 0, "TOT_EST_ET": 7, "CAPACID_EX": 0, "DOBLE_EXCE": 0, "TE_ACTFISI": 0, "TE_ARTES": 0, "TE_CNATUR": 0, "TE_CSOCIAL": 0, "TE_LDSOCIA": 0, "TE_TECNOLO": 0, "TOT_EST_CA": 0, "TMATRIC_GE": 1176, "Zona": 1 }, "geometry": { "type": "Point", "coordinates": [ -8248550.064799999818206, 523124.665100000798702 ] } },
{ "type": "Feature", "properties": { "NOMBRE_EST": "COLEGIO TABORA (IED)", "NOMBRE_SED": "SANTA MARIA DEL LAGO", "ORDEN_DE_S": "B", "DIRECCION": "CL 74 B # 73 A - 30", "DISCAPACID": "INTELECTUAL", "TALENTOS_O": "TALENTO EXCEPCIONAL EN ACTIVIDAD FISICA, EJERCICIO Y DEPORTE-TALENTO EXCEPCIONAL EN ARTES Y LETRAS-TALENTO EXCEPCIONAL EN CIENCIAS SOCIALES O HUMANAS", "GRUPOS_ETN": "AFRODESCENDIENTES-INDIGENAS", "SECTOR": 2, "NATU_JUR": 9, "CALENDARIO": 1, "GENERO": 5, "COD_LOCA": "10", "ESPECIALID": 13, "CLASE_TIPO": 1, "BILINGUE": 5, "FECHA": "2024-04-30", "DANE12_EST": "111001012483", "DANE12_SED": "111001013099", "DA_HIPOACU": 0, "DA_SORDERA": 0, "DA_LENGUAS": 0, "DA_UCASTEL": 0, "DISCAP_FIS": 1, "DISCAP_FLE": 0, "DISCAP_PCE": 0, "DI_DCOGNIT": 1, "DI_SDOWN": 0, "DIS_MULTIP": 1, "DIS_PSICOS": 2, "DV_BAJAVIS": 0, "DIS_CEGUER": 0, "T_ESPECTRO": 0, "T_VOZ_Y_HA": 0, "SISTEMICA": 0, "SORDOCEGUE": 0, "OTRA": 0, "TOT_EST_MA": 5, "AFRODESCEN": 1, "INDIGENAS": 6, "NEGRITUDES": 0, "PALENQUERO": 0, "RAIZALES": 0, "ROM": 0, "TOT_EST_ET": 7, "CAPACID_EX": 0, "DOBLE_EXCE": 0, "TE_ACTFISI": 0, "TE_ARTES": 0, "TE_CNATUR": 0, "TE_CSOCIAL": 0, "TE_LDSOCIA": 0, "TE_TECNOLO": 0, "TOT_EST_CA": 0, "TMATRIC_GE": 407, "Zona": 1 }, "geometry": { "type": "Point", "coordinates": [ -8248191.562599999830127, 522859.156100001186132 ] } },
{ "type": "Feature", "properties": { "NOMBRE_EST": "COLEGIO NACIONES UNIDAS (IED)", "NOMBRE_SED": "NACIONES UNIDAS", "ORDEN_DE_S": "A", "DIRECCION": "CL 73 BIS # 68 G - 27", "DISCAPACID": "FISICA-INTELECTUAL-MULTIPLE", "TALENTOS_O": null, "GRUPOS_ETN": "INDIGENAS", "SECTOR": 2, "NATU_JUR": 9, "CALENDARIO": 1, "GENERO": 5, "COD_LOCA": "10", "ESPECIALID": 1, "CLASE_TIPO": 1, "BILINGUE": 5, "FECHA": "2024-04-30", "DANE12_EST": "111001013293", "DANE12_SED": "111001013293", "DA_HIPOACU": 0, "DA_SORDERA": 0, "DA_LENGUAS": 0, "DA_UCASTEL": 0, "DISCAP_FIS": 4, "DISCAP_FLE": 0, "DISCAP_PCE": 0, "DI_DCOGNIT": 4, "DI_SDOWN": 0, "DIS_MULTIP": 3, "DIS_PSICOS": 0, "DV_BAJAVIS": 0, "DIS_CEGUER": 0, "T_ESPECTRO": 0, "T_VOZ_Y_HA": 0, "SISTEMICA": 0, "SORDOCEGUE": 0, "OTRA": 0, "TOT_EST_MA": 11, "AFRODESCEN": 0, "INDIGENAS": 2, "NEGRITUDES": 0, "PALENQUERO": 0, "RAIZALES": 0, "ROM": 0, "TOT_EST_ET": 2, "CAPACID_EX": 0, "DOBLE_EXCE": 0, "TE_ACTFISI": 0, "TE_ARTES": 0, "TE_CNATUR": 0, "TE_CSOCIAL": 0, "TE_LDSOCIA": 0, "TE_TECNOLO": 0, "TOT_EST_CA": 0, "TMATRIC_GE": 451, "Zona": 1 }, "geometry": { "type": "Point", "coordinates": [ -8247343.005300000309944, 521642.439399998635054 ] } },
{ "type": "Feature", "properties": { "NOMBRE_EST": "COLEGIO NACIONES UNIDAS (IED)", "NOMBRE_SED": "JAIRO ANIBAL NIÑO", "ORDEN_DE_S": "B", "DIRECCION": "CL 73 A # 69 J - 10", "DISCAPACID": "FISICA-INTELECTUAL-MULTIPLE", "TALENTOS_O": null, "GRUPOS_ETN": "INDIGENAS-NEGRITUDES-RAIZALES", "SECTOR": 2, "NATU_JUR": 9, "CALENDARIO": 1, "GENERO": 5, "COD_LOCA": "10", "ESPECIALID": 1, "CLASE_TIPO": 1, "BILINGUE": 5, "FECHA": "2024-04-30", "DANE12_EST": "111001013293", "DANE12_SED": "111001015181", "DA_HIPOACU": 0, "DA_SORDERA": 0, "DA_LENGUAS": 0, "DA_UCASTEL": 0, "DISCAP_FIS": 1, "DISCAP_FLE": 0, "DISCAP_PCE": 0, "DI_DCOGNIT": 13, "DI_SDOWN": 0, "DIS_MULTIP": 2, "DIS_PSICOS": 0, "DV_BAJAVIS": 0, "DIS_CEGUER": 0, "T_ESPECTRO": 0, "T_VOZ_Y_HA": 0, "SISTEMICA": 0, "SORDOCEGUE": 0, "OTRA": 0, "TOT_EST_MA": 16, "AFRODESCEN": 1, "INDIGENAS": 4, "NEGRITUDES": 3, "PALENQUERO": 0, "RAIZALES": 1, "ROM": 0, "TOT_EST_ET": 9, "CAPACID_EX": 1, "DOBLE_EXCE": 0, "TE_ACTFISI": 1, "TE_ARTES": 0, "TE_CNATUR": 0, "TE_CSOCIAL": 0, "TE_LDSOCIA": 0, "TE_TECNOLO": 0, "TOT_EST_CA": 1, "TMATRIC_GE": 549, "Zona": 1 }, "geometry": { "type": "Point", "coordinates": [ -8247503.22069999948144, 522043.174199998378754 ] } },
{ "type": "Feature", "properties": { "NOMBRE_EST": "COLEGIO FLORIDABLANCA (IED)", "NOMBRE_SED": "FLORIDABLANCA", "ORDEN_DE_S": "A", "DIRECCION": "CL 70 A # 94 - 38", "DISCAPACID": "INTELECTUAL-MULTIPLE", "TALENTOS_O": "TALENTO EXCEPCIONAL EN ACTIVIDAD FISICA, EJERCICIO Y DEPORTE-TALENTO EXCEPCIONAL EN TECNOLOGIA", "GRUPOS_ETN": "AFRODESCENDIENTES-INDIGENAS-NEGRITUDES", "SECTOR": 2, "NATU_JUR": 9, "CALENDARIO": 1, "GENERO": 5, "COD_LOCA": "10", "ESPECIALID": 1, "CLASE_TIPO": 1, "BILINGUE": 5, "FECHA": "2024-04-30", "DANE12_EST": "111001015458", "DANE12_SED": "111001015458", "DA_HIPOACU": 0, "DA_SORDERA": 0, "DA_LENGUAS": 0, "DA_UCASTEL": 0, "DISCAP_FIS": 0, "DISCAP_FLE": 0, "DISCAP_PCE": 0, "DI_DCOGNIT": 6, "DI_SDOWN": 0, "DIS_MULTIP": 4, "DIS_PSICOS": 0, "DV_BAJAVIS": 0, "DIS_CEGUER": 0, "T_ESPECTRO": 0, "T_VOZ_Y_HA": 0, "SISTEMICA": 0, "SORDOCEGUE": 0, "OTRA": 0, "TOT_EST_MA": 11, "AFRODESCEN": 5, "INDIGENAS": 6, "NEGRITUDES": 0, "PALENQUERO": 0, "RAIZALES": 0, "ROM": 0, "TOT_EST_ET": 11, "CAPACID_EX": 0, "DOBLE_EXCE": 0, "TE_ACTFISI": 0, "TE_ARTES": 0, "TE_CNATUR": 0, "TE_CSOCIAL": 0, "TE_LDSOCIA": 0, "TE_TECNOLO": 0, "TOT_EST_CA": 0, "TMATRIC_GE": 941, "Zona": 1 }, "geometry": { "type": "Point", "coordinates": [ -8250361.163899999111891, 523567.230399999767542 ] } },
{ "type": "Feature", "properties": { "NOMBRE_EST": "COLEGIO FLORIDABLANCA (IED)", "NOMBRE_SED": "RAFAEL POMBO", "ORDEN_DE_S": "B", "DIRECCION": "KR 89 # 66 A - 14", "DISCAPACID": "AUDITIVA-INTELECTUAL-VISUAL", "TALENTOS_O": "TALENTO EXCEPCIONAL EN ARTES Y LETRAS", "GRUPOS_ETN": "AFRODESCENDIENTES-INDIGENAS", "SECTOR": 2, "NATU_JUR": 9, "CALENDARIO": 1, "GENERO": 5, "COD_LOCA": "10", "ESPECIALID": 13, "CLASE_TIPO": 1, "BILINGUE": 5, "FECHA": "2024-04-30", "DANE12_EST": "111001015458", "DANE12_SED": "111001015342", "DA_HIPOACU": 0, "DA_SORDERA": 0, "DA_LENGUAS": 0, "DA_UCASTEL": 0, "DISCAP_FIS": 0, "DISCAP_FLE": 0, "DISCAP_PCE": 0, "DI_DCOGNIT": 2, "DI_SDOWN": 0, "DIS_MULTIP": 1, "DIS_PSICOS": 0, "DV_BAJAVIS": 1, "DIS_CEGUER": 0, "T_ESPECTRO": 0, "T_VOZ_Y_HA": 0, "SISTEMICA": 0, "SORDOCEGUE": 0, "OTRA": 0, "TOT_EST_MA": 5, "AFRODESCEN": 0, "INDIGENAS": 1, "NEGRITUDES": 0, "PALENQUERO": 0, "RAIZALES": 0, "ROM": 0, "TOT_EST_ET": 1, "CAPACID_EX": 0, "DOBLE_EXCE": 0, "TE_ACTFISI": 0, "TE_ARTES": 0, "TE_CNATUR": 0, "TE_CSOCIAL": 0, "TE_LDSOCIA": 0, "TE_TECNOLO": 0, "TOT_EST_CA": 0, "TMATRIC_GE": 545, "Zona": 1 }, "geometry": { "type": "Point", "coordinates": [ -8250057.045700000599027, 522837.384300000965595 ] } },
{ "type": "Feature", "properties": { "NOMBRE_EST": "COLEGIO FLORIDABLANCA (IED)", "NOMBRE_SED": "FLORIDABLANCA II", "ORDEN_DE_S": "C", "DIRECCION": "KR 90 B # 71 - 12", "DISCAPACID": "MULTIPLE", "TALENTOS_O": "TALENTO EXCEPCIONAL EN ACTIVIDAD FISICA, EJERCICIO Y DEPORTE-TALENTO EXCEPCIONAL EN ARTES Y LETRAS-TALENTO EXCEPCIONAL EN CIENCIAS NATURALES O BASICAS-TALENTO EXCEPCIONAL EN LIDERAZGO SOCIAL Y EMPRENDIMIENTO", "GRUPOS_ETN": "AFRODESCENDIENTES-INDIGENAS", "SECTOR": 2, "NATU_JUR": 9, "CALENDARIO": 1, "GENERO": 5, "COD_LOCA": "10", "ESPECIALID": 13, "CLASE_TIPO": 1, "BILINGUE": 5, "FECHA": "2024-04-30", "DANE12_EST": "111001015458", "DANE12_SED": "111001033995", "DA_HIPOACU": 0, "DA_SORDERA": 0, "DA_LENGUAS": 0, "DA_UCASTEL": 0, "DISCAP_FIS": 0, "DISCAP_FLE": 0, "DISCAP_PCE": 0, "DI_DCOGNIT": 0, "DI_SDOWN": 0, "DIS_MULTIP": 2, "DIS_PSICOS": 0, "DV_BAJAVIS": 0, "DIS_CEGUER": 0, "T_ESPECTRO": 0, "T_VOZ_Y_HA": 0, "SISTEMICA": 0, "SORDOCEGUE": 0, "OTRA": 0, "TOT_EST_MA": 2, "AFRODESCEN": 2, "INDIGENAS": 1, "NEGRITUDES": 0, "PALENQUERO": 0, "RAIZALES": 0, "ROM": 0, "TOT_EST_ET": 3, "CAPACID_EX": 0, "DOBLE_EXCE": 0, "TE_ACTFISI": 0, "TE_ARTES": 0, "TE_CNATUR": 0, "TE_CSOCIAL": 0, "TE_LDSOCIA": 0, "TE_TECNOLO": 0, "TOT_EST_CA": 0, "TMATRIC_GE": 343, "Zona": 1 }, "geometry": { "type": "Point", "coordinates": [ -8249927.518799999728799, 523435.475699998438358 ] } },
{ "type": "Feature", "properties": { "NOMBRE_EST": "COLEGIO JORGE GAITAN CORTES (IED)", "NOMBRE_SED": "JORGE GAITAN CORTES", "ORDEN_DE_S": "A", "DIRECCION": "KR 89 A # 86 - 24", "DISCAPACID": "INTELECTUAL-MENTAL/PSICOSOCIAL-MULTIPLE", "TALENTOS_O": "CAPACIDADES EXCEPCIONALES-TALENTO EXCEPCIONAL EN ARTES Y LETRAS-TALENTO EXCEPCIONAL EN LIDERAZGO SOCIAL Y EMPRENDIMIENTO", "GRUPOS_ETN": "AFRODESCENDIENTES-INDIGENAS", "SECTOR": 2, "NATU_JUR": 9, "CALENDARIO": 1, "GENERO": 5, "COD_LOCA": "10", "ESPECIALID": 13, "CLASE_TIPO": 1, "BILINGUE": 5, "FECHA": "2024-04-30", "DANE12_EST": "111001015806", "DANE12_SED": "111001015806", "DA_HIPOACU": 0, "DA_SORDERA": 0, "DA_LENGUAS": 0, "DA_UCASTEL": 0, "DISCAP_FIS": 0, "DISCAP_FLE": 0, "DISCAP_PCE": 0, "DI_DCOGNIT": 7, "DI_SDOWN": 0, "DIS_MULTIP": 1, "DIS_PSICOS": 2, "DV_BAJAVIS": 0, "DIS_CEGUER": 0, "T_ESPECTRO": 0, "T_VOZ_Y_HA": 0, "SISTEMICA": 0, "SORDOCEGUE": 0, "OTRA": 0, "TOT_EST_MA": 11, "AFRODESCEN": 1, "INDIGENAS": 1, "NEGRITUDES": 0, "PALENQUERO": 0, "RAIZALES": 0, "ROM": 0, "TOT_EST_ET": 2, "CAPACID_EX": 0, "DOBLE_EXCE": 0, "TE_ACTFISI": 0, "TE_ARTES": 0, "TE_CNATUR": 0, "TE_CSOCIAL": 0, "TE_LDSOCIA": 0, "TE_TECNOLO": 0, "TOT_EST_CA": 0, "TMATRIC_GE": 398, "Zona": 1 }, "geometry": { "type": "Point", "coordinates": [ -8248676.0929000005126, 524777.272599998861551 ] } },
{ "type": "Feature", "properties": { "NOMBRE_EST": "COLEGIO JORGE GAITAN CORTES (IED)", "NOMBRE_SED": "LA ESPAÑOLA", "ORDEN_DE_S": "B", "DIRECCION": "KR 84 # 83 - 71", "DISCAPACID": "INTELECTUAL-MULTIPLE", "TALENTOS_O": "CAPACIDADES EXCEPCIONALES-TALENTO EXCEPCIONAL EN ACTIVIDAD FISICA, EJERCICIO Y DEPORTE-TALENTO EXCEPCIONAL EN LIDERAZGO SOCIAL Y EMPRENDIMIENTO", "GRUPOS_ETN": null, "SECTOR": 2, "NATU_JUR": 9, "CALENDARIO": 1, "GENERO": 5, "COD_LOCA": "10", "ESPECIALID": 13, "CLASE_TIPO": 1, "BILINGUE": 5, "FECHA": "2024-04-30", "DANE12_EST": "111001015806", "DANE12_SED": "111001013561", "DA_HIPOACU": 0, "DA_SORDERA": 0, "DA_LENGUAS": 0, "DA_UCASTEL": 0, "DISCAP_FIS": 0, "DISCAP_FLE": 0, "DISCAP_PCE": 0, "DI_DCOGNIT": 3, "DI_SDOWN": 0, "DIS_MULTIP": 0, "DIS_PSICOS": 0, "DV_BAJAVIS": 0, "DIS_CEGUER": 0, "T_ESPECTRO": 0, "T_VOZ_Y_HA": 0, "SISTEMICA": 0, "SORDOCEGUE": 0, "OTRA": 0, "TOT_EST_MA": 3, "AFRODESCEN": 1, "INDIGENAS": 1, "NEGRITUDES": 0, "PALENQUERO": 0, "RAIZALES": 0, "ROM": 0, "TOT_EST_ET": 2, "CAPACID_EX": 0, "DOBLE_EXCE": 0, "TE_ACTFISI": 0, "TE_ARTES": 0, "TE_CNATUR": 0, "TE_CSOCIAL": 0, "TE_LDSOCIA": 0, "TE_TECNOLO": 0, "TOT_EST_CA": 0, "TMATRIC_GE": 173, "Zona": 1 }, "geometry": { "type": "Point", "coordinates": [ -8248536.744300000369549, 524326.35080000013113 ] } },
{ "type": "Feature", "properties": { "NOMBRE_EST": "COLEGIO JORGE GAITAN CORTES (IED)", "NOMBRE_SED": "ANDALUCIA", "ORDEN_DE_S": "C", "DIRECCION": "CL 82 D # 82 - 10", "DISCAPACID": "INTELECTUAL-MENTAL/PSICOSOCIAL-MULTIPLE", "TALENTOS_O": "TALENTO EXCEPCIONAL EN ACTIVIDAD FISICA, EJERCICIO Y DEPORTE-TALENTO EXCEPCIONAL EN ARTES Y LETRAS-TALENTO EXCEPCIONAL EN TECNOLOGIA", "GRUPOS_ETN": "AFRODESCENDIENTES-INDIGENAS-NEGRITUDES", "SECTOR": 2, "NATU_JUR": 9, "CALENDARIO": 1, "GENERO": 5, "COD_LOCA": "10", "ESPECIALID": 1, "CLASE_TIPO": 1, "BILINGUE": 5, "FECHA": "2024-04-30", "DANE12_EST": "111001015806", "DANE12_SED": "111001013609", "DA_HIPOACU": 0, "DA_SORDERA": 0, "DA_LENGUAS": 0, "DA_UCASTEL": 0, "DISCAP_FIS": 0, "DISCAP_FLE": 0, "DISCAP_PCE": 0, "DI_DCOGNIT": 15, "DI_SDOWN": 0, "DIS_MULTIP": 1, "DIS_PSICOS": 0, "DV_BAJAVIS": 0, "DIS_CEGUER": 0, "T_ESPECTRO": 0, "T_VOZ_Y_HA": 0, "SISTEMICA": 0, "SORDOCEGUE": 0, "OTRA": 0, "TOT_EST_MA": 16, "AFRODESCEN": 0, "INDIGENAS": 4, "NEGRITUDES": 2, "PALENQUERO": 0, "RAIZALES": 0, "ROM": 0, "TOT_EST_ET": 6, "CAPACID_EX": 0, "DOBLE_EXCE": 0, "TE_ACTFISI": 0, "TE_ARTES": 0, "TE_CNATUR": 0, "TE_CSOCIAL": 0, "TE_LDSOCIA": 0, "TE_TECNOLO": 0, "TOT_EST_CA": 0, "TMATRIC_GE": 582, "Zona": 1 }, "geometry": { "type": "Point", "coordinates": [ -8248380.683299999684095, 524133.968100000172853 ] } },
{ "type": "Feature", "properties": { "NOMBRE_EST": "COLEGIO REPUBLICA DE CHINA (IED)", "NOMBRE_SED": "REPUBLICA DE CHINA", "ORDEN_DE_S": "A", "DIRECCION": "KR 92 # 82 - 20", "DISCAPACID": "FISICA-INTELECTUAL-MENTAL/PSICOSOCIAL-MULTIPLE-SORDOCEGUERA-VISUAL", "TALENTOS_O": "TALENTO EXCEPCIONAL EN ACTIVIDAD FISICA, EJERCICIO Y DEPORTE-TALENTO EXCEPCIONAL EN ARTES Y LETRAS-TALENTO EXCEPCIONAL EN TECNOLOGIA", "GRUPOS_ETN": "AFRODESCENDIENTES-INDIGENAS-NEGRITUDES", "SECTOR": 2, "NATU_JUR": 9, "CALENDARIO": 1, "GENERO": 5, "COD_LOCA": "10", "ESPECIALID": 1, "CLASE_TIPO": 1, "BILINGUE": 5, "FECHA": "2024-04-30", "DANE12_EST": "111001015814", "DANE12_SED": "111001015814", "DA_HIPOACU": 0, "DA_SORDERA": 0, "DA_LENGUAS": 0, "DA_UCASTEL": 0, "DISCAP_FIS": 1, "DISCAP_FLE": 0, "DISCAP_PCE": 0, "DI_DCOGNIT": 44, "DI_SDOWN": 0, "DIS_MULTIP": 43, "DIS_PSICOS": 0, "DV_BAJAVIS": 3, "DIS_CEGUER": 0, "T_ESPECTRO": 0, "T_VOZ_Y_HA": 0, "SISTEMICA": 0, "SORDOCEGUE": 10, "OTRA": 0, "TOT_EST_MA": 102, "AFRODESCEN": 7, "INDIGENAS": 11, "NEGRITUDES": 12, "PALENQUERO": 0, "RAIZALES": 0, "ROM": 0, "TOT_EST_ET": 30, "CAPACID_EX": 0, "DOBLE_EXCE": 0, "TE_ACTFISI": 0, "TE_ARTES": 0, "TE_CNATUR": 0, "TE_CSOCIAL": 0, "TE_LDSOCIA": 0, "TE_TECNOLO": 0, "TOT_EST_CA": 0, "TMATRIC_GE": 1492, "Zona": 1 }, "geometry": { "type": "Point", "coordinates": [ -8249199.206599999219179, 524648.988899998366833 ] } },
{ "type": "Feature", "properties": { "NOMBRE_EST": "COLEGIO REPUBLICA DE CHINA (IED)", "NOMBRE_SED": "PRIMAVERA NORTE", "ORDEN_DE_S": "B", "DIRECCION": "CL 78 # 92 - 39  --  CL 80 B # 92 - 39", "DISCAPACID": "FISICA-INTELECTUAL-MENTAL/PSICOSOCIAL-MULTIPLE-VISUAL", "TALENTOS_O": "CAPACIDADES EXCEPCIONALES-TALENTO EXCEPCIONAL EN ACTIVIDAD FISICA, EJERCICIO Y DEPORTE-TALENTO EXCEPCIONAL EN ARTES Y LETRAS", "GRUPOS_ETN": "AFRODESCENDIENTES", "SECTOR": 2, "NATU_JUR": 9, "CALENDARIO": 1, "GENERO": 5, "COD_LOCA": "10", "ESPECIALID": 13, "CLASE_TIPO": 1, "BILINGUE": 5, "FECHA": "2024-04-30", "DANE12_EST": "111001015814", "DANE12_SED": "111001015784", "DA_HIPOACU": 0, "DA_SORDERA": 0, "DA_LENGUAS": 0, "DA_UCASTEL": 0, "DISCAP_FIS": 4, "DISCAP_FLE": 0, "DISCAP_PCE": 0, "DI_DCOGNIT": 5, "DI_SDOWN": 0, "DIS_MULTIP": 13, "DIS_PSICOS": 0, "DV_BAJAVIS": 1, "DIS_CEGUER": 0, "T_ESPECTRO": 0, "T_VOZ_Y_HA": 0, "SISTEMICA": 0, "SORDOCEGUE": 1, "OTRA": 0, "TOT_EST_MA": 24, "AFRODESCEN": 1, "INDIGENAS": 1, "NEGRITUDES": 1, "PALENQUERO": 0, "RAIZALES": 0, "ROM": 0, "TOT_EST_ET": 3, "CAPACID_EX": 0, "DOBLE_EXCE": 0, "TE_ACTFISI": 0, "TE_ARTES": 0, "TE_CNATUR": 0, "TE_CSOCIAL": 0, "TE_LDSOCIA": 0, "TE_TECNOLO": 0, "TOT_EST_CA": 0, "TMATRIC_GE": 342, "Zona": 1 }, "geometry": { "type": "Point", "coordinates": [ -8249442.098999999463558, 524463.3614999987185 ] } },
{ "type": "Feature", "properties": { "NOMBRE_EST": "COLEGIO MAGDALENA ORTEGA DE NARIÑO (IED)", "NOMBRE_SED": "MAGDALENA ORTEGA DE NARIÑO", "ORDEN_DE_S": "A", "DIRECCION": "KR 69 B # 78 A - 36", "DISCAPACID": "AUDITIVA-FISICA-INTELECTUAL-MENTAL/PSICOSOCIAL-MULTIPLE", "TALENTOS_O": "CAPACIDADES EXCEPCIONALES-TALENTO EXCEPCIONAL EN ACTIVIDAD FISICA, EJERCICIO Y DEPORTE-TALENTO EXCEPCIONAL EN ARTES Y LETRAS-TALENTO EXCEPCIONAL EN CIENCIAS SOCIALES O HUMANAS-TALENTO EXCEPCIONAL EN LIDERAZGO SOCIAL Y EMPRENDIMIENTO", "GRUPOS_ETN": "AFRODESCENDIENTES-INDIGENAS-NEGRITUDES", "SECTOR": 2, "NATU_JUR": 9, "CALENDARIO": 1, "GENERO": 5, "COD_LOCA": "10", "ESPECIALID": 1, "CLASE_TIPO": 1, "BILINGUE": 5, "FECHA": "2024-04-30", "DANE12_EST": "111001017795", "DANE12_SED": "111001017795", "DA_HIPOACU": 0, "DA_SORDERA": 0, "DA_LENGUAS": 0, "DA_UCASTEL": 0, "DISCAP_FIS": 4, "DISCAP_FLE": 0, "DISCAP_PCE": 0, "DI_DCOGNIT": 30, "DI_SDOWN": 0, "DIS_MULTIP": 5, "DIS_PSICOS": 8, "DV_BAJAVIS": 0, "DIS_CEGUER": 0, "T_ESPECTRO": 0, "T_VOZ_Y_HA": 0, "SISTEMICA": 0, "SORDOCEGUE": 0, "OTRA": 0, "TOT_EST_MA": 47, "AFRODESCEN": 8, "INDIGENAS": 11, "NEGRITUDES": 6, "PALENQUERO": 0, "RAIZALES": 0, "ROM": 0, "TOT_EST_ET": 25, "CAPACID_EX": 0, "DOBLE_EXCE": 0, "TE_ACTFISI": 0, "TE_ARTES": 0, "TE_CNATUR": 0, "TE_CSOCIAL": 0, "TE_LDSOCIA": 0, "TE_TECNOLO": 0, "TOT_EST_CA": 0, "TMATRIC_GE": 1620, "Zona": 1 }, "geometry": { "type": "Point", "coordinates": [ -8246906.269999999552965, 522297.491300001740456 ] } },
{ "type": "Feature", "properties": { "NOMBRE_EST": "COLEGIO VILLA AMALIA (IED)", "NOMBRE_SED": "VILLA AMALIA", "ORDEN_DE_S": "A", "DIRECCION": "KR 110 B # 71 C - 45", "DISCAPACID": "AUDITIVA-FISICA-INTELECTUAL-MENTAL/PSICOSOCIAL-MULTIPLE-VISUAL", "TALENTOS_O": "TALENTO EXCEPCIONAL EN ACTIVIDAD FISICA, EJERCICIO Y DEPORTE-TALENTO EXCEPCIONAL EN ARTES Y LETRAS", "GRUPOS_ETN": "AFRODESCENDIENTES-INDIGENAS-NEGRITUDES", "SECTOR": 2, "NATU_JUR": 9, "CALENDARIO": 1, "GENERO": 5, "COD_LOCA": "10", "ESPECIALID": 1, "CLASE_TIPO": 1, "BILINGUE": 5, "FECHA": "2024-04-30", "DANE12_EST": "111001025216", "DANE12_SED": "111001025216", "DA_HIPOACU": 0, "DA_SORDERA": 0, "DA_LENGUAS": 0, "DA_UCASTEL": 0, "DISCAP_FIS": 2, "DISCAP_FLE": 0, "DISCAP_PCE": 0, "DI_DCOGNIT": 29, "DI_SDOWN": 0, "DIS_MULTIP": 7, "DIS_PSICOS": 2, "DV_BAJAVIS": 2, "DIS_CEGUER": 0, "T_ESPECTRO": 0, "T_VOZ_Y_HA": 0, "SISTEMICA": 0, "SORDOCEGUE": 0, "OTRA": 0, "TOT_EST_MA": 43, "AFRODESCEN": 5, "INDIGENAS": 5, "NEGRITUDES": 4, "PALENQUERO": 0, "RAIZALES": 0, "ROM": 0, "TOT_EST_ET": 14, "CAPACID_EX": 2, "DOBLE_EXCE": 0, "TE_ACTFISI": 2, "TE_ARTES": 0, "TE_CNATUR": 0, "TE_CSOCIAL": 0, "TE_LDSOCIA": 0, "TE_TECNOLO": 0, "TOT_EST_CA": 2, "TMATRIC_GE": 1328, "Zona": 1 }, "geometry": { "type": "Point", "coordinates": [ -8251654.578299999237061, 525012.35249999910593 ] } },
{ "type": "Feature", "properties": { "NOMBRE_EST": "COLEGIO GARCES NAVAS (IED)", "NOMBRE_SED": "GARCES NAVAS III", "ORDEN_DE_S": "A", "DIRECCION": "KR 104 A # 76 B - 09", "DISCAPACID": "AUDITIVA-FISICA-INTELECTUAL-MENTAL/PSICOSOCIAL-MULTIPLE-VISUAL", "TALENTOS_O": "TALENTO EXCEPCIONAL EN ACTIVIDAD FISICA, EJERCICIO Y DEPORTE", "GRUPOS_ETN": "AFRODESCENDIENTES-INDIGENAS-NEGRITUDES", "SECTOR": 2, "NATU_JUR": 9, "CALENDARIO": 1, "GENERO": 5, "COD_LOCA": "10", "ESPECIALID": 1, "CLASE_TIPO": 1, "BILINGUE": 5, "FECHA": "2024-04-30", "DANE12_EST": "111001033979", "DANE12_SED": "111001033979", "DA_HIPOACU": 3, "DA_SORDERA": 0, "DA_LENGUAS": 0, "DA_UCASTEL": 0, "DISCAP_FIS": 2, "DISCAP_FLE": 0, "DISCAP_PCE": 0, "DI_DCOGNIT": 20, "DI_SDOWN": 0, "DIS_MULTIP": 9, "DIS_PSICOS": 0, "DV_BAJAVIS": 2, "DIS_CEGUER": 0, "T_ESPECTRO": 0, "T_VOZ_Y_HA": 0, "SISTEMICA": 0, "SORDOCEGUE": 0, "OTRA": 0, "TOT_EST_MA": 36, "AFRODESCEN": 13, "INDIGENAS": 15, "NEGRITUDES": 5, "PALENQUERO": 0, "RAIZALES": 1, "ROM": 0, "TOT_EST_ET": 34, "CAPACID_EX": 0, "DOBLE_EXCE": 0, "TE_ACTFISI": 0, "TE_ARTES": 0, "TE_CNATUR": 0, "TE_CSOCIAL": 0, "TE_LDSOCIA": 0, "TE_TECNOLO": 0, "TOT_EST_CA": 0, "TMATRIC_GE": 1503, "Zona": 1 }, "geometry": { "type": "Point", "coordinates": [ -8250689.447300000116229, 524952.735800001770258 ] } },
{ "type": "Feature", "properties": { "NOMBRE_EST": "COLEGIO GARCES NAVAS (IED)", "NOMBRE_SED": "GARCES NAVAS II", "ORDEN_DE_S": "B", "DIRECCION": "KR 104 A # 77 C - 50", "DISCAPACID": "INTELECTUAL-MENTAL/PSICOSOCIAL-MULTIPLE", "TALENTOS_O": "TALENTO EXCEPCIONAL EN ACTIVIDAD FISICA, EJERCICIO Y DEPORTE-TALENTO EXCEPCIONAL EN ARTES Y LETRAS-TALENTO EXCEPCIONAL EN LIDERAZGO SOCIAL Y EMPRENDIMIENTO-TALENTO EXCEPCIONAL EN TECNOLOGIA", "GRUPOS_ETN": "AFRODESCENDIENTES", "SECTOR": 2, "NATU_JUR": 9, "CALENDARIO": 1, "GENERO": 5, "COD_LOCA": "10", "ESPECIALID": 13, "CLASE_TIPO": 1, "BILINGUE": 5, "FECHA": "2024-04-30", "DANE12_EST": "111001033979", "DANE12_SED": "111001015831", "DA_HIPOACU": 0, "DA_SORDERA": 0, "DA_LENGUAS": 0, "DA_UCASTEL": 0, "DISCAP_FIS": 0, "DISCAP_FLE": 0, "DISCAP_PCE": 0, "DI_DCOGNIT": 4, "DI_SDOWN": 0, "DIS_MULTIP": 6, "DIS_PSICOS": 1, "DV_BAJAVIS": 0, "DIS_CEGUER": 0, "T_ESPECTRO": 0, "T_VOZ_Y_HA": 0, "SISTEMICA": 0, "SORDOCEGUE": 0, "OTRA": 0, "TOT_EST_MA": 11, "AFRODESCEN": 2, "INDIGENAS": 0, "NEGRITUDES": 0, "PALENQUERO": 0, "RAIZALES": 1, "ROM": 0, "TOT_EST_ET": 3, "CAPACID_EX": 0, "DOBLE_EXCE": 0, "TE_ACTFISI": 0, "TE_ARTES": 0, "TE_CNATUR": 0, "TE_CSOCIAL": 0, "TE_LDSOCIA": 0, "TE_TECNOLO": 0, "TOT_EST_CA": 0, "TMATRIC_GE": 401, "Zona": 1 }, "geometry": { "type": "Point", "coordinates": [ -8250605.50899999961257, 525081.302200000733137 ] } },
{ "type": "Feature", "properties": { "NOMBRE_EST": "COLEGIO GUILLERMO LEON VALENCIA (IED)", "NOMBRE_SED": "GUILLERMO LEON VALENCIA", "ORDEN_DE_S": "A", "DIRECCION": "KR 93 A # 75 B - 80", "DISCAPACID": "FISICA-INTELECTUAL-MENTAL/PSICOSOCIAL-MULTIPLE", "TALENTOS_O": "CAPACIDADES EXCEPCIONALES-TALENTO EXCEPCIONAL EN ARTES Y LETRAS-TALENTO EXCEPCIONAL EN CIENCIAS SOCIALES O HUMANAS", "GRUPOS_ETN": "INDIGENAS-NEGRITUDES", "SECTOR": 2, "NATU_JUR": 9, "CALENDARIO": 1, "GENERO": 5, "COD_LOCA": "10", "ESPECIALID": 1, "CLASE_TIPO": 1, "BILINGUE": 5, "FECHA": "2024-04-30", "DANE12_EST": "111001034002", "DANE12_SED": "111001034002", "DA_HIPOACU": 0, "DA_SORDERA": 0, "DA_LENGUAS": 0, "DA_UCASTEL": 0, "DISCAP_FIS": 1, "DISCAP_FLE": 0, "DISCAP_PCE": 0, "DI_DCOGNIT": 10, "DI_SDOWN": 0, "DIS_MULTIP": 4, "DIS_PSICOS": 0, "DV_BAJAVIS": 0, "DIS_CEGUER": 0, "T_ESPECTRO": 0, "T_VOZ_Y_HA": 0, "SISTEMICA": 0, "SORDOCEGUE": 0, "OTRA": 0, "TOT_EST_MA": 15, "AFRODESCEN": 0, "INDIGENAS": 1, "NEGRITUDES": 1, "PALENQUERO": 0, "RAIZALES": 0, "ROM": 0, "TOT_EST_ET": 2, "CAPACID_EX": 0, "DOBLE_EXCE": 0, "TE_ACTFISI": 0, "TE_ARTES": 0, "TE_CNATUR": 0, "TE_CSOCIAL": 0, "TE_LDSOCIA": 0, "TE_TECNOLO": 0, "TOT_EST_CA": 0, "TMATRIC_GE": 429, "Zona": 1 }, "geometry": { "type": "Point", "coordinates": [ -8249720.006999999284744, 524285.672200001776218 ] } },
{ "type": "Feature", "properties": { "NOMBRE_EST": "COLEGIO NESTOR FORERO ALCALA (IED)", "NOMBRE_SED": "NESTOR FORERO ALCALA", "ORDEN_DE_S": "A", "DIRECCION": "KR 70 C BIS # 71 - 33", "DISCAPACID": "INTELECTUAL-MENTAL/PSICOSOCIAL-MULTIPLE", "TALENTOS_O": "TALENTO EXCEPCIONAL EN ARTES Y LETRAS-TALENTO EXCEPCIONAL EN TECNOLOGIA", "GRUPOS_ETN": "AFRODESCENDIENTES-INDIGENAS-NEGRITUDES", "SECTOR": 2, "NATU_JUR": 9, "CALENDARIO": 1, "GENERO": 5, "COD_LOCA": "10", "ESPECIALID": 1, "CLASE_TIPO": 1, "BILINGUE": 5, "FECHA": "2024-04-30", "DANE12_EST": "111001035521", "DANE12_SED": "111001035521", "DA_HIPOACU": 0, "DA_SORDERA": 0, "DA_LENGUAS": 0, "DA_UCASTEL": 0, "DISCAP_FIS": 0, "DISCAP_FLE": 0, "DISCAP_PCE": 0, "DI_DCOGNIT": 4, "DI_SDOWN": 0, "DIS_MULTIP": 3, "DIS_PSICOS": 1, "DV_BAJAVIS": 0, "DIS_CEGUER": 0, "T_ESPECTRO": 0, "T_VOZ_Y_HA": 0, "SISTEMICA": 0, "SORDOCEGUE": 0, "OTRA": 0, "TOT_EST_MA": 8, "AFRODESCEN": 0, "INDIGENAS": 2, "NEGRITUDES": 1, "PALENQUERO": 0, "RAIZALES": 0, "ROM": 0, "TOT_EST_ET": 3, "CAPACID_EX": 0, "DOBLE_EXCE": 0, "TE_ACTFISI": 0, "TE_ARTES": 0, "TE_CNATUR": 0, "TE_CSOCIAL": 0, "TE_LDSOCIA": 0, "TE_TECNOLO": 0, "TOT_EST_CA": 0, "TMATRIC_GE": 418, "Zona": 1 }, "geometry": { "type": "Point", "coordinates": [ -8248052.560100000351667, 521977.192899998277426 ] } },
{ "type": "Feature", "properties": { "NOMBRE_EST": "COLEGIO NESTOR FORERO ALCALA (IED)", "NOMBRE_SED": "CLUB DEL COMERCIO", "ORDEN_DE_S": "B", "DIRECCION": "DG 70 # 70 - 40", "DISCAPACID": "FISICA-MULTIPLE", "TALENTOS_O": null, "GRUPOS_ETN": "INDIGENAS", "SECTOR": 2, "NATU_JUR": 9, "CALENDARIO": 1, "GENERO": 5, "COD_LOCA": "10", "ESPECIALID": 13, "CLASE_TIPO": 1, "BILINGUE": 5, "FECHA": "2024-04-30", "DANE12_EST": "111001035521", "DANE12_SED": "111001018236", "DA_HIPOACU": 0, "DA_SORDERA": 0, "DA_LENGUAS": 0, "DA_UCASTEL": 0, "DISCAP_FIS": 1, "DISCAP_FLE": 0, "DISCAP_PCE": 0, "DI_DCOGNIT": 0, "DI_SDOWN": 0, "DIS_MULTIP": 3, "DIS_PSICOS": 0, "DV_BAJAVIS": 0, "DIS_CEGUER": 0, "T_ESPECTRO": 0, "T_VOZ_Y_HA": 0, "SISTEMICA": 0, "SORDOCEGUE": 0, "OTRA": 0, "TOT_EST_MA": 4, "AFRODESCEN": 1, "INDIGENAS": 2, "NEGRITUDES": 0, "PALENQUERO": 0, "RAIZALES": 0, "ROM": 0, "TOT_EST_ET": 3, "CAPACID_EX": 0, "DOBLE_EXCE": 0, "TE_ACTFISI": 0, "TE_ARTES": 0, "TE_CNATUR": 0, "TE_CSOCIAL": 0, "TE_LDSOCIA": 0, "TE_TECNOLO": 0, "TOT_EST_CA": 0, "TMATRIC_GE": 190, "Zona": 1 }, "geometry": { "type": "Point", "coordinates": [ -8248023.13399999961257, 521778.317800000309944 ] } },
{ "type": "Feature", "properties": { "NOMBRE_EST": "COLEGIO NESTOR FORERO ALCALA (IED)", "NOMBRE_SED": "NUEVO LAUREL", "ORDEN_DE_S": "C", "DIRECCION": "CL 69 A # 70 - 55", "DISCAPACID": "AUDITIVA-INTELECTUAL-MENTAL/PSICOSOCIAL-MULTIPLE", "TALENTOS_O": "TALENTO EXCEPCIONAL EN LIDERAZGO SOCIAL Y EMPRENDIMIENTO", "GRUPOS_ETN": "INDIGENAS", "SECTOR": 2, "NATU_JUR": 9, "CALENDARIO": 1, "GENERO": 5, "COD_LOCA": "10", "ESPECIALID": 13, "CLASE_TIPO": 1, "BILINGUE": 5, "FECHA": "2024-04-30", "DANE12_EST": "111001035521", "DANE12_SED": "111001018139", "DA_HIPOACU": 0, "DA_SORDERA": 0, "DA_LENGUAS": 0, "DA_UCASTEL": 0, "DISCAP_FIS": 0, "DISCAP_FLE": 0, "DISCAP_PCE": 0, "DI_DCOGNIT": 1, "DI_SDOWN": 0, "DIS_MULTIP": 2, "DIS_PSICOS": 0, "DV_BAJAVIS": 0, "DIS_CEGUER": 0, "T_ESPECTRO": 0, "T_VOZ_Y_HA": 0, "SISTEMICA": 0, "SORDOCEGUE": 0, "OTRA": 0, "TOT_EST_MA": 4, "AFRODESCEN": 0, "INDIGENAS": 0, "NEGRITUDES": 0, "PALENQUERO": 0, "RAIZALES": 0, "ROM": 0, "TOT_EST_ET": 0, "CAPACID_EX": 0, "DOBLE_EXCE": 0, "TE_ACTFISI": 0, "TE_ARTES": 0, "TE_CNATUR": 0, "TE_CSOCIAL": 0, "TE_LDSOCIA": 0, "TE_TECNOLO": 0, "TOT_EST_CA": 0, "TMATRIC_GE": 164, "Zona": 1 }, "geometry": { "type": "Point", "coordinates": [ -8248116.5143, 521714.548300001770258 ] } },
{ "type": "Feature", "properties": { "NOMBRE_EST": "COLEGIO INSTITUTO TECNICO DISTRITAL REPUBLICA DE GUATEMALA (IED)", "NOMBRE_SED": "REPUBLICA DE GUATEMALA", "ORDEN_DE_S": "A", "DIRECCION": "CL 78 BIS # 69 T - 45", "DISCAPACID": "INTELECTUAL-MULTIPLE", "TALENTOS_O": "CAPACIDADES EXCEPCIONALES-TALENTO EXCEPCIONAL EN ARTES Y LETRAS", "GRUPOS_ETN": "AFRODESCENDIENTES-INDIGENAS-NEGRITUDES", "SECTOR": 2, "NATU_JUR": 9, "CALENDARIO": 1, "GENERO": 5, "COD_LOCA": "10", "ESPECIALID": 7, "CLASE_TIPO": 1, "BILINGUE": 5, "FECHA": "2024-04-30", "DANE12_EST": "111001036625", "DANE12_SED": "111001036625", "DA_HIPOACU": 0, "DA_SORDERA": 0, "DA_LENGUAS": 0, "DA_UCASTEL": 0, "DISCAP_FIS": 1, "DISCAP_FLE": 0, "DISCAP_PCE": 0, "DI_DCOGNIT": 3, "DI_SDOWN": 0, "DIS_MULTIP": 0, "DIS_PSICOS": 1, "DV_BAJAVIS": 0, "DIS_CEGUER": 0, "T_ESPECTRO": 0, "T_VOZ_Y_HA": 0, "SISTEMICA": 0, "SORDOCEGUE": 0, "OTRA": 0, "TOT_EST_MA": 5, "AFRODESCEN": 5, "INDIGENAS": 6, "NEGRITUDES": 2, "PALENQUERO": 0, "RAIZALES": 0, "ROM": 0, "TOT_EST_ET": 13, "CAPACID_EX": 0, "DOBLE_EXCE": 0, "TE_ACTFISI": 0, "TE_ARTES": 0, "TE_CNATUR": 0, "TE_CSOCIAL": 0, "TE_LDSOCIA": 0, "TE_TECNOLO": 0, "TOT_EST_CA": 0, "TMATRIC_GE": 1078, "Zona": 1 }, "geometry": { "type": "Point", "coordinates": [ -8247305.375900000333786, 522690.791299998760223 ] } },
{ "type": "Feature", "properties": { "NOMBRE_EST": "COLEGIO MANUELA AYALA DE GAITAN (IED)", "NOMBRE_SED": "MANUELA AYALA DE GAITAN", "ORDEN_DE_S": "A", "DIRECCION": "CL 71 # 75 - 11", "DISCAPACID": "AUDITIVA-FISICA-INTELECTUAL-MENTAL/PSICOSOCIAL-MULTIPLE-VISUAL", "TALENTOS_O": "TALENTO EXCEPCIONAL EN ACTIVIDAD FISICA, EJERCICIO Y DEPORTE-TALENTO EXCEPCIONAL EN LIDERAZGO SOCIAL Y EMPRENDIMIENTO", "GRUPOS_ETN": "AFRODESCENDIENTES-INDIGENAS-NEGRITUDES-RAIZALES", "SECTOR": 2, "NATU_JUR": 9, "CALENDARIO": 1, "GENERO": 5, "COD_LOCA": "10", "ESPECIALID": 1, "CLASE_TIPO": 1, "BILINGUE": 5, "FECHA": "2024-04-30", "DANE12_EST": "111001046299", "DANE12_SED": "111001046299", "DA_HIPOACU": 2, "DA_SORDERA": 0, "DA_LENGUAS": 0, "DA_UCASTEL": 0, "DISCAP_FIS": 3, "DISCAP_FLE": 0, "DISCAP_PCE": 0, "DI_DCOGNIT": 9, "DI_SDOWN": 0, "DIS_MULTIP": 2, "DIS_PSICOS": 4, "DV_BAJAVIS": 1, "DIS_CEGUER": 0, "T_ESPECTRO": 0, "T_VOZ_Y_HA": 0, "SISTEMICA": 0, "SORDOCEGUE": 0, "OTRA": 0, "TOT_EST_MA": 21, "AFRODESCEN": 0, "INDIGENAS": 5, "NEGRITUDES": 1, "PALENQUERO": 0, "RAIZALES": 1, "ROM": 0, "TOT_EST_ET": 7, "CAPACID_EX": 0, "DOBLE_EXCE": 0, "TE_ACTFISI": 0, "TE_ARTES": 0, "TE_CNATUR": 0, "TE_CSOCIAL": 0, "TE_LDSOCIA": 0, "TE_TECNOLO": 0, "TOT_EST_CA": 0, "TMATRIC_GE": 991, "Zona": 1 }, "geometry": { "type": "Point", "coordinates": [ -8248723.2043999992311, 522470.039000000804663 ] } },
{ "type": "Feature", "properties": { "NOMBRE_EST": "COLEGIO MANUELA AYALA DE GAITAN (IED)", "NOMBRE_SED": "CARLOS LLERAS RESTREPO", "ORDEN_DE_S": "B", "DIRECCION": "KR 78 # 69 A - 11", "DISCAPACID": "AUDITIVA-INTELECTUAL-MULTIPLE", "TALENTOS_O": "CAPACIDADES EXCEPCIONALES-TALENTO EXCEPCIONAL EN ACTIVIDAD FISICA, EJERCICIO Y DEPORTE-TALENTO EXCEPCIONAL EN ARTES Y LETRAS-TALENTO EXCEPCIONAL EN TECNOLOGIA", "GRUPOS_ETN": "AFRODESCENDIENTES-INDIGENAS-NEGRITUDES", "SECTOR": 2, "NATU_JUR": 9, "CALENDARIO": 1, "GENERO": 5, "COD_LOCA": "10", "ESPECIALID": 13, "CLASE_TIPO": 1, "BILINGUE": 5, "FECHA": "2024-04-30", "DANE12_EST": "111001046299", "DANE12_SED": "111001018228", "DA_HIPOACU": 4, "DA_SORDERA": 0, "DA_LENGUAS": 0, "DA_UCASTEL": 0, "DISCAP_FIS": 1, "DISCAP_FLE": 0, "DISCAP_PCE": 0, "DI_DCOGNIT": 8, "DI_SDOWN": 0, "DIS_MULTIP": 3, "DIS_PSICOS": 0, "DV_BAJAVIS": 0, "DIS_CEGUER": 0, "T_ESPECTRO": 0, "T_VOZ_Y_HA": 0, "SISTEMICA": 0, "SORDOCEGUE": 0, "OTRA": 0, "TOT_EST_MA": 16, "AFRODESCEN": 1, "INDIGENAS": 2, "NEGRITUDES": 1, "PALENQUERO": 0, "RAIZALES": 0, "ROM": 0, "TOT_EST_ET": 4, "CAPACID_EX": 0, "DOBLE_EXCE": 0, "TE_ACTFISI": 0, "TE_ARTES": 0, "TE_CNATUR": 0, "TE_CSOCIAL": 0, "TE_LDSOCIA": 0, "TE_TECNOLO": 0, "TOT_EST_CA": 0, "TMATRIC_GE": 615, "Zona": 1 }, "geometry": { "type": "Point", "coordinates": [ -8249139.823200000450015, 522545.823600001633167 ] } },
{ "type": "Feature", "properties": { "NOMBRE_EST": "COLEGIO LAS MERCEDES (IED)", "NOMBRE_SED": "COLEGIO LAS MERCEDES (IED) - SEDE PRINCIPAL", "ORDEN_DE_S": "A", "DIRECCION": "KR 105 F # 66 - 33", "DISCAPACID": "AUDITIVA-FISICA-INTELECTUAL-MULTIPLE", "TALENTOS_O": "CAPACIDADES EXCEPCIONALES-TALENTO EXCEPCIONAL EN ACTIVIDAD FISICA, EJERCICIO Y DEPORTE-TALENTO EXCEPCIONAL EN ARTES Y LETRAS-TALENTO EXCEPCIONAL EN LIDERAZGO SOCIAL Y EMPRENDIMIENTO-TALENTO EXCEPCIONAL EN TECNOLOGIA", "GRUPOS_ETN": "AFRODESCENDIENTES-INDIGENAS-NEGRITUDES", "SECTOR": 2, "NATU_JUR": 9, "CALENDARIO": 1, "GENERO": 5, "COD_LOCA": "10", "ESPECIALID": 1, "CLASE_TIPO": 2, "BILINGUE": 5, "FECHA": "2024-04-30", "DANE12_EST": "111001098922", "DANE12_SED": "111001098922", "DA_HIPOACU": 4, "DA_SORDERA": 0, "DA_LENGUAS": 0, "DA_UCASTEL": 0, "DISCAP_FIS": 2, "DISCAP_FLE": 0, "DISCAP_PCE": 0, "DI_DCOGNIT": 15, "DI_SDOWN": 0, "DIS_MULTIP": 3, "DIS_PSICOS": 0, "DV_BAJAVIS": 0, "DIS_CEGUER": 0, "T_ESPECTRO": 0, "T_VOZ_Y_HA": 0, "SISTEMICA": 0, "SORDOCEGUE": 0, "OTRA": 0, "TOT_EST_MA": 24, "AFRODESCEN": 6, "INDIGENAS": 3, "NEGRITUDES": 1, "PALENQUERO": 0, "RAIZALES": 0, "ROM": 0, "TOT_EST_ET": 10, "CAPACID_EX": 2, "DOBLE_EXCE": 0, "TE_ACTFISI": 2, "TE_ARTES": 0, "TE_CNATUR": 0, "TE_CSOCIAL": 0, "TE_LDSOCIA": 0, "TE_TECNOLO": 0, "TOT_EST_CA": 2, "TMATRIC_GE": 1182, "Zona": 1 }, "geometry": { "type": "Point", "coordinates": [ -8251578.043999999761581, 523816.993299998342991 ] } },
{ "type": "Feature", "properties": { "NOMBRE_EST": "COLEGIO TORQUIGUA (IED)", "NOMBRE_SED": "COLEGIO TORQUIGUA (IED) - SEDE PRINCIPAL", "ORDEN_DE_S": "A", "DIRECCION": "CL 64 # 128 - 50", "DISCAPACID": "FISICA-INTELECTUAL-MULTIPLE", "TALENTOS_O": "TALENTO EXCEPCIONAL EN ACTIVIDAD FISICA, EJERCICIO Y DEPORTE-TALENTO EXCEPCIONAL EN ARTES Y LETRAS-TALENTO EXCEPCIONAL EN TECNOLOGIA", "GRUPOS_ETN": "AFRODESCENDIENTES-INDIGENAS-NEGRITUDES", "SECTOR": 2, "NATU_JUR": 9, "CALENDARIO": 1, "GENERO": 5, "COD_LOCA": "10", "ESPECIALID": 1, "CLASE_TIPO": 2, "BILINGUE": 5, "FECHA": "2024-04-30", "DANE12_EST": "111001098931", "DANE12_SED": "111001098931", "DA_HIPOACU": 0, "DA_SORDERA": 0, "DA_LENGUAS": 0, "DA_UCASTEL": 0, "DISCAP_FIS": 6, "DISCAP_FLE": 0, "DISCAP_PCE": 0, "DI_DCOGNIT": 16, "DI_SDOWN": 0, "DIS_MULTIP": 8, "DIS_PSICOS": 1, "DV_BAJAVIS": 0, "DIS_CEGUER": 0, "T_ESPECTRO": 0, "T_VOZ_Y_HA": 0, "SISTEMICA": 0, "SORDOCEGUE": 0, "OTRA": 0, "TOT_EST_MA": 31, "AFRODESCEN": 2, "INDIGENAS": 4, "NEGRITUDES": 1, "PALENQUERO": 0, "RAIZALES": 0, "ROM": 0, "TOT_EST_ET": 7, "CAPACID_EX": 0, "DOBLE_EXCE": 0, "TE_ACTFISI": 0, "TE_ARTES": 0, "TE_CNATUR": 0, "TE_CSOCIAL": 0, "TE_LDSOCIA": 0, "TE_TECNOLO": 0, "TOT_EST_CA": 0, "TMATRIC_GE": 1104, "Zona": 1 }, "geometry": { "type": "Point", "coordinates": [ -8253662.77419999986887, 526202.892299998551607 ] } },
{ "type": "Feature", "properties": { "NOMBRE_EST": "COLEGIO BOLIVIA (IED)", "NOMBRE_SED": "BOLIVIA", "ORDEN_DE_S": "A", "DIRECCION": "KR 68 G # 78 - 20", "DISCAPACID": "FISICA-INTELECTUAL-MENTAL/PSICOSOCIAL-MULTIPLE", "TALENTOS_O": "TALENTO EXCEPCIONAL EN CIENCIAS NATURALES O BASICAS", "GRUPOS_ETN": "INDIGENAS-NEGRITUDES", "SECTOR": 2, "NATU_JUR": 9, "CALENDARIO": 1, "GENERO": 5, "COD_LOCA": "10", "ESPECIALID": 1, "CLASE_TIPO": 1, "BILINGUE": 5, "FECHA": "2024-04-30", "DANE12_EST": "111001104035", "DANE12_SED": "111001104035", "DA_HIPOACU": 0, "DA_SORDERA": 0, "DA_LENGUAS": 0, "DA_UCASTEL": 0, "DISCAP_FIS": 0, "DISCAP_FLE": 0, "DISCAP_PCE": 0, "DI_DCOGNIT": 392, "DI_SDOWN": 0, "DIS_MULTIP": 34, "DIS_PSICOS": 1, "DV_BAJAVIS": 0, "DIS_CEGUER": 0, "T_ESPECTRO": 0, "T_VOZ_Y_HA": 0, "SISTEMICA": 0, "SORDOCEGUE": 0, "OTRA": 0, "TOT_EST_MA": 427, "AFRODESCEN": 0, "INDIGENAS": 2, "NEGRITUDES": 3, "PALENQUERO": 0, "RAIZALES": 0, "ROM": 0, "TOT_EST_ET": 5, "CAPACID_EX": 0, "DOBLE_EXCE": 0, "TE_ACTFISI": 0, "TE_ARTES": 0, "TE_CNATUR": 0, "TE_CSOCIAL": 0, "TE_LDSOCIA": 0, "TE_TECNOLO": 0, "TOT_EST_CA": 0, "TMATRIC_GE": 429, "Zona": 1 }, "geometry": { "type": "Point", "coordinates": [ -8246778.310399999842048, 522044.336300000548363 ] } },
{ "type": "Feature", "properties": { "NOMBRE_EST": "COLEGIO TOMAS CIPRIANO DE MOSQUERA (IED)", "NOMBRE_SED": "TOMAS CIPRIANO DE MOSQUERA", "ORDEN_DE_S": "A", "DIRECCION": "TV 113 # 66 - 95", "DISCAPACID": "AUDITIVA-FISICA-INTELECTUAL-MENTAL/PSICOSOCIAL-MULTIPLE", "TALENTOS_O": "CAPACIDADES EXCEPCIONALES-TALENTO EXCEPCIONAL EN ACTIVIDAD FISICA, EJERCICIO Y DEPORTE-TALENTO EXCEPCIONAL EN ARTES Y LETRAS-TALENTO EXCEPCIONAL EN CIENCIAS SOCIALES O HUMANAS-TALENTO EXCEPCIONAL EN LIDERAZGO SOCIAL Y EMPRENDIMIENTO-TALENTO EXCEPCIONAL E", "GRUPOS_ETN": "AFRODESCENDIENTES-INDIGENAS-NEGRITUDES", "SECTOR": 2, "NATU_JUR": 9, "CALENDARIO": 1, "GENERO": 5, "COD_LOCA": "10", "ESPECIALID": 1, "CLASE_TIPO": 1, "BILINGUE": 5, "FECHA": "2024-04-30", "DANE12_EST": "111001108456", "DANE12_SED": "111001108456", "DA_HIPOACU": 4, "DA_SORDERA": 0, "DA_LENGUAS": 0, "DA_UCASTEL": 0, "DISCAP_FIS": 7, "DISCAP_FLE": 0, "DISCAP_PCE": 0, "DI_DCOGNIT": 17, "DI_SDOWN": 0, "DIS_MULTIP": 6, "DIS_PSICOS": 4, "DV_BAJAVIS": 1, "DIS_CEGUER": 0, "T_ESPECTRO": 0, "T_VOZ_Y_HA": 0, "SISTEMICA": 0, "SORDOCEGUE": 0, "OTRA": 0, "TOT_EST_MA": 39, "AFRODESCEN": 9, "INDIGENAS": 5, "NEGRITUDES": 5, "PALENQUERO": 0, "RAIZALES": 0, "ROM": 0, "TOT_EST_ET": 19, "CAPACID_EX": 2, "DOBLE_EXCE": 0, "TE_ACTFISI": 1, "TE_ARTES": 0, "TE_CNATUR": 0, "TE_CSOCIAL": 0, "TE_LDSOCIA": 0, "TE_TECNOLO": 0, "TOT_EST_CA": 2, "TMATRIC_GE": 2015, "Zona": 1 }, "geometry": { "type": "Point", "coordinates": [ -8252623.209300000220537, 524697.9847999997437 ] } },
{ "type": "Feature", "properties": { "NOMBRE_EST": "COLEGIO CHARRY (IED)", "NOMBRE_SED": "CHARRY", "ORDEN_DE_S": "A", "DIRECCION": "KR 109 A # 77 A - 16", "DISCAPACID": "AUDITIVA-FISICA-INTELECTUAL-MENTAL/PSICOSOCIAL-MULTIPLE-SORDOCEGUERA", "TALENTOS_O": "CAPACIDADES EXCEPCIONALES-TALENTO EXCEPCIONAL EN ACTIVIDAD FISICA, EJERCICIO Y DEPORTE-TALENTO EXCEPCIONAL EN ARTES Y LETRAS-TALENTO EXCEPCIONAL EN LIDERAZGO SOCIAL Y EMPRENDIMIENTO-TALENTO EXCEPCIONAL EN TECNOLOGIA", "GRUPOS_ETN": "AFRODESCENDIENTES-INDIGENAS-NEGRITUDES-RAIZALES", "SECTOR": 2, "NATU_JUR": 9, "CALENDARIO": 1, "GENERO": 5, "COD_LOCA": "10", "ESPECIALID": 1, "CLASE_TIPO": 1, "BILINGUE": 5, "FECHA": "2024-04-30", "DANE12_EST": "111001108901", "DANE12_SED": "111001108901", "DA_HIPOACU": 0, "DA_SORDERA": 0, "DA_LENGUAS": 0, "DA_UCASTEL": 0, "DISCAP_FIS": 7, "DISCAP_FLE": 0, "DISCAP_PCE": 0, "DI_DCOGNIT": 59, "DI_SDOWN": 0, "DIS_MULTIP": 22, "DIS_PSICOS": 8, "DV_BAJAVIS": 2, "DIS_CEGUER": 0, "T_ESPECTRO": 0, "T_VOZ_Y_HA": 0, "SISTEMICA": 0, "SORDOCEGUE": 2, "OTRA": 0, "TOT_EST_MA": 101, "AFRODESCEN": 8, "INDIGENAS": 17, "NEGRITUDES": 7, "PALENQUERO": 0, "RAIZALES": 2, "ROM": 0, "TOT_EST_ET": 34, "CAPACID_EX": 1, "DOBLE_EXCE": 0, "TE_ACTFISI": 1, "TE_ARTES": 0, "TE_CNATUR": 0, "TE_CSOCIAL": 0, "TE_LDSOCIA": 0, "TE_TECNOLO": 0, "TOT_EST_CA": 1, "TMATRIC_GE": 2195, "Zona": 1 }, "geometry": { "type": "Point", "coordinates": [ -8251034.815999999642372, 525355.259399998933077 ] } },
{ "type": "Feature", "properties": { "NOMBRE_EST": "COLEGIO RODOLFO LLINAS (IED)", "NOMBRE_SED": "RODOLFO LLINAS", "ORDEN_DE_S": "A", "DIRECCION": "DG 86 A # 103 C - 80", "DISCAPACID": "AUDITIVA-FISICA-INTELECTUAL-MENTAL/PSICOSOCIAL-MULTIPLE", "TALENTOS_O": "TALENTO EXCEPCIONAL EN ACTIVIDAD FISICA, EJERCICIO Y DEPORTE-TALENTO EXCEPCIONAL EN ARTES Y LETRAS-TALENTO EXCEPCIONAL EN CIENCIAS NATURALES O BASICAS-TALENTO EXCEPCIONAL EN CIENCIAS SOCIALES O HUMANAS-TALENTO EXCEPCIONAL EN LIDERAZGO SOCIAL Y EMPRENDIMI", "GRUPOS_ETN": "AFRODESCENDIENTES-INDIGENAS-NEGRITUDES", "SECTOR": 2, "NATU_JUR": 9, "CALENDARIO": 1, "GENERO": 5, "COD_LOCA": "10", "ESPECIALID": 1, "CLASE_TIPO": 1, "BILINGUE": 5, "FECHA": "2024-04-30", "DANE12_EST": "111001109550", "DANE12_SED": "111001109550", "DA_HIPOACU": 0, "DA_SORDERA": 0, "DA_LENGUAS": 0, "DA_UCASTEL": 0, "DISCAP_FIS": 3, "DISCAP_FLE": 0, "DISCAP_PCE": 0, "DI_DCOGNIT": 5, "DI_SDOWN": 0, "DIS_MULTIP": 13, "DIS_PSICOS": 1, "DV_BAJAVIS": 0, "DIS_CEGUER": 0, "T_ESPECTRO": 0, "T_VOZ_Y_HA": 0, "SISTEMICA": 0, "SORDOCEGUE": 0, "OTRA": 0, "TOT_EST_MA": 23, "AFRODESCEN": 3, "INDIGENAS": 2, "NEGRITUDES": 0, "PALENQUERO": 0, "RAIZALES": 0, "ROM": 0, "TOT_EST_ET": 5, "CAPACID_EX": 2, "DOBLE_EXCE": 0, "TE_ACTFISI": 0, "TE_ARTES": 0, "TE_CNATUR": 0, "TE_CSOCIAL": 2, "TE_LDSOCIA": 2, "TE_TECNOLO": 0, "TOT_EST_CA": 2, "TMATRIC_GE": 1017, "Zona": 1 }, "geometry": { "type": "Point", "coordinates": [ -8249783.424599999561906, 525993.345100000500679 ] } },
{ "type": "Feature", "properties": { "NOMBRE_EST": "COLEGIO RODOLFO LLINAS (IED)", "NOMBRE_SED": "SEDE B", "ORDEN_DE_S": "B", "DIRECCION": "CL 87 # 102 - 55", "DISCAPACID": "AUDITIVA-INTELECTUAL-MENTAL/PSICOSOCIAL-MULTIPLE-VISUAL", "TALENTOS_O": "TALENTO EXCEPCIONAL EN ACTIVIDAD FISICA, EJERCICIO Y DEPORTE-TALENTO EXCEPCIONAL EN LIDERAZGO SOCIAL Y EMPRENDIMIENTO-TALENTO EXCEPCIONAL EN TECNOLOGIA", "GRUPOS_ETN": "INDIGENAS", "SECTOR": 2, "NATU_JUR": 9, "CALENDARIO": 1, "GENERO": 5, "COD_LOCA": "10", "ESPECIALID": 1, "CLASE_TIPO": 1, "BILINGUE": 5, "FECHA": "2024-04-30", "DANE12_EST": "111001109550", "DANE12_SED": "111001801004", "DA_HIPOACU": 6, "DA_SORDERA": 0, "DA_LENGUAS": 0, "DA_UCASTEL": 0, "DISCAP_FIS": 0, "DISCAP_FLE": 0, "DISCAP_PCE": 0, "DI_DCOGNIT": 12, "DI_SDOWN": 0, "DIS_MULTIP": 4, "DIS_PSICOS": 4, "DV_BAJAVIS": 3, "DIS_CEGUER": 0, "T_ESPECTRO": 0, "T_VOZ_Y_HA": 0, "SISTEMICA": 0, "SORDOCEGUE": 0, "OTRA": 0, "TOT_EST_MA": 29, "AFRODESCEN": 0, "INDIGENAS": 4, "NEGRITUDES": 2, "PALENQUERO": 0, "RAIZALES": 0, "ROM": 0, "TOT_EST_ET": 6, "CAPACID_EX": 0, "DOBLE_EXCE": 0, "TE_ACTFISI": 0, "TE_ARTES": 0, "TE_CNATUR": 0, "TE_CSOCIAL": 0, "TE_LDSOCIA": 0, "TE_TECNOLO": 0, "TOT_EST_CA": 0, "TMATRIC_GE": 1309, "Zona": 1 }, "geometry": { "type": "Point", "coordinates": [ -8249555.721699999645352, 525920.324299998581409 ] } },
{ "type": "Feature", "properties": { "NOMBRE_EST": "COLEGIO ABEL RODRIGUEZ CESPEDES (IED)", "NOMBRE_SED": "COLEGIO ABEL RODRIGUEZ CESPEDES (IED)", "ORDEN_DE_S": "A", "DIRECCION": "CL 72 F # 114 - 51 INT 17/38", "DISCAPACID": "FISICA-INTELECTUAL-MENTAL/PSICOSOCIAL-MULTIPLE-VISUAL", "TALENTOS_O": "TALENTO EXCEPCIONAL EN ARTES Y LETRAS-TALENTO EXCEPCIONAL EN CIENCIAS NATURALES O BASICAS", "GRUPOS_ETN": "AFRODESCENDIENTES-INDIGENAS-RAIZALES", "SECTOR": 2, "NATU_JUR": 9, "CALENDARIO": 1, "GENERO": 5, "COD_LOCA": "10", "ESPECIALID": 1, "CLASE_TIPO": 1, "BILINGUE": 5, "FECHA": "2024-04-30", "DANE12_EST": "111001801055", "DANE12_SED": "111001801055", "DA_HIPOACU": 0, "DA_SORDERA": 0, "DA_LENGUAS": 0, "DA_UCASTEL": 0, "DISCAP_FIS": 3, "DISCAP_FLE": 0, "DISCAP_PCE": 0, "DI_DCOGNIT": 12, "DI_SDOWN": 0, "DIS_MULTIP": 6, "DIS_PSICOS": 2, "DV_BAJAVIS": 0, "DIS_CEGUER": 0, "T_ESPECTRO": 0, "T_VOZ_Y_HA": 0, "SISTEMICA": 0, "SORDOCEGUE": 0, "OTRA": 0, "TOT_EST_MA": 23, "AFRODESCEN": 2, "INDIGENAS": 2, "NEGRITUDES": 0, "PALENQUERO": 0, "RAIZALES": 1, "ROM": 0, "TOT_EST_ET": 5, "CAPACID_EX": 0, "DOBLE_EXCE": 0, "TE_ACTFISI": 0, "TE_ARTES": 0, "TE_CNATUR": 0, "TE_CSOCIAL": 0, "TE_LDSOCIA": 0, "TE_TECNOLO": 0, "TOT_EST_CA": 0, "TMATRIC_GE": 1015, "Zona": 1 }, "geometry": { "type": "Point", "coordinates": [ -8252076.954500000923872, 525588.704100001603365 ] } },
{ "type": "Feature", "properties": { "NOMBRE_EST": "COLEGIO LUCILA RUBIO DE LAVERDE (IED)", "NOMBRE_SED": "COLEGIO LUCILA RUBIO DE LAVERDE (IED)", "ORDEN_DE_S": "A", "DIRECCION": "CL 78 C # 130 - 01", "DISCAPACID": "FISICA-INTELECTUAL-MENTAL/PSICOSOCIAL-MULTIPLE", "TALENTOS_O": "CAPACIDADES EXCEPCIONALES-TALENTO EXCEPCIONAL EN ACTIVIDAD FISICA, EJERCICIO Y DEPORTE-TALENTO EXCEPCIONAL EN TECNOLOGIA", "GRUPOS_ETN": "AFRODESCENDIENTES", "SECTOR": 2, "NATU_JUR": 9, "CALENDARIO": 1, "GENERO": 5, "COD_LOCA": "10", "ESPECIALID": 1, "CLASE_TIPO": 1, "BILINGUE": 5, "FECHA": "2024-04-30", "DANE12_EST": "111001801071", "DANE12_SED": "111001801071", "DA_HIPOACU": 0, "DA_SORDERA": 0, "DA_LENGUAS": 0, "DA_UCASTEL": 0, "DISCAP_FIS": 5, "DISCAP_FLE": 0, "DISCAP_PCE": 0, "DI_DCOGNIT": 4, "DI_SDOWN": 0, "DIS_MULTIP": 9, "DIS_PSICOS": 1, "DV_BAJAVIS": 0, "DIS_CEGUER": 0, "T_ESPECTRO": 0, "T_VOZ_Y_HA": 0, "SISTEMICA": 0, "SORDOCEGUE": 0, "OTRA": 0, "TOT_EST_MA": 19, "AFRODESCEN": 3, "INDIGENAS": 1, "NEGRITUDES": 0, "PALENQUERO": 0, "RAIZALES": 0, "ROM": 0, "TOT_EST_ET": 4, "CAPACID_EX": 0, "DOBLE_EXCE": 0, "TE_ACTFISI": 0, "TE_ARTES": 0, "TE_CNATUR": 0, "TE_CSOCIAL": 0, "TE_LDSOCIA": 0, "TE_TECNOLO": 0, "TOT_EST_CA": 0, "TMATRIC_GE": 987, "Zona": 1 }, "geometry": { "type": "Point", "coordinates": [ -8252830.076500000432134, 526598.031500000506639 ] } },
{ "type": "Feature", "properties": { "NOMBRE_EST": "COLEGIO LA PALESTINA (IED)", "NOMBRE_SED": "CENTRO DE ESTUDIOS DEL NIÑO", "ORDEN_DE_S": "A", "DIRECCION": "KR 76 # 79 - 40", "DISCAPACID": "INTELECTUAL-MENTAL/PSICOSOCIAL-VISUAL", "TALENTOS_O": "TALENTO EXCEPCIONAL EN ACTIVIDAD FISICA, EJERCICIO Y DEPORTE-TALENTO EXCEPCIONAL EN LIDERAZGO SOCIAL Y EMPRENDIMIENTO-TALENTO EXCEPCIONAL EN TECNOLOGIA", "GRUPOS_ETN": "INDIGENAS-NEGRITUDES", "SECTOR": 2, "NATU_JUR": 9, "CALENDARIO": 1, "GENERO": 5, "COD_LOCA": "10", "ESPECIALID": 1, "CLASE_TIPO": 1, "BILINGUE": 5, "FECHA": "2024-04-30", "DANE12_EST": "111265000017", "DANE12_SED": "111265000017", "DA_HIPOACU": 0, "DA_SORDERA": 0, "DA_LENGUAS": 0, "DA_UCASTEL": 0, "DISCAP_FIS": 1, "DISCAP_FLE": 0, "DISCAP_PCE": 0, "DI_DCOGNIT": 3, "DI_SDOWN": 0, "DIS_MULTIP": 1, "DIS_PSICOS": 2, "DV_BAJAVIS": 0, "DIS_CEGUER": 0, "T_ESPECTRO": 0, "T_VOZ_Y_HA": 0, "SISTEMICA": 0, "SORDOCEGUE": 0, "OTRA": 0, "TOT_EST_MA": 7, "AFRODESCEN": 0, "INDIGENAS": 2, "NEGRITUDES": 1, "PALENQUERO": 0, "RAIZALES": 0, "ROM": 0, "TOT_EST_ET": 3, "CAPACID_EX": 0, "DOBLE_EXCE": 0, "TE_ACTFISI": 0, "TE_ARTES": 0, "TE_CNATUR": 0, "TE_CSOCIAL": 0, "TE_LDSOCIA": 0, "TE_TECNOLO": 0, "TOT_EST_CA": 0, "TMATRIC_GE": 273, "Zona": 1 }, "geometry": { "type": "Point", "coordinates": [ -8248059.014399999752641, 523474.177999999374151 ] } },
{ "type": "Feature", "properties": { "NOMBRE_EST": "COLEGIO LA PALESTINA (IED)", "NOMBRE_SED": "LA PALESTINA", "ORDEN_DE_S": "B", "DIRECCION": "TV 77 # 81 B - 91", "DISCAPACID": "FISICA-INTELECTUAL-MENTAL/PSICOSOCIAL-MULTIPLE", "TALENTOS_O": "TALENTO EXCEPCIONAL EN ACTIVIDAD FISICA, EJERCICIO Y DEPORTE-TALENTO EXCEPCIONAL EN ARTES Y LETRAS-TALENTO EXCEPCIONAL EN LIDERAZGO SOCIAL Y EMPRENDIMIENTO", "GRUPOS_ETN": "INDIGENAS-RAIZALES", "SECTOR": 2, "NATU_JUR": 9, "CALENDARIO": 1, "GENERO": 5, "COD_LOCA": "10", "ESPECIALID": 1, "CLASE_TIPO": 1, "BILINGUE": 5, "FECHA": "2024-04-30", "DANE12_EST": "111265000017", "DANE12_SED": "111850001410", "DA_HIPOACU": 0, "DA_SORDERA": 0, "DA_LENGUAS": 0, "DA_UCASTEL": 0, "DISCAP_FIS": 2, "DISCAP_FLE": 0, "DISCAP_PCE": 0, "DI_DCOGNIT": 10, "DI_SDOWN": 0, "DIS_MULTIP": 5, "DIS_PSICOS": 1, "DV_BAJAVIS": 0, "DIS_CEGUER": 0, "T_ESPECTRO": 0, "T_VOZ_Y_HA": 0, "SISTEMICA": 0, "SORDOCEGUE": 0, "OTRA": 0, "TOT_EST_MA": 18, "AFRODESCEN": 1, "INDIGENAS": 6, "NEGRITUDES": 0, "PALENQUERO": 0, "RAIZALES": 1, "ROM": 0, "TOT_EST_ET": 8, "CAPACID_EX": 1, "DOBLE_EXCE": 0, "TE_ACTFISI": 0, "TE_ARTES": 0, "TE_CNATUR": 0, "TE_CSOCIAL": 0, "TE_LDSOCIA": 0, "TE_TECNOLO": 0, "TOT_EST_CA": 1, "TMATRIC_GE": 1022, "Zona": 1 }, "geometry": { "type": "Point", "coordinates": [ -8248109.23509999923408, 523760.753199998289347 ] } },
{ "type": "Feature", "properties": { "NOMBRE_EST": "COLEGIO GENERAL SANTANDER (IED)", "NOMBRE_SED": "GENERAL SANTANDER", "ORDEN_DE_S": "A", "DIRECCION": "KR 123 # 65 A - 03", "DISCAPACID": "AUDITIVA-FISICA-INTELECTUAL-MENTAL/PSICOSOCIAL-MULTIPLE-SORDOCEGUERA", "TALENTOS_O": "TALENTO EXCEPCIONAL EN ACTIVIDAD FISICA, EJERCICIO Y DEPORTE-TALENTO EXCEPCIONAL EN ARTES Y LETRAS-TALENTO EXCEPCIONAL EN CIENCIAS SOCIALES O HUMANAS-TALENTO EXCEPCIONAL EN LIDERAZGO SOCIAL Y EMPRENDIMIENTO", "GRUPOS_ETN": "AFRODESCENDIENTES-INDIGENAS-NEGRITUDES", "SECTOR": 2, "NATU_JUR": 9, "CALENDARIO": 1, "GENERO": 5, "COD_LOCA": "10", "ESPECIALID": 1, "CLASE_TIPO": 1, "BILINGUE": 5, "FECHA": "2024-04-30", "DANE12_EST": "111265000025", "DANE12_SED": "111265000025", "DA_HIPOACU": 0, "DA_SORDERA": 0, "DA_LENGUAS": 0, "DA_UCASTEL": 0, "DISCAP_FIS": 4, "DISCAP_FLE": 0, "DISCAP_PCE": 0, "DI_DCOGNIT": 21, "DI_SDOWN": 0, "DIS_MULTIP": 9, "DIS_PSICOS": 6, "DV_BAJAVIS": 0, "DIS_CEGUER": 0, "T_ESPECTRO": 0, "T_VOZ_Y_HA": 0, "SISTEMICA": 0, "SORDOCEGUE": 2, "OTRA": 0, "TOT_EST_MA": 43, "AFRODESCEN": 10, "INDIGENAS": 9, "NEGRITUDES": 3, "PALENQUERO": 0, "RAIZALES": 0, "ROM": 0, "TOT_EST_ET": 22, "CAPACID_EX": 1, "DOBLE_EXCE": 0, "TE_ACTFISI": 0, "TE_ARTES": 1, "TE_CNATUR": 0, "TE_CSOCIAL": 0, "TE_LDSOCIA": 0, "TE_TECNOLO": 0, "TOT_EST_CA": 1, "TMATRIC_GE": 1814, "Zona": 1 }, "geometry": { "type": "Point", "coordinates": [ -8253275.595000000670552, 525633.869500000029802 ] } },
{ "type": "Feature", "properties": { "NOMBRE_EST": "COLEGIO GENERAL SANTANDER (IED)", "NOMBRE_SED": "CARDENAL LUQUE", "ORDEN_DE_S": "B", "DIRECCION": "KR 122 A # 64 - 50", "DISCAPACID": "AUDITIVA-FISICA-INTELECTUAL-MENTAL/PSICOSOCIAL-MULTIPLE-SORDOCEGUERA", "TALENTOS_O": "TALENTO EXCEPCIONAL EN ACTIVIDAD FISICA, EJERCICIO Y DEPORTE-TALENTO EXCEPCIONAL EN ARTES Y LETRAS-TALENTO EXCEPCIONAL EN CIENCIAS NATURALES O BASICAS-TALENTO EXCEPCIONAL EN CIENCIAS SOCIALES O HUMANAS-TALENTO EXCEPCIONAL EN LIDERAZGO SOCIAL Y EMPRENDIMI", "GRUPOS_ETN": "AFRODESCENDIENTES-INDIGENAS-NEGRITUDES", "SECTOR": 2, "NATU_JUR": 9, "CALENDARIO": 1, "GENERO": 5, "COD_LOCA": "10", "ESPECIALID": 13, "CLASE_TIPO": 1, "BILINGUE": 5, "FECHA": "2024-04-30", "DANE12_EST": "111265000025", "DANE12_SED": "111001107042", "DA_HIPOACU": 0, "DA_SORDERA": 0, "DA_LENGUAS": 0, "DA_UCASTEL": 0, "DISCAP_FIS": 2, "DISCAP_FLE": 0, "DISCAP_PCE": 0, "DI_DCOGNIT": 24, "DI_SDOWN": 0, "DIS_MULTIP": 3, "DIS_PSICOS": 0, "DV_BAJAVIS": 0, "DIS_CEGUER": 0, "T_ESPECTRO": 0, "T_VOZ_Y_HA": 0, "SISTEMICA": 0, "SORDOCEGUE": 1, "OTRA": 0, "TOT_EST_MA": 31, "AFRODESCEN": 10, "INDIGENAS": 8, "NEGRITUDES": 7, "PALENQUERO": 0, "RAIZALES": 0, "ROM": 0, "TOT_EST_ET": 25, "CAPACID_EX": 0, "DOBLE_EXCE": 0, "TE_ACTFISI": 0, "TE_ARTES": 0, "TE_CNATUR": 0, "TE_CSOCIAL": 0, "TE_LDSOCIA": 0, "TE_TECNOLO": 0, "TOT_EST_CA": 0, "TMATRIC_GE": 1688, "Zona": 1 }, "geometry": { "type": "Point", "coordinates": [ -8253394.876000000163913, 525467.121700000017881 ] } },
{ "type": "Feature", "properties": { "NOMBRE_EST": "COLEGIO GENERAL SANTANDER (IED)", "NOMBRE_SED": "SEDE C", "ORDEN_DE_S": "C", "DIRECCION": "KR 122 A BIS # 69 C - 21", "DISCAPACID": "AUDITIVA-MULTIPLE", "TALENTOS_O": "TALENTO EXCEPCIONAL EN ACTIVIDAD FISICA, EJERCICIO Y DEPORTE", "GRUPOS_ETN": "AFRODESCENDIENTES-INDIGENAS", "SECTOR": 2, "NATU_JUR": 9, "CALENDARIO": 1, "GENERO": 5, "COD_LOCA": "10", "ESPECIALID": 1, "CLASE_TIPO": 1, "BILINGUE": 5, "FECHA": "2024-04-30", "DANE12_EST": "111265000025", "DANE12_SED": "111001110639", "DA_HIPOACU": 0, "DA_SORDERA": 0, "DA_LENGUAS": 0, "DA_UCASTEL": 0, "DISCAP_FIS": 0, "DISCAP_FLE": 0, "DISCAP_PCE": 0, "DI_DCOGNIT": 2, "DI_SDOWN": 0, "DIS_MULTIP": 0, "DIS_PSICOS": 0, "DV_BAJAVIS": 0, "DIS_CEGUER": 0, "T_ESPECTRO": 0, "T_VOZ_Y_HA": 0, "SISTEMICA": 0, "SORDOCEGUE": 0, "OTRA": 0, "TOT_EST_MA": 2, "AFRODESCEN": 2, "INDIGENAS": 0, "NEGRITUDES": 0, "PALENQUERO": 0, "RAIZALES": 0, "ROM": 0, "TOT_EST_ET": 2, "CAPACID_EX": 0, "DOBLE_EXCE": 0, "TE_ACTFISI": 0, "TE_ARTES": 0, "TE_CNATUR": 0, "TE_CSOCIAL": 0, "TE_LDSOCIA": 0, "TE_TECNOLO": 0, "TOT_EST_CA": 0, "TMATRIC_GE": 361, "Zona": 1 }, "geometry": { "type": "Point", "coordinates": [ -8252995.372600000351667, 525752.482099998742342 ] } },
{ "type": "Feature", "properties": { "NOMBRE_EST": "COLEGIO ANTONIO VILLAVICENCIO (IED)", "NOMBRE_SED": "ANTONIO VILLAVICENCIO", "ORDEN_DE_S": "A", "DIRECCION": "CL 65 # 112 A - 39", "DISCAPACID": "FISICA-INTELECTUAL-MENTAL/PSICOSOCIAL-SORDOCEGUERA", "TALENTOS_O": "TALENTO EXCEPCIONAL EN ACTIVIDAD FISICA, EJERCICIO Y DEPORTE-TALENTO EXCEPCIONAL EN ARTES Y LETRAS-TALENTO EXCEPCIONAL EN CIENCIAS SOCIALES O HUMANAS-TALENTO EXCEPCIONAL EN LIDERAZGO SOCIAL Y EMPRENDIMIENTO-TALENTO EXCEPCIONAL EN TECNOLOGIA", "GRUPOS_ETN": "AFRODESCENDIENTES-INDIGENAS-NEGRITUDES", "SECTOR": 2, "NATU_JUR": 9, "CALENDARIO": 1, "GENERO": 5, "COD_LOCA": "10", "ESPECIALID": 1, "CLASE_TIPO": 1, "BILINGUE": 5, "FECHA": "2024-04-30", "DANE12_EST": "111265000343", "DANE12_SED": "111265000343", "DA_HIPOACU": 0, "DA_SORDERA": 0, "DA_LENGUAS": 0, "DA_UCASTEL": 0, "DISCAP_FIS": 1, "DISCAP_FLE": 0, "DISCAP_PCE": 0, "DI_DCOGNIT": 18, "DI_SDOWN": 0, "DIS_MULTIP": 0, "DIS_PSICOS": 1, "DV_BAJAVIS": 0, "DIS_CEGUER": 0, "T_ESPECTRO": 0, "T_VOZ_Y_HA": 0, "SISTEMICA": 0, "SORDOCEGUE": 1, "OTRA": 0, "TOT_EST_MA": 22, "AFRODESCEN": 8, "INDIGENAS": 9, "NEGRITUDES": 3, "PALENQUERO": 0, "RAIZALES": 0, "ROM": 0, "TOT_EST_ET": 20, "CAPACID_EX": 0, "DOBLE_EXCE": 0, "TE_ACTFISI": 0, "TE_ARTES": 0, "TE_CNATUR": 0, "TE_CSOCIAL": 0, "TE_LDSOCIA": 0, "TE_TECNOLO": 0, "TOT_EST_CA": 0, "TMATRIC_GE": 749, "Zona": 1 }, "geometry": { "type": "Point", "coordinates": [ -8252585.526499999687076, 524358.49269999936223 ] } },
{ "type": "Feature", "properties": { "NOMBRE_EST": "COLEGIO ANTONIO VILLAVICENCIO (IED)", "NOMBRE_SED": "LOS LAURELES", "ORDEN_DE_S": "B", "DIRECCION": "KR 113 C # 63 F - 18", "DISCAPACID": "FISICA-INTELECTUAL", "TALENTOS_O": "CAPACIDADES EXCEPCIONALES-TALENTO EXCEPCIONAL EN ACTIVIDAD FISICA, EJERCICIO Y DEPORTE-TALENTO EXCEPCIONAL EN ARTES Y LETRAS-TALENTO EXCEPCIONAL EN LIDERAZGO SOCIAL Y EMPRENDIMIENTO", "GRUPOS_ETN": "AFRODESCENDIENTES", "SECTOR": 2, "NATU_JUR": 9, "CALENDARIO": 1, "GENERO": 5, "COD_LOCA": "10", "ESPECIALID": 13, "CLASE_TIPO": 1, "BILINGUE": 5, "FECHA": "2024-04-30", "DANE12_EST": "111265000343", "DANE12_SED": "111001030601", "DA_HIPOACU": 0, "DA_SORDERA": 0, "DA_LENGUAS": 0, "DA_UCASTEL": 0, "DISCAP_FIS": 1, "DISCAP_FLE": 0, "DISCAP_PCE": 0, "DI_DCOGNIT": 1, "DI_SDOWN": 0, "DIS_MULTIP": 3, "DIS_PSICOS": 0, "DV_BAJAVIS": 0, "DIS_CEGUER": 0, "T_ESPECTRO": 0, "T_VOZ_Y_HA": 0, "SISTEMICA": 0, "SORDOCEGUE": 0, "OTRA": 0, "TOT_EST_MA": 5, "AFRODESCEN": 0, "INDIGENAS": 1, "NEGRITUDES": 0, "PALENQUERO": 0, "RAIZALES": 0, "ROM": 0, "TOT_EST_ET": 1, "CAPACID_EX": 0, "DOBLE_EXCE": 0, "TE_ACTFISI": 0, "TE_ARTES": 0, "TE_CNATUR": 0, "TE_CSOCIAL": 0, "TE_LDSOCIA": 0, "TE_TECNOLO": 0, "TOT_EST_CA": 0, "TMATRIC_GE": 198, "Zona": 1 }, "geometry": { "type": "Point", "coordinates": [ -8253265.148700000718236, 524818.877900000661612 ] } },
{ "type": "Feature", "properties": { "NOMBRE_EST": "COLEGIO ANTONIO VILLAVICENCIO (IED)", "NOMBRE_SED": "BOSQUES DE MARIANA", "ORDEN_DE_S": "C", "DIRECCION": "CL 70 F # 110 - 11", "DISCAPACID": "FISICA-INTELECTUAL-MENTAL/PSICOSOCIAL", "TALENTOS_O": "TALENTO EXCEPCIONAL EN ARTES Y LETRAS-TALENTO EXCEPCIONAL EN CIENCIAS NATURALES O BASICAS-TALENTO EXCEPCIONAL EN CIENCIAS SOCIALES O HUMANAS-TALENTO EXCEPCIONAL EN LIDERAZGO SOCIAL Y EMPRENDIMIENTO-TALENTO EXCEPCIONAL EN TECNOLOGIA", "GRUPOS_ETN": "AFRODESCENDIENTES-INDIGENAS-NEGRITUDES", "SECTOR": 2, "NATU_JUR": 9, "CALENDARIO": 1, "GENERO": 5, "COD_LOCA": "10", "ESPECIALID": 1, "CLASE_TIPO": 1, "BILINGUE": 5, "FECHA": "2024-04-30", "DANE12_EST": "111265000343", "DANE12_SED": "111001800946", "DA_HIPOACU": 0, "DA_SORDERA": 0, "DA_LENGUAS": 0, "DA_UCASTEL": 0, "DISCAP_FIS": 2, "DISCAP_FLE": 0, "DISCAP_PCE": 0, "DI_DCOGNIT": 12, "DI_SDOWN": 0, "DIS_MULTIP": 0, "DIS_PSICOS": 2, "DV_BAJAVIS": 0, "DIS_CEGUER": 0, "T_ESPECTRO": 0, "T_VOZ_Y_HA": 0, "SISTEMICA": 0, "SORDOCEGUE": 0, "OTRA": 0, "TOT_EST_MA": 17, "AFRODESCEN": 4, "INDIGENAS": 1, "NEGRITUDES": 2, "PALENQUERO": 0, "RAIZALES": 0, "ROM": 0, "TOT_EST_ET": 7, "CAPACID_EX": 0, "DOBLE_EXCE": 0, "TE_ACTFISI": 0, "TE_ARTES": 0, "TE_CNATUR": 0, "TE_CSOCIAL": 0, "TE_LDSOCIA": 0, "TE_TECNOLO": 0, "TOT_EST_CA": 0, "TMATRIC_GE": 641, "Zona": 1 }, "geometry": { "type": "Point", "coordinates": [ -8251712.441099999472499, 524710.857299998402596 ] } },
{ "type": "Feature", "properties": { "NOMBRE_EST": "COLEGIO SIMON BOLIVAR (IED)", "NOMBRE_SED": "SIMON BOLIVAR", "ORDEN_DE_S": "A", "DIRECCION": "KR 92 # 87 A - 60", "DISCAPACID": "AUDITIVA-INTELECTUAL-MULTIPLE", "TALENTOS_O": "TALENTO EXCEPCIONAL EN ARTES Y LETRAS", "GRUPOS_ETN": "AFRODESCENDIENTES-INDIGENAS-NEGRITUDES", "SECTOR": 2, "NATU_JUR": 9, "CALENDARIO": 1, "GENERO": 5, "COD_LOCA": "10", "ESPECIALID": 1, "CLASE_TIPO": 1, "BILINGUE": 5, "FECHA": "2024-04-30", "DANE12_EST": "111265000394", "DANE12_SED": "111265000394", "DA_HIPOACU": 0, "DA_SORDERA": 0, "DA_LENGUAS": 0, "DA_UCASTEL": 0, "DISCAP_FIS": 2, "DISCAP_FLE": 0, "DISCAP_PCE": 0, "DI_DCOGNIT": 14, "DI_SDOWN": 0, "DIS_MULTIP": 3, "DIS_PSICOS": 1, "DV_BAJAVIS": 0, "DIS_CEGUER": 0, "T_ESPECTRO": 0, "T_VOZ_Y_HA": 0, "SISTEMICA": 0, "SORDOCEGUE": 0, "OTRA": 0, "TOT_EST_MA": 21, "AFRODESCEN": 10, "INDIGENAS": 3, "NEGRITUDES": 6, "PALENQUERO": 0, "RAIZALES": 0, "ROM": 0, "TOT_EST_ET": 19, "CAPACID_EX": 0, "DOBLE_EXCE": 0, "TE_ACTFISI": 0, "TE_ARTES": 0, "TE_CNATUR": 0, "TE_CSOCIAL": 0, "TE_LDSOCIA": 0, "TE_TECNOLO": 0, "TOT_EST_CA": 0, "TMATRIC_GE": 789, "Zona": 1 }, "geometry": { "type": "Point", "coordinates": [ -8248755.848899999633431, 525071.974399998784065 ] } },
{ "type": "Feature", "properties": { "NOMBRE_EST": "COLEGIO SIMON BOLIVAR (IED)", "NOMBRE_SED": "MATILDE ANARAY", "ORDEN_DE_S": "B", "DIRECCION": "KR 85 # 88 - 91", "DISCAPACID": "FISICA-INTELECTUAL-MULTIPLE", "TALENTOS_O": "CAPACIDADES EXCEPCIONALES-TALENTO EXCEPCIONAL EN ACTIVIDAD FISICA, EJERCICIO Y DEPORTE-TALENTO EXCEPCIONAL EN ARTES Y LETRAS-TALENTO EXCEPCIONAL EN CIENCIAS SOCIALES O HUMANAS-TALENTO EXCEPCIONAL EN LIDERAZGO SOCIAL Y EMPRENDIMIENTO", "GRUPOS_ETN": "AFRODESCENDIENTES-INDIGENAS-NEGRITUDES", "SECTOR": 2, "NATU_JUR": 9, "CALENDARIO": 1, "GENERO": 5, "COD_LOCA": "10", "ESPECIALID": 13, "CLASE_TIPO": 1, "BILINGUE": 5, "FECHA": "2024-04-30", "DANE12_EST": "111265000394", "DANE12_SED": "111001015792", "DA_HIPOACU": 0, "DA_SORDERA": 0, "DA_LENGUAS": 0, "DA_UCASTEL": 0, "DISCAP_FIS": 0, "DISCAP_FLE": 0, "DISCAP_PCE": 0, "DI_DCOGNIT": 2, "DI_SDOWN": 0, "DIS_MULTIP": 3, "DIS_PSICOS": 0, "DV_BAJAVIS": 0, "DIS_CEGUER": 0, "T_ESPECTRO": 0, "T_VOZ_Y_HA": 0, "SISTEMICA": 0, "SORDOCEGUE": 0, "OTRA": 0, "TOT_EST_MA": 5, "AFRODESCEN": 14, "INDIGENAS": 3, "NEGRITUDES": 5, "PALENQUERO": 0, "RAIZALES": 0, "ROM": 0, "TOT_EST_ET": 22, "CAPACID_EX": 0, "DOBLE_EXCE": 0, "TE_ACTFISI": 0, "TE_ARTES": 0, "TE_CNATUR": 0, "TE_CSOCIAL": 0, "TE_LDSOCIA": 0, "TE_TECNOLO": 0, "TOT_EST_CA": 0, "TMATRIC_GE": 644, "Zona": 1 }, "geometry": { "type": "Point", "coordinates": [ -8248205.191400000825524, 524753.341499999165535 ] } },
{ "type": "Feature", "properties": { "NOMBRE_EST": "COLEGIO NIDIA QUINTERO DE TURBAY (IED)", "NOMBRE_SED": "NIDYA QUINTERO DE TURBAY", "ORDEN_DE_S": "A", "DIRECCION": "CL 75 # 90 - 75", "DISCAPACID": "AUDITIVA-FISICA-INTELECTUAL-MENTAL/PSICOSOCIAL-MULTIPLE-VISUAL", "TALENTOS_O": "TALENTO EXCEPCIONAL EN ACTIVIDAD FISICA, EJERCICIO Y DEPORTE-TALENTO EXCEPCIONAL EN ARTES Y LETRAS-TALENTO EXCEPCIONAL EN CIENCIAS SOCIALES O HUMANAS-TALENTO EXCEPCIONAL EN TECNOLOGIA", "GRUPOS_ETN": "AFRODESCENDIENTES", "SECTOR": 2, "NATU_JUR": 9, "CALENDARIO": 1, "GENERO": 5, "COD_LOCA": "10", "ESPECIALID": 1, "CLASE_TIPO": 1, "BILINGUE": 5, "FECHA": "2024-04-30", "DANE12_EST": "111265000408", "DANE12_SED": "111265000408", "DA_HIPOACU": 0, "DA_SORDERA": 0, "DA_LENGUAS": 0, "DA_UCASTEL": 0, "DISCAP_FIS": 3, "DISCAP_FLE": 0, "DISCAP_PCE": 0, "DI_DCOGNIT": 16, "DI_SDOWN": 0, "DIS_MULTIP": 12, "DIS_PSICOS": 2, "DV_BAJAVIS": 1, "DIS_CEGUER": 0, "T_ESPECTRO": 0, "T_VOZ_Y_HA": 0, "SISTEMICA": 0, "SORDOCEGUE": 0, "OTRA": 0, "TOT_EST_MA": 34, "AFRODESCEN": 2, "INDIGENAS": 1, "NEGRITUDES": 0, "PALENQUERO": 0, "RAIZALES": 0, "ROM": 0, "TOT_EST_ET": 3, "CAPACID_EX": 0, "DOBLE_EXCE": 0, "TE_ACTFISI": 0, "TE_ARTES": 0, "TE_CNATUR": 0, "TE_CSOCIAL": 0, "TE_LDSOCIA": 0, "TE_TECNOLO": 0, "TOT_EST_CA": 0, "TMATRIC_GE": 1343, "Zona": 1 }, "geometry": { "type": "Point", "coordinates": [ -8249682.522399999201298, 524011.387600000947714 ] } },
{ "type": "Feature", "properties": { "NOMBRE_EST": "COLEGIO LA GAITANA (IED)", "NOMBRE_SED": "LA GAITANA", "ORDEN_DE_S": "A", "DIRECCION": "TV 126 # 134 - 88", "DISCAPACID": "AUDITIVA-FISICA-INTELECTUAL-MENTAL/PSICOSOCIAL", "TALENTOS_O": "TALENTO EXCEPCIONAL EN ACTIVIDAD FISICA, EJERCICIO Y DEPORTE-TALENTO EXCEPCIONAL EN ARTES Y LETRAS-TALENTO EXCEPCIONAL EN CIENCIAS NATURALES O BASICAS", "GRUPOS_ETN": "AFRODESCENDIENTES-INDIGENAS-NEGRITUDES", "SECTOR": 2, "NATU_JUR": 9, "CALENDARIO": 1, "GENERO": 5, "COD_LOCA": "11", "ESPECIALID": 1, "CLASE_TIPO": 1, "BILINGUE": 5, "FECHA": "2024-04-30", "DANE12_EST": "111001002330", "DANE12_SED": "111001002330", "DA_HIPOACU": 2, "DA_SORDERA": 0, "DA_LENGUAS": 0, "DA_UCASTEL": 0, "DISCAP_FIS": 3, "DISCAP_FLE": 0, "DISCAP_PCE": 0, "DI_DCOGNIT": 10, "DI_SDOWN": 0, "DIS_MULTIP": 1, "DIS_PSICOS": 3, "DV_BAJAVIS": 0, "DIS_CEGUER": 0, "T_ESPECTRO": 0, "T_VOZ_Y_HA": 0, "SISTEMICA": 0, "SORDOCEGUE": 0, "OTRA": 0, "TOT_EST_MA": 19, "AFRODESCEN": 14, "INDIGENAS": 15, "NEGRITUDES": 11, "PALENQUERO": 0, "RAIZALES": 0, "ROM": 0, "TOT_EST_ET": 40, "CAPACID_EX": 1, "DOBLE_EXCE": 0, "TE_ACTFISI": 1, "TE_ARTES": 0, "TE_CNATUR": 0, "TE_CSOCIAL": 0, "TE_LDSOCIA": 0, "TE_TECNOLO": 0, "TOT_EST_CA": 1, "TMATRIC_GE": 1167, "Zona": 1 }, "geometry": { "type": "Point", "coordinates": [ -8249732.771999999880791, 528505.028299998492002 ] } },
{ "type": "Feature", "properties": { "NOMBRE_EST": "COLEGIO LA GAITANA (IED)", "NOMBRE_SED": "VILLA MARIA", "ORDEN_DE_S": "B", "DIRECCION": "CL 132 D # 123 B - 65", "DISCAPACID": "AUDITIVA-FISICA-INTELECTUAL-MENTAL/PSICOSOCIAL-MULTIPLE", "TALENTOS_O": "TALENTO EXCEPCIONAL EN ACTIVIDAD FISICA, EJERCICIO Y DEPORTE-TALENTO EXCEPCIONAL EN ARTES Y LETRAS-TALENTO EXCEPCIONAL EN CIENCIAS SOCIALES O HUMANAS-TALENTO EXCEPCIONAL EN LIDERAZGO SOCIAL Y EMPRENDIMIENTO-TALENTO EXCEPCIONAL EN TECNOLOGIA", "GRUPOS_ETN": "AFRODESCENDIENTES-INDIGENAS-NEGRITUDES", "SECTOR": 2, "NATU_JUR": 9, "CALENDARIO": 1, "GENERO": 5, "COD_LOCA": "11", "ESPECIALID": 13, "CLASE_TIPO": 1, "BILINGUE": 5, "FECHA": "2024-04-30", "DANE12_EST": "111001002330", "DANE12_SED": "111001044288", "DA_HIPOACU": 0, "DA_SORDERA": 0, "DA_LENGUAS": 0, "DA_UCASTEL": 0, "DISCAP_FIS": 3, "DISCAP_FLE": 0, "DISCAP_PCE": 0, "DI_DCOGNIT": 17, "DI_SDOWN": 0, "DIS_MULTIP": 3, "DIS_PSICOS": 2, "DV_BAJAVIS": 0, "DIS_CEGUER": 0, "T_ESPECTRO": 0, "T_VOZ_Y_HA": 0, "SISTEMICA": 0, "SORDOCEGUE": 0, "OTRA": 0, "TOT_EST_MA": 26, "AFRODESCEN": 9, "INDIGENAS": 8, "NEGRITUDES": 3, "PALENQUERO": 0, "RAIZALES": 0, "ROM": 0, "TOT_EST_ET": 20, "CAPACID_EX": 2, "DOBLE_EXCE": 0, "TE_ACTFISI": 1, "TE_ARTES": 0, "TE_CNATUR": 0, "TE_CSOCIAL": 0, "TE_LDSOCIA": 0, "TE_TECNOLO": 0, "TOT_EST_CA": 2, "TMATRIC_GE": 934, "Zona": 1 }, "geometry": { "type": "Point", "coordinates": [ -8249509.298100000247359, 528246.458099998533726 ] } },
{ "type": "Feature", "properties": { "NOMBRE_EST": "COLEGIO INSTITUTO TECNICO DISTRITAL JULIO FLOREZ (IED)", "NOMBRE_SED": "SANTA ROSA", "ORDEN_DE_S": "A", "DIRECCION": "CL 102 A # 70 - 40", "DISCAPACID": "FISICA-INTELECTUAL-MENTAL/PSICOSOCIAL-MULTIPLE", "TALENTOS_O": "TALENTO EXCEPCIONAL EN ACTIVIDAD FISICA, EJERCICIO Y DEPORTE-TALENTO EXCEPCIONAL EN CIENCIAS SOCIALES O HUMANAS-TALENTO EXCEPCIONAL EN LIDERAZGO SOCIAL Y EMPRENDIMIENTO", "GRUPOS_ETN": "AFRODESCENDIENTES-INDIGENAS-NEGRITUDES", "SECTOR": 2, "NATU_JUR": 9, "CALENDARIO": 1, "GENERO": 5, "COD_LOCA": "11", "ESPECIALID": 13, "CLASE_TIPO": 1, "BILINGUE": 5, "FECHA": "2024-04-30", "DANE12_EST": "111001015776", "DANE12_SED": "111769000352", "DA_HIPOACU": 0, "DA_SORDERA": 0, "DA_LENGUAS": 0, "DA_UCASTEL": 0, "DISCAP_FIS": 2, "DISCAP_FLE": 0, "DISCAP_PCE": 0, "DI_DCOGNIT": 7, "DI_SDOWN": 0, "DIS_MULTIP": 9, "DIS_PSICOS": 0, "DV_BAJAVIS": 0, "DIS_CEGUER": 0, "T_ESPECTRO": 0, "T_VOZ_Y_HA": 0, "SISTEMICA": 0, "SORDOCEGUE": 0, "OTRA": 0, "TOT_EST_MA": 18, "AFRODESCEN": 3, "INDIGENAS": 6, "NEGRITUDES": 3, "PALENQUERO": 0, "RAIZALES": 0, "ROM": 0, "TOT_EST_ET": 12, "CAPACID_EX": 1, "DOBLE_EXCE": 0, "TE_ACTFISI": 0, "TE_ARTES": 0, "TE_CNATUR": 0, "TE_CSOCIAL": 0, "TE_LDSOCIA": 0, "TE_TECNOLO": 0, "TOT_EST_CA": 1, "TMATRIC_GE": 633, "Zona": 1 }, "geometry": { "type": "Point", "coordinates": [ -8245892.589099999517202, 523337.615800000727177 ] } },
{ "type": "Feature", "properties": { "NOMBRE_EST": "COLEGIO INSTITUTO TECNICO DISTRITAL JULIO FLOREZ (IED)", "NOMBRE_SED": "JULIO FLOREZ", "ORDEN_DE_S": "B", "DIRECCION": "KR 68 B # 94 - 12", "DISCAPACID": "FISICA-INTELECTUAL-MULTIPLE-VISUAL", "TALENTOS_O": "TALENTO EXCEPCIONAL EN ACTIVIDAD FISICA, EJERCICIO Y DEPORTE-TALENTO EXCEPCIONAL EN ARTES Y LETRAS-TALENTO EXCEPCIONAL EN CIENCIAS NATURALES O BASICAS", "GRUPOS_ETN": "AFRODESCENDIENTES-INDIGENAS", "SECTOR": 2, "NATU_JUR": 9, "CALENDARIO": 1, "GENERO": 5, "COD_LOCA": "11", "ESPECIALID": 12, "CLASE_TIPO": 1, "BILINGUE": 5, "FECHA": "2024-04-30", "DANE12_EST": "111001015776", "DANE12_SED": "111001015776", "DA_HIPOACU": 0, "DA_SORDERA": 0, "DA_LENGUAS": 0, "DA_UCASTEL": 0, "DISCAP_FIS": 2, "DISCAP_FLE": 0, "DISCAP_PCE": 0, "DI_DCOGNIT": 5, "DI_SDOWN": 0, "DIS_MULTIP": 0, "DIS_PSICOS": 1, "DV_BAJAVIS": 0, "DIS_CEGUER": 0, "T_ESPECTRO": 0, "T_VOZ_Y_HA": 0, "SISTEMICA": 0, "SORDOCEGUE": 0, "OTRA": 0, "TOT_EST_MA": 8, "AFRODESCEN": 2, "INDIGENAS": 8, "NEGRITUDES": 0, "PALENQUERO": 0, "RAIZALES": 1, "ROM": 0, "TOT_EST_ET": 11, "CAPACID_EX": 0, "DOBLE_EXCE": 0, "TE_ACTFISI": 0, "TE_ARTES": 0, "TE_CNATUR": 0, "TE_CSOCIAL": 0, "TE_LDSOCIA": 0, "TE_TECNOLO": 0, "TOT_EST_CA": 0, "TMATRIC_GE": 687, "Zona": 1 }, "geometry": { "type": "Point", "coordinates": [ -8246276.66579999960959, 522359.040600001811981 ] } },
{ "type": "Feature", "properties": { "NOMBRE_EST": "COLEGIO ALBERTO LLERAS CAMARGO (IED)", "NOMBRE_SED": "ALBERTO LLERAS CAMARGO", "ORDEN_DE_S": "A", "DIRECCION": "KR 111 A # 139 - 88", "DISCAPACID": "AUDITIVA-FISICA-INTELECTUAL-MENTAL/PSICOSOCIAL-MULTIPLE", "TALENTOS_O": "TALENTO EXCEPCIONAL EN ACTIVIDAD FISICA, EJERCICIO Y DEPORTE-TALENTO EXCEPCIONAL EN ARTES Y LETRAS-TALENTO EXCEPCIONAL EN LIDERAZGO SOCIAL Y EMPRENDIMIENTO-TALENTO EXCEPCIONAL EN TECNOLOGIA", "GRUPOS_ETN": "AFRODESCENDIENTES-INDIGENAS-NEGRITUDES", "SECTOR": 2, "NATU_JUR": 9, "CALENDARIO": 1, "GENERO": 5, "COD_LOCA": "11", "ESPECIALID": 1, "CLASE_TIPO": 1, "BILINGUE": 5, "FECHA": "2024-04-30", "DANE12_EST": "111001025020", "DANE12_SED": "111001025020", "DA_HIPOACU": 2, "DA_SORDERA": 0, "DA_LENGUAS": 0, "DA_UCASTEL": 0, "DISCAP_FIS": 4, "DISCAP_FLE": 0, "DISCAP_PCE": 0, "DI_DCOGNIT": 31, "DI_SDOWN": 0, "DIS_MULTIP": 7, "DIS_PSICOS": 1, "DV_BAJAVIS": 0, "DIS_CEGUER": 0, "T_ESPECTRO": 0, "T_VOZ_Y_HA": 0, "SISTEMICA": 0, "SORDOCEGUE": 0, "OTRA": 0, "TOT_EST_MA": 45, "AFRODESCEN": 20, "INDIGENAS": 24, "NEGRITUDES": 8, "PALENQUERO": 0, "RAIZALES": 2, "ROM": 0, "TOT_EST_ET": 54, "CAPACID_EX": 4, "DOBLE_EXCE": 0, "TE_ACTFISI": 1, "TE_ARTES": 2, "TE_CNATUR": 0, "TE_CSOCIAL": 0, "TE_LDSOCIA": 0, "TE_TECNOLO": 0, "TOT_EST_CA": 4, "TMATRIC_GE": 3213, "Zona": 1 }, "geometry": { "type": "Point", "coordinates": [ -8249050.324500000104308, 528646.581599999219179 ] } },
{ "type": "Feature", "properties": { "NOMBRE_EST": "COLEGIO TIBABUYES UNIVERSAL (IED)", "NOMBRE_SED": "TIBABUYES UNIVERSAL", "ORDEN_DE_S": "A", "DIRECCION": "KR 128 A # 139 - 13", "DISCAPACID": "AUDITIVA-FISICA-INTELECTUAL-MENTAL/PSICOSOCIAL-MULTIPLE-VISUAL", "TALENTOS_O": "CAPACIDADES EXCEPCIONALES-TALENTO EXCEPCIONAL EN ACTIVIDAD FISICA, EJERCICIO Y DEPORTE-TALENTO EXCEPCIONAL EN ARTES Y LETRAS-TALENTO EXCEPCIONAL EN CIENCIAS SOCIALES O HUMANAS", "GRUPOS_ETN": "AFRODESCENDIENTES-INDIGENAS-NEGRITUDES", "SECTOR": 2, "NATU_JUR": 9, "CALENDARIO": 1, "GENERO": 5, "COD_LOCA": "11", "ESPECIALID": 1, "CLASE_TIPO": 1, "BILINGUE": 5, "FECHA": "2024-04-30", "DANE12_EST": "111001045225", "DANE12_SED": "111001045225", "DA_HIPOACU": 3, "DA_SORDERA": 0, "DA_LENGUAS": 0, "DA_UCASTEL": 0, "DISCAP_FIS": 6, "DISCAP_FLE": 0, "DISCAP_PCE": 0, "DI_DCOGNIT": 43, "DI_SDOWN": 0, "DIS_MULTIP": 20, "DIS_PSICOS": 5, "DV_BAJAVIS": 2, "DIS_CEGUER": 0, "T_ESPECTRO": 0, "T_VOZ_Y_HA": 0, "SISTEMICA": 0, "SORDOCEGUE": 0, "OTRA": 0, "TOT_EST_MA": 79, "AFRODESCEN": 11, "INDIGENAS": 10, "NEGRITUDES": 5, "PALENQUERO": 1, "RAIZALES": 0, "ROM": 0, "TOT_EST_ET": 27, "CAPACID_EX": 1, "DOBLE_EXCE": 0, "TE_ACTFISI": 1, "TE_ARTES": 0, "TE_CNATUR": 0, "TE_CSOCIAL": 0, "TE_LDSOCIA": 0, "TE_TECNOLO": 0, "TOT_EST_CA": 1, "TMATRIC_GE": 1574, "Zona": 1 }, "geometry": { "type": "Point", "coordinates": [ -8249939.72719999961555, 528951.299499999731779 ] } },
{ "type": "Feature", "properties": { "NOMBRE_EST": "COLEGIO TIBABUYES UNIVERSAL (IED)", "NOMBRE_SED": "SEDE B", "ORDEN_DE_S": "B", "DIRECCION": "AK 118 # 136 A - 14", "DISCAPACID": "AUDITIVA-FISICA-INTELECTUAL-MENTAL/PSICOSOCIAL-MULTIPLE-VISUAL", "TALENTOS_O": "TALENTO EXCEPCIONAL EN ACTIVIDAD FISICA, EJERCICIO Y DEPORTE-TALENTO EXCEPCIONAL EN ARTES Y LETRAS-TALENTO EXCEPCIONAL EN CIENCIAS SOCIALES O HUMANAS-TALENTO EXCEPCIONAL EN LIDERAZGO SOCIAL Y EMPRENDIMIENTO-TALENTO EXCEPCIONAL EN TECNOLOGIA", "GRUPOS_ETN": "AFRODESCENDIENTES-INDIGENAS-NEGRITUDES-PALENQUEROS", "SECTOR": 2, "NATU_JUR": 9, "CALENDARIO": 1, "GENERO": 5, "COD_LOCA": "11", "ESPECIALID": 1, "CLASE_TIPO": 1, "BILINGUE": 5, "FECHA": "2024-04-30", "DANE12_EST": "111001045225", "DANE12_SED": "111001110094", "DA_HIPOACU": 0, "DA_SORDERA": 0, "DA_LENGUAS": 0, "DA_UCASTEL": 0, "DISCAP_FIS": 3, "DISCAP_FLE": 0, "DISCAP_PCE": 0, "DI_DCOGNIT": 21, "DI_SDOWN": 0, "DIS_MULTIP": 1, "DIS_PSICOS": 3, "DV_BAJAVIS": 1, "DIS_CEGUER": 0, "T_ESPECTRO": 0, "T_VOZ_Y_HA": 0, "SISTEMICA": 0, "SORDOCEGUE": 0, "OTRA": 0, "TOT_EST_MA": 29, "AFRODESCEN": 9, "INDIGENAS": 6, "NEGRITUDES": 5, "PALENQUERO": 0, "RAIZALES": 0, "ROM": 0, "TOT_EST_ET": 20, "CAPACID_EX": 0, "DOBLE_EXCE": 0, "TE_ACTFISI": 0, "TE_ARTES": 0, "TE_CNATUR": 0, "TE_CSOCIAL": 0, "TE_LDSOCIA": 0, "TE_TECNOLO": 0, "TOT_EST_CA": 0, "TMATRIC_GE": 928, "Zona": 1 }, "geometry": { "type": "Point", "coordinates": [ -8249313.37360000051558, 528507.153799999505281 ] } },
{ "type": "Feature", "properties": { "NOMBRE_EST": "COLEGIO TIBABUYES UNIVERSAL (IED)", "NOMBRE_SED": "SEDE C", "ORDEN_DE_S": "C", "DIRECCION": "KR 107 # 139 - 98/78/72/66/60", "DISCAPACID": "FISICA-INTELECTUAL-MULTIPLE-SORDOCEGUERA-VISUAL", "TALENTOS_O": "TALENTO EXCEPCIONAL EN ACTIVIDAD FISICA, EJERCICIO Y DEPORTE-TALENTO EXCEPCIONAL EN ARTES Y LETRAS-TALENTO EXCEPCIONAL EN LIDERAZGO SOCIAL Y EMPRENDIMIENTO-TALENTO EXCEPCIONAL EN TECNOLOGIA", "GRUPOS_ETN": "AFRODESCENDIENTES-INDIGENAS-NEGRITUDES", "SECTOR": 2, "NATU_JUR": 9, "CALENDARIO": 1, "GENERO": 5, "COD_LOCA": "11", "ESPECIALID": 1, "CLASE_TIPO": 1, "BILINGUE": 5, "FECHA": "2024-04-30", "DANE12_EST": "111001045225", "DANE12_SED": "111001110337", "DA_HIPOACU": 0, "DA_SORDERA": 0, "DA_LENGUAS": 0, "DA_UCASTEL": 0, "DISCAP_FIS": 0, "DISCAP_FLE": 0, "DISCAP_PCE": 0, "DI_DCOGNIT": 30, "DI_SDOWN": 0, "DIS_MULTIP": 7, "DIS_PSICOS": 2, "DV_BAJAVIS": 1, "DIS_CEGUER": 0, "T_ESPECTRO": 0, "T_VOZ_Y_HA": 0, "SISTEMICA": 0, "SORDOCEGUE": 3, "OTRA": 0, "TOT_EST_MA": 43, "AFRODESCEN": 8, "INDIGENAS": 9, "NEGRITUDES": 9, "PALENQUERO": 0, "RAIZALES": 0, "ROM": 0, "TOT_EST_ET": 26, "CAPACID_EX": 2, "DOBLE_EXCE": 0, "TE_ACTFISI": 0, "TE_ARTES": 2, "TE_CNATUR": 0, "TE_CSOCIAL": 0, "TE_LDSOCIA": 0, "TE_TECNOLO": 0, "TOT_EST_CA": 2, "TMATRIC_GE": 1232, "Zona": 1 }, "geometry": { "type": "Point", "coordinates": [ -8248687.16469999961555, 528607.23589999973774 ] } },
{ "type": "Feature", "properties": { "NOMBRE_EST": "COLEGIO NUEVA COLOMBIA (IED)", "NOMBRE_SED": "NUEVA COLOMBIA", "ORDEN_DE_S": "A", "DIRECCION": "KR 102 A # 128 A - 40", "DISCAPACID": "AUDITIVA-FISICA-INTELECTUAL-MENTAL/PSICOSOCIAL-MULTIPLE", "TALENTOS_O": "TALENTO EXCEPCIONAL EN ACTIVIDAD FISICA, EJERCICIO Y DEPORTE-TALENTO EXCEPCIONAL EN CIENCIAS NATURALES O BASICAS-TALENTO EXCEPCIONAL EN CIENCIAS SOCIALES O HUMANAS", "GRUPOS_ETN": "AFRODESCENDIENTES-INDIGENAS-NEGRITUDES-RAIZALES", "SECTOR": 2, "NATU_JUR": 9, "CALENDARIO": 1, "GENERO": 5, "COD_LOCA": "11", "ESPECIALID": 1, "CLASE_TIPO": 1, "BILINGUE": 5, "FECHA": "2024-04-30", "DANE12_EST": "111001075272", "DANE12_SED": "111001075272", "DA_HIPOACU": 2, "DA_SORDERA": 0, "DA_LENGUAS": 0, "DA_UCASTEL": 0, "DISCAP_FIS": 4, "DISCAP_FLE": 0, "DISCAP_PCE": 0, "DI_DCOGNIT": 9, "DI_SDOWN": 0, "DIS_MULTIP": 5, "DIS_PSICOS": 3, "DV_BAJAVIS": 1, "DIS_CEGUER": 0, "T_ESPECTRO": 0, "T_VOZ_Y_HA": 0, "SISTEMICA": 0, "SORDOCEGUE": 0, "OTRA": 0, "TOT_EST_MA": 24, "AFRODESCEN": 20, "INDIGENAS": 18, "NEGRITUDES": 13, "PALENQUERO": 0, "RAIZALES": 1, "ROM": 0, "TOT_EST_ET": 52, "CAPACID_EX": 1, "DOBLE_EXCE": 0, "TE_ACTFISI": 0, "TE_ARTES": 1, "TE_CNATUR": 0, "TE_CSOCIAL": 0, "TE_LDSOCIA": 0, "TE_TECNOLO": 0, "TOT_EST_CA": 1, "TMATRIC_GE": 2007, "Zona": 1 }, "geometry": { "type": "Point", "coordinates": [ -8248703.273800000548363, 526974.421900000423193 ] } },
{ "type": "Feature", "properties": { "NOMBRE_EST": "COLEGIO NUEVA COLOMBIA (IED)", "NOMBRE_SED": "AURES II", "ORDEN_DE_S": "B", "DIRECCION": "KR 105 A # 131 - 10", "DISCAPACID": "AUDITIVA-INTELECTUAL", "TALENTOS_O": "CAPACIDADES EXCEPCIONALES-TALENTO EXCEPCIONAL EN ACTIVIDAD FISICA, EJERCICIO Y DEPORTE-TALENTO EXCEPCIONAL EN CIENCIAS SOCIALES O HUMANAS-TALENTO EXCEPCIONAL EN LIDERAZGO SOCIAL Y EMPRENDIMIENTO-TALENTO EXCEPCIONAL EN TECNOLOGIA", "GRUPOS_ETN": "AFRODESCENDIENTES-INDIGENAS", "SECTOR": 2, "NATU_JUR": 9, "CALENDARIO": 1, "GENERO": 5, "COD_LOCA": "11", "ESPECIALID": 13, "CLASE_TIPO": 1, "BILINGUE": 5, "FECHA": "2024-04-30", "DANE12_EST": "111001075272", "DANE12_SED": "111001104141", "DA_HIPOACU": 0, "DA_SORDERA": 0, "DA_LENGUAS": 0, "DA_UCASTEL": 0, "DISCAP_FIS": 0, "DISCAP_FLE": 0, "DISCAP_PCE": 0, "DI_DCOGNIT": 5, "DI_SDOWN": 0, "DIS_MULTIP": 5, "DIS_PSICOS": 0, "DV_BAJAVIS": 0, "DIS_CEGUER": 0, "T_ESPECTRO": 0, "T_VOZ_Y_HA": 0, "SISTEMICA": 0, "SORDOCEGUE": 0, "OTRA": 0, "TOT_EST_MA": 11, "AFRODESCEN": 2, "INDIGENAS": 0, "NEGRITUDES": 0, "PALENQUERO": 0, "RAIZALES": 0, "ROM": 0, "TOT_EST_ET": 2, "CAPACID_EX": 0, "DOBLE_EXCE": 0, "TE_ACTFISI": 0, "TE_ARTES": 0, "TE_CNATUR": 0, "TE_CSOCIAL": 0, "TE_LDSOCIA": 0, "TE_TECNOLO": 0, "TOT_EST_CA": 0, "TMATRIC_GE": 794, "Zona": 1 }, "geometry": { "type": "Point", "coordinates": [ -8248906.99070000089705, 527663.394000001251698 ] } },
{ "type": "Feature", "properties": { "NOMBRE_EST": "COLEGIO GUSTAVO MORALES MORALES (IED)", "NOMBRE_SED": "GUSTAVO MORALES MORALES", "ORDEN_DE_S": "A", "DIRECCION": "CL 129 # 55 - 55", "DISCAPACID": "AUDITIVA-FISICA-INTELECTUAL-MENTAL/PSICOSOCIAL-MULTIPLE", "TALENTOS_O": "CAPACIDADES EXCEPCIONALES-TALENTO EXCEPCIONAL EN ACTIVIDAD FISICA, EJERCICIO Y DEPORTE-TALENTO EXCEPCIONAL EN ARTES Y LETRAS-TALENTO EXCEPCIONAL EN CIENCIAS NATURALES O BASICAS-TALENTO EXCEPCIONAL EN CIENCIAS SOCIALES O HUMANAS-TALENTO EXCEPCIONAL EN LID", "GRUPOS_ETN": "AFRODESCENDIENTES-INDIGENAS-NEGRITUDES-RAIZALES", "SECTOR": 2, "NATU_JUR": 9, "CALENDARIO": 1, "GENERO": 5, "COD_LOCA": "11", "ESPECIALID": 1, "CLASE_TIPO": 1, "BILINGUE": 5, "FECHA": "2024-04-30", "DANE12_EST": "111001075515", "DANE12_SED": "111001075515", "DA_HIPOACU": 4, "DA_SORDERA": 0, "DA_LENGUAS": 0, "DA_UCASTEL": 0, "DISCAP_FIS": 2, "DISCAP_FLE": 0, "DISCAP_PCE": 0, "DI_DCOGNIT": 50, "DI_SDOWN": 0, "DIS_MULTIP": 8, "DIS_PSICOS": 33, "DV_BAJAVIS": 0, "DIS_CEGUER": 0, "T_ESPECTRO": 0, "T_VOZ_Y_HA": 0, "SISTEMICA": 0, "SORDOCEGUE": 0, "OTRA": 0, "TOT_EST_MA": 97, "AFRODESCEN": 11, "INDIGENAS": 4, "NEGRITUDES": 4, "PALENQUERO": 0, "RAIZALES": 1, "ROM": 0, "TOT_EST_ET": 20, "CAPACID_EX": 0, "DOBLE_EXCE": 0, "TE_ACTFISI": 0, "TE_ARTES": 0, "TE_CNATUR": 0, "TE_CSOCIAL": 0, "TE_LDSOCIA": 0, "TE_TECNOLO": 0, "TOT_EST_CA": 0, "TMATRIC_GE": 1791, "Zona": 1 }, "geometry": { "type": "Point", "coordinates": [ -8244810.177400000393391, 525653.418400000780821 ] } },
{ "type": "Feature", "properties": { "NOMBRE_EST": "COLEGIO GUSTAVO MORALES MORALES (IED)", "NOMBRE_SED": "CIUDAD JARDIN NORTE", "ORDEN_DE_S": "B", "DIRECCION": "CL 129 B # 58 B - 45", "DISCAPACID": "INTELECTUAL-MULTIPLE", "TALENTOS_O": "TALENTO EXCEPCIONAL EN ACTIVIDAD FISICA, EJERCICIO Y DEPORTE-TALENTO EXCEPCIONAL EN ARTES Y LETRAS", "GRUPOS_ETN": "AFRODESCENDIENTES-INDIGENAS", "SECTOR": 2, "NATU_JUR": 9, "CALENDARIO": 1, "GENERO": 5, "COD_LOCA": "11", "ESPECIALID": 13, "CLASE_TIPO": 1, "BILINGUE": 5, "FECHA": "2024-04-30", "DANE12_EST": "111001075515", "DANE12_SED": "111769000280", "DA_HIPOACU": 0, "DA_SORDERA": 0, "DA_LENGUAS": 0, "DA_UCASTEL": 0, "DISCAP_FIS": 0, "DISCAP_FLE": 0, "DISCAP_PCE": 0, "DI_DCOGNIT": 5, "DI_SDOWN": 0, "DIS_MULTIP": 2, "DIS_PSICOS": 0, "DV_BAJAVIS": 0, "DIS_CEGUER": 0, "T_ESPECTRO": 0, "T_VOZ_Y_HA": 0, "SISTEMICA": 0, "SORDOCEGUE": 0, "OTRA": 0, "TOT_EST_MA": 7, "AFRODESCEN": 1, "INDIGENAS": 0, "NEGRITUDES": 1, "PALENQUERO": 0, "RAIZALES": 0, "ROM": 0, "TOT_EST_ET": 2, "CAPACID_EX": 0, "DOBLE_EXCE": 0, "TE_ACTFISI": 0, "TE_ARTES": 0, "TE_CNATUR": 0, "TE_CSOCIAL": 0, "TE_LDSOCIA": 0, "TE_TECNOLO": 0, "TOT_EST_CA": 0, "TMATRIC_GE": 424, "Zona": 1 }, "geometry": { "type": "Point", "coordinates": [ -8245410.251800000667572, 525948.068999998271465 ] } },
{ "type": "Feature", "properties": { "NOMBRE_EST": "COLEGIO RAMON DE ZUBIRIA (IED)", "NOMBRE_SED": "RAMON DE ZUBIRIA", "ORDEN_DE_S": "A", "DIRECCION": "DG 129 B BIS # 93 B - 51", "DISCAPACID": "AUDITIVA-FISICA-INTELECTUAL-MENTAL/PSICOSOCIAL-MULTIPLE", "TALENTOS_O": "CAPACIDADES EXCEPCIONALES-TALENTO EXCEPCIONAL EN ACTIVIDAD FISICA, EJERCICIO Y DEPORTE-TALENTO EXCEPCIONAL EN CIENCIAS SOCIALES O HUMANAS", "GRUPOS_ETN": "AFRODESCENDIENTES-INDIGENAS-NEGRITUDES", "SECTOR": 2, "NATU_JUR": 9, "CALENDARIO": 1, "GENERO": 5, "COD_LOCA": "11", "ESPECIALID": 1, "CLASE_TIPO": 1, "BILINGUE": 5, "FECHA": "2024-04-30", "DANE12_EST": "111001086665", "DANE12_SED": "111001086665", "DA_HIPOACU": 0, "DA_SORDERA": 0, "DA_LENGUAS": 0, "DA_UCASTEL": 0, "DISCAP_FIS": 0, "DISCAP_FLE": 0, "DISCAP_PCE": 0, "DI_DCOGNIT": 40, "DI_SDOWN": 0, "DIS_MULTIP": 1, "DIS_PSICOS": 2, "DV_BAJAVIS": 0, "DIS_CEGUER": 0, "T_ESPECTRO": 0, "T_VOZ_Y_HA": 0, "SISTEMICA": 0, "SORDOCEGUE": 0, "OTRA": 0, "TOT_EST_MA": 44, "AFRODESCEN": 12, "INDIGENAS": 20, "NEGRITUDES": 9, "PALENQUERO": 0, "RAIZALES": 0, "ROM": 0, "TOT_EST_ET": 41, "CAPACID_EX": 1, "DOBLE_EXCE": 0, "TE_ACTFISI": 1, "TE_ARTES": 0, "TE_CNATUR": 0, "TE_CSOCIAL": 0, "TE_LDSOCIA": 0, "TE_TECNOLO": 0, "TOT_EST_CA": 1, "TMATRIC_GE": 899, "Zona": 1 }, "geometry": { "type": "Point", "coordinates": [ -8247916.985300000756979, 526664.651299998164177 ] } },
{ "type": "Feature", "properties": { "NOMBRE_EST": "COLEGIO RAMON DE ZUBIRIA (IED)", "NOMBRE_SED": "LA PALMA", "ORDEN_DE_S": "B", "DIRECCION": "KR 88 C # 130 D - 41", "DISCAPACID": "AUDITIVA-FISICA-INTELECTUAL-MENTAL/PSICOSOCIAL-MULTIPLE", "TALENTOS_O": "TALENTO EXCEPCIONAL EN ACTIVIDAD FISICA, EJERCICIO Y DEPORTE-TALENTO EXCEPCIONAL EN ARTES Y LETRAS-TALENTO EXCEPCIONAL EN LIDERAZGO SOCIAL Y EMPRENDIMIENTO-TALENTO EXCEPCIONAL EN TECNOLOGIA", "GRUPOS_ETN": "AFRODESCENDIENTES-INDIGENAS-NEGRITUDES", "SECTOR": 2, "NATU_JUR": 9, "CALENDARIO": 1, "GENERO": 5, "COD_LOCA": "11", "ESPECIALID": 13, "CLASE_TIPO": 1, "BILINGUE": 5, "FECHA": "2024-04-30", "DANE12_EST": "111001086665", "DANE12_SED": "111769003106", "DA_HIPOACU": 0, "DA_SORDERA": 0, "DA_LENGUAS": 0, "DA_UCASTEL": 0, "DISCAP_FIS": 1, "DISCAP_FLE": 0, "DISCAP_PCE": 0, "DI_DCOGNIT": 22, "DI_SDOWN": 0, "DIS_MULTIP": 8, "DIS_PSICOS": 1, "DV_BAJAVIS": 0, "DIS_CEGUER": 0, "T_ESPECTRO": 0, "T_VOZ_Y_HA": 0, "SISTEMICA": 0, "SORDOCEGUE": 0, "OTRA": 0, "TOT_EST_MA": 33, "AFRODESCEN": 16, "INDIGENAS": 9, "NEGRITUDES": 3, "PALENQUERO": 0, "RAIZALES": 0, "ROM": 0, "TOT_EST_ET": 28, "CAPACID_EX": 2, "DOBLE_EXCE": 0, "TE_ACTFISI": 1, "TE_ARTES": 0, "TE_CNATUR": 0, "TE_CSOCIAL": 0, "TE_LDSOCIA": 0, "TE_TECNOLO": 0, "TOT_EST_CA": 2, "TMATRIC_GE": 1518, "Zona": 1 }, "geometry": { "type": "Point", "coordinates": [ -8247296.699699999764562, 526869.028499998152256 ] } },
{ "type": "Feature", "properties": { "NOMBRE_EST": "COLEGIO RAMON DE ZUBIRIA (IED)", "NOMBRE_SED": "STEPHEN HAWKING", "ORDEN_DE_S": "C", "DIRECCION": "CL 128 C # 88 B - 50  --  CL 130 D # 88 B - 49", "DISCAPACID": "INTELECTUAL", "TALENTOS_O": "CAPACIDADES EXCEPCIONALES-TALENTO EXCEPCIONAL EN ACTIVIDAD FISICA, EJERCICIO Y DEPORTE-TALENTO EXCEPCIONAL EN ARTES Y LETRAS", "GRUPOS_ETN": "AFRODESCENDIENTES-INDIGENAS-NEGRITUDES", "SECTOR": 2, "NATU_JUR": 9, "CALENDARIO": 1, "GENERO": 5, "COD_LOCA": "11", "ESPECIALID": 13, "CLASE_TIPO": 1, "BILINGUE": 5, "FECHA": "2024-04-30", "DANE12_EST": "111001086665", "DANE12_SED": "111001104566", "DA_HIPOACU": 0, "DA_SORDERA": 0, "DA_LENGUAS": 0, "DA_UCASTEL": 0, "DISCAP_FIS": 4, "DISCAP_FLE": 0, "DISCAP_PCE": 0, "DI_DCOGNIT": 52, "DI_SDOWN": 0, "DIS_MULTIP": 0, "DIS_PSICOS": 1, "DV_BAJAVIS": 0, "DIS_CEGUER": 0, "T_ESPECTRO": 0, "T_VOZ_Y_HA": 0, "SISTEMICA": 0, "SORDOCEGUE": 0, "OTRA": 0, "TOT_EST_MA": 57, "AFRODESCEN": 14, "INDIGENAS": 23, "NEGRITUDES": 9, "PALENQUERO": 0, "RAIZALES": 0, "ROM": 0, "TOT_EST_ET": 46, "CAPACID_EX": 1, "DOBLE_EXCE": 0, "TE_ACTFISI": 1, "TE_ARTES": 0, "TE_CNATUR": 0, "TE_CSOCIAL": 0, "TE_LDSOCIA": 0, "TE_TECNOLO": 0, "TOT_EST_CA": 1, "TMATRIC_GE": 890, "Zona": 1 }, "geometry": { "type": "Point", "coordinates": [ -8247307.932900000363588, 526807.995600000023842 ] } },
{ "type": "Feature", "properties": { "NOMBRE_EST": "COLEGIO ALVARO GOMEZ HURTADO (IED)", "NOMBRE_SED": "ALVARO GOMEZ HURTADO", "ORDEN_DE_S": "A", "DIRECCION": "KR 100 A # 130 - 18", "DISCAPACID": "INTELECTUAL-MENTAL/PSICOSOCIAL", "TALENTOS_O": "CAPACIDADES EXCEPCIONALES-TALENTO EXCEPCIONAL EN ACTIVIDAD FISICA, EJERCICIO Y DEPORTE-TALENTO EXCEPCIONAL EN ARTES Y LETRAS", "GRUPOS_ETN": "AFRODESCENDIENTES-INDIGENAS-NEGRITUDES-PALENQUEROS", "SECTOR": 2, "NATU_JUR": 9, "CALENDARIO": 1, "GENERO": 5, "COD_LOCA": "11", "ESPECIALID": 1, "CLASE_TIPO": 1, "BILINGUE": 5, "FECHA": "2024-04-30", "DANE12_EST": "111001093084", "DANE12_SED": "111001093084", "DA_HIPOACU": 0, "DA_SORDERA": 0, "DA_LENGUAS": 0, "DA_UCASTEL": 0, "DISCAP_FIS": 1, "DISCAP_FLE": 0, "DISCAP_PCE": 0, "DI_DCOGNIT": 9, "DI_SDOWN": 0, "DIS_MULTIP": 0, "DIS_PSICOS": 6, "DV_BAJAVIS": 0, "DIS_CEGUER": 0, "T_ESPECTRO": 0, "T_VOZ_Y_HA": 0, "SISTEMICA": 0, "SORDOCEGUE": 0, "OTRA": 0, "TOT_EST_MA": 16, "AFRODESCEN": 14, "INDIGENAS": 8, "NEGRITUDES": 8, "PALENQUERO": 0, "RAIZALES": 0, "ROM": 0, "TOT_EST_ET": 30, "CAPACID_EX": 1, "DOBLE_EXCE": 0, "TE_ACTFISI": 0, "TE_ARTES": 1, "TE_CNATUR": 0, "TE_CSOCIAL": 0, "TE_LDSOCIA": 0, "TE_TECNOLO": 0, "TOT_EST_CA": 1, "TMATRIC_GE": 1516, "Zona": 1 }, "geometry": { "type": "Point", "coordinates": [ -8248439.004599999636412, 527176.924300000071526 ] } },
{ "type": "Feature", "properties": { "NOMBRE_EST": "COLEGIO ALVARO GOMEZ HURTADO (IED)", "NOMBRE_SED": "LA CHUCUA NORTE", "ORDEN_DE_S": "B", "DIRECCION": "CL 133 # 98 B - 24", "DISCAPACID": "INTELECTUAL", "TALENTOS_O": "CAPACIDADES EXCEPCIONALES-TALENTO EXCEPCIONAL EN ACTIVIDAD FISICA, EJERCICIO Y DEPORTE-TALENTO EXCEPCIONAL EN ARTES Y LETRAS-TALENTO EXCEPCIONAL EN CIENCIAS SOCIALES O HUMANAS-TALENTO EXCEPCIONAL EN LIDERAZGO SOCIAL Y EMPRENDIMIENTO", "GRUPOS_ETN": "AFRODESCENDIENTES-INDIGENAS-NEGRITUDES", "SECTOR": 2, "NATU_JUR": 9, "CALENDARIO": 1, "GENERO": 5, "COD_LOCA": "11", "ESPECIALID": 13, "CLASE_TIPO": 1, "BILINGUE": 5, "FECHA": "2024-04-30", "DANE12_EST": "111001093084", "DANE12_SED": "211769000217", "DA_HIPOACU": 0, "DA_SORDERA": 0, "DA_LENGUAS": 0, "DA_UCASTEL": 0, "DISCAP_FIS": 0, "DISCAP_FLE": 0, "DISCAP_PCE": 0, "DI_DCOGNIT": 2, "DI_SDOWN": 0, "DIS_MULTIP": 1, "DIS_PSICOS": 2, "DV_BAJAVIS": 0, "DIS_CEGUER": 0, "T_ESPECTRO": 0, "T_VOZ_Y_HA": 0, "SISTEMICA": 0, "SORDOCEGUE": 0, "OTRA": 0, "TOT_EST_MA": 5, "AFRODESCEN": 8, "INDIGENAS": 9, "NEGRITUDES": 5, "PALENQUERO": 0, "RAIZALES": 0, "ROM": 0, "TOT_EST_ET": 22, "CAPACID_EX": 1, "DOBLE_EXCE": 0, "TE_ACTFISI": 0, "TE_ARTES": 1, "TE_CNATUR": 0, "TE_CSOCIAL": 0, "TE_LDSOCIA": 0, "TE_TECNOLO": 0, "TOT_EST_CA": 1, "TMATRIC_GE": 1065, "Zona": 1 }, "geometry": { "type": "Point", "coordinates": [ -8248039.43779999949038, 527716.041799999773502 ] } },
{ "type": "Feature", "properties": { "NOMBRE_EST": "COLEGIO ALVARO GOMEZ HURTADO (IED)", "NOMBRE_SED": "SEDE C", "ORDEN_DE_S": "C", "DIRECCION": "KR 102 # 131 - 66  --  CL 131 # 100 A - 35", "DISCAPACID": "INTELECTUAL", "TALENTOS_O": "TALENTO EXCEPCIONAL EN ARTES Y LETRAS", "GRUPOS_ETN": "AFRODESCENDIENTES-INDIGENAS", "SECTOR": 2, "NATU_JUR": 9, "CALENDARIO": 1, "GENERO": 5, "COD_LOCA": "11", "ESPECIALID": 13, "CLASE_TIPO": 1, "BILINGUE": 5, "FECHA": "2024-04-30", "DANE12_EST": "111001093084", "DANE12_SED": "111001110345", "DA_HIPOACU": 0, "DA_SORDERA": 0, "DA_LENGUAS": 0, "DA_UCASTEL": 0, "DISCAP_FIS": 0, "DISCAP_FLE": 0, "DISCAP_PCE": 0, "DI_DCOGNIT": 1, "DI_SDOWN": 0, "DIS_MULTIP": 1, "DIS_PSICOS": 0, "DV_BAJAVIS": 0, "DIS_CEGUER": 0, "T_ESPECTRO": 0, "T_VOZ_Y_HA": 0, "SISTEMICA": 0, "SORDOCEGUE": 0, "OTRA": 0, "TOT_EST_MA": 2, "AFRODESCEN": 2, "INDIGENAS": 2, "NEGRITUDES": 0, "PALENQUERO": 0, "RAIZALES": 0, "ROM": 0, "TOT_EST_ET": 4, "CAPACID_EX": 1, "DOBLE_EXCE": 0, "TE_ACTFISI": 1, "TE_ARTES": 0, "TE_CNATUR": 0, "TE_CSOCIAL": 0, "TE_LDSOCIA": 0, "TE_TECNOLO": 0, "TOT_EST_CA": 1, "TMATRIC_GE": 411, "Zona": 1 }, "geometry": { "type": "Point", "coordinates": [ -8248510.7445, 527573.169799998402596 ] } },
{ "type": "Feature", "properties": { "NOMBRE_EST": "COLEGIO ALVARO GOMEZ HURTADO (IED)", "NOMBRE_SED": "SEDE D", "ORDEN_DE_S": "D", "DIRECCION": "CL 131 # 100 A - 35  --  KR 102 # 131 - 66", "DISCAPACID": "FISICA", "TALENTOS_O": "TALENTO EXCEPCIONAL EN ACTIVIDAD FISICA, EJERCICIO Y DEPORTE-TALENTO EXCEPCIONAL EN ARTES Y LETRAS", "GRUPOS_ETN": "INDIGENAS", "SECTOR": 2, "NATU_JUR": 9, "CALENDARIO": 1, "GENERO": 5, "COD_LOCA": "11", "ESPECIALID": 13, "CLASE_TIPO": 1, "BILINGUE": 5, "FECHA": "2024-04-30", "DANE12_EST": "111001093084", "DANE12_SED": "111001110426", "DA_HIPOACU": 0, "DA_SORDERA": 0, "DA_LENGUAS": 0, "DA_UCASTEL": 0, "DISCAP_FIS": 0, "DISCAP_FLE": 0, "DISCAP_PCE": 0, "DI_DCOGNIT": 0, "DI_SDOWN": 0, "DIS_MULTIP": 1, "DIS_PSICOS": 0, "DV_BAJAVIS": 0, "DIS_CEGUER": 0, "T_ESPECTRO": 0, "T_VOZ_Y_HA": 0, "SISTEMICA": 0, "SORDOCEGUE": 0, "OTRA": 0, "TOT_EST_MA": 1, "AFRODESCEN": 2, "INDIGENAS": 2, "NEGRITUDES": 0, "PALENQUERO": 0, "RAIZALES": 0, "ROM": 0, "TOT_EST_ET": 4, "CAPACID_EX": 0, "DOBLE_EXCE": 0, "TE_ACTFISI": 0, "TE_ARTES": 0, "TE_CNATUR": 0, "TE_CSOCIAL": 0, "TE_LDSOCIA": 0, "TE_TECNOLO": 0, "TOT_EST_CA": 0, "TMATRIC_GE": 219, "Zona": 1 }, "geometry": { "type": "Point", "coordinates": [ -8248384.323400000110269, 527438.632699999958277 ] } },
{ "type": "Feature", "properties": { "NOMBRE_EST": "COLEGIO LA TOSCANA - LISBOA (IED)", "NOMBRE_SED": "LA TOSCANA", "ORDEN_DE_S": "A", "DIRECCION": "CL 132 D BIS # 132 - 05  --  CL 133 # 132 - 05", "DISCAPACID": "AUDITIVA-FISICA-INTELECTUAL-MENTAL/PSICOSOCIAL-MULTIPLE-SORDOCEGUERA-VISUAL", "TALENTOS_O": "TALENTO EXCEPCIONAL EN ACTIVIDAD FISICA, EJERCICIO Y DEPORTE-TALENTO EXCEPCIONAL EN ARTES Y LETRAS-TALENTO EXCEPCIONAL EN TECNOLOGIA", "GRUPOS_ETN": "AFRODESCENDIENTES-INDIGENAS-NEGRITUDES", "SECTOR": 2, "NATU_JUR": 9, "CALENDARIO": 1, "GENERO": 5, "COD_LOCA": "11", "ESPECIALID": 1, "CLASE_TIPO": 1, "BILINGUE": 5, "FECHA": "2024-04-30", "DANE12_EST": "111001094889", "DANE12_SED": "111001094889", "DA_HIPOACU": 4, "DA_SORDERA": 0, "DA_LENGUAS": 0, "DA_UCASTEL": 0, "DISCAP_FIS": 0, "DISCAP_FLE": 0, "DISCAP_PCE": 0, "DI_DCOGNIT": 24, "DI_SDOWN": 0, "DIS_MULTIP": 7, "DIS_PSICOS": 0, "DV_BAJAVIS": 2, "DIS_CEGUER": 0, "T_ESPECTRO": 0, "T_VOZ_Y_HA": 0, "SISTEMICA": 0, "SORDOCEGUE": 1, "OTRA": 0, "TOT_EST_MA": 38, "AFRODESCEN": 3, "INDIGENAS": 8, "NEGRITUDES": 4, "PALENQUERO": 0, "RAIZALES": 0, "ROM": 0, "TOT_EST_ET": 15, "CAPACID_EX": 1, "DOBLE_EXCE": 0, "TE_ACTFISI": 1, "TE_ARTES": 0, "TE_CNATUR": 0, "TE_CSOCIAL": 0, "TE_LDSOCIA": 0, "TE_TECNOLO": 0, "TOT_EST_CA": 1, "TMATRIC_GE": 809, "Zona": 1 }, "geometry": { "type": "Point", "coordinates": [ -8250269.177200000733137, 528655.187600001692772 ] } },
{ "type": "Feature", "properties": { "NOMBRE_EST": "COLEGIO LA TOSCANA - LISBOA (IED)", "NOMBRE_SED": "LISBOA", "ORDEN_DE_S": "B", "DIRECCION": "TV 151 A # 129 - 16", "DISCAPACID": "AUDITIVA-FISICA-INTELECTUAL", "TALENTOS_O": "TALENTO EXCEPCIONAL EN ACTIVIDAD FISICA, EJERCICIO Y DEPORTE-TALENTO EXCEPCIONAL EN ARTES Y LETRAS-TALENTO EXCEPCIONAL EN CIENCIAS SOCIALES O HUMANAS-TALENTO EXCEPCIONAL EN LIDERAZGO SOCIAL Y EMPRENDIMIENTO", "GRUPOS_ETN": "AFRODESCENDIENTES-INDIGENAS-NEGRITUDES", "SECTOR": 2, "NATU_JUR": 9, "CALENDARIO": 1, "GENERO": 5, "COD_LOCA": "11", "ESPECIALID": 13, "CLASE_TIPO": 1, "BILINGUE": 5, "FECHA": "2024-04-30", "DANE12_EST": "111001094889", "DANE12_SED": "111001012394", "DA_HIPOACU": 0, "DA_SORDERA": 0, "DA_LENGUAS": 0, "DA_UCASTEL": 0, "DISCAP_FIS": 1, "DISCAP_FLE": 0, "DISCAP_PCE": 0, "DI_DCOGNIT": 10, "DI_SDOWN": 0, "DIS_MULTIP": 1, "DIS_PSICOS": 0, "DV_BAJAVIS": 0, "DIS_CEGUER": 0, "T_ESPECTRO": 0, "T_VOZ_Y_HA": 0, "SISTEMICA": 0, "SORDOCEGUE": 0, "OTRA": 0, "TOT_EST_MA": 13, "AFRODESCEN": 8, "INDIGENAS": 2, "NEGRITUDES": 2, "PALENQUERO": 0, "RAIZALES": 0, "ROM": 0, "TOT_EST_ET": 12, "CAPACID_EX": 1, "DOBLE_EXCE": 0, "TE_ACTFISI": 0, "TE_ARTES": 0, "TE_CNATUR": 0, "TE_CSOCIAL": 0, "TE_LDSOCIA": 0, "TE_TECNOLO": 0, "TOT_EST_CA": 1, "TMATRIC_GE": 678, "Zona": 1 }, "geometry": { "type": "Point", "coordinates": [ -8251199.031199999153614, 528301.460200000554323 ] } },
{ "type": "Feature", "properties": { "NOMBRE_EST": "COLEGIO LA TOSCANA - LISBOA (IED)", "NOMBRE_SED": "SEDE C", "ORDEN_DE_S": "C", "DIRECCION": "CL 132 # 133 A – 43  --  KR 135 # 130 A – 06/09", "DISCAPACID": "AUDITIVA-INTELECTUAL", "TALENTOS_O": "TALENTO EXCEPCIONAL EN ACTIVIDAD FISICA, EJERCICIO Y DEPORTE-TALENTO EXCEPCIONAL EN ARTES Y LETRAS-TALENTO EXCEPCIONAL EN CIENCIAS SOCIALES O HUMANAS-TALENTO EXCEPCIONAL EN LIDERAZGO SOCIAL Y EMPRENDIMIENTO-TALENTO EXCEPCIONAL EN TECNOLOGIA", "GRUPOS_ETN": "AFRODESCENDIENTES-INDIGENAS-NEGRITUDES", "SECTOR": 2, "NATU_JUR": 9, "CALENDARIO": 1, "GENERO": 5, "COD_LOCA": "11", "ESPECIALID": 13, "CLASE_TIPO": 1, "BILINGUE": 5, "FECHA": "2024-04-30", "DANE12_EST": "111001094889", "DANE12_SED": "111001110434", "DA_HIPOACU": 2, "DA_SORDERA": 0, "DA_LENGUAS": 0, "DA_UCASTEL": 0, "DISCAP_FIS": 0, "DISCAP_FLE": 0, "DISCAP_PCE": 0, "DI_DCOGNIT": 9, "DI_SDOWN": 0, "DIS_MULTIP": 2, "DIS_PSICOS": 0, "DV_BAJAVIS": 0, "DIS_CEGUER": 0, "T_ESPECTRO": 0, "T_VOZ_Y_HA": 0, "SISTEMICA": 0, "SORDOCEGUE": 0, "OTRA": 0, "TOT_EST_MA": 13, "AFRODESCEN": 6, "INDIGENAS": 2, "NEGRITUDES": 0, "PALENQUERO": 0, "RAIZALES": 0, "ROM": 0, "TOT_EST_ET": 8, "CAPACID_EX": 0, "DOBLE_EXCE": 0, "TE_ACTFISI": 0, "TE_ARTES": 0, "TE_CNATUR": 0, "TE_CSOCIAL": 0, "TE_LDSOCIA": 0, "TE_TECNOLO": 0, "TOT_EST_CA": 0, "TMATRIC_GE": 412, "Zona": 1 }, "geometry": { "type": "Point", "coordinates": [ -8250514.364, 528452.044799998402596 ] } },
{ "type": "Feature", "properties": { "NOMBRE_EST": "COLEGIO LA TOSCANA - LISBOA (IED)", "NOMBRE_SED": "SEDE D PRIMERA INFANCIA - MARIA CRISTINA SALAZAR CAMACHO - SABANA DE TIBABUYES", "ORDEN_DE_S": "D", "DIRECCION": "CL 142 # 128 - 02", "DISCAPACID": null, "TALENTOS_O": null, "GRUPOS_ETN": null, "SECTOR": 2, "NATU_JUR": 9, "CALENDARIO": 1, "GENERO": 5, "COD_LOCA": "11", "ESPECIALID": 13, "CLASE_TIPO": 1, "BILINGUE": 5, "FECHA": "2024-04-30", "DANE12_EST": "111001094889", "DANE12_SED": "111001801161", "DA_HIPOACU": 0, "DA_SORDERA": 0, "DA_LENGUAS": 0, "DA_UCASTEL": 0, "DISCAP_FIS": 0, "DISCAP_FLE": 0, "DISCAP_PCE": 0, "DI_DCOGNIT": 1, "DI_SDOWN": 0, "DIS_MULTIP": 1, "DIS_PSICOS": 0, "DV_BAJAVIS": 0, "DIS_CEGUER": 0, "T_ESPECTRO": 0, "T_VOZ_Y_HA": 0, "SISTEMICA": 0, "SORDOCEGUE": 0, "OTRA": 0, "TOT_EST_MA": 3, "AFRODESCEN": 1, "INDIGENAS": 1, "NEGRITUDES": 0, "PALENQUERO": 0, "RAIZALES": 0, "ROM": 0, "TOT_EST_ET": 2, "CAPACID_EX": 0, "DOBLE_EXCE": 0, "TE_ACTFISI": 0, "TE_ARTES": 0, "TE_CNATUR": 0, "TE_CSOCIAL": 0, "TE_LDSOCIA": 0, "TE_TECNOLO": 0, "TOT_EST_CA": 0, "TMATRIC_GE": 357, "Zona": 1 }, "geometry": { "type": "Point", "coordinates": [ -8249910.449100000783801, 529064.136599998921156 ] } },
{ "type": "Feature", "properties": { "NOMBRE_EST": "COLEGIO BILBAO (IED)", "NOMBRE_SED": "COLEGIO BILBAO (IED) - SEDE PRINCIPAL", "ORDEN_DE_S": "A", "DIRECCION": "CL 143 A # 118 - 50", "DISCAPACID": "AUDITIVA-INTELECTUAL-MULTIPLE", "TALENTOS_O": "TALENTO EXCEPCIONAL EN ACTIVIDAD FISICA, EJERCICIO Y DEPORTE-TALENTO EXCEPCIONAL EN ARTES Y LETRAS", "GRUPOS_ETN": "AFRODESCENDIENTES-INDIGENAS", "SECTOR": 2, "NATU_JUR": 9, "CALENDARIO": 1, "GENERO": 5, "COD_LOCA": "11", "ESPECIALID": 1, "CLASE_TIPO": 2, "BILINGUE": 5, "FECHA": "2024-04-30", "DANE12_EST": "111001098949", "DANE12_SED": "111001098949", "DA_HIPOACU": 4, "DA_SORDERA": 0, "DA_LENGUAS": 0, "DA_UCASTEL": 0, "DISCAP_FIS": 0, "DISCAP_FLE": 0, "DISCAP_PCE": 0, "DI_DCOGNIT": 7, "DI_SDOWN": 0, "DIS_MULTIP": 5, "DIS_PSICOS": 0, "DV_BAJAVIS": 0, "DIS_CEGUER": 0, "T_ESPECTRO": 0, "T_VOZ_Y_HA": 0, "SISTEMICA": 0, "SORDOCEGUE": 0, "OTRA": 0, "TOT_EST_MA": 16, "AFRODESCEN": 6, "INDIGENAS": 3, "NEGRITUDES": 0, "PALENQUERO": 0, "RAIZALES": 0, "ROM": 0, "TOT_EST_ET": 9, "CAPACID_EX": 0, "DOBLE_EXCE": 0, "TE_ACTFISI": 0, "TE_ARTES": 0, "TE_CNATUR": 0, "TE_CSOCIAL": 0, "TE_LDSOCIA": 0, "TE_TECNOLO": 0, "TOT_EST_CA": 0, "TMATRIC_GE": 1191, "Zona": 1 }, "geometry": { "type": "Point", "coordinates": [ -8249594.791500000283122, 529352.57319999858737 ] } },
{ "type": "Feature", "properties": { "NOMBRE_EST": "COLEGIO JOSE MARIA VELAZ (IED)", "NOMBRE_SED": "COLEGIO JOSE MARIA VELAZ (IED) - SEDE PRINCIPAL", "ORDEN_DE_S": "A", "DIRECCION": "KR 131 # 133 - 44", "DISCAPACID": "AUDITIVA-FISICA-INTELECTUAL-MENTAL/PSICOSOCIAL-MULTIPLE", "TALENTOS_O": "TALENTO EXCEPCIONAL EN ACTIVIDAD FISICA, EJERCICIO Y DEPORTE-TALENTO EXCEPCIONAL EN ARTES Y LETRAS-TALENTO EXCEPCIONAL EN CIENCIAS SOCIALES O HUMANAS-TALENTO EXCEPCIONAL EN LIDERAZGO SOCIAL Y EMPRENDIMIENTO-TALENTO EXCEPCIONAL EN TECNOLOGIA", "GRUPOS_ETN": "AFRODESCENDIENTES-INDIGENAS", "SECTOR": 2, "NATU_JUR": 9, "CALENDARIO": 1, "GENERO": 5, "COD_LOCA": "11", "ESPECIALID": 1, "CLASE_TIPO": 2, "BILINGUE": 5, "FECHA": "2024-04-30", "DANE12_EST": "111001104043", "DANE12_SED": "111001104043", "DA_HIPOACU": 0, "DA_SORDERA": 0, "DA_LENGUAS": 0, "DA_UCASTEL": 0, "DISCAP_FIS": 4, "DISCAP_FLE": 0, "DISCAP_PCE": 0, "DI_DCOGNIT": 15, "DI_SDOWN": 0, "DIS_MULTIP": 4, "DIS_PSICOS": 0, "DV_BAJAVIS": 0, "DIS_CEGUER": 0, "T_ESPECTRO": 0, "T_VOZ_Y_HA": 0, "SISTEMICA": 0, "SORDOCEGUE": 0, "OTRA": 0, "TOT_EST_MA": 24, "AFRODESCEN": 10, "INDIGENAS": 8, "NEGRITUDES": 1, "PALENQUERO": 0, "RAIZALES": 0, "ROM": 0, "TOT_EST_ET": 19, "CAPACID_EX": 1, "DOBLE_EXCE": 0, "TE_ACTFISI": 0, "TE_ARTES": 0, "TE_CNATUR": 0, "TE_CSOCIAL": 0, "TE_LDSOCIA": 0, "TE_TECNOLO": 1, "TOT_EST_CA": 1, "TMATRIC_GE": 1267, "Zona": 1 }, "geometry": { "type": "Point", "coordinates": [ -8250175.095599999651313, 528774.902399998158216 ] } },
{ "type": "Feature", "properties": { "NOMBRE_EST": "COLEGIO DELIA ZAPATA OLIVELLA (IED)", "NOMBRE_SED": "DELIA ZAPATA OLIVELLA", "ORDEN_DE_S": "A", "DIRECCION": "CL 144 C # 141 A - 51", "DISCAPACID": "AUDITIVA-FISICA-INTELECTUAL-MENTAL/PSICOSOCIAL-MULTIPLE-VISUAL", "TALENTOS_O": "CAPACIDADES EXCEPCIONALES-TALENTO EXCEPCIONAL EN ACTIVIDAD FISICA, EJERCICIO Y DEPORTE-TALENTO EXCEPCIONAL EN ARTES Y LETRAS-TALENTO EXCEPCIONAL EN LIDERAZGO SOCIAL Y EMPRENDIMIENTO", "GRUPOS_ETN": "AFRODESCENDIENTES-INDIGENAS-NEGRITUDES", "SECTOR": 2, "NATU_JUR": 9, "CALENDARIO": 1, "GENERO": 5, "COD_LOCA": "11", "ESPECIALID": 1, "CLASE_TIPO": 1, "BILINGUE": 5, "FECHA": "2024-04-30", "DANE12_EST": "111001104256", "DANE12_SED": "111001104256", "DA_HIPOACU": 5, "DA_SORDERA": 0, "DA_LENGUAS": 0, "DA_UCASTEL": 0, "DISCAP_FIS": 9, "DISCAP_FLE": 0, "DISCAP_PCE": 0, "DI_DCOGNIT": 44, "DI_SDOWN": 0, "DIS_MULTIP": 12, "DIS_PSICOS": 4, "DV_BAJAVIS": 3, "DIS_CEGUER": 0, "T_ESPECTRO": 0, "T_VOZ_Y_HA": 0, "SISTEMICA": 0, "SORDOCEGUE": 0, "OTRA": 0, "TOT_EST_MA": 77, "AFRODESCEN": 30, "INDIGENAS": 16, "NEGRITUDES": 5, "PALENQUERO": 0, "RAIZALES": 0, "ROM": 0, "TOT_EST_ET": 51, "CAPACID_EX": 0, "DOBLE_EXCE": 0, "TE_ACTFISI": 0, "TE_ARTES": 0, "TE_CNATUR": 0, "TE_CSOCIAL": 0, "TE_LDSOCIA": 0, "TE_TECNOLO": 0, "TOT_EST_CA": 0, "TMATRIC_GE": 2205, "Zona": 1 }, "geometry": { "type": "Point", "coordinates": [ -8250257.814799999818206, 529733.297800000756979 ] } },
{ "type": "Feature", "properties": { "NOMBRE_EST": "COLEGIO GERARDO MOLINA RAMIREZ (IED)", "NOMBRE_SED": "GERARDO MOLINA RAMIREZ", "ORDEN_DE_S": "A", "DIRECCION": "KR 143 # 142 A - 62", "DISCAPACID": "AUDITIVA-FISICA-INTELECTUAL-MULTIPLE-VISUAL", "TALENTOS_O": "CAPACIDADES EXCEPCIONALES-TALENTO EXCEPCIONAL EN ACTIVIDAD FISICA, EJERCICIO Y DEPORTE-TALENTO EXCEPCIONAL EN ARTES Y LETRAS-TALENTO EXCEPCIONAL EN LIDERAZGO SOCIAL Y EMPRENDIMIENTO", "GRUPOS_ETN": "AFRODESCENDIENTES-INDIGENAS-NEGRITUDES", "SECTOR": 2, "NATU_JUR": 9, "CALENDARIO": 1, "GENERO": 5, "COD_LOCA": "11", "ESPECIALID": 1, "CLASE_TIPO": 1, "BILINGUE": 5, "FECHA": "2024-04-30", "DANE12_EST": "111001104264", "DANE12_SED": "111001104264", "DA_HIPOACU": 3, "DA_SORDERA": 0, "DA_LENGUAS": 0, "DA_UCASTEL": 0, "DISCAP_FIS": 4, "DISCAP_FLE": 0, "DISCAP_PCE": 0, "DI_DCOGNIT": 49, "DI_SDOWN": 0, "DIS_MULTIP": 12, "DIS_PSICOS": 2, "DV_BAJAVIS": 3, "DIS_CEGUER": 0, "T_ESPECTRO": 0, "T_VOZ_Y_HA": 0, "SISTEMICA": 0, "SORDOCEGUE": 0, "OTRA": 0, "TOT_EST_MA": 73, "AFRODESCEN": 44, "INDIGENAS": 25, "NEGRITUDES": 11, "PALENQUERO": 0, "RAIZALES": 0, "ROM": 0, "TOT_EST_ET": 80, "CAPACID_EX": 4, "DOBLE_EXCE": 0, "TE_ACTFISI": 3, "TE_ARTES": 1, "TE_CNATUR": 0, "TE_CSOCIAL": 0, "TE_LDSOCIA": 0, "TE_TECNOLO": 0, "TOT_EST_CA": 4, "TMATRIC_GE": 3190, "Zona": 1 }, "geometry": { "type": "Point", "coordinates": [ -8250535.507999999448657, 529269.761500000953674 ] } },
{ "type": "Feature", "properties": { "NOMBRE_EST": "COLEGIO GONZALO ARANGO (IED)", "NOMBRE_SED": "GONZALO ARANGO", "ORDEN_DE_S": "A", "DIRECCION": "CL 130 C # 97 - 71  --  CL 130 A # 98 - 71", "DISCAPACID": "AUDITIVA-FISICA-INTELECTUAL-MENTAL/PSICOSOCIAL-MULTIPLE-VISUAL", "TALENTOS_O": "CAPACIDADES EXCEPCIONALES-TALENTO EXCEPCIONAL EN ACTIVIDAD FISICA, EJERCICIO Y DEPORTE-TALENTO EXCEPCIONAL EN ARTES Y LETRAS-TALENTO EXCEPCIONAL EN CIENCIAS SOCIALES O HUMANAS", "GRUPOS_ETN": "AFRODESCENDIENTES-INDIGENAS-NEGRITUDES-RAIZALES", "SECTOR": 2, "NATU_JUR": 9, "CALENDARIO": 1, "GENERO": 5, "COD_LOCA": "11", "ESPECIALID": 1, "CLASE_TIPO": 1, "BILINGUE": 5, "FECHA": "2024-04-30", "DANE12_EST": "111001104388", "DANE12_SED": "111001104388", "DA_HIPOACU": 3, "DA_SORDERA": 0, "DA_LENGUAS": 0, "DA_UCASTEL": 0, "DISCAP_FIS": 7, "DISCAP_FLE": 0, "DISCAP_PCE": 0, "DI_DCOGNIT": 46, "DI_SDOWN": 0, "DIS_MULTIP": 9, "DIS_PSICOS": 2, "DV_BAJAVIS": 2, "DIS_CEGUER": 0, "T_ESPECTRO": 0, "T_VOZ_Y_HA": 0, "SISTEMICA": 0, "SORDOCEGUE": 0, "OTRA": 0, "TOT_EST_MA": 69, "AFRODESCEN": 15, "INDIGENAS": 25, "NEGRITUDES": 4, "PALENQUERO": 0, "RAIZALES": 2, "ROM": 0, "TOT_EST_ET": 46, "CAPACID_EX": 2, "DOBLE_EXCE": 0, "TE_ACTFISI": 1, "TE_ARTES": 0, "TE_CNATUR": 1, "TE_CSOCIAL": 0, "TE_LDSOCIA": 0, "TE_TECNOLO": 0, "TOT_EST_CA": 2, "TMATRIC_GE": 2399, "Zona": 1 }, "geometry": { "type": "Point", "coordinates": [ -8248180.484099999070168, 527160.374000001698732 ] } },
{ "type": "Feature", "properties": { "NOMBRE_EST": "COLEGIO GONZALO ARANGO (IED)", "NOMBRE_SED": "SEDE B", "ORDEN_DE_S": "B", "DIRECCION": "KR 102 A # 135 A - 09", "DISCAPACID": "INTELECTUAL-MULTIPLE", "TALENTOS_O": "TALENTO EXCEPCIONAL EN ACTIVIDAD FISICA, EJERCICIO Y DEPORTE", "GRUPOS_ETN": "INDIGENAS", "SECTOR": 2, "NATU_JUR": 9, "CALENDARIO": 1, "GENERO": 5, "COD_LOCA": "11", "ESPECIALID": 13, "CLASE_TIPO": 1, "BILINGUE": 5, "FECHA": "2024-04-30", "DANE12_EST": "111001104388", "DANE12_SED": "111001110108", "DA_HIPOACU": 0, "DA_SORDERA": 0, "DA_LENGUAS": 0, "DA_UCASTEL": 0, "DISCAP_FIS": 0, "DISCAP_FLE": 0, "DISCAP_PCE": 0, "DI_DCOGNIT": 0, "DI_SDOWN": 0, "DIS_MULTIP": 0, "DIS_PSICOS": 0, "DV_BAJAVIS": 0, "DIS_CEGUER": 0, "T_ESPECTRO": 0, "T_VOZ_Y_HA": 0, "SISTEMICA": 0, "SORDOCEGUE": 0, "OTRA": 0, "TOT_EST_MA": 0, "AFRODESCEN": 0, "INDIGENAS": 1, "NEGRITUDES": 0, "PALENQUERO": 0, "RAIZALES": 0, "ROM": 0, "TOT_EST_ET": 1, "CAPACID_EX": 0, "DOBLE_EXCE": 0, "TE_ACTFISI": 0, "TE_ARTES": 0, "TE_CNATUR": 0, "TE_CSOCIAL": 0, "TE_LDSOCIA": 0, "TE_TECNOLO": 0, "TOT_EST_CA": 0, "TMATRIC_GE": 207, "Zona": 1 }, "geometry": { "type": "Point", "coordinates": [ -8248364.8581000007689, 528052.950599998235703 ] } },
{ "type": "Feature", "properties": { "NOMBRE_EST": "COLEGIO VIRGINIA GUTIERREZ DE PINEDA (IED)", "NOMBRE_SED": "VIRGINIA GUTIERREZ DE PINEDA", "ORDEN_DE_S": "A", "DIRECCION": "CL 131 B # 94 F - 31", "DISCAPACID": "FISICA-INTELECTUAL-MENTAL/PSICOSOCIAL-MULTIPLE-VISUAL", "TALENTOS_O": "CAPACIDADES EXCEPCIONALES-TALENTO EXCEPCIONAL EN ACTIVIDAD FISICA, EJERCICIO Y DEPORTE-TALENTO EXCEPCIONAL EN ARTES Y LETRAS-TALENTO EXCEPCIONAL EN LIDERAZGO SOCIAL Y EMPRENDIMIENTO", "GRUPOS_ETN": "AFRODESCENDIENTES-INDIGENAS-NEGRITUDES", "SECTOR": 2, "NATU_JUR": 9, "CALENDARIO": 1, "GENERO": 5, "COD_LOCA": "11", "ESPECIALID": 1, "CLASE_TIPO": 1, "BILINGUE": 5, "FECHA": "2024-04-30", "DANE12_EST": "111001107069", "DANE12_SED": "111001107069", "DA_HIPOACU": 0, "DA_SORDERA": 0, "DA_LENGUAS": 0, "DA_UCASTEL": 0, "DISCAP_FIS": 4, "DISCAP_FLE": 0, "DISCAP_PCE": 0, "DI_DCOGNIT": 34, "DI_SDOWN": 0, "DIS_MULTIP": 11, "DIS_PSICOS": 11, "DV_BAJAVIS": 1, "DIS_CEGUER": 0, "T_ESPECTRO": 0, "T_VOZ_Y_HA": 0, "SISTEMICA": 0, "SORDOCEGUE": 1, "OTRA": 0, "TOT_EST_MA": 62, "AFRODESCEN": 18, "INDIGENAS": 33, "NEGRITUDES": 7, "PALENQUERO": 0, "RAIZALES": 0, "ROM": 0, "TOT_EST_ET": 58, "CAPACID_EX": 2, "DOBLE_EXCE": 0, "TE_ACTFISI": 1, "TE_ARTES": 0, "TE_CNATUR": 0, "TE_CSOCIAL": 0, "TE_LDSOCIA": 0, "TE_TECNOLO": 1, "TOT_EST_CA": 2, "TMATRIC_GE": 2097, "Zona": 1 }, "geometry": { "type": "Point", "coordinates": [ -8247803.16440000012517, 527285.477699998766184 ] } },
{ "type": "Feature", "properties": { "NOMBRE_EST": "COLEGIO VEINTIUN ANGELES (IED)", "NOMBRE_SED": "VEINTIUN ANGELES", "ORDEN_DE_S": "A", "DIRECCION": "KR 90 # 154 A - 09", "DISCAPACID": "AUDITIVA-FISICA-INTELECTUAL-MULTIPLE-VISUAL", "TALENTOS_O": "CAPACIDADES EXCEPCIONALES-TALENTO EXCEPCIONAL EN ACTIVIDAD FISICA, EJERCICIO Y DEPORTE-TALENTO EXCEPCIONAL EN ARTES Y LETRAS-TALENTO EXCEPCIONAL EN CIENCIAS NATURALES O BASICAS-TALENTO EXCEPCIONAL EN CIENCIAS SOCIALES O HUMANAS", "GRUPOS_ETN": "AFRODESCENDIENTES-INDIGENAS-NEGRITUDES", "SECTOR": 2, "NATU_JUR": 9, "CALENDARIO": 1, "GENERO": 5, "COD_LOCA": "11", "ESPECIALID": 12, "CLASE_TIPO": 1, "BILINGUE": 5, "FECHA": "2024-04-30", "DANE12_EST": "111001107077", "DANE12_SED": "111001107077", "DA_HIPOACU": 3, "DA_SORDERA": 0, "DA_LENGUAS": 0, "DA_UCASTEL": 0, "DISCAP_FIS": 6, "DISCAP_FLE": 0, "DISCAP_PCE": 0, "DI_DCOGNIT": 56, "DI_SDOWN": 0, "DIS_MULTIP": 19, "DIS_PSICOS": 2, "DV_BAJAVIS": 2, "DIS_CEGUER": 0, "T_ESPECTRO": 0, "T_VOZ_Y_HA": 0, "SISTEMICA": 0, "SORDOCEGUE": 1, "OTRA": 0, "TOT_EST_MA": 89, "AFRODESCEN": 5, "INDIGENAS": 60, "NEGRITUDES": 0, "PALENQUERO": 0, "RAIZALES": 0, "ROM": 0, "TOT_EST_ET": 65, "CAPACID_EX": 2, "DOBLE_EXCE": 0, "TE_ACTFISI": 1, "TE_ARTES": 1, "TE_CNATUR": 0, "TE_CSOCIAL": 0, "TE_LDSOCIA": 0, "TE_TECNOLO": 0, "TOT_EST_CA": 2, "TMATRIC_GE": 2118, "Zona": 1 }, "geometry": { "type": "Point", "coordinates": [ -8246586.345499999821186, 529313.191700000315905 ] } },
{ "type": "Feature", "properties": { "NOMBRE_EST": "COLEGIO VEINTIUN ANGELES (IED)", "NOMBRE_SED": "TUNA ALTA", "ORDEN_DE_S": "B", "DIRECCION": "CL 155 A # 88 - 05  --  CL 155 # 88 - 11", "DISCAPACID": "AUDITIVA-FISICA-INTELECTUAL-MULTIPLE", "TALENTOS_O": "TALENTO EXCEPCIONAL EN ACTIVIDAD FISICA, EJERCICIO Y DEPORTE-TALENTO EXCEPCIONAL EN ARTES Y LETRAS-TALENTO EXCEPCIONAL EN LIDERAZGO SOCIAL Y EMPRENDIMIENTO-TALENTO EXCEPCIONAL EN TECNOLOGIA", "GRUPOS_ETN": "INDIGENAS", "SECTOR": 2, "NATU_JUR": 9, "CALENDARIO": 1, "GENERO": 5, "COD_LOCA": "11", "ESPECIALID": 13, "CLASE_TIPO": 1, "BILINGUE": 5, "FECHA": "2024-04-30", "DANE12_EST": "111001107077", "DANE12_SED": "211769003186", "DA_HIPOACU": 0, "DA_SORDERA": 0, "DA_LENGUAS": 0, "DA_UCASTEL": 0, "DISCAP_FIS": 1, "DISCAP_FLE": 0, "DISCAP_PCE": 0, "DI_DCOGNIT": 6, "DI_SDOWN": 0, "DIS_MULTIP": 2, "DIS_PSICOS": 0, "DV_BAJAVIS": 0, "DIS_CEGUER": 0, "T_ESPECTRO": 0, "T_VOZ_Y_HA": 0, "SISTEMICA": 0, "SORDOCEGUE": 0, "OTRA": 0, "TOT_EST_MA": 10, "AFRODESCEN": 2, "INDIGENAS": 5, "NEGRITUDES": 1, "PALENQUERO": 0, "RAIZALES": 0, "ROM": 0, "TOT_EST_ET": 8, "CAPACID_EX": 2, "DOBLE_EXCE": 0, "TE_ACTFISI": 0, "TE_ARTES": 1, "TE_CNATUR": 0, "TE_CSOCIAL": 0, "TE_LDSOCIA": 0, "TE_TECNOLO": 1, "TOT_EST_CA": 2, "TMATRIC_GE": 331, "Zona": 1 }, "geometry": { "type": "Point", "coordinates": [ -8246397.765900000929832, 529363.804400000721216 ] } },
{ "type": "Feature", "properties": { "NOMBRE_EST": "COLEGIO VEINTIUN ANGELES (IED)", "NOMBRE_SED": "CASABLANCA", "ORDEN_DE_S": "C", "DIRECCION": "CL 146 B # 78 - 51", "DISCAPACID": "INTELECTUAL-MENTAL/PSICOSOCIAL-MULTIPLE", "TALENTOS_O": "CAPACIDADES EXCEPCIONALES-TALENTO EXCEPCIONAL EN ACTIVIDAD FISICA, EJERCICIO Y DEPORTE-TALENTO EXCEPCIONAL EN TECNOLOGIA", "GRUPOS_ETN": "AFRODESCENDIENTES-INDIGENAS", "SECTOR": 2, "NATU_JUR": 9, "CALENDARIO": 1, "GENERO": 5, "COD_LOCA": "11", "ESPECIALID": 13, "CLASE_TIPO": 1, "BILINGUE": 5, "FECHA": "2024-04-30", "DANE12_EST": "111001107077", "DANE12_SED": "111769000263", "DA_HIPOACU": 0, "DA_SORDERA": 0, "DA_LENGUAS": 0, "DA_UCASTEL": 0, "DISCAP_FIS": 0, "DISCAP_FLE": 0, "DISCAP_PCE": 0, "DI_DCOGNIT": 5, "DI_SDOWN": 0, "DIS_MULTIP": 4, "DIS_PSICOS": 1, "DV_BAJAVIS": 0, "DIS_CEGUER": 0, "T_ESPECTRO": 0, "T_VOZ_Y_HA": 0, "SISTEMICA": 0, "SORDOCEGUE": 0, "OTRA": 0, "TOT_EST_MA": 11, "AFRODESCEN": 1, "INDIGENAS": 6, "NEGRITUDES": 0, "PALENQUERO": 0, "RAIZALES": 0, "ROM": 0, "TOT_EST_ET": 7, "CAPACID_EX": 1, "DOBLE_EXCE": 0, "TE_ACTFISI": 0, "TE_ARTES": 1, "TE_CNATUR": 0, "TE_CSOCIAL": 0, "TE_LDSOCIA": 0, "TE_TECNOLO": 0, "TOT_EST_CA": 1, "TMATRIC_GE": 303, "Zona": 1 }, "geometry": { "type": "Point", "coordinates": [ -8246084.10869999974966, 528041.423799999058247 ] } },
{ "type": "Feature", "properties": { "NOMBRE_EST": "COLEGIO VEINTIUN ANGELES (IED)", "NOMBRE_SED": "SEDE D", "ORDEN_DE_S": "D", "DIRECCION": "KR 90 # 159 A - 21", "DISCAPACID": "AUDITIVA-FISICA-INTELECTUAL", "TALENTOS_O": "TALENTO EXCEPCIONAL EN ACTIVIDAD FISICA, EJERCICIO Y DEPORTE-TALENTO EXCEPCIONAL EN ARTES Y LETRAS", "GRUPOS_ETN": "AFRODESCENDIENTES-INDIGENAS", "SECTOR": 2, "NATU_JUR": 9, "CALENDARIO": 1, "GENERO": 5, "COD_LOCA": "11", "ESPECIALID": 13, "CLASE_TIPO": 1, "BILINGUE": 5, "FECHA": "2024-04-30", "DANE12_EST": "111001107077", "DANE12_SED": "111001110353", "DA_HIPOACU": 0, "DA_SORDERA": 0, "DA_LENGUAS": 0, "DA_UCASTEL": 0, "DISCAP_FIS": 0, "DISCAP_FLE": 0, "DISCAP_PCE": 0, "DI_DCOGNIT": 1, "DI_SDOWN": 0, "DIS_MULTIP": 1, "DIS_PSICOS": 1, "DV_BAJAVIS": 0, "DIS_CEGUER": 0, "T_ESPECTRO": 0, "T_VOZ_Y_HA": 0, "SISTEMICA": 0, "SORDOCEGUE": 0, "OTRA": 0, "TOT_EST_MA": 3, "AFRODESCEN": 1, "INDIGENAS": 3, "NEGRITUDES": 0, "PALENQUERO": 0, "RAIZALES": 0, "ROM": 0, "TOT_EST_ET": 4, "CAPACID_EX": 0, "DOBLE_EXCE": 0, "TE_ACTFISI": 0, "TE_ARTES": 0, "TE_CNATUR": 0, "TE_CSOCIAL": 0, "TE_LDSOCIA": 0, "TE_TECNOLO": 0, "TOT_EST_CA": 0, "TMATRIC_GE": 176, "Zona": 1 }, "geometry": { "type": "Point", "coordinates": [ -8246114.38429999910295, 529897.015599999576807 ] } },
{ "type": "Feature", "properties": { "NOMBRE_EST": "COLEGIO NICOLAS BUENAVENTURA (IED)", "NOMBRE_SED": "NICOLAS BUENAVENTURA", "ORDEN_DE_S": "A", "DIRECCION": "KR 103 B # 153 - 01", "DISCAPACID": "AUDITIVA-FISICA-INTELECTUAL-MENTAL/PSICOSOCIAL-MULTIPLE-VISUAL", "TALENTOS_O": "TALENTO EXCEPCIONAL EN ACTIVIDAD FISICA, EJERCICIO Y DEPORTE-TALENTO EXCEPCIONAL EN ARTES Y LETRAS-TALENTO EXCEPCIONAL EN LIDERAZGO SOCIAL Y EMPRENDIMIENTO-TALENTO EXCEPCIONAL EN TECNOLOGIA", "GRUPOS_ETN": "AFRODESCENDIENTES-INDIGENAS-NEGRITUDES", "SECTOR": 2, "NATU_JUR": 9, "CALENDARIO": 1, "GENERO": 5, "COD_LOCA": "11", "ESPECIALID": 1, "CLASE_TIPO": 1, "BILINGUE": 5, "FECHA": "2024-04-30", "DANE12_EST": "111001107786", "DANE12_SED": "111001107786", "DA_HIPOACU": 0, "DA_SORDERA": 0, "DA_LENGUAS": 0, "DA_UCASTEL": 0, "DISCAP_FIS": 14, "DISCAP_FLE": 0, "DISCAP_PCE": 0, "DI_DCOGNIT": 29, "DI_SDOWN": 0, "DIS_MULTIP": 26, "DIS_PSICOS": 5, "DV_BAJAVIS": 2, "DIS_CEGUER": 0, "T_ESPECTRO": 0, "T_VOZ_Y_HA": 0, "SISTEMICA": 0, "SORDOCEGUE": 1, "OTRA": 0, "TOT_EST_MA": 78, "AFRODESCEN": 8, "INDIGENAS": 6, "NEGRITUDES": 1, "PALENQUERO": 0, "RAIZALES": 0, "ROM": 0, "TOT_EST_ET": 15, "CAPACID_EX": 1, "DOBLE_EXCE": 0, "TE_ACTFISI": 1, "TE_ARTES": 0, "TE_CNATUR": 0, "TE_CSOCIAL": 0, "TE_LDSOCIA": 0, "TE_TECNOLO": 0, "TOT_EST_CA": 1, "TMATRIC_GE": 1844, "Zona": 1 }, "geometry": { "type": "Point", "coordinates": [ -8247775.261099999770522, 529825.948399998247623 ] } },
{ "type": "Feature", "properties": { "NOMBRE_EST": "COLEGIO NICOLAS BUENAVENTURA (IED)", "NOMBRE_SED": "CHORRILLOS", "ORDEN_DE_S": "B", "DIRECCION": "KM 7 VIA SUBA - COTA", "DISCAPACID": "FISICA-INTELECTUAL-MENTAL/PSICOSOCIAL-VISUAL", "TALENTOS_O": "TALENTO EXCEPCIONAL EN ACTIVIDAD FISICA, EJERCICIO Y DEPORTE-TALENTO EXCEPCIONAL EN ARTES Y LETRAS", "GRUPOS_ETN": "AFRODESCENDIENTES-INDIGENAS", "SECTOR": 2, "NATU_JUR": 9, "CALENDARIO": 1, "GENERO": 5, "COD_LOCA": "11", "ESPECIALID": 1, "CLASE_TIPO": 1, "BILINGUE": 5, "FECHA": "2024-04-30", "DANE12_EST": "111001107786", "DANE12_SED": "211769003151", "DA_HIPOACU": 0, "DA_SORDERA": 0, "DA_LENGUAS": 0, "DA_UCASTEL": 0, "DISCAP_FIS": 0, "DISCAP_FLE": 0, "DISCAP_PCE": 0, "DI_DCOGNIT": 3, "DI_SDOWN": 0, "DIS_MULTIP": 0, "DIS_PSICOS": 0, "DV_BAJAVIS": 0, "DIS_CEGUER": 0, "T_ESPECTRO": 0, "T_VOZ_Y_HA": 0, "SISTEMICA": 0, "SORDOCEGUE": 0, "OTRA": 0, "TOT_EST_MA": 3, "AFRODESCEN": 1, "INDIGENAS": 2, "NEGRITUDES": 0, "PALENQUERO": 0, "RAIZALES": 0, "ROM": 0, "TOT_EST_ET": 3, "CAPACID_EX": 0, "DOBLE_EXCE": 0, "TE_ACTFISI": 0, "TE_ARTES": 0, "TE_CNATUR": 0, "TE_CSOCIAL": 0, "TE_LDSOCIA": 0, "TE_TECNOLO": 0, "TOT_EST_CA": 0, "TMATRIC_GE": 314, "Zona": 2 }, "geometry": { "type": "Point", "coordinates": [ -8247796.616599999368191, 533274.877900000661612 ] } },
{ "type": "Feature", "properties": { "NOMBRE_EST": "COLEGIO FILARMONICO JORGE MARIO BERGOGLIO (IED)", "NOMBRE_SED": "FILARMONICO JORGE MARIO BERGOGLIO", "ORDEN_DE_S": "A", "DIRECCION": "KR 113 C # 142 B - 21", "DISCAPACID": "AUDITIVA-FISICA-INTELECTUAL-MULTIPLE", "TALENTOS_O": "CAPACIDADES EXCEPCIONALES-TALENTO EXCEPCIONAL EN ACTIVIDAD FISICA, EJERCICIO Y DEPORTE-TALENTO EXCEPCIONAL EN ARTES Y LETRAS", "GRUPOS_ETN": "INDIGENAS", "SECTOR": 2, "NATU_JUR": 9, "CALENDARIO": 1, "GENERO": 5, "COD_LOCA": "11", "ESPECIALID": 1, "CLASE_TIPO": 1, "BILINGUE": 5, "FECHA": "2024-04-30", "DANE12_EST": "111001800163", "DANE12_SED": "111001800163", "DA_HIPOACU": 0, "DA_SORDERA": 0, "DA_LENGUAS": 0, "DA_UCASTEL": 0, "DISCAP_FIS": 4, "DISCAP_FLE": 0, "DISCAP_PCE": 0, "DI_DCOGNIT": 11, "DI_SDOWN": 0, "DIS_MULTIP": 5, "DIS_PSICOS": 1, "DV_BAJAVIS": 0, "DIS_CEGUER": 0, "T_ESPECTRO": 0, "T_VOZ_Y_HA": 0, "SISTEMICA": 0, "SORDOCEGUE": 0, "OTRA": 0, "TOT_EST_MA": 22, "AFRODESCEN": 0, "INDIGENAS": 3, "NEGRITUDES": 0, "PALENQUERO": 0, "RAIZALES": 0, "ROM": 0, "TOT_EST_ET": 3, "CAPACID_EX": 0, "DOBLE_EXCE": 0, "TE_ACTFISI": 0, "TE_ARTES": 0, "TE_CNATUR": 0, "TE_CSOCIAL": 0, "TE_LDSOCIA": 0, "TE_TECNOLO": 0, "TOT_EST_CA": 0, "TMATRIC_GE": 517, "Zona": 1 }, "geometry": { "type": "Point", "coordinates": [ -8249119.3816, 529221.249200001358986 ] } },
{ "type": "Feature", "properties": { "NOMBRE_EST": "COLEGIO COMPARTIR SUBA (IED)", "NOMBRE_SED": "COMPARTIR SUBA", "ORDEN_DE_S": "A", "DIRECCION": "KR 128 # 146 - 52", "DISCAPACID": "FISICA-INTELECTUAL-MENTAL/PSICOSOCIAL-MULTIPLE", "TALENTOS_O": "TALENTO EXCEPCIONAL EN ACTIVIDAD FISICA, EJERCICIO Y DEPORTE-TALENTO EXCEPCIONAL EN ARTES Y LETRAS-TALENTO EXCEPCIONAL EN TECNOLOGIA", "GRUPOS_ETN": "AFRODESCENDIENTES-INDIGENAS-NEGRITUDES", "SECTOR": 2, "NATU_JUR": 9, "CALENDARIO": 1, "GENERO": 5, "COD_LOCA": "11", "ESPECIALID": 1, "CLASE_TIPO": 1, "BILINGUE": 5, "FECHA": "2024-04-30", "DANE12_EST": "111001800813", "DANE12_SED": "111001800813", "DA_HIPOACU": 0, "DA_SORDERA": 0, "DA_LENGUAS": 0, "DA_UCASTEL": 0, "DISCAP_FIS": 1, "DISCAP_FLE": 0, "DISCAP_PCE": 0, "DI_DCOGNIT": 12, "DI_SDOWN": 0, "DIS_MULTIP": 7, "DIS_PSICOS": 0, "DV_BAJAVIS": 0, "DIS_CEGUER": 0, "T_ESPECTRO": 0, "T_VOZ_Y_HA": 0, "SISTEMICA": 0, "SORDOCEGUE": 0, "OTRA": 0, "TOT_EST_MA": 20, "AFRODESCEN": 2, "INDIGENAS": 2, "NEGRITUDES": 2, "PALENQUERO": 0, "RAIZALES": 0, "ROM": 0, "TOT_EST_ET": 6, "CAPACID_EX": 1, "DOBLE_EXCE": 0, "TE_ACTFISI": 0, "TE_ARTES": 1, "TE_CNATUR": 0, "TE_CSOCIAL": 0, "TE_LDSOCIA": 0, "TE_TECNOLO": 0, "TOT_EST_CA": 1, "TMATRIC_GE": 662, "Zona": 1 }, "geometry": { "type": "Point", "coordinates": [ -8249487.815700000151992, 529928.100600000470877 ] } },
{ "type": "Feature", "properties": { "NOMBRE_EST": "COLEGIO COMPARTIR SUBA (IED)", "NOMBRE_SED": "SEDE B", "ORDEN_DE_S": "B", "DIRECCION": "CL 149 # 117 - 35", "DISCAPACID": null, "TALENTOS_O": null, "GRUPOS_ETN": null, "SECTOR": 2, "NATU_JUR": 9, "CALENDARIO": 1, "GENERO": 5, "COD_LOCA": "11", "ESPECIALID": 1, "CLASE_TIPO": 1, "BILINGUE": 5, "FECHA": "2024-04-30", "DANE12_EST": "111001800813", "DANE12_SED": "111001801144", "DA_HIPOACU": 0, "DA_SORDERA": 0, "DA_LENGUAS": 0, "DA_UCASTEL": 0, "DISCAP_FIS": 3, "DISCAP_FLE": 0, "DISCAP_PCE": 0, "DI_DCOGNIT": 7, "DI_SDOWN": 0, "DIS_MULTIP": 2, "DIS_PSICOS": 1, "DV_BAJAVIS": 0, "DIS_CEGUER": 0, "T_ESPECTRO": 0, "T_VOZ_Y_HA": 0, "SISTEMICA": 0, "SORDOCEGUE": 0, "OTRA": 0, "TOT_EST_MA": 13, "AFRODESCEN": 1, "INDIGENAS": 2, "NEGRITUDES": 0, "PALENQUERO": 0, "RAIZALES": 0, "ROM": 0, "TOT_EST_ET": 3, "CAPACID_EX": 0, "DOBLE_EXCE": 0, "TE_ACTFISI": 0, "TE_ARTES": 0, "TE_CNATUR": 0, "TE_CSOCIAL": 0, "TE_LDSOCIA": 0, "TE_TECNOLO": 0, "TOT_EST_CA": 0, "TMATRIC_GE": 480, "Zona": 1 }, "geometry": { "type": "Point", "coordinates": [ -8249251.881799999624491, 529749.774700000882149 ] } },
{ "type": "Feature", "properties": { "NOMBRE_EST": "COLEGIO FILARMONICO SIMON BOLIVAR (IED)", "NOMBRE_SED": "FILARMONICO SIMON BOLIVAR", "ORDEN_DE_S": "A", "DIRECCION": "KR 91 # 146 C - 63  --   / KRA 92 # 146 C - 38", "DISCAPACID": "AUDITIVA-FISICA-INTELECTUAL-MENTAL/PSICOSOCIAL-MULTIPLE-SORDOCEGUERA-VISUAL", "TALENTOS_O": "CAPACIDADES EXCEPCIONALES-TALENTO EXCEPCIONAL EN ACTIVIDAD FISICA, EJERCICIO Y DEPORTE-TALENTO EXCEPCIONAL EN ARTES Y LETRAS-TALENTO EXCEPCIONAL EN TECNOLOGIA", "GRUPOS_ETN": "AFRODESCENDIENTES-INDIGENAS-NEGRITUDES-PALENQUEROS", "SECTOR": 2, "NATU_JUR": 9, "CALENDARIO": 1, "GENERO": 5, "COD_LOCA": "11", "ESPECIALID": 1, "CLASE_TIPO": 1, "BILINGUE": 5, "FECHA": "2024-04-30", "DANE12_EST": "111769000174", "DANE12_SED": "111769000174", "DA_HIPOACU": 4, "DA_SORDERA": 0, "DA_LENGUAS": 0, "DA_UCASTEL": 0, "DISCAP_FIS": 1, "DISCAP_FLE": 0, "DISCAP_PCE": 0, "DI_DCOGNIT": 35, "DI_SDOWN": 0, "DIS_MULTIP": 10, "DIS_PSICOS": 11, "DV_BAJAVIS": 1, "DIS_CEGUER": 0, "T_ESPECTRO": 0, "T_VOZ_Y_HA": 0, "SISTEMICA": 0, "SORDOCEGUE": 1, "OTRA": 0, "TOT_EST_MA": 63, "AFRODESCEN": 16, "INDIGENAS": 55, "NEGRITUDES": 5, "PALENQUERO": 0, "RAIZALES": 0, "ROM": 0, "TOT_EST_ET": 76, "CAPACID_EX": 1, "DOBLE_EXCE": 0, "TE_ACTFISI": 1, "TE_ARTES": 0, "TE_CNATUR": 0, "TE_CSOCIAL": 0, "TE_LDSOCIA": 0, "TE_TECNOLO": 0, "TOT_EST_CA": 1, "TMATRIC_GE": 1585, "Zona": 1 }, "geometry": { "type": "Point", "coordinates": [ -8247012.619000000879169, 528409.979699999094009 ] } },
{ "type": "Feature", "properties": { "NOMBRE_EST": "COLEGIO FILARMONICO SIMON BOLIVAR (IED)", "NOMBRE_SED": "SEDE B", "ORDEN_DE_S": "B", "DIRECCION": "KR 90 # 145 - 39", "DISCAPACID": "AUDITIVA-INTELECTUAL-MENTAL/PSICOSOCIAL-VISUAL", "TALENTOS_O": "TALENTO EXCEPCIONAL EN ARTES Y LETRAS-TALENTO EXCEPCIONAL EN CIENCIAS SOCIALES O HUMANAS", "GRUPOS_ETN": "AFRODESCENDIENTES-INDIGENAS-NEGRITUDES", "SECTOR": 2, "NATU_JUR": 9, "CALENDARIO": 1, "GENERO": 5, "COD_LOCA": "11", "ESPECIALID": 1, "CLASE_TIPO": 1, "BILINGUE": 5, "FECHA": "2024-04-30", "DANE12_EST": "111769000174", "DANE12_SED": "111001110361", "DA_HIPOACU": 0, "DA_SORDERA": 0, "DA_LENGUAS": 0, "DA_UCASTEL": 0, "DISCAP_FIS": 0, "DISCAP_FLE": 0, "DISCAP_PCE": 0, "DI_DCOGNIT": 6, "DI_SDOWN": 0, "DIS_MULTIP": 0, "DIS_PSICOS": 1, "DV_BAJAVIS": 0, "DIS_CEGUER": 0, "T_ESPECTRO": 0, "T_VOZ_Y_HA": 0, "SISTEMICA": 0, "SORDOCEGUE": 1, "OTRA": 0, "TOT_EST_MA": 8, "AFRODESCEN": 12, "INDIGENAS": 3, "NEGRITUDES": 5, "PALENQUERO": 0, "RAIZALES": 0, "ROM": 0, "TOT_EST_ET": 20, "CAPACID_EX": 1, "DOBLE_EXCE": 0, "TE_ACTFISI": 0, "TE_ARTES": 1, "TE_CNATUR": 0, "TE_CSOCIAL": 0, "TE_LDSOCIA": 0, "TE_TECNOLO": 0, "TOT_EST_CA": 1, "TMATRIC_GE": 248, "Zona": 1 }, "geometry": { "type": "Point", "coordinates": [ -8246996.878499999642372, 528079.190699998289347 ] } },
{ "type": "Feature", "properties": { "NOMBRE_EST": "COLEGIO EL SALITRE - SUBA (IED)", "NOMBRE_SED": "EL SALITRE", "ORDEN_DE_S": "A", "DIRECCION": "CL 163 # 92 - 96", "DISCAPACID": "FISICA-INTELECTUAL-MENTAL/PSICOSOCIAL-MULTIPLE", "TALENTOS_O": "TALENTO EXCEPCIONAL EN ACTIVIDAD FISICA, EJERCICIO Y DEPORTE-TALENTO EXCEPCIONAL EN ARTES Y LETRAS", "GRUPOS_ETN": "AFRODESCENDIENTES-INDIGENAS-NEGRITUDES", "SECTOR": 2, "NATU_JUR": 9, "CALENDARIO": 1, "GENERO": 5, "COD_LOCA": "11", "ESPECIALID": 1, "CLASE_TIPO": 1, "BILINGUE": 5, "FECHA": "2024-04-30", "DANE12_EST": "111769000247", "DANE12_SED": "111769000247", "DA_HIPOACU": 0, "DA_SORDERA": 0, "DA_LENGUAS": 0, "DA_UCASTEL": 0, "DISCAP_FIS": 0, "DISCAP_FLE": 0, "DISCAP_PCE": 0, "DI_DCOGNIT": 18, "DI_SDOWN": 0, "DIS_MULTIP": 5, "DIS_PSICOS": 6, "DV_BAJAVIS": 0, "DIS_CEGUER": 0, "T_ESPECTRO": 0, "T_VOZ_Y_HA": 0, "SISTEMICA": 0, "SORDOCEGUE": 0, "OTRA": 0, "TOT_EST_MA": 30, "AFRODESCEN": 3, "INDIGENAS": 7, "NEGRITUDES": 7, "PALENQUERO": 0, "RAIZALES": 0, "ROM": 0, "TOT_EST_ET": 17, "CAPACID_EX": 0, "DOBLE_EXCE": 0, "TE_ACTFISI": 0, "TE_ARTES": 0, "TE_CNATUR": 0, "TE_CSOCIAL": 0, "TE_LDSOCIA": 0, "TE_TECNOLO": 0, "TOT_EST_CA": 0, "TMATRIC_GE": 907, "Zona": 2 }, "geometry": { "type": "Point", "coordinates": [ -8246226.863700000569224, 530450.215799998492002 ] } },
{ "type": "Feature", "properties": { "NOMBRE_EST": "COLEGIO EL SALITRE - SUBA (IED)", "NOMBRE_SED": "SAN CARLOS DE SUBA", "ORDEN_DE_S": "B", "DIRECCION": "CL 153 # 100 - 44", "DISCAPACID": "AUDITIVA-FISICA-INTELECTUAL-MENTAL/PSICOSOCIAL-MULTIPLE", "TALENTOS_O": "CAPACIDADES EXCEPCIONALES-TALENTO EXCEPCIONAL EN ACTIVIDAD FISICA, EJERCICIO Y DEPORTE-TALENTO EXCEPCIONAL EN ARTES Y LETRAS-TALENTO EXCEPCIONAL EN CIENCIAS NATURALES O BASICAS-TALENTO EXCEPCIONAL EN LIDERAZGO SOCIAL Y EMPRENDIMIENTO-TALENTO EXCEPCIONAL", "GRUPOS_ETN": "AFRODESCENDIENTES-INDIGENAS-NEGRITUDES", "SECTOR": 2, "NATU_JUR": 9, "CALENDARIO": 1, "GENERO": 5, "COD_LOCA": "11", "ESPECIALID": 13, "CLASE_TIPO": 1, "BILINGUE": 5, "FECHA": "2024-04-30", "DANE12_EST": "111769000247", "DANE12_SED": "211769000845", "DA_HIPOACU": 0, "DA_SORDERA": 0, "DA_LENGUAS": 0, "DA_UCASTEL": 0, "DISCAP_FIS": 2, "DISCAP_FLE": 0, "DISCAP_PCE": 0, "DI_DCOGNIT": 10, "DI_SDOWN": 0, "DIS_MULTIP": 13, "DIS_PSICOS": 2, "DV_BAJAVIS": 0, "DIS_CEGUER": 0, "T_ESPECTRO": 0, "T_VOZ_Y_HA": 0, "SISTEMICA": 0, "SORDOCEGUE": 0, "OTRA": 0, "TOT_EST_MA": 27, "AFRODESCEN": 5, "INDIGENAS": 8, "NEGRITUDES": 1, "PALENQUERO": 0, "RAIZALES": 0, "ROM": 0, "TOT_EST_ET": 14, "CAPACID_EX": 1, "DOBLE_EXCE": 0, "TE_ACTFISI": 1, "TE_ARTES": 0, "TE_CNATUR": 0, "TE_CSOCIAL": 0, "TE_LDSOCIA": 0, "TE_TECNOLO": 0, "TOT_EST_CA": 1, "TMATRIC_GE": 1197, "Zona": 1 }, "geometry": { "type": "Point", "coordinates": [ -8247458.965700000524521, 529679.060699999332428 ] } },
{ "type": "Feature", "properties": { "NOMBRE_EST": "COLEGIO EL SALITRE - SUBA (IED)", "NOMBRE_SED": "LICEO MIXTO DEL DAS", "ORDEN_DE_S": "C", "DIRECCION": "KR 92 # 152 A - 52", "DISCAPACID": "AUDITIVA-FISICA-INTELECTUAL-MENTAL/PSICOSOCIAL-MULTIPLE", "TALENTOS_O": "TALENTO EXCEPCIONAL EN ACTIVIDAD FISICA, EJERCICIO Y DEPORTE-TALENTO EXCEPCIONAL EN ARTES Y LETRAS-TALENTO EXCEPCIONAL EN CIENCIAS SOCIALES O HUMANAS", "GRUPOS_ETN": "AFRODESCENDIENTES-INDIGENAS-NEGRITUDES", "SECTOR": 2, "NATU_JUR": 9, "CALENDARIO": 1, "GENERO": 5, "COD_LOCA": "11", "ESPECIALID": 13, "CLASE_TIPO": 1, "BILINGUE": 5, "FECHA": "2024-04-30", "DANE12_EST": "111769000247", "DANE12_SED": "111001017698", "DA_HIPOACU": 0, "DA_SORDERA": 0, "DA_LENGUAS": 0, "DA_UCASTEL": 0, "DISCAP_FIS": 2, "DISCAP_FLE": 0, "DISCAP_PCE": 0, "DI_DCOGNIT": 27, "DI_SDOWN": 0, "DIS_MULTIP": 5, "DIS_PSICOS": 5, "DV_BAJAVIS": 0, "DIS_CEGUER": 0, "T_ESPECTRO": 0, "T_VOZ_Y_HA": 0, "SISTEMICA": 0, "SORDOCEGUE": 0, "OTRA": 0, "TOT_EST_MA": 40, "AFRODESCEN": 4, "INDIGENAS": 4, "NEGRITUDES": 3, "PALENQUERO": 0, "RAIZALES": 0, "ROM": 0, "TOT_EST_ET": 11, "CAPACID_EX": 0, "DOBLE_EXCE": 0, "TE_ACTFISI": 0, "TE_ARTES": 0, "TE_CNATUR": 0, "TE_CSOCIAL": 0, "TE_LDSOCIA": 0, "TE_TECNOLO": 0, "TOT_EST_CA": 0, "TMATRIC_GE": 1191, "Zona": 1 }, "geometry": { "type": "Point", "coordinates": [ -8246900.854299999773502, 529266.040100000798702 ] } },
{ "type": "Feature", "properties": { "NOMBRE_EST": "COLEGIO PRADO VERANIEGO (IED)", "NOMBRE_SED": "PRADO VERANIEGO II", "ORDEN_DE_S": "A", "DIRECCION": "KR 46 # 130 - 65", "DISCAPACID": "FISICA-INTELECTUAL-MENTAL/PSICOSOCIAL-MULTIPLE", "TALENTOS_O": "CAPACIDADES EXCEPCIONALES-TALENTO EXCEPCIONAL EN ACTIVIDAD FISICA, EJERCICIO Y DEPORTE-TALENTO EXCEPCIONAL EN ARTES Y LETRAS-TALENTO EXCEPCIONAL EN TECNOLOGIA", "GRUPOS_ETN": "AFRODESCENDIENTES-INDIGENAS-NEGRITUDES", "SECTOR": 2, "NATU_JUR": 9, "CALENDARIO": 1, "GENERO": 5, "COD_LOCA": "11", "ESPECIALID": 1, "CLASE_TIPO": 1, "BILINGUE": 5, "FECHA": "2024-04-30", "DANE12_EST": "111769000956", "DANE12_SED": "111769000956", "DA_HIPOACU": 0, "DA_SORDERA": 0, "DA_LENGUAS": 0, "DA_UCASTEL": 0, "DISCAP_FIS": 4, "DISCAP_FLE": 0, "DISCAP_PCE": 0, "DI_DCOGNIT": 43, "DI_SDOWN": 0, "DIS_MULTIP": 5, "DIS_PSICOS": 1, "DV_BAJAVIS": 0, "DIS_CEGUER": 0, "T_ESPECTRO": 0, "T_VOZ_Y_HA": 0, "SISTEMICA": 0, "SORDOCEGUE": 0, "OTRA": 0, "TOT_EST_MA": 53, "AFRODESCEN": 2, "INDIGENAS": 2, "NEGRITUDES": 4, "PALENQUERO": 0, "RAIZALES": 1, "ROM": 0, "TOT_EST_ET": 9, "CAPACID_EX": 0, "DOBLE_EXCE": 0, "TE_ACTFISI": 0, "TE_ARTES": 0, "TE_CNATUR": 0, "TE_CSOCIAL": 0, "TE_LDSOCIA": 0, "TE_TECNOLO": 0, "TOT_EST_CA": 0, "TMATRIC_GE": 870, "Zona": 1 }, "geometry": { "type": "Point", "coordinates": [ -8243712.32120000012219, 525681.658700000494719 ] } },
{ "type": "Feature", "properties": { "NOMBRE_EST": "COLEGIO PRADO VERANIEGO (IED)", "NOMBRE_SED": "PRADO VERANIEGO I", "ORDEN_DE_S": "B", "DIRECCION": "KR 53 A # 128 - 51", "DISCAPACID": "INTELECTUAL-MULTIPLE", "TALENTOS_O": null, "GRUPOS_ETN": "AFRODESCENDIENTES-RAIZALES", "SECTOR": 2, "NATU_JUR": 9, "CALENDARIO": 1, "GENERO": 5, "COD_LOCA": "11", "ESPECIALID": 13, "CLASE_TIPO": 1, "BILINGUE": 5, "FECHA": "2024-04-30", "DANE12_EST": "111769000956", "DANE12_SED": "111769000948", "DA_HIPOACU": 0, "DA_SORDERA": 0, "DA_LENGUAS": 0, "DA_UCASTEL": 0, "DISCAP_FIS": 1, "DISCAP_FLE": 0, "DISCAP_PCE": 0, "DI_DCOGNIT": 13, "DI_SDOWN": 0, "DIS_MULTIP": 4, "DIS_PSICOS": 3, "DV_BAJAVIS": 0, "DIS_CEGUER": 0, "T_ESPECTRO": 0, "T_VOZ_Y_HA": 0, "SISTEMICA": 0, "SORDOCEGUE": 0, "OTRA": 0, "TOT_EST_MA": 21, "AFRODESCEN": 2, "INDIGENAS": 1, "NEGRITUDES": 0, "PALENQUERO": 0, "RAIZALES": 0, "ROM": 0, "TOT_EST_ET": 3, "CAPACID_EX": 0, "DOBLE_EXCE": 0, "TE_ACTFISI": 0, "TE_ARTES": 0, "TE_CNATUR": 0, "TE_CSOCIAL": 0, "TE_LDSOCIA": 0, "TE_TECNOLO": 0, "TOT_EST_CA": 0, "TMATRIC_GE": 596, "Zona": 1 }, "geometry": { "type": "Point", "coordinates": [ -8244393.0866, 525288.330200001597404 ] } },
{ "type": "Feature", "properties": { "NOMBRE_EST": "COLEGIO ANIBAL FERNANDEZ DE SOTO (IED)", "NOMBRE_SED": "ANIBAL FERNANDEZ DE SOTO", "ORDEN_DE_S": "A", "DIRECCION": "KR 53 # 135 - 13", "DISCAPACID": "INTELECTUAL-MENTAL/PSICOSOCIAL", "TALENTOS_O": "CAPACIDADES EXCEPCIONALES-TALENTO EXCEPCIONAL EN ACTIVIDAD FISICA, EJERCICIO Y DEPORTE-TALENTO EXCEPCIONAL EN ARTES Y LETRAS-TALENTO EXCEPCIONAL EN LIDERAZGO SOCIAL Y EMPRENDIMIENTO-TALENTO EXCEPCIONAL EN TECNOLOGIA", "GRUPOS_ETN": "AFRODESCENDIENTES-INDIGENAS", "SECTOR": 2, "NATU_JUR": 9, "CALENDARIO": 1, "GENERO": 5, "COD_LOCA": "11", "ESPECIALID": 1, "CLASE_TIPO": 1, "BILINGUE": 5, "FECHA": "2024-04-30", "DANE12_EST": "111769001502", "DANE12_SED": "111769001502", "DA_HIPOACU": 0, "DA_SORDERA": 0, "DA_LENGUAS": 0, "DA_UCASTEL": 0, "DISCAP_FIS": 1, "DISCAP_FLE": 0, "DISCAP_PCE": 0, "DI_DCOGNIT": 7, "DI_SDOWN": 0, "DIS_MULTIP": 2, "DIS_PSICOS": 2, "DV_BAJAVIS": 0, "DIS_CEGUER": 0, "T_ESPECTRO": 0, "T_VOZ_Y_HA": 0, "SISTEMICA": 0, "SORDOCEGUE": 0, "OTRA": 0, "TOT_EST_MA": 12, "AFRODESCEN": 7, "INDIGENAS": 3, "NEGRITUDES": 0, "PALENQUERO": 0, "RAIZALES": 0, "ROM": 0, "TOT_EST_ET": 10, "CAPACID_EX": 1, "DOBLE_EXCE": 0, "TE_ACTFISI": 1, "TE_ARTES": 0, "TE_CNATUR": 0, "TE_CSOCIAL": 0, "TE_LDSOCIA": 0, "TE_TECNOLO": 0, "TOT_EST_CA": 1, "TMATRIC_GE": 785, "Zona": 1 }, "geometry": { "type": "Point", "coordinates": [ -8244025.565300000831485, 526366.4222999997437 ] } },
{ "type": "Feature", "properties": { "NOMBRE_EST": "COLEGIO ANIBAL FERNANDEZ DE SOTO (IED)", "NOMBRE_SED": "PRADO PINZON", "ORDEN_DE_S": "B", "DIRECCION": "KR 50 # 143 - 33", "DISCAPACID": "FISICA-INTELECTUAL-MENTAL/PSICOSOCIAL-MULTIPLE-VISUAL", "TALENTOS_O": "CAPACIDADES EXCEPCIONALES-TALENTO EXCEPCIONAL EN ACTIVIDAD FISICA, EJERCICIO Y DEPORTE-TALENTO EXCEPCIONAL EN ARTES Y LETRAS-TALENTO EXCEPCIONAL EN LIDERAZGO SOCIAL Y EMPRENDIMIENTO", "GRUPOS_ETN": "AFRODESCENDIENTES-INDIGENAS", "SECTOR": 2, "NATU_JUR": 9, "CALENDARIO": 1, "GENERO": 5, "COD_LOCA": "11", "ESPECIALID": 13, "CLASE_TIPO": 1, "BILINGUE": 5, "FECHA": "2024-04-30", "DANE12_EST": "111769001502", "DANE12_SED": "111769000328", "DA_HIPOACU": 0, "DA_SORDERA": 0, "DA_LENGUAS": 0, "DA_UCASTEL": 0, "DISCAP_FIS": 0, "DISCAP_FLE": 0, "DISCAP_PCE": 0, "DI_DCOGNIT": 10, "DI_SDOWN": 0, "DIS_MULTIP": 8, "DIS_PSICOS": 0, "DV_BAJAVIS": 1, "DIS_CEGUER": 0, "T_ESPECTRO": 0, "T_VOZ_Y_HA": 0, "SISTEMICA": 0, "SORDOCEGUE": 0, "OTRA": 0, "TOT_EST_MA": 19, "AFRODESCEN": 3, "INDIGENAS": 3, "NEGRITUDES": 0, "PALENQUERO": 0, "RAIZALES": 0, "ROM": 0, "TOT_EST_ET": 6, "CAPACID_EX": 0, "DOBLE_EXCE": 0, "TE_ACTFISI": 0, "TE_ARTES": 0, "TE_CNATUR": 0, "TE_CSOCIAL": 0, "TE_LDSOCIA": 0, "TE_TECNOLO": 0, "TOT_EST_CA": 0, "TMATRIC_GE": 617, "Zona": 1 }, "geometry": { "type": "Point", "coordinates": [ -8243685.932900000363588, 526771.7331000007689 ] } },
{ "type": "Feature", "properties": { "NOMBRE_EST": "COLEGIO NUEVA ZELANDIA (IED)", "NOMBRE_SED": "NUEVA ZELANDIA", "ORDEN_DE_S": "A", "DIRECCION": "CL 181 # 51 A - 31", "DISCAPACID": "AUDITIVA-INTELECTUAL-MULTIPLE", "TALENTOS_O": "CAPACIDADES EXCEPCIONALES", "GRUPOS_ETN": "AFRODESCENDIENTES-INDIGENAS-NEGRITUDES", "SECTOR": 2, "NATU_JUR": 9, "CALENDARIO": 1, "GENERO": 5, "COD_LOCA": "11", "ESPECIALID": 1, "CLASE_TIPO": 1, "BILINGUE": 5, "FECHA": "2024-04-30", "DANE12_EST": "111769001871", "DANE12_SED": "111769001871", "DA_HIPOACU": 2, "DA_SORDERA": 0, "DA_LENGUAS": 0, "DA_UCASTEL": 0, "DISCAP_FIS": 0, "DISCAP_FLE": 0, "DISCAP_PCE": 0, "DI_DCOGNIT": 4, "DI_SDOWN": 0, "DIS_MULTIP": 4, "DIS_PSICOS": 0, "DV_BAJAVIS": 0, "DIS_CEGUER": 0, "T_ESPECTRO": 0, "T_VOZ_Y_HA": 0, "SISTEMICA": 0, "SORDOCEGUE": 1, "OTRA": 0, "TOT_EST_MA": 11, "AFRODESCEN": 2, "INDIGENAS": 2, "NEGRITUDES": 3, "PALENQUERO": 1, "RAIZALES": 1, "ROM": 0, "TOT_EST_ET": 9, "CAPACID_EX": 0, "DOBLE_EXCE": 0, "TE_ACTFISI": 0, "TE_ARTES": 0, "TE_CNATUR": 0, "TE_CSOCIAL": 0, "TE_LDSOCIA": 0, "TE_TECNOLO": 0, "TOT_EST_CA": 0, "TMATRIC_GE": 887, "Zona": 1 }, "geometry": { "type": "Point", "coordinates": [ -8243169.256799999624491, 530400.088100001215935 ] } },
{ "type": "Feature", "properties": { "NOMBRE_EST": "COLEGIO NUEVA ZELANDIA (IED)", "NOMBRE_SED": "ABC", "ORDEN_DE_S": "B", "DIRECCION": "CL 187 # 49 - 42", "DISCAPACID": "AUDITIVA-INTELECTUAL-MULTIPLE", "TALENTOS_O": "CAPACIDADES EXCEPCIONALES-TALENTO EXCEPCIONAL EN ACTIVIDAD FISICA, EJERCICIO Y DEPORTE", "GRUPOS_ETN": "INDIGENAS-NEGRITUDES-PALENQUEROS", "SECTOR": 2, "NATU_JUR": 9, "CALENDARIO": 1, "GENERO": 5, "COD_LOCA": "11", "ESPECIALID": 13, "CLASE_TIPO": 1, "BILINGUE": 5, "FECHA": "2024-04-30", "DANE12_EST": "111769001871", "DANE12_SED": "111769002193", "DA_HIPOACU": 2, "DA_SORDERA": 0, "DA_LENGUAS": 0, "DA_UCASTEL": 0, "DISCAP_FIS": 1, "DISCAP_FLE": 0, "DISCAP_PCE": 0, "DI_DCOGNIT": 5, "DI_SDOWN": 0, "DIS_MULTIP": 8, "DIS_PSICOS": 0, "DV_BAJAVIS": 0, "DIS_CEGUER": 0, "T_ESPECTRO": 0, "T_VOZ_Y_HA": 0, "SISTEMICA": 0, "SORDOCEGUE": 0, "OTRA": 0, "TOT_EST_MA": 16, "AFRODESCEN": 5, "INDIGENAS": 0, "NEGRITUDES": 1, "PALENQUERO": 1, "RAIZALES": 0, "ROM": 0, "TOT_EST_ET": 7, "CAPACID_EX": 0, "DOBLE_EXCE": 0, "TE_ACTFISI": 0, "TE_ARTES": 0, "TE_CNATUR": 0, "TE_CSOCIAL": 0, "TE_LDSOCIA": 0, "TE_TECNOLO": 0, "TOT_EST_CA": 0, "TMATRIC_GE": 650, "Zona": 1 }, "geometry": { "type": "Point", "coordinates": [ -8242866.141699999570847, 531108.228199999779463 ] } },
{ "type": "Feature", "properties": { "NOMBRE_EST": "COLEGIO VISTA BELLA (IED)", "NOMBRE_SED": "SAN CIPRIANO", "ORDEN_DE_S": "A", "DIRECCION": "CL 166 BIS # 54 C - 08", "DISCAPACID": "FISICA-INTELECTUAL-MENTAL/PSICOSOCIAL-MULTIPLE", "TALENTOS_O": "CAPACIDADES EXCEPCIONALES-TALENTO EXCEPCIONAL EN ACTIVIDAD FISICA, EJERCICIO Y DEPORTE-TALENTO EXCEPCIONAL EN ARTES Y LETRAS-TALENTO EXCEPCIONAL EN LIDERAZGO SOCIAL Y EMPRENDIMIENTO", "GRUPOS_ETN": "AFRODESCENDIENTES-INDIGENAS-NEGRITUDES-RAIZALES", "SECTOR": 2, "NATU_JUR": 9, "CALENDARIO": 1, "GENERO": 5, "COD_LOCA": "11", "ESPECIALID": 1, "CLASE_TIPO": 1, "BILINGUE": 5, "FECHA": "2024-04-30", "DANE12_EST": "111769003114", "DANE12_SED": "111769003114", "DA_HIPOACU": 0, "DA_SORDERA": 0, "DA_LENGUAS": 0, "DA_UCASTEL": 0, "DISCAP_FIS": 1, "DISCAP_FLE": 0, "DISCAP_PCE": 0, "DI_DCOGNIT": 16, "DI_SDOWN": 0, "DIS_MULTIP": 3, "DIS_PSICOS": 3, "DV_BAJAVIS": 0, "DIS_CEGUER": 0, "T_ESPECTRO": 0, "T_VOZ_Y_HA": 0, "SISTEMICA": 0, "SORDOCEGUE": 0, "OTRA": 0, "TOT_EST_MA": 23, "AFRODESCEN": 3, "INDIGENAS": 3, "NEGRITUDES": 2, "PALENQUERO": 0, "RAIZALES": 0, "ROM": 0, "TOT_EST_ET": 8, "CAPACID_EX": 0, "DOBLE_EXCE": 0, "TE_ACTFISI": 0, "TE_ARTES": 0, "TE_CNATUR": 0, "TE_CSOCIAL": 0, "TE_LDSOCIA": 0, "TE_TECNOLO": 0, "TOT_EST_CA": 0, "TMATRIC_GE": 572, "Zona": 1 }, "geometry": { "type": "Point", "coordinates": [ -8243766.3301, 529236.211399998515844 ] } },
{ "type": "Feature", "properties": { "NOMBRE_EST": "COLEGIO VISTA BELLA (IED)", "NOMBRE_SED": "VISTA BELLA", "ORDEN_DE_S": "B", "DIRECCION": "CL 167 A # 54 B - 40", "DISCAPACID": "FISICA-INTELECTUAL-MULTIPLE", "TALENTOS_O": "CAPACIDADES EXCEPCIONALES-TALENTO EXCEPCIONAL EN ACTIVIDAD FISICA, EJERCICIO Y DEPORTE-TALENTO EXCEPCIONAL EN ARTES Y LETRAS", "GRUPOS_ETN": "INDIGENAS-NEGRITUDES", "SECTOR": 2, "NATU_JUR": 9, "CALENDARIO": 1, "GENERO": 5, "COD_LOCA": "11", "ESPECIALID": 1, "CLASE_TIPO": 1, "BILINGUE": 5, "FECHA": "2024-04-30", "DANE12_EST": "111769003114", "DANE12_SED": "111001092983", "DA_HIPOACU": 0, "DA_SORDERA": 0, "DA_LENGUAS": 0, "DA_UCASTEL": 0, "DISCAP_FIS": 0, "DISCAP_FLE": 0, "DISCAP_PCE": 0, "DI_DCOGNIT": 5, "DI_SDOWN": 0, "DIS_MULTIP": 1, "DIS_PSICOS": 0, "DV_BAJAVIS": 0, "DIS_CEGUER": 0, "T_ESPECTRO": 0, "T_VOZ_Y_HA": 0, "SISTEMICA": 0, "SORDOCEGUE": 0, "OTRA": 0, "TOT_EST_MA": 6, "AFRODESCEN": 3, "INDIGENAS": 1, "NEGRITUDES": 0, "PALENQUERO": 0, "RAIZALES": 0, "ROM": 0, "TOT_EST_ET": 4, "CAPACID_EX": 0, "DOBLE_EXCE": 0, "TE_ACTFISI": 0, "TE_ARTES": 0, "TE_CNATUR": 0, "TE_CSOCIAL": 0, "TE_LDSOCIA": 0, "TE_TECNOLO": 0, "TOT_EST_CA": 0, "TMATRIC_GE": 418, "Zona": 1 }, "geometry": { "type": "Point", "coordinates": [ -8243703.043800000101328, 529354.86769999936223 ] } },
{ "type": "Feature", "properties": { "NOMBRE_EST": "COLEGIO VISTA BELLA (IED)", "NOMBRE_SED": "GRANADA NORTE", "ORDEN_DE_S": "C", "DIRECCION": "CL 168 A # 45 A - 51", "DISCAPACID": "INTELECTUAL-MENTAL/PSICOSOCIAL-MULTIPLE", "TALENTOS_O": "TALENTO EXCEPCIONAL EN ACTIVIDAD FISICA, EJERCICIO Y DEPORTE-TALENTO EXCEPCIONAL EN ARTES Y LETRAS-TALENTO EXCEPCIONAL EN LIDERAZGO SOCIAL Y EMPRENDIMIENTO", "GRUPOS_ETN": "AFRODESCENDIENTES-NEGRITUDES", "SECTOR": 2, "NATU_JUR": 9, "CALENDARIO": 1, "GENERO": 5, "COD_LOCA": "11", "ESPECIALID": 13, "CLASE_TIPO": 1, "BILINGUE": 5, "FECHA": "2024-04-30", "DANE12_EST": "111769003114", "DANE12_SED": "111769003777", "DA_HIPOACU": 0, "DA_SORDERA": 0, "DA_LENGUAS": 0, "DA_UCASTEL": 0, "DISCAP_FIS": 0, "DISCAP_FLE": 0, "DISCAP_PCE": 0, "DI_DCOGNIT": 2, "DI_SDOWN": 0, "DIS_MULTIP": 3, "DIS_PSICOS": 1, "DV_BAJAVIS": 0, "DIS_CEGUER": 0, "T_ESPECTRO": 0, "T_VOZ_Y_HA": 0, "SISTEMICA": 0, "SORDOCEGUE": 0, "OTRA": 0, "TOT_EST_MA": 6, "AFRODESCEN": 3, "INDIGENAS": 0, "NEGRITUDES": 2, "PALENQUERO": 0, "RAIZALES": 0, "ROM": 0, "TOT_EST_ET": 5, "CAPACID_EX": 0, "DOBLE_EXCE": 0, "TE_ACTFISI": 0, "TE_ARTES": 0, "TE_CNATUR": 0, "TE_CSOCIAL": 0, "TE_LDSOCIA": 0, "TE_TECNOLO": 0, "TOT_EST_CA": 0, "TMATRIC_GE": 409, "Zona": 1 }, "geometry": { "type": "Point", "coordinates": [ -8243013.855900000780821, 529377.299199998378754 ] } },
{ "type": "Feature", "properties": { "NOMBRE_EST": "COLEGIO VILLA ELISA (IED)", "NOMBRE_SED": "VILLA ELISA", "ORDEN_DE_S": "A", "DIRECCION": "CL 132 C # 92 A - 71", "DISCAPACID": "AUDITIVA-INTELECTUAL-MENTAL/PSICOSOCIAL-MULTIPLE", "TALENTOS_O": "TALENTO EXCEPCIONAL EN ACTIVIDAD FISICA, EJERCICIO Y DEPORTE-TALENTO EXCEPCIONAL EN ARTES Y LETRAS-TALENTO EXCEPCIONAL EN TECNOLOGIA", "GRUPOS_ETN": "AFRODESCENDIENTES-INDIGENAS-NEGRITUDES", "SECTOR": 2, "NATU_JUR": 9, "CALENDARIO": 1, "GENERO": 5, "COD_LOCA": "11", "ESPECIALID": 1, "CLASE_TIPO": 1, "BILINGUE": 5, "FECHA": "2024-04-30", "DANE12_EST": "111769003122", "DANE12_SED": "111769003122", "DA_HIPOACU": 0, "DA_SORDERA": 0, "DA_LENGUAS": 0, "DA_UCASTEL": 0, "DISCAP_FIS": 0, "DISCAP_FLE": 0, "DISCAP_PCE": 0, "DI_DCOGNIT": 12, "DI_SDOWN": 0, "DIS_MULTIP": 3, "DIS_PSICOS": 0, "DV_BAJAVIS": 0, "DIS_CEGUER": 0, "T_ESPECTRO": 0, "T_VOZ_Y_HA": 0, "SISTEMICA": 0, "SORDOCEGUE": 0, "OTRA": 0, "TOT_EST_MA": 16, "AFRODESCEN": 7, "INDIGENAS": 10, "NEGRITUDES": 5, "PALENQUERO": 0, "RAIZALES": 0, "ROM": 0, "TOT_EST_ET": 22, "CAPACID_EX": 1, "DOBLE_EXCE": 0, "TE_ACTFISI": 0, "TE_ARTES": 0, "TE_CNATUR": 1, "TE_CSOCIAL": 0, "TE_LDSOCIA": 0, "TE_TECNOLO": 0, "TOT_EST_CA": 1, "TMATRIC_GE": 748, "Zona": 1 }, "geometry": { "type": "Point", "coordinates": [ -8247425.661100000143051, 527408.125399999320507 ] } },
{ "type": "Feature", "properties": { "NOMBRE_EST": "COLEGIO VILLA ELISA (IED)", "NOMBRE_SED": "EL RUBI-JAPON", "ORDEN_DE_S": "B", "DIRECCION": "CL 128 BIS # 93 - 80", "DISCAPACID": "INTELECTUAL-MENTAL/PSICOSOCIAL-MULTIPLE", "TALENTOS_O": "TALENTO EXCEPCIONAL EN ACTIVIDAD FISICA, EJERCICIO Y DEPORTE-TALENTO EXCEPCIONAL EN ARTES Y LETRAS-TALENTO EXCEPCIONAL EN CIENCIAS NATURALES O BASICAS-TALENTO EXCEPCIONAL EN CIENCIAS SOCIALES O HUMANAS", "GRUPOS_ETN": "AFRODESCENDIENTES-INDIGENAS-NEGRITUDES", "SECTOR": 2, "NATU_JUR": 9, "CALENDARIO": 1, "GENERO": 5, "COD_LOCA": "11", "ESPECIALID": 13, "CLASE_TIPO": 1, "BILINGUE": 5, "FECHA": "2024-04-30", "DANE12_EST": "111769003122", "DANE12_SED": "111769003165", "DA_HIPOACU": 0, "DA_SORDERA": 0, "DA_LENGUAS": 0, "DA_UCASTEL": 0, "DISCAP_FIS": 1, "DISCAP_FLE": 0, "DISCAP_PCE": 0, "DI_DCOGNIT": 9, "DI_SDOWN": 0, "DIS_MULTIP": 2, "DIS_PSICOS": 1, "DV_BAJAVIS": 0, "DIS_CEGUER": 0, "T_ESPECTRO": 0, "T_VOZ_Y_HA": 0, "SISTEMICA": 0, "SORDOCEGUE": 0, "OTRA": 0, "TOT_EST_MA": 13, "AFRODESCEN": 12, "INDIGENAS": 10, "NEGRITUDES": 4, "PALENQUERO": 0, "RAIZALES": 0, "ROM": 0, "TOT_EST_ET": 26, "CAPACID_EX": 2, "DOBLE_EXCE": 0, "TE_ACTFISI": 0, "TE_ARTES": 1, "TE_CNATUR": 0, "TE_CSOCIAL": 1, "TE_LDSOCIA": 1, "TE_TECNOLO": 0, "TOT_EST_CA": 2, "TMATRIC_GE": 846, "Zona": 1 }, "geometry": { "type": "Point", "coordinates": [ -8248035.3925, 526329.688999999314547 ] } },
{ "type": "Feature", "properties": { "NOMBRE_EST": "COLEGIO VILLA ELISA (IED)", "NOMBRE_SED": "NUEVA COLOMBIA", "ORDEN_DE_S": "C", "DIRECCION": "KR 91 # 130 C - 41", "DISCAPACID": "INTELECTUAL-MULTIPLE-VISUAL", "TALENTOS_O": "TALENTO EXCEPCIONAL EN ACTIVIDAD FISICA, EJERCICIO Y DEPORTE", "GRUPOS_ETN": "AFRODESCENDIENTES-INDIGENAS-NEGRITUDES-RAIZALES", "SECTOR": 2, "NATU_JUR": 9, "CALENDARIO": 1, "GENERO": 5, "COD_LOCA": "11", "ESPECIALID": 13, "CLASE_TIPO": 1, "BILINGUE": 5, "FECHA": "2024-04-30", "DANE12_EST": "111769003122", "DANE12_SED": "111001107735", "DA_HIPOACU": 0, "DA_SORDERA": 0, "DA_LENGUAS": 0, "DA_UCASTEL": 0, "DISCAP_FIS": 0, "DISCAP_FLE": 0, "DISCAP_PCE": 0, "DI_DCOGNIT": 5, "DI_SDOWN": 0, "DIS_MULTIP": 2, "DIS_PSICOS": 0, "DV_BAJAVIS": 1, "DIS_CEGUER": 0, "T_ESPECTRO": 0, "T_VOZ_Y_HA": 0, "SISTEMICA": 0, "SORDOCEGUE": 0, "OTRA": 0, "TOT_EST_MA": 8, "AFRODESCEN": 7, "INDIGENAS": 1, "NEGRITUDES": 3, "PALENQUERO": 0, "RAIZALES": 1, "ROM": 0, "TOT_EST_ET": 12, "CAPACID_EX": 1, "DOBLE_EXCE": 0, "TE_ACTFISI": 0, "TE_ARTES": 0, "TE_CNATUR": 1, "TE_CSOCIAL": 0, "TE_LDSOCIA": 0, "TE_TECNOLO": 0, "TOT_EST_CA": 1, "TMATRIC_GE": 378, "Zona": 1 }, "geometry": { "type": "Point", "coordinates": [ -8247520.231499999761581, 526898.894400000572205 ] } },
{ "type": "Feature", "properties": { "NOMBRE_EST": "COLEGIO REPUBLICA DOMINICANA (IED)", "NOMBRE_SED": "REPUBLICA DOMINICANA", "ORDEN_DE_S": "A", "DIRECCION": "CL 131 A # 125 - 43", "DISCAPACID": "AUDITIVA-FISICA-INTELECTUAL-MENTAL/PSICOSOCIAL-MULTIPLE-SORDOCEGUERA", "TALENTOS_O": "CAPACIDADES EXCEPCIONALES-TALENTO EXCEPCIONAL EN ACTIVIDAD FISICA, EJERCICIO Y DEPORTE-TALENTO EXCEPCIONAL EN ARTES Y LETRAS-TALENTO EXCEPCIONAL EN CIENCIAS NATURALES O BASICAS-TALENTO EXCEPCIONAL EN CIENCIAS SOCIALES O HUMANAS-TALENTO EXCEPCIONAL EN LID", "GRUPOS_ETN": "AFRODESCENDIENTES-INDIGENAS-NEGRITUDES-PALENQUEROS-RAIZALES", "SECTOR": 2, "NATU_JUR": 9, "CALENDARIO": 1, "GENERO": 5, "COD_LOCA": "11", "ESPECIALID": 1, "CLASE_TIPO": 1, "BILINGUE": 5, "FECHA": "2024-04-30", "DANE12_EST": "111769003360", "DANE12_SED": "111769003360", "DA_HIPOACU": 53, "DA_SORDERA": 0, "DA_LENGUAS": 0, "DA_UCASTEL": 0, "DISCAP_FIS": 4, "DISCAP_FLE": 0, "DISCAP_PCE": 0, "DI_DCOGNIT": 36, "DI_SDOWN": 0, "DIS_MULTIP": 16, "DIS_PSICOS": 4, "DV_BAJAVIS": 0, "DIS_CEGUER": 0, "T_ESPECTRO": 0, "T_VOZ_Y_HA": 0, "SISTEMICA": 0, "SORDOCEGUE": 1, "OTRA": 0, "TOT_EST_MA": 114, "AFRODESCEN": 30, "INDIGENAS": 30, "NEGRITUDES": 11, "PALENQUERO": 1, "RAIZALES": 0, "ROM": 0, "TOT_EST_ET": 72, "CAPACID_EX": 2, "DOBLE_EXCE": 0, "TE_ACTFISI": 0, "TE_ARTES": 0, "TE_CNATUR": 0, "TE_CSOCIAL": 0, "TE_LDSOCIA": 0, "TE_TECNOLO": 1, "TOT_EST_CA": 2, "TMATRIC_GE": 3371, "Zona": 1 }, "geometry": { "type": "Point", "coordinates": [ -8249772.6711, 528174.233300000429153 ] } },
{ "type": "Feature", "properties": { "NOMBRE_EST": "COLEGIO REPUBLICA DOMINICANA (IED)", "NOMBRE_SED": "SEDE B", "ORDEN_DE_S": "B", "DIRECCION": "KR 123 # 129 D - 25/55", "DISCAPACID": "FISICA-INTELECTUAL-MENTAL/PSICOSOCIAL-MULTIPLE-SORDOCEGUERA", "TALENTOS_O": "CAPACIDADES EXCEPCIONALES-TALENTO EXCEPCIONAL EN ACTIVIDAD FISICA, EJERCICIO Y DEPORTE-TALENTO EXCEPCIONAL EN ARTES Y LETRAS", "GRUPOS_ETN": "AFRODESCENDIENTES-INDIGENAS-NEGRITUDES", "SECTOR": 2, "NATU_JUR": 9, "CALENDARIO": 1, "GENERO": 5, "COD_LOCA": "11", "ESPECIALID": 1, "CLASE_TIPO": 1, "BILINGUE": 5, "FECHA": "2024-04-30", "DANE12_EST": "111769003360", "DANE12_SED": "111001110116", "DA_HIPOACU": 0, "DA_SORDERA": 0, "DA_LENGUAS": 0, "DA_UCASTEL": 0, "DISCAP_FIS": 1, "DISCAP_FLE": 0, "DISCAP_PCE": 0, "DI_DCOGNIT": 17, "DI_SDOWN": 0, "DIS_MULTIP": 0, "DIS_PSICOS": 5, "DV_BAJAVIS": 1, "DIS_CEGUER": 0, "T_ESPECTRO": 0, "T_VOZ_Y_HA": 0, "SISTEMICA": 0, "SORDOCEGUE": 1, "OTRA": 0, "TOT_EST_MA": 25, "AFRODESCEN": 12, "INDIGENAS": 13, "NEGRITUDES": 2, "PALENQUERO": 0, "RAIZALES": 0, "ROM": 0, "TOT_EST_ET": 27, "CAPACID_EX": 1, "DOBLE_EXCE": 0, "TE_ACTFISI": 0, "TE_ARTES": 1, "TE_CNATUR": 0, "TE_CSOCIAL": 0, "TE_LDSOCIA": 0, "TE_TECNOLO": 0, "TOT_EST_CA": 1, "TMATRIC_GE": 1718, "Zona": 1 }, "geometry": { "type": "Point", "coordinates": [ -8249633.501700000837445, 527672.347199998795986 ] } },
{ "type": "Feature", "properties": { "NOMBRE_EST": "COLEGIO JUAN LOZANO Y LOZANO (IED)", "NOMBRE_SED": "JUAN LOZANO Y LOZANO", "ORDEN_DE_S": "A", "DIRECCION": "CL 140 A # 100 - 30", "DISCAPACID": "FISICA-INTELECTUAL-MENTAL/PSICOSOCIAL-MULTIPLE-SORDOCEGUERA", "TALENTOS_O": "TALENTO EXCEPCIONAL EN ACTIVIDAD FISICA, EJERCICIO Y DEPORTE-TALENTO EXCEPCIONAL EN ARTES Y LETRAS-TALENTO EXCEPCIONAL EN CIENCIAS NATURALES O BASICAS-TALENTO EXCEPCIONAL EN LIDERAZGO SOCIAL Y EMPRENDIMIENTO", "GRUPOS_ETN": "AFRODESCENDIENTES-INDIGENAS-NEGRITUDES", "SECTOR": 2, "NATU_JUR": 9, "CALENDARIO": 1, "GENERO": 5, "COD_LOCA": "11", "ESPECIALID": 1, "CLASE_TIPO": 1, "BILINGUE": 5, "FECHA": "2024-04-30", "DANE12_EST": "111769003416", "DANE12_SED": "111769003416", "DA_HIPOACU": 0, "DA_SORDERA": 0, "DA_LENGUAS": 0, "DA_UCASTEL": 0, "DISCAP_FIS": 2, "DISCAP_FLE": 0, "DISCAP_PCE": 0, "DI_DCOGNIT": 19, "DI_SDOWN": 0, "DIS_MULTIP": 3, "DIS_PSICOS": 7, "DV_BAJAVIS": 0, "DIS_CEGUER": 0, "T_ESPECTRO": 0, "T_VOZ_Y_HA": 0, "SISTEMICA": 0, "SORDOCEGUE": 0, "OTRA": 0, "TOT_EST_MA": 31, "AFRODESCEN": 13, "INDIGENAS": 19, "NEGRITUDES": 5, "PALENQUERO": 0, "RAIZALES": 0, "ROM": 0, "TOT_EST_ET": 37, "CAPACID_EX": 1, "DOBLE_EXCE": 0, "TE_ACTFISI": 1, "TE_ARTES": 0, "TE_CNATUR": 0, "TE_CSOCIAL": 0, "TE_LDSOCIA": 0, "TE_TECNOLO": 0, "TOT_EST_CA": 1, "TMATRIC_GE": 1216, "Zona": 1 }, "geometry": { "type": "Point", "coordinates": [ -8247999.03999999910593, 528357.749899998307228 ] } },
{ "type": "Feature", "properties": { "NOMBRE_EST": "COLEGIO JUAN LOZANO Y LOZANO (IED)", "NOMBRE_SED": "SUBA CENTRO", "ORDEN_DE_S": "B", "DIRECCION": "KR 99 # 155 - 96  --  KRA 99 # 154 - 26", "DISCAPACID": "AUDITIVA-FISICA-INTELECTUAL-MENTAL/PSICOSOCIAL-MULTIPLE", "TALENTOS_O": "CAPACIDADES EXCEPCIONALES-TALENTO EXCEPCIONAL EN ACTIVIDAD FISICA, EJERCICIO Y DEPORTE-TALENTO EXCEPCIONAL EN ARTES Y LETRAS-TALENTO EXCEPCIONAL EN LIDERAZGO SOCIAL Y EMPRENDIMIENTO-TALENTO EXCEPCIONAL EN TECNOLOGIA", "GRUPOS_ETN": "AFRODESCENDIENTES-INDIGENAS-NEGRITUDES-PALENQUEROS", "SECTOR": 2, "NATU_JUR": 9, "CALENDARIO": 1, "GENERO": 5, "COD_LOCA": "11", "ESPECIALID": 1, "CLASE_TIPO": 1, "BILINGUE": 5, "FECHA": "2024-04-30", "DANE12_EST": "111769003416", "DANE12_SED": "111769000182", "DA_HIPOACU": 0, "DA_SORDERA": 0, "DA_LENGUAS": 0, "DA_UCASTEL": 0, "DISCAP_FIS": 5, "DISCAP_FLE": 0, "DISCAP_PCE": 0, "DI_DCOGNIT": 30, "DI_SDOWN": 0, "DIS_MULTIP": 10, "DIS_PSICOS": 2, "DV_BAJAVIS": 0, "DIS_CEGUER": 0, "T_ESPECTRO": 0, "T_VOZ_Y_HA": 0, "SISTEMICA": 0, "SORDOCEGUE": 0, "OTRA": 0, "TOT_EST_MA": 48, "AFRODESCEN": 9, "INDIGENAS": 9, "NEGRITUDES": 3, "PALENQUERO": 2, "RAIZALES": 1, "ROM": 0, "TOT_EST_ET": 24, "CAPACID_EX": 1, "DOBLE_EXCE": 0, "TE_ACTFISI": 0, "TE_ARTES": 1, "TE_CNATUR": 0, "TE_CSOCIAL": 0, "TE_LDSOCIA": 0, "TE_TECNOLO": 0, "TOT_EST_CA": 1, "TMATRIC_GE": 1839, "Zona": 1 }, "geometry": { "type": "Point", "coordinates": [ -8247251.215700000524521, 529902.241500001400709 ] } },
{ "type": "Feature", "properties": { "NOMBRE_EST": "COLEGIO JUAN LOZANO Y LOZANO (IED)", "NOMBRE_SED": "PRIMERA INFANCIA ANA MERCEDES HOYOS MEJIA", "ORDEN_DE_S": "C", "DIRECCION": "KR  106 B # 151 C - 92", "DISCAPACID": null, "TALENTOS_O": null, "GRUPOS_ETN": null, "SECTOR": 2, "NATU_JUR": 9, "CALENDARIO": 1, "GENERO": 5, "COD_LOCA": "11", "ESPECIALID": 13, "CLASE_TIPO": 1, "BILINGUE": 5, "FECHA": "2024-04-30", "DANE12_EST": "111769003416", "DANE12_SED": "111001801217", "DA_HIPOACU": 0, "DA_SORDERA": 0, "DA_LENGUAS": 0, "DA_UCASTEL": 0, "DISCAP_FIS": 0, "DISCAP_FLE": 0, "DISCAP_PCE": 0, "DI_DCOGNIT": 2, "DI_SDOWN": 0, "DIS_MULTIP": 5, "DIS_PSICOS": 0, "DV_BAJAVIS": 0, "DIS_CEGUER": 0, "T_ESPECTRO": 0, "T_VOZ_Y_HA": 0, "SISTEMICA": 0, "SORDOCEGUE": 0, "OTRA": 0, "TOT_EST_MA": 8, "AFRODESCEN": 2, "INDIGENAS": 5, "NEGRITUDES": 0, "PALENQUERO": 0, "RAIZALES": 0, "ROM": 0, "TOT_EST_ET": 7, "CAPACID_EX": 0, "DOBLE_EXCE": 0, "TE_ACTFISI": 0, "TE_ARTES": 0, "TE_CNATUR": 0, "TE_CSOCIAL": 0, "TE_LDSOCIA": 0, "TE_TECNOLO": 0, "TOT_EST_CA": 0, "TMATRIC_GE": 402, "Zona": 1 }, "geometry": { "type": "Point", "coordinates": [ -8248158.498500000685453, 529678.188499998301268 ] } },
{ "type": "Feature", "properties": { "NOMBRE_EST": "COLEGIO GERARDO PAREDES (IED)", "NOMBRE_SED": "GERARDO PAREDES MARTINEZ", "ORDEN_DE_S": "A", "DIRECCION": "KR 94 C # 129 A - 04", "DISCAPACID": "AUDITIVA-FISICA-INTELECTUAL-MENTAL/PSICOSOCIAL-MULTIPLE-SORDOCEGUERA-VISUAL", "TALENTOS_O": "TALENTO EXCEPCIONAL EN ACTIVIDAD FISICA, EJERCICIO Y DEPORTE-TALENTO EXCEPCIONAL EN ARTES Y LETRAS-TALENTO EXCEPCIONAL EN CIENCIAS SOCIALES O HUMANAS-TALENTO EXCEPCIONAL EN LIDERAZGO SOCIAL Y EMPRENDIMIENTO-TALENTO EXCEPCIONAL EN TECNOLOGIA", "GRUPOS_ETN": "AFRODESCENDIENTES-INDIGENAS-NEGRITUDES-PALENQUEROS-RAIZALES", "SECTOR": 2, "NATU_JUR": 9, "CALENDARIO": 1, "GENERO": 5, "COD_LOCA": "11", "ESPECIALID": 1, "CLASE_TIPO": 1, "BILINGUE": 5, "FECHA": "2024-04-30", "DANE12_EST": "111769003424", "DANE12_SED": "111769003424", "DA_HIPOACU": 2, "DA_SORDERA": 0, "DA_LENGUAS": 0, "DA_UCASTEL": 0, "DISCAP_FIS": 7, "DISCAP_FLE": 0, "DISCAP_PCE": 0, "DI_DCOGNIT": 82, "DI_SDOWN": 0, "DIS_MULTIP": 24, "DIS_PSICOS": 7, "DV_BAJAVIS": 7, "DIS_CEGUER": 0, "T_ESPECTRO": 0, "T_VOZ_Y_HA": 0, "SISTEMICA": 0, "SORDOCEGUE": 5, "OTRA": 0, "TOT_EST_MA": 134, "AFRODESCEN": 54, "INDIGENAS": 50, "NEGRITUDES": 28, "PALENQUERO": 1, "RAIZALES": 1, "ROM": 0, "TOT_EST_ET": 134, "CAPACID_EX": 1, "DOBLE_EXCE": 0, "TE_ACTFISI": 1, "TE_ARTES": 0, "TE_CNATUR": 0, "TE_CSOCIAL": 0, "TE_LDSOCIA": 0, "TE_TECNOLO": 0, "TOT_EST_CA": 1, "TMATRIC_GE": 4794, "Zona": 1 }, "geometry": { "type": "Point", "coordinates": [ -8248066.847999999299645, 526679.552000001072884 ] } },
{ "type": "Feature", "properties": { "NOMBRE_EST": "COLEGIO GERARDO PAREDES (IED)", "NOMBRE_SED": "LA FRONTERA", "ORDEN_DE_S": "B", "DIRECCION": "DG 127 BIS # 91 B - 10", "DISCAPACID": "AUDITIVA-FISICA-INTELECTUAL-MULTIPLE", "TALENTOS_O": "TALENTO EXCEPCIONAL EN ACTIVIDAD FISICA, EJERCICIO Y DEPORTE-TALENTO EXCEPCIONAL EN LIDERAZGO SOCIAL Y EMPRENDIMIENTO-TALENTO EXCEPCIONAL EN TECNOLOGIA", "GRUPOS_ETN": "AFRODESCENDIENTES-INDIGENAS-NEGRITUDES", "SECTOR": 2, "NATU_JUR": 9, "CALENDARIO": 1, "GENERO": 5, "COD_LOCA": "11", "ESPECIALID": 13, "CLASE_TIPO": 1, "BILINGUE": 5, "FECHA": "2024-04-30", "DANE12_EST": "111769003424", "DANE12_SED": "111001096539", "DA_HIPOACU": 0, "DA_SORDERA": 0, "DA_LENGUAS": 0, "DA_UCASTEL": 0, "DISCAP_FIS": 2, "DISCAP_FLE": 0, "DISCAP_PCE": 0, "DI_DCOGNIT": 4, "DI_SDOWN": 0, "DIS_MULTIP": 0, "DIS_PSICOS": 0, "DV_BAJAVIS": 0, "DIS_CEGUER": 0, "T_ESPECTRO": 0, "T_VOZ_Y_HA": 0, "SISTEMICA": 0, "SORDOCEGUE": 1, "OTRA": 0, "TOT_EST_MA": 7, "AFRODESCEN": 2, "INDIGENAS": 5, "NEGRITUDES": 3, "PALENQUERO": 0, "RAIZALES": 0, "ROM": 0, "TOT_EST_ET": 10, "CAPACID_EX": 0, "DOBLE_EXCE": 0, "TE_ACTFISI": 0, "TE_ARTES": 0, "TE_CNATUR": 0, "TE_CSOCIAL": 0, "TE_LDSOCIA": 0, "TE_TECNOLO": 0, "TOT_EST_CA": 0, "TMATRIC_GE": 436, "Zona": 1 }, "geometry": { "type": "Point", "coordinates": [ -8247980.177999999374151, 525875.829599998891354 ] } },
{ "type": "Feature", "properties": { "NOMBRE_EST": "COLEGIO HUNZA (IED)", "NOMBRE_SED": "LA AGUADITA", "ORDEN_DE_S": "A", "DIRECCION": "KR 84 # 129 A - 40  --  KR 84 A # 129 A BIS - 40", "DISCAPACID": "AUDITIVA-FISICA-INTELECTUAL-MULTIPLE", "TALENTOS_O": "TALENTO EXCEPCIONAL EN ACTIVIDAD FISICA, EJERCICIO Y DEPORTE-TALENTO EXCEPCIONAL EN LIDERAZGO SOCIAL Y EMPRENDIMIENTO", "GRUPOS_ETN": "AFRODESCENDIENTES-INDIGENAS-NEGRITUDES", "SECTOR": 2, "NATU_JUR": 9, "CALENDARIO": 1, "GENERO": 5, "COD_LOCA": "11", "ESPECIALID": 13, "CLASE_TIPO": 1, "BILINGUE": 5, "FECHA": "2024-04-30", "DANE12_EST": "111769004188", "DANE12_SED": "111769004188", "DA_HIPOACU": 0, "DA_SORDERA": 0, "DA_LENGUAS": 0, "DA_UCASTEL": 0, "DISCAP_FIS": 0, "DISCAP_FLE": 0, "DISCAP_PCE": 0, "DI_DCOGNIT": 14, "DI_SDOWN": 0, "DIS_MULTIP": 3, "DIS_PSICOS": 0, "DV_BAJAVIS": 0, "DIS_CEGUER": 0, "T_ESPECTRO": 0, "T_VOZ_Y_HA": 0, "SISTEMICA": 0, "SORDOCEGUE": 0, "OTRA": 0, "TOT_EST_MA": 17, "AFRODESCEN": 9, "INDIGENAS": 11, "NEGRITUDES": 6, "PALENQUERO": 0, "RAIZALES": 0, "ROM": 0, "TOT_EST_ET": 26, "CAPACID_EX": 0, "DOBLE_EXCE": 0, "TE_ACTFISI": 0, "TE_ARTES": 0, "TE_CNATUR": 0, "TE_CSOCIAL": 0, "TE_LDSOCIA": 0, "TE_TECNOLO": 0, "TOT_EST_CA": 0, "TMATRIC_GE": 521, "Zona": 1 }, "geometry": { "type": "Point", "coordinates": [ -8246898.126900000497699, 526394.905600000172853 ] } },
{ "type": "Feature", "properties": { "NOMBRE_EST": "COLEGIO HUNZA (IED)", "NOMBRE_SED": "DIVINO NIÑO JESUS EL CONDOR", "ORDEN_DE_S": "B", "DIRECCION": "CL 128 B # 87 D - 05 -- SEDE ADMINISTRATIVA", "DISCAPACID": "INTELECTUAL-MULTIPLE", "TALENTOS_O": "TALENTO EXCEPCIONAL EN ACTIVIDAD FISICA, EJERCICIO Y DEPORTE-TALENTO EXCEPCIONAL EN TECNOLOGIA", "GRUPOS_ETN": "AFRODESCENDIENTES-INDIGENAS-NEGRITUDES", "SECTOR": 2, "NATU_JUR": 9, "CALENDARIO": 1, "GENERO": 5, "COD_LOCA": "11", "ESPECIALID": 1, "CLASE_TIPO": 1, "BILINGUE": 5, "FECHA": "2024-04-30", "DANE12_EST": "111769004188", "DANE12_SED": "111001086363", "DA_HIPOACU": 0, "DA_SORDERA": 0, "DA_LENGUAS": 0, "DA_UCASTEL": 0, "DISCAP_FIS": 0, "DISCAP_FLE": 0, "DISCAP_PCE": 0, "DI_DCOGNIT": 8, "DI_SDOWN": 0, "DIS_MULTIP": 1, "DIS_PSICOS": 1, "DV_BAJAVIS": 0, "DIS_CEGUER": 0, "T_ESPECTRO": 0, "T_VOZ_Y_HA": 0, "SISTEMICA": 0, "SORDOCEGUE": 0, "OTRA": 0, "TOT_EST_MA": 10, "AFRODESCEN": 8, "INDIGENAS": 7, "NEGRITUDES": 2, "PALENQUERO": 0, "RAIZALES": 0, "ROM": 0, "TOT_EST_ET": 17, "CAPACID_EX": 1, "DOBLE_EXCE": 0, "TE_ACTFISI": 1, "TE_ARTES": 0, "TE_CNATUR": 0, "TE_CSOCIAL": 0, "TE_LDSOCIA": 0, "TE_TECNOLO": 0, "TOT_EST_CA": 1, "TMATRIC_GE": 462, "Zona": 1 }, "geometry": { "type": "Point", "coordinates": [ -8247356.785499999299645, 526103.477800000458956 ] } },
{ "type": "Feature", "properties": { "NOMBRE_EST": "COLEGIO HUNZA (IED)", "NOMBRE_SED": "CIUDAD HUNZA", "ORDEN_DE_S": "C", "DIRECCION": "KR 86 B # 128 - 75", "DISCAPACID": "INTELECTUAL-MULTIPLE-SORDOCEGUERA", "TALENTOS_O": "CAPACIDADES EXCEPCIONALES-TALENTO EXCEPCIONAL EN ACTIVIDAD FISICA, EJERCICIO Y DEPORTE", "GRUPOS_ETN": "AFRODESCENDIENTES-INDIGENAS-NEGRITUDES", "SECTOR": 2, "NATU_JUR": 9, "CALENDARIO": 1, "GENERO": 5, "COD_LOCA": "11", "ESPECIALID": 13, "CLASE_TIPO": 1, "BILINGUE": 5, "FECHA": "2024-04-30", "DANE12_EST": "111769004188", "DANE12_SED": "111001086592", "DA_HIPOACU": 0, "DA_SORDERA": 0, "DA_LENGUAS": 0, "DA_UCASTEL": 0, "DISCAP_FIS": 0, "DISCAP_FLE": 0, "DISCAP_PCE": 0, "DI_DCOGNIT": 10, "DI_SDOWN": 0, "DIS_MULTIP": 1, "DIS_PSICOS": 0, "DV_BAJAVIS": 0, "DIS_CEGUER": 0, "T_ESPECTRO": 0, "T_VOZ_Y_HA": 0, "SISTEMICA": 0, "SORDOCEGUE": 0, "OTRA": 0, "TOT_EST_MA": 11, "AFRODESCEN": 5, "INDIGENAS": 6, "NEGRITUDES": 2, "PALENQUERO": 0, "RAIZALES": 0, "ROM": 0, "TOT_EST_ET": 13, "CAPACID_EX": 0, "DOBLE_EXCE": 0, "TE_ACTFISI": 0, "TE_ARTES": 0, "TE_CNATUR": 0, "TE_CSOCIAL": 0, "TE_LDSOCIA": 0, "TE_TECNOLO": 0, "TOT_EST_CA": 0, "TMATRIC_GE": 576, "Zona": 1 }, "geometry": { "type": "Point", "coordinates": [ -8247174.096899999305606, 526078.198600001633167 ] } },
{ "type": "Feature", "properties": { "NOMBRE_EST": "COLEGIO HUNZA (IED)", "NOMBRE_SED": "SEDE D", "ORDEN_DE_S": "D", "DIRECCION": "KR 88 C # 128 B - 29", "DISCAPACID": "-INTELECTUAL-", "TALENTOS_O": null, "GRUPOS_ETN": "NEGRITUDES", "SECTOR": 2, "NATU_JUR": 9, "CALENDARIO": 1, "GENERO": 5, "COD_LOCA": "11", "ESPECIALID": 13, "CLASE_TIPO": 1, "BILINGUE": 5, "FECHA": "2024-04-30", "DANE12_EST": "111769004188", "DANE12_SED": "111001110604", "DA_HIPOACU": 0, "DA_SORDERA": 0, "DA_LENGUAS": 0, "DA_UCASTEL": 0, "DISCAP_FIS": 0, "DISCAP_FLE": 0, "DISCAP_PCE": 0, "DI_DCOGNIT": 0, "DI_SDOWN": 0, "DIS_MULTIP": 1, "DIS_PSICOS": 0, "DV_BAJAVIS": 0, "DIS_CEGUER": 0, "T_ESPECTRO": 0, "T_VOZ_Y_HA": 0, "SISTEMICA": 0, "SORDOCEGUE": 0, "OTRA": 0, "TOT_EST_MA": 1, "AFRODESCEN": 1, "INDIGENAS": 1, "NEGRITUDES": 0, "PALENQUERO": 0, "RAIZALES": 0, "ROM": 0, "TOT_EST_ET": 2, "CAPACID_EX": 1, "DOBLE_EXCE": 0, "TE_ACTFISI": 0, "TE_ARTES": 1, "TE_CNATUR": 0, "TE_CSOCIAL": 0, "TE_LDSOCIA": 0, "TE_TECNOLO": 0, "TOT_EST_CA": 1, "TMATRIC_GE": 147, "Zona": 1 }, "geometry": { "type": "Point", "coordinates": [ -8247469.626700000837445, 526198.155499998480082 ] } },
{ "type": "Feature", "properties": { "NOMBRE_EST": "COLEGIO FEMENINO LORENCITA VILLEGAS DE SANTOS (IED)", "NOMBRE_SED": "SEDE A", "ORDEN_DE_S": "A", "DIRECCION": "KR 52 # 76 - 63", "DISCAPACID": "FISICA-INTELECTUAL-MENTAL/PSICOSOCIAL", "TALENTOS_O": null, "GRUPOS_ETN": "AFRODESCENDIENTES-INDIGENAS-NEGRITUDES-ROM", "SECTOR": 2, "NATU_JUR": 9, "CALENDARIO": 1, "GENERO": 1, "COD_LOCA": "12", "ESPECIALID": 1, "CLASE_TIPO": 1, "BILINGUE": 5, "FECHA": "2024-04-30", "DANE12_EST": "111001000612", "DANE12_SED": "111001000612", "DA_HIPOACU": 0, "DA_SORDERA": 0, "DA_LENGUAS": 0, "DA_UCASTEL": 0, "DISCAP_FIS": 2, "DISCAP_FLE": 0, "DISCAP_PCE": 0, "DI_DCOGNIT": 5, "DI_SDOWN": 0, "DIS_MULTIP": 0, "DIS_PSICOS": 1, "DV_BAJAVIS": 0, "DIS_CEGUER": 0, "T_ESPECTRO": 0, "T_VOZ_Y_HA": 0, "SISTEMICA": 0, "SORDOCEGUE": 0, "OTRA": 0, "TOT_EST_MA": 8, "AFRODESCEN": 2, "INDIGENAS": 2, "NEGRITUDES": 2, "PALENQUERO": 0, "RAIZALES": 0, "ROM": 1, "TOT_EST_ET": 7, "CAPACID_EX": 0, "DOBLE_EXCE": 0, "TE_ACTFISI": 0, "TE_ARTES": 0, "TE_CNATUR": 0, "TE_CSOCIAL": 0, "TE_LDSOCIA": 0, "TE_TECNOLO": 0, "TOT_EST_CA": 0, "TMATRIC_GE": 472, "Zona": 1 }, "geometry": { "type": "Point", "coordinates": [ -8245651.192800000309944, 520731.662000000476837 ] } },
{ "type": "Feature", "properties": { "NOMBRE_EST": "COLEGIO FEMENINO LORENCITA VILLEGAS DE SANTOS (IED)", "NOMBRE_SED": "SEDE B", "ORDEN_DE_S": "C", "DIRECCION": "KR 51 # 78 - 88", "DISCAPACID": "-INTELECTUAL-", "TALENTOS_O": null, "GRUPOS_ETN": null, "SECTOR": 2, "NATU_JUR": 9, "CALENDARIO": 1, "GENERO": 1, "COD_LOCA": "12", "ESPECIALID": 13, "CLASE_TIPO": 1, "BILINGUE": 5, "FECHA": "2024-04-30", "DANE12_EST": "111001000612", "DANE12_SED": "111001110124", "DA_HIPOACU": 0, "DA_SORDERA": 0, "DA_LENGUAS": 0, "DA_UCASTEL": 0, "DISCAP_FIS": 0, "DISCAP_FLE": 0, "DISCAP_PCE": 0, "DI_DCOGNIT": 0, "DI_SDOWN": 0, "DIS_MULTIP": 0, "DIS_PSICOS": 0, "DV_BAJAVIS": 0, "DIS_CEGUER": 0, "T_ESPECTRO": 0, "T_VOZ_Y_HA": 0, "SISTEMICA": 0, "SORDOCEGUE": 0, "OTRA": 0, "TOT_EST_MA": 0, "AFRODESCEN": 1, "INDIGENAS": 1, "NEGRITUDES": 0, "PALENQUERO": 0, "RAIZALES": 0, "ROM": 0, "TOT_EST_ET": 2, "CAPACID_EX": 0, "DOBLE_EXCE": 0, "TE_ACTFISI": 0, "TE_ARTES": 0, "TE_CNATUR": 0, "TE_CSOCIAL": 0, "TE_LDSOCIA": 0, "TE_TECNOLO": 0, "TOT_EST_CA": 0, "TMATRIC_GE": 156, "Zona": 1 }, "geometry": { "type": "Point", "coordinates": [ -8245481.530799999833107, 520791.938999999314547 ] } },
{ "type": "Feature", "properties": { "NOMBRE_EST": "COLEGIO TECNICO DOMINGO FAUSTINO SARMIENTO (IED)", "NOMBRE_SED": "DOMINGO FAUSTINO SARMIENTO", "ORDEN_DE_S": "A", "DIRECCION": "TV 60 C # 95 - 51", "DISCAPACID": "AUDITIVA-FISICA-INTELECTUAL-MULTIPLE", "TALENTOS_O": "TALENTO EXCEPCIONAL EN ARTES Y LETRAS", "GRUPOS_ETN": "INDIGENAS", "SECTOR": 2, "NATU_JUR": 9, "CALENDARIO": 1, "GENERO": 5, "COD_LOCA": "12", "ESPECIALID": 19, "CLASE_TIPO": 1, "BILINGUE": 5, "FECHA": "2024-04-30", "DANE12_EST": "111001008389", "DANE12_SED": "111001008389", "DA_HIPOACU": 0, "DA_SORDERA": 0, "DA_LENGUAS": 0, "DA_UCASTEL": 0, "DISCAP_FIS": 3, "DISCAP_FLE": 0, "DISCAP_PCE": 0, "DI_DCOGNIT": 12, "DI_SDOWN": 0, "DIS_MULTIP": 4, "DIS_PSICOS": 0, "DV_BAJAVIS": 0, "DIS_CEGUER": 0, "T_ESPECTRO": 0, "T_VOZ_Y_HA": 0, "SISTEMICA": 0, "SORDOCEGUE": 0, "OTRA": 0, "TOT_EST_MA": 19, "AFRODESCEN": 0, "INDIGENAS": 7, "NEGRITUDES": 0, "PALENQUERO": 0, "RAIZALES": 0, "ROM": 0, "TOT_EST_ET": 7, "CAPACID_EX": 0, "DOBLE_EXCE": 0, "TE_ACTFISI": 0, "TE_ARTES": 0, "TE_CNATUR": 0, "TE_CSOCIAL": 0, "TE_LDSOCIA": 0, "TE_TECNOLO": 0, "TOT_EST_CA": 0, "TMATRIC_GE": 632, "Zona": 1 }, "geometry": { "type": "Point", "coordinates": [ -8245050.919099999591708, 522091.501200001686811 ] } },
{ "type": "Feature", "properties": { "NOMBRE_EST": "COLEGIO TECNICO DOMINGO FAUSTINO SARMIENTO (IED)", "NOMBRE_SED": "SEVILLA", "ORDEN_DE_S": "B", "DIRECCION": "CL 91 A # 60 - 01", "DISCAPACID": "INTELECTUAL-MENTAL/PSICOSOCIAL-MULTIPLE", "TALENTOS_O": null, "GRUPOS_ETN": "INDIGENAS", "SECTOR": 2, "NATU_JUR": 9, "CALENDARIO": 1, "GENERO": 5, "COD_LOCA": "12", "ESPECIALID": 13, "CLASE_TIPO": 1, "BILINGUE": 5, "FECHA": "2024-04-30", "DANE12_EST": "111001008389", "DANE12_SED": "111001012882", "DA_HIPOACU": 0, "DA_SORDERA": 0, "DA_LENGUAS": 0, "DA_UCASTEL": 0, "DISCAP_FIS": 0, "DISCAP_FLE": 0, "DISCAP_PCE": 0, "DI_DCOGNIT": 1, "DI_SDOWN": 0, "DIS_MULTIP": 3, "DIS_PSICOS": 0, "DV_BAJAVIS": 0, "DIS_CEGUER": 0, "T_ESPECTRO": 0, "T_VOZ_Y_HA": 0, "SISTEMICA": 0, "SORDOCEGUE": 0, "OTRA": 0, "TOT_EST_MA": 4, "AFRODESCEN": 1, "INDIGENAS": 1, "NEGRITUDES": 0, "PALENQUERO": 0, "RAIZALES": 0, "ROM": 0, "TOT_EST_ET": 2, "CAPACID_EX": 0, "DOBLE_EXCE": 0, "TE_ACTFISI": 0, "TE_ARTES": 0, "TE_CNATUR": 0, "TE_CSOCIAL": 0, "TE_LDSOCIA": 0, "TE_TECNOLO": 0, "TOT_EST_CA": 0, "TMATRIC_GE": 160, "Zona": 1 }, "geometry": { "type": "Point", "coordinates": [ -8245065.0088, 521616.651000000536442 ] } },
{ "type": "Feature", "properties": { "NOMBRE_EST": "COLEGIO TECNICO DOMINGO FAUSTINO SARMIENTO (IED)", "NOMBRE_SED": "CARLOS SANZ DE SANTAMARIA", "ORDEN_DE_S": "C", "DIRECCION": "KR 56 # 94 C - 23", "DISCAPACID": "INTELECTUAL-MULTIPLE", "TALENTOS_O": "TALENTO EXCEPCIONAL EN ACTIVIDAD FISICA, EJERCICIO Y DEPORTE", "GRUPOS_ETN": null, "SECTOR": 2, "NATU_JUR": 9, "CALENDARIO": 1, "GENERO": 5, "COD_LOCA": "12", "ESPECIALID": 13, "CLASE_TIPO": 1, "BILINGUE": 5, "FECHA": "2024-04-30", "DANE12_EST": "111001008389", "DANE12_SED": "111001012904", "DA_HIPOACU": 0, "DA_SORDERA": 0, "DA_LENGUAS": 0, "DA_UCASTEL": 0, "DISCAP_FIS": 0, "DISCAP_FLE": 0, "DISCAP_PCE": 0, "DI_DCOGNIT": 4, "DI_SDOWN": 0, "DIS_MULTIP": 4, "DIS_PSICOS": 0, "DV_BAJAVIS": 0, "DIS_CEGUER": 0, "T_ESPECTRO": 0, "T_VOZ_Y_HA": 0, "SISTEMICA": 0, "SORDOCEGUE": 0, "OTRA": 0, "TOT_EST_MA": 8, "AFRODESCEN": 1, "INDIGENAS": 0, "NEGRITUDES": 0, "PALENQUERO": 0, "RAIZALES": 0, "ROM": 0, "TOT_EST_ET": 1, "CAPACID_EX": 0, "DOBLE_EXCE": 0, "TE_ACTFISI": 0, "TE_ARTES": 0, "TE_CNATUR": 0, "TE_CSOCIAL": 0, "TE_LDSOCIA": 0, "TE_TECNOLO": 0, "TOT_EST_CA": 0, "TMATRIC_GE": 193, "Zona": 1 }, "geometry": { "type": "Point", "coordinates": [ -8244697.888299999758601, 522026.429999999701977 ] } },
{ "type": "Feature", "properties": { "NOMBRE_EST": "COLEGIO TECNICO DOMINGO FAUSTINO SARMIENTO (IED)", "NOMBRE_SED": "JOSE ANTONIO RICAURTE", "ORDEN_DE_S": "D", "DIRECCION": "KR 56 # 94 - 02", "DISCAPACID": "INTELECTUAL-MENTAL/PSICOSOCIAL-MULTIPLE", "TALENTOS_O": "TALENTO EXCEPCIONAL EN ARTES Y LETRAS", "GRUPOS_ETN": "INDIGENAS", "SECTOR": 2, "NATU_JUR": 9, "CALENDARIO": 1, "GENERO": 5, "COD_LOCA": "12", "ESPECIALID": 13, "CLASE_TIPO": 1, "BILINGUE": 5, "FECHA": "2024-04-30", "DANE12_EST": "111001008389", "DANE12_SED": "111001012921", "DA_HIPOACU": 0, "DA_SORDERA": 0, "DA_LENGUAS": 0, "DA_UCASTEL": 0, "DISCAP_FIS": 0, "DISCAP_FLE": 0, "DISCAP_PCE": 0, "DI_DCOGNIT": 2, "DI_SDOWN": 0, "DIS_MULTIP": 2, "DIS_PSICOS": 0, "DV_BAJAVIS": 0, "DIS_CEGUER": 0, "T_ESPECTRO": 0, "T_VOZ_Y_HA": 0, "SISTEMICA": 0, "SORDOCEGUE": 0, "OTRA": 0, "TOT_EST_MA": 5, "AFRODESCEN": 1, "INDIGENAS": 2, "NEGRITUDES": 0, "PALENQUERO": 0, "RAIZALES": 0, "ROM": 0, "TOT_EST_ET": 3, "CAPACID_EX": 1, "DOBLE_EXCE": 0, "TE_ACTFISI": 0, "TE_ARTES": 1, "TE_CNATUR": 0, "TE_CSOCIAL": 0, "TE_LDSOCIA": 0, "TE_TECNOLO": 0, "TOT_EST_CA": 1, "TMATRIC_GE": 188, "Zona": 1 }, "geometry": { "type": "Point", "coordinates": [ -8244702.42119999974966, 521897.792300000786781 ] } },
{ "type": "Feature", "properties": { "NOMBRE_EST": "COLEGIO HELADIA MEJIA (IED)", "NOMBRE_SED": "MODELO DEL NORTE", "ORDEN_DE_S": "A", "DIRECCION": "CL 65 # 15 A - 04", "DISCAPACID": "AUDITIVA-FISICA-INTELECTUAL-MENTAL/PSICOSOCIAL-MULTIPLE-VISUAL", "TALENTOS_O": "TALENTO EXCEPCIONAL EN ACTIVIDAD FISICA, EJERCICIO Y DEPORTE-TALENTO EXCEPCIONAL EN ARTES Y LETRAS", "GRUPOS_ETN": "AFRODESCENDIENTES-NEGRITUDES", "SECTOR": 2, "NATU_JUR": 9, "CALENDARIO": 1, "GENERO": 5, "COD_LOCA": "12", "ESPECIALID": 13, "CLASE_TIPO": 1, "BILINGUE": 5, "FECHA": "2024-04-30", "DANE12_EST": "111001009148", "DANE12_SED": "111001009148", "DA_HIPOACU": 0, "DA_SORDERA": 0, "DA_LENGUAS": 0, "DA_UCASTEL": 0, "DISCAP_FIS": 1, "DISCAP_FLE": 0, "DISCAP_PCE": 0, "DI_DCOGNIT": 10, "DI_SDOWN": 0, "DIS_MULTIP": 3, "DIS_PSICOS": 0, "DV_BAJAVIS": 1, "DIS_CEGUER": 0, "T_ESPECTRO": 0, "T_VOZ_Y_HA": 0, "SISTEMICA": 0, "SORDOCEGUE": 0, "OTRA": 0, "TOT_EST_MA": 16, "AFRODESCEN": 2, "INDIGENAS": 1, "NEGRITUDES": 2, "PALENQUERO": 0, "RAIZALES": 0, "ROM": 0, "TOT_EST_ET": 5, "CAPACID_EX": 0, "DOBLE_EXCE": 0, "TE_ACTFISI": 0, "TE_ARTES": 0, "TE_CNATUR": 0, "TE_CSOCIAL": 0, "TE_LDSOCIA": 0, "TE_TECNOLO": 0, "TOT_EST_CA": 0, "TMATRIC_GE": 665, "Zona": 1 }, "geometry": { "type": "Point", "coordinates": [ -8244960.822699999436736, 518552.755699999630451 ] } },
{ "type": "Feature", "properties": { "NOMBRE_EST": "COLEGIO HELADIA MEJIA (IED)", "NOMBRE_SED": "HELADIA MEJIA HIJOS DE EDUCADORES", "ORDEN_DE_S": "B", "DIRECCION": "CL 64 # 20 - 21", "DISCAPACID": "AUDITIVA-INTELECTUAL", "TALENTOS_O": "TALENTO EXCEPCIONAL EN ARTES Y LETRAS-TALENTO EXCEPCIONAL EN CIENCIAS SOCIALES O HUMANAS-TALENTO EXCEPCIONAL EN LIDERAZGO SOCIAL Y EMPRENDIMIENTO", "GRUPOS_ETN": "AFRODESCENDIENTES-INDIGENAS", "SECTOR": 2, "NATU_JUR": 9, "CALENDARIO": 1, "GENERO": 5, "COD_LOCA": "12", "ESPECIALID": 1, "CLASE_TIPO": 1, "BILINGUE": 5, "FECHA": "2024-04-30", "DANE12_EST": "111001009148", "DANE12_SED": "111001014079", "DA_HIPOACU": 2, "DA_SORDERA": 0, "DA_LENGUAS": 0, "DA_UCASTEL": 0, "DISCAP_FIS": 0, "DISCAP_FLE": 0, "DISCAP_PCE": 0, "DI_DCOGNIT": 11, "DI_SDOWN": 0, "DIS_MULTIP": 1, "DIS_PSICOS": 0, "DV_BAJAVIS": 0, "DIS_CEGUER": 0, "T_ESPECTRO": 0, "T_VOZ_Y_HA": 0, "SISTEMICA": 0, "SORDOCEGUE": 0, "OTRA": 0, "TOT_EST_MA": 14, "AFRODESCEN": 2, "INDIGENAS": 3, "NEGRITUDES": 0, "PALENQUERO": 0, "RAIZALES": 0, "ROM": 0, "TOT_EST_ET": 5, "CAPACID_EX": 0, "DOBLE_EXCE": 0, "TE_ACTFISI": 0, "TE_ARTES": 0, "TE_CNATUR": 0, "TE_CSOCIAL": 0, "TE_LDSOCIA": 0, "TE_TECNOLO": 0, "TOT_EST_CA": 0, "TMATRIC_GE": 538, "Zona": 1 }, "geometry": { "type": "Point", "coordinates": [ -8245364.898, 518711.890399999916553 ] } },
{ "type": "Feature", "properties": { "NOMBRE_EST": "COLEGIO JORGE ELIECER GAITAN (IED)", "NOMBRE_SED": "JORGE ELIECER GAITAN", "ORDEN_DE_S": "A", "DIRECCION": "CL 66 A # 56 - 25", "DISCAPACID": "AUDITIVA-FISICA-INTELECTUAL-MENTAL/PSICOSOCIAL-MULTIPLE", "TALENTOS_O": "CAPACIDADES EXCEPCIONALES-TALENTO EXCEPCIONAL EN ACTIVIDAD FISICA, EJERCICIO Y DEPORTE-TALENTO EXCEPCIONAL EN ARTES Y LETRAS-TALENTO EXCEPCIONAL EN CIENCIAS NATURALES O BASICAS-TALENTO EXCEPCIONAL EN CIENCIAS SOCIALES O HUMANAS-TALENTO EXCEPCIONAL EN LID", "GRUPOS_ETN": "AFRODESCENDIENTES-INDIGENAS", "SECTOR": 2, "NATU_JUR": 9, "CALENDARIO": 1, "GENERO": 5, "COD_LOCA": "12", "ESPECIALID": 1, "CLASE_TIPO": 1, "BILINGUE": 5, "FECHA": "2024-04-30", "DANE12_EST": "111001010421", "DANE12_SED": "111001010421", "DA_HIPOACU": 8, "DA_SORDERA": 0, "DA_LENGUAS": 0, "DA_UCASTEL": 0, "DISCAP_FIS": 4, "DISCAP_FLE": 0, "DISCAP_PCE": 0, "DI_DCOGNIT": 9, "DI_SDOWN": 0, "DIS_MULTIP": 3, "DIS_PSICOS": 4, "DV_BAJAVIS": 0, "DIS_CEGUER": 0, "T_ESPECTRO": 0, "T_VOZ_Y_HA": 0, "SISTEMICA": 0, "SORDOCEGUE": 0, "OTRA": 0, "TOT_EST_MA": 28, "AFRODESCEN": 5, "INDIGENAS": 1, "NEGRITUDES": 0, "PALENQUERO": 0, "RAIZALES": 0, "ROM": 0, "TOT_EST_ET": 6, "CAPACID_EX": 1, "DOBLE_EXCE": 0, "TE_ACTFISI": 0, "TE_ARTES": 0, "TE_CNATUR": 0, "TE_CSOCIAL": 0, "TE_LDSOCIA": 0, "TE_TECNOLO": 0, "TOT_EST_CA": 1, "TMATRIC_GE": 801, "Zona": 1 }, "geometry": { "type": "Point", "coordinates": [ -8246668.51490000076592, 519888.350600000470877 ] } },
{ "type": "Feature", "properties": { "NOMBRE_EST": "COLEGIO JORGE ELIECER GAITAN (IED)", "NOMBRE_SED": "MANUEL MURILLO TORO", "ORDEN_DE_S": "B", "DIRECCION": "KR 58 # 71 - 89", "DISCAPACID": "AUDITIVA-FISICA-INTELECTUAL-MENTAL/PSICOSOCIAL-MULTIPLE-VISUAL", "TALENTOS_O": "TALENTO EXCEPCIONAL EN ACTIVIDAD FISICA, EJERCICIO Y DEPORTE-TALENTO EXCEPCIONAL EN CIENCIAS NATURALES O BASICAS", "GRUPOS_ETN": "INDIGENAS-NEGRITUDES", "SECTOR": 2, "NATU_JUR": 9, "CALENDARIO": 1, "GENERO": 5, "COD_LOCA": "12", "ESPECIALID": 13, "CLASE_TIPO": 1, "BILINGUE": 5, "FECHA": "2024-04-30", "DANE12_EST": "111001010421", "DANE12_SED": "111001014150", "DA_HIPOACU": 0, "DA_SORDERA": 0, "DA_LENGUAS": 0, "DA_UCASTEL": 0, "DISCAP_FIS": 3, "DISCAP_FLE": 0, "DISCAP_PCE": 0, "DI_DCOGNIT": 6, "DI_SDOWN": 0, "DIS_MULTIP": 5, "DIS_PSICOS": 3, "DV_BAJAVIS": 0, "DIS_CEGUER": 0, "T_ESPECTRO": 0, "T_VOZ_Y_HA": 0, "SISTEMICA": 0, "SORDOCEGUE": 0, "OTRA": 0, "TOT_EST_MA": 17, "AFRODESCEN": 2, "INDIGENAS": 3, "NEGRITUDES": 1, "PALENQUERO": 0, "RAIZALES": 0, "ROM": 0, "TOT_EST_ET": 6, "CAPACID_EX": 0, "DOBLE_EXCE": 0, "TE_ACTFISI": 0, "TE_ARTES": 0, "TE_CNATUR": 0, "TE_CSOCIAL": 0, "TE_LDSOCIA": 0, "TE_TECNOLO": 0, "TOT_EST_CA": 0, "TMATRIC_GE": 494, "Zona": 1 }, "geometry": { "type": "Point", "coordinates": [ -8246479.509999999776483, 520653.376899998635054 ] } },
{ "type": "Feature", "properties": { "NOMBRE_EST": "COLEGIO JORGE ELIECER GAITAN (IED)", "NOMBRE_SED": "JARDIN INFANTIL NACIONAL POPULAR No 1", "ORDEN_DE_S": "C", "DIRECCION": "CL 66 A # 54 - 40", "DISCAPACID": "MULTIPLE", "TALENTOS_O": "TALENTO EXCEPCIONAL EN ACTIVIDAD FISICA, EJERCICIO Y DEPORTE", "GRUPOS_ETN": "PALENQUEROS", "SECTOR": 2, "NATU_JUR": 9, "CALENDARIO": 1, "GENERO": 5, "COD_LOCA": "12", "ESPECIALID": 13, "CLASE_TIPO": 1, "BILINGUE": 5, "FECHA": "2024-04-30", "DANE12_EST": "111001010421", "DANE12_SED": "111001009725", "DA_HIPOACU": 0, "DA_SORDERA": 0, "DA_LENGUAS": 0, "DA_UCASTEL": 0, "DISCAP_FIS": 0, "DISCAP_FLE": 0, "DISCAP_PCE": 0, "DI_DCOGNIT": 0, "DI_SDOWN": 0, "DIS_MULTIP": 0, "DIS_PSICOS": 1, "DV_BAJAVIS": 0, "DIS_CEGUER": 0, "T_ESPECTRO": 0, "T_VOZ_Y_HA": 0, "SISTEMICA": 0, "SORDOCEGUE": 0, "OTRA": 0, "TOT_EST_MA": 1, "AFRODESCEN": 0, "INDIGENAS": 0, "NEGRITUDES": 0, "PALENQUERO": 0, "RAIZALES": 0, "ROM": 0, "TOT_EST_ET": 0, "CAPACID_EX": 0, "DOBLE_EXCE": 0, "TE_ACTFISI": 0, "TE_ARTES": 0, "TE_CNATUR": 0, "TE_CSOCIAL": 0, "TE_LDSOCIA": 0, "TE_TECNOLO": 0, "TOT_EST_CA": 0, "TMATRIC_GE": 123, "Zona": 1 }, "geometry": { "type": "Point", "coordinates": [ -8246599.129499999806285, 519853.41330000013113 ] } },
{ "type": "Feature", "properties": { "NOMBRE_EST": "COLEGIO REPUBLICA DE PANAMA (IED)", "NOMBRE_SED": "REPUBLICA DE PANAMA", "ORDEN_DE_S": "A", "DIRECCION": "KR 57 A # 74 A - 32", "DISCAPACID": "AUDITIVA-FISICA-INTELECTUAL-MENTAL/PSICOSOCIAL-MULTIPLE", "TALENTOS_O": "TALENTO EXCEPCIONAL EN ACTIVIDAD FISICA, EJERCICIO Y DEPORTE-TALENTO EXCEPCIONAL EN ARTES Y LETRAS-TALENTO EXCEPCIONAL EN CIENCIAS NATURALES O BASICAS", "GRUPOS_ETN": "NEGRITUDES", "SECTOR": 2, "NATU_JUR": 9, "CALENDARIO": 1, "GENERO": 5, "COD_LOCA": "12", "ESPECIALID": 1, "CLASE_TIPO": 1, "BILINGUE": 5, "FECHA": "2024-04-30", "DANE12_EST": "111001011088", "DANE12_SED": "111001011088", "DA_HIPOACU": 31, "DA_SORDERA": 0, "DA_LENGUAS": 0, "DA_UCASTEL": 0, "DISCAP_FIS": 2, "DISCAP_FLE": 0, "DISCAP_PCE": 0, "DI_DCOGNIT": 8, "DI_SDOWN": 0, "DIS_MULTIP": 9, "DIS_PSICOS": 0, "DV_BAJAVIS": 0, "DIS_CEGUER": 0, "T_ESPECTRO": 0, "T_VOZ_Y_HA": 0, "SISTEMICA": 0, "SORDOCEGUE": 0, "OTRA": 0, "TOT_EST_MA": 50, "AFRODESCEN": 0, "INDIGENAS": 0, "NEGRITUDES": 0, "PALENQUERO": 0, "RAIZALES": 0, "ROM": 0, "TOT_EST_ET": 0, "CAPACID_EX": 0, "DOBLE_EXCE": 0, "TE_ACTFISI": 0, "TE_ARTES": 0, "TE_CNATUR": 0, "TE_CSOCIAL": 0, "TE_LDSOCIA": 0, "TE_TECNOLO": 0, "TOT_EST_CA": 0, "TMATRIC_GE": 465, "Zona": 1 }, "geometry": { "type": "Point", "coordinates": [ -8246203.810599999502301, 520815.800000000745058 ] } },
{ "type": "Feature", "properties": { "NOMBRE_EST": "COLEGIO REPUBLICA DE PANAMA (IED)", "NOMBRE_SED": "AVENIDA CHILE", "ORDEN_DE_S": "B", "DIRECCION": "KR 62 # 70 C - 31", "DISCAPACID": "INTELECTUAL", "TALENTOS_O": null, "GRUPOS_ETN": "AFRODESCENDIENTES-INDIGENAS", "SECTOR": 2, "NATU_JUR": 9, "CALENDARIO": 1, "GENERO": 5, "COD_LOCA": "12", "ESPECIALID": 13, "CLASE_TIPO": 1, "BILINGUE": 5, "FECHA": "2024-04-30", "DANE12_EST": "111001011088", "DANE12_SED": "111001012742", "DA_HIPOACU": 0, "DA_SORDERA": 0, "DA_LENGUAS": 0, "DA_UCASTEL": 0, "DISCAP_FIS": 0, "DISCAP_FLE": 0, "DISCAP_PCE": 0, "DI_DCOGNIT": 0, "DI_SDOWN": 0, "DIS_MULTIP": 0, "DIS_PSICOS": 0, "DV_BAJAVIS": 0, "DIS_CEGUER": 0, "T_ESPECTRO": 0, "T_VOZ_Y_HA": 0, "SISTEMICA": 0, "SORDOCEGUE": 0, "OTRA": 0, "TOT_EST_MA": 0, "AFRODESCEN": 0, "INDIGENAS": 0, "NEGRITUDES": 0, "PALENQUERO": 0, "RAIZALES": 0, "ROM": 0, "TOT_EST_ET": 0, "CAPACID_EX": 0, "DOBLE_EXCE": 0, "TE_ACTFISI": 0, "TE_ARTES": 0, "TE_CNATUR": 0, "TE_CSOCIAL": 0, "TE_LDSOCIA": 0, "TE_TECNOLO": 0, "TOT_EST_CA": 0, "TMATRIC_GE": 89, "Zona": 1 }, "geometry": { "type": "Point", "coordinates": [ -8246734.790100000798702, 520810.999600000679493 ] } },
{ "type": "Feature", "properties": { "NOMBRE_EST": "COLEGIO REPUBLICA DE PANAMA (IED)", "NOMBRE_SED": "SIMON BOLIVAR", "ORDEN_DE_S": "C", "DIRECCION": "CL 78 # 58 - 60", "DISCAPACID": "AUDITIVA-INTELECTUAL", "TALENTOS_O": null, "GRUPOS_ETN": "AFRODESCENDIENTES", "SECTOR": 2, "NATU_JUR": 9, "CALENDARIO": 1, "GENERO": 5, "COD_LOCA": "12", "ESPECIALID": 13, "CLASE_TIPO": 1, "BILINGUE": 5, "FECHA": "2024-04-30", "DANE12_EST": "111001011088", "DANE12_SED": "111001012751", "DA_HIPOACU": 6, "DA_SORDERA": 0, "DA_LENGUAS": 0, "DA_UCASTEL": 0, "DISCAP_FIS": 0, "DISCAP_FLE": 0, "DISCAP_PCE": 0, "DI_DCOGNIT": 4, "DI_SDOWN": 0, "DIS_MULTIP": 1, "DIS_PSICOS": 0, "DV_BAJAVIS": 0, "DIS_CEGUER": 0, "T_ESPECTRO": 0, "T_VOZ_Y_HA": 0, "SISTEMICA": 0, "SORDOCEGUE": 0, "OTRA": 0, "TOT_EST_MA": 11, "AFRODESCEN": 2, "INDIGENAS": 0, "NEGRITUDES": 0, "PALENQUERO": 0, "RAIZALES": 0, "ROM": 0, "TOT_EST_ET": 2, "CAPACID_EX": 0, "DOBLE_EXCE": 0, "TE_ACTFISI": 0, "TE_ARTES": 0, "TE_CNATUR": 0, "TE_CSOCIAL": 0, "TE_LDSOCIA": 0, "TE_TECNOLO": 0, "TOT_EST_CA": 0, "TMATRIC_GE": 195, "Zona": 1 }, "geometry": { "type": "Point", "coordinates": [ -8246168.880699999630451, 521152.651500001549721 ] } },
{ "type": "Feature", "properties": { "NOMBRE_EST": "COLEGIO FRANCISCO PRIMERO S.S. (IED)", "NOMBRE_SED": "SEDE PRINCIPAL", "ORDEN_DE_S": "A", "DIRECCION": "KR 28 # 63 - 64", "DISCAPACID": "FISICA-INTELECTUAL-MENTAL/PSICOSOCIAL-MULTIPLE", "TALENTOS_O": "TALENTO EXCEPCIONAL EN CIENCIAS NATURALES O BASICAS", "GRUPOS_ETN": "AFRODESCENDIENTES-INDIGENAS-NEGRITUDES", "SECTOR": 2, "NATU_JUR": 9, "CALENDARIO": 1, "GENERO": 5, "COD_LOCA": "12", "ESPECIALID": 1, "CLASE_TIPO": 1, "BILINGUE": 5, "FECHA": "2024-04-30", "DANE12_EST": "111001024830", "DANE12_SED": "111001024830", "DA_HIPOACU": 0, "DA_SORDERA": 0, "DA_LENGUAS": 0, "DA_UCASTEL": 0, "DISCAP_FIS": 1, "DISCAP_FLE": 0, "DISCAP_PCE": 0, "DI_DCOGNIT": 10, "DI_SDOWN": 0, "DIS_MULTIP": 4, "DIS_PSICOS": 0, "DV_BAJAVIS": 0, "DIS_CEGUER": 0, "T_ESPECTRO": 0, "T_VOZ_Y_HA": 0, "SISTEMICA": 0, "SORDOCEGUE": 0, "OTRA": 0, "TOT_EST_MA": 15, "AFRODESCEN": 0, "INDIGENAS": 4, "NEGRITUDES": 0, "PALENQUERO": 0, "RAIZALES": 0, "ROM": 0, "TOT_EST_ET": 4, "CAPACID_EX": 0, "DOBLE_EXCE": 0, "TE_ACTFISI": 0, "TE_ARTES": 0, "TE_CNATUR": 0, "TE_CSOCIAL": 0, "TE_LDSOCIA": 0, "TE_TECNOLO": 0, "TOT_EST_CA": 0, "TMATRIC_GE": 424, "Zona": 1 }, "geometry": { "type": "Point", "coordinates": [ -8246071.476199999451637, 518443.934099998325109 ] } },
{ "type": "Feature", "properties": { "NOMBRE_EST": "COLEGIO FRANCISCO PRIMERO S.S. (IED)", "NOMBRE_SED": "SEDE B", "ORDEN_DE_S": "B", "DIRECCION": "KR 28 B # 65 - 80", "DISCAPACID": "FISICA-INTELECTUAL-MENTAL/PSICOSOCIAL-MULTIPLE", "TALENTOS_O": "TALENTO EXCEPCIONAL EN ACTIVIDAD FISICA, EJERCICIO Y DEPORTE-TALENTO EXCEPCIONAL EN ARTES Y LETRAS", "GRUPOS_ETN": "NEGRITUDES", "SECTOR": 2, "NATU_JUR": 9, "CALENDARIO": 1, "GENERO": 5, "COD_LOCA": "12", "ESPECIALID": 1, "CLASE_TIPO": 1, "BILINGUE": 5, "FECHA": "2024-04-30", "DANE12_EST": "111001024830", "DANE12_SED": "111001011991", "DA_HIPOACU": 0, "DA_SORDERA": 0, "DA_LENGUAS": 0, "DA_UCASTEL": 0, "DISCAP_FIS": 2, "DISCAP_FLE": 0, "DISCAP_PCE": 0, "DI_DCOGNIT": 15, "DI_SDOWN": 0, "DIS_MULTIP": 4, "DIS_PSICOS": 4, "DV_BAJAVIS": 0, "DIS_CEGUER": 0, "T_ESPECTRO": 0, "T_VOZ_Y_HA": 0, "SISTEMICA": 0, "SORDOCEGUE": 0, "OTRA": 0, "TOT_EST_MA": 25, "AFRODESCEN": 2, "INDIGENAS": 2, "NEGRITUDES": 1, "PALENQUERO": 0, "RAIZALES": 0, "ROM": 0, "TOT_EST_ET": 5, "CAPACID_EX": 0, "DOBLE_EXCE": 0, "TE_ACTFISI": 0, "TE_ARTES": 0, "TE_CNATUR": 0, "TE_CSOCIAL": 0, "TE_LDSOCIA": 0, "TE_TECNOLO": 0, "TOT_EST_CA": 0, "TMATRIC_GE": 321, "Zona": 1 }, "geometry": { "type": "Point", "coordinates": [ -8246015.469100000336766, 519350.78319999948144 ] } },
{ "type": "Feature", "properties": { "NOMBRE_EST": "COLEGIO FRANCISCO PRIMERO S.S. (IED)", "NOMBRE_SED": "SEDE C", "ORDEN_DE_S": "D", "DIRECCION": "KR 29 C # 71 C - 11", "DISCAPACID": "FISICA-INTELECTUAL-MENTAL/PSICOSOCIAL-MULTIPLE-SORDOCEGUERA", "TALENTOS_O": "TALENTO EXCEPCIONAL EN ACTIVIDAD FISICA, EJERCICIO Y DEPORTE", "GRUPOS_ETN": "INDIGENAS", "SECTOR": 2, "NATU_JUR": 9, "CALENDARIO": 1, "GENERO": 5, "COD_LOCA": "12", "ESPECIALID": 1, "CLASE_TIPO": 1, "BILINGUE": 5, "FECHA": "2024-04-30", "DANE12_EST": "111001024830", "DANE12_SED": "111001077321", "DA_HIPOACU": 0, "DA_SORDERA": 0, "DA_LENGUAS": 0, "DA_UCASTEL": 0, "DISCAP_FIS": 0, "DISCAP_FLE": 0, "DISCAP_PCE": 0, "DI_DCOGNIT": 6, "DI_SDOWN": 0, "DIS_MULTIP": 3, "DIS_PSICOS": 0, "DV_BAJAVIS": 0, "DIS_CEGUER": 0, "T_ESPECTRO": 0, "T_VOZ_Y_HA": 0, "SISTEMICA": 0, "SORDOCEGUE": 0, "OTRA": 0, "TOT_EST_MA": 9, "AFRODESCEN": 0, "INDIGENAS": 3, "NEGRITUDES": 0, "PALENQUERO": 0, "RAIZALES": 0, "ROM": 0, "TOT_EST_ET": 3, "CAPACID_EX": 0, "DOBLE_EXCE": 0, "TE_ACTFISI": 0, "TE_ARTES": 0, "TE_CNATUR": 0, "TE_CSOCIAL": 0, "TE_LDSOCIA": 0, "TE_TECNOLO": 0, "TOT_EST_CA": 0, "TMATRIC_GE": 335, "Zona": 1 }, "geometry": { "type": "Point", "coordinates": [ -8245805.83669999986887, 520091.110500000417233 ] } },
{ "type": "Feature", "properties": { "NOMBRE_EST": "COLEGIO RAFAEL BERNAL JIMENEZ (IED)", "NOMBRE_SED": "RAFAEL BERNAL JIMENEZ", "ORDEN_DE_S": "A", "DIRECCION": "KR 53 # 75 - 17", "DISCAPACID": "INTELECTUAL-MULTIPLE", "TALENTOS_O": "TALENTO EXCEPCIONAL EN ACTIVIDAD FISICA, EJERCICIO Y DEPORTE-TALENTO EXCEPCIONAL EN LIDERAZGO SOCIAL Y EMPRENDIMIENTO", "GRUPOS_ETN": "INDIGENAS-NEGRITUDES", "SECTOR": 2, "NATU_JUR": 9, "CALENDARIO": 1, "GENERO": 5, "COD_LOCA": "12", "ESPECIALID": 1, "CLASE_TIPO": 1, "BILINGUE": 5, "FECHA": "2024-04-30", "DANE12_EST": "111001028258", "DANE12_SED": "111001028258", "DA_HIPOACU": 0, "DA_SORDERA": 0, "DA_LENGUAS": 0, "DA_UCASTEL": 0, "DISCAP_FIS": 0, "DISCAP_FLE": 0, "DISCAP_PCE": 0, "DI_DCOGNIT": 2, "DI_SDOWN": 0, "DIS_MULTIP": 1, "DIS_PSICOS": 0, "DV_BAJAVIS": 0, "DIS_CEGUER": 0, "T_ESPECTRO": 0, "T_VOZ_Y_HA": 0, "SISTEMICA": 0, "SORDOCEGUE": 0, "OTRA": 0, "TOT_EST_MA": 3, "AFRODESCEN": 0, "INDIGENAS": 0, "NEGRITUDES": 0, "PALENQUERO": 0, "RAIZALES": 0, "ROM": 0, "TOT_EST_ET": 0, "CAPACID_EX": 0, "DOBLE_EXCE": 0, "TE_ACTFISI": 0, "TE_ARTES": 0, "TE_CNATUR": 0, "TE_CSOCIAL": 0, "TE_LDSOCIA": 0, "TE_TECNOLO": 0, "TOT_EST_CA": 0, "TMATRIC_GE": 681, "Zona": 1 }, "geometry": { "type": "Point", "coordinates": [ -8245824.439300000667572, 520644.938299998641014 ] } },
{ "type": "Feature", "properties": { "NOMBRE_EST": "COLEGIO RAFAEL BERNAL JIMENEZ (IED)", "NOMBRE_SED": "GLORIA GAITAN", "ORDEN_DE_S": "B", "DIRECCION": "KR 54 # 78 - 85", "DISCAPACID": "FISICA-INTELECTUAL", "TALENTOS_O": "TALENTO EXCEPCIONAL EN ACTIVIDAD FISICA, EJERCICIO Y DEPORTE-TALENTO EXCEPCIONAL EN ARTES Y LETRAS", "GRUPOS_ETN": "INDIGENAS", "SECTOR": 2, "NATU_JUR": 9, "CALENDARIO": 1, "GENERO": 5, "COD_LOCA": "12", "ESPECIALID": 13, "CLASE_TIPO": 1, "BILINGUE": 5, "FECHA": "2024-04-30", "DANE12_EST": "111001028258", "DANE12_SED": "111001012653", "DA_HIPOACU": 0, "DA_SORDERA": 0, "DA_LENGUAS": 0, "DA_UCASTEL": 0, "DISCAP_FIS": 1, "DISCAP_FLE": 0, "DISCAP_PCE": 0, "DI_DCOGNIT": 3, "DI_SDOWN": 0, "DIS_MULTIP": 0, "DIS_PSICOS": 0, "DV_BAJAVIS": 0, "DIS_CEGUER": 0, "T_ESPECTRO": 0, "T_VOZ_Y_HA": 0, "SISTEMICA": 0, "SORDOCEGUE": 0, "OTRA": 0, "TOT_EST_MA": 4, "AFRODESCEN": 1, "INDIGENAS": 7, "NEGRITUDES": 0, "PALENQUERO": 0, "RAIZALES": 0, "ROM": 0, "TOT_EST_ET": 8, "CAPACID_EX": 0, "DOBLE_EXCE": 0, "TE_ACTFISI": 0, "TE_ARTES": 0, "TE_CNATUR": 0, "TE_CSOCIAL": 0, "TE_LDSOCIA": 0, "TE_TECNOLO": 0, "TOT_EST_CA": 0, "TMATRIC_GE": 544, "Zona": 1 }, "geometry": { "type": "Point", "coordinates": [ -8245697.798900000751019, 520910.984000001102686 ] } },
{ "type": "Feature", "properties": { "NOMBRE_EST": "COLEGIO JUAN FRANCISCO BERBEO (IED)", "NOMBRE_SED": "JUAN FRANCISCO BERBEO", "ORDEN_DE_S": "A", "DIRECCION": "KR 28 B # 78 - 40", "DISCAPACID": "AUDITIVA-FISICA-INTELECTUAL-MENTAL/PSICOSOCIAL-MULTIPLE", "TALENTOS_O": "TALENTO EXCEPCIONAL EN ACTIVIDAD FISICA, EJERCICIO Y DEPORTE", "GRUPOS_ETN": "AFRODESCENDIENTES-INDIGENAS-NEGRITUDES", "SECTOR": 2, "NATU_JUR": 9, "CALENDARIO": 1, "GENERO": 5, "COD_LOCA": "12", "ESPECIALID": 1, "CLASE_TIPO": 1, "BILINGUE": 5, "FECHA": "2024-04-30", "DANE12_EST": "111001029912", "DANE12_SED": "111001029912", "DA_HIPOACU": 0, "DA_SORDERA": 0, "DA_LENGUAS": 0, "DA_UCASTEL": 0, "DISCAP_FIS": 3, "DISCAP_FLE": 0, "DISCAP_PCE": 0, "DI_DCOGNIT": 193, "DI_SDOWN": 0, "DIS_MULTIP": 33, "DIS_PSICOS": 7, "DV_BAJAVIS": 0, "DIS_CEGUER": 0, "T_ESPECTRO": 0, "T_VOZ_Y_HA": 0, "SISTEMICA": 0, "SORDOCEGUE": 0, "OTRA": 0, "TOT_EST_MA": 237, "AFRODESCEN": 6, "INDIGENAS": 3, "NEGRITUDES": 4, "PALENQUERO": 0, "RAIZALES": 0, "ROM": 0, "TOT_EST_ET": 13, "CAPACID_EX": 0, "DOBLE_EXCE": 0, "TE_ACTFISI": 0, "TE_ARTES": 0, "TE_CNATUR": 0, "TE_CSOCIAL": 0, "TE_LDSOCIA": 0, "TE_TECNOLO": 0, "TOT_EST_CA": 0, "TMATRIC_GE": 885, "Zona": 1 }, "geometry": { "type": "Point", "coordinates": [ -8245086.626000000163913, 520554.626400001347065 ] } },
{ "type": "Feature", "properties": { "NOMBRE_EST": "COLEGIO JUAN FRANCISCO BERBEO (IED)", "NOMBRE_SED": "POLICARPA SALAVARRIETA", "ORDEN_DE_S": "B", "DIRECCION": "CL 77 # 22 - 66", "DISCAPACID": "INTELECTUAL-MULTIPLE", "TALENTOS_O": null, "GRUPOS_ETN": "INDIGENAS", "SECTOR": 2, "NATU_JUR": 9, "CALENDARIO": 1, "GENERO": 5, "COD_LOCA": "12", "ESPECIALID": 13, "CLASE_TIPO": 1, "BILINGUE": 5, "FECHA": "2024-04-30", "DANE12_EST": "111001029912", "DANE12_SED": "111001012718", "DA_HIPOACU": 0, "DA_SORDERA": 0, "DA_LENGUAS": 0, "DA_UCASTEL": 0, "DISCAP_FIS": 0, "DISCAP_FLE": 0, "DISCAP_PCE": 0, "DI_DCOGNIT": 6, "DI_SDOWN": 0, "DIS_MULTIP": 2, "DIS_PSICOS": 0, "DV_BAJAVIS": 0, "DIS_CEGUER": 0, "T_ESPECTRO": 0, "T_VOZ_Y_HA": 0, "SISTEMICA": 0, "SORDOCEGUE": 0, "OTRA": 0, "TOT_EST_MA": 8, "AFRODESCEN": 0, "INDIGENAS": 2, "NEGRITUDES": 0, "PALENQUERO": 0, "RAIZALES": 0, "ROM": 0, "TOT_EST_ET": 2, "CAPACID_EX": 0, "DOBLE_EXCE": 0, "TE_ACTFISI": 0, "TE_ARTES": 0, "TE_CNATUR": 0, "TE_CSOCIAL": 0, "TE_LDSOCIA": 0, "TE_TECNOLO": 0, "TOT_EST_CA": 0, "TMATRIC_GE": 212, "Zona": 1 }, "geometry": { "type": "Point", "coordinates": [ -8244710.133400000631809, 520087.795499999076128 ] } },
{ "type": "Feature", "properties": { "NOMBRE_EST": "COLEGIO TOMAS CARRASQUILLA (IED)", "NOMBRE_SED": "TOMAS CARRASQUILLA", "ORDEN_DE_S": "A", "DIRECCION": "CL 74 A # 63 - 04", "DISCAPACID": "AUDITIVA-FISICA-INTELECTUAL-MENTAL/PSICOSOCIAL-MULTIPLE", "TALENTOS_O": "TALENTO EXCEPCIONAL EN ARTES Y LETRAS-TALENTO EXCEPCIONAL EN CIENCIAS SOCIALES O HUMANAS-TALENTO EXCEPCIONAL EN LIDERAZGO SOCIAL Y EMPRENDIMIENTO", "GRUPOS_ETN": "AFRODESCENDIENTES-INDIGENAS-NEGRITUDES", "SECTOR": 2, "NATU_JUR": 9, "CALENDARIO": 1, "GENERO": 5, "COD_LOCA": "12", "ESPECIALID": 12, "CLASE_TIPO": 1, "BILINGUE": 5, "FECHA": "2024-04-30", "DANE12_EST": "111001032255", "DANE12_SED": "111001032255", "DA_HIPOACU": 0, "DA_SORDERA": 0, "DA_LENGUAS": 0, "DA_UCASTEL": 0, "DISCAP_FIS": 0, "DISCAP_FLE": 0, "DISCAP_PCE": 0, "DI_DCOGNIT": 9, "DI_SDOWN": 0, "DIS_MULTIP": 7, "DIS_PSICOS": 0, "DV_BAJAVIS": 0, "DIS_CEGUER": 0, "T_ESPECTRO": 0, "T_VOZ_Y_HA": 0, "SISTEMICA": 0, "SORDOCEGUE": 0, "OTRA": 0, "TOT_EST_MA": 16, "AFRODESCEN": 1, "INDIGENAS": 4, "NEGRITUDES": 2, "PALENQUERO": 0, "RAIZALES": 0, "ROM": 0, "TOT_EST_ET": 7, "CAPACID_EX": 0, "DOBLE_EXCE": 0, "TE_ACTFISI": 0, "TE_ARTES": 0, "TE_CNATUR": 0, "TE_CSOCIAL": 0, "TE_LDSOCIA": 0, "TE_TECNOLO": 0, "TOT_EST_CA": 0, "TMATRIC_GE": 944, "Zona": 1 }, "geometry": { "type": "Point", "coordinates": [ -8246608.933399999514222, 521104.078400000929832 ] } },
{ "type": "Feature", "properties": { "NOMBRE_EST": "COLEGIO TOMAS CARRASQUILLA (IED)", "NOMBRE_SED": "PANAMERICANA", "ORDEN_DE_S": "B", "DIRECCION": "CL 75 A # 63 - 55", "DISCAPACID": "INTELECTUAL-MENTAL/PSICOSOCIAL-MULTIPLE", "TALENTOS_O": "TALENTO EXCEPCIONAL EN ACTIVIDAD FISICA, EJERCICIO Y DEPORTE-TALENTO EXCEPCIONAL EN ARTES Y LETRAS-TALENTO EXCEPCIONAL EN CIENCIAS NATURALES O BASICAS", "GRUPOS_ETN": "AFRODESCENDIENTES-INDIGENAS-NEGRITUDES", "SECTOR": 2, "NATU_JUR": 9, "CALENDARIO": 1, "GENERO": 5, "COD_LOCA": "12", "ESPECIALID": 13, "CLASE_TIPO": 1, "BILINGUE": 5, "FECHA": "2024-04-30", "DANE12_EST": "111001032255", "DANE12_SED": "111001045713", "DA_HIPOACU": 0, "DA_SORDERA": 0, "DA_LENGUAS": 0, "DA_UCASTEL": 0, "DISCAP_FIS": 1, "DISCAP_FLE": 0, "DISCAP_PCE": 0, "DI_DCOGNIT": 4, "DI_SDOWN": 0, "DIS_MULTIP": 3, "DIS_PSICOS": 0, "DV_BAJAVIS": 0, "DIS_CEGUER": 0, "T_ESPECTRO": 0, "T_VOZ_Y_HA": 0, "SISTEMICA": 0, "SORDOCEGUE": 0, "OTRA": 0, "TOT_EST_MA": 8, "AFRODESCEN": 1, "INDIGENAS": 0, "NEGRITUDES": 2, "PALENQUERO": 0, "RAIZALES": 0, "ROM": 0, "TOT_EST_ET": 3, "CAPACID_EX": 0, "DOBLE_EXCE": 0, "TE_ACTFISI": 0, "TE_ARTES": 0, "TE_CNATUR": 0, "TE_CSOCIAL": 0, "TE_LDSOCIA": 0, "TE_TECNOLO": 0, "TOT_EST_CA": 0, "TMATRIC_GE": 582, "Zona": 1 }, "geometry": { "type": "Point", "coordinates": [ -8246588.49070000089705, 521208.174600001424551 ] } },
{ "type": "Feature", "properties": { "NOMBRE_EST": "COLEGIO MANUELA BELTRAN (IED)", "NOMBRE_SED": "MANUELA BELTRAN", "ORDEN_DE_S": "A", "DIRECCION": "KR 14 A # 57 - 28", "DISCAPACID": "AUDITIVA-FISICA-INTELECTUAL-MENTAL/PSICOSOCIAL-MULTIPLE", "TALENTOS_O": "TALENTO EXCEPCIONAL EN ACTIVIDAD FISICA, EJERCICIO Y DEPORTE-TALENTO EXCEPCIONAL EN ARTES Y LETRAS-TALENTO EXCEPCIONAL EN LIDERAZGO SOCIAL Y EMPRENDIMIENTO-TALENTO EXCEPCIONAL EN TECNOLOGIA", "GRUPOS_ETN": "AFRODESCENDIENTES-INDIGENAS-NEGRITUDES", "SECTOR": 2, "NATU_JUR": 9, "CALENDARIO": 1, "GENERO": 5, "COD_LOCA": "13", "ESPECIALID": 16, "CLASE_TIPO": 1, "BILINGUE": 5, "FECHA": "2024-04-30", "DANE12_EST": "111001010731", "DANE12_SED": "111001010731", "DA_HIPOACU": 40, "DA_SORDERA": 0, "DA_LENGUAS": 0, "DA_UCASTEL": 0, "DISCAP_FIS": 4, "DISCAP_FLE": 0, "DISCAP_PCE": 0, "DI_DCOGNIT": 7, "DI_SDOWN": 0, "DIS_MULTIP": 7, "DIS_PSICOS": 3, "DV_BAJAVIS": 1, "DIS_CEGUER": 0, "T_ESPECTRO": 0, "T_VOZ_Y_HA": 0, "SISTEMICA": 0, "SORDOCEGUE": 0, "OTRA": 0, "TOT_EST_MA": 62, "AFRODESCEN": 8, "INDIGENAS": 12, "NEGRITUDES": 4, "PALENQUERO": 0, "RAIZALES": 0, "ROM": 0, "TOT_EST_ET": 24, "CAPACID_EX": 0, "DOBLE_EXCE": 0, "TE_ACTFISI": 0, "TE_ARTES": 0, "TE_CNATUR": 0, "TE_CSOCIAL": 0, "TE_LDSOCIA": 0, "TE_TECNOLO": 0, "TOT_EST_CA": 0, "TMATRIC_GE": 1019, "Zona": 1 }, "geometry": { "type": "Point", "coordinates": [ -8245036.465399999171495, 517585.342799998819828 ] } },
{ "type": "Feature", "properties": { "NOMBRE_EST": "COLEGIO MANUELA BELTRAN (IED)", "NOMBRE_SED": "ANTONIO NARIÑO", "ORDEN_DE_S": "B", "DIRECCION": "KR 32 A # 27 - 18", "DISCAPACID": "FISICA-INTELECTUAL-MENTAL/PSICOSOCIAL-MULTIPLE-VISUAL", "TALENTOS_O": "TALENTO EXCEPCIONAL EN ACTIVIDAD FISICA, EJERCICIO Y DEPORTE-TALENTO EXCEPCIONAL EN ARTES Y LETRAS", "GRUPOS_ETN": "AFRODESCENDIENTES-INDIGENAS", "SECTOR": 2, "NATU_JUR": 9, "CALENDARIO": 1, "GENERO": 5, "COD_LOCA": "13", "ESPECIALID": 13, "CLASE_TIPO": 1, "BILINGUE": 5, "FECHA": "2024-04-30", "DANE12_EST": "111001010731", "DANE12_SED": "111001012122", "DA_HIPOACU": 0, "DA_SORDERA": 0, "DA_LENGUAS": 0, "DA_UCASTEL": 0, "DISCAP_FIS": 2, "DISCAP_FLE": 0, "DISCAP_PCE": 0, "DI_DCOGNIT": 6, "DI_SDOWN": 0, "DIS_MULTIP": 4, "DIS_PSICOS": 1, "DV_BAJAVIS": 1, "DIS_CEGUER": 0, "T_ESPECTRO": 0, "T_VOZ_Y_HA": 0, "SISTEMICA": 0, "SORDOCEGUE": 0, "OTRA": 0, "TOT_EST_MA": 14, "AFRODESCEN": 1, "INDIGENAS": 5, "NEGRITUDES": 0, "PALENQUERO": 0, "RAIZALES": 0, "ROM": 0, "TOT_EST_ET": 6, "CAPACID_EX": 1, "DOBLE_EXCE": 0, "TE_ACTFISI": 1, "TE_ARTES": 0, "TE_CNATUR": 0, "TE_CSOCIAL": 0, "TE_LDSOCIA": 0, "TE_TECNOLO": 0, "TOT_EST_CA": 1, "TMATRIC_GE": 534, "Zona": 1 }, "geometry": { "type": "Point", "coordinates": [ -8246735.853199999779463, 515939.273899998515844 ] } },
{ "type": "Feature", "properties": { "NOMBRE_EST": "COLEGIO TECNICO PALERMO (IED)", "NOMBRE_SED": "PALERMO", "ORDEN_DE_S": "A", "DIRECCION": "KR 23 # 49 - 37", "DISCAPACID": "AUDITIVA-FISICA-INTELECTUAL-MENTAL/PSICOSOCIAL-MULTIPLE", "TALENTOS_O": "CAPACIDADES EXCEPCIONALES-TALENTO EXCEPCIONAL EN ACTIVIDAD FISICA, EJERCICIO Y DEPORTE-TALENTO EXCEPCIONAL EN ARTES Y LETRAS-TALENTO EXCEPCIONAL EN LIDERAZGO SOCIAL Y EMPRENDIMIENTO-TALENTO EXCEPCIONAL EN TECNOLOGIA", "GRUPOS_ETN": "AFRODESCENDIENTES-INDIGENAS-NEGRITUDES-PALENQUEROS-RAIZALES", "SECTOR": 2, "NATU_JUR": 9, "CALENDARIO": 1, "GENERO": 5, "COD_LOCA": "13", "ESPECIALID": 19, "CLASE_TIPO": 1, "BILINGUE": 5, "FECHA": "2024-04-30", "DANE12_EST": "111001094897", "DANE12_SED": "111001094897", "DA_HIPOACU": 0, "DA_SORDERA": 0, "DA_LENGUAS": 0, "DA_UCASTEL": 0, "DISCAP_FIS": 7, "DISCAP_FLE": 0, "DISCAP_PCE": 0, "DI_DCOGNIT": 12, "DI_SDOWN": 0, "DIS_MULTIP": 6, "DIS_PSICOS": 1, "DV_BAJAVIS": 0, "DIS_CEGUER": 0, "T_ESPECTRO": 0, "T_VOZ_Y_HA": 0, "SISTEMICA": 0, "SORDOCEGUE": 0, "OTRA": 0, "TOT_EST_MA": 27, "AFRODESCEN": 5, "INDIGENAS": 5, "NEGRITUDES": 4, "PALENQUERO": 2, "RAIZALES": 1, "ROM": 0, "TOT_EST_ET": 17, "CAPACID_EX": 1, "DOBLE_EXCE": 1, "TE_ACTFISI": 0, "TE_ARTES": 0, "TE_CNATUR": 0, "TE_CSOCIAL": 0, "TE_LDSOCIA": 0, "TE_TECNOLO": 0, "TOT_EST_CA": 1, "TMATRIC_GE": 1275, "Zona": 1 }, "geometry": { "type": "Point", "coordinates": [ -8245905.625700000673532, 516876.646699998527765 ] } },
{ "type": "Feature", "properties": { "NOMBRE_EST": "COLEGIO EDUARDO SANTOS (IED)", "NOMBRE_SED": "EDUARDO SANTOS", "ORDEN_DE_S": "A", "DIRECCION": "KR 19 A BIS # 1 C - 55", "DISCAPACID": "FISICA-INTELECTUAL-MENTAL/PSICOSOCIAL-MULTIPLE-VISUAL", "TALENTOS_O": null, "GRUPOS_ETN": "AFRODESCENDIENTES-INDIGENAS", "SECTOR": 2, "NATU_JUR": 9, "CALENDARIO": 1, "GENERO": 5, "COD_LOCA": "14", "ESPECIALID": 1, "CLASE_TIPO": 1, "BILINGUE": 5, "FECHA": "2024-04-30", "DANE12_EST": "111001014001", "DANE12_SED": "111001014001", "DA_HIPOACU": 0, "DA_SORDERA": 0, "DA_LENGUAS": 0, "DA_UCASTEL": 0, "DISCAP_FIS": 2, "DISCAP_FLE": 0, "DISCAP_PCE": 0, "DI_DCOGNIT": 19, "DI_SDOWN": 0, "DIS_MULTIP": 6, "DIS_PSICOS": 2, "DV_BAJAVIS": 1, "DIS_CEGUER": 0, "T_ESPECTRO": 0, "T_VOZ_Y_HA": 0, "SISTEMICA": 0, "SORDOCEGUE": 0, "OTRA": 0, "TOT_EST_MA": 30, "AFRODESCEN": 5, "INDIGENAS": 7, "NEGRITUDES": 1, "PALENQUERO": 0, "RAIZALES": 0, "ROM": 0, "TOT_EST_ET": 13, "CAPACID_EX": 0, "DOBLE_EXCE": 0, "TE_ACTFISI": 0, "TE_ARTES": 0, "TE_CNATUR": 0, "TE_CSOCIAL": 0, "TE_LDSOCIA": 0, "TE_TECNOLO": 0, "TOT_EST_CA": 0, "TMATRIC_GE": 1037, "Zona": 1 }, "geometry": { "type": "Point", "coordinates": [ -8247906.416600000113249, 511995.76969999819994 ] } },
{ "type": "Feature", "properties": { "NOMBRE_EST": "COLEGIO EDUARDO SANTOS (IED)", "NOMBRE_SED": "SEDE B", "ORDEN_DE_S": "B", "DIRECCION": "KR 24 # 1 H - 19", "DISCAPACID": "INTELECTUAL-MULTIPLE", "TALENTOS_O": null, "GRUPOS_ETN": null, "SECTOR": 2, "NATU_JUR": 9, "CALENDARIO": 1, "GENERO": 5, "COD_LOCA": "14", "ESPECIALID": 1, "CLASE_TIPO": 1, "BILINGUE": 5, "FECHA": "2024-04-30", "DANE12_EST": "111001014001", "DANE12_SED": "111001110388", "DA_HIPOACU": 0, "DA_SORDERA": 0, "DA_LENGUAS": 0, "DA_UCASTEL": 0, "DISCAP_FIS": 0, "DISCAP_FLE": 0, "DISCAP_PCE": 0, "DI_DCOGNIT": 1, "DI_SDOWN": 0, "DIS_MULTIP": 5, "DIS_PSICOS": 0, "DV_BAJAVIS": 0, "DIS_CEGUER": 0, "T_ESPECTRO": 0, "T_VOZ_Y_HA": 0, "SISTEMICA": 0, "SORDOCEGUE": 0, "OTRA": 0, "TOT_EST_MA": 6, "AFRODESCEN": 0, "INDIGENAS": 0, "NEGRITUDES": 0, "PALENQUERO": 0, "RAIZALES": 0, "ROM": 0, "TOT_EST_ET": 0, "CAPACID_EX": 0, "DOBLE_EXCE": 0, "TE_ACTFISI": 0, "TE_ARTES": 0, "TE_CNATUR": 0, "TE_CSOCIAL": 0, "TE_LDSOCIA": 0, "TE_TECNOLO": 0, "TOT_EST_CA": 0, "TMATRIC_GE": 130, "Zona": 1 }, "geometry": { "type": "Point", "coordinates": [ -8248307.279200000688434, 512265.142599999904633 ] } },
{ "type": "Feature", "properties": { "NOMBRE_EST": "COLEGIO REPUBLICA BOLIVARIANA DE VENEZUELA (IED)", "NOMBRE_SED": "REPUBLICA BOLIVARIANA DE VENEZUELA", "ORDEN_DE_S": "A", "DIRECCION": "CL 22 A # 18 B - 42", "DISCAPACID": "AUDITIVA-INTELECTUAL-MENTAL/PSICOSOCIAL-MULTIPLE", "TALENTOS_O": null, "GRUPOS_ETN": "AFRODESCENDIENTES-INDIGENAS-NEGRITUDES", "SECTOR": 2, "NATU_JUR": 9, "CALENDARIO": 1, "GENERO": 5, "COD_LOCA": "14", "ESPECIALID": 1, "CLASE_TIPO": 1, "BILINGUE": 5, "FECHA": "2024-04-30", "DANE12_EST": "111001016250", "DANE12_SED": "111001016250", "DA_HIPOACU": 0, "DA_SORDERA": 0, "DA_LENGUAS": 0, "DA_UCASTEL": 0, "DISCAP_FIS": 0, "DISCAP_FLE": 0, "DISCAP_PCE": 0, "DI_DCOGNIT": 40, "DI_SDOWN": 0, "DIS_MULTIP": 46, "DIS_PSICOS": 3, "DV_BAJAVIS": 0, "DIS_CEGUER": 0, "T_ESPECTRO": 0, "T_VOZ_Y_HA": 0, "SISTEMICA": 0, "SORDOCEGUE": 0, "OTRA": 0, "TOT_EST_MA": 89, "AFRODESCEN": 7, "INDIGENAS": 1, "NEGRITUDES": 1, "PALENQUERO": 0, "RAIZALES": 0, "ROM": 0, "TOT_EST_ET": 9, "CAPACID_EX": 0, "DOBLE_EXCE": 0, "TE_ACTFISI": 0, "TE_ARTES": 0, "TE_CNATUR": 0, "TE_CSOCIAL": 0, "TE_LDSOCIA": 0, "TE_TECNOLO": 0, "TOT_EST_CA": 0, "TMATRIC_GE": 374, "Zona": 1 }, "geometry": { "type": "Point", "coordinates": [ -8246489.161399999633431, 514312.202100001275539 ] } },
{ "type": "Feature", "properties": { "NOMBRE_EST": "COLEGIO REPUBLICA BOLIVARIANA DE VENEZUELA (IED)", "NOMBRE_SED": "SAMPER MENDOZA", "ORDEN_DE_S": "B", "DIRECCION": "CL 22 A # 25 - 52", "DISCAPACID": "AUDITIVA-FISICA-INTELECTUAL-MENTAL/PSICOSOCIAL-MULTIPLE", "TALENTOS_O": "TALENTO EXCEPCIONAL EN ACTIVIDAD FISICA, EJERCICIO Y DEPORTE", "GRUPOS_ETN": "AFRODESCENDIENTES-INDIGENAS-NEGRITUDES", "SECTOR": 2, "NATU_JUR": 9, "CALENDARIO": 1, "GENERO": 5, "COD_LOCA": "14", "ESPECIALID": 13, "CLASE_TIPO": 1, "BILINGUE": 5, "FECHA": "2024-04-30", "DANE12_EST": "111001016250", "DANE12_SED": "111001016195", "DA_HIPOACU": 0, "DA_SORDERA": 0, "DA_LENGUAS": 0, "DA_UCASTEL": 0, "DISCAP_FIS": 0, "DISCAP_FLE": 0, "DISCAP_PCE": 0, "DI_DCOGNIT": 17, "DI_SDOWN": 0, "DIS_MULTIP": 52, "DIS_PSICOS": 4, "DV_BAJAVIS": 0, "DIS_CEGUER": 0, "T_ESPECTRO": 0, "T_VOZ_Y_HA": 0, "SISTEMICA": 0, "SORDOCEGUE": 0, "OTRA": 0, "TOT_EST_MA": 73, "AFRODESCEN": 6, "INDIGENAS": 0, "NEGRITUDES": 1, "PALENQUERO": 0, "RAIZALES": 0, "ROM": 0, "TOT_EST_ET": 7, "CAPACID_EX": 0, "DOBLE_EXCE": 0, "TE_ACTFISI": 0, "TE_ARTES": 0, "TE_CNATUR": 0, "TE_CSOCIAL": 0, "TE_LDSOCIA": 0, "TE_TECNOLO": 0, "TOT_EST_CA": 0, "TMATRIC_GE": 367, "Zona": 1 }, "geometry": { "type": "Point", "coordinates": [ -8246904.176000000908971, 514677.293999999761581 ] } },
{ "type": "Feature", "properties": { "NOMBRE_EST": "COLEGIO SAN FRANCISCO DE ASIS (IED)", "NOMBRE_SED": "POLITECNICO NACIONAL FEMENINO", "ORDEN_DE_S": "A", "DIRECCION": "DG 1  # 19 - 79  --  CL 1 C BIS # 19 - 79", "DISCAPACID": "AUDITIVA-INTELECTUAL-MENTAL/PSICOSOCIAL-MULTIPLE-VISUAL", "TALENTOS_O": "TALENTO EXCEPCIONAL EN ACTIVIDAD FISICA, EJERCICIO Y DEPORTE", "GRUPOS_ETN": "INDIGENAS", "SECTOR": 2, "NATU_JUR": 9, "CALENDARIO": 1, "GENERO": 5, "COD_LOCA": "14", "ESPECIALID": 1, "CLASE_TIPO": 1, "BILINGUE": 5, "FECHA": "2024-04-30", "DANE12_EST": "111001016772", "DANE12_SED": "111001016772", "DA_HIPOACU": 4, "DA_SORDERA": 0, "DA_LENGUAS": 0, "DA_UCASTEL": 0, "DISCAP_FIS": 0, "DISCAP_FLE": 0, "DISCAP_PCE": 0, "DI_DCOGNIT": 17, "DI_SDOWN": 0, "DIS_MULTIP": 1, "DIS_PSICOS": 16, "DV_BAJAVIS": 1, "DIS_CEGUER": 0, "T_ESPECTRO": 0, "T_VOZ_Y_HA": 0, "SISTEMICA": 0, "SORDOCEGUE": 0, "OTRA": 0, "TOT_EST_MA": 39, "AFRODESCEN": 0, "INDIGENAS": 7, "NEGRITUDES": 0, "PALENQUERO": 0, "RAIZALES": 0, "ROM": 0, "TOT_EST_ET": 7, "CAPACID_EX": 0, "DOBLE_EXCE": 0, "TE_ACTFISI": 0, "TE_ARTES": 0, "TE_CNATUR": 0, "TE_CSOCIAL": 0, "TE_LDSOCIA": 0, "TE_TECNOLO": 0, "TOT_EST_CA": 0, "TMATRIC_GE": 575, "Zona": 1 }, "geometry": { "type": "Point", "coordinates": [ -8247910.739099999889731, 511971.823800001293421 ] } },
{ "type": "Feature", "properties": { "NOMBRE_EST": "COLEGIO SAN FRANCISCO DE ASIS (IED)", "NOMBRE_SED": "EMMA VILLEGAS DE GAITAN", "ORDEN_DE_S": "B", "DIRECCION": "KR 21 # 1 H - 06", "DISCAPACID": "AUDITIVA-FISICA-INTELECTUAL-MENTAL/PSICOSOCIAL-MULTIPLE-VISUAL", "TALENTOS_O": "CAPACIDADES EXCEPCIONALES-TALENTO EXCEPCIONAL EN ACTIVIDAD FISICA, EJERCICIO Y DEPORTE-TALENTO EXCEPCIONAL EN ARTES Y LETRAS-TALENTO EXCEPCIONAL EN LIDERAZGO SOCIAL Y EMPRENDIMIENTO", "GRUPOS_ETN": "AFRODESCENDIENTES-INDIGENAS", "SECTOR": 2, "NATU_JUR": 9, "CALENDARIO": 1, "GENERO": 5, "COD_LOCA": "14", "ESPECIALID": 13, "CLASE_TIPO": 1, "BILINGUE": 5, "FECHA": "2024-04-30", "DANE12_EST": "111001016772", "DANE12_SED": "111001016225", "DA_HIPOACU": 0, "DA_SORDERA": 0, "DA_LENGUAS": 0, "DA_UCASTEL": 0, "DISCAP_FIS": 1, "DISCAP_FLE": 0, "DISCAP_PCE": 0, "DI_DCOGNIT": 13, "DI_SDOWN": 0, "DIS_MULTIP": 6, "DIS_PSICOS": 2, "DV_BAJAVIS": 1, "DIS_CEGUER": 0, "T_ESPECTRO": 0, "T_VOZ_Y_HA": 0, "SISTEMICA": 0, "SORDOCEGUE": 0, "OTRA": 0, "TOT_EST_MA": 24, "AFRODESCEN": 3, "INDIGENAS": 3, "NEGRITUDES": 0, "PALENQUERO": 0, "RAIZALES": 0, "ROM": 0, "TOT_EST_ET": 6, "CAPACID_EX": 0, "DOBLE_EXCE": 0, "TE_ACTFISI": 0, "TE_ARTES": 0, "TE_CNATUR": 0, "TE_CSOCIAL": 0, "TE_LDSOCIA": 0, "TE_TECNOLO": 0, "TOT_EST_CA": 0, "TMATRIC_GE": 609, "Zona": 1 }, "geometry": { "type": "Point", "coordinates": [ -8248137.339999999850988, 512213.53319999948144 ] } },
{ "type": "Feature", "properties": { "NOMBRE_EST": "COLEGIO LICEO NACIONAL ANTONIA SANTOS (IED)", "NOMBRE_SED": "ANTONIA SANTOS", "ORDEN_DE_S": "A", "DIRECCION": "KR 22 # 12 - 49", "DISCAPACID": "FISICA-INTELECTUAL-MENTAL/PSICOSOCIAL-MULTIPLE", "TALENTOS_O": "TALENTO EXCEPCIONAL EN ACTIVIDAD FISICA, EJERCICIO Y DEPORTE", "GRUPOS_ETN": "AFRODESCENDIENTES-INDIGENAS-NEGRITUDES", "SECTOR": 2, "NATU_JUR": 9, "CALENDARIO": 1, "GENERO": 5, "COD_LOCA": "14", "ESPECIALID": 1, "CLASE_TIPO": 1, "BILINGUE": 5, "FECHA": "2024-04-30", "DANE12_EST": "111001019526", "DANE12_SED": "111001019526", "DA_HIPOACU": 0, "DA_SORDERA": 0, "DA_LENGUAS": 0, "DA_UCASTEL": 0, "DISCAP_FIS": 3, "DISCAP_FLE": 0, "DISCAP_PCE": 0, "DI_DCOGNIT": 10, "DI_SDOWN": 0, "DIS_MULTIP": 4, "DIS_PSICOS": 1, "DV_BAJAVIS": 0, "DIS_CEGUER": 0, "T_ESPECTRO": 0, "T_VOZ_Y_HA": 0, "SISTEMICA": 0, "SORDOCEGUE": 0, "OTRA": 0, "TOT_EST_MA": 18, "AFRODESCEN": 8, "INDIGENAS": 53, "NEGRITUDES": 1, "PALENQUERO": 0, "RAIZALES": 0, "ROM": 0, "TOT_EST_ET": 62, "CAPACID_EX": 0, "DOBLE_EXCE": 0, "TE_ACTFISI": 0, "TE_ARTES": 0, "TE_CNATUR": 0, "TE_CSOCIAL": 0, "TE_LDSOCIA": 0, "TE_TECNOLO": 0, "TOT_EST_CA": 0, "TMATRIC_GE": 852, "Zona": 1 }, "geometry": { "type": "Point", "coordinates": [ -8247437.839400000870228, 513547.944099999964237 ] } },
{ "type": "Feature", "properties": { "NOMBRE_EST": "COLEGIO LICEO NACIONAL ANTONIA SANTOS (IED)", "NOMBRE_SED": "SEDE B", "ORDEN_DE_S": "B", "DIRECCION": "CL 12 # 21 - 14", "DISCAPACID": "FISICA-INTELECTUAL-MENTAL/PSICOSOCIAL-MULTIPLE", "TALENTOS_O": "CAPACIDADES EXCEPCIONALES-TALENTO EXCEPCIONAL EN ACTIVIDAD FISICA, EJERCICIO Y DEPORTE", "GRUPOS_ETN": "AFRODESCENDIENTES-INDIGENAS-NEGRITUDES-RAIZALES", "SECTOR": 2, "NATU_JUR": 9, "CALENDARIO": 1, "GENERO": 5, "COD_LOCA": "14", "ESPECIALID": 13, "CLASE_TIPO": 1, "BILINGUE": 5, "FECHA": "2024-04-30", "DANE12_EST": "111001019526", "DANE12_SED": "111001800066", "DA_HIPOACU": 0, "DA_SORDERA": 0, "DA_LENGUAS": 0, "DA_UCASTEL": 0, "DISCAP_FIS": 3, "DISCAP_FLE": 0, "DISCAP_PCE": 0, "DI_DCOGNIT": 10, "DI_SDOWN": 0, "DIS_MULTIP": 2, "DIS_PSICOS": 1, "DV_BAJAVIS": 0, "DIS_CEGUER": 0, "T_ESPECTRO": 0, "T_VOZ_Y_HA": 0, "SISTEMICA": 0, "SORDOCEGUE": 0, "OTRA": 0, "TOT_EST_MA": 16, "AFRODESCEN": 6, "INDIGENAS": 76, "NEGRITUDES": 1, "PALENQUERO": 0, "RAIZALES": 0, "ROM": 0, "TOT_EST_ET": 83, "CAPACID_EX": 1, "DOBLE_EXCE": 0, "TE_ACTFISI": 0, "TE_ARTES": 1, "TE_CNATUR": 0, "TE_CSOCIAL": 0, "TE_LDSOCIA": 0, "TE_TECNOLO": 0, "TOT_EST_CA": 1, "TMATRIC_GE": 734, "Zona": 1 }, "geometry": { "type": "Point", "coordinates": [ -8247439.419099999591708, 513496.238499999046326 ] } },
{ "type": "Feature", "properties": { "NOMBRE_EST": "COLEGIO LICEO NACIONAL AGUSTIN NIETO CABALLERO (IED)", "NOMBRE_SED": "AGUSTIN NIETO CABALLERO", "ORDEN_DE_S": "A", "DIRECCION": "KR 19 # 11 - 17", "DISCAPACID": "AUDITIVA-INTELECTUAL-MENTAL/PSICOSOCIAL-MULTIPLE", "TALENTOS_O": "TALENTO EXCEPCIONAL EN ARTES Y LETRAS", "GRUPOS_ETN": "AFRODESCENDIENTES-INDIGENAS-NEGRITUDES", "SECTOR": 2, "NATU_JUR": 9, "CALENDARIO": 1, "GENERO": 5, "COD_LOCA": "14", "ESPECIALID": 12, "CLASE_TIPO": 1, "BILINGUE": 5, "FECHA": "2024-04-30", "DANE12_EST": "111001025313", "DANE12_SED": "111001025313", "DA_HIPOACU": 2, "DA_SORDERA": 0, "DA_LENGUAS": 0, "DA_UCASTEL": 0, "DISCAP_FIS": 0, "DISCAP_FLE": 0, "DISCAP_PCE": 0, "DI_DCOGNIT": 14, "DI_SDOWN": 0, "DIS_MULTIP": 1, "DIS_PSICOS": 3, "DV_BAJAVIS": 0, "DIS_CEGUER": 0, "T_ESPECTRO": 0, "T_VOZ_Y_HA": 0, "SISTEMICA": 0, "SORDOCEGUE": 0, "OTRA": 0, "TOT_EST_MA": 20, "AFRODESCEN": 8, "INDIGENAS": 21, "NEGRITUDES": 1, "PALENQUERO": 0, "RAIZALES": 0, "ROM": 0, "TOT_EST_ET": 30, "CAPACID_EX": 0, "DOBLE_EXCE": 0, "TE_ACTFISI": 0, "TE_ARTES": 0, "TE_CNATUR": 0, "TE_CSOCIAL": 0, "TE_LDSOCIA": 0, "TE_TECNOLO": 0, "TOT_EST_CA": 0, "TMATRIC_GE": 731, "Zona": 1 }, "geometry": { "type": "Point", "coordinates": [ -8247205.686000000685453, 513234.368700001388788 ] } },
{ "type": "Feature", "properties": { "NOMBRE_EST": "COLEGIO TECNICO MENORAH (IED)", "NOMBRE_SED": "MENORAH", "ORDEN_DE_S": "A", "DIRECCION": "KR 19 A # 1 C - 19", "DISCAPACID": "FISICA-INTELECTUAL-MULTIPLE-VISUAL", "TALENTOS_O": "CAPACIDADES EXCEPCIONALES-TALENTO EXCEPCIONAL EN ACTIVIDAD FISICA, EJERCICIO Y DEPORTE-TALENTO EXCEPCIONAL EN ARTES Y LETRAS-TALENTO EXCEPCIONAL EN CIENCIAS SOCIALES O HUMANAS-TALENTO EXCEPCIONAL EN LIDERAZGO SOCIAL Y EMPRENDIMIENTO", "GRUPOS_ETN": "AFRODESCENDIENTES-INDIGENAS", "SECTOR": 2, "NATU_JUR": 9, "CALENDARIO": 1, "GENERO": 1, "COD_LOCA": "14", "ESPECIALID": 9, "CLASE_TIPO": 1, "BILINGUE": 5, "FECHA": "2024-04-30", "DANE12_EST": "111001026069", "DANE12_SED": "111001026069", "DA_HIPOACU": 0, "DA_SORDERA": 0, "DA_LENGUAS": 0, "DA_UCASTEL": 0, "DISCAP_FIS": 2, "DISCAP_FLE": 0, "DISCAP_PCE": 0, "DI_DCOGNIT": 12, "DI_SDOWN": 0, "DIS_MULTIP": 5, "DIS_PSICOS": 0, "DV_BAJAVIS": 2, "DIS_CEGUER": 0, "T_ESPECTRO": 0, "T_VOZ_Y_HA": 0, "SISTEMICA": 0, "SORDOCEGUE": 0, "OTRA": 0, "TOT_EST_MA": 21, "AFRODESCEN": 2, "INDIGENAS": 5, "NEGRITUDES": 0, "PALENQUERO": 0, "RAIZALES": 0, "ROM": 0, "TOT_EST_ET": 7, "CAPACID_EX": 0, "DOBLE_EXCE": 0, "TE_ACTFISI": 0, "TE_ARTES": 0, "TE_CNATUR": 0, "TE_CSOCIAL": 0, "TE_LDSOCIA": 0, "TE_TECNOLO": 0, "TOT_EST_CA": 0, "TMATRIC_GE": 1382, "Zona": 1 }, "geometry": { "type": "Point", "coordinates": [ -8247958.92710000090301, 511964.114599999040365 ] } },
{ "type": "Feature", "properties": { "NOMBRE_EST": "COLEGIO TECNICO MENORAH (IED)", "NOMBRE_SED": "SEDE B", "ORDEN_DE_S": "B", "DIRECCION": "CL 1 # 27 A - 59", "DISCAPACID": null, "TALENTOS_O": null, "GRUPOS_ETN": null, "SECTOR": 2, "NATU_JUR": 9, "CALENDARIO": 1, "GENERO": 1, "COD_LOCA": "14", "ESPECIALID": 13, "CLASE_TIPO": 1, "BILINGUE": 5, "FECHA": "2024-04-30", "DANE12_EST": "111001026069", "DANE12_SED": "111001801179", "DA_HIPOACU": 0, "DA_SORDERA": 0, "DA_LENGUAS": 0, "DA_UCASTEL": 0, "DISCAP_FIS": 0, "DISCAP_FLE": 0, "DISCAP_PCE": 0, "DI_DCOGNIT": 0, "DI_SDOWN": 0, "DIS_MULTIP": 0, "DIS_PSICOS": 0, "DV_BAJAVIS": 0, "DIS_CEGUER": 0, "T_ESPECTRO": 0, "T_VOZ_Y_HA": 0, "SISTEMICA": 0, "SORDOCEGUE": 0, "OTRA": 0, "TOT_EST_MA": 0, "AFRODESCEN": 0, "INDIGENAS": 0, "NEGRITUDES": 0, "PALENQUERO": 0, "RAIZALES": 0, "ROM": 0, "TOT_EST_ET": 0, "CAPACID_EX": 0, "DOBLE_EXCE": 0, "TE_ACTFISI": 0, "TE_ARTES": 0, "TE_CNATUR": 0, "TE_CSOCIAL": 0, "TE_LDSOCIA": 0, "TE_TECNOLO": 0, "TOT_EST_CA": 0, "TMATRIC_GE": 84, "Zona": 1 }, "geometry": { "type": "Point", "coordinates": [ -8249155.38120000064373, 512195.590199999511242 ] } },
{ "type": "Feature", "properties": { "NOMBRE_EST": "COLEGIO PANAMERICANO (IED)", "NOMBRE_SED": "PANAMERICANO", "ORDEN_DE_S": "A", "DIRECCION": "AK 27 # 24 C - 19", "DISCAPACID": "FISICA-INTELECTUAL-MENTAL/PSICOSOCIAL-MULTIPLE", "TALENTOS_O": null, "GRUPOS_ETN": "AFRODESCENDIENTES-INDIGENAS-NEGRITUDES", "SECTOR": 2, "NATU_JUR": 9, "CALENDARIO": 1, "GENERO": 5, "COD_LOCA": "14", "ESPECIALID": 1, "CLASE_TIPO": 1, "BILINGUE": 5, "FECHA": "2024-04-30", "DANE12_EST": "111001030856", "DANE12_SED": "111001030856", "DA_HIPOACU": 0, "DA_SORDERA": 0, "DA_LENGUAS": 0, "DA_UCASTEL": 0, "DISCAP_FIS": 4, "DISCAP_FLE": 0, "DISCAP_PCE": 0, "DI_DCOGNIT": 10, "DI_SDOWN": 0, "DIS_MULTIP": 10, "DIS_PSICOS": 1, "DV_BAJAVIS": 0, "DIS_CEGUER": 0, "T_ESPECTRO": 0, "T_VOZ_Y_HA": 0, "SISTEMICA": 0, "SORDOCEGUE": 0, "OTRA": 0, "TOT_EST_MA": 25, "AFRODESCEN": 9, "INDIGENAS": 7, "NEGRITUDES": 3, "PALENQUERO": 0, "RAIZALES": 0, "ROM": 0, "TOT_EST_ET": 19, "CAPACID_EX": 0, "DOBLE_EXCE": 0, "TE_ACTFISI": 0, "TE_ARTES": 0, "TE_CNATUR": 0, "TE_CSOCIAL": 0, "TE_LDSOCIA": 0, "TE_TECNOLO": 0, "TOT_EST_CA": 0, "TMATRIC_GE": 967, "Zona": 1 }, "geometry": { "type": "Point", "coordinates": [ -8246415.950999999418855, 515193.733500000089407 ] } },
{ "type": "Feature", "properties": { "NOMBRE_EST": "COLEGIO RICAURTE (IED)", "NOMBRE_SED": "RICAURTE", "ORDEN_DE_S": "A", "DIRECCION": "AK 27 # 7 - 48 - KR 26 # 7 – 41/61", "DISCAPACID": "FISICA-INTELECTUAL-MENTAL/PSICOSOCIAL-MULTIPLE-SORDOCEGUERA-VISUAL", "TALENTOS_O": "TALENTO EXCEPCIONAL EN ARTES Y LETRAS-TALENTO EXCEPCIONAL EN LIDERAZGO SOCIAL Y EMPRENDIMIENTO", "GRUPOS_ETN": "AFRODESCENDIENTES-INDIGENAS-NEGRITUDES", "SECTOR": 2, "NATU_JUR": 9, "CALENDARIO": 1, "GENERO": 5, "COD_LOCA": "14", "ESPECIALID": 13, "CLASE_TIPO": 1, "BILINGUE": 5, "FECHA": "2024-04-30", "DANE12_EST": "111001041459", "DANE12_SED": "111001041459", "DA_HIPOACU": 0, "DA_SORDERA": 0, "DA_LENGUAS": 0, "DA_UCASTEL": 0, "DISCAP_FIS": 1, "DISCAP_FLE": 0, "DISCAP_PCE": 0, "DI_DCOGNIT": 9, "DI_SDOWN": 0, "DIS_MULTIP": 5, "DIS_PSICOS": 3, "DV_BAJAVIS": 1, "DIS_CEGUER": 0, "T_ESPECTRO": 0, "T_VOZ_Y_HA": 0, "SISTEMICA": 0, "SORDOCEGUE": 0, "OTRA": 0, "TOT_EST_MA": 19, "AFRODESCEN": 1, "INDIGENAS": 2, "NEGRITUDES": 1, "PALENQUERO": 0, "RAIZALES": 0, "ROM": 0, "TOT_EST_ET": 4, "CAPACID_EX": 0, "DOBLE_EXCE": 0, "TE_ACTFISI": 0, "TE_ARTES": 0, "TE_CNATUR": 0, "TE_CSOCIAL": 0, "TE_LDSOCIA": 0, "TE_TECNOLO": 0, "TOT_EST_CA": 0, "TMATRIC_GE": 551, "Zona": 1 }, "geometry": { "type": "Point", "coordinates": [ -8248105.233200000599027, 513308.375100001692772 ] } },
{ "type": "Feature", "properties": { "NOMBRE_EST": "COLEGIO RICAURTE (IED)", "NOMBRE_SED": "ANTONIO RICAURTE", "ORDEN_DE_S": "B", "DIRECCION": "CL 10 # 29 - 64", "DISCAPACID": "INTELECTUAL-MULTIPLE", "TALENTOS_O": "CAPACIDADES EXCEPCIONALES-TALENTO EXCEPCIONAL EN ACTIVIDAD FISICA, EJERCICIO Y DEPORTE-TALENTO EXCEPCIONAL EN ARTES Y LETRAS", "GRUPOS_ETN": "INDIGENAS", "SECTOR": 2, "NATU_JUR": 9, "CALENDARIO": 1, "GENERO": 5, "COD_LOCA": "14", "ESPECIALID": 1, "CLASE_TIPO": 1, "BILINGUE": 5, "FECHA": "2024-04-30", "DANE12_EST": "111001041459", "DANE12_SED": "111001013986", "DA_HIPOACU": 0, "DA_SORDERA": 0, "DA_LENGUAS": 0, "DA_UCASTEL": 0, "DISCAP_FIS": 1, "DISCAP_FLE": 0, "DISCAP_PCE": 0, "DI_DCOGNIT": 4, "DI_SDOWN": 0, "DIS_MULTIP": 3, "DIS_PSICOS": 0, "DV_BAJAVIS": 1, "DIS_CEGUER": 0, "T_ESPECTRO": 0, "T_VOZ_Y_HA": 0, "SISTEMICA": 0, "SORDOCEGUE": 0, "OTRA": 0, "TOT_EST_MA": 9, "AFRODESCEN": 1, "INDIGENAS": 2, "NEGRITUDES": 1, "PALENQUERO": 0, "RAIZALES": 0, "ROM": 0, "TOT_EST_ET": 4, "CAPACID_EX": 0, "DOBLE_EXCE": 0, "TE_ACTFISI": 0, "TE_ARTES": 0, "TE_CNATUR": 0, "TE_CSOCIAL": 0, "TE_LDSOCIA": 0, "TE_TECNOLO": 0, "TOT_EST_CA": 0, "TMATRIC_GE": 379, "Zona": 1 }, "geometry": { "type": "Point", "coordinates": [ -8248186.789200000464916, 513759.260400000959635 ] } },
{ "type": "Feature", "properties": { "NOMBRE_EST": "COLEGIO GUILLERMO LEON VALENCIA (IED)", "NOMBRE_SED": "GUILLERMO LEON VALENCIA", "ORDEN_DE_S": "A", "DIRECCION": "KR 22 # 16 - 03 SUR", "DISCAPACID": "AUDITIVA-FISICA-INTELECTUAL-MENTAL/PSICOSOCIAL-MULTIPLE-VISUAL", "TALENTOS_O": "CAPACIDADES EXCEPCIONALES-TALENTO EXCEPCIONAL EN ACTIVIDAD FISICA, EJERCICIO Y DEPORTE-TALENTO EXCEPCIONAL EN ARTES Y LETRAS-TALENTO EXCEPCIONAL EN CIENCIAS NATURALES O BASICAS-TALENTO EXCEPCIONAL EN LIDERAZGO SOCIAL Y EMPRENDIMIENTO-TALENTO EXCEPCIONAL", "GRUPOS_ETN": "AFRODESCENDIENTES-INDIGENAS-NEGRITUDES-RAIZALES", "SECTOR": 2, "NATU_JUR": 9, "CALENDARIO": 1, "GENERO": 5, "COD_LOCA": "15", "ESPECIALID": 1, "CLASE_TIPO": 1, "BILINGUE": 5, "FECHA": "2024-04-30", "DANE12_EST": "111001011053", "DANE12_SED": "111001011053", "DA_HIPOACU": 0, "DA_SORDERA": 0, "DA_LENGUAS": 0, "DA_UCASTEL": 0, "DISCAP_FIS": 3, "DISCAP_FLE": 0, "DISCAP_PCE": 0, "DI_DCOGNIT": 25, "DI_SDOWN": 0, "DIS_MULTIP": 11, "DIS_PSICOS": 4, "DV_BAJAVIS": 2, "DIS_CEGUER": 0, "T_ESPECTRO": 0, "T_VOZ_Y_HA": 0, "SISTEMICA": 0, "SORDOCEGUE": 0, "OTRA": 0, "TOT_EST_MA": 46, "AFRODESCEN": 7, "INDIGENAS": 14, "NEGRITUDES": 7, "PALENQUERO": 0, "RAIZALES": 1, "ROM": 0, "TOT_EST_ET": 29, "CAPACID_EX": 2, "DOBLE_EXCE": 1, "TE_ACTFISI": 0, "TE_ARTES": 0, "TE_CNATUR": 0, "TE_CSOCIAL": 0, "TE_LDSOCIA": 0, "TE_TECNOLO": 0, "TOT_EST_CA": 2, "TMATRIC_GE": 1414, "Zona": 1 }, "geometry": { "type": "Point", "coordinates": [ -8248895.874299999326468, 511184.661699999123812 ] } },
{ "type": "Feature", "properties": { "NOMBRE_EST": "COLEGIO GUILLERMO LEON VALENCIA (IED)", "NOMBRE_SED": "NUESTRA SEÑORA DE LA SABIDURIA", "ORDEN_DE_S": "B", "DIRECCION": "DG 16 SUR # 23 - 53  --  DG 16 A SUR # 24 C - 79", "DISCAPACID": "INTELECTUAL", "TALENTOS_O": null, "GRUPOS_ETN": "INDIGENAS-NEGRITUDES", "SECTOR": 2, "NATU_JUR": 9, "CALENDARIO": 1, "GENERO": 5, "COD_LOCA": "15", "ESPECIALID": 13, "CLASE_TIPO": 1, "BILINGUE": 5, "FECHA": "2024-04-30", "DANE12_EST": "111001011053", "DANE12_SED": "111001024716", "DA_HIPOACU": 0, "DA_SORDERA": 0, "DA_LENGUAS": 0, "DA_UCASTEL": 0, "DISCAP_FIS": 0, "DISCAP_FLE": 0, "DISCAP_PCE": 0, "DI_DCOGNIT": 3, "DI_SDOWN": 0, "DIS_MULTIP": 1, "DIS_PSICOS": 0, "DV_BAJAVIS": 0, "DIS_CEGUER": 0, "T_ESPECTRO": 0, "T_VOZ_Y_HA": 0, "SISTEMICA": 0, "SORDOCEGUE": 0, "OTRA": 0, "TOT_EST_MA": 5, "AFRODESCEN": 2, "INDIGENAS": 1, "NEGRITUDES": 0, "PALENQUERO": 0, "RAIZALES": 0, "ROM": 0, "TOT_EST_ET": 3, "CAPACID_EX": 0, "DOBLE_EXCE": 0, "TE_ACTFISI": 0, "TE_ARTES": 0, "TE_CNATUR": 0, "TE_CSOCIAL": 0, "TE_LDSOCIA": 0, "TE_TECNOLO": 0, "TOT_EST_CA": 0, "TMATRIC_GE": 106, "Zona": 1 }, "geometry": { "type": "Point", "coordinates": [ -8249104.791999999433756, 511377.907400000840425 ] } },
{ "type": "Feature", "properties": { "NOMBRE_EST": "COLEGIO GUILLERMO LEON VALENCIA (IED)", "NOMBRE_SED": "REPUBLICA DE PANAMA", "ORDEN_DE_S": "C", "DIRECCION": "CL 12 SUR # 16 - 01", "DISCAPACID": "FISICA-MENTAL/PSICOSOCIAL-MULTIPLE", "TALENTOS_O": "TALENTO EXCEPCIONAL EN ARTES Y LETRAS", "GRUPOS_ETN": null, "SECTOR": 2, "NATU_JUR": 9, "CALENDARIO": 1, "GENERO": 5, "COD_LOCA": "15", "ESPECIALID": 13, "CLASE_TIPO": 1, "BILINGUE": 5, "FECHA": "2024-04-30", "DANE12_EST": "111001011053", "DANE12_SED": "111001012823", "DA_HIPOACU": 0, "DA_SORDERA": 0, "DA_LENGUAS": 0, "DA_UCASTEL": 0, "DISCAP_FIS": 0, "DISCAP_FLE": 0, "DISCAP_PCE": 0, "DI_DCOGNIT": 0, "DI_SDOWN": 0, "DIS_MULTIP": 2, "DIS_PSICOS": 0, "DV_BAJAVIS": 0, "DIS_CEGUER": 0, "T_ESPECTRO": 0, "T_VOZ_Y_HA": 0, "SISTEMICA": 0, "SORDOCEGUE": 0, "OTRA": 0, "TOT_EST_MA": 2, "AFRODESCEN": 2, "INDIGENAS": 0, "NEGRITUDES": 0, "PALENQUERO": 0, "RAIZALES": 0, "ROM": 0, "TOT_EST_ET": 2, "CAPACID_EX": 0, "DOBLE_EXCE": 0, "TE_ACTFISI": 0, "TE_ARTES": 0, "TE_CNATUR": 0, "TE_CSOCIAL": 0, "TE_LDSOCIA": 0, "TE_TECNOLO": 0, "TOT_EST_CA": 0, "TMATRIC_GE": 136, "Zona": 1 }, "geometry": { "type": "Point", "coordinates": [ -8248062.80599999986589, 511649.934099998325109 ] } },
{ "type": "Feature", "properties": { "NOMBRE_EST": "COLEGIO ESCUELA NORMAL SUPERIOR DISTRITAL MARIA MONTESSORI (IED)", "NOMBRE_SED": "NORMAL SUPERIOR DISTRITAL MARIA MONTESSORI", "ORDEN_DE_S": "A", "DIRECCION": "CL 14 SUR # 14 - 36/20", "DISCAPACID": "AUDITIVA-FISICA-INTELECTUAL-MULTIPLE-VISUAL", "TALENTOS_O": "TALENTO EXCEPCIONAL EN ARTES Y LETRAS", "GRUPOS_ETN": "INDIGENAS", "SECTOR": 2, "NATU_JUR": 9, "CALENDARIO": 1, "GENERO": 5, "COD_LOCA": "15", "ESPECIALID": 13, "CLASE_TIPO": 1, "BILINGUE": 5, "FECHA": "2024-04-30", "DANE12_EST": "111001011908", "DANE12_SED": "111001011908", "DA_HIPOACU": 3, "DA_SORDERA": 0, "DA_LENGUAS": 0, "DA_UCASTEL": 0, "DISCAP_FIS": 2, "DISCAP_FLE": 0, "DISCAP_PCE": 0, "DI_DCOGNIT": 6, "DI_SDOWN": 0, "DIS_MULTIP": 11, "DIS_PSICOS": 3, "DV_BAJAVIS": 0, "DIS_CEGUER": 0, "T_ESPECTRO": 0, "T_VOZ_Y_HA": 0, "SISTEMICA": 0, "SORDOCEGUE": 0, "OTRA": 0, "TOT_EST_MA": 25, "AFRODESCEN": 0, "INDIGENAS": 3, "NEGRITUDES": 1, "PALENQUERO": 0, "RAIZALES": 0, "ROM": 0, "TOT_EST_ET": 4, "CAPACID_EX": 0, "DOBLE_EXCE": 0, "TE_ACTFISI": 0, "TE_ARTES": 0, "TE_CNATUR": 0, "TE_CSOCIAL": 0, "TE_LDSOCIA": 0, "TE_TECNOLO": 0, "TOT_EST_CA": 0, "TMATRIC_GE": 866, "Zona": 1 }, "geometry": { "type": "Point", "coordinates": [ -8248437.61089999973774, 510968.252099998295307 ] } },
{ "type": "Feature", "properties": { "NOMBRE_EST": "COLEGIO ESCUELA NORMAL SUPERIOR DISTRITAL MARIA MONTESSORI (IED)", "NOMBRE_SED": "ANEXA A LA NORMAL SUPERIOR DISTRITAL MARIA MONTESSORI", "ORDEN_DE_S": "B", "DIRECCION": "CL 10 SUR # 13 - 27", "DISCAPACID": "AUDITIVA-FISICA-INTELECTUAL-MENTAL/PSICOSOCIAL-MULTIPLE", "TALENTOS_O": "CAPACIDADES EXCEPCIONALES-TALENTO EXCEPCIONAL EN ACTIVIDAD FISICA, EJERCICIO Y DEPORTE-TALENTO EXCEPCIONAL EN ARTES Y LETRAS-TALENTO EXCEPCIONAL EN CIENCIAS NATURALES O BASICAS-TALENTO EXCEPCIONAL EN LIDERAZGO SOCIAL Y EMPRENDIMIENTO", "GRUPOS_ETN": "AFRODESCENDIENTES-INDIGENAS-NEGRITUDES", "SECTOR": 2, "NATU_JUR": 9, "CALENDARIO": 1, "GENERO": 5, "COD_LOCA": "15", "ESPECIALID": 17, "CLASE_TIPO": 1, "BILINGUE": 5, "FECHA": "2024-04-30", "DANE12_EST": "111001011908", "DANE12_SED": "111001104205", "DA_HIPOACU": 3, "DA_SORDERA": 0, "DA_LENGUAS": 0, "DA_UCASTEL": 0, "DISCAP_FIS": 5, "DISCAP_FLE": 0, "DISCAP_PCE": 0, "DI_DCOGNIT": 10, "DI_SDOWN": 0, "DIS_MULTIP": 11, "DIS_PSICOS": 10, "DV_BAJAVIS": 1, "DIS_CEGUER": 0, "T_ESPECTRO": 0, "T_VOZ_Y_HA": 0, "SISTEMICA": 0, "SORDOCEGUE": 0, "OTRA": 0, "TOT_EST_MA": 40, "AFRODESCEN": 7, "INDIGENAS": 6, "NEGRITUDES": 0, "PALENQUERO": 0, "RAIZALES": 1, "ROM": 0, "TOT_EST_ET": 14, "CAPACID_EX": 1, "DOBLE_EXCE": 0, "TE_ACTFISI": 1, "TE_ARTES": 0, "TE_CNATUR": 0, "TE_CSOCIAL": 0, "TE_LDSOCIA": 0, "TE_TECNOLO": 0, "TOT_EST_CA": 1, "TMATRIC_GE": 1554, "Zona": 1 }, "geometry": { "type": "Point", "coordinates": [ -8248047.730000000447035, 511077.167700000107288 ] } },
{ "type": "Feature", "properties": { "NOMBRE_EST": "COLEGIO ATANASIO GIRARDOT (IED)", "NOMBRE_SED": "ATANASIO GIRARDOT", "ORDEN_DE_S": "A", "DIRECCION": "CL 14 SUR # 28 - 16/06", "DISCAPACID": "AUDITIVA-FISICA-INTELECTUAL-MENTAL/PSICOSOCIAL-MULTIPLE-VISUAL", "TALENTOS_O": "CAPACIDADES EXCEPCIONALES-TALENTO EXCEPCIONAL EN ACTIVIDAD FISICA, EJERCICIO Y DEPORTE-TALENTO EXCEPCIONAL EN ARTES Y LETRAS-TALENTO EXCEPCIONAL EN CIENCIAS NATURALES O BASICAS-TALENTO EXCEPCIONAL EN TECNOLOGIA", "GRUPOS_ETN": "AFRODESCENDIENTES-INDIGENAS-NEGRITUDES", "SECTOR": 2, "NATU_JUR": 9, "CALENDARIO": 1, "GENERO": 5, "COD_LOCA": "15", "ESPECIALID": 1, "CLASE_TIPO": 1, "BILINGUE": 5, "FECHA": "2024-04-30", "DANE12_EST": "111001012602", "DANE12_SED": "111001012602", "DA_HIPOACU": 2, "DA_SORDERA": 0, "DA_LENGUAS": 0, "DA_UCASTEL": 0, "DISCAP_FIS": 3, "DISCAP_FLE": 0, "DISCAP_PCE": 0, "DI_DCOGNIT": 26, "DI_SDOWN": 0, "DIS_MULTIP": 9, "DIS_PSICOS": 4, "DV_BAJAVIS": 1, "DIS_CEGUER": 0, "T_ESPECTRO": 0, "T_VOZ_Y_HA": 0, "SISTEMICA": 0, "SORDOCEGUE": 0, "OTRA": 0, "TOT_EST_MA": 45, "AFRODESCEN": 7, "INDIGENAS": 7, "NEGRITUDES": 2, "PALENQUERO": 0, "RAIZALES": 0, "ROM": 0, "TOT_EST_ET": 16, "CAPACID_EX": 1, "DOBLE_EXCE": 0, "TE_ACTFISI": 0, "TE_ARTES": 0, "TE_CNATUR": 1, "TE_CSOCIAL": 0, "TE_LDSOCIA": 0, "TE_TECNOLO": 0, "TOT_EST_CA": 1, "TMATRIC_GE": 2058, "Zona": 1 }, "geometry": { "type": "Point", "coordinates": [ -8249285.094000000506639, 511989.662799999117851 ] } },
{ "type": "Feature", "properties": { "NOMBRE_EST": "COLEGIO ATANASIO GIRARDOT (IED)", "NOMBRE_SED": "REPUBLICA ORIENTAL DEL URUGUAY", "ORDEN_DE_S": "B", "DIRECCION": "KR 23 # 4 - 04 SUR", "DISCAPACID": "FISICA-INTELECTUAL-MULTIPLE", "TALENTOS_O": null, "GRUPOS_ETN": "AFRODESCENDIENTES-INDIGENAS", "SECTOR": 2, "NATU_JUR": 9, "CALENDARIO": 1, "GENERO": 5, "COD_LOCA": "15", "ESPECIALID": 13, "CLASE_TIPO": 1, "BILINGUE": 5, "FECHA": "2024-04-30", "DANE12_EST": "111001012602", "DANE12_SED": "111001014621", "DA_HIPOACU": 0, "DA_SORDERA": 0, "DA_LENGUAS": 0, "DA_UCASTEL": 0, "DISCAP_FIS": 0, "DISCAP_FLE": 0, "DISCAP_PCE": 0, "DI_DCOGNIT": 2, "DI_SDOWN": 0, "DIS_MULTIP": 2, "DIS_PSICOS": 0, "DV_BAJAVIS": 0, "DIS_CEGUER": 0, "T_ESPECTRO": 0, "T_VOZ_Y_HA": 0, "SISTEMICA": 0, "SORDOCEGUE": 0, "OTRA": 0, "TOT_EST_MA": 4, "AFRODESCEN": 1, "INDIGENAS": 1, "NEGRITUDES": 0, "PALENQUERO": 0, "RAIZALES": 0, "ROM": 0, "TOT_EST_ET": 2, "CAPACID_EX": 0, "DOBLE_EXCE": 0, "TE_ACTFISI": 0, "TE_ARTES": 0, "TE_CNATUR": 0, "TE_CSOCIAL": 0, "TE_LDSOCIA": 0, "TE_TECNOLO": 0, "TOT_EST_CA": 0, "TMATRIC_GE": 227, "Zona": 1 }, "geometry": { "type": "Point", "coordinates": [ -8248490.001199999824166, 511840.665500000119209 ] } },
{ "type": "Feature", "properties": { "NOMBRE_EST": "COLEGIO ATANASIO GIRARDOT (IED)", "NOMBRE_SED": "PASITOS FIRMES", "ORDEN_DE_S": "C", "DIRECCION": "CL 18 SUR # 29 B - 35", "DISCAPACID": "INTELECTUAL-MULTIPLE", "TALENTOS_O": null, "GRUPOS_ETN": null, "SECTOR": 2, "NATU_JUR": 9, "CALENDARIO": 1, "GENERO": 5, "COD_LOCA": "15", "ESPECIALID": 13, "CLASE_TIPO": 1, "BILINGUE": 5, "FECHA": "2024-04-30", "DANE12_EST": "111001012602", "DANE12_SED": "111001800040", "DA_HIPOACU": 0, "DA_SORDERA": 0, "DA_LENGUAS": 0, "DA_UCASTEL": 0, "DISCAP_FIS": 0, "DISCAP_FLE": 0, "DISCAP_PCE": 0, "DI_DCOGNIT": 0, "DI_SDOWN": 0, "DIS_MULTIP": 0, "DIS_PSICOS": 0, "DV_BAJAVIS": 0, "DIS_CEGUER": 0, "T_ESPECTRO": 0, "T_VOZ_Y_HA": 0, "SISTEMICA": 0, "SORDOCEGUE": 0, "OTRA": 0, "TOT_EST_MA": 0, "AFRODESCEN": 0, "INDIGENAS": 0, "NEGRITUDES": 0, "PALENQUERO": 0, "RAIZALES": 0, "ROM": 0, "TOT_EST_ET": 0, "CAPACID_EX": 0, "DOBLE_EXCE": 0, "TE_ACTFISI": 0, "TE_ARTES": 0, "TE_CNATUR": 0, "TE_CSOCIAL": 0, "TE_LDSOCIA": 0, "TE_TECNOLO": 0, "TOT_EST_CA": 0, "TMATRIC_GE": 92, "Zona": 1 }, "geometry": { "type": "Point", "coordinates": [ -8249881.134199999272823, 511950.305599998682737 ] } },
{ "type": "Feature", "properties": { "NOMBRE_EST": "COLEGIO FRANCISCO DE PAULA SANTANDER (IED)", "NOMBRE_SED": "FRANCISCO DE PAULA SANTANDER", "ORDEN_DE_S": "A", "DIRECCION": "CL 23 SUR # 27 - 27  --  CL 23 SUR # 28 - 47", "DISCAPACID": "INTELECTUAL-MENTAL/PSICOSOCIAL", "TALENTOS_O": "TALENTO EXCEPCIONAL EN TECNOLOGIA", "GRUPOS_ETN": "INDIGENAS-NEGRITUDES", "SECTOR": 2, "NATU_JUR": 9, "CALENDARIO": 1, "GENERO": 5, "COD_LOCA": "15", "ESPECIALID": 1, "CLASE_TIPO": 1, "BILINGUE": 5, "FECHA": "2024-04-30", "DANE12_EST": "111001014630", "DANE12_SED": "111001014630", "DA_HIPOACU": 0, "DA_SORDERA": 0, "DA_LENGUAS": 0, "DA_UCASTEL": 0, "DISCAP_FIS": 0, "DISCAP_FLE": 0, "DISCAP_PCE": 0, "DI_DCOGNIT": 3, "DI_SDOWN": 0, "DIS_MULTIP": 0, "DIS_PSICOS": 0, "DV_BAJAVIS": 1, "DIS_CEGUER": 0, "T_ESPECTRO": 0, "T_VOZ_Y_HA": 0, "SISTEMICA": 0, "SORDOCEGUE": 0, "OTRA": 0, "TOT_EST_MA": 5, "AFRODESCEN": 0, "INDIGENAS": 2, "NEGRITUDES": 1, "PALENQUERO": 0, "RAIZALES": 0, "ROM": 0, "TOT_EST_ET": 3, "CAPACID_EX": 0, "DOBLE_EXCE": 0, "TE_ACTFISI": 0, "TE_ARTES": 0, "TE_CNATUR": 0, "TE_CSOCIAL": 0, "TE_LDSOCIA": 0, "TE_TECNOLO": 0, "TOT_EST_CA": 0, "TMATRIC_GE": 525, "Zona": 1 }, "geometry": { "type": "Point", "coordinates": [ -8248503.235999999567866, 511560.287900000810623 ] } },
{ "type": "Feature", "properties": { "NOMBRE_EST": "COLEGIO FRANCISCO DE PAULA SANTANDER (IED)", "NOMBRE_SED": "REPUBLICA DE MEXICO", "ORDEN_DE_S": "B", "DIRECCION": "CL 29 SUR # 30 - 27  --  CL 29 SUR # 29 A - 47", "DISCAPACID": "INTELECTUAL-MENTAL/PSICOSOCIAL-MULTIPLE", "TALENTOS_O": "TALENTO EXCEPCIONAL EN ACTIVIDAD FISICA, EJERCICIO Y DEPORTE-TALENTO EXCEPCIONAL EN ARTES Y LETRAS-TALENTO EXCEPCIONAL EN CIENCIAS SOCIALES O HUMANAS", "GRUPOS_ETN": "AFRODESCENDIENTES", "SECTOR": 2, "NATU_JUR": 9, "CALENDARIO": 1, "GENERO": 5, "COD_LOCA": "15", "ESPECIALID": 13, "CLASE_TIPO": 1, "BILINGUE": 5, "FECHA": "2024-04-30", "DANE12_EST": "111001014630", "DANE12_SED": "111001014648", "DA_HIPOACU": 0, "DA_SORDERA": 0, "DA_LENGUAS": 0, "DA_UCASTEL": 0, "DISCAP_FIS": 0, "DISCAP_FLE": 0, "DISCAP_PCE": 0, "DI_DCOGNIT": 1, "DI_SDOWN": 0, "DIS_MULTIP": 0, "DIS_PSICOS": 1, "DV_BAJAVIS": 0, "DIS_CEGUER": 0, "T_ESPECTRO": 0, "T_VOZ_Y_HA": 0, "SISTEMICA": 0, "SORDOCEGUE": 0, "OTRA": 0, "TOT_EST_MA": 2, "AFRODESCEN": 1, "INDIGENAS": 0, "NEGRITUDES": 0, "PALENQUERO": 0, "RAIZALES": 0, "ROM": 0, "TOT_EST_ET": 1, "CAPACID_EX": 0, "DOBLE_EXCE": 0, "TE_ACTFISI": 0, "TE_ARTES": 0, "TE_CNATUR": 0, "TE_CSOCIAL": 0, "TE_LDSOCIA": 0, "TE_TECNOLO": 0, "TOT_EST_CA": 0, "TMATRIC_GE": 356, "Zona": 1 }, "geometry": { "type": "Point", "coordinates": [ -8250319.672900000587106, 511619.947500001639128 ] } },
{ "type": "Feature", "properties": { "NOMBRE_EST": "COLEGIO TECNICO JAIME PARDO LEAL (IED)", "NOMBRE_SED": "JAIME PARDO LEAL", "ORDEN_DE_S": "A", "DIRECCION": "KR 10 A # 3 - 63 SUR", "DISCAPACID": "AUDITIVA-FISICA-INTELECTUAL-MENTAL/PSICOSOCIAL-MULTIPLE", "TALENTOS_O": "TALENTO EXCEPCIONAL EN ACTIVIDAD FISICA, EJERCICIO Y DEPORTE-TALENTO EXCEPCIONAL EN ARTES Y LETRAS", "GRUPOS_ETN": "AFRODESCENDIENTES-INDIGENAS-NEGRITUDES", "SECTOR": 2, "NATU_JUR": 9, "CALENDARIO": 1, "GENERO": 5, "COD_LOCA": "15", "ESPECIALID": 9, "CLASE_TIPO": 1, "BILINGUE": 5, "FECHA": "2024-04-30", "DANE12_EST": "111001086720", "DANE12_SED": "111001086720", "DA_HIPOACU": 0, "DA_SORDERA": 0, "DA_LENGUAS": 0, "DA_UCASTEL": 0, "DISCAP_FIS": 1, "DISCAP_FLE": 0, "DISCAP_PCE": 0, "DI_DCOGNIT": 12, "DI_SDOWN": 0, "DIS_MULTIP": 5, "DIS_PSICOS": 0, "DV_BAJAVIS": 1, "DIS_CEGUER": 0, "T_ESPECTRO": 0, "T_VOZ_Y_HA": 0, "SISTEMICA": 0, "SORDOCEGUE": 0, "OTRA": 0, "TOT_EST_MA": 19, "AFRODESCEN": 5, "INDIGENAS": 27, "NEGRITUDES": 1, "PALENQUERO": 0, "RAIZALES": 0, "ROM": 0, "TOT_EST_ET": 33, "CAPACID_EX": 0, "DOBLE_EXCE": 0, "TE_ACTFISI": 0, "TE_ARTES": 0, "TE_CNATUR": 0, "TE_CSOCIAL": 0, "TE_LDSOCIA": 0, "TE_TECNOLO": 0, "TOT_EST_CA": 0, "TMATRIC_GE": 1196, "Zona": 1 }, "geometry": { "type": "Point", "coordinates": [ -8247483.37470000050962, 511067.339200001209974 ] } },
{ "type": "Feature", "properties": { "NOMBRE_EST": "COLEGIO DE CULTURA POPULAR (IED)", "NOMBRE_SED": "DE CULTURA POPULAR", "ORDEN_DE_S": "A", "DIRECCION": "KR 51 # 16 - 64 SUR", "DISCAPACID": "AUDITIVA-INTELECTUAL-MENTAL/PSICOSOCIAL-VISUAL", "TALENTOS_O": "TALENTO EXCEPCIONAL EN ACTIVIDAD FISICA, EJERCICIO Y DEPORTE-TALENTO EXCEPCIONAL EN ARTES Y LETRAS", "GRUPOS_ETN": "INDIGENAS-NEGRITUDES-RAIZALES", "SECTOR": 2, "NATU_JUR": 9, "CALENDARIO": 1, "GENERO": 5, "COD_LOCA": "16", "ESPECIALID": 1, "CLASE_TIPO": 1, "BILINGUE": 5, "FECHA": "2024-04-30", "DANE12_EST": "111001000078", "DANE12_SED": "111001000078", "DA_HIPOACU": 0, "DA_SORDERA": 0, "DA_LENGUAS": 0, "DA_UCASTEL": 0, "DISCAP_FIS": 0, "DISCAP_FLE": 0, "DISCAP_PCE": 0, "DI_DCOGNIT": 3, "DI_SDOWN": 0, "DIS_MULTIP": 2, "DIS_PSICOS": 1, "DV_BAJAVIS": 0, "DIS_CEGUER": 0, "T_ESPECTRO": 0, "T_VOZ_Y_HA": 0, "SISTEMICA": 0, "SORDOCEGUE": 0, "OTRA": 0, "TOT_EST_MA": 7, "AFRODESCEN": 0, "INDIGENAS": 2, "NEGRITUDES": 0, "PALENQUERO": 0, "RAIZALES": 1, "ROM": 0, "TOT_EST_ET": 3, "CAPACID_EX": 0, "DOBLE_EXCE": 0, "TE_ACTFISI": 0, "TE_ARTES": 0, "TE_CNATUR": 0, "TE_CSOCIAL": 0, "TE_LDSOCIA": 0, "TE_TECNOLO": 0, "TOT_EST_CA": 0, "TMATRIC_GE": 445, "Zona": 1 }, "geometry": { "type": "Point", "coordinates": [ -8251051.168800000101328, 513321.004999998956919 ] } },
{ "type": "Feature", "properties": { "NOMBRE_EST": "COLEGIO DE CULTURA POPULAR (IED)", "NOMBRE_SED": "SANTA RITA", "ORDEN_DE_S": "B", "DIRECCION": "KR 41 # 34 - 35 SUR", "DISCAPACID": "AUDITIVA-MENTAL/PSICOSOCIAL", "TALENTOS_O": "CAPACIDADES EXCEPCIONALES", "GRUPOS_ETN": "INDIGENAS-ROM", "SECTOR": 2, "NATU_JUR": 9, "CALENDARIO": 1, "GENERO": 5, "COD_LOCA": "16", "ESPECIALID": 13, "CLASE_TIPO": 1, "BILINGUE": 5, "FECHA": "2024-04-30", "DANE12_EST": "111001000078", "DANE12_SED": "111001014834", "DA_HIPOACU": 0, "DA_SORDERA": 0, "DA_LENGUAS": 0, "DA_UCASTEL": 0, "DISCAP_FIS": 0, "DISCAP_FLE": 0, "DISCAP_PCE": 0, "DI_DCOGNIT": 0, "DI_SDOWN": 0, "DIS_MULTIP": 3, "DIS_PSICOS": 3, "DV_BAJAVIS": 1, "DIS_CEGUER": 0, "T_ESPECTRO": 0, "T_VOZ_Y_HA": 0, "SISTEMICA": 0, "SORDOCEGUE": 0, "OTRA": 0, "TOT_EST_MA": 7, "AFRODESCEN": 0, "INDIGENAS": 0, "NEGRITUDES": 0, "PALENQUERO": 0, "RAIZALES": 0, "ROM": 1, "TOT_EST_ET": 1, "CAPACID_EX": 0, "DOBLE_EXCE": 0, "TE_ACTFISI": 0, "TE_ARTES": 0, "TE_CNATUR": 0, "TE_CSOCIAL": 0, "TE_LDSOCIA": 0, "TE_TECNOLO": 0, "TOT_EST_CA": 0, "TMATRIC_GE": 270, "Zona": 1 }, "geometry": { "type": "Point", "coordinates": [ -8251412.503000000491738, 512389.712200000882149 ] } },
{ "type": "Feature", "properties": { "NOMBRE_EST": "COLEGIO DE CULTURA POPULAR (IED)", "NOMBRE_SED": "DIEGO LUIS CORDOBA", "ORDEN_DE_S": "C", "DIRECCION": "CL 32 SUR # 45 - 18", "DISCAPACID": "INTELECTUAL-MENTAL/PSICOSOCIAL-MULTIPLE", "TALENTOS_O": "TALENTO EXCEPCIONAL EN ARTES Y LETRAS", "GRUPOS_ETN": "INDIGENAS", "SECTOR": 2, "NATU_JUR": 9, "CALENDARIO": 1, "GENERO": 5, "COD_LOCA": "16", "ESPECIALID": 13, "CLASE_TIPO": 1, "BILINGUE": 5, "FECHA": "2024-04-30", "DANE12_EST": "111001000078", "DANE12_SED": "111001014842", "DA_HIPOACU": 2, "DA_SORDERA": 0, "DA_LENGUAS": 0, "DA_UCASTEL": 0, "DISCAP_FIS": 0, "DISCAP_FLE": 0, "DISCAP_PCE": 0, "DI_DCOGNIT": 1, "DI_SDOWN": 0, "DIS_MULTIP": 4, "DIS_PSICOS": 1, "DV_BAJAVIS": 1, "DIS_CEGUER": 0, "T_ESPECTRO": 0, "T_VOZ_Y_HA": 0, "SISTEMICA": 0, "SORDOCEGUE": 0, "OTRA": 0, "TOT_EST_MA": 9, "AFRODESCEN": 0, "INDIGENAS": 1, "NEGRITUDES": 0, "PALENQUERO": 0, "RAIZALES": 0, "ROM": 0, "TOT_EST_ET": 1, "CAPACID_EX": 0, "DOBLE_EXCE": 0, "TE_ACTFISI": 0, "TE_ARTES": 0, "TE_CNATUR": 0, "TE_CSOCIAL": 0, "TE_LDSOCIA": 0, "TE_TECNOLO": 0, "TOT_EST_CA": 0, "TMATRIC_GE": 269, "Zona": 1 }, "geometry": { "type": "Point", "coordinates": [ -8251315.9222, 512503.043400000780821 ] } },
{ "type": "Feature", "properties": { "NOMBRE_EST": "COLEGIO LA MERCED (IED)", "NOMBRE_SED": "LA MERCED", "ORDEN_DE_S": "A", "DIRECCION": "CL 13 # 42 A - 51", "DISCAPACID": "AUDITIVA-FISICA-INTELECTUAL-MENTAL/PSICOSOCIAL-MULTIPLE", "TALENTOS_O": "TALENTO EXCEPCIONAL EN ARTES Y LETRAS-TALENTO EXCEPCIONAL EN CIENCIAS NATURALES O BASICAS-TALENTO EXCEPCIONAL EN TECNOLOGIA", "GRUPOS_ETN": "AFRODESCENDIENTES-INDIGENAS-NEGRITUDES", "SECTOR": 2, "NATU_JUR": 9, "CALENDARIO": 1, "GENERO": 5, "COD_LOCA": "16", "ESPECIALID": 7, "CLASE_TIPO": 1, "BILINGUE": 5, "FECHA": "2024-04-30", "DANE12_EST": "111001006122", "DANE12_SED": "111001006122", "DA_HIPOACU": 5, "DA_SORDERA": 0, "DA_LENGUAS": 0, "DA_UCASTEL": 0, "DISCAP_FIS": 9, "DISCAP_FLE": 0, "DISCAP_PCE": 0, "DI_DCOGNIT": 4, "DI_SDOWN": 0, "DIS_MULTIP": 1, "DIS_PSICOS": 3, "DV_BAJAVIS": 0, "DIS_CEGUER": 0, "T_ESPECTRO": 0, "T_VOZ_Y_HA": 0, "SISTEMICA": 0, "SORDOCEGUE": 0, "OTRA": 0, "TOT_EST_MA": 22, "AFRODESCEN": 2, "INDIGENAS": 7, "NEGRITUDES": 1, "PALENQUERO": 0, "RAIZALES": 0, "ROM": 0, "TOT_EST_ET": 10, "CAPACID_EX": 0, "DOBLE_EXCE": 0, "TE_ACTFISI": 0, "TE_ARTES": 0, "TE_CNATUR": 0, "TE_CSOCIAL": 0, "TE_LDSOCIA": 0, "TE_TECNOLO": 0, "TOT_EST_CA": 0, "TMATRIC_GE": 1397, "Zona": 1 }, "geometry": { "type": "Point", "coordinates": [ -8248924.236300000920892, 515118.815499998629093 ] } },
{ "type": "Feature", "properties": { "NOMBRE_EST": "COLEGIO SILVERIA ESPINOSA DE RENDON (IED)", "NOMBRE_SED": "SILVERIA ESPINOSA DE RENDON", "ORDEN_DE_S": "A", "DIRECCION": "KR 58 # 9 - 51", "DISCAPACID": "AUDITIVA-FISICA-INTELECTUAL-MENTAL/PSICOSOCIAL-MULTIPLE", "TALENTOS_O": "TALENTO EXCEPCIONAL EN ACTIVIDAD FISICA, EJERCICIO Y DEPORTE-TALENTO EXCEPCIONAL EN ARTES Y LETRAS", "GRUPOS_ETN": "AFRODESCENDIENTES-INDIGENAS-NEGRITUDES", "SECTOR": 2, "NATU_JUR": 9, "CALENDARIO": 1, "GENERO": 5, "COD_LOCA": "16", "ESPECIALID": 1, "CLASE_TIPO": 1, "BILINGUE": 5, "FECHA": "2024-04-30", "DANE12_EST": "111001011045", "DANE12_SED": "111001011045", "DA_HIPOACU": 3, "DA_SORDERA": 0, "DA_LENGUAS": 0, "DA_UCASTEL": 0, "DISCAP_FIS": 1, "DISCAP_FLE": 0, "DISCAP_PCE": 0, "DI_DCOGNIT": 14, "DI_SDOWN": 0, "DIS_MULTIP": 5, "DIS_PSICOS": 7, "DV_BAJAVIS": 1, "DIS_CEGUER": 0, "T_ESPECTRO": 0, "T_VOZ_Y_HA": 0, "SISTEMICA": 0, "SORDOCEGUE": 0, "OTRA": 0, "TOT_EST_MA": 31, "AFRODESCEN": 2, "INDIGENAS": 7, "NEGRITUDES": 3, "PALENQUERO": 0, "RAIZALES": 0, "ROM": 0, "TOT_EST_ET": 12, "CAPACID_EX": 0, "DOBLE_EXCE": 0, "TE_ACTFISI": 0, "TE_ARTES": 0, "TE_CNATUR": 0, "TE_CSOCIAL": 0, "TE_LDSOCIA": 0, "TE_TECNOLO": 0, "TOT_EST_CA": 0, "TMATRIC_GE": 693, "Zona": 1 }, "geometry": { "type": "Point", "coordinates": [ -8250153.417199999094009, 515960.782699998468161 ] } },
{ "type": "Feature", "properties": { "NOMBRE_EST": "COLEGIO SILVERIA ESPINOSA DE RENDON (IED)", "NOMBRE_SED": "RAFAEL POMBO", "ORDEN_DE_S": "B", "DIRECCION": "CL 4 B # 65 - 31", "DISCAPACID": "AUDITIVA-FISICA-INTELECTUAL-MULTIPLE", "TALENTOS_O": "TALENTO EXCEPCIONAL EN ACTIVIDAD FISICA, EJERCICIO Y DEPORTE-TALENTO EXCEPCIONAL EN ARTES Y LETRAS", "GRUPOS_ETN": "AFRODESCENDIENTES-INDIGENAS-NEGRITUDES", "SECTOR": 2, "NATU_JUR": 9, "CALENDARIO": 1, "GENERO": 5, "COD_LOCA": "16", "ESPECIALID": 13, "CLASE_TIPO": 1, "BILINGUE": 5, "FECHA": "2024-04-30", "DANE12_EST": "111001011045", "DANE12_SED": "111001014818", "DA_HIPOACU": 0, "DA_SORDERA": 0, "DA_LENGUAS": 0, "DA_UCASTEL": 0, "DISCAP_FIS": 1, "DISCAP_FLE": 0, "DISCAP_PCE": 0, "DI_DCOGNIT": 9, "DI_SDOWN": 0, "DIS_MULTIP": 10, "DIS_PSICOS": 1, "DV_BAJAVIS": 0, "DIS_CEGUER": 0, "T_ESPECTRO": 0, "T_VOZ_Y_HA": 0, "SISTEMICA": 0, "SORDOCEGUE": 0, "OTRA": 0, "TOT_EST_MA": 22, "AFRODESCEN": 0, "INDIGENAS": 5, "NEGRITUDES": 1, "PALENQUERO": 0, "RAIZALES": 0, "ROM": 0, "TOT_EST_ET": 6, "CAPACID_EX": 0, "DOBLE_EXCE": 0, "TE_ACTFISI": 0, "TE_ARTES": 0, "TE_CNATUR": 0, "TE_CSOCIAL": 0, "TE_LDSOCIA": 0, "TE_TECNOLO": 0, "TOT_EST_CA": 0, "TMATRIC_GE": 652, "Zona": 1 }, "geometry": { "type": "Point", "coordinates": [ -8251176.292999999597669, 515302.452399998903275 ] } },
{ "type": "Feature", "properties": { "NOMBRE_EST": "COLEGIO SILVERIA ESPINOSA DE RENDON (IED)", "NOMBRE_SED": "TRINIDAD", "ORDEN_DE_S": "C", "DIRECCION": "CL 5 B # 60 - 29", "DISCAPACID": "AUDITIVA-INTELECTUAL-MULTIPLE", "TALENTOS_O": null, "GRUPOS_ETN": "AFRODESCENDIENTES-INDIGENAS-NEGRITUDES", "SECTOR": 2, "NATU_JUR": 9, "CALENDARIO": 1, "GENERO": 5, "COD_LOCA": "16", "ESPECIALID": 13, "CLASE_TIPO": 1, "BILINGUE": 5, "FECHA": "2024-04-30", "DANE12_EST": "111001011045", "DANE12_SED": "111001014711", "DA_HIPOACU": 0, "DA_SORDERA": 0, "DA_LENGUAS": 0, "DA_UCASTEL": 0, "DISCAP_FIS": 0, "DISCAP_FLE": 0, "DISCAP_PCE": 0, "DI_DCOGNIT": 4, "DI_SDOWN": 0, "DIS_MULTIP": 6, "DIS_PSICOS": 0, "DV_BAJAVIS": 0, "DIS_CEGUER": 0, "T_ESPECTRO": 0, "T_VOZ_Y_HA": 0, "SISTEMICA": 0, "SORDOCEGUE": 0, "OTRA": 0, "TOT_EST_MA": 11, "AFRODESCEN": 2, "INDIGENAS": 5, "NEGRITUDES": 1, "PALENQUERO": 0, "RAIZALES": 0, "ROM": 0, "TOT_EST_ET": 8, "CAPACID_EX": 0, "DOBLE_EXCE": 0, "TE_ACTFISI": 0, "TE_ARTES": 0, "TE_CNATUR": 0, "TE_CSOCIAL": 0, "TE_LDSOCIA": 0, "TE_TECNOLO": 0, "TOT_EST_CA": 0, "TMATRIC_GE": 281, "Zona": 1 }, "geometry": { "type": "Point", "coordinates": [ -8250668.367799999192357, 515637.173500001430511 ] } },
{ "type": "Feature", "properties": { "NOMBRE_EST": "COLEGIO ANDRES BELLO (IED)", "NOMBRE_SED": "ANDRES BELLO", "ORDEN_DE_S": "A", "DIRECCION": "CL 39 SUR # 51 D - 19", "DISCAPACID": "AUDITIVA-FISICA-INTELECTUAL-MENTAL/PSICOSOCIAL-MULTIPLE-VISUAL", "TALENTOS_O": "TALENTO EXCEPCIONAL EN ACTIVIDAD FISICA, EJERCICIO Y DEPORTE-TALENTO EXCEPCIONAL EN ARTES Y LETRAS-TALENTO EXCEPCIONAL EN LIDERAZGO SOCIAL Y EMPRENDIMIENTO-TALENTO EXCEPCIONAL EN TECNOLOGIA", "GRUPOS_ETN": "AFRODESCENDIENTES-INDIGENAS-NEGRITUDES", "SECTOR": 2, "NATU_JUR": 9, "CALENDARIO": 1, "GENERO": 5, "COD_LOCA": "16", "ESPECIALID": 1, "CLASE_TIPO": 1, "BILINGUE": 5, "FECHA": "2024-04-30", "DANE12_EST": "111001011274", "DANE12_SED": "111001011274", "DA_HIPOACU": 3, "DA_SORDERA": 0, "DA_LENGUAS": 0, "DA_UCASTEL": 0, "DISCAP_FIS": 3, "DISCAP_FLE": 0, "DISCAP_PCE": 0, "DI_DCOGNIT": 8, "DI_SDOWN": 0, "DIS_MULTIP": 2, "DIS_PSICOS": 4, "DV_BAJAVIS": 2, "DIS_CEGUER": 0, "T_ESPECTRO": 0, "T_VOZ_Y_HA": 0, "SISTEMICA": 0, "SORDOCEGUE": 0, "OTRA": 0, "TOT_EST_MA": 22, "AFRODESCEN": 1, "INDIGENAS": 5, "NEGRITUDES": 3, "PALENQUERO": 0, "RAIZALES": 0, "ROM": 0, "TOT_EST_ET": 9, "CAPACID_EX": 0, "DOBLE_EXCE": 0, "TE_ACTFISI": 0, "TE_ARTES": 0, "TE_CNATUR": 0, "TE_CSOCIAL": 0, "TE_LDSOCIA": 0, "TE_TECNOLO": 0, "TOT_EST_CA": 0, "TMATRIC_GE": 1413, "Zona": 1 }, "geometry": { "type": "Point", "coordinates": [ -8252148.615399999544024, 512548.615899998694658 ] } },
{ "type": "Feature", "properties": { "NOMBRE_EST": "COLEGIO ANDRES BELLO (IED)", "NOMBRE_SED": "JOSE JOAQUIN CASTRO MARTINEZ", "ORDEN_DE_S": "B", "DIRECCION": "CL 39 SUR # 51 D - 19", "DISCAPACID": "AUDITIVA-INTELECTUAL-MENTAL/PSICOSOCIAL-MULTIPLE", "TALENTOS_O": "TALENTO EXCEPCIONAL EN ACTIVIDAD FISICA, EJERCICIO Y DEPORTE-TALENTO EXCEPCIONAL EN CIENCIAS SOCIALES O HUMANAS", "GRUPOS_ETN": "INDIGENAS-NEGRITUDES", "SECTOR": 2, "NATU_JUR": 9, "CALENDARIO": 1, "GENERO": 5, "COD_LOCA": "16", "ESPECIALID": 13, "CLASE_TIPO": 1, "BILINGUE": 5, "FECHA": "2024-04-30", "DANE12_EST": "111001011274", "DANE12_SED": "111001014893", "DA_HIPOACU": 0, "DA_SORDERA": 0, "DA_LENGUAS": 0, "DA_UCASTEL": 0, "DISCAP_FIS": 0, "DISCAP_FLE": 0, "DISCAP_PCE": 0, "DI_DCOGNIT": 2, "DI_SDOWN": 0, "DIS_MULTIP": 0, "DIS_PSICOS": 1, "DV_BAJAVIS": 0, "DIS_CEGUER": 0, "T_ESPECTRO": 0, "T_VOZ_Y_HA": 0, "SISTEMICA": 0, "SORDOCEGUE": 0, "OTRA": 0, "TOT_EST_MA": 3, "AFRODESCEN": 0, "INDIGENAS": 0, "NEGRITUDES": 0, "PALENQUERO": 0, "RAIZALES": 0, "ROM": 0, "TOT_EST_ET": 0, "CAPACID_EX": 0, "DOBLE_EXCE": 0, "TE_ACTFISI": 0, "TE_ARTES": 0, "TE_CNATUR": 0, "TE_CSOCIAL": 0, "TE_LDSOCIA": 0, "TE_TECNOLO": 0, "TOT_EST_CA": 0, "TMATRIC_GE": 306, "Zona": 1 }, "geometry": { "type": "Point", "coordinates": [ -8252148.615399999544024, 512548.615899998694658 ] } },
{ "type": "Feature", "properties": { "NOMBRE_EST": "COLEGIO EL JAZMIN (IED)", "NOMBRE_SED": "EL JAZMIN", "ORDEN_DE_S": "A", "DIRECCION": "CL 1 H # 40 D - 13", "DISCAPACID": "AUDITIVA-FISICA-INTELECTUAL-MENTAL/PSICOSOCIAL-MULTIPLE-VISUAL", "TALENTOS_O": "TALENTO EXCEPCIONAL EN ACTIVIDAD FISICA, EJERCICIO Y DEPORTE-TALENTO EXCEPCIONAL EN ARTES Y LETRAS-TALENTO EXCEPCIONAL EN CIENCIAS NATURALES O BASICAS-TALENTO EXCEPCIONAL EN LIDERAZGO SOCIAL Y EMPRENDIMIENTO-TALENTO EXCEPCIONAL EN TECNOLOGIA", "GRUPOS_ETN": "AFRODESCENDIENTES-INDIGENAS-NEGRITUDES", "SECTOR": 2, "NATU_JUR": 9, "CALENDARIO": 1, "GENERO": 5, "COD_LOCA": "16", "ESPECIALID": 1, "CLASE_TIPO": 1, "BILINGUE": 5, "FECHA": "2024-04-30", "DANE12_EST": "111001012530", "DANE12_SED": "111001012530", "DA_HIPOACU": 0, "DA_SORDERA": 0, "DA_LENGUAS": 0, "DA_UCASTEL": 0, "DISCAP_FIS": 0, "DISCAP_FLE": 0, "DISCAP_PCE": 0, "DI_DCOGNIT": 10, "DI_SDOWN": 0, "DIS_MULTIP": 12, "DIS_PSICOS": 1, "DV_BAJAVIS": 0, "DIS_CEGUER": 0, "T_ESPECTRO": 0, "T_VOZ_Y_HA": 0, "SISTEMICA": 0, "SORDOCEGUE": 0, "OTRA": 0, "TOT_EST_MA": 23, "AFRODESCEN": 6, "INDIGENAS": 4, "NEGRITUDES": 3, "PALENQUERO": 0, "RAIZALES": 0, "ROM": 0, "TOT_EST_ET": 13, "CAPACID_EX": 2, "DOBLE_EXCE": 0, "TE_ACTFISI": 0, "TE_ARTES": 0, "TE_CNATUR": 0, "TE_CSOCIAL": 0, "TE_LDSOCIA": 0, "TE_TECNOLO": 0, "TOT_EST_CA": 2, "TMATRIC_GE": 1001, "Zona": 1 }, "geometry": { "type": "Point", "coordinates": [ -8250437.284099999815226, 513752.143500000238419 ] } },
{ "type": "Feature", "properties": { "NOMBRE_EST": "COLEGIO EL JAZMIN (IED)", "NOMBRE_SED": "LA PRIMAVERA", "ORDEN_DE_S": "B", "DIRECCION": "KR 41 B # 4 C - 27", "DISCAPACID": "INTELECTUAL-MENTAL/PSICOSOCIAL-MULTIPLE", "TALENTOS_O": "TALENTO EXCEPCIONAL EN ACTIVIDAD FISICA, EJERCICIO Y DEPORTE-TALENTO EXCEPCIONAL EN CIENCIAS SOCIALES O HUMANAS-TALENTO EXCEPCIONAL EN TECNOLOGIA", "GRUPOS_ETN": "AFRODESCENDIENTES-INDIGENAS", "SECTOR": 2, "NATU_JUR": 9, "CALENDARIO": 1, "GENERO": 5, "COD_LOCA": "16", "ESPECIALID": 13, "CLASE_TIPO": 1, "BILINGUE": 5, "FECHA": "2024-04-30", "DANE12_EST": "111001012530", "DANE12_SED": "111001012165", "DA_HIPOACU": 0, "DA_SORDERA": 0, "DA_LENGUAS": 0, "DA_UCASTEL": 0, "DISCAP_FIS": 1, "DISCAP_FLE": 0, "DISCAP_PCE": 0, "DI_DCOGNIT": 6, "DI_SDOWN": 0, "DIS_MULTIP": 9, "DIS_PSICOS": 0, "DV_BAJAVIS": 0, "DIS_CEGUER": 0, "T_ESPECTRO": 0, "T_VOZ_Y_HA": 0, "SISTEMICA": 0, "SORDOCEGUE": 0, "OTRA": 0, "TOT_EST_MA": 16, "AFRODESCEN": 1, "INDIGENAS": 2, "NEGRITUDES": 0, "PALENQUERO": 0, "RAIZALES": 0, "ROM": 0, "TOT_EST_ET": 3, "CAPACID_EX": 0, "DOBLE_EXCE": 0, "TE_ACTFISI": 0, "TE_ARTES": 0, "TE_CNATUR": 0, "TE_CSOCIAL": 0, "TE_LDSOCIA": 0, "TE_TECNOLO": 0, "TOT_EST_CA": 0, "TMATRIC_GE": 486, "Zona": 1 }, "geometry": { "type": "Point", "coordinates": [ -8249808.355699999257922, 514354.493599999696016 ] } },
{ "type": "Feature", "properties": { "NOMBRE_EST": "COLEGIO ESPAÑA (IED)", "NOMBRE_SED": "ESPAÑA", "ORDEN_DE_S": "A", "DIRECCION": "CL 18 # 35 - 25", "DISCAPACID": "INTELECTUAL", "TALENTOS_O": "TALENTO EXCEPCIONAL EN ARTES Y LETRAS", "GRUPOS_ETN": "AFRODESCENDIENTES-INDIGENAS-NEGRITUDES", "SECTOR": 2, "NATU_JUR": 9, "CALENDARIO": 1, "GENERO": 5, "COD_LOCA": "16", "ESPECIALID": 1, "CLASE_TIPO": 1, "BILINGUE": 5, "FECHA": "2024-04-30", "DANE12_EST": "111001012556", "DANE12_SED": "111001012556", "DA_HIPOACU": 0, "DA_SORDERA": 0, "DA_LENGUAS": 0, "DA_UCASTEL": 0, "DISCAP_FIS": 0, "DISCAP_FLE": 0, "DISCAP_PCE": 0, "DI_DCOGNIT": 1, "DI_SDOWN": 0, "DIS_MULTIP": 0, "DIS_PSICOS": 0, "DV_BAJAVIS": 0, "DIS_CEGUER": 0, "T_ESPECTRO": 0, "T_VOZ_Y_HA": 0, "SISTEMICA": 0, "SORDOCEGUE": 0, "OTRA": 0, "TOT_EST_MA": 1, "AFRODESCEN": 5, "INDIGENAS": 3, "NEGRITUDES": 3, "PALENQUERO": 0, "RAIZALES": 0, "ROM": 0, "TOT_EST_ET": 11, "CAPACID_EX": 0, "DOBLE_EXCE": 0, "TE_ACTFISI": 0, "TE_ARTES": 0, "TE_CNATUR": 0, "TE_CSOCIAL": 0, "TE_LDSOCIA": 0, "TE_TECNOLO": 0, "TOT_EST_CA": 0, "TMATRIC_GE": 319, "Zona": 1 }, "geometry": { "type": "Point", "coordinates": [ -8247998.818399999290705, 515055.977299999445677 ] } },
{ "type": "Feature", "properties": { "NOMBRE_EST": "COLEGIO ESPAÑA (IED)", "NOMBRE_SED": "CUNDINAMARCA", "ORDEN_DE_S": "B", "DIRECCION": "CL 19 C # 33 - 38", "DISCAPACID": "INTELECTUAL-MENTAL/PSICOSOCIAL", "TALENTOS_O": null, "GRUPOS_ETN": "INDIGENAS-NEGRITUDES", "SECTOR": 2, "NATU_JUR": 9, "CALENDARIO": 1, "GENERO": 5, "COD_LOCA": "16", "ESPECIALID": 13, "CLASE_TIPO": 1, "BILINGUE": 5, "FECHA": "2024-04-30", "DANE12_EST": "111001012556", "DANE12_SED": "111001012548", "DA_HIPOACU": 0, "DA_SORDERA": 0, "DA_LENGUAS": 0, "DA_UCASTEL": 0, "DISCAP_FIS": 0, "DISCAP_FLE": 0, "DISCAP_PCE": 0, "DI_DCOGNIT": 0, "DI_SDOWN": 0, "DIS_MULTIP": 1, "DIS_PSICOS": 2, "DV_BAJAVIS": 0, "DIS_CEGUER": 0, "T_ESPECTRO": 0, "T_VOZ_Y_HA": 0, "SISTEMICA": 0, "SORDOCEGUE": 0, "OTRA": 0, "TOT_EST_MA": 4, "AFRODESCEN": 1, "INDIGENAS": 4, "NEGRITUDES": 0, "PALENQUERO": 0, "RAIZALES": 0, "ROM": 0, "TOT_EST_ET": 5, "CAPACID_EX": 0, "DOBLE_EXCE": 0, "TE_ACTFISI": 0, "TE_ARTES": 0, "TE_CNATUR": 0, "TE_CSOCIAL": 0, "TE_LDSOCIA": 0, "TE_TECNOLO": 0, "TOT_EST_CA": 0, "TMATRIC_GE": 247, "Zona": 1 }, "geometry": { "type": "Point", "coordinates": [ -8247609.844799999147654, 515139.910399999469519 ] } },
{ "type": "Feature", "properties": { "NOMBRE_EST": "COLEGIO TECNICO BENJAMIN HERRERA (IED)", "NOMBRE_SED": "BENJAMIN HERRERA", "ORDEN_DE_S": "A", "DIRECCION": "KR 51 A # 26 - 38 SUR", "DISCAPACID": "AUDITIVA-FISICA-INTELECTUAL-MENTAL/PSICOSOCIAL-MULTIPLE-SORDOCEGUERA-VISUAL", "TALENTOS_O": "CAPACIDADES EXCEPCIONALES-TALENTO EXCEPCIONAL EN ACTIVIDAD FISICA, EJERCICIO Y DEPORTE-TALENTO EXCEPCIONAL EN ARTES Y LETRAS-TALENTO EXCEPCIONAL EN CIENCIAS NATURALES O BASICAS-TALENTO EXCEPCIONAL EN LIDERAZGO SOCIAL Y EMPRENDIMIENTO", "GRUPOS_ETN": "AFRODESCENDIENTES-INDIGENAS-NEGRITUDES", "SECTOR": 2, "NATU_JUR": 9, "CALENDARIO": 1, "GENERO": 5, "COD_LOCA": "16", "ESPECIALID": 12, "CLASE_TIPO": 1, "BILINGUE": 5, "FECHA": "2024-04-30", "DANE12_EST": "111001012963", "DANE12_SED": "111001012963", "DA_HIPOACU": 2, "DA_SORDERA": 0, "DA_LENGUAS": 0, "DA_UCASTEL": 0, "DISCAP_FIS": 5, "DISCAP_FLE": 0, "DISCAP_PCE": 0, "DI_DCOGNIT": 33, "DI_SDOWN": 0, "DIS_MULTIP": 12, "DIS_PSICOS": 10, "DV_BAJAVIS": 1, "DIS_CEGUER": 0, "T_ESPECTRO": 0, "T_VOZ_Y_HA": 0, "SISTEMICA": 0, "SORDOCEGUE": 0, "OTRA": 0, "TOT_EST_MA": 63, "AFRODESCEN": 3, "INDIGENAS": 3, "NEGRITUDES": 1, "PALENQUERO": 1, "RAIZALES": 0, "ROM": 0, "TOT_EST_ET": 8, "CAPACID_EX": 1, "DOBLE_EXCE": 0, "TE_ACTFISI": 0, "TE_ARTES": 1, "TE_CNATUR": 0, "TE_CSOCIAL": 0, "TE_LDSOCIA": 0, "TE_TECNOLO": 0, "TOT_EST_CA": 1, "TMATRIC_GE": 1009, "Zona": 1 }, "geometry": { "type": "Point", "coordinates": [ -8251433.514499999582767, 512999.967099998146296 ] } },
{ "type": "Feature", "properties": { "NOMBRE_EST": "COLEGIO TECNICO BENJAMIN HERRERA (IED)", "NOMBRE_SED": "REPUBLICA DE FRANCIA", "ORDEN_DE_S": "B", "DIRECCION": "KR 51 C # 33 - 41/37 SUR  -- KR 51 C # 34 - 07 SUR", "DISCAPACID": "FISICA-INTELECTUAL-MENTAL/PSICOSOCIAL-MULTIPLE", "TALENTOS_O": "CAPACIDADES EXCEPCIONALES-TALENTO EXCEPCIONAL EN ACTIVIDAD FISICA, EJERCICIO Y DEPORTE", "GRUPOS_ETN": "AFRODESCENDIENTES-INDIGENAS-RAIZALES", "SECTOR": 2, "NATU_JUR": 9, "CALENDARIO": 1, "GENERO": 5, "COD_LOCA": "16", "ESPECIALID": 12, "CLASE_TIPO": 1, "BILINGUE": 5, "FECHA": "2024-04-30", "DANE12_EST": "111001012963", "DANE12_SED": "111001012521", "DA_HIPOACU": 0, "DA_SORDERA": 0, "DA_LENGUAS": 0, "DA_UCASTEL": 0, "DISCAP_FIS": 4, "DISCAP_FLE": 0, "DISCAP_PCE": 0, "DI_DCOGNIT": 15, "DI_SDOWN": 0, "DIS_MULTIP": 8, "DIS_PSICOS": 2, "DV_BAJAVIS": 0, "DIS_CEGUER": 0, "T_ESPECTRO": 0, "T_VOZ_Y_HA": 0, "SISTEMICA": 0, "SORDOCEGUE": 0, "OTRA": 0, "TOT_EST_MA": 29, "AFRODESCEN": 1, "INDIGENAS": 5, "NEGRITUDES": 2, "PALENQUERO": 0, "RAIZALES": 0, "ROM": 0, "TOT_EST_ET": 8, "CAPACID_EX": 0, "DOBLE_EXCE": 0, "TE_ACTFISI": 0, "TE_ARTES": 0, "TE_CNATUR": 0, "TE_CSOCIAL": 0, "TE_LDSOCIA": 0, "TE_TECNOLO": 0, "TOT_EST_CA": 0, "TMATRIC_GE": 477, "Zona": 1 }, "geometry": { "type": "Point", "coordinates": [ -8251788.752800000831485, 512839.867400001734495 ] } },
{ "type": "Feature", "properties": { "NOMBRE_EST": "COLEGIO TECNICO BENJAMIN HERRERA (IED)", "NOMBRE_SED": "TAYRONA", "ORDEN_DE_S": "C", "DIRECCION": "CL 29 SUR # 41 A - 42", "DISCAPACID": "FISICA-INTELECTUAL-MENTAL/PSICOSOCIAL-MULTIPLE", "TALENTOS_O": "TALENTO EXCEPCIONAL EN ACTIVIDAD FISICA, EJERCICIO Y DEPORTE-TALENTO EXCEPCIONAL EN ARTES Y LETRAS", "GRUPOS_ETN": "INDIGENAS", "SECTOR": 2, "NATU_JUR": 9, "CALENDARIO": 1, "GENERO": 5, "COD_LOCA": "16", "ESPECIALID": 13, "CLASE_TIPO": 1, "BILINGUE": 5, "FECHA": "2024-04-30", "DANE12_EST": "111001012963", "DANE12_SED": "111001029033", "DA_HIPOACU": 0, "DA_SORDERA": 0, "DA_LENGUAS": 0, "DA_UCASTEL": 0, "DISCAP_FIS": 0, "DISCAP_FLE": 0, "DISCAP_PCE": 0, "DI_DCOGNIT": 2, "DI_SDOWN": 0, "DIS_MULTIP": 3, "DIS_PSICOS": 0, "DV_BAJAVIS": 0, "DIS_CEGUER": 0, "T_ESPECTRO": 0, "T_VOZ_Y_HA": 0, "SISTEMICA": 0, "SORDOCEGUE": 0, "OTRA": 0, "TOT_EST_MA": 5, "AFRODESCEN": 2, "INDIGENAS": 0, "NEGRITUDES": 0, "PALENQUERO": 0, "RAIZALES": 0, "ROM": 0, "TOT_EST_ET": 2, "CAPACID_EX": 0, "DOBLE_EXCE": 0, "TE_ACTFISI": 0, "TE_ARTES": 0, "TE_CNATUR": 0, "TE_CSOCIAL": 0, "TE_LDSOCIA": 0, "TE_TECNOLO": 0, "TOT_EST_CA": 0, "TMATRIC_GE": 129, "Zona": 1 }, "geometry": { "type": "Point", "coordinates": [ -8251155.426200000569224, 512777.987100001424551 ] } },
{ "type": "Feature", "properties": { "NOMBRE_EST": "COLEGIO JOSE JOAQUIN CASAS (IED)", "NOMBRE_SED": "JOSE JOAQUIN CASAS", "ORDEN_DE_S": "A", "DIRECCION": "KR 56 # 15 - 41", "DISCAPACID": "INTELECTUAL", "TALENTOS_O": null, "GRUPOS_ETN": "AFRODESCENDIENTES-NEGRITUDES", "SECTOR": 2, "NATU_JUR": 9, "CALENDARIO": 1, "GENERO": 5, "COD_LOCA": "16", "ESPECIALID": 13, "CLASE_TIPO": 1, "BILINGUE": 5, "FECHA": "2024-04-30", "DANE12_EST": "111001014729", "DANE12_SED": "111001014729", "DA_HIPOACU": 0, "DA_SORDERA": 0, "DA_LENGUAS": 0, "DA_UCASTEL": 0, "DISCAP_FIS": 1, "DISCAP_FLE": 0, "DISCAP_PCE": 0, "DI_DCOGNIT": 2, "DI_SDOWN": 0, "DIS_MULTIP": 1, "DIS_PSICOS": 0, "DV_BAJAVIS": 0, "DIS_CEGUER": 0, "T_ESPECTRO": 0, "T_VOZ_Y_HA": 0, "SISTEMICA": 0, "SORDOCEGUE": 0, "OTRA": 0, "TOT_EST_MA": 4, "AFRODESCEN": 2, "INDIGENAS": 5, "NEGRITUDES": 1, "PALENQUERO": 0, "RAIZALES": 0, "ROM": 0, "TOT_EST_ET": 8, "CAPACID_EX": 0, "DOBLE_EXCE": 0, "TE_ACTFISI": 0, "TE_ARTES": 0, "TE_CNATUR": 0, "TE_CSOCIAL": 0, "TE_LDSOCIA": 0, "TE_TECNOLO": 0, "TOT_EST_CA": 0, "TMATRIC_GE": 215, "Zona": 1 }, "geometry": { "type": "Point", "coordinates": [ -8249754.4726, 516201.052700001746416 ] } },
{ "type": "Feature", "properties": { "NOMBRE_EST": "COLEGIO JOSE JOAQUIN CASAS (IED)", "NOMBRE_SED": "JOSE JOAQUIN CASAS", "ORDEN_DE_S": "B", "DIRECCION": "KR 56 # 17 - 11", "DISCAPACID": "AUDITIVA-INTELECTUAL-MENTAL/PSICOSOCIAL-MULTIPLE", "TALENTOS_O": null, "GRUPOS_ETN": "AFRODESCENDIENTES-INDIGENAS-NEGRITUDES", "SECTOR": 2, "NATU_JUR": 9, "CALENDARIO": 1, "GENERO": 5, "COD_LOCA": "16", "ESPECIALID": 1, "CLASE_TIPO": 1, "BILINGUE": 5, "FECHA": "2024-04-30", "DANE12_EST": "111001014729", "DANE12_SED": "111001106267", "DA_HIPOACU": 0, "DA_SORDERA": 0, "DA_LENGUAS": 0, "DA_UCASTEL": 0, "DISCAP_FIS": 0, "DISCAP_FLE": 0, "DISCAP_PCE": 0, "DI_DCOGNIT": 2, "DI_SDOWN": 0, "DIS_MULTIP": 2, "DIS_PSICOS": 1, "DV_BAJAVIS": 0, "DIS_CEGUER": 0, "T_ESPECTRO": 0, "T_VOZ_Y_HA": 0, "SISTEMICA": 0, "SORDOCEGUE": 0, "OTRA": 0, "TOT_EST_MA": 6, "AFRODESCEN": 1, "INDIGENAS": 4, "NEGRITUDES": 1, "PALENQUERO": 0, "RAIZALES": 0, "ROM": 0, "TOT_EST_ET": 6, "CAPACID_EX": 0, "DOBLE_EXCE": 0, "TE_ACTFISI": 0, "TE_ARTES": 0, "TE_CNATUR": 0, "TE_CSOCIAL": 0, "TE_LDSOCIA": 0, "TE_TECNOLO": 0, "TOT_EST_CA": 0, "TMATRIC_GE": 165, "Zona": 1 }, "geometry": { "type": "Point", "coordinates": [ -8249705.423000000417233, 516259.117800001055002 ] } },
{ "type": "Feature", "properties": { "NOMBRE_EST": "COLEGIO ANTONIO JOSE DE SUCRE (IED)", "NOMBRE_SED": "ANTONIO JOSE DE SUCRE", "ORDEN_DE_S": "A", "DIRECCION": "CL 11 # 65 B - 10", "DISCAPACID": "AUDITIVA-FISICA-INTELECTUAL-MENTAL/PSICOSOCIAL-MULTIPLE-SORDOCEGUERA", "TALENTOS_O": "CAPACIDADES EXCEPCIONALES-TALENTO EXCEPCIONAL EN ACTIVIDAD FISICA, EJERCICIO Y DEPORTE-TALENTO EXCEPCIONAL EN ARTES Y LETRAS-TALENTO EXCEPCIONAL EN CIENCIAS SOCIALES O HUMANAS", "GRUPOS_ETN": "INDIGENAS", "SECTOR": 2, "NATU_JUR": 9, "CALENDARIO": 1, "GENERO": 5, "COD_LOCA": "16", "ESPECIALID": 1, "CLASE_TIPO": 1, "BILINGUE": 5, "FECHA": "2024-04-30", "DANE12_EST": "111001014745", "DANE12_SED": "111001014745", "DA_HIPOACU": 2, "DA_SORDERA": 0, "DA_LENGUAS": 0, "DA_UCASTEL": 0, "DISCAP_FIS": 2, "DISCAP_FLE": 0, "DISCAP_PCE": 0, "DI_DCOGNIT": 4, "DI_SDOWN": 0, "DIS_MULTIP": 5, "DIS_PSICOS": 1, "DV_BAJAVIS": 1, "DIS_CEGUER": 0, "T_ESPECTRO": 0, "T_VOZ_Y_HA": 0, "SISTEMICA": 0, "SORDOCEGUE": 3, "OTRA": 0, "TOT_EST_MA": 18, "AFRODESCEN": 1, "INDIGENAS": 4, "NEGRITUDES": 0, "PALENQUERO": 0, "RAIZALES": 0, "ROM": 0, "TOT_EST_ET": 5, "CAPACID_EX": 0, "DOBLE_EXCE": 0, "TE_ACTFISI": 0, "TE_ARTES": 0, "TE_CNATUR": 0, "TE_CSOCIAL": 0, "TE_LDSOCIA": 0, "TE_TECNOLO": 0, "TOT_EST_CA": 0, "TMATRIC_GE": 433, "Zona": 1 }, "geometry": { "type": "Point", "coordinates": [ -8250798.956700000911951, 516359.504299998283386 ] } },
{ "type": "Feature", "properties": { "NOMBRE_EST": "COLEGIO MARCO ANTONIO CARREÑO SILVA (IED)", "NOMBRE_SED": "EL REMANSO", "ORDEN_DE_S": "A", "DIRECCION": "CL 17 B SUR # 34 A - 21", "DISCAPACID": "FISICA-INTELECTUAL-MENTAL/PSICOSOCIAL-MULTIPLE", "TALENTOS_O": "TALENTO EXCEPCIONAL EN ACTIVIDAD FISICA, EJERCICIO Y DEPORTE-TALENTO EXCEPCIONAL EN LIDERAZGO SOCIAL Y EMPRENDIMIENTO-TALENTO EXCEPCIONAL EN TECNOLOGIA", "GRUPOS_ETN": "INDIGENAS", "SECTOR": 2, "NATU_JUR": 9, "CALENDARIO": 1, "GENERO": 5, "COD_LOCA": "16", "ESPECIALID": 1, "CLASE_TIPO": 1, "BILINGUE": 5, "FECHA": "2024-04-30", "DANE12_EST": "111001014826", "DANE12_SED": "111001014826", "DA_HIPOACU": 0, "DA_SORDERA": 0, "DA_LENGUAS": 0, "DA_UCASTEL": 0, "DISCAP_FIS": 3, "DISCAP_FLE": 0, "DISCAP_PCE": 0, "DI_DCOGNIT": 4, "DI_SDOWN": 0, "DIS_MULTIP": 4, "DIS_PSICOS": 5, "DV_BAJAVIS": 0, "DIS_CEGUER": 0, "T_ESPECTRO": 0, "T_VOZ_Y_HA": 0, "SISTEMICA": 0, "SORDOCEGUE": 0, "OTRA": 0, "TOT_EST_MA": 16, "AFRODESCEN": 2, "INDIGENAS": 2, "NEGRITUDES": 0, "PALENQUERO": 0, "RAIZALES": 0, "ROM": 0, "TOT_EST_ET": 4, "CAPACID_EX": 0, "DOBLE_EXCE": 0, "TE_ACTFISI": 0, "TE_ARTES": 0, "TE_CNATUR": 0, "TE_CSOCIAL": 0, "TE_LDSOCIA": 0, "TE_TECNOLO": 0, "TOT_EST_CA": 0, "TMATRIC_GE": 470, "Zona": 1 }, "geometry": { "type": "Point", "coordinates": [ -8250196.766100000590086, 512382.736000001430511 ] } },
{ "type": "Feature", "properties": { "NOMBRE_EST": "COLEGIO MARCO ANTONIO CARREÑO SILVA (IED)", "NOMBRE_SED": "MARCO ANTONIO CARREÑO SILVA", "ORDEN_DE_S": "B", "DIRECCION": "CL 1 # 34 B - 20", "DISCAPACID": "AUDITIVA-FISICA-INTELECTUAL-MENTAL/PSICOSOCIAL-MULTIPLE", "TALENTOS_O": "TALENTO EXCEPCIONAL EN ACTIVIDAD FISICA, EJERCICIO Y DEPORTE", "GRUPOS_ETN": "AFRODESCENDIENTES", "SECTOR": 2, "NATU_JUR": 9, "CALENDARIO": 1, "GENERO": 5, "COD_LOCA": "16", "ESPECIALID": 13, "CLASE_TIPO": 1, "BILINGUE": 5, "FECHA": "2024-04-30", "DANE12_EST": "111001014826", "DANE12_SED": "111001012131", "DA_HIPOACU": 0, "DA_SORDERA": 0, "DA_LENGUAS": 0, "DA_UCASTEL": 0, "DISCAP_FIS": 2, "DISCAP_FLE": 0, "DISCAP_PCE": 0, "DI_DCOGNIT": 15, "DI_SDOWN": 0, "DIS_MULTIP": 5, "DIS_PSICOS": 0, "DV_BAJAVIS": 0, "DIS_CEGUER": 0, "T_ESPECTRO": 0, "T_VOZ_Y_HA": 0, "SISTEMICA": 0, "SORDOCEGUE": 0, "OTRA": 0, "TOT_EST_MA": 22, "AFRODESCEN": 1, "INDIGENAS": 1, "NEGRITUDES": 0, "PALENQUERO": 0, "RAIZALES": 0, "ROM": 0, "TOT_EST_ET": 2, "CAPACID_EX": 0, "DOBLE_EXCE": 0, "TE_ACTFISI": 0, "TE_ARTES": 0, "TE_CNATUR": 0, "TE_CSOCIAL": 0, "TE_LDSOCIA": 0, "TE_TECNOLO": 0, "TOT_EST_CA": 0, "TMATRIC_GE": 372, "Zona": 1 }, "geometry": { "type": "Point", "coordinates": [ -8249804.8581000007689, 512820.396699998527765 ] } },
{ "type": "Feature", "properties": { "NOMBRE_EST": "COLEGIO MARCO ANTONIO CARREÑO SILVA (IED)", "NOMBRE_SED": "JORGE GAITAN CORTES", "ORDEN_DE_S": "C", "DIRECCION": "KR 32 C # 1 D - 10", "DISCAPACID": "FISICA-INTELECTUAL-MULTIPLE", "TALENTOS_O": null, "GRUPOS_ETN": null, "SECTOR": 2, "NATU_JUR": 9, "CALENDARIO": 1, "GENERO": 5, "COD_LOCA": "16", "ESPECIALID": 13, "CLASE_TIPO": 1, "BILINGUE": 5, "FECHA": "2024-04-30", "DANE12_EST": "111001014826", "DANE12_SED": "111001012998", "DA_HIPOACU": 0, "DA_SORDERA": 0, "DA_LENGUAS": 0, "DA_UCASTEL": 0, "DISCAP_FIS": 1, "DISCAP_FLE": 0, "DISCAP_PCE": 0, "DI_DCOGNIT": 4, "DI_SDOWN": 0, "DIS_MULTIP": 6, "DIS_PSICOS": 0, "DV_BAJAVIS": 0, "DIS_CEGUER": 0, "T_ESPECTRO": 0, "T_VOZ_Y_HA": 0, "SISTEMICA": 0, "SORDOCEGUE": 0, "OTRA": 0, "TOT_EST_MA": 11, "AFRODESCEN": 1, "INDIGENAS": 1, "NEGRITUDES": 0, "PALENQUERO": 0, "RAIZALES": 0, "ROM": 0, "TOT_EST_ET": 2, "CAPACID_EX": 0, "DOBLE_EXCE": 0, "TE_ACTFISI": 0, "TE_ARTES": 0, "TE_CNATUR": 0, "TE_CSOCIAL": 0, "TE_LDSOCIA": 0, "TE_TECNOLO": 0, "TOT_EST_CA": 0, "TMATRIC_GE": 308, "Zona": 1 }, "geometry": { "type": "Point", "coordinates": [ -8249564.345599999651313, 512926.953299999237061 ] } },
{ "type": "Feature", "properties": { "NOMBRE_EST": "COLEGIO LUIS VARGAS TEJADA (IED)", "NOMBRE_SED": "LUIS VARGAS TEJADA", "ORDEN_DE_S": "A", "DIRECCION": "KR 52 C # 19 A - 76 SUR", "DISCAPACID": "INTELECTUAL-MENTAL/PSICOSOCIAL-MULTIPLE", "TALENTOS_O": "TALENTO EXCEPCIONAL EN CIENCIAS SOCIALES O HUMANAS", "GRUPOS_ETN": null, "SECTOR": 2, "NATU_JUR": 9, "CALENDARIO": 1, "GENERO": 5, "COD_LOCA": "16", "ESPECIALID": 1, "CLASE_TIPO": 1, "BILINGUE": 5, "FECHA": "2024-04-30", "DANE12_EST": "111001014869", "DANE12_SED": "111001014869", "DA_HIPOACU": 0, "DA_SORDERA": 0, "DA_LENGUAS": 0, "DA_UCASTEL": 0, "DISCAP_FIS": 0, "DISCAP_FLE": 0, "DISCAP_PCE": 0, "DI_DCOGNIT": 2, "DI_SDOWN": 0, "DIS_MULTIP": 3, "DIS_PSICOS": 0, "DV_BAJAVIS": 0, "DIS_CEGUER": 0, "T_ESPECTRO": 0, "T_VOZ_Y_HA": 0, "SISTEMICA": 0, "SORDOCEGUE": 0, "OTRA": 0, "TOT_EST_MA": 5, "AFRODESCEN": 1, "INDIGENAS": 0, "NEGRITUDES": 0, "PALENQUERO": 0, "RAIZALES": 0, "ROM": 0, "TOT_EST_ET": 1, "CAPACID_EX": 0, "DOBLE_EXCE": 0, "TE_ACTFISI": 0, "TE_ARTES": 0, "TE_CNATUR": 0, "TE_CSOCIAL": 0, "TE_LDSOCIA": 0, "TE_TECNOLO": 0, "TOT_EST_CA": 0, "TMATRIC_GE": 405, "Zona": 1 }, "geometry": { "type": "Point", "coordinates": [ -8251650.0844, 513686.310600001364946 ] } },
{ "type": "Feature", "properties": { "NOMBRE_EST": "COLEGIO LUIS VARGAS TEJADA (IED)", "NOMBRE_SED": "JOHN F KENNEDY", "ORDEN_DE_S": "B", "DIRECCION": "KR 52 D # 24 - 50 SUR", "DISCAPACID": "FISICA-INTELECTUAL-MULTIPLE", "TALENTOS_O": "TALENTO EXCEPCIONAL EN ACTIVIDAD FISICA, EJERCICIO Y DEPORTE", "GRUPOS_ETN": "AFRODESCENDIENTES", "SECTOR": 2, "NATU_JUR": 9, "CALENDARIO": 1, "GENERO": 5, "COD_LOCA": "16", "ESPECIALID": 13, "CLASE_TIPO": 1, "BILINGUE": 5, "FECHA": "2024-04-30", "DANE12_EST": "111001014869", "DANE12_SED": "111001014851", "DA_HIPOACU": 0, "DA_SORDERA": 0, "DA_LENGUAS": 0, "DA_UCASTEL": 0, "DISCAP_FIS": 2, "DISCAP_FLE": 0, "DISCAP_PCE": 0, "DI_DCOGNIT": 2, "DI_SDOWN": 0, "DIS_MULTIP": 2, "DIS_PSICOS": 0, "DV_BAJAVIS": 0, "DIS_CEGUER": 0, "T_ESPECTRO": 0, "T_VOZ_Y_HA": 0, "SISTEMICA": 0, "SORDOCEGUE": 0, "OTRA": 0, "TOT_EST_MA": 6, "AFRODESCEN": 0, "INDIGENAS": 0, "NEGRITUDES": 1, "PALENQUERO": 0, "RAIZALES": 0, "ROM": 0, "TOT_EST_ET": 1, "CAPACID_EX": 0, "DOBLE_EXCE": 0, "TE_ACTFISI": 0, "TE_ARTES": 0, "TE_CNATUR": 0, "TE_CSOCIAL": 0, "TE_LDSOCIA": 0, "TE_TECNOLO": 0, "TOT_EST_CA": 0, "TMATRIC_GE": 215, "Zona": 1 }, "geometry": { "type": "Point", "coordinates": [ -8251839.099300000816584, 513584.292599998414516 ] } },
{ "type": "Feature", "properties": { "NOMBRE_EST": "COLEGIO JULIO GARAVITO ARMERO (IED)", "NOMBRE_SED": "LA ALQUERIA", "ORDEN_DE_S": "A", "DIRECCION": "CL 40 B SUR # 52 C - 60", "DISCAPACID": "FISICA-INTELECTUAL-MENTAL/PSICOSOCIAL-MULTIPLE", "TALENTOS_O": "TALENTO EXCEPCIONAL EN TECNOLOGIA", "GRUPOS_ETN": "AFRODESCENDIENTES-INDIGENAS-NEGRITUDES", "SECTOR": 2, "NATU_JUR": 9, "CALENDARIO": 1, "GENERO": 5, "COD_LOCA": "16", "ESPECIALID": 13, "CLASE_TIPO": 1, "BILINGUE": 5, "FECHA": "2024-04-30", "DANE12_EST": "111001014885", "DANE12_SED": "111001014885", "DA_HIPOACU": 0, "DA_SORDERA": 0, "DA_LENGUAS": 0, "DA_UCASTEL": 0, "DISCAP_FIS": 2, "DISCAP_FLE": 0, "DISCAP_PCE": 0, "DI_DCOGNIT": 11, "DI_SDOWN": 0, "DIS_MULTIP": 12, "DIS_PSICOS": 1, "DV_BAJAVIS": 0, "DIS_CEGUER": 0, "T_ESPECTRO": 0, "T_VOZ_Y_HA": 0, "SISTEMICA": 0, "SORDOCEGUE": 0, "OTRA": 0, "TOT_EST_MA": 26, "AFRODESCEN": 0, "INDIGENAS": 2, "NEGRITUDES": 2, "PALENQUERO": 0, "RAIZALES": 0, "ROM": 0, "TOT_EST_ET": 4, "CAPACID_EX": 0, "DOBLE_EXCE": 0, "TE_ACTFISI": 0, "TE_ARTES": 0, "TE_CNATUR": 0, "TE_CSOCIAL": 0, "TE_LDSOCIA": 0, "TE_TECNOLO": 0, "TOT_EST_CA": 0, "TMATRIC_GE": 642, "Zona": 1 }, "geometry": { "type": "Point", "coordinates": [ -8252584.395500000566244, 512578.510600000619888 ] } },
{ "type": "Feature", "properties": { "NOMBRE_EST": "COLEGIO JULIO GARAVITO ARMERO (IED)", "NOMBRE_SED": "MUZU I", "ORDEN_DE_S": "B", "DIRECCION": "CL 39 SUR # 51 F - 59", "DISCAPACID": "INTELECTUAL-MENTAL/PSICOSOCIAL-MULTIPLE", "TALENTOS_O": null, "GRUPOS_ETN": "AFRODESCENDIENTES-NEGRITUDES", "SECTOR": 2, "NATU_JUR": 9, "CALENDARIO": 1, "GENERO": 5, "COD_LOCA": "16", "ESPECIALID": 13, "CLASE_TIPO": 1, "BILINGUE": 5, "FECHA": "2024-04-30", "DANE12_EST": "111001014885", "DANE12_SED": "111001015032", "DA_HIPOACU": 0, "DA_SORDERA": 0, "DA_LENGUAS": 0, "DA_UCASTEL": 0, "DISCAP_FIS": 0, "DISCAP_FLE": 0, "DISCAP_PCE": 0, "DI_DCOGNIT": 11, "DI_SDOWN": 0, "DIS_MULTIP": 4, "DIS_PSICOS": 3, "DV_BAJAVIS": 0, "DIS_CEGUER": 0, "T_ESPECTRO": 0, "T_VOZ_Y_HA": 0, "SISTEMICA": 0, "SORDOCEGUE": 0, "OTRA": 0, "TOT_EST_MA": 18, "AFRODESCEN": 1, "INDIGENAS": 0, "NEGRITUDES": 0, "PALENQUERO": 0, "RAIZALES": 0, "ROM": 0, "TOT_EST_ET": 1, "CAPACID_EX": 0, "DOBLE_EXCE": 0, "TE_ACTFISI": 0, "TE_ARTES": 0, "TE_CNATUR": 0, "TE_CSOCIAL": 0, "TE_LDSOCIA": 0, "TE_TECNOLO": 0, "TOT_EST_CA": 0, "TMATRIC_GE": 231, "Zona": 1 }, "geometry": { "type": "Point", "coordinates": [ -8252191.237400000914931, 512592.937600001692772 ] } },
{ "type": "Feature", "properties": { "NOMBRE_EST": "COLEGIO JULIO GARAVITO ARMERO (IED)", "NOMBRE_SED": "MUZU II", "ORDEN_DE_S": "C", "DIRECCION": "KR 52 # 37 - 05 SUR", "DISCAPACID": "AUDITIVA-INTELECTUAL-MENTAL/PSICOSOCIAL-MULTIPLE", "TALENTOS_O": "TALENTO EXCEPCIONAL EN ACTIVIDAD FISICA, EJERCICIO Y DEPORTE-TALENTO EXCEPCIONAL EN ARTES Y LETRAS-TALENTO EXCEPCIONAL EN CIENCIAS NATURALES O BASICAS-TALENTO EXCEPCIONAL EN LIDERAZGO SOCIAL Y EMPRENDIMIENTO", "GRUPOS_ETN": "AFRODESCENDIENTES-INDIGENAS-NEGRITUDES", "SECTOR": 2, "NATU_JUR": 9, "CALENDARIO": 1, "GENERO": 5, "COD_LOCA": "16", "ESPECIALID": 1, "CLASE_TIPO": 1, "BILINGUE": 5, "FECHA": "2024-04-30", "DANE12_EST": "111001014885", "DANE12_SED": "111001015091", "DA_HIPOACU": 0, "DA_SORDERA": 0, "DA_LENGUAS": 0, "DA_UCASTEL": 0, "DISCAP_FIS": 2, "DISCAP_FLE": 0, "DISCAP_PCE": 0, "DI_DCOGNIT": 59, "DI_SDOWN": 0, "DIS_MULTIP": 15, "DIS_PSICOS": 5, "DV_BAJAVIS": 0, "DIS_CEGUER": 0, "T_ESPECTRO": 0, "T_VOZ_Y_HA": 0, "SISTEMICA": 0, "SORDOCEGUE": 0, "OTRA": 0, "TOT_EST_MA": 82, "AFRODESCEN": 3, "INDIGENAS": 1, "NEGRITUDES": 2, "PALENQUERO": 0, "RAIZALES": 0, "ROM": 0, "TOT_EST_ET": 6, "CAPACID_EX": 0, "DOBLE_EXCE": 0, "TE_ACTFISI": 0, "TE_ARTES": 0, "TE_CNATUR": 0, "TE_CSOCIAL": 0, "TE_LDSOCIA": 0, "TE_TECNOLO": 0, "TOT_EST_CA": 0, "TMATRIC_GE": 552, "Zona": 1 }, "geometry": { "type": "Point", "coordinates": [ -8252055.739299999549985, 512844.191100001335144 ] } },
{ "type": "Feature", "properties": { "NOMBRE_EST": "COLEGIO SORRENTO (IED)", "NOMBRE_SED": "SORRENTO", "ORDEN_DE_S": "A", "DIRECCION": "CL 5 B # 53 C - 74", "DISCAPACID": "AUDITIVA-FISICA-INTELECTUAL-MENTAL/PSICOSOCIAL-MULTIPLE-VISUAL", "TALENTOS_O": "CAPACIDADES EXCEPCIONALES-TALENTO EXCEPCIONAL EN ACTIVIDAD FISICA, EJERCICIO Y DEPORTE-TALENTO EXCEPCIONAL EN ARTES Y LETRAS-TALENTO EXCEPCIONAL EN CIENCIAS NATURALES O BASICAS-TALENTO EXCEPCIONAL EN CIENCIAS SOCIALES O HUMANAS-TALENTO EXCEPCIONAL EN TEC", "GRUPOS_ETN": "AFRODESCENDIENTES-INDIGENAS", "SECTOR": 2, "NATU_JUR": 9, "CALENDARIO": 1, "GENERO": 5, "COD_LOCA": "16", "ESPECIALID": 1, "CLASE_TIPO": 1, "BILINGUE": 5, "FECHA": "2024-04-30", "DANE12_EST": "111001020168", "DANE12_SED": "111001020168", "DA_HIPOACU": 4, "DA_SORDERA": 0, "DA_LENGUAS": 0, "DA_UCASTEL": 0, "DISCAP_FIS": 2, "DISCAP_FLE": 0, "DISCAP_PCE": 0, "DI_DCOGNIT": 10, "DI_SDOWN": 0, "DIS_MULTIP": 2, "DIS_PSICOS": 2, "DV_BAJAVIS": 1, "DIS_CEGUER": 0, "T_ESPECTRO": 0, "T_VOZ_Y_HA": 0, "SISTEMICA": 0, "SORDOCEGUE": 0, "OTRA": 0, "TOT_EST_MA": 21, "AFRODESCEN": 6, "INDIGENAS": 3, "NEGRITUDES": 1, "PALENQUERO": 0, "RAIZALES": 0, "ROM": 0, "TOT_EST_ET": 10, "CAPACID_EX": 1, "DOBLE_EXCE": 1, "TE_ACTFISI": 0, "TE_ARTES": 0, "TE_CNATUR": 0, "TE_CSOCIAL": 0, "TE_LDSOCIA": 0, "TE_TECNOLO": 0, "TOT_EST_CA": 1, "TMATRIC_GE": 1250, "Zona": 1 }, "geometry": { "type": "Point", "coordinates": [ -8250252.902300000190735, 515188.302000001072884 ] } },
{ "type": "Feature", "properties": { "NOMBRE_EST": "COLEGIO SORRENTO (IED)", "NOMBRE_SED": "SAN RAFAEL", "ORDEN_DE_S": "B", "DIRECCION": "CL 4 F # 53 - 55", "DISCAPACID": "AUDITIVA-FISICA-INTELECTUAL-MENTAL/PSICOSOCIAL-MULTIPLE-VISUAL", "TALENTOS_O": "CAPACIDADES EXCEPCIONALES-TALENTO EXCEPCIONAL EN ACTIVIDAD FISICA, EJERCICIO Y DEPORTE-TALENTO EXCEPCIONAL EN ARTES Y LETRAS-TALENTO EXCEPCIONAL EN CIENCIAS SOCIALES O HUMANAS-TALENTO EXCEPCIONAL EN LIDERAZGO SOCIAL Y EMPRENDIMIENTO-TALENTO EXCEPCIONAL E", "GRUPOS_ETN": "AFRODESCENDIENTES-INDIGENAS-NEGRITUDES", "SECTOR": 2, "NATU_JUR": 9, "CALENDARIO": 1, "GENERO": 5, "COD_LOCA": "16", "ESPECIALID": 13, "CLASE_TIPO": 1, "BILINGUE": 5, "FECHA": "2024-04-30", "DANE12_EST": "111001020168", "DANE12_SED": "111001012149", "DA_HIPOACU": 0, "DA_SORDERA": 0, "DA_LENGUAS": 0, "DA_UCASTEL": 0, "DISCAP_FIS": 1, "DISCAP_FLE": 0, "DISCAP_PCE": 0, "DI_DCOGNIT": 8, "DI_SDOWN": 0, "DIS_MULTIP": 4, "DIS_PSICOS": 1, "DV_BAJAVIS": 0, "DIS_CEGUER": 0, "T_ESPECTRO": 0, "T_VOZ_Y_HA": 0, "SISTEMICA": 0, "SORDOCEGUE": 0, "OTRA": 0, "TOT_EST_MA": 15, "AFRODESCEN": 3, "INDIGENAS": 2, "NEGRITUDES": 2, "PALENQUERO": 0, "RAIZALES": 0, "ROM": 0, "TOT_EST_ET": 7, "CAPACID_EX": 1, "DOBLE_EXCE": 0, "TE_ACTFISI": 1, "TE_ARTES": 0, "TE_CNATUR": 0, "TE_CSOCIAL": 0, "TE_LDSOCIA": 0, "TE_TECNOLO": 0, "TOT_EST_CA": 1, "TMATRIC_GE": 1005, "Zona": 1 }, "geometry": { "type": "Point", "coordinates": [ -8250258.481599999591708, 514824.627399999648333 ] } },
{ "type": "Feature", "properties": { "NOMBRE_EST": "COLEGIO JOSE MANUEL RESTREPO (IED)", "NOMBRE_SED": "JOSE MANUEL RESTREPO", "ORDEN_DE_S": "A", "DIRECCION": "CL 2 BIS # 56 A - 67", "DISCAPACID": "FISICA-INTELECTUAL-MENTAL/PSICOSOCIAL", "TALENTOS_O": "TALENTO EXCEPCIONAL EN ACTIVIDAD FISICA, EJERCICIO Y DEPORTE-TALENTO EXCEPCIONAL EN ARTES Y LETRAS-TALENTO EXCEPCIONAL EN LIDERAZGO SOCIAL Y EMPRENDIMIENTO-TALENTO EXCEPCIONAL EN TECNOLOGIA", "GRUPOS_ETN": "AFRODESCENDIENTES-INDIGENAS-NEGRITUDES-ROM", "SECTOR": 2, "NATU_JUR": 9, "CALENDARIO": 1, "GENERO": 5, "COD_LOCA": "16", "ESPECIALID": 1, "CLASE_TIPO": 1, "BILINGUE": 5, "FECHA": "2024-04-30", "DANE12_EST": "111001045535", "DANE12_SED": "111001045535", "DA_HIPOACU": 0, "DA_SORDERA": 0, "DA_LENGUAS": 0, "DA_UCASTEL": 0, "DISCAP_FIS": 1, "DISCAP_FLE": 0, "DISCAP_PCE": 0, "DI_DCOGNIT": 3, "DI_SDOWN": 0, "DIS_MULTIP": 0, "DIS_PSICOS": 2, "DV_BAJAVIS": 0, "DIS_CEGUER": 0, "T_ESPECTRO": 0, "T_VOZ_Y_HA": 0, "SISTEMICA": 0, "SORDOCEGUE": 0, "OTRA": 0, "TOT_EST_MA": 7, "AFRODESCEN": 1, "INDIGENAS": 5, "NEGRITUDES": 0, "PALENQUERO": 0, "RAIZALES": 0, "ROM": 0, "TOT_EST_ET": 6, "CAPACID_EX": 0, "DOBLE_EXCE": 0, "TE_ACTFISI": 0, "TE_ARTES": 0, "TE_CNATUR": 0, "TE_CSOCIAL": 0, "TE_LDSOCIA": 0, "TE_TECNOLO": 0, "TOT_EST_CA": 0, "TMATRIC_GE": 1180, "Zona": 1 }, "geometry": { "type": "Point", "coordinates": [ -8251303.072599999606609, 514600.413400001823902 ] } },
{ "type": "Feature", "properties": { "NOMBRE_EST": "COLEGIO LUIS CARLOS GALAN SARMIENTO (IED)", "NOMBRE_SED": "LUIS CARLOS GALAN SARMIENTO", "ORDEN_DE_S": "A", "DIRECCION": "CL 1 B # 52 A - 02", "DISCAPACID": "AUDITIVA-FISICA-INTELECTUAL-MENTAL/PSICOSOCIAL-MULTIPLE", "TALENTOS_O": "TALENTO EXCEPCIONAL EN ARTES Y LETRAS-TALENTO EXCEPCIONAL EN LIDERAZGO SOCIAL Y EMPRENDIMIENTO", "GRUPOS_ETN": "AFRODESCENDIENTES-INDIGENAS-NEGRITUDES", "SECTOR": 2, "NATU_JUR": 9, "CALENDARIO": 1, "GENERO": 5, "COD_LOCA": "16", "ESPECIALID": 1, "CLASE_TIPO": 1, "BILINGUE": 5, "FECHA": "2024-04-30", "DANE12_EST": "111001065056", "DANE12_SED": "111001065056", "DA_HIPOACU": 0, "DA_SORDERA": 0, "DA_LENGUAS": 0, "DA_UCASTEL": 0, "DISCAP_FIS": 2, "DISCAP_FLE": 0, "DISCAP_PCE": 0, "DI_DCOGNIT": 7, "DI_SDOWN": 0, "DIS_MULTIP": 1, "DIS_PSICOS": 5, "DV_BAJAVIS": 0, "DIS_CEGUER": 0, "T_ESPECTRO": 0, "T_VOZ_Y_HA": 0, "SISTEMICA": 0, "SORDOCEGUE": 0, "OTRA": 0, "TOT_EST_MA": 16, "AFRODESCEN": 2, "INDIGENAS": 2, "NEGRITUDES": 2, "PALENQUERO": 0, "RAIZALES": 0, "ROM": 0, "TOT_EST_ET": 6, "CAPACID_EX": 0, "DOBLE_EXCE": 0, "TE_ACTFISI": 0, "TE_ARTES": 0, "TE_CNATUR": 0, "TE_CSOCIAL": 0, "TE_LDSOCIA": 0, "TE_TECNOLO": 0, "TOT_EST_CA": 0, "TMATRIC_GE": 864, "Zona": 1 }, "geometry": { "type": "Point", "coordinates": [ -8250908.345899999141693, 513901.011799998581409 ] } },
{ "type": "Feature", "properties": { "NOMBRE_EST": "COLEGIO LUIS CARLOS GALAN SARMIENTO (IED)", "NOMBRE_SED": "LA PONDEROSA", "ORDEN_DE_S": "B", "DIRECCION": "CL 2 BIS # 52 A - 01", "DISCAPACID": "INTELECTUAL", "TALENTOS_O": "TALENTO EXCEPCIONAL EN ACTIVIDAD FISICA, EJERCICIO Y DEPORTE-TALENTO EXCEPCIONAL EN ARTES Y LETRAS", "GRUPOS_ETN": "AFRODESCENDIENTES-INDIGENAS", "SECTOR": 2, "NATU_JUR": 9, "CALENDARIO": 1, "GENERO": 5, "COD_LOCA": "16", "ESPECIALID": 13, "CLASE_TIPO": 1, "BILINGUE": 5, "FECHA": "2024-04-30", "DANE12_EST": "111001065056", "DANE12_SED": "111001033855", "DA_HIPOACU": 0, "DA_SORDERA": 0, "DA_LENGUAS": 0, "DA_UCASTEL": 0, "DISCAP_FIS": 0, "DISCAP_FLE": 0, "DISCAP_PCE": 0, "DI_DCOGNIT": 3, "DI_SDOWN": 0, "DIS_MULTIP": 1, "DIS_PSICOS": 1, "DV_BAJAVIS": 0, "DIS_CEGUER": 0, "T_ESPECTRO": 0, "T_VOZ_Y_HA": 0, "SISTEMICA": 0, "SORDOCEGUE": 0, "OTRA": 0, "TOT_EST_MA": 5, "AFRODESCEN": 1, "INDIGENAS": 5, "NEGRITUDES": 0, "PALENQUERO": 0, "RAIZALES": 0, "ROM": 0, "TOT_EST_ET": 6, "CAPACID_EX": 0, "DOBLE_EXCE": 0, "TE_ACTFISI": 0, "TE_ARTES": 0, "TE_CNATUR": 0, "TE_CSOCIAL": 0, "TE_LDSOCIA": 0, "TE_TECNOLO": 0, "TOT_EST_CA": 0, "TMATRIC_GE": 495, "Zona": 1 }, "geometry": { "type": "Point", "coordinates": [ -8250758.721400000154972, 513970.259100001305342 ] } },
{ "type": "Feature", "properties": { "NOMBRE_EST": "COLEGIO INTEGRADA LA CANDELARIA (IED)", "NOMBRE_SED": "LA CONCORDIA", "ORDEN_DE_S": "A", "DIRECCION": "CL 12 C  # 1 A - 24", "DISCAPACID": "FISICA-INTELECTUAL-MENTAL/PSICOSOCIAL-MULTIPLE", "TALENTOS_O": "TALENTO EXCEPCIONAL EN ACTIVIDAD FISICA, EJERCICIO Y DEPORTE", "GRUPOS_ETN": "AFRODESCENDIENTES-INDIGENAS-NEGRITUDES", "SECTOR": 2, "NATU_JUR": 9, "CALENDARIO": 1, "GENERO": 5, "COD_LOCA": "17", "ESPECIALID": 1, "CLASE_TIPO": 1, "BILINGUE": 5, "FECHA": "2024-04-30", "DANE12_EST": "111001013323", "DANE12_SED": "111001013323", "DA_HIPOACU": 0, "DA_SORDERA": 0, "DA_LENGUAS": 0, "DA_UCASTEL": 0, "DISCAP_FIS": 5, "DISCAP_FLE": 0, "DISCAP_PCE": 0, "DI_DCOGNIT": 32, "DI_SDOWN": 0, "DIS_MULTIP": 4, "DIS_PSICOS": 3, "DV_BAJAVIS": 0, "DIS_CEGUER": 0, "T_ESPECTRO": 0, "T_VOZ_Y_HA": 0, "SISTEMICA": 0, "SORDOCEGUE": 0, "OTRA": 0, "TOT_EST_MA": 44, "AFRODESCEN": 4, "INDIGENAS": 105, "NEGRITUDES": 7, "PALENQUERO": 0, "RAIZALES": 0, "ROM": 0, "TOT_EST_ET": 116, "CAPACID_EX": 1, "DOBLE_EXCE": 0, "TE_ACTFISI": 1, "TE_ARTES": 0, "TE_CNATUR": 0, "TE_CSOCIAL": 0, "TE_LDSOCIA": 0, "TE_TECNOLO": 0, "TOT_EST_CA": 1, "TMATRIC_GE": 1140, "Zona": 1 }, "geometry": { "type": "Point", "coordinates": [ -8245353.334100000560284, 512424.000399999320507 ] } },
{ "type": "Feature", "properties": { "NOMBRE_EST": "COLEGIO INTEGRADA LA CANDELARIA (IED)", "NOMBRE_SED": "LA INMACULADA", "ORDEN_DE_S": "C", "DIRECCION": "KR 2 # 17 - 65", "DISCAPACID": "INTELECTUAL", "TALENTOS_O": "TALENTO EXCEPCIONAL EN ACTIVIDAD FISICA, EJERCICIO Y DEPORTE-TALENTO EXCEPCIONAL EN LIDERAZGO SOCIAL Y EMPRENDIMIENTO", "GRUPOS_ETN": "INDIGENAS", "SECTOR": 2, "NATU_JUR": 9, "CALENDARIO": 1, "GENERO": 5, "COD_LOCA": "03", "ESPECIALID": 13, "CLASE_TIPO": 1, "BILINGUE": 5, "FECHA": "2024-04-30", "DANE12_EST": "111001013323", "DANE12_SED": "111001013340", "DA_HIPOACU": 0, "DA_SORDERA": 0, "DA_LENGUAS": 0, "DA_UCASTEL": 0, "DISCAP_FIS": 0, "DISCAP_FLE": 0, "DISCAP_PCE": 0, "DI_DCOGNIT": 0, "DI_SDOWN": 0, "DIS_MULTIP": 1, "DIS_PSICOS": 0, "DV_BAJAVIS": 0, "DIS_CEGUER": 0, "T_ESPECTRO": 0, "T_VOZ_Y_HA": 0, "SISTEMICA": 0, "SORDOCEGUE": 0, "OTRA": 0, "TOT_EST_MA": 1, "AFRODESCEN": 1, "INDIGENAS": 40, "NEGRITUDES": 0, "PALENQUERO": 0, "RAIZALES": 0, "ROM": 0, "TOT_EST_ET": 41, "CAPACID_EX": 2, "DOBLE_EXCE": 0, "TE_ACTFISI": 0, "TE_ARTES": 1, "TE_CNATUR": 0, "TE_CSOCIAL": 0, "TE_LDSOCIA": 0, "TE_TECNOLO": 0, "TOT_EST_CA": 2, "TMATRIC_GE": 246, "Zona": 1 }, "geometry": { "type": "Point", "coordinates": [ -8245211.698999999091029, 512789.451499998569489 ] } },
{ "type": "Feature", "properties": { "NOMBRE_EST": "COLEGIO ESCUELA NACIONAL DE COMERCIO (IED)", "NOMBRE_SED": "ESCUELA NACIONAL DE COMERCIO", "ORDEN_DE_S": "A", "DIRECCION": "KR 3 ESTE # 9 - 77", "DISCAPACID": "FISICA-INTELECTUAL-MULTIPLE-VISUAL", "TALENTOS_O": "TALENTO EXCEPCIONAL EN ACTIVIDAD FISICA, EJERCICIO Y DEPORTE-TALENTO EXCEPCIONAL EN ARTES Y LETRAS-TALENTO EXCEPCIONAL EN CIENCIAS SOCIALES O HUMANAS", "GRUPOS_ETN": "AFRODESCENDIENTES-INDIGENAS-NEGRITUDES", "SECTOR": 2, "NATU_JUR": 9, "CALENDARIO": 1, "GENERO": 5, "COD_LOCA": "17", "ESPECIALID": 1, "CLASE_TIPO": 1, "BILINGUE": 5, "FECHA": "2024-04-30", "DANE12_EST": "111001013374", "DANE12_SED": "111001013374", "DA_HIPOACU": 0, "DA_SORDERA": 0, "DA_LENGUAS": 0, "DA_UCASTEL": 0, "DISCAP_FIS": 4, "DISCAP_FLE": 0, "DISCAP_PCE": 0, "DI_DCOGNIT": 24, "DI_SDOWN": 0, "DIS_MULTIP": 1, "DIS_PSICOS": 0, "DV_BAJAVIS": 1, "DIS_CEGUER": 0, "T_ESPECTRO": 0, "T_VOZ_Y_HA": 0, "SISTEMICA": 0, "SORDOCEGUE": 0, "OTRA": 0, "TOT_EST_MA": 31, "AFRODESCEN": 5, "INDIGENAS": 33, "NEGRITUDES": 1, "PALENQUERO": 0, "RAIZALES": 0, "ROM": 0, "TOT_EST_ET": 39, "CAPACID_EX": 1, "DOBLE_EXCE": 0, "TE_ACTFISI": 0, "TE_ARTES": 0, "TE_CNATUR": 0, "TE_CSOCIAL": 1, "TE_LDSOCIA": 1, "TE_TECNOLO": 0, "TOT_EST_CA": 1, "TMATRIC_GE": 1018, "Zona": 1 }, "geometry": { "type": "Point", "coordinates": [ -8245433.686699999496341, 511830.351399999111891 ] } },
{ "type": "Feature", "properties": { "NOMBRE_EST": "COLEGIO RESTREPO MILLAN (IED)", "NOMBRE_SED": "RESTREPO MILLAN", "ORDEN_DE_S": "A", "DIRECCION": "CL 40 SUR # 23 - 25", "DISCAPACID": "AUDITIVA-FISICA-INTELECTUAL-MENTAL/PSICOSOCIAL-MULTIPLE-VISUAL", "TALENTOS_O": "TALENTO EXCEPCIONAL EN ACTIVIDAD FISICA, EJERCICIO Y DEPORTE-TALENTO EXCEPCIONAL EN ARTES Y LETRAS-TALENTO EXCEPCIONAL EN CIENCIAS SOCIALES O HUMANAS", "GRUPOS_ETN": "AFRODESCENDIENTES-INDIGENAS-NEGRITUDES", "SECTOR": 2, "NATU_JUR": 9, "CALENDARIO": 1, "GENERO": 5, "COD_LOCA": "18", "ESPECIALID": 1, "CLASE_TIPO": 1, "BILINGUE": 5, "FECHA": "2024-04-30", "DANE12_EST": "111001010928", "DANE12_SED": "111001010928", "DA_HIPOACU": 0, "DA_SORDERA": 0, "DA_LENGUAS": 0, "DA_UCASTEL": 0, "DISCAP_FIS": 3, "DISCAP_FLE": 0, "DISCAP_PCE": 0, "DI_DCOGNIT": 21, "DI_SDOWN": 0, "DIS_MULTIP": 1, "DIS_PSICOS": 5, "DV_BAJAVIS": 1, "DIS_CEGUER": 0, "T_ESPECTRO": 0, "T_VOZ_Y_HA": 0, "SISTEMICA": 0, "SORDOCEGUE": 0, "OTRA": 0, "TOT_EST_MA": 32, "AFRODESCEN": 9, "INDIGENAS": 6, "NEGRITUDES": 13, "PALENQUERO": 0, "RAIZALES": 0, "ROM": 0, "TOT_EST_ET": 28, "CAPACID_EX": 0, "DOBLE_EXCE": 0, "TE_ACTFISI": 0, "TE_ARTES": 0, "TE_CNATUR": 0, "TE_CSOCIAL": 0, "TE_LDSOCIA": 0, "TE_TECNOLO": 0, "TOT_EST_CA": 0, "TMATRIC_GE": 1179, "Zona": 1 }, "geometry": { "type": "Point", "coordinates": [ -8251088.651200000196695, 510310.934000000357628 ] } },
{ "type": "Feature", "properties": { "NOMBRE_EST": "COLEGIO RESTREPO MILLAN (IED)", "NOMBRE_SED": "ISABEL II DE INGLATERRA", "ORDEN_DE_S": "B", "DIRECCION": "CL 41 SUR # 26 - 20", "DISCAPACID": "AUDITIVA-INTELECTUAL-MULTIPLE-VISUAL", "TALENTOS_O": "TALENTO EXCEPCIONAL EN ARTES Y LETRAS", "GRUPOS_ETN": "AFRODESCENDIENTES", "SECTOR": 2, "NATU_JUR": 9, "CALENDARIO": 1, "GENERO": 5, "COD_LOCA": "18", "ESPECIALID": 13, "CLASE_TIPO": 1, "BILINGUE": 5, "FECHA": "2024-04-30", "DANE12_EST": "111001010928", "DANE12_SED": "111001014915", "DA_HIPOACU": 0, "DA_SORDERA": 0, "DA_LENGUAS": 0, "DA_UCASTEL": 0, "DISCAP_FIS": 0, "DISCAP_FLE": 0, "DISCAP_PCE": 0, "DI_DCOGNIT": 5, "DI_SDOWN": 0, "DIS_MULTIP": 2, "DIS_PSICOS": 0, "DV_BAJAVIS": 1, "DIS_CEGUER": 0, "T_ESPECTRO": 0, "T_VOZ_Y_HA": 0, "SISTEMICA": 0, "SORDOCEGUE": 0, "OTRA": 0, "TOT_EST_MA": 9, "AFRODESCEN": 1, "INDIGENAS": 0, "NEGRITUDES": 0, "PALENQUERO": 0, "RAIZALES": 0, "ROM": 0, "TOT_EST_ET": 1, "CAPACID_EX": 0, "DOBLE_EXCE": 0, "TE_ACTFISI": 0, "TE_ARTES": 0, "TE_CNATUR": 0, "TE_CSOCIAL": 0, "TE_LDSOCIA": 0, "TE_TECNOLO": 0, "TOT_EST_CA": 0, "TMATRIC_GE": 350, "Zona": 1 }, "geometry": { "type": "Point", "coordinates": [ -8251376.62360000051558, 510740.67339999973774 ] } },
{ "type": "Feature", "properties": { "NOMBRE_EST": "COLEGIO RESTREPO MILLAN (IED)", "NOMBRE_SED": "EL PESEBRE", "ORDEN_DE_S": "C", "DIRECCION": "AV CARACAS # 38 - 02 SUR", "DISCAPACID": "INTELECTUAL-MULTIPLE", "TALENTOS_O": "CAPACIDADES EXCEPCIONALES", "GRUPOS_ETN": "AFRODESCENDIENTES-NEGRITUDES", "SECTOR": 2, "NATU_JUR": 9, "CALENDARIO": 1, "GENERO": 5, "COD_LOCA": "18", "ESPECIALID": 13, "CLASE_TIPO": 1, "BILINGUE": 5, "FECHA": "2024-04-30", "DANE12_EST": "111001010928", "DANE12_SED": "111001017973", "DA_HIPOACU": 0, "DA_SORDERA": 0, "DA_LENGUAS": 0, "DA_UCASTEL": 0, "DISCAP_FIS": 0, "DISCAP_FLE": 0, "DISCAP_PCE": 0, "DI_DCOGNIT": 6, "DI_SDOWN": 0, "DIS_MULTIP": 2, "DIS_PSICOS": 0, "DV_BAJAVIS": 0, "DIS_CEGUER": 0, "T_ESPECTRO": 0, "T_VOZ_Y_HA": 0, "SISTEMICA": 0, "SORDOCEGUE": 0, "OTRA": 0, "TOT_EST_MA": 8, "AFRODESCEN": 3, "INDIGENAS": 0, "NEGRITUDES": 0, "PALENQUERO": 0, "RAIZALES": 0, "ROM": 0, "TOT_EST_ET": 3, "CAPACID_EX": 0, "DOBLE_EXCE": 0, "TE_ACTFISI": 0, "TE_ARTES": 0, "TE_CNATUR": 0, "TE_CSOCIAL": 0, "TE_LDSOCIA": 0, "TE_TECNOLO": 0, "TOT_EST_CA": 0, "TMATRIC_GE": 319, "Zona": 1 }, "geometry": { "type": "Point", "coordinates": [ -8250916.845200000330806, 509917.324799999594688 ] } },
{ "type": "Feature", "properties": { "NOMBRE_EST": "COLEGIO RESTREPO MILLAN (IED)", "NOMBRE_SED": "GABRIELA MISTRAL", "ORDEN_DE_S": "D", "DIRECCION": "CL 39 SUR # 24 - 36", "DISCAPACID": "FISICA-INTELECTUAL-MENTAL/PSICOSOCIAL", "TALENTOS_O": "CAPACIDADES EXCEPCIONALES-TALENTO EXCEPCIONAL EN ARTES Y LETRAS-TALENTO EXCEPCIONAL EN CIENCIAS NATURALES O BASICAS", "GRUPOS_ETN": "AFRODESCENDIENTES-INDIGENAS-NEGRITUDES", "SECTOR": 2, "NATU_JUR": 9, "CALENDARIO": 1, "GENERO": 5, "COD_LOCA": "18", "ESPECIALID": 13, "CLASE_TIPO": 1, "BILINGUE": 5, "FECHA": "2024-04-30", "DANE12_EST": "111001010928", "DANE12_SED": "111001014583", "DA_HIPOACU": 0, "DA_SORDERA": 0, "DA_LENGUAS": 0, "DA_UCASTEL": 0, "DISCAP_FIS": 0, "DISCAP_FLE": 0, "DISCAP_PCE": 0, "DI_DCOGNIT": 2, "DI_SDOWN": 0, "DIS_MULTIP": 0, "DIS_PSICOS": 2, "DV_BAJAVIS": 0, "DIS_CEGUER": 0, "T_ESPECTRO": 0, "T_VOZ_Y_HA": 0, "SISTEMICA": 0, "SORDOCEGUE": 0, "OTRA": 0, "TOT_EST_MA": 4, "AFRODESCEN": 7, "INDIGENAS": 205, "NEGRITUDES": 2, "PALENQUERO": 0, "RAIZALES": 0, "ROM": 0, "TOT_EST_ET": 214, "CAPACID_EX": 0, "DOBLE_EXCE": 0, "TE_ACTFISI": 0, "TE_ARTES": 0, "TE_CNATUR": 0, "TE_CSOCIAL": 0, "TE_LDSOCIA": 0, "TE_TECNOLO": 0, "TOT_EST_CA": 0, "TMATRIC_GE": 480, "Zona": 1 }, "geometry": { "type": "Point", "coordinates": [ -8251074.955600000917912, 510538.768800001591444 ] } },
{ "type": "Feature", "properties": { "NOMBRE_EST": "COLEGIO REINO DE HOLANDA (IED)", "NOMBRE_SED": "REINO DE HOLANDA", "ORDEN_DE_S": "A", "DIRECCION": "TV 16 D # 46 - 35 SUR", "DISCAPACID": "AUDITIVA-FISICA-INTELECTUAL-MULTIPLE", "TALENTOS_O": "CAPACIDADES EXCEPCIONALES-TALENTO EXCEPCIONAL EN ACTIVIDAD FISICA, EJERCICIO Y DEPORTE", "GRUPOS_ETN": "AFRODESCENDIENTES-INDIGENAS-NEGRITUDES", "SECTOR": 2, "NATU_JUR": 9, "CALENDARIO": 1, "GENERO": 5, "COD_LOCA": "18", "ESPECIALID": 1, "CLASE_TIPO": 1, "BILINGUE": 5, "FECHA": "2024-04-30", "DANE12_EST": "111001011029", "DANE12_SED": "111001011029", "DA_HIPOACU": 2, "DA_SORDERA": 0, "DA_LENGUAS": 0, "DA_UCASTEL": 0, "DISCAP_FIS": 2, "DISCAP_FLE": 0, "DISCAP_PCE": 0, "DI_DCOGNIT": 7, "DI_SDOWN": 0, "DIS_MULTIP": 3, "DIS_PSICOS": 0, "DV_BAJAVIS": 0, "DIS_CEGUER": 0, "T_ESPECTRO": 0, "T_VOZ_Y_HA": 0, "SISTEMICA": 0, "SORDOCEGUE": 0, "OTRA": 0, "TOT_EST_MA": 14, "AFRODESCEN": 216, "INDIGENAS": 5, "NEGRITUDES": 1, "PALENQUERO": 0, "RAIZALES": 0, "ROM": 0, "TOT_EST_ET": 222, "CAPACID_EX": 0, "DOBLE_EXCE": 0, "TE_ACTFISI": 0, "TE_ARTES": 0, "TE_CNATUR": 0, "TE_CSOCIAL": 0, "TE_LDSOCIA": 0, "TE_TECNOLO": 0, "TOT_EST_CA": 0, "TMATRIC_GE": 952, "Zona": 1 }, "geometry": { "type": "Point", "coordinates": [ -8250531.944700000807643, 508924.383699998259544 ] } },
{ "type": "Feature", "properties": { "NOMBRE_EST": "COLEGIO REINO DE HOLANDA (IED)", "NOMBRE_SED": "MARCO FIDEL SUAREZ", "ORDEN_DE_S": "B", "DIRECCION": "DG 46 SUR # 12 F - 30", "DISCAPACID": "INTELECTUAL-MULTIPLE", "TALENTOS_O": "TALENTO EXCEPCIONAL EN ARTES Y LETRAS", "GRUPOS_ETN": "AFRODESCENDIENTES-INDIGENAS-NEGRITUDES", "SECTOR": 2, "NATU_JUR": 9, "CALENDARIO": 1, "GENERO": 5, "COD_LOCA": "18", "ESPECIALID": 13, "CLASE_TIPO": 1, "BILINGUE": 5, "FECHA": "2024-04-30", "DANE12_EST": "111001011029", "DANE12_SED": "111001018091", "DA_HIPOACU": 0, "DA_SORDERA": 0, "DA_LENGUAS": 0, "DA_UCASTEL": 0, "DISCAP_FIS": 0, "DISCAP_FLE": 0, "DISCAP_PCE": 0, "DI_DCOGNIT": 8, "DI_SDOWN": 0, "DIS_MULTIP": 1, "DIS_PSICOS": 0, "DV_BAJAVIS": 0, "DIS_CEGUER": 0, "T_ESPECTRO": 0, "T_VOZ_Y_HA": 0, "SISTEMICA": 0, "SORDOCEGUE": 0, "OTRA": 0, "TOT_EST_MA": 9, "AFRODESCEN": 129, "INDIGENAS": 1, "NEGRITUDES": 0, "PALENQUERO": 0, "RAIZALES": 0, "ROM": 0, "TOT_EST_ET": 130, "CAPACID_EX": 0, "DOBLE_EXCE": 0, "TE_ACTFISI": 0, "TE_ARTES": 0, "TE_CNATUR": 0, "TE_CSOCIAL": 0, "TE_LDSOCIA": 0, "TE_TECNOLO": 0, "TOT_EST_CA": 0, "TMATRIC_GE": 539, "Zona": 1 }, "geometry": { "type": "Point", "coordinates": [ -8250590.162499999627471, 508985.490100000053644 ] } },
{ "type": "Feature", "properties": { "NOMBRE_EST": "COLEGIO REINO DE HOLANDA (IED)", "NOMBRE_SED": "PARROQUIAL SAN JUDAS TADEO", "ORDEN_DE_S": "D", "DIRECCION": "TV 13 G # 45 G - 25 SUR", "DISCAPACID": "AUDITIVA-INTELECTUAL-MULTIPLE-VISUAL", "TALENTOS_O": "TALENTO EXCEPCIONAL EN ACTIVIDAD FISICA, EJERCICIO Y DEPORTE-TALENTO EXCEPCIONAL EN ARTES Y LETRAS", "GRUPOS_ETN": "AFRODESCENDIENTES-INDIGENAS-NEGRITUDES", "SECTOR": 2, "NATU_JUR": 9, "CALENDARIO": 1, "GENERO": 5, "COD_LOCA": "18", "ESPECIALID": 13, "CLASE_TIPO": 1, "BILINGUE": 5, "FECHA": "2024-04-30", "DANE12_EST": "111001011029", "DANE12_SED": "111001107824", "DA_HIPOACU": 0, "DA_SORDERA": 0, "DA_LENGUAS": 0, "DA_UCASTEL": 0, "DISCAP_FIS": 0, "DISCAP_FLE": 0, "DISCAP_PCE": 0, "DI_DCOGNIT": 1, "DI_SDOWN": 0, "DIS_MULTIP": 1, "DIS_PSICOS": 0, "DV_BAJAVIS": 1, "DIS_CEGUER": 0, "T_ESPECTRO": 0, "T_VOZ_Y_HA": 0, "SISTEMICA": 0, "SORDOCEGUE": 0, "OTRA": 0, "TOT_EST_MA": 4, "AFRODESCEN": 86, "INDIGENAS": 4, "NEGRITUDES": 0, "PALENQUERO": 0, "RAIZALES": 0, "ROM": 0, "TOT_EST_ET": 90, "CAPACID_EX": 1, "DOBLE_EXCE": 0, "TE_ACTFISI": 1, "TE_ARTES": 0, "TE_CNATUR": 0, "TE_CSOCIAL": 0, "TE_LDSOCIA": 0, "TE_TECNOLO": 0, "TOT_EST_CA": 1, "TMATRIC_GE": 379, "Zona": 1 }, "geometry": { "type": "Point", "coordinates": [ -8251176.527899999171495, 509127.146499998867512 ] } },
{ "type": "Feature", "properties": { "NOMBRE_EST": "COLEGIO LICEO FEMENINO DE CUNDINAMARCA MERCEDES NARIÑO (IED)", "NOMBRE_SED": "LICEO FEMENINO DE CUNDINAMARCA MERCEDES NARIÑO", "ORDEN_DE_S": "A", "DIRECCION": "AV CARACAS # 23 - 24 SUR", "DISCAPACID": "AUDITIVA-FISICA-INTELECTUAL-MENTAL/PSICOSOCIAL-MULTIPLE-SORDOCEGUERA-VISUAL", "TALENTOS_O": "CAPACIDADES EXCEPCIONALES-TALENTO EXCEPCIONAL EN ACTIVIDAD FISICA, EJERCICIO Y DEPORTE-TALENTO EXCEPCIONAL EN ARTES Y LETRAS-TALENTO EXCEPCIONAL EN CIENCIAS SOCIALES O HUMANAS-TALENTO EXCEPCIONAL EN LIDERAZGO SOCIAL Y EMPRENDIMIENTO-TALENTO EXCEPCIONAL E", "GRUPOS_ETN": "AFRODESCENDIENTES-INDIGENAS-NEGRITUDES", "SECTOR": 2, "NATU_JUR": 9, "CALENDARIO": 1, "GENERO": 1, "COD_LOCA": "18", "ESPECIALID": 1, "CLASE_TIPO": 1, "BILINGUE": 5, "FECHA": "2024-04-30", "DANE12_EST": "111001011819", "DANE12_SED": "111001011819", "DA_HIPOACU": 8, "DA_SORDERA": 0, "DA_LENGUAS": 0, "DA_UCASTEL": 0, "DISCAP_FIS": 9, "DISCAP_FLE": 0, "DISCAP_PCE": 0, "DI_DCOGNIT": 34, "DI_SDOWN": 0, "DIS_MULTIP": 7, "DIS_PSICOS": 10, "DV_BAJAVIS": 2, "DIS_CEGUER": 0, "T_ESPECTRO": 0, "T_VOZ_Y_HA": 0, "SISTEMICA": 0, "SORDOCEGUE": 2, "OTRA": 0, "TOT_EST_MA": 72, "AFRODESCEN": 17, "INDIGENAS": 15, "NEGRITUDES": 12, "PALENQUERO": 0, "RAIZALES": 0, "ROM": 0, "TOT_EST_ET": 44, "CAPACID_EX": 3, "DOBLE_EXCE": 0, "TE_ACTFISI": 1, "TE_ARTES": 2, "TE_CNATUR": 0, "TE_CSOCIAL": 0, "TE_LDSOCIA": 0, "TE_TECNOLO": 0, "TOT_EST_CA": 3, "TMATRIC_GE": 3786, "Zona": 1 }, "geometry": { "type": "Point", "coordinates": [ -8249201.351700000464916, 510477.112700000405312 ] } },
{ "type": "Feature", "properties": { "NOMBRE_EST": "COLEGIO BRAVO PAEZ (IED)", "NOMBRE_SED": "BRAVO PAEZ", "ORDEN_DE_S": "A", "DIRECCION": "CL 37 SUR # 23 - 51", "DISCAPACID": "FISICA-INTELECTUAL-MENTAL/PSICOSOCIAL-VISUAL", "TALENTOS_O": "CAPACIDADES EXCEPCIONALES-TALENTO EXCEPCIONAL EN ACTIVIDAD FISICA, EJERCICIO Y DEPORTE-TALENTO EXCEPCIONAL EN ARTES Y LETRAS-TALENTO EXCEPCIONAL EN CIENCIAS SOCIALES O HUMANAS-TALENTO EXCEPCIONAL EN LIDERAZGO SOCIAL Y EMPRENDIMIENTO", "GRUPOS_ETN": "AFRODESCENDIENTES-INDIGENAS-NEGRITUDES", "SECTOR": 2, "NATU_JUR": 9, "CALENDARIO": 1, "GENERO": 5, "COD_LOCA": "18", "ESPECIALID": 1, "CLASE_TIPO": 1, "BILINGUE": 5, "FECHA": "2024-04-30", "DANE12_EST": "111001012611", "DANE12_SED": "111001012611", "DA_HIPOACU": 0, "DA_SORDERA": 0, "DA_LENGUAS": 0, "DA_UCASTEL": 0, "DISCAP_FIS": 1, "DISCAP_FLE": 0, "DISCAP_PCE": 0, "DI_DCOGNIT": 25, "DI_SDOWN": 0, "DIS_MULTIP": 2, "DIS_PSICOS": 3, "DV_BAJAVIS": 1, "DIS_CEGUER": 0, "T_ESPECTRO": 0, "T_VOZ_Y_HA": 0, "SISTEMICA": 0, "SORDOCEGUE": 0, "OTRA": 0, "TOT_EST_MA": 32, "AFRODESCEN": 16, "INDIGENAS": 10, "NEGRITUDES": 8, "PALENQUERO": 0, "RAIZALES": 0, "ROM": 0, "TOT_EST_ET": 34, "CAPACID_EX": 1, "DOBLE_EXCE": 0, "TE_ACTFISI": 0, "TE_ARTES": 0, "TE_CNATUR": 0, "TE_CSOCIAL": 0, "TE_LDSOCIA": 0, "TE_TECNOLO": 1, "TOT_EST_CA": 1, "TMATRIC_GE": 1718, "Zona": 1 }, "geometry": { "type": "Point", "coordinates": [ -8250890.1118, 510368.085099998861551 ] } },
{ "type": "Feature", "properties": { "NOMBRE_EST": "COLEGIO QUIROGA ALIANZA (IED)", "NOMBRE_SED": "QUIROGA ALIANZA", "ORDEN_DE_S": "A", "DIRECCION": "KR 23 # 35 - 20 SUR", "DISCAPACID": "AUDITIVA-FISICA-INTELECTUAL-MENTAL/PSICOSOCIAL-MULTIPLE-VISUAL", "TALENTOS_O": "CAPACIDADES EXCEPCIONALES-TALENTO EXCEPCIONAL EN ACTIVIDAD FISICA, EJERCICIO Y DEPORTE-TALENTO EXCEPCIONAL EN ARTES Y LETRAS-TALENTO EXCEPCIONAL EN CIENCIAS NATURALES O BASICAS", "GRUPOS_ETN": "AFRODESCENDIENTES-INDIGENAS-NEGRITUDES", "SECTOR": 2, "NATU_JUR": 9, "CALENDARIO": 1, "GENERO": 5, "COD_LOCA": "18", "ESPECIALID": 1, "CLASE_TIPO": 1, "BILINGUE": 5, "FECHA": "2024-04-30", "DANE12_EST": "111001012815", "DANE12_SED": "111001012815", "DA_HIPOACU": 0, "DA_SORDERA": 0, "DA_LENGUAS": 0, "DA_UCASTEL": 0, "DISCAP_FIS": 2, "DISCAP_FLE": 0, "DISCAP_PCE": 0, "DI_DCOGNIT": 15, "DI_SDOWN": 0, "DIS_MULTIP": 10, "DIS_PSICOS": 3, "DV_BAJAVIS": 1, "DIS_CEGUER": 0, "T_ESPECTRO": 0, "T_VOZ_Y_HA": 0, "SISTEMICA": 0, "SORDOCEGUE": 0, "OTRA": 0, "TOT_EST_MA": 32, "AFRODESCEN": 6, "INDIGENAS": 2, "NEGRITUDES": 3, "PALENQUERO": 0, "RAIZALES": 0, "ROM": 0, "TOT_EST_ET": 11, "CAPACID_EX": 2, "DOBLE_EXCE": 0, "TE_ACTFISI": 2, "TE_ARTES": 0, "TE_CNATUR": 0, "TE_CSOCIAL": 0, "TE_LDSOCIA": 0, "TE_TECNOLO": 0, "TOT_EST_CA": 2, "TMATRIC_GE": 1235, "Zona": 1 }, "geometry": { "type": "Point", "coordinates": [ -8250699.516100000590086, 510353.263599999248981 ] } },
{ "type": "Feature", "properties": { "NOMBRE_EST": "COLEGIO RAFAEL DELGADO SALGUERO (IED)", "NOMBRE_SED": "GENERAL PAEZ", "ORDEN_DE_S": "A", "DIRECCION": "KR 26 B # 35 B - 49 SUR", "DISCAPACID": "FISICA-INTELECTUAL-MENTAL/PSICOSOCIAL-MULTIPLE", "TALENTOS_O": "TALENTO EXCEPCIONAL EN CIENCIAS NATURALES O BASICAS-TALENTO EXCEPCIONAL EN CIENCIAS SOCIALES O HUMANAS", "GRUPOS_ETN": "INDIGENAS", "SECTOR": 2, "NATU_JUR": 9, "CALENDARIO": 1, "GENERO": 5, "COD_LOCA": "18", "ESPECIALID": 1, "CLASE_TIPO": 1, "BILINGUE": 5, "FECHA": "2024-04-30", "DANE12_EST": "111001012971", "DANE12_SED": "111001012971", "DA_HIPOACU": 0, "DA_SORDERA": 0, "DA_LENGUAS": 0, "DA_UCASTEL": 0, "DISCAP_FIS": 2, "DISCAP_FLE": 0, "DISCAP_PCE": 0, "DI_DCOGNIT": 12, "DI_SDOWN": 0, "DIS_MULTIP": 3, "DIS_PSICOS": 1, "DV_BAJAVIS": 0, "DIS_CEGUER": 0, "T_ESPECTRO": 0, "T_VOZ_Y_HA": 0, "SISTEMICA": 0, "SORDOCEGUE": 0, "OTRA": 0, "TOT_EST_MA": 18, "AFRODESCEN": 1, "INDIGENAS": 2, "NEGRITUDES": 1, "PALENQUERO": 0, "RAIZALES": 0, "ROM": 0, "TOT_EST_ET": 4, "CAPACID_EX": 0, "DOBLE_EXCE": 0, "TE_ACTFISI": 0, "TE_ARTES": 0, "TE_CNATUR": 0, "TE_CSOCIAL": 0, "TE_LDSOCIA": 0, "TE_TECNOLO": 0, "TOT_EST_CA": 0, "TMATRIC_GE": 397, "Zona": 1 }, "geometry": { "type": "Point", "coordinates": [ -8251041.594200000166893, 510919.209300000220537 ] } },
{ "type": "Feature", "properties": { "NOMBRE_EST": "COLEGIO RAFAEL DELGADO SALGUERO (IED)", "NOMBRE_SED": "MATER ADMIRABILIS", "ORDEN_DE_S": "B", "DIRECCION": "CL 40 SUR # 31 – 81", "DISCAPACID": "FISICA-INTELECTUAL", "TALENTOS_O": "TALENTO CIENTIFICO", "GRUPOS_ETN": "NEGRITUDES", "SECTOR": 2, "NATU_JUR": 9, "CALENDARIO": 1, "GENERO": 5, "COD_LOCA": "18", "ESPECIALID": 13, "CLASE_TIPO": 1, "BILINGUE": 5, "FECHA": "2024-04-30", "DANE12_EST": "111001012971", "DANE12_SED": "111001014605", "DA_HIPOACU": 0, "DA_SORDERA": 0, "DA_LENGUAS": 0, "DA_UCASTEL": 0, "DISCAP_FIS": 1, "DISCAP_FLE": 0, "DISCAP_PCE": 0, "DI_DCOGNIT": 6, "DI_SDOWN": 0, "DIS_MULTIP": 0, "DIS_PSICOS": 0, "DV_BAJAVIS": 0, "DIS_CEGUER": 0, "T_ESPECTRO": 0, "T_VOZ_Y_HA": 0, "SISTEMICA": 0, "SORDOCEGUE": 0, "OTRA": 0, "TOT_EST_MA": 7, "AFRODESCEN": 0, "INDIGENAS": 1, "NEGRITUDES": 0, "PALENQUERO": 0, "RAIZALES": 0, "ROM": 0, "TOT_EST_ET": 1, "CAPACID_EX": 0, "DOBLE_EXCE": 0, "TE_ACTFISI": 0, "TE_ARTES": 0, "TE_CNATUR": 0, "TE_CSOCIAL": 0, "TE_LDSOCIA": 0, "TE_TECNOLO": 0, "TOT_EST_CA": 0, "TMATRIC_GE": 168, "Zona": 1 }, "geometry": { "type": "Point", "coordinates": [ -8251872.012000000104308, 511041.059500001370907 ] } },
{ "type": "Feature", "properties": { "NOMBRE_EST": "COLEGIO RAFAEL DELGADO SALGUERO (IED)", "NOMBRE_SED": "ESCUELA HOGAR BRAVO PAEZ", "ORDEN_DE_S": "C", "DIRECCION": "KR 26 # 35 A - 38 SUR", "DISCAPACID": "FISICA-INTELECTUAL-MULTIPLE", "TALENTOS_O": "TALENTO EXCEPCIONAL EN ACTIVIDAD FISICA, EJERCICIO Y DEPORTE-TALENTO EXCEPCIONAL EN CIENCIAS NATURALES O BASICAS-TALENTO EXCEPCIONAL EN CIENCIAS SOCIALES O HUMANAS", "GRUPOS_ETN": "INDIGENAS-NEGRITUDES", "SECTOR": 2, "NATU_JUR": 9, "CALENDARIO": 1, "GENERO": 5, "COD_LOCA": "18", "ESPECIALID": 13, "CLASE_TIPO": 1, "BILINGUE": 5, "FECHA": "2024-04-30", "DANE12_EST": "111001012971", "DANE12_SED": "111001110680", "DA_HIPOACU": 0, "DA_SORDERA": 0, "DA_LENGUAS": 0, "DA_UCASTEL": 0, "DISCAP_FIS": 1, "DISCAP_FLE": 0, "DISCAP_PCE": 0, "DI_DCOGNIT": 2, "DI_SDOWN": 0, "DIS_MULTIP": 6, "DIS_PSICOS": 1, "DV_BAJAVIS": 0, "DIS_CEGUER": 0, "T_ESPECTRO": 0, "T_VOZ_Y_HA": 0, "SISTEMICA": 0, "SORDOCEGUE": 0, "OTRA": 0, "TOT_EST_MA": 10, "AFRODESCEN": 0, "INDIGENAS": 1, "NEGRITUDES": 1, "PALENQUERO": 0, "RAIZALES": 0, "ROM": 0, "TOT_EST_ET": 2, "CAPACID_EX": 0, "DOBLE_EXCE": 0, "TE_ACTFISI": 0, "TE_ARTES": 0, "TE_CNATUR": 0, "TE_CSOCIAL": 0, "TE_LDSOCIA": 0, "TE_TECNOLO": 0, "TOT_EST_CA": 0, "TMATRIC_GE": 266, "Zona": 1 }, "geometry": { "type": "Point", "coordinates": [ -8250926.1414, 510835.184599999338388 ] } },
{ "type": "Feature", "properties": { "NOMBRE_EST": "COLEGIO SAN AGUSTIN (IED)", "NOMBRE_SED": "SAN AGUSTIN", "ORDEN_DE_S": "A", "DIRECCION": "CL 50 A SUR # 5 C - 40", "DISCAPACID": "AUDITIVA-FISICA-INTELECTUAL-MENTAL/PSICOSOCIAL-MULTIPLE-SORDOCEGUERA-VISUAL", "TALENTOS_O": "TALENTO EXCEPCIONAL EN ACTIVIDAD FISICA, EJERCICIO Y DEPORTE-TALENTO EXCEPCIONAL EN ARTES Y LETRAS-TALENTO EXCEPCIONAL EN CIENCIAS SOCIALES O HUMANAS-TALENTO EXCEPCIONAL EN LIDERAZGO SOCIAL Y EMPRENDIMIENTO-TALENTO EXCEPCIONAL EN TECNOLOGIA", "GRUPOS_ETN": "AFRODESCENDIENTES-INDIGENAS-NEGRITUDES-PALENQUEROS", "SECTOR": 2, "NATU_JUR": 9, "CALENDARIO": 1, "GENERO": 5, "COD_LOCA": "18", "ESPECIALID": 1, "CLASE_TIPO": 1, "BILINGUE": 5, "FECHA": "2024-04-30", "DANE12_EST": "111001013811", "DANE12_SED": "111001013811", "DA_HIPOACU": 2, "DA_SORDERA": 0, "DA_LENGUAS": 0, "DA_UCASTEL": 0, "DISCAP_FIS": 4, "DISCAP_FLE": 0, "DISCAP_PCE": 0, "DI_DCOGNIT": 35, "DI_SDOWN": 0, "DIS_MULTIP": 3, "DIS_PSICOS": 0, "DV_BAJAVIS": 3, "DIS_CEGUER": 0, "T_ESPECTRO": 0, "T_VOZ_Y_HA": 0, "SISTEMICA": 0, "SORDOCEGUE": 2, "OTRA": 0, "TOT_EST_MA": 49, "AFRODESCEN": 31, "INDIGENAS": 11, "NEGRITUDES": 9, "PALENQUERO": 0, "RAIZALES": 0, "ROM": 0, "TOT_EST_ET": 51, "CAPACID_EX": 0, "DOBLE_EXCE": 0, "TE_ACTFISI": 0, "TE_ARTES": 0, "TE_CNATUR": 0, "TE_CSOCIAL": 0, "TE_LDSOCIA": 0, "TE_TECNOLO": 0, "TOT_EST_CA": 0, "TMATRIC_GE": 2649, "Zona": 1 }, "geometry": { "type": "Point", "coordinates": [ -8250336.354100000113249, 506755.306800000369549 ] } },
{ "type": "Feature", "properties": { "NOMBRE_EST": "COLEGIO REPUBLICA FEDERAL DE ALEMANIA (IED)", "NOMBRE_SED": "REPUBLICA FEDERAL DE ALEMANIA", "ORDEN_DE_S": "A", "DIRECCION": "KR 24 # 44 - 05 SUR  --  KR 23 B # 44 - 05 SUR", "DISCAPACID": "FISICA-INTELECTUAL", "TALENTOS_O": "TALENTO EXCEPCIONAL EN ACTIVIDAD FISICA, EJERCICIO Y DEPORTE-TALENTO EXCEPCIONAL EN ARTES Y LETRAS", "GRUPOS_ETN": "AFRODESCENDIENTES-NEGRITUDES", "SECTOR": 2, "NATU_JUR": 9, "CALENDARIO": 1, "GENERO": 5, "COD_LOCA": "18", "ESPECIALID": 1, "CLASE_TIPO": 1, "BILINGUE": 5, "FECHA": "2024-04-30", "DANE12_EST": "111001014028", "DANE12_SED": "111001014028", "DA_HIPOACU": 0, "DA_SORDERA": 0, "DA_LENGUAS": 0, "DA_UCASTEL": 0, "DISCAP_FIS": 1, "DISCAP_FLE": 0, "DISCAP_PCE": 0, "DI_DCOGNIT": 4, "DI_SDOWN": 0, "DIS_MULTIP": 2, "DIS_PSICOS": 0, "DV_BAJAVIS": 0, "DIS_CEGUER": 0, "T_ESPECTRO": 0, "T_VOZ_Y_HA": 0, "SISTEMICA": 0, "SORDOCEGUE": 0, "OTRA": 0, "TOT_EST_MA": 8, "AFRODESCEN": 1, "INDIGENAS": 0, "NEGRITUDES": 1, "PALENQUERO": 0, "RAIZALES": 0, "ROM": 0, "TOT_EST_ET": 2, "CAPACID_EX": 0, "DOBLE_EXCE": 0, "TE_ACTFISI": 0, "TE_ARTES": 0, "TE_CNATUR": 0, "TE_CSOCIAL": 0, "TE_LDSOCIA": 0, "TE_TECNOLO": 0, "TOT_EST_CA": 0, "TMATRIC_GE": 487, "Zona": 1 }, "geometry": { "type": "Point", "coordinates": [ -8251592.330700000748038, 510238.960799999535084 ] } },
{ "type": "Feature", "properties": { "NOMBRE_EST": "COLEGIO MANUEL DEL SOCORRO RODRIGUEZ (IED)", "NOMBRE_SED": "MANUEL DEL SOCORRO RODRIGUEZ", "ORDEN_DE_S": "A", "DIRECCION": "TV 23 # 44 - 90 SUR", "DISCAPACID": "AUDITIVA-FISICA-INTELECTUAL-MENTAL/PSICOSOCIAL-SORDOCEGUERA-VISUAL", "TALENTOS_O": "TALENTO EXCEPCIONAL EN ACTIVIDAD FISICA, EJERCICIO Y DEPORTE-TALENTO EXCEPCIONAL EN ARTES Y LETRAS-TALENTO EXCEPCIONAL EN LIDERAZGO SOCIAL Y EMPRENDIMIENTO", "GRUPOS_ETN": "AFRODESCENDIENTES-INDIGENAS-NEGRITUDES", "SECTOR": 2, "NATU_JUR": 9, "CALENDARIO": 1, "GENERO": 5, "COD_LOCA": "18", "ESPECIALID": 1, "CLASE_TIPO": 1, "BILINGUE": 5, "FECHA": "2024-04-30", "DANE12_EST": "111001014591", "DANE12_SED": "111001014591", "DA_HIPOACU": 0, "DA_SORDERA": 0, "DA_LENGUAS": 0, "DA_UCASTEL": 0, "DISCAP_FIS": 2, "DISCAP_FLE": 0, "DISCAP_PCE": 0, "DI_DCOGNIT": 11, "DI_SDOWN": 0, "DIS_MULTIP": 9, "DIS_PSICOS": 7, "DV_BAJAVIS": 0, "DIS_CEGUER": 0, "T_ESPECTRO": 0, "T_VOZ_Y_HA": 0, "SISTEMICA": 0, "SORDOCEGUE": 0, "OTRA": 0, "TOT_EST_MA": 30, "AFRODESCEN": 5, "INDIGENAS": 7, "NEGRITUDES": 4, "PALENQUERO": 0, "RAIZALES": 0, "ROM": 0, "TOT_EST_ET": 16, "CAPACID_EX": 0, "DOBLE_EXCE": 0, "TE_ACTFISI": 0, "TE_ARTES": 0, "TE_CNATUR": 0, "TE_CSOCIAL": 0, "TE_LDSOCIA": 0, "TE_TECNOLO": 0, "TOT_EST_CA": 0, "TMATRIC_GE": 1389, "Zona": 1 }, "geometry": { "type": "Point", "coordinates": [ -8251672.872600000351667, 510123.108199998736382 ] } },
{ "type": "Feature", "properties": { "NOMBRE_EST": "COLEGIO MANUEL DEL SOCORRO RODRIGUEZ (IED)", "NOMBRE_SED": "REPUBLICA DE ISRAEL", "ORDEN_DE_S": "B", "DIRECCION": "KR 27 # 45 - 35 SUR", "DISCAPACID": "AUDITIVA-INTELECTUAL-MENTAL/PSICOSOCIAL-MULTIPLE", "TALENTOS_O": "TALENTO EXCEPCIONAL EN ACTIVIDAD FISICA, EJERCICIO Y DEPORTE-TALENTO EXCEPCIONAL EN LIDERAZGO SOCIAL Y EMPRENDIMIENTO", "GRUPOS_ETN": "INDIGENAS", "SECTOR": 2, "NATU_JUR": 9, "CALENDARIO": 1, "GENERO": 5, "COD_LOCA": "18", "ESPECIALID": 13, "CLASE_TIPO": 1, "BILINGUE": 5, "FECHA": "2024-04-30", "DANE12_EST": "111001014591", "DANE12_SED": "111001012645", "DA_HIPOACU": 0, "DA_SORDERA": 0, "DA_LENGUAS": 0, "DA_UCASTEL": 0, "DISCAP_FIS": 0, "DISCAP_FLE": 0, "DISCAP_PCE": 0, "DI_DCOGNIT": 5, "DI_SDOWN": 0, "DIS_MULTIP": 4, "DIS_PSICOS": 2, "DV_BAJAVIS": 1, "DIS_CEGUER": 0, "T_ESPECTRO": 0, "T_VOZ_Y_HA": 0, "SISTEMICA": 0, "SORDOCEGUE": 0, "OTRA": 0, "TOT_EST_MA": 13, "AFRODESCEN": 2, "INDIGENAS": 0, "NEGRITUDES": 0, "PALENQUERO": 0, "RAIZALES": 0, "ROM": 0, "TOT_EST_ET": 2, "CAPACID_EX": 0, "DOBLE_EXCE": 0, "TE_ACTFISI": 0, "TE_ARTES": 0, "TE_CNATUR": 0, "TE_CSOCIAL": 0, "TE_LDSOCIA": 0, "TE_TECNOLO": 0, "TOT_EST_CA": 0, "TMATRIC_GE": 384, "Zona": 1 }, "geometry": { "type": "Point", "coordinates": [ -8251898.088600000366569, 510727.292500000447035 ] } },
{ "type": "Feature", "properties": { "NOMBRE_EST": "COLEGIO EL LIBERTADOR (IED)", "NOMBRE_SED": "EL LIBERTADOR", "ORDEN_DE_S": "A", "DIRECCION": "CL 32 SUR # 24 B - 20", "DISCAPACID": "AUDITIVA-FISICA-INTELECTUAL-MENTAL/PSICOSOCIAL-MULTIPLE-VISUAL", "TALENTOS_O": "TALENTO EXCEPCIONAL EN ARTES Y LETRAS", "GRUPOS_ETN": "AFRODESCENDIENTES-INDIGENAS-NEGRITUDES", "SECTOR": 2, "NATU_JUR": 9, "CALENDARIO": 1, "GENERO": 5, "COD_LOCA": "18", "ESPECIALID": 12, "CLASE_TIPO": 1, "BILINGUE": 5, "FECHA": "2024-04-30", "DANE12_EST": "111001014664", "DANE12_SED": "111001014664", "DA_HIPOACU": 0, "DA_SORDERA": 0, "DA_LENGUAS": 0, "DA_UCASTEL": 0, "DISCAP_FIS": 1, "DISCAP_FLE": 0, "DISCAP_PCE": 0, "DI_DCOGNIT": 15, "DI_SDOWN": 0, "DIS_MULTIP": 4, "DIS_PSICOS": 2, "DV_BAJAVIS": 2, "DIS_CEGUER": 0, "T_ESPECTRO": 0, "T_VOZ_Y_HA": 0, "SISTEMICA": 0, "SORDOCEGUE": 0, "OTRA": 0, "TOT_EST_MA": 24, "AFRODESCEN": 1, "INDIGENAS": 3, "NEGRITUDES": 3, "PALENQUERO": 0, "RAIZALES": 0, "ROM": 0, "TOT_EST_ET": 7, "CAPACID_EX": 0, "DOBLE_EXCE": 0, "TE_ACTFISI": 0, "TE_ARTES": 0, "TE_CNATUR": 0, "TE_CSOCIAL": 0, "TE_LDSOCIA": 0, "TE_TECNOLO": 0, "TOT_EST_CA": 0, "TMATRIC_GE": 761, "Zona": 1 }, "geometry": { "type": "Point", "coordinates": [ -8250585.560599999502301, 510867.5760000012815 ] } },
{ "type": "Feature", "properties": { "NOMBRE_EST": "COLEGIO EL LIBERTADOR (IED)", "NOMBRE_SED": "MANUEL MURILLO TORO", "ORDEN_DE_S": "B", "DIRECCION": "CL 33 SUR # 31 - 10", "DISCAPACID": "AUDITIVA-INTELECTUAL-MULTIPLE", "TALENTOS_O": "CAPACIDADES EXCEPCIONALES-TALENTO EXCEPCIONAL EN LIDERAZGO SOCIAL Y EMPRENDIMIENTO", "GRUPOS_ETN": "AFRODESCENDIENTES-INDIGENAS-NEGRITUDES", "SECTOR": 2, "NATU_JUR": 9, "CALENDARIO": 1, "GENERO": 5, "COD_LOCA": "18", "ESPECIALID": 12, "CLASE_TIPO": 1, "BILINGUE": 5, "FECHA": "2024-04-30", "DANE12_EST": "111001014664", "DANE12_SED": "111001014672", "DA_HIPOACU": 0, "DA_SORDERA": 0, "DA_LENGUAS": 0, "DA_UCASTEL": 0, "DISCAP_FIS": 1, "DISCAP_FLE": 0, "DISCAP_PCE": 0, "DI_DCOGNIT": 19, "DI_SDOWN": 0, "DIS_MULTIP": 3, "DIS_PSICOS": 1, "DV_BAJAVIS": 0, "DIS_CEGUER": 0, "T_ESPECTRO": 0, "T_VOZ_Y_HA": 0, "SISTEMICA": 0, "SORDOCEGUE": 0, "OTRA": 0, "TOT_EST_MA": 24, "AFRODESCEN": 1, "INDIGENAS": 1, "NEGRITUDES": 1, "PALENQUERO": 0, "RAIZALES": 0, "ROM": 0, "TOT_EST_ET": 3, "CAPACID_EX": 0, "DOBLE_EXCE": 0, "TE_ACTFISI": 0, "TE_ARTES": 0, "TE_CNATUR": 0, "TE_CSOCIAL": 0, "TE_LDSOCIA": 0, "TE_TECNOLO": 0, "TOT_EST_CA": 0, "TMATRIC_GE": 590, "Zona": 1 }, "geometry": { "type": "Point", "coordinates": [ -8250740.352600000798702, 511309.821899998933077 ] } },
{ "type": "Feature", "properties": { "NOMBRE_EST": "COLEGIO EL LIBERTADOR (IED)", "NOMBRE_SED": "JUAN DEL RIZZO", "ORDEN_DE_S": "C", "DIRECCION": "KR 26 # 29 - 45 SUR", "DISCAPACID": "INTELECTUAL-MENTAL/PSICOSOCIAL-MULTIPLE", "TALENTOS_O": "TALENTO EXCEPCIONAL EN ACTIVIDAD FISICA, EJERCICIO Y DEPORTE-TALENTO EXCEPCIONAL EN CIENCIAS SOCIALES O HUMANAS", "GRUPOS_ETN": "INDIGENAS", "SECTOR": 2, "NATU_JUR": 9, "CALENDARIO": 1, "GENERO": 5, "COD_LOCA": "18", "ESPECIALID": 12, "CLASE_TIPO": 1, "BILINGUE": 5, "FECHA": "2024-04-30", "DANE12_EST": "111001014664", "DANE12_SED": "111001014656", "DA_HIPOACU": 0, "DA_SORDERA": 0, "DA_LENGUAS": 0, "DA_UCASTEL": 0, "DISCAP_FIS": 0, "DISCAP_FLE": 0, "DISCAP_PCE": 0, "DI_DCOGNIT": 4, "DI_SDOWN": 0, "DIS_MULTIP": 4, "DIS_PSICOS": 2, "DV_BAJAVIS": 0, "DIS_CEGUER": 0, "T_ESPECTRO": 0, "T_VOZ_Y_HA": 0, "SISTEMICA": 0, "SORDOCEGUE": 0, "OTRA": 0, "TOT_EST_MA": 11, "AFRODESCEN": 1, "INDIGENAS": 1, "NEGRITUDES": 0, "PALENQUERO": 0, "RAIZALES": 0, "ROM": 0, "TOT_EST_ET": 2, "CAPACID_EX": 0, "DOBLE_EXCE": 0, "TE_ACTFISI": 0, "TE_ARTES": 0, "TE_CNATUR": 0, "TE_CSOCIAL": 0, "TE_LDSOCIA": 0, "TE_TECNOLO": 0, "TOT_EST_CA": 0, "TMATRIC_GE": 330, "Zona": 1 }, "geometry": { "type": "Point", "coordinates": [ -8250242.659800000488758, 511118.291400000452995 ] } },
{ "type": "Feature", "properties": { "NOMBRE_EST": "COLEGIO CLEMENCIA HOLGUIN DE URDANETA (IED)", "NOMBRE_SED": "CLEMENCIA HOLGUIN DE URDANETA", "ORDEN_DE_S": "A", "DIRECCION": "CL 30 SUR # 18 - 25", "DISCAPACID": "AUDITIVA-FISICA-INTELECTUAL-MULTIPLE-VISUAL", "TALENTOS_O": "TALENTO EXCEPCIONAL EN ACTIVIDAD FISICA, EJERCICIO Y DEPORTE-TALENTO EXCEPCIONAL EN ARTES Y LETRAS-TALENTO EXCEPCIONAL EN LIDERAZGO SOCIAL Y EMPRENDIMIENTO", "GRUPOS_ETN": "AFRODESCENDIENTES-INDIGENAS", "SECTOR": 2, "NATU_JUR": 9, "CALENDARIO": 1, "GENERO": 5, "COD_LOCA": "18", "ESPECIALID": 1, "CLASE_TIPO": 1, "BILINGUE": 5, "FECHA": "2024-04-30", "DANE12_EST": "111001014958", "DANE12_SED": "111001014958", "DA_HIPOACU": 0, "DA_SORDERA": 0, "DA_LENGUAS": 0, "DA_UCASTEL": 0, "DISCAP_FIS": 2, "DISCAP_FLE": 0, "DISCAP_PCE": 0, "DI_DCOGNIT": 4, "DI_SDOWN": 0, "DIS_MULTIP": 4, "DIS_PSICOS": 1, "DV_BAJAVIS": 1, "DIS_CEGUER": 0, "T_ESPECTRO": 0, "T_VOZ_Y_HA": 0, "SISTEMICA": 0, "SORDOCEGUE": 0, "OTRA": 0, "TOT_EST_MA": 13, "AFRODESCEN": 2, "INDIGENAS": 3, "NEGRITUDES": 0, "PALENQUERO": 0, "RAIZALES": 0, "ROM": 0, "TOT_EST_ET": 5, "CAPACID_EX": 0, "DOBLE_EXCE": 0, "TE_ACTFISI": 0, "TE_ARTES": 0, "TE_CNATUR": 0, "TE_CSOCIAL": 0, "TE_LDSOCIA": 0, "TE_TECNOLO": 0, "TOT_EST_CA": 0, "TMATRIC_GE": 782, "Zona": 1 }, "geometry": { "type": "Point", "coordinates": [ -8249947.077600000426173, 510292.177299998700619 ] } },
{ "type": "Feature", "properties": { "NOMBRE_EST": "COLEGIO ALEJANDRO OBREGON (IED)", "NOMBRE_SED": "ALEJANDRO OBREGON", "ORDEN_DE_S": "A", "DIRECCION": "CL 30 SUR # 15 - 45", "DISCAPACID": "FISICA-INTELECTUAL-MENTAL/PSICOSOCIAL-MULTIPLE-SORDOCEGUERA", "TALENTOS_O": "TALENTO EXCEPCIONAL EN ACTIVIDAD FISICA, EJERCICIO Y DEPORTE-TALENTO EXCEPCIONAL EN ARTES Y LETRAS-TALENTO EXCEPCIONAL EN CIENCIAS NATURALES O BASICAS-TALENTO EXCEPCIONAL EN CIENCIAS SOCIALES O HUMANAS-TALENTO EXCEPCIONAL EN LIDERAZGO SOCIAL Y EMPRENDIMI", "GRUPOS_ETN": "AFRODESCENDIENTES-INDIGENAS-NEGRITUDES", "SECTOR": 2, "NATU_JUR": 9, "CALENDARIO": 1, "GENERO": 5, "COD_LOCA": "18", "ESPECIALID": 1, "CLASE_TIPO": 1, "BILINGUE": 5, "FECHA": "2024-04-30", "DANE12_EST": "111001015172", "DANE12_SED": "111001015172", "DA_HIPOACU": 0, "DA_SORDERA": 0, "DA_LENGUAS": 0, "DA_UCASTEL": 0, "DISCAP_FIS": 0, "DISCAP_FLE": 0, "DISCAP_PCE": 0, "DI_DCOGNIT": 4, "DI_SDOWN": 0, "DIS_MULTIP": 1, "DIS_PSICOS": 1, "DV_BAJAVIS": 0, "DIS_CEGUER": 0, "T_ESPECTRO": 0, "T_VOZ_Y_HA": 0, "SISTEMICA": 0, "SORDOCEGUE": 2, "OTRA": 0, "TOT_EST_MA": 8, "AFRODESCEN": 8, "INDIGENAS": 4, "NEGRITUDES": 2, "PALENQUERO": 0, "RAIZALES": 0, "ROM": 0, "TOT_EST_ET": 14, "CAPACID_EX": 0, "DOBLE_EXCE": 0, "TE_ACTFISI": 0, "TE_ARTES": 0, "TE_CNATUR": 0, "TE_CSOCIAL": 0, "TE_LDSOCIA": 0, "TE_TECNOLO": 0, "TOT_EST_CA": 0, "TMATRIC_GE": 1601, "Zona": 1 }, "geometry": { "type": "Point", "coordinates": [ -8249761.2642, 509998.089899998158216 ] } },
{ "type": "Feature", "properties": { "NOMBRE_EST": "COLEGIO ANTONIO BARAYA (IED)", "NOMBRE_SED": "ANTONIO BARAYA", "ORDEN_DE_S": "A", "DIRECCION": "CL 27 SUR # 22 A - 02", "DISCAPACID": "AUDITIVA-FISICA-INTELECTUAL-MENTAL/PSICOSOCIAL-MULTIPLE-SORDOCEGUERA", "TALENTOS_O": null, "GRUPOS_ETN": "AFRODESCENDIENTES-INDIGENAS-NEGRITUDES-RAIZALES", "SECTOR": 2, "NATU_JUR": 9, "CALENDARIO": 1, "GENERO": 5, "COD_LOCA": "18", "ESPECIALID": 1, "CLASE_TIPO": 1, "BILINGUE": 5, "FECHA": "2024-04-30", "DANE12_EST": "111001015733", "DANE12_SED": "111001015733", "DA_HIPOACU": 0, "DA_SORDERA": 0, "DA_LENGUAS": 0, "DA_UCASTEL": 0, "DISCAP_FIS": 1, "DISCAP_FLE": 0, "DISCAP_PCE": 0, "DI_DCOGNIT": 13, "DI_SDOWN": 0, "DIS_MULTIP": 6, "DIS_PSICOS": 2, "DV_BAJAVIS": 0, "DIS_CEGUER": 0, "T_ESPECTRO": 0, "T_VOZ_Y_HA": 0, "SISTEMICA": 0, "SORDOCEGUE": 1, "OTRA": 0, "TOT_EST_MA": 24, "AFRODESCEN": 1, "INDIGENAS": 2, "NEGRITUDES": 1, "PALENQUERO": 0, "RAIZALES": 0, "ROM": 0, "TOT_EST_ET": 4, "CAPACID_EX": 0, "DOBLE_EXCE": 0, "TE_ACTFISI": 0, "TE_ARTES": 0, "TE_CNATUR": 0, "TE_CSOCIAL": 0, "TE_LDSOCIA": 0, "TE_TECNOLO": 0, "TOT_EST_CA": 0, "TMATRIC_GE": 838, "Zona": 1 }, "geometry": { "type": "Point", "coordinates": [ -8249804.421700000762939, 510802.136599998921156 ] } },
{ "type": "Feature", "properties": { "NOMBRE_EST": "COLEGIO ANTONIO BARAYA (IED)", "NOMBRE_SED": "PABLO VI", "ORDEN_DE_S": "B", "DIRECCION": "KR 24 C # 25 A - 10 SUR", "DISCAPACID": "INTELECTUAL-MULTIPLE-VISUAL", "TALENTOS_O": null, "GRUPOS_ETN": null, "SECTOR": 2, "NATU_JUR": 9, "CALENDARIO": 1, "GENERO": 5, "COD_LOCA": "18", "ESPECIALID": 13, "CLASE_TIPO": 1, "BILINGUE": 5, "FECHA": "2024-04-30", "DANE12_EST": "111001015733", "DANE12_SED": "111001012840", "DA_HIPOACU": 0, "DA_SORDERA": 0, "DA_LENGUAS": 0, "DA_UCASTEL": 0, "DISCAP_FIS": 0, "DISCAP_FLE": 0, "DISCAP_PCE": 0, "DI_DCOGNIT": 4, "DI_SDOWN": 0, "DIS_MULTIP": 3, "DIS_PSICOS": 0, "DV_BAJAVIS": 1, "DIS_CEGUER": 0, "T_ESPECTRO": 0, "T_VOZ_Y_HA": 0, "SISTEMICA": 0, "SORDOCEGUE": 0, "OTRA": 0, "TOT_EST_MA": 9, "AFRODESCEN": 1, "INDIGENAS": 1, "NEGRITUDES": 1, "PALENQUERO": 0, "RAIZALES": 1, "ROM": 0, "TOT_EST_ET": 4, "CAPACID_EX": 1, "DOBLE_EXCE": 0, "TE_ACTFISI": 1, "TE_ARTES": 0, "TE_CNATUR": 0, "TE_CSOCIAL": 0, "TE_LDSOCIA": 0, "TE_TECNOLO": 0, "TOT_EST_CA": 1, "TMATRIC_GE": 289, "Zona": 1 }, "geometry": { "type": "Point", "coordinates": [ -8249804.530799999833107, 511063.327300000935793 ] } },
{ "type": "Feature", "properties": { "NOMBRE_EST": "COLEGIO ALEXANDER FLEMING (IED)", "NOMBRE_SED": "REINO UNIDO DE HOLANDA", "ORDEN_DE_S": "A", "DIRECCION": "DG 45 BIS SUR # 13 F - 03", "DISCAPACID": "AUDITIVA-INTELECTUAL-MENTAL/PSICOSOCIAL-MULTIPLE-VISUAL", "TALENTOS_O": null, "GRUPOS_ETN": "AFRODESCENDIENTES-INDIGENAS-NEGRITUDES-RAIZALES", "SECTOR": 2, "NATU_JUR": 9, "CALENDARIO": 1, "GENERO": 5, "COD_LOCA": "18", "ESPECIALID": 1, "CLASE_TIPO": 1, "BILINGUE": 5, "FECHA": "2024-04-30", "DANE12_EST": "111001018058", "DANE12_SED": "111001018058", "DA_HIPOACU": 2, "DA_SORDERA": 0, "DA_LENGUAS": 0, "DA_UCASTEL": 0, "DISCAP_FIS": 0, "DISCAP_FLE": 0, "DISCAP_PCE": 0, "DI_DCOGNIT": 14, "DI_SDOWN": 0, "DIS_MULTIP": 3, "DIS_PSICOS": 0, "DV_BAJAVIS": 1, "DIS_CEGUER": 0, "T_ESPECTRO": 0, "T_VOZ_Y_HA": 0, "SISTEMICA": 0, "SORDOCEGUE": 0, "OTRA": 0, "TOT_EST_MA": 20, "AFRODESCEN": 12, "INDIGENAS": 2, "NEGRITUDES": 18, "PALENQUERO": 0, "RAIZALES": 1, "ROM": 0, "TOT_EST_ET": 33, "CAPACID_EX": 0, "DOBLE_EXCE": 0, "TE_ACTFISI": 0, "TE_ARTES": 0, "TE_CNATUR": 0, "TE_CSOCIAL": 0, "TE_LDSOCIA": 0, "TE_TECNOLO": 0, "TOT_EST_CA": 0, "TMATRIC_GE": 674, "Zona": 1 }, "geometry": { "type": "Point", "coordinates": [ -8251084.212899999693036, 509489.040399998426437 ] } },
{ "type": "Feature", "properties": { "NOMBRE_EST": "COLEGIO ALEXANDER FLEMING (IED)", "NOMBRE_SED": "ANTONIO RICAURTE", "ORDEN_DE_S": "B", "DIRECCION": "CL 43 SUR # 16 A - 40", "DISCAPACID": "FISICA-INTELECTUAL", "TALENTOS_O": "CAPACIDADES EXCEPCIONALES-TALENTO EXCEPCIONAL EN ACTIVIDAD FISICA, EJERCICIO Y DEPORTE", "GRUPOS_ETN": "AFRODESCENDIENTES-INDIGENAS-NEGRITUDES-PALENQUEROS-RAIZALES", "SECTOR": 2, "NATU_JUR": 9, "CALENDARIO": 1, "GENERO": 5, "COD_LOCA": "18", "ESPECIALID": 13, "CLASE_TIPO": 1, "BILINGUE": 5, "FECHA": "2024-04-30", "DANE12_EST": "111001018058", "DANE12_SED": "111001018031", "DA_HIPOACU": 0, "DA_SORDERA": 0, "DA_LENGUAS": 0, "DA_UCASTEL": 0, "DISCAP_FIS": 1, "DISCAP_FLE": 0, "DISCAP_PCE": 0, "DI_DCOGNIT": 18, "DI_SDOWN": 0, "DIS_MULTIP": 2, "DIS_PSICOS": 0, "DV_BAJAVIS": 0, "DIS_CEGUER": 0, "T_ESPECTRO": 0, "T_VOZ_Y_HA": 0, "SISTEMICA": 0, "SORDOCEGUE": 0, "OTRA": 0, "TOT_EST_MA": 21, "AFRODESCEN": 19, "INDIGENAS": 5, "NEGRITUDES": 9, "PALENQUERO": 0, "RAIZALES": 2, "ROM": 0, "TOT_EST_ET": 35, "CAPACID_EX": 0, "DOBLE_EXCE": 0, "TE_ACTFISI": 0, "TE_ARTES": 0, "TE_CNATUR": 0, "TE_CSOCIAL": 0, "TE_LDSOCIA": 0, "TE_TECNOLO": 0, "TOT_EST_CA": 0, "TMATRIC_GE": 919, "Zona": 1 }, "geometry": { "type": "Point", "coordinates": [ -8251003.659900000318885, 509421.632399998605251 ] } },
{ "type": "Feature", "properties": { "NOMBRE_EST": "COLEGIO ALEXANDER FLEMING (IED)", "NOMBRE_SED": "CONSUELO SUR", "ORDEN_DE_S": "C", "DIRECCION": "CL 50 A SUR # 13 A - 31", "DISCAPACID": "INTELECTUAL", "TALENTOS_O": null, "GRUPOS_ETN": null, "SECTOR": 2, "NATU_JUR": 9, "CALENDARIO": 1, "GENERO": 5, "COD_LOCA": "18", "ESPECIALID": 13, "CLASE_TIPO": 1, "BILINGUE": 5, "FECHA": "2024-04-30", "DANE12_EST": "111001018058", "DANE12_SED": "111001028355", "DA_HIPOACU": 0, "DA_SORDERA": 0, "DA_LENGUAS": 0, "DA_UCASTEL": 0, "DISCAP_FIS": 0, "DISCAP_FLE": 0, "DISCAP_PCE": 0, "DI_DCOGNIT": 4, "DI_SDOWN": 0, "DIS_MULTIP": 0, "DIS_PSICOS": 0, "DV_BAJAVIS": 0, "DIS_CEGUER": 0, "T_ESPECTRO": 0, "T_VOZ_Y_HA": 0, "SISTEMICA": 0, "SORDOCEGUE": 0, "OTRA": 0, "TOT_EST_MA": 4, "AFRODESCEN": 1, "INDIGENAS": 0, "NEGRITUDES": 0, "PALENQUERO": 0, "RAIZALES": 0, "ROM": 0, "TOT_EST_ET": 1, "CAPACID_EX": 0, "DOBLE_EXCE": 0, "TE_ACTFISI": 0, "TE_ARTES": 0, "TE_CNATUR": 0, "TE_CSOCIAL": 0, "TE_LDSOCIA": 0, "TE_TECNOLO": 0, "TOT_EST_CA": 0, "TMATRIC_GE": 144, "Zona": 1 }, "geometry": { "type": "Point", "coordinates": [ -8251472.322699999436736, 508720.5304000005126 ] } },
{ "type": "Feature", "properties": { "NOMBRE_EST": "COLEGIO MISAEL PASTRANA BORRERO (IED)", "NOMBRE_SED": "MISAEL PASTRANA BORRERO", "ORDEN_DE_S": "A", "DIRECCION": "KR 10 A # 39 - 05 SUR", "DISCAPACID": "AUDITIVA-FISICA-INTELECTUAL-MENTAL/PSICOSOCIAL-MULTIPLE-VISUAL", "TALENTOS_O": "CAPACIDADES EXCEPCIONALES-TALENTO EXCEPCIONAL EN ARTES Y LETRAS-TALENTO EXCEPCIONAL EN CIENCIAS NATURALES O BASICAS-TALENTO EXCEPCIONAL EN CIENCIAS SOCIALES O HUMANAS", "GRUPOS_ETN": "AFRODESCENDIENTES-INDIGENAS-NEGRITUDES", "SECTOR": 2, "NATU_JUR": 9, "CALENDARIO": 1, "GENERO": 5, "COD_LOCA": "18", "ESPECIALID": 1, "CLASE_TIPO": 1, "BILINGUE": 5, "FECHA": "2024-04-30", "DANE12_EST": "111001020095", "DANE12_SED": "111001020095", "DA_HIPOACU": 0, "DA_SORDERA": 0, "DA_LENGUAS": 0, "DA_UCASTEL": 0, "DISCAP_FIS": 2, "DISCAP_FLE": 0, "DISCAP_PCE": 0, "DI_DCOGNIT": 26, "DI_SDOWN": 0, "DIS_MULTIP": 1, "DIS_PSICOS": 6, "DV_BAJAVIS": 2, "DIS_CEGUER": 0, "T_ESPECTRO": 0, "T_VOZ_Y_HA": 0, "SISTEMICA": 0, "SORDOCEGUE": 0, "OTRA": 0, "TOT_EST_MA": 37, "AFRODESCEN": 2, "INDIGENAS": 10, "NEGRITUDES": 1, "PALENQUERO": 0, "RAIZALES": 0, "ROM": 0, "TOT_EST_ET": 13, "CAPACID_EX": 0, "DOBLE_EXCE": 0, "TE_ACTFISI": 0, "TE_ARTES": 0, "TE_CNATUR": 0, "TE_CSOCIAL": 0, "TE_LDSOCIA": 0, "TE_TECNOLO": 0, "TOT_EST_CA": 0, "TMATRIC_GE": 1345, "Zona": 1 }, "geometry": { "type": "Point", "coordinates": [ -8249702.378499999642372, 508674.99040000140667 ] } },
{ "type": "Feature", "properties": { "NOMBRE_EST": "COLEGIO GUSTAVO RESTREPO (IED)", "NOMBRE_SED": "GUSTAVO RESTREPO", "ORDEN_DE_S": "A", "DIRECCION": "CL 28 SUR # 14 - 51", "DISCAPACID": "AUDITIVA-INTELECTUAL-MENTAL/PSICOSOCIAL-MULTIPLE", "TALENTOS_O": "TALENTO EXCEPCIONAL EN CIENCIAS SOCIALES O HUMANAS", "GRUPOS_ETN": "AFRODESCENDIENTES-INDIGENAS-NEGRITUDES", "SECTOR": 2, "NATU_JUR": 9, "CALENDARIO": 1, "GENERO": 5, "COD_LOCA": "18", "ESPECIALID": 12, "CLASE_TIPO": 1, "BILINGUE": 5, "FECHA": "2024-04-30", "DANE12_EST": "111001027332", "DANE12_SED": "111001027332", "DA_HIPOACU": 2, "DA_SORDERA": 0, "DA_LENGUAS": 0, "DA_UCASTEL": 0, "DISCAP_FIS": 1, "DISCAP_FLE": 0, "DISCAP_PCE": 0, "DI_DCOGNIT": 38, "DI_SDOWN": 0, "DIS_MULTIP": 9, "DIS_PSICOS": 2, "DV_BAJAVIS": 0, "DIS_CEGUER": 0, "T_ESPECTRO": 0, "T_VOZ_Y_HA": 0, "SISTEMICA": 0, "SORDOCEGUE": 0, "OTRA": 0, "TOT_EST_MA": 52, "AFRODESCEN": 3, "INDIGENAS": 7, "NEGRITUDES": 2, "PALENQUERO": 0, "RAIZALES": 0, "ROM": 0, "TOT_EST_ET": 12, "CAPACID_EX": 0, "DOBLE_EXCE": 0, "TE_ACTFISI": 0, "TE_ARTES": 0, "TE_CNATUR": 0, "TE_CSOCIAL": 0, "TE_LDSOCIA": 0, "TE_TECNOLO": 0, "TOT_EST_CA": 0, "TMATRIC_GE": 751, "Zona": 1 }, "geometry": { "type": "Point", "coordinates": [ -8249685.823000000789762, 510274.800200000405312 ] } },
{ "type": "Feature", "properties": { "NOMBRE_EST": "COLEGIO GUSTAVO RESTREPO (IED)", "NOMBRE_SED": "JOSE ACEVEDO Y GOMEZ", "ORDEN_DE_S": "B", "DIRECCION": "KR 13 A # 26 - 17 SUR", "DISCAPACID": "AUDITIVA-FISICA-INTELECTUAL-MENTAL/PSICOSOCIAL-MULTIPLE", "TALENTOS_O": "CAPACIDADES EXCEPCIONALES-TALENTO EXCEPCIONAL EN ACTIVIDAD FISICA, EJERCICIO Y DEPORTE-TALENTO EXCEPCIONAL EN ARTES Y LETRAS-TALENTO EXCEPCIONAL EN LIDERAZGO SOCIAL Y EMPRENDIMIENTO", "GRUPOS_ETN": "AFRODESCENDIENTES-INDIGENAS", "SECTOR": 2, "NATU_JUR": 9, "CALENDARIO": 1, "GENERO": 5, "COD_LOCA": "18", "ESPECIALID": 13, "CLASE_TIPO": 1, "BILINGUE": 5, "FECHA": "2024-04-30", "DANE12_EST": "111001027332", "DANE12_SED": "111001015130", "DA_HIPOACU": 0, "DA_SORDERA": 0, "DA_LENGUAS": 0, "DA_UCASTEL": 0, "DISCAP_FIS": 8, "DISCAP_FLE": 0, "DISCAP_PCE": 0, "DI_DCOGNIT": 161, "DI_SDOWN": 0, "DIS_MULTIP": 77, "DIS_PSICOS": 4, "DV_BAJAVIS": 0, "DIS_CEGUER": 0, "T_ESPECTRO": 0, "T_VOZ_Y_HA": 0, "SISTEMICA": 0, "SORDOCEGUE": 1, "OTRA": 0, "TOT_EST_MA": 252, "AFRODESCEN": 2, "INDIGENAS": 1, "NEGRITUDES": 3, "PALENQUERO": 0, "RAIZALES": 0, "ROM": 0, "TOT_EST_ET": 6, "CAPACID_EX": 1, "DOBLE_EXCE": 0, "TE_ACTFISI": 1, "TE_ARTES": 0, "TE_CNATUR": 0, "TE_CSOCIAL": 0, "TE_LDSOCIA": 0, "TE_TECNOLO": 0, "TOT_EST_CA": 1, "TMATRIC_GE": 874, "Zona": 1 }, "geometry": { "type": "Point", "coordinates": [ -8249061.808299999684095, 510086.662200000137091 ] } },
{ "type": "Feature", "properties": { "NOMBRE_EST": "COLEGIO GUSTAVO RESTREPO (IED)", "NOMBRE_SED": "GABRIEL TURBAY", "ORDEN_DE_S": "C", "DIRECCION": "TV 12 B # 15 - 07 SUR", "DISCAPACID": "FISICA-INTELECTUAL-MENTAL/PSICOSOCIAL-MULTIPLE", "TALENTOS_O": null, "GRUPOS_ETN": "AFRODESCENDIENTES-INDIGENAS-NEGRITUDES", "SECTOR": 2, "NATU_JUR": 9, "CALENDARIO": 1, "GENERO": 5, "COD_LOCA": "15", "ESPECIALID": 13, "CLASE_TIPO": 1, "BILINGUE": 5, "FECHA": "2024-04-30", "DANE12_EST": "111001027332", "DANE12_SED": "111001106810", "DA_HIPOACU": 0, "DA_SORDERA": 0, "DA_LENGUAS": 0, "DA_UCASTEL": 0, "DISCAP_FIS": 3, "DISCAP_FLE": 0, "DISCAP_PCE": 0, "DI_DCOGNIT": 273, "DI_SDOWN": 0, "DIS_MULTIP": 107, "DIS_PSICOS": 2, "DV_BAJAVIS": 0, "DIS_CEGUER": 0, "T_ESPECTRO": 0, "T_VOZ_Y_HA": 0, "SISTEMICA": 0, "SORDOCEGUE": 0, "OTRA": 0, "TOT_EST_MA": 385, "AFRODESCEN": 1, "INDIGENAS": 2, "NEGRITUDES": 1, "PALENQUERO": 0, "RAIZALES": 0, "ROM": 0, "TOT_EST_ET": 4, "CAPACID_EX": 0, "DOBLE_EXCE": 0, "TE_ACTFISI": 0, "TE_ARTES": 0, "TE_CNATUR": 0, "TE_CSOCIAL": 0, "TE_LDSOCIA": 0, "TE_TECNOLO": 0, "TOT_EST_CA": 0, "TMATRIC_GE": 385, "Zona": 1 }, "geometry": { "type": "Point", "coordinates": [ -8248434.962600000202656, 510811.079799998551607 ] } },
{ "type": "Feature", "properties": { "NOMBRE_EST": "COLEGIO ALFREDO IRIARTE (IED)", "NOMBRE_SED": "CHIRCALES", "ORDEN_DE_S": "A", "DIRECCION": "TV 5 J # 48 F - 69 SUR", "DISCAPACID": "INTELECTUAL-MENTAL/PSICOSOCIAL-VISUAL", "TALENTOS_O": "TALENTO EXCEPCIONAL EN ACTIVIDAD FISICA, EJERCICIO Y DEPORTE-TALENTO EXCEPCIONAL EN ARTES Y LETRAS-TALENTO EXCEPCIONAL EN CIENCIAS NATURALES O BASICAS", "GRUPOS_ETN": "AFRODESCENDIENTES-INDIGENAS-NEGRITUDES", "SECTOR": 2, "NATU_JUR": 9, "CALENDARIO": 1, "GENERO": 5, "COD_LOCA": "18", "ESPECIALID": 1, "CLASE_TIPO": 1, "BILINGUE": 5, "FECHA": "2024-04-30", "DANE12_EST": "111001027383", "DANE12_SED": "111001027383", "DA_HIPOACU": 0, "DA_SORDERA": 0, "DA_LENGUAS": 0, "DA_UCASTEL": 0, "DISCAP_FIS": 0, "DISCAP_FLE": 0, "DISCAP_PCE": 0, "DI_DCOGNIT": 7, "DI_SDOWN": 0, "DIS_MULTIP": 1, "DIS_PSICOS": 2, "DV_BAJAVIS": 2, "DIS_CEGUER": 0, "T_ESPECTRO": 0, "T_VOZ_Y_HA": 0, "SISTEMICA": 0, "SORDOCEGUE": 0, "OTRA": 0, "TOT_EST_MA": 12, "AFRODESCEN": 5, "INDIGENAS": 7, "NEGRITUDES": 0, "PALENQUERO": 0, "RAIZALES": 0, "ROM": 0, "TOT_EST_ET": 12, "CAPACID_EX": 2, "DOBLE_EXCE": 0, "TE_ACTFISI": 2, "TE_ARTES": 0, "TE_CNATUR": 0, "TE_CSOCIAL": 0, "TE_LDSOCIA": 0, "TE_TECNOLO": 0, "TOT_EST_CA": 2, "TMATRIC_GE": 1459, "Zona": 1 }, "geometry": { "type": "Point", "coordinates": [ -8250118.606499999761581, 507941.866999998688698 ] } },
{ "type": "Feature", "properties": { "NOMBRE_EST": "COLEGIO ALFREDO IRIARTE (IED)", "NOMBRE_SED": "EL MIRADOR", "ORDEN_DE_S": "B", "DIRECCION": "DG 48 J SUR # 9 - 14", "DISCAPACID": "INTELECTUAL", "TALENTOS_O": "CAPACIDADES EXCEPCIONALES-TALENTO EXCEPCIONAL EN ACTIVIDAD FISICA, EJERCICIO Y DEPORTE", "GRUPOS_ETN": "AFRODESCENDIENTES", "SECTOR": 2, "NATU_JUR": 9, "CALENDARIO": 1, "GENERO": 5, "COD_LOCA": "18", "ESPECIALID": 13, "CLASE_TIPO": 1, "BILINGUE": 5, "FECHA": "2024-04-30", "DANE12_EST": "111001027383", "DANE12_SED": "111001075141", "DA_HIPOACU": 0, "DA_SORDERA": 0, "DA_LENGUAS": 0, "DA_UCASTEL": 0, "DISCAP_FIS": 0, "DISCAP_FLE": 0, "DISCAP_PCE": 0, "DI_DCOGNIT": 4, "DI_SDOWN": 0, "DIS_MULTIP": 2, "DIS_PSICOS": 0, "DV_BAJAVIS": 0, "DIS_CEGUER": 0, "T_ESPECTRO": 0, "T_VOZ_Y_HA": 0, "SISTEMICA": 0, "SORDOCEGUE": 0, "OTRA": 0, "TOT_EST_MA": 6, "AFRODESCEN": 1, "INDIGENAS": 2, "NEGRITUDES": 0, "PALENQUERO": 0, "RAIZALES": 0, "ROM": 0, "TOT_EST_ET": 3, "CAPACID_EX": 0, "DOBLE_EXCE": 0, "TE_ACTFISI": 0, "TE_ARTES": 0, "TE_CNATUR": 0, "TE_CSOCIAL": 0, "TE_LDSOCIA": 0, "TE_TECNOLO": 0, "TOT_EST_CA": 0, "TMATRIC_GE": 333, "Zona": 1 }, "geometry": { "type": "Point", "coordinates": [ -8250584.430700000375509, 508115.648499999195337 ] } },
{ "type": "Feature", "properties": { "NOMBRE_EST": "COLEGIO ALFREDO IRIARTE (IED)", "NOMBRE_SED": "LA MERCED SUR", "ORDEN_DE_S": "C", "DIRECCION": "TV 11 A # 49 D - 12 SUR", "DISCAPACID": "INTELECTUAL", "TALENTOS_O": "TALENTO EXCEPCIONAL EN ACTIVIDAD FISICA, EJERCICIO Y DEPORTE-TALENTO EXCEPCIONAL EN ARTES Y LETRAS", "GRUPOS_ETN": "AFRODESCENDIENTES", "SECTOR": 2, "NATU_JUR": 9, "CALENDARIO": 1, "GENERO": 5, "COD_LOCA": "18", "ESPECIALID": 13, "CLASE_TIPO": 1, "BILINGUE": 5, "FECHA": "2024-04-30", "DANE12_EST": "111001027383", "DANE12_SED": "111001098957", "DA_HIPOACU": 0, "DA_SORDERA": 0, "DA_LENGUAS": 0, "DA_UCASTEL": 0, "DISCAP_FIS": 0, "DISCAP_FLE": 0, "DISCAP_PCE": 0, "DI_DCOGNIT": 1, "DI_SDOWN": 0, "DIS_MULTIP": 0, "DIS_PSICOS": 0, "DV_BAJAVIS": 0, "DIS_CEGUER": 0, "T_ESPECTRO": 0, "T_VOZ_Y_HA": 0, "SISTEMICA": 0, "SORDOCEGUE": 0, "OTRA": 0, "TOT_EST_MA": 1, "AFRODESCEN": 2, "INDIGENAS": 1, "NEGRITUDES": 0, "PALENQUERO": 0, "RAIZALES": 0, "ROM": 0, "TOT_EST_ET": 3, "CAPACID_EX": 1, "DOBLE_EXCE": 0, "TE_ACTFISI": 0, "TE_ARTES": 0, "TE_CNATUR": 0, "TE_CSOCIAL": 0, "TE_LDSOCIA": 0, "TE_TECNOLO": 1, "TOT_EST_CA": 1, "TMATRIC_GE": 204, "Zona": 1 }, "geometry": { "type": "Point", "coordinates": [ -8251091.676899999380112, 508365.871199999004602 ] } },
{ "type": "Feature", "properties": { "NOMBRE_EST": "COLEGIO PALERMO SUR (CED)", "NOMBRE_SED": "PALERMO SUR", "ORDEN_DE_S": "A", "DIRECCION": "KR 2 B # 49 D - 41 SUR", "DISCAPACID": "AUDITIVA-INTELECTUAL-MENTAL/PSICOSOCIAL-MULTIPLE", "TALENTOS_O": "TALENTO EXCEPCIONAL EN ACTIVIDAD FISICA, EJERCICIO Y DEPORTE-TALENTO EXCEPCIONAL EN ARTES Y LETRAS", "GRUPOS_ETN": "AFRODESCENDIENTES-INDIGENAS-NEGRITUDES", "SECTOR": 2, "NATU_JUR": 9, "CALENDARIO": 1, "GENERO": 5, "COD_LOCA": "18", "ESPECIALID": 13, "CLASE_TIPO": 1, "BILINGUE": 5, "FECHA": "2024-04-30", "DANE12_EST": "111001028380", "DANE12_SED": "111001028380", "DA_HIPOACU": 0, "DA_SORDERA": 0, "DA_LENGUAS": 0, "DA_UCASTEL": 0, "DISCAP_FIS": 1, "DISCAP_FLE": 0, "DISCAP_PCE": 0, "DI_DCOGNIT": 15, "DI_SDOWN": 0, "DIS_MULTIP": 4, "DIS_PSICOS": 0, "DV_BAJAVIS": 0, "DIS_CEGUER": 0, "T_ESPECTRO": 0, "T_VOZ_Y_HA": 0, "SISTEMICA": 0, "SORDOCEGUE": 0, "OTRA": 0, "TOT_EST_MA": 21, "AFRODESCEN": 12, "INDIGENAS": 1, "NEGRITUDES": 5, "PALENQUERO": 0, "RAIZALES": 0, "ROM": 0, "TOT_EST_ET": 18, "CAPACID_EX": 0, "DOBLE_EXCE": 0, "TE_ACTFISI": 0, "TE_ARTES": 0, "TE_CNATUR": 0, "TE_CSOCIAL": 0, "TE_LDSOCIA": 0, "TE_TECNOLO": 0, "TOT_EST_CA": 0, "TMATRIC_GE": 1300, "Zona": 1 }, "geometry": { "type": "Point", "coordinates": [ -8249858.48509999923408, 506271.999000001698732 ] } },
{ "type": "Feature", "properties": { "NOMBRE_EST": "COLEGIO ENRIQUE OLAYA HERRERA (IED)", "NOMBRE_SED": "ENRIQUE OLAYA HERRERA", "ORDEN_DE_S": "A", "DIRECCION": "KR 10 # 31 - 29 SUR", "DISCAPACID": "AUDITIVA-FISICA-INTELECTUAL-MENTAL/PSICOSOCIAL-MULTIPLE-SORDOCEGUERA-VISUAL", "TALENTOS_O": "CAPACIDADES EXCEPCIONALES-TALENTO EXCEPCIONAL EN ACTIVIDAD FISICA, EJERCICIO Y DEPORTE-TALENTO EXCEPCIONAL EN ARTES Y LETRAS-TALENTO EXCEPCIONAL EN CIENCIAS NATURALES O BASICAS-TALENTO EXCEPCIONAL EN LIDERAZGO SOCIAL Y EMPRENDIMIENTO-TALENTO EXCEPCIONAL", "GRUPOS_ETN": "AFRODESCENDIENTES-INDIGENAS-NEGRITUDES", "SECTOR": 2, "NATU_JUR": 9, "CALENDARIO": 1, "GENERO": 5, "COD_LOCA": "18", "ESPECIALID": 1, "CLASE_TIPO": 1, "BILINGUE": 5, "FECHA": "2024-04-30", "DANE12_EST": "111001030015", "DANE12_SED": "111001030015", "DA_HIPOACU": 10, "DA_SORDERA": 0, "DA_LENGUAS": 0, "DA_UCASTEL": 0, "DISCAP_FIS": 15, "DISCAP_FLE": 0, "DISCAP_PCE": 0, "DI_DCOGNIT": 68, "DI_SDOWN": 0, "DIS_MULTIP": 18, "DIS_PSICOS": 15, "DV_BAJAVIS": 0, "DIS_CEGUER": 0, "T_ESPECTRO": 0, "T_VOZ_Y_HA": 0, "SISTEMICA": 0, "SORDOCEGUE": 1, "OTRA": 0, "TOT_EST_MA": 127, "AFRODESCEN": 12, "INDIGENAS": 2, "NEGRITUDES": 7, "PALENQUERO": 0, "RAIZALES": 1, "ROM": 0, "TOT_EST_ET": 22, "CAPACID_EX": 0, "DOBLE_EXCE": 0, "TE_ACTFISI": 0, "TE_ARTES": 0, "TE_CNATUR": 0, "TE_CSOCIAL": 0, "TE_LDSOCIA": 0, "TE_TECNOLO": 0, "TOT_EST_CA": 0, "TMATRIC_GE": 4491, "Zona": 1 }, "geometry": { "type": "Point", "coordinates": [ -8248923.38910000026226, 509103.962400000542402 ] } },
{ "type": "Feature", "properties": { "NOMBRE_EST": "COLEGIO REPUBLICA EE.UU. DE AMERICA (IED)", "NOMBRE_SED": "REPUBLICA EE.UU. DE AMERICA", "ORDEN_DE_S": "A", "DIRECCION": "CL 22 SUR # 22 - 65", "DISCAPACID": "AUDITIVA-INTELECTUAL-MENTAL/PSICOSOCIAL-MULTIPLE-VISUAL", "TALENTOS_O": "CAPACIDADES EXCEPCIONALES-TALENTO EXCEPCIONAL EN ACTIVIDAD FISICA, EJERCICIO Y DEPORTE-TALENTO EXCEPCIONAL EN ARTES Y LETRAS-TALENTO EXCEPCIONAL EN CIENCIAS SOCIALES O HUMANAS-TALENTO EXCEPCIONAL EN LIDERAZGO SOCIAL Y EMPRENDIMIENTO", "GRUPOS_ETN": "INDIGENAS", "SECTOR": 2, "NATU_JUR": 9, "CALENDARIO": 1, "GENERO": 5, "COD_LOCA": "18", "ESPECIALID": 1, "CLASE_TIPO": 1, "BILINGUE": 5, "FECHA": "2024-04-30", "DANE12_EST": "111001032395", "DANE12_SED": "111001032395", "DA_HIPOACU": 3, "DA_SORDERA": 0, "DA_LENGUAS": 0, "DA_UCASTEL": 0, "DISCAP_FIS": 0, "DISCAP_FLE": 0, "DISCAP_PCE": 0, "DI_DCOGNIT": 11, "DI_SDOWN": 0, "DIS_MULTIP": 4, "DIS_PSICOS": 0, "DV_BAJAVIS": 0, "DIS_CEGUER": 0, "T_ESPECTRO": 0, "T_VOZ_Y_HA": 0, "SISTEMICA": 0, "SORDOCEGUE": 0, "OTRA": 0, "TOT_EST_MA": 18, "AFRODESCEN": 0, "INDIGENAS": 2, "NEGRITUDES": 0, "PALENQUERO": 0, "RAIZALES": 0, "ROM": 0, "TOT_EST_ET": 2, "CAPACID_EX": 0, "DOBLE_EXCE": 0, "TE_ACTFISI": 0, "TE_ARTES": 0, "TE_CNATUR": 0, "TE_CSOCIAL": 0, "TE_LDSOCIA": 0, "TE_TECNOLO": 0, "TOT_EST_CA": 0, "TMATRIC_GE": 628, "Zona": 1 }, "geometry": { "type": "Point", "coordinates": [ -8249362.761600000783801, 510865.912599999457598 ] } },
{ "type": "Feature", "properties": { "NOMBRE_EST": "COLEGIO CLEMENCIA DE CAYCEDO (IED)", "NOMBRE_SED": "CLEMENCIA DE CAYCEDO", "ORDEN_DE_S": "A", "DIRECCION": "CL 32 SUR # 22 - 30", "DISCAPACID": "FISICA-INTELECTUAL-MULTIPLE", "TALENTOS_O": "CAPACIDADES EXCEPCIONALES-TALENTO EXCEPCIONAL EN ACTIVIDAD FISICA, EJERCICIO Y DEPORTE-TALENTO EXCEPCIONAL EN ARTES Y LETRAS-TALENTO EXCEPCIONAL EN CIENCIAS SOCIALES O HUMANAS", "GRUPOS_ETN": "AFRODESCENDIENTES-INDIGENAS", "SECTOR": 2, "NATU_JUR": 9, "CALENDARIO": 1, "GENERO": 5, "COD_LOCA": "18", "ESPECIALID": 1, "CLASE_TIPO": 1, "BILINGUE": 5, "FECHA": "2024-04-30", "DANE12_EST": "111001034134", "DANE12_SED": "111001034134", "DA_HIPOACU": 0, "DA_SORDERA": 0, "DA_LENGUAS": 0, "DA_UCASTEL": 0, "DISCAP_FIS": 1, "DISCAP_FLE": 0, "DISCAP_PCE": 0, "DI_DCOGNIT": 7, "DI_SDOWN": 0, "DIS_MULTIP": 0, "DIS_PSICOS": 0, "DV_BAJAVIS": 0, "DIS_CEGUER": 0, "T_ESPECTRO": 0, "T_VOZ_Y_HA": 0, "SISTEMICA": 0, "SORDOCEGUE": 0, "OTRA": 0, "TOT_EST_MA": 8, "AFRODESCEN": 4, "INDIGENAS": 2, "NEGRITUDES": 2, "PALENQUERO": 0, "RAIZALES": 0, "ROM": 0, "TOT_EST_ET": 8, "CAPACID_EX": 0, "DOBLE_EXCE": 0, "TE_ACTFISI": 0, "TE_ARTES": 0, "TE_CNATUR": 0, "TE_CSOCIAL": 0, "TE_LDSOCIA": 0, "TE_TECNOLO": 0, "TOT_EST_CA": 0, "TMATRIC_GE": 867, "Zona": 1 }, "geometry": { "type": "Point", "coordinates": [ -8250414.9835, 510463.295499999076128 ] } },
{ "type": "Feature", "properties": { "NOMBRE_EST": "COLEGIO JOSE MARTI (IED)", "NOMBRE_SED": "LUIS LOPEZ DE MESA", "ORDEN_DE_S": "A", "DIRECCION": "DG 32 A SUR # 14 A - 97", "DISCAPACID": "INTELECTUAL-MENTAL/PSICOSOCIAL-MULTIPLE", "TALENTOS_O": null, "GRUPOS_ETN": "AFRODESCENDIENTES-INDIGENAS-NEGRITUDES", "SECTOR": 2, "NATU_JUR": 9, "CALENDARIO": 1, "GENERO": 5, "COD_LOCA": "18", "ESPECIALID": 1, "CLASE_TIPO": 1, "BILINGUE": 5, "FECHA": "2024-04-30", "DANE12_EST": "111001036765", "DANE12_SED": "111001036765", "DA_HIPOACU": 0, "DA_SORDERA": 0, "DA_LENGUAS": 0, "DA_UCASTEL": 0, "DISCAP_FIS": 1, "DISCAP_FLE": 0, "DISCAP_PCE": 0, "DI_DCOGNIT": 17, "DI_SDOWN": 0, "DIS_MULTIP": 2, "DIS_PSICOS": 0, "DV_BAJAVIS": 0, "DIS_CEGUER": 0, "T_ESPECTRO": 0, "T_VOZ_Y_HA": 0, "SISTEMICA": 0, "SORDOCEGUE": 0, "OTRA": 0, "TOT_EST_MA": 20, "AFRODESCEN": 12, "INDIGENAS": 7, "NEGRITUDES": 4, "PALENQUERO": 0, "RAIZALES": 0, "ROM": 0, "TOT_EST_ET": 23, "CAPACID_EX": 0, "DOBLE_EXCE": 0, "TE_ACTFISI": 0, "TE_ARTES": 0, "TE_CNATUR": 0, "TE_CSOCIAL": 0, "TE_LDSOCIA": 0, "TE_TECNOLO": 0, "TOT_EST_CA": 0, "TMATRIC_GE": 535, "Zona": 1 }, "geometry": { "type": "Point", "coordinates": [ -8249894.8476, 509606.914299998432398 ] } },
{ "type": "Feature", "properties": { "NOMBRE_EST": "COLEGIO JOSE MARTI (IED)", "NOMBRE_SED": "NAZARETH", "ORDEN_DE_S": "B", "DIRECCION": "DG 32 B SUR # 13 B - 17 - SEDE ADMINISTRATIVA", "DISCAPACID": "INTELECTUAL-MENTAL/PSICOSOCIAL-MULTIPLE", "TALENTOS_O": "TALENTO EXCEPCIONAL EN CIENCIAS SOCIALES O HUMANAS", "GRUPOS_ETN": "AFRODESCENDIENTES-INDIGENAS-NEGRITUDES", "SECTOR": 2, "NATU_JUR": 9, "CALENDARIO": 1, "GENERO": 5, "COD_LOCA": "18", "ESPECIALID": 13, "CLASE_TIPO": 1, "BILINGUE": 5, "FECHA": "2024-04-30", "DANE12_EST": "111001036765", "DANE12_SED": "111001018112", "DA_HIPOACU": 0, "DA_SORDERA": 0, "DA_LENGUAS": 0, "DA_UCASTEL": 0, "DISCAP_FIS": 0, "DISCAP_FLE": 0, "DISCAP_PCE": 0, "DI_DCOGNIT": 8, "DI_SDOWN": 0, "DIS_MULTIP": 4, "DIS_PSICOS": 1, "DV_BAJAVIS": 0, "DIS_CEGUER": 0, "T_ESPECTRO": 0, "T_VOZ_Y_HA": 0, "SISTEMICA": 0, "SORDOCEGUE": 0, "OTRA": 0, "TOT_EST_MA": 13, "AFRODESCEN": 10, "INDIGENAS": 3, "NEGRITUDES": 1, "PALENQUERO": 0, "RAIZALES": 0, "ROM": 1, "TOT_EST_ET": 15, "CAPACID_EX": 0, "DOBLE_EXCE": 0, "TE_ACTFISI": 0, "TE_ARTES": 0, "TE_CNATUR": 0, "TE_CSOCIAL": 0, "TE_LDSOCIA": 0, "TE_TECNOLO": 0, "TOT_EST_CA": 0, "TMATRIC_GE": 419, "Zona": 1 }, "geometry": { "type": "Point", "coordinates": [ -8250205.658299999311566, 509759.219300001859665 ] } },
{ "type": "Feature", "properties": { "NOMBRE_EST": "COLEGIO JOSE MARTI (IED)", "NOMBRE_SED": "GRANJAS SAN PABLO", "ORDEN_DE_S": "C", "DIRECCION": "CL 40 D SUR # 12 J - 39", "DISCAPACID": "AUDITIVA-FISICA-INTELECTUAL-MENTAL/PSICOSOCIAL-MULTIPLE", "TALENTOS_O": "CAPACIDADES EXCEPCIONALES", "GRUPOS_ETN": "AFRODESCENDIENTES-INDIGENAS-NEGRITUDES", "SECTOR": 2, "NATU_JUR": 9, "CALENDARIO": 1, "GENERO": 5, "COD_LOCA": "18", "ESPECIALID": 13, "CLASE_TIPO": 1, "BILINGUE": 5, "FECHA": "2024-04-30", "DANE12_EST": "111001036765", "DANE12_SED": "111001017981", "DA_HIPOACU": 0, "DA_SORDERA": 0, "DA_LENGUAS": 0, "DA_UCASTEL": 0, "DISCAP_FIS": 0, "DISCAP_FLE": 0, "DISCAP_PCE": 0, "DI_DCOGNIT": 10, "DI_SDOWN": 0, "DIS_MULTIP": 6, "DIS_PSICOS": 0, "DV_BAJAVIS": 0, "DIS_CEGUER": 0, "T_ESPECTRO": 0, "T_VOZ_Y_HA": 0, "SISTEMICA": 0, "SORDOCEGUE": 0, "OTRA": 0, "TOT_EST_MA": 16, "AFRODESCEN": 3, "INDIGENAS": 2, "NEGRITUDES": 10, "PALENQUERO": 0, "RAIZALES": 0, "ROM": 0, "TOT_EST_ET": 15, "CAPACID_EX": 0, "DOBLE_EXCE": 0, "TE_ACTFISI": 0, "TE_ARTES": 0, "TE_CNATUR": 0, "TE_CSOCIAL": 0, "TE_LDSOCIA": 0, "TE_TECNOLO": 0, "TOT_EST_CA": 0, "TMATRIC_GE": 622, "Zona": 1 }, "geometry": { "type": "Point", "coordinates": [ -8250565.927200000733137, 509444.726799998432398 ] } },
{ "type": "Feature", "properties": { "NOMBRE_EST": "COLEGIO JOSE MARTI (IED)", "NOMBRE_SED": "LA RESURRECCION", "ORDEN_DE_S": "D", "DIRECCION": "DG 32 B SUR # 12 B - 36", "DISCAPACID": "INTELECTUAL-MULTIPLE-VISUAL", "TALENTOS_O": "TALENTO EXCEPCIONAL EN ACTIVIDAD FISICA, EJERCICIO Y DEPORTE-TALENTO EXCEPCIONAL EN ARTES Y LETRAS", "GRUPOS_ETN": "AFRODESCENDIENTES-INDIGENAS", "SECTOR": 2, "NATU_JUR": 9, "CALENDARIO": 1, "GENERO": 5, "COD_LOCA": "18", "ESPECIALID": 13, "CLASE_TIPO": 1, "BILINGUE": 5, "FECHA": "2024-04-30", "DANE12_EST": "111001036765", "DANE12_SED": "111001015148", "DA_HIPOACU": 0, "DA_SORDERA": 0, "DA_LENGUAS": 0, "DA_UCASTEL": 0, "DISCAP_FIS": 0, "DISCAP_FLE": 0, "DISCAP_PCE": 0, "DI_DCOGNIT": 14, "DI_SDOWN": 0, "DIS_MULTIP": 6, "DIS_PSICOS": 0, "DV_BAJAVIS": 1, "DIS_CEGUER": 0, "T_ESPECTRO": 0, "T_VOZ_Y_HA": 0, "SISTEMICA": 0, "SORDOCEGUE": 0, "OTRA": 0, "TOT_EST_MA": 21, "AFRODESCEN": 1, "INDIGENAS": 2, "NEGRITUDES": 0, "PALENQUERO": 0, "RAIZALES": 0, "ROM": 0, "TOT_EST_ET": 3, "CAPACID_EX": 0, "DOBLE_EXCE": 0, "TE_ACTFISI": 0, "TE_ARTES": 0, "TE_CNATUR": 0, "TE_CSOCIAL": 0, "TE_LDSOCIA": 0, "TE_TECNOLO": 0, "TOT_EST_CA": 0, "TMATRIC_GE": 338, "Zona": 1 }, "geometry": { "type": "Point", "coordinates": [ -8249824.26549999974668, 509068.009899999946356 ] } },
{ "type": "Feature", "properties": { "NOMBRE_EST": "COLEGIO JOSE MARTI (IED)", "NOMBRE_SED": "RIO DE JANEIRO", "ORDEN_DE_S": "E", "DIRECCION": "CL 34 SUR # 16 C - 21", "DISCAPACID": "INTELECTUAL", "TALENTOS_O": null, "GRUPOS_ETN": "AFRODESCENDIENTES-NEGRITUDES", "SECTOR": 2, "NATU_JUR": 9, "CALENDARIO": 1, "GENERO": 5, "COD_LOCA": "18", "ESPECIALID": 13, "CLASE_TIPO": 1, "BILINGUE": 5, "FECHA": "2024-04-30", "DANE12_EST": "111001036765", "DANE12_SED": "111001012912", "DA_HIPOACU": 0, "DA_SORDERA": 0, "DA_LENGUAS": 0, "DA_UCASTEL": 0, "DISCAP_FIS": 0, "DISCAP_FLE": 0, "DISCAP_PCE": 0, "DI_DCOGNIT": 0, "DI_SDOWN": 0, "DIS_MULTIP": 0, "DIS_PSICOS": 0, "DV_BAJAVIS": 0, "DIS_CEGUER": 0, "T_ESPECTRO": 0, "T_VOZ_Y_HA": 0, "SISTEMICA": 0, "SORDOCEGUE": 0, "OTRA": 0, "TOT_EST_MA": 0, "AFRODESCEN": 1, "INDIGENAS": 3, "NEGRITUDES": 1, "PALENQUERO": 0, "RAIZALES": 0, "ROM": 0, "TOT_EST_ET": 5, "CAPACID_EX": 0, "DOBLE_EXCE": 0, "TE_ACTFISI": 0, "TE_ARTES": 0, "TE_CNATUR": 0, "TE_CSOCIAL": 0, "TE_LDSOCIA": 0, "TE_TECNOLO": 0, "TOT_EST_CA": 0, "TMATRIC_GE": 120, "Zona": 1 }, "geometry": { "type": "Point", "coordinates": [ -8250558.967499999329448, 509762.986999999731779 ] } },
{ "type": "Feature", "properties": { "NOMBRE_EST": "COLEGIO DIANA TURBAY (IED)", "NOMBRE_SED": "DIANA TURBAY I", "ORDEN_DE_S": "A", "DIRECCION": "DG 48 Z SUR # 4 B - 10", "DISCAPACID": "AUDITIVA-FISICA-INTELECTUAL-MENTAL/PSICOSOCIAL-MULTIPLE", "TALENTOS_O": "CAPACIDADES EXCEPCIONALES-TALENTO EXCEPCIONAL EN ACTIVIDAD FISICA, EJERCICIO Y DEPORTE-TALENTO EXCEPCIONAL EN ARTES Y LETRAS-TALENTO EXCEPCIONAL EN CIENCIAS NATURALES O BASICAS-TALENTO EXCEPCIONAL EN LIDERAZGO SOCIAL Y EMPRENDIMIENTO", "GRUPOS_ETN": "AFRODESCENDIENTES-INDIGENAS-NEGRITUDES", "SECTOR": 2, "NATU_JUR": 9, "CALENDARIO": 1, "GENERO": 5, "COD_LOCA": "18", "ESPECIALID": 1, "CLASE_TIPO": 1, "BILINGUE": 5, "FECHA": "2024-04-30", "DANE12_EST": "111001041611", "DANE12_SED": "111001041611", "DA_HIPOACU": 2, "DA_SORDERA": 0, "DA_LENGUAS": 0, "DA_UCASTEL": 0, "DISCAP_FIS": 6, "DISCAP_FLE": 0, "DISCAP_PCE": 0, "DI_DCOGNIT": 47, "DI_SDOWN": 0, "DIS_MULTIP": 6, "DIS_PSICOS": 1, "DV_BAJAVIS": 0, "DIS_CEGUER": 0, "T_ESPECTRO": 0, "T_VOZ_Y_HA": 0, "SISTEMICA": 0, "SORDOCEGUE": 0, "OTRA": 0, "TOT_EST_MA": 62, "AFRODESCEN": 13, "INDIGENAS": 12, "NEGRITUDES": 7, "PALENQUERO": 0, "RAIZALES": 0, "ROM": 0, "TOT_EST_ET": 32, "CAPACID_EX": 2, "DOBLE_EXCE": 0, "TE_ACTFISI": 0, "TE_ARTES": 2, "TE_CNATUR": 0, "TE_CSOCIAL": 0, "TE_LDSOCIA": 0, "TE_TECNOLO": 0, "TOT_EST_CA": 2, "TMATRIC_GE": 1468, "Zona": 1 }, "geometry": { "type": "Point", "coordinates": [ -8249898.344200000166893, 506763.461100000888109 ] } },
{ "type": "Feature", "properties": { "NOMBRE_EST": "COLEGIO DIANA TURBAY (IED)", "NOMBRE_SED": "DIANA TURBAY II", "ORDEN_DE_S": "B", "DIRECCION": "CL 49 SUR # 2 - 15", "DISCAPACID": "AUDITIVA-INTELECTUAL-MULTIPLE", "TALENTOS_O": null, "GRUPOS_ETN": "AFRODESCENDIENTES-INDIGENAS-NEGRITUDES", "SECTOR": 2, "NATU_JUR": 9, "CALENDARIO": 1, "GENERO": 5, "COD_LOCA": "18", "ESPECIALID": 13, "CLASE_TIPO": 1, "BILINGUE": 5, "FECHA": "2024-04-30", "DANE12_EST": "111001041611", "DANE12_SED": "111001087815", "DA_HIPOACU": 0, "DA_SORDERA": 0, "DA_LENGUAS": 0, "DA_UCASTEL": 0, "DISCAP_FIS": 0, "DISCAP_FLE": 0, "DISCAP_PCE": 0, "DI_DCOGNIT": 8, "DI_SDOWN": 0, "DIS_MULTIP": 2, "DIS_PSICOS": 0, "DV_BAJAVIS": 0, "DIS_CEGUER": 0, "T_ESPECTRO": 0, "T_VOZ_Y_HA": 0, "SISTEMICA": 0, "SORDOCEGUE": 0, "OTRA": 0, "TOT_EST_MA": 10, "AFRODESCEN": 5, "INDIGENAS": 1, "NEGRITUDES": 0, "PALENQUERO": 0, "RAIZALES": 0, "ROM": 0, "TOT_EST_ET": 6, "CAPACID_EX": 0, "DOBLE_EXCE": 0, "TE_ACTFISI": 0, "TE_ARTES": 0, "TE_CNATUR": 0, "TE_CSOCIAL": 0, "TE_LDSOCIA": 0, "TE_TECNOLO": 0, "TOT_EST_CA": 0, "TMATRIC_GE": 324, "Zona": 1 }, "geometry": { "type": "Point", "coordinates": [ -8249626.6667, 506520.384899999946356 ] } },
{ "type": "Feature", "properties": { "NOMBRE_EST": "COLEGIO MARRUECOS Y MOLINOS (IED)", "NOMBRE_SED": "MARRUECOS Y MOLINOS", "ORDEN_DE_S": "A", "DIRECCION": "CL 49 D BIS SUR # 5 X - 02", "DISCAPACID": "AUDITIVA-FISICA-INTELECTUAL-MENTAL/PSICOSOCIAL-MULTIPLE-VISUAL", "TALENTOS_O": "CAPACIDADES EXCEPCIONALES-TALENTO EXCEPCIONAL EN ACTIVIDAD FISICA, EJERCICIO Y DEPORTE-TALENTO EXCEPCIONAL EN ARTES Y LETRAS-TALENTO EXCEPCIONAL EN CIENCIAS NATURALES O BASICAS-TALENTO EXCEPCIONAL EN LIDERAZGO SOCIAL Y EMPRENDIMIENTO", "GRUPOS_ETN": "AFRODESCENDIENTES-INDIGENAS-NEGRITUDES", "SECTOR": 2, "NATU_JUR": 9, "CALENDARIO": 1, "GENERO": 5, "COD_LOCA": "18", "ESPECIALID": 1, "CLASE_TIPO": 1, "BILINGUE": 5, "FECHA": "2024-04-30", "DANE12_EST": "111001076376", "DANE12_SED": "111001076376", "DA_HIPOACU": 2, "DA_SORDERA": 0, "DA_LENGUAS": 0, "DA_UCASTEL": 0, "DISCAP_FIS": 4, "DISCAP_FLE": 0, "DISCAP_PCE": 0, "DI_DCOGNIT": 38, "DI_SDOWN": 0, "DIS_MULTIP": 14, "DIS_PSICOS": 3, "DV_BAJAVIS": 5, "DIS_CEGUER": 0, "T_ESPECTRO": 0, "T_VOZ_Y_HA": 0, "SISTEMICA": 0, "SORDOCEGUE": 0, "OTRA": 0, "TOT_EST_MA": 66, "AFRODESCEN": 10, "INDIGENAS": 10, "NEGRITUDES": 4, "PALENQUERO": 0, "RAIZALES": 0, "ROM": 0, "TOT_EST_ET": 24, "CAPACID_EX": 1, "DOBLE_EXCE": 0, "TE_ACTFISI": 0, "TE_ARTES": 0, "TE_CNATUR": 0, "TE_CSOCIAL": 0, "TE_LDSOCIA": 0, "TE_TECNOLO": 0, "TOT_EST_CA": 1, "TMATRIC_GE": 3681, "Zona": 1 }, "geometry": { "type": "Point", "coordinates": [ -8250773.447799999266863, 507624.571400001645088 ] } },
{ "type": "Feature", "properties": { "NOMBRE_EST": "COLEGIO LA PAZ (IED)", "NOMBRE_SED": "LA PAZ", "ORDEN_DE_S": "A", "DIRECCION": "DG 52 A SUR # 5 B - 48", "DISCAPACID": "INTELECTUAL", "TALENTOS_O": "TALENTO EXCEPCIONAL EN LIDERAZGO SOCIAL Y EMPRENDIMIENTO", "GRUPOS_ETN": "AFRODESCENDIENTES-INDIGENAS-NEGRITUDES-RAIZALES", "SECTOR": 2, "NATU_JUR": 9, "CALENDARIO": 1, "GENERO": 5, "COD_LOCA": "18", "ESPECIALID": 13, "CLASE_TIPO": 1, "BILINGUE": 5, "FECHA": "2024-04-30", "DANE12_EST": "111001078930", "DANE12_SED": "111001078930", "DA_HIPOACU": 0, "DA_SORDERA": 0, "DA_LENGUAS": 0, "DA_UCASTEL": 0, "DISCAP_FIS": 0, "DISCAP_FLE": 0, "DISCAP_PCE": 0, "DI_DCOGNIT": 9, "DI_SDOWN": 0, "DIS_MULTIP": 0, "DIS_PSICOS": 0, "DV_BAJAVIS": 1, "DIS_CEGUER": 0, "T_ESPECTRO": 0, "T_VOZ_Y_HA": 0, "SISTEMICA": 0, "SORDOCEGUE": 0, "OTRA": 0, "TOT_EST_MA": 10, "AFRODESCEN": 0, "INDIGENAS": 1, "NEGRITUDES": 1, "PALENQUERO": 0, "RAIZALES": 0, "ROM": 0, "TOT_EST_ET": 2, "CAPACID_EX": 0, "DOBLE_EXCE": 0, "TE_ACTFISI": 0, "TE_ARTES": 0, "TE_CNATUR": 0, "TE_CSOCIAL": 0, "TE_LDSOCIA": 0, "TE_TECNOLO": 0, "TOT_EST_CA": 0, "TMATRIC_GE": 450, "Zona": 1 }, "geometry": { "type": "Point", "coordinates": [ -8250640.376499999314547, 506320.2483000010252 ] } },
{ "type": "Feature", "properties": { "NOMBRE_EST": "COLEGIO LA PAZ (IED)", "NOMBRE_SED": "FE Y ALEGRIA", "ORDEN_DE_S": "B", "DIRECCION": "KR 4 B # 51 A - 02 SUR", "DISCAPACID": null, "TALENTOS_O": null, "GRUPOS_ETN": null, "SECTOR": 2, "NATU_JUR": 9, "CALENDARIO": 1, "GENERO": 5, "COD_LOCA": "18", "ESPECIALID": 1, "CLASE_TIPO": 1, "BILINGUE": 5, "FECHA": "2024-04-30", "DANE12_EST": "111001078930", "DANE12_SED": "111001801331", "DA_HIPOACU": 0, "DA_SORDERA": 0, "DA_LENGUAS": 0, "DA_UCASTEL": 0, "DISCAP_FIS": 0, "DISCAP_FLE": 0, "DISCAP_PCE": 0, "DI_DCOGNIT": 3, "DI_SDOWN": 0, "DIS_MULTIP": 0, "DIS_PSICOS": 0, "DV_BAJAVIS": 1, "DIS_CEGUER": 0, "T_ESPECTRO": 0, "T_VOZ_Y_HA": 0, "SISTEMICA": 0, "SORDOCEGUE": 0, "OTRA": 0, "TOT_EST_MA": 4, "AFRODESCEN": 5, "INDIGENAS": 3, "NEGRITUDES": 2, "PALENQUERO": 0, "RAIZALES": 0, "ROM": 0, "TOT_EST_ET": 10, "CAPACID_EX": 0, "DOBLE_EXCE": 0, "TE_ACTFISI": 0, "TE_ARTES": 0, "TE_CNATUR": 0, "TE_CSOCIAL": 0, "TE_LDSOCIA": 0, "TE_TECNOLO": 0, "TOT_EST_CA": 0, "TMATRIC_GE": 281, "Zona": 1 }, "geometry": { "type": "Point", "coordinates": [ -8250262.367799999192357, 506429.633900001645088 ] } },
{ "type": "Feature", "properties": { "NOMBRE_EST": "COLEGIO SANTA LUCIA (IED)", "NOMBRE_SED": "COLEGIO SANTA LUCIA (IED) - SEDE PRINCIPAL", "ORDEN_DE_S": "A", "DIRECCION": "DG 36 SUR # 16 B - 26", "DISCAPACID": "FISICA-INTELECTUAL-MENTAL/PSICOSOCIAL-MULTIPLE-SORDOCEGUERA", "TALENTOS_O": "TALENTO EXCEPCIONAL EN ARTES Y LETRAS", "GRUPOS_ETN": "INDIGENAS", "SECTOR": 2, "NATU_JUR": 9, "CALENDARIO": 1, "GENERO": 5, "COD_LOCA": "18", "ESPECIALID": 1, "CLASE_TIPO": 2, "BILINGUE": 5, "FECHA": "2024-04-30", "DANE12_EST": "111001098965", "DANE12_SED": "111001098965", "DA_HIPOACU": 0, "DA_SORDERA": 0, "DA_LENGUAS": 0, "DA_UCASTEL": 0, "DISCAP_FIS": 1, "DISCAP_FLE": 0, "DISCAP_PCE": 0, "DI_DCOGNIT": 8, "DI_SDOWN": 0, "DIS_MULTIP": 4, "DIS_PSICOS": 2, "DV_BAJAVIS": 0, "DIS_CEGUER": 0, "T_ESPECTRO": 0, "T_VOZ_Y_HA": 0, "SISTEMICA": 0, "SORDOCEGUE": 1, "OTRA": 0, "TOT_EST_MA": 16, "AFRODESCEN": 0, "INDIGENAS": 2, "NEGRITUDES": 0, "PALENQUERO": 0, "RAIZALES": 0, "ROM": 0, "TOT_EST_ET": 2, "CAPACID_EX": 0, "DOBLE_EXCE": 0, "TE_ACTFISI": 0, "TE_ARTES": 0, "TE_CNATUR": 0, "TE_CSOCIAL": 0, "TE_LDSOCIA": 0, "TE_TECNOLO": 0, "TOT_EST_CA": 0, "TMATRIC_GE": 1105, "Zona": 1 }, "geometry": { "type": "Point", "coordinates": [ -8250699.801100000739098, 509713.741700001060963 ] } },
{ "type": "Feature", "properties": { "NOMBRE_EST": "COLEGIO COLOMBIA VIVA (IED)", "NOMBRE_SED": "NESTOR FORERO ALCALA", "ORDEN_DE_S": "A", "DIRECCION": "KR 5 A # 48 M - 50 SUR", "DISCAPACID": "AUDITIVA-FISICA-INTELECTUAL-MENTAL/PSICOSOCIAL-MULTIPLE-VISUAL", "TALENTOS_O": "CAPACIDADES EXCEPCIONALES-TALENTO EXCEPCIONAL EN ACTIVIDAD FISICA, EJERCICIO Y DEPORTE-TALENTO EXCEPCIONAL EN TECNOLOGIA", "GRUPOS_ETN": "AFRODESCENDIENTES-INDIGENAS-NEGRITUDES-RAIZALES", "SECTOR": 2, "NATU_JUR": 9, "CALENDARIO": 1, "GENERO": 5, "COD_LOCA": "18", "ESPECIALID": 1, "CLASE_TIPO": 1, "BILINGUE": 5, "FECHA": "2024-04-30", "DANE12_EST": "111001102091", "DANE12_SED": "111001102091", "DA_HIPOACU": 3, "DA_SORDERA": 0, "DA_LENGUAS": 0, "DA_UCASTEL": 0, "DISCAP_FIS": 2, "DISCAP_FLE": 0, "DISCAP_PCE": 0, "DI_DCOGNIT": 15, "DI_SDOWN": 0, "DIS_MULTIP": 3, "DIS_PSICOS": 3, "DV_BAJAVIS": 1, "DIS_CEGUER": 0, "T_ESPECTRO": 0, "T_VOZ_Y_HA": 0, "SISTEMICA": 0, "SORDOCEGUE": 0, "OTRA": 0, "TOT_EST_MA": 27, "AFRODESCEN": 16, "INDIGENAS": 16, "NEGRITUDES": 4, "PALENQUERO": 0, "RAIZALES": 2, "ROM": 0, "TOT_EST_ET": 38, "CAPACID_EX": 0, "DOBLE_EXCE": 0, "TE_ACTFISI": 0, "TE_ARTES": 0, "TE_CNATUR": 0, "TE_CSOCIAL": 0, "TE_LDSOCIA": 0, "TE_TECNOLO": 0, "TOT_EST_CA": 0, "TMATRIC_GE": 1528, "Zona": 1 }, "geometry": { "type": "Point", "coordinates": [ -8249627.3914, 507427.4527000002563 ] } },
{ "type": "Feature", "properties": { "NOMBRE_EST": "COLEGIO MARIA CANO (IED)", "NOMBRE_SED": "MARIA CANO", "ORDEN_DE_S": "A", "DIRECCION": "TV 5 U # 48 J - 30 SUR  --  TV 5 Q # 48 H - 05 SUR", "DISCAPACID": "FISICA-INTELECTUAL-MULTIPLE-SORDOCEGUERA", "TALENTOS_O": "TALENTO EXCEPCIONAL EN ACTIVIDAD FISICA, EJERCICIO Y DEPORTE-TALENTO EXCEPCIONAL EN ARTES Y LETRAS-TALENTO EXCEPCIONAL EN CIENCIAS NATURALES O BASICAS", "GRUPOS_ETN": "AFRODESCENDIENTES-INDIGENAS-NEGRITUDES-ROM", "SECTOR": 2, "NATU_JUR": 9, "CALENDARIO": 1, "GENERO": 5, "COD_LOCA": "18", "ESPECIALID": 1, "CLASE_TIPO": 1, "BILINGUE": 5, "FECHA": "2024-04-30", "DANE12_EST": "111001107794", "DANE12_SED": "111001107794", "DA_HIPOACU": 0, "DA_SORDERA": 0, "DA_LENGUAS": 0, "DA_UCASTEL": 0, "DISCAP_FIS": 5, "DISCAP_FLE": 0, "DISCAP_PCE": 0, "DI_DCOGNIT": 9, "DI_SDOWN": 0, "DIS_MULTIP": 7, "DIS_PSICOS": 0, "DV_BAJAVIS": 0, "DIS_CEGUER": 0, "T_ESPECTRO": 0, "T_VOZ_Y_HA": 0, "SISTEMICA": 0, "SORDOCEGUE": 1, "OTRA": 0, "TOT_EST_MA": 23, "AFRODESCEN": 7, "INDIGENAS": 3, "NEGRITUDES": 1, "PALENQUERO": 0, "RAIZALES": 0, "ROM": 1, "TOT_EST_ET": 12, "CAPACID_EX": 0, "DOBLE_EXCE": 0, "TE_ACTFISI": 0, "TE_ARTES": 0, "TE_CNATUR": 0, "TE_CSOCIAL": 0, "TE_LDSOCIA": 0, "TE_TECNOLO": 0, "TOT_EST_CA": 0, "TMATRIC_GE": 1718, "Zona": 1 }, "geometry": { "type": "Point", "coordinates": [ -8250497.083799999207258, 508071.38569999858737 ] } },
{ "type": "Feature", "properties": { "NOMBRE_EST": "COLEGIO REPUBLICA DE MEXICO (IED)", "NOMBRE_SED": "REPUBLICA DE MEXICO", "ORDEN_DE_S": "A", "DIRECCION": "CL 64 SUR # 16 D - 50", "DISCAPACID": "AUDITIVA-FISICA-INTELECTUAL-MENTAL/PSICOSOCIAL-MULTIPLE", "TALENTOS_O": "TALENTO EXCEPCIONAL EN ACTIVIDAD FISICA, EJERCICIO Y DEPORTE-TALENTO EXCEPCIONAL EN ARTES Y LETRAS-TALENTO EXCEPCIONAL EN CIENCIAS NATURALES O BASICAS-TALENTO EXCEPCIONAL EN CIENCIAS SOCIALES O HUMANAS-TALENTO EXCEPCIONAL EN LIDERAZGO SOCIAL Y EMPRENDIMI", "GRUPOS_ETN": "AFRODESCENDIENTES-INDIGENAS-NEGRITUDES-RAIZALES", "SECTOR": 2, "NATU_JUR": 9, "CALENDARIO": 1, "GENERO": 5, "COD_LOCA": "19", "ESPECIALID": 1, "CLASE_TIPO": 1, "BILINGUE": 5, "FECHA": "2024-04-30", "DANE12_EST": "111001014486", "DANE12_SED": "111001014486", "DA_HIPOACU": 0, "DA_SORDERA": 0, "DA_LENGUAS": 0, "DA_UCASTEL": 0, "DISCAP_FIS": 3, "DISCAP_FLE": 0, "DISCAP_PCE": 0, "DI_DCOGNIT": 53, "DI_SDOWN": 0, "DIS_MULTIP": 2, "DIS_PSICOS": 2, "DV_BAJAVIS": 1, "DIS_CEGUER": 0, "T_ESPECTRO": 0, "T_VOZ_Y_HA": 0, "SISTEMICA": 0, "SORDOCEGUE": 1, "OTRA": 0, "TOT_EST_MA": 63, "AFRODESCEN": 36, "INDIGENAS": 24, "NEGRITUDES": 11, "PALENQUERO": 0, "RAIZALES": 0, "ROM": 0, "TOT_EST_ET": 71, "CAPACID_EX": 5, "DOBLE_EXCE": 0, "TE_ACTFISI": 3, "TE_ARTES": 0, "TE_CNATUR": 1, "TE_CSOCIAL": 0, "TE_LDSOCIA": 0, "TE_TECNOLO": 1, "TOT_EST_CA": 5, "TMATRIC_GE": 2370, "Zona": 1 }, "geometry": { "type": "Point", "coordinates": [ -8252835.828400000929832, 507623.002099998295307 ] } },
{ "type": "Feature", "properties": { "NOMBRE_EST": "COLEGIO RAFAEL URIBE URIBE (IED)", "NOMBRE_SED": "RAFAEL URIBE URIBE", "ORDEN_DE_S": "A", "DIRECCION": "DG 71 B SUR # 18 I - 20", "DISCAPACID": "AUDITIVA-FISICA-INTELECTUAL-MENTAL/PSICOSOCIAL", "TALENTOS_O": "TALENTO EXCEPCIONAL EN ACTIVIDAD FISICA, EJERCICIO Y DEPORTE-TALENTO EXCEPCIONAL EN ARTES Y LETRAS-TALENTO EXCEPCIONAL EN LIDERAZGO SOCIAL Y EMPRENDIMIENTO-TALENTO EXCEPCIONAL EN TECNOLOGIA", "GRUPOS_ETN": "AFRODESCENDIENTES-INDIGENAS-NEGRITUDES", "SECTOR": 2, "NATU_JUR": 9, "CALENDARIO": 1, "GENERO": 5, "COD_LOCA": "19", "ESPECIALID": 1, "CLASE_TIPO": 1, "BILINGUE": 5, "FECHA": "2024-04-30", "DANE12_EST": "111001014524", "DANE12_SED": "111001014524", "DA_HIPOACU": 0, "DA_SORDERA": 0, "DA_LENGUAS": 0, "DA_UCASTEL": 0, "DISCAP_FIS": 3, "DISCAP_FLE": 0, "DISCAP_PCE": 0, "DI_DCOGNIT": 23, "DI_SDOWN": 0, "DIS_MULTIP": 0, "DIS_PSICOS": 2, "DV_BAJAVIS": 0, "DIS_CEGUER": 0, "T_ESPECTRO": 0, "T_VOZ_Y_HA": 0, "SISTEMICA": 0, "SORDOCEGUE": 0, "OTRA": 0, "TOT_EST_MA": 29, "AFRODESCEN": 2, "INDIGENAS": 4, "NEGRITUDES": 1, "PALENQUERO": 0, "RAIZALES": 0, "ROM": 0, "TOT_EST_ET": 7, "CAPACID_EX": 0, "DOBLE_EXCE": 0, "TE_ACTFISI": 0, "TE_ARTES": 0, "TE_CNATUR": 0, "TE_CSOCIAL": 0, "TE_LDSOCIA": 0, "TE_TECNOLO": 0, "TOT_EST_CA": 0, "TMATRIC_GE": 1756, "Zona": 1 }, "geometry": { "type": "Point", "coordinates": [ -8254150.796599999070168, 506725.174699999392033 ] } },
{ "type": "Feature", "properties": { "NOMBRE_EST": "COLEGIO ISMAEL PERDOMO (IED)", "NOMBRE_SED": "ISMAEL PERDOMO", "ORDEN_DE_S": "A", "DIRECCION": "CL 64 SUR # 71 F - 18", "DISCAPACID": "AUDITIVA-FISICA-INTELECTUAL-MENTAL/PSICOSOCIAL-MULTIPLE-SORDOCEGUERA-VISUAL", "TALENTOS_O": "CAPACIDADES EXCEPCIONALES-TALENTO EXCEPCIONAL EN ACTIVIDAD FISICA, EJERCICIO Y DEPORTE-TALENTO EXCEPCIONAL EN ARTES Y LETRAS-TALENTO EXCEPCIONAL EN CIENCIAS NATURALES O BASICAS-TALENTO EXCEPCIONAL EN LIDERAZGO SOCIAL Y EMPRENDIMIENTO", "GRUPOS_ETN": "AFRODESCENDIENTES-INDIGENAS-NEGRITUDES", "SECTOR": 2, "NATU_JUR": 9, "CALENDARIO": 1, "GENERO": 5, "COD_LOCA": "19", "ESPECIALID": 1, "CLASE_TIPO": 1, "BILINGUE": 5, "FECHA": "2024-04-30", "DANE12_EST": "111001020320", "DANE12_SED": "111001020320", "DA_HIPOACU": 2, "DA_SORDERA": 0, "DA_LENGUAS": 0, "DA_UCASTEL": 0, "DISCAP_FIS": 2, "DISCAP_FLE": 0, "DISCAP_PCE": 0, "DI_DCOGNIT": 28, "DI_SDOWN": 0, "DIS_MULTIP": 8, "DIS_PSICOS": 10, "DV_BAJAVIS": 2, "DIS_CEGUER": 0, "T_ESPECTRO": 0, "T_VOZ_Y_HA": 0, "SISTEMICA": 0, "SORDOCEGUE": 1, "OTRA": 0, "TOT_EST_MA": 53, "AFRODESCEN": 9, "INDIGENAS": 19, "NEGRITUDES": 6, "PALENQUERO": 0, "RAIZALES": 1, "ROM": 0, "TOT_EST_ET": 35, "CAPACID_EX": 0, "DOBLE_EXCE": 0, "TE_ACTFISI": 0, "TE_ARTES": 0, "TE_CNATUR": 0, "TE_CSOCIAL": 0, "TE_LDSOCIA": 0, "TE_TECNOLO": 0, "TOT_EST_CA": 0, "TMATRIC_GE": 2381, "Zona": 1 }, "geometry": { "type": "Point", "coordinates": [ -8256022.5537, 511197.646299999207258 ] } },
{ "type": "Feature", "properties": { "NOMBRE_EST": "COLEGIO LEON DE GREIFF (IED)", "NOMBRE_SED": "LEON DE GREIFF", "ORDEN_DE_S": "A", "DIRECCION": "KR 17 B BIS A # 67 - 30 SUR", "DISCAPACID": "AUDITIVA-FISICA-INTELECTUAL-MENTAL/PSICOSOCIAL-MULTIPLE-VISUAL", "TALENTOS_O": "TALENTO EXCEPCIONAL EN ACTIVIDAD FISICA, EJERCICIO Y DEPORTE-TALENTO EXCEPCIONAL EN LIDERAZGO SOCIAL Y EMPRENDIMIENTO", "GRUPOS_ETN": "AFRODESCENDIENTES-INDIGENAS-NEGRITUDES-RAIZALES", "SECTOR": 2, "NATU_JUR": 9, "CALENDARIO": 1, "GENERO": 5, "COD_LOCA": "19", "ESPECIALID": 1, "CLASE_TIPO": 1, "BILINGUE": 5, "FECHA": "2024-04-30", "DANE12_EST": "111001027251", "DANE12_SED": "111001027251", "DA_HIPOACU": 0, "DA_SORDERA": 0, "DA_LENGUAS": 0, "DA_UCASTEL": 0, "DISCAP_FIS": 2, "DISCAP_FLE": 0, "DISCAP_PCE": 0, "DI_DCOGNIT": 26, "DI_SDOWN": 0, "DIS_MULTIP": 4, "DIS_PSICOS": 2, "DV_BAJAVIS": 1, "DIS_CEGUER": 0, "T_ESPECTRO": 0, "T_VOZ_Y_HA": 0, "SISTEMICA": 0, "SORDOCEGUE": 0, "OTRA": 0, "TOT_EST_MA": 35, "AFRODESCEN": 24, "INDIGENAS": 16, "NEGRITUDES": 21, "PALENQUERO": 0, "RAIZALES": 0, "ROM": 0, "TOT_EST_ET": 61, "CAPACID_EX": 1, "DOBLE_EXCE": 0, "TE_ACTFISI": 0, "TE_ARTES": 0, "TE_CNATUR": 0, "TE_CSOCIAL": 0, "TE_LDSOCIA": 0, "TE_TECNOLO": 0, "TOT_EST_CA": 1, "TMATRIC_GE": 1811, "Zona": 1 }, "geometry": { "type": "Point", "coordinates": [ -8253058.252599999308586, 507153.274599999189377 ] } },
{ "type": "Feature", "properties": { "NOMBRE_EST": "COLEGIO CIUDAD DE MONTREAL (IED)", "NOMBRE_SED": "CIUDAD DE MONTREAL", "ORDEN_DE_S": "A", "DIRECCION": "KR 17 B # 64 B - 45 SUR", "DISCAPACID": "AUDITIVA-INTELECTUAL", "TALENTOS_O": "CAPACIDADES EXCEPCIONALES-TALENTO EXCEPCIONAL EN ACTIVIDAD FISICA, EJERCICIO Y DEPORTE", "GRUPOS_ETN": "AFRODESCENDIENTES-INDIGENAS-NEGRITUDES", "SECTOR": 2, "NATU_JUR": 9, "CALENDARIO": 1, "GENERO": 5, "COD_LOCA": "19", "ESPECIALID": 1, "CLASE_TIPO": 1, "BILINGUE": 5, "FECHA": "2024-04-30", "DANE12_EST": "111001028266", "DANE12_SED": "111001028266", "DA_HIPOACU": 2, "DA_SORDERA": 0, "DA_LENGUAS": 0, "DA_UCASTEL": 0, "DISCAP_FIS": 2, "DISCAP_FLE": 0, "DISCAP_PCE": 0, "DI_DCOGNIT": 11, "DI_SDOWN": 0, "DIS_MULTIP": 1, "DIS_PSICOS": 0, "DV_BAJAVIS": 0, "DIS_CEGUER": 0, "T_ESPECTRO": 0, "T_VOZ_Y_HA": 0, "SISTEMICA": 0, "SORDOCEGUE": 0, "OTRA": 0, "TOT_EST_MA": 16, "AFRODESCEN": 3, "INDIGENAS": 1, "NEGRITUDES": 0, "PALENQUERO": 0, "RAIZALES": 0, "ROM": 0, "TOT_EST_ET": 4, "CAPACID_EX": 0, "DOBLE_EXCE": 0, "TE_ACTFISI": 0, "TE_ARTES": 0, "TE_CNATUR": 0, "TE_CSOCIAL": 0, "TE_LDSOCIA": 0, "TE_TECNOLO": 0, "TOT_EST_CA": 0, "TMATRIC_GE": 833, "Zona": 1 }, "geometry": { "type": "Point", "coordinates": [ -8253018.423599999397993, 507415.064300000667572 ] } },
{ "type": "Feature", "properties": { "NOMBRE_EST": "COLEGIO SANTA BARBARA (IED)", "NOMBRE_SED": "COMPARTIR MEISSEN", "ORDEN_DE_S": "A", "DIRECCION": "KR 18 T # 65 A - 27 SUR", "DISCAPACID": "INTELECTUAL-MENTAL/PSICOSOCIAL-MULTIPLE-VISUAL", "TALENTOS_O": null, "GRUPOS_ETN": "AFRODESCENDIENTES-INDIGENAS-NEGRITUDES", "SECTOR": 2, "NATU_JUR": 9, "CALENDARIO": 1, "GENERO": 5, "COD_LOCA": "19", "ESPECIALID": 1, "CLASE_TIPO": 1, "BILINGUE": 5, "FECHA": "2024-04-30", "DANE12_EST": "111001030821", "DANE12_SED": "111001030821", "DA_HIPOACU": 0, "DA_SORDERA": 0, "DA_LENGUAS": 0, "DA_UCASTEL": 0, "DISCAP_FIS": 0, "DISCAP_FLE": 0, "DISCAP_PCE": 0, "DI_DCOGNIT": 12, "DI_SDOWN": 0, "DIS_MULTIP": 4, "DIS_PSICOS": 0, "DV_BAJAVIS": 0, "DIS_CEGUER": 0, "T_ESPECTRO": 0, "T_VOZ_Y_HA": 0, "SISTEMICA": 0, "SORDOCEGUE": 0, "OTRA": 0, "TOT_EST_MA": 16, "AFRODESCEN": 2, "INDIGENAS": 2, "NEGRITUDES": 4, "PALENQUERO": 0, "RAIZALES": 0, "ROM": 0, "TOT_EST_ET": 8, "CAPACID_EX": 0, "DOBLE_EXCE": 0, "TE_ACTFISI": 0, "TE_ARTES": 0, "TE_CNATUR": 0, "TE_CSOCIAL": 0, "TE_LDSOCIA": 0, "TE_TECNOLO": 0, "TOT_EST_CA": 0, "TMATRIC_GE": 518, "Zona": 1 }, "geometry": { "type": "Point", "coordinates": [ -8253551.704, 507327.997299998998642 ] } },
{ "type": "Feature", "properties": { "NOMBRE_EST": "COLEGIO SANTA BARBARA (IED)", "NOMBRE_SED": "COMPARTIR MEISSEN", "ORDEN_DE_S": "B", "DIRECCION": "KR 18 X # 68 A - 02 SUR", "DISCAPACID": "AUDITIVA-FISICA-INTELECTUAL-MENTAL/PSICOSOCIAL-MULTIPLE", "TALENTOS_O": "TALENTO EXCEPCIONAL EN ACTIVIDAD FISICA, EJERCICIO Y DEPORTE", "GRUPOS_ETN": "AFRODESCENDIENTES-INDIGENAS-NEGRITUDES", "SECTOR": 2, "NATU_JUR": 9, "CALENDARIO": 1, "GENERO": 5, "COD_LOCA": "19", "ESPECIALID": 13, "CLASE_TIPO": 1, "BILINGUE": 5, "FECHA": "2024-04-30", "DANE12_EST": "111001030821", "DANE12_SED": "111001106241", "DA_HIPOACU": 2, "DA_SORDERA": 0, "DA_LENGUAS": 0, "DA_UCASTEL": 0, "DISCAP_FIS": 0, "DISCAP_FLE": 0, "DISCAP_PCE": 0, "DI_DCOGNIT": 11, "DI_SDOWN": 0, "DIS_MULTIP": 3, "DIS_PSICOS": 1, "DV_BAJAVIS": 0, "DIS_CEGUER": 0, "T_ESPECTRO": 0, "T_VOZ_Y_HA": 0, "SISTEMICA": 0, "SORDOCEGUE": 0, "OTRA": 0, "TOT_EST_MA": 17, "AFRODESCEN": 7, "INDIGENAS": 6, "NEGRITUDES": 2, "PALENQUERO": 0, "RAIZALES": 0, "ROM": 0, "TOT_EST_ET": 15, "CAPACID_EX": 0, "DOBLE_EXCE": 0, "TE_ACTFISI": 0, "TE_ARTES": 0, "TE_CNATUR": 0, "TE_CSOCIAL": 0, "TE_LDSOCIA": 0, "TE_TECNOLO": 0, "TOT_EST_CA": 0, "TMATRIC_GE": 430, "Zona": 1 }, "geometry": { "type": "Point", "coordinates": [ -8254214.8498, 507866.649399999529123 ] } },
{ "type": "Feature", "properties": { "NOMBRE_EST": "COLEGIO SANTA BARBARA (IED)", "NOMBRE_SED": "SANTA BARBARA", "ORDEN_DE_S": "C", "DIRECCION": "KR 18 Q BIS B # 67 C - 21 SUR", "DISCAPACID": "AUDITIVA-INTELECTUAL-MULTIPLE", "TALENTOS_O": "TALENTO EXCEPCIONAL EN TECNOLOGIA", "GRUPOS_ETN": "AFRODESCENDIENTES-INDIGENAS", "SECTOR": 2, "NATU_JUR": 9, "CALENDARIO": 1, "GENERO": 5, "COD_LOCA": "19", "ESPECIALID": 13, "CLASE_TIPO": 1, "BILINGUE": 5, "FECHA": "2024-04-30", "DANE12_EST": "111001030821", "DANE12_SED": "111001075302", "DA_HIPOACU": 0, "DA_SORDERA": 0, "DA_LENGUAS": 0, "DA_UCASTEL": 0, "DISCAP_FIS": 0, "DISCAP_FLE": 0, "DISCAP_PCE": 0, "DI_DCOGNIT": 13, "DI_SDOWN": 0, "DIS_MULTIP": 4, "DIS_PSICOS": 0, "DV_BAJAVIS": 0, "DIS_CEGUER": 0, "T_ESPECTRO": 0, "T_VOZ_Y_HA": 0, "SISTEMICA": 0, "SORDOCEGUE": 0, "OTRA": 0, "TOT_EST_MA": 18, "AFRODESCEN": 3, "INDIGENAS": 4, "NEGRITUDES": 0, "PALENQUERO": 0, "RAIZALES": 0, "ROM": 0, "TOT_EST_ET": 7, "CAPACID_EX": 0, "DOBLE_EXCE": 0, "TE_ACTFISI": 0, "TE_ARTES": 0, "TE_CNATUR": 0, "TE_CSOCIAL": 0, "TE_LDSOCIA": 0, "TE_TECNOLO": 0, "TOT_EST_CA": 0, "TMATRIC_GE": 483, "Zona": 1 }, "geometry": { "type": "Point", "coordinates": [ -8254097.995500000193715, 507620.138999998569489 ] } },
{ "type": "Feature", "properties": { "NOMBRE_EST": "COLEGIO UNION EUROPEA (IED)", "NOMBRE_SED": "UNION EUROPEA", "ORDEN_DE_S": "A", "DIRECCION": "KR 18 M # 63 B - 09 SUR", "DISCAPACID": "INTELECTUAL-MULTIPLE-VISUAL", "TALENTOS_O": "CAPACIDADES EXCEPCIONALES-TALENTO EXCEPCIONAL EN ACTIVIDAD FISICA, EJERCICIO Y DEPORTE-TALENTO EXCEPCIONAL EN ARTES Y LETRAS-TALENTO EXCEPCIONAL EN TECNOLOGIA", "GRUPOS_ETN": "AFRODESCENDIENTES-INDIGENAS-NEGRITUDES", "SECTOR": 2, "NATU_JUR": 9, "CALENDARIO": 1, "GENERO": 5, "COD_LOCA": "19", "ESPECIALID": 1, "CLASE_TIPO": 1, "BILINGUE": 5, "FECHA": "2024-04-30", "DANE12_EST": "111001030830", "DANE12_SED": "111001030830", "DA_HIPOACU": 0, "DA_SORDERA": 0, "DA_LENGUAS": 0, "DA_UCASTEL": 0, "DISCAP_FIS": 0, "DISCAP_FLE": 0, "DISCAP_PCE": 0, "DI_DCOGNIT": 34, "DI_SDOWN": 0, "DIS_MULTIP": 4, "DIS_PSICOS": 0, "DV_BAJAVIS": 1, "DIS_CEGUER": 0, "T_ESPECTRO": 0, "T_VOZ_Y_HA": 0, "SISTEMICA": 0, "SORDOCEGUE": 0, "OTRA": 0, "TOT_EST_MA": 39, "AFRODESCEN": 16, "INDIGENAS": 13, "NEGRITUDES": 8, "PALENQUERO": 0, "RAIZALES": 0, "ROM": 0, "TOT_EST_ET": 37, "CAPACID_EX": 0, "DOBLE_EXCE": 0, "TE_ACTFISI": 0, "TE_ARTES": 0, "TE_CNATUR": 0, "TE_CSOCIAL": 0, "TE_LDSOCIA": 0, "TE_TECNOLO": 0, "TOT_EST_CA": 0, "TMATRIC_GE": 1709, "Zona": 1 }, "geometry": { "type": "Point", "coordinates": [ -8253406.857300000265241, 507689.083599999547005 ] } },
{ "type": "Feature", "properties": { "NOMBRE_EST": "COLEGIO UNION EUROPEA (IED)", "NOMBRE_SED": "MARIA CANO", "ORDEN_DE_S": "B", "DIRECCION": "CL 69 B SUR # 17 Ñ - 94", "DISCAPACID": "FISICA-INTELECTUAL", "TALENTOS_O": "TALENTO EXCEPCIONAL EN LIDERAZGO SOCIAL Y EMPRENDIMIENTO", "GRUPOS_ETN": "NEGRITUDES", "SECTOR": 2, "NATU_JUR": 9, "CALENDARIO": 1, "GENERO": 5, "COD_LOCA": "19", "ESPECIALID": 13, "CLASE_TIPO": 1, "BILINGUE": 5, "FECHA": "2024-04-30", "DANE12_EST": "111001030830", "DANE12_SED": "111001027375", "DA_HIPOACU": 0, "DA_SORDERA": 0, "DA_LENGUAS": 0, "DA_UCASTEL": 0, "DISCAP_FIS": 1, "DISCAP_FLE": 0, "DISCAP_PCE": 0, "DI_DCOGNIT": 3, "DI_SDOWN": 0, "DIS_MULTIP": 0, "DIS_PSICOS": 0, "DV_BAJAVIS": 0, "DIS_CEGUER": 0, "T_ESPECTRO": 0, "T_VOZ_Y_HA": 0, "SISTEMICA": 0, "SORDOCEGUE": 0, "OTRA": 0, "TOT_EST_MA": 4, "AFRODESCEN": 0, "INDIGENAS": 1, "NEGRITUDES": 1, "PALENQUERO": 0, "RAIZALES": 0, "ROM": 0, "TOT_EST_ET": 2, "CAPACID_EX": 0, "DOBLE_EXCE": 0, "TE_ACTFISI": 0, "TE_ARTES": 0, "TE_CNATUR": 0, "TE_CSOCIAL": 0, "TE_LDSOCIA": 0, "TE_TECNOLO": 0, "TOT_EST_CA": 0, "TMATRIC_GE": 268, "Zona": 1 }, "geometry": { "type": "Point", "coordinates": [ -8252899.721400000154972, 507052.025600001215935 ] } },
{ "type": "Feature", "properties": { "NOMBRE_EST": "COLEGIO ARBORIZADORA BAJA (IED)", "NOMBRE_SED": "ARBORIZADORA BAJA", "ORDEN_DE_S": "A", "DIRECCION": "CL 59 I SUR # 44 A - 02", "DISCAPACID": "AUDITIVA-FISICA-INTELECTUAL-MENTAL/PSICOSOCIAL-MULTIPLE-SORDOCEGUERA", "TALENTOS_O": "CAPACIDADES EXCEPCIONALES-TALENTO EXCEPCIONAL EN ACTIVIDAD FISICA, EJERCICIO Y DEPORTE-TALENTO EXCEPCIONAL EN ARTES Y LETRAS-TALENTO EXCEPCIONAL EN CIENCIAS NATURALES O BASICAS-TALENTO EXCEPCIONAL EN LIDERAZGO SOCIAL Y EMPRENDIMIENTO-TALENTO EXCEPCIONAL", "GRUPOS_ETN": "AFRODESCENDIENTES-INDIGENAS-NEGRITUDES-RAIZALES", "SECTOR": 2, "NATU_JUR": 9, "CALENDARIO": 1, "GENERO": 5, "COD_LOCA": "19", "ESPECIALID": 1, "CLASE_TIPO": 1, "BILINGUE": 5, "FECHA": "2024-04-30", "DANE12_EST": "111001030848", "DANE12_SED": "111001030848", "DA_HIPOACU": 2, "DA_SORDERA": 0, "DA_LENGUAS": 0, "DA_UCASTEL": 0, "DISCAP_FIS": 4, "DISCAP_FLE": 0, "DISCAP_PCE": 0, "DI_DCOGNIT": 35, "DI_SDOWN": 0, "DIS_MULTIP": 1, "DIS_PSICOS": 3, "DV_BAJAVIS": 0, "DIS_CEGUER": 0, "T_ESPECTRO": 0, "T_VOZ_Y_HA": 0, "SISTEMICA": 0, "SORDOCEGUE": 0, "OTRA": 0, "TOT_EST_MA": 45, "AFRODESCEN": 15, "INDIGENAS": 10, "NEGRITUDES": 4, "PALENQUERO": 0, "RAIZALES": 1, "ROM": 0, "TOT_EST_ET": 30, "CAPACID_EX": 0, "DOBLE_EXCE": 0, "TE_ACTFISI": 0, "TE_ARTES": 0, "TE_CNATUR": 0, "TE_CSOCIAL": 0, "TE_LDSOCIA": 0, "TE_TECNOLO": 0, "TOT_EST_CA": 0, "TMATRIC_GE": 2402, "Zona": 1 }, "geometry": { "type": "Point", "coordinates": [ -8254622.043199999257922, 509811.761300001293421 ] } },
{ "type": "Feature", "properties": { "NOMBRE_EST": "COLEGIO EL TESORO DE LA CUMBRE (IED)", "NOMBRE_SED": "EL TESORO", "ORDEN_DE_S": "A", "DIRECCION": "TV 18 H # 77 A - 95 SUR", "DISCAPACID": "INTELECTUAL-MENTAL/PSICOSOCIAL", "TALENTOS_O": "TALENTO EXCEPCIONAL EN ARTES Y LETRAS", "GRUPOS_ETN": "AFRODESCENDIENTES-INDIGENAS-NEGRITUDES", "SECTOR": 2, "NATU_JUR": 9, "CALENDARIO": 1, "GENERO": 5, "COD_LOCA": "19", "ESPECIALID": 13, "CLASE_TIPO": 1, "BILINGUE": 5, "FECHA": "2024-04-30", "DANE12_EST": "111001033928", "DANE12_SED": "111001033928", "DA_HIPOACU": 0, "DA_SORDERA": 0, "DA_LENGUAS": 0, "DA_UCASTEL": 0, "DISCAP_FIS": 0, "DISCAP_FLE": 0, "DISCAP_PCE": 0, "DI_DCOGNIT": 10, "DI_SDOWN": 0, "DIS_MULTIP": 1, "DIS_PSICOS": 1, "DV_BAJAVIS": 0, "DIS_CEGUER": 0, "T_ESPECTRO": 0, "T_VOZ_Y_HA": 0, "SISTEMICA": 0, "SORDOCEGUE": 0, "OTRA": 0, "TOT_EST_MA": 13, "AFRODESCEN": 9, "INDIGENAS": 6, "NEGRITUDES": 7, "PALENQUERO": 0, "RAIZALES": 0, "ROM": 0, "TOT_EST_ET": 22, "CAPACID_EX": 0, "DOBLE_EXCE": 0, "TE_ACTFISI": 0, "TE_ARTES": 0, "TE_CNATUR": 0, "TE_CSOCIAL": 0, "TE_LDSOCIA": 0, "TE_TECNOLO": 0, "TOT_EST_CA": 0, "TMATRIC_GE": 381, "Zona": 1 }, "geometry": { "type": "Point", "coordinates": [ -8254233.652799999341369, 505798.819899998605251 ] } },
{ "type": "Feature", "properties": { "NOMBRE_EST": "COLEGIO EL TESORO DE LA CUMBRE (IED)", "NOMBRE_SED": "LA CUMBRE", "ORDEN_DE_S": "B", "DIRECCION": "CL 78 D BIS SUR # 18 N - 23", "DISCAPACID": "-INTELECTUAL-", "TALENTOS_O": null, "GRUPOS_ETN": null, "SECTOR": 2, "NATU_JUR": 9, "CALENDARIO": 1, "GENERO": 5, "COD_LOCA": "19", "ESPECIALID": 13, "CLASE_TIPO": 1, "BILINGUE": 5, "FECHA": "2024-04-30", "DANE12_EST": "111001033928", "DANE12_SED": "111001093351", "DA_HIPOACU": 0, "DA_SORDERA": 0, "DA_LENGUAS": 0, "DA_UCASTEL": 0, "DISCAP_FIS": 0, "DISCAP_FLE": 0, "DISCAP_PCE": 0, "DI_DCOGNIT": 1, "DI_SDOWN": 0, "DIS_MULTIP": 1, "DIS_PSICOS": 0, "DV_BAJAVIS": 0, "DIS_CEGUER": 0, "T_ESPECTRO": 0, "T_VOZ_Y_HA": 0, "SISTEMICA": 0, "SORDOCEGUE": 1, "OTRA": 0, "TOT_EST_MA": 3, "AFRODESCEN": 0, "INDIGENAS": 1, "NEGRITUDES": 0, "PALENQUERO": 0, "RAIZALES": 0, "ROM": 0, "TOT_EST_ET": 1, "CAPACID_EX": 1, "DOBLE_EXCE": 0, "TE_ACTFISI": 1, "TE_ARTES": 0, "TE_CNATUR": 0, "TE_CSOCIAL": 0, "TE_LDSOCIA": 0, "TE_TECNOLO": 0, "TOT_EST_CA": 1, "TMATRIC_GE": 124, "Zona": 1 }, "geometry": { "type": "Point", "coordinates": [ -8252831.836500000208616, 508184.261799998581409 ] } },
{ "type": "Feature", "properties": { "NOMBRE_EST": "COLEGIO EL TESORO DE LA CUMBRE (IED)", "NOMBRE_SED": "SEDE C", "ORDEN_DE_S": "C", "DIRECCION": "CL 81 SUR # 18 M - 02  --  CL 81 SUR # 18 P - 08", "DISCAPACID": "FISICA-INTELECTUAL-MULTIPLE-VISUAL", "TALENTOS_O": "CAPACIDADES EXCEPCIONALES-TALENTO EXCEPCIONAL EN CIENCIAS NATURALES O BASICAS", "GRUPOS_ETN": "AFRODESCENDIENTES-INDIGENAS-NEGRITUDES", "SECTOR": 2, "NATU_JUR": 9, "CALENDARIO": 1, "GENERO": 5, "COD_LOCA": "19", "ESPECIALID": 1, "CLASE_TIPO": 1, "BILINGUE": 5, "FECHA": "2024-04-30", "DANE12_EST": "111001033928", "DANE12_SED": "111001107131", "DA_HIPOACU": 0, "DA_SORDERA": 0, "DA_LENGUAS": 0, "DA_UCASTEL": 0, "DISCAP_FIS": 3, "DISCAP_FLE": 0, "DISCAP_PCE": 0, "DI_DCOGNIT": 27, "DI_SDOWN": 0, "DIS_MULTIP": 1, "DIS_PSICOS": 1, "DV_BAJAVIS": 1, "DIS_CEGUER": 0, "T_ESPECTRO": 0, "T_VOZ_Y_HA": 0, "SISTEMICA": 0, "SORDOCEGUE": 0, "OTRA": 0, "TOT_EST_MA": 34, "AFRODESCEN": 36, "INDIGENAS": 12, "NEGRITUDES": 20, "PALENQUERO": 0, "RAIZALES": 0, "ROM": 0, "TOT_EST_ET": 68, "CAPACID_EX": 0, "DOBLE_EXCE": 0, "TE_ACTFISI": 0, "TE_ARTES": 0, "TE_CNATUR": 0, "TE_CSOCIAL": 0, "TE_LDSOCIA": 0, "TE_TECNOLO": 0, "TOT_EST_CA": 0, "TMATRIC_GE": 1500, "Zona": 1 }, "geometry": { "type": "Point", "coordinates": [ -8254257.843599999323487, 505358.254799999296665 ] } },
{ "type": "Feature", "properties": { "NOMBRE_EST": "COLEGIO NICOLAS GOMEZ DAVILA (IED)", "NOMBRE_SED": "NICOLAS GOMEZ DAVILA", "ORDEN_DE_S": "A", "DIRECCION": "CL 67 SUR # 20 D - 20", "DISCAPACID": "AUDITIVA-FISICA-INTELECTUAL-MULTIPLE-VISUAL", "TALENTOS_O": "TALENTO EXCEPCIONAL EN ACTIVIDAD FISICA, EJERCICIO Y DEPORTE-TALENTO EXCEPCIONAL EN ARTES Y LETRAS-TALENTO EXCEPCIONAL EN LIDERAZGO SOCIAL Y EMPRENDIMIENTO", "GRUPOS_ETN": "AFRODESCENDIENTES-INDIGENAS", "SECTOR": 2, "NATU_JUR": 9, "CALENDARIO": 1, "GENERO": 5, "COD_LOCA": "19", "ESPECIALID": 1, "CLASE_TIPO": 1, "BILINGUE": 5, "FECHA": "2024-04-30", "DANE12_EST": "111001034240", "DANE12_SED": "111001034240", "DA_HIPOACU": 4, "DA_SORDERA": 0, "DA_LENGUAS": 0, "DA_UCASTEL": 0, "DISCAP_FIS": 2, "DISCAP_FLE": 0, "DISCAP_PCE": 0, "DI_DCOGNIT": 101, "DI_SDOWN": 0, "DIS_MULTIP": 13, "DIS_PSICOS": 0, "DV_BAJAVIS": 1, "DIS_CEGUER": 0, "T_ESPECTRO": 0, "T_VOZ_Y_HA": 0, "SISTEMICA": 0, "SORDOCEGUE": 0, "OTRA": 0, "TOT_EST_MA": 121, "AFRODESCEN": 48, "INDIGENAS": 6, "NEGRITUDES": 3, "PALENQUERO": 0, "RAIZALES": 0, "ROM": 0, "TOT_EST_ET": 57, "CAPACID_EX": 0, "DOBLE_EXCE": 0, "TE_ACTFISI": 0, "TE_ARTES": 0, "TE_CNATUR": 0, "TE_CSOCIAL": 0, "TE_LDSOCIA": 0, "TE_TECNOLO": 0, "TOT_EST_CA": 0, "TMATRIC_GE": 2101, "Zona": 1 }, "geometry": { "type": "Point", "coordinates": [ -8254241.88150000013411, 508555.730200000107288 ] } },
{ "type": "Feature", "properties": { "NOMBRE_EST": "COLEGIO NICOLAS GOMEZ DAVILA (IED)", "NOMBRE_SED": "LA CASONA", "ORDEN_DE_S": "B", "DIRECCION": "KR 20 B # 69 H - 33 SUR M J", "DISCAPACID": "AUDITIVA-INTELECTUAL-MULTIPLE", "TALENTOS_O": "TALENTO EXCEPCIONAL EN ACTIVIDAD FISICA, EJERCICIO Y DEPORTE-TALENTO EXCEPCIONAL EN ARTES Y LETRAS", "GRUPOS_ETN": "AFRODESCENDIENTES-INDIGENAS", "SECTOR": 2, "NATU_JUR": 9, "CALENDARIO": 1, "GENERO": 5, "COD_LOCA": "19", "ESPECIALID": 13, "CLASE_TIPO": 1, "BILINGUE": 5, "FECHA": "2024-04-30", "DANE12_EST": "111001034240", "DANE12_SED": "111001043028", "DA_HIPOACU": 0, "DA_SORDERA": 0, "DA_LENGUAS": 0, "DA_UCASTEL": 0, "DISCAP_FIS": 0, "DISCAP_FLE": 0, "DISCAP_PCE": 0, "DI_DCOGNIT": 12, "DI_SDOWN": 0, "DIS_MULTIP": 2, "DIS_PSICOS": 0, "DV_BAJAVIS": 0, "DIS_CEGUER": 0, "T_ESPECTRO": 0, "T_VOZ_Y_HA": 0, "SISTEMICA": 0, "SORDOCEGUE": 0, "OTRA": 0, "TOT_EST_MA": 15, "AFRODESCEN": 9, "INDIGENAS": 2, "NEGRITUDES": 0, "PALENQUERO": 0, "RAIZALES": 0, "ROM": 0, "TOT_EST_ET": 11, "CAPACID_EX": 1, "DOBLE_EXCE": 0, "TE_ACTFISI": 1, "TE_ARTES": 0, "TE_CNATUR": 0, "TE_CSOCIAL": 0, "TE_LDSOCIA": 0, "TE_TECNOLO": 0, "TOT_EST_CA": 1, "TMATRIC_GE": 498, "Zona": 1 }, "geometry": { "type": "Point", "coordinates": [ -8255087.083699999377131, 508738.92790000140667 ] } },
{ "type": "Feature", "properties": { "NOMBRE_EST": "COLEGIO COMPARTIR RECUERDO (IED)", "NOMBRE_SED": "COMPARTIR LUCERO ALTO", "ORDEN_DE_S": "A", "DIRECCION": "CL 69 SUR # 18 B - 35", "DISCAPACID": "AUDITIVA-FISICA-INTELECTUAL-MULTIPLE", "TALENTOS_O": "TALENTO EXCEPCIONAL EN ACTIVIDAD FISICA, EJERCICIO Y DEPORTE-TALENTO EXCEPCIONAL EN LIDERAZGO SOCIAL Y EMPRENDIMIENTO-TALENTO EXCEPCIONAL EN TECNOLOGIA", "GRUPOS_ETN": "AFRODESCENDIENTES-INDIGENAS-NEGRITUDES", "SECTOR": 2, "NATU_JUR": 9, "CALENDARIO": 1, "GENERO": 5, "COD_LOCA": "19", "ESPECIALID": 1, "CLASE_TIPO": 1, "BILINGUE": 5, "FECHA": "2024-04-30", "DANE12_EST": "111001034754", "DANE12_SED": "111001034754", "DA_HIPOACU": 2, "DA_SORDERA": 0, "DA_LENGUAS": 0, "DA_UCASTEL": 0, "DISCAP_FIS": 2, "DISCAP_FLE": 0, "DISCAP_PCE": 0, "DI_DCOGNIT": 24, "DI_SDOWN": 0, "DIS_MULTIP": 4, "DIS_PSICOS": 1, "DV_BAJAVIS": 0, "DIS_CEGUER": 0, "T_ESPECTRO": 0, "T_VOZ_Y_HA": 0, "SISTEMICA": 0, "SORDOCEGUE": 0, "OTRA": 0, "TOT_EST_MA": 33, "AFRODESCEN": 3, "INDIGENAS": 101, "NEGRITUDES": 6, "PALENQUERO": 0, "RAIZALES": 0, "ROM": 0, "TOT_EST_ET": 110, "CAPACID_EX": 0, "DOBLE_EXCE": 0, "TE_ACTFISI": 0, "TE_ARTES": 0, "TE_CNATUR": 0, "TE_CSOCIAL": 0, "TE_LDSOCIA": 0, "TE_TECNOLO": 0, "TOT_EST_CA": 0, "TMATRIC_GE": 1120, "Zona": 1 }, "geometry": { "type": "Point", "coordinates": [ -8253853.096000000834465, 506934.868000000715256 ] } },
{ "type": "Feature", "properties": { "NOMBRE_EST": "COLEGIO COMPARTIR RECUERDO (IED)", "NOMBRE_SED": "EL RECUERDO", "ORDEN_DE_S": "B", "DIRECCION": "DG 65 D SUR # 18 A - 04", "DISCAPACID": "INTELECTUAL-MULTIPLE", "TALENTOS_O": "TALENTO EXCEPCIONAL EN CIENCIAS SOCIALES O HUMANAS-TALENTO EXCEPCIONAL EN TECNOLOGIA", "GRUPOS_ETN": "AFRODESCENDIENTES-INDIGENAS-NEGRITUDES", "SECTOR": 2, "NATU_JUR": 9, "CALENDARIO": 1, "GENERO": 5, "COD_LOCA": "19", "ESPECIALID": 13, "CLASE_TIPO": 1, "BILINGUE": 5, "FECHA": "2024-04-30", "DANE12_EST": "111001034754", "DANE12_SED": "111001029599", "DA_HIPOACU": 0, "DA_SORDERA": 0, "DA_LENGUAS": 0, "DA_UCASTEL": 0, "DISCAP_FIS": 0, "DISCAP_FLE": 0, "DISCAP_PCE": 0, "DI_DCOGNIT": 12, "DI_SDOWN": 0, "DIS_MULTIP": 2, "DIS_PSICOS": 0, "DV_BAJAVIS": 0, "DIS_CEGUER": 0, "T_ESPECTRO": 0, "T_VOZ_Y_HA": 0, "SISTEMICA": 0, "SORDOCEGUE": 0, "OTRA": 0, "TOT_EST_MA": 14, "AFRODESCEN": 3, "INDIGENAS": 2, "NEGRITUDES": 1, "PALENQUERO": 0, "RAIZALES": 0, "ROM": 0, "TOT_EST_ET": 6, "CAPACID_EX": 0, "DOBLE_EXCE": 0, "TE_ACTFISI": 0, "TE_ARTES": 0, "TE_CNATUR": 0, "TE_CSOCIAL": 0, "TE_LDSOCIA": 0, "TE_TECNOLO": 0, "TOT_EST_CA": 0, "TMATRIC_GE": 426, "Zona": 1 }, "geometry": { "type": "Point", "coordinates": [ -8253630.51490000076592, 507394.875599998980761 ] } },
{ "type": "Feature", "properties": { "NOMBRE_EST": "COLEGIO ACACIA II (IED)", "NOMBRE_SED": "ACACIA II", "ORDEN_DE_S": "A", "DIRECCION": "CL 62 SUR # 19 B - 42", "DISCAPACID": "AUDITIVA-FISICA-INTELECTUAL-MULTIPLE-SORDOCEGUERA", "TALENTOS_O": "CAPACIDADES EXCEPCIONALES-TALENTO EXCEPCIONAL EN ACTIVIDAD FISICA, EJERCICIO Y DEPORTE-TALENTO EXCEPCIONAL EN CIENCIAS NATURALES O BASICAS", "GRUPOS_ETN": "AFRODESCENDIENTES-INDIGENAS-NEGRITUDES", "SECTOR": 2, "NATU_JUR": 9, "CALENDARIO": 1, "GENERO": 5, "COD_LOCA": "19", "ESPECIALID": 1, "CLASE_TIPO": 1, "BILINGUE": 5, "FECHA": "2024-04-30", "DANE12_EST": "111001035572", "DANE12_SED": "111001035572", "DA_HIPOACU": 5, "DA_SORDERA": 0, "DA_LENGUAS": 0, "DA_UCASTEL": 0, "DISCAP_FIS": 10, "DISCAP_FLE": 0, "DISCAP_PCE": 0, "DI_DCOGNIT": 45, "DI_SDOWN": 0, "DIS_MULTIP": 7, "DIS_PSICOS": 0, "DV_BAJAVIS": 0, "DIS_CEGUER": 0, "T_ESPECTRO": 0, "T_VOZ_Y_HA": 0, "SISTEMICA": 0, "SORDOCEGUE": 0, "OTRA": 0, "TOT_EST_MA": 67, "AFRODESCEN": 12, "INDIGENAS": 7, "NEGRITUDES": 2, "PALENQUERO": 0, "RAIZALES": 0, "ROM": 0, "TOT_EST_ET": 21, "CAPACID_EX": 0, "DOBLE_EXCE": 0, "TE_ACTFISI": 0, "TE_ARTES": 0, "TE_CNATUR": 0, "TE_CSOCIAL": 0, "TE_LDSOCIA": 0, "TE_TECNOLO": 0, "TOT_EST_CA": 0, "TMATRIC_GE": 2211, "Zona": 1 }, "geometry": { "type": "Point", "coordinates": [ -8253488.107200000435114, 508230.288600001484156 ] } },
{ "type": "Feature", "properties": { "NOMBRE_EST": "COLEGIO ACACIA II (IED)", "NOMBRE_SED": "ACACIA I", "ORDEN_DE_S": "B", "DIRECCION": "DG 62 D SUR # 19 A - 55", "DISCAPACID": "AUDITIVA-FISICA-INTELECTUAL-MULTIPLE", "TALENTOS_O": "TALENTO EXCEPCIONAL EN ACTIVIDAD FISICA, EJERCICIO Y DEPORTE-TALENTO EXCEPCIONAL EN ARTES Y LETRAS-TALENTO EXCEPCIONAL EN LIDERAZGO SOCIAL Y EMPRENDIMIENTO-TALENTO EXCEPCIONAL EN TECNOLOGIA", "GRUPOS_ETN": "INDIGENAS", "SECTOR": 2, "NATU_JUR": 9, "CALENDARIO": 1, "GENERO": 5, "COD_LOCA": "19", "ESPECIALID": 13, "CLASE_TIPO": 1, "BILINGUE": 5, "FECHA": "2024-04-30", "DANE12_EST": "111001035572", "DANE12_SED": "111001013625", "DA_HIPOACU": 2, "DA_SORDERA": 0, "DA_LENGUAS": 0, "DA_UCASTEL": 0, "DISCAP_FIS": 0, "DISCAP_FLE": 0, "DISCAP_PCE": 0, "DI_DCOGNIT": 4, "DI_SDOWN": 0, "DIS_MULTIP": 5, "DIS_PSICOS": 0, "DV_BAJAVIS": 0, "DIS_CEGUER": 0, "T_ESPECTRO": 0, "T_VOZ_Y_HA": 0, "SISTEMICA": 0, "SORDOCEGUE": 0, "OTRA": 0, "TOT_EST_MA": 11, "AFRODESCEN": 0, "INDIGENAS": 2, "NEGRITUDES": 1, "PALENQUERO": 0, "RAIZALES": 0, "ROM": 0, "TOT_EST_ET": 3, "CAPACID_EX": 0, "DOBLE_EXCE": 0, "TE_ACTFISI": 0, "TE_ARTES": 0, "TE_CNATUR": 0, "TE_CSOCIAL": 0, "TE_LDSOCIA": 0, "TE_TECNOLO": 0, "TOT_EST_CA": 0, "TMATRIC_GE": 555, "Zona": 1 }, "geometry": { "type": "Point", "coordinates": [ -8253699.85359999909997, 508080.742499999701977 ] } },
{ "type": "Feature", "properties": { "NOMBRE_EST": "COLEGIO JOSE JAIME ROJAS (IED)", "NOMBRE_SED": "JOSE JAIME ROJAS", "ORDEN_DE_S": "A", "DIRECCION": "CL 77 A SUR # 18 M - 79", "DISCAPACID": "FISICA-INTELECTUAL-MENTAL/PSICOSOCIAL", "TALENTOS_O": "TALENTO EXCEPCIONAL EN CIENCIAS NATURALES O BASICAS", "GRUPOS_ETN": "AFRODESCENDIENTES-INDIGENAS-NEGRITUDES", "SECTOR": 2, "NATU_JUR": 9, "CALENDARIO": 1, "GENERO": 5, "COD_LOCA": "19", "ESPECIALID": 1, "CLASE_TIPO": 1, "BILINGUE": 5, "FECHA": "2024-04-30", "DANE12_EST": "111001036561", "DANE12_SED": "111001036561", "DA_HIPOACU": 0, "DA_SORDERA": 0, "DA_LENGUAS": 0, "DA_UCASTEL": 0, "DISCAP_FIS": 0, "DISCAP_FLE": 0, "DISCAP_PCE": 0, "DI_DCOGNIT": 11, "DI_SDOWN": 0, "DIS_MULTIP": 1, "DIS_PSICOS": 1, "DV_BAJAVIS": 1, "DIS_CEGUER": 0, "T_ESPECTRO": 0, "T_VOZ_Y_HA": 0, "SISTEMICA": 0, "SORDOCEGUE": 0, "OTRA": 0, "TOT_EST_MA": 14, "AFRODESCEN": 8, "INDIGENAS": 17, "NEGRITUDES": 3, "PALENQUERO": 0, "RAIZALES": 0, "ROM": 0, "TOT_EST_ET": 28, "CAPACID_EX": 0, "DOBLE_EXCE": 0, "TE_ACTFISI": 0, "TE_ARTES": 0, "TE_CNATUR": 0, "TE_CSOCIAL": 0, "TE_LDSOCIA": 0, "TE_TECNOLO": 0, "TOT_EST_CA": 0, "TMATRIC_GE": 1050, "Zona": 1 }, "geometry": { "type": "Point", "coordinates": [ -8254446.231799999251962, 505921.989399999380112 ] } },
{ "type": "Feature", "properties": { "NOMBRE_EST": "COLEGIO RODRIGO LARA BONILLA (IED)", "NOMBRE_SED": "RODRIGO LARA BONILLA", "ORDEN_DE_S": "A", "DIRECCION": "KR 43 A # 66 - 51 SUR", "DISCAPACID": "AUDITIVA-FISICA-INTELECTUAL-MENTAL/PSICOSOCIAL-MULTIPLE-SORDOCEGUERA-VISUAL", "TALENTOS_O": "TALENTO EXCEPCIONAL EN ACTIVIDAD FISICA, EJERCICIO Y DEPORTE-TALENTO EXCEPCIONAL EN ARTES Y LETRAS-TALENTO EXCEPCIONAL EN CIENCIAS NATURALES O BASICAS-TALENTO EXCEPCIONAL EN CIENCIAS SOCIALES O HUMANAS-TALENTO EXCEPCIONAL EN LIDERAZGO SOCIAL Y EMPRENDIMI", "GRUPOS_ETN": "AFRODESCENDIENTES-INDIGENAS-NEGRITUDES", "SECTOR": 2, "NATU_JUR": 9, "CALENDARIO": 1, "GENERO": 5, "COD_LOCA": "19", "ESPECIALID": 1, "CLASE_TIPO": 1, "BILINGUE": 5, "FECHA": "2024-04-30", "DANE12_EST": "111001036781", "DANE12_SED": "111001036781", "DA_HIPOACU": 5, "DA_SORDERA": 0, "DA_LENGUAS": 0, "DA_UCASTEL": 0, "DISCAP_FIS": 3, "DISCAP_FLE": 0, "DISCAP_PCE": 0, "DI_DCOGNIT": 55, "DI_SDOWN": 0, "DIS_MULTIP": 13, "DIS_PSICOS": 6, "DV_BAJAVIS": 3, "DIS_CEGUER": 0, "T_ESPECTRO": 0, "T_VOZ_Y_HA": 0, "SISTEMICA": 0, "SORDOCEGUE": 1, "OTRA": 0, "TOT_EST_MA": 86, "AFRODESCEN": 12, "INDIGENAS": 7, "NEGRITUDES": 7, "PALENQUERO": 0, "RAIZALES": 1, "ROM": 0, "TOT_EST_ET": 27, "CAPACID_EX": 1, "DOBLE_EXCE": 0, "TE_ACTFISI": 1, "TE_ARTES": 0, "TE_CNATUR": 0, "TE_CSOCIAL": 0, "TE_LDSOCIA": 0, "TE_TECNOLO": 0, "TOT_EST_CA": 1, "TMATRIC_GE": 2580, "Zona": 1 }, "geometry": { "type": "Point", "coordinates": [ -8254794.734200000762939, 509638.379700001329184 ] } },
{ "type": "Feature", "properties": { "NOMBRE_EST": "COLEGIO RODRIGO LARA BONILLA (IED)", "NOMBRE_SED": "JOSE CELESTINO MUTIS", "ORDEN_DE_S": "B", "DIRECCION": "CL 64 SUR # 29 - 19", "DISCAPACID": "AUDITIVA-FISICA-INTELECTUAL-MULTIPLE-VISUAL", "TALENTOS_O": "TALENTO EXCEPCIONAL EN ACTIVIDAD FISICA, EJERCICIO Y DEPORTE-TALENTO EXCEPCIONAL EN ARTES Y LETRAS", "GRUPOS_ETN": "AFRODESCENDIENTES-INDIGENAS-NEGRITUDES-RAIZALES", "SECTOR": 2, "NATU_JUR": 9, "CALENDARIO": 1, "GENERO": 5, "COD_LOCA": "19", "ESPECIALID": 13, "CLASE_TIPO": 1, "BILINGUE": 5, "FECHA": "2024-04-30", "DANE12_EST": "111001036781", "DANE12_SED": "111001013404", "DA_HIPOACU": 0, "DA_SORDERA": 0, "DA_LENGUAS": 0, "DA_UCASTEL": 0, "DISCAP_FIS": 3, "DISCAP_FLE": 0, "DISCAP_PCE": 0, "DI_DCOGNIT": 5, "DI_SDOWN": 0, "DIS_MULTIP": 13, "DIS_PSICOS": 0, "DV_BAJAVIS": 0, "DIS_CEGUER": 0, "T_ESPECTRO": 0, "T_VOZ_Y_HA": 0, "SISTEMICA": 0, "SORDOCEGUE": 1, "OTRA": 0, "TOT_EST_MA": 23, "AFRODESCEN": 3, "INDIGENAS": 3, "NEGRITUDES": 1, "PALENQUERO": 0, "RAIZALES": 0, "ROM": 0, "TOT_EST_ET": 7, "CAPACID_EX": 1, "DOBLE_EXCE": 0, "TE_ACTFISI": 1, "TE_ARTES": 0, "TE_CNATUR": 0, "TE_CSOCIAL": 0, "TE_LDSOCIA": 0, "TE_TECNOLO": 0, "TOT_EST_CA": 1, "TMATRIC_GE": 849, "Zona": 1 }, "geometry": { "type": "Point", "coordinates": [ -8252639.2193, 507604.041700001806021 ] } },
{ "type": "Feature", "properties": { "NOMBRE_EST": "COLEGIO RODRIGO LARA BONILLA (IED)", "NOMBRE_SED": "PRIMERA INFANCIA RODRIGUITO", "ORDEN_DE_S": "C", "DIRECCION": "TV 49 # 59 C - 15 SUR", "DISCAPACID": "MULTIPLE", "TALENTOS_O": "TALENTO EXCEPCIONAL EN ACTIVIDAD FISICA, EJERCICIO Y DEPORTE-TALENTO EXCEPCIONAL EN ARTES Y LETRAS-TALENTO EXCEPCIONAL EN LIDERAZGO SOCIAL Y EMPRENDIMIENTO", "GRUPOS_ETN": "AFRODESCENDIENTES", "SECTOR": 2, "NATU_JUR": 9, "CALENDARIO": 1, "GENERO": 5, "COD_LOCA": "19", "ESPECIALID": 13, "CLASE_TIPO": 1, "BILINGUE": 5, "FECHA": "2024-04-30", "DANE12_EST": "111001036781", "DANE12_SED": "111001800911", "DA_HIPOACU": 0, "DA_SORDERA": 0, "DA_LENGUAS": 0, "DA_UCASTEL": 0, "DISCAP_FIS": 1, "DISCAP_FLE": 0, "DISCAP_PCE": 0, "DI_DCOGNIT": 1, "DI_SDOWN": 0, "DIS_MULTIP": 0, "DIS_PSICOS": 0, "DV_BAJAVIS": 0, "DIS_CEGUER": 0, "T_ESPECTRO": 0, "T_VOZ_Y_HA": 0, "SISTEMICA": 0, "SORDOCEGUE": 0, "OTRA": 0, "TOT_EST_MA": 2, "AFRODESCEN": 1, "INDIGENAS": 0, "NEGRITUDES": 0, "PALENQUERO": 0, "RAIZALES": 0, "ROM": 0, "TOT_EST_ET": 1, "CAPACID_EX": 0, "DOBLE_EXCE": 0, "TE_ACTFISI": 0, "TE_ARTES": 0, "TE_CNATUR": 0, "TE_CSOCIAL": 0, "TE_LDSOCIA": 0, "TE_TECNOLO": 0, "TOT_EST_CA": 0, "TMATRIC_GE": 218, "Zona": 1 }, "geometry": { "type": "Point", "coordinates": [ -8254900.416500000283122, 510199.271600000560284 ] } },
{ "type": "Feature", "properties": { "NOMBRE_EST": "COLEGIO CEDID GUILLERMO CANO ISAZA (IED)", "NOMBRE_SED": "GUILLERMO CANO ISAZA", "ORDEN_DE_S": "A", "DIRECCION": "KR 16 C # 62 - 35 SUR", "DISCAPACID": "FISICA-INTELECTUAL-MENTAL/PSICOSOCIAL-MULTIPLE-VISUAL", "TALENTOS_O": "CAPACIDADES EXCEPCIONALES-TALENTO EXCEPCIONAL EN ACTIVIDAD FISICA, EJERCICIO Y DEPORTE-TALENTO EXCEPCIONAL EN ARTES Y LETRAS-TALENTO EXCEPCIONAL EN CIENCIAS SOCIALES O HUMANAS-TALENTO EXCEPCIONAL EN LIDERAZGO SOCIAL Y EMPRENDIMIENTO", "GRUPOS_ETN": "AFRODESCENDIENTES-INDIGENAS-NEGRITUDES-RAIZALES", "SECTOR": 2, "NATU_JUR": 9, "CALENDARIO": 1, "GENERO": 5, "COD_LOCA": "19", "ESPECIALID": 7, "CLASE_TIPO": 1, "BILINGUE": 5, "FECHA": "2024-04-30", "DANE12_EST": "111001044385", "DANE12_SED": "111001044385", "DA_HIPOACU": 0, "DA_SORDERA": 0, "DA_LENGUAS": 0, "DA_UCASTEL": 0, "DISCAP_FIS": 5, "DISCAP_FLE": 0, "DISCAP_PCE": 0, "DI_DCOGNIT": 58, "DI_SDOWN": 0, "DIS_MULTIP": 8, "DIS_PSICOS": 3, "DV_BAJAVIS": 1, "DIS_CEGUER": 0, "T_ESPECTRO": 0, "T_VOZ_Y_HA": 0, "SISTEMICA": 0, "SORDOCEGUE": 0, "OTRA": 0, "TOT_EST_MA": 75, "AFRODESCEN": 7, "INDIGENAS": 11, "NEGRITUDES": 5, "PALENQUERO": 0, "RAIZALES": 1, "ROM": 0, "TOT_EST_ET": 24, "CAPACID_EX": 0, "DOBLE_EXCE": 0, "TE_ACTFISI": 0, "TE_ARTES": 0, "TE_CNATUR": 0, "TE_CSOCIAL": 0, "TE_LDSOCIA": 0, "TE_TECNOLO": 0, "TOT_EST_CA": 0, "TMATRIC_GE": 2743, "Zona": 1 }, "geometry": { "type": "Point", "coordinates": [ -8252719.647600000724196, 507877.074499998241663 ] } },
{ "type": "Feature", "properties": { "NOMBRE_EST": "COLEGIO EL PARAISO DE MANUELA BELTRAN (IED)", "NOMBRE_SED": "MANUELA BELTRAN", "ORDEN_DE_S": "A", "DIRECCION": "KR 45 C # 69 D - 15 SUR", "DISCAPACID": "AUDITIVA-FISICA-INTELECTUAL-MULTIPLE-SORDOCEGUERA-VISUAL", "TALENTOS_O": "CAPACIDADES EXCEPCIONALES-TALENTO EXCEPCIONAL EN ACTIVIDAD FISICA, EJERCICIO Y DEPORTE-TALENTO EXCEPCIONAL EN ARTES Y LETRAS-TALENTO EXCEPCIONAL EN CIENCIAS SOCIALES O HUMANAS-TALENTO EXCEPCIONAL EN LIDERAZGO SOCIAL Y EMPRENDIMIENTO", "GRUPOS_ETN": "AFRODESCENDIENTES-INDIGENAS-NEGRITUDES", "SECTOR": 2, "NATU_JUR": 9, "CALENDARIO": 1, "GENERO": 5, "COD_LOCA": "19", "ESPECIALID": 1, "CLASE_TIPO": 1, "BILINGUE": 5, "FECHA": "2024-04-30", "DANE12_EST": "111001045730", "DANE12_SED": "111001045730", "DA_HIPOACU": 0, "DA_SORDERA": 0, "DA_LENGUAS": 0, "DA_UCASTEL": 0, "DISCAP_FIS": 1, "DISCAP_FLE": 0, "DISCAP_PCE": 0, "DI_DCOGNIT": 18, "DI_SDOWN": 0, "DIS_MULTIP": 3, "DIS_PSICOS": 1, "DV_BAJAVIS": 1, "DIS_CEGUER": 0, "T_ESPECTRO": 0, "T_VOZ_Y_HA": 0, "SISTEMICA": 0, "SORDOCEGUE": 1, "OTRA": 0, "TOT_EST_MA": 26, "AFRODESCEN": 16, "INDIGENAS": 2, "NEGRITUDES": 4, "PALENQUERO": 0, "RAIZALES": 0, "ROM": 0, "TOT_EST_ET": 22, "CAPACID_EX": 0, "DOBLE_EXCE": 0, "TE_ACTFISI": 0, "TE_ARTES": 0, "TE_CNATUR": 0, "TE_CSOCIAL": 0, "TE_LDSOCIA": 0, "TE_TECNOLO": 0, "TOT_EST_CA": 0, "TMATRIC_GE": 1289, "Zona": 1 }, "geometry": { "type": "Point", "coordinates": [ -8255243.731300000101328, 509539.164799999445677 ] } },
{ "type": "Feature", "properties": { "NOMBRE_EST": "COLEGIO EL PARAISO DE MANUELA BELTRAN (IED)", "NOMBRE_SED": "EL PARAISO", "ORDEN_DE_S": "B", "DIRECCION": "KR 46 A # 71 - 10 SUR", "DISCAPACID": "AUDITIVA-FISICA-INTELECTUAL-MENTAL/PSICOSOCIAL-MULTIPLE-SORDOCEGUERA", "TALENTOS_O": "TALENTO EXCEPCIONAL EN LIDERAZGO SOCIAL Y EMPRENDIMIENTO", "GRUPOS_ETN": "AFRODESCENDIENTES-INDIGENAS-NEGRITUDES", "SECTOR": 2, "NATU_JUR": 9, "CALENDARIO": 1, "GENERO": 5, "COD_LOCA": "19", "ESPECIALID": 1, "CLASE_TIPO": 1, "BILINGUE": 5, "FECHA": "2024-04-30", "DANE12_EST": "111001045730", "DANE12_SED": "111001043893", "DA_HIPOACU": 0, "DA_SORDERA": 0, "DA_LENGUAS": 0, "DA_UCASTEL": 0, "DISCAP_FIS": 2, "DISCAP_FLE": 0, "DISCAP_PCE": 0, "DI_DCOGNIT": 16, "DI_SDOWN": 0, "DIS_MULTIP": 4, "DIS_PSICOS": 1, "DV_BAJAVIS": 0, "DIS_CEGUER": 0, "T_ESPECTRO": 0, "T_VOZ_Y_HA": 0, "SISTEMICA": 0, "SORDOCEGUE": 1, "OTRA": 0, "TOT_EST_MA": 25, "AFRODESCEN": 3, "INDIGENAS": 2, "NEGRITUDES": 0, "PALENQUERO": 0, "RAIZALES": 0, "ROM": 0, "TOT_EST_ET": 5, "CAPACID_EX": 0, "DOBLE_EXCE": 0, "TE_ACTFISI": 0, "TE_ARTES": 0, "TE_CNATUR": 0, "TE_CSOCIAL": 0, "TE_LDSOCIA": 0, "TE_TECNOLO": 0, "TOT_EST_CA": 0, "TMATRIC_GE": 1039, "Zona": 1 }, "geometry": { "type": "Point", "coordinates": [ -8255592.705700000748038, 509445.795400001108646 ] } },
{ "type": "Feature", "properties": { "NOMBRE_EST": "COLEGIO VILLAMAR (IED)", "NOMBRE_SED": "VILLA GLORIA", "ORDEN_DE_S": "A", "DIRECCION": "KR 18 M # 69 J - 25 SUR", "DISCAPACID": "FISICA-INTELECTUAL-MULTIPLE", "TALENTOS_O": "TALENTO EXCEPCIONAL EN ARTES Y LETRAS", "GRUPOS_ETN": "AFRODESCENDIENTES-INDIGENAS-NEGRITUDES", "SECTOR": 2, "NATU_JUR": 9, "CALENDARIO": 1, "GENERO": 5, "COD_LOCA": "19", "ESPECIALID": 13, "CLASE_TIPO": 1, "BILINGUE": 5, "FECHA": "2024-04-30", "DANE12_EST": "111001046663", "DANE12_SED": "111001046663", "DA_HIPOACU": 0, "DA_SORDERA": 0, "DA_LENGUAS": 0, "DA_UCASTEL": 0, "DISCAP_FIS": 1, "DISCAP_FLE": 0, "DISCAP_PCE": 0, "DI_DCOGNIT": 6, "DI_SDOWN": 0, "DIS_MULTIP": 1, "DIS_PSICOS": 1, "DV_BAJAVIS": 1, "DIS_CEGUER": 0, "T_ESPECTRO": 0, "T_VOZ_Y_HA": 0, "SISTEMICA": 0, "SORDOCEGUE": 0, "OTRA": 0, "TOT_EST_MA": 10, "AFRODESCEN": 3, "INDIGENAS": 1, "NEGRITUDES": 0, "PALENQUERO": 0, "RAIZALES": 0, "ROM": 0, "TOT_EST_ET": 4, "CAPACID_EX": 0, "DOBLE_EXCE": 0, "TE_ACTFISI": 0, "TE_ARTES": 0, "TE_CNATUR": 0, "TE_CSOCIAL": 0, "TE_LDSOCIA": 0, "TE_TECNOLO": 0, "TOT_EST_CA": 0, "TMATRIC_GE": 337, "Zona": 1 }, "geometry": { "type": "Point", "coordinates": [ -8254638.442700000479817, 507424.608399998396635 ] } },
{ "type": "Feature", "properties": { "NOMBRE_EST": "COLEGIO VILLAMAR (IED)", "NOMBRE_SED": "MARANDU", "ORDEN_DE_S": "B", "DIRECCION": "CL 68 D SUR # 18 Z - 18", "DISCAPACID": "AUDITIVA-INTELECTUAL-MULTIPLE", "TALENTOS_O": "CAPACIDADES EXCEPCIONALES-TALENTO EXCEPCIONAL EN CIENCIAS SOCIALES O HUMANAS", "GRUPOS_ETN": "AFRODESCENDIENTES", "SECTOR": 2, "NATU_JUR": 9, "CALENDARIO": 1, "GENERO": 5, "COD_LOCA": "19", "ESPECIALID": 13, "CLASE_TIPO": 1, "BILINGUE": 5, "FECHA": "2024-04-30", "DANE12_EST": "111001046663", "DANE12_SED": "111001086827", "DA_HIPOACU": 0, "DA_SORDERA": 0, "DA_LENGUAS": 0, "DA_UCASTEL": 0, "DISCAP_FIS": 1, "DISCAP_FLE": 0, "DISCAP_PCE": 0, "DI_DCOGNIT": 2, "DI_SDOWN": 0, "DIS_MULTIP": 1, "DIS_PSICOS": 0, "DV_BAJAVIS": 0, "DIS_CEGUER": 0, "T_ESPECTRO": 0, "T_VOZ_Y_HA": 0, "SISTEMICA": 0, "SORDOCEGUE": 0, "OTRA": 0, "TOT_EST_MA": 4, "AFRODESCEN": 2, "INDIGENAS": 0, "NEGRITUDES": 0, "PALENQUERO": 0, "RAIZALES": 0, "ROM": 0, "TOT_EST_ET": 2, "CAPACID_EX": 0, "DOBLE_EXCE": 0, "TE_ACTFISI": 0, "TE_ARTES": 0, "TE_CNATUR": 0, "TE_CSOCIAL": 0, "TE_LDSOCIA": 0, "TE_TECNOLO": 0, "TOT_EST_CA": 0, "TMATRIC_GE": 192, "Zona": 1 }, "geometry": { "type": "Point", "coordinates": [ -8254379.03830000013113, 507909.627099998295307 ] } },
{ "type": "Feature", "properties": { "NOMBRE_EST": "COLEGIO LA ARABIA (IED)", "NOMBRE_SED": "LA ARABIA", "ORDEN_DE_S": "A", "DIRECCION": "KR 18 H # 81 D - 69 SUR IN 1", "DISCAPACID": "AUDITIVA-FISICA-INTELECTUAL-MULTIPLE", "TALENTOS_O": "CAPACIDADES EXCEPCIONALES-TALENTO EXCEPCIONAL EN ACTIVIDAD FISICA, EJERCICIO Y DEPORTE", "GRUPOS_ETN": "AFRODESCENDIENTES-INDIGENAS-NEGRITUDES", "SECTOR": 2, "NATU_JUR": 9, "CALENDARIO": 1, "GENERO": 5, "COD_LOCA": "19", "ESPECIALID": 13, "CLASE_TIPO": 1, "BILINGUE": 5, "FECHA": "2024-04-30", "DANE12_EST": "111001047457", "DANE12_SED": "111001047457", "DA_HIPOACU": 0, "DA_SORDERA": 0, "DA_LENGUAS": 0, "DA_UCASTEL": 0, "DISCAP_FIS": 2, "DISCAP_FLE": 0, "DISCAP_PCE": 0, "DI_DCOGNIT": 16, "DI_SDOWN": 0, "DIS_MULTIP": 5, "DIS_PSICOS": 0, "DV_BAJAVIS": 0, "DIS_CEGUER": 0, "T_ESPECTRO": 0, "T_VOZ_Y_HA": 0, "SISTEMICA": 0, "SORDOCEGUE": 0, "OTRA": 0, "TOT_EST_MA": 24, "AFRODESCEN": 9, "INDIGENAS": 64, "NEGRITUDES": 4, "PALENQUERO": 0, "RAIZALES": 0, "ROM": 0, "TOT_EST_ET": 77, "CAPACID_EX": 0, "DOBLE_EXCE": 0, "TE_ACTFISI": 0, "TE_ARTES": 0, "TE_CNATUR": 0, "TE_CSOCIAL": 0, "TE_LDSOCIA": 0, "TE_TECNOLO": 0, "TOT_EST_CA": 0, "TMATRIC_GE": 902, "Zona": 1 }, "geometry": { "type": "Point", "coordinates": [ -8254033.3267, 505230.366500001400709 ] } },
{ "type": "Feature", "properties": { "NOMBRE_EST": "COLEGIO ARBORIZADORA ALTA (IED)", "NOMBRE_SED": "ARBORIZADORA ALTA", "ORDEN_DE_S": "A", "DIRECCION": "KR 43 # 70 A - 50 SUR", "DISCAPACID": "FISICA-INTELECTUAL-MENTAL/PSICOSOCIAL-MULTIPLE", "TALENTOS_O": "TALENTO EXCEPCIONAL EN ARTES Y LETRAS-TALENTO EXCEPCIONAL EN CIENCIAS NATURALES O BASICAS-TALENTO EXCEPCIONAL EN CIENCIAS SOCIALES O HUMANAS-TALENTO EXCEPCIONAL EN LIDERAZGO SOCIAL Y EMPRENDIMIENTO-TALENTO EXCEPCIONAL EN TECNOLOGIA", "GRUPOS_ETN": "AFRODESCENDIENTES-INDIGENAS-NEGRITUDES", "SECTOR": 2, "NATU_JUR": 9, "CALENDARIO": 1, "GENERO": 5, "COD_LOCA": "19", "ESPECIALID": 1, "CLASE_TIPO": 1, "BILINGUE": 5, "FECHA": "2024-04-30", "DANE12_EST": "111001047571", "DANE12_SED": "111001047571", "DA_HIPOACU": 0, "DA_SORDERA": 0, "DA_LENGUAS": 0, "DA_UCASTEL": 0, "DISCAP_FIS": 1, "DISCAP_FLE": 0, "DISCAP_PCE": 0, "DI_DCOGNIT": 38, "DI_SDOWN": 0, "DIS_MULTIP": 2, "DIS_PSICOS": 2, "DV_BAJAVIS": 0, "DIS_CEGUER": 0, "T_ESPECTRO": 0, "T_VOZ_Y_HA": 0, "SISTEMICA": 0, "SORDOCEGUE": 0, "OTRA": 0, "TOT_EST_MA": 44, "AFRODESCEN": 3, "INDIGENAS": 6, "NEGRITUDES": 3, "PALENQUERO": 0, "RAIZALES": 0, "ROM": 0, "TOT_EST_ET": 12, "CAPACID_EX": 0, "DOBLE_EXCE": 0, "TE_ACTFISI": 0, "TE_ARTES": 0, "TE_CNATUR": 0, "TE_CSOCIAL": 0, "TE_LDSOCIA": 0, "TE_TECNOLO": 0, "TOT_EST_CA": 0, "TMATRIC_GE": 1882, "Zona": 1 }, "geometry": { "type": "Point", "coordinates": [ -8255157.59569999948144, 509168.776399999856949 ] } },
{ "type": "Feature", "properties": { "NOMBRE_EST": "COLEGIO ARBORIZADORA ALTA (IED)", "NOMBRE_SED": "PRADERA ESPERANZA", "ORDEN_DE_S": "B", "DIRECCION": "KR 44 # 72 - 36 SUR", "DISCAPACID": "INTELECTUAL-MULTIPLE-SORDOCEGUERA", "TALENTOS_O": "TALENTO EXCEPCIONAL EN ACTIVIDAD FISICA, EJERCICIO Y DEPORTE-TALENTO EXCEPCIONAL EN ARTES Y LETRAS-TALENTO EXCEPCIONAL EN LIDERAZGO SOCIAL Y EMPRENDIMIENTO", "GRUPOS_ETN": "AFRODESCENDIENTES-INDIGENAS", "SECTOR": 2, "NATU_JUR": 9, "CALENDARIO": 1, "GENERO": 5, "COD_LOCA": "19", "ESPECIALID": 13, "CLASE_TIPO": 1, "BILINGUE": 5, "FECHA": "2024-04-30", "DANE12_EST": "111001047571", "DANE12_SED": "111001075086", "DA_HIPOACU": 0, "DA_SORDERA": 0, "DA_LENGUAS": 0, "DA_UCASTEL": 0, "DISCAP_FIS": 1, "DISCAP_FLE": 0, "DISCAP_PCE": 0, "DI_DCOGNIT": 8, "DI_SDOWN": 0, "DIS_MULTIP": 5, "DIS_PSICOS": 0, "DV_BAJAVIS": 0, "DIS_CEGUER": 0, "T_ESPECTRO": 0, "T_VOZ_Y_HA": 0, "SISTEMICA": 0, "SORDOCEGUE": 1, "OTRA": 0, "TOT_EST_MA": 15, "AFRODESCEN": 6, "INDIGENAS": 3, "NEGRITUDES": 0, "PALENQUERO": 0, "RAIZALES": 0, "ROM": 0, "TOT_EST_ET": 9, "CAPACID_EX": 0, "DOBLE_EXCE": 0, "TE_ACTFISI": 0, "TE_ARTES": 0, "TE_CNATUR": 0, "TE_CSOCIAL": 0, "TE_LDSOCIA": 0, "TE_TECNOLO": 0, "TOT_EST_CA": 0, "TMATRIC_GE": 670, "Zona": 1 }, "geometry": { "type": "Point", "coordinates": [ -8255706.375099999830127, 509157.063400000333786 ] } },
{ "type": "Feature", "properties": { "NOMBRE_EST": "COLEGIO PARAISO MIRADOR (IED)", "NOMBRE_SED": "PARAISO MIRADOR", "ORDEN_DE_S": "A", "DIRECCION": "KR 27 L # 71 H - 46 SUR", "DISCAPACID": "FISICA", "TALENTOS_O": "TALENTO EXCEPCIONAL EN ACTIVIDAD FISICA, EJERCICIO Y DEPORTE-TALENTO EXCEPCIONAL EN ARTES Y LETRAS", "GRUPOS_ETN": "AFRODESCENDIENTES", "SECTOR": 2, "NATU_JUR": 9, "CALENDARIO": 1, "GENERO": 5, "COD_LOCA": "19", "ESPECIALID": 13, "CLASE_TIPO": 1, "BILINGUE": 5, "FECHA": "2024-04-30", "DANE12_EST": "111001047678", "DANE12_SED": "111001047678", "DA_HIPOACU": 0, "DA_SORDERA": 0, "DA_LENGUAS": 0, "DA_UCASTEL": 0, "DISCAP_FIS": 1, "DISCAP_FLE": 0, "DISCAP_PCE": 0, "DI_DCOGNIT": 1, "DI_SDOWN": 0, "DIS_MULTIP": 0, "DIS_PSICOS": 0, "DV_BAJAVIS": 0, "DIS_CEGUER": 0, "T_ESPECTRO": 0, "T_VOZ_Y_HA": 0, "SISTEMICA": 0, "SORDOCEGUE": 0, "OTRA": 0, "TOT_EST_MA": 2, "AFRODESCEN": 3, "INDIGENAS": 3, "NEGRITUDES": 0, "PALENQUERO": 0, "RAIZALES": 0, "ROM": 0, "TOT_EST_ET": 6, "CAPACID_EX": 0, "DOBLE_EXCE": 0, "TE_ACTFISI": 0, "TE_ARTES": 0, "TE_CNATUR": 0, "TE_CSOCIAL": 0, "TE_LDSOCIA": 0, "TE_TECNOLO": 0, "TOT_EST_CA": 0, "TMATRIC_GE": 152, "Zona": 1 }, "geometry": { "type": "Point", "coordinates": [ -8255701.432600000873208, 507167.816399998962879 ] } },
{ "type": "Feature", "properties": { "NOMBRE_EST": "COLEGIO PARAISO MIRADOR (IED)", "NOMBRE_SED": "PARAISO MIRADOR", "ORDEN_DE_S": "B", "DIRECCION": "CL 71 J SUR # 27 - 57", "DISCAPACID": "AUDITIVA-FISICA-INTELECTUAL-MULTIPLE-VISUAL", "TALENTOS_O": "TALENTO EXCEPCIONAL EN ARTES Y LETRAS", "GRUPOS_ETN": "AFRODESCENDIENTES-INDIGENAS-NEGRITUDES", "SECTOR": 2, "NATU_JUR": 9, "CALENDARIO": 1, "GENERO": 5, "COD_LOCA": "19", "ESPECIALID": 13, "CLASE_TIPO": 1, "BILINGUE": 5, "FECHA": "2024-04-30", "DANE12_EST": "111001047678", "DANE12_SED": "111001104213", "DA_HIPOACU": 5, "DA_SORDERA": 0, "DA_LENGUAS": 0, "DA_UCASTEL": 0, "DISCAP_FIS": 5, "DISCAP_FLE": 0, "DISCAP_PCE": 0, "DI_DCOGNIT": 32, "DI_SDOWN": 0, "DIS_MULTIP": 6, "DIS_PSICOS": 2, "DV_BAJAVIS": 1, "DIS_CEGUER": 0, "T_ESPECTRO": 0, "T_VOZ_Y_HA": 0, "SISTEMICA": 0, "SORDOCEGUE": 0, "OTRA": 0, "TOT_EST_MA": 51, "AFRODESCEN": 21, "INDIGENAS": 2, "NEGRITUDES": 1, "PALENQUERO": 0, "RAIZALES": 0, "ROM": 0, "TOT_EST_ET": 24, "CAPACID_EX": 1, "DOBLE_EXCE": 0, "TE_ACTFISI": 1, "TE_ARTES": 0, "TE_CNATUR": 0, "TE_CSOCIAL": 0, "TE_LDSOCIA": 0, "TE_TECNOLO": 0, "TOT_EST_CA": 1, "TMATRIC_GE": 1133, "Zona": 1 }, "geometry": { "type": "Point", "coordinates": [ -8255350.474500000476837, 506987.607099998742342 ] } },
{ "type": "Feature", "properties": { "NOMBRE_EST": "COLEGIO PARAISO MIRADOR (IED)", "NOMBRE_SED": "PARAISO MIRADOR", "ORDEN_DE_S": "C", "DIRECCION": "KR 27 B # 71 C - 12 SUR", "DISCAPACID": "AUDITIVA-FISICA-INTELECTUAL-MENTAL/PSICOSOCIAL-MULTIPLE-VISUAL", "TALENTOS_O": "CAPACIDADES EXCEPCIONALES-TALENTO EXCEPCIONAL EN ARTES Y LETRAS-TALENTO EXCEPCIONAL EN CIENCIAS NATURALES O BASICAS", "GRUPOS_ETN": "AFRODESCENDIENTES-INDIGENAS-NEGRITUDES", "SECTOR": 2, "NATU_JUR": 9, "CALENDARIO": 1, "GENERO": 5, "COD_LOCA": "19", "ESPECIALID": 1, "CLASE_TIPO": 1, "BILINGUE": 5, "FECHA": "2024-04-30", "DANE12_EST": "111001047678", "DANE12_SED": "111001106569", "DA_HIPOACU": 2, "DA_SORDERA": 0, "DA_LENGUAS": 0, "DA_UCASTEL": 0, "DISCAP_FIS": 7, "DISCAP_FLE": 0, "DISCAP_PCE": 0, "DI_DCOGNIT": 67, "DI_SDOWN": 0, "DIS_MULTIP": 6, "DIS_PSICOS": 1, "DV_BAJAVIS": 3, "DIS_CEGUER": 0, "T_ESPECTRO": 0, "T_VOZ_Y_HA": 0, "SISTEMICA": 0, "SORDOCEGUE": 0, "OTRA": 0, "TOT_EST_MA": 86, "AFRODESCEN": 12, "INDIGENAS": 13, "NEGRITUDES": 8, "PALENQUERO": 0, "RAIZALES": 0, "ROM": 0, "TOT_EST_ET": 33, "CAPACID_EX": 0, "DOBLE_EXCE": 0, "TE_ACTFISI": 0, "TE_ARTES": 0, "TE_CNATUR": 0, "TE_CSOCIAL": 0, "TE_LDSOCIA": 0, "TE_TECNOLO": 0, "TOT_EST_CA": 0, "TMATRIC_GE": 1636, "Zona": 1 }, "geometry": { "type": "Point", "coordinates": [ -8255354.737999999895692, 507283.315200001001358 ] } },
{ "type": "Feature", "properties": { "NOMBRE_EST": "COLEGIO MARIA MERCEDES CARRANZA (IED)", "NOMBRE_SED": "MARIA MERCEDES CARRANZA", "ORDEN_DE_S": "A", "DIRECCION": "TV 70 G # 65 - 02 SUR", "DISCAPACID": "AUDITIVA-FISICA-INTELECTUAL-MENTAL/PSICOSOCIAL-MULTIPLE-VISUAL", "TALENTOS_O": "CAPACIDADES EXCEPCIONALES-TALENTO EXCEPCIONAL EN ACTIVIDAD FISICA, EJERCICIO Y DEPORTE-TALENTO EXCEPCIONAL EN ARTES Y LETRAS-TALENTO EXCEPCIONAL EN CIENCIAS NATURALES O BASICAS-TALENTO EXCEPCIONAL EN LIDERAZGO SOCIAL Y EMPRENDIMIENTO-TALENTO EXCEPCIONAL", "GRUPOS_ETN": "AFRODESCENDIENTES-INDIGENAS-NEGRITUDES", "SECTOR": 2, "NATU_JUR": 9, "CALENDARIO": 1, "GENERO": 5, "COD_LOCA": "19", "ESPECIALID": 1, "CLASE_TIPO": 1, "BILINGUE": 5, "FECHA": "2024-04-30", "DANE12_EST": "111001075329", "DANE12_SED": "111001075329", "DA_HIPOACU": 2, "DA_SORDERA": 0, "DA_LENGUAS": 0, "DA_UCASTEL": 0, "DISCAP_FIS": 3, "DISCAP_FLE": 0, "DISCAP_PCE": 0, "DI_DCOGNIT": 24, "DI_SDOWN": 0, "DIS_MULTIP": 13, "DIS_PSICOS": 13, "DV_BAJAVIS": 2, "DIS_CEGUER": 0, "T_ESPECTRO": 0, "T_VOZ_Y_HA": 0, "SISTEMICA": 0, "SORDOCEGUE": 0, "OTRA": 0, "TOT_EST_MA": 57, "AFRODESCEN": 9, "INDIGENAS": 24, "NEGRITUDES": 5, "PALENQUERO": 0, "RAIZALES": 0, "ROM": 0, "TOT_EST_ET": 38, "CAPACID_EX": 1, "DOBLE_EXCE": 0, "TE_ACTFISI": 1, "TE_ARTES": 0, "TE_CNATUR": 0, "TE_CSOCIAL": 0, "TE_LDSOCIA": 0, "TE_TECNOLO": 0, "TOT_EST_CA": 1, "TMATRIC_GE": 2982, "Zona": 1 }, "geometry": { "type": "Point", "coordinates": [ -8255874.426400000229478, 511107.668999999761581 ] } },
{ "type": "Feature", "properties": { "NOMBRE_EST": "COLEGIO ESTRELLA DEL SUR (IED)", "NOMBRE_SED": "ESTRELLA DEL SUR", "ORDEN_DE_S": "A", "DIRECCION": "CL 17 P # 72 P - 28 SUR  --  KR 17 P # 72 - 25 SUR", "DISCAPACID": "FISICA-INTELECTUAL-MENTAL/PSICOSOCIAL-MULTIPLE", "TALENTOS_O": null, "GRUPOS_ETN": "AFRODESCENDIENTES-INDIGENAS-NEGRITUDES", "SECTOR": 2, "NATU_JUR": 9, "CALENDARIO": 1, "GENERO": 5, "COD_LOCA": "19", "ESPECIALID": 1, "CLASE_TIPO": 1, "BILINGUE": 5, "FECHA": "2024-04-30", "DANE12_EST": "111001075663", "DANE12_SED": "111001075663", "DA_HIPOACU": 0, "DA_SORDERA": 0, "DA_LENGUAS": 0, "DA_UCASTEL": 0, "DISCAP_FIS": 1, "DISCAP_FLE": 0, "DISCAP_PCE": 0, "DI_DCOGNIT": 16, "DI_SDOWN": 0, "DIS_MULTIP": 2, "DIS_PSICOS": 1, "DV_BAJAVIS": 0, "DIS_CEGUER": 0, "T_ESPECTRO": 0, "T_VOZ_Y_HA": 0, "SISTEMICA": 0, "SORDOCEGUE": 0, "OTRA": 0, "TOT_EST_MA": 20, "AFRODESCEN": 3, "INDIGENAS": 2, "NEGRITUDES": 0, "PALENQUERO": 0, "RAIZALES": 0, "ROM": 0, "TOT_EST_ET": 5, "CAPACID_EX": 0, "DOBLE_EXCE": 0, "TE_ACTFISI": 0, "TE_ARTES": 0, "TE_CNATUR": 0, "TE_CSOCIAL": 0, "TE_LDSOCIA": 0, "TE_TECNOLO": 0, "TOT_EST_CA": 0, "TMATRIC_GE": 305, "Zona": 1 }, "geometry": { "type": "Point", "coordinates": [ -8253496.07660000026226, 506467.888000000268221 ] } },
{ "type": "Feature", "properties": { "NOMBRE_EST": "COLEGIO ESTRELLA DEL SUR (IED)", "NOMBRE_SED": "ESTRELLA DEL SUR", "ORDEN_DE_S": "B", "DIRECCION": "CL 75 SUR # 18 B - 45", "DISCAPACID": "AUDITIVA-FISICA-INTELECTUAL-MENTAL/PSICOSOCIAL-VISUAL", "TALENTOS_O": "TALENTO EXCEPCIONAL EN ARTES Y LETRAS", "GRUPOS_ETN": "AFRODESCENDIENTES-INDIGENAS-NEGRITUDES", "SECTOR": 2, "NATU_JUR": 9, "CALENDARIO": 1, "GENERO": 5, "COD_LOCA": "19", "ESPECIALID": 13, "CLASE_TIPO": 1, "BILINGUE": 5, "FECHA": "2024-04-30", "DANE12_EST": "111001075663", "DANE12_SED": "111001104230", "DA_HIPOACU": 0, "DA_SORDERA": 0, "DA_LENGUAS": 0, "DA_UCASTEL": 0, "DISCAP_FIS": 1, "DISCAP_FLE": 0, "DISCAP_PCE": 0, "DI_DCOGNIT": 31, "DI_SDOWN": 0, "DIS_MULTIP": 0, "DIS_PSICOS": 4, "DV_BAJAVIS": 1, "DIS_CEGUER": 0, "T_ESPECTRO": 0, "T_VOZ_Y_HA": 0, "SISTEMICA": 0, "SORDOCEGUE": 0, "OTRA": 0, "TOT_EST_MA": 38, "AFRODESCEN": 5, "INDIGENAS": 5, "NEGRITUDES": 9, "PALENQUERO": 0, "RAIZALES": 0, "ROM": 0, "TOT_EST_ET": 19, "CAPACID_EX": 1, "DOBLE_EXCE": 0, "TE_ACTFISI": 0, "TE_ARTES": 1, "TE_CNATUR": 0, "TE_CSOCIAL": 0, "TE_LDSOCIA": 0, "TE_TECNOLO": 0, "TOT_EST_CA": 1, "TMATRIC_GE": 570, "Zona": 1 }, "geometry": { "type": "Point", "coordinates": [ -8253717.238299999386072, 506172.801699999719858 ] } },
{ "type": "Feature", "properties": { "NOMBRE_EST": "COLEGIO ESTRELLA DEL SUR (IED)", "NOMBRE_SED": "ESTRELLA DEL SUR", "ORDEN_DE_S": "C", "DIRECCION": "CL 74 A SUR # 18 - 23", "DISCAPACID": "INTELECTUAL-MULTIPLE", "TALENTOS_O": "TALENTO EXCEPCIONAL EN ACTIVIDAD FISICA, EJERCICIO Y DEPORTE-TALENTO EXCEPCIONAL EN ARTES Y LETRAS", "GRUPOS_ETN": "AFRODESCENDIENTES-INDIGENAS-NEGRITUDES", "SECTOR": 2, "NATU_JUR": 9, "CALENDARIO": 1, "GENERO": 5, "COD_LOCA": "19", "ESPECIALID": 13, "CLASE_TIPO": 1, "BILINGUE": 5, "FECHA": "2024-04-30", "DANE12_EST": "111001075663", "DANE12_SED": "111001104248", "DA_HIPOACU": 0, "DA_SORDERA": 0, "DA_LENGUAS": 0, "DA_UCASTEL": 0, "DISCAP_FIS": 0, "DISCAP_FLE": 0, "DISCAP_PCE": 0, "DI_DCOGNIT": 3, "DI_SDOWN": 0, "DIS_MULTIP": 2, "DIS_PSICOS": 0, "DV_BAJAVIS": 0, "DIS_CEGUER": 0, "T_ESPECTRO": 0, "T_VOZ_Y_HA": 0, "SISTEMICA": 0, "SORDOCEGUE": 0, "OTRA": 0, "TOT_EST_MA": 5, "AFRODESCEN": 3, "INDIGENAS": 4, "NEGRITUDES": 1, "PALENQUERO": 0, "RAIZALES": 0, "ROM": 0, "TOT_EST_ET": 8, "CAPACID_EX": 1, "DOBLE_EXCE": 0, "TE_ACTFISI": 1, "TE_ARTES": 0, "TE_CNATUR": 0, "TE_CSOCIAL": 0, "TE_LDSOCIA": 0, "TE_TECNOLO": 0, "TOT_EST_CA": 1, "TMATRIC_GE": 628, "Zona": 1 }, "geometry": { "type": "Point", "coordinates": [ -8253517.515599999576807, 506269.962499998509884 ] } },
{ "type": "Feature", "properties": { "NOMBRE_EST": "COLEGIO ESTRELLA DEL SUR (IED)", "NOMBRE_SED": "ESTRELLA DEL SUR", "ORDEN_DE_S": "D", "DIRECCION": "KR 18 D # 73 - 50 SUR", "DISCAPACID": "FISICA-INTELECTUAL-MULTIPLE", "TALENTOS_O": "TALENTO EXCEPCIONAL EN ACTIVIDAD FISICA, EJERCICIO Y DEPORTE", "GRUPOS_ETN": "AFRODESCENDIENTES-INDIGENAS-NEGRITUDES", "SECTOR": 2, "NATU_JUR": 9, "CALENDARIO": 1, "GENERO": 5, "COD_LOCA": "19", "ESPECIALID": 1, "CLASE_TIPO": 1, "BILINGUE": 5, "FECHA": "2024-04-30", "DANE12_EST": "111001075663", "DANE12_SED": "111001106577", "DA_HIPOACU": 0, "DA_SORDERA": 0, "DA_LENGUAS": 0, "DA_UCASTEL": 0, "DISCAP_FIS": 0, "DISCAP_FLE": 0, "DISCAP_PCE": 0, "DI_DCOGNIT": 9, "DI_SDOWN": 0, "DIS_MULTIP": 2, "DIS_PSICOS": 1, "DV_BAJAVIS": 0, "DIS_CEGUER": 0, "T_ESPECTRO": 0, "T_VOZ_Y_HA": 0, "SISTEMICA": 0, "SORDOCEGUE": 0, "OTRA": 0, "TOT_EST_MA": 12, "AFRODESCEN": 1, "INDIGENAS": 4, "NEGRITUDES": 1, "PALENQUERO": 0, "RAIZALES": 0, "ROM": 0, "TOT_EST_ET": 6, "CAPACID_EX": 0, "DOBLE_EXCE": 0, "TE_ACTFISI": 0, "TE_ARTES": 0, "TE_CNATUR": 0, "TE_CSOCIAL": 0, "TE_LDSOCIA": 0, "TE_TECNOLO": 0, "TOT_EST_CA": 0, "TMATRIC_GE": 421, "Zona": 1 }, "geometry": { "type": "Point", "coordinates": [ -8253816.585400000214577, 506399.467199999839067 ] } },
{ "type": "Feature", "properties": { "NOMBRE_EST": "COLEGIO SOTAVENTO (IED)", "NOMBRE_SED": "SOTAVENTO", "ORDEN_DE_S": "A", "DIRECCION": "CL 73 A SUR # 16 F - 35", "DISCAPACID": "AUDITIVA-FISICA-INTELECTUAL-MENTAL/PSICOSOCIAL-MULTIPLE-VISUAL", "TALENTOS_O": "TALENTO EXCEPCIONAL EN ACTIVIDAD FISICA, EJERCICIO Y DEPORTE-TALENTO EXCEPCIONAL EN ARTES Y LETRAS", "GRUPOS_ETN": "AFRODESCENDIENTES-INDIGENAS-NEGRITUDES", "SECTOR": 2, "NATU_JUR": 9, "CALENDARIO": 1, "GENERO": 5, "COD_LOCA": "19", "ESPECIALID": 1, "CLASE_TIPO": 1, "BILINGUE": 5, "FECHA": "2024-04-30", "DANE12_EST": "111001075752", "DANE12_SED": "111001075752", "DA_HIPOACU": 2, "DA_SORDERA": 0, "DA_LENGUAS": 0, "DA_UCASTEL": 0, "DISCAP_FIS": 5, "DISCAP_FLE": 0, "DISCAP_PCE": 0, "DI_DCOGNIT": 29, "DI_SDOWN": 0, "DIS_MULTIP": 9, "DIS_PSICOS": 6, "DV_BAJAVIS": 2, "DIS_CEGUER": 0, "T_ESPECTRO": 0, "T_VOZ_Y_HA": 0, "SISTEMICA": 0, "SORDOCEGUE": 0, "OTRA": 0, "TOT_EST_MA": 53, "AFRODESCEN": 12, "INDIGENAS": 4, "NEGRITUDES": 4, "PALENQUERO": 0, "RAIZALES": 0, "ROM": 0, "TOT_EST_ET": 20, "CAPACID_EX": 1, "DOBLE_EXCE": 0, "TE_ACTFISI": 0, "TE_ARTES": 1, "TE_CNATUR": 0, "TE_CSOCIAL": 0, "TE_LDSOCIA": 0, "TE_TECNOLO": 0, "TOT_EST_CA": 1, "TMATRIC_GE": 950, "Zona": 1 }, "geometry": { "type": "Point", "coordinates": [ -8252944.536399999633431, 506430.969700001180172 ] } },
{ "type": "Feature", "properties": { "NOMBRE_EST": "COLEGIO SAN FRANCISCO (IED)", "NOMBRE_SED": "SAN FRANCISCO", "ORDEN_DE_S": "A", "DIRECCION": "KR 22 # 64 - 29 SUR", "DISCAPACID": "AUDITIVA-FISICA-INTELECTUAL-MENTAL/PSICOSOCIAL-MULTIPLE", "TALENTOS_O": "CAPACIDADES EXCEPCIONALES-TALENTO EXCEPCIONAL EN ACTIVIDAD FISICA, EJERCICIO Y DEPORTE-TALENTO EXCEPCIONAL EN ARTES Y LETRAS-TALENTO EXCEPCIONAL EN TECNOLOGIA", "GRUPOS_ETN": "AFRODESCENDIENTES-INDIGENAS-NEGRITUDES-RAIZALES", "SECTOR": 2, "NATU_JUR": 9, "CALENDARIO": 1, "GENERO": 5, "COD_LOCA": "19", "ESPECIALID": 1, "CLASE_TIPO": 1, "BILINGUE": 5, "FECHA": "2024-04-30", "DANE12_EST": "111001076937", "DANE12_SED": "111001076937", "DA_HIPOACU": 47, "DA_SORDERA": 0, "DA_LENGUAS": 0, "DA_UCASTEL": 0, "DISCAP_FIS": 6, "DISCAP_FLE": 0, "DISCAP_PCE": 0, "DI_DCOGNIT": 31, "DI_SDOWN": 0, "DIS_MULTIP": 20, "DIS_PSICOS": 4, "DV_BAJAVIS": 1, "DIS_CEGUER": 0, "T_ESPECTRO": 0, "T_VOZ_Y_HA": 0, "SISTEMICA": 0, "SORDOCEGUE": 0, "OTRA": 0, "TOT_EST_MA": 109, "AFRODESCEN": 24, "INDIGENAS": 9, "NEGRITUDES": 7, "PALENQUERO": 0, "RAIZALES": 1, "ROM": 0, "TOT_EST_ET": 41, "CAPACID_EX": 2, "DOBLE_EXCE": 0, "TE_ACTFISI": 2, "TE_ARTES": 0, "TE_CNATUR": 0, "TE_CSOCIAL": 0, "TE_LDSOCIA": 0, "TE_TECNOLO": 0, "TOT_EST_CA": 2, "TMATRIC_GE": 2353, "Zona": 1 }, "geometry": { "type": "Point", "coordinates": [ -8253986.682700000703335, 508825.382199998944998 ] } },
{ "type": "Feature", "properties": { "NOMBRE_EST": "COLEGIO SAN FRANCISCO (IED)", "NOMBRE_SED": "SAN FRANCISCO II", "ORDEN_DE_S": "B", "DIRECCION": "KR 20 C # 67 - 00 SUR", "DISCAPACID": "AUDITIVA-FISICA-INTELECTUAL-MENTAL/PSICOSOCIAL-MULTIPLE-SORDOCEGUERA", "TALENTOS_O": "TALENTO EXCEPCIONAL EN ARTES Y LETRAS", "GRUPOS_ETN": "AFRODESCENDIENTES-INDIGENAS-NEGRITUDES-RAIZALES", "SECTOR": 2, "NATU_JUR": 9, "CALENDARIO": 1, "GENERO": 5, "COD_LOCA": "19", "ESPECIALID": 13, "CLASE_TIPO": 1, "BILINGUE": 5, "FECHA": "2024-04-30", "DANE12_EST": "111001076937", "DANE12_SED": "111001013633", "DA_HIPOACU": 0, "DA_SORDERA": 0, "DA_LENGUAS": 0, "DA_UCASTEL": 0, "DISCAP_FIS": 1, "DISCAP_FLE": 0, "DISCAP_PCE": 0, "DI_DCOGNIT": 6, "DI_SDOWN": 0, "DIS_MULTIP": 3, "DIS_PSICOS": 1, "DV_BAJAVIS": 0, "DIS_CEGUER": 0, "T_ESPECTRO": 0, "T_VOZ_Y_HA": 0, "SISTEMICA": 0, "SORDOCEGUE": 0, "OTRA": 0, "TOT_EST_MA": 11, "AFRODESCEN": 6, "INDIGENAS": 6, "NEGRITUDES": 4, "PALENQUERO": 0, "RAIZALES": 1, "ROM": 0, "TOT_EST_ET": 17, "CAPACID_EX": 0, "DOBLE_EXCE": 0, "TE_ACTFISI": 0, "TE_ARTES": 0, "TE_CNATUR": 0, "TE_CSOCIAL": 0, "TE_LDSOCIA": 0, "TE_TECNOLO": 0, "TOT_EST_CA": 0, "TMATRIC_GE": 823, "Zona": 1 }, "geometry": { "type": "Point", "coordinates": [ -8254227.6371, 508485.6537000015378 ] } },
{ "type": "Feature", "properties": { "NOMBRE_EST": "COLEGIO SAN FRANCISCO (IED)", "NOMBRE_SED": "SAN FRANCISCO III", "ORDEN_DE_S": "C", "DIRECCION": "KR 20 A # 67 - 65 SUR", "DISCAPACID": "FISICA-INTELECTUAL", "TALENTOS_O": "TALENTO EXCEPCIONAL EN ACTIVIDAD FISICA, EJERCICIO Y DEPORTE", "GRUPOS_ETN": "AFRODESCENDIENTES-INDIGENAS-NEGRITUDES", "SECTOR": 2, "NATU_JUR": 9, "CALENDARIO": 1, "GENERO": 5, "COD_LOCA": "19", "ESPECIALID": 13, "CLASE_TIPO": 1, "BILINGUE": 5, "FECHA": "2024-04-30", "DANE12_EST": "111001076937", "DANE12_SED": "111001075213", "DA_HIPOACU": 0, "DA_SORDERA": 0, "DA_LENGUAS": 0, "DA_UCASTEL": 0, "DISCAP_FIS": 0, "DISCAP_FLE": 0, "DISCAP_PCE": 0, "DI_DCOGNIT": 5, "DI_SDOWN": 0, "DIS_MULTIP": 0, "DIS_PSICOS": 1, "DV_BAJAVIS": 0, "DIS_CEGUER": 0, "T_ESPECTRO": 0, "T_VOZ_Y_HA": 0, "SISTEMICA": 0, "SORDOCEGUE": 0, "OTRA": 0, "TOT_EST_MA": 7, "AFRODESCEN": 3, "INDIGENAS": 3, "NEGRITUDES": 3, "PALENQUERO": 0, "RAIZALES": 0, "ROM": 0, "TOT_EST_ET": 9, "CAPACID_EX": 0, "DOBLE_EXCE": 0, "TE_ACTFISI": 0, "TE_ARTES": 0, "TE_CNATUR": 0, "TE_CSOCIAL": 0, "TE_LDSOCIA": 0, "TE_TECNOLO": 0, "TOT_EST_CA": 0, "TMATRIC_GE": 333, "Zona": 1 }, "geometry": { "type": "Point", "coordinates": [ -8254292.666600000113249, 508355.591400001198053 ] } },
{ "type": "Feature", "properties": { "NOMBRE_EST": "COLEGIO CONFEDERACION BRISAS DEL DIAMANTE (IED)", "NOMBRE_SED": "CONFEDERACION SUIZA", "ORDEN_DE_S": "A", "DIRECCION": "KR 18 I # 69 D - 35 SUR", "DISCAPACID": "AUDITIVA-INTELECTUAL-MULTIPLE", "TALENTOS_O": "TALENTO EXCEPCIONAL EN ACTIVIDAD FISICA, EJERCICIO Y DEPORTE", "GRUPOS_ETN": "AFRODESCENDIENTES-INDIGENAS-NEGRITUDES", "SECTOR": 2, "NATU_JUR": 9, "CALENDARIO": 1, "GENERO": 5, "COD_LOCA": "19", "ESPECIALID": 1, "CLASE_TIPO": 1, "BILINGUE": 5, "FECHA": "2024-04-30", "DANE12_EST": "111001086584", "DANE12_SED": "111001086584", "DA_HIPOACU": 0, "DA_SORDERA": 0, "DA_LENGUAS": 0, "DA_UCASTEL": 0, "DISCAP_FIS": 0, "DISCAP_FLE": 0, "DISCAP_PCE": 0, "DI_DCOGNIT": 15, "DI_SDOWN": 0, "DIS_MULTIP": 1, "DIS_PSICOS": 1, "DV_BAJAVIS": 1, "DIS_CEGUER": 0, "T_ESPECTRO": 0, "T_VOZ_Y_HA": 0, "SISTEMICA": 0, "SORDOCEGUE": 0, "OTRA": 0, "TOT_EST_MA": 18, "AFRODESCEN": 18, "INDIGENAS": 19, "NEGRITUDES": 7, "PALENQUERO": 0, "RAIZALES": 0, "ROM": 0, "TOT_EST_ET": 44, "CAPACID_EX": 0, "DOBLE_EXCE": 0, "TE_ACTFISI": 0, "TE_ARTES": 0, "TE_CNATUR": 0, "TE_CSOCIAL": 0, "TE_LDSOCIA": 0, "TE_TECNOLO": 0, "TOT_EST_CA": 0, "TMATRIC_GE": 1004, "Zona": 1 }, "geometry": { "type": "Point", "coordinates": [ -8254096.545, 506770.159299999475479 ] } },
{ "type": "Feature", "properties": { "NOMBRE_EST": "COLEGIO CONFEDERACION BRISAS DEL DIAMANTE (IED)", "NOMBRE_SED": "VILLAS DEL DIAMANTE", "ORDEN_DE_S": "B", "DIRECCION": "DG 69 R SUR # 18 N - 06", "DISCAPACID": "INTELECTUAL-MENTAL/PSICOSOCIAL-MULTIPLE", "TALENTOS_O": "CAPACIDADES EXCEPCIONALES-TALENTO EXCEPCIONAL EN ACTIVIDAD FISICA, EJERCICIO Y DEPORTE", "GRUPOS_ETN": "AFRODESCENDIENTES-INDIGENAS", "SECTOR": 2, "NATU_JUR": 9, "CALENDARIO": 1, "GENERO": 5, "COD_LOCA": "19", "ESPECIALID": 13, "CLASE_TIPO": 1, "BILINGUE": 5, "FECHA": "2024-04-30", "DANE12_EST": "111001086584", "DANE12_SED": "111001075230", "DA_HIPOACU": 0, "DA_SORDERA": 0, "DA_LENGUAS": 0, "DA_UCASTEL": 0, "DISCAP_FIS": 0, "DISCAP_FLE": 0, "DISCAP_PCE": 0, "DI_DCOGNIT": 9, "DI_SDOWN": 0, "DIS_MULTIP": 4, "DIS_PSICOS": 1, "DV_BAJAVIS": 0, "DIS_CEGUER": 0, "T_ESPECTRO": 0, "T_VOZ_Y_HA": 0, "SISTEMICA": 0, "SORDOCEGUE": 0, "OTRA": 0, "TOT_EST_MA": 14, "AFRODESCEN": 9, "INDIGENAS": 8, "NEGRITUDES": 0, "PALENQUERO": 0, "RAIZALES": 0, "ROM": 0, "TOT_EST_ET": 17, "CAPACID_EX": 0, "DOBLE_EXCE": 0, "TE_ACTFISI": 0, "TE_ARTES": 0, "TE_CNATUR": 0, "TE_CSOCIAL": 0, "TE_LDSOCIA": 0, "TE_TECNOLO": 0, "TOT_EST_CA": 0, "TMATRIC_GE": 648, "Zona": 1 }, "geometry": { "type": "Point", "coordinates": [ -8254671.364399999380112, 507065.9358000010252 ] } },
{ "type": "Feature", "properties": { "NOMBRE_EST": "COLEGIO CONFEDERACION BRISAS DEL DIAMANTE (IED)", "NOMBRE_SED": "LAS MANITAS", "ORDEN_DE_S": "D", "DIRECCION": "CL 68 J SUR # 25 N - 15", "DISCAPACID": "FISICA-INTELECTUAL-VISUAL", "TALENTOS_O": null, "GRUPOS_ETN": "AFRODESCENDIENTES-INDIGENAS-NEGRITUDES", "SECTOR": 2, "NATU_JUR": 9, "CALENDARIO": 1, "GENERO": 5, "COD_LOCA": "19", "ESPECIALID": 13, "CLASE_TIPO": 1, "BILINGUE": 5, "FECHA": "2024-04-30", "DANE12_EST": "111001086584", "DANE12_SED": "111001065307", "DA_HIPOACU": 0, "DA_SORDERA": 0, "DA_LENGUAS": 0, "DA_UCASTEL": 0, "DISCAP_FIS": 3, "DISCAP_FLE": 0, "DISCAP_PCE": 0, "DI_DCOGNIT": 6, "DI_SDOWN": 0, "DIS_MULTIP": 0, "DIS_PSICOS": 0, "DV_BAJAVIS": 1, "DIS_CEGUER": 0, "T_ESPECTRO": 0, "T_VOZ_Y_HA": 0, "SISTEMICA": 0, "SORDOCEGUE": 0, "OTRA": 0, "TOT_EST_MA": 10, "AFRODESCEN": 3, "INDIGENAS": 2, "NEGRITUDES": 1, "PALENQUERO": 0, "RAIZALES": 0, "ROM": 0, "TOT_EST_ET": 6, "CAPACID_EX": 0, "DOBLE_EXCE": 0, "TE_ACTFISI": 0, "TE_ARTES": 0, "TE_CNATUR": 0, "TE_CSOCIAL": 0, "TE_LDSOCIA": 0, "TE_TECNOLO": 0, "TOT_EST_CA": 0, "TMATRIC_GE": 439, "Zona": 1 }, "geometry": { "type": "Point", "coordinates": [ -8254773.931900000199676, 508919.210799999535084 ] } },
{ "type": "Feature", "properties": { "NOMBRE_EST": "COLEGIO EL MINUTO DE BUENOS AIRES (IED)", "NOMBRE_SED": "BUENOS AIRES", "ORDEN_DE_S": "A", "DIRECCION": "CL 78 A SUR # 17 F - 26", "DISCAPACID": "FISICA", "TALENTOS_O": "TALENTO EXCEPCIONAL EN ACTIVIDAD FISICA, EJERCICIO Y DEPORTE", "GRUPOS_ETN": "AFRODESCENDIENTES-NEGRITUDES", "SECTOR": 2, "NATU_JUR": 9, "CALENDARIO": 1, "GENERO": 5, "COD_LOCA": "19", "ESPECIALID": 13, "CLASE_TIPO": 1, "BILINGUE": 5, "FECHA": "2024-04-30", "DANE12_EST": "111001086762", "DANE12_SED": "111001086762", "DA_HIPOACU": 0, "DA_SORDERA": 0, "DA_LENGUAS": 0, "DA_UCASTEL": 0, "DISCAP_FIS": 0, "DISCAP_FLE": 0, "DISCAP_PCE": 0, "DI_DCOGNIT": 3, "DI_SDOWN": 0, "DIS_MULTIP": 0, "DIS_PSICOS": 0, "DV_BAJAVIS": 0, "DIS_CEGUER": 0, "T_ESPECTRO": 0, "T_VOZ_Y_HA": 0, "SISTEMICA": 0, "SORDOCEGUE": 0, "OTRA": 0, "TOT_EST_MA": 3, "AFRODESCEN": 3, "INDIGENAS": 1, "NEGRITUDES": 1, "PALENQUERO": 0, "RAIZALES": 0, "ROM": 0, "TOT_EST_ET": 5, "CAPACID_EX": 0, "DOBLE_EXCE": 0, "TE_ACTFISI": 0, "TE_ARTES": 0, "TE_CNATUR": 0, "TE_CSOCIAL": 0, "TE_LDSOCIA": 0, "TE_TECNOLO": 0, "TOT_EST_CA": 0, "TMATRIC_GE": 488, "Zona": 1 }, "geometry": { "type": "Point", "coordinates": [ -8253203.315199999138713, 505851.925200000405312 ] } },
{ "type": "Feature", "properties": { "NOMBRE_EST": "COLEGIO EL MINUTO DE BUENOS AIRES (IED)", "NOMBRE_SED": "MINUTO DE MARIA", "ORDEN_DE_S": "B", "DIRECCION": "CL 80 A SUR # 17 N - 80", "DISCAPACID": "INTELECTUAL-MULTIPLE", "TALENTOS_O": "TALENTO EXCEPCIONAL EN ACTIVIDAD FISICA, EJERCICIO Y DEPORTE", "GRUPOS_ETN": "AFRODESCENDIENTES-INDIGENAS-NEGRITUDES", "SECTOR": 2, "NATU_JUR": 9, "CALENDARIO": 1, "GENERO": 5, "COD_LOCA": "19", "ESPECIALID": 1, "CLASE_TIPO": 1, "BILINGUE": 5, "FECHA": "2024-04-30", "DANE12_EST": "111001086762", "DANE12_SED": "111001014508", "DA_HIPOACU": 0, "DA_SORDERA": 0, "DA_LENGUAS": 0, "DA_UCASTEL": 0, "DISCAP_FIS": 0, "DISCAP_FLE": 0, "DISCAP_PCE": 0, "DI_DCOGNIT": 5, "DI_SDOWN": 0, "DIS_MULTIP": 0, "DIS_PSICOS": 0, "DV_BAJAVIS": 1, "DIS_CEGUER": 0, "T_ESPECTRO": 0, "T_VOZ_Y_HA": 0, "SISTEMICA": 0, "SORDOCEGUE": 0, "OTRA": 0, "TOT_EST_MA": 7, "AFRODESCEN": 5, "INDIGENAS": 2, "NEGRITUDES": 7, "PALENQUERO": 0, "RAIZALES": 0, "ROM": 0, "TOT_EST_ET": 14, "CAPACID_EX": 0, "DOBLE_EXCE": 0, "TE_ACTFISI": 0, "TE_ARTES": 0, "TE_CNATUR": 0, "TE_CSOCIAL": 0, "TE_LDSOCIA": 0, "TE_TECNOLO": 0, "TOT_EST_CA": 0, "TMATRIC_GE": 662, "Zona": 1 }, "geometry": { "type": "Point", "coordinates": [ -8253467.783600000664592, 505594.678100001066923 ] } },
{ "type": "Feature", "properties": { "NOMBRE_EST": "COLEGIO CEDID CIUDAD BOLIVAR (IED)", "NOMBRE_SED": "CIUDAD BOLIVAR", "ORDEN_DE_S": "A", "DIRECCION": "CL 70 SUR # 56 - 11", "DISCAPACID": "AUDITIVA-FISICA-INTELECTUAL-MENTAL/PSICOSOCIAL-MULTIPLE-SORDOCEGUERA-VISUAL", "TALENTOS_O": "CAPACIDADES EXCEPCIONALES-TALENTO EXCEPCIONAL EN ACTIVIDAD FISICA, EJERCICIO Y DEPORTE-TALENTO EXCEPCIONAL EN ARTES Y LETRAS-TALENTO EXCEPCIONAL EN CIENCIAS NATURALES O BASICAS", "GRUPOS_ETN": "AFRODESCENDIENTES-INDIGENAS-NEGRITUDES", "SECTOR": 2, "NATU_JUR": 9, "CALENDARIO": 1, "GENERO": 5, "COD_LOCA": "19", "ESPECIALID": 1, "CLASE_TIPO": 1, "BILINGUE": 5, "FECHA": "2024-04-30", "DANE12_EST": "111001086801", "DANE12_SED": "111001086801", "DA_HIPOACU": 0, "DA_SORDERA": 0, "DA_LENGUAS": 0, "DA_UCASTEL": 0, "DISCAP_FIS": 3, "DISCAP_FLE": 0, "DISCAP_PCE": 0, "DI_DCOGNIT": 60, "DI_SDOWN": 0, "DIS_MULTIP": 15, "DIS_PSICOS": 7, "DV_BAJAVIS": 1, "DIS_CEGUER": 0, "T_ESPECTRO": 0, "T_VOZ_Y_HA": 0, "SISTEMICA": 0, "SORDOCEGUE": 0, "OTRA": 0, "TOT_EST_MA": 87, "AFRODESCEN": 31, "INDIGENAS": 20, "NEGRITUDES": 18, "PALENQUERO": 0, "RAIZALES": 0, "ROM": 0, "TOT_EST_ET": 69, "CAPACID_EX": 0, "DOBLE_EXCE": 0, "TE_ACTFISI": 0, "TE_ARTES": 0, "TE_CNATUR": 0, "TE_CSOCIAL": 0, "TE_LDSOCIA": 0, "TE_TECNOLO": 0, "TOT_EST_CA": 0, "TMATRIC_GE": 2975, "Zona": 1 }, "geometry": { "type": "Point", "coordinates": [ -8255978.119400000199676, 510161.185300000011921 ] } },
{ "type": "Feature", "properties": { "NOMBRE_EST": "COLEGIO CEDID CIUDAD BOLIVAR (IED)", "NOMBRE_SED": "TANQUE LAGUNA", "ORDEN_DE_S": "B", "DIRECCION": "CL 75 SUR # 46 B - 16", "DISCAPACID": "INTELECTUAL-MENTAL/PSICOSOCIAL-VISUAL", "TALENTOS_O": "CAPACIDADES EXCEPCIONALES-TALENTO EXCEPCIONAL EN ARTES Y LETRAS-TALENTO EXCEPCIONAL EN CIENCIAS NATURALES O BASICAS", "GRUPOS_ETN": "AFRODESCENDIENTES-INDIGENAS", "SECTOR": 2, "NATU_JUR": 9, "CALENDARIO": 1, "GENERO": 5, "COD_LOCA": "19", "ESPECIALID": 13, "CLASE_TIPO": 1, "BILINGUE": 5, "FECHA": "2024-04-30", "DANE12_EST": "111001086801", "DANE12_SED": "111001044431", "DA_HIPOACU": 0, "DA_SORDERA": 0, "DA_LENGUAS": 0, "DA_UCASTEL": 0, "DISCAP_FIS": 2, "DISCAP_FLE": 0, "DISCAP_PCE": 0, "DI_DCOGNIT": 10, "DI_SDOWN": 0, "DIS_MULTIP": 0, "DIS_PSICOS": 2, "DV_BAJAVIS": 1, "DIS_CEGUER": 0, "T_ESPECTRO": 0, "T_VOZ_Y_HA": 0, "SISTEMICA": 0, "SORDOCEGUE": 0, "OTRA": 0, "TOT_EST_MA": 15, "AFRODESCEN": 7, "INDIGENAS": 4, "NEGRITUDES": 0, "PALENQUERO": 0, "RAIZALES": 0, "ROM": 0, "TOT_EST_ET": 11, "CAPACID_EX": 0, "DOBLE_EXCE": 0, "TE_ACTFISI": 0, "TE_ARTES": 0, "TE_CNATUR": 0, "TE_CSOCIAL": 0, "TE_LDSOCIA": 0, "TE_TECNOLO": 0, "TOT_EST_CA": 0, "TMATRIC_GE": 776, "Zona": 1 }, "geometry": { "type": "Point", "coordinates": [ -8256066.776499999687076, 509495.88569999858737 ] } },
{ "type": "Feature", "properties": { "NOMBRE_EST": "COLEGIO CEDID CIUDAD BOLIVAR (IED)", "NOMBRE_SED": "PERDOMO ALTO", "ORDEN_DE_S": "C", "DIRECCION": "CL 69 B SUR # 73 F - 68", "DISCAPACID": "INTELECTUAL-MENTAL/PSICOSOCIAL-MULTIPLE", "TALENTOS_O": "TALENTO EXCEPCIONAL EN ACTIVIDAD FISICA, EJERCICIO Y DEPORTE", "GRUPOS_ETN": "AFRODESCENDIENTES-INDIGENAS-NEGRITUDES", "SECTOR": 2, "NATU_JUR": 9, "CALENDARIO": 1, "GENERO": 5, "COD_LOCA": "19", "ESPECIALID": 13, "CLASE_TIPO": 1, "BILINGUE": 5, "FECHA": "2024-04-30", "DANE12_EST": "111001086801", "DANE12_SED": "111001045004", "DA_HIPOACU": 0, "DA_SORDERA": 0, "DA_LENGUAS": 0, "DA_UCASTEL": 0, "DISCAP_FIS": 0, "DISCAP_FLE": 0, "DISCAP_PCE": 0, "DI_DCOGNIT": 9, "DI_SDOWN": 0, "DIS_MULTIP": 2, "DIS_PSICOS": 2, "DV_BAJAVIS": 0, "DIS_CEGUER": 0, "T_ESPECTRO": 0, "T_VOZ_Y_HA": 0, "SISTEMICA": 0, "SORDOCEGUE": 0, "OTRA": 0, "TOT_EST_MA": 13, "AFRODESCEN": 5, "INDIGENAS": 1, "NEGRITUDES": 2, "PALENQUERO": 0, "RAIZALES": 0, "ROM": 0, "TOT_EST_ET": 8, "CAPACID_EX": 0, "DOBLE_EXCE": 0, "TE_ACTFISI": 0, "TE_ARTES": 0, "TE_CNATUR": 0, "TE_CSOCIAL": 0, "TE_LDSOCIA": 0, "TE_TECNOLO": 0, "TOT_EST_CA": 0, "TMATRIC_GE": 478, "Zona": 1 }, "geometry": { "type": "Point", "coordinates": [ -8256427.862400000914931, 510502.565999999642372 ] } },
{ "type": "Feature", "properties": { "NOMBRE_EST": "COLEGIO CEDID CIUDAD BOLIVAR (IED)", "NOMBRE_SED": "SANTA ROSITA LAS VEGAS", "ORDEN_DE_S": "D", "DIRECCION": "TV 49 D # 70 - 80 SUR", "DISCAPACID": "INTELECTUAL-MENTAL/PSICOSOCIAL", "TALENTOS_O": "CAPACIDADES EXCEPCIONALES-TALENTO EXCEPCIONAL EN ACTIVIDAD FISICA, EJERCICIO Y DEPORTE", "GRUPOS_ETN": "AFRODESCENDIENTES-NEGRITUDES", "SECTOR": 2, "NATU_JUR": 9, "CALENDARIO": 1, "GENERO": 5, "COD_LOCA": "19", "ESPECIALID": 13, "CLASE_TIPO": 1, "BILINGUE": 5, "FECHA": "2024-04-30", "DANE12_EST": "111001086801", "DANE12_SED": "111001047481", "DA_HIPOACU": 0, "DA_SORDERA": 0, "DA_LENGUAS": 0, "DA_UCASTEL": 0, "DISCAP_FIS": 1, "DISCAP_FLE": 0, "DISCAP_PCE": 0, "DI_DCOGNIT": 1, "DI_SDOWN": 0, "DIS_MULTIP": 0, "DIS_PSICOS": 0, "DV_BAJAVIS": 0, "DIS_CEGUER": 0, "T_ESPECTRO": 0, "T_VOZ_Y_HA": 0, "SISTEMICA": 0, "SORDOCEGUE": 0, "OTRA": 0, "TOT_EST_MA": 2, "AFRODESCEN": 3, "INDIGENAS": 0, "NEGRITUDES": 2, "PALENQUERO": 0, "RAIZALES": 0, "ROM": 0, "TOT_EST_ET": 5, "CAPACID_EX": 0, "DOBLE_EXCE": 0, "TE_ACTFISI": 0, "TE_ARTES": 0, "TE_CNATUR": 0, "TE_CSOCIAL": 0, "TE_LDSOCIA": 0, "TE_TECNOLO": 0, "TOT_EST_CA": 0, "TMATRIC_GE": 301, "Zona": 1 }, "geometry": { "type": "Point", "coordinates": [ -8255835.363299999386072, 509899.5168999992311 ] } },
{ "type": "Feature", "properties": { "NOMBRE_EST": "COLEGIO SIERRA MORENA (IED)", "NOMBRE_SED": "SIERRA MORENA", "ORDEN_DE_S": "A", "DIRECCION": "CL 75 C SUR # 71 - 03", "DISCAPACID": "AUDITIVA-FISICA-INTELECTUAL-MENTAL/PSICOSOCIAL-MULTIPLE-VISUAL", "TALENTOS_O": "CAPACIDADES EXCEPCIONALES-TALENTO EXCEPCIONAL EN ACTIVIDAD FISICA, EJERCICIO Y DEPORTE-TALENTO EXCEPCIONAL EN ARTES Y LETRAS-TALENTO EXCEPCIONAL EN CIENCIAS NATURALES O BASICAS-TALENTO EXCEPCIONAL EN CIENCIAS SOCIALES O HUMANAS-TALENTO EXCEPCIONAL EN LID", "GRUPOS_ETN": "AFRODESCENDIENTES-INDIGENAS-NEGRITUDES", "SECTOR": 2, "NATU_JUR": 9, "CALENDARIO": 1, "GENERO": 5, "COD_LOCA": "19", "ESPECIALID": 1, "CLASE_TIPO": 1, "BILINGUE": 5, "FECHA": "2024-04-30", "DANE12_EST": "111001086835", "DANE12_SED": "111001086835", "DA_HIPOACU": 3, "DA_SORDERA": 0, "DA_LENGUAS": 0, "DA_UCASTEL": 0, "DISCAP_FIS": 2, "DISCAP_FLE": 0, "DISCAP_PCE": 0, "DI_DCOGNIT": 50, "DI_SDOWN": 0, "DIS_MULTIP": 6, "DIS_PSICOS": 2, "DV_BAJAVIS": 1, "DIS_CEGUER": 0, "T_ESPECTRO": 0, "T_VOZ_Y_HA": 0, "SISTEMICA": 0, "SORDOCEGUE": 0, "OTRA": 0, "TOT_EST_MA": 64, "AFRODESCEN": 33, "INDIGENAS": 43, "NEGRITUDES": 17, "PALENQUERO": 0, "RAIZALES": 0, "ROM": 0, "TOT_EST_ET": 93, "CAPACID_EX": 2, "DOBLE_EXCE": 0, "TE_ACTFISI": 1, "TE_ARTES": 0, "TE_CNATUR": 1, "TE_CSOCIAL": 0, "TE_LDSOCIA": 0, "TE_TECNOLO": 0, "TOT_EST_CA": 2, "TMATRIC_GE": 3038, "Zona": 1 }, "geometry": { "type": "Point", "coordinates": [ -8256519.710999999195337, 509812.797499999403954 ] } },
{ "type": "Feature", "properties": { "NOMBRE_EST": "COLEGIO SIERRA MORENA (IED)", "NOMBRE_SED": "SANTO DOMINGO SAVIO", "ORDEN_DE_S": "B", "DIRECCION": "CL 62 B SUR # 77 C - 11", "DISCAPACID": "AUDITIVA-FISICA-INTELECTUAL-MENTAL/PSICOSOCIAL-MULTIPLE", "TALENTOS_O": "CAPACIDADES EXCEPCIONALES-TALENTO EXCEPCIONAL EN ACTIVIDAD FISICA, EJERCICIO Y DEPORTE-TALENTO EXCEPCIONAL EN ARTES Y LETRAS", "GRUPOS_ETN": "AFRODESCENDIENTES-INDIGENAS-NEGRITUDES", "SECTOR": 2, "NATU_JUR": 9, "CALENDARIO": 1, "GENERO": 5, "COD_LOCA": "19", "ESPECIALID": 13, "CLASE_TIPO": 1, "BILINGUE": 5, "FECHA": "2024-04-30", "DANE12_EST": "111001086835", "DANE12_SED": "111001098981", "DA_HIPOACU": 0, "DA_SORDERA": 0, "DA_LENGUAS": 0, "DA_UCASTEL": 0, "DISCAP_FIS": 3, "DISCAP_FLE": 0, "DISCAP_PCE": 0, "DI_DCOGNIT": 3, "DI_SDOWN": 0, "DIS_MULTIP": 3, "DIS_PSICOS": 0, "DV_BAJAVIS": 1, "DIS_CEGUER": 0, "T_ESPECTRO": 0, "T_VOZ_Y_HA": 0, "SISTEMICA": 0, "SORDOCEGUE": 1, "OTRA": 0, "TOT_EST_MA": 12, "AFRODESCEN": 15, "INDIGENAS": 18, "NEGRITUDES": 4, "PALENQUERO": 0, "RAIZALES": 0, "ROM": 0, "TOT_EST_ET": 37, "CAPACID_EX": 3, "DOBLE_EXCE": 0, "TE_ACTFISI": 1, "TE_ARTES": 2, "TE_CNATUR": 0, "TE_CSOCIAL": 0, "TE_LDSOCIA": 0, "TE_TECNOLO": 0, "TOT_EST_CA": 3, "TMATRIC_GE": 806, "Zona": 1 }, "geometry": { "type": "Point", "coordinates": [ -8257833.644999999552965, 511421.279800001531839 ] } },
{ "type": "Feature", "properties": { "NOMBRE_EST": "COLEGIO SIERRA MORENA (IED)", "NOMBRE_SED": "DIVINO NIÑO", "ORDEN_DE_S": "C", "DIRECCION": "TV 46 A # 79 D - 15 SUR", "DISCAPACID": "FISICA-INTELECTUAL-MULTIPLE", "TALENTOS_O": "TALENTO EXCEPCIONAL EN ACTIVIDAD FISICA, EJERCICIO Y DEPORTE-TALENTO EXCEPCIONAL EN ARTES Y LETRAS-TALENTO EXCEPCIONAL EN TECNOLOGIA", "GRUPOS_ETN": "AFRODESCENDIENTES-INDIGENAS", "SECTOR": 2, "NATU_JUR": 9, "CALENDARIO": 1, "GENERO": 5, "COD_LOCA": "19", "ESPECIALID": 13, "CLASE_TIPO": 1, "BILINGUE": 5, "FECHA": "2024-04-30", "DANE12_EST": "111001086835", "DANE12_SED": "111001044423", "DA_HIPOACU": 0, "DA_SORDERA": 0, "DA_LENGUAS": 0, "DA_UCASTEL": 0, "DISCAP_FIS": 1, "DISCAP_FLE": 0, "DISCAP_PCE": 0, "DI_DCOGNIT": 6, "DI_SDOWN": 0, "DIS_MULTIP": 4, "DIS_PSICOS": 0, "DV_BAJAVIS": 0, "DIS_CEGUER": 0, "T_ESPECTRO": 0, "T_VOZ_Y_HA": 0, "SISTEMICA": 0, "SORDOCEGUE": 0, "OTRA": 0, "TOT_EST_MA": 11, "AFRODESCEN": 9, "INDIGENAS": 3, "NEGRITUDES": 1, "PALENQUERO": 0, "RAIZALES": 0, "ROM": 0, "TOT_EST_ET": 13, "CAPACID_EX": 2, "DOBLE_EXCE": 0, "TE_ACTFISI": 2, "TE_ARTES": 0, "TE_CNATUR": 0, "TE_CSOCIAL": 0, "TE_LDSOCIA": 0, "TE_TECNOLO": 0, "TOT_EST_CA": 2, "TMATRIC_GE": 681, "Zona": 1 }, "geometry": { "type": "Point", "coordinates": [ -8256517.642699999734759, 509345.921900000423193 ] } },
{ "type": "Feature", "properties": { "NOMBRE_EST": "COLEGIO SIERRA MORENA (IED)", "NOMBRE_SED": "SIERRA MORENA D", "ORDEN_DE_S": "D", "DIRECCION": "CL 81 SUR # 46 A - 35", "DISCAPACID": "INTELECTUAL-MULTIPLE", "TALENTOS_O": "TALENTO EXCEPCIONAL EN ACTIVIDAD FISICA, EJERCICIO Y DEPORTE", "GRUPOS_ETN": "AFRODESCENDIENTES-INDIGENAS", "SECTOR": 2, "NATU_JUR": 9, "CALENDARIO": 1, "GENERO": 5, "COD_LOCA": "19", "ESPECIALID": 13, "CLASE_TIPO": 1, "BILINGUE": 5, "FECHA": "2024-04-30", "DANE12_EST": "111001086835", "DANE12_SED": "111001104108", "DA_HIPOACU": 0, "DA_SORDERA": 0, "DA_LENGUAS": 0, "DA_UCASTEL": 0, "DISCAP_FIS": 0, "DISCAP_FLE": 0, "DISCAP_PCE": 0, "DI_DCOGNIT": 5, "DI_SDOWN": 0, "DIS_MULTIP": 1, "DIS_PSICOS": 1, "DV_BAJAVIS": 0, "DIS_CEGUER": 0, "T_ESPECTRO": 0, "T_VOZ_Y_HA": 0, "SISTEMICA": 0, "SORDOCEGUE": 0, "OTRA": 0, "TOT_EST_MA": 7, "AFRODESCEN": 8, "INDIGENAS": 1, "NEGRITUDES": 0, "PALENQUERO": 0, "RAIZALES": 0, "ROM": 0, "TOT_EST_ET": 9, "CAPACID_EX": 0, "DOBLE_EXCE": 0, "TE_ACTFISI": 0, "TE_ARTES": 0, "TE_CNATUR": 0, "TE_CSOCIAL": 0, "TE_LDSOCIA": 0, "TE_TECNOLO": 0, "TOT_EST_CA": 0, "TMATRIC_GE": 448, "Zona": 1 }, "geometry": { "type": "Point", "coordinates": [ -8256576.028599999845028, 509449.636500000953674 ] } },
{ "type": "Feature", "properties": { "NOMBRE_EST": "COLEGIO LA ESTANCIA - SAN ISIDRO LABRADOR (IED)", "NOMBRE_SED": "LA ESTANCIA", "ORDEN_DE_S": "A", "DIRECCION": "CL 59 A SUR # 75 B - 75", "DISCAPACID": "AUDITIVA-FISICA-INTELECTUAL-MENTAL/PSICOSOCIAL-MULTIPLE-VISUAL", "TALENTOS_O": "TALENTO EXCEPCIONAL EN ARTES Y LETRAS-TALENTO EXCEPCIONAL EN LIDERAZGO SOCIAL Y EMPRENDIMIENTO-TALENTO EXCEPCIONAL EN TECNOLOGIA", "GRUPOS_ETN": "AFRODESCENDIENTES-INDIGENAS-NEGRITUDES", "SECTOR": 2, "NATU_JUR": 9, "CALENDARIO": 1, "GENERO": 5, "COD_LOCA": "19", "ESPECIALID": 1, "CLASE_TIPO": 1, "BILINGUE": 5, "FECHA": "2024-04-30", "DANE12_EST": "111001092410", "DANE12_SED": "111001092410", "DA_HIPOACU": 5, "DA_SORDERA": 0, "DA_LENGUAS": 0, "DA_UCASTEL": 0, "DISCAP_FIS": 4, "DISCAP_FLE": 0, "DISCAP_PCE": 0, "DI_DCOGNIT": 32, "DI_SDOWN": 0, "DIS_MULTIP": 2, "DIS_PSICOS": 2, "DV_BAJAVIS": 2, "DIS_CEGUER": 0, "T_ESPECTRO": 0, "T_VOZ_Y_HA": 0, "SISTEMICA": 0, "SORDOCEGUE": 0, "OTRA": 0, "TOT_EST_MA": 47, "AFRODESCEN": 17, "INDIGENAS": 9, "NEGRITUDES": 2, "PALENQUERO": 0, "RAIZALES": 0, "ROM": 0, "TOT_EST_ET": 28, "CAPACID_EX": 2, "DOBLE_EXCE": 0, "TE_ACTFISI": 1, "TE_ARTES": 1, "TE_CNATUR": 0, "TE_CSOCIAL": 0, "TE_LDSOCIA": 0, "TE_TECNOLO": 0, "TOT_EST_CA": 2, "TMATRIC_GE": 1938, "Zona": 1 }, "geometry": { "type": "Point", "coordinates": [ -8257244.967499999329448, 511804.98759999871254 ] } },
{ "type": "Feature", "properties": { "NOMBRE_EST": "COLEGIO LA ESTANCIA - SAN ISIDRO LABRADOR (IED)", "NOMBRE_SED": "SAN ISIDRO LABRADOR", "ORDEN_DE_S": "B", "DIRECCION": "KR 77 C # 59 A - 15 SUR", "DISCAPACID": "FISICA-INTELECTUAL-MULTIPLE", "TALENTOS_O": "CAPACIDADES EXCEPCIONALES-TALENTO EXCEPCIONAL EN ACTIVIDAD FISICA, EJERCICIO Y DEPORTE-TALENTO EXCEPCIONAL EN ARTES Y LETRAS-TALENTO EXCEPCIONAL EN LIDERAZGO SOCIAL Y EMPRENDIMIENTO", "GRUPOS_ETN": "AFRODESCENDIENTES-INDIGENAS", "SECTOR": 2, "NATU_JUR": 9, "CALENDARIO": 1, "GENERO": 5, "COD_LOCA": "19", "ESPECIALID": 13, "CLASE_TIPO": 1, "BILINGUE": 5, "FECHA": "2024-04-30", "DANE12_EST": "111001092410", "DANE12_SED": "111001075221", "DA_HIPOACU": 2, "DA_SORDERA": 0, "DA_LENGUAS": 0, "DA_UCASTEL": 0, "DISCAP_FIS": 1, "DISCAP_FLE": 0, "DISCAP_PCE": 0, "DI_DCOGNIT": 8, "DI_SDOWN": 0, "DIS_MULTIP": 1, "DIS_PSICOS": 0, "DV_BAJAVIS": 1, "DIS_CEGUER": 0, "T_ESPECTRO": 0, "T_VOZ_Y_HA": 0, "SISTEMICA": 0, "SORDOCEGUE": 0, "OTRA": 0, "TOT_EST_MA": 13, "AFRODESCEN": 5, "INDIGENAS": 1, "NEGRITUDES": 0, "PALENQUERO": 0, "RAIZALES": 0, "ROM": 0, "TOT_EST_ET": 6, "CAPACID_EX": 0, "DOBLE_EXCE": 0, "TE_ACTFISI": 0, "TE_ARTES": 0, "TE_CNATUR": 0, "TE_CSOCIAL": 0, "TE_LDSOCIA": 0, "TE_TECNOLO": 0, "TOT_EST_CA": 0, "TMATRIC_GE": 518, "Zona": 1 }, "geometry": { "type": "Point", "coordinates": [ -8257893.888900000602007, 511697.123100001364946 ] } },
{ "type": "Feature", "properties": { "NOMBRE_EST": "COLEGIO CIUDAD BOLIVAR - ARGENTINA (IED)", "NOMBRE_SED": "CIUDAD BOLIVAR", "ORDEN_DE_S": "A", "DIRECCION": "CL 70 SUR # 56 - 45", "DISCAPACID": "AUDITIVA-FISICA-INTELECTUAL-MENTAL/PSICOSOCIAL-MULTIPLE-VISUAL", "TALENTOS_O": "CAPACIDADES EXCEPCIONALES-TALENTO EXCEPCIONAL EN ACTIVIDAD FISICA, EJERCICIO Y DEPORTE-TALENTO EXCEPCIONAL EN ARTES Y LETRAS-TALENTO EXCEPCIONAL EN CIENCIAS NATURALES O BASICAS-TALENTO EXCEPCIONAL EN CIENCIAS SOCIALES O HUMANAS-TALENTO EXCEPCIONAL EN LID", "GRUPOS_ETN": "AFRODESCENDIENTES-INDIGENAS-NEGRITUDES", "SECTOR": 2, "NATU_JUR": 9, "CALENDARIO": 1, "GENERO": 5, "COD_LOCA": "19", "ESPECIALID": 1, "CLASE_TIPO": 1, "BILINGUE": 5, "FECHA": "2024-04-30", "DANE12_EST": "111001096555", "DANE12_SED": "111001096555", "DA_HIPOACU": 0, "DA_SORDERA": 0, "DA_LENGUAS": 0, "DA_UCASTEL": 0, "DISCAP_FIS": 3, "DISCAP_FLE": 0, "DISCAP_PCE": 0, "DI_DCOGNIT": 26, "DI_SDOWN": 0, "DIS_MULTIP": 8, "DIS_PSICOS": 3, "DV_BAJAVIS": 1, "DIS_CEGUER": 0, "T_ESPECTRO": 0, "T_VOZ_Y_HA": 0, "SISTEMICA": 0, "SORDOCEGUE": 0, "OTRA": 0, "TOT_EST_MA": 42, "AFRODESCEN": 11, "INDIGENAS": 8, "NEGRITUDES": 2, "PALENQUERO": 0, "RAIZALES": 0, "ROM": 0, "TOT_EST_ET": 21, "CAPACID_EX": 0, "DOBLE_EXCE": 0, "TE_ACTFISI": 0, "TE_ARTES": 0, "TE_CNATUR": 0, "TE_CSOCIAL": 0, "TE_LDSOCIA": 0, "TE_TECNOLO": 0, "TOT_EST_CA": 0, "TMATRIC_GE": 1629, "Zona": 1 }, "geometry": { "type": "Point", "coordinates": [ -8256003.946599999442697, 510195.733600001782179 ] } },
{ "type": "Feature", "properties": { "NOMBRE_EST": "COLEGIO CIUDAD BOLIVAR - ARGENTINA (IED)", "NOMBRE_SED": "ARGENTINA LA NUEVA", "ORDEN_DE_S": "B", "DIRECCION": "CL 72 SUR # 47 B - 09", "DISCAPACID": "FISICA-INTELECTUAL-MULTIPLE", "TALENTOS_O": "TALENTO EXCEPCIONAL EN ARTES Y LETRAS", "GRUPOS_ETN": "AFRODESCENDIENTES-INDIGENAS-NEGRITUDES", "SECTOR": 2, "NATU_JUR": 9, "CALENDARIO": 1, "GENERO": 5, "COD_LOCA": "19", "ESPECIALID": 13, "CLASE_TIPO": 1, "BILINGUE": 5, "FECHA": "2024-04-30", "DANE12_EST": "111001096555", "DANE12_SED": "111001045721", "DA_HIPOACU": 0, "DA_SORDERA": 0, "DA_LENGUAS": 0, "DA_UCASTEL": 0, "DISCAP_FIS": 1, "DISCAP_FLE": 0, "DISCAP_PCE": 0, "DI_DCOGNIT": 2, "DI_SDOWN": 0, "DIS_MULTIP": 4, "DIS_PSICOS": 0, "DV_BAJAVIS": 0, "DIS_CEGUER": 0, "T_ESPECTRO": 0, "T_VOZ_Y_HA": 0, "SISTEMICA": 0, "SORDOCEGUE": 0, "OTRA": 0, "TOT_EST_MA": 7, "AFRODESCEN": 7, "INDIGENAS": 1, "NEGRITUDES": 2, "PALENQUERO": 0, "RAIZALES": 0, "ROM": 0, "TOT_EST_ET": 10, "CAPACID_EX": 0, "DOBLE_EXCE": 0, "TE_ACTFISI": 0, "TE_ARTES": 0, "TE_CNATUR": 0, "TE_CSOCIAL": 0, "TE_LDSOCIA": 0, "TE_TECNOLO": 0, "TOT_EST_CA": 0, "TMATRIC_GE": 360, "Zona": 1 }, "geometry": { "type": "Point", "coordinates": [ -8255698.310100000351667, 509640.889499999582767 ] } },
{ "type": "Feature", "properties": { "NOMBRE_EST": "COLEGIO LA JOYA (IED)", "NOMBRE_SED": "LA JOYA", "ORDEN_DE_S": "A", "DIRECCION": "CL 80 A SUR # 18 C - 70", "DISCAPACID": "AUDITIVA-FISICA-INTELECTUAL-MENTAL/PSICOSOCIAL-SORDOCEGUERA", "TALENTOS_O": "TALENTO EXCEPCIONAL EN ACTIVIDAD FISICA, EJERCICIO Y DEPORTE-TALENTO EXCEPCIONAL EN ARTES Y LETRAS", "GRUPOS_ETN": "AFRODESCENDIENTES-INDIGENAS-NEGRITUDES-PALENQUEROS", "SECTOR": 2, "NATU_JUR": 9, "CALENDARIO": 1, "GENERO": 5, "COD_LOCA": "19", "ESPECIALID": 1, "CLASE_TIPO": 1, "BILINGUE": 5, "FECHA": "2024-04-30", "DANE12_EST": "111001098973", "DANE12_SED": "111001098973", "DA_HIPOACU": 0, "DA_SORDERA": 0, "DA_LENGUAS": 0, "DA_UCASTEL": 0, "DISCAP_FIS": 4, "DISCAP_FLE": 0, "DISCAP_PCE": 0, "DI_DCOGNIT": 21, "DI_SDOWN": 0, "DIS_MULTIP": 4, "DIS_PSICOS": 1, "DV_BAJAVIS": 1, "DIS_CEGUER": 0, "T_ESPECTRO": 0, "T_VOZ_Y_HA": 0, "SISTEMICA": 0, "SORDOCEGUE": 2, "OTRA": 0, "TOT_EST_MA": 33, "AFRODESCEN": 7, "INDIGENAS": 2, "NEGRITUDES": 3, "PALENQUERO": 2, "RAIZALES": 0, "ROM": 0, "TOT_EST_ET": 14, "CAPACID_EX": 2, "DOBLE_EXCE": 0, "TE_ACTFISI": 1, "TE_ARTES": 0, "TE_CNATUR": 0, "TE_CSOCIAL": 0, "TE_LDSOCIA": 0, "TE_TECNOLO": 1, "TOT_EST_CA": 2, "TMATRIC_GE": 940, "Zona": 1 }, "geometry": { "type": "Point", "coordinates": [ -8253850.768300000578165, 505555.745900001376867 ] } },
{ "type": "Feature", "properties": { "NOMBRE_EST": "COLEGIO BUENAVISTA (IED)", "NOMBRE_SED": "COLEGIO BUENAVISTA (IED) - SEDE PRINCIPAL", "ORDEN_DE_S": "A", "DIRECCION": "KR 17 F # 77 - 75 SUR", "DISCAPACID": "AUDITIVA-FISICA-INTELECTUAL-MULTIPLE-SORDOCEGUERA", "TALENTOS_O": "TALENTO EXCEPCIONAL EN ACTIVIDAD FISICA, EJERCICIO Y DEPORTE-TALENTO EXCEPCIONAL EN LIDERAZGO SOCIAL Y EMPRENDIMIENTO", "GRUPOS_ETN": "INDIGENAS-NEGRITUDES", "SECTOR": 2, "NATU_JUR": 9, "CALENDARIO": 1, "GENERO": 5, "COD_LOCA": "19", "ESPECIALID": 1, "CLASE_TIPO": 2, "BILINGUE": 5, "FECHA": "2024-04-30", "DANE12_EST": "111001100013", "DANE12_SED": "111001100013", "DA_HIPOACU": 4, "DA_SORDERA": 0, "DA_LENGUAS": 0, "DA_UCASTEL": 0, "DISCAP_FIS": 0, "DISCAP_FLE": 0, "DISCAP_PCE": 0, "DI_DCOGNIT": 10, "DI_SDOWN": 0, "DIS_MULTIP": 6, "DIS_PSICOS": 0, "DV_BAJAVIS": 0, "DIS_CEGUER": 0, "T_ESPECTRO": 0, "T_VOZ_Y_HA": 0, "SISTEMICA": 0, "SORDOCEGUE": 1, "OTRA": 0, "TOT_EST_MA": 21, "AFRODESCEN": 3, "INDIGENAS": 5, "NEGRITUDES": 0, "PALENQUERO": 0, "RAIZALES": 0, "ROM": 0, "TOT_EST_ET": 8, "CAPACID_EX": 1, "DOBLE_EXCE": 0, "TE_ACTFISI": 0, "TE_ARTES": 1, "TE_CNATUR": 0, "TE_CSOCIAL": 0, "TE_LDSOCIA": 0, "TE_TECNOLO": 0, "TOT_EST_CA": 1, "TMATRIC_GE": 1149, "Zona": 1 }, "geometry": { "type": "Point", "coordinates": [ -8253152.121600000187755, 505962.388000000268221 ] } },
{ "type": "Feature", "properties": { "NOMBRE_EST": "COLEGIO GIMNASIO SABIO CALDAS (IED)", "NOMBRE_SED": "COLEGIO GIMNASIO SABIO CALDAS (IED) - SEDE PRINCIPAL", "ORDEN_DE_S": "A", "DIRECCION": "KR 42 # 73 A - 10 SUR", "DISCAPACID": "FISICA-INTELECTUAL-MENTAL/PSICOSOCIAL", "TALENTOS_O": "TALENTO EXCEPCIONAL EN ACTIVIDAD FISICA, EJERCICIO Y DEPORTE-TALENTO EXCEPCIONAL EN ARTES Y LETRAS-TALENTO EXCEPCIONAL EN LIDERAZGO SOCIAL Y EMPRENDIMIENTO", "GRUPOS_ETN": "INDIGENAS", "SECTOR": 2, "NATU_JUR": 9, "CALENDARIO": 1, "GENERO": 5, "COD_LOCA": "19", "ESPECIALID": 1, "CLASE_TIPO": 2, "BILINGUE": 5, "FECHA": "2024-04-30", "DANE12_EST": "111001100021", "DANE12_SED": "111001100021", "DA_HIPOACU": 0, "DA_SORDERA": 0, "DA_LENGUAS": 0, "DA_UCASTEL": 0, "DISCAP_FIS": 3, "DISCAP_FLE": 0, "DISCAP_PCE": 0, "DI_DCOGNIT": 6, "DI_SDOWN": 0, "DIS_MULTIP": 2, "DIS_PSICOS": 1, "DV_BAJAVIS": 0, "DIS_CEGUER": 0, "T_ESPECTRO": 0, "T_VOZ_Y_HA": 0, "SISTEMICA": 0, "SORDOCEGUE": 0, "OTRA": 0, "TOT_EST_MA": 12, "AFRODESCEN": 1, "INDIGENAS": 6, "NEGRITUDES": 0, "PALENQUERO": 0, "RAIZALES": 0, "ROM": 0, "TOT_EST_ET": 7, "CAPACID_EX": 0, "DOBLE_EXCE": 0, "TE_ACTFISI": 0, "TE_ARTES": 0, "TE_CNATUR": 0, "TE_CSOCIAL": 0, "TE_LDSOCIA": 0, "TE_TECNOLO": 0, "TOT_EST_CA": 0, "TMATRIC_GE": 1006, "Zona": 1 }, "geometry": { "type": "Point", "coordinates": [ -8255870.889799999073148, 509040.674899999052286 ] } },
{ "type": "Feature", "properties": { "NOMBRE_EST": "COLEGIO JOSE MARIA VARGAS VILA (IED)", "NOMBRE_SED": "JOSE MARIA VARGAS VILA", "ORDEN_DE_S": "A", "DIRECCION": "DG 74 B BIS SUR # 26 C - 12", "DISCAPACID": "FISICA-INTELECTUAL-MULTIPLE-VISUAL", "TALENTOS_O": "CAPACIDADES EXCEPCIONALES-TALENTO EXCEPCIONAL EN ACTIVIDAD FISICA, EJERCICIO Y DEPORTE-TALENTO EXCEPCIONAL EN ARTES Y LETRAS-TALENTO EXCEPCIONAL EN CIENCIAS SOCIALES O HUMANAS", "GRUPOS_ETN": "AFRODESCENDIENTES-INDIGENAS-NEGRITUDES", "SECTOR": 2, "NATU_JUR": 9, "CALENDARIO": 1, "GENERO": 5, "COD_LOCA": "19", "ESPECIALID": 1, "CLASE_TIPO": 1, "BILINGUE": 5, "FECHA": "2024-04-30", "DANE12_EST": "111001107115", "DANE12_SED": "111001107115", "DA_HIPOACU": 0, "DA_SORDERA": 0, "DA_LENGUAS": 0, "DA_UCASTEL": 0, "DISCAP_FIS": 3, "DISCAP_FLE": 0, "DISCAP_PCE": 0, "DI_DCOGNIT": 60, "DI_SDOWN": 0, "DIS_MULTIP": 9, "DIS_PSICOS": 0, "DV_BAJAVIS": 13, "DIS_CEGUER": 0, "T_ESPECTRO": 0, "T_VOZ_Y_HA": 0, "SISTEMICA": 0, "SORDOCEGUE": 0, "OTRA": 0, "TOT_EST_MA": 86, "AFRODESCEN": 68, "INDIGENAS": 34, "NEGRITUDES": 13, "PALENQUERO": 0, "RAIZALES": 0, "ROM": 0, "TOT_EST_ET": 115, "CAPACID_EX": 0, "DOBLE_EXCE": 0, "TE_ACTFISI": 0, "TE_ARTES": 0, "TE_CNATUR": 0, "TE_CSOCIAL": 0, "TE_LDSOCIA": 0, "TE_TECNOLO": 0, "TOT_EST_CA": 0, "TMATRIC_GE": 3002, "Zona": 1 }, "geometry": { "type": "Point", "coordinates": [ -8255598.120300000533462, 506181.572500001639128 ] } },
{ "type": "Feature", "properties": { "NOMBRE_EST": "COLEGIO CUNDINAMARCA (IED)", "NOMBRE_SED": "CUNDINAMARCA", "ORDEN_DE_S": "A", "DIRECCION": "CL 60 A SUR # 73 - 41", "DISCAPACID": "AUDITIVA-FISICA-INTELECTUAL-MENTAL/PSICOSOCIAL-MULTIPLE-VISUAL", "TALENTOS_O": "TALENTO EXCEPCIONAL EN ACTIVIDAD FISICA, EJERCICIO Y DEPORTE-TALENTO EXCEPCIONAL EN ARTES Y LETRAS-TALENTO EXCEPCIONAL EN CIENCIAS NATURALES O BASICAS-TALENTO EXCEPCIONAL EN LIDERAZGO SOCIAL Y EMPRENDIMIENTO", "GRUPOS_ETN": "AFRODESCENDIENTES-INDIGENAS-NEGRITUDES", "SECTOR": 2, "NATU_JUR": 9, "CALENDARIO": 1, "GENERO": 5, "COD_LOCA": "19", "ESPECIALID": 1, "CLASE_TIPO": 1, "BILINGUE": 5, "FECHA": "2024-04-30", "DANE12_EST": "111001107816", "DANE12_SED": "111001107816", "DA_HIPOACU": 3, "DA_SORDERA": 0, "DA_LENGUAS": 0, "DA_UCASTEL": 0, "DISCAP_FIS": 13, "DISCAP_FLE": 0, "DISCAP_PCE": 0, "DI_DCOGNIT": 48, "DI_SDOWN": 0, "DIS_MULTIP": 16, "DIS_PSICOS": 8, "DV_BAJAVIS": 1, "DIS_CEGUER": 0, "T_ESPECTRO": 0, "T_VOZ_Y_HA": 0, "SISTEMICA": 0, "SORDOCEGUE": 0, "OTRA": 0, "TOT_EST_MA": 89, "AFRODESCEN": 18, "INDIGENAS": 27, "NEGRITUDES": 6, "PALENQUERO": 0, "RAIZALES": 0, "ROM": 0, "TOT_EST_ET": 51, "CAPACID_EX": 1, "DOBLE_EXCE": 0, "TE_ACTFISI": 1, "TE_ARTES": 0, "TE_CNATUR": 0, "TE_CSOCIAL": 0, "TE_LDSOCIA": 0, "TE_TECNOLO": 0, "TOT_EST_CA": 1, "TMATRIC_GE": 3556, "Zona": 1 }, "geometry": { "type": "Point", "coordinates": [ -8253036.90819999948144, 508374.537799999117851 ] } },
{ "type": "Feature", "properties": { "NOMBRE_EST": "COLEGIO ANTONIO GARCIA (IED)", "NOMBRE_SED": "ANTONIO GARCIA", "ORDEN_DE_S": "A", "DIRECCION": "KR 17 F # 73 A - 31 SUR", "DISCAPACID": "AUDITIVA-FISICA-INTELECTUAL-MENTAL/PSICOSOCIAL-MULTIPLE", "TALENTOS_O": "CAPACIDADES EXCEPCIONALES-TALENTO EXCEPCIONAL EN ACTIVIDAD FISICA, EJERCICIO Y DEPORTE-TALENTO EXCEPCIONAL EN CIENCIAS SOCIALES O HUMANAS-TALENTO EXCEPCIONAL EN TECNOLOGIA", "GRUPOS_ETN": "AFRODESCENDIENTES-INDIGENAS", "SECTOR": 2, "NATU_JUR": 9, "CALENDARIO": 1, "GENERO": 5, "COD_LOCA": "19", "ESPECIALID": 1, "CLASE_TIPO": 1, "BILINGUE": 5, "FECHA": "2024-04-30", "DANE12_EST": "111001107859", "DANE12_SED": "111001107859", "DA_HIPOACU": 3, "DA_SORDERA": 0, "DA_LENGUAS": 0, "DA_UCASTEL": 0, "DISCAP_FIS": 4, "DISCAP_FLE": 0, "DISCAP_PCE": 0, "DI_DCOGNIT": 73, "DI_SDOWN": 0, "DIS_MULTIP": 7, "DIS_PSICOS": 4, "DV_BAJAVIS": 0, "DIS_CEGUER": 0, "T_ESPECTRO": 0, "T_VOZ_Y_HA": 0, "SISTEMICA": 0, "SORDOCEGUE": 1, "OTRA": 0, "TOT_EST_MA": 92, "AFRODESCEN": 13, "INDIGENAS": 9, "NEGRITUDES": 1, "PALENQUERO": 0, "RAIZALES": 0, "ROM": 0, "TOT_EST_ET": 23, "CAPACID_EX": 4, "DOBLE_EXCE": 0, "TE_ACTFISI": 2, "TE_ARTES": 0, "TE_CNATUR": 0, "TE_CSOCIAL": 0, "TE_LDSOCIA": 0, "TE_TECNOLO": 1, "TOT_EST_CA": 4, "TMATRIC_GE": 2646, "Zona": 1 }, "geometry": { "type": "Point", "coordinates": [ -8253134.503100000321865, 506406.1886 ] } },
{ "type": "Feature", "properties": { "NOMBRE_EST": "COLEGIO FANNY MIKEY (IED)", "NOMBRE_SED": "FANNY MIKEY", "ORDEN_DE_S": "A", "DIRECCION": "KR 18 N # 70 A - 51 SUR", "DISCAPACID": "AUDITIVA-FISICA-INTELECTUAL-MENTAL/PSICOSOCIAL-MULTIPLE", "TALENTOS_O": "CAPACIDADES EXCEPCIONALES-TALENTO EXCEPCIONAL EN ACTIVIDAD FISICA, EJERCICIO Y DEPORTE-TALENTO EXCEPCIONAL EN ARTES Y LETRAS-TALENTO EXCEPCIONAL EN CIENCIAS NATURALES O BASICAS", "GRUPOS_ETN": "AFRODESCENDIENTES-INDIGENAS-NEGRITUDES", "SECTOR": 2, "NATU_JUR": 9, "CALENDARIO": 1, "GENERO": 5, "COD_LOCA": "19", "ESPECIALID": 1, "CLASE_TIPO": 1, "BILINGUE": 5, "FECHA": "2024-04-30", "DANE12_EST": "111001109304", "DANE12_SED": "111001109304", "DA_HIPOACU": 0, "DA_SORDERA": 0, "DA_LENGUAS": 0, "DA_UCASTEL": 0, "DISCAP_FIS": 1, "DISCAP_FLE": 0, "DISCAP_PCE": 0, "DI_DCOGNIT": 33, "DI_SDOWN": 0, "DIS_MULTIP": 10, "DIS_PSICOS": 0, "DV_BAJAVIS": 1, "DIS_CEGUER": 0, "T_ESPECTRO": 0, "T_VOZ_Y_HA": 0, "SISTEMICA": 0, "SORDOCEGUE": 0, "OTRA": 0, "TOT_EST_MA": 46, "AFRODESCEN": 22, "INDIGENAS": 110, "NEGRITUDES": 3, "PALENQUERO": 0, "RAIZALES": 0, "ROM": 0, "TOT_EST_ET": 135, "CAPACID_EX": 0, "DOBLE_EXCE": 0, "TE_ACTFISI": 0, "TE_ARTES": 0, "TE_CNATUR": 0, "TE_CSOCIAL": 0, "TE_LDSOCIA": 0, "TE_TECNOLO": 0, "TOT_EST_CA": 0, "TMATRIC_GE": 1885, "Zona": 1 }, "geometry": { "type": "Point", "coordinates": [ -8254662.512199999764562, 506981.722600001841784 ] } },
{ "type": "Feature", "properties": { "NOMBRE_EST": "COLEGIO EL ENSUEÑO (IED)", "NOMBRE_SED": "COLEGIO EL ENSUEÑO (IED) - SEDE PRINCIPAL", "ORDEN_DE_S": "A", "DIRECCION": "CL 68 SUR # 69 - 80/82", "DISCAPACID": "AUDITIVA-FISICA-INTELECTUAL-MULTIPLE", "TALENTOS_O": "TALENTO EXCEPCIONAL EN ACTIVIDAD FISICA, EJERCICIO Y DEPORTE", "GRUPOS_ETN": "AFRODESCENDIENTES-INDIGENAS-RAIZALES", "SECTOR": 2, "NATU_JUR": 9, "CALENDARIO": 1, "GENERO": 5, "COD_LOCA": "19", "ESPECIALID": 1, "CLASE_TIPO": 2, "BILINGUE": 5, "FECHA": "2024-04-30", "DANE12_EST": "111001800414", "DANE12_SED": "111001800414", "DA_HIPOACU": 2, "DA_SORDERA": 0, "DA_LENGUAS": 0, "DA_UCASTEL": 0, "DISCAP_FIS": 1, "DISCAP_FLE": 0, "DISCAP_PCE": 0, "DI_DCOGNIT": 11, "DI_SDOWN": 0, "DIS_MULTIP": 9, "DIS_PSICOS": 0, "DV_BAJAVIS": 0, "DIS_CEGUER": 0, "T_ESPECTRO": 0, "T_VOZ_Y_HA": 0, "SISTEMICA": 0, "SORDOCEGUE": 0, "OTRA": 0, "TOT_EST_MA": 23, "AFRODESCEN": 6, "INDIGENAS": 3, "NEGRITUDES": 0, "PALENQUERO": 0, "RAIZALES": 1, "ROM": 0, "TOT_EST_ET": 10, "CAPACID_EX": 2, "DOBLE_EXCE": 0, "TE_ACTFISI": 1, "TE_ARTES": 1, "TE_CNATUR": 0, "TE_CSOCIAL": 0, "TE_LDSOCIA": 0, "TE_TECNOLO": 0, "TOT_EST_CA": 2, "TMATRIC_GE": 1040, "Zona": 1 }, "geometry": { "type": "Point", "coordinates": [ -8255337.744000000879169, 510818.361099999397993 ] } },
{ "type": "Feature", "properties": { "NOMBRE_EST": "COLEGIO ROGELIO SALMONA (IED)", "NOMBRE_SED": "COLEGIO ROGELIO SALMONA (IED) - SEDE PRINCIPAL", "ORDEN_DE_S": "A", "DIRECCION": "CL 59 SUR # 65 - 42", "DISCAPACID": "FISICA-INTELECTUAL-MULTIPLE", "TALENTOS_O": "TALENTO EXCEPCIONAL EN ACTIVIDAD FISICA, EJERCICIO Y DEPORTE-TALENTO EXCEPCIONAL EN ARTES Y LETRAS-TALENTO EXCEPCIONAL EN CIENCIAS NATURALES O BASICAS-TALENTO EXCEPCIONAL EN LIDERAZGO SOCIAL Y EMPRENDIMIENTO", "GRUPOS_ETN": "AFRODESCENDIENTES-INDIGENAS-NEGRITUDES-RAIZALES", "SECTOR": 2, "NATU_JUR": 9, "CALENDARIO": 1, "GENERO": 5, "COD_LOCA": "19", "ESPECIALID": 1, "CLASE_TIPO": 2, "BILINGUE": 5, "FECHA": "2024-04-30", "DANE12_EST": "111001800422", "DANE12_SED": "111001800422", "DA_HIPOACU": 0, "DA_SORDERA": 0, "DA_LENGUAS": 0, "DA_UCASTEL": 0, "DISCAP_FIS": 2, "DISCAP_FLE": 0, "DISCAP_PCE": 0, "DI_DCOGNIT": 10, "DI_SDOWN": 0, "DIS_MULTIP": 3, "DIS_PSICOS": 0, "DV_BAJAVIS": 0, "DIS_CEGUER": 0, "T_ESPECTRO": 0, "T_VOZ_Y_HA": 0, "SISTEMICA": 0, "SORDOCEGUE": 0, "OTRA": 0, "TOT_EST_MA": 15, "AFRODESCEN": 3, "INDIGENAS": 9, "NEGRITUDES": 1, "PALENQUERO": 0, "RAIZALES": 1, "ROM": 0, "TOT_EST_ET": 14, "CAPACID_EX": 0, "DOBLE_EXCE": 0, "TE_ACTFISI": 0, "TE_ARTES": 0, "TE_CNATUR": 0, "TE_CSOCIAL": 0, "TE_LDSOCIA": 0, "TE_TECNOLO": 0, "TOT_EST_CA": 0, "TMATRIC_GE": 1575, "Zona": 1 }, "geometry": { "type": "Point", "coordinates": [ -8254894.699100000783801, 511203.805799998342991 ] } },
{ "type": "Feature", "properties": { "NOMBRE_EST": "COLEGIO ANGELA RESTREPO MORENO (IED)", "NOMBRE_SED": "COLEGIO ANGELA RESTREPO MORENO (IED) - SEDE PRINCIPAL", "ORDEN_DE_S": "A", "DIRECCION": "CL 69 SUR # 71 G - 12", "DISCAPACID": "INTELECTUAL-MULTIPLE-VISUAL", "TALENTOS_O": "TALENTO EXCEPCIONAL EN ACTIVIDAD FISICA, EJERCICIO Y DEPORTE-TALENTO EXCEPCIONAL EN ARTES Y LETRAS", "GRUPOS_ETN": "AFRODESCENDIENTES-INDIGENAS-NEGRITUDES", "SECTOR": 2, "NATU_JUR": 9, "CALENDARIO": 1, "GENERO": 5, "COD_LOCA": "19", "ESPECIALID": 1, "CLASE_TIPO": 2, "BILINGUE": 5, "FECHA": "2024-04-30", "DANE12_EST": "111001800571", "DANE12_SED": "111001800571", "DA_HIPOACU": 0, "DA_SORDERA": 0, "DA_LENGUAS": 0, "DA_UCASTEL": 0, "DISCAP_FIS": 0, "DISCAP_FLE": 0, "DISCAP_PCE": 0, "DI_DCOGNIT": 5, "DI_SDOWN": 0, "DIS_MULTIP": 3, "DIS_PSICOS": 0, "DV_BAJAVIS": 1, "DIS_CEGUER": 0, "T_ESPECTRO": 0, "T_VOZ_Y_HA": 0, "SISTEMICA": 0, "SORDOCEGUE": 0, "OTRA": 0, "TOT_EST_MA": 9, "AFRODESCEN": 2, "INDIGENAS": 3, "NEGRITUDES": 1, "PALENQUERO": 0, "RAIZALES": 0, "ROM": 0, "TOT_EST_ET": 6, "CAPACID_EX": 0, "DOBLE_EXCE": 0, "TE_ACTFISI": 0, "TE_ARTES": 0, "TE_CNATUR": 0, "TE_CSOCIAL": 0, "TE_LDSOCIA": 0, "TE_TECNOLO": 0, "TOT_EST_CA": 0, "TMATRIC_GE": 1033, "Zona": 1 }, "geometry": { "type": "Point", "coordinates": [ -8255929.853499999269843, 510677.016600001603365 ] } },
{ "type": "Feature", "properties": { "NOMBRE_EST": "COLEGIO EL NOGAL (IED)", "NOMBRE_SED": "COLEGIO EL NOGAL (IED) - SEDE PRINCIPAL", "ORDEN_DE_S": "A", "DIRECCION": "TV 54 # 71 - 09 SUR", "DISCAPACID": "FISICA-INTELECTUAL-MENTAL/PSICOSOCIAL-MULTIPLE", "TALENTOS_O": null, "GRUPOS_ETN": "AFRODESCENDIENTES-NEGRITUDES", "SECTOR": 2, "NATU_JUR": 9, "CALENDARIO": 1, "GENERO": 5, "COD_LOCA": "19", "ESPECIALID": 1, "CLASE_TIPO": 2, "BILINGUE": 5, "FECHA": "2024-04-30", "DANE12_EST": "111001800635", "DANE12_SED": "111001800635", "DA_HIPOACU": 0, "DA_SORDERA": 0, "DA_LENGUAS": 0, "DA_UCASTEL": 0, "DISCAP_FIS": 0, "DISCAP_FLE": 0, "DISCAP_PCE": 0, "DI_DCOGNIT": 8, "DI_SDOWN": 0, "DIS_MULTIP": 5, "DIS_PSICOS": 3, "DV_BAJAVIS": 0, "DIS_CEGUER": 0, "T_ESPECTRO": 0, "T_VOZ_Y_HA": 0, "SISTEMICA": 0, "SORDOCEGUE": 0, "OTRA": 0, "TOT_EST_MA": 17, "AFRODESCEN": 8, "INDIGENAS": 1, "NEGRITUDES": 3, "PALENQUERO": 0, "RAIZALES": 0, "ROM": 0, "TOT_EST_ET": 12, "CAPACID_EX": 0, "DOBLE_EXCE": 0, "TE_ACTFISI": 0, "TE_ARTES": 0, "TE_CNATUR": 0, "TE_CSOCIAL": 0, "TE_LDSOCIA": 0, "TE_TECNOLO": 0, "TOT_EST_CA": 0, "TMATRIC_GE": 1042, "Zona": 1 }, "geometry": { "type": "Point", "coordinates": [ -8255965.1173, 509990.335999999195337 ] } },
{ "type": "Feature", "properties": { "NOMBRE_EST": "COLEGIO MARIA CURREA MANRIQUE (IED)", "NOMBRE_SED": "COLEGIO MARIA CURREA MANRIQUE (IED)", "ORDEN_DE_S": "A", "DIRECCION": "CL 58 D SUR # 51 - 10", "DISCAPACID": null, "TALENTOS_O": null, "GRUPOS_ETN": null, "SECTOR": 2, "NATU_JUR": 9, "CALENDARIO": 1, "GENERO": 5, "COD_LOCA": "19", "ESPECIALID": 1, "CLASE_TIPO": 1, "BILINGUE": 5, "FECHA": "2024-04-30", "DANE12_EST": "111001801276", "DANE12_SED": "111001801276", "DA_HIPOACU": 0, "DA_SORDERA": 0, "DA_LENGUAS": 0, "DA_UCASTEL": 0, "DISCAP_FIS": 1, "DISCAP_FLE": 0, "DISCAP_PCE": 0, "DI_DCOGNIT": 2, "DI_SDOWN": 0, "DIS_MULTIP": 3, "DIS_PSICOS": 0, "DV_BAJAVIS": 1, "DIS_CEGUER": 0, "T_ESPECTRO": 0, "T_VOZ_Y_HA": 0, "SISTEMICA": 0, "SORDOCEGUE": 0, "OTRA": 0, "TOT_EST_MA": 7, "AFRODESCEN": 0, "INDIGENAS": 0, "NEGRITUDES": 0, "PALENQUERO": 0, "RAIZALES": 0, "ROM": 0, "TOT_EST_ET": 0, "CAPACID_EX": 0, "DOBLE_EXCE": 0, "TE_ACTFISI": 0, "TE_ARTES": 0, "TE_CNATUR": 0, "TE_CSOCIAL": 0, "TE_LDSOCIA": 0, "TE_TECNOLO": 0, "TOT_EST_CA": 0, "TMATRIC_GE": 224, "Zona": 1 }, "geometry": { "type": "Point", "coordinates": [ -8254684.972100000828505, 510554.757699999958277 ] } },
{ "type": "Feature", "properties": { "NOMBRE_EST": "COLEGIO AGUDELO RESTREPO (IED)", "NOMBRE_SED": "COLEGIO AGUDELO RESTREPO (IED)", "ORDEN_DE_S": "A", "DIRECCION": "KR 70 D # 65 - 25 SUR", "DISCAPACID": null, "TALENTOS_O": null, "GRUPOS_ETN": null, "SECTOR": 2, "NATU_JUR": 9, "CALENDARIO": 1, "GENERO": 5, "COD_LOCA": "19", "ESPECIALID": 1, "CLASE_TIPO": 1, "BILINGUE": 5, "FECHA": "2024-04-30", "DANE12_EST": "111001801314", "DANE12_SED": "111001801314", "DA_HIPOACU": 0, "DA_SORDERA": 0, "DA_LENGUAS": 0, "DA_UCASTEL": 0, "DISCAP_FIS": 1, "DISCAP_FLE": 0, "DISCAP_PCE": 0, "DI_DCOGNIT": 1, "DI_SDOWN": 0, "DIS_MULTIP": 1, "DIS_PSICOS": 0, "DV_BAJAVIS": 0, "DIS_CEGUER": 0, "T_ESPECTRO": 0, "T_VOZ_Y_HA": 0, "SISTEMICA": 0, "SORDOCEGUE": 0, "OTRA": 0, "TOT_EST_MA": 3, "AFRODESCEN": 0, "INDIGENAS": 1, "NEGRITUDES": 1, "PALENQUERO": 0, "RAIZALES": 0, "ROM": 0, "TOT_EST_ET": 2, "CAPACID_EX": 0, "DOBLE_EXCE": 0, "TE_ACTFISI": 0, "TE_ARTES": 0, "TE_CNATUR": 0, "TE_CSOCIAL": 0, "TE_LDSOCIA": 0, "TE_TECNOLO": 0, "TOT_EST_CA": 0, "TMATRIC_GE": 912, "Zona": 1 }, "geometry": { "type": "Point", "coordinates": [ -8255742.158800000324845, 511105.589699998497963 ] } },
{ "type": "Feature", "properties": { "NOMBRE_EST": "COLEGIO RURAL PASQUILLA (IED)", "NOMBRE_SED": "RURAL PASQUILLA", "ORDEN_DE_S": "A", "DIRECCION": "KM 5 VIA OLARTE", "DISCAPACID": "AUDITIVA-INTELECTUAL-MENTAL/PSICOSOCIAL-MULTIPLE-VISUAL", "TALENTOS_O": "TALENTO EXCEPCIONAL EN ACTIVIDAD FISICA, EJERCICIO Y DEPORTE-TALENTO EXCEPCIONAL EN CIENCIAS NATURALES O BASICAS-TALENTO EXCEPCIONAL EN LIDERAZGO SOCIAL Y EMPRENDIMIENTO", "GRUPOS_ETN": "INDIGENAS-NEGRITUDES", "SECTOR": 2, "NATU_JUR": 9, "CALENDARIO": 1, "GENERO": 5, "COD_LOCA": "19", "ESPECIALID": 18, "CLASE_TIPO": 1, "BILINGUE": 5, "FECHA": "2024-04-30", "DANE12_EST": "211850001121", "DANE12_SED": "211850001121", "DA_HIPOACU": 0, "DA_SORDERA": 0, "DA_LENGUAS": 0, "DA_UCASTEL": 0, "DISCAP_FIS": 1, "DISCAP_FLE": 0, "DISCAP_PCE": 0, "DI_DCOGNIT": 29, "DI_SDOWN": 0, "DIS_MULTIP": 3, "DIS_PSICOS": 2, "DV_BAJAVIS": 2, "DIS_CEGUER": 0, "T_ESPECTRO": 0, "T_VOZ_Y_HA": 0, "SISTEMICA": 0, "SORDOCEGUE": 0, "OTRA": 0, "TOT_EST_MA": 37, "AFRODESCEN": 2, "INDIGENAS": 2, "NEGRITUDES": 1, "PALENQUERO": 0, "RAIZALES": 0, "ROM": 0, "TOT_EST_ET": 5, "CAPACID_EX": 1, "DOBLE_EXCE": 0, "TE_ACTFISI": 1, "TE_ARTES": 0, "TE_CNATUR": 0, "TE_CSOCIAL": 0, "TE_LDSOCIA": 0, "TE_TECNOLO": 0, "TOT_EST_CA": 1, "TMATRIC_GE": 911, "Zona": 2 }, "geometry": { "type": "Point", "coordinates": [ -8255091.083399999886751, 495275.232200000435114 ] } },
{ "type": "Feature", "properties": { "NOMBRE_EST": "COLEGIO RURAL PASQUILLA (IED)", "NOMBRE_SED": "SANTA BARBARA", "ORDEN_DE_S": "B", "DIRECCION": "KM 12 VIA SAN JUAN DE SUMAPAZ", "DISCAPACID": "INTELECTUAL-MENTAL/PSICOSOCIAL", "TALENTOS_O": null, "GRUPOS_ETN": null, "SECTOR": 2, "NATU_JUR": 9, "CALENDARIO": 1, "GENERO": 5, "COD_LOCA": "19", "ESPECIALID": 13, "CLASE_TIPO": 1, "BILINGUE": 5, "FECHA": "2024-04-30", "DANE12_EST": "211850001121", "DANE12_SED": "211850001155", "DA_HIPOACU": 0, "DA_SORDERA": 0, "DA_LENGUAS": 0, "DA_UCASTEL": 0, "DISCAP_FIS": 0, "DISCAP_FLE": 0, "DISCAP_PCE": 0, "DI_DCOGNIT": 3, "DI_SDOWN": 0, "DIS_MULTIP": 0, "DIS_PSICOS": 0, "DV_BAJAVIS": 0, "DIS_CEGUER": 0, "T_ESPECTRO": 0, "T_VOZ_Y_HA": 0, "SISTEMICA": 0, "SORDOCEGUE": 0, "OTRA": 0, "TOT_EST_MA": 3, "AFRODESCEN": 0, "INDIGENAS": 0, "NEGRITUDES": 0, "PALENQUERO": 0, "RAIZALES": 0, "ROM": 0, "TOT_EST_ET": 0, "CAPACID_EX": 0, "DOBLE_EXCE": 0, "TE_ACTFISI": 0, "TE_ARTES": 0, "TE_CNATUR": 0, "TE_CSOCIAL": 0, "TE_LDSOCIA": 0, "TE_TECNOLO": 0, "TOT_EST_CA": 0, "TMATRIC_GE": 33, "Zona": 2 }, "geometry": { "type": "Point", "coordinates": [ -8254582.2643, 491072.280299998819828 ] } },
{ "type": "Feature", "properties": { "NOMBRE_EST": "COLEGIO RURAL PASQUILLA (IED)", "NOMBRE_SED": "PASQUILLITA", "ORDEN_DE_S": "C", "DIRECCION": "KM 8 VIA PASQUILLA", "DISCAPACID": "FISICA-INTELECTUAL-MULTIPLE", "TALENTOS_O": null, "GRUPOS_ETN": "INDIGENAS", "SECTOR": 2, "NATU_JUR": 9, "CALENDARIO": 1, "GENERO": 5, "COD_LOCA": "19", "ESPECIALID": 13, "CLASE_TIPO": 1, "BILINGUE": 5, "FECHA": "2024-04-30", "DANE12_EST": "211850001121", "DANE12_SED": "211850001139", "DA_HIPOACU": 0, "DA_SORDERA": 0, "DA_LENGUAS": 0, "DA_UCASTEL": 0, "DISCAP_FIS": 0, "DISCAP_FLE": 0, "DISCAP_PCE": 0, "DI_DCOGNIT": 1, "DI_SDOWN": 0, "DIS_MULTIP": 2, "DIS_PSICOS": 0, "DV_BAJAVIS": 0, "DIS_CEGUER": 0, "T_ESPECTRO": 0, "T_VOZ_Y_HA": 0, "SISTEMICA": 0, "SORDOCEGUE": 0, "OTRA": 0, "TOT_EST_MA": 3, "AFRODESCEN": 0, "INDIGENAS": 0, "NEGRITUDES": 0, "PALENQUERO": 0, "RAIZALES": 0, "ROM": 0, "TOT_EST_ET": 0, "CAPACID_EX": 0, "DOBLE_EXCE": 0, "TE_ACTFISI": 0, "TE_ARTES": 0, "TE_CNATUR": 0, "TE_CSOCIAL": 0, "TE_LDSOCIA": 0, "TE_TECNOLO": 0, "TOT_EST_CA": 0, "TMATRIC_GE": 69, "Zona": 2 }, "geometry": { "type": "Point", "coordinates": [ -8254694.837200000882149, 493443.306600000709295 ] } },
{ "type": "Feature", "properties": { "NOMBRE_EST": "COLEGIO RURAL QUIBA ALTA (IED)", "NOMBRE_SED": "RURAL QUIBA ALTA", "ORDEN_DE_S": "A", "DIRECCION": "KM 24 VIA QUIBA", "DISCAPACID": "AUDITIVA-FISICA-INTELECTUAL-MENTAL/PSICOSOCIAL", "TALENTOS_O": null, "GRUPOS_ETN": "AFRODESCENDIENTES-INDIGENAS", "SECTOR": 2, "NATU_JUR": 9, "CALENDARIO": 1, "GENERO": 5, "COD_LOCA": "19", "ESPECIALID": 1, "CLASE_TIPO": 1, "BILINGUE": 5, "FECHA": "2024-04-30", "DANE12_EST": "211850001171", "DANE12_SED": "211850001171", "DA_HIPOACU": 2, "DA_SORDERA": 0, "DA_LENGUAS": 0, "DA_UCASTEL": 0, "DISCAP_FIS": 1, "DISCAP_FLE": 0, "DISCAP_PCE": 0, "DI_DCOGNIT": 14, "DI_SDOWN": 0, "DIS_MULTIP": 1, "DIS_PSICOS": 1, "DV_BAJAVIS": 0, "DIS_CEGUER": 0, "T_ESPECTRO": 0, "T_VOZ_Y_HA": 0, "SISTEMICA": 0, "SORDOCEGUE": 0, "OTRA": 0, "TOT_EST_MA": 19, "AFRODESCEN": 0, "INDIGENAS": 1, "NEGRITUDES": 1, "PALENQUERO": 0, "RAIZALES": 0, "ROM": 0, "TOT_EST_ET": 2, "CAPACID_EX": 0, "DOBLE_EXCE": 0, "TE_ACTFISI": 0, "TE_ARTES": 0, "TE_CNATUR": 0, "TE_CSOCIAL": 0, "TE_LDSOCIA": 0, "TE_TECNOLO": 0, "TOT_EST_CA": 0, "TMATRIC_GE": 622, "Zona": 2 }, "geometry": { "type": "Point", "coordinates": [ -8255983.841199999675155, 502995.514299999922514 ] } },
{ "type": "Feature", "properties": { "NOMBRE_EST": "COLEGIO RURAL QUIBA ALTA (IED)", "NOMBRE_SED": "RURAL QUIBA BAJA", "ORDEN_DE_S": "B", "DIRECCION": "KM 20 VIA QUIBA", "DISCAPACID": "FISICA-INTELECTUAL-MULTIPLE", "TALENTOS_O": "CAPACIDADES EXCEPCIONALES-TALENTO EXCEPCIONAL EN ACTIVIDAD FISICA, EJERCICIO Y DEPORTE-TALENTO EXCEPCIONAL EN ARTES Y LETRAS", "GRUPOS_ETN": "AFRODESCENDIENTES-INDIGENAS", "SECTOR": 2, "NATU_JUR": 9, "CALENDARIO": 1, "GENERO": 5, "COD_LOCA": "19", "ESPECIALID": 13, "CLASE_TIPO": 1, "BILINGUE": 5, "FECHA": "2024-04-30", "DANE12_EST": "211850001171", "DANE12_SED": "211001020251", "DA_HIPOACU": 0, "DA_SORDERA": 0, "DA_LENGUAS": 0, "DA_UCASTEL": 0, "DISCAP_FIS": 3, "DISCAP_FLE": 0, "DISCAP_PCE": 0, "DI_DCOGNIT": 6, "DI_SDOWN": 0, "DIS_MULTIP": 1, "DIS_PSICOS": 0, "DV_BAJAVIS": 0, "DIS_CEGUER": 0, "T_ESPECTRO": 0, "T_VOZ_Y_HA": 0, "SISTEMICA": 0, "SORDOCEGUE": 0, "OTRA": 0, "TOT_EST_MA": 10, "AFRODESCEN": 4, "INDIGENAS": 3, "NEGRITUDES": 0, "PALENQUERO": 0, "RAIZALES": 0, "ROM": 0, "TOT_EST_ET": 7, "CAPACID_EX": 2, "DOBLE_EXCE": 0, "TE_ACTFISI": 1, "TE_ARTES": 1, "TE_CNATUR": 0, "TE_CSOCIAL": 0, "TE_LDSOCIA": 0, "TE_TECNOLO": 0, "TOT_EST_CA": 2, "TMATRIC_GE": 733, "Zona": 2 }, "geometry": { "type": "Point", "coordinates": [ -8256117.651699999347329, 504556.472500000149012 ] } },
{ "type": "Feature", "properties": { "NOMBRE_EST": "COLEGIO MOCHUELO ALTO (CED)", "NOMBRE_SED": "MOCHUELO ALTO", "ORDEN_DE_S": "A", "DIRECCION": "KM 24 VIA PASQUILLA", "DISCAPACID": "FISICA-INTELECTUAL-MULTIPLE", "TALENTOS_O": "TALENTO EXCEPCIONAL EN ACTIVIDAD FISICA, EJERCICIO Y DEPORTE-TALENTO EXCEPCIONAL EN ARTES Y LETRAS", "GRUPOS_ETN": "AFRODESCENDIENTES-NEGRITUDES", "SECTOR": 2, "NATU_JUR": 9, "CALENDARIO": 1, "GENERO": 5, "COD_LOCA": "19", "ESPECIALID": 13, "CLASE_TIPO": 1, "BILINGUE": 5, "FECHA": "2024-04-30", "DANE12_EST": "211850001180", "DANE12_SED": "211850001180", "DA_HIPOACU": 0, "DA_SORDERA": 0, "DA_LENGUAS": 0, "DA_UCASTEL": 0, "DISCAP_FIS": 3, "DISCAP_FLE": 0, "DISCAP_PCE": 0, "DI_DCOGNIT": 7, "DI_SDOWN": 0, "DIS_MULTIP": 2, "DIS_PSICOS": 0, "DV_BAJAVIS": 0, "DIS_CEGUER": 0, "T_ESPECTRO": 0, "T_VOZ_Y_HA": 0, "SISTEMICA": 0, "SORDOCEGUE": 0, "OTRA": 0, "TOT_EST_MA": 13, "AFRODESCEN": 3, "INDIGENAS": 0, "NEGRITUDES": 0, "PALENQUERO": 0, "RAIZALES": 0, "ROM": 0, "TOT_EST_ET": 3, "CAPACID_EX": 1, "DOBLE_EXCE": 0, "TE_ACTFISI": 1, "TE_ARTES": 0, "TE_CNATUR": 0, "TE_CSOCIAL": 0, "TE_LDSOCIA": 0, "TE_TECNOLO": 0, "TOT_EST_CA": 1, "TMATRIC_GE": 332, "Zona": 2 }, "geometry": { "type": "Point", "coordinates": [ -8254142.468800000846386, 500198.282000001519918 ] } },
{ "type": "Feature", "properties": { "NOMBRE_EST": "COLEGIO RURAL JOSE CELESTINO MUTIS (IED)", "NOMBRE_SED": "RURAL JOSE CELESTINO MUTIS", "ORDEN_DE_S": "A", "DIRECCION": "KM 10 VIA QUIBA LOTE EL CLAVEL", "DISCAPACID": "FISICA-INTELECTUAL-MENTAL/PSICOSOCIAL", "TALENTOS_O": "CAPACIDADES EXCEPCIONALES-TALENTO EXCEPCIONAL EN ACTIVIDAD FISICA, EJERCICIO Y DEPORTE-TALENTO EXCEPCIONAL EN ARTES Y LETRAS-TALENTO EXCEPCIONAL EN TECNOLOGIA", "GRUPOS_ETN": "AFRODESCENDIENTES-INDIGENAS-NEGRITUDES", "SECTOR": 2, "NATU_JUR": 9, "CALENDARIO": 1, "GENERO": 5, "COD_LOCA": "19", "ESPECIALID": 1, "CLASE_TIPO": 1, "BILINGUE": 5, "FECHA": "2024-04-30", "DANE12_EST": "211850001317", "DANE12_SED": "211850001317", "DA_HIPOACU": 0, "DA_SORDERA": 0, "DA_LENGUAS": 0, "DA_UCASTEL": 0, "DISCAP_FIS": 4, "DISCAP_FLE": 0, "DISCAP_PCE": 0, "DI_DCOGNIT": 29, "DI_SDOWN": 0, "DIS_MULTIP": 0, "DIS_PSICOS": 6, "DV_BAJAVIS": 0, "DIS_CEGUER": 0, "T_ESPECTRO": 0, "T_VOZ_Y_HA": 0, "SISTEMICA": 0, "SORDOCEGUE": 0, "OTRA": 0, "TOT_EST_MA": 40, "AFRODESCEN": 3, "INDIGENAS": 8, "NEGRITUDES": 2, "PALENQUERO": 0, "RAIZALES": 0, "ROM": 0, "TOT_EST_ET": 13, "CAPACID_EX": 0, "DOBLE_EXCE": 0, "TE_ACTFISI": 0, "TE_ARTES": 0, "TE_CNATUR": 0, "TE_CSOCIAL": 0, "TE_LDSOCIA": 0, "TE_TECNOLO": 0, "TOT_EST_CA": 0, "TMATRIC_GE": 1615, "Zona": 2 }, "geometry": { "type": "Point", "coordinates": [ -8254562.881300000473857, 502681.820300001651049 ] } },
{ "type": "Feature", "properties": { "NOMBRE_EST": "COLEGIO CANADA (IED)", "NOMBRE_SED": "CANADA", "ORDEN_DE_S": "A", "DIRECCION": "CL 76 SUR # 24 A - 11", "DISCAPACID": "INTELECTUAL-MENTAL/PSICOSOCIAL-SORDOCEGUERA", "TALENTOS_O": "TALENTO EXCEPCIONAL EN ACTIVIDAD FISICA, EJERCICIO Y DEPORTE-TALENTO EXCEPCIONAL EN ARTES Y LETRAS", "GRUPOS_ETN": "AFRODESCENDIENTES-INDIGENAS-NEGRITUDES", "SECTOR": 2, "NATU_JUR": 9, "CALENDARIO": 1, "GENERO": 5, "COD_LOCA": "19", "ESPECIALID": 1, "CLASE_TIPO": 1, "BILINGUE": 5, "FECHA": "2024-04-30", "DANE12_EST": "311001075034", "DANE12_SED": "311001075034", "DA_HIPOACU": 2, "DA_SORDERA": 0, "DA_LENGUAS": 0, "DA_UCASTEL": 0, "DISCAP_FIS": 0, "DISCAP_FLE": 0, "DISCAP_PCE": 0, "DI_DCOGNIT": 18, "DI_SDOWN": 0, "DIS_MULTIP": 2, "DIS_PSICOS": 1, "DV_BAJAVIS": 0, "DIS_CEGUER": 0, "T_ESPECTRO": 0, "T_VOZ_Y_HA": 0, "SISTEMICA": 0, "SORDOCEGUE": 0, "OTRA": 0, "TOT_EST_MA": 23, "AFRODESCEN": 6, "INDIGENAS": 16, "NEGRITUDES": 1, "PALENQUERO": 0, "RAIZALES": 0, "ROM": 0, "TOT_EST_ET": 23, "CAPACID_EX": 0, "DOBLE_EXCE": 0, "TE_ACTFISI": 0, "TE_ARTES": 0, "TE_CNATUR": 0, "TE_CSOCIAL": 0, "TE_LDSOCIA": 0, "TE_TECNOLO": 0, "TOT_EST_CA": 0, "TMATRIC_GE": 768, "Zona": 1 }, "geometry": { "type": "Point", "coordinates": [ -8254852.7127, 506055.390900000929832 ] } },
{ "type": "Feature", "properties": { "NOMBRE_EST": "COLEGIO CAMPESTRE JAIME GARZON (IED)", "NOMBRE_SED": "RURAL LAS AURAS", "ORDEN_DE_S": "A", "DIRECCION": "KM 6 VIA NAZARETH VDA AURAS", "DISCAPACID": "INTELECTUAL-MENTAL/PSICOSOCIAL-MULTIPLE", "TALENTOS_O": "CAPACIDADES EXCEPCIONALES", "GRUPOS_ETN": "INDIGENAS", "SECTOR": 2, "NATU_JUR": 9, "CALENDARIO": 1, "GENERO": 5, "COD_LOCA": "20", "ESPECIALID": 7, "CLASE_TIPO": 1, "BILINGUE": 5, "FECHA": "2024-04-30", "DANE12_EST": "211001076346", "DANE12_SED": "211001076346", "DA_HIPOACU": 0, "DA_SORDERA": 0, "DA_LENGUAS": 0, "DA_UCASTEL": 0, "DISCAP_FIS": 0, "DISCAP_FLE": 0, "DISCAP_PCE": 0, "DI_DCOGNIT": 4, "DI_SDOWN": 0, "DIS_MULTIP": 2, "DIS_PSICOS": 5, "DV_BAJAVIS": 0, "DIS_CEGUER": 0, "T_ESPECTRO": 0, "T_VOZ_Y_HA": 0, "SISTEMICA": 0, "SORDOCEGUE": 0, "OTRA": 0, "TOT_EST_MA": 11, "AFRODESCEN": 0, "INDIGENAS": 1, "NEGRITUDES": 0, "PALENQUERO": 0, "RAIZALES": 0, "ROM": 0, "TOT_EST_ET": 1, "CAPACID_EX": 0, "DOBLE_EXCE": 0, "TE_ACTFISI": 0, "TE_ARTES": 0, "TE_CNATUR": 0, "TE_CSOCIAL": 0, "TE_LDSOCIA": 0, "TE_TECNOLO": 0, "TOT_EST_CA": 0, "TMATRIC_GE": 159, "Zona": 2 }, "geometry": { "type": "Point", "coordinates": [ -8256734.366100000217557, 464720.802600000053644 ] } },
{ "type": "Feature", "properties": { "NOMBRE_EST": "COLEGIO CAMPESTRE JAIME GARZON (IED)", "NOMBRE_SED": "RURAL EL RAIZAL", "ORDEN_DE_S": "B", "DIRECCION": "KM 8 VIA BETANIA VDA RAIZAL", "DISCAPACID": "MULTIPLE", "TALENTOS_O": null, "GRUPOS_ETN": null, "SECTOR": 2, "NATU_JUR": 9, "CALENDARIO": 1, "GENERO": 5, "COD_LOCA": "20", "ESPECIALID": 13, "CLASE_TIPO": 1, "BILINGUE": 5, "FECHA": "2024-04-30", "DANE12_EST": "211001076346", "DANE12_SED": "211850001244", "DA_HIPOACU": 0, "DA_SORDERA": 0, "DA_LENGUAS": 0, "DA_UCASTEL": 0, "DISCAP_FIS": 0, "DISCAP_FLE": 0, "DISCAP_PCE": 0, "DI_DCOGNIT": 0, "DI_SDOWN": 0, "DIS_MULTIP": 1, "DIS_PSICOS": 2, "DV_BAJAVIS": 0, "DIS_CEGUER": 0, "T_ESPECTRO": 0, "T_VOZ_Y_HA": 0, "SISTEMICA": 0, "SORDOCEGUE": 0, "OTRA": 0, "TOT_EST_MA": 3, "AFRODESCEN": 0, "INDIGENAS": 0, "NEGRITUDES": 0, "PALENQUERO": 0, "RAIZALES": 0, "ROM": 0, "TOT_EST_ET": 0, "CAPACID_EX": 0, "DOBLE_EXCE": 0, "TE_ACTFISI": 0, "TE_ARTES": 0, "TE_CNATUR": 0, "TE_CSOCIAL": 0, "TE_LDSOCIA": 0, "TE_TECNOLO": 0, "TOT_EST_CA": 0, "TMATRIC_GE": 32, "Zona": 2 }, "geometry": { "type": "Point", "coordinates": [ -8253119.870100000873208, 467238.958799999207258 ] } },
{ "type": "Feature", "properties": { "NOMBRE_EST": "COLEGIO CAMPESTRE JAIME GARZON (IED)", "NOMBRE_SED": "RURAL LAGUNA VERDE", "ORDEN_DE_S": "C", "DIRECCION": "KM 6 VIA BETANIA LAGUNAVERDE", "DISCAPACID": null, "TALENTOS_O": null, "GRUPOS_ETN": null, "SECTOR": 2, "NATU_JUR": 9, "CALENDARIO": 1, "GENERO": 5, "COD_LOCA": "20", "ESPECIALID": 13, "CLASE_TIPO": 1, "BILINGUE": 5, "FECHA": "2024-04-30", "DANE12_EST": "211001076346", "DANE12_SED": "211850001309", "DA_HIPOACU": 0, "DA_SORDERA": 0, "DA_LENGUAS": 0, "DA_UCASTEL": 0, "DISCAP_FIS": 0, "DISCAP_FLE": 0, "DISCAP_PCE": 0, "DI_DCOGNIT": 0, "DI_SDOWN": 0, "DIS_MULTIP": 0, "DIS_PSICOS": 0, "DV_BAJAVIS": 0, "DIS_CEGUER": 0, "T_ESPECTRO": 0, "T_VOZ_Y_HA": 0, "SISTEMICA": 0, "SORDOCEGUE": 0, "OTRA": 0, "TOT_EST_MA": 0, "AFRODESCEN": 0, "INDIGENAS": 0, "NEGRITUDES": 0, "PALENQUERO": 0, "RAIZALES": 0, "ROM": 0, "TOT_EST_ET": 0, "CAPACID_EX": 0, "DOBLE_EXCE": 0, "TE_ACTFISI": 0, "TE_ARTES": 0, "TE_CNATUR": 0, "TE_CSOCIAL": 0, "TE_LDSOCIA": 0, "TE_TECNOLO": 0, "TOT_EST_CA": 0, "TMATRIC_GE": 8, "Zona": 2 }, "geometry": { "type": "Point", "coordinates": [ -8255037.8816, 467501.050299998372793 ] } },
{ "type": "Feature", "properties": { "NOMBRE_EST": "COLEGIO CAMPESTRE JAIME GARZON (IED)", "NOMBRE_SED": "RURAL EL TABACO", "ORDEN_DE_S": "D", "DIRECCION": "KM 8 VIA BETANIA EL TABACO", "DISCAPACID": null, "TALENTOS_O": null, "GRUPOS_ETN": null, "SECTOR": 2, "NATU_JUR": 9, "CALENDARIO": 1, "GENERO": 5, "COD_LOCA": "20", "ESPECIALID": 13, "CLASE_TIPO": 1, "BILINGUE": 5, "FECHA": "2024-04-30", "DANE12_EST": "211001076346", "DANE12_SED": "211850000167", "DA_HIPOACU": 0, "DA_SORDERA": 0, "DA_LENGUAS": 0, "DA_UCASTEL": 0, "DISCAP_FIS": 0, "DISCAP_FLE": 0, "DISCAP_PCE": 0, "DI_DCOGNIT": 0, "DI_SDOWN": 0, "DIS_MULTIP": 0, "DIS_PSICOS": 0, "DV_BAJAVIS": 0, "DIS_CEGUER": 0, "T_ESPECTRO": 0, "T_VOZ_Y_HA": 0, "SISTEMICA": 0, "SORDOCEGUE": 0, "OTRA": 0, "TOT_EST_MA": 0, "AFRODESCEN": 0, "INDIGENAS": 1, "NEGRITUDES": 0, "PALENQUERO": 0, "RAIZALES": 0, "ROM": 0, "TOT_EST_ET": 1, "CAPACID_EX": 0, "DOBLE_EXCE": 0, "TE_ACTFISI": 0, "TE_ARTES": 0, "TE_CNATUR": 0, "TE_CSOCIAL": 0, "TE_LDSOCIA": 0, "TE_TECNOLO": 0, "TOT_EST_CA": 0, "TMATRIC_GE": 11, "Zona": 2 }, "geometry": { "type": "Point", "coordinates": [ -8253561.005899999290705, 472426.028299998492002 ] } },
{ "type": "Feature", "properties": { "NOMBRE_EST": "COLEGIO CAMPESTRE JAIME GARZON (IED)", "NOMBRE_SED": "RURAL PEÑALIZA", "ORDEN_DE_S": "E", "DIRECCION": "KM 16 VIA BETANIA PEÑALIZA", "DISCAPACID": null, "TALENTOS_O": null, "GRUPOS_ETN": null, "SECTOR": 2, "NATU_JUR": 9, "CALENDARIO": 1, "GENERO": 5, "COD_LOCA": "20", "ESPECIALID": 13, "CLASE_TIPO": 1, "BILINGUE": 5, "FECHA": "2024-04-30", "DANE12_EST": "211001076346", "DANE12_SED": "211001030613", "DA_HIPOACU": 0, "DA_SORDERA": 0, "DA_LENGUAS": 0, "DA_UCASTEL": 0, "DISCAP_FIS": 0, "DISCAP_FLE": 0, "DISCAP_PCE": 0, "DI_DCOGNIT": 0, "DI_SDOWN": 0, "DIS_MULTIP": 0, "DIS_PSICOS": 0, "DV_BAJAVIS": 0, "DIS_CEGUER": 0, "T_ESPECTRO": 0, "T_VOZ_Y_HA": 0, "SISTEMICA": 0, "SORDOCEGUE": 0, "OTRA": 0, "TOT_EST_MA": 0, "AFRODESCEN": 0, "INDIGENAS": 0, "NEGRITUDES": 0, "PALENQUERO": 0, "RAIZALES": 0, "ROM": 0, "TOT_EST_ET": 0, "CAPACID_EX": 0, "DOBLE_EXCE": 0, "TE_ACTFISI": 0, "TE_ARTES": 0, "TE_CNATUR": 0, "TE_CSOCIAL": 0, "TE_LDSOCIA": 0, "TE_TECNOLO": 0, "TOT_EST_CA": 0, "TMATRIC_GE": 7, "Zona": 2 }, "geometry": { "type": "Point", "coordinates": [ -8252030.559900000691414, 467023.907800000160933 ] } },
{ "type": "Feature", "properties": { "NOMBRE_EST": "COLEGIO CAMPESTRE JAIME GARZON (IED)", "NOMBRE_SED": "RURAL ADELINA GUTIERREZ PALACIOS", "ORDEN_DE_S": "F", "DIRECCION": "KM 8 VIA CORREG BETANIA", "DISCAPACID": null, "TALENTOS_O": null, "GRUPOS_ETN": null, "SECTOR": 2, "NATU_JUR": 9, "CALENDARIO": 1, "GENERO": 5, "COD_LOCA": "20", "ESPECIALID": 7, "CLASE_TIPO": 1, "BILINGUE": 5, "FECHA": "2024-04-30", "DANE12_EST": "211001076346", "DANE12_SED": "211850000094", "DA_HIPOACU": 0, "DA_SORDERA": 0, "DA_LENGUAS": 0, "DA_UCASTEL": 0, "DISCAP_FIS": 0, "DISCAP_FLE": 0, "DISCAP_PCE": 0, "DI_DCOGNIT": 0, "DI_SDOWN": 0, "DIS_MULTIP": 0, "DIS_PSICOS": 0, "DV_BAJAVIS": 1, "DIS_CEGUER": 0, "T_ESPECTRO": 0, "T_VOZ_Y_HA": 0, "SISTEMICA": 0, "SORDOCEGUE": 0, "OTRA": 0, "TOT_EST_MA": 1, "AFRODESCEN": 0, "INDIGENAS": 0, "NEGRITUDES": 0, "PALENQUERO": 0, "RAIZALES": 0, "ROM": 0, "TOT_EST_ET": 0, "CAPACID_EX": 0, "DOBLE_EXCE": 0, "TE_ACTFISI": 0, "TE_ARTES": 0, "TE_CNATUR": 0, "TE_CSOCIAL": 0, "TE_LDSOCIA": 0, "TE_TECNOLO": 0, "TOT_EST_CA": 0, "TMATRIC_GE": 46, "Zona": 2 }, "geometry": { "type": "Point", "coordinates": [ -8253866.449899999424815, 469989.111600000411272 ] } },
{ "type": "Feature", "properties": { "NOMBRE_EST": "COLEGIO CAMPESTRE JAIME GARZON (IED)", "NOMBRE_SED": "RURAL SANTA ROSA DE NAZARETH", "ORDEN_DE_S": "I", "DIRECCION": "KM 1 VIA NAZARETH SANTA ROSA", "DISCAPACID": null, "TALENTOS_O": null, "GRUPOS_ETN": null, "SECTOR": 2, "NATU_JUR": 9, "CALENDARIO": 1, "GENERO": 5, "COD_LOCA": "20", "ESPECIALID": 13, "CLASE_TIPO": 1, "BILINGUE": 5, "FECHA": "2024-04-30", "DANE12_EST": "211001076346", "DANE12_SED": "211850000973", "DA_HIPOACU": 0, "DA_SORDERA": 0, "DA_LENGUAS": 0, "DA_UCASTEL": 0, "DISCAP_FIS": 0, "DISCAP_FLE": 0, "DISCAP_PCE": 0, "DI_DCOGNIT": 0, "DI_SDOWN": 0, "DIS_MULTIP": 0, "DIS_PSICOS": 0, "DV_BAJAVIS": 0, "DIS_CEGUER": 0, "T_ESPECTRO": 0, "T_VOZ_Y_HA": 0, "SISTEMICA": 0, "SORDOCEGUE": 0, "OTRA": 0, "TOT_EST_MA": 0, "AFRODESCEN": 0, "INDIGENAS": 0, "NEGRITUDES": 0, "PALENQUERO": 0, "RAIZALES": 0, "ROM": 0, "TOT_EST_ET": 0, "CAPACID_EX": 0, "DOBLE_EXCE": 0, "TE_ACTFISI": 0, "TE_ARTES": 0, "TE_CNATUR": 0, "TE_CSOCIAL": 0, "TE_LDSOCIA": 0, "TE_TECNOLO": 0, "TOT_EST_CA": 0, "TMATRIC_GE": 11, "Zona": 2 }, "geometry": { "type": "Point", "coordinates": [ -8258532.105799999088049, 467139.873399998992682 ] } },
{ "type": "Feature", "properties": { "NOMBRE_EST": "COLEGIO CAMPESTRE JAIME GARZON (IED)", "NOMBRE_SED": "RURAL LAS ANIMAS", "ORDEN_DE_S": "J", "DIRECCION": "KM 5 VIA NAZARETH VDA ANIMAS", "DISCAPACID": null, "TALENTOS_O": null, "GRUPOS_ETN": null, "SECTOR": 2, "NATU_JUR": 9, "CALENDARIO": 1, "GENERO": 5, "COD_LOCA": "20", "ESPECIALID": 13, "CLASE_TIPO": 1, "BILINGUE": 5, "FECHA": "2024-04-30", "DANE12_EST": "211001076346", "DANE12_SED": "211850000957", "DA_HIPOACU": 0, "DA_SORDERA": 0, "DA_LENGUAS": 0, "DA_UCASTEL": 0, "DISCAP_FIS": 0, "DISCAP_FLE": 0, "DISCAP_PCE": 0, "DI_DCOGNIT": 0, "DI_SDOWN": 0, "DIS_MULTIP": 0, "DIS_PSICOS": 0, "DV_BAJAVIS": 0, "DIS_CEGUER": 0, "T_ESPECTRO": 0, "T_VOZ_Y_HA": 0, "SISTEMICA": 0, "SORDOCEGUE": 0, "OTRA": 0, "TOT_EST_MA": 0, "AFRODESCEN": 0, "INDIGENAS": 0, "NEGRITUDES": 0, "PALENQUERO": 0, "RAIZALES": 0, "ROM": 0, "TOT_EST_ET": 0, "CAPACID_EX": 0, "DOBLE_EXCE": 0, "TE_ACTFISI": 0, "TE_ARTES": 0, "TE_CNATUR": 0, "TE_CSOCIAL": 0, "TE_LDSOCIA": 0, "TE_TECNOLO": 0, "TOT_EST_CA": 0, "TMATRIC_GE": 4, "Zona": 2 }, "geometry": { "type": "Point", "coordinates": [ -8257770.806199999526143, 462090.110599998384714 ] } },
{ "type": "Feature", "properties": { "NOMBRE_EST": "COLEGIO CAMPESTRE JAIME GARZON (IED)", "NOMBRE_SED": "RURAL LOS RIOS", "ORDEN_DE_S": "M", "DIRECCION": "KM 12 VIA NAZARETH VDA RIOS", "DISCAPACID": null, "TALENTOS_O": null, "GRUPOS_ETN": null, "SECTOR": 2, "NATU_JUR": 9, "CALENDARIO": 1, "GENERO": 5, "COD_LOCA": "20", "ESPECIALID": 13, "CLASE_TIPO": 1, "BILINGUE": 5, "FECHA": "2024-04-30", "DANE12_EST": "211001076346", "DANE12_SED": "211850001228", "DA_HIPOACU": 0, "DA_SORDERA": 0, "DA_LENGUAS": 0, "DA_UCASTEL": 0, "DISCAP_FIS": 0, "DISCAP_FLE": 0, "DISCAP_PCE": 0, "DI_DCOGNIT": 0, "DI_SDOWN": 0, "DIS_MULTIP": 0, "DIS_PSICOS": 0, "DV_BAJAVIS": 0, "DIS_CEGUER": 0, "T_ESPECTRO": 0, "T_VOZ_Y_HA": 0, "SISTEMICA": 0, "SORDOCEGUE": 0, "OTRA": 0, "TOT_EST_MA": 0, "AFRODESCEN": 0, "INDIGENAS": 0, "NEGRITUDES": 0, "PALENQUERO": 0, "RAIZALES": 0, "ROM": 0, "TOT_EST_ET": 0, "CAPACID_EX": 0, "DOBLE_EXCE": 0, "TE_ACTFISI": 0, "TE_ARTES": 0, "TE_CNATUR": 0, "TE_CSOCIAL": 0, "TE_LDSOCIA": 0, "TE_TECNOLO": 0, "TOT_EST_CA": 0, "TMATRIC_GE": 1, "Zona": 2 }, "geometry": { "type": "Point", "coordinates": [ -8254055.10190000012517, 463633.680300001055002 ] } },
{ "type": "Feature", "properties": { "NOMBRE_EST": "COLEGIO GIMNASIO DEL CAMPO JUAN DE LA CRUZ VARELA (IED)", "NOMBRE_SED": "RURAL LA UNION", "ORDEN_DE_S": "A", "DIRECCION": "VDA LA UNION", "DISCAPACID": "AUDITIVA-FISICA-INTELECTUAL-MENTAL/PSICOSOCIAL-MULTIPLE", "TALENTOS_O": "TALENTO EXCEPCIONAL EN LIDERAZGO SOCIAL Y EMPRENDIMIENTO", "GRUPOS_ETN": "INDIGENAS", "SECTOR": 2, "NATU_JUR": 9, "CALENDARIO": 1, "GENERO": 5, "COD_LOCA": "20", "ESPECIALID": 1, "CLASE_TIPO": 1, "BILINGUE": 5, "FECHA": "2024-04-30", "DANE12_EST": "211850001473", "DANE12_SED": "211850001473", "DA_HIPOACU": 3, "DA_SORDERA": 0, "DA_LENGUAS": 0, "DA_UCASTEL": 0, "DISCAP_FIS": 1, "DISCAP_FLE": 0, "DISCAP_PCE": 0, "DI_DCOGNIT": 7, "DI_SDOWN": 0, "DIS_MULTIP": 2, "DIS_PSICOS": 2, "DV_BAJAVIS": 0, "DIS_CEGUER": 0, "T_ESPECTRO": 0, "T_VOZ_Y_HA": 0, "SISTEMICA": 0, "SORDOCEGUE": 0, "OTRA": 0, "TOT_EST_MA": 15, "AFRODESCEN": 0, "INDIGENAS": 2, "NEGRITUDES": 0, "PALENQUERO": 0, "RAIZALES": 0, "ROM": 0, "TOT_EST_ET": 2, "CAPACID_EX": 0, "DOBLE_EXCE": 0, "TE_ACTFISI": 0, "TE_ARTES": 0, "TE_CNATUR": 0, "TE_CSOCIAL": 0, "TE_LDSOCIA": 0, "TE_TECNOLO": 0, "TOT_EST_CA": 0, "TMATRIC_GE": 253, "Zona": 2 }, "geometry": { "type": "Point", "coordinates": [ -8278129.733999999240041, 444035.938799999654293 ] } },
{ "type": "Feature", "properties": { "NOMBRE_EST": "COLEGIO GIMNASIO DEL CAMPO JUAN DE LA CRUZ VARELA (IED)", "NOMBRE_SED": "RURAL TUNAL ALTO", "ORDEN_DE_S": "B", "DIRECCION": "VDA TUNAL ALTO", "DISCAPACID": "INTELECTUAL", "TALENTOS_O": null, "GRUPOS_ETN": null, "SECTOR": 2, "NATU_JUR": 9, "CALENDARIO": 1, "GENERO": 5, "COD_LOCA": "20", "ESPECIALID": 1, "CLASE_TIPO": 1, "BILINGUE": 5, "FECHA": "2024-04-30", "DANE12_EST": "211850001473", "DANE12_SED": "211850000175", "DA_HIPOACU": 0, "DA_SORDERA": 0, "DA_LENGUAS": 0, "DA_UCASTEL": 0, "DISCAP_FIS": 0, "DISCAP_FLE": 0, "DISCAP_PCE": 0, "DI_DCOGNIT": 1, "DI_SDOWN": 0, "DIS_MULTIP": 0, "DIS_PSICOS": 0, "DV_BAJAVIS": 0, "DIS_CEGUER": 0, "T_ESPECTRO": 0, "T_VOZ_Y_HA": 0, "SISTEMICA": 0, "SORDOCEGUE": 0, "OTRA": 0, "TOT_EST_MA": 1, "AFRODESCEN": 0, "INDIGENAS": 0, "NEGRITUDES": 0, "PALENQUERO": 0, "RAIZALES": 0, "ROM": 0, "TOT_EST_ET": 0, "CAPACID_EX": 0, "DOBLE_EXCE": 0, "TE_ACTFISI": 0, "TE_ARTES": 0, "TE_CNATUR": 0, "TE_CSOCIAL": 0, "TE_LDSOCIA": 0, "TE_TECNOLO": 0, "TOT_EST_CA": 0, "TMATRIC_GE": 100, "Zona": 2 }, "geometry": { "type": "Point", "coordinates": [ -8275045.667600000277162, 440618.637600000947714 ] } },
{ "type": "Feature", "properties": { "NOMBRE_EST": "COLEGIO GIMNASIO DEL CAMPO JUAN DE LA CRUZ VARELA (IED)", "NOMBRE_SED": "RURAL TUNAL BAJO", "ORDEN_DE_S": "C", "DIRECCION": "VDA TUNAL BAJO", "DISCAPACID": null, "TALENTOS_O": null, "GRUPOS_ETN": null, "SECTOR": 2, "NATU_JUR": 9, "CALENDARIO": 1, "GENERO": 5, "COD_LOCA": "20", "ESPECIALID": 13, "CLASE_TIPO": 1, "BILINGUE": 5, "FECHA": "2024-04-30", "DANE12_EST": "211850001473", "DANE12_SED": "211850000914", "DA_HIPOACU": 0, "DA_SORDERA": 0, "DA_LENGUAS": 0, "DA_UCASTEL": 0, "DISCAP_FIS": 0, "DISCAP_FLE": 0, "DISCAP_PCE": 0, "DI_DCOGNIT": 0, "DI_SDOWN": 0, "DIS_MULTIP": 0, "DIS_PSICOS": 0, "DV_BAJAVIS": 0, "DIS_CEGUER": 0, "T_ESPECTRO": 0, "T_VOZ_Y_HA": 0, "SISTEMICA": 0, "SORDOCEGUE": 0, "OTRA": 0, "TOT_EST_MA": 0, "AFRODESCEN": 0, "INDIGENAS": 0, "NEGRITUDES": 0, "PALENQUERO": 0, "RAIZALES": 0, "ROM": 0, "TOT_EST_ET": 0, "CAPACID_EX": 0, "DOBLE_EXCE": 0, "TE_ACTFISI": 0, "TE_ARTES": 0, "TE_CNATUR": 0, "TE_CSOCIAL": 0, "TE_LDSOCIA": 0, "TE_TECNOLO": 0, "TOT_EST_CA": 0, "TMATRIC_GE": 6, "Zona": 2 }, "geometry": { "type": "Point", "coordinates": [ -8276604.14049999974668, 443743.076799999922514 ] } },
{ "type": "Feature", "properties": { "NOMBRE_EST": "COLEGIO GIMNASIO DEL CAMPO JUAN DE LA CRUZ VARELA (IED)", "NOMBRE_SED": "RURAL LAGUNITAS", "ORDEN_DE_S": "D", "DIRECCION": "VDA LAGUNITAS", "DISCAPACID": null, "TALENTOS_O": null, "GRUPOS_ETN": null, "SECTOR": 2, "NATU_JUR": 9, "CALENDARIO": 1, "GENERO": 5, "COD_LOCA": "20", "ESPECIALID": 13, "CLASE_TIPO": 1, "BILINGUE": 5, "FECHA": "2024-04-30", "DANE12_EST": "211850001473", "DANE12_SED": "211850000850", "DA_HIPOACU": 0, "DA_SORDERA": 0, "DA_LENGUAS": 0, "DA_UCASTEL": 0, "DISCAP_FIS": 0, "DISCAP_FLE": 0, "DISCAP_PCE": 0, "DI_DCOGNIT": 0, "DI_SDOWN": 0, "DIS_MULTIP": 0, "DIS_PSICOS": 0, "DV_BAJAVIS": 0, "DIS_CEGUER": 0, "T_ESPECTRO": 0, "T_VOZ_Y_HA": 0, "SISTEMICA": 0, "SORDOCEGUE": 0, "OTRA": 0, "TOT_EST_MA": 0, "AFRODESCEN": 0, "INDIGENAS": 0, "NEGRITUDES": 0, "PALENQUERO": 0, "RAIZALES": 0, "ROM": 0, "TOT_EST_ET": 0, "CAPACID_EX": 0, "DOBLE_EXCE": 0, "TE_ACTFISI": 0, "TE_ARTES": 0, "TE_CNATUR": 0, "TE_CSOCIAL": 0, "TE_LDSOCIA": 0, "TE_TECNOLO": 0, "TOT_EST_CA": 0, "TMATRIC_GE": 7, "Zona": 2 }, "geometry": { "type": "Point", "coordinates": [ -8274009.355499999597669, 443829.287500001490116 ] } },
{ "type": "Feature", "properties": { "NOMBRE_EST": "COLEGIO GIMNASIO DEL CAMPO JUAN DE LA CRUZ VARELA (IED)", "NOMBRE_SED": "RURAL EL SALITRE", "ORDEN_DE_S": "E", "DIRECCION": "VDA EL SALITRE", "DISCAPACID": "AUDITIVA", "TALENTOS_O": null, "GRUPOS_ETN": null, "SECTOR": 2, "NATU_JUR": 9, "CALENDARIO": 1, "GENERO": 5, "COD_LOCA": "20", "ESPECIALID": 13, "CLASE_TIPO": 1, "BILINGUE": 5, "FECHA": "2024-04-30", "DANE12_EST": "211850001473", "DANE12_SED": "211850000809", "DA_HIPOACU": 0, "DA_SORDERA": 0, "DA_LENGUAS": 0, "DA_UCASTEL": 0, "DISCAP_FIS": 0, "DISCAP_FLE": 0, "DISCAP_PCE": 0, "DI_DCOGNIT": 0, "DI_SDOWN": 0, "DIS_MULTIP": 0, "DIS_PSICOS": 0, "DV_BAJAVIS": 0, "DIS_CEGUER": 0, "T_ESPECTRO": 0, "T_VOZ_Y_HA": 0, "SISTEMICA": 0, "SORDOCEGUE": 0, "OTRA": 0, "TOT_EST_MA": 1, "AFRODESCEN": 0, "INDIGENAS": 0, "NEGRITUDES": 0, "PALENQUERO": 0, "RAIZALES": 0, "ROM": 0, "TOT_EST_ET": 0, "CAPACID_EX": 0, "DOBLE_EXCE": 0, "TE_ACTFISI": 0, "TE_ARTES": 0, "TE_CNATUR": 0, "TE_CSOCIAL": 0, "TE_LDSOCIA": 0, "TE_TECNOLO": 0, "TOT_EST_CA": 0, "TMATRIC_GE": 12, "Zona": 2 }, "geometry": { "type": "Point", "coordinates": [ -8277569.822599999606609, 433450.126499999314547 ] } },
{ "type": "Feature", "properties": { "NOMBRE_EST": "COLEGIO GIMNASIO DEL CAMPO JUAN DE LA CRUZ VARELA (IED)", "NOMBRE_SED": "RURAL LA CONCEPCION", "ORDEN_DE_S": "F", "DIRECCION": "VDA LA CONCEPCION", "DISCAPACID": null, "TALENTOS_O": null, "GRUPOS_ETN": null, "SECTOR": 2, "NATU_JUR": 9, "CALENDARIO": 1, "GENERO": 5, "COD_LOCA": "20", "ESPECIALID": 13, "CLASE_TIPO": 1, "BILINGUE": 5, "FECHA": "2024-04-30", "DANE12_EST": "211850001473", "DANE12_SED": "211850000795", "DA_HIPOACU": 0, "DA_SORDERA": 0, "DA_LENGUAS": 0, "DA_UCASTEL": 0, "DISCAP_FIS": 0, "DISCAP_FLE": 0, "DISCAP_PCE": 0, "DI_DCOGNIT": 0, "DI_SDOWN": 0, "DIS_MULTIP": 0, "DIS_PSICOS": 0, "DV_BAJAVIS": 0, "DIS_CEGUER": 0, "T_ESPECTRO": 0, "T_VOZ_Y_HA": 0, "SISTEMICA": 0, "SORDOCEGUE": 0, "OTRA": 0, "TOT_EST_MA": 0, "AFRODESCEN": 0, "INDIGENAS": 0, "NEGRITUDES": 0, "PALENQUERO": 0, "RAIZALES": 0, "ROM": 0, "TOT_EST_ET": 0, "CAPACID_EX": 0, "DOBLE_EXCE": 0, "TE_ACTFISI": 0, "TE_ARTES": 0, "TE_CNATUR": 0, "TE_CSOCIAL": 0, "TE_LDSOCIA": 0, "TE_TECNOLO": 0, "TOT_EST_CA": 0, "TMATRIC_GE": 5, "Zona": 2 }, "geometry": { "type": "Point", "coordinates": [ -8276578.403400000184774, 437631.676500000059605 ] } },
{ "type": "Feature", "properties": { "NOMBRE_EST": "COLEGIO GIMNASIO DEL CAMPO JUAN DE LA CRUZ VARELA (IED)", "NOMBRE_SED": "RURAL SAN JOSE", "ORDEN_DE_S": "G", "DIRECCION": "VDA SAN JOSE", "DISCAPACID": null, "TALENTOS_O": null, "GRUPOS_ETN": null, "SECTOR": 2, "NATU_JUR": 9, "CALENDARIO": 1, "GENERO": 5, "COD_LOCA": "20", "ESPECIALID": 13, "CLASE_TIPO": 1, "BILINGUE": 5, "FECHA": "2024-04-30", "DANE12_EST": "211850001473", "DANE12_SED": "211850000825", "DA_HIPOACU": 0, "DA_SORDERA": 0, "DA_LENGUAS": 0, "DA_UCASTEL": 0, "DISCAP_FIS": 0, "DISCAP_FLE": 0, "DISCAP_PCE": 0, "DI_DCOGNIT": 0, "DI_SDOWN": 0, "DIS_MULTIP": 0, "DIS_PSICOS": 0, "DV_BAJAVIS": 0, "DIS_CEGUER": 0, "T_ESPECTRO": 0, "T_VOZ_Y_HA": 0, "SISTEMICA": 0, "SORDOCEGUE": 0, "OTRA": 0, "TOT_EST_MA": 0, "AFRODESCEN": 0, "INDIGENAS": 0, "NEGRITUDES": 0, "PALENQUERO": 0, "RAIZALES": 0, "ROM": 0, "TOT_EST_ET": 0, "CAPACID_EX": 0, "DOBLE_EXCE": 0, "TE_ACTFISI": 0, "TE_ARTES": 0, "TE_CNATUR": 0, "TE_CSOCIAL": 0, "TE_LDSOCIA": 0, "TE_TECNOLO": 0, "TOT_EST_CA": 0, "TMATRIC_GE": 6, "Zona": 2 }, "geometry": { "type": "Point", "coordinates": [ -8281429.2983, 426618.929400000721216 ] } },
{ "type": "Feature", "properties": { "NOMBRE_EST": "COLEGIO GIMNASIO DEL CAMPO JUAN DE LA CRUZ VARELA (IED)", "NOMBRE_SED": "RURAL LAS CHORRERAS", "ORDEN_DE_S": "H", "DIRECCION": "VDA CHORRERAS", "DISCAPACID": null, "TALENTOS_O": null, "GRUPOS_ETN": null, "SECTOR": 2, "NATU_JUR": 9, "CALENDARIO": 1, "GENERO": 5, "COD_LOCA": "20", "ESPECIALID": 13, "CLASE_TIPO": 1, "BILINGUE": 5, "FECHA": "2024-04-30", "DANE12_EST": "211850001473", "DANE12_SED": "211850000906", "DA_HIPOACU": 0, "DA_SORDERA": 0, "DA_LENGUAS": 0, "DA_UCASTEL": 0, "DISCAP_FIS": 0, "DISCAP_FLE": 0, "DISCAP_PCE": 0, "DI_DCOGNIT": 0, "DI_SDOWN": 0, "DIS_MULTIP": 0, "DIS_PSICOS": 0, "DV_BAJAVIS": 0, "DIS_CEGUER": 0, "T_ESPECTRO": 0, "T_VOZ_Y_HA": 0, "SISTEMICA": 0, "SORDOCEGUE": 0, "OTRA": 0, "TOT_EST_MA": 0, "AFRODESCEN": 0, "INDIGENAS": 0, "NEGRITUDES": 0, "PALENQUERO": 0, "RAIZALES": 0, "ROM": 0, "TOT_EST_ET": 0, "CAPACID_EX": 0, "DOBLE_EXCE": 0, "TE_ACTFISI": 0, "TE_ARTES": 0, "TE_CNATUR": 0, "TE_CSOCIAL": 0, "TE_LDSOCIA": 0, "TE_TECNOLO": 0, "TOT_EST_CA": 0, "TMATRIC_GE": 4, "Zona": 2 }, "geometry": { "type": "Point", "coordinates": [ -8271659.353199999779463, 445724.546500001102686 ] } },
{ "type": "Feature", "properties": { "NOMBRE_EST": "COLEGIO GIMNASIO DEL CAMPO JUAN DE LA CRUZ VARELA (IED)", "NOMBRE_SED": "RURAL ERASMO VALENCIA", "ORDEN_DE_S": "I", "DIRECCION": "VDA LAS VEGAS SECTOR LA UNION", "DISCAPACID": "INTELECTUAL-MENTAL/PSICOSOCIAL", "TALENTOS_O": null, "GRUPOS_ETN": "INDIGENAS", "SECTOR": 2, "NATU_JUR": 9, "CALENDARIO": 1, "GENERO": 5, "COD_LOCA": "20", "ESPECIALID": 1, "CLASE_TIPO": 1, "BILINGUE": 5, "FECHA": "2024-04-30", "DANE12_EST": "211850001473", "DANE12_SED": "211850000833", "DA_HIPOACU": 0, "DA_SORDERA": 0, "DA_LENGUAS": 0, "DA_UCASTEL": 0, "DISCAP_FIS": 0, "DISCAP_FLE": 0, "DISCAP_PCE": 0, "DI_DCOGNIT": 2, "DI_SDOWN": 0, "DIS_MULTIP": 0, "DIS_PSICOS": 1, "DV_BAJAVIS": 0, "DIS_CEGUER": 0, "T_ESPECTRO": 0, "T_VOZ_Y_HA": 0, "SISTEMICA": 0, "SORDOCEGUE": 0, "OTRA": 0, "TOT_EST_MA": 3, "AFRODESCEN": 0, "INDIGENAS": 5, "NEGRITUDES": 0, "PALENQUERO": 0, "RAIZALES": 0, "ROM": 0, "TOT_EST_ET": 5, "CAPACID_EX": 0, "DOBLE_EXCE": 0, "TE_ACTFISI": 0, "TE_ARTES": 0, "TE_CNATUR": 0, "TE_CSOCIAL": 0, "TE_LDSOCIA": 0, "TE_TECNOLO": 0, "TOT_EST_CA": 0, "TMATRIC_GE": 97, "Zona": 2 }, "geometry": { "type": "Point", "coordinates": [ -8271087.628499999642372, 449019.89469999819994 ] } },
{ "type": "Feature", "properties": { "NOMBRE_EST": "COLEGIO GIMNASIO DEL CAMPO JUAN DE LA CRUZ VARELA (IED)", "NOMBRE_SED": "RURAL SAN JUAN", "ORDEN_DE_S": "J", "DIRECCION": "VDA SAN JUAN", "DISCAPACID": null, "TALENTOS_O": null, "GRUPOS_ETN": "INDIGENAS", "SECTOR": 2, "NATU_JUR": 9, "CALENDARIO": 1, "GENERO": 5, "COD_LOCA": "20", "ESPECIALID": 13, "CLASE_TIPO": 1, "BILINGUE": 5, "FECHA": "2024-04-30", "DANE12_EST": "211850001473", "DANE12_SED": "211850001091", "DA_HIPOACU": 0, "DA_SORDERA": 0, "DA_LENGUAS": 0, "DA_UCASTEL": 0, "DISCAP_FIS": 0, "DISCAP_FLE": 0, "DISCAP_PCE": 0, "DI_DCOGNIT": 0, "DI_SDOWN": 0, "DIS_MULTIP": 0, "DIS_PSICOS": 0, "DV_BAJAVIS": 0, "DIS_CEGUER": 0, "T_ESPECTRO": 0, "T_VOZ_Y_HA": 0, "SISTEMICA": 0, "SORDOCEGUE": 0, "OTRA": 0, "TOT_EST_MA": 0, "AFRODESCEN": 0, "INDIGENAS": 0, "NEGRITUDES": 0, "PALENQUERO": 0, "RAIZALES": 0, "ROM": 0, "TOT_EST_ET": 0, "CAPACID_EX": 0, "DOBLE_EXCE": 0, "TE_ACTFISI": 0, "TE_ARTES": 0, "TE_CNATUR": 0, "TE_CSOCIAL": 0, "TE_LDSOCIA": 0, "TE_TECNOLO": 0, "TOT_EST_CA": 0, "TMATRIC_GE": 19, "Zona": 2 }, "geometry": { "type": "Point", "coordinates": [ -8272596.63880000077188, 448876.315400000661612 ] } },
{ "type": "Feature", "properties": { "NOMBRE_EST": "COLEGIO GIMNASIO DEL CAMPO JUAN DE LA CRUZ VARELA (IED)", "NOMBRE_SED": "RURAL EL TOLDO", "ORDEN_DE_S": "K", "DIRECCION": "VDA EL TOLDO", "DISCAPACID": null, "TALENTOS_O": null, "GRUPOS_ETN": null, "SECTOR": 2, "NATU_JUR": 9, "CALENDARIO": 1, "GENERO": 5, "COD_LOCA": "20", "ESPECIALID": 13, "CLASE_TIPO": 1, "BILINGUE": 5, "FECHA": "2024-04-30", "DANE12_EST": "211850001473", "DANE12_SED": "211850001040", "DA_HIPOACU": 0, "DA_SORDERA": 0, "DA_LENGUAS": 0, "DA_UCASTEL": 0, "DISCAP_FIS": 0, "DISCAP_FLE": 0, "DISCAP_PCE": 0, "DI_DCOGNIT": 0, "DI_SDOWN": 0, "DIS_MULTIP": 0, "DIS_PSICOS": 0, "DV_BAJAVIS": 0, "DIS_CEGUER": 0, "T_ESPECTRO": 0, "T_VOZ_Y_HA": 0, "SISTEMICA": 0, "SORDOCEGUE": 0, "OTRA": 0, "TOT_EST_MA": 0, "AFRODESCEN": 0, "INDIGENAS": 0, "NEGRITUDES": 0, "PALENQUERO": 0, "RAIZALES": 0, "ROM": 0, "TOT_EST_ET": 0, "CAPACID_EX": 0, "DOBLE_EXCE": 0, "TE_ACTFISI": 0, "TE_ARTES": 0, "TE_CNATUR": 0, "TE_CSOCIAL": 0, "TE_LDSOCIA": 0, "TE_TECNOLO": 0, "TOT_EST_CA": 0, "TMATRIC_GE": 3, "Zona": 2 }, "geometry": { "type": "Point", "coordinates": [ -8273964.75650000013411, 451988.708000000566244 ] } },
{ "type": "Feature", "properties": { "NOMBRE_EST": "COLEGIO GIMNASIO DEL CAMPO JUAN DE LA CRUZ VARELA (IED)", "NOMBRE_SED": "RURAL SAN ANTONIO", "ORDEN_DE_S": "L", "DIRECCION": "VDA SAN ANTONIO", "DISCAPACID": null, "TALENTOS_O": null, "GRUPOS_ETN": null, "SECTOR": 2, "NATU_JUR": 9, "CALENDARIO": 1, "GENERO": 5, "COD_LOCA": "20", "ESPECIALID": 13, "CLASE_TIPO": 1, "BILINGUE": 5, "FECHA": "2024-04-30", "DANE12_EST": "211850001473", "DANE12_SED": "211850001058", "DA_HIPOACU": 0, "DA_SORDERA": 0, "DA_LENGUAS": 0, "DA_UCASTEL": 0, "DISCAP_FIS": 0, "DISCAP_FLE": 0, "DISCAP_PCE": 0, "DI_DCOGNIT": 0, "DI_SDOWN": 0, "DIS_MULTIP": 0, "DIS_PSICOS": 0, "DV_BAJAVIS": 0, "DIS_CEGUER": 0, "T_ESPECTRO": 0, "T_VOZ_Y_HA": 0, "SISTEMICA": 0, "SORDOCEGUE": 0, "OTRA": 0, "TOT_EST_MA": 0, "AFRODESCEN": 0, "INDIGENAS": 0, "NEGRITUDES": 0, "PALENQUERO": 0, "RAIZALES": 0, "ROM": 0, "TOT_EST_ET": 0, "CAPACID_EX": 0, "DOBLE_EXCE": 0, "TE_ACTFISI": 0, "TE_ARTES": 0, "TE_CNATUR": 0, "TE_CSOCIAL": 0, "TE_LDSOCIA": 0, "TE_TECNOLO": 0, "TOT_EST_CA": 0, "TMATRIC_GE": 6, "Zona": 2 }, "geometry": { "type": "Point", "coordinates": [ -8274258.984999999403954, 456150.07039999961853 ] } },
{ "type": "Feature", "properties": { "NOMBRE_EST": "COLEGIO GIMNASIO DEL CAMPO JUAN DE LA CRUZ VARELA (IED)", "NOMBRE_SED": "RURAL SANTO DOMINGO", "ORDEN_DE_S": "M", "DIRECCION": "VDA SANTO DOMINGO", "DISCAPACID": null, "TALENTOS_O": null, "GRUPOS_ETN": null, "SECTOR": 2, "NATU_JUR": 9, "CALENDARIO": 1, "GENERO": 5, "COD_LOCA": "20", "ESPECIALID": 13, "CLASE_TIPO": 1, "BILINGUE": 5, "FECHA": "2024-04-30", "DANE12_EST": "211850001473", "DANE12_SED": "211850000817", "DA_HIPOACU": 0, "DA_SORDERA": 0, "DA_LENGUAS": 0, "DA_UCASTEL": 0, "DISCAP_FIS": 0, "DISCAP_FLE": 0, "DISCAP_PCE": 0, "DI_DCOGNIT": 0, "DI_SDOWN": 0, "DIS_MULTIP": 0, "DIS_PSICOS": 0, "DV_BAJAVIS": 0, "DIS_CEGUER": 0, "T_ESPECTRO": 0, "T_VOZ_Y_HA": 0, "SISTEMICA": 0, "SORDOCEGUE": 0, "OTRA": 0, "TOT_EST_MA": 0, "AFRODESCEN": 0, "INDIGENAS": 0, "NEGRITUDES": 0, "PALENQUERO": 0, "RAIZALES": 0, "ROM": 0, "TOT_EST_ET": 0, "CAPACID_EX": 0, "DOBLE_EXCE": 0, "TE_ACTFISI": 0, "TE_ARTES": 0, "TE_CNATUR": 0, "TE_CSOCIAL": 0, "TE_LDSOCIA": 0, "TE_TECNOLO": 0, "TOT_EST_CA": 0, "TMATRIC_GE": 5, "Zona": 2 }, "geometry": { "type": "Point", "coordinates": [ -8275905.2956000007689, 446613.380899999290705 ] } },
{ "type": "Feature", "properties": { "NOMBRE_EST": "COLEGIO GIMNASIO DEL CAMPO JUAN DE LA CRUZ VARELA (IED)", "NOMBRE_SED": "RURAL EL CAPITOLIO", "ORDEN_DE_S": "N", "DIRECCION": "VDA EL CAPITOLIO", "DISCAPACID": null, "TALENTOS_O": null, "GRUPOS_ETN": null, "SECTOR": 2, "NATU_JUR": 9, "CALENDARIO": 1, "GENERO": 5, "COD_LOCA": "20", "ESPECIALID": 13, "CLASE_TIPO": 1, "BILINGUE": 5, "FECHA": "2024-04-30", "DANE12_EST": "211850001473", "DANE12_SED": "211001030630", "DA_HIPOACU": 0, "DA_SORDERA": 0, "DA_LENGUAS": 0, "DA_UCASTEL": 0, "DISCAP_FIS": 0, "DISCAP_FLE": 0, "DISCAP_PCE": 0, "DI_DCOGNIT": 0, "DI_SDOWN": 0, "DIS_MULTIP": 0, "DIS_PSICOS": 0, "DV_BAJAVIS": 0, "DIS_CEGUER": 0, "T_ESPECTRO": 0, "T_VOZ_Y_HA": 0, "SISTEMICA": 0, "SORDOCEGUE": 0, "OTRA": 0, "TOT_EST_MA": 0, "AFRODESCEN": 0, "INDIGENAS": 0, "NEGRITUDES": 0, "PALENQUERO": 0, "RAIZALES": 0, "ROM": 0, "TOT_EST_ET": 0, "CAPACID_EX": 0, "DOBLE_EXCE": 0, "TE_ACTFISI": 0, "TE_ARTES": 0, "TE_CNATUR": 0, "TE_CSOCIAL": 0, "TE_LDSOCIA": 0, "TE_TECNOLO": 0, "TOT_EST_CA": 0, "TMATRIC_GE": 4, "Zona": 2 }, "geometry": { "type": "Point", "coordinates": [ -8276697.732300000265241, 449170.245200000703335 ] } }
]
}
